60
0.03873196172795149,3.2999732001453424e-10,0.0020909489863998633,3.4341793932573406e-19,9.038579127746112e-12,7.220379115035673e-13,3.7193363060246647e-10,6.419367274050676e-14,0.009085553153886289,0.3955317469109074,2.531963124380864e-5,0.01044187873310459,1.4440967514688952e-11,6.018046134596871e-18,6.470751696236175e-8,9.242006855105208e-14,2.6785595036644797e-19,0.00011314121792569268,1.1986696778001293e-7,2.2753371709279997e-12,3.322702810559223e-10,5.208260389481527e-6,0.00021513339819089484,2.6174003269511085e-8,1.258171239364351e-12,2.974636980651001e-7,7.118278659275085e-14,1.0186673344604893e-10,4.246186867937327e-18,1.035490512875406e-13,2.6996999930066295e-7,5.6585218558778896e-11,7.953562024647226e-5,0.0016141441854751165,1.4539275123405953e-20,2.3322219505046663e-8,0.00020509435960704855,3.101944016985134e-7,2.816049863171842e-5,5.283980651410635e-11,4.490719614422456e-6,2.5065680258860776e-6,9.569416146118404e-16,9.387234365664713e-6,9.346821867821143e-8,1.7456055668382448e-8,4.3093708616048446e-11,2.002328290953526e-5,1.700304097311385e-13,0.0003008018315713584,0.003155854094495931,2.3579034259665826e-9,2.2728449620566872e-12,8.047806747357065e-6,0.04019043626515794,0.319574005341189,9.913384694742736e-11,3.6607386038300165e-8,0.17856529961229484,5.755306692738484e-8
6.296250796166486e-8,0.11510810467569237,0.00014462457097674087,0.0015243291530700582,6.240003770265529e-8,5.1580398728917674e-8,1.3201208655172307e-9,2.5116326328419173e-6,3.029573741592384e-6,4.481145764007836e-8,0.00012843746355525282,4.496788043607374e-9,0.002459161833914055,9.015431179510127e-5,1.675349158369037e-29,0.00986421814668621,7.491682942175434e-5,3.505071080057966e-9,6.3423023519741274e-12,1.558083426864603e-26,0.0012391418334849445,1.853768324808043e-6,1.4100100352146587e-10,2.854842388331042e-19,0.2513859088865364,3.8177685707272374e-10,0.00045704723767537556,0.3773900109784567,1.6257337195177708e-5,0.00023703966174345312,8.054943607898389e-8,4.4120658021895344e-8,4.069901696478673e-13,3.254676159083497e-8,0.0005789718423270676,7.82629273280005e-5,0.008237083663266188,0.10149924632636874,3.7200033427535097e-7,0.0032105445787837124,0.00017317831527270748,5.983259913757541e-11,0.0026130808464995222,0.08505799628657958,0.0010691499929032157,1.2976690461623422e-6,0.005933858002883609,6.707528362303457e-13,5.858624317722507e-7,0.008533445820106015,1.3604128809105406e-14,2.2145046987743055e-8,1.7936792892386058e-6,0.0005471244147972468,4.575398949868891e-7,1.9018618189730976e-10,1.4895265023343836e-7,3.08000018741032e-7,3.482169476902753e-8,0.02233589934410633
6.173398853655241e-7,0.0001995875237784393,0.508670947417294,5.7688738724868864e-6,7.704106319092932e-6,8.737688089434522e-7,9.560902047906048e-17,1.7685353768136422e-5,0.00011932131508055724,0.00015970700592080446,1.478270633949607e-8,8.260904417405647e-5,7.316320612671078e-11,2.889872972293452e-7,2.2237830102189472e-18,2.602487959922441e-10,2.7395322167697692e-8,2.550954393101129e-5,2.013939318607162e-6,1.7289289866874537e-10,2.1963043876888694e-11,2.5936769853444516e-5,0.00023450838556818683,2.5395637388090508e-14,2.3003133186430484e-7,2.261603057599833e-5,9.241233358509774e-6,0.09767042698034732,1.4463595820029546e-10,1.11941532080725e-5,6.121180097971163e-5,7.378578232070403e-7,5.3185624296760845e-9,6.801510550569346e-7,7.987344450015223e-8,7.811552466773235e-10,1.8028389441055672e-13,0.3866658464111167,5.316218572176945e-5,3.1423449375727117e-8,0.00025130042787882605,6.848959151007992e-12,9.21236138793799e-10,0.000951520686466399,1.691549216894638e-7,0.0008180746960506294,0.00037731801398333036,5.1284661105654284e-8,2.92290878070562e-6,0.003271564287322683,6.361601208041847e-11,4.4180464783601086e-5,1.625786650099589e-9,8.421667841263248e-10,0.00023139114788687062,5.050191389478533e-7,1.0509796143457867e-6,1.4234229872186996e-8,1.3453886093492776e-6,1.387878699026809e-9
1.1608284035987958e-12,0.0032964104563432115,8.502009719889572e-10,0.0030552171598760432,8.532120390730312e-10,5.167166669846865e-8,1.3414608300708973e-6,1.1322305488600117e-7,7.635202753090746e-5,9.030531675232524e-14,3.811215514007393e-8,1.2776128757312011e-11,0.008274736661655157,0.0013205412122051124,1.1044101104668634e-12,0.1656283918326813,0.18539801119730132,4.968959004172414e-9,1.8709634221798085e-5,6.241882962806871e-16,0.0009301325494802733,5.443199738993015e-7,5.099951443185396e-13,1.0096756559143623e-11,0.023941435183876716,0.0005196005261085186,2.7959172098431114e-6,0.0011246638569700203,0.04908129035505512,7.794239677276093e-5,1.2344646707777109e-6,3.356163929430083e-6,5.838993855056545e-6,2.1077472417786108e-9,0.05424312546648498,0.00013398959397928237,8.853773782796745e-7,0.00012529996561078534,5.029746298789519e-9,0.0157609943960243,1.727428390923709e-5,1.741356300282921e-6,0.48590528078527323,2.382777066231283e-8,6.467525154990579e-8,4.5820248629475025e-8,1.4807245210263511e-9,3.3741224299526146e-16,1.0601251150427245e-8,3.392007148845941e-6,1.147087836211126e-19,2.199035117320172e-9,0.0010062089283460248,5.493088259355924e-8,1.1029231699521246e-14,1.3619730593835093e-16,4.6445566706143456e-9,7.152574029806272e-6,7.019861434224994e-15,3.568387274682778e-5
9.259986619342788e-17,0.00041911302111030804,9.878228128507973e-6,0.010550450168733657,0.00907785775630649,0.0005940462911028054,2.4439348504474224e-10,0.0012579048576854175,0.0012563200734578756,4.442211245797363e-15,2.4664549011917077e-15,4.237034174542763e-11,2.121357624015593e-9,0.44954584204779885,5.1985619091616474e-8,1.7981263011628228e-7,0.00031522679103018975,1.0668210335405869e-6,1.1103528878892547e-6,2.160263922032584e-6,1.5076998177717812e-7,0.0029882636767509254,7.120227283997671e-9,8.595544562987401e-16,3.102833437719209e-10,2.2109632995458575e-5,0.0124965741148085,0.000615187711826869,7.214548722468334e-5,0.24252546283851614,0.002366240898056532,0.0005763868159139157,4.511625159459315e-8,9.43489465103235e-9,0.0931840526294026,1.53772106267406e-6,8.161662549371735e-10,1.822635317654948e-12,0.0012022077366412786,0.0019145802909302236,0.0022576251837228157,2.9375117033046356e-8,3.775258440253004e-6,9.264187797747703e-15,1.867321383169335e-5,1.286134462671069e-6,1.540178612545202e-5,1.6655575051445768e-9,0.02895306536330173,0.010342680287098796,1.2926537732250836e-11,9.344053928938711e-5,0.06695123830954061,6.171481165418631e-15,1.459859425086725e-17,4.6500373184327386e-17,0.06036329269598728,3.3161606109397375e-6,1.3799681327769895e-15,1.0636887876797453e-11
2.3589253705378003e-17,4.837229682688018e-5,1.1731401622691545e-6,0.05655135867495067,0.002931271200182668,0.005548577840041232,1.6618968247754017e-7,0.007834911045251606,1.1791710912633852e-5,5.171393465496037e-16,6.050843734669609e-16,9.765682425266992e-14,6.05419843749037e-10,0.44649027521497925,6.433380707920718e-6,5.705838151030157e-8,0.007207559202860011,6.642379892845881e-7,0.00625875251776272,0.00021175628966194472,3.946253486249664e-8,0.00010204711435343172,1.1594323840796987e-9,3.3248701454550867e-15,3.688337219371124e-8,0.005685821909895101,0.017050151572695713,6.62300894773551e-5,0.00042595164863448964,0.1110939065519715,4.598844449464188e-9,0.00680005812592135,0.0050269336077461675,4.5892335185872556e-11,0.2792589350234843,5.394672005222851e-6,1.9016925443279247e-7,0.0010444429750710688,1.7336919608860189e-9,3.8817091730831526e-5,0.0005693282347677654,3.697672270834939e-5,2.3593630462343014e-6,7.764139491489487e-12,6.000680525672903e-8,1.1939728115936177e-6,0.0035691184250204594,3.9676377614400903e-10,0.029498814659998467,6.975414125857596e-5,1.6030047949718642e-16,7.636632050328548e-6,0.004382477503083416,9.32990060392645e-16,6.47737166073296e-15,1.392404408893685e-17,0.0010685346548553287,0.0010916602347198264,1.2013598505479737e-14,2.44260457483449e-12
0.007802237890808086,2.704635664402577e-6,4.969280881953666e-15,0.00284786203971501,4.1967704722445804e-10,0.0006926890331439649,0.24232706283718494,0.00014130885582547313,1.686320891327885e-5,3.879399391649456e-7,4.494588463369554e-5,1.873467804452618e-8,7.469960010469436e-10,0.00018566454186020698,0.002530261083386696,3.3298293426185786e-11,1.8424449896336292e-5,0.13604811768416505,0.00014053389483567299,0.008961095875540807,4.489961693608843e-10,0.07210604519287259,0.008392185867137086,4.686956929236803e-8,0.000613169254434569,1.1353715628465594e-5,5.01796628621914e-11,3.195985751532936e-9,9.737206841115977e-5,4.851634111371375e-9,0.014602919147714433,0.023360331091611813,0.00015145433072680456,0.0015390982490334603,0.0001680668700296388,1.2723819702812326e-5,0.3701350709016368,2.7069416079950943e-33,1.8669330001716326e-8,9.059581180146764e-10,4.7112335073912447e-7,0.06357299309319979,2.661643490917387e-8,1.1610885403613435e-6,0.021332748757388748,3.1178042487130397e-6,5.4792818124145173e-8,8.155309378960841e-8,0.004416606795174263,1.0556474094477284e-5,1.5245078939344697e-6,2.6286557881681403e-6,5.027493569268157e-12,0.00037066425633943914,1.5998138015158548e-6,8.144820749586742e-6,0.01705261441959522,6.60234927206233e-5,0.000201689060358502,7.2475786218252855e-6
1.7501152710596488e-13,0.0064574786038637715,2.012022357035924e-5,0.22293837793892937,1.737803660819399e-5,0.0009315433557339905,2.179740718098606e-7,0.0023871019718117443,7.206364812687874e-5,2.1154106371058364e-11,2.245041229904867e-11,1.1131992564132972e-9,3.492344170867803e-7,0.2710587701856899,7.601364874859618e-13,1.2752142689650642e-5,0.017217700319721325,3.468977562336778e-8,3.9152003965821406e-5,1.0382175350441194e-11,2.003488581441286e-6,0.018705486221884855,1.4452265341563248e-8,1.9805436230434256e-16,1.096377863954437e-5,7.27730148635122e-7,0.00046359376699826155,0.015496905442432951,0.003491152014530393,0.0058737307504774915,2.0344625273924226e-7,0.0001905570760544245,2.088265847899726e-5,1.5333024763527919e-9,0.4216216690676675,8.471920781187454e-6,6.136995464690787e-5,0.008430299620037572,7.347218751672199e-9,0.00013719445978685625,0.0005653360892690798,2.7575590631549023e-7,7.928413450556418e-5,7.81788154755317e-9,2.9957927684685603e-7,2.758491225952036e-6,0.00010157128819896726,3.102880335616635e-11,0.0020691959990211954,0.0003311663406509589,2.9009625476447676e-14,3.283022336324185e-6,0.0011151468528175423,5.429007694821258e-12,3.579365486735131e-13,3.039143038261088e-16,5.6955679228964576e-5,6.426232957426394e-6,9.171790671492176e-16,1.6452594169473222e-8
9.436783040041167e-13,3.936075818750288e-9,2.068487762396366e-22,4.834692281492287e-9,1.737598739497313e-11,3.108024562525913e-8,0.3182996469467435,2.3079557778865782e-10,0.11815332889661649,1.3262895320068704e-7,8.874880254641655e-11,0.008284230971852314,3.4522662365385206e-6,6.703671160535976e-10,1.2346154747868252e-9,5.12107139912375e-16,4.5887640348758283e-8,6.020104039088947e-9,0.00015481899638007725,0.01648446901626561,1.2660161092123847e-9,3.860799305386508e-6,1.137886481184064e-8,0.19261392338674782,5.552797047522876e-17,0.04143734502113273,1.3563012085304115e-9,4.978747116391848e-9,2.0055758076757583e-15,3.399402639111802e-9,5.987563581158468e-8,0.03980477259680085,0.010447459552394523,2.1102872868272093e-9,1.7636484099240314e-8,0.0014492059812136503,0.0007658104371697689,2.105961973155688e-49,0.1334282651486671,3.8066108667495925e-12,1.723885086811628e-5,0.0011602494066900802,9.050418476591684e-15,5.990474924701219e-17,1.0322052151268947e-6,5.273675625138009e-8,1.4498653953538147e-9,1.970334875706448e-14,4.949432933175842e-12,3.5375830687978105e-7,0.11693299264551374,5.079840293739402e-7,5.966875320062046e-9,4.4312207696187026e-7,9.826060025797086e-17,7.134147120642693e-17,0.0003298099416258065,0.00022634688359812803,9.445134851622289e-14,4.6389873175170724e-8
6.034836649975095e-5,4.3562778107542693e-10,0.0010681424013015276,9.152086340173505e-11,2.048103578011876e-6,1.0029992564541698e-6,6.733628764945703e-24,2.1518086824839386e-7,0.0011815777423424421,0.00036997064794416323,9.534726771986588e-12,0.0006413921758408768,5.713831912272102e-17,1.9009601870409803e-10,1.9664340637506544e-5,5.426835779563493e-19,1.7390147756366498e-14,0.00030438999567828886,1.7673101038034847e-5,7.99962945019321e-6,1.646147078856086e-13,1.770006239129097e-7,0.8692394248882018,6.30119134067497e-11,1.997379763394211e-15,2.6364689914222666e-7,1.2504785770054458e-10,2.3181355534212825e-9,5.631798319954755e-19,1.2231353148780786e-9,1.2525831969566635e-6,1.9989064553859192e-7,8.963101461715984e-14,6.93290116586075e-6,7.557954323622359e-13,2.4716610723539135e-14,1.46996546556167e-11,0.015471492559343087,0.0006836837119086322,4.1398564253246154e-14,1.9182542760688163e-5,1.1447293872311563e-13,6.207279180280662e-18,6.596878534831285e-7,6.7241622571273376e-6,4.1606530800754005e-5,1.7782533084219396e-9,0.10959131866304517,1.939572592769333e-6,0.0009423967182968683,1.0476506493088306e-7,0.0002545077785701417,1.7896519733345485e-12,1.3515854479734534e-11,4.124305214974846e-9,5.5212639683381365e-5,9.885850575328585e-8,1.501598087729668e-8,8.370807914296056e-6,3.69581304166857e-13
0.48175019644951306,3.5880871670638724e-6,0.003049958753594441,6.333520260040709e-15,4.238186820248735e-13,1.9101154104760931e-13,9.874490156659046e-7,4.5229465693253154e-13,9.548147612504404e-5,0.0178185612244699,0.02908709438688252,0.0006000722999031179,8.1234635440173e-6,2.4306364471067014e-15,0.0004896861175388822,8.726629771401209e-8,8.365429717765547e-14,1.6049275571123532e-5,2.2528975048163597e-6,1.6897085472082897e-8,5.951187838025071e-6,5.254767613775411e-6,5.9493689041148536e-8,6.2372787570833984e-9,3.5525436999470596e-5,2.71622740404511e-5,5.212419615633493e-13,1.295460272975808e-6,1.73648187042689e-12,2.3197120185127698e-12,5.4451299328400446e-8,1.2416745165091282e-6,0.0006167591911003676,0.0038023585972186114,3.6048342341330274e-16,0.0007644501844494019,0.010214634661708018,0.0037901732388246987,9.335301324166856e-5,6.799519080743843e-8,0.00011786252990910914,0.000545648273318168,1.0793699030982636e-9,0.01577397427746294,2.4644922974662266e-6,1.7094599875076322e-8,1.4592779908405617e-12,9.256135285712869e-8,1.1245205038880043e-13,0.013774359492006798,0.00020970491713523612,2.566048713115075e-9,3.2108939371305816e-9,0.05373938757192724,0.35574516536773726,0.0002091426561411137,5.834491618537312e-8,3.8113235125962956e-5,0.007505543566154863,5.795484679847578e-5
2.2136973474587052e-5,2.1181583798847412e-7,0.0002848410223293033,5.3717167096091184e-8,0.00023367326296211928,0.0002729727317131064,4.2413897150095454e-27,0.00012838159215731066,0.0003741270101510563,3.562579467537879e-6,4.0424917547255275e-14,2.6730228955344242e-6,6.574792732567573e-18,2.0559576534787382e-7,1.2811713352790956e-12,1.4668778492540633e-16,9.44327600496065e-10,0.004148065455265389,0.05150286059641196,2.6697959392247652e-8,5.20060935977467e-14,0.0002281102756966894,0.8269927813101702,1.5201630532850441e-16,3.6588645505222085e-12,2.404546400623192e-8,6.217902649080028e-8,3.3248392461157066e-6,3.150960333577049e-14,7.89048702695019e-9,9.887260605044893e-5,6.864728088652863e-5,5.1913297563107273e-8,2.9826142885831867e-7,9.947270331975242e-9,1.3760919951756965e-12,7.810664726682447e-12,0.0006599483546904763,0.001518467514425341,6.640609455672468e-13,0.01059700198530912,8.449936619351234e-12,8.100895094039101e-14,3.773625601453429e-9,6.241117598069745e-6,0.017687440370812282,2.0928406395766153e-10,0.0355901979322887,0.0008035637914450535,0.046435302150206734,3.1397008097396133e-7,0.00226996424421815,6.412143339346242e-12,5.375956370939478e-15,1.122878826109167e-11,1.5781262951856208e-8,6.0888389688078054e-5,4.666699895164985e-6,1.0716335220603366e-10,4.2156554433175904e-15
0.006575906131412838,2.49407851772586e-5,1.1082006228860155e-6,3.777998551713619e-15,1.451421378597887e-17,1.1186902788974024e-20,3.4384539339802143e-7,5.527714514945964e-19,1.9582593401595553e-7,1.659150677118264e-9,0.03102220231960848,1.1058506045560904e-7,0.0018804493108508145,7.600023318937269e-17,2.3706262502337908e-6,2.003805042995108e-5,9.54584707150338e-13,1.614551420107737e-7,3.598081311912994e-5,0.001730689597000961,4.4325812240461095e-5,2.4764110023333605e-8,9.362546847745877e-16,2.4904048036577356e-12,0.0003408798672568637,1.4560641030756966e-8,4.0656154824319215e-13,8.859730805872257e-6,1.648066102566889e-11,1.567784725001179e-15,2.950269190002961e-14,2.560232996196801e-6,0.0006160331164334731,0.0019848898211478386,1.692388400686424e-13,0.020516050615991294,0.0005874603337636304,8.589874201731751e-20,3.13391811700112e-9,4.133273980734137e-6,0.0014635971497594781,0.0011363237456376853,1.734578852349489e-8,0.0001220402271428888,1.1364515080821758e-7,1.1544112220532065e-12,9.792885018291152e-15,1.0981290420584575e-15,1.8990061378898933e-19,0.00034726759571977045,7.588096777849319e-7,2.950815370975864e-13,5.80693357325775e-9,0.9277867652766025,0.00010483169894041868,9.487023106279035e-9,5.0862517003299524e-9,8.54476990023645e-5,2.079627623841168e-6,0.00355100230830907
3.3392365325401424e-17,0.005682389967341212,7.85410676295586e-10,0.0079770959712744,3.118531015816384e-10,7.593790952184847e-9,4.0351063894776556e-10,8.683890240659031e-8,0.00010908634343515292,2.0050352487001624e-16,6.248028043941294e-12,1.2323625876679668e-12,0.0019234301661437442,0.00021555306549332992,2.7785010624807795e-14,0.1511767092593649,0.21915066862165947,4.240392021917121e-7,0.0007708615948612632,3.795901574355016e-15,4.0238623043739834e-5,4.7371874256396834e-5,1.575178220564868e-14,6.173978191861415e-11,0.003054593271302165,0.0003514094453647362,6.591539845194688e-7,5.125193819246869e-5,0.18125588938134665,5.6078840348509855e-5,2.268592043989614e-8,6.466931519751304e-5,2.144853500389032e-8,4.027600948810516e-8,0.3275032697136161,5.830385217091025e-6,8.465731112976141e-9,5.0403252154343634e-5,1.4649516512723671e-5,0.010708138542673796,0.00026201006700774567,1.1975794670722442e-6,0.07944307037421819,3.5244904574268782e-12,1.743224329043832e-7,8.289066032754364e-10,9.34502831786208e-10,2.342658804898381e-18,3.5647109572288507e-8,0.00910624715973135,1.389104939889628e-16,8.594060414711604e-9,0.0008309186053875862,2.9840112496268136e-9,5.921463758898672e-19,1.9408497952077023e-21,3.6523610696130237e-6,0.0001413321818374395,3.494274210692371e-17,4.871958149143613e-7
2.0227537006180756e-10,1.4528980784545198e-16,1.3408778390708254e-25,1.282071048554086e-7,1.3376088719179702e-16,1.6127050030662135e-8,0.022780692044572587,2.8660722749422857e-11,6.954815490008272e-11,7.50612028064736e-6,5.701404254345438e-17,0.0012053097855010085,3.1618180191180554e-31,7.279473540938055e-10,0.6938731270173508,4.702366755535418e-19,1.1436065031653946e-7,2.705059404159072e-5,0.021150549605542503,0.02692109635505957,1.6937122512476538e-27,0.014141743248816082,0.00913034499656764,1.5636018403315095e-16,1.5051439412744292e-18,0.03640645549741119,1.988302887668206e-21,9.128431576935166e-18,0.005342532728966066,2.4400270141312295e-16,0.01226068285370469,3.5911970018359716e-13,9.78124819179934e-10,2.3751132739308743e-10,2.4796146264748905e-7,9.970925849316096e-17,0.004273745845753161,1.5098236321179856e-74,3.482844903424861e-14,1.0364920117682746e-25,2.883889533786388e-10,3.3049845260361733e-10,9.681349650328686e-10,1.78662296438932e-22,0.05508104026131926,3.396957322754289e-7,1.2783069424651288e-13,4.555791563283454e-13,5.556781532130096e-10,0.09733634829309312,1.6818135842334826e-11,1.0495111394946341e-9,2.20193909542634e-25,8.422787554844527e-18,3.54279498699763e-13,5.927618949442606e-14,6.0922927435845275e-5,3.787131519299848e-17,1.8094656038004133e-11,8.302842822126899e-24
9.401529590605319e-6,1.4865383529803782e-6,1.636824943084521e-7,1.203693875515752e-10,3.117508466951493e-14,8.573800635575683e-14,8.791483284168812e-8,3.074103494822783e-13,0.0002687076926916313,3.2128421066197253e-6,0.001248249444357595,0.00046843132365678253,0.34031905725177564,5.961408943781833e-12,5.602560329635719e-16,0.0025300301431114523,1.9178099807739198e-8,1.099513836157814e-8,0.00035336581090769935,4.190766711433655e-11,0.001265268264825317,3.948451850115711e-10,3.3235094832013513e-10,5.717416714621509e-8,0.0010975538808175634,5.1753360604877424e-5,1.0654760391800372e-9,0.0004159642999320689,1.3217999099946296e-7,5.020113646440671e-11,1.2836083499861177e-5,1.1015699840206887e-6,0.003898649449848778,1.1423746783305942e-5,2.909695394997758e-10,0.003150832129573585,0.00019631679738427263,3.069547967963751e-14,7.928839517279048e-9,0.0011728199661892931,5.384139883916663e-5,7.67445160758905e-6,1.8084554315954823e-5,0.0030532273179851546,4.1326978309282145e-6,2.9874877714680584e-9,3.5657134675862113e-11,7.340775248120196e-15,3.8499650374385345e-15,3.2827444695989177e-6,1.7915809623808477e-12,1.9968332442045827e-12,1.629383290974687e-6,0.6198063482107676,4.684115144520579e-6,6.943589693044729e-10,3.7462764833527426e-9,0.0012209819499216605,2.2426625715078054e-9,0.019349159983490495
4.700211304799903e-10,0.0005138292688268312,1.875849537327393e-9,5.359852733328937e-9,2.2492870890728185e-14,1.0130025179640361e-12,0.0012432584811121197,4.1032211479101215e-12,0.017064438536746367,8.658443386331715e-10,0.0004977443713831912,1.1828990810826887e-6,0.19804628259060555,3.877897967131984e-9,6.778610130896501e-15,0.41667572954284343,8.86324902723953e-6,2.1355970562887623e-7,0.0357368808429795,2.1684082022660797e-12,0.03586867195889518,1.2176035883180007e-9,6.778445640087068e-13,1.0968975455073443e-8,0.09503296226399317,0.003107269921945655,1.70678710435062e-8,9.86678426222258e-7,1.9527972312109896e-5,3.110892582926482e-9,3.2119085318017263e-6,2.322231021238875e-5,2.204365158734714e-5,9.697998997942708e-7,4.0065139956320483e-7,0.011507199670278313,0.0017326214051028462,4.67215285905372e-10,6.723413445549975e-7,0.08829009261313413,6.195770495597378e-6,5.672822871020934e-5,0.012631271419074015,1.1781062876544752e-5,0.004742640079967879,4.625970434808718e-10,7.773016259436107e-11,2.1192643458599966e-16,3.2214999953573675e-13,1.5175891018446172e-7,6.584516025203194e-16,4.877197253456759e-12,0.0003387776116689414,0.001351303638168677,6.183482923154403e-12,1.5623132228260494e-15,2.057838366895042e-6,0.06667028920325997,6.083582550009697e-12,0.008790481051315826
2.27268661012856e-8,1.8701798506669856e-8,1.454953245085154e-10,0.0003894368562595841,0.08380581922749306,0.001551979864384146,2.6956578015005143e-5,3.284350657359846e-5,0.01885567204798139,1.1423175900947556e-5,1.624460258144009e-8,8.41021228485172e-6,7.694055073259607e-8,0.0014824851808953581,5.252523793251247e-5,4.107386207457978e-14,5.546569307878382e-8,0.42104554059056026,1.1297191771700022e-6,0.009514353504338307,2.9470639664433228e-9,8.875996754877635e-6,0.0039968557937707615,5.085982607678186e-11,7.637341143950985e-15,2.106148695914288e-6,0.0001259633021214314,2.203688616878049e-10,2.5349141055589928e-8,0.0010198797171388774,0.0014291206078725237,0.009666656527862581,0.005459102231956331,1.1097759641711016e-5,0.0004378483890818991,0.00042993117872642736,0.005513835025041711,3.489848607421734e-42,4.765660294529313e-10,4.290658399258406e-5,2.987120046329621e-7,0.010249815839067148,8.249910620749739e-11,2.0649994466158763e-9,0.1908191494274535,5.736247017653123e-5,6.599280351848115e-5,0.005382069336063266,0.0007743156867064795,2.9820398126469423e-5,4.156910142193576e-8,8.346436852698142e-5,0.0006334552120496933,3.317253626478683e-8,8.941698453457146e-9,1.6566733990926984e-6,0.21560268889326775,0.011375158431949608,1.6742428338080746e-6,1.744051339827767e-8
1.8942903587394344e-10,3.4395812502076703e-10,3.9703160293522475e-13,4.9339378942777134e-12,4.3587964746445486e-5,1.1410486205528023e-13,1.4590072701985519e-7,5.987017700396378e-15,0.008397701839938737,4.894480361371466e-7,2.5450931028264574e-12,2.1285610194953388e-10,1.383805327090184e-12,1.1734412817759671e-12,2.6366507328534043e-5,2.221496084814553e-15,1.6010140289254427e-13,0.0010848926293718475,1.2916231795713452e-5,0.01641112796427606,9.5680442938059e-10,0.015658356325591753,4.301497395367587e-12,4.123130603107794e-7,1.4277326920781372e-14,0.7637651145533279,0.010711476009394894,7.53460606624735e-8,4.269584141103332e-15,5.2208919856372605e-6,0.04439642195095155,0.0007019679322202243,4.320466170960093e-7,1.4056899736466435e-5,3.8364541329189263e-11,7.531960600544501e-8,4.78109207790823e-7,1.5060933943511306e-6,0.000632476241951915,1.2728503446177253e-8,0.027737301820263672,6.79608381517311e-8,3.435627473577444e-13,3.475301905402758e-10,0.00011273430125135707,1.0387424022487301e-10,0.001883896114845307,7.390045920189934e-6,8.749073655363356e-14,0.02428492167769671,0.08390289590535828,1.3957524934255459e-12,2.259728794122935e-5,2.75322819890125e-12,7.395549265011584e-10,2.7856005384746697e-5,7.73760717549129e-5,6.000698484228434e-5,1.7641599738080524e-5,2.4347439936729463e-11
4.889534711806929e-9,8.706614144557031e-13,9.83947802749254e-12,8.059513164667946e-15,2.1944268404749294e-30,1.2284495582181181e-6,0.00808135647671542,2.6581434770630384e-7,7.64401593609604e-12,1.3001553626839264e-8,4.991868767124734e-5,0.005622515262686093,0.0007708874968417669,7.036547062134969e-15,0.021821444517429924,5.6242875030948166e-5,6.923646888042341e-20,4.5421672142549484e-15,5.940453561608946e-40,0.5035749163165177,9.876191298453402e-9,6.052958592334716e-28,0.0027183875711921076,0.4467204510769904,5.109630450624388e-10,5.102255717377394e-11,1.0270856824636735e-37,0.005034709771346972,4.3743176671674354e-12,7.605794452122352e-27,8.768174891165588e-27,2.2723099095095887e-16,3.936661327698837e-7,3.4413244339056917e-10,3.5054507171476033e-20,3.4729798736761284e-8,5.479046394488148e-7,4.1950214893193454e-86,5.952823468955657e-34,5.616923262384277e-11,4.3197218217046825e-25,2.8958167186307657e-10,3.9583526511441733e-10,3.770685992510371e-8,2.1491535387044412e-12,5.37727081362983e-10,3.6752800695801605e-31,1.741566478504397e-31,1.288850123879268e-7,4.571856894317281e-11,1.8180978775970846e-21,1.2263367653974853e-10,1.408048365944405e-22,0.0048619096665315775,4.658299165839593e-11,2.5053268247902645e-19,1.4288536730504106e-12,2.239210744760259e-13,5.514883140643348e-16,0.0006845929304998473
0.009842048632192327,0.0014453022045339012,6.552896857242007e-7,7.120763174796356e-10,7.505210753779499e-15,2.346458156465981e-15,5.6956855857515275e-6,2.087659337386971e-13,0.00011911556943555452,3.440254310698601e-8,0.016317188522355208,1.2061869428102415e-7,0.06153007362308803,1.4990291678291215e-11,1.3848912188219968e-6,0.00709670576880338,3.734040708268471e-9,2.1805069792104654e-6,0.004350024618860713,5.1260746814576584e-5,0.008383373825403434,1.5544081375025025e-8,2.1327435762199812e-12,6.8523384456928594e-12,0.021270872674203932,8.701820930024607e-6,2.6952137148566608e-11,0.0004238679263854639,2.358419302587753e-6,5.206121520642511e-12,3.04304116358747e-10,9.244182003498957e-5,0.005269471089869656,0.0010959792058845546,2.3719801041892694e-8,0.1128548909622666,0.004189158312268339,1.1195693786983827e-19,7.208765552453192e-7,0.019320858398076304,0.0038028023393572147,3.2029749892834495e-5,0.00011042364766612656,0.007440752730984919,5.484963272596808e-6,1.1632468969292543e-10,1.0145127500323068e-11,7.792861151230714e-14,4.6915844908905265e-15,0.008218468346872055,2.266482634390947e-6,2.3477966583348022e-11,8.577085818390926e-6,0.5490346040200316,3.385710901119076e-5,3.35411491338888e-8,1.2368670108845613e-6,0.0013841045778909024,6.19347244790467e-8,0.15625076597102552
1.1440305090733889e-7,1.0976510030281793e-11,3.8441221634773754e-13,1.3940273276085967e-8,1.2273012067245305e-7,3.7842180315410786e-11,2.2699872168931359e-7,3.5721104655565597e-9,4.676766658327172e-5,2.1559310773651373e-10,2.159118562389351e-8,7.816925384375919e-10,1.7418909990042313e-9,6.660302963437582e-9,2.797472831078999e-8,1.1521316143253438e-12,7.385221731117897e-12,0.0004970283905851104,0.0880455484867735,0.00501927001602163,6.426628008859864e-8,0.03428234477362999,1.0126997876954166e-14,3.7715736742729264e-8,8.428309981459972e-12,0.0008303578115832351,4.314452606617185e-5,2.6311834231231905e-10,4.689121014890941e-10,8.939514802472097e-8,0.3546256233640204,0.010414791128827556,2.5520202423351713e-7,4.028875146883586e-6,3.1503080733722147e-9,1.8995696393252243e-6,5.270865522823173e-5,9.176687221344884e-27,0.026104001442134525,5.989154295582588e-7,0.1749682387506477,2.1425430361839155e-6,1.5714832699863949e-10,7.846958790375709e-8,0.0038238692378256946,2.919595612560974e-10,0.03373283855862682,1.1980020730456721e-8,7.47417835448558e-11,0.2073347675510633,0.00024899405949543483,4.018107223457186e-12,3.3118725109147757e-7,1.1236958819235261e-8,4.960802336198022e-9,1.3499642162316212e-10,0.059862420662217516,5.708072590888763e-5,3.435056430595623e-8,7.030408261078722e-8
1.1516685782014391e-11,1.2997428353722535e-8,0.00029684426895149106,2.2504213968697927e-5,0.19096476838514045,0.2926177028821922,2.202617749332851e-30,0.015625682732991444,9.074659392163151e-7,2.1960885751525585e-9,5.827181654175238e-20,1.3591352245488156e-8,3.4210177526710594e-19,0.00015470274949216462,2.2059840078525077e-15,5.4351452200949055e-15,2.3361592154931855e-8,5.708640613187259e-6,9.35685364776784e-5,5.228187143968382e-9,7.67742831497253e-16,0.0020054790028581526,0.02177710035194466,2.8498663659101266e-18,7.845638695494485e-15,3.855964332386984e-14,2.3500648005757373e-7,3.350632450481249e-5,1.586723899686463e-10,0.00031815299504909633,6.025436601274335e-7,5.250724564755689e-6,4.2575518091578835e-15,1.3940767165030538e-10,1.7731002844655412e-6,3.364213374502043e-15,1.740293832250699e-20,0.006915142149649842,1.094830122124628e-7,1.5016780885999748e-11,0.004223528519190014,7.605935356813887e-17,1.3144270656579407e-12,2.6806935293853457e-12,2.7573334456885977e-8,0.010226010196817053,4.419761306872668e-6,0.008257319660669024,0.34424680995822227,1.4475671433479412e-5,3.3892056451118857e-7,0.10205994262146025,1.2081580963920914e-8,2.9080988038749424e-20,1.9038362490835953e-15,4.813447158543683e-13,0.00012730930109849193,6.472723606990338e-9,2.1318089424245054e-14,1.5229770862569578e-18
7.705460598275003e-7,7.840158791515035e-9,7.776266093209704e-13,0.0007026273814739367,0.00679100475635631,0.0017244672949752046,0.42793897917265566,0.018966759103952898,2.650600721727123e-5,0.0010206261851176356,0.00023360263263231027,9.189960378170959e-7,1.1221340172641882e-6,4.4004353013226406e-5,0.13806157232129362,0.016147126910267588,6.187524636913978e-7,2.3517572887430653e-6,1.1900864619461584e-10,6.60110887519304e-13,1.2146019879316055e-6,0.013366348149675758,8.199605304410773e-8,7.980330036856088e-5,9.551388560775892e-7,3.184932194874126e-8,1.106303913541303e-6,0.0027094072274286038,0.002679586904599779,1.5478103314109207e-5,5.733237488800542e-11,0.07924175579524612,0.0005974244950760798,3.648852189471131e-5,4.0175119213862856e-5,1.936574099851518e-5,0.013115800819998406,4.815281303145322e-67,1.496498537275778e-8,7.988699512297851e-9,2.6928169748535194e-7,0.018217199403409157,0.0007131378225519836,0.005298131355288812,5.8705165049896255e-6,0.00026881362121595234,0.0005023650757142765,3.398811507349454e-8,0.00036882916305815643,0.07459450948192978,1.693474986568763e-7,4.842586942530428e-9,8.374483985561662e-9,0.000336716680692702,0.008031494701787278,0.00026385565458278426,0.1667401253282867,0.0005537269851389132,0.0004149353983655332,0.00012168963269842354
1.848226577275693e-5,0.00012946629799318488,5.047480033094523e-6,1.033357151485345e-8,1.5676824032746566e-12,5.078075592783654e-14,1.3073341249199713e-5,7.224366720958548e-12,0.006678196684985684,2.7037583028163017e-6,0.06308270756115883,4.703631262517003e-5,0.09209657061722035,3.292315567146913e-11,1.4771112389939708e-17,0.009294780639187655,3.359400587665363e-8,1.6103575606312642e-8,6.264557695962386e-5,3.3274362434002777e-18,0.0019462923823314953,4.5171396485926454e-10,1.4982740417870727e-9,3.4260410118621803e-7,0.06410851575030709,0.01490353152207399,1.3654854897531667e-8,0.00138186754135077,2.432991346993862e-7,8.109007778055619e-11,9.422326891806408e-6,1.6823559009093e-6,0.00027329993437593926,1.7765787570544564e-5,1.5726650170678777e-8,0.011440880681815382,0.0006337811555901042,1.64284143017645e-11,5.445195338214867e-7,0.00022881612868881347,0.00037185445773653885,1.4445080991099057e-7,0.00040468441863475456,0.5537916080093594,3.6524682084720113e-6,2.159231470571373e-10,3.693923197168912e-9,5.952026573534209e-15,2.685078772056972e-13,5.065020950959285e-7,5.398729776156854e-13,1.832057673668884e-12,1.4390985666408522e-6,0.12607823902727774,9.64812926955784e-6,5.794706435832004e-11,7.938181758040108e-8,0.0007228149338628223,8.544664482316899e-8,0.052237451678191216
3.6573768605357435e-6,2.3479435865847737e-8,3.2662916732609867e-16,0.01484446475833791,0.006185333510918746,0.0006882264043836131,0.058511418842003525,0.0028325240423389907,0.00013083337508778658,2.73997054051633e-12,7.001950112728884e-5,1.0485320654587084e-5,2.6047432891369144e-5,0.0044811241832259634,0.06023325777984737,3.2675026533351825e-5,1.2924067524872147e-5,0.01580852119399136,1.0800328098967988e-14,0.2611866096146771,1.4888922788199315e-7,7.090405022985412e-7,8.057832874767837e-11,0.09923440211989153,6.35706733073927e-8,0.1395614858675245,0.00048288182006718495,3.33088280318112e-5,0.004284275464587539,0.0017990875201631129,0.043088668385874135,0.004462609891374798,8.677811215100621e-7,7.646536336857577e-5,0.0014605228804273008,8.845210432618386e-12,0.00012570672571928358,8.92652933245666e-36,0.008651476279994623,3.7354979269838185e-11,5.340815466526109e-8,1.95156245635353e-6,0.00032480705908931296,1.213698922050089e-12,0.00027176987242162387,0.0003638570773135389,2.2549687714491649e-7,4.3955268483652695e-10,0.0008731117298009302,1.0177545779881284e-7,0.1990771136943451,3.786993645646974e-8,1.0537921882135496e-11,0.013133728807601212,6.311923743686004e-11,9.767159311223771e-11,0.05762937826992258,2.756185122080785e-8,1.5526983378101527e-7,2.853464923805795e-6
4.2748402164273795e-13,0.008186962311941149,2.0017577708682055e-7,0.021143959052000588,1.0170857510719875e-8,3.124627986658473e-8,1.0735129738270613e-7,3.3353576714565e-7,0.0005030391926993163,2.831635083081116e-10,9.418598903280712e-9,6.883228838072146e-7,0.003188533404370746,0.0010622812009406248,4.234656639078907e-7,0.00018162310411787167,0.003481501207675966,2.9663734825649534e-6,0.0034156222996424993,0.007006066137552393,0.003925317340338343,7.5337654936817665e-6,1.3946213457416705e-12,1.4921381292240898e-11,0.0035118470424862483,0.0003658306944538059,0.0003730170888992325,0.00021517112475486475,0.17573357942840362,0.00020284074283186753,0.0005700728751231971,0.04239487434198471,0.0020864674679273083,8.021619304223073e-7,0.09699832848114598,0.03104345034310527,4.860211713988161e-7,3.031520492104928e-21,0.003885750505212684,0.4540545669410916,0.034413721064997516,0.000174760411809645,0.0308976414905796,9.585347762967993e-11,1.2884390635955331e-6,5.865007272454517e-9,5.392614237318522e-7,1.9111994855598523e-14,5.214090129818192e-7,9.36716573372925e-5,1.0911898126816111e-7,3.929535766750266e-9,0.030693140502090217,4.931743176230875e-8,1.6183624568175895e-13,2.534230355217407e-15,0.0007781625182288998,0.03936337401127731,1.175595351529055e-13,3.871626925822513e-5
1.2041727711363432e-8,0.020344820092175142,0.09263566352469808,6.349603480730299e-7,1.4802500104431188e-5,7.557999948995977e-8,1.0347331646368567e-7,7.272122854307385e-7,0.002986204281793416,9.53951405905362e-6,8.760147949565683e-7,0.00034030738850213143,5.981461625479621e-7,2.2020444881581955e-6,5.917838542332505e-18,5.713210976007815e-6,3.346313580526273e-5,9.857292234829596e-6,0.004143937088459594,2.4753718441791883e-19,5.264843678932871e-6,0.0002334222644846938,4.049312489987294e-6,2.5556782828279376e-10,0.004527531311638168,0.0005008235410982105,1.996495128506047e-5,0.8254391223000191,5.417352689681122e-8,1.8395313712534713e-6,8.713063999294182e-6,4.7449227746686763e-5,6.965119105321595e-5,4.9931026518819896e-5,8.711259157135105e-6,9.159747288609778e-6,5.2799762459166315e-6,0.0021227328001848966,7.689286510696074e-7,3.4045342334460994e-5,0.006550518654658167,1.974961489359475e-6,5.8117671055704415e-6,0.03526077238298231,6.653741611760447e-6,1.6044097010430479e-6,0.004108019968104886,3.04585208990955e-11,6.822680259031637e-8,0.00027401031772373484,2.3869655999341426e-13,4.708639776471801e-8,1.8346008214430448e-5,8.41612851986161e-8,6.018847150011742e-6,1.6696570280397455e-9,8.864542813723506e-5,5.915568640978846e-5,7.844270287739696e-8,1.356588978880732e-7
4.000531848164564e-9,1.5218776162208307e-6,6.904031359908885e-11,2.3208450306755695e-9,1.1413242053465574e-14,2.1198742172397973e-13,1.0465537721043209e-6,5.1521718636523516e-12,0.007865703416759155,7.467602015789622e-10,5.377680000388293e-5,2.607497827216387e-8,0.871137145460113,3.1311558460791772e-9,2.4116485656745293e-14,0.051472332058098515,3.9000869080505277e-7,3.274638424237768e-6,1.5988740508413513e-5,3.573803754567256e-9,0.010485952526546433,2.6797892551655934e-8,4.838264013330285e-10,1.2347366134371918e-6,0.0010039020713422718,4.881635329025137e-6,2.848582834260756e-8,3.475589240394564e-6,0.0001329462962423545,9.753377948107699e-9,8.235242366594316e-7,2.6532230777807335e-5,4.233177956627151e-6,7.494873811569114e-6,1.1178827960956217e-7,0.005917136915787616,1.287959362206891e-7,5.033856807256633e-15,7.173007815040709e-7,0.025417616552298905,8.63937557216202e-5,0.00017880023008343482,0.0019004236711906235,3.5011897604012918e-6,1.7726360613562733e-6,4.797608849960371e-10,2.6630402412467947e-13,1.6999828648929974e-14,1.6891712341675176e-12,0.0016708705587894382,1.1314482794430461e-13,7.569888952031144e-13,2.0542926982673385e-5,0.00026417240889915387,3.0332355989348785e-12,1.2764014323138959e-14,8.75557849384186e-7,0.021055935925481346,1.8545448740681676e-12,0.0012582376390643975
1.6181544269256036e-14,0.0003319876321815811,1.228599357471703e-7,0.007527471287182471,1.8674742056891124e-8,2.3546195640123885e-8,2.015928454239909e-9,2.1934453406418102e-7,0.0012239504463800032,7.972175587116808e-13,8.303466091323473e-11,1.0648523634625295e-9,0.004665017400944311,0.010293085777981539,7.062024187832618e-12,0.016813742759093305,0.008323633703290974,1.8860893174312394e-6,0.0003957687846684658,6.795627859944463e-11,0.001518948143881152,3.704647513460401e-6,1.0754542339483187e-12,5.913256988847797e-12,0.0002150198215699456,0.00023130760591107293,6.675045894877794e-5,0.0012685800382134312,0.03219292194579668,0.0002665401621717562,0.00010440346861625992,0.009666592858480549,7.009567191595515e-5,6.49963368871416e-8,0.27140849189076804,0.00040665366633176655,1.7688872875943828e-11,9.671906059952967e-15,0.000584028824836858,0.3117855423059704,0.023333122022766533,2.2007888387989534e-6,0.24036121917496914,4.7563934890049615e-12,1.0513068694734492e-8,8.730862722109509e-10,5.280814785505122e-10,3.6084339745552613e-16,1.747705292011123e-7,0.003605701076021527,2.5067216195429833e-11,4.446338559738218e-10,0.05273334636524479,2.41412535684382e-9,4.791947490210788e-17,8.707000171531234e-18,7.075726651796047e-5,0.0005246675869317717,3.638567198065349e-15,2.2180673117556666e-6
1.8301558966785193e-12,4.025167073620875e-8,1.1565632575020854e-12,0.0001974539540138393,5.899492909154473e-5,4.613811749741791e-6,2.3252949443277815e-11,1.246689048614615e-6,0.05869193107770296,1.0083250102356078e-12,9.484213685968602e-11,9.008919105301633e-11,0.0004196453349995147,2.2995111559172113e-5,4.9333764598549714e-14,2.4882526545849518e-5,4.6457231698378134e-5,0.0025128176374980926,0.009243302789859022,0.0006224330295935063,3.878075741438804e-5,0.1084741737157308,1.8431584917638855e-7,9.675696762130815e-11,1.343957426468497e-6,1.169325524331853e-6,1.8129100642452714e-5,7.623729475854212e-7,0.00014375508883578163,3.587497877338208e-5,0.3393614503317104,0.0010292492605445676,2.0032395398128525e-10,2.5781179898735154e-7,2.113772915703952e-5,9.862554708374211e-8,1.998846122769381e-13,1.9339816901096604e-22,0.35776916564352074,0.0001872644932930465,0.0020742948080717714,2.668879743687464e-7,0.0009382182907751234,4.859303823985886e-8,2.5809823075683418e-5,9.313109754132114e-6,3.207116195930593e-7,0.0018273435689318983,2.753505487265314e-6,0.029577107125674355,3.22514430287191e-5,6.987015944803405e-7,8.975130263793307e-6,1.8997625293186765e-9,8.750493842819266e-12,1.6681256467460168e-11,0.08653189551081225,4.029544164913877e-5,2.4861907171008826e-8,7.681678909850965e-7
5.5017977518568446e-8,8.692017785267429e-8,5.681917836329107e-16,0.0005314621990812256,7.192892180986396e-6,3.040808823889587e-8,0.07202728251560625,9.015694940095992e-9,0.006804162445436316,2.0283824972616144e-9,2.8287251515996582e-6,3.972724842247054e-9,0.008936814912828144,2.263567695082986e-5,2.3914352852154383e-6,3.4849070217736467e-6,0.0003740970688460467,8.79600338610373e-5,2.1886753971809957e-7,0.00015528618461733363,0.002637033233385479,0.001113645577891399,3.3106078063272214e-10,3.8069385780150126e-11,4.447040336283919e-8,2.433114380711629e-9,0.0016003740270294786,2.026681918042665e-10,0.03450645453488516,0.00023094561342120202,0.026409609490373066,0.10067438704116577,0.06111545763619561,8.121638015979648e-5,0.008612434034592293,0.18542999998671647,0.040942603412566676,4.5019266257403476e-38,0.004591685292085048,0.009398859480531586,0.05357850317561915,0.24024341272053004,0.0005191512713552035,2.3618671270306113e-7,0.0043960058899111,5.532557652155511e-8,0.0004706404261332906,3.7408741769344225e-7,3.5182105775977716e-9,0.0068451958724238095,4.983971787439942e-8,2.5084424664849706e-9,0.07261397632417828,8.877449346786634e-5,1.3242094038882342e-8,5.903279076625215e-9,0.014651207556374512,0.03887627160393847,8.156295205365114e-7,0.001414545981328696
0.0415596220570855,4.4606608542330027e-13,9.566141150215448e-15,1.3675581123560213e-10,2.8933797961551204e-8,1.1956548257412379e-14,0.06998032467658363,7.838662663027839e-14,0.005573235226079352,0.0014229831063371978,0.00011276009760772152,1.421807536618983e-9,0.0003144574601523086,1.8012535139254758e-11,7.41725109450888e-8,1.2073206268624046e-16,7.929987396644596e-12,5.698653766819976e-5,3.087615081806051e-8,0.0007309225004004374,5.7441324250308515e-6,2.572524773935458e-5,4.549577435962183e-10,3.43488754428922e-5,3.737962172165788e-15,2.520062014206657e-9,8.771899773396647e-8,1.3736601980075202e-13,1.9004381776614923e-17,2.719270909178006e-9,3.3729773134670505e-9,3.818945327777829e-6,0.06994007530323705,0.004672492970463265,3.2193725203222657e-9,0.0007138568430504615,0.6804498276169303,2.506862460966718e-10,1.4411850122617645e-5,5.160949471969083e-6,1.67582234418034e-5,0.0008873618523028706,1.1757572887660666e-16,6.682988268056988e-6,4.29248789928954e-5,1.0114429055117442e-10,0.001853648871931886,1.754472003969341e-7,2.3205760116823833e-13,1.7056885009381664e-5,2.3612377889874378e-5,6.710948299526164e-13,1.2580354768654286e-6,0.010831017130856149,0.0011468295675356667,0.10835085437373243,2.119318128907359e-6,2.0811200108224527e-5,0.0006233406449578577,0.0005585578820167147
0.01504102767432819,3.9073448654308833e-7,9.993852691761125e-6,1.4914122913814785e-8,5.6263404107586945e-5,4.605799808173377e-7,1.1790755483278134e-5,5.332461822877058e-9,0.007794739387624942,0.02770971425434516,8.033448658801766e-5,0.0004875726892310431,3.2651942700129853e-7,7.2824154589626214e-9,0.07598452479106324,4.2130145261124467e-10,6.983781465160574e-10,0.5885176280989872,3.786807920866556e-5,0.004626444174719227,2.797657299133664e-7,0.0002454770472253084,0.003144527546414932,1.2518946498623185e-6,4.668999105083286e-9,0.0006447694980793348,1.0525577474144886e-6,6.026717925633882e-9,7.476038026218264e-12,1.340585321943194e-6,0.0002710589390565874,5.345199806249107e-6,0.0027998680009177442,0.16677168030136674,1.6400434476922223e-8,5.773505045780879e-5,0.033317130953807866,5.71903675046352e-10,0.0016594972334027075,8.024123482550417e-8,0.0006623494912770062,0.0008553552288525698,1.1506875995393129e-10,7.146235103528252e-5,0.0008121215550357196,4.663258535499212e-5,1.3114792144121063e-8,0.006957314892104068,1.4634090969698835e-7,0.025961019115686358,0.00035374178873794076,4.864790662923733e-5,1.0074248854601472e-7,0.0004332532914490342,0.005767231408632243,0.010018367882209864,0.00021092756270857824,8.731422734426342e-5,0.018393133830049868,4.0635947930810174e-5
2.736555607395152e-13,0.0010764579129809906,1.1455042005904071e-9,0.0005168094828776365,3.169042692501091e-11,1.0980673763016668e-10,4.504758717783603e-8,1.2772430261259892e-9,0.0010527278390657856,3.1112714965530326e-13,1.0786252001062367e-7,1.7401157482874918e-9,0.05043420224630666,1.4560902778497318e-5,4.392577614282556e-14,0.3371385377847274,0.027429305496450954,1.6684041076088412e-7,0.0009138863167620375,1.1885167094285283e-11,0.0030621931434869853,6.542654321264174e-8,6.349751373083908e-13,7.155671240988096e-9,0.05128976153029081,0.000985362412112849,3.624766553957845e-8,4.2236316428878156e-5,0.11831841457168021,6.817274946331452e-7,4.450779423631415e-8,3.645954470759232e-5,1.0014092942602916e-6,1.5971726872434768e-8,0.0005539891033057501,6.489431004867134e-5,2.743092118699133e-8,1.3530351067874547e-7,9.503290505531428e-7,0.006506055983513205,1.1452505164388192e-5,9.291040463627274e-6,0.3978835428542643,2.6098640182210514e-9,1.1725623460323175e-6,8.089341726808547e-10,6.314021696060557e-11,9.776910833976888e-17,3.6140318323713226e-10,0.0015329572671356317,1.090268022178132e-16,1.3998925787474216e-10,0.0003103143263254869,5.033374264996941e-6,3.9894629867175938e-16,8.642326066208675e-18,1.652685646114401e-7,0.0007901509289147557,2.0021556460553545e-15,1.6771413998463328e-5
0.04236990000329385,1.2294280524339779e-9,1.9376986965285207e-15,1.237760507593206e-10,2.8773848166240482e-12,1.4728734548476884e-16,0.004504793291679876,4.0231978798335636e-16,0.015704142231421952,3.6573588155924845e-7,0.062140012881820056,3.367104861026668e-11,0.0033274325100013896,1.0413175595212129e-11,0.0021952929309389337,8.210680396222043e-9,5.3078274995900095e-9,0.00012238775145053597,9.271063133721385e-9,4.466220500669653e-8,0.0005274551928554459,1.5381426701171664e-5,1.3081529640219883e-11,0.00011463603760896503,1.51471209263894e-9,0.0016635350791598484,3.559484535653999e-9,1.4511120824829804e-10,6.073837940903495e-10,3.4845447696389615e-11,7.293523508771013e-11,7.860479448384315e-6,0.36012752748467725,0.002659696966634416,1.4785133774572608e-8,0.005754449163552322,0.19906300400412666,3.9281570957740616e-18,1.094934519749767e-5,0.00011220591001599767,0.00018239107732254866,0.05519891680016704,8.54523776405822e-9,0.0001004492016079324,1.6011695568858777e-5,2.577361263674052e-13,1.2145298774861407e-8,2.1990978767704123e-9,8.24023160510586e-17,0.016132470568698137,0.006213068193684402,9.28530839468893e-16,9.376340608502535e-7,0.10019461832803603,0.00011759451522759332,3.6432514749444776e-5,2.448399691173451e-5,9.48992771616565e-5,0.0002905820028324605,0.12097600329298012
0.010929506850589207,9.545586037049704e-8,0.0057115847736970244,1.365400927348643e-12,1.7494669630876118e-7,9.604629446060699e-7,0.040922215397854456,3.5223314033644645e-6,0.0011874586914867326,0.0035521784940363674,2.509877398006768e-7,1.0266838879834264e-7,3.3104589026492906e-9,2.1364603095019346e-10,0.02606091788573668,3.743328407474604e-16,3.632364199497819e-12,0.3883357870502002,0.011082422543585643,0.012884277485906084,1.8872904266646118e-10,5.352430358209396e-6,8.386466422606056e-6,0.0002989237644727737,6.6238299114096935e-6,1.1673862147658412e-5,3.603139694948592e-8,3.3389644914456364e-9,1.3955319088113293e-13,4.619561327083441e-9,0.002080712785274075,0.000177733445864079,0.0001880078725582442,0.004028516647090182,1.007611088351152e-12,4.4580667998614885e-6,0.3883690900170774,0.0024824462864030876,2.7418655768427736e-12,2.294201675530855e-9,0.0005016811096208546,5.20765927204003e-7,2.1544272100857084e-13,2.214766726117192e-9,0.007266888935478835,1.316846333849508e-6,0.015087995781644568,0.0001414147543485716,0.000395293415912568,4.246850412824409e-11,4.22635958211521e-5,0.00014404509689557225,4.469745209912303e-9,4.350364047953013e-7,1.9701543582435818e-5,0.07450115387757765,0.0027753150549568086,2.3152802626779148e-5,0.0007652490940768272,1.3405524482072167e-7
1.4206496281611188e-17,0.46756609567751956,0.017880540068862492,0.0076176672444232775,1.3621981316243605e-10,0.002303227083880303,2.514806639963175e-32,0.01227215884882047,4.5895862381773716e-40,6.647303448394766e-13,1.1670593856469544e-8,4.329467772204876e-11,0.0007204707093747808,4.885552969207756e-5,1.217277586036612e-60,0.003110226611443789,1.35666827772716e-5,4.821958917532817e-22,1.6633995673082906e-40,1.6343968850240796e-87,0.0020936089631000783,6.052513546396517e-20,1.738219570381843e-5,5.574512048394179e-75,0.021964335249889184,6.38752166401836e-51,1.6318738229167166e-6,0.03451391616023923,1.417300041120278e-5,0.0017518558059155997,1.015383256253982e-9,0.001363913505529785,3.101708710783175e-31,3.3184692953274604e-18,0.0003881208981845608,2.7971883276251816e-12,4.933653868984038e-14,0.3736829934940334,5.792310793002884e-15,0.0003492947118539231,0.0027432283154549845,3.0109470335373024e-20,0.0004650532223148927,0.0009349377610752886,2.7825781603507548e-5,1.6080865737220154e-7,1.9618934383977087e-18,2.6299117069219768e-23,0.0454037185541248,3.8273337467689403e-53,9.351043930597452e-25,0.0019791916473968743,4.8068887812681956e-6,6.618383263254386e-10,9.581729520163107e-16,1.6738223022317122e-21,1.4696563806604218e-16,2.3324023479983534e-7,7.93777941227169e-22,0.0007667959340304276
7.718835550791175e-10,1.1658829351174001e-9,1.9056711145548524e-15,4.948460918115165e-6,5.5818456628378596e-5,1.8579915389441464e-10,2.8147048474162486e-5,5.36914686452825e-10,0.22621499801600742,2.2915441740149084e-11,1.986475767026068e-9,1.303928233218469e-12,4.3798418187828754e-7,8.136423438783196e-8,1.918561348686842e-15,2.9855718726991417e-6,0.0003207891946952152,4.4664167163517784e-8,0.0021695783321589715,0.09154330720235289,8.760454727092441e-7,0.1449825080260288,2.1178136289629117e-13,8.740735452596759e-7,7.5606240550630275e-6,1.4383068869244783e-6,0.022973363092444594,2.4600152756682815e-8,0.010382593347148259,6.800043693347474e-5,0.0025551809027570733,0.00037348477423981006,1.2075504974402204e-5,1.492505414457797e-8,3.4280367166438824e-5,1.4709443793445697e-6,0.0599066297678213,1.4425230017705355e-20,0.08029452643521541,6.282990981255371e-5,0.07101598467914472,7.05868182027131e-6,0.00042201306734501157,1.316957896711627e-10,0.0002571700769747922,6.754313353346487e-10,0.011152549914673933,3.087918737529084e-8,2.552757520360787e-11,0.03690280541342419,0.23706150442357934,4.6112676988767944e-12,0.0011407881870306158,9.929952054907413e-10,6.083913077912311e-11,2.332419767143105e-12,4.022601823781437e-5,9.900571059013e-7,2.2794273494045e-11,3.634078183613883e-9
2.303162036692082e-5,7.964652518204136e-6,7.884274033138799e-9,7.468788263776369e-9,4.4398661944243376e-16,9.042934958561868e-17,1.0208706634627546e-5,2.4735487650135755e-15,0.00013101129889743867,1.4694716689927395e-11,0.0036965744452601102,4.0766394670424664e-10,0.5683710265061424,3.261289647014701e-11,1.1659352855967276e-7,0.012782959954143943,3.541030002268947e-7,2.658506201337499e-6,5.6546192248358235e-5,0.030368557932465047,0.0014281248193939984,2.1456467828503936e-8,3.128667668430612e-14,2.1114968297129372e-10,0.0010563886575352692,1.094156392301244e-5,1.646491311968734e-11,3.782966000702593e-6,3.071314408132062e-5,2.7024786903018732e-12,3.772449094386005e-11,0.0004888406833134534,0.014216048312999961,0.00011334289246264143,2.0658491769044274e-9,0.28794612163345884,0.0009037073210079124,4.193243623218574e-24,4.801654812152959e-8,0.006899070468894929,0.0017744055336003273,0.0033865951971084134,0.0005867461640181227,6.182764086659013e-5,2.554579159454412e-6,6.4875613951381194e-12,6.374907083328474e-13,9.489074541115582e-15,6.41729946376905e-16,0.007157057746375008,2.4690348151624562e-8,2.3393907204925155e-13,6.828782747987201e-8,0.02815713533528243,2.5690530609809317e-8,5.6402994732446444e-11,7.688763603130642e-7,0.013114623936356177,7.201623693221963e-9,0.01720997846731719
9.209752404651822e-8,2.2566226378401645e-7,1.6596389206033548e-17,6.073310910552513e-6,6.323119522661259e-8,3.4721093181994326e-12,0.014048181667774277,6.8982993214176534e-12,0.1302391155973279,3.740751458861104e-9,1.042538692769891e-8,4.440756551403126e-12,0.0004588214895111704,2.1342133581567302e-8,7.4125549109545825e-6,0.00027542583158953864,0.0017100261383266534,2.26916954021279e-6,5.199802500384891e-9,0.27499262435390837,2.5396624484338253e-5,0.0005310985610026922,9.297464196849622e-12,0.00010493149511100683,4.68381004844988e-5,3.610522006061855e-5,1.5043820064649017e-5,1.2663157963121866e-9,0.000750118360570517,3.152968143053801e-7,1.7606585619149966e-6,0.004485023920357511,0.010176079704519746,4.346068222929044e-6,2.7702937764120246e-5,0.015747705650477464,0.026717040964301577,9.498619280172995e-27,0.00022468417119078166,0.002372148620593693,0.0002469046954433855,0.014484457428154733,0.0031101820821307687,3.148251751960272e-9,2.3608300383425112e-5,3.233637114596641e-11,1.0862402480789374e-5,5.45943932523123e-8,1.426052809704127e-12,0.07045621566006553,0.42762431359001,8.447230549663943e-15,3.228110585771719e-5,3.6754928178300486e-6,2.0539496301218096e-11,6.385534764560768e-8,0.0008191750532516403,0.00010980681857693013,1.4899782599578376e-8,7.166754087765697e-5
0.0011649333456068322,5.410568522460135e-7,0.000594870864337956,8.798048665628396e-6,5.812158691277579e-7,1.2711007036871114e-5,0.001541749667541569,5.723780695926134e-6,8.108223090346942e-5,0.0018840106597205128,0.00016920951861366427,0.00012083655010982027,0.007898599359587503,3.3685724849351087e-6,6.022594543414895e-7,8.695515449983749e-11,7.986251444675211e-7,0.0034377636753469315,1.969565906177987e-6,1.2696809329696464e-7,7.46953541471224e-5,2.8286107427766883e-6,0.00023204099440248959,3.9067277099494827e-8,1.717708589521354e-8,3.4436561493727193e-9,2.9546202725689867e-6,0.008505246747605473,4.983301635082013e-9,6.075024776830937e-7,1.0601849041774294e-5,0.007471990924755275,0.04466276784693904,0.00048393907219431787,1.9026306673122522e-5,0.019116803225918213,0.6189886392774402,4.763136370664354e-17,1.6837060313882437e-5,0.0019854689933077965,5.765456262069617e-5,0.0773943236464806,4.342842971089613e-9,2.1787082223380384e-5,0.0026633390412816055,4.352807968916545e-5,0.00014532028595801676,2.110811542082465e-6,7.132174698834892e-5,0.11931599712216309,3.762712426941079e-6,9.080505294520643e-7,0.00032356666203369513,0.002000907526018766,7.888914528976804e-6,1.8145583127390453e-5,0.0002748764744871019,0.07639495439327,2.800184521229881e-5,0.002728811000096606
2.391301111910963e-6,1.0248936733960897e-5,8.070736846664731e-9,1.4219657163898136e-10,1.0625429488858572e-15,6.048194756276035e-14,3.784552196561173e-6,1.1077857885988402e-13,0.0038208443713671153,2.5379100854238585e-7,0.026655800270603006,5.93973303246758e-6,0.7200711310157613,8.453645306574966e-12,1.401125775180194e-14,0.0683551695682775,8.545943447117387e-8,4.64701683922389e-8,0.0012136926529735732,3.0176160646346767e-13,0.0037327577171173917,9.757586559163214e-10,5.534591632608821e-11,2.883667764793802e-7,0.00676753732770314,0.005349403822038911,2.530804077795774e-9,1.7458641519543342e-6,1.009194029741541e-6,1.862157596757185e-10,1.0266318821127203e-6,2.325349840071082e-6,0.0009037570737034483,2.3497130052800295e-5,3.361270611283832e-9,0.0018980922890513264,9.220042951938652e-6,6.747833062684257e-14,2.1594578103696576e-8,0.004588896880497969,0.0001558836899449933,0.0005465975025786358,0.0006030813817814767,1.9403751997444984e-5,0.00018840594622297505,2.2464431863598093e-10,5.114379373890086e-11,5.0066274530916724e-15,5.5961347399646855e-15,1.6984073074001295e-6,1.7391897344560714e-13,3.1885335906110206e-12,2.350317761388827e-6,0.07367566519633625,6.013683086914674e-7,5.628865553524023e-12,6.309256558516475e-8,0.0011702763538450236,1.360244820140353e-9,0.08021698860793369
0.003628862178127806,3.0728815014295725e-5,0.4684644325574122,1.316849023907434e-14,2.099075887392236e-14,7.513907738267307e-14,4.845256402594073e-8,5.64871940137213e-13,3.68365984663113e-7,0.0038906949646358565,0.0010221836712761387,0.002425171008014227,2.537620792270879e-7,1.7833438303753956e-16,1.5385313562804857e-5,1.075443562455561e-6,5.4454266386553436e-14,7.621257537481887e-6,4.719253498298843e-9,1.0213023158921489e-5,1.4956211665373745e-6,1.2024271447768634e-8,2.602144166162763e-9,8.386589140897035e-13,3.435638101171753e-5,2.408102716994748e-7,2.655010408879941e-12,0.0004321097226069866,3.2470404167030906e-12,2.6370890334782947e-13,1.0143569286364875e-6,1.8700452411392366e-5,2.0995909662155204e-5,0.012228953868579858,7.003853738530773e-14,9.98988584347368e-5,0.0012058347288883455,0.00010905430397520548,0.0002243946030148345,6.51577212847826e-8,0.0024733084918448583,0.0006456436734955824,3.923711028196498e-9,0.47306469464498224,4.93878653839717e-7,7.308051882328133e-8,4.055752118059495e-13,2.3811702894489825e-10,1.1494020265662825e-12,2.0146291571321852e-5,0.0001250538990698899,3.047231630547135e-8,6.46335917357788e-9,0.008755310383364114,0.02006712459384071,3.984274523166109e-5,6.62123137631358e-9,0.0006215439119362866,0.00029481016559793717,1.7733578526977786e-5
8.05331556509231e-7,8.085398964606373e-9,3.1965079798898716e-14,5.853687301830832e-7,9.744129830468171e-7,3.3388861109423288e-9,0.000370474933929903,2.1606639519612174e-9,2.053864963356517e-5,1.964122251249431e-7,4.163010296434934e-8,1.3674223325191844e-8,3.20827578574564e-7,1.3259208146273586e-5,2.4556617433820796e-7,1.6961474688273542e-14,3.285110366355093e-8,0.1230916616947305,0.00024611720598607196,0.03202775002962958,5.725023642714922e-9,0.00011891012068943868,8.990280328408256e-8,1.873441995966294e-8,1.4318589593261548e-14,1.1654826334962158e-7,0.0003699055130835353,5.535505485107134e-13,2.917828215094182e-9,5.317402576478736e-6,4.469538588922529e-6,0.027689311414710118,0.0007576942177199807,1.3650033313640151e-6,0.00011497617832528168,0.0008305878124205145,0.01437231055984684,1.7519519150111307e-24,9.688004768105025e-7,2.4510527199193177e-6,1.7692959042027864e-8,0.00010113432141048693,6.495467275450708e-11,6.466440464165811e-11,0.004369216602803704,2.5844513200588636e-9,0.001960559703761895,4.398968571963648e-5,2.692710172553195e-9,0.005408167295385826,6.700085786014392e-9,1.1892415357941433e-10,0.0007453130089989647,6.064202123152284e-8,8.043989453535393e-9,2.889313896463129e-7,0.7839400843500043,0.0033854179049630107,2.69116109271936e-6,1.5056045824839723e-6
9.637645060747406e-15,0.00019751626012928848,0.01412987241430723,0.053820817846827504,0.003294027684015213,0.01616228008112798,9.64577077082827e-13,0.018984710375964862,0.00038357813661012597,9.753279114740887e-13,6.4280253972480845e-15,1.420523592483808e-9,2.6221743291111056e-10,0.18740290658410994,2.9322916832960475e-7,1.3063820835216283e-8,0.0029170856805626503,8.101244504381378e-6,0.061237955325678266,1.8200136932979585e-5,5.353448741093355e-9,0.028997763925884497,2.1244717674111486e-5,5.508821161566917e-11,6.981187017804722e-9,0.014965244703048846,0.01293356291723671,0.006336412614133973,2.9702604368385644e-5,0.25961899378132464,0.0013493465030856835,8.682474619450975e-5,1.247118284595949e-5,2.4480280358343672e-8,0.025388731473956396,1.1043764489187543e-7,8.376508433717232e-11,3.215120623742908e-5,5.352042259570975e-5,1.4435042622307322e-5,0.012367829761062465,5.167474511961434e-8,5.506286392735504e-6,1.809257519918169e-9,8.906181320350245e-6,0.0006861818638919849,0.000798566818468603,5.5953351236032316e-8,0.18881142260748987,0.054888190048427314,1.4428021918430954e-9,0.0027378902079621737,0.005177945817616744,2.4466024891618285e-15,3.4524800007267893e-13,3.095719958236945e-15,0.026107504133195823,1.203237813355274e-5,5.763180768421178e-14,3.43938873558868e-11
2.1007654610066313e-11,1.0867985257423437e-5,0.03507124375242794,0.008319491374816855,2.2154603094184417e-7,1.0237577016333114e-8,3.767524386449431e-5,7.472618611476623e-8,0.002735658279571257,0.00024176861644638076,3.1155852267764093e-6,0.10339412124629037,0.039470476291287734,0.0001414950030619539,0.0028771098410631155,2.5155409866057254e-5,0.00019901251177909557,0.007333567268508785,1.4886047923177428e-7,0.18291069235814847,0.0051656124268240015,6.469007371214299e-7,0.0008960063679188752,1.192028404805871e-10,3.057260933092608e-6,8.351141851913652e-6,8.326111163982759e-7,1.2114719389013039e-5,0.01190735663984465,1.388117934447613e-5,0.15680238885304107,0.011365084701674978,0.0007031293094517635,0.0004895993840036438,0.13458267911524094,0.07452157372183778,0.00018133409319475753,1.7960936628334003e-32,6.047309330549651e-6,7.277587275339737e-7,2.724009123316807e-6,0.00029437791233823937,0.001400578532469545,2.7371655691123306e-8,0.00034962629666369206,3.492803343368549e-5,4.990784403760205e-7,6.174853845202798e-8,3.359537946068671e-8,0.00010428243189019028,2.051970172334471e-6,1.4106564654686081e-6,3.167704741178358e-5,4.283287193888402e-5,9.94205622245066e-11,3.4631533354551234e-10,0.20023324767868378,0.017828675903801237,1.4122777196458422e-7,0.00024049341552278671
2.8025329424225866e-11,9.573676921812834e-9,0.0029140299837566754,4.167638647932425e-6,0.6625969078372542,0.08289483126432026,4.220471180509463e-15,0.06323825170977686,1.8361362083231808e-8,1.7033504878452423e-7,1.1464842232347593e-15,1.3371306050701037e-6,2.802621006637673e-13,7.108899264433362e-6,4.433878563017343e-6,9.751616712512105e-17,3.728336172648503e-11,0.0013914463871442394,1.480603788884088e-6,0.012823027794391336,4.038927294427237e-11,0.007136293278479423,0.001679119954008388,1.776908901248006e-8,3.0098142699122855e-18,0.012492820859529739,0.0008916432459783424,1.847981784129097e-5,9.195068361265364e-15,0.0016882465883805357,0.00043136528393862474,5.265050499149155e-7,1.6716977965220684e-12,1.3556827999738388e-6,2.4063671548729817e-7,6.245995539088182e-11,1.0189743023162593e-11,1.379705729791294e-5,2.942289287356878e-5,1.525046617005633e-8,9.515906930767548e-6,3.930698087258196e-10,6.082947596586232e-16,2.6641011705538386e-12,0.00904077023514898,0.0039278638013117255,4.680303525948273e-5,0.005261410545429762,0.1309612777999956,0.00013525071637583694,2.90557772998158e-7,0.00031226778697443145,5.458248307360915e-6,1.9456367388667316e-14,9.72950317129681e-12,2.003932555419061e-9,3.8511589733109024e-5,4.720855689904302e-10,1.0494404572289509e-8,4.90211838192045e-13
3.239463577425491e-16,0.00010057377239327517,6.675267504254045e-7,0.4090661269320009,0.0013270459527522998,0.0025122038652322437,5.666125051991555e-8,0.0002666908536239491,3.179325294832463e-6,6.702937200405548e-17,5.502634144084283e-15,1.144101277885759e-13,3.5496066984236877e-9,0.2953871723268763,1.2033019070961744e-9,1.0397365614447411e-6,0.0016515589417205993,5.741334506050492e-7,7.526713328492758e-6,7.725545187575391e-6,1.3894789342304241e-6,5.211046001483903e-6,2.7646991080861536e-11,8.192280050897385e-17,9.494976948512197e-8,7.969333920006567e-5,0.01162403650314656,0.000248525380638669,0.00021758338265138395,0.04275392501785361,6.750745231777703e-8,1.4457672366864241e-5,3.0784516275094516e-5,4.499561121545193e-11,0.20706587109962016,1.7193764886253186e-7,9.259831949372118e-8,0.023497477372749098,1.0880550870156011e-9,0.0009762091465999213,4.246472790279083e-5,2.5337795421660205e-6,2.4454937232713157e-5,1.7472082465123754e-11,1.602002230954353e-6,1.220828934094805e-6,0.00041541010483980465,1.016243524056466e-11,0.0012024340685305628,0.001318470432513655,5.164432884709788e-16,3.085213792488534e-6,8.549208185260957e-5,2.4454547452849357e-16,2.1466015622082028e-13,1.8956353404221793e-18,3.788725362241622e-5,1.7205362851024453e-5,1.3018892874250662e-14,2.8914175086731415e-11
9.814881955017644e-21,2.3945863028572997e-22,5.128485882415712e-22,6.024776848622216e-25,3.9841871266799495e-20,1.0115019342418996e-24,7.793511089839417e-6,6.848921110435285e-24,0.00012359466466407097,5.706258825711043e-19,5.761388016191204e-23,2.282715744788781e-9,1.2640498028387509e-24,1.6710286769059866e-24,1.0638515100248135e-10,2.371516658257134e-37,1.911247289926063e-23,2.4693008130543747e-15,1.736276967110307e-5,0.35069818774838313,2.450181103233538e-24,2.14844703685068e-9,1.8538799949340934e-21,0.5400218581869566,5.1470147979957625e-36,0.05855302664093389,9.49058240109554e-19,2.8153848469654472e-21,1.2351926721106182e-29,1.1755769443233168e-21,2.135194073160272e-11,4.103892922020712e-11,5.5063876890943544e-6,2.5291930666433956e-18,1.484138284328124e-23,1.9010683743823423e-11,1.4270718596688942e-5,1.3616167404347966e-22,0.02724700373404817,6.2223475620826135e-25,1.1356339937625564e-8,9.032272534213466e-5,1.584947477211941e-32,2.761188394864952e-31,2.8762203854386674e-10,8.939200063692367e-15,7.840347072604303e-18,1.1239235381486169e-18,1.2494485203217233e-26,0.02322098074231716,5.606547635020319e-8,5.237644381228493e-17,2.291921516779707e-19,5.755667069322779e-22,4.682624845570855e-25,9.846926433730305e-25,5.18598724498508e-10,1.9323310239545695e-8,4.912750365894778e-24,1.4226583344524183e-23
0.007061346026960097,2.7006310528965672e-9,6.640783539263613e-20,0.003255576076924596,7.950705389143324e-7,0.00024468060447227166,0.001261000207726297,5.060387098029779e-5,2.8111645965908243e-6,0.0001804300038366986,0.018250338284189347,0.00045711650273011685,0.00014328029441913325,3.713464763977329e-5,2.1319150512988693e-16,3.1787479601115436e-8,3.941309933949506e-5,0.0014958599235098396,6.643080000719201e-10,2.258275411903633e-11,1.0408350148973365e-5,0.0008948211539662175,0.0024532323854616835,0.008326474774237945,6.297512613560985e-9,5.18004115300131e-10,7.264741957193835e-7,1.4466853569443031e-8,2.30505392554742e-5,2.6405157333621944e-6,0.2098804649499875,0.00038645835505863983,0.00011885387357880655,0.0012406511623387483,0.0031146445702164797,0.0010147161835252997,0.007904981779660114,0.001989905345307928,8.933933219940551e-6,2.521819586298862e-7,1.0160094252470826e-5,0.0010124272062271952,1.242208362180849e-6,6.079961332077324e-6,0.008887641559916778,4.9062365658578285e-6,9.695441759411591e-6,0.00020866071751956438,2.6366154817485154e-6,2.2310549066450964e-14,0.6771772636248523,1.6343776880210383e-6,2.7635473701706685e-7,0.004012150175604131,1.7922095702594865e-5,0.0034845293277998004,0.0007403274648610098,0.0004780361445423103,0.03328206417060568,0.0008106874590807465
1.9762917688485025e-16,0.0001345717773175357,1.859388643881101e-5,0.16090505042322892,0.03574340943099011,0.011996505370470745,9.331574109555436e-11,0.023448409626262403,4.115813512484209e-5,3.627313993625405e-15,4.607514727645064e-16,4.171485928078998e-13,2.299338213934898e-11,0.09451499398637284,4.688574917810124e-7,1.4608597674466701e-9,0.0020978433856656616,3.7496830454321288e-6,0.0073422178174320195,0.037111316205737564,4.019695637550009e-8,0.0001484107977816324,4.382622926604541e-8,6.2953688016779874e-15,6.362830354086934e-10,0.0004633454011356503,0.13571644690975723,8.612953287657442e-5,4.634319503393203e-6,0.23878902216529715,7.83029570203989e-8,8.458727481145435e-5,7.721878681639027e-5,8.264287414243913e-10,0.11531751300844185,4.981999607053067e-7,2.1883442560555742e-10,0.04455957887535665,1.613720784565987e-9,0.00028933801804192336,0.00026513349790924717,4.395720717879369e-6,2.0247498320407323e-6,9.803150975032143e-11,4.879260232958429e-7,0.00010132546327799988,0.00017157672789169668,3.237371273203389e-9,0.06063499260772254,0.013587526724487126,5.676773202126198e-14,0.0001672584881054406,0.006394632653320736,2.3918186993647825e-17,6.492516503284199e-12,4.533689417002455e-16,0.00955819844993788,0.00021726457174499764,1.226598774874879e-13,2.5885042949071033e-12
1.4865852962219703e-8,3.6618226184425895e-6,1.0015707424831981e-11,0.00026114140585950946,1.5253283541440988e-7,1.0022214368763267e-8,7.35853788427067e-5,2.1355729130911462e-8,0.0005840948665570482,1.4560210641966965e-11,2.30871464290362e-6,2.8772185831553466e-9,0.32051792792041134,1.3522520405966501e-5,2.69655909132359e-7,0.017658661455813948,0.0016144818555526425,7.05414528215362e-5,7.450067812286226e-8,0.0013318227585536657,0.047319586788553136,3.3757690492961334e-7,7.962077996822041e-11,3.322349732162492e-12,0.0001055301519816553,8.577099200952476e-7,5.543017151873576e-6,6.578102782496368e-7,0.1753471545608596,0.0001855070770716219,2.0570198220386937e-5,0.004025440446967339,0.018982396468382887,1.649295675973217e-5,0.00986077663272389,0.09725823050862197,8.09739277785292e-5,1.4972588722445055e-29,0.00022960677171823013,0.030079133966249744,2.5459887649730017e-5,0.0019005458701959325,0.08764975246398958,3.7266868576300766e-8,8.82982881070211e-6,8.207455339846326e-9,1.9675732447013002e-7,2.46803673140182e-9,1.2251753617988879e-8,0.08628781795651957,6.1311081608203e-10,3.10695360591482e-10,0.02057159632442469,2.0312504208889706e-5,7.411822756690723e-11,4.7721616446733236e-11,9.665710313258225e-5,0.07080794013179542,1.2209298899356193e-9,0.006979736071078069
0.7033457413995057,1.359456176620503e-7,0.0023308720128901944,3.4213926090360813e-19,6.98313083445842e-17,2.1066933297159827e-17,2.4186825717319286e-6,1.7116670453224564e-17,1.1805805540871044e-5,0.0013769737258795488,0.009936495741154338,2.0498224803264778e-5,3.518390824625508e-6,1.5979661178351496e-19,0.0008932121529972723,3.110486703824239e-9,1.3479028884713561e-16,9.959708887238377e-7,1.916618755781109e-9,3.477637893486972e-8,6.244513014921979e-7,6.218616762423668e-8,7.635622939075687e-11,1.348534651364158e-9,4.155839779827391e-6,0.001046639851777676,3.19268350210635e-14,1.1057566919312203e-7,1.967123352793895e-15,1.4767834577056117e-15,3.1852034279343987e-12,1.718775340545071e-7,0.010144144225980254,0.0006119342690595182,8.425766247533415e-19,1.811608536477951e-5,0.002245842553278056,5.459505704407367e-5,1.9924852524527e-5,2.1365133092154797e-9,3.630193194995185e-5,3.885495149886531e-6,8.242108273062534e-13,0.0026730552981271295,1.7628702026205388e-7,3.0096888921949374e-10,5.51172149658949e-15,3.4272265940765814e-11,4.822190624826298e-17,0.00425316832142284,0.0018433827665139482,2.933606246328481e-13,1.287189990653229e-10,0.025053159076624903,0.23204789102435408,0.0008128577220945302,4.634506785703122e-10,8.136801049254289e-6,0.001119883307012539,7.90677938822258e-5
0.00021531093373359708,1.8114768472732015e-9,0.020951494951498156,7.076663873302487e-16,2.9649289713974864e-10,3.3832718850843884e-11,6.659996770421294e-12,4.105077112098996e-11,0.0028639959045491693,0.9148910600473847,7.785562909858313e-8,0.005471622782205018,2.0286960984284672e-13,2.6425922687851444e-16,1.4339757419072851e-7,4.3851082792516315e-14,4.424781840911702e-18,1.671319128015465e-5,3.3295970651574966e-8,1.0342502160219521e-10,5.561111840350504e-11,2.49615559652444e-6,0.0028150873174592503,1.8571648065376931e-6,5.25673887224046e-12,0.00016651191142548081,1.4400725835965838e-11,8.800242167242795e-9,4.210802235513006e-17,4.620257407077242e-13,5.286203987699036e-6,7.585435494879933e-12,6.383290668599082e-8,7.124574191957081e-5,1.277669398940512e-17,4.1379343795163455e-10,3.2711079511980407e-7,0.0016304820366002037,0.008521232310254843,7.940662041207657e-14,1.5790441892576084e-7,2.89880926398898e-9,1.4266529801054853e-16,8.04808310785123e-7,2.39001454961564e-7,3.003690753347335e-7,1.1759388672200852e-11,8.312000860569002e-5,2.0659439867429933e-10,0.018551430538831112,0.00025929784929769876,2.5063811426876357e-7,3.5223945480840894e-13,6.760747005336897e-8,0.01265388314545965,0.010149039752888854,1.8413187043792853e-11,6.395279863906958e-11,0.0006763513069135026,1.3308410171934578e-10
7.624002139707192e-6,2.4963688411652235e-11,1.2079026848262155e-6,3.230222272234318e-13,3.752155194442484e-6,7.056810970758341e-7,2.1499334767876908e-13,1.1529575109921882e-7,8.248711608488804e-6,0.16390584397595673,2.3110164934745887e-9,0.0748156282451549,1.4524639586263953e-13,7.148282799976111e-12,0.0014993225665963063,6.856217445224254e-19,7.481374479945831e-17,0.002438756268565818,0.003914552955649883,0.0016391116142202232,1.3978432164630612e-12,2.4704325102560556e-6,0.4561571645355681,0.0007944161562610493,6.782106852943713e-17,0.0018204740261993002,1.7027637975764903e-9,1.3602031847789504e-10,1.087868969116542e-19,4.807691124290002e-11,0.0017069679356944713,7.025893665597006e-12,1.3838173088179863e-11,3.335224525630749e-5,4.1239687499729666e-14,1.6022719544885947e-12,2.861321574966406e-7,4.53641643882577e-7,0.004149264619267453,7.409339227870672e-13,1.1543190765790328e-7,1.880424779554051e-12,5.48010238892835e-19,8.65834128100808e-9,7.440331015790848e-5,5.110139152399315e-6,5.587347193384165e-9,0.2817720104790823,5.83335894532963e-7,0.00032031905468695663,0.0021302920297255213,1.1551832997155455e-5,4.792940557081423e-13,8.149449713393466e-10,8.672689189200259e-5,0.0008652051713306903,3.106832281359545e-9,8.43070942245478e-13,0.0018339407392121182,5.879522947105477e-11
8.182112407845765e-9,1.2420307388927597e-8,5.070779586138283e-13,0.0011933257493421021,0.00038640115200008394,7.266924813093186e-7,0.0020328181823013806,4.78505254398088e-7,0.014280458832352962,3.22693713185292e-11,2.736670549448024e-8,2.3759129052607426e-8,3.91832748085569e-6,8.014422766961836e-6,2.1596067594265824e-6,2.153185957075286e-9,1.5227440303384927e-5,0.0007635998930662266,1.6789065676477828e-6,1.5210954301184273e-7,1.360945708227232e-6,0.003134350105400027,1.0921750829522629e-8,9.553958234226286e-10,3.3051026252576244e-12,2.0156602818234613e-8,0.0012809162638169858,2.6826286712757383e-9,4.092008870000138e-5,0.0003233790167693036,0.0019441213751736183,0.7027203209513531,0.0020049562895124995,2.7168357199452117e-6,0.0022937325409476722,0.005690448969386198,0.00279842997158812,8.930902505815358e-29,0.0005326455659166845,4.043457037280997e-5,1.2207864323207393e-5,0.00024344977327553108,8.560144538783314e-6,1.8164866255890059e-10,0.00010429451327049268,2.5365164026805434e-7,3.432999853859797e-5,1.9650879327348494e-7,1.8144449792771164e-7,0.0018896030161098926,1.7033905892419942e-8,2.567969740351849e-8,0.0005763495998163014,1.5462567581255673e-7,2.6272581067300184e-11,6.361060426438737e-10,0.25038365392265327,0.005248027339443472,7.604443251053231e-10,8.91334863199947e-7
0.0015585250004605665,3.85226334749356e-8,5.125997977030762e-10,2.354255930220954e-7,3.553803252501468e-8,7.642507558532772e-14,0.0063013134853230224,9.864243156313308e-12,0.0006410200729593279,9.836900507362116e-8,0.0005261098771761082,3.733491904930979e-8,0.05033381188212672,3.2475663275592417e-9,2.142178476944372e-5,1.067137336076043e-6,5.349296131102419e-6,5.99846855047587e-5,1.088395470944849e-6,0.019375213429375003,0.0027634900602533084,4.0817263928170974e-7,9.142477028986273e-10,6.9803974067024e-10,2.0556750420415535e-8,1.5386475211314954e-6,1.1509237437235324e-7,6.03104878051164e-6,4.237938114188867e-6,1.6107102465681977e-7,2.0174946095894476e-8,0.0021553854810857625,0.1993810506119047,0.001278387890140973,8.944197815613815e-6,0.23284612413761566,0.3760576635722645,3.3270355377382158e-25,6.35223903305933e-7,0.013101736708474086,0.00028187508779925697,0.06897739981583503,9.059585835937615e-6,1.2039700865599694e-5,2.2319275168573268e-5,1.7218670270377328e-9,1.2334150499047877e-6,9.211638540628573e-8,2.031630819132443e-11,0.014613506189014818,5.486425115868854e-7,8.071637709024369e-11,0.0007106512381738748,0.00436911144035754,8.292909234031918e-8,4.0059229985663546e-8,0.0021706464782409282,0.0014187409175534192,1.5633384114495886e-6,0.0009797817427557314
1.395536071237109e-5,4.699980038426473e-10,4.652513792086419e-5,8.972813579209967e-13,6.418821628343449e-6,3.773124339372489e-6,1.3263099410802906e-11,4.5293202316199516e-8,3.1657886676499664e-5,0.38577059996152874,7.403964034409923e-8,0.05464029458974109,2.68503629556004e-12,5.627142652651904e-12,0.0001512990483228582,1.8766755865273056e-18,3.986542111556074e-16,0.02449214060046454,0.0014774524313525606,0.012633794332631152,1.1801134134542962e-10,9.483487260675336e-6,0.09953482155352264,0.0024931221698223896,1.909581475621795e-15,0.021148958762891096,2.4504344503968643e-9,8.126026771846313e-10,2.5366254958616467e-19,1.0832440350553148e-9,0.0002069182734823477,1.8923703006583892e-11,1.6906356580934514e-10,0.00013761840961075902,1.5903700574880658e-15,9.770715880420624e-12,1.0766227282952514e-5,0.0008981834528571837,0.030688753029140148,4.122294579157066e-12,1.8898256047984043e-8,1.1145949582439656e-10,3.3586480919580543e-17,9.348202003650049e-9,0.004608357434316989,0.00017789098263887716,6.57806888618885e-7,0.34737527707791527,3.1967167974069517e-7,4.3685498621495885e-5,0.0071778800222426645,9.052341778994015e-6,2.129304613056938e-12,4.9391674932535436e-8,0.0005996185742995591,0.00251071894427165,2.046070348191269e-8,4.4485645297460384e-11,0.0030997815804816543,6.552749659764649e-10
0.1458371749871222,4.24747948760906e-5,3.3715393783880285e-5,1.6889551702184204e-13,4.8729831606732293e-14,8.265768139543116e-15,1.1211099903081601e-5,1.606175109471492e-14,3.0108934396751742e-5,7.995406342613743e-5,0.03700142751640011,2.2433524980849966e-6,0.0004969212639321425,6.4594275255503e-15,9.535629805956307e-5,2.7132942061367173e-6,4.7628716738511436e-11,3.6343667171734352e-6,0.00013023105198199292,0.00015693926591873965,3.344168023615097e-5,9.224484216057464e-7,4.85269247064418e-10,5.3586215064963584e-11,0.0003426021777818773,4.2737809852022425e-8,1.5910245879053052e-10,2.377241058673624e-5,1.7520256207894358e-10,8.907984623641883e-12,1.0551885822370217e-9,6.129659704943277e-5,0.00183471498885376,0.008768335877960862,5.174781212292288e-13,0.00156993872377309,0.0024532269780655593,1.271726647921314e-12,5.057590854486335e-6,6.640165950995308e-6,0.0011884593164793648,0.019706993801988724,1.927584434154147e-8,0.1691059311033785,3.2736487348624378e-6,5.428210141785796e-9,9.172272717096984e-15,2.841058688228809e-10,9.883766230575135e-15,0.005690642145274593,0.00011003619935122291,1.0182828472672883e-9,1.5290724248530902e-7,0.5878824910932456,0.014417906284385558,2.4900437961910423e-5,3.0594548323321367e-7,0.0015853547001867406,0.001117141985609133,0.00014228437672571218
60,31
6.483668537760241e-65,3.7333413113132586e-5,0.9093955328083206,0.08722476628200818,1.0591513996597323e-47,2.1253002762169744e-37,0.0015124364322764696,6.659595985157316e-11,8.873513842469823e-9,3.199432198495139e-33,3.31307383779955e-27,0.0018299221241717138,1.1371179866929386e-48,2.2806888798747978e-66,5.989034810945837e-99,4.8717612677111134e-226,3.824033961024935e-101,3.314056459352748e-191,6.835791046476742e-205,5.7643939108631545e-37,1.0861235243820252e-154,2.01545219313494e-141,2.169354884814179e-66,3.5979664981648633e-121,4.834321519712086e-142,3.628827281207488e-197,0.0,0.0,0.0,0.0,0.0
0.017478304880821277,0.9728343816792214,0.009687313439957334,4.2916388747375434e-35,3.622553103725441e-78,3.259887949536011e-65,5.956576960816312e-36,5.361511308749426e-88,5.525294862472621e-55,2.4016397949772272e-24,1.0050523808515408e-36,3.235701187096371e-125,5.585942362142786e-189,1.7762327557123985e-202,1.9705728452010846e-206,1.5330225276981698e-269,6.397584634460007e-242,4.4474228339941644e-175,4.516294877646333e-201,3.1124824874368955e-162,4.2165915568069135e-206,6.137764874525363e-254,4.7921327265161355e-148,1.2266580751667224e-234,2.160424239845116e-169,1.2749046536798387e-88,2.8550197e-316,0.0,0.0,0.0,0.0
5.153861822174462e-5,0.9629657515318695,0.03475866975013402,1.0811227938962035e-49,3.5088367639219795e-108,4.886263518431961e-77,2.206017341571097e-57,8.032804261327565e-83,1.6053100782474185e-49,0.0022240400997742393,5.469260875727814e-16,2.2487736926207464e-139,7.5238131623177705e-90,5.052725858999015e-199,9.717994192778828e-221,5.96120131573607e-253,1.8769642301668962e-173,3.1500831758460525e-229,1.0837299204306834e-236,1.8808302109150077e-200,2.140708956313118e-236,4.3432806068023345e-277,9.424384269513577e-86,4.597446328616765e-234,1.0065742816168354e-203,2.0048185910236728e-128,0.0,0.0,0.0,0.0,0.0
6.777158126084383e-9,0.9999394792240924,6.051399824094537e-5,6.716661558189123e-14,3.659938584619129e-61,1.8087344192508297e-47,4.4104571809847423e-13,6.9616678568257324e-65,1.4219394358254882e-40,4.1678289392911504e-54,1.3855597736324904e-50,9.701487840459534e-139,2.1889386666195598e-178,5.524438993152985e-158,4.56317316539127e-196,3.8145396152292135e-250,3.6261416018898706e-210,2.306504432132746e-154,5.869623134045136e-153,8.338449985128656e-199,1.0142246666137946e-130,9.005739815128421e-256,7.694343457597113e-140,2.790479746078123e-195,2.32738898417012e-181,3.891544830552569e-39,0.0,0.0,0.0,0.0,0.0
6.233895279904564e-33,0.18588866364592546,0.8111166720776165,2.914156963476635e-16,1.4920321484541539e-46,0.002994657712393945,1.1569671563361156e-24,4.512396164751293e-17,6.564063678940263e-9,3.8814314036398885e-42,3.024100937046763e-20,1.3797258938568288e-77,2.685502477178113e-115,7.626651001429683e-118,7.00899409141817e-136,2.753407472374778e-182,9.649692151050767e-152,2.5378384754566078e-142,9.845843637670776e-125,6.012722207334781e-109,2.2869117530777257e-108,1.1323138469900576e-115,9.695806076775662e-88,3.2533712688861185e-165,3.864254332412438e-149,1.7774362040256462e-87,2.91459713933787e-258,0.0,0.0,0.0,0.0
1.5223033945299123e-15,0.9964438634829251,0.0035561365152650846,7.453736544403032e-35,1.6626098526081407e-58,1.8082523124596172e-12,6.490787786622051e-32,3.6966047040592922e-37,1.521156478904234e-35,5.487891250187553e-61,1.0481941816050262e-27,3.3653924095657144e-139,2.4920663531057522e-175,6.568491029859868e-178,2.1813060153564978e-190,1.6094823789555145e-221,3.306612661167621e-226,9.565055649717004e-193,5.644925368211909e-168,5.951235072194002e-184,8.228182500954333e-174,6.713273053715974e-216,1.0048726833662921e-129,5.9905925333791284e-204,6.4646606055065895e-214,8.547881700174947e-77,2.5648450674164868e-284,0.0,0.0,0.0,0.0
2.1207300653711608e-91,1.1034245794281514e-15,0.002890337438748793,0.7191386328868532,0.1927789904767199,0.031021723621736996,0.0193253604133507,0.02700019403535312,1.6531631073263408e-10,6.754597634682369e-5,0.004501302376586983,5.188835592512452e-12,5.978123031452512e-5,3.101420836627136e-7,1.3634345969453266e-33,5.289707124090505e-47,1.114883787694334e-30,1.8129195111549722e-38,1.2560402620046367e-14,3.537137489053036e-10,1.0606318606237482e-42,1.3951231082393005e-6,2.0171706654265682e-5,0.0031942540479102132,4.920979403798447e-54,1.241864893558121e-64,6.952479145640883e-135,1.3670681348910944e-147,3.227247712700557e-135,3.483440517296995e-285,0.0
1.1946320479259216e-14,0.9984006193186644,0.0015993806813237165,3.904376191931106e-28,4.894940062605402e-55,1.9642873298482538e-17,1.298098493207259e-19,1.169073131456817e-45,1.5003612508472344e-38,3.85927994233301e-54,8.577669740218023e-30,2.634310263534948e-134,6.446997674735591e-172,5.444436625363144e-146,4.144848953045282e-161,4.2310366905765805e-195,3.208947365728508e-212,1.0209746747251929e-181,1.4273333678223313e-133,3.7397823811774053e-163,1.1109623452191981e-139,4.3707884693601897e-197,2.6800305413851595e-112,2.5633209927735527e-183,1.2077623321203854e-161,2.4400728265763293e-70,1.4515724712030928e-271,2.41955452075e-313,0.0,0.0,0.0
4.585953523344794e-35,0.00032228656684374975,0.06906171012422674,0.04134780448668493,0.27670032060575167,3.672092866623831e-6,0.21267326506206685,0.06785299623128435,0.16738189083974092,0.0038256126481201755,0.11003020380485054,0.01376095261743536,6.486888794836416e-10,3.443354048579817e-14,0.0178159434942905,4.296468509072443e-10,7.7631416177057865e-19,0.019223304618223108,7.579356307913381e-16,1.169090143900834e-28,2.7057251859956655e-17,3.572924051110734e-8,3.0527760927432432e-19,2.8155264458604414e-15,1.0922900523076246e-38,1.1414265872102667e-29,1.9472953842690677e-73,4.307417605965717e-77,8.38778186243375e-298,0.0,0.0
1.6060239816607042e-32,0.8267523454193038,0.1732445783547161,2.075232539623915e-10,7.751470580866932e-86,1.8367750579936494e-61,2.2355306144153632e-61,1.0386129720363674e-13,1.5675334733972136e-21,6.534634351239573e-53,3.0760183529288787e-6,2.766689151749181e-73,1.5395460714680878e-50,3.8975567239782505e-148,2.3639066097889643e-158,3.007024278004659e-248,1.4964778464738736e-93,7.465216431759071e-204,3.629356096072288e-199,2.3727313802218102e-147,4.9481089075880147e-188,1.9144196061097494e-228,8.731408488557208e-50,4.953138681009297e-155,1.4289253259317498e-177,6.671725653048969e-196,0.0,0.0,0.0,0.0,0.0
1.7458236592064188e-53,0.0003993857648178294,0.9995912477133628,9.355152539921433e-6,5.593602683369985e-26,9.378033721687638e-21,3.1846376209303744e-10,9.990493032804725e-9,1.8854274500730395e-15,5.441695615295112e-10,2.5870964497120104e-25,5.161511417317666e-10,2.4426046716087477e-29,7.889919483792595e-32,1.0820471424463309e-74,2.1099301109985328e-225,6.342875107053181e-102,2.433882727140944e-127,2.4034695961538637e-167,1.8259663693270255e-22,3.6266894876961214e-126,2.37394520110369e-139,4.363100642075312e-53,4.541874031278126e-108,5.175462570492331e-152,1.8181891768822525e-179,0.0,0.0,0.0,0.0,0.0
9.654482207763755e-26,0.9844836091882954,0.007332675401524309,8.12829593833864e-19,3.0990958748626934e-62,6.074045419750297e-46,4.353379413792683e-34,0.008183714714227044,2.906233367750268e-28,1.0817045208880901e-35,6.959533453865338e-10,6.971002960907135e-52,1.8527009299252216e-65,1.0228156762455822e-95,4.51507561376511e-95,1.6043035070035451e-115,2.1366567714596473e-96,3.5876738488657444e-123,1.2156855727076009e-118,8.117940190567681e-112,3.6024089267373226e-110,1.4773689907395715e-127,7.50126966805315e-39,1.0540786009272127e-107,7.421812221058987e-115,2.4525016752929117e-80,1.9139052718109646e-235,1.4579845138397406e-287,0.0,0.0,0.0
2.803546464669597e-48,0.005798432543306965,0.9782448653199697,0.015666219450242748,0.00029028360157243836,5.1478133969775224e-14,1.9908041867891214e-7,8.6486070694767e-27,4.852307439434514e-53,3.528444189784158e-16,4.437525618573245e-12,1.025157701929014e-37,2.4061586465606747e-54,7.834618350225923e-83,5.28797106092627e-90,2.3670755077168736e-225,5.424934697935303e-185,1.9993224822885993e-148,3.2451811718585904e-197,5.660982840471182e-65,2.0559807566052075e-122,5.224868733329437e-183,2.5361209509043213e-90,2.387322056339554e-176,4.648840228213906e-196,7.514102563180436e-166,3.86227799549782e-260,0.0,0.0,0.0,0.0
6.51188272169699e-22,0.9273867799380499,0.07047973235483393,0.0021334873071274687,3.8486110992583343e-50,3.153815315052271e-10,8.460735157169489e-11,1.0741622078112717e-42,4.3972581638656483e-38,1.5579433609743765e-56,3.908666345052917e-43,9.102066064279047e-113,2.5047399867794793e-167,1.0319441000110072e-206,6.972962785943829e-191,3.938605357346631e-256,3.5484269775930895e-224,1.4970941420493196e-169,5.152205105779272e-211,1.7241007156763726e-179,1.0112601024218943e-148,6.193588971452415e-238,6.171959393119553e-151,5.388127588612243e-230,7.500297037642869e-197,6.453398598513884e-54,5.107695e-318,0.0,0.0,0.0,0.0
9.045648835404958e-165,1.5294440169342336e-42,0.005312562257526644,0.25382822200039035,0.4696824244004843,0.10819010958924222,0.030053567151613256,0.04129598990545121,0.0359399250824868,7.919102412794605e-8,0.008153249300512063,4.7207800432417884e-30,0.01539806136884757,3.682648775730773e-7,2.4273323542189835e-60,1.284704368703947e-57,7.757138833285553e-18,0.0033367238443463465,0.013575535315098948,0.008766031787030755,5.5290790053735067e-17,0.0021872904319994576,2.0883242557002174e-31,0.004279689547110468,1.7056195790922874e-7,1.8779319496209316e-21,1.681395383620556e-68,6.358120443311119e-40,2.5680983696417967e-28,1.939913928472385e-227,0.0
2.1857574479890247e-19,0.8146549210915992,0.1845738216284422,2.802752752169187e-9,1.248397991231551e-6,1.6194079341728627e-39,6.472448008095616e-6,3.4098327026830275e-55,6.938713400376482e-70,8.741167518288093e-26,0.0007635336312065516,1.2384859029456862e-76,1.6569451868567858e-113,3.743323240989587e-154,5.888075823177629e-159,3.213351468679733e-283,1.8272698513563822e-226,2.5663083061928887e-146,1.9306609264957173e-248,1.2577053505819367e-112,3.20620268260579e-148,1.3833770047468185e-235,3.8047449642314585e-140,9.026427185542258e-224,2.4807730601783432e-225,4.129111589912594e-168,0.0,0.0,0.0,0.0,0.0
1.290765323166245e-9,0.9838854740192952,0.002636899446549185,2.58873051180176e-18,6.787187713980908e-32,5.640074588185441e-37,0.013477625243390568,3.760433860692024e-51,2.1403131653497117e-43,7.796704959863675e-27,8.992530721838893e-25,2.8197527125386976e-82,7.142054052638494e-160,9.133436009972264e-181,1.6349779021630017e-148,3.261446122359023e-232,4.647485171861077e-228,2.891856754068683e-136,3.84241667521424e-152,4.0631339102021124e-180,5.963218588059581e-142,5.042022789133401e-205,8.961397429399283e-130,5.8531799653103135e-167,9.14739093002051e-177,7.165957402483894e-55,0.0,0.0,0.0,0.0,0.0
7.836773274608704e-92,3.234698008867398e-5,0.9806355455459372,0.011148044077867193,1.1336169156540263e-5,8.221189158511304e-13,0.00045455632047271884,1.351772559735541e-8,0.004473440921838323,0.0032447103871942155,6.078855953571801e-9,4.1331759055474426e-14,8.603908728583603e-37,1.299848848530463e-18,8.348832245756567e-39,1.6548630647689796e-160,9.849145163251283e-83,7.765977126013412e-59,2.7616227049678e-94,1.7111341692091115e-28,1.0338844785492683e-25,5.608403672359301e-63,1.4237715252370202e-33,3.3799381868434644e-44,2.287074419215052e-86,4.724282388399275e-170,4.478975665118965e-212,0.0,0.0,0.0,0.0
2.512361097731588e-54,1.3805137506331278e-5,0.521328428554803,0.18106446599593945,0.07566827027997294,2.3931191187284475e-10,3.9791764486453904e-7,3.8228698752711896e-16,8.177800417582367e-5,0.22184285387063976,3.5218874456515425e-19,5.591868383445607e-15,3.709395256123933e-37,2.8372624114354545e-23,2.9113087659819327e-26,6.1712228171379704e-30,2.65130647862936e-19,1.0444196547850412e-22,5.958789987308773e-30,1.680059745081046e-51,1.7818829434767234e-56,1.984906193531636e-87,4.756781665660664e-17,1.0627231165207806e-71,9.200032417209883e-17,1.246608179936505e-22,8.200884659902209e-114,2.3739212247475404e-96,2.2364330185332065e-272,0.0,0.0
2.5529155783492503e-170,1.2797550068481108e-19,6.517313543209893e-26,5.0188986789570285e-12,3.0829699550179357e-10,2.7562393476249798e-9,1.3663916852526754e-9,1.6061276517178108e-19,0.003987514971384137,2.1543756571201297e-10,0.010369577800574663,0.007523051359322079,2.644087755508708e-10,0.022995462294605567,0.03008197956378795,0.07413066673967206,0.11944177600586371,0.10122798792884334,0.07224096226563224,0.06516197926167497,0.057787500900821846,0.07106281141267094,0.050608846940440676,0.05699483793449688,0.06683279220951162,0.07747376595785456,0.06500238877226587,0.03500128626198926,0.0054078948338442245,0.006666911668950347,0.0
7.048462161760772e-35,0.03342297638463642,0.9665767079847156,2.945745394222341e-7,2.7712181988500503e-9,6.3071304708299415e-21,1.8284609003287632e-8,3.0879393962243635e-33,7.278826700721211e-34,1.2606862741298785e-16,2.813400703977833e-13,3.1712568049991816e-24,2.7217725699480335e-69,2.461892923920226e-90,4.335750472246267e-87,9.904802532190743e-209,4.343828131692216e-149,2.64917586334323e-144,1.5687608227309613e-153,1.528223974887622e-76,8.194615156613775e-94,1.0998206414692345e-151,1.929240625533447e-78,1.5671146885013732e-141,2.900336391996926e-137,2.526145368774389e-115,1.0655221643653798e-299,0.0,0.0,0.0,0.0
4.236543803227382e-31,0.0005452680051789531,0.9079714227261501,0.00346619598500028,2.1468475392229375e-7,0.07453506177279004,0.000612055520020276,0.0021313049765251087,6.6625012010647e-10,0.010617783199300021,1.5969207094482618e-15,1.02024551835811e-12,3.6508731230047323e-32,1.5088642765551036e-7,7.407073655807681e-37,1.0469161306813085e-34,6.278954116076106e-42,2.1594566605931048e-44,1.933778115702965e-9,5.5084828480186915e-17,1.7133495042447265e-19,1.2686171750395847e-62,3.863793351650288e-11,4.514304459997456e-52,1.0744086019310689e-42,0.0001205396041656518,1.7348520036070136e-96,5.43933384195298e-108,5.3107005998193435e-256,1.3327676155665686e-307,0.0
5.089444807965084e-19,0.9743587984263589,0.025019957554514145,1.8667503352447558e-29,1.6703751024774656e-61,9.800115898014277e-42,3.657373403017765e-55,3.7580944327225706e-11,1.1118085155854539e-48,9.049627548976753e-41,0.0006212439815459629,7.031124694842283e-96,4.767607513640869e-143,7.058300538829886e-142,6.722747142411865e-200,3.2644422823732896e-195,1.6258933429288894e-184,3.085089858216888e-220,3.451329782494069e-200,2.6129983096115824e-146,1.1139573799550475e-174,4.868950935277181e-214,2.4490164780251285e-78,1.3972759225774608e-195,2.2577331124384447e-244,3.349074709590197e-174,0.0,0.0,0.0,0.0,0.0
1.249985568975974e-90,2.6115602477579034e-18,0.0011128312863870255,0.03280553516809299,0.03263348672822698,0.050993584570708704,0.10932713830947692,0.08358710469105125,0.047546019095292796,0.11575870092498546,0.0840476451344106,0.05531428689587747,0.07886175590905636,0.044814624266548454,0.06784369352255303,0.03564713718677698,0.032796588891230626,0.008046693262989596,0.02647365632486225,0.021070332551316386,0.03769066412378574,0.011393320589694458,0.0068647343372180165,3.1513635096876823e-22,0.009778683620795038,0.0040266055009835966,1.0915721797057512e-57,1.4267770751381662e-76,0.0015651771076793293,2.104496289098318e-298,0.0
1.222729245038001e-15,0.7816113578275257,0.21838864170010816,1.7330788110144274e-11,9.81592072710185e-19,1.2131166759470044e-46,4.5501250025581153e-10,4.565254582823927e-66,4.0809255839500096e-68,1.8057234453078727e-14,3.5554461546024485e-15,7.81787844612118e-83,8.4650909219575e-134,3.41146300383826e-171,8.842762333577365e-162,1.4562675995311794e-267,2.6121482103418427e-249,1.9552441237891224e-148,1.2506866022293808e-208,1.3581056116973975e-118,2.5089479238333946e-172,2.3551964914153267e-238,1.129419935704251e-150,6.349171005224524e-241,2.0267659501080284e-188,1.3599655314209837e-113,0.0,0.0,0.0,0.0,0.0
1.3681537583289827e-57,0.00010042033309005489,0.020367865443201308,0.0261510860757619,0.14984914878500025,1.5674024895428334e-6,1.1869263175708516e-6,0.003640610398911378,0.47490023192805353,0.12497990424989054,6.634230873115962e-7,4.732407688193559e-10,0.0792287917058996,8.166121913578083e-5,3.1726744214597405e-15,6.358404518321965e-16,7.934929352391226e-6,1.0423779664636908e-13,0.00014905805908308528,0.032395235574361504,2.7432196649893844e-10,6.056183615721872e-8,0.06813565225527886,1.561309363404411e-16,0.02000891998157823,4.2050753614001505e-20,2.7686497675389986e-44,4.336100226444554e-26,4.302297876955533e-133,5.650544921361862e-140,0.0
1.821561079559975e-33,0.0017341736059072,0.9982321682016378,3.154248086627578e-5,2.8886779007137945e-26,1.5110229448327575e-8,2.1006009405586397e-6,4.1882955640808433e-13,1.3919383650740288e-18,6.831409880843634e-24,1.3688060466620018e-32,4.257605559073813e-34,6.657412329913861e-53,2.655156495510297e-57,3.216867720094777e-60,1.9972648778366016e-96,4.544030915078522e-72,1.1083863705009222e-71,9.890352213289725e-73,3.55067283725994e-55,4.9022194097917445e-46,1.3818156977915733e-71,6.303380995501457e-40,4.913389986202964e-67,4.144807257175234e-86,9.63497813490293e-17,9.595642271119795e-156,1.2000174286441214e-216,4.661e-320,2.2047113605258036e-307,0.0
1.6898232199854433e-13,0.8448492715302716,0.15460094563236754,4.703983235103449e-31,3.931645374782568e-77,2.670514701912252e-62,2.3288949458026192e-26,2.8147063355907564e-85,5.109868853953329e-31,4.504689295918767e-19,0.0005497828371918097,3.5551272564846993e-121,3.827862284800847e-159,7.364579735758176e-193,3.4350744702653214e-201,2.1776781810315838e-238,1.952358283980262e-220,1.1542944888559147e-155,6.009736155808035e-215,2.1292418292939452e-183,2.1054407461352988e-219,1.8682947678957298e-280,4.529249492514182e-134,1.752776920426211e-231,1.4156091895134963e-189,3.064199113483707e-76,0.0,0.0,0.0,0.0,0.0
8.797657664763051e-20,0.8458126064409878,0.15342202952888623,1.2893764193594324e-15,8.38347347457539e-6,3.167283483777106e-22,2.334319999271062e-5,2.415835255432037e-39,4.14904394461195e-40,1.384149369728846e-34,0.0007336373566571397,2.3619965734323054e-71,5.497655728540079e-116,1.1092993064195295e-104,4.7638512914089705e-105,3.5480744458820473e-203,1.5104454336225755e-155,3.396180062707633e-103,1.217303745450855e-125,4.6222338607656497e-107,2.797323080527398e-84,4.0950013141365684e-163,1.4962313433458455e-81,1.7483533508750393e-114,5.417140081203658e-152,7.288964595592084e-82,3.4803704513008416e-305,2.8664135640843755e-308,0.0,0.0,0.0
5.9354417255240944e-30,0.23443002710725516,0.7643671953113566,1.2829084475673901e-5,1.535880256861811e-49,0.001189948496912167,2.2914139384331333e-16,5.436846071795655e-19,7.02347317210641e-26,4.913941517730945e-44,9.469149062183273e-42,1.357464469354856e-75,1.290111289633338e-110,5.222700723410953e-140,3.148371053680088e-128,1.4080410976645082e-191,9.636321523854291e-153,6.690639568397284e-138,4.1528868593570894e-139,1.1444384765933681e-133,8.072376221021343e-97,3.216433702542443e-137,6.042245203293226e-87,1.2695529541439923e-160,5.8360175904972585e-149,1.7055477247049405e-60,3.3558299772798514e-289,0.0,0.0,0.0,0.0
8.618153420097204e-14,0.8881157639319823,0.11071895517831926,6.630115870878712e-8,0.001161620902400549,1.4434179973231984e-8,3.1796449883199765e-10,1.1336061501740083e-7,8.325780060828169e-13,3.0046164866243993e-7,3.1647207548640275e-6,5.241992356795067e-11,3.8456555463208823e-34,7.193159804719368e-16,1.8305523719669354e-40,2.199421640979627e-53,3.096417520947956e-29,2.3606645045518186e-61,1.4783213915503964e-31,6.896449959827005e-34,2.214596883724167e-20,2.0799482874224428e-75,3.557961939437131e-17,7.188823674049351e-51,1.2961601368026318e-63,3.376367483140303e-10,1.3493554604983522e-99,2.8888055121295385e-138,1.3237054853188783e-227,2.3939763907576448e-287,0.0
1.6925073090509e-42,6.998155957154402e-7,0.934992017396832,0.03759890449865131,0.02042152457650204,0.006616392853649698,9.477898326281467e-8,1.4207584227697598e-10,1.4847415373762725e-6,1.336986972917555e-15,4.003926345506493e-21,0.00036881805169453367,2.2899427677554996e-13,2.2216403088540947e-18,1.0841051440383971e-16,1.5843389318435746e-57,1.5210712625086804e-74,1.3476076155078602e-13,2.789962723216789e-54,2.583231620572323e-35,6.31440454023125e-8,6.754204624778108e-14,2.2756853405042944e-28,2.4846604952863132e-36,3.9271186693503132e-84,2.5916407643491426e-104,2.3601466858477963e-156,9.104967446157053e-204,1.727551442968676e-236,0.0,0.0
2.2156975436134988e-94,9.749643572821373e-19,0.050026293564380035,0.8627292110447653,3.8615203445284424e-11,2.6886496841591175e-13,0.04199997114867755,5.449956429322168e-10,6.872678910902847e-9,0.0447172758911578,3.1427379711829824e-13,0.00021682817370170278,9.972627132799326e-10,6.1902156457924285e-6,0.00022820004590197232,4.632992868587565e-93,1.5138663508764537e-41,2.0898974725134114e-32,9.988355451075958e-45,2.840787352988535e-57,2.412289462178381e-56,3.378733984764575e-30,7.6021461633951e-5,2.1170727197454226e-42,2.090800682278215e-112,4.715438025381581e-126,2.3654357471488046e-187,1.2457585310821309e-254,7.461448870618075e-249,0.0,0.0
2.9813697786092977e-71,2.600850646385656e-6,0.89615668854646,0.0014409585895788402,1.3610578926441154e-10,7.021865861124136e-17,1.742487250345869e-8,0.10239904478277742,6.895986775023582e-7,1.2842783900488136e-12,5.5835303692020555e-15,6.959177861776307e-11,1.282804417772743e-28,1.061987816238035e-43,9.037768519675304e-27,1.9332516881095394e-146,3.9116747370419575e-75,1.497090506117502e-105,2.601838058784059e-106,2.224583876471564e-37,1.7156208737232338e-54,2.5529281845894145e-67,5.5528759820892605e-30,4.619835086590094e-62,1.0216846961284598e-105,9.174916036082331e-122,9.811809278973342e-225,3.437222629e-312,1.3126231403848561e-278,0.0,0.0
1.0224176245606581e-15,0.9490240137622374,0.05079613040201619,0.0001798558357454218,6.331636206995533e-44,1.575151856214037e-31,1.454796940805226e-20,7.078478828805367e-45,1.1171935156551236e-42,1.58597513624063e-50,1.6688054565675793e-36,6.46554281060903e-109,1.7990902551393114e-158,1.574841830031715e-150,4.145283908897739e-170,5.205591966936934e-232,3.1065140533331645e-196,2.2503074695332504e-147,1.3101842412281624e-151,1.0703141740903574e-169,9.347543876839429e-129,1.245794572227626e-225,1.3661170012739946e-129,3.89271984330638e-197,5.2589923537154675e-173,3.272918962999045e-46,0.0,0.0,0.0,0.0,0.0
4.144621677417276e-77,8.391857435209498e-10,0.3880296810594772,0.6005330983596988,1.2397432025663797e-5,7.997217604994565e-7,3.980978212020397e-7,2.435176658438272e-7,6.264870982288874e-15,1.976723042163032e-8,6.713364759811092e-15,0.011011153092326574,0.00041220773816078536,3.0928067842455774e-18,3.7459653744825113e-10,5.057789508748197e-118,1.432312544767171e-69,1.476456549686238e-62,9.830418145372876e-89,2.97694813960081e-35,2.2235102619170267e-50,1.9390838837066768e-58,3.788909077225078e-14,2.032062772063578e-64,3.135125585299238e-102,6.630449051330942e-140,1.4209054289998037e-190,3.493653274157e-294,1.1178693255955495e-214,0.0,0.0
1.5240516343666924e-131,9.741297644011426e-27,0.04480128492638368,0.9438826771692648,0.0029082933282737694,0.00015378355534266771,0.00019261352628065456,3.668276037781725e-11,1.510365948616836e-8,0.0005597761391671908,0.006454000258678532,1.3897630278563401e-12,1.663444394907414e-15,1.1389567311106056e-6,4.190398353153363e-35,2.718739062090445e-94,1.8117983224063905e-24,1.2223082224982178e-65,1.211359420280901e-25,5.4771206621982415e-37,3.8475215927132834e-57,9.958633762016518e-63,0.0010464169980151869,1.2863047028023344e-13,1.8179501564659662e-88,3.4601576803246594e-132,1.736759371189393e-179,2.098250577685329e-268,1.7109075749455724e-245,0.0,0.0
0.8976642841345571,0.10233571578363672,8.180602174337905e-11,8.753512055671232e-70,1.622787983605444e-117,2.9126643517370403e-95,2.7712416007209804e-51,1.0476035910664706e-112,6.433073381049322e-57,5.569308254483742e-49,2.4177217040540483e-49,3.737616608339298e-205,1.839356932532846e-143,3.991014578406684e-237,1.1484550737924134e-286,0.0,1.8186022818169068e-250,1.632782021496386e-243,6.551835362598672e-256,8.851439754753e-312,1.1568766060855874e-274,7.0568610835397e-311,8.328839870342196e-183,8.135345772791032e-254,9.76605236699987e-292,2.5466151146851664e-126,0.0,0.0,0.0,0.0,0.0
0.028864249964284883,0.6936129728925627,0.10831335288771826,6.189029301026487e-8,0.0011714395912039311,0.012220772768075408,0.03927297200819099,0.03196344138599822,0.0002181573095489276,0.06967008426962533,0.00031133398351460413,0.0070647498106796896,5.636265434487767e-25,7.96410015046224e-31,3.446854599532398e-31,1.90987953720092e-14,1.2077726720636955e-43,5.930500945556212e-37,6.649553074322229e-19,1.332799824395054e-36,1.1840205685931595e-32,2.7916772378438866e-54,7.896641138264422e-11,5.620224147912125e-35,1.9088407402875114e-55,0.007316411159318332,2.2176375864158344e-62,7.639801240881979e-104,8.432700684925908e-265,8.223732140017748e-239,0.0
7.782582262757935e-39,0.007661993565448872,0.9647561777792717,6.042349349986996e-8,0.01691641375932429,1.2144268670885503e-11,4.975623112715183e-7,3.657070736167567e-19,1.6971727143921034e-37,1.3958485327183395e-18,0.010664856898006125,3.749273047920247e-32,1.569502136992488e-70,1.621602028771328e-98,1.6486780103016192e-61,4.5325643508183175e-187,3.463348615185569e-151,9.72624769020127e-105,2.091068738385851e-152,2.0044400595026537e-75,2.2465156374140668e-66,2.9347123827641147e-106,1.0808845720921693e-71,1.2454072266448397e-136,1.4012908459929084e-154,5.740713901546485e-116,8.57666299735579e-238,0.0,0.0,0.0,0.0
2.640185104464271e-41,2.5640902124675253e-5,0.5762894396034001,0.2810554321462632,0.0007482617917277086,0.007426088264865612,0.0004194040440644014,0.13385957923494404,2.1391625473291286e-6,0.000171912397434408,1.5495513594435515e-8,2.086797261837846e-6,1.5985325791152275e-10,1.4822945642645112e-27,1.9142440918966444e-21,1.3672864495325832e-23,1.890388959880404e-19,2.1285021396389747e-25,1.8836435787532733e-42,5.188649325292304e-26,2.210375396685975e-18,7.198097844592469e-38,3.6753288834454396e-22,2.0334842581919188e-37,3.15636295657271e-56,3.3068337566931436e-47,1.1599489040531934e-94,2.2137074469139566e-171,0.0,0.0,0.0
8.228746928066441e-119,2.0373785755745668e-16,0.5433105058361728,0.4350858083726893,5.426289213951418e-6,2.3595099047224184e-7,0.0006228815634005287,7.461209318387482e-11,2.0728809399184815e-8,0.003274466760164023,1.0416100434850795e-16,4.906635887338578e-6,0.0076756053463412,2.2774188004285835e-14,5.497913492855654e-14,2.470535688095053e-67,7.104517792899628e-27,4.766749309185464e-28,5.931267672713926e-33,2.570788021834382e-40,2.6439037591244196e-20,1.1523569310507791e-29,0.010020142441620214,2.0739560767520386e-14,1.1952201469901971e-88,1.4331107235672148e-74,3.966708928635438e-164,2.0655212563254697e-183,4.964984011545583e-152,0.0,0.0
2.2045066904873577e-17,0.8078827496532129,0.1905435490871886,4.3049915845923094e-13,1.174148583730853e-6,1.58811669391109e-36,0.001572521705427312,1.5251337422667955e-53,9.251727550051478e-65,2.3977095992866482e-27,5.405156912389434e-9,6.970580895819812e-70,1.2947258418638415e-126,2.9253629469128363e-159,1.1084798873356347e-145,4.345428530520125e-242,4.4299232389195e-200,1.8996514228454547e-136,2.8587074762883893e-155,1.7208565135677685e-104,1.7117665444391845e-122,5.414490722906351e-203,1.387104706917674e-127,1.958652981661504e-182,9.070004424099748e-182,1.0625859503072401e-98,0.0,0.0,0.0,0.0,0.0
3.4661841910030644e-36,0.008961411052638096,0.9910385886349625,3.0964591198864305e-10,3.881898178897453e-37,3.856052322574923e-35,9.965331492511725e-22,4.374991452792615e-29,1.0282537735008712e-22,1.5987855814480223e-17,2.753355278268582e-12,2.0655328855774076e-29,1.6452130047357143e-63,1.4361970956121255e-76,8.130798789543951e-86,1.900528233461791e-236,2.6663464617423466e-119,1.8677628362491142e-152,9.123568861284211e-202,6.50218598875924e-42,2.1945896113601114e-134,1.603675286723158e-156,1.2996172347559267e-38,3.409923053787502e-140,1.705911613718308e-175,5.721408023358198e-213,0.0,0.0,0.0,0.0,0.0
1.970333426210642e-99,2.9583755842650653e-5,0.6742203463269547,0.28856202964660854,0.018995371442098487,5.779231480497893e-15,2.99378067707805e-5,1.837326027697036e-11,0.001991150134124412,2.6811788098464196e-8,9.96366241669471e-12,0.011447413185682011,1.0690800733776873e-22,0.004162371350514945,2.4276839348121902e-24,2.9979903737764038e-93,9.370288964464212e-58,5.360310933819401e-28,9.408555212190156e-66,0.0005610498514694013,7.19659803386916e-7,6.93789710149428e-42,3.688482824065003e-23,3.7524849766457956e-36,6.176493238293251e-49,1.712749599629694e-96,2.2632607421015277e-148,5.0152638377908486e-204,1.2285764197287767e-224,5.288010373568195e-292,0.0
2.512039913735346e-20,0.6182882573711607,0.3817117412068519,2.1297059836145924e-25,1.1559209752822197e-51,7.135910238841494e-15,3.534553894048683e-29,2.662699027101727e-15,1.905181364691692e-20,6.921791285972546e-46,1.4219775892191755e-9,2.6831758524434696e-75,5.3874019836505e-106,5.658727881281495e-119,1.8152385909850656e-129,2.092352732883631e-145,9.33533059127925e-127,9.744984820361531e-146,9.401946699142026e-107,7.194865335317062e-126,1.2149377815420526e-135,3.647253973225107e-137,8.72957449852553e-50,3.089169055155131e-134,1.2078423997512298e-126,6.538902221831508e-73,1.6222673143666475e-192,7.041504770704678e-262,0.0,0.0,0.0
5.559476911423176e-27,5.07435150975445e-6,0.4753078203694087,2.7292393194473084e-6,2.1046683125329866e-11,3.5112124834631547e-14,0.4748164432256182,0.012586846020595037,4.3738661379523256e-8,8.519439538442563e-19,1.2442990105225621e-16,7.235304410507465e-33,0.03728104303380534,8.097571391278692e-41,5.616456697602501e-52,7.83440897925074e-106,6.7940559479093366e-31,3.639363082496311e-71,4.398891841677146e-68,1.450515852444402e-51,3.828376510273208e-42,4.083806171697047e-69,1.4498866028387166e-37,2.696166072920204e-53,4.892129838724937e-95,4.225184072362318e-34,8.510118739854549e-142,1.185746937764309e-219,0.0,0.0,0.0
1.5081190826747236e-30,0.05386052668974889,0.9338937216158012,1.7846888777617195e-12,9.451339415811907e-63,7.028342244090085e-21,4.774847900507241e-20,0.0061385165645679906,1.6754046734724527e-28,7.41230064589711e-24,0.006107235128096954,2.93903748256896e-43,1.4833234879463254e-108,3.2597228263512447e-115,3.885555263444154e-148,6.900904608270698e-196,1.034765025688562e-137,4.5042062944041635e-203,5.732925174874385e-161,5.700873071451887e-96,2.1080865930305865e-123,8.48544488910573e-166,2.0991846384021765e-77,6.000290798349074e-167,1.735933593848859e-179,9.289808434157005e-111,1.834765586512623e-273,0.0,0.0,0.0,0.0
4.262163296081722e-11,0.9999049674348993,9.503252247515168e-5,9.411630477988208e-38,3.798370022493643e-64,3.8685240486348084e-15,1.5637610147250255e-33,7.180009582987967e-50,1.491792675057667e-47,1.616354710894652e-67,3.0280335501911874e-36,1.2324122166670925e-174,8.300653807311046e-180,3.80685276711399e-204,9.868627607212583e-227,2.2582262406305398e-257,1.563225964638751e-232,2.891269135830425e-256,8.767909144394262e-203,5.691932554147117e-215,5.035087194867988e-227,7.207730772778132e-285,2.7110838645321514e-123,2.6792403231086754e-221,2.6285486445084467e-228,1.7992630383738904e-78,2.8357540934795983e-264,0.0,0.0,0.0,0.0
4.676095709226199e-134,1.3675150530110202e-10,2.5655457199882334e-5,0.06636526029093065,0.0005150047455329637,0.1627409122632456,0.016845785202334918,0.1086907215907241,0.0027005869579617126,0.11746794836858433,0.07748244717217531,0.09438295344912664,0.10377217086398226,0.07297781246571014,0.09806997221409601,0.061207863592121346,0.00013230278985592307,8.757364964957139e-5,2.900482861671844e-10,0.0012400104454223513,0.0019529093571945104,0.0032542385023087966,0.010087523312865297,4.190523493633074e-11,1.0327566861648436e-7,2.435646040731627e-7,4.597140086170719e-30,1.1259483572069192e-16,4.00512957070858e-144,1.867110215896026e-176,0.0
3.289607037996005e-5,4.551382573223408e-5,0.5497665369919293,0.12456340286108053,0.0454653496878686,0.13320154218253139,0.05001218263935234,0.0341909187879164,0.00590977247665186,0.015750880329750225,0.00824090106611225,8.392304984863518e-15,4.088850069012928e-10,0.0029989525629207994,0.006203483671402099,7.754310795378035e-47,0.0060312276690235485,3.1823305766573885e-26,1.9212969162536564e-17,1.0622157329929508e-5,5.787510099762296e-10,1.4454236367489824e-33,3.6759527684965794e-10,0.017575815664778744,1.7867710256843932e-42,5.63325019880894e-45,5.103229286401714e-92,1.6195252479241964e-137,3.641126301445311e-145,0.0,0.0
7.505220422997174e-14,0.9995695758746309,0.0004304241250235308,3.2913290115949085e-31,7.773104188283882e-69,2.7056475282341717e-13,1.0039543513740927e-44,5.229808795954175e-33,1.619179555228098e-35,1.311930739076212e-44,2.1441673318224506e-24,5.57541959836478e-117,2.2383522499449157e-104,4.943065640921917e-130,5.6900894163510845e-115,4.8939887947239793e-141,8.564695046361878e-149,7.929385805311939e-180,2.249411926077012e-146,1.2306372947572857e-140,3.588379730645597e-196,1.1490642564015077e-207,9.632998151651596e-87,6.447942431288704e-177,9.688407875890788e-146,1.1130536138278157e-97,3.516742420024263e-153,4.5637771309461e-310,0.0,0.0,0.0
5.935208106176208e-57,0.0011068970891457497,0.9910144959667172,0.007871897898391036,6.10245034059287e-6,4.3965423264803015e-9,5.2746500438075044e-18,6.021988385111887e-7,4.1710912978362484e-20,1.954249901468724e-30,2.472186073839718e-14,2.0166984335651778e-33,7.730320615421696e-66,1.3834873337388198e-47,1.423087874133535e-41,4.431305205372736e-168,1.6493518525284464e-107,8.871842185772476e-91,5.891415143441647e-121,1.1953992485962646e-80,1.5408613305249672e-34,9.297356823802452e-59,9.727699932714622e-44,1.0058643718139034e-96,4.016651140532384e-148,3.91990626746992e-94,4.025779156131517e-224,0.0,0.0,0.0,0.0
7.348010142049472e-70,2.7052009406338624e-5,0.9458496209055791,0.0505284740699783,3.862281266714306e-20,3.9660592158161355e-17,5.879058294128596e-8,0.002026098746688757,4.779309188913277e-24,0.0006441657821840048,2.4419240836204088e-52,5.3389694990737245e-11,0.00048469557767741783,0.0004369788099196536,2.9139313226184796e-84,7.573424349004619e-263,2.309563504063917e-135,2.3485227332418e-180,3.51099857485943e-216,2.855254593864463e-6,3.5528329937174457e-156,1.0542849022310182e-172,3.288436676955629e-79,5.2233926615215645e-160,1.873036460323661e-192,4.936836464408673e-222,0.0,0.0,0.0,0.0,0.0
2.828392834201563e-42,0.07398804090886918,0.9242126641281931,8.306807477604148e-5,4.533789396162654e-77,2.3493715579131832e-52,5.907702499525496e-17,2.8137346513712115e-30,0.0017161027250745297,2.2199289160705512e-42,1.2416308708429777e-7,5.192600497689534e-22,2.6976401295230523e-65,6.022369910038658e-119,5.123245419031615e-143,4.453837544611406e-189,1.134262093329287e-93,5.325585972209871e-175,1.4037570215760682e-190,2.699198564509908e-97,1.2660543663464505e-172,2.8130295177010004e-184,2.9267240571850645e-44,2.578458898967603e-147,1.5037910362161801e-111,6.072314548771511e-156,0.0,0.0,0.0,0.0,0.0
5.4576974086391045e-48,0.017358785502566226,0.9766559589454984,0.0012357032307908984,1.8518260505466254e-58,8.177528719725225e-46,9.814749467254282e-28,4.397053446732035e-14,4.9080098393486706e-27,2.073566090988174e-38,0.00474955232110067,3.2983857371374747e-31,2.2839120023253447e-20,2.9547438641046103e-85,8.931288108900234e-124,7.019076379555532e-207,6.257741357058698e-75,6.622557333749579e-166,1.2957011222441305e-179,6.403073156077292e-106,1.258514212169353e-140,1.8464443303494767e-180,2.1774295728443433e-54,1.5431826052173928e-99,1.4733658929481065e-162,4.469242004724582e-182,3.67635319253287e-306,0.0,0.0,0.0,0.0
5.813860606559398e-37,0.043878158789939135,0.8703664265499916,0.05955284125998524,0.0002000536229362881,0.0009451330474916948,0.003979183783206621,0.00868587005611777,0.009083469559850222,1.8611134090104072e-12,2.555038552975479e-26,1.646013669669901e-12,1.542495891909156e-11,7.861897498381603e-7,0.0012919360348383141,2.527818742320645e-75,2.381554475324316e-65,6.203641240859925e-35,9.918948057983524e-78,0.00029993127485641326,0.0017162098121048315,8.028382452625259e-21,4.332837005041693e-31,5.202829403662148e-44,2.537375448705468e-46,1.9733888347621313e-111,2.0648352342651308e-199,9.574260110289814e-173,1.2860055829148e-310,0.0,0.0
5.368824938585387e-57,4.416156125418905e-11,0.7975808091031965,0.17823525259393627,1.1418143212876021e-5,0.022723175623780813,0.0011202953062678022,2.9604941740386586e-10,3.750304624216845e-10,6.42693259982301e-7,1.225842250505202e-8,0.0003283935626818824,1.9691613297178447e-17,1.8906793611368028e-21,3.1684939715792136e-19,7.492859294092923e-102,3.517631778057639e-62,6.559583059097106e-30,2.134166492838229e-68,1.1086198417393007e-55,4.258581292452348e-36,2.838956534900762e-33,1.284908514875312e-23,1.895336819915666e-43,4.8517114727220906e-101,2.0910205316988127e-105,7.41998192655975e-166,2.0776062748536704e-249,3.219897655660512e-203,0.0,0.0
8.812437606277564e-61,0.0005516853819046751,0.9985908838580797,0.0008483544599066603,3.1645340063288834e-47,2.079790972778866e-37,1.8814181903212558e-28,6.788938879065244e-14,3.154451285874578e-23,1.1587341855488433e-16,9.076300040843984e-6,2.175373434145495e-18,6.380430480110761e-47,3.974568140701945e-72,3.7370784854002224e-81,1.4311796627642206e-169,1.891739330730071e-64,1.298212136981818e-129,3.500934771151154e-142,2.3830791585937644e-74,6.664572591525918e-95,1.030624517261504e-143,6.778697664559529e-46,7.431397900262198e-92,6.37877596136267e-131,1.5950408037078808e-142,3.1391569043096953e-287,3.855224409309862e-278,0.0,0.0,0.0
2.8045662048947998e-43,7.500253135731939e-5,0.9966555384487966,0.003269417343454461,1.7972360026667383e-13,1.792759512854656e-9,3.9874805740209565e-8,1.6469259278460576e-15,1.4798374160074402e-19,8.567318908778103e-12,6.349537294729811e-21,7.779206384228066e-14,4.983070626566132e-33,1.9831373282779808e-47,8.726792042028121e-52,2.1678808053713965e-199,2.695161556334366e-98,1.9078971092918724e-116,1.7475504951074567e-145,2.3885828742257453e-39,3.805111320404176e-95,4.376639319270353e-129,1.791885908817485e-51,3.107485175221889e-93,6.245031335187652e-151,1.3610820664175663e-165,1.69756872369335e-276,0.0,0.0,0.0,0.0
1.0,0.0,0.0,0.0,0.0,0.0,0.0,0.0,0.0,0.0,0.0,0.0,0.0,0.0,0.0,0.0,0.0,0.0,0.0,0.0,0.0,0.0,0.0,0.0,0.0,0.0,0.0,0.0,0.0,0.0,0.0,0.0,0.0,0.0,0.0,0.0,0.0,0.0,0.0,0.0,0.0,0.0,0.0,0.0,0.0,0.0,0.0,0.0,0.0,0.0,0.0,0.0,0.0,0.0,0.0,0.0,0.0,0.0,0.0,0.0
3000,700,2300,2000,2500,2100,200,800,1100,600,4000,1800,1700,1300,1500,5000,4500,1000,400,1400,1600,300,100,900,3500,500,2400,1900,2200,1200,0
200:3,3000:27,1900:20,700:8,1000:11,1100:12,2200:23,0:1,5000:31,300:4,1200:13,2000:21,2500:26,3500:28,800:9,500:6,1800:19,900:10,2300:24,1300:14,2400:25,600:7,400:5,1400:15,1700:18,4000:29,2100:22,4500:30,1600:17,100:2,1500:16
