60
0.2970112788807094,1.6435078634926226e-6,6.517410243655467e-6,8.897805165476923e-30,4.433109906844104e-21,1.310041343099193e-49,5.923999021656302e-50,5.425939821708603e-7,0.00010301215465201935,5.664139039677432e-73,3.404845127943372e-53,1.7839316293277097e-14,5.312376418445641e-11,6.817160711125456e-46,3.772665078577433e-40,2.5005084263832657e-27,0.02644204732971192,1.3136826701964695e-20,9.655681611458671e-15,0.031213499371586184,1.2296565040025938e-5,0.4212914142739295,3.2279225055879394e-22,1.0341801993521164e-15,1.6149647033894179e-13,6.5144733814043305e-9,4.040429997150503e-7,0.0017684940435380248,9.888439154966254e-5,2.0252208538963777e-15,1.2874754080860543e-32,2.915826606737496e-9,6.746191411568315e-10,2.4949732111452983e-11,4.806879638860169e-9,3.2706626407497834e-13,2.77746829607251e-50,0.0010587401936179347,9.718442137910703e-15,2.046291468364177e-70,2.0136179646655352e-8,0.19424250065171678,1.798832326940739e-46,5.372706878768774e-15,4.357913683787642e-5,7.114361567761823e-41,0.00132800930117853,6.063511476244533e-17,1.1351327016872758e-63,2.938132549014141e-17,2.4999039576718216e-33,4.435967723412607e-13,0.0010362421302437393,2.95409550872479e-8,0.00013136109863250777,4.045994295969957e-17,5.2658786364663025e-11,1.0860077904886952e-22,0.024209468201322793,3.604100973913902e-16
1.0586766191389105e-9,0.5729589312714495,1.832808430935376e-15,2.036056318306501e-73,2.1306250441156145e-22,5.947840124850935e-57,3.5565061298800525e-32,2.3936383047660474e-5,8.842164774859433e-5,2.2985761387710387e-18,0.006492897917189586,0.00015482635976186597,2.865864357763597e-14,5.504165708877378e-23,6.4876591604643e-40,7.135369415255672e-53,6.276751847571725e-38,2.150710316038958e-15,2.1622068942206018e-37,3.428464117135539e-8,0.00075719076774722,0.016876709855119368,2.1981858710164564e-49,8.398805103501927e-12,7.10244469943279e-33,5.816593391353085e-11,2.6290725667324908e-14,0.00014070160891651863,0.028184663399413865,2.737277951404976e-10,0.03202545306962168,4.613908247006303e-12,3.044487331995633e-23,3.2434279068403937e-40,0.0001616603580735484,1.4416488549792041e-46,1.913037269956514e-9,0.07412636945327392,1.3537840492798233e-19,6.191564582491736e-41,4.411297684627894e-24,0.000947520789115854,1.2189450377230067e-50,0.024161827178652347,9.714088619607627e-11,6.032177640213979e-86,0.10539324096747948,0.09257112629603113,4.8026602016676957e-32,3.2880878310465717e-9,9.998417093324278e-48,1.2540814170044118e-5,0.00015947578483868825,6.029538679121276e-12,2.594937560870494e-12,1.2866253540668383e-10,3.232874743577143e-13,0.04476246495307487,1.1149213846080831e-12,1.2530358055383852e-38
0.007013325408357074,8.146051966571043e-10,2.1198839080504157e-6,3.3181649530398965e-23,9.01456553875919e-9,1.0731535716595847e-41,3.383396413052523e-15,0.008520447448936272,0.009384239591488966,7.865033003498419e-57,3.796927311610245e-37,8.867373648437051e-36,2.0883083814587475e-15,1.2827643225924252e-68,3.490460479444684e-13,3.156693593084272e-25,4.156251651844689e-7,1.3274145138098664e-6,6.514081520236138e-30,9.2038034892582e-11,1.5754850428608315e-15,1.3028257451220908e-13,2.77101055127156e-26,0.006588058667713331,0.06583289806293234,1.1259772925903703e-41,7.580031783543066e-9,0.00011561543396419956,0.004483322047753461,4.658409537794591e-19,1.0115512779137532e-20,0.1316978219021403,0.20796612816716276,2.819326916876292e-31,6.843495645993538e-5,2.0322705474492458e-20,2.576172515149179e-20,1.1384251647026926e-5,7.698069146452294e-34,0.0021473237221833912,0.010700924322323942,2.437387420252669e-16,5.795697262126423e-36,2.3086633207209358e-38,0.23628749904134191,1.0323054708330434e-64,1.2314932090019428e-13,3.203618720697828e-18,2.501797935021698e-56,0.03394206335417733,1.0298369394684541e-54,0.24258116629597495,6.346018856787227e-10,0.030937256168218578,0.001416019096693097,1.3869445174736993e-5,0.0002883215553038412,2.1590402234899522e-47,1.3280757113381237e-14,6.583117546992752e-23
1.6389680009567914e-17,0.15126055601021837,2.393203414594685e-66,4.618643973858814e-25,5.80862368648028e-92,0.10372935335726483,1.2024197014798213e-51,3.0960912616165905e-9,4.4792047875959285e-32,1.2465237889343943e-51,2.0475920574405725e-27,2.462316402212994e-111,2.1660883518562253e-21,1.2807131970934206e-22,0.03651110984815218,7.561097542879441e-19,4.856351503966551e-51,1.332762387046733e-14,7.976289835681527e-33,4.52550128594369e-40,1.1488352443723765e-48,8.209144090238385e-43,3.1043376988013514e-10,0.026352885697100755,1.5698671739221456e-44,0.06205872827543035,5.4808851553566263e-36,6.063235846083908e-12,1.9720331602714897e-15,1.0668453611115573e-48,0.0003059898168071037,0.030346627120043466,0.018291616123361984,0.07257758066106978,6.024531706094644e-42,3.1837532355597068e-71,0.09421254477333818,7.844817352453805e-30,0.045831101749328716,2.666421019912041e-18,1.5974866215926444e-58,1.6051490380053886e-9,0.27920247881368654,4.985610439850202e-41,1.480351487442245e-65,9.910714901249105e-31,1.0254501874874523e-42,2.3812718528858886e-30,1.0821011247405893e-57,1.5469576238020597e-26,7.927152460400093e-18,4.5368336281817835e-8,0.009960850789376816,4.370600223052859e-64,1.4628548324374143e-66,0.013140769135736648,1.5638247361723233e-41,6.135250079951529e-29,2.343460319335628e-44,0.05621775744299535
7.028678082172223e-7,1.9286601319976421e-25,2.5852667102509525e-40,1.444061996417865e-18,0.17633116901250792,1.7913990008189836e-54,7.1564152731658705e-37,1.38604898169268e-9,1.5758650699626145e-33,1.653021296956512e-8,4.102991679726195e-59,2.7034954611466436e-32,2.521872013149874e-31,0.003143711467567484,6.808306460391054e-46,2.427535054581154e-95,5.617234567668063e-13,0.00029712000720511265,2.3129206061569465e-56,4.209776165418844e-30,2.718439731687762e-103,3.941690814017326e-87,8.501964537949731e-106,8.035722654369567e-9,8.439777492620917e-107,1.6091348832589706e-73,0.006854525708354631,6.801355770281107e-16,4.7682790672316006e-12,1.8694467445958624e-134,1.1980669051058813e-29,0.0008780564329201438,6.749226933167921e-17,0.0033098721874866973,5.472812058486056e-37,5.206323111954627e-57,0.006812694847428627,0.003826872337092798,8.924586850436454e-46,0.040556597153240115,4.159004960980757e-27,1.6252480742572157e-13,1.7086483950461123e-75,9.581738291535136e-171,6.533731437684095e-53,1.1091826602189268e-120,8.831195670002435e-92,5.865420920682275e-88,7.06893031877939e-12,2.124358621059626e-77,1.3912527191103881e-176,0.015851677198802632,0.001358951621756284,2.4961997712093866e-133,6.562703283632607e-17,0.0007162081449347988,0.7400618150483477,5.123736698434052e-126,3.069196345512921e-165,2.7590526356743354e-89
1.7336439363037624e-13,4.769828659808706e-9,1.0931930698893654e-61,7.994386056345504e-70,2.29298992086e-312,0.07585767730513157,1.745204830191655e-58,0.05363528410990989,2.228265994339334e-36,1.2029643924202542e-68,1.4755081762343278e-29,3.8808631873714154e-50,0.11797508531783904,0.039223639736419964,2.4157242584980742e-20,1.4265249540333257e-52,3.170484827579493e-44,5.916911936475348e-14,3.4819133325838496e-44,7.273437166947854e-35,9.837473224010433e-11,3.4812458876913513e-11,0.08639264579294068,7.091699410398358e-11,0.03127556592224817,2.1806875380363708e-16,2.5054689240449862e-61,4.801356091367439e-49,6.6502604031907355e-18,2.2725036117202133e-14,3.972522452304717e-18,0.05029671164998167,3.807276638883273e-127,6.041054909285929e-12,6.4570151028707514e-49,6.6672632991112204e-49,1.3227839259774e-15,1.7034520488756455e-60,4.349335278910982e-51,1.0963739222626427e-50,3.389090383833526e-55,0.00017796444485967958,4.729105961390781e-31,4.204354398685014e-29,6.300778411030496e-70,9.879040489409677e-29,0.055680743911290534,1.318480491955327e-22,1.663555700496809e-39,0.04546408620129969,0.09560905326913138,0.04289547592983882,2.888098426466623e-50,0.1184667581942581,2.4992222253477757e-88,1.7135541814218955e-8,1.7885200473241195e-62,0.18704928609907817,3.026462289917197e-23,4.439716619477174e-22
2.6026518934998735e-18,3.5485216237455433e-19,3.06655353383908e-10,7.084653328556308e-51,0.00092572034412353,5.944160542998256e-57,9.756138031071488e-15,6.303145106462659e-10,3.537807440959486e-15,1.875764787067518e-12,2.4781084929687032e-37,4.406693576326959e-43,6.601350059694331e-31,1.6814749926814544e-24,1.1346242643917726e-15,1.4072774160663002e-58,3.1699512444052694e-32,0.00011201791511239978,1.1336511398304105e-23,4.1355763911338645e-16,2.11051360817645e-5,5.7090070122137685e-11,1.0330712210409434e-18,2.7708389922762044e-5,1.733443920089306e-24,1.0983431130583245e-50,3.811361723666415e-14,6.323755311894784e-17,3.388761064409931e-14,2.9977315326916367e-29,2.4804958874116826e-20,1.3313523160238813e-11,1.371979804007703e-8,8.977543789189377e-46,9.575373442517576e-11,2.9633525486495537e-50,8.666433872787246e-38,1.0634715014249434e-10,1.7446225361223535e-21,0.22510113824833414,8.738852717900384e-30,1.3247296394088358e-16,3.552051578478941e-35,8.784174303589501e-10,9.220187921955406e-5,1.2993856056811589e-61,0.004218557869792819,4.80037968762797e-32,0.7695013594509535,3.4097625770826836e-9,3.197977585880937e-42,4.5408141078302863e-10,2.2242691968653495e-21,8.609120393973257e-16,1.598706542765414e-7,1.7727356472634883e-12,1.121914942103219e-8,2.9100788983646844e-27,1.3856482382226532e-12,2.6955049551625654e-51
0.00043282051435236316,0.07397745456279935,7.25695664172461e-12,3.732376078159245e-50,0.00024907870107680757,9.336059566077855e-87,7.126567694243548e-10,0.02489435096293424,0.06928671048041594,0.012432913581444003,5.969688590064056e-19,0.0662834584359845,1.2327331707749804e-18,3.647549298406244e-56,1.9457044296659344e-23,2.5586122730009735e-30,2.683447394646755e-35,1.8969730761460248e-6,1.2721634178434144e-36,1.9431025591301303e-11,1.6053184833549233e-10,5.336514334656413e-15,3.7250449513038234e-56,0.018563463908375804,2.4736327760384217e-17,5.9741823186973e-13,2.1165566797485225e-8,0.021570020003327743,0.0014248939402989932,9.190810191695783e-21,5.544289932190329e-13,0.33287662452969663,0.00019002028744921856,1.8349437438216177e-36,1.5922309449473225e-5,1.4466491799081517e-45,0.1190776875354727,0.0714919237970822,2.0612396302226629e-16,1.1983713323865517e-17,3.0198485748636493e-6,0.010518085746046537,0.024098023185102235,1.1121172494056551e-14,0.002154971905495504,3.153797023125776e-99,0.01591327072343695,3.296909707989156e-20,5.615082965011463e-10,0.03426202296046945,1.3311218063373237e-21,0.06317081697351298,0.029612622993871348,2.7584765866809435e-15,0.0009106564215099892,1.2291046022227494e-5,0.006574955017939075,3.86825642795684e-18,2.6659760306311826e-11,4.1906279575159496e-49
2.0017415984745982e-7,2.4937246441416554e-14,2.686274626621122e-7,2.116133954027423e-40,2.375683537726988e-15,1.4109235195777465e-44,5.1571558260584996e-14,5.936689447449998e-10,0.03252242477407041,8.468496713284133e-42,6.228877216178984e-38,0.028773334573838738,4.69467779195275e-10,1.5016752748004564e-54,0.0004191046137299404,2.3244101317240647e-6,4.923039768913279e-7,3.5991676873597453e-11,9.368213744481468e-13,2.057482831346027e-9,5.223290466413655e-7,5.292378347126915e-11,4.838460589352871e-28,1.2270701415694023e-6,5.679249435135693e-14,7.27943172137342e-55,3.403076929903875e-11,0.7858215425028052,5.296081068531581e-6,9.3793870780117e-10,6.203545932658389e-18,2.7137048427145234e-9,3.620301927954052e-11,8.221837359819086e-45,2.678843479633715e-7,0.01396211612979456,7.22819741517862e-15,0.012432199258482636,9.203246729732517e-16,4.509257122926204e-9,3.1694897746816516e-14,5.361398869350806e-11,6.287159858614747e-32,1.5470029317067116e-31,0.01676219521616185,8.858587299268961e-65,0.00017806148976308174,0.05212719084828488,9.945420625108683e-40,0.004309904833586498,3.486942932716401e-33,4.086555906871904e-10,0.052653445897348244,6.560217903008811e-13,2.1314403973411766e-5,1.873999939944104e-14,8.70521470346366e-8,1.2664319716645755e-38,6.46762095124553e-6,1.1239312782353028e-18
2.2510717277620108e-37,0.017817186252394073,3.459080904152717e-49,3.3765801324854276e-18,3.9439891175902014e-138,4.1076544504723487e-22,1.0657510827218523e-95,2.961168170942806e-38,1.238888909545746e-51,8.648582584914529e-31,3.048853187967499e-26,4.843914784606435e-86,1.0732344403011291e-30,0.5745220516416678,1.0476736737255392e-13,1.7107594528011816e-41,2.7826392376771907e-36,1.813463607762752e-61,3.524798933459792e-59,1.732232452391231e-41,1.0122688018707255e-17,7.354747055915851e-33,6.368874878921066e-29,5.678556570526546e-60,6.86599770842991e-27,1.0779658885613986e-64,2.2255111241390756e-45,8.138198348943924e-54,1.0519220458144536e-52,1.255847111317327e-40,2.8917779255751357e-20,6.170453031761328e-84,9.837228388724295e-89,3.502726048626248e-21,6.849898306542104e-40,3.874574975846045e-74,1.787894360948982e-20,4.000516224000581e-35,3.627262244143622e-100,2.5494452413655386e-30,1.0589774560795196e-48,8.8048657395652785e-75,0.385444331366643,4.0466575247226705e-38,3.2404991922744664e-40,5.012715097276757e-41,6.027606736017681e-42,4.1390479865466055e-49,3.917814062571257e-21,5.699819154670653e-42,4.095095234206082e-32,2.1695605837688723e-74,2.0042855121236108e-57,6.479751046256979e-19,3.735048375571206e-36,9.133959192740397e-80,2.6965777615547012e-104,3.454837197749811e-41,0.022216430739190347,1.3690626796899328e-56
0.07316644824980988,0.07798247088768163,9.201634097873846e-35,5.328245318769297e-41,0.0066907950053390055,0.15602586816249847,3.272572995748224e-78,1.8604105187885654e-26,2.9990850827991037e-6,5.50821085266782e-18,2.961223348617157e-20,5.025992811754883e-36,0.013676571426748947,8.762106462084002e-10,7.429621137807832e-37,7.746380224534297e-5,1.1476846750453737e-25,9.825487363557642e-64,2.5208808367679497e-31,2.6626331181606606e-20,0.00015794852235665648,0.013715453016639114,5.953884600194274e-14,3.4681069620894975e-37,0.034806483507412216,0.03146007726455186,1.8330291922580509e-16,1.3747727795684044e-5,1.416090156474385e-15,7.816077206703272e-8,0.39332979461463724,2.976126709248239e-45,2.84959244680559e-41,1.4115228782682794e-30,3.915291952665168e-22,6.34140066457808e-31,3.1245318152475194e-44,0.013504223184745034,2.5970258480917134e-38,2.3941465687586954e-29,8.862911674629806e-16,1.5977275092144627e-40,0.02345695057748858,0.02060673402273704,2.6258926011371053e-37,2.680435932220245e-17,1.0899189094558318e-9,0.041915522299988024,5.044725073205745e-37,2.9113598524969483e-22,0.03359891150267441,2.2160102172841775e-42,0.01839234538426968,0.009046805662964745,1.2503689218911445e-20,9.47829447199955e-58,1.1702515605372911e-57,0.03837026335056556,2.042614804505923e-6,5.564329451976089e-28
3.0466347457236e-17,1.1891948103719382e-31,3.424315629524927e-10,4.908737062791322e-23,1.0170189256310073e-76,1.5866400018675334e-28,3.5056826072060843e-32,6.672494239630458e-20,1.6140195162545004e-6,8.706519593534165e-36,4.38303894800266e-28,1.2150963913682163e-10,2.5168218792352225e-31,1.442822084205455e-51,5.798887581528305e-16,6.75983087225399e-13,1.2315315593787866e-22,2.2720647732936006e-19,2.0269505635364723e-29,2.6146820580289125e-18,0.001430362324101552,7.611979146642366e-12,0.5489451932337522,1.1429171306783545e-14,6.854366240270272e-23,2.2590491231611487e-23,8.762376808381865e-15,1.013466329271382e-6,1.5125734514715572e-16,1.9035796075679752e-11,2.4019635623383853e-10,1.2804747889956298e-19,1.3154869197585396e-55,2.0288209973518957e-58,0.0008138185803088082,1.1075787661236465e-12,0.2501751972823162,2.766071074802349e-6,3.6110489318059735e-35,2.2857050731500305e-78,1.0073391449551254e-31,5.941345534838025e-19,7.587085920241637e-12,2.3612128257433973e-16,2.3744739551246023e-13,4.617792810281678e-19,1.042275636542438e-6,3.919787408111928e-12,2.9296509141627297e-10,7.806357172920663e-25,0.19858891341679616,1.6275404639061862e-16,4.007590541596256e-5,9.766966993833519e-10,1.3042693035427412e-9,4.520134920647234e-16,3.2877004157884776e-40,7.073728776481673e-34,1.064860858999311e-10,8.778954882948199e-20
8.090463296078819e-9,3.2167968447347465e-18,9.806279983542901e-18,5.899724171476694e-17,8.782625398368399e-94,5.231478605576929e-38,1.7719134369737427e-31,1.4689878841329741e-18,4.0068954820186137e-16,3.2417385022164793e-54,0.017719299425515526,2.500712582480399e-18,1.632886600538477e-7,2.129471603940731e-64,2.3113705236807126e-36,6.273203064559253e-33,1.2736515169537478e-27,5.99282699052841e-46,0.394180367691988,7.307463411634705e-23,1.9490556664704862e-22,0.13096026529292745,3.0241295147114307e-81,2.4377887919827325e-34,5.704202579570332e-24,1.5656772101200468e-48,1.59386741872654e-25,1.583330268396043e-14,3.235272754233802e-21,7.716480197811134e-22,5.252077003908008e-28,4.231427330471203e-16,1.9491477669728575e-73,0.08255270703850133,1.3865648347882174e-20,0.09075990009743926,9.288228749365252e-88,1.0676192583526622e-25,3.0073182101592996e-32,4.383640831260468e-131,3.653736683667186e-43,0.2756111567781104,2.316029133142064e-63,6.105897021517667e-14,4.4736211506480574e-8,3.428259518758999e-41,3.422264066207778e-27,1.6456988135949756e-10,1.621799953273914e-60,0.008216087395535285,1.1140384102745973e-30,7.269605912939592e-24,1.043303518367314e-23,1.0194604117606129e-24,1.3440985056286585e-25,3.3292823623364684e-30,5.173660785823659e-62,8.844055391854524e-54,5.490480917821643e-33,2.134152514441922e-51
3.666094107917022e-7,5.2721251120905976e-14,4.832931233714132e-24,2.3176101971905396e-27,7.81957901143574e-127,8.425199487075361e-29,2.1431810934275282e-60,3.8468713412182084e-20,6.352076796072399e-21,2.5936370110051084e-26,7.83784975346555e-15,3.323005827455621e-5,0.10319793546693364,5.545425856969337e-27,9.925613448910972e-21,3.4071322591158895e-20,1.731529602888252e-12,2.5855334385764745e-57,0.024802877579248005,1.6471658259069244e-20,1.0448329302899426e-8,0.6047739790196727,2.5887101587554934e-25,8.400711434602076e-53,1.407371346095653e-20,6.66303378589495e-19,1.7678899815040162e-6,4.522803753733116e-23,2.590671260930086e-19,1.0925318888994352e-12,3.244195506941054e-10,5.847654888099395e-30,8.894376079527568e-107,1.6129486267332806e-13,4.360429197757203e-31,7.427322061648221e-8,3.266655881148306e-25,0.07207696938964636,0.012203502430406025,4.30846121740495e-28,2.735899129844984e-52,0.012252500778457081,1.1621185611652012e-26,9.637949094115498e-31,1.1127835606349819e-19,2.2768750046117705e-38,0.11021375922403549,3.4011040718555087e-11,7.157173221799647e-18,0.053419411425548624,2.0943742131531287e-12,5.787818905577896e-40,3.251450039031753e-16,0.007023615043264102,3.2029418151292666e-17,2.133173979012314e-43,9.467025313451573e-79,7.524359771959405e-26,1.225794629227979e-19,8.562147694164164e-37
5.011372270345963e-64,1.0939043532369415e-11,1.9847672284244366e-85,0.017943627175599153,1.5638486054238067e-273,0.08437034057576784,2.223255930402363e-116,3.3199696875073186e-50,5.423866364461075e-49,0.06142791740906507,0.10208961123793861,1.477194678379487e-76,5.496755695291501e-58,0.013931270258359552,0.5415736417687413,2.673721335256649e-34,1.4051022613402402e-56,2.7778996287746606e-78,1.4040879573819584e-54,3.653332628484948e-71,8.779946344621913e-10,1.0464511533532225e-9,0.05954858908389152,1.148073501289624e-77,6.4424524202639126e-15,3.898211974592518e-15,1.1543371004129322e-48,1.0075621202828503e-70,9.78302904283311e-80,1.4126062485191911e-14,1.0709669435818551e-13,1.7936123175731774e-97,3.3342682996383877e-162,1.2951931675667483e-32,4.8297045103393645e-67,1.0929025624094164e-68,3.644647697256133e-13,6.167835538542547e-34,6.558967797782927e-86,0.023016179945264576,2.9754605199251937e-18,5.155075816182809e-62,3.3494101753845224e-13,1.712329733553519e-21,6.467621571551178e-82,0.029965296709694146,8.717871099345968e-22,3.1180637819544178e-40,4.056793129062002e-6,2.6140218987986974e-32,0.01896530589505382,3.1199259825972346e-69,2.432084989161419e-75,0.02241984267462154,3.095303696165334e-49,4.783457490677235e-75,5.7104188077773395e-161,3.989328354610167e-12,0.015386880074733985,0.009357438457934837
1.2785189956776717e-8,3.562034623842631e-84,8.48672370796358e-15,2.6774814368683206e-19,5.9869021112549174e-220,6.437097885535499e-27,4.541608125484095e-79,1.1432113759494739e-70,7.898563135924534e-10,2.2363861023607692e-29,1.4520482334625379e-11,1.739432712126921e-11,1.914505184946029e-6,0.16742279628132514,1.004225785261697e-17,1.0990539791238735e-10,2.267948587337342e-26,3.0009088771696457e-29,2.397935647193599e-19,7.072969509014073e-13,0.008764975383807626,1.9209000743420656e-13,4.3042242017806346e-19,8.884122832758105e-49,4.2828946571481046e-47,2.4399958204518735e-50,2.3595199245013104e-26,6.9092137731384635e-12,5.9792698836023274e-61,3.45563166943772e-10,4.56917690584836e-13,3.3412707859134865e-69,5.679788141824434e-114,3.304508895262174e-51,6.821362902318465e-23,8.38786736228579e-18,0.0759494382647178,1.2440390947451578e-12,0.022015976170734943,4.359267895006206e-24,2.8005885221319154e-44,2.1132930804849137e-63,0.033596498945739996,9.84017025898308e-17,6.576477085829156e-9,0.6572343436875226,0.035006698470629524,5.244803439657449e-8,6.369382698129311e-24,2.1755718767427705e-15,6.116002236187088e-16,1.3239123911320721e-42,2.0419142754978836e-25,2.2458143604913882e-18,1.159309154599741e-23,3.5070397511538617e-38,8.902260609124336e-105,6.399737670718856e-19,7.2851439617038484e-6,4.991376187203434e-11
2.0618764368479e-12,3.501353774017053e-16,1.2850836748940697e-16,3.620974779623332e-39,1.5615069854558646e-33,1.129722524774489e-38,1.2157946362530067e-37,5.020933936948799e-8,4.0040291028395735e-13,5.176712881866963e-68,3.386379638865589e-42,5.050044100527917e-20,1.1822338283721565e-26,6.801644259161758e-45,2.918649563403349e-20,4.01515218044111e-24,1.0342073611394032e-10,1.7920555824188318e-24,2.444472968411149e-22,7.570956853879597e-17,0.00026264849961122813,4.8317925438390814e-15,1.6331544001907398e-23,1.5328430651216797e-16,9.430355069969904e-22,1.2854628346978588e-21,6.250879698735951e-9,7.239398936217833e-11,0.0007583772241578586,5.467969114328626e-16,3.4713207300371225e-44,1.996391290848516e-13,1.3945766247969355e-26,4.4948454715235146e-33,2.5295418412780426e-17,4.584942896341837e-15,5.626660351748121e-26,0.11756625925159023,3.35397904754596e-25,6.83448188106384e-30,5.62226796121597e-31,0.001400706714044303,1.685016506924417e-55,4.9005711554575045e-9,3.4883350298218725e-14,1.4600215525484679e-40,2.83371327361914e-11,2.860606000642043e-14,2.255272403563483e-60,1.0359409086885394e-14,2.490076035459731e-48,1.0176074791484285e-6,0.034532695275161104,2.3437043747958947e-6,3.936400719864401e-10,1.778347587048456e-15,1.3605296430293493e-22,3.352673691577882e-20,0.37253540579521127,0.4729404839670395
5.74197333035147e-12,2.132098533028648e-9,1.698547851573419e-11,1.790794485667834e-36,0.033007188546827534,8.558679112618637e-59,0.005047282466930214,9.87718074723346e-8,4.71313834489003e-12,0.0354736576095981,7.299690504470304e-26,9.287051247746092e-27,2.160875789994571e-20,4.710496719771721e-26,3.5960880322491645e-25,6.746641756273028e-20,1.0066016825173783e-35,0.33698501683063425,3.796293351651004e-38,7.917802385511403e-15,1.632704839914373e-20,3.806518283325309e-13,1.0363495297399502e-27,0.031206178634044356,1.7936466337081056e-61,1.4966076095943442e-63,3.792309917020592e-8,7.296989689522089e-14,4.998422059421918e-6,6.355935683194392e-34,1.476937672060961e-23,0.0014886411738121443,0.5124670244954227,2.0952133690387912e-50,1.2823381210259912e-13,1.515455892614201e-44,8.761778042546846e-22,0.0009436059077487207,0.008716223037884673,0.017874814787436792,0.001299439892795903,0.0036103807428312573,1.0867380707084933e-56,2.332548456423268e-28,0.0010748455178056367,2.1953806831713682e-98,1.0970165194766537e-26,6.19153150381565e-33,5.680682292651259e-9,0.009723885422664055,3.5582108843848432e-12,0.0008489078398026561,1.3992592804617512e-18,3.3543374674379886e-22,6.431088267375554e-5,8.484869744788375e-5,7.860455199580049e-5,2.3824744378286754e-38,3.0795819880250905e-13,6.130921814705657e-57
1.412335758124211e-7,2.6038824050698622e-40,2.844370067773765e-17,0.3066526222506276,1.436131516261819e-34,0.05351599082876248,1.9084767272639103e-36,3.688736578907192e-40,4.2606679888110957e-10,2.807864137485777e-29,2.795657815786985e-34,7.837542677225188e-46,1.6535603047037647e-26,2.4192265724078475e-49,8.868487685518322e-60,6.553852298658534e-9,1.5406296025345357e-19,9.214409190684678e-52,0.0002510751724224065,2.395358941864911e-19,3.9202837884310146e-19,7.088022119609005e-13,2.2320138143485165e-36,5.701004259918262e-35,7.17865738204325e-49,0.18461544202056393,4.701200795814417e-11,2.9791164760742252e-12,6.696300221778927e-32,0.0545464525602413,0.06241341248476375,1.265464638905817e-19,4.976952439095516e-43,0.09610590389441323,2.0195076747599702e-12,9.009396305889224e-8,4.841728728023214e-88,0.035283932469830304,3.091069417692129e-47,5.890069260865654e-97,2.0326528072541444e-55,5.485402018034669e-31,5.584929737707446e-39,1.9172090891444758e-36,6.174009295081741e-11,0.07989296503487914,7.828439746727892e-28,1.0067808401550027e-10,7.906912027080636e-20,4.540311396885873e-10,8.207112425842132e-39,3.360570000554996e-30,1.1365707815601244e-15,0.1267219643005763,6.29160323143651e-12,2.3051749696008145e-38,9.991373678990814e-33,4.86625591345922e-45,2.0190557837493765e-18,1.16769502358732e-37
0.00011889062831937725,0.20598856975895524,2.2965721768304263e-10,1.6046721501957468e-23,6.0485341591199204e-46,1.792738048114402e-81,5.4331625215093185e-61,2.1021454317077036e-8,1.2820115059957803e-8,2.8740849433448045e-75,2.862879115139084e-56,9.058999765807357e-5,1.6226041946451591e-15,1.8764626294360117e-41,3.3187943766483327e-56,7.376668244638589e-35,0.008394924404198683,2.883760242930461e-26,3.1416191261334495e-9,0.4679764849130266,0.00030343755439108457,0.0015042671428967857,9.707578925640223e-9,2.808401271542069e-15,0.04336283418440806,0.0444803094102563,6.963061095448862e-11,2.103714582201438e-5,0.02370383614215026,5.700731122840829e-17,1.4891040866397609e-33,1.1636494620430151e-8,3.8836154668798e-29,2.7748319876584546e-31,2.1630518642226688e-11,1.6351480942291972e-14,1.6274734984715542e-59,1.0737975486561469e-5,0.07787608719093853,5.15283687029224e-98,0.06783864518811719,0.05241460902065648,3.907717041385111e-45,3.5618512544921704e-20,3.2497599440711343e-10,2.5159619870311782e-29,0.004837893566139067,1.2154756471781486e-16,5.368549093428556e-64,4.0673211543037037e-14,6.860032340766437e-17,1.771774739565298e-9,0.0009738452559442728,5.043862148618246e-7,3.1808959278889303e-9,8.518046802814453e-21,5.55794052083054e-25,1.6204222954298636e-26,0.00010243220427998538,4.251764035890715e-12
0.00020553382881098708,1.3411008867266686e-31,0.06376241279706911,2.569470568743451e-36,5.151783450179046e-21,0.004675552997565223,1.3719437986314855e-27,1.2131671758110595e-13,0.06966794082568221,1.1141569976292506e-49,1.726500835552224e-29,0.006717855270723312,6.498499389312857e-22,9.775231481708384e-39,2.9518734810115416e-34,1.8511618182334056e-9,2.6798976553027003e-20,0.033055152581182495,2.0596575740161804e-33,8.032772735460576e-13,0.09990487994909891,6.864272993688873e-8,3.9024930031773227e-7,2.311564901975258e-10,1.1877301207587794e-21,1.5724468745494837e-25,0.0019970039400792074,0.00042614196973582793,1.901165562064333e-15,2.050229706055932e-5,0.0001598999160579118,0.005200625064945785,0.0027742451831986046,2.60681490413563e-59,0.32795301767513035,2.4626879212881317e-9,0.000880243634122725,1.7242830190811253e-5,1.1098654313114824e-14,6.5312182847305354e-65,3.850966042611237e-31,2.946729920845368e-11,9.80336634208355e-32,1.0735453164782068e-13,0.0004311347825633752,0.00016116887121918748,0.14249495153216174,1.299745198810167e-10,1.253867194387762e-25,6.509481786916468e-13,0.0011082969954954642,0.0003304814132975365,0.0020412117168918287,0.1621683495009581,0.03801743973679074,0.013694402646759151,0.00348064469281578,2.499185799312421e-30,2.8010968153106796e-6,0.01865040265540356
2.012656809514297e-9,1.9315458307864846e-51,0.0052122859281354145,0.072606355154509,1.4323596166390346e-106,7.136622056378682e-36,8.588343401024436e-37,3.090743867264696e-39,4.33849846937701e-15,1.527501710603075e-29,0.056969327660788285,4.847539227596066e-5,7.367788754805755e-23,3.0902145146627334e-32,0.00482217720604446,0.0024829064213838345,3.4135891154601555e-22,8.667494069017697e-30,5.4026078762571714e-18,1.1684545214130322e-15,0.00914026481313983,0.30095290131142177,4.416699183877009e-17,3.197977777853876e-32,9.861370529070897e-6,1.1041072790921674e-61,2.2710597082741926e-26,3.5514190030124186e-12,6.419987799241983e-30,0.3639216036065823,0.030478474082910847,2.1650158943732708e-45,5.787735536310593e-67,4.613408373170249e-13,3.456809811856913e-8,0.065712176804066,3.4689078828874293e-9,9.399644356856418e-19,2.8996515026172746e-24,5.084696897698376e-49,1.7017933057438088e-18,3.2294897651703576e-48,3.667598756757015e-7,5.58560081384742e-14,2.4637222420245415e-10,2.914748029964696e-15,0.0016391402026198674,1.1097211500767491e-8,2.7625521914559673e-19,0.03568523921166895,0.0019904395750207056,3.204357462119266e-41,2.2418534623593496e-12,0.00021216927306871148,4.828472393748145e-21,3.9753552953786903e-47,2.201309598802092e-74,8.979631532511356e-28,5.575463804974267e-6,0.04811020836258868
7.527612893977447e-24,4.756110575851548e-56,2.35824842083082e-16,4.507873252777839e-27,0.01242310979153938,2.3406854372908522e-20,6.500882321827965e-113,9.352616709394299e-74,0.00017990909044194196,1.6215846224441422e-14,6.156597130186523e-13,4.520208882099926e-91,9.576216563253679e-31,7.027362955436628e-5,0.4183125188132855,6.062337155291257e-22,0.13128888900479072,3.69183661092444e-88,1.1486504837183533e-22,6.533845392014244e-34,3.0143293612934704e-35,1.3384162571939978e-26,0.06974129488434223,9.950808786859514e-63,7.162918687359666e-11,5.429783541382212e-33,6.588321193979456e-18,2.0353060312904706e-10,1.320163802435589e-65,2.4980091714380036e-32,0.29115878580634924,5.390971014929224e-99,8.446266099008304e-31,1.519462572878139e-16,1.2233216819017299e-6,4.2133292409223613e-47,2.21959482116876e-20,1.5596516398037061e-12,1.970757182926579e-15,1.536021208170583e-5,1.4377634518165475e-22,1.0631736537197297e-47,2.91518015819206e-11,6.127219620674826e-56,1.0524650612141013e-15,2.8063271696102094e-26,4.026460737901591e-35,1.6097194560442866e-34,9.864449362687427e-9,8.24100690818312e-34,0.020097898480358922,7.539570219354808e-80,4.046230760875228e-24,0.05671058689982318,1.3989479490970488e-7,2.285705811232748e-90,7.718889024525348e-77,4.265180761596474e-17,1.3926263617091959e-25,3.3786555092826092e-18
2.924840969862523e-10,0.020498421177682684,7.539946231736805e-13,3.3219298159515836e-35,0.0710163840701483,1.2856616669499165e-65,3.6284778942705445e-7,0.033576085326845244,1.2112456009149744e-12,0.00727112568906637,3.474216071762779e-23,3.707445284312187e-15,2.2652484830272815e-19,5.8762437150315025e-40,4.868159242670677e-23,3.37466297301742e-14,2.914978079060739e-30,0.0013462596836198827,1.906503963454633e-36,1.402137225852769e-18,1.6106845331240311e-15,4.1345262938294113e-16,5.34536090315377e-38,0.0741679717494782,9.826757648986469e-53,1.160680993221053e-44,5.26945988786759e-9,1.3585082127637333e-11,0.010227129016927234,4.59719267930749e-27,1.5824285448471644e-14,0.21288092096483358,0.1698105804506287,3.462675939828296e-48,4.89529105648663e-12,4.3826049356197365e-41,1.294832729787057e-13,0.00019825602454893074,0.014278322508912344,1.2865463714875644e-5,0.00011035906081242651,0.03881526995897966,4.821316272608486e-49,5.641641217579214e-18,4.2801177560906644e-5,1.309085571909601e-93,1.3040438207251264e-15,1.2964843628749407e-21,1.6184581362137056e-16,0.008541374436997522,0.004755433742249639,0.16632164149068862,1.7558621315464547e-13,5.543614352616364e-19,0.0005752977783287287,0.0006964351720489667,0.16485669662538222,3.027039279166669e-23,4.2182561563134754e-15,6.64932388982738e-54
6.983536604145042e-34,1.5461434797945774e-62,1.3360964507605456e-27,1.033620672684093e-18,8.597506058216957e-96,3.629557436001997e-18,7.572312960442036e-72,2.0558889458794307e-42,9.37199372490458e-32,8.086072865329247e-22,0.8843832901366624,7.014411441805531e-39,2.8923554200487464e-38,8.43470307138359e-17,1.1104728953437443e-12,1.4516314002265103e-22,2.9152236875541024e-47,0.017814570149931052,1.594277248455237e-19,8.352629690633629e-48,2.2587426784623508e-20,5.847410918962352e-25,8.066639225768484e-9,2.9233657156196274e-20,8.642380516382443e-18,1.578345551192583e-23,2.0519298537559947e-33,3.200799911079387e-31,8.58086514237291e-46,4.181607140995511e-24,1.809515300170586e-12,1.2000884420186862e-14,1.5152672817663079e-80,9.878875686933344e-39,2.2897222964952774e-29,6.828083282233307e-31,1.5257261010654544e-23,9.659510471406159e-21,1.7647647321839603e-37,1.2425755394601122e-23,6.959119169279886e-47,1.707940902155807e-63,4.276467892074926e-29,0.09780155645871877,9.277670886085666e-45,8.172462919841822e-29,1.7300524406139483e-14,4.169892396326909e-11,5.560820564133982e-7,3.573442862603316e-36,5.584810285213694e-26,1.7660997870487957e-14,3.2401143290302455e-27,1.4530078611671785e-22,3.3306215870862463e-34,1.906132603651538e-8,6.208215238882999e-81,2.54059188806906e-28,4.622999157380328e-27,4.416850849914035e-43
0.015775442150180567,1.4368426243822787e-18,1.0671119368896588e-17,0.26471945029548644,1.2217367295935027e-276,5.250471830503911e-26,7.478136849495676e-110,9.86204961864025e-32,4.121780772014941e-7,1.3681028184399806e-57,1.517883195340393e-21,2.3225129623756083e-21,0.39531915057361705,0.09033578290063903,3.481134803785386e-37,7.50278715373396e-22,3.211682404459457e-53,1.5901091592618465e-64,5.480642400099655e-40,2.234039090307979e-22,1.2160038776546738e-48,2.977635936424167e-42,3.4983550026756734e-46,1.1497240353425218e-33,4.022571939235489e-9,2.7228756625108614e-45,7.561594243805081e-19,1.5671744800104158e-19,9.3022643449772e-22,7.189879593502643e-66,1.843331720230419e-30,2.2884191263798353e-40,2.157676011741111e-138,2.3863139325222522e-45,1.209097888545179e-9,0.17850790258820498,2.0862484045218425e-25,0.04718289745333408,2.773706993644523e-30,1.6958257019826342e-95,6.991281401085441e-32,1.2130898220150248e-46,7.957851894807907e-34,6.040402387022674e-86,6.3253630011364435e-49,1.5750539764638834e-93,5.745859440200476e-47,8.955548133403382e-40,2.446915525897245e-93,8.041404070939791e-60,0.008158956628790922,3.0897451563002e-24,2.6264110321955915e-34,2.025528155957646e-59,3.1049190404863443e-21,9.58466673498409e-51,1.181695908419629e-78,6.5538053131582035e-50,9.33816733959869e-98,6.793994315609925e-76
2.3949458850789798e-39,9.451579657373243e-52,0.01035184883955519,4.3437303712794355e-59,1.5453644895332606e-42,4.1218105575520025e-63,0.12913449447457304,9.66733751224579e-38,1.7035932072464506e-35,0.03847101930862576,9.454037972202851e-71,6.846394732292556e-71,5.982148754002759e-50,1.0082947129143131e-64,4.996392106597363e-50,3.0135771819891205e-72,7.912080660011363e-25,0.1617841703120355,1.342716946080739e-54,8.309839581424589e-9,0.06004141126294346,0.045585108821162894,7.893723878841651e-50,2.5260743439267626e-10,2.6968514772233296e-49,2.2064143942350123e-92,9.816889152465876e-5,1.7383190080836487e-29,4.722104410282936e-34,8.44577347253609e-17,1.121709474221688e-61,2.2909109982249975e-36,5.344572279791174e-16,3.6642281954737825e-63,4.59749954464855e-19,3.363042330952155e-39,1.1739506557663231e-76,0.0004040042962504513,1.3930748758939285e-71,5.7247457346763813e-42,4.211208716014777e-57,4.138498914197719e-49,7.59368200799723e-50,1.1400125408002356e-38,3.0849048145923873e-10,2.0840094113705975e-90,0.05531324170170229,3.68771128302984e-28,1.0092553143338803e-30,2.213011126900349e-52,5.388471704652058e-91,4.0773072264234813e-10,1.3199198938513025e-38,0.018313239709567324,0.4752196069226224,5.108650669546868e-23,3.1961409819571196e-46,3.406934685986888e-41,0.005283676180768039,2.3715061094970237e-112
0.1504311275675062,5.0886220847265645e-9,5.7382456087645245e-5,4.879845195072701e-23,1.931840351681594e-30,1.12521275158836e-71,5.3915028313669977e-20,0.05197485851490432,1.6742569397753237e-6,1.0154892049082067e-57,1.8917898663325198e-45,0.00397700656929627,5.854664329803557e-12,1.4871971601408658e-40,1.6086004159086998e-15,4.987667974580436e-24,4.9460788556993924e-8,1.2758297759713806e-16,9.257433680027159e-5,0.013336538254683035,0.005985679801858301,5.014627963506085e-6,1.8151392227492724e-31,7.742026143965852e-7,0.02170066782257266,1.3000693915292315e-12,9.050921085936686e-9,0.07103255426512453,6.900922106828385e-5,4.565094244410736e-16,5.630745649625129e-33,0.03669338239531003,5.181944105251086e-21,4.227408137952935e-30,2.9648696600013955e-8,5.601600920546484e-5,1.0961376584824104e-26,0.00018314282344464324,6.016277327476643e-14,2.5870859009341474e-28,1.5168546452866808e-25,0.00015092472788849804,2.942253276083162e-48,9.139799564104217e-12,1.025181549796133e-5,1.9656622551673322e-51,0.3135644833217707,5.332013031273326e-10,1.2909214863581308e-57,7.824123048859615e-6,6.965252746374852e-45,1.3946824434632397e-6,0.2329779104633298,0.0038722929291912845,1.900426387048696e-7,2.945521125522927e-12,0.0007367532418331398,0.011670138338046396,0.08141033938739975,5.841159811407319e-27
3.1748693398900537e-19,2.723599564553054e-5,2.1868664859371185e-21,2.2081532234012595e-23,0.013782755090429177,1.1394633841323719e-86,2.0484495153252719e-26,0.8303932241972807,2.2223872790947885e-8,2.887094795350205e-37,2.4341409624905982e-49,0.015060641858497523,0.020994626370688822,1.871784873932439e-51,2.856765199189472e-33,8.43456532832913e-20,1.5086837118063733e-24,2.539137087016436e-5,3.4678927675618745e-30,9.97005978550167e-32,0.056916532133224534,8.136684750124175e-25,4.3000605825079064e-73,0.004214465805344873,1.4743270039044996e-42,4.418023397095783e-26,3.8192046221321124e-13,2.9857610617110805e-5,0.004258005987772984,9.982316792867927e-14,2.8781223311365957e-28,2.4854638323305563e-10,1.2320097992977692e-6,1.9309170086308803e-32,4.874795265429683e-15,1.4730515623802727e-37,4.531341006633687e-28,0.0005680938977723564,5.516666366519979e-37,2.2886669690870486e-31,8.049861808959519e-28,6.208637877533885e-5,2.858867640524185e-53,1.082114406721475e-33,1.2315635400794894e-15,2.7448314927368895e-87,0.0003164973245240009,7.146339792389399e-22,7.651857739494355e-47,0.014418014243067946,2.5079967370383363e-30,0.0001122520919185844,0.01939637912683372,1.3880694846128265e-30,4.090858682677148e-8,2.1603987912525184e-6,0.001609634570969093,1.600871372611702e-29,0.01781085015568337,3.127179517832773e-65
8.793580356358371e-13,8.239883599331534e-34,0.0009625161803123736,8.127828281520784e-16,1.665023505238843e-53,1.2874094518768563e-24,1.355949361463217e-23,3.081974707145648e-14,0.1074657928470136,1.2824543164579984e-26,6.903055932253693e-23,0.12293123787430454,5.2052461990179216e-20,3.920889761668283e-21,4.675276527104859e-19,7.296328011487538e-10,0.034027178421635655,2.391868312974567e-13,1.0609054714148501e-30,5.479049562911881e-17,0.004217600870823197,0.05958838068663299,6.117754103311801e-10,4.52796064039244e-16,2.304052068621547e-6,2.6112176448067157e-27,6.19084407574031e-9,0.000247197668157943,3.4611662361839845e-12,0.0055920409141872116,1.2222978835238464e-5,1.1202665952355714e-8,0.01292712837382584,4.2878674760562714e-52,3.7560645409928544e-5,0.11706993888156393,1.586931223262337e-5,0.0019927016523773812,3.01399926914647e-35,5.563645604326591e-63,2.658661367157125e-27,7.0344342308677304e-12,1.7613829260391127e-12,4.404393754475152e-16,1.3161687106494846e-12,1.1847664949756942e-22,0.0010872592141680474,4.663731909548255e-11,0.20014262821138348,3.696788208882883e-16,0.002380646474816332,0.08330377574373918,0.12358672503100256,0.025802390204082815,1.5031162867315667e-6,1.9599978633827245e-7,6.040935472938095e-50,9.142523326335534e-39,0.09659835417830841,6.831670764856565e-6
5.325739077168251e-16,1.7328101841245608e-28,6.751679329425882e-19,3.405391758332123e-9,4.593814591938644e-180,2.8592531460792642e-12,5.7177239740675964e-46,2.8278937527311747e-25,9.395506118998553e-12,7.253860484826731e-13,2.4237856774763154e-5,6.189057459522079e-34,1.103161103029747e-5,0.008361043209500651,4.071016627568686e-27,1.3912459024556863e-6,2.2786442770068287e-29,1.2737521099965887e-30,0.00011024887285413805,8.275910327049233e-24,0.021057299080454932,0.11555534116777327,1.3334841421508282e-5,3.0098911838893674e-21,2.497033265172386e-13,1.5242958480879675e-29,3.3014990646091226e-30,1.63846759303719e-14,4.497832293186353e-18,1.8773658780407837e-6,0.032063750218715104,3.592169288131154e-23,1.2495399846101711e-85,1.8377215109151137e-30,1.2615105662631766e-20,0.0436264248872774,2.742152506226414e-42,4.289938362311068e-15,1.1316738395626012e-34,3.288778617548326e-48,6.849546041269174e-17,1.2750487711580129e-34,0.35056568606685284,8.523912299029581e-24,1.8465267265264168e-42,0.04337845647815792,8.267091828369115e-5,0.12703995489974027,1.6228557781642828e-16,1.281650907093787e-16,0.25810657594894226,6.565996716874331e-7,2.5955309452215744e-12,1.5040019630337323e-8,1.5459342175234876e-35,1.0527177255218819e-34,5.890493224072998e-75,2.5769543020863404e-10,1.1815033128868598e-11,1.5726302656216422e-29
2.6710388597608516e-11,2.156586323314654e-10,1.4212206008859524e-6,9.046746970280728e-51,2.956765217460136e-11,6.389883956229833e-68,0.0736324017432619,2.1162209700020958e-6,5.565174692993037e-11,3.345164996941318e-6,4.483661683286041e-34,3.83190686173325e-26,1.2703762595840626e-22,1.5330194481905052e-23,1.2450531357164934e-34,2.5494218916612447e-37,6.252853542867483e-36,0.0011223121041844335,1.8356803769517543e-32,5.881280284684239e-18,0.019304557712038865,2.105031947019435e-14,6.528148260377168e-56,0.03205212407333125,6.322176619979114e-52,7.985195000226732e-20,1.1791035026835693e-5,9.411744333212851e-11,5.23844781715931e-7,5.648988138323173e-29,6.3450007138058e-15,0.00032395766180646715,3.196803753802024e-6,6.155076236087961e-31,2.808539586457136e-7,9.643576046006744e-54,7.288839088654091e-7,0.027646786912398604,2.388897361578845e-15,1.1528554033793096e-7,0.037441706571790495,1.1786431330388946e-6,1.7463047699242293e-45,4.1442358456786415e-26,5.6013576456862314e-5,3.4897408571298556e-89,9.795265859689524e-12,4.865604754805667e-22,7.217430486469651e-26,2.0343622564988614e-16,3.1480234330887123e-31,0.16665644041718528,6.37098829775968e-5,0.007816146774359828,0.6336872134533265,0.00016954340538327832,5.470358653007062e-9,2.7546434718913504e-21,2.3818529377695335e-6,2.1178737134111404e-60
8.479235385727072e-23,1.5864320994946666e-20,3.874203640200758e-33,4.479762604623365e-54,0.6953514932955956,5.8467838627822494e-30,2.4372477500353208e-14,7.742490377265528e-12,1.1938394104779082e-32,0.02820284118378903,4.5771003865650115e-58,0.006265326719993507,1.6847915632588426e-31,9.86121851871511e-47,1.0713447434181819e-52,1.1532582978603437e-80,2.8371199577237767e-40,4.562139841839563e-8,7.020894650615364e-47,1.1853047725318098e-34,1.0888910344131948e-42,4.5092668507932715e-39,1.18240632933842e-73,3.481450305834116e-8,5.821901241289004e-76,4.251462109418465e-67,3.092865578731621e-7,1.7525902644515007e-27,1.633584377306444e-8,3.5322711017115204e-69,1.323528781215816e-53,4.674803942591154e-9,0.1683446889302826,4.085147931522137e-17,3.241937357773546e-39,2.2271999801617626e-48,0.01195542838307471,0.014488244703197276,2.1451987364426716e-54,2.4588604011179484e-17,8.177759805559645e-45,1.6802707940433551e-22,0.0061206120382974166,7.392723058750127e-66,1.111834853345815e-42,2.5023115098591744e-121,2.1148266012077894e-51,2.8146271456182835e-64,0.0067954470127914715,1.4918139959815016e-36,1.3115933759874367e-70,0.053497034150911296,1.0514024731131457e-19,5.774454088634454e-66,2.2261529931068777e-26,0.004377194165624151,0.004601278675569012,2.446103809667912e-60,1.8052704604550155e-49,2.9148784721304387e-67
2.189654302750497e-34,1.1762697749741272e-34,1.0615708946919593e-35,3.6548299912901033e-34,2.530924211834332e-46,0.02620141457760861,1.086416632737812e-59,1.8008479385307843e-38,6.772060374307734e-27,0.030138033435274245,1.9477890213384487e-26,1.3796124924946854e-43,1.8184237385788912e-34,5.118783545210948e-67,0.057291144531646354,2.214298292785727e-56,1.2099495588793893e-63,2.179039811744377e-19,8.923614062546415e-33,1.7237286306504872e-42,4.339228226724013e-31,2.0181981170143318e-27,6.621250159501846e-49,9.505727661067849e-23,0.22669749627093136,5.651464127690951e-69,4.086995372739092e-35,1.545862147294505e-32,2.0243528247205978e-29,5.288512171618965e-25,1.2737548569160066e-15,9.741990056000353e-41,1.352261669265787e-37,0.637418493530482,2.3578114130255583e-27,9.865664606470387e-58,8.535633520006738e-26,3.8632562230808224e-50,2.1767552798654614e-39,2.0319645002314468e-77,0.022253417644171825,4.6650244874316054e-30,1.424979511676799e-54,9.88448283301062e-12,1.5012101629357095e-34,2.0231964103179498e-55,8.663828648163849e-40,1.3617792696464e-41,2.1006202516080772e-51,1.6612320858333082e-48,1.9179859845584344e-83,3.385689245719293e-23,4.5479329630997744e-45,2.3240910054677535e-52,1.0663688992752598e-39,6.985045795997102e-27,7.083566985396242e-23,1.4177671722416684e-43,1.0790802351209703e-42,1.354125578853973e-30
1.5308266497809667e-9,1.1063896835521408e-8,5.388726566140109e-9,1.0846999428982902e-46,1.1941960788844646e-11,4.251440087190391e-59,0.0015391119388852002,1.594133123464279e-9,0.36843496358729777,1.230682753223762e-59,1.4624523555067092e-9,1.5281528149321351e-33,2.1392789285610985e-12,9.018547045386284e-68,0.004551761171216254,1.6907082937486045e-17,0.0015361386307136957,0.005475500734747017,1.3939661009585158e-29,3.811706786726083e-11,6.688742265645938e-7,0.026982803681137143,2.5966579827540156e-16,0.10928729019567884,0.00017953043948049403,2.1133897696887866e-54,1.7486343725338068e-8,0.0339874877930732,0.2277889027694095,6.928688944319152e-11,5.704947856891423e-12,1.643226278116005e-10,0.01240040014108431,4.1909439203156765e-57,9.330403693991716e-5,0.021089286874915066,3.156979311361712e-42,3.799441062858446e-8,6.889850390019676e-25,8.749414964750604e-32,0.011928759877123947,6.961874004800828e-17,0.007741125409774984,9.214450884897974e-20,0.06155641791003028,2.1617721958982084e-73,0.10010367153632682,2.041105791894926e-6,1.8142740930671068e-51,7.295956297821974e-5,2.4187587933408166e-20,0.0007793294980683042,0.004357570495433027,2.7547890988857585e-11,0.00011077423296579395,4.614941931928483e-8,7.63362210784776e-8,1.2760077698296863e-48,1.7720736578979755e-10,3.3108050563228187e-15
8.747483357730888e-16,4.4575474532825627e-38,5.492050075388612e-10,1.6556387765431348e-21,8.626799766972005e-50,5.735526323585212e-18,4.5642836057970636e-41,3.15753549579129e-28,3.614262758049407e-9,4.189535492435716e-44,6.2647578716340795e-30,4.029272950591725e-9,1.737885754734535e-29,2.8906842711949567e-53,2.720212286286201e-21,0.7452206999286034,1.1231111335568047e-8,1.1582096972255305e-17,6.101267382008248e-26,4.1784566061651335e-21,1.2900254300609997e-5,3.682419978112545e-8,0.02523923589399827,1.1327158336303346e-18,3.3486210152069924e-5,2.3402097393308864e-38,1.4789468186863459e-18,1.3795313350275105e-6,1.3190832807859734e-14,0.14414896319437157,2.658878749526833e-8,6.4517528746417995e-25,2.820414816351419e-29,7.019342174660376e-40,5.672226991971801e-9,6.030705410171053e-8,1.1728688221931971e-14,2.6080370194834583e-11,1.640404545933676e-35,1.1218462535363228e-81,1.4265574796977306e-14,1.1909462127844477e-23,2.8516014222250457e-8,3.1021316446794717e-12,0.016749109676843656,0.06858902530343826,9.713587628310878e-7,7.568194363448596e-12,1.2879614222195212e-17,3.228261718701474e-10,8.04161652345007e-18,1.2125579656342306e-12,1.9347360062769983e-7,2.2782392555081503e-8,2.2332095638726792e-12,1.309457461090336e-18,2.7046327027580904e-29,9.878791389555772e-33,3.834665727266715e-6,3.127659254748963e-11
2.127269133604099e-15,8.369474091796685e-116,7.424344743031945e-28,4.00960788612109e-34,2.260056064340526e-268,0.007141264577531255,3.6441778835624083e-106,1.8428281138858913e-149,3.900897608824864e-72,1.8587848697647907e-28,1.729327396444763e-16,2.0978875125574163e-59,3.5057233774456014e-42,6.489312621971009e-18,0.7713380812376951,3.2943033283248357e-66,1.5994338726147204e-20,1.0260767582675647e-122,2.4888973428511466e-96,3.978241102059456e-29,5.5964691631229556e-73,1.342740102645443e-31,8.740839235843597e-34,4.627181858254609e-127,8.850376168879159e-36,3.3409326933270093e-34,2.5086418296929267e-55,6.129820484287391e-22,3.9404896851559206e-115,1.2648536695834134e-46,3.463845113755287e-17,2.62111001545135e-166,2.6500884495909097e-163,1.6041717129821695e-71,4.686622922033439e-49,7.96306975968463e-60,3.617538685816033e-20,4.148392850247493e-66,2.3183914735037347e-39,0.22152053962593166,3.1355936343150783e-62,2.8775695979815216e-121,3.733707814463316e-29,1.4554863182658886e-48,4.844276193021234e-88,1.6561063362852016e-55,2.158941967138636e-73,2.187741793538814e-57,6.749315332588661e-22,1.1099445852705455e-69,6.775218584305565e-32,3.0278364879748082e-173,7.13063182724954e-14,4.248306032636963e-35,2.059391568195644e-91,8.538022729321019e-179,2.489492000512772e-210,1.1455876829508037e-7,1.846833313701575e-53,1.1742633423008078e-34
3.6605958058485356e-14,9.186548569400727e-21,0.5337706932703394,5.5458154093852406e-46,4.156607516670666e-18,3.1328693477220917e-60,1.3376409795675494e-22,1.4610670331837407e-11,2.93932069349179e-9,5.3180245152996524e-24,1.7096230659231187e-62,5.852622384958239e-35,4.6981050427230605e-27,1.0547773998970773e-32,6.465540805999551e-7,2.1670405587643016e-43,7.246964363635093e-19,9.926076135865273e-6,1.5106027402946461e-27,3.7521961142448065e-12,0.16723699038440062,7.008384194744591e-7,4.00035961356643e-23,8.962642595965482e-8,5.8954806117969565e-37,7.670162466083634e-49,1.702757020699243e-7,1.2390080222514255e-10,4.280191186188552e-11,2.4206414401311836e-20,4.2446439548340315e-29,1.633334847121979e-15,5.353153878506769e-12,1.3775103273480434e-34,2.7605481347661488e-5,2.439212238400173e-25,4.929975415654391e-35,0.0003457921353855224,3.727461888311573e-43,1.193650718500065e-21,8.098212486707858e-54,1.3644951287370426e-15,2.972525607010605e-26,0.00014822629188285705,0.023648148815909258,1.5854349121938844e-62,0.002283591797121431,4.4408461689787873e-23,3.657307283437153e-19,1.587693279079385e-11,1.0318555036164414e-26,2.8030671294021e-10,3.227716326924034e-14,1.2600449777940453e-16,0.2725274044799166,1.3659677018434865e-13,1.4677161518838824e-12,8.512499734077135e-23,1.0545333216169753e-8,3.2995595151365722e-40
4.504645723219604e-15,6.557063602396656e-13,1.7548611354602438e-11,1.231339141840275e-34,2.0842631603219981e-66,4.302728041669333e-44,1.9959923347765986e-33,0.0001272203358771297,2.8516632324501606e-20,3.5814854434956973e-43,5.023017599412263e-27,0.05194300289750792,4.0043507331402386e-23,1.466081881909122e-25,7.687186750568485e-15,1.6177017174908433e-38,1.2442271672376842e-17,4.1586930747076525e-20,2.023044211281251e-11,1.9725200734548754e-15,1.2290338198764267e-7,0.03821022644549469,1.1778838878423202e-14,6.576001733039305e-16,9.409807838684114e-25,7.639075430702304e-31,1.7443629448005643e-17,2.2052915701856893e-15,2.2833122716642447e-11,5.638566610411318e-26,9.392528194246916e-17,8.480047710403032e-8,8.439575487652795e-54,4.680942364627627e-33,8.906851570583156e-16,2.4233774330421284e-10,7.950106023594932e-62,5.311227494641507e-15,1.1028654259541027e-23,9.055126467827435e-46,3.504845231561396e-40,4.292509956143274e-8,8.895227413450478e-59,0.24550386358563933,1.6325652177239354e-11,7.810452039677472e-39,3.0894845222847493e-13,6.92210544756189e-21,6.671117504981663e-27,2.5538121477218063e-18,0.5997464798526554,1.8582239873157438e-7,2.584504286526534e-17,5.0966395211553936e-14,4.1880646657175835e-14,3.2850007717165707e-11,1.593237691862594e-20,0.06446877007820913,4.0570837622381806e-14,3.929844831319068e-39
2.120709655478194e-61,7.25483467450225e-91,8.485684658121556e-120,0.021169951745908935,0.0,1.2930720823856454e-20,3.0842751006386237e-133,1.6834406691270538e-147,7.477891654022159e-69,3.5832252061835015e-40,0.4885190596283912,6.175742176056544e-98,4.011959312285643e-97,0.333066741271411,6.842381462577744e-30,1.6689006822273612e-54,1.4238935524205137e-88,2.4596779343046306e-169,6.988095029520284e-82,3.5742261938120186e-95,1.872619930463784e-21,9.198333767487563e-17,5.892192737121169e-13,3.2241406735260735e-176,3.9946050463424005e-22,0.11785099625369004,8.020398030321003e-69,9.47384125754708e-41,1.7022740978030765e-123,7.038767069426399e-22,1.1985095633132231e-29,5.224619832098344e-162,2.888989207236737e-199,6.201298122164921e-23,8.95307392194273e-63,3.797956035885076e-92,1.8069587404012211e-34,2.6293384301454506e-53,4.4423937375991325e-126,9.653969031492012e-9,1.124283723600735e-27,5.089111276396172e-97,1.3463480168897502e-13,4.6685042313393374e-33,6.389640560555416e-111,7.3024171253498705e-28,1.18055847833603e-46,4.621651968275391e-22,6.354210791531466e-38,5.114828540492278e-75,4.308861789822304e-41,9.734784061853387e-171,2.7787721893631714e-23,0.03939324144590586,3.856058915991456e-88,8.359197596496808e-170,2.4788638436251535e-251,1.0512654704631571e-25,6.1290828148273854e-33,2.905117248623103e-31
2.121665717490356e-48,1.0900658148488872e-75,3.858729331292733e-64,0.08153061221973315,2.762627475362154e-190,2.814265812834429e-24,1.9856461183455037e-113,7.493353789259891e-70,4.2914767464371046e-64,6.794227544351033e-83,3.040109556644273e-35,8.624113301245923e-86,5.8928588106403035e-46,3.3156142522969375e-49,6.200606611545255e-11,8.990988025495852e-75,4.120853848578931e-71,1.8320725734635504e-66,5.183157467317519e-16,2.5034732972517963e-57,1.2258789275146603e-9,4.063896739253896e-43,7.210082564705441e-57,2.615939374506986e-49,3.7562974760676716e-72,5.619558701827386e-27,1.7216539138398577e-57,3.343387781997624e-30,4.4519141960421046e-61,4.034650613584922e-20,1.287419133262999e-62,1.7037145944977545e-61,1.1487538439971658e-122,2.2973547170475784e-41,3.2717116012393713e-41,5.0954947884251085e-58,3.645640945761775e-22,6.318520105996673e-50,1.4366653515316196e-61,0.10367807814888301,1.877079438832283e-58,6.296719352002608e-66,1.9988527995755854e-10,1.0003751963331859e-60,2.4022003329695315e-64,0.732992793764773,2.9543740307597185e-5,6.574815208689839e-37,0.04456021662205027,5.911819004350822e-94,3.0046732149758298e-65,7.396661403364219e-47,9.088507704749219e-11,4.1298040954631865e-64,1.7318307902904108e-62,4.7626317529522505e-65,2.6769061633896247e-120,1.03866575172836e-20,0.0372087539255972,1.3105467993558749e-64
3.217000069332757e-7,2.2342042429597905e-5,0.0002649416931819314,3.767304558774701e-25,1.1000381681447846e-14,2.8906147758436794e-77,1.3841509419284836e-34,4.453878762264631e-7,0.00012660317229948962,0.024356208337560664,4.684625341126859e-16,5.342412310245812e-7,2.1515797181880814e-13,5.122999294485444e-37,5.109121915842754e-18,1.241583342769382e-20,8.042032140417172e-29,6.3778097037823295e-24,4.070383539454071e-17,3.4802286700892237e-8,1.2521502097811166e-23,1.1218623887713716e-17,2.1867457295343715e-50,8.996676674646765e-13,0.03408069413850646,1.8405934618317838e-18,0.02428107512015503,0.4192531787918211,0.07215709786557861,0.015618948169258464,0.0008821922485740592,2.6968979402462713e-17,1.5538426503801748e-25,1.4249126457446058e-7,0.0005711707215566899,1.1175330723165236e-48,0.05372542364758351,2.713301569752961e-14,6.82628824798677e-22,1.5863396736703932e-30,0.1223269887267517,0.03410334437220537,1.2150486625529371e-41,0.07991702388147878,0.11550774778373278,1.1862564953691726e-72,9.379316736086966e-17,8.715277520905621e-23,1.1918704188322443e-32,5.562268234958434e-17,4.515816335018916e-36,1.9160083351752223e-7,0.00012275059393805824,9.430142661533311e-17,1.924941826154258e-6,1.1094021121104686e-16,2.2857913764921153e-21,0.0026786735269087158,8.12711266555278e-31,4.461386765294728e-18
5.702570113243985e-12,2.7432354298026458e-34,3.413380978568932e-22,1.1879942769811617e-58,1.3065081201389787e-173,4.3725562438208745e-21,4.288545448406296e-85,8.902155079353853e-36,6.049831476581444e-36,2.0328711402057823e-45,0.0794326246575469,4.524232790296679e-25,0.21280357764491417,4.250141807666985e-36,0.025359994385352812,1.443450281741491e-11,6.876917213618197e-46,5.694639806651007e-80,1.3635592061790324e-16,1.209339214211659e-24,9.922022136561734e-22,3.469067401058256e-9,0.0026019033293715114,1.9173563267934692e-50,0.15099905686693063,1.4811329306138943e-19,1.6341837887132035e-35,6.18880444000321e-41,3.426519653383231e-30,1.916027035445062e-18,0.19375483535288646,1.4615372583107525e-65,2.1042321247809005e-118,2.2571386497881305e-7,8.164656965738798e-26,2.1000667015547105e-33,1.568907680769992e-6,3.8641696913633503e-41,0.020272302416220266,2.016882439105558e-27,3.006549724314912e-31,4.1599989558234644e-20,0.20154463259906477,2.169772944646866e-40,2.0622310860204664e-21,0.0219715767157759,3.4281735877272974e-16,0.09119756220307512,1.4388898290347834e-19,8.324209410842168e-41,1.2024385415268367e-8,6.453672447004481e-79,1.5403788594946483e-46,6.0123693725247915e-5,3.526042059465138e-26,5.4531421556656625e-77,3.469658001706662e-108,3.5943884606881697e-34,4.017610704138326e-41,2.579945804650493e-24
9.092085653777306e-27,6.575115123701369e-26,0.19703230751644998,1.822558905303545e-27,1.6145251829562618e-181,3.571651075433559e-101,8.141536535382633e-57,3.2656217169327775e-7,1.1254211782223706e-21,1.9414303148951086e-71,1.6203657651583103e-31,0.08747993044768823,0.0008621714696017997,7.226141903438963e-47,7.697043329526624e-76,4.51764386465857e-9,1.1193203257497912e-73,8.86435823481624e-5,0.08657356010744471,5.638874598864017e-21,0.06980916482639951,1.244563612146194e-18,1.5348830504852208e-30,0.1345318995671573,2.734670928200072e-22,4.8224732630756705e-95,3.79741936400725e-43,1.9260746036188562e-35,2.1799386764759834e-11,0.01764362901200816,0.03382263698478238,0.042652221612842066,1.4111512015133488e-54,2.3856357812044776e-54,1.2367496598131796e-12,0.0007772367114140252,0.0461782939646408,3.148540656838486e-53,6.863600847604656e-39,1.9548533877846715e-106,0.12820091089159272,0.06161723013385625,2.2497962925948068e-38,2.3571497750164216e-37,8.9543881094854e-15,9.107541855560252e-32,2.2995949889694066e-11,1.652061769561003e-8,5.4654760009741836e-67,2.2210933720276914e-28,2.153521942652324e-11,5.44374943601183e-21,5.6919028907069875e-52,3.816658737299831e-47,1.2417583889266604e-19,1.599159083730021e-31,2.306390946460267e-63,0.06135591405744494,0.031373901200610135,2.457093820873057e-10
0.07851978653474811,2.1674732478205395e-12,2.0114070234385823e-7,2.3381523292452412e-35,3.0066386659056304e-24,9.250650163802662e-57,2.504599267243394e-14,0.03509828185348215,0.12671808828319198,3.636530049352804e-43,1.395651217704792e-52,5.785136543020424e-6,2.3368578389717406e-16,2.920107769524323e-48,2.2837375472562024e-13,6.993582521985305e-20,0.017318519574968168,3.052750593396287e-6,1.0155609121558107e-21,6.811296427816958e-7,1.0996753967178202e-9,9.119743070305891e-11,3.5937676653247544e-16,0.0612634677354652,5.113575818866366e-16,5.172279265964015e-33,1.4943867419715184e-8,0.00592990878204273,0.0008777864619381384,7.147438564307378e-14,3.678340545635294e-19,0.17405445803406472,3.508385328233342e-22,2.1801670324178918e-33,5.9191506355483806e-8,5.555810198563648e-10,8.087164022106272e-15,0.11949252221412908,5.669859436295081e-20,0.011750950477683547,2.7313437202289697e-37,2.4908139626243416e-11,7.757468125773488e-15,2.75788987998263e-29,0.00013109546001656544,4.910901172966583e-65,5.2323251056338374e-8,3.922309345330056e-9,6.044105524935937e-47,0.13597109148214723,1.2718317124615138e-46,0.1047012621725427,0.0001479644446526868,0.006333221065118546,2.972335796000528e-6,2.262042084275536e-6,0.12167649949957775,3.098952790951156e-16,9.23406315821476e-9,1.427621395108515e-19
0.19893927541558187,0.04260354249804267,2.915779674642402e-14,4.63245678599233e-8,3.3415430952494e-132,5.606962455197612e-34,3.0708968436395948e-58,1.968598571150743e-19,0.1426267082897198,5.590886048510022e-56,6.50023162479141e-29,9.785315592329443e-43,3.897482806090989e-7,9.521525446116794e-34,1.8029836088436926e-12,3.2714185128343955e-45,4.0489972117292827e-10,1.6291407678041172e-37,1.2112906567451921e-37,0.2710365698111398,2.484034465351928e-18,5.687185599085416e-22,8.780783300422569e-19,5.294110607984477e-31,1.276537010996517e-31,1.745448214487945e-85,3.935586744050372e-27,0.2759922037216857,1.6636604255057866e-13,3.825249386200815e-20,1.2556110223505316e-37,5.251535334348726e-25,1.357087708737354e-112,3.163626807330715e-51,0.00019646245612899894,2.4288553976189393e-40,2.523266787442646e-8,4.980513003775396e-19,1.2930844764589299e-30,1.45481163982731e-34,5.406811715298239e-44,0.03136339447337073,6.578685053894704e-11,3.1053179228640236e-33,6.008688006517664e-21,5.02100655721944e-41,7.905535521397776e-17,5.188512189644079e-20,6.975374400273999e-42,1.2867887061520687e-51,7.096971095627774e-36,9.070884818804836e-11,9.969147495921244e-5,0.02405541614372451,3.679511848164995e-24,7.075192131549299e-26,4.988774873657582e-78,4.2677972990301865e-31,9.836980694179345e-23,0.013086273846736246
6.618380354738836e-10,6.871683385718539e-20,1.1618420493241036e-8,6.926997147830798e-34,7.818381375351503e-36,3.983531339827672e-5,1.6269284485788624e-24,2.215677668080642e-11,0.00999432378370175,1.666537296440435e-51,8.950736081694461e-27,1.4517512521376612e-5,1.8108695440817452e-22,2.956378874696234e-44,1.5414655041840214e-16,0.002451757153166099,2.302959705063937e-9,1.9906378323913016e-10,5.026454256147393e-33,9.920043523022155e-15,0.5277302014494537,4.180759690647462e-5,2.42909873388328e-9,1.3738634491929977e-11,7.219200663508005e-26,3.8790380617947814e-22,1.5804650528865392e-6,9.542809239789446e-6,1.2383846489237988e-11,2.434781585077042e-6,0.02461472598299008,2.8194510804838438e-5,4.723773938787881e-20,9.793421245095922e-43,0.04720169235371676,5.464392256100807e-8,2.6762491604975677e-5,1.158297512498163e-5,2.013190555628881e-18,1.2342548444186163e-69,1.0253751262479264e-31,5.179165116614613e-13,3.361282604910212e-33,1.4549627075709688e-10,2.409950388464015e-15,2.671105031419573e-11,0.2971081508295918,9.210261463173047e-11,5.132818658129943e-20,9.304988622466295e-17,0.030400734313222048,1.86480248287569e-11,0.0007908205511863465,0.059517192596533604,1.3453203910248688e-5,4.681249368247378e-10,2.26196800071652e-13,6.754531478097049e-23,6.166705649785843e-7,3.0183217032861723e-13
3.2181844346715994e-18,6.353885832301406e-26,7.252408917150039e-15,0.00015660409690793049,7.707355611423441e-116,2.9577133652861583e-21,1.3991896382643194e-50,3.686657352353028e-30,3.383369728982192e-5,9.159267460628587e-57,1.4667615358895586e-9,0.06339078686737597,6.75635514300219e-42,7.708625637833161e-49,1.4260492982472145e-5,2.3767410960476412e-20,4.1828780820933334e-20,2.4008485655698813e-24,2.882341937259438e-19,3.4081391371525375e-22,3.7108873404244274e-12,1.6666801864174286e-5,1.3998317768601845e-25,2.0675515661136674e-34,0.11788306661547879,5.230718407590648e-62,7.90088408403483e-29,1.640701148362925e-8,2.459590947891797e-37,9.679862594519388e-9,2.5129406866524666e-5,0.04941433447131772,6.903085430378284e-82,2.6995406071457844e-31,0.05323147627022882,0.2489482254782095,1.245503252953497e-22,6.073478743089608e-27,8.362557011907622e-31,6.0634781159519694e-92,7.951363574507322e-67,9.373704069698811e-24,6.055181009321627e-37,0.19435941731868953,0.07536193714344343,1.557694410352787e-54,0.1294432134346531,0.06453616853550083,1.098021559116487e-27,1.34178222838828e-7,2.6130878581275248e-20,1.6125785728536016e-17,1.5019300222314687e-15,9.871953504447165e-21,1.7830296366442892e-18,2.8803907283544834e-18,1.768599030503312e-73,0.0031847176336133438,7.8710506103579e-18,1.7421721689316746e-32
1.7301736458638902e-46,5.9031005817794545e-74,1.4208498618972108e-44,3.823191985467768e-68,2.7815877572938104e-232,0.4567159236969954,5.710576078555865e-127,3.217728616496445e-107,1.7087837652527328e-40,6.062716925394043e-45,7.211660433337916e-7,1.2554125321953466e-16,2.20194615135976e-49,0.35969150591756727,1.3348282736733952e-16,4.366149777728604e-77,2.335469621599366e-36,3.3689725180656367e-76,4.4069851477323665e-79,8.117535928417109e-64,5.3662633876205385e-28,3.0437726947817045e-12,1.3915154125999372e-20,5.183331058723474e-44,9.346795588680003e-30,5.106009626157077e-47,4.105907820352452e-71,1.2113987303011271e-57,1.4309479948400364e-94,0.0682931827972575,4.0211483929444027e-28,1.8927204407477333e-128,2.338110040221372e-80,8.520838395930127e-34,2.3371695941486306e-19,2.0520260482920764e-49,5.963800728740417e-37,2.4940804901740027e-76,2.8020364328634385e-65,3.724933111576872e-33,2.105094496625128e-39,4.428522207614461e-102,2.241069099092869e-16,1.1297634166375876e-21,1.576668827241619e-46,0.07537020295352354,4.974675320905113e-12,4.190917669082833e-47,2.0454400827525244e-37,3.6422575258311815e-46,4.25656188740672e-67,7.966658138722693e-162,1.2960673311460016e-83,3.347484188114933e-17,1.4008757272003293e-44,3.29324359420064e-172,1.709486654018618e-137,5.5529461117539495e-24,2.273647193976545e-35,0.039928463460594074
3.022823847722171e-23,1.5419761353920584e-37,6.1444849605555984e-18,1.8598455812981065e-33,2.605460484121945e-81,2.787155743945209e-27,6.245483967945283e-46,4.002893608552445e-27,7.810283920497639e-21,4.26404432351546e-46,2.5346174795440487e-33,1.8944258033291016e-26,2.91543335282367e-31,3.6961136797800066e-41,0.9999999998293867,2.2680864278345996e-20,5.351218331768973e-31,1.4025695507641714e-38,1.504158292564683e-11,2.5848629683172933e-30,4.4658543335059285e-14,3.460816443640455e-14,9.905904837575362e-24,1.9729970494024868e-30,9.565279909312681e-40,2.354866026554423e-55,5.204408744923777e-21,4.432476206831487e-23,1.1258912208522665e-27,1.0853807535116155e-21,5.860679329905371e-18,6.89841286498492e-23,7.310617727823989e-57,3.7547902370956975e-26,1.709991307705157e-14,1.0091053758621892e-22,1.0823240079822062e-17,2.0859419796304602e-15,1.787098856980163e-49,2.4516736320039733e-15,1.3204941254210141e-28,1.3187421053365597e-33,3.8402624820074707e-20,1.3098137895832549e-17,1.0014050255830633e-19,2.1915903076505552e-34,3.2881244799956746e-17,1.2151504012661127e-29,1.4098368239091472e-30,1.5478047057397076e-10,2.5427313300388368e-15,7.499422755629262e-29,1.832755866216161e-21,2.086951886485654e-17,6.876592889604622e-13,1.5358683558753152e-34,1.5754050509967672e-42,1.130132275792456e-22,8.547410564751094e-23,5.95814346499558e-30
4.9120157236420025e-15,4.726337872095107e-76,1.159952854744053e-30,5.000569251530226e-17,4.108225729177427e-188,6.890969782270764e-17,2.0149998967855687e-65,1.0715404642123694e-75,1.1292686276251059e-7,9.447734573112637e-45,4.4447944772566434e-33,0.020207368107167358,7.200099460948839e-20,3.509406666990921e-11,0.026014631997207945,3.440972014621192e-12,0.0038990065474950736,4.241450972418218e-89,0.017517168177579593,2.3478143018135498e-27,0.0006998927074550637,6.62457797871696e-10,0.08326640531912041,1.898907945451173e-71,5.642935045034472e-32,4.042129328314407e-30,7.807019647164675e-37,3.432792637823068e-8,1.6223227559039116e-49,4.441241938111603e-10,1.2490483578377807e-12,7.215156761584188e-69,1.1674573675699776e-163,2.1375427361238635e-48,1.128992871119234e-13,9.054104741132378e-10,1.6559364857628042e-6,5.154068067538102e-37,3.0568584386320346e-47,2.6092780296376668e-73,1.9540440180086436e-63,5.019442103108071e-72,0.00715806199776776,2.21427600180948e-29,5.3172114736632807e-36,1.94097758009363e-8,0.08050463214294366,3.7882820771913703e-22,0.00857869050889161,1.6472745809501373e-22,0.3901218602865522,2.748958247006914e-46,6.181243864981985e-10,0.33635021685101285,1.2929233298985317e-31,2.1724670460448677e-75,2.2794994180615707e-130,2.3023458999706498e-43,0.025680240085736775,5.033941857401992e-41
3.573417709533858e-13,7.676964564775648e-7,1.2614991595673197e-10,1.139104833455496e-42,0.00030197276999828585,7.099226345133864e-73,5.316097669126873e-7,0.0006524161301996043,1.351056065524522e-12,0.0015237683400079755,2.854808590324148e-27,8.103868980789963e-16,4.7775146916863265e-24,4.273316837935721e-26,4.559768849162963e-28,3.163847831158541e-20,2.6505889835813953e-33,0.0026444958046186766,3.819951719842304e-42,6.23225839949656e-18,3.715905965246434e-12,7.849568009288955e-15,1.8161545527488065e-32,0.6731941444153339,9.980944621933056e-52,1.3734220021983505e-35,3.001452828902531e-6,2.985065534909109e-11,9.817628522773127e-7,6.583956732866245e-30,7.36296072022089e-15,0.0002596295341371749,3.4239696241850017e-5,2.0171420180103024e-36,1.012857717339926e-11,3.154406504308857e-43,3.465880355764493e-12,0.1443427314509322,7.168546922413536e-9,0.0004284992353608169,2.1783223105758255e-5,0.00021896211713681125,2.2484827803107704e-49,1.754643722622642e-24,5.454611759364321e-6,4.626634932824155e-92,9.010221654755766e-18,9.954757658844145e-21,7.787512161056316e-21,2.9287620639948362e-5,4.4996998890690326e-10,0.14345560639225755,3.0058031330667363e-9,3.1578993889177576e-11,0.032461671180444705,0.00040409551782347256,1.5948606167477324e-5,4.457160376668609e-23,9.954657672472049e-13,4.584722879815505e-54
9.994549338395786e-6,6.305511711006721e-13,0.0004450002734421019,1.8003836169836302e-29,4.818001478088045e-27,8.660038146591534e-47,7.319682882070643e-39,5.1276951198966826e-8,1.4827072898299024e-7,4.243750968444739e-67,1.212746902244804e-47,8.14250531592402e-21,5.5678280079230104e-15,2.044494040095817e-41,4.480962752154292e-18,3.0105389114475837e-21,0.09087207523988655,1.3582670748802914e-12,2.884931407968769e-12,1.0928895692985806e-8,0.04065444563626461,1.859191901914841e-6,3.3743312607666516e-26,6.006825203883485e-11,9.002148855981505e-17,8.520366214522868e-11,1.8968739029376854e-5,0.0013755033519902374,4.680416907825036e-6,3.030779168043177e-12,3.260277662519596e-34,1.002741003855109e-9,4.683134924047017e-8,9.193493199910427e-22,8.279967088554528e-6,8.92244323241766e-8,1.1208556308532456e-33,0.0017413014005954073,3.6859783947866565e-20,2.797322375207418e-48,1.958943310645732e-27,1.3510984909408593e-6,4.5247277037720416e-27,2.9521850036942386e-9,0.0006580121283447639,7.706002448231437e-51,0.5854166285769664,1.1317798468281676e-12,5.623294755767386e-51,8.448970368508295e-7,4.032313926911528e-40,1.8616797184612508e-13,0.007107547412105649,1.8310903765918018e-7,0.0018694751738603447,6.935653053988428e-17,1.7850940615689408e-10,9.808283760237573e-21,0.26981349801741683,2.582689928272429e-15
0.011819473326497111,5.1589687461368146e-74,0.005149875324051658,2.8291266495248188e-21,4.871426653e-314,2.0034986096615276e-49,1.493506087008303e-73,7.292240678666009e-62,0.008147113121751733,0.007446761776698654,0.006610361259197216,0.0044781315204506416,1.0303639657079905e-22,4.861270123930457e-35,6.595046551145984e-6,1.306135899769329e-14,6.070104871598929e-29,5.420181508004389e-38,1.5158686485871118e-36,8.61608774652919e-15,0.10643534680287076,3.9681616041504944e-10,1.6669160170596915e-31,1.4339224590515466e-58,4.4678383380649375e-11,9.30789279370171e-94,1.8385088574689222e-11,0.0001733333424747284,3.716843066996638e-59,0.0030236992143373494,0.004704903504136273,1.557822694401972e-79,6.870206649731696e-124,2.369250972987719e-66,1.908330004806485e-6,9.247168569050965e-22,0.04903554577740289,0.013931373774496438,4.1556191805766026e-22,1.9511571275908172e-28,3.4140288673137625e-38,1.4949050918485875e-30,3.9267101718866397e-19,2.2244156299250634e-23,1.5091400345331757e-8,4.45686287713343e-30,0.16872874190653284,0.0005026436547422337,4.8435005449514424e-8,9.211852211747164e-32,0.09965449340716458,4.9538766463429626e-54,0.005755099127258699,0.4653840368678466,1.8172823594205602e-13,1.5884640306304832e-50,3.212532262064746e-140,1.824304247473321e-38,0.03901049892904477,1.0516178019610658e-17
9.257606045478072e-5,1.15042057427565e-11,0.02040289698899438,2.1281630304261845e-43,4.765991290317066e-10,8.019836765222101e-57,2.374613256929116e-24,0.004808102493066441,0.0005711211343661846,1.2223227541207166e-39,6.403632448970389e-72,4.204541802639851e-40,2.5688443486630638e-22,1.1390142984671377e-41,8.286747677681487e-12,2.0698944329622523e-58,3.8607663807547056e-8,0.18583067169431144,1.812274543365129e-38,7.899302861615846e-11,2.7062540085516453e-6,1.0601194232863658e-6,7.146282825992278e-21,0.2198481315115653,6.215739655099642e-16,1.01115773686951e-61,1.1997873276566897e-7,7.574916710745378e-6,2.9199369561882806e-6,6.120679128737751e-22,2.980284869570715e-38,2.879274190902586e-5,9.654755633663953e-5,1.198271099487462e-36,0.0060387752124369245,5.753131329359147e-34,4.0612174963025765e-31,0.0027956771060458486,1.920540433491161e-45,0.012153052329051672,3.1213458687425742e-21,3.5722752371774894e-15,7.216959072607242e-44,2.5151539257827986e-20,0.013772805116487371,4.617185535987374e-80,2.0560450946138286e-9,9.583698759174487e-33,2.6089683878892598e-28,0.008201309406623796,1.1395463015068617e-48,0.1068268651643355,1.586618070577837e-10,0.0012902201757579938,0.416986559030923,0.0002020807144171357,3.939295872515989e-5,1.967435869758106e-43,6.018940178618313e-13,5.735876130475337e-22
2.060562741628299e-26,7.3209903524283885e-25,6.700051673300056e-5,7.187647147331988e-66,1.7015989507998407e-15,2.113417962764694e-91,0.012351180948394826,1.9815891644303243e-8,1.5038869308997886e-21,0.021075260264539132,1.3954273317682052e-40,1.559142410308991e-72,7.022002298633428e-36,0.006463090025780757,2.6078891115392775e-44,4.4459336280751576e-82,7.457355344884111e-41,0.6351184968339256,1.5495274006630383e-71,3.3914252775010195e-26,0.003051408433391438,1.4238326519276024e-19,3.1555033010145874e-48,0.05596664477368784,3.3257607100131775e-70,0.005060343155317081,0.0008422867837142231,3.355342467403663e-18,7.848763436512658e-15,1.1132417460485983e-45,6.634538681831594e-20,1.2597314867810494e-6,0.00011283563372408428,2.015680071981582e-25,4.171178202927105e-12,3.5972322879138077e-72,0.013795441986439418,0.13739852908945271,4.362576323227906e-24,0.0331167945250755,0.002310091285838195,4.422680410431612e-8,1.6445993772404406e-55,4.5245503963637853e-60,1.605395698888098e-20,5.76721926230737e-103,1.7062150220660522e-23,2.1253795734329412e-35,2.940444275258357e-50,1.2201717809984152e-26,5.963920590469793e-86,0.015366748663663787,3.748882150784667e-8,0.006058149295289001,0.04751459257505984,0.004329743929207122,4.580043616685226e-19,2.4705478758895586e-48,1.3581493927544825e-11,2.925671561492743e-84
1.6970533893247206e-26,1.711057859822497e-22,8.882900162052667e-23,1.0160517005549407e-48,1.0658896767768485e-9,1.1383382519268151e-65,1.5924434017308237e-32,6.8056961071084334e-9,1.6368675008807407e-35,3.524158429510699e-19,1.3134747277706016e-56,2.1721690035284795e-29,6.779038724794131e-40,3.4226740194684826e-33,2.391779302414438e-62,1.663416549692328e-75,0.004757510759763701,0.012666086436820321,1.2249976787170977e-63,2.0113831678259024e-31,3.1960341466059747e-53,2.2107880813089816e-45,4.788679230401848e-105,3.364903243031271e-8,9.386945825558558e-80,8.296061057284192e-56,0.09487057413355478,1.944253149151124e-21,4.193623272937746e-12,8.223614790244523e-76,0.008905764070704557,0.2442010437422968,3.996374482826499e-19,1.413196276959065e-26,4.887737250605792e-29,4.892881112261211e-61,3.7779228207174437e-6,0.009681489615731604,1.3854793717836641e-61,0.0023498368636865182,9.429295389666564e-40,3.0693965593102263e-20,3.777213468955115e-57,3.603912690523225e-80,9.286865179999934e-38,5.979274900290031e-119,9.142158931902777e-68,1.0935958989355249e-67,1.7190401275104712e-14,2.7195215439904213e-68,1.8317241864849015e-98,0.08332444377232175,5.295136653563566e-10,1.082157265380669e-55,3.5304363940631984e-5,0.5114014819343219,0.02780264432969388,1.7206068095379424e-72,8.124683949084417e-53,3.6589520626981564e-92
0.010576217233563997,6.0463398166783026e-18,1.7582020710502193e-24,0.3010724169840583,8.99269273415468e-46,1.0618187428413755e-68,1.7352746614338974e-24,3.388001464548527e-39,0.05805588498668562,6.018865783831397e-62,2.4842066851879567e-27,5.661028931384564e-38,0.19015677754451762,4.164455588736658e-43,2.0096778783144202e-22,5.2800899500849425e-36,6.859855449614958e-41,2.7629835603798152e-64,0.13648772568183015,2.3838198159728805e-16,1.0743202659942787e-20,0.003232339562294854,1.0509969659427752e-47,1.1442940455062584e-41,2.1298225430845252e-48,3.10597644168871e-44,2.4855952110909367e-23,2.6805080459931905e-9,4.009355774012381e-28,1.0657228781474192e-19,1.486074398090964e-22,1.3903693577560066e-30,1.2889366200354512e-63,0.030886056142768875,1.254656425717522e-15,2.763657903656587e-15,5.047738010153541e-40,8.133447846438933e-12,4.89285800509942e-38,5.716256265080909e-86,0.054974839325769284,1.4728228869945621e-27,1.3806826765425183e-29,0.14471390503217707,6.3027813430607356e-37,2.268269745760039e-75,0.04217584345043248,2.352140458271634e-28,5.037984624107544e-23,9.503715357074512e-59,2.0623210396101075e-46,3.144235995888842e-49,2.2369483223988607e-24,8.011677246740187e-23,2.088302324722155e-28,9.002094116707805e-59,0.027667912785842637,7.858141335490906e-8,1.2115188939642474e-29,4.200826320534726e-63
1.3242438647317513e-8,3.732132413896878e-14,7.689338173308345e-14,1.0951172085223023e-31,1.5830637630227773e-85,7.452911935810286e-13,1.9842052585447967e-37,6.817736221657069e-6,0.00012232485610853746,3.0530801768883948e-49,6.676086239928061e-22,2.1699144903387224e-14,3.7163924091695237e-19,2.517379219487065e-49,5.651694221245483e-16,0.002369752459621188,0.016036558905042603,9.395793992485008e-7,1.0376643803520253e-37,8.434860855061635e-14,4.304641729586675e-5,5.199995587955823e-7,6.135122112595911e-13,0.10348643706963903,2.5592988407217654e-34,3.881624897007737e-21,1.2651617379209358e-9,0.00016776818096342323,0.015307988656618697,2.1809559289061041e-10,0.0007657433064827112,3.4148262300727266e-6,5.963234429272576e-36,2.4164422245179567e-27,0.40548256674781064,1.229901673829212e-9,2.8080263832587124e-17,0.28320850077234827,2.73395565621934e-30,1.142843246410795e-45,5.228943451534712e-41,7.060137706395858e-16,7.729867289263626e-29,8.268514580683237e-17,1.5462326922831547e-16,1.3016984729174663e-28,4.509730034121479e-5,8.456980118880797e-14,7.400644689336481e-14,5.163082671920888e-19,4.769349543016052e-6,5.835690746057446e-13,0.17248576917898323,0.00012786598513755902,6.539286346314354e-5,2.807094435257703e-11,4.5738422787711905e-33,1.239079943041328e-36,0.0002687098231995106,2.416660353032128e-29
1.1049465900915118e-30,5.653514730963431e-43,4.99938744179136e-58,3.0996440667875777e-74,1.5903768059790845e-74,0.25182836465212155,1.4508898276340457e-96,2.1930876440861355e-44,7.1498738208907e-34,4.7899644301970283e-48,4.8899882179197e-28,1.802908026886923e-73,0.02727020066958436,2.4519524430766655e-45,0.06830790276125988,1.6293313368899281e-25,4.28906557079062e-72,1.5804310750522805e-81,5.83083438018341e-23,8.200868211330113e-12,0.00046199005661384687,6.448810936632855e-19,9.429276646216965e-12,2.2377997699032227e-50,8.425308737205073e-77,2.057973021736684e-78,9.160586491245481e-63,1.1700169433887546e-41,1.3547514466586995e-39,0.5194280782434809,0.10857504669046716,1.1209018273021805e-48,6.721733870248409e-95,2.168916696956958e-92,6.928108917556946e-46,4.1360805396141535e-38,6.980173422450783e-45,4.606258751498658e-50,1.3459102834177512e-49,4.880561699208351e-53,8.403169604406224e-79,8.770662343131746e-44,3.634312215774246e-13,0.024125585850571018,7.394989369209867e-50,2.8628795949073933e-39,9.764800676185239e-11,9.551800129194019e-7,1.2471498967872983e-62,1.1511218831931996e-35,1.5101118440231853e-17,1.5888899390526408e-29,3.234225371119722e-65,2.1533800599302368e-17,5.314125942585943e-49,1.7090844933412788e-53,1.9772711708551556e-88,7.25038774513375e-54,1.8757802467025677e-6,2.8297963344886077e-58
60,34
3.044810646532677e-65,0.042042042973331244,0.9579579499523263,7.074342584571024e-9,4.702486291304571e-19,5.81582565926821e-40,4.149257316638277e-37,2.536546997408393e-36,8.682232640049861e-34,7.531738056708077e-35,1.4256115957736407e-34,1.1435070671770533e-43,1.4392881022284925e-56,2.809399896907381e-52,3.8648958350440774e-95,3.020121393510775e-111,1.4198693943915775e-86,7.347313247030736e-53,7.30819680012751e-60,9.9813085082692e-55,4.4244979125928304e-66,1.0395212314316312e-70,7.164212075075704e-108,8.413107613299534e-246,3.8417945819148885e-123,7.926668240855748e-70,1.681910118959443e-52,4.842704825435202e-187,1.4938101155129036e-249,0.0,0.0,0.0,0.0,0.0
6.83550324825947e-41,0.9538064687973486,0.02868552656064474,0.01750800464200658,7.262909470865958e-28,2.4606933763170286e-41,6.920157156464916e-64,2.0266551569009444e-36,1.4336996892613823e-57,5.197069581872946e-75,3.2515609996362437e-105,1.6528517422763688e-19,2.749397818052958e-80,5.633472516716079e-60,1.0190533361394325e-78,3.0890309042192e-159,6.889633239508413e-95,1.322835565029172e-44,1.69147466123823e-76,4.71719010598935e-103,7.8613272328719005e-84,1.93712575136236e-114,3.9355588328966875e-184,1.322127768528424e-142,2.386097213625491e-171,5.4093542653405025e-65,1.0060347587831053e-203,2.597068461794898e-209,3.840418303920728e-201,0.0,4.116e-321,0.0,0.0,0.0
1.7182759772151482e-20,9.930195043854422e-11,0.9999999999006981,5.112941485929234e-20,1.9837547123820747e-46,1.9877996109017456e-74,3.0482730256573194e-79,4.159368839581154e-58,1.8420596015812008e-103,5.404518379122727e-147,1.1357437832674764e-96,5.622686435339362e-35,4.063959472916808e-108,2.5343842220816163e-149,2.2096274484051483e-158,6.296731598261505e-75,5.258901387855292e-103,4.030860256923788e-69,1.3946286423251283e-87,3.879502732120921e-90,1.9036683106877074e-64,1.265780506717789e-163,3.5593190345049724e-200,0.0,4.77342491340204e-155,2.8873847597750954e-128,9.37497372767107e-127,6.577352691751697e-159,7.938438519694685e-292,0.0,4.261075312563478e-223,0.0,0.0,0.0
8.936326634309803e-99,2.1651080764450413e-12,6.716406092271558e-33,1.5064287118777007e-25,1.381586760700399e-21,7.067334849873182e-15,3.8695232744042087e-13,3.2227606536068e-26,2.8706308836408728e-30,9.44642733714554e-42,0.3254337000285431,0.2001149439197393,3.392204668020541e-34,1.436179235961327e-48,8.19704656037913e-28,0.32404399036748877,1.6030580093203904e-44,0.15040736568166974,9.132552444032964e-30,4.456992993456459e-78,2.093130845028004e-53,7.972333560481322e-27,8.945262959997204e-67,2.5604079709021103e-33,3.8114292439383675e-53,3.849493812571797e-48,5.615682486888026e-73,5.985091244734182e-28,7.798928667222466e-123,9.817509158157626e-142,1.7633270011218765e-79,2.78076002540896e-138,1.2139703816892903e-228,0.0
0.9998185614272191,0.00018143857278101621,6.184166770470012e-51,2.244119595451746e-129,4.996158069223664e-229,5.396672642528171e-94,1.870892541137452e-214,3.787140269790786e-148,2.867106954772158e-253,4.394477288060052e-258,4.59117000528418e-155,3.4135268253732275e-160,1.1140540110319444e-96,6.486808935161098e-234,2.7521173160967365e-181,4.327754074178516e-241,7.719980012781191e-202,2.789421772061581e-164,2.74069075492329e-145,8.083326017793868e-165,7.719244649619775e-164,7.163427250384006e-148,5.1102771797749195e-169,6.586411064351391e-215,2.7487294905689554e-73,2.3085263849959518e-181,1.4149223141989374e-173,1.9713301461e-313,3.7166247919594274e-267,0.0,0.0,0.0,0.0,0.0
5.033702262800576e-142,1.5117785401213587e-52,1.0891989557083878e-46,9.808119156468432e-28,7.635642496266624e-9,0.09843183029469768,4.267405199076869e-18,4.8760620087489204e-11,0.4045264035498496,1.7083276794212238e-9,7.163134744988167e-36,1.3048722010082915e-31,0.028854395191414906,2.6340125344583173e-23,0.2876152202482467,1.6813385279560213e-15,0.12144306499068466,2.667923617024214e-10,2.1864686123995578e-33,3.6990841425918404e-31,5.959480844293125e-11,1.1830975501845942e-14,3.179701262631941e-34,0.012535966096740861,5.027999975121397e-33,0.04659310990923397,1.3076370509542062e-31,2.0141105703740113e-53,2.47172784467717e-63,1.5314030372122243e-153,1.1513104711816318e-38,6.288607382505918e-197,2.3220707550135462e-200,0.0
7.610983859043771e-42,0.3441725728212315,0.5290085470574916,1.7491739202046517e-47,1.237157049314301e-87,0.0008129920790232411,1.6437179344061215e-119,0.06392517542375978,3.3140797676491536e-271,1.1079360824369707e-129,1.2973871083743756e-201,2.566507949777832e-176,5.271321435688548e-94,1.5661472324047893e-179,2.0641062199978777e-80,4.135809592681592e-142,6.974152257562171e-258,3.1942612280482175e-186,5.724981466235325e-53,2.9503113632387037e-109,4.08126134825491e-162,1.2975277321908732e-29,1.3286104167128286e-132,2.5486656832915242e-155,9.044731192282947e-40,0.062080712618493905,4.43545626798565e-105,1.0218887654672098e-140,4.9679872454065356e-92,0.0,2.0859267592926443e-158,0.0,0.0,0.0
7.029781585680154e-10,0.9999999992966817,3.402390980887721e-13,6.575463887708922e-26,6.668958993513376e-43,9.74319562152104e-27,5.6064489762377055e-70,1.110830022685056e-110,2.421210469635215e-137,8.134082837379115e-138,3.6892906418885153e-106,4.5079072371071185e-25,1.2475610115716953e-41,2.0379375363410575e-120,2.476629207302225e-204,4.1833965024174635e-132,8.385901700062771e-127,1.5296572322346253e-47,7.215664606686161e-100,8.762134357795978e-119,3.880835082718045e-130,3.944799839391798e-110,2.1464413414878757e-182,8.562113907556342e-188,9.576724104602595e-131,2.674830299050353e-99,5.170059730156354e-115,3.043574377734075e-104,2.0353456508019507e-132,1.56e-321,3.356100404038777e-266,0.0,0.0,0.0
8.6244766449596e-66,0.11521663983042958,0.8767786741296485,5.156691880239376e-6,2.413877900305382e-19,8.076282673504318e-19,0.007999529347998519,1.1565284445861521e-63,4.722277162259774e-19,5.660016521407753e-106,8.056665838106577e-97,4.3088786075689525e-14,3.622000310669661e-123,7.285400590251793e-124,4.9541345676502525e-121,6.402146386561379e-97,3.918165279788898e-121,1.9703628815289582e-126,7.387979727262064e-70,5.7317218640980055e-55,1.5196815702309513e-67,8.002937709419952e-42,3.0316909529335606e-144,2.9086676498733015e-256,7.863844044994798e-222,8.922937601078307e-147,3.3818245557101566e-55,2.195578975191622e-238,1.1541339569793321e-267,1.31e-320,6.7092532191835205e-239,4.9491283781262283e-175,0.0,0.0
1.289541497605697e-61,3.096544897239525e-28,2.4102735682605956e-49,0.11296882234906641,3.2463610510889997e-62,1.853223294249672e-30,0.0983804554426204,8.882689605072304e-41,1.7424297836107624e-31,1.1242946660647178e-67,2.1760693912890736e-24,0.08023789439093269,1.7725988220936511e-10,0.034990871154912666,0.19067800060936946,2.271177502983762e-59,3.295911899988294e-81,9.717709774701393e-19,5.036678074663586e-25,0.0985016657784658,9.694218011482399e-27,0.060228264815037603,2.4573342053924235e-27,0.2102216541829548,0.11330401914097214,0.0004883519576666419,7.332774389562466e-64,4.264752672703871e-58,6.751908359355217e-31,7.633494917570349e-83,7.414061685986381e-13,9.912325875069872e-155,0.0,0.0
1.2336451043149849e-72,1.2997403674680155e-39,3.780102348856569e-33,2.510822679393251e-36,6.784356321749825e-30,1.6262351743496856e-37,0.1836296669798849,1.1795787177520512e-10,3.8658531329962895e-12,0.322196021992591,1.2121219613239656e-9,0.03549108800933943,0.052592812676943504,4.6752572834730404e-18,0.03186231036025275,0.08189376453549391,4.639663516759896e-33,0.11188139397009496,0.011501884214076377,0.06805334021242478,0.013921338685541594,0.08697637702941116,3.3809264480266568e-21,2.701851049684612e-23,2.845751595731247e-18,1.5731506551844548e-25,2.740088248958194e-45,1.4482008854285746e-65,2.6879643882473853e-134,2.4884685298473176e-208,2.742796030202798e-84,1.2727491232471932e-181,0.0,0.0
2.4350047657192067e-90,0.025051309657627904,4.7023413361823096e-15,0.9163986052115705,9.731391597447116e-8,0.0004727448987298663,3.636825706120866e-37,2.4899247363920894e-15,4.483146061019807e-73,0.02187699604576257,1.0181320072086037e-20,7.801789694295428e-36,2.38084236492197e-57,2.7401182037473794e-43,7.213555989456142e-77,3.134697991770993e-19,0.036200246872386085,5.902776508565356e-82,2.7806464899119804e-55,2.051229245926037e-39,1.0640991335931691e-45,1.582629176837704e-106,6.175724404273312e-117,5.06131347234589e-44,1.3792634639715154e-78,1.4092827642970914e-49,5.992641038810879e-68,2.943041950796848e-18,5.610977759559552e-156,1.9738197264217423e-209,1.163746407935487e-128,4.32e-321,0.0,0.0
9.45649454059672e-92,0.2501285132301682,0.7167966868051244,4.596607554218741e-18,4.742212312090229e-24,4.923379218911828e-19,0.03307479996470719,5.369026892737732e-64,6.391807211058535e-21,1.161034615043049e-40,7.289703466012656e-53,4.999462306870908e-40,1.2089224592900883e-43,3.7191248684413505e-65,2.8075558846096577e-70,2.3424094952849486e-61,1.1393597593063663e-68,8.625915896727343e-28,2.656255877084718e-59,9.013989387068374e-100,2.7837024707375043e-78,4.67056022832179e-62,2.9763904290006356e-107,1.632772491035213e-170,3.0299954993005275e-123,3.915227451618338e-96,1.5287796543056574e-146,2.3472005954852627e-108,5.970303169101457e-250,1.2089054482730388e-297,9.93957534410137e-171,0.0,0.0,0.0
2.600422207607145e-177,6.353016719364657e-59,3.268156760934805e-41,1.3314802450979653e-23,0.01846697029307861,4.30834416928506e-26,0.06418989145125956,0.075606944186199,0.05991146041519718,0.010405899990008467,0.20597966820883215,0.12655574070684544,0.16301918913033267,4.966211145081556e-35,2.379972124147044e-17,0.033978204149614756,0.029212169928310727,0.05199028873104569,2.543912221514235e-58,0.013153772815709161,0.007585805684000919,1.3120538451980035e-51,5.817647666023873e-66,1.1127303591705603e-68,0.06253837842705559,0.06682718321973555,0.010578432662774495,6.198584341740192e-114,1.5434845849862031e-282,0.0,1.1747416529424423e-248,0.0,0.0,0.0
6.562248033983542e-113,2.3551498441581153e-77,1.0194723758236018e-87,2.096820885222486e-33,2.567520578370252e-41,0.0031290810264646756,2.9122860138595747e-25,1.0485832391157298e-17,4.735389372711057e-34,1.3540809901761973e-24,0.014108498726220097,0.018896762789575375,0.01957333232138546,7.9401975504904635e-28,0.005653199235506334,0.008496353136292491,9.55010295724911e-27,0.018403184350703327,0.02002793340642278,3.5455157610381227e-44,0.03462992302001506,1.4123173106568569e-14,0.07658743775804197,0.08346270654447963,0.19387943460521817,0.1582659558589518,0.10297278349714936,0.11418130823750347,0.06672042906977516,0.04245711714949359,0.01241874629485093,0.0031031617469725603,0.0030326512249638274,0.0
6.266825810886797e-150,4.999739068017619e-89,4.173568903830457e-23,6.368922688679006e-9,0.22344570507476091,0.3026747545330664,0.05281907491291959,2.5684323275058334e-20,0.09169245945759993,2.693372436522389e-59,0.12203708372405905,1.6161694772714188e-43,1.4634267078876605e-30,9.557573379841285e-63,0.0637618554921465,2.9705721978145632e-55,0.1053249071653761,0.0382441531155673,7.564702339427872e-37,2.5602364183929436e-54,1.5558160581063295e-10,2.40086577916897e-54,3.320700649799125e-81,3.0121606621930507e-90,2.8134627749379497e-109,1.585404696122472e-64,2.940481927026915e-120,4.229603907731106e-88,8.515223332452694e-189,1.8203925445818115e-153,1.256724907476417e-224,1.49202616564e-312,0.0,0.0
1.1162434018270552e-82,3.2179162997489494e-30,0.759377544155931,1.5505607627337543e-22,4.065132555102868e-9,1.427865384092971e-26,1.6769358847691226e-11,3.612111806418577e-45,1.0043127907617383e-11,2.837100780743456e-54,8.647404727823833e-34,1.3541552875681229e-64,1.970470640894538e-52,1.9784340162487367e-101,1.0740038685131204e-68,1.1818131016100057e-143,0.1261444975548169,8.389668452584662e-49,2.1502766394194775e-26,6.547103865089101e-47,0.02864550732324103,1.67441374092303e-92,0.014842479511975178,2.277244290921109e-285,1.2689783208011671e-27,0.07098996736209068,1.3383342384608397e-202,2.9076557957551825e-90,4.502953406920884e-265,0.0,0.0,0.0,0.0,0.0
5.024377101343057e-8,0.9824265924320305,0.017573357324198617,2.484178127673737e-35,6.94675504198228e-100,1.459593931204365e-57,3.8063957551022277e-106,3.7360798287590896e-123,2.361301944063803e-134,1.0440038540560995e-231,8.168875541549921e-180,6.933131628454653e-69,8.357544128896488e-138,2.8528148166038373e-201,4.363022420997211e-251,4.349136090426704e-163,1.9851035619432885e-216,6.292465953527231e-112,1.7355798168763935e-173,2.443496188074362e-89,4.02513814811147e-109,1.3830067421514326e-152,2.719234787026283e-177,4.429383507883375e-294,2.0746839796144102e-180,1.9511750215468828e-102,3.709264635061188e-167,8.93581523438226e-305,6.087547863921209e-100,0.0,0.0,0.0,0.0,0.0
4.1069304704881446e-94,3.7358539828019806e-40,0.8194071226349943,1.055342573238529e-17,8.152799097289606e-9,2.147732416027628e-37,0.17321069511758796,1.6293196705385895e-49,2.3802650259361325e-58,1.4060524498128568e-24,2.823922700752252e-37,3.445149138394671e-33,6.587162766067396e-32,3.76810629163635e-64,3.827917903619327e-82,2.0370103896832855e-45,3.0807655992350682e-33,3.377599932057934e-46,2.3800210941955676e-60,9.384606854323536e-97,2.678459972725729e-93,1.7361457806577673e-86,2.7223470844373224e-139,8.016139164277148e-217,1.0587948016137145e-73,8.231130733044356e-74,1.2477889015439216e-102,0.00738217409461858,1.2065265676813825e-67,3.365522927e-315,8.583488675828363e-209,0.0,0.0,0.0
3.7616768560093934e-45,9.850770693488387e-7,0.999999012359281,4.8726566872100813e-17,3.10533860982725e-38,9.841729268252678e-81,1.594518283622224e-45,1.3251211453164244e-87,9.326319660739915e-59,4.317306936690528e-80,1.7176757509189756e-9,5.62502653299871e-54,5.134384688844771e-10,4.140937842066529e-102,4.2507150729136515e-111,1.3792154837240266e-92,2.14742282333853e-158,7.632330202579117e-22,3.325353826875563e-10,4.751452222010394e-113,1.692612207023424e-119,8.54030629825887e-105,8.726775244430339e-198,3.311039097841466e-161,7.118723409503808e-139,1.6119835508333195e-153,4.133778701933697e-127,3.122550653448296e-226,3.230984286967175e-187,0.0,5.317554025902304e-114,0.0,0.0,0.0
2.7251587277986445e-97,1.288602655430276e-32,3.6285832494085727e-6,0.9227543056983641,0.06440095038707276,1.919673652471745e-6,5.1925729122758745e-18,0.0033676026152773255,0.004469998295125312,2.623277175164726e-91,1.119993501481945e-21,1.523323652543446e-43,1.3768463284376284e-77,2.2346732854247222e-57,1.2282902817318904e-89,2.792364741716697e-105,1.911783718914256e-26,3.809580025787484e-80,2.3203485323333748e-30,0.005001594747258567,1.2905720254148354e-48,3.4966126801473344e-120,4.250232717544876e-39,1.1750650093702531e-216,4.852148301307804e-145,3.571970314743673e-90,9.034941337278763e-86,1.1012039488567262e-153,2.4489750693382393e-254,1.2001183267389809e-275,2.92412375427484e-310,0.0,0.0,0.0
9.182116627042877e-92,1.8955995944547506e-27,0.0013149781782487817,0.3890968147874155,0.5550643675402769,0.0411890507267944,3.800619284968778e-9,8.930718784215166e-45,3.4592386648682254e-46,7.18079476881332e-30,1.9247153432449145e-41,1.6546468369051365e-40,2.5918490909151634e-20,1.387245869016684e-34,3.621755666246546e-77,1.1151200601392205e-46,1.15646593695737e-35,6.612588859618433e-47,7.936977471503174e-37,0.013334784966644994,2.079212774120896e-53,1.7216494259638418e-63,4.646684264474956e-39,9.225880471658845e-115,1.0821691248375824e-79,2.363535854423275e-24,9.005454053642389e-100,2.794863979027102e-53,1.0566444666600471e-97,1.6170741267913885e-176,4.313900813527517e-100,6.077660825646125e-140,0.0,0.0
5.074597536027346e-72,2.566197435263799e-88,3.010236636983744e-47,2.2023961649804925e-17,2.327403610272474e-11,5.0574879620957514e-5,0.24682304815322287,0.36656424494422507,3.9166876590624094e-11,1.3679302648710168e-8,5.4212779530768795e-40,6.286244652359546e-20,5.991830543096761e-12,0.28475671715624223,0.021200882330497873,5.161315724747711e-22,1.8607472537813278e-31,1.019482039152931e-17,0.0802594999667674,9.44245952425447e-38,1.885497569897142e-6,1.2050161888905217e-26,1.3821681538543787e-27,2.8852864847764686e-39,4.578437047915728e-19,4.730853089500325e-16,1.628853736013091e-11,0.0003431333078292329,2.0768199251847706e-31,6.08748970326388e-59,6.953293983953868e-26,1.0179508850095269e-21,2.2382837899986913e-72,0.0
1.261657019645826e-9,0.9999992219020214,7.768363215168099e-7,4.883453667977146e-50,2.2331198220940576e-77,1.491001350516985e-37,1.7348837450215363e-141,3.735149932659056e-195,3.1582540067924485e-236,9.10816452982838e-171,1.6263852685116777e-130,1.7370864982624437e-71,8.41353730278111e-199,4.309042575469073e-155,4.785383912771724e-233,1.5399549662195184e-141,4.870345442317027e-208,1.939914542049381e-124,9.177226463371849e-199,3.921385165778517e-94,7.884972035376217e-110,9.835421182485994e-220,8.66272727402537e-267,9.564839425730925e-304,1.7445474768371442e-188,1.5911066445483344e-204,5.861549547467085e-174,0.0,5.338357140934072e-132,0.0,0.0,0.0,0.0,0.0
0.01614911897246706,1.419104922701978e-58,0.03485893528140327,0.13399440444622143,0.016596114725902323,4.7468333961915144e-39,0.13466173963295044,2.530162554378001e-41,5.94141374836309e-14,0.046306328594827355,0.09745475500315467,5.696885542348692e-78,0.1973764831360742,0.09619377214178441,7.866320468663259e-47,3.357046958307116e-38,0.1256224642414744,6.581299056481969e-8,9.113717016086686e-16,1.1266659331770601e-103,5.614988318434055e-66,1.0498963895765556e-42,1.0388676634821103e-26,4.3337648317129104e-151,4.0244899412137483e-32,0.06936108884278065,4.703329361767091e-59,8.788414047646595e-45,0.015762648121225246,1.0775883493868763e-180,4.35051429162528e-176,0.01566208104668364,0.0,0.0
1.7048776088767695e-59,4.284838211082648e-44,1.9137435812248256e-23,7.056066605386767e-32,0.10306263675155794,6.047455144570648e-15,7.624172035009925e-26,1.017970792301387e-40,6.1867103511585204e-30,9.669857121733168e-29,1.6665247269822914e-24,6.7372691130850055e-9,0.5745055062322714,0.18436474090815116,7.740288700693474e-27,5.3983424813047976e-48,2.6994616751728784e-29,2.2421935291716355e-25,1.4226547305965022e-19,5.980267446383517e-27,0.1380671093707443,3.3723741541308414e-41,3.707168599355956e-45,8.07512603374704e-61,2.3890038203675576e-39,1.1873691179137225e-44,5.216264418821483e-173,7.541678345836288e-81,1.8694496491042552e-100,0.0,3.9425977550140533e-240,0.0,0.0,0.0
1.4603940925647352e-26,4.7010928818374927e-5,0.9999529890711814,3.2913244566192156e-33,1.0395620777478923e-76,1.204283572162007e-18,2.2955555704116383e-97,2.2853967178877248e-66,1.4982672039224378e-190,2.2327159586952384e-144,1.7267214226130057e-55,3.284067461474481e-74,1.8329384418853935e-59,2.0567397207501372e-132,2.6460605903163801e-23,5.544333635528008e-208,2.0789476403118472e-159,4.3342692005880015e-124,8.039603432038611e-91,2.9089452376986946e-57,9.308659060614292e-24,1.6374111680741453e-168,6.6863827346473175e-149,7.103305128356902e-298,9.832583021770789e-225,1.6970903676815902e-171,9.844938048305629e-182,2.7267789558860828e-263,1.598415889002136e-253,0.0,0.0,0.0,0.0,0.0
4.675102578828522e-47,7.176031011758432e-6,0.9999914937883871,1.3160307445502653e-6,8.252012645227993e-25,1.1598458733812076e-29,7.535196770971259e-17,1.248775585860321e-97,1.414985656107302e-8,5.1801851761901584e-114,2.9869434164955385e-54,6.275580418006821e-52,1.6493893992630463e-79,3.9067496241540376e-92,3.319813304038933e-145,6.046697039676358e-140,9.097123511550692e-104,9.615315490241e-84,7.426079788335964e-35,3.1168597476513443e-83,1.2093349526865982e-75,7.443600851669481e-60,2.541417083050777e-123,0.0,1.780479860895586e-166,4.043253894646346e-65,1.1110973428838127e-130,1.2082391819013341e-257,5.779282796638905e-269,0.0,1.472732601628071e-184,0.0,0.0,0.0
1.907499678130605e-22,0.9793419495631239,0.020658050436876154,4.910232604041649e-42,3.8288834648152793e-41,1.4319632102556998e-21,1.0431131567883433e-57,1.1451933635049414e-117,1.7029670907855445e-97,1.211696709427625e-217,2.848645548012628e-159,1.323780642924526e-92,1.9119006858650338e-146,2.088077906210764e-134,5.799972976160277e-195,9.8299857376849e-171,4.931180266999831e-156,2.3870347709466776e-68,1.0624576367039799e-101,1.256461711402462e-117,4.810087790001321e-142,2.6734762574661785e-80,2.4528011506537223e-251,2.262851186579707e-291,1.6615218638298059e-239,1.8512618187300383e-85,1.8679054216963404e-249,0.0,0.0,0.0,0.0,0.0,0.0,0.0
3.174838882195349e-94,4.9286016940044044e-61,3.92083717773544e-18,0.6785880643197234,0.1325747042505035,0.1882483702090954,0.0005012855861014497,4.0190385202866993e-10,7.690119063319155e-20,8.415371274628142e-24,1.442425679991175e-68,5.206852448732065e-68,1.9692923967229607e-70,6.104567921997997e-80,1.2111639117865943e-74,1.4056188371798448e-52,2.310885406928484e-50,1.8010390086433205e-54,3.933169488994412e-42,8.757523267239342e-5,2.1842386701739983e-65,5.915153201651386e-77,1.0771416340349454e-46,1.4970478120620622e-89,7.898767616966065e-146,3.394833373644046e-92,3.757528188308977e-26,2.604170502437744e-29,1.0943641623169255e-228,1.0154082374458315e-293,8.150778276680372e-94,0.0,0.0,0.0
7.951317816057077e-35,5.165289850235318e-41,1.4911261980667685e-28,4.370598490936085e-19,0.1846366587339083,0.24555231993598728,0.30860168584236786,0.01694947705460412,1.250474766863031e-9,0.15695153643570905,3.778287598483979e-40,0.028605982072309764,1.0674222083333619e-55,1.3059937858533421e-43,5.545722889248299e-37,6.096072574333985e-36,5.854189787631499e-52,0.01760620424927205,3.600988776562881e-32,5.246969014846907e-35,0.03444461177614886,4.7921443886647813e-51,2.660089536756618e-51,9.216371648799425e-51,3.3409225010447675e-75,2.771683956620198e-18,0.006651522649218025,5.68535802470308e-30,2.6323975393965026e-73,0.0,2.6923716969853325e-27,0.0,0.0,0.0
4.894961782382014e-18,0.9877541654520411,1.5072066263941287e-6,2.0900338475347476e-30,5.970979715712136e-81,0.012244327341332385,8.475845210581499e-73,5.2392678531337445e-101,7.005346693633099e-185,4.561665745343511e-207,6.263563599972313e-141,3.7967451873463493e-75,8.173869596606263e-80,8.993197506831884e-113,1.4055313274572736e-74,1.1459900250666652e-137,9.82315646915664e-173,4.5476298452609327e-104,4.98653515609631e-123,5.1940215616614316e-86,1.2628370265337812e-127,2.7279361163871695e-159,1.915937244739309e-162,1.1e-322,6.404305044248656e-248,5.216053457709437e-212,2.7536028625790516e-248,7.080600156974714e-213,0.0,0.0,0.0,0.0,0.0,0.0
0.8323506845612557,0.16764931543874445,2.551152493647326e-52,7.375964490827452e-126,1.3581816534706327e-126,2.2323770758760257e-95,2.879960615671851e-135,1.5629021626913822e-154,1.410567361306483e-274,6.150933776601498e-185,7.040765222616075e-125,3.200824100034649e-135,5.432400540458483e-190,8.077161846011646e-206,2.914216695191812e-251,1.2337509521467582e-189,1.5638039874593376e-229,1.0306055454010753e-179,2.4339421508265946e-160,2.6422022109997313e-151,2.247041895507115e-175,5.900837852514266e-170,3.2020281821247627e-212,1.0670344138667628e-199,6.353332876897307e-143,4.928177174721224e-135,1.6644165892604923e-142,6.428937478754729e-230,1.4298849003083697e-185,0.0,0.0,0.0,0.0,0.0
0.02612700611759577,0.4577875664146394,1.9143291200023626e-28,0.05421185844999534,3.087766244108463e-80,0.04358882713209682,2.460871322775574e-44,1.9292093960078e-67,4.712589327145924e-69,1.0130500207068409e-54,0.2478022144569135,2.61998501505252e-55,9.266415613411421e-81,4.307952291879611e-95,8.40040943084395e-56,0.0636353814726377,5.108759760296733e-47,0.04303170813674623,9.760751291251216e-91,0.02213176278023679,4.43580043598617e-34,1.710411529825897e-44,6.793101456215165e-113,2.8682339373975803e-96,1.1307172381947262e-29,2.7942896102390224e-16,6.392015873370347e-100,1.1981990538434917e-71,1.7212565650784883e-59,2.0714561773888374e-41,0.041683675039138245,1.689504689453784e-126,0.0,0.0
3.380368841199128e-69,3.632326769709872e-6,0.9783567522062865,1.1291004445047492e-10,0.0007357468866419711,0.010477033260495629,1.2637447764612129e-57,1.680567647221843e-53,1.9863593656254224e-36,1.981736204902363e-109,1.5780497279013174e-46,0.005202401291347989,6.933867882613171e-104,5.0429740881342475e-89,6.443298797882716e-136,3.614867896041828e-52,5.0672355497675424e-55,9.727168780010063e-94,1.6386607178297852e-73,7.902248488749909e-34,0.005224433915548244,1.0458981449088954e-137,9.383835058448095e-66,3.863034841893814e-235,5.75218454538344e-166,7.027848514498654e-175,2.136563278351632e-102,7.226331372949839e-209,3.016296665827274e-241,9.957110046602449e-273,2.8577268358e-313,1.2639982168478327e-128,0.0,0.0
8.216547752632554e-192,2.4109863799309454e-41,0.31502849632313673,0.6629973688546795,5.178762762494587e-12,3.447145172853519e-10,0.021973189050651206,1.2322775303471325e-32,5.42982002738345e-45,3.7580717211511245e-47,2.5553220863484613e-43,1.3647257563291541e-39,2.4458573275733116e-60,1.0602814991440631e-60,3.122613967279802e-57,3.274113681528485e-60,2.174588279641558e-23,9.11095496706114e-59,4.434500921273113e-50,1.9940631516542598e-29,1.4629951501755365e-48,8.136988523016025e-80,7.351323667614002e-51,9.454216394540567e-7,2.597020000620052e-90,3.0002603038626095e-47,9.621017037352455e-124,8.851814110253482e-76,1.8986486797256944e-261,0.0,1.4726727345450346e-146,0.0,0.0,0.0
2.3024777574140607e-85,9.21080827717273e-51,6.364902681724611e-30,1.2875690613120456e-32,6.272480845191832e-31,7.559039353500653e-14,5.3980969172749e-21,8.161411136522893e-26,0.0752076468764609,0.07653470410910206,0.007930832505537236,8.28463917997384e-33,0.1177149900725198,9.123051124146939e-57,0.022506388904043613,1.0457719114739414e-45,5.2729725920668985e-9,0.031149012227904987,0.051172783533441235,0.0900854387355873,1.6152994711315451e-50,0.14646034433171845,1.3545586132290316e-50,5.708252418666669e-61,0.12064206191654787,0.07942086115379154,0.16632975394544053,1.4940972617635247e-21,1.52548701446995e-40,1.2199235063775382e-39,1.3061341082814986e-31,0.014845176414856364,0.0,0.0
5.951167569514591e-52,1.9017599274771642e-9,0.9439025373843182,0.05609746070874926,1.3771971526730218e-40,8.523827787521785e-26,7.985660964187428e-36,5.172691472521987e-12,8.891969149253604e-93,4.01042033459115e-158,3.8369751866399296e-99,1.294111484860514e-63,5.438466136483307e-58,4.662292128264029e-99,4.857308973294185e-96,8.461342773500518e-210,4.78590120609493e-100,4.111809738407331e-83,2.9331172331075705e-66,7.823501112924494e-56,1.6906063573325017e-93,1.61040045931719e-137,1.7881857155825873e-135,4.6072370146193635e-302,2.8334726396276224e-253,1.3971584279782293e-168,1.246420211959383e-115,0.0,0.0,0.0,0.0,0.0,0.0,0.0
1.330201325652989e-57,2.896572441641815e-16,0.9999489123198193,7.828603061891913e-9,5.107985069823499e-5,2.851631719636696e-16,5.2768680396431953e-14,4.1835058869651e-25,5.407431059357435e-58,2.191792123186956e-50,5.15485928822074e-63,2.4224195502612585e-16,1.188393826034475e-71,7.290582446911469e-37,1.9259671483610061e-19,2.473340878948856e-76,5.014962932936732e-112,8.255790021133369e-13,4.412771145188631e-106,1.5581252226441287e-91,1.5898736710552217e-81,1.0640953933594244e-51,3.926232443092367e-125,9.048512007539532e-179,8.1734132655458945e-140,2.4491235880951614e-58,9.691631088770352e-158,3.3658918951653416e-138,9.362799363727516e-76,0.0,8.633727581885046e-205,0.0,0.0,0.0
5.200701368636121e-66,1.9898877476468889e-47,1.7434965492356863e-65,6.805360724265947e-51,6.380445344342191e-58,7.089262212279796e-55,1.489534909172748e-29,1.1268523382932635e-56,3.8232475141635034e-38,1.0057511771448339e-55,3.9194664421332222e-28,4.763496638414618e-31,2.2684877659272017e-27,6.202310912827549e-66,2.0625905598826668e-22,0.035680411812439444,3.6452992369826633e-53,0.07346701493732584,0.028940495916514035,0.05602025047593107,4.502527664379677e-17,0.3601083164268709,0.24000534480162572,2.0584958114649732e-25,0.2057781641916628,9.299490012122682e-24,1.4376300723349659e-9,1.7096436981617174e-43,2.0272495311756242e-35,1.0530360415118249e-94,3.474301383154421e-217,3.262972145570305e-243,0.0,0.0
7.976398850959801e-77,1.0270520639565215e-63,2.0967624007101406e-31,1.2973715826473184e-26,3.4010966248536905e-41,0.14905072354294513,1.3614829176378003e-23,0.2620726162428281,7.92371557628391e-44,2.162284785708711e-30,1.6309192844629893e-30,7.080657790680526e-92,1.0756712890396818e-70,0.03127033240406573,2.662915357793985e-51,0.1912810318149533,2.0822291280642102e-98,0.10778234602590268,0.20366988425549634,1.3294597703966318e-64,0.016103339013286432,0.038769726700522276,3.870529582128254e-65,1.7204064839690607e-170,2.6426098053827004e-64,3.4753458772375715e-28,1.0542505224289064e-136,2.5386856018982582e-152,1.6389416592851235e-123,0.0,6.303673188334526e-180,6.374900110272844e-137,0.0,0.0
1.7305822357567774e-32,0.9718999952725584,4.309158035107892e-10,3.964582876418623e-13,1.6046355740778104e-35,6.346225976181218e-47,7.355390305217853e-50,4.670950956952058e-106,3.264882586922223e-101,2.9535072826282317e-58,4.4487703463500595e-26,3.406777470884347e-68,5.998579530134397e-51,1.0127573275164105e-65,1.4321522485406203e-108,1.6376861366658356e-106,8.946052052422179e-93,0.028100004296129515,7.028092866349827e-42,4.421778783248063e-78,1.2183863811602315e-66,2.4087596549507336e-63,2.4800367802943877e-122,1.3737259394228312e-178,7.320275860010149e-125,7.699691280745232e-88,4.3691981143768945e-145,2.178967804575863e-97,2.422627637856542e-179,0.0,3.65975318321173e-193,0.0,0.0,0.0
0.014730483151494835,1.0035111162409255e-48,2.9447667275631803e-33,6.240164956910421e-25,0.029812715840632754,0.05980284819594498,1.5949000625240107e-9,0.4765265202375239,0.3301279854912244,8.458832311462852e-9,0.05212083057951906,3.4340983855335574e-38,1.2004685822497668e-34,2.147003745592603e-25,6.686922386093789e-14,0.025407524116186266,2.6876276899534063e-48,0.01147108232363954,1.9788825974651023e-29,9.007392572862105e-73,3.319753732846853e-30,3.071034694967055e-24,4.319772040407944e-96,2.7573392227470333e-68,3.4619628893828564e-61,1.0034951679163807e-11,9.247497387346902e-27,1.4321291155484971e-59,5.260617887374519e-94,1.6404381532131114e-135,2.2992330292835945e-46,7.853247152623168e-286,0.0,0.0
2.0701682425701227e-59,2.161929762942924e-21,9.402708346976474e-22,8.646447359830368e-21,0.8169353123067201,6.54518971468075e-10,1.850493161704799e-36,3.342387984864742e-56,4.81308979279092e-40,5.735605656126235e-25,7.444669929415087e-63,2.1141353631110286e-42,4.096333219385382e-58,4.390431344905329e-51,5.035816804631265e-47,2.0270368570870657e-15,1.8658609230567507e-28,2.8873369318844057e-12,1.7381388797440085e-52,0.18306468703587167,6.082417368621511e-22,1.7523262653968414e-87,4.101105737545296e-63,8.744641225739711e-33,1.4213232244691405e-117,3.9888056269379105e-53,2.809915208433049e-119,9.84458958416686e-79,3.989394738835826e-92,1.4683748096189272e-155,1.7457526768981605e-213,2.098381914052623e-220,0.0,0.0
6.632772489610562e-22,3.2737621802035553e-7,0.999999672623782,1.3120357764989131e-28,1.4896629970672667e-40,1.936293712100372e-81,1.2182218896864985e-64,1.713929040613974e-132,1.5710636388588269e-124,7.658459868416053e-172,2.9774280646617536e-114,2.15085578832001e-64,6.0092217765149155e-87,7.265336744805548e-125,5.9272397968163796e-192,2.8369196224789047e-67,1.5569859658851566e-114,1.946305992896002e-54,5.43221204412861e-117,8.415343684422029e-62,9.026259667083226e-75,6.547977098416618e-164,4.479157026378061e-177,0.0,2.077103968005927e-251,1.6193759172787928e-94,1.9429047935059535e-190,8.596285151191366e-259,0.0,0.0,0.0,0.0,0.0,0.0
0.011585382143132027,1.059542758343917e-49,9.17631775392239e-22,0.028067496439827262,0.3111012843028428,0.21456688103473603,2.4716421473799146e-20,1.1952482610381986e-37,4.5834576695479624e-45,0.04342778460966955,1.046252151342143e-25,2.0790693989547908e-30,0.029267571379669458,0.04946542373787035,0.06254159435598258,1.9199166608491365e-40,3.4327876353934117e-78,2.7044083430074566e-33,0.17956738244286613,1.5007501797495813e-61,0.02760534315788043,0.020890985099992307,1.0738027413170122e-105,1.679629874037858e-70,5.044159450997117e-93,5.460748700482698e-108,0.02191287129553107,7.858722302392373e-208,8.472514472024885e-188,2.007467205794079e-266,1.2280234729981651e-238,0.0,0.0,0.0
4.518550609424208e-93,6.576173931272404e-39,0.00011090090478959862,0.9717008489105554,0.01628408304324519,0.0026410426547647282,0.005859880273830015,1.1710703437214124e-28,9.647285649376299e-27,7.898929615452317e-78,0.003403242594963349,1.2811064731275803e-58,4.889303249776228e-67,9.48224350252602e-53,4.4392007039028734e-101,1.1926851142392968e-121,3.055034029557184e-15,3.445237208388063e-92,1.617847405096727e-9,1.8260237804065144e-37,6.171775028172102e-46,1.0298554942728104e-70,1.3195337347716858e-15,1.989944229199469e-193,8.641995912692658e-158,2.5784538722090005e-88,5.61893087618988e-161,1.9993351358356095e-163,1.1016329313609569e-187,1.6752353332861125e-287,0.0,1.56755e-318,0.0,0.0
2.6382105251760714e-32,4.545337228122096e-14,0.044209637211438314,0.9557903617244735,2.9308419018523416e-11,2.413151308074672e-16,1.0347339933807029e-9,8.396771154501704e-26,6.145779702467929e-44,2.3177853198836284e-44,1.2379913157125636e-54,9.980675211361714e-34,3.37423213400178e-34,6.277143662665316e-51,6.366441083840665e-71,8.578059865137502e-56,2.9585823167215947e-53,8.655334102097259e-21,1.7115044444758537e-49,3.535274622565172e-67,5.749489516835081e-92,1.796391862892084e-74,1.2980347541747948e-146,1.822229298323865e-243,7.243568672183325e-99,4.0105311874726076e-26,2.102612917484297e-113,2.4008787000152455e-187,1.2956649311437332e-202,1.810441746669311e-292,1.121672909678035e-96,0.0,0.0,0.0
8.653801217256032e-80,2.5984342558527266e-51,4.972882179369397e-42,7.679089287849342e-40,6.787364719944584e-21,8.681137527910928e-38,0.04262474623214581,0.15929755590934502,1.0570257031665749e-21,7.79955355743607e-10,0.17326542975413617,0.0405435100286917,0.022136016192301253,3.3128948871487517e-18,0.0021541265264948986,4.4649407392312e-39,0.022411752436965533,6.176055512460824e-43,1.8652530191477754e-34,5.515623513537859e-13,0.16560335823092176,4.132770784113996e-50,9.568602530271152e-59,1.8073650061054315e-64,3.5471318330448844e-11,0.3516716233509353,0.020291880522084322,5.630715419175858e-56,7.18985467477426e-130,0.0,6.58592661075276e-129,0.0,0.0,0.0
1.1278196360648794e-93,2.73829669361767e-13,0.17105704756146808,0.3095499881034377,0.1426071728491236,0.0178764295673996,0.045454791961388595,1.556350446359349e-22,2.9019050525408203e-21,1.9809149681064172e-21,6.818391146183053e-57,0.0670742784560457,2.30318930994909e-35,2.073761996655822e-34,3.2299504412767915e-63,0.10436780301097516,0.032563580944789255,5.578691256307771e-74,0.05724652680545802,5.236338148744266e-54,0.012722546821812074,4.783350922986251e-84,7.630485552399992e-86,6.60261039710956e-110,1.8073049080432524e-10,0.039479833737097805,4.4272394196942744e-24,5.2158459110617606e-17,3.5840974537165446e-68,6.352164219999531e-114,7.329517650684089e-54,4.571405311860444e-86,0.0,0.0
2.2361987396190976e-202,1.5847875286434083e-76,6.783223982469854e-33,2.8153228440898316e-9,3.62454484830929e-7,0.8588855021611547,0.11565508602784311,0.0239583266816144,2.0168192218374214e-5,7.454062683344702e-28,0.0014805279613262366,1.855116868627264e-44,1.32177826671671e-8,1.53738534872992e-23,1.799764081028973e-55,1.6808077438437e-20,1.3306661519816e-35,3.723154529210884e-9,5.084134032628396e-38,6.765097624652657e-9,7.557067794069223e-16,5.954338225263082e-73,2.588654231484244e-72,2.454471298630866e-110,7.831912866362777e-66,6.550964546130258e-50,2.2301292295147538e-65,1.952375889322753e-25,9.046669617739748e-115,1.1910324352417865e-223,2.014054193767748e-134,8.307001141850722e-196,1.0788359900509514e-267,0.0
6.31775865886679e-10,0.9999961557007547,3.843667469546778e-6,1.569091205135714e-34,1.8234835635197595e-97,1.9078273669524253e-23,2.66260167530627e-78,5.736509529161476e-141,8.724814541631553e-196,2.757202997435172e-239,3.657536377047137e-182,3.3026932362030267e-44,2.7020025411123172e-99,5.673030800378435e-157,4.887837792704246e-163,3.87561481061343e-166,5.71854637809351e-268,1.799212486272079e-66,5.211052216579002e-182,1.012905814816603e-59,1.0023486714033776e-123,1.562228942811306e-216,1.5145962701579558e-255,3.16e-322,1.6462485300287192e-216,1.3426342168681806e-186,2.2081487128736513e-185,0.0,5.06341226828255e-165,0.0,0.0,0.0,0.0,0.0
6.039785247675359e-69,2.213741296666907e-24,0.9896303447635818,9.846727499933766e-5,1.885720827269884e-9,2.252144598123542e-20,8.278786969164469e-8,4.484744712718179e-31,0.010271103287828032,2.253861589496791e-100,7.55131962804909e-37,1.3131583054781226e-78,4.7620721565290505e-60,2.191963434107683e-56,2.8955325869788064e-121,5.201663740533842e-164,8.878821879348636e-26,7.035538252817395e-109,7.331646534155457e-42,1.1198696509972938e-36,2.7307899628825894e-84,1.6441272117274627e-96,2.5078615964739785e-18,2.651515056008774e-290,3.365670072953608e-231,1.1155989127353978e-71,2.013687151061363e-122,6.72018274485905e-242,3.1738002367649743e-298,0.0,0.0,0.0,0.0,0.0
3.9727064856217963e-174,2.8524001995786198e-98,1.7076627241773563e-23,3.824016439232776e-8,0.9503270258485573,0.025472440987897492,8.572122830490114e-11,0.006045569609169761,0.0034878674299149157,1.993942082070121e-24,4.376000884802791e-16,3.2519763922857994e-50,0.0026551972352232673,3.098966963340902e-35,1.18275021819357e-58,1.3172262443067946e-57,1.2334290759439731e-43,2.4575316764782564e-28,3.10916098733869e-34,6.80238763876836e-8,0.012011792539474679,1.2678247936137336e-81,1.5030021436812458e-60,3.8084252098929637e-134,9.488781276401626e-76,3.840942188651421e-50,1.1173370687442353e-80,3.9348043545273236e-75,5.175896296204004e-173,2.5177127798938465e-205,1.019408956055407e-193,2.6169096459658638e-257,0.0,0.0
1.605449827779525e-28,0.00018190983171693443,0.9848437324671199,0.01047326958126093,2.6630199776331818e-71,1.0977750099779823e-62,4.772596779198661e-28,2.5938046105656234e-113,1.2103916160560854e-155,6.445204940843745e-278,4.803576396828282e-170,0.004501088119902255,9.458050228589436e-69,1.8116418154238796e-143,4.5052694471747896e-186,1.5752661683903162e-141,3.500018942993071e-189,2.4286366670469e-90,4.276791644614791e-109,1.5628176853837703e-60,7.278839047498927e-113,9.211285225590153e-174,1.921834830381642e-217,0.0,1.433628370803671e-308,2.5052580461587817e-129,1.3380516017835927e-215,0.0,1.393593813833277e-293,0.0,0.0,0.0,0.0,0.0
1.146414286549009e-6,0.9997290257924397,0.0002698277932737728,2.8483303510245366e-22,5.981806486311317e-115,5.030790218919569e-64,1.7629135689962907e-162,1.0897239425370134e-124,4.583700838884607e-168,9.277257754587065e-166,2.0495525315357498e-159,3.906502623324705e-142,1.037392582718875e-21,6.499691453742314e-181,4.3480890321507706e-94,5.607239113087256e-112,4.549313689422519e-218,2.8671716862721466e-94,3.932268105752613e-130,4.462323716274584e-69,3.6632168814906086e-95,4.518603579191187e-130,1.5463880397424298e-128,8.87876165431739e-186,7.390355333740738e-131,1.8157256377710273e-130,3.895065324891052e-166,1.1895654089443452e-245,1.120594015470551e-200,0.0,0.0,0.0,0.0,0.0
0.7262070004807885,0.27379299951921154,6.1672107093719e-35,1.377417862403908e-81,7.265065813573997e-114,2.0302200664567312e-43,1.328523909101088e-179,4.131846136296437e-197,4.1682121690558336e-263,2.0503502729402504e-213,2.686206846228855e-137,2.51254379853335e-197,2.7563234757708297e-137,1.6960522167486847e-268,4.149250177178551e-203,1.9617342825072867e-242,0.0,5.749556087611742e-113,4.943667362173332e-202,3.190486964832491e-188,9.464240277872872e-269,1.454495673297219e-233,3.92676270684482e-254,0.0,2.2278364813285154e-208,4.4616919084211545e-233,5.161616074132815e-285,0.0,0.0,0.0,0.0,0.0,0.0,0.0
2.4064094820721507e-99,0.0004377048773168854,1.8294471536836206e-13,0.39066404606890376,1.206944332392321e-8,1.5469452947957727e-24,6.737683104065014e-48,2.830698963101398e-50,1.3606867006271725e-45,5.536135284953219e-45,1.7433348319714316e-39,0.5808258296139193,4.2772148089225555e-7,7.261774986579927e-41,1.546908312008857e-55,6.107808426831218e-132,1.1990028052714695e-67,1.1894374934224405e-29,2.7194083034748934e-62,9.819119658525787e-62,6.94650573854012e-37,0.028071979648753027,9.541420785450777e-59,6.186479478170761e-182,1.5198025028403581e-131,3.195478381680852e-58,2.2604673363089148e-138,6.038111870010295e-76,2.490822550708731e-49,6.356554898047013e-263,5.625394087087761e-238,0.0,0.0,0.0
7.329592106945019e-45,1.0162574178690152e-10,1.1968749685217576e-7,0.9400769793402536,1.5840582058580392e-16,1.7466407972124302e-43,0.044023489693754955,1.0867270213575572e-46,0.006086911951697013,5.866343839389248e-87,4.354355556584045e-47,4.781866901789724e-66,0.009812499225171651,7.037463036535462e-84,5.477328853639221e-84,1.4710466078413598e-100,3.855398991506868e-111,1.833747587457457e-55,6.573733926589981e-38,4.3116950126189155e-65,2.5922907793789485e-50,7.780914153866208e-80,8.305525005254898e-88,3.887609934155118e-182,4.259672712203308e-118,2.570916510248577e-128,1.1406661041955715e-90,3.753185455063282e-154,1.6519244939816237e-181,0.0,6.378805540450124e-280,0.0,0.0,0.0
2.201967941576925e-78,1.0950521304039036e-7,8.119117449563427e-20,7.099973765642791e-10,3.3870755704730936e-14,9.849569948367978e-16,0.0752361125679126,2.706404868101685e-38,7.925457628406363e-25,1.677429271142877e-45,4.4173662547049125e-21,7.265574569387637e-31,6.142743152527198e-48,0.47759860093161205,2.0070259051447772e-23,6.514890584057886e-50,0.13213680353995608,3.627669543267551e-36,0.2073798240162402,6.194924669317185e-14,5.873325760776408e-24,1.1879126195937082e-32,0.10764854872897178,3.7793895965417103e-100,6.607119123551617e-53,1.5593822071880853e-33,1.1892380953778759e-72,9.762725621034152e-35,1.9860389309802204e-99,9.147865627563954e-129,3.068696847925284e-137,8.618144837875381e-43,6.807303177435862e-232,0.0
1.0,0.0,0.0,0.0,0.0,0.0,0.0,0.0,0.0,0.0,0.0,0.0,0.0,0.0,0.0,0.0,0.0,0.0,0.0,0.0,0.0,0.0,0.0,0.0,0.0,0.0,0.0,0.0,0.0,0.0,0.0,0.0,0.0,0.0,0.0,0.0,0.0,0.0,0.0,0.0,0.0,0.0,0.0,0.0,0.0,0.0,0.0,0.0,0.0,0.0,0.0,0.0,0.0,0.0,0.0,0.0,0.0,0.0,0.0,0.0
3000,700,2300,6000,2000,2500,2100,200,800,7000,1100,600,4000,1800,1700,1300,1500,5000,4500,1000,400,1400,1600,300,100,900,3500,5500,500,6500,2400,1900,2200,1200
200:2,3000:26,1900:19,1100:11,1000:10,700:7,2200:22,5000:30,6000:32,300:3,1200:12,2000:20,2500:25,3500:27,800:8,6500:33,7000:34,500:5,1800:18,900:9,2300:23,1300:13,2400:24,5500:31,600:6,400:4,1400:14,1700:17,4000:28,2100:21,4500:29,1600:16,100:1,1500:15
