60
0.08375625647092115,8.161218277358415e-10,1.290354923712786e-9,0.0009824311883501605,1.6560873139839542e-18,0.027697517854329237,6.275096069403475e-7,1.2487396440004632e-9,0.10975922694806699,1.4559632698264492e-22,1.5782580591199303e-24,2.9646924161404807e-24,3.487035932671541e-17,2.737234728828191e-20,7.302663150734723e-8,1.4843686572413834e-21,2.4193695811899613e-16,0.008259856433167255,0.005593091796402151,8.28304377781705e-7,0.003960275705133242,1.2176864205061366e-5,0.00017538142051952928,3.640848383689837e-6,2.527041888055289e-33,5.014874863630505e-5,5.790761935237526e-14,5.527517952228029e-30,1.2034756050969663e-11,3.182752819938907e-9,0.00013270405718520653,0.03760266880678663,1.0671904513675197e-12,8.115176000768941e-20,2.368939343181169e-11,1.3682340692881532e-22,1.941257600740511e-6,3.098133095894206e-8,3.692029284992504e-9,8.859209355542526e-11,5.848383495109241e-9,0.06846555132709482,3.616680780500846e-21,8.060694831946689e-29,8.226586908867883e-9,5.186334459706493e-14,0.11395207756348487,1.19789701982225e-5,7.21918199023282e-10,6.07951844949199e-19,2.3883133920637198e-17,2.184744254568154e-6,0.00014248230211568212,6.033551075956142e-9,0.002023919983926614,0.24482702973584997,3.444050206839193e-5,0.06920269142296721,0.22334873398831154,5.21619601104096e-11
3.881432636495598e-18,2.5556945764054302e-11,2.6574404079363175e-43,4.663533724916774e-23,3.468589674692966e-16,4.085848607886435e-30,3.577371890587799e-14,3.069994912220696e-31,2.2852080121937577e-18,0.1394287407098165,9.971661133116921e-39,4.460938313752849e-6,1.044353529545922e-25,0.06261834919131028,2.0457066449406943e-9,8.402574130209972e-13,1.5666260001152112e-20,0.7874643301493254,2.3187968283046094e-27,2.3611326498785993e-26,2.195001491041466e-20,4.574746871847415e-34,3.593210315406582e-12,6.172039286925323e-10,5.999470748432998e-38,1.7471749021053193e-24,9.37426111963512e-21,2.147759024213277e-42,4.9653322121897344e-18,1.6802372770069402e-16,9.035408521130966e-10,4.437672782442975e-28,1.4245447552311836e-11,0.0011458276399539408,3.268473357896873e-35,5.874181661274589e-28,0.000868964274758522,6.479311301193182e-23,2.1017412681994272e-5,2.6269506014732593e-18,4.242197910598598e-27,9.332591829117498e-27,3.289862535745466e-20,8.849282255730706e-51,8.361616659771481e-9,2.811756875024005e-25,1.2878599611174911e-17,3.1984341231195976e-25,0.0004647116240152382,2.3158801314184483e-30,5.8320573944570715e-31,1.2395980881961401e-11,1.7187999837854266e-22,1.59921242119591e-14,5.556771406035963e-30,2.680018812861157e-26,5.444455090794189e-32,0.007983586075072222,2.9712255447453925e-21,2.1332337111971522e-30
0.028136732455339288,5.763860023664746e-12,0.2082786775438172,0.00022999915705619568,2.6239871518513164e-45,0.015532661152961912,0.008188095780445277,5.325575757382314e-9,2.4531080675070485e-19,3.449021979416174e-44,6.224657974349567e-8,4.256045644949448e-7,0.04346528338475575,2.5876258298548267e-32,5.4605685479205274e-18,2.239530967208862e-11,2.6294577908724277e-21,6.255510516741084e-5,0.00087913214592473,5.015598425737194e-33,2.7750746139641854e-9,0.027509578300469222,1.9617470159190074e-35,5.851049478859351e-5,0.020962227511006355,8.770012644179964e-6,0.32280791696521904,0.009690504464912951,3.5519271730356728e-9,3.7889736501150354e-20,0.012201202257257538,0.10272893530476908,0.023115662222049447,7.535997917783874e-19,1.0375039317830971e-21,2.749899724216297e-12,2.222173266097393e-46,0.024828703467849798,0.0703961869172746,0.002955375422797251,0.0016156843650578046,8.862189059331295e-6,0.0010105076972564697,3.489788472071378e-10,0.0380607456749151,0.004903033420991276,8.016939215564779e-13,5.9575781159692844e-5,0.003146424789115342,0.00091960300594659,0.0001475118516602869,1.0373657760120064e-24,9.515871183466434e-21,2.8452718285406573e-10,9.129551191819412e-8,4.5017546337341845e-12,2.1120754106529628e-9,6.156446562929168e-23,1.1203127264534936e-19,0.028090747577304568
1.4291261746065196e-24,6.31692599072846e-17,7.134445372333288e-5,3.2188463838817125e-5,2.06205113947795e-37,8.537813413813759e-6,4.7203285169229285e-27,1.9514168212224366e-7,1.8366487723260552e-13,1.9936911988088173e-29,0.027469315715658364,0.010903269813900147,0.008020949798031496,6.802149959994443e-32,9.716426788537651e-26,1.5961513981590896e-10,5.943857869951348e-16,5.298537693511398e-7,5.291455384409633e-12,1.6992020645421428e-22,2.1507897743535518e-17,0.2028371754838824,3.986394951406552e-38,3.5411121402078305e-13,8.235445217642613e-6,1.9631311568837613e-14,0.01204622645703042,0.0008227650332180479,3.439845380066601e-15,1.9290692136724128e-13,0.034425303662668286,2.7181412196694043e-7,4.081328158293789e-8,7.384278438890903e-8,3.149764240886671e-9,0.08884322565217338,3.156375572271795e-22,3.978923931313645e-13,0.008393411786662253,4.019037610965731e-35,0.374891615138906,5.494672422953386e-7,0.2311286690534395,4.327084277481324e-9,5.116585503562851e-5,3.868725137595684e-6,3.6220854918858166e-10,3.3388886033002295e-8,1.1764871513867909e-11,2.4873915282059938e-8,1.792847096487708e-8,3.109879620626865e-25,2.105893320894948e-9,5.652753973965079e-10,4.0940125253184775e-5,4.3599823431185384e-8,2.9520645616005163e-16,6.832880302521645e-24,2.077476757853441e-11,9.000775515579728e-11
2.910623937715904e-9,0.005277543106417554,7.504890018184315e-43,0.0003940580477135242,0.46048736743738145,7.698634139822228e-17,0.000336939379809001,4.302220071314726e-30,7.054214893865967e-5,4.894969077565344e-8,9.497511602503804e-27,1.8660708003603634e-24,2.1599610987409316e-27,7.031702971042013e-8,4.6758523842716224e-11,0.01737386529904138,1.0544601640665385e-18,0.0029702477826013094,2.757965326320319e-22,0.019273995933039804,1.3586039220791852e-7,1.5415611227961197e-14,2.687725028039951e-5,2.150935290928695e-11,1.2717636867725348e-21,3.892010291960873e-15,7.722097742284195e-19,3.2249136722117804e-42,3.5076037272067564e-28,5.881023529033377e-11,0.003493020972599172,3.411901491537099e-14,0.018965181759155847,0.04524090100569523,1.809200757557426e-11,1.7698056864159064e-19,0.0010248252976690095,7.008156139193588e-8,1.0980066717988952e-42,0.0022596696867195586,1.038950605160792e-24,1.1345310874976795e-31,0.003451357939404076,1.3349845248778926e-31,1.317255758674209e-13,3.243746799752741e-13,0.01812637842030364,8.596188906295573e-24,0.060347466627962504,1.7646927409420275e-22,2.419150085897007e-32,0.22654767244511653,0.029669127918077,6.052300210222117e-8,7.926564271346697e-7,5.101174611059601e-17,0.017019491977348953,0.0676422881126473,7.67130351897077e-12,4.41493806641359e-26
7.556991170707394e-8,5.505259131353073e-14,0.0019187572449725033,0.0036189725853168035,1.1943138129225341e-27,4.532309793547052e-6,2.4413832446135716e-16,1.3954946498067197e-6,1.1834602562182782e-13,5.866980152424327e-26,3.876679600428937e-8,5.59331763906648e-16,0.011640011970482315,1.1172614886728798e-14,6.045953037620662e-21,1.0662882896535284e-17,5.4523419027412506e-5,0.001084447901112153,1.2699480647817785e-9,4.4407343756894364e-14,5.059154077335877e-5,4.445951945210264e-5,3.7091422266525093e-28,1.2600771005209351e-9,4.5489709439124735e-11,6.074305145947085e-10,2.6991787857810313e-8,2.848874546218328e-13,3.989968301835482e-11,1.2678215091005238e-8,0.00016359430959243308,0.1211337730553455,0.015736486998732032,3.7918814610510216e-21,0.013346400869277821,8.352372455374887e-9,4.2713548128655166e-10,0.07815900540002238,0.012038460062976491,3.3854341204783783e-25,0.12345079914308187,1.3787677202623023e-12,0.01870805507169988,0.010697664473551562,1.3541610204873759e-7,0.027911993489006023,0.04713725229863566,0.10823541484638304,0.07461260407144563,0.0018553778085997523,0.02576656364119265,7.018185702396906e-18,1.599469812517222e-15,0.2340217074566188,4.114633440617062e-7,2.737999775355865e-13,0.014231799595165006,0.027014294074070733,0.011478424855412105,0.015881923602931867
0.0289966568041291,2.394200426194207e-9,2.349279305313415e-25,6.906716209524008e-5,0.01918534307821388,3.288564105245084e-11,0.07779678520392523,2.354234139424404e-34,0.15000282992076336,1.4221921979811563e-14,1.1636553734161102e-20,4.0032016951910994e-39,2.402880879646179e-15,3.3647210168499076e-18,0.16869159188963434,1.9384144648712834e-13,5.998309094785841e-15,0.0007905488803584932,5.356987030890681e-9,0.19848939913896677,0.12165662162207408,2.4921136345349427e-15,0.10421978681122518,0.001504727564510086,8.148891795530074e-25,0.009071599299452102,2.0501775829917e-17,3.898910533140186e-31,1.3978866275543005e-8,5.2781332507163766e-11,0.0026964501538983892,0.014435929303329254,7.166601755593418e-6,0.01280768424822136,5.0522070583061467e-14,1.29490388856477e-26,0.00239240994359606,2.655548690056688e-12,0.0019095790356251936,4.46053574549918e-14,3.159975518791028e-23,0.0031521501388301347,1.0576985908060173e-26,1.4872273555303456e-39,5.110218809917415e-8,1.5923387442280856e-6,4.887233060491353e-7,2.9374504327942663e-10,0.05426923884619784,1.854161155537736e-23,0.0011101867160517279,1.7552525813813155e-7,6.613838547880134e-17,8.788237175171516e-22,0.0011563750977646647,0.0005746429133825166,7.209222015727161e-9,0.02500529406669244,2.9922876938192973e-9,5.59555586541052e-6
1.5621384763855514e-7,6.542124937305973e-12,1.8175459574228934e-11,9.471726755323905e-5,9.029586659027157e-40,0.04700331283168859,5.006143226443322e-13,9.987609955079472e-16,0.10008050489074558,2.428888649857739e-31,1.250749063599559e-14,5.725769556530873e-21,7.839775556600932e-12,0.004428031172017231,1.3718793852675617e-15,5.798783253591857e-8,1.1005026081812741e-18,0.02672440986316482,0.14446581417933088,4.240967088389019e-25,0.03159772165816626,2.621582186665076e-6,3.3971937970256935e-29,0.09597100799663799,5.871735346183895e-16,0.002942499618093447,0.0028235093898523675,2.3643901661734814e-17,0.023986165134220035,6.201202422621277e-5,4.403062825949414e-9,0.17153852212210896,0.17595749098259458,6.740668518288591e-45,0.008318877939016955,1.1697448979754449e-18,1.8318046276600103e-19,6.243324538412067e-10,1.8799835082244447e-7,4.363011276566965e-14,0.005966305425443174,4.2482056653314716e-7,4.17784822897011e-13,1.1799560909893254e-26,3.133247131516417e-20,3.6672060427972722e-6,2.113346996185728e-9,4.894935500218722e-8,1.0321882941529896e-17,8.474769616245181e-7,3.547186631482731e-15,7.326548227417217e-25,0.10281141819507784,0.014747880860503488,0.002504884367780732,0.02026784942637017,7.563538423929237e-9,3.995702647055034e-8,1.0054069316334552e-10,0.0176989976248777
0.028002716920976684,4.354815940130069e-6,1.5824559847673168e-15,0.09669208942123732,1.8193401205033064e-11,1.0079127706292163e-8,0.2648230696924784,3.0673334969943883e-28,0.1850961515578408,3.685746713147483e-12,2.676821968490652e-29,3.0640782836556115e-35,4.1833514105986077e-17,2.179744145772668e-20,7.361343782719707e-9,9.270980622157603e-13,0.011811585237009387,2.7058192177969854e-18,7.326012283415369e-15,0.00018798896037502337,0.19106354036118436,6.737938651742885e-13,1.4775163163536763e-8,7.3314358188694056e-6,3.0259114710844377e-27,0.0007003428694740285,1.7586891723750156e-17,6.124409752705585e-20,6.730264268065042e-11,1.381705537916901e-15,0.00010702111022712008,0.056155381588806896,2.3412838534581518e-14,5.109630240580797e-9,6.411491187965732e-15,4.7906110659822e-16,0.0009190448259072879,7.889043233904395e-8,0.008153594014126986,5.855692831620937e-10,5.095760759723009e-9,3.1060607095858888e-6,4.23070872980954e-23,3.430251407867444e-29,1.7336941075127585e-6,9.081770118247896e-10,0.029417573967657894,5.3676292646284826e-8,0.021599874632175855,1.0605687047162026e-20,2.5490635858128582e-26,6.16922554639049e-13,0.0141830077369535,2.301558216096935e-25,0.0002702985354662641,1.2369643165424784e-6,3.4214432055762123e-6,0.07520260214745822,0.015592755429189318,4.419374917674955e-12
0.00014033462326236654,5.660587529992994e-8,0.007073538323327722,0.0066073739221072705,0.012202738958321423,1.907966245371491e-16,5.516861213229076e-5,0.007657883320741926,0.03622911712541218,2.7805128148967627e-9,1.0488328050410062e-12,2.2225161787283574e-12,6.3784711466279e-14,0.1463434070077066,1.4788551033208199e-9,1.8638788180101247e-6,3.4013525503939138e-12,2.8877519299622118e-6,6.820825256116739e-10,0.0468478018747862,0.00395690265042747,0.0002849979993484071,0.11154649166502603,5.028262116596256e-8,9.654323892139194e-16,1.0099402407393015e-15,1.4971213333351118e-11,4.455188348687606e-16,6.692259364478699e-7,0.041279919780301266,0.010764980516399956,3.695202764284464e-13,0.0019687149097650284,0.052996694001410424,0.026349585011732242,0.003185664728740582,0.13908517648972865,0.04102172205072071,5.71519736014027e-10,0.045726075019418756,0.003432262600227269,5.4100672512236555e-8,0.007444283845656422,1.1474415537070907e-14,0.01804458397918932,1.71086692632907e-19,0.0008513031026156924,0.006986947682611999,0.028023097958835046,5.999975186522927e-19,0.019766342898301138,0.058695713462778486,7.469368064808169e-17,0.018413444178942244,0.0073242932788903144,0.005875292349434459,4.164722770877438e-9,0.07923278131394038,0.0045797732121220245,3.840490788126816e-17
1.7128812761226978e-8,9.376541340935926e-24,5.775880413747141e-13,0.0028821350859700727,2.317545073529383e-52,2.858533677469627e-9,4.4108259592024213e-7,2.2760663855493016e-9,0.005571976465688124,1.5897332908242147e-46,0.0006011355273549574,2.4876776971235843e-8,9.476837458028429e-14,6.275556588435675e-35,2.7389753008700052e-21,7.051276792266093e-20,1.1675651711969059e-16,2.0908685317940563e-16,0.0987020943216707,8.642145060341256e-36,1.2926608326540857e-8,0.025464053084648084,1.2410439153837567e-47,7.587493400336184e-8,1.9891235323877036e-9,7.758709244259013e-9,1.8625853740318356e-6,1.2652703966790883e-8,6.772561420592636e-14,2.1223546907070973e-14,0.03163071845589171,0.008678795579783847,3.8131574350538215e-16,1.7510660117086773e-47,8.839477760556001e-15,1.3775154756294443e-9,2.6808473745616066e-43,5.120615185562303e-15,4.464969080856102e-8,3.133895771833659e-17,6.801188555039255e-5,3.0871605381197293e-7,0.0072419918824506,3.962716646661283e-12,0.0012548018563147505,2.866538462042771e-16,5.735471179585794e-9,0.03725617022543735,2.86144490086057e-22,0.7401976174344594,1.1356712112039057e-14,6.13602325689013e-25,0.009795558105546713,7.703301409985514e-19,0.02296636340337543,3.0320449990272365e-12,0.007685659261774002,1.6212634226831888e-13,4.782784574488158e-8,4.709932346560199e-8
3.15980815138071e-14,2.700937132782747e-13,9.700074947657148e-8,0.004552972143254467,2.305164407475758e-59,0.00015826883453464786,1.4879964167845562e-17,0.006653957497167688,1.50559120179301e-10,1.0908496966994573e-29,1.3578156348945682e-7,3.284659856946261e-8,0.008135953009793277,2.9510902058938813e-37,2.5489187210888353e-7,8.790069948993868e-14,0.03152842410113997,0.001757578481695473,9.023728643069596e-10,0.0033240763957008345,1.0295889627562013e-12,0.002571723311670288,1.763245335133379e-44,6.551451184158415e-19,0.015688799730264196,0.03198986561515362,0.37656529223375007,3.492585066922675e-12,6.396831885632948e-17,9.385273384028734e-15,8.772901278336218e-5,5.873164375430137e-5,0.2286190113482827,8.032975275556386e-43,4.666598488704443e-13,2.309703764820684e-8,1.2041831300965585e-32,0.06398964198059309,0.01635607729836382,3.916321361167546e-22,0.029599402480970625,2.0233956990555636e-5,0.009943750532841262,0.00037591332838684947,2.009236580176506e-6,0.0697253771229117,5.6908658259322365e-15,0.0004905462859166363,2.6766691617770433e-7,0.00011229791519766826,0.0037765756437004873,6.698226856299608e-61,0.0029763191622934255,0.025713034888635678,0.002695952547136969,1.850980591323367e-6,0.022067239320412428,3.6365029327072585e-14,0.005119867563678583,0.035340714052754414
4.533983467433534e-20,0.15927622027297525,3.098646116644929e-5,5.026128952236823e-7,1.6124953993163957e-44,4.518138216255799e-9,5.141575384856353e-20,1.1184174206877468e-5,4.871368161629132e-25,2.3371986711130267e-7,7.318551127797258e-5,0.44508582326645,0.02059491141700724,5.36182169266506e-25,4.269116173006369e-31,2.4311835129057888e-12,6.519420067447733e-17,1.9080213880818615e-10,4.676087741643659e-13,1.0217837553955376e-36,1.8083006994965526e-17,5.673699973007942e-8,1.4748750896109508e-32,2.6261808907283172e-11,0.09582013456947443,1.7820757823523792e-16,1.5447283233662297e-6,0.0023570819743700556,7.032391427868192e-11,1.3459313805126175e-24,3.0353279193184366e-8,3.852735795153462e-14,0.005055591982377727,1.8713399029184715e-33,1.630401093567551e-14,1.3696905025596124e-5,1.527804586633047e-37,0.00730695808736637,0.00020060217634561612,1.3554712282914137e-20,0.13020994739412017,7.452770291521202e-10,0.07085242401031645,2.2604335764534653e-6,2.122575759351722e-15,1.855748858370129e-10,1.257586402737773e-6,1.5160043638078377e-7,0.05429790387016957,0.000169758453341718,0.0021474847122462982,0.0017770143701507455,1.0920052587777003e-19,1.7837614642994823e-19,0.0045962377448382245,0.0001125935730609018,2.2926976651969497e-22,1.3096253706172211e-11,7.706386714810346e-15,4.215549494210628e-6
7.440749693296292e-8,7.71566359324966e-6,0.0014699169517875526,2.50294066743084e-6,1.2517075475782108e-10,0.05373664915792096,4.283578754666827e-16,5.365442104866362e-7,3.7408609727491896e-5,2.5394763803015076e-11,4.2483776361592086e-14,2.6711687772064015e-7,0.024769974810254947,2.1616567351008492e-7,7.1212411725750024e-12,0.0413431955179256,0.00033872162303508316,6.178190295253001e-7,0.03273920279873772,1.8409675406859582e-7,3.937800115418998e-13,0.0006216411803611384,8.805176634925759e-12,0.0009447095407350434,0.00574022210694495,4.425342965277229e-16,8.344392765120064e-8,1.004435098835598e-12,5.231521007213848e-14,0.5259396349516257,0.004023451429455695,6.147263987157926e-15,1.2104098567738332e-8,0.0018263808974241932,3.0778235806386035e-9,1.0723219210800875e-13,0.00036794514468463195,0.0025301890993704745,3.2722931245028267e-17,2.9240368925450693e-5,4.5183131089147156e-7,0.0048913213941163495,2.4281418991705157e-9,0.00655346202557334,0.03754733448552716,2.849770451961121e-20,0.04027553741777203,4.3921946547061275e-8,0.20569347071343022,4.4363427945662753e-17,7.139385126532258e-12,5.867305653944611e-7,6.14771136892161e-10,0.0050886461516963695,0.0033409266709177325,3.6171955760311273e-10,2.308719590450164e-9,1.9504535919412697e-9,0.00013751324903023122,9.647441950759673e-19
2.295969921871847e-5,0.013674715324780469,3.63451962782675e-9,2.08248049726457e-6,6.875614053541974e-16,3.9009727209598924e-12,1.0024900819310113e-8,2.1496960916494306e-14,0.00032219442438420273,2.7349782810690375e-15,5.38753521627991e-21,2.0971915331007945e-29,1.7627079191943514e-13,4.310554509527904e-24,2.5022197322596062e-8,2.648743691578662e-9,8.501441024190258e-16,4.614298983861302e-12,1.3929039862876702e-7,1.3736880733424909e-8,0.0003248906871797529,0.12792960507159606,2.233716514630847e-15,0.00012755598051529958,1.7445011138291038e-28,0.042672562085734306,6.884242771577672e-11,0.05308710130176918,2.5780067378907254e-11,2.301837530682277e-10,1.2460825866274385e-9,0.001305362500018568,7.29370692369316e-9,0.002878574514454236,0.10838661954661621,1.58702237800256e-10,1.4342805037316197e-12,1.3769104863689362e-20,0.003946675790747393,1.53348584953119e-17,2.8004197636184e-11,1.5180513883514815e-9,3.021553387799142e-19,1.4547483475944797e-27,0.03044170297648354,0.06380001625650235,3.3786182988608895e-7,3.562047413091159e-12,0.0006734402567650277,5.730752318582458e-14,1.8435093886878498e-15,2.9877239179706466e-12,0.0005068018641254899,2.149478435181319e-7,1.20555301883571e-5,1.4118507227018284e-7,0.003620793966164419,0.00036384329410423595,0.5365691391834528,0.009330408326199236
4.472478160229647e-30,2.490727166285055e-11,3.587162856993312e-7,7.0458886473465015e-15,2.093031518687465e-33,1.2380655873733983e-7,3.435466772550778e-30,2.2330379631338386e-20,9.697623082858347e-34,4.6912562800025766e-18,1.0382373651269664e-20,7.716562688614499e-20,0.3539740467102504,1.0898040353251653e-29,2.0878100401132032e-29,1.7976210938924521e-29,2.2028750316617913e-29,1.9637886604387975e-24,7.74297949080422e-30,3.9635732959287e-35,1.2731612722799705e-27,2.013793020561968e-24,8.114034999917671e-43,4.517602241675114e-22,4.9493511394985556e-14,1.3836652526159125e-25,2.1792827799004803e-24,0.4147847938535233,1.3337734450614214e-9,1.784822274044444e-28,2.8402419031634434e-19,5.248972275437227e-27,9.10750721199371e-19,4.664046130632592e-25,1.0658333031897472e-27,3.154334803792064e-26,5.536004007724769e-24,1.4059206883507227e-19,6.18529116062368e-18,3.0096835665281674e-37,7.333528129272275e-17,1.2651538413714634e-23,1.9573919495711276e-6,0.002979747866728979,1.8441963015656483e-27,8.416390566409395e-24,7.761141957611071e-20,2.0421613805826204e-23,0.03663231211856923,2.500761945220726e-22,0.07744636606493328,3.2013199420689674e-36,2.1332309756481506e-26,0.072166084477346,1.5554123027267627e-14,5.1207127641238434e-21,7.272638914538903e-22,1.919397759527535e-24,3.0273110397084935e-15,0.04201420763509896
4.209237408133833e-15,0.504349213360413,1.009929862832162e-13,6.559901872356549e-13,8.004331628484925e-15,8.695870557516233e-14,1.5573718018405483e-5,4.976122719757819e-17,1.1390251457380062e-10,1.5447323762699542e-15,4.184870180698844e-5,2.6827345560754444e-14,1.0923189344163537e-11,1.1618266966148795e-10,4.47974697930637e-11,2.0062724176293443e-13,5.56402097491967e-8,0.008227128308310839,1.3418180549896448e-14,2.0217492007939064e-6,0.07764910276539848,1.1830758694598284e-11,6.942432926022432e-9,0.0137472208261551,4.6042458354959647e-7,2.1418612597096814e-14,3.291233112674314e-7,8.491017974821074e-31,1.977577084794511e-18,2.4459467079885907e-16,9.994841562179749e-11,5.59086040187626e-12,9.92784805533144e-9,7.500710366426601e-12,6.781853965844965e-8,3.610427740499217e-8,0.01694537687058214,4.36289815130072e-13,4.43569162062018e-12,1.4556019113303561e-6,6.640555325575628e-12,3.603087064566074e-10,7.80598873594537e-16,2.45581912691926e-21,1.711868535613372e-11,0.004506874879052951,1.1102986555876779e-7,0.034980462181466714,0.17847262307564815,5.948703438778958e-10,4.88130737817016e-14,1.0768200578765839e-8,0.025354549425535923,3.738991145207155e-14,3.7092104588780077e-7,2.8620044108080553e-11,0.0004960606921878732,0.02311841976358508,6.3828595966196105e-9,0.11209060157323772
5.9208031880125785e-25,3.68732173631741e-17,6.051379918197786e-56,4.666694361921389e-19,0.020062517704740167,2.3982009739289662e-40,2.068141739830605e-16,8.3643528849785645e-22,6.743508928300585e-19,0.23948188192852407,3.2067801180329384e-45,1.614767838953531e-34,1.9530879978677222e-47,0.09527669534732278,3.0347189400973504e-18,5.641462530632137e-37,2.9887293441013206e-27,0.5746105698887997,1.2999653445520896e-30,5.031203835705391e-13,3.424298214973862e-5,2.3080855356305784e-24,0.008127495373729622,7.069083995194519e-29,1.3872066267327206e-48,7.806560694388213e-21,5.354202249908261e-32,9.762341137960839e-76,5.821549010997825e-37,8.91307551327476e-8,1.4547045743638617e-51,2.617809061908707e-32,2.3427537279628857e-6,0.04374906799545818,6.798957020303323e-34,3.897827811670352e-62,3.4960822210047586e-11,4.783662920620189e-17,5.553371322332056e-75,0.014057154981371918,2.6668955325646657e-17,7.313098355972842e-43,8.325334983218812e-45,2.4862977706104253e-66,0.003357740150215523,3.460402972156445e-37,0.0005588381687863617,3.1742002684206264e-33,2.549179933636536e-6,4.7120889222480907e-39,1.3210365975721732e-38,8.926005184972237e-6,9.302018909554814e-36,2.204052304808567e-14,0.0006698750329718752,7.554242044496309e-9,3.4936323666489455e-32,5.786599983351e-9,4.5207104439265825e-27,7.913388209762799e-50
6.065350330122877e-8,6.491502160161317e-12,1.9123605902189154e-32,9.29297530631244e-9,0.004476658612585926,2.557369709440944e-9,8.482286647778845e-17,4.1049760784507206e-19,1.719442476792231e-9,4.648722309845657e-24,1.6282915016990137e-22,4.69686868746835e-23,4.933048350291391e-13,2.2215442290299055e-14,0.0017879892614348879,8.33650451469649e-18,1.0604573167782859e-6,8.352937711650509e-13,0.11450030298797763,7.445427629461282e-10,2.217416722883144e-8,2.660959125513216e-10,1.0266408558700857e-9,5.870926224375033e-10,4.894999772163605e-29,0.698244812808653,4.477577145974341e-19,7.090071885952908e-31,2.980947073696847e-16,5.13827285572456e-10,6.239890305654211e-10,2.442786211971923e-5,0.001314317057949459,4.78753107630111e-17,2.36640993326285e-8,4.386428907581477e-28,2.7314840719034656e-6,0.022255666273739372,9.901040006391317e-9,0.039245403431191546,7.300638467729737e-11,2.0090379263172137e-14,8.144943024554602e-29,1.0177462856638136e-42,1.2156552003700745e-8,6.348946674077855e-18,8.981016409448821e-10,5.836586560778367e-8,3.906868258106209e-9,5.333832437077851e-12,4.0822347482599377e-26,2.10640995685227e-7,2.2475861173754493e-8,0.0567994258063901,8.667544281104038e-14,8.522826249907621e-10,0.061343182049952066,4.654254875595606e-9,3.5740897499610523e-6,5.5010132582066774e-11
0.060506123803889665,4.9781210987549395e-5,1.9716215397795495e-10,9.003419724336046e-14,7.309719724866298e-7,2.2606942877599006e-10,0.3184038248680284,1.772955250949687e-11,0.05532447209327496,0.0003546308171455003,4.2959313582695974e-15,1.0152000931453044e-51,0.0017517501039959634,1.4032694583690945e-17,9.912660578455004e-10,0.006931138785710266,4.723134237859015e-19,0.005701041833084046,0.000997588983566185,0.0887454317006763,0.0537616430266093,3.072446809872739e-23,0.14818062045249952,0.02073741583132454,2.923529467572218e-41,4.637522511552268e-5,3.784919327418184e-15,4.517075298303877e-58,4.002323194139869e-19,2.062510937498773e-13,5.697977900602057e-20,0.03522237947509433,0.009449026982773483,0.007990976354155056,2.3316370190779813e-15,1.020705981075191e-52,8.274115679483225e-6,2.053592521298284e-22,3.678139659546791e-27,0.10174508652883883,6.748107563158271e-18,2.0799576089352893e-11,4.8166900098688876e-36,3.9855821917938083e-53,8.128747580115162e-19,2.420237749609577e-24,8.552052472370339e-7,1.0208704172052027e-11,0.02350842437822436,1.2457849675927948e-10,5.852849198842751e-46,0.018652131686472794,0.004514579544133499,9.398920004530795e-29,1.319956538826871e-10,1.0168975865574878e-9,0.007689508255762075,0.029707620392053918,1.856463667089276e-5,1.5768812283361418e-20
0.7597215510342658,0.001265962800795053,7.446025517814274e-13,9.91469374156005e-8,7.28105631530246e-14,4.1753908462889584e-11,0.004940855520466569,6.165648775216425e-19,0.03807635850945538,2.3312371329353565e-26,5.1934009427446626e-24,7.675826381453376e-27,1.2530636415055575e-26,3.4900741530020343e-16,6.7220110568436366e-9,2.4657122057124783e-9,1.2280550770342515e-11,1.5402498393436256e-12,0.0004336545790158222,1.643341240338656e-5,0.006969063477476774,4.428946168844335e-7,2.4366910888465908e-8,0.00016096726144681012,4.9864168840071556e-33,0.00044624495491713337,8.4134386847612095e-19,1.086413209277583e-33,0.024930623431395613,5.134751237161754e-16,1.7686299854041547e-15,7.639271821937674e-5,0.00017499379591489367,2.501569180797274e-12,0.02111374656557975,1.9509467194423894e-18,0.003592771121610779,1.436676229781512e-11,7.152246152365993e-13,0.027513209506114713,2.8798902838511186e-13,6.113562654448283e-15,1.2357680690465713e-26,5.501094375105791e-27,0.02271298782806861,1.2022493185776827e-6,0.016173216704124773,2.2493691403629277e-6,3.2838617906428705e-7,5.418189893410928e-17,1.3091759122182324e-29,3.4564236428419883e-9,1.8289347257432304e-11,3.6725784069153487e-7,0.0028738065912984304,0.06418422413166038,0.004605914525528714,1.210531998516203e-5,3.814340794015151e-9,1.8598826271211625e-7
1.5789899090960788e-11,1.7988716589386962e-10,2.8182634150357436e-11,0.13090305370153693,1.11384132034887e-34,1.1718378755827602e-6,1.8798789972521657e-18,3.951482487551136e-12,0.015435624551325886,5.673297101754575e-35,9.108578672416814e-10,7.602173607866827e-15,5.932489473192838e-14,4.549323424772666e-28,4.2499744887006245e-15,0.0008995041906627169,4.3970140053410936e-9,4.283464741632255e-5,0.11794156647770954,4.0202841841854867e-13,0.12147419845540197,0.33391920779046064,1.133893082042429e-14,1.6500988131657465e-11,1.7605036174874875e-13,2.386476615180082e-5,1.9029308453499693e-8,0.0016948135468707205,1.1606751797696744e-10,3.850591413843379e-8,0.009239328900028263,0.020561623386558082,1.2568391644284321e-11,1.755173542325514e-17,0.09314220105993001,1.2796515196466524e-8,3.345270023679077e-9,0.023659212239156433,0.0005107176397318696,6.750422304508336e-11,4.561504282502863e-8,6.760389138793773e-5,1.295307038052959e-7,2.298700213626475e-27,0.007979407251456096,1.0310071335552254e-20,2.9663407997468652e-8,1.7012948392209385e-10,1.0802806121679101e-17,6.783344419255922e-8,1.027429925108061e-21,7.500163570684111e-19,8.458681500918433e-5,1.3104583536934958e-11,1.9954703099085625e-5,6.306007671145798e-10,0.05191903329306436,8.691475082880011e-5,0.000202028335578751,0.07019119488633277
0.035945785791619174,2.1670390637628684e-10,3.007044684008993e-37,4.4167561142969705e-14,0.07235599172127836,3.611801783466378e-17,0.3930218045008575,7.081440064619781e-30,0.027616785996389847,4.143747769152016e-8,9.449054230589012e-33,6.271683885914059e-51,2.1234784859511637e-33,1.460529470024458e-8,0.02978550606551882,5.160079420218497e-11,2.160495803374475e-24,5.420956777234944e-7,2.2383947926849196e-19,0.0014323808819249868,9.145345064804656e-6,9.731607467427224e-21,0.21577140157723684,3.0593903560497696e-6,9.688478364440858e-37,0.006760487985756571,3.8825451590286573e-16,8.241698330647431e-39,2.6592460346635757e-17,1.0685824366887144e-17,7.501702425106156e-11,6.521949796953084e-13,0.0006124986121093729,0.00802888058015711,0.0038854080664164395,2.3297828854776733e-14,0.12132447683988311,6.483233960018626e-24,6.94686057462428e-17,1.975241990758602e-9,5.171651057526246e-34,5.3621589954431125e-24,2.6852948184422226e-36,1.677778262933428e-31,1.166517592130265e-26,2.2616110614893174e-16,0.00014723005694001576,1.6181030933190448e-9,0.04764330220589869,1.921114751721207e-21,3.721572866291155e-28,0.034346372668146545,2.80969580682864e-11,3.0917972044995627e-22,5.350292952655827e-17,1.72503894025494e-8,0.0012288927501541782,7.634776439593188e-5,1.962627577215496e-10,3.6216493091700976e-6
0.13496953800959968,0.08116372026072358,2.8426348866945123e-10,0.30953746954507116,1.0026380288431792e-18,1.8332505254585683e-17,1.6921981948085828e-7,4.75079987710637e-18,0.0007868191921172839,2.4834233816407753e-23,2.8642733962460946e-21,1.0476116885099145e-34,4.791828558920661e-14,1.8533704148289884e-16,4.473866275201187e-11,6.05485535045409e-23,1.798751211090844e-12,0.0002866477840127307,2.0361787705246153e-14,2.242363799649485e-15,0.02388909404933425,3.875488867901003e-6,3.450996057822042e-16,5.615192597343314e-10,1.5136552652161664e-12,6.206018589444123e-17,2.337492575717383e-19,5.266509294619067e-22,3.622592737188174e-13,2.098373735198148e-11,0.00033663936546537266,1.5437624830841656e-9,4.30307318887511e-15,7.058647676790328e-22,3.1759097249008382e-15,4.6170627628196303e-35,2.931907241933301e-12,1.6670133990435507e-15,0.04396485761920366,4.693933683290134e-15,1.238148305970581e-17,0.000940687085938379,6.123990357406727e-13,2.5111008118142327e-28,2.229728787735478e-9,0.006236677117742641,4.685650213746911e-12,1.970413065942071e-11,0.03484228599529605,1.972985229567343e-23,0.0030114850664878837,2.426278550365247e-26,8.612874077733157e-16,0.00966474885856981,1.1062384023263183e-7,4.298600791362104e-9,0.347449760546654,0.002915404835061211,4.0669887290711074e-16,3.2090252317651594e-10
1.4520768396929515e-14,4.718187567945448e-10,0.0006385964529034202,4.198585581088693e-8,0.001538619166742066,1.0936398054042321e-14,5.474294596118944e-19,0.13911533509014412,1.4501888941633821e-24,4.131309165754763e-25,4.814212783091959e-7,1.8562853881745518e-7,0.0002128913884199472,3.021501038479126e-44,2.497421621131783e-13,1.6816780544722881e-12,1.1145757951221732e-17,4.1203414755691055e-21,6.059604782334517e-5,0.001269775055229697,0.031246095340455717,3.145286059677652e-6,1.2716274856748958e-52,5.468411570100628e-16,0.07083666942013807,1.3466339457036627e-11,0.3117033659255444,2.2435924816568213e-5,5.404886634354304e-16,2.574565369358623e-11,0.0014830815054502958,6.462676023558178e-9,0.00023744576492186448,1.1026645541061423e-14,0.006383724895304443,9.347091177570566e-7,3.2797163855444473e-43,9.758187896155264e-15,0.22866997241512235,1.2526558087667689e-30,1.8028655245196943e-9,4.2478015328979215e-9,0.011375071046999611,2.0230482180614562e-9,3.069598750173382e-13,5.558809974018366e-17,2.478157932113532e-6,0.02300460176862826,3.2921404136454187e-7,0.09959424839360372,4.715155262499753e-10,1.5681950422307758e-46,1.0686793694524744e-9,5.0456138201388526e-20,0.03121376249189191,1.9886262046360064e-20,0.002808524482944594,1.4013406654280167e-27,1.5984465678494735e-9,0.03857757283174238
2.424915827763555e-11,5.442282074953118e-10,5.350435890349959e-13,0.09320364609992293,7.819068931127833e-30,0.0005010606852080063,4.573294140920141e-25,3.3472722333636444e-12,3.294455873280519e-22,7.910710689190856e-23,1.872878765752517e-6,1.1415662712232666e-6,0.024748524178211675,8.788484085065335e-28,1.9372541483448908e-16,6.558887343763106e-14,1.3441761035920371e-8,0.0006729559162701037,0.019809477170169634,4.37292041099093e-29,6.871443037364763e-13,1.2062771251097553e-6,1.7411856597040936e-26,2.9168480852779033e-20,5.968835916668714e-16,9.15277283050358e-6,1.4730968916866457e-9,0.004110179221839464,2.8803425233580463e-13,3.5919473414224657e-13,0.45099533606279074,0.00304713557753312,4.332227175664145e-6,1.0280749720480251e-26,0.00031103414436375296,1.8310004534126488e-5,7.844072864243996e-25,2.685860642949209e-6,0.059376810180092575,1.189857419067632e-15,0.00033473344301839864,3.010575833714241e-7,5.095264050552797e-13,4.566228049965302e-12,0.0065308690566164744,1.940194464502138e-8,2.3977343575459507e-8,0.07059681493278704,0.0217576668613667,5.263549650408123e-9,4.038291072564949e-12,3.373644750419987e-18,2.675444635335173e-7,0.004090725476880371,0.23987367985220973,5.212732419324223e-18,2.3229354048449226e-9,4.470486914804044e-15,5.379295005672784e-9,9.108520530719999e-9
1.2269787012566104e-11,1.0278076198351049e-20,6.300098127784578e-7,0.07823477866340738,1.0409795975385884e-60,1.2231112760168888e-5,9.519746311118338e-22,1.0797815908788627e-12,1.3782117837258606e-16,3.2926085271899025e-46,4.5594542334612934e-7,1.9925444917107462e-7,3.742376500888924e-6,2.5373021212373203e-32,8.141516671759479e-15,1.4549013036341019e-10,3.4229563273645497e-19,1.1301631263401359e-10,0.14522791695746165,6.365207886877016e-17,0.01767418392914209,0.0002731591580289704,1.3823379885005834e-44,2.1956751714137742e-10,3.9629377915028504e-11,2.68866090457592e-6,0.193058311741017,1.8311764787948554e-11,3.2745453876131824e-13,9.219826976686229e-9,3.733275069852559e-5,5.908545130389143e-5,1.2793318731219633e-9,2.3842786267506325e-35,0.008659701611392737,3.7268688346215343e-10,2.3669478418935356e-22,1.048656809599296e-11,0.3380337046877125,1.7933794598106364e-12,1.081190141356029e-6,0.1985553737110797,4.954880019219801e-7,3.2578038094645615e-11,8.681469951376618e-11,7.640395972032974e-7,2.2834507843959886e-8,7.492704827192209e-6,4.4932636077204003e-13,7.691604392280398e-6,1.036349187369606e-10,5.609222436808589e-32,2.219508864266758e-11,4.254828023339322e-7,1.2625488448671631e-5,0.0034140368540658927,0.01596810306939279,1.175739846761899e-16,0.000749824603712086,3.92893951682152e-6
0.0017328347233774967,0.002832819793257975,0.0764961587938283,1.86074516420212e-8,1.6199019488896743e-47,0.0010939865764278726,9.56324458474561e-30,3.524790784044753e-5,1.1623786334338662e-29,2.4272650868319015e-29,0.002261429903129935,0.05755286321225666,1.0390871446596083e-5,5.504631461310422e-41,1.0830510097505304e-48,1.9813075990381164e-25,7.285760195393911e-25,9.275035282747083e-16,1.7672585485171737e-6,6.83273981643598e-14,0.000634519187520211,0.001336703970636988,2.307156073862852e-94,2.456472440958152e-16,0.21623650186798138,1.07091887261906e-27,0.0062114422460163785,0.505065783953269,2.4399149484489474e-31,1.7400736629419342e-26,6.766156057379344e-11,1.8996169397185896e-22,0.032628388150632806,6.769686775787466e-40,1.3287502158314804e-24,1.8197279342849688e-9,1.6385761742802133e-27,2.210412534792484e-24,1.9165372118271086e-12,0.0006034555972750913,2.766830968125112e-13,5.512735971516306e-20,6.777620652906353e-7,0.06504041584268258,4.1691138439405256e-14,3.822359591717986e-25,3.1356873302981306e-9,6.908117066931872e-19,1.5060843380390404e-7,0.030222182348480404,2.0683105972358605e-6,6.116320537879334e-90,8.678824891458956e-17,1.974755119932137e-20,9.647611442889792e-12,2.9079902356463054e-30,1.5946349728208877e-7,8.965756175015488e-51,1.1336533847891858e-12,2.8007183452213423e-8
0.0429629295908894,6.081490671035963e-9,2.3696299462502645e-6,9.323710344291659e-9,4.133882300893381e-25,4.834265981264005e-16,8.2776878398674e-25,6.0240805785508755e-27,2.074452452563751e-13,2.352200989042738e-23,6.200782243703467e-8,7.506748988318977e-18,2.3115914663352657e-8,2.655319258244179e-24,9.70940437456413e-13,0.053383717465886014,2.6758999847097316e-8,0.19204825919175428,7.396720621977956e-15,2.1683431470021627e-20,0.23163927404265125,4.1983342577819706e-15,1.283018758999629e-30,5.28034491696376e-13,1.8737484624091518e-14,1.0729986951841313e-13,3.513440118490158e-9,2.8650196161830343e-13,0.006549040199343092,3.2764470640460514e-20,0.011274709574006338,5.92012155034823e-7,4.330141642132951e-7,7.826283298806295e-26,2.7616544939588878e-14,2.0769532564436297e-7,2.9839362225560247e-26,2.7981534813954914e-10,0.008751379294988584,1.5869960355152185e-14,0.0985395181327821,1.062902057151274e-11,2.0362074215357105e-14,0.03119020210434354,1.4266341863031516e-13,0.2979837539055273,2.2259375037254237e-15,4.1276196029834306e-13,2.6750140679618974e-7,1.884381089232253e-20,1.2670382679213117e-6,2.833475216810866e-23,0.023835052322322005,7.214880677782222e-21,1.5636353260192536e-7,8.971387058174054e-24,1.5774254044544032e-7,0.0018361671983880563,4.1488517496461424e-7,2.9130690719642595e-14
1.6780776203921477e-9,5.036047648485591e-14,1.9679092446771402e-37,2.1927309604944185e-16,6.140172953489163e-16,7.948498111794686e-8,1.540690614653175e-13,1.7226709261969204e-20,1.7866193726206053e-11,2.8234859753818576e-12,3.119286114065806e-25,1.6890772606097775e-23,0.00850093786726458,5.534340963372204e-15,5.409388917698823e-9,5.160034390015982e-7,2.9133673099231425e-8,9.392821433017303e-7,1.9632208413814636e-11,6.654595831580533e-16,2.150746795465701e-6,1.5929714877109684e-13,4.57591792017405e-14,6.976166889637023e-10,2.7342434035223662e-37,1.6843500910170817e-12,2.2626948084628983e-25,6.048922639678235e-43,1.5641330010461416e-14,0.1958570125014065,9.787860715115744e-26,1.0276508571749948e-12,0.23405253249415986,3.1449542416222496e-12,0.09217241236666855,4.550047096080062e-32,0.000915957739135152,8.592219144221451e-14,2.1344307854496223e-34,0.07390134534534683,3.5656521035702076e-14,1.0782179400980298e-27,1.2505896669816565e-35,4.718870297870017e-31,1.7194971675024737e-7,1.1509041411806793e-19,3.998666054954865e-8,9.797353043886008e-17,0.24028790124959107,1.2129609125643578e-16,4.352516285644283e-34,4.996709454110103e-16,0.01280655989992334,0.06443827330771668,1.6921689335793107e-13,0.06718155453719832,1.49004506884129e-17,2.0299813927274023e-8,4.840102262399807e-12,0.00988155796754013
8.817526556427726e-24,1.6865016242736433e-15,0.00013070848219551032,8.735858957951902e-6,3.038765603848447e-44,4.864795004810931e-6,1.974831768172016e-23,8.85699301658544e-6,6.384857537521973e-26,1.1613265180802226e-28,7.973180674776943e-5,3.3453052034217177e-7,0.006777981502993623,4.062383666183143e-25,4.674844261870637e-30,5.916880641193377e-23,8.542337162957363e-15,5.9489665758260355e-6,2.4446568000561337e-23,5.948116549510057e-34,5.7336886717060685e-18,0.006816013743442847,4.971183958579837e-31,3.758768808180079e-23,3.6304364809286034e-5,1.1222768004200257e-20,1.183178324609493e-8,0.09446724053048113,1.4384469838931013e-11,3.1328650344289455e-22,1.664573275584613e-11,1.507831990510627e-20,0.025591299530230652,0.006750138327888121,1.328383048333298e-14,0.4785294833473217,2.6900630454499817e-36,8.574790014293829e-5,5.172254301589014e-5,3.50641215140293e-39,1.6674283667028623e-6,6.235629601253239e-19,0.33416617979715396,0.041687347501342974,3.0959381618028735e-5,2.9276688131304e-14,1.3199877295162021e-13,3.4732949228261225e-5,7.775056171147615e-14,1.7854429588993656e-9,0.00012508292468043134,0.004081288575373024,0.0005276138737811412,1.246674563910173e-10,4.401163285923271e-10,2.947294108705228e-25,4.469492017664623e-16,1.2267364543671693e-19,7.281284867699274e-22,1.3180724732261468e-10
1.1037256916560293e-10,2.5446159077598458e-8,2.4235963343579074e-8,0.029658391608464747,6.138049765717095e-31,9.523765905272508e-6,1.0953951391958339e-9,2.0279866331293932e-8,1.9958753086689156e-15,2.2430532310523472e-38,0.0020299227204117302,2.630451240229788e-9,1.779312357670508e-6,2.5293975792992195e-29,2.9569859396615528e-21,9.934264522147162e-14,1.670544381768926e-12,0.0006888915670776045,9.461732979424575e-12,3.2352863842279075e-20,9.836174717132339e-7,0.00011197677608379185,4.304656987630831e-21,1.0707492247531427e-10,1.4798057781684654e-12,4.2179426196255794e-8,0.00012364731514097465,1.6562853315308512e-6,1.2456734600735218e-11,9.82158409802763e-9,0.2872079579135853,7.44551111140687e-6,2.1730682602608017e-5,4.191600645116137e-34,3.1907007814228048e-12,0.0077937760860841655,5.799592584165137e-19,1.0964376557677343e-6,0.26404168739822065,3.41096645464307e-27,0.2605186874963233,8.666930772968952e-8,0.008533840840190352,9.37660800671613e-14,5.0122688860216894e-5,4.269091702241351e-17,3.254061356857132e-9,0.012919726663645027,1.4712563697199918e-9,0.0019256561988677606,7.943925505373647e-10,7.341788148545562e-28,0.012119128892198218,7.729956719676691e-9,0.11222862931394338,1.968622607698318e-6,1.3693717121933525e-9,4.797830477401818e-18,1.330660217532725e-8,1.531756162651776e-6
5.69605502199299e-22,1.8613119797239095e-18,8.587032859251752e-22,2.9616631844611654e-35,6.214609014830095e-10,6.64038140028368e-31,6.555656609652875e-24,3.423373688086743e-46,1.6656879825637215e-25,0.9039174195131271,1.3107437043586753e-54,3.553489155866209e-29,1.0118912363192573e-35,1.7764673129320827e-7,3.193101897187997e-10,1.0612953869057566e-19,1.258294642893725e-36,0.04700386802856914,1.9076323594092745e-16,7.727761709201331e-26,6.415266346127614e-22,6.209665386224247e-29,4.625500627424625e-13,9.922540074870457e-17,9.903286885641707e-49,1.1543362053172352e-18,1.9826203977375842e-46,4.339779717162987e-39,6.108577473344236e-25,2.958669677508856e-24,1.4876016713369392e-38,6.711075779493408e-24,1.292978274500962e-15,9.429315972100021e-17,3.16761896627495e-36,1.6678971892746046e-43,6.110041315524133e-15,2.1273168639938448e-29,2.1092994820948753e-50,0.023937841343751664,5.488336998153036e-26,7.623027619208527e-39,9.229207964525663e-32,4.936214507457869e-41,6.12198711146055e-8,3.333943976815936e-34,0.013835946080919887,2.3507100030671186e-25,4.442848255198339e-13,9.207911250002177e-32,2.9295487934419897e-17,1.4268302932360708e-19,0.011150400561863666,1.1279091771360468e-35,3.430689983983319e-32,5.119204795137981e-31,0.00013790629549965855,9.257976482857761e-31,1.6378367980616225e-5,1.386781557214221e-33
0.003223293493772101,2.042111711214775e-13,1.9812473082476566e-21,2.469929560503207e-12,0.13844733319175176,1.0654817875320587e-21,4.011739978291983e-11,2.045715288006455e-17,6.013579784654087e-8,0.0013195335998253208,8.193114974797014e-15,4.182191663831776e-25,4.714307285859897e-28,0.023412210260219314,4.260746976901587e-17,0.012332404904686881,7.253652151268524e-8,0.012682934913260146,1.4361575303849704e-16,0.0035393425902445447,8.513421225082854e-7,3.3115379582183178e-21,0.017120524321955044,8.197288467019221e-14,2.7832337894053007e-41,1.351396019082299e-24,1.8270380348697775e-5,1.5052130006242044e-30,1.9324446566174973e-29,8.363614374853122e-8,6.576017058848477e-18,2.1189887161668144e-10,0.0033322236823716874,0.6536088385172714,5.48384682291054e-6,3.427922312628448e-34,0.07442213319260142,0.041241630263839854,1.6009398435138284e-30,5.24607829123794e-10,2.24823791865968e-9,1.8846873531245346e-26,2.8865709278818023e-26,2.016747785698066e-29,1.6384672633501648e-18,1.8894769021505705e-20,1.2805071234108815e-8,3.685386760567146e-8,2.012469741494393e-5,7.881716489127865e-11,9.467078979127651e-34,0.014043615465810209,1.915062149629414e-7,3.683237639235903e-12,2.2207852573497735e-12,2.4288511245721206e-12,2.3050393639235155e-7,3.1105860167718273e-9,0.0012285571327650066,5.679381616987338e-19
6.601570426153481e-9,5.955636360162328e-15,1.386371428025623e-16,0.01192838320020181,4.96457033826946e-19,2.6213020843411765e-6,1.3775917284610611e-9,4.130164868095141e-8,2.7827691770157367e-11,5.579607782826223e-24,0.03215107020063345,1.2456445743954794e-16,1.5046132941806433e-12,3.688038627513397e-29,4.0968423180744723e-13,2.7922032900742863e-12,0.5433289651923137,0.010167567599642772,2.8325756374610892e-9,1.1924690778174326e-14,1.0297718417570856e-6,0.0001499408639929353,2.3535355628399458e-5,7.209270525298351e-8,0.01219401659750768,2.993948128828311e-7,3.7497822309691702e-6,9.15384203624487e-9,0.12219778728830587,1.6451608502427817e-14,6.525670417598095e-8,2.3625480054811298e-6,2.2104592676978886e-9,3.230736999034191e-26,2.92794095634464e-6,1.4422451049743578e-8,9.824039187627621e-6,3.082599947846807e-13,0.050069957321212444,1.107716040126247e-14,7.65239998469996e-7,2.302053881468867e-9,6.227901368345607e-14,0.0023102229587670295,3.25131723697127e-6,5.400458755683122e-9,0.003055415927198783,0.027985875366457053,0.14146988507174874,3.9536564508783416e-10,9.023456839801041e-12,3.843540654560459e-18,2.573837451678263e-8,0.042919142419078384,7.206541153937627e-6,7.300693764812677e-6,1.1216366999109905e-17,2.970306752433665e-7,8.30110015825202e-9,6.3416064872230686e-6
6.879569765010334e-14,1.4436804415186031e-8,1.6251254375245538e-9,3.8517375482698535e-9,3.705076447997146e-57,1.1077549190019652e-12,5.570197627333892e-13,2.2848831441313108e-7,3.5283013838262963e-16,1.9710749220703253e-24,0.6612913191301214,1.489582827786239e-14,1.231822694870571e-9,2.3684873647287503e-14,4.113698982691897e-38,7.072883961619374e-32,6.126372388911269e-20,9.736497853859682e-9,2.185284751013793e-25,3.0441372181069043e-42,1.2776380677497048e-24,0.0076001416994933655,4.034622406581157e-56,1.7374037245708118e-19,0.009701270348421878,3.3990666051256885e-10,0.0006133067647613757,0.04030633490532377,1.630371476049366e-15,5.921588091300394e-29,1.144193653385676e-12,9.368864671981587e-9,0.038470304652035485,5.152467725280445e-46,3.408463974458198e-36,0.18413797681707816,2.542308675970303e-42,2.3797177081256457e-10,0.014860806757636492,3.3274188991252e-42,0.013039551050428061,8.772895574090354e-8,3.0738835724518595e-6,1.1036854095501113e-8,2.5962267873797544e-8,3.4300529450111584e-7,7.826417738652797e-17,0.013400602096241639,0.001619482370291495,7.981171730189575e-5,0.0031202662806755726,2.5317476804546377e-49,1.0108234342197954e-29,9.740339609173216e-28,6.409532724364122e-7,3.565035333374492e-13,4.5704984157548334e-20,0.011754373510572147,2.255086912327407e-19,9.079683094277004e-12
0.0010056627914096917,6.942710781150068e-8,2.97031497543598e-32,7.946744006466357e-16,9.406232189580934e-8,2.1258954982909905e-16,0.0017950077616015058,2.5699520053068827e-22,3.403969919562321e-5,5.137597208840766e-11,1.7161719596764652e-9,5.1786559244859034e-51,6.394369897502373e-26,7.84150788288902e-13,0.0006247153480050729,6.981424291744757e-15,6.99233924568627e-12,0.05915568970709625,3.4748874976444074e-19,0.005455604748159942,1.2558795570030205e-6,4.052009616236128e-17,0.0029999231210103413,0.23237330267567538,8.491391944657013e-27,1.2788723087180969e-14,1.618732864865042e-16,7.132565521691523e-48,2.496874986287535e-18,4.766354989948656e-15,3.1369075548362536e-21,1.0985416262826557e-22,0.04203830034633064,0.037655069803811954,4.552139388953089e-6,2.3924518845407604e-42,0.19450220616383848,0.037495128995289874,2.740465186963324e-41,6.183557008029933e-12,2.1984604109378915e-30,1.2770248378576928e-24,6.269934609840008e-19,2.212270852966495e-38,3.2397347334401705e-25,6.133011858615375e-18,2.0166760632445252e-11,7.462798595773722e-14,3.4922967012837705e-8,1.9372440436636432e-25,7.452818022347208e-51,0.3847372172570385,8.418450841918339e-18,4.888053137017355e-15,9.674737176004343e-15,6.431917193866738e-11,1.9568712767177975e-7,0.00012085534600912337,1.072243461420328e-6,7.487019114424013e-12
1.639248937651534e-8,0.6031878823554491,6.810226376579967e-10,0.002950121843339538,4.2615006124821336e-30,0.0021481733496213143,5.325191206156734e-13,0.08574196103336577,4.3908236104668454e-13,5.463307227936252e-26,9.404527269041511e-21,2.0444947081246941e-16,1.2347205489962147e-17,3.898226963011322e-23,7.983153232266195e-17,0.03859336390884986,5.2335021165127685e-15,4.4894022650236963e-20,3.2756090377003334e-15,1.9957827377272333e-7,0.02984543643986002,0.02757804267340327,6.446575487709159e-15,4.0767220364054207e-16,0.0221352207306173,1.5788751145068836e-9,1.5749439352639788e-10,5.7843018539018095e-28,5.465923926805061e-15,1.5785079106478644e-11,8.604809175982687e-12,1.296169182849606e-7,4.3126187567593294e-16,1.1879902852329979e-12,1.4840964627111418e-11,5.235881759381508e-15,2.151370992442778e-19,9.568138085017522e-21,2.1052190391407875e-12,0.003360505129184837,0.00014954777247727123,6.752226303576057e-11,5.433475583642794e-6,1.0024139949464827e-21,2.3699819827133604e-10,7.235973374547106e-15,1.5172802965646029e-6,4.4653162516230715e-6,0.18429724549186854,7.24299134173846e-7,5.14524972280846e-16,1.3697683126613103e-27,2.844068094491839e-11,1.2180528612472782e-9,6.488477254574032e-12,4.003078718546179e-9,3.064519350743505e-14,1.9983337396161914e-11,5.271346637651367e-9,1.516234753844939e-13
1.6613050611278325e-28,5.820998552746336e-14,0.0037959407137141943,5.571188237647942e-16,5.944417514074324e-53,4.777841026593558e-21,3.368963783454418e-30,6.012786770272739e-13,4.4614298529976416e-35,4.825950273911067e-40,4.404948220462697e-7,1.6765772623379338e-6,0.020133876008242343,1.1138772960943185e-33,1.1589416940614545e-37,8.996074197603971e-12,3.747938964553413e-11,1.5732739644014551e-16,8.826385087913157e-27,1.828258150193579e-23,8.767519781284218e-27,3.762637905693856e-12,5.212004069852134e-55,1.2519906338213618e-28,0.0010658977377910137,1.1058150246495047e-27,3.793146691995115e-9,0.7258279084686969,6.898547320742633e-24,5.868213104253957e-34,2.0690417671904692e-14,4.330251153470986e-24,4.645009253279975e-6,7.967793443972786e-24,1.272625602228259e-7,0.007793086510826312,6.90683873395654e-42,0.006073851467630405,1.939728554255511e-5,1.048435133247386e-25,3.3698618112530636e-10,2.6142199180475905e-14,0.0008054804524157875,0.13287573741340822,8.100099879533976e-13,5.822325884699226e-14,8.124743706033547e-14,7.602567720462371e-13,3.8133518868867573e-19,1.9809061840038765e-15,0.10160193041469424,1.2127674173216202e-26,5.799902037466162e-24,2.3181604887360714e-24,3.497402399389555e-13,5.074447754831679e-27,5.136610854763827e-17,3.0530217303141955e-29,2.9023410270335342e-21,5.190695822791562e-16
1.7158795202156417e-6,2.212379018943455e-9,4.606645746697535e-13,0.013512389481125871,2.6653366249211115e-6,5.945793485063771e-11,1.638721561012287e-8,6.476066786649026e-14,1.494410994820764e-8,1.2884989536834934e-17,3.862687731595873e-17,4.694660845645263e-27,1.4527643690950154e-12,6.335589527108114e-22,1.6650098377432027e-6,2.3542352564100854e-17,0.20792889879371262,0.02093938814519467,9.503253291777962e-10,2.678377958893503e-13,2.4862017991859555e-9,1.4038693240854223e-8,3.665681153686364e-5,3.982446754677893e-9,9.243597445670972e-34,0.1840706818999567,1.6389651595450822e-14,7.383699935804821e-24,0.3012412359708342,3.611299765369977e-11,0.006724145098387904,0.023870427505309842,0.0002523685384403147,7.766006472872223e-11,0.0181527202321275,5.170853252984634e-21,0.03472685620517479,4.979759273320995e-15,7.489522154992489e-30,0.17778925515512295,2.0050681635227088e-10,4.624576090321691e-17,1.0888284488868191e-22,0.006396923023444545,3.818345499752599e-13,0.0009157018898528095,0.0007232015567337829,5.661797935107631e-13,0.0013887115548888256,3.1094352647447457e-20,6.543181182190837e-6,1.1604163279438991e-10,0.0012644656538973824,3.7776324590626986e-5,3.2828078903782335e-8,3.90580043132141e-17,1.5332767338872996e-5,1.8534992439395144e-7,3.127701903697711e-10,2.3705317001139703e-14
1.323376209219501e-18,1.2286264535554845e-9,1.4445627470548754e-6,0.008894069496820357,5.942363682675491e-44,0.0405313400295081,0.0018861618284178679,0.01622936202672775,6.358601746353355e-5,0.0037800470386876125,0.01737957239394359,2.5559770543539805e-9,0.0906661464390942,6.427023757062896e-26,2.283633573465239e-22,1.3758811538869106e-5,0.023533861111973628,0.017891984730740346,0.00015600263561490023,1.6435912338891424e-6,1.357568095258294e-9,0.10752417674353053,7.838656873287797e-11,3.727214015430964e-9,2.266376746525869e-8,2.820968688017095e-8,0.0004459944744449157,2.928018248986831e-12,0.04500603434661962,1.714835316683377e-18,0.023641329532680094,0.0007613697941141251,0.005570539353252198,6.212942562462939e-24,1.8381897896158674e-17,4.278788228328078e-6,5.382864406768558e-18,0.0013582600857968347,0.09555236222823123,1.5439473699592432e-15,0.09955697559074245,4.960128294770468e-10,0.03606004406070672,5.662439017889276e-6,0.026260249407852078,4.532345816063683e-5,3.471946726378127e-5,0.19053623253978375,5.510280138249571e-13,0.10385147877869493,0.004506760316294687,7.03860885883663e-21,0.0050124134295137825,2.007077032229483e-17,0.005505777197795005,1.49284578788424e-10,9.236384370810268e-9,2.7436468927973717e-8,0.025503930068291023,0.0022270100416158837
6.039392000171188e-33,4.431814126020843e-17,0.1405955262659734,4.491277989013934e-11,6.122518031807507e-52,3.645080510455501e-12,6.636041061112815e-29,2.425030398313615e-12,6.687295988615338e-35,5.3899955123348755e-25,0.01933463634505593,0.027129449584168686,0.0008070033558688263,3.781128835361594e-11,9.091597557747377e-35,3.024798274764529e-14,7.276344475548046e-23,6.304412333684548e-15,2.4282809479488245e-29,2.8603429217243447e-56,9.433316672561412e-26,6.039738044749226e-18,4.150699812236472e-60,4.1970218069288014e-26,0.0001483834396957642,1.0038485159925036e-19,7.953025245123103e-6,0.36944690304409217,1.2185895465456123e-24,5.1064526352420506e-23,0.009901579449120642,1.349113049748793e-14,1.1506629639431841e-7,1.1620255286642052e-19,2.19918436024014e-29,0.046884957248110266,1.2666244575247676e-22,0.0020123398062659153,0.2432547620456265,6.80577642994509e-28,6.91677398954526e-7,1.870976435475198e-14,0.03851331761690339,0.011975923257270137,8.970848138998797e-21,7.826596561289719e-16,1.454763383424246e-16,3.745150997157521e-15,8.070775047095806e-22,1.4034219300814258e-10,0.0899856028633383,4.130551169463041e-23,1.956353553552219e-27,8.05883471725893e-16,8.556803586356839e-7,8.101395950212176e-29,9.307385035925367e-26,2.418458979162403e-30,2.3821177979506597e-16,4.0343461283877444e-25
6.72437076312402e-11,0.00011257697571445556,6.632172375045097e-9,6.258831829773237e-7,1.0771860724245866e-38,1.498054738556353e-6,0.0028688047192060363,0.17583812946896787,9.719777397703613e-16,2.065465164000773e-34,0.11422557626006666,5.580479891705617e-9,0.09565223940053373,9.65966502544709e-34,1.238255449976741e-26,7.257861393714507e-18,5.445226822297912e-13,2.9163191326141137e-18,2.091607262162353e-13,4.565063414207158e-40,4.445434641710415e-6,0.12535201359800624,9.190299876929005e-33,7.616608430388838e-13,0.16663832100581058,6.514432299817187e-9,0.032747618424077043,2.8920641946040695e-5,6.641948591624194e-11,4.07973966165568e-18,2.7933992335913396e-8,3.827632575223821e-8,0.00322196122328032,6.150051479209233e-46,1.6329453441513818e-5,9.18772718351402e-13,0.0019618179575957777,0.00022088387086744373,7.627328056603119e-5,2.2044736066942677e-19,1.782307840254682e-5,2.1991695742950914e-9,0.1349550624517117,1.5121833385948705e-7,0.00872498660877935,3.808313016278857e-13,0.005526963493081259,0.02866964046617648,0.0057708803771128634,0.0018501962946882707,4.399161732618429e-8,2.042507466545905e-18,1.0282561119260585e-8,4.852523135042122e-13,0.05033851738584276,2.722498051729685e-6,1.1675555796252401e-17,2.151955061564501e-9,4.680664777964589e-7,0.04517440870902833
1.0833030507213304e-23,0.01695688660343544,0.2824336315277649,1.791662093584004e-8,4.01579456187487e-68,4.244900055071702e-8,8.467534899603373e-23,0.06013080444908687,0.0005902687015244818,4.393130435949155e-37,0.05995521752315003,0.020268712013076673,2.2081809266060507e-5,3.303757890379235e-37,7.79627472327196e-34,9.501055128004386e-22,0.012303856201157802,2.2901771786459085e-6,4.514730220089753e-19,5.649116792125563e-13,8.784730479941268e-18,7.757188188768321e-7,2.341988867017056e-56,1.1551122952991326e-15,0.02065106999098895,3.623820037071707e-17,0.050893442986347195,0.0009661485594795342,1.7209138654266244e-28,5.430272808971445e-7,9.882110831305183e-13,1.916486187853638e-16,0.0052136844823288415,2.932982364058715e-47,7.03147619562066e-27,1.9560400271166028e-5,0.002555541933536791,7.9583000734364495e-25,4.365397641820044e-6,4.995104736455712e-15,3.981570772352938e-6,2.116690694241012e-15,0.08791297950971967,0.24566591220264264,0.001363539234837814,1.1440607702079346e-30,5.591611066172688e-16,0.004134783181312593,0.010237167771684751,0.0951673734540412,1.0601824938243777e-10,2.99416478978781e-69,5.343639501945691e-16,3.561502871260424e-10,5.088001342104146e-12,1.628003865838564e-25,0.0069399117895624,2.1977742445212774e-29,1.0674945332694547e-8,0.015605398273705441
3.603917884917274e-10,6.735022541648338e-18,1.5159394672344921e-31,3.0296080785178012e-15,2.405054365717073e-22,2.9290729636566654e-7,2.0859638475866852e-8,1.8303479577351352e-9,1.2351016815185467e-5,2.934482176019719e-31,2.821989483938372e-11,2.0904254275060766e-8,2.5525538874138634e-21,9.19699382255906e-33,9.122261929268047e-13,9.087759551637779e-20,5.688108083167943e-13,0.12563370221975625,4.4814820571642777e-7,0.0220053121872028,0.034763721317391576,4.5610418073981167e-11,2.392788816423146e-24,1.6661785549862022e-14,1.1851711747057817e-27,1.2631110857823313e-5,8.413204409024292e-12,1.3048438261504854e-32,2.410935151778123e-7,7.217005845971568e-10,1.3259415054884372e-14,5.349620214230989e-7,1.009128309273934e-11,0.005786765171869747,1.9884104467810706e-6,4.3810035186973844e-26,0.019124804770308125,0.02200784969958512,8.659666125999356e-15,2.269183628174651e-5,0.020464031099071432,1.527422122210487e-14,5.300078583711017e-21,2.3245479057383632e-20,1.3419027847344876e-11,0.0776980178852233,0.08433612324147144,0.14173482392688985,6.4185636463547555e-6,2.730627198195806e-11,3.0078887617646436e-5,1.1471647228518783e-18,0.24004718730862654,0.1543908680890814,2.558723770136378e-7,1.1172555017187737e-12,0.016274955312851606,9.315751853848387e-5,4.201338103645453e-7,0.03555028249719232
2.605043628682266e-15,1.3087840641448748e-19,0.07346594838428545,7.067338853605391e-13,1.370267732626323e-28,1.3537715588651772e-7,2.546343911863813e-20,1.0874257122682808e-10,7.412993557027509e-23,1.4031573973501051e-33,1.276518733829007e-14,1.797010887718609e-27,1.3362866478470762e-9,1.9222384807476994e-32,6.212008896477106e-25,1.5453141450631345e-27,2.610067912754365e-22,0.18724992866935403,1.005913213733958e-20,7.557799035176958e-20,1.111619831929143e-14,1.0959354881964989e-6,0.09791804134343958,9.328805356275083e-12,8.955195441698284e-11,5.333872603264872e-9,2.3417866594438066e-19,2.4057630211477552e-8,6.35593875433783e-10,1.837304815410632e-18,9.049999474482819e-13,1.2634722162220375e-20,3.83627739728123e-18,3.9481507058228545e-24,4.456132760149355e-16,2.2575477529679883e-25,1.1562229408943881e-7,1.0183064084380443e-28,9.057205939712625e-15,4.9953627156957485e-17,4.934777950857345e-11,4.0689667940390456e-20,0.11423481326163004,4.973354499622312e-24,0.0926871243713702,4.8120066141623175e-24,8.110151398843754e-12,1.6636542584283261e-18,1.6921412459008033e-13,0.01973724373640061,0.4147048405370375,6.713619051583167e-18,5.065658755819547e-15,4.71503821614741e-16,2.2746946573626843e-12,7.268453306327509e-16,3.4306323995297184e-22,4.428309624817934e-19,1.560150780801202e-7,5.251139037509393e-7
0.0001288043115001105,0.005293841717635949,5.635603583995213e-8,0.23986001457041037,1.9064002399269145e-18,1.8765012530805793e-11,4.499721460596484e-9,1.736946014126254e-12,0.08877145133429996,1.2394184084002635e-18,1.0722507306666687e-13,0.001463781993958285,0.006602190430847119,1.2446287193470846e-24,0.037501459421373146,1.1060117618781717e-13,3.0591144448220516e-11,8.427255445146478e-13,4.934757171231952e-8,1.0514629680048922e-6,0.3766562665075768,0.03074642224116959,1.0397744849652431e-13,2.8699146368138454e-11,2.2835652374713835e-15,5.032984145408784e-6,9.007771809318378e-14,1.4510341567586056e-29,3.705442467839967e-14,5.189005106242049e-8,2.0264266730604545e-12,5.475676773735932e-7,7.076497425997514e-15,7.142496335635911e-11,2.6828470347515623e-6,2.6993966773755295e-16,6.965039429037247e-14,0.0004425521854697203,2.3023083343949643e-8,0.0018238172673877158,3.938144072963981e-11,6.7408086955678745e-9,7.500858234192677e-16,4.4349443694786234e-24,6.834062861609107e-8,2.2660383661503294e-17,0.009924182983103474,2.691092031603013e-7,5.0107628799051093e-14,2.862771114964065e-8,5.3499506207158064e-21,6.746468072802664e-12,4.0251184175795815e-6,1.719050754720062e-11,0.038234488400703044,1.736447326389931e-8,0.0519527066030131,0.11052008152304708,4.818200823464632e-6,5.920481016591973e-5
0.0194797444888573,4.0360528021881704e-11,7.338174873018637e-16,0.00026561532930881624,6.0020061998533254e-21,2.383787377334679e-11,8.094168733260871e-5,8.078018383913105e-13,1.4217001849498364e-8,6.049301206684971e-31,3.66293078955908e-15,8.31631683693315e-17,1.9718820599273053e-15,7.996185491928034e-23,1.7353389200941362e-11,2.4952035918163686e-9,2.296499242294258e-10,1.9320387442582696e-15,0.327644240889635,0.015494159548974786,5.245829964516049e-5,2.2140909987075298e-5,0.0002389613303994978,0.07030767179453788,6.230506115900708e-21,9.146341681533111e-5,4.4809052734685833e-13,1.41411875354874e-27,2.909372627380427e-13,0.00012139896016690035,3.984159070313487e-9,0.00011760989489721276,2.958287415102818e-8,1.784418719629435e-14,4.0451204128850636e-7,9.331538876161376e-10,0.007354153085439183,0.02767298876743215,7.342530073426173e-7,2.5929135607422476e-11,3.0936257125903837e-8,1.2538717842033664e-6,8.040258047727562e-17,9.221919557537835e-25,0.05748361270474513,1.1530641803850572e-12,2.6465472895379626e-5,0.0007769327098676918,1.850943430363277e-11,1.2101299388265473e-9,2.6872173234584666e-20,9.203233660207304e-14,0.06954122400903653,1.5012143464868748e-9,3.396438783732212e-6,0.018629631362448665,9.108112794224237e-10,1.228196703071631e-10,0.384592650758439,5.925143871129355e-8
1.9582875412716854e-19,1.0097031580111348e-19,6.951048202799852e-29,3.612680720319776e-38,1.8401744395756396e-9,6.520974747013126e-19,3.1220284362902e-20,3.135456766886778e-44,6.38611116039426e-28,0.15289478801546424,2.1053439821486807e-55,2.4343327643463777e-29,1.7451826265577248e-16,0.565950896911984,4.506955664706448e-18,2.473080877117382e-16,1.051643939454514e-17,0.28018189408318145,1.3072020653833741e-30,2.584921802084846e-24,1.0402062549117086e-22,6.545681470046155e-45,2.3913377028359083e-16,9.025990339387009e-26,3.860253462345515e-37,7.902373349452536e-38,2.8569901622752866e-42,1.252239817247265e-36,2.7050437291374003e-33,4.482877923703051e-18,7.295263823762566e-44,2.9923663164208736e-46,1.4146553162629851e-7,1.4502694773787271e-11,4.549859502927201e-17,2.414881941909693e-48,2.372512523151349e-19,1.1417510287383257e-14,2.1340635876242913e-43,9.126196890519194e-5,1.1684107688538062e-42,2.5736292302383687e-50,1.8059599562022846e-24,0.0008291699191712945,1.716262771536962e-21,3.240616084185686e-19,4.368220494604154e-22,2.7566311763789537e-29,5.184578107300644e-5,2.6817020403915985e-36,2.2629178548093473e-31,1.4828550312857637e-20,1.7797692603680876e-17,9.685951826854159e-21,2.788010358505315e-35,6.8705075916965e-21,1.0824700655865185e-23,1.340880694981014e-17,1.59488243388934e-21,2.5216507379122377e-38
2.6572501698445765e-8,2.2494345544137217e-14,2.3465846979467187e-19,4.8837362740184275e-11,1.6740953277527377e-22,2.483459104214844e-10,1.2194340100390103e-7,7.609227373996781e-16,4.562495893916882e-5,7.64539027063959e-23,1.8580258516403813e-21,6.831282827921955e-17,3.684403388004871e-25,3.1187451521766834e-18,0.05574426810052023,1.6351108988091631e-6,2.3032766566650954e-12,0.0013348927698816654,0.3414298233840403,0.01409608180554516,9.469026255560596e-6,2.335166990571603e-6,7.188386183064821e-17,0.015334021241127573,1.7188358315064768e-21,0.28410220584834656,2.834791734075412e-13,2.9412344279092715e-28,4.433765756952621e-13,4.49730683599633e-5,6.145578322678789e-12,0.12899855864812299,3.0158955745765623e-16,0.004281832466214988,1.1814022736887016e-8,6.389953713024743e-26,5.5239147538023784e-17,5.051062479096853e-12,1.3122474308748324e-7,6.248824967554452e-12,2.6662303051834165e-12,0.007070498936301933,7.852803284475682e-14,3.470421600726796e-28,0.0023248763618357424,8.838264021562068e-19,8.412403018284713e-6,2.2432631479521783e-10,1.0013300789802042e-9,9.4813169781509e-10,8.084164688936555e-38,0.011967866610552231,3.836574241091241e-12,0.00045544523732423867,6.07317999628087e-6,2.5754784536061185e-9,0.12801723370907714,0.004723572622046455,3.574445754961631e-13,2.7160474664457832e-9
9.3770831293622e-27,3.4799178178043397e-15,2.321997672931597e-6,2.793537242074526e-16,1.1492077359685095e-57,8.324009938875626e-15,5.0104111932840535e-18,1.5878277530660534e-6,0.010016469091412291,5.301341161932762e-59,1.1281765680460811e-5,0.0007612231681740119,0.018194428039521367,5.138342444015788e-57,2.1498618239526128e-23,2.323128375653095e-17,1.4355956329757333e-24,0.008715763281072979,1.7586890678855538e-28,3.603337320547828e-21,5.6015089657473846e-21,0.0020490564304061786,2.581571457298185e-50,3.195042382381604e-26,0.014066477005615844,4.975329330459049e-31,0.008114117756362367,0.06432012901790242,5.96749847491668e-8,6.929818598942876e-35,2.6814143814468185e-13,1.432675279002816e-22,0.007804844281034226,3.792638029982566e-44,8.120000674979175e-31,2.990925723686715e-17,3.980438064643549e-37,7.363099468975778e-31,9.973271586482748e-7,2.2912344069419202e-48,2.3786472811120753e-12,4.1911216422166187e-7,0.057288015314577084,0.3162615056260508,0.05847639775898336,6.75738412824015e-36,1.363036308179267e-7,4.897478202710688e-7,3.268639140275857e-39,0.0004967657749792586,0.3500281580584632,6.333526274396827e-64,7.903712116412555e-25,0.015144792600573852,2.7606291706064265e-11,0.03821402483150739,7.080404435548138e-8,5.869522204344033e-14,0.030030467371980406,1.4949926026217645e-13
4.131441438608432e-8,0.01596681271340989,2.8158700650235986e-28,3.626162859489531e-9,0.10141908179315749,4.644907407443394e-27,0.029027852369257066,1.868867535569884e-34,0.057026573587464456,2.058067969063974e-9,1.632020381962437e-10,1.0642820211409276e-40,1.4130300459633906e-38,1.1148472500889082e-14,4.355120661483567e-11,2.2410316869326455e-15,3.3649402108128616e-16,0.038427732767836134,2.104066909444441e-6,0.08937592652866659,0.0017548614507841987,3.24266623280796e-6,0.4407270002056332,5.207228991377632e-11,9.888415705894475e-38,6.0751859022980614e-15,8.8455598275373e-20,3.9024320886518894e-36,2.4016448066342136e-30,3.992387298018551e-15,0.01374085350086824,5.111035146549132e-21,2.1697712139407847e-5,0.07901521146975683,9.00939847170393e-15,2.3877519820318782e-36,0.06795890813333731,5.220004005521028e-7,3.2998836685219434e-16,0.004784712990248567,4.994292731912334e-29,5.2158049686792236e-24,5.703981613046999e-18,3.1293662959354193e-47,6.26811636668367e-13,0.04218652010944512,0.006198536663968364,0.005196414021494259,0.00019953341921351495,0.0025946418995682874,6.691559994984163e-40,3.807200890017325e-5,7.180838400956972e-10,3.808223213564678e-26,3.0399966139390207e-6,5.090423645371034e-13,0.004329639985326552,4.59962627958088e-7,8.978132387998439e-15,7.108252116148609e-15
0.05944608382856928,8.248567330334025e-21,1.5820656623572166e-21,2.9078687890543687e-10,1.5699917853210608e-20,5.189860473573566e-9,6.7089874695040975e-9,1.824003011087363e-17,4.460218674925876e-17,1.0945373521322536e-16,5.32709164241385e-24,1.4688193521370024e-9,8.458799801670793e-15,2.6278132594448184e-22,1.846899938411379e-14,0.2677030697429471,1.0978973711124939e-15,1.2058178110632344e-5,0.000381109159238453,3.7039053543783255e-15,0.030055930246657384,1.1415863435774966e-11,1.3845244779874992e-20,3.973564653581177e-5,4.732534619768766e-22,5.942946740455847e-11,2.340009159760196e-19,1.1016090597011456e-11,3.755679514566288e-8,0.0003326482255490655,3.374102217618879e-10,5.9519308854832e-8,0.14395993786149436,4.61469894677314e-30,0.00010423248927322267,4.42372574459803e-27,0.027104244969145895,0.02211016353175681,8.045771335052399e-5,6.121807216227568e-17,3.902054069386046e-11,8.73775284237626e-13,8.170373498104901e-18,5.339106373182363e-30,0.050285758830230544,0.0013276006725019358,3.6592405645557314e-9,2.4252096982663163e-9,4.739128870081135e-13,1.9189961229237628e-10,4.142496363868819e-20,1.4836938745664662e-30,7.175589079959923e-8,2.009563462638095e-8,1.1866811893196528e-9,0.00011782693775004758,0.007199510221121434,0.0868028515279304,1.8059018211957446e-9,0.30293656790314877
6.495483863999342e-5,2.4331998780267167e-6,4.105640912774988e-20,1.7456257472307487e-13,7.152135390432117e-24,6.938258208127973e-12,5.828649786262419e-12,5.272613606018677e-14,3.931839897650767e-11,6.349549033986124e-17,4.466360644056706e-16,3.845210153897587e-14,1.14357350225012e-14,4.890857623941133e-14,2.824174437861873e-15,2.387225563407758e-6,9.656690743028468e-15,3.4509602587899148e-9,6.607661435997324e-11,3.502459187104334e-8,1.2155757036226069e-12,5.125919232182714e-10,6.174224607223992e-14,2.411359091040293e-10,6.147399779047924e-21,2.202283631696158e-11,1.3715822412084977e-16,6.148450647741412e-24,5.198848229330127e-9,8.332701403331338e-9,5.98075576885047e-15,1.4222007466829148e-13,0.48904694699645684,1.3891432996030188e-23,0.12370571725306449,7.242381636400417e-23,0.0004018523796345894,6.170612670764235e-13,3.758649693553628e-15,1.2436514372247482e-11,8.329434641310423e-15,9.617372663073228e-15,2.036781707360152e-16,6.90790317077814e-21,3.8368084720743966e-11,0.08012342576329343,1.3050763110068326e-5,5.270995799033534e-12,0.15114393217869937,2.449938960687215e-8,6.122709787690884e-18,2.2701866275582565e-19,4.11374553496738e-11,3.1949958402850827e-7,1.5344917985848788e-12,5.945000532076445e-9,7.983471419616848e-11,0.1554948888930006,7.316968986563164e-9,1.6571590377031811e-10
4.3022356858777526e-13,1.7691935481579892e-12,0.11498324498474695,0.16840062693351315,6.492935135724434e-49,7.473725702469971e-10,0.0006149063342381385,0.00013800362104257087,5.3483385042490486e-11,1.9834574548034808e-34,1.1915778368831905e-9,2.456024702848369e-11,7.258088912847761e-10,8.781872167173233e-18,5.222503869692956e-16,0.007529595563664939,0.030088158495097946,4.678881992462209e-5,2.0147287071665232e-11,9.439682355992333e-18,0.003513570186033701,0.03437881518393332,4.5907316861531674e-35,8.202287452899186e-9,2.843013294348131e-6,2.88805974334092e-8,4.027290078388937e-6,2.7003328523377257e-7,1.4154740696330281e-8,1.77332480330534e-9,1.6603326865594948e-5,1.4417121311167846e-6,6.551804048082e-5,3.291612583165003e-12,0.008311409548945312,3.6561656654549276e-7,9.963458638794602e-16,3.8621723304234e-15,0.0016859947019729825,2.0768174749742284e-27,8.748020429787565e-5,2.5679960355076645e-6,0.000525233407156426,6.440531521445088e-15,0.012827456081565245,1.9901909264030416e-7,2.5459902181691786e-13,0.009582710811557446,4.840057589919179e-12,0.20313518569497369,1.228393299076763e-19,1.354826220984669e-7,2.483161486758865e-8,3.0986348229784255e-10,0.4037675900807669,2.0926671121066766e-20,1.8805065930302165e-10,0.0002854842462756808,3.123936356889394e-6,5.685194567478135e-7
0.009879466091695871,0.016614631197316647,8.140325696776999e-38,2.6797917183664057e-16,0.10535870772198125,2.948307940513059e-11,0.0027708983387307934,1.4820921529943168e-28,0.00012901703997247692,2.101317098099348e-17,6.416761527830952e-38,1.5289143704756322e-48,8.052440327340426e-7,3.384295900903538e-16,7.008992468529445e-6,2.9336608766779748e-24,1.1020207074130563e-16,0.04939828691430565,0.11820618031103536,0.22333726153630354,3.971325591766255e-6,3.580984663063063e-21,0.2602369254019952,0.015718996171358107,3.0155255195582134e-37,1.965273681566664e-6,6.681347452749153e-25,7.381175524901075e-31,1.9391837348821772e-16,8.555879986598766e-13,1.9656332220672648e-19,0.00011589057818527858,6.321652259316771e-8,0.0023115078066890007,3.215709268245273e-5,1.05823015724056e-43,0.09676701720422091,0.00010583808170755584,2.1785777425439084e-17,1.2168023218538707e-9,1.7491555648064484e-16,2.4315722151920846e-11,8.264270048375633e-37,4.631509524235818e-17,2.108883865130744e-17,1.8940283446260885e-22,0.0006100166987298157,9.415562615482662e-13,6.953641418241951e-10,3.329866646273135e-24,8.315397147396159e-39,0.09824371517509117,2.501988021851345e-8,2.610477389302076e-22,2.497699673634865e-15,3.796701542373122e-10,5.5736423397112195e-6,0.00014366890597515024,4.0267006837535664e-7,1.8083226658806024e-15
0.02526714964374704,4.590580654077846e-10,1.1299979779103697e-16,0.009831658910856982,2.463737817064633e-25,5.791737950814673e-8,0.007913721547195777,5.998650014905515e-20,6.052897142177467e-10,8.618734923540999e-27,1.9458598626495005e-22,2.2213579796927358e-14,2.7514167336638505e-23,1.1218249515451083e-19,0.0014752804843303875,2.779429113565604e-10,3.387923972880725e-8,3.0568065503760177e-8,3.110206946929177e-7,1.1405214338840014e-9,0.00019647800737661542,3.9421293359763835e-6,5.668616370024917e-13,9.982175934768743e-9,8.156960946341272e-21,0.12730710860037608,4.344653596525661e-13,1.6590487764695623e-11,9.811376468797121e-17,1.304914533284574e-8,4.148729781526515e-10,0.5721460729004777,3.0331741189434773e-5,7.1483649486111955e-31,1.2657173351262016e-9,2.7463103366310807e-27,3.736347026335121e-15,2.1703452530427282e-7,5.8641882277193486e-5,2.74191139751057e-14,3.320405481108929e-13,6.325686112326333e-14,2.5457919133063094e-14,1.804601190479705e-34,4.820220999495834e-5,2.4366843825145493e-13,0.0004813694040787547,1.1693007351016988e-5,4.640426617170143e-5,1.1429347320914274e-12,7.721048514238858e-22,1.5552236348468659e-19,2.1692199829201855e-8,0.0031675444695742215,1.2780646610072358e-9,0.10759707839759881,0.14439842068813857,5.439995794090948e-8,1.8144063600211114e-5,2.6420249213618817e-9
0.0001653399106345745,1.9830793649035845e-14,2.3762504449756094e-22,3.095606296721636e-8,7.274315737742387e-11,6.772461636765269e-16,0.6438569431880294,5.090059356418235e-30,1.8764979194538318e-5,1.3520395193945542e-15,6.981361290192689e-33,1.4314833787254795e-34,3.0434293258316286e-24,7.936576056523138e-15,5.428449757871248e-8,0.0010089734105348201,1.9944641651743104e-16,2.221118140374587e-8,6.638951970685258e-14,0.13330025066651677,1.6598881129783714e-6,6.522107477182118e-15,7.117182430606109e-6,0.03824086760923004,1.6600417594875626e-38,5.7012774302553376e-8,3.6145306884241867e-19,1.148959538792721e-17,3.40372898285241e-18,1.098964464813328e-9,0.0025836286155396207,3.625112171967333e-8,6.96591094222941e-8,0.02639218768757589,1.3013467814573668e-10,5.612910380861928e-30,0.05807748991683713,2.812909713063626e-21,1.5257543479372632e-21,6.312751288447079e-9,4.2833965489224593e-16,5.997677645812147e-13,2.092841268578672e-31,2.831795759327163e-29,7.437109068809436e-15,3.2628526810954236e-12,0.0963363139934809,1.532617032448199e-16,2.59754504899511e-8,2.1399758474911114e-24,1.0203095793382087e-25,1.4410827674787463e-9,2.3397697868014775e-13,1.744356211262777e-10,1.4609103615063993e-6,8.164203182835709e-7,5.019653676826398e-7,7.377548665141488e-6,3.047215527086356e-10,2.179310226758573e-10
7.319209611085479e-9,5.872066159968335e-14,0.0001322611105231639,0.1404219372275657,4.616027111122946e-17,0.40540834707444273,0.007197568248636881,1.4300960637167608e-16,0.07188200005339276,6.102970008455756e-26,5.071438917556407e-8,2.1046464254724097e-21,8.186022095125012e-13,8.838860584297844e-10,1.5193334278141356e-15,2.6691415137213026e-13,2.3071601647803546e-14,6.935226583577813e-11,0.00024652868135917447,5.761381101205248e-5,0.059828533418539574,6.085624050740946e-9,2.4378414149607552e-20,2.4259341981667517e-9,2.210434488252264e-12,0.0005544140500378318,0.00015528360647059443,2.113335848139705e-9,2.3814776099521586e-11,2.546855886054211e-7,8.32030211885563e-9,1.592560079516478e-9,0.01830150542423534,2.259469179861398e-24,8.653418344903115e-5,6.45895753421303e-22,2.0908591482511444e-19,8.510715178089716e-10,1.4982527520592324e-12,2.162681982177769e-16,8.103448091099381e-9,4.665813216184318e-12,2.7220176854548662e-12,1.7445658896384547e-25,1.3701514765152677e-7,0.00011145912080339041,0.26798308726773684,0.02452978754242855,0.00014729910475755212,2.0314889289896517e-12,6.8531178528052285e-22,1.1323257383186132e-27,2.3581646589835637e-8,0.002619565165065132,0.00017771647132167187,0.00013579743286982332,7.112644547084372e-8,2.072713946030799e-5,1.3776518151035536e-6,8.128802348392752e-8
1.1926916053757093e-8,0.01310928168732631,6.009132480435903e-22,2.0968403453826e-9,8.94110166103202e-20,7.904360318327179e-14,1.2258281537212606e-7,2.191059548436075e-12,0.00841545680050893,5.537321516239166e-25,1.4671374876578379e-18,8.872110400750557e-21,5.2195601346401677e-14,1.1604618628143933e-32,7.097595486220852e-14,1.0322428263102311e-12,4.586971458912176e-14,6.008454937036811e-18,4.966148060205159e-6,0.0002787431731245763,0.0002817766717582038,1.909289863707226e-5,0.048618305415470874,7.388378213268059e-5,1.3650839943474053e-10,1.9394241821685118e-9,5.167376317480881e-10,4.6461913201887625e-19,2.207168075612404e-16,6.648970139062113e-13,2.3653950624005973e-13,0.020222411570930892,5.6474200044976866e-14,6.830976995820455e-9,1.2008168203068913e-12,1.38489100650775e-18,6.067435638628262e-8,9.683770830025881e-18,1.2486143999086851e-6,9.07508787081723e-19,3.1843241857681326e-8,0.5403700157819253,2.686644360019212e-18,4.643185249186732e-27,1.829292395553159e-12,1.329176334287811e-6,2.0890489981413066e-10,0.08477812369991834,0.0014906433616758796,1.7963769781115854e-8,7.379761267156902e-15,1.105908161386375e-16,0.09155333125182155,0.024353377471732433,1.2763589542576774e-11,0.06442063713692456,2.062215327659724e-9,0.1020070428509854,7.103934421687349e-8,2.664050474711946e-9
60,200
7.09122219582805e-224,2.0787302227394396e-152,4.619883487694365e-114,1.6222718231109663e-92,1.2113603750919117e-170,5.670044703057115e-164,2.9473634092077006e-126,7.189935466940044e-143,1.8421583995565144e-140,2.952113174666826e-67,1.3569644605391866e-98,1.1342220733588766e-88,1.6742830755937327e-47,6.26981712284284e-93,1.28401298696099e-97,4.0267180054791443e-78,2.38465727176622e-93,3.772293981952805e-94,1.0056021191915682e-83,1.5046271290579779e-93,7.81892720721272e-56,1.1739061532579346e-122,2.336186676807876e-121,3.065766659621921e-52,1.8525804413338855e-82,7.044607579264422e-74,7.65123872751945e-103,7.514543490329972e-103,3.425492060428275e-53,3.769876400915834e-79,2.3074305714563483e-66,9.26304879085253e-55,1.513011327522952e-51,5.922267961035623e-18,1.8476783164132454e-44,8.736440400444809e-73,9.598616297788996e-47,3.4296803873116366e-58,7.211604607536565e-38,9.502627289727392e-27,1.3488898518023244e-63,6.819233406614934e-43,3.1073480729799865e-11,3.171287210031374e-54,9.595240382774558e-25,0.003454373953041321,3.533382995489154e-14,7.614237531516454e-39,1.7788475746373747e-57,9.653956834157996e-59,9.008846201010511e-54,7.24884562369097e-43,1.0294189607441719e-44,1.3162191524664302e-19,1.6484495728097552e-44,1.2346948994050875e-21,5.162327714768105e-40,2.9133594886148397e-15,0.005804898040959749,4.140671829405028e-25,9.860781110618823e-9,1.5583732744226233e-29,1.2955106633029407e-20,1.506563190143468e-12,0.002496368996860671,1.54288568095881e-22,1.123211945609413e-5,8.876194383625833e-27,3.878590490930962e-30,2.3831069903819662e-14,3.448122618247552e-14,6.98743493315738e-28,2.8565717590941986e-18,2.6812081889941054e-14,0.021029247163716853,0.0022955660926783287,3.0129970928264507e-15,2.8525344791994356e-18,1.3319585048716882e-19,6.184350643687479e-11,2.477593259053899e-6,0.0005226988617317778,0.00808581971862389,1.3833266901536292e-14,0.0060415523782952375,1.278039717443379e-10,0.04079166822953167,0.03131192547171977,3.2753198169223145e-14,0.005298015785338664,0.028732241067794078,0.019119877806820184,0.017694315282424128,0.028082544468241093,0.0001272880220690218,0.001795000110904864,1.627108001039676e-5,0.009794929633079754,0.006418450748142087,0.0008850590607959297,0.019561301655437707,4.5823102643362014e-8,0.018149091637860888,6.308896124426018e-8,0.02755639832756045,0.0024347811779867716,0.017373724227343207,0.05158245902156679,0.0003163933339877638,0.006756076012467744,0.05198464217739232,0.061687232719682884,0.039370795959989664,0.017736504469649517,0.056369450109235254,0.0654350770604918,7.576324210341366e-5,0.01815446523567209,0.049618328849075626,0.013240552459441024,0.00915417480088362,0.012580156646032329,0.020118061447358566,0.02507407359787329,0.030431896376946863,1.9625785793494307e-11,0.0304308238188602,0.0035353509486184525,4.221287639504794e-5,0.03603979796708257,0.024438635261563566,0.016238384793099032,4.548811218254126e-20,4.059046997672909e-14,1.1010870326131729e-16,0.01366792506189212,9.295431992501546e-20,1.699299137751707e-10,5.247118255205783e-12,1.4524364117653333e-7,6.419605833513585e-26,4.262561755366563e-11,8.220162998366861e-39,1.2503991409022249e-14,2.15636653131845e-34,0.0013499657074491362,5.583188521249987e-40,3.528079910769761e-8,9.546930592469426e-25,3.4236167712066753e-48,8.107712165531188e-10,0.003917978462020634,1.149099893441286e-40,3.742366127839428e-46,0.001467830832181624,5.160206198137796e-34,5.287028372952408e-40,0.002505100872431792,1.6342550930071646e-13,1.1099361141831059e-48,1.0630505553378085e-31,1.9777341945713416e-15,1.8018845569487994e-38,4.399090780777187e-18,0.001290952071070978,6.476357046225664e-64,3.099929585516994e-20,1.729096674024682e-36,4.689586865664666e-37,1.2068282699913762e-92,7.611524891589576e-45,3.3520634381206727e-51,3.958862941687789e-88,6.766785838840219e-79,1.1541948038003373e-65,1.7499258560039738e-26,3.9937754644289166e-69,1.7592647028946632e-62,0.005095262479376698,3.043779388493098e-26,4.653908132099435e-67,5.661470828116017e-50,9.439337309290993e-57,3.269871278048022e-47,5.794086339189168e-51,4.013827214627392e-12,2.445104107519704e-37,1.3116874935679873e-16,9.417670601359457e-38,2.7413421511251387e-46,2.4621819014614174e-39,1.262698909322004e-118,1.3813407741176087e-78,0.0023724542008929823,1.913078992849551e-70,1.6441160502090948e-33,0.003033801843413023,4.213293935650795e-60,1.9457035990516503e-129,6.289607506564667e-115
4.695810397875909e-127,8.042889414766567e-42,3.4194695173006784e-115,1.126969867832735e-140,1.2928814237188324e-138,2.074018973203777e-19,1.4629313942419214e-80,9.083314219045971e-146,0.004598941211561219,1.2415053002254802e-167,0.002806435043500151,3.4206787539134704e-184,4.371507935099696e-86,1.391500212108192e-35,1.5693804153846078e-69,3.4856465706119016e-43,1.3565406529306285e-76,1.0941935936531939e-34,6.484080073008189e-48,6.59200360205816e-32,4.070837632901189e-23,0.001885188226279567,1.7877515376271051e-62,6.4936387006040965e-12,2.548277682980301e-60,0.002437848676935017,1.4544094881435058e-92,0.008215134570532483,2.4353875179063152e-79,0.0046692800845503975,7.07688660131095e-47,0.007955005769649663,1.430286634068542e-29,0.013858525101349384,7.172231639505038e-51,0.0051442255166807655,6.285448007757341e-53,1.1200863665909375e-51,1.2635359604567837e-114,4.82931294742853e-75,1.254458776549075e-34,9.056388709696414e-22,2.699233118748821e-92,0.004093124655693798,1.6318016772417124e-84,8.660569748180572e-133,8.641165528094303e-28,0.00046079483289362456,1.3586749238753987e-31,2.4791863204123777e-33,2.0948199553556605e-18,1.3544928681458489e-36,4.273974399842518e-42,1.1949404106216812e-13,0.01235365870985948,0.00834417969643741,0.005617948891069195,0.006175444929718434,8.478023699795323e-35,4.405793704927218e-21,5.377040971831661e-38,2.88469134651361e-50,0.0029882505828337136,0.005079797257101337,0.01047785858456432,2.1078773460114914e-20,6.961878572079811e-45,1.2409564610953023e-14,1.2610605021763334e-11,2.8588900600993335e-71,7.341914712008989e-31,0.007340961589644417,1.637224549404639e-66,1.9847782036726744e-40,0.014824518924870696,1.46831256842761e-40,2.257784591801506e-33,5.487141610645388e-60,3.117756187663446e-37,0.0037011793075435655,0.009549062471896817,7.123156067755532e-61,1.1996756126771744e-84,7.970002069371733e-26,0.010203452160600446,9.814257199829269e-60,1.4607037792301607e-80,5.238385320128397e-16,3.27503365392662e-15,0.009552385959235788,0.029105070576549257,0.009652720102544442,4.222427002883407e-29,0.026903813808934692,1.810498900167717e-52,2.634104020923452e-30,0.0014135265097742645,4.077732986879763e-69,5.310921188096851e-37,4.158864841549533e-43,0.005413834858414104,9.974072527158082e-46,2.062074758623605e-35,0.012777279784894145,0.013702969966815214,0.0061630756414317546,3.937579532234758e-50,2.6361274567423257e-39,1.9727742397973478e-22,7.542369897057701e-56,7.664627725295249e-30,4.860352560340348e-43,0.004232167235887518,2.8017433350668756e-27,5.374250043147744e-69,1.5093981448387871e-50,2.1257836406682193e-28,1.147660057213374e-5,6.178389227020707e-50,0.0005867565062543563,8.450499979979707e-63,8.948776668828865e-63,9.44129507725152e-37,0.010866212032493156,5.050142263364719e-21,1.2368437801275738e-30,0.0023726063179991563,6.22605119227232e-46,0.005721208493373856,0.014947088501190448,0.013540263917142527,4.339050799934539e-11,0.006924984422198297,0.008477190515051782,7.068838403586158e-27,0.01289869190336209,0.02388161457029233,2.529332120001728e-35,3.401729952615892e-10,0.005533403292345867,4.930158697198887e-44,0.017543317786533764,0.020497728996483736,3.3551930036700645e-31,1.1730877622998496e-54,0.005097865404033798,0.009033201134118353,9.410866356656823e-19,7.265339725032895e-28,0.01630722228847411,8.40759333973532e-37,1.2762110293890646e-49,0.0035374773793087726,1.014320258027236e-52,1.0132260965664354e-24,0.009488958854376131,3.9661772668030685e-28,0.0031985996069159345,0.011788234518556217,2.5811754430145707e-19,3.6042361947479805e-28,0.02242509608313769,0.01379442351706437,0.004653369482555893,0.011730638632934776,0.020378929288845566,0.01665796249930795,0.002214287148150923,0.02941667566492292,0.013631596462689395,0.07366214757504455,0.02342412777260503,0.016249479731146377,0.0005882679376494755,1.9257514100875447e-13,0.008122024629295727,0.028594795784029632,0.0355936048292617,0.004536145158210167,0.0018529354251197608,0.04177146560268126,1.323267583320979e-5,0.01623372106753076,0.001013599801530433,0.022902027954408818,0.005863039232830534,0.0199217343338164,0.030419364618318984,2.8870635333370546e-9,4.370429833435345e-19,0.0018594915468336426,3.982479112225814e-15,4.348617528820037e-22,0.002806538285141372,3.128650976432855e-21,0.032869851823002345,3.1560870524795074e-19,3.2282479869650505e-6,0.02284442961672591,1.583809128297119e-30
8.547182891460305e-31,5.929582947418575e-19,3.425104828077401e-6,2.8608986753371735e-14,0.006594187050593309,2.1994023584963408e-13,0.0007548996524329841,0.0005154268622295823,3.3717687700643306e-15,8.628708108088324e-6,4.507344626093162e-11,1.5044485813033785e-13,4.241003370842572e-7,0.0003039705902440347,0.0026808841705206117,8.155549470841962e-18,1.9588701242487812e-6,0.015463353524821859,1.9064456434281208e-8,0.057230247797197896,0.03414126715620457,0.008303054088840087,6.964306577019037e-9,0.1288533195102862,0.026872093616442834,0.03359370411011109,0.07997115579757176,2.0866122243197528e-6,0.02603545512635238,0.025450038851098283,0.06973323743992486,0.06317588863928289,0.030460820833633453,0.06280873364247676,7.668728405375117e-6,0.014702285422245052,0.04765871804787475,0.04288435765507742,2.3477954858718612e-5,0.0008678866441648332,0.0039805978005320155,0.0011350302245782967,0.0025136229944380537,1.2149334290324772e-6,0.0005497988285532363,0.01675106097161157,0.02498335285423158,0.062064827920395624,0.006784367053230971,0.012671036704420808,0.05807884635459001,1.013775399238588e-6,0.009517782090632209,0.0033139635851132387,0.018301450429180705,1.1033537952376886e-27,6.325220389474016e-12,1.3882073833242053e-5,1.1144149986081278e-12,1.7182431522132084e-11,1.835177378841634e-13,5.964252870728961e-6,3.5145712098997566e-23,8.97926769430621e-6,1.8691520826615437e-19,3.779443142879885e-12,2.8136471533598135e-22,1.4033570915856062e-8,9.954517648653242e-18,8.541454168554583e-18,2.5019188513983045e-10,3.974903163060016e-11,1.315672387514928e-27,6.742238119163131e-7,1.3545912819058358e-19,1.3000952836264101e-19,1.3444739920255876e-23,2.3061654652569165e-20,7.399255718807701e-25,5.929511702927422e-11,9.9985576282734e-24,1.6338314175014546e-11,4.131952546008909e-11,2.932325705322451e-17,5.312957598359492e-13,1.1468343678753206e-26,4.324618015041586e-15,1.4494571446266846e-16,8.841048355564947e-14,4.0473213676057515e-23,4.927452119034028e-12,2.8604338282837097e-20,1.0507915265980782e-51,1.5527187940890154e-26,2.945368835301621e-30,7.2670192317220785e-31,1.909083181434539e-24,3.8056354301933685e-35,9.128743517392029e-49,9.083154798431483e-32,2.1029704627451596e-22,2.0278529948493933e-15,1.1469144232630933e-34,1.159043637395722e-41,6.451047492381622e-43,3.9465986998412376e-28,1.0041519698187396e-37,9.626564321168314e-59,3.185284767828312e-36,7.261939851317019e-52,2.9991499594148576e-51,1.8281392072974545e-69,1.208804871662509e-29,2.440217502399991e-59,4.115842423887881e-83,2.8688032430587777e-40,4.79415274720854e-42,1.14550395372535e-64,9.48462692425599e-43,1.4607868925701524e-52,1.6741063231389065e-61,8.28676449288883e-68,3.5737582663712134e-60,1.4115953657745339e-85,3.1800314242173225e-47,3.3742474486088464e-27,2.013018384723497e-79,4.6294708136565275e-81,1.1123454901664962e-81,3.908052051047081e-58,9.08252840454991e-53,1.8727443869264747e-76,1.5510887434335205e-51,4.1420015278788294e-61,3.528932576177112e-76,1.8717887547826954e-49,1.5177514786555455e-51,1.2642470026057281e-115,1.7197921576842614e-102,2.330795155551253e-23,7.618814913046959e-108,2.1719963467509356e-95,8.354870984939773e-109,1.2374920731393807e-59,1.553750736968495e-135,1.0785263455905124e-139,0.0002198367436340786,1.1857641317693457e-111,4.2141735334744053e-48,2.33188914840441e-96,1.7575825341552836e-88,1.971231948817733e-63,3.686457855594783e-43,1.827159725051781e-80,1.0141997633467166e-62,3.7926526993367413e-106,3.729169808033299e-103,1.7944621225247687e-129,6.700150948296324e-35,1.0969397675201504e-79,5.695958947363249e-98,2.5492371505417343e-39,4.212339202875981e-51,6.046331581224285e-11,2.2796255532562094e-74,7.749013946707943e-61,3.6192003018724254e-62,3.5163220226152e-50,5.57694875300408e-46,4.829422804867392e-67,8.55364272591307e-88,9.325219794303451e-123,4.3475837196679514e-57,5.515790132690236e-109,3.364630397093132e-107,1.8307020642777406e-60,1.9637348967772227e-101,8.002591677423816e-66,1.191752531499543e-93,1.700320678765651e-97,3.376238336158678e-114,1.800478566823967e-94,5.883137620375641e-100,5.111791354217501e-68,1.0225066402455661e-98,2.296959236015135e-35,1.7888341227554675e-67,1.8542840035229156e-40,1.3631602897042476e-91,4.0223889025234945e-108,4.0291893598966536e-88,1.6709360129429008e-109,4.189110625416081e-94,1.0911439044831298e-97,1.0105305821545362e-84,9.977239073345762e-95,3.437148030724284e-140,2.6064812822739574e-146,7.291543870937475e-163,1.4541836556101836e-230
3.2965637757924194e-137,5.445404230808444e-51,1.3075884766903912e-24,3.794866270438851e-21,6.575682216281192e-59,4.8002001966041983e-54,1.782709920199554e-45,8.937112256681337e-25,1.1474241274930208e-31,3.5863704636936965e-43,1.609533379840642e-43,2.6104664267949934e-46,9.233468654967931e-11,2.0810528226593718e-30,4.170850967267912e-26,1.5723022096296548e-23,2.78375458183619e-25,2.2488071901472276e-27,2.2224947359007862e-29,7.1199391879046055e-19,3.226458238390097e-10,6.480699709664077e-32,5.3024973938425805e-33,0.0007271529318067119,0.013925669180926963,4.0971893301323446e-13,1.522548074954572e-16,1.3192976629815689e-13,0.019229221273434332,7.246698320832373e-10,0.0061007728763385755,0.02019395751647085,7.81516182309632e-5,1.1591604730464419e-8,0.005686616013472205,0.011506176556804653,0.014117338841074944,0.029587181472288265,0.0327007947298388,0.013699845463956833,0.0038605216994472193,0.022440873220907355,0.013187443854311883,0.011587224452781758,0.010810069367719782,0.022808088724465783,0.004007726229607701,6.068357900784143e-8,0.017574201959564783,0.02615543647610522,0.027750489818362648,0.09023514745980489,0.013254145522741227,0.023493195535995878,0.05933714054420895,0.042953253932290346,0.028415795433848617,0.028261904159993998,0.030764582821920572,1.4040718394393036e-7,0.03994959437119378,0.006443444018868693,0.011129018442077625,0.050482409875966104,0.04064669178110336,1.2386946358815206e-7,3.87508120908258e-7,0.031129801042893833,0.00010729294162462844,2.737509808006481e-5,0.02548343926141334,0.019737877597325808,0.0012880096471615764,2.8464733298116006e-5,0.011534914149984574,0.035426823517885044,0.004435999522044874,5.0771981336672604e-8,1.9683980436669117e-16,0.004059874306450082,2.2654693016545964e-16,0.031271794651073936,0.015462427086431765,0.01394757071924834,0.00029281404526182626,6.808410872917323e-11,2.2519162216956334e-12,5.422631346664031e-24,2.0575769054059145e-9,2.582429282277791e-13,1.790725774133441e-20,1.3991354168267324e-7,0.008032568786207063,2.4138244788394006e-20,8.150663606923718e-18,2.252936595941919e-19,1.6469480417419848e-12,2.862673748903565e-16,2.1013381528849292e-19,1.5460047402101194e-9,1.4701009873064602e-18,8.190522021852888e-16,1.0959634423415273e-16,2.515089700968486e-22,2.7251862489933076e-21,4.3469394103978184e-38,2.5585847343688564e-36,3.8230771953616174e-33,3.301141525195597e-13,2.283787442153076e-36,5.096235929648288e-32,1.102699221126153e-25,2.34457877961588e-19,2.345509461755362e-52,5.5878344085031186e-64,1.3356182832121615e-28,0.0003089350404612321,9.934481125499177e-46,5.368368430331302e-27,1.1523523517927001e-35,1.0107978497858217e-44,5.4954878602526316e-65,2.849640436407115e-25,6.234334800465072e-67,2.1616355849092766e-50,1.2909380634915685e-19,1.3691164677350527e-79,8.523030694768264e-55,1.3481032426243675e-48,1.008144243458673e-47,2.6832829186172475e-28,3.811862900150128e-46,1.2257864937517897e-43,2.868916844353025e-45,1.6175187485172865e-17,1.3263134174516137e-22,1.041316706101708e-52,7.168321712096834e-82,1.958440069803321e-82,6.640204844208813e-29,2.909390757918714e-71,5.978996802502349e-55,2.2934942767557685e-26,3.1953856569125846e-80,1.3031970411024611e-54,2.7179364343893955e-98,2.146858377603305e-91,4.896172661957322e-102,1.7902923368714654e-97,2.847241094523069e-168,2.2430364367955535e-77,0.0015255475253600937,5.0128196836965744e-80,1.801349294866792e-43,8.766237938453368e-58,6.183573158693031e-40,1.352276626713054e-116,1.0111900494359202e-123,3.5855389568022864e-91,8.217173981405626e-17,3.4946991447406047e-144,0.0013415467701127402,4.447034829832502e-75,6.124826328950638e-61,1.8034478418736054e-74,1.341130261657046e-49,9.065809392378853e-59,4.786882275049654e-65,1.7619608944790442e-45,8.444972090275386e-124,2.6338648842198034e-129,9.787205627175455e-138,1.2550975701674533e-60,2.041481673912958e-169,2.22543627040268e-112,0.0014547258179268261,3.4135920577141774e-119,1.1463482114649155e-58,7.296837644233977e-134,1.0364752055056637e-167,4.720253271916562e-117,2.6473672410691576e-168,1.740693049144143e-76,4.283661330803358e-44,1.4901042902452117e-52,3.2580948132546157e-66,1.6816095697806556e-35,1.809407875387046e-32,1.708813139584637e-80,5.955167214570888e-105,1.8920748478736888e-117,7.731894123868938e-58,8.970524716500267e-20,3.6731919919776352e-149,2.0003420747721383e-144,2.6431847893576065e-143,7.0894207363047934e-189,1.9621181335492828e-200,1.5516001895365596e-222,1.0801517929858079e-250
5.869943938997289e-251,1.7339045442889074e-112,4.632026002851338e-133,1.465557444486103e-53,5.069661295772709e-258,6.43904824294208e-230,2.631874192238394e-46,2.403076283061793e-269,0.002561706139508854,4.3372056484325663e-120,1.8692688077861355e-182,1.875202235649593e-189,4.590930583273158e-111,1.721348335736128e-111,1.7455412927918853e-190,8.77147695730218e-121,8.732542055079561e-189,2.507227060156312e-141,4.7415743917907015e-92,9.229031765808038e-142,8.519730419283969e-105,4.332307102393079e-84,2.469837802462892e-55,1.5004199352324281e-64,6.404120417648911e-55,9.200131470049416e-77,3.120554012605791e-96,1.8148800014628654e-94,3.687789681237314e-108,1.9813997937727607e-114,1.941405552794343e-156,2.3594095838797904e-37,2.264704105897659e-80,9.65649349318131e-23,5.714467887289789e-67,3.3817869277103315e-87,7.0928515165505355e-96,1.409202525582177e-97,2.4960039190590327e-65,1.166486754411332e-42,1.694344722959558e-72,6.993000106549412e-67,1.0253390755684808e-38,4.4299292098882343e-57,3.655762264783977e-82,4.132487520504471e-145,4.6527106973185334e-123,4.1855018930816504e-88,5.1004644918031655e-43,7.510663855568807e-87,5.673179822679238e-47,1.8354821200565266e-103,2.463496608928984e-116,7.144149011305874e-63,4.4935056696403166e-122,3.4924478990782807e-93,1.8518657600446737e-59,4.0269672601403044e-54,2.9765714811517077e-118,2.4592139380687708e-76,6.7513431337814686e-87,1.4683149690191858e-34,0.0013730658365389736,1.0681894081394353e-28,6.645980573202454e-29,1.8639737224834718e-77,1.1833897396895667e-54,2.3474908723223594e-37,3.040430231572663e-75,4.495249241408232e-58,1.4245182499043353e-93,3.936072782414529e-52,4.5842704499703096e-29,4.645419084297172e-65,8.045870782921907e-26,8.454240442832968e-74,1.1101837876924279e-56,9.378180780048404e-41,2.5085204703631653e-39,2.347665279478299e-32,7.829383039602317e-43,4.5670608488274025e-58,8.613747688185231e-62,7.328302137915546e-38,3.666445337581549e-19,1.662103659137358e-33,9.323147152484218e-22,1.0018395112456902e-72,0.0015446623898818395,3.937644570343263e-34,4.5580328579266e-31,4.351472043518836e-67,0.0014819381534088437,4.677962026090212e-56,4.3037053975155897e-54,3.839402747721147e-38,1.3841491993932926e-27,5.155452842801501e-29,1.3547132623668363e-56,6.159462507837811e-40,2.1594310403714905e-9,8.380402803890479e-24,1.0421430570912413e-27,4.178372510015597e-18,1.232463758947043e-30,1.310669634110042e-16,0.00025461557506705,0.0010014661229205573,7.559638595989531e-10,2.9168182855221537e-26,2.6206374649434395e-44,0.002653669267247374,6.294404832765133e-13,2.984949041441734e-8,1.729117178075281e-23,9.62981141711551e-21,1.001200220069947e-33,2.744237219907546e-26,4.4525505504826875e-14,8.213982511024665e-13,1.029297538295165e-16,0.009050681263206375,7.234268833861005e-32,1.6581899201437688e-23,1.5079250947431863e-38,0.0034734620248314555,0.0036385779427699906,9.5910131213157e-36,3.2421768768986993e-20,1.0571973294733817e-17,0.00022057208240580285,9.140003217807216e-21,2.8253048066712577e-8,1.210792004788973e-16,4.763888434595301e-20,4.91981037469747e-21,3.3789556060739044e-16,6.685740535829079e-15,2.835859096558633e-12,0.012883400358597273,1.6942632581653757e-13,3.504516088202428e-13,1.423559748371687e-10,3.3050282290149043e-6,8.002666466387986e-17,0.013482344892910439,0.002837233265980731,2.989453530373415e-8,0.021374416540288533,1.4580804264935462e-10,4.371506371060438e-11,0.00023041737451743723,7.70464346759986e-8,0.045626201914969446,0.032160182079781066,0.028778314007133685,0.0762754763391613,0.05105228958665699,0.09138930057585817,0.13668334774122226,0.0451227237136541,0.06746645146505158,0.08467070543110199,0.06108122701050807,0.06896025055653283,0.0010170540633688873,1.9956161575818485e-8,0.018505701989425555,0.004696758711251494,0.003982435656975278,0.01835312676078041,9.204743105993086e-7,0.0030671013825184588,7.731207455491457e-24,3.9417621951045884e-28,1.8815293421954585e-18,2.2459246010601026e-8,1.758635165206332e-28,0.001648021809214203,9.145967204419814e-18,0.002341217598959909,8.271414965129707e-13,0.018093969864793277,0.022779111220005643,0.005726218376239323,5.123148179799787e-19,0.002488047299617309,2.8725108509366403e-10,2.820436614365096e-5,0.015102274781083473,3.952456891703686e-17,0.005762884548201647,2.6546223145907246e-18,7.174469101953767e-9,0.00018615444857827992,0.00888857379498758,8.33484079227795e-30,7.126128102366982e-15,7.286956792290422e-35,8.203374308237567e-109
3.0965230882712476e-166,2.2403250406890893e-109,3.6018186553917377e-38,1.16780781777671e-34,7.724941054403478e-72,2.1059503578177075e-81,6.222067470845242e-66,2.840670207702512e-75,4.592211194929261e-41,1.7690134435584007e-37,2.369531661091165e-55,6.9050672754482875e-81,4.020532654425487e-6,3.082582709566906e-35,2.8420645863066256e-21,0.009795014619351098,3.955686015596101e-27,1.3413536631737815e-58,2.7715376343436264e-40,0.003956842317148482,2.171937505374022e-9,1.5378976074753352e-52,2.3281829654328097e-62,6.671375515558864e-40,1.701848149700527e-20,2.740904172599978e-18,0.004174267064276679,5.2371332875186445e-15,2.3146411801569515e-30,2.6995021129889153e-24,0.01391655544573033,0.005508696278756082,1.529093082432332e-35,8.513904493971858e-31,8.785331422108123e-26,2.4845509293430024e-30,2.8468020209659225e-12,0.012988489130146436,5.59865357584851e-31,4.254559225883225e-12,0.0012352007398327332,2.7665809681518256e-18,0.030264041053177166,0.018606374332981474,3.0836512540907454e-9,2.2992728979525146e-16,2.0799705509083374e-7,7.773707414667692e-18,0.07221130486777873,0.07546947291588729,2.1543576615573e-23,5.355793063108672e-7,0.031716329357156584,1.2117261388847886e-9,0.04962566977673902,0.06358677355209147,0.013446204141606195,6.653211600678314e-13,9.292075324550801e-14,1.4653799129099588e-13,0.006198542155281448,1.7975479780860127e-8,5.301395308110424e-9,1.381305379136935e-15,6.063906155516252e-10,7.082179626230416e-19,2.9207928029607822e-5,5.607700522608495e-6,0.07437794193354544,0.10504738252925208,0.03178983460732992,1.1513456353306273e-20,3.0005075754596723e-5,4.7303652558233175e-5,0.0011580179012917356,0.06544964171129017,4.0209769801217476e-17,7.698816335825197e-12,0.08911358617129529,2.95059999243826e-10,4.4661000315422545e-10,2.1558896133839808e-10,0.01982547754548149,2.4972699576505632e-15,6.883863977639445e-18,0.022217268951388154,0.008094145511897955,2.2248766396837859e-10,0.019310696659151763,0.022558683479409876,2.2115936498772028e-14,2.9560539562472897e-15,1.187755344363299e-19,3.4751004190115123e-16,0.028608875693032176,7.813061222943909e-11,0.0001235788443818883,2.4623482340312507e-20,0.026040445578039886,2.948128190704975e-14,0.0089440182941001,0.00753103035256187,3.342378714116176e-20,3.4381534439386526e-15,0.01446633335339098,1.7390574363952098e-19,3.02317470029098e-19,7.129371168030302e-6,2.1880327805278983e-13,1.4383057818060395e-16,3.2598037864761247e-16,0.007846079668750706,4.707463674325782e-5,4.3697503846689724e-18,1.3827323550577448e-26,1.0193404336037395e-25,4.6963981849068645e-9,6.104424402985387e-22,2.3152729689797945e-23,8.006396905680213e-21,1.4930383712662022e-28,4.874096087936916e-32,4.874004393856012e-21,1.5913267484685773e-32,0.004240612380963336,2.0496280411995968e-32,0.015183453303700287,8.066410251232476e-23,5.291690423445092e-16,7.597246854239244e-36,2.9342735842836095e-34,1.3393357918608232e-24,2.283424520910442e-25,4.0798774785110745e-16,0.005722199075026175,3.6852289408114585e-35,9.966142920242824e-41,5.597663444421598e-59,0.0003258133014968884,5.2958485951231064e-17,2.284951305767024e-50,5.651086128121968e-8,3.206995683277638e-26,2.5383315321495257e-34,4.489349149784986e-61,1.83374029320142e-27,2.9672911850914035e-27,3.648187245387899e-67,7.212492428227602e-20,1.7708822579730637e-79,0.005929977773965993,3.505864808672508e-45,6.774649242537602e-39,3.868549474232832e-48,3.0959043592809665e-49,5.7172579519610284e-58,5.734220935647598e-80,2.6994350248599456e-38,9.070960503790107e-36,4.4029672886399576e-15,1.3227779287901381e-46,6.496481664873812e-42,1.2201510400346655e-51,6.583717557895127e-19,1.7177290198798888e-33,6.386119916093387e-19,1.556948442434938e-68,1.0525994178833602e-64,2.417940842088546e-44,6.377719068909297e-73,2.7641466696618202e-42,6.981694532704457e-68,9.1373886083676e-56,2.961068474673152e-51,6.77005751228806e-59,7.532745029965341e-14,4.630085500567654e-78,2.314977919635862e-37,1.8346817128579198e-42,2.880138278026984e-79,2.369052885504227e-62,3.4477071075020635e-66,2.5112270497240224e-70,5.800877071524564e-39,3.1601948248120427e-60,5.821611481476338e-48,2.0534471252314427e-37,1.0349552492734258e-41,6.846257106669928e-33,2.4771546791484216e-65,3.47684028551413e-36,1.796783145677022e-62,0.0032239423257323023,1.1436779162416106e-47,5.18086103493183e-80,5.5187383328739813e-45,9.589678210452274e-76,5.282660325563756e-104,1.0466817172034082e-62,3.644913659396112e-204
0.0,1.681294565735746e-111,7.988951323724134e-216,8.908642510210779e-144,1.469985670356207e-306,3.742811171566754e-247,1.5110486598832373e-195,1.7720263077294916e-205,2.8271874834299223e-78,2.7554139900131832e-139,1.8819093272277764e-220,7.592989534019214e-215,3.7041404232392114e-142,4.635568112025587e-138,6.098252496818124e-171,4.805460848436886e-149,1.0457852131291812e-183,4.067167894009061e-122,0.0005994203393835505,1.6279764928708086e-107,5.483448599296965e-69,2.2957106521216964e-138,8.923154483422783e-169,1.1607819343620105e-142,1.816207498470274e-148,2.0878319445420932e-123,1.081333835353976e-172,6.632420054293934e-62,2.5339673538880974e-129,3.7612715150558804e-41,1.300517243313707e-107,7.345208865319651e-79,6.935765083907206e-96,2.4837808934218837e-68,3.416681695850458e-75,1.621135853135723e-74,6.0739375935799745e-61,1.3488828279135772e-98,2.705306326504952e-70,2.384015244780377e-66,1.5183608317419713e-100,2.5405638084304753e-85,2.5745630130762794e-21,9.413860858366179e-54,1.0764929043377977e-97,2.959208442969201e-87,7.145692640744666e-30,2.69504516144451e-64,1.0469861384965632e-70,1.5130823330722203e-77,2.9760544660899792e-53,1.2881040991498575e-31,7.707830722714709e-92,1.801463551722315e-40,9.874995345005577e-106,9.379807459098429e-65,5.344705839042404e-70,1.3980958512287095e-57,6.309913970316562e-33,3.904177059972076e-70,3.985054266572512e-37,5.957526588974446e-32,3.6045133067801145e-41,2.162776377388076e-53,1.2173191429870025e-57,6.934813152043118e-23,6.414888887486953e-27,2.5221351972872956e-15,5.589099158150438e-61,3.5342286501459365e-42,1.1803979759834464e-56,4.1542826755272593e-32,1.6173201067479489e-41,1.8685607237730636e-33,8.567004435609856e-24,1.6348037883358664e-34,0.0009110975446276764,1.1900431368749074e-44,5.4390560341426097e-45,6.241429228142562e-18,1.4711123098008009e-5,2.1988013626208866e-27,1.4466357264588314e-30,3.931381086317546e-20,0.0018492677098643853,1.932417997248063e-27,1.1358309282745657e-15,2.5915832336233737e-40,2.6286387346883092e-20,9.451895528225302e-39,1.0730260779636428e-5,1.091854461045179e-30,7.356805098794835e-36,1.032213292760701e-12,1.3206129932435302e-16,1.6950674899562953e-24,0.001267254332797674,0.003985843694488169,2.2042130346804889e-7,4.5023889539978915e-12,1.7023296888550276e-15,0.001562857244394037,5.620923555577919e-25,0.0046155878127156795,0.0035788470188585857,1.304131583510821e-17,0.011700454111290556,8.125908140596916e-12,4.868715492208582e-10,8.980421000526475e-15,1.992597195926972e-13,7.834048524381635e-11,5.728265464419109e-9,0.006523295351755372,0.01180366983968804,7.890342282372192e-6,0.010086544476114075,0.00014291968515024443,0.018366855638516862,0.019384036876521325,0.01603863109894401,1.8928447177825579e-6,0.01359866600278963,0.035193131614045185,0.003617524615573253,0.023390175669476092,0.01787438052596607,0.030215743788142235,0.021860269353592202,0.02273439767770664,0.03863634068728088,0.05531521030537771,1.9753922469813296e-5,0.09563352185776643,0.030297423518127104,0.08470100899053358,0.030691247722409925,0.026204067538485632,0.0709850299892349,0.05366382844381428,0.010206812809036112,0.07609833235295821,0.04397806062473832,0.01907709283807907,2.4874457302363434e-7,0.03061652289863779,2.1108054724362123e-9,0.00033779864452934433,0.008249083134169673,0.004931024451527516,0.004592988809792157,0.0005915942629377264,7.510467854120864e-12,0.007176307686385819,2.3867308374896055e-8,0.002771741263094937,0.00016780417372915877,1.6902902416431008e-17,2.3429253389328444e-17,1.1891964876892194e-22,0.0025521769328460423,7.419735210650186e-9,3.6022206613437856e-10,9.040703377639616e-24,6.117840379619607e-26,8.363459180201466e-11,0.0019490530004905532,1.6070050715791165e-17,2.3409450650201757e-27,9.53971820370319e-52,2.8025427927374464e-31,7.973319421797397e-17,6.339790311213202e-49,0.0014317471901645262,4.683318133114178e-28,0.004161309177281001,2.6885450007689056e-38,5.213567266949772e-16,3.613154663248316e-11,0.0009051921626123933,4.1678125329444405e-7,0.002582281563999323,4.091501060063379e-41,1.3696414905915259e-27,0.0026357328005678607,0.00378631752432754,1.2418893065158768e-15,1.2618567662652215e-13,0.0031648732533683032,6.145084237836474e-24,1.427927042972513e-12,1.8124078447245121e-78,9.950734032472087e-42,2.9400218289395926e-38,1.6460668871378145e-21,3.444254861825355e-40,4.452848937228655e-43,0.0009516967345619084,3.16469817835626e-89,5.387533043992806e-138
4.886364495286535e-62,5.093578254675436e-62,2.7600458998694082e-36,4.804110499582053e-27,1.283386902598546e-38,8.054118651881315e-45,5.5601953456150865e-21,3.677347949262107e-24,8.186887355434641e-48,7.451144419550885e-56,2.3039243374448273e-32,1.5856296513049011e-52,2.631503776176221e-15,0.013699744211184015,4.652483595457684e-28,1.3913399742026814e-21,1.1338472064679433e-8,2.851183998076986e-18,3.83370306147942e-16,0.009242443402867112,5.1050037534589435e-18,6.395757371286909e-32,1.0504676134309815e-23,0.011449461109219104,4.3835387172762505e-23,2.306205691076728e-13,5.112148035158418e-12,6.360948040747629e-24,1.6955055752009377e-18,8.13890440312113e-12,0.058298406809019446,0.029980455480300816,0.018926508050461453,9.633236994282806e-13,0.042754222643502475,1.847565995898932e-16,2.2247734119044457e-5,1.0797839019093389e-14,3.2962100726684593e-9,0.044564269961934105,5.179586604350297e-9,6.232306753208432e-10,4.855738120574722e-6,0.03142693650516866,1.0735282806119356e-12,8.010132512195287e-15,0.058882957291444264,0.007771656469442698,9.06343823227126e-12,0.009256299242771725,0.06710126387098975,0.0374596742751375,0.012943438412747133,0.09350391470317955,5.056984775298276e-12,0.02267794719705183,0.09269394204604767,0.0028335361148992405,2.8063005853073184e-20,5.5374525475659514e-12,4.707773008182491e-14,0.0042406822461322005,6.376096217778872e-11,0.01343846281470108,3.482982078598303e-6,2.082803454452059e-10,3.877957492387003e-17,6.677121214517596e-16,0.037806312707823767,6.592471517408448e-12,0.029815212565902187,0.0009919529883001307,0.03175975690683967,4.632335410526757e-20,6.247530506475529e-9,3.3417608037196515e-8,7.032551609563504e-7,2.2640005408931118e-14,6.21076343696488e-10,0.047203343756642764,0.024704107914168598,3.54027787799312e-12,0.015386570604384522,2.530426088675795e-18,1.365970381880157e-9,0.011082458447939304,5.111119072714864e-10,3.572617862491953e-18,0.00020043140381883082,0.015657580517083408,8.366086140943161e-19,0.0018130494435803406,0.008244210495423168,2.0854449146219235e-16,0.030109876077334584,9.512621364385604e-13,2.640213884957446e-6,7.300877575668716e-7,4.929211614477566e-19,4.565114860255612e-19,2.935511000303354e-14,5.748564468802871e-19,1.5965373949872876e-10,7.880686144536624e-12,0.000554398626331762,6.981250101244926e-12,1.2431558690525083e-32,5.146137777785056e-32,2.381264362184451e-5,1.1949374178026368e-16,1.6999271164772004e-5,7.737896534089302e-44,2.190539647234299e-22,4.0473759900943645e-20,6.404428366584849e-36,0.003699222894197217,2.6226280225771374e-28,1.531664428341409e-20,0.0069216997420127775,8.878615933461995e-26,6.606487560671433e-47,5.860119807425226e-30,1.7027709162589472e-43,1.0116050001411822e-27,2.696645628071202e-18,0.0035939698753509625,0.0049259089055648025,6.404038197608531e-50,1.0094128269143797e-53,9.155421932629372e-25,3.713225715619113e-50,2.0844296856242056e-6,5.6469919915867184e-30,0.004855527335461301,8.699493662440218e-21,3.6333519548878384e-8,2.2717324381172887e-78,1.0723543533465607e-71,8.105546236288773e-70,5.4132228848943705e-36,5.185920075223767e-60,3.147824442147953e-57,0.0037202380169693247,1.6510511570979984e-23,1.0915971750966632e-68,4.868262025986092e-79,6.923462717662771e-18,8.275640174776975e-73,3.6620661465411727e-47,1.210865728287965e-29,2.154439172580305e-78,0.004571895254369084,0.003640387826824228,1.7232241610377171e-56,3.1816117678476015e-67,2.3014059817291036e-84,2.5029871026734776e-81,8.725996184470669e-77,9.27266461787664e-56,6.060317299187904e-80,1.6566215141928962e-46,0.01008008735047506,0.003920458002051306,1.835374464037625e-14,1.4042049270718258e-47,1.0214982469732242e-59,1.959205840231132e-24,4.145003079438154e-40,1.4145662806122926e-35,3.096460866731982e-26,2.829168777693853e-48,2.9057813482755644e-60,1.5744140251418626e-71,1.3122205837282333e-28,9.282288836433025e-16,3.181327049570669e-58,4.3687925756156444e-98,4.906676226099721e-39,3.271263774539212e-41,1.3667395259595676e-75,1.0964627196748316e-78,1.91719003603461e-28,6.751509588906989e-46,1.0064784418138392e-22,8.727889837951649e-44,1.24974405783141e-10,0.011517444947991623,6.982803900448519e-10,1.7978055030399951e-44,3.099642383491165e-77,3.5117734446232633e-42,5.962598903643048e-101,3.373849512963519e-62,4.927202812556826e-73,1.792883384759052e-8,2.660397939625923e-17,3.1751817930036534e-79,8.945394808012394e-104,1.5077233296110482e-108,3.6539877640240174e-143
6.386173767107505e-197,1.154458672435416e-164,1.0534197958625326e-131,1.9166294245574576e-118,3.2942632565713164e-182,2.1161253975411933e-133,4.473483448855263e-132,1.6478376532973046e-145,5.171355617064637e-75,1.5877614828445635e-56,1.0606796806728838e-116,1.1636326670413714e-91,4.2955170668850895e-51,7.862476690456447e-83,3.87423612807e-93,6.614824708193207e-105,8.235269988260386e-100,5.804868456473409e-70,5.866059945719717e-23,5.494818327354077e-70,1.1729895393959083e-54,2.6793717493108774e-69,6.259611442276138e-90,2.2640717631247483e-75,1.748445293382283e-91,6.606599324066315e-86,3.5929398342046903e-99,1.2430470117474172e-79,1.890611807614136e-69,4.097324483877598e-62,3.8905383813092864e-81,9.67430950472454e-57,4.1908845808873966e-44,4.03374460760613e-9,4.291856522572386e-24,2.556094490974306e-63,6.3149835684345e-17,1.2021520692617198e-45,3.3445029247985915e-32,3.398306106664885e-21,2.284856496251698e-37,1.3410038219893769e-39,0.004899367115299785,3.123341555449668e-57,3.988912616404111e-35,1.522855911720447e-53,1.2916682920068425e-40,1.6076987000494026e-44,1.1399257895740457e-54,5.567280859180164e-44,3.325630163651068e-19,5.048191321691157e-53,4.6174395321982084e-23,1.4310299854102788e-21,4.09746026261679e-52,1.8813694672304466e-39,3.3885468074817885e-41,3.036622225014574e-11,3.14655245964928e-11,2.5712340157113007e-31,1.4895858300675394e-24,2.3169866404075497e-6,1.2318812319314494e-31,9.467515096159324e-26,1.5842928583192007e-15,6.17797160818654e-11,3.570697466656847e-11,5.353130740594808e-22,8.12558223449055e-21,0.00010879233111694941,1.2497784708160598e-29,1.652352150278126e-14,1.1542370227732325e-22,3.798297822999079e-22,1.1440530367641447e-17,0.0002490528229387936,1.0889884720071896e-15,8.579030162422643e-15,1.2928801855958316e-25,0.008897826348231138,1.7209334952208542e-10,7.342976764937299e-12,8.844972005821446e-21,0.000272898526939481,3.3009039816344554e-10,1.1721374040652989e-17,9.85443215682742e-10,6.869319733279988e-10,1.5371343405395152e-10,5.948338000842383e-20,0.013710615047895506,2.6873527894088836e-6,1.2851639347781066e-13,1.5091510769326786e-8,0.01694622540414151,1.5213116147166107e-8,1.4264456973292215e-13,0.009430319675507629,0.002587596380332654,0.015324999465998102,5.2122470896092e-10,1.543894329770739e-8,0.00013728306417036242,0.008271052784201904,8.909612676832417e-10,0.022636990921808084,0.0026173062391628126,1.9467437952548814e-13,1.3688505594309488e-6,0.021017087985807006,0.032337052125118386,0.00013194290440198464,0.027799218076304276,0.0122845134173299,0.006635445857404516,2.941463304856733e-8,0.05638010147678853,0.09470284808314942,0.0005222962944347177,0.06587842867267485,0.09721477670863075,0.08253446206511988,0.0625970111218413,0.0006795608277919649,0.03217546953676134,0.0007819030077785671,0.08337457957785169,0.09369510630593947,0.09635802715543142,0.008529218653769342,3.7716580991295774e-6,2.720236854296104e-9,4.659590680481875e-5,0.0015203884512694174,0.0003684767464499666,1.3647047207896842e-6,0.014422068549572108,8.186593369752226e-8,2.248333131259644e-8,1.1175852295135962e-12,0.000434142689538965,3.970361095082942e-10,6.2523661733981185e-18,2.873425022011455e-7,1.1322663659340186e-16,2.6520681373598997e-20,8.932590929323113e-25,9.479840329259914e-10,1.63875189471157e-12,3.8229193635270043e-29,1.7534516779536863e-14,1.4838077267643482e-16,6.801212260898532e-8,0.0014762910603672052,2.9783712033107188e-15,3.623319462459703e-9,1.0416847047540152e-15,2.076204633307878e-25,1.0820766131817556e-37,2.0941198869578012e-23,5.161376724511073e-7,2.7778832242955854e-10,1.7338702979162646e-27,7.499962876836474e-13,7.182815774802545e-50,2.0730325278625883e-24,8.40285659260763e-8,1.5640572552971954e-20,3.588403551311009e-28,6.161938452770314e-68,8.304009769301833e-40,1.1202939571867918e-25,3.44983535387433e-44,7.475786478059044e-75,2.117273099766698e-49,6.512658852927913e-17,3.334992660643912e-33,6.232343475427046e-15,6.531772252229531e-22,3.7296086668695067e-28,5.901441316088204e-41,8.447156978893345e-38,4.7379781706309396e-70,3.1498477254395293e-21,6.160269788097538e-25,1.007010795222634e-39,2.785753679856153e-29,2.7874933414127523e-12,1.18738135677386e-10,3.6817179582785255e-21,7.61897556638299e-34,5.309814697387593e-85,4.682285130456752e-47,3.5758995409916175e-62,2.871777164262974e-48,9.25313484814942e-22,1.6741735875946153e-38,8.365526311615738e-57,1.4338813738233258e-100,3.512408132829374e-175
2.038137306779408e-179,2.056816538582458e-152,2.163518182596077e-139,4.0456084054755483e-95,1.9815744119675034e-208,6.4688478691099534e-108,1.4968668249060624e-104,2.0822257184480403e-190,8.61439074063643e-60,0.0008566531218330479,4.684575656940834e-145,4.0984894321538826e-158,1.0682768770536388e-77,7.282861215543502e-84,1.449058829621322e-78,3.323008974774491e-101,1.23740346461315e-141,1.661024573513149e-134,5.649238939256088e-109,1.0448589544777795e-106,6.881004701396281e-129,4.160720010911848e-134,5.304387101381929e-55,1.9178459963202194e-47,4.721942683985699e-10,9.423865152697107e-76,4.018218119695162e-92,1.393854591489038e-81,4.178411624282379e-88,5.497021034800713e-87,1.9765588105523323e-80,1.5664743929455113e-130,1.5695503731569268e-62,2.619740274054956e-76,1.543468937878052e-39,4.7546534221313463e-76,3.127689545206124e-116,2.255264773678487e-53,2.269857209572902e-55,7.313926584085888e-70,2.2886086247698315e-57,1.1967266836615722e-61,3.082422737816657e-76,9.638255468559352e-61,4.3882491573967927e-44,1.9720920879877467e-64,8.399368593640774e-95,6.280115408934904e-71,3.041440905106379e-102,9.585391858196565e-79,0.0008144545237713971,4.225161343332827e-103,1.8200523466080382e-99,1.9129150226007536e-37,2.812750554254244e-147,4.195953218737775e-74,2.768377551225024e-45,1.0242933247796525e-73,2.4441990264845128e-111,1.0172749430720717e-26,7.932943772832826e-113,7.562050056451738e-62,1.8070471795257962e-42,5.838072444310883e-56,1.4126092048465954e-81,0.002667874709882348,9.401887926049174e-37,3.97589423055444e-80,9.361804632251892e-60,2.965854354890462e-22,1.4186059368032428e-79,6.54328204052093e-53,3.4484652728369216e-46,1.7759674878298725e-45,0.00387627390555333,5.422947527061733e-78,9.259326354681107e-14,1.4745238526249008e-66,3.3127718613772325e-66,4.56580396738325e-56,1.3993592187101775e-82,1.684099357984874e-63,3.085828282689523e-35,1.1010647528311489e-43,2.0172480886678154e-21,7.04316002862813e-83,6.858156397369151e-20,4.6470950260369117e-35,1.531810934475599e-28,0.0008962030903173526,6.347271765051294e-25,2.1195934212572456e-38,4.291635228133925e-37,0.0011544272021056586,3.3084063759508643e-52,6.735959145897051e-8,0.0011569087428724466,7.880848388367263e-22,0.0014012517259897074,7.310408630834773e-29,1.5692648267051554e-9,6.995293878252027e-24,1.1871619438065837e-37,1.2499786095609157e-20,3.953393253105995e-24,8.920990258434365e-79,1.0973782858627344e-24,6.967327052679419e-36,1.5926290095698682e-47,7.709498417849635e-26,5.4270107031052555e-45,3.350448740022587e-19,9.813318469426941e-36,2.0774527260619906e-25,3.5579000394880385e-51,2.8242571337972805e-23,8.419095669399873e-24,0.000745779651468808,3.1058820806571108e-37,0.003319503598845957,2.2605582254084317e-15,5.688367130781308e-13,1.450711594602469e-32,9.919196607354098e-5,2.692976673991204e-18,9.007235925586778e-26,1.2224734389640253e-5,4.1154536432929516e-8,8.694616051086109e-44,2.1618677921916564e-51,4.2891070494634857e-23,1.2108209464414225e-18,1.0662658912838409e-33,4.133592292421743e-18,4.842049330995782e-22,1.9676985292650696e-42,1.0732304566560908e-22,5.748442371680034e-46,2.1049001911998806e-13,1.3870092461148509e-9,1.225891089707847e-26,5.235663660536042e-21,0.005203599110351919,1.783600902603874e-5,3.823444257410502e-5,1.1593616615992297e-26,2.696370668684129e-12,0.005445341542030041,2.3645945751614986e-14,0.005283049610371477,0.011181012048384734,1.3836933353826815e-19,5.7409173246305145e-21,2.2048756773711646e-39,0.002765295990035778,0.004863628035447109,2.90970047448689e-7,0.00017616610069197996,0.010177722230925097,6.736245651999846e-6,0.004085411175881532,0.008543525764452572,0.010036837047002877,3.957532853960032e-12,0.019514361415369885,0.024448680336238565,0.004568018749166347,0.0318095865437461,0.017242129688542635,0.026883976008479322,0.015989819208454846,0.021558563484014828,0.03137677431913806,0.020672314625463314,0.03776923086233249,0.03003199387603174,0.03832742877381511,0.025015827183511925,0.03262425853611506,0.03055192688095658,0.022438883086829123,0.06292950899101322,0.04427790010311349,0.047684395784480874,0.04134169473244552,0.05828000735569276,0.0641808665027888,0.02417186495340356,0.04310110937064603,0.023609208258854705,0.022284880615586127,0.018885007286845067,0.018507281455390236,0.008420869086008653,2.0856587930758374e-7,0.006675870856786216,1.2346893277233201e-14,7.2564523083514736e-9,2.689620788102424e-13,2.51532220363377e-68
3.8567883093728127e-60,2.319212238540478e-59,2.0821045150739047e-21,4.1609802051940007e-7,3.81882697552284e-39,4.825588143082364e-58,2.4659695055989935e-22,1.0227423777544944e-10,0.004020349292527531,0.003397055657162716,2.9800773288697954e-44,5.736379985361545e-8,6.558253175300647e-27,1.560969424930769e-16,3.6457044500818314e-16,0.005655426839654027,0.003967099241368094,0.02971161930229879,0.010150770675816208,0.011721719552325455,0.033604951161319764,0.0550724811098,0.03309040033222832,0.029699675271772613,0.025022088082165665,0.02781954271670227,0.031153759197792546,0.013038935614981238,3.7014380215306505e-6,0.0321480103776244,0.011015344442129118,0.019869948147391375,0.01578827873027941,0.02205684635919146,0.01922881410136705,0.018100663598351923,0.04884385809728744,0.013080527716946044,0.025325763315269104,0.025606718018336073,0.026069086346109143,0.01475467467220666,0.04408418627918247,0.02713897278006596,0.012551226541861771,0.03602474691534647,0.014739622751821413,0.011168841180664243,8.175292206564127e-18,0.00732535884471983,0.006824665697234597,4.4930219078349965e-8,0.022533106653502,0.007484435186772509,0.03358534611017828,2.199362036370217e-10,0.024905187039136,0.009585685328130467,0.0088509061493028,1.1886719055649816e-9,0.009986715544890074,0.009968840858134173,0.00930478028107449,0.008053833521532147,0.0369088999276669,0.004418035901896813,0.009216578555406424,4.740411406260037e-13,0.007870346859491917,0.019581556558449346,3.2303224417969584e-10,2.0934769967236895e-7,1.5348831433993515e-33,6.710209487697121e-16,2.1438692202812143e-27,1.0938604352734413e-8,2.1714493977232424e-29,7.102057433586014e-25,7.484054091785635e-43,8.688988834295511e-25,3.662263009894725e-14,7.719107301157812e-26,1.424051864550395e-36,3.2944147013742773e-9,9.581912881498363e-27,6.097365860049836e-45,0.0030811697567519874,1.256334628448742e-12,3.539922805498425e-10,1.8930299170201318e-38,1.4582270772849305e-15,9.236393730991371e-39,1.892956269950988e-39,5.210459181185285e-36,1.0592291754917894e-42,2.849140622450485e-24,3.1666778319300746e-29,3.629268694514314e-20,3.002941203719545e-53,1.438886816050498e-43,3.249331056756646e-31,4.049246463743064e-24,8.219769647357507e-30,3.26069034836852e-50,1.0835712011008816e-7,5.54738827189775e-31,3.341513944294114e-37,1.2820176030945592e-53,1.0616804534707723e-28,1.3558041479629568e-55,7.94712062656938e-40,6.88184500167167e-72,1.2089704425725603e-56,2.1229577295472972e-64,4.8017844285845335e-79,1.6347556827686794e-38,1.0635571702572391e-75,4.873571185358988e-42,1.714939457641821e-45,2.785824093732542e-28,4.415388986693084e-69,2.337468676037823e-122,1.109311834046871e-83,8.442749994752212e-85,4.7164510739468104e-61,9.292900380184675e-67,2.5802291101298024e-56,3.553727318589414e-135,5.143417371044177e-134,1.179017169521352e-41,4.239813577532782e-70,4.170060223691443e-64,9.119179833329233e-67,1.951263437189915e-143,3.669082996141237e-77,4.6682777407800806e-7,9.07783574145963e-134,6.36509502983696e-128,1.4136150759693822e-129,5.650673551849679e-82,9.412460539401608e-169,1.699621893561397e-135,2.5870450684976473e-73,1.2410008949567016e-107,1.890045613416828e-127,2.1231497898671602e-203,7.257182867141346e-111,5.280278432617023e-236,9.441184607220924e-130,2.2031688433094275e-92,1.704405993915975e-100,1.498062554349648e-20,4.874303853080831e-75,0.002121402492364265,1.1300862600997052e-141,2.3504347681595977e-145,1.1548851685247111e-175,4.437733651619464e-199,1.752149461952389e-70,5.551891801139942e-117,1.0352446141886525e-187,1.235798329475275e-128,2.8921190880988763e-34,5.77363400934706e-75,1.0528608524447805e-49,4.752496666618176e-58,1.2741974026282453e-74,2.1995405064231486e-138,7.00476623313192e-83,6.238842377946241e-169,4.962469353517663e-103,0.0009937766361402638,5.945070203969683e-61,3.138835509318944e-158,5.749079198796701e-112,7.537365514499927e-22,4.782051678105782e-41,7.886790714750841e-69,1.1833662942567437e-135,1.643417107388375e-157,1.6357903316300844e-205,7.850321166991746e-169,5.2136254326631415e-146,6.669064137069213e-69,2.4965385992733003e-79,0.0007522901937201686,4.4657401045833585e-90,2.852014071685621e-75,0.0019200566988073643,8.240022997586489e-163,3.978075611986806e-124,1.973901566617689e-185,6.861071040902628e-154,5.5057760112575615e-149,4.514684357086059e-78,1.7278764477727976e-85,3.3597105893049384e-230,3.4531254966839986e-222,0.0,0.0
2.216115585220948e-7,0.008412388236470746,0.006378790791568163,1.1948897019974698e-8,0.009445980349046933,0.0394296137695345,1.2916791257778484e-12,1.6349208031930568e-9,5.477196578098343e-12,1.7413874500577978e-11,0.007996949997693742,2.593519528289309e-18,0.12814467564241838,3.2397362525168936e-7,0.008826615122203094,9.047296731181062e-8,0.007158065088621686,0.04183871664420892,0.012523360976693427,0.005383850063921296,2.4366745086771353e-13,0.07428996259386143,0.06012735406388161,0.03066547038319883,0.038607765900879526,1.539381410811165e-8,4.529028831594292e-13,0.10881245386700755,0.003734112664630291,0.021987592626059847,8.344795186807715e-5,1.277184319015825e-7,3.212507588366385e-6,0.02912812214130372,2.6278284766916578e-5,4.2000185529437394e-9,4.225107221007895e-6,6.844409596701201e-10,6.895164511151687e-17,0.00017970655642969146,3.4844416281624523e-6,0.0600845567339118,1.8772991667949306e-12,0.002934699265510549,0.05866231658451923,0.03182829294817872,8.301992967141081e-13,6.358047532060787e-8,0.029272541112251253,0.022675121934504557,1.338124075134752e-9,2.823079579545317e-11,2.0444338261475566e-19,0.004616570416814753,3.5413315272335514e-31,2.5552966194991245e-11,0.060273086213410834,4.916308218814537e-10,4.137426490673082e-11,2.002453088381797e-24,0.017801858152056208,0.02913561287908356,6.167338308381054e-29,2.400882446793453e-7,6.166664556684569e-7,7.625988744253813e-14,1.3116560315086823e-40,9.848620989452032e-5,3.682715003485929e-15,1.1836441822771454e-23,0.00737423721089042,8.302959760880629e-20,1.2735117373257038e-51,1.4031090448759747e-7,8.643824513726488e-43,3.464953224202434e-14,0.005901841732868797,2.0408357272462962e-27,4.278958865694458e-18,2.510624299726321e-7,1.0822223707146e-19,1.1755411089572497e-15,4.986301296087768e-23,4.4823787744258655e-18,4.954309952833671e-26,4.6649873695482666e-57,4.47655025210989e-12,1.3727866384209054e-34,1.6050075753996183e-22,7.479025801946625e-24,8.085581105448176e-38,7.429094153151014e-30,8.465035564174404e-38,5.002933383355457e-39,3.939465983883575e-25,1.1222984363114359e-34,6.949098379142218e-6,3.1359750513542418e-31,4.579646591210467e-62,2.6685607895258185e-41,1.3397854490409757e-22,2.03980567668888e-45,3.0513122988416206e-38,6.488050322609125e-45,4.448198508875759e-24,3.337878158723527e-48,2.5610458004538643e-28,4.135702900099577e-60,2.4741821551016672e-48,5.249540047135203e-32,1.8083482023014052e-49,1.023231097324308e-89,2.524333418919236e-69,4.5984856458515194e-86,2.5662567121994526e-85,4.364181739685217e-22,9.436095418428652e-74,3.246922549317106e-72,0.003740235360488001,0.004417886727133473,1.1857360201632882e-85,2.8190222095187452e-46,2.024996313883478e-116,5.922307946534853e-35,2.4192992394162002e-12,1.9048912194555865e-68,1.404305950304387e-45,5.005190135575195e-95,2.0185837899273438e-51,9.902799137713707e-52,1.6533435908846603e-120,0.004114936932941914,3.725753525683034e-79,3.3976925730212816e-50,1.9288756702273632e-79,5.1656296938294255e-46,5.505987449222287e-61,1.7139264806911272e-124,1.2894308840991577e-132,0.004827135196353239,4.255485908994998e-138,2.984438153608754e-6,1.4094652502346374e-119,2.3666176635118206e-61,9.150153546170499e-90,1.9168905403712485e-138,5.932804810695322e-25,2.601904472569858e-147,7.115709228747705e-96,1.0675203045983898e-70,4.255169550740782e-79,2.2112131660936083e-127,9.940636889792102e-49,1.0516972733440864e-96,1.030781792216538e-51,1.2203508796083654e-147,1.1354204439463803e-27,9.429960824097374e-81,1.635773747715841e-36,9.740363722579236e-160,1.1282823360788045e-108,2.2795964072149052e-7,1.1912920102136302e-41,1.8039327060262448e-25,9.464681760681093e-22,1.9539781213231603e-44,2.422056356398073e-50,0.003878408679586732,4.288226331846888e-37,3.88814118201445e-89,2.9182177182792518e-77,2.1496930161302326e-101,5.619842622037887e-47,1.054672932683871e-83,3.586403575800813e-109,1.0159119862890337e-110,1.7652876262849604e-104,3.2418289636991835e-50,8.77828508489142e-49,7.531066503171925e-132,1.2651176063604863e-94,5.406464828877018e-29,1.8606723027646379e-81,7.556087680066514e-74,9.7313204450203e-106,2.7193484382476873e-24,1.6993678150177752e-21,0.00515770713402596,6.420393464866338e-31,8.111926488104797e-49,1.1042796221798461e-56,1.659971627667095e-123,1.673552048502585e-55,9.161772828861228e-45,3.497430533871587e-48,1.6280189020304336e-67,3.315081112635427e-104,5.744809140293173e-100,9.998622820158281e-151,6.375175882178717e-212
2.0881394547291534e-83,1.1354654784205285e-37,2.256331828687687e-20,0.01048046689545378,2.068548122772373e-24,1.8713019833587828e-20,2.305088487596876e-15,0.0010655412477092645,9.817366292485988e-11,5.0540585554563754e-5,1.0935799927370634e-28,4.144599707489531e-11,0.022094961674381224,0.03374358601151314,0.06700620363834221,0.10500529434171865,0.0018507304976359909,6.225118824744515e-13,0.07242542788611245,0.010128675559383135,0.0051128491501164905,4.1475495277364857e-20,2.2391344477679834e-21,0.0001681267486584619,0.030938184798385754,0.11476309778873844,0.014690414348044968,0.05278578345285128,2.6413950141141875e-21,0.0705864536837068,0.009792271967172705,0.00797908883688053,0.010998237731611526,3.829415083398116e-12,7.926326771729732e-14,1.2274597389993104e-18,1.9612556679944716e-5,0.01569279140294668,4.897090361848848e-9,0.016200275509901572,1.2469503359249516e-16,6.8820901477557826e-12,9.340020879940662e-10,4.80187082686157e-10,0.027357065238166733,2.2427745971730186e-10,0.000446409893079777,0.03357543440539911,0.09051934363608767,0.03643300611493856,4.090439545632549e-26,0.030925401506454116,2.9240566407977336e-14,3.260465217468644e-12,3.941284440138678e-19,1.0172923853595757e-14,0.00649791606208031,5.5308697835541806e-12,6.576067457442485e-13,9.343066314105002e-10,0.0002019544442020603,0.02032032871433489,2.5379608392054842e-14,4.781155020507351e-9,4.567595525552267e-22,0.0037500579719149905,3.1755054777807295e-6,0.0007328803023038799,3.701114529669096e-13,0.02145715810788608,4.109639443123418e-13,8.981284737859874e-25,2.790049081509806e-34,0.026978239370097936,2.899685260195199e-24,3.043587598768155e-23,3.1805671157158535e-29,3.7050386813021467e-10,1.859329075946215e-43,5.39676832718116e-32,8.828701509577998e-25,7.838272613522085e-22,0.00035882211858105563,7.591745816176361e-25,1.0758884943690663e-20,1.5158102529086922e-34,0.023294950614859734,1.9233126318101097e-44,4.3484502429785836e-23,8.5695696787926e-16,2.01554913135334e-37,3.713820254356627e-9,5.50619012379288e-20,1.220376786458931e-37,1.7013012445490725e-35,2.5619110044897485e-29,1.3452430127785887e-18,2.6000367758150943e-48,4.814867718807251e-34,2.8724570545670016e-49,8.07977277554116e-46,3.2610169191706186e-30,3.554391622623503e-59,3.62956415547835e-59,5.485231854997833e-31,2.0717553973205033e-38,5.22013147194114e-61,9.687993256099559e-58,2.073768706470165e-30,1.4138132651861148e-27,1.1353374176880692e-54,3.852312106902533e-72,3.306117694482684e-45,8.54126839938721e-59,1.814567475835176e-70,2.619313773048665e-14,8.040518892779865e-24,1.0799247190286963e-45,4.063134325359414e-79,7.710488172447376e-89,1.3045857932434488e-56,1.2195002224167583e-107,8.573503431705776e-83,1.8807175562506173e-60,7.464762548944171e-52,0.0035692231751950115,1.1996276348083175e-54,9.775127953073874e-48,3.4275217709856823e-65,6.612299224959764e-85,2.7219545865194575e-82,1.0501726725232563e-36,2.1031603543788337e-28,5.2825457206170794e-76,6.303958433023171e-58,9.799007033662732e-55,1.0996166916465665e-91,2.7351904594103874e-75,1.6203528201317429e-77,4.2889920091570804e-73,1.7572218289659094e-63,1.7784902124836832e-37,8.549153086435331e-12,1.8608648096338978e-45,5.262498475426146e-26,6.737330712816065e-102,1.510874960953204e-50,7.846517778513641e-66,1.513880250989354e-57,5.628512190731392e-82,4.4823086147444927e-42,4.799989723340502e-50,1.4248451921992518e-51,8.434613572609422e-29,5.085077420835112e-66,4.551248227490167e-68,4.3669042768391946e-88,1.132757143911501e-46,5.046859709037647e-78,5.750768433236665e-86,1.0960379330066522e-66,6.6437385390546926e-52,5.626677988118867e-84,1.970532190626341e-23,1.5367397472071905e-30,3.0660354855826674e-31,4.951442140485504e-41,2.7799154202939937e-91,1.1550207104832887e-36,5.158246796207461e-109,4.9362985062923714e-39,1.0494595180062384e-78,1.916043664558534e-13,5.279906446798003e-74,8.919481220404265e-88,2.0010613671036977e-56,7.822149608201834e-85,1.1941410910563744e-54,2.7733778867557606e-79,2.2224385055765548e-91,4.2169020849225496e-107,1.9367017775842584e-64,5.865610047420709e-29,6.167200543367192e-73,1.4897301247220474e-71,1.3352316382381818e-24,1.2671131593904398e-29,1.3464388959490108e-45,1.4126911872671217e-61,9.5938232756655e-93,1.0583191740812952e-63,4.632580024201889e-84,6.88840649076988e-51,1.547225364123742e-65,3.7189062240862576e-79,1.039503086227961e-78,2.6349634722037884e-92,1.6687765570012206e-148,3.671017686435474e-118,4.468824246356317e-191
2.2824669806314573e-253,2.53524827184328e-110,1.2392746489295944e-69,1.2573805641578754e-112,1.7313496428162408e-188,2.355033580625942e-162,5.128121722047206e-84,1.142054817270492e-242,0.00065395393420561,2.3558982640451363e-84,4.5445154579616054e-128,2.7969982804259677e-109,0.002434594074609988,4.973005754630516e-49,2.570607564843715e-81,3.312841280874143e-60,3.7059663149868996e-109,1.0758109026784571e-148,2.944804846062234e-32,3.1834017667049767e-84,1.3588973349267135e-69,5.023731608100963e-74,0.0011101374557585262,4.832592443814461e-38,4.29658356058769e-18,9.201319171574488e-77,3.6933462687507845e-85,7.728959379639307e-92,2.671182655977118e-104,1.41222179992993e-52,1.4146791759211528e-51,5.644374438130397e-100,0.0012025306617203526,1.709246374830729e-48,0.0017203700811702994,9.740719032523869e-19,5.911145297708754e-49,0.0011872318607719268,0.0017349280194761405,7.833405547519601e-57,1.5072541048396008e-22,1.4341463594574576e-28,1.4638783439448256e-28,2.1189924668978335e-56,3.1575652177465412e-21,1.230380093940264e-16,1.530722358951756e-49,5.094122098875478e-38,1.9106494749440872e-84,1.0737412339989119e-28,8.20123829485598e-32,9.948009235867981e-42,3.080196254398738e-50,3.238428733872276e-9,1.6381367943512647e-96,1.1645218259566434e-43,1.7092872050700877e-40,0.0013306909974608206,1.463671788900829e-107,2.4052186136172474e-26,2.5411157924730456e-67,3.609600106697316e-49,1.5368193385944743e-30,1.869897185146646e-10,5.7263707082023645e-25,3.4901883858886105e-12,3.0563458122775816e-45,1.5456904904544045e-41,8.67685867230586e-71,5.9634208076998535e-5,0.004047950912916917,2.170973041589893e-19,0.0007104760629369923,8.115720298425739e-23,4.560933106686242e-18,2.4744440548008976e-67,7.486774686904365e-63,2.0005114211689566e-26,1.3275473146815267e-33,6.194284883692232e-17,6.796709305963e-33,9.913808927369198e-23,0.0067536647146151955,4.22468008470872e-44,4.4533729151384764e-12,1.465678676080253e-29,0.0015293377001252362,0.0069754081235293,0.00413861050509312,2.895426068851699e-42,0.0023351999453936493,0.005981846270037662,1.677945702687771e-17,0.00019390318419098605,4.831352405148487e-12,3.1637120394289967e-19,0.0049930171093099645,6.709303818815829e-21,6.458790337961255e-23,2.5055586044714843e-10,0.005660944472713261,0.005963975804205359,5.062182860695747e-20,0.0014825657469504478,4.677479718853332e-26,2.2043891506220167e-67,0.002231683458045458,0.005110229233963474,0.007172624337812407,0.0014179332818479856,0.0027964203423500463,6.665034252288485e-8,0.0027824395720551995,0.00798138933229648,0.0019292298313157807,0.014039021746593754,7.052244584438088e-13,8.604002761143865e-7,8.96828397325499e-19,0.0035430149228895032,0.0014130666742014541,1.34345990274438e-22,1.235847056449642e-7,0.016870012546536646,0.0035727188095278383,1.5328227147927902e-21,0.009609642726777008,0.003538549559483411,2.288447880138298e-13,6.469749659566076e-41,0.011332723043648461,0.001953938224292621,1.2775652586541842e-18,0.005436740298382451,0.007577512080762848,0.018210308881900377,0.011096437129836741,1.4862284089995228e-25,5.558563954129549e-41,0.005238097352861484,0.004002486030575193,0.006718504708304449,0.002232924635507565,0.007727499793196268,0.017017591580897967,0.00565828067388218,0.00888544971318692,0.002869793456525388,1.9783722371385265e-11,0.0031037884411592625,0.0032839094884205364,0.0031717033489619796,0.01548376814656326,2.265528528139125e-44,0.0023778418485716104,1.477859485188053e-15,0.0035191172972113553,0.003882267630244518,2.344837099965014e-13,0.020790059700959315,0.0064598518362347125,8.558635268929766e-13,0.0007370174968245496,0.01464838317093079,0.008113302080559376,1.2548861816659532e-6,0.027979255670446044,0.012150229969441808,0.030705785984618084,0.05105261336930795,0.05076198032836229,0.07863124037772516,0.05223265996966446,0.041246987692708285,0.03528662619440179,0.04340086728370648,0.01853795814565445,0.04441921634894441,0.019015219260955167,0.03097904788461174,0.03658775713623904,0.0007987683218639752,0.03646204727418768,0.005324365254417905,0.012745217664794969,1.0075958040700824e-6,6.774182914123783e-15,0.016508225054087933,3.47653409541066e-18,0.004583203369733458,1.1614982958263576e-11,3.754498440300429e-8,4.4210422644187145e-18,5.964126143733767e-9,2.462751747722821e-6,0.0012482272547310379,6.875617494208983e-30,1.3678161720192955e-40,0.0015984307776793771,6.112919064976955e-77
3.912181857539154e-197,8.321306744271314e-84,1.784859476974906e-161,1.583003056485261e-62,4.4977431170619485e-129,6.184818560653719e-124,3.803220002619837e-115,2.0541344745114035e-153,8.674807600846707e-110,3.7675215456211395e-102,1.1003315555290747e-116,6.489187782924881e-50,6.779395698221643e-55,3.4123632801607944e-83,4.1083047085592074e-91,4.580313393121807e-105,3.298891897116036e-102,2.7576668052729168e-74,1.241441577490581e-13,2.5523238116414947e-87,1.232188168085452e-65,3.651454912555878e-72,1.2613103725739756e-67,9.980360417960306e-65,1.0692720853871146e-60,0.004839224440439681,7.991272129126125e-85,7.229534311680211e-70,8.888131157909002e-51,6.869616475385621e-50,3.277635861663314e-52,0.008976972005472681,4.8321150196172547e-29,2.1195569125172394e-9,0.011143966836946604,3.713733259890103e-21,1.8557986997748852e-21,1.4351375258848796e-40,7.782165118662259e-39,2.095348728188049e-22,0.004143299978779189,2.652279079804815e-44,2.8628133088318e-51,1.1474149871741973e-23,1.4827805965554925e-34,5.704299135464949e-17,9.612351299907169e-65,1.4477730623607916e-41,6.11289504668013e-42,6.4551195022623175e-43,5.40031670562033e-63,1.8103610733977422e-47,4.637082429125927e-37,4.578754495137691e-20,5.074560860378847e-64,2.396744144578968e-19,1.1104519313396043e-35,2.252373131615497e-20,0.00018724945256816449,1.7856644727536496e-29,1.0541756074863136e-22,3.662161711580524e-38,1.1520192662401076e-27,1.0920515917203806e-23,5.113558559048542e-25,1.0337601785836637e-19,1.359429397317584e-12,2.6241272441702976e-20,0.011547038979497673,0.015382642678107262,1.5981568695156599e-43,2.657613642861077e-30,2.6087159082810166e-37,6.066174107249574e-43,7.417753943630006e-12,1.7852747536381482e-30,1.5965625479106017e-38,6.3558825075719395e-31,0.02350689880284905,3.6758967243418377e-11,0.012093128056635302,1.4000830335310927e-21,0.020164546808730963,0.008862040987007916,2.2416211054556133e-20,2.938466281349283e-20,0.00017959710453159763,8.82909220245313e-23,0.006920346209928666,0.007607966490150992,0.023168407652974645,0.01060795782093494,1.7275313908530592e-18,0.035774110336338434,6.744150458360166e-11,1.3476984065951773e-9,0.027110104917573048,2.8147577295481706e-19,0.037962997501019585,0.016253105867950823,0.02705689539721385,2.5920013840309513e-18,2.2377870801012728e-5,0.03431437081902255,1.0323997477783288e-7,0.03612537066044352,0.035805647168485305,0.0005306306881384813,0.010298404272301472,0.04249103866890146,0.0063639048570179445,0.0070806461996302805,0.0317033290146308,0.04362300630577095,0.017423547264015352,0.0004452491643417989,0.044950296065201366,7.323592448129553e-10,0.0025097699829055064,3.8219257196107023e-13,0.027367155372884477,1.1790410174055914e-6,0.02561292576047441,0.038267755461249615,7.93271650405385e-19,0.021005516800676274,0.010422473344700946,6.892318330826503e-7,2.188177096506276e-15,1.3185216941472083e-21,0.0405662775195123,1.3622253433480113e-6,1.3928687224118925e-6,1.0831667871162766e-21,0.04392044786552176,0.0011993277316889785,0.009867664795795683,0.03796478372189281,7.885556844993748e-11,2.288714845802633e-40,5.213713720396506e-25,0.012267333853670594,1.2331287073090762e-35,1.3392590067880722e-23,0.0035898769515287183,3.0479065815961123e-46,3.0071577074799154e-28,0.028480364636063574,0.009911730644888952,3.94048280887052e-14,3.0032645019360166e-26,2.5916121731602007e-24,1.8219181585566845e-37,1.6365203503719456e-28,0.0022461016462585093,8.685967888073163e-20,0.006927684683785609,1.082261299931304e-61,1.2438298627083504e-51,0.009991734765485679,8.701852606574099e-5,1.774645732044705e-78,2.0504817268525704e-43,4.267415600624646e-23,8.378443303777713e-86,1.264265366420292e-46,2.6132467969415856e-31,0.011329293346262438,0.005490153360303713,6.69912304774493e-87,3.434503209628181e-57,8.093804783720723e-80,2.7710063141946925e-125,1.231058926934051e-73,7.099641910243303e-48,1.5951406578809653e-7,7.627301638702967e-16,3.9736378098540263e-51,2.5682270479003985e-10,8.412390108169744e-64,0.003580483326900539,0.003821040043251828,0.0029347880383022947,4.002253238146921e-59,0.012378380145858759,2.0093600952535404e-77,0.0035620444359359396,1.5651234643981377e-21,2.6665123931500383e-5,7.343298537291699e-14,2.0044345594828145e-79,3.395724327185948e-114,1.1202129973337422e-66,3.1560527027169306e-111,2.3739678957637222e-85,6.73927817153015e-91,4.9348491176985795e-50,8.033608128974486e-51,7.20725147475053e-135,1.4296359048228223e-213
7.15612602996361e-68,2.516313041775745e-52,6.057105076462336e-42,0.02129442687844304,8.006503430289621e-54,0.01043850596276277,2.9156760276704963e-45,1.0743325494328678e-36,1.2595188875799522e-14,0.024951078734010434,1.7303691991248083e-38,3.0513858728162566e-31,6.222086951216788e-23,1.0318087084591513e-9,0.010478821248424133,1.4869778039870578e-11,1.0189934224024384e-24,1.3684314813695801e-52,2.054930303868011e-22,1.2287810625000679e-19,0.060916544959301044,6.2716023974645325e-49,0.010908958863527189,4.2932243219852696e-7,0.029629405885610298,0.019349308883312377,4.406440869141527e-19,0.02648627401347115,1.6791000368094483e-37,2.021488625413215e-8,3.0740205512650093e-6,0.06135161185746917,0.08037796668140305,3.599419805530547e-17,0.034551071206569736,9.588542828002018e-21,0.012579570997434297,9.565297658689255e-19,1.1228696427604766e-28,6.226131768703811e-14,8.567210039206994e-16,3.209946795531163e-5,6.284338530361368e-20,8.629889318764262e-15,6.552910225773383e-39,7.983649389598463e-39,1.3854811256692074e-16,2.042079218528128e-15,8.519575146657798e-16,4.181771645284881e-28,2.617440277792151e-26,9.321502737679494e-5,0.11543698875704059,6.404741865135118e-16,2.897472331338865e-14,3.5438827215974265e-9,1.5081212036158462e-42,0.00032028397860771313,0.041062897000330854,5.685492595285665e-6,1.6802392801687637e-13,2.373544716530827e-13,0.008545585317971713,3.586024724908066e-19,6.9291290369022e-29,1.4581620601574065e-22,0.00335852043017872,0.00011833449893272673,0.034046409139477964,7.97099169877105e-8,0.07959155243988549,0.03999063540014394,0.030670296596348682,1.8400024110942055e-11,3.982089183282708e-35,0.012687537325180452,0.029349833400914026,4.0887540128444747e-10,3.06029941907621e-25,0.006100744094000408,1.2133904111420435e-34,3.6589098960755243e-40,2.835805387988359e-25,7.050990565322028e-61,0.016465645723721157,4.039108152034788e-12,1.0280327758893976e-8,1.694113794212557e-40,1.6477517143589966e-44,0.023087699269819777,3.008125120963089e-37,2.2874457838382598e-57,5.854343775336684e-10,4.3830319811637145e-32,3.932313595356029e-47,1.9014380626645183e-45,3.0004781004457753e-38,1.1380700447281926e-52,1.5925122274595787e-29,1.641881784024561e-35,1.2541831720935795e-43,2.0434126392856664e-17,2.8617466078203238e-36,2.1787358507171237e-21,3.9931089795975805e-22,2.577072345959647e-49,3.27514772822189e-45,1.504336818629236e-40,1.4097804587088798e-31,0.012484732595379175,3.0936705443914994e-47,4.757744776744055e-11,1.3344635005626336e-39,9.841146685905167e-8,3.560021374292366e-19,2.2310328390043784e-6,6.729786200648461e-12,2.9607897561912794e-47,3.701812776319056e-37,3.188119808177079e-53,1.4612075957765343e-22,5.342040399945577e-45,2.6039630473792283e-27,5.978442317435715e-54,0.014970260820246521,1.1950330706748942e-75,2.6748282634913062e-42,4.045226924407541e-56,0.013943189340613856,4.029960202893258e-19,2.0204703048621025e-31,2.9731920826294863e-53,1.8144661533161766e-34,6.09870286755652e-15,0.005131818573319905,7.448217085962026e-60,1.4107495797343218e-35,2.8983294576008485e-22,1.942171063004035e-55,5.128045708585176e-50,1.4107793341172795e-56,6.416859629824858e-62,6.845479946323019e-7,8.402434785804563e-40,4.714702013577441e-75,1.8604102318517907e-69,3.4103604673625284e-55,5.41338752228787e-81,1.833373535586323e-53,4.663397410269978e-60,9.229782665536186e-52,0.006171949944005642,5.964588029990301e-56,0.007476558655611849,0.013877944638762274,3.190552401183765e-63,0.007145632431343531,2.3690043003332977e-59,2.0020488342857236e-29,3.832785470350094e-67,4.443225278626665e-38,1.6349162138527708e-52,1.362302547932039e-57,2.5329619028688594e-51,5.152426199358729e-55,2.6000388991839325e-44,9.784134830984491e-64,1.3695182706517902e-59,1.3037011699903459e-49,7.737487782194585e-17,6.916866829715409e-32,2.838107688883482e-34,3.1639217275079896e-63,0.008298739298258837,5.3970397841166695e-58,3.1753281576673576e-43,8.296546700102238e-56,4.748043666500635e-51,1.0963473218980493e-50,9.68550448175658e-72,5.79518080671962e-51,0.00922236698280625,0.0061560437288594155,0.011283881052497915,0.02560040237915879,2.120308561220026e-33,4.842594047680983e-49,3.545147918793415e-20,9.096168373668747e-77,1.6009803180135524e-94,0.013952336824354906,1.377680483999206e-75,7.119148101226346e-54,6.324237762164225e-58,8.958619866177333e-96,5.37089401259721e-94,1.445648843423801e-111,9.235005041365902e-98,2.6661144327392462e-112,8.329856577814674e-124
9.447787022581314e-163,4.117467960027595e-162,4.4069395663963794e-72,5.822833495564724e-30,3.9318974751489007e-146,4.973055898697344e-100,1.267596027279352e-80,2.6389369101208803e-92,5.898356615339498e-51,7.819741956867032e-91,1.6965381505292612e-67,4.4901309386318775e-71,1.8160141654264778e-52,2.2088808324676576e-7,6.5915041727119006e-37,1.3973029465274038e-35,2.6506434048993028e-68,2.590542783103826e-39,0.00889924158412779,1.2286097587689874e-29,1.5762517982342735e-13,9.44924974055074e-22,4.765601706395043e-70,4.239839363454389e-62,0.0034446968583659995,1.1237047742794364e-22,1.2874691887284142e-42,0.012006048536409233,0.026502240818192233,3.7243626098006216e-27,1.8309050902325195e-22,0.016087364174905066,1.9078231702668638e-36,1.130860373116413e-15,1.972399889046447e-29,5.95034688965511e-32,0.008751533839516816,9.358355515438795e-34,1.4837537247326676e-35,1.3101601272975283e-19,6.329102479537803e-23,2.54757164182367e-53,0.02596322843952702,1.815807797296398e-33,0.017705462113750407,2.853836573767502e-47,1.8349032414547822e-7,2.0147375586815882e-39,1.1537804138048086e-35,0.02384411384618149,2.1405760453327865e-38,3.395561103028181e-14,0.00521261561738558,4.5250994291690165e-41,3.308478577742212e-42,3.7416396634465727e-11,5.130482443907392e-36,0.009567446497542372,0.03136103418837752,0.0065068278506505576,7.8813305895290505e-25,8.499737033214798e-8,4.4207864059662025e-27,0.03296645343504136,0.005488304470884384,0.026123260572059305,0.011151851803125012,5.45702777404268e-36,3.767946251134852e-8,5.490434438864344e-21,3.5931537136212603e-26,0.025600629905299713,5.4913938687599306e-33,0.022494301753960628,0.024814032718559878,6.282842828254292e-24,0.0069861343410972335,0.02709486088397202,0.01208363605523894,0.0633408230776196,5.4711508843298475e-5,0.0003532674338679754,6.166728067987316e-38,0.03731824466206889,0.00821313816471765,0.024738816616506846,0.033026246141738706,0.03670142620639528,8.834210165356377e-22,0.009804944875193563,0.01680146571438563,2.7961370238870104e-16,0.004659619612975726,2.5472364863359303e-29,0.0017119676683092888,3.041125474585774e-16,9.259177386307007e-5,3.434186661354167e-27,2.8389041986258073e-35,4.651226303997256e-24,1.3564993666781907e-33,0.03476990486582244,0.005182022685143391,0.04072542879240218,0.02461896318625524,0.02465450770902349,0.05362538533496013,6.636642428096728e-19,3.066502755768657e-27,0.019741753792333998,6.907605245241957e-15,0.00812232710498609,4.0467551433203655e-9,0.003785557819602266,5.887334259641115e-16,3.257791905231129e-31,0.0101068352283067,6.862990185531037e-19,0.0043256877195361025,3.850292443759882e-15,8.914333006898e-6,2.9207335380115305e-32,4.120841807012273e-27,9.103515347819227e-25,4.7083649767730025e-16,1.7697161702787398e-54,3.1964161146856333e-60,0.0079292262677069,2.8290336338668178e-36,1.282814852805484e-8,0.0008499100410866208,0.009376192459954259,7.550760066406463e-31,2.6077589930268406e-24,1.0845229329153078e-34,2.1182653224265995e-26,6.801430998323195e-48,0.02128235310834575,3.047737771730486e-19,5.801914769700873e-36,1.5627879451220536e-22,2.4571865756055536e-11,8.232793321535031e-21,2.1459507111722622e-51,0.010842778478112393,1.289526520061305e-52,0.016370538383351854,0.008638120142231389,0.021251398339136585,4.177540254171301e-25,9.99828352250062e-45,4.310289164595807e-11,2.6296224292412703e-15,4.312110729412937e-55,6.5834551506495e-51,3.334468273757793e-29,0.004290714201014106,3.4545236430434795e-20,0.012055277004440474,1.689493315959657e-22,1.3967460390954317e-40,9.053463682177001e-52,1.006749789140367e-46,0.013941824235797545,4.7659140691636296e-45,0.004800147920952996,1.0708396486124228e-52,1.9786446776868927e-32,3.778530849225521e-68,1.1760112198622213e-83,3.6666537859000526e-32,1.3884145476768232e-56,3.8576010041942904e-23,3.29749216186923e-55,3.079408442037553e-53,6.064825380289702e-51,4.3592391651210806e-57,6.08364144485402e-46,3.306074199593929e-50,1.5660886578542043e-30,5.641187235332751e-26,1.0097559188327215e-34,3.0349819572133724e-57,2.7281289127061595e-25,1.1612252020702952e-18,4.0171475479018065e-32,7.626263365872435e-12,7.626782791580721e-38,7.573740722044914e-39,0.0073597884109362684,3.2070599362636315e-45,9.94425173778522e-48,8.36756667759803e-43,1.2451519843740188e-34,0.0038713146318288226,5.507741691836624e-23,3.5689470946098145e-44,7.722633578347896e-73,1.9412011372038746e-58,4.1206959467976997e-135
2.097732790732187e-178,2.921553568027878e-52,2.4814732066668203e-195,4.677072531806913e-44,2.2428296268572753e-284,4.827697990606172e-85,1.1965592791275195e-102,6.7945600023635e-203,3.2127106424181665e-57,1.3660396434165045e-49,4.1293850484519215e-112,3.943689968645095e-185,5.0013214090323836e-108,5.857569381083699e-100,2.803955631049158e-129,5.2713660088290033e-101,6.951119787171595e-128,1.3922036403924153e-67,1.042444375128817e-140,2.829844808213368e-137,1.2974133129335858e-60,3.0375353228329404e-81,6.334124390649969e-40,8.348517534610291e-120,9.287993860541069e-17,1.7508969296958548e-103,4.67223934664372e-98,1.3629480985927838e-114,4.08844433963195e-170,3.6821863867454174e-121,7.246287453889971e-118,1.9489446172488974e-70,7.804918078530102e-69,7.560203243214837e-64,0.0016644474247009846,7.917287586393887e-77,2.1155993467070487e-66,2.601546176610766e-85,1.8038387513437557e-107,1.0268258277243425e-149,6.715774226730909e-46,6.694187954922896e-103,1.2239280345820793e-75,1.9933736546587298e-28,6.108998932220673e-82,1.1439498966171478e-126,1.9915655790582508e-97,1.1162596884032416e-144,3.0939101227734045e-68,3.9276114271248947e-66,2.9751078136868867e-74,0.0006151492608741734,2.3851396737526146e-102,5.629213549696793e-44,1.7929074086203984e-109,2.008330900061063e-95,1.822252993744989e-24,1.8354017809982568e-83,7.670791720086604e-93,7.656349591532943e-85,4.2299132170658665e-93,5.968222415775759e-41,2.07101636663756e-30,1.2212787162260819e-20,5.333301494026075e-76,4.845401281776192e-22,2.101820188090245e-101,1.432291563751372e-85,3.972106514944377e-88,2.2763226626792963e-57,6.518158576883369e-63,6.54465642774e-42,1.73706149043227e-27,4.802320229270345e-58,1.3368455468425405e-24,1.4529756893254216e-81,1.755102800648975e-74,1.9127136960618005e-94,1.2776501797232527e-74,3.3468381421816576e-65,4.030938861780728e-57,4.58803902029683e-43,6.610674719705573e-35,1.7864189120498052e-57,5.34008735749546e-57,1.3234632589498902e-101,5.245186520117012e-34,3.287695897470947e-52,1.51640317153133e-54,2.200104718910963e-45,3.805724587402907e-25,5.655408448269626e-88,1.0220004700306656e-62,2.957591032660059e-30,3.4225766702450544e-25,7.788079106572267e-60,3.3016466620171694e-25,1.604385371278975e-58,3.5208090975328496e-51,1.7484894341442117e-80,1.8932572507122382e-46,0.0006606351494054799,0.0011361209016821756,9.873554945897728e-24,3.006600014114513e-29,0.0011095914663043383,1.8905222448398002e-49,1.2943681013308874e-64,3.4582372340504805e-53,9.739888963303424e-40,0.0007496337522012955,1.4026043628663061e-67,1.6165721164679892e-37,1.1532653041237352e-37,3.579819068947934e-42,1.0704960810461956e-49,1.8035490784100958e-52,0.001110391759997156,1.0005039206828503e-21,1.3090863852495476e-16,3.14566327365243e-21,2.0793785235648703e-30,1.4712697077318084e-48,1.4301838133275311e-27,2.3582753503922283e-7,1.0475487841184061e-60,1.4307547988168465e-79,1.1568442685588716e-53,0.0005784015006680323,1.057954488620595e-6,1.3748416056409042e-34,1.9568013701771534e-51,4.3273695698220296e-42,0.0002994629355823174,1.424735747954954e-44,0.0006638978848024894,3.641290251343417e-10,2.038669238473608e-61,3.3611880353436215e-63,2.514923696207979e-18,4.274198340728553e-12,3.157151478888832e-28,0.0007224922095059071,5.949458065872279e-44,0.0010478810154622017,2.1801939303120836e-42,3.66183232064831e-7,0.0030970633267141962,3.3818301684304858e-34,4.987523534195068e-33,6.088606196726566e-9,1.0983076858782359e-33,7.686593964341253e-30,5.303162611157992e-25,0.0012497391081213464,2.3840825063016647e-20,0.0009756637336786264,9.334874183761857e-41,6.131884355115844e-20,2.793993110329629e-10,0.003460475679588362,8.688830059746292e-21,0.0007089565614304577,0.0036842735920541016,2.242861883856707e-19,2.6646220009318784e-16,0.004394468772604038,1.0099920215772744e-21,0.0025834107043589383,2.6548839541279657e-11,8.462924047648113e-17,8.810392176320878e-8,0.003324876759000752,1.0548157162552721e-13,2.7814628887784835e-15,0.010616679027088027,0.00391268942977685,0.004294757602096744,0.006787185899611404,0.0019336901130337617,0.0037466664327180975,0.016852540410712626,0.008748964605407054,0.015779580243550608,0.011429815948216375,0.007179844366553052,0.0056539143381738885,0.016540446869632297,0.015736794401762417,0.047251223648678536,0.05506874379456712,0.07806340156074171,0.06889349285127916,0.06825907294824297,0.07847917501801065,0.06658845460969924,0.09426472633425614,0.09509911310395795,0.08770874448152753,0.0972714936297244
3.6953562606725434e-208,9.649646055707174e-200,4.390441160731204e-110,5.4420856158206525e-93,8.1080310236279565e-84,3.3789017558817046e-115,4.418851564699344e-97,4.956581817004561e-96,2.5090483263014325e-105,1.120043898730613e-71,1.2459528017572883e-113,4.049377305208613e-106,6.715933618959638e-69,5.149390407801073e-66,2.929767077541222e-63,3.3176102371857275e-49,3.7082554445537597e-57,1.5536789873519513e-11,3.3869677520958704e-31,7.403712516873324e-77,7.454851014420504e-73,1.882155674361557e-83,1.4701696310882652e-73,2.0261026279712912e-26,0.0025901994434915443,2.508846728485771e-66,2.9556857927983783e-43,2.063187094110236e-21,5.033000973878322e-31,2.0636369148923024e-43,3.354185086001839e-39,3.693271570386911e-40,2.7836225523740026e-27,1.6890208456605578e-31,4.149883538275019e-52,8.821025847742277e-42,1.2494737950093212e-22,6.998208887682363e-39,1.5193995829917017e-6,5.352669518021762e-17,9.699970470557334e-18,2.5247944768442762e-14,1.8802970104738565e-14,6.375139818673732e-11,2.549612985126751e-11,3.173044802101207e-36,4.947076497502796e-26,0.0012804060248999736,3.02416978094139e-21,2.665392311975483e-14,6.243509102313085e-35,1.4291905862326645e-13,0.0007163993113224827,1.1406557646991727e-30,3.479042573122817e-52,4.67301365682788e-23,0.003821497945785629,1.679215932891379e-23,9.284200396279034e-39,0.0002688724526834608,0.005437534337039465,0.009766926946656252,9.980138852579128e-30,0.0074773418139508635,7.036605842971292e-23,3.544990970282121e-23,0.00026256136598113827,0.0002945456199354512,3.357464270751668e-9,0.002843288155171468,7.686531490899868e-13,2.7026699231629783e-12,0.0066232974481603086,0.0049582132914121335,0.010199173223269816,0.015079377529162292,2.488984293864751e-7,6.806415723697173e-11,0.003853352778724123,0.0006605820519566124,0.009207524963611432,2.8809035435566026e-5,0.00950847242007185,0.001963015965112482,9.990696100073156e-5,0.010046801577476238,0.006331401802686827,1.0198151710022797e-7,0.010455474245628685,0.027807985177973588,0.011492697531816962,0.011405712483136602,0.01798035746108833,0.016567647634406154,0.031537916352459776,0.029190099401487618,0.0258752764514419,0.02173597457752551,0.01824725242987607,0.010235577758553896,0.05006662270135483,4.952654927106217e-6,0.01409237322454094,0.04020800133960196,0.029226106340019008,0.03419196933821376,0.03736677274790058,0.054164410927703396,0.04568486789792159,0.05596181563922262,0.03856246860355505,0.026971726193743835,0.024022843480174545,0.02506997943942678,0.03461259127573248,0.02137423078700932,1.679650027915524e-10,0.0020072706631043507,0.00913507768908854,0.005034970454820308,0.017205287461549278,0.015529472291547811,0.01044242786351691,0.018834514267673897,0.011599908621391429,2.4257573992405963e-13,0.009263868008022176,0.01184591213967027,5.261513031680384e-12,4.6612352464282045e-17,3.324714742368345e-26,9.165270670642751e-14,2.0856437339734195e-14,0.008538478115657694,0.0002916722069990221,6.1599628676306e-12,3.733322405811389e-61,8.911755151152785e-13,4.978300904762208e-16,2.8811412946301425e-52,3.342669812054926e-59,1.623121563793125e-54,2.1259233348627764e-70,0.00014344613224813227,2.372839020389651e-34,3.539548255555084e-49,0.0011806252710524939,1.386368354495267e-29,2.467172264630512e-60,4.648259390218484e-108,5.804532993931025e-17,3.264906055824895e-83,4.5148822397828195e-34,5.964551874212466e-78,3.984532009795719e-48,1.1627638102282247e-79,2.3804217182769737e-88,1.6294985823408968e-50,1.8229555730356907e-73,3.3902559622643155e-81,1.0384237958260438e-57,5.3072253936372265e-99,1.9403162894206545e-81,2.7626585209523213e-71,8.066693028949712e-89,1.6277526859274867e-29,3.4921260799928957e-16,6.803531714634062e-67,4.218059611264233e-81,7.80992513214909e-68,1.6134991863950316e-21,3.3519944324174464e-119,1.5470500744105516e-127,4.732248550844896e-126,5.698594241482108e-71,2.194386236980483e-93,5.2803545548657904e-127,8.832562858889234e-60,3.9624029056663015e-29,9.135651439895632e-107,2.4103789684158383e-30,9.945063202351879e-99,1.9437835853108088e-114,7.665425503987754e-59,2.350324637080702e-82,2.7999999225052476e-50,0.001511988258055715,1.293332725699383e-27,4.0931657652049487e-88,5.7030635767321266e-95,3.0260574430184854e-34,2.0270687970304703e-145,4.7014427223282814e-142,7.129982458909162e-71,1.1084800496569468e-88,7.075510287361696e-79,5.777563146500085e-104,7.154857790069687e-108,5.665008927915438e-156,8.186838983663974e-248
1.0948794394456925e-259,9.297268314345654e-126,6.409617674206171e-163,7.225531499707831e-184,2.1164563140173355e-277,1.0458533389418758e-246,5.855025228138939e-165,1.4180969859084183e-158,1.7966348664627304e-60,7.667322187317474e-152,4.399091909687884e-165,4.4855695376195865e-158,1.9301830972706093e-121,6.008420000682845e-125,2.0419346367270226e-130,4.592128772477828e-163,1.2877366937923684e-160,8.255608763821646e-160,1.8791894561896332e-32,2.4762449985807717e-80,1.553728608611971e-63,1.140890606028055e-136,1.763119404522655e-74,1.8974693998815343e-66,5.089415714149006e-142,1.2571694363577848e-107,7.257374228558998e-137,3.249237913566712e-88,1.1815287848555793e-118,9.542484862466207e-116,3.794806231818993e-116,1.0014508805981208e-89,3.3921189390284265e-67,3.4676639284507718e-31,5.278429858630824e-71,1.6160919221202394e-101,1.2610364383498692e-46,1.5800862458439986e-79,1.2719309938307992e-34,2.8292296253248883e-38,1.5517524716318478e-33,5.9481565948857104e-33,5.003713465201387e-12,3.1738387524817717e-54,1.8157335110909605e-97,6.547749407111354e-106,1.6328172728826406e-74,1.6944009616461967e-47,1.5303193021422343e-72,1.2555502201426665e-88,6.55218445831199e-38,1.9615951927028576e-72,1.129809796521277e-80,2.007432380355009e-40,1.0144311903145561e-114,1.1383063416846951e-87,5.73703569342285e-88,1.581489761887614e-44,1.060602784635333e-37,1.9098284050933152e-41,3.193094226176888e-44,8.623272305463889e-25,1.84046243758942e-38,2.2720744530004255e-33,5.4486182818390465e-34,7.428996955815187e-32,2.1788185147401708e-14,3.261338632207318e-15,1.0911038996146901e-63,1.2311721899174296e-24,8.523699330542931e-60,4.4549780012320457e-32,1.4647540808462978e-31,6.256314966454165e-17,1.2120160040895317e-19,1.1578496743457007e-19,5.741413552754661e-33,7.664292932096575e-32,3.2209841289245045e-46,4.4685075460556335e-20,8.003608591536711e-13,5.773349193729482e-32,8.034560558791313e-46,3.3938565166071176e-21,1.1421202736629246e-14,3.4081047523435883e-38,2.0153418135061948e-27,2.013922371593792e-27,4.024887079766057e-20,2.1878315528604276e-25,2.340374680927291e-21,4.9134756723447006e-33,2.179633774011921e-22,2.4910460905648948e-20,3.939054477479665e-18,1.5106537388481792e-17,2.2876010243549804e-13,7.271573818479666e-6,0.000147452498207275,8.408892450756178e-8,1.4389230095084374e-5,7.895630892563451e-11,4.280535708784512e-20,0.004015805746333804,9.066756565480213e-17,2.3075878404018517e-22,4.5063728418392165e-11,3.454181917692559e-7,8.58318375610944e-6,2.0311685012668485e-14,2.3106578792217377e-17,4.137277228428496e-14,0.0017610958345802713,0.0025296087252690068,8.972570270372687e-5,1.842299735497296e-6,9.53323194939296e-5,7.63021648572144e-8,0.03997165908756868,1.5723946619595145e-6,7.591296902280352e-6,0.0013942545295127073,4.9585348417584335e-5,0.007058065218956369,7.296173551991443e-5,0.031841185786106424,0.004014578304402104,0.04092187062062617,7.861646177028505e-5,0.06519267315610124,1.773180105225314e-7,9.222004017546437e-6,0.2228706052506921,3.3097568222947405e-5,0.09542652556863736,0.004109754208564332,0.01022291835366444,0.08194828300577507,0.011319302723795895,0.000512953009395419,0.11344780637936387,1.5712611604433017e-6,0.0023171074787286553,0.006214289496148156,0.05039056475320255,0.061495703183961796,0.08467034737422378,0.013043470132293105,5.729347088573448e-5,3.296880031706849e-5,9.742568431471597e-5,2.7245374512911842e-11,0.022403477949239928,0.0013033941793580085,6.148573439556244e-8,1.1693637830918369e-7,3.9881725433090206e-7,1.49181208590347e-7,6.868515680172255e-9,1.3534819107856688e-8,1.975073625388929e-7,2.1355657076806154e-5,0.00017360335416411084,4.4308061392860005e-13,1.6720045387642939e-22,4.0717144945744496e-9,2.4000067242434084e-10,1.2533748592321253e-14,6.580308976614138e-19,8.594347176441044e-42,4.865656945302818e-17,0.004485940297246697,1.2684207232808767e-37,1.3995625156010554e-30,6.859049979343065e-35,3.44414209728851e-15,0.003765921299472294,0.0024135976898543056,1.1926958758046819e-15,1.2423483630469286e-17,1.6254707568534533e-17,2.6562948358670277e-12,2.6623856078240403e-26,1.0984276435292702e-27,4.183656486708109e-17,1.113564313414666e-17,2.049437296776934e-25,5.765664619215535e-10,1.5323430062372282e-11,1.789031348394664e-12,0.007934146287103861,6.187365001583307e-72,1.1966052468818143e-53,3.741451737665719e-35,6.723369066474597e-31,2.2962257437640338e-20,3.995093189490048e-35,1.0824209093648013e-13,2.0840477488147323e-59,1.2534978684110473e-131
2.2421329659407688e-215,3.54682211184195e-121,6.691422620292269e-140,9.187459049849644e-142,1.9021205647120547e-197,9.216571138351175e-127,1.8998503441858263e-81,2.8735369229211965e-105,3.00984438793839e-130,3.6720322456826944e-100,5.162996507749276e-95,6.672010497971085e-75,2.269848703084202e-53,6.266977415182964e-60,6.76384867939376e-89,1.2097391722741183e-55,4.73686642998903e-103,3.6281373686585845e-94,4.860231626651243e-26,8.831503232904678e-14,2.423050297225032e-56,2.567869634331892e-62,3.109333390439978e-73,9.962868556635142e-77,6.621962145366716e-111,2.2412791188433584e-84,4.437911272636456e-41,2.4600645656736313e-65,1.1013892520530974e-82,6.287360380190311e-46,2.5354142164626164e-66,1.5145154718676133e-59,2.9654674483424505e-29,0.0026420780277926614,3.634616420208061e-36,6.131425005733275e-40,1.835541764953873e-42,1.7441257255605075e-38,0.0030242267023412573,2.415091402084973e-50,4.037555609604402e-44,3.397283275621161e-30,1.3601287265906992e-23,7.453166923743457e-53,1.5791187421763846e-53,1.6795445614560834e-65,0.0025065760191057486,2.535972554174793e-52,1.1180422268794997e-44,2.6081080726556295e-60,8.468104424711106e-36,7.018133796196658e-28,5.160866109380116e-8,5.682803880813534e-40,1.9868845236235766e-52,2.719231627432295e-48,3.2012377975388996e-52,2.859023457536174e-5,8.002142107219135e-21,4.114860776777319e-16,2.358818187888021e-9,3.3004523857925485e-24,0.006301188899247722,6.044022735012052e-20,5.714145658867352e-40,0.019863054170738918,1.1814102352780236e-10,2.917929481593875e-28,7.052217567798502e-16,2.1452228786090817e-20,1.3574958109950317e-38,8.260641445989687e-26,6.37050115843157e-31,0.0011857800488044492,9.975085695664e-13,3.8989443495144203e-14,0.000530458227342508,2.4280883444595615e-27,1.484427236779246e-19,0.0035478849421548986,0.017376128530587325,4.279358842545482e-6,2.684415066082469e-18,0.0022604412211601607,1.0246021613897796e-6,0.00727288789169406,0.008587409479882794,0.011936084122373127,0.01646255618326133,2.699265108459879e-23,5.627738269322566e-10,0.03079740312903633,2.5303983089589478e-11,0.010387013957274292,0.0007334927477251049,0.0375548220523491,0.010550300594580066,0.05040596809461999,0.026058556258141997,0.019906195425462878,0.0063373132407726716,0.018805836707473465,0.022972980092684284,2.678817632951036e-10,0.025476346911636114,0.0376692921055479,0.019676378896897374,0.007556246422014269,0.04590416522748402,0.035992375556938114,0.009184665528791899,0.01964279513329378,0.07429819512108787,0.035033738279813466,0.04982642299309852,0.03033110273625925,0.027447302579852922,0.011033231230057897,0.0600866351436475,0.020019660565189192,0.020187617196175612,0.004567412859681973,0.004418509195633108,1.2047421512420344e-9,0.03602182929600055,0.013832743012125547,8.542529795704802e-12,0.003039412339703622,0.0006336439755041535,0.005875046106126005,0.007631979349063523,0.029117165384452377,0.009835972253383129,3.8533762719370464e-16,3.0658724070533353e-10,1.0433363215224733e-11,1.2547009728831953e-22,1.511311979561801e-12,0.0027154873794308855,7.157659857000003e-15,2.2667282814685485e-14,7.042583425529028e-14,2.6720356647787816e-19,9.868743619007436e-31,3.3226630711594624e-21,2.093344605188099e-37,6.383928276337954e-18,5.757433296705765e-15,1.511414009240795e-32,3.59647592483388e-22,6.0136897163811016e-40,1.7589799809688648e-32,2.6882689183758614e-6,3.830557798707756e-51,3.805914106018124e-32,1.4875192780822085e-31,6.299881219507756e-40,7.585402788341051e-41,1.1063530361680499e-45,2.0071683672856904e-41,9.382539565717488e-36,6.853750149374129e-27,4.337342114291261e-60,2.5827626103665084e-45,2.951867932112639e-63,7.018596856026833e-48,8.98232470758429e-22,9.95600289351908e-45,0.001686108909406603,7.960669288060618e-82,9.972865210074295e-23,8.614916243876025e-59,2.1700446965421655e-88,1.278666080420673e-67,4.093396210955352e-24,1.0050604005100178e-50,4.178936306981654e-59,1.6276237365523478e-33,1.6344630004411276e-10,8.8254577223452e-20,2.2525869186165734e-20,1.649201894538861e-27,2.3299354719873913e-61,0.004176707580883442,6.120127155799889e-32,2.310667649657097e-44,3.033590600027546e-31,0.009038534861623222,1.6338105240405055e-14,2.785762949688317e-23,1.6002796237797704e-65,7.191922060755327e-105,4.0989969017705806e-54,1.4210573578822543e-57,5.26249405580142e-59,2.745061376047367e-57,1.549659843318744e-38,4.826623142739029e-63,1.4575304703627815e-151,5.800756472867535e-216
2.252437767729167e-139,1.989320435886468e-127,2.9371469450737155e-61,6.533969278734042e-29,3.729738093349166e-68,6.39216302396629e-52,3.3988450343423e-42,6.122781675873836e-27,1.0080754254637698e-62,1.0015823547777563e-62,1.233503425635029e-67,5.315692880455759e-43,5.443778175330646e-38,6.927775242642881e-21,1.83620475647636e-34,6.80326682755584e-35,4.786822146415568e-36,4.909556744798386e-17,2.6148177000741094e-23,9.567555527619779e-42,2.3237992452017568e-39,1.571700186584975e-21,1.0807984864403472e-26,5.191075420625936e-19,2.8290399216095956e-23,5.437246877826077e-16,0.003632733793197727,4.78849275754414e-15,1.2307987981924154e-11,7.915023988515024e-19,1.4581422771371262e-6,0.002705759705806074,1.4398814260955608e-9,0.014251456353594559,1.8816808360324297e-5,1.1796243698529076e-6,4.040529686621183e-7,0.019679655064389335,1.6980854047112497e-7,2.7653937665908097e-15,7.324923112852458e-6,0.00579066005117177,6.346278988064394e-8,3.926757241908073e-7,0.004944475827043191,0.012226252327098324,6.118209326585788e-10,1.1449872967611364e-18,0.04839481238084798,0.0011077599618592416,0.03049966910245811,0.04833167934154332,4.125337966677571e-8,0.01596388966188329,1.0548371048037866e-7,1.1315414659317785e-5,0.0027698159609257414,0.02936963794302293,0.07070037616463318,0.05874223163977827,0.03388932326879365,0.02954033840940024,1.2805473857744297e-7,5.786362009742004e-8,0.0060252819506413195,0.005689001864612335,0.0641427214435344,0.06278054980888956,4.590156653381592e-9,0.00036643852166518156,0.0544429696254891,0.07298601870443942,0.04049992045290976,2.748434997373927e-14,0.018737826064483886,0.02508175246375296,0.030410984921561184,0.0007691687046611274,0.00021794708603561558,0.02032794309953317,6.851442082613504e-5,0.01791227585837714,1.552643556859489e-8,0.00913553039818643,0.008205185833155191,0.024482180405562288,0.012752886817569106,2.2809125968510306e-10,0.00011295543713607947,1.1004288821984892e-9,0.016773098365454403,4.845923755092789e-8,9.84454023989592e-14,3.7084962365902092e-6,0.009483215944487984,0.011490981251299172,0.00021191947130437273,0.008326927744058627,2.9514034417132942e-8,0.02135207001141384,0.0027430772487724107,3.5351548522060395e-7,6.375136247218665e-11,5.639670537239659e-22,0.00010593622874986218,2.8427480659728443e-14,2.3286910394440945e-27,8.823910419322862e-15,0.0018317203747751606,6.441060320445415e-17,1.0719560434000585e-6,3.022429535094024e-22,1.144715273256014e-19,7.308153603925554e-13,3.2328883592197415e-31,5.282189832937667e-20,6.948380137933463e-23,0.008418841478367918,4.350861492746683e-36,1.4343050500623956e-23,2.9765148669030825e-35,6.279305134270199e-41,4.2942957730068866e-36,4.478720569299408e-41,1.3472948824940638e-33,1.5651057242344817e-31,8.394709581151606e-43,3.6166844501971236e-36,2.2396777631556806e-46,7.917175593837498e-25,0.002040273010366859,3.5840708139411838e-37,3.1137871248501153e-20,4.729421145656364e-44,1.3519126834795503e-26,0.007162200276683173,1.2010898206835097e-79,1.1375393483950303e-49,2.6515485348084124e-54,3.530750025902141e-28,4.2885336452175415e-103,2.8099197395562696e-62,7.400202687326876e-93,8.661231501237574e-44,5.2229784793950234e-79,1.173482560056578e-127,2.5246923051276862e-73,3.582037614982617e-91,2.6483259878063873e-58,3.255793843836815e-124,3.973844753164848e-90,1.8349872535078597e-10,0.0016238894586406078,3.015575044606201e-90,8.930470205236993e-57,4.0848226345614315e-61,1.129474173046055e-121,5.22827161815235e-119,4.7714016842815625e-74,9.758947583005094e-65,1.1137266889773483e-105,6.697492158945124e-107,9.868470399728825e-33,1.0260636906216063e-101,3.8005123405086875e-44,1.5544588835737198e-40,1.841458023794931e-25,1.283379788251814e-71,8.755175501675943e-84,2.882132740850386e-108,3.155546681629182e-51,5.144100331208394e-79,6.09733632538351e-77,1.7940364127547598e-96,4.0632096807177325e-66,7.28011985498432e-76,4.197234587440026e-164,5.147273838522142e-38,2.6955451739357756e-65,9.15529977954151e-137,1.941166159790656e-158,2.7397113450257018e-109,1.6539926556839338e-100,2.3393761587902132e-35,3.015315751064761e-72,1.4828479294374256e-20,4.308912229492633e-52,0.0007005750285936325,3.055181619094852e-32,3.646795572771029e-133,6.61815181665213e-91,2.1203019696496254e-113,7.039184685556546e-118,7.391721038480704e-102,2.124078685680438e-49,6.750898010870668e-68,8.783031660604387e-97,5.651961442306304e-126,1.3822099227974132e-233,6.6192967856478315e-270
0.0,2.5109937847926617e-90,1.2825705588575064e-180,7.536359706961816e-136,0.0,4.1904138898801984e-306,1.968608196344542e-105,4.840140213039573e-226,2.3097997559376507e-28,1.773275096208957e-167,5.376195038045399e-230,1.4040133125143778e-180,4.764878773273031e-114,7.665093108188868e-157,9.73059164798939e-148,1.7539551780281218e-172,2.112858786277872e-173,8.359557944710943e-185,3.5468851634580526e-76,1.925070223925385e-147,3.2905125348932635e-134,2.426604898533572e-142,1.0111939952311003e-47,1.6780985263476092e-65,3.417483065613232e-138,3.358027446462407e-127,2.9346085365187486e-134,1.9873781531623615e-103,2.975364467769505e-134,4.726722248974522e-161,4.777496874736828e-151,2.9334440643200546e-68,3.0251743814451894e-71,1.0636895557948547e-35,1.4724511208105942e-93,3.850892425320735e-96,1.969987088516341e-77,8.683139255984947e-91,2.083845652789918e-9,2.2243991181674207e-58,2.700725643333476e-28,3.662728428827408e-52,6.6712807077601096e-49,4.954291802161175e-96,3.4328278887811675e-111,1.1923073663229698e-118,2.9155980669455187e-102,7.608836196526516e-52,3.6520063216135324e-67,7.293555657365241e-91,1.1692044342767021e-14,7.2197555975809725e-87,2.0928680587998842e-117,5.3368939821598925e-53,5.819982248943971e-178,4.2433264336388105e-109,7.053180245716915e-85,2.4101287041053326e-68,1.4242171822847234e-95,1.808601145944222e-55,9.162066940503861e-54,6.146897045816966e-63,1.8842576320765493e-25,2.0292881127282054e-19,3.593458207973837e-39,2.0713543721946686e-56,7.779994178873266e-23,2.6553205065086115e-30,1.221313180917251e-78,5.5431189457990645e-31,1.550811393253291e-67,6.147836555376894e-64,1.6587796409652733e-72,4.030272146577035e-55,0.003777035475150228,6.163728623860106e-36,3.857847458240716e-49,1.9498682417961387e-48,4.0785069852552663e-72,4.426564712212991e-37,4.753706793290691e-11,1.35924349874686e-53,1.911820120322934e-56,2.974939858116709e-29,1.9047285644778738e-10,1.0278278921604847e-28,4.795951114937305e-19,5.204547202624319e-44,4.762941159457159e-41,1.993153910641709e-18,3.189206818433941e-35,9.407299458178931e-50,1.519594168065202e-19,1.708320712330405e-42,1.3486175322744324e-31,8.969088502760403e-34,2.286022969392817e-20,1.2141078161698505e-9,2.1057389138715112e-20,5.5048479163671335e-12,0.006946376710258174,0.004189472822299079,4.399456646695654e-26,1.0138264709848517e-12,1.7116020419484136e-13,6.0387400855429824e-31,1.007525307341289e-22,1.908486688274912e-5,1.199695386232795e-12,1.434836290278822e-7,4.3299583052555734e-20,1.8176895748344269e-13,1.1505320190225362e-19,1.5261730554353312e-13,2.29161032509208e-12,1.463012593957045e-10,2.014248953194919e-14,6.065555497351246e-8,6.843336344677327e-5,2.6664236789342115e-7,7.503357426104095e-17,0.00741160137372458,5.740744661518038e-11,1.3073166913508855e-9,9.317649226473353e-6,0.018495586691594238,2.281961332853936e-11,7.680265238169466e-5,3.303015943688563e-8,0.0005662490140639872,0.011067525102994847,0.008888699996434258,0.00012353078248743878,0.0015904648087701923,0.0025799338789876678,6.48175063167843e-8,0.026650080574480085,1.2283598132477154e-6,0.025447476480301434,0.05893341784370505,0.05159110013704527,1.384549074430877e-6,0.06289872800640987,0.06366724719549495,0.0636379151681765,0.030214448502478574,0.03393748075653022,0.05704962259015047,0.06255032777403056,0.04248881616174286,0.026894345751808886,0.0893031945002257,0.0004971722151930006,0.036531767966310774,0.04879311667294874,0.022877089461232528,0.002838809149065939,0.03340315317504577,0.0002638630753721619,2.8899415339085575e-6,0.016505367843954226,0.023675192754364634,0.003444021888352874,0.0071604576649654675,4.459720508354998e-10,0.009015221490611012,9.94477891233395e-5,7.653228445133913e-9,1.345007368818048e-20,4.1263577265209907e-23,0.006551789643119199,9.167691002718183e-8,0.00015177034264793817,5.578174238872444e-32,1.5029372257172282e-26,5.668935354241898e-15,5.597673458800503e-13,5.5069765130064375e-9,8.154967121000418e-22,3.74036314706635e-31,5.822140098321613e-8,1.3111589736667113e-9,4.945727618499322e-12,4.2359366505787237e-29,2.0099587382121633e-16,1.7045516165629366e-22,2.3067541520194444e-15,0.009878209360710792,2.6638301938151858e-11,0.014828118507096736,1.074404236765612e-17,1.200026558850943e-50,2.0400392585473684e-26,1.0197400099419739e-24,0.0024048729608015934,6.4589032205535014e-15,1.9034681093625857e-46,1.6582559752204335e-20,7.63209053760277e-34,2.20740775074412e-144
4.921754862937004e-158,2.3691345222609552e-59,2.197722663636814e-131,2.2717816372564328e-113,1.1428542106469129e-110,2.035675806685869e-103,8.620374174530444e-111,5.1628579722385357e-129,1.2213750140988393e-83,1.3225028817496109e-64,1.22942671013582e-95,2.3626731861479005e-134,2.5471925850396572e-86,9.210641326585315e-63,3.097280285356477e-103,1.430509161655344e-89,1.291284185433309e-89,4.645110705704974e-77,1.56178216077686e-34,5.429342094298204e-66,0.003652210712287857,1.4748165848221554e-56,3.62236319389579e-80,4.2377020398092123e-66,2.2237735532118388e-58,3.379699542015277e-42,1.118928633782322e-72,8.51795298614403e-61,6.214507039626954e-11,3.0773039917784235e-68,6.328337193881236e-49,9.793512303085977e-41,1.7712710348220918e-29,3.3830891069201765e-32,2.4791039470939093e-33,9.371598153012612e-43,2.97939091186491e-19,0.006460626385843872,4.603516684496223e-47,0.012487962283753222,2.9188634627755047e-18,4.3170229780667256e-23,0.009621769207250053,0.0001100935289733335,5.070854287596386e-14,1.5470481078551615e-65,2.1003100827833813e-42,0.005038989107482867,2.1861983595694555e-58,1.690966363893009e-24,3.1796487477513083e-27,1.3506196551386775e-24,4.9206157791233295e-42,5.51595110518065e-36,7.267643374077521e-57,5.9241885479326874e-15,3.3951727411438395e-19,2.2860150434281965e-34,2.533186050789142e-35,1.7606082083935321e-37,0.01879288050693842,2.3394358308253195e-21,0.024068131616654245,3.553460768791151e-14,0.005165052963815677,9.373826071150664e-15,0.011928534521816915,1.1057314189255284e-5,1.353209608175479e-22,4.2796898039920636e-18,5.6539074592887e-32,0.016981284221197664,9.665943108049151e-24,0.00693757500463123,3.99475273965888e-19,1.0818557298048506e-28,5.010560177513942e-30,2.7521082917249165e-23,2.0527404194970767e-13,0.009550681758182846,6.193324933279634e-11,2.0058718705192535e-10,0.012289237137212214,4.618384929046121e-27,2.3454648127547514e-10,2.4108596853538756e-16,0.035341512189585915,0.0070561818630369795,1.585787824117465e-15,0.0011801915387802861,1.2360049158857069e-9,4.1285174672271814e-13,6.978048774562088e-7,0.01587321293387737,9.524369127678259e-27,0.019509871995783513,3.2629605906518067e-7,7.46549907484065e-22,1.872403377212843e-17,1.4458789482715893e-11,3.5065090470922913e-13,0.08871299304415284,0.00503402241772719,0.00015015743507932835,0.06832069350896773,0.005159896897038143,0.0009218396937846418,0.0829153081521164,0.06817293229560097,2.6829511803555577e-10,0.12033414981835394,2.2055823200906472e-11,0.018876746837343444,2.6501043190052587e-28,0.003471177150571714,0.029926094967529304,0.0005484018319025812,0.01882898682669346,1.1759913710686488e-13,0.006919621986016958,0.02195432995887918,0.03729445066971986,2.0996104939522463e-22,0.005929347490017244,0.027070950493553996,1.834885430433721e-8,9.345788723642937e-8,1.1177473961309485e-7,3.057684679034551e-13,1.525067015964517e-5,0.019654850302884382,3.911134576045459e-10,0.013470210818789538,9.375014831118909e-16,3.065317408427985e-16,0.01363887401434024,0.01626072925014209,1.443692567491555e-23,0.02888790248637441,3.431456050848878e-18,0.014681108872095977,2.145999756942442e-11,5.0411973720699733e-23,7.379618529061721e-16,0.013601413191801333,6.728948695237303e-20,4.269304156947656e-24,2.3745264573739308e-5,1.070324129349689e-6,1.0153418802517984e-45,6.576256945319967e-8,4.161967342779337e-37,0.0010802320728815042,7.742401357774646e-32,4.2306927109310893e-26,2.951368409109832e-7,0.010818367445165426,2.695350694327351e-8,4.427938266381776e-21,6.955972887276508e-55,1.2173893011136549e-26,1.3511257009013472e-41,9.137220100806301e-17,6.324804344590425e-60,5.611207819630159e-54,0.018378113008652233,8.973449842239685e-13,2.756161021685467e-32,8.057374114259407e-29,3.912487528277336e-52,4.848668372982616e-30,4.452689188755046e-47,1.3284463704745251e-70,6.760037387642697e-32,0.004687202286719198,6.334372550732615e-70,7.313200650821455e-53,2.4000976371732684e-43,3.3158360470154007e-25,1.7577084260611684e-45,3.5419225330750684e-36,1.310648213849551e-38,1.0015279503323892e-19,0.007993540845657454,1.0323237762366245e-25,1.3151256128358993e-45,1.23099959362665e-26,7.141234242570176e-31,4.2464373013302725e-33,5.342964249419185e-41,8.113789401054653e-46,9.448120953549827e-84,2.483275473488615e-24,1.9678312268893303e-58,0.004206592828960846,2.540913471878981e-34,2.1814358552645713e-65,4.420225735565522e-49,2.3820706855839281e-91,1.6898823853084494e-118
1.4467948043849682e-21,4.44007626433904e-10,0.0005213602132728187,5.535627751459476e-7,1.8697521997865675e-7,5.855084573395415e-11,0.015912693286788605,0.046858811505780106,2.370315514031249e-9,0.01386104193422727,4.76571530235114e-5,0.05279615769490978,0.022192422947147298,0.07224105651597541,0.06180406027826703,0.06298913112923372,0.036652578425631355,0.027618455919418954,0.06945868554904902,0.027613298791851502,0.0032750895267497165,0.004268330734511455,0.042657843320284924,2.0028522281116695e-15,0.01623763730911955,0.03827444446130827,0.023700263785415183,0.0006647441408467535,0.04977141927499295,0.016362700915852447,0.004292376566307205,0.0185223048175487,0.032855127771052595,0.00638938971067037,0.020250219337910904,0.04674776753613709,1.357532132322959e-5,0.0016488849189757496,0.02446608594865484,0.03341734090087393,0.030613788389689457,0.0009120955809130163,0.007936067037839637,0.0037902766507478705,1.9524714056241424e-9,3.800732588895552e-8,0.004020682233890511,0.0005915257314710276,0.008548676465738737,9.686592066992096e-11,8.088994250171474e-6,0.0025745434815878177,1.0404051650736641e-6,0.0014021283315842335,2.0879915069749274e-12,5.456053612998483e-28,4.419593646483046e-8,0.009571859954777965,0.010530691003463655,3.502899187259397e-31,8.039770172213857e-9,0.0011625042917659243,5.008549892364083e-25,0.0029247748530902232,0.0028129003715306996,0.0145504872622588,4.1939030133494356e-12,4.411657651879735e-18,1.488893245025148e-26,8.038926641827302e-15,1.3888820783799052e-9,7.906136163911842e-6,3.02800138188513e-50,1.7709097015514064e-21,1.1072128513608299e-27,1.215995467775573e-12,1.9162257188266723e-35,6.74203770965709e-22,2.2290539662518274e-21,9.307919013628618e-15,2.142982706430352e-13,4.234435138827117e-11,3.0606710905810334e-34,2.07343918419592e-15,7.343029186623258e-38,8.493663309369669e-51,0.0021201125467974597,1.2289095856982497e-28,8.445488301500359e-6,1.083516451350687e-26,8.455228745908385e-42,8.02658984574149e-31,5.500248392806796e-72,1.3265059502695591e-46,3.201482864760385e-51,5.26537020501776e-14,1.935411601058991e-14,3.4621655033767874e-35,7.777949454562279e-85,6.711376039496274e-46,4.514879779642262e-32,4.560442251266312e-40,1.4043863492646468e-30,1.3449439419342802e-72,2.942035726167021e-14,1.7355211623194018e-51,1.9240969238538768e-35,2.557082787487531e-92,7.685123053684935e-52,1.9938439689035091e-44,1.015803953877577e-61,9.181705796711082e-103,3.3559597349072844e-73,1.7953176635269424e-89,1.0024567559170374e-85,1.1502849640075747e-12,8.333916339484599e-74,2.1535211594156016e-69,3.170386842643718e-29,3.3528489040051785e-87,1.5079674972423708e-88,2.6540331255516634e-144,1.7779804081716427e-135,7.426748075339841e-101,1.9812270569548398e-27,2.571466118049004e-61,2.6012275827973146e-55,2.1346483332919596e-138,5.736438405883103e-106,6.062777023281032e-33,7.78062333417808e-96,8.55885185067396e-42,6.114840383615738e-84,2.636359157692177e-113,2.131233726359081e-113,5.013993140019404e-60,1.6530977213784978e-141,4.498278328673976e-140,2.0387485881342508e-169,1.966886076612297e-62,6.769459054637302e-163,3.8282428949964104e-121,2.838880189986788e-79,9.021213738257796e-74,3.3789956699998574e-95,3.033760457213292e-194,1.4790279367370888e-42,2.0945922508625648e-187,5.778559812021297e-105,2.373031179155928e-149,3.9742577129846084e-102,8.445939170962925e-60,5.840484999524497e-153,3.9201471026723206e-82,6.03895895730089e-96,1.5944423004430628e-180,1.6601800135547131e-87,6.775227611623211e-173,6.60513237379037e-34,1.7011135483547132e-109,1.080578814523005e-180,1.1777608183222024e-100,2.6669853834874205e-46,1.16776481032629e-87,8.978886597089782e-92,2.1518792620993222e-78,6.776868391861544e-48,1.2298539093987543e-124,3.6346654391588286e-47,2.2225099157560296e-109,1.589026769242982e-143,4.3326243893572817e-125,4.033103915568897e-60,8.1052396729565e-113,1.5496970472873788e-154,3.7600729150613475e-103,0.0015276100024092432,5.094213781037091e-128,7.366576774608073e-130,4.216363605397356e-168,4.342816884005425e-203,8.027001045435387e-99,5.989808003022979e-143,5.494716875655775e-79,1.2093290053127984e-118,5.2483893972791e-22,8.442905794434195e-109,5.733114613792923e-53,5.795514158752554e-90,2.1375678548710178e-129,1.0290258610781438e-140,1.448472563010124e-183,3.71248819810717e-127,7.177372599329894e-167,9.777048891394884e-88,3.840487591411874e-104,4.9101707790764507e-206,4.835576818297547e-236,2.9054289843534196e-304,2.4497470610912963e-302
6.62040362229236e-178,2.2154688775892003e-114,3.4003180813197924e-46,3.742746104025035e-78,1.7652807115296414e-93,3.5390760568187907e-93,1.435974144913457e-60,1.3410015966520981e-48,1.4876605869742417e-88,1.164865503289021e-89,3.321752547303641e-61,1.7656702833030818e-112,5.8591656519241716e-33,2.6999152516929758e-46,6.380616050447355e-76,3.203140543233823e-67,1.6297326519258902e-70,2.897509346057262e-56,2.026913055036486e-31,7.122837371334638e-56,5.427823442300513e-65,1.6001055042417613e-62,2.611161591889178e-53,5.472821377674443e-39,5.98648727349063e-28,5.550054584066684e-65,1.590578916882057e-34,1.4590034412844357e-16,5.059505767689797e-21,7.654926143432614e-39,4.871057082018391e-11,2.4934560341801306e-13,0.002213962836533658,1.0554633925046089e-15,1.574723999950308e-34,9.293849838663936e-31,0.004969386750239515,1.5904364242606416e-20,2.258034261853446e-6,2.317517935927542e-12,5.709303812495346e-26,1.19663553140985e-10,1.277816123175464e-10,0.001359789351874074,5.57375747759865e-5,3.931995731300144e-24,2.03316543522573e-20,1.159278153873114e-23,1.625526823268317e-8,0.006730485883329455,8.547875491077374e-15,1.511811278169722e-9,4.6796928319442185e-16,8.519898503373616e-6,0.0016995645204081046,8.52471517007208e-6,0.03069218886727064,0.013838098736587432,0.0015532257242143112,0.012489526801570413,1.9925582621060337e-5,0.01669361636258513,0.0007348039774977084,5.312394861620267e-10,0.029885909455808254,0.007584988228441542,4.7570531167824555e-6,0.011121082640768852,0.018907459562887485,0.01665498713040975,0.012691026026203351,0.005983967599490185,0.015669243384569036,0.009173975672229558,0.036572155323192516,0.010350721679308417,3.4680597657048875e-8,0.04177351795762258,0.01159138187444995,0.0021928815403340616,0.028596581493002253,0.024609019485836853,0.024019807782003806,0.01322940717227063,0.02123496661878867,0.029248230739113177,0.018445471157398603,0.0007677269825535249,0.030018766999481764,0.02183195141782297,0.020953236426438166,0.024557979654760965,7.117637174406046e-11,0.010194014004159393,0.028469022681397484,0.023392401446116,0.04668881290179483,0.035163946401958135,0.02772524000302576,0.02669592148216546,0.017323719887773488,0.042904510499610096,0.00964602854935448,0.03783597526069104,0.023578985381058844,0.012912442477734468,0.006399017045457362,0.014300626641851976,0.006829191079732922,0.015238365973040941,8.268306763703776e-15,0.014745529966313824,2.538600090647317e-7,6.704686493240454e-12,0.0020421680644056844,4.172202552612458e-7,4.6431660653912166e-10,3.246925431520879e-10,0.00882695191520047,9.635398444093965e-17,1.4958862294945713e-32,0.004243755597870328,1.309763916502494e-33,5.950015126488538e-25,4.834921402384028e-31,4.563993902025046e-32,4.7488822153165465e-53,3.1758648261294203e-15,8.667127894966334e-14,0.0025600285307491636,0.001541802307888983,4.8783292740932904e-33,2.63191434802354e-25,4.7680918145420454e-32,2.38408000734448e-22,2.9297389464529734e-32,2.990995219343387e-66,8.539021435889577e-63,7.518630507814738e-79,1.1210418294976174e-32,1.5863106423261533e-94,9.605709590773538e-36,1.2813590736585168e-75,1.485726671839039e-45,8.638801715901667e-28,8.019116464978951e-111,1.4163064707349715e-87,1.0138108165197664e-24,2.0820010421261126e-46,6.962839637580892e-137,1.5840300090876604e-39,1.192157499865564e-56,1.4670662050434594e-57,2.0464536447334933e-20,3.284002269236185e-42,1.80558541638728e-49,3.809320562794778e-37,1.0903186054396881e-85,2.272217186764536e-96,5.96145704560282e-66,4.03641576369816e-95,7.930281572294089e-89,2.5459142205911695e-77,2.4122779446268396e-24,1.516121755280056e-94,2.814497268302386e-72,7.562004700628274e-41,3.943278276274171e-45,1.928429491757458e-56,1.223221199799594e-90,5.9777040949874055e-95,2.8044131783304556e-148,4.006785488853832e-98,3.3584681279408114e-162,1.492729869689726e-111,2.489156426949895e-83,3.7969514943613364e-120,4.478027898509676e-59,9.715461965706268e-63,6.910580448247795e-127,1.5645330613193294e-63,2.735448797558237e-132,2.3092623647916562e-71,7.881047979690496e-61,9.769113944060223e-83,1.3010297024792347e-35,5.407878049657171e-63,6.812385631992505e-52,1.439476524980318e-82,1.5774554387701195e-129,4.8845320329594655e-123,2.1064577846269385e-114,6.757809188140869e-47,1.6788467217673354e-82,2.783552179956592e-114,2.987391203779559e-106,2.2491766646883116e-116,2.371952042255255e-134,4.239277061574746e-142,1.616721987592951e-217
5.355847879518448e-60,3.294471664847383e-46,3.705344743204199e-32,0.0019361580914286996,2.205895713436206e-30,5.6753393996180914e-39,1.6169471861962664e-9,1.5908722665682885e-13,2.953824964614936e-23,2.9414240074813687e-30,1.210011995139584e-31,3.1216941086738985e-21,2.3578311098915955e-20,1.634142410396625e-10,1.328147068634517e-7,3.527070133107002e-9,4.404346837861754e-6,9.295881820828372e-6,4.8457371561681435e-11,8.212918757103883e-14,0.008919167186960017,3.162480509816737e-19,3.5962241655180893e-6,6.871902294711382e-5,0.001448169575684769,3.9475431320676634e-5,0.009938442083011506,2.875589056539689e-5,0.01964147570507487,0.020499080863343663,0.018409089743457337,0.0006344161343696684,0.00890737030716985,0.026045688155174218,0.01700143807093943,0.03173148704058968,0.03471710034098965,0.04177496605535419,0.014525111734860447,0.00013502336128787238,0.03099824888787606,0.054844652997383184,0.036658254048413996,0.06614313622048973,0.05992686295099245,0.04851811020990905,0.013668038195928057,0.018023860825604865,0.024693498288593366,0.0078179743121599,0.0003345130840630805,0.02222031307146813,0.0259740431658526,0.014243164814979198,9.021504771951701e-5,0.012746591645432022,0.013318481619647857,0.007033764680155703,0.0014301238017860457,0.0200863547601297,0.023757250621463628,0.013446257813712578,1.6478497157973066e-7,0.019568086672103066,8.198540029426612e-11,0.0028069281906965343,0.0009743922413343774,0.016245897596682553,1.382646685500667e-12,0.0225825518236474,0.014850094216663591,0.023231942670678497,1.8438446107044894e-24,0.0061717520919196455,0.009188722774337743,0.007060495103543298,3.3212650713248185e-8,3.4951499122186333e-9,0.0107012207491837,2.9172536800751937e-12,0.008189605159745102,0.012731376247511342,2.916264900161117e-7,0.0064285810223792235,0.03312944020188017,4.73250951291089e-9,1.8850546809309043e-6,1.1707168934335166e-7,0.007705658940290532,0.009151634806945884,0.007935507853290223,8.528852260579409e-7,2.371149543243754e-22,2.7019636047130282e-5,4.452093518868755e-23,0.0021749634273233545,3.065159481400741e-10,2.5255090056846106e-10,7.624521651239779e-20,2.089505845287726e-9,2.0603873093926513e-9,6.062725236810667e-18,1.13879641699658e-14,1.1645961514840037e-26,0.0008167762921760265,4.365105047722005e-18,7.12681731893463e-51,7.859421081018957e-36,3.968782041776511e-29,5.437002577873937e-27,3.387035101936878e-21,8.831628934107378e-39,0.0017920927919187666,5.32986260712634e-19,3.058364594072864e-74,0.0003889448328504956,1.9439872700573874e-68,4.695657167725436e-38,4.6559592875392967e-7,1.563975219138363e-46,3.5368247831732433e-66,1.9304940620852307e-72,1.2133231658514166e-79,3.7595900299832355e-49,3.710945764557849e-24,0.0004391029016803253,5.707050579394988e-37,1.3476492185191895e-108,1.8042314174935069e-127,8.587561241524376e-28,1.0714964854998408e-83,1.2731761379750073e-41,3.635643144039321e-36,2.373599332117368e-17,4.0513101580799744e-7,4.787351145110604e-27,3.509250504261689e-104,5.510468512223737e-7,1.695902783313888e-108,1.281976591321321e-31,1.4914224372181463e-185,2.8396059270361762e-120,4.810335747394267e-114,9.58343876186626e-118,3.0155667603504696e-124,4.53380263889577e-197,3.7426861647595616e-69,8.477081845504718e-188,1.2289624559738712e-133,3.7762628195657545e-55,1.3596453869470131e-150,1.8030606426775997e-85,1.1100964764878947e-99,2.7813762895855654e-169,2.0455507401622703e-150,6.464002826660512e-178,3.7902847196884056e-82,5.310751069033067e-183,1.1579046616302443e-53,1.3473458353067665e-94,1.4364209261999894e-154,3.220026128740241e-79,3.458594725719004e-41,6.867209597047655e-99,1.6592960604904137e-146,1.9230678828432016e-11,8.863060167607016e-41,1.69876363298548e-144,6.71596383932827e-91,1.5992324898270224e-129,4.864246370439848e-78,1.719060538236454e-127,2.5533183635527544e-108,1.9737801602859336e-129,4.366932491839294e-176,9.849505602420802e-141,1.5571466249725788e-174,3.8927970653851395e-75,1.1469447519389714e-167,1.6446406155324917e-142,1.0042802280271969e-187,7.310955110310914e-90,1.2960278333060715e-100,0.0033101518215687856,1.9408974268796498e-147,4.472830634544631e-41,9.928170985425576e-74,3.0240145321667046e-50,1.4095327482089749e-63,2.3684868191347934e-187,8.442932847439096e-193,1.929049957634974e-186,2.2878958770511751e-153,6.429677297596232e-154,6.033884475986371e-59,6.520295170079488e-102,1.1502892665727523e-199,6.189157512213575e-264,9.5e-322,0.0
0.12186782539605658,0.11649991378561998,0.06988148221922941,0.08202090393732353,0.08122912052399543,0.07058201045405191,0.11417897599749578,0.10214114046673882,0.040964105648720064,0.0365669177372693,0.01647828138243498,0.0003367279726212463,0.008372674964274776,0.01585094995781774,0.013638978612375967,0.01647337847881375,0.02235559195592249,0.017574575089050342,0.006030498333960158,0.005840484072225924,0.018289289853356983,0.009101018595969743,0.0010822763755597724,0.0017907256991488499,0.0012291777576483639,1.5169383730262628e-5,1.190716419323103e-5,2.736472958238858e-6,1.2059662838505645e-10,1.7847764189092523e-10,7.067790702699302e-5,4.4102329156780125e-9,0.001996889961649067,2.6570238575573854e-7,7.422449424797709e-5,3.449671126704482e-12,0.002023632464970031,0.005427377325857888,2.065528624504227e-18,2.367273729699096e-9,8.67061854860757e-8,2.2239083033426788e-14,1.6229282730027924e-22,2.0288791395052408e-28,9.286902830906397e-26,9.093932038891429e-22,9.605078347720854e-34,2.865451064071194e-32,1.385787643191794e-12,2.3106628506754754e-24,7.658904808669853e-33,2.1682135263839879e-16,4.745810798549349e-38,2.607838536402464e-30,9.926614340865586e-47,3.3215172335322763e-61,2.766152053836184e-44,3.924115506033789e-31,1.990356028503854e-33,1.991427459397184e-61,1.0639049503776873e-33,8.001488652084872e-18,1.4705936586210417e-66,1.2793549039762568e-44,7.661449687012024e-42,5.000175084583079e-53,9.22375947750632e-36,3.518397870738222e-34,1.5509368253986935e-67,2.396688772080336e-58,3.649408181890059e-13,4.4244927649578233e-57,4.924065976930783e-93,1.5960635683697544e-47,2.1830268552039404e-75,1.1736923505689836e-71,3.840105999132223e-35,3.162457101860443e-64,1.625627624237976e-66,5.139294195665009e-75,5.9561537195198344e-49,1.2992278515062102e-70,3.5662811653341717e-59,3.1270662024521925e-65,4.36159080466607e-50,4.2573409596966754e-63,1.431008747745466e-63,1.5259885649915966e-77,2.976279524989831e-34,8.618939696369798e-56,3.2313717786327056e-95,5.132988821349517e-78,1.6513896289117955e-80,1.1636448450452157e-105,4.2020314823793496e-92,4.148675215913089e-55,6.0199125289746536e-92,7.037070669989516e-82,9.907371028976747e-125,3.23526753820396e-108,4.551990549829587e-109,1.9669757770566377e-117,2.1048830854479814e-77,5.732134162277053e-112,9.696263310684707e-73,3.0512742417190935e-49,2.7275038504997963e-97,8.480277370842832e-56,8.468702346602418e-82,3.2881821920079675e-97,1.0846467664774528e-135,2.8086655211618357e-158,9.597127817220678e-69,9.491932162044521e-156,1.8520856307468487e-129,1.9180891714155015e-37,5.912898634117951e-119,2.1720456893585213e-116,9.905083870750848e-150,2.8397504984797513e-60,5.087546992070345e-141,1.6870778548254798e-166,1.452178817447909e-171,1.6632273765728684e-108,3.062561830661539e-44,1.3205122798866095e-72,1.1971863079913015e-156,2.9491290088175198e-151,2.0282321834652327e-167,3.972159700323076e-83,5.680668375850017e-110,6.3649910600655e-122,7.067582106736651e-82,5.393906943844411e-101,5.234963733051418e-159,1.682818329597395e-77,3.2801784482522115e-119,7.025065562659543e-170,1.5966540136758342e-202,3.9595080640322824e-67,9.984324288273177e-179,1.1450622286393106e-156,9.97150779608356e-159,3.71439813980916e-114,3.5413095129020986e-160,3.120561169737372e-239,1.029210406514379e-119,4.3588535960305577e-188,1.5902337387215147e-159,4.107100338869737e-220,7.955695762196899e-53,8.447059602021306e-142,2.7798654969454994e-147,2.926069905022187e-38,6.7199104950529715e-168,8.00199492033143e-131,1.8670220654679047e-124,4.680756130332772e-197,1.4134475687061462e-77,1.5331486044995391e-164,1.532088960405273e-125,6.53540830159773e-48,1.7288964875443853e-135,1.607695308818658e-46,3.1042426017365218e-108,3.0068318981780405e-135,6.827237125972096e-142,2.720376948693464e-94,1.2605529828703487e-75,4.67175593228775e-124,3.0502006257328343e-131,2.148091365237663e-156,6.73093321126666e-11,5.795967048215063e-165,1.448550083830539e-174,1.2026742142103624e-135,5.075895542114138e-43,7.734337406482735e-72,2.2827459945064872e-135,1.457774971665635e-196,2.0429614854763896e-198,3.8680745566672077e-134,3.7357455427286235e-160,5.213712611170348e-118,3.858747891268492e-143,3.149586696291879e-64,1.7093197439583425e-113,4.018199516367581e-83,1.619160811894754e-114,4.0816628732693694e-148,2.1920170665417317e-108,6.213471135211208e-192,2.7306258710847766e-128,1.5028310069839174e-130,4.978252018382961e-102,4.898722608316465e-190,7.547898042140673e-168,3.9208364353319883e-171,1.6654538751191702e-259,5.2996396185e-314
2.1333175964854782e-138,7.802276210341229e-120,1.1432324443185385e-62,6.206785014806755e-86,9.681809554184293e-129,4.603080660463635e-83,5.528285539585774e-75,5.741327512443875e-66,3.0423818882597266e-86,9.946036996248156e-63,1.91484045843815e-56,2.3191034068103104e-69,2.2894214046775514e-33,5.589749269548246e-35,2.0484248739150244e-46,1.7539881501352596e-57,3.4350012956938995e-54,4.481849560965224e-56,1.1403171492331877e-43,2.7203915642396153e-41,0.00668783881494214,4.500578329458316e-44,4.451177256817369e-25,1.5121984519530243e-45,8.670470689674529e-44,3.24740561994349e-49,1.7819443491898039e-47,4.782563200615261e-27,6.630053911501496e-46,7.147184332913161e-55,2.2271168473824349e-44,1.8826020576139412e-24,1.5581450468314414e-24,7.534026115802882e-29,8.979782028596585e-9,3.348928105335549e-20,4.2214447492961346e-5,1.7022479854188285e-11,0.012011428307293029,1.8868962656680083e-10,9.624056894412231e-31,3.472412356287269e-22,1.5130740788186498e-32,5.7503091569023865e-15,8.909150601063212e-22,1.9253158392906707e-16,0.021418978274832443,0.02687428565223291,3.820637622057104e-32,3.0237640176475686e-11,8.080860286295617e-14,2.6761679888110543e-22,0.0416091310519742,5.772020266071126e-25,6.976077044297121e-23,4.2012451500926275e-15,6.315190503291836e-19,5.3523395561839315e-9,0.048122252374585235,0.007451056410946447,0.06377243926259195,0.009642841089021874,5.1483183116472385e-34,1.0014349987160055e-15,9.649240608744383e-22,6.869655698512324e-7,2.266459939852851e-15,1.4233971957330112e-13,0.03623008001944875,0.009502699188353288,3.6046424291468824e-7,0.09311150290027681,2.625999902854486e-27,0.003915887191858855,8.839587255168505e-22,5.732155571007308e-10,1.0816391816791181e-7,0.03783850758052051,9.585579385460806e-12,7.247033876970014e-10,1.2349461916331117e-9,0.13453782846982906,9.738311370993196e-7,7.806946472718602e-13,2.747610500312341e-7,4.994082351527302e-5,1.3297623842406913e-6,4.696909035055516e-15,0.01763207088207559,0.0010805353382040903,0.0004783447747420353,2.0111726239573905e-19,0.0001221893082353047,1.2154397319144328e-23,1.4561184879585758e-8,0.0010002515948865148,2.0890367228704007e-6,0.03206417153015895,0.029384512084284914,0.005284833061006758,7.594261162801911e-16,7.882742581987085e-16,1.1738402954671528e-20,5.209464932222546e-10,0.03528902598873053,0.0012175392860980295,1.074419890880368e-39,0.07644913906992136,1.8398759048731203e-18,0.0037898598461906415,0.00024775940068021347,6.1465988891022175e-21,8.178897917535655e-15,2.4160652664724642e-8,4.017003070014579e-26,1.298462017908559e-12,0.00605247104390369,1.99271950114414e-31,2.2413483466145726e-17,4.635797046708805e-39,3.676278254984308e-20,1.8875333751949575e-29,1.651052362801281e-12,4.709086267449375e-41,1.961799152172328e-28,4.685662628856301e-14,6.167644289812142e-33,1.3601304408101477e-14,8.701497449993807e-41,5.964080179341133e-29,6.433491476412139e-35,3.920710433369971e-11,2.3658762167307047e-33,2.7044372867632235e-6,0.006117883589087754,9.677193215891984e-44,3.899947249882724e-43,6.94129412805127e-10,4.557221487929773e-48,6.942099569810239e-15,8.315560830006552e-34,9.368053095553184e-25,1.7374308176460677e-54,1.964282549873018e-14,1.695986500510263e-24,9.097517886242923e-50,1.2065847003300648e-16,3.511283920979999e-33,0.022344527978892453,2.852657652286932e-45,8.341550418648277e-10,9.639534736549037e-40,2.682133320905168e-5,4.162426100099105e-38,3.2743170413868293e-32,1.3207859496267426e-39,1.1844855666709552e-9,7.963277057834273e-13,9.154661967539752e-29,1.2725871617327065e-66,3.0783377645267304e-35,1.3735953413108444e-28,0.0314026933942901,3.4265655707661257e-46,9.09485150011881e-27,3.6942933535619354e-49,1.95930722483095e-39,9.714756530887792e-7,4.00307208876591e-26,1.4661349872782942e-47,1.2270722721184923e-44,1.8096152933386378e-72,1.2972023101432413e-36,2.5001859446992196e-72,9.910713346570165e-49,1.0960707568629393e-67,2.346555215452342e-66,5.566675944321345e-49,3.0823391863801596e-14,2.3550845965232965e-57,0.009069251892620271,8.141007544255406e-83,1.4678232071664463e-34,1.1959666604864846e-18,0.018411934342448054,4.900150806079336e-44,0.13523066593426591,6.622087307306628e-20,0.014475048458208246,2.670535381818563e-35,6.90644584303411e-46,4.2793052721380835e-39,2.8382288265264058e-70,1.6779249018272217e-37,7.659282843350062e-66,6.177875110014514e-43,7.110874766472747e-44,1.959466939820639e-55,5.453353577378562e-69,2.982436547665884e-85
1.9607305134896507e-216,6.226494667093924e-147,3.4710584036513235e-67,9.8761430418034e-106,8.925961409752413e-205,1.4214983502438834e-208,5.019842026198942e-47,8.308488264684461e-171,0.0018779974144915576,5.0896676418562395e-24,1.003863297229448e-191,1.658435199565626e-176,3.757787899318415e-12,4.206180410245857e-14,2.74615035166725e-69,3.492966270071561e-24,1.1712294586048364e-90,3.829224372664865e-73,3.395951693802273e-95,1.571612678132388e-104,5.999256096021707e-94,8.829858390466201e-65,2.332004815483911e-31,0.003026650595083719,0.0029682897964252142,9.717975386494833e-55,3.530334228889256e-13,0.0028054344336625064,1.0880104602842741e-84,1.844728046715582e-74,2.08845779318764e-14,1.8215527712397317e-9,4.664285562546107e-76,0.0063471331192399,1.0760193979977143e-30,0.003557050568976133,0.009585590833017021,0.010963227761839804,0.006356166002569159,0.0013854876936073037,9.691203909264989e-22,0.0033090280100867915,1.3493126442640006e-31,0.010507733591479456,1.986802983570889e-33,8.880414151660741e-102,0.0017333825654957736,1.23928413078027e-64,8.044409905716938e-22,1.7527221989293013e-7,0.005432448119564466,2.786186452262851e-11,0.000446239600266779,1.538767511124519e-19,1.590985005172029e-64,3.487027565585049e-15,4.423179433830819e-38,0.005462993450508958,3.203780573941644e-16,1.2592671695351037e-15,0.0020422976456477573,9.229683383315382e-13,0.0021271532424479212,3.1554791976945805e-24,9.316083462779732e-30,4.711475321621158e-10,0.009084970491247827,0.004051902504629377,1.8949708591237032e-33,0.008800349688584602,0.010310788438523542,1.68222309984608e-14,0.005152501023774046,0.016263013478850803,6.963972094813099e-18,5.402169252796448e-23,1.5220609819538718e-40,0.001987217001345592,0.01911333256496825,0.0033900859350157334,3.661502203077255e-17,0.008193601650130188,0.010233155896128119,0.009873874101990867,0.0037579112190130252,0.01989553939281697,0.006352818747277777,6.536298710187605e-10,3.919110408642236e-6,0.005897867714668997,0.016089183179861175,0.016463233114449183,0.009667678626090316,0.018494605920953068,0.008279093160433735,0.022325782940078507,0.008512363022398493,1.183740478344352e-7,0.0005979774665939707,0.013482274920748298,0.006521674311405611,9.824724933889034e-15,0.015726482892110438,0.010464798087731939,0.004705092140392113,0.010109732016809448,1.2906415319875044e-11,0.0011233422096951324,0.01007194039678289,0.006435642460218612,0.006272395678986528,0.010892404355542885,0.015835233742153895,0.01891186351795871,0.015852300142583094,0.008238819357240135,0.019304317693741562,0.001510468266752169,0.015487909563161041,0.0062255445752356555,0.010327207745398779,0.019474851419918417,0.01672796635473146,0.004625055405645106,0.008401350398963985,2.1079160439660585e-9,0.01900195511276822,0.014364199333097006,0.008912925045020344,0.01447340901548246,0.024452984132211513,0.018945888521659317,0.006981711774168021,0.013428736453266123,0.015472946824932353,0.013754117082590715,0.009212892285099828,0.002055481340457772,0.02885513853317526,0.011029266926656641,0.011071294836169976,0.00974864733995928,0.015406398901625745,0.0015195858017049394,0.011802739564114262,0.022772641173221524,0.0035011689983594067,0.006604990449123027,7.369128647791734e-21,0.01531981046785896,0.003105678798251194,0.0011718534796090498,0.017374231758605446,4.373934590550255e-16,6.96839208640915e-15,5.338770398298916e-7,7.310713809233831e-13,1.0193183925879335e-13,0.0071195393576368214,1.968274540855863e-19,8.132866320077731e-11,0.0029923769642684365,0.005438682022401997,1.4424214441726853e-10,2.328684308788274e-6,0.004583216792990456,0.01018303896826615,1.1080186267248265e-21,1.9689875084130046e-11,3.913829760038403e-20,0.025700768797815046,3.286040113650608e-22,3.13108774799409e-16,1.0596097809214965e-8,1.727525970096014e-6,3.287342769821913e-10,0.00035855821782108764,2.9013206072020753e-10,2.9152058528500997e-8,4.4818636334048583e-13,0.006833592128282047,7.772360311196381e-8,2.152253505890116e-31,2.5149512740681805e-12,2.9453378801184803e-18,0.00480310378368372,4.004839957637041e-5,9.402821283709417e-20,0.023139384126283195,8.661060146918423e-22,0.009006250829815618,8.416152750916985e-54,1.9756410026116246e-29,1.4411299110137062e-36,1.8549724092820808e-32,1.6419862237328396e-41,6.412588928272853e-19,1.7871046078569625e-39,1.904102515738463e-25,1.117488994434022e-116
9.088428614036724e-94,7.4502470085127085e-25,4.1005329915677286e-13,9.785766772203894e-47,3.051623469948128e-45,4.7499542840736306e-36,4.4006252677324415e-35,2.2467731909037237e-27,5.2931887770178776e-14,7.088407092303955e-35,2.4062427722691794e-14,0.002839600396373685,3.31937155760014e-25,0.0005855604779010477,0.00015808288916718824,1.8268620082832844e-16,0.009782114372864567,0.02113957664994254,9.799940432158736e-12,0.020305380697146623,0.010138553783274478,0.03099579695057674,0.031631770630564784,0.0266707140016044,0.03264695448782645,0.031421765384713106,0.053279962615678265,0.01741544699096231,0.012736192771356793,0.02237298032591576,0.046374834736352656,0.008079377738978629,0.01859738746708264,0.044594118577710895,0.011528872402085352,0.022092500208692398,0.02921554101667526,0.026534568289653743,0.037237131053594566,0.02003911044101192,0.02673396115472245,0.02221771962548171,0.020265998083731907,0.030826321658322126,0.023503776026909014,0.04307208254808793,0.030043201541716223,0.03432379991270765,0.014501730354519935,0.010122641271960211,0.016520813629508878,1.890678217481555e-13,0.010669133346124272,8.156131731157287e-12,0.012422544085568827,0.002798437233468041,0.016239963746748853,0.010201091107461552,0.008261643505423242,0.012577898741109646,0.01556675871538817,0.009394530052621891,0.006811019363497369,7.105655257153105e-7,4.967955274517956e-19,6.286327265244448e-10,8.660585095175522e-12,0.012293351924795765,0.0021746637438264586,0.0029289343134392826,1.09277883058925e-17,0.0064556276168284054,0.001902711873324786,1.168066482414529e-19,8.371261195048645e-18,5.255963581597428e-12,1.3985522469130613e-6,4.484597614857619e-24,4.139912748405585e-34,7.020526000787495e-16,7.905720845614261e-10,5.429987677633877e-26,8.193226652748672e-29,2.79937015114191e-17,0.003093660491532418,1.0690620638759101e-23,1.4199684772629952e-18,9.896772272265153e-19,2.5217324218956373e-40,8.34728366799114e-28,2.0722285428607873e-29,0.001053576915630908,9.673736554272904e-20,1.4452796590931294e-22,1.438227577449043e-32,8.042044439854743e-46,1.772986372570628e-42,1.1813253039320397e-35,1.4500878715968123e-46,1.3719634843876532e-52,2.5343383551092325e-50,1.7735843566088924e-46,7.331219613245024e-29,1.8898868817041218e-13,2.3341730428650148e-74,7.172350149004198e-63,1.4973058978934374e-55,2.462886674848562e-72,0.0018661662324822687,6.949280348296993e-76,8.057700211013993e-82,2.1961842367120133e-63,0.001510460865431412,4.633756680528623e-65,9.495683050483387e-103,7.9862552601782e-64,3.0544053228026844e-54,1.729565213067032e-107,1.0427674244834987e-45,8.675681732981399e-53,1.914926369677233e-81,1.0402281418581933e-90,3.5561204563051844e-65,1.589723746798132e-122,7.722546083885925e-55,1.2016055920504161e-54,2.3997285434194607e-101,1.8494985428515945e-99,2.0448424990080294e-45,1.9042966188739696e-91,4.607176867668508e-95,0.001229774390205556,3.0667744168670035e-97,7.974321353232813e-33,2.8637910690238625e-73,5.888409936154029e-82,6.098017443596626e-60,2.855877754814255e-110,2.1690339478025443e-126,1.7476558549332803e-61,7.673246735434235e-122,7.76287226000696e-97,1.187539154751892e-99,3.6945986187411835e-71,3.4205366245652624e-33,3.0353415364225362e-136,2.415989518321233e-121,6.626405257089405e-131,2.0805436275652163e-103,1.4227402101933657e-178,3.7934392350191854e-62,2.0519800480601116e-21,1.2200279294041877e-83,5.71894856789305e-78,1.9767784651676895e-118,2.2115374891015845e-73,2.569577672313112e-107,9.041009259610753e-99,1.0239991069730249e-104,4.836537864479684e-75,2.565478544764858e-115,2.6803634511166324e-88,4.0519766121786136e-92,2.6706204982503534e-86,8.138937037822167e-87,7.083526463777299e-94,1.9777028824413153e-72,3.162593529337217e-92,1.9044586623605164e-52,3.352080616382408e-110,5.8602823221465e-66,1.9662574663453287e-134,8.936308490642737e-55,5.81762949667765e-135,4.921728598610993e-119,5.3095313069770354e-110,3.5567115739584055e-89,2.5946630849725056e-21,1.5359370029333854e-116,1.8333908497166258e-123,9.50363864658145e-136,2.4768756920879427e-134,1.5525580706950193e-112,4.50043963249573e-105,4.181576349662228e-31,1.823756680831467e-74,1.2706752059602998e-64,4.565775124221766e-57,1.5631407132799177e-89,1.4911846034494242e-112,2.409992380354139e-94,8.81169205490565e-84,1.06825249068824e-110,6.1042985083797e-124,1.3697802294248586e-151,2.142254657453043e-119,8.612693300446378e-138,5.7628294544712215e-186,3.4561083919972298e-149,3.7850298646920215e-209
8.295028355939796e-176,3.059468425566134e-85,7.276823442409939e-44,2.708112155208765e-14,1.7983330566600567e-74,3.882956019565669e-60,2.7897004779863872e-42,1.0449705414950891e-32,1.009739975933331e-54,8.075998731211568e-53,2.587399000778326e-31,1.440515251959437e-69,1.402085536809016e-30,5.934799422354882e-47,3.210286720713018e-36,1.9502137408618257e-45,2.743920824500453e-29,1.5982932487294215e-57,7.001946951324227e-40,7.03868368158268e-39,7.716585014620118e-42,2.2650123025192575e-45,1.8659117033585509e-37,1.1253919345606622e-25,2.167217777905767e-28,1.3677032173420893e-27,5.557184845988578e-21,5.604813238360621e-18,8.763857813532744e-8,7.647555842140127e-17,4.3200747425020624e-15,2.0905299025947068e-8,0.00046137657405214083,5.271846855567818e-15,8.028425196990741e-32,1.2540738746047332e-25,0.007507569334744032,1.7924298893539722e-6,9.79794866545115e-10,7.08943115654068e-13,7.465348183144176e-15,8.436347777726866e-6,3.09907142158932e-7,3.288312723820177e-5,0.0024280738304189786,0.0035300171423193064,0.004244820892678021,1.811592611704324e-10,0.012552416597261234,0.0001529049278018277,0.024394950436278432,1.3147320660005962e-7,1.742624920426418e-8,0.00718165764530495,0.023391417557315736,0.02103465795877602,1.6807541315947223e-8,0.029479412733291323,0.03985339020229766,0.02948142420203519,0.01823430883827464,0.010868859609497579,0.06622079596695657,0.04205231823658104,0.010388002476201077,0.06949939956534829,4.225106191344997e-13,0.002129051589537129,0.006260982242364524,0.007444109126950822,0.019343241886189553,0.030652336182778215,0.04802632774252385,0.0031955547216645573,0.005805632296053777,0.022119392712402274,0.06116231652437628,1.197775365809354e-8,0.020609781587255523,0.06573547525673215,0.00497872863183733,9.112291219747233e-5,0.008138533966955908,0.03351411230256306,0.013550269567880538,3.726137552315644e-10,0.018220223594049255,0.07731928991721881,0.009095662394936692,0.008117892765815546,0.013982637900562292,0.011811144653177274,0.019218670743889048,0.026837649270883394,0.003920616023575098,3.252341613339621e-6,1.9159411835258294e-7,1.0656453822927287e-7,0.0031279588182442307,4.216293718292699e-5,1.2696337385237595e-7,3.488147258057897e-9,0.014609702567545329,3.895032053585694e-11,4.521985710590105e-10,5.562307392592906e-14,3.861538043958055e-14,2.716590128693416e-22,0.002169222868717795,1.5510556249435036e-10,2.000000321658045e-24,5.218293968311329e-15,1.775946604154081e-9,1.3719233689623375e-17,6.373502487138773e-37,5.8414923827082925e-18,0.007215964685764212,1.4791222238172276e-22,3.862112840370311e-29,0.002657048592172964,6.1251132721423083e-33,7.611925715520272e-38,3.6264928359840087e-37,1.5656858780609815e-35,5.0797696361634135e-36,1.6574257308605454e-35,6.55252341833746e-45,9.741860269317258e-47,1.5456364641539392e-7,0.0024647970803869444,4.336021210988287e-25,7.057592950148741e-40,8.771937627435844e-71,1.1579282260938107e-62,2.677441244028403e-41,1.577488897292652e-25,8.192213785971058e-40,6.990452827134803e-71,1.0539741550925515e-97,0.003427063694452801,4.2840082565234935e-73,1.0275223395462177e-27,1.0639822465575315e-78,1.3136729752230535e-64,4.992081868623327e-13,2.682779950479007e-119,6.292705982083239e-80,4.5387953764769666e-67,4.463604954997837e-45,2.365010774477947e-133,3.270279081137853e-69,1.1422594956629358e-23,8.555110060516411e-41,4.274854562082556e-37,3.742462350544836e-60,1.2965546141947801e-76,8.778658701883944e-71,3.680928694990838e-127,3.966466499006388e-71,1.2091787358848494e-62,6.285713509999052e-117,9.763710810164971e-21,2.586559855170558e-84,1.4582516559411276e-51,1.4835353894154473e-80,7.194365916345285e-14,2.4404793848218937e-55,1.0885936567096637e-59,1.2318441167199865e-28,6.950996441952464e-69,3.089156945604881e-150,3.1865498262023255e-138,5.770261640587977e-61,3.902394719598829e-186,6.2811591939078435e-83,1.1061651036613805e-71,9.376145638685314e-102,7.937162801534682e-17,1.8039426151281287e-119,1.1591286849239552e-139,2.5384043006632313e-130,1.087114517519604e-152,7.762772311483662e-83,4.926198474396683e-35,3.752823002774723e-64,4.081347833077702e-42,1.819809883373092e-18,7.877875061757781e-38,1.2468942604801432e-82,1.0270134852823147e-82,1.2540632508252654e-128,5.802699347065623e-92,1.0920571259976985e-102,5.745805095733111e-131,4.700514698720603e-147,4.906286214499808e-118,4.089798820630135e-133,2.6594852423909623e-143,1.559017142991401e-194,4.5236694484622486e-240
3.0494177535583353e-105,0.001649961129372756,3.0848677100805626e-49,4.8506523355890834e-67,7.757260841118302e-130,5.325011395167373e-75,4.650403397050206e-42,1.0248987459228005e-125,1.818888532897786e-19,4.077636588965838e-139,8.815115556827798e-90,6.208589170529254e-146,5.729612624868205e-31,3.923989728913498e-82,1.0777347665518001e-26,1.1185756387447965e-52,1.9192949521883977e-63,0.002818582908826317,1.6032911176816507e-21,0.0019950562402836903,1.3484456034985667e-84,1.3339352158161674e-29,1.1184821991680408e-34,4.4154176657886096e-58,1.5544250327066327e-50,1.7714225685147208e-48,1.1312018295297763e-53,1.5774823344384727e-21,2.1990983080730704e-83,0.0034847741806705154,2.319550733188223e-66,1.1212565067863428e-19,0.0027631229553604715,9.75013154854297e-47,3.286078401536276e-30,0.0016465734145362989,1.0949648066654443e-69,0.006208067601110708,8.586788988339139e-15,1.4188747886683966e-58,1.1154831705045267e-64,2.6868052265384763e-17,6.232218544427327e-24,7.417928781981671e-40,1.8952291899881695e-73,4.384412193478205e-92,2.8406181355759346e-66,5.1672483129845374e-73,0.00815908281828752,1.617099850608822e-15,0.0023360639511835596,2.7067949035841702e-42,2.275453243135553e-19,3.338520761795313e-30,2.2358811595140415e-20,0.004129542152039607,1.0899538550369456e-32,4.2816147626731036e-35,1.6805798313262913e-65,2.6305705838393873e-54,5.895863699153912e-39,4.381064524283311e-27,1.079469989564402e-22,6.188141616078387e-60,2.5175761334163614e-29,3.3774552322382048e-34,8.48776711537158e-16,1.930000675991816e-59,5.282954784926453e-34,3.5131630336805644e-34,2.4052788828312156e-43,1.3331477762177896e-60,9.35187840870596e-21,8.955003141072363e-23,3.195976534759165e-19,7.683529003980491e-56,6.79134657178271e-64,0.0025341947092181257,4.337438196755716e-30,0.005559468931829989,4.97020823880233e-16,1.4172377112936248e-43,7.110426300824743e-55,3.343434008029963e-35,5.457071378602549e-22,8.387396989485302e-28,1.4455886467274434e-35,4.695337791948367e-30,2.4230727958587643e-54,0.004275650004380813,8.707465503644492e-27,7.728614313544458e-37,3.966169478270852e-49,4.866665171685275e-19,2.8077247377125494e-40,9.946540908345734e-13,0.008578863242420262,1.9245333880536854e-21,1.1425592283867627e-8,1.4408094053360266e-18,0.003212165422737309,2.7261841695909923e-40,5.558607388195567e-66,3.9536788691832817e-7,2.198251366827245e-36,8.695699857471914e-24,1.0048751515097521e-48,0.003104100101447931,4.0385984128897354e-64,3.323674970779815e-60,0.002261831913661528,3.657386845739085e-43,4.1040099080448734e-5,6.53351430998717e-54,4.344563481279632e-22,1.1347554453904293e-28,1.5785655095209247e-7,0.007802625164518012,4.944982967325412e-41,6.003021183692426e-8,0.007963173326102179,0.004316190120107618,5.2340678219484e-9,0.01366750345410231,1.2108173900926915e-17,0.0038730909404117836,1.211451795530858e-24,5.840028905241328e-21,0.0029805672594311948,1.8667825440415466e-39,6.490281904321798e-49,4.823904074543782e-22,0.0022642996046798648,0.0016911165480452573,7.349849810265604e-29,1.2907991962922604e-17,1.6562967513559698e-38,0.005744656862452637,2.8771004742095435e-27,0.002043122199253948,2.6389668294870062e-45,1.4222005392868477e-16,1.90755964857198e-37,2.1552045945602585e-38,5.771811151037626e-13,0.006282455541861376,6.8238549176865695e-50,1.0847274714265121e-11,0.0038512902535721635,9.184018858925617e-42,6.924996088193762e-10,0.004786029227939,0.01060764862372048,0.0064022610634119756,8.796447582768774e-55,1.3815504185184552e-16,6.967707390712981e-18,7.893094053351498e-41,3.53205908917698e-24,0.0077832667821385974,0.004190930065187686,1.3793335015104475e-28,0.004279920311340319,0.0076755447338462575,0.007455777987607488,0.004698922024639227,0.012980521614820313,0.021055689762366537,0.029976435144562455,0.009868951099669015,0.0017168118343374504,0.022335987359680128,0.0029197551633226328,0.006900647664208344,0.02946326839469524,0.028292233949621708,8.380356251451375e-14,0.02286132122803855,0.009639849006186026,2.9707468533941524e-17,0.019502608746483515,0.039386749919413794,0.052741105140337,0.03208692813987522,0.05208387379342017,0.04981269033084426,0.03721669051154081,0.045560484025190244,0.05602945047787603,0.05757885615150223,0.06795461621065821,0.026013200050019464,0.02752485535093007,0.028741878633331476,0.009472549380800614,7.664714056952012e-18,0.007229619511436728,0.007933206777748381,1.369418591391036e-10,1.3420119071175144e-56
4.2059453768073706e-250,1.7289799555422735e-100,1.9227638984087953e-149,0.0010205268813671827,1.5702108593192736e-250,4.0808410407666946e-176,0.0035652324164066026,1.0810112725009313e-228,1.993241164290775e-76,9.879053635746338e-88,2.2842957384378793e-184,9.896267131052365e-230,1.3754150236724062e-116,1.962573090385726e-107,1.0241407566948883e-141,3.891198127725407e-82,2.571326019404331e-182,1.7255697141090552e-154,3.886843531647989e-172,6.024533222067833e-110,1.728702067532221e-119,8.567410248251742e-26,5.300024431004654e-24,1.0135342389784179e-50,1.7804040443130384e-47,3.085214150477245e-53,0.0004818192206390894,1.8363311870430558e-82,1.3934807575966457e-148,1.0837397791700533e-110,1.7702357963120205e-103,0.0022515097969607735,2.1360139082366474e-141,7.816452014341896e-36,0.0011104618112777033,9.248759735392422e-66,1.4183742254260867e-86,2.4456738840705122e-76,1.0056783191510713e-71,0.0011780606696888754,6.4967114756980664e-52,3.822223423626008e-77,8.276433841064234e-76,1.2043271696901337e-77,2.593809042906997e-12,1.7061185770280949e-133,2.1899574862018006e-147,2.4080429260563678e-135,1.5968004595597476e-83,3.4119608326902997e-109,1.0027928489802239e-70,5.744203212463675e-102,4.129745655541628e-116,3.0789753215093413e-69,5.117927332494665e-143,2.0709883638125563e-109,2.199862255042504e-53,2.6336428310645153e-48,7.225063687283878e-100,3.4646574409667845e-123,4.2255375891760396e-122,4.123337524620241e-70,2.6191822246032515e-23,0.0023926153749329894,6.289369681188095e-47,1.2742543284964894e-73,8.094284159071294e-65,0.0013194342720351535,3.663563491278e-86,2.4161974529019393e-49,6.365272636449801e-95,2.0972685935497482e-57,0.0012811362460563825,2.3110220035166954e-105,3.5793242022883486e-50,4.628425268359059e-75,3.360006502625384e-116,4.2501576292819045e-54,7.515616092931917e-80,4.361351529191983e-54,9.083394843215159e-85,2.4248282121692613e-65,7.529842468657619e-61,3.299397091688813e-50,2.6116041633744343e-27,1.9315158409835004e-23,4.1554684610956327e-44,3.663650891624716e-90,4.785288307879432e-43,4.410870213723501e-50,2.6858464774127973e-49,5.7778009634724366e-64,1.0475300319690834e-43,2.27348200325733e-68,1.8375578388188274e-67,5.966063391669932e-48,2.627322029957995e-42,6.003657353957746e-31,8.888202000275035e-83,4.0331887330633166e-62,0.0024754327922223746,1.532254524324191e-29,1.3650633208766876e-61,2.104647577892095e-56,0.0012052316251052598,6.487677126297782e-50,3.095476802539141e-10,0.0015454196675028294,3.065294001283698e-5,3.1163376996392717e-14,0.0009899702904207586,1.1577046463985877e-26,0.0014421988151808464,6.814683480453454e-14,0.0010406044003281485,2.2658415972477177e-12,4.753424060866741e-37,2.5189697848511544e-12,0.009172535513740481,0.0035736659522259706,0.0036074729195928828,4.546066914285129e-21,1.8553947203737195e-9,3.7838708359656943e-13,3.5527031420370323e-6,7.043180553923684e-11,0.0022273570835154547,7.432645509558962e-50,1.7829961348455886e-28,2.1215291708172117e-46,1.763200200903646e-37,2.9462615920770515e-5,2.0328530050484678e-15,0.0005197085948767905,5.196774866007384e-35,2.9014814466148836e-43,0.004528321752023822,2.9287861444284e-10,4.204103781128479e-28,1.4423443364849257e-13,5.1825783443357733e-17,2.359613761885425e-18,3.8198594494955023e-31,1.5453610579994596e-9,5.0363867435684545e-12,3.0006805416823784e-7,5.72942118079045e-13,7.972993629395378e-9,4.787926465536268e-17,1.22946114244654e-10,5.003889200918356e-19,0.006819659704015342,3.0662990181769615e-6,2.1196283009502904e-11,0.013504058193993133,0.012100684857631938,0.0038310893741077975,3.794735493649253e-7,0.012010521013718951,2.273722492962709e-5,0.04372417978034603,0.03171025827947233,0.031184616242286897,0.07699543344986091,0.05688709666249626,0.08112394778038552,0.09421009315239241,0.045265979410200316,0.041647563927580636,0.05418654989727327,0.03976773007741526,0.02639407622304679,0.027947666476538957,0.04005461646030795,0.018702536747518688,0.02450537563538368,0.02706056578102727,0.02039081482359868,0.003830550482947742,0.0030633720722737993,0.014139921189515693,0.01775199201702372,0.009177988354104659,0.007305639613746883,0.0029200642176028272,0.01129133601138745,0.009231804584597348,0.010654052989066638,0.009468287193230148,0.0018197124260653213,0.005432944649369684,0.001482918886130294,4.2991134374964684e-13,0.010554385004683402,2.5918966694366736e-12,0.0029176012258443186,1.8486591741455253e-15,6.923559465597605e-10,0.001913434811341851,1.0829615052710414e-85
6.360078522800266e-155,8.750944252523843e-90,1.4336918103352864e-55,1.4557014667459235e-103,1.4216657460565375e-85,1.2778106970495774e-61,2.8068198761924476e-92,4.361473257821448e-96,4.1787346448090686e-47,1.0688878887977262e-39,9.666342532718329e-65,1.325252123079544e-86,6.473948002989446e-24,2.698251186727262e-54,3.78359557430579e-55,5.603476047319639e-62,2.9072842166096547e-19,4.932337006552889e-15,3.205521448030072e-34,7.900142084512687e-53,1.688232875211569e-51,4.104104070544537e-32,2.6479807532646395e-35,1.2305002712425775e-30,6.688773875400109e-47,1.2293944788720932e-25,2.8911299019053238e-33,0.014128124551143763,1.7892988072710586e-38,6.971984942030997e-45,1.529085566466777e-14,8.261654120774181e-29,0.014951472274787016,4.918387325123907e-36,2.878641334520064e-20,3.1003282999196498e-12,1.467562897761818e-27,3.536196418973764e-35,1.2811842190773748e-15,2.762415519293739e-18,8.139178971680527e-21,5.803873087374326e-21,1.7830752852588875e-29,4.455918234623721e-19,0.01188896025006106,6.039701937885024e-18,5.5008212006990774e-27,5.88520815235535e-16,2.937537680101228e-14,2.391869460028379e-27,3.520877995114011e-30,0.016976262243512265,0.06449369575674387,1.2523627126869172e-12,1.8237515737993308e-26,0.0023734614787103217,1.1565019630080937e-24,2.575191027085909e-5,9.693502984080235e-27,1.3395724173665434e-14,0.0002555466023451857,7.34708986874455e-24,7.935278306422891e-12,6.714942862180645e-25,0.07276068573037212,1.1449277910002194e-18,0.012847544995328083,8.390202516758222e-12,0.11122328238939903,2.0028779792031754e-16,1.239982170524817e-18,0.04528468489697007,4.313521936885014e-32,0.0003020284245937785,0.023686172427825593,0.02128390053004525,4.952881421849465e-32,0.02416497168567579,1.6096920596565728e-16,1.1005799291079482e-8,0.09548334585898606,0.03487231021982795,0.014077318797182808,3.2564803374852434e-21,0.07028168249559752,1.8125801590271816e-6,1.935313285628258e-21,3.5890683730309965e-23,0.05627476920937492,2.8887453920749425e-10,3.180384564583388e-16,1.0296107578316765e-14,8.417531630389497e-9,2.8305312272882425e-24,4.5581096075238886e-5,3.465054909270743e-10,9.283271209133885e-20,2.2231335416324785e-22,0.031568740589099524,0.12860294577640868,6.688420136276134e-26,1.1889009334076906e-17,8.04908148345324e-12,9.437072785762258e-9,1.0312033542122239e-26,1.973776774352309e-19,0.07301480852803237,4.816316596688444e-20,0.0055847716072395075,4.6690894939902895e-23,6.065266038440913e-11,0.002918362173748787,2.237165027319686e-14,2.0188048273133576e-18,1.4995222731824398e-23,1.162599831512722e-22,6.774331758303909e-9,3.600154253618245e-11,1.1647943424240492e-18,0.011661710396049966,5.905618214181511e-14,2.7605316691835276e-17,4.7764319082669716e-17,3.5421790143801594e-29,3.042977630476122e-18,1.5863350052050172e-9,0.02104186326308632,7.16500300059919e-20,1.343875055869989e-12,9.767897732011869e-39,1.8126927570331962e-14,8.6085258423746e-20,0.01012846654356024,1.3696487115687717e-25,0.007791757241838648,3.181566691098219e-16,5.5218717382857406e-33,1.9466097310893872e-37,2.5169649620500637e-40,5.889127022736564e-20,3.985381461707389e-57,3.444331802471305e-23,2.4778382796452048e-30,4.902280366793487e-19,8.932443912532742e-38,5.3183769626663424e-52,2.485024014026867e-55,2.7381782880805476e-39,5.889424624818651e-31,4.1801105166189853e-66,1.5024531756909467e-7,4.19452024543313e-22,4.3851644933095807e-16,3.7685162379808004e-42,8.453037450755829e-38,1.8434096486159183e-33,5.083641077860401e-10,1.6543953287597568e-39,2.852240475161883e-52,1.7938557527493165e-57,3.958928271889028e-29,4.897873652252161e-44,1.7608040982991214e-46,9.450164954064198e-29,4.162229181989538e-44,2.696686758275979e-32,2.132115471670116e-42,2.8584690124763006e-39,4.151334511968705e-38,1.0100051925013515e-51,2.0670782012869974e-15,5.027787582599905e-10,3.839967870943652e-39,1.0600761377290647e-50,2.3689810830031788e-40,2.67787999229529e-23,8.586843845062951e-55,2.858776555877901e-23,9.628591121038968e-39,2.135553845690742e-65,7.41208182502655e-36,2.4386989459997073e-41,2.2470578351064065e-45,4.590434856941983e-44,1.554545995725622e-27,8.053247104491229e-19,1.1980503095312793e-27,3.0182361337330137e-6,3.0878514072822404e-39,4.4653151565215234e-60,1.546339982683249e-21,3.2335163046451914e-71,3.134412027938348e-32,1.3234784001953192e-16,1.385630717161722e-54,8.105874220569502e-49,1.479496327249624e-57,2.904195371788998e-63,1.0519043949679929e-78,1.2699589385423895e-135
1.1249014759261361e-58,1.0013714553590362e-18,2.777711852776618e-15,4.4211847438821327e-32,7.731730715557852e-34,3.6433419165301787e-16,0.002268668916222144,5.387223699978295e-15,1.0093092425054968e-8,3.52060305800862e-14,4.39905313706942e-6,0.0017142365577061931,0.0027508520996898773,0.003896938260270499,0.003966820536835963,0.0015967533164163831,0.021675228803453146,0.06502161451962765,0.025290810506855707,0.12440145956380912,0.11945902610530416,0.14357258493903752,0.11980691180888571,0.07763593837059528,0.08848072698422044,0.029690281892742365,0.018917159936400238,0.0032341952906575116,5.8067927820153486e-9,0.012998521359548454,3.2136308124926553e-10,3.988250905523776e-12,0.0015816697752335167,0.0009653144379822429,0.024243896495373913,0.0009004867026104604,0.012392831000661022,0.004449390164105509,0.009907361779553944,0.010857150259001733,0.010604427194812615,0.002786074615455406,0.024011290529217227,1.6731357611711694e-8,0.015965479533313006,7.060762548515383e-11,0.00033686713329349335,3.2255658501341707e-9,3.412239683772542e-20,0.0006418608976722139,5.327751250171657e-23,9.386168011764181e-18,4.6612080315635176e-33,1.37404143058403e-18,3.697547784792004e-30,4.4983946152892824e-26,1.1688601622640833e-17,3.1671124732386276e-8,3.460393229922173e-20,3.5241187077226105e-11,9.927588185696628e-10,0.0016546078167431618,7.787614260498089e-25,7.220948740156134e-28,2.2208756364323157e-29,1.286279461991583e-24,7.2344974744851394e-9,6.938426476548456e-33,0.008358664783065121,2.6428077695019682e-36,0.0019819591297159265,1.1480091612591089e-32,1.5083987080200973e-61,3.3664393770069196e-31,2.4163278131275234e-33,5.8205637674635255e-40,6.712796940447156e-21,2.0547278868709375e-66,1.3390683176334283e-56,4.272610178827175e-55,6.79581161583675e-63,1.2248651401109585e-55,5.391499793572358e-52,2.133181812179411e-20,2.7614060767653084e-10,3.303863819801851e-20,5.214487045694293e-50,6.941518138951863e-46,6.899685797523239e-49,9.324395236014658e-43,8.742571479020427e-66,1.8881072168096016e-52,1.211452256873039e-52,1.5876006261310443e-56,3.865948728824756e-75,1.7533299200486138e-46,1.836950972811033e-63,2.074844955365965e-73,2.677749211972388e-72,3.2140105402398276e-58,4.842922450963187e-57,6.921567696670582e-68,1.4114650458776983e-91,5.0461342811804144e-77,3.343819678448281e-57,4.010272403692735e-31,6.357297540992662e-76,3.263855675070096e-87,1.8128964315980464e-5,8.960767236773681e-74,1.2948412923842811e-110,4.273946924890401e-119,6.65494385700617e-39,7.347542764012549e-133,2.791787611544868e-118,2.0330765872651947e-57,1.2876038396912275e-108,3.108594481969349e-95,1.365481302468316e-91,8.448529512317179e-90,2.9653902099647505e-101,2.1838223242715132e-131,8.654811419913572e-132,5.814585464397093e-149,2.3993607286156087e-88,4.697711356295903e-50,4.472242935344411e-96,2.108069858024861e-133,8.093835174778411e-92,1.3123832539911343e-101,9.923845121297951e-114,8.065073966282631e-87,1.015405972761809e-65,3.236738707926818e-81,1.1147053746845204e-119,3.755607392942433e-5,6.554160115725534e-122,3.647813122957382e-145,2.2078914518742827e-158,3.246483579404694e-121,1.8140973221399127e-126,2.726250141721927e-122,2.7139575475790116e-115,1.4521874216552516e-67,5.978462599427245e-84,6.180340068627453e-187,2.254203571465212e-106,2.370073928168416e-132,1.0215416974750343e-105,6.885819361829726e-202,3.2831920031484223e-71,9.197392726681776e-92,1.707034438232547e-110,1.031412730180659e-40,1.1745848829269872e-136,1.4938380697553954e-115,1.129076994097551e-106,4.810179957458206e-148,1.3822882312050405e-102,3.6300732219709777e-190,2.38662369004638e-104,1.203091966489603e-89,3.496028553805966e-123,6.757304774930629e-70,0.0019217774299544342,5.754416669080811e-74,2.0574883506157384e-140,6.508193971095443e-93,1.1926634265837223e-61,1.3490190877215092e-132,3.646943438817152e-110,1.0688737735342964e-116,1.795179051800091e-43,4.84969534209786e-135,1.1038974130421042e-146,1.771560626505728e-88,9.399912930448968e-96,2.930402105579511e-78,4.269835005639763e-129,1.7683364274800974e-150,3.039965514201923e-182,1.7011272225315427e-122,1.51847075501228e-92,7.374094725837431e-101,4.755183865108063e-92,3.3354085903618694e-31,8.607064608385503e-76,5.653833256108176e-83,6.682593820712019e-81,3.0380781608315536e-119,1.6281676460728332e-91,3.6285226823649123e-174,5.990407344835801e-109,5.65377148346307e-133,9.08868431801744e-68,8.12517447819725e-142,3.6147100462958815e-166,1.334996609661399e-155,4.227372494587228e-189,4.6211351005499585e-254
5.347001631495059e-226,6.829768425957378e-122,3.0919585468169934e-149,1.495810480978059e-122,6.485621252180852e-201,1.675630357253678e-215,2.0668528586929764e-87,1.908837802095547e-182,1.575817813020219e-19,7.011997078277406e-105,1.1647082074702947e-187,7.934637738067081e-185,2.4110990068963012e-117,1.5035186250801684e-86,1.6474934874565665e-127,3.6569893757655625e-146,1.2385170163932845e-129,8.307499603915702e-133,2.606729924957802e-89,4.5573260140012e-82,1.4449040708388163e-74,6.367253020938214e-125,7.918308712091356e-84,3.448034782286853e-35,8.009663606855788e-124,9.643996147840662e-91,1.7703066512936876e-97,5.715914528441591e-95,1.894502037664466e-122,8.1713343915823445e-106,5.551678488526945e-85,9.658965835143337e-26,2.39978802025351e-69,2.302397619744347e-46,1.5240810182921981e-65,4.798326461038736e-81,2.0743381215325477e-58,4.775019488733588e-59,0.00032098617890826667,1.5051827316663865e-33,0.0016985502385305756,8.362204351995985e-63,4.454721412141238e-84,1.1539679516226624e-33,1.6305397939891788e-61,8.966613537759331e-84,1.5869844237570636e-82,1.99926294637816e-40,1.6770756169568826e-72,1.1326188662714807e-86,7.315268412660974e-38,2.1498667282988763e-42,4.4301687256164e-81,1.8589724962902224e-27,6.815603457149363e-127,1.9107106582561797e-95,4.416451295474286e-56,4.846550183904495e-49,9.965404839950973e-92,1.2119074897582438e-53,1.78127936485908e-79,3.3207685346816666e-53,1.1629561795992654e-30,1.3867563668850685e-38,6.67300808939592e-57,9.5841972544999e-30,5.525554279510896e-23,3.7208171195651235e-31,8.490569620636945e-43,2.0844903804587136e-23,1.6488383066677684e-43,4.929932542022942e-59,1.1816205782951375e-41,5.339363484033856e-42,2.2853673135241492e-30,5.6885591035025e-45,6.526104311927243e-44,5.288124269579211e-50,2.4768448428179217e-60,2.044354359963753e-39,0.0015453889473683537,2.537342306989185e-54,8.506446246332988e-46,0.009633745246354953,2.1867029296264077e-37,4.585725498484822e-14,8.668893468549241e-10,6.165932787556295e-34,1.9267537564678507e-39,2.204678382621792e-25,6.960983346353459e-42,1.002743898539618e-46,5.4566869431586145e-11,3.5519448262125573e-34,7.898538735154512e-56,1.161719792237212e-10,9.604857612864029e-16,0.006698915226809358,7.498085799589391e-42,0.004083166343170719,1.7096441951028075e-19,3.4085136261010096e-15,2.275976956497882e-23,0.009792458589996215,0.005243323209236764,7.923850572053322e-25,1.2839067895784887e-14,0.0007967642401605307,1.567356984254045e-28,0.009711061637015864,2.8011234769494664e-14,1.4143678656976939e-18,1.3162396726394118e-22,1.5111496102299632e-16,0.012448628368037385,0.028802074314337758,0.004821949201068538,0.029548981780964087,0.008817948030333856,3.5440773188975286e-6,0.007172761611578537,3.04936358750315e-7,9.7256655565321e-10,2.7507401574409417e-13,7.195031729874782e-9,2.6471311697597875e-18,1.2950254849443887e-19,1.2880442538033666e-10,8.337778122567643e-13,4.775470547094398e-10,3.071723051212441e-15,0.0010684766379256002,0.003864922074932866,0.010432030160696172,1.581609040012189e-5,2.951943642346436e-18,0.024984030821911713,0.04822283177831509,1.5827398579858268e-10,1.1166938000112653e-6,0.0018459332307693636,2.44231151171404e-7,4.782340908945647e-11,7.93604568603362e-7,0.0003120379469369324,0.02049431001971226,0.049041050356557564,0.032261320443903785,0.02614695804426413,0.10558211427159316,0.0934009030396851,0.040540753361356645,3.6668190175387826e-13,1.7165759780927216e-6,0.051246175102891894,0.08419911997515092,0.01587197024502045,0.12610845928359657,0.010703413100974014,1.0669374779450353e-13,2.432024638965554e-9,1.0315800151358006e-7,9.951117269061085e-11,0.00914093997647942,0.010618761985165502,0.03366838278388415,7.302866345183182e-9,0.0033459385528955402,0.004112110231431823,2.859134735666769e-7,0.0001313139042057867,0.0014800940712461602,2.431271961535509e-18,1.9250674160424936e-23,4.340999654420561e-36,9.692391030780736e-26,1.1806606956387226e-25,0.014299228832917434,1.1929556727067124e-18,3.383503602338901e-26,0.00635972294529275,4.07149951454169e-24,1.0082070693570958e-17,2.3331093250191867e-17,4.682001746276514e-24,1.6159343137395214e-15,1.4618680510387903e-11,2.6496292924950414e-14,0.020698568918142216,0.0037269077876945183,2.0912876686277212e-20,5.840549359512676e-42,0.0037019832805518732,2.8619817996993075e-21,0.001228588520544271,3.0963211797377066e-14,1.7159199141215467e-41,1.8174684399390745e-35,8.996911655324187e-19,2.838807861110054e-85
3.398734890049832e-129,1.260917635261676e-76,1.5313778187905706e-45,5.4647453302776696e-24,5.942855453376916e-111,4.046625394603804e-20,3.2449926954459795e-33,4.480100413760299e-62,6.626794066408183e-20,1.5660715439055908e-11,2.7599449516605708e-58,1.8771168942052906e-71,0.0019058600211744351,1.6697835275306281e-22,5.767304031240386e-30,2.4680160705560748e-42,1.968776006604795e-32,9.187885224021932e-47,2.3312970112163735e-25,9.637207004265522e-31,5.682603546629343e-33,0.017728913234787508,4.77872361527145e-7,8.193927673510789e-20,1.5681668162087894e-28,4.200390156718715e-6,0.006513277200344683,4.2507327805573335e-38,7.542384667485287e-29,4.954561498081946e-32,4.179886979788596e-33,5.078226909429153e-29,2.9140090394391777e-31,1.6991132791679243e-41,3.481196074230266e-6,2.6204278404393325e-14,3.3576403033556184e-31,3.2705442108595763e-19,0.003901324500344996,0.03331144410917684,0.02336837993094361,7.913541489823282e-33,0.0075621459574361,2.0426182705605238e-13,0.018404402981785556,4.0452537071905257e-41,8.763431776401931e-30,5.609799993578794e-45,4.544226940830104e-14,6.602140089304124e-20,4.622082090905092e-33,1.0509209314153668e-9,3.6988369831017734e-21,5.497259338347822e-34,4.152176418200991e-11,2.4361016595902318e-20,0.013961133456596775,1.095235157793023e-11,9.691239827708353e-22,1.484806662271428e-11,1.2365200489543515e-22,2.3700892280669483e-40,2.4596296335155724e-21,5.867498211316718e-10,0.024247937877675076,0.013163330605934753,0.0008734059014671257,0.039875486216605596,3.775946992905183e-26,0.06289857122841569,5.419306296544854e-28,0.006052370862503109,0.02898236893652449,2.401545952597101e-6,0.04855940333191093,3.1787432193025413e-38,9.144931364471193e-61,0.06786838553686694,3.1164784139887208e-30,1.3696584644141312e-14,7.074262165082717e-17,0.031754848026452016,2.3102307496549276e-22,0.025635605690083614,0.007201528683658824,9.267823991415483e-31,0.014962184816661532,8.04604880198045e-22,0.06328212080786548,3.0103356356074154e-28,0.015076701820557509,2.169712322706351e-7,0.03502527525622614,1.0185948633754067e-20,0.02349859009895527,9.440900911158325e-28,5.3915089180194904e-9,8.953493196218276e-27,6.583115737907632e-29,8.80563597211541e-24,3.129984094859779e-14,0.020484581997785564,5.836269169098818e-16,6.145729368996794e-20,3.4508283873970806e-24,3.353530324847362e-20,0.016871002214972942,3.7400399402143715e-17,0.024271234782666427,2.2410304961773816e-26,2.86476550946445e-6,0.009931022512458197,0.011748147780079207,1.3226380853990243e-8,4.678784724125112e-24,0.0033203326540349356,3.015478969375239e-12,0.02681890280119484,0.018075334411232897,1.00907966698246e-9,2.3891682765680476e-34,8.07728822598136e-26,0.019392158494525327,5.5208266955639115e-11,0.022141799782186136,0.0012912556415522057,1.1511314546258497e-21,0.05513351569700892,1.4637054052041242e-9,0.01420361928597031,1.5712101866596002e-23,5.554641484791229e-41,1.8231469000277286e-11,8.462980002707627e-11,2.871022857093768e-32,0.01199011446746957,7.00725716878801e-30,6.406537677623939e-6,2.329427318429005e-13,2.708131342139011e-18,3.7636364207325523e-13,0.03211520335810142,2.8368050677663695e-22,2.6703847994022872e-24,2.5519093693277705e-16,1.4194835185214855e-24,2.689760203928369e-26,0.0006146481903885505,0.012252028388413083,2.14178699506692e-25,2.50981339211507e-41,1.4937472248692632e-15,2.7503428510877795e-21,9.976650674371524e-57,2.408700427073554e-28,1.320827328255506e-29,4.3203908091968925e-12,0.02090475745569839,1.0595697193719847e-14,3.6789457921045666e-17,9.380457012161686e-35,5.204707263850275e-40,1.0320112676981255e-32,0.009072574068746623,1.6643888949266044e-15,2.3274983443321065e-28,0.009980700718379334,1.3111752865566887e-48,6.868411133113518e-30,2.446459565751569e-27,0.009516924198106886,2.1495084409951846e-23,2.5710757545641036e-16,7.614984170637492e-46,3.3359627369871544e-24,2.059120253104884e-18,8.787277896521837e-41,3.2409619788586194e-25,5.087067683968918e-22,3.053683287415515e-27,2.0222324206565753e-19,0.00888434697169403,6.786988017601894e-23,9.280337772769695e-27,6.615530864621164e-13,0.00522116678341677,0.0001295168095181243,4.1185959673921594e-8,1.6091773186498632e-37,9.044828480572947e-35,4.472173579967057e-37,2.1407470580378274e-45,1.7993343830273005e-13,7.593774706413632e-18,9.673164969185649e-22,6.454908642803396e-23,2.096528219014835e-48,3.576095347464032e-73,2.6396167659543598e-28,4.0413026728365566e-101
1.5538855111695966e-38,1.9916830440342687e-6,0.006938604014303761,7.038329767625351e-11,0.003129650609272703,0.013801478265645102,0.01482816973589445,0.004112760890452603,0.027560457620412364,0.006860223921299946,0.03341325476838134,0.03968958027549637,0.04314144260459437,0.02431592484116974,0.050372965986655194,0.04174446536076399,0.04511991862905539,0.018106776766847257,0.05798527776843528,0.03378726594959128,0.02930795984679868,0.027241039009049197,0.024968511014165924,0.03527928349229084,0.033691561560683064,8.86306174237402e-8,0.01894411279446842,0.030835233683083683,0.024358931957130212,0.003426913175922693,0.01829514131173996,0.01928523405281754,0.011556098582270519,0.03543242026817123,0.012767724612960489,0.03719643985493714,0.007072340830999242,0.010349939410700284,0.006388646987678608,0.02054693221353393,0.015758551577309512,0.030254924354080993,0.01566666732847801,9.094660784137075e-8,0.00014354289175427833,0.02070951415190158,9.061514906578441e-5,0.014083287438963081,9.894119522822465e-6,3.5850863614896044e-36,3.088577328353401e-9,0.004767045924677012,4.712543024852886e-10,6.459626200642949e-24,0.0017994262540059953,1.3518038416402619e-12,4.6721493730759745e-14,7.915443227289426e-16,3.609159129495431e-16,9.915300185358542e-22,2.3972630344041174e-7,0.00040660676882650187,7.811927898086416e-25,0.004238247777136855,3.4054679224565003e-15,0.000713124083819552,0.0014437929174474127,0.005918936653888342,5.4644751173798946e-17,0.00032284617615816087,2.92485221838694e-5,8.019279962919537e-12,0.0006902273597546683,4.474719954430751e-40,8.214023405060196e-35,2.0706208876175144e-37,2.939213904426315e-12,4.959908885401327e-23,2.5572910875980433e-30,1.2627157297153367e-32,8.059853581593344e-10,4.869219246801811e-15,1.075117681607244e-14,9.447733142739873e-6,1.6570266712737982e-30,0.00263724420087784,4.386298702859092e-31,0.007274408656637608,1.2704942191572392e-48,4.8712431178651025e-31,1.7296186868226429e-34,7.940388491555373e-37,1.0717346499440133e-56,3.611327201838693e-27,1.723062118240208e-36,7.340805429529496e-68,8.66636372467396e-84,1.3518625451162022e-47,5.848345517532128e-67,4.41597344728844e-106,2.125785738364119e-53,1.0244310132586813e-98,3.881555009438839e-70,3.0736477970792794e-40,1.1066201623856464e-107,3.693397616897321e-105,7.608146953524648e-122,3.97055906530555e-38,1.187418797565039e-76,1.005544986834982e-108,1.0970830699957004e-167,2.060452093844964e-103,6.755597344619034e-46,8.130360203183107e-86,2.696018781180114e-147,3.6928849492597927e-91,3.755554081311308e-113,1.1829839187442911e-183,1.9234883744623747e-107,5.9067640605795074e-124,3.5346314949187304e-162,9.51672531519666e-154,2.0447339183093007e-140,2.9725551281582015e-182,9.272788057476736e-29,2.111084162069573e-84,2.7500805504626413e-139,1.8665957282846897e-152,1.179129763029614e-127,1.3846118837592828e-113,2.5614550073715224e-122,3.673671638899989e-54,3.737214209370142e-115,0.001177301857544303,2.0247010782538846e-92,4.043175410915867e-92,2.3320276036218357e-101,3.760090182602959e-172,4.4340504276439784e-238,5.8154102240464456e-111,2.415458064286967e-63,1.845365835130178e-149,2.90560814091953e-226,1.2927576060633902e-68,6.246545763092903e-53,3.1478002445033725e-246,6.784246819881649e-193,6.376290265106762e-255,1.7898673341154068e-146,5.786859065993573e-232,1.9812134826587112e-115,1.6105101109130807e-134,4.8666441739307444e-175,3.2374190801334366e-63,4.693297473922614e-97,2.0622651058646176e-164,7.17904416816344e-91,3.2466931951533653e-267,5.383888637338161e-198,1.1416570754104431e-150,9.88949189433457e-246,7.757870860656496e-112,4.4494252651846905e-171,4.443075346862173e-115,1.830530696217869e-203,6.054992987145545e-150,1.8891748042483615e-136,2.232487369106572e-126,1.3676511356688546e-70,4.0670638966959987e-94,1.1543989130088322e-53,3.989790371346459e-260,1.0931490543834982e-70,4.2686300642128664e-121,6.398876353007724e-219,1.6358942411935728e-139,2.352997434437834e-164,1.4520469603770666e-36,7.278009514912866e-177,1.661280100766233e-255,2.9822588681643177e-267,2.880070300450644e-205,3.9697027719945674e-87,1.1341816634604055e-85,5.4301867682797e-146,1.1558207786278323e-63,1.3868291260001184e-76,2.695244817687322e-86,8.651837819118741e-138,2.1623557005537515e-264,1.0017770757274223e-123,5.146510953641118e-126,8.168704754470829e-197,6.34682998175765e-271,0.0,1.1376949686356536e-211,0.0,7.8146316427e-313,0.0,0.0
6.879396234043081e-217,2.015951347916365e-160,6.978684414276236e-84,7.160617642738397e-153,1.1716354778642178e-219,4.54599933671012e-141,3.2837319674391005e-162,3.450918305019637e-174,9.264382039001155e-99,4.5953058106153744e-14,4.988278712413561e-127,1.0420228965991206e-131,4.587653879773588e-56,7.486190409317609e-79,2.286492162099864e-62,3.7236747976747834e-80,1.6816054867774858e-86,4.686246242518077e-43,0.005160625148960436,1.9967763064079775e-61,1.389450423863661e-65,1.1712768636223478e-114,3.3809949130453354e-94,1.835595047616813e-44,2.2285708335329684e-41,4.0035250690549127e-75,8.58226608882853e-107,3.6880734528299224e-69,1.7337162580404485e-77,1.8107305885980375e-66,2.7433567762026573e-17,1.1157452813637844e-87,2.3947425072080866e-17,6.583132530444491e-52,7.990076048362074e-37,6.943439459867605e-51,0.007206058094666786,5.602679784877604e-55,0.01278650112656762,4.1008784498701286e-32,1.5550242067029354e-76,1.1244475558311195e-35,2.1501440574437316e-36,6.428233517333855e-25,2.647289230158573e-28,4.424734615806287e-62,1.90998797670132e-40,0.00784616720445768,3.650946711569626e-36,3.087681270028795e-51,2.4929840867167363e-30,1.3275706651096956e-41,4.946413436037791e-32,1.279210652318039e-10,3.004871428090915e-61,1.5903067592234563e-24,1.5674655480489758e-20,6.856979403422338e-43,7.948628787779341e-53,9.013143860482446e-13,3.9724804036133883e-19,2.8559875700940673e-41,3.297796239969703e-20,2.8006518244231655e-34,6.578828860749555e-29,4.851181139645399e-33,0.003187356209697895,1.7959254316284184e-29,3.810508080531427e-6,3.4435135302448143e-25,1.5819638639659078e-35,7.979473530241096e-16,1.2180276481747945e-35,0.00036326971614572545,0.00042923943716975665,8.693750613316283e-20,3.100977645847133e-34,7.904363033434816e-31,1.4422333229569196e-20,0.0039282712794480625,4.201367859077133e-10,2.825579888747244e-20,7.435770193053777e-8,3.0098142996268964e-16,4.1920026064202327e-13,0.0006829176107705939,5.958713306991577e-25,3.8136068780585e-9,4.072565441457478e-8,3.299186773141558e-12,1.9104228321451829e-7,0.004078720432790098,4.655101618837574e-6,4.547076194235888e-15,2.945939558584795e-23,4.1065877276917074e-10,0.00951683811229823,0.007395509107285741,0.014545314031724765,2.51434977717741e-8,7.231020737326305e-15,0.009389350854401294,7.863710696094357e-13,0.04120459527671983,3.105259253923571e-27,3.893556675727971e-15,5.433177317768515e-17,1.841767597189101e-7,3.452311565867057e-11,0.01703819213045187,0.023748750536227926,0.059113064872659896,4.0135242387127105e-13,0.002105846991823045,0.029651654964125324,8.089194663861179e-12,9.796457913084788e-17,0.05654765513921293,1.4322631391625776e-8,0.007814651620580159,0.004660033815991187,4.675686787967889e-21,0.06556760762722327,6.83292852347839e-14,0.039264290792917614,0.08036876824512128,2.2072607071165077e-10,3.4370279406364724e-6,0.08437032233095068,7.046335041911729e-19,6.275142270806284e-22,0.049529977382170624,5.864785917162961e-23,2.7456106409906168e-18,0.008518268595987045,0.006423356846657754,5.94810727509603e-23,6.163520869430202e-20,5.7046056398391336e-39,0.005114832914832991,1.3152892184075404e-15,0.011403166570714163,2.007484537177415e-27,0.12932684299523087,2.6157786006950133e-33,5.4922012716360696e-8,4.2952476918644284e-20,0.031140995864725147,1.7285743237376705e-12,1.6205758897968272e-30,0.02644385038666516,6.81476109129367e-10,1.057637561643941e-22,0.007717093911069077,2.658784370723264e-23,0.0035835064670038034,0.03327470830111882,2.6858751117070416e-21,0.00385864200328468,7.497973087042318e-26,0.0242631738071058,4.374066177512856e-27,2.7028833401483443e-31,0.01309047556670499,2.371657487706604e-27,3.9084559246043515e-25,6.90932029157262e-24,4.975287912255803e-22,1.5609326950011189e-24,2.816672975224813e-30,0.00021954549844937482,1.5540843808676664e-40,4.354319580794001e-18,1.3413195474728733e-48,8.711382224055358e-31,6.60634255996583e-30,9.961382885265803e-23,2.844496397897096e-19,1.6385057466868665e-15,3.2896610562388314e-12,5.3698273248940576e-34,7.550296905567851e-18,1.902787983754424e-20,9.698925294530448e-20,3.012258041021376e-19,0.005538959490085994,1.6510075114276402e-21,0.042568537631525065,5.327519934528656e-33,4.450347586143047e-37,1.3874931803665725e-37,1.1839074431554058e-55,2.8911763253135154e-51,8.068175666955166e-27,2.9890657430762795e-33,6.290284566789978e-21,1.6236838193168307e-65,6.807444838871228e-61,5.6959898380581555e-64,3.0555350895969892e-118
1.3517814835600735e-113,4.0256847758444854e-78,2.7474636541843085e-33,6.84873745323225e-35,4.564555502252503e-79,5.84261755625213e-44,5.649616212858306e-30,6.368064092862491e-11,4.8731457207109364e-30,4.594385233493142e-41,6.051295423147267e-19,1.178146054883427e-21,6.302060861002685e-16,2.979255477185491e-31,4.6363364885466556e-20,6.092905763028269e-29,1.7703592333141904e-6,4.228902018308128e-22,4.0144509186506154e-13,2.827506391870319e-29,2.4872889772230203e-9,1.0298031332313243e-27,3.645737936276577e-23,0.00102718624813665,9.328320395236385e-13,0.02094732574168482,0.024468115679209347,0.008940698129017937,5.9799355521918526e-5,0.009325473175900783,7.193527202852387e-5,1.8482502855150453e-6,0.012996822330270457,5.763177492116109e-6,0.0010036393035722786,1.1630702210946254e-9,0.002134855522796611,8.196732701672743e-11,0.00700042959231286,0.006696333801049397,2.699136078637227e-9,1.141273884391714e-5,4.548869777795636e-8,0.02737472505945257,0.04026330615147303,0.0005237801526987165,0.03884038793651267,0.1612704844685485,0.035199549604353286,0.09520415842736543,0.05466563643064716,0.023924193480443768,0.02050484955859262,0.07244081611782283,0.04303879264088749,0.0779208453715277,2.446518042086689e-5,0.00017418103424769537,0.012353474276625167,0.008067696309289309,0.033320355834639256,0.031723830041182066,0.008930547534917378,2.3652538080387686e-12,0.0136387306685353,0.026143990964000538,0.000688359480272933,2.8927785543132436e-11,4.764983772688459e-13,3.1368704007414795e-13,2.45819163920954e-7,2.830917085341866e-9,0.0072520610757138,0.039051400923947474,7.466440178762317e-12,2.6453701252746533e-9,1.558462398309984e-9,1.5881499137603364e-14,1.2233758380093523e-11,2.7544087574759486e-17,1.3824818597906647e-21,0.0022872448181165215,8.854440943219271e-13,7.004007734014347e-14,3.810488954037823e-5,4.759059287921227e-16,2.3312014361172376e-17,0.0030226631913137718,3.1650520333953787e-10,2.294673417761299e-19,9.681583655610226e-9,4.710909143402989e-9,1.0101982009999036e-18,0.01946931481432112,1.939936212269696e-17,1.2365151742408322e-13,2.80423488386968e-26,3.1826757841124334e-23,4.088333499554097e-14,1.0977850288358495e-16,7.305362414555527e-26,1.975800906838077e-19,7.042781148744309e-31,2.867415036624116e-20,1.219395415029919e-12,6.042933584657423e-24,3.744805079807146e-40,6.91785220410993e-40,5.3727087562142015e-20,5.8710367960154135e-40,3.2928200748680698e-53,2.1181868264010965e-33,2.3937999663473763e-59,4.770754124655012e-51,1.0615649016242934e-68,1.3880006203903703e-52,5.911872744550096e-38,1.9604123961591718e-38,3.6019594103639037e-56,0.000110628097904039,5.949257626062906e-68,3.520557924510786e-48,1.7290407363876342e-53,3.1446128858819323e-83,2.411185170399071e-38,3.1540192175851336e-40,3.179702314651699e-47,4.5723701808722734e-63,1.7315230957328119e-57,5.834340286443509e-55,8.160016603242127e-13,3.846177442075233e-45,7.725943457045523e-37,4.263314727271239e-53,7.473141263532463e-39,0.0005444889541624484,1.595230795387149e-39,1.0174268439241032e-77,6.393842296250197e-79,1.5513296591546262e-66,7.432630147012289e-41,1.488970914716285e-62,1.2691531087654366e-98,3.3983329631534037e-50,1.6155330028943822e-72,1.0237238604654732e-132,2.2018686098018404e-88,2.0648219426897578e-113,7.30296955661213e-43,9.077327928926405e-141,3.6967226128734816e-39,2.212560846705381e-69,2.642732677304495e-54,2.425639170390407e-15,8.686797940693354e-70,2.2881176183500995e-61,2.1244869697194137e-73,7.532872031627623e-78,0.001338592535409966,1.5845799900331437e-100,6.2155415270221516e-96,1.9899054552498265e-88,2.1708350888441048e-95,6.043041444196465e-52,1.8904839832719155e-10,0.0009675879316200906,2.954608446857361e-62,4.8667967442615705e-74,4.491066675213139e-12,9.021869856249759e-97,1.4699160527095561e-87,2.3560919734123013e-86,2.778101303664425e-32,9.009429302064856e-112,1.3388087001441877e-82,9.592877892794989e-105,4.272125318630623e-111,0.004987027569552982,1.496098194348224e-90,3.559995367368277e-121,2.2510325610904812e-122,2.2463851593800818e-66,4.987374852565211e-84,1.3441445340688208e-62,6.924784521661285e-34,1.9980430821915773e-46,4.496049991913482e-60,5.300386030705028e-30,2.2497030913601164e-46,2.819879539258773e-67,2.942640629275446e-67,2.7535888338615613e-124,1.84990602358712e-58,4.50148643673385e-55,1.4282663253248774e-96,5.725501815285578e-89,1.7954029163994967e-121,2.9796299220844635e-162,5.183565720288146e-148,2.535751148211096e-201
4.2822329278794363e-85,2.6276733061139424e-39,1.8369493972313086e-22,0.014061912245504066,1.6034002639696668e-27,1.3824536328229872e-14,2.224118289047134e-36,5.374314331872993e-19,6.3483865132901185e-19,8.428312293288224e-33,1.823936012818659e-17,1.6799222425136725e-21,0.005137216788550756,0.019253413912370492,2.143053343501756e-5,0.008877711656716615,0.0037741658864563427,3.869446837306502e-10,1.9063020308478687e-24,0.00818387585457324,1.1253367466094391e-21,9.193063869000266e-33,0.009436537669338637,7.932964946202466e-5,2.870483702627459e-14,0.05467107988999403,0.0001071690836392843,0.0013217270993490977,0.04664938410722021,0.054430526026172474,2.3037693288621446e-14,0.015426818573410824,3.0287537822549576e-13,0.010267745994754359,0.04192076132368182,8.877541657183823e-15,0.008744350735134333,6.263789324598378e-16,0.03156212283804725,0.030147216328944446,0.02473412955050856,0.006869547017694675,0.03552420740024058,0.0444946474326981,0.021309950222363018,1.9962425988887143e-5,0.03053226192136017,6.020059909652892e-10,1.4971286046848e-24,0.04088144281509036,0.03057647688010992,1.186412694157707e-13,8.823585595601782e-19,0.03772858438933945,0.009575287070674501,0.022904387037755852,0.02390860616898704,0.03822954314045654,0.023228515390191433,2.907674754595768e-12,8.985915956829387e-23,0.03847991009052175,0.010921030547439347,0.03311373383859154,0.008508575257825269,4.580682805260251e-22,0.04418618021778057,2.165363001538164e-5,1.49412493914378e-17,0.004292527960671341,1.5772521580286523e-5,0.004777038475108533,1.8488037076979772e-13,0.004053410275627996,5.890472871109314e-21,3.9317278731525864e-23,0.014330420812036644,0.025536892033758727,2.4903870411170142e-20,0.00019054078029199552,0.031163350581459394,8.565362060958023e-14,0.0034147574677236125,0.0035623833193671106,0.00045990567352755326,1.1945547254517105e-9,4.2959537279254674e-12,1.4727928623321846e-6,4.593922446051883e-52,3.2108462133800823e-18,1.4928042035764894e-14,1.0424236477097856e-42,1.1413820899461988e-28,3.789728592568285e-15,1.642906272260052e-6,2.0660132832213148e-33,3.091906082224434e-40,7.599643015687293e-35,1.406792172029657e-23,2.8691262173383203e-52,1.1079745533529038e-29,1.7071667670042504e-67,6.788138774914558e-32,2.710005968171765e-34,2.793315910896639e-64,3.9770102219665647e-38,1.3824876245416343e-50,1.7497567715231626e-84,1.2524077733763513e-46,7.152412927468294e-57,2.176674700813422e-81,1.1591068138109301e-39,7.576763823603756e-58,4.3244933737747294e-60,1.2662638525179623e-112,2.3218976036788353e-65,7.071340377331419e-57,2.7108665714983165e-19,2.684167843166936e-84,2.3193760690517787e-90,6.552842375179789e-104,2.4513772077216366e-92,5.841334004593582e-102,2.7164807045481123e-123,0.0008505461392215745,1.568628673942353e-56,1.1081717024193504e-86,4.8987906749535224e-39,3.5698758906079984e-45,2.6935755214074247e-81,4.938167390049923e-79,4.604272438626975e-55,1.3703768141896161e-151,3.7150596341938625e-29,1.3109930365656785e-72,6.087364884574807e-92,6.819625786412646e-68,2.673710691321418e-100,2.9224726227407636e-153,2.7427697769752732e-74,4.721643252687135e-143,7.178598648771526e-154,4.9229908650630946e-148,3.490155697911565e-123,0.0027544448214435625,3.2655639585356805e-181,1.5618920756556101e-119,9.407513078888939e-169,1.566871448551367e-107,3.2162943531592083e-156,6.501733333190673e-115,7.530700376037335e-42,6.925027186970721e-112,4.139423616485471e-109,7.945384489119372e-95,9.055289975803243e-110,2.3867834006811555e-13,9.118099258220439e-157,5.301981094873612e-150,5.645473586847488e-152,2.842302586143301e-173,2.822094701976877e-18,3.312456560886497e-72,3.400768409400384e-80,3.0352774471489242e-130,8.194073957975057e-107,8.624320356948315e-56,7.407069987274883e-112,6.633080204166579e-107,5.886256642448461e-124,8.000186277377869e-80,3.2515103693739304e-180,6.67558442328742e-100,1.0535217323529773e-79,2.189458499866677e-164,8.368952070722401e-125,1.0017386719602325e-93,0.0028769873627416146,1.171767708428133e-143,6.521356252087023e-160,3.313521440522393e-178,6.114124983682676e-138,7.975835193607713e-58,2.7276897878808333e-48,5.955525862047209e-115,0.008964217213150057,8.114280091179569e-66,0.0029305580290335067,2.4052500957313684e-123,1.2410274672165189e-183,4.561948070065331e-156,2.2980214915971793e-188,1.2062994617838673e-159,1.8839168378878371e-168,2.1696352573059208e-212,2.487954619289363e-187,8.641806674239342e-230,6.859378945820467e-195,3.2312239681648195e-236,4.21381379938e-312
1.2866093530384144e-51,9.567633801648601e-33,1.968150285642521e-23,1.1068093079703593e-27,1.8249749222634295e-25,1.2077578027872612e-32,5.18336860532581e-7,0.0031969719009984007,6.952106808125282e-22,0.0047474159838685175,2.7093791776430382e-18,5.4350215063514e-8,0.004699504553338317,1.667454988684377e-13,0.06065933485581471,0.0890363457504572,0.05639711726619172,0.031787337638332545,0.0494440534342778,9.20140024027758e-13,2.292223254910668e-13,0.0003225833607358647,0.03556233766203906,7.4111885337e-5,7.191655243837846e-7,0.01874627314730525,0.04341330893624128,0.033362828765730566,0.09559968754546692,0.005175986632655315,0.05583322281692941,0.052799384865688775,0.009135661957020137,0.0033110589254097536,7.204997616868697e-5,0.026751329166911617,0.03617114894461868,1.8513837890192454e-6,0.03679333033354151,0.023695221422207872,0.017689096806395896,0.025493263245361678,0.05244224756956605,0.0013648891976939927,7.549378635990538e-6,0.04978824172259086,0.04130639685615258,2.1514783949851803e-5,1.2358132977537697e-5,1.9847435272656844e-8,2.878626799831586e-10,1.3121461139167912e-6,0.004934381879200378,0.0006392732430157368,1.6360445008256332e-12,1.716628459526078e-5,1.3123915886356238e-6,5.002572031904445e-13,1.6676166260744202e-6,0.019547834512345433,1.6326613353744797e-7,1.0567772668760216e-15,4.680389397186162e-17,3.2059127430913794e-15,1.575472974493697e-6,2.0067540176724935e-14,1.0723847934343079e-17,1.223601738172214e-20,1.3891760425573133e-12,4.445743889713217e-16,2.06755321641343e-8,1.7111177714797137e-16,4.861348700476683e-25,1.8548961822006196e-10,0.00037612215547725775,8.873020858981557e-29,0.0011659514206087513,3.8636247650160847e-22,5.701279529072788e-27,6.773236695837311e-25,1.797657075010518e-30,4.3773157726382736e-27,2.4969631605220514e-26,2.3281134761796536e-25,1.2278672799686282e-18,7.853215160902265e-34,2.2283503261962452e-27,8.098252941764226e-34,2.4203694315391447e-19,2.0517492989111082e-35,5.101983406880837e-31,7.53912936811805e-37,5.675937988891232e-43,8.227262821291912e-31,4.3255508894131993e-44,5.0673933345668975e-36,2.4653128136567335e-28,6.042877740170094e-35,5.669789083233959e-51,1.0025555903927408e-13,2.6167197459566737e-29,3.5825758185509016e-38,4.3825245689745925e-52,2.3304673521962945e-41,2.2292183143178533e-7,0.0020839750739268794,2.984654741833306e-52,1.4225056240763405e-58,2.723529617483382e-35,2.9538029680480774e-43,4.535485910969413e-47,4.041519447232895e-77,0.0028552502606322178,1.3062377799988076e-72,1.6519127974671847e-97,1.4075351960478247e-53,1.1380104516031849e-32,3.911437215552893e-51,5.2713827849385025e-42,1.8962178618401483e-60,6.992521716431675e-80,7.055847467484909e-90,5.96621815081871e-91,1.4477976399343248e-107,6.233914904219036e-61,5.445640121067554e-38,6.329877616059792e-60,1.9545565202469744e-105,2.979979192559982e-88,2.7766523962626422e-77,8.743092110307345e-42,3.474334394455571e-52,8.95673178717178e-29,2.7668776607961733e-107,3.853755455494275e-75,7.179090384626248e-10,1.0895614980643979e-107,8.039732713241287e-119,3.872622383594957e-112,1.5457595201804564e-62,3.9342357818625777e-112,4.6433711670671025e-125,2.508824027375764e-99,9.846072026061349e-15,8.880091801125933e-86,6.350990570844938e-170,3.172180317016696e-44,1.0276608119273123e-138,7.247893662472421e-83,1.313402786104266e-144,0.0014572340044438608,2.555415924895986e-44,5.4624078094613095e-109,1.7377754413615368e-14,5.446385587723875e-90,9.83508363261795e-108,8.924063196009426e-98,1.0448552771027412e-136,3.729055978322293e-73,3.4232512226953637e-79,1.7175736137666206e-105,2.5248768504060635e-68,2.3734495408599356e-49,2.648075340390853e-59,6.178939051777756e-13,2.74700390611693e-46,1.2609595112947718e-92,3.9260519349725105e-76,0.0014537042613622698,3.5161556243325685e-82,2.8760188107033093e-98,1.7835279307247903e-100,0.0005465027122828823,8.972392066268555e-126,1.6807523353608665e-118,2.5578351503039165e-82,7.512263851277238e-118,3.602281892863792e-65,1.0793576787016187e-123,2.044328550386184e-137,4.800152947102907e-161,1.004267844134582e-107,3.851805784397519e-100,7.64063972365075e-65,2.7214526044697086e-88,4.809245530223616e-19,6.405833738244595e-77,1.0383996965941279e-57,2.817357995540643e-79,3.9069404507461093e-128,1.2749205163385487e-104,1.7834833480194507e-157,6.536890235616131e-97,5.556747233910455e-118,1.560462701879169e-64,4.116156645555868e-85,9.052423144447772e-175,5.549319418914663e-196,5.562353178429416e-217,1.4822070341369455e-261
1.673553864979352e-16,5.0284298198622974e-14,0.06617590072415183,0.029955612843574522,9.261558150127834e-13,0.023072079861766858,3.0801194282251033e-9,0.0002424344864762796,0.18598538724398536,0.09341137486929528,0.21624803774370163,0.08292953168810893,0.038904437718267494,0.015748620512530266,0.004172668333526695,7.166375162821173e-12,0.019012155692564744,4.56059166672241e-8,8.345586765622116e-10,1.1287868669248035e-5,2.3679350464897152e-9,0.02503888479967128,0.022095255067600832,0.0009437402699109821,0.04746010281036291,0.00014505514465414565,1.0036075588880432e-10,0.02143945589243072,0.00021131716805075778,0.030484628888061034,1.2166189859821885e-10,4.585784582847953e-16,0.02654371176803315,8.659254660501618e-9,0.027187666909741233,8.456522424026699e-8,2.5345130413977223e-9,3.1620390311980118e-12,0.0015326654882982429,0.012755406350449335,0.0027600606889687514,2.373366889080966e-10,1.0220099150017413e-10,1.3503015885265111e-11,6.609486810536239e-18,0.005532323415640062,1.3253319843192899e-17,1.5290398389037982e-9,2.581366315755978e-12,1.9674889202601945e-17,3.344418758934443e-29,4.958788638957837e-27,1.354701627281521e-20,2.0294630955283994e-20,3.2878972436339224e-30,3.324045062806974e-41,1.6816002036653585e-29,5.337448411469037e-16,1.2161121763108844e-19,4.592998444402312e-39,2.2839950419427567e-24,5.2039704422134355e-20,6.656456713338233e-37,7.2769805946321825e-22,3.5885421813522156e-9,4.2397452371052276e-8,1.038606468542923e-29,8.567164206902561e-22,3.125995874068229e-45,8.500007718774486e-31,2.2039921719743845e-41,2.5537426891568435e-21,4.062825987421103e-77,6.142754561438665e-34,1.4445050791574948e-51,1.0626668019102192e-42,4.4060892214733966e-35,5.880316469519351e-52,1.836700064278315e-42,3.2226465062471555e-44,7.497071786260471e-19,5.792914657678359e-42,2.0469182550443583e-51,2.891163336689442e-18,4.106184007089826e-20,4.264403222346895e-59,5.201137974828653e-52,1.5310608748012113e-47,6.045833272869387e-29,1.7808631322662272e-26,3.4790367184647835e-52,1.5559073032326638e-64,2.150539985451608e-52,5.662911710549587e-81,5.508076613484928e-69,8.756516095897571e-39,4.487974320876618e-58,1.1981320866385841e-49,1.4764582317847187e-108,6.113123152109204e-43,1.8019342827235627e-71,2.1489940766011805e-75,1.8937656936765485e-35,2.3852202481957586e-69,6.405733669743484e-38,5.938128834941503e-44,8.07758596656529e-17,1.38414407944319e-56,3.1098427746664207e-60,8.475504801245176e-72,1.3371963690072116e-71,6.439969912696992e-116,2.5378945822762084e-72,4.123867157542145e-118,9.476843332735709e-73,7.359111396593355e-26,6.727958726600749e-48,1.0527777629990259e-82,1.6157617536722213e-67,1.2154825494979306e-78,1.2296881617926218e-52,4.922692604641028e-128,1.162731886349026e-100,4.84737711535293e-125,3.974648057360766e-48,2.2643236607222817e-54,8.503120234542271e-119,8.12039990323122e-110,5.992382756179137e-122,1.1146354476061134e-57,5.923544967056707e-118,1.027243995941323e-95,9.298660508807868e-103,7.772812233320661e-122,2.45839740287789e-91,3.4693891112082626e-56,1.0971483595322186e-132,1.1151977396158585e-113,4.4641268563862617e-156,7.809478084677398e-37,6.378163692986059e-153,6.037605161851733e-77,7.636212804694951e-131,3.9571142172240913e-76,1.6895595616667112e-118,8.788165726781337e-178,1.013206327279684e-55,9.43946263993571e-129,1.5851551513281626e-127,7.942333876868417e-72,2.0353803610751172e-84,1.5425737253031474e-64,2.1290189322951176e-146,1.136576791626168e-73,2.230513247501064e-120,8.076818251012281e-135,5.932906621718191e-21,5.1008197487648355e-152,2.52511485543958e-66,9.74597961837662e-165,6.208168038081332e-124,3.221398286018437e-16,1.5366683714953577e-53,7.127871482865867e-49,4.46511464881007e-140,1.3414426605275862e-95,4.314616703675106e-82,1.414145061193675e-112,1.0208362812223193e-38,9.426430890703101e-20,5.83001582432788e-106,3.896144183638775e-108,3.2765455320059e-39,1.6283083155378705e-77,1.093447699850387e-127,3.5680363256008804e-100,1.617937743819632e-29,1.5499921706841444e-86,6.936734094586318e-141,7.047500361578939e-146,4.447772171237846e-165,5.7097120605542056e-101,5.403153553632434e-113,1.9633390819174395e-110,3.894932676502043e-102,5.607773813691492e-17,9.922553514961791e-101,1.2433437086933836e-71,1.834003453557173e-98,5.958962287471432e-141,5.883446883530717e-110,2.8300462949250872e-112,2.1773154071142715e-108,6.613185194027674e-136,1.244683396024076e-94,1.2833543812830223e-156,6.482144937734939e-189,4.607706010505271e-174,8.260285211815424e-201,7.217477902053366e-272
4.998815774305798e-159,7.030768877668868e-137,3.1323258535970227e-28,5.940561204109563e-37,6.245525951652483e-63,5.287194774257805e-65,4.708989005845513e-85,3.2512664802805794e-72,4.1987450351354946e-60,1.0815979067826401e-26,4.290948267037974e-62,1.6934655656411464e-59,4.144527327367999e-21,6.822487693285438e-15,1.5097089645998387e-31,5.591712909233017e-51,4.800225337005237e-24,1.3111625457180892e-38,1.052872293212702e-45,2.7905381397098456e-49,1.0188188733315095e-35,2.4864849081419817e-47,4.4230656571518986e-39,2.3745940813755032e-23,2.1856382421734984e-44,3.278235491300061e-26,2.767288221363177e-20,2.6508809957489665e-39,1.9108658927615085e-17,1.5939972926279515e-23,2.681319401901304e-8,9.140234372906607e-26,6.476968582428174e-9,1.1895014510098133e-17,0.012428196104689235,4.599225221020295e-33,2.553618852003712e-18,1.2405458983266902e-18,0.0004934419307627757,6.4713781001914305e-12,3.896503428769495e-6,0.06502813001165697,1.6893115909465614e-24,8.024199503594456e-9,7.834783119808265e-5,8.28486024323996e-30,1.9400735308952472e-11,1.53727170234821e-9,1.5367007576526658e-18,3.855866639887574e-23,0.004232223526426385,4.351519808956697e-8,8.170228779863284e-16,5.8205613852933016e-9,4.442467630337977e-17,1.0235265036510961e-11,0.013463738470095852,0.00613955554886506,4.8057646605441584e-23,5.11403163060713e-13,0.023566895197042127,0.1392983771775756,0.02425347547167118,0.0001165320037888737,4.626126988936495e-15,4.678168687914874e-11,0.02554235438079182,3.0881467989665595e-16,1.4695069973009286e-12,3.3127531697304622e-21,7.48676239551235e-12,1.0544062732419136e-7,2.805491920072327e-17,0.09677469120111702,0.0002679221267184844,0.091365753539733,1.706258862775281e-13,0.0259989850356042,3.344914640211359e-6,0.12137538471119606,0.0027456473265344322,0.0010013561160821458,2.455660480058285e-9,9.553796339550423e-21,1.1582883711615165e-14,2.8976473888996743e-16,0.00011389225433908899,0.06478702541607691,1.1782604110642517e-15,2.1186668746696335e-5,0.011039247757366628,7.136679071167514e-14,2.2139570471901587e-8,1.973125731250943e-12,1.0352739735058474e-7,0.09098651401812573,0.09956654258129179,4.080648601740947e-13,0.010763552064875916,2.2425976539495964e-10,7.28594757606124e-8,3.734885768262558e-17,9.299064518396854e-9,1.129673065756834e-20,4.612975196641813e-17,1.6126153861461612e-13,2.0363794859158545e-30,4.4590893814729063e-17,1.3627534256972896e-7,2.5518370304304243e-11,0.007421539010665728,1.0339030237076386e-8,5.557482759217483e-29,1.672190880294637e-9,0.030427075008929178,5.656280330737593e-10,0.0010667586729752705,6.013800419514375e-20,1.1522769605536553e-13,1.3348866128941515e-5,1.9353669608801934e-17,9.376526762922456e-15,6.936940345295105e-11,1.1933373723541995e-9,8.035596758917117e-10,2.1310314288265658e-6,0.009683976463352402,4.0954139587393076e-21,2.966029574039152e-10,1.067288966493995e-18,4.44540737322614e-21,3.795273353017768e-13,3.584857115056209e-22,0.0019467646576675323,8.421559433859526e-25,0.0015168267961482857,4.001304899028465e-30,1.822839838730249e-21,7.834546902688828e-29,4.696230945929583e-29,8.756119501680597e-10,1.0313721258751057e-26,7.209195385992124e-18,2.8768482570535073e-24,6.47893956247981e-36,4.0647230613836814e-42,1.3457924641802747e-21,9.048189467858278e-28,2.236033350831545e-12,3.3556470692216347e-35,3.5776836566082592e-22,0.008266329944274,5.696390146175251e-46,1.0887712987405804e-30,3.281238691170171e-15,1.5476735102250398e-37,1.3748022172575692e-15,7.893762310688516e-19,5.050284416788665e-24,1.281632847068296e-44,2.2201901738620266e-16,4.208797301031142e-28,0.006015089294877364,2.124511114722532e-26,5.416489634302741e-16,0.0020974026795586398,5.196606219859807e-30,4.358960599148872e-23,4.8907504594180474e-33,8.283486863576694e-21,1.9650914860204724e-21,2.682343785859225e-28,8.31447522734868e-25,8.395980468165788e-41,1.792725601981185e-15,7.930333264271185e-45,1.5926635444830115e-46,1.0748569926024036e-30,4.873330363696524e-13,1.4006041385221626e-52,2.2384866382342081e-35,1.398218568957111e-36,1.7388998764140693e-36,5.178752176311918e-22,4.5139072609076075e-20,1.2569942397357754e-7,6.726619345271374e-12,2.169088331325992e-31,1.1193245960970891e-21,8.82309100895097e-37,8.586162935997516e-5,2.477094349092326e-39,2.0324617897245616e-60,8.798648096513545e-28,7.585335839094382e-39,2.1568306065262634e-23,9.787111751585897e-54,3.0423423466175963e-32,3.1477154374605888e-55,7.811539782800581e-88
1.339434386372869e-136,3.8405455571092157e-75,7.100715597165365e-43,2.94149599103545e-76,3.0263045197025478e-92,9.803224747322049e-20,8.137627322367334e-64,9.834609738548239e-44,6.386703447745773e-47,1.0470353786450853e-27,5.06436796106227e-25,2.111483587339887e-12,8.536266127485272e-10,1.2591080282193969e-29,2.577136901070214e-46,5.862349605160195e-17,2.6238285830642384e-9,3.5263643251959784e-33,1.1354235718881135e-15,1.9068150897008216e-16,1.0954400420174892e-30,1.0393993847059407e-23,2.4439219669547718e-26,0.005534092434724018,3.640595059598184e-14,2.658724222743447e-25,1.7771243871939978e-13,9.630937575765978e-8,8.964531990969439e-39,3.1135651695641743e-18,6.043437600030988e-13,0.005879273676070643,0.042937274076064534,0.0410883553677656,1.096963889106653e-22,4.2913800213889044e-17,2.3665208974485373e-13,1.9858335296976562e-17,1.567859382506066e-34,6.822666809090614e-30,0.020305226284936924,0.021957179734172258,4.982761306357531e-29,4.632021197135755e-8,1.6088699174635052e-13,1.8344471147295336e-20,0.1865341110114541,5.532835270774066e-26,1.0609283591733455e-11,5.980556045456317e-35,4.587694443890173e-21,8.577523384878271e-17,1.0457965638350338e-16,0.021852931580985776,0.04092252208145953,0.008707361095449015,2.917786537450316e-21,1.600085209553795e-20,6.3243557185808006e-21,0.06198353993614987,7.337916852641475e-21,3.001487183622815e-17,2.1655415810725603e-25,0.032731680149868145,1.44311313007041e-14,0.009629934851620371,8.213299195029485e-10,2.6979484826221727e-35,5.326268960684791e-17,0.020794560503915642,0.015890100071811387,7.073479119113045e-23,0.0323251790656873,7.144395123325295e-13,3.3785845684988864e-23,6.590044979675789e-17,5.890859198134228e-10,1.2218904375259943e-27,4.593642322751325e-26,4.871690129246e-17,1.457321844792977e-14,1.6221587442146377e-10,0.0058335269512232455,3.6551700361015416e-16,0.024603141566074408,1.7177272258916505e-44,5.834743967618588e-34,4.379447668904149e-18,1.111992862582295e-18,8.347558408367847e-20,8.087955367210406e-19,6.598569446451638e-33,0.14247611979423805,0.0019042914808919222,9.754795969422302e-38,4.985355582112155e-43,2.763972965337325e-22,3.985943027462484e-40,1.0292026841355549e-18,7.441283455713233e-23,9.736170675861023e-37,6.942179412257824e-45,0.008036220620544595,1.6416484269640613e-16,1.1158942330144763e-39,3.608792373733285e-20,6.283314461109754e-42,1.8711408989712663e-36,1.174049548017575e-28,2.9601286281825927e-24,2.1368168195962253e-18,9.374400321539473e-21,3.64005311592646e-12,0.0012688704299144789,0.007423022532262812,0.010786325540521245,7.392718009349644e-11,5.432431926300162e-25,0.0003182030316347882,1.3943978668669366e-33,5.9664874187716525e-18,2.6865338646927213e-54,0.0008809394512783938,1.3483889244155392e-44,0.021540702661476955,1.3242990942132667e-46,2.2725860173633947e-40,1.454727205991048e-19,2.2570750277551308e-41,5.165065843563214e-31,1.2296589015520237e-31,2.096367909659896e-25,3.48938025168095e-31,0.018282770268369834,3.823944001739501e-41,2.9190187590083525e-33,2.7113794474232264e-26,8.051235521699021e-29,6.42411913427116e-54,1.0124263742712352e-37,0.028802134899694735,1.0543499074641819e-51,4.236954416962916e-31,0.009704536155869999,5.096581771062688e-34,5.219848807988337e-53,2.1066585573863314e-31,4.393436736200984e-27,1.4735549126120517e-51,1.376230726146031e-51,1.9102632931256133e-46,5.757559004603536e-26,4.8619835534450834e-49,2.616506696260544e-38,0.007905669007951806,8.236839105253893e-54,1.2237182972458272e-45,9.912117419348698e-50,3.7491991400429733e-25,1.2663637625934208e-49,2.1887863877979147e-33,5.734595448849863e-28,6.531294339536252e-38,5.769393376877095e-41,2.4313073415057596e-20,9.21472921745079e-21,1.0354985272426974e-11,4.341492873773974e-44,9.12293631993602e-7,2.0098053423122095e-41,0.007126511254887798,2.6046180098655816e-43,1.3828634448681912e-43,4.205404156674571e-45,1.45074660846721e-57,3.5581983955902745e-40,8.627092145958343e-55,1.5724634116284096e-26,1.5335783073014824e-49,4.103384009586092e-60,1.889658734718223e-38,2.8627029292715954e-45,1.52183996142703e-22,1.1825480744782792e-5,0.02647739659853966,0.040457646036802054,2.0884974576705177e-13,0.02467644130339667,0.03544641767221321,3.657974083256374e-34,1.7412844908798127e-27,4.815309393927029e-50,0.0069629052632131086,1.0728821960948206e-53,7.25044914310535e-18,1.6405869812712697e-40,1.9750690883517732e-40,5.5379236608105466e-55,5.859781421550959e-64,5.970396542721329e-80
6.177700955725011e-220,2.7181477304384015e-168,3.1535957026976615e-83,5.533186966480775e-87,2.0946213493315597e-174,1.4230921024338683e-126,1.352066286884209e-88,4.12537519711261e-77,7.783667711133138e-67,1.471956626321826e-48,8.11814548394986e-98,1.0268477739815363e-110,1.9514067610621154e-17,8.522280274690625e-63,7.184492286346189e-75,6.154382018244918e-61,5.958923341303605e-102,1.5749984503386144e-75,8.808659987499756e-30,4.9002604350944515e-77,1.7675352124545775e-42,4.783405942440581e-40,6.316420688842498e-82,3.6598590029361055e-21,2.559411080592903e-57,3.757294111610693e-60,1.7235849581938953e-65,2.946056476556484e-19,2.7407009541698803e-59,1.929342348067002e-30,1.14509216719904e-45,3.47183447934635e-51,5.0502644684074186e-43,4.782802144358029e-20,2.2655923569339558e-24,9.370372788054679e-35,4.357463831894789e-23,9.42432361036664e-15,1.0935925775274575e-36,9.695988316588928e-28,4.095909607752701e-28,5.746777700164324e-16,2.225299222779074e-15,4.272691470160532e-28,9.800714151856664e-7,2.3120039067279233e-45,5.315598888487839e-16,1.4380847124059291e-37,2.6420505636610534e-37,3.5923228538898844e-25,2.3035480723357408e-9,4.2039585007864054e-38,7.363376216574902e-5,0.00018341454659968968,4.538428457292887e-31,1.0227087845023242e-19,2.561450223941725e-27,2.2697299470180817e-20,1.7494390274480175e-6,4.192515023092017e-6,8.584009917382667e-24,5.198009020758883e-16,2.608189860585195e-18,0.00679578379546056,2.0564596497266517e-14,1.8778315100143416e-15,1.464246052151842e-11,0.02567673739960551,0.01380262944341775,0.008719759985725693,0.0021568978472474853,7.856730441741076e-7,0.03973004565850058,0.06812096662025627,1.1120623986697303e-9,1.48653751300353e-13,1.1751378535866678e-11,0.030454276613733636,4.550493623729782e-9,0.0008671933470992001,0.009029930273644002,0.0009306758204363014,0.011328313115450827,0.01805220513868721,0.04025265885908046,0.0017468994018295207,1.6949386602217142e-6,0.015129781727480961,0.02051234427705905,9.56520218274277e-5,0.0005402649602206322,0.03284139100873874,0.031103411430621685,0.019211830818381185,1.3001840202249326e-8,0.002524110450373663,0.0620110684494827,0.004664890665239497,1.0761533769575517e-6,0.11231733700405738,0.04517912817243515,1.4428707516329113e-15,0.000934689185537037,0.05836513839514548,0.03864336133033116,2.5046562867674014e-10,0.011594882193106391,0.026419040986629956,0.0302248985405838,0.0002441793336611841,0.0008609822248991075,0.04394357530342828,5.211500159899197e-8,0.02167397589133323,1.8976829693163586e-9,5.682840623419048e-16,0.023574686942504842,6.378229232619284e-6,7.388410214069952e-15,2.2758855536821397e-12,3.8980272912493655e-9,5.167254616816552e-9,4.308272971337911e-9,0.07094865868429141,1.7335738232305345e-9,3.8772145585872303e-17,3.0428897922981306e-14,0.0017403441122898762,0.0011869535414421005,4.218795508647004e-14,2.0430662201643384e-19,1.7040150703322222e-23,7.755989745530149e-13,0.0204044436708565,9.220208871728655e-20,1.016329544733461e-12,0.00010084003565488539,1.5596248474142258e-27,2.7863833972843826e-13,7.183866588672213e-21,5.727755919992019e-5,3.751730439633427e-18,6.797336991887462e-32,0.005085975381664188,2.64817904005961e-38,5.8052458569209675e-36,2.8741911655917273e-27,4.767695254103242e-34,1.0485888636408094e-17,1.148885605410901e-43,2.9749450951497755e-27,5.469277722743014e-23,6.3980463683431e-47,1.6979388646695074e-10,4.733545797934587e-44,3.653081993054908e-18,1.3809986881724675e-47,2.0521107481502153e-50,1.9806812314338886e-52,1.7780785299599298e-41,0.006181772416380627,2.3173904239235965e-23,3.7116079233213984e-39,4.586977046142144e-35,5.725555169452724e-38,3.5504075897925387e-41,0.011551709958807785,5.2195649282656956e-30,4.381944706401924e-39,2.102768717929812e-50,1.0210995189258257e-29,7.724527367662034e-55,1.4726011953408907e-34,9.185154158618734e-70,1.725015892643659e-58,8.629847577603101e-18,1.307361099533213e-87,6.7714826969065975e-68,5.244768188895375e-26,1.0801049733413452e-37,6.913597135786753e-55,1.145963709058273e-62,1.6654275612218297e-64,9.505569178357531e-11,4.075405060285087e-54,8.928524336070898e-27,3.117634820594146e-43,1.2825159707727604e-38,0.0021924340435131007,1.8958394081698683e-60,5.58417846148538e-49,5.300059769869462e-37,2.1561724713317547e-14,2.9406546767313773e-67,7.994140119786058e-60,2.2083162083096355e-33,6.253372713213889e-48,1.3583304370469041e-111,6.79050146363628e-117,5.375044890172064e-176
4.1771875210904804e-168,1.7204095523442638e-163,1.7371451167570521e-75,1.4013660124961045e-12,1.6206119659905614e-101,1.0579388857021732e-73,3.455445980132651e-70,8.957946164644831e-31,6.499819305038181e-32,7.634513976634139e-35,2.814875315663996e-37,7.253153635733688e-28,2.302480305393347e-30,8.955608341932445e-52,1.4270215027690773e-40,0.003025939290479774,1.9362463866686386e-54,1.4626444253774264e-37,1.3294211500190823e-36,4.12966407660607e-40,2.3150437285539514e-32,3.403841607738642e-49,3.2043529521663234e-41,3.91420693748036e-30,2.2757068356708933e-54,6.499225040252678e-35,1.5664603015879716e-12,2.9361736916161686e-21,1.1580661714121475e-29,0.013471915915437655,4.276032275402359e-31,4.901542825461621e-30,1.9788521179471002e-20,0.000435727652524421,2.761041572538619e-13,1.3171665577168486e-9,0.0055294520260313895,4.613404651489146e-25,0.007351138006819781,6.107056677554292e-20,4.913862045293121e-11,1.3996997403058024e-5,4.262538186496724e-20,4.9565993083161e-19,0.007845197870343506,6.52041117003252e-12,0.018070608261824616,1.2146873027676533e-10,0.00018163609896035114,0.00817216369135794,6.365660839930346e-7,1.1811194890342536e-14,2.129314878363267e-5,0.00048586013191158914,2.9821291355888104e-24,0.010574577931593335,0.000801282751038291,1.0174502292917747e-13,1.6601931468974814e-7,1.3238560306996691e-11,0.04574436968827301,7.429937769193695e-14,0.03312142400457166,0.029838104698616502,3.0897678048987886e-8,2.4940454319665214e-10,2.9338047057592513e-6,7.2597079473260515e-9,4.287769662242867e-11,0.038265943104025625,0.008526718032317833,0.036217970269303526,8.729825639839883e-5,0.00598374058288641,0.027197328553830374,0.016239018390916675,0.027256157993538033,1.707332587031681e-13,0.005955748563883218,2.9523932704154988e-8,0.020260514477032646,0.04282478928038064,0.0647953921975499,0.05187804561966331,3.1079399772598103e-10,5.676610063601246e-9,0.002129254556973539,0.036173755739204026,0.02694407741978804,0.04038075355511052,0.015549557718178942,0.03445508146165507,0.11399219902325905,0.05249567763763571,0.007148270651216208,0.00597757652021972,0.0011765651034308044,0.021371440240791677,0.043666402149261506,4.0172980950939695e-12,0.022687101957763474,0.007745500286185108,1.1623049357324307e-6,9.25289206909487e-7,2.696432492290909e-16,1.898607434738645e-18,1.5811922279692487e-26,3.3129665569571215e-14,1.620812376975539e-18,0.011526721760286266,1.2882205104609426e-22,6.634859114826125e-24,4.0107013491136205e-21,0.009220498342289387,2.373278046681085e-37,0.001940236270338813,3.691270877556506e-23,0.00020962022900670126,1.0277070065472582e-14,1.716845810910611e-17,3.57746372593541e-45,8.454229739701101e-26,4.262882102542672e-8,1.2143562320085806e-36,1.3778308553114211e-32,5.957027191375901e-34,3.8663549905758205e-8,8.581076411138745e-9,9.462762120430849e-50,2.1879588525987786e-18,1.2389283560283294e-18,1.601192277741772e-19,6.720346967821673e-41,1.6993749816528848e-50,9.751933261383843e-24,1.8059411820889533e-13,2.349451444882615e-53,4.06785049473028e-46,2.8269962101013643e-19,0.003339947235337982,1.6691724960052274e-57,6.976611541995911e-36,7.003090112344359e-84,4.9811408881143315e-20,2.0644734760257863e-32,3.6953512663514364e-70,2.218843943776052e-34,3.2678282624566905e-71,1.3349656687433254e-27,1.9822897608322683e-67,1.0673904660419464e-49,1.6945563062394432e-35,8.667166688151837e-46,2.5310661720071926e-60,6.861444600401176e-60,7.874730511758081e-74,1.504936380007206e-74,1.2316818373418511e-73,2.2718478430409437e-52,1.8485080936663365e-42,5.3794746747278596e-76,4.7246667673899277e-73,7.826377965737448e-29,2.371004585824574e-40,0.0026731305872284457,2.8309344290758506e-35,1.668943182838726e-39,4.274792114429171e-57,7.735186077884988e-71,5.700050076944965e-94,3.262473812776185e-44,5.970414515371845e-62,2.546645711487737e-67,2.22138147493045e-85,0.0090161524715926,7.611560463750995e-55,5.29159522165379e-139,1.1362614633411327e-6,7.032535545852413e-51,1.9918548541772623e-100,2.8247249548201874e-82,1.8425710179324956e-78,6.019696664184961e-73,4.9743561980837546e-45,9.20060044966025e-47,5.13513874754991e-31,5.892929008875157e-15,7.324639568630291e-16,5.67694252205697e-21,1.3144781404916164e-53,1.6755804838225972e-23,1.1076970155522437e-108,1.1461291824020121e-104,4.5187734357152365e-63,1.653696151841329e-41,3.0071593246597752e-15,2.5621970996544324e-74,4.97607795814009e-139,4.249207834282023e-171,7.158263123922291e-251
1.1899142399031633e-127,6.191238312120882e-79,6.184486649074707e-152,3.121075767399856e-46,1.6166241661183195e-247,3.545592972206896e-98,4.7646949159425136e-91,6.567248125253126e-176,0.0011258538174017199,5.953145033827098e-45,1.1586328965183664e-92,1.3081270829871172e-207,7.790591608814715e-93,1.5847222079784929e-7,3.772369402839634e-69,2.0993816069943776e-76,1.1623664569973266e-119,1.2349801094198605e-33,1.1312000975541928e-81,1.0890613057912286e-54,4.297366370432661e-21,1.2614092898789109e-15,0.0016567146951024785,3.012947980259271e-74,0.0008687941530355912,3.718815207279621e-39,7.671843359843637e-61,1.363728921591625e-23,1.2080774586553402e-45,2.374090905936114e-41,1.0436976219891662e-13,1.4371987621005898e-9,1.245745960231817e-55,7.413689350322674e-8,1.4730089959276885e-47,2.823722721733853e-28,1.1403519044022976e-54,4.398031708454456e-17,6.679844127992875e-50,7.668051583045342e-70,4.9528583384547104e-26,1.8354219519396028e-47,1.2452949171933357e-69,0.0021509831470043136,7.55281492376342e-44,1.8136023642448488e-103,9.679876722228226e-65,7.11601343197382e-84,7.062276273676419e-29,8.145449134820857e-17,5.5284853295527146e-61,0.002337244053314907,1.8263618614051236e-31,7.536319978432941e-48,1.8052489973425038e-54,1.6072153667637808e-36,3.1974380966200682e-21,0.0002619177365805287,3.441140334003048e-67,3.5095186563779645e-49,7.466993168601927e-52,2.380012444324683e-31,1.5729662272270856e-41,6.964712144338705e-29,2.0351562659214736e-26,0.0018049491715490913,2.0776129999807304e-37,3.6721536726908015e-40,1.0197691839723431e-32,2.1210061633197886e-37,8.06766550312089e-55,3.975424033905611e-34,5.902385972090383e-44,1.7862837586339573e-13,3.195446478340897e-33,7.321047854562706e-49,2.5012675579833837e-33,4.3036468642260665e-48,2.324664844034029e-11,2.3893087040575646e-22,1.687131735420551e-5,1.9784026285087384e-18,2.5346263078423402e-46,1.768857153218299e-19,0.00038356597768132933,2.0024230851212265e-49,5.154484659392522e-37,1.2085960420290686e-5,9.205642886308435e-52,2.7555127680433763e-18,1.9393475274243265e-22,1.5098074498764889e-6,3.673065377295726e-5,2.5801605985860946e-31,3.1444094649276766e-11,0.0025253331523306657,7.008408073881986e-23,1.0331099282650598e-44,0.006081191213302464,6.82155076960955e-38,2.29943850573672e-8,7.036578981288882e-12,1.0631486510297606e-5,1.104604857455168e-39,2.8526925484615975e-17,6.691791735978397e-14,2.7834836057141266e-36,1.8737813667090925e-6,1.659787659266538e-20,0.0022781121411470265,6.44227814796711e-21,0.006062815150520372,3.8234478279653886e-13,0.005367221764512943,1.337687970448105e-26,1.022344372438668e-17,1.6276837136996633e-5,0.008905532565261092,0.001740235075371182,0.011742455485300545,1.4802101518833053e-26,3.553916727412364e-18,3.585848330547064e-14,3.5135251372347786e-14,4.675618713914836e-7,1.1314831498465336e-13,3.2308531818281104e-38,1.2218413258466493e-20,1.221998259870754e-9,2.943572201666089e-15,0.0031473184612134187,9.864443418966924e-20,9.490168222351198e-12,0.0005868592668991946,0.0030047205092033347,1.0479920056092021e-17,0.0026519276097391555,4.9217220912433176e-5,5.8097188165574574e-8,5.243757395432726e-22,0.00420394125717787,6.419882811267742e-35,0.0021099916021239656,0.005115698345839245,1.881969932849204e-16,1.4320976482250895e-20,1.990126268159193e-16,0.004150236465062609,0.00022201264050073904,8.652104194003317e-6,1.881726675110376e-8,5.881892768637394e-19,0.008411196110800682,0.002714397908491514,0.004604986175670274,5.7550848420898657e-5,0.009978743989524275,0.002762245276276259,2.11928464975603e-21,0.0019189957443194758,8.144663366895958e-20,0.006678261591317191,0.00807303134503615,2.7449609951307265e-6,0.01849958436074938,0.0001926710053443513,0.0035054672488948205,0.036640113916464497,0.019477435302929693,0.03943844811730854,0.01545115768626011,0.03150230248192452,0.053362369284153645,0.07001936434454638,0.06147579044056878,0.04795172987542347,0.07375131735434368,0.03619694266200944,0.08122609199531294,0.1057163500222132,0.04561469534653617,0.027009811576738783,2.9799926052790265e-11,0.031630656139445656,0.03232107870432713,0.025926354958890355,0.0025850395194118004,0.004663868024059763,1.0466514395482966e-10,6.485622643699408e-9,1.4897135055129444e-11,3.0399794974008604e-25,5.204448529462803e-16,1.5849014316924744e-11,5.597422494928809e-18,5.421462678364897e-6,8.3163010148629e-12,1.0073112424886597e-6,0.009992492810764643,3.1897261701855515e-31
6.0464564888107696e-123,3.2028558525045007e-81,2.414385135576944e-31,4.690433818052454e-40,1.2730342766149536e-61,1.2301877693207857e-32,8.914098521372376e-44,2.7420569782060924e-35,2.99351227974803e-51,2.1059629497436103e-51,1.7061650186634224e-56,1.359452464738635e-39,7.252924489317914e-50,0.0019513003346535113,2.1018798135663113e-22,1.3029533339059654e-25,5.904715911003243e-49,1.2775467209690817e-18,5.952153498262802e-29,6.026661352963474e-35,1.8471603521650624e-17,2.6290198513234402e-17,1.7740830439543194e-24,8.535003978493372e-8,9.722441696778422e-19,3.792266321675152e-8,0.000671695094203211,4.947302925106058e-9,7.414683455391406e-15,2.4483125820720046e-5,6.145937333454541e-18,2.842538458454517e-14,8.421730989286762e-13,1.9970618121378756e-10,3.2477954687975693e-6,0.0016138658425976498,6.280077551184495e-18,2.125701484074737e-6,3.6249349914168046e-13,5.857210476713245e-9,6.0934991478762765e-9,5.361654290533674e-10,0.007823014266934875,9.026548772710897e-9,2.045519227257459e-11,0.003446117736727967,1.5763685792423197e-11,2.978973635469026e-13,0.010929667771475464,0.014126758690549494,0.007010110497157093,0.009495824800325167,2.163897965872341e-6,0.002269304119001564,0.006307905653404954,0.0034100407763697762,8.231622623009042e-5,0.010099953734347309,2.1865496109494693e-12,0.029096056979951268,1.9529672979348384e-10,0.01179863675139948,0.05341404800377625,0.031259013266473866,0.049466012454019485,0.030708516595802447,0.0016161600568336415,0.022243348128040942,0.03444869055751475,0.013266046435558274,0.004168861872546547,0.02015452948707489,0.005495855381776266,0.03105105087035235,0.03046512595119069,0.02840614663580855,0.02234524398570737,0.030249602560853555,0.038034145993596405,0.020317358113854322,0.005528136573675245,0.020602474463152897,1.9309131652679204e-5,0.01899570908799736,0.015374513483268078,0.02015681486148388,0.030957970876083096,0.010131547978490344,0.030597543411941413,0.013391884418677159,0.008931685599562878,0.015955793889139293,0.002896872437876294,7.862652711888835e-5,0.012451118596523437,0.018435305116606664,0.011282273994162158,0.024442721386132963,2.8691915273087556e-6,0.01362955894985588,0.005007543398469828,0.024015703770056507,0.012033486806190728,0.004087585530860595,0.011109764522057286,0.003002652494309038,0.003238110255602034,0.0023285806655878073,0.012764083990937343,0.011076104246601678,0.01168731065333227,2.262699914261701e-14,0.0005986749247891475,0.007164458874838827,7.715729827857069e-16,0.0023317138259783448,0.0011408337192642009,0.003821077654943698,7.415077614668999e-16,1.4501405502412647e-12,6.356643059618294e-8,5.993069051874586e-40,0.0077040684190202565,1.8632947336119704e-45,0.0013844309876965375,8.305387464396431e-41,4.407177130127382e-14,3.928885694253904e-57,1.9178247804620023e-81,0.005330172910117225,1.0686504786795583e-64,1.7043280668920872e-53,2.995026959571041e-62,3.797888833613592e-18,0.004768673647318685,0.0017105805349328324,2.134115845690429e-84,5.43829386456236e-60,1.1435603699200718e-47,8.444151900526223e-48,1.2009279942752126e-95,7.584259320041361e-14,4.7657553809898273e-82,8.104832163920965e-63,5.89411807684904e-79,1.229221425211342e-121,2.0829906261824e-31,1.1373227995862038e-133,4.0454635221419164e-97,1.0001915578715143e-7,1.6937059420765203e-102,2.322162756964909e-81,1.14077419940343e-24,3.110284611437832e-115,2.1040642864080532e-67,1.8129537770459992e-104,1.2270392051715642e-141,2.132143909583371e-132,0.002556998289760954,3.195035778733513e-135,2.1571463804948172e-117,5.402466901365328e-92,5.027274799778558e-56,6.399243712822131e-126,8.695991217121698e-52,6.072616748603848e-55,9.94958039598529e-47,3.2739916514583994e-42,2.2116863513913422e-63,4.411945220045732e-115,1.486055567116093e-46,1.2485105544278755e-88,1.0983475914795146e-70,1.2950953815397666e-120,1.1391149241732912e-76,9.085595374390401e-98,3.0265684960513146e-133,3.2543115043281686e-47,1.156426975606353e-109,1.812816914170856e-135,6.445718159109895e-153,4.8085919807072034e-83,1.4533115213239578e-104,1.8300318185211624e-63,1.800284881691124e-104,4.7268461589312714e-39,1.2761792118673016e-58,4.639261121430432e-42,1.2706861983941616e-41,9.633804788462361e-108,2.1632911471943128e-73,1.6188737509948552e-114,1.5284628444879502e-125,9.574551034006495e-99,1.937303581838323e-35,3.0730859229668544e-55,3.6373978356422914e-114,1.1305022239598838e-164,3.3640691339824146e-202,1.4615421067304165e-177
1.7657397592643278e-54,1.3840543563489198e-30,4.390122619410729e-14,2.8042525075573143e-20,1.1870140054026038e-23,3.6457000749842425e-14,1.3243092283618195e-30,0.02356048323328438,1.8289655651945476e-8,0.1805112941084584,0.04464788301959351,0.19740293842723383,0.08620104732942706,0.09192129240618738,5.569897133979304e-10,7.788820589211842e-12,1.0745344770476568e-15,0.01613115317453754,1.7665696553739488e-9,0.01933585749317187,4.775269030030176e-19,2.2085663537063215e-14,0.029415207748369736,0.0002912036999466657,6.32481111216032e-21,1.1818510192073478e-24,2.822413370106572e-10,0.015421599537055504,3.6326196884340984e-27,0.006997896897719868,0.03069103321989576,2.4119887092296936e-18,3.6683007552194926e-11,0.016440464371655868,2.932482930967772e-7,7.06007633501781e-12,6.272181774246324e-23,7.522758957499026e-20,0.06831763267017635,0.0031959302412341607,0.042382540431350105,0.005809861468733506,0.0007234032668272905,0.027993819986543256,0.054637849888904175,1.4727319920023436e-7,3.3121826140811957e-20,3.759181842565824e-11,0.005640541582221813,1.2630296433480914e-26,5.459295426900693e-37,0.00528138728132467,5.715905358691463e-38,2.1868169767712614e-24,1.0411584375499683e-18,1.7979080126255793e-40,1.287524533873313e-26,1.8456670163884237e-42,3.538846534747065e-39,1.0690451317963662e-31,2.6018988457919957e-30,1.6982774285895058e-5,1.920980674819328e-33,1.421055949144255e-31,2.582701205473692e-22,0.0031042628036088977,0.005845195414178567,3.15142930667995e-35,2.37133929313936e-21,1.238470794684858e-38,2.903695501170506e-29,2.2575563076678486e-12,1.8314193071659405e-47,0.00035136752721105747,2.7027061764414283e-41,2.145075807538962e-30,1.318280604697704e-30,1.5985016027772476e-43,5.4130168398063315e-8,4.3295062006223143e-29,1.8197373325297022e-49,0.0037680420807804454,6.081558038570641e-18,3.0388149641752415e-43,1.8712832217298322e-23,3.0073579802881107e-52,1.6425689534905595e-60,1.1439242661142803e-56,1.8149384837889184e-30,2.3350887789754943e-34,1.541241507537364e-64,3.320949828362672e-47,4.43011244047329e-53,3.690992707035117e-51,8.28062111833383e-59,1.1523809638450387e-35,2.4659310193440475e-45,1.1784502030412945e-42,2.8425369543205026e-71,1.292642709529197e-36,5.00284112391408e-63,2.316709725448909e-39,2.348076813537103e-39,4.935779071865475e-83,6.042534795341508e-55,1.5234353999019479e-47,1.0043089634143977e-67,0.0027390060258021065,6.240219534374581e-54,8.323271490870916e-66,2.69858140573647e-69,6.468656561867923e-48,5.587193230348752e-35,3.0398495917824855e-60,2.3782694810814694e-50,5.325759548384181e-49,1.5454461452463152e-63,5.335236399692326e-85,1.2374585402081837e-92,6.304892245641774e-81,2.0489720386494282e-79,4.699446765470075e-87,1.0262126811673324e-97,4.0460533147749275e-94,6.578142427566168e-45,3.781550602857237e-72,0.0020660848352614587,5.668690106355677e-88,2.8884923172056195e-76,2.130929362229676e-76,6.543564747842019e-33,5.3774083862320445e-90,6.675700851907974e-63,1.3785173699354282e-78,4.066345687383892e-53,5.001629851855285e-43,3.500905005469476e-96,4.924888985811679e-98,8.469965181320782e-131,1.6602283492470768e-41,9.731700903618478e-64,9.533064882389101e-84,3.2867497265233606e-107,1.0218909112725624e-26,3.305310685310657e-102,5.633473225794062e-119,3.377898216430531e-107,9.24501315363674e-99,9.979743532919585e-64,4.0194115987459485e-124,3.8363869589969273e-56,6.447079964073275e-63,2.0495647952790942e-74,2.3687874868191702e-45,3.0308084104158998e-86,4.63628104882211e-100,0.00017401347226144443,2.545779330692195e-114,2.3576788395187586e-95,0.003004905890829958,1.5731551221636418e-56,4.7135516340928575e-91,1.754528994431637e-73,1.6237076324830223e-38,1.667667661794717e-62,2.541979791675213e-93,1.8997833492926827e-52,1.2823657497975812e-54,5.14670047513563e-49,2.682180879314736e-66,2.406054323518783e-63,3.282336505761978e-105,3.489299923419392e-30,1.2651813427834165e-83,1.0633577846760728e-75,4.759215398323597e-90,9.293370462243804e-106,2.569939843825125e-66,1.522017395710209e-102,1.6577327157029712e-100,3.8445461823219487e-122,2.4911225557141527e-74,2.5084267839120575e-37,4.473377975484346e-78,1.7339275311251286e-65,0.005977302053325665,1.8787152746617497e-59,8.279628436956546e-86,1.7673063548428083e-98,4.473158877903542e-112,2.4789704790770478e-79,9.669096150520784e-92,9.326764906637416e-78,5.312718100705004e-69,2.185009798015933e-76,4.816191155335214e-80,2.2965137918576685e-125,4.587621742693557e-144,3.2270101575542386e-124,1.3156501727562791e-183
1.2892756491873617e-209,1.3822757612287446e-76,2.7163913112829674e-153,9.82527845690587e-105,1.0542112129520914e-249,1.877444935857922e-200,4.471483374197072e-94,1.292628815049857e-188,6.792646658196121e-53,2.171135172874916e-91,3.1038409686048947e-143,2.3582005792405516e-215,3.1624714022871264e-129,7.176981449050367e-144,9.961845074606927e-153,6.7028325425190845e-121,1.6332578801699856e-163,1.193659619151372e-114,9.286311755842293e-125,9.201967863900224e-143,2.9189367194444622e-98,5.147154861870215e-103,2.19615353901901e-71,1.7209145159491127e-74,2.9851836770856964e-105,9.085213511639406e-70,5.087891861409056e-111,2.8602766212806902e-127,4.387280162616346e-99,6.325021582002489e-121,3.3043333987804183e-130,1.931335336989472e-15,8.354068831981487e-81,0.0019482243337035291,1.6478989477717632e-67,2.0340064866703352e-101,2.3651640592979053e-73,1.8854023169045168e-93,7.848173433283195e-31,9.671459084517555e-40,1.1833866465314149e-37,2.9712949419231098e-34,9.224749783550042e-73,8.448090696943702e-64,3.0541833338798573e-71,1.0158242170332415e-107,2.0221787357667808e-107,8.32422527401857e-40,4.189057476207331e-57,8.494671637134768e-98,1.98938867188986e-24,1.1992219096086137e-57,7.275259682339355e-114,1.0127686035500646e-22,7.430584412456694e-128,6.919259566785333e-103,4.5914190833192263e-57,2.3820078870122823e-70,1.6238113263252337e-82,7.499459264969712e-74,1.6785442766548997e-42,4.252344475041233e-37,2.507325044230677e-28,1.5065476994949202e-38,2.3993093919789828e-49,2.4985151032604177e-60,4.748089641425115e-50,2.483733360948289e-32,1.6108000373467974e-69,1.6136405473970398e-21,1.4294110246394783e-49,1.5489327517874548e-66,5.861584066417825e-17,3.078846186628966e-81,3.1535977684821245e-21,1.0257981783799447e-65,1.946378999409851e-68,9.672703393820496e-78,1.3703820064496654e-66,1.0295086662421333e-12,7.05283622443547e-13,0.003079226520132405,9.810100207447186e-31,2.0851547135733324e-18,2.6865351126638046e-13,1.4835391867709e-44,1.5910108880354807e-27,2.6165089505257863e-52,1.6224007641182228e-37,0.008831532004010524,1.0635438284870845e-53,2.84923135621011e-43,0.0015935471822470897,1.8891738662326718e-55,2.043245137813141e-62,8.86883858162942e-43,5.606317636470656e-22,1.4047620408365606e-9,4.400869171433355e-57,1.4552148388941422e-8,5.705405997377854e-9,5.162516454798462e-16,2.991700003698163e-28,4.20358916924627e-5,2.3635706331597595e-19,5.072452730033717e-22,0.006107252765269942,7.92528832005287e-10,2.4979452432984204e-16,1.7171373630300957e-17,8.328151711752762e-22,0.0007160002779950985,1.4025287004813684e-5,0.018921892701634663,1.539848998150885e-12,0.010237269583468841,5.31621947538298e-24,6.540607298554226e-10,7.213204072790772e-9,1.1610105250962611e-9,1.6881844380174466e-19,5.037453115986375e-9,8.211979677383957e-18,0.007440852293017357,7.890923270529756e-9,2.6542895644972463e-12,1.8640614584113647e-13,1.3871458200763622e-20,0.026160519882406058,1.5173995113411282e-13,1.7467201543379125e-15,0.013547791814862544,0.0004739069530526982,0.0018513909746768593,1.2577290777008203e-8,3.8792183777599694e-11,3.854499646125045e-5,0.013471330143821366,0.0003481857422293527,3.25782613841884e-8,0.01016533800877549,0.03819347949006688,0.002638603523780911,0.0009206616051709441,0.026938199549552188,0.0014596627494416865,1.2427791872823238e-7,0.02357884250249274,0.04213032992079631,0.007689951550149935,0.07759985200105779,5.142541726521007e-7,0.18463005088730727,0.09798071086120448,0.04408897191189327,0.01572971805569991,0.06591100992264183,0.005368415721333043,0.07850354063029578,0.05041590104190407,0.018185152542369593,0.009451758079600256,0.03673132981509443,0.016751571920033747,1.6158074004894987e-10,4.712274040171579e-9,0.01162809539444856,0.01250350626178896,0.00025867977464679196,3.00929397532779e-18,8.689238657481375e-16,7.226994845647561e-19,1.0491199835014087e-10,6.970224003631229e-20,5.611263311513102e-32,1.0835932096776186e-7,2.0831299640581925e-21,1.9535073361822866e-18,7.154222041669006e-11,1.8479193298900273e-31,8.244544868593431e-11,0.0007567772287323123,1.9455130218234247e-24,1.6545068026771267e-6,3.89283212921065e-10,2.151127566701615e-14,3.971547332464184e-23,3.627611614521131e-21,9.383261725639518e-6,1.5584326768072723e-5,0.0021726384633999024,5.712264576057417e-38,1.715354301108903e-27,1.1117184106802844e-25,0.0027662571174829906,7.385580540316953e-16,3.4592805727355505e-35,1.262648226773635e-29,1.2351782437884164e-29,1.6085640655873706e-100
2.9182619898681484e-76,7.210247750859904e-131,6.748512534825316e-68,7.697781365936916e-72,8.928057022227024e-129,3.3148718410122414e-71,6.882668740054895e-73,1.2731604265816393e-71,1.807987686592135e-60,4.828254817180211e-86,1.5523235853630144e-75,2.332572394959943e-72,2.1999136802830396e-13,2.4610077507430026e-48,6.023306663625817e-41,6.894503771789969e-68,2.962239114644803e-31,5.585490367935453e-43,6.089701709364223e-29,1.924446013639182e-23,5.772585536688446e-38,1.346454581900041e-43,4.442600376688365e-54,6.01837612025337e-50,3.9676047996213365e-61,1.879325363301367e-35,2.148152433310743e-25,3.570234268278253e-14,2.843993374170601e-40,6.897047727958253e-29,1.5220213204033753e-47,1.651770411757406e-23,1.0374709252915203e-38,7.129131522667443e-11,7.8933229911864e-14,2.935815535342795e-43,1.569219170602416e-20,3.2528335078360865e-15,2.854998221059128e-8,2.9950987239388312e-30,1.198596095428704e-10,0.011892185460828247,1.8118002344560086e-21,4.524998911276709e-5,4.577531491713788e-28,2.2231327191722226e-20,6.311004619140023e-22,3.4253953103383687e-26,4.8457875486701824e-26,1.030703800559054e-28,6.119146082138313e-21,6.7305416984340105e-18,0.001738256515146869,0.01098044434751515,0.012371038217408703,3.8076316958393116e-16,5.500915304652191e-25,3.0722904199235165e-6,2.018889990064178e-10,9.438892568029815e-17,1.3798003242798205e-22,0.02590837530027622,0.011030021501586447,4.101601125923261e-12,7.495207171137334e-22,0.00025085855451138247,2.2774038251160784e-21,4.731987875587146e-9,2.808395951507584e-8,0.019147501264478367,5.2784322490995106e-17,0.02177403545054384,3.402692867473343e-21,0.004252984342664468,3.8167820636911466e-8,6.725192743954458e-16,0.15952707189950893,1.594782099293936e-19,0.05244608346670395,8.694384984055558e-6,0.053977573572774135,2.942202559890039e-9,0.021598653413209847,1.2978895398476824e-14,0.018603562334311395,0.12932075721233455,0.10441264226234553,0.01831524718324719,0.023842098937971772,0.03770494875074486,0.011269946772560449,1.2465531319532361e-14,0.0391739942089792,0.019121483496430145,6.861722420690015e-17,3.803162523147106e-5,5.069239045613832e-5,8.819345201404851e-17,1.0570121802836532e-19,1.6328238836569836e-13,0.03680661476015269,8.561614058071028e-12,3.6399491246467715e-21,0.001900701436499185,5.85078341632427e-9,0.015194394274533871,1.852905700805473e-17,3.3542944151203967e-10,6.887706701987795e-21,4.7566279096869935e-18,1.9630272039970244e-24,1.7565832801048342e-22,1.7472513831460803e-15,0.03042155005308169,1.3455798119373248e-28,1.3952076959304494e-11,0.0029025164325607567,3.923826918703961e-16,3.505229684202026e-11,1.1217041691303157e-14,6.445197703210881e-12,2.9000551407972866e-12,1.0690361759632354e-31,1.8998472609537961e-19,2.6815778834791145e-20,3.739616369654043e-21,0.007395195410028471,2.5340650576991666e-10,8.376263047332866e-15,1.4813196689778303e-12,0.0090515856472185,4.153930182458148e-30,2.5038365559787985e-23,8.93366566650656e-26,1.0935225862482075e-41,5.694253326611548e-18,9.30148609087197e-13,5.092879673710801e-17,2.666219097674117e-25,5.404151158866782e-30,6.11834880658138e-28,3.709878213486426e-34,1.6587872721853325e-51,0.031420108273280976,6.14940510018858e-44,2.6734680792000832e-47,6.631139368745224e-22,9.118811262059574e-52,1.7393407767558117e-17,8.322810989822432e-62,0.005543604184389209,5.683545438198375e-52,4.9708113823997954e-45,0.006480367630913369,2.032035237097589e-15,0.005423250819479249,0.0050411689975702586,7.605759387742575e-10,2.39548046659319e-31,7.557083726201528e-44,4.131087950876606e-33,2.972096713356387e-48,4.1074207931380807e-32,7.276953243644706e-32,1.907972216432481e-28,4.4759083301650296e-41,5.326247569776862e-31,6.3903860074908945e-31,0.007526063958411571,2.767706175982732e-22,6.3295175044732705e-28,6.994583516978208e-48,1.7404079572391235e-46,1.745680007305439e-56,2.190773314782992e-37,1.7511967983366414e-32,1.2697426475058025e-62,4.122028975435965e-39,1.582699555490211e-20,7.538585089868264e-45,3.926511200912099e-49,2.74510695462511e-58,1.0298827505695094e-49,7.501938533236345e-34,7.320161719388099e-34,3.09463836646202e-27,1.8435499542747655e-18,0.02608726283243005,2.5449790269309514e-36,4.113507377496419e-22,5.695450639482086e-54,5.700257621684513e-25,4.9616021602237706e-57,6.290278897116109e-42,7.242367593388138e-43,1.3448596613625226e-27,3.867035584401174e-40,8.072919198063309e-61,2.7246061811163094e-75,2.988319272456868e-142
5.393952341420216e-97,3.932624905026547e-123,4.473716782665981e-49,6.38156019332986e-44,2.613755416637011e-102,1.1737772395677864e-76,2.1079833290719808e-70,2.7559601565488893e-78,3.075217843964991e-29,4.3860204950819585e-62,5.295817582424064e-106,8.060890334134183e-112,7.877774338950085e-11,8.816023738206492e-67,3.2447753424030436e-9,9.519566050246931e-51,1.2003142149075833e-44,7.659308026150421e-19,2.8361668600495358e-30,2.572133225428173e-72,1.7159347574760524e-38,3.0998055288667588e-52,2.4182686377782355e-27,0.0007535076358646253,4.047400324924941e-50,9.604700177262629e-33,3.182858994309486e-13,1.6012130247203545e-10,6.142982863292698e-49,1.7097825045737635e-17,7.334877254082634e-37,2.887325557202238e-21,2.2533923504783383e-66,3.211044392465921e-5,3.285853122023855e-14,0.033520699491248425,2.6417117088491463e-21,0.0020472935879502527,2.3530706531672286e-18,5.9966933847615275e-24,0.018304270431696253,2.1666081087571168e-14,8.113503584099719e-36,0.011405884955921139,4.131831516140289e-30,0.003481583006302871,1.0483060053165673e-11,7.301212746292251e-34,2.872244217305179e-27,2.076597163742704e-19,1.5097882556821635e-42,0.009283692444725728,5.447948334134073e-15,0.02969013274315816,1.4884291877350728e-15,1.7184007149184575e-7,1.9946478656710298e-21,0.06850676627383492,4.738015357999353e-17,0.046340942556771,6.453839130503942e-8,0.030372470780017116,0.0260191319537532,0.01805575804282208,3.8172219349192826e-24,0.015032343208422748,0.048641072370894156,0.008044011498122096,2.4164160303006065e-12,0.03212040722165017,0.0141731046266775,5.055127334830484e-21,0.0244940490719335,6.844283286324983e-10,4.026858928936534e-5,6.116091646104986e-17,2.970913967590544e-23,3.1137717778198665e-18,0.028257494141704566,4.192743865949839e-15,0.026362432631104687,1.5932746976805994e-5,0.02353402026756348,0.01865230332245268,6.877078858405926e-11,1.132126532486274e-18,0.0030302140343001897,0.041417397642484075,8.924414287548197e-11,0.0001825674653740049,0.006539176062172931,2.3802118641882298e-14,4.252119734007659e-15,2.8458899547325186e-11,0.057189443355652944,7.384578554128522e-6,0.018489809309177156,0.016038351918604483,0.03760597399544955,3.42611462490814e-17,2.3701417192893746e-6,8.092395760337306e-14,0.018522991344556053,1.4939322284905455e-11,0.0004762332788228208,1.0492777943039266e-16,0.023561971702313965,9.202927245203842e-9,1.8099946097988135e-34,4.2152711229043554e-18,1.867258196701814e-21,1.461856692407122e-33,0.009783734915181566,2.4818983723908737e-5,0.016638175136604063,0.06330377992026873,0.002036520677611182,9.360426265853855e-21,0.007359237277514647,0.0047983969129361615,3.757875182434955e-15,0.004283131086501872,1.543742686029138e-12,8.375850283016196e-32,0.003196519744241864,3.2557083940677317e-37,9.583200013616598e-6,0.000691794941851127,0.018294107418182826,2.41959235295035e-27,8.554432561312493e-19,1.9535802134702811e-19,0.0008349615778046618,1.3503218681503292e-18,0.01614537404442404,2.044169954567409e-18,2.980785048471211e-24,1.3063673115927317e-20,8.897569555244801e-21,1.5152011979612469e-30,3.0948399310791226e-26,7.514418468975283e-19,3.876309656757879e-34,1.5175016287687058e-7,8.592463518300964e-26,2.1247626804469747e-27,0.013528541962932563,9.396282207696995e-23,0.007477601725950353,1.6074088634810666e-36,9.274062895922063e-18,2.3990449545516413e-29,2.4779167669913804e-23,1.1882542720398974e-36,9.434946335773072e-25,9.451700287918184e-28,4.669097211333093e-34,0.01727566554673648,1.485656906765724e-6,6.466421453706374e-61,0.018728695072495243,1.4319082751981803e-43,0.002610178559722466,8.054249512924052e-20,8.49645678387588e-24,8.288451494055401e-35,3.346361203792898e-33,6.6811231392405886e-21,1.572812188759872e-31,4.112055406883701e-36,4.7751819534753884e-9,1.817891744237726e-47,2.088820488390538e-25,4.445139133385736e-30,5.441633682000708e-8,4.132578152070499e-10,4.856815674710502e-40,7.182090677819094e-20,5.020856036669049e-10,1.1732320669271952e-20,3.609727840800066e-24,2.947531606071125e-27,5.244348840524268e-43,0.004382981905702002,6.128508864071875e-32,0.0053148410610756175,0.009401317070497793,7.987105048247748e-31,5.460020534655968e-15,8.03840708555062e-20,1.6003647462589244e-25,3.117019085654206e-61,2.656000107767484e-34,0.01359648774581212,2.7950756492070517e-37,5.031626736398619e-43,1.0194288184208314e-8,3.175426226192715e-50,3.602696417979361e-5,1.512831931506368e-108
1.7361183246518318e-135,1.1617068518560962e-112,2.2301127296905237e-27,2.986230501693309e-29,5.847304835449343e-65,2.7698905717337856e-85,2.1371593017604574e-6,3.1257733878480617e-47,3.0754736750389356e-78,4.102620642033655e-58,1.4180565218253116e-53,1.6997182213749684e-22,2.2627726741148718e-18,7.577212698232707e-30,4.640441155307937e-35,4.853522523547404e-44,6.1857063072763676e-30,2.2538373213350524e-24,9.103059229053903e-23,3.2122460471927053e-41,2.003542760228453e-10,3.0121412748659818e-34,4.930779020865061e-37,8.150956427654074e-14,1.505855520341741e-19,1.3248379594659223e-9,4.259406812746676e-12,0.020715746451432645,6.239876301658479e-12,0.015315571123696428,3.739985461834074e-9,0.000980744385645076,0.01759570029529555,0.024772887508140783,0.06189143250201774,0.04595181962332187,3.1457424603001736e-9,7.977869790235542e-9,3.01056855795813e-6,0.020363111860994244,0.0072232748584129345,0.01643252753646783,4.779296084102399e-7,0.01772304772898474,0.016774112826915412,1.3023841940255039e-9,0.00025122337977172445,3.1447448023034947e-6,0.007037557453298875,6.138592389799294e-12,0.0169301338853228,2.038641682363121e-7,0.05334152363793242,0.028034309232304048,4.1311508100062355e-10,0.02107381055081713,0.01808878176291964,0.051530262900071844,0.01388892839960286,0.015423246920638197,2.931268486640599e-7,1.3222438264519537e-13,0.03829718578900095,0.023627468152200643,0.013237793374166949,0.02782809528969541,0.08330670483771546,0.054718986562604204,0.04700473229900257,0.02964020987962557,0.0314781012088324,0.006275500655784898,0.04981133494075515,0.0026413200556674576,0.03126324773184887,8.242600501123395e-6,0.0028553932471426964,2.5958530681859114e-8,0.003123660937661573,9.736704293257687e-20,0.00034101435599402663,5.227878781128273e-5,0.008640211092292708,1.3053961875517994e-9,0.00023882339666691095,1.3148796430555683e-24,0.0014713533059075177,4.726192498550526e-15,0.0034807690979017434,2.290142085782706e-12,1.3684248645809598e-5,0.02248206370397003,0.0038715878962815005,0.0011591499119520132,8.571943765756685e-5,3.2525308277178292e-15,0.001551308323455598,0.0025455520156307887,9.376542957066124e-23,4.767837722263688e-17,4.979179349394443e-21,1.5094071374119983e-13,0.007050721556040173,8.925380101101242e-15,3.7158690606069026e-10,1.2417099491321414e-24,3.9075693919418246e-41,3.4049424341076874e-37,1.1024605064189142e-7,2.179817897204309e-20,1.4810517211749682e-35,1.6295174317951126e-33,1.6555740451930995e-16,6.864093195054168e-46,8.779025300383712e-47,2.1084769317109212e-58,1.375746705451091e-31,4.40062560909495e-30,1.1861815809308885e-41,5.105034762482327e-13,5.7191025146377665e-39,3.7484998396901665e-59,2.5720956722469042e-50,1.4448107703304986e-49,8.614181416616025e-62,0.0008508933997502095,1.556691062172123e-67,7.530978812079517e-56,3.1753755134215687e-38,2.4522233312273863e-68,8.199956672672275e-35,1.0840653012200171e-47,1.6490136949391946e-28,1.9948266159103804e-64,5.854427980378947e-19,2.4481729870067856e-44,0.0036019487165179793,2.1549522951470452e-106,1.0248418079039212e-90,3.3524529701841557e-78,3.658310637098428e-90,8.584005707673395e-84,4.0774443205375665e-78,1.6896774763865283e-37,1.808870280809647e-101,3.357410565421502e-115,1.6327516236949407e-38,1.718447654946276e-96,0.0012925049135524547,2.507468676521912e-142,1.467031487723392e-95,5.326018112931461e-18,4.379770213601253e-55,0.0012893423258058215,5.0100953821446483e-64,1.3478370072747671e-27,8.533315979275487e-115,4.976043402412668e-95,3.780465458671006e-89,0.0007871967376468526,3.3800345742246646e-90,4.091161272714925e-93,5.063046845978108e-72,0.001272180365519627,5.139388670872329e-24,1.514038378815398e-54,2.0408110215120822e-23,6.393126902795739e-48,9.101331478652627e-108,1.9780891056305087e-87,2.4557058773037015e-121,2.044452604283458e-123,1.3373330226702914e-61,7.33778740098549e-144,1.50706459561036e-83,7.807927490266032e-84,7.366373370363513e-126,8.196790163715015e-63,1.5037676629243016e-91,1.0575006120307337e-136,1.097332191803252e-137,1.3069543614711169e-126,1.1825163066691712e-111,3.220508541317481e-53,8.781321828624418e-69,3.8308028677215815e-29,5.6906108712288326e-61,9.308112927525984e-32,5.3209439544710136e-74,9.11537487432505e-116,7.509667495010771e-103,0.0014545406258274062,2.6574197951498956e-26,2.3410634907329735e-110,8.321248125605981e-49,4.6267523338095546e-114,9.398552147905201e-155,1.1475626412802642e-206,3.3059066000888825e-213,3.400407027748745e-260
7.090106978027428e-203,4.1918008040981103e-193,7.382374774587004e-149,5.196115221317553e-121,1.6629485521562053e-182,1.610815099904004e-170,1.93327256987153e-132,2.074222692227415e-160,1.35758081286179e-116,1.813813214116768e-114,3.194992785370137e-117,1.63094585168018e-147,5.238101431182531e-84,9.493310980782779e-130,2.7590614840200255e-80,1.4259005912724917e-117,2.149410199826942e-69,4.851688571231539e-82,4.317818772534503e-49,1.0531039248836443e-73,2.904940147260593e-47,4.105930276285834e-131,3.3605906150945876e-104,9.93276985553204e-87,4.615022927817006e-127,3.388708053736181e-60,2.4678604677485107e-94,5.805061327102239e-43,1.248621053181805e-76,5.283583591928173e-103,5.515089104795263e-63,1.6690996489626262e-54,3.3790408849672005e-58,4.590688807099421e-33,1.9615466194193824e-81,3.93133543517632e-68,0.001281812349158503,6.11005572799603e-43,2.0488158633039186e-47,1.8909718441001477e-74,5.519418547238548e-50,6.790177556157262e-33,1.9396092201781416e-50,2.3120490086500964e-30,2.834196893203045e-57,1.617083943567165e-60,1.8120997945355624e-53,4.09262575958226e-74,0.0028536134622258887,1.2177212772708107e-31,3.2960214788670765e-44,4.996230737065654e-52,3.590116155079237e-68,2.830525242739038e-32,1.0969032004363586e-89,2.4027135293338756e-58,4.1826395282206774e-57,5.336093508694132e-21,2.128333089921193e-32,9.631292443900245e-7,1.3358587480744498e-44,9.291666287233088e-18,9.248359376106459e-53,9.708571005187264e-52,9.304510988055698e-55,3.8522736105491604e-51,1.4883772520488316e-24,2.1898790608225425e-10,2.737481056917844e-57,1.1718783978812487e-23,6.41308891646695e-15,7.595674663190737e-36,5.84173529851428e-37,3.1302723100531195e-33,5.096689921134905e-34,4.105829078357325e-24,4.875858889737163e-35,6.606573665767669e-36,8.611113016252209e-19,2.8712825890873115e-36,9.455543773705414e-31,0.01077916218616869,7.439850829236539e-35,6.844363864265045e-23,0.0027750732533657297,9.270148723967456e-23,2.1632897866001495e-12,0.009795601383035634,0.014369362788912935,0.006028641327964405,0.001992241020251506,0.013859234854325763,9.673748569738994e-14,0.0006498151965086729,1.2126518547581072e-17,9.413102181845767e-19,7.9030203563897e-17,6.821940921257172e-9,0.013472819179820216,4.931560471187804e-19,0.005408260938040223,0.03874880391344426,1.4258526782971544e-18,0.010141706782845178,0.01710369631089169,0.004795167036485851,9.092419603649441e-15,0.03764575724633304,0.024843491859599214,0.00726551195453997,0.02826572882371388,0.025006701642976747,3.528729144948199e-12,0.0023306082012735825,0.006233893740406111,6.197982251539758e-7,0.05781542839672151,0.009227519159254656,8.972927130040457e-12,0.019029559456220795,0.013039417494347437,0.0462574689954036,2.1725537072298916e-6,9.39039939701246e-12,0.037994764583163886,0.06861784069634516,1.38868608211006e-16,4.564582183607161e-22,0.03993565550791808,4.4379998776071144e-14,0.018722893418504513,0.006477532830801874,0.010694550963237128,4.6591521464691117e-14,0.03333955527916227,0.04479408007476689,3.0705164292340306e-10,0.06135099550535411,0.027540775601431942,0.045749949372581596,0.03921226913146434,5.22566732499806e-15,2.06456598716868e-15,0.031317274609949645,7.854286952437242e-21,5.0056855378169406e-15,1.3042993265910138e-23,0.028167649172796457,2.03407830757514e-9,0.0021312645716594202,1.5387395928766832e-18,5.275067942685905e-19,0.005493546882544057,3.4648390442499e-17,2.5122138158445075e-20,8.614643313785947e-8,1.7399444983304497e-23,0.004197970875579289,0.0030300613789979347,7.980502342367477e-47,0.016456632376183795,0.007076862655356426,1.1246493605923939e-23,2.6989437331667384e-10,1.4508370761964298e-49,5.338231759017019e-37,1.0957563148172617e-25,5.790491429189246e-45,3.334604897711596e-46,2.7678461098482036e-56,1.5084882741852851e-44,1.0948106926268943e-8,1.4103203607588075e-54,4.661288900479183e-73,2.90416747330435e-59,5.293769074756674e-44,8.257877291023382e-26,4.765361575339502e-52,3.2324857104376286e-16,1.847415829963717e-43,1.0661773668867313e-27,2.354805814325047e-53,2.130501067334685e-32,2.1309426171751087e-24,6.817241115471873e-41,7.470764890428226e-9,0.005239007334713884,4.252551208185638e-28,1.3252872196840513e-22,2.5828659314132553e-36,2.8914296404003696e-33,1.713811896406652e-40,8.587002978944678e-85,1.0793295865506294e-51,9.348995944704784e-48,0.01470393489209959,0.01673496360844554,1.7990213256911808e-31,4.419360317195191e-48,4.0439869190383665e-97
2.116409440768365e-197,1.4447676193349387e-150,1.3185777737373424e-83,1.2814548797787588e-85,4.0972036841036023e-109,1.7364553914501807e-117,5.161719290940123e-87,1.8653776090195966e-81,6.867469460810742e-96,1.0400481634027905e-99,2.9611909232163125e-64,2.1722013914786634e-86,7.346807245475272e-70,1.6210723523193617e-51,5.066119062590829e-71,6.923046678112404e-78,2.5779244303777514e-91,3.8337702965939226e-45,1.4503683425695575e-44,9.757594371197136e-67,4.758069902687113e-34,4.331224738954027e-66,9.200156176240063e-83,3.7683106345154204e-50,3.642473360879507e-24,1.0177182494153663e-67,5.539217773571236e-50,5.6927566936979404e-37,4.863664021095919e-24,1.9796808092173123e-54,1.1480168649454035e-43,1.2789298031064536e-30,6.844334360709114e-47,2.4395608799040375e-16,2.4511800850455173e-31,5.109934562598391e-34,5.108176785355324e-10,6.711202913056224e-37,1.2924412187767139e-25,4.294149095997781e-10,1.2700387284337049e-30,1.337441302405462e-17,1.4226891151866952e-17,2.123378617709443e-20,2.8669617529086086e-27,4.805603228282786e-9,1.8789809975384247e-30,8.053870266564466e-23,6.470530580857426e-18,4.8759530172732594e-24,4.365063052012236e-31,9.38166306402261e-14,4.488964164894073e-30,4.374566501635317e-25,1.888495890154967e-23,8.64373820962416e-32,5.1713641003013335e-9,1.0062466094703706e-15,0.0013826431695856548,1.316793635684001e-11,0.01977449572160587,1.4226903415212827e-10,1.0199568695874122e-27,4.462568947849266e-12,2.139225145609663e-11,7.63983647705679e-17,0.01703866903255547,0.01140328996039807,1.0421172288909726e-14,2.4182839534463437e-8,5.648934987021361e-22,5.3764802002404165e-15,0.004189775422130932,3.464919362131132e-20,8.218060581289197e-7,8.172227518914183e-11,0.005702055873330313,8.86181232620921e-6,1.4597557172143738e-7,0.01640900350495029,0.006967442356330249,0.0068780382242146585,0.025096835493581108,0.028676018444798078,0.05007130841771738,1.1696819113199384e-9,0.011036517519938891,0.038869383985842,1.292593389514774e-15,3.873153286753469e-18,0.03666177408321654,0.019733828728010393,2.200348484353997e-8,0.013513665242209342,0.018796471639100542,0.017036361328228344,0.0005244312734666262,1.6636591189795426e-7,0.02288845364945722,0.014238678616740958,0.005201164314352254,2.1743629767497443e-9,0.07124302997793112,0.0005929901904423307,0.007490114113418377,0.08916819368158542,0.02832003779927305,3.5101939204506215e-8,0.0024848351259057176,2.440730668370918e-7,1.478698537654098e-6,7.877320177203358e-5,0.01989391590929059,0.03838783667862014,0.0077817726105033624,0.030150976633740757,0.04663621281531299,3.823064641190055e-16,0.017108606573185563,0.08378026877000785,0.005464146716202217,0.0314680616651202,0.0010420054202024416,0.010935994148721477,3.5186091226317134e-5,0.02957085331405288,0.007066683653520607,0.025248246056602672,0.01206481496033673,1.2129761960105126e-19,4.208799854645345e-5,2.4744249787732292e-11,0.020148633694447946,5.738773736865463e-15,0.009178528188639184,4.772835057300123e-29,0.0032534500616771015,2.2055296634280382e-36,7.481397773573524e-34,2.6387228385459787e-40,0.0046875317135728276,7.307328269613153e-33,5.854992872425649e-38,1.7748236949867726e-35,2.631296242395519e-68,8.5633429693913e-46,1.5643024441236832e-47,8.863499655861874e-5,4.296160085826467e-54,1.2534957916962415e-71,4.824709114104824e-12,3.8869890984867246e-50,2.6955690836191632e-31,2.5191576670587475e-41,8.974306340738527e-26,2.5793396683233755e-44,4.0848770588612685e-75,2.846285889844712e-57,1.0362830965792563e-54,0.00014796821975652545,4.6364257938788975e-23,2.6427779065430177e-73,5.646445082086094e-72,0.004337488325539032,3.288526332184337e-62,4.982639796372553e-24,7.878650254978103e-59,1.6105290638492905e-42,4.8727893039234403e-57,3.669285512720808e-101,1.5445783983504383e-65,2.42825257180025e-86,1.8668922198747886e-93,4.8735228244435984e-110,2.673975235827654e-65,2.900528193556374e-68,1.6593227511128886e-103,9.816848169807842e-74,4.850435184526437e-50,5.21928468764094e-63,4.064367686964674e-93,8.334500177245465e-88,1.1196431942034055e-86,1.0605856454724837e-56,7.58746474976313e-63,8.339509727964849e-58,1.0923273252324533e-25,1.1884416772806422e-10,8.2821197990897e-62,8.019005905276802e-34,2.4076535803395375e-61,1.0122285722783211e-125,1.5284548100597937e-65,3.0033149321978945e-54,3.4059673038749385e-64,3.5944538254374536e-51,2.8666481836552476e-49,7.121643303927003e-134,9.11599818593383e-171,3.7165650974447084e-162
3.347927427518715e-184,2.5071202350889745e-222,1.8290090285045754e-148,1.358785215804466e-174,1.007840775784761e-263,2.28056489853632e-234,9.780993297340855e-164,9.382260559165667e-212,9.527573806729495e-79,1.6556743320426438e-127,8.189378260928687e-136,2.4656587527253693e-98,6.558570052123507e-70,3.562315524496849e-119,3.416847068297323e-72,1.5018190945816298e-150,2.6288373751730447e-128,1.1079343035278932e-147,3.2623474042938274e-31,1.0367855241946416e-99,1.5876106670052633e-86,1.1773321401047861e-102,1.2823501409251062e-48,8.452208702257887e-61,2.5738446953193792e-157,1.3842802361364888e-102,2.8735750039854272e-95,1.1475550475439364e-73,6.809778283535475e-71,9.175946540108182e-92,1.333585656420638e-60,5.084096731596378e-112,7.413890257400521e-96,0.003482040249880276,3.96553968492716e-31,6.458508247459297e-102,9.305434411033198e-83,2.141999170109254e-46,2.586274694964346e-22,3.2247321590535783e-32,0.0016889657499515344,0.0002778539940510558,5.210849981229612e-22,4.554448382712544e-69,5.8374070862736e-70,3.600841794033994e-117,7.467603693817388e-41,1.0360493241322911e-22,1.661869243665614e-64,2.5564403763097917e-111,0.004565291737437978,1.1186928786174425e-82,4.1116832424409917e-75,7.473139264565831e-23,1.6186803661815494e-104,1.1111632668567662e-59,4.54787927399363e-77,1.4585614961869135e-23,1.0330524605717658e-36,5.841642845159465e-30,1.878619682450928e-43,1.7961739101711323e-14,8.493892958547233e-22,7.088497717443295e-17,3.9409040101695705e-23,8.732069743868365e-29,2.947787040005288e-11,0.004285964556697574,1.2282412910640677e-39,0.014198573326989252,3.245295389252827e-36,7.064531543834227e-42,8.250554902059241e-44,1.0952402875908789e-44,5.697105738107045e-18,0.011987017763707053,1.0764475811851662e-13,3.008769753592157e-35,1.0296570465032997e-44,0.004674894913545292,0.001832984437742528,1.1318472416508255e-19,1.092617757499332e-37,2.7459797023505798e-21,3.3793670064497943e-13,8.059795346619224e-27,4.525672702736575e-16,4.1099608192772245e-6,1.4070623760882018e-20,1.2065184723298763e-22,2.209428573925743e-23,2.904015272634307e-16,2.9161647740788304e-13,2.332868951542339e-12,3.9059855715628295e-6,0.015764585585932224,2.74542390332952e-24,0.009502983571915872,3.946229434176751e-18,1.2257443061373171e-8,2.996319844397273e-12,0.002499643752353501,3.021919801735617e-11,6.493461101368596e-12,1.4097107654634248e-18,0.01812798451786284,1.3966706042574176e-19,0.019538639849162584,0.03209445599162249,0.016162441983699694,8.229483496616963e-10,0.00626056271999213,0.004901622305148421,0.03111164043916916,0.00850400031462653,0.02213227682645514,0.0004265626472584946,1.3992356503936326e-5,8.242572580251112e-5,0.033986329507451604,1.927337758029802e-11,0.05022961964289747,0.04513250747136583,0.03677862810124458,0.07315709617330465,0.021932022051741697,3.770904189397494e-7,0.006006843975600245,5.6353112070335655e-8,0.06368874502236022,0.05408734836444286,0.05614101394798871,7.85643046082314e-5,0.032385414312214915,0.020474816978764573,0.005211789827707015,0.06471122757815542,5.780386410953965e-7,4.602554397449524e-6,0.013008757578227568,7.267515139451416e-5,0.0471062386151262,0.03251165007722756,2.9005906231770582e-5,0.020418994330187647,0.007400191380718348,2.73039235597865e-15,2.2272670078633577e-8,0.005474663614266702,1.1773085871735453e-12,0.0030654244218194637,8.956630307052344e-16,3.883750531701618e-11,4.203053718911499e-10,3.9048471660124687e-10,0.010080125406892943,0.020559615243559686,0.00033919764351575524,0.006468819220504203,4.591087178950072e-22,6.2399381063041375e-6,3.113069290580798e-7,1.0445402256907707e-17,0.0032776457929199003,1.9580004292669504e-43,6.268643043540079e-8,0.007626789123513432,1.1636648164536817e-26,9.076611546880831e-29,2.8693074499762258e-39,1.5605257375373872e-23,6.012035179851236e-24,9.953782060126546e-39,4.380474306200673e-36,5.66603752667622e-41,1.1370147394697594e-30,5.089955925426139e-25,5.642217926025563e-8,1.1374959827307941e-28,2.4456598159525804e-26,8.987650280003082e-20,6.574009615970191e-33,3.3310756964712934e-49,5.0048684717519844e-33,3.692453009742662e-23,1.7301461355563904e-35,0.005017818871951525,1.3824561680396576e-13,0.01112896891796978,6.999001006065123e-14,3.1332950509461364e-8,3.520389572529491e-79,8.91562037253856e-72,1.561830970139321e-42,9.651747734868703e-8,0.008273581643955993,2.443779920985548e-16,6.280684915659475e-51,4.878800022984255e-56,7.804247170384155e-157
2.0066268782541366e-145,9.336549214870864e-111,1.2804358034815378e-80,1.3514261708446615e-79,1.5446347987274016e-145,1.0562381800608153e-109,5.106892847713315e-106,1.6064451004187294e-77,6.050355387154806e-104,3.5741578145133707e-71,7.806431213071487e-83,2.942886346119395e-79,0.005908896273274222,1.6086482906714554e-47,9.633506882174621e-76,6.3221310249047725e-74,4.4582917855536004e-57,7.933311317869743e-46,1.2082545102869916e-55,5.584122496163471e-63,5.754314934080716e-27,9.970269111064325e-92,9.939610209206726e-87,1.1845434606894764e-42,2.7266544293011916e-76,7.047499559007939e-37,3.469349760324789e-20,1.216363798482406e-17,6.385308800559444e-67,2.6024365469860155e-72,2.333745569839643e-33,4.246938562250051e-53,8.69140314408878e-47,5.746826632637666e-23,1.8064680743996672e-33,9.243536573086329e-32,2.1252868197800318e-13,4.139611361191646e-11,1.6652054840752848e-24,0.002448678161418844,2.069474434989831e-37,1.7119901362575932e-32,1.5822517114525533e-34,6.183139601756801e-27,0.008383190651079194,0.0036442750461042786,0.0030319640803322815,1.5122712068295378e-35,1.0819824032473826e-30,7.895716408467655e-5,0.0024009452526551197,0.00012047289396272884,3.312782262601686e-9,0.01123289649525071,4.700676784312008e-13,1.0057092309700306e-15,1.91340588739663e-11,4.2852937306410677e-19,1.062381218182725e-11,0.0035988892481600737,1.4961764884501404e-6,0.023841283442992012,1.5115826729876562e-19,0.0033669263206751667,3.9192050540350686e-20,0.021650132965676614,0.0028438476384169114,3.1553322620298e-8,9.09022034940527e-13,1.1127939190505899e-15,0.029982595023218216,0.0033322044587984663,9.311038965575334e-17,0.022622243930959116,1.2948825374053089e-25,0.030357463009014363,0.010627159759432006,0.011725342763544297,0.045708795664071836,0.003509034264954215,0.022518357429353868,0.055833349997177005,1.6860305702758926e-6,0.023004491503717056,0.05501672076430184,0.07382791868756244,1.27353525360293e-5,0.009995426977104462,0.020338248112389556,0.09315187732184298,0.017633937451099268,0.014224823881656903,0.018278345641896347,0.019725491276282425,0.06868422260484694,0.022565242597137446,7.79885663614885e-6,0.04221858649664156,1.6411603611747946e-10,6.932011487404784e-13,0.022368909310931415,0.058000398935847436,0.043842457429544485,0.003722965346616885,0.0009557752227487394,0.007127843453839925,1.817105830569489e-5,0.0008127412618720335,0.016448381598802363,1.7848670356631507e-8,0.003273561420874751,0.004326973874082022,5.98991736306571e-6,9.112581755929797e-13,5.869295308150215e-16,3.100291919622351e-5,1.348215568753779e-10,0.00919248020422873,9.008167185747346e-18,1.5982787459671138e-17,7.951759445045439e-22,5.334124169133872e-11,9.316050715426323e-10,1.0021620304617438e-17,5.981181172172795e-6,9.555689248268213e-33,9.685034219342032e-16,1.3049595195684052e-21,7.157190629405504e-18,3.506255287311173e-11,1.2506590199445708e-23,9.247683762654239e-20,6.445413465446717e-32,2.3047343268519185e-12,5.4170912427297337e-17,0.0002994860601004946,1.249780702029244e-7,0.002571854871425205,0.0038800160717079603,1.0011342843831019e-17,1.8687691866601392e-31,6.335176731877417e-41,0.002040820173922893,1.4579072524634938e-33,6.615812349243165e-41,1.5879071731777911e-68,5.856495989610615e-48,1.2983928147327215e-41,7.641574158346181e-16,2.3686208691208052e-94,2.936989913876072e-52,0.004496575318185438,8.140273376801985e-81,4.6211342069116356e-33,1.5861185951250657e-42,1.623664870145682e-45,1.01949498960394e-52,8.284904824811936e-20,0.0018883915397937562,5.508314559207727e-43,1.4136661133800752e-28,1.9445094326854267e-35,2.0837177999672806e-81,1.4041835819151369e-24,2.363529656124812e-48,3.887834986858252e-49,9.460753875307025e-13,1.1741107014286625e-70,6.641744896673172e-27,1.5097993765057643e-74,8.596805173651045e-40,4.715932242093469e-71,0.002025632045166158,2.433193912493317e-94,3.440941496360479e-73,1.460531202768112e-62,2.1406339455048948e-104,1.1284515466280659e-35,6.478776276197841e-48,1.759426489371274e-57,5.3656971113527596e-95,6.158115403020988e-88,6.700140877512322e-70,0.005206415725721423,8.361214554695474e-73,1.761128511316995e-31,5.105679347438375e-46,3.0496405281358524e-9,2.094490257858257e-55,4.241845192413717e-59,4.1252196454863026e-8,3.3761235058043307e-96,6.633777999775157e-54,3.4278627505366144e-85,4.399888575882734e-81,4.42353457033265e-53,2.2278082204658356e-46,2.5102065342025623e-51,1.0735908424850378e-135,1.8900959156379632e-203
3.298729218017087e-98,7.017663650957678e-89,1.2831084391646613e-9,4.823652575368092e-56,1.7473633113527804e-46,3.4427063158202564e-76,1.2275622869441831e-46,3.5390952688870933e-41,1.8868273180693432e-48,2.2383696358039214e-28,1.7495148151955275e-54,3.762171855999379e-57,3.947218510754678e-27,2.2369550234526867e-32,2.3114869371078436e-27,1.977610896305711e-37,1.1654422554190993e-30,2.7321150053093132e-25,6.569178395585452e-30,7.230012471466093e-27,4.4446193253163726e-35,7.243352814658733e-38,9.345838234973193e-22,5.238132777094619e-25,1.0315803595379097e-7,9.077988254519437e-34,2.475477820762508e-28,9.494087695795404e-11,1.6477999257814135e-23,7.137034547466493e-19,4.638137366770153e-11,7.993856270397763e-26,0.01643171182170445,3.2318596639304033e-24,9.21929686170253e-18,1.4860181458137739e-15,0.0014758464885566576,7.671415691864079e-17,1.3456187584411696e-18,1.0601206641198336e-5,0.05598549040540795,7.102953829003974e-9,5.722406639477839e-12,3.672558936010696e-10,4.9091739505633686e-12,1.3071366287817e-13,1.133262387252811e-5,0.00023163180116395199,0.0007464397538814521,3.731294615049863e-14,2.889306522568506e-16,8.825414281493769e-12,7.59185088314982e-17,1.518864733677436e-15,6.117365312693165e-31,4.1973513817850283e-13,3.0845551576394055e-10,5.626674166587612e-5,1.9406897063315566e-15,1.459501917970008e-7,0.06252750170373297,9.402029722267608e-19,1.1106680447996855e-11,0.019297849340282683,0.10192436628809536,0.0018641802759904172,0.04419311505453964,0.015281234916283592,0.035393251234443174,1.1787642328365325e-8,0.0013577608189884532,4.3662375929002916e-5,1.820777262099753e-19,0.03436940157635082,0.01776009598881284,4.078994892854281e-12,1.7904016823448305e-18,0.13367877191754612,0.013582122088583596,0.055035149068757595,0.028629594337238193,2.5867623085649135e-15,0.05729607643136208,0.006732908205830472,3.3819365590603815e-6,0.027067197088419096,3.4503741960697865e-17,8.915527367498382e-17,0.028771314397265605,0.0009955856522891962,0.048151251074870796,4.8960218980157536e-15,0.027024706556733266,0.06580219071094025,8.245526849976843e-6,2.488448172702666e-17,2.6497236451887394e-18,0.01370431752488648,2.234501758421734e-20,0.01992931328991528,0.024079425021342055,9.73011919638015e-7,2.7459807349769877e-15,6.604424364259342e-18,0.0013643972504002713,1.7278881943166326e-27,3.601137990532494e-31,6.719327776174295e-18,1.1855526171882852e-28,6.652398206591237e-15,8.644218977278636e-31,1.1519915479335078e-33,1.3192393870618241e-22,0.004197300139183293,3.888311487397899e-30,0.003165478935024588,0.0001574883660523808,1.4531799405832581e-33,1.767587487257082e-12,1.2913194025946486e-45,2.6632020347725955e-21,3.434806627855011e-28,6.833056875301248e-16,1.289644427634966e-39,0.009480105751918187,0.003200661647818144,5.048978832553804e-17,5.633444018587411e-43,4.494515474069256e-37,7.592227673360795e-35,1.8302390938330244e-37,1.2488475228114066e-18,2.326172311933161e-32,3.6921186077032666e-39,1.5781614059193302e-31,5.863362350859126e-25,1.7564303098270116e-34,1.5610896807271278e-40,3.188351787517438e-53,1.5743322932257556e-28,3.083140398393821e-63,4.4057742482692154e-23,7.120535554992786e-51,1.300539884894567e-41,8.938905174151581e-63,5.517518840983535e-78,8.471470210380297e-51,9.651153989007676e-45,2.8543117976255197e-50,6.967734099023633e-60,1.0261733280373129e-39,6.902555891579228e-51,4.838229853974407e-41,1.7048079273434839e-78,7.182882736131508e-56,7.433711279975008e-56,2.032803566558917e-8,1.7016236495670926e-23,1.059682852116365e-63,2.9963129618567648e-58,1.4401589504963693e-66,2.17962429345436e-70,2.020303037864169e-50,1.2713449547023712e-63,1.5895170502628328e-81,1.7256518191475207e-52,1.4694503928903238e-37,6.258177623252752e-53,2.1814610436408536e-81,2.229739524253524e-97,2.2552632480120103e-37,2.6495086768120563e-72,4.163413014276162e-83,1.1976499943595685e-68,3.78257872013183e-62,1.0671825883210066e-60,1.2237429781715577e-97,2.646688853970949e-61,2.1275685465164143e-50,1.4081837039971275e-77,6.969507644839246e-57,2.4162959469004535e-52,1.0123138955969916e-54,2.1198769839719283e-42,1.2214961367601575e-39,2.765216391647637e-7,9.743425613356985e-18,2.201534320117036e-29,3.000739182641342e-38,1.710854036235427e-86,9.347128041944638e-39,6.4840371399226214e-96,6.934201606010143e-63,7.597958337273827e-44,0.018979736666289434,8.592669537953813e-37,7.655280633993293e-60,2.0706950618225564e-81,1.6801293303797647e-106,1.59823737636557e-147
1.0,0.0,0.0,0.0,0.0,0.0,0.0,0.0,0.0,0.0,0.0,0.0,0.0,0.0,0.0,0.0,0.0,0.0,0.0,0.0,0.0,0.0,0.0,0.0,0.0,0.0,0.0,0.0,0.0,0.0,0.0,0.0,0.0,0.0,0.0,0.0,0.0,0.0,0.0,0.0,0.0,0.0,0.0,0.0,0.0,0.0,0.0,0.0,0.0,0.0,0.0,0.0,0.0,0.0,0.0,0.0,0.0,0.0,0.0,0.0
0.057146393,0.078945704,0.03569538,0.062427316,0.06319275,0.05428293,0.060963415,0.035930816,0.044121407,0.31042182,0.023292553,0.090240896,0.030943109,0.018120386,0.02408903,0.040302917,0.02002902,0.03961794,0.02878933,0.07061303,0.034150608,0.071780026,0.036886163,0.051410377,0.048920408,0.17670411,0.033334926,0.12495893,0.026746294,0.15258956,0.047739547,0.03311565,0.042185143,0.020905063,0.20339075,0.044748977,0.11298877,0.053244267,0.031805977,0.037924238,0.074340455,0.033933442,0.07577383,0.5472216,0.03984795,0.039145045,0.019627787,0.052304987,0.05958928,0.4264131,0.025558475,0.21353872,0.04081213,0.018899828,0.041370716,0.050145283,0.0345847,0.048512124,0.039387833,0.030734863,0.04971835,0.026436478,0.08074365,0.03665854,0.029891357,0.046002142,0.043568105,0.058303528,0.034371004,0.060230702,0.16797325,0.011938637,0.01588272,0.082866326,0.029021192,0.03616727,0.043860506,0.03641513,0.26866177,0.03115253,0.04702341,0.04739109,0.057714883,0.054830737,0.041914884,0.040534675,0.024686273,0.031586275,0.030101646,0.06851246,0.06566521,0.29533383,0.045057416,0.063981116,0.038908843,0.23499164,0.045656938,0.09336625,0.06660556,0.06956859,0.021366479,0.032678023,0.14480977,0.6555913,0.032028064,0.11860683,0.02831962,0.03521835,0.13106483,0.3695719,0.028078629,0.032247327,0.013599051,0.16050054,0.47397593,0.029234014,0.041643232,0.058957208,0.067543596,0.033737235,0.027030777,0.043011427,0.022114959,0.05653748,0.018524548,0.10687714,0.038416263,0.25657314,0.05375722,0.028545093,0.027840942,0.037140414,0.046670295,0.04931325,0.022436103,0.0453422,0.3374747,0.064796634,0.046334837,0.055939347,0.034789093,0.13841712,0.22368342,0.24595642,0.04106129,0.029456455,0.077292144,0.024958773,0.05054791,0.024386473,0.037671316,0.04246876,0.027308883,0.18619588,0.01925642,0.032467026,0.031371772,0.19417724,0.022722773,0.3244808,0.026138855,0.3950524,0.040076848,0.061722945,0.03742414,0.043278303,0.048110735,0.025254082,0.021747041,0.029677922,0.073076695,0.032890115,0.08755633,0.085154,0.038164508,0.05098792,0.025847474,0.035001505,0.020472927,0.055361755,0.35220075,0.027573146,0.03545253,0.023799067,0.016586423,0.04444032,0.030320866,0.042758383,0.05276659,0.014900582,0.05182913,0.02303078,0.0973769,0.10179024,0.017368881,0.03865487,0.03353127,0.030520426,0.28207922,0.023569496
0.030520426:49,0.06319275:146,0.03545253:72,0.18619588:180,0.085154:163,0.082866326:162,0.048110735:118,0.034150608:66,0.052304987:128,0.10179024:168,0.043278303:103,0.030734863:50,0.04702341:115,0.029456455:44,0.029677922:45,0.017368881:6,0.025558475:29,0.027840942:37,0.05958928:141,0.037924238:82,0.032890115:60,0.034371004:67,0.040534675:93,0.02878933:41,0.023799067:23,0.0973769:167,0.35220075:194,0.030943109:51,0.023569496:22,0.044121407:106,0.018524548:8,0.055939347:135,0.0453422:110,0.067543596:151,0.07061303:154,0.021747041:16,0.035930816:74,0.033737235:64,0.0345847:68,0.064796634:148,0.050145283:123,0.26866177:188,0.013599051:2,0.057146393:137,0.019627787:11,0.044748977:108,0.028078629:38,0.036886163:78,0.029891357:46,0.07577383:158,0.018899828:9,0.16050054:177,0.027308883:35,0.016586423:5,0.025254082:28,0.02408903:24,0.026436478:32,0.05182913:127,0.030320866:48,0.14480977:175,0.011938637:1,0.039387833:88,0.23499164:185,0.022436103:18,0.04971835:122,0.041370716:96,0.05375722:131,0.03984795:90,0.037671316:81,0.022722773:19,0.025847474:30,0.026746294:33,0.05098792:125,0.022114959:17,0.5472216:199,0.034789093:69,0.05653748:136,0.060963415:143,0.042758383:101,0.031371772:53,0.046670295:114,0.04246876:100,0.038164508:83,0.035001505:70,0.029234014:43,0.031805977:55,0.028545093:40,0.10687714:169,0.12495893:172,0.014900582:3,0.020472927:13,0.032028064:56,0.03521835:71,0.032678023:59,0.077292144:159,0.02831962:39,0.038416263:84,0.04739109:116,0.15258956:176,0.041643232:97,0.06660556:150,0.08074365:161,0.060230702:142,0.039145045:87,0.027030777:34,0.043860506:105,0.01588272:4,0.01925642:10,0.051410377:126,0.04444032:107,0.06956859:153,0.058957208:140,0.029021192:42,0.030101646:47,0.033334926:62,0.03569538:73,0.28207922:189,0.22368342:184,0.25657314:187,0.29533383:190,0.041914884:98,0.24595642:186,0.057714883:138,0.021366479:15,0.054830737:133,0.11298877:170,0.062427316:145,0.040076848:91,0.04931325:121,0.046002142:112,0.05276659:129,0.19417724:181,0.024386473:25,0.03865487:85,0.03616727:75,0.026138855:31,0.040302917:92,0.018120386:7,0.03665854:77,0.03961794:89,0.02303078:20,0.037140414:79,0.47397593:198,0.3374747:193,0.17670411:179,0.03115253:52,0.042185143:99,0.05054791:124,0.04106129:95,0.045057416:109,0.4264131:197,0.03311565:61,0.061722945:144,0.043011427:102,0.048512124:119,0.043568105:104,0.03353127:63,0.21353872:183,0.31042182:191,0.06851246:152,0.063981116:147,0.11860683:171,0.055361755:134,0.046334837:113,0.027573146:36,0.074340455:157,0.038908843:86,0.3695719:195,0.045656938:111,0.024686273:26,0.033933442:65,0.3950524:196,0.032467026:58,0.03742414:80,0.023292553:21,0.058303528:139,0.024958773:27,0.06566521:149,0.05428293:132,0.048920408:120,0.053244267:130,0.032247327:57,0.020905063:14,0.08755633:164,0.090240896:165,0.16797325:178,0.047739547:117,0.20339075:182,0.031586275:54,0.02002902:12,0.09336625:166,0.13106483:173,0.073076695:156,0.6555913:200,0.13841712:174,0.071780026:155,0.04081213:94,0.078945704:160,0.03641513:76,0.3244808:192
