80
5.32013869879986e-7,2.830325266367938e-5,0.0027092639663070166,4.07579943449926e-6,1.2644781188654178e-30,2.2985534013092643e-9,6.567770163199176e-14,6.169239684632853e-12,1.0004570946378088e-32,0.011392733203055406,2.3862079813955184e-7,0.0004407051425661777,0.009124341977456677,0.0031073216198696046,1.3485495320332157e-12,0.0015264964935987231,6.4665180746978815e-18,0.11228975374993834,0.008094437956458249,0.01086386560233264,0.00026009072890506964,4.3965653544063224e-7,0.07327443879258172,3.849765385073052e-17,4.423923269904254e-6,1.4921106450009523e-6,2.067342866449952e-10,0.182172612261809,1.4273586973855731e-11,0.0002453747832392727,1.264707740701471e-7,1.0025494650698787e-19,0.0011399988316946961,2.7234292563675916e-20,0.01174878575020241,1.4676712032807232e-14,7.457843825861347e-62,7.409135177081424e-11,5.6520990361211545e-5,3.1938944219059927e-9,0.14516692849605786,1.148852646191441e-13,5.999727523981854e-23,2.6327668214796046e-12,3.5703348207665423e-12,0.0051416628759780245,8.372072563744749e-8,0.005286915434887838,2.4024748833056696e-32,1.1890891653868958e-33,1.0448727919026177e-20,2.1664436635637377e-17,0.07546135928167562,2.335165468812468e-6,7.931987169885958e-14,0.2672768547576893,5.2767334780649255e-11,7.278383574229351e-5,0.001900013053440001,4.661368131499745e-8,5.658391448452059e-6,1.0436285450776568e-5,0.01089119507883285,1.137536091126696e-12,0.0034349531343734058,0.00576267655231947,2.6810510528786924e-39,1.6577919363249833e-5,8.340456046566099e-11,0.0003532952063049362,3.914648412356825e-35,0.004821547994622178,6.006120892898891e-13,2.13420245292202e-5,0.004732833909841758,9.127137810523033e-5,4.2839449518951243e-10,0.03552174924347933,0.0001499137504427678,0.005391185829325827
2.5337049470275515e-22,0.00012704862422836666,7.140516099087106e-8,8.805783661194057e-7,1.436239440654004e-14,9.635117057545339e-14,0.1805479616271502,0.0012950242928417882,0.06429405398134944,1.6125888210761907e-5,0.0002114998335349811,8.39070010247577e-8,2.9878215692710364e-6,8.644292211937295e-12,0.0045765789295050315,2.5073098560683173e-6,0.022419402707106725,6.5754308037243994e-21,0.04501145595709762,4.769332139860574e-15,8.320753329057885e-11,2.9618641065791993e-7,4.726632409004238e-8,4.0221850116230827e-29,2.5281135452152953e-8,8.554751009950589e-9,3.1232717077035247e-13,3.756653475220168e-11,0.001087091196514985,2.1300390780370396e-11,2.348549935063215e-14,1.2995841499734457e-28,1.0688227554161609e-7,4.494148271199657e-13,2.7564358429585267e-10,8.92903407857673e-10,1.4287449242653175e-32,0.000195037159731573,1.252397741884906e-8,1.821868514404072e-9,1.0603877893417867e-8,7.98020905312371e-15,5.401230412669904e-5,5.030281991924884e-12,0.0030924056846605894,1.6011267383074482e-10,3.725598265247561e-5,4.6385145571081976e-11,2.523193951020662e-6,1.1196067531068269e-13,0.007158062000807847,0.1050165971945379,5.975552543099767e-11,2.781988955414163e-11,1.679237521300581e-7,1.7882389935528406e-14,3.3549346996434916e-5,2.692751168872803e-10,1.3477710941548673e-15,7.021204127250339e-11,5.853793340067704e-11,1.084993021265052e-11,5.812279351786851e-11,0.08065454026870054,0.21144887848632485,0.0004904694984322065,6.061554812148738e-13,0.0406873575265181,1.494705378368694e-7,4.564221335882266e-16,4.334026217502151e-5,2.5753887490268413e-7,0.23126925344817542,3.420866887128727e-5,1.9381412563468457e-14,0.0001642425251109854,3.0538568190752037e-9,2.4332150574096225e-5,7.10434842778619e-8,1.3365260026444557e-21
7.012294686608563e-15,0.0022394701914906757,0.005948004315388664,0.0012143534219463653,3.5221542410411037e-8,5.227452377711645e-13,5.807083003158169e-16,0.00040752143713123436,5.371133385647311e-8,0.00018833162980083366,0.2816207956633569,0.00299880299514114,5.853069005084649e-10,3.5735775055034378e-12,0.018255048654669526,3.75618608337897e-5,3.313795384117764e-7,0.0015797558427644708,2.807224774022206e-15,5.401806344431344e-10,0.0001726730042298228,5.941725665037418e-14,6.253293498373034e-11,5.388952849051349e-27,1.7559903802446616e-13,1.927587037191618e-8,1.325201226758449e-13,9.380043756422834e-7,2.1497907049923185e-6,1.454838780986476e-14,1.5912612381350537e-11,1.9449667814260315e-30,0.5903556970920291,2.8793452052761646e-9,0.0004606086126927307,4.010863880360312e-5,2.0010127195762047e-26,2.507864484766128e-13,8.839210229168116e-19,8.160741911734812e-13,2.8996031296497223e-10,1.2439149426198314e-17,4.46918836653699e-16,0.00039221371782756603,1.8457336833299142e-7,1.979780236196292e-13,8.104405834585058e-11,2.584664695378643e-7,0.007520888719957058,2.2160839858830843e-21,0.00030993167541894814,1.1888231088641768e-5,3.3748404690000704e-8,1.4245024068067425e-6,0.0011160743576297603,2.018705010066174e-6,0.03208764410028123,5.898241410831681e-14,1.255583925014226e-9,3.6780058246655036e-8,0.0012850194111834593,1.082324927529139e-5,3.583940573833273e-16,2.173513676364101e-12,3.069735127023037e-5,0.027721875369405298,7.565566585125177e-13,3.4228235546864435e-5,0.0001741101562559807,2.579015803225535e-15,4.26645042764296e-21,0.00039175707441635736,3.480112622122787e-5,0.02334272566923162,1.2185275942109872e-18,4.655134964888768e-9,9.946137969279895e-10,9.894014145349799e-10,7.473395927625267e-6,1.6182819380963025e-6
6.051980994332731e-12,0.10121337456507924,0.0014919683272025042,0.0790405952063101,1.5106726676335638e-32,2.7937260760870703e-34,1.2557454078585258e-12,2.351095900762606e-5,8.947956574875575e-11,2.921955146746866e-13,0.008383750830128439,7.122630810088149e-5,2.3345724731871173e-14,2.5011317778075645e-14,0.03101905052352081,0.007964365255715197,1.1477515538231827e-19,0.013762756387177588,4.242592098999172e-14,1.0689832131109806e-20,4.228157222977013e-8,1.1055036340505512e-20,7.786610162452384e-10,9.720695739153422e-11,6.43178939510206e-14,1.3121257423914288e-10,2.669945642074003e-35,0.0005835767368236286,0.014258361965606004,7.227244652944688e-27,1.829615215249007e-18,8.117691498573378e-17,0.00017010560089815617,2.205462480505324e-30,4.548443892210446e-6,0.0004831996730112712,8.487202903731142e-48,3.371764736628531e-20,4.730264773498736e-18,9.88726334142795e-30,0.0022919773996885966,5.6200382376840505e-25,6.475823869305241e-24,2.865900525170057e-7,7.217103330507811e-17,1.7736550670019605e-6,3.9027418178726166e-14,1.2450129222219859e-18,0.5557366719650297,1.2259158467154472e-24,6.597052440257407e-10,4.886385631487348e-16,3.083830326292258e-11,3.954062698431824e-15,8.92799020889966e-5,0.005463776821906445,0.029003987286278947,9.150676522242983e-29,4.904306629427123e-10,0.00013732962206684668,0.00020867341713442977,0.0013991614303015942,2.2776956120208806e-19,3.808373965580382e-11,3.758672633204878e-9,0.11608506290639338,8.169929302822308e-66,0.004545998304569765,0.002136710048792265,2.4016167829448345e-34,4.5958955696987325e-23,2.4366189827817548e-5,1.5952018204689532e-14,0.02440371672556149,3.2529222978210934e-20,1.2931332606265818e-14,4.376459448514677e-7,3.5094305137607066e-7,7.980288920417856e-14,4.9497437133436e-19
1.013903928216377e-14,2.7801200842816656e-26,1.4610847336365318e-8,1.186003736204526e-9,1.0590523150599835e-5,7.221479246864217e-13,9.265365529589006e-32,1.0779365179976154e-18,6.6259389840544385e-34,6.65171174083322e-6,6.090455977945958e-18,9.623077696830143e-7,4.4728295661626445e-14,3.431101648634864e-19,4.9210403787081313e-14,5.952386287717535e-17,4.497458128020723e-11,1.1173047558556548e-51,4.074252896487817e-40,9.948362420450994e-9,0.013230468705527618,4.785343667939096e-18,5.2379634694683476e-17,6.871759382154114e-19,6.407417831084266e-22,2.192986455555724e-12,3.1324059038341053e-15,2.918520160691162e-43,3.7241427528466134e-16,9.247096526592329e-7,1.8611155214110268e-12,1.37197086547031e-24,2.8336366564181285e-11,0.5909416319317149,0.0001003860948323907,1.295048479695869e-7,5.1428446655502986e-24,3.698986274989103e-13,2.899289740363915e-20,4.49949360929441e-14,5.675338681855065e-13,8.651740465081588e-31,1.7034512976065673e-51,2.3461312304091317e-9,3.0341386486369105e-19,4.6422080345863605e-24,1.0662409194555066e-30,3.2540904235712615e-10,1.5998494542164116e-10,2.2390046701745672e-24,1.1924924663178296e-20,8.402781934125516e-13,0.0009892328731371848,4.9721042298881914e-8,1.253814107540135e-13,0.010733403204303518,1.4110182474695405e-14,8.466247944721463e-15,1.6981873013347204e-6,8.82022626107899e-15,2.6903070506046264e-6,1.4239367385552234e-16,1.388613645509234e-23,7.223227849244341e-55,1.682785510573537e-16,9.679208868077318e-22,1.751831737190465e-44,6.108675427760584e-16,8.297733473610618e-19,3.234483008621549e-22,4.010578966676029e-39,1.4244567453803e-8,6.660422407160501e-19,4.0517140803934605e-7,4.586935185223471e-20,3.284423597918895e-29,1.8964081585547487e-14,4.1876662412487093e-11,1.237477350525752e-6,0.38397949462579256
6.466579534751751e-13,5.0772962587465645e-18,3.9550979179194183e-7,6.043168158236724e-17,9.57427111038172e-5,0.0007885962384811155,8.14156567426197e-18,1.1521409645734766e-14,8.081998431423066e-16,2.0134643257769673e-5,1.569134823802807e-12,0.0004439590451409274,3.806792302124569e-7,1.5599027654832895e-8,1.2771562721842286e-16,0.0016656259624784643,0.0003061238114152002,9.029957938833851e-18,3.9681586202825023e-19,0.5543948862507464,2.4388580759269765e-6,6.378294311603491e-8,3.601670206044673e-9,0.007153007702583272,1.6077103252138308e-8,9.155563339462482e-7,0.0020546847031563385,2.027440572289783e-16,1.6796252514587103e-6,7.213525095885036e-7,0.021996645847680626,0.0007002377466596634,3.812037699528816e-7,0.00407777733344419,5.581498867799011e-6,1.9181417405241674e-8,9.500743109832476e-10,2.6240425522682055e-10,4.0836529124078277e-10,9.091096573885741e-5,2.7288551640648144e-6,4.707722158120106e-15,3.763776850464083e-13,5.600463878729615e-16,6.413878687167212e-11,4.2014644076314496e-16,5.63092859898549e-16,0.10495435875016444,1.0916433488313857e-13,1.0676604459747079e-9,2.664517009697075e-17,4.021749513110639e-11,3.6912152240362544e-5,0.1491651929612037,5.899495554645356e-11,0.010570262821818395,5.009554744438877e-11,7.615135934785304e-6,0.001129507144838242,4.195735106089847e-13,0.0005732950007814947,2.351563422101107e-9,8.923330379315636e-7,5.735199886235897e-24,1.263058677782919e-15,1.1363898276060907e-16,4.0770138687574754e-13,9.477542764258865e-11,1.1125348274145641e-12,0.1386582247071049,3.50806390141164e-23,2.8890782212386856e-5,1.45634274243063e-12,1.2826762337954898e-9,0.00010810757830208654,2.1032338441485504e-13,1.1241625198347532e-12,0.00028430214378776403,0.000678720361520836,3.7145591158796965e-8
1.3116973088788846e-37,1.3379223312853317e-24,2.829055554560896e-24,1.9225618966580775e-54,3.7758129233802085e-16,4.823224792784573e-6,0.0007243588858348959,3.1013131436442743e-22,2.1465923217803613e-15,2.7045466843577668e-9,2.644816430248109e-27,1.5907659435271985e-19,0.00041238359379797357,5.028548565351702e-7,1.9364001910590099e-25,1.1866493161540228e-15,9.477698723288123e-11,1.7530991470651794e-96,0.00010404880070231819,1.0609867171829044e-14,1.1626601253386028e-52,0.17503353766237248,1.2627757100075896e-22,8.955055432028433e-5,3.00465966302604e-19,1.2424092285122327e-20,2.671040584594911e-6,3.571071211463219e-81,5.422031737314703e-23,5.240071853221201e-10,1.5140933223443527e-9,3.154127944245799e-6,1.248958785428003e-25,1.1910417563388568e-19,2.4407679280182345e-37,3.266150239987674e-24,1.9467514921011085e-5,0.5053804474565083,0.23345071588359548,4.9829180770843835e-6,3.252347230708245e-58,1.1681932115058496e-12,3.11771501128323e-7,8.643415604538521e-30,1.5557880173982197e-6,1.1205940284732209e-61,3.184536902841065e-8,1.2457620062204188e-11,1.3332798765704118e-45,2.142031487530222e-5,1.0101784705820138e-17,5.315929404356733e-5,3.248331148706617e-47,0.010666911169647077,5.486721240166357e-41,2.346753307721186e-10,1.4627914334089638e-33,4.008698105502549e-6,2.4897966799358615e-43,5.798531713243017e-45,6.952028424522903e-27,6.75762353675797e-32,0.01671389247562985,2.5944314237427107e-17,2.7958736571550367e-12,1.979583815233429e-31,0.00037974853859214783,1.4980890830609413e-15,5.185655058307751e-7,7.737324836065649e-13,2.5576434869148396e-9,4.2651247902866744e-19,2.2724433554132843e-10,7.896806022878275e-43,1.4096276466882331e-5,0.05690966123553133,2.0037061163536268e-35,4.031634208149332e-6,8.587441590834236e-19,1.7662175842063672e-17
1.6614038410482184e-13,0.01084613399919305,1.3219758370291286e-7,4.3124457966860025e-12,0.0009453923435926769,2.1399186034119685e-5,5.893523207654996e-11,5.526050522100171e-6,4.485692977407722e-10,0.0008475235244978545,3.1336392156953773e-7,3.860054627490177e-9,0.11135114193547274,2.1931720310782145e-5,0.0009634623260406789,4.209465429356618e-6,0.12708959033591066,5.344745828119207e-6,1.1808451306824835e-7,3.2439808247176367e-16,7.962591245473143e-6,0.004285399791873017,0.0025629177469374017,2.687516554821721e-24,6.723631631920486e-5,3.0171847594797438e-6,0.001994966208847248,0.03785680859738215,0.0049722560726472515,3.4636381604361725e-6,1.193334239215087e-7,1.6739025151329116e-29,3.2051494529291775e-10,3.809311722174953e-9,5.439992334438832e-18,0.0003467526133446902,3.451675230538979e-21,0.023791784654876764,1.1406985911962585e-14,0.00048433317868209715,7.112487633796221e-10,2.071451375645321e-9,0.03993642442478296,3.922119010304588e-24,7.1478892429702e-5,9.780092955977891e-21,0.03548055324373203,2.181482658352123e-11,2.2200537309019243e-11,2.6121726034423888e-17,0.00014360786862991276,0.0028130004869156757,4.4754433724433725e-7,3.473041297404212e-5,3.2213458242384754e-12,9.369091100715726e-14,6.600470981575852e-8,1.378778324756797e-5,1.0060207691306014e-10,7.774725299085156e-12,1.6712105528921952e-10,1.459157159376195e-12,4.682830327210498e-15,0.00022339066018295454,0.5729615452137918,9.713041598818063e-7,5.9610996615772656e-21,0.00607775742090357,3.6397649586148057e-13,8.928845202077571e-17,9.433387405544227e-7,5.205219867922633e-8,9.630630725608829e-6,2.0464575277951935e-11,1.0948774048337713e-15,0.013735260599781458,6.006789496874427e-8,1.7043212805168767e-5,8.57804089451435e-15,1.6031904922643442e-27
6.251855111313009e-23,3.0936657051995e-12,2.2146669254290383e-11,4.279065353885119e-26,3.772967641403778e-22,1.5751672277095668e-9,0.4491850219183136,6.6502207441677e-7,3.482669449381274e-5,2.8837865431724016e-10,5.488117317845819e-5,6.539753513529373e-14,3.64377348084394e-5,1.0111496053352788e-10,2.126175992268401e-9,5.659426225151892e-12,6.893947655076635e-6,6.289591796278783e-48,0.33858910515991636,1.4328397471440692e-19,3.600522817551728e-23,0.0020395868263722366,6.519242121004591e-10,2.7113830347845703e-12,8.944540694351858e-12,4.528575699341808e-15,6.758941695668166e-10,1.4075794622175267e-48,6.252230516877347e-9,1.8627390938459223e-13,1.4084431628661833e-12,9.868799751346144e-14,2.1769502763545329e-7,1.2181059297299346e-19,4.030445380902486e-27,3.051695281731687e-10,3.76294797162829e-15,0.01900506995061476,0.030999218620672994,2.6455040481514554e-8,1.5695683452060657e-36,6.785501341575757e-13,0.0022967278675578872,4.407370307779247e-21,0.01738189029458042,1.5969741503069288e-18,0.00011394800289668913,1.4173561894247333e-14,3.7484725424106233e-13,1.7253698788930214e-12,3.482865436732577e-7,0.12074847292002526,2.457801833137441e-15,2.0397688769096328e-5,1.2838706141701787e-16,9.735727959134108e-17,4.3659974041125507e-10,1.3761281790494155e-8,6.532801142010618e-27,2.2574460466972203e-19,1.4104431112568763e-16,1.9314887105897095e-22,3.942967054519557e-5,4.0003252201915656e-7,0.002681296960490225,1.825716132916253e-11,2.6497445206358335e-11,1.0225602021536235e-7,0.0032285833904697686,1.4756181262427983e-15,6.721158499097952e-6,1.5353602569568424e-8,0.000663573072682638,2.1008098125770653e-15,6.978613062743253e-8,0.012848435961874178,8.517796582079903e-15,1.7609832789743297e-5,5.52064039828233e-20,1.0393521867446581e-14
7.391725983756463e-10,3.880453600409747e-9,2.19041379308134e-6,2.7721429298369866e-6,2.665525894877486e-12,0.00017393311560381296,1.870276056610677e-16,2.719862321224647e-6,1.4912891819444225e-14,0.07817570889497835,5.5169425702826795e-8,6.764444749906868e-5,0.0007158693204738369,6.431515763568456e-6,4.683509155560718e-6,0.009024829833886916,0.00017395061237478565,1.1488333927932153e-5,1.6138514614367272e-12,0.0005065149017114909,0.2621832670672477,6.222629276239652e-8,8.997594933106785e-5,1.8073446350471265e-17,3.443952734406369e-8,0.0032570136957761385,0.00011391745797170865,0.040499897389586426,2.095888498735359e-5,3.9424098245143285e-9,5.359741458083445e-5,1.3128769487227664e-20,1.806929241268303e-7,4.7025000609263874e-11,3.7445746251149905e-6,0.21761572972737964,6.540977811913235e-32,2.027475639953734e-6,2.96410622777475e-14,0.0004962270428496534,0.10642574405302042,7.657329654918404e-11,1.3066404971103818e-20,4.163610832467283e-19,5.658595743866086e-9,1.4345010245762462e-29,2.720607943734811e-10,6.272565357737687e-7,7.11868432646689e-6,8.344304073106844e-13,5.357536547415534e-10,2.780911152511252e-6,0.04595523500596086,0.09759097453592225,2.1002038086318702e-9,0.028040747948584636,1.1218468893291058e-8,4.506031984317703e-5,0.0005339195484774156,2.3029587200861702e-5,1.3022467888296833e-6,0.10750119099356648,3.87581840880694e-12,8.800299504468998e-14,1.2950869067092298e-7,1.0100666919185637e-9,1.9038130052249374e-34,8.631555609597443e-5,0.000368491967208762,2.9141177625749193e-5,2.340411257770058e-24,1.890695391931689e-6,5.92226138213705e-8,1.296116104155413e-7,2.016555844310793e-12,9.114650462424869e-5,6.232466747846201e-5,1.8016980893496546e-5,9.167411898861421e-6,2.59248126825421e-18
1.906306715157883e-20,0.26566204564658163,1.7138215088395975e-7,1.2760633403488369e-5,3.0980913645663405e-12,4.101363189050585e-14,2.073941881689344e-6,0.019732846454478502,0.025512268515509837,0.0002989459624806223,0.0030049864849249104,4.598941534935805e-6,8.506949338081885e-8,9.112010107146281e-10,0.19029616982775788,8.21112377738703e-7,0.0006821964343005722,3.354039448331584e-14,2.4797188239332033e-5,1.0193061192339588e-13,2.58891537076744e-11,2.7313491008737266e-8,1.5860242755863283e-8,3.166327891738193e-25,5.3180128703664645e-12,1.8800499565706425e-9,4.265650170953353e-13,1.3097007190667572e-14,0.0007523264482958083,2.600282367844981e-12,3.2334494456022315e-13,1.9165089716459967e-25,0.0017245084691564208,4.64459198240645e-15,3.662162024961638e-7,6.102568185164398e-8,3.483377521848303e-27,2.282243653277479e-7,1.6736046403535482e-9,7.386060662428479e-10,2.3348608394450675e-10,3.093568652594294e-14,0.006934234063169011,1.1752112365446435e-7,0.02254109316711065,4.90588588607069e-11,8.104924208906776e-5,5.1715941989742566e-11,0.0005877905487957337,1.566822384240362e-19,0.29188144883980477,0.0011314600259175016,1.0437322305118667e-9,3.713234844278953e-8,2.8335068582184394e-6,1.851746608702234e-14,0.003763351539448352,5.016839763653197e-12,5.745901479485002e-13,5.733994768899417e-9,2.8336313035713343e-7,2.478264460693744e-12,6.307649220323238e-10,7.415800218786253e-6,0.05586575554558393,0.04844828451467434,0.003382233724313528,0.00815358841925486,6.928627660834777e-7,4.473974982927755e-18,1.8882571293247656e-7,1.8073394719837089e-6,0.0486765593073946,0.0008247749315487265,4.6038275714964006e-12,2.6070682584867096e-6,8.430338568132596e-9,5.464219211366874e-8,1.5489104150213015e-8,3.298152209100163e-14
3.8431465676355563e-10,3.2674405871460615e-8,0.019478957645640307,0.012973590815844808,2.2206544271478497e-6,6.256677784285583e-15,3.295410537123155e-24,4.628706570902321e-8,6.521063295069772e-17,0.0042107983325828605,0.00613367016636739,0.026469250042680983,1.2187136962335568e-6,2.7653938178358763e-13,5.943069294651299e-7,0.027648566346888368,4.7618632465668206e-11,0.004810565026311647,6.046472471225798e-22,1.7243405373602667e-9,0.004114290909331633,5.002386369838186e-19,4.523289812940356e-9,8.270359331833797e-24,1.990995488629156e-8,2.3567305475470336e-6,4.378655110189044e-17,0.00016679701076090014,0.014532629320436311,4.0225163036765585e-16,2.3107278105554217e-12,3.3777331227100625e-29,0.3736637882331966,3.2839847678285463e-5,0.03900034211822824,0.008682236956507581,3.619957322005477e-23,7.698247709591835e-19,4.64277287774445e-24,8.851685917200634e-16,4.200088308431834e-8,2.961770316569984e-20,2.2076527370812188e-23,9.966881459962426e-8,2.1540293693125358e-14,1.0462591916336954e-20,6.447412345227601e-16,5.582362420333814e-8,2.56255903174793e-7,1.0449736797174875e-10,2.0489696619216646e-9,7.72000484482164e-12,0.00032614763558189104,0.0047732571283307474,0.0005846515461594391,0.0015052620950741064,0.0006602315407926701,2.4022212338979576e-16,0.0008318920243259049,1.1556140790992172e-7,0.0011434687594857856,0.0008748745398518702,2.057217627392715e-25,3.573515324855163e-20,1.0008303709631623e-10,8.451524623729019e-5,6.18750197690467e-32,2.6037034336695993e-6,0.0042741145706223175,1.227536206367707e-14,2.1124999137244742e-27,0.0008431622770571509,4.2791799134215777e-10,0.44208972709496236,1.7939158592356534e-23,3.7661744066467123e-11,1.2625348712993173e-9,3.9806105806134705e-11,3.9121826026236726e-7,8.030854832471225e-5
1.0314589159049114e-10,4.980932286032493e-9,1.1055067623484302e-9,2.2738764002341993e-13,4.148469198981806e-12,0.15164653576964404,6.111670893631753e-15,5.870700869391863e-7,1.1025602862288812e-17,0.015933866178660775,2.742820086831041e-7,1.6573131479042493e-7,0.06925091579127049,0.005999788539220249,5.574193630911562e-5,0.05671470288413149,5.106501850190974e-6,4.0839144546074627e-10,2.4798497436026433e-14,0.00033925157635992837,0.00559482958768472,3.0667399652854094e-5,0.01324606074485071,2.487086726619247e-11,2.457726650580971e-7,0.02803862638161477,0.0018382758629407498,5.882049183092237e-7,0.00015580736895835383,3.14139460511832e-7,0.002146432952513986,3.8154932761235203e-13,3.564412034962382e-10,1.13691309285813e-10,8.061271187341305e-9,1.8038233556378585e-6,2.549836140063162e-27,0.0002931899031466603,2.8531041442847586e-9,0.01848268462819399,4.248708959634142e-8,0.0005806869912112454,2.3612571161215517e-15,3.2917593145885595e-24,4.193897555600853e-9,2.3152125572356552e-32,9.305481108946465e-7,4.896529198298516e-5,1.9330677035907e-13,0.0009454405016491969,1.975330072203059e-12,2.9131582116866245e-5,0.2943236354552194,0.31674615593121946,1.1771420569136316e-9,4.340627031963196e-5,3.4612542416454356e-9,0.004906787666395961,0.007964236097104515,6.363593732854631e-6,4.100497576763544e-9,0.000980089886519952,2.0112969113587674e-9,1.1232039391232021e-14,2.662975908444919e-6,2.0846950790055896e-9,5.544154435865629e-25,1.4976395877540042e-5,1.1145644976194871e-5,0.003471825199778052,1.7987614563206705e-15,1.876123840975574e-8,7.332282242047681e-10,1.9550991047671576e-10,1.2607331530767132e-6,0.00012339706406811697,3.920506864809656e-7,2.1751442660521945e-5,1.9842631843698638e-7,9.173830900901873e-20
1.036705079747945e-14,5.5554908676222345e-16,2.2373782873057785e-6,3.824004658099731e-14,5.010301684137051e-7,0.16492410829645682,5.116059989348369e-12,2.5222162757954998e-12,1.3207027466215234e-15,0.003423489178494753,2.7742683173166884e-10,0.00018302374995376517,0.0003880264427124291,0.0009441166657665757,8.570173248057835e-13,4.3214038843264126e-6,1.8448384991580771e-9,1.2732369425964688e-10,2.575051989036413e-7,0.22307241403258796,0.002633659295067712,3.047826697892895e-9,1.1149919167145908e-5,0.00023388047465717351,1.5348533949343058e-12,0.004342391499030242,0.002825168237235897,1.2901731374389886e-5,0.002104356242475796,0.14033101430674555,0.37104472243712355,5.280068713177143e-8,5.695794852461043e-7,5.773235710430526e-5,1.3521693431594137e-6,3.925732805560893e-5,7.635548343858169e-20,9.34383062548484e-8,1.994972958222003e-8,0.0004936455914851056,0.0017815680124364155,0.0038890541455916376,1.8029232841599463e-9,3.558602106619204e-11,3.770220309007634e-10,1.8892932015488784e-24,5.357864688349762e-11,1.594200672922672e-5,1.7826890589403752e-17,0.009747299688656137,8.50942368218264e-16,1.6420526230542421e-12,0.0003412048739163708,0.005285324138120509,8.90660423546352e-10,1.962533154803968e-5,3.287465462171517e-12,0.023705342458792973,0.0011503504792535679,2.5852210735463425e-7,8.319463693481574e-5,4.395896862657548e-6,0.0016013593624209757,8.46989591477702e-14,2.942699731208372e-14,1.4035899228013452e-14,5.122820142134294e-10,5.223789596053733e-9,7.860042329558879e-7,2.9979919175472145e-8,5.928679917168814e-30,4.526682418425064e-6,2.2830869458992706e-13,2.888689614456314e-12,0.0352392437195008,3.9393227970106015e-13,8.340398863623116e-8,3.436545196338232e-7,5.544938806095117e-5,1.403614959460259e-7
1.2734256249512076e-18,1.092834968850278e-6,1.5417713915971848e-9,4.152035572669545e-5,2.596839005131337e-19,8.657213011091497e-13,7.485665268952145e-5,0.0018599834966669176,0.0001244158480787329,4.2682279824766185e-5,0.00015675460118196426,9.011433064736204e-10,0.0006803994677885306,6.169486642953155e-8,3.057323197928471e-5,3.9147333058411105e-10,0.003789088666757171,8.544553402804906e-19,0.004407669850108222,5.061664426895909e-17,1.6362346643651872e-8,6.501596666134477e-5,7.0388734145232995e-6,9.730971643345797e-28,7.481331324834044e-6,2.993247530831502e-7,1.066920288459958e-10,2.1519145684208008e-7,0.015223219197250268,1.510540566649632e-8,1.8173372687113135e-13,1.6731633544398027e-30,1.175404804881893e-8,2.204626021408593e-18,9.133076572550285e-11,3.078434743372382e-7,1.7437798267001615e-31,0.0034831331230830392,2.0169238718836383e-8,8.137014123314497e-8,0.0002375858068615058,5.346744879112496e-13,2.5892651375082262e-5,1.3433902653957987e-18,0.044090808900693244,2.872271846156896e-13,0.003680391701236089,2.6857818707448504e-15,4.6662019283442697e-7,1.828671699601538e-9,0.0014163852061431835,0.7683593495886701,2.654231961171561e-7,9.666163587694123e-10,2.2517129672098932e-8,3.1292824758422536e-9,2.0045898396740514e-6,3.6309902478982925e-8,4.882139882318112e-13,3.0980766359729416e-7,1.194243042756657e-10,2.7727745619486092e-8,2.0949112362384853e-10,0.00021408974729839823,0.1064842082721715,3.8452012650810755e-5,1.6432063481933888e-20,0.0038983797272850755,0.0013740109673834127,1.1780213365645865e-20,1.1716932586136847e-5,3.370831557952819e-9,0.0352643769970632,5.482225931072617e-5,1.0930636936162903e-12,0.004839681884298139,3.7337313992090825e-6,7.013364438753727e-6,4.7812706592290815e-14,1.870358904016803e-28
0.5148497748521702,1.4761073474608424e-29,4.598751692791748e-11,7.999896201467672e-22,1.3012690235165627e-32,2.571709377727119e-28,5.53406102463107e-31,8.150888926183606e-23,3.8495816069197816e-50,4.2242864940766504e-9,4.30263674329597e-16,3.961367474424492e-16,6.543346211834224e-23,1.3414109826130725e-32,2.852457609648634e-32,0.48325567214975457,4.28978135204146e-20,0.00016954436446430348,9.038828398072397e-21,2.793369877287836e-30,6.7640991664307276e-15,1.804370353931493e-27,2.8613784808816684e-18,5.615818546976349e-60,2.8072917064234585e-15,2.638956319796032e-20,2.0104739871171186e-33,4.718594497696796e-7,2.0172443411280224e-17,1.0866712407821223e-23,1.1758976081331298e-29,1.0507018444205588e-53,3.5284409010091047e-10,2.0678419580158606e-18,1.0380064991144789e-18,1.2363578245648868e-22,4.075483620017301e-76,5.517376155647057e-23,1.716613735308375e-27,1.2504847921358446e-27,8.323112500567953e-9,1.928946157694088e-40,2.2109643086408437e-32,2.95648626350227e-10,4.857646113325316e-30,9.444521169773726e-24,8.484743437437826e-39,1.3099252291466516e-26,1.299937272500534e-46,0.0017240254859155887,7.3299431621148e-31,1.4388961873505745e-19,9.726832976323168e-14,1.579160576331163e-12,4.0006955689693675e-21,1.6682609714475443e-8,6.680886589949854e-22,8.24736885396718e-28,1.1182010117133894e-14,2.037657487505523e-22,1.6953887245221473e-15,3.2093570521367947e-18,3.168278895335973e-23,2.12437513647469e-33,1.3883500606482589e-24,1.7957574131654574e-21,6.707551864254261e-49,2.466866803643589e-28,4.1636617647052996e-11,7.408687829596889e-39,1.0284989453071262e-79,5.583897520469943e-13,2.104297234106019e-26,1.766197445709851e-21,5.857124392111362e-29,2.5535338400211408e-23,2.1737872011201325e-21,3.9429953148463875e-17,4.280540947624502e-25,4.813198616928224e-7
0.0030109871450080187,1.2292985325991627e-7,1.34253571718974e-13,3.524345080929513e-14,0.0002698252759600296,0.0035705608837911756,0.006876424220177109,1.120093140345741e-6,7.78993690647158e-6,4.6273184636027783e-7,2.0558543054524047e-5,9.396765968739264e-10,0.004707678585518596,4.383842332242442e-7,0.011592507098422812,1.0892479306918621e-6,0.005145322796021539,1.65758445300206e-35,1.1518392865970544e-6,2.043681227216782e-10,1.2642448315253671e-5,0.10083644084756482,0.0010192557811101175,4.9209967431706435e-9,5.412722710406056e-5,5.390345017199694e-8,0.0005387078688950391,1.7090435666778506e-37,0.1599628876325605,2.160882793885569e-8,3.925513930100693e-6,1.7703755077839605e-9,5.4799310759895405e-9,1.7601937967998933e-6,3.2768422818895846e-13,6.874569284292374e-7,0.003102485652191654,0.12538480193968096,0.000257924859385554,0.01540125403022578,1.1791282249057112e-24,6.634648996916242e-10,0.0002704705140815692,6.740777051755981e-12,0.41990735476689417,2.036864542386491e-5,0.000684864530673264,6.094708695458427e-7,2.0288618130979294e-10,0.00015760856266203106,6.563861075164149e-5,0.05724024677137962,0.014339105193561628,1.5390634497905337e-5,2.114322560196258e-11,0.0011108567003439691,7.605923061784009e-8,0.00024151206582512987,1.0907706380888887e-10,1.0667753563021618e-9,6.971265679670736e-15,4.484238695379103e-15,1.8834834039323492e-6,4.116424620393906e-8,0.00019870385131618343,2.0379491397397842e-6,4.854445878001341e-13,6.415459717722025e-5,0.016525671408821687,1.794433232846914e-8,1.006053384145399e-8,6.25805963247641e-7,5.6748296884032115e-5,2.411485391757613e-10,1.8653891862697614e-7,0.00441463199579435,1.764529151008639e-8,0.0428981329274407,6.135190052658744e-13,1.5012319019570988e-9
5.467484470045699e-13,3.1771128107086876e-8,4.16398416472887e-17,4.150811978703504e-11,4.373782147675188e-52,1.4117276593230666e-34,5.768012377902979e-6,0.04058255309139045,9.635799805437516e-17,8.678284906147037e-14,5.129380870092915e-6,2.3589374474015497e-24,4.573789230619754e-9,4.20996400511587e-9,0.00013106871620212186,0.021185318496567566,3.4017488529220847e-7,0.3360685279837375,0.0023831490336813296,2.211016224097606e-34,8.487749634958691e-5,2.4293676805758588e-21,0.0006947535811776392,9.499902893133894e-58,2.486037781698795e-7,2.991388718377322e-7,2.528448695851182e-35,0.0006484083269542067,1.2075462358131684e-7,1.5538535137460956e-35,1.3535835775693403e-27,3.214082704131603e-54,2.4207199761940428e-20,1.5953236242985515e-45,1.4023962472490776e-21,5.817479916912686e-6,1.2896253457667275e-38,1.0642060549694241e-18,3.80746219800179e-20,5.801770460913215e-29,0.052033934879735004,2.0662340921200878e-24,3.005730343993893e-39,7.281328508408853e-24,1.695788837009756e-16,0.004121318006398654,1.2669373916143343e-12,1.79930222494771e-33,9.815143510877108e-7,5.024115558174657e-27,0.007149654027510844,0.0003956576240628389,0.0006334725550623197,1.93009653670999e-13,2.3637934623195413e-9,6.211833989639638e-7,1.8060980624293838e-9,2.2357592707681398e-26,2.6959161181213236e-13,0.042092296000879964,2.895017732361057e-17,0.23017381269960496,2.5331875750030105e-24,3.0922345013747725e-20,0.0006910598931647142,2.19730385283645e-8,0.0005647409963095736,0.0014439554954180085,9.138746045804996e-9,2.3584833149156547e-44,5.662739783077539e-34,6.081223293418056e-19,1.1380989301345897e-8,1.812676010515562e-10,1.0477904222872432e-31,9.44235615018559e-8,0.23034047009427758,0.028561462892193974,2.988279098553714e-31,3.595950874124138e-33
4.209754444626859e-26,9.773418997419356e-27,3.371839016972955e-27,2.507355517856251e-48,4.542867569630357e-20,2.4518793605340736e-5,1.9882283156017117e-6,2.4669444780369766e-24,3.5168532575661336e-16,1.4993970256797889e-10,1.7369858811646616e-26,2.8379515261723186e-23,1.6822640364421217e-6,2.905871305134819e-7,4.531168903104133e-26,6.570251621758046e-22,1.4115224674450008e-12,4.291465583276766e-79,1.9762624552563934e-5,5.043359745423918e-16,8.55911971502509e-50,0.14467051853836915,3.763062083321984e-20,9.260922749250351e-7,1.6008402921512015e-21,6.241841859830974e-21,0.001848358682064346,6.22015916745193e-81,5.96809365242724e-12,6.050347548901202e-9,2.1684258712484583e-8,2.5018630840111264e-8,1.2862684692585523e-29,4.889035178997591e-25,1.7326319603319216e-40,8.494629243416082e-19,2.9581945713464824e-8,0.04705381913859541,0.7449114780722839,5.21576391267271e-5,4.7878344585077326e-64,3.5814508573668264e-12,1.866244052581214e-7,2.9488260956860406e-36,5.510406360576493e-7,2.293248502701465e-59,4.9213238972087e-6,5.705862776019638e-12,2.0217409228362315e-40,0.0015440917984363743,1.958552268423144e-18,2.878648152643049e-9,2.2417309065742302e-44,1.2516282690278671e-8,1.5317052469855912e-39,0.0037639069344456194,5.093054570018938e-34,0.0015788064363826603,7.947874752210924e-42,3.3034217268159384e-39,1.0833037351766205e-30,2.6600384209787977e-39,0.03295297980506373,2.441785646521877e-18,1.200017494190761e-14,1.5419931768719113e-31,0.00025122224513275204,1.4237727692075863e-17,1.1645729930151199e-7,2.4972900337304575e-11,1.7535905933670103e-10,1.9443128254129135e-20,2.4089910853021926e-11,2.870320936760865e-44,0.00041289128534106493,0.02090025645534726,7.894351596874218e-31,4.4708121027663265e-6,1.318769836357316e-19,8.804749216779873e-27
8.360079482276495e-15,5.557158517179716e-18,0.0018334221259658624,5.7487369087865776e-9,1.4884343603746064e-6,1.3324493679295663e-9,8.215252157264988e-19,1.239762419243514e-12,0.00047689886030096075,9.362001853874792e-6,5.714055416659454e-7,0.07392956770233063,9.013802404288228e-8,5.2239034330546774e-15,3.9677920802253446e-15,6.480008018373205e-10,7.342380248840051e-6,2.1164353192065818e-10,2.892958231483386e-23,0.010027679682792362,2.202829367650895e-6,3.1594362296619196e-14,2.081323844847877e-11,2.1116210281462978e-10,6.792726698422262e-12,1.0001573802136434e-8,5.488366500887237e-10,1.490853140116169e-8,0.002955463375585025,1.0701536485173465e-11,8.449683775561246e-7,7.571281294497667e-14,0.014156442145366583,9.802833246739237e-5,0.8617873743935883,3.5173438084224675e-8,1.1352263027648589e-13,9.351814493953713e-16,8.085783220854349e-18,1.1804102805077192e-10,0.0009100133490379579,2.6450799765841037e-23,1.3597121493601566e-25,3.322776341738201e-8,1.0622524231839544e-7,9.88177798345347e-13,2.3310029453891626e-23,0.0002221281352885543,4.0093165881363663e-14,4.802427039529662e-8,1.7736248871616014e-8,1.439868659466597e-10,8.227881183862627e-8,0.00014425737223487366,9.685170011558648e-8,1.255186728014204e-6,1.1928247791198517e-9,3.969741334270615e-12,0.0028976671465557736,2.222806377708467e-11,0.007671327807836688,1.0948498338316948e-8,1.0865420953579241e-17,2.5558914742570592e-26,1.2802806609225056e-15,1.1542935479539183e-14,3.947286501220851e-22,6.733440492153643e-12,3.5431250620924694e-12,2.1234674718818475e-7,5.570764629982147e-23,0.003113816147459247,2.7701619320125233e-11,2.664698523560229e-5,7.654655589668796e-15,7.522694977630572e-17,3.5013432636553516e-13,5.369570565936294e-10,0.018867107473491903,0.0008583230991339272
1.7150836862806236e-11,3.382150932173477e-10,0.00011927746380739946,0.000720509887004771,1.9618265704691942e-14,0.00548712930412903,5.401547636524904e-26,7.816043809861576e-9,4.534823869017522e-6,1.226542748234216e-5,2.1872052548845326e-10,1.9180031885590193e-5,6.526082857279926e-7,2.6494758339787773e-5,2.1061322741980922e-6,0.014832243908810666,1.069152101060619e-13,0.04203911092761841,5.1220375149322796e-14,5.697483854195837e-10,0.3443801702764694,9.113379066631651e-14,0.00019442798367833996,8.718065845508356e-24,2.4157345273294067e-7,0.004775880647393219,1.0414391214647015e-8,0.32606578630689176,0.00010597921602811895,2.835076393267749e-7,4.4327273443941316e-5,2.3355482333898605e-25,9.122418787121992e-6,7.673559263705799e-15,0.009086319948803987,0.00015789785098268427,8.996650740264366e-38,5.565514447131676e-12,4.889359932136617e-22,1.7318071691742647e-6,5.215818359956468e-5,1.5662956545152845e-16,2.85751047965974e-23,2.3298338025653525e-25,4.070459930580307e-6,5.2892807464067695e-6,2.837277365234983e-12,2.0287863433389633e-7,9.298524824833692e-5,5.312485557174833e-12,1.3656546291944298e-7,4.892786902258075e-12,0.005632508903089759,0.0019306364816566908,2.229672530547603e-6,0.0006697252615047608,9.078297938379856e-8,6.124919819560287e-6,0.01715154938535177,0.0011489805730182856,2.7479908550611e-5,0.1953906979596877,6.662933583070226e-11,1.577086416165449e-9,3.453274692888888e-8,5.879571252543661e-11,2.9166631508106864e-75,7.680437143718321e-6,0.005658943628632997,3.699806620587244e-17,2.4392904563348433e-6,9.457270067323991e-8,3.4374551509882786e-8,8.531791466809218e-6,2.0788883604891537e-10,3.931403609171433e-10,3.730382778879849e-5,0.02408273590953038,1.6393892286263989e-6,2.7244505563633253e-25
6.139876792763364e-14,3.0802835961444804e-17,3.073375563222076e-8,4.825439718647249e-20,2.8521872346421514e-13,0.0022908563221536128,4.714018876682078e-15,8.888095235953334e-13,1.673737506096922e-20,0.0009237695325159937,1.7207466131280002e-13,1.6960924373669156e-7,0.006967808019824872,0.3860215770289758,8.41470350458363e-14,0.024318829737740206,4.517595304513018e-10,1.2257405256032196e-7,4.023796057690653e-11,2.300063659140701e-5,8.885265357910334e-7,0.0003173665895445286,0.0037758229634815327,1.5265507146288042e-5,7.3252454991405395e-6,0.007338519322749201,0.05440910706224796,5.664189328687732e-14,0.02037482079480624,0.3088508975023461,0.01753837465098175,1.183727337214152e-7,8.361729090466044e-13,1.5441138897154928e-10,3.7116821464606836e-11,1.319951237158857e-9,3.4896745061130556e-12,5.5703265050856377e-5,0.0002692921034434313,0.005087944173074267,3.645128311920082e-12,4.503435490625225e-5,8.319717515480109e-10,1.6095271734832338e-17,4.1336542275554573e-10,1.4398598786713341e-28,7.43597029567141e-7,2.1864860704048312e-5,1.9860541141741672e-13,0.00881693829996922,2.6712056143480038e-17,1.101987302515089e-11,0.04832970387853827,0.016614549832426072,1.0992494028377083e-14,9.311319803157631e-8,1.059924189006119e-14,0.028307811060588606,4.9414482704144354e-5,0.0012289010616511667,3.4692510613849314e-6,0.0002859194600504713,0.041430113105124754,3.686663490832853e-23,1.8340687947833e-11,2.6939374466221064e-16,6.142951603660456e-7,4.301333592394869e-9,1.108449916948861e-7,8.783541772881104e-5,4.177562669920735e-25,1.4693672168711416e-5,1.302897633147505e-11,4.582909952327379e-12,0.015783822818743548,0.0001216830214022518,0.00018021630431663962,8.850310035335612e-5,3.462858232443694e-7,1.1201687946668951e-17
8.767167656080916e-12,3.039869270334807e-12,1.6210897740360124e-10,3.1707654709938005e-7,9.16908420259096e-18,0.020577600439844263,1.4601268359945377e-23,8.136606074078661e-8,1.6573345993538568e-10,0.005926517744252263,5.126291342619377e-9,3.5313372389678963e-10,0.16853530865249078,0.01447083716040938,1.2622075762858471e-5,0.0008456984503820753,9.422865462333528e-11,1.8861209813939625e-8,1.0136598099726508e-16,2.8693280799440642e-8,0.060269956182589395,2.3109920684499786e-8,0.2866763405952338,8.437571306024572e-23,8.071023560764028e-8,0.04028623256229895,2.093972252147041e-5,2.0048496603440727e-5,0.00029799265302157856,0.006463530814138222,0.0002480178892223226,2.0178216095193758e-21,1.4981483396070242e-11,7.251786156510069e-18,3.925888889513833e-9,7.014093443177698e-5,7.183048885543425e-34,1.8484131071577386e-7,6.581173389797373e-13,0.0002500328460684544,7.523078981591427e-9,3.4633044669565563e-6,2.0055946015623008e-20,1.0657058010478168e-32,2.295717482988703e-6,1.2388267055445436e-20,1.1657349912613464e-8,2.3810076172143926e-8,1.1777769363259234e-7,3.5227614955298523e-6,1.602405168322906e-11,1.142423789469813e-8,0.2787933445969268,0.09594420531993923,5.075412083201575e-8,0.0016255221347421449,1.4871171601082457e-8,0.0003103703118856431,0.0007625377829226194,0.00010183345278858465,3.069096835928313e-10,0.016666021974681273,3.2521912998190443e-6,1.0582869736643956e-18,2.659915591906763e-9,7.281105892803815e-12,3.756357386745399e-37,4.419374364425943e-5,6.663903086940707e-7,2.9355710807824714e-7,7.049066292110331e-10,7.292645743974118e-10,7.049298970020792e-8,5.121805587985325e-9,9.97499754459735e-5,0.00016865307076568503,0.0002625868605976701,0.00023460721946102573,4.4542845145714944e-11,3.2659193056898843e-26
3.6026818267293275e-26,2.0608419675086957e-24,0.006305363767118682,9.445752784790552e-16,0.0011554382241459728,2.6319498460816475e-8,4.325667642832137e-34,1.7088893278795805e-15,3.826848562739553e-21,0.0001357031518231829,5.924171660475526e-11,0.09456700919644742,7.353923680281358e-7,5.131785982563025e-15,7.462196658303474e-18,1.5223680184735856e-10,8.517082893980929e-17,1.5082630656021792e-45,1.1844700487344942e-39,0.057227711268397805,5.122249667010693e-10,1.1686726455943609e-16,1.7249373240512322e-14,0.008932601179814635,4.317313998376516e-22,6.769458091238026e-11,3.0589231018779006e-8,5.149011954110978e-38,8.408861249794541e-18,2.02612475758734e-19,6.566339756226891e-8,0.0036705150572131176,0.005258311912058166,0.000512833578793758,0.0347813553975866,1.9099358597774126e-9,5.3436167477935635e-9,5.664841813582758e-18,2.4650470881152935e-25,3.002228527833764e-8,6.86752706197928e-16,4.449753828465999e-31,6.396327143157087e-38,1.6461453891250962e-11,1.6721240075640777e-18,6.42478288362728e-42,7.968936972305387e-28,0.0005835903073949185,5.872210296478006e-20,2.2131051235786188e-10,5.054027959822489e-21,4.902217924691851e-21,6.378049071740505e-8,0.01603161889286273,1.37343017655921e-11,0.017750115386338198,2.1735071708370884e-12,1.3992708469548228e-14,8.918278780299177e-5,2.147596888732666e-17,0.00951823088423677,7.685652792263305e-7,5.625788097689083e-20,6.081855032405379e-43,4.525832188751672e-20,2.9836965308612645e-22,5.902538945045861e-20,2.5437970364719396e-10,1.9037805516957316e-5,0.07804014488668248,2.983410406274095e-40,0.004961300603014552,9.004241782421775e-21,1.5732275812320288e-7,4.280196336130367e-16,1.609823507595087e-12,7.512506912459697e-17,9.13506199470435e-8,0.6577931486836004,0.002664809468561811
0.024668492618808324,3.8465142366194597e-10,1.5232326509247657e-13,2.41725740449114e-11,4.156151350650966e-9,6.765965623756699e-9,5.345339142442327e-17,3.998973330989908e-11,6.132142467624318e-9,0.0010339538259163084,3.9085072276805e-12,0.0008196314092528108,0.0942595949019675,0.0615999398124686,1.1696183253500263e-9,2.1016096741261904e-19,0.08342280866025825,1.3776767968845726e-7,4.412782505060617e-23,0.0027008626946448916,0.07097259488882211,3.801287006751948e-5,1.4448485608126237e-5,5.51611878537861e-12,0.15683081546808034,2.1075880729326865e-6,1.5148804548049291e-5,2.842292400297554e-8,1.3419269751753772e-9,1.645900839787028e-6,3.6542648924045366e-6,4.236714968655472e-10,0.023347990114023703,9.393848719107909e-6,1.1520638126504389e-7,8.170067853513446e-11,0.0001629783407011194,0.0015167864070037692,2.6894588652558494e-12,0.026112931212260555,4.408139987905428e-13,3.9410480389476464e-8,4.293561135711852e-19,0.003588008394640741,0.026178793001938046,0.012286893512242554,3.702348000478821e-8,4.838448626993697e-7,9.563373850263826e-18,0.058658915401611514,5.029601995449465e-6,0.005507889609146207,0.014668175878227671,0.01892756989813092,6.9116666253866094e-12,2.8281851823137126e-9,1.1753629289821141e-12,2.9135887634500167e-6,5.36553467616706e-9,2.2287525628410594e-15,1.5639451553279987e-13,3.9412083863295395e-7,0.012343243021112203,2.6146891645490772e-21,0.014331184397528443,3.0573980941503144e-12,0.00915261347314059,3.848197548785267e-9,5.253437269279853e-5,0.009477266493601777,4.176540124613869e-12,3.80053679010357e-12,1.6055281714413422e-5,4.2546996330779165e-12,0.00026494769687908024,0.0003125178702656635,9.765467809770269e-15,0.2585539192194544,6.917764544992405e-7,0.0081357769986968
2.946622623943613e-12,7.593934281922531e-13,9.04341212691951e-6,1.512808072467986e-8,0.008243246608393361,0.0002794121720142936,5.243903520243367e-13,1.9679379529964483e-8,7.14780696540318e-13,0.3414607633376733,7.630721636239207e-7,4.562334631942861e-5,4.960877897734995e-5,0.00027993866883081596,2.8242025291811794e-7,0.0037927733245792096,1.4372803772967812e-7,1.883122543129996e-8,2.771160013855476e-5,0.05515650030080721,0.16389032186284727,5.260722350462787e-10,0.00011418711512824108,2.951146506822805e-14,8.52665332591855e-9,0.0022123684814624577,1.3216194488024557e-5,7.832113179070767e-7,0.0054830502132375515,0.00011261716067990122,0.003933964862566627,1.652019694544007e-14,1.584796792800104e-5,0.004349161711651242,5.5191100901852175e-5,0.04286598774437832,9.071668009450503e-22,2.9735244806564774e-7,3.626444189918099e-8,0.005972588509476482,2.7656480725515282e-8,1.0752905348756404e-11,1.2480714426422519e-24,5.3883774683920594e-20,1.0897414764474502e-8,4.1821454706084266e-29,1.533858411715563e-14,0.00744099616492871,2.8364297325783577e-9,0.003758647503071181,1.6353529093079472e-10,4.9408436825315805e-8,0.002819646313950617,0.266295860520949,2.1930318798373426e-6,0.0004321734119165749,1.113958432103601e-7,1.4285982129675465e-5,0.006876521483720341,2.5846254873340283e-6,4.831571842346316e-6,4.323654275967754e-6,4.5275429892113724e-5,9.586004876838906e-13,6.661696216832451e-9,2.3901792022373607e-11,2.581076329238613e-19,1.4957905277215037e-6,0.011464963355838884,0.062038639362273794,8.360116279728132e-27,2.5741081878389376e-5,4.2484151702943436e-10,2.194706760512592e-8,0.00023665996365697153,1.5440805444258955e-9,3.4547549647089353e-7,9.074790732132943e-5,7.8341177829926e-5,6.7452220998762545e-15
1.3946425176852002e-23,9.907911878834672e-20,1.707128926596643e-5,4.6340611272342834e-11,0.00021049748230025114,0.003269383579159788,1.101810452400667e-21,3.9570117883159774e-16,1.9701876131874773e-21,2.3021817157206214e-7,7.188591118332824e-14,0.00042532844137389174,3.2764945986129134e-6,4.647425298527998e-5,3.991999033950328e-16,6.38455700364498e-6,3.9849854337873103e-16,8.359580257802352e-17,1.6325758423415618e-21,0.29052009308636223,0.0007566242743651746,6.661297664129284e-11,4.527794128438499e-10,0.007308591649896125,2.3127057894341968e-11,3.3994355097173954e-6,0.0008786815476838943,4.450045778204377e-13,1.9228792849851926e-6,0.0010618767136402567,0.4531505212624178,0.00017262017624505117,9.273858870865509e-10,0.00011754799362144287,0.0019343698864281364,5.186076529701175e-10,1.9874411907027376e-8,1.0014774328151829e-12,1.8323061115862157e-10,5.068830286657696e-7,1.8666935737360885e-9,4.509033833406719e-12,9.346165813661236e-24,2.4001506267423044e-19,1.3509239763972874e-14,2.729862634067831e-26,2.630193836891087e-15,0.07518185355274433,8.889315238708678e-11,1.7530485673099288e-14,7.110584331945975e-24,6.4490233293550575e-19,0.00017313506788628748,0.00040569573521933986,7.785280841803144e-9,9.86858171125336e-5,8.871221879240266e-12,1.318793172307547e-5,0.10946825949609316,1.800007369164252e-10,0.008652013908263407,0.0011851813404224613,0.0005538812411448534,2.663151107705546e-31,4.472308141221883e-20,2.3774768567134163e-20,1.8513401760487385e-13,1.6190544014701176e-11,3.152450685973799e-16,0.0018434012706115277,1.4732073742943134e-34,4.3542215913423714e-5,1.8777512120857946e-19,2.0326217500437032e-6,0.025876899537738644,1.454127322630547e-14,7.688399706360744e-10,1.9907419603876e-7,0.01661659617832818,9.398183948526945e-11
0.034027176696017875,4.261826497295164e-12,1.3007509125326228e-10,0.014066721109640608,6.073537850790363e-51,0.0028928000314444916,0.0009253086102705615,2.557263888649599e-9,3.7174409152430606e-20,6.88735481896557e-16,3.2732508714936945e-13,2.1243354781453522e-11,1.876373422481133e-16,1.5847866946703341e-15,4.491632259664378e-8,9.161016423930904e-6,6.610613769686096e-8,0.3289265637347135,1.8330763570150179e-10,2.5300408395683143e-12,0.00033056719377342106,1.1807734067459855e-20,8.250342306897215e-9,9.739497090447294e-44,1.1465178842473997e-9,2.284554670057337e-13,7.52693631150517e-10,0.020825623368483145,3.6404822371012653e-7,1.9655441783046958e-17,2.4911397869996214e-8,1.9460699371999854e-52,1.1910970276925404e-10,1.976013927870994e-38,0.00031227489122401426,3.358005131113348e-5,6.049108738818689e-28,4.767359376737604e-13,1.4664479422404542e-21,7.165336496155128e-10,0.0033288606327787954,7.010907752312844e-26,1.641640069762867e-33,8.678545291968621e-35,6.086800671677972e-11,1.6832331752561748e-14,6.958593767184566e-17,4.5043477532091034e-13,1.9339540512947013e-7,2.5109076237953852e-24,6.449839301793219e-9,0.00039747246571529175,0.006626318708319674,5.744521741368183e-17,1.1745276230158016e-8,0.0003681028440395195,4.071122266745284e-10,5.279497408075949e-6,7.252238412570698e-10,0.0002967655790383992,6.29727954407537e-10,0.5864785696309863,1.2973634925945989e-34,1.1570692562054665e-15,3.989522294765956e-7,3.636619608797366e-13,3.072671862747162e-11,2.6942605526616136e-10,8.812703334415753e-7,1.2264323243439842e-22,4.851080233965293e-18,9.374253055704825e-13,5.636408203672548e-9,2.285350786575939e-6,6.759603545878744e-35,1.8266034628990607e-17,0.0001186927880479146,2.5862262996847875e-5,9.523788972270198e-11,1.7275834514235435e-35
0.0035199656193798732,1.3429652646762155e-13,1.600503973154528e-6,1.2797013370601599e-12,5.190914770640877e-22,0.004425207533570452,5.160019144352346e-34,7.826025205662316e-11,3.361995250351315e-29,0.0014806082120742694,1.5276113047348601e-12,5.812573691948684e-9,0.00017840594268796184,1.8185873046652478e-6,6.985552529458068e-13,0.32482153077912407,4.340779818534645e-15,0.007150002700633779,5.185773752694194e-32,2.682317012149814e-13,0.0004929792548258745,2.774453986698693e-12,6.803902250132531e-5,5.251543991065688e-26,5.194907994073359e-5,0.00017195525448716892,1.0082288609543586e-6,0.02724706791174304,0.16301369223657752,1.418710422115263e-15,2.740423317325108e-5,1.168113825288237e-28,1.1298765468213015e-11,8.159218004639727e-19,4.946216780906942e-11,3.9847505998347516e-7,6.230804331428771e-29,8.868109817389267e-14,1.652346808648394e-30,3.005806424966902e-7,0.003333173305436607,7.853341917512281e-25,1.8183255696743805e-35,4.4703470188989166e-26,1.271321831007712e-16,2.3069353908582563e-30,5.931132632289143e-17,4.07051709852287e-9,6.743291705178678e-11,0.0004549398664895325,1.9977667772843787e-19,6.154328503486373e-18,0.0009294130942022907,0.0004001506728135986,8.533490218773468e-8,0.0010580876448348746,1.656359680051949e-13,6.795220843442425e-8,1.9098810125895702e-11,5.493124324115074e-8,1.953114419394035e-9,0.0006752763593927536,1.938933005138829e-28,3.230196114466665e-24,2.9426082159270883e-13,1.0914433781802175e-16,5.930421717203164e-34,7.897180974170651e-7,0.345358334398509,3.0805226478835646e-14,5.968909258773961e-45,1.7519193892182393e-5,3.791434488916458e-18,4.27257897868345e-12,1.4693946764164394e-21,4.794886731614199e-7,3.268770622029264e-9,0.11511767853795564,2.7189212343011668e-12,1.3379423053793194e-19
1.0202154966565034e-11,1.4072202853729078e-20,1.8274982298498835e-6,2.777105882923194e-19,0.004904426392664797,0.0006029558505026945,7.22306260523521e-18,8.97665920793228e-15,1.8196455224791125e-20,0.00014703086872698846,1.0663064145363985e-11,0.005551710753883961,4.667793732532979e-6,5.078426500677934e-13,2.6304241898712194e-21,0.00794539474630694,0.0005802590947951719,1.503551939441202e-28,1.0326632659579525e-21,0.048881678709200266,4.63662822818275e-7,4.3530091876576625e-11,1.1718033547296414e-9,0.7586390542847641,1.3786589383138479e-12,7.821407987058977e-7,0.0011502540951017315,6.462151155285033e-22,0.0060067800422928305,4.576732022817223e-8,0.005538976479859927,0.0265040838209406,7.641266090038975e-6,0.006113980067902632,3.210859224197575e-5,5.975960478936621e-8,0.0003402486128976505,1.4544993147858188e-10,3.693866275945371e-10,2.9772999305802016e-5,2.405393541422547e-8,8.574015627945885e-18,4.9201242646413374e-21,1.8348835078276385e-16,3.76869344844772e-14,1.318133217837405e-11,1.930386657982964e-20,0.006405179316564459,6.144800694727335e-14,0.0003088344815858922,2.8036181716021933e-17,1.0818410877243142e-9,6.964736919759726e-6,0.043574137942483555,3.1075230045330857e-12,0.024127370384306276,1.623252618018527e-12,7.27857422553692e-7,0.00010942854244020274,4.830618113080814e-17,9.079890829975387e-5,3.961155085712127e-13,0.0004852844696346122,1.923028400572034e-24,2.2240610677317893e-17,2.934654212189693e-18,7.508037889479764e-16,4.8304659637088435e-12,4.692803458995397e-11,0.033365584867034476,1.8965643240550063e-22,5.139098075785935e-5,1.9798151565478522e-14,2.351054124869177e-11,0.0009585242456576534,1.1308937095192963e-17,9.103455685561259e-16,0.00016327813844684873,0.01736825279734007,1.2048713584287134e-8
3.234763932465866e-10,1.516754143900405e-17,0.0015064097191358958,3.7187801946528784e-11,0.006184895546145794,7.412969637928752e-6,7.206339577998416e-20,1.0216083431513992e-11,2.260238671985377e-13,0.00014207462690891758,4.291361191472064e-10,0.11074222116068046,3.007265173124265e-7,8.009870604578822e-15,3.301417315680146e-16,1.7647204166859575e-5,0.0005703636312519166,7.16782587001088e-15,9.882022745206386e-24,0.24497810686196936,5.966812046690362e-7,2.1606090861079862e-13,4.559493398239336e-9,1.5694856282198043e-5,5.762541118240721e-10,9.427409168842107e-7,3.853376427841431e-7,1.3267324631462164e-14,0.006010868789666442,1.0555044060598899e-9,0.000491380094746476,4.10831450932452e-7,0.00014622157245771877,0.001227402740123592,0.01869106063649067,9.804684862904573e-8,2.54431285016444e-10,1.1209139102203142e-14,6.170764452313497e-14,1.4469274744354766e-7,0.02343685630016108,6.946361543343718e-20,1.240383630948683e-22,1.7963930870320638e-10,9.644625465987793e-11,6.798709252794159e-14,5.721321612049014e-23,0.10527491633384885,5.4297801783939435e-15,0.0005658752112055643,2.9325964683782595e-12,4.469868648396385e-12,6.224193604111964e-8,0.003967934689095749,9.673926511849244e-9,7.402963375015268e-5,1.844432102972373e-12,1.1611291763806753e-9,0.009231601536244556,4.0533488594347324e-12,0.00393745458241902,8.250110513385485e-12,2.380007231782518e-11,2.5822282219897613e-25,2.5752296650021874e-15,9.166711525130986e-16,1.1386233322953526e-20,1.4786239989300252e-10,4.562478732484531e-10,0.0011560912964629219,1.386873954401185e-23,0.005738831232794723,3.1781160648301217e-12,6.803724856580969e-8,3.381667660857056e-9,2.178173502464359e-17,4.703397848917745e-13,1.4699920535518406e-8,0.45588106639763737,5.35948043588044e-7
6.04210734596294e-27,5.113855248291463e-31,1.854700916936592e-5,5.04892138851624e-13,0.005875540756000728,6.595732722989099e-10,6.960095766643313e-34,7.778233218474786e-20,1.0727772038262658e-33,4.589343145237642e-6,7.835336825951114e-18,0.025500134784774996,1.1952594475882666e-7,2.1356951424253733e-17,6.418924087775313e-20,0.0068037967114575795,3.2198252295204904e-17,1.4276030580060612e-55,6.088285976530853e-41,0.04531718644771044,3.0673316744034987e-9,2.4609044505048625e-18,5.36868655066709e-15,0.005743694285547426,2.4581739046736365e-22,1.6247151228814425e-11,2.9039880666520004e-9,1.0579022383550327e-42,3.093428859951606e-17,2.0176094605490977e-20,1.4934001647136924e-8,0.11194897058433018,3.668752472730348e-6,0.010592254241598932,0.39024058470150486,2.841864188959571e-11,3.5980927655353074e-8,6.728624229647487e-20,7.678041056557506e-28,5.251743504789887e-10,4.9443722627388595e-15,8.187186984968439e-32,1.3410478063057365e-42,7.040734645939999e-10,3.349612184474788e-23,3.146592995556168e-44,8.340877884379853e-32,0.0026561508127881262,6.499557007592664e-20,1.743289310310384e-10,1.2543788175961556e-23,7.209343402614051e-24,1.059871693428696e-5,7.102498243995115e-6,2.5289010016907292e-18,2.3654720981760088e-7,4.083754096905243e-16,5.472693783777272e-15,2.4702742547503305e-5,1.592015567049266e-16,0.00014570866238542064,0.001700672194705341,2.276329074644652e-21,1.516693533951262e-46,7.69524035559775e-22,9.54911303747379e-28,1.6437639871035322e-20,1.1241290791385462e-12,1.0094500136025807e-8,0.1133349328006559,3.771952702220623e-52,8.220417813335451e-7,1.0685659912752787e-22,7.223801578148427e-9,8.743545367485617e-17,4.846926480711681e-17,2.1758903119663167e-18,0.0007718820992682513,0.27929752991562956,4.975101811551905e-7
6.206875157002778e-11,0.11899659329096648,0.00023920915392408826,0.00014473064060397306,0.0008123651221388092,6.077865890520762e-15,4.702565907253886e-15,0.0018817525499480554,6.455709698898745e-7,1.8068525006743497e-5,0.01758138794934129,2.222611836446595e-5,1.7112945334704266e-11,1.033971522774303e-14,0.08081590997847818,6.863513728162171e-6,2.765016972932526e-6,0.0029289258873444676,5.097025410845787e-16,7.374980495253105e-13,0.00015728158946381825,3.593778666234357e-14,1.1886901385378652e-11,1.2895441720585797e-26,3.0515840396439306e-14,1.7076915382818887e-12,1.0280335642528093e-14,2.8334420739249747e-6,1.766235320898025e-9,8.393169606229204e-15,1.5432809181979842e-13,5.589502428208995e-29,0.004009989685077302,4.12186888805602e-9,6.23689529901646e-5,8.199035897212029e-5,1.5220205792859156e-28,3.7691141667818597e-13,1.6041748275051847e-21,9.701811576311354e-13,1.4909683164416362e-11,2.67315684867712e-21,3.0240763695524076e-14,0.005376692073426284,2.4652461797155382e-8,6.799970047533572e-10,6.718853783969118e-12,1.7293004581023122e-9,0.03960180383957737,2.864232471966193e-24,0.015780165212450525,1.2597525820724845e-5,7.755564071151924e-9,5.9273406728075985e-8,0.0016757669923364608,1.959023611839288e-5,0.029522349082613357,2.5013837075891077e-16,2.9778731665578993e-8,1.0326433447361695e-8,3.099996499838176e-5,0.00013567982771595964,2.0001722122780812e-17,4.257116290296248e-12,1.8622337551365947e-5,0.19190824993619685,1.5388543703513434e-15,8.30442377336759e-6,0.0016514039839342386,4.3075070896938866e-20,2.1470629832533012e-21,1.8120290536067836e-5,0.00024176548946830057,0.4862298328329246,5.038212536842145e-19,1.852401148957272e-11,1.3196314310394785e-8,6.258783003301782e-13,4.735085772794234e-7,1.5216751122642835e-6
8.82269100214795e-19,1.1890440060871031e-17,2.76793027978437e-9,1.3001694008015942e-21,1.5139145939090165e-11,8.220825779125571e-14,1.636133576416341e-27,3.788770970205706e-14,9.453788606677151e-8,6.726550533954414e-5,2.1232922530113195e-11,1.0586083881953851e-7,1.894788790555612e-5,2.3610586778700925e-16,5.38712421767702e-19,3.383346362849279e-33,0.008343414762599163,3.221602014568483e-39,3.871411457513732e-25,2.86881003309868e-12,4.717249582921145e-24,6.033338458528484e-13,1.0762576653230931e-14,0.0029462783882807627,6.48264028951823e-20,8.904672858175423e-18,4.3791937549673626e-10,6.852984025549734e-39,0.017187157067903018,3.9448761455066454e-20,2.3087554288638463e-14,6.952515873455897e-13,1.0521875534694373e-8,1.861471979645841e-6,3.9772468237636216e-10,2.9214243012736485e-12,4.55662883017627e-22,3.6770827322785713e-10,1.013298480284164e-31,6.989574245929622e-10,1.7310012135521607e-6,9.353346565593563e-29,2.0410272261715632e-17,0.0007531072619689239,1.5282046231713816e-7,0.018132725348586322,2.4833969094014013e-16,1.2373981619071895e-10,3.508004702409977e-22,0.0031695321633887076,4.903349564298859e-6,1.2144847993418797e-5,9.518583830916754e-25,0.008907605998667485,1.4700642167298502e-13,5.701344422401143e-18,2.9510518972452983e-15,2.6604470654606492e-11,5.884431959421701e-17,6.346995151551893e-24,4.820056935701781e-11,3.923229526578487e-30,8.131989033297964e-27,7.133218421697944e-26,6.758684445235073e-13,1.0745427605733272e-17,7.834631020655328e-23,2.269510277010342e-17,1.0645157948444163e-20,5.026169154991251e-10,1.7235276823074945e-10,6.8978887028946954e-9,1.5928682776754482e-8,9.143892180945662e-16,3.462212779280202e-22,3.18418141279542e-22,1.7793492821329758e-26,6.606094806178049e-5,8.109696387706065e-9,0.9403868637310204
2.3757911531848112e-14,2.1761906520694932e-8,0.026542255258289106,0.6543690768661835,1.1285614930300654e-13,1.3891616039457578e-22,2.5208984880396667e-38,1.9340392150838492e-7,6.683049622391051e-14,2.3967962951318182e-9,0.09015989219079543,1.3741638236501847e-6,2.553136519850489e-14,1.3217428028492805e-15,8.967098522206534e-7,0.00016031120350994179,3.5004179053144445e-18,0.0006619708197249342,1.0436132618761481e-36,1.597582349798828e-14,2.517102107181166e-5,5.96691607751778e-26,4.022777230396379e-12,1.4619930492438317e-21,5.549318426185376e-16,4.3417923086561845e-12,2.200172334077663e-22,0.0006293165830216532,6.081553244495553e-7,8.14947433512952e-20,4.550778783336329e-14,2.7721307650541844e-30,0.12008949147191118,1.1010489299520053e-10,0.0009710164498869224,7.262436763698371e-6,3.811087131700729e-34,4.706882680874424e-27,4.219716529509544e-28,2.6322415464118353e-21,4.365174724768456e-14,2.763645008700414e-21,4.313498814134042e-30,0.00013467247796261468,5.978317598823487e-18,1.6415048773368998e-17,7.875692681128159e-16,1.022953809122442e-10,1.6982011509399805e-5,2.8437863945964678e-30,4.2426477013894635e-11,1.3078544909005916e-18,6.222763944721867e-8,2.6115486257548727e-12,0.0529820556273886,1.082692341096278e-6,9.171353474889631e-6,3.798266676383013e-23,6.879544906868144e-6,1.6056120174096676e-7,0.0042819118335768866,0.004647172511980178,1.532101127768399e-28,6.994101071934212e-26,9.034263093117639e-14,0.00013518059488524286,6.699864503015279e-52,4.091840371528125e-9,3.1191293905170983e-10,3.605989342423114e-20,9.048199950075396e-33,1.5225006150936535e-5,1.4960711890129718e-15,0.04415004426616064,9.685776761612042e-25,1.051785441379785e-14,4.0306246228878936e-11,3.569373812580395e-16,2.847853419482365e-9,5.308398831086219e-7
9.95183060393357e-11,0.003911600437755113,2.020874009272446e-12,8.304317616062471e-6,0.006730338502133538,1.3963247119867383e-8,2.1096147383040793e-23,2.9544785378902717e-9,1.6026751734393303e-8,1.834856695728079e-6,2.2005798556621852e-8,3.929716329700184e-13,0.00028543992986724106,0.01744802778823155,1.1367544610600073e-5,0.2910207687729303,1.8380764859616545e-7,0.002002341931241521,1.7799490903543463e-19,3.3047797704299373e-19,0.010626566868328345,3.8223585474672754e-11,0.0014791425350030095,8.613709810164515e-18,0.02638785801654725,0.01147877431193707,2.022367127393479e-11,0.042148262554784335,0.00025324213827497755,5.8101345339157874e-8,1.7273042288499692e-11,3.1720432328755618e-22,1.5252495452937718e-13,3.086252079988065e-9,4.015529329583756e-10,0.0006770915433717752,2.8236178865130414e-13,6.960580961213842e-8,4.7887984188568157e-17,3.36899793660625e-9,0.035745455742491786,0.001136835092979228,1.2007878372979803e-18,1.0021393426178636e-27,1.2673264963701505e-5,0.023082206742171714,0.07124639427618291,4.6374731861268626e-17,1.1741299782516207e-6,2.011616670545843e-16,1.951258464661815e-5,8.440584800964823e-7,5.00146440918877e-5,9.629683701779196e-6,6.67543833070458e-8,0.02290736977478451,2.0798067891385332e-9,4.99626732007001e-8,1.5256192781458876e-6,0.0008096595307554781,5.2059938797964035e-12,0.42126827985041254,2.0446408888778702e-12,8.305331044533688e-11,0.0007708207703170372,2.2133910795053364e-7,1.0977274775654353e-55,0.0022261420267190254,0.0027118121962412195,5.154911323559548e-29,4.631408027079571e-8,7.794186008176002e-10,1.1761597930848615e-5,1.6948808786689597e-9,3.169967571204509e-12,2.7696326072735247e-6,2.9283909850076507e-5,0.0034841103042913893,1.1141189751978116e-15,2.352236650649098e-21
1.6757011860412748e-52,1.5773453832510699e-31,2.161428656919134e-16,3.629811692142621e-28,0.9280678927741564,4.177320219107535e-14,2.0459617672362027e-30,2.0904938680383036e-26,1.0760914437246027e-33,3.960822437393097e-11,2.000272259465771e-28,1.2436707199160385e-13,8.750599838483814e-14,2.457812364475922e-16,4.295197232037876e-20,0.007395950267281332,1.131420672001155e-14,3.7704062606442017e-16,9.513130452843443e-37,0.045447973114436824,6.460125474605926e-23,2.702297652827386e-10,1.884791936801051e-23,0.00624622999980468,1.4748601231947023e-26,5.481188437377762e-21,2.227735071326091e-11,5.106474953913732e-5,5.777050921555874e-24,8.665048147388367e-13,7.897960986482006e-10,8.823941897897481e-8,1.176089568816151e-23,0.00013696316733648178,1.6203045171738025e-16,2.1803401758394064e-27,0.005752363418842813,7.770265694177479e-13,7.610791066355771e-21,2.600805351010824e-11,1.6130810636105662e-21,1.181790690346923e-31,4.9099707192353715e-56,3.0413131939201515e-25,1.9693045813154663e-14,2.8382738832973516e-48,3.3462653017897153e-34,3.593090766149902e-6,5.361327697174673e-34,5.140837706506895e-9,6.242447974677585e-23,7.543578770041568e-15,1.4326756891468363e-25,7.978262293994136e-10,3.5770960400386745e-29,2.495319419282158e-22,3.2556771540375533e-28,6.1147307895661475e-15,8.33480631566971e-24,6.3284171310087326e-21,1.9564496876696505e-14,0.005880032332721498,5.227990617989439e-20,2.3692780939216817e-53,1.557625406686076e-20,1.5023340085265867e-32,9.067993112505855e-32,1.363008007059943e-20,6.8300113082866955e-46,0.0010148005787042724,2.3854351018749977e-52,3.338899180853124e-14,1.0927076417471034e-17,2.8193558322820878e-21,4.341779662905802e-13,1.2961984202040978e-29,7.039886894398999e-24,8.71341862951165e-23,3.0406815404075473e-6,4.964378310938874e-10
1.371759207905589e-16,1.813093884371316e-17,1.6044857624926934e-7,3.021768368814197e-21,1.2975415264674648e-13,0.1737322618401681,6.647570365197803e-12,2.398485832111441e-12,2.0467558895951493e-18,7.904503891211809e-5,3.3754795597152716e-15,2.062711632071924e-7,0.00694766567382596,0.16289696941412726,3.515364566013931e-12,0.0002072699048357565,2.322427353749727e-9,1.4464625159919602e-13,8.825766843267455e-9,1.652752363529584e-7,1.6980513854594722e-9,0.009854611936613203,2.4427215697650488e-5,1.4632148000525433e-7,0.0010404462601766506,3.364858734734102e-5,0.1842556912511801,2.8649257295337393e-25,0.0016812267743579982,0.008772631831611135,0.0002660739776845402,7.911733178956487e-7,5.950721248644579e-14,4.476684125998957e-13,3.365500509607365e-13,5.3493043398718014e-8,6.9777549736665124e-12,0.0211202562735302,0.0027898191925343936,0.0033125858195039055,3.328978671657292e-24,3.5700906929610224e-6,2.265147347091139e-10,8.723071028334427e-18,6.235293292198738e-7,1.4054316270602867e-28,0.00041314390948815404,1.4309370361319566e-5,8.299834581886897e-14,0.0018264624233888251,1.0298308087506278e-16,1.0761404174440796e-7,0.000898964103530652,0.007653392425764319,1.8212716135759896e-17,5.531711344378014e-9,6.396312920784213e-16,0.10455817280456879,2.8077735206343804e-7,0.0004306571542595907,9.994555700207656e-8,1.5371404775650263e-5,0.18068172104847152,1.5598129355855666e-20,1.677765449986914e-9,5.060332975879185e-18,1.0470211123780395e-6,2.131599065266352e-8,1.9076476891410942e-10,0.00019164165811587881,2.908909808953751e-24,0.0002817349511964106,9.150772424916726e-10,2.0526072759951715e-13,0.11246232135498083,0.013350902356741079,1.3323952837161219e-5,0.00018594537456892785,1.0028920240569954e-8,2.1342371903127524e-15
2.0443256671706205e-38,6.684164071586754e-22,2.9283921681007016e-12,1.6697391864256185e-31,1.0982435494623593e-8,0.014177282465972491,7.982995445615113e-19,3.590328162357283e-17,3.8824031967903065e-28,7.658534965477118e-6,3.217731299483946e-17,1.2258259570188563e-8,0.013901827905647842,0.03910369366892058,7.77126696188823e-18,0.005199540656013399,1.559892106580509e-18,5.703213085865009e-65,6.214311473820053e-20,9.488268293268458e-5,1.873580948531434e-10,0.003832882694032386,2.013506666617129e-7,0.07988688710913959,3.146748902113419e-20,3.4148621244523025e-8,0.2772131440426334,8.67308870339258e-55,9.590300066507571e-12,0.011037825492258317,0.027676738496630347,0.0045075190374158506,5.755094227887282e-17,6.511412367621876e-13,1.3138230728127696e-17,0.0013966811732251234,1.9547769612602628e-5,2.6535025104630264e-5,0.0002446465269971205,0.10227938329313722,4.397182252991894e-30,5.115266457838939e-15,2.2914339620167206e-9,1.5856102689556594e-33,5.842425668957478e-13,1.880179527504146e-61,7.144785294585042e-10,0.0015747015639925343,1.709323407935279e-32,0.00018780465019628277,1.1240068503291607e-26,2.0060533443911132e-18,0.0017738678697960728,0.004792795893029342,1.0656939568462747e-24,0.0007082638407747978,2.852158875638663e-21,0.019674145994154874,2.1156795657430817e-11,1.0424009372750714e-22,4.608118422015598e-11,2.1714106202355212e-21,0.02757686549097947,9.348867724992588e-30,1.0917536885132458e-15,2.4453937162838534e-24,2.8893066404124924e-9,6.068962550605051e-10,5.665819406804068e-11,0.012095727555957,9.993234115487843e-42,4.6905306714534666e-9,6.3524963964843195e-19,1.0388927466335718e-20,0.3371209681595075,0.011898642527446749,2.2729665503082737e-17,0.001988728433472173,5.41188410455348e-7,1.70637880754957e-26
1.148182032331784e-23,1.476304228051041e-20,6.685622516083514e-5,9.067300306426375e-9,0.02491163139657511,0.4054474039466165,1.5188697667212272e-16,6.020631501556761e-15,3.6210615742685986e-26,1.3482855585501833e-6,4.851766518148793e-15,0.0015307280046610449,0.0006859377107882523,5.0194017863364306e-6,8.0323619639426e-15,3.530115604015505e-9,8.597409115782388e-12,5.0169914318637705e-21,9.281588593117619e-18,0.1639481227492899,0.012091970560128638,2.0740671201376123e-10,5.114366056716275e-7,0.000527858746446685,3.693865116971774e-12,9.833676937433742e-5,0.007284903562590358,7.17644377975975e-14,0.0768241622026866,0.012089367555885216,0.16317542990528006,0.0006911343794073686,7.591663332160221e-9,0.0014954208103672084,0.0008002090445149635,6.4732265176761405e-9,4.657899398429453e-6,8.154642516128361e-11,8.736478817319164e-10,5.931082511510778e-5,4.733294711729865e-18,5.461503930358062e-12,6.1686635215053916e-21,3.2002548246704765e-20,2.0429427776747733e-13,2.1018540985782084e-25,1.3837645739167137e-14,0.05997946573240764,1.6192313068704335e-9,1.1752619136935283e-10,2.809742247072387e-24,1.1020304554533783e-15,0.0008897869099925819,0.0003686303213434111,2.0511783012294367e-7,0.00032106176609881295,1.343104065557575e-13,0.0018324718744791861,0.0011373412956975518,7.965445081942428e-8,0.05071024670354244,2.080178087808127e-7,9.878105105974756e-5,1.62190709276554e-28,5.191775374747392e-18,1.1005216257251743e-18,1.720530087847642e-18,2.716763053495785e-10,7.223065109693857e-15,0.0011876511956949872,1.6411105500309133e-32,0.0027657862258470968,4.7316070092160915e-17,3.9377704373778724e-6,0.0015162252780247046,5.183605934239797e-13,9.30696099335628e-8,9.52570202671194e-8,0.007447581166421161,3.2193283464317435e-10
0.000750441363784946,0.0027930217004484047,0.0026695852570471404,4.0306523035647177e-19,1.6285814497973434e-40,1.273703732815418e-18,2.1694672958821864e-18,1.5427744230934446e-12,1.1319017551980818e-34,5.301816441729168e-13,5.693894781663036e-14,1.2265566540195609e-6,1.5439375209608617e-10,1.7833597473350286e-15,1.28982364476854e-16,0.08250034814576268,6.834864157005872e-5,0.09622229114861124,2.652978041961229e-27,0.0011494916896963487,0.00292351916325767,2.220185010035538e-19,0.0036826133869990547,5.715453747446908e-18,1.1052678627047118e-6,0.0002691211846509863,2.030962302852642e-17,0.0025434610416297646,0.03733741343411283,1.4332581702837877e-27,4.527467385955032e-14,2.1263299101016204e-20,5.360866725021026e-12,8.935500958003841e-30,1.876332293757609e-14,1.9319228053898176e-5,8.5792571931753e-50,5.960152528402524e-13,0.0019200968776906346,2.0032660663777098e-16,0.6704552582137772,3.1324133753905554e-30,4.3502905672078825e-50,4.372566217549224e-40,2.9168453072670864e-20,4.390491942499753e-36,7.472040551833232e-20,9.054733415157945e-15,5.739469655070744e-14,1.2218709263547013e-22,1.3272701062651997e-9,0.0006667054733612679,0.00048806103388482065,0.00012879745475955496,6.160634983437681e-14,0.0004937582939650349,3.199381141050728e-16,6.379169985626341e-18,8.190496510026554e-17,0.03498164621574474,1.7426409024881262e-5,0.04335706888645735,2.0899596101805283e-13,1.0421846243126269e-23,0.00012546891892971623,4.2443722412566144e-21,5.193288678989316e-46,5.089740455353125e-6,7.704458215774071e-13,4.881014385823858e-6,6.675610066279529e-52,8.395243146769246e-5,4.456332287857333e-11,1.1555719107508006e-12,4.181165478650318e-15,2.4682889074440577e-10,0.013109428586451394,0.0012310505076403714,9.483859584158623e-10,5.671322164573266e-35
6.078296313858731e-11,2.2377894545168772e-17,2.0691137680525196e-10,3.273768977552766e-17,1.1269108098844322e-5,0.011948549725013056,6.786752609362523e-11,3.656629617773184e-13,8.050788615711153e-20,0.011040590995796327,6.841831556699088e-18,1.6549888357103672e-5,1.593803057909626e-5,9.47142652706597e-10,2.9647173256720475e-12,4.1007249597275616e-8,3.651444540110134e-10,1.4310748375320006e-20,1.2592538828835135e-11,0.00026228538557073437,1.1460494398400439e-6,9.884439658364582e-12,1.024828025856802e-6,0.4823514560765317,2.1729454227567534e-12,4.2756569272611275e-7,0.0011622867825593923,5.784983883546612e-15,3.829591464128933e-5,3.829124365667139e-7,0.004383529997188209,0.03281681384229378,4.740982943933222e-11,7.516111052156553e-7,2.346297202513319e-8,1.8332722558238278e-7,2.7190526910671835e-18,6.976407311296541e-11,0.00012664369575021378,0.00025416593078028633,3.8648317234226317e-7,5.0112209568738825e-12,7.223031484121287e-20,6.967005213846379e-9,5.707201329411515e-11,9.274063908942218e-28,2.1884349677467968e-14,0.0026691856047127063,1.141926098521664e-18,0.004838989469158969,6.466727772326551e-16,5.249663717191604e-12,0.005107904102387942,0.03989050631785294,6.639658861715705e-18,0.024600949845729525,5.365485195298689e-16,6.495193827768398e-5,1.421612841341852e-6,1.901970677915261e-12,1.2051594609832065e-7,3.15368256667003e-16,0.030268337344127694,1.1977152936223075e-16,1.0337910287030401e-13,3.966235631531121e-19,0.023421699099165503,3.4247278263536314e-10,3.91446573584862e-9,5.126871074121289e-5,1.9807586487408997e-28,1.4337930677388493e-7,6.201468795720356e-14,4.954772365763927e-15,0.3246211337451466,7.085993707548398e-13,2.105978953168938e-10,1.1835604646520395e-9,3.0625707546899e-5,5.505329944130823e-9
1.2403314916933474e-65,3.8791659006884845e-13,1.787371804928409e-26,5.5806972084917445e-55,1.7928083458478162e-8,0.007787973332605284,3.1123387669088755e-7,5.9409156024049375e-12,2.9092479692030366e-23,1.3835688665100808e-13,2.7307227012969572e-12,3.978300513912056e-23,0.004584274575692754,0.002775511355348907,0.006246594197205068,2.7857200982779062e-42,4.955169642410115e-10,2.3287012734223975e-60,3.046127824248844e-10,9.735815602872093e-19,4.177972270199322e-42,0.00047925368764083806,2.4795366139872362e-11,2.0750250512935144e-7,1.5894044887978318e-20,5.451922611767476e-5,2.9393398478761423e-8,1.5684732933189127e-68,2.5129162600923113e-22,2.1119787552043957e-7,4.284350815551329e-10,1.7136547797588178e-8,3.4090860206389973e-29,2.0745725555469288e-11,1.4157691924975143e-40,5.570600024655017e-35,5.089171939938397e-5,6.879365145324287e-11,2.979070934796338e-5,5.418749011019967e-9,2.9752709234738197e-66,1.6433034567889793e-21,0.02096979801151115,5.213910579202993e-16,6.55486978543516e-14,1.7903759436304486e-37,5.204457924167183e-13,2.3131383308879084e-13,3.8271965008378354e-27,0.00457080193494539,4.8280732499476683e-14,2.979961724647185e-12,6.045548608194294e-25,9.338875432239014e-14,6.531684398594617e-33,1.0145622146605913e-27,3.1203262727728415e-14,1.0385202824526247e-7,1.0554001254796454e-38,3.6530603951222223e-22,3.2136245549813395e-24,2.4030826505381018e-14,1.143135899517112e-5,2.142677376347634e-22,7.07761071316218e-10,1.454660568874404e-13,0.9483617152328648,2.90263471953023e-5,1.1395436376172122e-47,0.0027022323446795394,8.728131151567382e-25,0.001290367035612625,4.9830782828263266e-12,5.8808546992130974e-30,5.452299538901167e-6,4.946089885292865e-5,5.1229516064061533e-20,3.9326123157921247e-13,1.4113249940387124e-20,6.888577856678558e-15
4.16243425824922e-23,3.143444764621598e-7,4.923276331745119e-15,2.761515985618445e-7,1.0882386773620672e-19,2.1217367572171624e-15,2.3820342523365564e-12,6.682769284271424e-10,2.9088084711135255e-5,2.6482038725644837e-9,2.1338604704558596e-6,3.071936589412596e-17,7.644719768624486e-13,1.7293177775639424e-18,2.6919526369411454e-5,2.030244317893032e-19,1.2282264480112329e-6,4.201569983075021e-6,2.79462080069787e-12,7.141076305062238e-23,3.805898403404592e-6,2.356176599191802e-12,3.591545796406266e-8,1.766916319658731e-27,4.6126430149185925e-18,1.4311414660683388e-11,6.786817083914382e-18,0.002686223380070206,2.2406828943203218e-9,5.711699060169124e-16,1.661537419309568e-19,4.810183622665358e-29,4.684511876249817e-10,2.338241794065271e-20,4.074951061742757e-15,0.0006408943138386105,6.788061251827017e-26,3.8711471455641427e-13,3.033582645818374e-20,2.53287726062324e-15,1.6726980456890539e-28,1.963109976156609e-20,8.753986803979643e-8,0.12128169523869364,1.0067997348189116e-5,0.855912246119669,6.2401610828324e-14,2.3143752998887404e-21,1.1083834994599773e-8,5.788731668109142e-16,0.00010664482994795943,1.79381701900865e-5,1.3486523266172246e-8,2.902259984615263e-16,2.0181517949701298e-11,7.928961585011375e-7,2.2807430154742347e-8,2.1651305488054153e-14,4.1999064780874615e-6,0.006040034218621677,6.894112269124449e-15,0.0005352919221071105,1.0526455131330074e-20,7.70043006607742e-8,2.9488420393918225e-7,0.003189534136366951,5.389970379874579e-22,7.260903568810042e-8,0.009500973246331139,1.9786229204917877e-22,2.6113961615930824e-6,3.378188913518032e-16,1.687195239483124e-7,1.0309236941099406e-8,5.731960690586507e-19,4.902332135801199e-11,2.084078924754309e-6,4.908627083013078e-12,1.8231213256385488e-19,4.3857128794938024e-12
4.4602403771928054e-10,4.3121450308173607e-11,2.386795646657767e-7,2.6043155803606432e-23,1.095841182650007e-12,0.023245635317166377,0.06896262847627055,5.172028511800355e-7,4.064880854419428e-9,3.8708757107263745e-7,6.854750210353469e-7,3.388814711293939e-7,0.0014107072347036866,0.0022697236935238013,3.0456710509469345e-5,0.0004447111847009559,7.828046222670593e-5,2.5534622401044436e-17,0.005385648663715624,1.303310298671041e-8,8.711706045473403e-11,0.2674604433900828,4.488017255564214e-6,5.0537310066399135e-8,0.0018124287954343246,1.9082302738444017e-8,0.01673394563096273,2.20371643762653e-25,0.12323648489302695,5.4417237651704276e-5,1.9843883754525804e-5,1.6158475031351802e-9,6.760286786489756e-9,2.791499173148875e-9,5.30555911997573e-17,1.3615444739958647e-5,7.339504422491588e-13,0.01853063253333247,0.2950787494984566,0.0016691898956243316,3.577246818221494e-27,7.396582898651508e-7,0.004371794892247553,1.0819303546988758e-14,0.0017627854687323745,1.9281862856387904e-16,0.030265349035296138,2.7511860641957166e-6,4.313631619530183e-12,0.019989521025099554,1.875117975780647e-8,0.0033274521602186,1.4920729607570752e-7,0.0005198244603918453,4.736121078215765e-15,1.069348072955051e-8,1.5959553555027827e-9,0.0013981569540916026,1.6369168700604853e-10,7.3515639234106e-8,2.8475788480163794e-9,0.003057236760482742,0.0003294024268968089,3.918232699397552e-10,0.005633938049298415,1.8347120896973385e-8,9.62141372554474e-10,4.756391255668505e-6,3.9497611406845384e-5,3.3128451809164264e-6,1.2175772813499408e-11,0.00013141136378812777,0.00019774442766983634,9.064236074747785e-13,2.5734482644451177e-5,0.04432130830029134,6.787893470673488e-8,0.05817263125209025,1.0123296560760301e-8,7.214542009678828e-14
1.2487613229612302e-26,7.23024737655731e-8,2.913696949114756e-23,2.0767355082650242e-15,3.3516665483116573e-11,2.0417763280575123e-17,7.565229938460588e-6,8.631096682535207e-13,0.00039807663618534776,3.502528722059453e-14,1.4292881000141339e-11,5.927576178494449e-25,2.487357731858353e-7,3.0205460249203405e-12,3.498882450631658e-9,1.1434869587253694e-12,9.432508838165817e-7,4.261839047909939e-19,0.00024929807057998555,1.4162308611794752e-20,2.7537757737521126e-23,6.352229371240348e-6,2.3018754195360148e-5,2.2289769293712706e-21,6.776194772332615e-19,2.4413816613075727e-12,8.808797368854447e-20,2.9723744300879725e-18,0.004855974743493259,1.6685837059105606e-20,9.647925639001673e-18,2.2653495863889732e-21,4.534025987609684e-21,1.3580839298981644e-25,8.66723405202456e-26,1.2580110889972147e-6,2.149728620466732e-15,8.733200175780703e-9,2.060329042867081e-11,4.716843998890352e-16,9.977587404364928e-31,8.894465768640968e-16,0.00011856485698941765,2.9269671258627205e-11,5.0487313890048136e-6,0.0036848620560496633,1.0524231971662168e-5,2.8064005472584556e-19,3.066276798451855e-8,1.6017554574827232e-6,9.575980353899088e-5,0.00810541234672542,1.4793749082548854e-15,2.1698643699267308e-16,4.9623929314436176e-24,4.4537686928014946e-8,1.4204798265408043e-14,1.5428349017493365e-17,1.5581673251579023e-19,0.016224426363401562,2.9588968220246886e-22,2.0464155678021565e-8,5.119835766912345e-17,0.001741560797320159,0.0004977883400619623,5.0001233958253783e-8,3.021707864979548e-20,2.875171557515109e-10,1.3677446111402206e-11,1.730082559204637e-17,0.9639589592462255,1.8183467303328399e-22,7.62117357664333e-6,1.597318143189945e-20,1.031601926718708e-17,1.2554872190489517e-7,4.7784802541517415e-6,3.74412727895685e-15,1.457938316978747e-22,1.0017096053015953e-22
4.777553217527787e-10,1.6048026447402936e-8,4.9966416467854054e-11,5.210763080870654e-19,1.3661857312357878e-13,0.0034502755339930057,4.4345532085930544e-10,1.3554950651662798e-10,6.865559555902836e-13,0.00011305937745018613,1.3835909890690052e-10,4.999691802413783e-9,0.007252777365457166,0.03944133635052753,1.4390194170007528e-11,1.7446987592763098e-10,6.263608521288456e-7,2.54302246663466e-17,5.918466191588506e-6,1.0584790834033195e-9,1.28733567534155e-6,0.00011492164054681281,0.003522370333035893,5.405995842036156e-6,2.7395502809479962e-12,0.00015740699638185047,0.0008720712372306842,4.546949097983978e-7,0.016975253903581518,0.006436966119920975,0.00011333524048079245,3.0633131710831015e-8,1.9007509424306325e-10,1.0231625348359283e-8,2.318938884692664e-14,6.263085616048175e-8,1.1817911275061073e-21,0.19955625269304575,0.00015957058245219953,0.15785059691563472,3.952072633506369e-6,0.006236271238893847,0.0010974181039785948,4.038724154532188e-22,4.979692330738609e-6,1.1911297833842146e-26,0.034049135636140676,3.5210477836331035e-10,5.255136992525839e-12,0.01138003524815168,2.3238513384433616e-7,3.451604642310128e-6,9.565404702112894e-5,0.0014448055053323861,2.0877701091580518e-13,7.298358399486922e-6,5.715927378867203e-10,0.1348851837458768,3.779786449917002e-10,2.743026449523272e-6,8.391727661368443e-11,1.7259830209512928e-12,0.06304957482832607,2.918504259513611e-11,4.029324080760866e-9,4.802722332377823e-6,1.0427809142025074e-6,5.9750773786405335e-9,7.293415829373168e-5,2.1743688842858804e-13,1.0917712149350191e-15,6.941462685284163e-9,4.92276804337352e-7,6.651361370209069e-15,0.2994123291307722,0.012201169431597887,1.3173575468513161e-5,3.2876830005603564e-6,6.820666490432073e-12,2.2729036533827802e-17
7.808027694732553e-18,1.218603626700174e-16,0.16146223400060503,2.3544720443070176e-6,3.0877249226785506e-5,8.756412764473169e-10,9.29704081989598e-19,2.51432729383637e-10,0.0046474238373979005,2.7627664602908536e-5,1.6613326834716866e-6,0.13213028918329642,1.5142286575564027e-7,3.822649685903927e-12,1.0530720031030428e-14,0.001326374504891041,5.010098691761365e-7,1.4015491323048207e-6,1.2239702027434517e-21,0.002706029821690936,1.4268900679447224e-6,2.394839364097066e-13,6.0908819251148695e-9,1.9807508626002455e-11,2.1203426457667285e-8,7.277407717224868e-6,1.1168095067964086e-9,4.866959977430918e-8,0.002833975456659947,7.884175989634793e-10,1.0881469246235225e-6,2.224210120790513e-16,0.04982702858793589,0.0004295327949305943,0.19470731466958324,4.827294876477056e-8,3.237038963068792e-14,2.6414629073064707e-15,2.041269501082354e-18,3.051596173358936e-9,0.025657460609328935,1.3205086276837066e-20,5.035532685166665e-25,7.526159746840595e-10,1.8459205421404884e-6,1.9052782253377015e-15,1.6298085549690177e-19,0.0016640157032301326,3.702391636782275e-12,6.508610425606712e-7,1.4429415501699652e-8,6.501334257087316e-11,7.363952714313364e-6,5.3386736217612326e-5,3.228306518503511e-5,6.263970973907452e-6,2.687440229461701e-10,5.6480184148182354e-11,0.031819614961037274,4.783724019525746e-9,0.1854301529059745,1.5280266611286612e-5,3.553588582579937e-17,7.471188230964073e-28,4.4790951197576225e-14,1.6532307871338614e-13,6.718722575790005e-25,1.469384052445321e-9,7.73472953081923e-9,3.9633656157617114e-8,2.868917400686734e-23,0.00928567508233207,2.5450629116280304e-10,0.01468769923267947,8.648300617798221e-15,3.038811518287244e-14,1.8789064427743293e-10,7.0775368242120656e-9,0.17609920411435018,0.005094325553335231
6.448039717123395e-14,0.033979158156431925,2.2966845330725897e-12,1.3688170369695631e-5,6.007622675732574e-33,7.668669112252653e-29,8.960638066113472e-8,0.0027242264282160357,0.007852844158968648,1.836573811168408e-11,0.00021697928525507,1.3031403954362e-11,8.382839389957999e-9,2.3009411305572707e-15,0.35253044456656185,0.012507642793482994,6.950213764136879e-7,5.8178550982678084e-8,1.2769609075200039e-6,2.085481814267011e-25,4.3275604595887614e-11,1.2503611833861656e-13,5.926951909544068e-5,1.665365899983654e-28,8.721905883964483e-7,9.72472910397727e-9,6.0331849340747e-28,1.217169556610076e-10,0.01830350803222814,1.7786120549715815e-25,5.1082321452921286e-24,1.1480206872249558e-33,3.8836557533911226e-9,1.3545929469416006e-34,1.439633385345195e-8,0.008844325770106435,9.544368405115355e-46,1.942218099857955e-11,2.9982476202167126e-19,5.994219784026335e-22,0.001336611829749511,2.4689573788777146e-22,2.268203061070908e-18,3.0956357297001998e-18,1.9318742649875182e-7,0.018331244769948917,3.948827855304082e-10,3.246144540984985e-26,0.004418083660628462,6.853387263936825e-23,0.38487301396778323,2.626205703501213e-5,7.6829730419861e-14,3.712991152894655e-12,4.97499913469613e-6,3.8442840730676357e-5,0.00013251305246014412,2.374719570869946e-22,3.1553972970547646e-15,0.023203820197432723,1.9388593405722357e-11,0.0013214189599998444,1.4647963034180941e-27,0.020948285045921215,0.0008117984847720637,0.05055572030979767,2.2078969056646782e-48,0.05127851756844336,0.0049237671461002785,3.555895043119742e-41,1.8837153118032183e-8,4.174852769068209e-12,8.113168586972848e-6,8.342473960202122e-8,8.163249931088153e-29,2.449076373629416e-7,0.0002613146859824862,0.0004904410319182602,1.8913206933760106e-20,2.1516564381206446e-37
2.0818749925162357e-14,1.1710071218716003e-30,8.137052573041793e-6,1.9480143194033352e-30,1.6258148020475108e-10,1.639852027888163e-16,2.3307429607068059e-38,1.1943692717980123e-14,8.338885239560125e-43,0.005186569933800415,2.4385624758171e-16,1.3633452865278811e-7,0.04959570866599684,1.5041906580750109e-12,1.4053838301895319e-21,0.07985804520840803,7.765839704687107e-23,1.0662226140463862e-31,3.769085993531825e-43,1.9733266830201e-14,8.308989719494029e-14,5.282184836431111e-21,8.457440804732974e-8,1.5994313524059112e-25,5.652966979575173e-12,2.682962444439702e-7,4.6202539370300154e-17,9.931459192346922e-37,0.0007468512143989389,1.7391445597271722e-23,2.0761140502627892e-13,5.633621010910572e-22,4.343279583270848e-14,0.051809411345290296,2.6191483271909333e-12,7.835078550453606e-9,4.7193045095541174e-29,6.469420947332284e-24,8.259932861729504e-29,2.455157977028239e-16,8.43757974418981e-6,2.532580862518176e-33,4.88893429771724e-43,6.33097916339751e-30,2.983984191597087e-27,5.790757831081934e-67,4.333813714067191e-32,2.590272240430492e-10,4.261753465484097e-34,0.4396047503494625,4.070140000241521e-36,2.64285672929212e-29,1.8304727789262573e-9,0.015361820255031128,3.5685509114754836e-16,1.0136176669293923e-7,6.431536257554671e-23,1.5832386319008098e-20,3.6323972554333373e-13,7.621139397955343e-20,2.817952794466748e-9,5.865395760042406e-23,1.118274802747334e-28,3.423565112096817e-49,4.6962297415677567e-26,1.3884940176612076e-31,1.3437336956729142e-33,3.867684332024674e-12,0.09803292339759564,1.7372941611458793e-11,2.4530200034137322e-55,0.014576494906785316,5.181983405925885e-25,5.449060645221614e-27,2.959529401919935e-26,2.210059292039822e-12,1.147404562112438e-16,0.24521024657032317,1.3187759141394589e-11,1.3639901775825005e-12
5.474540902562721e-32,7.194050640740414e-10,3.128046062628473e-19,1.539410526645159e-30,2.725447059520803e-24,3.1120808015450153e-12,0.027033077518445234,3.905869916141254e-6,1.8817153228559236e-6,5.4282363175738915e-11,2.390687256159846e-7,7.739140950739085e-19,5.556744399263352e-8,6.120621668975112e-11,1.2382107300083532e-9,2.3161762257970226e-9,6.720917786740062e-5,2.2891893294920482e-41,0.4388193874871345,4.519328142500007e-25,3.0116329705014265e-18,0.0050355183106977775,6.072472798577368e-14,5.665418989366774e-25,6.409251023613729e-10,8.153489953006782e-18,2.178325086260423e-12,5.305375590384916e-36,4.2844033046842497e-7,3.80654024767172e-16,1.1990647910005622e-16,5.341612097921007e-26,1.1594634305890845e-14,1.1271495523456207e-19,7.34756328114985e-28,1.5792061114650041e-16,3.516194325914558e-32,0.07644653455083335,3.962483058334992e-5,1.387964298467523e-9,1.3526511208422634e-22,1.0822885147772482e-14,4.937501395153507e-5,1.4509765918195864e-30,0.0020233367719711087,5.630071499226412e-16,0.00028933741600030096,2.432849933221422e-21,3.587088667460158e-27,1.4364106282389121e-9,0.0005307314874583957,0.35882537725787933,2.349343780721634e-11,1.3908948954907738e-11,6.9029528982568845e-19,2.210597910926719e-25,6.345542463441008e-16,3.657566174355138e-10,1.1060991303579963e-27,2.9205900714685057e-25,7.977496796967385e-24,4.896457474008532e-17,5.4399795220251946e-11,0.028010924383713484,0.04420408635742034,3.25730961543773e-14,8.94801372890295e-16,4.6545087796967916e-8,7.01869189289312e-16,6.493392920153149e-22,0.01838509308293793,1.3139419789663646e-17,0.00023203545172144365,5.193861515061862e-24,1.0346247189224933e-14,1.7745104094188744e-6,2.4837540669067435e-24,1.0866588977404847e-8,6.111715233748842e-25,1.8623367032183312e-31
0.0010055501196115266,4.208073835995606e-12,9.989881721452984e-14,1.4887992371156485e-20,2.7652271539907316e-19,5.440278806912511e-5,0.0014047712294923504,1.4857906555874814e-7,9.357361819320527e-9,4.129309036146481e-7,6.112985962727748e-10,1.286559829752904e-12,0.007647300650742732,1.0129293079326994e-5,3.779694464552639e-7,8.584229934305216e-9,9.96948184366822e-6,2.3145708874589997e-36,0.0002684368430153646,4.3974234997387146e-13,2.974146139245624e-8,0.23568347569083514,0.00017752702932774916,5.616704654216886e-10,5.710469178285074e-7,4.559344777885034e-7,7.953958625736104e-5,5.60581664897471e-38,0.0036155687699454615,3.1872777347877253e-6,1.0428803087686983e-7,8.213456313015102e-11,9.536805787126838e-13,5.1373728649563864e-20,9.634766086655498e-22,0.0043682502885214036,1.5643853846991654e-9,0.4462686454320055,0.04633829879498219,0.00011475064065568735,5.297158802625728e-33,3.70020297331975e-8,0.00022629119131978677,3.677113879468072e-24,0.015527309564335718,5.41275802783804e-21,0.09943844772429651,8.363793321553364e-9,8.943148018370707e-12,5.734243523897777e-9,1.8961915399579373e-8,0.003197957276680946,3.018338515576198e-5,6.2128468065315104e-6,1.6378576188126627e-17,9.395689555577636e-9,2.2174617172842316e-12,0.0010010826195883749,3.579351402644585e-16,7.0426300339847725e-6,3.7979813866414503e-16,9.684413209099649e-8,0.003906352806196849,7.638264550714912e-11,0.006629338496068767,1.0614233123658028e-11,2.471254624359229e-6,3.6019955958190802e-6,2.4614724974484973e-8,2.8910745282476796e-9,5.133772452495747e-13,7.369301198554896e-11,1.0545017971486895e-5,1.7342377585734318e-14,8.815880167943024e-5,0.12184175228452802,1.610256474630301e-6,0.0010295126941601465,5.1540084667778075e-15,1.125706035720101e-15
7.143071581789582e-13,1.5669938496959784e-13,1.6547374592276695e-7,0.005114995707918731,2.587587851416475e-9,0.0002260873642691673,3.32995835137447e-26,2.1093008965516653e-10,1.7625926826126216e-7,0.0006398540081474411,5.202780648801495e-10,7.507332756243208e-7,1.6067002146253082e-5,0.0009349532628207972,5.811709879061188e-9,3.800694534894949e-5,8.144880724613384e-15,0.006907638070467755,3.659424874553104e-14,9.47942368568258e-9,0.5446378101577487,5.828360691605816e-13,0.0004399729279169929,6.512802986229613e-25,2.9387329745593376e-8,0.3045220192739086,5.029948257022866e-7,0.0005895772205813272,4.068644729186337e-5,0.0054112804823357764,0.00020603932692274374,2.465693769768064e-30,9.71316282266813e-10,1.2307618170642113e-8,7.244290306111663e-5,7.360004892123574e-7,4.398546394827835e-16,1.1841389837442665e-8,1.468491288208208e-21,5.827476644796585e-6,9.01233999383464e-7,4.1512889804583734e-12,1.7696459793826416e-16,3.9738311311599076e-29,3.7033629714559977e-6,3.795919857376121e-18,6.405041489095122e-12,1.738643756844751e-6,5.073478184327772e-7,7.666111979107545e-12,5.949340059009373e-12,3.601163697727343e-14,0.054763564419946315,0.00022129366610548147,5.849627661394605e-7,6.624603216319649e-5,1.3626445381773006e-9,0.00032725682852769,0.050189173652362855,0.0013090569672316622,1.353193769891017e-6,0.02059712614411394,6.2066258890268954e-9,2.6334780218565888e-18,2.12536315739905e-12,2.28585406768786e-13,8.290220371785277e-32,4.958867243608334e-7,0.002394261614735659,6.741847037231067e-14,5.841082494765224e-21,7.337619220454898e-8,7.577568276763077e-8,7.42499013725897e-6,7.015268433284308e-10,5.11494462316207e-8,4.213293173395871e-5,0.0002672939519164851,1.2412252948904964e-8,2.0980744453382444e-19
5.836856174468141e-11,6.740152858178793e-11,7.197804600605095e-6,1.3389232186972938e-6,4.659649289098372e-10,0.002120355794608791,1.806182176246565e-22,6.187237134025161e-8,3.358693053881486e-20,0.053123001155278855,3.3112384738758945e-8,0.00015921880411432827,0.0001679736749751489,4.7596462734865156e-7,9.067748554756474e-6,0.0023701438187060525,8.219939467986684e-7,3.9985351311017375e-6,2.1074078861120086e-18,0.0003453731033269129,0.2910696023846115,3.969087987813722e-11,3.0557830051766386e-7,8.071032025516043e-15,1.382514022120528e-10,0.001076822900239098,3.5612614626671056e-6,0.052131924779825825,0.021411817781610765,1.162754291080127e-9,0.00013024172544429704,1.6837401034813243e-18,1.8591812384698922e-5,5.3546101354572336e-11,0.0002234398599982231,0.005636815477172192,2.981184764892601e-34,1.38776578664411e-9,1.5607532652213511e-16,0.00014815558308856609,0.0001395305522955145,3.438055792036815e-10,1.227158599658519e-27,2.9391692581809216e-16,4.321941114304837e-11,8.179544103832622e-35,2.6551528677213344e-13,9.199484393361959e-6,7.742372689061369e-12,8.003389963555062e-7,1.4608313129809905e-12,2.9773134898808734e-8,0.0010003991297948725,0.025216272324834543,9.237276202370161e-10,0.021086857804408346,1.8876005409767364e-9,4.4594753394122427e-7,0.5035947872045797,1.5719496511600024e-7,2.418745075979639e-6,0.01744458784202755,3.1479413437918824e-13,1.2295918410272565e-18,2.229765323892608e-10,4.281418780094518e-11,4.332623328697716e-33,1.1074542606303167e-6,1.3812739544968958e-6,0.0011030463431995524,1.841804451080503e-31,1.0779887545658829e-5,1.6339288149120794e-10,1.6145240571619542e-7,1.903325475668823e-14,9.324715228664182e-10,1.4495929638485e-7,1.7709753931607375e-6,0.00022577191835435428,3.325879568187989e-15
4.1640913752660966e-11,0.04078256983522044,0.03988872574788595,0.0002554208358117644,2.5365214568462825e-21,5.413291163306803e-20,1.8866254476386976e-15,0.0027699202581178096,4.741132248149488e-7,2.397089405775146e-8,0.03106917068329116,0.00016191760244847758,5.006724545719543e-10,1.8905371223370917e-13,0.8431497433239599,9.594359721889908e-7,9.339285844810377e-10,0.0016990187203937913,4.512721651212359e-14,2.6906645151291442e-15,1.677539256080927e-7,2.4303662644271244e-15,2.7444142154473983e-9,1.5570496934862441e-29,1.140059887770863e-12,6.255999572257839e-10,1.0944790614265387e-19,3.4310626467765305e-9,0.00012534563749703326,4.852815394961664e-19,1.4795489386883696e-16,6.642581716195689e-32,0.004104320612648864,1.839031808639745e-15,3.0105575647883115e-5,3.5746438771950817e-6,9.112741010078827e-30,2.0435863421217446e-13,2.0670805790294153e-22,9.733138091089544e-17,1.663669609370511e-10,3.8688877074093046e-20,1.1127321572206628e-17,0.0005961661062769073,1.8548415209355143e-8,4.719214867620534e-10,4.093110098965564e-11,4.744516896963799e-11,0.017034505604044486,5.931171193726708e-29,0.0002922153069246939,6.427390358886129e-8,2.972928070550809e-10,3.579386126282252e-11,0.0004711067669578907,1.1215207258693263e-7,0.0011226540860249361,3.3609684536707177e-19,9.076926607651452e-12,8.035045721741561e-7,0.0003290501384897217,1.9712786774129146e-8,5.233128621865514e-18,9.022171991495376e-11,1.7794747497929364e-5,0.0015973263779074556,3.951631242979617e-14,0.00037762754372504666,0.007182083824246121,1.7061788346676664e-21,2.0890809937930611e-22,0.0018050239682074595,2.416933580055901e-6,0.00512644347700439,8.207915823310852e-21,4.041918116265916e-12,3.6248735042661556e-8,8.178718195044488e-7,2.2444898380712114e-6,1.2411504065276473e-10
6.2822556110729795e-6,1.6199077418051306e-19,2.9672079697017864e-17,4.6409185460058784e-8,1.189944270559172e-36,8.174405596926369e-8,1.575786155736047e-49,5.794209773857669e-14,2.1879148763154228e-41,1.9161263183219217e-11,8.603232588876493e-15,6.157533055356432e-21,2.9064865011557377e-8,4.891307047311392e-16,7.501723741223241e-19,0.14149952140803118,9.824448862961428e-34,0.24397693297037512,4.796857331687113e-40,1.4131988250990846e-16,0.16460249521470777,7.160246999355816e-23,0.01635430313288406,5.336863425630136e-31,1.551232171213115e-9,2.0013080074603244e-6,1.179562621741506e-10,0.00024130095225735742,0.13709403985984936,1.1469401643185523e-24,9.223649872648139e-10,6.937868041972062e-45,1.0061202823870022e-15,7.867744148466314e-33,7.852997042452208e-15,2.764318418162025e-5,7.857052543873716e-61,5.866485507874455e-25,4.6746556509668775e-46,1.0806532888903935e-15,0.0932935719411082,0.009681474090941057,2.012263916566686e-36,1.3049368716336005e-29,1.6746081568236208e-30,8.941387562772206e-34,5.655137475481447e-6,4.064145072261573e-16,9.995673974747386e-12,1.9071083762698716e-27,2.806261822023255e-34,6.004325202987491e-32,0.0002854845870953713,1.5319070636352128e-16,3.9062004793227267e-13,0.008135627506841924,3.206578323164382e-19,4.120689894182244e-12,3.227283313538485e-12,9.273994662449017e-5,1.450230770925942e-20,0.12188068500773544,7.699094182876738e-38,2.4051802340827403e-28,1.0000633043794607e-14,6.5349034710522205e-21,2.6545198505678975e-64,3.425567146199088e-7,1.1545048823235943e-10,2.0745827045775405e-20,7.412730169909485e-44,8.780502449334179e-18,7.134962426598811e-25,7.234765048451569e-14,1.48889012918461e-32,9.937899710942325e-7,5.560136623528067e-8,0.06281868958605523,8.993608927397413e-23,8.263668041067383e-22
3.0467979703715456e-19,0.0029747971761084875,1.80942354438873e-5,0.0002465186447428172,1.7673461826506525e-14,1.763576097609021e-15,0.004018363874768236,0.011397576559106976,0.08034245175668625,1.7770038811568272e-5,0.04819493882567784,4.060177220897425e-5,4.8188841869818744e-8,2.9006083749025542e-12,0.056819856985186636,8.83144933585556e-5,0.00022960045021938816,3.23885627568688e-14,0.005108004641849441,3.759120299985479e-15,1.865714189320116e-6,1.6535648221057518e-9,1.755074479178997e-7,5.4127139686442235e-28,2.642354045679798e-9,4.952589846437314e-10,5.3202190077694016e-15,9.291218213871535e-8,0.0007702070312076009,1.003662196910526e-12,2.5547877947077574e-16,6.270187236255823e-30,0.00016975065124439671,7.193475601085832e-15,3.654269419684349e-5,2.7123209527542066e-6,7.433523825658486e-31,8.534805658617313e-8,3.4544296898913166e-12,1.7103233638384282e-11,3.3537713695014006e-7,1.2668573772851242e-16,4.324480540105687e-11,2.7667966422084307e-9,0.0008338910319275365,2.4034892595307018e-6,4.251074613562472e-7,4.6858141089005774e-12,0.0004095132177841192,1.3169053631805573e-18,0.3399386766887639,0.05051484714252656,5.780546732281018e-12,5.5797520309959833e-11,0.00039085951868766787,4.4475970523428885e-8,0.0068693273753164565,2.569462376860955e-12,1.681275547429318e-13,9.704318274554295e-7,5.759325185676326e-6,1.0861008094875533e-7,1.5623680641182778e-13,0.04272261570524957,0.20003218609066073,0.013055839167136058,6.792387287947481e-27,0.039346204968398905,1.227874478062755e-9,2.1561667157657764e-19,5.256301058047983e-11,1.5097497239241485e-6,0.029460293584064885,0.06589150928858638,7.84757008535535e-16,8.34399777300658e-6,5.273254811766859e-7,3.51580297046697e-5,2.715034578299877e-7,2.216722398808599e-19
4.848768137202568e-14,1.004284340803533e-17,3.430655436903836e-7,3.239799985954275e-16,0.002445193482010016,0.11169791743995533,3.517313394748778e-18,2.3226062631136604e-13,7.932104067895639e-21,3.1406816760854984e-5,5.471332413811914e-11,0.001228108708028547,5.258659780947463e-6,6.87241461410829e-8,1.7960648187883804e-15,0.0004304851891152934,5.600384542408651e-5,2.6759397136060717e-21,8.691977466073207e-18,0.32108960621421734,9.427655208221556e-5,2.2132699482629749e-7,4.853775685073906e-8,0.02826343691451011,8.71478572436235e-9,6.535108217130236e-6,0.022802427320291613,1.0042332008280994e-18,0.0007919738024120396,0.0002055556724601224,0.08983973706125538,0.04677102415614502,6.7252916192042835e-9,9.196839273224668e-5,8.433803513476672e-6,2.15014597284098e-7,2.2680581699432197e-8,2.8212670943878563e-9,7.217410680556409e-8,0.0008371600562092596,7.143894675280701e-11,2.6198023353774682e-12,1.6018188099625164e-18,8.050359120473543e-17,4.808472473739311e-11,1.6087053445004701e-15,2.7660408282329736e-13,0.003019866369286345,1.503448229563355e-12,1.40915116847171e-5,4.509515511671754e-18,3.510690757218035e-11,5.9622137495440956e-5,0.027456878554795405,4.62183341898415e-12,0.003160405810888264,2.0329547608177514e-11,2.5618331962755225e-5,0.0173841082212331,2.0264026658268653e-12,3.477356114221107e-6,1.355504373282927e-7,0.041375826988414875,3.0937382561244643e-26,3.674611929027718e-16,6.20899553751404e-16,3.6564499267921677e-14,4.663024608934637e-11,5.37271688628254e-12,0.07585398614388245,1.6338869688319976e-25,3.943050924866472e-5,3.6370315689916635e-13,4.223723297886858e-10,0.20238763177778046,5.507844997244435e-13,5.185626765953421e-12,0.001542764862099674,0.0009786361694982873,3.4661751189124512e-12
4.6550547313910445e-14,1.8540098455262457e-11,0.03642709783290756,0.008935161976510349,0.0002974752386170103,4.815232169246648e-10,3.3660238958816144e-37,8.273798014485964e-7,1.2168685782866255e-15,7.989164053553061e-6,0.002010948131671996,0.0007901398185442831,5.858664690585514e-9,3.4262208259653744e-6,2.84611237337363e-6,0.01644542479837057,5.645149132659523e-17,0.002839126786928601,3.453013874883109e-30,3.635729631451258e-5,4.5254751506058445e-6,3.1566190157327605e-18,3.5832185060681907e-9,3.213970447773292e-14,5.144599590811842e-11,1.885759463246025e-7,2.6961185119452954e-10,0.2037283664994392,2.4278835686056996e-5,1.4428467186263658e-9,0.0005579944763890354,5.303213242672372e-23,0.0001469230182233575,0.013923688918354396,0.3588236738470026,2.1451561427538392e-5,5.654115495127174e-6,6.318656243253477e-18,1.637310749902525e-27,3.005306463008814e-11,8.165205110943762e-6,5.0550416733858255e-18,5.568380532299083e-29,4.28047974121943e-12,1.4013873205928148e-14,4.584545102706572e-14,2.1518269976671015e-14,0.0004092972459418199,3.3626466037539493e-7,1.2271201283330794e-15,3.5419077504806145e-14,4.0713455305731283e-19,5.335772903260407e-6,6.166660659314752e-6,0.015746638427233818,4.908043523105665e-9,1.7897622681758428e-5,6.038521473410314e-11,0.13313423990328394,1.9528770779612906e-6,0.1730767396410317,0.016101548446498897,3.1282861511261903e-19,6.999762257090315e-27,1.4800045549731302e-14,1.853682262918861e-10,3.2226026123452316e-49,2.4491876484068234e-6,0.00025568337667507176,1.3430234888025138e-11,1.265179757094697e-33,0.014022807128178903,2.6264246043324207e-15,0.001955815012162978,2.7583434231166727e-17,3.3048218513671364e-11,6.08374622457044e-9,5.999323023287707e-11,0.00022133306140313845,5.002399408765392e-9
6.5095376867525075e-21,1.3401763249646207e-5,1.0254889114780492e-5,0.00012448346822699035,7.786807032380244e-24,1.2198958870157067e-13,3.091200308588119e-32,2.0082195042030275e-5,3.8983017988687876e-7,5.5391279197619666e-5,0.0004656119490749557,3.2455718844128894e-8,0.015842114148603297,5.819804670723952e-7,0.0002749810749652376,0.011560445958643768,3.325989324067146e-6,0.0006802425496841863,4.454766839827201e-18,1.0594197415896e-16,0.008512429720722373,1.041953317671683e-6,0.436674760490183,4.7234242372624987e-7,0.0022511078123735036,4.309481635992764e-6,2.200459284981881e-11,0.00024443466785814343,6.163075659162261e-8,1.7235877755568987e-9,1.7359949452240456e-13,4.693067647973215e-10,0.00014381614245104896,7.238508009360194e-22,6.105633447231264e-7,0.016870731865458004,2.0518883747846167e-45,0.001391981918434494,3.654274638524138e-13,4.652474467502787e-8,1.008183045289027e-5,5.077688036583083e-6,6.081474404237572e-24,2.1487195753031088e-22,0.03099347957395566,0.0023448284663354427,0.005045536651299934,7.880891991356524e-15,0.0004260218243030466,5.065672866531621e-26,5.199593834182181e-6,0.028181208737398256,0.04893331256238,5.90416256865428e-7,0.002736114818897034,7.203643353364722e-6,2.0398157263098337e-5,1.0531966141492548e-9,2.213169173230438e-9,0.200678076723313,1.683922071275846e-10,0.02088811989882375,9.000152532749581e-6,6.361650738832553e-17,0.03762054191696305,7.22514603844042e-7,1.312855824001472e-19,0.022857536296340936,0.029069702446800478,2.9337475448016586e-14,4.4566505544056014e-10,3.241719366697836e-6,0.00045624423021108616,8.207925080330117e-5,0.0026060372011829794,0.02198610127206882,0.027020217461261667,0.022866174210714477,2.9907766226427226e-14,1.2440928750975822e-28
1.805681939111393e-13,8.401234505263215e-5,0.03841842584177673,0.004343538022983659,0.003872978549214414,6.87072180142824e-15,1.1199877585894654e-22,0.0007091741645137286,4.693180639833793e-11,1.9812375063198648e-7,0.14179572289413142,0.014453405749576093,3.32124058536316e-10,1.1339297455544267e-13,0.0013719705417428703,4.125850565807632e-5,2.3078192816974613e-10,0.0012525959062922342,7.361568035369266e-21,2.0397816650206393e-7,0.0013245211036588195,2.90703511933373e-16,1.1770723959302655e-10,1.2221353760794455e-20,2.576755243032503e-13,1.7720351785223906e-8,1.1529502408731774e-16,5.68208420171846e-7,6.871180817223292e-6,7.188487201626976e-16,4.227255208188684e-10,1.1356268129366087e-28,0.6615781420030631,6.103079358310138e-6,0.05039267987942726,1.7934808424222923e-6,3.2443340764010148e-24,1.684596125062846e-15,9.417336492904616e-19,3.003721455871855e-15,2.076102504330522e-10,1.0614619935250017e-18,3.9255079661364854e-23,0.00012014224222821943,8.270123276114303e-11,1.367590436104161e-13,3.0899415459759395e-11,2.8177241774816334e-7,9.345872658954223e-5,1.5429768632863946e-19,3.1932002658706044e-6,1.2587363144611371e-8,2.606099360198305e-8,7.192546945083876e-8,0.0017149243959899685,2.5696203142911766e-5,0.0015709545739351657,4.84459593731547e-15,1.2253937417946092e-6,2.256235287435177e-7,0.014925174354733445,7.984005233226285e-5,7.312421445953287e-18,2.350412759312631e-18,3.718850276659408e-7,0.004380360872342387,5.98068898845037e-27,9.29910593794496e-5,0.0014761757769249067,5.665339895375918e-14,7.68413250944158e-26,0.0077964696885724025,9.873091058558208e-9,0.048046385517250975,7.79530952882909e-17,2.876141359358078e-11,5.625634783165532e-9,1.4696989571366232e-8,1.364659276408859e-5,4.158519487341689e-6
3.5638905147770807e-9,2.315094342381913e-5,2.3613305477518765e-9,0.0016699082794588017,9.559857139612747e-48,1.7807929153698925e-11,1.8327561329604074e-16,4.4977786412895306e-6,2.5483179723566926e-7,3.4467919430968387e-9,0.00022771370959322838,2.4114472994154427e-14,7.948407190374804e-6,1.0077060714306015e-10,0.0013593096333099533,0.017220691877622388,1.2144857137587616e-16,0.11360397311682975,7.4197591901426985e-9,1.1319125782078983e-23,0.003950114783342094,4.6185600726560275e-15,0.0010523431881816234,4.47156605839734e-43,0.00018796195416444743,0.0011184511814508558,1.850883392005565e-12,0.001693197143491853,0.000591877722853957,1.5289032326199178e-18,7.312084676886317e-15,7.806252650977635e-49,1.8566473525573025e-6,8.586800054427756e-39,1.4396324647092097e-8,0.00017011012206463348,5.287603283386398e-57,4.694436920989505e-12,4.207057206700602e-30,5.898322112792673e-14,0.0006621105503907272,4.795920109021295e-10,0.0009562985244495376,1.3513291416902826e-23,9.627737118641965e-5,0.0004066673044317026,5.001333734249094e-7,1.2722606533620224e-19,0.0018916259604111066,0.0012528121120784549,1.7298469208802397e-8,7.280242909707446e-13,7.089592057596881e-6,9.178630061922752e-10,0.001423185685329588,0.020648685644379595,8.680354138987453e-6,1.4944156216457504e-10,9.979388658295339e-5,0.5561786086801018,1.6676672308745304e-10,0.17734296565098473,2.32025108023431e-24,0.003401832869037382,7.97858204639065e-7,4.865605233653878e-5,1.4335297903434597e-54,0.07846915771648935,0.003892800019960784,4.304419811998744e-42,0.0010198060235132472,3.0688948527852204e-12,2.7207114944242673e-8,0.00013855771713914072,2.2037429340357541e-26,2.452152951840671e-10,0.005561585416491546,0.0036080657745860304,5.7654692035547286e-18,5.917354293482082e-31
2.5707512138472695e-30,5.173909079833412e-22,5.9998373126264424e-9,6.088945471422766e-29,2.2279798174162727e-6,0.0012740844500303571,1.005292884263351e-23,7.925830555761668e-19,6.150462140545419e-30,2.7519772183144693e-6,1.2007281197691153e-19,5.939699611182999e-8,0.0003434748245744504,0.0006152444197269935,7.12726234525396e-18,1.3564111136208013e-6,1.956991952959626e-20,7.00664317778998e-49,3.295274306087971e-24,0.029296345715273536,7.975466018343363e-11,1.0403404186727823e-9,6.992156448533648e-12,0.25149883965750974,9.986018933283744e-18,6.9294230821804885e-9,0.016249215131781056,3.773920984780305e-49,9.654781328490011e-17,9.284414562792705e-8,0.027952636220995614,0.4927755539606452,2.2120987081121606e-14,1.7585624816551908e-10,8.059480603486525e-10,2.3636192363297535e-8,0.016295100016832365,1.2569259745557389e-10,2.0916617434504283e-8,8.9809669744048e-5,1.4651113996325942e-24,3.5959684090392677e-13,2.6820145473000633e-20,2.849656115094436e-22,6.963440865750618e-19,3.77985056036699e-48,7.55613712002499e-14,0.02440927300787111,1.5649895547885588e-29,0.0016297238523028607,1.1025581188954308e-28,4.86377273532803e-20,0.0009141843883117794,4.175740875720098e-6,1.6085147206266064e-23,6.035423512266712e-11,2.4891665021515332e-17,2.327095382856062e-6,1.3039061916412274e-5,3.406395689523507e-25,0.00012762263022798637,3.795339878994612e-25,0.027381477451918778,1.590886188683541e-31,2.087617063409919e-19,1.770342090072341e-21,4.819810054883811e-7,2.110740739905433e-12,8.80778907875115e-14,0.007463215150778365,1.658360190531693e-39,9.76871065944941e-9,6.184129295599098e-21,1.5388256355667209e-16,0.1015896318087698,1.8163705109383714e-7,3.236371055750003e-17,2.4775017838760785e-5,4.3028950968988596e-5,3.493695425787705e-19
2.516895543473018e-28,2.4223194227711175e-24,6.923171922020678e-21,6.803117783135332e-30,1.6172993403663137e-20,5.429555808240813e-13,0.004151362186609541,1.8436978165201528e-14,9.50484094844987e-10,8.848004070543019e-14,1.3044804627945303e-18,8.420114005790821e-18,1.6352312713593643e-8,3.155847062820902e-8,8.023547822054977e-23,5.0939007724688144e-21,1.2585900622399585e-9,7.179566851667496e-47,0.9101182578989734,5.996262867397823e-21,1.8817497225269468e-33,7.112039880045416e-6,3.5957518581986814e-17,1.1000375166702159e-13,3.4751483423072384e-18,4.2273666712026576e-17,1.794754760311604e-12,1.0589977986433883e-43,3.0061511692868184e-6,1.687816293029934e-13,9.499888729506256e-12,5.040557631223161e-15,1.4266649744991601e-21,1.1718676162616292e-18,1.18712798668907e-30,3.9853795696365977e-16,1.2049757956433696e-15,1.7593851157481308e-5,0.03328897349790102,3.017104393934205e-11,1.437613646921581e-31,3.067302265383731e-19,2.888682555832173e-5,1.7738937355555613e-30,4.476466690073667e-6,5.179135833530797e-34,2.996825058656528e-12,5.160800032228145e-16,3.6034506120063006e-24,7.718957635522724e-11,2.0809114363496273e-15,4.786502400153824e-6,2.8361750713440633e-27,2.830693997859735e-5,2.5229290489938667e-26,2.9516044695127996e-18,2.452816240816784e-25,2.847820312844965e-10,1.4218817139248524e-31,1.2941664701505258e-29,2.5785438170633775e-21,1.303010861063934e-28,7.677362416131667e-7,1.732464133939404e-13,8.841506173576957e-11,3.3514165004642417e-25,0.0003112941461172109,1.1947912184003212e-13,0.012769752508845749,1.261709486974758e-23,0.00015833859676035405,3.0121884578133297e-15,2.2954634349569424e-8,7.142497426048676e-30,6.527177385817954e-8,0.03910662065932272,5.060703129790965e-19,3.2515004583413134e-7,3.7448273431665113e-22,3.2033335212144588e-18
9.930326101522112e-15,1.5026110053896997e-7,1.8760836833365988e-12,4.8939923249536715e-11,3.5741987012923757e-13,3.976406234158276e-7,0.0022055726332199338,5.295266138665722e-6,3.0168743799970335e-7,1.0203692963371218e-5,0.00012251237638820993,6.168867398504599e-12,0.018070905751854938,1.92787099643659e-5,3.3411813525338857e-6,0.00024626518440418226,0.01171603548188625,1.8927049599324786e-20,0.00945657581594311,9.904702495080771e-14,1.3549517860420652e-10,0.01239576166891377,0.00010076065656407877,8.566903749147165e-15,7.75494623057421e-7,0.0003110863392458502,9.086393441430815e-7,4.2925630416745426e-15,0.0002439201861957286,1.0004141125309081e-6,1.7765199642837856e-8,6.876124463706346e-17,3.997504731688708e-9,1.5242102179912538e-12,2.9119606809033664e-15,0.00032633698293780975,2.004115264094191e-22,0.4025313116530787,0.00527071419812765,0.00015277888658023098,3.113863430514508e-13,3.9300627348914033e-7,7.076141064349988e-6,1.0723252629847287e-23,0.00620225610900147,5.003112647502221e-17,0.05352178222770496,2.6997292285403207e-11,4.331025496718562e-5,3.008746849369937e-9,1.1296652331414909e-5,0.008430584563790755,2.205644241703945e-6,4.035989917172951e-6,5.433246300677081e-11,3.4858947774602614e-10,1.7019535990216558e-7,9.883936682208e-5,3.5827195096427395e-13,5.0180756891780546e-8,4.088167005127785e-13,2.2954331557808385e-10,3.009012904194891e-5,5.315894171930893e-7,0.003975354922399121,8.038791568655536e-8,6.063769265379319e-12,5.129636978956458e-5,3.0818197927070876e-9,4.35170841797336e-13,9.334626641590388e-8,2.187167151494278e-9,0.0005644347528884432,3.5585914060745445e-10,1.2803196177898791e-6,0.4628013020175114,9.601718743055084e-8,0.001061217754894039,1.481264103588614e-14,2.140683765529366e-21
1.0015404820300242e-20,0.010569083447025724,1.1932759683760366e-7,5.820303484932181e-6,7.96608318716794e-16,5.0275938421301384e-14,0.006682097460751692,0.0007494915748030807,0.48320557172367906,6.235930259740856e-7,0.0022727408672062045,2.2032133238086037e-8,3.034868476641337e-8,2.638580726135287e-11,0.003945716276989477,2.181472768868198e-8,0.002520907271289874,4.775503866429691e-18,0.010210280716529364,6.925050401635805e-17,6.304128077827132e-10,5.742060031582659e-8,3.863310997739221e-10,1.7410255789485513e-25,2.440971005585077e-11,2.0335186732005993e-10,3.203640447625026e-14,1.8214500246901443e-7,4.8760531862036945e-6,9.822919247163024e-12,3.168408935723854e-16,5.7005632167167605e-28,1.7983299063569503e-6,1.2555969452579004e-16,4.337371388204214e-9,3.124976217457484e-7,9.322766770706468e-29,2.1103852488939704e-5,8.10657496720191e-9,2.215316948543094e-10,7.111405638659931e-9,1.0137455191315193e-15,6.016573776293109e-6,2.204334520183453e-12,0.00264311351492152,3.829479848146703e-5,2.462696552176065e-5,7.704103719151139e-14,0.0003758319979513932,1.4116252234083941e-14,0.029249987527328207,0.1879002165886964,1.725744632272804e-11,1.0194768578320047e-12,3.917694727944026e-8,2.2765910262491125e-10,2.9772826183130873e-5,1.234843307695111e-11,5.3401896838747425e-15,3.248931882531445e-9,2.3788502182000294e-9,3.128708699505566e-9,6.4514449771241286e-12,0.04830388793979644,0.19123799499524038,0.006270936944310638,9.448887200739328e-23,0.0022497497995140757,1.6782008321406197e-7,5.607140748406006e-21,1.839210128116619e-6,4.8581740821999836e-8,0.011289259301623325,0.00015340739415995055,1.848941854403197e-14,3.36269210452222e-5,2.1891388683690596e-7,7.485943531719883e-8,2.112655636700528e-10,2.0402294913138998e-23
1.4611853755020278e-97,2.5827480794614713e-23,2.1277430760604953e-20,2.405814822946095e-83,1.1528424924633889e-7,9.226934229119985e-7,9.739132828088113e-13,5.496262298365841e-26,1.3809596217350225e-30,6.52810758855163e-20,1.1379279376867459e-27,1.014545561943026e-23,3.201169531947686e-8,1.0252743829681814e-18,6.167379291001832e-9,2.370819127193977e-68,4.63223450758011e-11,8.061746928004547e-56,3.5467073231844146e-15,9.042362203195264e-7,2.3662333337102542e-79,1.1991743219625344e-7,1.6797762392438247e-28,0.0013377109168137566,4.4580365487487105e-26,7.942000010617231e-19,8.627940239525584e-7,4.308557889321864e-52,8.898877709079256e-49,6.940394398741219e-10,6.053904404368106e-10,0.0005070422616667919,1.0039729261093247e-37,1.5758631537009817e-13,1.5776747144026847e-51,2.3631178785526524e-73,0.997221089785536,1.6938339655411886e-12,4.247489883461204e-12,2.9950076459178557e-7,1.5131170885933715e-57,3.0941393718763013e-27,8.197171971926405e-29,1.1495800456216257e-39,5.441575243521213e-16,4.989636272253593e-53,1.5304531420296555e-30,8.918230830474075e-10,8.336559726862109e-86,1.5841089608262467e-5,3.0445779108423994e-16,2.1998739489545547e-15,8.081513737412381e-62,2.657571867479499e-12,1.079471833357681e-47,7.834226133479964e-51,1.9820076726341666e-38,2.919886515624372e-9,1.2477999937318508e-60,5.882217213903043e-62,1.4500531447410325e-26,5.164445250469544e-49,2.4028462060510695e-7,1.2898986761028532e-33,3.560540150917773e-21,9.113368851620173e-28,0.0008536659292315119,2.854807168611713e-16,2.316638577394852e-44,4.653476274473438e-5,2.639479576033858e-44,1.7284884801984404e-15,9.146366081278794e-18,1.8379024402088905e-61,1.4607197388585565e-5,1.3522426750708417e-22,3.8016979712875114e-50,7.928395617880737e-29,1.2260266335354254e-15,1.513237178830551e-22
6.655004560959726e-17,2.4904094283745315e-5,1.8303936714866325e-10,2.7290207094099115e-9,2.2095471201284556e-11,3.621355937719229e-7,6.12023869123389e-6,0.0004272825855623582,3.0582921786479184e-5,0.12084282420304834,1.609127574340969e-5,4.309800634954304e-10,0.07301508879986555,4.359781988813227e-7,0.0062028386344289725,0.05758117161795042,0.009446215944113576,8.426265128029065e-16,0.020219985199217333,3.183455363354973e-13,1.4034221336926186e-8,0.0035788727888074745,0.05083747542322314,3.626167927813683e-16,0.0029899160421744024,7.489826303415397e-5,3.3520507223067113e-6,8.916432296146159e-11,0.03711083685491234,2.6554672424583992e-9,5.781593477469038e-10,4.3197606371079967e-16,1.106941060920864e-10,4.646276654685271e-8,1.7299030020030668e-10,7.626842717352012e-7,3.3705383204503054e-26,0.007730924070905823,5.145797838727937e-7,1.5103064870355166e-6,7.938002023029438e-13,1.7165861480114857e-12,2.370376785193137e-13,5.030122711854252e-24,0.0027656307921257233,6.16230877740035e-19,0.000634856266547013,2.921868068526399e-11,5.091085733924698e-9,1.5080534227321171e-12,1.0475487011931283e-6,0.20242302107026505,0.00010623173771194122,1.868234299230909e-5,1.469319003722575e-10,8.294881100617257e-13,8.103605484573861e-6,3.232566085314786e-6,1.5759750069864376e-11,5.489256550119041e-8,1.2793618789508945e-10,2.811131083286615e-7,8.875129815896053e-12,0.0136050741663433,0.19741954745901497,0.02344431984168503,4.6000589063739845e-15,0.0020028392782292866,0.03732751552786322,4.811635580148697e-11,2.0239576402627134e-8,5.167012924838786e-9,0.000444482568847997,7.062937820890049e-8,1.3994313015114855e-6,0.12956683333526597,5.123999077493396e-7,8.31983197465844e-5,6.55015258288664e-11,1.6632569841696448e-26
0.00139733484558375,5.966012932672507e-11,1.1456815771569944e-19,5.10521745522808e-8,1.3977848427542563e-29,8.75390707213242e-20,6.125115538753674e-41,8.645759817357027e-12,1.6713824182638167e-40,1.1424092659745656e-7,2.8518819164325544e-12,8.821029777246789e-23,5.553253290224197e-8,4.808813673250361e-10,4.722157256476154e-6,7.35516882670406e-5,3.00393634143991e-10,0.018418571717060263,2.814495891618685e-32,2.5560245737456244e-16,0.04844760789534169,4.109757419798194e-15,0.008754056611393874,3.7844555287968976e-40,0.4162583413132647,0.0010090937671604256,2.7171686772840153e-22,0.00019499069788683472,2.8709461785410666e-8,6.711341465519393e-27,1.9620364271426352e-16,1.3538118345973533e-40,4.773286342717172e-21,6.291393436049289e-15,2.055766618322742e-5,0.0002475432877538891,1.4399357390492812e-46,2.0885246224885455e-12,1.2470888314939414e-29,9.575428747254135e-20,5.011108707347878e-7,3.4143871570279434e-22,6.51103892968745e-54,1.480182747700123e-14,1.3682092270994813e-20,6.425838486545007e-21,1.1886990810192078e-16,2.6415232885961377e-19,0.01245184823046331,0.008140253026614464,2.632097665369296e-19,5.696706088298611e-9,0.08067633861937508,2.3674481018246377e-6,3.982680253939941e-13,0.021511974327805678,1.1537700995138419e-10,3.0679122433879014e-15,6.827420291795436e-6,0.061141774998805874,2.012316850157328e-17,0.06231254709832986,4.508070871750387e-30,4.313098537502864e-28,7.563149642920798e-8,6.188435650329137e-8,6.318642232698327e-65,8.249941147933431e-9,0.2588600741448893,2.7933645804028367e-12,1.9691514895412824e-58,5.398778715700091e-19,5.082632335958959e-14,4.5706194179928336e-11,1.3627605994831297e-32,5.184567483432207e-5,1.6873750136297367e-5,4.858576762372686e-10,8.586564649511204e-21,1.7184528725264205e-21
8.954235330799817e-23,6.398216912579772e-21,0.0072562797692482545,7.064547239308198e-5,5.1701714290904383e-8,1.1067494808438833e-9,6.441988429885394e-20,2.9550053536398404e-12,1.6749446829363705e-6,5.703224134558695e-8,1.7985993535761373e-8,0.0003582870622837887,7.737119302591262e-11,3.242091842415328e-12,1.4006936831217568e-13,7.013130337939089e-15,8.211950631643655e-5,0.0003186607079104996,2.901930308680113e-26,0.0010286528807583793,0.00017201368378469176,1.1542198517146427e-14,2.96906460361368e-10,5.611703924267421e-13,3.4148651158607344e-9,5.985521403456811e-10,2.0266760978873707e-9,0.03188406845166703,2.8158158780895513e-5,2.75432603548428e-12,9.98414713567988e-7,3.1548858095811213e-16,0.0012812906187236442,9.07273554801508e-6,0.713810339355095,2.31178636969684e-7,1.6442365279696313e-15,3.9607316609382597e-16,3.3027519979942977e-22,4.7474286358220436e-11,0.0008410629265480935,1.33087087141787e-25,6.0959460394698734e-18,9.839383228278766e-13,1.544513523715497e-8,1.763215123523199e-9,1.7765891586326166e-24,0.0007464871058633463,8.674776736676859e-13,2.4847507140698754e-21,1.6008798747651627e-9,2.362013681906406e-13,0.001314793138994478,2.3273296338390515e-5,5.276589547066087e-6,0.002677795026975655,7.527171294324459e-10,1.0156449287497008e-11,0.17909888153701134,2.458194746025179e-7,0.02944739866964292,0.0010555062582013335,9.168388335713937e-22,3.033868058487022e-33,2.759271990682956e-16,1.0236955565977088e-15,2.8010293446306604e-19,1.1981369218008855e-12,6.413072527680346e-15,2.12128789671946e-8,1.1145179929046678e-23,4.9037519835806404e-5,1.9720686756056162e-11,0.016100258827042177,1.5961357478932512e-17,4.040287124937729e-17,3.7133534541802564e-8,8.105567442136489e-10,0.0042793746647062664,0.008057902628969627
1.929086160801429e-35,1.1525644027904094e-15,1.7972038645464206e-26,5.619992153146936e-42,3.106786767485239e-11,4.789640667377231e-18,7.999854290593094e-7,1.737662550938916e-15,1.4392400198679588e-11,1.4085782143524429e-21,1.259773533883699e-16,1.2306122748530855e-26,3.621857491994928e-9,2.8331735277551926e-6,5.170155283769717e-10,8.811586060352388e-22,3.10847856129458e-12,1.1648245615278806e-63,0.0003772157226136913,1.0163745660903961e-21,7.792595165056307e-37,0.0036809262785187685,3.6854565662330067e-9,1.3700567441209702e-17,6.107987622657255e-22,1.4445002057658738e-15,2.168553234423845e-14,5.531678004846546e-78,2.496218421826948e-24,1.547574265183704e-13,7.335213627815013e-21,4.137459361513233e-20,9.211613649245939e-30,1.0791863316368643e-11,1.374703516810737e-39,2.6364713811602924e-13,1.1293741267155286e-9,1.060392949289504e-6,0.0002095416029967398,3.3345545810388224e-14,3.9658351034890354e-62,1.2082100617397959e-14,0.9782046955571408,0.00041137911846926296,1.1420999839491213e-10,6.340022868056271e-21,2.717408594058819e-7,1.821095239662026e-17,8.085809892916459e-30,0.007717045701854558,6.504732252302966e-12,1.2671816136260486e-8,6.2175085275576154e-27,2.356876607818222e-18,2.809646099177944e-38,0.002599251704934583,2.741169876212809e-19,1.8675672985149746e-14,1.6116581019867984e-39,6.858292960310099e-15,9.945386198821022e-28,2.5112399259488756e-20,3.481356553464059e-8,1.3469862130501653e-15,1.9137134155095793e-8,2.392899882882859e-11,0.00033993882993654806,1.534028589151797e-11,2.9788217274975804e-12,3.2479870199473396e-8,0.006081092070531653,6.912613510152964e-21,6.6296286582607215e-9,1.2037539895577434e-32,6.414232248225619e-12,3.0763019355576105e-8,5.272091932944969e-10,3.443953045608281e-20,4.323801929981246e-23,0.0003738019150363492
3.118916479115942e-9,1.9377641687937674e-5,0.070180517986798,7.928352836006464e-5,1.629079505509895e-7,2.2411297783199987e-6,9.869195869972855e-18,0.00010373235757466747,1.640875423207771e-9,0.0021267793452800503,0.13618890007650117,0.03527059175746969,0.00017467076466354625,1.0024741250131713e-7,0.0001913728095621356,0.00025437580264098876,2.8417116442828075e-6,0.0013942341574227823,8.192324667860182e-15,1.074076367947462e-6,0.0006890355240387485,5.3157329825687516e-11,6.698255365310397e-6,1.9718325947349242e-17,3.693020196411987e-10,9.455947852189389e-5,3.2627826822167694e-7,0.0007795033440619641,0.001898612826937975,8.441763554411656e-10,6.215290882720608e-7,2.6785370859993434e-24,0.30752011991663264,1.1584781075528073e-6,0.0014964564206333257,0.0006300701326358906,6.329717880301912e-25,1.1677574623114983e-10,2.10905813449185e-15,2.4645387932903977e-7,1.528981849529955e-6,1.0267343726626158e-13,1.8067449287370038e-13,6.618092236006902e-8,3.5324919349745827e-7,2.2127067604120802e-15,4.149454199788964e-9,4.414207673189039e-6,4.997722170361332e-7,1.1675563571476573e-9,2.1294000899595673e-6,8.201002509825106e-7,1.228051332745803e-5,0.0003983015316255409,0.0024740135575035413,0.0039631045873744,0.0032860051296814594,4.5485595326228616e-7,0.0001306404729298988,7.950392255100819e-7,0.01433542167397262,0.0004703178721626786,4.001309766247316e-15,8.606863385374879e-13,1.4670045057313532e-7,0.00038188372196664734,1.485447990839508e-20,9.113141952944708e-5,0.4048260117169113,5.512597860895673e-12,3.2677424585703043e-16,0.00021943138395695834,5.0833055517523e-6,0.010255099355016018,6.298909836544894e-14,3.652256632624003e-6,8.517524242273375e-6,9.607531213974203e-8,2.005615013647874e-5,6.685810476265651e-8
1.9474490630829405e-11,8.94194755517328e-8,1.0156611923911632e-8,7.313709851948452e-18,2.880684305352221e-17,8.009974357844025e-7,0.0009309900509467793,4.570511168538807e-5,1.1625908018326385e-5,1.2051259763978967e-7,0.005651466443137328,5.522089238032775e-9,0.002134525000827627,3.234558749042148e-8,2.0082346079931394e-5,0.001961975693621366,2.0417103078976254e-5,3.795859018155929e-32,0.027421748872959468,1.5674880905069732e-13,1.8276891776797422e-9,0.0015388588369592384,1.3112565326794232e-7,3.4678117701139128e-9,1.3970476524184624e-7,5.135011294918484e-9,2.2388243629216725e-7,1.0041359282360281e-29,9.089615544092923e-5,3.521106597062899e-8,1.1751568092587934e-9,3.3837908789011284e-11,4.579886193509654e-5,1.3268382381480414e-17,2.182784776705117e-18,0.00996692840725911,2.1365343339163535e-13,0.2142280951290433,0.12577069780539268,7.555909584431989e-6,1.5015555114917342e-20,2.4762796310344763e-7,0.000158308746688847,9.168284407122813e-18,0.03442400042540374,2.1719097617617333e-14,0.04148699927179243,3.845181703927442e-11,3.263274859338093e-5,1.58215543666233e-6,3.079727171931564e-5,0.07322770024839648,4.791764665932776e-6,8.560905029387728e-7,5.640516192978143e-11,8.882424966159326e-8,9.888922702748495e-5,1.738416853011939e-5,6.747526892020867e-18,3.448134246062539e-9,2.3254902202754408e-11,9.667293263012186e-10,0.0010551958504420441,1.1794261242774268e-6,0.2481986766994615,1.178692189164556e-6,2.2827712334383114e-11,5.139537226798838e-5,4.708460948812037e-5,1.930138234614579e-12,6.084937398123946e-10,8.49303552328213e-6,0.01259145440666847,2.3723817836350586e-7,2.9729364498708938e-6,0.19828382210058243,5.2802028155055015e-9,0.0004250524408950355,1.5940354195734167e-13,1.1079701370268887e-12
1.0677306108633224e-13,0.15683463519171387,4.0669680080261386e-5,0.0008115213317045305,5.423180434530718e-13,3.295788927266094e-16,2.5594811312267085e-8,0.007653078185067102,0.011476189353644854,4.2636955045078985e-11,0.2628043583983519,9.856016677829964e-7,3.37620965571343e-10,4.2383302211352065e-12,0.023961715685995394,3.289430272475173e-6,2.4508041631395972e-6,9.07799525897873e-6,2.137421943259676e-6,2.910294025618195e-15,8.356425859862557e-6,1.3689891812841398e-11,1.2456440138335333e-9,4.9138376453563436e-23,1.0281312960359515e-8,3.176549766043916e-11,3.442189959592758e-16,0.0009043419664903627,2.284109775913359e-5,2.0882274288950933e-11,1.6456217102487893e-16,2.6835275986149565e-27,0.0008635850768061084,6.269475350293341e-17,7.202107827409592e-8,0.000634790102719972,2.8743685297253284e-24,7.921472037058664e-8,1.7358425835156638e-13,6.1867804156236e-14,1.747462077134114e-5,3.037263047982513e-15,1.0140108524737582e-18,1.414726331031418e-9,0.0006780005870364567,0.00013805370819243163,1.2677029332328274e-7,9.33644080722441e-16,0.23380315226417706,6.394064795478078e-24,0.1572604445473941,5.756437985686145e-5,4.8766272020464376e-12,1.136553151178256e-15,1.3204142915022889e-5,0.00030264249744486475,0.0006337371495031479,2.291946440992151e-12,1.658175334408831e-11,1.525425850618427e-5,1.211906616689868e-7,0.0001521745249391484,3.806623420569185e-14,0.00014272384651731402,0.00035650155918856314,0.12195247001330325,1.679925085459655e-44,0.0076705854463547905,0.0001537155826458081,4.152709304515749e-25,5.032520934352092e-16,6.460413896224387e-7,0.004608535092786929,0.005986835086835946,6.052637772351406e-16,7.54077138289954e-9,1.8259440834126716e-5,3.555678443090488e-6,3.1928451961066914e-11,2.4051904746833147e-18
6.798721872501655e-22,3.0849790465832405e-25,1.5357791043078173e-7,9.351078174280832e-25,8.441093460420439e-8,0.0014928816651237806,2.2209696662289156e-22,2.911341094433982e-20,4.601649814008538e-30,2.341942009306311e-7,1.3963032378608493e-17,0.00012234963276912253,4.75047441943698e-7,9.772586287112481e-8,9.910832626945795e-21,3.2070954192872463e-9,1.0252050692789653e-19,6.480431599383045e-44,6.850413904131549e-26,0.32899051059083567,6.953527912943681e-13,5.907557431000888e-14,2.8306004910849407e-14,0.2535444856353637,1.1203404711800213e-18,1.0147981829259064e-9,0.0016955860879080908,4.6727441452114627e-38,2.9768815053568723e-12,3.31413287726921e-10,0.00036970331937544166,0.2516676258286746,2.3063307341235493e-10,8.236362096640205e-8,2.5595462817869424e-9,1.674471890516223e-8,7.438012754476993e-5,1.0829442117180999e-16,6.365129135609334e-12,3.3951675729415997e-6,1.9881532980731311e-13,1.4948623790742386e-19,2.9189179814427994e-27,4.157539775184379e-21,1.9819637187511005e-19,1.905228062273526e-40,2.275446894666272e-20,0.015369229488088504,8.82419730970627e-23,0.0007765794107460573,2.9541277837993247e-29,1.9494694192575995e-22,1.020339614581125e-8,0.0001673095606220247,5.737363148045932e-19,3.588789808576538e-8,4.388831697487083e-18,6.735857631141863e-7,4.896303346526051e-8,3.435714436850476e-25,0.0005113382808877661,4.9852729925984546e-20,4.3036089688972e-6,1.5470395985820723e-35,1.155661067238617e-21,4.0726372267089445e-26,2.397623401541062e-7,1.7581062381552792e-13,1.7507190080399649e-6,0.1403554525562016,1.800199633298548e-38,7.70781531795589e-6,8.266433666440525e-23,2.4655844160082887e-14,0.0002408552816909737,3.6849817377166544e-11,4.515634268847606e-21,1.8530848926271004e-8,0.00460237683438173,8.761436751404664e-14
2.290825648454285e-11,2.6876555497746446e-9,2.354057840698448e-12,1.0010139655568058e-14,3.5707708750719925e-8,0.000774346744501331,1.741214824406861e-11,6.704721088582005e-11,2.5217807206341955e-12,8.326521654985721e-5,1.4344501193778516e-10,8.958729170310949e-10,0.0034193137178268078,0.6440458608808118,2.974999938056057e-11,8.272063794584907e-5,3.633659577880363e-5,5.59224716634443e-12,1.9860072037849642e-7,4.068500486592275e-9,0.00013465199368140082,8.325630624712765e-5,0.004064794233855304,6.370875680652584e-8,4.2849184507843e-12,0.08240132042748662,0.0014507189948640517,0.00020832588827061823,0.007480769515675571,0.021976244053573152,0.00010257561760944102,2.726505773235961e-11,1.1829467098689254e-11,8.870974609752568e-9,6.302261312297496e-12,7.144579738679197e-6,2.4190827209013482e-17,0.0016915772343525503,3.801047360289583e-6,0.028218664630923592,0.008828819245050391,0.09357348063910113,0.014537333221210699,4.99351423264079e-21,5.5851376062633285e-6,7.256288382794827e-27,0.0023913665289262433,6.0183608995020254e-9,1.0339430531304154e-10,0.004664488447037265,1.3498430773732444e-8,4.893559807938759e-7,0.041369116824586896,0.0013278032424022168,2.1754200684180614e-11,9.208979543165862e-5,8.084402282239113e-10,0.032619651132670256,2.3347169074875333e-7,0.0007399899785208972,7.690427416092908e-10,1.1840479341902494e-8,0.00016529764636091522,2.2625007705732432e-10,5.971423594940174e-10,3.1128301365635364e-7,3.141351892858266e-11,1.4185854716686165e-7,0.0002990520763375724,3.947720298227098e-14,3.1488126344328917e-15,2.9249803472522074e-10,1.931363284558894e-6,1.5729384970759102e-12,0.0009711394370613703,0.0017335882254713598,0.00041087503836517584,1.1786199301189672e-6,2.4612816958650085e-11,1.3120744208094469e-14
6.921336078044547e-17,3.2364693105736408e-12,4.648935232331555e-13,2.7882018385230705e-13,3.845169756063273e-11,7.474028559331897e-10,1.2608390652323346e-29,0.0006952570501283483,1.363620331274275e-6,1.1055921093953503e-7,9.838835131861545e-6,1.1006025952122262e-14,0.07464488093633637,3.440942887935482e-8,7.466022160285459e-6,0.038390821497374765,5.593812292857876e-5,0.00019612388302699016,3.3942776512828173e-31,7.153238827522156e-22,0.1115662868672229,0.0105437998722779,0.36143095361640243,4.6618958593736115e-25,3.772232991365844e-8,7.95713064183903e-7,1.753872338934431e-6,6.848134241820228e-6,1.3276264048328095e-5,1.7426668958801842e-7,1.0380677585849036e-11,8.46832171920446e-28,8.599039858524618e-11,4.670491094394041e-12,5.479816146807104e-16,0.0008084946424713798,7.162305858047728e-38,0.012949347293217338,1.1750251315123137e-14,0.0013707149889027636,0.02113676749733385,6.411910069212069e-15,6.174426765647586e-13,5.257595708363841e-31,0.046348787090741334,2.6156210156072143e-18,4.767657280927428e-8,6.027021868814143e-16,1.5573421397656825e-11,6.264336242698159e-30,5.739057952013997e-5,0.006465571162315729,0.1248756553549625,0.0001455943481904996,1.5075127025743268e-6,0.0035272601180099915,1.4816703960349821e-9,1.2968598015578486e-7,7.107145618871616e-7,0.0015112832873117805,2.2296974495189487e-15,1.1680867595784256e-7,1.359819208361444e-16,6.009359513312927e-29,0.15203360779273203,4.9558161598613855e-12,0.004686755552071512,0.02155909848761906,1.901263558225262e-11,2.3523585031541553e-22,7.830305309012664e-20,1.6798728758174888e-14,4.812166373199174e-5,1.4140441153187051e-11,9.93706805338596e-15,0.0047022130891022544,2.5239948374141087e-5,0.00017982101331822766,1.4080334945493842e-20,1.1092088938904466e-29
2.4777388134820435e-12,6.759225861942996e-12,0.02732989008770575,7.961267465499877e-16,2.088569383620649e-8,0.00819466511173851,3.776326360179942e-16,3.9024632179247813e-7,1.9909238134120966e-21,0.001979883166086355,1.5757509725243084e-6,0.013177873393136225,0.0096443846583304,0.00034879422268940704,3.7531520958928154e-6,6.914038081079053e-11,6.033378866887326e-10,5.921761909619619e-6,6.258229810199084e-19,2.5574053585090652e-5,0.0002493419009207915,3.058149550868848e-8,4.861332063494279e-5,1.8150038064073526e-20,0.0002853770239245458,2.7606046144820383e-5,0.0031607097835358875,6.103155060941138e-5,0.6172949390581439,2.38954535364893e-12,0.0005818798923906455,4.1769138754567116e-23,0.0002672588144994122,4.84494962252141e-6,2.450542927205283e-9,2.1615012286404322e-9,1.060061385565902e-19,2.433634927201928e-9,1.2651126604305365e-13,0.0158172234216214,1.5759177809525285e-8,2.850352506811752e-17,2.1040848320695936e-17,8.631355362167348e-19,1.5703759778997427e-13,1.8587487482496345e-25,7.243929946646381e-13,0.0008322112288933099,1.0548957363900384e-15,0.036203662481000605,5.264631486976137e-18,9.293941042825213e-12,0.00012871034579872644,0.014704976863661897,4.6395833251856535e-6,1.6355649122964902e-6,3.1381956493988306e-8,6.4834555821018494e-9,1.7719789391096896e-7,8.031941449011973e-13,2.1190751347604313e-5,1.3503301595546944e-6,2.3605385991096977e-18,3.209984756045106e-18,2.2135812506758256e-8,5.269451512809053e-9,5.324584450093069e-18,2.721287974635199e-5,7.731482462426401e-5,0.006331142296765742,1.3008909854459197e-18,0.03577949381366998,2.9207455455913084e-15,2.9221687201778096e-12,3.932120978343129e-15,8.26036625773323e-5,7.321408147846091e-10,0.2072818139708263,1.0191865158628208e-5,1.4065846264878098e-14
5.366001498135754e-19,1.2719669101851227e-14,0.010675930084170901,0.20308925542568734,0.00024749801447613104,9.211353460549738e-18,6.752397799949945e-17,6.73874368884075e-10,1.3489426017300198e-12,9.704268457770798e-7,0.00021304890316210923,0.0027010345868706633,2.661841915027963e-9,1.802327051740587e-14,1.2748261337564955e-9,6.276637135276318e-8,0.0016505848160944532,0.00013205753878387687,1.5641147408018024e-26,3.9396261658824356e-10,1.172474428773015e-5,5.970353202468195e-20,1.5482235163734681e-12,8.585097446580982e-24,6.440985998921308e-14,2.580470441115315e-10,9.415792736924543e-19,1.80893136921044e-6,0.011688908150937257,6.732148152985182e-19,3.0438306543679308e-12,2.2584979227430433e-28,0.3820650448708555,0.019372218864195143,0.24805173064189995,0.00019026878584635904,2.449508830013295e-15,2.77173116790018e-20,1.0178225040048684e-26,1.496896838235185e-16,1.6129114108991701e-7,2.2488526529703396e-26,1.1469229138365932e-32,5.348089262645292e-6,4.54030253959517e-12,1.615830882287638e-12,1.205574970019859e-21,2.889928232273187e-8,2.231093983190177e-7,4.419143087704122e-14,3.6162818265457437e-9,2.0294814508201725e-10,2.2129672630204933e-6,0.00015690638013710455,0.00046692579748748965,2.0459765568192264e-5,2.459966471471633e-5,9.200932169702643e-20,1.8631783842092038e-5,9.798339792211977e-11,0.0327433073178368,0.0003731614567981669,7.331583229565256e-30,4.3860553656007786e-33,3.144992761562163e-13,1.3666584624222245e-8,4.851098877182813e-31,1.6805142557249163e-9,4.165338950062164e-7,2.403460384074404e-16,1.486305802985222e-30,0.002450371608516481,1.986679595595767e-12,0.06060491913999932,1.4408484900845513e-27,3.0246422900839234e-16,3.473658875220153e-12,1.2797315565927405e-11,1.9138447359501767e-5,0.02302101563796787
6.459712570879303e-14,6.471463608153904e-12,1.8727852894911852e-7,7.29623957337192e-9,1.3651761113213222e-15,7.153615826846829e-13,3.036215289213468e-25,9.535314707687033e-13,1.139227375935654e-9,3.669712498760538e-8,4.184849267045672e-8,1.3029556007212562e-8,3.541394214316678e-12,9.785151226473663e-21,8.357266084994546e-12,2.916374282904457e-29,0.012461702525631169,1.7419266291507802e-25,8.724668452410927e-24,5.3331016170205224e-18,2.528831123044669e-7,2.9377249796763474e-14,2.1378050218863938e-13,1.2699679549184326e-18,4.941904595812967e-19,4.48235484618074e-14,1.497976112488915e-13,1.1814523543587404e-23,1.2509109032795164e-5,1.7329136464933084e-16,2.2892837974409247e-15,1.1005737908398398e-27,4.5351687237127735e-6,3.9913428453887614e-7,1.592974266530121e-5,7.429148479700563e-6,4.8188799209282344e-30,1.9857968305503654e-10,1.408969555587167e-30,7.231431134029316e-10,2.1520969408980875e-10,4.988147586988249e-24,2.8078953471367446e-14,0.952868273574591,4.2981056864750995e-8,0.00014267316877977933,1.4753096466994064e-17,7.893618128701024e-15,2.172672693111115e-13,1.0432268873954891e-13,3.925929486422646e-6,5.8646460293778056e-5,6.503837819841225e-12,1.7931835996910383e-8,3.568889706642162e-7,1.3722828529673063e-5,1.3994187066499129e-11,1.1950175074227433e-11,7.78124528947721e-5,9.052142617128575e-11,6.638731639406043e-10,5.439686734550961e-8,6.100536520742984e-30,1.4658088425606091e-21,1.5567124345431506e-10,1.0716825040150295e-10,3.1721783607641394e-22,1.3903208473636086e-11,2.7310406861121935e-6,4.2467939616532296e-14,6.191833832865899e-15,1.5881821709652105e-7,3.410392715418376e-9,1.9678426093559943e-8,2.5916271451971856e-25,2.93340013078399e-20,9.141067596289122e-13,1.1985643525233665e-5,1.567323509244083e-11,0.03431652755629056
80,95
4.737186085654876e-145,1.3419052068321602e-57,5.924513495468111e-24,2.3002581977341964e-10,0.00900763052329142,8.011506073120544e-11,0.0003020602403441659,0.05324764439856083,0.012296062700148741,0.03289870025969309,0.023608310889896785,0.037628463989382466,0.039487502672801704,0.04100031772747528,0.031371268528914184,0.02861983242749077,0.02677263794346315,0.020104392559457465,0.048082133856420475,0.04028978652044357,0.017604356757471407,0.05031491530572949,0.02971029665250843,0.010105560444634286,0.033529398919163414,0.024995218107695196,0.014768824538496261,0.014675004127395244,0.016831084666135542,0.033968489702499126,0.037467970118993076,0.02264112168354178,0.027644834613351776,0.015124749734603109,0.017837800560333027,0.011527326355419889,0.015907193371655172,0.026763442459596207,0.020264525582044782,0.014621598265450925,0.007395107350003166,0.027737881576934416,0.019799915309027298,5.5206511056734536e-30,0.010466236374753149,0.007131929657058518,3.0103588032865787e-20,1.4309837688328903e-13,0.0004969943393917218,3.3144479198468045e-30,0.0038417523925874182,8.569293008159336e-10,0.003749532524096768,0.0029036482072652557,1.8661629100377926e-19,3.360730020504659e-22,2.0729284662378188e-55,0.002673051757196731,3.839811340907648e-6,0.00404612733690172,1.5000335697704517e-34,0.0034505957953540516,0.002721567983826071,3.5013249419689034e-38,1.1019846058701462e-38,5.435778028397825e-40,3.2473921896493157e-62,0.0001974016923166528,1.1691024312988096e-126,1.0680947714968206e-18,7.326340491812685e-46,0.0,0.0,2.1473977961822207e-17,6.739962126787073e-22,1.1182005759718276e-33,1.9072237680498628e-41,0.0,0.0,0.002363959520230715,0.0,1.1111761365560475e-220,0.0,0.0,6.144503200449567e-37,0.0,0.0,6.813263990189798e-37,0.0,2.0675533015026182e-54,0.0,0.0,1.9743046545837585e-29,0.0,1.6042168966924882e-153
3.806187580506462e-51,2.8244135885498318e-14,0.00046804203141065473,0.9545753150712377,0.04493934219860735,1.7253835105327327e-5,5.151257732786374e-21,2.0071243358778912e-26,1.3886331456915818e-75,2.605036309297428e-107,9.56728838970543e-43,1.582720954893897e-65,2.653522615904793e-69,1.496678311412305e-8,6.011285098761688e-44,1.9488571748669899e-57,4.77068348282557e-30,1.4653812263102117e-58,1.3498528541802093e-61,6.449076526135389e-68,3.1896822283540554e-8,5.30413434222055e-15,3.3100334366930144e-78,2.659163706666207e-82,1.281320272015464e-40,4.1388052195262696e-160,2.1110620730337282e-160,3.2491680841462795e-154,1.8441771973996704e-209,5.685692539303282e-156,1.8599944393207466e-197,1.0293398173476806e-183,1.6683562808116483e-155,9.648677809960419e-248,7.443639240796104e-112,1.9159133215392586e-239,1.9606936627964207e-251,6.738014366712357e-160,5.460312038410442e-185,1.9382437675916683e-64,9.599568854115042e-238,6.177673240148712e-192,7.639573278706856e-209,1.5836672373776904e-167,0.0,3.290600966738524e-168,1.9303464000285987e-171,1.0423143185065967e-90,2.499556619555918e-123,1.052979797319064e-170,1.9132590403805607e-177,0.0,0.0,0.0,3.106876915399454e-255,1.2709341563517103e-247,1.277004121620917e-258,0.0,0.0,0.0,0.0,0.0,0.0,0.0,0.0,0.0,0.0,0.0,0.0,0.0,0.0,0.0,0.0,0.0,0.0,0.0,0.0,0.0,0.0,0.0,0.0,0.0,0.0,0.0,0.0,0.0,0.0,0.0,0.0,0.0,0.0,0.0,0.0,0.0,0.0
6.522825075796321e-48,5.872040801533075e-28,6.412804201267862e-5,0.9114956546406,0.04284191087524176,2.611528799066086e-11,4.443239489559137e-14,1.7990908045829724e-32,7.681477356858301e-7,5.150749936933566e-42,2.7497996331385816e-11,0.03693581920849493,2.631771134342405e-57,1.5903128906483708e-15,2.4834798486942043e-25,0.0009703109542996666,6.594469835562565e-55,4.956676569266689e-36,1.5345198293488857e-39,2.9910923974549336e-57,5.5582575540891116e-92,1.0506838645804677e-83,2.210554695662348e-7,2.9262365146222204e-85,4.794245849059842e-106,4.270129939565422e-114,1.431331907802433e-133,9.732347954095688e-137,3.877797247924599e-231,4.4614214001438764e-73,5.42820310231217e-105,2.0781191036954338e-262,1.1640409750796159e-209,6.217381277733706e-201,3.62934537997637e-192,1.0594349196384983e-195,1.1382289113901318e-170,9.110387014653683e-177,1.567047725256784e-183,0.007691187022486488,8.484028822417179e-150,1.1751740855085319e-117,4.726839694692719e-149,1.019863590577115e-130,1.928117315516596e-261,9.998579161328328e-149,2.8187096682921417e-175,1.2967645860126538e-103,8.331167553549234e-91,3.063389811429771e-148,8.167742372403003e-195,1.2734626676495937e-236,0.0,4.858443478961801e-285,1.885131438416404e-284,6.356256176720574e-156,3.567306823763886e-260,2.835936766411446e-293,0.0,0.0,0.0,0.0,9.06100551473684e-294,0.0,0.0,0.0,0.0,0.0,0.0,0.0,0.0,0.0,0.0,0.0,0.0,0.0,0.0,0.0,0.0,0.0,0.0,0.0,0.0,0.0,0.0,0.0,0.0,0.0,0.0,0.0,0.0,0.0,0.0,0.0,0.0
2.843433710712894e-85,4.0473673959274793e-81,1.0433441987058641e-17,0.02457448653526603,0.6796803678464443,0.26818152932722283,0.015967602704508536,1.7206458686409202e-28,3.701082355624636e-31,1.3413789636883527e-81,2.056637372905996e-23,3.5731599177477394e-36,1.3151853259188488e-33,0.001279104803234118,0.0010952620420419449,0.006625976071643321,1.0084474086740583e-8,0.0008094685607933895,7.414340392628606e-39,0.0009369126647970228,7.015554178457852e-67,6.629833406054793e-75,1.2655733547864519e-27,1.3766213270878951e-24,2.8893733600115804e-92,0.0008492793595744584,2.3420696105109414e-85,2.3848052655140703e-58,7.563402653172735e-110,1.55609706736201e-33,9.90984851626121e-164,2.7001771630770607e-210,1.4427830859474722e-205,7.846138909990214e-158,2.0745136342879923e-134,1.0250027520088238e-184,1.9265152264106632e-173,1.0595062468110127e-211,1.1767404879951089e-114,2.2187983523035776e-25,1.7606533791242657e-151,3.2246470749442577e-130,1.6329680207557594e-116,6.048900975811786e-131,7.3239802229785415e-202,2.9731548319150165e-97,1.6802984617688988e-116,6.759979155475794e-111,9.386217535467935e-124,2.861392840467749e-116,1.6484315667981188e-175,3.9007857880544455e-104,5.5978961908309115e-236,9.638820383093346e-125,1.954367426304588e-124,1.205143479945917e-244,1.1894878896344824e-145,2.5978183135449687e-220,0.0,0.0,0.0,8.130025291649938e-297,3.7594931462521526e-171,0.0,0.0,0.0,0.0,0.0,0.0,2.11159315426139e-309,0.0,0.0,0.0,0.0,0.0,0.0,0.0,0.0,0.0,0.0,0.0,0.0,0.0,0.0,0.0,0.0,0.0,0.0,0.0,0.0,0.0,0.0,0.0,0.0,0.0
0.047536882394098944,0.40781411802351436,0.46289270901212237,0.07818809254234427,0.0035679996934325957,7.440530244787946e-54,1.9833448733249273e-7,2.1939957013990603e-155,1.930153261388623e-103,6.321614989754412e-188,1.7793356015785577e-181,1.2520354082762975e-126,9.137842979364799e-55,2.8191246051316213e-131,8.55432522564949e-195,1.136945420693592e-159,6.742071886887765e-139,3.6514418979964044e-201,3.1630349055099965e-115,1.5827093863777755e-217,1.8643524937134847e-45,5.159692476103713e-136,3.152909589690573e-227,2.0789999675024345e-223,2.816946328981703e-287,8.434348694824134e-177,1.951709611688668e-180,1.891939047342193e-251,2.362209914554729e-235,1.344556547016488e-185,2.3794e-320,0.0,0.0,1.1698e-319,0.0,0.0,0.0,0.0,1.1653715913350972e-272,1.111712039810875e-263,1.4219832960889914e-281,2.5901303234446562e-269,8.447262214814468e-286,0.0,0.0,1.0446287618942322e-270,0.0,6.154215901167321e-215,6.094692911603805e-299,2.5810435048635136e-277,3.4839e-319,0.0,0.0,0.0,0.0,2.6324115005689344e-134,0.0,0.0,0.0,0.0,0.0,0.0,0.0,0.0,0.0,0.0,0.0,0.0,0.0,0.0,0.0,0.0,0.0,0.0,0.0,0.0,0.0,0.0,0.0,0.0,0.0,0.0,0.0,0.0,0.0,0.0,0.0,0.0,0.0,0.0,0.0,0.0,0.0,0.0,0.0
1.059212159546768e-34,0.0063196136668886025,0.9891088270002665,0.002925502799925439,1.1110660025762695e-10,8.449415389675913e-36,5.440561604336553e-31,1.3170099033082878e-57,1.0987577384888443e-65,3.7501714706490845e-53,3.495688628605327e-80,0.0016460564218128784,2.542646646505409e-34,7.945789943541841e-51,1.2548248574705104e-131,1.21513648980962e-27,3.4686134317895827e-85,1.1756493682913178e-36,2.0669919185266194e-51,1.6783771144985274e-99,1.0103538360028468e-101,2.0309575478813932e-104,1.5332131535718883e-91,1.4061502673009538e-95,7.643029717459074e-145,9.538377422996357e-163,1.279354137724788e-205,1.2682119148505737e-151,1.651128066426159e-172,1.1365919876319773e-167,2.1926180961136888e-167,6.873887250411141e-160,1.119670856220132e-232,7.695193467534922e-217,1.1777668990895823e-132,1.1982342282405842e-239,3.014285070172197e-206,1.8463578602588648e-200,6.837143942258379e-217,5.174944976697632e-139,7.820657255735734e-166,1.73705401858974e-164,9.626713098927638e-221,4.1282880117863354e-215,5.0087230049461234e-219,2.665132952416795e-183,3.9676977955615595e-243,1.0222521183369364e-224,3.098185888808618e-195,1.6417058408552601e-217,9.204713699594126e-213,6.4055991546287505e-239,0.0,5.3058212588287736e-295,3.278604942543435e-297,1.1919433796994664e-139,0.0,3.097491569643346e-172,0.0,0.0,0.0,0.0,0.0,0.0,0.0,0.0,0.0,0.0,0.0,0.0,0.0,0.0,0.0,0.0,0.0,0.0,0.0,0.0,0.0,0.0,0.0,0.0,0.0,0.0,0.0,0.0,0.0,0.0,0.0,0.0,0.0,0.0,0.0,0.0,0.0
0.0028478838656885684,0.9756474583532341,0.021504578746093395,1.5179235875568434e-8,6.38553617103576e-8,7.357409075315631e-30,3.446169342829501e-32,7.556582325081339e-19,1.2723933533333902e-85,5.5830250373956955e-24,1.6779984600154023e-47,1.0335126901585059e-114,1.2660799346715932e-109,1.3051087557435917e-69,4.470357436201752e-91,5.754874636786951e-130,7.338925786989011e-87,6.6634358394574265e-90,2.714439348402511e-47,7.233922364059694e-116,3.8616261244183966e-13,1.691415674220888e-30,9.272420825864687e-126,1.0805788317508272e-153,9.247077476801608e-157,2.8387861682410953e-128,1.0135046370610065e-250,1.1578147820322122e-143,8.803811592754686e-201,9.409094965423496e-220,1.1034289801739789e-207,1.631388710656539e-269,1.4482976047883412e-278,1.2684005904929194e-289,5.146143642977562e-243,2.230760892711904e-238,0.0,7.181635974833087e-279,0.0,1.5626460041281476e-221,5.853304679550364e-299,9.080001348348133e-285,2.127181321141759e-264,1.1342814459075384e-277,0.0,1.8376238742608683e-242,2.3217284365021746e-193,8.957127432618025e-243,1.219417081848765e-164,6.193475717935487e-279,0.0,0.0,0.0,0.0,0.0,8.251018571716206e-190,0.0,0.0,0.0,0.0,0.0,0.0,0.0,0.0,0.0,0.0,0.0,0.0,0.0,0.0,0.0,0.0,0.0,0.0,0.0,0.0,0.0,0.0,0.0,0.0,0.0,0.0,0.0,0.0,0.0,0.0,0.0,0.0,0.0,0.0,0.0,0.0,0.0,0.0,0.0
6.175657872512631e-55,1.1244762186273605e-29,3.961024072292326e-8,0.9182951639608429,0.06519754877967325,1.9783492946849914e-6,4.949090807427339e-13,7.450013337948963e-9,3.447496802283848e-10,5.352829733023272e-56,1.9615098079161143e-16,1.2768954046347054e-49,3.8432205285347014e-22,1.2986974338431796e-21,9.510421603951963e-40,1.9938059610653964e-34,3.7443654274778384e-12,2.3794165839966966e-22,1.514409169856781e-20,0.01650518046335983,1.3084923668579466e-48,6.805385259485113e-12,9.952706442512928e-55,3.494581492488261e-62,2.0847099234636882e-82,1.0000732928598215e-120,1.4195853474631228e-87,4.548762463695345e-76,1.8908260327028184e-154,2.7694212357239936e-81,1.651676031868372e-112,7.195595922919393e-224,4.1187161426938795e-112,1.6679408312628055e-177,1.59079954203887e-98,5.920066218486754e-159,1.678309955079291e-170,1.315974079671326e-234,2.6038057406120034e-146,4.779633954925642e-44,2.4909618405473066e-161,2.915913382647834e-107,9.276492420843843e-118,2.0920227735744723e-73,3.77287341290877e-228,6.338553894928909e-94,1.6734998959370193e-99,1.1666584066346091e-102,8.10307807622023e-8,9.360251023156962e-147,7.565934902930094e-186,9.25335566265266e-133,2.1979096433995077e-238,6.592246249913216e-208,1.586388601656901e-228,1.5268636632474835e-162,7.618826331519313e-243,2.114724170681724e-185,7.238826112216114e-266,0.0,0.0,2.5342041045584134e-244,3.590536184896332e-272,0.0,0.0,0.0,0.0,0.0,0.0,0.0,0.0,0.0,0.0,0.0,0.0,0.0,0.0,0.0,0.0,0.0,0.0,0.0,0.0,0.0,0.0,0.0,0.0,0.0,0.0,0.0,0.0,0.0,0.0,0.0,0.0
4.9337882637954925e-8,0.21244564571247307,0.7661557405179914,0.01927403499867269,0.002123624710208973,9.047227713915238e-7,1.9365201144577864e-50,2.6185266981168844e-62,1.7584049168650916e-133,1.4189045525922906e-115,3.457099649676493e-74,4.73905423079948e-118,1.2244248549966337e-131,1.2344775787510009e-75,2.588200856474963e-53,1.1320565139615228e-153,2.2967311958976622e-91,1.7039186509386e-122,2.444433331065355e-35,3.3486685108410973e-127,3.912655119038365e-34,1.0637430596436892e-49,1.049558514111648e-160,3.651210856951788e-170,1.5606348320044395e-114,4.14970622428029e-183,3.4952390610719494e-258,1.0025899869646625e-162,6.385833154930304e-244,6.832959653844466e-218,1.3135610745787416e-281,0.0,3.2145594600147156e-294,9.050376117191074e-292,2.9310023732829436e-216,9.156104733268817e-266,0.0,0.0,5.993369138374285e-309,1.8240562390366655e-202,4.31067277935293e-310,1.536341649212268e-299,2.900187436302002e-286,6.015541110527825e-270,0.0,4.318281776913659e-272,5.663330886793626e-217,8.985904792233454e-153,2.7312374606343584e-286,2.538373131851019e-305,0.0,0.0,0.0,0.0,7.352847707e-314,1.5666809834912693e-284,0.0,0.0,0.0,0.0,0.0,0.0,0.0,0.0,0.0,0.0,0.0,0.0,0.0,0.0,0.0,0.0,0.0,0.0,0.0,0.0,0.0,0.0,0.0,0.0,0.0,0.0,0.0,0.0,0.0,0.0,0.0,0.0,0.0,0.0,0.0,0.0,0.0,0.0,0.0
1.0747902636721091e-57,1.214761368981459e-34,0.201062348871809,0.7366425999901484,0.024529086065161933,9.466114805190184e-11,3.704280967235846e-9,7.49830109244155e-10,9.870788779193618e-8,9.113179845644805e-40,1.061629772463049e-18,1.287442225300907e-28,5.1798610859621446e-8,6.691846249868843e-19,4.578890274911687e-21,3.5148942746188522e-6,0.023648383498658464,7.530753474540873e-12,2.656364402521569e-19,2.3104960257032119e-7,4.5491766954126405e-29,8.666331209900155e-26,5.844694947464729e-16,5.384835203214651e-26,4.190090223316547e-6,8.624874844352263e-45,2.648043471176618e-45,6.357952253307754e-65,1.4732153357300537e-71,0.0009435724097709487,9.99011581859453e-8,2.1585796399266967e-103,1.9778939677515147e-104,6.669470828288102e-93,3.3200203736287124e-93,9.622314054383303e-72,1.7394599036433336e-124,2.144322145223795e-93,1.9050328472152742e-79,3.049184391970747e-64,7.472668697109212e-91,0.006745286543571474,0.006420531618773456,1.3645796890692164e-29,1.0676789793421295e-119,4.045316383890735e-12,1.8458523860171857e-105,1.7172217585200748e-98,1.1386172662695577e-107,6.604463164638289e-99,4.009455821557499e-101,5.898675496782074e-134,2.3279249054881682e-195,9.895865222078146e-178,3.685384864351561e-181,3.746012555742794e-64,4.029067641398417e-162,1.0719379691739264e-151,1.2525436059298044e-212,3.722887490069243e-252,1.7000435347043036e-216,4.5135454969798195e-175,2.4293140034210245e-152,0.0,5.383152069382993e-244,1.0219084625628347e-199,5.493845448713421e-208,1.3700773685270437e-240,3.1800070203537974e-221,2.5626724415036923e-239,1.3674591613224779e-240,0.0,0.0,8.8962538302995e-290,3.029417261968513e-205,1.7521508410336388e-274,2.8573258677201823e-251,0.0,0.0,4.0620941243e-314,0.0,8.71943e-318,0.0,0.0,0.0,0.0,0.0,7.278212355232233e-292,0.0,5.4625806252787654e-285,0.0,1.0533860038723541e-306,1.2409192946552759e-306,0.0,0.0
1.8148440288166745e-56,1.7641161370277069e-40,0.004120526435990069,0.989621587087616,0.0025141808309557014,4.524868717818122e-9,2.5528828234869027e-11,0.003743545331017033,1.8169320481403371e-40,3.8582651843741087e-88,2.8213398630889275e-20,8.088675865713834e-38,1.7772067220074146e-49,1.478919482567411e-7,4.921054478456287e-61,5.792519007282352e-34,7.522410339563072e-16,4.192247592596068e-18,2.337559718698358e-59,5.334840143833898e-65,4.92070991032627e-58,2.1475216045008536e-26,7.872054349336432e-9,3.035656235307801e-69,1.3221664729546896e-87,3.658703089388316e-159,7.064912045395894e-99,1.1850853842694537e-186,1.0069636623659064e-215,2.3723034675530603e-142,2.2666605328580137e-163,3.79710613007733e-275,4.226653205196419e-183,6.30828817526441e-261,1.022455661095928e-182,1.5699572882720443e-257,4.3665125198212366e-244,3.380213858416023e-308,7.64894455879129e-215,2.0185143184075335e-14,1.6857135327861077e-223,6.452651196000877e-183,2.1417766619052297e-214,5.944603917819145e-186,2.5677172804070195e-269,3.0034577619165905e-240,1.5446146683271724e-192,8.169291282486649e-84,9.045211643049183e-113,1.3450848564365015e-182,5.684383021271439e-240,7.035817287059866e-291,0.0,0.0,1.8226803737285514e-279,1.8327915287937507e-241,9.810618753441682e-255,0.0,0.0,0.0,0.0,0.0,0.0,0.0,0.0,0.0,0.0,0.0,0.0,0.0,0.0,0.0,0.0,0.0,0.0,0.0,0.0,0.0,0.0,0.0,0.0,0.0,0.0,0.0,0.0,0.0,0.0,0.0,0.0,0.0,0.0,0.0,0.0,0.0,0.0
5.944202685452936e-43,7.359942663844346e-13,0.03770973794676901,0.9621738641978611,0.00010123615357120659,6.508139271867526e-16,2.5079077875719713e-20,1.4379412265135912e-39,1.214609774886866e-5,5.466287608295077e-49,1.8229951485790772e-15,4.978694576560145e-43,1.6477481536103494e-58,3.0156031104892573e-6,3.4107139691829606e-44,2.0095707955874688e-13,2.095388696910699e-68,5.108040950005148e-57,3.6024100732403115e-31,4.4565616214948094e-36,4.958665206030996e-66,3.95477854052291e-71,3.7250399732741737e-57,3.714453092194054e-67,2.3328031185560238e-106,7.416672428026001e-129,4.2744429744746745e-101,9.909833727568537e-152,6.020583868527002e-153,2.1186134909760257e-57,4.76652712586655e-128,1.7354510753831181e-196,1.1453246545934713e-221,4.2323856810289673e-160,3.824635096363539e-182,5.685827579646172e-186,7.919271889130668e-158,5.3855893913283386e-161,7.898800867633421e-189,8.128505995530435e-107,7.663063935101945e-152,3.0744947525254835e-116,3.749518540537333e-142,1.0173460308255106e-153,2.365510121497036e-215,1.1697907736415593e-130,1.3119429887607294e-156,8.730402265821104e-127,2.568145144349353e-129,2.431735344854099e-177,8.469730699414353e-158,5.647860285530385e-167,0.0,9.167810135372693e-254,7.809413714010364e-268,2.2122952403352785e-121,6.608466575133786e-277,3.6648853106444666e-185,0.0,0.0,0.0,3.619883455066969e-276,3.776584137636865e-299,0.0,0.0,0.0,0.0,0.0,1.6399789765671674e-282,3.5e-323,0.0,0.0,0.0,0.0,2.1788830935520838e-302,0.0,0.0,0.0,0.0,0.0,0.0,0.0,0.0,0.0,0.0,0.0,0.0,0.0,0.0,0.0,0.0,1.18319405787875e-289,0.0,0.0,0.0
3.0228002626500826e-47,2.2908975269190115e-27,0.12430302060262245,0.8717667489390781,0.003921520936020264,5.139943291022645e-8,5.533607066143836e-7,8.880848362164339e-24,3.1339664369356316e-17,8.01703536259081e-21,3.0213817603617423e-18,4.925378207150251e-23,2.1651452251327772e-9,8.101617162466696e-6,2.667558106959778e-30,4.5825128622921415e-10,5.215802130700616e-10,4.58212372360571e-16,1.2871411919540537e-38,3.70281719713187e-25,1.3580920288337387e-30,6.816530409972694e-43,9.016849999951714e-29,2.380897967387617e-77,2.4948516499883653e-20,1.6163369613747218e-58,2.8494104075496147e-60,8.05909890038105e-99,7.215012333092669e-100,8.164550621124186e-59,7.109795046076305e-37,1.6776543819746547e-115,3.811154102367318e-110,2.7184097962426958e-114,1.471378104188138e-85,4.9839182251170604e-157,2.3973742413470526e-141,3.936126737028003e-134,1.672674807992459e-100,1.9744266688222173e-60,1.356024902761837e-99,4.9025945685254546e-30,2.504575480410058e-84,8.940521130859547e-123,1.6690418388182178e-151,2.3039703911026863e-124,1.395265048483522e-128,1.0178228634853984e-43,3.222364226656283e-113,3.361238376346426e-85,4.457958663527386e-117,9.219654911821205e-161,1.8209758981714378e-194,2.5385654710067955e-197,1.698635040162608e-204,1.8148452966178166e-114,1.4175747663738167e-254,1.2461776791872798e-131,1.8778e-319,1.74e-321,1.147200365403399e-251,5.272274177615337e-200,1.6068649871301944e-199,0.0,1.420657222352264e-294,0.0,1.5320566734363935e-261,0.0,8.280956843741907e-237,1.0690518477393801e-270,6.33963213971057e-270,0.0,0.0,0.0,1.1475430068377935e-301,0.0,0.0,0.0,0.0,0.0,0.0,0.0,0.0,0.0,0.0,0.0,0.0,0.0,0.0,0.0,0.0,0.0,0.0,0.0,0.0
4.173853210950289e-49,4.1665462431548207e-10,0.036831506339208724,0.8491169490267597,0.11302717590444407,0.001024364782808244,1.232119432330943e-32,1.3656538557679357e-15,2.5744476376887247e-65,1.5920262103944827e-78,4.338526728856588e-74,3.530123401716827e-9,1.0026877840597674e-20,5.560992260001254e-43,5.027979608406679e-117,7.77494759173396e-26,3.590408914434841e-67,3.6055257155492434e-53,2.0767093672087185e-64,4.536566710339391e-106,5.1647382018152757e-73,4.152774739197451e-87,5.9051919690404606e-86,3.9150475010327767e-131,5.424293146786595e-155,8.230213242151812e-164,1.6309047831513154e-155,8.584854685299657e-191,7.101686150887065e-282,1.3224251731934578e-154,2.072994325987122e-170,1.4988670203169234e-283,1.891140486288796e-191,1.1330613940180526e-239,2.1903926776522844e-198,3.8929988803017776e-241,7.432573498947831e-235,9.11166363473978e-199,1.1312686921682864e-232,2.3783713235251605e-145,2.0144455133892792e-240,5.624304593567238e-145,2.225177073738509e-175,1.2799220238227088e-145,8.152129580510412e-293,6.454798008427557e-156,1.668354890219986e-263,2.8200537402834476e-182,2.7813718041768867e-157,8.622588736326734e-227,1.0982246408824846e-239,0.0,0.0,0.0,0.0,1.9653875178042833e-151,0.0,0.0,0.0,0.0,0.0,0.0,0.0,0.0,0.0,0.0,0.0,0.0,0.0,0.0,0.0,0.0,0.0,0.0,0.0,0.0,0.0,0.0,0.0,0.0,0.0,0.0,0.0,0.0,0.0,0.0,0.0,0.0,0.0,0.0,0.0,0.0,0.0,0.0,0.0
1.510238929218277e-66,9.381477135955792e-17,0.005873677742787129,0.7983880777618145,0.19573824441016457,8.523361846664781e-11,3.568284873537178e-26,1.3870451233631682e-26,4.1884457577670625e-71,7.281035163450951e-67,1.5826733549927935e-33,6.726781138704273e-52,1.9132082181269676e-67,1.020422097236269e-22,2.5412386539506992e-54,2.579607572729399e-60,5.176593410921248e-18,3.768988192506661e-60,5.079582797994612e-61,8.780069278901644e-34,1.2690886441125104e-27,7.366197055535933e-36,8.249337201630612e-70,4.8953578440802226e-101,4.4116615903968023e-20,1.6714935906466276e-102,5.971297412915344e-155,5.3547041542028826e-198,2.046951396468376e-170,8.53756460596704e-108,4.615197916217303e-143,3.3803411387107422e-273,3.538218426016954e-140,2.5089982209303754e-199,3.655218406136082e-122,1.3734792788068829e-206,3.978093163042948e-236,1.2261300343331959e-259,6.472912871067346e-190,3.17031958564845e-87,2.4922689599827005e-201,6.341184616118785e-148,1.2625631946524688e-147,1.1432204018915414e-168,2.921260380296395e-301,1.687421405002031e-139,5.149028402236808e-149,1.6476216104570829e-80,6.171764676711595e-114,1.2809393332188716e-148,4.9195180466776e-227,0.0,0.0,0.0,4.7043651863413035e-221,5.792680290516433e-188,2.283701700507854e-215,1.1467287673550099e-290,0.0,0.0,0.0,4.5209456324630737e-305,0.0,0.0,0.0,0.0,0.0,0.0,0.0,0.0,0.0,0.0,0.0,0.0,0.0,0.0,0.0,0.0,0.0,0.0,0.0,0.0,0.0,0.0,0.0,0.0,0.0,0.0,0.0,0.0,0.0,0.0,0.0,0.0,0.0
7.667837864768044e-132,2.0159949225771962e-25,9.896247466662932e-34,2.8398027766349887e-19,5.668439263554712e-28,2.412082287036697e-14,9.981489528626827e-10,1.1359333663112155e-17,0.011223081283141185,0.014528646311678783,0.0013975140123261415,0.0013912760933241454,8.521865601189789e-18,0.011409385705953602,0.012459935779001874,0.0043361769729630606,0.024563271567434125,0.0020082409224192184,0.006395067797412476,3.9750035173916887e-7,0.015199899354611246,0.007521551506837386,0.014382907009479811,0.024357834799579137,0.006978083522674108,0.03189441737989079,0.018862116108242438,0.019641860236053042,0.023562033295996168,0.020606426236206014,0.04278931601426751,0.031654489558339306,0.04325159277487545,0.03843012500484003,0.04342682374576043,0.03103193651367431,0.03282397279153486,0.015343054364837213,0.02916246882399914,0.0219913858359383,0.027423396986071744,0.014556469849723593,0.022880893881055107,0.02541035385854753,0.02417987890620075,0.013425192983458388,0.028563641359229373,0.022192500985234283,0.020976148168266755,0.02759620289520506,0.02506933151630937,0.013083282823879997,0.016124137072402747,0.010094518755205124,0.011689933041598662,0.00908201093760784,0.0038966443471995537,0.006324551315560127,0.006492297454671651,0.0016734930227007125,0.006494407245332589,0.005897353155547374,0.0037001557883143085,0.001298881449066518,0.006494407245332589,0.006494407245332589,0.001298881449066518,0.0024893002134000024,5.8682053149447485e-27,0.005195525796266072,0.005195525796266071,0.0,0.0,0.003896644347199542,0.0038966443471995537,0.0038966443471995537,0.0038966443471995537,0.0,0.0,5.866591061003601e-157,0.0,0.0012988814490665177,0.0,0.0,0.001298881449066518,0.0,0.0,0.001298881449066518,0.0,0.001298881449066518,0.0,0.0,0.001298881449066518,0.0,6.182465594327798e-54
3.836345384723205e-25,1.3258557317906126e-10,0.9064934188515681,0.00012724006975915536,2.696982806303533e-5,2.225240101740259e-32,0.07021417697439876,0.0040816034922356165,8.252784097373208e-56,1.0448462674922932e-50,3.180334765372562e-28,5.199548690105814e-42,5.187498847965581e-71,3.216906998922952e-47,2.2969658686711737e-68,1.642622243725244e-51,1.3740549618109295e-17,4.87123400252653e-56,2.4235960268333616e-41,4.802180268490102e-61,0.019056590651389826,1.1016586555700333e-22,2.3678965525833293e-67,2.6218037265287214e-88,1.0704366592819713e-81,9.552685225285987e-93,2.006008780082132e-112,1.405546932614721e-101,1.7767122940677067e-134,7.251740736658716e-94,3.627111373051683e-84,1.047575217480341e-118,1.815207603848469e-95,2.503124662002857e-185,7.657903623579491e-145,3.850487788750173e-138,8.122545099495902e-192,2.3436865018936355e-163,2.59402571001454e-125,1.2960997510949277e-72,4.8049901176256673e-175,2.2485595774512072e-117,2.8062201994217295e-130,3.056613079899074e-126,4.473801410215257e-193,3.724544318625839e-103,1.3912363945992907e-120,1.014963540828739e-118,5.044335001440272e-103,7.00301348281655e-95,3.1569815975044673e-147,4.874433618196953e-220,4.398683183364941e-271,1.1690537497349915e-254,8.237795906829396e-214,2.402737178887933e-101,4.197946900756166e-188,3.446059273173623e-217,0.0,1.6482663860744758e-240,9.692129145065136e-234,1.741354244777734e-212,2.0357314757266046e-270,0.0,1.8221074886385e-309,0.0,0.0,0.0,0.0,0.0,0.0,0.0,0.0,4.0295435091134e-311,2.5521959396431793e-278,0.0,0.0,0.0,0.0,0.0,0.0,0.0,0.0,0.0,0.0,0.0,0.0,0.0,0.0,0.0,0.0,0.0,0.0,0.0,0.0
5.262449254446094e-120,7.317607368102943e-81,1.0292113339915258e-47,1.629738612585864e-14,0.012206438814777502,0.021548101701085752,0.7740433677988984,0.17576041550590019,0.0011763733128067801,6.897078166368805e-15,2.2180060294311582e-10,8.511120507142273e-20,2.628969955045005e-6,2.8406708585352107e-14,2.0461429600045574e-16,1.0826047090089736e-9,4.016162781391602e-14,8.25511271813604e-6,0.011940118817125698,2.788241945571895e-7,1.912811921501866e-21,7.047220584246671e-8,9.764304801860426e-7,9.597350009484097e-32,1.2781070623819041e-14,2.172997665704566e-22,0.002196756583026373,2.3396825234531999e-38,3.1956317002154166e-19,7.264213165127774e-69,1.895826884250297e-22,2.841721077388086e-48,6.004544587241306e-41,6.28809820231577e-5,2.8626516951282405e-65,1.0517823953450826e-82,2.1049564190637614e-91,1.1154904086497686e-78,3.409867132168675e-16,1.1560431860123106e-52,3.35842856410584e-53,5.444405409338423e-39,2.317764978576163e-59,5.712652468279844e-72,7.098757793357822e-65,0.0010533194691327297,2.2737774341562172e-26,1.2246668046813214e-39,8.334206203529677e-38,1.0381843077957878e-20,1.4597446605362495e-61,4.507659628043291e-47,1.5901159433689715e-8,2.247744878666873e-63,6.484189537006227e-181,5.048507104025665e-167,8.042290463485343e-165,6.820015850309347e-58,1.0651514668438677e-84,1.1042466300804153e-213,1.2133025404915902e-86,7.547050694446398e-155,1.8419755068168703e-112,5.817667399135675e-280,1.1005934266037976e-200,1.3645145837132179e-236,2.3926497907070325e-192,2.7371957525365406e-202,2.092225126719569e-207,1.854091092667757e-167,7.7805439435347e-216,0.0,0.0,4.5914857251918016e-244,4.65307963443545e-175,9.636831441308637e-244,4.279659524441063e-177,0.0,0.0,3.3551390571049396e-114,0.0,3.7758434217826e-310,0.0,0.0,9.918190029450289e-303,0.0,0.0,4.829652449081839e-230,0.0,4.794942336813062e-199,0.0,0.0,1.4745547281004403e-256,0.0,1.2397218297167568e-112
0.012479044185104145,0.8278048642997655,0.1577130970783391,1.402653378366068e-9,3.5205583832573434e-8,1.6736001076894784e-62,6.293051318262196e-56,7.983803006146516e-58,2.5947032335172386e-72,0.002002957828554031,5.819384279752151e-60,8.246404566868189e-134,4.040735052874396e-125,7.17762203925898e-88,1.4468221714619289e-109,3.7063453018204605e-141,2.281907284812551e-109,2.7204242892725945e-127,1.3396529339702721e-43,1.3649602795396647e-117,4.267836363496267e-48,7.356763929795998e-21,4.3193900963410266e-197,8.477437578626594e-190,3.923561251141407e-206,3.1903638438074416e-211,1.0512520656207913e-189,5.8908460179275944e-68,5.9027382469461134e-195,6.200152415533966e-225,2.6252304089208115e-251,5.193012286806512e-198,1.5104855507239674e-273,9.97240364994479e-305,7.482380943351868e-285,7.967565618618161e-228,0.0,3.142750036964301e-104,4.085844257970108e-258,1.2110582256171104e-203,5.273269993174262e-264,2.72755757919514e-276,1.794616865759894e-236,1.6055806801456182e-232,0.0,3.2936923377149736e-196,3.9846063131960715e-185,5.0731138132788735e-264,1.5786748185036577e-117,1.819158188986946e-272,1.0721121001951231e-251,0.0,0.0,0.0,0.0,1.8307322777991316e-242,0.0,0.0,0.0,0.0,0.0,0.0,0.0,0.0,0.0,0.0,0.0,0.0,0.0,0.0,0.0,0.0,0.0,0.0,0.0,0.0,0.0,0.0,0.0,0.0,0.0,0.0,0.0,0.0,0.0,0.0,0.0,0.0,0.0,0.0,0.0,0.0,0.0,0.0,0.0
2.2145765064802964e-37,5.920259332920115e-9,0.5618795168492812,0.4370328664863427,0.0010876107413976398,4.815691912482911e-24,1.091761333178411e-30,2.7191346892073333e-12,2.288620852752235e-33,5.2366644095101414e-89,5.972592810373069e-47,2.2888240078822466e-60,2.8732481263324958e-52,5.3960769467607996e-17,5.985722204307715e-37,1.7565368338650466e-19,2.690000556872644e-85,2.922638838001603e-82,4.696174675099369e-55,5.12282224941749e-98,6.667168121941087e-51,1.5754536232820546e-99,1.222598637638211e-78,7.119588425352269e-97,2.6105978509553814e-167,3.7312140413265585e-170,9.549980064623314e-178,1.5379266526940573e-239,1.6049045094259069e-289,1.6709469051800996e-111,3.8847497895163956e-216,1.069515595102666e-273,5.667315109154203e-284,3.771164483738726e-170,6.51395131190767e-231,3.005245548059174e-264,1.3321940758292528e-270,3.853488148757563e-215,4.797945773993177e-246,1.6228478116010804e-155,2.967768046855713e-225,5.34164772606979e-134,3.1494476698949394e-146,3.136756827356605e-181,2.5972430876060212e-303,2.485235826187362e-163,3.7249111577392126e-276,4.433638071633032e-188,2.6028022970943205e-204,2.0063580286794596e-237,7.667414011280977e-197,0.0,0.0,0.0,0.0,2.558522226404342e-120,0.0,0.0,0.0,0.0,0.0,0.0,0.0,0.0,0.0,0.0,0.0,0.0,0.0,0.0,0.0,0.0,0.0,0.0,0.0,0.0,0.0,0.0,0.0,0.0,0.0,0.0,0.0,0.0,0.0,0.0,0.0,0.0,0.0,0.0,0.0,0.0,0.0,0.0,0.0
1.1428559950127066e-66,3.1345440938016955e-82,1.9552394490190397e-9,6.362482774780858e-5,0.4655638457333672,0.5144108348727178,1.1522781623061714e-6,4.91744118993208e-6,2.710784645344113e-6,1.5945812266826468e-29,1.9958510114681252e-25,0.00010935234082070558,0.004450714903390351,2.507477725486409e-7,1.88642302997912e-28,6.2527824901353435e-6,0.0124581371209019,0.002928192779293054,3.292100110537814e-26,2.0276682815127973e-18,1.7511643610252904e-16,2.764438123605984e-36,1.0305379709057066e-13,1.9263820211703954e-15,1.1432156360087197e-8,2.826637850728384e-19,2.733799580037708e-20,5.092219266643011e-76,1.6366102288181327e-22,1.0275350333880247e-30,1.9532966565257042e-66,4.270036333615542e-65,1.245773430326563e-89,3.968783262448725e-52,9.306975060555452e-66,7.041974522982146e-74,5.8912492205566844e-151,2.0397297003695923e-83,8.065663957410052e-55,8.360391057073684e-72,1.3445282321285582e-76,1.7102400643101686e-42,2.5761572563439024e-60,1.3237189413558855e-27,1.6164932181849683e-112,3.762241430155711e-17,2.8660119228999754e-113,2.0543572636866755e-64,4.461421291590052e-94,1.1131503095178542e-37,3.6586942398646097e-118,2.6735668303355604e-117,2.704054524388682e-119,2.380432965187179e-156,6.741544960453007e-158,1.0565781129715595e-147,2.738321086453228e-156,1.3835340836015572e-106,2.0104954465985393e-250,1.1364105180955977e-251,7.160761629898188e-174,4.199475588006153e-183,1.6489374788620072e-96,0.0,6.929e-320,3.600252298077117e-285,1.2000747444585094e-150,0.0,1.5346643870334385e-231,1.7813367957670344e-229,6.2436228189778305e-258,0.0,0.0,0.0,7.751111262015112e-250,0.0,0.0,0.0,0.0,1.1525868473722515e-241,0.0,0.0,0.0,0.0,0.0,0.0,0.0,0.0,0.0,2.3416119579886327e-300,0.0,0.0,0.0,0.0,2.0147157122830434e-145
2.822951693311407e-20,1.2950137990538168e-5,0.8789367401014135,0.11635122728513403,0.0046990824730533745,6.511186565597308e-15,8.246143936782158e-26,7.509957522051738e-67,2.3636589144221635e-81,2.5922419498819115e-44,4.290487574240632e-44,1.0341403409097828e-17,1.4580733412200335e-44,2.401943525880642e-12,9.48374070004641e-97,2.604758406743603e-45,8.693004195985526e-62,1.4931568534936822e-47,5.056576788465164e-22,6.074999173824076e-72,9.826387355080596e-47,1.7547703739100243e-34,1.70882536583342e-89,3.0176813045303954e-108,6.477047886444522e-149,3.65253953415524e-109,4.708957313592625e-144,2.27868786954468e-116,3.7230715111504335e-122,8.201693514441821e-150,6.944784544604384e-153,4.1406684746333518e-137,8.761937413665967e-206,5.694288000066581e-198,2.1900930958205903e-150,1.0272312693850758e-223,4.090053615603808e-217,2.4902221630666456e-122,1.0771272975453631e-182,2.8768787300225952e-120,4.0017395654418055e-167,1.7721006532464837e-161,9.283436328427666e-173,4.432713478874669e-169,2.6476050730199725e-247,7.938867529173953e-169,2.47693480408279e-207,1.379173251441146e-205,1.3457041674078277e-123,1.8152607077619538e-172,3.1221569250408633e-177,2.583865539076288e-268,0.0,0.0,4.610712860920841e-291,1.0549506507379375e-97,9.88705279927857e-282,8.543086607235813e-117,0.0,0.0,0.0,2.9642865330975148e-269,0.0,0.0,0.0,0.0,0.0,0.0,0.0,0.0,5.79345e-318,0.0,0.0,0.0,0.0,0.0,0.0,0.0,0.0,0.0,0.0,0.0,0.0,0.0,0.0,0.0,0.0,0.0,0.0,0.0,0.0,3.7286207718131e-300,0.0,0.0,0.0
1.6534163845222142e-88,2.0231216803261533e-52,0.011331440310839134,0.46089084174198247,0.5014331280989365,0.008771701182298374,1.2540205264090388e-14,1.9703684945429115e-13,9.26259928460411e-5,0.0031575939476664924,2.3134343803584035e-18,1.0527957607304557e-10,0.0021102121814567916,0.00026721825606350796,3.977164752547011e-23,0.005153552679043671,0.005376486645636434,3.49797224892963e-17,6.9359638502910965e-25,0.0014151988507475162,3.268977657888267e-39,1.6932638561720545e-52,1.0129594139181896e-27,2.468745913223259e-45,6.993311000963731e-12,4.884793433825365e-32,3.559396257026276e-30,1.5431533263017488e-93,4.296398734701971e-104,3.317168174525573e-73,3.4091931204744226e-35,7.971679823602261e-109,1.897094163022446e-102,9.40885049029805e-81,4.211248636490946e-66,1.4666465670062695e-89,2.2225252401588644e-126,7.916569406095997e-92,2.3492489534544455e-47,2.668056538705479e-43,1.022732272220007e-56,5.900677796125927e-16,1.2145514740009167e-84,1.0001804721621314e-101,2.216349883261037e-161,2.3926657166908047e-113,2.0517994569869986e-116,5.468580188909017e-85,1.3915925042461337e-121,1.2014940110831109e-57,5.740251585901109e-134,7.910277104134173e-187,2.102268564892539e-194,2.426134855847008e-246,4.4769699214637924e-213,2.2021866668127213e-170,4.874304793055698e-185,7.501192944373812e-213,4.2234421939097367e-246,4.685144971033058e-274,2.2631357844297407e-212,2.8374359667821255e-97,1.4411896081666793e-223,0.0,4.7328772331769813e-238,0.0,6.028216981277689e-295,2.3459376923366821e-271,0.0,7.84150233780049e-241,5.4364448237e-314,0.0,0.0,0.0,4.731500988474211e-195,0.0,4.66902511794274e-242,0.0,0.0,6.443203137082056e-291,0.0,0.0,0.0,0.0,0.0,0.0,0.0,1.3e-322,0.0,1.7228677601436495e-281,0.0,2.968882426121059e-144,0.0,0.0,2.968446845555882e-282
0.005384499316837888,0.7891275550847839,0.2054794356550578,8.50963923193745e-6,2.4492773527780767e-10,1.562013439810319e-63,1.2095431020380157e-76,8.224250980761549e-59,8.607924337996693e-48,1.4484775345125001e-89,1.0772691950752128e-130,2.0851248450885517e-30,2.0645414261519677e-13,3.3102004413363815e-31,4.250303866327874e-109,3.7397633996072534e-83,1.8854214984827417e-156,2.959532034633499e-81,5.895404388382341e-11,9.766575902810131e-176,1.1363823507879105e-42,1.520884994645173e-120,3.818889220507539e-165,1.2779262676037511e-99,2.8862118313152883e-227,2.3211700566425918e-231,8.319280221729739e-154,0.0,2.183317838e-315,4.893744558043191e-213,1.8108572901398275e-297,0.0,6.4467341480515094e-248,2.8046520264013908e-157,3.302389140871895e-186,0.0,0.0,0.0,5.098626021690221e-292,0.0,7.7328010429701e-282,4.8591822992623527e-272,3.7241509031284826e-255,3.809796765991676e-270,0.0,6.595819799692532e-227,0.0,1.7644475743260226e-277,2.46866185890545e-260,0.0,5.728154699298951e-227,0.0,0.0,0.0,0.0,5.901350461659304e-63,0.0,0.0,0.0,0.0,0.0,0.0,0.0,0.0,0.0,0.0,0.0,0.0,0.0,0.0,0.0,0.0,0.0,0.0,0.0,0.0,0.0,0.0,0.0,0.0,0.0,0.0,0.0,0.0,0.0,0.0,0.0,0.0,0.0,0.0,0.0,0.0,0.0,0.0,0.0
4.4325519247199944e-27,1.8566212614950914e-21,0.24196455835773142,0.35659023523249345,0.006446496899662597,4.1770708133313884e-10,0.18991963819916158,0.05112038489460521,0.02468741370997246,0.016537742365549835,0.018743101328854615,0.027500030139734004,8.266374697241689e-11,3.812733989863166e-11,7.650474053859857e-18,3.493303514047045e-5,7.755461798717561e-39,8.059380705219889e-25,6.078149193340235e-16,0.00045150338772589817,8.836376980104751e-9,7.800595818661681e-37,0.006373805537101711,4.7989088288539185e-28,3.8354108615774685e-25,8.173879915937395e-5,1.5142251395307777e-14,8.962139380366222e-8,0.006655963869700084,8.694254175598709e-13,2.1737161318801143e-37,1.4657949696193328e-41,4.393722481159425e-9,1.0867742210462727e-135,5.512156084044703e-66,4.730211138446997e-65,2.182679531877755e-53,0.005151972398091991,1.8801013764557444e-34,1.9749882003453238e-57,0.016069401937064205,1.5776883676905263e-22,2.731928831015269e-51,2.039696612003244e-25,2.8060814201052327e-66,2.4483022775148766e-48,1.1906629188154343e-74,7.549418627914458e-30,3.6561528161238434e-13,0.02528140983327464,0.006389566683734321,1.5207847704567527e-137,3.363631259059814e-141,7.603879535113212e-196,6.042387911477021e-195,3.8804910247995813e-115,4.718074459943292e-171,1.6178676356503196e-116,6.410914385314038e-134,1.168439324130304e-132,7.27063959952301e-96,1.2210894456645992e-154,7.663800206169301e-122,0.0,1.1762287174303547e-177,3.0775948353890375e-293,8.190329897448759e-280,0.0,0.0,3.3068545605449864e-179,1.2700226842271214e-151,0.0,0.0,8.762687392656744e-174,2.2863978280160983e-99,1.973852464749536e-240,5.514981951904956e-246,0.0,0.0,1.2327174631491806e-225,0.0,2.327152189591442e-289,0.0,0.0,0.0,0.0,0.0,0.0,0.0,0.0,0.0,0.0,0.0,0.0,0.0
1.5927277598631533e-67,4.817000614855706e-31,0.0001805453767740623,0.591603658096826,0.3597406255116194,1.0722615973732256e-6,3.2121708794059677e-13,4.6017335700917724e-8,2.625243602228593e-8,1.589129730783891e-29,0.0035637654454217177,0.010749182110373633,0.00018605055952196912,2.394410732973202e-23,7.420178561398065e-32,0.021329868486987286,0.0038907399829139796,7.664276673942041e-7,1.148803812689573e-40,1.081379443954344e-10,6.23428477886164e-26,1.2722791162319287e-54,0.008753653362066394,2.2297622809408925e-41,2.4385450428331234e-21,1.63232510550264e-36,8.027755525090418e-60,2.5136649794059474e-74,6.830610789946164e-95,1.0267421504791322e-54,1.1183714435968453e-33,4.849813745172288e-127,1.1416025029369287e-101,1.220698929455043e-58,7.544152852918072e-83,2.6693586206470403e-104,1.4143666248471766e-123,6.406750754572133e-115,1.9845176273613293e-54,7.856746814812641e-44,3.9351584108151563e-47,7.150756253692341e-41,1.180508215382995e-71,7.111759314532612e-99,1.0720873334828857e-121,6.038953843934478e-95,1.2112384589567306e-101,6.443872768491532e-55,2.668037646256633e-92,2.3298040869717866e-68,1.5624472910243801e-124,8.592452326385676e-126,1.7459881882675855e-136,2.1094635373103696e-165,1.3113636009899132e-164,2.4530607766845245e-142,8.236119924345813e-144,2.7261336877828458e-142,2.2111926934067707e-220,7.477530036169799e-263,3.6201047566130926e-221,3.896225656544391e-183,2.910887076279325e-128,0.0,1.50235e-319,1.9556072003898845e-297,3.0319156627830174e-223,0.0,1.7067977475635498e-212,7.868833662891495e-226,3.2423405641304506e-264,0.0,0.0,0.0,3.928351088070937e-201,0.0,0.0,0.0,0.0,0.0,0.0,0.0,0.0,0.0,0.0,0.0,0.0,0.0,0.0,0.0,0.0,0.0,0.0,0.0,3.0915967877236393e-227
2.046899915447226e-20,0.0006856402979522698,0.9379584494238005,0.057496839077854814,1.2173021368061467e-8,1.9662508026022233e-37,1.069085658332284e-42,1.3651639211656479e-39,3.3355820941538874e-81,4.2313738138747847e-76,3.805282475046999e-93,0.0038590590273711854,2.081772325605043e-18,4.510368538533648e-38,1.437805419183545e-118,3.9918869706547365e-56,2.9335534026880998e-126,1.6678416648809621e-66,6.739549636814247e-43,4.520613758928174e-148,1.8522507156311892e-60,3.187884954881089e-125,2.353905027410469e-142,5.960007427663362e-122,7.764328361729262e-212,3.128110904000513e-200,6.6564162177051944e-239,8.120612962496861e-215,1.127081944284683e-196,3.3695439313701497e-168,3.7567979579407335e-212,2.7243082506254946e-220,1.8044654014035437e-274,1.7605122437865795e-243,3.115224846144896e-201,8.620869309542953e-264,2.9522049875269207e-270,6.982113416515336e-245,2.419209536587751e-271,8.218254333445417e-188,4.00271015395818e-222,4.8839740722863e-192,1.9507350969497806e-195,6.1085823744392405e-201,5.1559663007787573e-306,5.0865773188200126e-197,0.0,2.813805433019446e-231,1.2698413118483676e-214,4.9829603619552163e-234,8.450796293784605e-293,0.0,0.0,0.0,0.0,2.9556805919309954e-75,0.0,5.273252043025204e-245,0.0,0.0,0.0,0.0,0.0,0.0,0.0,0.0,0.0,0.0,0.0,0.0,0.0,0.0,0.0,0.0,0.0,0.0,0.0,0.0,0.0,0.0,0.0,0.0,0.0,0.0,0.0,0.0,0.0,0.0,0.0,0.0,0.0,0.0,0.0,0.0,0.0
1.0848771227296468e-73,2.0869210570127534e-88,3.584919549102525e-12,1.1781794456717204e-9,0.0003762652944619762,0.3617442438504215,0.4859941391197415,0.07999960644876768,0.006547789672783225,1.2047442320496671e-33,5.719561889859019e-7,0.011112930957578643,0.012686405550501259,0.009424916773661984,4.20858548493839e-25,0.003054696787693006,3.926042729542513e-15,1.832895152158161e-19,0.006824477359059984,1.2858727599002022e-15,1.1234317554700694e-18,3.961495013369366e-8,0.007444701447249255,4.7908115913416805e-9,0.0038222594379691823,1.1555555101967142e-9,0.001431509659125,2.0410776051691167e-44,0.0030646675348258373,4.84051781945952e-60,2.5953389797484314e-46,4.2948626240790334e-60,3.2461571547666355e-62,0.003712901555889099,3.9522706823863924e-35,3.187311067412952e-48,1.3706465880650392e-77,2.535332459917041e-87,2.3420962800013617e-40,7.15875401849287e-82,1.8877532176923486e-41,4.42792861886214e-67,1.217617680695362e-47,2.7147806626275454e-32,1.8827568801381558e-52,6.970081516657935e-5,3.2859184968462344e-100,5.366772493453693e-57,2.5199834994805333e-50,0.0026881690358287664,1.1878501747380848e-103,6.685877632266753e-61,4.1693099449324773e-50,2.3361425751616617e-79,1.703302424180387e-113,6.165032057172788e-134,4.536616151279158e-51,1.6477138989014808e-53,1.777735222848546e-106,3.686257411103543e-191,6.296045456255839e-106,3.845290273145959e-127,1.9478557205217116e-112,0.0,4.5288559184533215e-189,3.476313453970908e-236,1.1142229864285102e-115,3.5217976107715085e-197,1.4286662041714197e-300,7.124370881383343e-166,1.9026028409153774e-134,0.0,0.0,4.751310909959613e-239,5.288667245861907e-159,1.53e-322,2.356042178657515e-130,0.0,0.0,2.077594546760382e-161,0.0,6.150136735238515e-167,0.0,0.0,0.0,0.0,0.0,1.0806320005e-314,0.0,5.261102132157935e-253,0.0,0.0,0.0,0.0,0.0
1.9458279017544326e-10,0.009437820528828404,0.10246156243584678,0.21365184761284825,0.15673905806681973,0.009199481171672548,0.060669921416358484,0.025513084645291076,6.104024293875697e-6,0.04073530658672341,0.0445677607252852,0.03152004350558511,3.1126538991966466e-11,0.0038371026667187026,6.848235458065644e-7,0.024138407127012606,0.03620796758362153,0.06502412170227707,0.04338415008678456,0.07027035386140898,7.656211049237102e-8,0.011510993523931385,0.008962410736860623,0.010683131958267074,0.006646377378801451,0.005097564711254822,9.782260439921894e-16,5.775115189195258e-7,2.4742381174388933e-27,6.891304951209511e-40,0.007284544885878091,4.1681494486472086e-19,1.4989189430355642e-5,5.020854096748923e-33,1.1286705241768428e-26,2.9936319713122536e-11,1.0634849508566471e-41,1.048014437422321e-9,3.973806262993901e-23,0.007891769263665343,1.1525199831161806e-25,1.0205719187614433e-26,1.659683752794125e-46,9.94422647572986e-36,2.431792809527471e-47,9.24681613407612e-30,2.782884787178923e-19,3.996807320948755e-20,5.318445210822627e-13,4.894083041949954e-44,3.19830932964285e-15,4.0068532422414364e-48,1.3863000106553388e-69,4.350219283977452e-41,8.210184921780954e-67,3.0384568654064797e-50,6.524026969511914e-81,4.317826890171787e-8,9.48364156423164e-86,3.8249239364965214e-202,3.508518165269236e-76,1.0547950755246147e-88,5.9828709951900655e-19,3.176485874792585e-264,3.411795780727287e-68,6.695141993103367e-58,3.1005313192013895e-96,1.4788553932685093e-285,0.0022713706124471568,4.754438358277763e-99,6.139355115359552e-48,0.0,0.0,0.0,9.4549100922402e-37,2.5937589452256792e-233,1.1253678386642796e-275,0.0,0.0,3.402914576486234e-248,0.0,9.431624330878319e-79,0.0,0.0,0.0,0.0,0.0,0.0,0.0,3.52967342481e-312,0.0,0.0,0.0,0.0,0.0022713706124471568
1.0534972949412914e-28,0.005275049602156396,0.9325827827813263,0.057372964556615315,1.4780173046931489e-5,1.9785976220033976e-12,0.00474591178352211,9.811156422529249e-16,2.0061644784216413e-48,1.2361013643937708e-53,8.511101353286458e-6,1.2569987396641905e-46,3.69234951802064e-41,4.552733340343242e-47,7.274787199817647e-77,5.846629607174738e-19,1.7039754270960884e-66,6.31371685700316e-54,3.0242193601885713e-60,3.986297783413422e-85,4.3116925180199506e-64,6.296938291742283e-112,7.290452058440761e-61,8.078692278599197e-106,1.8516588928633891e-134,1.1907883280573067e-151,7.585856840054897e-147,7.494418729606979e-166,4.180284691517008e-166,8.579821668841142e-124,8.541072926718528e-152,1.401539712068226e-136,2.6164782702290623e-188,3.0880474187465857e-198,5.780894878608239e-125,1.215088079866828e-187,1.4803081952597464e-176,1.673235850979103e-174,1.6305033629502388e-158,4.936289604102849e-128,4.000557619423549e-160,2.414385742551826e-180,3.19096374764801e-163,1.0363901459494602e-139,1.2333429930279126e-174,5.244485741565595e-113,2.6085245780488153e-180,1.4009578576315139e-202,1.8421374732162646e-117,1.9171337193928834e-176,4.049994265472215e-147,1.9978061505740651e-224,1.6e-322,1.115419953501849e-264,5.094151708907344e-248,4.586434329823979e-151,5.3940705952182295e-291,1.0966274057576106e-209,0.0,0.0,0.0,2.4839862363722147e-275,1.3518790146750373e-296,0.0,0.0,0.0,0.0,0.0,0.0,4.807e-321,0.0,0.0,0.0,0.0,0.0,0.0,5.0e-324,0.0,0.0,0.0,0.0,0.0,0.0,0.0,0.0,0.0,0.0,0.0,0.0,0.0,0.0,1.1057346532743554e-244,0.0,0.0,0.0
2.571706304320134e-31,1.049900650841899e-6,0.5379122516238237,0.43298790092144446,0.02898329227755888,1.0928862938243374e-25,5.926077360489951e-36,3.7644897159825523e-41,9.243315069016221e-52,6.177101995366445e-67,1.2168417067538063e-60,8.70120247771554e-17,1.348262551144901e-47,2.1193716641161812e-15,2.6455565809169012e-79,0.00011550527651990693,1.632334287611548e-70,5.766713760015829e-62,4.321679676277987e-39,6.44757776745889e-92,2.613810623087e-74,1.7244996065958475e-114,1.2706129323165247e-64,5.686997315582465e-80,2.4777918297959626e-146,2.343370721314076e-158,1.1850698145663754e-131,8.61674357598316e-187,1.0017494815815264e-191,3.942320438510199e-117,1.0540014094750426e-157,1.049523386302837e-237,3.353887109353895e-229,1.7993930434827793e-189,6.1241060340672516e-148,1.8228396671368595e-214,1.8472603474824808e-220,4.638189609627637e-177,5.246659988297124e-229,3.871829860127e-167,4.128089017057071e-186,1.3641956070809447e-128,1.7703356793038423e-115,6.324671774709831e-144,3.1450197798955987e-230,7.157775838531015e-160,2.5888682487815074e-227,1.3030897787089654e-175,8.066010773759066e-136,9.884465049694232e-232,2.1287276884456303e-138,8.299306751845503e-301,0.0,0.0,0.0,5.4387792442734834e-123,3.285220962345e-312,2.031120377837193e-271,0.0,0.0,0.0,0.0,0.0,0.0,0.0,0.0,0.0,0.0,0.0,0.0,0.0,0.0,0.0,0.0,0.0,0.0,0.0,0.0,0.0,0.0,0.0,0.0,0.0,0.0,0.0,0.0,0.0,0.0,0.0,0.0,0.0,0.0,0.0,0.0,0.0
0.020700358384751316,0.9644083369366583,0.014886079330063612,5.225120448956969e-6,6.412110072299858e-11,3.169071569482131e-64,2.8507633128996426e-80,1.6395652121564022e-10,8.19020416369879e-56,3.9163668274921453e-103,5.31349891944437e-127,7.177374013148076e-25,2.3425322244457436e-16,1.4928939672551924e-52,9.201240830410993e-112,2.9013069927928298e-111,7.064539304827584e-163,4.896293504791281e-105,2.9874493180554282e-21,3.667057875856385e-197,5.4664193437759945e-40,1.7498762315719098e-105,3.692549331151446e-204,2.8137785852968674e-150,3.18540917860666e-231,4.7349055398779674e-241,9.769817493748424e-202,0.0,4.953986367062698e-191,1.7314417363706034e-169,1.5875455817628617e-302,1.74864084365e-313,1.161825e-317,1.550816685805748e-187,2.081065720313749e-169,0.0,0.0,3.1503841e-316,3.0987111465208667e-293,1.8447312383797633e-259,2.0011210072155274e-251,7.164428852544572e-241,3.611072498052933e-246,4.5626879943696366e-291,0.0,3.262880796986453e-255,0.0,0.0,0.0,1.7393418368076658e-267,2.6415847157310744e-270,0.0,0.0,0.0,0.0,3.5283324504085864e-71,0.0,0.0,0.0,0.0,0.0,0.0,0.0,0.0,0.0,0.0,0.0,0.0,0.0,0.0,0.0,0.0,0.0,0.0,0.0,0.0,0.0,0.0,0.0,0.0,0.0,0.0,0.0,0.0,0.0,0.0,0.0,0.0,0.0,0.0,0.0,0.0,0.0,0.0,0.0
6.361473197788604e-79,2.3858272462883097e-41,8.497977732590816e-8,0.9947417685807021,0.0046731461897483815,3.840768161687776e-9,4.074231439667782e-20,2.738796038216261e-34,2.8729121234680285e-7,1.1110901915565116e-84,1.2375362112455256e-16,5.795525764460589e-32,7.890656050270076e-71,0.0005846786383738749,2.7388727002490436e-22,4.2144992888561756e-13,3.521536681903171e-39,5.260489699642281e-41,1.639114088201522e-44,3.0478996099324536e-8,5.494806901326168e-119,1.1091780299220645e-75,8.199620751933523e-39,3.1043429842333103e-97,2.7457820821727905e-134,5.0469478624647e-124,2.0596328016155694e-122,3.231249603144513e-154,1.45627876911823e-250,1.4337520481199029e-59,4.645617187650049e-186,2.25055074e-316,2.092874473056078e-267,2.811372424546546e-252,2.6776220043210315e-232,2.4643888577852176e-223,2.639029088949211e-231,8.72787120858588e-282,1.743319300640697e-284,4.990631094492167e-34,3.2382315661520703e-224,6.04077159026212e-118,1.7522585102871478e-168,7.267397835494426e-166,3.952443581013101e-263,6.161090247955172e-159,5.062410543094619e-156,6.300424972948904e-124,1.752830161646197e-142,7.980192499758491e-215,8.65782782270537e-287,7.2350143e-315,0.0,0.0,0.0,5.414853426482959e-201,6.085703719578552e-294,0.0,0.0,0.0,0.0,0.0,5.306655334280196e-287,0.0,0.0,0.0,0.0,0.0,0.0,0.0,0.0,0.0,0.0,0.0,0.0,0.0,0.0,0.0,0.0,0.0,0.0,0.0,0.0,0.0,0.0,0.0,0.0,0.0,0.0,0.0,0.0,0.0,0.0,0.0,0.0
5.248851704075373e-62,1.3523418736147986e-11,0.6388362598220275,0.3495617818851087,0.0032958821415620615,0.005543313579528663,0.0027627625582494707,1.3374101306855544e-80,4.0032065803823006e-66,2.3065375470586507e-95,1.2144644129631715e-85,2.140897102930156e-73,1.0265329056088211e-54,2.064594304715438e-74,2.861369242591336e-131,1.6352607029895082e-94,2.29176856626096e-69,2.9528178817735594e-90,1.518980396070947e-61,8.898162837801695e-117,5.21357145677091e-71,8.040590780668421e-115,2.564027091640984e-118,4.0203934209522416e-128,2.4420494059662876e-191,1.5710517531140557e-203,2.968659310018893e-164,4.1759292853962444e-199,2.8919819715631054e-278,3.76553651152946e-190,2.975186003852249e-203,7.332892583338187e-200,2.505772869607952e-231,4.4557546644795054e-211,3.0266591470734484e-216,7.663366818487921e-236,2.28861385327199e-270,2.2035614545583382e-216,5.674892792836315e-242,1.2767445304339446e-155,1.348638972606702e-230,2.2607375710800668e-218,2.822933261385926e-212,2.1509645181724143e-182,1.468147556869e-311,2.7032663456832216e-227,7.677076633728457e-226,1.8368083238112595e-118,1.6076761592807749e-164,1.3527255050849472e-206,3.761331375292589e-183,0.0,0.0,0.0,3.8534709e-315,6.297842187398524e-133,9.008799602609202e-288,0.0,0.0,0.0,0.0,0.0,0.0,0.0,0.0,0.0,0.0,0.0,0.0,0.0,0.0,0.0,0.0,0.0,0.0,0.0,0.0,0.0,0.0,0.0,0.0,0.0,0.0,0.0,0.0,0.0,0.0,0.0,0.0,0.0,0.0,0.0,0.0,0.0,0.0
1.7719469726350657e-54,6.001653906694183e-32,1.203779804207759e-9,0.4735417408512706,0.463460828375536,0.06048237420173027,2.5985989568227583e-6,7.617297063431831e-36,0.001510675152873812,1.081768861616478e-84,3.809102134331606e-15,4.3204259707097634e-44,4.481943697965184e-55,0.0010017816158223295,2.6175716017063033e-14,2.1079378654879069e-16,1.52235754927814e-53,1.0089955711544238e-64,2.1869702734468616e-16,1.5957441938763066e-21,5.063176041093048e-33,1.2494628406769045e-83,1.7232227852846972e-69,1.0080005792497205e-97,2.116456691734086e-144,9.119952413965398e-124,5.070552375085361e-136,5.877961362578804e-149,7.309069446551518e-258,1.3675862785520143e-66,1.2292303862488293e-252,4.994416460762228e-273,2.0012945534375833e-269,8.326871084317342e-133,1.3814684260004312e-203,4.059100993749612e-208,3.9211974308921994e-235,1.2190181320088993e-253,6.2297592309064e-261,6.819554273287103e-107,5.0683444420406375e-173,1.5453130696497225e-142,6.148108404169694e-149,2.1490886658389083e-136,0.0,2.4704963788957303e-103,1.0536673390103969e-206,1.633599824858014e-134,7.247861363256738e-177,1.2044692861912195e-256,3.6343773230914753e-233,1.196473015709677e-289,0.0,0.0,0.0,2.0597650883152178e-180,0.0,0.0,0.0,0.0,0.0,0.0,2.2371933786460338e-298,0.0,0.0,0.0,0.0,0.0,0.0,0.0,0.0,0.0,0.0,0.0,0.0,0.0,0.0,0.0,0.0,0.0,0.0,0.0,0.0,0.0,0.0,0.0,0.0,0.0,0.0,0.0,0.0,0.0,0.0,0.0,0.0
0.017203647706328044,1.879770017075718e-46,0.00099363820486438,0.003444182990450143,0.6194877337608625,0.17023859569422628,1.0501707556366291e-6,1.8261969806726158e-11,2.571038903246903e-10,3.5877392174862446e-45,2.8902705687745045e-12,1.0466194743758835e-12,0.001165957844979858,1.8655335601270674e-11,2.0274359703837974e-15,1.6378023351584492e-9,1.4295628000445205e-16,0.05596849443491677,3.1730682254366317e-24,1.0733502209141926e-7,0.13149388708121457,5.961322780342844e-19,1.5125122122073032e-18,1.2827026074692538e-6,3.384250372712573e-35,1.1366179880574747e-44,5.483572338856294e-11,6.751170876125445e-57,3.110247279544748e-52,3.133434259255994e-56,9.29969301885349e-77,2.091963894237125e-98,1.9171789756608643e-105,1.4014075017634976e-93,1.0749223758236967e-65,5.394915509419373e-106,1.77194719037352e-106,4.4798176782830693e-88,6.593652910690561e-92,1.0243204956868438e-39,2.386690340003404e-78,4.3146110734294665e-57,5.921396805124409e-69,1.1119176653800023e-20,1.086414679977766e-114,1.3645961937928395e-24,3.5996098116786784e-97,1.420083173945542e-6,3.4492318337377043e-105,1.0856091601234723e-56,5.7987225928695725e-92,2.342132346342818e-137,2.509047631719365e-156,1.2736364867034276e-174,2.759475575074422e-135,1.1789853713885692e-112,1.3954947904635246e-205,1.7539254462678823e-90,7.345619660426156e-270,3.5877550653004526e-284,5.9465915815594685e-179,2.7047192068696787e-139,4.123144025313561e-169,0.0,0.0,1.856844926842147e-294,6.779727120768791e-207,0.0,1.4244677154354222e-220,1.807906605072285e-282,0.0,0.0,0.0,0.0,6.294110826364854e-292,0.0,0.0,0.0,0.0,4.136167138400808e-307,0.0,0.0,0.0,0.0,0.0,0.0,0.0,0.0,0.0,0.0,0.0,0.0,0.0,0.0,1.2166162822061257e-247
0.29222222842231377,0.5155091762120251,0.16944792779073206,0.02282066757492922,1.3621905426341734e-41,1.1070320559518177e-166,2.858122780735666e-98,2.4305851382675833e-210,9.39393032186571e-108,1.7936911831938101e-155,1.6608398592501262e-196,4.598426289758117e-33,4.623372159085726e-47,2.3374443135935847e-161,1.015661638443223e-198,2.582140393963347e-161,7.242653565311147e-176,1.7109512066242938e-185,5.739455509415183e-104,2.2550099285059673e-228,8.44989697975368e-71,1.210943677729973e-140,2.9159914425730558e-272,1.1849192055909389e-217,7.176262620942095e-282,5.9322073181014475e-171,1.0696849163744894e-126,2.111549705784297e-267,6.850478143329096e-195,5.479461225623422e-187,0.0,1.06925071546e-313,1.3932541055559046e-259,7.328060357349488e-297,1.337134e-318,4.185711410915822e-276,0.0,1.0151602723759726e-296,8.709701183722269e-218,1.957485702679338e-266,9.58866556490348e-252,0.0,0.0,0.0,0.0,6.696097068725554e-278,0.0,1.415074421587e-311,1.003851450666784e-294,1.5021749375054412e-251,0.0,0.0,0.0,1.777005418283266e-309,0.0,1.873173986056823e-157,0.0,4.740593193358774e-274,0.0,0.0,0.0,0.0,0.0,0.0,0.0,0.0,0.0,0.0,0.0,0.0,0.0,0.0,0.0,0.0,0.0,0.0,0.0,0.0,0.0,0.0,0.0,0.0,0.0,0.0,0.0,0.0,0.0,0.0,0.0,0.0,0.0,0.0,0.0,0.0,0.0
1.785107600986512e-16,0.002945981074403056,0.9709359977202141,0.026118000736043916,2.042736349703403e-8,6.132194075380439e-27,6.057726641414862e-24,4.004386530437582e-42,4.906710341876462e-99,4.2457345978579006e-64,5.13251270747464e-60,3.06678020659131e-39,8.165494938964152e-56,4.1866072018426436e-30,9.270743217682029e-111,1.3270910075110822e-54,2.1809378542837554e-49,1.9145626743242222e-61,1.844901482899511e-35,1.1351445911386294e-91,8.845409865121739e-41,4.1975211293138244e-11,1.9447560770103825e-91,7.714190267834926e-143,1.42493297151681e-173,1.7476031197665135e-172,7.150218990635797e-187,2.4364691340021925e-162,3.8750751391893546e-216,2.2984499755914986e-215,5.168909344787939e-184,4.543517996540596e-237,5.825748880610334e-230,6.102114450022612e-274,2.2360147910914355e-215,5.2311430677457295e-289,3.0e-322,2.0795541616667456e-219,1.4320007313982021e-273,1.462211355950044e-162,2.867934877425853e-258,1.2523906329430895e-186,1.4048360253693623e-205,3.597448133738137e-198,0.0,8.248546910035778e-213,6.000169346997529e-257,9.736546860604423e-217,2.008480591667582e-177,4.0925540336957524e-234,1.7324091290441146e-268,0.0,0.0,0.0,0.0,1.5992998090743807e-116,0.0,1.1669389201521243e-259,0.0,0.0,0.0,0.0,0.0,0.0,0.0,0.0,0.0,0.0,0.0,0.0,0.0,0.0,0.0,0.0,0.0,0.0,0.0,0.0,0.0,0.0,0.0,0.0,0.0,0.0,0.0,0.0,0.0,0.0,0.0,0.0,0.0,0.0,0.0,0.0,0.0
0.02092618451657587,0.9139577705343332,0.06511604462514378,3.2394700577328473e-10,3.0756940772447682e-21,5.047664405439832e-49,3.354050005047948e-55,2.404060562551481e-95,2.203364560358328e-109,1.5266890167464285e-71,2.0703441727740187e-99,3.8537803723777075e-70,1.4079609003189627e-54,1.3183918426540597e-35,8.591106542301258e-154,4.986700689507266e-92,3.8190069434747146e-140,1.9462191791900173e-95,9.082825694331732e-74,2.3070230971083304e-153,2.4403418013322118e-33,3.578114551499093e-82,6.970202192854988e-176,2.202413346842613e-192,3.332217206098814e-216,6.9964055942748646e-183,2.4845458646201363e-267,3.856626611053657e-167,1.2875980038634595e-125,6.715800386203849e-233,1.2245820965758318e-275,1.7841131562934312e-213,5.704812649331882e-297,1.796041571529823e-232,1.8690924343616298e-201,1.991035623999032e-294,0.0,2.438694479206629e-240,1.118557154002287e-214,1.822059271111834e-209,1.3357483692727985e-254,1.921e-320,2.3319669e-316,4.255969373669104e-300,0.0,5.052232987688969e-215,1.0426248693388558e-261,4.573368208242253e-283,4.8334396763088475e-216,1.1000057491535283e-247,8.462110768618188e-270,0.0,0.0,0.0,0.0,1.3789099792363063e-120,0.0,3.93332373969513e-203,0.0,0.0,0.0,0.0,0.0,0.0,0.0,0.0,0.0,0.0,0.0,0.0,2.339134467e-315,0.0,0.0,0.0,0.0,0.0,0.0,0.0,0.0,0.0,0.0,0.0,0.0,0.0,0.0,0.0,0.0,0.0,0.0,0.0,0.0,0.0,0.0,0.0,0.0
1.4881726822966517e-16,1.0082955739965587e-6,0.9092956345328717,0.06515638603565338,0.012812571487688999,8.99607307652229e-36,8.911372529372188e-36,1.2013464352482502e-30,2.619029677922521e-54,7.2157710191607904e-59,3.9438958298973793e-63,1.3936114740483901e-34,0.01273439964821167,3.5850123295234964e-36,1.346779608901854e-90,4.844043599462466e-22,1.5853783081577884e-70,1.8706999373574415e-61,2.332815721823532e-51,7.083670043653834e-93,2.1487032728728695e-28,1.371934849939061e-82,8.13381113030016e-83,1.0178787793001367e-104,1.3660437112202468e-132,1.3304324810467858e-145,7.301642042090059e-126,1.9776179348733233e-154,1.6165408647944056e-223,5.5856489866734215e-124,3.241107650640822e-139,1.3473894724238256e-178,3.782224956646149e-160,6.061523845192824e-196,5.818987994137384e-171,7.359442401363688e-195,1.4450513828049265e-202,4.538572456486347e-177,1.3636126715897278e-189,5.790911305176895e-156,4.843255214071156e-200,5.6519517940043576e-120,9.97552017975779e-143,1.4492669244279712e-137,9.876147694079031e-256,1.6445948142026132e-136,1.29957258875702e-211,1.3224962286097777e-141,1.8842912138723844e-137,1.1644442464662315e-180,3.843439923881771e-179,9.982731978757328e-297,0.0,0.0,3.66987e-319,1.0297395982102383e-69,1.1207656274998152e-270,0.0,0.0,0.0,0.0,5.931724739453817e-255,0.0,0.0,0.0,0.0,0.0,0.0,0.0,0.0,0.0,0.0,0.0,0.0,6.932573950499546e-290,0.0,0.0,0.0,0.0,0.0,0.0,0.0,0.0,0.0,0.0,0.0,0.0,0.0,0.0,0.0,0.0,1.7890105631317368e-305,0.0,0.0,0.0
7.947509573374875e-90,0.001994763264588422,7.084018278596432e-23,7.987939850958948e-15,0.0006337716782587515,0.028744450413031045,0.07385184052783499,0.2690416040224553,0.19831691395355355,0.1412905321352702,0.02884979126881735,0.021362950342291322,0.021570298768106122,0.019574859540103195,0.019196085714083624,0.01918408249083674,0.03068791653492697,0.03222974041214546,0.006438252021386996,0.02352165312197331,0.005853121938344075,1.8010661163128803e-13,1.0899836083053302e-32,2.1977441579530224e-20,0.015693497368677874,7.245521228248871e-9,1.6647314977274414e-19,0.010726047663538144,1.8610156064999553e-44,0.0032653214664077846,3.938862224005119e-39,9.094782420300028e-36,1.14541162980496e-25,4.073905872535512e-6,2.136508945462311e-38,0.002330222687620535,2.6991761224539195e-59,1.086969493146698e-16,0.0028102504603995586,0.006573470334983868,1.281030994050738e-21,1.3567774880574898e-29,1.6125322557883495e-19,2.927060392097699e-37,0.001808784750090063,0.008625903699410072,8.547307515075454e-41,0.002175667111524857,5.199678875412526e-13,2.0788400862807926e-8,1.5195538425240455e-7,0.003643951865371508,5.480814377885946e-10,4.3435767377298505e-25,4.333824828577253e-90,1.1934626751674751e-76,8.882714335079577e-117,3.825893070674957e-63,1.4898958226556304e-20,8.660459508087586e-125,1.322840534792144e-38,1.529192277503703e-46,1.0178692768932455e-31,1.3749502612804873e-169,9.509706584597946e-60,7.422229704905516e-133,9.651954174148873e-126,7.902637676623368e-117,1.9686892304126894e-154,7.635680542656659e-48,4.404533552667433e-97,0.0,0.0,5.084785856929306e-169,2.6475977362168696e-45,2.620306920420736e-167,2.633084349494866e-67,0.0,0.0,1.3168471113709119e-43,0.0,5.8036175397153725e-142,0.0,0.0,0.0,0.0,0.0,1.9312126646271897e-161,0.0,1.5882654060638286e-103,0.0,3.0545322869025114e-57,1.8747666892228216e-211,0.0,1.5595977637100445e-97
5.4318904287555165e-67,9.477743790539613e-5,0.1532271047689221,0.7470967926753711,3.331200500373256e-12,9.584925706299436e-15,1.2948051374911363e-34,0.05846970623666721,1.229019876504327e-70,1.7308965873727553e-69,0.041111618877793306,3.2683239876095797e-71,6.5566488370061074e-74,9.93982313385689e-75,3.4518481944913557e-78,3.0626466707970857e-47,6.50279338265314e-76,9.336340751069861e-81,1.7517280248457257e-63,2.1540487009263173e-92,1.9699584745810973e-56,1.4429396137641803e-102,9.598154119000188e-54,1.2917719934758635e-121,6.20707196185529e-107,1.7767194124409755e-134,7.06344066481499e-167,8.199605275588127e-71,2.6356517269031935e-208,7.03331263583017e-141,4.051223170612683e-132,9.556476111028856e-206,1.199925916919485e-219,2.1821311159857187e-208,8.170136847697308e-178,5.528363598428628e-198,1.0747460837786835e-271,9.299026341063623e-173,4.521503280333254e-160,2.3052195043135082e-142,1.47667604016469e-204,3.614877018788589e-182,1.5272169026510698e-183,9.003452411082798e-133,3.5574326233767565e-197,1.0097075890341103e-152,1.0358485324012984e-186,9.779071634256904e-166,6.327177599430115e-143,3.5304639595180087e-193,4.57443671188493e-214,2.2853000036254786e-270,0.0,0.0,1.0660432355399948e-298,1.232423984392138e-182,2.668920703710156e-274,0.0,0.0,0.0,3.221692513231823e-305,8.672034845144936e-245,0.0,0.0,0.0,0.0,0.0,0.0,0.0,0.0,0.0,0.0,0.0,0.0,3.58031643021e-311,0.0,0.0,0.0,0.0,0.0,0.0,0.0,0.0,0.0,0.0,0.0,0.0,0.0,0.0,0.0,0.0,0.0,0.0,0.0,0.0
0.307079491279869,0.5201969104967746,0.17272359822320643,1.49713332473727e-13,1.6555164709085945e-26,9.689376876932503e-128,1.2331149350453117e-130,2.609006755089167e-192,8.174319581388394e-192,9.160444142537462e-141,2.767702038932205e-181,9.064788538842654e-139,1.0039209282400088e-151,7.064394542398424e-31,8.237063743504733e-224,1.610811675487671e-232,8.58711817330284e-220,9.84135429816759e-200,1.503422170119496e-88,1.80897767442296e-248,1.3208783389593097e-16,5.580831605753428e-184,3.584608200655945e-287,6.520657873505948e-278,4.5126800270553414e-285,0.0,0.0,1.4786632176464722e-198,0.0,0.0,0.0,0.0,0.0,0.0,1.8095528786534256e-241,0.0,0.0,0.0,0.0,1.9617763450385124e-306,0.0,0.0,0.0,0.0,0.0,0.0,0.0,0.0,0.0,0.0,0.0,0.0,0.0,0.0,0.0,9.119409925641315e-214,0.0,0.0,0.0,0.0,0.0,0.0,0.0,0.0,0.0,0.0,0.0,0.0,0.0,0.0,0.0,0.0,0.0,0.0,0.0,0.0,0.0,0.0,0.0,0.0,0.0,0.0,0.0,0.0,0.0,0.0,0.0,0.0,0.0,0.0,0.0,0.0,0.0,0.0,0.0
1.7948770625502544e-93,3.988553276860457e-11,0.30530921330094113,0.5710689803809408,0.1236218062625969,6.655226236356716e-46,2.0378761544994344e-90,2.2625197925097273e-105,1.5379339969418001e-83,4.7441467561942434e-157,2.967635730537232e-66,1.897940395706435e-40,3.438943309867836e-108,6.0632584267226415e-33,4.222691919695444e-98,1.3235479597711475e-38,1.563571835683433e-11,2.663484593073749e-94,1.3659310867065572e-45,2.1914183885533258e-103,6.381126818796302e-156,2.8231458564648525e-127,1.3327525457166753e-109,2.0733644698858268e-156,3.027702838244168e-165,5.557610003909487e-182,7.040157513123791e-181,5.010898081553919e-167,8.31755333259e-312,2.1415883091088617e-112,4.422178707679907e-272,0.0,0.0,0.0,8.631234040646232e-209,4.007131010792616e-275,9.287358534316115e-247,4.0e-323,0.0,9.251150034534046e-51,2.870816379106861e-286,2.01147440540594e-192,6.411774641983116e-248,6.335503577289418e-224,4.4e-323,4.2800630006104495e-209,6.253006111609424e-191,1.2909462471780319e-153,1.4638705165255348e-207,2.048747296583878e-306,0.0,0.0,0.0,0.0,0.0,5.6781937431062594e-298,0.0,0.0,0.0,0.0,0.0,0.0,0.0,0.0,0.0,0.0,0.0,0.0,0.0,0.0,0.0,0.0,0.0,0.0,0.0,0.0,0.0,0.0,0.0,0.0,0.0,0.0,0.0,0.0,0.0,0.0,0.0,0.0,0.0,0.0,0.0,0.0,0.0,0.0,0.0
6.8683799283191084e-15,1.9974689164073215e-8,0.9980548637457948,0.001295072008729215,0.0006500442707778756,2.372437523311456e-22,4.966582827801964e-25,6.7996821130385065e-25,3.229086308573512e-61,2.4177925895066176e-22,3.3016989813367196e-33,2.450051388526048e-44,2.7329790493814225e-74,5.683585283742731e-31,1.7363157383114255e-66,5.585831811337071e-42,7.004472638027179e-42,6.394422945987917e-50,3.53905151231716e-22,4.6626249579223675e-64,2.2461768033743643e-15,2.667965576505711e-40,6.252745933429883e-92,9.285648638511955e-88,5.690149111124653e-121,3.385840438346839e-154,1.4749776552831291e-124,4.3227400055453095e-131,1.0318131542312053e-187,3.4263375498126464e-183,9.062613486747908e-145,6.551407365401094e-143,6.577801537274399e-184,6.478510740159277e-208,8.419399067197787e-154,1.0690234111964367e-218,1.3024042735003363e-265,3.1707143500951067e-133,4.0899338754266924e-185,4.054692197118947e-106,1.7698571495025187e-221,3.475199406319338e-188,4.186669841222817e-164,1.5946593866082532e-145,1.82114515177654e-266,2.2814002008600695e-152,4.684586851228301e-137,1.2074739687259942e-125,4.096711592575363e-138,5.255372144257906e-175,1.7868844254303e-197,0.0,1.3201429e-316,0.0,5.4434688338161175e-238,1.7016550331061932e-118,7.567687130138458e-203,6.713534549994787e-271,0.0,0.0,3.123770709509276e-287,5.520564451077429e-224,0.0,0.0,0.0,0.0,0.0,0.0,0.0,0.0,0.0,0.0,0.0,0.0,0.0,0.0,0.0,0.0,0.0,0.0,0.0,0.0,0.0,0.0,0.0,0.0,0.0,0.0,0.0,0.0,0.0,0.0,0.0,0.0,0.0
4.6223046545124533e-32,0.05090096157214244,0.5572184786793263,0.35259157200716995,0.03928898774136144,2.045272749977146e-20,1.4873220590283375e-104,1.696629896268852e-63,5.711839786587307e-155,4.281748672923599e-152,1.031638033875722e-117,8.673977129391869e-31,7.325659560360103e-170,6.761456870242245e-117,1.16661980198781e-158,1.3582791299038406e-158,4.980313507525738e-62,3.323175055393417e-182,3.0676036944302926e-117,1.3678387626775328e-205,1.0599844462332019e-62,2.80642837420946e-156,5.01768985350699e-185,5.003851310226487e-232,7.909255645387949e-162,4.915223747912644e-250,2.097488786313372e-235,2.1316823469660545e-160,0.0,1.6186428939900324e-265,0.0,1.072673569220011e-292,2.4125259226847096e-285,0.0,7.58048439419476e-226,1.24e-321,0.0,1.1071341714943e-310,4.100228628e-314,8.91099642471674e-205,0.0,5.987955479583571e-299,5.602271111604843e-283,2.3086622141091974e-299,0.0,7.374181347275924e-266,4.065631748403759e-240,1.8034225391992557e-146,3.68307075803468e-229,0.0,0.0,0.0,0.0,0.0,0.0,0.0,0.0,0.0,0.0,0.0,0.0,0.0,0.0,0.0,0.0,0.0,0.0,0.0,0.0,0.0,0.0,0.0,0.0,0.0,0.0,0.0,0.0,0.0,0.0,0.0,0.0,0.0,0.0,0.0,0.0,0.0,0.0,0.0,0.0,0.0,0.0,0.0,0.0,0.0,0.0
6.310232564794044e-17,7.506446908560633e-6,0.039890671850050456,0.9358139355951068,0.02428786310921981,2.299871444143684e-8,9.162262337522018e-29,2.473632802895946e-30,1.338165996590775e-87,4.386840864072977e-51,6.102330165273688e-39,7.981143380917474e-52,1.9031013228977582e-84,1.562221113543127e-34,1.662647296553934e-89,3.6862530618188006e-70,1.8673193480709323e-49,6.798905826751426e-60,1.5197318891597726e-44,6.849340222910744e-80,1.8410764780089365e-38,1.5372243298960566e-36,2.527979246336215e-97,6.7082219217513695e-139,2.1029489350090616e-139,7.43650543266527e-142,1.8258999048224839e-183,5.5759807101242257e-126,1.2887068697988225e-235,2.8360127212149696e-211,4.113162009024832e-162,6.552388476910187e-199,1.2830994334734839e-232,4.963642647301725e-245,3.2196311135317875e-193,3.4447233993100346e-243,2.140872495e-315,1.1766386738218025e-171,3.932308317248414e-214,7.946354583498071e-124,7.161755049699737e-255,1.3103225231355388e-203,7.227653382042955e-213,1.5156890387339485e-178,6.519167082556193e-292,6.050173793674591e-202,1.1061348260952518e-181,5.19408306056526e-182,4.333516760860306e-170,5.406705298885947e-216,1.241327999899895e-240,0.0,0.0,0.0,7.177834089897168e-295,1.8316428137314847e-169,3.128763364310965e-266,0.0,0.0,0.0,0.0,1.4962227e-316,0.0,0.0,0.0,0.0,0.0,0.0,0.0,0.0,0.0,0.0,0.0,0.0,0.0,0.0,0.0,0.0,0.0,0.0,0.0,0.0,0.0,0.0,0.0,0.0,0.0,0.0,0.0,0.0,0.0,0.0,0.0,0.0,0.0
5.045927635416062e-20,1.4976222412264078e-6,0.839916130633697,0.15652558410360073,0.00355673667981372,3.3328306993458583e-19,5.422498654946242e-47,1.2325962093635391e-17,5.033043698785868e-24,1.0557211701270212e-66,3.651023773490963e-33,9.178358187771093e-46,3.0408324463348875e-36,5.0960647218311994e-8,9.889360411589054e-53,1.5562987739945224e-36,1.5058685018056721e-92,8.479566794152523e-62,7.523538710193863e-32,1.2937717716786009e-76,6.554184376819553e-55,1.6631867310219702e-73,2.2433168432268436e-90,1.262391167344507e-89,2.92949331344212e-116,2.454092142269689e-152,6.553549266183324e-127,2.213637329808521e-167,1.548585621096974e-146,1.697638056384057e-89,9.400321621352396e-156,2.5172144919860242e-200,1.2605473990307425e-237,2.466457589283206e-174,1.1090316492516288e-166,8.350037210605542e-173,2.2368792504912988e-203,1.349338953793659e-180,1.5217550135166277e-205,5.726919325165139e-138,1.0337838810924208e-168,5.060605304910497e-122,5.347699130235856e-140,2.407060067525651e-155,2.0893851344909627e-254,1.4688951724214362e-129,2.0686097275991545e-222,7.778633596683542e-138,2.817543927629519e-148,1.3050207357400007e-161,4.8145551476920185e-177,1.0298191302187437e-230,3.2341528e-316,2.5201169172030236e-306,0.0,2.195138067779099e-85,3.3569794e-317,1.0700743275622435e-216,0.0,0.0,0.0,4.445603e-318,0.0,0.0,0.0,0.0,0.0,0.0,0.0,0.0,0.0,0.0,0.0,0.0,0.0,0.0,0.0,0.0,0.0,0.0,0.0,0.0,0.0,0.0,0.0,0.0,0.0,0.0,0.0,0.0,0.0,0.0,0.0,0.0,0.0
2.5936852671113604e-102,1.1446207405066943e-45,1.261547543642446e-19,0.014084920761881026,0.7326715628273033,0.23970737306644693,0.0058787929602506185,0.000298612750438274,5.460926144416169e-60,2.2441377454097277e-69,3.3244556327835584e-25,1.288086834690381e-57,4.797208228139373e-13,0.0016028543679544613,1.034870832921188e-57,0.0012317107658078553,2.4553479075240827e-45,4.5070569275042396e-23,2.456838683761651e-90,1.4703260217003758e-17,0.0013451216767015484,0.001130953829288474,1.0584922086762265e-48,0.0020480969934184505,2.924307864467893e-14,7.811511509221645e-112,4.4217205281530845e-81,1.2025540644433968e-138,1.5019386948152884e-127,1.1064793770553525e-86,7.469246164756319e-150,6.615157688028174e-197,2.238613029765136e-124,1.7512334431877604e-138,4.282441830840739e-92,3.1104738812051367e-190,2.320500720009064e-177,2.94236915336661e-178,1.300719447003428e-144,2.4953566668182994e-31,1.3600666265560163e-138,1.288549663864664e-135,1.7888152793535084e-113,1.0242413342382964e-129,5.9074922139859574e-217,3.677004190422766e-149,1.7504248952852953e-114,2.8564923139087396e-51,7.975724637644773e-66,1.2972888105202848e-115,8.948211945550904e-102,2.6055679590638367e-205,7.64280584479452e-246,8.843182414889651e-207,7.420186938895132e-160,6.531506298732606e-207,2.164646077986802e-153,8.5396928809734e-275,1.650537733447779e-274,0.0,3.870168258e-315,3.0065360143788235e-255,2.267015968401936e-300,0.0,0.0,0.0,0.0,0.0,0.0,0.0,0.0,0.0,0.0,0.0,1.2944175225204672e-266,0.0,0.0,0.0,0.0,0.0,0.0,0.0,0.0,0.0,0.0,0.0,0.0,0.0,0.0,0.0,0.0,0.0,0.0,0.0,0.0
5.681589586182633e-9,0.6608446246368371,5.122533097042077e-8,0.04795646994612991,1.7431170473250894e-11,4.9075844999342865e-27,1.0611654374731526e-27,1.2474222930231212e-35,0.03709461023037752,0.011341716979482887,1.8456170558790157e-33,3.3022710307495954e-21,0.0768215050064168,0.04044341326725823,0.0003292223739592728,7.623878344921772e-34,1.161542149431122e-19,2.8007239676617805e-27,0.11506878557850252,2.8666194119539097e-35,3.9366733381974563e-20,6.681061269091725e-33,2.5885136584804874e-53,9.422149952932545e-54,5.563692703994149e-30,1.0756268756106014e-55,2.334830966289935e-55,4.577568336871926e-46,1.6016141802925785e-15,3.3228733160150993e-48,1.3764865542574553e-61,3.688266626011611e-31,1.5708494724090643e-60,2.0157709079989483e-74,1.6802067261094057e-98,1.8729625059322672e-96,2.7778383210285947e-86,7.833619750864174e-70,5.1737841341713405e-33,8.770824678605973e-64,4.511976228565624e-67,6.701301222520886e-72,9.741222672220463e-102,5.419768484346035e-23,2.385770242211212e-124,4.924503691825435e-38,4.445623936156214e-42,1.9843612345671126e-93,5.15945466186815e-58,1.2590151735137217e-83,2.8685314565248968e-62,2.713774570399919e-141,1.6315717887148812e-162,1.3609303146455657e-81,5.373464669219469e-172,0.010099595056682403,2.0960160490329592e-186,2.093471252748982e-81,1.1192855467935613e-136,4.696576767499717e-162,2.1439712504649066e-128,3.5563554254923747e-178,6.487942088740591e-74,4.134452859093712e-214,1.25606349631111e-55,1.4970636745379587e-156,6.773480508348653e-184,7.08181516552334e-182,2.7055027937857802e-126,6.264679843309056e-140,3.836076012892654e-119,0.0,0.0,2.6267001071021737e-175,5.379489957089967e-130,1.3891862593035677e-168,4.2272068503792754e-210,0.0,0.0,6.955966424799481e-302,0.0,4.67681566127532e-205,0.0,0.0,3.801601591742679e-184,0.0,0.0,4.881555057481258e-191,0.0,2.9102569744331203e-164,0.0,6.011577053101805e-158,1.065149551389566e-179,0.0,0.0
1.6998294006274028e-37,3.351081422229648e-8,0.7104075708582285,0.24985918072541966,0.03269421584981915,5.252951436003442e-21,1.1127929268114543e-17,3.2833225356547293e-50,1.370240858390053e-86,5.0073311075625535e-102,2.311691749165745e-70,2.2129953967040182e-86,1.829344167806911e-86,1.2061617996672128e-51,0.0016919155116129352,5.9090475365814095e-123,1.2564759044824078e-80,5.476726919786427e-88,0.0015790359309698868,6.240290483759113e-67,7.2895609527823815e-47,0.002105248076814014,2.0364246711896963e-154,1.2313418107326526e-162,0.0016627995363216984,5.492692757273468e-135,6.244969135732912e-203,2.7517161106932e-101,1.7337890189717704e-202,2.996101093824183e-306,1.8632106605414908e-303,1.0265845784517038e-294,9.242840323378188e-159,0.0,2.3914554732031645e-109,0.0,0.0,0.0,4.020639250517801e-295,2.2936126825020696e-161,0.0,7.62887e-319,5.32006434e-316,5.348045376695776e-289,0.0,1.4047570011482317e-157,3.674734623399947e-220,5.687951635140766e-72,3.887159142251422e-84,3.14367128579415e-176,0.0,0.0,0.0,0.0,2.299670557468043e-309,0.0,1.683986747346377e-275,0.0,0.0,0.0,0.0,0.0,0.0,0.0,0.0,0.0,0.0,0.0,0.0,0.0,0.0,0.0,0.0,0.0,0.0,0.0,0.0,0.0,0.0,0.0,0.0,0.0,0.0,0.0,0.0,0.0,0.0,0.0,0.0,0.0,0.0,0.0,0.0,0.0,0.0
3.9996739180875973e-10,3.523327570497805e-6,0.8867912884899457,0.10955301187230103,0.0009245363853301227,1.2801882879552713e-36,1.7873316014903302e-17,0.0010100733385781312,3.1457682272437924e-93,2.918968172936313e-85,1.489466030903029e-18,4.746492413053213e-69,1.0741500730571111e-98,1.5650278621261672e-57,1.8306884849667336e-73,7.95939239822125e-82,1.3331664374399929e-16,1.7198886244014012e-62,8.181871342249546e-30,9.811172350821613e-77,1.5041774587612667e-16,0.0017175661863069052,8.247456020773485e-100,5.590982653761923e-121,1.3166459346968682e-119,2.8918879517030825e-140,8.756474708248416e-178,1.5693153350991228e-141,7.221357897289204e-155,8.485336741573799e-167,5.535495095081721e-155,2.056885893995008e-196,1.5919377513190276e-220,5.903867883486339e-246,5.844098841473132e-209,8.837813386427991e-229,4.236936567055173e-296,1.2700195179732763e-224,1.4822468060142176e-205,2.224187054134681e-133,1.3052693899048404e-227,2.9365092013075724e-198,2.8883292351705494e-179,2.0569356257287245e-175,3.0504782961243326e-294,1.8259125726487044e-196,7.460733893795156e-180,3.593250430987555e-138,2.0962898695141685e-134,4.432166006102335e-180,4.003698722352201e-220,0.0,0.0,0.0,1.4375322596617966e-275,3.0612755833614075e-151,2.5922363611990925e-229,0.0,0.0,0.0,0.0,1.607922169100688e-272,0.0,0.0,0.0,0.0,0.0,0.0,0.0,0.0,0.0,0.0,0.0,0.0,0.0,0.0,0.0,0.0,0.0,0.0,0.0,0.0,0.0,0.0,0.0,0.0,0.0,0.0,0.0,0.0,0.0,0.0,0.0,0.0,0.0
4.519062339136404e-55,2.5241051699153893e-65,6.702893294471923e-7,0.010371902208162427,0.7851121445970992,0.17203445109441393,0.016244741815140722,0.003082928721421981,0.012517567340298472,1.9365375652467254e-29,3.384777126718166e-11,4.117018642462879e-24,1.1967784130282008e-12,8.043941265073e-6,6.167612995696393e-12,7.932848263177018e-5,2.2655898045658192e-5,0.0005255655479858273,6.257311531311639e-33,6.676565446994017e-13,1.1581086024406608e-31,2.0979530348636898e-24,3.9133934540121947e-38,1.8934723436225945e-30,2.2324597785848153e-11,3.471420352997219e-18,3.073425771128973e-29,4.7413502555284904e-55,2.1261319558598835e-72,5.517990248654611e-16,3.065367915633812e-56,4.2302155851209835e-84,4.478527918337602e-69,8.087022164630793e-90,2.994127252688585e-73,1.6187954366219864e-61,5.910314331365698e-130,9.762388591369282e-71,4.454428498922985e-52,5.3478387807159635e-77,3.9043442703610615e-50,5.87187016945829e-16,3.722869754638142e-44,8.02390373273014e-44,6.991991079924496e-96,1.5103086566692423e-26,3.300278156057868e-124,6.4569467623606064e-68,1.0351569732907137e-125,1.4044187947096859e-49,1.1943143955598874e-142,1.4496955490727063e-141,1.4535402628999107e-155,6.162045544690524e-191,4.2136092626614625e-204,7.588591901362571e-124,2.8958233241051684e-199,1.747365092094676e-148,2.8757870193522935e-212,2.9842313261249653e-227,5.127221052734929e-162,1.5287122252515365e-200,8.936734337734419e-183,0.0,1.68676968638647e-278,3.318726954383574e-295,1.454346960876099e-268,1.2331843177514456e-254,7.115701894963349e-290,8.877954463833228e-254,4.7586658620751164e-279,0.0,0.0,0.0,1.522895750264154e-225,4.05e-322,1.0901501823925552e-264,0.0,0.0,1.3412640590276664e-177,0.0,9.0842469706941e-310,0.0,0.0,0.0,0.0,0.0,2.5e-323,0.0,5.529958515092879e-270,0.0,4.3756186868030464e-269,0.0,0.0,2.7497744025639967e-298
1.1139189014402941e-40,7.8573879759092995e-31,0.006948532962012547,0.9790022903140111,0.0011584929527892094,6.178069205440246e-7,6.652194483124033e-11,1.3543888439602557e-8,0.0015815174376861674,1.1686406687520755e-41,1.3780233695751721e-9,2.9344726593833357e-35,1.919237091220018e-9,0.002296453695681279,8.33530380043126e-24,0.009012076814752776,1.1545227359963202e-19,1.1011069442317178e-9,4.576211366184284e-44,9.444270883305456e-26,4.952579788373249e-29,1.959873990863033e-36,4.2804360324055766e-33,1.4019304091369439e-42,7.716456624613596e-34,9.573009295174688e-64,5.2316107181058296e-48,7.869819300845776e-109,9.735054105430824e-96,7.368863318004988e-12,3.650610391344805e-48,1.1800265688133186e-115,2.4857435154984162e-152,9.157040285919311e-113,6.962270489210252e-115,2.9510557738911503e-78,6.95001558463152e-135,5.670500368519292e-102,2.1023270524519608e-86,1.4587986784228976e-101,1.0497728063260273e-92,1.0143697491196658e-21,1.3749189756587758e-29,2.418760294979171e-51,8.371078910503568e-155,1.5942602334113382e-36,3.491041598859314e-104,5.248645719013589e-63,1.5925313776994021e-121,2.235761763660149e-129,5.226291786583245e-128,2.309325233080148e-218,1.837217788763205e-271,3.841782776709629e-241,4.1707983928525764e-254,7.110993491792163e-88,4.482125084946512e-206,2.803954887150525e-184,5.771577403282137e-306,3.940174210094779e-267,6.976456880985035e-278,4.832198376506146e-165,4.056858225960438e-170,0.0,3.48822574e-316,0.0,1.084410889567537e-288,0.0,1.9942834474364324e-285,2.699404924052561e-299,5.91363810756588e-309,0.0,0.0,0.0,5.872253763929016e-237,0.0,0.0,0.0,0.0,0.0,0.0,0.0,0.0,0.0,0.0,0.0,0.0,0.0,0.0,0.0,0.0,1.7960519477748244e-307,0.0,0.0,0.0
6.307967584782253e-50,1.7938993460335684e-61,1.224944001394327e-14,0.7034889901954112,0.24490514088392887,0.0022865637793811136,5.0269182238521305e-8,1.3718002865717705e-21,6.821790064507121e-31,1.2462233622240285e-71,0.03339912997097778,3.2641118441839e-13,3.04669436765873e-22,0.003972590626732463,3.916429443072671e-19,5.671169787697404e-11,2.7679578141922257e-38,0.011494609039721933,6.457893544709441e-43,1.753396719421249e-36,3.884873778424938e-74,2.1968062955986083e-64,0.00045292517748454655,9.876456418322024e-44,2.787282824706545e-86,1.0007279372449862e-70,1.0003548611129587e-88,3.5550243351700345e-86,6.742584004783779e-143,1.0244644664167097e-69,6.839464748601316e-157,2.617050867104632e-230,2.487097820600564e-152,1.0662472790827506e-151,1.272657923332465e-132,7.746715825238177e-160,4.86983122033472e-174,5.0518282005484e-231,7.0494062660492055e-162,1.294419677872032e-13,6.028107939609251e-113,2.1816626273418513e-134,1.382811759608643e-160,8.702224830582492e-121,1.0660058130725887e-178,2.4040329351832865e-116,4.913530161643177e-83,1.0920939622391732e-95,1.0724665299835048e-60,3.4650661315043603e-137,2.915527756094911e-181,4.280446585715428e-151,2.8003680337532393e-200,1.2130835061092485e-197,1.5019584033237833e-180,4.958516068624557e-226,2.9391211659289996e-157,3.63981811995493e-230,2.8e-321,0.0,7.172785565914864e-228,7.475028648373978e-237,4.862084267390776e-158,0.0,0.0,0.0,0.0,0.0,0.0,0.0,0.0,0.0,0.0,0.0,0.0,0.0,0.0,0.0,0.0,0.0,0.0,0.0,0.0,0.0,0.0,0.0,0.0,0.0,0.0,0.0,0.0,0.0,0.0,0.0,0.0
2.810254105434501e-61,1.82891828945445e-46,2.0659658987198204e-16,9.005354213838683e-6,0.05021367491857157,0.44559030295076685,0.007799756780474384,6.632882456637568e-9,0.011152148843563785,8.493146057043219e-8,0.026735993830070005,0.07798141212255479,0.07452195580001633,6.868521272320114e-5,0.022618594002130767,0.1068766428469159,4.6465780609166366e-8,5.6667785003259986e-9,0.018682982946134633,0.021480287849711035,0.024267765074679398,0.059250223727390305,2.4240722946605466e-14,0.022575790402711814,5.5080820246868405e-14,0.011213482124088485,1.2556996151391024e-28,0.01394308264668563,3.8210852058956874e-23,5.622641460364746e-19,6.91765959828935e-29,9.015148811816112e-41,2.431076418007395e-30,2.1815822556630112e-31,1.3246982035590186e-30,3.805460660952378e-36,8.799395454217288e-45,5.0814540946201974e-39,6.332488029903929e-33,1.056199903322019e-16,3.505453405392514e-31,1.007578751722783e-21,7.131588341818302e-41,3.9796560452494717e-23,3.4731687380060707e-35,1.4415505218590696e-16,1.0604460263959391e-73,8.984284903713328e-47,2.0566936684107868e-45,4.852127457548602e-16,1.9559427221032017e-61,2.513340029009018e-21,7.030888483883136e-31,4.225457169200843e-56,7.4741471773224105e-96,6.215828614570687e-70,6.265813960033296e-83,1.3575604610132027e-42,5.766989145750971e-61,2.7503673054405528e-130,3.607250138617512e-86,4.0470527192076616e-77,6.360028339615117e-98,7.815719759891256e-201,3.7497948845427475e-87,2.0127385845884227e-132,1.159195524501596e-143,7.033397333525324e-70,1.2211304171716101e-118,4.855264824953345e-75,9.214943420221663e-120,0.0,0.0,1.6647952219510139e-149,6.83796472760286e-57,4.229778669211611e-117,2.1635770832531272e-72,0.0,0.0,1.2573894728117889e-82,0.0,6.609329922888343e-234,0.0,0.0,6.93182641585184e-290,0.0,0.0,3.386144393877804e-101,0.0,4.227836669757217e-90,0.0,0.0050180688696149535,3.2428848047555067e-128,0.0,6.843525968194264e-74
7.427786527207723e-77,8.493204578480149e-28,1.2813841041571696e-8,0.8249424680274854,0.17484352427413333,0.00021350788511610307,4.763506170645959e-18,3.3808907738560314e-17,1.1591608384328102e-34,5.801107553161219e-75,3.56383201890119e-24,4.762778906163151e-46,1.9148886743797455e-34,4.869994228180043e-7,3.859657290976108e-54,1.524947919775118e-16,1.002220815775069e-15,2.3399499328141896e-29,6.714083301283674e-64,2.923761460134109e-29,1.5807862587564554e-16,6.546950850323809e-26,1.5245744704990868e-49,1.5969656640062678e-33,3.0386575108211297e-43,1.3848653680078613e-131,5.625005390818002e-113,5.60685571929939e-153,5.18851864093178e-162,4.530839705524239e-73,1.9449803513883188e-170,1.7638881513373117e-235,3.066808525978563e-154,1.3823052291235425e-196,1.2658572086966059e-140,2.8335853524133363e-255,1.3465817495485503e-188,2.2498032061756276e-204,1.0967530527447049e-195,6.0163724085375636e-36,9.65494074890222e-168,3.956571845646175e-119,1.1007068520361554e-139,3.0647737967554588e-143,8.613037121876374e-237,2.060974345330148e-166,1.1560665513332887e-162,3.2920823901153743e-60,1.0717562136414318e-166,4.310884842281764e-148,3.644213559357639e-165,8.768062057172441e-214,0.0,2.2213972801754967e-268,1.0221674947320735e-228,9.773700747943106e-202,2.948772394201828e-222,6.799312671588734e-284,0.0,0.0,0.0,7.092898058724148e-296,0.0,0.0,0.0,0.0,0.0,0.0,0.0,0.0,0.0,0.0,0.0,0.0,0.0,0.0,0.0,0.0,0.0,0.0,0.0,0.0,0.0,0.0,0.0,0.0,0.0,0.0,0.0,0.0,0.0,0.0,0.0,0.0,0.0
1.0049571064714458e-31,6.259762733795954e-5,0.9692937648556355,0.030643502184477592,1.3533254027293586e-7,8.721732742428863e-15,1.5565192399531704e-25,7.865181501097742e-30,1.0291941036076209e-67,4.635449575270536e-59,5.883692079628217e-45,1.459102549808839e-21,2.3767563997228935e-26,7.80168117342218e-37,1.1855255069123542e-114,3.7943977563723105e-24,2.939372249721291e-70,1.6023769105532372e-47,1.6638656751738118e-63,3.7673380309312467e-100,5.314228217196275e-73,1.9166668715484064e-112,8.055789840403249e-77,3.7511509095222095e-124,1.9791537529285567e-149,7.035329628149377e-172,2.1073065785132046e-191,7.853224915518058e-187,6.0631214734217734e-248,6.7526241902077074e-136,8.613393071843939e-185,2.2558294478259e-211,5.727969737972353e-219,3.286757661571516e-223,1.1051946482287467e-150,1.729769187260752e-249,1.6723419359283935e-257,1.9712679951447416e-196,1.9555545863963304e-233,8.154827553681752e-172,5.840090007905954e-246,6.763152116796454e-155,2.793477064045676e-152,1.1496153385180265e-160,6.4869222050967426e-273,7.805309043179922e-175,3.0997165679478144e-232,8.802230999105448e-209,4.416663993382363e-156,5.532219915932312e-228,8.786606092172452e-209,0.0,0.0,0.0,0.0,1.3044352510746254e-131,0.0,6.208473598021692e-298,0.0,0.0,0.0,0.0,0.0,0.0,0.0,0.0,0.0,0.0,0.0,0.0,0.0,0.0,0.0,0.0,0.0,0.0,0.0,0.0,0.0,0.0,0.0,0.0,0.0,0.0,0.0,0.0,0.0,0.0,0.0,0.0,0.0,0.0,0.0,0.0,0.0
4.672083226922319e-38,9.479049231134584e-42,1.3464965945118695e-8,0.026064422988910284,0.858282895336661,0.06326901017813097,0.019808975424325963,1.0846015084972582e-19,0.02351660180634413,1.9106783465545023e-42,0.009058057993096252,1.0351148214025635e-33,2.280690104423549e-8,3.2005383030959674e-16,6.018390254256493e-13,6.232121775393708e-14,8.832306696259048e-28,4.623504728284604e-28,1.35106906991375e-29,7.937015776068947e-24,2.6540090219147586e-25,5.179485040846044e-42,3.975558362269579e-41,4.534410963448369e-67,1.4721100292830874e-71,1.3811638592998616e-76,2.0534608600726702e-85,1.7100166325666954e-79,1.3269085242941593e-111,7.310936949623328e-57,1.4241675373090688e-121,5.159665610056922e-125,9.321972249714486e-154,2.9924426134449366e-98,5.544013886808816e-108,6.711431097340541e-68,1.0813961556162755e-99,7.557646784698606e-106,3.2142020211165524e-115,3.7950058474116725e-99,1.5550387912313854e-91,7.569220398264036e-87,8.894282229736528e-95,2.183120892116904e-28,2.8045366765294755e-160,3.621372036943701e-18,7.675551314629363e-125,4.351520451748309e-58,2.189410903889799e-136,2.2930302105841807e-134,1.1842421341717708e-145,2.264063427919039e-123,5.151800429792436e-199,6.711183899823855e-171,2.9317770956890965e-209,7.886686587300739e-153,4.996909048251349e-239,1.3088382811764258e-155,1.6772493735884138e-295,2.043725859604104e-288,2.7120235933995648e-269,5.0e-323,1.8710468477998462e-123,0.0,3.403707990247353e-308,3.052616469988966e-294,1.1773664907022175e-289,1.6932068400002522e-279,1.6411987005163777e-294,1.4914630093071077e-240,1.4355230354187083e-287,0.0,0.0,0.0,2.198655030566605e-292,0.0,1.4728418145456791e-301,0.0,0.0,2.3273965460585538e-240,0.0,0.0,0.0,0.0,0.0,0.0,0.0,6.930951062576e-312,0.0,4.8169211991163094e-284,0.0,1.34080245659813e-308,0.0,0.0,0.0
2.3684321687229056e-100,3.609058931589553e-66,2.2965766881842463e-28,0.0028753774805645596,0.7240671430014096,0.26019360844178263,3.7687363475915815e-5,8.403674612783258e-18,2.1422739271296853e-8,1.0201588157471304e-27,0.005000869024001937,0.0031477507090749263,2.3579916963013545e-19,1.5906545343054908e-29,0.001583595334979874,1.451571646847681e-13,0.0022590640688250657,3.6530536889922115e-7,3.6039839542817195e-10,1.2458073093507401e-20,7.259702061987351e-10,1.0722270134245404e-25,0.0008345167612635413,6.483486866099641e-39,4.09866146401348e-49,1.4165598298526222e-44,2.1719572680875167e-60,4.153805169613444e-98,7.653125675947284e-96,1.5725488399015403e-89,1.6066101165666418e-73,1.2828726748262787e-162,2.0932470818531495e-64,6.42511719419281e-67,2.6669979726490542e-95,2.0398581538745403e-169,1.7869002542239448e-146,1.3211520458762512e-159,8.7521453464024e-68,8.851783442324108e-56,2.4949045273422658e-70,3.551990692528196e-70,4.652535023647212e-137,7.410455976117501e-119,9.176454377573348e-145,1.2279864773475866e-115,8.357749171042926e-56,1.6566410900112753e-67,2.1420013499403507e-75,1.3607831799476562e-63,4.096414426047957e-122,2.268208495447198e-96,2.2048005722754032e-130,3.455878714349854e-159,2.032060755644296e-224,5.712820754757198e-256,2.8510735961704203e-235,5.729863957089808e-167,4.3221893995327616e-209,1.7947417855965534e-307,2.713291568943091e-202,5.508314064599902e-179,5.7705865248185565e-177,0.0,7.090424805595645e-286,0.0,7.677043740521668e-284,0.0,2.2885043953435594e-274,3.06551734054096e-309,0.0,0.0,0.0,0.0,2.9253428587745315e-296,0.0,0.0,0.0,0.0,0.0,0.0,0.0,0.0,0.0,0.0,0.0,0.0,0.0,0.0,0.0,0.0,0.0,0.0,0.0,1.699228955065391e-285
1.5944497368734182e-42,4.689444501725805e-22,0.0026590513457653555,0.5716670519713811,0.418859704717817,1.6365689052839233e-10,2.534533685838833e-19,1.5464914399851565e-32,6.9710220856319074e-12,1.023402543439461e-59,1.2452942108804326e-16,7.908552313536161e-8,3.1328074103649037e-51,1.4966032419503207e-13,7.634026210177192e-30,5.5726488685600166e-5,9.859935054243178e-55,6.785479053640861e-54,4.525413377023567e-28,9.318868444052265e-64,7.492870541764177e-93,4.330161809677526e-101,0.006758386220050282,4.2072923035219584e-88,6.276428606501226e-129,3.88401197931491e-131,7.337868777760538e-142,2.263504397352322e-172,3.3697847403222438e-276,1.8369602377087444e-82,1.257681864930825e-171,2.44404e-319,3.609784337787331e-262,1.8628011544420673e-171,3.9538374555356064e-207,3.350778856331264e-226,2.029590534368059e-250,7.361625312901921e-221,5.544325390601827e-225,2.1555843225152078e-24,4.983718691104727e-149,5.2669798735821765e-130,8.154809068004873e-166,2.6715009033472235e-139,7.8325180495e-313,5.586758718918591e-145,1.689885823046179e-200,5.451768302183982e-98,3.9636322716963915e-140,1.212716231144967e-200,2.8084984380338814e-212,2.0e-323,0.0,0.0,0.0,3.768327043538695e-153,1.0140908823472972e-288,0.0,0.0,0.0,0.0,0.0,1.6935600515176624e-284,0.0,0.0,0.0,0.0,0.0,0.0,0.0,0.0,0.0,0.0,0.0,0.0,0.0,0.0,0.0,0.0,0.0,0.0,0.0,0.0,0.0,0.0,0.0,0.0,0.0,0.0,0.0,0.0,0.0,0.0,0.0,0.0
3.770998020636813e-80,5.98171501231805e-90,7.772854250444588e-37,7.870918478160708e-12,0.00536463474708071,0.8477264969712027,0.11911143010718385,7.111471322037944e-5,0.001020580774014468,1.5820767272010405e-15,0.0018575583894923503,4.065191071035993e-12,0.005727048290320142,2.3109044195334927e-9,1.3620174315242288e-11,0.000867170445542903,0.0013816803612777622,0.004276098901558006,1.418183255301647e-13,2.8107266502407423e-14,2.127063219803202e-14,0.008055443839668447,0.0003132792530235822,5.525825258737216e-20,9.492195782617082e-15,0.0032600325885384198,1.1049412071199132e-17,6.803046166013228e-68,5.901806339059383e-38,9.197840082826205e-49,2.462207268739753e-62,1.092810926457658e-70,2.785674956993348e-57,1.7617304594600472e-8,2.247608020879091e-78,4.786081019230241e-109,4.5808215811578e-123,1.7113889427448953e-100,5.147703940038106e-36,6.458146304772762e-68,6.841684156356116e-41,3.0138542952404956e-54,2.2161395078384426e-84,5.1729131593853e-62,1.0416766100191965e-82,6.035213797045966e-30,0.0009674106639086517,3.4209367737007533e-38,7.699657898192986e-49,1.1375837235742221e-30,1.32824938991715e-123,2.858648531504837e-50,3.507116192867656e-48,1.4566284968182088e-73,1.7088604552248066e-188,5.424717474443718e-172,5.84729327115146e-171,7.874089326025858e-95,2.3118988369397767e-139,1.807688600710588e-186,6.709401455497202e-114,2.8179070371271877e-149,1.76780186569534e-133,2.773106e-318,9.7294e-319,1.9365884224765983e-298,3.02061801578539e-194,0.0,4.8807589670005953e-265,2.893119339544593e-215,2.292129263182274e-258,0.0,0.0,2.7170573270491854e-290,9.566263014538121e-206,8.068024060906854e-308,0.0,0.0,0.0,2.4597391338299095e-164,0.0,0.0,0.0,0.0,0.0,0.0,0.0,0.0,0.0,6.080646986649782e-240,0.0,0.0,0.0,0.0,1.230861694368673e-195
0.0073047341486890205,0.8285225475282503,0.16417261450477158,1.0380999682841363e-7,1.1919653122680574e-12,7.995771567905637e-39,7.1004355865424325e-12,1.565941170285757e-60,9.421433714326653e-73,2.290598078939669e-61,1.1326596635699709e-83,1.482101197439621e-33,7.012824133523402e-34,9.885866661628326e-40,2.9970720004822856e-204,2.2667976308315143e-105,1.9665808949853967e-174,1.8464266140413223e-96,7.24210811201457e-77,2.071705533594267e-190,3.980023119950761e-79,1.2374141740687522e-139,9.202066912199201e-197,2.6290992184222003e-150,4.305873061437032e-225,1.286570449977e-312,1.039603395408787e-253,4.2225893672044676e-209,1.78410191110873e-309,6.80734502867146e-247,9.939305810419447e-301,5.875074841358292e-271,5.624781053149264e-282,0.0,1.6918119181886248e-222,2.14054e-318,0.0,1.813825494087402e-232,3.6865243719014574e-283,2.301866634749228e-246,0.0,3.3489593417923086e-270,0.0,0.0,0.0,1.0206155545841797e-235,0.0,0.0,3.568451606178233e-233,2.24527880888367e-283,0.0,0.0,0.0,0.0,0.0,4.864925104621226e-126,0.0,0.0,0.0,0.0,0.0,0.0,0.0,0.0,0.0,0.0,0.0,0.0,0.0,0.0,0.0,0.0,0.0,0.0,0.0,0.0,0.0,0.0,0.0,0.0,0.0,0.0,0.0,0.0,0.0,0.0,0.0,0.0,0.0,0.0,0.0,0.0,0.0,0.0,0.0
1.5112029528797208e-9,0.6457741002965063,0.021999048973606414,0.3293430972437583,4.290432344436924e-8,2.7843514378404467e-25,1.9085281017938574e-32,1.0363136000141116e-58,7.667195463083891e-38,6.188524530682304e-69,8.713527458693333e-75,5.7049714256385575e-74,5.683570803282425e-94,2.5039917837736117e-74,1.4189463059026042e-26,7.760592896006523e-123,1.659588007928883e-71,8.263541726054291e-104,0.0007772304992861037,7.017905426708739e-81,2.6525493701511382e-45,1.5855540341022365e-33,3.2380996296884824e-152,7.460315212556739e-102,1.2293567546429921e-53,4.22199240326168e-124,2.389385267712953e-127,0.002106478571316382,7.24670343575192e-138,7.74567487693418e-117,8.011254399841691e-169,2.0069436286875083e-175,1.1918864886520502e-208,1.5637367489853595e-145,3.040703024000089e-93,1.740136424864767e-143,5.6857333462495196e-235,3.7347483830816966e-124,2.2915403360155337e-174,7.909710010888417e-189,1.342403142817802e-179,1.057099864800571e-188,5.330213797983174e-186,1.2384285797423028e-164,9.746979759664094e-294,1.0001391634063486e-138,1.0094885517249151e-81,2.5893022979223293e-84,1.2600618627931402e-137,1.1134088620510682e-182,1.5464632458533573e-164,1.0483910414181285e-227,3.0247325838843833e-217,0.0,4.089349133554081e-158,1.459882779824018e-192,1.9529182206888636e-137,5.238201362225492e-259,0.0,0.0,2.450147958e-314,2.1111111518878727e-261,0.0,0.0,0.0,0.0,0.0,0.0,0.0,0.0,0.0,0.0,0.0,0.0,0.0,0.0,0.0,0.0,0.0,0.0,0.0,0.0,0.0,0.0,0.0,0.0,0.0,0.0,0.0,0.0,0.0,0.0,0.0,0.0,0.0
2.0840039014992797e-30,8.295105665769035e-11,0.206814190850564,0.782042980326989,0.01114282873918346,1.2782024408189849e-28,1.7718236459610605e-20,3.12583667499272e-13,1.0018908958408616e-81,1.5553705453873573e-71,4.630094860702419e-34,4.5912545936767e-50,3.3266067773730113e-71,1.1527308936530688e-35,6.260037401803049e-36,2.1633872014416596e-71,2.354797785308804e-22,2.016330586595923e-54,1.5757077886472907e-39,8.895156205610626e-78,1.9921884662667168e-19,9.821494186155453e-19,2.652844816716797e-78,3.53349448569172e-126,3.608599599125969e-68,1.0588537091947487e-93,3.558239709159414e-165,3.94377379951874e-152,7.088511130497458e-160,4.4543506095167965e-163,2.673876334914188e-122,2.2236334561185764e-232,2.045088899433457e-189,1.5539392776849815e-243,1.3160843015701527e-153,3.060147127429937e-263,8.573855339406618e-288,4.6305391270430484e-225,4.8458349734949485e-157,7.558377753460699e-92,2.2859377970611295e-200,2.4384022429271545e-175,3.2245911866649637e-192,3.92447670012241e-181,0.0,1.0083400777501232e-168,2.275726554540838e-201,1.3089230337902366e-92,8.040436175583048e-103,4.8831709486025777e-150,2.100389533551401e-165,0.0,0.0,0.0,1.1149594942867538e-294,5.337744142793135e-203,6.704800962253918e-271,0.0,0.0,0.0,0.0,1.5091213610932271e-279,0.0,0.0,0.0,0.0,0.0,0.0,0.0,0.0,0.0,0.0,0.0,0.0,0.0,0.0,0.0,0.0,0.0,0.0,0.0,0.0,0.0,0.0,0.0,0.0,0.0,0.0,0.0,0.0,0.0,0.0,0.0,0.0,0.0
1.2257602421714018e-75,1.0291196473389533e-18,0.001506813947972676,0.7625914907611195,0.23353844551416525,6.401465978378616e-9,2.292109408078403e-27,1.4198606458312525e-34,3.0666365955111603e-75,1.0089960266473088e-107,1.7185168507426734e-36,2.491607173372833e-44,1.3132929213653425e-80,1.1321053152551147e-20,1.8345007462515618e-83,4.7821546192502244e-57,0.0023632433752763496,2.379533195787716e-50,4.2807623663907566e-79,1.5100726676828197e-60,1.3415038551971717e-21,4.881555589456286e-29,1.2683383089760672e-79,2.249475418769485e-103,2.444410890610275e-29,9.05161423653802e-148,4.5859495246676586e-153,6.407766128759676e-177,9.716975207896572e-225,3.195928151559162e-141,1.4224030772760583e-240,1.7239912687556972e-251,8.805830007660247e-181,4.3899569252165025e-283,3.493265472579704e-172,1.861084466452426e-294,7.678098013013245e-284,1.5960171437575163e-232,3.713211089034884e-279,3.6960080945535566e-83,3.191993185910604e-250,2.4128990543576676e-196,1.588334585874173e-222,3.52638579805321e-197,0.0,8.197391672614051e-182,1.451082138853208e-223,1.3873269630970755e-79,9.874007510203959e-163,2.2128445530599753e-198,1.8181401916591965e-163,0.0,0.0,0.0,0.0,1.8012198757347993e-303,9.974916269464262e-280,0.0,0.0,0.0,0.0,0.0,0.0,0.0,0.0,0.0,0.0,0.0,0.0,0.0,0.0,0.0,0.0,0.0,0.0,0.0,0.0,0.0,0.0,0.0,0.0,0.0,0.0,0.0,0.0,0.0,0.0,0.0,0.0,0.0,0.0,0.0,0.0,0.0,0.0
0.3598936179195613,0.49474449349952304,0.12760993453490208,0.013683601700555055,0.002354510885252868,5.826838784173487e-222,2.2514764167241994e-110,1.2116028472166646e-186,4.527002920641944e-148,5.05049856064975e-218,4.388641384223425e-234,5.595310231453604e-152,1.6210237509246823e-116,6.691756631552207e-96,9.067687889449845e-247,2.1471297006369937e-235,7.78660177897454e-310,2.263149479544201e-223,7.51968101986259e-89,0.0,0.00171384146020571,6.57283747546008e-278,0.0,0.0,0.0,0.0,0.0,3.621533332124454e-200,0.0,0.0,0.0,0.0,1.463772066554199e-288,0.0,0.0,0.0,0.0,0.0,0.0,0.0,0.0,0.0,0.0,0.0,0.0,0.0,0.0,0.0,4.09888582443798e-278,0.0,0.0,0.0,0.0,0.0,0.0,5.515258426133114e-299,0.0,0.0,0.0,0.0,0.0,0.0,0.0,0.0,0.0,0.0,0.0,0.0,0.0,0.0,0.0,0.0,0.0,0.0,0.0,0.0,0.0,0.0,0.0,0.0,0.0,0.0,0.0,0.0,0.0,0.0,0.0,0.0,0.0,0.0,0.0,0.0,0.0,0.0,0.0
1.9307730977532674e-68,4.003032232774583e-23,1.2088182685552981e-7,0.9316349591794307,0.046551191673957784,6.994684232325772e-10,1.7007478574568934e-10,3.973102442910129e-18,5.486391442822879e-18,6.238790249978637e-29,1.7272179122948908e-11,0.011653530760860146,4.743841962345625e-21,2.1348157588220817e-20,0.010160163533706397,1.9118033023232806e-23,4.114858566466654e-21,1.1198507039976807e-23,1.8244194768035878e-29,7.173135987783674e-18,3.3083402728310104e-8,2.999723275182375e-21,1.1535956449487887e-26,1.579097716366721e-59,9.1447413929374e-22,5.591429049614153e-99,1.1948113102716887e-75,3.371038007825692e-67,1.71290900529894e-95,4.16486450501754e-95,2.7562610639691226e-67,4.5476844757576435e-135,1.8398455530169624e-67,1.1772023017777547e-104,4.1314756403595286e-67,6.814845243576357e-136,3.376759126031595e-127,1.2339807875162648e-186,4.191296627003567e-85,5.901084496640736e-27,5.598786460709411e-100,3.4078734021434194e-69,2.252665486577619e-102,6.330090627794429e-107,1.1108140372347204e-122,9.203909106395123e-135,3.408951689975691e-105,1.118775999966495e-27,1.7255737625565598e-45,2.3758501006830075e-84,2.549356254863774e-112,6.126060112806175e-114,1.2601493711592895e-114,5.325637187595275e-143,2.529910094683022e-116,1.7884178967001436e-155,1.504680738396125e-131,1.273947303356877e-128,2.7140141559268697e-182,0.0,1.0859880693362255e-217,2.232702966208079e-161,3.0348616514934135e-231,0.0,0.0,2.648311963835791e-308,1.5132256294529614e-253,0.0,5.711177670289072e-194,6.877127921421548e-293,0.0,0.0,0.0,0.0,6.598557103384329e-268,0.0,0.0,0.0,0.0,0.0,0.0,0.0,0.0,0.0,0.0,0.0,0.0,0.0,0.0,0.0,0.0,0.0,0.0,0.0,0.0
1.3942148102257886e-17,1.1015716312408043e-22,7.906134262536414e-5,0.00021231818188350465,0.016788157032379906,0.08886947132682095,0.005006881278617184,0.04664417612095267,0.07859838159970922,2.0346130115516627e-6,0.11638425550106404,0.08600109963673955,0.07677058248640335,0.11067886299837046,0.12212926853721068,0.00743198731214534,4.567335599097813e-5,1.6481377068100554e-7,0.03989185783410787,0.012940396430775783,0.04452338012028365,0.0041406226129862885,0.0004870280297358556,3.1544977268134836e-8,0.02516592087769032,0.009022591081006014,0.023844439805385826,7.888293460743097e-6,1.050966436617053e-12,0.008871639989906527,4.392997700619618e-34,2.1248571344779046e-35,2.674311328367982e-13,3.1333931148002987e-53,6.215785158631992e-5,1.5152563623397392e-21,2.1779500288355936e-65,2.372146149067472e-24,0.010708999613710721,1.6109419670187998e-31,0.0001761542567884097,1.1414503178562142e-26,1.271393420588534e-47,0.013616382798914776,2.770212907979138e-14,0.0160537881620731,4.824764015128424e-34,0.017687694671177704,0.016904337424361517,0.00025231246202994775,1.0885346065681376e-32,7.068779248678301e-84,1.644748941023537e-72,7.133963462866862e-137,2.3105001565039586e-112,6.2598627506488054e-62,1.769265421961936e-121,1.4876490907110245e-73,9.350990511457495e-69,5.009206882860508e-67,3.989457037464631e-52,1.5295914287072606e-116,4.220939838584963e-33,0.0,8.79027446927298e-88,9.078087259187038e-211,4.2935918448192646e-225,0.0,1.6623948228838896e-198,1.5221421151440345e-212,2.6801565319106176e-134,0.0,0.0,1.1587474302928819e-188,5.676140008774841e-127,8.49476194605317e-254,5.070163819818728e-285,0.0,0.0,1.64476228432718e-117,0.0,5.7752591668626516e-93,0.0,0.0,0.0,0.0,0.0,0.0,0.0,3.337619019620021e-231,0.0,0.0,0.0,0.0,0.0
9.112606714623436e-33,3.117995202481652e-6,0.987765325824363,0.004352763362643821,9.693209781842868e-6,1.2373366234448126e-23,2.5739496881592123e-51,0.004462888696960179,6.713660017171927e-21,5.408565882759229e-81,1.0470893677525454e-50,1.2656195343274882e-64,2.1368154683022187e-29,0.0034062109110486417,1.661080196184804e-38,2.730279023972091e-30,3.466699243317271e-104,2.1332418498594202e-58,1.3122623681778907e-49,1.909096968114869e-108,1.8323608842128937e-17,1.3540333255025167e-24,5.264063287463965e-120,7.384178529594871e-97,5.224860491732878e-117,5.731434304149281e-135,1.169500107067009e-111,7.30927164874967e-178,1.3187548329257951e-201,1.1632937775897991e-114,2.0705239736185818e-131,2.021894238491789e-203,2.504814680655778e-223,1.2590321047905574e-107,3.1039593559174195e-150,1.5932545702480365e-133,4.902157706398056e-225,1.9824595750170642e-153,6.96353700550689e-169,2.8724245630000163e-148,1.3225295003834932e-183,4.37988120645926e-105,2.9392479842478995e-136,2.295281249276776e-159,1.2941477495886243e-236,3.3835917149820836e-132,1.0560804650551133e-218,1.4630708774137084e-113,2.5746257992491784e-122,1.322589040759637e-195,7.508890611915491e-155,3.836865114369134e-283,8.69277841588807e-310,1.0e-323,0.0,7.937580375831356e-105,0.0,0.0,0.0,0.0,0.0,4.319103891425104e-294,5.423603431166798e-262,0.0,0.0,0.0,0.0,0.0,0.0,0.0,0.0,0.0,0.0,0.0,4.2486394322652924e-306,0.0,0.0,0.0,0.0,0.0,0.0,0.0,0.0,0.0,0.0,0.0,0.0,0.0,0.0,0.0,0.0,3.7025445179512927e-289,0.0,0.0,0.0
0.09580427285500251,0.5763096390476459,0.3106424855559413,0.017243602541410448,7.559809433729414e-18,4.224904107554869e-44,1.137890452233126e-96,6.839625438791651e-147,5.159201116608925e-178,4.710184639493434e-123,1.450316246584495e-150,3.5625404451601254e-163,1.0003868620915526e-136,1.0117391894796433e-80,1.0540195521946728e-195,4.097170197982686e-184,2.4781196176622534e-152,2.420516783885242e-159,2.5862811404220933e-95,1.4840454735523936e-191,4.409960245558313e-63,9.071125852082612e-139,4.0167403097537744e-250,6.846159958087771e-220,1.0656342169660573e-252,5.8013248934415355e-266,1.2202278872222887e-267,3.111973418348289e-120,1.04e-322,0.0,4.7223e-318,0.0,0.0,0.0,8.694094938528921e-231,0.0,0.0,0.0,0.0,2.8273596430200577e-286,0.0,0.0,0.0,0.0,0.0,0.0,8.950269175281582e-298,7.631619944294345e-271,1.238253656522211e-277,0.0,0.0,0.0,0.0,0.0,0.0,5.96674920624265e-255,0.0,0.0,0.0,0.0,0.0,0.0,0.0,0.0,0.0,0.0,0.0,0.0,0.0,0.0,0.0,0.0,0.0,0.0,0.0,0.0,0.0,0.0,0.0,0.0,0.0,0.0,0.0,0.0,0.0,0.0,0.0,0.0,0.0,0.0,0.0,0.0,0.0,0.0,0.0
8.163259896102959e-26,5.919632923130654e-18,0.0014897015084565093,0.9984067551908287,0.0001029756754513602,1.8577448258554213e-13,5.562360094265393e-23,5.964898505786533e-40,5.805399812290738e-8,4.8620720970845624e-27,2.900965304287817e-19,3.5584025607792214e-9,1.2607324852240296e-48,5.060126538422767e-7,2.6433165763423685e-49,2.332039078495387e-14,1.906028508315412e-45,6.635144054175414e-35,1.7146351738826437e-18,1.1655998665576495e-55,1.724119728273871e-70,8.348684413583675e-86,1.925178297395231e-26,3.740731542583708e-63,2.4583047126302275e-84,7.114221061894553e-118,1.5550654283493707e-97,1.139664869662233e-142,3.1293791731792907e-181,2.3385043455863402e-85,1.055076037235465e-101,3.199280876251039e-179,1.0351938321859999e-221,1.8690754192424492e-186,3.6535174567624596e-138,7.880734284830233e-140,3.1961747811973382e-161,6.919905265235603e-135,4.771108120819566e-174,3.8367838224603004e-61,1.7056584538323714e-109,4.95998988008121e-118,3.651665178799907e-143,8.253774305292667e-106,2.2676615613693476e-197,1.510463017264494e-105,2.5084102167635034e-112,1.9493684700411376e-96,4.605405460946823e-74,8.354825262999265e-145,1.238282540557958e-121,3.440401801137596e-240,3.2344812284379484e-294,1.9467153533920457e-282,9.526743759273157e-256,1.3869815633511045e-105,7.70958697320193e-211,7.508657622041074e-284,2.066077843630318e-306,0.0,1.502639613321595e-291,1.7150627755810496e-237,4.2643602450754165e-208,0.0,0.0,0.0,0.0,0.0,0.0,0.0,0.0,0.0,0.0,0.0,1.9875453739761488e-269,0.0,0.0,0.0,0.0,0.0,0.0,0.0,0.0,0.0,0.0,0.0,0.0,0.0,0.0,0.0,0.0,1.0382120210609103e-275,0.0,0.0,0.0
3.484223280911484e-18,7.858904753347604e-7,0.7537493286659432,0.021934601052615854,0.22431528438299086,1.5384160227420805e-15,2.4050421170523577e-23,7.972907824768302e-12,1.5169945399478979e-86,9.17550900323498e-85,7.467504907491586e-32,5.463854579573176e-67,1.359665874151024e-92,1.8910886163911337e-43,4.4397162304414934e-61,1.0019883805617334e-85,2.039984568710228e-33,6.49068683153145e-67,3.3905320585402735e-20,1.9089199908446842e-100,3.850754130159798e-18,5.432143699331833e-38,1.5952598204013527e-87,2.5664421927176636e-108,1.928115120889842e-113,1.344147571382482e-119,4.413280041365749e-179,1.1434214557631825e-153,3.707281819418206e-189,1.1956827058158593e-143,2.337398837912869e-179,1.0978362904746473e-273,8.274714888893567e-254,6.305587811939888e-284,1.1500223803793395e-204,3.823349314577381e-266,2.3077375267758545e-297,1.3608225545411464e-279,1.1201219364435323e-229,3.8946714616490498e-103,5.8728027063861e-269,2.5797434466151913e-193,2.717785054349802e-160,1.3378814154682752e-182,4.032952128878914e-282,3.0586466943522646e-206,7.802555529495204e-210,5.464081165536512e-140,2.8666497600538166e-187,4.355564485204898e-220,1.6992063435496013e-272,0.0,0.0,0.0,7.79017725001499e-285,1.1692518075832632e-152,1.4449779290778811e-263,0.0,0.0,0.0,0.0,7.18816e-319,0.0,0.0,0.0,0.0,0.0,0.0,0.0,0.0,0.0,0.0,0.0,0.0,0.0,0.0,0.0,0.0,0.0,0.0,0.0,0.0,0.0,0.0,0.0,0.0,0.0,0.0,0.0,0.0,0.0,0.0,0.0,0.0,0.0
1.647663325029325e-82,3.2060665273983934e-47,1.5696709320056846e-6,0.41009859386280617,0.5898293870617232,7.044125570735802e-5,1.7557290663578148e-22,5.11905881980231e-34,3.3054463800462573e-22,7.378738562041884e-75,7.471989893006485e-21,1.4282811124064574e-18,2.886440530717481e-57,2.5895804111314403e-11,1.410908299419643e-22,8.121249696207242e-9,1.6858595786819742e-12,2.4900653713027425e-26,3.301482347388398e-43,2.464357074680784e-29,7.923922853285497e-69,1.0905976820843523e-54,8.442044931316483e-26,6.833442981889521e-47,1.4015969146469447e-87,5.237626662221845e-80,1.8638652607564019e-115,9.33423437880101e-105,6.257459455463603e-215,2.1574631926797905e-39,2.001037182673481e-208,6.56502353643902e-298,2.518745836357465e-208,5.223975294963363e-209,1.0217176157603522e-162,6.865465862999733e-234,6.681776917146952e-220,4.4060625672409496e-232,1.1928991192675216e-239,3.2012724718336115e-48,1.6563376396650475e-187,6.567346714936795e-100,2.721616572816075e-165,7.402508876999013e-142,3.1569069009564727e-267,1.7925606759716764e-128,5.1583596588288515e-142,6.972881700610559e-116,1.0696962591121701e-141,8.994747909805231e-160,4.523288029155676e-232,8.992926664967744e-288,0.0,0.0,0.0,1.9743778227692095e-215,4.9335129579055286e-192,0.0,0.0,0.0,0.0,0.0,1.0573067279306913e-297,0.0,0.0,0.0,0.0,0.0,0.0,0.0,0.0,0.0,0.0,0.0,0.0,0.0,0.0,0.0,0.0,0.0,0.0,0.0,0.0,0.0,0.0,0.0,0.0,0.0,0.0,0.0,0.0,0.0,0.0,0.0,0.0
4.750408092714303e-11,0.717788016089973,0.2822015517573963,1.0376641714890077e-5,5.546341181233406e-8,6.846730032693514e-48,2.7292776677823406e-21,1.0881673201169149e-53,1.8503873707569104e-69,1.6465334919721938e-72,8.07192088495354e-54,4.3828130850989465e-25,7.151213148072051e-39,6.46511028423115e-57,9.411462930003837e-179,3.5267767753909643e-66,2.8773693784063843e-161,2.142623379089052e-65,1.814057269710329e-79,3.732253650407947e-183,1.4651917093195586e-89,3.1110982702961388e-186,3.4924679679924484e-149,2.035463807736465e-155,2.4595779940584766e-210,2.1001005408925802e-263,4.502792413779519e-237,2.146376798819332e-204,2.281790894698128e-298,4.264380630458177e-188,8.81367492972097e-257,4.029545170745779e-241,2.8263944050461747e-241,1.033663040492941e-270,8.431276011317467e-152,3.019374612181812e-264,2.024285501348065e-274,6.705922018009336e-207,5.265890908167905e-231,4.248972160094156e-199,0.0,8.08849589763477e-221,3.161256489904734e-304,6.154235905612098e-308,0.0,6.312541882415979e-228,5.463691569833509e-268,1.656779e-317,1.7832694685072944e-224,3.4741984931209384e-231,0.0,0.0,0.0,0.0,0.0,1.2125807040768158e-120,0.0,0.0,0.0,0.0,0.0,0.0,0.0,0.0,0.0,0.0,0.0,0.0,0.0,0.0,0.0,0.0,0.0,0.0,0.0,0.0,0.0,0.0,0.0,0.0,0.0,0.0,0.0,0.0,0.0,0.0,0.0,0.0,0.0,0.0,0.0,0.0,0.0,0.0,0.0
9.482375371412092e-28,4.849037331445013e-18,0.00020475493118297545,0.8223636815423546,0.16839989283212545,0.0033862476057124648,4.300004077539541e-5,1.8183705567008682e-47,1.2793885917807434e-55,4.793900123196548e-62,2.669778474562205e-37,6.25491452896255e-5,4.661003675538154e-55,0.005539750217171164,7.060102778850707e-59,5.209880823900519e-25,3.4205791701244087e-15,1.3544144403710216e-14,5.381091197670871e-25,2.6874284449748346e-59,6.527454551160332e-48,1.2368537141319703e-7,1.8500495310911605e-55,3.7689354889841626e-98,1.5764358163208928e-76,1.606135020054077e-120,1.6074460772905494e-121,3.506235543196539e-133,1.1055546998639543e-185,6.399947158961513e-111,3.753385786935777e-101,2.1804884553820127e-202,1.6510698151132883e-185,5.341791658557294e-209,4.499668838140226e-137,1.914751137999205e-138,8.981723596242688e-184,1.5475776286905867e-74,3.2374872822486903e-162,7.143086756096222e-55,2.510450936754497e-170,1.5860478647557351e-93,5.576808208160761e-132,2.122854055942076e-118,8.073242590082405e-241,2.9337354265853445e-149,5.107185187844381e-174,8.502182450115971e-124,7.508302473303738e-92,3.825403342438065e-156,3.633616534036608e-186,6.952888523647955e-267,5.936082635628545e-293,0.0,3.9590813683887593e-283,2.5008834204833125e-112,7.754025122295653e-279,3.266253313173463e-244,0.0,0.0,2.6209434692213707e-291,9.255714987945672e-253,0.0,0.0,0.0,0.0,0.0,0.0,0.0,0.0,0.0,0.0,0.0,0.0,0.0,0.0,0.0,0.0,0.0,0.0,0.0,0.0,0.0,0.0,0.0,0.0,0.0,0.0,0.0,0.0,0.0,0.0,0.0,0.0,0.0
2.5051691357369803e-100,2.788829019047411e-64,2.484449604759392e-25,0.0406145445700174,0.7139449546527288,0.19439172764308446,4.490240246552414e-6,5.724121419599152e-11,0.015963883107086196,9.883314181057374e-22,1.2049921935447853e-16,1.0638457496295488e-22,0.01773117161590144,2.042791120689056e-24,9.309629889869387e-13,2.5374378952567802e-20,6.847430237301235e-14,7.463069830667539e-9,0.00988449756505024,2.9959280129058963e-12,4.648486724447935e-23,0.002211809883643237,2.8586195127212616e-46,1.138590034282172e-84,5.96918254394419e-56,3.3005571614079835e-60,1.3373983904714238e-66,5.050636910730842e-75,7.871998503974634e-113,1.1646723745084414e-98,1.0443649701645531e-97,7.136227367800238e-120,1.8218700979528046e-56,2.7324933444558566e-113,4.868964844354477e-89,5.660813764277887e-143,2.5638805635065475e-85,3.093031121535242e-166,4.1057883467099354e-64,5.599689416164804e-54,3.1352650123803794e-74,7.966075903697301e-36,1.676083956405379e-109,6.204092847459522e-144,1.4351521601037187e-89,2.009212263885662e-155,4.326300914243951e-28,2.015162976638392e-38,0.005252913197935349,1.4637953963785255e-79,3.4994938358138048e-96,7.595632831670962e-85,2.1195786784381573e-140,1.2940137628900805e-102,2.7440611006778323e-187,6.030809799866834e-216,7.317024322179984e-262,4.376582144796956e-140,2.1323804335781183e-85,4.2540169365402407e-302,3.341050687084247e-213,1.0852733135459758e-161,1.561097880718722e-199,0.0,9.402091864002614e-272,0.0,1.5346332540530729e-245,0.0,1.2251645084406514e-205,4.462127858444999e-240,3.049330338210467e-272,0.0,0.0,0.0,7.294703534349833e-287,0.0,0.0,0.0,0.0,0.0,0.0,0.0,0.0,0.0,0.0,0.0,0.0,0.0,0.0,0.0,0.0,0.0,0.0,0.0,2.512676426098911e-253
0.02530767870900684,4.829216294547686e-10,0.2517382948632554,0.3726123655607722,0.1844757837182754,4.253812503325862e-13,1.743273666955135e-12,1.7362902191731894e-7,0.043741794638962536,0.05202534327661668,3.472122569738005e-7,0.005463767883117895,0.0019762319418908628,4.4156410147879864e-15,6.866323032489984e-22,7.915517580087248e-9,2.1381139981944828e-12,0.03223313759963378,1.8570567641310855e-11,1.4829278815492481e-9,0.01988414409314536,2.5000111975414816e-28,1.4752154796762525e-20,4.663432319185262e-27,8.320312744887691e-14,6.141789556804303e-40,2.783249726614872e-33,4.3220135527069695e-23,1.094479303744082e-70,8.090527545941175e-53,9.106954133813912e-12,0.010540926852083637,1.0852155674620529e-10,5.770813441105158e-53,4.618329644139406e-56,1.8172913044581217e-70,2.462061607059845e-91,2.401292669452276e-68,4.1403265148402065e-42,6.52424229320961e-26,5.8879604815858744e-65,2.5162243000549397e-29,2.80339868074378e-37,2.7474616769232623e-43,7.607935630884172e-105,4.078227529090255e-65,1.8405337744305742e-41,6.117041620322292e-60,1.0216619254142151e-49,1.381892663568949e-55,1.4651329130484272e-66,6.178761999346483e-90,1.4309791738537375e-109,3.7619177283488534e-179,1.0139127849193166e-113,2.2142854815919706e-51,1.587393524178082e-74,1.233866672413795e-147,8.627322070945036e-111,5.474912099884065e-113,2.3074078775936e-116,3.25726412536398e-65,3.4160114859521046e-209,0.0,2.877258356737747e-79,0.0,1.8594141940783424e-243,2.7338512666675903e-243,0.0,1.7880081206643448e-167,8.216703121812552e-177,0.0,0.0,6.463851403785185e-171,2.0562899523997507e-38,0.0,1.5026965400177847e-153,0.0,0.0,2.628017628984268e-292,0.0,8.775339968439783e-290,0.0,0.0,0.0,0.0,0.0,0.0,0.0,0.0,0.0,4.78535936122317e-21,0.0,0.0,0.0
1.915357573010757e-39,1.0844232396489468e-5,0.47240086175361623,0.5267222301596043,0.0008660638543828803,3.0701951307502914e-19,5.706909767468755e-41,2.4446527913177036e-18,5.669960301503883e-18,3.899103261850183e-93,3.80606075316465e-49,7.223529733067802e-70,2.2069699495305385e-45,1.2418368110856599e-18,9.501109491929237e-57,1.256969862233204e-33,1.7152039119754182e-100,9.037103793936825e-101,4.820798437703888e-39,1.2975317692033134e-84,1.588111074892297e-45,1.1760606390460028e-51,6.759742104745975e-92,1.545127930487078e-105,9.566560358639405e-174,5.703147245066214e-185,8.86111330802358e-155,4.46594922959088e-199,8.34066544683795e-264,4.566803412745745e-116,1.497529914640269e-222,7.945718931564982e-288,9.361966154e-313,1.982291921037512e-156,4.3750048316797466e-204,4.849396242250038e-230,8.766098171737984e-241,3.5240582856285344e-211,1.0294281228830969e-263,5.98440177225954e-175,2.2635860639933055e-226,3.269749419446735e-170,1.467575499892176e-174,8.214060473108449e-164,0.0,9.7463310759609e-134,8.363202437993455e-279,2.7439431713162303e-198,7.974244468816827e-187,1.1236795521936233e-229,1.2571509824683415e-189,0.0,0.0,0.0,0.0,3.1681447764517105e-104,0.0,0.0,0.0,0.0,0.0,0.0,0.0,0.0,0.0,0.0,0.0,0.0,0.0,0.0,0.0,0.0,0.0,0.0,0.0,0.0,0.0,0.0,0.0,0.0,0.0,0.0,0.0,0.0,0.0,0.0,0.0,0.0,0.0,0.0,0.0,3.567e-321,0.0,0.0,0.0
6.553075534901137e-84,0.008742014673180731,0.47394932023619524,0.38786812775563095,0.12944053729885766,3.6135434270062965e-11,8.58497960258735e-44,9.57619145142836e-107,2.95578474736436e-73,1.7982853886934527e-138,6.212161672741918e-99,7.561315105112576e-101,9.479768827213712e-108,1.8875064686084903e-70,2.418021354795317e-158,2.946229611106912e-67,6.286805185896662e-63,1.2732360670156105e-128,1.9477163380675185e-49,1.5774141126024115e-119,4.209554527080978e-128,1.2999734237254763e-169,2.889562671399206e-141,5.476219884156939e-134,8.184317800594437e-235,6.262670862664578e-266,2.148545977742421e-230,2.0639795504635702e-215,0.0,2.108019162355419e-149,1.2793629033992627e-239,0.0,2.3407945514791026e-303,1.4524053796897593e-230,4.948570975215902e-260,2.1812041778566744e-215,7.2007153233374306e-301,6.97929855e-315,0.0,1.6945132456735698e-105,2.9908798721450533e-280,8.627017524897732e-224,4.54400683945116e-254,5.541384690014275e-256,0.0,1.5783946757116385e-257,1.1750031865094451e-306,9.110007057805574e-212,8.15960762764271e-230,5.998312811530434e-274,3.6062281875482714e-308,0.0,0.0,0.0,0.0,3.436616609794475e-205,0.0,0.0,0.0,0.0,0.0,0.0,0.0,0.0,0.0,0.0,0.0,0.0,0.0,0.0,0.0,0.0,0.0,0.0,0.0,0.0,0.0,0.0,0.0,0.0,0.0,0.0,0.0,0.0,0.0,0.0,0.0,0.0,0.0,0.0,0.0,0.0,0.0,0.0,0.0
1.0,0.0,0.0,0.0,0.0,0.0,0.0,0.0,0.0,0.0,0.0,0.0,0.0,0.0,0.0,0.0,0.0,0.0,0.0,0.0,0.0,0.0,0.0,0.0,0.0,0.0,0.0,0.0,0.0,0.0,0.0,0.0,0.0,0.0,0.0,0.0,0.0,0.0,0.0,0.0,0.0,0.0,0.0,0.0,0.0,0.0,0.0,0.0,0.0,0.0,0.0,0.0,0.0,0.0,0.0,0.0,0.0,0.0,0.0,0.0,0.0,0.0,0.0,0.0,0.0,0.0,0.0,0.0,0.0,0.0,0.0,0.0,0.0,0.0,0.0,0.0,0.0,0.0,0.0,0.0
0.48401588,0.1149652,0.6058846,0.8384307,0.18494594,0.84893435,0.26493427,0.72577065,0.7648059,0.8134469,0.1547275,0.08474266,0.17510112,0.56498075,0.38524988,0.37425214,0.3946204,0.8998062,0.13501123,0.62541395,0.7340309,0.33506444,0.054204185,0.07429223,0.19497791,0.21460041,0.9963066,0.43549195,0.04447295,0.50467956,0.4443745,0.8587735,0.00797974,0.35486844,0.6542724,0.10486927,0.025243348,0.58461636,0.34488264,0.2552569,0.7412663,0.28493768,0.697779,0.57488066,0.9639995,0.094581485,0.47513545,0.90123934,0.6653161,0.06417128,0.6129341,0.20442702,0.7032286,0.29537442,0.46474102,0.49484882,0.4248814,0.86351234,0.23484513,0.16503288,0.51331306,0.27470514,0.5347325,0.54404455,0.8048358,0.12486758,0.79540133,0.016808422,0.24521835,0.6459018,0.7149242,0.32509273,0.63399345,0.55491763,0.41497263,0.75368977,0.3045121,0.9146946,0.59566736,0.36439797,0.9521085,0.68442506,0.7731036,0.5254403,0.22521795,0.4548505,0.40493488,0.14480928,0.88695484,0.6753484,0.31525925,0.82493985,0.034819722,0.7809286,0.9453267
0.094581485:10,0.7648059:77,0.06417128:7,0.9521085:93,0.025243348:3,0.7809286:79,0.50467956:51,0.4248814:43,0.12486758:13,0.13501123:14,0.7412663:75,0.82493985:83,0.6542724:66,0.3946204:40,0.32509273:33,0.27470514:28,0.9963066:95,0.24521835:25,0.26493427:27,0.86351234:87,0.33506444:34,0.9453267:92,0.36439797:37,0.20442702:21,0.55491763:56,0.68442506:69,0.16503288:17,0.17510112:18,0.23484513:24,0.8998062:89,0.62541395:63,0.3045121:31,0.034819722:4,0.6058846:61,0.58461636:59,0.016808422:2,0.14480928:15,0.7731036:78,0.9639995:94,0.29537442:30,0.6653161:67,0.38524988:39,0.4443745:45,0.79540133:80,0.5254403:53,0.8048358:81,0.8384307:84,0.054204185:6,0.7032286:71,0.31525925:32,0.37425214:38,0.48401588:49,0.59566736:60,0.8587735:86,0.4548505:46,0.34488264:35,0.84893435:85,0.2552569:26,0.46474102:47,0.35486844:36,0.21460041:22,0.08474266:9,0.90123934:90,0.9146946:91,0.1149652:12,0.6459018:65,0.04447295:5,0.43549195:44,0.6753484:68,0.8134469:82,0.22521795:23,0.75368977:76,0.1547275:16,0.88695484:88,0.56498075:57,0.7149242:72,0.54404455:55,0.10486927:11,0.28493768:29,0.00797974:1,0.41497263:42,0.51331306:52,0.7340309:74,0.07429223:8,0.47513545:48,0.72577065:73,0.63399345:64,0.19497791:20,0.57488066:58,0.40493488:41,0.18494594:19,0.5347325:54,0.49484882:50,0.697779:70,0.6129341:62
