80
0.09112443337802087,0.00015499115360986254,9.624581548006587e-9,1.9017733545094917e-8,2.095189366628569e-5,1.0226929013414857e-6,7.501709175115037e-9,2.256559743761208e-18,0.10911698725011257,3.749243689756249e-8,0.05439608486882433,3.2603136108210173e-9,7.523107823779398e-9,0.21781398963885842,1.4711424383562455e-8,3.379266082956688e-7,1.1491862936522865e-8,7.262427459371006e-17,9.191653698487257e-31,0.0068495549108473055,0.00018886503521864094,0.21248730238537586,0.023064907084757117,4.659909722964396e-6,9.388486360146379e-8,1.238493119114702e-7,6.415303747513837e-13,5.693611664971182e-14,1.6960603030654948e-14,0.07389555437877085,7.639677038815252e-6,5.523842241511465e-20,5.95958630794578e-13,0.00017829502807403217,3.7225372993567375e-12,0.08181969756911685,1.4910975716562e-15,1.431120915657818e-8,2.767458294018507e-13,6.269591732302468e-8,8.729286183940041e-7,0.005949754179086811,4.626195494070575e-19,1.2275190928384193e-7,5.984067739698657e-6,8.858245413071197e-5,1.0503015920161544e-11,8.197192220427018e-37,1.952369690433984e-7,3.648517560332986e-5,1.7566954785281938e-7,6.693118723170642e-7,0.009689784931391138,0.0010626889966619572,2.7026532830508855e-7,3.1024487362964614e-5,0.0013873965381576425,1.440811569123351e-20,5.457236323449545e-5,0.0012661544632763804,5.8995299819314224e-15,0.024187363037711733,2.2680189740668277e-47,3.431081803166534e-15,4.847265567883357e-6,6.72004484963864e-6,6.0089923450652884e-27,0.0011150849854165304,0.002484899068894589,1.1654906765199985e-7,9.334095354257033e-6,4.255783648800044e-6,0.07876808206463538,1.2781119433632538e-44,0.0022417997229939196,1.2785185293797472e-5,9.527932825462783e-5,0.00036901888560002114,8.317102201509828e-57,5.272856977302676e-48
1.5846952154518137e-7,0.005658075984348494,0.004305987488185569,0.007116927434941354,0.05299076524914246,0.007401277694313177,0.002417947856578338,4.424811522809656e-6,0.0024481441672878058,0.007099620643490469,5.274500506986635e-5,6.46372345159667e-5,7.525998784899303e-5,1.4747442585500083e-8,0.008102340909471099,0.0011779846335507672,0.003361711483309201,0.0008789599488349375,1.9960818426705878e-5,3.027673136893934e-5,0.0006002961490965381,0.00018863116653132324,0.00020083688968571244,0.002181325007794306,0.02051697000588612,0.009901042814412744,0.014620063651297855,0.0006972976070857144,0.0001938177527618301,8.525196162915564e-8,0.01767323529234429,0.0025790206588474206,1.7262115799924125e-5,2.4468460535897718e-6,1.8366896968292735e-5,1.788534483401666e-5,5.450306644170988e-5,0.165995905813166,8.24919581973491e-6,0.11039678290150672,0.15630995401384667,5.1810476733778404e-5,8.66947787066942e-8,0.005693252759508852,0.0002670708382819323,0.0001674715831112557,0.0006562620470570722,0.0024811518624024147,0.0009418619047602184,0.0033832038189781487,3.672671933562716e-5,9.186648690832729e-14,0.006826934547790816,0.00014970866213378554,0.0033912650768995957,0.0001503041506720487,0.0007252879591809211,0.003483522106156731,0.0027156126153033947,0.0001284761071801303,5.457763328723712e-9,2.9602546169528524e-5,1.4059276841593985e-5,0.0004912797686570277,0.00921717254179295,0.13871152506098605,0.012367496946254709,0.000727992843735586,0.0011054189707195884,0.00011445010291001363,0.08789366679957933,0.00040396649345112725,7.660730962681488e-5,2.4190103809382277e-5,7.097307144420094e-9,0.012207531369198507,0.0002370863117948478,0.09819951189028203,0.001075127844325813,0.00047209159312427924
1.978669101804205e-8,0.0005302072746182534,0.09310013252301097,0.004526987841774034,0.0023913071919757106,0.002461470308380356,3.01407341131733e-5,4.575559396330788e-8,0.001998658887753058,0.006270392571746937,0.0040326136642809575,0.00026474251316249833,6.161172589114175e-9,1.8183855813780276e-8,0.038566896015081766,0.002818303653582195,7.717658035475565e-5,1.5225436514217768e-6,0.05105290371375533,0.0005240326333460849,4.1020136359753205e-5,0.0003280801166860678,7.141940085487048e-7,5.118120000714894e-5,0.0006176363547792634,0.12458314217424067,0.0003763169105649817,0.0003759124225457483,1.6610894060737115e-6,2.826014448711453e-9,0.00274318948663347,0.009647077885854137,0.245072482030195,3.488516791125539e-8,0.00010805732504539151,0.0001562009655524324,7.644904155589871e-5,0.0003875987943860059,5.688354821632147e-6,0.0005428333120151165,0.01905481148522334,0.0005807043122194068,3.982550045486951e-11,0.03414845907983675,0.005509422363104069,0.0023421588611108215,0.00851789692923098,0.0013294431875148192,0.016199235338734668,0.0011946981206167656,0.0010413638571850686,1.1002160248334153e-9,4.122568723486963e-6,0.00197354538736621,0.0022139276209301104,0.000352820952680697,0.024485653611690125,2.791502293148652e-5,5.539854116418806e-5,0.0022170892917936827,8.363181922941627e-6,0.0001554158421333513,8.067187520453088e-7,5.938881508195783e-6,0.0012729316191113184,0.010292505421242748,0.03997492936474595,0.0005020487531423217,0.00024189393485387993,9.73331853710642e-8,0.00045720675699936937,0.010468807337072677,0.00022701781796103176,0.0004919934741569417,1.7674203515270118e-9,0.005096145917932784,4.1049948658671454e-5,0.0001447264302816239,0.028439360770680343,0.1871672330123993
6.510845130755998e-8,0.005741698755132668,0.0071673075316107575,0.0035738203583286954,0.005496874153307425,0.000371674205628114,0.00020681628909333244,1.7720393470128114e-6,0.36329246219941913,0.0010189718608676534,0.008459058909208369,0.001005847171443826,1.957098544115857e-6,2.992574623827162e-6,0.056472919293725,0.007298611519285624,0.0014442559355146412,1.4984307117755049e-6,0.0004317110115118245,0.00011813065777483938,8.342050291046938e-7,0.000256124224009105,0.00030340862801950464,0.00011014639992644438,0.005113954913857625,0.01661804529939431,6.473369617792337e-5,0.0007584919761029189,1.0973521745850306e-5,0.00011456736095003157,0.0015280816205931046,0.001083549223627894,0.011360483024958404,3.0240513784791477e-7,0.00013464452798625165,0.00045152175842103813,0.00034998610299052257,0.0027776461606346743,8.857046826340625e-5,0.011035535378244535,0.06777665455662077,0.00017019051118939064,1.7841470287016725e-8,0.014039377389565889,0.0276935568535394,0.0006422834329915777,0.013357002942051584,7.647250954179551e-6,0.051389133931304606,0.0009677719252967225,0.00010597929594996967,6.711546131256362e-10,5.74484909084206e-6,0.012870973761865037,0.0029069240294835952,0.0015298039005634157,0.2254360002020617,0.00035613538973929026,0.00010649168139667499,0.0029410531223158036,1.8183422596123862e-8,5.20815894138987e-6,3.455345695411412e-9,1.540141777904947e-5,0.0009848938786012017,0.017252409597527146,0.0004951627950197106,0.01106596928817488,0.00019206408082774278,4.662208010537282e-6,0.001394352386768619,0.02707046984856833,0.0003083803270240511,0.00013878454180411254,8.521528387125302e-6,0.0007500676153072597,0.0015900838287884514,0.00026986228206493033,0.001423845626953456,0.000457049412477884
1.382454197619028e-6,0.008934450842213023,0.0559493603325935,0.007470619974509744,0.10741495606779103,0.016363139732480714,0.003366905756808471,6.228911741008709e-5,0.0009985737051071638,0.011111373049254553,0.00041936763257776965,0.002717280814702452,0.0012816727546188663,6.4021135168339806e-9,0.0073298433452681265,0.004104593323460424,0.0008622093121795674,0.000503993374712239,0.0029486717416842083,7.948997143552946e-6,0.025181135785013978,0.00024984572627415714,2.6046563984175135e-5,0.001183338089643519,0.00041614345458576763,0.0025917661350354057,0.053845297713101876,0.010205495219038041,0.001043110248612851,1.703314087416987e-8,0.0050383324060195266,0.00078943435084253,0.0014077033960656728,3.006973961200197e-6,0.0005922089025577799,9.727999085880253e-5,0.00923849379265813,0.14095364164342464,0.00021893499999355544,0.055157910603617986,0.028849982759647085,2.8532344972265747e-6,1.0609441715670863e-9,0.0035897184903008693,0.002812883881199771,0.0012287864045684,0.000603248740063227,0.0042016383354945026,0.0072457769489034105,0.003880881878433164,0.00018140887942420054,3.300939105434216e-12,0.036484870095902976,0.0007741484729783114,0.022701671953781588,0.0008187459117139992,0.0025582941563439396,0.01624413888179461,0.007261407625456335,0.001896240997065699,1.858004371480543e-7,0.00011465948928555673,0.0026106958566048774,0.0004291548235882756,0.004127597656091244,0.04420201708258632,0.0418739052745435,8.315306870181035e-5,0.0016389364829173365,0.0007344894375851054,0.11066753935977225,0.0016897302702875406,1.3612734941655942e-5,0.0015316393616700192,5.6166566905041424e-9,0.031476163051655306,0.00354354856219792,0.026757418927601983,0.029783504110061875,0.017297562561742058
2.4155656002588115e-5,0.0582268611674292,0.010637028098261682,0.03327963763121584,0.004925479877769239,0.0033396626495711956,0.003940261820053988,5.423882189385841e-7,0.015370079113232018,0.003407334619572565,0.002845065269503749,0.000318420650262042,2.182643236422924e-6,5.532214107000991e-8,0.005548687380748259,0.010208489091086997,0.0018562787823467365,2.3033498688777997e-5,0.047598426614392696,0.0002727861485565299,0.003063363242040122,0.002791818621936669,6.044091277453017e-5,0.00902641890131077,0.01972926650550342,0.06357460898665819,0.005239553861987072,0.000535344768236369,4.891212979479458e-5,2.8499494770909856e-8,0.02102156879418114,0.013974238424002194,0.02825456352822953,2.537583784094804e-7,0.00011153585369445811,0.004263453085354763,0.00022471608907458852,0.010113454828812225,1.2803978259672986e-5,0.023802193648731422,0.037574522501086435,0.000574207785383174,1.4569708406212473e-7,0.012023315666099333,0.012319660097735784,0.0019527787325694659,0.00731406090763846,0.04351017827872025,0.024219712691664994,0.022101435827411715,0.00028782020211129064,4.6873967838542e-11,0.0018636791858209485,0.006870644914299434,0.02170937046101288,0.0006050603798453326,0.030624744968584933,0.0007979453733154535,0.000996129034934755,0.0008996757936961253,1.1018245805966007e-5,0.0012022515549214188,4.870569405322749e-5,0.0001523378278400626,0.002584546840287372,0.02036902220698316,0.09628403870902127,0.006262923954870073,0.0018620701368251603,1.202585331647937e-5,0.024092058858603972,0.002795659856550762,0.00027850517874975834,0.001556595938906721,1.7252458584759702e-8,0.017861945862751933,0.0007996088532770319,0.011334617444593513,0.004315558804158464,0.17425839553939074
7.21255273576039e-10,0.03497399623890304,0.03693428060792941,0.005759014061340501,0.011182666771369969,0.007246424537470244,0.009766073351264597,4.061267940317494e-6,5.675843323206168e-6,4.455281641037777e-6,4.898229410098143e-5,0.00011464933313159157,0.0010195064572145914,3.577352915352265e-7,0.0006184937665406479,0.0019655600751416038,0.020322241926527186,2.3531223651744696e-5,0.003273447260019042,5.331373919924188e-6,0.0010057053306409948,0.02895748343278355,2.5143000807243906e-5,0.03557135562594537,0.007505383081412129,0.00018097746786424802,0.009009310660297302,0.0001654213185861114,0.00030570263331108644,1.7342208117677895e-10,0.006017091269769815,0.014607890997361064,0.0011594082170945231,5.364236693736404e-11,0.012895538856985495,0.0021301614277206686,0.002800042189500092,0.026548594640977224,1.1702010407648908e-7,0.0024456253372081706,0.010114348633085407,1.0660626006931078e-5,2.4085967102586554e-11,3.364321642252436e-5,6.931151990883948e-6,0.00015726458634387558,0.00022208228117599128,0.001596157164015975,3.3139133341446195e-6,0.0006347783063555573,5.779754100338059e-7,5.970341740454607e-9,0.010701840340105054,5.0603276390147507e-8,0.00647540822883316,5.657670223160421e-7,1.552752277470057e-6,0.00961975456718678,0.042759080328355834,1.1350819933604934e-7,6.118038899727411e-6,3.2646771548054015e-6,0.016139713208188602,0.00014122026464445108,0.0025085472651534876,0.0030243579325509888,0.01657112770736379,7.730862359821305e-8,0.00015459109633278445,2.0340696302567984e-5,0.004058641677171521,2.2001162141753537e-6,8.166478859049851e-6,0.15665559450081826,3.763649813994243e-12,0.009804682352629573,0.4004473916739405,0.019769530324975394,0.0002745005906374863,0.0034721012785403284
0.0037181357740440667,0.0019183879883820493,2.554303482418574e-5,0.00023126657275555028,0.00026380399860350626,1.221149906043467e-5,6.821335734541468e-6,0.0017803404819644378,0.0008487645741688201,5.891000332018144e-10,0.02582229690088095,9.009483978357258e-6,0.0012849956046736362,2.768285168915345e-8,6.903351903056349e-8,1.4440137369592514e-6,0.004117708505153363,0.06766845901510654,1.8674255899908106e-23,3.639645024288566e-7,0.050515119490555836,0.0005509327601623577,7.201090039835516e-7,0.0021582714385145617,0.00013900142897596652,2.8846960686486254e-9,0.11329427176862215,0.0013220825835177949,0.005257851661265484,0.006106898190753994,0.00014282721688422593,1.2965919942777726e-13,1.1101198161612734e-10,0.08122327103726369,0.0006929188021883287,5.40997562143876e-6,0.04848423015247395,6.490739439672544e-5,3.82086572804783e-6,3.0224811716454652e-6,7.5019593502599e-6,0.01918018644649396,4.0406788234263134e-6,3.281622793028892e-8,3.155474732671774e-7,3.457998556070385e-5,4.5329224595039196e-11,1.0851205325081158e-8,9.797224708311483e-11,0.08131152893993072,6.479908678301186e-10,3.3495845722346286e-6,0.06773553455677646,4.313469672489636e-10,5.57667167099857e-6,1.201635262750323e-7,1.3106727472154071e-9,0.2771238197846528,2.7264519498510262e-5,7.690695938229968e-10,1.4846104785570013e-6,0.003179060712222304,3.9923229072058973e-5,0.0049023323276883805,0.004613823188021378,0.00030579093870333643,1.933200210053958e-13,9.76110175099827e-10,4.884231657944912e-6,0.001165210187178261,0.09540006455914758,9.316898634923243e-11,7.795901348413319e-8,1.1571342573503017e-19,1.0081917621731627e-6,0.0005279805795954212,0.016796092812786382,0.00995318918907728,4.066995742709819e-23,1.4205504429980349e-21
0.0018586709548288742,3.6060646827593796e-5,1.0271075631403875e-6,0.03134778012432392,1.786556088061866e-7,3.2771205358946264e-8,1.4413616968665366e-8,4.309939863582807e-5,0.2926706671033113,2.5984656956530347e-7,0.017007331888633816,1.6859631571176907e-8,2.086064575871661e-7,0.013839159077828104,5.543744998283088e-6,2.6794954896000962e-8,0.00024089805612385575,1.936124114211189e-6,1.4429586908971085e-18,3.7781718787633256e-8,1.2916927761918426e-10,0.018366559657497176,1.0252666667694381e-6,9.465697502460038e-7,0.0006120516399620495,4.1636585356666384e-8,0.0014738280546758332,7.410661323641705e-7,1.4271376481400984e-7,0.03764109371975233,8.633555552604284e-5,2.281431721207243e-13,6.12310861789964e-8,0.0019669285919590067,2.2685829972595886e-5,0.030883401135060183,1.7260191254980712e-5,3.2498758634242862e-6,1.1995380989730799e-8,7.959012018285732e-7,3.6029429026776803e-7,0.0952447787336003,0.011437723644499208,1.733656106976436e-6,4.503366196080143e-6,0.0006479190436226764,3.720505727041141e-5,7.599513756418994e-25,5.849758036279793e-10,0.0030952493189988525,4.2305608250579955e-9,0.009178431422796385,1.847732310637567e-8,1.132203186364262e-12,6.898953683146285e-5,1.2169520950845004e-9,1.8815396156975701e-10,0.0004514146124364996,2.0180699676468828e-7,1.151733053380327e-12,0.0014906966655404675,0.17987102858580498,3.100285016152976e-29,9.11380350390671e-8,0.00015904705973417333,0.0001314139518133388,3.361895120742314e-19,1.066734456540557e-11,3.2656905949431075e-5,4.690762780451965e-8,4.2822085211756214e-5,2.2209976662164393e-9,3.1267867740208357e-6,2.6184328522695157e-21,0.2499399079288399,4.972731318717707e-6,1.691457993174754e-5,8.626529415956241e-6,4.817686731539399e-28,1.5848190872185094e-21
5.066855699335966e-9,0.0216287859956107,0.0023317800752441034,0.0008850187771708023,0.00030288886720568933,1.6057296214688746e-5,7.154494163416621e-5,5.607710216385098e-5,0.001964945274501878,0.07138551740240251,0.0008286732250591463,0.013846179478227728,1.6696398213990802e-6,1.596511743006447e-6,0.0029487436320377474,0.001157647136402414,0.0030486284488113594,3.461374470538286e-5,0.0037751834553408675,0.35825399481749676,9.241430415615542e-7,0.0006500256235166782,2.827626287395975e-6,0.0076893031433462825,0.0068391467445656955,0.0035401970538163803,0.00018841435499464572,0.021478322054815167,1.7494386556230255e-5,9.929809898341517e-7,0.00656465326809407,0.0007673697380577356,0.006003174458107946,5.538925081026022e-6,0.003407705082186439,0.003932217575887196,0.00032699172581522005,0.0006637803710456503,0.001821329316267781,0.0005803075929064065,0.012698383615861699,2.798816296872616e-7,7.533616854530615e-9,0.0012601890615340275,0.001044790682419796,0.00035849146777951625,0.0010254384571213404,6.565725885839417e-6,0.13273258926005715,3.0220044636296733e-5,0.15410627605691335,8.379515102994163e-19,5.71747856889775e-7,0.01190478873668255,0.007516398621070422,0.003364751711906806,0.0030615492978506163,0.004299203271984738,0.00011450777827373403,0.005811761567017816,3.627783422342779e-14,2.195175884453908e-5,8.166382020690581e-7,0.000483546078091483,0.00025713638491788054,0.0184095633629906,6.964182248394113e-7,0.019244423749025498,0.0009379483213516293,6.586550230665993e-7,0.001399387952205035,0.00077163696584928,0.028709580415990928,7.5240678047381725e-6,1.1435268968914867e-10,0.004353105519842922,0.001776783977279369,0.0008305047503215791,0.03479573415768919,0.0016419691378279945
1.7704423555875398e-6,0.0005754589238747934,4.32551657895717e-6,0.009911658925497283,3.732053829252977e-5,1.7627348565580576e-5,6.173341613186678e-6,8.66348637257584e-6,0.18361575733031615,8.718101002961767e-5,0.15530321592763696,2.5182752051710095e-5,3.121778718352954e-8,0.0038827858264581434,0.00011076396984545112,1.0670584687599256e-5,0.0002509582189346731,0.014060861123163496,0.07450684200508098,5.1006197035275586e-5,0.00696249471846938,3.5178250131632758e-6,7.305450587652166e-5,1.900924431601594e-5,0.0025863033938364807,2.480904568670204e-5,0.03198387935161109,1.9133541595675697e-7,0.0006076063628377145,0.00010883800191871847,0.0017688989686146493,0.002386886298227972,0.0010119379855116298,0.010664068155977903,0.00033677778431834277,0.00644196075521567,2.325717779727426e-6,0.00013424886708205948,0.00017867154929019412,0.0002223486455403561,4.092843165299831e-5,0.09112199240880224,5.42538813869674e-10,0.00012379334981321173,0.0006752116762736708,0.0072631444124838535,0.0028820897904270845,3.1841506080008353e-12,4.4780345978776574e-5,6.264576154877735e-5,0.00012359379523265186,9.728691488749363e-14,0.05433116495990739,0.0009144294283313095,0.000838885099331522,0.00011821431637340258,0.0006294711607990096,0.00018285282751069541,0.005367291577846329,0.0005088439594889288,0.018082515345472488,0.062044560211165826,1.8979474300138762e-17,6.587456554056274e-5,0.000927683732140268,0.0003651363960208818,4.538844349814952e-6,0.00595826116406643,0.04859279958951482,4.0910625576895807e-5,0.0004642427480480654,0.0007758522848696691,7.200634716029044e-6,1.0240339903730223e-9,0.18816953183179871,6.144676789377033e-6,5.6212971876653976e-8,1.4284423674423912e-5,0.0010563132682315005,0.00020867537467831034
5.743370857272551e-8,0.007483926375565622,0.010201201070761457,0.0018071126929383539,0.028516263131554365,0.0064152454661547615,0.00013753072224080454,0.0005027816655678941,0.00013655045139746074,8.786196259293767e-5,6.264562627356127e-6,0.029901194935520042,0.05152721618966666,4.910467850684931e-8,0.00017262290364075168,0.009182557616364344,0.0018958340921871606,0.01218343864678824,1.8358636522038177e-6,1.4637994599735967e-5,0.004009312863716317,1.282502288614821e-5,0.011826474234280916,0.0006993917002557609,0.0017851510752316035,0.0057706928658806155,0.000477694892507565,0.30844416974769967,0.007188937503046138,0.0011101034785994043,0.00023969694701734317,1.7316896028543312e-5,0.0010226193536283892,0.0007442360538421589,0.017474180196762158,0.00012014690601078926,0.0384406268871569,0.003920965286658165,0.045132494451953595,0.0001701216634322757,0.0021035634622842653,0.00025041635107324876,4.893474250434651e-7,0.00041700034456787087,0.003034878166132506,1.5878157130927477e-5,4.950480650570369e-5,2.371530323939342e-5,0.00015034414933758688,0.0004739558541766973,0.006336740020362134,4.238472007289011e-8,0.05355309894179397,0.009504267424570762,0.000532848263384515,0.008205486626976118,0.014081667513698598,0.10425762628834534,0.0006745483726746819,0.010385382734833692,3.7726011130118915e-8,0.0067064669852577915,1.0091311617612457e-5,0.03345184778665188,0.0019439570113036996,0.035822742286114116,0.0002742888193590767,0.020599452828321978,6.571298105875192e-5,0.010540423746520464,0.010431941430650057,0.00044004468063290253,0.00014323752141991123,1.5603625966211808e-7,1.8698884904513492e-5,0.04452611219878773,7.027928729836236e-5,0.012117644538315075,1.4325803516872781e-6,2.635937128864778e-6
0.000984071692739335,0.013259684568139377,5.353947158273669e-6,5.664607773151507e-7,0.00025986995086484875,0.00014062458661638104,0.0012374845008603795,0.00036395564942201617,2.1545674428400914e-6,1.1679192486787428e-7,2.12253465409684e-5,7.073445846999266e-5,0.011594950155940807,1.166709828641271e-9,1.0147883526310858e-6,4.5561920020118215e-5,6.775396379446882e-5,0.0300477957780753,2.955333405313346e-11,2.6488001019430515e-8,0.013395546871228648,1.6973292431176044e-5,8.388402910955499e-5,0.00036477184054943047,4.239549123066118e-5,1.0413886185001187e-7,0.0011822678571038736,4.221831342567317e-5,0.0005115744300834247,5.618553743386055e-7,2.585996079600563e-5,1.9272104909223464e-9,1.1096220648708232e-8,1.0685232648503752e-5,0.0020029067652506042,1.3106332803510032e-5,0.006597746205020474,0.0002091181081205806,3.142015237186369e-5,9.182701981900512e-5,2.8125827651876606e-6,3.754860393193418e-10,7.298287229515992e-13,6.345345527105574e-7,1.1051592869199663e-5,3.221924343935936e-5,6.930191711323701e-9,0.00015731368246836133,2.3407721264112222e-7,0.003235397865492531,2.1035173313230211e-7,4.522231858642062e-19,0.7417603513141243,1.9932652066342207e-7,3.5835213118000633e-6,1.0290427713339538e-5,2.2140147428998664e-6,0.014035645371613,0.0001819908157800049,4.916439460430376e-6,2.7787031338329247e-15,2.0463859228913916e-6,0.028745869252041707,0.0008023132002508472,0.0008108800480850123,0.0011159876645860402,2.974128613544664e-7,6.374337324459448e-7,1.3719652147000214e-5,0.11251271321087841,0.002498680518056305,3.898719521918801e-7,1.467529665243029e-7,1.0542392298980899e-9,2.2299373984589797e-10,0.0003159277599823601,6.093696455268569e-8,0.01101531645134563,1.1095191490051649e-8,8.765280246863201e-10
6.584932812664845e-12,1.7611243540304297e-6,0.0014342990102324058,3.949693647751311e-6,5.1858566416888704e-5,0.0005481759897668999,7.831946849688973e-5,1.5815195312571028e-11,0.0007818410202355586,4.3854114965102216e-7,0.0011450246993513543,2.2568334795001283e-9,2.3844700901345816e-6,0.16336901818748456,2.77532436906079e-7,0.00010373943555725739,1.1087416658196665e-8,9.894163450277151e-13,5.2446618266970834e-17,0.19262880072557692,0.00022163696042004318,0.21144353273319846,1.3376783995414562e-5,1.1753440200629204e-6,0.00015977519872261673,5.49874173476024e-7,3.18354765113357e-8,6.241564489208781e-7,9.291632032032966e-11,0.11359050641457633,0.00010841260972647842,6.484944306762481e-10,4.3341300655034216e-8,0.15389527910935144,1.2018536487167649e-8,0.15107205022228326,4.655495960074697e-11,2.310581071135058e-5,5.636243443306332e-7,5.385038357915214e-5,5.4631572716231386e-5,0.0012445227071798757,9.519854341824602e-17,6.247334539047834e-8,1.2218318536292496e-7,0.001075867269080919,7.634996795894735e-8,1.9586399801332917e-20,9.383033186162094e-8,0.0026456686356132694,9.6496635182962e-10,6.510639317163295e-6,5.560863480803453e-5,6.02478726078161e-8,5.597970375909665e-7,6.625413774513436e-9,4.020600581350495e-7,6.689532277121127e-13,0.0007512452649177239,1.0467577982054113e-7,1.3897621790393395e-9,1.185462370942784e-5,1.1075981732547823e-21,6.915530432012828e-11,8.570584662788387e-6,3.3027049018619175e-5,1.2158570753747646e-6,2.5342906358934245e-7,0.00046657119740803576,3.835115703213223e-8,5.583133506477171e-5,2.4249228774646657e-8,0.0021475185932668416,3.0392684070909928e-24,0.00045966682172592056,5.129362756083831e-7,0.00014092938441921345,0.00010401115547766663,1.450567247142305e-20,2.0147552288974597e-19
9.366206319329424e-6,1.3599527478259474e-5,0.0015503780185930714,0.00537500687822227,0.001462015687969394,1.8698657654071683e-5,1.108827173946744e-5,5.6554922372514245e-5,0.0011088150365195714,0.010559721261364527,0.0022317373726973796,0.0026140226439393456,2.9576725409659414e-5,1.0633364318760667e-8,0.0003694458876718853,4.93019326811428e-5,0.00024075102709558685,1.219665570271734e-5,0.05681317918923913,0.0004371148244818656,9.14408193174385e-6,3.129845558791824e-5,0.0009542126810161391,0.0001238731303462136,0.0005890920965451328,0.14937296314338894,0.0016774387020261105,0.009669077234502835,4.9090385609344436e-5,1.2344508859786257e-5,0.0008662175138672148,8.845084250912427e-5,0.01811542193710569,1.5602636370172808e-6,1.296540450444376e-5,3.24990109732821e-5,0.00037179758147791,0.0011945515272417191,0.001839014512925424,0.0023418668815571105,0.007064943575367263,2.0737418154890454e-6,3.400343218685272e-9,0.1061630558827627,0.010987307301632094,4.944970014879003e-5,0.00032021340935490617,6.22543491120098e-6,0.007913550774913776,0.0003670789033938449,0.015258697311421775,4.8758796548683354e-8,3.806056405455429e-5,0.05494763735774892,0.0007913699278723224,0.04062236742824404,0.06106536643590216,0.0011210374011629634,0.000456497590198598,0.09629439563333857,2.2688602315335155e-9,0.002572219726539371,1.143053176898222e-8,0.00015228190162323944,0.0001535588711050464,0.005473030748833995,0.00030475418775082125,0.140030350405123,0.0008374581421300918,1.088890324814925e-6,0.0004520795709821339,0.1633555258878959,6.0688102293293084e-5,0.0002618446896650285,9.356721988493935e-6,0.0003621792224438206,0.0003111899293111964,0.00012353827275252277,0.0040363306980424766,0.007717668542290475
0.02739920712272416,0.02649020612048553,0.016802233521050158,0.015621089622863085,0.000827075001013428,0.001530164611733299,0.00429683327459166,0.0001511526833780147,0.006398241150949853,0.06816051683894782,0.011716775595315728,0.002311757048851323,5.114988905869263e-5,5.77341099667477e-7,0.01372754449769921,0.00966192317536737,0.0006297111048710034,0.0004217924827535826,0.035983278637870694,6.910182500291447e-5,0.0012839298067288145,0.0001847121284080197,0.00030672191050861125,0.006320241422755239,0.011869394467938155,0.06645921888545595,0.0004913843663438156,0.007385476681548042,0.0002662801294065514,2.43215015631298e-7,0.016961616696204555,0.005664913549494991,0.0064891886282263415,7.85079153400284e-6,0.011916948603334426,0.008566415332411741,0.002448607371945459,0.020919767281999617,0.0005670906108675068,0.0553493762535872,0.009375255406181983,9.103288593618718e-6,5.2093175206363465e-6,0.027516839185041386,0.011636497753818953,0.00413584531045651,0.008155523313157961,6.78460694439035e-5,0.007465148726198374,0.028677466286338885,0.014099629221915018,1.142077763251961e-9,0.0028670234431372355,0.0147339855009743,0.011250593835258357,0.01876955456447055,0.04977592022365966,0.001883223440237209,0.00025572281154805077,0.052572445625089816,4.919895701070764e-6,0.02150759431882321,0.000773002821795522,0.002612563292955942,0.004265284086618137,0.0036978679396944035,0.008512813831682719,0.03327431820211717,0.004847228381635248,0.00032776188942860865,0.014744656012889875,0.005383654333539077,9.643045521229041e-5,0.002746547288820794,2.979197535807145e-7,0.002975719433560713,0.0035062303887295784,0.018955359963978697,0.12294829393932023,0.01985691145928099
4.936061098318591e-5,0.25599621979065074,0.0005275935587261085,0.02009995489470349,0.19556306822625555,0.012186136879549529,0.0024141409870340152,6.88405472636932e-5,0.03672325992916089,0.002044350570573815,0.0011844490883104728,0.002457894005797212,0.0010801256128618378,1.3412322750467929e-8,0.023330771970733397,0.0063014219791057095,0.0035947198960317203,0.0010981147335069115,3.581916019592162e-6,7.858474129178129e-5,0.001606133367535349,0.00014509591035102173,0.0016834435947514,0.0424923780295153,0.018716103960043563,0.007044322646888431,0.001646191522066526,0.011966923998197258,6.820207550195192e-5,2.9473277053340722e-5,0.0029249509388898365,9.639081494484749e-5,0.0005611367223131465,4.555216542894811e-6,0.00613091516510644,0.00022796999485984263,0.03410392018460589,0.005239471418598165,0.0003689210558846636,0.055879574371502136,0.03320528625225906,2.2878898332145738e-6,5.4310670366766077e-8,0.00251795490471569,0.04771272616914708,0.011284316809440106,0.001062613145302175,0.00012010365021886958,0.000618561587826716,0.013244911602948675,6.81102914255883e-5,3.0065648358349286e-11,0.002728388425408772,0.002447856143724246,0.038241472352623714,0.0031742314659853775,0.0013899814207293684,0.0017105297644765018,0.00019893414618855473,0.00025870961671301527,1.9573314915038018e-11,0.001792316310843277,4.449038669772632e-6,0.0010280750952386302,0.0003160446155372818,0.017414459415699742,1.5812381321069617e-5,0.0022600741044304143,0.00016813818851724215,0.00026143921173549386,0.01082380933561405,0.002753001316267006,2.7502655616480053e-6,5.935538604272487e-6,7.710718412038803e-7,0.024931380464182664,7.073279526493519e-5,0.022391045369491644,1.3099742764919358e-6,3.2747891592730164e-5
3.9730092341411277e-7,0.0008258671331061251,9.16258232398438e-5,4.064119829748471e-6,0.01457977130486858,0.0005328210962439266,3.355141904426518e-5,0.003989646946798669,0.0008249800198006111,5.974264432847774e-9,2.67940710732381e-5,9.536329461259439e-5,0.012701217514000251,2.945887729821107e-10,3.9686621830411333e-7,0.0003014616952214722,0.0008027807144019813,0.0092687910013896,1.392245336535963e-14,4.9517884544650864e-8,0.017026285460738373,0.00013651332780260166,2.3492090716087902e-5,0.024514073121558514,0.00017635865899753083,5.315637855830915e-7,0.05446294295162586,0.0015363900579337438,0.0001888530011641516,9.911428398737075e-6,0.0001482015903545004,6.80888866016021e-11,6.198190514278381e-9,4.608159825826697e-6,0.06465830567317297,1.4367365023421757e-5,0.006126217914447542,0.0004590834938192137,1.794648756796201e-5,2.8650585636315303e-5,5.2677619702237677e-5,0.00025649925997793733,2.8156313425921976e-10,5.929081906132699e-7,2.866073076775043e-7,1.206045330581725e-6,2.131225323974642e-9,7.884379938249805e-5,5.58408310364387e-8,0.0006707830942508183,2.5823235542381402e-8,3.0866427528535424e-9,0.5456006395064763,7.2760115841069716e-9,0.00011811582417469544,4.137930545174622e-7,3.628073603456161e-7,0.004823829432699343,0.0011584229256701739,1.2926829066223586e-7,1.2922023782366238e-10,0.0004836530927587676,0.15983077141561358,0.0010238068058627523,0.0001201121191172961,0.0009411156241554778,1.3309335473940714e-7,7.400659233843561e-8,4.131522386061368e-7,0.002776847689379369,0.023775369965303262,2.1960111110384885e-8,3.332786299136365e-8,3.7112842425092596e-11,2.9543735176119234e-8,0.001842531550276263,0.0001415976029608985,0.042688266231688116,5.496127819808861e-12,9.409646365291898e-12
1.4791297118251497e-10,1.4442484922248818e-6,1.1194273596979101e-6,0.0008475504673866124,3.7689389771308914e-6,4.2042706791465e-9,7.494121693160146e-9,4.09228395402557e-7,1.938842713092513e-10,8.958994047532793e-5,1.4949665747590242e-11,5.215796347127878e-5,5.772307918359142e-8,8.412853582498824e-12,6.515772555080342e-5,1.0797763533557807e-7,9.349015750601118e-6,4.983192412106255e-7,0.01363201883422947,1.1594167697077243e-5,3.2625649221253867e-15,7.059781153730272e-7,0.003726416915724073,3.627759240527441e-8,1.375204327179012e-5,0.0002623610302598521,1.966108397029924e-9,0.0007214400731160089,1.008204240109903e-6,8.181810354764539e-19,4.935665241293294e-6,4.546506320677567e-6,0.0058475031611828964,2.1363736005987874e-9,7.890257958940096e-8,3.240710232997915e-5,7.251499904854667e-6,3.622079644459795e-8,0.0003602704590444122,1.0925379682399816e-8,2.042526863723144e-6,1.2678683655264756e-8,9.603586033303836e-30,0.003595349674672197,0.00024269319793249859,7.55909109886754e-8,0.0007939022805934643,7.975015300688926e-12,0.007873758185149116,0.0004259784259658657,0.01872597276563966,4.228035454582093e-25,6.835516578843756e-14,0.01593304192442277,5.276650489158516e-5,0.0010279373484351647,0.007866103543735127,3.820164687566928e-5,1.5411208143665376e-9,0.004894278401304996,9.819247887597218e-30,3.267730076584306e-23,3.3069656680122044e-20,0.0001585794671303434,5.200592262802288e-7,1.0138635840953999e-5,1.9979272534659254e-8,0.015895006425804693,5.553804835201424e-10,1.2623848708412919e-8,3.260250372407765e-7,0.8949837183728665,0.0002771875610898167,3.322062678499779e-6,8.801640506608185e-13,6.966466584980923e-7,3.0257950988376375e-10,6.813190990321325e-8,0.001390194500407509,0.00011049129526961254
1.1211916720787787e-12,0.0003415386295121221,0.00015382683657348825,6.025383010450135e-5,8.832614490316964e-5,6.07339871009251e-5,4.855874061425849e-6,9.42239048390245e-5,7.147556394809584e-5,0.07605670777974463,8.703657034633438e-5,6.382013183588823e-5,3.7423140631476654e-6,7.967575563950431e-5,0.00010660784382862278,5.186366724047914e-7,8.827074576254111e-6,1.9629240429775764e-5,1.0609768974115254e-10,0.5712878036967949,1.7522417202743282e-5,0.08542393448966082,8.955992870252119e-7,4.252781514824188e-5,4.678387773314229e-5,0.00011332884981470443,0.0008921907616660891,0.0038233547786178327,3.387891954620317e-5,0.08480303455752454,0.006447051688684757,6.808132548574449e-8,1.4539520550635385e-6,0.09096753344747897,0.02643566155514033,0.0014982781130652035,0.0006144989897329335,7.728568063780088e-5,0.0002229113653212478,3.732893299021213e-5,0.00017838047504036922,3.0684424722939584e-5,0.001511533654898212,0.009556075823643104,0.00010089946542045346,0.0013386939145821428,4.758674459831848e-7,0.0003620722828956599,0.0006463219763824415,4.9758562295818596e-6,0.0023820529787035973,2.852986974857696e-7,4.001899573444247e-5,5.8639816719358625e-5,0.00012935013020758132,3.4061423874414444e-6,0.00010408693945258535,0.008260143962194207,0.0002084439070661558,0.0002905942799867209,2.517732881309565e-9,0.007206236635690575,8.197748577029464e-5,0.0018431244364700968,0.0002028242737176225,0.0003943727849632693,8.191400683109757e-6,3.201867881021997e-5,0.0003200991859908992,1.8968807997903812e-6,9.175403736246778e-5,3.512759887878133e-6,0.0069752387353699645,1.9478621317282745e-9,0.0015132048794465822,0.00011338409783399172,0.005473062874332122,0.00044278524765463314,4.087313481749319e-8,6.279249902788927e-9
2.329511998781493e-9,0.0012584728587025354,0.010596074471125634,0.00029361717203779035,0.002648681811866381,0.010545187749371725,0.0031422017509691366,8.343691636231233e-8,0.025786118235948393,3.9409637280034335e-5,0.0029236622154546477,8.01688533543921e-7,1.1252427073617848e-6,2.3722980634305705e-10,0.000498828793519373,0.0007029472688168157,0.00031849286422589807,1.3176008506409598e-6,3.940530930118292e-7,1.4666799776900728e-7,0.06864478696292185,0.00015403944874076196,3.868641833691811e-7,0.0017278196360342856,0.010888237148499675,3.5332003119622934e-5,0.00024542722875667793,6.872584550495666e-7,9.03100813890336e-6,3.8289766394608163e-13,0.005034029224846982,0.0005663283713764991,1.3652693972806237e-5,4.311876286601349e-11,0.0007175764558872343,0.0019183960274707684,9.721364765721655e-5,0.0006687288568679699,1.4052497140571282e-9,0.2301806586158743,0.006793319529515957,1.7237360401658084e-6,1.6346736327987448e-10,3.9282335496278505e-5,0.0001551603270853137,0.008087603155943557,7.516767857820764e-5,0.46651613538910397,4.189366440524892e-7,0.0010883104931484493,1.103949363235936e-8,3.4780564571399234e-20,0.005796865960173452,2.893273216353694e-8,0.0011955198807468584,2.4720841661908072e-8,7.419734322517635e-7,4.220574173899873e-5,0.0006949938319503484,6.506022553916139e-8,1.1099705253258266e-11,7.795806395934822e-8,0.006793993136858517,8.764046231553377e-7,0.0035406858059241647,0.0002608490206847565,0.07698818979276428,3.873211700262362e-9,0.00023959098664863077,7.635875581667976e-6,0.010841212712473304,2.174175328733286e-8,2.3593353005764945e-7,0.0010968487790187832,5.118814654931554e-10,0.003438291856798991,1.5001262737602194e-6,0.026546046140171222,4.067352022326643e-5,5.578793834304031e-5
1.4168794941632536e-9,2.7000915255428315e-9,1.5304062659781024e-8,3.4877730126596674e-8,7.419435269661249e-11,1.3025373392978451e-9,7.494104641702229e-9,1.7196205683849793e-7,0.008794195946909028,6.396234446559355e-5,0.0022233539778695167,1.206074915752692e-10,7.271009524629816e-11,0.020123721945407215,2.519924840228032e-8,1.0929720995734642e-7,5.009186124957216e-9,2.1834523247913342e-8,6.108244441535904e-14,0.013541488625357997,3.0173786553826633e-9,0.2650252419594402,1.296345754488941e-11,3.3399583661937413e-9,7.55898489487129e-7,6.111354392273626e-8,9.834327595148873e-7,1.386506753667449e-7,2.867327232566664e-9,0.07414292191773304,1.037295567572573e-6,2.3554351727887933e-11,1.062421257834472e-9,0.033094433801297805,1.6880738313790975e-7,0.4548561269512033,7.229234067413553e-9,1.459268101178789e-8,4.039498638618304e-8,1.085126301328211e-7,5.888975549063546e-7,0.03147217532018654,0.001509716976999564,6.510378248005931e-7,5.956315086783478e-10,0.00040945422609885867,1.942652176987625e-10,1.5025721325176672e-9,7.253528430481779e-7,3.240339573432349e-7,1.5452240487444957e-7,2.7681348913827304e-6,8.749860517731602e-10,1.8991477084333979e-10,5.469669049633758e-9,7.216142884750206e-10,2.597956290742288e-10,1.2767987794011496e-6,1.215844071839475e-8,6.035117505514376e-10,1.9114596617908957e-7,0.007391452294547651,8.719033352598381e-10,1.3290439473815825e-7,1.9792067791638844e-7,7.536535830851999e-8,4.9810543886805914e-8,7.885916968798305e-10,0.010306977532983605,1.487506981230815e-9,4.0401638815480636e-8,1.813164938083464e-10,0.07562079400535132,2.186064164655435e-12,0.00010639554864923095,6.611877933188441e-9,0.0013066477217116954,7.032243949970729e-9,1.1088830376280974e-10,3.2790903288315124e-12
4.60630853739521e-5,0.00023203382263898176,8.785778902088542e-7,5.0785682675455825e-6,0.0020590455042496,2.239280870821854e-5,3.875499400577766e-5,0.0004948665745057968,7.345364776739611e-7,9.197574028150834e-6,9.088681965223405e-7,0.0014367051543144123,0.49352642379494815,6.987474095980308e-10,5.7137460617489535e-6,3.898988469227601e-5,1.793819188830346e-5,0.016138725217765673,4.8676810187482146e-8,3.7852588171323195e-7,0.0007751766081721647,5.7908502415634904e-8,0.2104871890042321,5.151549925050975e-6,8.516199456078423e-8,2.3218579864162684e-6,0.0001529412120429372,0.003287223121638129,0.014140122427977962,0.0006063542082002486,2.8064193723765594e-6,6.142161022873227e-10,2.7285206244217733e-6,5.416289260828979e-5,8.015863492930966e-5,4.624471330818532e-8,0.0022804777226574937,3.482866920479076e-6,0.017388435677824592,1.2627183665024931e-6,7.476166287455404e-6,9.058902930427001e-8,1.2710275186182567e-13,2.4651799026796762e-5,3.3595150212291505e-5,1.3200126009561918e-7,6.879183019056839e-8,1.3054032489104666e-10,5.642199622200626e-6,0.0003402704127129421,5.126762588572461e-5,1.4700587381629835e-11,0.023917622242094556,0.0010842263526348352,1.2042215820232773e-6,0.003152111424055237,0.0006713979665554475,0.010921919884091998,2.3545805563934642e-6,0.0003804442758674704,5.729312710622373e-14,0.0011657184527853366,2.5391381377792264e-9,0.0008279229407878575,6.154507440906266e-6,3.550294609483281e-5,1.9425784274667825e-9,0.014058665005062969,0.00012273882571151251,0.17892443103563035,9.640336769823387e-6,0.00042266857806297505,1.2710650084920634e-7,1.25617192974727e-11,9.446729232884553e-5,0.00037530095241887105,3.1573234064316537e-6,1.3922023357268476e-5,3.3916497298958406e-8,4.25577804786805e-9
0.000296739737864051,0.018558937588740755,0.5109212113227543,0.00293072142682453,0.0384584833098361,0.018200216734185422,0.001632247937232327,8.957803750580691e-7,0.000227926394873807,0.0014445112851911757,0.0002906209543319012,5.10515929261367e-5,1.3347101329030462e-5,2.4724975294009987e-8,0.0006886586330677485,0.0013102204782858094,0.0005660934467865569,3.897625910182443e-6,0.0001232334571086101,3.2756495767055233e-6,9.378782021268994e-5,9.802625474950411e-5,5.917641842945144e-6,0.08402140906877648,0.004537469514840181,0.005747005869073831,0.0020028766099744453,6.487196719838901e-6,3.450776305831954e-5,6.739609236418978e-10,0.004351874915941309,0.00018999418584703283,0.001783110438586029,1.4536395602981838e-9,0.0005535111549316085,0.0027874335612369508,5.978850811256001e-5,0.00622881458043739,9.437508799977887e-8,0.0773616872623482,0.07693171202510245,1.5760638935988388e-6,7.101767742755249e-7,0.0006562908453900122,0.0005984249844350358,0.0013022769960197487,0.0004352041880262104,0.00011149369805271571,0.0005870184207491351,0.00331381785262182,1.574076933110721e-5,6.074928605123433e-19,0.0008661595748023288,5.6267996280854604e-5,0.012075058284376756,1.1083562107269072e-5,4.8409545785036364e-5,1.4315985019463356e-5,0.015617650252729669,6.241224778413086e-6,3.551568742329951e-9,2.370769406142714e-5,0.00014536403646774133,1.7652465114449877e-5,0.012816482682382375,0.05127811266304737,0.014274837279353532,3.4405948383095025e-5,0.00011358763860384661,4.372031730009546e-6,0.0033377894758264757,0.00010094607335279979,1.2164593278768566e-5,0.0001929144667433953,6.377415865447396e-11,0.010660592850713909,5.892617211257735e-6,0.006518757127924062,0.0013520371224811547,0.0008748131401523616
3.03082029112313e-7,0.0009905160914035105,0.01409947524710059,0.054166499181748824,0.008446565218260035,0.00017404375875871338,0.001612354078868517,3.5289774694148174e-6,0.023515234910264058,0.05587224176071482,0.0009338183691310772,0.0005998244624725643,2.5063294087597945e-6,1.5986793562223706e-7,0.000918470115909753,0.008691162377099786,0.0004381965393298567,4.288726783926378e-6,0.008244181093016258,0.0013837276899231266,5.1043072318273835e-6,0.002282706316961625,2.1017627041530768e-5,0.00045713600217323877,0.009422258027849724,0.2234294963969585,0.0001608818929181314,5.381339383561421e-5,6.2164340072110125e-6,1.9320281538448525e-6,0.014662694318504466,0.0027982842149380524,0.04017585338050451,3.1443798550587153e-6,0.0011621807168317815,0.001035980293384834,0.00012504214355218645,0.01661764593453452,6.747720577831901e-6,0.0529215941848191,0.06804230061563808,0.007226248315614215,2.564684649175518e-7,0.09427468009518161,0.019564507866552495,0.022662633516580506,0.05179649385032154,6.102946791960181e-5,0.047294564664613015,0.0005882520310843098,0.0012495709020041855,5.892351515449855e-11,3.1193156648933356e-6,0.00262311716179062,0.004643160646381312,0.0003775144681836526,0.0021991450193039872,0.0007199632699896912,4.473762589827142e-5,0.00036176313283329116,5.056253010354585e-6,0.0012412181502379264,1.1561897608489092e-8,1.3115103772474096e-5,0.008459390544446182,0.028383079860433397,0.003378951365350226,0.00010962601744641487,0.0034778866721470263,3.0038737772382193e-6,0.0014470894309018525,0.0013866017693173137,0.0006541468775349316,0.0003763842788714987,9.879896619114957e-7,0.0165877247735604,0.0027305758762684288,0.003280920377198283,0.019475367524607406,0.039808975614353474
2.728011619787225e-7,0.0002463226227866506,0.0042922336843631715,0.001886134864370987,0.003909844323653743,3.759772084361763e-5,6.0418601935137046e-5,2.13225226186409e-6,0.0008452764762325521,0.032535627001875754,0.006729771712799244,0.00033738213024681757,1.4152578430003588e-6,2.5666383710132803e-7,0.011188680208104105,0.0005152921982807487,0.0007954754434654474,3.6367539089736624e-6,0.04041390850605613,0.0004806992379802621,8.388431516463961e-6,0.0001165089184325778,0.0003208371984014959,5.70313496704801e-5,5.494853105668277e-5,0.03493916054605857,1.2266303037903865e-5,0.02990105827085394,7.035820078999581e-6,2.8144005581799473e-6,2.7930956527531622e-5,0.005670139265868059,0.012570453699869408,2.613985660205777e-6,0.00015085962093823932,1.712227940381851e-5,0.0010860871037290027,0.0003351152800225835,0.0037213199209795815,0.0013259444808856105,0.003864076590601404,6.832981299239868e-5,2.7209180401471675e-10,0.048794834255897195,0.001932742366183686,0.00018177444782211722,0.00023028640406940222,1.740477708618242e-5,0.04300369258658549,0.00018344862707595232,0.09841411409132711,1.507532632599478e-7,7.111141843832639e-6,0.07755340707245023,0.0006552150552268643,0.018907666427074712,0.3097380973707694,0.00020592573976970966,0.00013968654242021172,0.07945158341507594,6.585141100296562e-8,0.000489888599629479,1.0556642371322472e-9,0.0014831068784548925,0.0011383744673013653,0.0024166096432656115,5.381269419352239e-5,0.06364909195810835,0.0018665950426482783,1.9300711832384742e-6,1.154298296481718e-5,0.023889129591238335,7.380888482984505e-5,0.00017537184554565247,2.197780669912479e-6,0.00016469188409245383,0.0007522146231020968,5.0785842244664565e-5,0.023759994792303937,0.0020612229359647915
3.02279136523756e-11,0.12474606295031238,0.041827515733959646,0.004175992167316141,0.018069102242664392,0.004961015161235772,0.0029833256881653322,3.375007488629267e-6,0.05424329170349811,4.469237912752199e-5,0.00025276735465065996,2.4369637500925706e-5,0.0003048593296116069,3.603397623707038e-8,7.135069963802648e-5,0.008677460727149143,0.00015007702850201412,3.932892406737321e-5,1.8033431676837388e-8,1.7448071591880627e-6,0.002712171296067949,6.256038736579706e-5,5.596378743869067e-7,0.012289863436039277,0.004671546476233773,0.0001370012339625765,0.002456778424803857,3.255558415658786e-5,1.3143742383991185e-5,7.437242985081043e-8,0.11739106301802844,2.194720996544238e-6,3.966729450710572e-6,4.73586199314724e-6,0.025390453348994542,0.04943376505436107,0.0007524873440493781,0.010269570512633566,5.653060883737686e-7,0.00019981173051434402,0.00429262069276272,1.98167952016956e-5,9.730792334068643e-10,0.000252652400947131,0.0009113015597583886,0.0022386081138489884,3.3887796657118884e-5,0.005710112774699399,5.448952972770206e-5,0.015004339715983006,8.763079274492464e-7,2.787879150318985e-11,0.00589656370912058,1.1977170909083814e-6,0.007296812229457979,1.855649862208604e-6,3.732327453112702e-5,0.00029723917252252077,0.0038444585571730753,1.2087224513067928e-6,8.007418077415227e-12,0.01953903869356926,0.1516478372594453,0.00014679694192377995,0.017607313472953506,0.00619466392497348,0.0005027506795420582,3.065655815981554e-6,0.0001851356279206915,6.494977862722551e-5,0.23306306631265744,2.153695948246363e-6,3.2851668465503395e-7,9.803931879028998e-8,2.314622296895767e-6,0.015712536211831128,2.919878281284615e-5,0.022997171626660835,2.4192148352587188e-6,2.541355383032249e-6
4.6651089397976195e-17,0.00015813530915979477,0.0004937455738549522,1.5566290663729315e-5,0.0025635415406789616,0.0008200732816572502,1.308759516845992e-5,0.0949752255842788,0.00010576497037841896,2.5532644048304013e-7,1.7758871040121524e-9,0.0008759576752211543,0.06382732890660353,2.864831444398168e-10,0.00030039821233343475,0.0003254162120881775,0.0073099937396394424,0.061689165316098596,1.2215900075661644e-12,0.00011297363237842202,0.00022133590052360503,2.0279619636103017e-6,0.0038220777223523044,0.0052795979639323806,0.0003502544987492172,1.6540731568317393e-5,0.0025047284691569693,0.036497241876637034,0.011339093170446644,0.003901329572705977,0.00047892631967811516,2.035054494489816e-9,1.168710252681192e-6,0.02879357343436527,0.17120356723939495,5.581980985931915e-6,0.10044440691585864,0.0005708259757238679,0.03214390571115755,0.00015114461872421843,0.0023241048914090217,0.000113083287093354,9.296478756651765e-11,1.787443745333641e-5,0.00015961585105777088,1.4376163945954346e-5,6.578534995394898e-7,1.81250525795177e-8,8.074584214572722e-6,1.1589372174897346e-8,5.536578779602866e-5,0.006513434669811928,0.012795085156442213,0.00020915856928537948,0.00016410169109653188,0.0006985974910987988,0.0011161425233645575,0.018383122928597197,1.0082695827394533e-5,0.00012154909371800119,0.0021992035957493815,0.011304896689112524,6.509888952790012e-6,0.29146155485619324,5.321431439369567e-5,0.0010697246299644074,1.288034932507003e-6,0.001427746255025019,3.7795591614941877e-7,0.006986890532218809,0.00416651675046303,3.812494047782877e-5,1.98157162558157e-6,1.2016390361959242e-14,1.7107805905151435e-5,0.002866234133124937,0.00012338530980501508,0.004256823125976261,8.063909008612547e-11,6.944108440867648e-12
1.6280863756974456e-6,0.021166182100204777,0.00011078825769218737,4.758531344076578e-5,0.023492787665900378,0.000886259040433857,0.0004600245971738859,0.0005697625913226435,4.711641335017772e-5,7.244080697839809e-7,2.1197054294596745e-6,0.00018525084761627185,0.010497651267744145,4.0917392251933136e-10,2.593518250601779e-6,0.0005550971918230766,0.0012227029284553109,0.008269551396035916,7.416331203646226e-12,7.1068940922611e-8,0.031991164354293326,7.076290117465151e-5,9.463295078838743e-5,0.0027914669902426095,7.680613275365165e-5,4.0312104324453824e-8,0.026119412056707716,0.003815985828730029,0.019254438933433406,7.646895317356057e-6,0.0015782954787606162,7.416212261589246e-9,1.3560560161963249e-7,5.584743433170695e-6,0.1741517750458591,6.78499872641158e-5,0.0074049864884355105,7.315545028889695e-5,1.8851938975115132e-5,0.0004853858178274751,0.00012603125989393607,2.2413567101152517e-6,2.7223914963258356e-9,4.514168866507547e-6,1.8979686518040057e-5,0.0003034874479286399,1.653826182042837e-9,0.0005465648810701517,5.845019972590557e-7,0.003439357135875601,7.792824726830013e-8,2.8033969182603806e-12,0.5310044693977946,4.838074409503145e-8,6.205633749736986e-5,3.3378420590783516e-6,1.0746186273987771e-6,0.0060820941465373115,7.734437521781569e-5,8.297439171163021e-7,5.975112331338033e-11,0.00141532780494002,0.008005445197387932,0.002483253548295769,0.001828716932020675,0.0004293526654979414,3.3572123306793206e-7,2.1619745634408975e-6,3.348800526621464e-6,0.0011851908482633585,0.006258649107788365,4.245198283157482e-7,3.118868469773968e-7,1.2766356459522246e-10,2.778407965398713e-9,0.02548656033357474,5.086667571543618e-6,0.07569644940849772,2.885378347526395e-10,1.5972262553503985e-9
7.313114231121202e-11,0.0001557799330032787,9.494941408659004e-8,6.072237339920042e-7,7.548134957908733e-7,3.7014311265901457e-7,2.4302495621187054e-6,2.7948663827989616e-6,0.0069861290849484135,3.275889484185947e-12,0.029028105707131754,1.1705935219923274e-8,9.40299800497458e-5,0.0015304307062971444,4.648450477763685e-12,4.985851968430847e-8,1.7627126554252165e-7,3.462411203851375e-7,6.183721777927464e-25,0.008712273830278337,1.5521781224407514e-5,9.264268424529359e-5,1.1400196952561093e-9,0.0007728414418318962,7.618452320239907e-6,1.1471514735235416e-12,0.0003946310297953674,3.4535424315507305e-5,1.0164446932474388e-5,0.342881481865598,0.00022542922555584597,1.292456519704902e-13,1.384355164556459e-11,0.4833187630486839,0.021853378276917183,2.7470938376660165e-5,7.41895073011113e-5,5.420113550623086e-6,8.291307215220382e-5,1.1786078692682982e-6,9.941483837643183e-9,0.025088887873512707,0.0014457799157604593,1.5145958924254138e-10,3.6973631011374436e-11,0.0008302314452386832,8.942234051570608e-11,0.008268094563321053,5.208292361664339e-14,9.934941775113084e-9,5.235811605097277e-12,0.03814523893605383,0.003495924566587904,1.2962484297965229e-17,5.020876664787109e-7,2.702094260092085e-11,5.236738564506056e-15,0.0005770160374944281,1.162420884952388e-5,7.437084743416775e-16,2.0802753627374358e-5,8.011624429141942e-8,3.7408378206300424e-6,9.187446435857353e-5,8.653313225825736e-5,3.046904324576309e-6,4.860758833010763e-10,6.712883540018466e-16,3.6024092202648414e-7,1.059009266299132e-5,0.0014610163395397547,1.209574700020684e-14,8.218891556171103e-5,5.317008286155145e-15,7.825100619470546e-7,9.753786173723897e-6,0.02356793000326774,0.0004854128788852042,1.3342569217726086e-23,6.914687215144795e-18
8.250594488953117e-6,0.03402926958464377,0.054792941547952174,0.08621158489031465,0.0032023945360342503,0.006296262618095649,0.0007527154034004208,3.0747961433401717e-6,0.0043350040514577555,0.03779482778133272,0.0005221828821867351,0.00013313042128220164,1.989438446414432e-6,1.1896373749107007e-7,0.031417130491365304,0.002812496771444604,0.01001918090633101,8.467905253226643e-8,0.0020033931966243323,0.005562331789504328,9.699002202257145e-6,0.012459943185698171,2.4506791367789545e-5,0.00401109109386312,0.07598142785924396,0.015975721060899114,0.0003108781919094675,1.1505893549279111e-5,7.137468756544136e-6,1.2884482297310462e-8,0.06513815493412024,0.023672109342641953,0.002489202893586969,3.6644716478522393e-7,0.0006542103969319781,0.008908876202794099,0.00023991169170691447,0.0074869512724678134,1.1946529246092883e-6,0.034180294647778796,0.005912971778757067,0.000751136708599449,1.1972992672405769e-5,0.05161667220941865,0.012954334722405895,0.05741256811773535,0.001499171987338745,0.004933967172898127,0.03255685603438286,0.0026275867076455675,0.003301774953577742,1.2682934005573708e-15,3.033357817002128e-6,0.0005731828458459623,0.008649755340685149,0.00015288031947582444,0.00020400690991165181,4.4401216270370736e-5,0.010691616498293954,0.0028265467304718454,7.786712587199734e-7,3.232304464501416e-5,4.225471288436069e-6,4.867931189826637e-6,0.019780896090589455,0.15591555267434287,0.0012515720814672466,0.0002129122593734895,0.014917134089348298,1.7295305859682144e-6,0.017419743592846117,0.0013983627011849276,0.0010533284961608156,0.0002139037374485088,6.385799156984921e-9,0.016957054407471948,0.004089236588789779,0.01663192006331006,0.02187071280388049,5.774151688503682e-5
1.615519095256735e-10,7.973237581623318e-6,0.0036642210353628113,0.04312869676046023,0.0003223929822318898,0.00015402367653565458,3.357039548721992e-5,2.553781190797096e-7,5.825100697444003e-5,0.004184693473357005,1.0066542054700322e-6,0.0002544087947929108,1.6264833570022839e-7,3.77132046437666e-9,0.03744674688537507,0.00011316912287921043,0.0011849389257354232,6.790944151044127e-8,0.1139819598433162,0.00010191762082570025,2.312882227700781e-9,9.722237929818513e-6,0.000585025868739534,0.0001520591522533512,0.006958072003039955,0.029001673672671983,6.80865491021424e-7,0.0002210923867476386,7.532849388669153e-6,2.3085060775309647e-11,0.0002437847670822,0.00588327025762091,0.38683261615342895,1.7265534817480457e-7,8.9257252388383e-6,7.540381870134893e-5,7.02502579772768e-6,0.0011218995390633753,1.3333364914347662e-5,9.856593919111773e-5,0.00800918495561751,0.00020314094773008537,1.029181297801938e-19,0.012867438196986124,0.0005112381293559908,0.001999557325691672,0.008702617621888235,7.25394338489271e-7,0.09193162347573357,0.0019143365043205968,0.01748044172360838,1.28647703465741e-17,9.25486405625478e-9,0.016187403308124834,0.0036686398636381337,0.010140377730551042,0.11544804550556184,1.2593175888308026e-5,9.413078738560086e-6,0.004271327837123728,1.9743835925682543e-18,7.671497451863342e-15,3.140113648246192e-13,5.915767420049249e-6,0.001028438283389112,0.0022727057172938323,0.0001624048661937106,0.004642766798396163,4.250800716062959e-6,1.2110750123094247e-7,0.00016255858893023171,0.05128164757952586,0.00032316759133942563,0.0008786808081752801,3.340529667132163e-7,6.170585313428531e-5,5.387853068360455e-8,5.6337394820600367e-5,0.0030641931090757924,0.006837284870002443
1.3344441895017435e-12,0.0004392904048068962,9.233687425169039e-5,7.879883766966204e-5,0.00026552443982587684,6.894900238331022e-6,1.689940949096462e-6,6.8557415597917504e-6,0.0008315002242938131,0.000390915589834391,2.113644538514094e-6,0.001279467329001929,4.7053191843507206e-6,7.145889120212325e-9,0.012809421740565536,1.702391177687903e-5,0.0002675489661513877,2.59075850857777e-6,0.000753972122762165,0.0007334086294948312,1.0797492150094551e-10,3.7836025589006826e-6,0.013859231585434171,4.1824752031313726e-7,0.00013956338184920456,0.004090687056709958,5.059797043998517e-7,0.008119952575405036,2.829125165420649e-6,7.332530331898812e-6,2.6596298643395177e-5,7.572808712140937e-5,0.005506339358955687,9.745832921731788e-10,4.3376315175273615e-6,1.0156786788567597e-7,6.330181142615125e-6,2.0909727854627375e-5,3.6572645431814977e-5,8.735588096814179e-6,0.0002622321465805912,3.1511344927348977e-7,1.3062435021559318e-19,0.04356921970974237,0.001985407833926957,0.0001918252922721273,0.00013924286280867472,6.07369467337436e-10,0.003560737018440942,2.458889247200282e-6,0.036842755917551664,1.886387098538102e-12,1.8566876428963525e-10,0.022786141973064777,0.0005252503703399383,0.006143164233156212,0.10873904901956881,1.1052611714088773e-5,2.9238102220502255e-7,0.0015020247853689062,1.509141589570389e-14,8.559481722130108e-12,7.871480599538887e-17,0.00026169855345125844,2.50666082971709e-5,0.0009477972642332379,1.3131944342831982e-7,0.10838895032220067,1.4397309146127086e-6,9.191863924568539e-7,1.8211336852008469e-6,0.6132998763437453,0.00017585565830246984,2.324749551982482e-6,5.262621108199034e-6,0.00027619301844716674,1.4374177479133303e-6,7.5441424568050965e-6,0.0004423544687538626,6.133723007686751e-6
9.159560664079398e-14,0.007883248016568572,1.7947298658104786e-6,2.3868189381401243e-7,3.447033177741759e-6,5.803779978700219e-6,5.246200458735305e-6,9.156617616840179e-5,0.006557160279143839,6.426700942747878e-8,0.010073622370946477,3.038753567324665e-7,2.5925850321494257e-5,0.0067891126700100664,2.8179678328726345e-8,1.2327284334791667e-6,9.660992876363399e-6,4.74836277850782e-5,5.439882513280385e-25,0.28454996241902625,2.3300493687347188e-8,0.004113631148740076,1.2371011366495978e-8,0.002638046478931432,5.7318306560357316e-5,3.2147187412953057e-9,0.0015730976599815105,6.731847462222357e-5,0.00041933594163932663,0.027397160358821355,0.0008274830508283534,5.257353403032312e-14,2.421211865663189e-11,0.010958576997637557,0.024020890461991948,0.0031110748709347728,8.259631922363996e-5,7.609549434512615e-5,1.9367065235840458e-5,2.587494919459583e-6,5.6751692408758035e-8,0.005144846834985619,0.0022610657893948113,4.24959465407164e-8,2.4424748589561045e-8,0.01984162568406876,2.11156399080168e-8,4.0472355973268965e-8,4.1675305518935075e-11,2.4808437435272683e-7,2.1733947345280133e-10,0.0002952654835635893,0.000351932336729576,1.2597951985962107e-13,0.00022209022903464776,1.7058212502384152e-10,2.7085929340790017e-11,0.05557162848286216,1.8690103250485746e-5,4.644447214420843e-12,1.06220180734569e-5,2.9175260302214365e-9,6.007908763760042e-13,0.00039013760446093067,0.0003344535715542052,8.754663255975235e-5,8.626021810336489e-14,3.6068742744733746e-13,5.3639942704207745e-5,4.700061570417664e-6,0.007072516652792311,4.0390615085688714e-12,0.0059972531319912575,6.553371397531447e-20,2.8493768445806867e-7,0.00017712636954165563,0.5101017960264802,0.0006518204641812757,4.4648933765889346e-26,3.475005816668084e-22
0.0003644154632925749,0.046881209910451624,0.004294253986628422,0.007735627511169768,0.029840685854404757,0.0017976411639827996,0.006810228500720253,5.050016641526572e-5,4.488856458039436e-5,0.000390382942697672,0.0003813505198692419,6.595801751360726e-7,0.0002508637655289039,2.5820035195421006e-8,5.1364432600261845e-5,6.197179176338812e-5,0.007943279219218047,6.049804352339354e-6,4.715190640240123e-9,6.106094168027585e-8,0.0014786471935070752,3.832918404301677e-6,5.122281345771143e-5,0.11964546150301965,0.0030658256035137337,3.979844168354244e-5,0.003042934434679568,0.0001773163012897964,0.00034411988627897793,1.0477191821275348e-9,0.036565676038755025,5.006862327559314e-7,8.859822370307895e-6,1.2522692623311845e-6,0.0025886352247927714,0.007927757312386834,0.00449699021655062,0.0017250369817738826,2.9124245432205883e-7,0.020993447145279457,3.473831333720556e-5,3.11404008481747e-7,7.687777194230286e-10,0.00023444752329869505,0.00039016513414144604,0.002419010547342382,1.5653244695618988e-6,0.004992567406011265,3.363133578206182e-5,0.0002614169264942436,1.5339102571040866e-7,3.192134987798831e-23,0.004405079519509577,5.537180020096647e-7,0.008497032155998336,4.6030825457845775e-6,6.369563938309136e-7,0.0002676816528535717,0.0007248485989918435,1.2204580833988425e-5,2.1866811195100677e-15,0.00021607718139904993,0.004931271893300561,3.476586846911039e-6,0.01864421574153698,0.04205912389375375,3.976495540384289e-6,3.4117879885655537e-7,0.0005367893088620624,0.0004304703315692511,0.48250348933607207,8.291134038439494e-7,4.14832558868427e-8,8.102768821523214e-8,3.194647902238026e-11,0.07952608202392802,2.6800248395671074e-8,0.039799650370582966,3.3538016484375037e-7,1.6238513603830479e-9
0.001126060336298197,4.975088916130172e-7,1.4715934706365674e-7,9.279659301556097e-5,2.5650059485483135e-8,1.0764243852068953e-8,2.601780300656318e-8,6.122096918650053e-7,0.009855422734067159,0.0046925031249496615,0.027407693168576976,3.4032379861439404e-5,3.187603429455725e-9,0.00634715421357143,3.0093632862939433e-5,1.6870385649007723e-7,2.0859848569741497e-5,3.0936339001518855e-7,6.968066211907319e-9,0.0036499607014382706,4.445304692329625e-14,0.0007705939677475615,7.724696480446037e-6,9.46472187842873e-8,0.00022987083649149664,0.0001013058184144472,2.218858584216103e-6,3.015505230601171e-5,3.6365390976056685e-8,0.0030814416825823824,8.111825895280028e-8,1.8419007901027258e-8,3.3438165968828105e-5,6.15771313798248e-7,3.111263519208171e-5,0.4811757034920712,1.3562355678448033e-5,3.9332156914631716e-7,3.958950216407745e-6,1.039630575434768e-7,8.673011603452807e-7,0.04674285475752178,0.002091386201558152,0.01667050804187183,5.7317134695380345e-5,0.0017190521824766143,4.5281924912220864e-5,5.768148846322857e-18,0.0038280175035565536,0.00036653834888443303,0.0042499289040981054,3.555953961752089e-15,6.505623490782002e-14,0.0012663398597528447,5.23829076508329e-5,0.0011003231983126227,0.00014931336297285442,3.406586998343926e-5,5.815547354443289e-10,0.001571035560268318,2.2219065165743787e-6,0.021113824920212475,5.4801115097703675e-21,3.823940046947672e-6,1.8615261532359104e-5,1.5948946886874617e-5,6.154584618564726e-14,0.0006774031001519034,0.01720523703419352,1.3132687175302793e-8,1.7391034554117799e-7,3.2340844386394287e-5,0.3404638481776198,1.3135645973388613e-14,0.0017398824382894174,2.7113953261473403e-7,4.033757094787861e-5,2.9649999831707554e-8,1.3562580234139593e-12,1.6062430511739339e-13
0.0003398373902941628,0.027541451193367747,0.0003922689293165281,0.0006499451264987021,0.04737716451623691,0.0031348955151242258,0.0038298034354926915,0.0010438722544973366,0.00021769190386044705,5.5796211427429815e-8,5.118596009307292e-5,0.00016466262169382095,0.02293839829920313,4.597369914526368e-9,7.757737880974486e-6,0.000488849929842035,0.0012242095819035375,0.026800633016571002,1.1846558787514774e-13,2.950890401335766e-7,0.19529867939987458,2.0426138155892973e-6,9.458772704552844e-6,0.04791023926789533,0.00044453244065073745,6.455762548681919e-6,0.025685826864757413,0.006871472763383198,0.003566980807011096,1.361512296186292e-5,0.003190037221632829,1.9160546335226802e-10,2.1133221080536803e-7,1.898423283095964e-5,0.23124987394844376,1.7348646530696446e-5,0.004444929152598786,0.003671994885082356,1.1814625218240042e-5,0.0014285269429335171,7.260334369053027e-5,5.3362791949900564e-5,4.94149107181385e-10,3.0804488776864337e-7,5.768612575650078e-5,0.00020221470212895197,1.84370395062623e-8,6.150566787321724e-5,6.568461978865306e-8,0.0024549716813429944,9.648326679087035e-8,2.884474771256482e-13,0.003450006582748593,4.0126131394623694e-8,0.00020909285987820393,2.5756488563831076e-7,1.4893939196077535e-6,0.03896378897796469,0.0007189380383252178,5.7662312395418684e-6,1.2502742890035922e-11,0.002423963908679829,0.008529085074547825,0.0008788719706638309,0.002950485582896654,0.007310895855436889,2.6285843286377873e-8,1.1435202170090975e-6,7.855013584410062e-7,0.0032867556895219254,0.15650188623488845,8.801308310605257e-8,2.709277363683235e-7,4.63725089111107e-11,1.101224519068363e-8,0.0010625810554168956,2.7952735843690586e-5,0.11072697534953273,4.408317273257265e-11,5.773643373927478e-11
1.6158908946795734e-7,0.01034877322464823,0.15311602093271107,0.002801803149480545,0.004756365524245975,0.02684367075518239,0.00012234928355991785,4.524201343856075e-7,0.0016603602406300344,0.0036967125068934356,0.0031385681360886156,0.000501791711625596,1.4555656922115847e-5,2.2232390518786637e-7,0.05010698478934187,0.006168671633195297,0.0004431673024239702,1.8344881922267077e-5,0.003611697953813602,1.8064082743246064e-5,0.0009016846881575676,0.0011329763492767223,1.245090319684716e-5,0.002683961406308341,0.024753141697411263,0.03562699828363625,0.023998689617869308,0.0013126105131284291,5.876948905193841e-5,7.487881993135065e-9,0.0006968880935676698,0.027580118095262056,0.05638672153858474,1.8479090819941714e-7,0.0015227352234624546,0.0009849876715651534,0.001118520956930844,0.03566269452319067,2.3810699865990462e-5,0.016103105840753237,0.05959508246283184,4.2859300141965844e-5,4.643645700787262e-9,0.03861494530044228,0.0019533046193782907,0.00189200849331991,0.011878542288243416,0.005222278112053458,0.0019476843214125323,0.0001422528243009068,0.000793593992023896,3.855866381968001e-8,0.00021540518152007374,0.000521151021496119,0.0005451293899422936,0.0016152535344873542,0.004484661914230051,0.0028277485829528953,0.004551000613863166,0.0010586412460041085,5.765249891309511e-6,0.001704923888443355,0.0003060678243539167,0.00017089955991340144,0.0005252832611636583,0.012854367294538722,0.229870552829481,0.0026168714205006298,0.003081192073051765,2.0571509063831494e-5,0.013805697156329599,0.006715496421664436,0.00021476720079485878,0.012649251497504824,9.336246195658863e-8,0.023919363509437304,0.0008842510019058819,0.0028184320424696064,0.03181097669981296,0.020193793827696052
9.985099861092748e-15,0.002159400863889824,2.6993780421278553e-5,1.698402224936058e-5,0.001304701345076639,1.4562151487768599e-5,2.5277788150128835e-6,0.07806887308969625,3.0696517081260713e-6,1.794572751935601e-7,1.8413118426551223e-8,0.0019146359677141595,0.02408357324978228,6.883261042246641e-11,6.318156155169439e-6,0.00013840703270910412,3.2347943474950754e-5,0.06549314466359138,2.570165820844848e-15,2.2692846783652955e-5,0.00035308653301399667,0.00020731832975004778,0.0030315242640524672,0.0001654911098259278,1.8559539038557476e-5,3.857053921015326e-6,0.002570621421355899,0.15286089522536422,0.04075104433360833,0.03672106433972813,4.469923647714523e-5,4.932823338066767e-11,1.2105538641719734e-8,0.02186294821373665,0.006689138456075896,2.2751970817689365e-8,0.08692645948905554,3.627639932404398e-5,0.09988235164915833,3.8187122172556745e-5,3.193805931163912e-5,0.004479590145222856,1.4959011571548073e-11,1.3050339931195873e-5,9.17141392127683e-6,1.6152104228975094e-7,6.947566569571843e-9,3.5818277071899426e-10,9.111064935903002e-9,2.4021572606641232e-8,1.5494782265060532e-6,6.916295019708076e-8,0.0017032011954402875,0.00010853049344001655,4.62596074331071e-5,0.00016485240842506924,1.9295805121155608e-5,0.2782370004448303,7.002620830043653e-6,9.892211527370013e-5,0.00420441791204797,0.00022756468759800602,2.691330733722688e-7,0.07477606401846922,4.5370394485472575e-5,0.000464135991884902,3.757932264915781e-11,0.0001509642459092516,2.288023665153255e-8,0.007797954001905854,0.0004591976913641951,7.408523741529447e-7,1.7430747043292947e-6,2.0124248559360536e-17,1.3028692720505987e-5,0.00011973123645267525,0.00018385378289827035,0.0011823179961361668,1.1981896813984737e-13,4.157215090386288e-15
8.181477764451912e-7,0.0004492074009821529,0.3720436790832246,0.010924954953132508,0.0026004955087328982,0.004864250684090909,0.0008694673017000425,1.386612547801684e-6,3.602421855421235e-5,0.000495366209691159,0.005765870875380997,3.73633738194904e-5,1.3551498425266778e-6,3.858575012505304e-9,0.05694226347156184,0.0029720319922518636,0.0007888430039764046,1.6477688354306174e-5,0.010211855853745224,0.00018715278531887585,0.00045793432117674184,0.003793225486816467,6.208296001272208e-7,0.00020527853405814825,0.004704334301235195,0.02984154517904952,0.0003514003014324506,0.00018045486324971886,5.490577645444986e-6,4.583233245961324e-9,0.0025947769538501946,0.016978340939360625,0.10143339094901895,2.7028801345590216e-8,0.0006620164525491851,0.001440527386339885,8.774324358941671e-5,0.003968183695642516,7.945847717423754e-7,0.002078222973821392,0.033676563146489036,0.0002766994062380779,4.8032786478823856e-8,0.010126113462560064,0.0032332751325107574,0.00263322220671707,0.018147296881780742,0.010055842251445526,0.0021466471135876738,0.0004747658624556799,5.371930858720148e-6,6.43647633699728e-11,7.157953392587633e-5,0.0001494657747608064,0.007015025369414446,3.997384820310283e-5,0.001738369430503627,0.000705146689517863,0.005637758360619546,0.0011911982202493117,0.01881146681153492,0.0010101200116776332,5.5952155439782955e-5,3.3504149266497898e-6,0.0005434560763719467,0.024323158303893963,0.039333028720584265,0.00014812626322684714,0.00015962215965415307,1.5065885699268417e-6,0.007890456938631123,0.0015174450818614357,0.00021935211937510593,0.004335405446338339,1.4176482697430654e-10,0.0018111455564542671,0.029603811431540523,0.0066904449462303625,0.07112709929050465,0.05709750746392858
3.0643657024308587e-6,0.0010754813141106386,0.024388167071867303,0.0014273135124110968,0.0051629248135697916,0.0014933314952782534,4.478810355291209e-5,9.82338668098465e-6,0.006570120820271095,0.016525546950258558,0.005813930737136331,0.0012969099387693467,2.8287371416377128e-5,5.9561924073508115e-9,0.018512545618022576,0.0004717725952000705,0.0031094221742019213,1.7256208987417638e-5,0.12163224828412608,0.0001113965380158563,0.00017518668042009998,2.2964745930191058e-5,2.1282464432818423e-5,0.0010058964440963574,0.006810930193945694,0.2014452281043981,0.0006414761168339493,0.01171342370830925,7.634568967307973e-5,5.218926731680321e-7,0.005778217218337604,0.0003559860564562207,0.04653516635265645,3.100515481122619e-7,0.0017804429256961115,0.00020850373249104982,0.00033993538575013835,0.008158433461372043,0.0004457291657220313,0.005750060586811571,0.03789905943377534,3.920644940529457e-5,4.200343874127671e-8,0.09149226593507698,0.006068677615488647,0.00015415138516225818,0.0029898841913860398,0.0013670248901323935,0.042473500597466365,0.006069769472933451,0.0037189065837940445,1.894345887318503e-9,2.7460768012955605e-5,0.005578060384936622,0.01022019408439722,0.00414041046630465,0.002990578954786855,0.0011309325741033652,0.00019281741591887984,0.003272467850201291,7.960329499606661e-7,0.004017946307239354,1.0318073367189916e-5,0.0003850660337723488,0.0012158489593037244,0.03295580265152913,0.09570240384193231,0.018369736870170184,0.0011968868123202504,1.8615122780707003e-6,0.0013244386817363365,0.0046512699358127905,0.0001484749439014917,0.008846038879606617,2.5712369591463716e-7,0.004253893767431663,0.009168340534673278,0.0014588142158996208,0.09578152105180156,0.0017244925861855576
0.0003899823486795708,9.724064408418957e-24,2.5132682816767848e-23,5.711572005613854e-22,1.1737344028158287e-23,2.0631581809722445e-24,2.7703948176907496e-21,5.318572033854224e-21,0.005157991698172359,1.8864854664044512e-19,1.3563304962733472e-6,1.7861361074518758e-20,9.210043622898314e-28,7.886600229623253e-6,2.6114514477555036e-22,1.9257838726210018e-19,5.873523646566409e-23,1.0784421885061892e-25,1.3400209907109469e-34,4.319856838657955e-15,3.0567731804558613e-27,2.3296122245493826e-11,2.3361323686185146e-21,2.642384781833662e-24,7.039124104668354e-21,7.858006624325187e-23,2.0056700640522583e-19,5.274447154594328e-17,1.5986197674419735e-27,2.2237566016538825e-8,4.053988353912394e-22,1.2837576790926055e-25,6.268973870930577e-26,4.352210082265439e-9,2.1432976597256147e-22,5.210547343653949e-10,1.042076216816979e-25,1.6323507915722617e-23,2.357433610970251e-14,1.8021879607291757e-22,3.352549015487448e-22,5.8960655850734715e-5,0.060517838109210444,1.4995708427925132e-21,9.982238039162786e-21,4.627175079328054e-17,4.9979231755279376e-23,1.8138243036723892e-36,9.139710871941032e-21,1.4646854126790304e-15,7.71369683277601e-17,7.791616451948513e-12,4.7921208626703204e-29,2.282328721418878e-17,1.5097504717084942e-22,1.935394799347302e-18,1.64453258516379e-20,1.3648538223870227e-24,2.123403849205673e-23,5.905317727507432e-18,0.589611356702958,0.03176722473539674,1.3292832396051485e-39,1.400883155583383e-23,1.3155670806417505e-23,3.437888020257437e-24,1.2052153148420898e-27,4.78285540940783e-16,7.141944728167186e-13,2.1705000852712153e-26,2.98077490742218e-23,2.4433855100967e-21,4.147657990433264e-12,4.798074054727895e-37,0.31248737567215873,1.5741414691619493e-24,3.687085148457874e-14,1.18195465459484e-25,2.8493048013958897e-36,3.042165010337032e-36
3.214899611872991e-9,8.842369700508768e-30,1.4355354315041596e-34,2.0168259632614585e-33,1.7730263308734652e-30,6.250145557055566e-33,2.2659636269795565e-28,4.82715795108208e-51,4.18407620069367e-14,4.545775800024026e-29,6.100380731395734e-20,5.5751931061814615e-37,2.5436156059175194e-34,1.01057321107197e-12,2.185983644083345e-34,3.694948073975835e-33,3.1759281203667957e-32,2.1041913168859977e-47,1.205699939824751e-50,1.3227887241269602e-22,1.2562394768131159e-36,2.783793471398628e-18,2.2800612780598123e-32,7.088331568618364e-31,6.358401951916881e-31,5.941262111958497e-34,2.7130303759505746e-35,2.6707733150969498e-49,1.222064513923625e-41,9.029615313928227e-7,4.5441030951073126e-27,1.0026907299515559e-39,4.2010453773785135e-37,9.161610817386405e-10,1.797573860167724e-34,1.4256556925936663e-20,8.209761344241362e-43,3.2168178245658755e-30,4.410652953156597e-51,1.6515277877164667e-32,3.2029617138621136e-33,5.897514697408024e-20,0.5771589240670308,2.3466388260546594e-31,7.537889458936704e-32,8.856209782547112e-27,7.189532361834989e-35,0.0035976249973114207,3.4481701301506985e-31,4.877599376332535e-19,1.0670755099808629e-32,0.09125056848631827,1.3932188896564728e-32,2.54352549218823e-32,4.035679342253852e-30,1.830328897781814e-34,5.8677253192069586e-33,1.8779145303656934e-47,4.849976343419178e-33,8.572703795855635e-32,0.20547874920518658,2.4757092089208546e-12,2.759766108206649e-48,1.1209565867406917e-51,3.282203646174686e-30,4.22122410043774e-32,1.8523860810508938e-35,2.6889254067668908e-33,2.884328905130041e-14,2.833096661915693e-35,7.605698812401798e-29,1.3412321865886682e-32,4.116029257963263e-17,5.9092827575029e-22,0.12251322614800395,1.5388271845578232e-30,6.761542817207315e-22,1.4328625300877432e-30,3.63051877470608e-49,3.5396630606751886e-26
5.574895745381618e-7,0.0002203434556439692,4.729106978827432e-5,0.003664690549712489,8.321607921060884e-5,5.9621977160859935e-5,1.5343230290048699e-6,6.908527290541446e-6,0.0018833948443301048,0.008591285615446493,5.869751317573084e-5,0.0034531315219195214,8.769740376633728e-5,1.041225455944821e-6,0.003364788006112846,0.0005557689111148071,0.005046847536723755,8.661972118735077e-6,0.0007885717498352121,0.003119317236421376,2.193652207892288e-6,0.00012681005840032295,0.012064054412194549,0.0003178560788605708,6.92148010683082e-5,0.012040422317376016,0.0003900588306643257,0.015736459564529674,3.1225561264648866e-5,0.001227995261608697,8.986152053483606e-5,3.8630133462305844e-5,0.0034208198800375397,2.6006174155215753e-6,1.4548181965243121e-5,2.0218258317307163e-6,0.004179530276843736,2.819642580546238e-5,0.0022661488352045847,1.4431445343030263e-5,0.0002827819101465909,3.274432525608284e-5,8.712410364803757e-5,0.05221511013091531,0.01814842172154559,0.0020855025053729734,0.0008641509938568945,7.54361606265997e-8,0.06957238856892649,0.00024548923333511034,0.15861585879888956,4.939003402786337e-13,1.821156351112192e-6,0.15352926265429404,0.00059218895078496,0.0020613143470651274,0.0382665811226821,0.007042125926498384,8.68312261876989e-6,0.3132562255422559,8.385309777698894e-12,0.0004266711432060425,3.1525626385199166e-10,0.002112635268930187,0.0004953015806965523,0.023933566574346306,7.243512231792971e-6,0.04720318153835627,0.00037859579324999663,6.717795324641874e-5,0.00015550105765274215,0.021699460339294506,0.00014404316440487147,0.00011042945996141297,2.5953143899938694e-6,0.0009349262859647231,0.00013469899410032212,0.000622015114142777,0.0012754510317430168,0.00028220831089283545
1.2311223210872214e-6,0.007785177784055038,0.008000053663311645,0.0035345536720059827,0.021234035758920623,0.0023725717931962795,0.001112224116371017,0.0007194670363538618,0.011104486390945939,0.0011225401306149277,0.0019939619307664126,0.014422208842745738,0.0006335464152325544,1.558041115419734e-6,0.0473225244756139,0.0018455882632393698,0.003584384422150985,0.004201020321853748,0.0017104522293532758,0.0006703475957661372,2.4610917238656336e-5,0.0001941434768217251,0.028290730425261423,0.0003052126508273735,0.0014987108667232293,0.056655641569745264,0.003985164007750876,0.07320825133914215,0.0024471452112898957,0.0016109273224618067,0.0004571901411354597,2.4165125318239306e-5,0.007779090986448647,1.5405845274222574e-5,3.253797848343734e-5,1.2478063714963826e-5,0.01294662246848502,0.0012399015835348923,0.011324044959776585,0.0008032138431880877,0.0015395095229807114,0.00015591437214140932,1.3515151528718309e-7,0.021851617817996032,0.008829700528355711,5.121632176094789e-5,0.002513314159490473,6.318345064807385e-7,0.008166151745380436,0.012973701824659529,0.0658794144297288,3.1017923228239875e-9,6.422452786055607e-5,0.03899574535638784,0.0020245944437826823,0.019431402019751604,0.044217333021675874,0.00476917893211038,8.943013932201534e-5,0.023849133253732772,9.438001851270595e-9,0.008349894580581295,4.020751698467045e-10,0.006373578238380123,0.0015265412810270568,0.044959187965280534,8.968521661646526e-8,0.2188534713041049,0.0063678472234191255,0.0003940328924652411,0.0023709491958764923,0.11287440045179142,0.0004515900627990207,9.2629015298955e-6,0.0001417745621229411,0.0023840871222063948,0.000673171118839617,0.001688176639851629,0.0009502569029976922,2.2027379453838978e-6
6.465069935340845e-5,9.020162225929407e-5,0.003901956296079598,0.004211506435710117,0.00028168328315923404,0.0004440292153717861,0.00024581131768015374,2.2336787814828037e-7,0.000316428841565961,0.007342569725350414,0.0005471205679990447,3.838951678537306e-6,3.189671687151998e-6,0.00015132220976794933,0.01657154959210914,0.0035018052728312526,0.00034770337270137425,6.48982033858588e-9,7.316913969905399e-6,0.0002246295801204377,2.626996524981052e-7,0.011890857397738892,7.176420254041885e-6,1.193499526978006e-5,0.006869897274297019,0.0003722572402659566,3.009471776233471e-6,8.806783118181147e-7,2.307480500117168e-7,0.0001519947434285293,0.009822264194184345,0.00029693491626039725,0.03423234058984135,0.0008436587938540551,0.00016542683260714364,0.1450582886350126,1.3691530343457303e-6,0.0011537279710201263,1.712226600747545e-8,0.00039834971395101863,0.001594302148418377,0.1005891287595943,2.1606711944982e-10,0.051802769475561374,0.00315576651232991,0.011863397437007837,0.0074842379976112336,3.802793141929958e-6,0.12955733430814495,0.0010958248743775532,0.00017261829249172377,2.559515667418582e-15,4.7038363319669274e-6,0.00012796192892044645,0.0021627980748214403,1.5796529691261812e-5,0.0014554547814367856,7.283369678909754e-7,0.00018676503483298923,0.0001967873523884478,6.149906782783158e-7,2.9529577390268956e-5,3.074038373561999e-8,2.595300018356651e-7,0.003106345692839325,0.0033876536537639345,3.8760142910092844e-6,5.6408141384978086e-5,0.42521657290752374,2.480721636160344e-7,0.004023619901906536,0.0005206984727142322,0.00017218606962008333,1.5327200519646117e-6,1.8374016409354772e-6,0.001270022784092434,0.0010139450607782403,0.00017578605383768275,6.321449524828478e-6,3.909057102650745e-6
8.234515496017835e-13,0.00010093577719565046,0.00014598876844592847,0.001722403114239025,4.895029826631274e-6,7.325060994268697e-6,2.482505301063981e-6,8.758114161018263e-7,0.0250233590378063,0.0008927788539633723,3.556317064911469e-5,0.00030439370626100055,3.7319486445205665e-7,5.2035961701857655e-8,0.07126537746410398,9.965051208189655e-7,7.603165461836948e-5,6.041602040746512e-8,0.022750203791343168,0.0005390809885220192,1.1091214611694745e-11,1.198902366628902e-6,0.0019653134681409715,6.7788390156488e-7,0.0003626513316628333,0.0005109883867510443,6.873639879916687e-8,0.0014368469709066546,4.850659457663286e-6,7.657370000173057e-6,0.00012632884930103696,0.00045885912528076573,0.2591589582798937,2.1763836925036983e-7,7.229993345157872e-7,1.9334301046273754e-7,7.142309905458456e-6,3.803582713068231e-5,0.000645715424301515,0.00016743725578733808,0.0006688728618787888,0.005269540085207656,1.8507586275596871e-19,0.013404325995273272,0.00344615499790841,0.0006154266161980749,0.011872925625342708,1.1413257767626769e-10,0.005052154431883938,2.3507648731685352e-5,0.01496388950214054,1.5988015560852876e-11,5.649759807267732e-11,0.002677561382981466,0.00018772352025399556,0.004765193685460876,0.05642295017641394,2.3086165760294914e-5,9.954587925981917e-9,0.0006265669687744046,3.900400778491156e-13,1.1332374293081048e-11,1.1550870440984592e-16,0.00011616334616254662,9.656999446897329e-6,0.0001996949091696733,6.930453616777088e-5,0.002058843365742555,5.559672679647e-7,4.894143704973187e-7,6.686878796744933e-7,0.488742265932388,0.000147509431479187,2.778665533088585e-6,0.0003102104654758909,6.734505573639597e-5,2.0127740157771707e-5,1.8052122549795638e-7,0.0003208158200077824,0.00014645766418094544
5.484698961523753e-5,6.967510402237479e-5,0.0599273981464657,0.00047151288277837595,1.6618019586027088e-5,0.00010842448266007685,7.0980422298024174e-6,2.022012214521367e-21,9.157878923322963e-19,0.0023573392878854923,1.302509551530862e-23,6.558718385630109e-11,2.63904857266067e-14,3.055437210575468e-20,0.00037379485337114615,1.9182629960789193e-6,5.1573090820241874e-8,5.7070144554391414e-18,0.012447134930134645,1.3611440624872546e-13,1.0697484040671552e-6,5.199699192741176e-13,2.3155154260423335e-10,0.00034491083603925045,0.0029459770450370225,0.0011588061058049647,1.4491462741206588e-12,7.084608273544799e-16,7.793253836873858e-17,1.237110835009885e-36,0.0001856715896699966,0.0007860281357193705,0.0010523174930308211,5.819149108545009e-21,1.2418007848120921e-11,0.004558199719392501,1.3145079520311676e-14,0.0003623437824878713,4.883820556727199e-18,0.008079224982784853,0.0035444364131792926,1.4709537571563235e-7,1.151641185427598e-35,2.4124394800695457e-5,0.00020591024002806138,3.245581693932122e-5,0.01640074135247755,0.10402009286064133,0.0020845349104714815,0.028292623028018916,3.2610523287355943e-9,5.507102461606812e-37,1.681523254988827e-7,2.2117502373522784e-6,0.00015283302146446902,1.0720252457809372e-10,4.880984955235912e-7,1.616392795041567e-16,0.0007531070697868055,3.2630433866382185e-7,2.5277113894729535e-29,2.2841548507249514e-31,1.3820682501067296e-6,3.726220704881899e-17,0.00011906845576770993,0.000919310583508094,0.16663746283005146,2.1522651621160388e-7,0.0005838251531148787,6.194116238702674e-16,0.0006743141862460654,6.723904608595868e-5,1.9826776273799177e-10,0.21470159632995453,2.0838295676635108e-16,0.00030289559342941484,1.7297819385713741e-18,0.0007278090173062712,0.048528561594762785,0.3159117535149934
3.250265939923066e-8,0.0009693565738879329,0.0009016160783841574,0.00608124082993839,0.00018882711544179873,2.138916767070203e-5,3.992408294765705e-6,6.131182223032377e-5,0.011128964439746135,0.0005554180484456337,0.0006062432644001437,0.003913460113572101,1.365807449026685e-5,2.3174792280263908e-7,0.03214331947462802,2.2288440158286647e-5,0.0026093436473259434,8.431331560743389e-7,0.0004094688748860686,0.026743150170090275,4.252952210690158e-8,0.0007269031433593017,0.0034576748832054103,0.0002109701104520505,0.0006520632258923602,0.03515538541544667,7.147003093815698e-5,0.055745364261879,0.00010416656348266383,0.00250656521722394,0.0016463319356739674,5.463157062579264e-5,0.0014995393658087323,5.841935456558941e-6,0.00024859106597225434,9.036246838044561e-6,2.2056321304987855e-5,0.0003360511016320104,0.007150716119621537,9.330624979840857e-5,0.004627686772387615,0.0032742308837650086,0.00767356884719639,0.03557651602882354,0.003139486939902994,0.00035854284901584076,0.00016322614237973863,6.966764439775209e-8,0.0008512891138742107,0.00040441333196040096,0.5835176298738537,1.1915785498215278e-9,1.0571074479870823e-7,0.05371694474430652,0.005039624697933154,0.018905010791167274,0.01238608620536724,0.0010241652561831596,9.173274710469221e-6,0.015090405714857336,3.9919550907379206e-8,4.9849517604863545e-6,1.1730110498289597e-13,0.0009952015797269622,2.9059181559627122e-5,0.0076625391550868,1.463252996984057e-5,0.03768386489798262,5.945803549543886e-6,5.092993132715811e-6,5.655309209647077e-5,0.006359403027429457,0.004864538515389817,4.3334252130609235e-8,2.290110543448224e-5,9.28589220624575e-5,9.005134361088299e-5,0.00025287605219549225,2.122387780315884e-5,9.148458173314726e-6
6.561832744480034e-10,1.3605963005933112e-5,9.835819503295822e-6,0.005426296222456837,5.1010607042609506e-8,1.1574145854851061e-5,9.124281959983727e-9,1.976501439886335e-11,0.01096872214294861,7.901592877321592e-6,0.3562111998067011,2.7350394302722726e-7,8.60543098806406e-9,7.588720532117888e-6,0.00029934624813669845,2.032303424999382e-6,1.8631413511097652e-5,5.535380499725252e-10,3.646186665992764e-8,0.06052370189809572,3.850070389333612e-12,0.0894849967002793,2.929972903345118e-5,1.7219029009782594e-6,0.0010930896007156309,4.1955434617691765e-5,2.9897637795781566e-5,1.6122053554360016e-8,4.675997172304588e-9,1.0545093320573014e-9,5.0241709736736845e-5,4.77906374799373e-6,0.0008349805571207866,1.2401566257465335e-9,1.635680240742962e-6,0.002775447709082117,7.600228387184941e-9,2.856758175426004e-7,1.9048202887614016e-8,3.88302999687917e-5,3.475926161815772e-6,0.08194722529658985,7.795136376854813e-21,0.001175083011643725,0.00022030582706302778,0.19472631851463595,0.0002120156987896428,0.003734770011993388,3.639565176213735e-5,0.1484683823873817,1.5325226755657907e-7,1.1069662935077715e-16,1.2138839254341056e-12,8.937635664911082e-8,0.0006383225632452878,3.274430009279538e-7,6.142506710495373e-6,9.052992235494278e-9,1.1763275278829228e-7,2.6035570513906153e-8,2.2635285122082013e-10,2.9563206625878592e-5,4.310581642478436e-11,2.8421205646223865e-10,1.6949200266049563e-5,9.83829330037894e-5,1.6566205636272642e-6,1.5734209032552574e-7,1.6418622825956592e-8,1.041439101861281e-8,1.7076736303268247e-6,0.0014220913841525697,0.017312770016877924,0.010303621223695372,2.93749270220798e-7,9.910667750276068e-6,0.004471264881058457,5.756649341564971e-7,6.276759468667237e-8,0.007273777432950008
1.743052601860047e-13,0.0004178190657405196,0.0003026236857524816,6.229535412840421e-5,0.01513228809096373,0.0002692558730593333,6.285624723592011e-6,0.0030008889931384575,0.00012247604346100083,0.001284937921256797,2.9600304964854143e-8,0.01049746770379294,0.000271718347607043,1.3325620292715554e-8,0.00829151348241197,0.0027419501898004496,0.0015296444462962666,0.0005582101677657867,1.890202110461298e-8,0.022893751471872552,1.7376255089072946e-5,4.311778379179712e-5,0.23256441062091104,0.0005625745498359097,0.0004923805941637105,0.001488535442245001,8.748957914691555e-5,0.05009117692381747,0.00021492009439960034,0.014654514973263411,0.0003549767664586229,6.655215653770512e-7,7.994062058433919e-5,0.0006186110194928013,0.0005995551107344364,1.066584640604558e-6,0.0010361321519035077,0.00099165788729895,0.374829526316987,0.00017270761642901238,0.0017901127929082208,0.0008987841494189539,5.47388238795864e-9,0.0030567828245287227,0.0011370567779094233,8.545055144053046e-6,3.7996730463869e-5,1.0502984933181392e-11,0.0005952305708300081,1.5415216644163067e-6,0.03303237690233923,7.880159941350995e-8,0.0006115955851981133,0.00950971338082652,0.0022809996468112007,0.05478211441430425,0.0023786532433088354,0.0005736360194867528,5.3836502050065994e-5,0.003127390664320807,6.783111761462726e-6,0.0013222378320563856,2.7522976041344907e-13,0.0368853907958886,0.0003843507184134003,0.0004121071181053473,2.518699314126946e-6,0.09850202738348264,1.2631017656734908e-5,0.0010649448503175201,0.00013419659153862266,8.842758081102812e-5,9.491857900844758e-5,3.0103431187784547e-13,0.0001269508615646078,0.0007677827728057689,2.0366172508667877e-6,3.1719117527198665e-5,5.394442784497054e-10,4.232775810831311e-11
1.5664059779089783e-20,1.1666385175526512e-9,3.8211287479300216e-13,3.154686868143129e-14,7.469849766369917e-9,3.333610467309169e-9,2.1395646172724833e-11,2.9869174443554305e-23,1.0199019790451008e-5,2.3570899764866074e-11,7.463109483776863e-9,2.11502150699799e-15,0.0025006239277034223,0.008527122708951283,2.1871036035847785e-14,3.2048266783810033e-9,4.7466637456787817e-14,1.910412475317846e-18,1.154512285559718e-37,0.00026430097762552315,2.301751569550387e-8,0.02806748868508552,1.2410716871742682e-14,4.5301391995178385e-9,2.5829334754066557e-11,2.632231630710461e-13,5.120149268404522e-14,1.9517159985375121e-25,8.735381982376257e-13,0.050920152739034594,2.135678856209078e-10,1.0117673119558661e-23,7.310403189326326e-20,0.006829530949460414,1.5833765509322458e-12,0.019394887207133747,5.374874222777339e-18,3.104585406661951e-10,2.912685564597536e-29,4.769835806721698e-12,3.0734693011809617e-13,0.003528154261906009,0.09274504502021286,4.526307694289549e-15,2.8163870610792684e-13,0.0042987560338925935,7.451589060426057e-18,4.230415428232592e-18,1.9695455257237893e-14,6.503227881199377e-14,1.978858171913393e-18,0.7566216674998999,6.268847984902139e-11,2.138315268358817e-14,1.0480533348492754e-12,1.3675099689930788e-16,5.31195828383004e-16,6.896897466173649e-19,2.739375519134738e-12,8.26749551341341e-14,0.01417177609957525,0.011159819270950522,1.3604727142861484e-17,4.735522329115693e-24,2.250402362109256e-11,6.198716569492284e-9,9.179670283513e-22,4.2680004319016455e-17,0.00034809601028637066,3.190388347398621e-5,7.501452537142738e-10,3.0358317767589373e-20,0.00013956947207481934,1.462580527630772e-34,7.724194540450767e-8,8.615436876620523e-8,0.00044068429734392156,7.121089580045446e-10,6.710450718733923e-39,5.841619543443592e-37
1.7039604848318752e-8,0.03476665482841263,0.0018311341578743485,0.0003425905346260903,0.03133903295298678,0.000845313795547947,0.017873627743206496,6.018258556426699e-7,0.0002375429958280023,5.652408246747737e-5,0.0003455631097923369,2.2888672973351245e-5,9.597405204285032e-5,1.1921746344293639e-11,1.2224428670246498e-5,7.440093340109652e-5,3.9307710727067065e-5,0.0004454209346831945,2.0975813911638526e-6,2.063864012326735e-7,0.08658918279484121,1.0672064292807022e-5,1.8252983289736718e-6,0.00275852923834878,0.0003058728061493697,3.002353440000777e-5,0.0013357800240195758,1.184798014304434e-7,0.00012434945952622745,2.091042806798391e-11,0.00030142121776387243,1.6033399586569347e-8,3.4371235591225175e-6,2.536304094176078e-8,0.0022443790000160647,3.087817676862479e-6,0.00010452271334420776,0.004257528901457463,5.411200205031915e-8,0.020097207489791116,0.001731101644417841,9.195092424102385e-8,3.961219870098037e-13,6.389397601877468e-6,2.7636935386872983e-5,2.267400846640761e-5,4.488757357215514e-6,0.11335207699652515,9.559753204776875e-7,0.00046488481706112415,1.9126147156897348e-8,3.906729174549221e-21,0.04579527317072421,3.6799689009230113e-8,0.0005279835283017594,2.804810729928077e-7,2.173967611019799e-6,0.0003884845398886881,0.005680184004457053,1.3518747898708151e-6,2.100690439029325e-11,3.120986456824782e-7,0.5431414774299255,3.109032468824081e-6,0.0018767446874422623,0.0030866882941416084,0.0005464603423284453,2.554694112546419e-7,0.00019059643109964038,0.0002934505490288436,0.01119876146163732,4.885700851052617e-7,1.2154794019188395e-7,1.520570657411462e-5,1.3260198720698172e-11,0.02082025573914493,2.1755561524348135e-6,0.044239699220549676,5.404241348248856e-5,2.4910168450803064e-5
1.0381770235693832e-6,0.0005688487904621393,2.7881914186880208e-5,0.0004210174002236831,0.00068112253798145,5.090747399669029e-5,1.0866964686650224e-5,0.00019868024610479793,0.005783466884642324,0.00023932622549120326,0.00010233060885047591,0.0035326836398556303,0.00018686427313159367,5.111133660997118e-7,0.0011419984851618993,3.7199027642351564e-5,0.0003045739627321579,0.0009041610670566699,1.654386649482768e-5,1.5107216638747255e-6,2.4923912458986765e-6,2.3591616770551002e-5,0.00011522481867122449,0.00011313243808161363,4.4884299655541624e-5,0.00026978002833973936,3.793959948054809e-6,0.7256917722664693,0.0002497183484129002,0.010301838569758734,1.5039227523880217e-5,7.766364241194392e-6,0.0007888407074120158,1.1448773779338185e-6,0.00014565564034439327,3.204895383720875e-6,0.0020165534770607263,3.2653965906123043e-5,0.0003440566443615663,2.2547394999205097e-5,0.00025650295420387605,3.6529704564716644e-6,1.8752088594052334e-7,0.0036830052703050826,0.0002500408792006578,1.1446963016848762e-5,6.850336888869237e-6,5.41445829015055e-10,0.0018856681117454441,6.416343500273634e-5,0.009465925122618351,3.73926733601886e-11,2.1504080246303086e-6,0.004120741578500354,2.8344506809850616e-6,0.1637095329779805,0.0016396753613734203,0.0003343693947383634,1.554979746942886e-5,0.006222524885251433,2.9394624153088326e-12,0.00011530470902386724,6.927599960888863e-12,0.0016372363054666488,2.058616328190079e-6,0.000653620412915334,1.2963815310249574e-6,0.040181808590957324,2.821092257044509e-5,0.00018445267189647413,4.888366764878603e-6,0.010661948604738526,0.00019812737365384355,4.622361862097189e-8,1.4653791205381257e-7,1.9223301598781196e-5,0.00018638342070093086,3.280472647536786e-5,1.0848818304194645e-5,1.5456957753520789e-6
4.246115976310414e-5,0.08479461807043127,0.0577430306273059,0.04339624688692563,2.1440051243134964e-5,0.0005917989108747744,0.005222197581674196,1.5094293669976915e-5,0.009407767698503445,0.042625567026496315,0.009304989989748375,0.0003066138372248399,0.0004388924954360214,5.662430633748864e-7,0.18180901493011678,0.007352097594805843,0.0011067722932977793,0.00021871933106540936,0.00943303436475228,0.00016040039515662793,0.0006069625099173883,2.3891184240715866e-5,0.0021213093373830022,0.023466413193823935,0.0011516946358848515,0.03629454925167556,0.0055766169872177775,0.0015757962359896772,8.835224432812712e-5,2.3936606558179646e-6,0.000998394105397417,0.006275981033668894,0.016740213094017308,2.8501858538835185e-5,0.006763210758556563,0.00014217363783639353,0.005138210449426484,0.0044355361932796695,2.6239437786611708e-5,0.012885502193450953,0.04212093991151317,0.0002494227751585587,5.374725982695682e-7,0.032486290055344376,0.011817655582125544,0.008136837410863747,0.008089695600036055,0.00023254140274985892,0.053689278745389285,0.0003972447108431653,0.0034811824764353436,1.0619967085309796e-10,0.0005593309605537943,0.008162398881896706,0.041416350354194706,0.006835951168566028,0.012630091590233284,0.00014079512707997565,0.001934631252263165,0.037608461997035166,3.5042946053364293e-7,0.0010274069285535206,1.1328254351968695e-6,0.002737270473043977,0.008539737371832412,0.032699323374859625,0.0007984769400143074,0.017104943408614303,0.0048417656102802365,2.9551107763147417e-5,0.007342234569397234,0.04124418729663029,0.0001461460770006231,0.00020228178697533495,1.688942214014788e-7,0.010837169013506901,0.001285729290367598,0.008761739318318309,0.008686025357160256,0.0053914565608539355
1.0897237881950699e-8,0.0017694291319592817,0.0001442289134729793,7.382300812215121e-5,0.003924760331732565,0.00012211789389196507,1.196646634143887e-5,0.0016767130198500925,0.00018625791867058576,4.276746309703701e-5,1.095338010888678e-6,0.0034187395857861857,0.09552762419943907,5.751010984525367e-9,4.342881980819652e-5,0.002005484708664781,0.00016089525751919573,0.10112516711155493,4.4919286729704353e-7,0.00015058101068861278,0.0008428827809494799,1.076971805349124e-6,0.17007777414282818,9.862899254461829e-5,8.67867235492548e-5,0.0004784773178728358,0.003787573188160823,0.07087253201957211,0.028429207776559554,0.0023894799601253914,0.00012864585710540478,5.581509480175702e-7,5.192782756260555e-5,0.0012713956735124585,0.003854192251674257,2.8735262206239955e-6,0.0035252042455742863,5.13957169565839e-5,0.39775783884301447,2.1351536365137285e-5,0.00029424047470914447,6.520728893752527e-5,1.2473562876068647e-10,1.8328608062757072e-5,0.00023251853083546085,9.501531177573671e-6,7.226545992845815e-8,5.9573048031292155e-9,0.00010979959340125674,0.00014627258186502166,0.002739986743150004,1.9200256938592052e-7,0.007589397194378914,0.003525145584786944,0.00033510431093589256,0.02410803825809757,0.00013360128880410927,0.008318533477554705,3.578507405225309e-5,0.010580232956015548,4.41858976551842e-8,0.003429048669403109,1.290130249748836e-6,0.015359651272773236,0.00019604900361108117,0.000851004436759059,3.225891100617925e-7,0.013293471511462065,6.243596086393474e-5,0.01063686106629114,0.0002544285277806221,0.0010992868388346555,4.921296361307134e-6,7.731899702994004e-10,9.658893876094771e-5,0.001523864049714221,9.775502314873528e-5,0.0007352292200956305,1.4240514953296713e-7,2.907310813884686e-7
3.775122182353329e-6,7.490418988729938e-5,3.6929927005479137e-6,0.000313873434097922,0.005154098941323476,1.7741098928481663e-5,4.455309213070549e-5,1.2327663267036306e-5,0.001169834702386162,0.0007311713210881016,3.5340234024379455e-5,0.007070077698362421,0.00012584923208631418,1.8002725781218845e-8,0.00019170289580715133,0.0003963566252059835,5.01825325479489e-5,0.006159042216842389,5.381224421629303e-5,4.8057368303925e-6,1.8187074666298684e-5,8.151924805360267e-7,0.11082651167820139,1.0824676939473237e-5,3.0634415881591823e-6,0.0002552871489687196,0.0003571883943383903,0.35699147383447805,0.00018084952687474814,0.0007523081574682578,5.160664976953483e-6,7.981678416988025e-6,4.824811274068263e-5,3.2065921472714486e-6,3.954172630019824e-5,5.963498886296541e-8,0.0010500979165139945,1.3037857517070497e-5,0.017147378841250734,2.7492143718063875e-5,0.0003512031506789868,1.0426122275480826e-6,4.1419414525475654e-13,0.0014536474810961464,0.00014496462875644557,4.859433315325678e-6,5.673061056811805e-6,5.025720149536195e-10,0.0004959764753439292,0.0001860877674883105,0.05576609053157643,9.947687856670907e-9,1.4973398605037632e-5,0.019348864032592675,0.0003261423899435123,0.24934072693892553,0.04262883076511935,0.001561507254400274,8.191040381769893e-7,0.06271889450200059,5.403864640904792e-12,2.200475015649688e-5,3.629234165504581e-11,0.006155654052028445,6.638249526793443e-5,0.0010891445862684693,9.452390708181892e-7,0.03911662221347084,8.563762779092274e-7,6.78182554017043e-5,5.838914585715605e-7,0.006400342152885592,1.5711731420351005e-6,2.722965487521726e-7,0.003115713197648998,8.111437786624443e-5,1.3760040403182678e-5,0.00014504454111257376,3.938894519770985e-6,1.6043175720298503e-5
2.3714913440209856e-9,0.044895204209510035,2.4787404953800136e-5,0.0002368136175668431,0.03154469904867387,0.0013715071546981142,4.094410244221634e-5,0.006348600850389642,0.0018959416889594836,7.818565797158414e-8,0.0004246388634187801,4.7101650729622146e-5,0.003160879594824404,1.4016404022546508e-9,3.9238819248303524e-7,3.737106335153192e-5,0.003960937536387,0.002999426368274846,4.7492748671317757e-17,2.2301452430174382e-6,0.202250786845948,0.0006536930386782985,2.9570674045966557e-5,0.002377735244416313,0.000502024001771809,3.531820735135661e-7,0.02502017750632477,0.00045200277243878564,0.000839204634480293,0.0005042601123806709,0.0013246804590612894,6.164363311176107e-11,4.939218494909383e-10,0.00015222042569283122,0.162802980146903,0.00023431790575578542,0.0009652297049922815,0.00030001792445799054,5.258415006762078e-6,0.00012106943302244333,5.1156730972979164e-5,0.0003779749724937382,5.735964207619465e-8,5.276591427936094e-7,1.8456322263379408e-5,0.00042995446942347825,2.4469108027511473e-9,3.7930437297149984e-8,7.984707698836833e-9,0.008355450917757043,8.183047363184995e-9,1.9936805585053048e-7,0.1154710177345621,3.187878017099182e-9,9.110491789263369e-5,9.394783798708116e-8,8.35680938163493e-8,0.0012849823649222962,0.0015793346633389482,4.832281134047599e-9,1.3605007852905494e-10,0.0005956544853090159,0.007490782028308388,0.00039631751561014576,0.0010798772513796455,0.006310344856093979,1.54640029824421e-8,8.995602338107268e-9,2.069568445287732e-7,0.001802539049243991,0.17211187995344213,7.427309608770717e-9,5.831825828855146e-7,2.9606335504916504e-15,3.703045759052412e-6,0.0034915859178195137,0.001961826468353643,0.1815670670752011,7.009958368913537e-16,1.3627516700303513e-16
6.505776537986852e-7,0.005182893975433385,0.18825420977467072,0.06987029400183208,0.006447672273374106,3.108992858681009e-5,9.94148117322021e-5,3.716208139302944e-7,0.011164930176099142,0.011555219720194096,0.014043926200470116,5.355202997951178e-6,1.2225485988695492e-6,4.601365020869649e-8,0.05970838277051895,0.016873556000616654,0.0023694708264060615,7.839993204767684e-6,0.007333437256620087,0.0002503928781167229,6.255115292218733e-7,0.0018582726127201544,7.717625143283313e-7,0.006753500784518136,0.006906487450040422,0.001090961000674753,0.0010000310930108542,6.664244799870844e-6,4.7984551112561355e-5,3.1238448200694114e-9,0.0430515717343146,0.031961672604433784,9.827216747488128e-5,4.404668700455001e-9,0.0005461078244282974,0.013013218786946388,0.00026219406784525,0.01546744948886052,1.2636202842770877e-6,0.015706750824641826,0.004163573253142253,0.0004921679247368524,2.5397361561263885e-8,0.006586318032207878,0.0022109937184255756,0.009287479929009544,0.006374797355439263,0.12719270278661116,0.008786750280891507,0.009276712239836102,2.7965731692310806e-5,1.2445809819739596e-12,9.486488213685918e-6,0.0001424134225969404,0.007544959576064978,2.2364191415152143e-6,0.0032101512284633932,0.00029961963817320216,0.019562556142287336,0.00020895050403579087,0.0017459802940191073,0.001497639369347502,0.0005850680577090985,1.302568175561611e-6,0.0028380244540767647,0.001166017993137032,0.06604081517982188,9.384739525199197e-5,0.002508331316904991,9.705687907326208e-7,0.006330914075874678,0.0015169063817089207,0.00019784897223022532,0.013485338991858971,2.1958001395849324e-10,0.008889656591141484,0.0016975906853559182,0.0018917846292709566,0.022830204611930163,0.1303277133639842
3.8197933289610553e-7,0.00115434655146465,4.2168035542906624e-5,0.0004636957244926144,0.00016704544707058194,1.1541024375393797e-5,2.035876454516172e-6,6.888228508498006e-5,0.0018018028237310807,0.0010522221605550365,0.0011942848537427977,0.001669611246028344,0.001958007047433106,1.1189517089042296e-5,0.00010277730092056777,0.0002584160144493477,5.966177894513823e-5,0.0008704884180278428,2.3943801732582284e-5,0.0027950363601750216,4.033556435791864e-7,0.00010588539336841657,0.004270323830810655,4.173483618123987e-6,5.370497233457528e-5,2.5903733859897268e-5,0.0022503669669589076,0.7684696008708032,0.0005820065595378641,0.004140614013181925,0.00010594396673517265,3.293171440450973e-6,0.0004058695399499391,3.155176420715577e-5,5.986030428633568e-5,3.317049785117338e-5,0.0007553912395113299,0.00022896595749298198,0.05755281173447865,5.633580723579414e-5,0.00018397711293606078,7.328870103224569e-6,0.00281376306778893,0.0002873616280474246,0.0012100794215379254,6.908142721026167e-5,8.304174710034096e-6,3.604247208531076e-8,0.00034381321036509454,0.0016234433278590817,0.0005098070186963767,1.099903582799449e-9,5.897853794128674e-5,0.0009500844869686247,0.00018997830247587908,0.01805013738959595,0.02009230167041899,0.012638995140556313,5.870884843123851e-7,0.014933984963673215,3.2948069875494103e-10,0.00013529647189859802,1.9298945065206888e-8,0.009390514086464186,0.00025553770395661285,0.0015207748236667077,4.976762970094945e-6,0.05337803941440481,7.785728642470575e-5,0.00039121023709453895,7.810719620837198e-5,0.0019981692473505005,0.0009570444916604773,1.0195061814889504e-6,0.00015031076346342295,0.0005746913639472214,0.004018365181788704,0.00023652688294668848,1.2023507912385849e-5,3.756051535637502e-6
0.12177463803495224,0.00028319970625415096,1.6412143520836693e-6,1.943450433694798e-12,0.0067300234927082665,4.744128624191898e-7,0.0028197183035105055,9.11284297711032e-34,1.7197478744123187e-13,5.5172044385786794e-11,3.3947722445946087e-12,2.0464226725984018e-10,6.101854574617032e-9,6.343220911245116e-5,1.0576301051703462e-9,3.3620909423607376e-7,1.9400845192804758e-9,1.0473204604263671e-29,8.135653205361505e-33,3.89066552541407e-6,4.686764075041185e-10,0.00019684978289290635,0.003912130749435271,9.63734984706817e-5,3.717929002230954e-8,3.242746598464143e-9,1.0503503964391502e-15,1.8645691614548792e-22,1.0668562144826581e-19,0.07297128386902331,1.1082240018068884e-6,4.7076321808147325e-17,1.4461820147627869e-12,1.1218286041697588e-5,1.8498412400944306e-12,1.6812652335056656e-15,9.313657011373477e-23,4.49435552691755e-5,3.8418867612533803e-19,1.5015018396070295e-7,1.8428714442774774e-5,1.032680360247742e-12,1.94813510336457e-6,1.7400723133338872e-10,1.1452232293879643e-6,3.310943395184409e-14,7.793806354505867e-10,0.016305639693362396,2.3854828301138754e-9,2.6613426777356215e-13,0.00016429158421532754,0.0693248577424097,0.010151287797799577,4.954104739559701e-6,1.0011770940992915e-6,1.397698659551448e-6,1.7271593071783284e-5,1.1940728984557531e-31,7.336025399181577e-8,3.611087234356163e-5,0.4805941448082361,0.0004015806276584847,1.0557621636526234e-15,1.7005082262773846e-34,1.253853243495531e-6,3.472019612384939e-6,3.355507697975728e-11,0.013330638942355973,9.248945711588914e-9,2.1677688954729497e-11,0.00011742640330795628,0.0004547469182940318,0.01182645934720004,2.966170830281542e-17,0.18829845548163257,2.2472618580059033e-5,3.8194343100278947e-13,9.46601579343309e-6,1.6828927002180598e-32,2.782603727553387e-23
0.554302083903056,2.529081128032756e-6,0.0005799086598878162,1.66344988859568e-7,0.0003961069878481406,0.0004377365312775533,0.0052988885081352135,1.1622415054340043e-11,0.00031708685635904255,3.1328959610003667e-13,0.0006169895572715039,1.0525571513184612e-9,0.0012861511195875481,0.09679783188094794,3.631045430177636e-9,1.548462744484354e-7,5.7098933645586476e-5,2.1894953598966917e-9,1.383952841689449e-26,3.612634165810918e-7,0.0017770994478236554,2.9705361582134742e-5,8.086259540137215e-7,0.022981262385790128,0.00019435814130618125,6.441944862202696e-10,8.531019270465479e-7,4.98485645119878e-16,2.506931243564009e-7,1.9604746036414527e-5,1.3232619874090769e-5,2.71047466198676e-15,1.289851656431019e-12,0.0007441371901781936,0.0013090945323167692,3.247910482641591e-5,7.46991649646042e-8,3.530298827748325e-5,6.986905793862043e-19,4.9143111815866537e-5,1.426476401993791e-6,1.6464008928720226e-9,1.0990346378309555e-8,3.766840892305064e-11,2.3331555731631595e-9,1.4977419492575167e-6,4.2580318609933243e-10,9.748087669269025e-14,9.418382619643934e-15,4.530653966647563e-9,4.818147646316003e-11,1.2050150312416468e-7,1.565102265341074e-6,6.666564291994388e-15,1.6525772211025712e-6,1.6300986418721933e-11,7.490647300199588e-14,2.9253369136614215e-7,0.0036106122117466116,5.42115087610477e-14,8.279358138310645e-6,0.024697348372033353,1.1440702814836876e-20,1.5138088180734718e-13,4.971293359513208e-6,6.632509414659107e-7,7.320210423160653e-11,2.2968829940999864e-14,9.828576971709209e-5,2.4251396876449987e-5,0.0031925999672860264,1.2152264261378209e-12,1.8222917765227215e-6,3.8043116746253857e-26,0.28054952474906836,0.000178825525421063,5.268276150085079e-6,0.00034046374676456755,3.0465324767430817e-32,4.8257479416355966e-26
0.0018856222356865339,0.0007023527379312771,0.010920931091654052,0.0037326490818471634,0.0001522054980859533,0.0001339875347146906,0.00048225176181373026,2.7110353500525837e-26,7.714859765863507e-18,5.9917120012550966e-5,2.514875969287723e-28,9.942453778034138e-15,1.4014769609013495e-12,7.436268595302906e-21,6.225764776969629e-5,4.974519058387586e-6,3.332930435723542e-8,6.306155116759144e-20,0.00023264439016965958,5.2698990283957685e-24,0.02201081991051088,5.84569368879469e-22,5.340440619286801e-12,0.0335559819199521,0.0021933727435311536,9.894898123181946e-7,2.90190499829804e-13,1.993204241476854e-24,2.4421157994188303e-16,1.2095540641679548e-31,0.00364763031003256,0.0026914807710225414,8.187646241691295e-5,1.5604570135942767e-20,1.7166112965317038e-10,0.003358196028456792,9.100300358064172e-17,0.0009243605515365576,1.9591747328689073e-22,0.0010290414000393865,0.0006912590663865028,4.946018146382361e-18,1.701391295787296e-50,3.237048736182309e-7,5.830570649610199e-7,1.7399442641077374e-5,0.000222618200601819,0.7743274675215339,2.7212174466296263e-7,0.000614250576470296,1.933097302590625e-16,1.1493144973858284e-41,0.00010340522940903679,1.033912221215223e-11,0.00020074439967846807,8.071218590363519e-14,1.9863590707218392e-7,1.5198798624366205e-21,0.0015324578401087283,5.377134945778016e-10,9.488053961822223e-41,6.114158029925425e-38,0.07311024125120402,2.015251408432329e-20,0.0017541567114803757,0.0002113153586746984,0.0006936626784219866,4.568072542855599e-11,0.003697609749587291,4.6983204311521614e-15,0.03358845172195009,1.1188333120260495e-7,4.34949490111991e-18,0.005161137764325877,7.0995169226564536e-9,0.007054768373625799,1.6166723629727733e-27,0.006898596802407272,0.000997456503835291,0.0012579269973372338
5.500281180302158e-6,0.0015124366627646353,3.2836349223276993e-6,1.6101567892265514e-6,0.00023227631347274373,4.4734084327117184e-5,1.3322678202080841e-6,0.07760054390416772,0.0009112453730386316,2.0828005038555813e-8,0.0032683347281965936,0.0002517227745807643,0.0020740715882059256,8.723835608942421e-9,6.574261052251796e-7,1.2054757072028708e-5,0.0022131671357768622,0.008792548915585162,1.4631253597847974e-18,1.4786186093730871e-5,0.010299967211302186,0.0016020463272158696,2.2235511649437292e-5,0.003586817556816217,2.560025069257808e-7,6.880545730279635e-7,0.040533693116950834,0.00014652568024658134,0.011398077915702881,0.008676191349651868,0.0003645752980121358,1.4001834516417412e-12,1.150091063681943e-9,0.006000256680086736,0.09336614068402309,8.29085398140533e-8,0.06136712586834621,8.662233931675965e-5,0.0007909401866272075,1.645188185554429e-5,5.502534118076734e-6,0.04137698100495987,2.065356645927574e-11,1.7175138729540293e-6,1.185487465517669e-6,3.287309717498534e-5,1.3397897851786036e-10,1.445930856062666e-6,1.0350980951591498e-7,0.00030849951216466805,3.8009451639081423e-8,2.68296898384509e-7,0.36487001730321533,1.1704004523092458e-6,0.00013532488310502973,4.576737790114835e-5,4.85041711071817e-6,0.18789329021146953,0.00018335159805874836,3.7591163405773827e-6,6.89707522211035e-6,0.017492252123055756,0.00017174457305006952,0.00316715167773599,9.193284197976202e-5,0.00036712747798711844,5.485349642452437e-10,1.536209276814862e-5,1.3886805174674887e-7,0.001006887465736303,0.044080068657418016,3.429719737653164e-8,6.452820912888563e-6,4.6395458250072246e-15,4.499512785008117e-6,0.0003399388129258679,0.0016297145309680488,0.0015546187977534152,3.0944902757793675e-17,7.477688559592751e-16
8.874641588599578e-7,0.0018490479672776817,0.02424117768056881,0.014319873601514686,0.007196895210776264,0.006012876524205688,0.008193306406954254,4.672490870997581e-6,0.06136045187925264,0.015876967006035164,0.008018984927888637,7.772423525602259e-5,4.224036123446601e-5,2.1321491429735954e-7,0.012646735727872307,0.004146886815960882,0.01396485909287173,7.922116379285835e-5,0.0006032218958607285,0.0004080735263671373,0.0012625602005469365,0.01065169385666115,9.761486791330467e-5,0.018267632496324508,0.10037498417990229,0.02649801266740836,0.002948059665012779,0.00010423912405730161,0.00011267747736053377,6.788410904428092e-8,0.06533920722011703,0.00021519973360235764,0.004668267463821518,3.0161505276363876e-7,0.003098886148466942,0.018478071819352716,0.00028127510850578427,0.08503492514391457,1.3859906280101863e-5,0.10362106393205443,0.07693105980041583,0.0012049049416227849,8.71854457007229e-8,0.040837002978825344,0.012247108884175162,0.013350070516378753,0.006550823676961896,0.023033612081234178,0.02278722858276726,0.001961591489529927,0.00198512551752913,1.7196700868885128e-11,0.000164954334768851,0.0033525433136119367,0.008998531373001464,0.00020822518398327505,0.01131083652888859,0.00581959456819039,0.0042411697824696094,0.00438389837588714,9.334077695631918e-5,0.00014245009587600065,2.811611838071421e-5,2.9991285742828072e-5,0.0015853241322516132,0.0034519924082487175,0.0017009332931281122,0.0008449899943200936,0.0004747684107313006,1.0745508719685248e-5,0.043747383298747534,0.0011623523236467261,0.0005627500205665934,0.0004981050096719439,1.5691105593651863e-7,0.021868740345589263,0.001584768593591417,0.052018554409593076,0.005727783225765461,0.004985467000434259
2.4721926024452046e-6,0.020563343931668504,0.106240271063708,0.03432050871486679,0.012527339726540085,0.01147068676358506,0.0005744364769118621,8.498869040380035e-6,0.013801495129355773,0.03733704894208589,0.004828939967736571,0.0005840911929567915,5.046300433668997e-6,9.240373315624212e-8,0.046449302681436634,0.004239016833921887,0.004778930296656949,1.808585518039029e-5,0.0018339769005582803,0.0007519062015891426,0.00037219092435774014,0.0050017856440169985,1.800730084981185e-5,0.002858061847230854,0.00011975267445674503,0.14555092379678752,0.008557486429128265,0.004332030021817283,4.024828150317431e-5,1.420796564263896e-6,0.0025367125259823206,0.0010918953696375216,0.022456674067763107,2.6922744339573267e-6,0.0011926689176204172,0.00029018102639874976,0.001413473706360586,0.03682832651148347,0.00015749672233034647,0.09360219100139466,0.1586647381269422,8.952839461015252e-6,1.7605197115094133e-5,0.009109670932097384,0.0030976584630409997,0.01775824979751844,0.0029220536225894656,0.0007496919900773582,0.011246792201308394,0.0008328199281345563,0.002413260633659508,2.1075521696423798e-8,0.0006888094561747264,0.0017437354942218032,0.0018850154789891499,0.00256304701771488,0.0031396991419589404,0.001079182008472372,0.006517495580573624,0.0005537431964275359,1.0082285882733442e-5,0.010937679693395687,6.352805093639025e-7,0.0006707631280302844,0.01648603305699104,0.055003128543106905,0.0095278400078614,0.0037443806799548154,0.0010511689901305853,8.728614886713029e-6,0.0026585333217808886,0.0027319610395657476,0.00017963023688648494,0.0004968361443031734,3.938889862118735e-8,0.011643634751471869,0.014877517715117358,0.006044042864017249,0.01050101015667825,0.0016744016338455562
1.187719467282964e-7,0.00016725135044393146,0.001624305492308762,0.01748974476946224,5.047488848435591e-5,8.183827916152561e-5,3.628836302898245e-5,3.691735569043804e-13,3.2005883698156553e-9,0.0007756134736765592,2.4481798946161703e-11,1.7898843519710878e-7,3.7617712363743885e-11,2.4178773027470037e-12,0.03029917170528316,3.369789969410501e-7,1.575839074615445e-5,4.5478585562814686e-12,0.3645739080639208,5.198761044576441e-7,5.3870698320983945e-8,6.933928624782709e-9,1.038036411808099e-7,8.540463789689321e-6,0.0047843820858671626,0.042482523704581304,2.4594842394411656e-9,5.376099383012877e-9,1.2020506004911417e-10,1.1919912792344495e-19,0.0004464230412029829,0.010937843102459058,0.16998701374814632,1.02478620116101e-10,3.156251624866666e-8,9.082608654504134e-5,4.013367556850104e-9,0.000551288185171828,3.205739955238157e-11,0.007875963000320447,0.019567291161216596,1.5977116619570664e-6,5.130740225370924e-26,0.0016198938053279745,0.0006569097557849074,7.834035566380803e-5,0.11861666312783821,0.0012724781456403599,0.018293312314755884,0.002629191215566071,2.281037262327632e-5,8.074322181152634e-25,5.1161952364337805e-8,0.0032962741645463423,0.0015068481983509577,9.49596748960527e-6,0.0016523025915132778,6.889851013069505e-11,5.3878060204303756e-5,0.00010562870823251765,3.780557814635496e-18,1.3982800934230658e-19,4.5541069460190007e-10,6.109522409789353e-11,0.00010068194516049277,0.000147491724619427,0.007039553133808816,0.0003276425497603542,3.901174272754592e-6,1.7783930790896764e-11,0.00012817756365312874,0.0018962332088572373,2.539253369050694e-6,0.028411276157831147,1.2037570345081312e-11,0.000111836032766923,8.108415367793595e-12,1.5300039791052458e-5,0.02497553241508492,0.11517634300473897
4.704601693650144e-10,9.176949243977688e-5,1.911213473775981e-5,2.143064076751439e-5,0.0031201333365705086,1.1047872734638177e-5,1.2162243876127607e-5,0.0008091361286214561,0.019488009673789657,3.1970819994421756e-5,2.390155755748594e-6,0.0028991990625425127,0.000532564082650859,2.8608941700337097e-8,0.00014792638692110994,0.0007630340377778233,0.00021058657104759416,0.00012889670485889912,6.4912814728964e-7,5.009891598039129e-5,4.824530436040516e-8,2.474460180622554e-6,0.14385137223863254,4.559914552655871e-5,1.5092139162860814e-5,0.00014114842128293373,0.0001313994656081668,0.7302344923075158,0.0008531368479649283,0.0038556254247478212,1.1114492147812945e-5,2.675031764715022e-7,0.00017837034525124257,2.74885360802213e-5,6.748718252509676e-5,2.921073167614972e-7,0.007119046004337852,3.1620172818176394e-5,0.04083435799934032,4.746022715841529e-6,0.00026655849640492256,3.57291941667762e-6,4.241660502907639e-13,2.6474582739993993e-5,4.6532487500835355e-5,3.23826175385546e-6,2.571740568388734e-5,1.7094562844319903e-10,6.205473980897802e-5,2.054089631281961e-5,0.00015353937185611836,1.5136411612611598e-9,2.5314241055616066e-5,0.0009502460689223316,0.0001176183289094798,0.0260037011893787,0.0014801099025742123,0.0022685539725035586,4.340029716842659e-6,0.00028327448109039606,2.044129472343903e-9,1.865157184696464e-6,2.380570254713127e-13,0.0015821393203750696,5.8333841487940484e-5,0.0003917905262899911,1.9795937794908342e-7,0.0006466821621130551,7.532860688722749e-7,0.0016768881543510502,4.871112929694023e-6,0.0067047180095328165,2.8137637917829968e-5,9.843423831008147e-11,0.001070985370631407,0.0002944406753578313,2.3682814039247442e-6,4.8532818076864127e-5,5.734241093831701e-7,5.529097290796713e-9
0.00044725634323066393,3.125338277220732e-5,1.0879403004729245e-5,0.0008248253289799066,3.1856227597087507e-6,8.291545585670238e-7,6.524264278439576e-8,5.515018353644697e-7,1.42038165625565e-7,0.0012416252228244857,1.0289733807314706e-6,4.361375496597263e-7,5.3501410896804374e-8,0.0006837644578582949,0.001349170657219062,7.642468361581432e-5,4.883765815621633e-5,5.94265728459838e-9,2.7203748124107968e-8,0.01910233070360831,4.337807204830493e-11,0.30251613087005746,7.576641046832839e-7,2.795549039155613e-5,0.003239040125770343,0.00019427595850426578,1.4225117264485276e-7,2.6547647372135305e-6,5.927289141302412e-8,9.683028743275221e-8,0.005213246883397045,1.067658315559539e-5,0.0003969318983643145,0.00011390154681232736,3.3091784237234925e-5,0.2980087043948752,1.643699536875302e-6,5.693244953381569e-6,2.5069623473086425e-6,6.572749253806155e-5,0.0001610408363878289,0.002361475724466892,9.354671602314337e-8,0.011049172840207039,0.001293086768745164,0.11915453979764784,0.001302775091631826,6.283783202021476e-11,0.019134996350452935,0.004549274150648363,1.1848545313823576e-5,1.9708511854451734e-15,1.156561019118277e-9,1.9267371283773766e-5,9.446895901389807e-6,1.9936612724487477e-5,0.0002781679684318963,2.3119687470887553e-5,2.7587557869503084e-6,7.70345403583232e-6,4.828422869759841e-7,0.0003740231349395238,8.809848263260544e-14,2.5434706164675177e-7,0.00036110529634045583,0.0020492758711736186,2.332593183937156e-8,1.4960031651520268e-6,0.0811276558516074,4.7918876867160674e-8,2.5956732203108927e-6,0.0007351945925083639,0.06512708228787148,1.3955644554399043e-10,1.137310976987621e-6,4.882038286488464e-5,0.05713499068360135,1.177199175764259e-6,5.017472119979351e-10,9.826106494042801e-11
1.6378467500025633e-6,0.00031697002387381945,4.009925648257335e-5,1.5146411902495948e-5,0.009750240184538017,3.0183474400235355e-5,0.00018326186116448222,0.0006694840309641431,8.463583036784539e-7,8.329666794405849e-7,5.7025587209135975e-5,3.963185817521809e-6,0.018623283324678656,9.932453221538357e-9,3.111808031950154e-7,1.270419399216781e-5,3.170359144945091e-5,0.002991945436527598,7.852507963120016e-11,2.096736875377329e-7,0.0010506210983985212,7.829223040281898e-5,0.0001919237524240261,0.0004048754131702029,1.5008982245513512e-5,1.301695989796045e-6,0.02236015061671876,0.0005882461849268031,0.002139405437398477,1.998678384175484e-5,0.00014411821309758837,5.978130676634711e-9,6.990891349439916e-8,0.00016311331969852893,0.0034200010547039673,5.248093656783645e-5,0.0007928869886308135,0.0002825722402892707,4.879349349468207e-6,1.4992125949001175e-6,1.6050656293324564e-5,2.864022974939997e-7,1.1227581808369311e-11,8.056911794526416e-9,2.5791193000087e-6,2.9028629627323034e-5,1.7072284694491264e-8,0.0004653369507833869,1.3354349737194355e-7,0.004789739988283933,1.7070452899147107e-7,1.2330377590387799e-14,0.8197401909326596,4.991038473355586e-7,3.2700306247609366e-5,2.4210376504701633e-5,6.277667591058074e-7,0.01171172386834545,0.0003504856436546471,1.9360781779336458e-6,1.1584556329114811e-11,8.96845733588547e-5,0.08790831661396627,0.003950498929121115,0.00046478879387552575,0.00025631643406325526,4.805014720554146e-6,1.474082732951949e-6,2.941515960805186e-6,0.0013540028744979356,0.003732518689026518,4.3482006727532686e-8,1.1229217763683247e-6,1.8470316679205502e-9,2.2906021916871032e-7,0.0003944298173300629,5.08185326906047e-5,0.00018096356347303274,1.017221157714022e-8,9.861412203795185e-9
1.6448400290462556e-7,0.019477924183237114,0.10648948753464188,0.0030402205080102026,0.010423938382516746,0.0019597504775814203,0.0011598524463737327,2.0081293391694642e-7,0.004513489738161971,0.003283746076621939,0.0006106506132571429,1.0320550907547013e-5,5.927277546875831e-7,3.0379587797096324e-9,0.0017465958388306344,0.0013073051487289752,0.0012201612254500577,1.2852151455868337e-6,3.4157004878236966e-5,1.5516891471648734e-5,0.0013326631379437831,0.0003112092103960356,2.73386443547576e-6,0.029814743031035734,0.04869956340644058,0.004155683050689624,0.001528406215301203,8.363210688818842e-7,1.7809492756050046e-5,3.5854651127996967e-12,0.016278196848634113,0.0007024317053977092,0.0012605457118121926,1.7632407319010478e-10,0.00515335371590086,0.0022619581710070515,0.0001486137730361124,0.06499944193676224,7.84769244840627e-8,0.11639146826187417,0.01071091768513753,9.108309449827138e-6,5.387355903932716e-7,0.0009323994745121785,0.0006113956435431127,0.007113832961997645,0.0004472586638147628,0.013884637916134708,0.00014364471595159758,0.0035012270043442537,7.048207554768591e-7,7.617861482954962e-17,0.00016046958832514367,7.559936322847176e-6,0.0035139867224728036,4.545222108841663e-7,1.1913265447012177e-5,9.836985891118822e-5,0.0020357814559888946,2.9469196094300413e-5,2.979670869477358e-8,1.4115371325935081e-6,0.00017057721470086713,2.366417961638031e-6,0.0028071382136414524,0.25078149816694395,0.10734071236956264,2.3269949239459823e-6,0.0034497173344525396,5.525124182209551e-6,0.12034611349327701,2.060080984729474e-6,1.9657159571060557e-5,1.364480761936954e-5,7.3477976852884306e-9,0.013433349865987975,4.328945030472149e-5,0.009726629175275387,0.0002729975050307662,1.217805714510588e-5
7.82516297863605e-13,7.267605615565712e-5,3.455564016911169e-6,6.483473932951324e-5,0.00014121677468734674,1.0081459633522297e-7,9.412739043323649e-8,1.4710436861596958e-5,0.014239796710469555,4.301382825261275e-6,4.53961612960247e-5,0.002121677218077928,0.0008354998062329724,7.788108181966237e-7,0.00027469611938206543,2.3852383194412934e-6,9.625516750492823e-5,0.0003400800988432712,3.662108666808613e-5,0.0002511433756515202,1.4839947144363352e-12,6.453819094041624e-8,0.5740377320532812,5.148538427750225e-7,2.733666269996798e-6,0.00046501195332868784,1.769670783495336e-7,0.06841728749863964,0.0005629632587391386,0.0020266647959905834,1.6029839868759968e-7,3.7875843076355855e-7,0.0017770415271190084,5.915902654140252e-7,1.4948888003342543e-6,3.9735321623722596e-10,0.0001463429661467297,5.919070335781429e-7,0.08790901197939335,1.0309808139524636e-7,1.5855636354891548e-6,0.00011784097244799184,7.651531267097781e-22,0.0025921238875987597,0.001570340989603514,7.585241945112251e-6,0.00010144293603556665,1.916307851700092e-14,0.00022026858565811532,4.0433804616522023e-8,0.09398698151588904,3.945498368551196e-11,1.6913796234174948e-9,0.0018037652424756551,9.76767482469221e-5,0.06370759359638473,0.04355057559593001,0.0006256376835432051,3.3558728958620546e-9,0.0005710416264034147,7.61388337711194e-16,4.733335946294824e-13,1.7735747048918267e-21,0.011088182213770167,3.367656318115864e-7,3.5370059579726794e-5,9.371243185864046e-10,0.022980283299002053,1.2060446743353487e-7,3.4136254334715194e-5,9.467698594000327e-7,0.0025935386977118317,7.714561590569725e-5,9.502505745306202e-11,0.00030915110521717603,1.996633382731675e-5,1.1204025527781462e-5,1.4969280166098614e-7,3.452098892379811e-7,2.992574430060495e-8
0.004671256372656711,5.120936487269944e-5,0.00017562599950581148,6.368343987815095e-6,3.3937528742882384e-7,4.613120611936201e-5,2.895692836719636e-8,2.8578157610384844e-9,3.2435387034790817e-9,0.0015217370813200512,9.889571329279275e-5,1.3914668765298686e-5,2.797736773656659e-8,0.0012060634331037537,0.0011740354528347848,0.0008624805327823625,3.1213289081627463e-6,7.68630668972514e-9,7.339142494286548e-13,0.46544929457250844,3.870882524245378e-7,8.993535364021664e-5,1.7752578595323924e-7,5.191652730347312e-6,0.0003797107720256514,0.0020588417637344043,1.6311267743775813e-5,0.0008082125641375589,5.996146233766286e-10,0.10717531746211306,0.00021916405550464547,6.279061595588026e-9,9.80490928736345e-6,0.09085336354091204,5.923689575899475e-7,0.02113762990258979,2.424710380278917e-9,7.655858028957738e-5,0.04885166281760461,8.689861285407422e-5,0.001699946775187814,0.04128647670945512,2.3519428592588787e-17,0.09056710689775699,0.0008272955543426354,0.001016701029261162,3.627862106422011e-5,4.70986566965873e-9,5.416125437257156e-5,0.0020536568541632983,0.013821128387052713,0.0017061792311384725,2.889722481828744e-8,0.0006454945158172235,0.00018128916780978704,7.959374373205043e-5,0.0021678721687768336,1.2802742775591152e-7,8.529469299051037e-6,0.00025951165206130586,0.0002499481572922965,0.03210602313364206,8.457220031390406e-9,3.337173960790462e-8,4.424408238224585e-5,0.0002599633091198058,4.0330442865421123e-7,0.0007215492966514578,0.022902077646376983,3.140866411312539e-8,0.00019466516344644635,0.0001299953551395175,0.019763332625203328,2.421244143877418e-15,0.02013111881836483,2.3104425451373433e-5,1.0729143170720915e-6,1.0731152776819296e-5,1.7192312584238806e-13,1.6132186777053513e-12
0.0030714064447964822,1.8222230223865443e-6,1.4665372331496332e-6,0.0005319532396812277,3.0748270530463833e-7,2.572287054526101e-8,7.385829464481672e-9,4.950311480321037e-8,2.57054843182785e-22,6.270471611695828e-5,5.923274663365885e-14,6.101838673277182e-6,1.6604961699619527e-10,7.163762710450871e-18,7.900137204939258e-5,4.5763911806325335e-9,3.535141730226269e-5,3.0449679177048285e-9,0.39293871623173166,5.622884675571292e-5,2.26008594348748e-16,0.00018471310512179737,5.086982013576568e-5,3.8638324339273994e-8,4.3223764746975675e-5,5.7008674928304116e-5,8.99850074617169e-12,9.008295678172857e-5,1.7044268041436223e-8,2.2779446363934543e-37,1.0149419434722175e-7,0.00042127828571985747,0.048564159735708774,1.2056100331002831e-14,1.0152159865936362e-9,1.701347516732235e-5,1.2921578581552094e-6,1.2358619000268944e-7,5.447178592565673e-5,1.7376707053454072e-7,3.5370092657664215e-6,0.037625714722916155,1.538764397357459e-26,0.0001631824249834227,0.0005117109320114651,4.808122827305346e-9,0.013663512440877445,2.696897452979519e-10,0.012404189524757667,0.0005922281039149867,0.029326607386855923,2.1787814155720734e-24,9.746430355354337e-17,0.0007432710246420549,1.961000365363028e-6,0.00016455976409067967,0.00025059259890308967,2.7787713696332027e-5,1.4415101516919882e-10,0.00045112212978327634,1.3539843439325117e-35,1.7760986116757963e-27,2.281972363713528e-21,2.6061366156672043e-5,1.626552162987262e-7,4.072296374802876e-6,2.2534428284392906e-6,0.03168312884306867,3.580899244088975e-10,4.9292815764427365e-11,4.0081697933879216e-8,0.020171712909850238,0.005597699785762064,0.04872472242355512,3.529683998443002e-25,1.9914896349021002e-7,2.4619794674926494e-9,3.5788278538947992e-9,0.2653200956649597,0.08627014286863033
2.596224942944348e-10,0.0003845434510541236,1.5960815425175878e-6,2.004947542465933e-6,9.754272194194383e-6,0.00010892381228893284,2.178986979012625e-6,1.9736065087656363e-12,5.300726304726929e-7,0.00013210339898798366,2.039126074241957e-5,3.465746802611343e-5,0.009453954662293273,0.4719771881360577,8.917514446441471e-5,2.8004757505317412e-5,3.157198701234417e-6,1.0802910735197966e-9,0.0041157377188565,0.026930200322710485,0.000798238339663151,0.004929724912138663,0.027446358210022594,4.6021300494488694e-6,7.800645038484922e-5,6.012096502020075e-5,8.184697220130996e-8,1.0611924135615583e-8,6.504440589963647e-7,0.10689134166263035,3.087900804396254e-5,2.360530220058835e-8,4.520013676192902e-5,0.004409009717843496,3.07803405988543e-8,0.0017409714112883664,1.678004050153402e-8,3.6422748406153795e-7,1.999266230144879e-9,1.029060124462476e-6,3.8374649605350555e-6,9.629434335747539e-11,4.0126854746471547e-22,0.00027165039926615385,0.0002708984581879362,0.030779695509544607,3.958739881700784e-6,2.4986969893173786e-25,0.00012074988414707061,5.449938445800243e-6,0.0010995065856401669,0.030123947148415525,8.414137743237463e-6,4.8787457265208403e-5,8.997667672847825e-5,0.0001035809483489391,8.254561215930178e-5,3.12573220030745e-8,8.983285309045985e-6,5.379071058232125e-5,5.650961078488859e-19,0.03618174144056776,3.4707176918738216e-26,1.3992358736485632e-10,0.0011303705714279882,1.674566193184057e-5,1.576971590607243e-15,0.00038246915602293895,0.15468019031971214,0.0014997402297523346,0.00022726163683676437,1.4534343122654015e-5,0.08277917514505743,5.594179863733047e-19,0.0001404865221281691,0.00013071784561610893,2.742245541414241e-6,7.255061910026276e-6,2.0298440419432206e-11,1.6081508827753118e-11
7.825911493402783e-6,0.008883713882504788,0.02441213701708857,0.013668332681518893,0.030473946171102027,0.0027453372271916176,0.008949240608839552,6.1567099405181e-6,0.0005277539670833611,0.009412347404677881,0.0015189749885532796,0.0006205175568098844,7.349806667333385e-5,2.4989433728952066e-7,0.015144094839097996,0.02556134802106436,0.014998916405531635,0.00010147453934678332,0.00034414208253096885,0.0005119540620110173,0.005121636663620466,0.0018151813828238086,5.15493714085959e-5,0.035847720598044676,0.030223267792107815,0.01831509439420385,0.014321206330373938,0.00043059292152716874,5.578451006573899e-5,2.299968348642869e-8,0.02097501748310044,0.01020000233261653,0.008985043081407908,2.2780139422132706e-6,0.00719314441218091,0.00028770740029921576,0.0005677354317616238,0.0026243073640324103,4.599848130354605e-5,0.11424625644564676,0.27804309838517,0.00024026831207675094,3.504592391835851e-8,0.005160436488563316,0.005908966427621486,0.0008863183291105974,0.0012316511152737617,0.011011082746717372,0.007295273250509989,0.001492411898144316,0.0006227116394656454,1.1669571418795351e-11,0.0073564141486086015,0.0013751730156487875,0.005548669296819764,0.0002062831226935227,0.0031448336859269286,0.001446884166759377,0.0012868682009436222,0.0010006142158701483,9.777371719023805e-6,0.0003873778877026164,0.00013093082557759,0.0004295175577984228,0.008220196087215186,0.04596221630674103,0.055180307783586714,0.002517025134208723,0.0007284185187240688,0.00010533572540777381,0.03797414664167774,0.0020880754048475444,0.0005952581562867812,0.0015318498720776818,4.454264870810919e-9,0.026944818442374077,0.001557258530005856,0.039195651492021685,0.013493001168487574,0.0004193296882093746
1.6311226924508163e-17,0.000318168950731514,0.009151123152302433,0.00014315243257916323,0.00016319707840582094,5.318551687055885e-5,0.00015669183139258816,7.229358960986806e-6,0.0006321017971619807,3.4166859828696155e-5,1.4664579871286995e-5,2.1961166233983125e-6,3.784326060613967e-5,0.00013300151494987397,1.948224966021183e-5,0.0009531194718674481,9.770394712519913e-5,2.355314208315979e-6,7.16179432883647e-18,0.015738098593353768,2.1745876813432897e-6,0.41601192571073614,1.205502598903253e-8,0.0015700906465244357,0.005455364952793148,5.908737247954159e-7,0.0006041946761389097,2.4339447896175065e-7,2.2439871949787316e-5,9.226866973686406e-6,0.015565886092950879,4.2428978222299324e-10,2.6226636022396283e-8,1.0142330359211692e-5,0.005582309580269345,0.13362799926974278,6.951918237549025e-5,0.0002714704778526103,7.708832821815058e-8,0.0241972671020655,0.00029626669834265155,0.060357823231116346,1.1885555913183628e-9,1.3002951652940731e-5,9.151771020097357e-8,0.09145261168417591,4.463972896497221e-7,1.960192528275409e-17,1.099318782999154e-6,1.876305784465704e-5,5.7713292882571944e-8,2.6774006003902895e-5,9.87758296208232e-5,4.74291250870087e-10,3.808433018364561e-5,2.1186845983488013e-8,1.1017366196107071e-8,0.000143763525237097,0.002080385345468278,3.909870787080915e-9,2.988346793630233e-10,0.00504825518797864,1.420551741927915e-17,0.0001170304814236676,0.002192243842821427,0.0005551607751476647,6.721686771223059e-10,8.087628023992577e-10,0.1819798106370029,1.1815325470232306e-5,0.015013285004308376,1.5119582737037061e-9,0.001421027556514299,4.273636127749373e-22,2.013073321512376e-5,0.001536361585010919,0.0042838173233365725,0.002634631434997695,1.5866223691430868e-18,1.2992359598609472e-19
1.5747172593208035e-7,0.017506139628942787,0.08601706780893843,0.001398611913261286,0.009673682316971141,0.010849988304897498,0.0009466243815273703,1.6700282258013884e-7,0.000526157282549873,0.0013846425955171375,0.0004701671294993239,0.00023840376415322801,2.9731258093861482e-5,2.2139991681021654e-9,0.0021175574367096016,0.00046097562734816313,0.0003884912395745585,2.1803418988974915e-5,2.1699810292737022e-5,1.1911745859449311e-5,0.013588030152935962,0.00015433202540540009,7.16158095392577e-6,0.002679732159845044,0.012590205702733042,0.0032312826507745114,0.0012543176294288467,0.00014139155528436524,0.00014999546750117784,5.584214555409542e-13,0.010609669597854683,0.0010860543007283254,0.0015906001025304181,2.9700893183332297e-9,0.00045438963604371274,0.0009069875566230761,0.0007485714354705338,0.0010493127067473659,7.203292230489186e-7,0.2691477712909635,0.04931961866910987,2.3681222278656957e-6,3.810162458507707e-10,0.00015398668065280533,0.00015043817741188122,0.0016507647058705134,1.7154928035973232e-5,0.0808150831057175,0.00024888603993050945,0.001573649120175834,2.4219125953364094e-6,8.548675275805273e-16,0.0011730420749609912,1.8614977243711953e-5,0.004924927471318124,3.1949707527801628e-6,0.00024081314972124965,2.997373851592952e-7,0.0755234825550291,9.844854114592663e-7,3.730652562068003e-9,1.1100649490180505e-6,0.0008215747435433773,5.5343915832465436e-5,0.028492598555039307,0.06882140424678874,0.03690529175175645,1.3582842596705951e-5,0.0006472376039082206,1.0689124976461204e-5,0.09906424826693687,8.26958771846125e-5,5.897062870694293e-6,6.940639991081462e-7,1.015730551262994e-10,0.03290177364633699,9.318987073208717e-5,0.06273825730435242,0.0014588295012534292,0.0006113352567818832
3.5554556033815363e-6,1.8555627261354983e-5,7.86582906801333e-6,0.003242763258582357,5.237221340382178e-7,2.3121259579989748e-7,6.813259210570855e-8,9.4956298405758e-9,8.840026778849059e-18,0.00015973817916513803,4.0974759967724424e-17,2.8060996291674955e-5,7.948935259309461e-8,5.6399850758947375e-14,0.0006271100276042573,3.241705453177625e-8,0.00011350207096442056,4.9705091320090866e-8,0.017460235305893492,3.6619164380883992e-9,9.153419760192993e-13,1.8378433818291188e-7,0.00086545041267857,9.369018559777098e-7,3.907347193838058e-6,0.0010621332559294584,5.527708853707908e-10,3.5642322025917984e-5,3.34820299675201e-7,3.0612772528039415e-26,3.8991349162151754e-5,0.0007774279605780889,0.20672993773448659,8.412323777921902e-11,7.144925400408883e-8,0.00017572889098094456,3.786812433334675e-7,2.908224255941003e-6,2.648011357324266e-7,3.0012365444106117e-6,4.9921137992881856e-5,2.163371442153589e-9,2.2004280917374035e-33,0.0008172360049318525,0.0017852359232277746,3.7808348034078003e-8,0.008208200174911143,3.1787055727250956e-9,0.0039153447537786275,0.00022731585609998042,0.0001182366740973087,1.9067400215716417e-31,1.0036441328040942e-12,0.0054149962014872965,1.8098464895835206e-5,0.00014590454736476729,0.028598058211849194,8.079512939917163e-6,8.387529485423576e-10,0.0025427547777008342,1.6888085660799617e-35,2.5544814297529476e-29,2.2207204746370713e-17,6.784662783503722e-6,1.0831286488428819e-5,2.6805776773642182e-5,1.7912404384066176e-6,0.0797546672499207,5.890461191503092e-9,2.3610366783834995e-10,5.5920947574984464e-6,0.5926765943180679,4.6168281431496786e-7,7.355394568316777e-5,2.7623711591620366e-17,1.8268969991635987e-6,5.625823953698677e-13,3.28015886549064e-7,0.03596507553462109,0.008266570539549625
0.0011004295113639035,2.9197177585791728e-6,9.043688908266407e-6,9.68665016532041e-5,1.9201014057612007e-8,3.027381791600193e-8,4.1299307050075254e-9,1.4035928752867298e-11,6.869764835123466e-20,0.0016234728442384144,2.2470369553118566e-16,3.27253562945281e-6,3.18780114798611e-11,3.3300996795299427e-16,0.00048096014512629217,2.0714078879824413e-8,1.3596643228812607e-5,1.6654521565021485e-10,0.4560029152503282,7.559223577585025e-6,5.415592480767644e-15,1.464479043783124e-7,9.686145595822722e-7,9.122680416436617e-8,4.931741930376322e-5,0.0005536686556841911,8.86877718201836e-13,1.2714648424025736e-6,9.0420107652965e-11,1.3601616001405947e-32,6.8882318015448235e-6,0.0015217394296653268,0.029206967554876617,7.355418118541782e-14,4.369519979831183e-9,1.5348579806993241e-6,2.2992101379531376e-9,2.4839049558189513e-7,2.4728299117830104e-7,1.1299965120304443e-6,4.010480834505493e-6,0.0016027774224908228,8.111908943307864e-31,0.0019471631593989422,0.00010574444995157102,3.02148803328549e-7,0.00713335925242661,1.0874277991195137e-7,9.087788456290654e-5,0.0010810847191126385,0.003119459996560613,1.8105002285247058e-24,2.0534916093303366e-15,0.0016997940689898144,2.119551404703847e-5,0.0001992908094101749,6.463897679951406e-5,2.6248235070282115e-7,7.63635508378547e-9,0.00032519543120425136,1.0797243649976818e-32,2.545582133036376e-29,1.6494682429996812e-19,3.8967727556301115e-7,5.474321955410148e-7,1.1570834541187782e-6,2.1866197838938453e-6,0.023198062779259877,2.2277483462106903e-10,7.294243190779286e-11,2.5897239222270647e-8,0.2268416879559049,6.498194564678193e-5,0.042288900108172094,8.155956761513043e-23,1.3208356923140478e-6,1.1751508438623626e-11,4.02498923191211e-8,0.15505178013229984,0.044468308872982705
80,49
1.5042387859146804e-10,0.0002302252931499899,0.0794605547790543,4.429747532393981e-5,0.028542948738825517,0.13357298921833913,1.1624392763495915e-6,0.09226917821791303,7.880439505970365e-10,5.8747956907357286e-5,0.2946811739984437,0.03687787647817952,0.061732304141350836,0.04096348037605688,0.12851689204281933,0.022695529812422507,0.020389119309225538,0.0059733828514072305,7.235367410325811e-10,1.5599824611722432e-6,0.05398857485364675,1.182725652998262e-10,1.7462226396443922e-10,4.975403461689517e-30,8.029767635281962e-11,6.328174278333948e-24,5.113871815603351e-55,4.398194222896323e-46,2.2579448046385133e-23,2.475037933254412e-32,5.08623808023236e-72,7.031109963613036e-100,1.266362453210486e-80,3.053224969016375e-79,3.165518356235098e-126,1.525430304529297e-67,3.4995359948992075e-60,6.881993809037922e-24,6.385943729247079e-217,6.1367944226453e-62,2.2010117340290694e-250,0.0,3.2322297048123807e-165,0.0,0.0,0.0,1.118873745137972e-299,0.0,0.0
5.425258455851813e-7,0.9985459487614088,0.0014534944105808875,1.2378378900801442e-27,7.061107234332883e-48,1.9999726205219388e-20,1.8215467715698223e-16,3.9334677917228375e-47,1.53097395212186e-21,1.4302164720398063e-8,6.8063817339729274e-18,1.8518656040688034e-42,1.9854796201687954e-86,1.652503100040708e-126,3.7787453186899495e-148,3.4289641306789625e-175,2.3906598447845155e-159,6.922176320566197e-203,8.487837326309569e-233,3.21364318348532e-98,6.228653667368269e-139,3.5830080566042503e-149,1.0002531582423175e-158,2.388869401948873e-91,4.0661254504879714e-164,5.0897395170593056e-172,0.0,7.595356921374867e-106,0.0,0.0,0.0,0.0,0.0,0.0,0.0,0.0,0.0,0.0,0.0,0.0,0.0,0.0,0.0,0.0,0.0,0.0,0.0,0.0,0.0
0.0002887515358341048,0.9918450661778861,0.007866179932391325,1.7619227511674828e-25,1.1318726336105192e-43,7.0254817940433945e-15,2.458648287685782e-20,1.616829492827468e-47,4.410346672345681e-40,2.3538776528935123e-9,3.813025280600602e-15,4.326242576643133e-49,2.60180503393887e-109,2.0727496246010996e-127,6.130204089833209e-163,3.0464388048279552e-164,1.6252568119732516e-210,4.5749623662979974e-156,7.017085858352186e-232,1.0435004738796448e-116,8.712083714349383e-146,1.4989583798611207e-159,1.6808148853057972e-141,1.1158317107590769e-124,1.67137176502698e-205,4.414740803735664e-182,0.0,1.9041953119830873e-78,9.096551534747496e-275,0.0,0.0,0.0,0.0,0.0,0.0,0.0,0.0,0.0,0.0,0.0,0.0,0.0,0.0,0.0,0.0,0.0,0.0,0.0,0.0
3.405852421416562e-5,0.997873355374126,0.002092583410282156,1.1505230636987778e-24,1.232547151694376e-31,2.285328466827146e-9,3.226491434127007e-12,4.594121292896983e-48,6.056376963919428e-29,1.5856396722440742e-10,2.442586366253321e-10,1.938664561819421e-38,4.490953193247218e-71,8.71621455438247e-93,8.972365707664028e-125,8.198234628867995e-82,2.341721212022504e-129,1.3040365892666959e-123,5.829902208495442e-142,5.6993679200991055e-92,3.863802054669841e-105,2.324147694602912e-87,1.8161618974560393e-113,2.1848519476140756e-84,1.1507386503013406e-101,8.239677006852692e-73,3.2094598980848255e-285,4.414474197984341e-30,1.9967303498732642e-259,1.8447578887048035e-291,7.508264636325815e-199,0.0,3.343892890036848e-256,0.0,0.0,0.0,0.0,5.103560287567946e-288,0.0,0.0,0.0,0.0,0.0,0.0,0.0,0.0,0.0,0.0,0.0
7.297006240599461e-7,0.9768493197746028,0.023149925464251857,1.9442880324768295e-26,1.7855921453245603e-44,7.507654631543771e-17,1.491212796831826e-17,2.7003867388569055e-38,2.2875509912674668e-21,2.5060521279838128e-8,1.4480754104599672e-20,1.1262044746082915e-40,1.5219127079199498e-75,2.49601369264061e-136,4.2489460435391194e-136,2.2019628732325138e-187,4.5520246658054575e-208,2.254115349369623e-196,1.6547351851114456e-224,3.2414095659905855e-106,4.229949735071835e-132,4.187865100114027e-143,6.740363336185197e-134,1.6076392885969474e-104,1.8881235452126032e-208,5.7557293124942817e-210,0.0,2.8206323564313427e-140,0.0,0.0,0.0,0.0,0.0,0.0,0.0,0.0,0.0,0.0,0.0,0.0,0.0,0.0,0.0,0.0,0.0,0.0,0.0,0.0,0.0
9.986741999735051e-5,0.9617338455359596,0.038165784489043286,1.847766398234862e-24,9.102479449862553e-39,5.370103414045963e-16,1.0491103503116449e-19,6.500438846908955e-33,3.4048402622964714e-30,5.025549943588848e-7,4.853876112807492e-15,4.477998068992939e-35,7.658040755955744e-69,2.2494220645935282e-123,1.7180488859274453e-139,7.016027184755945e-143,1.202174259394028e-188,5.1719896572271364e-155,6.483395239702854e-202,3.4856556063655515e-98,1.302297970919465e-131,4.218105410060909e-130,2.49666459622797e-138,1.5078945944521753e-100,1.179930973051019e-161,6.488611718956632e-140,3.300002051987802e-275,6.196601608425323e-107,3.279795213131644e-251,0.0,2.067991783320831e-294,0.0,0.0,0.0,0.0,0.0,0.0,0.0,0.0,0.0,0.0,0.0,0.0,0.0,0.0,0.0,0.0,0.0,0.0
8.294440804462884e-10,0.9423652325198211,1.749971194182948e-5,1.9458537390448637e-18,1.902543022011575e-38,1.2948948581012973e-19,7.49040885614369e-12,4.2329592158647687e-32,1.0140845602946253e-9,2.3443317085174388e-7,0.05761703148404743,3.489657574996153e-47,3.6623306755500955e-69,9.517398938926314e-72,1.169539102263546e-73,1.0031450659164782e-99,3.811453172345125e-111,3.661330179539923e-69,6.079407644762724e-82,9.916928621758561e-87,2.83704952326857e-61,4.161443435204009e-87,1.7167085325502512e-82,6.240675744094112e-106,7.031329074954135e-96,5.511719957006422e-103,8.570707008034136e-266,3.4230413933683905e-117,1.832212844574056e-237,9.401755875921198e-290,4.887873399858339e-291,1.1383341601738682e-265,3.672553148212194e-278,3.8489237074302904e-265,3.32304e-319,0.0,9.76371509102266e-270,3.630999778033915e-309,0.0,6.610154264447033e-289,0.0,0.0,3.951086687419305e-287,0.0,0.0,0.0,0.0,0.0,0.0
1.2120545314007663e-33,0.0043989024503400965,0.8021749936629287,0.11169522436299475,9.67741133516573e-56,3.2966640533687566e-12,6.124967776106663e-12,1.4893755526108299e-6,0.031500963924303065,5.463610204541181e-35,0.019280004664713454,0.01683225426297015,0.014116167286775453,1.1657803557471643e-55,1.0935829400064985e-84,4.290651768689955e-131,1.9957182942915837e-86,1.3622189329658493e-68,3.2215863525973135e-137,8.766360679515698e-50,4.171050510601092e-120,1.230468943969564e-78,1.3203573070256138e-73,3.902023166766445e-49,3.136407069158248e-94,3.980684188459243e-118,1.2995299981447131e-105,4.091471249630339e-76,1.3358546822692023e-161,4.8200897452587474e-262,4.420507676153467e-286,0.0,0.0,0.0,0.0,3.028547e-317,0.0,0.0,0.0,0.0,0.0,0.0,0.0,0.0,0.0,0.0,0.0,0.0,0.0
0.045381032660537286,0.13378105643122631,0.18424081928578773,0.04043834004310481,0.06392207203388704,0.02747183441434055,0.0002627311046253029,0.02025247430192038,0.1541238100989066,0.21382883989508103,3.9458955319899415e-7,0.05414702247830121,0.040191232213731706,5.349171424810978e-8,2.652526184347054e-21,0.010593283882899018,7.074625636731674e-26,4.035833206193306e-9,4.579353560739096e-13,6.192648936811742e-15,7.29458468403528e-23,2.5682789094642496e-15,4.991058910001393e-10,1.5070240548250256e-15,2.7089206569321305e-21,0.010187296556310782,1.649901934675142e-30,0.0011777019826656097,1.1996347881927333e-56,1.2783446915714931e-48,1.0964692379327336e-33,6.425321239733275e-67,3.2674565467534102e-43,2.9157303599356004e-68,3.5898618483014877e-126,3.140260073902235e-84,2.6936924240676617e-106,2.2729681085592403e-28,1.2145703016229403e-226,6.368078792890658e-156,0.0,0.0,1.4791105708663994e-302,0.0,1.3652799042650642e-230,8.657792034238416e-150,1.8116120688683518e-279,0.0,0.0
8.794355359344034e-18,0.9732964552554065,0.02665273790746021,4.2325956900342084e-11,3.6355267359333184e-12,5.08066835738871e-5,1.0759666567408941e-10,6.819017439868068e-21,6.63923739298839e-16,1.49408459093439e-18,4.204556918412649e-16,2.541180787117916e-40,1.418904161418429e-68,2.4244980499675045e-66,2.037854388419136e-39,2.9717594440889446e-139,7.456036907020083e-117,1.2480959516619167e-117,2.2584085977989047e-169,6.247595330499496e-107,4.977147407586434e-37,3.9402847361186846e-63,2.7106930702270975e-48,3.2272447842005242e-25,2.0725523336591146e-51,1.6872212685587945e-163,2.4076683647853375e-270,2.0994728391629394e-126,7.504382484292674e-222,0.0,7.28331228519005e-251,0.0,0.0,0.0,0.0,0.0,0.0,0.0,0.0,0.0,0.0,0.0,0.0,0.0,0.0,0.0,0.0,0.0,0.0
2.154292901779189e-6,0.16954004259832095,0.024322595798093784,0.449193249128895,0.13702185488879742,0.2027114813628117,0.0011009481605135608,0.012721925127566147,5.511997061230607e-9,0.003314203401962474,7.138826410499188e-5,4.8752521798735924e-14,8.259322562156455e-18,7.160171240420396e-14,1.215066982860759e-33,1.179576001281802e-9,2.216891363903289e-22,3.722377918873039e-26,2.715754291616747e-29,3.455884991909215e-33,7.018267674729174e-30,1.5028433612636318e-7,4.046054296547254e-28,2.674072995104908e-15,1.4820436923801118e-26,1.7934591194739147e-20,2.6331974616236367e-41,6.752667615956901e-27,2.288645249866393e-65,5.0564948881046866e-73,5.186190828372288e-47,8.287511584152233e-101,1.0991650849666186e-106,1.7648374049302499e-146,5.625726896977756e-194,6.2950957127448225e-93,4.365182417781311e-190,1.4129011974742482e-40,1.087559459168e-311,3.21333201287993e-309,0.0,0.0,0.0,0.0,0.0,0.0,0.0,0.0,0.0
1.2109186619134938e-13,0.48515723101675107,0.5148424726312669,3.710715850429607e-15,1.6885100631300555e-23,6.970069138206446e-13,4.6402419021859355e-9,5.008746834895406e-21,2.1895919445034717e-11,2.9168900094394364e-7,2.1582231292688282e-14,5.815952621253676e-27,4.321143835506261e-61,5.864018959969505e-82,5.310549518762133e-83,3.168614864289926e-179,1.3859820996094194e-115,1.094396008577927e-140,2.3833063268653996e-189,2.932939819129002e-90,1.3289831718702956e-96,1.4499929228750176e-98,2.966217298756943e-70,6.704752385477813e-75,2.072331648422485e-153,1.2345038885433248e-152,5.282410749570195e-215,2.7174003275630252e-137,1.1373614275793318e-255,0.0,0.0,0.0,0.0,0.0,0.0,0.0,0.0,0.0,0.0,0.0,0.0,0.0,0.0,0.0,0.0,0.0,0.0,0.0,0.0
2.0221803796604527e-12,0.8607801071302402,0.13749734110345208,1.945042364956813e-23,8.958926855408633e-50,9.327482556166522e-8,1.1505588365422887e-17,5.229386839042042e-32,0.0017224584894599774,3.493260682676352e-23,1.2287323660100755e-27,6.069631466223332e-30,4.050492306332691e-32,4.4597181796462926e-122,2.4239308502954644e-162,8.069679872797644e-220,1.9953086240665724e-174,1.4988661632927662e-173,2.606272191412365e-204,3.810701079633496e-80,5.982029233383945e-189,1.4978838594897543e-168,6.0346848184485085e-162,4.496938488170912e-66,3.449658856592459e-156,9.564401717604895e-132,9.02830470326558e-239,9.454030279432246e-191,6.836883080282816e-280,0.0,0.0,0.0,0.0,0.0,0.0,0.0,0.0,0.0,0.0,0.0,0.0,0.0,0.0,0.0,0.0,0.0,0.0,0.0,0.0
3.51375733344816e-14,0.0010254732909389986,0.5250232469650595,0.3071214780213425,0.09493331786133145,0.04189419981397702,0.011486668486802111,0.013653404838080755,7.837021110357278e-8,5.747060125488019e-10,1.9353407621482752e-14,8.565046217606447e-21,2.5569327322816674e-9,1.5127782282850543e-7,5.35798834755313e-36,7.229387586928507e-30,3.8938730926653067e-20,2.1705133677839896e-34,2.3489146854988387e-52,3.5396492007217306e-17,7.490662253342626e-29,3.52944636635423e-40,1.075887823109572e-28,0.002625173130943743,0.0022368048117965508,2.9739873966388324e-61,7.5670689382149045e-78,5.85426812101521e-124,2.6564965418109247e-78,5.036151226948488e-125,2.7557798527872935e-128,4.901060233482976e-161,1.676897870162886e-119,1.0127504608278415e-209,2.8142709465709837e-277,8.763789522103803e-182,4.2190340823718944e-175,6.234590378384093e-112,0.0,4.045783836912059e-148,0.0,0.0,0.0,0.0,0.0,0.0,0.0,0.0,0.0
3.865240734584835e-5,0.9962944181702613,0.0036669293827384483,3.6967127710251786e-24,1.2439961196196e-32,3.148924354660401e-11,1.0707958775113749e-15,9.64103340018478e-47,2.0256622088288338e-32,8.164280215973239e-12,3.521440423447254e-30,3.2613852708230087e-37,1.995449550646714e-108,1.1955863255205997e-116,9.012230460529249e-126,4.326386177618108e-154,4.148923494366161e-179,2.765781731365932e-148,1.3181966632429753e-203,6.218426291457031e-103,6.069834167072605e-118,3.084508752216225e-122,4.658198032756975e-120,4.0681237308375194e-129,3.916862183660389e-173,1.2403318107484655e-182,0.0,1.7725630055881753e-90,0.0,0.0,0.0,0.0,0.0,0.0,0.0,0.0,0.0,0.0,0.0,0.0,0.0,0.0,0.0,0.0,0.0,0.0,0.0,0.0,0.0
1.0049630054712884e-6,0.9847396018046937,0.015259392786825612,7.495531595525709e-19,1.712814329568647e-30,4.586383669130364e-14,1.033834017612414e-17,2.0399413673135856e-30,2.726574294563521e-19,4.4542930321445376e-10,2.723287143018033e-24,4.127036021117005e-20,5.27880053781956e-75,2.795575516130421e-90,3.0572443486029585e-94,2.471902676036844e-125,4.9192476354445614e-141,1.420245612110566e-107,1.9313829248965635e-140,2.3005570473451995e-77,1.762353354649185e-103,3.9059935769742785e-120,6.586688710497041e-98,9.084427364273481e-98,6.993911659069943e-105,2.506501057619186e-125,9.114849426500856e-194,7.607923350233256e-119,5.5146909202465195e-210,0.0,2.5440931399884139e-290,0.0,0.0,0.0,0.0,1.2748325409469055e-240,0.0,0.0,0.0,0.0,0.0,0.0,0.0,0.0,0.0,0.0,0.0,0.0,0.0
8.422226099028644e-9,0.6702581203502951,0.3297418692473619,9.229039878338529e-20,2.8593589883336394e-41,1.6791525366121406e-9,2.9736148621906497e-10,2.3090022076022282e-30,1.0473850058808912e-15,4.669676329516907e-19,3.601794190759168e-12,1.1299908300976593e-22,7.299201788523638e-63,6.158602919534646e-109,1.5920194719084037e-110,2.970234504679765e-128,7.683160696190982e-142,4.182941594783529e-149,4.7032180930869185e-181,2.2719467729699548e-69,1.3672856558707488e-115,3.5389529281832237e-113,3.786908537622614e-117,4.4693763969233033e-69,4.5192386630748765e-114,5.5068975804398e-121,4.315879753124165e-269,2.875925780117891e-78,2.247388761970342e-252,0.0,7.176863652365372e-244,0.0,0.0,0.0,0.0,0.0,0.0,0.0,0.0,0.0,0.0,0.0,0.0,0.0,0.0,0.0,0.0,0.0,0.0
4.406404083128013e-19,0.18400389854757424,0.8159960967740888,2.1907287693059455e-12,7.314280326099005e-64,1.9223873994031616e-16,7.602210825062597e-24,2.4155766125781896e-22,3.0209103615147565e-12,3.6292225291487655e-26,1.7218403036255445e-15,6.945626157668521e-23,4.673123497907806e-9,4.0720255120682724e-105,9.218728119620007e-135,2.317945041885719e-207,4.041609980124034e-123,1.1706789295772394e-160,7.450865090476507e-217,7.939772616251688e-86,2.22472283884104e-162,8.359880620782824e-143,3.4977794127432004e-141,8.45196420121964e-65,8.787910185123737e-162,6.541462254847287e-107,5.2536338318062234e-213,1.9715204751036146e-146,1.4240296039627593e-237,0.0,0.0,0.0,0.0,0.0,0.0,0.0,0.0,0.0,0.0,0.0,0.0,0.0,0.0,0.0,0.0,0.0,0.0,0.0,0.0
0.6854864863015848,0.3113229727530931,2.1415581191210024e-11,9.097127498137269e-48,2.2650671615706326e-67,2.4844549970281492e-8,0.0031685126863230566,1.895113224003725e-84,8.981984765154425e-75,4.40219517138104e-9,2.1998990838148805e-5,1.4209175775960678e-71,8.252135400393387e-170,5.984826152360988e-171,1.2452818987574765e-178,1.3568010922710342e-194,4.948985325122755e-163,5.952461244614949e-242,1.3938942149713026e-195,1.1385798561070764e-186,4.991354011018612e-164,1.2728123645050994e-171,1.471032097959327e-191,1.859605771241409e-193,5.535527654475436e-154,8.857599235634858e-250,0.0,4.417726518371315e-19,0.0,0.0,0.0,0.0,0.0,0.0,0.0,0.0,0.0,0.0,0.0,0.0,0.0,0.0,0.0,0.0,0.0,0.0,0.0,0.0,0.0
3.4334588537904147e-57,0.000382110193366064,0.9819648190715967,0.0028878731573509747,5.118979282752528e-10,0.008149354195808022,0.0042874223218570704,4.233294437067887e-12,0.0020140739192300917,1.523140932271657e-9,3.340055790781719e-27,7.705626676975226e-19,8.554400585652474e-23,6.545911134455763e-30,4.374715148736211e-62,4.656759213094858e-105,2.4236578310812763e-67,5.598568688512207e-71,4.811450110459463e-121,9.699146846348355e-47,1.4226367435263312e-68,1.6180001797891203e-85,3.965415448491981e-61,4.3534872173406677e-38,0.000314345101519126,7.696456646395885e-146,2.489380557087362e-132,2.2358887711033125e-165,1.3093848827587472e-129,3.276439721624277e-247,2.5035304675623053e-166,3.275571449469696e-283,0.0,1.1669793009389e-310,0.0,6.791911538033692e-256,0.0,8.79205e-319,0.0,1.5827143598131437e-295,0.0,0.0,0.0,0.0,0.0,0.0,0.0,0.0,0.0
0.0002851049636703065,0.9275076301740418,0.04404133151042594,2.1551524932786448e-30,3.2796987722540825e-46,5.29276250404385e-35,1.7002100798541921e-37,0.002866289753492481,3.9572738060570234e-47,0.016312284341804564,0.008987359256564973,1.6295130563300554e-68,1.2280844024049105e-45,1.296401101284734e-117,3.415262437918857e-157,1.0821064315757414e-151,3.336030696346664e-173,2.562680262925679e-151,3.425044207099359e-200,3.304990373073407e-121,5.226287817830191e-171,2.5912630000704623e-159,3.7432459109833287e-137,8.28335787856435e-97,8.174803270369907e-166,2.4756492968779914e-149,3.452877676323261e-288,2.201689635089956e-99,4.2844807054427055e-250,0.0,4.048296556859804e-251,0.0,0.0,0.0,0.0,0.0,0.0,0.0,0.0,0.0,0.0,0.0,0.0,0.0,0.0,0.0,0.0,0.0,0.0
2.1607537706501606e-19,0.00091797308950631,0.997617838399555,2.9300194508259272e-5,9.85156525112885e-6,2.734428037075418e-7,0.0013731931317911767,3.846873040892425e-8,4.032316069770346e-5,1.1206245471024081e-5,4.3544662648917573e-10,1.8660895512022805e-9,6.652614710350102e-31,1.4922728214054276e-13,3.8087291754009294e-46,4.2166749866999547e-41,1.6915856098385658e-69,2.7036311034575793e-33,1.3102256082189359e-77,2.4475299566518465e-33,2.2861524303852373e-54,5.22737905686881e-41,1.2616048378980674e-53,3.7550317931314476e-60,7.425990590806745e-26,4.1427764971365517e-97,8.41246414146571e-108,3.852888138254273e-106,2.8463087672245555e-103,7.57640325831646e-164,1.66490657646098e-126,2.914641722340646e-200,1.073397461754798e-128,4.80692061504297e-189,2.822738372880095e-232,9.994024517827599e-219,7.55986099752333e-245,4.1023923444214246e-73,0.0,5.696598080769812e-185,0.0,0.0,0.0,0.0,4.7300825992376377e-281,0.0,0.0,0.0,0.0
6.817679654829745e-10,0.9096398156791715,0.09036017253214587,9.502363745846792e-25,1.1994770585242278e-16,1.0571925624197607e-8,5.305988691128392e-10,1.7559503090084456e-37,4.389848871875599e-12,1.7027617848530875e-22,6.528207153729062e-40,8.035257258302056e-39,1.4914999955677738e-96,7.130535486861665e-84,4.3715190140738415e-118,1.8718262456483553e-202,1.0410728336476719e-160,2.9101174980862926e-155,4.55385842047358e-213,3.196539118138977e-92,4.52049655493492e-135,2.2729891259412236e-143,3.4667770744170287e-115,2.6525252789954412e-92,2.759180523411269e-161,1.9833984803292775e-191,4.352901380698417e-253,6.398751794946223e-130,1.3966561212809e-310,0.0,0.0,0.0,0.0,0.0,0.0,0.0,0.0,0.0,0.0,0.0,0.0,0.0,0.0,0.0,0.0,0.0,0.0,0.0,0.0
1.262320854232967e-6,0.9958457604909766,0.004152962393289227,5.768325457893267e-20,4.717585947231472e-55,1.7588745728127334e-17,2.3819612195915926e-21,1.7499810004626604e-24,4.158818205183757e-21,4.761547451369914e-15,1.4794875341945003e-8,2.6788430880804436e-25,4.6164171040554853e-63,4.310588624286707e-108,3.552626308083221e-131,8.275961908851726e-146,3.085052075765223e-151,7.908211788121055e-134,1.626331035671325e-141,1.4211281048308852e-72,3.3956628729663166e-123,3.745729132266066e-135,2.6561987316901018e-130,6.186030913082002e-74,6.611733277982514e-116,3.5674728350966584e-138,5.123236716116143e-224,3.501594741853981e-88,8.539030197117655e-232,7.760195317283955e-306,2.42259122123e-313,0.0,0.0,0.0,0.0,1.7308132040618999e-286,0.0,0.0,0.0,0.0,0.0,0.0,0.0,0.0,0.0,0.0,0.0,0.0,0.0
1.8291674338581592e-5,0.9911990248895985,0.008782586432833217,9.555102906135214e-21,9.865514038903453e-42,1.943520490077571e-12,3.918755800006032e-14,2.9618875610347185e-40,9.386607069229112e-28,9.691015163101067e-8,9.109543227124811e-11,5.474539665413145e-32,3.876819994837727e-88,1.2914353403810602e-92,1.284160378410443e-107,2.1477187914499693e-105,2.994531048728685e-130,3.9402874666754483e-134,2.407536918140576e-137,2.7554859245988525e-82,1.7054188401730676e-94,6.91717581168216e-87,2.1501649251667536e-118,8.205712876438952e-83,9.760053667346157e-96,5.090859170796817e-92,4.789275867428999e-243,1.3247997061893928e-51,1.1570146941831683e-206,7.144511187118374e-299,3.069428253390745e-234,2.39345e-319,7.558939011754504e-299,0.0,0.0,7.0063959814e-314,0.0,2.2194545556053647e-270,0.0,0.0,0.0,0.0,0.0,0.0,0.0,0.0,0.0,0.0,0.0
7.304413056086312e-5,0.9957202813006009,0.00420665553632203,2.202063564388019e-22,7.425926203782155e-36,7.549016534050883e-17,1.3528617188346287e-16,1.214288282374052e-43,4.08978576774945e-34,1.9032515979137728e-8,5.459327521166041e-22,3.198771917987518e-45,1.5156417327155113e-126,2.2164029304671696e-117,5.079586925614036e-104,2.3843258555056244e-167,6.838958205254153e-204,1.3064025037347997e-137,8.611928003283455e-227,3.9256422544723027e-140,2.4893187238255075e-97,4.6404981610513074e-119,4.69099382075744e-92,2.371970830787417e-161,1.4882167283050712e-186,2.0769649511259704e-195,0.0,1.5238411421152635e-94,6.0e-323,0.0,0.0,0.0,0.0,0.0,0.0,0.0,0.0,0.0,0.0,0.0,0.0,0.0,0.0,0.0,0.0,0.0,0.0,0.0,0.0
2.6036608172740746e-11,0.41807979825513936,0.5819202017187111,1.8128964973096478e-16,2.600572621261107e-38,6.4570761895135705e-15,9.057514658075306e-20,1.4264621234958428e-19,8.918377942489547e-15,1.9738474607601156e-15,9.549329591544298e-14,1.5637580565840953e-26,2.267417175989346e-44,2.493421868884571e-90,1.0297071163393918e-108,2.99906296317293e-126,1.908574200907624e-93,2.76489299819606e-125,2.8285584553920995e-154,8.486378157744532e-70,2.0650705713084335e-129,5.718990746433443e-120,1.984706205551103e-111,1.5259160152221775e-50,2.8891654804891305e-98,2.4817239469964166e-108,1.4974458430536012e-160,1.3583794818942983e-88,2.7318807319454548e-185,2.47e-318,4.5114087662700625e-212,1.0577961806003133e-306,2.5174140874261346e-265,0.0,0.0,5.615681348922687e-274,0.0,0.0,0.0,0.0,0.0,0.0,0.0,0.0,0.0,0.0,0.0,0.0,0.0
1.3572065069856384e-24,0.010899108986457986,0.9884627872472597,7.874736058513072e-9,6.2543530855134314e-21,9.889382386047292e-17,1.292409875696622e-6,9.761791154285055e-8,1.1888589801588772e-8,0.0006365691906115164,1.2478455751132194e-7,2.3380134067434316e-19,7.123755439506297e-39,8.155426618196569e-29,2.4174834629530637e-59,2.8287990203563076e-159,7.431335110717214e-95,1.2629431193314798e-77,1.6380084135796918e-134,4.8047812294238425e-102,6.66134221468577e-94,1.2589247001169617e-72,6.76013961088551e-50,5.922576915370753e-71,1.7816032340999751e-99,4.105342472524531e-166,1.2516648419129306e-140,6.537018384928735e-117,3.433832816332529e-175,0.0,0.0,0.0,0.0,0.0,0.0,0.0,0.0,0.0,0.0,0.0,0.0,0.0,0.0,0.0,0.0,0.0,0.0,0.0,0.0
4.464390466501295e-16,0.3930324813046777,0.606963693420748,1.9012456705359184e-11,5.148622088996766e-50,1.0749934504298854e-6,4.5702971953411544e-17,3.7174944196323645e-22,2.7502621050356057e-6,3.3451748527921247e-28,5.942655550127864e-15,6.222693066578332e-18,5.848661316086975e-19,6.827048966059136e-110,2.4982128383092205e-123,1.076586089266203e-174,8.798680973319661e-109,1.116290059485135e-137,5.051575198334857e-172,5.328386501019066e-69,1.6954877342196967e-160,1.8310756433252918e-120,4.999461256379755e-136,4.203123552256661e-58,6.491072778260722e-137,2.8114069505391467e-93,4.556817513938794e-137,1.3224533145834853e-107,3.56760425506472e-207,0.0,0.0,0.0,0.0,0.0,0.0,1.499393503212504e-309,0.0,0.0,0.0,0.0,0.0,0.0,0.0,0.0,0.0,0.0,0.0,0.0,0.0
1.8018629309796633e-61,1.7806637966356871e-6,0.11181730114034845,0.8681850228349853,1.0444452622450307e-10,0.00016751341894837493,0.004335960386866419,2.0189887133274283e-10,2.0553447280433596e-7,0.008896230363385556,0.002137133245171447,0.003556737410010692,1.8553407451541035e-16,4.521018296223051e-14,4.813107445000306e-51,0.0009021146955244023,5.381186630736092e-40,5.2727413138661115e-14,3.228016596747227e-74,3.2062867683864428e-27,5.697447007532755e-66,1.2837833932842849e-48,4.8346750633266525e-14,9.740106058765599e-37,5.549028690947806e-20,5.035699125726204e-83,1.927857949887052e-55,3.464243612638486e-101,1.661479552391755e-86,3.63512745520123e-123,7.899899709291379e-137,1.0345630423228062e-184,6.5685047188391524e-192,1.5801974483930633e-199,1.088051131273122e-233,1.2218773212722103e-244,2.2315945204008527e-221,6.743096615229335e-130,1.2702106457508616e-301,1.844559534935384e-132,0.0,0.0,1.6312926356298302e-267,0.0,2.3501527642564e-311,9.1404e-319,0.0,0.0,0.0
2.0111108550700668e-7,0.9959345263936482,0.004065263662974616,3.1250043754773638e-21,2.3383760504314687e-33,7.1300420909148925e-12,3.724020126975154e-14,5.653478489264788e-29,3.512845928948862e-22,1.1084564146590367e-10,8.714278628924111e-9,3.686305365454585e-30,2.533042994794266e-81,3.2323861609121084e-88,2.3129501010864477e-91,8.342228473617905e-118,1.1325033101914526e-132,3.7709966633905994e-149,6.699485022419483e-157,9.345047102404933e-71,5.636262576521368e-73,9.505881942221932e-101,1.1776348858978358e-114,5.9495740567524653e-36,1.2254735107771331e-117,3.253623844104152e-138,4.421505877326758e-261,7.661756698300258e-76,1.5437096897427365e-218,0.0,9.567268795890328e-269,0.0,0.0,0.0,0.0,0.0,0.0,0.0,0.0,0.0,0.0,0.0,0.0,0.0,0.0,0.0,0.0,0.0,0.0
0.16187009038321484,0.8349574755467799,1.640251936548154e-8,5.83420621946135e-31,3.5327874430611216e-49,1.4228754081515543e-7,5.065290786992424e-12,2.6692956504290407e-66,3.7359349522856166e-57,0.0031600803056484553,1.2195069231388027e-5,2.6419720426441202e-58,4.81886873578176e-128,9.996125495305588e-134,9.011334604922845e-150,3.528269420657691e-152,8.612922335602558e-122,5.4058785573825686e-185,6.990769011666446e-176,2.184804571416233e-146,2.019198355406658e-137,1.2442945644853073e-150,3.5539462875616176e-144,1.3518453564645717e-153,2.837130846831522e-129,3.1409640623013507e-182,0.0,1.3430825599904063e-20,1.0249964636877776e-302,0.0,8.74e-322,9.022496397560678e-299,0.0,0.0,0.0,0.0,0.0,0.0,0.0,0.0,0.0,0.0,0.0,0.0,0.0,0.0,0.0,0.0,0.0
0.07724202990339198,0.9195024317983819,2.14142679639388e-6,8.942651418611241e-35,2.885494419298985e-57,0.0032518353935118522,1.5614430658567512e-6,1.3294919916079375e-76,2.8138050076741294e-59,4.1862039211517675e-12,3.0665691944748403e-11,7.462448671569006e-67,3.2986645520516394e-159,1.0628524244958938e-163,2.860363292903901e-156,6.112297400057579e-177,5.115836486831648e-177,1.6127215365421952e-189,7.492080388047159e-234,1.825766858943736e-157,7.113202838649335e-143,6.759046980422072e-135,7.128854309449614e-148,1.42136690173681e-200,9.264977345594791e-194,1.867480361091014e-218,0.0,1.0422385024599708e-37,0.0,0.0,0.0,0.0,0.0,0.0,0.0,0.0,0.0,0.0,0.0,0.0,0.0,0.0,0.0,0.0,0.0,0.0,0.0,0.0,0.0
3.0264493720539086e-56,2.371018891648895e-12,0.49115975990824545,0.48186559118271305,6.875474366115155e-10,9.215434899696233e-14,0.005015339123055303,0.006918105598667016,0.010811279865212402,8.124802736291156e-13,2.2684765015494812e-8,1.3504522201421995e-23,0.004229899689449104,2.8720280523090933e-32,1.829602714062769e-89,2.5943128486334045e-61,2.686249116043901e-27,4.7657412312291895e-73,2.3941923528210363e-124,1.2570697435373886e-9,8.62504934839723e-79,1.664601926683067e-117,9.960783841418625e-77,2.8340966775944306e-18,6.719911856557417e-19,2.0999932281492873e-101,9.135702664732375e-118,4.5300087783434033e-187,7.624110680181058e-166,1.1942938191887725e-185,1.983834043947817e-206,3.5746818172111504e-243,3.966538134970366e-243,5.218919953737811e-287,0.0,1.0e-323,1.865485816964212e-307,2.2536570436665294e-266,0.0,6.234121248534166e-244,0.0,0.0,0.0,0.0,0.0,0.0,0.0,0.0,0.0
2.0566953475749813e-14,0.9119955333535048,0.08396402962659433,6.522976623049251e-8,3.829122027580034e-45,4.253594004041585e-7,5.170019628474025e-20,2.3177040675029213e-12,6.753666225649164e-11,2.5909184528058123e-38,0.003400140338737777,1.1421635403167896e-8,1.6036775053111896e-41,5.500996115415264e-96,1.9326632336540066e-153,1.159336088691194e-177,5.588138069177574e-130,1.6435148055602164e-140,5.551260005449005e-187,2.253765604715876e-48,1.1303777390339356e-172,1.170275825717945e-155,3.938319084453088e-178,0.0006397946004861945,1.610510840421754e-120,4.6743922584034233e-178,2.275337826576735e-162,1.0874649511532623e-134,9.28949754408942e-191,0.0,1.9823617253331536e-300,0.0,0.0,0.0,0.0,2.64157716e-315,0.0,0.0,0.0,0.0,0.0,0.0,0.0,0.0,0.0,0.0,0.0,0.0,0.0
0.014868244820077387,0.8953585679951868,0.018339758391570638,4.782208200017123e-6,0.02997838016556937,0.023284194497158472,0.004442056898739958,0.002948307745407871,0.00653661601783325,3.901760827065974e-5,0.0022220967452902473,0.0008106500728184387,6.073695470184435e-17,0.001167326833876832,6.443422127316616e-28,2.4341148270512453e-27,2.621439972256177e-60,9.659811748990132e-62,4.23574990346314e-54,8.044452813064074e-19,5.698171650629709e-33,2.2015280429397475e-30,9.156268126404611e-46,8.2383747231752e-42,3.3023181353950985e-30,1.8820473916590052e-79,8.031117591061555e-98,4.075129952717497e-77,3.7577338066988144e-91,2.4487765374988132e-173,3.42617858036224e-114,6.323764641855049e-153,4.955674877476066e-100,5.916861014887275e-171,1.0445012822644994e-198,6.626462350706258e-140,2.0061143041219104e-233,3.172175860535407e-100,0.0,4.764094737134548e-307,0.0,0.0,0.0,0.0,7.436688982494061e-286,0.0,0.0,0.0,0.0
1.7010141147415835e-19,0.5358217507888091,0.4630765116341811,4.7228316591268757e-7,2.457938572959934e-58,5.814144133682373e-10,2.5885266311734028e-17,4.7320236221061604e-14,3.1915086302018557e-8,6.7925494453399565e-40,1.4908620249955685e-7,0.0011010837110932755,3.5840907136718424e-22,1.2485411298496088e-110,1.0363079259021775e-127,2.683121729858786e-175,5.995968207559813e-112,6.653923503456853e-140,1.5660614145317062e-163,2.3831243726407264e-57,7.163862212084498e-163,1.0137126597628835e-123,3.6170625540245175e-147,7.478686614627391e-45,2.5363514887732457e-134,1.1757988507701731e-125,5.997331541869014e-157,2.3094809008771007e-123,2.8950134586824217e-217,0.0,0.0,0.0,0.0,0.0,0.0,0.0,0.0,0.0,0.0,0.0,0.0,0.0,0.0,0.0,0.0,0.0,0.0,0.0,0.0
7.502036632833174e-6,0.8654043801913366,0.13458806068961535,5.565882031411806e-26,1.024827140297537e-41,1.4593836453730961e-18,2.991575656447202e-20,1.112764326083332e-44,7.119894214783179e-29,5.7082415316292834e-8,3.2025737335850525e-20,1.4896658865212146e-44,1.6502266348724296e-106,2.2433881074877083e-134,3.567879713853196e-148,9.072556453059106e-167,4.2254819477733e-176,2.7351492498462435e-169,1.422748019304719e-227,4.640534294146277e-103,6.534094044661815e-137,1.4076833298618779e-154,5.471035778670906e-137,2.1645065846264854e-125,5.154067680258779e-178,1.6034300327463038e-187,0.0,1.222085187029016e-128,1.0e-323,0.0,0.0,0.0,0.0,0.0,0.0,0.0,0.0,0.0,0.0,0.0,0.0,0.0,0.0,0.0,0.0,0.0,0.0,0.0,0.0
1.05561107427943e-28,0.010507989397147859,0.948606842000312,0.021481214729424207,8.911876426805565e-16,1.2686879099432276e-17,0.008560412457958544,0.010840162584522459,1.0921491556511443e-7,3.268581557274449e-6,1.0341613228154012e-9,1.4666871049059742e-27,1.2287150667710891e-28,1.0189853999866338e-34,3.6438026757013436e-66,2.5285587277517628e-188,2.8960338533377027e-80,8.01253986883912e-106,1.391601664481116e-181,4.589028039028747e-89,2.1159343363721502e-98,4.179428150407348e-85,2.1845832689739997e-51,7.351271420076888e-80,2.4115552947496003e-129,5.9410083202520905e-182,2.2819938097436354e-190,2.3578901827924106e-159,2.5041871244032502e-213,0.0,0.0,0.0,0.0,0.0,0.0,0.0,0.0,0.0,0.0,0.0,0.0,0.0,0.0,0.0,0.0,0.0,0.0,0.0,0.0
8.26167559072181e-6,0.9640108732102002,0.03598080287534371,8.855418311070945e-25,1.9195454450949072e-44,3.4653555618506716e-15,1.2444148101183778e-20,1.0064408950434625e-45,1.1865139538739076e-32,6.223886171369305e-8,2.350283276830493e-16,8.809866233381147e-46,3.2531937483885232e-102,7.315144361771455e-112,1.0151145938640483e-122,8.36121602073722e-157,7.455908048202898e-181,1.767330912322435e-139,7.63851641115815e-178,1.318362141077366e-104,1.0133139747419756e-117,2.7321508280227255e-132,9.880538193148574e-119,6.796676351956323e-112,4.245669125617368e-160,4.924881285433353e-161,8.585157141795462e-251,6.991977201152757e-108,4.928744398961842e-199,0.0,0.0,0.0,0.0,0.0,0.0,0.0,0.0,0.0,0.0,0.0,0.0,0.0,0.0,0.0,0.0,0.0,0.0,0.0,0.0
1.2655027167143011e-5,0.9545407659885006,0.045446572253115394,1.8697015644003233e-21,1.4496073362698127e-37,1.3585728041483476e-13,4.0340368751484975e-18,8.636111405480445e-43,2.6517915774135284e-31,6.731081323565994e-9,3.2894073522878547e-22,7.58924999998138e-37,1.4312096073783874e-100,2.3296733628896655e-123,2.8901609596194565e-121,5.634840580172822e-155,1.3187899375828774e-199,6.50763237265386e-149,9.756459617136e-211,1.5410592189635596e-108,1.534061724219128e-117,3.796997492137918e-133,3.014540602948608e-110,9.604434947248644e-139,1.4529736566734467e-190,2.083469721231799e-152,0.0,2.090512645082724e-97,6.3403e-320,0.0,0.0,0.0,0.0,0.0,0.0,0.0,0.0,0.0,0.0,0.0,0.0,0.0,0.0,0.0,0.0,0.0,0.0,0.0,0.0
0.00036901985191081923,3.410034502559533e-5,0.0522280151251925,0.01643970720608519,0.11760388532317495,2.8689939027014535e-8,0.030862697495138165,0.06884316842954394,0.06116225637153632,0.018452254478043384,0.0804315092153788,0.03779765390801925,0.05456743260581438,0.040525124297731356,0.05603342065781679,0.06192667494893556,0.052647015107491195,0.06051740425565121,0.031395082749524864,0.051130760620663976,0.05232650671053869,3.9894164388736895e-24,0.026997368805435573,9.526387093390044e-5,0.013001146615716956,7.89800149009664e-6,1.4202091268776115e-14,0.004896723128031587,0.00970788118522055,1.0800973664361611e-17,9.365435176921093e-16,2.146738592874868e-41,1.483111841645233e-66,1.9481011687832746e-47,6.709083468049121e-118,6.680130649855661e-41,1.5088081918489326e-167,3.915911192066063e-77,5.0881427049473996e-244,0.0,0.0,0.0,0.0,0.0,7.670839827688221e-134,0.0,3.671278053652673e-276,0.0,0.0
5.581520733774459e-80,1.515640722299075e-46,1.3981408968182613e-11,9.336628812391369e-17,0.00019764181866698677,0.0238061123454071,1.5497593845871677e-6,2.7371348567644866e-8,0.04353161521645254,0.05202796657860307,0.02226836454754318,9.583647157558178e-22,0.05014948485309067,0.007070804660525484,0.007084740047040351,1.4510016790908317e-16,0.013919762340560058,4.253879186057395e-10,0.010990308505948959,0.052372235957740175,0.03209892200993828,0.05439022951548625,0.0012518413748296945,0.06983306576777899,0.054392804787931695,0.1210478261423977,0.0910922008190388,1.8166932959546234e-27,0.021017995891381654,0.022614284221737342,0.06742420550945638,6.048028962728668e-60,0.05764085415425021,0.007315165555037127,0.030647366140662744,2.058516018179697e-65,4.860647863923861e-110,0.03677683855512355,0.018388419684397646,2.4761561180549023e-38,4.0105343596898456e-100,0.0,8.859965470323804e-72,0.0,0.006129473228132549,0.006129473228132549,0.012258946456265098,0.0,0.006129472516340672
1.710077563708861e-9,0.9374008729657861,0.04199477113063038,1.4308990615799855e-16,6.544105417189374e-15,0.02060433554107042,1.865242889319118e-8,3.1081250247453124e-32,5.228660273346577e-25,4.8314379110322315e-22,1.2046894180862845e-23,1.6420933014901652e-42,2.1055927885223e-91,2.6085325971148367e-86,2.6901924621505345e-88,7.501823327190452e-127,1.1065669970773633e-135,1.2644934322229435e-150,2.4558079170045756e-143,1.2243323458522493e-108,1.728085449930564e-75,5.868841779730757e-93,1.406876379188823e-101,3.703587794355296e-36,2.830258660521052e-104,3.090197496303634e-154,1.5945276798269527e-288,6.162258824806522e-94,1.4740124292725213e-259,0.0,9.56627577258837e-255,0.0,0.0,0.0,0.0,0.0,0.0,0.0,0.0,0.0,0.0,0.0,0.0,0.0,0.0,0.0,0.0,0.0,0.0
2.5081450646309362e-8,0.978961765771869,0.021038174040767382,2.6602637297530126e-21,1.5370561681940337e-27,3.037357555123835e-10,3.480194921394041e-8,3.8999276585554383e-39,2.0595109551567768e-25,2.2816189664324043e-13,3.2485374309059065e-18,2.8260661038376596e-40,9.217396342605784e-95,5.397661233343755e-94,1.0487117323769724e-99,1.2138982039980585e-147,2.9583164352189737e-127,1.4332775602882267e-136,5.046587035639943e-168,1.467824316983009e-106,2.183731083900234e-92,6.747255867584624e-95,1.5093623423298368e-94,7.359341213442017e-95,1.2533681245544742e-130,2.7898455880956974e-141,5.582497709700906e-276,7.765285738096937e-78,1.1669919980574434e-272,0.0,2.3090279401355575e-294,0.0,0.0,0.0,0.0,0.0,0.0,0.0,0.0,0.0,0.0,0.0,0.0,0.0,0.0,0.0,0.0,0.0,0.0
1.95096557356986e-11,0.9864569425071618,0.00755494132021754,0.00013390950948377796,6.182729024356952e-12,4.62418192130097e-7,6.758481683945259e-7,7.986606391245429e-11,7.245210556359378e-13,4.3335262079352135e-7,2.3499513339506117e-10,4.812681737785128e-17,1.4142989172715184e-44,1.207868580820642e-30,1.6803865705866699e-46,7.068380423357109e-59,7.277668630464263e-55,9.38070345867534e-74,2.78425592615276e-58,6.3404206467922905e-34,2.774853665832565e-34,0.005852634702877216,3.3158986089942584e-65,8.845835207209423e-50,9.66008747258709e-36,3.021147761874038e-56,1.403164022117446e-140,4.8056397570416205e-87,6.077769504951895e-119,1.6046222783748074e-149,4.638413303699742e-187,1.1410592525235797e-180,4.668419651022877e-154,7.231048976443961e-181,2.8663644290122026e-237,9.327768041272683e-215,3.280676970378782e-243,3.918926359167205e-145,0.0,4.0e-323,0.0,0.0,0.0,0.0,0.0,0.0,0.0,0.0,0.0
0.010588666183908671,0.988588037312879,6.126845490262743e-6,3.4614776544738623e-34,2.8214653656470906e-49,0.0007389221018770789,2.184527798694767e-6,5.011865247587586e-68,1.8310255686428106e-56,5.828519591506693e-7,7.548017608714981e-5,2.2294727370800247e-63,6.296404911540034e-129,6.145503557802284e-129,1.7506699771388716e-138,2.6861514707634943e-133,8.871978905527572e-128,4.608740257899429e-164,5.266304574071155e-159,7.219461542213378e-142,1.0284585416665985e-133,3.98696145270711e-134,1.6685079597531986e-142,1.2504890610604716e-153,8.50715881817871e-129,2.1050721301254014e-117,8.080651e-317,5.407390044767962e-18,6.900296852081889e-287,0.0,8.123522234613749e-247,1.04853211376e-313,2.2707136901703327e-306,0.0,0.0,0.0,0.0,0.0,0.0,0.0,0.0,0.0,0.0,0.0,0.0,0.0,0.0,0.0,0.0
0.8479457842759142,0.15205373957138257,1.0896171369362368e-16,1.9288532522415387e-40,3.3994839660995596e-38,6.497513516257905e-20,1.1204636776296672e-32,3.4769592276690754e-107,4.8805252006811073e-101,1.0459003546123772e-31,4.7615270308434717e-7,1.7258061665903774e-105,4.8895809161601244e-155,2.0153039180119166e-159,8.95488958355763e-279,1.8384307217987666e-206,9.201389319113551e-278,1.2138587796132554e-268,1.4966985301690418e-251,7.843428483565252e-207,2.174073508146785e-297,2.0967258504221695e-281,2.054689607733904e-301,4.206411360625842e-206,4.279155735313437e-256,1.1943083771145946e-272,0.0,1.9382163870296598e-55,0.0,0.0,0.0,0.0,0.0,0.0,0.0,0.0,0.0,0.0,0.0,0.0,0.0,0.0,0.0,0.0,0.0,0.0,0.0,0.0,0.0
4.560912773749596e-8,0.9917653486983782,0.008234564906240159,1.8120998735944952e-11,4.139476169564101e-25,1.3868994563726795e-11,4.050940430524495e-8,9.698493740659222e-33,1.3139176494009861e-30,5.166545563506636e-16,2.4485911220592757e-10,1.18504785972742e-51,1.826302175525476e-85,1.0735772510184707e-81,9.81504598351659e-58,1.955267370299724e-102,9.256178855639578e-135,4.148064225935783e-131,4.1435894150350056e-134,4.34160392102808e-112,1.8904965780370424e-52,3.469004660279527e-80,7.241302055934679e-66,1.6810643840014782e-86,1.544693106724389e-127,8.987634237225887e-107,6.222716105165582e-273,2.77928266598133e-72,1.2784324447174787e-212,0.0,4.6761291041084895e-247,0.0,0.0,0.0,0.0,0.0,0.0,6.70597259825e-311,0.0,0.0,0.0,0.0,0.0,0.0,0.0,0.0,0.0,0.0,0.0
1.6325147134521238e-7,0.6663582891117288,2.2723946775878108e-8,3.687411676898153e-22,1.414939254831414e-20,1.2205834190604925e-14,0.2716480319348937,8.929605176605076e-23,3.424683297917796e-30,0.05955107144108795,0.002442421536859353,5.3664992968067025e-20,1.4638063747797617e-69,1.3079809454925503e-42,3.2166334996541758e-50,7.97953210990343e-75,1.0347674291966841e-97,4.423303450741436e-51,4.657185065031744e-118,1.070796015111454e-90,1.3598666396169964e-79,8.477156613180996e-46,5.7467882629783136e-52,7.167981340445005e-98,1.3977607105161382e-91,1.6963014992214552e-81,5.171496039049957e-208,1.0023094538036806e-30,4.241179431259479e-169,1.241146246993509e-255,1.291737442286846e-199,1.9998408384954568e-255,3.5229124039568135e-228,5.217e-321,0.0,2.654315699826945e-286,0.0,1.5529385980808807e-224,0.0,0.0,0.0,0.0,0.0,0.0,0.0,0.0,0.0,0.0,0.0
2.1832145446141488e-16,0.29509685697413346,0.7048639845258643,1.1888466666335548e-6,3.1577339725709945e-11,5.41910223127134e-9,3.796420259838846e-5,9.689173025248308e-18,8.768722485223163e-25,1.6486125212342762e-18,5.7332287295525e-14,6.217093664563253e-64,5.448882781305473e-77,1.1392202514869644e-38,2.04662158963324e-38,8.567419375492514e-182,6.1508510885118025e-136,6.389446690084974e-109,2.9349492371420633e-202,1.0631510479862049e-131,2.429528344626807e-61,1.8737025367922856e-81,2.403906154941823e-40,3.9367618369213896e-63,6.360381140700113e-100,1.7060919584572936e-196,2.0232264427192553e-288,2.370187181466626e-134,1.4217056972609278e-236,0.0,0.0,0.0,0.0,0.0,0.0,0.0,0.0,0.0,0.0,0.0,0.0,0.0,0.0,0.0,0.0,0.0,0.0,0.0,0.0
3.8855018389709263e-66,5.511553797848423e-32,0.04616801312789701,0.33730993298422335,0.3624196475145715,0.05165353396980112,0.057538605244926745,0.039264370607023584,0.04239387445743175,0.012867841751482215,0.013913714784708162,4.960806481399861e-27,0.0038693991528880325,0.008353056077769582,1.5208204236562545e-46,2.7250687699617155e-34,1.2220815332148498e-23,0.002934909353411728,1.0222659700056155e-12,0.0036253989439316713,6.779448676139541e-34,3.694636666210996e-41,0.009624569280061283,0.005549412370731818,3.463102215455405e-20,1.143606207877987e-21,4.4989043465002814e-17,3.1184866846876526e-63,5.115446460742031e-66,4.767270061424174e-47,2.44050911030825e-82,6.418548112723284e-138,1.5354260207962595e-80,3.3943613812328563e-109,2.6743805678344005e-78,4.000841094204828e-141,3.4627414481232145e-161,9.05761815743024e-106,1.219655752261408e-122,0.002513720378117956,4.5805234802274114e-122,0.0,1.4726302959454714e-72,0.0,8.47527048789233e-124,1.3975797942997422e-118,6.846602255547867e-170,0.0,5.402660949823371e-193
0.0005577124177540065,0.996823407222419,0.0026188803366276794,2.7963731608253087e-33,3.577915738287867e-45,8.940625004123431e-30,1.0482875519355595e-36,1.1549987878528061e-18,1.243280839360377e-41,2.3199439419234735e-11,3.5059581739768656e-22,2.548959368495367e-65,1.520463675238045e-69,4.17390154604826e-141,4.548084711358779e-199,4.038939033899721e-214,4.49762351036451e-200,4.050595440582723e-201,7.527873810860241e-241,4.20060142279306e-117,9.291509251221411e-206,1.5858495640298883e-222,2.977734363671677e-175,2.555685628113709e-108,1.876005808843718e-194,3.276688788319323e-202,0.0,7.891598756379953e-147,0.0,0.0,0.0,0.0,0.0,0.0,0.0,0.0,0.0,0.0,0.0,0.0,0.0,0.0,0.0,0.0,0.0,0.0,0.0,0.0,0.0
9.854232173254235e-9,0.9796447262366372,0.020295912953768577,1.6610438783442315e-5,4.509493198582104e-18,4.604898563996931e-17,9.161409740331331e-7,3.2738537598340675e-20,1.0210999317930241e-32,7.204853779762268e-7,4.110389022662511e-5,1.6750850210036513e-63,3.663432028492621e-92,2.0358445608083567e-98,1.897359689541162e-68,5.093258000876558e-137,4.846610602311024e-105,3.32723536035147e-146,1.8374276032660779e-174,9.480135511626932e-126,1.8235039348351402e-82,5.406740851772614e-82,8.238073243755358e-41,1.4178127296601501e-118,1.9994856756231176e-151,1.9172224000990977e-117,1.7612433859523813e-273,1.894580679645059e-89,2.7072018587625288e-298,0.0,3.5401221064576844e-269,0.0,0.0,0.0,0.0,0.0,0.0,1.9106341192776977e-291,0.0,0.0,0.0,0.0,0.0,0.0,0.0,0.0,0.0,0.0,0.0
1.0140483747507597e-5,0.9852140810939788,0.014775778190696223,1.0229730310220275e-24,9.915420207063628e-39,2.182104814490136e-13,9.761010718339382e-14,6.228163555157452e-44,2.7780303571988564e-23,2.3126179411945974e-10,4.045565775509563e-22,2.5041433400359597e-31,7.335245711088893e-106,8.501678285802425e-119,7.621687225104738e-143,2.361375993667633e-145,5.1685788103732836e-154,3.9824589055128226e-147,4.568618236066974e-207,2.397647370660604e-97,2.178488869496668e-127,2.85388367353244e-110,1.6766263484087113e-140,1.1601182136241183e-98,1.782242165479175e-147,3.036010878592594e-157,0.0,7.0800693783459554e-93,6.337973123843453e-306,0.0,5.47821e-318,0.0,0.0,0.0,0.0,0.0,0.0,0.0,0.0,0.0,0.0,0.0,0.0,0.0,0.0,0.0,0.0,0.0,0.0
3.071545095340075e-12,0.6229945166317413,0.37696483651131424,1.6055131257271032e-10,2.1726820579123526e-15,8.818321965141984e-15,4.0226590053286346e-5,2.1604338084073025e-17,3.4405066078487183e-18,4.2010325724454923e-7,2.5567091947718476e-16,3.1373456189039416e-49,3.539670570290166e-85,7.261141624176161e-42,7.518080655751147e-62,7.657985982168785e-186,7.615551548139142e-136,1.2283197272202745e-101,3.1275644713967365e-181,1.2626301946474653e-117,1.1705175553014545e-82,1.088600767691578e-93,3.089655190011541e-55,5.378144488960098e-109,1.26146759455023e-145,1.0835263885564828e-155,7.300310876881811e-232,1.5366815350208834e-137,5.323502941554789e-284,0.0,0.0,0.0,0.0,0.0,0.0,0.0,0.0,0.0,0.0,0.0,0.0,0.0,0.0,0.0,0.0,0.0,0.0,0.0,0.0
4.432587866161195e-8,0.9943226386142022,0.005677316906175146,3.318774684232416e-13,8.40149424617032e-20,3.8324407809211146e-13,1.5214763777093826e-10,1.293888894543908e-31,4.5550035323757055e-33,8.808072160256677e-13,1.6139904107559776e-16,3.8775831631026325e-71,3.9019183375777e-126,4.336095969860197e-121,4.179858789745014e-85,6.8994807854653885e-186,1.971935179588509e-158,3.77061863350829e-192,1.10911424581972e-217,2.630887868747386e-147,3.3014612919735135e-100,1.2604738145833906e-115,3.8304157509700686e-66,5.633950799984558e-136,4.6424741565936995e-185,1.2587503103957114e-187,0.0,8.103923883213197e-101,0.0,0.0,0.0,0.0,0.0,0.0,0.0,0.0,0.0,0.0,0.0,0.0,0.0,0.0,0.0,0.0,0.0,0.0,0.0,0.0,0.0
3.949959977589505e-21,0.1233303695242065,0.858229958712534,2.5017412771908248e-5,2.0802118535041013e-51,0.018414648940007956,2.5395502140911667e-18,2.7192232333701462e-17,3.5865608929282877e-9,1.9553742258587555e-32,1.8237149891494635e-9,2.0386742407760544e-13,1.8333981700236164e-21,2.2218112365104163e-78,2.624465099247557e-113,6.10373363682114e-181,2.8818421478828885e-78,1.2864741204037733e-130,9.830110562410348e-163,8.355561157223714e-61,2.01981206367377e-147,1.0643204856215584e-105,5.51368272497789e-118,2.692277963082538e-34,2.9883882128639955e-121,1.5909617267390723e-97,4.0985368429975864e-204,1.6321095713414137e-157,7.284836614265253e-198,7.273e-321,4.407969098340847e-270,0.0,0.0,0.0,0.0,0.0,0.0,0.0,0.0,0.0,0.0,0.0,0.0,0.0,0.0,0.0,0.0,0.0,0.0
6.499591490480716e-5,0.9905877048924616,0.00934723255831396,3.5799159328571605e-23,3.8241632236622e-33,4.119936453093434e-15,5.474096439830471e-22,1.8759252601147583e-29,1.8723830689374298e-35,6.494540892845531e-8,1.6889066321643247e-9,1.3668362386552251e-31,7.898982749431374e-86,3.4225103633928284e-96,4.1090688942504174e-133,1.2424525581035796e-124,8.104973790579825e-154,5.04536875893822e-104,5.325424037800315e-153,6.012290516484281e-94,7.810261322031196e-131,1.668987773572259e-134,9.004395002850571e-105,2.90297202968613e-96,2.0557200995534314e-125,3.9485391743829145e-125,9.959908748544493e-217,9.96467782587142e-85,2.860374020553014e-189,7.96122974008904e-293,2.085585176869278e-257,4.11726593334715e-310,9.701524490953899e-291,0.0,0.0,1.592967e-317,0.0,1.1291588104440166e-262,0.0,0.0,0.0,0.0,0.0,0.0,0.0,0.0,0.0,0.0,0.0
1.3052696139973469e-12,0.9649871135743953,0.019849963594925316,1.1753360018373002e-9,2.0606364273937052e-16,3.1839223782518545e-16,3.497140852702976e-5,1.0120034619981291e-15,8.487122726870141e-22,0.002540400474070583,0.012587549771439102,5.892624522150113e-56,4.745308842501112e-80,2.5057593418907378e-74,1.7996814213996348e-52,8.747313146739541e-140,8.55892040369356e-119,9.590909068239674e-113,9.667429037060985e-165,1.7106265873936485e-128,2.0983065838366785e-66,2.9108681494152574e-76,1.2470332982483481e-36,3.952403421799132e-93,1.2836862086352955e-139,3.245568902393178e-114,3.165672079543589e-270,1.5459096795585726e-114,4.642558417170337e-248,0.0,4.146243414671473e-269,0.0,0.0,0.0,0.0,0.0,0.0,4.1059402834847113e-287,0.0,0.0,0.0,0.0,0.0,0.0,0.0,0.0,0.0,0.0,0.0
1.8141502066391123e-55,4.400695380119187e-15,2.5505369402605916e-16,1.2533042794337608e-10,1.7099355213761253e-23,0.012472375218319346,3.2372536898654236e-23,5.558321539418202e-14,0.006450593945027529,4.8566051989998795e-17,6.828243388931819e-8,0.03647043252781541,0.001243266358436805,0.05262137623195203,0.014079341765089794,0.1306458377628,0.12362666557769103,0.11354510284605186,0.10364425062459082,0.05665636718784452,0.042968470616404394,0.055645427186361604,0.047095078223065905,0.0423831937301971,0.03384631434016657,0.025846843792212974,0.013907761875073279,0.032789819627403086,0.006428334495424435,0.009912767343608436,7.5079742836544e-52,0.011498218943338315,0.0013708548559950738,0.004154441846984082,1.1476506282423225e-80,0.009198575154662133,0.006898931366002989,3.0527177553320126e-10,1.5564135575740382e-47,2.0695893487685506e-34,0.002299643788667663,0.0,0.002299643788667663,0.0,3.0108226207612736e-48,2.4594058120411328e-185,2.133071794691296e-64,0.0,2.670486856509166e-10
2.949838382613915e-6,0.03333765922984955,0.003500756042386477,0.06725734645071314,0.038417870332883665,0.09795778200431966,0.10550318968903005,0.06598503374351748,0.03290261564819202,0.0016224607905007547,0.0155492575730045,0.018714446739364923,0.03506344453069591,0.05464432874757353,0.062036474675033274,0.021250946365951033,5.254747197460228e-13,0.007556548377777063,8.122344383462359e-11,0.007131529445284908,2.0283373046471725e-13,0.08149306623446083,0.07056271678710296,0.06623267846563814,0.10319553410926259,1.1376097368306223e-23,0.010080876574374512,4.875227308465258e-7,1.8603706486836743e-36,2.5405274955753887e-22,1.595273007699062e-17,6.914442812166061e-23,5.88220362684434e-27,8.050575963135642e-63,2.1990248028868367e-152,1.7860491450438172e-14,3.6549473102738856e-38,4.716007733028542e-118,4.2379409724984935e-246,1.0625675730448643e-141,1.3667530978062046e-267,0.0,1.1223207637067905e-229,0.0,0.0,0.0,0.0,0.0,0.0
0.8926933570431114,0.10730622265367422,4.2030321419565274e-7,4.404193142415483e-46,6.375913373646266e-31,8.531004379921669e-40,1.2423819305559826e-39,1.1706617475898131e-64,1.6990158450352254e-87,6.2608211673601155e-18,5.471294485908513e-32,9.39640391169807e-105,8.45967121961576e-129,8.612390853847535e-127,1.1083488548209452e-196,1.0724663432936346e-188,1.0177810963379096e-260,1.0012612834321748e-175,2.2171590778217792e-241,4.471163433116106e-169,5.2525949586022396e-210,1.6080663669453348e-209,4.735201435297275e-190,9.215376362514378e-171,2.6938474018594704e-184,8.723693422578705e-237,2.042e-320,3.122290069507342e-107,1.6369921416784286e-287,0.0,0.0,0.0,0.0,0.0,0.0,0.0,0.0,0.0,0.0,0.0,0.0,0.0,0.0,0.0,0.0,0.0,0.0,0.0,0.0
2.4211868452737857e-31,0.022073875560969923,0.9778395629111079,7.418423203126804e-5,1.257996808934225e-45,9.224070240649236e-15,3.519494453642077e-9,9.024953994726952e-9,3.3120675166373084e-6,2.6312083312339965e-24,5.455941998887947e-7,5.812394326863204e-10,8.506508477543422e-6,2.1213311304487465e-59,1.8527215269552071e-72,2.378126056399778e-133,1.2795555625453015e-101,9.063186899395391e-79,5.551122124598737e-155,3.3110175653813473e-70,1.413117362652398e-113,1.6298397152501748e-77,1.0384991374067631e-85,6.778763946240917e-52,3.7341849831524803e-93,9.875987905307268e-121,1.1857780844335905e-95,2.5873112362888314e-70,2.844967279514756e-150,1.6822194727816618e-277,2.102499e-316,0.0,0.0,0.0,0.0,4.208e-320,0.0,0.0,0.0,0.0,0.0,0.0,0.0,0.0,0.0,0.0,0.0,0.0,0.0
2.131738018708614e-6,0.9932251259207772,0.006772420719675561,1.7036747035362245e-23,5.268426044235647e-38,6.018898347065573e-19,3.022054355347863e-12,6.583169034777718e-36,9.034740647371968e-22,3.2161840816568953e-7,9.842598713580137e-14,3.465904653716832e-32,3.613750039367392e-81,2.8813591139406653e-95,2.1630537354087284e-110,4.88734849896367e-98,2.8755209277145114e-127,6.470483544689512e-124,3.2584055406159263e-146,5.1094970518182885e-86,8.950614352759715e-100,6.397769945832653e-111,2.342087778710335e-110,1.2375060308986275e-80,1.400086235756654e-89,9.229933437104442e-88,1.2822487093789343e-271,4.02726030226363e-64,7.63855273231751e-238,5.847053559882218e-284,1.3702932918299426e-223,0.0,4.139517552274811e-294,0.0,0.0,0.0,5.145203516249e-311,6.251541548347221e-258,0.0,0.0,0.0,0.0,0.0,0.0,0.0,0.0,0.0,0.0,0.0
4.251129507275879e-7,0.867288156675993,0.1326465192685792,2.575111915053838e-23,6.093767066172438e-42,2.6166912710423327e-20,5.47224604314665e-18,1.5607122347109974e-44,4.43240917607272e-21,6.489894247706993e-5,2.747541822526377e-18,6.2156482772940345e-34,3.0228295586848755e-81,6.340158826444932e-108,1.993397747347821e-109,1.2779488864134107e-125,1.8687224275701504e-153,8.307794643577284e-147,8.086641433428218e-181,1.6024774041277574e-98,3.0899037765994746e-100,9.599264573003027e-113,1.3586598693180896e-107,1.7601786899988812e-98,2.1038485827094612e-146,5.83622557918138e-114,2.991828942913361e-292,3.842068381184739e-95,1.8222193940749218e-288,0.0,6.310373793839859e-271,0.0,0.0,0.0,0.0,0.0,0.0,0.0,0.0,0.0,0.0,0.0,0.0,0.0,0.0,0.0,0.0,0.0,0.0
0.14453098204567214,0.8554689763535384,4.1116689520844e-8,1.8474575919178826e-29,1.94329761120717e-43,4.83199667089248e-10,3.9599702300415567e-22,3.3279307751086864e-102,6.541477815672429e-74,2.621865127157343e-13,6.382509055711243e-13,1.2441950308255392e-67,2.135937538706307e-130,8.057629376156998e-220,7.645886468226909e-245,5.5711207632377285e-185,8.353214578263878e-279,2.357768849075137e-253,0.0,1.2183644037804828e-170,3.533976315385391e-230,2.4076573570542334e-259,1.9965197558297644e-269,2.2989092614119093e-218,2.4348088989234305e-252,1.2615849961137995e-279,0.0,4.825535686438723e-38,0.0,0.0,0.0,0.0,0.0,0.0,0.0,0.0,0.0,0.0,0.0,0.0,0.0,0.0,0.0,0.0,0.0,0.0,0.0,0.0,0.0
7.974048410894341e-10,0.8123493216931981,0.17423001149777664,0.013416428675978087,4.328908151444054e-21,1.6924170191341707e-17,6.276733448399328e-7,1.1834769137540364e-21,1.1841854538596477e-35,3.3947013809916743e-11,3.6096283502599026e-6,3.089336310678712e-69,9.337551539224858e-94,1.6566317014033307e-93,1.0416545361941523e-64,1.0244576609365327e-157,2.5458246400218148e-120,9.681691197244644e-157,4.951966754473752e-196,5.307806339995206e-126,4.588618127024241e-85,5.380846452976802e-90,3.4153657979210247e-43,1.3939004414149795e-129,1.1144255918710523e-168,1.3465800459320496e-127,0.0,1.153652151402781e-95,1.5292083437e-312,0.0,1.2217357856985926e-298,0.0,0.0,0.0,0.0,0.0,0.0,0.0,0.0,0.0,0.0,0.0,0.0,0.0,0.0,0.0,0.0,0.0,0.0
7.29201637432996e-14,0.8471465598879038,0.058622221934375315,0.0014036701663153652,0.002376873063290925,0.00044522906133064234,2.6637495296878954e-6,0.08997033993982395,2.276811419861035e-5,1.3630083658324047e-12,4.2150328598453016e-16,6.123945979584618e-17,9.415362634856955e-16,9.674081720406013e-6,3.5661488638026005e-27,3.4876586243502535e-42,1.9171335794854973e-60,1.7333106914750563e-78,1.6582224746119276e-75,7.394145934717932e-14,1.735822001524294e-26,2.8324205830121937e-38,4.9947397312050655e-40,1.1153820792999773e-42,6.78255194470083e-22,3.90932723709874e-103,1.1574194951890816e-164,1.0283457043242395e-105,1.1153292885333054e-178,1.8215767248802453e-189,2.8342353955595766e-176,1.007163127203036e-177,1.073010693275263e-133,3.120078864543756e-236,0.0,4.547566780624063e-187,2.196464966011047e-219,3.548534740556581e-195,0.0,0.0,0.0,0.0,0.0,0.0,0.0,0.0,0.0,0.0,0.0
1.5166570396509723e-12,0.7965568897922682,0.2034246071715186,2.8439176143640335e-25,9.448249005330667e-46,1.5665568302350244e-8,2.9002236563858063e-15,9.604011412350274e-36,1.8429226845752665e-5,5.814227962492371e-8,8.238437767787859e-29,9.184473669534686e-36,7.340352372622033e-35,5.29500605475632e-95,3.885751186252094e-114,1.0878845341633602e-180,1.20839287113697e-149,1.3323602504843484e-129,7.429353455030858e-180,5.961145785691268e-89,9.355450250998926e-135,1.362088541272682e-122,2.238547909437887e-115,6.966212238966912e-77,7.247628394941705e-137,9.138104164085077e-115,2.7966085364970823e-173,2.3160538891499527e-143,2.49431898999501e-227,0.0,0.0,0.0,0.0,0.0,0.0,0.0,0.0,0.0,0.0,0.0,0.0,0.0,0.0,0.0,0.0,0.0,0.0,0.0,0.0
2.985243359607598e-8,0.9920764866267108,0.007923464468466672,1.75156395157807e-21,6.653262668105429e-50,1.966943436977312e-22,1.7640434669879047e-21,1.601109463013487e-23,7.723425187880937e-23,2.7748881092350723e-12,1.904961416115452e-8,5.531049300310241e-41,1.2232777875867919e-67,5.69671353180634e-104,1.050718254060683e-142,4.1919027524657265e-151,4.162986724313976e-141,2.6211016659617173e-161,2.0447291171979593e-206,2.003028789977719e-80,2.1895626692394053e-129,1.9471161385292297e-151,1.8643481453956256e-154,8.214414814161148e-74,3.518337080749323e-141,4.069677379389058e-171,1.4633695888510122e-302,1.3211903425851517e-91,1.3199559107334771e-276,0.0,1.6735715426096008e-302,0.0,0.0,0.0,0.0,0.0,0.0,0.0,0.0,0.0,0.0,0.0,0.0,0.0,0.0,0.0,0.0,0.0,0.0
0.11631345915716512,0.8831518697237165,0.0004892501633460552,1.539868408191272e-17,5.6478611465728164e-46,4.532853103623605e-5,9.231995781896957e-8,3.017915117741645e-63,2.654541105694704e-62,1.7445416701804986e-24,1.0477807365909739e-10,2.122522486623947e-97,9.982841655188743e-160,3.8180470961181956e-118,4.550565546482545e-120,1.1232917757051245e-192,9.103411919408355e-222,4.6224924628083226e-176,5.574289815673032e-225,8.854685425985951e-179,1.9369196381228047e-129,1.4879612974771162e-116,1.2353689419991117e-112,1.3237937804038314e-197,3.012879266831587e-227,2.18574745957005e-173,0.0,3.085369605367282e-50,0.0,0.0,0.0,0.0,0.0,0.0,0.0,0.0,0.0,0.0,0.0,0.0,0.0,0.0,0.0,0.0,0.0,0.0,0.0,0.0,0.0
2.8210761345301096e-25,0.005597647616261582,0.9348095452486851,0.04648276011698568,0.0009560504556031334,0.0015568812454913004,0.002488581460551337,0.0009728844505334397,0.004961671326402428,5.084998468956141e-14,0.001962532091683598,3.414197121726802e-21,2.5872081284281576e-22,0.00021144598775145994,5.80136407177927e-19,1.6330638083080336e-56,3.5228812151237627e-57,2.141470127491323e-22,4.9584672659007605e-64,4.207172731436222e-53,7.08892145961313e-21,5.40109806305962e-22,1.1122182545479802e-18,3.6918810103151263e-22,1.5928751677408855e-29,3.46607543531598e-82,6.37461981945124e-106,4.2703226306825894e-89,4.828379113266508e-97,5.850135940807794e-156,2.3639615598233e-120,1.960394241064935e-146,4.487711711242597e-180,3.3726242572722157e-178,2.0439250901273188e-228,7.30729846545384e-168,1.04461537637882e-229,9.12073389567195e-115,0.0,1.7439132241849958e-187,0.0,0.0,7.679356534917967e-266,0.0,0.0,0.0,0.0,0.0,0.0
0.990182900335154,0.009817079315159022,3.2061597335924856e-24,3.0311322699079402e-56,6.851775635550664e-83,2.6820769546001457e-30,6.073075618658084e-17,6.552857462487592e-102,4.574667457714917e-124,1.5383827338768309e-21,2.034447965612434e-8,6.468748803201372e-127,3.276592714193046e-196,1.5843633150031124e-159,2.2210557119301758e-138,8.599085293173987e-225,6.25117484709605e-200,3.738213407254606e-209,1.0048059041810121e-249,5.324433127100128e-190,3.4655843330843413e-161,5.457092995707075e-196,6.329704172715412e-146,3.173392828481158e-253,1.3266150969598017e-165,8.110245864589453e-215,0.0,5.207313647577377e-12,1.2032435880742186e-288,0.0,0.0,0.0,0.0,0.0,0.0,0.0,0.0,0.0,0.0,0.0,0.0,0.0,0.0,0.0,0.0,0.0,0.0,0.0,0.0
4.3321926881906966e-32,0.008679600799245735,4.612901424987394e-6,0.13834799217690508,0.0690389422755459,0.05826374424238818,0.18768324518417107,0.10463383384769134,0.10101799124929922,0.15841764932464328,8.722196490689281e-5,0.025665639616922312,0.06815260432336287,0.0022863929007009383,0.0031784916167058555,0.004569340463495942,0.018809280443703526,0.0010481997057118781,0.00042626029223030465,0.04311452420245374,0.0035726173919147118,1.7924452527003284e-8,0.0030017960011807306,2.457203744674387e-15,1.1327579223923885e-9,1.818170711037459e-11,1.3932803600258985e-19,8.135040312315365e-55,7.223804959315729e-16,2.045062527814149e-80,4.93155063285118e-140,5.8143289276966365e-83,3.87456156265199e-52,2.6116612950473946e-69,5.692680482827553e-185,5.008448525752903e-124,2.004232590279134e-97,1.1265484580062051e-226,9.521987585083994e-239,4.4427716210148784e-43,3.247860387642008e-188,0.0,2.5275326379621074e-187,0.0,0.0,0.0,0.0,0.0,0.0
8.52159479809261e-5,0.9963425256533857,0.0035718464584799797,5.3536553473809475e-28,3.0835405928143296e-46,9.787778643576297e-20,2.5091446908623587e-17,2.7476896327643105e-47,1.9918753934222364e-23,4.1194015334323066e-7,1.0518607552930205e-19,1.685604188646133e-39,4.467834220616877e-90,7.932349961402054e-132,1.8986830540865058e-146,2.652727181165175e-169,1.56065472074586e-206,3.3737216306063085e-166,5.648894302715954e-242,2.917975569218535e-94,4.5398692535237494e-128,7.37233746961736e-147,1.1424186705958038e-152,8.963517468543746e-104,2.2544331428522208e-180,7.28779638285272e-200,0.0,4.8224127555309694e-92,8.0159e-319,0.0,0.0,0.0,0.0,0.0,0.0,0.0,0.0,0.0,0.0,0.0,0.0,0.0,0.0,0.0,0.0,0.0,0.0,0.0,0.0
3.6995970959522565e-41,0.000872482193542161,0.9541010758867141,0.02768174754333226,1.199237927044176e-6,1.2494919730572855e-10,0.005908426967793377,0.0012896546814998777,5.3720102829304835e-11,2.606503195868289e-12,0.008582698815611477,1.098025715107337e-40,4.4722259148595357e-38,8.806774554770075e-34,1.1002054482966879e-60,6.665318814302002e-75,0.0015627144923039166,2.6235958244260847e-73,5.195473132981578e-77,5.782769056916434e-27,1.9334583667007917e-68,2.4791720601765432e-71,3.021214041304467e-77,5.181235837708763e-48,5.723114724560006e-55,6.925557194630553e-50,6.427974561697723e-88,2.70010806873047e-100,3.3784769677151424e-114,2.0523012922904585e-74,7.510403240443928e-170,1.806181400138163e-188,8.436740406716542e-251,5.630735527553249e-180,4.431284328601251e-288,2.4023098293969307e-230,0.0,2.817096429085819e-201,0.0,0.0,0.0,0.0,0.0,0.0,0.0,0.0,0.0,0.0,0.0
2.398279650229592e-7,0.9984891648085481,0.0015105650687748968,5.019999482307082e-25,2.935146297322166e-48,9.059207161326932e-23,4.256705027334418e-22,2.0740354955372445e-31,6.630677248549461e-24,3.029447398639158e-8,2.3785419790892906e-13,5.438513698539702e-42,7.506500149690563e-67,3.776876043821318e-133,5.020577509826015e-161,2.2265607882104193e-184,2.3693385180314507e-180,1.8495627489710366e-207,7.138270147703073e-255,4.7780855982654155e-94,2.5565456007550827e-152,4.914240269146421e-164,3.968894497326578e-167,3.605381245342037e-88,1.514416994811956e-179,1.9718243986237416e-215,0.0,8.481396789292835e-115,0.0,0.0,0.0,0.0,0.0,0.0,0.0,0.0,0.0,0.0,0.0,0.0,0.0,0.0,0.0,0.0,0.0,0.0,0.0,0.0,0.0
0.8576338840014477,0.14236594529831498,1.6780556552056162e-13,4.4789127488894363e-48,2.288967900300865e-68,2.161721952023569e-8,5.979854179331642e-14,2.0404333819006832e-112,4.6652222545757237e-88,1.590297367383056e-10,1.4892376058085342e-7,2.0651147858970096e-83,5.119215231536325e-204,2.0908806985886795e-226,7.542282072078724e-253,2.0648364792737454e-214,2.240628276357232e-293,6.457231742075586e-230,0.0,1.8580440660457132e-206,3.261850565801371e-223,2.1339635939849694e-235,2.2293155592237876e-258,7.858070395908874e-286,7.235545469052873e-269,0.0,0.0,8.216242555591427e-18,0.0,0.0,0.0,0.0,0.0,0.0,0.0,0.0,0.0,0.0,0.0,0.0,0.0,0.0,0.0,0.0,0.0,0.0,0.0,0.0,0.0
0.9019506195595931,0.09636995618431742,2.248133044324693e-21,8.668185341267722e-58,8.762927343078054e-77,2.4685870707301133e-23,2.519244788805765e-13,3.0523181869516787e-122,1.2307109821905048e-114,6.367041024779149e-11,0.0004189959819561821,3.997991712036878e-108,3.937642253364494e-190,3.315480077346242e-181,9.265240514751724e-179,2.235273070111526e-229,1.5783207345810684e-209,8.426864895571364e-237,2.0326168889588214e-251,1.1450714897279193e-220,3.0093125387121532e-198,5.5629435919276245e-173,2.060133829712362e-181,3.3574982086152532e-261,1.7144603935376354e-192,4.277121145323767e-231,0.0,0.001260428210210922,8.199e-320,0.0,0.0,0.0,0.0,0.0,0.0,0.0,0.0,0.0,0.0,0.0,0.0,0.0,0.0,0.0,0.0,0.0,0.0,0.0,0.0
1.0,0.0,0.0,0.0,0.0,0.0,0.0,0.0,0.0,0.0,0.0,0.0,0.0,0.0,0.0,0.0,0.0,0.0,0.0,0.0,0.0,0.0,0.0,0.0,0.0,0.0,0.0,0.0,0.0,0.0,0.0,0.0,0.0,0.0,0.0,0.0,0.0,0.0,0.0,0.0,0.0,0.0,0.0,0.0,0.0,0.0,0.0,0.0,0.0,0.0,0.0,0.0,0.0,0.0,0.0,0.0,0.0,0.0,0.0,0.0,0.0,0.0,0.0,0.0,0.0,0.0,0.0,0.0,0.0,0.0,0.0,0.0,0.0,0.0,0.0,0.0,0.0,0.0,0.0,0.0
0.76618886,0.38930577,0.3095695,0.8901677,0.18953644,0.67033225,0.4895527,0.64904076,0.60905695,0.5289507,0.33030728,0.015213492,0.12982394,0.20910482,0.74872035,0.9963066,0.03021707,0.71005106,0.5906944,0.22969669,0.14965683,0.04763099,0.9639995,0.85385394,0.41021016,0.8316853,0.91277254,0.806558,0.06680533,0.470458,0.6933277,0.450186,0.62725246,0.1700091,0.089064896,0.54870445,0.109733514,0.86351234,0.73167086,0.4301063,0.36925754,0.2503046,0.29009742,0.9475873,0.7857528,0.56978923,0.349369,0.507892,0.27007392
0.56978923:29,0.109733514:6,0.71005106:36,0.470458:24,0.60905695:31,0.85385394:43,0.8316853:42,0.349369:18,0.450186:23,0.54870445:28,0.089064896:5,0.29009742:15,0.64904076:33,0.36925754:19,0.27007392:14,0.3095695:16,0.18953644:10,0.33030728:17,0.06680533:4,0.5906944:30,0.38930577:20,0.9963066:49,0.67033225:34,0.507892:26,0.86351234:44,0.806558:41,0.1700091:9,0.6933277:35,0.03021707:2,0.73167086:37,0.2503046:13,0.04763099:3,0.41021016:21,0.91277254:46,0.9475873:47,0.4895527:25,0.9639995:48,0.7857528:40,0.22969669:12,0.5289507:27,0.74872035:38,0.12982394:7,0.4301063:22,0.14965683:8,0.8901677:45,0.62725246:32,0.015213492:1,0.76618886:39,0.20910482:11
