45
0.18665849328596607,6.455075892274954e-8,2.4907163745211515e-6,0.0004346702762278337,1.52715925843004e-7,0.0015495306102786613,2.6720475943264138e-5,0.002555398767923257,6.346991515975831e-19,3.3439793758917945e-7,3.0356073269955446e-8,2.423036484451921e-5,0.001534850512491838,0.002812489671903198,5.361928639357326e-6,4.703825249708737e-13,9.397545002524527e-7,0.00025106787122994447,0.003536540511347558,6.337554689729374e-19,1.097971134205507e-9,0.0026048243197177236,0.686194793402031,1.0905877029322921e-9,9.7677630336958e-16,1.5128981528725552e-7,4.887736679040759e-14,4.3311398797151667e-7,0.002937293997493074,0.09234097250854026,2.610355449911641e-9,1.4593542092580489e-15,6.838691661533414e-7,2.1875106372527109e-13,7.744019614941385e-15,7.186472041508511e-13,1.9941193940554393e-11,6.850226550845166e-23,0.011211133693369232,6.826899989310356e-16,1.873371568643322e-9,1.0874539128659792e-18,6.88498936378574e-14,0.005316340326447926,1.7302116518006366e-11
5.900884730889493e-5,0.060066271481456705,2.748950364690765e-9,0.0560926717898624,4.632747618651339e-8,0.00022141590928252846,0.00010269716803836103,0.017586397523438917,1.0161251665024285e-14,1.9842542756935763e-18,0.029808229668615367,5.645401356844227e-15,1.2699418612277408e-13,0.8175683334874837,4.880142415867679e-15,0.0011932718353544864,7.918527744049668e-9,1.9611907850351365e-6,0.009180468643694838,2.928716111882354e-5,1.9726663165467863e-12,2.7431157578868956e-8,1.6219179848906118e-6,0.005841449788363345,1.559627427440075e-14,1.4469805410390547e-8,1.260482692269342e-10,1.1205005622494694e-10,7.576641985609334e-11,2.083439686549318e-27,6.792905049190914e-7,0.000845865650985535,9.742718746430151e-6,3.1093722459726504e-15,2.2263400973674466e-17,1.7039019559951944e-7,1.6100817572588943e-7,3.1722684024224687e-21,1.8329292463263382e-5,1.856188648531992e-10,3.34815262992228e-11,3.609113014645256e-24,0.0013717520759023967,1.1372921611340525e-7,2.216547988143777e-16
1.0664765032894655e-8,4.377516585104407e-9,0.01897669558239697,0.0029258326200182583,0.0004240846786159643,0.17364443337296118,1.3726780376182013e-6,4.829555338990617e-10,1.7478888738364165e-9,3.888749587236427e-6,1.8226228173505969e-16,0.0003832177282531971,0.06405976084212078,4.683331882520668e-6,1.381281418249847e-9,2.7353507536691858e-11,7.046757673581706e-6,0.02010820815109036,1.4988307764898847e-7,3.593836681163581e-7,0.13697386879035833,0.06414060509300348,0.0008614390753530575,0.002707339355689451,1.5807670929894395e-5,0.008802375518307603,3.4369776455713445e-11,0.4828511151117491,0.004430964578035469,1.0347376927602795e-18,0.015108541154070178,4.774219961737489e-8,3.4036372768788304e-12,1.73811001773628e-7,8.354743578819465e-8,5.6625716313127437e-8,5.4602867242688264e-8,2.9749519062905048e-8,7.908860185610357e-5,0.0034190953462422823,2.341464853376681e-10,6.955920724751345e-5,4.745744897679196e-11,1.6057365739687287e-9,5.215932563142196e-11
3.1874121419603444e-6,4.294749129159357e-8,0.01779554887831372,0.22942306371533233,5.898817493077706e-7,0.00028443358789833804,0.0017853542270329763,4.057620583250676e-9,4.5182263259944726e-11,9.248577963439728e-8,0.020869469992215624,0.0005966097586138442,4.583417087436951e-6,1.2537853609558684e-5,9.07053970823411e-7,3.079649279706943e-10,0.011705969725903423,0.3462180419168865,7.869016685332084e-5,2.4566082491811106e-5,1.7870270152300487e-5,0.005642362359970291,0.083866942433225,0.01324153451962031,2.927369630297155e-10,4.098359992326999e-6,0.03066198028232162,0.001788456945668488,1.434698422734945e-6,6.18526978312941e-12,6.044675839756811e-5,4.830137883208519e-8,2.2007568102518334e-10,9.35931709151536e-9,1.0774229472637841e-8,4.58801427764848e-5,0.019887621268953368,6.384193826481111e-20,0.2151355450997028,1.1216050717941835e-7,1.0104283321687417e-7,1.2300682335395477e-12,0.0008255347668763431,1.6309111548868293e-5,7.309737857212813e-9
0.003668915783614278,3.90945968668236e-5,0.0038176411770258494,0.14159413504198876,0.039730081368673266,9.502302154126705e-8,9.448500523877493e-12,1.2482791275803401e-6,2.1068129656252868e-7,1.3300481538695226e-8,7.48472960472793e-11,2.7354912163975273e-11,0.0002620922549327232,0.0009158322056983033,0.12485454189037563,4.329684138513547e-15,2.9481616751348154e-7,0.00021801330885885082,0.019913451254904877,0.006049578611014153,0.0025180655666402767,0.19946139641441166,1.0005948045152927e-11,9.310101376831952e-7,1.0529812775228644e-10,8.183473961777305e-8,2.5868712631292445e-9,0.00030123119012395873,9.511237729128198e-5,1.9270689276999383e-9,3.340473554669735e-6,1.8890259644095695e-16,0.22818754929654755,2.9729588527919703e-5,4.87102700573212e-10,4.1814603280667466e-7,0.04117718431726879,1.2951927460945343e-21,6.053352114475439e-5,0.051112344149131406,0.06120027262772993,6.907520016556056e-6,0.0463011146775052,0.0284652804575907,1.326200955492169e-5
3.061551317924114e-18,1.808925698368527e-19,0.0002766980115355346,1.7343059431456175e-12,1.925390586277513e-7,8.373227523881929e-5,1.5213977827218367e-8,2.3786691792757356e-15,5.013867001691526e-5,4.1110062537461446e-8,7.292641135675054e-13,3.874720291400679e-6,7.863013480448923e-13,1.6032825694139312e-10,4.963606109964316e-8,1.017694361090409e-12,4.718768456619887e-5,2.8693958964424066e-8,3.025155525441681e-16,0.0013613671722469227,3.1799681156217553e-6,3.15644164454358e-5,1.0339398644014294e-8,0.7274233630252547,1.3041467987514075e-5,8.505555679406756e-11,0.1068213149057685,0.0005088267583331695,1.1394452846922732e-5,1.1959667891036037e-15,1.7418621858682916e-12,1.2590105086379584e-9,1.2471745619109445e-18,9.677487415130422e-13,0.15960766935892207,0.002648221639642819,0.0011050247267973407,1.2316464340997872e-13,3.0100168357425406e-6,4.404986833962293e-9,1.4610509250489136e-12,4.7150147262072516e-8,1.1386081181538328e-10,1.4462343112010294e-11,2.198707861760038e-13
3.7282055146365496e-15,7.586614946307627e-18,0.01549949932130933,8.36159949069001e-15,4.007085726329161e-12,0.04315640208537848,0.2594475894540632,5.871521108554544e-11,9.938376330460267e-8,0.0019135855293762685,4.7149217607568246e-17,0.00011374292765036547,1.3215631465158453e-16,5.7470023157645456e-5,2.5231200988317744e-24,8.942309923376075e-5,1.6659475802972712e-8,1.8329840915564162e-5,6.6076625839763876e-21,0.01168790455208833,1.1009769843376006e-9,0.020705795697365498,1.057080400633071e-7,0.001549540299147348,5.2282126021734315e-8,1.905875776282091e-14,0.015193931472634797,0.00787006808050717,1.0439272182788564e-8,1.7935698950683567e-17,8.712230944741116e-22,0.5728550297269334,9.367721039791215e-16,6.859405254087368e-17,0.017258121123352545,0.01822416299008217,0.003732522303508465,0.004771389811618052,0.0029761707075377127,0.002879035317325929,3.609394024653284e-21,1.2488349017010173e-19,1.3056346620148654e-26,4.051112117516178e-13,3.017476976820261e-22
8.465362465180515e-23,1.4421704933712436e-12,1.9540587975552363e-8,4.3051150409122026e-17,1.0290032463496696e-7,1.3117388293981906e-18,1.657528649822896e-8,0.3082541102729046,9.751655859082217e-6,2.1774811363718957e-10,9.369009645047893e-6,4.0792159793777954e-15,4.6988682627015945e-11,3.5378376626592006e-13,4.098631335850705e-13,7.934729469301032e-5,3.417396504934381e-7,6.69644137156891e-9,8.071381754408732e-23,9.145777790158658e-6,0.00015800506938511982,3.7221460932210393e-14,2.617404854831152e-24,1.647415118660124e-14,1.7155845886414862e-8,1.349798986901316e-8,2.0300300226627567e-12,0.004013928235465067,8.882333475814671e-11,2.487895634136965e-19,1.781421502288818e-15,6.2552816065255895e-6,1.579202260509796e-20,1.8213652018132058e-12,8.2089247948807055e-16,3.426232712990612e-7,0.00023822654377762017,1.3969348856629643e-16,1.069677875030343e-18,1.0869288057584453e-11,1.2379378799847522e-5,8.97263918301182e-15,0.6826420881388653,9.117862991846406e-13,0.004566532240342588
5.237302244065235e-18,6.467614753916667e-8,1.745575884297271e-9,7.889220344849049e-11,7.705877079785e-5,7.140451434196496e-21,1.3532587125211424e-32,1.7717448117547782e-12,0.13399195182749296,7.670422172127952e-8,1.408436680981258e-48,1.308397590960662e-29,4.847546813212088e-7,1.3481602648342056e-14,0.06941330588462216,8.618796023652147e-10,7.2397888882594926e-9,1.6368275387262066e-20,1.1968485246036343e-16,0.004718960915904051,1.6315575936727112e-9,1.2258222430413126e-17,5.790194010409743e-29,7.220333268433664e-9,4.7907443451383254e-11,4.306439475631163e-11,2.391986509522265e-14,4.318474585448257e-12,3.375035262438738e-8,6.107857795283972e-29,3.8842607157562615e-7,7.741782739295707e-21,1.0550120711201074e-9,0.5143888482593431,1.0282357183977522e-8,6.141769791725646e-6,0.009167392903172407,2.7305262183343897e-7,3.1561472174489193e-24,0.0158329074303712,0.04235660918257262,0.20963969450580222,5.0496707240774737e-11,1.6190904144488197e-9,0.0004057753039498228
1.2470143791656817e-13,2.320729461773487e-14,2.1376473639838683e-9,3.3511081259310854e-6,0.00019906688841520644,3.6700038535921345e-10,1.2076581192822562e-18,9.975095037210437e-10,0.013138075153794351,0.06199502664472614,7.231768155831898e-22,9.533980743832915e-12,0.018085435028601576,1.1657938872219213e-8,0.056062281768456776,5.465620369371023e-14,0.00187913348077807,1.2572531471787773e-10,0.0041923045638821875,7.397220439912313e-16,7.189375920499527e-11,0.020543923623826447,1.1107895753750134e-12,2.3422428773872112e-11,0.0003828937072416148,1.170751443661043e-10,0.00011593508583725962,0.005495443924889433,1.4073091193885288e-12,4.2499606528361247e-17,3.451427840918567e-10,1.9433015876902715e-13,0.000977801376265526,0.0007384581050233273,0.03663584348514093,0.06266965494626942,1.3232164409072166e-6,0.0041419776113974256,6.2090726312764686e-12,0.00010225551917250706,0.08953796485955891,0.0003550656997095325,0.0011513647505093235,0.0212770784700074,0.6003183251199155
2.0782097888027448e-6,3.6969384916319873e-16,0.0018788722027350015,6.708645360193147e-9,1.81938524934934e-13,1.180782144372986e-5,0.5157051836084677,7.96897616184284e-14,6.255683444792786e-29,1.1574133151691429e-14,0.4524041610015883,0.0005910418884501382,2.507350538526223e-5,2.620316431597119e-9,1.8774326309400415e-26,3.60297696996313e-10,1.2026661189064835e-6,0.0011137283043289846,4.6481838726834144e-5,1.19541152392941e-7,2.8875421256538653e-23,0.005369559097840859,0.0035239444812891116,0.00010086036706025007,1.0697341159891706e-19,5.216742634263768e-10,3.988601180402469e-11,4.0050051706206206e-15,1.1570967519601948e-10,2.298693937110489e-6,7.536891648240024e-12,0.011798558326796677,6.52969672341951e-11,1.5671674526773752e-16,6.988307266397057e-17,4.5521493202139446e-10,0.002591086314752938,0.00480567529494707,2.7372537918079744e-5,1.4379197745032564e-23,3.3012258943980963e-18,2.673250253140619e-34,2.6913688792101766e-17,8.834024157293274e-7,3.163527599654639e-24
1.3744397914991342e-18,1.9338799245293645e-17,0.00303343871638762,5.534456615041533e-12,1.6513733342786957e-11,8.068591924581635e-5,2.001674604046608e-11,8.555380422067091e-22,0.0010145762310376965,0.021570581668455997,2.7712425491257063e-28,0.005994706029403361,6.121302881902552e-14,1.54853536062168e-15,6.685437248015392e-10,1.962112616161502e-20,0.015875140117665314,4.5014028012757535e-9,5.678959003129496e-25,1.8413722357602572e-14,2.0759107999164834e-8,0.0009266351560169672,7.652259147531034e-8,0.03179073311725578,0.0004119788605701676,8.830122815033497e-12,0.3812913567992362,0.004907939256501754,9.051115160468772e-11,5.421295061736821e-18,4.468301636089054e-15,2.881255491273471e-10,4.52692464378654e-21,4.503966877117385e-10,0.4656565757906071,0.04179517091574768,0.012008795510267274,0.012019296219502007,2.1531217032581116e-9,0.0016222496488548944,3.1415233565027464e-19,8.17246398465486e-9,9.480835675088968e-26,2.8000694182080523e-13,2.6385718527650193e-8
0.024632801586602478,2.159914445760966e-6,0.11096394849009528,0.5313212408146664,1.3823623604691027e-6,8.098502920759291e-9,6.648628441462674e-17,3.988698865439301e-5,2.1365180156762533e-10,9.415179285769036e-7,3.499540652047301e-21,1.0500014510350467e-12,0.03511801214844876,0.0027032090552829647,9.163637523651394e-7,3.7950058653923127e-7,3.2497697458855715e-5,9.842637522781034e-7,2.453731675421303e-10,9.370668371312973e-7,0.008832331151103429,2.980880547994163e-7,0.012837950792358185,1.476958532741943e-8,0.00016188305983909313,1.2175971722873635e-5,1.075396639213112e-10,1.5231684909839943e-7,2.2832396202180113e-8,2.958760014784524e-11,1.7677068427689988e-5,1.0732972785994728e-14,0.003802326763003259,1.2637820948545866e-7,2.102236769780363e-8,3.207236756397097e-9,0.17810390545320884,1.008469121590185e-8,0.026612706889464544,1.4279588602237569e-7,0.0003903875383714855,3.4420108492758493e-13,0.06440514394471297,3.2699800741132982e-6,1.4342550453935093e-7
2.5582441512209416e-10,9.200081066865688e-7,0.07178105187909928,0.00019181593940303235,5.347234570883466e-9,0.08177206887989402,0.03687610369665059,6.856028481871337e-11,1.8201734130311004e-9,1.396540810385838e-16,4.687540549835178e-12,2.1390001445262445e-6,0.09388893367525165,0.0009607044823949547,1.3838166271068275e-17,0.0018439946911730741,0.02116019793718126,1.9741689640595772e-5,4.883457533921314e-12,0.22910972490877618,1.1844108424730495e-5,8.673757864680574e-5,2.5308466430864807e-5,3.572438866833452e-7,2.886195905544367e-7,0.0019011237763306506,1.4395365756185017e-10,0.22034494081117253,0.00012698499570046936,5.653227902809859e-19,2.2760183833770308e-5,3.2226979502858584e-8,3.366699706725733e-14,4.492737430489218e-16,1.177226352780487e-8,9.919312508999448e-7,0.03699970771046788,2.2286727970922527e-22,0.0033459611159032117,6.553654449269467e-8,7.323953453512802e-16,2.6004945529936767e-12,0.0006238515809500582,0.19890162790595423,4.566775487907967e-16
0.011121256366698192,0.025559063454967768,6.041955668471875e-6,0.0038661623926215284,2.5335908124580272e-5,2.342316277267384e-11,3.6071627559336175e-10,1.8367345503996613e-8,3.71228526030735e-12,1.2865364601649244e-10,1.2137515899800103e-12,5.3731815793566527e-14,0.061656371282848,9.313816099401057e-6,0.09234530172309166,7.852397307550808e-12,9.291366020048985e-11,0.03267097290733135,0.00010084768328715726,0.0001613952579931916,9.683750321549744e-7,6.836935427251868e-7,8.991751077781346e-11,2.0139852677884073e-12,3.3439745827246655e-18,9.07830742290751e-6,3.0529893702591803e-12,1.0177806456701646e-9,0.0005370671105205968,3.3969160276976346e-7,0.0289393342567008,5.811349886234564e-12,0.7286346513238426,1.8501075344450916e-8,1.0468354190867389e-14,5.377652874917263e-11,1.1697996568576481e-8,1.3909829257880657e-35,6.700904744585294e-8,0.002150438618495246,0.00010561922742639272,2.105044118919919e-18,0.005336612843162834,0.006763015112132558,1.1325019949840342e-8
1.2968787638414516e-19,2.996587120746661e-16,6.905715851276505e-8,4.468778373466603e-16,1.3468430789669701e-12,1.665839705316489e-11,0.0035073896125677917,0.7074087320723471,3.5557024727542956e-5,0.00038057686383550983,5.5825334171434e-10,1.5980552543581886e-11,1.3768875374397942e-14,2.807310880160002e-10,3.8952623648692114e-20,0.2556527009614409,1.3791524504257877e-8,9.158473857720534e-12,4.093051508871803e-21,0.0032651445022207322,2.007080293865782e-11,4.421058712743478e-11,1.2468239671897754e-22,1.460652219112147e-9,1.340288011911637e-13,6.17633212157426e-14,1.4838488891722203e-10,1.859030913041692e-5,8.584580779662479e-10,2.523349824596612e-13,1.174152659619244e-18,5.486710971247226e-6,4.7969746458553856e-18,3.5564442110058877e-13,3.230519515562451e-11,1.6629138799528643e-5,0.014826307343140893,7.371856277757345e-22,1.1678952239010435e-19,0.011287266527674563,3.907198503299508e-12,1.8204339833552856e-12,0.0035918163368661125,3.2557045243752987e-10,3.7159692676582137e-6
0.040008023413228434,5.078528770582973e-12,1.7722444718433511e-6,0.05611783650918977,3.527092113564622e-8,0.02034356543754203,4.115733766844524e-12,1.6818383359673802e-8,0.0017662691516672868,0.00012351349437714202,3.3216744742261943e-21,0.0117619683795635,5.684604332954702e-6,3.502055132559346e-8,2.0050061804134444e-10,5.2122058596563176e-6,0.002254812535673123,0.0002127123763600309,0.020485356868404237,1.2136935643536643e-13,8.664753014808084e-6,0.003168969341673046,0.04586584116436803,0.0003782670733161676,0.018095460189876095,1.2063030858223955e-5,6.0743925342215e-6,6.871970189455633e-5,2.9960407277532065e-8,1.3524625990340752e-17,0.0017908270990283771,1.9649075070323182e-5,3.664237135790556e-11,0.034925006625588874,0.16085079282733558,0.3853072521838682,3.0396799649575154e-12,4.4501719611495607e-7,2.0574210524733824e-8,0.1089212378698782,0.08701284661832655,0.0003026878866305373,0.00011944430901117318,2.065455034792998e-14,5.888572586834913e-5
1.1209630148380334e-10,3.5907217523128927e-10,0.00537532019866977,0.004860006740890897,0.0010324451096433462,0.35410769769128214,1.2559524173059635e-11,1.7068840395906353e-11,9.887511486660536e-7,4.735119386320627e-7,4.159219035654771e-12,2.7792974786664132e-5,0.032967852755143044,0.13579899609552304,3.751365396124673e-8,8.200247693336408e-13,0.2869387502358966,0.010547674742426212,1.626279589820202e-6,4.313716033720935e-6,4.0199738030051444e-6,1.839345758738055e-5,9.031109585715252e-5,0.00010467549987353574,9.086714500477844e-7,1.4215984359365254e-6,4.409133399614345e-5,0.146258950994099,0.00030638233593231084,1.312137706803076e-16,0.014009799017583752,9.533575601138478e-12,2.7272516526777554e-11,0.00036426441153371053,0.0016523049047995483,0.0006558285731628247,9.173762971367139e-5,2.4306057413704725e-15,0.004058474259537769,0.00010720827388289166,8.450342746562989e-6,1.9590382441796406e-5,0.0005210214325144201,7.674562099250208e-6,1.0514389738270714e-5
3.283671575907944e-8,7.456316192832878e-16,6.903440182921007e-6,0.06841456685599744,1.4353597648075978e-10,7.452712965913528e-9,9.116086418278508e-10,1.7738097892188636e-17,1.1122160613111884e-24,7.587735714775282e-20,2.3458076193377658e-18,0.024106778314740018,0.007512748659081712,0.0001110605156656676,1.0852935910069029e-18,3.4230899522491443e-19,0.05963473161385499,1.3320189983235208e-6,0.41645223263608383,0.007074359739445887,7.595717955210846e-16,0.1658284953014385,0.12501741509401085,0.041266264240242746,1.6205869276973607e-8,4.443304366835228e-22,6.003122588634967e-9,3.4215198627116943e-7,3.006927486711447e-29,7.971839830735461e-6,0.062466412859604616,5.346974628364046e-11,1.8715605167605588e-14,9.442993020636069e-20,7.134771628249524e-8,2.1137133189896592e-7,0.022049872746100714,1.3340465871314965e-23,4.745230298191194e-6,4.3280025439292565e-5,3.3797921183722546e-15,1.4587493993501084e-17,1.4029171402366368e-7,9.91591708004355e-11,1.7324498001548878e-14
0.004036248873409621,0.012933496035815863,3.4361555862606607e-15,1.6628918882807348e-15,9.235760494938185e-13,1.3245360096669736e-8,2.7628258990291374e-29,0.004807903740217577,2.4488061975532252e-14,1.1975191485111414e-8,1.2380636159380997e-29,0.0011105627541567686,1.1689947249387545e-7,4.116550919402001e-10,0.0007067782158490709,0.0013448114270080303,3.6428148533099824e-10,0.007250902441587121,0.00347714360308589,0.7028378145827398,2.585895445287443e-5,1.7942650269640346e-6,1.610447850283211e-14,1.6734478128745307e-12,0.008808528899115554,0.01308458108896583,0.0023091586719807284,0.0008100448273138704,0.027848534815277496,1.1693933898125413e-22,1.3897926396876164e-6,1.1198123783415394e-9,1.8239935124574455e-14,3.6208470653693065e-18,3.44799156380024e-7,6.489548535876387e-13,0.04803133602761068,0.15644178514504506,5.631540951978651e-25,0.0028064532526306044,1.0106138965116193e-11,1.368300234240823e-10,0.0013243836208953854,3.7504566699792944e-20,1.323063773125499e-17
7.0277194609256816e-15,0.02143887273525457,0.009229726316599528,0.015819900166093654,1.4465208105231715e-6,0.053388658738580334,2.44693566581602e-18,4.673787213010228e-9,0.00012117802564568266,7.363720777666107e-12,1.6573517987716257e-35,1.4233662047360396e-19,0.0013531226374979765,0.0027935105959872916,1.465179277880527e-7,6.534768717054073e-15,4.8213740367998025e-11,1.8376520772708688e-10,3.349155893969043e-10,0.007327454766107694,0.026988345753659722,2.0756790825330042e-7,7.608286943072931e-18,2.5263585458418424e-8,0.3085186475013334,0.01723689363366404,3.823824128080544e-12,0.05627535310240769,0.014145788783944836,1.4259264208885255e-20,0.16883005576706142,0.007367735378803486,1.0099466765365236e-8,2.2785454980704114e-7,9.99534030097388e-7,1.039667617017566e-11,0.0002915524656378607,0.28148898073010775,4.172678074961988e-5,8.763607752455464e-6,4.686786818647555e-10,0.001441579402492953,2.609957986651072e-5,0.005862984429314887,1.2199793695809798e-11
1.4012975344695479e-9,4.3019429205017994e-10,0.14027642551480904,1.5148050572820024e-7,2.9198208442506017e-6,0.019090786587254733,3.756154761643093e-7,8.760273847117485e-7,0.0005880425870352924,0.05836973598014829,2.318931801451025e-17,0.0001482826178537821,1.7271565793037728e-5,1.0529363458050929e-10,3.921689472536376e-8,4.5226186101650145e-8,0.15399304046347492,2.1164488762785147e-5,5.8380997335153755e-12,4.7650768118583286e-9,0.017016209998737084,0.35040865949941286,1.6045511814666013e-6,0.05039006384074715,0.0026594300078939454,0.026175727592792544,0.02434976171577939,0.0005495533297968911,0.0016609251591057233,3.631634498403196e-10,0.0018470687814371792,0.0003051680091991976,1.6684866663176241e-10,2.0022065793027248e-5,0.041357692212155024,0.06758035284339466,0.012179197591290243,6.226386258690739e-9,7.517484023211417e-6,0.03089587406981315,1.953161351399677e-10,8.597948763732062e-5,3.9015211298511894e-15,2.0409723737316415e-8,4.982439506087506e-10
1.6447140441535948e-13,4.316715442013473e-11,3.322802687085268e-7,5.672770158742906e-11,1.101753780861882e-11,0.24931804946739503,0.003319140925664328,1.1733419396585658e-19,8.409124458150958e-15,1.1571071110814839e-7,6.718141680370373e-6,0.3007359442777089,1.7278126947668023e-12,1.1031070938730475e-10,3.185658358727949e-14,1.2630525943061836e-19,0.0007621999614232727,0.0001933045164749781,5.575783739422258e-15,3.033092549460914e-8,5.566870384281756e-6,0.02430473703705223,0.13812049175677643,0.18567025023184192,0.00014328727002941398,4.2626837888281885e-10,0.05580619931415626,0.004446767504627562,2.5565232502084326e-15,0.0011552502846241123,4.967195192838514e-11,5.441809903610048e-13,2.143506974781056e-22,2.9568635703392205e-26,0.022536910898789033,4.574356438713881e-6,0.01178347756914157,9.80162897763614e-5,0.0015881062954558635,5.267021084697854e-7,2.7837948685375474e-22,2.2247834625047087e-17,1.3068968384669244e-9,3.856958525974366e-16,2.205386767434567e-19
2.250374049063994e-21,4.526906395328506e-24,2.2941913853330136e-9,1.306682156075112e-13,5.227556171536772e-12,2.3995867044614042e-8,2.2359525430368017e-14,1.2208921292330659e-15,0.0030850600003925984,0.003983208350229138,9.190199610001021e-31,2.2212993131588735e-9,4.200013302925206e-14,3.220338161343908e-17,8.46750076988937e-14,9.410873411926566e-10,0.019674574162801224,2.073266237936457e-12,4.365055342541786e-19,0.0003248919205126637,6.393039959963717e-7,1.4993510283915126e-10,2.4957071543454052e-8,0.00030426401711223724,0.05348952491841508,3.805991987205968e-12,0.15445424271889846,3.434678568388246e-5,2.5002745305105172e-8,2.2837514796235443e-31,1.0606365268138449e-10,4.003447994130539e-13,4.855991058670237e-24,6.058700655206984e-5,0.6262018845923456,0.13826769020491414,3.508205113828294e-5,1.067876487134157e-5,6.7305998471197e-14,7.048903771837071e-5,1.7787502296474724e-11,1.3111310564710162e-6,2.5023104630987005e-20,1.3662062325894145e-18,1.4453354589060928e-6
7.244251826159019e-11,6.193961710922014e-9,3.4495513012382156e-7,1.2129206337226918e-8,1.8085341797074315e-6,5.52918864881898e-18,4.82445468875257e-27,3.3751294277104003e-18,0.03808438715547625,5.935813291912847e-14,2.178460617611111e-48,6.619978081875915e-28,1.2304199351347888e-5,4.073717329458052e-14,0.003277307124357026,3.644907275780169e-13,9.482763296574943e-6,1.3994946364412805e-16,2.8126933269281464e-10,0.010509122429424114,0.07213149383758935,2.522718854762992e-18,1.9369712001269252e-22,0.020117704950345823,0.14469621376664354,0.013667999094025982,1.4034265922244791e-8,0.0009878803886493018,0.0009679095314957887,1.856044073224022e-35,1.3219939689729215e-5,3.5090922606015915e-19,9.628543204622868e-11,8.123902348648247e-6,0.00038970252046952985,1.0924207064268878e-9,0.0675787465258846,0.6239253704446409,5.376369090443839e-9,4.556804372512546e-5,0.0033167367848675145,0.0002585327837408275,1.9216763638296898e-14,2.4590287010710212e-11,1.0233727144127522e-9
1.3377642562699719e-19,2.920437883395316e-7,0.08861940733945199,0.003126234129466256,0.015724276978939907,2.8397892532411588e-5,1.0762857257177281e-24,9.668438905395099e-15,9.734109714173614e-10,9.32758427354363e-16,2.3588288215550787e-40,1.4703177431411995e-8,0.001265529100745366,0.0009100965951383353,7.485344591545343e-10,2.3032784835929404e-18,5.308590957286148e-13,8.366941255307529e-10,3.2978851487618193e-10,0.04297081420920826,0.4589533631229694,0.0001620983170113807,1.794719362497425e-16,0.00019933899314113676,0.1340793285571732,0.23439379944397704,6.529674694126822e-19,0.0012426839600074267,0.0001539886743216862,3.398296830638463e-24,0.017856092405624014,7.992926775388361e-8,1.7270928768754844e-11,4.432304946616277e-11,1.7426820131293351e-7,5.738711109255193e-13,5.219620770109173e-6,0.0002969690211066019,1.084502129826067e-5,3.209795216916338e-8,1.1368499890698463e-8,4.861145103430497e-7,2.687843381261299e-7,1.543562309797166e-7,1.3306657406817975e-14
8.394516489500714e-18,8.506791580037772e-21,1.0876436493518456e-9,4.090701699194906e-13,7.8705947937181e-10,4.265253981266973e-9,1.0867907715891086e-19,1.3732940226804908e-12,0.21172320920933638,0.6496225565145771,1.3765703739994675e-35,4.509650623846326e-13,7.16352936806385e-9,8.315599224535249e-17,1.1522514151521297e-15,2.830658091558678e-9,0.03636887386713489,3.902666428916604e-14,7.784074883268485e-13,6.529102535874073e-10,2.0900349784319753e-8,3.899845616120744e-9,6.997628358965197e-8,0.00016522849736869778,0.02115044395624639,7.384840844286201e-10,0.0002853842660711317,6.6772978379590896e-6,1.740586946870102e-9,1.2944518855465316e-30,5.318568479539372e-7,3.064171601976525e-17,1.2792444015591402e-23,0.00021722223278531675,0.00234598393937189,0.02375864847431456,1.2430821718659697e-9,0.00023035417374220638,4.536066055400263e-16,0.038959818525028306,2.584443744083756e-10,1.300216271518972e-7,5.601583283805174e-19,2.0988998892064703e-13,0.015164821620316387
1.3758139001714136e-15,2.2132491325540056e-7,1.8635032121445466e-6,7.196668590170276e-8,3.2223845016459815e-6,5.7891928712900714e-11,2.7988320204607917e-29,2.4243112924380183e-17,0.03318798630747099,4.795643686691456e-11,2.0091763560913461e-38,6.207285132987735e-17,3.2718481909595746e-5,1.0563416963617998e-8,1.4945149784281628e-6,4.916543046191017e-14,1.6167499700065062e-6,2.4644492893944537e-13,1.5492352098735982e-15,0.28918796946787667,0.002534699746335112,9.613593660634717e-12,4.771268464733507e-11,0.0003221531157302347,0.42819203205494,8.831940559344175e-5,1.1642376680182404e-11,2.7114407095378446e-5,0.08557890188582634,4.1022554191539475e-34,0.07052280584473668,1.135288756075501e-15,8.665377084515823e-15,6.795085363680314e-12,0.013889474283087878,2.9137528289070322e-5,0.006275003457950848,0.04975666724739501,5.912848582274687e-10,3.5443995555734604e-6,5.097989570226992e-9,0.020362951169903463,4.97560290012283e-16,9.519735087877701e-20,1.4317429928438127e-8
9.745533012157116e-15,0.005161646113315035,0.01630808675326811,0.006673027981772263,4.0014945487290775e-6,7.374580507854263e-9,2.1906752729176954e-25,7.779844942581435e-13,5.357323858341443e-10,1.2791874636293336e-8,8.409956332922126e-18,1.746335331204732e-21,0.005478141396179837,6.239675973073213e-5,2.478475360212876e-6,7.955111079737018e-18,2.4736595122497984e-11,0.0014530661774209853,0.001157921377609967,0.0287018774473981,0.10773141873516609,5.7532576732792486e-9,2.565774464079956e-22,1.3671818529921858e-10,0.05538042070735777,0.2609872751859744,6.39495373701881e-21,5.8444196156774564e-5,0.39583943028488394,6.028686510259768e-44,0.10927285094455863,1.1421116218009385e-18,1.920886669428162e-5,2.5625286700117608e-9,2.1086171030878332e-10,1.8657005896616196e-12,0.0014877148706747354,1.935163931758764e-6,0.002439696272708055,6.181242772014666e-7,5.502503530194303e-6,3.649168921172686e-5,0.001736317016957203,2.0576337704903536e-9,1.0735501803964631e-11
2.0206242461467796e-6,1.8779472586324338e-25,5.553126434748074e-13,2.637892767647482e-10,2.925321890294352e-19,0.0018423074043876538,1.9664282399177694e-7,8.710547737482253e-24,1.119786377536636e-19,2.084011048061842e-20,1.225847520508417e-5,0.2559825565748544,9.565301416718699e-15,7.659991529403479e-17,1.6875970567825436e-26,1.8359678789952288e-22,3.7822610631218598e-6,4.671013691141726e-9,1.2226907025063206e-19,1.1168428308591055e-9,2.7879298215061996e-16,0.11025994675456219,0.04225310538166557,1.3614772009095432e-7,0.0008875434336278443,2.662854878600615e-23,0.05444320290391309,0.0002850909267975727,6.881094129974554e-18,0.5136632601621568,3.6291600729977426e-17,9.279198293429866e-17,7.782852865371212e-11,1.6425622871439712e-29,0.011109323293508094,1.218895578952224e-12,0.0022654141709853,3.6039108198748137e-38,0.0012182004420388467,2.1503111036776616e-6,1.3189918855333739e-23,1.752511557211471e-21,4.618944872494938e-16,0.00576949795808147,4.680337028096898e-22
1.417702362817332e-10,6.891918164784367e-6,1.4264045972580625e-5,0.20032697793198928,3.5434763550626596e-6,0.009749353518389403,2.3149515704706293e-11,8.131493807191993e-12,1.7815674557321045e-10,3.243509750716948e-7,2.071628282067077e-22,4.0191266004998213e-8,0.010711984787355334,9.005160363272899e-7,8.845734056985444e-13,4.598947048934458e-18,5.628844165007813e-7,0.0071259722169894546,0.010074555232009388,0.0037349963395118327,0.15761338871876396,0.13345555902536313,1.19763477118644e-10,0.008810793408464003,7.95477960508432e-7,0.3168706461426222,0.03026057545645567,5.260553915621866e-5,6.619100299664994e-10,0.0054884568944842255,0.052194974810678745,0.009739338765850026,6.625663775071586e-10,2.8691993284263406e-6,0.0049919723215110755,2.22549580624178e-11,0.016319927701918494,3.9390500263872773e-7,0.01434897763415952,0.008025408035866249,7.999390439586559e-12,1.8943690736823114e-5,5.456406908795433e-10,4.948777650912497e-11,5.400344053179066e-5
1.9379125452503862e-21,1.1854487200281712e-16,1.0216315397201464e-6,2.1913503136072053e-13,4.245735737198128e-11,3.312474382230478e-11,8.792567635137372e-6,1.0694759237917347e-6,0.0008453758066652184,7.046925639199312e-5,2.831470931126461e-17,2.419141108184848e-12,6.4853973893672765e-15,3.753887944932834e-10,1.671407705551433e-20,0.7348112146265032,0.0008089669288421939,1.6193658198819617e-9,1.3762065213307122e-24,2.951714346213296e-6,1.81950018262285e-5,3.6472912776518637e-6,4.826967920005812e-19,4.099844966347716e-6,0.004632176184543212,3.4737748223831427e-16,0.00018871389864754453,0.004135655509775209,8.885098711288612e-8,2.2048626183982957e-28,5.536957803911773e-15,0.23324661123870846,3.8896502691240316e-17,8.055683654978294e-11,0.003984089104325994,0.010085302033106503,0.0071325822242755774,6.814387553858127e-21,4.968166478196292e-13,1.4787407541913607e-7,1.4656854547517737e-11,1.4253692013426881e-11,1.2749294710926081e-11,1.8826615809013106e-5,1.2412720206540214e-10
0.6833571867993623,0.00047415101085366494,3.57206559871254e-6,0.058809485529439216,0.003307293440528007,6.371466192016661e-11,3.112317502983626e-9,4.770155401113773e-7,1.7675696960290032e-19,3.4494044892614455e-10,6.731040802534003e-6,8.694200584967636e-12,3.43305571467007e-8,0.0004915788246552488,5.869129933299462e-5,2.0630610647751163e-9,3.524287651607763e-13,0.012433316472730348,0.018743201415271485,1.1251883131486592e-15,7.79567268416239e-14,3.865743014730132e-7,3.5820113355763896e-5,1.457860538914617e-17,2.0846548447850718e-22,6.034119787245245e-11,3.1473923922888235e-15,1.4200419347912585e-11,5.1423483580720303e-11,0.0926391320315227,9.61135929700816e-14,2.5294837083000317e-13,0.008140092050001138,3.524435780859692e-8,1.3488055511883175e-23,1.0946570831125385e-15,0.007905775249742132,2.4659834221511425e-40,0.044917512772888336,1.0049642561692774e-13,6.011364966049261e-6,3.0191954631568628e-21,0.00015907651706539462,0.06851043196836733,1.149181838987749e-9
2.333390665907086e-9,0.0005005198940065158,2.3030940730310133e-5,0.05697702537113342,0.25227458439231504,4.483513447419341e-9,5.090289127574458e-18,0.0019464720917460026,1.999102324459137e-11,7.826700083283646e-5,2.8053792432599163e-21,6.941844121678763e-19,2.779804726256241e-5,0.001401958166950432,0.15889530435705704,8.054979004975814e-8,6.048551622593423e-6,7.287181788867232e-5,9.429663057345603e-7,0.001098895820398363,2.477792330108752e-12,6.83023469436709e-8,7.416202876891906e-21,8.458623379951767e-14,4.381706877095991e-16,3.4820518173443263e-10,1.0865704267765873e-6,1.505822097469788e-11,5.778029184292272e-14,0.009197172748056941,0.0050856912439201036,1.8597254842758239e-13,0.28259910676719774,0.0003144173964077741,6.475541937796541e-11,2.851185851249841e-5,9.419070792918183e-5,2.776384314763343e-16,3.895160897461861e-7,0.019262505600221743,0.18001268091870637,1.0667175444192932e-11,0.025621234295191735,0.003438403329129631,0.0010407334994350502
9.409598437823278e-23,1.887360915003154e-20,4.174766780742074e-9,2.429742957570737e-16,5.630605852085734e-8,2.0704514834870944e-12,1.5294851520660689e-30,2.58882572464975e-18,0.7196896866971106,0.030506539095992574,2.4224953341942798e-51,1.5679090695232326e-20,3.6961248198704987e-10,5.779453490441598e-22,5.358863961046349e-14,7.076505312946713e-17,0.0024654944748623937,3.0125333951237986e-15,2.445875616095582e-23,0.010059959290816047,1.0387232540866334e-10,1.4898718311059242e-15,1.3058462136237376e-22,8.441256515177447e-7,3.7583112440538546e-6,2.7043773517806137e-11,6.230478003498868e-6,7.224707869258814e-8,1.7943542707212125e-9,4.318730058017012e-33,4.353196244629954e-10,7.704341978119241e-19,1.8168406275333794e-20,0.008313719273684189,0.001292336564376731,0.2038340274370019,4.244306304837606e-8,0.01661920167058717,6.853004052968256e-25,0.006296938127084589,3.685947028212664e-10,0.0009110726263957314,3.7466752420616264e-29,1.410210751936964e-22,1.3555295898685664e-8
1.8184805254250132e-15,6.165577290858317e-10,0.0009195899475144212,4.884570010350888e-5,0.026755709988680706,0.002325612865907536,1.8966597955008304e-17,0.021192602622166993,0.00014374099315179646,0.034779264472515135,1.5858792103021396e-23,1.7126094481672654e-11,2.2534243870025594e-7,6.442072233426537e-12,9.915552817093971e-7,0.00028411813708311665,0.056725340961255595,1.5746007846095062e-9,2.1464024313799382e-6,0.00010741286434768211,2.1539320091729352e-7,0.0002816104982995414,4.390463443848308e-10,0.0006697694613895707,2.3349173346230066e-8,1.3905220445063981e-8,3.873145518135462e-5,1.0876715426036218e-6,3.0159552669822e-10,6.57817670864549e-14,6.674905735376518e-5,8.614880895009403e-11,2.308654781848409e-9,0.2817435536230763,0.00068848735727523,0.11521064136598534,0.000485618281739376,9.817196037743411e-8,2.667699403539308e-8,0.17995882021371665,0.016470154948754083,0.0003794706865755972,8.717601859589729e-9,9.709808599588667e-8,0.26071921486375543
1.9037209918754193e-17,0.14977907768025536,2.0688179407095724e-10,1.6909435573908996e-8,1.3551176437579325e-8,1.253594049781861e-13,1.6462115382225045e-16,0.00029946048997438445,4.873465226441595e-10,7.356509285330727e-22,5.4897345556942475e-11,3.850860458771265e-14,0.048696253175666254,2.82562907531984e-7,5.5516167232886275e-11,2.2327871094878137e-9,1.225809149596384e-10,4.378528586814776e-5,1.657946464811792e-13,0.2076436648973291,0.04327325687885269,4.044909592125886e-10,2.0922386808154087e-11,2.7085784230203172e-11,0.0010827609041660449,0.004393871457901013,5.154197077115233e-7,0.014350292970826857,7.191909995858418e-5,2.5778665882701067e-30,0.0055252151082602,2.0313852008298706e-6,2.4570268411176255e-18,2.2074177415902317e-18,2.186989591062618e-9,6.455910882640844e-14,0.4110085267031716,0.09729742745792065,1.7188671482163144e-21,6.241336034414629e-11,2.6302159187038188e-12,0.016531456359092644,1.6577483402007203e-7,2.245031157948628e-16,6.255760118750376e-11
1.526376811386115e-7,0.013984169804024327,4.104579432714043e-11,0.0023634218855212207,0.0011024835550595298,2.040512108620873e-6,3.673128481384791e-27,8.959459940944116e-7,1.1693556451862491e-5,1.4608469253301604e-14,0.002440462185271937,7.699230721446131e-27,0.027974329992378838,4.280047206374675e-15,1.050552732708716e-6,4.195851628030015e-6,1.172345187731247e-12,8.433646167851824e-18,2.5726967566138144e-26,0.03882986052372464,3.938978057024628e-6,4.44433883889259e-12,2.8287775326009496e-15,1.3197002430996213e-15,0.002620356682059041,2.9264173703910223e-5,3.6065480001391415e-12,0.0003511014331768729,0.27377682325507646,1.893233869201415e-49,0.00020439330847551063,0.00033325977356654456,4.997286252036763e-6,0.0024810959911462775,6.309974385504549e-15,9.404622811938364e-10,0.011935277834115576,0.5699162479217955,1.3883507420853128e-22,0.00017676169333328797,4.786363920756309e-7,0.05070632163233872,1.625438181660253e-5,3.068066406595434e-23,0.0007286690253570105
3.18084443759644e-16,6.700275481468133e-16,0.005105797256522985,1.4502611341515494e-7,6.310522560334339e-8,0.2119126249267622,0.009746828990980578,9.560982047858533e-12,1.7153027702989423e-8,0.006734414657010854,6.627091434485034e-8,0.33461694517304963,2.0242095084641594e-8,9.544542318465533e-12,0.009980996622036423,2.517568377430526e-13,0.00010691189408651683,6.163988234428633e-6,5.665165511909696e-12,0.0001452179724658702,1.435344758399349e-7,5.489803413347763e-5,1.199861933808554e-7,0.05126909236881956,2.4421535503366216e-8,5.83133423585283e-9,0.01254044382593776,8.495965278841069e-8,0.00018237613460744156,4.787735591570614e-8,3.7969689369225575e-9,1.1142548600317989e-11,2.9870662848040396e-14,1.1137167403785196e-8,0.024403496553530763,0.022671148700349756,0.0005641183573540756,5.0979103571331605e-9,0.30356423870092014,0.00623187254076044,2.0466654442531965e-11,1.9306419892114898e-11,2.2196720578318228e-5,1.9243660505749736e-5,0.00012021440541355843
6.192058831531726e-6,1.3987469222580408e-7,3.3115341208050226e-8,0.0065077955915167005,0.0003444552719592718,8.427354476196386e-11,8.754666465776845e-24,0.0030494571518659705,0.0018541533810470722,2.1844152896682368e-7,2.2646721745259895e-25,2.062436857716533e-14,0.20634214155577738,9.977939585222017e-10,0.002621310988820169,2.9046929098891373e-9,8.689255296218186e-5,1.7160247500385705e-9,1.0665704471678559e-7,0.007331208145497026,1.3634275335945577e-5,4.4274980816695275e-6,6.759401316757177e-12,3.8517379049774584e-15,7.961609470665609e-11,4.7418088419510224e-7,9.058888260731066e-7,2.552479669033796e-7,2.812338957257027e-7,4.8774203815293284e-14,0.006757534083469001,5.617151703732565e-13,3.7228791928047e-7,0.41050331507172744,5.206944207667805e-7,0.034672873271084904,7.166059859762678e-5,6.630792430796954e-11,1.3176878569757782e-6,0.1273106903038579,0.11867539323777775,0.00020868436358396775,2.644870141100828e-5,0.0733406355709657,0.0002664651593490351
0.0009686089292726826,2.8528689769817475e-6,0.0014393807295884303,0.010011195313642784,0.007844677042061507,4.228082669633331e-12,9.812369767393318e-10,6.309030020940773e-7,4.0607722005830247e-14,8.926219488061601e-8,1.1248861857891208e-5,3.2751210403220945e-10,1.189407967292147e-6,1.4986107785303359e-5,0.0660337795746823,9.980272799252318e-15,1.3819977929010947e-11,0.07007159967807855,0.22017561657108894,4.09469332824306e-12,7.457675654440886e-10,0.00010700121996282366,2.8638449025319504e-9,1.7359217591179842e-13,2.3266104800757574e-22,3.495739805843287e-13,8.455162801106467e-9,8.908510059269036e-12,1.3212527911256044e-9,0.2811914031548295,1.5091930219496092e-8,7.372864055141299e-17,0.20815212726086024,1.2930640916300705e-7,2.082269588344677e-15,2.18161327488242e-11,1.6435790692549779e-9,2.841186537413124e-41,8.578395529188103e-6,7.714990326126337e-8,0.00042906591301530584,1.0062923948246615e-21,0.12183268727477888,0.011702059404386449,9.841863959490444e-7
2.3632073689212486e-7,0.08030234498286906,4.147502442221306e-9,1.1820311960820802e-7,0.0014871817361243212,1.0118763984980065e-22,1.657635481771884e-28,2.2595990257559987e-12,0.004240634047319744,1.496800437665765e-11,1.7536807013414036e-42,8.815403702012311e-32,0.15788148128654556,3.135153642599572e-9,0.38579110524757343,1.0037752921689992e-16,5.8826052753028705e-8,1.0199756862654138e-14,0.0006565598035460802,0.029787744649551084,8.66340613579102e-7,6.796502251096886e-20,4.178034194840626e-26,5.320365778993552e-19,2.284958783336593e-5,3.9567952606630567e-7,7.945056033437337e-19,8.992880236510702e-8,0.00023847461156263053,2.72236268712638e-32,0.0017687702219842405,2.591166545490144e-20,0.1791500182297209,0.0007935130211645068,6.689778043308158e-11,3.035573743744067e-6,0.09296978872678119,1.2915988557384727e-5,2.4627944444567494e-14,0.055198780602785984,0.00231036249544141,0.00024361102280906404,2.799429631407829e-10,0.007114666643295585,2.4388575180210167e-5
1.1704824826438724e-5,0.004209027422654792,5.901326696420673e-14,8.389679675852717e-13,2.0842024761825526e-9,1.1610350297569808e-12,0.01621075206718161,1.9603024526904342e-7,1.3387950258650193e-23,1.3948181336949397e-17,0.6619094269652513,1.6054131680631605e-17,2.9896808501605346e-8,0.0009636266448516909,1.383965870820105e-15,1.3680659524566292e-9,4.341666762607578e-21,0.00015235973382483886,3.6642498894421966e-11,2.000490463926638e-16,8.317421260533928e-31,6.280843503575918e-11,4.93565628186763e-9,1.0339488949112718e-24,3.7385149032139083e-25,1.212047032127883e-25,2.1575661831051834e-22,1.1635936956942575e-22,2.7897038636345164e-23,0.010946840024097116,1.6876399829543967e-13,2.9330963726143046e-9,3.0988185109583834e-6,4.125775588466648e-11,4.5671952698968806e-33,1.246209823366695e-21,0.01422754715762685,3.857959750361979e-14,1.3853462183993862e-15,8.695832712128795e-27,6.873825432772393e-10,1.899192596949465e-27,0.2913653775723281,8.803371363505046e-11,6.023771760603693e-10
0.005106067478705983,2.113445317035212e-14,0.027704332636280724,8.451416035909018e-8,4.1357277409712315e-8,0.015184891802986933,0.0003366175846405789,3.2889946412979376e-10,2.7947988574956373e-10,3.355227142506863e-10,1.6971859303047156e-8,0.003257114287017617,6.906670839495219e-5,0.22267958055689907,2.0096063754918e-11,1.5203730943380845e-5,7.430647491724044e-7,0.23104052298857422,0.016562215190482392,5.413012099101274e-10,4.2491638850252246e-8,0.00017446016948992584,0.17590182119270123,0.00014508769861202095,6.620785729011471e-16,2.2408246073148847e-6,7.325990936659082e-7,0.0003295780385518987,6.243459035006368e-15,0.09241212504934652,2.4382667213762003e-13,3.3863702005944166e-10,9.381986064341709e-7,1.258839920774867e-7,3.984664867903026e-12,3.232249773069796e-8,0.11839874610267517,9.88530662490679e-32,0.01527674938799714,0.007372287466493381,6.232015823806642e-9,2.3195339557280582e-5,8.129684582111681e-7,0.06800451731248981,1.06089516997275e-14
0.02954856064636159,1.605572606963256e-9,1.0986255223581835e-7,2.319249716891947e-7,0.047499095920560154,2.7242914071992652e-8,3.3949063873756418e-9,1.1254526225406979e-7,0.001250031470693923,0.00010360162679851711,3.983698706165434e-18,9.603554522827571e-11,9.875752560998963e-8,3.305546918801081e-9,0.3603184645670698,1.5884085615260785e-6,1.7456993999148721e-6,1.1680441840944103e-5,0.018584579993401473,0.004691194240937154,0.0007154663027474499,3.712256278498997e-6,9.864859397684462e-10,1.3344312027294535e-10,1.3101753217925273e-11,3.3551646575883995e-7,9.157184106703468e-5,1.0716073453094087e-8,3.16686047141718e-13,0.00091063073683937,7.70269175039616e-6,2.6561435634803855e-11,0.03477198084425147,0.08148899681099556,1.0555136446898493e-8,0.027167177472827545,2.7500355998899875e-8,9.703468523556274e-8,1.024780637020412e-13,0.010672850234199576,0.3211469008405603,0.0033678872717028256,0.01606869140653143,1.808830015306793e-5,0.041556728756454976
45,100
3.92204912728731e-214,2.859559477252424e-88,0.0072558658187833,1.0309658352615134e-8,0.003600614414213789,1.2639660918691507e-12,0.0014719924403560707,8.363974810972872e-9,1.452864842266445e-12,1.8949647678158153e-5,0.0370568547235343,0.14174066372956085,0.10348373364784473,0.020448616985385602,0.043420793653544905,0.040180120000558865,0.030099986826575817,0.030597556517330867,0.03254526012802129,0.0187615472964319,0.021242306224158094,4.6239307184163943e-7,0.02609119250918297,0.009905151501783447,0.015922316839305874,0.009276046882714847,0.005879951973828647,0.01100828583921362,0.02720049051803303,0.016058495003959082,0.03606948734278089,0.01645683094744282,0.03147846162828671,0.01351798634565654,0.02982564921832244,0.020053755529447707,0.026441723808767727,0.021641621434401317,0.019891808129517546,0.026081518271215846,0.02268231004029742,0.014418353800967579,0.004106413932261219,0.012499961905646954,3.3351974715800944e-5,0.002678732083704123,1.0516072557692231e-5,8.90668812081937e-9,0.013952541125327275,0.00236194975644815,1.4922353221471096e-21,3.2805214110161946e-22,1.2020761355899887e-8,0.004340203156233907,1.854353170116902e-7,2.574721500965587e-7,3.650216280147057e-11,1.4516481748289807e-17,0.006060737746326301,0.004711691291002885,3.711592502587274e-11,1.3989989310427344e-14,7.216081824958041e-17,0.0015792284533342386,2.1888147927098795e-7,2.3119472364545163e-9,0.005679260867894713,0.0037904419167930884,0.002815681482057104,3.0584126899118254e-10,3.873167875375553e-55,4.472682393054348e-18,1.3509780601902255e-23,1.7296042038216495e-45,4.416540195461799e-78,8.367637543447099e-44,3.767917254654538e-76,3.961524610260091e-60,1.355809617872375e-112,0.0016760600776268726,4.113470103716771e-108,3.2903652072688534e-98,4.830484458606773e-24,3.677511133084692e-159,1.5107654228093072e-69,7.342936173238488e-100,8.729234413389669e-168,1.3688883795763736e-101,1.2043930264568778e-190,1.4491647937634538e-135,3.179696651914801e-14,5.408999125708869e-67,6.129072753748923e-81,4.104127421812942e-45,0.0018757620616949,2.135434806743208e-68,1.5638440313885038e-30,1.2591620742388198e-153,5.572910309463835e-184,1.6103795895421515e-133
7.67587248408309e-181,1.2076100902574393e-118,1.647020042514521e-41,1.582104690363601e-36,1.2811318910323639e-79,7.644483863815521e-38,7.669757425028379e-32,5.130444152603884e-50,1.8064201736144283e-47,1.1214466605789727e-68,5.170242648117043e-56,6.277914165143602e-40,2.5443145569654983e-6,0.0037601614095895057,0.0008676843776104326,0.0072863998654875755,0.0290753505301569,0.014477085717075414,0.028847540069517428,0.02796472437929178,0.007180773337077983,0.006175714571382909,1.7138866222521087e-28,0.0017748139769295675,3.1312513524238687e-22,0.011427996208446275,0.003080576388058948,0.014870065956256659,0.018304342068684212,0.00035840405172767585,1.9660102754546995e-9,0.01740080499577417,3.574537192659751e-29,0.028519064471742704,0.022032292535218746,1.590731544991309e-22,0.0359265064376935,0.039720281942762996,0.03437043901322898,0.0021768368654035003,5.256734450509447e-7,0.058826252144007926,0.041594425497786434,0.02031874141086421,8.453164837895133e-10,0.04030380695247419,0.00923641005941351,3.405258278240509e-17,0.02284645853097239,0.008093055178473684,4.02594269239864e-12,9.610471142043739e-16,2.4128533962160194e-19,0.02074785113785799,0.012836332217824839,0.023114640978547527,1.8659075947192867e-7,1.400850952265067e-12,0.04465717033282861,4.3202663482865956e-8,6.916930819753472e-8,1.86788673820332e-16,0.06528367717616765,0.0007553882224524842,5.677296625457011e-26,0.05623145769515298,4.9106921441440035e-22,0.02617125230378489,0.033701255839299,5.525520755411739e-30,2.3048602445899203e-19,3.2363149509981847e-14,0.02699448327243374,0.004615419890450578,1.650997163277764e-6,3.3344129107031874e-15,2.2913301146723085e-29,3.0162728617701064e-9,2.609765610780099e-16,2.2424824273942412e-39,2.6353377428066293e-37,1.510064471683902e-6,3.3812721576613387e-22,1.3349583239222764e-20,3.814167637717441e-39,0.03262283599534445,1.2609441103291307e-33,0.006980537486647087,8.306786271807609e-34,8.025400993353366e-13,4.759400302391373e-10,0.053160449420145535,7.558664790266649e-8,5.045483594259347e-5,0.02286621806171093,0.008488250236387032,0.0038987040439222393,1.1674929705757217e-12,1.8518318696786793e-33,1.104383239856393e-58
4.881422004220865e-207,7.55002655890939e-70,3.7547305147879044e-61,1.4182621209985915e-63,1.327450790032187e-37,7.965336121804386e-105,3.6363981997590366e-40,3.164794155503526e-41,3.5260953633330924e-58,6.163587289090867e-64,8.928120976670698e-47,3.846070839246469e-61,2.748956516068283e-33,9.433903443602988e-37,1.8835710415412152e-28,3.0612469927746496e-34,2.9813297094782114e-28,5.443915351936491e-16,6.24479597384251e-8,0.005513291656880536,1.0131898644691794e-10,1.2270162010525449e-33,4.674172490170283e-21,2.4605548730354187e-18,2.238714383965788e-14,1.7826654242647137e-7,7.270873828155571e-9,1.2672671146675375e-9,4.864204673308794e-22,0.00010982483122522617,0.020695079712822285,0.029078019193913285,0.033354132532223635,6.625814457805466e-13,5.039369794522837e-9,0.03695500414730423,0.017988746886535272,0.0005868100600221328,0.010332909188360382,3.460006134273844e-7,5.469890540946899e-10,0.02228110930789825,0.02870469953915658,0.011585390045561588,0.0032340598166651934,0.0004849495435646934,0.00038433872149843084,0.03250149202215598,1.7703182676624283e-11,0.035666689883436346,0.04856865779751667,0.0002910855394174786,0.054487249658779935,0.0018711262819444687,0.049096735485059356,0.01633209944505897,1.8864653660030834e-6,2.8974109975677242e-6,0.10317374963308129,0.08490755093453134,0.013469877654231611,0.03261523619154888,0.13774452857845745,0.0013091786980093262,0.0006431347737312604,0.007563186536589008,0.08817069704465445,0.00010008985912267874,1.0974806203357558e-8,1.9241288317322548e-9,0.0006629949409664271,0.02096329138960116,7.555670986607537e-12,5.022129648771912e-10,2.5330038376419377e-10,0.0036096717035768175,5.848202151318417e-11,6.906245925605052e-6,2.050554749906047e-14,8.275788587928029e-12,7.107253057535043e-15,8.173502688357824e-15,6.526095440505482e-8,3.949839019605846e-22,0.02912775717398587,2.1430881846572713e-15,2.1496010314578003e-27,1.6838396898070038e-14,1.0094893906186644e-35,3.85274561164626e-20,3.5735498939584916e-38,2.877184018413323e-17,1.9819703855872794e-22,1.7634599944235265e-8,0.01582316588492829,1.8724113137758513e-18,2.798931100197696e-19,1.0000460216630034e-20,3.902309459479229e-60,1.0877034772440312e-53
4.911187903109882e-152,6.476333348286775e-96,7.030773252927476e-18,5.474519451109133e-47,3.755672496354647e-28,6.473107140332166e-20,4.953994617695928e-35,4.6856371441492745e-26,4.350081832943815e-15,5.628828582316661e-31,4.738509523409095e-39,1.0585429392304176e-22,1.0617898071061692e-11,4.082079188319912e-17,1.4641556354193958e-13,3.5662581162131483e-12,0.010779066066388067,0.004869230321680011,6.139006616219215e-5,7.640871368427578e-8,2.848693811245101e-7,0.0004059123008262126,0.046928889634919986,0.10144504428570143,0.07520099642368823,0.013807998228256655,0.06399032661874306,0.0704499157353256,0.003063902419170822,0.044567041270157814,0.04744987229034847,0.07843713438838824,0.003653445806653466,0.00348806623335679,0.0005345793942165438,0.0012204061505608041,0.0128400201305157,0.013008559405830676,0.03154893040350953,1.786876966155732e-5,0.033696792715331166,0.0295092659738132,0.03222617031775485,0.04438297550897737,0.055761917190486815,0.04433507043144222,0.024045777841234243,0.03142028379836896,0.00017134441783464438,0.016747429504947887,5.371120097713676e-6,0.037036108365316775,0.013009317753176996,6.159316272450031e-10,9.53368562779632e-5,5.0388572723748295e-5,0.009686664579669647,2.7037918415536356e-9,5.0186533386609615e-9,1.0415991220249427e-10,4.280048148784446e-5,1.8433619375278445e-9,6.282430777141347e-9,3.829795815299801e-13,1.30602212616141e-11,7.189550861519949e-6,3.8903868819609336e-8,6.218415891978339e-7,1.912413432638613e-19,2.0650901859839978e-10,1.095749801412275e-8,3.3935306256751527e-10,2.8332668672616263e-11,5.43235689672039e-29,3.441947509113873e-23,7.991824426593807e-10,2.4986475389642387e-22,2.2869100063258085e-13,1.2278406870743024e-34,4.699772766898118e-24,3.4132509325191986e-38,6.497601052275965e-41,2.5508806327967333e-46,1.1886767268166258e-65,2.7417279793258496e-31,4.172597579564805e-38,3.7460166504422396e-79,1.5569070571196268e-62,1.7894912491141654e-86,2.3975812165200897e-57,2.2340905578225075e-41,1.8358269132588397e-24,8.292114909747099e-72,1.477253701111712e-7,4.6788509166673675e-29,4.2602856423278244e-40,4.347438076137517e-33,9.12305066313641e-84,2.2297571350941277e-134,1.602782830718743e-76
1.1132795027732268e-213,6.533223887395629e-136,4.9446991314338714e-54,3.0701000804043987e-26,3.804084699282259e-61,3.890345290807932e-86,6.45511334991617e-41,6.485734306141901e-26,1.974406790539459e-15,7.18630163165126e-27,5.724842643359873e-31,6.473174695518114e-17,1.1055489533234977e-20,7.053652788158582e-23,3.07265434047493e-19,1.6783240263393324e-11,6.706934369724158e-10,1.2783549522969995e-12,3.2620334073211363e-10,7.106699708265387e-12,2.659212463266225e-5,0.007027033012800667,2.9356796534580283e-6,1.5804728817485156e-5,0.0334517723037681,0.06436442140362655,0.06629859873156269,0.0026820094174947033,0.024643752277284364,3.893537745609102e-6,1.0166700718272117e-7,2.772415353945577e-8,0.027544937294170516,0.08562529705375194,0.07179974979207245,0.06286439930568752,1.8405821082481024e-6,0.00516859230985161,0.00017188989077112892,0.008531603938240253,0.03897408341794991,4.679576393500682e-9,0.030531295473601876,0.15058107477876828,0.037145489373210806,4.206615655058317e-5,0.05908171936152971,0.005748934072234583,0.00012560198455248414,0.034644945312490585,0.021106578042484,0.0010283409718454641,0.036524262689113865,0.03545799657414885,0.026992257597472067,3.8356902137488915e-5,2.268174598662054e-5,0.011242960778103751,0.0008169005138935582,0.02435804436657226,0.0002439984800424662,0.00030267171201872774,1.352902297567486e-5,4.866673009141069e-8,1.7040296281490662e-7,4.1472986971280894e-8,4.584268084869576e-7,0.012642864896489539,1.5074228000212497e-12,0.003619278471156583,8.516627536919084e-10,6.544604841107482e-8,1.9015707806319905e-10,1.2428066061283765e-13,1.6093898679456023e-13,7.454936497224048e-15,3.8514511531691064e-20,2.762261267029376e-17,1.0844255124519397e-17,4.544815732883631e-15,2.3081867401191085e-14,1.2370797890326654e-23,1.2332280053199306e-24,3.219455796619059e-31,1.063116543342134e-38,6.1979643596562005e-25,4.15639413686445e-52,1.9008857929521566e-30,1.2802130601785171e-69,5.746366145623092e-51,2.6616549266584527e-36,0.008488023368641918,1.851261159456057e-49,6.237418733026859e-39,9.492118158956588e-38,2.4638264914318603e-24,6.839347862495061e-23,1.8336387034375544e-63,2.94524567099387e-116,8.855615058510135e-42
3.673403096893967e-125,1.0792400693561649e-88,2.612024737011406e-96,4.1644376582060236e-30,0.002133200905562806,1.183140430620734e-55,2.1260153763070204e-41,0.006391773384331079,4.896009921798117e-18,3.05792064288545e-18,1.697069354685714e-10,1.4646197911669306e-14,1.8247374905575584e-15,1.63738515084237e-8,1.8276523143212688e-7,5.371707743389277e-6,2.0290785956185905e-7,3.4717990997802022e-6,0.024410825079686106,0.0178110799917893,1.2032985140815042e-10,0.0007242507133427529,0.028648823113375382,0.009725297387820723,0.04906702758779126,0.027526948237056727,0.014278552305169277,0.03311256208034147,0.003386817276823656,0.012068565687665306,0.02010119595962604,0.03334420761994302,0.06447187201735112,0.04095029724117538,0.05308555519400332,0.0020998897138542337,0.022201926053255824,0.03237746793119948,0.010712051101468405,0.02366023532012839,0.04065794976604354,0.029587913172105424,0.07046757246911485,0.038131647598563106,0.029411242628006068,0.020641575338530286,0.014503289928925307,0.03485012130197787,0.0234620040195397,4.275435677759703e-12,0.022539084611961184,1.47900328937879e-6,0.01598536442596217,3.614549531096145e-8,0.007045012619253816,1.5283279087781292e-6,0.020846458079670508,0.023617005423955843,0.00029179181972318854,0.005147395927283806,0.00010524771482545804,0.006021746526775355,7.027902177327831e-5,0.002787117234380453,0.017275695814168577,0.013388942803139403,2.580906655763643e-5,0.0008360007594078525,0.013295431770712119,0.003137100971423249,1.603871438403236e-8,0.00018438902683634754,0.005810833342021914,9.158095026701524e-20,2.5281559734733706e-7,8.27592396117871e-10,3.5477204926154335e-14,5.478828731327216e-17,4.160380918044523e-12,1.4652314500862573e-15,0.003870915228366422,1.9089447535733077e-18,2.548055764188643e-28,3.893981257276488e-34,9.58811828257362e-43,0.00025861831985440496,1.2245918310963255e-27,1.1989513335064186e-25,3.624992688303588e-71,1.2584539593614715e-10,1.3977438590589639e-81,4.075299659141772e-71,1.5237244676003717e-36,2.424566216186416e-10,0.0034434619871683975,8.643001350802354e-60,4.501438573865098e-54,2.550944409268616e-115,4.532092589130427e-151,1.612323782853546e-106
2.2832458407508705e-32,1.6984950257031858e-6,0.048340361787956074,0.07131627166934894,0.06231125411862629,0.06841261881944925,0.07014701260657161,0.05173169442688579,0.028515306454519544,0.007981281041765901,0.008993164731197777,0.015451840862247782,0.01785131952575094,0.030992358318533367,0.042579514897077425,0.0371005544415749,0.0347163373964651,0.015375267372225627,0.021546995757158897,0.024863218425865485,0.030907028664627294,0.028017148318176362,0.020241627652465802,0.023875165029155796,0.022388219642302053,0.01926719571387652,0.016168281162135412,0.01841927930402869,0.019705713770202967,0.007660063011544929,0.007589951660953261,0.012365206013806187,8.453931546313898e-6,0.025325973116602528,0.00345848009832634,0.008836737871959727,0.005802262343639873,0.0005933492203617572,0.01677813932849983,0.007029689345619398,0.004683700974957921,0.0015021615210560428,0.0020768619007023857,0.00361441153440038,5.3605580487821144e-9,0.004640739188960114,0.007305851762327418,1.4605834130764674e-31,0.007022790358536966,0.0010218692314156999,0.005172823064926761,0.00184009055161769,2.8679377873608463e-15,3.9251867225220287e-16,2.459964094788719e-17,0.0008112143507204021,3.0980309700378485e-6,2.323245269466101e-16,6.5635750927966025e-31,1.7616500297697577e-7,0.0020273499725517088,0.0016325533767403283,1.720750755743453e-25,4.5775202441279555e-11,1.0206659626164255e-20,2.145828496212257e-18,4.497164222855605e-34,0.0014995489366663676,1.0301308242071599e-59,2.714574484801737e-53,2.626744644505921e-9,1.185925005938924e-47,3.1488458527458095e-49,3.151995740761226e-61,7.1688187237479e-62,1.2844659969331331e-42,2.287009565183649e-42,2.323524515112451e-90,6.15971701386195e-77,5.225270564701029e-24,1.0620698929867317e-110,6.83286620312438e-72,5.4714474660560293e-14,1.622747362297381e-130,3.5776729997355275e-19,8.052438178008759e-75,1.532319547099862e-62,2.4979754777856844e-82,6.510320523036543e-157,0.0010306588412105182,4.568408387925385e-40,1.5609338933240345e-94,2.2222629721800472e-107,3.0243113406794727e-87,0.001448055856007886,1.1446631402027765e-88,1.485422949761937e-14,4.4351547144127395e-129,3.7406791631005157e-181,1.3949726538633626e-112
9.926948733075726e-106,1.1366387814084814e-36,2.4357433429649033e-34,3.174165901186222e-20,0.001622964915200968,1.3279973200001806e-7,4.391540201995798e-10,3.4106607466163975e-13,0.008770246086701346,0.002557440252439766,0.0021503165477869614,7.976220207123096e-8,0.012323533221903897,0.011746181736627396,2.5466467809854756e-6,0.006231333659327455,0.03702514710092993,0.030939093118742166,0.03674870370260698,0.02156286550673315,0.014962958879460243,0.0105736007396389,0.011638526048519471,0.013781297326937662,0.010599128678237285,0.011317828088153244,0.03298239354176363,0.031967336119194285,0.018703887011692868,0.022821066832687975,0.009661631749475603,0.031053096280010517,0.008419743511474368,0.029211592602286687,0.034478623364590844,0.02773567301548329,0.01776118198606807,0.011330741958861627,0.018423990142187003,0.021480627950742303,0.01790403209717149,0.031624111023863026,0.03737214923194051,0.05366296918246004,0.020680277250374895,0.022758712098943097,0.017046162825119313,0.012009090698560562,0.016583488052941804,0.015026328230978594,0.0014830715379377066,0.016138923549384912,0.0013943539127475898,0.006859367937268835,0.009676261416987736,0.012528678628837669,0.02066054977886846,0.02488370652454874,0.0046297706466678626,0.018052195944681233,4.223120988641786e-9,0.006159548267101014,0.003496108031043196,0.006841289654322893,0.007783754763313708,0.005347219987682228,0.006207238700536426,0.007701491383634045,0.012317650778033457,0.011891401468741875,5.425415906381079e-10,1.2686170420707384e-25,0.004205908737780109,4.5911609967255555e-10,1.5041159491550968e-5,4.108990709751894e-28,1.6467311247684447e-38,0.0023867475482566972,4.676499193761814e-14,2.547170564713344e-34,9.63882354546498e-53,1.5794626504986894e-49,1.916806863397891e-92,5.053891605633935e-97,9.049678107194352e-58,1.793326986079142e-80,6.026231782892908e-109,1.2447634571904254e-149,1.7007456813436485e-141,1.290290263770287e-90,1.4011103923337427e-79,6.10089594593211e-79,5.000047097532843e-100,4.090515737208351e-112,1.7298940628836161e-43,2.622700956917885e-96,0.004086882400277053,2.0674239546586553e-132,1.049323442753529e-198,1.785540696473333e-128
0.0,1.1452749096015569e-212,3.550711221123421e-131,7.279521866927442e-143,1.4268241286983832e-100,3.959600241129909e-172,2.1255067659760746e-111,1.782908261261711e-76,8.140007989242159e-128,8.591570605299823e-138,1.0111940969647956e-140,2.741810850696701e-112,3.0515650508835866e-112,3.31002021697753e-116,1.4731627167828842e-95,7.324183887944143e-86,9.923298004036554e-70,1.9535561131737833e-65,4.526487865224643e-84,2.1901210705940255e-67,2.0973348465304035e-65,3.5493353131692327e-26,1.140413573553992e-47,2.1757570567971458e-51,1.7041922465517323e-38,9.906086276897156e-51,9.467655944910789e-55,6.223854694759942e-52,1.3377464208640173e-50,3.2609700390272994e-13,9.30301002156166e-56,4.706592615207929e-40,2.0068655792427124e-46,1.3826630502919595e-30,1.4194243092926283e-37,1.2566936917489177e-42,2.3530063949487023e-11,4.8130581252785296e-33,9.903985698794431e-46,7.789568731951544e-36,5.4733455651986696e-24,3.2535587989191395e-29,1.653565128241323e-25,4.029078510179165e-19,1.724167956788449e-24,1.925474906838308e-22,1.9756323553164285e-21,4.859700463613095e-14,7.148918845140669e-11,3.3477826610502495e-17,3.355478207569782e-9,2.1739045459309654e-7,1.1728116479068954e-5,7.96790356410998e-5,3.051344817360058e-7,0.0027748843764619016,1.3086814760673588e-7,0.0005678447782999717,0.0022226744519652985,0.016022867265296035,0.021949522854111,0.007673667384056339,0.004947888927586104,0.0019314747773656285,0.00669500422833086,0.014364843758140032,0.0016338532141105262,0.020189656585080117,0.0206023327058158,0.035115384487588545,0.021486808104296658,0.018731308482354016,0.04881411764338865,0.05598667577480391,0.05004068518736,0.05640475444105724,0.018048441569654752,0.061336822623639084,0.05107626449937031,0.06471020164413277,0.07498004988081608,0.05525152386063449,0.03621766621788956,0.03651437727125238,0.0559983299869704,0.044011830620911054,0.026441301260802404,0.015274745260481072,0.023318747307583137,0.013646992275096699,5.769155841960909e-14,0.0023936686187119214,4.765793017920763e-33,1.5367135115689048e-29,0.0028300154005487473,0.009700708277776932,1.2571336343507704e-13,7.424821252424041e-20,9.266140450601405e-52,1.672110280681426e-89
1.987068908738337e-217,7.12063148698579e-164,2.150534216808939e-104,7.234247245740084e-112,5.556272134060428e-70,6.692313441460824e-90,6.586454765586561e-64,6.66392777538371e-27,8.367813320072632e-17,6.299456474766786e-65,1.1196992964228122e-55,2.7161584573080775e-63,2.744799849335447e-54,1.053881533339702e-62,6.0956013858131015e-34,2.6043853074576916e-54,5.177228476162643e-35,4.077399007174466e-28,5.617026386148948e-36,1.467750158539434e-42,9.881926053958976e-39,9.497725201887802e-20,3.8273268182276855e-38,1.51042543415206e-16,3.215516370695644e-23,0.0022428091338874763,7.382026101002076e-27,1.3693460233976252e-23,5.6002099274421205e-31,3.4600651163162336e-16,3.713053064320845e-17,2.039131238596077e-21,7.903741086950288e-24,0.0017015217158772083,1.4744129892203432e-14,2.864390926752224e-20,3.706987784593225e-20,8.300729413802206e-5,2.3527057854990302e-14,5.6402466910103786e-27,1.2976566622674247e-9,0.0012055713920484828,2.165925844797272e-15,5.6899141658159344e-8,1.9307186225469403e-14,2.806477468078402e-7,0.048735892522439934,0.20316804844697806,0.20553589616641682,0.17964396817848077,0.1494144224970093,0.035716487482105055,0.007035338754676335,4.563373722853005e-5,1.1924047201863542e-6,0.028291230518515946,1.4417553683784772e-6,2.5951111403377086e-5,0.027027706247389125,0.008321487289651899,0.02536154265831223,0.014143753577920224,1.7187596432106376e-7,0.008246167149788418,5.720111481253713e-7,0.003498305673607091,0.0003813952163419476,2.3837194889670623e-6,0.00028162802881894037,0.026042535154262556,0.022915765288500815,1.910952975281104e-5,0.0008956089740367579,3.3314638225584887e-6,8.922817111031866e-6,1.2384400276599788e-7,7.311894772981869e-7,6.11210474022751e-11,7.811660230850797e-15,5.867816554644966e-9,1.7475479576454593e-22,4.251873591658432e-15,5.804466437040513e-17,4.057474947363811e-10,2.0754362981607978e-20,2.3103214850090057e-20,8.491990123185731e-21,5.389857387967005e-28,2.6977510767700373e-42,3.812708489401741e-48,1.6783061981425916e-54,5.581748990715093e-15,2.0130418205763688e-23,1.1964566788169961e-31,2.9720862126150623e-18,2.893811300576146e-26,7.069884173743848e-43,6.933690315898628e-18,2.361653668859644e-93,9.575020551498221e-107
0.17672826388927732,0.18753299095739875,0.0925109957734565,0.07494412367750475,0.09945924484923441,0.06289022905229956,0.06960661262291738,0.09039815998870988,0.026997501186690857,0.02281581788108735,0.007671833865271794,0.011906553065140976,0.016023406990779216,0.005221034345924766,0.00015058080271724737,0.00971627644436466,0.009129109232524005,0.009254948503098081,0.005534561012272224,0.002332694118254078,0.0008165064952097437,0.0014668447487717839,1.448864075293326e-12,7.65957437570407e-5,1.1865225796016926e-15,9.550026031919291e-6,2.2449366182491228e-10,1.0025001470796683e-13,4.0418194429028214e-5,4.652972613598701e-7,0.0030228770081663836,3.2538184675754296e-6,4.481080386200775e-23,6.644659000876535e-15,0.0011968745021611821,2.9856435356764946e-8,0.010447926589289457,0.000114493329933108,2.545985888424552e-9,8.396216267760613e-5,2.870817382830911e-18,0.00022351996686388497,1.7587921530292183e-18,1.649120777042003e-25,1.528745072715123e-36,3.898903504418032e-27,1.9571902538076973e-43,2.0540688607062e-60,4.2737843070017015e-18,3.2036051220237703e-15,6.769657536759627e-15,2.1534313553925464e-8,8.663265717667032e-51,5.988567808295739e-47,1.1374037951835118e-80,6.283062325670505e-45,1.115541733311186e-8,4.0756217724049834e-73,1.277338550826173e-69,1.8065030435083375e-45,1.4386747526116342e-53,5.0174797045607215e-28,1.5336978563822854e-92,2.29571976786101e-27,7.693114228765683e-73,2.38196038153842e-39,2.879085122012796e-60,1.8266492617846925e-27,2.326976502985509e-15,2.096742128460996e-108,0.0007563322466164756,3.833508664691295e-124,5.813968979121556e-128,1.6658574862552353e-126,3.862468280221335e-108,1.0280816041269294e-100,6.054756540409272e-119,1.0416454725394337e-165,2.3165292013075697e-158,2.0546570724232606e-123,5.058883869891806e-160,1.5340319819284265e-147,2.030438287223127e-94,1.4276043110042833e-241,1.3961343306136761e-109,6.673852604668452e-162,1.1940334168691905e-156,2.4169034771689983e-165,1.374752959999395e-159,4.957842109238729e-126,1.0359589765849001e-25,1.1846654992117748e-126,1.4316908860191519e-148,1.4680325486611545e-133,5.172529390392749e-20,5.647419549927448e-103,0.0009153762932245002,4.497862097743677e-189,1.993830676607675e-273,2.746384325010989e-214
1.5245382777498206e-269,9.910546826261752e-83,1.0601919330808825e-91,4.7783033975667365e-82,1.9526598992637657e-41,5.2596379085658056e-48,1.328365305109832e-39,2.4408167624532132e-23,1.443452852003542e-13,6.905254587652663e-8,0.023674962828449157,1.167629326915981e-10,2.440819892130025e-21,0.029846408650027006,0.0036239899631192425,0.02760758607680148,0.02061762852009126,0.03902440419495154,0.027727033936696177,0.03089202090886514,0.04009642842631597,0.038618112556343405,0.016819874846709704,0.03095072885281481,0.02175089749471048,0.027413458158410377,0.04994347122170899,0.04475277615052793,0.04590988156569984,0.024516850510698986,0.029022245748224415,0.022244663088760594,0.01077241389117435,0.028944439578604132,0.02282089571812841,0.023559158997662057,0.03501324970130729,0.01907080534417647,0.026333824962960082,0.012832086831352526,0.003842024838836706,0.03913194584726069,0.027315006571434517,8.894860143256043e-5,0.010141706075946905,0.008965700047354197,0.01313395563233068,0.014297332968028195,0.020600543718341847,9.994763070989048e-8,0.0073867278099874496,0.00341725072808214,0.0005274061391290787,0.0006220937883184291,0.02211600730890947,0.022842694439007674,1.576163652504838e-13,0.0002030843138334255,3.6879667901308916e-5,0.0008085142946602185,3.958591346852145e-6,8.469849693854237e-5,0.010528046946672894,5.209852767115861e-10,4.042471179237355e-5,3.4361035041153394e-18,2.741521719842488e-6,1.0740311047570692e-9,3.4260020773780313e-12,0.0010851808645592586,1.0270630679860578e-16,0.010664255763569663,3.1907483330537195e-15,2.073586730374768e-18,2.724081326265423e-27,8.311484987518645e-18,0.0013349919399374206,0.006377408931091769,5.959993287989252e-13,4.815247433019792e-26,4.059489417399723e-33,2.6602223921134345e-20,5.900530477781421e-44,7.905422516680955e-30,1.2161809405322552e-27,7.385519050285992e-24,3.897711022855325e-39,1.9787901673614107e-34,6.417529383656564e-46,4.585405810006024e-77,4.097453221557575e-73,3.222212977308598e-80,2.0139240711383808e-28,4.375434846820128e-32,8.967173603380555e-16,1.709484140886107e-58,4.707769490392929e-62,9.756228458609174e-127,1.3370340110573247e-147,6.622884960162262e-151
4.420215248469373e-219,1.684725635979468e-97,9.81228949234008e-12,5.7088000602060484e-39,6.3209188070449256e-52,8.763547253765749e-73,4.9510377446492245e-31,3.656346173261071e-30,2.2383557115948218e-32,1.0446496861442118e-67,5.949430521856807e-49,7.295315430279766e-17,6.511617855608214e-20,6.565784441440226e-42,1.0529203551311837e-7,2.4375850641165334e-19,1.9307844931932672e-9,1.1269600526728753e-23,1.2969232072642882e-5,6.52924730297334e-19,4.182288405497985e-14,1.1960198887203645e-15,3.632824475993607e-15,6.56091453894567e-11,1.6784383887618947e-6,4.807199678922643e-12,4.104541708809919e-15,0.0014522814004519213,4.546147975926054e-7,1.801430064152898e-9,0.0030227652042176156,4.016983423968351e-6,0.00699205819970513,0.027284765726416145,1.755782820266724e-7,0.0014920421374531936,0.016066977983230226,3.1331721809223463e-12,0.00025164893054885996,0.04166080814048411,0.004046066561145896,1.66798513059165e-6,0.021031956561175957,0.0009073717607152131,0.00907244662855878,1.531700099988711e-5,1.4655946759194273e-5,0.00048759661262709356,0.037731866007089075,0.0630032241853039,0.05878748779989028,0.05274979203835774,0.06934409720057884,0.04696966950763351,0.0001262552220663126,0.029892800787792773,0.012483888246525987,0.020536722928918484,0.029405418461102263,4.137576526209403e-6,0.008971634892686263,1.133118110302333e-5,0.015371490192753383,0.029095267814351414,0.16413768000125237,0.04598175516893501,0.015243374809014084,0.001136039424202119,0.028644045493065026,0.023101557407251536,0.026892542180437684,0.0007021606590360308,0.002594530733185355,0.013063860741224656,0.026116968159555134,3.314950361770098e-6,3.968605310035092e-9,0.004406523409378471,3.3653143618768636e-5,0.0054418620844452455,1.3669528432536097e-10,8.47479114011371e-16,1.285201321576222e-20,2.7915882220040972e-25,0.006820769994966381,1.214420498576475e-10,5.580395760463449e-31,1.2214732385184606e-19,1.8110817448624374e-32,6.683224737324046e-20,3.139101014825799e-38,1.0217384988081077e-13,7.338691572757684e-18,0.017970257940383313,0.009404184475690696,2.2022367682745613e-10,2.639875208272652e-21,1.374149152816061e-20,2.260596736910784e-34,8.219001917800934e-32
2.703778145240212e-176,1.4395316655289315e-56,0.010403347769733878,3.607914376392187e-33,0.005626314648057854,2.584746790466669e-40,0.010314651941308603,1.7572737474948868e-11,9.28910190807552e-33,7.700849574884191e-53,4.730357623346044e-31,9.058426326069704e-50,1.9209510804850683e-5,8.9235842595656e-28,0.0031552800622508506,0.03876125677039529,1.5991893752179587e-9,0.0078709361515489,0.0006985281946527972,5.314069739184845e-10,1.444240297380501e-17,7.267983852717842e-28,1.6940280022001374e-8,2.868127380895902e-9,0.041231107670827355,0.03613311540821127,0.019781040828054184,0.013486641837372077,0.029598526716946814,0.05275198303075527,0.007454781659793106,7.297878071718741e-10,0.009897949826275941,0.049377920429347626,0.03457257211634667,7.224424458826755e-9,0.020279188666009283,0.015696592343796438,0.05631102665354673,0.04418136522011275,0.03475314634925468,0.03785078507130472,0.013672137533513547,0.0012074743842803279,0.01653302102272574,0.08691408354828942,0.013433768498779412,0.033272530516850043,9.989663271168315e-11,4.603630082360937e-19,1.2461533972024423e-12,0.015367575727437839,0.04565682923645974,6.666325481073101e-8,0.030773537973541324,0.029364700046837108,0.007538962676275952,0.02671176917058148,3.04740843670729e-16,0.00858718906544681,0.011013534329656472,0.00241370820031689,2.2509151737166123e-14,2.3235986926073675e-22,1.4935813487075318e-13,7.766231593874708e-12,0.03590824743090258,2.2537665947757064e-18,4.9487537403480375e-9,6.074204449200375e-23,3.2568981355874905e-7,8.305566074570196e-12,0.014401427048616059,2.333632015696881e-8,7.968362658193811e-11,1.4062418216067935e-19,2.0620908848640144e-19,2.078956290073985e-28,2.14585762157226e-28,2.460910666836656e-36,6.158817066946965e-26,2.3490305211393696e-24,5.899993670262644e-19,4.2797899034280885e-37,3.737008215871384e-10,1.9999723266696302e-33,7.549474339953165e-49,7.304740139084382e-39,1.6938769163914016e-31,0.01611544430359294,0.010864430697940203,4.460283601411744e-14,2.5684579945241004e-32,7.62892883019685e-8,4.1826653322086354e-5,3.380809568604266e-20,1.5006456793280102e-26,5.648890939823008e-9,7.835959473034144e-56,2.4120004332010013e-44
6.04150621627913e-310,2.4974748052467045e-177,1.8170465418120549e-59,6.153497383097187e-20,1.30861497007795e-80,1.1592576900287774e-88,2.8938401133193687e-41,2.904123950127948e-19,5.01333308202281e-44,1.1158500555231452e-8,4.610830312537005e-31,2.368023830186787e-11,1.4157695996866397e-17,7.827847289461068e-26,5.684248894339471e-17,4.934009472904439e-10,1.3893567021057642e-8,1.2244444045843614e-20,2.930994149651308e-5,4.869894802152652e-13,0.024742373476053084,0.011016723819316442,9.727585906292485e-10,7.03746622366015e-8,4.252320071690011e-8,0.008374478739673149,0.029067632690253104,0.008083623321168904,0.038982241783982255,0.02588620546494262,0.017773076829235023,0.010919089337741168,3.0975401693705637e-9,0.010624623214118839,0.01198099608661235,0.03321709439286124,0.03009376873542725,0.07217328144278116,0.07759243054294367,0.07355157193755155,0.03985265496419225,0.05410170413945286,0.060376130716929335,0.0152972841186022,0.0001646486902546662,0.00011268339248693327,0.0020729140221084656,0.013005277626878175,0.009454934039491296,0.0004184385017926881,0.003039510467009854,0.030562445905839463,0.0003021000296847478,0.01986668977904291,0.006784700863555505,0.024781932107364967,0.03951198067765265,0.02532033361663932,0.03186922271212354,0.024450636175303846,0.012070418763015204,0.01592741933742975,0.027895971443721995,0.012284284053942622,0.006695168400830698,0.025609397120100973,5.695047016770985e-10,0.007069445080993779,3.053572337013335e-8,0.0035483255736240386,6.469066496144812e-15,1.677705467523084e-9,1.416783548055567e-6,1.7816461913130504e-12,3.8873583412116423e-10,1.5876501355536202e-6,4.0917573409893435e-5,4.333277783856182e-13,8.996780890159516e-10,2.4747691196873584e-14,1.1258381016406478e-27,9.88651980907977e-18,1.3868510668088663e-7,5.152303049473733e-24,8.87248407761088e-21,6.506784011652074e-11,1.9383023673043383e-32,2.3470224392215558e-6,4.389571655371788e-61,9.026208266990391e-51,1.0390583647204331e-56,3.320886129209569e-11,7.596890127954254e-66,4.917052081765006e-43,1.1078833349587756e-43,0.003396281377958404,1.96012151122037e-6,6.686401458355476e-56,1.895805521817882e-96,6.307995614846077e-73
1.9906687223901635e-154,5.331984619757938e-63,3.1476702612812553e-63,7.514823470060714e-28,2.295775922416832e-16,5.535455009306607e-22,0.007473859521767206,6.178274566645292e-18,1.255806216854925e-20,1.3669697047389193e-14,1.1134147457168313e-40,0.0026329731958784244,2.0577138743210698e-15,2.1392617000170188e-10,4.388917811297039e-12,2.619152507008992e-22,0.0058272267536593645,0.021223108966595336,0.037988455290079264,0.04441848084371003,0.04705897907997369,0.012512828568098143,0.017611582782397602,0.011274417913253718,0.007351146681342786,0.016877871871726687,5.586199461261316e-7,0.008092348015116104,0.019077346559641224,0.014601965559950301,0.017984046030434332,0.013311004758957775,0.02762752386364488,0.024922238980031527,1.4783664516241268e-6,0.008053234491069037,0.014528663590233727,7.943158102612889e-6,0.02614172532164014,0.009389325262451136,0.027880794599721558,0.010898175448302046,0.0005390864718445127,4.5868957127679964e-10,0.04217806739269557,0.0466007509323338,0.023437993163697816,0.02774650766182531,0.03004326899017684,0.014369329812379254,0.024252921400336042,0.009307685052000716,0.018749976530501082,0.015014937529635987,0.007262381295510118,0.01314263779104878,0.011895360433604637,0.005572584662326552,0.03453241200519786,0.016843585780453918,0.02085211487928953,0.028860041505679657,0.02564743297019345,0.015016797364947083,0.016057708290963008,0.012718402549782348,0.007643972647882905,0.007346605939091113,8.315958244621544e-5,0.009714399867090391,0.01363690596322268,0.006268516301036229,0.008714566777832257,3.694093376378047e-17,0.01437925928856495,0.009537808077563985,1.1356472728201874e-34,8.245774780660001e-25,0.003638324992238535,7.83823814871852e-14,0.0013347203310804677,0.00229047097013468,3.4558608172114975e-57,3.039288088984959e-72,2.3958596852546706e-53,2.132961503470526e-94,7.982227279277889e-108,2.866528851634075e-140,3.785011422448403e-115,7.153171527614039e-95,1.6678301019856909e-81,1.1277057932648282e-36,6.775990089795918e-107,9.907423376812292e-69,4.8814712892020055e-57,2.6352859521879378e-58,2.4116176045961275e-11,1.1675828219383678e-147,1.6226685520076697e-184,4.32906835454463e-96
1.0079742966251198e-225,1.3563078243411488e-111,6.70080045387736e-89,5.231819303496906e-78,5.225342113159843e-57,5.594720078621249e-78,8.356376313361825e-26,2.9477195454275603e-27,1.2740439261704192e-40,6.042844770494476e-50,7.71862569570088e-48,6.910296552347765e-48,9.001773691694296e-51,1.96955085629601e-40,2.3588661652820288e-12,6.110636162818546e-35,1.3868001090295646e-16,9.411492479695911e-27,1.582747454487309e-14,8.468895313312188e-10,4.692926431416585e-19,2.0830666068825905e-15,7.267667187280478e-19,1.670606173221364e-17,5.4455957090109375e-5,2.9918145359749974e-8,8.268812812768273e-17,0.0021406811201022695,1.3260186834304574e-14,9.382620747981479e-12,2.1625363749929586e-12,1.1678914326620551e-11,5.4177269380519503e-11,6.680099089710975e-5,1.083237230104379e-6,7.890313708516888e-13,2.393317321831329e-7,4.934561524196578e-7,7.728806813999339e-11,1.3150173375249723e-8,0.0006626847469396287,0.0008985863860184848,1.6381238351211792e-7,0.003872138511462713,0.038603459339417626,3.004474461833267e-5,1.3902292818360406e-5,2.706380066732693e-6,0.00024887599261237887,0.04810209088926119,0.008485958868026415,0.014440524911118606,0.06490320188522165,0.0348236352861584,0.0015527051797212105,0.12347698697633576,0.15055202551931524,0.02874388708417619,0.001297901950498877,0.011918479133391724,0.009973899449958601,0.05712647582713945,0.09090835400252584,0.024166597410273983,0.06862202051900156,0.02560247259035131,0.002227337130513627,6.04573209035159e-6,0.026885563221804007,0.07466320044208968,0.029672204232267553,0.020780881983750887,2.6031339329021457e-5,0.0012975268952837846,0.032849511080681106,2.465085761404931e-11,3.5136398436252824e-8,2.0472208772588794e-10,9.660024845825843e-14,1.0738142616694645e-6,7.968068944002917e-6,0.00028878688937949623,2.559484921655659e-7,6.348156680065354e-25,6.631261247100621e-29,1.3058866828713516e-13,4.6416599284012506e-17,1.8289472675160862e-20,7.423799712867309e-32,2.0826828373402867e-41,2.2723264917882955e-59,4.4431666016157735e-16,9.508186859921405e-16,1.774262319954274e-14,9.615231550858801e-20,3.4588934794732696e-37,2.0551862987140197e-43,1.2196200343764819e-57,3.982749272272131e-88,4.0009464482632195e-94
2.2502845134431507e-181,2.3482568576553288e-57,1.070514237644245e-57,7.779390756055228e-42,0.007290998827653293,3.467599427583819e-19,0.0065861207017677325,3.752487099570842e-9,1.5820114141795556e-35,5.5074216402955e-42,6.3653564774907445e-28,1.4630193809088588e-18,6.910148145274392e-24,4.420623044367285e-23,0.00013811062005956442,3.224794963752119e-8,7.53349109312183e-9,0.0085538745881821,1.0033432755202425e-5,2.00220528404854e-7,1.3383204251648315e-5,1.0507948891526349e-14,0.0025328420983601985,0.08248335701861967,0.10395902268483578,0.05014219729089182,0.08557185050955532,0.030245501802337687,2.2352994696837273e-8,0.026840002310257096,0.04314450399347425,0.011199777342312965,0.0025357148458008357,0.02661125425647988,6.496936876129637e-8,3.267677404546657e-11,2.7953501094870802e-5,0.0004828766521854585,0.05402630328559672,0.05890156686086136,0.08561962611276296,3.201552400234026e-5,0.005769606464247526,0.025417388621991704,0.04589091339007445,1.1143112526219443e-5,0.032477966679509696,0.014877133991701859,0.02071943831805903,0.00021189089555509867,0.03292218408748214,1.644705796604972e-5,0.0009334070920981153,0.06029794463040859,0.025507864041064254,0.0008833802694413962,0.00011310943354218761,2.42479238715065e-5,1.6563745224246575e-6,0.00015472156178188674,0.007099967345170302,0.00927535458989509,0.0038867706662823955,9.954729874967364e-9,2.548424886079427e-10,0.00012661768478042568,1.361779988722654e-5,6.951748269062587e-8,1.964362756599794e-14,2.1663479741292155e-13,2.0708009171907047e-7,2.253046283332191e-7,0.017855226304518097,2.6670838666182535e-22,1.9596261272067837e-14,0.008558822585380512,5.868369778256243e-30,2.9834625853166124e-16,9.204346416359137e-9,7.125745357213305e-22,1.4811944098920646e-18,1.1956447857040458e-28,1.1739964939264166e-13,1.1658140415962984e-54,3.104680874331159e-16,6.075303335699488e-29,8.44977985243301e-58,8.444261087857164e-57,5.379351593265745e-72,7.363958998894182e-41,1.3368185977676083e-62,2.1469988644045457e-67,4.822979862521534e-56,3.439188140807733e-6,4.124172708433637e-27,1.3353794947321903e-33,3.0463830208509374e-31,2.313063531889592e-75,3.6815975755630694e-124,1.530455985324771e-95
9.704018207703528e-198,2.2548640779209326e-70,1.8419368007589843e-17,2.749791581498376e-41,1.2163724776573863e-23,3.3793736770767557e-49,2.6843736174702542e-14,5.245277461294585e-7,2.249861055201119e-22,6.416844971001284e-17,3.299121062800687e-26,9.24288918666576e-24,0.04098608553552741,0.514915511792843,0.17465883637028093,4.2698807728794565e-5,8.173720526310948e-6,6.496633213659068e-5,0.02403289639568175,0.010994478361530188,0.002393683757868187,0.029150171881270472,3.348846457248358e-8,2.2365206772285957e-8,1.4255936898359733e-9,8.919133862270454e-9,0.0011389066190310689,2.5389690786621337e-12,0.0012490839140360842,0.03302303870542197,0.0005582711614916419,8.006921299417636e-6,3.2936676401573596e-14,0.008479221908741981,0.012679721458929002,0.009570374799007648,0.010343848995781857,0.03688458821602026,0.036108527599185626,1.783064694091635e-7,0.008152118108738182,3.1113268365702905e-6,0.007103196491852071,1.905713509668055e-9,7.965957249469606e-5,0.0037838602479119375,9.774469637731265e-15,5.531999164888905e-12,9.307632581498825e-17,9.637158349828652e-18,1.8159449944354046e-13,1.2587215231019015e-23,0.0024503097173138298,3.742302964745618e-9,3.2580648873849668e-18,6.152276280332043e-20,8.952457910833165e-10,8.61558789654387e-28,0.005102070331237675,0.0036401796524937495,2.8168850754773752e-14,2.227323312433472e-11,2.181812241761537e-15,8.595181497466862e-9,2.863990250727529e-16,1.318924107648114e-22,0.014390158878113684,5.0902400389046565e-22,1.844615363432347e-31,4.7264261804566455e-11,3.5197004863157865e-31,6.072620705153163e-20,1.382335244818836e-30,7.984649870571237e-29,1.3338113002864838e-52,2.9915789968580087e-37,6.73699087273543e-52,2.9669197931216475e-67,5.103692577243273e-74,6.525413068113048e-75,2.2431411715140684e-71,8.718666223577357e-54,2.770473080346204e-25,1.3520469090415103e-113,3.67629395121544e-66,1.312366485476264e-45,6.682217651692707e-115,3.6974413116618353e-90,3.4878122864882974e-110,9.194048509171615e-81,5.040938149669909e-34,4.979399756748006e-52,6.431756139668681e-20,0.0041806672272025076,0.003822790942516322,2.6115762527672065e-55,1.9165862002205945e-38,1.9878665080042258e-104,9.4284077926688e-142,9.250140060763685e-104
0.0,3.715133343962363e-192,1.4896936354723353e-40,0.0010751150245087372,5.709346651777937e-113,1.8191674663722433e-131,3.158912719971536e-80,0.002226940137483885,0.00047729625786363083,0.0004993870954921977,2.1946796722166405e-149,1.4182406723464205e-49,6.197697584384503e-105,5.154005407261331e-115,1.2880008987971487e-60,0.0004774657824693097,8.794357957133286e-35,1.9947376538844845e-11,0.000874924692311732,8.653950886621994e-63,8.538807613796997e-74,4.8263116075812e-34,1.2709632731188435e-10,2.8716926245974306e-46,1.8176895459491592e-66,1.2864937922243315e-25,2.1136478459729463e-14,5.3954302851842374e-48,3.164222033551025e-35,3.5726433075573215e-12,4.775751747288211e-61,5.508735264477297e-6,9.11845383284316e-90,5.719323373590106e-42,1.1706881916683652e-63,2.808494325123322e-21,3.373048894175261e-36,0.0005993866848613379,1.308534771257893e-28,4.324486456616961e-21,3.2338790047496567e-19,0.0015352880041034937,0.00060830109739707,0.0001645833626998374,1.4125527513231716e-31,3.1112792206454006e-47,1.9332019301868007e-49,0.00049390163824218,4.174662870529715e-19,2.3216216068457408e-17,1.0522189859599335e-60,1.9647496412583838e-25,3.4630898303942725e-35,6.894323603765698e-14,2.06575459357932e-61,1.2249817754732957e-19,1.1677356800532602e-13,1.3609756628855355e-6,1.5810691362230056e-41,1.2309314536026744e-12,4.206849487825703e-9,8.78721814981415e-11,0.00040403138473336247,3.151507067488902e-7,7.012591889879765e-23,5.420788433463728e-35,3.5104052472922448e-9,9.470519498928585e-13,0.0007530089544264326,0.0009517358413280056,5.336924093512538e-16,1.0238909769045936e-14,0.00017273774166792278,4.646473576921549e-7,7.037189601231161e-5,0.0011416937114638193,5.298136089953061e-25,0.0006580388506301487,0.00037608831363987596,0.003131467863483598,6.131408683881018e-25,2.183402157336114e-5,0.0007816527301946285,1.5622567543984337e-15,3.67794505769887e-11,0.0007251324808977821,2.1791526431351182e-14,0.004302693250006352,0.00544241153779281,0.006295530289055655,0.012658965686248946,0.03814212220768576,0.10029946720336771,0.11340059179080125,0.05998766891751198,0.0787790855704934,0.08810820807185621,0.1285200761430057,0.1758904528822932,0.1699446853784628
0.0,1.3937683498481016e-137,4.133620980915087e-61,2.4824927484789796e-134,2.034160196916052e-116,1.2108621091215736e-211,2.2091009331314416e-134,4.420292981293908e-101,3.917368506942004e-77,6.424604570121057e-165,5.862742516308284e-156,1.3190115351716453e-110,4.613215855782816e-108,3.07105419115547e-79,3.961178808052559e-42,3.5742091472182846e-88,8.849111669867988e-71,8.76722169766249e-53,0.0028539020837832297,1.6168340731742582e-77,1.134292006597566e-76,1.06535257013333e-51,3.219748975325421e-30,2.169543399168261e-57,3.015816262442684e-57,2.8032857988790566e-33,1.5662414177536185e-18,0.00013891114180215885,4.2631097627305116e-43,1.9273324099730427e-24,1.7107959863592979e-16,7.596277239996692e-9,4.7262514161300834e-30,9.169552619075347e-15,2.6263381563111252e-17,0.006038611894566122,0.0005900191534105756,0.003456089482329745,1.6376771021872603e-11,0.006126941571555306,6.021951242782249e-19,1.6106110821752772e-27,1.75479995563367e-20,2.102646660321376e-25,6.379993368982228e-16,4.1902496012717564e-10,9.257104363206986e-5,3.167547783145286e-14,0.013622669332254736,2.238460880295474e-11,0.007006426880321505,3.937920869972057e-15,0.0050768726390584785,0.006330110024774426,0.0018178628615724453,0.00015988687724351392,0.03252629980297088,0.00909131922042127,0.027297344121125076,0.018339928177356052,0.024556498003491335,7.474279987619944e-7,0.0030509166773531765,0.022189557843267826,0.018327830055647455,0.04119904005262001,0.028547017006541785,0.06313794515527109,0.02597881343442368,0.05248582891729254,0.05980741939984572,0.07765740171779723,0.00022084470838286803,0.05632101172638468,0.05990076782710581,0.023033395410184766,0.030383318855872938,0.07708146838021725,0.06225048665865471,0.06211121263643715,0.04706514614213591,5.415464304999319e-5,0.016045004974386802,1.9672299410363108e-5,2.8159331616970188e-5,1.413371509422471e-5,8.07955710336698e-6,0.0002517219754352617,1.5521070518717095e-7,1.5830309620686685e-11,1.1024193480651669e-28,9.22054974246597e-25,1.4414204520686325e-12,0.007706475631182973,2.4135830989169554e-10,3.3322284696558245e-12,8.377326033908769e-13,1.66004312208615e-27,1.0430247505170726e-42,1.447126584592e-15
1.5199470845692925e-156,2.79411995939811e-68,5.9018876163152936e-61,8.407496579955714e-62,2.2943493070273988e-23,5.693955748091373e-38,4.0332494422171787e-19,5.474504933698971e-23,1.9975895449792728e-9,5.8790730042211505e-30,4.016095480322472e-17,1.9654564506609557e-17,1.0608990599571363e-20,3.7340324869517667e-13,0.011879260947830605,2.394231889427249e-5,0.044374568754134605,0.02810286018535334,3.785509696928106e-5,0.01935341540990542,0.0006315702652420698,0.0025691831549368225,8.922656862444834e-8,4.5393132438008305e-9,2.3515779306721404e-11,0.019934387785969232,7.673165263553479e-5,0.01733788543952941,0.026808251001285255,0.08283781391491553,0.005050136179294977,0.0044487659826090735,0.06407675910307442,0.026512363779061014,0.032286964372948576,0.06564965299279123,0.06265751880753608,0.049997153194646496,0.023490342373029518,0.0326704422554197,0.06231979872143032,0.13093806321771162,0.03803094209544857,0.0028900848218674315,0.028747892596321326,8.838182581888808e-6,0.02810243331965282,4.2734714251402616e-7,0.001268780328625282,5.213401799054778e-8,5.3103841483105e-7,1.6225583073410346e-8,0.0011049938693583415,1.4006245331806816e-6,5.668589821325313e-6,5.860562660837424e-6,0.0003570073005292867,0.013424446615120742,0.023923898759772685,0.009670640784320656,0.007583347427928926,0.014808887337149962,6.161437089450164e-15,0.0071671634232120295,0.004271541661309378,1.1385692166321013e-10,6.270996089624412e-14,0.00022508966254985378,3.8880756081540734e-17,1.324859083056623e-9,1.2970057072223513e-9,1.4869106768824906e-8,5.468500455999198e-21,1.1808148772784125e-14,6.456895395974006e-20,8.051624429541512e-8,0.004334173376784784,7.780831448053517e-16,4.05110211108261e-31,2.506093679919043e-28,9.641911631198595e-31,1.2223368973564144e-23,2.715105197350824e-13,2.899776824853741e-55,1.0716194124913624e-38,1.5334934799238094e-27,3.090312336901414e-50,5.4406055069274706e-45,4.121918960089684e-62,3.1373312909677136e-32,1.9018584211606932e-59,3.0787572887340706e-55,1.4140339192823594e-44,9.688760711388343e-10,1.3047547144709577e-10,1.2872803932119654e-41,1.3538650442645724e-55,1.314606707803664e-94,9.806072052505948e-185,9.366078254759248e-123
4.826892917664119e-168,1.4211154337300083e-65,5.480643803213564e-16,0.002794543612378495,0.002342123170245455,5.7798228884400145e-39,0.0011856553844207752,1.0627303870637491e-9,0.0027315971652638275,9.273103371098292e-19,0.0116233208387454,0.11399384187919744,0.10046972983895487,0.043950650993420624,0.06202489493657901,0.044402901706211875,0.04084973733038806,0.04570962772863107,0.033125761615536244,0.010826692260325758,0.02187538654761259,0.004736265244814074,0.004533087304273525,0.024922804356442892,0.025542664436301602,0.014477967176726444,0.03005071048176004,0.01257872389967622,0.007791655044127255,0.026666752237604004,0.026288983566785516,0.020262965600178116,0.01905220374830873,0.032256408401665236,0.03202120326479425,0.04184538988825992,0.015893383405972652,0.02081045961735371,0.021970540512857146,0.013813198321597204,0.012536873133333747,2.9423164269038106e-5,0.00521634403779913,0.005106342487150439,0.0005364822354580899,0.01023561654979349,0.003051518169344335,1.0320824103698592e-10,0.0010660729421441018,4.4380345145433036e-10,0.0008923989582671119,6.719199849880711e-22,1.420931026053331e-12,1.0052464088272973e-5,1.6464596677854848e-22,0.012980552230521832,0.0013148554914942517,4.494414656074935e-16,7.2820625559973135e-6,1.6550249811107265e-5,5.128653391542876e-7,3.0478329886227344e-8,1.9004085555394478e-7,7.82800888692658e-11,0.010720148689163602,7.842150926407873e-10,1.038359079227841e-18,0.0028512246567497894,2.4766221038929726e-6,1.1380728596376605e-34,4.117140826066875e-7,4.681634274577029e-15,2.7205453532384384e-13,8.912816411078097e-39,8.944289666105555e-23,6.339030805832647e-26,1.9188878305147566e-22,4.1812579399363225e-42,1.5577257841915725e-54,2.3435169929843274e-7,4.2431346221276826e-57,1.9162193245692998e-59,9.635881929359968e-54,2.032975627397883e-77,6.820263806918473e-58,4.632931422444586e-56,8.077697338989969e-58,2.092478702771467e-80,8.843341640988867e-101,6.403589904521085e-92,6.105375805902831e-67,8.164973949193783e-76,7.126059092879154e-69,6.552602249851682e-29,2.572414299261248e-6,1.364141926965159e-79,9.264063865069909e-76,3.363644369572817e-149,2.7709721110906076e-221,1.0892669101692394e-115
5.256039308762122e-291,3.606166737307639e-88,1.4797276982354464e-120,1.2084638020156673e-126,6.618539740191485e-57,1.8452799414642862e-70,4.1750027093007507e-22,6.457820891522118e-18,1.7926818584244219e-35,4.049758917181416e-34,1.6207364586321756e-17,7.624040354115315e-32,9.241408335388037e-33,1.7610955794893327e-25,2.145185534847152e-6,2.0488872699555173e-24,4.478473005891677e-9,9.362561845054968e-9,5.789041614508975e-6,1.260285072513436e-7,0.00012561178481920412,2.0152653944301347e-9,4.7571872881903676e-14,0.010250339470028997,0.0011263617172827924,9.224721372115423e-11,0.013139225545594248,8.880807956304867e-8,0.01566837465468862,2.9476597532096218e-8,0.020734854530781974,0.008765886601557124,2.5913077402157347e-5,6.369708913940816e-8,0.010643506897439002,0.007143550281329663,0.004783054730935913,0.02247773223790569,0.0025263316789852306,0.02983888249911668,0.02179785064150247,0.0004779475290430846,0.03004603936931498,0.050600435415316634,0.0290935084743347,0.02935711368832764,0.021772077698908314,0.010073527111454443,0.00986637399841798,0.056150430371429846,0.010051143495045378,0.07819304164152904,0.01017173307881961,0.05180680950441556,0.04637014571873895,2.1132001719714011e-7,1.254861813555096e-5,0.0226962105138315,0.031908595283405984,0.028347535113734428,0.03510052750926452,0.007158337370748829,0.0065138381765951795,0.036268749794286965,0.022327814989045937,0.03021342072795642,0.008641793920848644,0.01751490741916502,0.02056730151667625,0.019432013033330243,0.019629846347947677,0.004527378818355445,0.02655619193952996,0.020587754283403585,0.0019796815244564558,7.503802238614087e-5,0.009927797228976703,1.4824583501398504e-7,0.003663625154535076,0.009502956900472884,0.006725145943849809,3.730879043238992e-20,1.4873552931456244e-20,0.002839577558242011,4.9056763090507694e-33,9.574767010806946e-18,3.3283872342640144e-26,0.0023553410582347846,1.1663018483815863e-40,4.987972823672601e-27,4.8594455479551527e-57,1.1923154069920643e-19,0.0018396497387580142,2.7441343222975323e-19,2.974899861020807e-10,3.1110811795747474e-21,1.1938878976383826e-49,2.9046108241149216e-86,1.4965236937019353e-161,1.5682410684465482e-104
0.0,1.7558311343445394e-201,9.773462514073833e-63,2.9993096125998437e-140,3.9276547703252276e-132,2.573537155414948e-198,9.568586371121833e-153,2.932332917262357e-117,2.4432879594978613e-110,4.45891223122839e-161,5.587602307624325e-181,7.792695677933134e-96,3.798393714448171e-129,5.426728000684461e-90,2.022061098438827e-90,2.2743594717911315e-95,7.503852398324382e-81,6.380221696652344e-53,7.276395219681143e-15,1.7295995180560827e-72,5.480778412191471e-77,0.0014944995019446601,1.688812488771711e-62,2.2503558704220803e-54,3.7451814034660495e-75,1.5807193282404306e-52,1.5947717102269555e-55,4.847481478904199e-8,4.179811050788472e-72,1.305593447086458e-28,4.470767752304399e-47,3.0592450711227074e-17,3.6093439133071716e-43,5.191654495557504e-22,6.489998364011614e-41,5.4196813091703056e-15,1.8558980760850367e-26,4.447376869010783e-17,1.323111772903699e-28,4.107084188676772e-17,2.107366673458914e-28,2.7488443696074238e-36,4.193327515417278e-44,5.190992708839412e-38,3.0085299980342292e-15,1.8680258653492135e-22,1.8167984834478127e-7,5.89252960950554e-19,3.015441125596358e-8,6.2790617325348376e-9,1.585349248754545e-10,1.7108339603261345e-19,3.585393124773811e-7,1.6235514624211976e-14,6.355962044225544e-14,0.001488433662870627,0.0012967566915654508,1.3691269155449878e-5,3.485733142805284e-10,1.7927250233695167e-13,1.6725884828002507e-10,0.00841881102520045,3.281975261456544e-9,0.002788194465663645,0.00034467196520590924,8.061561098364806e-5,0.035023667833501144,0.015279047637645203,0.004859532265264935,2.489921227035723e-5,0.0015969845757734147,0.00831283195673666,0.054214193608749364,0.03521220511958194,0.027053953112432874,0.05335923576095125,0.06760578853677937,0.023072882434510954,0.019646311102170577,0.016867542163072784,0.030443391833660984,0.06198706029553122,0.07333575002954063,0.1194222520518458,0.039505376688197154,0.07156588813573966,0.07086621594222207,0.07276718605310178,0.04828293139503424,0.0013973566348891918,1.3631871883452498e-15,1.5920224872733177e-19,2.3573838172401456e-7,7.664341615734332e-7,0.03236913630845159,9.282900983488742e-7,1.4557197388256276e-7,1.072128195645219e-12,5.331915645067758e-35,9.5829239272527e-34
0.0,9.144686975389424e-163,3.8081926214469283e-50,9.91739091830895e-137,4.491017947170093e-145,9.270459167578068e-193,9.738881821340322e-141,1.802736602962869e-101,2.1861993033288932e-102,8.190206157399465e-146,1.1707865886676527e-116,3.7645777113574156e-87,3.9115740065364287e-126,4.724780222958713e-90,5.11271375520319e-71,4.453606552540871e-89,3.611249544099146e-82,1.838393644800087e-46,8.250694641233444e-20,2.6860271168457683e-87,1.121796945701556e-79,2.090900235468546e-42,1.0492947518176379e-13,1.7031704067769564e-42,6.476444562200168e-59,6.539934306243668e-38,9.648264435748607e-23,2.0743927060159495e-5,3.6924401934543146e-47,6.906357534102572e-13,1.565551335931524e-33,0.008495785478269761,7.728974747796869e-32,8.914447959003254e-25,3.750875039863756e-20,1.3976643230897823e-9,6.092452450743617e-20,2.3594384667654506e-34,0.013131442586717529,1.5322992189412522e-5,3.5455804671423466e-14,4.675011412387783e-31,3.044820679396824e-12,0.004032849899196801,3.4357573411035357e-6,4.7999262949341594e-9,3.2154615783819705e-6,1.990466532710331e-12,1.1192543812226791e-11,0.00931071533274929,0.009113652936522984,1.065520487857323e-5,0.010029684067737405,0.03591778156393412,0.06543583773293472,0.12500750937875874,0.021333150816484014,0.08039660304791789,0.026932836735792536,0.06341407197262097,0.00021383549576526576,0.05464338912237916,0.025416719063986775,0.03450037708782374,0.04446108726278806,0.04352775961509577,0.029391025331827376,0.01105916216082592,0.009678587765629928,0.009216972373209311,0.06838041822364703,0.020781274245391553,0.015773195190095696,0.004393570908483873,0.02566322452676994,0.044353943775587025,0.033260080799541306,0.017436588289451497,0.015562741257460662,0.004018495556908043,0.0007592974070043394,0.0023811864472872033,2.4976738164517927e-8,0.00014835674779582216,4.562590898201253e-5,1.3382100082313035e-8,7.631933627036885e-9,8.784799183686428e-11,2.2241159727620986e-13,4.8497124778916724e-24,3.7614121142025097e-38,4.61939824035003e-13,0.0025273332851826476,0.00014528275979294953,2.949855214504955e-13,0.009655122204354058,3.149877800829242e-22,5.493949909657884e-26,1.2946527130898475e-42,1.4260374116360409e-27
1.251294837972117e-265,1.4631261075343817e-84,9.919129025657092e-82,6.79484278011147e-119,2.0651781875999632e-81,1.437387693577725e-77,0.0014998669208905523,2.543452366010874e-68,5.542846794650892e-34,1.3429700389932528e-39,4.989600272067903e-46,1.740779037983763e-46,1.0020251999198126e-23,5.5410707497406726e-42,3.5748807991878116e-30,2.5824137806856435e-14,0.00013621702243672422,7.474296243662159e-17,1.666713579103694e-22,7.811248096907431e-16,6.481059751790873e-22,1.5482532998201918e-19,5.1169946263847555e-19,5.80554105203346e-18,4.130248002497361e-19,1.3270153040222035e-13,0.0038474069325543396,1.5026535495259404e-11,0.00848929908229578,1.013864936199679e-18,0.0041938863301618015,0.005261765400004579,0.008709764412985219,3.202908525863833e-15,1.5074222276341907e-12,0.009749327470825301,1.955866661792456e-11,0.004032986320957247,0.015284076144069634,0.0047790678199359175,0.009355630712118855,0.0020549679549924545,2.4537679556268095e-10,0.02511965221418488,0.015115744896942895,0.014240384536496464,0.006852317664154764,0.015543370994840103,0.0010695719116193623,0.02746087309882609,0.09572227255544175,0.09094244945187514,0.09610646576387259,0.10918717094934932,0.05773410331934535,0.011496880941738813,0.014089450431208891,0.0010421170819578868,0.00680757322028824,0.015270590512188216,0.016671163401262363,0.019834850550646748,0.017375689968301283,0.01837684496488747,0.016272975148931237,0.009689315444597025,0.016585114143137354,0.0360386170794661,0.02841397611711072,0.023634241084878174,0.020293919903555464,0.01936482688773498,0.03593194938581813,0.002593172942623423,0.008119334603339027,0.025958608196673,0.0003346014736988405,4.386325775844262e-6,1.929685448037952e-5,8.47252143966571e-13,1.2042067280845858e-9,0.0005514370946060455,2.7688105900610054e-8,3.503294481188571e-23,9.21743985926836e-22,5.45605507787284e-16,1.1131846817146858e-19,1.0952429315902417e-26,3.8279227718119134e-43,2.6463388152603107e-27,4.7800460073269284e-40,4.990413575615257e-62,6.866405138400868e-42,0.0027403971851248446,2.1061673584827893e-24,2.52086405793483e-33,1.193163650345196e-41,5.467674156699948e-69,6.345941580699673e-91,6.156379174173146e-133
0.0,3.0015587812682685e-99,4.3388955701939293e-54,4.74269408034032e-115,4.0198559732134307e-73,4.0667493787700724e-99,2.6057334356142194e-51,3.840985933237287e-10,6.747238974567437e-50,9.123456336934724e-96,5.2396960374981085e-104,8.983700699556586e-97,3.3951514024123856e-65,2.533346963172124e-60,2.1093134889813258e-22,1.3254679749174714e-37,1.4030182499448452e-31,6.165912865631824e-25,7.002949295382211e-36,5.2002239398503005e-37,7.549608951996393e-11,1.3207607787603255e-42,2.7591627959904824e-13,2.200657033249924e-20,2.687008206516976e-6,1.7161047370229894e-6,1.2965926667911936e-16,1.1010009134021183e-30,1.0407666564058522e-36,3.6156489110313195e-22,0.001776245157435958,0.0136625410404856,2.142324838074797e-27,3.4668802274573036e-5,6.373726937566329e-13,6.55135044520994e-14,2.9083788042417767e-9,7.28455511372054e-7,8.495768175745425e-15,3.3316373656621535e-6,1.452386944584868e-6,0.01602169918591218,9.769049754526082e-6,0.007993908032408768,0.0015149957914131998,9.33782868998822e-12,0.011600157430405473,1.3719008385772304e-14,4.827357636632273e-6,1.4361360315260931e-11,0.012671596089374041,0.02888782713586593,2.6679456966447658e-6,6.392780765286439e-15,3.065312938357911e-14,1.5500256804356005e-10,0.0001909061948300833,0.017076006454322827,0.014522179985346316,0.028493674169372395,0.005197636661350525,0.010984513389657884,4.270913419245552e-5,0.02479881583123919,0.0005943134492483066,0.03483161032128338,7.943031722229148e-7,3.333711874660509e-11,0.08843183877825564,0.027342953217422174,0.020654575139940255,3.5024674909874426e-6,0.0580872640384975,0.006923492125464067,0.052975376960455726,0.052782221918724365,0.032061824897227406,0.05252374161133679,0.020455214832444137,0.021353683006473383,0.027560160590653693,0.04668074625527823,0.04590234921459124,7.113654953077848e-5,5.182258624746504e-8,0.029409924446071923,4.496723960598813e-9,0.043045270523675794,0.008091246204300838,1.2129873510101517e-13,5.198167371846289e-14,4.802440451458003e-25,2.599001272862056e-9,0.02871328694400977,0.00407775142092143,0.10192795131080833,4.465414460284824e-7,2.2624550161809494e-25,1.013513376640837e-39,7.931960842801614e-19
0.0,1.075449899106588e-183,2.4796555151144416e-61,1.7511603995946742e-138,1.8869106839881636e-181,1.1505747186242635e-198,2.835132130541886e-185,7.373570357089227e-161,3.329040054560504e-157,4.196127351119303e-167,1.2886023754354734e-133,1.0112985589088296e-79,1.7399674198607994e-132,1.3153577863075532e-108,9.407789869910572e-116,1.289157595830321e-63,9.328064842868792e-104,1.0717646644003269e-14,2.7043066440961786e-55,1.0560937071146839e-76,6.654266272827927e-112,2.457309875897727e-58,1.571749419824972e-50,5.491668127654435e-49,6.294641879188349e-47,2.911419388463028e-54,2.9506253398572997e-6,4.265074368495972e-27,2.0584101767481267e-79,3.076950450782553e-35,3.343432612165098e-55,1.4391075810698194e-18,2.341460824852342e-25,1.6246489124063027e-53,2.6814643366717288e-45,0.000756281037341982,1.2180146806417532e-24,1.7791890813362007e-68,8.3582932959266e-11,4.736051140397648e-30,1.305513227312894e-41,1.730925378578961e-39,7.189188353863462e-15,1.3942052243363625e-8,1.4853425599614145e-7,6.858249206013143e-30,2.9196968769579485e-29,2.5603097188398387e-33,3.2970382035598967e-21,9.415616524791805e-11,1.9114322725566652e-26,8.161733267130528e-19,5.669698698277293e-7,8.319112310873221e-27,2.1962302902668986e-15,2.6752332037334594e-13,0.004362367707627028,0.0045405069237618965,0.012988771150553174,0.005185413961045642,0.009972814813729546,0.0029112080360872658,0.020059991371071683,0.007498170238394851,0.007836670412655984,0.026394292981183634,0.01893009265126448,0.021143640387957,0.030197299475504386,0.03638713656371038,0.028640276556175574,0.03496788900174954,0.05634620583702166,0.03187691762294657,0.02676358621406284,0.03517227614466037,0.045449840729448396,0.06006819707167189,0.06494398641300633,0.07078415303766938,0.07150567085366293,0.0598142932558347,0.03417611156074997,0.03351065561133899,0.029677141504362087,0.038368002621164785,0.019979302343896724,0.030958574142903594,0.008877323652377953,2.2718432671584155e-12,9.507923581605909e-17,2.834318208228553e-21,7.842396836143584e-15,0.00033875736210479273,0.002775544444975414,0.001779640774605551,0.004057315279896375,9.022513458745427e-47,1.574097886806074e-47,4.9869843218108965e-71
5.012982482480084e-21,5.924908319972455e-70,0.0006759604174024174,2.722825914802393e-22,1.0775395136649e-8,0.0061842367473569325,1.6679841348215793e-10,0.016527390209620477,0.17610543503195425,0.2942703991377128,0.23269300692179745,0.010335825297843717,0.015359593155044654,1.6858740672642327e-10,0.013279044950826286,0.008573453829443967,2.889454372157302e-7,0.002057726199629136,0.018123604637933066,0.017038747628211687,0.014567841499013232,0.013510383484005769,0.011474425605264883,0.0033200290074165083,0.011250861227318658,0.024618251713260413,0.01558404496813202,0.016457208044468336,0.0034634906191355667,0.006563071388717947,0.00297412436989433,0.011969414178087145,1.3914316940603217e-5,0.016952844238785535,0.016520544425617466,0.001222168882267479,0.0048397755154987055,0.009272838758889675,2.48466098352302e-10,0.0022171816877295967,1.4524573782139154e-17,0.001982828919973525,4.195333037069391e-21,3.5879177081369714e-17,6.101059325117098e-16,1.1664289739396997e-32,5.160338919517202e-32,4.979033279728028e-17,1.8210490709760676e-13,3.5301301516340246e-31,1.964873911801758e-32,3.092860651406072e-33,3.5241766513607557e-36,1.2560837756639484e-37,1.685713159569908e-17,3.766077078686965e-15,1.948866609988518e-42,3.0193372713227613e-26,1.8283271511524367e-30,3.339050171444699e-29,1.583171052461138e-8,8.61998224323276e-35,9.659801803255956e-11,1.6751626174840663e-8,4.0059433915499744e-19,2.187573547660376e-42,8.949587547783348e-50,5.362708209068459e-36,1.4306815359585148e-48,5.54220488585177e-44,1.3916901334870907e-67,1.4314801054312672e-57,1.1240006364758554e-55,5.393862691663993e-89,5.629055791616501e-55,6.403246624234266e-83,6.051457216146934e-77,2.2365422918779516e-87,2.2813481860323847e-103,3.0534783036182593e-90,5.221373581336212e-119,4.078214874170759e-89,1.7286090816995623e-59,5.221508238675033e-124,2.9023831183066307e-102,7.821939321502876e-135,5.261784307638366e-115,1.8797032648515568e-163,4.565346321032356e-157,2.9302552625390775e-155,6.218842141945628e-62,4.161597302067854e-107,4.790749239860565e-156,4.76654785081475e-77,2.985547890822163e-16,2.0689374169906753e-94,4.574371097702977e-68,4.5855824677955647e-184,1.613050679599692e-272,8.45176505090004e-142
3.12254730595341e-288,2.515440199287018e-132,2.7989275471540194e-52,2.382552694445334e-107,2.5712885684207415e-90,1.1750331217529914e-123,1.2095365208006633e-82,1.2718882207184058e-76,1.0255747022363604e-56,9.689377648737688e-105,5.627097484939943e-98,1.8888913124237832e-73,3.768503551920252e-81,6.991291940301096e-51,3.927603873525515e-53,2.8682643431780005e-41,2.174744761657776e-36,1.1018026424424866e-30,3.0912053798787427e-38,2.2126414179448867e-42,7.950131319872826e-48,1.729347190945038e-21,1.9201484194573071e-22,2.1111677326277556e-24,2.6413643348567096e-28,1.417154823454533e-11,3.426079957785603e-16,0.007870379954177789,1.1151329924457773e-17,7.051675019003615e-6,3.8713463338705944e-14,4.271351076414065e-8,0.000124271349180441,5.443443220766027e-13,0.012299176491101606,0.009835014788273443,1.668772379650689e-11,6.984457993987444e-20,0.009499405001857033,8.762216956078269e-13,0.01612958617954688,1.214866508966867e-6,0.00348146610080862,1.32261633002655e-10,0.006188153610474952,0.03411484980932628,0.04805259541136623,0.002365142392547567,0.01834016802659618,0.006063467512635502,0.0039613707413309945,0.00016377251509769954,0.017457891231031163,0.054821156561203774,0.027211415686061342,0.010271841071358565,0.18284343729123823,1.589571717116724e-6,0.023100500934704043,1.1624231639442264e-5,0.16258326326722744,0.07451029525029934,0.0005276081984724262,0.07574297422134971,0.00018755786396038054,4.880269595269239e-8,0.002140395381770829,0.04739259156817049,0.0026727937615892245,0.03112097480288768,0.004992722480899832,0.00275175713717165,0.0017362198810438937,0.03009201858266941,0.0219913196316714,2.0075071101095192e-6,0.014533842844672473,5.571821548677793e-5,1.6058693581240793e-6,2.3576376861685627e-12,1.1488800698664293e-6,1.3139746121347575e-13,8.256923656052189e-12,1.7165475583558717e-19,1.646109275508064e-17,0.006525804622568275,8.680002238381835e-13,6.0012932787731895e-16,5.453402862174632e-24,1.0008555479361376e-29,2.488698259584421e-49,3.377173972378803e-26,2.6733285611438843e-11,0.015298733967609756,0.010922011339997284,5.713255098115185e-15,1.0317419946717156e-35,1.2410630236154855e-35,6.153598609314162e-39,2.2819642068140864e-42
1.849688128314766e-82,1.2952655356280778e-39,5.641843945020131e-27,1.1278012381524232e-9,0.0007960308816200709,7.655611969299899e-17,0.006722311534817565,0.012032537791102704,0.0030381526729897222,1.3955312274197925e-24,2.0446521087521733e-20,4.847109699125489e-16,2.8405018635381554e-6,2.9324257156801345e-5,0.002078489924094902,4.7212651339192404e-15,1.471282637173496e-6,0.018050509250163667,0.00785524158069569,0.035301483946421165,0.016670562375194885,0.03986568521378846,0.021876289958544792,0.026392866028544022,0.033843943144856864,0.03841901801197136,0.036326025209110394,0.018436166270241448,0.014104101838151063,0.03355295027253011,0.014535984115145603,0.0410265224550638,0.02357440371481611,0.01323538979150477,0.04172710749740597,0.04772904782043416,0.016309331782076587,0.04030141842641494,0.005487145936633026,0.014803726221649107,0.021103408993518834,0.03506081044024171,0.03794123639064185,0.03265393111306214,0.017034667866419,0.010162928449606612,0.0070209514481618515,0.009995407352182363,0.0030804301844695797,0.013491695229940872,1.4069655555939806e-5,0.016107050988925523,0.026595935187671827,0.006062582755923915,0.014778369378763204,0.005079589741245327,0.013137924418524237,0.008257318237843477,0.006409764634275523,0.021197631541745428,0.005541576847464075,0.00292102126540085,0.002449882870123633,0.00677710969200708,0.005205501444275462,1.8422191878766604e-9,0.008106692341061135,0.01470900240890489,7.565574517206605e-16,0.003726652623681684,0.006816977141724278,0.006090732409180637,0.0017787122915629012,5.589886064697443e-12,7.661596751625678e-16,0.0005631289682394698,0.0024108699447156078,9.218851799203406e-74,8.396776342510806e-33,0.00358986592273257,3.7437898943856603e-34,1.1134037857353647e-14,5.556829131916508e-8,5.893383250246481e-119,4.315477384951909e-7,2.1321714731910546e-65,2.222492337455617e-96,2.1236635129539445e-94,1.6740899746270287e-137,2.0907916132747707e-11,2.0778877335271512e-105,1.1986839896421611e-58,4.4799445392186864e-114,1.5469472852757657e-82,1.3476739264969435e-29,9.039868916378033e-85,5.199720132651361e-21,1.2077019728662727e-150,7.539146919481889e-209,2.742396916426546e-126
3.0946000011931315e-239,6.913651265928757e-133,0.0008839811275045701,1.398503439274216e-20,7.67463808738897e-8,1.032376216575461e-33,5.1961849246253974e-20,4.620240600817171e-7,1.3919495989787447e-12,0.006441764555558285,0.019741807603813076,0.03902136718443546,0.050365740322535206,0.02066606848323073,0.011915788678749869,0.043576630791429025,0.03576595217355847,0.05049945912754738,0.029867911098186473,0.04330568752433589,0.021802016457776626,0.02728227011669565,0.028886633293365507,0.03362351696032087,0.025437901787188823,0.014279447060597755,0.018878968301520613,0.03545214773768205,0.029916844412624002,0.017413983317122232,0.029233298637174818,0.026251775822819012,0.042819181809065236,0.02365079927908122,0.016030389508821078,0.0337952279917238,0.03468091795506377,0.02538567549027563,0.019026200554328104,0.012054631229966155,0.008735759085337332,0.021540963417256535,0.018024487856185715,0.0016803364704936177,0.018944022673732498,5.368732366912185e-6,0.001675941314308455,0.008794103858935837,0.0007590390224370602,0.004042835399758073,0.020168030267206465,0.0007738422479284739,1.0272477214221533e-11,0.003867831380405972,0.002871833076254677,9.25632745577476e-6,0.0012290395802184327,1.2631914285985392e-7,0.0038378331498773346,0.001153104012232085,0.003844064166246555,0.0010104604664224759,1.5478574338152497e-5,5.639772287837333e-9,0.009061704089035956,7.696445477488241e-9,1.3592147265687466e-21,1.4029763854647554e-17,5.360314844897066e-34,2.0824645088919385e-17,3.49781109201452e-33,2.1479572549750815e-15,2.3122305169007957e-27,2.033301322227178e-31,4.120213049600151e-32,6.315953245549924e-30,8.349621247589906e-38,1.0250556667422948e-42,1.5591804850362856e-53,5.520262694172245e-22,7.331742206686486e-59,3.6978408061575647e-75,2.3119606238589217e-39,1.2702886638541235e-66,4.896034909266712e-53,5.084255234532174e-46,1.1259115006088323e-105,2.3058110980518195e-47,1.2673554573732674e-161,8.005887458044139e-93,1.1943382978815934e-51,4.446275169097952e-32,5.019404048484437e-40,2.213361556129726e-62,7.79644666807966e-54,3.746706903300671e-24,1.6179002725998206e-32,1.1457482330583415e-121,3.6975644004691204e-185,2.0507797677664856e-92
5.566552736762376e-298,1.8935420391626574e-239,5.600127464952991e-77,1.8767322835654013e-34,4.907778451733646e-65,6.799098722664777e-118,7.214455291846441e-75,1.2598147132176163e-42,9.754041390077933e-69,1.3263338695956343e-51,2.2293026899878184e-55,5.735888342156146e-49,4.548564169351028e-53,2.0372593294424922e-67,4.428657172329747e-51,6.044976899559723e-26,9.029257015466418e-22,1.9257140268757914e-37,1.5391598101641567e-32,2.5655452790972487e-36,4.596380151476704e-31,8.116994808097462e-26,2.7937617261583646e-27,8.368697284575219e-26,1.4712030023498797e-18,2.052795856275444e-23,2.0851765195041009e-16,1.798520110507139e-15,1.5560752845824466e-15,1.0330982160004432e-18,1.3168363131137772e-22,4.833484192619218e-21,0.0031132422314648195,0.006981572162091113,7.634956288955069e-13,0.00021539486432192509,2.6571244535244816e-14,2.4287924952307403e-15,8.258670834078255e-9,1.9671030645575305e-11,1.5219173471442634e-8,0.008100487741785818,5.449939555620925e-8,0.0006902730994188423,0.023547542032407387,0.025981542292137172,0.005836784253833092,0.03440474451724876,0.047750269316439636,0.030275156968876536,0.04015250421981128,0.031936728024475766,0.0028762018273578937,0.02971092252399206,0.03306506272820885,0.021080853596067393,0.00012015170194324695,0.05244299643448035,0.02742523157418413,0.03383642926224507,0.037960328280856305,0.04874455276143295,0.014295916536137408,0.04048041693441467,0.006344911628233267,0.017030928780427345,0.03431775553604646,0.024677963360373138,0.036126547289234055,0.02795878140373125,0.023072083163298077,0.042389322109654036,0.05450358816057387,0.030970210126751375,1.3769790024097363e-5,0.040657214574439667,0.018892154652443593,0.005350939582337572,0.008179277110391858,0.0019989360182081067,0.0016433144707775577,0.0006775511702539262,0.007984495752147018,0.0006514809716189172,0.012537251956840752,1.9963531870149453e-5,3.996726129091806e-14,6.532595703961632e-6,1.3250416018763396e-37,3.3604944090913407e-41,4.574084792181737e-65,2.9448642592780755e-32,1.7104182703176588e-91,3.5635651919039125e-60,3.2398048180789054e-26,3.1435447645088284e-24,0.002969642381240344,1.104596240174007e-25,3.544768202482889e-92,1.797593432058696e-75
0.0,6.0846277609625664e-117,1.4119172519248222e-113,3.205783778086376e-162,2.3178206206627635e-124,2.598302789042924e-87,2.5571763327157414e-35,5.817410489915277e-73,1.3611493909072967e-71,1.528270403652021e-43,3.9384637817255273e-72,3.230096199037295e-86,5.0516732138693905e-76,1.778953572221616e-51,4.191405873863786e-50,6.032328462939467e-54,1.9623925952532386e-34,2.3474054265048897e-30,6.7669749680806e-30,2.762792205440138e-20,1.3600006124903783e-17,1.4185352103685578e-38,2.9228120868234915e-33,1.9807580434989774e-31,6.103270246842638e-28,7.954100187500618e-20,5.849879305749988e-13,4.870042225282409e-15,2.9467196412800617e-24,6.240388764805148e-23,2.6229738621418116e-19,9.012890832202744e-5,1.1567568833897545e-19,6.274954525031378e-20,1.4999087813231853e-18,1.1688856894975758e-24,0.005840847298310267,0.0011971325837535295,9.69158564007407e-16,4.6159829535515283e-23,9.008004515703608e-8,5.416292632986942e-7,9.896097898775208e-14,2.0971975877228825e-5,1.1346943451314677e-12,1.2121421488856057e-18,0.008946227768700452,0.0048308663038654845,0.00010869265441238215,0.0030800974468276985,0.009429940867932791,0.0024615078873785443,0.011591785294432982,0.005614818632191715,0.0072989335045924525,0.022802950445806876,0.020669424349388336,0.010976587295500289,0.01252134311636465,0.01702120951974236,0.02921542430048663,0.03376506504044327,0.0317631734403483,0.03213664374881327,0.03398777804079733,0.023457401944416246,0.040151357221432184,0.021832846533891226,0.011500129456891188,0.02069477859761543,0.052698781893500704,0.05012994168676017,0.0013199357821909916,0.030750163146327628,0.03015112829517806,0.06912741175141913,0.05558421396539628,0.04705262357426507,0.05244513088470826,0.026628968980566853,0.014814616572159947,0.027051287869665572,0.02490261413911202,0.025284356710212105,0.020156716609055138,0.020643126856908993,0.012657188020901954,0.007166406578577742,0.006113845301758794,2.567811356004381e-13,0.0009434687974353639,5.332692853690945e-33,0.0013131026345701683,8.010865161822396e-8,3.471107127281189e-18,5.61939502856558e-5,4.669268433970006e-13,6.719145757953119e-26,4.609561999689315e-33,6.03460421608971e-125
1.3219968399310502e-210,1.5209486926078957e-153,4.0455777746455134e-89,1.312742283651206e-105,1.3100588581431807e-60,1.884905903883481e-88,8.491106036291443e-44,1.4783062626816706e-31,2.7245174211080504e-32,2.05870045855111e-67,3.231627664434259e-73,5.3885990893605946e-70,2.416251532941672e-60,8.989591791553155e-56,8.042136025537732e-44,7.107512646768364e-54,7.103414692555556e-33,5.8635348742689985e-31,4.3078561315155375e-30,1.0985196933196574e-14,2.2265297577853765e-32,2.19651728021059e-17,1.7146662579830037e-28,1.03543814755856e-25,1.5007925995430288e-20,8.702777568142774e-21,1.7016699947363279e-15,2.580105579003267e-10,1.1112338873723434e-25,6.821435162092091e-7,3.589902693550177e-15,8.276250683969394e-8,1.2569395325314543e-21,0.0001842661698880708,1.020031706531974e-13,8.988519425635641e-21,1.5633375589527421e-7,1.0790519230453794e-5,4.803154943585893e-14,2.8772191191029586e-22,1.8842906432177907e-13,0.0033885906579173854,4.927719910025944e-15,2.0687786353489877e-10,1.0431176701993043e-10,9.01947628152538e-9,1.1553199536005134e-7,2.0869391333267203e-8,8.79236624976414e-5,0.007406630179831535,0.010155196603405213,0.059862064764642314,0.043726805854502344,0.046999551591333025,0.0712805400138466,0.0008520188396976997,0.010968439802907477,0.06079699277299379,0.04540192250612272,0.009348596096084443,0.03681867306083889,0.02081060341005106,0.04986175381461461,0.019788808121691166,3.652647042514075e-5,0.06470627945223378,0.0438337966774022,0.06319285915987972,0.10494627337414954,0.0011369108102119976,0.0020726704775674318,0.024926036016500692,0.0338872973096019,0.016193578244372744,0.07324948676694776,0.00014864170754901423,0.04403437085839777,8.780881249723249e-12,1.6235486564218552e-5,2.7410197735562357e-9,0.000148815313519269,0.008816842739776638,0.02090212573296664,3.75518059773275e-9,3.847762754104554e-16,7.810225312373558e-13,6.1454856701871e-18,6.098131782140469e-31,6.675024016089702e-40,6.801217891738392e-31,1.0626477811691498e-63,2.669579703276061e-38,5.458652451120073e-19,3.6584703586924347e-9,7.565402210239974e-9,2.810300750104878e-24,1.4042008363684803e-48,7.081961368936495e-36,9.512267792003411e-58,3.742669080037471e-121
1.6437634724530406e-264,6.476812045709212e-88,0.0012276696196876216,4.6131425829293915e-9,4.0684113154756014e-48,4.2509031905790717e-67,2.0308021478246452e-39,0.00012137332517687415,7.176098669102929e-18,1.393572698329572e-32,1.2101864170504467e-128,0.00048519780810198776,1.170621811586305e-25,2.188902283708209e-68,1.1885489784873328e-11,1.0664658595845885e-16,3.797013766589894e-18,2.2694402434790885e-5,3.4547554462861996e-5,1.5790831211686583e-18,1.0598789588798416e-33,2.846715937546095e-20,0.0030218678449417118,3.383609139418385e-14,1.0466601398561046e-30,0.0011015417738793004,2.3265528365424934e-23,4.410687725314963e-18,8.380351562179803e-20,0.005304933726377516,0.00650538737165315,0.0030650823454406195,5.197030925737602e-23,4.759656893698273e-9,7.230897801385497e-28,0.022704764774074293,3.469768388576725e-6,1.1450333077749848e-21,2.0489638510201878e-10,0.004172034319031256,0.010767273371928553,1.3526085604897236e-7,1.3224637876477088e-15,0.014431425077224672,0.014866213834770322,1.2652817468185664e-27,3.830096475310438e-14,3.5953153374491845e-21,0.015626651675978192,0.0209724858185465,2.1079009126325533e-31,0.004686342109045546,3.2464822390507655e-5,0.0112766572495959,8.939957526380345e-23,0.0007619844124777434,0.019273359282162412,0.015655573747464503,6.933296440459785e-12,0.009024003571910277,0.006477512395835511,0.005916003848607132,0.005500898524487829,0.014347206804554813,6.205373841037223e-7,0.003352090675737223,0.00703989726837775,8.189671603248349e-6,1.5319043158863704e-7,1.453499873662944e-15,0.015076394145136899,0.02049573621823114,1.4241715704842886e-6,0.005699355963418641,0.005851020090327841,0.0068160647179298026,3.605522622108432e-11,0.0002856412826694435,0.012167916541729143,1.0000126803536805e-5,2.4862655409155357e-12,0.019850892458967394,8.230817190874095e-8,0.006870098671787625,0.00015797156862466403,2.67448933602657e-7,0.015673615967734023,0.0002825624480928024,0.01139966575832945,0.00026889850992349644,0.026759087856742983,0.010736844785786388,0.015472335055497456,0.08652209924478158,0.14201389899148484,0.11674340475386757,0.1668707824959218,0.08618578376248326,2.9785545983565103e-10,4.3693704468920426e-7
0.0,1.6739410098462076e-198,2.3116467340837147e-69,2.2225855400690575e-120,2.9984333877007135e-176,1.1722053443302453e-200,2.820587975812909e-187,2.7789397679171828e-154,1.5595711838178295e-136,9.97646477585322e-145,7.611257126962465e-179,3.9178821719873952e-56,2.8539371250375294e-146,1.0425372506462022e-139,1.1807627525900581e-116,2.8757524338364546e-123,1.178356777844755e-103,1.3162451126810084e-27,4.0293953172858693e-50,6.454299840784502e-79,4.924252566495622e-139,1.0179823091281522e-48,2.783334004019611e-126,2.12605488707602e-72,2.6057176773377376e-84,3.487208367714133e-60,2.9846521399264065e-70,1.3878455604854187e-48,2.221219161704094e-110,3.2087630867493776e-55,5.570652536759593e-82,2.1340746215199852e-51,1.7575782831296183e-64,2.645735272328606e-63,2.327497928873863e-107,2.9920417923216815e-12,6.762414795825215e-43,2.4473060232632923e-64,1.156823791447287e-45,2.3197875801706462e-35,2.3520152310610606e-59,3.622471602783129e-54,1.6413616300143132e-77,1.6948523391718116e-54,1.0544656275281275e-29,0.0004147078751023521,8.972713947487252e-37,5.3040834003821906e-11,1.1819211861292028e-21,1.2986966854139073e-32,1.2954132876910344e-27,9.717572095949833e-35,9.687376067420352e-29,5.545768626519095e-30,1.0705793900957617e-29,1.1758634135581694e-38,4.63632080039869e-11,0.0006834807549880856,3.5466737916882213e-23,5.942917217657733e-14,4.30256426582798e-27,2.935384402375736e-23,6.101930838045325e-16,5.957288024341178e-17,1.2698602210766107e-9,5.96649849215899e-16,7.247162188957837e-16,0.0005481160408017757,0.00046036220392910355,0.0003958192673509024,0.0008965865256780194,1.2751807830410472e-7,1.6464006129577341e-6,9.270791925332861e-5,3.0731622868063165e-5,0.003219972151069012,0.0020259496698033976,0.0027543186290412925,0.009638992955027601,0.013021143975811212,0.02315423116050778,0.028640419712415745,0.04114087078349841,0.04753953383184627,0.05939921083007537,0.053912164738136086,0.08406452725924322,0.08358108215957964,0.10263274456149528,0.13230820383792607,0.12382956326456526,0.1076282223785233,0.057801835201954976,0.004607845262090748,0.007278284324325973,0.004343816949291021,0.003952778862771504,2.015906567802071e-14,2.8657733118916975e-43,4.39470863504893e-45
8.923284266432876e-139,5.774646880697989e-71,8.322423688944023e-45,1.8037587590669959e-7,4.459166251563754e-8,8.447785560552893e-33,0.003159458712091145,6.11065407036467e-11,1.0595500724814271e-18,5.227507073990616e-21,4.2735784849162316e-13,1.1570432556088808e-11,7.186399356681685e-14,3.92119162807235e-6,2.2169714171749738e-8,0.02627639136498374,0.03580242139809338,0.03866565554510771,0.009007975832928136,0.05593853433646174,0.035356963265455926,0.24354302159126665,0.228691738686976,0.03902121917955812,0.007334750835761429,0.03891978616649606,2.8911207101543358e-5,0.004407027964932294,0.01815818983923337,3.9147799283619413e-7,0.000663863124263096,1.7868113831118545e-5,2.7972761997865603e-5,0.006612131856808299,7.045613006786528e-5,0.021204421640728208,0.014664704613867765,0.029403035849940248,0.005259937231715038,0.010972309347510366,8.853760860272938e-6,0.00023255677037192077,0.00991917727015142,0.0003493343581877638,0.022456041786662988,2.640725659222088e-5,0.007488592062387262,0.007554943626630231,0.017327393767896954,0.00859993957481388,0.011048509211851033,7.028807698508094e-19,4.2386394915030064e-11,9.245191452048238e-10,0.005565504680184991,0.019195233640698625,1.0993673007999875e-9,0.01258153664164311,7.44918624417929e-12,1.7961335735104656e-7,5.095923067328637e-8,1.3416985660835369e-14,3.2946956555837056e-6,4.226799799329097e-11,6.628409124054525e-10,9.275766452151229e-5,1.1198858788861762e-17,0.004336382794969819,5.625745383693629e-22,1.2701726014746198e-20,6.661300629753505e-14,2.0976153854206696e-21,6.07194032759011e-10,4.956193220261471e-40,4.579189977212077e-16,3.0101332725971635e-22,9.841089405749583e-49,8.405998982867634e-28,3.872089668928795e-31,1.0776578415896611e-26,1.0037829326898122e-50,1.330804824467816e-50,1.3664221010552913e-63,2.2739534139270234e-59,1.2785676553351674e-58,1.4324472200105262e-46,4.1200298316188304e-68,1.3718597603391038e-79,2.3726275836700354e-115,2.3520959751715843e-67,2.6058688175070687e-78,1.600529807025422e-48,4.988775740319903e-77,4.727102881066517e-22,1.2483157047915633e-38,4.181219520249302e-52,1.1339663534500487e-60,3.297722222273255e-166,1.6682004779475737e-214,1.9134466770991188e-113
6.029263089081147e-284,9.017686500058374e-101,2.2731700652450034e-88,1.113895288196013e-81,1.7333557586890736e-73,6.142350382182633e-101,3.108197914181066e-34,1.3298479297085887e-29,4.878369443206576e-66,3.590073283920328e-61,2.05471440618167e-75,2.3163168991200054e-67,7.034346806920324e-65,6.818287292344151e-70,5.2117067299408145e-46,1.2804207650264756e-44,5.621753307619975e-32,4.429074594484597e-36,5.749093938338761e-44,3.571953993912706e-28,2.4261774289807867e-29,3.6088136240135823e-16,2.564591726491119e-24,4.501814336314793e-27,1.9730439682950254e-23,3.8911623745582946e-11,1.0252263575675835e-23,2.2217862846039458e-20,8.940394626948292e-20,2.8634636643662363e-12,3.3859262154283497e-22,4.344270245528426e-17,5.079896142843839e-21,2.1445589009494795e-14,1.4489550728990537e-11,1.2246694770442392e-13,8.607503113940628e-14,6.176938136941185e-9,1.1760813059820017e-12,3.202288159477798e-15,8.873928406092863e-10,4.743011112092365e-6,5.932274844325765e-6,2.076578678174231e-6,0.002018341070168033,4.50061624558406e-13,2.925179308309543e-7,5.50008403449835e-7,0.00017914377281499246,2.878896874382021e-9,2.6171755968788955e-6,0.0026515719525708544,0.009237528765783378,0.00843128560291601,0.0008322144075465471,0.03831969157070869,0.05102081203799028,0.0398169643737052,0.04279386447029244,0.1465077955480588,4.84147778367833e-7,0.02412055435312015,0.005442068646047319,0.09092261405871073,0.1018223547531632,0.019078630377375883,0.08599672852172117,0.004643489609244948,1.1476384159981629e-5,0.07195213065501556,0.06431507263243348,0.03872154725378959,1.712660144478277e-5,0.14418704152808998,4.034406733531032e-5,0.000966898618312366,3.966773690689566e-7,7.156576271961937e-8,0.0019508870247943518,6.437915931604608e-7,9.055952400417785e-11,0.00023402360619715007,0.003749923836321595,5.1320187806350026e-15,4.6203062294321926e-8,6.248341370143443e-14,1.8021183856584464e-9,1.017367144370388e-20,6.6028319136462316e-24,4.891900751685656e-41,1.2761583419169091e-49,4.234622261739997e-22,1.807656438414594e-26,1.7034482797560975e-19,1.793246793403699e-14,2.2317823800313517e-18,3.366408587976509e-36,8.053919994356363e-9,9.850372212322186e-38,4.780443069214653e-84
2.2699898515043537e-215,1.5591358160818573e-157,1.7583344248464624e-10,1.9140114471454709e-16,8.266258648393103e-22,9.452061824429269e-20,4.0290320043864896e-28,1.845245315977973e-5,1.9116227824570215e-11,0.00478915394455272,5.034607027973763e-7,4.873253723880206e-7,0.000794188426401331,0.01191208577367309,0.019365711355276306,0.012510654471228186,0.07080098012655614,0.03147788726552925,0.04460509614313299,0.04018724904323787,0.022821642877264754,0.01682212114816076,0.01711195586072988,0.016788633160665402,0.03154616089338814,0.007095562284639806,0.008344296204911263,0.034908388254912624,0.006080609468053733,0.02723066644568551,0.022111918830503223,0.05168994608556732,0.030324854400024047,0.013888467385028724,0.04520908846422734,0.007207863668454854,0.02829420832950721,0.006925260199086358,0.02559273992571046,0.04672288155201858,0.038266556033432333,0.028681893253786388,0.02870578535707919,0.023502481253253427,0.017413222426264436,0.024049211852702455,1.6010270709121957e-8,7.861801789040065e-7,0.011389155094955347,7.88944505673054e-5,0.0003902103695938131,2.494589727571468e-10,0.014403847150472191,0.00010163639511798934,0.024263742159223715,0.00904250266916178,0.0102514931320409,0.0016084827538199523,0.01538635848485587,5.055465171378737e-7,4.0241799435633374e-7,0.004759093990357072,0.00045809463613388107,0.015960236518615414,2.112822805805907e-17,0.00853927021606642,0.007438831349371176,0.0030786669561005666,1.3598653491367213e-5,0.0015668579328394236,1.6489399904587554e-13,1.3666415035670264e-6,0.004099563562006215,2.841158496237784e-32,7.190071963696144e-12,2.6649402438030348e-21,0.002230503859012423,8.650614984061622e-25,7.029954843677204e-35,6.417556956405822e-27,5.096726830700679e-39,9.973977271574782e-45,2.7684981642651358e-42,3.38071285551879e-48,2.0387434668797782e-7,2.27737781862136e-47,2.0709988354095607e-78,3.475567561380517e-42,9.489763932198082e-113,9.842352284289797e-84,5.136455668555379e-35,1.4599596794234073e-21,1.0066843569429289e-46,8.126881451430497e-47,0.0011368131397271335,5.7361330687475516e-55,1.3932332840612331e-14,6.719743403731715e-76,2.8394052199800827e-154,1.1270930483146352e-78
0.0,6.354902408537143e-238,5.030731501756289e-71,1.1883309794329601e-83,1.938661313308023e-139,7.642255408491547e-164,9.528823750253927e-117,9.369060487712823e-95,3.74667325529577e-112,1.1393766855820712e-124,1.4216708220903392e-123,1.6766430101162552e-43,2.513417207273115e-59,1.5220522154871218e-93,8.008540137663459e-26,7.397749251727878e-68,2.890453944323085e-60,4.316869274925456e-6,2.6695457989526977e-33,3.2279215980544867e-54,3.234492156946089e-61,2.4824946457706355e-8,5.946492570746642e-51,2.3589837780145445e-46,1.3975622582448067e-40,2.8005071322300303e-43,2.0386660044949905e-33,2.126083651950793e-29,6.998009086623599e-38,4.4644814839889613e-23,7.923128409031114e-35,1.5270904445128506e-27,7.044680112168036e-15,1.582391179390145e-19,3.687900878045666e-36,6.540936587738208e-19,2.188954591712043e-11,2.7535915613989453e-28,7.976203260720361e-28,1.0251269164416513e-17,1.0781155816321437e-18,1.3249221531827382e-20,2.974411415195286e-21,1.5283019914216164e-8,3.906338483766103e-9,6.5901692003727725e-21,4.4475793416013463e-14,6.20551167810124e-18,2.400686466321924e-13,2.613920342517059e-10,8.442635667619077e-14,9.327980812033141e-15,0.012631601819959044,5.913466590419902e-12,1.0277775992890676e-8,3.1608558428618876e-6,0.024797824594479687,1.3549759136033916e-7,0.000383279705505647,0.009581304904528444,0.0020345288047780327,0.0008750917371967647,0.015989245092016345,0.0008853698189719046,0.024817206671873183,0.008760339840144741,0.013978587067420353,0.08374746172903803,7.759199919858894e-7,0.05478833358692256,0.030093463457348535,0.028408572844042808,4.952842003710631e-8,0.025520557338779042,0.08337672296190918,0.00029139374525079573,0.07295922224078231,0.09846819795809991,0.07047594344421038,0.08943185572456151,0.01377092553466558,0.031830175485857023,0.0775985761002382,0.06865347482649471,2.6020970057070502e-6,0.00026074285907637656,0.013871260554379084,0.036210742963286746,6.759693745309081e-6,3.155294899046395e-14,8.852210862848192e-17,5.404483692330246e-19,4.328232058020449e-6,2.3850700955100322e-20,0.0039084663975628466,0.0005629995264424179,0.0010143473885547466,4.005096614740143e-22,1.3123470687921103e-36,1.2431740055372593e-47
3.617554676434813e-6,0.011817897651134394,0.056958693487090074,0.06949569945370036,0.05873514825409946,0.09609167688361388,0.09202269796947692,0.07256504910252262,0.0381286579586862,0.016118512934799028,0.015677373243283554,0.027679836571019224,0.004762341173743559,0.0357488641394066,0.040062224036946203,0.03873894426480394,0.020073227024345268,0.02854993175416342,0.014108989215060383,0.015282441186049038,0.018515314964730675,0.01123443660381699,0.021369260050256734,0.01922987532117795,0.0064354410912638585,0.016300964835159783,0.012897843001049007,0.02398572560053958,0.01167854088376392,0.006493119461925847,0.015665108261486788,0.016987515516602023,0.022016908056894557,7.059908948874563e-8,6.973683333115947e-9,5.762743665651303e-8,0.0022171587206684046,0.01169628348522489,0.005533957003031974,1.0430588400040877e-12,2.018012781138546e-6,0.0028749438146684963,0.0021260861094861837,0.0020030567918284344,2.5601521564578583e-22,4.5845489843782304e-30,9.076050635575276e-12,7.31751912819712e-11,0.0001728190153213412,7.697387135842575e-11,0.0022950553880654555,0.002030665571216376,0.007329709476403089,9.634152499163364e-24,1.7100234582155138e-28,2.3282099043561034e-17,0.0024128380567926193,1.5065779294916561e-30,6.071339089153845e-27,0.0016933221451578054,5.891489546514148e-49,2.145710234849019e-52,1.956801088135233e-44,0.0004406256659428191,9.477899454152156e-48,0.00046550535364774863,4.195004928166473e-55,0.000312512066675822,0.000608272032556455,3.8414676976214937e-29,5.959976103074168e-19,6.278024293017656e-54,1.7177647769137437e-59,2.693556861947889e-97,1.7602476543874906e-60,2.5705253483401862e-86,4.0335748303658845e-107,4.763080026028806e-42,1.2981427581030475e-74,6.828988637650178e-142,3.804135499042318e-121,7.300632979553248e-113,6.192609760467482e-131,1.187142806705924e-155,4.6162657669011663e-76,2.3518477159357837e-153,7.936638802555047e-177,7.462768652289443e-142,3.3834117718736694e-118,6.904132922699868e-140,6.052792378465316e-11,1.2341215352485002e-82,1.2754892063003935e-119,5.143806074865297e-121,5.635113273230639e-19,7.397878302874956e-103,0.0003531583622371422,1.3412205154807535e-145,9.405824621570444e-198,3.291270916110989e-132
9.11402339267646e-131,1.1469245935858128e-78,2.7960191290376013e-22,5.871077829462032e-27,3.3911916511227983e-6,6.340186003771128e-12,1.6183187563699355e-12,0.03533743680395803,2.2252916054034123e-13,1.3476176338086433e-19,8.182134228644719e-21,2.672936637098953e-12,0.004569424178138466,3.007661152389962e-11,0.06219638588126789,0.09778703191411497,0.02779873490015865,3.185160378918997e-5,5.294598288616326e-7,0.008675103069280522,0.15410687251967786,1.8098077230980182e-6,6.10463091266955e-5,7.137498160034925e-8,1.3706688469356492e-8,0.1276504620790159,1.6838655975383947e-5,0.04334334979375824,0.27614315260462147,0.00019521769042564694,2.08813345730969e-5,0.0009684962836348545,0.019729541146942718,5.4049204355550135e-8,0.0004981707043133616,0.002807583696006861,0.024961257725743462,4.889878579921282e-9,0.004120253456418691,0.025518950141229665,0.00027164792583983196,0.0001544851839562579,1.7510817694920577e-5,0.0014873392362836134,0.03637087771780828,0.0001231216469064389,0.01662765342751023,4.0467532398344195e-8,0.00013722624505326127,7.222450378598568e-8,4.952899006386097e-7,1.7576867125754868e-17,0.027232730971026495,9.152102151184619e-9,0.00013387699419344583,0.0005673498762982013,1.2833965617115353e-11,3.327601403682933e-8,6.42548007495965e-5,9.335443463219557e-7,1.8455950485052167e-13,3.103276534097065e-10,9.433980054477592e-14,8.414435079688938e-7,1.326911411891476e-11,0.0002647687535897524,8.13653746523486e-7,7.416323262842418e-13,1.5901765820288174e-16,1.5526669632971426e-15,8.593071016455172e-13,5.4671736521768644e-17,3.405451349347867e-14,1.2987640080927333e-42,2.021723595733394e-27,2.6962050285775093e-25,4.712953174095039e-37,6.551275551246637e-24,2.0211926410078482e-48,3.578642737346494e-41,4.827209873768769e-48,2.6276207565614667e-49,3.8090233746695336e-26,2.8254862262885033e-68,6.628130364393905e-24,2.4393553627207786e-50,6.878611636815118e-100,1.8197441862995813e-68,2.836237652856206e-88,3.5268708265506993e-65,1.3735321816634865e-16,1.2504090916201132e-32,6.53068034698181e-21,1.5481335310189311e-16,3.101112030372626e-14,2.8791488105825445e-32,7.960864612495132e-24,2.265083397131239e-90,3.397643706136966e-92,6.932437361231816e-52
2.2144085962179833e-269,1.0405678536958861e-165,6.429361587957393e-82,5.32874480688254e-61,1.5792336586454918e-60,2.0383938303559032e-108,1.1996868051932055e-78,5.295856668318913e-22,2.925526350187897e-40,4.516350591775775e-42,3.3879379421819074e-80,2.7762253555170617e-47,3.1657893365964895e-32,2.6532798150993184e-50,1.498706661748679e-34,1.0274308641577513e-46,4.726696059053038e-19,6.498804073378552e-27,1.1801952930053627e-28,1.4500149722357658e-26,4.255611257750992e-19,0.002034878133955313,0.0061972744687921,2.249133203715724e-17,1.0139967236357849e-23,5.273295940087131e-9,0.0012465063917498458,1.0499848705541684e-20,3.7840606391589987e-10,0.01985562959521145,2.126792120960654e-10,0.0026557338767858474,0.0032348814085866747,0.008273086160912957,0.004569940501059338,0.010375960446487713,0.012532216238496555,0.006871335326987071,0.0013116693795960084,7.030767112136786e-8,0.012352237874179566,0.016717467608981625,0.01687851475458468,0.02572576942583163,0.03658866467346288,0.12246855408739254,0.1748125718931353,0.01801542727689975,0.0011375679426894392,1.0005081272472096e-5,0.0016614751563924844,0.002933345093428745,0.026655949424930575,1.0560010345483417e-6,0.014129876992513378,0.03012201364014698,0.015583967825743146,0.013140479205447237,0.006386791116311303,0.006105772047787697,0.022512042466879746,0.031199526081777215,0.0675748212905809,0.03376931254286404,0.016405194284936787,0.030389000745613546,0.022130721540373974,0.021345360937626397,0.019793386030681846,0.043104494820211635,0.02023519031363271,0.016326059071517747,0.011859432694052251,0.0026762225443389674,1.1367229066554497e-10,6.091443599204171e-5,4.884133343306822e-10,9.965370603859103e-12,0.003105123693364187,0.004632381959787043,7.536346597775357e-36,7.465712955813789e-5,7.645206000089986e-16,0.00899823361852739,0.002369864641274575,1.168550126959939e-15,5.529777391110532e-48,9.845866928357423e-56,9.102274184576038e-58,9.131963948151654e-71,1.7786671953032635e-77,3.604186320410168e-20,1.4232452081926605e-48,0.0008513633215167716,2.7419068424384713e-30,2.0432902983434278e-24,1.2400594446899884e-53,2.0836265741804567e-52,9.527871381126499e-156,1.3664529979646837e-98
1.0,0.0,0.0,0.0,0.0,0.0,0.0,0.0,0.0,0.0,0.0,0.0,0.0,0.0,0.0,0.0,0.0,0.0,0.0,0.0,0.0,0.0,0.0,0.0,0.0,0.0,0.0,0.0,0.0,0.0,0.0,0.0,0.0,0.0,0.0,0.0,0.0,0.0,0.0,0.0,0.0,0.0,0.0,0.0,0.0
0.03353874,0.03855412,0.035218876,0.03644332,0.02723904,0.05201504,0.023426231,0.031963903,0.021922914,0.035591092,0.04418222,0.018289587,0.023089262,0.045414727,0.036859654,0.022354387,0.037294544,0.064197876,0.06829821,0.03416254,0.040373635,0.3563766,0.01850681,0.025107324,0.04249782,0.054322246,0.047596525,0.022737795,0.018065898,0.044790015,0.26628882,0.061449617,0.025988521,0.034849506,0.029532844,0.04089893,0.020403305,0.03449526,0.033836763,0.028854912,0.48610282,0.030257415,0.038988803,0.041934814,0.024660528,0.051047035,0.0332369,0.017754206,0.053087797,0.0918424,0.030684533,0.04307768,0.01982724,0.036004856,0.014140042,0.026827328,0.024197813,0.019335067,0.050129097,0.055639803,0.0091819195,0.015594433,0.043630075,0.025552975,0.027653366,0.021480227,0.029182896,0.020979488,0.049266633,0.046796978,0.039897323,0.03155343,0.19577034,0.011367322,0.04606865,0.07532881,0.032326538,0.023816912,0.032646827,0.041410662,0.038126305,0.012672346,0.04844252,0.0071715135,0.057296783,0.059203546,0.018972794,0.039435763,0.121200174,0.026421439,0.031127267,0.028483152,0.00787246,0.037711054,0.016920371,0.028069373,0.0298855,0.032951772,0.15480825,0.018721933
0.028069373:35,0.018721933:13,0.0918424:94,0.014140042:6,0.038126305:62,0.057296783:88,0.049266633:81,0.04249782:71,0.046796978:78,0.061449617:90,0.3563766:99,0.018289587:11,0.041934814:70,0.029182896:38,0.040373635:67,0.017754206:9,0.015594433:7,0.025107324:28,0.021480227:19,0.01850681:12,0.034849506:54,0.030257415:41,0.064197876:91,0.019335067:15,0.00787246:2,0.023089262:23,0.038988803:64,0.054322246:86,0.05201504:84,0.033836763:51,0.039897323:66,0.19577034:97,0.037711054:61,0.041410662:69,0.02723904:33,0.03855412:63,0.028483152:36,0.0298855:40,0.024197813:26,0.0332369:49,0.0071715135:1,0.035591092:56,0.043630075:73,0.026421439:31,0.031963903:45,0.022354387:21,0.050129097:82,0.016920371:8,0.025988521:30,0.03155343:44,0.026827328:32,0.018065898:10,0.035218876:55,0.055639803:87,0.032326538:46,0.045414727:76,0.03353874:50,0.022737795:22,0.053087797:85,0.036004856:57,0.047596525:79,0.031127267:43,0.01982724:16,0.025552975:29,0.15480825:96,0.023816912:25,0.03644332:58,0.028854912:37,0.059203546:89,0.04606865:77,0.04307768:72,0.06829821:92,0.03449526:53,0.26628882:98,0.036859654:59,0.04089893:68,0.023426231:24,0.032646827:47,0.030684533:42,0.04418222:74,0.051047035:83,0.012672346:5,0.03416254:52,0.48610282:100,0.020403305:17,0.027653366:34,0.011367322:4,0.024660528:27,0.04844252:80,0.121200174:95,0.0091819195:3,0.044790015:75,0.018972794:14,0.020979488:18,0.037294544:60,0.039435763:65,0.021922914:20,0.029532844:39,0.07532881:93,0.032951772:48
