80
0.5971694330561794,0.03399908510667458,0.004222575609010582,0.020797221882429648,6.4140450916222e-7,0.026948307043623342,0.01640733643671404,2.6451746953341903e-36,0.05980728635911005,1.059885248647071e-33,6.091615544537093e-30,2.5332434886669377e-58,4.968808812764336e-27,1.817089943573934e-74,1.35041857548201e-13,0.041460541981579016,5.929006642868794e-11,1.3692205674612002e-69,2.2679995204751388e-66,3.049047891791127e-20,1.316298526520551e-7,5.326988212566231e-12,1.2911238444516325e-11,2.24124710862043e-19,5.5068379539697e-23,3.0072253403212336e-25,0.004320519731452784,0.0005019841400713747,1.3283707140924666e-29,5.729619739469619e-58,2.266460297087765e-6,0.005278678604798144,0.000715533195918095,8.517929971342562e-23,0.025272281980071025,8.919754786669355e-80,5.6109143556965296e-36,0.0053026318929645854,1.7120255129037453e-30,0.022204412442718233,0.033066635428186865,1.2253640936047878e-27,2.5578974375759988e-80,3.6337221015022407e-87,8.061342885736575e-13,1.70558073435602e-9,0.003774899917992055,5.91507305678161e-46,7.799097833207757e-29,6.068782731405798e-21,4.806025724651676e-62,1.54066851603138e-10,1.0466283465406544e-9,9.092873075968034e-17,4.679511611048241e-11,0.015634563018225602,0.05067010770414313,2.9357613535758487e-19,0.01521239141598932,2.2016135831821174e-14,5.46661555789965e-11,2.0675689647082968e-17,6.319679393485212e-23,3.9061486269793095e-42,0.01036311188009955,3.234032086678765e-19,3.678712698690535e-24,2.754063770346533e-12,5.035934794733541e-12,0.0018386944785959889,3.845709311046853e-16,2.2454828321859642e-5,2.399442326679134e-22,7.927122110940047e-11,0.005006263180254781,3.0400700837431046e-26,2.7398498781131464e-14,6.01689930129817e-9,1.7799793890714949e-25,3.7400340127159793e-19
2.8158212343018445e-18,2.161576650119816e-21,5.971445269273158e-13,0.08335450122968385,2.3875049004404203e-13,6.47441245527313e-21,1.084888117278637e-15,1.9937572613636203e-30,0.08080793418574433,0.05128941542612061,0.004495607330537146,0.012789581393001076,7.576571058617196e-18,2.3116672231533192e-36,7.967691065411582e-7,4.9004075814481285e-27,1.0822394143544276e-12,3.356276843393413e-46,1.9926388581646714e-36,1.0162516571265514e-8,5.5584984156810464e-5,1.490622399299367e-17,1.2369267523266716e-16,3.1333996673939256e-9,0.028995672420035846,0.028261240934766226,7.731299075012094e-63,5.151176254511524e-28,0.07422136058214023,1.9984112909253337e-16,7.360019452087243e-19,8.515495444433429e-30,4.0862920245642525e-13,0.03673608493825992,2.2202748002603987e-19,1.015027663345343e-31,4.538442760872231e-47,2.585217517782154e-11,0.0544192526498557,0.010634435670230332,0.0019332254064173067,4.2796769044447843e-23,1.264219113509421e-33,4.925205001400577e-64,6.504232896292268e-22,3.0558792267204664e-30,3.424274884139255e-11,5.2019380596872774e-51,3.317889155729027e-17,0.2842096925271611,9.913685748022069e-19,2.418468228924935e-24,4.056671641072398e-9,1.3367404860873959e-22,1.128671795128844e-6,4.456820839427554e-31,7.628402822689436e-27,9.4561602520813e-47,0.09478388668529436,7.487100927826118e-27,3.908625208349957e-25,5.7068591183227424e-33,3.4505648873337867e-6,4.234614895721898e-43,0.08717909090288588,8.097510232602336e-18,1.2886447849158803e-15,3.188896473887962e-14,5.042993925700373e-21,1.032935911253137e-18,0.022028254577034535,7.835204866960904e-11,6.583166110058093e-50,1.2857482601135622e-25,2.112774860330002e-17,4.3224309465351795e-8,2.171915575360792e-11,8.37299446366689e-28,6.725001901660565e-20,0.04379974141146079
5.880301293991209e-48,1.2530388844132116e-78,0.6235920998059439,3.3413040983673186e-54,7.470560078926372e-33,3.2230846388656344e-89,1.705045342091356e-74,0.03773237102450664,1.6378739313282327e-57,9.832965152313896e-30,2.521652080595959e-43,2.6693793554437324e-55,5.394576009729549e-87,5.955593047163203e-99,1.8560161987517742e-43,0.0018309073311587685,7.82847894515729e-75,4.480131596987012e-52,0.01885082973083604,0.008451089327962692,7.886488040605074e-14,3.2038347765840484e-35,3.737718046119955e-39,5.518834821449443e-59,6.727193485480657e-30,0.028355313511401737,0.009931003453259398,2.2374628075011275e-27,1.438565842688781e-63,3.368604873070437e-40,0.004635680661627919,0.008162836063921005,6.229600293686424e-37,0.05430646886831163,9.24504900591179e-56,4.636227624309819e-44,6.60963966662541e-87,1.1303766300434308e-84,0.0057928860148915825,3.6232094125632435e-57,1.05844362660098e-51,1.1766924888900001e-60,6.662037577649911e-53,0.006525231697146661,6.672055519884853e-80,4.1364666085596566e-72,4.641908993883775e-99,0.1450980416372512,2.8468943013400594e-36,1.5300124224583512e-59,2.244811496575359e-52,7.956004227012846e-50,1.7944603862649273e-57,7.601329225063844e-85,6.960140546479448e-116,3.185431068996198e-152,3.1203185411028603e-86,2.0730558486042033e-51,3.130665614423662e-67,2.1448178865066118e-106,2.0602722303302143e-107,2.3702326941555617e-137,0.04304052750111607,2.1001628542564399e-22,3.494406279457957e-114,3.101080779781043e-64,2.1970872020334477e-70,2.3861596235908176e-24,3.1730190190221494e-36,2.291550815792791e-23,0.003650480953166725,7.8478531049114315e-22,1.573740186268118e-92,7.43197055511794e-133,3.473012654451468e-79,7.0786071322155895e-34,8.038545523589243e-49,6.202518598492457e-97,1.1906774609071584e-48,4.4232417419118015e-5
0.016075565886403083,0.01154867929896036,2.2284590801620884e-26,0.007806432996183485,4.746778002331138e-5,7.653533029345487e-20,0.005619334638307446,1.6311683406473566e-20,0.029113047868261126,1.755290244807981e-21,1.4200172209722236e-18,3.027766079628676e-54,2.5052631113578193e-14,1.622705550492889e-5,1.3001275845183337e-6,0.16198583495010094,2.1010157689290246e-28,0.012071904987911955,5.969774687087696e-81,2.2440067525000414e-57,1.9886565940009138e-26,6.41172760132236e-18,4.360017890811242e-8,2.941703728741671e-13,3.9047835433053655e-15,5.265319692084157e-36,1.9766814851547104e-102,2.249639550444621e-6,1.1735714953540388e-42,3.6803802924449586e-34,0.0064252771112575146,1.3455563042985373e-23,2.645547991630658e-8,7.699531757346522e-20,0.3594020483926239,6.397202959432517e-136,1.050993630294259e-38,0.061074706267394974,8.058799701863091e-69,0.02686537205618645,4.901717162836696e-7,1.0312087864516134e-23,3.4271500753168328e-46,1.687152911864874e-149,9.351069660165173e-14,3.885321739557657e-37,0.08839660696588034,5.12080387086326e-50,5.738956663584709e-26,1.6563533675440971e-12,2.8466204154442126e-56,0.01076541700389286,2.4877611011717977e-26,0.03560399813194403,0.009995369193960539,1.0578991813575882e-15,0.00012346212867485679,6.617506371200653e-12,2.3924817288432598e-42,2.804522605736868e-23,0.010750777961052414,6.11214196813293e-16,9.950565664041876e-36,3.3291111665823025e-67,1.3135462132190857e-8,0.011240137480067428,2.9078340603011313e-13,0.08257080898936456,5.319103197258278e-6,0.02078402277030784,2.2342710379129698e-25,9.638760039957319e-14,5.358384515296188e-66,0.031119208844479506,4.841804063100455e-6,1.9485893763060271e-19,5.684773527446142e-16,5.967680433377048e-29,0.000584007194943666,1.8988302498309395e-24
5.8714290441819514e-15,1.1875126490991103e-8,1.0259347958764358e-51,0.057237092390080825,0.3286346321550682,0.050050859061799416,0.08743184006654453,7.565936507971565e-21,2.72413085126091e-7,9.46516130197177e-28,4.107807450498794e-12,6.445800797630372e-20,3.011564582231076e-45,1.6610751007937846e-76,2.349454420755589e-19,4.493175542467198e-9,6.143588167369281e-37,8.36147565011922e-47,0.003663211492513557,2.9960869239112076e-12,1.101714092977811e-6,2.1273832378882372e-21,0.008479859798448695,1.1047210754043882e-22,3.019906610554577e-17,3.0521521027416966e-52,8.766521353404518e-56,0.021343309500631253,5.249698337449175e-44,4.154156901023505e-64,7.658882028874659e-12,1.428011043709942e-44,0.08440438157033102,0.006879790367237559,1.669784246774894e-9,1.8124532317428395e-61,4.1005748092408015e-8,0.07214006490903876,6.762936954222194e-22,8.791972029655013e-15,1.2317212739147039e-20,0.004810944354595278,3.8894808747849085e-41,7.892955524804511e-92,1.1967789432280149e-11,1.6111032529597716e-20,0.000360573934640159,1.2391710555667196e-66,5.597364973961387e-23,2.296281044009628e-6,2.1060109322374358e-16,3.1273319598628534e-17,1.8709542188487193e-13,0.03296152883943993,2.544987252381021e-21,0.00038457481621228493,0.029984194021577,9.593876331000734e-45,9.831303977478977e-7,2.2292760848275724e-27,1.2875951577338162e-11,0.008237968753862408,0.006606353365714894,4.9321756465686986e-30,1.9374201086317194e-15,1.1239473481321172e-9,2.698280922473927e-9,0.008999159559863641,7.379957429121203e-14,1.065153711187428e-7,6.844723194953141e-20,3.4715932486412315e-28,0.008365116234255333,0.17901965833854164,1.4663532658725945e-12,1.8964965513103425e-18,6.350819936451279e-8,1.0280288278891058e-45,2.968492728585246e-19,8.097367127577292e-25
1.1554505650456333e-23,4.498866879015464e-12,6.285338795562074e-45,1.2727322577497294e-21,0.03339067440831972,1.557689351376781e-15,2.4861856046606275e-45,2.6572612889195023e-34,3.333753266322172e-23,3.1534024198655333e-18,6.468328933131871e-5,2.8566018136069225e-7,7.024342395827623e-70,1.2373315934165881e-39,1.0488252402421728e-10,0.005207093564897837,7.466525018597814e-37,9.966543723457786e-40,2.164819446136228e-36,5.81868797029088e-80,0.07450919126205396,0.011982071620078196,1.674722855525347e-9,4.585489874395181e-14,0.03713059565296341,2.826926167056928e-38,2.3234860080151493e-22,0.019268987924079183,4.1713134042911935e-35,0.04050503731825608,1.2478087031156042e-12,5.983518004376044e-17,3.6370530344470955e-23,7.032519183553572e-26,2.584867950800552e-20,3.0702087494216665e-34,3.408510120780489e-27,4.1215252852670565e-17,1.1662367494422897e-55,4.971619788128977e-32,0.001346498114817283,0.012752172198265323,1.2490955943296918e-28,9.571258414739778e-27,7.425960574730276e-5,1.257627646405868e-9,3.042075598822636e-27,5.1673077899227085e-15,6.431881993765896e-13,0.6810876286070391,1.1768111086120024e-7,8.399868860202978e-27,0.04272272636331309,4.865960773965847e-13,3.5751441907919735e-32,3.899375288163694e-31,0.01033074594057388,1.508542559348274e-82,1.4085968472131952e-18,6.322759921488534e-50,4.200635030989109e-24,1.4586783031298169e-24,1.8464733065263317e-13,4.565619222697074e-16,1.0951585708225185e-7,0.0052147223184193505,3.829712429483742e-49,7.864130843014997e-25,5.690019907211428e-22,5.767470701529995e-34,2.659754530861297e-19,2.387820736975215e-10,9.745516040708587e-54,2.1117993085488638e-41,3.687981325214888e-44,0.011763669128131718,4.0986195461514456e-32,6.716285245229591e-49,4.837937180600612e-16,0.012648726543433967
0.007151647574890494,0.04921662248762581,5.458982659561943e-27,0.009230166194797983,2.5814260949282753e-8,1.7720036691770457e-11,0.6577193175548242,4.048758082596588e-20,2.3667887227898027e-8,0.004314904633556649,1.2260437956922951e-56,0.002292593810466691,1.2446088591540435e-57,6.177344180967331e-73,0.002622871970805718,0.004002808381753345,8.657825227480106e-8,1.1925647047202835e-54,0.002058453490356256,0.0014174061382703773,0.0013856833500256493,0.0013342031963037653,0.00848109401479874,2.7959587684686815e-53,3.799877751600031e-24,1.8678266622093246e-8,1.4795923199198799e-96,1.2551859960888905e-15,2.119005704252648e-27,6.560487139245668e-53,2.7010052055546755e-30,1.5327112586456988e-28,6.031433385217687e-16,0.0014152723849401045,0.0024863337887697763,2.4068489577821155e-164,5.361839359855963e-33,0.054557983578072296,5.576570777495897e-10,0.00010029885409508579,0.0034300068860877914,0.003666471621479329,0.0007242040947373515,1.8028783321151964e-81,5.152825892324417e-29,3.338989072467241e-19,0.03769900201607027,0.000716129176520229,2.9502697034531586e-40,1.333947956303576e-35,4.8354648574902465e-63,0.0012543396395928346,7.91593957481958e-12,0.005440164086137674,1.535201637679191e-72,1.0090347307880637e-51,8.249252967135613e-5,3.097131723648679e-81,1.6229811170504157e-20,4.4273566476857586e-23,0.003917818191986066,9.824519369621823e-76,0.013324115125554752,2.651438304957384e-38,0.000695516077140827,5.3079786645037875e-30,0.002210127005313316,0.00016697611437220476,0.04202571479273102,0.0061801257553305506,1.0668050253293856e-40,9.696540706220474e-41,5.85382619378829e-53,0.046900147863302426,0.00777839158150125,3.590441184556733e-5,0.003792087041012862,1.4523619121333435e-65,0.009170098583058239,0.0010023506802391189
0.27223003085139463,1.61331729287467e-25,3.626417766393071e-21,6.555930688368117e-44,1.5132434599551106e-29,2.3721128284990077e-59,6.379199560046533e-62,1.1141132909101727e-29,2.3499838738257125e-20,2.9313276603066935e-62,4.370283234017865e-24,1.6437209778962376e-23,0.027538761741686915,5.982145945297115e-122,3.337628911620805e-21,3.439635432451114e-43,0.0557482805830003,1.1350414067465253e-25,5.704374912769685e-54,2.002208129107624e-19,3.902823127702018e-30,7.566095906406776e-24,1.7659137025229332e-38,1.780849032654498e-45,4.431302347826229e-27,0.06173848972100316,8.411339745508599e-29,3.322955005452463e-9,0.01617258463196639,2.148496814197849e-65,0.3110330929953517,2.1871789681042365e-14,0.019570443262732398,1.2477291199739303e-14,4.261159748673345e-68,2.404282215729349e-74,1.3885889801144411e-70,2.424409232658743e-29,1.223737117735023e-19,1.126588513185871e-41,4.021057667735014e-13,1.8194161218928704e-38,2.493381089533952e-13,5.982930465109616e-144,4.079278155680203e-20,1.3834270702922607e-43,7.11840759385817e-32,2.7792024590558143e-41,5.03067670344637e-31,8.272523079718006e-33,2.2270732290321174e-45,0.04417577751983431,4.408493557440658e-24,0.01474453317450568,1.2906923090890442e-23,7.046474785431383e-35,5.909456900156967e-23,0.043569493070945105,5.834115231465768e-42,2.2835058054108647e-61,2.322440208233058e-48,1.541692547300962e-71,1.6175777424152369e-25,3.847781356130807e-26,0.0870430673092251,1.9011236871306187e-24,3.23323022257805e-36,2.3507292632463186e-24,1.897446171879078e-27,7.677378952006459e-17,5.505325158806813e-26,2.695922162863497e-27,1.9392209340474172e-99,1.869704214136905e-46,6.919444817974815e-47,5.019351748595896e-47,1.3053509342353204e-44,0.03450728737709619,0.011928154437263519,3.537957853993488e-13
1.7767967660805413e-9,1.7503675695617754e-18,4.332360572641564e-53,7.32559300215932e-5,3.832630585453471e-15,7.823690828358137e-12,1.2584571170591914e-20,7.157046573198578e-13,0.0916366458674811,7.758554987346978e-36,1.3605205448769392e-28,2.1583699388070887e-19,2.2279032984633824e-22,1.711230816377965e-74,0.031314680211998444,5.710826341098111e-15,0.00023250495827376014,2.4714668656783807e-100,5.753348854139498e-112,3.771442139456343e-82,0.017163190730538777,1.126289725651436e-14,0.06428200090359591,4.6655107592063225e-31,4.8061511641090577e-14,1.6689715556093873e-16,0.007715921388512767,3.553853687264254e-6,5.994020349756537e-26,1.0494674475745715e-79,4.654575688879126e-6,3.447817241747337e-34,0.03344879122833176,3.8684428903960393e-10,3.007218899546003e-8,1.5220667738289872e-146,2.5363449259287228e-33,2.407364974787203e-10,1.976679543782938e-68,0.09783960551281239,0.23207677980343433,0.040819629063836065,3.169293554835871e-41,1.1462577360049034e-101,2.0304621606755742e-12,2.6244403395571064e-30,0.03489006666384774,3.5490581227001707e-50,2.805630271419193e-15,2.0970661403508726e-21,0.013474859078537384,2.5439071568459793e-6,1.0626749498706754e-16,0.008950728608775249,4.118304599297585e-15,0.012346840474220449,0.046233569123078966,7.869299391632768e-43,1.8233791344923288e-29,9.012225164000582e-28,0.0029964073869252414,0.033037120394621054,0.020928891720274883,6.862943714291018e-50,0.09106332951576318,2.786776337732247e-14,1.5611278866159986e-9,3.8103006579080713e-6,9.513679367250834e-7,1.7124366326784368e-11,0.02343787538222508,6.06012726264608e-25,1.2012339190417587e-46,2.8211882386598968e-21,0.000873535052943739,0.05058786774897625,0.0156815230687999,0.02147854365382184,3.0177750573316463e-24,0.007400288457732052
2.0035416623633533e-25,2.553077163350902e-13,2.4512277278000463e-31,4.180891390685831e-19,3.547066316430023e-25,6.354699370928691e-10,2.5459810797883715e-29,1.1466391563795866e-32,4.692761019866475e-51,0.28265486758131375,7.402722415713617e-5,0.5237502316257204,0.00611241891991044,4.8392674882315e-29,2.7874730444863398e-25,0.012398175367974766,4.120496730267654e-10,5.383463756172211e-22,4.240615965451763e-32,2.5565838610942653e-18,1.6018874945966553e-11,3.4192935207364986e-37,2.9131510882031855e-52,6.555202490828061e-47,7.466703902710335e-24,0.02591784581199678,1.5738766102706951e-21,2.3042394280646266e-28,4.266419458603425e-45,2.408178958796228e-29,4.0240856115956435e-32,0.02486986968166983,2.6533477159248923e-5,2.596873512933645e-5,1.8566191122912873e-12,4.126983795515578e-19,2.7831092598756144e-43,1.498107256536044e-57,1.422079488240411e-43,2.2048456247756748e-5,3.1600298253898185e-36,3.392753477648188e-42,5.444398061727044e-10,1.4155901285778022e-17,1.29645878794958e-22,7.373080067587372e-13,1.3937022969691474e-25,4.8317473863656686e-49,2.8144307604954832e-6,2.952840214252456e-16,0.06495112203589769,1.5672367457851282e-14,5.337513448886822e-23,9.862005291117057e-31,9.951642741169208e-7,1.6790890274956624e-57,0.0012768096206845598,6.508107575781406e-11,0.02709095803909224,4.158436547332452e-67,2.196378858066021e-19,5.3690264102724487e-73,4.360505648637025e-15,1.506184201790464e-24,0.021235820752888965,9.30537851480732e-24,2.145380463936828e-30,1.1190018901626526e-15,0.001737415941432839,0.007839218959753057,5.772019533418635e-59,8.676332570222764e-24,1.2855892247129999e-5,1.2112638448487223e-25,3.343303759120733e-17,6.057587354128593e-10,7.782520867886986e-41,2.048910601581083e-32,5.786750287015521e-16,2.054597077881841e-23
9.732914947685712e-24,1.0875710452834134e-29,2.2084658595824223e-56,6.898644151506002e-34,1.8153057296245166e-14,4.3011723864881006e-23,2.3475195794095295e-9,7.403597388963942e-26,0.008113887057909722,3.834747613636264e-65,3.7884528370712675e-19,5.873431063940099e-18,1.44054541546596e-32,4.898579903395148e-40,1.0539409416172416e-34,2.446967431590209e-20,0.10799359449454686,7.15773656807801e-28,2.998522789508885e-65,8.193708563408553e-52,5.5660744617882204e-39,8.71321402580894e-23,0.0018068294189073288,1.883432843751607e-12,9.979217517847463e-16,4.347200035128362e-44,4.119370653041298e-45,0.012449261398881428,9.8963735967982e-57,2.711857964373182e-23,3.1016582089567695e-34,4.431965127026414e-21,0.11943652842919629,1.2838038774870613e-35,2.5160945676414982e-51,1.1397158305072504e-49,4.9906644858000225e-12,6.057567008362007e-34,1.0215298263819091e-19,5.951475021159006e-19,2.3816577576717294e-28,6.800554620075265e-59,1.3878387105562394e-20,1.4876237801689127e-28,1.3011223929581581e-28,0.12381423217838092,0.005357197012001738,4.743185366783633e-38,1.3902143275098438e-19,6.246381568197831e-37,3.967931483665919e-34,1.9101334508025405e-15,1.27182648877852e-12,0.02872997562779702,0.3348782885808853,0.15201862948156525,7.462201124645256e-22,8.695405881580212e-52,0.006870840785255049,1.515951185569021e-12,9.370188254458947e-44,0.04807529894455567,3.4671579356589324e-33,3.1048727376186056e-39,9.529163040766422e-23,6.54162629019768e-15,0.01706750478038666,2.094230827342452e-18,2.108039362152775e-31,2.5335599030279892e-24,1.1377974703418016e-40,2.5401556935047155e-25,3.130864104972359e-10,0.03338792913943525,1.9241895090487455e-34,3.0292251021160137e-31,9.918633882471354e-32,2.491469392915817e-57,1.6715014776942617e-21,3.5668539631639694e-61
0.0105965321469134,5.5059946049213404e-33,3.3237829303228114e-16,7.8818103321589975e-28,8.848329085686913e-36,0.00011115394749898454,4.427999285350593e-10,4.0213223617914685e-51,9.729049797396011e-79,1.6876211201262462e-31,1.131595336096958e-19,0.6856365616001076,2.2469693515183775e-65,6.143974252193593e-47,2.5119860079495203e-32,3.6369829557863385e-39,3.192009838459161e-20,2.811442943405961e-40,1.0764932491131263e-106,0.0058019481569539086,0.0031326791183865026,1.3063509892834532e-46,2.503021607516155e-9,2.7888284130201456e-25,3.8756041528015086e-61,0.015894880913031578,9.034891384573414e-57,3.3486249276185834e-35,9.385868919248263e-88,1.03146894156919e-74,1.0673377518305042e-65,7.977583429427109e-32,3.9200522070386675e-5,0.009185110792475679,1.7006566325798724e-69,1.8664303255873787e-48,0.0027667210138697844,0.006147673972891301,1.01078881660567e-81,2.0608253162200144e-7,2.6469773667485584e-70,7.196755551345542e-49,1.835300905246565e-29,6.335252233732839e-64,0.0020585792293517247,2.5391373899129012e-57,9.881045610941866e-46,1.349643405608925e-27,0.01718001850473269,0.004693675462782597,0.21223912735967537,1.5479458087900116e-46,0.012467809720089242,4.904764537450058e-34,1.1170669755109306e-71,2.3057959514579982e-51,7.030646826351657e-53,2.1925705977485948e-61,1.9478061489031772e-20,3.803165495548314e-80,2.962916335769007e-25,2.7570549989873733e-24,5.819479519538171e-59,5.538589621568745e-58,8.033782814311398e-10,3.557093362394896e-39,4.183210962112113e-31,1.9533779484824242e-28,1.2700038647138479e-52,1.841111215662168e-22,3.275000259354449e-49,2.569614827045058e-23,1.5277686636738161e-68,0.004511894251298269,4.0116060386424154e-54,0.007536223455596132,4.942546034437734e-46,9.336207494823185e-112,5.432572956157981e-13,5.631436755987858e-32
2.5759832255465612e-54,2.513400472833265e-25,1.1673701660734382e-49,8.441569154722189e-32,3.0363756541766128e-33,1.0467829655324835e-50,2.301367835252375e-19,1.0141111177950783e-74,1.4683800285349812e-24,1.485277887345534e-88,3.756721549608251e-61,1.123877523254513e-94,0.46994960849438305,3.2697127665163402e-31,3.371751344597423e-21,8.77244541785985e-10,4.443039357333322e-84,0.0032077902384895006,6.749759526326017e-78,2.913219702294281e-119,0.011311306298443435,1.6023167002398786e-39,7.52901843096481e-28,7.934638341294617e-42,2.6082541991685752e-36,6.790446688738994e-54,5.824796579483252e-118,3.046212319448574e-29,5.4270625143396983e-11,0.008028863948800516,1.47512267334693e-63,2.2241311002425827e-60,2.4040072351454225e-27,0.0013283831156067909,1.000856763724287e-12,1.4463365237874878e-148,6.0259369062071e-39,2.0911509559468242e-17,8.259372616309917e-43,2.9109411346470546e-30,7.123577787278085e-61,9.384061274690737e-15,1.9528933871282763e-49,5.629374571427444e-39,1.197717029620435e-13,0.1644800204247172,0.001530986812429941,1.9940827343388555e-73,4.819012754699067e-9,7.434010948682851e-58,2.3508798622097682e-64,1.6502879251240218e-31,3.4564497721349274e-47,0.009082092951004938,4.6896841661996076e-66,9.476287270985494e-32,7.106257232119272e-45,0.2776510315520426,2.4472478910923527e-17,1.2974528681266653e-23,8.791589669462294e-61,7.573345086281425e-37,1.2623022385856446e-51,1.722492689141581e-69,4.669139955384447e-19,1.8517781367125189e-66,7.868665612182076e-12,9.2971789459937e-28,5.314011461465464e-39,1.2980732280772992e-39,3.172872700458854e-56,6.818477670058715e-64,0.0424108529286159,0.006317728044197597,4.60012591519504e-69,7.802719616924869e-43,3.0157106686601776e-32,0.00470132943174187,4.4637761576980905e-54,2.855489682286983e-30
7.025526310233079e-32,4.962489750320591e-14,1.0371577305078121e-47,2.492653897105934e-52,3.2670603503438327e-13,1.3521206799898838e-46,0.005216203913671677,1.3010538872135773e-29,2.2806871596494154e-46,3.967145314963066e-82,0.040402888674667084,8.802641093354403e-78,5.17216921544098e-69,0.7511659866723601,1.5271629552821599e-40,1.9385485330056418e-10,8.030663160201444e-58,1.9510002425548174e-5,3.1025535715271385e-97,1.2005234961179502e-40,8.79250469198892e-13,0.017704469410722835,1.5469250548617347e-28,6.1343858983017725e-12,2.1719917234856963e-16,9.345504818410655e-31,5.6635477991825835e-71,0.0010580983790754016,1.486112417427685e-65,0.043982490382958775,8.918600594913643e-25,0.000995074474971514,0.005351476955254062,0.013847947667235823,4.944152541017662e-53,3.2782997538478137e-12,0.0627960831779828,7.001929981252153e-24,0.0010310407754231758,7.90107298433088e-55,3.858194998061351e-41,2.2615123108307854e-40,0.004281400637694025,0.04348612550240603,5.450297198068139e-28,1.6121232925881315e-21,3.310520664967487e-37,0.0017515046967321551,0.0012602302532889343,1.8542160714630976e-6,2.5370047581892348e-51,1.3052380007183808e-23,3.872899591666858e-16,5.965703622522317e-14,3.1235270637153315e-51,0.0008435131550147025,4.178989604415234e-46,1.7219436526565586e-83,6.379736210772673e-37,2.2449426637724973e-87,0.0024386968459853037,4.170215258714811e-8,0.0015644402229173105,2.996686013235183e-16,1.5035546195275351e-19,1.2996528084039143e-23,1.4686760863800262e-44,3.4584523749782824e-37,3.9317986804054766e-35,1.2092087854116306e-37,1.575897303458256e-69,3.162572765045658e-16,3.27149806995386e-11,0.0008009220312688413,7.175283528616986e-50,5.891052116403555e-47,1.686781736718774e-35,1.189288068725943e-16,5.151197082182702e-88,1.2420718565142433e-11
2.0910398850860588e-20,4.4767066454896785e-28,0.010929063328480046,1.9005111424386582e-19,2.2314023425011523e-17,8.672084333058353e-24,5.0377586226437e-11,1.9725921682361812e-17,6.544039490801483e-19,9.940417721555942e-24,2.7032625700484555e-20,0.018163801191261396,7.070878598383745e-26,1.2068590178558225e-22,1.1459557150526027e-12,6.592786084455739e-10,8.446676821134355e-50,8.850368394262655e-18,7.605655894736658e-14,8.635509619384089e-21,8.423667967122014e-13,0.09920301314431665,1.2022758512244072e-25,1.2905137835706424e-17,5.915703474253338e-24,0.17144461423220417,1.9436076086145538e-21,7.0833178266177315e-12,2.722124380716479e-30,1.8281579684737898e-5,5.114361205636146e-39,1.9010022756890575e-36,6.087809668432101e-10,0.37341335423971017,1.38918049085069e-26,2.957449658261948e-21,1.181477911606506e-11,3.54150834717918e-23,2.34908928355732e-28,5.4732395792578897e-14,2.183916585371107e-26,0.03342035132216879,0.03681442655447311,8.055534643114135e-44,3.7635146703785443e-23,6.546257879945375e-11,7.171879131689894e-14,6.302065940333041e-10,1.8920697147927067e-26,0.02666427403003988,6.019389419143174e-7,5.829576634610374e-14,0.00022611293380604835,1.915240634315322e-7,8.726637527182263e-40,5.548971531972089e-26,1.374075403450388e-8,3.739872809699724e-16,0.03950510032913485,9.338642839742549e-40,3.492147565790715e-11,2.4673733174827193e-24,2.1744989041640954e-36,8.75591773205156e-6,1.0690799641988541e-22,1.5485799297266535e-17,5.382879560289311e-16,1.4739784211973225e-16,0.06039788220042804,4.1039794763989214e-17,8.584210221674093e-16,0.09091919003182981,1.0478683881899884e-34,4.676066232959496e-15,0.03266250658286395,3.907503394690595e-21,1.0072363747681509e-8,0.0062084527470827305,1.4342006858606044e-35,2.8847870171854085e-10
0.02928103391018527,0.03332451198552894,1.235159297880115e-28,0.011540249585743165,3.055412503809535e-14,2.417868402983651e-15,0.02575350178365121,4.871823698765736e-18,0.006409077492074269,5.121216306546207e-33,6.037663398531297e-25,4.237749777501215e-53,0.0021329947006749348,0.004105778750157628,1.509799446950607e-16,0.3806802056085424,1.2290137723074657e-9,1.4334297442730098e-55,8.05995399848084e-56,2.2380684222391657e-35,0.0020871523139350894,3.282913234566118e-12,1.996606094435853e-6,2.8215591325191996e-16,1.2372862617399864e-6,0.006229077234780106,1.2676074958596595e-77,2.5575744115367524e-5,1.3263993814937855e-34,1.4036933478865366e-62,1.6323690006057498e-11,8.053244267822293e-31,4.791387681312427e-5,0.0014752822195639836,0.04878000592305764,3.084825239402106e-87,0.00647929759826843,0.0011482734107076595,3.4123427678532407e-12,0.04651293419472761,0.00033354381639092806,2.915677421537872e-27,5.987552197722663e-41,7.475886864621966e-111,9.921529189191484e-13,0.021984768746861866,4.0830441691821055e-6,8.22645091366346e-43,5.5906369794310924e-27,3.681622247012729e-14,2.013335684616008e-12,4.915794104131345e-8,3.568426863345321e-6,0.015597635426461729,0.01648671741570323,1.2329341266340648e-8,0.22173611525141326,6.098833036164509e-14,0.012417184772394486,0.0036772763017808986,0.023123338049992243,3.2024283330997145e-21,0.01903225668222448,1.0488847129327096e-23,7.797391319157286e-21,0.005303111365653204,6.83433048767463e-11,0.01474195291991359,1.2144318116030239e-14,1.7022163601490823e-11,1.0801215361811342e-10,0.002038427057392326,1.6368421129943088e-46,0.020611993101889624,2.9070685667258142e-21,0.0061623829495742145,6.966658988181409e-22,0.010729467188826414,1.432177064469245e-8,3.348765428229992e-29
1.2283496552381302e-16,1.062661340903431e-16,0.002750411655331363,2.982275972115106e-23,2.64132341884279e-7,3.301767813934181e-35,6.285531461599914e-22,7.177618319107408e-38,1.2020784944230814e-10,1.174573321211033e-14,1.6234902263451665e-49,6.881383891449887e-22,6.786074415141782e-57,6.42973889140929e-145,1.604168379312564e-14,3.305860484793591e-21,0.48122458878371777,1.910473086498912e-100,4.070181203263402e-131,1.6425295256675096e-16,5.011917546029911e-34,1.2667326947750336e-12,0.01632954428211335,0.06234298229210809,1.1055241163370104e-34,4.095513670564486e-57,8.562552124525038e-66,0.010203146686388354,1.293983136299949e-78,9.894578597268045e-118,4.152629339706472e-8,1.818035531896636e-55,2.93997151660077e-10,3.59537129986083e-18,2.3272582273842497e-30,1.1055575943992856e-58,1.1238236777414682e-55,0.006359264199645526,4.490623283609262e-146,8.568472984605451e-34,0.0038653145484461838,2.9692944515501825e-25,4.9182978028807224e-82,3.8555521344850524e-169,2.749759130115699e-26,9.857259091786822e-41,0.0052693357683158285,5.030409282712967e-55,1.0310252742894974e-36,2.692261953341777e-40,2.051357103988586e-92,0.014988259465500907,1.8150246206305062e-12,5.5995820585714666e-15,0.3723251603454867,5.100265991677063e-23,5.034954182016749e-16,2.1108253196382024e-89,5.0076310213759467e-20,4.945125703129308e-18,2.8349581869389315e-15,3.04687676119945e-23,2.0648647514423873e-16,4.066210595990799e-72,0.009707774519565681,6.689911197826546e-28,5.128927263349786e-7,5.963301460593434e-20,5.130142356073162e-15,4.3452863959897246e-6,1.41587498612642e-50,2.9588973575998385e-36,3.04518014513973e-69,1.395050210588237e-30,1.963724850451952e-15,1.2837382612470751e-55,0.014629053198291737,2.2884905470574766e-60,5.9171095240312706e-43,1.3370643796544807e-68
7.637879917424679e-61,3.123890544168311e-41,9.656504543453694e-127,2.514170660684382e-37,0.0028286056311666516,4.3582397244357325e-36,5.1349308784114456e-83,0.002780569585095187,0.002821147926559706,3.3512539696790815e-71,0.05595225708681936,3.418716350459038e-77,9.234836785197524e-97,0.02504696422506286,1.6003344050111967e-36,2.8538334556771984e-43,4.206798705693072e-12,0.721965165734555,0.0006086476681117157,0.0006096037184441406,4.1420792558070184e-45,0.0018381423766504787,0.002030549755279119,0.019499592009492025,0.01210350649301877,1.0456876606864601e-100,2.9583360567529557e-22,8.236882494977823e-5,2.5691405960278116e-54,0.06195233484967669,1.223524861702415e-39,2.4542719530404106e-18,0.003599533506832932,0.02689694880040634,3.6789617324936652e-56,0.0011229249519905129,0.0009641852990981166,1.752676909863159e-56,0.007478548897211886,2.1817321669135792e-36,0.0010942288750682828,1.0267265187557824e-27,0.02377814538666884,0.004480569034787017,2.6883458353929357e-45,3.07479658946914e-25,1.4071274561683363e-51,5.090932851803533e-30,5.993271286512603e-38,7.21204256336737e-18,5.769304077524633e-104,0.001301898637335748,1.2345879437459083e-42,9.921350211274772e-45,0.0026272695880389975,7.300500133453031e-73,2.21104824382845e-45,2.4842060199293182e-101,2.65017589998291e-20,2.9850770408337877e-142,3.7491394418994184e-95,9.584644119256328e-97,9.714594066820723e-30,0.006586112118887585,3.2755708150754456e-60,1.0122189944284524e-15,4.125016334280594e-53,9.357885092446591e-35,5.912220093016062e-25,3.1893166510133486e-29,2.5429472572745523e-18,0.009950179014584363,1.7740920421803622e-22,3.071714825090793e-34,8.078129410146074e-32,9.97952497458419e-42,4.2943969459228583e-23,2.361062145103347e-109,7.21011874804158e-33,1.9628670543884598e-27
6.860547587087706e-58,5.743137708124214e-54,1.2557312990526003e-59,5.835135980005017e-57,7.414405308421778e-42,0.0016047500685602675,7.337916389772934e-72,0.010564160774717913,0.0016804214688104415,3.336211671580274e-39,1.0718927428018353e-23,3.903308601569924e-42,1.8073754827010483e-153,4.2387235115845284e-86,2.0643309990265413e-76,2.3161913345729088e-74,6.3415759625866034e-58,0.015102730861038475,0.694841516119977,3.976490454744248e-9,1.502534795536898e-50,4.572803230782925e-57,9.91139263977863e-69,1.9032891455987828e-6,1.707009161932529e-60,1.1975469261583285e-87,2.985213635134813e-20,4.79413810371357e-69,6.928045087258194e-78,7.37694222420043e-36,0.008222854076851485,0.02899778032569129,2.7672344412090317e-46,0.04596547477658158,3.1878659341657604e-28,5.09634163084105e-50,8.845476567151117e-77,2.561442615553869e-81,0.16310293230666612,0.0019595943631079958,4.243180585296765e-80,2.9493345388091447e-48,0.0015771036033497934,1.0663776711584319e-132,9.758231049290094e-17,2.290631501811774e-25,4.0983563707269535e-36,0.02080610034208311,0.0017740068495127556,1.3059509925343548e-45,1.3989878132984977e-54,4.207616524935938e-92,0.00225627328964112,4.726627286031461e-38,1.3026895140213806e-76,2.369583239998039e-150,3.692516402016935e-64,1.3530952756402579e-182,8.333825726230073e-46,8.857605083154901e-122,2.9315574358993576e-70,6.277419971956362e-95,2.0528406422068653e-27,9.952565910416134e-14,0.0015420481503178043,2.350494290687611e-45,5.7659370351831554e-67,3.5223076330253915e-34,5.877221870529684e-35,2.0079735251741084e-53,4.630408463616611e-106,1.2270845596237319e-26,2.6438733435645416e-80,3.881106639932346e-9,3.4061188753272705e-103,3.414762503882804e-7,1.4822839899934727e-30,2.678462147520349e-141,1.498573336405294e-132,9.316879142105714e-28
1.2038014086892224e-38,2.8331088371518696e-7,2.5989029317044975e-34,2.0768732391751964e-56,1.5730418609781175e-12,5.15787365625165e-15,2.4577684003224233e-40,1.737495620530727e-24,7.705518992994564e-88,0.08026679841730745,0.010188857926228652,7.698895026199315e-24,2.7047780638031243e-87,5.7631414583208985e-11,8.559986159081183e-16,1.4034826952139295e-9,1.658798802592609e-54,3.4620050218575273e-26,2.4836002368552128e-14,0.8260213932373691,1.253775983058206e-56,1.0239868602469862e-9,1.14596852247191e-61,4.039893410563683e-32,7.368055650425987e-31,6.860555311906012e-32,9.72724284529882e-37,4.42378639006167e-25,1.1337177737520608e-47,1.0426180372476684e-34,2.8836150802647235e-37,7.994319004931392e-24,6.030839106919938e-30,1.842935818301367e-10,4.9315361269762593e-42,0.038167604479782714,0.0006247044430146397,1.9021395848743833e-98,8.88862637567826e-28,2.852834128323216e-17,1.994713387592907e-63,5.663344285935437e-33,0.0012645544493986888,5.961736672245699e-57,9.237125423336503e-32,2.041546085991373e-7,5.6535557477119125e-28,1.549341075933061e-59,1.7069871897853323e-39,2.1214078379234637e-36,1.385744166605133e-59,2.194300090747889e-62,0.015196608212971035,6.831735124734416e-35,1.5504779672922288e-84,1.20744656967415e-100,4.667329471694998e-53,2.917713999198443e-85,1.9179309676021215e-6,1.563836160708319e-165,3.6503423733268466e-55,1.3945119720102098e-117,2.185319845111291e-14,4.115674198521835e-37,4.870134459821354e-44,0.0019485355565550336,0.003695156439337657,0.009755782804558908,7.042785845935334e-48,1.1247393205078584e-14,1.1531265396588311e-40,4.472801161964259e-46,0.0012287052286774614,0.0008596438002218042,2.9950699511657547e-43,1.2486265590560102e-31,2.0354844580238232e-49,1.8471795867444454e-158,1.4730337439956565e-60,0.010779246937085311
0.006873318340717484,2.84027990145263e-20,1.3855550572548399e-15,7.113316018930232e-13,2.3196694275660984e-8,0.01025783495173144,7.415003776274022e-27,4.709806813189878e-32,0.008506839193677434,6.087232209581432e-37,1.0658966026947192e-29,4.4112051193748906e-20,2.9961397826649597e-73,6.759666574910604e-39,1.0268794750751177e-19,0.01335223390829809,7.469275478138021e-37,0.0051283967672832,0.0021295608204492185,8.472974212229768e-59,0.6609773368482432,0.017024770582524003,0.024503447167309227,6.316512865305454e-35,3.753147593513033e-11,4.071537873113489e-23,2.0217908465190054e-37,7.013099573145845e-18,0.013556657287010093,2.8149771937539526e-5,1.5584281550924114e-51,6.1932804496204504e-40,0.0016940970014313501,0.029891725721700554,1.2849792437038708e-18,1.372507023667886e-50,1.1842851806475625e-13,3.3997014887688e-16,0.0014148046183709397,2.2988410873553917e-34,0.0015590710817883209,0.05494113230433465,4.6255772062511124e-38,6.632621938122855e-36,0.0537845907034494,1.2698787077924244e-27,3.275846812559218e-26,0.0016798018032086028,4.100729078778427e-22,0.029356670654232392,0.003384409971260833,0.001775914218691559,1.1554688674434001e-11,0.009289353715051527,1.2919594558316004e-32,1.1459414899421386e-10,0.048442478338132554,1.334100558456759e-58,6.907464853815549e-23,3.965287044362086e-55,2.593612096909698e-9,4.861442214401138e-22,7.22504283731108e-19,4.569944120109863e-23,7.515668793839662e-22,8.72470568930933e-26,1.0538670053332384e-9,2.3109509237542188e-18,4.3514366630282114e-13,2.8451150111572586e-15,0.00044097478471090895,1.4592500400911078e-13,1.4794763585811049e-15,1.440243523097796e-14,2.642026921468735e-25,3.184043266243508e-25,8.197602013402699e-19,1.0506199881749845e-8,4.1682056450190995e-34,6.391928970650012e-6
0.03494570924489163,1.7427500303530876e-15,5.400527545836013e-11,0.09779508918107899,3.3063928288099426e-11,1.0888891871600729e-10,0.04400390685566623,1.5423659011899867e-19,9.975603902636033e-27,1.2436034477282235e-52,7.896526270630343e-22,2.9916150757410245e-22,7.585804662790584e-50,1.1711166057943382e-39,1.6483274456636558e-18,0.027908205859161667,2.616573142603205e-33,0.011250717724553319,7.925804873449048e-35,0.002941803113771199,0.027519281071531815,0.5643184471011717,0.03074011003715937,2.830927329475958e-22,0.03619499593679954,3.3153834265065823e-28,3.599951181200146e-24,3.0221121300491586e-19,7.8153813572536245e-31,1.0910694651762956e-29,3.710192741087004e-49,6.284391010782921e-43,0.0008349190206822375,0.003402808500163526,3.887368530919185e-5,2.245742301897692e-79,6.557013622481098e-28,4.794044158745944e-9,7.993782402196694e-59,0.006183467299552542,0.00020134999897684618,0.0031876581933293836,9.292343485568527e-29,7.944010205761655e-55,1.2866018134490954e-17,2.7298485540025093e-16,2.328215886578362e-8,2.4214581290243304e-30,3.7861331817119546e-24,7.367347609390124e-16,0.006492631708917936,2.6190120519346657e-12,0.00013154897726979733,1.2039626665600382e-14,1.5027327580741343e-15,1.73386677817885e-15,0.0036465165376765654,5.60395901831258e-54,1.780175961987574e-39,3.616119427223567e-29,2.5276441198535405e-6,5.5799463669698476e-18,3.895028611156013e-30,7.896362582071307e-24,0.005007509576511068,7.179333546591614e-15,1.2266014810665779e-6,4.404641020660528e-8,7.785643053936237e-8,0.03334798706514312,1.0719050994645622e-22,5.085367631730144e-13,1.2992778686923408e-37,0.0549384692570027,1.3726625200910477e-10,6.382911274728234e-24,1.1611034377142048e-24,4.443961844011007e-38,0.0049638134694305605,2.7602322718149196e-7
8.75983706701238e-15,2.471410826747275e-19,4.373055679468026e-46,6.293357290355734e-13,7.33706715413618e-11,0.014229504209174057,0.14742293712494606,1.863473552386714e-28,4.69916759157459e-16,3.022572246509607e-21,4.186831202365997e-37,2.738920065745865e-25,4.462605592059949e-45,5.463984763802327e-46,0.007597734855446938,0.018390428182760214,8.811783393494589e-31,2.518827078363335e-63,5.733144132446765e-35,1.2043056168786231e-32,1.8459639520641953e-27,3.497070046097627e-32,0.5763865838148359,8.641128816393854e-31,0.01402903353938885,1.83877697910898e-34,2.6983916537367997e-86,2.3701541140937407e-6,7.575609397754689e-51,5.8960027741252936e-64,6.038887071072671e-60,1.5308486510515602e-42,0.02615491986733921,6.188591626619175e-13,2.978476528399395e-11,9.721966590468791e-68,2.5562699231206083e-19,0.030188000131788566,1.8098208913454616e-18,0.011450340006258292,2.8865431117177906e-12,9.731869141488012e-21,7.627352614350208e-67,1.5851592333931336e-80,6.369299671000402e-17,8.705751038159748e-9,2.8964634051582047e-8,5.3703148562192994e-71,4.9759163939209727e-23,1.2508811489880647e-18,1.1497928956807731e-7,3.164291447234616e-14,2.17854279582793e-22,0.019476967795677074,6.597364191917422e-19,2.0000201267665606e-25,8.443971136885893e-20,9.135709608166104e-47,0.0037253758525572977,0.0037341697695736586,3.088623076414629e-11,1.385214848028247e-23,4.4348009734304103e-16,6.098090107326632e-26,3.577775402663674e-19,3.673159972326514e-22,2.5556396884069444e-6,0.08698331587528382,0.03441224788289321,6.8253698846622876e-9,1.0487763724156587e-14,2.242303473806044e-11,2.2168390283257624e-29,7.940754032253915e-5,7.079959340811627e-11,0.005733909934161007,1.4886429610675218e-24,5.7865956664346085e-31,3.811729532665509e-8,1.3660098758682035e-34
3.303796593923928e-47,2.8138502442393943e-43,0.012314464902843021,9.357413229563922e-61,8.84420291835398e-21,5.700849796838014e-30,4.529905305261555e-19,9.525859182376996e-43,1.9849511497825829e-28,1.4652680003284729e-36,0.13778624338547263,2.3332851537779563e-32,0.031565058774579546,1.4589898278320604e-65,1.16788625626983e-55,1.1601654787617205e-47,1.8589093846162647e-30,1.3686313216719e-13,0.022138462117388655,2.7751818593537806e-36,5.0705409484767886e-33,4.636373961214121e-43,0.027652763148350218,0.5867363754509857,2.188910248212475e-27,4.075826013137234e-39,0.01773778571894387,0.00019504962813602676,6.531078809622619e-60,6.539007049681365e-5,6.483629224240195e-55,2.5724695358742627e-27,4.693721585430009e-17,8.442773934145738e-21,1.0371720839319402e-61,2.513422506042442e-96,7.828473191930154e-8,2.0417711399835456e-25,0.0029357521353003623,1.4385571536415863e-21,1.9731438008385772e-42,1.4738061427309e-47,0.007268377135621939,7.105598486289482e-75,2.128905761024393e-23,3.1740644747172763e-10,3.009808718330356e-6,1.6939801684272795e-8,1.155028675263408e-27,9.843171838869615e-45,1.7663443869983901e-43,1.598433825935094e-20,3.412178508626725e-23,1.3668666088649647e-31,3.403043298424253e-13,0.010488301909500921,1.3727652753296195e-17,2.006272311532774e-31,5.31880274487862e-29,0.05192126873751414,2.513423797417698e-60,0.06880388086289363,1.897271200454434e-24,0.0066667829456311355,2.079001979340039e-31,2.016619732580037e-44,5.013700232109114e-19,2.880071431016e-32,3.4322495585289143e-29,3.909080174708279e-36,5.142610241399566e-60,0.01572093751329288,1.4060600828427065e-42,2.1191293344818248e-10,2.5941882912083424e-62,1.6463270753381538e-30,1.0538441720531364e-23,6.204234884687161e-75,2.0565449666497275e-49,6.770545661652213e-41
0.03173469540225247,7.951505230252116e-26,1.1314814423496103e-45,1.42677038251392e-14,1.48138864304638e-9,1.0914481232640199e-20,0.22814225884268097,1.5217958104046675e-27,1.8608521378318546e-14,4.077212011812108e-33,9.590528125142667e-5,3.1518041045950624e-11,1.4528354201232018e-29,1.2456117801485495e-43,2.9996957279277193e-19,2.2231996568364765e-18,3.1549903659843173e-34,1.680974267403271e-20,2.6165487831988543e-68,8.39565776513503e-17,2.186176898071149e-23,9.069708714574105e-8,5.653248986484891e-19,3.427858835616187e-24,6.67294430641775e-14,4.480602020825869e-37,5.713432492953228e-52,2.237094866154286e-22,4.419783591848135e-30,0.007462262259437968,4.4086645668394584e-17,1.8018233887346313e-25,6.683221353222059e-7,1.8673876953468855e-9,1.2517375541684531e-21,5.625779173810337e-38,5.4742675372626185e-36,4.29493044937015e-14,1.6423424783537323e-41,0.12710535069341491,7.275750709563599e-17,2.7794064328827876e-27,5.126553339659399e-20,5.640758357617377e-50,1.269849837168962e-7,1.6045716201103445e-31,5.204130184450221e-22,4.15683295330067e-33,7.400502694231714e-25,6.790687315955707e-13,0.0267553209407691,1.4212118693946066e-23,0.24659256868390778,1.4801654258601555e-21,2.757707793735603e-10,3.071372136411485e-32,1.8607392113568442e-10,3.399599376043309e-21,0.0113105711466806,1.935667410950523e-26,7.597697007680196e-25,1.5403260101397912e-30,3.616281763081281e-19,2.8220773838370988e-24,2.7791368988983716e-6,4.999257242386732e-15,6.32159570145094e-20,2.802548631229474e-18,2.4869321682095255e-10,2.0789879387292886e-18,3.2629877571750756e-29,2.467307481643222e-16,5.445318044360671e-10,0.02139904803883385,8.658396288091053e-25,0.2993983489334742,1.3815237951824997e-17,1.2831350293074874e-20,2.5527762966994693e-23,3.87536219367404e-16
0.008783214052601306,1.0954774369389917e-21,0.25348850132917017,5.0054730349068757e-8,5.2088641035072895e-47,4.097097083107424e-8,0.002715019094261169,0.013563532630334336,2.9585209444328547e-32,3.3770473546617745e-14,9.052542522513939e-57,1.1160111353779387e-27,1.3598117816138087e-63,6.835786205163376e-93,4.441314976132108e-46,6.1599389309929004e-52,4.1484733232355297e-73,6.193566341854047e-40,0.00544474655342573,0.02042672354111935,3.349699785194423e-11,5.328930685776523e-28,0.006072432799791464,7.750098404114796e-41,1.5504306537985188e-29,0.5402568372859233,0.004884503041531817,1.3729760510726394e-10,3.787233085273944e-88,3.705034278712538e-39,9.750681257670505e-12,2.0077582170760358e-5,7.453809805004104e-21,0.04990798116861707,1.766501257563303e-18,1.3784284261045817e-46,6.481225772463522e-66,0.00249747583359441,0.013449639126931489,5.277003432456248e-69,2.179901629440282e-41,0.010333257643939857,7.219235581768989e-9,1.7107059794002105e-46,4.796209175226185e-38,2.3201535170546505e-49,1.059721742625623e-46,0.012828652893325776,1.973515608113398e-9,9.699908074387526e-19,0.0038814232306467996,5.612500511687269e-39,8.826348971292517e-45,4.2074504248645877e-51,1.5505727836273173e-94,9.878122332624547e-57,1.068681128880509e-24,2.797640315367426e-74,4.843112464341331e-37,2.4670599234663287e-112,1.186556387022239e-44,1.2490910861665427e-75,0.03293528420699976,7.509043725375167e-37,4.5160704810142515e-29,0.005093862578181278,3.929006627325636e-75,3.9105957719600207e-50,0.00799234176349083,0.0054243762779306115,1.7619113627467733e-61,1.6939922452685893e-8,1.647283130147362e-95,7.078041987205811e-58,2.7058905741807307e-11,1.8455631251508544e-18,3.468930535854144e-20,3.4199463487434383e-64,7.441883300629182e-49,1.079804439903242e-22
5.458303694880825e-49,4.4708440042015584e-11,0.015156402820411795,1.006897654333254e-30,4.9787114729509685e-6,5.402768753895916e-34,3.463454647684682e-27,1.6444899164464235e-24,7.173663912280108e-26,8.784163863922726e-16,1.3870788573322158e-24,3.634999137350381e-41,1.8572230239091679e-109,0.004366402641839212,2.8012318546452656e-28,1.3236859659604608e-48,0.008199236407090473,3.372568707345928e-27,1.6987711544945068e-18,0.01164460139803055,9.575263769113924e-46,1.358684029530694e-21,3.2199411883444476e-19,6.609273621925906e-46,4.383660707862491e-50,2.1540862286815678e-26,0.6586998507495129,1.3666063552131898e-54,2.1767370605544617e-91,6.844718070519166e-22,0.0647429533300513,5.545117206328354e-18,0.0693839794954765,1.5065183229189354e-29,0.02922263292263864,0.003881574704360595,1.44889973061727e-57,2.4718822178535175e-41,2.752048329590333e-28,2.910250526604899e-54,9.29783559009289e-21,1.1462567742794513e-54,8.682316387029393e-11,2.692573483625473e-49,3.320914604042052e-23,3.638052141831626e-52,1.2001306805752075e-23,0.00032574845546486,1.5934049572880442e-33,7.0476700461311364e-43,1.2245019610283091e-73,0.02268841847801598,2.1390348836202107e-29,7.607464543749369e-54,9.334983570711062e-12,5.615146893629291e-84,0.00471601360491673,2.818003840341488e-113,1.471226245437806e-41,8.321205213836655e-114,3.3055565105216e-31,9.597133426941802e-87,9.42285739645555e-20,0.09162256601497057,1.9970348149198845e-41,2.2154403704673404e-30,0.00665233650508053,5.0870171264788155e-34,5.581150795090412e-21,1.4253279680704945e-11,2.546287884585763e-37,1.919253195096516e-47,2.184093307407083e-36,1.9816098515227535e-59,0.008692303605545659,1.9491714939594992e-45,5.564057788527844e-51,2.776859038157127e-107,6.836603110057894e-34,7.783482284703723e-53
0.06951509115208279,2.4011673881641997e-17,2.6738356111039272e-36,0.027984811717440525,0.003198453427271501,1.5908630330751146e-31,1.3490733424786666e-6,2.6533090071706153e-35,0.012081186196515614,1.2305461635118884e-50,1.0419419762485291e-32,4.312798246995657e-53,0.003410929656554654,7.559075425786002e-77,0.06059663039359471,1.8123323632008568e-16,0.00728653191465435,3.463038068813406e-83,1.1083772342460038e-66,6.979071296085577e-40,4.244392485593105e-6,2.86957470760736e-13,0.010883907020463606,3.4417738111280982e-25,1.1543839589115863e-7,8.667773516070702e-12,2.145329400380825e-56,0.2005295649431946,1.610859286487043e-16,7.01346908482008e-87,4.585437936965085e-18,6.096442196900655e-32,3.09038153639963e-13,4.394531853527114e-8,0.00031659569018753644,2.341161751088206e-108,1.8280015838979885e-27,0.038035177785648966,2.3340120101582308e-54,0.015586235895814208,2.5419721298835225e-9,1.1573879488726208e-7,4.005873853612253e-55,1.31726399068355e-133,0.003842768485905167,2.6715765132977436e-19,0.015396508013847367,1.492364527157071e-15,7.997508616905832e-29,2.4993500978344024e-27,0.004319112325010435,0.008509732304971509,0.005051772564983488,0.1911959864128873,3.648616857365472e-13,7.915366998347629e-15,9.717783282010144e-16,2.0541708719846785e-34,8.447330876658109e-27,0.015991513157933245,9.368788845244447e-14,0.01756090146820922,0.06768844369605394,7.187403046913746e-42,4.99348685513137e-11,9.291904017060821e-8,0.08380047547279301,1.441086716122839e-12,2.057847259560267e-14,1.0713121360642067e-19,6.656935079511967e-25,8.788296030082921e-30,1.6182916408142132e-48,4.186644967203581e-14,7.783623244042305e-6,0.04501395654651548,0.030440289834302053,6.812260255685802e-8,0.061749608066797086,5.600771632719821e-20
9.006702751896994e-6,2.4963387067614546e-23,0.033477647889366594,6.002382418644497e-54,2.254637343404904e-25,9.374988255672902e-47,5.691281601913929e-32,1.8757800757368297e-38,1.9372293520946533e-28,1.347586623082486e-40,4.412708245260624e-49,2.6899803709466285e-51,5.593005957389395e-43,8.858938921358574e-36,0.015303940322679463,0.020609126669339874,2.6530578644579803e-55,6.672297160102858e-27,0.004405601287377956,3.1981189933016915e-75,2.646893305078669e-49,0.05650119685204524,7.318170819596453e-43,8.781765245318447e-35,1.3685062510304192e-43,1.456942888257961e-32,1.375482196908713e-63,4.839061163320357e-23,0.6490306398230288,7.928480494854015e-49,3.37382118533513e-43,1.3720406301258401e-61,7.38243902059105e-41,0.014249473003723832,1.150228933388714e-35,3.161106818326653e-76,7.000606076265927e-30,3.8497671065732654e-67,3.022462013889465e-67,3.176031742968022e-34,0.014264616123613127,2.0581676509629384e-50,0.006801693299727127,2.026703530482955e-30,4.04938187760749e-37,1.2701066757356099e-6,3.103068519501345e-11,5.733325316696348e-48,1.0102028688751902e-31,1.7714061697739768e-13,1.1052150109854155e-48,4.467388801948353e-40,0.018385188758455035,0.020618274913800236,7.226895961289269e-53,1.6939175899788685e-51,1.1039417113413384e-23,1.241070229949785e-21,6.880853468388618e-61,1.4207011659117838e-65,8.371641370438626e-5,4.500203414869126e-49,1.6307249149388885e-39,4.389135713672952e-53,0.00565269719148259,1.7087927394563914e-25,0.014548740823960363,4.8541973457644936e-29,1.98182617065469e-7,5.26657531801627e-13,0.0554787411873812,5.790228864299832e-48,0.06357466375719403,5.5067538270285505e-43,0.007003566659340805,4.926978206339707e-25,2.744322481637698e-28,3.314805695733956e-34,1.736789769816467e-53,2.041066456727821e-40
2.0434556502517458e-55,1.5703880157435306e-48,9.215044990689396e-102,4.4676487958623234e-61,0.0006575241846525747,5.105409892606096e-44,1.7902327362125268e-32,1.441852775982855e-58,8.030022358381994e-39,2.0129371792501244e-47,0.058947187796337466,2.621128424114142e-78,6.370016940204192e-70,0.08451481623478149,4.671750073637895e-72,3.398762111776223e-64,0.0012828397571705134,0.050691915926781614,4.763072579316125e-79,6.978284231888983e-23,2.6636513324647717e-37,2.813901270715663e-31,0.004390032013370047,0.010743905583315276,2.8329790301823235e-37,2.059071593517943e-77,0.004497920719002747,4.500696119807729e-44,1.9194411578955016e-84,0.6897000239723116,6.101224715670972e-41,2.784232389871706e-12,6.129579033489079e-25,0.03816735482008322,7.218316307965855e-47,2.849946109811888e-57,0.013644195498573286,6.569783191453398e-51,0.00019396718650650042,3.2903558255370435e-57,0.005388991840682662,8.578319134103182e-66,0.006622046838634724,0.012567618051230073,4.731854922743214e-31,1.0092621238700755e-18,1.9475778087527692e-44,1.4570279643073623e-62,2.588299763962792e-9,0.0008407879816445669,1.5626120301700174e-80,6.39298163874567e-55,0.005220367815379918,1.2510120980725002e-51,2.316224036866887e-13,0.003047808046478542,4.7746688219603066e-29,3.563309255992736e-89,3.4386009131581225e-49,4.616368635788734e-52,8.5676622163233e-73,8.525530529940876e-42,2.4790213457553157e-40,0.0036324677957850176,0.004101136644888837,4.6809060576176625e-35,4.23860503174461e-48,5.476503431718433e-38,3.9408436240114753e-35,1.7641289477853412e-54,7.672121378227785e-77,5.284146305319467e-41,5.895367059613798e-15,2.3562980197606364e-31,0.0011470886999949267,7.343433931154988e-57,1.9840483734253148e-21,4.425159089466016e-110,4.329541543265037e-57,1.0731999942878581e-12
0.005814867963483081,9.406444400492153e-16,4.696926211733101e-33,8.717838443910108e-10,1.7165301736884212e-28,0.0035013276590945973,6.17146912630519e-35,6.437350633850966e-34,9.358929277639505e-9,1.8711382248251106e-39,2.2509204220992563e-6,1.1755697966076581e-51,4.224741615858794e-62,2.3322688144692935e-72,4.0922426432367783e-29,1.2090948357000182e-17,0.4410940644139297,7.115812875131596e-32,2.4267064581092786e-54,8.021370426737766e-45,0.026878107821188067,1.3431911022685267e-25,4.8587704804264584e-27,1.8740757884443945e-17,9.368100635909304e-34,0.0001270608566062787,7.0416389769686945e-31,7.796546411468617e-17,1.1729769233839706e-72,2.450528153153001e-24,0.5063788534735322,1.9089012409499548e-20,7.394187776032977e-5,4.8014729119524985e-30,1.3137474491770119e-14,1.572130516856543e-88,1.0146677141057575e-48,5.914293646495827e-15,2.0781804452864027e-34,1.2835998728035359e-25,3.0207785512891686e-13,0.00565086055572588,1.0622960935985952e-38,1.9322825485438215e-86,6.949159257781691e-25,3.536638640642195e-30,2.093040001628849e-39,7.97421708752776e-11,1.4247613312101767e-22,6.791616947099717e-27,5.626215586161788e-51,2.816847581076412e-28,2.833208052329951e-22,6.81197338898913e-39,5.9137600156851e-19,6.270541703811969e-13,0.002256370240369136,4.064372313266764e-59,1.2165410936408414e-10,5.779999644364121e-10,8.370484784461479e-18,1.995195387311746e-27,3.7882698475853835e-33,8.634540396918523e-57,1.4373691163380264e-20,4.044325581327147e-19,3.6514414389771746e-21,3.51005888774185e-23,0.008222282675244668,1.4883522667662352e-27,2.7163354744926783e-44,1.92354055171845e-25,5.021537021071262e-47,3.1988597481328404e-24,7.18154140065353e-27,3.681105000197529e-42,2.2496154780259207e-14,1.634890085459086e-57,5.315629391508199e-10,7.718411900951498e-35
6.36813477207293e-44,1.1752482243961781e-28,1.8100035340896432e-37,1.2851035950360817e-16,3.1896883812972666e-11,1.2886740130813293e-52,0.0870903164452197,6.324439817129412e-26,1.0274498603387826e-31,1.3416572068002116e-60,9.501138877590925e-41,1.6194793524483596e-54,4.6630715689054015e-88,4.3260389857937805e-41,6.330793422972115e-58,3.873528985697239e-11,0.3296577222700798,2.724879686918885e-23,0.04808210646793171,6.665590409045954e-44,3.3236987414560465e-42,1.1719488318476816e-30,2.1528342000657828e-24,4.397392553052379e-45,2.7978472056403887e-18,6.145800754999477e-73,0.01819489293380506,1.791241371263639e-15,1.8526459575527695e-62,0.023862629653882302,3.789158921684047e-15,0.2689994770203483,1.6746042957280433e-20,6.382753398361201e-28,6.132044087688254e-29,9.01635670581418e-64,9.180241652082028e-78,1.9435376547414722e-11,4.348781157092454e-16,0.0064006242540421525,6.884051368064393e-30,1.880458076777213e-39,3.7995637043263206e-30,4.604842199034677e-44,1.1054021930692379e-32,3.674205119731811e-35,1.432570966858592e-43,1.1994980159849616e-16,0.06719201727236504,1.9418162991424538e-53,3.636627358696583e-67,0.003754501750187235,1.3760986243423197e-11,0.008255475161152735,6.020783478285762e-40,3.0279755182484264e-49,3.5417385956302097e-13,2.6588148339897474e-79,1.7724777760150617e-42,4.92407171024244e-23,0.049818046741491394,3.9705142431317816e-10,1.4620839468325237e-31,1.4387362606676366e-22,0.06737382203817031,0.008232660203644715,4.0461784539216994e-42,2.8879346572358037e-28,2.3845609262000697e-15,6.4341209520731074e-27,1.1683456236378915e-50,8.0890787638802e-47,5.323342642087603e-78,0.013085707286436711,3.4413769812550385e-28,3.2509617260943636e-59,5.395932968928843e-36,3.6622277897389407e-75,7.945380718598613e-58,1.3798702172194546e-38
2.9714577702285424e-15,9.397500825888647e-20,0.006195700340708566,1.2050449962023638e-10,2.0285928800915026e-12,8.000325040287088e-25,0.15217577586580333,3.7532589682055424e-22,2.2645223643137432e-12,1.8249098913391087e-42,5.4702734623264715e-6,7.855657957822287e-21,9.090449996170963e-43,9.696614827918915e-38,2.97322944783389e-12,0.00017506156459890204,2.3650697150145174e-38,1.568829490961848e-38,7.441177783271037e-62,7.24765605235916e-28,0.09598976086021146,9.857336485829159e-6,0.007923001071793688,1.2036427586686473e-18,0.0001297685706977279,2.049765760130558e-31,2.0840978696407744e-73,3.2973323648465874e-18,6.871028705542832e-50,1.5229326188196174e-26,5.140796381952364e-10,3.1167814084332655e-25,9.694925520945504e-15,2.132541617881098e-9,2.477943705819808e-7,0.005522265134419779,1.1677490838579235e-17,0.2031473743072621,2.9505614562494715e-44,2.0820365817692897e-20,1.0478955238637443e-23,1.5476535601351617e-35,6.571075333849095e-19,8.152768850217074e-81,1.3094175690866368e-12,0.024959266262589107,2.6609370411077695e-9,2.5782384613626693e-48,9.17634013355238e-23,0.061474108407172094,5.780871429638003e-29,1.2065614608894335e-9,7.627280742174644e-15,0.011660266340238899,3.03251576363348e-33,6.461638262889474e-38,2.3976633906756786e-8,3.1085450374768635e-37,1.2027719468750686e-14,1.455115502453269e-19,1.0328155801072834e-16,2.2094609828225612e-27,0.04021582031138735,2.7933080861406295e-38,5.872772992773708e-11,3.5313772352853794e-26,4.77847881615992e-17,0.09704946980084929,0.13901785301955588,4.319079039775881e-7,0.0052803827141735945,6.702971862738119e-22,1.6017612997624804e-16,0.14906765611951983,4.817068919829799e-10,4.264376856917134e-7,2.5231264426697562e-21,3.7398397885984196e-44,4.398808778357369e-9,2.6068461544825636e-28
4.736558595983609e-48,1.4659184629388942e-20,2.8184457737009825e-21,2.9328170122894356e-31,2.9250675416190178e-33,0.020420482229921138,3.090237026433452e-6,8.879264758742313e-30,1.920990976454684e-54,1.2249771365207685e-27,7.205492477084944e-13,2.260387529326532e-37,2.7082492368099945e-42,5.141152240002451e-19,4.9640109282669715e-48,2.2936261943458034e-26,1.5140569557162156e-72,3.8411201608693304e-18,4.282267242787502e-9,0.12265828790618785,1.3358868635440162e-17,2.834076481789613e-15,6.846623264997636e-30,0.003654311328180733,1.3625381049200294e-11,3.93376366797013e-24,2.4760366220183387e-33,1.5572562395130872e-64,8.596568887395904e-55,0.00368518302088582,6.1517150633781505e-30,3.0258431964681935e-24,5.240097151229968e-41,1.0478887168457403e-7,1.4406377398317021e-27,0.14064539643273005,5.703090248175646e-10,2.0811978042030363e-15,1.5017160265798679e-9,6.289607927986527e-23,8.108500426471505e-68,2.66280208003041e-33,0.0033467374211104415,1.6422716799148798e-9,3.599796565816342e-30,2.097166323593864e-30,4.253718399319444e-9,8.64274342969428e-16,1.627665849732066e-14,0.001441182660822933,2.2199514146048925e-44,7.437349826443991e-54,0.022059163555102172,1.1702793117933588e-60,7.416458260715477e-77,6.046818448007491e-74,3.0839684777059156e-30,6.995474342078795e-69,2.9817355089139414e-33,6.547733183776521e-65,8.265267100024315e-12,1.2121037023338129e-60,2.1845178822439374e-16,1.4774196928154614e-16,0.005331054714902456,2.4743185391953003e-5,3.038574142769722e-19,0.0019765331563586855,1.7909863044258779e-34,1.874315965362242e-39,3.56085360885245e-23,2.534444822340825e-22,8.037677074487875e-37,0.00921964784097517,9.883796031031522e-45,3.575468897105907e-19,8.016242469908211e-23,2.105048341066425e-99,8.761478788077862e-74,0.6655340692486165
1.2878113884190381e-11,3.635312404601442e-7,1.1123595058805123e-16,0.5845618866858439,0.047538006010405996,1.0291450005724992e-25,0.037811674337908954,2.3955887103064616e-30,6.206272237143118e-8,1.2674790794117816e-23,6.866579864219394e-14,4.7804404163374616e-46,5.395967642691214e-33,0.0012425556740742537,0.008784768332871251,6.298775832971205e-5,1.9528724585455587e-29,5.0809742709969855e-15,3.679241841143216e-64,6.88735206836011e-24,0.0008434111391313953,2.7810815618401065e-13,3.551337412032128e-8,0.014026982220337979,7.690433856320123e-12,7.398259437212093e-47,1.1973883879333036e-84,0.016089560435688703,2.434397316463924e-23,1.5341099979921584e-39,4.678083873182196e-11,2.0271859514425498e-25,2.9793553699109848e-6,0.039977536271240094,0.026701070275244106,2.8838061430584576e-122,3.7693303271993533e-20,0.05929817663628538,3.505140322549249e-52,2.1475289331442645e-11,5.540411473377883e-14,5.807889126052605e-7,5.53154408348068e-40,4.858569838812038e-67,0.00015593526202124853,3.4604840330408657e-23,0.02556673432124655,1.3322115361147335e-53,1.768603871742578e-8,0.0014076484708118733,1.5240522141145907e-38,1.2364271340141246e-6,5.994966711773874e-21,0.02496302045178629,2.8658710120614953e-13,7.518982512282322e-31,6.286326138826914e-5,5.815119129395079e-29,2.8338669700753655e-42,0.007027794719247122,0.03224669647548791,8.589116678233826e-15,3.2691205533432204e-32,2.085996691986761e-55,1.2765214926094337e-8,1.4742827258377295e-9,5.105591111164301e-6,0.010685904440533526,0.00023403720496707967,0.023866895658077383,9.854268152473751e-21,1.289359813164783e-7,2.3038299925341306e-81,5.3336350713507e-11,0.0002845719335644439,0.009317237374951663,2.7477791304638502e-11,3.340621766119298e-32,0.027231520339731894,7.099295948600616e-12
6.64703321000004e-132,2.6079858202578752e-87,2.127860456496917e-98,2.1261498325424548e-106,1.7378143192286655e-58,7.900342325511248e-62,0.002307465799121681,1.8735730038030442e-48,2.8950197882657804e-142,0.06385410768788717,1.7761066049356184e-58,0.005397856113344589,1.9099184255107274e-141,4.360206768880408e-46,1.2879243347547181e-64,4.5017682586394406e-97,2.395779425866821e-74,1.5305386550973853e-139,1.80710723433159e-133,0.009245656793750992,6.448557572533273e-77,3.395497192293806e-60,9.40206902615315e-113,9.3384099044651e-30,2.3556316572683202e-59,3.229786419591297e-48,5.470726402561715e-86,3.6560963397454106e-120,1.2027399433816863e-53,5.033894458581651e-46,2.103990903598912e-96,5.294582841603214e-54,1.1144061646969075e-36,1.1201417813034318e-18,2.8767728402438796e-93,0.869902796590785,0.0015795021056371988,9.993331592545588e-163,7.90113757923319e-81,8.010256524070739e-126,4.669154184179597e-55,2.74779064591899e-70,3.2891256925196764e-145,0.0028519719069171655,8.344371566140236e-85,1.208812210055886e-66,3.2847862925691273e-125,2.0862349361852605e-58,7.091432757993034e-75,1.1528078511712025e-111,0.0007904883525952446,1.0881023755741073e-128,0.006119547658686901,1.109650682979766e-81,5.080448341893073e-189,4.314184233554089e-172,2.6584479248452363e-123,2.1668594538543886e-149,5.176049559157985e-105,6.066426126226505e-171,1.3949097560091501e-151,1.8169946759323595e-162,2.145891958866662e-104,4.410479600540334e-34,3.953248929546592e-44,3.7114021267851566e-120,4.459968799130623e-88,1.6711100871320486e-102,6.36660748584452e-136,4.202054895585447e-122,1.278684264557628e-162,3.333693728859258e-130,6.512961004036338e-37,1.1545712704193798e-74,5.293404271013448e-53,2.0111555835914667e-134,1.218786973551665e-86,5.8638885645487565e-139,1.944312335992155e-120,0.037950606991274345
0.003993361701593907,2.9132459458804918e-8,2.5361063032311448e-89,1.0070589809285262e-24,0.02129789883579247,0.03159338144421194,8.75753341222032e-7,1.2057057706903846e-30,2.1880958059927565e-22,3.25394402264185e-38,3.4150162635653826e-33,1.0094668766979942e-57,0.010266878908388108,9.55174566336685e-24,2.568591125567009e-58,9.710740102197848e-16,1.6058169383627076e-43,6.64246269019156e-30,5.713565061971767e-70,9.904892532110432e-66,1.3794259142873393e-26,2.5995106251959946e-21,9.05054901041291e-21,2.902768805701541e-15,2.089838337647143e-28,2.0553591914464824e-62,2.386092612297223e-31,7.609514621773208e-9,4.838200028235925e-62,1.05640569417237e-18,9.63704301598327e-48,4.608071181529443e-12,1.9443525694577153e-24,1.799357305685686e-27,4.2551823424262434e-29,2.2824450767327407e-61,0.028389023529629707,0.015136872935529502,4.434505819528763e-53,1.0935712396484996e-36,2.2695214789143228e-33,7.691597678844884e-42,5.5694000196722525e-30,0.0005393990475966632,2.9012156847739798e-18,0.08054765473408484,1.8156281071547378e-26,3.6277309714275346e-8,1.8342519323360197e-22,1.9053294106074568e-20,5.14706448364931e-80,1.481537886054294e-18,4.19021562308247e-17,9.064765298374694e-37,8.37263154636638e-25,0.05628072897264868,0.010784400654360662,1.4218200028007825e-20,1.0456780402626818e-40,0.19592971010644258,6.315092473720988e-27,0.3684161645624099,1.8108487014435638e-57,8.522135098973739e-11,8.111008147430857e-9,9.860788363579006e-36,2.6204597904167953e-22,0.00530599500544411,2.86000146964036e-23,1.2978093808663011e-21,8.47574850621204e-62,7.216433526994214e-15,0.16594883321785775,7.441459105566316e-6,0.005561297911429864,9.941416984887733e-36,2.779817114048468e-25,5.931827879874006e-65,2.7397587901887365e-22,4.159527308035159e-35
0.0025958731999386263,5.636693640942417e-13,2.0183048061596546e-84,0.0020143358526509077,0.0013741655685726804,1.8911786991130165e-8,0.03731819981172398,6.585075537317644e-33,1.2963365647412774e-13,5.328173367761944e-5,3.5835624189132294e-35,3.814790700112575e-23,2.3628966281501945e-33,2.7574075042566432e-24,1.2520769240787576e-7,0.0003247173400414071,2.4779070012975288e-20,1.045433860719972e-80,9.168331874687871e-19,8.788899019509147e-5,1.3844305311992366e-24,0.0022917399115597657,4.860425514587627e-9,2.229195542858244e-25,0.011526165520120193,3.664382994335449e-76,1.190715037055362e-93,0.0015821170317594575,1.5194594330106638e-55,1.945226303144252e-84,1.9510059466981455e-24,3.2496341505215916e-26,0.008451881446098508,1.2341833867357332e-14,0.03464714691755181,6.943528587701153e-60,7.403983178235579e-50,0.6130967082282748,2.1486119705279746e-79,1.50474135764427e-17,2.4817190860902302e-11,3.966978373941562e-46,3.038842216343297e-68,5.168276549608879e-108,2.018044314868499e-21,1.6918984259490492e-14,0.10778178472722169,5.00390188655355e-84,3.216743851542572e-11,1.6503838630478725e-24,8.046167025071933e-66,2.2206294219030315e-9,3.959338935541192e-14,0.0031390990191024278,8.319315687887943e-11,8.336448376272477e-13,6.277838928855092e-8,1.3912644908426635e-14,3.866609172810485e-10,1.7353230955356013e-13,0.0012159997142335214,3.093200327801099e-16,4.6641356956844496e-7,0.0006769953320839631,2.989059254213295e-7,1.3361037255073537e-14,0.00991035918018496,0.008082595861640327,0.004300212360874614,0.07326415209308357,5.537051585912833e-42,2.1582478581682938e-23,3.5010517119036555e-47,0.05375074020505788,0.01890569669915853,2.2618487475005273e-19,1.277533720066722e-9,2.0229287372773003e-22,0.0036071621506058166,4.4125205286565366e-44
3.1237678376138672e-15,4.980052816321255e-52,5.227828729856494e-10,9.021943556790572e-37,3.687768327346834e-12,1.0298472420016626e-41,9.352967431532256e-46,7.847258147116327e-13,3.4249803660617776e-53,1.9036399948754822e-85,1.7667068483250834e-20,0.0016247398203607316,5.589513546568569e-94,1.4711824309700073e-41,3.8541098189812355e-44,0.006282998091026966,2.666261039925986e-11,0.014485706140960678,0.06409748177890738,0.005382783888564566,3.193018419277337e-57,1.027817232151326e-42,1.609661247214783e-19,1.1930396510360697e-13,1.269333611544852e-10,2.909281384804349e-76,3.7671914390036875e-32,8.321823500477747e-39,2.113468666620582e-97,0.015652231211004643,0.004173733246201801,0.08896807583442867,7.123515715989804e-55,0.03899302212711166,9.264449161854007e-90,1.5886592717694679e-55,5.255255438140383e-9,6.0653642802325916e-68,0.6286922432945081,9.371196148285863e-7,4.673236987873425e-43,0.001802470651353276,0.11686996860879217,5.489733466564462e-64,1.5437498485193312e-35,5.850441207010682e-9,3.5163549605290804e-87,0.008890913175373522,5.043628239267738e-30,2.1562141176638002e-51,7.56965327136984e-48,9.74569749073394e-60,0.004053485651645617,8.383187340800726e-35,6.1959940981784245e-40,1.7838126095384762e-66,1.344363403567194e-37,1.9507771889088448e-123,1.1047199871652083e-39,1.1044532616491005e-89,9.870560345492337e-21,1.7035233975136436e-92,3.720828591557944e-22,2.9197566450179973e-5,3.22605109676053e-38,8.037717511089419e-26,5.10720850000443e-41,5.85862114722742e-34,3.8923682565007714e-23,9.716093379838608e-18,3.1232532385315875e-35,6.174339456596332e-13,5.920196063330223e-52,2.6335843590101536e-36,2.1169169250000806e-80,1.0778127416258537e-81,6.224425440798397e-12,8.745588345935426e-108,1.829807998411921e-13,4.2039258322772106e-21
0.012405823350148056,3.1215830380171786e-16,0.042257990886592406,0.05083758022209466,1.5529097563612487e-7,7.932848903528297e-31,7.48464659784519e-12,3.997433130504934e-25,2.3169993074952675e-9,2.9917002083637342e-33,3.7200208484385545e-24,2.91624519405087e-46,1.741902695746579e-31,9.841409462015772e-32,6.413591200569558e-7,3.3625870069131503e-9,1.766653908504036e-24,1.3117502660428873e-35,2.1195957919417196e-45,2.938848315550549e-56,0.040701071051445735,0.14248507656724746,5.886512617569612e-22,6.853069225351037e-22,3.160306439714176e-17,3.3307674405414325e-31,5.6371546018246e-48,6.82280428977959e-6,2.779518733859198e-20,0.006477608109288384,8.303460275894311e-19,1.0019256976117867e-19,3.215086731194918e-11,9.539268136547225e-23,0.0605301527206807,6.71250737290914e-89,1.0495688244411458e-36,0.004280854283550961,7.835334352053238e-77,0.003595634183455912,0.09624305544032492,0.0006182348898144143,2.7162971203473685e-59,1.7127076936413365e-34,1.5668037413261977e-11,4.2246647553530593e-17,1.8480710788169553e-8,1.5337807939942363e-27,2.576790408286537e-11,1.971483532067241e-20,1.0517798137967797e-6,5.226913581095308e-10,1.604867106991159e-11,1.6641136916381195e-14,4.555213972575299e-17,3.6627489475285103e-19,1.0436756073897107e-6,6.48635042709325e-18,0.0018949106476276556,6.12254947500849e-13,4.1350842152734415e-12,6.55155010148895e-22,8.488365213260835e-11,5.172437061709373e-34,9.146425287427533e-15,8.0658312469793e-22,4.49873059921886e-7,6.011898774237025e-12,3.771686374475273e-17,5.1313979561103674e-5,5.6642963668084935e-11,2.9371804461985795e-25,6.271863342735756e-32,0.008457108025255787,1.8029299012957693e-7,1.4571908157044923e-12,0.5291530545663377,1.6106680098936274e-7,3.8651883076333324e-14,2.980669898485996e-38
1.3117556008155503e-12,5.178599490791232e-15,7.431075126249319e-6,2.2780145943740675e-10,5.899408829544393e-13,8.655745869465683e-34,0.010937947567698707,8.44552056570548e-27,3.034609610103281e-11,1.9719781957591398e-35,4.441071705135719e-10,0.019346503310484323,6.345580860340069e-42,3.0282464351187865e-45,2.306238636732178e-16,8.146834709366324e-17,4.0085306881866336e-32,0.01309820501393603,1.2869017637361845e-95,3.53951332835315e-51,4.778729089358831e-16,8.146820415157182e-9,5.80408623165791e-10,5.908265028634408e-10,0.02197107579051118,2.8998658203193094e-31,3.548462514944285e-78,1.253544710687521e-5,1.359972708643379e-33,1.517263847648159e-80,1.695924134557908e-27,1.974725374693366e-40,0.03637680106679921,0.027163826027023687,1.2392291513477497e-18,1.2580597637624787e-41,2.698004720104111e-54,1.339880088648137e-18,2.0549201556302073e-35,3.47179171463335e-7,2.1690983588192331e-10,0.05849039208441803,0.030869502727964286,7.937456181667232e-87,0.15810048798138643,2.8033902947123348e-12,0.0938802133625515,1.571768786796998e-28,2.3699881433072622e-7,0.04694156163455793,1.148151864287334e-31,6.094299354869684e-20,8.9943794896666e-20,1.6148306718183862e-12,1.8507288744171924e-23,8.950873640605222e-21,1.4172402117602315e-19,1.4288012781936019e-36,3.4138993409440933e-7,1.4470036455293946e-32,1.6339242961377273e-15,1.5105935494234467e-15,1.3791689071802092e-27,4.2398844647258686e-16,1.6439381514965344e-22,0.20526681386627837,0.09150291430414574,0.05783704421302895,0.048802822796739996,1.7828131537215417e-15,0.045900848918418245,3.7296138952032614e-22,1.1200916475810222e-24,2.3821350126116004e-13,2.5298839323787744e-6,1.2555044836458114e-14,0.006466402811886195,0.026465662331464076,0.000557541972819676,1.4173487121060596e-26
0.04415734354494481,0.00710988000814096,0.006278008774196321,7.216400235110085e-7,1.3987587996332233e-11,0.005640888552988093,8.887792526772322e-24,1.1280807977007319e-19,1.2102443812787023e-18,2.1548463580112465e-23,1.1705823378816514e-25,1.0846748985019164e-38,0.007259438043223353,8.591659887581371e-30,1.9396477876062697e-27,4.585220014622304e-40,1.7808541664897756e-53,1.830156798365215e-39,3.040831399045013e-13,8.169202746366258e-48,0.006645155609454454,0.0475081811279534,1.580090712675359e-13,5.7281831031655386e-33,3.801301164570259e-22,1.5187965394322635e-30,5.417931764040832e-36,1.395990983310363e-30,1.5478186254043546e-25,5.26716473145867e-49,1.1214713353280766e-61,3.055198034763018e-27,0.0007093726254293074,0.001295206869791629,0.02266314802374809,5.988038356614269e-99,6.346866261816575e-22,0.028386355613656825,2.7072284259332634e-49,7.986038647868968e-24,9.756157633953303e-34,0.5978354620594255,1.0870119380218251e-6,6.938098953639818e-50,0.13694902911215673,0.009886566339266049,5.002705800347679e-23,4.116738394916991e-14,8.267202350257776e-27,1.3329762528247685e-24,1.1559594893909392e-44,4.737196609312956e-24,4.220097120170814e-10,1.6834177231090306e-34,1.4147062186732878e-21,9.374158304708663e-11,0.012497963193200725,7.724890351106411e-37,6.3235082992959e-38,1.1705504520269738e-33,0.017151904828175638,6.764062905937576e-6,9.730081959150724e-8,5.820482277872598e-37,4.223810491281955e-5,3.3193483959183236e-12,0.016086685188253375,2.323791727163611e-16,0.004323227764009537,1.2231460567420043e-20,0.003998129013630373,8.015114806840951e-11,0.009375462642116155,7.140752562087092e-20,3.6399286563522933e-23,8.822654862518888e-38,1.1959335544796975e-14,4.993200118293867e-90,2.7936756191435637e-47,0.014191682331914148
2.5671348508793695e-53,1.3624775698052055e-56,3.807777532505266e-70,7.272300558055297e-74,4.207591382822332e-18,2.1408213214649803e-20,0.0026050861004977763,5.713364081898878e-22,1.1239695751219112e-66,1.994383819297094e-90,0.02563531056786499,1.4232286433615133e-103,5.887434894091684e-84,0.0028030831610478713,3.209340648945685e-54,5.177780475474012e-35,1.206567879894354e-52,0.07143085504276274,1.4880423042650963e-8,1.6264104104890856e-9,1.6311475752810061e-49,2.4807509913409515e-24,0.0018327634594595232,9.600637352180803e-27,2.5806203205714924e-21,2.8756762041920166e-47,1.0274786432231755e-21,0.0030205712043610876,1.1603731073606528e-45,0.019696317624649712,1.334109713426313e-8,0.052276005282020845,6.385657375220036e-53,0.034387980411442295,2.007085888546405e-75,1.8451522794423253e-46,5.9645784415852455e-18,8.157940825856241e-23,0.04072253414022894,2.174398603409006e-89,1.852063750162306e-30,1.4526032126548082e-58,0.7101216821325361,7.096138384934458e-48,5.331541418668757e-30,4.2032833178503606e-16,1.5598521437332899e-80,1.0158322600888623e-29,1.0671196434516597e-31,4.883194699039215e-45,6.22097944589847e-30,0.0012486214010538465,3.9741447844651414e-13,2.3753149895029113e-56,8.357113835858818e-19,0.001011462507005408,6.652428877274204e-6,0.0011674286439046968,9.051363531800273e-21,1.0489327504783892e-69,4.3487239955627734e-46,2.2983917413573157e-56,0.0034903138861696664,0.004483585394049141,4.236882047663891e-53,0.003331890706606517,3.1593379884400854e-58,1.7439274291329388e-66,1.5053987595748716e-46,6.782668632266274e-49,0.0033750093289276546,0.015148739292381556,0.0006378143731531516,0.0015662630626707308,7.024261003766604e-87,3.4073514650480275e-61,8.629498973920975e-32,1.357607501858354e-24,3.684278169918552e-81,1.7039557438853397e-23
0.000833054962007463,3.100109250506083e-24,1.4980974248594874e-87,1.3894454858781123e-60,0.002777876535516441,3.6927369684360755e-37,8.138359061543196e-33,6.248876710100223e-44,0.0013416760116256236,2.1775823429645578e-65,2.278632610063369e-28,7.674928040996982e-102,3.4572681964209637e-56,0.019042477981624163,4.052003283145223e-29,0.0025198260243438158,8.542681353392097e-44,4.2665596682837797e-54,5.21293088230219e-91,2.578537704304445e-84,0.0033312773100151426,6.657910442552547e-18,5.046392147750565e-57,1.5053658620450195e-22,1.3835946506822564e-24,5.863150939659481e-69,7.88916580749658e-90,7.461876823770684e-16,2.3700371459973147e-43,0.0034024146395571775,3.430868905089239e-36,2.9429421692811998e-36,0.0022438183354005683,0.006044030288244794,1.1340576175813566e-42,4.815471545676857e-34,0.08908967878221964,3.3021345543292044e-78,1.4790105849455067e-67,4.59694092019962e-60,1.0198643864944098e-72,0.018106505650407563,2.5294403024543444e-45,0.8174943554625104,0.0012614784229937578,6.790165974253814e-42,0.0016375739230509317,3.8492878822359877e-29,0.020358194885001343,1.192233121037926e-13,1.5312159471496744e-58,6.557838855284373e-64,0.0011032589417001848,7.217461527212563e-47,2.1865558474714418e-72,0.0019603916786726573,6.917108258104462e-15,1.8397931564633237e-66,3.9187363371666626e-38,0.0016133176040527479,8.439049334959897e-31,0.0012889826539574584,1.0708497886081214e-29,2.936831524250401e-44,0.003217777861918639,2.0406709337824518e-35,1.5381429415389013e-41,2.6993299550088264e-41,9.288007026786244e-25,1.1255503308797156e-44,1.0870864237602461e-52,1.4391846841587292e-24,1.515141324474341e-18,8.1517136025823005e-84,9.188951339133034e-48,0.0013320320450523895,2.7472942816461326e-44,9.554032172546034e-100,1.929435641809707e-93,9.781470808079105e-23
6.435284084175377e-8,8.153007983521806e-26,4.870288074088148e-16,2.0822393911917156e-14,0.638030022587852,3.9646425353083175e-17,0.018200475810176257,1.6900641436843557e-43,8.495670119554899e-13,0.009062496876974727,3.9343523047620607e-35,0.0002671733590595894,6.844403530901923e-30,1.4253553768894892e-42,1.6413541420579392e-24,0.003064091589358673,0.017987900141682694,1.0548683905983234e-48,3.838659513101215e-24,8.684847790462237e-33,5.751204830426128e-13,0.0011430688258905921,3.643327799340193e-12,1.68246258368485e-31,1.3335941879247328e-12,5.388029003869936e-30,1.1522697916185381e-27,0.0004470210547171324,5.416456992513603e-19,4.1991639039285126e-26,1.2340511905885478e-37,9.827366753685912e-48,8.612682243676008e-7,3.2552968747412646e-21,0.0001797254086180388,3.989592866404544e-116,5.545210077363819e-20,4.864431763828496e-16,5.447124819030165e-59,3.0354975927192195e-17,9.8171570238296e-7,1.883476696040618e-20,1.2225926023593536e-49,4.577682532299365e-45,8.439657242269508e-18,3.8708528727484465e-23,1.330452165454165e-16,6.055882770404972e-35,3.925926672158763e-12,1.2046208482691463e-14,0.030358238268060948,0.11896302032813083,2.4164446462265402e-23,1.256115912260655e-10,7.647865281530715e-35,3.3989910336502294e-14,1.302308711943157e-5,1.1863600803229366e-35,3.569082799391856e-11,2.5181422803391115e-22,1.3437650334043806e-11,2.217156163858507e-7,0.022718307740676468,3.6072636145345747e-44,0.11740479195286752,1.4931680779141905e-23,0.01669815251345912,6.319510052849424e-10,3.2044555711823677e-12,9.79146708804397e-11,8.071108121163613e-9,1.178958600300559e-11,0.005460352401868305,7.7055449810659885e-19,2.523616767847476e-17,1.716673168490007e-33,5.86917775585998e-25,1.3535411034921254e-35,1.4611703994620976e-43,1.81114664077248e-30
1.7016229287178047e-40,9.026258541753087e-56,9.849526520590068e-10,3.351559687238258e-32,3.7668630355310034e-27,2.1512202040751477e-31,2.536382994770212e-26,1.5644913651241538e-30,8.30837715224359e-65,2.751483687492616e-52,1.0027844247039273e-27,1.6710022213591006e-52,9.919146933540241e-45,0.29443241022652605,1.376463377616943e-47,6.858069438498581e-63,7.985599548997034e-94,0.1252136837366235,0.03434691803947998,1.6971283889960657e-22,2.3250131915180524e-10,0.002423018275400611,1.334246135349289e-10,5.797771422623269e-21,1.6748243616605581e-26,2.4918018018462335e-38,3.2198276828669214e-32,1.3633940968937561e-45,1.7946403658725128e-40,0.16042371989046472,1.665220840705088e-75,1.023334207191449e-39,1.9946884382963407e-24,0.07868171302442185,1.00138515988249e-22,5.070172136296973e-32,0.10885024008835241,0.004053585403616064,1.1898485694233637e-7,2.0496081386597714e-53,6.30126938945751e-25,5.094095100865166e-29,0.16300022114569374,1.743282591589938e-17,0.006057844706811082,2.3810916971524074e-9,2.9589343059223275e-54,1.1243292196103573e-5,2.2929761734345067e-27,0.0062232606650976805,3.0362749997989387e-65,5.737634483413785e-34,2.229885701041696e-20,6.080841711423921e-70,8.816416930056073e-72,1.4462918732576175e-70,3.953697898064118e-49,5.652845214271996e-43,0.01628201878129478,4.195464039548851e-49,2.68118976412802e-42,2.4300507564453386e-12,1.0672877694664273e-56,4.655742616223753e-20,1.6573747786503953e-32,5.746992282916812e-43,8.972532439997848e-35,5.731478273079036e-32,2.8736724738611644e-41,7.148214436096672e-39,1.6419569534334641e-52,1.7573914339689175e-26,4.7910209193436055e-15,4.0752801364843495e-16,1.9230586501663705e-42,1.885543763033188e-51,3.717297533006233e-36,7.220612055377982e-55,5.536270415350208e-63,4.758950713740269e-12
1.0252973279478725e-5,4.7743552434969975e-21,1.6997186239458068e-46,0.011939458424388413,7.196124976710554e-8,1.5398918121580136e-30,0.019732971985318187,1.5204381836165498e-22,0.013110058761653708,2.6330877934883244e-48,0.002558514239472195,4.0875160857098775e-52,0.00023553942864831223,4.1064245757999654e-105,0.014639772160900339,1.519182962006148e-10,0.0018692245583482123,4.592081105312461e-31,8.767489271270845e-29,4.989941404285457e-22,4.268561971294622e-31,0.001586612108326903,0.006265478730114638,1.7906771019964544e-36,0.0016579304566819166,3.698250064976369e-78,8.681456598674808e-121,4.5337943941208027e-10,1.7107033555109673e-53,1.1176554424681211e-89,7.5860663556374e-16,4.384793642481662e-52,0.000497499464413983,8.402977227439547e-23,0.024621789646355884,4.927022340024001e-180,2.917326898513464e-37,0.11495901748567436,4.2758442927791716e-75,0.020989278910954742,5.536985475795838e-9,1.1347120139208264e-17,7.992645861893599e-21,4.3700736466509635e-116,9.800063920187142e-17,1.0881183659014157e-8,0.49966155490545555,1.8974437228838424e-76,2.709401562710721e-19,1.2839637637573457e-35,7.007484434500563e-24,1.0442135972796016e-7,1.1464854936820506e-9,5.1972409432027095e-17,2.5501584097149602e-8,0.0020737733861032137,7.403665728187832e-9,4.436589414065734e-42,1.2662297114089255e-49,0.0009865102781577457,0.03834307081133002,7.972532306008823e-9,1.261179332946803e-33,1.9040010024873472e-60,1.4054187317969812e-14,1.1709964632582102e-44,1.0912203857991275e-6,1.769264195295512e-6,2.1981518947802382e-11,0.08912950386022314,5.668403521190578e-48,2.0713387923335686e-17,2.4266396977496795e-30,0.00010585895032717024,0.06562106138663262,0.001643554858177231,0.004070807131030514,3.154022188509065e-40,0.06368780916110998,5.1004573366131267e-54
4.908249382972551e-67,1.4542180487245047e-36,0.025786480894468486,3.669926893488238e-60,1.3047082266187697e-66,1.695706915618627e-56,1.8706106249445828e-82,0.08810124804245353,4.8752974207473593e-60,1.062696433352212e-50,8.565501359863953e-16,1.6250092835946721e-46,2.6883825551590135e-117,2.7815898605056574e-81,2.400394243978354e-29,4.646201016994966e-77,2.403467026031531e-68,4.8535621055107046e-14,0.10387971760002836,4.146878454801431e-30,1.9950013483189517e-42,1.13638825724265e-48,9.512509424790691e-48,2.919711065103081e-15,2.066977674668095e-75,2.663661934336639e-42,0.014679641012181579,1.933756753124114e-72,3.966127249264873e-34,1.6868703993613762e-25,0.002327261483870326,1.2990313867314013e-32,7.015446895817218e-67,0.04324339320550074,5.992984067926139e-60,1.5992929820226064e-38,3.85816631208069e-73,9.840471739258366e-22,0.023100133104661216,1.7895989637036263e-86,5.869721766990435e-57,4.718239460097241e-68,0.01594382945591136,4.2982231524766395e-137,7.410832942933472e-55,9.06839837627547e-57,0.0022349572441534987,0.6561610039883256,0.009726550623124545,4.536163450645791e-37,1.8295440030373758e-44,3.292251888483345e-74,1.6847529294512283e-52,2.2836919742474573e-64,2.3133035323742686e-74,8.59901870987714e-99,3.6128831211531985e-53,2.921800503611834e-95,6.854121388266485e-47,1.3162392034752122e-135,4.651448700891642e-62,8.24667937907215e-97,5.909264491227758e-23,3.940761396055406e-19,2.2220764374618636e-48,0.008931073811670054,3.682494169040053e-85,1.6546160757159582e-44,0.005884709533598586,3.7229190227781775e-38,1.3467321750886397e-74,2.98676277465684e-22,1.2998661621241372e-98,6.559526398130525e-59,5.51600798987093e-97,5.25549656255607e-40,5.98343384476217e-32,1.1452948475661979e-89,8.945196458260577e-35,9.29497458347255e-28
0.1622263075179317,0.038043668635789854,4.850744516696657e-35,0.00066924421010706,5.6205076365924896e-33,1.2477186031570881e-15,1.0659083941833093e-29,4.5605760875474954e-20,1.1799626358633787e-31,3.328622429588657e-33,0.027812504556118722,5.551047651002557e-54,7.531026831533517e-45,1.6141064368039778e-32,1.2659895167414316e-17,3.6257966015069254e-31,8.271766855353862e-5,3.978266903734319e-26,4.4303767426225966e-70,0.050298605294375937,0.0613803093968555,0.14769401421311637,2.9076436616147184e-12,8.178617675337258e-28,9.48817138429243e-36,1.257734005794588e-50,3.320035899283337e-35,1.2440806139553502e-28,4.5588619912859514e-67,4.917644712807894e-27,3.1654923698993296e-7,2.3488171972161283e-16,2.244832374053092e-19,0.06776859864523663,1.5010909074432624e-18,1.8218004802818998e-19,1.762910998905218e-28,1.967648959389974e-37,8.759946147029508e-47,2.0730371353126516e-29,6.34660932997611e-11,3.0268999298226454e-30,4.81540109481029e-28,3.609928945172008e-29,0.03402709244952825,4.1687489682798973e-22,1.798275550431607e-16,7.431158157713324e-26,2.885747076700828e-14,1.9828065296968474e-22,1.679439521356331e-55,9.098901297364762e-14,3.818152610170721e-24,0.2383032734892773,0.0815720781981144,2.3926103902817836e-14,4.091914424174086e-23,1.1247546091465234e-59,6.170035033604144e-46,2.0161621889774346e-32,2.069497448413128e-36,3.799591669456287e-14,1.3564621040873519e-32,0.003886285702586914,2.0490132820508488e-19,8.272630198230982e-13,8.076396347656429e-29,2.536122363257639e-5,4.30192823883635e-16,1.795515778939355e-25,0.03369602129335223,8.929403999014913e-27,3.246802170042837e-17,1.523775890984703e-24,7.297928877767218e-11,5.552777495472807e-24,3.1079282271773745e-32,5.0751448608363865e-42,0.05251360081568549,1.3638478894268357e-13
1.0028345811253036e-26,1.4736147064614608e-25,1.3602555019888509e-32,1.282167277392203e-32,2.6800681079001827e-21,0.5628241016799957,1.205394852996769e-19,1.4154919954977367e-5,3.174224787726588e-7,0.030955792790204675,0.014434923329026317,3.832040265548078e-10,1.008767896346298e-48,6.146901203995188e-7,2.2879472159807006e-31,1.98839219080717e-23,2.5183527959925264e-31,1.8293740251472046e-37,1.2068810954096964e-7,0.004430957449154095,4.0554915278965e-11,0.11013045761924307,1.9411019200566006e-11,0.002433167763570517,4.90703350012129e-12,4.1219324019000996e-35,0.007071048123950859,4.921073645773513e-14,2.2692814443731657e-31,1.8505138385899955e-28,4.3438329818841465e-6,3.206341001076752e-27,5.368201970748466e-19,1.1803198889712127e-6,9.534242540651347e-32,1.0898646791080837e-83,1.5092533984016555e-28,2.247353385024717e-12,7.101162335620292e-36,5.871080252632543e-31,0.0016224646195506197,3.60916377539244e-24,9.141513886536328e-10,2.477524089845189e-31,0.014775392942002254,6.601130143671702e-37,4.924112207950062e-46,0.021035045037508766,3.707021220522586e-15,2.0412107764030678e-16,4.2576485245494145e-20,0.004210888089737507,1.2220503315718228e-18,2.5190185771746362e-30,0.013538267383578155,0.007857656775583094,0.03330537586073673,1.6265681600216484e-45,0.06492688687079634,8.473197876059671e-44,2.0606109503912898e-13,5.629208453546459e-23,1.0364462739068387e-29,3.254758541860028e-6,9.58166949248887e-15,0.0001881877003582131,8.387942301132867e-13,3.746057856265975e-26,5.552321492536808e-30,3.13002557069777e-32,0.006077209770625134,0.00021359752845038246,2.416370542867527e-49,5.017206625380379e-23,5.715568563259354e-40,4.1434238913740364e-19,8.961259780614095e-34,5.985615634334067e-62,6.037409045503375e-45,0.09994459066826772
4.799803750788941e-56,1.1204379093259055e-35,0.0009987796655829262,2.0992277167062855e-48,0.004017081727533694,1.3202345929443984e-13,0.003740495770179855,6.116545363116844e-25,4.6374344871272213e-85,0.01348003334278117,3.2592117622428346e-25,1.086575472075131e-7,2.945324379126317e-35,5.7735316289968625e-61,1.6303958582306726e-20,0.0028453616898565484,6.715297503147048e-60,6.890586493955593e-60,1.02654009133839e-20,0.010117608701026756,1.7515062387070557e-61,0.0013625950246925296,0.0007557496375937495,7.197016215847914e-50,0.005238482689197912,0.25721162082899124,0.0018851325605273293,0.003499663429289959,2.6567906165839645e-76,2.148602656267602e-81,1.762872821977743e-55,4.810069358783385e-35,3.2135444893650953e-21,0.08138335329040174,8.446260117845003e-45,2.6106099980973833e-50,2.3916696174300134e-50,6.740649320406007e-49,1.0312502078035696e-22,4.5774585603643386e-11,6.9195973365914e-39,2.109658604547621e-16,0.005590372450840524,5.272136998788931e-77,8.986971956581797e-38,3.413494333161162e-57,1.2408667482530648e-37,8.74597113483682e-30,3.990926596586489e-32,3.1735500019994395e-11,0.6020745315795812,8.676155319549248e-25,0.0057815249726886,5.744349087140801e-50,2.1097988424202236e-133,4.2228405513843456e-110,2.597031502059972e-32,7.743797766143598e-69,1.6536670951114894e-5,2.746680579128903e-101,1.4077052635203107e-59,8.52248559249304e-109,1.0494099376604604e-18,9.792319170590154e-42,3.1863028835586745e-30,7.180478288538148e-37,8.93014493778933e-58,4.543592492404225e-40,5.966303601172832e-66,6.617491353436797e-26,2.9735034921530045e-83,9.653047923025753e-7,3.171757480524556e-95,9.169130885125544e-10,1.3134813589182187e-43,7.963793895724736e-48,9.840729048747279e-60,7.839639980576926e-79,3.3992598338605693e-42,1.011388352016896e-9
1.5254851696637895e-8,0.007435025534126906,1.0033687410191862e-30,0.012740613007317244,3.378713714401111e-7,1.6379336128500883e-45,0.007652946601862219,1.2213316323165323e-17,0.013546937702548407,3.9218237895159675e-37,5.7497150533771905e-34,1.6384545135299902e-53,3.5982194760838335e-21,0.004976800485746575,0.005959875391251645,0.0015051735091543492,4.700325894487295e-11,6.732032618378483e-17,4.6105594195528956e-116,1.0089869917074173e-61,5.7541204816905275e-19,3.0705258446372806e-17,0.01221102480637946,9.027481763007037e-37,0.000475913496628463,2.08485570638134e-26,5.430422245334573e-83,0.1007351687033387,6.115696727268864e-39,8.98631855882553e-37,2.371284609096932e-43,7.475799048115252e-30,0.010935542778050089,5.2423230057406574e-14,0.06994211952662494,2.714947463580497e-154,3.332602634793708e-39,7.515305061991459e-14,1.4894729356328488e-62,3.634845149133057e-12,0.028503527074859196,1.0696634561287626e-23,6.278082217302472e-36,2.4570849468591823e-101,0.021456826547380427,0.005608637954607485,0.023345446276097036,3.0870613902924935e-54,1.2990201479451558e-30,9.810523857988567e-8,0.011543834076898603,0.48978803543571514,0.000305456412231237,0.04119347744594563,0.002177775997874468,0.006704616330431763,1.5344820655758345e-13,0.010806825994267038,5.543294524314909e-29,1.3933450143452371e-33,5.898737282253977e-9,6.941537636999901e-7,0.028486126719191377,4.3292130789694525e-41,6.292930078077062e-8,1.521116037990181e-17,0.03704237217247145,0.003177937534227998,0.004356792291598201,2.98909874197873e-9,1.071400798640828e-28,2.21972259215507e-14,1.1933693884734194e-41,0.0016179207490954538,0.0026856876718865485,3.0202021298961117e-18,2.2846233444466638e-7,3.887993716023584e-19,0.03308011605655383,2.9205034350326127e-37
3.8543371752776523e-23,3.239704797849258e-13,3.971594799679148e-35,1.978262554272869e-28,0.05256467816361,5.787245318272851e-16,0.5829700940823014,1.6086013305797227e-15,1.1284780692078426e-32,2.0774869705349103e-13,1.0516054174779759e-44,1.506698802525511e-15,0.02093989961041379,6.524946499471221e-58,3.4285432019848176e-19,3.040076421402939e-25,1.3573264712603915e-38,3.1095291827105114e-28,5.8958371652899755e-62,0.0045521562536914514,1.246908703805526e-19,1.6332160523154466e-22,3.9169228846041185e-13,1.1522507699167699e-12,4.0944066058665797e-22,0.006086522234133177,1.0830907910797976e-49,7.930717026988836e-14,1.0883466433664121e-32,1.866965351595586e-32,1.0107269346954982e-29,3.027514250711997e-37,9.991793609046588e-10,4.364837652741697e-17,2.0394003901351442e-23,8.156339821736455e-51,3.365428892804717e-33,3.5440086723925734e-7,3.102495433818256e-39,2.0360442152786269e-19,2.7813683916136423e-27,9.381642153768716e-31,0.006261185046149962,2.5165416554063936e-64,9.62913966275392e-20,5.385370983135541e-32,1.5868434735925341e-26,0.012867841553145576,1.651255847315493e-42,3.933266850328007e-30,1.3652581973834811e-42,4.875384928401521e-13,0.15581716138998886,1.8123285278840668e-9,1.3298639187028045e-32,2.4567009633159097e-22,3.796178692259461e-18,1.3080940525000203e-50,2.687385721477694e-28,2.9331378415065303e-48,2.914700550158637e-21,1.8753225188888975e-28,1.8104999536827702e-24,7.236045342840698e-25,5.3798898158775876e-12,6.188187070899567e-31,4.1168987103721244e-23,1.628754826989376e-15,0.15095948635613127,5.918482075409591e-15,0.006455597262691352,1.1505723407175951e-25,8.023414900780449e-54,0.0005250208273339953,2.6548996050268136e-16,7.71496702815266e-23,1.8784401166072873e-28,5.939065519205855e-52,4.362545692515944e-40,7.443947642838501e-17
0.015379150714257685,0.017265175851317267,0.001127343439080848,0.06035003265720294,5.40963189337394e-7,0.004366827914737246,0.014951284823180413,6.942295700204204e-19,0.02741841096608428,8.355018568278481e-47,9.623134510322443e-20,5.3250269574354434e-48,1.591498638249407e-31,0.0023851818481656715,0.0010737197717218979,1.3187415765264693e-16,0.0036721931943901713,1.6826963823827266e-72,5.606664905907815e-75,6.782707215076216e-65,0.025061673531740936,1.5512303089385095e-5,3.2463689648736056e-9,3.4681194511432207e-26,8.458225130557671e-18,0.005414303642370002,2.3638945137708764e-71,0.21018464444678148,7.884408655311428e-24,3.536724053064015e-5,0.0065690032380644634,3.043380286963381e-21,0.00024174430229695825,9.949834509094344e-29,5.649800918511386e-15,9.072809491211833e-128,1.1248856547524116e-13,1.0453925063348928e-13,8.437727089143794e-45,0.017847210499910983,0.005754639238648515,2.2639732701159373e-22,0.0031549747540268445,3.894676157908396e-99,1.443584656378536e-14,8.212999331216045e-10,2.6553743734338695e-11,0.004719297076502437,4.127456109074346e-37,1.8302753320922062e-13,4.116695654112215e-63,1.1528730795170538e-5,9.951445936007816e-10,0.432336480828064,1.319423999133647e-19,0.003623196650210574,3.4755781716298606e-9,0.005774367929245,7.377856937204332e-23,7.085876244564538e-23,3.68183695402324e-14,1.8120072901563744e-23,1.6189366284707455e-19,7.625814821904441e-41,0.0020348575722276725,0.02837853453258353,0.016473522560063878,0.011523662243045739,0.00088579386089696,2.239691321153384e-10,4.7677536332985e-12,0.010369020918120754,2.677740226045441e-48,3.303669748643164e-18,0.04231129673146977,3.507616962237503e-21,5.837797429512069e-12,1.1527854725850344e-38,0.01928949622600948,2.975677426169834e-44
4.0161936187105975e-13,1.0086825744344995e-18,2.352178609302418e-29,0.0016989732264408707,1.415050248056332e-31,1.3990474257402804e-48,7.685879631712753e-16,6.269642271169189e-19,3.7064049837052636e-28,0.004872925844249461,2.9213806457679035e-50,4.3241124067332793e-33,1.0949656912351912e-55,1.9162384403194476e-31,0.03010902668795159,0.002730008324450769,3.7479085913744623e-29,6.105725429207432e-109,1.0365624240499221e-28,4.8038622434722155e-109,9.130791412579764e-62,1.515056596303358e-20,2.2158274473275823e-21,0.02959322964168659,1.5921490604647597e-36,4.093443480825146e-37,1.2869639348730347e-9,3.1810362448078906e-6,3.470594174264825e-64,8.09464766818739e-86,4.694266645111871e-32,3.7892676731807515e-38,0.008712390815256765,1.1234155333605432e-74,4.7735635890013015e-12,3.316903550423931e-178,1.000202200138648e-54,0.00469397960316327,9.74588329422428e-144,6.706601088698391e-23,9.702458922005848e-27,1.473691790348048e-45,4.365903561601767e-30,1.0321922245260615e-153,6.57510401012079e-27,4.172335672135245e-10,3.329693145496108e-7,0.0004254910199623031,4.8919252473203534e-42,1.737717666481578e-10,2.0110672013762302e-43,0.003694296096393648,4.006728817869396e-8,0.006290869834211229,0.4147176935412785,0.4021002940582556,0.0059260250432353456,1.711138410259039e-64,0.00379246604477925,3.1376169596803543e-21,0.0004742068218741957,0.06703019911773657,4.5962458125481605e-27,2.0519202131389828e-59,0.0098284944460062,7.16558981852888e-37,7.123270208687922e-19,2.1121257034611606e-6,1.8048657634106867e-18,7.333027433867418e-27,7.44342693433497e-40,5.85257487444228e-47,2.4467263831756887e-83,2.230615910333639e-31,6.481092197666335e-10,1.047072863394732e-43,3.2884484330965375e-20,5.631917164425137e-50,0.0033037611032623554,1.478034006198283e-82
1.2070093459568478e-9,8.524842389705184e-8,8.97825035922364e-86,8.991320098298449e-30,1.46007982189852e-9,5.215574909024088e-53,9.72879723498051e-21,5.239660933155882e-54,3.4992253675301105e-16,8.538810443440055e-69,4.081938213905119e-39,2.5275905026906846e-69,0.0016691577436034988,3.651577332615944e-120,0.028429819136245926,0.008623118518079967,8.020348556591248e-30,4.244951595040911e-84,0.002777319277567708,2.137515811086321e-108,1.8506205898382602e-64,1.2162771190671555e-49,0.0067854528176623,0.045630705604300624,1.7689021714071346e-18,1.921139157821394e-36,0.0021493711121334915,0.0029364501618326768,2.894693521162097e-30,1.6819909710213702e-80,1.0627993020193514e-89,2.844502885626617e-28,0.001042622697939808,2.1330789644215866e-43,4.340408975620253e-56,1.4992166327542107e-133,1.0961165852752985e-35,0.010190561812889208,0.00248588961678826,6.078445486584638e-6,3.1095669781650736e-39,2.516369368248297e-29,9.792792668570495e-53,4.505701677168905e-137,2.698085961437914e-25,5.909305843574322e-6,9.896594117454499e-26,1.4666535461036143e-16,9.813536851385627e-42,0.0009143704274020055,1.0179146104631374e-39,6.8784041846412804e-15,0.00584109802262831,0.0038924118217046,0.003793980724124786,0.35868215785906116,2.488717444389986e-12,3.388304325241631e-31,0.010185492292277484,0.004756684399682854,5.763139250270257e-34,0.4316848737285269,2.0870559400636528e-57,1.9516130959764425e-44,0.008004191969363347,1.5114663957483546e-32,3.1378981161076124e-11,0.0016170540695215228,3.6792548520134974e-9,5.541944818124426e-38,1.5225840793859532e-30,1.9904671601597316e-35,3.908972375720976e-73,1.3718298557362049e-13,1.0801132526410555e-14,0.0026735110532608826,0.055221625753281614,6.438111139078242e-42,1.6097388623567974e-38,1.7434660915298122e-48
1.934395065283206e-6,5.0638461800558253e-14,3.05865959773143e-16,0.011646179728667355,0.00015507761878111504,3.789502349284571e-18,0.01459670735535026,1.6879876722568615e-43,0.05046910541093305,3.1238626108669454e-49,3.193365011994787e-11,5.278028392867235e-56,1.3589262431931798e-40,3.707727350259306e-24,3.1921879075808897e-11,1.1627109867204882e-8,5.9495946424116095e-28,2.2010014563468585e-50,2.6924125176550963e-31,2.1184167865321275e-36,0.04531483011482924,9.022553752393597e-26,0.0036037323977237386,4.968967440016871e-27,1.7083544987866878e-14,2.2373025831660072e-45,5.035954989568038e-75,0.07780318503086325,7.905764567636306e-50,1.1029037247512715e-31,3.225853402093225e-44,1.5138377861360662e-25,0.05391367629012247,0.008160527047427988,1.7444572461762556e-9,2.580157350575047e-116,7.286094162832371e-30,8.768626676754817e-12,0.0020909493557870616,2.375063195288151e-6,3.909147472380049e-11,3.780523741244985e-21,2.4566550058556038e-27,7.558818358800272e-117,8.184260435655243e-28,3.6997781384104537e-7,0.02328611100657794,1.0380335964927639e-50,7.832307091968448e-20,0.017075567827777898,4.612215522312373e-33,0.10288352968986578,1.8351624617064357e-9,0.04694122882140549,0.013227600077803865,0.007537385134341297,0.4302215563741414,1.5652860086056235e-44,1.4795093808613422e-10,2.9182694638553285e-24,4.001850733401413e-5,2.603317032001162e-7,8.331003298426282e-11,0.00020751561997957942,7.631943248671895e-9,0.022540073212178297,0.021165229693183144,0.04453909302496096,2.3639935795475513e-15,3.0398934994398015e-11,2.8432742452571517e-22,0.001997468204455858,5.293114836807376e-40,3.419626649774102e-14,5.584983635758366e-12,8.091935952066036e-11,1.8178173583574636e-7,7.009530981327045e-25,1.2751432181177116e-5,0.0005657561751569554
1.0306560405435255e-42,1.0903376024063084e-32,0.0035457763972285223,2.8901337552111525e-56,0.0034385808892679883,8.464565391626171e-31,5.538193084105899e-30,3.4953621749456695e-70,4.992785302386781e-23,6.1323366351986294e-86,2.8547206217633062e-30,4.9769709226378926e-116,1.7112198674693241e-22,6.436134310221784e-11,5.741147724732296e-44,3.984908006634315e-27,2.319869322911847e-112,2.194775345893654e-35,6.801706497853395e-126,1.6682179768353416e-97,0.0054554205353570685,0.006024166327841968,0.01374570277544408,6.1387196018707426e-30,1.563153851172493e-39,2.0397894837565847e-63,1.239964305017798e-101,1.0316613045363597e-26,6.479765926283043e-52,7.973334763824259e-10,3.10415372243944e-64,7.580240182492829e-60,6.238865085386362e-21,0.009239957027899969,1.071847263692137e-39,1.5827039315317986e-177,5.95822925621088e-39,2.5090776561611615e-46,1.029855019820845e-62,1.5629832206857633e-11,1.0085953908078367e-52,0.006461954711906018,7.320533373393605e-8,2.102419812565867e-24,4.759209347642389e-49,1.3448464973853307e-5,2.076366388974093e-44,5.8223611062912144e-92,8.883316170287121e-32,1.7707870454837494e-56,1.337370676579701e-54,9.709499800943447e-13,6.492366666096467e-30,2.7305848209972916e-17,5.917343245569248e-109,1.903951208815503e-65,2.1780415952219428e-10,0.5487288975166711,4.520713808265171e-14,0.003152305355400723,6.723851729377381e-34,1.5441907695917363e-77,3.05417163255716e-71,8.875038876029196e-21,0.006330619506245485,3.307319050493354e-66,0.009589858209380298,3.502468008449229e-19,1.109861389682684e-54,2.292068736734632e-19,1.0465152405029992e-49,3.6055520939754907e-41,0.25246695517407985,1.4173891488485592e-22,1.0667351690565795e-33,1.6017321883245224e-44,1.320058588560257e-41,0.13180628280682433,4.26977620503199e-51,3.3062524171077687e-38
1.6961742436575065e-31,1.0864103482641421e-25,2.4522310755014103e-25,1.1545563703332909e-58,1.9911905955039202e-47,1.2300416213015003e-13,1.1779964303502624e-30,4.441924091908861e-15,6.6599615106349e-31,2.041609400411941e-27,0.0028892862868002346,7.535119351437817e-25,7.403697226946329e-48,1.9880199028906884e-46,5.844827925826799e-25,2.602938249711762e-21,1.977713995095651e-12,0.00022746086908557553,7.430602779931567e-42,0.001811484992141382,5.0195922851134086e-15,2.8611337676693444e-33,8.003461230577663e-31,1.109552363685792e-21,2.6066388594769077e-28,4.568937029040779e-13,9.803499614299495e-26,2.7291515448724895e-50,1.7659434656776943e-50,5.357081015736703e-8,0.004737723767320317,2.713218424908172e-15,2.402540506522353e-42,0.0478655953323597,1.0741559754711917e-61,0.005499043649047437,9.26907246578933e-25,0.004507224856919716,6.3682842501020614e-21,4.41741149183952e-29,7.533720034154373e-24,6.024772399367056e-38,0.10256262063157681,2.0427307186687824e-11,9.702491745861424e-18,5.515089364432986e-18,8.816345637182736e-71,2.406908820155737e-21,0.022047484398706924,1.4571581456871168e-12,4.843444318748117e-34,8.456404021967022e-28,3.003030594802361e-23,8.900103605321485e-35,1.184186542842341e-28,2.4210265182354405e-65,7.427515514647491e-37,1.7295822430655577e-16,0.6564471270206564,2.9152908634486675e-36,1.1446020696364164e-39,1.6401013106061165e-63,4.3936799622854065e-9,8.050469665001441e-23,6.287964510371193e-32,0.001824189137752111,3.1717167950069147e-41,1.1849716443037845e-50,8.347324674769029e-30,5.81215812100749e-41,7.734868731637513e-23,0.1415387655702422,2.4196077304503347e-51,3.2076512043521296e-6,1.646263990419668e-12,6.333737831689532e-16,1.715465307386649e-22,4.204889273027419e-40,1.2799071611315388e-61,0.008038727845595487
1.8106649791572525e-42,2.5100186305732157e-28,3.169634522081721e-25,1.1800131138750285e-16,2.0236418030392522e-9,6.934196723638115e-72,5.060287015893607e-33,2.57622777855734e-61,0.00015847433271312604,6.21801005986401e-60,1.0011450242140657e-53,1.6727574195614562e-77,0.3001368729112224,1.0676945140890582e-41,0.002110534367841225,0.009731564369154368,3.8312448089876e-64,3.1893498347975798e-12,2.6242065395664163e-51,5.5393875409940735e-111,9.283916438744417e-27,2.2630241035497453e-35,2.3298812566857897e-18,9.281764609407001e-20,8.410478965817857e-47,1.2797879711910157e-39,1.600461587891325e-101,0.019252788863898265,0.004043922061737795,0.0015205234493389605,6.464900153666599e-73,5.2644011074847115e-48,4.624317003588009e-25,0.0024002676104275525,0.0030777204305301575,1.7021186355749031e-171,2.0294361299777975e-8,6.930476178458382e-56,5.208562991307641e-31,2.897384383028268e-14,3.488225275187239e-30,2.325017197570705e-51,0.00548614821218127,8.549304333621487e-115,0.003825791630614298,0.09355536408971656,2.979814215143116e-12,7.731503343536547e-5,2.9658595898680645e-23,9.39483780359559e-46,5.928340552353129e-84,0.0023353341999112647,5.1096412640428987e-39,2.947784876166357e-19,3.4528986685159026e-24,0.0022000239794315174,9.227664959761012e-29,3.565863172652819e-16,7.377557483274534e-15,0.48210782394320884,3.0285109003258563e-8,0.014359738733357053,7.63793246384582e-24,4.7381337441476806e-26,8.263916206988645e-33,1.766068313409478e-34,9.969127405588887e-12,6.425580263757846e-29,1.7603775808055285e-16,6.493962176624147e-24,5.110471022472723e-53,5.981150281016474e-61,1.1638546091429459e-19,4.564037011407363e-43,7.682897474549774e-33,3.1184123601219965e-18,0.05182028620531809,0.0017994529566746499,5.094574933907731e-57,3.0710554339569913e-52
0.007826424461681981,0.006426012209978834,0.009905012080644305,0.049876490632534784,6.119872224264951e-15,7.904979875709063e-34,8.619703975630126e-17,0.019786111858270568,8.267067448551731e-8,0.0005310637403782039,1.3011559164904267e-28,1.8578240734745662e-51,3.03097208734729e-40,9.64192208683867e-11,3.774887251609989e-17,1.3770642200700757e-8,5.357900408804236e-32,0.0018853181084104024,3.3989871780995265e-38,2.725842884189288e-80,1.7807075428792718e-24,9.163463007523374e-18,9.848178581464027e-10,1.7680561660841084e-32,6.000910120899613e-20,2.9434705551139703e-25,9.57291123751128e-71,0.058769195698812726,0.01750025852346446,5.328657321737889e-73,4.257713667999806e-24,2.1932161936396335e-34,3.6876961858832885e-9,0.007167919223498002,7.817096189878751e-13,8.596089182160975e-125,2.7809936090424884e-54,0.007051839751766795,3.5324574066968923e-31,1.0021587110779573e-6,0.02134068245947228,2.6374897480266322e-11,3.4668927615856645e-39,1.2202801162732875e-144,6.429982945893282e-11,0.006413552482071995,0.05414920324873526,5.610651372062806e-44,2.0733347634676997e-11,1.0136361167104531e-30,3.725241859128395e-9,0.03833773206471464,8.492274346322313e-31,0.010769230259577623,8.927235897823968e-18,1.4770566998698487e-21,2.529243417669948e-5,0.0027570479625791075,4.338365679183316e-21,1.3459842740671998e-25,0.639323914352708,0.002725017554323254,6.521301203732879e-17,4.264067168477907e-18,0.0005949650688517192,0.004731068553245151,2.6839132783053478e-15,1.4781047791025396e-7,1.625024880165635e-5,1.4263846014423048e-7,0.003272278914612414,0.002845943567829375,3.3763015523335146e-36,3.017710441214125e-11,0.011874730811306283,0.014096045255678872,1.71729792954059e-13,1.889653100418404e-31,7.861858346337408e-10,1.0298525533092697e-21
4.913429840181716e-15,7.801244394425936e-8,0.0023726597479115027,1.580289607634232e-8,0.005055407000407638,6.9901565194687856e-62,0.0060599575561158985,2.7067316336971422e-37,0.003316476328843318,1.739795235311548e-56,4.149253832207105e-38,4.676937172190816e-90,0.014613095211385907,1.0120499792794214e-90,0.009595659812184508,1.5530878672538377e-5,5.380269900900327e-55,0.0015030471259990731,1.3771989167924654e-68,5.457497448942555e-110,1.826943671040495e-42,5.991286845665505e-16,3.2723836023264686e-26,0.0037324226189991145,1.6667368322264323e-26,1.283775243016984e-42,1.8344256710494416e-82,0.0027184337800135955,0.00545454255638913,0.0011958486337217903,3.5635558248861306e-35,7.861963751974313e-54,1.0416780719404546e-14,0.0023279104567077787,4.4147685524366136e-10,1.710537971607308e-123,1.6177578464457851e-31,1.4407177080244932e-22,1.5513665582974622e-27,2.4422245672667577e-14,2.273918961102494e-22,0.0033905749973930353,2.2819838372808016e-19,1.4205344442653569e-101,0.0039902249240166155,0.05146464081891561,6.92169094789486e-21,0.004725938303159698,6.870349439939998e-56,4.4533531036500987e-7,6.182757573196161e-79,8.880529614685207e-13,0.0023227182340520187,1.0488005392613963e-10,9.894000663829656e-29,0.001465343297634946,0.0035225221961883244,0.0028893743233963914,6.573674013341257e-27,0.3772209647960645,4.533360875629263e-8,0.4359287315984129,1.4168238173065533e-57,3.250837024312048e-64,0.0017909413003382845,6.701524497455949e-28,0.014156707534211966,0.010057825990973277,0.003672468477905599,4.8597186555220265e-26,5.943720401980307e-46,8.523006024839333e-37,1.693119030108788e-50,1.863393221077e-20,7.562287628873016e-28,3.4378329754459086e-37,0.019116904477714036,0.006322541760180797,2.3054556038677685e-10,2.2976747088260344e-41
1.4161816252802178e-7,3.270136229665829e-29,8.618949940940946e-22,4.79777623156536e-16,3.7742657240479807e-10,0.026539462849002517,0.01126375942025388,1.6870102712110938e-20,1.0198318959474076e-16,0.014252410979272526,3.2160999167587074e-27,4.388008546448054e-31,5.643623891533994e-68,1.2317766444986632e-33,5.590684677964663e-19,2.9759707568753135e-24,2.9920683760936367e-31,2.074804050280638e-36,1.5428254014083833e-75,6.812435028680949e-36,4.98487827291509e-16,2.9307086218008462e-18,1.376574631519051e-24,1.207983512855278e-34,1.822668211398579e-14,1.3114663983377166e-16,2.0444613261880986e-50,1.284068957849526e-23,1.0161516561306119e-21,7.624006826309936e-12,0.22294328965940238,5.8999960739513565e-19,1.4373365824200181e-22,9.711100395065065e-20,9.371703777355814e-23,0.03380116022096272,3.334127052496339e-49,8.650960784624532e-26,1.911313408922028e-43,7.453340080327301e-14,7.815020931697175e-25,2.4599235429226944e-22,6.602728429073232e-45,3.3998186403363e-58,1.9550147806322323e-6,3.423258997285858e-27,1.0937980702816558e-26,0.20717942113085763,3.1175628129787364e-25,2.895347480148174e-19,1.5059701647622685e-21,2.8422015834691512e-27,0.22973126872830926,2.8955108455631617e-27,2.1416553737493944e-21,2.417924482033081e-52,6.168852883311262e-26,2.0752630001529473e-34,8.637956461362627e-38,3.427049666558859e-66,3.1680080315883467e-31,1.3260468632998662e-53,0.016052397127298716,5.0069422168116224e-29,0.045182896111995795,1.1647797717291092e-22,2.258072914534988e-19,3.003460406825679e-23,5.226358191624874e-18,9.140562373483279e-29,8.230128188403702e-38,3.367639022504874e-20,3.8221303065018614e-70,2.726767209036238e-8,2.208021456322175e-27,0.19305180948687076,1.8369200177994878e-19,1.2795823654553643e-39,1.3948851197633217e-14,1.0900451804998137e-25
5.198710153848615e-21,4.691983390288509e-7,2.5825988200032735e-18,2.8455659174099193e-58,8.283846292986697e-36,1.2164162905620032e-28,1.8316891867074973e-56,1.5028934825742854e-16,3.5780982362160386e-34,4.854092387342569e-15,0.08990884785906307,3.444212109453227e-26,3.269319243405475e-45,0.05151211477094227,0.06822219004172364,6.458532722742377e-16,5.221862631350061e-20,0.041231457567938626,0.20544554932416895,3.546880291525896e-11,0.02379218651084395,1.8478114035747657e-19,0.01151307894827729,2.4306812851199436e-9,5.7370963329507115e-46,1.2020241274590618e-39,0.029615634072278046,0.0425662760801858,4.811046235168035e-20,0.06355810460604727,2.7360574762181752e-17,4.06980071567444e-20,0.005528132441553716,0.09931606668167062,3.788516850651666e-52,8.242999694319244e-84,8.466258910852882e-11,1.4047014363643197e-66,9.899506636157201e-17,4.1537368725716555e-73,2.9091121821457755e-48,1.290410134136843e-44,6.027410573858955e-6,2.298541272072154e-34,1.7930083549311142e-8,3.58119123499543e-7,1.3967550129209742e-68,0.05901943874358158,3.742555747128598e-18,7.206689065079936e-23,0.012854895250600452,6.944638858198553e-30,1.3085112633066249e-12,4.9943959040951306e-49,0.0359782531950272,6.713523093267285e-5,6.315087424501786e-10,1.773705083369183e-52,5.398048604126182e-16,4.994201310256819e-34,6.130189655955107e-23,1.4190739131611852e-34,8.173379601270124e-36,1.0232205403666055e-17,2.2838268533347455e-27,0.06332268368348788,4.151664079832952e-38,1.1950427289700863e-41,0.01213852813353768,3.895241423644792e-46,4.561028121279889e-57,1.1781907065857954e-27,6.844976280831567e-41,3.698845911424358e-61,2.2981202183833935e-56,0.03883370912880097,0.04556884188758218,9.088572902427312e-58,5.369760991589577e-78,7.230683952855362e-22
2.805178129724868e-6,4.3158455269652413e-14,1.0513421680716942e-25,1.690614284272221e-6,5.087535958541841e-8,2.4144778810816436e-34,0.00010777161397430373,2.082779453605893e-36,1.2451619112820825e-11,1.3812127764898656e-37,1.5160209479258207e-42,2.5022578963146114e-49,8.519122762817331e-20,6.402618263988927e-54,1.3463049771968502e-20,6.480321043445318e-5,3.7393964780713236e-7,0.00041871756721567784,1.2068488164017204e-8,2.6799986196205877e-47,3.0020854154457685e-16,1.7124246062290213e-17,4.53252589005132e-7,7.523202308340201e-42,0.26011050063105756,8.714772046225782e-9,3.537182626377837e-53,1.11340878739359e-5,1.7625089298839238e-20,0.004995340600685465,3.705883313746584e-40,4.841698999752522e-48,3.136186123587007e-12,4.3160185059224755e-32,5.711897282495805e-11,6.68080881076928e-93,2.0223207543867065e-49,0.3989635580881343,3.31723308729252e-22,8.6154066282561e-15,2.472691784887958e-22,1.2131086639657593e-6,0.043662835437503905,1.8805069008451117e-110,2.2244134560065018e-24,2.182370377037356e-28,0.025090977852746624,0.014811407189304434,4.952132134030542e-13,4.378942576300532e-21,0.006065042955952647,2.887159212264134e-9,8.851428650742891e-20,4.685150792526024e-7,9.82310586874564e-14,6.46247243741192e-36,0.03956380679506765,1.3704089773863667e-8,2.004623558956189e-14,3.8652378210590517e-44,1.7210216315975587e-15,3.3056826132543444e-27,4.60721148968657e-14,1.082617723411628e-31,1.7466489574031494e-12,1.1909600628470941e-24,0.026443291691310856,0.0006243150006379903,4.1190041870668885e-10,1.2420938592451343e-10,1.2795627417621872e-15,6.120475403142874e-36,7.65424421672616e-48,0.12730030395415154,1.04252716281138e-15,1.3883172872132955e-16,6.045537574423227e-6,0.05175305431661548,2.168072815753906e-13,6.026182582798658e-47
8.41482428973033e-12,7.992756498939949e-17,6.832840409756682e-21,0.0002527188448460086,4.245423905695426e-16,7.672767617898072e-33,1.0893346119353201e-7,3.646479824328095e-22,0.0950750038633112,1.7203496456725652e-46,3.0833687850008326e-32,0.011739608801722807,0.0035145821164629205,4.2357732419535134e-69,1.8158518379210222e-10,0.0038361648439552577,1.1261458038993312e-36,1.2799597130595252e-27,1.2019942572129408e-57,1.3600666997316876e-48,1.246021281267458e-10,1.8729100860308682e-14,8.092748884259891e-27,1.8402631950071438e-25,8.230360038674721e-20,1.2811499384182813e-26,0.00422066740681123,4.923654645241748e-11,9.880034666136555e-48,1.5969355466537722e-18,1.6611794524131402e-32,9.212239622580425e-30,0.027798926778181198,1.9241183724616161e-16,4.81921150824625e-25,9.245012112335856e-34,6.389383010266576e-40,2.378831277597086e-20,3.47712744689994e-22,0.06866899713225137,6.3259859691885635e-15,2.8820972503452618e-27,0.03603718481388195,0.008534338415598045,1.0843921567138462e-18,2.1581541454117693e-12,8.87409013595095e-8,1.5381763843604938e-14,2.0355760330590558e-23,1.0823998685093126e-22,1.7674201577508392e-13,4.190136632053069e-18,0.008403102064900126,1.2823380286314464e-21,8.914928260395897e-59,2.4538245574405775e-16,0.010018008556955402,2.0155935782759382e-64,5.791663639651474e-18,1.041361528495587e-46,2.111034427529875e-20,7.078941695462123e-52,3.073000444960382e-25,1.206488288031983e-47,2.9409323007125454e-5,0.5549877949337538,7.987425690374549e-22,0.08394250481315825,7.575108146280146e-11,8.601397553162097e-15,1.0905577026605781e-17,0.06726480795518261,0.0011186091108296161,9.772430842842794e-13,0.00904311116177267,0.005514260946103978,2.4999248233662927e-31,1.2315820161889297e-25,5.891411327033425e-27,3.0280805170716305e-36
2.7219414801562505e-8,6.745365078174291e-7,3.309495246413334e-50,0.008003963396265037,0.046144900133263805,4.3170051053662977e-10,5.429962789548451e-16,8.944135397782113e-18,1.4906142981416443e-10,1.9349416301655734e-45,6.3957309018245755e-15,0.00965971268614485,0.058758215439629634,5.874648985756702e-46,7.535508283739891e-14,0.0032189268115315334,2.0429192715066298e-7,0.012852572864765623,3.7737692646139567e-53,7.022547941631674e-101,0.05057059036068189,3.852113085800239e-5,6.993809494047209e-15,2.0356514223819988e-8,1.176014006717458e-8,0.014349752264568178,5.891859057912622e-44,5.3503078044985793e-11,4.135695207113437e-38,0.04240342238406884,0.024755988113670326,2.994959887650674e-29,0.02281544273744931,5.1644501824664764e-14,0.08531395651208457,6.455242512587107e-137,0.013882498846163355,0.01740590840964531,1.0700101159390304e-47,1.2956583016886654e-9,1.5402306158929433e-8,2.0978433068158078e-11,1.2216822907381044e-25,8.937162492818843e-59,3.6271240088401405e-6,0.002021787448151896,0.004170322435690951,8.474076595256625e-60,5.168501506525343e-10,0.11033270678969864,0.032866691467702894,6.302212401519197e-10,0.04925890871344561,0.00011398015757617096,0.04858477403414083,3.2222020417930584e-13,8.630010073632453e-14,8.377078827779085e-8,0.0304070839889039,0.0062697852048053514,0.15249760665097026,0.04243877681223887,3.8962347941083046e-25,2.7607762841630415e-26,3.144866826477626e-14,8.442936110579544e-13,0.00020473256440811243,6.414396396190376e-6,4.632217755799602e-16,5.907004951150715e-5,0.05321887833863175,0.0004116599367337225,2.6092075364996134e-23,4.8897920390366426e-12,0.0432432455261061,1.8973251197707068e-11,1.2783593478003202e-15,1.23750026849558e-9,0.013714534571726326,1.9296428487655665e-17
3.985280099945179e-10,0.009216353139302677,1.5957880839177586e-53,0.052984715422275425,0.0035729908251968764,2.811552750931843e-10,0.04629811741970476,1.4945385667293098e-28,0.010667200378028402,0.011379908058175549,3.911307208130693e-30,5.380203552652512e-38,0.004357223041653952,6.854062853126271e-16,0.04470456362250802,0.1300164600819286,1.7451546127743476e-19,2.394569507153073e-7,1.0516571911919578e-34,3.198599630581682e-25,5.025412118642143e-18,3.843432253816734e-11,1.4583861417162893e-6,2.8847169475561353e-13,0.018281834037899958,5.9713544733411584e-36,5.993209979245815e-95,0.008813167387617143,7.455204975757676e-40,9.972505987035801e-52,2.73386435581686e-19,1.7635103453450233e-31,0.1387480494281936,0.02543139697966192,0.022639558818071705,3.804997650260441e-129,4.046971755868527e-33,3.668909238230598e-5,9.207417099542008e-15,3.3668582285231984e-5,0.0006155330539546642,7.244865096764163e-26,1.2563028761381276e-40,1.2386263824685595e-105,5.352652150114728e-10,1.5417132312459094e-17,0.24518849384869637,1.6268588070420395e-59,1.1193237045929586e-20,8.237080903290934e-23,9.600851118824192e-13,0.048100774677249866,3.253522400984786e-16,5.769147606073315e-12,0.00013471742339016198,1.5483385516886634e-7,0.0001270312565191311,3.3536342590771774e-19,0.0188056020338477,3.5347561710547576e-10,2.929476723943662e-10,0.07040895248511374,0.006006706595860639,0.0001480284296126408,3.3418380304202393e-6,1.0853318757530485e-13,0.0033450995127770433,0.004078591987142936,1.8524411123894553e-7,1.927538458796643e-6,6.075267418821458e-38,2.5044069102364023e-32,9.399888624349209e-33,0.001383271676314952,9.307593842471732e-9,0.0002621006145735018,2.5100619047166858e-15,1.2633105301771578e-10,0.07420588145164239,1.6668860961965235e-26
1.09845102873101e-14,0.006253401381692541,6.223504159020624e-48,2.7180387825190006e-8,0.08083708226967283,1.3963904365206354e-23,4.813943338303932e-18,8.094397942120788e-30,6.814517322268617e-12,7.030468478387548e-19,4.010807118720375e-48,1.648726348618437e-17,3.854799749358887e-55,2.030981422953661e-61,0.02268389605599678,1.0672937600240237e-8,1.6576985698621118e-26,7.150717752996446e-44,4.4781575937371167e-41,1.9064465287026562e-41,0.06449020829702454,0.008140309276790427,8.038228134467387e-13,1.1337181888813617e-37,0.04837143657850646,0.005070583848115619,0.008114003489010367,0.012167680931631649,3.9618140992138536e-22,1.184822356126228e-77,4.176622993122032e-5,9.731050870974907e-17,1.2684386017270265e-6,0.007305935303088407,0.12741621871154002,3.4892939344039464e-19,1.11756898915236e-48,1.715866199905383e-14,1.7994165900537273e-21,0.01456408198244498,0.13662548022315468,5.476912197662292e-23,0.012302071477408538,2.37044181443063e-78,0.026438092846890127,3.1344847897184416e-10,5.832901243990003e-9,1.075906280912681e-50,3.065363252535338e-25,3.437737838435424e-26,8.945292530627535e-29,0.12011817350118213,3.142553702402983e-13,0.029649178060549983,1.2878115278651242e-10,3.150778471332421e-26,0.13100240380019068,1.6404727521634036e-39,0.0026263819812318056,8.711974116014795e-12,4.833539461873475e-14,1.078236613404278e-16,1.5763395582083737e-13,4.562032224473336e-5,3.8831083435162514e-5,0.08329927891101611,1.7384624192727627e-6,6.9883509720629e-11,1.46315336325113e-7,2.2659245830247275e-6,6.963234224109991e-40,2.7254846908689784e-7,6.815062476175564e-55,1.6020517392116255e-16,1.8101847172242245e-12,5.291976002352626e-8,0.05239209461105165,1.8121018215666018e-41,1.0250990183377682e-22,1.5667651384045202e-25
8.773470527960584e-9,9.174534963454026e-10,7.910797714639246e-42,0.04125836981231333,0.0006830281124148879,8.538348027991273e-27,0.00046162436896196607,1.179521711025164e-17,2.6718222203335275e-12,1.1845408292296267e-9,3.006306768963571e-20,5.0438754410289174e-23,0.009644648413439162,8.842961028013331e-29,1.9026006655024228e-7,0.00012532889769350028,0.0039251699177487364,4.0665169267851965e-66,4.6754818793101576e-17,5.021565008176875e-6,2.290718281013031e-19,1.1603967205177182e-17,0.002494481257814637,2.772225720223115e-13,1.1094535973841305e-13,1.341078757982726e-53,5.929621135532299e-105,0.009941546399780593,9.79905707593834e-37,9.87371581784576e-75,0.010863101833538589,1.9535130749382992e-26,8.355362173612165e-6,1.3724146087476899e-12,0.0007046915186407281,3.8135387131216855e-86,0.00034157943282754226,0.000518307133835215,1.0311436793263374e-22,4.386544424182465e-5,0.00020093670659165127,0.006035151185966975,3.6694022907490956e-63,1.3334715116829699e-132,9.512194890996982e-13,3.478596570710462e-31,6.529107555889193e-5,5.732453325847683e-82,0.0015779302512043429,1.2125041182259349e-14,5.9540653211424214e-15,0.215135052475872,2.450506368312732e-12,0.05755894925488162,0.03113103600290513,0.03316937173598804,3.0606622535118404e-6,0.002241838694168095,3.9840225388854366e-16,0.006242336473422846,0.08557054217688044,0.03787164791274715,4.7536887406890055e-17,1.8212462053103618e-17,0.02787012517908544,4.419802109073393e-8,0.17261176845096263,0.10736119859142283,0.12954111319253817,0.004629508086253411,4.4449040135498525e-21,7.090563260203593e-15,6.3908191584920344e-52,2.200397259412245e-7,0.00016339048151707553,2.594363131928649e-8,1.406051416377167e-7,3.3413461259323177e-15,9.432672577795496e-12,2.429182367132397e-31
3.4881456242537397e-23,2.081661117990193e-31,2.4702886263030038e-58,1.8313736498349026e-36,3.881346801113245e-5,2.978882089589224e-24,0.01169072133126769,4.740500519524183e-48,9.241115035348555e-46,5.291646552192916e-85,8.219072281832752e-39,8.958244368958794e-59,2.946975316890758e-63,5.839033293821399e-41,5.133418508178431e-22,3.2305060357729762e-18,1.160597368367089e-86,0.01237639014310939,0.011022427144962836,1.2384285786208878e-42,2.5189927658114536e-6,2.5921389191916544e-33,0.01786226554482591,0.013070253331042525,1.19926751483731e-40,5.01306513043676e-75,4.2329338214698826e-96,1.6211755439006555e-18,1.7747261986350972e-41,1.4688166809129207e-10,1.7039443679002073e-49,1.0383858063939985e-33,4.075035658433495e-22,0.0040797571665334995,7.38062476589992e-35,5.890829913995477e-109,2.2721449501978026e-61,6.367401959970282e-24,1.125449480638584e-12,5.551446852953258e-31,5.5031412591137396e-45,1.192421495361267e-43,6.039619332745279e-18,5.62833887750933e-48,2.1270366675358482e-39,0.005602243202951465,0.010638309186374683,4.817382105907151e-6,1.6671042654899807e-34,0.010797410636725931,1.998273778889313e-95,2.094580597492885e-10,5.858512112385498e-17,1.014457463031206e-31,3.8354270892610773e-26,9.646117964660963e-8,4.474758678689952e-36,3.1045125205718166e-56,4.115528753393119e-41,2.8773011349545934e-94,0.02024271266693646,1.1696485724132318e-62,9.69364239682147e-52,4.360396747004559e-24,5.264059733877227e-43,0.07425182663866489,3.605893644615979e-5,1.8392237643080797e-9,2.1316417441808057e-26,6.864827652477358e-24,0.7877681392250526,3.173298931356217e-46,1.8810750422765844e-54,0.005053129896968775,1.0778863178525804e-5,1.927695615793756e-34,0.015451327584207197,1.9007970442362364e-67,4.807766223695149e-40,1.8260782970557997e-26
0.05643911015722823,9.034928899432775e-10,0.04465520466758502,2.8530898143246375e-19,7.430081357115837e-27,1.1070885570960072e-29,7.541221314598977e-7,0.04802374597718357,2.071454796604144e-28,0.012539849497777412,2.329262747870771e-7,4.835871790534566e-22,6.913396299763184e-36,9.663682838050877e-37,2.5579687701658046e-14,0.004798746094988953,0.10081276959823493,1.1064043714350118e-31,1.8109415511954037e-48,3.171189920354657e-54,9.620889714054676e-15,4.9867357958999595e-5,1.964122963634801e-16,2.6652929183897525e-26,6.935313286423863e-13,2.0794822087320457e-15,1.0248410688541537e-21,8.289094875498256e-26,4.51863364732995e-21,7.834124284162543e-26,1.68295471481171e-33,2.9029323588033696e-23,1.2344969060790836e-5,0.03685657009085471,6.817204277681998e-43,1.630640556465604e-110,5.211619797820274e-31,0.0038484550654829773,0.027139348168331228,1.1110293420780133e-17,2.4421578454228572e-12,7.173628924148169e-14,1.811112666358692e-12,5.515761781443928e-64,0.01094896953803959,1.3611447473405812e-19,0.039520518119881796,4.397883886289055e-40,8.72884246683931e-19,0.0071521615343448485,1.430480351529757e-17,1.3463656965271856e-12,0.08241611007975665,8.602102965808767e-29,0.02475703360235163,0.12770939301282527,0.12589652889039,0.029315271526259026,8.190389383258703e-18,4.172343382663051e-13,1.5392204817366253e-22,0.02922485287112897,0.013013679205234868,2.1260954475457423e-20,5.739345927873301e-15,3.061061128008004e-18,0.12218215945398475,2.0920747127860662e-24,0.029315632759956682,7.024657571482626e-31,2.0463926970777918e-50,0.001170799117868347,1.085315422169519e-8,7.065526238652157e-9,5.51091482088384e-29,3.948686956236503e-26,0.022199689437000365,6.027484049545104e-28,1.0540460749704744e-26,1.83328885489152e-7
4.523604762828963e-31,1.7421686832186223e-30,5.4883508187346795e-59,1.1452786965607953e-48,1.793725311093988e-25,1.0875364129309692e-35,1.2213236014698996e-27,1.1207247456334394e-12,2.2700158506514512e-71,6.450187391173677e-54,7.106305535100763e-33,0.0049384936867135675,1.4478048340923682e-12,0.15589617447734133,4.916264112274751e-16,6.636742627585381e-63,2.816329100936692e-66,0.02337602322356794,8.176181396926454e-50,2.6882235233866144e-41,0.016992616800915312,2.649594091062599e-25,1.307980794805979e-44,2.9750516491148846e-25,2.0138746246159942e-54,1.9228786781341e-59,2.807142944289809e-86,1.0946295328058614e-52,2.6100182423816346e-35,0.06508951455561532,1.1365297337295015e-63,4.49560591100386e-39,5.636074560711369e-50,0.0008201408343093385,1.4374836019576468e-49,1.8639352662545947e-58,1.1644367097416874e-12,1.069534475300903e-15,1.1355855278798887e-49,2.9516947586029407e-77,1.257597080140468e-40,1.8815835946612767e-29,9.860195599849955e-30,0.732295297565784,4.2316632604251556e-33,7.855026696507467e-25,2.4966678868411458e-46,5.20016892512916e-59,1.510583204994466e-43,2.09523254205199e-22,2.20625950813975e-21,2.3224651637749438e-33,2.4237211983876075e-31,7.468800879634349e-66,7.478537829670379e-80,2.0186341826151877e-55,1.5302976680690237e-31,2.3492763045394636e-33,2.6082900448720535e-36,4.32175946739941e-37,3.300942960681226e-60,2.2998397194356326e-56,4.633490931483305e-63,4.7014724913041473e-38,5.469325447479394e-7,1.179106815743436e-41,1.428390256623459e-43,3.254025009095416e-51,1.687244975117342e-46,9.818747858013834e-51,5.1953763223408575e-62,1.4977308807263846e-19,0.0005911919194737865,1.5871776293440034e-29,2.2202443028272654e-46,4.895803916806001e-65,5.21020489780194e-34,1.5627275985668093e-78,7.305905787893577e-92,1.0317498164506124e-20
0.009421862861558309,0.002707851905351777,3.6578710636854766e-91,0.0002785020124979988,9.91256254451377e-5,1.8280332041874872e-6,0.026540806443465292,1.054802880566477e-49,0.012392364430123398,5.265983194357162e-50,1.1904704217629265e-75,1.2584843046292914e-55,1.1815396634364485e-70,0.0010453285537640252,2.766374944034826e-19,2.0294989190468412e-9,6.209700104188147e-51,4.206959782496066e-15,3.939128447766649e-51,0.0016720454368668583,0.0010895842833630097,1.643053285875547e-15,0.011270064424261914,5.649372232359429e-26,6.825390354212633e-12,1.413496196206002e-37,7.135496282620407e-136,6.166668830391644e-27,2.9790874433549366e-72,1.640580749290714e-60,3.0324043495185307e-31,5.919472231122678e-29,0.0005705681240000404,3.2547413629745998e-6,0.024545019117512577,1.793698093603666e-72,1.9717467061397187e-50,0.13095603738763048,5.321629580742977e-65,5.2371560866626055e-27,2.9797856186540444e-5,0.0007999329342789978,5.156473813973424e-78,2.3917580019344528e-110,5.731265016683948e-32,0.0017391553471088784,0.029148365383652515,2.8482095378528033e-35,1.1368300408133798e-52,0.0030922766534375703,1.0602766432491711e-79,5.373048635509022e-17,2.418088994516536e-16,7.430774504993331e-5,1.7100663558911421e-68,1.176015626781615e-44,1.3749283477405396e-13,1.0438541790615012e-77,3.1734711588350927e-15,5.2604920387978595e-79,2.8681604801594596e-16,2.538983805650258e-69,2.128932734033005e-20,9.079154105449457e-42,0.011559275303800423,1.0653751535528367e-56,1.5782680863115297e-12,0.06609428157974115,0.007146966767401739,0.009922064682741266,5.924958456902504e-40,1.91698792273636e-12,1.2064183441677479e-41,0.6354133479240113,1.0879339489482245e-5,6.3351649129905475e-25,1.1785976087877611e-24,0.0012303217341565666,0.01114478132856901,3.353038078413274e-17
2.2919879840977743e-10,2.0956239178088535e-6,0.0008354745618513775,0.03375969591133163,1.3876321758810996e-11,3.903314934237353e-21,0.013419863242612238,3.5504759232347654e-17,0.015752625202182475,0.0017864867495021967,6.852308675525235e-37,1.4818329840711632e-36,4.032841250630509e-30,0.0049288263186736065,0.04905680237645435,0.007784654454362672,0.006596743431269146,0.0034385110115343503,0.0016663377632003807,7.222704102192482e-45,2.635524222460809e-22,3.8347702409573196e-22,1.0562332286595301e-6,4.3284923764550514e-37,1.4805828931877342e-15,1.2324600963613859e-55,1.2565956576753731e-90,0.03046197446822908,0.00500189040290868,2.750577434727444e-60,1.248155574496782e-23,1.1720281523292871e-42,9.830432242484911e-5,4.780745655957959e-19,2.9938473599882913e-7,2.1377310576399228e-150,3.4238024133143085e-61,1.7125043880510977e-12,0.003322655113201962,0.007125303396263035,1.777691781477306e-23,1.5173473136423282e-11,1.2284241017183051e-32,2.595753531795092e-143,1.3653691209549144e-21,4.403453782750415e-30,0.0003039637184497395,1.366351981984595e-19,1.1300247090655484e-37,1.0625835774090674e-11,0.005009771142721175,4.17615329634742e-13,3.6008367448180137e-16,2.4820707369857184e-5,0.016961988012205775,1.5469094087907352e-25,1.0808135685519378e-5,3.640266510826503e-31,8.26174766978342e-28,1.6276983482352418e-29,2.5747255808321302e-11,2.0684262730711206e-14,9.178818177767395e-39,0.0024921029643148775,0.053348600559949076,0.0035218451740694177,0.0013417754241558334,7.881698548680146e-6,2.1202130913074987e-13,0.04024554933669572,0.011809476152202148,1.5445847659907668e-32,4.924555276316998e-38,1.938530257736025e-9,0.6479072242833452,6.634950464266768e-11,3.589162021825019e-21,3.2782381797777164e-25,0.031974590420536235,3.1654290219521006e-31
0.004985534153851479,3.029891606132066e-23,1.5309034101555828e-38,1.4305169080454259e-10,0.014497563108314656,1.2664289499236071e-10,0.024729713156084854,1.0540963511822649e-41,7.693912105669999e-23,1.6157198251064543e-49,3.192779477819678e-51,8.822107383476948e-33,1.815181189033114e-45,9.255770437988913e-61,0.12601831648970882,0.039657898946461226,1.8660297019210922e-59,1.114214763858383e-40,0.0027615776471295044,8.527835894614876e-32,0.03496605867306556,5.44024298404048e-17,1.2232745308986488e-17,7.7194607912604655e-47,2.2180377841176765e-15,1.3360883053076191e-27,4.2890707746433665e-25,0.01882837499391081,4.024779632894095e-56,9.798466298966232e-31,4.554608524653001e-49,4.2889829637317465e-43,0.04431209985458365,0.002908647226327247,0.013533661273663945,3.3076367942052594e-47,8.07640075982721e-38,1.7646031156428567e-21,4.287429669899169e-36,1.2046901294922261e-25,5.5141510492945706e-5,8.007668208463682e-20,3.395035361568139e-20,0.009504697588891256,1.573607025770501e-11,1.402697311007425e-28,1.0079637982920892e-28,1.4645203187737972e-47,1.2954413185152026e-35,1.815982159999735e-14,4.6556582566072893e-11,0.0001471114181797049,5.352760788298914e-9,0.0053885857952768405,4.493033387250472e-36,1.4708039738754322e-13,0.051493298638833555,2.7342034596248024e-32,3.0928007295954823e-50,3.315747832412614e-51,9.482025945768714e-14,4.221510170828161e-36,1.7418055093241285e-45,9.677933289705233e-25,1.277204132248691e-20,7.229265440020664e-23,0.021158045622494685,1.8136570891075554e-18,2.9260910174463945e-15,4.282768798264456e-13,2.5006107898085416e-26,0.026610939107384674,9.940125752066443e-45,1.5866368431289315e-22,1.1612935898297615e-23,0.5546031211087291,2.111028258252155e-29,0.003839608001173698,6.925965928013565e-45,3.311738826783574e-17
4.056736399903348e-21,3.824585889318239e-14,0.10249244915853524,3.718330931661586e-32,3.865013818046653e-20,2.9933837966770187e-17,1.28969147904323e-25,2.0895906767399586e-23,4.6310600097575896e-12,9.103927134687768e-13,9.015927881004088e-16,0.035339379056544676,4.464785126143521e-49,2.3682101052665332e-24,7.121577860952926e-25,1.9488877672501617e-21,1.1459887191133828e-70,0.08908515744176823,0.005609961510778333,4.3983616396905095e-37,7.163339802284006e-15,2.4326171006586626e-16,1.2214866304882384e-32,1.8616455539553074e-14,2.0825321810947162e-19,0.042265367124933464,3.0538144748569e-11,1.469644719262752e-20,2.2959947490093117e-28,0.04348209041952363,1.0457168001421387e-38,3.8250898929524277e-13,1.5508257977640847e-19,0.008653863692409152,1.9770949777192613e-28,7.115519669895585e-38,2.1595526478016937e-20,8.874235516171227e-46,0.20211997694223088,1.0890355347831356e-32,6.786298574326857e-23,3.9834704977798214e-7,7.661578466856343e-7,1.1213690544686615e-43,8.907363558895283e-20,1.4500640513305931e-19,1.8157935484837257e-30,0.02112893375404857,0.03140958281856707,3.127275211120427e-16,0.00164102289700759,1.5223729965010315e-25,1.9637486825101545e-24,3.5913510181329026e-19,1.6488722471843972e-46,6.135188869169493e-35,5.255400718446753e-16,1.9762128170530225e-30,0.000985951466084454,1.953507452889474e-60,3.061081756718633e-29,6.546262120002401e-31,2.671394730449032e-34,0.27771486652711125,2.589825304541501e-6,0.04742295359386714,1.5637582343315714e-28,1.7393676888455986e-22,1.472701955808641e-13,2.173865048401493e-12,1.5302957892681077e-36,0.015535197042986346,7.816187266940134e-18,0.009778985438204947,2.2436374398590697e-49,1.2951716862453078e-18,1.5870077611036032e-12,4.0560328192889706e-32,1.5382870143529477e-36,0.06533050674476185
0.005388371853638933,1.62672908734225e-40,1.829182952518372e-46,1.8883491187861696e-13,5.744571677561471e-15,3.2224846420061703e-62,3.450698455188484e-29,1.0342952294934595e-33,2.2943279548386618e-54,0.00450862987712681,4.2297933415716496e-54,2.1826329522606837e-21,1.990173559658416e-44,2.1599921422757302e-36,3.690895440843937e-44,4.1284995686038605e-47,1.3290478235768578e-98,2.154388063582311e-69,4.708408890340189e-108,2.20981927585577e-37,1.6542087150971686e-40,1.9009665550726454e-26,2.4971952876858756e-36,1.5172978408992475e-29,0.03303994579570697,3.1004229994588074e-65,5.846918300824375e-88,0.00791073917543014,0.08673378555668364,5.731469557168066e-64,1.1483049156474348e-44,1.9960639867766674e-71,0.008230029314358492,0.022368624341727737,0.018033159082282348,1.6679999720733964e-150,5.107824491896213e-31,7.092700697323065e-63,6.262656117902317e-127,3.362804412634398e-8,0.022133098248701813,1.637623810449706e-61,2.1836041495946384e-22,0.018165506208169906,0.028815089541875876,4.5151078647050914e-33,1.1808798967062456e-49,6.15886938548725e-78,1.6049424327272668e-54,9.402177315444377e-60,0.005045850939485054,5.459116031581961e-34,8.308263000198279e-41,1.4555926423352691e-40,3.509124823568459e-110,3.5295547731896214e-106,4.546535417983608e-49,1.1325721081259847e-40,2.2814293201267054e-49,7.430041638852006e-37,1.7512992641703157e-35,4.2146666586455614e-15,2.5650423482639165e-55,4.4245566930602175e-59,0.007701597063740519,1.1698559534739409e-16,3.947214743186135e-27,0.008937127106500234,5.352970146980398e-38,1.232301598466737e-12,3.5214522237421046e-20,1.972184122002668e-43,0.15320593898169219,4.534033166585422e-72,4.821382974228417e-44,8.334015313778519e-26,2.36226673807868e-12,0.5697824732810417,1.410345320128175e-37,4.153530162796533e-29
0.01263868939113552,3.897543018772197e-5,1.881900268397394e-89,0.07256462793660734,7.71862605273051e-6,1.1464889582165794e-39,0.010657704629864408,1.820788728666036e-26,0.006547343865590117,6.601585764294129e-72,8.441742971753299e-39,8.805637671209216e-43,1.829591204990462e-26,5.957330490256672e-32,2.9697286331185408e-15,0.01909024696013008,2.9319854055345036e-10,5.829750415226624e-38,4.633702672155435e-47,8.48214676162445e-85,4.149236387680597e-22,2.696825246016484e-27,3.872727318501204e-13,1.4326327404878336e-53,3.3912800038336547e-22,4.265520635037652e-65,2.016313041269223e-139,1.1251744302203968e-8,2.432357527422472e-46,2.2766053123166236e-89,0.0012391549353228059,2.489554300742719e-46,5.319599986515667e-12,5.839711289624639e-40,0.0344054118465434,9.315297665098016e-117,3.3482082302144106e-44,0.0186122672979235,3.1006335515965306e-90,1.896325625176497e-19,4.6222859800997575e-33,3.5145026919170753e-31,4.638605558451074e-61,5.767688758126938e-135,0.017871647646866405,5.363071014470094e-36,0.025167263078768175,2.8622756585689804e-57,2.2810791634965197e-42,0.003989304471671886,3.155489258800704e-53,5.941211729350652e-5,9.49826818026116e-22,0.010495146778694302,0.01447164200539108,4.0753176663841376e-7,0.03114008678021486,1.1768071178097882e-32,5.072571486320805e-63,1.0809594344378384e-58,0.049012720881862586,2.3288015262693742e-15,2.5336421115025584e-32,3.3573590178019784e-70,0.091097635729628,4.6030910780711214e-33,1.2345330421960985e-21,0.004036802044429721,0.002603492683383584,1.2779478899884435e-6,5.830131838512644e-64,1.59322409496764e-48,0.002212294937843823,7.517115490052029e-8,3.3312658633049694e-12,5.180627624474756e-32,1.3964043170046227e-23,2.338762263415727e-72,0.5720386377197966,9.322512842886145e-47
1.854020025352901e-12,0.018386758256895033,0.03124045057041607,1.133010495142203e-25,5.486579315322016e-33,0.01670006286620579,4.648615614057303e-8,4.901745423121527e-11,1.0954286658925054e-42,0.0072302052331284054,0.02033919229587369,1.221343439403454e-19,4.363336909788549e-72,0.03293585587281686,1.9547712088255823e-15,8.32217011000803e-22,0.007540555654684521,0.03841453081644589,0.022410602251896054,3.30853280413941e-9,0.018335031384168105,0.010133953214264035,3.937445783124209e-30,7.540070466140097e-21,0.034628948007821465,0.01621582837505792,0.015216293066625294,2.8921063813419024e-33,1.0201352128596809e-23,0.028919931192862142,0.003569045441620765,9.474124509856001e-18,9.343037968441529e-26,0.15477408238730858,2.0668480817667446e-23,4.837296014998295e-35,5.483168454549279e-8,5.773580222130613e-54,0.01761065062315917,0.007396775585640136,4.857436435427302e-47,0.007160048281564153,0.039943264535577484,0.02168320799661383,4.56666113719985e-9,1.0222353464479783e-19,8.157930189572296e-17,0.019413307599894947,0.003082193598098284,8.662080177945337e-10,2.93539111832049e-13,0.00012174365097689063,0.016022284882864807,1.0719476539317322e-43,3.6010361111657946e-25,0.001471691033475667,0.004449628525785054,6.434237407820371e-78,2.2545665347481612e-20,7.607075489256593e-81,1.3339545305084527e-19,1.517462075354341e-23,3.3256086207914166e-13,0.019649533997318544,0.0007272799597483924,0.0058307640004026185,2.259364612556407e-12,1.850554521202376e-18,7.852564459084197e-20,1.5990170872027446e-35,1.5437400526971439e-49,0.026479133316111937,2.389793096449165e-10,1.9733683834033754e-19,5.619701041274494e-29,0.010966541527997158,9.467395507962286e-14,1.3789052499630315e-52,4.364906558473376e-48,0.32100051364460463
80,100
0.0,3.77305998505419e-308,1.3010839591774655e-299,1.2381049780768499e-203,1.4980810670148293e-155,1.4022048579856512e-137,3.162046299475687e-153,1.176295065926269e-143,2.7338631714544243e-61,1.5354244214340253e-63,2.5231326821243386e-82,1.2185608559444437e-65,0.00293626395406963,5.756234370274392e-119,0.002321959747211014,3.8992003373421456e-75,4.505889345138251e-90,1.476312299929166e-51,1.1716415772097998e-89,1.7110076615117778e-82,1.442745227610729e-125,0.0022704904329576272,4.153431837868641e-88,7.35247160329223e-103,1.2419172493732678e-24,1.3177776085627775e-117,2.0796595349058616e-67,1.402039018354995e-53,9.40584372718274e-19,5.216106153862681e-55,3.09403615313577e-24,1.2406095110853437e-80,1.8082532978026233e-64,4.591996576496142e-58,6.27180130163702e-46,5.843852676748811e-7,1.5725403357305454e-10,0.012627381421171908,1.0566602361200882e-24,3.152183500631707e-46,0.0014557166166245432,0.009676649197278309,2.206812991871138e-24,0.016079962205065086,2.8853459155039763e-19,6.039303938586685e-45,1.7942906877741017e-47,0.002855096452122007,5.881464875356313e-16,3.366306256098715e-14,0.009711194701359572,1.3078902603435665e-12,6.40989027052437e-14,0.009079957241221877,0.01296178517246648,0.019168913454496117,0.02198578728428401,4.418840074699422e-21,0.018443253854703898,0.01187279822469846,1.7726184442955992e-13,0.033214798805890615,0.18518966555672306,0.2006305208492103,0.18026744568930636,0.11370678616588717,0.009558814338333528,0.00608642199254076,3.348463119506252e-23,0.01803108955472276,1.1635482849088524e-18,7.054151646678305e-13,0.02802167449807489,0.010395336820167635,9.474888769244023e-17,9.429397555596496e-26,1.8070160800309524e-15,2.1777567460442156e-16,1.6410966548973501e-24,6.449114844638317e-36,0.0048094723258771096,0.004067639024775754,5.771804405471006e-24,1.4802796767731415e-24,1.713530407466655e-5,4.164147160210358e-46,8.526957955714855e-35,1.215327288243504e-32,1.0147994279201902e-39,1.4193190513147696e-19,0.03666576595221711,9.583933719577254e-22,0.00531321126128706,0.006502666786211479,2.4107351405920996e-24,0.0040737605701564065,4.5332626232890627e-54,2.6997314572086872e-73,3.2834737947975227e-62,1.2285853432474272e-66
2.3760093902475076e-220,4.377596796390322e-131,5.700631211228589e-156,4.5020205236791655e-113,5.13907311477297e-124,2.3649980168686183e-83,2.8127948505725992e-61,0.011665521342780477,3.17346755346785e-39,7.696238255056587e-70,4.9287964725558155e-29,1.0272618853293983e-48,2.354541286044475e-37,1.7994384592000604e-48,6.343012236134447e-43,5.31449635255783e-18,8.450409019443808e-77,8.750939497124013e-64,8.882653383505666e-79,6.453545085942032e-92,5.939428585896353e-65,2.673131046296712e-84,8.239239237120295e-62,4.046678488530289e-40,2.2457249250646425e-14,2.842805996512112e-48,2.9319243879875554e-41,4.1043473048102104e-67,0.02947808863993123,1.1488474408859545e-81,2.4740729243668187e-42,0.018456146365394197,0.01788416107649341,3.957337255630886e-19,0.040576241020795496,5.2924772527304526e-27,0.0557572522625685,0.010713827848096425,3.031405403013089e-20,8.623801565739877e-45,3.83923343843816e-40,1.3390478943673843e-24,7.180470430324978e-27,0.09973624812146814,7.17827539563803e-32,1.1528144762982709e-38,0.06812514074202984,0.0716399618615607,0.09880067895363187,0.013305178466684253,0.017202537210472994,0.07088320728236415,3.511211522684581e-8,0.023317894323797918,5.750653470598559e-32,1.9504105747078838e-39,1.3081324201792976e-23,0.042119804614785546,3.2798724162088074e-36,1.546160894589123e-17,1.828282298930213e-37,2.351885823963413e-23,2.023550287471596e-16,2.4978768557462184e-17,0.022022954293407112,6.446764217788804e-16,4.186697683343019e-9,2.447446987061716e-6,0.040408501067202666,0.011887616710275585,2.0250354698488276e-21,0.020046334453666208,1.1552285424350302e-19,0.037616169004505026,0.022237785618330768,1.6100510437359549e-19,6.037901041153346e-23,7.79086786899759e-34,6.183736258940379e-8,4.376293353082283e-26,2.0475041926941003e-31,5.845060300788978e-46,5.175607436117988e-17,1.1506369773311773e-9,2.5538574328922676e-45,1.1388332315310788e-13,0.005838506276084202,9.269093886385102e-30,0.03658429828503693,0.059082818733194535,1.0163803072829571e-26,0.009726206321611102,2.703468463070447e-6,0.04488164875270454,9.503504675585559e-20,1.7148726307860404e-8,1.0740541834823011e-17,1.7099258152670607e-22,4.171121482106036e-20,1.4918574211754625e-54
1.0609583656003452e-203,2.913550128896955e-170,3.2511664431922196e-210,5.568989258804791e-148,4.177739553189757e-115,4.0187522865791405e-6,1.2071781545475908e-92,1.2823845472318352e-46,4.415411206769481e-80,1.2939166071322585e-59,0.003352271969586788,4.2495500452664234e-64,4.56719198010169e-56,1.8831311551735944e-49,1.4838165229098237e-61,2.6541565530943794e-43,1.4699147093494514e-20,1.256092906557957e-73,1.99108207893651e-72,0.0028015756829982866,3.6294423242160867e-104,2.914541184246221e-17,2.3926836089152153e-100,7.116983473435533e-12,0.002311041842552102,0.0017319574441595482,1.0416980118375797e-20,0.44810997870701064,0.5082949802935539,1.6775412991766363e-5,3.493243853014354e-52,0.006633752666394753,0.018565539169846067,2.7175522703083433e-5,9.314306301154527e-7,0.0006846032922590431,3.3271521266633724e-21,5.343357825581642e-30,8.956328826459135e-27,5.6168818953718474e-111,0.0021861258012713385,4.519384277446419e-76,1.0211972956680587e-67,9.085262788346696e-7,0.001019043578959624,9.59196229956312e-40,2.0888340439574823e-5,4.733709322537805e-12,8.830001194353947e-88,0.004238390759934974,5.657724925417963e-60,1.2179959818417224e-69,1.1129432851320932e-89,4.360576361148706e-109,1.1937583670426393e-83,1.1274263056656275e-99,8.693954991560177e-95,2.0397140646619564e-119,7.097222206144081e-85,1.936302374226548e-14,2.2803556317353772e-111,5.983741897051199e-150,2.7900439062777653e-77,8.936432828847033e-120,2.339664152458459e-21,4.098179362221738e-132,5.026027570203672e-152,3.6515691577167937e-72,1.6962693564893775e-133,3.5432203796907906e-159,1.680343577404055e-36,6.458238348371955e-26,2.5425049058161316e-113,3.618458263967649e-61,5.131018525343023e-100,1.266162822931037e-137,1.2481103487436264e-181,5.736149227733257e-52,9.836172447782755e-104,1.5958116080656037e-98,4.079427280404875e-8,8.047439345201274e-105,2.442644517669373e-77,4.700636379304672e-121,6.093619581809212e-91,2.1569781178503445e-96,4.265996021134508e-121,4.993231530301092e-120,2.6565488025537753e-155,2.3074270057748066e-156,1.9664672916529928e-94,3.260905505914881e-198,5.390754154368669e-206,5.37217244168619e-22,1.649145320824946e-149,4.348112363733e-160,8.85138644353551e-165,5.948799610283602e-32,1.9833563129603417e-273,1.2917475308034137e-194
0.0,0.0,4.7174187524793775e-306,0.0,9.381073147707196e-262,4.6618414611624134e-62,4.6770017204141084e-273,3.974857968226648e-119,8.588972006641707e-163,1.1569027202541955e-189,1.0723315457465631e-58,1.8212179372191583e-84,2.0692527170222746e-54,2.3819141905939426e-92,6.517118188004582e-139,2.1699964677285192e-121,1.3910107211368579e-111,3.1850365620265007e-72,1.9848769990350503e-143,0.0017919882544900063,4.956473804174887e-102,2.356519052359702e-72,4.812643643655148e-112,6.1191954512328695e-80,1.7476891396944123e-187,7.458748573870376e-205,6.357690777272556e-117,1.131886554768155e-97,2.4314793166711027e-118,2.0061537900571053e-96,0.001706800072173109,5.094212472049816e-103,1.1327113056301997e-58,2.066793587930531e-54,8.368851942280486e-70,9.713405836859396e-25,1.0811406718090815e-40,2.5489147103832243e-110,1.511177490087229e-46,2.368385875837468e-45,2.616466544781715e-48,2.5890393032269736e-40,1.1815231240621092e-24,4.6583938577576896e-42,2.0921050423667615e-15,5.341242536330426e-41,3.3544055376396815e-18,1.8041281162155066e-19,2.7420988617414596e-40,7.7488684012990795e-31,1.9661583912156035e-36,1.745366072522606e-21,3.9288957050626527e-32,1.5643646027413107e-36,8.506997658037963e-44,7.91614937447875e-36,1.4780592834431594e-54,5.7192681359202204e-8,4.3681187496594836e-21,5.14365334777815e-21,4.433369021495314e-37,6.256110009084611e-30,1.344825389736249e-17,1.8636156795725712e-20,0.011728484477697823,0.0002816839629122284,1.6844966687934307e-9,3.999363008655995e-9,4.162066769561505e-5,0.0026636894872442123,1.3330110759811715e-5,3.815865044163718e-13,2.6439716562791055e-6,0.01695262694028413,0.06585948663413722,3.905366297896727e-7,0.09078634855343597,0.18340012301029837,0.231190905741477,0.13054533151556214,0.15149035160277155,0.02846523535454581,0.02371821759151264,0.0050316027556041205,0.016015331909805083,2.518087010963016e-8,0.0217971198366826,0.006624103846684658,0.00015755898934163455,9.927617620741775e-12,0.007161452137940177,4.6652799137948076e-5,1.582238746544453e-19,0.002526820895381759,2.7059125493264025e-10,1.00058245969386e-8,1.7557002184800706e-23,1.5800926339662486e-40,8.710304801842586e-39,4.328325440447684e-61
0.0,8.720764987070613e-217,1.862182772564034e-227,6.885973931685378e-190,9.16798718723756e-208,5.594016009525629e-76,2.33831128794893e-148,8.18399593811687e-48,1.5419027621381114e-46,4.4714896441165156e-98,1.1734137549283141e-45,3.912985691623077e-15,1.927388233174048e-27,2.9895596073379856e-53,7.846677026714778e-109,9.776962255095145e-64,7.07392372755138e-77,8.518944269813518e-69,0.007359935276859677,4.0380612673712993e-100,4.61390359075478e-78,0.0022123857206616986,2.58347331019522e-109,9.550278258227235e-20,4.1298490617345203e-123,9.072503624080741e-106,7.933718069492183e-30,6.416486846641815e-47,4.485941899420587e-30,3.2483176261848546e-26,0.006342989617569979,4.918471979828387e-66,3.7916562806481933e-66,6.2582288708157066e-37,1.5380851265948284e-42,0.00823721670253072,5.601971895206752e-33,1.771017691987569e-63,2.866947134350765e-25,8.969328652679792e-20,4.3808484423351945e-32,3.705964535750718e-11,2.0477401297084683e-33,0.04714721922605676,8.789768388908519e-32,3.666099205556819e-29,5.576126491465381e-8,3.020926707166408e-6,0.0098011328638271,0.0077310285053901855,0.03460657872819244,4.606874086121215e-22,2.3571438887937948e-11,8.449441470032161e-9,0.020177307211328543,1.6289536102397732e-23,2.579660305827219e-17,0.030974837882238884,1.8407887886322957e-6,5.039855452756582e-13,2.953662483693831e-19,0.045812452266147226,6.13293890116412e-20,0.030137729203830586,0.019165251503368643,7.518742114254532e-13,1.511821769618145e-15,0.022605206472237405,0.03809924265525629,6.428166996124245e-10,2.877116369537439e-26,0.10153404595672075,5.063748179241959e-6,2.0580369607053587e-17,0.010855253412554918,0.10232954198555888,0.1102299828070661,6.45536337729696e-9,1.8782076066605145e-6,3.385677307797696e-19,1.2775409176070728e-15,0.0013167405080233602,0.037879007605802616,0.1359562692323893,0.011073459547395517,2.8866485477542846e-13,0.08469661180855309,6.032623990224027e-17,2.236333894175382e-13,0.007250460350386499,0.009820592294118751,0.0036037283720575133,2.062542063181177e-11,0.023715242901461427,0.029316665854367888,8.46484770419332e-9,6.006844270651954e-23,6.502385866415566e-22,1.886424714942178e-18,5.2651325268158425e-33
1.140171466084209e-195,1.1551517632481462e-127,1.2596441037519778e-115,7.024789199897302e-25,5.321433882491429e-90,4.107285599499038e-110,3.0371141910447304e-87,4.461517513691447e-51,0.008977272113618767,2.0511179422700157e-8,4.7027398124941894e-34,0.012509328169583488,5.991975659614078e-11,1.4089855800580288e-58,1.2649029423972409e-47,6.3100823096018345e-43,4.641644566116936e-62,2.3678869898252312e-51,1.397928228583606e-22,8.573798503415778e-71,3.2851186047808245e-64,3.8104723076168525e-38,3.390218361273319e-9,3.2995258436080662e-24,3.1573453302246606e-31,1.2478412706166187e-61,7.12453987015608e-12,0.0037610265492148847,1.3803391755511008e-41,1.301198327213021e-13,0.002936969805602364,1.2010917623455577e-40,1.1145713079241774e-6,0.00368921439352902,0.029525744375716673,0.29820319844909515,0.1970318037818626,0.22541464263470123,0.029338283263950216,1.4600549051221387e-29,1.0163313778167517e-60,1.2161073786027591e-16,0.010447786142695375,0.020603965614399384,1.2334534989654724e-34,8.219802679708499e-19,1.2009652790779218e-26,9.642560210291968e-26,1.668381242332477e-5,2.5613303393843203e-24,0.0011862796695661698,0.008682079738635391,1.3916364342837874e-33,0.024889571899650558,0.021747268394754448,3.4528965019214654e-24,0.0052690056996615095,1.0262815912788294e-40,1.6221400798018905e-62,7.685779043293005e-9,0.004683431094594543,2.630719860896213e-67,1.400447167131511e-25,9.684521188304183e-20,0.004764636879363265,3.826609830007993e-26,5.77316185504505e-9,3.1132099428169142e-25,5.594060918979441e-32,6.782036063896151e-12,2.387630789390129e-8,0.007422245313215407,9.86601496382508e-79,3.150151552187603e-29,8.368288181024014e-60,1.2612950529611557e-61,3.0287328739538494e-15,1.440002014304948e-21,0.033636119394548476,1.154823738430162e-10,0.00199657107440933,6.30946343451797e-38,0.00919412307597333,1.511606716246053e-60,5.9315945859485585e-62,0.013973814249352217,5.377373737246549e-72,1.3846079751797417e-69,1.8876516664720173e-29,3.668753209630586e-33,9.353839984087229e-81,0.004928134003746903,0.004901841044662572,1.5968584636521734e-41,0.010267783364076737,6.387361428990943e-35,3.5988107586787874e-88,3.655234069618927e-84,2.2591195560685986e-59,7.733799951069674e-115
0.0,1.9959598309577286e-248,6.174492816078845e-186,1.0155712780817767e-237,9.176218089344852e-227,4.887976517383759e-7,1.1519936562298006e-114,1.9873246003315795e-73,1.909879921277698e-58,8.223682002663089e-121,2.1868227334199233e-60,0.0007847418978093168,5.7673632869759975e-92,1.728442819810656e-117,3.5128786798242445e-160,1.1177921106441636e-68,3.4343964967071525e-135,8.698493131946611e-24,6.534563663949346e-80,2.484261215176215e-153,5.215895705944937e-106,2.1303020105593516e-100,4.57096072061224e-134,0.0013416369385690732,9.90360701773771e-96,3.007588649591657e-122,1.226986903504527e-28,2.2866114223014054e-132,1.1472597148992447e-80,2.8077110611806546e-145,3.596584029995645e-59,1.7372605991657473e-100,1.5803419150913456e-53,3.910037685891826e-50,1.5691493196196645e-59,1.0960811608614436e-65,2.2637115791442313e-73,6.519114840138959e-124,0.0007449806100842051,0.0014821103286184354,1.102472031208426e-61,1.1479318620631731e-41,0.0026705552044731075,3.0583926404915808e-53,7.696687410041514e-54,3.3810001325692376e-34,1.8266137038517175e-48,0.002650937238867737,5.006664531307522e-34,1.3855652965097195e-48,3.2007353022463165e-44,0.000760026681185491,4.801443222363514e-46,1.3719549669569346e-64,1.2402908612266579e-43,2.2486813089207024e-42,7.714909562164965e-52,5.27495732727276e-34,2.287306460423401e-21,1.4649434356610955e-57,1.557216595227152e-36,2.0365468947443404e-37,3.193429784579863e-50,1.0343100651645014e-7,1.0263909086020023e-7,9.36386846769578e-44,0.0022287584343215656,1.0164472498112885e-38,2.7001797934379786e-15,8.783695662350413e-12,0.0014360297954469942,3.613571779780862e-46,1.2448132583864765e-33,0.002467188939592595,0.0037339897729069516,5.1044929372763826e-11,4.2648858545981957e-19,2.2142483649208343e-26,8.129952854812134e-7,0.0016992766831678981,2.8227058212070863e-11,3.476239161890866e-34,0.0026706489800668717,1.0289235443155312e-7,0.006097150907287755,0.003631341607493018,0.0030703677159756087,0.0007180330073048222,0.0037452333771660303,0.00017923169168250106,0.004790010928519975,0.010245823325746861,0.024872035132759502,0.024672605563991642,0.07224779524319833,0.0938521187539518,0.14157223015929823,0.17241655707315273,0.21402865741567378,0.1991883157482397
0.0,0.0,0.0,9.149007981634462e-243,1.1193015200400595e-105,1.2441154897929411e-115,8.5611568398985e-147,4.063858113388916e-38,5.9493287769308905e-130,3.341591752660861e-24,5.160430824497632e-150,6.718227321416818e-180,9.39480588103664e-67,3.9334313641064874e-90,1.6130448320987558e-121,7.437113704089965e-120,4.218329531093158e-155,2.1089599394160634e-202,6.077684428697104e-90,2.583745534640836e-165,9.091830194743394e-57,2.7066298550129073e-59,1.8013129260304684e-25,9.033765382713817e-53,5.791513695729506e-107,1.3114589605796084e-55,0.03198514506247816,6.757442920065991e-65,1.4526201188558714e-34,8.926936403776072e-48,0.03982593792966081,1.7781133524581937e-45,3.720825958785376e-49,0.15794109304270998,1.7421263786338354e-22,0.012122984040962454,0.039194520940832304,9.706939867289607e-6,0.07241590408635959,0.025086033643109636,1.0819974121742649e-30,1.7801868037379775e-32,1.4548671088272193e-9,0.0352407236809448,1.7391662941324103e-38,0.052390665483756524,0.047956381221265436,0.03067446739911669,0.11128732674326969,0.07839566310922995,1.2825134584447928e-87,1.181310203810557e-59,1.0560307119958055e-48,6.9389758951017e-24,2.696000886201468e-14,0.014025634219697807,0.010463918743118214,0.12067758569281103,1.145993410130537e-6,3.920417498972427e-10,0.022926221635238043,1.8213813348839913e-63,1.742404807344583e-45,2.793671177091993e-12,1.1359869792992571e-49,6.593133058616118e-27,1.406126688578115e-36,0.018925051600386586,2.3369694825651522e-49,1.4314348711415787e-69,0.047453882075582925,4.761370001587613e-86,4.9541547882051274e-70,2.4706650046705643e-31,0.010094865406712653,3.5220685402376506e-84,2.3742217234347843e-52,2.0742014758097724e-60,3.1954508723635407e-74,5.2321795517029495e-80,7.697349161384685e-8,3.193063845895334e-73,3.6981534253785236e-38,6.457857393569912e-83,2.1292275180951352e-44,2.7010798617528117e-84,0.018968070831243737,6.900115863442366e-45,2.3691416629604155e-16,1.482784753999821e-43,1.0429296354423843e-58,1.8078715283468466e-54,0.001936991655014308,1.2808080934134662e-129,3.161919592858334e-68,1.462331620902493e-98,2.983600054286243e-113,6.322356325020568e-69,4.7992645497029404e-91,6.1194496239984e-177
0.0,3.5441517296662646e-252,2.227208917611283e-235,3.193159869226224e-188,1.2281720802688878e-192,3.4261142812947897e-43,4.941229152078146e-141,7.03851854540561e-129,9.845915671380567e-54,1.196638506003963e-53,7.511211470744236e-55,2.9391311978719575e-50,1.285301053423708e-27,9.271798761266602e-84,7.494304422796187e-67,1.892456480780945e-23,2.181857059866916e-67,7.689990300590532e-111,7.019143224533423e-88,1.2003624146825325e-94,2.233636603015481e-75,1.3439588515046593e-71,4.077220501382936e-68,4.122386632920196e-91,2.1338082352733773e-110,7.562644335313641e-127,8.979736494539719e-75,3.4983051981047943e-76,1.527358029423875e-54,3.3247987741766925e-59,2.0756644072966944e-19,7.607767111484337e-49,6.628481637460271e-41,4.072545279079665e-60,1.8617673942929267e-45,4.2741753040626796e-32,7.967079793893935e-22,3.3771942388684896e-10,1.3586984711774325e-33,9.401487299988396e-24,1.373307680480019e-26,8.705354039940235e-11,2.880960315288909e-26,3.6815559228624145e-25,1.9759437760598912e-13,2.2159993290694223e-24,5.4309513740355074e-27,2.8490227281568833e-20,3.815383379441394e-16,3.197900837521727e-21,1.1797536887175697e-16,1.209240033957467e-21,1.3078864474882579e-15,0.01603111745294168,1.2070542287244153e-18,9.565684101817948e-5,2.4654322006301995e-5,9.634941977011358e-32,9.53226053025668e-11,7.574651417235553e-12,0.0001945318426459846,0.48285570523658544,3.055964000530111e-6,2.3247993768410203e-5,0.05599674247942913,0.08291578974409931,0.06428193112536675,1.3392483787290588e-7,4.084547421391651e-12,3.0198714309590764e-14,0.26690723360275026,2.3056704528523223e-13,5.44674040310346e-7,1.5671514180206816e-16,6.223839756310243e-19,0.0008406296905583537,1.3690917688401753e-5,7.118450118947549e-8,2.662968320034236e-19,2.544386947036882e-21,2.8439687122177646e-30,6.242805854657685e-15,3.1604618243105204e-21,0.0071350275388154,2.887653710901418e-17,7.4784066352854e-17,1.7351401235467774e-11,2.4133721660993082e-17,4.555303785478075e-16,1.9425232947347174e-11,5.289547898355668e-9,1.131007401473807e-7,4.745708257394394e-15,4.7750462665992655e-14,2.6137846274691373e-35,0.0226801165056075,4.796165118112379e-34,1.3541275131300005e-65,1.108732447169488e-68,2.2040048349914414e-76
2.763385301997765e-19,8.463450227685248e-68,1.8813889838457256e-36,6.451133799598025e-35,2.859877321052351e-62,0.05403401103972404,0.03852174113110159,0.0708986236688659,0.07111304570534857,0.026863767166357033,0.02821935059106843,0.028120284026533184,0.03611722090980527,0.03022631514642277,0.03722715515916261,1.3536992728363794e-42,0.01782114330723689,0.028333821906662504,0.004548390006978682,0.017997613060216043,6.346524088774433e-5,1.632729220435371e-79,0.01665282422901604,0.00458587811040698,1.3518752783537002e-61,4.547965526495508e-17,0.013385312515292533,0.010161710397568196,0.007613799360612355,0.04660242149961353,2.097527402753225e-5,8.091424971475044e-5,7.903846341414748e-14,0.014001575908164202,0.19232681160464532,0.08944461294912152,6.2218579800986735e-9,1.3958691115465337e-66,0.008828716105093348,2.4908126600851263e-29,6.120499774027843e-28,0.009070576218222227,4.372142458999434e-53,2.0518842349858605e-36,1.6540410021626532e-75,2.6504408806695077e-60,2.657738095528239e-30,0.005281672208105963,8.803502323800266e-58,2.7064078133177945e-13,1.4779863670012112e-106,4.385294785234423e-85,0.004517844848779167,8.786830830743054e-23,4.0368740230747366e-100,5.750046214408367e-54,1.1062065731457879e-122,9.95867746508751e-122,3.230128413353348e-117,7.214409045287774e-15,1.4066463574917144e-97,8.000442643964402e-101,4.4678855138314606e-133,0.012499675354374032,1.4578043999278666e-93,2.1898019831682103e-65,1.5802267628694866e-36,3.032719585166181e-39,5.063126749006598e-71,1.3117961790799415e-95,6.868747731923057e-65,0.004326018631234089,3.660174758326563e-93,1.2053579197826453e-75,0.00646425600886385,5.606218836723568e-41,0.004575084077530249,3.6495591335058077e-96,0.005122735695281144,0.026878969121805048,1.329687816391583e-104,0.009260666837831005,4.89905924428964e-9,1.437553004635084e-69,2.2561484530434743e-105,4.799771718370926e-51,1.5354124547109759e-114,2.192235916890749e-73,1.563349677932761e-72,2.4184034732415533e-49,0.004615046141192416,0.008713861931297518,0.004862081534561462,1.890691937060137e-116,5.392737398022807e-31,8.22734657000213e-101,2.678594758690434e-88,2.958541635062517e-77,3.1086398802284406e-123,4.898984482405007e-67
2.9986755852307517e-305,1.4555412387438288e-206,8.160767749369573e-305,1.6174678162962766e-161,6.541114306206744e-167,1.4846409719711856e-103,1.3081161897810403e-116,8.502456499415663e-47,1.2206510465490151e-42,1.1217994393517184e-138,4.803354247324399e-121,1.5852639338151422e-39,1.4679049878044698e-76,4.306314544166274e-83,0.0034160791004562248,6.468899188069826e-67,8.41867246807926e-54,2.3087412465622614e-54,1.183504218067331e-31,5.247248543387067e-19,1.9888574401888705e-11,8.836165834302462e-57,0.0203900027561145,4.686158843878802e-9,2.676013977451925e-9,6.197471124581423e-43,1.849658223859898e-19,0.00022069781878585962,0.014822122607702739,1.6873005428895307e-38,0.004411818897912631,9.008103600601429e-12,0.026973090885810107,0.017263876824599674,1.4551368584024829e-18,0.08637480585476287,1.6732268682508288e-7,0.05397964395103545,0.04727629299473638,0.03551264743906063,0.07380823565668308,0.016353819622464676,0.009919174513394788,0.03260990704937051,0.042861966035611085,0.029913107544861133,0.031005590226277323,0.09081101506015386,0.11938600544617611,0.04902993200483268,1.2015222966162788e-17,0.03573238404751374,0.015628613269076146,0.05091260320157664,0.0166494383705062,2.956465442568998e-36,0.015353627494581676,0.011476527958090588,1.2141477879089157e-18,0.0143866905719052,1.6229511867907543e-31,1.3253639216274275e-52,0.017839909989982417,0.015315141754111902,2.4037606970416393e-39,1.3543074138355362e-46,1.2314930836921747e-28,3.0815395065558115e-42,2.2063991476230486e-28,8.02553598094044e-33,1.0532514855990927e-73,4.04670908593912e-49,0.000365056338096804,7.479101092156062e-41,3.856330807396656e-57,6.21057534074856e-77,6.902251145571651e-112,2.3146130825327558e-36,1.2495774800209568e-75,4.19245173709285e-104,6.234456186301285e-106,8.26338461968824e-53,3.0984329991674144e-36,1.697861666765339e-74,9.390388547062905e-101,3.994173892606854e-60,4.58532788985445e-78,2.296727927907817e-102,5.540051848026118e-74,2.19794275046006e-68,1.0408755828234486e-67,3.9461079186185955e-20,2.0252893470750143e-84,3.2538600997017004e-80,1.5874504980074593e-29,2.7509333452447665e-119,1.1608442250001748e-108,1.8531987163945648e-150,2.9952824950551944e-102,1.4003110353984617e-211
1.292113196763613e-276,8.727042908827176e-180,5.968764569828553e-140,1.6155150350767025e-148,9.245188395408624e-171,3.558689186622892e-67,7.575931057978233e-90,8.268286682372578e-26,2.4169332994540476e-95,2.4083008839733794e-125,1.264105394284423e-64,9.250947531308898e-46,2.542902160169179e-47,3.7599627508271193e-75,3.906395369652536e-65,1.840059330790769e-114,4.0684498527171024e-76,3.823281315737207e-19,3.2209239723885934e-56,2.405848646575515e-150,0.002487897502410155,1.1549435445182866e-118,1.630488518571968e-78,6.360839107786976e-75,1.0732446473985908e-118,0.0022962452790640862,5.455533936672126e-27,6.655797832241305e-58,0.0036551889902496034,5.9623736176530954e-31,0.017071907012478238,0.09028495914253015,0.3419458972922971,0.3149649370634075,0.06927805932046485,0.03472376825802204,0.014940993960151357,0.00400428968945954,4.1650628671434946e-13,0.00039991678314433573,0.006972812747938363,9.492472791109024e-29,0.00319413625714041,0.0043026757407073025,9.171866326948725e-67,0.012787569237761766,0.01773014115355619,0.0089549504498122,0.005822788330312884,0.014633381703079278,2.358932328233627e-140,2.788011602392994e-57,1.5283521631783053e-11,1.529288802369041e-44,3.4540026420192107e-118,6.069074535754389e-172,2.4240665128440197e-83,1.7351170972858824e-43,1.965909666943676e-108,6.92964358711928e-62,1.017307555072765e-111,4.5229492844006326e-123,8.932656498533865e-148,6.437530826885166e-81,0.0021636380000584084,0.004386804921742036,0.0011163517651904856,1.8950521194312518e-124,1.250727528172091e-131,5.8515250354295136e-123,1.2185493667439014e-91,1.098093441872615e-5,4.64683734193369e-129,3.684733989996878e-65,0.003274882837037642,0.009781603718960146,5.944731019709863e-94,8.170647432579597e-143,3.8358313622705e-23,1.4301730483381107e-10,8.403109616635571e-75,6.047083714485137e-11,0.002180565506220676,1.1507034781285145e-166,1.4045910761590925e-153,1.8646334263126837e-70,7.017090888355709e-140,8.675892131600266e-88,6.0058995338776614e-89,0.0022950398225764466,2.0076539225263428e-44,6.626447918820504e-85,2.7480948537323108e-74,3.91496976173705e-127,0.0022028286779634592,3.537707062828844e-51,1.2914370561550809e-123,1.575417877465053e-73,2.2757817976003655e-124,0.0021347876826566595
0.0,0.0,6.86745614332e-312,4.0050475441575446e-290,1.0416205164847689e-299,5.648974326052832e-256,1.710148773547739e-270,1.8145010325704782e-214,4.480534393931321e-137,3.2423985357807944e-189,4.255551961353167e-105,6.764876124145443e-215,6.734570579371904e-177,1.484821455626005e-152,0.0019051473490892046,1.6647999602873048e-111,2.5752109274967308e-182,1.2842248241759421e-199,3.555204219275055e-93,6.362371283790183e-120,9.22113727898019e-75,1.6815319776472213e-92,6.003114708253983e-118,3.784065178098955e-130,1.7601273320599844e-104,1.1384121278131823e-90,1.1949124967671617e-98,1.1389031204369507e-13,7.721418924090384e-74,7.176503823202043e-46,7.883918772868538e-100,7.026277899441551e-107,2.0703317827273916e-70,5.674246503837575e-98,1.1299926920615153e-55,4.100432008785885e-33,3.9620069889961596e-72,4.946009527437378e-93,4.89666681753895e-35,7.728080104242879e-46,1.4739468768387078e-47,5.580237001311663e-76,4.4607304150684447e-39,6.625416644290577e-22,5.743961340660574e-45,6.043415788710179e-60,4.438815593795043e-51,2.620874331517802e-57,5.560043503551227e-51,5.217612431299855e-85,1.5654640028916367e-50,4.893612074925577e-8,0.4551338159352512,0.40439638829240043,0.012666330128790036,3.2514599887286197e-18,0.001184927664115483,0.006036260132026779,0.021897172344267427,0.010713623002448623,1.6366146645156176e-22,0.005469301325804259,0.014115528325999572,0.011561954009180427,0.00021969514144079335,9.824231229215009e-17,6.837065904081591e-22,2.4335353212267084e-21,0.007592919540523056,0.018539728207213287,0.007663060845758817,0.0006635013654739034,0.0056490358805576825,0.007782800232838034,3.796976108889438e-123,0.0021110146255231637,7.775946147749535e-64,0.0028775990331129475,3.413860835960447e-133,5.6469090213540346e-129,0.0018201476819502437,6.256798739290683e-101,3.8842412850304535e-119,8.323879452004489e-118,1.467555676938313e-132,2.2096082486044954e-96,4.262657413313024e-162,8.855476832079802e-186,1.511616023332508e-41,1.0474874483110484e-114,3.0780683892258945e-152,6.348633181466062e-175,1.9744730128726074e-133,7.965343894161995e-138,3.2276660967315502e-170,1.281672648113713e-127,5.486752369235086e-171,2.715095105840648e-185,9.087051514770897e-171,1.4345900456357793e-212
1.081578666197024e-176,7.191807691786164e-187,1.326420573033567e-16,4.3809703705147056e-130,1.7479248512579102e-124,5.664603485814142e-110,3.947130677859415e-48,3.9669790684732134e-16,6.630665558173469e-49,1.3525425464460095e-102,7.944890397102102e-91,9.114548343524795e-18,3.6968987425874295e-67,1.1829402710147209e-65,1.2381366514015387e-83,0.05037957065500399,0.3948908128311542,0.41256037502485055,0.025372036038036293,2.577195386577938e-9,0.0019834710543940345,0.006343911721273949,1.762704437354462e-16,0.003201092725905534,0.014105382693063436,0.007097629940386577,0.0014714559946674974,0.004322627444273848,0.0017789484735234264,2.365968775819352e-37,0.00454186822526185,2.745356943458424e-34,0.0003414092223319521,9.698611344513385e-42,2.231321513024456e-84,0.0011038850419340502,2.354955857223284e-69,1.8746855171182294e-43,3.5178216991775176e-89,0.011338721637046172,0.01588296472538374,0.011986651900542076,0.006862328426008834,0.00778711164525787,0.007709157178598976,0.0027957120931811786,0.003453741953336912,4.513489890002523e-101,1.2175096293549914e-93,3.7012519098023695e-64,1.3597718113654643e-16,8.758401273091394e-72,0.0008801350730519599,2.9906101136981473e-91,1.239155895679187e-10,8.56266976598519e-114,1.852472132930741e-90,4.22008562234579e-118,3.135664788292424e-204,6.022069852417204e-91,1.9629030244606658e-90,1.9644874632999328e-66,9.846965035615175e-73,8.763569013511939e-151,3.3013194173022848e-105,9.00960797411361e-143,1.3275277723324994e-112,1.1502501119945424e-83,3.4627494925691446e-140,1.8824417563133297e-146,2.9160688990916604e-175,2.7461600742802312e-142,4.5598753575532174e-156,1.1068943976437575e-55,1.4419246854773861e-92,1.0023470612934917e-123,4.145492574733693e-207,4.174802748959984e-59,1.0061240037693737e-150,2.6892677106459017e-96,5.788142407494187e-144,0.0008806367754897832,4.3991310100479297e-97,8.190091013263683e-133,4.28943535735907e-172,1.5562548727329406e-174,6.664405077997591e-69,1.0013249523809525e-179,2.5964596876085935e-155,0.0009283588049294644,6.944823635337595e-66,6.70593731308102e-166,1.383138963336669e-145,5.833139329002814e-102,4.3112282205226804e-181,2.7535445594797752e-145,3.759775686163796e-199,3.735258393204321e-178,1.6508624756541143e-156,2.97852323036445e-196
0.0,0.0,1.0043024671435488e-218,7.68933284258503e-152,1.9987262797473423e-105,2.7609482358583845e-43,1.1399949505534527e-42,5.099013470648989e-68,3.5358002558308414e-58,1.2720706159651118e-60,0.022195621622302042,5.143460484794063e-50,6.397559623291579e-43,8.290753938812197e-38,5.698954471241319e-87,1.7455856757716264e-31,1.039314101528287e-35,2.4450424762218293e-26,2.1040971905314065e-86,6.584628350114858e-102,1.1265475925561412e-64,3.916374954552611e-55,5.320213201715281e-25,7.5026379597384e-43,7.392200254119972e-57,4.9554526624242673e-42,6.4590735759413655e-40,0.05133061474356119,2.514036130375375e-30,6.958973038704087e-41,8.373764459874046e-13,2.238622581680755e-21,4.666111943853371e-25,0.06563839214567327,0.02255237065038342,1.489521407184419e-30,0.013949115524397883,0.005902820082906183,0.07868318622098566,0.02098035694105395,1.1513953756738762e-26,4.331358537043826e-27,0.014020615273758053,6.859056685904808e-10,0.027740251345406,0.04231108571246618,0.07840037182899644,4.918361164234527e-10,0.21510081695331462,0.00616906488014619,0.027737148762115513,0.019107231083882816,0.01488174562448347,1.8806982413417895e-35,2.42405261823533e-32,1.1875991950930836e-22,1.1970438260338542e-23,3.678517804511856e-32,0.02870083116253483,0.006504163525491126,0.02268740505416536,0.023826676761698067,1.1155794930605526e-24,2.3235955301249312e-10,0.011225317792729754,0.008705635276268232,0.07628208754553079,0.025512746227010392,0.03757905475466387,1.0723104822883865e-25,1.1179200077345428e-7,9.65857295735427e-38,7.929464265209303e-31,8.94182000824367e-29,4.626554175681638e-21,6.511533294826364e-29,6.746851676826755e-8,2.7469687433195016e-29,2.996808883917058e-11,4.8601152552812363e-14,9.08231414924298e-37,1.0967015433531245e-35,1.0788928117566452e-18,4.551331299723772e-62,3.4441405468209177e-62,0.015680847572244968,1.2729807338803465e-25,1.2958337358014138e-54,1.4794114088114059e-43,2.119947560335606e-31,4.101350604654069e-58,0.016594244230356752,6.077714102901787e-68,1.7449556032693347e-40,1.2054584314399804e-45,8.014058005011521e-44,1.0966732890670225e-80,9.81199911291386e-96,8.906336122231623e-89,7.178058885434572e-82
0.0,3.222833266113e-312,1.908248348429338e-217,9.48276278379588e-171,5.761970492281671e-211,1.5149508474988872e-60,1.5813802644491235e-179,5.3518237664382264e-120,6.527577298271465e-34,1.8048000120994355e-133,1.0160604028943556e-46,2.4705479833869206e-49,1.9567033018638434e-62,1.0238963063486428e-77,7.002525093590564e-89,4.576223010242384e-73,1.1555037603316667e-42,7.909257490216476e-16,1.1668054594650963e-117,2.1538318794913253e-96,6.218121236710406e-90,4.9349085230599345e-96,8.893578248488864e-102,2.640941207930094e-81,5.3780940915039754e-104,8.206595478390401e-122,1.508094101490943e-51,2.752848793076774e-29,2.8456476169116426e-88,3.997927555958023e-67,9.793597961284444e-51,6.82335225327905e-61,6.331993867459044e-10,7.699289391781497e-49,1.0125892209146086e-37,1.8685202079609723e-50,5.399951424972817e-17,3.1847896774983367e-73,1.0016103163502527e-17,8.472582197819115e-48,5.810211582497007e-37,1.7566243060911228e-34,4.601316833721766e-28,3.7454825556966637e-28,3.956760812092352e-36,1.0174703886795332e-13,1.6214448068633955e-25,3.4317948349344825e-31,9.081083190324618e-26,1.751602932936173e-8,7.611791488801624e-19,0.021416231060955433,0.02162796777153904,2.592820655432189e-23,1.3606867045022927e-27,1.772919502792945e-21,4.9653265670809766e-20,1.03871236846564e-17,4.152311879251599e-11,0.042311547699303315,5.734632827681259e-34,1.3626712528575314e-21,7.277725330149676e-20,2.39346137527575e-5,0.010651125898503004,0.020798219466507544,0.03621532213884324,1.6273337292310634e-8,0.07294346645503075,0.022881180137134766,0.017480246095820575,0.04202483855478722,0.42023067022865807,0.1336222983099502,0.0009260414822211239,1.384174803284473e-12,0.03652075529760591,6.075352133823131e-13,1.2164889448208273e-8,0.011012364410624621,1.861698547324963e-14,0.0001724277870022009,4.852356239953433e-7,6.142293312213238e-28,2.010946796100263e-7,0.015127520067815148,4.01540936210258e-9,0.015039413690365164,1.5668599547240635e-21,0.014799536573670556,0.02151324191731049,0.010557725347981292,1.357974171977217e-11,0.012103188004163332,6.757608864377469e-14,2.587359753252255e-15,4.3809215774019277e-36,1.5185027887609588e-34,3.572355174449861e-30,1.8809247536463802e-67
0.0,2.41960069455819e-189,0.0,6.56875296656214e-224,2.5014914788574046e-283,4.5308293531372496e-116,1.126569262986835e-221,1.7983973253095126e-108,3.097393317786161e-180,4.1209294353023346e-184,1.0506938861756146e-196,8.796883723185788e-110,1.2001671356745688e-120,1.2156670291360002e-168,6.131938277766281e-128,7.712487613935648e-171,2.2748242423040226e-54,1.562499433753447e-154,2.4105187521383303e-104,2.060330059555872e-17,2.6350179411065002e-96,9.252629209491815e-98,1.3613383082003546e-70,5.051536684799354e-65,1.9358227148526724e-93,7.054285295162324e-108,2.489742536301359e-87,8.29955109341064e-84,2.165550902932793e-37,2.090877576478096e-161,3.3928627581255217e-69,3.000800168750056e-48,1.1032175672562026e-64,3.522009471930842e-83,8.689577606667235e-42,1.2388359721573186e-38,8.430524743004914e-40,6.653405523291266e-48,7.866488081300228e-9,0.006315820856915803,7.257807860844807e-65,1.637340663303953e-44,1.9429634194425082e-49,6.060753414903119e-49,9.529966379543598e-22,2.1116712615228023e-82,9.863202403678274e-53,2.0269562921524037e-32,6.992122283410829e-25,0.00651137652704968,8.523771179724e-41,2.550943823327185e-57,0.004722642495974534,7.53782879238329e-83,4.917703227926864e-73,2.9946658206254517e-77,1.7246059735395202e-91,1.3977527418795071e-27,3.4870057433637066e-26,5.01548047991823e-12,0.30598344465708355,0.45798616488054106,0.1031999537640844,0.023714864517530684,0.030232483118693608,0.009792672727662197,1.904072198943833e-15,3.157432045740343e-30,1.6257982523080256e-52,9.556220627629463e-20,0.00433996643525921,0.023826918833325432,7.621780321458395e-12,4.445821800153951e-19,0.0064759165623646765,2.976603434067704e-26,3.7781597655055925e-80,7.296104206815484e-55,5.002291509645404e-50,5.922022348957815e-60,0.0024203429576038675,1.5327310621815136e-9,4.1825835114569207e-5,3.3469818692314826e-61,3.6395468290805586e-60,3.624680664524785e-88,0.009614606503809017,4.058282129888247e-94,1.4527113210939963e-42,0.0048209899151296035,3.5761004926146005e-70,7.096943156722856e-38,5.421321984350574e-82,3.6064769478224474e-72,3.859015873451728e-130,1.3379758825911933e-91,1.2324895057938692e-94,6.229293377049016e-123,5.156354804549262e-146,2.3014674702336405e-172
8.198211932480063e-290,1.196750618485826e-176,1.2755829011016094e-100,2.0368659084012303e-151,1.4320823783550776e-135,3.397089654345303e-81,9.480280863173942e-71,1.4775058044302581e-53,4.125781357119069e-63,2.726472761837672e-81,1.2667219983683887e-94,1.7892390526942957e-64,1.1151865292126207e-47,3.046706018280811e-42,2.0199846247598624e-63,2.887836583500478e-34,6.035836741428471e-102,0.0008282056670914753,7.10070943081916e-20,0.3850029916961912,0.5001773040153109,0.07047981286907469,1.671433850822093e-5,3.849461457873722e-17,1.3805762640879802e-30,0.002990240736225678,5.054356731252521e-59,0.006584620585511671,0.011352161688899189,1.2609149247734296e-15,5.851317380341166e-45,0.0032280004989403777,0.002896846968945461,7.718494444573796e-24,2.525469458916869e-58,4.99204314283041e-28,9.360797051218682e-52,2.7808725536932807e-59,0.0025672128002003805,0.002518952348652943,4.130105848283984e-17,0.008301415854266185,2.7287686174905587e-6,2.2092966847169817e-17,5.388030990488671e-23,0.0012954736052266085,0.0004842188217703151,2.5170641310548463e-90,7.875959808826701e-48,3.0625307670110865e-64,2.92177921231439e-109,1.587160658531021e-123,1.9125109000431424e-83,7.359645216111554e-83,1.3867374481007642e-95,8.68107587842255e-88,9.19155878436509e-161,2.9321743230940058e-155,1.5026173867600778e-175,1.741765603151802e-107,4.1205902640095726e-106,8.724146787429311e-150,2.2373979928011657e-59,6.939375644100638e-117,6.368714121794842e-151,2.5164716171710243e-111,1.16193836043104e-137,2.8927165813626776e-161,2.3476278428424657e-158,2.577609182467096e-115,3.091771478088199e-143,2.3392547184110763e-148,4.497698228561475e-36,8.116127219274264e-158,4.460785121007497e-59,1.520065684570362e-172,4.596176508968022e-123,6.172029465558514e-105,0.0012730987358658397,2.350692362423687e-128,4.4612713113204823e-141,1.4827438361135232e-163,9.606714735790339e-60,7.000379569079213e-13,1.056229084077097e-96,4.655387098967558e-151,1.0394589934915145e-142,2.2461851562525616e-175,6.697119113174874e-186,1.6711991060550428e-121,1.655748822817493e-61,1.9486602345755303e-38,5.066218654289263e-167,5.7233881349784804e-111,7.787306784697268e-121,1.0484184538452088e-137,1.9811706147364974e-89,2.1453228840061006e-237,1.2840732522368684e-217,1.6069949672550734e-269
9.414741914237176e-220,1.0162882895486089e-199,2.1361314937649222e-249,9.364117222345504e-206,1.2285881437449456e-169,2.9022397769701084e-107,6.371837189944614e-92,1.2164009023633856e-75,1.777174078001176e-19,1.0049998362599127e-28,3.873257071879103e-77,4.0653682924949383e-51,9.990592998243814e-65,7.319752243076985e-40,6.843177346073269e-85,1.6941538807128396e-78,0.00018693449852949653,6.135309508196732e-95,2.6146740243547025e-96,6.658064326630075e-76,2.8239592607200857e-55,2.220367136792981e-15,7.683440195863145e-24,0.048544488839005986,0.5102822492197545,0.3989158579727687,0.015498788065295558,0.0007114215876995139,3.4105462902855757e-6,2.4276534828563423e-27,1.2377433676670034e-10,0.01197342591183529,1.5910703146478008e-48,2.624219016045179e-107,0.0014719323315932418,2.576730537023736e-114,1.3184500543905257e-10,1.203697081487452e-76,3.1324866189451226e-73,4.69510163008186e-19,1.9883345729669296e-62,7.591588765384276e-131,1.7569004449020658e-20,0.003621229101098119,1.737175014941318e-64,1.6558522600061887e-15,1.518742908338201e-84,0.002206216213242221,4.389652428702622e-140,1.0272839706622055e-23,1.173978203330645e-41,1.7656580564782802e-160,4.288958063247553e-135,9.841090301102074e-5,1.882207521081764e-139,4.427484756209852e-155,1.2253776895879884e-169,1.542483332317101e-166,2.288640906788962e-170,2.34833360985995e-84,7.594967794559775e-63,7.020288958040156e-110,1.2082478909948266e-101,0.001677259024398885,9.220025986799235e-108,7.608944114304027e-167,5.773679108170916e-186,8.609752324549913e-144,7.004325435021379e-64,1.3592414824752627e-227,2.9299947550372986e-159,1.7593920799284192e-155,2.31530818101222e-137,1.5151207274995344e-39,6.622226968715212e-167,1.5204699512034692e-169,4.4232314276116963e-187,1.2809112883289922e-70,1.7069022394026579e-68,1.4077137662715325e-188,3.090734913994992e-172,6.835872652987103e-145,0.0018642296370464304,8.76935450486898e-180,8.196943218441209e-61,4.980503034945043e-199,1.815699351536418e-63,7.167591470632134e-81,2.589742807691663e-166,1.290991054983781e-80,5.496028849974618e-30,1.3933607761551592e-79,3.2466874621859665e-212,5.234932552616558e-164,0.0016137771703340644,0.0013303687224735317,9.07180638318309e-173,1.3655309418340254e-118,4.461403413458102e-176,3.771892867564192e-268
9.044924832611429e-54,1.5559479564657728e-21,0.0042739059856407085,0.049409554776001285,0.5362194845445932,0.2056801803712682,0.11121027382492957,0.02709160416308607,0.012393587335047517,0.012812372401389131,2.0460269940424267e-49,0.019699190583996152,0.002807266041922776,0.002340346008229332,2.364416881377434e-23,1.3558049229389164e-11,1.491360109187386e-13,8.393508805017895e-5,4.336024688057535e-67,0.00146119970923664,1.7057228950291943e-31,3.1915300901696185e-32,2.0268030610288267e-70,1.6608719902512853e-44,1.8871550511805592e-61,6.382720313404642e-7,1.3483030022003114e-100,1.229806910664444e-48,1.5058062352033503e-47,0.00155361118765884,0.001559574768784919,1.6220091213891503e-90,7.8600398792703885e-75,0.0015218125903057266,4.5944492574370676e-54,1.5655176968987398e-66,8.546988179200805e-103,2.2109087507065847e-135,0.0011753491847281293,2.069820559437863e-135,2.5452137803231077e-63,1.2923766537982054e-34,5.12314992895124e-118,1.259360521801279e-50,4.551427929586028e-124,1.4637559147456085e-51,2.843356684132005e-123,6.656304249736839e-109,1.4050348447073428e-17,4.2023528157896647e-60,2.7097043487253046e-100,6.903639844201321e-145,6.2976585317587274e-136,0.0014202132234391238,1.757451141175647e-142,4.373062708850766e-39,6.523944470661886e-227,3.401148995021497e-241,2.865641661678805e-119,1.3956923766456436e-164,3.1026037574695715e-187,3.5645205971121216e-30,1.3404110482110021e-107,1.0698481501771301e-80,1.8202379348768345e-78,9.701294755849939e-68,3.67331356428916e-139,3.860512032946587e-106,6.059197198078062e-115,8.250803487660446e-198,6.219370926380871e-149,6.072859873877841e-204,0.0018724167481267958,1.297666062341056e-157,5.709139502880748e-119,8.450660045933732e-139,6.378418667884936e-157,1.539597573636542e-101,0.0013265000507281747,2.861239903138522e-61,2.735930407169864e-165,1.3860469096649904e-146,3.2379320834385036e-118,4.293869126299566e-90,2.2366462366309395e-99,1.7133101445301326e-84,1.795014675590277e-64,1.4254553525581547e-168,3.3036185793416717e-191,4.922590307031291e-103,5.659229502115073e-36,0.0014445143056146998,8.15565154436591e-179,1.4398207340116098e-143,3.491338712974647e-177,3.4815039843671146e-95,0.0026424688214841167,4.4628720944411136e-54,4.3214268008394415e-162,2.9391060788754186e-276
1.8635097813579174e-271,5.4724560630732945e-148,1.3033970735622817e-151,2.0655488625200642e-173,9.077493979426345e-193,3.733055401322928e-114,4.7933790289246265e-107,1.2364594972372545e-60,2.0139725357582275e-100,5.529753975596436e-31,0.00035021445337539794,5.190524318601906e-25,0.00676197443607465,3.5396953454871718e-37,1.2065682099617746e-32,2.282692563949577e-8,2.679403232488419e-70,8.684203770258565e-37,0.0023367935237713516,7.6825947035417e-65,4.353825068452069e-52,0.0019892342112950083,2.6378570721079693e-96,0.00904521305577943,2.2725029033256983e-85,7.25164865190368e-56,1.2950401464416187e-55,7.659392528718138e-18,1.5639178742863285e-51,7.19886248012906e-45,1.5632989018782031e-68,1.1641619894417455e-31,2.332332540275324e-10,0.006416368070384927,0.006486861122194542,1.2682003997191535e-11,1.4560462216067065e-21,0.0039049962661164843,0.006406825703801043,0.018817629339810942,0.2391586709657064,0.14297442068532432,0.17325890836886512,0.10352461390134234,0.12437805184641063,0.022933495200209743,0.02240987095324909,0.01126252417195001,1.2791408981462416e-23,0.0035923232745458267,0.023912995966937526,0.006550191389492923,0.0038186713858008553,0.005289562752860755,7.094069066461557e-27,7.814814416998419e-19,0.00022821011318987445,3.428456807797304e-28,0.010211601423381452,2.3659884492708303e-22,3.721394353888774e-47,4.5934158809139606e-17,1.8444020105931644e-5,8.69480849172948e-20,0.008418988013125371,2.678336880169049e-27,7.8084746961356425e-25,0.00569680182527528,0.006097067387893382,1.5236094424949792e-6,0.004343984993483551,5.892617755923025e-51,2.1769184142117055e-42,2.6319017662561367e-45,2.1122565332462742e-15,7.556511364207241e-17,6.155844074621714e-41,0.007517298360773766,0.0035375757818893044,0.00489234435128039,2.435412388163121e-66,3.7655004233326814e-50,2.453968985974052e-25,4.008500083542571e-51,1.968530770490957e-51,0.0034557260020169583,6.07887837339709e-22,9.964707393672106e-68,4.9481457817324806e-45,8.225435459758704e-39,9.417073581871662e-71,9.407971803681794e-55,3.7408724609877464e-86,1.8581380027590737e-20,1.285936792422551e-50,8.234959947469325e-58,1.4043778938216044e-44,7.555319642961855e-71,6.704584660086873e-103,8.571622183437518e-42
1.9052302462620065e-221,2.7009421260813897e-112,1.0124602166522978e-129,5.202342578553744e-108,3.093085429009356e-110,7.257091736998079e-104,1.592790503702637e-72,2.193711708079432e-57,9.042083793470063e-45,7.13436749292864e-72,2.1295555235488496e-26,0.005667127239989129,0.015328223559705374,0.0033256881599934636,2.010861331827181e-37,1.0640390396264948e-12,0.0035582735957149537,0.0033888853541028043,2.375534923372974e-30,5.695184276654959e-28,0.002872431363128474,4.25100920415455e-50,2.596419038109664e-87,3.3621566602235017e-21,7.104391141200379e-63,1.1462807170333917e-69,3.4064135938916102e-34,0.016530434736274933,1.096630705973334e-47,8.017586584865726e-27,4.669904870105541e-19,7.41683713783499e-33,0.018786188731724662,0.0040649872550124234,1.0121721910032431e-44,2.2534710295047557e-14,1.0121476390657792e-11,0.011795573391355675,1.4507128646991217e-27,0.11832336081980374,0.02477335339683504,0.146036630555358,0.06189718965962432,4.2959904578060004e-14,1.1160749546943456e-29,0.004809067758293734,0.049078046129243894,3.90773908292852e-14,0.01572006021541542,0.03402579468005099,9.967880362213501e-6,1.5917682401672308e-16,0.07344323975181122,6.465502258160896e-20,0.009833389653078641,0.006149575142779493,7.995303414688607e-40,0.029323330411199982,8.20821553346897e-42,0.008634492321427682,0.017825532994118716,4.949024273342219e-44,0.05990874607082595,0.011623729041460343,2.258982572352567e-10,0.03479308352168895,0.0065058093506813845,0.020424860196780047,0.002700409178184798,0.02692025336283999,2.0426418624343756e-39,4.33497999200074e-8,2.37814588762205e-10,7.693103313593111e-15,8.404754869203973e-21,0.018654436216869495,0.035540483202844926,9.324897049801188e-30,1.2202770713994825e-28,3.816169158169976e-5,2.1445047934469296e-18,2.5155104875578183e-16,2.1034312344638498e-5,2.1293491004987335e-34,9.808142938775008e-34,5.24833961693079e-32,0.011961307476851613,0.010222993905569609,1.6978097754163316e-42,6.941006333218417e-27,0.02189624431992928,1.9389663978912526e-41,0.007690257720386878,0.03632712003593316,8.79224951896985e-47,6.068640456728112e-17,0.00957018181400486,6.451577025180754e-15,8.291510444095481e-65,1.4943120602156194e-71
0.0,4.924660411754812e-308,3.1476731784596447e-261,2.89077016052824e-245,2.2933790030970895e-194,9.78988614333732e-107,4.540896336651136e-180,2.7773050516827714e-132,3.8538494838938285e-126,9.596875354969457e-79,1.3850234554504702e-81,1.043741240508432e-27,2.2942472181097977e-50,2.3958415033280605e-95,5.1948006407296086e-54,5.065289639784559e-92,1.0002088258984492e-142,9.678240452572843e-66,7.453426488335007e-102,3.786080437148475e-97,6.1206707260090546e-61,2.616578941295662e-97,8.232587967914042e-93,6.412439961356062e-58,7.796813878219131e-75,1.882458399342277e-141,1.256259197456388e-85,0.0050429062217245265,5.4341596675647884e-76,2.677051067759692e-84,1.2419728447931203e-65,7.10380406629565e-49,3.0774216430897594e-31,0.005099289410451383,1.1421834967941586e-57,6.18838942551386e-97,3.1116927313353174e-7,1.52327450592589e-63,9.163214999728253e-21,2.4834223433715332e-29,7.265715730928049e-12,4.507513812158604e-47,1.6687916458707312e-47,8.693197978028802e-24,9.653386460059967e-6,0.01874006295882006,0.004156931237034083,0.007261923449543149,7.300989000801216e-37,3.3667694575102766e-55,0.005531462434287983,0.01005924685919559,5.297387762677899e-28,1.8902538468334778e-36,5.53650700772886e-38,1.6213317176722013e-57,7.316157972192889e-43,2.8575484869670713e-21,0.02774701094661058,3.886346910481185e-16,3.0900007070319357e-31,1.4202292317690752e-17,0.006557623517415986,0.02303858264715541,0.024738010841402345,8.100523446621901e-8,7.105528429175438e-5,9.387006999988892e-28,0.04337424724684974,0.03990241367488438,0.06819782946904683,0.03211391652250876,0.09554715577742119,2.294817414899026e-10,7.322509780321469e-16,3.307024323795013e-16,1.7769344980660907e-8,2.8708229074199804e-33,0.03403468044871808,4.426829513218939e-23,0.008203906691649802,1.1501063323522622e-13,0.003927531185349628,0.0002780078208347979,1.9720234895226056e-14,4.3785561225721417e-13,0.01042465299616575,0.03666705212518789,0.13712392830455877,0.12000522460951416,7.688360812108983e-25,0.186544867495815,0.009244489224629402,7.439081561495326e-13,2.0544749272501683e-21,0.003572442843585475,5.328895976081511e-28,0.031618243879718455,0.0011652403072508802,9.058585447968968e-59
1.007511619954976e-262,2.986994012654123e-230,1.7279756214750917e-271,0.0038001031475389394,3.148840642174121e-155,4.924278436720735e-189,4.5530437929154685e-45,4.0372132351704634e-101,2.1419829092126678e-156,2.489671593669909e-87,8.006697524009256e-120,0.013773820386405757,1.8776782324232023e-6,2.4092874209057407e-36,1.0754878340119452e-154,3.6944609101420404e-125,1.4544171559036545e-48,8.812857737758644e-49,6.939064178563272e-21,1.9820339758420386e-72,2.845770440088595e-79,9.206519373834438e-47,1.7290600218918618e-46,1.2823161044501975e-32,5.874519477867795e-62,3.012204412482652e-70,4.94283822246132e-61,0.006839815497257551,3.623766022337469e-45,4.345796409846629e-61,0.015937789832677664,0.09077153323222441,0.14040659817676068,0.07609490602766972,0.05616107032229183,1.2457850970896995e-52,0.032720146272875616,0.02870491961584947,0.03684597719937973,0.030169307609428698,0.03604785662039291,2.8016612090000474e-60,0.06273667790560512,0.0170091235209503,0.040794769777311675,0.041711472283418774,0.044761538530887705,0.0478086191971553,0.00870105810363831,0.06316826125026663,0.03086235667322368,0.01437351314262907,9.177332665389849e-11,0.019095095010304652,3.057021764982076e-44,5.0065146730208844e-27,7.214689511841113e-28,2.452822415943846e-5,0.010308282257807604,2.2077580565275946e-17,9.461429054923177e-63,2.5063985228347956e-41,0.017200639364099286,0.005750807808984206,2.028501442924468e-19,9.84484307300135e-67,2.40902465640507e-52,1.0117636157145857e-41,4.3551964687941535e-44,0.007417535238799555,3.608036493457132e-76,1.3021446997110357e-41,1.8129347914326375e-57,2.146776650575801e-65,3.1890553910473377e-83,8.446259287822494e-67,1.714792460351733e-125,5.839925223742922e-94,6.316655684719554e-57,9.132828359954526e-62,7.77264195901391e-29,1.8838029071630604e-104,7.482088711761196e-96,4.4496512560050627e-35,1.2965112667721745e-152,1.4272618410325908e-112,1.9161419861516316e-51,2.068667768494849e-169,4.8266078284081246e-86,2.0847959166919906e-43,2.437946910442253e-115,1.631206429108325e-70,1.9613534083752388e-118,8.176888439811514e-101,1.2522709230467962e-112,1.710083973091811e-158,2.517781260558895e-86,7.336174226417143e-160,1.5172545305344124e-191,1.7183615323753678e-160
3.1705114794e-312,1.9590763623926742e-173,4.4454386834564885e-174,2.286905305495195e-102,5.0291867746566245e-118,0.005889396198367977,1.5001703916441764e-133,8.421221046103865e-59,1.09681659351295e-43,1.1062982883778163e-43,5.7021379537902774e-36,7.609559080647303e-21,6.101578808172478e-14,1.482579566470015e-58,0.006462989372847608,4.1257190827405925e-95,1.4713860158747488e-71,0.011351705317495917,4.188621167610668e-39,1.8758489043552015e-28,1.3631613190697937e-38,1.2337232737755288e-28,1.544621356942832e-73,1.2457366447522883e-100,6.01131763426252e-48,1.8997229208475962e-44,0.012753953972646462,1.9067616917796598e-54,2.8245650538560563e-25,6.2109037715051244e-46,2.4150141271206224e-29,4.0279934212324506e-28,7.494544224956159e-5,0.007860083763065106,0.08662370669584549,4.946406034649563e-12,1.4101719371369668e-12,2.2942131241016918e-29,0.047149756942491516,0.004323263226209984,1.2831780833470128e-57,0.0421869250139014,2.3236191456743043e-39,0.11086345055777672,0.015752673231150805,3.224500028928134e-30,9.548777859431162e-24,6.060670943841569e-9,2.3013118816900242e-5,7.576928872059286e-24,0.053090431669843084,0.01190865391415494,1.0521094275385937e-23,1.7491653117964567e-13,0.005825667878826651,0.11963924796319353,2.0807643833064294e-19,1.806432050626451e-23,2.274245339684946e-44,0.01719003101004037,0.03826061245344458,1.407799314917189e-35,1.0281056478003906e-18,7.909496340348157e-20,0.01186744493114821,1.1799552586142598e-5,3.819177253114549e-16,2.4214784987253194e-11,0.00027409584536905066,3.391750262771723e-16,8.525740217749616e-10,0.018394875167118116,9.995159713837438e-12,0.07265221560477426,5.930112632454196e-33,1.953912177564289e-13,0.05210945577071651,2.7655321963350634e-20,1.2777908840863608e-12,2.8320135130004786e-17,0.0382555455660847,0.0320323387313055,8.390880937585064e-6,0.024048565465047963,1.7382516829151915e-14,0.00740264446336204,0.07428811012437139,1.8022096874623012e-8,2.4921175799981677e-12,8.334463261747667e-18,5.724463793426439e-19,0.0262256370152434,1.6710545332322457e-16,7.603825482805494e-27,0.0316260946604963,5.9948822711385895e-15,1.3542377993300266e-37,0.01357225349893631,3.3368156558498177e-35,6.924975240368681e-37
7.737748301169863e-263,2.553491002341481e-196,7.121333980595952e-177,5.804874100074898e-94,5.359777646575526e-48,2.052813513375804e-94,5.18552233405499e-131,1.3671948610209313e-80,5.902931207550743e-80,4.2171476913388694e-26,9.090431575669004e-40,3.054725169713215e-61,5.580542123422741e-64,1.094694471513159e-64,4.776643052046668e-62,2.5678937114121394e-49,5.938831421560422e-27,1.3892903838626634e-16,1.4685416253335024e-81,5.690352162688292e-55,1.0389934421325785e-54,6.4855899706358374e-15,1.8916611401523184e-69,3.417777339490305e-27,9.666174224023657e-55,1.2304318085783451e-26,1.221346672934002e-57,4.187323051112568e-12,0.07803041205490756,0.5830617809918794,0.15715163866242793,1.3662416955505588e-10,9.238179807012708e-15,0.0687882600995443,0.02332190655106332,0.007609253595384187,0.004704349915830433,0.00942632210216971,0.00945314231352972,3.3723959152768764e-48,0.0028027020179437596,1.5655074120876656e-10,5.878787476351734e-19,0.008089190880584912,0.016945177977752388,1.5419535545161417e-66,0.006492406507982832,0.006058793425223617,1.9723808110632476e-18,1.8518034302221668e-32,1.3189077523975488e-75,0.0023628271567174212,9.720479774924248e-47,3.2736023758771645e-113,2.7613132497984162e-108,4.674861584873002e-98,6.125179568352913e-10,0.00113802304028677,3.140312806227585e-55,0.0024209251547432065,6.731440586516247e-111,5.231469828715079e-81,7.340997333474913e-81,1.9809932797085012e-101,3.6123949150667396e-98,1.169378149471428e-72,3.855884131203265e-106,2.183847188225698e-106,9.69362813873905e-139,3.8784003308968144e-100,4.5887884653182267e-26,0.002046191419490802,3.665664888759696e-102,3.7416414233448396e-131,6.3122600887777265e-109,6.913464917813701e-97,3.363438280249936e-60,9.113177363820329e-54,1.4514290880164772e-58,1.280938318992642e-91,8.433076036741428e-88,1.4752908881767015e-67,3.956711437551414e-40,1.09004494229327e-98,0.00290012318766458,0.0023830133418836583,2.651948824345182e-82,2.7716630974230058e-74,6.783887734456379e-137,4.480944760797242e-126,3.545541121677326e-86,8.53822907694165e-106,1.6270333491030797e-152,5.208419708530176e-143,3.3444420651246867e-75,1.222283991905587e-97,1.0392995873756045e-140,0.004813558693093407,1.7273722239539085e-76,1.4999919420197153e-192
7.615005106660936e-212,2.1743398534593837e-132,8.775014925131911e-174,1.1744423483039169e-146,2.4567409833476828e-101,1.963897621915492e-68,1.1916340363145797e-61,4.028374166384537e-78,1.1284687254788627e-69,5.530875329595466e-41,1.312778165692534e-52,2.145914684281653e-68,7.748197225898562e-90,1.313663537695858e-31,1.0085702951152647e-76,2.0495592642390853e-56,2.5020735541654336e-93,0.02344422174950351,0.013279772576562652,5.422020054550898e-88,7.560463708023226e-38,0.06295204483328663,6.92852582220838e-40,5.751097420364632e-66,9.02462326092281e-44,0.5510404148030613,0.10132379225340085,2.4069791726812703e-36,0.01820274580105122,0.09071727426928439,1.2936702058166118e-48,0.10277456705678666,1.3989998085775066e-59,0.0027979642290165575,1.3718218815418107e-49,5.090839197372967e-34,1.4908671113483637e-18,2.4019997874579812e-63,0.023968483834551305,1.9611868875425273e-75,1.6239088992934462e-44,9.556813707610722e-92,6.120300074364989e-48,0.009498718593494713,1.5738204957740057e-23,7.203204629817201e-62,1.0176727540175797e-73,6.553126386027048e-37,2.0016514094736548e-55,1.908685657379821e-71,4.994688275390956e-50,9.200411694206382e-54,1.7287512696992967e-85,6.872886860949551e-105,6.086431289046051e-65,2.12945673908137e-81,6.421154992211346e-105,1.1499276576878224e-144,1.70559410097066e-80,5.480693295462545e-84,1.0806471493245227e-58,3.1594418048975826e-84,8.716215868231683e-55,5.367859517615659e-48,1.846921785493731e-109,7.039954552198345e-71,9.52167116567033e-136,2.84787970703559e-113,1.49081699971432e-122,8.916682794689885e-102,3.976204171604775e-38,4.109936525752926e-78,8.247137700009188e-130,6.179776166599372e-107,7.723682874558997e-78,4.601830297603936e-120,7.277414709941226e-130,1.4923382256242729e-40,3.004085242269825e-94,3.63885719752523e-103,1.4484063957984018e-57,5.679456127275004e-76,1.355036663499133e-93,5.388483499304013e-104,2.1084571001519336e-77,2.1382927960109874e-92,2.370875322864533e-75,6.177080616009563e-73,1.453518680715581e-110,7.941744943062981e-95,2.3320932929874235e-61,2.8472498211245584e-96,2.4062838188848807e-86,5.8744935892326e-132,1.0627744377299032e-59,5.402257005938672e-103,8.429250329489038e-149,5.216237844966696e-135,4.973964761502594e-92,1.0625594392133748e-241
0.0,0.0,4.39638620531144e-271,1.676387229516713e-206,5.430291803225709e-238,7.906355648941389e-67,2.0309210184501103e-242,1.5469237564214627e-75,3.02546259325819e-81,1.4675220657420876e-138,2.0051046875834204e-106,1.0173681149761307e-49,4.1701989741304294e-38,1.0849200514422929e-75,2.595643277329499e-163,5.323802790287316e-87,4.47189496671679e-102,4.069011487288342e-114,2.9378712596891544e-108,3.2964361122579976e-89,3.2490697024174335e-80,6.782474691899492e-56,2.554104593287544e-115,8.084888376634897e-138,1.0110941021591295e-134,2.2882927629529586e-143,1.735791499926953e-67,5.279978180470873e-64,3.5260009290740053e-53,2.0684252440375372e-93,5.637411157136727e-41,1.3993094358949344e-83,2.0132132414959803e-13,7.25136392049492e-68,2.775008038886109e-50,1.5441734266094134e-59,1.0636648661647066e-43,2.4728908805635218e-45,4.400112986444198e-47,1.1870893900925682e-20,1.9517701062865603e-42,1.8829227661704192e-8,2.4928949204399483e-19,8.199510555100203e-25,6.3177068273461625e-18,3.4999718717802483e-7,0.0038806976140008157,1.1240474393230797e-22,2.5965450038633336e-7,1.0007275348907466e-25,0.02108900058736973,6.99322770656289e-12,1.8081959414526203e-7,0.0027779353740600733,8.689462855570457e-38,3.1184520936600485e-41,0.007187568579136632,1.503303135905816e-12,1.5077265952368287e-11,6.121003542797629e-34,5.143123546077112e-14,9.839048319207745e-15,7.778171636805243e-14,3.230932816979391e-17,0.06461613542120809,0.347106055377698,0.00019319852971468033,3.927409295093966e-5,0.35593200784300116,5.287163540367872e-5,0.0004373545493347793,0.0433783766883775,0.019976122769686588,0.0013886742610284737,0.041932084652480675,0.052693606065639595,0.002346847055317204,2.0580888123052032e-5,1.1959988729378273e-12,4.890190026568908e-19,8.950195578106439e-13,6.113619609667719e-26,0.007800412943674906,5.523294494785201e-21,0.015069649896744265,0.005591711952236337,0.00015355224753281689,5.863712051938662e-11,1.4553001482621132e-15,5.350596497769412e-27,1.883352818088787e-25,2.212586641395889e-12,6.105409953284061e-22,1.8810497264562505e-5,3.168837738658187e-25,1.030766840824252e-15,0.0063166610906487414,1.8377268845193616e-23,1.3819885841686812e-50,3.8322319063696466e-61
0.0,0.0,3.619919756507922e-233,1.830566446398047e-265,1.3104890236281106e-298,2.0250889660587793e-175,2.5513072239308032e-163,9.759496601039511e-154,1.2946034348357332e-175,1.3371642098436364e-130,7.229993419561027e-79,9.156356213308983e-60,1.11605140193402e-114,2.5209519148301745e-95,1.112989512887975e-45,7.17875965801267e-74,4.906489254988888e-113,3.682205839762131e-131,4.906599208208513e-78,4.49303089557074e-130,8.517359863610341e-33,1.547811803277276e-124,8.393598757519099e-140,2.0876821322377543e-94,7.428839157177921e-149,0.018712008157806024,8.609925676928699e-95,5.700488217455053e-41,0.0023475240107447178,2.0027251931004488e-78,6.664871950100272e-14,3.050506624230094e-78,1.456760036023606e-56,0.007378382761269241,0.02091865323128396,1.888373755712401e-75,0.01432743476677971,0.019988978716484,8.720441685693483e-38,0.004560668077472817,3.5036327534507226e-70,9.041368712505809e-54,1.6426228520931806e-21,7.247798826440613e-80,0.0072365244841811095,6.895293206599123e-25,9.669887858898798e-13,1.0945323937102677e-54,9.879304010539576e-62,0.6402352401854897,0.011569982310806253,0.05358548018722333,0.052704899558587065,7.180526733494768e-8,9.006971506256357e-79,1.6649648150139905e-52,4.655586526153156e-61,4.506235781283107e-20,0.01136884273448551,3.231430783889931e-72,5.028676360679841e-66,2.596531725176623e-31,2.783648639225617e-62,1.7336353885362676e-49,0.06769759730341728,0.019634442557894843,1.0262935114261778e-18,0.01605076495866194,1.9094348868776524e-84,9.691250748177535e-44,0.009708521759364165,9.959220346286588e-83,4.3859182941864296e-49,0.00841888261591915,8.30418031420845e-40,6.036426762288263e-90,2.806422788269533e-57,0.00740821158230594,3.788334902118568e-76,7.857095475031608e-56,1.880402276261141e-35,2.3070474781471156e-21,2.197194339466385e-89,5.996440270141476e-93,5.519032043347984e-100,8.090466548619707e-81,3.2347955452555385e-96,1.009994003641017e-81,6.036377058136462e-80,1.0422140068341717e-108,0.0061468882335220364,2.594919908299976e-97,1.4256169906615706e-113,5.288186161697381e-95,5.0203534271722174e-120,2.9468102251420776e-92,2.647127731139546e-16,9.54278834743851e-160,1.6643735063124283e-153,6.778413680665496e-137
8.639324597715113e-225,1.737152935778169e-180,3.228884495302262e-63,4.054275967890692e-90,2.8161606608871414e-140,5.777671743739361e-98,0.001369441544100017,5.727543195823064e-16,5.73993348148231e-93,1.4057823367021633e-108,7.072663916974597e-92,2.590116925449825e-34,3.7959320973072046e-30,4.232764616783216e-56,1.6930857540046883e-64,2.1454362289664107e-64,1.482598472819419e-66,0.10741557073494111,0.6013241206032628,0.21189461312335856,0.00015629908038578816,8.88442063880551e-19,1.0591608929481417e-31,3.6211864503359405e-21,1.2102382841582989e-27,4.630405875096814e-18,0.005379749225630253,0.007722035443854311,3.1809063415613414e-10,0.001700477725484431,0.0038692332200601083,1.1168498795709768e-13,3.5837203216881067e-31,7.796514699398702e-16,4.595075762833744e-41,0.0031714974372587796,0.0012730699002393225,7.788414840111697e-51,0.005360225984663682,0.0050380155847929275,4.795495265556263e-23,0.005205522468166637,0.007753710673581736,0.019454966592412956,0.003546522792150079,0.0047274392628695195,0.00011391998135590973,5.254266184928129e-69,3.4683668985258805e-32,1.8025884995303287e-66,2.770181837870084e-124,6.497489149377285e-104,3.2803002118946344e-106,1.6357441439312877e-70,0.0035225260601985837,1.042243026138666e-6,3.1648358208786877e-134,2.7602710162640595e-106,3.659827636333894e-154,2.744893459274288e-84,1.0791663538787564e-59,2.2678124717088114e-129,2.880226900230305e-15,1.0224378258391859e-109,4.195939181762843e-157,5.91366448384155e-149,1.661762916305955e-76,5.015354079588823e-118,2.565924495659543e-110,9.916003750583591e-126,3.942711667463164e-133,6.562865766660605e-120,5.0435443250177626e-117,3.916934591507102e-157,4.8456440843845686e-73,2.422231253381164e-172,3.2235917169844465e-185,6.847792215517372e-78,1.1767047371877645e-59,2.0741843984825708e-159,6.6635508486227274e-180,4.412709487329605e-78,3.3451262974490808e-93,7.97066024942282e-100,1.4263913976087664e-152,6.357906695143838e-163,8.475482362740291e-145,2.6552278697950134e-180,4.32471032335972e-161,4.526429510355267e-99,5.596794654562145e-26,6.805444955287584e-127,8.934629913755457e-83,3.414382237324953e-147,4.789298099721784e-177,2.0187375924458725e-88,2.2082017272805103e-176,6.739200880132355e-196,2.636490143027645e-236,4.1541423731285615e-238
0.0,3.424450446112114e-280,0.0,2.3373964960030764e-170,1.5341612164110304e-196,0.004856426112432206,8.17761141040215e-134,3.095869489438309e-84,8.600907109433866e-162,8.77570777445024e-41,4.459185312712241e-165,3.2349877381436214e-91,3.994730255363822e-111,8.129893595534666e-128,8.411736812952124e-73,1.5383873124059874e-62,2.3023999958314423e-82,2.4988005450056587e-141,1.1596654079049066e-108,2.1531661575451143e-35,7.806234492243002e-136,2.436164733337371e-63,1.3150549262661624e-27,1.7576698684530273e-114,8.783761714821292e-39,4.714761410574337e-49,1.4943221314942863e-59,2.7576545044978413e-30,1.5099911125282543e-54,1.462394078054088e-71,9.154766727835196e-6,1.0998596554567056e-26,4.93518084154301e-46,3.100137642506859e-21,3.76144041250618e-30,0.05808017516910497,0.024057405023599647,0.06815607744690602,1.5938739181474938e-31,1.0680254397665083e-13,2.595696843686036e-13,0.010760704547947766,0.01157455577902858,2.644349950637208e-36,0.03817702334843805,1.6598475500831334e-62,0.00017687600154450616,0.04570449292998605,8.352004963519262e-5,2.0079681281438543e-43,2.363616099012062e-19,5.091357251970012e-18,2.3206179661277243e-31,2.0656343272405128e-83,3.8347511468081467e-38,5.603718788162485e-16,2.8969672438778404e-41,4.444515800133609e-68,0.011985926982466416,0.02946245521957515,2.0791730763468206e-22,9.006979360658789e-19,0.3060552579014394,0.21758356341785295,0.09314941124031059,1.5442525324302999e-46,1.227462157213314e-40,4.4250079440975275e-52,7.66136179821739e-63,1.3506840721842991e-70,0.016228032584959442,2.599725444548898e-7,0.031190625626485877,1.6043771684269836e-40,1.9442845288734878e-22,6.090582001609391e-72,1.309201708789264e-56,6.978192596373113e-74,1.3218755666337764e-99,9.786379434049521e-113,7.506828969114962e-74,0.016046797024685904,2.335474729447596e-51,8.82236021691535e-64,6.9363654739081735e-34,3.6143733991476315e-60,2.0267792517405823e-83,3.9264835844736964e-32,1.018893101855004e-74,0.01171708792915002,3.195494891741343e-21,7.143855569406227e-54,3.2022530900879823e-51,4.6181531472101834e-45,5.082204284912347e-86,0.0049441709248121855,1.2093521791010648e-63,4.117675950943409e-41,4.6129669416596254e-144,4.86733204256083e-151
0.0,2.291514175717024e-234,2.1529546868242826e-257,4.36367665105774e-191,2.8568956726496186e-126,0.005323995236973143,2.5047627528249143e-136,9.284297560165327e-66,3.993989482016884e-117,5.5943466845354607e-73,1.4522624119761667e-56,5.10386330170364e-113,5.4915528492928045e-104,1.4428103239951106e-83,4.915828971492596e-134,9.97621813147377e-144,0.021422532345332992,5.737723006766371e-112,9.740095611812015e-70,3.792666543390825e-70,7.45710266735799e-57,1.0433536593170225e-48,2.1045598343296698e-20,0.04935142294044215,0.02244586764101552,1.658523291693825e-26,0.011904317631966001,0.038344613513544845,0.002144935304826802,7.305912649807495e-37,0.016528197297323813,0.020933938718513984,0.006297926789385223,1.7008738857142765e-44,0.05381713715892448,0.023773686867443522,0.040151566831999545,9.561428836043806e-47,0.03637742758509574,7.396431591856285e-19,0.03532960825540991,0.03035643855976133,0.05667953371096293,0.028390263571017524,0.0975846195236806,0.039900867557514576,0.041257885849722065,0.04981160609192181,4.999102538971721e-12,6.403511438225648e-17,0.05649212955832885,0.013359609673822905,0.013059205171338803,4.0940803049508e-94,0.006506412901840116,0.008571458401491639,0.007360562952257992,0.0116081987532746,4.722042829460157e-93,0.04302866752330029,2.0890937616038192e-31,2.305064961113934e-43,1.7980668880528684e-35,4.729279250671896e-43,4.350470041555179e-11,3.9626142767665462e-106,5.448668180109498e-93,2.294201530795593e-86,4.944631327923826e-36,1.0126567369621927e-116,0.004464702252580935,2.2194303976363417e-55,1.6583165618504033e-46,0.010822628674935485,9.020688562361051e-70,8.817718965284894e-60,9.199138843023588e-91,1.4002900243382646e-19,4.0621332345631074e-56,3.922688012651739e-127,0.005383128743182762,2.9502005457542812e-127,3.825462753474017e-33,1.0536097248291703e-148,0.013963634959576874,1.6039011966362752e-69,0.022790788100545738,0.016466836171743597,1.8329332715255803e-59,0.011046073396507778,9.742207915436251e-104,0.020473432142192417,5.67291547227699e-45,3.2463693935482643e-84,1.8184611905334482e-82,1.3161209129054307e-9,3.791578273460541e-20,0.0064741402756758985,2.4241209346870365e-39,8.992049195939636e-165
0.0,4.585527566365049e-255,1.540737345376359e-179,2.6301972673131955e-195,3.2012521213317093e-169,5.465449735965992e-21,1.4213328192704004e-146,3.425852237732992e-71,3.461263463654936e-78,1.4249407951299734e-46,5.080203420949892e-56,1.9218839627064946e-71,5.623913446116709e-27,2.2752938996580705e-73,8.751007784190207e-96,1.3401023549292066e-78,2.0768336774817257e-85,2.4259811592412885e-55,3.04908935608839e-48,6.914945434893579e-28,8.294055062450696e-73,1.172296410723394e-24,7.341382502014878e-83,4.89618388565462e-6,1.5401753294890708e-91,2.8723781710841605e-115,0.02429389119713122,6.56582165562326e-30,9.94033168193885e-45,8.720065952798244e-84,1.020080200144217e-17,0.005062981565239235,2.74725508191361e-24,4.07989111606191e-30,6.402104971131623e-40,1.3040960223116696e-32,1.4876042375757528e-21,4.3224537002720796e-57,4.2362117115185883e-47,3.004426461442712e-13,1.1763744727575492e-14,1.9962143901537318e-17,9.857212305818542e-26,1.1031760123588277e-18,0.00841320213700613,1.0975060839713178e-32,4.587380496525585e-9,8.22894782970487e-19,6.428542486463947e-17,0.005249547604191001,0.026573185669607608,2.1315183875442074e-20,1.0287159709348512e-32,8.666362175632757e-37,1.4747799947500528e-16,1.211132421796516e-37,1.473852608221943e-14,3.115211546400403e-14,9.618964912968167e-6,2.6942495749519508e-14,3.952767893611588e-14,1.4125896322717128e-11,1.4829672507434573e-14,7.084283411861132e-20,5.695895506833573e-7,3.3145250728485637e-18,7.497615754996343e-5,0.05893473675223515,7.486194289803583e-19,1.0617738993102054e-10,2.1859655946233888e-18,0.013157730191458298,1.1030050577330946e-5,2.0239776386179607e-7,0.0243979259382916,0.06375657632058673,5.970504739085438e-19,3.1234153049468024e-9,0.07903557864299475,0.17643955213337092,0.06808808975510383,0.16797391050213606,9.379290809073853e-14,0.07022312223168832,6.942154810815481e-11,0.14627203262275898,0.0273736867873981,7.304136560978096e-23,1.347213122181134e-16,0.03386734363762564,2.975946331890826e-17,2.01198281919479e-6,2.1507488681932927e-8,1.2249560043354941e-13,1.2547354428438805e-12,0.0007835715722413741,1.955257924584989e-12,2.5839014408508524e-31,1.571336031743816e-19,3.970580870126518e-21
8.131963872060146e-74,0.0008741368913016007,0.0016345112510190384,0.02087226247780473,0.007689844557028837,0.042774685059454476,0.08027231232484042,0.12034332228080331,0.09591179293452662,0.09416300260310999,0.08026522435016281,0.06400102344732926,0.12471960874309405,0.10290338275221315,0.024887471211131818,0.02343456458852321,0.013976107873644214,0.012740410566370498,0.015376522689551888,0.009715925086548654,0.008346141037793539,0.0034105687940995943,0.00845112595635051,3.0537876716596426e-25,0.0040104049894360855,9.279346304429547e-11,7.514854100854009e-58,0.005828754494606028,2.9403796345596347e-13,0.008181254829725381,2.0407904730877104e-13,1.2458235333159945e-19,1.175684604006966e-28,2.307179840755792e-25,8.311836373747991e-17,5.727546116030937e-25,1.445788565311722e-7,1.1717315810187668e-5,1.520821642755413e-5,5.563128024581981e-40,2.5114951403540308e-40,6.04067233448481e-56,1.5029549300639023e-7,2.1054840364991287e-17,5.499994701017275e-10,6.630314641483949e-55,9.964232626705083e-34,2.9442707488358963e-33,0.0002766000412575512,0.0003171833170569721,7.348322403286167e-6,8.524124584421527e-82,0.0009402168220777661,1.1400452955084866e-67,1.3433462809502034e-53,0.002968522254919276,2.231693168848601e-99,2.5409402807738653e-95,7.755139515091606e-40,1.9787899272430528e-35,8.176526620868466e-96,0.0037895953418195243,5.929003295277879e-39,0.0017445468188255241,4.7832351052921235e-53,7.030822168536565e-8,0.0017291242374628478,4.513607992432021e-49,4.2384962701308436e-57,0.003255625941701214,2.164826806373714e-83,2.696103535766878e-88,6.921119747389947e-30,1.5332429577286455e-61,7.904356562931839e-105,0.002588880251849201,1.0067426787013076e-82,1.2897332348145749e-27,4.583459941970667e-60,2.202343045284866e-62,3.646869615342816e-60,1.6977186604936398e-78,2.5789475453535654e-58,8.649333347022121e-74,7.827899922249123e-119,1.818540170983048e-86,2.6296378567563554e-71,1.0744223757844596e-61,1.598161243719311e-57,9.258739210834979e-89,0.005372733406058264,1.3378847069403836e-64,7.820096190795555e-131,4.759763235846464e-66,9.072724519264656e-40,0.0021979700959988326,3.207223269877359e-37,1.4338302469005875e-85,3.583960846113257e-122,2.2209827478115383e-168
0.0,0.0,2.760946493564103e-259,1.3269992824503114e-213,1.969706402920854e-209,7.570212611920882e-81,1.2926858009596297e-157,6.119044880406624e-178,6.181665382982564e-128,1.3558994515953858e-138,0.002189234832896674,5.638031415205538e-110,1.2687237668398158e-57,2.8920257010245113e-103,9.505265343087925e-135,2.273532889529837e-89,5.333412220535322e-90,4.796147453692449e-18,1.0503926334622077e-118,0.0021803263571187996,1.2235794974229322e-85,1.011796743768605e-121,1.4753047504216268e-114,4.7798400402808983e-119,1.2329644015711055e-166,2.4019940176561507e-143,9.126206456613469e-99,5.993876304477957e-74,7.512589409438471e-63,3.2785472418462665e-105,7.973681608749938e-46,1.4271908250048421e-106,3.7090724230851027e-45,6.90529174485848e-58,2.3603155251925954e-63,2.283042747683565e-55,4.506698394168265e-14,5.5376997070127225e-87,1.6292767301149046e-64,5.763876894530159e-49,2.0017155625335762e-25,2.49535656668771e-25,3.623851608136042e-30,3.1053627863025295e-30,2.1975338622600345e-43,2.140488215850696e-42,2.796696721763958e-31,8.564092611310015e-14,4.8951466444880886e-42,3.5694569656050425e-25,2.098974686131949e-29,2.0964658441445069e-22,3.68096492467197e-42,4.4994950464207256e-18,5.0315825366147797e-51,1.5569885944369682e-65,4.407895376570659e-31,0.012375906196865532,1.7782179662712708e-25,1.1957849289136045e-37,9.765643412933355e-25,1.520892704991141e-18,7.190984276394995e-24,0.022619924152185514,0.0043067599612839685,0.007898641752177762,3.0015785202212936e-10,0.0066669898419495985,0.023462716654673883,7.332860105353566e-17,0.009410539475602503,0.0099285334215755,0.000190126732602085,0.007676900707374494,0.03202948952329885,0.020368148194396925,0.03248780251032205,0.21317544833476673,0.25061511328615294,0.20557155218931664,0.013168468444970454,4.598564134478717e-8,3.315290287378514e-7,0.020902812671422886,0.09400251854141886,0.006400170692236237,2.536224310635584e-9,5.565493914351207e-10,1.861574867901455e-6,3.6622254548783756e-19,1.2650235918437657e-11,3.246405276465825e-7,3.62815982402304e-22,0.002369308389612833,2.3323192874311096e-18,5.750026678145591e-26,4.06970387615755e-42,5.284400686895828e-36,1.1097485783557726e-48,3.1361326179123105e-54
0.07960255849883123,0.31013619753440824,0.31433972094615764,0.24241710249745016,0.015699606774853665,0.011181048779345205,0.005443446554825195,0.004724571050694048,0.0028950129830053605,3.3418029904662884e-11,0.0032024772895401636,1.4396764842303915e-37,5.664316863694422e-18,7.119960514304969e-20,9.66464146716519e-81,1.091232067847135e-87,3.1031968517808085e-146,4.5204413421061044e-128,6.985077767882569e-71,1.9440179658832923e-63,6.710736504948319e-115,3.856489245517615e-172,2.1449374658325506e-111,1.785155851308606e-70,3.576555511982299e-151,3.2873178907787665e-157,1.0260238764233376e-68,4.013250143164448e-141,5.5572541953503186e-123,2.491821449645858e-50,1.0740849748413198e-10,7.30037127244343e-126,1.5425054005054145e-204,0.0010738352548695063,0.0022030527742068515,6.603353730581667e-146,1.6360632366024317e-171,0.0010952772041521602,7.300963159568148e-112,2.410150083192705e-192,3.451056043690508e-173,7.541517757507307e-110,2.4594490394756447e-93,0.0016531596432280847,4.958649812362179e-151,2.3650434190383787e-159,0.0011307048107760025,1.5810908157425248e-124,0.0009875064369015967,3.607041406813156e-201,2.583840177572523e-212,3.40819962247448e-216,3.7027397806444115e-38,3.71363776935883e-48,1.747848406801344e-237,6.560292890494199e-120,0.0,0.0,1.6043632353065404e-293,4.618951818323262e-209,2.678708733392965e-192,9.824241113478462e-134,8.593667191951862e-294,2.9352461088181305e-57,3.011932855262899e-205,9.440105895841408e-182,1.1200343050298493e-150,2.2977841952982556e-159,1.7332159702089884e-256,3.438158812494773e-268,1.0577669497208547e-190,1.4792887335480196e-271,7.004041642259956e-16,6.8184558019363745e-214,2.6770647995201304e-85,1.3064915862463018e-168,5.449394046945441e-193,9.455300614026155e-198,1.5263513250386868e-171,6.00437593083618e-41,2.780831545428193e-140,7.367798060871624e-216,0.0011050033721054535,5.5438644446344907e-303,5.6337074156830326e-188,3.097323114406186e-188,2.3831923676375762e-151,3.024860369123013e-276,9.863302104911026e-162,2.758693403751658e-271,7.623712803262629e-172,1.065537968309176e-211,3.827692567653934e-163,6.695082565645436e-269,3.454806967719939e-173,0.001109717453362206,4.601806232780523e-13,2.442599428094789e-202,2.691007e-317,3.9335616658712007e-193
9.067355911133782e-280,1.1035282303644397e-149,3.6810508206112483e-32,5.381112262857294e-182,5.784907448367386e-185,5.882086660298342e-139,4.7039322033045716e-71,1.4984043811572927e-123,3.3043794315380263e-111,2.132442460097207e-34,1.2710530404043045e-151,2.0879368262180958e-67,1.2751959821603059e-110,3.605100869106353e-11,1.4498767849488948e-31,6.494834260498933e-23,9.973768888902198e-50,2.257403661117078e-26,2.505448965407787e-28,0.011166939507993138,0.02098484919818652,2.1895590566803513e-35,0.008478850849024618,0.008938422774197336,7.860067370323581e-51,3.5363860451564583e-75,1.7744646754886535e-18,0.03143700766168673,0.03237137805015163,0.029843581677654572,2.9303410227643296e-13,0.02203118359593624,0.03477982967997768,0.04098841418474472,0.043342028118687245,0.05220283465528236,0.06965185672665403,0.05559390395461167,0.0632671715528952,0.01847413840000524,0.035123293286662555,5.01497676940429e-35,0.05040513307223687,0.05612746852375623,0.016082497861334515,0.05746467530472087,0.04407754835488666,0.022470794765087215,0.03503925240204316,0.017619892987564938,0.05420402263483763,0.016383075924908785,0.017391782823362116,3.172095367728341e-10,0.006865475048201413,7.557909754928908e-30,8.385052175942827e-8,6.539553958887309e-20,0.007293287334752568,1.042894554925893e-31,9.395669670203358e-96,7.261312475929808e-65,3.5607550002285614e-52,1.090914344488349e-48,1.8571748353332265e-62,2.8927471703168185e-61,0.0055178444990269405,6.289857112999032e-36,7.325982246969075e-41,0.009669057611341405,6.407546111997044e-7,4.779172493953166e-62,2.333532248643176e-22,1.5152418964494825e-69,1.6985193381401473e-76,1.0802981342652537e-67,1.5377639546216754e-116,9.780263772592002e-70,2.505501936745635e-118,6.393861018545988e-11,8.558077955862932e-128,2.348015745735026e-37,5.2123133216818e-49,6.8492391379351845e-112,4.8389402113445624e-108,4.528588380917684e-116,4.562360899020242e-131,1.8274634149626592e-185,0.004711781954961975,1.4517132264956102e-122,2.569340631961845e-108,2.7073327253351403e-142,2.806889487122172e-166,9.622368070681436e-124,2.1045173558138457e-73,5.943018161382701e-111,1.352736944155858e-140,1.4054153179430166e-204,7.643811651476137e-136,2.674201762015029e-245
0.0,0.0,5.482885140114549e-243,0.0,3.1916366189218463e-273,1.703534939978759e-100,1.1914530437561392e-249,8.598304132309133e-149,3.959915541109569e-159,3.17002681984974e-199,1.4146997423382602e-73,6.386672199366602e-124,4.2097774129068396e-141,2.745832726820299e-166,1.9961952997969634e-279,3.2301460241950092e-174,5.671805935161816e-137,1.734884921761913e-113,3.8062672031495475e-9,1.0831577573741388e-109,6.65634759425871e-66,5.382493473788127e-53,4.5717446384711027e-178,1.515665522351232e-85,1.6931431703047041e-214,3.4493573025771976e-254,5.736027059866059e-121,8.967468362467065e-172,1.7783700718352853e-153,9.23969481052238e-162,4.788058672289013e-41,1.1674547239989449e-197,3.694178569288924e-12,3.154447681599726e-99,5.943814019466195e-37,4.56055716846275e-40,1.3858375002182776e-91,7.781219803807034e-113,5.885807796091797e-108,8.584458255800522e-41,2.615982505870148e-94,3.7958407070376416e-63,9.591743624307587e-55,7.226855840983614e-59,3.280832281130503e-95,2.0459378824961374e-87,0.001487521166384581,6.510116015558657e-38,1.9058348461775907e-51,8.158240777395528e-71,3.8542778969224405e-27,3.1107345461910656e-34,1.1937173078678613e-29,6.2361478725328025e-25,0.00046230783727262977,9.421092737584388e-106,0.0008770863962020014,0.0008419651659173274,2.669183482929381e-54,4.018945827057694e-82,4.9488875614190934e-37,8.961146065994438e-29,0.0031000354056793028,7.476225997559299e-34,4.512685690449145e-17,0.0019857280326470985,0.0014029273956507082,1.6405036231606826e-9,0.0003660660713418052,5.3267762894837315e-22,3.867405026013962e-26,3.7479349891051853e-13,8.319594771138417e-12,3.357690539824664e-31,1.9035245000056685e-19,3.1811858357333557e-11,0.00497626637970242,0.004902409091904751,0.008828451173745294,0.002262903795863713,0.008798207645445292,0.009687388538430701,0.00047440404867809323,0.00015069174873288664,0.010724859789272958,0.02084502837497611,0.10338468302126932,0.14863212168621484,0.12817731133253457,0.13832569433357397,0.1561920497757402,0.12437281380131511,0.07355568651224059,0.022659720119278325,0.016969561490650986,0.0008657825287013891,0.0016460859891059818,0.003044235860555781,7.73442591051104e-33,2.2502827891832233e-19
1.7191785307290612e-258,1.536275457211504e-203,4.0344290203024534e-224,4.477864912298246e-202,2.2249363415264612e-125,1.1790224154887446e-89,2.395944348994676e-90,7.122503094724484e-67,1.958336508394368e-8,5.985044339325777e-59,4.707144370769883e-52,3.5206423814268886e-50,2.796013437410448e-35,4.603384911043251e-63,1.9716278840501858e-73,0.001745653449910871,5.3977930567967674e-18,2.2300609149511016e-105,3.8358986006058446e-23,3.9482283815614526e-86,3.6209816158304093e-7,9.235741194020124e-8,0.22355814042980202,0.5923983741055407,0.0999369609760907,7.106988395664617e-7,0.003528343385573228,6.179800936666367e-39,8.210399302335283e-52,0.0070431753376917206,0.04653096371689549,2.348807106954538e-41,0.007267022640253236,3.500398886714777e-10,4.0752172182809615e-5,1.224847948842492e-35,1.4575646594009672e-34,2.048047822316172e-87,3.3868441293502634e-45,0.0018271369644892199,0.005873126513784364,5.475692471087525e-75,0.002894946033578899,2.9684649613200103e-18,1.1672765625806017e-10,0.0036561430998644745,3.872712156233696e-35,3.813798571800864e-17,1.0442887640761228e-106,1.8085143227522638e-25,3.3050633592972503e-47,3.148962541977574e-112,4.161330922162187e-161,9.774749461661004e-13,1.5226204457132472e-152,1.773680131736035e-169,1.8477751545039097e-205,4.8474251979712064e-175,2.567326757462857e-219,7.588533777558656e-67,0.0015446237446144725,8.839572578652582e-20,3.5443280476808603e-65,9.535625460048097e-111,1.9143128857786842e-151,8.309846924770685e-164,9.056126451521047e-151,4.4579328191309004e-128,2.513859641150378e-14,4.651085176653798e-180,1.5812089443874338e-107,5.397302528683523e-167,2.1958898164767157e-123,7.126736484966685e-119,2.6359283263360094e-97,2.3438410956396514e-178,3.6493166519106775e-139,1.6104872524318957e-164,5.551825667407049e-32,2.0997652242289656e-150,6.89355855280949e-188,3.699932463026979e-139,3.4200860144216684e-17,1.416498909198519e-161,1.7086334173594875e-138,1.6391082958369236e-115,3.99851693475318e-79,1.121868886085163e-83,1.1455306806283186e-171,2.3234407455284268e-91,0.0021534522241794495,1.135040320112552e-91,8.28471202103353e-101,2.9031259889390906e-211,8.701279304091028e-37,1.089619918349722e-31,3.20751584852596e-110,3.040267652398716e-120,5.4011972518883245e-219,3.839487282649771e-204
3.3575304038337737e-286,7.346628920382527e-74,1.2514439776572866e-267,4.612705359153935e-201,3.079243736000757e-198,1.2970556380170074e-79,7.335897658641463e-84,5.08839005584324e-70,7.096157651848094e-110,1.7274759980937862e-51,1.4555114182569992e-15,3.090456302056679e-54,9.550874573892657e-55,2.5182303782642164e-64,5.309413477671437e-72,2.067547190292392e-88,1.1257752684941535e-33,1.845368897882108e-72,1.928152959185425e-100,1.4207624555635087e-51,1.5087544083931635e-17,2.3379549632486527e-57,6.590659306042896e-68,5.22468903689101e-115,1.7815352572687335e-84,1.5233402526671762e-99,9.155973498811345e-90,1.3003648112364124e-34,6.33618751968638e-54,1.39189126398554e-69,6.198217944321184e-42,1.1062206996951526e-58,1.7213123336634094e-35,9.507922836099416e-31,0.004795864439666882,3.4988178090640314e-34,2.970975494541929e-20,3.4101900215537017e-51,1.670698553085343e-36,2.722265323799422e-36,2.973183772424374e-38,9.41838416686518e-24,7.87812999191084e-10,3.081412091704815e-37,4.703794762254464e-17,0.003618406036172916,1.180149552726676e-12,9.394495103363338e-23,9.357582721833113e-7,4.62431371746348e-17,6.847711993331457e-16,0.005129235288184613,3.287336963522963e-11,6.892897751151624e-19,0.1669891212470388,0.05773218275817611,0.08906063537584459,7.4528892249197e-33,0.058992084903515235,1.0865216008525298e-24,5.223468290924518e-29,0.002931239013908866,0.043728622846759296,0.01944684538984434,2.0158476142630117e-19,1.1667935986342806e-12,0.012807074962864153,5.33400992353927e-12,4.8274637332803026e-29,1.664664734244619e-26,2.545709787749876e-15,0.011985600615263799,0.14295905217603064,2.607787855914157e-32,9.735937651326446e-9,0.06300196627425637,1.397831388814014e-8,4.574349442348031e-23,0.09186261490987734,0.028704428281505733,0.05904880587164293,9.86299005468424e-22,0.02897141732128707,0.021199846158717565,0.03969942235531222,3.443575811171211e-15,0.007765348228847552,0.006324897154856805,5.17561299537224e-13,0.03317034307121949,2.551060741533722e-30,7.398501778848816e-5,1.1624079121667946e-25,1.3666722262153228e-15,9.576191367204513e-36,8.8233007638741e-26,6.110349478156139e-41,3.256407024765513e-50,1.6538193137434747e-76,7.847754112591729e-61
0.0,4.445652263152647e-258,2.888371519103388e-269,4.8744138378368984e-201,3.669474891175446e-186,9.308331369188055e-86,9.213293777754198e-126,5.8450528767626294e-77,1.6488988514106916e-59,1.1116376463959187e-14,1.7428652192651127e-56,1.9010334722695222e-36,1.1256620708291848e-10,2.4173354965747814e-38,3.879939489795986e-92,6.589585705921045e-90,9.949545964091747e-94,9.79362163089086e-70,2.2599041290832182e-95,1.1198481530927065e-53,3.2947674801067947e-78,9.198794469895617e-78,1.4205916250901333e-94,3.934492762914726e-51,3.266637977107664e-53,9.453393919768072e-101,4.969961953115172e-68,1.2458195176690081e-70,3.969554785045625e-49,3.0978073105051356e-81,0.008510180287218878,1.5743252300870904e-37,3.750960951309076e-39,7.2182072521554365e-16,1.3084299746201515e-25,1.0769753303337452e-27,3.4122990954761675e-13,8.99152229048431e-49,0.010872291451456344,4.968616439835392e-33,8.265535651058159e-25,1.820752319383392e-10,3.8641422571287225e-5,5.134169591969556e-22,3.5866378033438746e-5,7.191645575878168e-15,4.4163105187117136e-13,5.374535757918483e-24,1.1862693930239635e-10,7.295655730607436e-5,0.010771471724921588,2.92671534552066e-14,0.2047679838462173,0.07465999460880327,1.0953712124559643e-27,0.010983218968082407,2.6614437152659844e-11,1.4601009430864113e-12,1.912656605738869e-6,0.13309674123615767,0.2671880341573896,7.309950376837897e-23,0.1371571405795548,2.919366532128991e-14,0.008042048334445641,3.038299761448664e-23,2.7809309625418997e-6,5.598202499998743e-19,0.01845009885194518,1.1075440730764822e-11,2.3351112200933444e-10,0.03310200995236973,1.3523834160438787e-23,8.750956710922338e-15,1.0211149593811957e-8,0.00015573381035331434,1.1616957575769797e-21,5.3908665871489445e-18,1.6018075574778395e-6,0.022688174505659547,8.014628710239022e-18,0.03401935650537957,8.393551907101969e-24,2.3898764864216906e-14,2.2000190443592375e-20,1.651072252156344e-16,0.025381750529036122,2.341135337693432e-16,3.2342357574419004e-18,1.1157112487303608e-18,2.03981580261876e-47,3.9968667860840355e-32,3.0262708047278316e-34,6.617319433966061e-24,2.686853219764633e-54,3.2894380132553216e-23,1.1294014497283102e-43,6.611636587982076e-80,2.291379632885419e-68,1.1165802424074708e-67
1.6378701564405024e-206,2.310997392785939e-146,2.4794997756619217e-167,3.758724641699958e-114,1.0953379372238722e-134,4.828174477122666e-97,0.003755511564782363,2.57843195765936e-100,1.3028363045988493e-104,1.2280903869195423e-80,0.017835843315751426,1.1787589319076264e-41,6.1799950650987274e-30,3.36428113765486e-51,0.006133238806611314,0.01040694512523733,1.8227705458015047e-24,0.013590361281656317,3.6980455230480674e-17,2.070270908423655e-64,7.727676612034306e-82,2.2111355203810263e-79,0.004104076115300879,4.295168981466347e-46,0.0002283356611688867,6.238970128645698e-116,0.010142908931242615,1.1001522056641393e-47,0.002727105443070587,6.98805383163179e-41,6.065729437381517e-54,2.823051515870768e-60,2.0939926518459552e-17,0.04858009315497275,9.388692059946576e-28,4.6134650734759275e-38,0.00856870067972468,1.1117095465500037e-6,0.4219778661414187,0.28843432109056694,0.039055129837454176,3.882068315104613e-20,1.234551841886805e-7,9.060578401375032e-18,8.947274745354195e-26,1.4188333221930927e-11,3.9945755923227283e-32,4.747069979582441e-38,0.02119306445392699,6.396467684944348e-26,0.005293841756628187,0.004953360240175465,5.2972023456208545e-50,0.01558456369073661,0.012656804445628634,3.800658816203733e-38,5.644108300755509e-34,0.005000783570807616,7.04856807531417e-52,7.41485707595975e-71,5.019679682123841e-49,8.237750957322349e-45,5.79823980963415e-23,6.169013276731245e-36,0.011040067186068281,7.24412440951634e-27,3.2978958987720084e-10,0.0040378265691159935,0.00894196420585177,0.005193436557930402,5.103950341966541e-38,5.318099796475362e-57,0.004165105892075615,1.3371273572451991e-58,5.729125364465441e-61,2.218007414693701e-36,7.099112936734152e-57,0.0036234183400437564,1.736832359276304e-45,5.089859009331098e-6,4.3106230484582516e-64,0.003976589226102035,7.860280151917562e-34,2.739070819461633e-34,0.011373878906286548,6.402673167031388e-51,0.007418532439477951,2.929286451427478e-84,6.885716622642775e-81,3.020800204525281e-59,2.465289611742185e-12,1.0568463218309102e-46,1.987912645991014e-15,5.595025012884504e-72,1.3781193498309986e-68,1.767617084774347e-52,7.801917223615174e-39,2.0278417155971622e-78,7.659319021926325e-91,1.1389333143147697e-90
2.275507735523981e-257,6.05602003168619e-196,2.969667797387271e-116,1.525498599648593e-168,1.4578165155431022e-125,5.268148367131039e-81,1.0706472966313567e-48,3.203990494574535e-46,9.153849817458553e-18,1.8005857819438815e-81,1.620730097270566e-49,9.068140718640877e-71,4.049278187345053e-15,1.7021532000661984e-87,3.1639584539600874e-34,2.4709615194013216e-66,5.680676764578424e-100,6.534887725957361e-49,8.400251420927424e-38,2.806840796332685e-64,0.06258832955630005,0.48834913646806954,0.36736938209705466,0.023534753071342566,0.0023763177839223283,2.6012538541666023e-33,5.6714883731136e-16,7.368903462554713e-53,1.1990700883312963e-16,0.016085099185770915,4.372132702227009e-22,6.317300064066341e-23,1.4062584526890915e-54,0.003934238131625219,4.95971919517179e-18,0.0015887896957307154,1.0629531766985174e-71,3.875033084209603e-36,0.0037999036698061982,0.0011536648232615867,8.94235074780162e-31,0.0029925175906829827,0.007107259707086098,0.006746368505096358,0.007751205637850264,6.067691474301575e-16,0.0035630035817093954,0.0010600304946858418,1.9554958911399068e-47,2.6721731297510656e-57,1.1198764827270435e-80,3.2255448197435355e-96,9.203863812288315e-113,8.015003097030041e-113,7.916506049645422e-143,9.51330037873543e-134,3.287200775434142e-134,3.274123863660978e-174,3.4506558267191364e-154,1.606064299049189e-84,3.737274123579807e-80,2.555604802181349e-106,1.304776258592172e-64,6.091429078032786e-109,1.4109907950448282e-165,9.38873106863112e-66,2.3510319461260378e-133,5.521022726313483e-107,2.395588102860406e-102,3.450005154680282e-144,5.79149441907113e-50,6.631453758333309e-130,1.276473414504604e-93,2.1822205446314153e-119,4.762098505188217e-59,6.992656161671847e-152,2.9652009790259963e-142,9.816155941017719e-118,7.60552323697759e-69,2.947140130176842e-130,2.8453575712042866e-155,1.1578941111964274e-118,5.180210327157559e-121,2.5134730021965894e-154,5.000325512244233e-86,5.037685128916076e-98,5.734351618384857e-139,3.514995068068135e-109,1.8625441014720183e-142,9.984635336187945e-125,3.9121486988973505e-42,3.092953169432191e-52,2.965033758847733e-112,1.1167853150881991e-161,1.0513383849405596e-117,1.2784802398787726e-113,1.5497981762018804e-124,2.8537942581431022e-101,1.3272782445118542e-129,4.973681830496661e-264
2.869803786834204e-177,1.8517825051936665e-75,0.0022260055441872674,1.8853653991844395e-125,1.4749793325485936e-205,2.14602774928235e-189,2.325857736132958e-44,0.0007768130491649316,3.952866882663287e-91,8.858341968389554e-45,3.382253304827508e-72,1.4146573771512277e-21,1.724523979458504e-120,0.12734403678797795,0.34643609985449947,0.3695406986235558,0.07954863800939185,0.0031099877722865167,0.004399489471649823,0.0018035006575609107,3.1399166941492922e-27,0.0034464816746766474,0.0008555099609518923,0.0009847527123378276,0.005632734128173122,4.991869946953881e-162,0.0015229905771210104,6.3884359280487705e-9,1.5338090424321032e-53,2.905340277144702e-65,0.001617903275577124,0.0007096001206813302,0.0015553997587863144,3.153747828499806e-50,1.8770042722223374e-39,0.002147980965743562,1.0085194825238637e-47,3.794014457752914e-27,0.0008414413991951076,0.009289494589620929,0.003433463676453865,0.010841944733672644,0.0026059465553553217,0.0024626470227270556,0.0029038788713657516,0.0063564858419385565,0.0007870242205891455,1.0042483205474145e-128,4.086694768552929e-68,6.279937476813247e-69,1.8146860438867185e-23,5.617018320749864e-88,3.0005518474029665e-22,4.679810671668406e-100,1.3542419983045035e-62,2.2459990150274398e-184,2.208437559763697e-21,2.0443958879246562e-176,1.3799844504500835e-90,4.006908931934839e-194,0.0007425682134516541,0.000740455988962211,5.4518818733683035e-154,3.004634554956241e-138,2.7772971270445915e-118,0.0015043170642965844,8.741995606254559e-147,2.0592767052380167e-58,3.419047800737931e-187,3.871990754705989e-162,2.0193167850870917e-152,1.7910305325072118e-111,7.665865927191427e-158,0.0022716819621246653,3.4205158841267104e-147,2.189282453280609e-108,1.0342766773227527e-235,0.0008223612820326166,1.2543921016964091e-245,2.491963960825765e-182,8.824033854676817e-191,2.5751314443850306e-32,5.229687717124876e-94,1.0287590582914324e-206,8.126268293642293e-159,9.95294995020548e-215,2.1578272702897387e-119,5.489818398625536e-259,8.691905184522904e-136,3.6979400312810933e-171,0.0007376592454543298,1.0404884351557645e-224,3.501211286069195e-219,2.148152575303873e-222,3.4513785343380044e-179,9.256305069290786e-136,2.6949232926897085e-203,2.593145030854347e-279,1.6504068182016768e-157,1.6194342358048615e-295
0.0,5.426557447642858e-276,3.2345201866479317e-183,1.942786920256738e-227,6.54771515849218e-231,6.574083310462718e-110,1.32440655685593e-161,3.4594054215123035e-135,4.5042640513530006e-54,4.4332176393803504e-122,9.62520334427523e-75,5.650859481027259e-52,3.684626448889666e-29,3.7191063677189837e-60,1.0830629651689966e-78,2.805324473369471e-63,5.827982756350299e-90,5.739511322928274e-51,1.124356521986684e-76,1.0873705509142018e-117,1.2283238139261491e-82,1.4478724782961548e-103,4.419257784836861e-101,5.6098211037598805e-99,3.065552915497435e-129,5.702090168515581e-103,4.713384950684464e-40,5.252110862256093e-61,5.107541437701876e-35,3.7420526224341428e-56,4.034207786098168e-61,0.023105568098576862,0.007316238452715452,1.3512478972487545e-13,2.493177326685377e-40,8.955759542349473e-41,1.4478948480514846e-10,0.038889324486731734,1.4681397193547128e-19,0.07683693900287046,0.029404218203330945,0.011975759163152595,3.5206050591343994e-38,1.6538618979324378e-13,0.04947603940916666,0.07010932846851053,5.184446328274419e-15,0.032733856776478734,9.88642855296992e-19,0.03144818844601157,0.018331044791714306,0.013412994651479122,6.132971618717872e-23,0.02011635105413494,0.05641441873123059,0.11589216092907419,0.026950280644916808,1.5202502118738998e-15,0.1512368638374036,3.690855864858004e-22,4.206881221652253e-59,4.911165753419036e-32,7.74615534546509e-38,5.305414944557602e-7,4.095439189347567e-5,1.1057218776322174e-17,0.11633247375133537,2.405126976288363e-5,9.214203721155997e-21,0.08578791079323486,1.0155096738724197e-12,6.654737646161717e-12,7.849855171284739e-40,0.018334958142316362,1.2702073279683215e-34,9.04436589923309e-9,1.9351344153854487e-13,3.7468576064223356e-34,1.3269054649689856e-26,4.2842621653097305e-14,2.0121923182729593e-7,2.5891030615866123e-50,6.209019340156863e-29,9.207615239784986e-15,9.97388525002469e-21,3.1954180925675754e-31,1.8046772487503606e-35,4.29139951653255e-48,1.5309085381152858e-8,1.081679458049444e-17,2.2377408272947123e-5,5.506583737779646e-28,9.243059662778453e-20,0.005806833426994117,2.236194331334893e-38,1.7019165614823326e-43,1.0940150070224157e-7,2.0999514748165525e-62,6.46782631350626e-68,2.542515034481395e-51
3.0911512143e-313,7.584308488621895e-266,2.5194426933149815e-172,3.93307936363895e-184,2.063599008757729e-198,9.036628448764585e-140,3.1540559951546507e-183,8.99092405903182e-110,5.63464023787206e-121,1.3217299967027929e-67,1.1914767097661112e-110,1.4489142819007633e-140,1.6052759100526934e-54,5.544753518820712e-51,1.9590727537706357e-123,1.6893893411914481e-46,6.818337169055727e-58,2.641784421937451e-50,3.610564236397539e-24,4.2979675075100395e-23,3.678221714248775e-7,0.026496437553074424,0.019709864198055243,0.021424617960312017,7.460321634688106e-35,0.004358938253796193,0.0032967201512297266,0.02255928750725915,0.025630782254702108,0.034548052947168464,0.009329019793724828,0.037730981971903416,0.02634629059261966,0.037596189936140036,0.01751880770985682,0.018679556271830357,0.059405580080947325,0.07251788054089868,0.04411733273555504,0.05260964304393624,0.03842963060927793,0.009696539573999264,0.04486306630387344,0.04287597668775696,0.02744852178703575,0.06459265208157693,0.0715776747754165,0.011834826505203712,0.047293186759225975,0.022584612455462186,0.03677539908731208,0.025741087023775845,0.0003376064149756859,3.7541799919315613e-50,1.8751310106810525e-23,4.8100836066565435e-29,4.105224382555329e-31,4.1253945571238845e-97,0.0042779593634817556,5.909870266137137e-45,2.8811366766384054e-95,0.007918274548077352,1.0731534191948272e-27,8.319490980820586e-52,8.549435509784877e-51,2.698318365927465e-84,0.0009066771848278073,3.006856639304541e-27,3.88909745475086e-78,0.008969957511931897,1.6077763002544089e-12,2.2022002820512397e-64,9.28293075593977e-110,2.5508132557983957e-28,2.261236955367684e-67,2.3796709213487515e-76,4.3130400894531136e-41,2.727292458251462e-47,6.755217313690347e-44,1.6701083095688685e-83,4.392120107757637e-101,1.0851565161660093e-70,1.0840089159955821e-75,2.6144033226921653e-114,1.8170402667364732e-79,2.2102020311208686e-124,4.006005095238976e-137,2.848344560462473e-132,2.540808422452003e-131,8.21618888633314e-31,4.643827254123965e-81,4.9508977743380434e-141,2.097704851966146e-65,7.276098383778335e-106,5.177730018585938e-170,1.6703565588477698e-88,1.6338950267788935e-107,3.3065851261453965e-206,4.1804999457416947e-162,4.7103170203293276e-194
0.0,0.0,0.0,1.4906706542985035e-268,0.0,1.0934916593593755e-72,6.807098554786766e-246,1.3302623713567159e-176,2.450723277555684e-111,6.188400204644756e-211,6.452905776835017e-53,1.249821830424412e-170,1.1764182278229199e-64,6.761487786320734e-125,4.667414038918474e-232,1.9580283307521197e-214,9.77729959328269e-195,3.786471028550624e-133,3.0663597197584102e-127,2.005491000187544e-71,1.663455049651582e-40,1.9276882524329694e-135,1.7990276291323272e-183,1.6691594063359184e-74,1.4291767863988836e-201,5.88464307557782e-221,7.435808149525938e-146,3.0697676364466027e-149,6.208876288043353e-175,3.711362484520741e-203,1.7185407435988513e-28,4.367078631550692e-176,0.0012016866265506746,2.952877744245467e-89,0.0011138556812213109,8.998575210635484e-80,4.9052369852002206e-76,6.4760845565038345e-137,7.1253787192164e-77,6.275892459471899e-54,1.7967653184155905e-36,1.6193041831309668e-64,1.0645421555427037e-24,3.1301641117504824e-56,1.6182805106869996e-67,2.6365803964030055e-65,1.1200080780400954e-38,4.34854385628581e-60,6.738654565783113e-67,3.4550392204565734e-52,1.9974687782332253e-17,8.337622784009157e-71,1.7153147607022357e-27,2.283221531931157e-55,3.811442092856181e-47,5.1929886019867376e-37,3.063396299939304e-48,9.838474732290296e-32,1.7140812805272847e-35,2.3601891558328793e-16,0.0014464374136285247,1.1891487125741562e-32,2.8015136016000682e-21,1.6993689466934083e-37,0.0007882970543945251,1.5449617862806316e-21,3.8415271251374227e-19,4.070795505630614e-25,0.00785875788829204,4.496466108603762e-23,1.2103225862464549e-6,1.3619928618859878e-9,8.595226481796101e-19,1.2161264786667036e-11,0.0005800340905588295,2.0395835223663435e-5,4.794674647264456e-12,0.0005704181370306134,1.1714044832921449e-8,0.009844269741937636,0.012580234785637433,0.024604756321161297,0.18713673338886877,0.1960388086633609,0.17881571062243934,0.19493488539889692,0.07670654031838077,0.029424341655957562,0.056279356328474785,0.00019098731312971461,0.0018694309831996958,1.2561308558295857e-9,2.5992469126668086e-11,3.016089660824781e-5,6.966815620346866e-18,0.008912118792743664,0.009050557364599646,1.418020450280198e-39,2.1180400384084904e-40,2.1559842080465085e-20
2.1797835653444956e-140,3.99663432195545e-136,3.404672420194647e-240,1.86694441139084e-207,6.859076343591348e-156,0.0018851630817438502,3.371211846355525e-38,1.8470952796574278e-86,5.883679936213064e-10,0.0019586273893170358,1.711402082255587e-62,4.2501081180129125e-58,0.0041896702793153,3.1487526993081965e-59,3.2724592067803793e-62,9.283906440804425e-9,0.0017758013897904484,4.958621396675391e-105,0.002150592243662436,1.4489955729186588e-19,3.513656604577394e-42,7.750630537442731e-49,2.3298386576353144e-67,1.4323649664919388e-33,1.6167351211735114e-40,0.056275497021621025,0.653680536813076,0.18374709471799222,1.9151645589852386e-31,2.9443658561971378e-36,0.0022324954899852326,0.01102597907691339,0.04147417505120137,0.004154402079953297,0.0045680356273591636,1.219945754689519e-85,0.004564171755219208,9.8319263080835e-43,1.7415073831719414e-93,7.698841169494785e-59,0.0020127368052763888,1.3745035355066434e-89,0.0024284726321551326,0.0073330515063267905,0.0053130807162703846,2.2189765901183336e-79,6.031068747670139e-12,0.00025905993938677146,4.581906993648285e-85,4.028671301628852e-21,6.868941994588703e-61,1.0842301776995255e-96,1.3776134636410897e-101,0.003838012132492557,4.024581233219172e-128,7.961088988258728e-102,2.915539295764334e-105,5.8520176709308766e-154,2.1586490194483056e-122,1.1163571075160788e-78,1.6745085178878921e-112,1.7588211918095599e-115,1.1962406851558133e-62,4.888286550379947e-124,5.997244231018631e-24,2.5401084420879567e-124,1.0106774851154712e-92,2.1372381627722858e-54,0.0013042033935470963,9.236788822055826e-154,1.067961882606828e-120,1.0158026837107204e-119,6.34330077701309e-141,2.8113568775312545e-111,7.045914491701494e-104,3.8653829505781016e-137,2.907634638167149e-183,1.599407819854895e-138,5.879705242345198e-85,2.3428086650942616e-80,8.579096044733239e-110,0.0019098317101808873,1.4409130693898639e-36,5.618496651432525e-164,5.103665572887417e-127,1.22902147432841e-149,1.0134827350027064e-127,2.00399571858875e-138,7.779761470659714e-140,2.093986492250602e-171,3.2401428373835102e-68,3.288249612481185e-154,5.409853733777936e-169,0.0018980920294827692,2.1207239426032103e-5,1.3988560552795125e-98,3.4744018673345996e-185,8.605856736042065e-164,1.3133581651481611e-219,3.838988051980192e-203
9.315205936821185e-173,4.514151123991729e-120,5.220009461390022e-69,2.7386119218713542e-123,1.7563976816669635e-119,3.3040952629307203e-63,4.5028964615589126e-80,4.317388044426232e-57,2.1443903703655473e-55,9.593521621308254e-67,2.9805840907605477e-58,1.6151265686012331e-49,1.9687389753618085e-35,1.460353618024624e-32,2.965908412616741e-51,3.8935459163923443e-29,1.750337062136193e-54,4.82511621219413e-6,0.09504505773540325,2.4042602813865717e-16,9.219411121420864e-28,2.1380168367112005e-59,1.0764892950522128e-29,4.0792947860120753e-51,2.0380444678335053e-76,1.7702524972291856e-40,1.0549453315566752e-35,7.884819569421607e-53,1.4762323638725445e-8,6.478112242847069e-63,0.052533610507041736,0.015599005848894997,3.5191732613191733e-43,3.1209945594936863e-21,3.3040586935870396e-19,8.135443751533843e-13,1.2685238455090568e-31,0.2351570273722744,6.006984434556887e-36,3.451922631917681e-19,0.04392679169472226,0.16269573306080956,5.138873297793999e-49,0.031739624066741384,4.658693917176242e-14,8.975422485432573e-27,0.06039971698820591,0.115076805216929,2.2580328403783983e-28,0.06097214647719335,4.759916747977444e-31,0.03304373794475196,3.246196438865128e-56,7.265266008473655e-39,8.917468491557105e-65,2.359745953157368e-37,1.2038286869996151e-23,6.349045197670636e-70,2.5872202126199762e-75,6.849762408250887e-43,3.8475416667581733e-47,8.34142405966366e-40,0.051305630716123686,0.023253660114332518,2.2150525647784746e-51,1.7421529576102154e-8,1.2478194745422257e-52,2.3811145113089026e-21,1.0301660489278212e-37,2.187059662386991e-67,2.5988878435173682e-55,1.1383525913419012e-32,6.592130186782649e-40,4.83900530828762e-31,5.942929244431032e-56,2.862573633857932e-52,3.66164792578949e-46,2.266570836903567e-43,5.592886857052405e-43,3.280859262067641e-53,4.4566604800097596e-35,5.4631134326926775e-83,4.4479857603810094e-48,3.527404843129382e-72,2.239881589821635e-36,1.3376148136284877e-77,5.688814380471835e-17,6.058222724714001e-60,1.767880244351032e-74,5.210227007106058e-54,0.019246594955650172,7.595261526707494e-61,3.829787650238624e-61,5.084840255021939e-74,1.562748478129956e-66,5.244724869680223e-61,1.940109239909357e-68,6.642824034121681e-103,2.059964648955926e-60,1.3222302152498686e-69
1.8712893038862543e-173,0.003183924579906274,2.0491468840623785e-52,9.543870772908953e-44,2.162435320010215e-99,3.7962213082763795e-100,2.202024660251688e-65,1.138750850359931e-71,4.2727297855842084e-69,0.008120863350584718,3.43500588406153e-24,2.0283079219963144e-22,5.924351608116791e-14,1.8332660422019446e-51,6.939483417057847e-31,1.2102821061753707e-33,2.461501086460818e-45,6.08985386561207e-98,1.537781878857619e-25,1.1639185544665856e-89,1.219507392783924e-40,1.2046923173799703e-81,0.013108405346693707,3.382656121651913e-54,4.369424045732747e-32,6.083847170560154e-84,3.847398736575493e-58,0.004502539064418131,4.487287750012048e-50,5.166099579591173e-44,3.711905028065283e-16,1.000203381597551e-46,0.015599221921741431,0.0388590604838278,0.050341621675309395,0.19599255366931914,0.17746803792142526,0.14100266262222796,0.04777530691463072,0.06511771094779756,2.01906722951429e-38,3.4766270892315673e-13,5.3227948894958185e-36,2.3718854390495848e-31,1.3827394261182685e-21,0.043087736418947836,0.005750913792187604,0.044720159564295904,0.03198334089551705,0.01120855903354266,0.0273029251684213,0.003772097538624331,1.0169215156037645e-29,5.295225212498362e-34,0.006470000557845844,2.7352334381932955e-68,9.122517592480406e-63,4.438163579193565e-64,0.010593588892632016,1.3876418856010449e-70,1.283704220615484e-71,5.160350866198922e-47,3.929139444288666e-66,3.802115245573341e-36,3.443692810472831e-36,3.027137226724567e-57,0.011217870441493947,0.0045242905584997415,4.249309216445547e-37,4.0058584899143685e-57,1.1954487513547869e-63,4.438809894195799e-42,3.5252862305573977e-68,3.2786998566040997e-56,1.36472625212794e-55,7.878155087804954e-53,3.465519183529063e-49,1.5462128317658824e-70,1.3488486299535647e-40,1.0460945179193438e-58,1.7426364622570193e-87,1.1719536234692707e-36,0.0065809352566706435,9.053543843536805e-54,1.2521070148196487e-53,2.7666849101592044e-47,2.836311426603674e-55,0.00903856000086133,0.01826046364910697,2.436742492296762e-56,3.00988481258505e-74,4.87373006891387e-7,0.0044161623600564226,1.0928903862873007e-76,2.5861449719554053e-87,5.1250255503472245e-71,5.7581356933672525e-99,1.101216213483949e-78,2.2628241614451708e-73,8.459630274626097e-138
5.695877853768776e-219,1.8960472242919665e-193,2.2352257311091206e-170,2.2104126308017567e-163,2.039283481445784e-120,0.0023192908537083153,1.524134114231489e-127,2.5652119302466627e-18,6.574423518515778e-72,1.0765238584273533e-64,4.936401088104119e-21,1.197315079311596e-84,6.234051777437139e-39,2.260968174888621e-56,1.5146007959471023e-43,6.48954670238054e-36,5.371941393717963e-11,1.4044990322160797e-19,3.857623963081695e-80,3.032908946479984e-75,1.3466097540168365e-8,6.09934439571234e-69,9.968795099068335e-92,1.1625999495809848e-94,2.4924586865529213e-67,1.7581735595888113e-9,0.005179117875065978,1.5576947193101438e-19,7.089565798520744e-54,1.9018827177557323e-25,0.41435585820859444,0.4745476010583525,1.2530352897167365e-5,3.15656729351372e-51,0.0014378774066729435,2.4716711722803844e-31,0.007016320407362822,6.856912194660979e-6,0.004340419824200799,0.0077974852114115695,8.91679697179984e-45,0.010415439156989224,0.005340441555282427,0.000816597964103605,0.0032638910810937768,3.5777521791932605e-36,0.011454703825500344,0.020846968441967168,0.002630190980719228,2.12274565037888e-33,6.867453164796745e-117,1.6882606282530512e-68,0.006011089606386819,2.6182570112272602e-102,3.2366555590552746e-74,3.898941496271989e-146,0.006252914732274617,2.3938010644278507e-39,0.004150071909620786,4.863372485753508e-75,1.1674799651909878e-144,6.849907016775301e-73,4.3087780045153054e-116,2.3467177486122587e-67,4.946665063992791e-117,2.458398170511675e-24,3.283781862236932e-118,8.687445253463832e-114,1.6965634823295336e-74,4.12524312499689e-129,1.0863158606296211e-66,7.601235527194041e-106,1.2763629304740501e-104,3.0648249598344552e-89,8.053164596620815e-115,1.000095893295885e-56,2.65131717716689e-97,0.002618103299883956,0.0034473086967103917,0.0026560446552438472,7.655429013116629e-114,3.4771196927377812e-90,2.8623576781617665e-82,5.802903565197323e-60,6.983976983398819e-84,1.8793102545072888e-56,1.5137470919621598e-112,4.3313671965906006e-114,6.485491073496503e-74,8.479306196895726e-50,4.013367111549368e-111,6.940709092409915e-156,1.500464137947266e-144,1.0422297108041802e-119,4.591531211199566e-9,0.0030828561142410885,1.342747594141758e-112,7.598389632007817e-49,1.881293917538728e-197,5.89244624245323e-191
0.0,0.0,3.4608454531827805e-293,4.3683212253633424e-291,7.880323961229877e-248,4.572432116430236e-90,9.374652903799887e-264,3.728201152737679e-164,3.1791151653316822e-114,1.654879869595531e-172,2.0341107060740294e-85,6.337347964166333e-49,1.0665531658504541e-76,8.866565406635826e-84,1.4532044220198746e-186,2.3896593738059286e-124,1.9226389216288856e-181,4.353134099409784e-78,1.7139938145945838e-131,1.0159790869430469e-75,1.1953316991871525e-106,1.6021975795008471e-103,1.0607609561872967e-154,2.9279145585562747e-134,1.9206766137776233e-138,1.004519292139655e-109,6.898303163156638e-102,9.722658439751176e-96,4.520322925613579e-37,1.1179364941675756e-96,3.4787880850703186e-33,5.838559440951786e-87,5.999499423312091e-32,1.7061308260093457e-48,1.3920282079435288e-50,6.944393634241236e-82,3.2062627945644654e-31,6.622437781566988e-84,8.499132950263432e-28,2.9283012285312824e-50,2.390188628965435e-29,1.4542978504679476e-33,5.047413709290008e-44,5.375171480385268e-29,6.497495294820057e-25,1.6192659900415154e-18,7.251159714301115e-18,0.01158609364840997,0.0019947939661536965,5.996006632308626e-9,2.2233912761124544e-17,7.425666279797404e-23,0.0030369062625866076,2.170035457294747e-25,4.7752558454339916e-35,1.087021978344522e-43,2.577593725363227e-16,0.0064778007522412065,4.4576378990448983e-26,7.743238124587982e-21,2.0796353967990955e-32,2.0146224097475365e-21,0.0004792345911189853,6.345789612925742e-7,3.193263375575976e-8,1.9546621982197946e-5,0.03509355882691397,0.03870545212665723,0.1805295751950125,0.38196379270164726,0.07312777806257682,3.592208891475004e-7,3.8986068372278206e-5,0.03725361142320266,0.001298775090748735,1.4517907233939632e-5,0.03817244104296143,0.11250338106606848,0.010021316551772807,0.005983801842248102,0.01732697567557089,3.9834907543354685e-30,1.745692925027159e-9,0.002055466657695753,0.0001232244032877058,5.879242784940232e-19,7.003549157801184e-9,0.011276097737258033,0.003235639894385726,3.245552959117714e-24,8.322114911935927e-54,0.005324208680490951,4.86048618809742e-19,0.022355982725642314,1.8954904080560518e-35,2.654998514238412e-14,8.101367049660554e-23,1.7751007980223947e-35,4.4479013031740785e-75,1.3575874288189665e-58
5.79764511503107e-119,2.6152943428229673e-105,7.572214231840145e-136,1.0976891744846714e-84,1.103043131089615e-91,7.224499883508991e-47,1.642681432535139e-71,7.055262104226043e-19,1.8902950268043276e-18,3.747154817261148e-47,0.01036989353603022,0.04669035689977454,0.04221210444231708,3.2886541783798456e-47,2.3981282515869784e-47,5.2753871738732004e-64,7.507250466326368e-65,3.5609581161957765e-34,0.005028913273579891,1.5086627532181693e-61,2.5354990637713985e-48,5.122933337363848e-73,0.004720814080005306,1.3870229742376236e-34,2.2369114068416416e-123,0.005106366655710318,9.69566228609652e-23,3.1567056025387063e-58,0.04799814698189303,4.119212119723848e-41,0.034594579511605786,2.4765385517913026e-49,1.1322181468075313e-57,5.644060293549155e-27,3.5886730853102075e-22,1.4406696301698139e-43,0.002643961476790552,8.886602332550015e-25,0.009707346841106268,0.01125287482995312,0.04083048255166315,1.2365625417016964e-6,2.203074307387535e-20,2.2914191717575003e-5,8.29386296212226e-42,2.5164189720419165e-26,1.1103690511204466e-36,0.0007020019887267801,0.03851122335554058,1.7742479350890598e-18,0.007845805244059709,1.3377952733718432e-43,7.860359068106894e-37,5.33608990873791e-25,4.841922994192358e-26,0.005426004721811316,1.0407765032440877e-33,1.0501837225677374e-21,1.5737580083400266e-14,8.661603186824185e-44,2.7444482958088333e-12,6.857240148660588e-49,7.84886100739495e-27,6.767753174511646e-13,0.07652861116109848,0.03442581852713641,0.016398789514059098,0.02980066654211206,0.076606014359325,2.00103576267435e-27,5.437563577650705e-22,4.3499166729395805e-35,1.9574147992843218e-39,6.571641626483702e-10,0.0001573094789644623,1.834979801010541e-7,5.416537430836035e-7,0.02959544121083606,0.0064641860246037516,0.032554625914502755,0.02283989101724422,6.750053728122758e-34,0.04432042063588188,6.007915891086842e-26,2.4154376816468014e-25,0.03129200116795178,5.952338754081011e-9,6.336991820783719e-15,0.014123697325185055,8.61006596764118e-39,0.013126295178170806,7.568267026013492e-15,3.063016466446076e-15,0.03980114583098889,0.03974942310283961,0.00021144974583382683,0.17833845435375878,4.2828642335158826e-17,1.1520741218705937e-20,1.5314645172211956e-20
0.0,0.0,5.560568124424121e-231,4.790424284902264e-281,4.246308288475021e-289,9.603074653225453e-100,1.1844722521725493e-186,1.528272628954346e-106,8.637479741427304e-176,8.236383193614861e-145,8.172701139186447e-122,1.0303121533113425e-74,4.921441222298362e-55,8.69120318492933e-92,9.633771578235828e-147,2.2808840526372642e-119,1.1414733473584288e-141,2.5137546563912606e-92,7.90497957691455e-68,8.26107915329164e-87,2.677956933508335e-103,2.709113876373173e-63,1.56084824015338e-149,1.3635249316416485e-99,8.963003626036501e-141,1.9456231122299966e-129,1.797754881309468e-118,4.797457403142115e-71,2.681061536476652e-34,7.304416028266851e-102,2.0131188239076923e-79,3.5280074886551646e-70,0.003120954588875158,2.8569229125424505e-55,2.437038278165356e-63,5.987212410962766e-47,1.1426323273321327e-56,4.174077970688709e-57,1.2017694657078739e-41,0.005134598323811298,7.347179266826108e-23,0.003279522547368845,1.3924513704185384e-8,8.824997734941221e-31,0.003531403729990008,0.0066227139016467,2.1291772926005946e-17,3.246470003241166e-26,1.1453690827517459e-17,3.436817792175387e-19,1.891725339605346e-7,0.012133660139624228,1.6299979042242983e-26,0.0004376768284940887,3.2220791385801054e-50,8.537292653021617e-42,5.2862054901106185e-9,0.0026296993180833497,0.0056469708264486876,7.035759008447134e-46,0.011973864116935773,1.3263163066370726e-14,1.7186348492301832e-13,5.685449910762433e-16,2.278852179321156e-5,0.0003387692589650544,0.3685190009090684,0.42366437817727437,0.0002542644209604194,0.03624215765551964,3.566246703889187e-13,0.0006582552390420128,0.0005723718917776371,0.041750059837688806,0.0002548845722547118,1.1043009652391698e-9,0.022997602166009393,0.019655233574243588,1.4483166652496783e-21,1.0464639448299379e-17,0.007037137286249537,5.57723400631468e-28,0.00045773266098566705,1.3116164529529174e-30,2.4994685875421313e-11,0.0005200695307780057,0.006394213760060081,0.002565694960660765,5.288842803132917e-6,1.2218021463868692e-36,4.919550523749748e-29,0.0038379361786714883,3.760657175830011e-32,6.12495190581172e-10,0.002294889177205738,0.005720623895381343,3.5790496871593664e-41,0.0017253730357425182,2.8230674683853455e-45,9.18677685884317e-52
0.0,0.0,0.0,1.548754468759494e-206,5.248336014966951e-273,1.4071357049806653e-87,1.1161068567336818e-238,1.3117627438553979e-186,4.518108263652626e-211,8.924842926096834e-166,3.5633983453000146e-202,9.9455830263741e-148,3.0634198756203634e-79,3.6395528467499297e-212,9.505287776418852e-141,1.3123173562497816e-212,9.96349893428635e-156,2.3027981729136027e-164,2.4891219093902094e-113,1.5956480087084343e-100,1.4966408937751233e-150,5.0466974063768556e-151,1.0821808708929431e-91,3.740963843078079e-143,9.994320347990675e-172,7.148807425775337e-132,6.786894116362473e-99,1.063459000645781e-67,1.4566539593823852e-103,1.0340054796699854e-188,1.7059761444497825e-94,7.498994486886875e-123,3.283751560740273e-69,5.576998237949828e-53,1.0257629852056538e-88,1.3534062953687662e-75,4.3646379324942085e-50,1.5548697735478269e-57,2.6922351035179546e-47,8.427891074296344e-46,7.589321343573252e-85,1.6026538320017248e-88,1.8016258999692274e-48,6.836075924365373e-31,3.671975045911401e-46,1.857416293368389e-28,1.7585721659246756e-15,1.105021657245947e-59,1.2287137642597895e-40,6.430628172471839e-34,6.582682567123201e-78,7.408002019352231e-55,1.7233164290330352e-25,6.875894766815331e-41,1.5885648688904645e-78,4.732145185875739e-28,7.983474597704813e-38,5.262373904701747e-21,0.14078391183422914,0.543066171324644,0.24358826855343185,3.333538633665936e-9,1.1231413877628909e-19,0.010359678375116126,1.0031715568713477e-21,0.003409242643309115,9.203097374950526e-21,6.96619646840095e-30,3.6216455946750505e-48,0.0009380918777533749,0.01419843600846118,0.007318012490966944,0.015832940297162482,0.011637653867409658,0.0048150098425608695,9.25473315381085e-87,2.270644611728501e-100,8.000090410429085e-55,1.9830682925164404e-72,1.221955812557059e-56,1.4021625786311513e-59,4.444048304151885e-86,3.3959495614187074e-25,2.083388448692582e-61,1.3124727311482256e-112,3.382290568089714e-79,0.0021189918564051705,6.421838740449282e-82,7.33968417781567e-57,3.4023882763235614e-19,7.557074721040682e-47,0.0019334061496318494,5.879852420899441e-114,2.3193286540260335e-91,1.8154537794677488e-7,1.7750213513308208e-106,3.0497162205234664e-108,2.6601906851858876e-164,1.1824615136669133e-200,2.7838814961590333e-227
0.0,3.1846847569393587e-200,4.148947261e-313,1.0087855788830056e-173,2.6897964534160624e-278,5.431085278932563e-217,1.5907581517450903e-232,3.8540653009933863e-129,1.3225755340461932e-157,1.231495655646154e-127,4.199155169509682e-171,4.107170998387535e-128,1.048909834117209e-122,1.956712695220006e-143,1.3142790124874223e-138,4.3754456434652527e-147,1.0279880783144813e-119,2.9518703394754048e-151,2.8747995326830783e-134,8.744507231912447e-116,1.0387561365783881e-150,4.9814432792760055e-130,9.1080076192109e-86,2.3224126804464948e-126,5.564852968225508e-160,2.466295846640462e-124,5.245464526996895e-86,5.647078292438018e-32,3.264802643181332e-88,1.3263130834934126e-108,8.27570382635589e-82,0.00019551267690671062,1.1420506818957514e-86,9.281481511069011e-57,8.655781254843057e-97,1.1631274497849433e-85,2.7168581448035133e-37,2.480303561739802e-63,3.79899587572001e-46,2.0719607121961868e-39,7.108131252150828e-37,6.929298881475517e-86,2.868803075451237e-37,0.002548414792382794,9.665303688071798e-60,1.8590235250331468e-22,7.831167953551092e-34,1.730507664628895e-52,6.987974952998827e-38,1.8612441384314766e-34,7.385639908375e-42,3.8411359438376044e-39,0.00419669469363817,7.218546269749944e-14,8.626604469341775e-53,2.2231166041913318e-23,0.0017320913458109541,0.4483013349709667,0.4360137030907917,3.1637096157828703e-18,7.378932405724498e-31,0.0036784932639095007,0.049954943469784054,0.002077374069914599,0.003212623464858608,0.008019049917585218,0.0066547791485631995,0.009476420175933399,0.004096990725669213,0.008662305391198177,0.0013192830876031733,0.007807288424862861,5.577495447537855e-21,8.84702629231097e-8,1.3747099605789517e-23,4.163075833436329e-35,1.0763814336219878e-105,1.4878059395008327e-77,6.967620798416465e-27,2.6384269870564175e-32,1.1830926988528773e-44,1.2067166691048491e-87,3.8254199783549264e-25,2.671234901027205e-36,1.009423721708112e-75,2.1827839962713837e-88,1.2330714709195822e-61,1.2432599024378763e-91,9.914575262320397e-63,3.3189864590746e-76,5.237490473516252e-42,6.767079126419882e-74,1.0197035383678491e-95,6.8094031402047955e-43,0.0020526088192860024,6.7533521407927795e-105,6.467239427672481e-73,9.570089878430466e-151,9.383481337071965e-147,1.7962682879842918e-147
0.0,7.645017296350216e-259,3.836029610397047e-278,1.4212633299192591e-216,6.560123653715562e-167,2.1403330567938667e-125,5.719705781068682e-141,2.988608273403693e-146,9.548021026753473e-85,1.1406303821510892e-66,9.802808341762261e-83,1.6268768684300176e-37,1.8818908186639234e-52,6.862834224552656e-86,1.6108399338882194e-84,5.937609469971533e-71,2.527121557068981e-31,2.5995711488113233e-76,7.304640680458914e-95,2.115068392821479e-38,1.4545828200638257e-74,1.139148351272447e-103,2.536427585956209e-81,3.0810032603896033e-127,8.020968573052523e-96,1.46772826870191e-101,9.476928749117794e-65,3.878470920138433e-34,5.250424196910726e-47,0.010137183280502239,2.1812461849257928e-55,1.0406388958899224e-42,8.27786109484443e-65,8.487929699294312e-44,1.9545874757257605e-14,3.3049576522599247e-36,1.1342824912859783e-9,3.580396182327899e-47,2.888757166405787e-16,3.2177888263012934e-22,2.7236844307556787e-16,1.7621229806343084e-13,1.4062323064284623e-18,1.2704609399844295e-27,3.5408512496419726e-26,3.884618323712569e-6,4.423163664880388e-14,1.5805161491401407e-20,0.03609138479960935,3.474992887750285e-33,2.4237196138214834e-10,7.012680190822899e-22,1.7093811274927848e-10,1.220645165828688e-25,5.417755096905506e-34,0.0022250616198046746,1.7697764041976496e-14,1.2825207015030148e-21,9.149338434193629e-17,0.009480758898080553,1.4990396518167324e-39,1.0312780304614737e-22,0.003887034101827751,4.45669618413333e-10,0.07497718879124686,0.05121511231343334,0.0004700245792638525,8.926573614222071e-5,2.6218683413974185e-7,0.0605153057718833,0.2898175340933614,0.21629884302418204,0.01361505169272976,0.03476506139825764,0.03244432598228019,4.943326890699255e-6,1.958171399628754e-12,0.01646961025114392,0.058029245373065336,0.010755864755327835,1.095242210339411e-13,1.2491802482655072e-13,0.048920094068157234,5.377637531955139e-17,0.019427541507019766,1.8505316071830877e-12,5.182271719951152e-10,4.560422253468087e-27,9.169541837545143e-24,2.4035586390273837e-12,1.7924429671868093e-23,2.895266595595856e-21,2.2215977321215927e-31,3.177427227852942e-11,0.0005951007272210346,0.009749007608861814,1.5306944580614778e-5,6.216513329515666e-45,1.0071553724243871e-38,7.796019483483782e-51
0.0,0.0,0.0,1.4124924440195918e-286,0.0,2.2558871694764828e-223,1.1446205578181438e-152,1.2105807718271648e-218,3.4033135317571185e-251,1.1341851536163809e-129,1.3123159688601762e-199,1.8546321571162476e-167,6.776414637910801e-136,2.4433264088083772e-135,1.5238287166528839e-35,8.965558669756564e-68,1.0902835866319138e-65,3.9092945517989547e-144,1.5224249682268732e-94,9.02241510447848e-139,0.005694609237760177,1.776482336435542e-123,1.359141921173661e-81,3.9499389547820237e-103,1.3508877906347255e-215,4.204730145101946e-112,2.5206062481270452e-70,0.004136962939037391,4.567518822080844e-120,3.245174527164924e-66,2.1608769991301617e-103,2.7966363908469387e-47,0.005433082692285777,3.35459808995459e-30,1.595909526473628e-66,0.009711962313302484,0.005776135536299105,2.1879927275596476e-76,2.4000333668504693e-64,0.0024418275145252607,4.6637706244353676e-89,0.003960559309546107,6.510969898173096e-58,6.527400864239918e-18,0.005476153597982208,1.6429174500438766e-38,5.838829941666531e-38,4.538996913804011e-72,9.127619296480875e-40,7.76095419460674e-40,4.7131506733917714e-12,0.6019100533998029,0.21559969310219698,1.1798426931531836e-39,2.793826317680177e-21,0.019278457916029786,1.0871830523011305e-43,0.0209764577447321,1.6580000254064343e-28,4.643018328234824e-68,0.010784887036346566,3.9733309959025556e-54,0.0063721707343214916,0.015051042139369667,0.00755290244723716,0.016900405105579323,9.784154578662003e-43,0.013570481144223205,0.0068702515813728274,0.006140630237291937,0.00858934821225437,2.541578453096632e-58,0.004641193621664936,5.242832070093884e-22,3.042969668695516e-84,2.103801846760706e-73,3.4479753147631698e-87,0.003130732431666726,4.931045388902908e-155,5.640463875262107e-105,7.486120132632224e-90,5.128126785277092e-89,5.863496370388076e-88,8.129005627911778e-168,3.751170462087179e-159,3.07429323393374e-155,2.422034538791029e-148,4.94018586432107e-179,3.588972411294103e-171,6.785773872433429e-105,1.1246928577065254e-98,7.37023902580918e-102,2.746204451044191e-91,3.9391022596750222e-28,1.6036020419795627e-160,4.584131355885845e-13,2.925245064007857e-166,2.8697739501496263e-237,2.699699840514531e-203,6.397589426358289e-196
1.480946751310917e-165,1.3254300670719437e-158,2.0136774378190798e-111,3.9168602347340706e-57,2.584684768833014e-82,3.154154944344119e-92,1.0197178258291748e-85,0.010567469485880028,3.6352478115445827e-67,3.550977175255796e-65,4.87777936022163e-68,0.028232297483853076,4.7455660241551846e-43,1.1048794760676538e-73,2.156152097964661e-37,0.0053891821901888345,1.677284908330245e-42,6.500513355922226e-77,5.418221362512192e-11,0.006994667551521299,0.00851902550293205,0.0464867667693079,0.01219886796225724,0.01601182513589449,0.07628325888171883,0.020148051466004537,0.02456308605338764,4.724280063210837e-28,0.029751741193772413,1.875383434209488e-15,0.052067357639546875,0.05516982391105348,0.03003339618677165,1.1205762323351772e-54,0.29624294579965665,7.876866102991358e-9,0.004774344866544268,0.0433997259152285,0.024738213214964628,0.026420026393674793,0.04945427114360733,0.03645207269950079,4.7740628307657147e-36,0.03976050215174949,0.01860953411987983,8.710034038427996e-21,2.201456861275014e-31,0.00551897627806794,1.0501758383110993e-26,1.7913221484647271e-63,8.574606824178858e-64,1.9041684288653486e-50,6.360538272329244e-33,2.3847051136378616e-45,0.005499843298564323,2.072430174036756e-63,4.2131168562364547e-81,9.055075671254017e-58,1.7429086097673157e-36,0.004455636301711957,6.640322169303303e-33,0.012043465099302157,5.077172786587518e-63,2.4236967612154745e-45,9.646882092169186e-32,3.3012026385250745e-62,1.1712204968088347e-19,1.3996562512655607e-80,1.2909179592879497e-39,5.924058274479045e-60,1.2753283177369186e-70,1.3691483156547185e-14,2.346461296095506e-85,7.40637650238572e-102,0.0029951157218098463,7.530608795336731e-79,7.271352488092157e-27,1.7072488266063177e-55,2.7266805011047666e-52,3.0563951983484304e-86,9.483991574891929e-102,0.007218501650583503,6.757419569427295e-65,9.804871771106927e-104,1.4370411967835005e-52,3.324425729479591e-61,5.5127836214952014e-74,1.0262502080385395e-94,2.583525816166992e-68,7.499803050012122e-30,2.4949819144771832e-54,1.5685479674198448e-41,8.059017775811571e-35,1.221968286549632e-141,9.384334821774435e-94,4.4831277453432896e-76,2.8219570762184054e-78,2.3786784286010738e-172,1.6346360468747667e-198,1.7940210597271604e-215
0.0,0.0,1.15626e-319,1.4065889691783466e-304,1.3174200049007206e-247,4.313598731407851e-280,6.18e-321,2.5740634653227e-279,2.3752495970922173e-241,3.560668986832972e-253,2.763375443455506e-131,5.333442943476307e-150,1.6738342036101472e-200,4.932867614800418e-146,9.239972877100031e-142,1.3983214314613047e-157,3.1312517502231104e-166,4.344682937783961e-217,4.244031942093888e-181,1.8041005819370378e-116,5.320377898711857e-124,3.8333886003050434e-78,1.2284878067473034e-132,1.390775362333293e-94,1.0579091940972298e-83,2.887139675246798e-156,4.5634687295167575e-100,3.637463835998584e-68,1.3562169297559789e-132,8.189912034080325e-53,7.312332516044367e-105,7.381966799707578e-115,1.8551423866122784e-85,4.262396762059771e-111,1.6037162882885268e-62,1.153861528414134e-59,9.812244385029509e-78,6.231796469578101e-88,2.0027855846341602e-43,5.203453377188108e-74,6.319153509257529e-20,6.122108486542759e-98,1.6338310935520274e-37,2.790110891350752e-20,3.6610560214331e-66,3.545201639217874e-54,1.3592512921268306e-36,6.634036393644449e-65,6.3672311678686096e-24,9.106922167760734e-48,2.9385496421120815e-30,0.008065002697180707,1.9011728324173241e-47,0.14170700432945663,0.47219744798695695,0.2786002168450487,0.005015972357819708,0.0013297775308192606,0.006490206238255461,0.014161347204257773,0.02702694888208721,0.00275636228207716,0.004612320007395593,9.087066863275392e-7,0.010984500573023909,1.0195962643133811e-35,0.004440429287078956,5.645533350637094e-55,5.118482074444078e-7,0.003728430905980979,0.011251991781569876,0.006834081984602684,3.1186975726547465e-23,6.828490747042986e-73,6.124020938194868e-29,7.395378046965077e-22,1.3453025951397796e-61,0.000708725957663416,3.0083311961703007e-27,5.835486021941773e-83,2.578304286226457e-11,5.287593720440762e-86,5.019223573650105e-99,1.2963298331107963e-119,3.341451104596929e-123,8.781256804819668e-5,1.8689019881063795e-133,5.0276523799736707e-116,1.1290564901803265e-105,1.6536303910892912e-129,7.400618790698892e-34,1.0171558659952403e-153,2.9530496442567455e-118,1.0097417281063951e-113,1.3035184642609986e-192,1.6840462543998752e-95,1.1056162720256527e-157,4.173138568861946e-261,3.623856497233414e-125,4.8899247654100495e-126
0.0,0.0,2.0190401049237807e-260,1.278620524606767e-284,4.229661265581703e-286,1.2530308477707898e-120,5.8978227080307215e-210,3.2152566225884353e-177,4.132910705529273e-154,1.2413500753301757e-187,9.843296295799877e-70,5.441254429965963e-103,6.588198007993961e-75,7.041050459989836e-134,3.560375989689527e-84,1.1238918207320201e-147,1.1063200946398591e-52,3.73646493738374e-94,9.74425097727437e-151,3.3218666939289098e-81,1.6687485577070197e-48,8.416414736546838e-163,2.3191965578321175e-111,3.6578210991223637e-36,1.317462069030756e-158,1.2698023409704773e-161,1.2715278249630889e-81,2.859588168005274e-95,2.33019714160881e-52,2.182682312163691e-168,2.473077995587705e-20,1.1841303857044686e-107,2.8203408128721975e-43,4.675382237190545e-52,1.1482534905320973e-80,1.1754578099734223e-87,7.274016247103539e-65,7.099320872985676e-103,2.268572639399453e-24,8.215608780828854e-47,1.6950126595101038e-73,8.060470532078537e-73,0.0023473982823874772,3.386189089697698e-54,6.203623518583447e-45,8.998105340125406e-40,4.8285445816023484e-36,2.3233122216043978e-42,0.006249230177593011,8.62615130478524e-15,6.607803501339648e-26,0.011834927558555034,5.3711553002336403e-42,0.00912328280206769,5.144795891695594e-47,2.6304180317414266e-54,0.012365705574620002,3.8115584019412354e-7,0.002729671972231753,1.621846824172405e-25,2.1558539143417267e-30,0.002956459284656275,7.318448919825066e-37,6.1051039907895e-24,0.0002591817942533679,2.7350104114024e-9,8.941735941007596e-5,6.286866459729034e-26,1.8734884864692608e-17,1.3950349609767693e-7,0.020999492030815605,0.14070152578411582,0.0562287860481266,0.05203257980061121,0.09613408563790772,0.30271576719026305,0.16108433242373843,0.03369289295890496,0.025955174492114923,3.1734041095808194e-7,0.014264344392027074,0.004178832540209976,0.01697623303134202,2.785554014806443e-27,5.0768053817526115e-23,1.5008583516396123e-12,4.020505926529415e-18,6.287436983438459e-29,3.180605060166396e-23,0.012397511958695281,0.0037721024125350368,0.003911998913062473,0.006256971338889166,2.878502505519403e-43,1.310693719243488e-29,0.0007412535045985348,1.3397420338434006e-43,3.0866821728892646e-75,1.6518356667243133e-57,9.82638157198022e-92
0.0,0.0,3.134e-320,9.803771698377164e-233,1.839555753413445e-229,3.0107478112902795e-186,4.911660137412825e-279,3.3197564219040185e-228,1.8824418716613565e-199,2.659747268638212e-172,1.4648115993047658e-140,1.4753704997323172e-167,3.049664638347655e-120,1.0871339722449186e-111,2.5223636809370674e-130,2.510249503720132e-153,2.0060071725210324e-147,1.0446650543417405e-164,1.2589177071807468e-140,8.481010714954436e-111,4.8209541110760207e-147,1.597057972436921e-89,2.0529739374631955e-130,9.007188323735991e-91,3.2921628297402354e-157,1.4838577502961013e-199,3.808342891743682e-109,7.08235202431716e-39,1.362547906708791e-60,1.5947015238088595e-92,1.042912387600538e-110,9.44223594120508e-16,3.1884579094708566e-94,5.754865211541172e-67,1.330956987035574e-56,3.534572494025241e-47,2.6354741595532313e-32,1.379430651313991e-62,1.1679519852511663e-43,3.4588921302970973e-67,4.511751099809874e-24,1.0750021986325126e-106,7.630724337969586e-26,3.657435293607162e-25,6.888128172626533e-61,4.824533573084292e-31,0.0016728905730675728,1.1579184234628656e-61,7.617195930103313e-31,2.3050544710391662e-37,3.5729657669463976e-16,1.7967367903829507e-43,3.1246748800909685e-55,1.3476842996306939e-21,2.4579275124965605e-22,0.20370190569454666,0.4806000669122825,0.14863581656448074,0.008752635767303315,4.864578935526765e-15,6.208211821838534e-28,0.015409052982939198,0.0012493261949042234,0.01774804254632164,0.008239042398575315,0.00779561237056692,0.006691393457047612,0.016080055513132064,0.007084942540886738,0.018236117180476193,0.020884018057653695,0.018237089678955203,0.002564611794061436,0.004090054555496737,0.0012156786105873975,0.003156759832449265,3.5298984498988574e-93,5.904785788515138e-39,0.004304074354617774,1.297662083414795e-49,2.937727982933185e-92,5.760875156843681e-56,2.1606122864643667e-81,6.830322396662265e-86,5.904082627216334e-75,0.0023542701107157646,6.283835171309098e-62,1.1741177549503445e-65,1.9151803604876665e-66,1.2923752930888889e-79,0.0012965423089256725,8.513888346590993e-96,2.4452690895890905e-62,1.9887039911492114e-50,7.971455394263254e-95,5.2273548687291775e-59,2.3368956168643514e-96,2.873904002199415e-142,2.2240674214548824e-95,5.482860911082799e-97
2.398086359330548e-204,1.220926832480827e-186,1.44375787235018e-127,1.5967056198543922e-151,3.47136989913473e-63,1.8061026873415104e-12,4.239839428907652e-67,0.017980094565840515,5.884610506378529e-47,2.3799190972674615e-57,1.717970317922986e-70,1.2363008976167926e-43,6.280104555005104e-41,1.6396151116648125e-54,1.454602685051706e-61,1.5935148090072505e-53,2.4047339729162182e-85,6.229476875253351e-59,1.376264298588404e-59,9.230567650374878e-73,0.02493720770966168,2.0499921518593854e-88,1.2568417549484886e-12,9.513645882016374e-41,1.3191968539351943e-35,0.017022441402343057,6.774196174536022e-41,5.548480174871893e-49,0.01872593394613597,3.6140747431831706e-34,0.05366857747235707,2.9946433620164686e-41,4.8721012597417766e-20,9.83712610986752e-18,0.0736206864938366,0.07195332195265232,1.7595036425434104e-43,1.9003441834043425e-19,7.092077790176858e-35,9.439753048108162e-42,0.10370010468405345,0.11455440256199373,9.962849749406126e-26,0.02747540988938009,0.051998080204373354,4.02334630929276e-42,0.06190303070509441,1.0563708937992925e-21,0.07699789478354675,1.0614911053667895e-26,1.665575807371214e-36,2.0237305937520487e-43,0.05396197756825245,1.3531440669014292e-19,0.03588632832094666,1.8748052944974348e-65,0.017093078848321373,8.579653504082249e-61,0.01175351430361628,7.579353639905989e-6,3.615035054751659e-63,7.001941539702289e-32,0.042755343422584066,1.8426836618830304e-19,0.042773631240381235,0.011155510839272072,1.6160904333308516e-31,6.472981792946592e-53,5.2503448058285667e-45,3.4861554285796684e-9,1.8267621434343133e-26,8.590309837384248e-65,2.2201734025442955e-61,1.4279746684236296e-18,0.00507630770132538,1.393390645047685e-22,1.900462748397351e-38,2.817333319039197e-40,1.5444114199137396e-35,5.061571713143704e-28,0.05292613081060541,1.4583079499821486e-29,4.1755201006811184e-13,8.561285007647157e-25,1.6718478378882535e-19,3.5738972715520764e-35,0.012073407721865114,1.5090293445978784e-46,1.1437644154242637e-39,2.234507692287762e-56,1.6670345504229143e-17,8.124803279968438e-31,1.11894752296749e-46,3.425831039262311e-24,8.285056250543125e-12,8.540721199607802e-65,1.3126967194680397e-35,1.910231453142955e-43,5.163872027131163e-45,1.99337234677871e-75
6.769782112217919e-182,8.28762294878344e-89,1.2033951497801713e-131,7.121716941523999e-114,1.2941249171549112e-63,2.1367418053906174e-59,2.753207893193305e-41,5.447269470961962e-48,3.0697129164009936e-23,2.1527319236473655e-51,2.166517601418964e-40,2.914874197359987e-10,6.619690847715231e-11,0.021833869307524664,0.01377261325392341,2.2673864960213434e-18,0.0028021578703865914,3.547810248473842e-39,6.077906431591276e-9,2.3451812444902978e-32,4.7646263178872235e-6,0.01815714366441217,3.1637037027783837e-23,0.04459507890515478,0.3099406902531326,0.15889897666101696,0.1303127633568786,5.3400581365371574e-20,0.01603863731970101,1.4095703439358543e-8,0.17345451553150865,5.497970124396089e-10,5.970101829626295e-14,9.304050431951195e-22,8.930559605240752e-24,2.923244322138552e-41,1.6929685101522835e-20,1.0065527226098219e-24,5.077619082082801e-15,0.06204493780750427,2.9889233192614085e-31,3.2285104973013423e-25,1.732085873980565e-13,4.181294462921324e-21,3.5570540013894986e-18,2.4562005914669674e-38,4.947590140485557e-35,0.007714284793273164,1.070748125222515e-38,2.7680373889529244e-36,6.415777856774644e-54,1.1126032863661279e-41,4.240222018440232e-73,5.5809498043196705e-42,1.2420570208551272e-24,2.754625659459904e-38,2.080689019027254e-61,4.2430672012139463e-78,9.668546198459793e-82,0.009323496938438126,1.79564439584421e-29,4.183071631295654e-66,1.9530465018661926e-18,6.372830451511623e-29,1.218771515612441e-52,1.1858851224306114e-34,2.3094791496233727e-47,2.228810531125452e-55,1.3047887699550295e-56,7.418248784160229e-59,9.719339615332095e-53,3.0734116863917733e-67,2.332648554397573e-44,3.852407642582234e-40,7.0246373743704255e-53,9.923616684629809e-53,1.0820796175503798e-78,3.1826813565252823e-27,0.03110604862916563,2.1989350695081876e-46,3.621606752715905e-83,2.43764404507874e-49,5.055791771940023e-45,4.353608881286976e-46,3.547622091612882e-91,2.1457783828911256e-68,9.457099304530803e-44,4.188900914469217e-83,5.266053408554933e-47,2.343901216451132e-60,3.323282902034695e-13,6.4716553941866924e-37,1.499359056988653e-108,1.276346627263866e-85,5.796826916505086e-84,7.886195747512363e-58,1.354270875044847e-110,4.770041652835384e-111,8.97726399731113e-124,5.892058073401761e-126
1.4484442803137058e-250,8.854951097299644e-266,1.2486537969376066e-176,6.496729430521692e-221,2.0267805131430395e-205,5.334647084697989e-96,5.656299293508041e-146,8.213430854233358e-85,2.6268882385165158e-18,1.3780716317413793e-19,2.574741994820796e-65,2.3542367888581453e-26,1.0677528635602435e-32,3.946570044296174e-77,9.135512687293206e-74,1.8881476677696226e-67,5.06637683247094e-38,1.1255354356319301e-97,5.8115082471760286e-21,5.399779652353395e-112,4.75185606706637e-87,2.170875106502707e-38,1.0879634743416968e-74,1.7376730404661304e-72,3.681596953304932e-77,9.64477598674305e-115,1.4663555340027222e-35,5.177263650254127e-56,8.823771943905758e-54,2.6850025835009593e-56,2.8211932116565607e-32,5.842232547887045e-71,0.005244917802142593,3.5153365113912183e-39,1.1036553355723999e-13,2.733597658097109e-35,1.6358535696596047e-55,1.4157227708728107e-45,3.156608420818941e-34,9.87956447786158e-46,1.9551340928000034e-32,0.005896660690351129,9.603634812536656e-26,0.015243487517517538,9.655990414343574e-21,7.876346197112838e-36,5.1194108505077516e-11,2.845229261102093e-30,8.699919834819968e-29,1.2875849342787285e-33,1.2923549872682773e-9,0.008496439651780483,0.020044799198204916,0.02592113495012561,1.287459684288028e-32,8.093114909599724e-27,7.401701493791705e-19,1.2938400620646503e-12,0.020214811906422128,0.017590343335354294,1.3747549812989922e-34,6.5080729426071635e-15,1.8522263055151178e-19,6.896275088336311e-16,0.03266543945153179,2.0860655934586877e-19,8.263914217144704e-19,0.10331709086852675,1.4963295220030364e-19,1.2524386977489364e-15,8.825462575193411e-7,2.9472790291194614e-14,0.00556949677269524,0.08819433903128267,0.2037187066809051,1.036136107838612e-15,5.2776537745540063e-5,1.2807238053915584e-27,4.748292346713454e-5,6.828440967504667e-10,4.851102484477357e-12,0.0004782440932324645,0.13500069105088564,2.551243200530968e-12,0.24655404587545746,1.2940397944452135e-12,0.029425629823166755,0.008290458754615048,1.8920148278546455e-13,0.021333185113939678,0.00012440392942103076,4.534291940361931e-18,7.011596859550443e-32,0.006574529458248137,1.2820853114378938e-15,4.0832856432880755e-47,4.1806926701123034e-27,4.454462830489058e-38,6.959537367753369e-51,1.0083493438945605e-36
1.9747523265922415e-295,3.42704882704951e-222,7.371524549533979e-223,1.8686593648558282e-178,5.369606613342768e-56,4.401333087275356e-115,8.169190671653447e-161,1.9986027182132786e-93,1.0685767584657777e-98,6.368402310131656e-76,1.8177253676174108e-82,6.584579448207349e-77,1.883871522346703e-49,3.069230931773219e-67,8.502979335377117e-70,4.459037885625293e-54,2.9415603550346565e-38,0.0032449188916725135,2.943826854431725e-94,3.7480879134044135e-36,1.7536385327473952e-101,7.491364757017084e-62,1.0539732579090549e-39,1.622597637643407e-76,4.031055039440093e-79,7.049347873479012e-91,6.011852250821131e-54,4.5954830703282024e-70,0.003706843396567473,3.3994644726820604e-82,5.431629295671158e-48,0.01633379484176822,3.19634606144616e-40,0.01050789948054593,2.353487307096966e-26,1.5769654886211853e-40,0.014945209262570931,0.004175981004991256,3.763788306334588e-28,1.0850323074143802e-44,4.384149709259875e-50,5.727760746875481e-35,0.01299324002890627,0.037740300908289066,1.8001328429456818e-6,6.446895525230025e-29,0.12471428059736521,0.3728279553459067,0.07301896553453893,0.12257688739030621,3.777907713521249e-15,0.07233707688414272,4.291946890535619e-30,0.003654231918618734,0.013280225716965717,1.44920715878287e-33,7.252066021449234e-45,4.678989735793855e-39,0.013891608577549223,5.820777634550992e-46,0.007977041619890924,4.4035177145851714e-43,4.091104039631715e-33,0.016521184857473534,1.5089137339997008e-8,4.066289529652002e-16,0.026150668924377826,0.020539699455939135,7.029635433880739e-35,1.8164900231846258e-41,0.012471826598999479,4.700487097419519e-35,1.5156668139811031e-27,1.6226128617947833e-30,3.838139812725875e-21,0.0054347702520978125,8.135632210497039e-25,1.5560804954374317e-18,2.5511924494735046e-29,6.020143090499356e-13,6.385077197131719e-33,2.0330046773651806e-42,1.3391831583056415e-47,2.4493209827367185e-42,7.290809682922466e-27,4.265273748392138e-40,1.1495962559455598e-35,0.00763218742426936,3.8183714588729967e-44,1.172360836393372e-55,7.34237927858658e-44,1.6735617839283343e-18,1.7097806340603887e-18,8.070778067742928e-64,7.084783853072341e-21,2.3626601175130707e-16,0.003321385863660144,1.6037088822592556e-109,2.3686454977766476e-24,3.256909134749457e-89
0.0,4.9425385e-316,7.105824002065712e-225,4.931145390144797e-195,1.4078685283194306e-205,2.4953858601569798e-65,1.3742970993897797e-156,3.0571053753148452e-109,1.6934190037648192e-63,5.542741009952393e-83,2.6691217155764832e-24,5.519189800079071e-70,1.3248893182303198e-27,8.75808986832827e-86,6.6978299535167e-66,2.983734814838445e-100,1.0371206381680302e-29,7.697127751775097e-50,2.1736639364136325e-86,2.777113404253934e-83,1.0278024534657986e-61,8.159650024702179e-67,1.2609072488141762e-76,2.815112389425777e-67,8.874615308465761e-97,9.706597360680687e-84,4.728574336488482e-47,9.204784334412118e-45,3.3732400035921117e-43,3.1023879720474815e-36,2.794943195613394e-40,4.9707361600556355e-52,2.620373447955283e-22,1.2725639758707583e-39,4.8618466286631076e-42,1.5887704871334923e-32,1.6905080436345726e-15,7.724204335801334e-38,3.8086512118083664e-19,3.4809458730350647e-9,2.4989612755370993e-37,1.4672143872366111e-22,2.0878293616980337e-31,3.2675792285211466e-19,4.073631418565392e-20,1.0400162689717015e-36,5.1961261523249175e-5,1.0435740412664009e-19,5.425257090698092e-8,0.07078079532450307,9.106737869406292e-22,4.7038959175986e-14,1.5762367136813034e-15,1.376189533739612e-20,1.8912341955680885e-16,7.122644220319502e-14,4.927262116365359e-13,8.577061380679077e-16,5.838877835637746e-9,0.039018195798165956,1.1158732373558117e-27,1.705755524001055e-8,4.1369855049606455e-15,0.4504783547449187,0.16125334389548734,2.2806921335049426e-11,0.16766772580276276,2.4764828153242272e-6,0.0001769887598478866,2.3795727661778877e-8,2.1721449313146057e-15,4.576074371639422e-6,2.0818443940286462e-12,5.661569692840849e-6,4.331953797181046e-13,3.2689845024434784e-6,1.9807797298494197e-12,4.0170073255481096e-16,1.8367694495497174e-12,1.6211423229685375e-18,3.477642564881808e-23,3.4743158560728394e-10,2.5798881419900808e-8,3.1494152687602906e-17,1.572102505826025e-19,2.5244524974342612e-21,1.0166408512442127e-20,9.490565895444504e-33,5.552445559702955e-26,0.034682384977665466,4.416032169913499e-22,9.390424339650435e-27,2.1540805632709133e-22,2.991422242635357e-25,2.717857029920987e-34,0.07587413572199127,2.8336829920403735e-38,2.793013720420407e-55,3.176547098719294e-64,5.43374067951254e-19
1.4254742653e-313,3.0547731926653255e-298,2.3120862223934432e-151,5.803081343888213e-206,1.0382458773547725e-180,4.508894203701027e-85,5.792503306694797e-143,1.1620500381391915e-120,7.380239910645842e-77,3.674385830849586e-140,4.040216124029228e-13,2.704105775661406e-84,1.0858558844748026e-39,1.53665320326757e-64,1.1529491731502982e-79,3.464745326761228e-101,1.0814408550383923e-98,2.3508994389953065e-15,2.0783616068751678e-137,2.9467562582346666e-103,9.856013900039638e-89,2.484221865380707e-90,1.022834083343374e-92,5.097737576969014e-75,1.1133146022072138e-152,3.74822070426956e-185,8.614899260055144e-98,9.429611477110961e-89,6.689352474024057e-66,4.440340953916891e-110,6.5014495744419155e-25,1.0228866429945533e-121,4.872306411253881e-13,2.8564088585029193e-44,5.462786019404271e-41,6.1801322421116815e-59,6.637457014158804e-41,3.264386608972174e-65,5.739707594265948e-43,4.5880759702667834e-5,1.6971914751463872e-52,3.278561348625702e-28,0.012315871074237341,2.672053787795647e-27,1.6450899988044822e-31,1.1730428630543438e-21,6.767402226053415e-28,7.023395793710129e-23,0.0013582664902013339,1.5740474980960384e-42,3.193864934716116e-23,3.840507917701048e-30,2.8843264908210354e-11,9.909678193059757e-35,3.557849576256495e-33,1.5595050955152865e-42,5.138728738474405e-25,3.903356887278547e-23,1.5613176275274038e-10,2.2088276110255192e-34,1.3844222791684557e-25,1.4550107711075388e-25,0.011888788339487456,0.0002713479348716768,1.1310417357670882e-6,2.0662821005752395e-7,0.02180924702527132,2.197995056732884e-9,0.004278008192592809,0.0033097280079057764,0.00025977421052374454,3.398259569848168e-5,0.07433786900092654,0.060230525940001445,3.3605671046616525e-8,0.08431756235888965,0.0606076789993092,0.019627325755705347,0.00034496401939068205,8.817244446235796e-12,0.031769787469434194,0.14532047275739715,9.411558679192296e-11,0.019508817470873064,0.11431275341190301,0.0003340924889453419,0.08984173024756913,0.08757134376671115,0.11691290155116912,5.795093281185616e-8,0.03930802727184858,2.933054611892163e-13,3.2870800464998835e-10,2.1531824800849958e-5,1.414048974516782e-28,6.02889922852936e-5,2.93163357246695e-33,7.904135823954424e-38,6.118965082130509e-19,2.823956418256389e-23
0.0,1.3406049557357275e-221,1.4191865966602327e-130,3.6109792578491144e-195,1.6454833431269217e-67,7.938591741169547e-94,9.192819217012971e-116,0.012767366468853222,2.7983553411337264e-52,9.796940909988795e-104,1.5172821220862003e-31,5.888313427421298e-39,1.6178055060039823e-57,1.5169856916720164e-74,9.063445742163834e-107,4.295377187104342e-94,3.6287622956311945e-36,5.215048827837564e-93,2.9784081943996504e-92,1.3779088690505606e-80,2.5066976049933426e-43,3.097765276378759e-58,3.719235531121122e-47,3.9197522050764e-27,5.464225465992305e-47,5.274795392635506e-85,2.0613654468122346e-58,2.5630202212294613e-61,1.5342630078611877e-36,2.245301805674176e-50,0.011417214187835801,1.078910085640599e-47,3.2947719363557906e-26,3.93133546018032e-46,1.4454750474386262e-27,3.719001174212939e-36,1.7413367316969228e-9,1.8754266238069954e-19,1.3563756010230464e-7,2.4688489310961224e-29,1.2034060136007317e-21,2.181973395711776e-24,3.3985129154663865e-30,2.653259197627144e-11,0.09713772505056166,0.025413543917841817,3.340336323595223e-13,7.493225551860005e-26,5.762633753783093e-21,1.1855979472203357e-30,1.1539598634888633e-22,5.296644288301963e-29,2.9227886806157584e-14,1.7071090933674897e-20,3.5898259891957336e-12,0.009093019319077569,3.9252500977562893e-16,1.9193560208330837e-30,3.5772573791384886e-34,2.0772423350506878e-19,4.238059719155802e-25,0.021493833628234885,0.08158443908014544,2.8323035491219508e-18,9.504324751329549e-12,0.13393115248752357,0.008074662527973774,2.6832068157064242e-14,2.6173189007740784e-9,0.03287390207998075,2.6512815733271846e-16,0.03698357098084062,0.03596243646064645,0.08046191317871448,0.07071712277185921,0.0813303883136965,1.233922051853149e-6,1.6712956225852512e-13,3.266401516430802e-14,9.432701650138177e-15,1.5026299687410365e-10,1.8965180611954858e-30,3.2921192407411674e-12,3.094099113939749e-17,0.0003903208356001464,0.02365240213401391,0.05423461570792843,0.07237867809052641,5.052605341387278e-15,3.819254003389053e-15,2.309585138254374e-21,4.99424822160595e-23,0.11000632801983323,7.857197227064019e-18,6.242858498066483e-19,9.39896941391137e-5,3.4062967661925936e-28,9.521147031994314e-10,8.634263309461064e-35,4.0411587649181684e-29
0.0,7.31517974761632e-307,4.727474064486281e-249,0.0,1.7123395617120096e-132,3.066950826866553e-90,3.833547626777389e-169,9.22458067612631e-165,3.150814843580845e-171,1.9138717411736377e-74,4.364060709110572e-42,3.144699566414759e-89,7.256940358378048e-62,4.741495765509165e-101,2.6728569337073734e-134,4.346133396711875e-115,2.4798317792720167e-72,1.391296873154164e-67,1.612199886386241e-120,3.056732791963125e-82,6.301115232393263e-66,1.0235782896646232e-145,4.410592399258592e-43,4.332022015770607e-62,7.736257320067421e-130,4.7888413764052944e-154,2.2072244626730853e-89,8.415042094629084e-105,2.838294902027467e-76,6.507561094573036e-119,1.5181356890822968e-57,1.961195428339268e-134,4.0018368012796855e-55,6.583926108015661e-41,5.055086433059653e-43,1.2118102351217424e-66,4.9333717006163805e-39,2.8198228796924866e-85,3.8318983467178e-48,3.6159720807222774e-68,2.3215896229299403e-62,4.1104934681318786e-54,7.097690384213922e-60,1.0297320038083317e-63,1.6781982544005407e-26,7.369882044897237e-39,0.007851535186777763,0.008633059003813549,4.85941588743684e-39,1.1648869112778217e-44,5.556197496249585e-29,8.087985156700818e-51,8.497943869024413e-34,1.3644620957208675e-15,8.154204812191574e-54,1.6486259767061975e-12,8.663892689411378e-5,4.150186139169778e-26,0.011329672810191087,4.257480259139087e-23,2.1582820933247127e-26,1.1234275357865474e-23,2.4709347630371585e-5,4.3457781393993735e-21,9.700474192550587e-9,6.298725399044494e-8,0.001045869424455066,0.00030322123045952956,0.0006417769066197707,2.372778894428819e-11,0.04095744240024042,0.06512679962920577,0.05444827885632517,0.0003084466474614895,0.04337882955428341,1.3588849797504303e-7,0.11409671385623457,0.09261006873182905,0.00407225766463885,0.1303020797579378,0.08644401809214591,1.5652363721886748e-7,2.1389423619742468e-13,0.09787788716428,0.0076460749619433385,2.6689997220036033e-9,0.025366041186927087,0.08130723547712664,4.118636154830782e-11,0.09414756931811621,1.4039379822511458e-7,0.0002595217211995383,4.114527904714749e-16,0.027490336489625795,5.650561051228426e-21,7.96858566882379e-16,0.004243407424197115,6.969865233800226e-50,1.947710424893394e-61,2.1115370482909884e-56
0.0,0.0,1.728062477795516e-259,1.1566883617685974e-308,9.045808920412264e-245,3.147674859278811e-157,2.2009950350498308e-223,5.2618659560282926e-180,5.979936969267107e-191,3.712604177061706e-147,1.3748649637775475e-121,5.314937908777658e-100,0.003747584111234812,1.3222809598469956e-150,3.0832208901700184e-73,0.007783039222714829,0.003889383411984041,1.8884716251964568e-128,1.9608168630736988e-37,1.4124767545255527e-71,4.632422452148847e-86,2.974706229137275e-136,2.1806778216340875e-68,3.836990189466635e-119,3.503447681285179e-94,1.3702265730959335e-154,2.865913890252072e-76,7.506507670439222e-118,1.379503843922669e-107,5.376219334129643e-144,2.0304293403654595e-84,5.081740714943207e-119,6.758295373158161e-81,3.3033276573611384e-23,0.0040083961707624224,1.1609785622818983e-62,3.409025380738998e-30,3.650921168573395e-98,2.726547325372748e-84,2.627724650330256e-103,1.6108862544516697e-52,5.7893444557833825e-83,2.5370600280540253e-75,7.638592234421843e-14,5.471284223479954e-87,1.0400075748216218e-45,9.722289908384809e-63,0.03309667124187257,0.5154426918250259,0.10539868535574194,0.08654930426141871,0.02355865173816461,0.022593037326121328,8.168348978252072e-68,0.012322961107866506,0.003999371313052788,0.004183695622545829,0.027667505612579548,9.935814537107042e-23,0.004342470853109392,0.01499487603208649,2.467768720221923e-43,0.015519043540545436,1.963371093265471e-20,0.020031382816660195,0.029545720790643094,0.011368722654418666,7.606032333256928e-46,0.004435550746277039,0.008236778642676025,1.728127320625482e-48,6.511964453600125e-47,7.761999757483347e-59,2.1017947159495703e-72,8.05151820833438e-67,2.9325514733970354e-80,0.02112183045537947,0.00826138126793193,1.8923049937067743e-55,3.739674749603953e-81,1.0718169159956918e-36,0.004090079740941868,1.5202537233191697e-91,2.49617242588494e-52,1.481624749997047e-97,4.6387031217973897e-63,1.4890719326803899e-103,3.462660876118818e-42,2.897829767214151e-106,1.3031312714614886e-100,1.0325983005041529e-93,3.992228625450433e-102,7.475812671835088e-95,6.405118788630192e-64,7.332468354019691e-107,3.990825042913225e-7,3.212380506837153e-62,5.965594870383352e-114,0.0038107850556639553,3.009712451840568e-160
2.253819950179005e-207,1.0067867717278197e-77,1.115966962291965e-197,8.460164935096688e-141,4.208381898679808e-116,1.6581348047276929e-56,7.677491595078251e-112,1.627095246161878e-71,1.0634262762564313e-65,2.4131802889439414e-58,2.0978067774910345e-55,1.4022696677728679e-47,7.374694559001178e-37,2.520925762154376e-35,2.779666389879533e-26,6.56614411741496e-31,0.033015803030112596,1.179599642427929e-67,4.2750896693753545e-52,3.7841914301201076e-66,1.1707378906209076e-46,6.279892078342344e-31,0.0006440723499224691,4.311079740894114e-38,7.710817101753397e-32,3.2442880383344453e-40,1.184427090758338e-32,6.707782784945964e-28,2.4473492442980594e-41,3.253651557838965e-31,2.8806625359575044e-17,6.902340411503437e-20,1.1299050167786807e-12,1.845997634397851e-12,0.10034767524377498,1.2577408632716033e-29,0.14295317776821262,1.2541873568014324e-20,0.02708261027042954,3.972644991357118e-15,1.8005982564578015e-11,3.704592870242618e-23,0.2655732524247761,1.8754939094207736e-27,1.125693725121974e-9,0.02917568215656009,2.1573653379848815e-10,5.068941804147787e-14,3.097681210775688e-20,0.062293282076750174,0.1684665841313297,2.580333676624785e-21,4.1954138190207854e-7,5.8060362004229974e-21,0.014939516494913443,0.04873934350715716,1.360029176905968e-28,2.6988827886174537e-40,7.488272913630758e-12,5.435185165892319e-38,0.03406228489459439,1.5757104810410257e-42,1.1045708991897697e-31,4.9440586663370095e-20,2.2250219265059546e-12,4.727699419620601e-25,3.6104121395998436e-22,1.5346557504830282e-37,4.087864991721278e-33,1.575769746633645e-21,9.727117049916179e-27,2.301216821884806e-17,0.029899120230085778,0.020503703937202293,6.331330421474691e-43,2.5187981891073756e-45,5.487795765240046e-36,7.811337159966236e-35,9.832847691949404e-36,1.826401065486494e-58,2.952608272618559e-43,6.303231999341672e-39,1.8522426929240967e-17,6.463745573883892e-26,2.1429971835742472e-39,7.66657099511526e-68,2.2462816010338123e-36,1.4980341347616535e-48,4.307103024221202e-54,0.022303467622355896,3.3175705613553583e-38,2.9482408812867555e-9,1.991329933136916e-14,1.142763207345519e-57,1.1958169127540265e-24,1.8906522420617142e-64,6.1619083814396e-67,9.577522730916594e-99,1.3460051042064242e-41,3.9003462970576856e-126
1.7201585125659712e-295,1.2567188536798842e-126,1.1798520170735752e-140,9.062534604870216e-245,3.487739038367891e-275,3.2278707617664414e-185,0.004797882005269629,1.3282729728185516e-87,3.053939925596966e-198,3.491075300606311e-26,1.4399231804594896e-82,3.008554009267562e-64,1.266390890240468e-120,2.4210094764280095e-30,7.416893000759602e-27,0.025767436482503518,0.017992267112357525,0.015374224088966158,0.01761382874694613,0.010389457755120316,0.019215688836168393,1.930975204613399e-33,0.014891225990755099,5.007921330923503e-13,0.012323936282193516,0.010260971739864764,0.024113336545581104,0.013607819091358522,0.019356348119252256,0.0350018850168104,0.014743089199340857,0.02261762726231065,0.03960938527227032,0.03584991752796126,0.04934372313833569,0.056788830539442614,0.04637670676165465,0.05205911527861416,0.04725695409803469,0.017426050532174334,0.026136206987756982,0.01009094810404537,0.028903902705823662,0.0699865203773151,6.105032932524359e-10,0.00270225952292882,0.037438356792485764,0.049239053367550786,0.03803188439685547,0.0570680886505506,0.03329350961187403,3.51271150479544e-18,4.435409562449282e-10,6.903436884980898e-88,3.4351611522021676e-41,6.983542951915699e-97,0.014539776700626937,1.0447747077238509e-181,2.853632113331706e-10,6.845439380655643e-136,4.162312283294439e-105,4.565975573989812e-99,8.332550567564621e-45,8.254268461724682e-55,3.36757970600328e-8,4.0673248254004853e-57,1.037931327807428e-106,1.378184006003273e-106,1.9678044337830155e-222,3.44679235040601e-60,3.657595311058736e-49,0.00485803566666037,6.607710149723314e-168,7.467527619363952e-112,3.608047426728992e-110,1.1349602194588718e-86,3.246013483656005e-210,1.7658564079837667e-62,2.2387161571626197e-137,5.155517983625082e-94,0.004933714676534059,2.7654474473759494e-121,1.502617162423951e-142,8.480893267275562e-180,2.051852741298237e-169,1.2741232449024924e-201,2.725994849733863e-138,6.296045150843101e-213,4.675884836675315e-124,2.313097780620528e-58,2.505084162894612e-168,2.3847715197469525e-210,9.267867227845611e-132,4.992233491882463e-187,2.71630016555712e-84,6.902449823776433e-109,9.982338470254105e-223,6.271368939222876e-299,1.6578398532875616e-180,1.5770912265234065e-155
0.0,0.0,9.135917564991819e-251,3.682634784113528e-299,7.210094887908992e-209,7.701763129212317e-75,3.0735824924702186e-149,5.282248522790966e-119,1.0440735628239415e-142,1.8972118739948806e-197,0.0010294332346644389,8.164808218468519e-49,3.4422573553176907e-106,6.5911586549841726e-133,2.2426863603544178e-173,8.415373052364566e-125,3.6119915347416046e-145,4.932364375694133e-124,0.001067796057707822,1.3899251421251591e-126,4.740629934764339e-102,3.545457113001994e-27,9.832641153330845e-180,7.917900534341371e-10,3.9848314410279096e-148,4.164752238357484e-212,1.284825350220667e-86,2.366828738738071e-131,1.6512320340303412e-101,1.6526510310525056e-118,5.428076593704833e-79,2.3879314333576238e-56,1.7459835176090697e-38,2.2156472103934176e-90,6.146281102261802e-66,2.6812561126580313e-18,5.127766569112984e-69,1.4131443553999774e-143,1.0007580705627313e-67,3.888284863234023e-16,5.58505032517405e-58,4.962316905622658e-56,6.7297794873416115e-31,7.30419246523615e-57,5.470267561228857e-89,3.507155998992506e-71,1.2513375470444384e-12,9.618363119227847e-41,4.4653704446841343e-35,2.0303934735825745e-29,0.0027534413747923475,1.419100623932802e-31,5.0050301196510355e-39,8.784896610197942e-41,5.346150939642223e-72,5.62381741039077e-64,6.242673630787692e-21,4.350362032284055e-46,7.459768697016026e-33,4.8748779286659035e-52,1.0459687667007529e-17,2.5760233463545763e-50,6.3587857378717e-24,6.328330671317841e-36,0.0006122094048958173,5.7447980679392495e-11,8.191293358110261e-19,9.217773282815583e-22,5.545303462499869e-22,2.9591274377487065e-5,6.734608271246199e-21,1.8866727259439863e-22,0.0023180181743668172,5.761538389576067e-22,7.579682453314939e-23,0.001159931029987421,5.393603056273607e-10,1.8391201869234442e-34,0.000621776196781915,2.744515845516522e-39,0.004230067177377815,4.43769316802426e-14,0.008110953866317184,0.010510389340771273,1.7412228098015272e-6,0.01334841844985343,1.016786648916946e-8,3.700080628480647e-8,7.883888630108895e-11,0.02752020941467493,0.05468461563055564,0.07765852559780666,0.17710958270030525,0.23792972930148382,0.1945639381150824,0.12441300964894937,0.05257614811022424,0.005012016659671058,0.002738409379136937,4.79565968673763e-20
0.0,0.0,2.0313062866979945e-291,0.0,1.657543311684926e-298,2.1735006855062307e-47,5.49597883966454e-261,6.856707452256121e-200,7.531328812270528e-128,3.091775518274323e-207,1.1015619737052751e-60,1.6903326245381862e-127,3.8076458761579585e-71,1.1138402618088553e-100,4.443593725922984e-140,6.289861725697914e-117,1.6136804907800602e-125,5.665891897726963e-90,1.822518260005851e-182,4.358900243763023e-108,0.004609786760763535,5.923965810752782e-73,6.06650364687358e-75,1.6531858560204082e-68,6.131742081237617e-158,4.464079811399683e-155,4.3593691153015954e-120,1.653174785471515e-150,1.2382313402436977e-92,1.511275308013228e-123,2.7387549419816275e-104,1.9188648646722828e-141,5.818891260004403e-33,7.935070076138466e-65,2.9509599930882867e-55,1.3012909917679734e-107,4.0998834889204896e-48,3.71810616740636e-86,2.760595047346823e-58,9.988386067052347e-43,1.423611865029197e-46,8.330483757591673e-83,2.031361425195269e-40,9.11814830206681e-59,7.255239752326864e-57,1.5616257036472282e-74,3.281884230795853e-52,1.775752139914885e-48,8.796045523525944e-26,2.2731573980561792e-52,0.00659560409410268,1.4352129229470605e-22,6.268985621032275e-46,2.9066185182626746e-60,0.0015098016790879032,4.547390168884738e-48,2.171534691089321e-46,3.5543846566632936e-24,6.7407863203362595e-31,8.793121327648169e-54,0.011952820846445146,2.6260665908575674e-21,7.388073443576791e-53,3.7851734752220336e-25,9.056679502494993e-6,2.077386977425598e-25,0.0022366631938454426,6.101654505247215e-15,5.931090225425461e-26,0.03395786829437995,0.016083248376880674,2.426619272771402e-31,0.021621692334563493,0.21437584857276568,0.3033218577624873,0.0727224645965378,0.07141924736492235,0.01506258163559135,8.966769959646461e-17,0.01783153305494089,0.03163961722830623,0.06914606667466475,1.3924521789653431e-12,0.03355073031273478,0.015621242145109336,2.2433745832900782e-14,0.015973862592337792,1.977427762264888e-7,0.015434456653223438,2.1747304622511744e-8,0.017073273141057464,1.3251479766269984e-15,0.004286535932739515,9.34813811900414e-34,4.555720577497154e-44,0.00396392058150676,6.848608219449852e-26,8.980774479093045e-67,8.113165517443228e-88,1.890162880855403e-53
1.3942957540875057e-295,2.1183578664310677e-153,3.26705346953914e-185,1.64892273914226e-164,1.0729413524514285e-174,8.523942828895097e-106,4.243575798789451e-168,9.22645369379508e-95,1.5147942851768075e-75,2.516449539594082e-53,4.847001572778173e-67,1.5331127322678295e-31,2.542988612662181e-16,4.4313223418064296e-74,3.3461552036824694e-46,3.088926468152945e-28,1.3465666952967429e-46,2.3321695631995263e-23,4.428864819261384e-91,7.415720020213617e-106,9.588726984832981e-28,4.189227881399223e-91,1.4602669226386506e-106,0.003177773558249579,1.5546921646030487e-12,3.8899391392909624e-79,5.717560255458685e-47,0.001126709539296946,1.956238607085637e-24,4.18051491941208e-76,0.008235228173093835,2.1921977227269307e-35,3.0855038418012207e-18,1.2415630090540069e-35,3.9486214977787964e-23,1.7776263116754256e-51,2.5312813707541916e-23,3.0005136005931648e-43,0.0036856512285475553,6.327499025065053e-41,1.4194858983150332e-43,2.503214969729134e-29,7.250099602472015e-23,4.691077958319928e-20,0.08578422299821561,0.3303845657833416,0.214984066075771,0.1455837423175062,2.8551770424612815e-25,1.059375085568717e-47,0.007068003571481988,3.5570924637748213e-31,9.716231911145796e-19,0.016643838038805755,0.01638501900943707,8.675369667565244e-15,0.015530520249681821,4.9920502824550675e-54,9.353999627777332e-17,8.138756435344454e-39,5.5535978143811125e-37,0.003900847286795395,8.877593766648229e-17,0.02008620961839798,3.614751564118209e-15,2.4456684602631097e-16,0.016655770427793946,0.013997263137762889,8.19182826163904e-20,1.962215503829151e-8,1.0139352418661286e-8,0.011375923759983463,6.903440176902454e-35,5.524541935349485e-27,0.002329100465908893,4.975693836427218e-19,4.835657436422735e-38,6.6254597666706485e-22,2.0358174833106472e-13,1.8068497968264998e-16,3.6761911848923763e-32,0.01531817701434437,5.702954980575369e-5,0.00010781220175954077,1.1906570820462105e-23,0.019372586264277295,0.00830191618459671,0.00875523527764004,0.007918477751799964,0.007752957927668422,0.015398189424308976,1.093418993563436e-34,3.0081228649462676e-45,1.5294334138541427e-18,8.313340044850559e-5,3.4962277471252887e-51,2.810643472898788e-59,2.012488444362748e-62,8.607143815008529e-28,8.74805765549406e-59
1.0739763942992336e-241,0.0,6.314960571829235e-238,1.7430168117370922e-83,4.904426122443604e-132,9.990131938280254e-100,8.09702375918532e-86,1.071385451975381e-71,6.033169553941441e-69,4.913186567318891e-100,2.319434165048454e-53,1.3191434388984251e-115,4.602751164472435e-47,1.9871175449519913e-71,6.964624413140749e-120,7.146495309363714e-117,4.175883207708028e-59,9.614279501291905e-132,4.979940799163359e-22,2.2851751246290643e-68,1.913455990040736e-61,9.776439601461506e-59,3.244438715200318e-31,6.150573760039642e-21,1.3023987716264868e-18,1.2043948180095343e-33,0.0172217732274429,1.936661494928789e-22,0.023605667439542295,2.9417860472269377e-27,1.3919965239830628e-23,1.2306903965755918e-34,0.05336823590373538,1.7678759574303092e-5,0.01342403232211187,0.0652764921124564,0.011747040327484075,0.04166148074420044,0.04444520997057031,0.06980849194132678,0.0021515814668065987,0.07683680723721234,0.08427661774506498,0.01324795526227912,0.06533313017370021,0.04968662531207952,0.029365211927143482,0.08394373763073891,9.260695857294194e-17,0.13042337782108346,3.857876213946983e-15,0.004665678010401297,1.822317829202823e-16,0.0782171127687346,1.5901212578132517e-42,1.2361027301874895e-13,1.3643150627918555e-57,4.3759464345207786e-49,4.844775405050518e-37,1.798159195734131e-74,6.286074915901765e-48,9.664720656332467e-51,0.006852128472765014,0.007082029921735474,1.3761956912025546e-54,0.015144880417064464,2.647362221934535e-38,7.736461255207978e-27,1.8679690861293682e-59,5.346334236444995e-40,5.484560907287987e-64,1.2608434555992544e-19,2.280192875356343e-38,2.3432407726224452e-39,3.4421374810631234e-43,6.733985656926802e-50,5.375244954142875e-42,3.333446384508068e-58,0.0058957124508755695,0.00630131063374254,6.553182771928905e-89,2.441992382431052e-56,1.3748835178229087e-41,1.6133499569745608e-66,1.431846467335796e-75,1.7036837562305858e-35,2.1252958734215388e-37,3.9418981457444933e-85,1.3016624255824269e-70,9.716449549237965e-44,6.113630328579639e-98,1.0399484905273221e-79,2.115197820079836e-83,1.9127152225461948e-73,4.1391916728879406e-74,1.69266018704321e-40,2.073699764355964e-97,2.158817310002284e-99,3.226998186805367e-107,1.1135995077960182e-106
0.0,0.0,0.0,1.7882946490316589e-236,8.562150691283109e-306,8.257109358312398e-203,1.436912961103472e-69,1.6741390798873002e-161,1.565273726614451e-118,2.290665682195784e-75,1.0126280460070452e-147,8.949916089620871e-146,1.9836454773166593e-104,8.891229231295817e-102,2.9489968442669595e-70,6.292146521955694e-52,1.1892749151879287e-57,2.119631656897931e-107,6.580943100714003e-104,2.0960933968623196e-88,0.005113636992256725,5.647082899241049e-83,1.147691147078977e-128,1.8226386982430015e-129,7.708390526551418e-161,5.276455376601816e-116,5.031524703430807e-50,1.6647943843704384e-61,0.0029663704131530945,1.376017373956065e-76,1.6365088677700277e-81,5.910187431883401e-43,3.857644679720162e-70,2.7236949183177313e-76,1.3355217513105531e-72,2.2125713312584456e-43,7.253061188004973e-29,0.005501211090526801,6.639363240593707e-65,0.005216622434077572,7.058992880642623e-76,3.170633084849642e-63,1.483902344798047e-11,2.062646094200439e-54,1.17708974148371e-72,4.1783290197951275e-49,0.014182256831079888,7.427357706510141e-35,2.69217149587988e-63,2.0151464269096721e-25,0.7270294974164732,0.12719904821040406,6.936229343317628e-12,0.00811593843253802,0.03306918295129402,0.01765644573512425,1.9616342918182892e-26,5.7055787322517055e-33,0.00933384461400144,6.301290939756342e-64,0.00024070538819752582,2.6017038849869203e-90,9.135704019497211e-68,1.7997068361580135e-15,0.0004902751858485618,1.2169474949886693e-32,1.2280371287063885e-33,0.01800252688945641,5.637407154325782e-44,0.006006636306993492,0.0061341645319519305,2.2897749625314805e-60,1.3412277183451299e-80,1.7981841815839613e-100,1.1751731335566572e-43,3.8958333812988126e-45,1.4233016304730787e-96,4.71637781451965e-26,8.123071868035117e-53,3.1916629660368318e-77,0.009470879828219344,4.475218926071316e-39,3.3762248026254112e-68,1.0323621457426695e-113,2.3192781285993428e-57,8.739046848456214e-54,2.786931919252749e-110,4.903040974591185e-98,4.9602344777015216e-67,9.757168359123317e-94,4.0781476068283213e-81,1.9878200108701448e-116,3.35671958015468e-98,0.004270756726626518,5.755478039381434e-106,5.185514619842798e-64,1.0123702847406274e-77,1.6841121763387402e-221,6.497345239961388e-188,6.611883063323551e-127
0.0,0.0,0.0,0.0,0.0,8.772598811371103e-99,1.2121149646127689e-267,1.2701522527222798e-180,9.175657422000894e-198,3.604824359119698e-248,2.2008766061803553e-9,1.9162638793244211e-140,4.976069780002181e-7,4.8388420544762524e-119,3.751916183559324e-222,5.076420852869839e-146,2.57583645541366e-110,1.1915953393598286e-140,1.2114547305807696e-193,1.1214950204688077e-73,4.116411882282322e-140,4.881722195596777e-146,2.249323101877474e-82,1.5854328996581164e-106,7.339012365910212e-212,2.9804242459424516e-199,9.527561241793147e-148,7.144974317091011e-105,1.3482171900210742e-107,1.5222992154393043e-179,5.3823129572503564e-83,1.5749920877430738e-205,4.138964923181015e-96,7.672137934003691e-48,9.913180903231295e-101,3.62365362726036e-93,3.786033044106605e-56,1.620196352191503e-116,1.2174870026649094e-64,1.216371482383783e-48,0.002291752138856141,0.0021076110360571665,0.005630751553336552,0.005054255210844478,0.0007669050496380709,2.1026356852556387e-74,0.0024538049488562726,2.552538253242198e-51,8.771764422564468e-70,0.0021936946397091307,4.344065114278357e-56,6.6803113250219485e-77,2.1431156468641834e-34,5.209491976265976e-96,9.842254346598139e-88,5.1944070425625355e-76,6.074433504838482e-72,1.4836262616083036e-49,1.1614005495656967e-58,8.589385395063828e-59,4.083796085316289e-9,5.229234234437749e-23,1.7610800936284155e-53,1.6001489162482415e-51,2.5147286946126433e-7,2.071276060839895e-31,3.6466630745992206e-6,5.738740452775565e-27,4.0476450939299274e-25,1.7146186438767172e-23,6.978411280980381e-14,0.004237948773236284,1.2436474208501964e-12,3.5443666047590443e-15,2.993388185694421e-7,2.8580553853461616e-12,3.226474067536838e-17,7.116045990593393e-25,0.0012676546025545323,0.11735749445099361,0.27580551400752346,0.40077522323087394,0.10371079279553452,0.00025706423732760455,3.777743003712712e-13,0.05656795387264147,0.0012975440198750672,1.497675626115854e-14,3.9354772827786536e-10,0.004737307811529723,0.0024359488859927855,0.011045984342507444,5.19386421594192e-36,9.2627582808173e-8,1.292500358659929e-43,8.913377466600528e-26,2.9045088979731367e-41,9.720700510850176e-74,2.287643327384153e-60,8.822521123364245e-21
0.002170646049223363,0.00487811212023607,0.016459725271124798,0.038603606457502465,0.03167640742907325,0.05202491761451192,0.07622938645823507,0.0960036416097816,0.08804749424818288,0.10293687281035677,0.12730577557707642,0.12398494648613577,0.10063032701474614,0.0613723955256711,0.0031484746742761853,0.0227208466291456,1.3423671427758457e-19,2.134643817564e-9,0.004641266086298305,3.8424015507364234e-32,0.005760977004078532,0.00597380094729488,9.649351956963597e-7,0.005605190077130472,7.311074502515308e-12,0.0042229440253183925,3.6791526422684765e-49,1.556682302000133e-47,0.0017724136138846929,5.375566346660528e-10,6.026915214530404e-20,0.0014120003562982774,0.005652761567880387,1.5467191178309714e-29,0.004968370857408158,2.1358814114975775e-32,0.0014305719172620155,8.342392351110704e-41,1.478422437257008e-26,2.7706997992489786e-46,8.852585911161313e-18,4.0140672016570516e-48,0.0022736477740419115,1.038870446016514e-10,0.003847557916675297,4.648384265522733e-87,1.2354685887758415e-61,7.747305579430471e-37,3.0688526390306657e-62,2.6353086235291587e-38,8.011972252091226e-29,1.4626215674115933e-62,1.418372638529581e-36,5.722882579497084e-22,1.2333329800311394e-89,0.0003491796406019641,1.7341962123263866e-56,7.913873594587099e-109,6.579530630159354e-117,1.2839790800706617e-31,2.0804032601227116e-54,1.652944444602847e-26,8.541155146078398e-69,5.085648194640047e-29,2.6327223051072843e-79,7.021302821767777e-56,3.1665990064459654e-27,1.6191602220250688e-62,2.4162227568886443e-88,6.403402501500703e-64,3.117948121518788e-60,2.4947984865207805e-100,0.0012775957916697524,1.9222348761052235e-76,6.962978489508876e-99,1.383794850633836e-12,4.24869667926533e-67,9.877551138002616e-78,7.983615488392701e-52,2.8391897792396444e-41,1.4195367314017325e-71,3.811079481139083e-65,7.399721200200794e-39,6.184839860471257e-100,2.3485868765510158e-82,5.3405531140470704e-89,3.017349831024706e-104,1.8606967244371846e-111,0.001279423383500535,6.4012693343896926e-86,0.0013377553453988876,2.5731079833696826e-67,1.4728280150658251e-102,5.364955977572367e-35,3.000982277870594e-98,8.09616026466826e-25,3.530087694401807e-66,9.94812093095353e-46,1.2314883412760527e-93,4.1918492329564955e-163
1.0,0.0,0.0,0.0,0.0,0.0,0.0,0.0,0.0,0.0,0.0,0.0,0.0,0.0,0.0,0.0,0.0,0.0,0.0,0.0,0.0,0.0,0.0,0.0,0.0,0.0,0.0,0.0,0.0,0.0,0.0,0.0,0.0,0.0,0.0,0.0,0.0,0.0,0.0,0.0,0.0,0.0,0.0,0.0,0.0,0.0,0.0,0.0,0.0,0.0,0.0,0.0,0.0,0.0,0.0,0.0,0.0,0.0,0.0,0.0,0.0,0.0,0.0,0.0,0.0,0.0,0.0,0.0,0.0,0.0,0.0,0.0,0.0,0.0,0.0,0.0,0.0,0.0,0.0,0.0
0.05854386,0.06167502,0.04730867,0.062446944,0.052462853,0.05630562,0.07080987,0.052950222,0.049648397,0.03981426,0.030802662,0.18344834,0.09277635,0.040392224,0.051827814,0.027566113,0.050361875,0.038779162,0.057631902,0.054215923,0.059389625,0.053965993,0.06609313,0.042196672,0.034238603,0.07213043,0.15165487,0.06501955,0.11829812,0.04060026,0.05586389,0.053345084,0.39802474,0.039664075,0.068407625,0.054681733,0.02679694,0.047867242,0.06321454,0.040825546,0.04176681,0.10233323,0.038318664,0.039336573,0.07819966,0.037751608,0.038987257,0.054440115,0.07997343,0.301608,0.039160483,0.045138657,0.08192182,0.04140581,0.06405375,0.054933533,0.025393857,0.10915495,0.03856118,0.0750488,0.040184345,0.025012765,0.097204104,0.033204205,0.046785317,0.086548746,0.04328882,0.04625583,0.06957598,0.02908412,0.13169102,0.04841861,0.03706314,0.07355351,0.089382395,0.035650752,0.041099507,0.060166758,0.039499283,0.055207986,0.055495434,0.025838206,0.032182213,0.051092744,0.060912933,0.06723645,0.23594613,0.04269251,0.026218519,0.024355076,0.04901063,0.053686015,0.043870527,0.07660523,0.08404449,0.05689389,0.045742013,0.03806639,0.039982475,0.0445003
0.04328882:36,0.05689389:64,0.032182213:10,0.03981426:25,0.10233323:92,0.09277635:90,0.024355076:1,0.02679694:6,0.038987257:20,0.03706314:14,0.10915495:93,0.038318664:17,0.027566113:7,0.04060026:29,0.04901063:46,0.060912933:69,0.0750488:82,0.05854386:66,0.053345084:53,0.03806639:16,0.301608:99,0.040392224:28,0.08404449:87,0.06723645:76,0.055207986:60,0.06321454:72,0.068407625:77,0.039982475:26,0.089382395:89,0.097204104:91,0.040184345:27,0.025012765:2,0.030802662:9,0.050361875:48,0.18344834:97,0.041099507:31,0.0445003:38,0.047867242:44,0.035650752:13,0.07819966:84,0.059389625:67,0.05630562:63,0.051827814:50,0.025838206:4,0.07080987:79,0.06167502:70,0.08192182:86,0.39802474:100,0.07355351:81,0.13169102:95,0.039160483:21,0.051092744:49,0.06609313:75,0.043870527:37,0.037751608:15,0.042196672:34,0.039664075:24,0.053686015:54,0.04269251:35,0.033204205:11,0.034238603:12,0.04176681:33,0.052950222:52,0.039336573:22,0.04730867:43,0.15165487:96,0.054681733:58,0.046785317:42,0.04625583:41,0.04841861:45,0.045138657:39,0.05586389:62,0.054440115:57,0.11829812:94,0.055495434:61,0.07660523:83,0.040825546:30,0.052462853:51,0.060166758:68,0.025393857:3,0.03856118:18,0.054933533:59,0.039499283:23,0.045742013:40,0.06501955:74,0.04140581:32,0.07213043:80,0.07997343:85,0.086548746:88,0.02908412:8,0.026218519:5,0.049648397:47,0.062446944:71,0.038779162:19,0.06405375:73,0.23594613:98,0.054215923:56,0.053965993:55,0.057631902:65,0.06957598:78
