40
0.024055430164824598,0.028583264971932722,3.581024855192981e-5,0.003944437768445315,0.007998324396560867,6.280773592217456e-5,0.02535262273724605,0.03370011847830462,0.005624546786527107,0.0006956662893617285,0.014065614774966529,1.374956120672082e-7,4.0757489305689665e-5,0.002250864742435609,0.11163598681867878,0.0038758394878552556,3.681902515122138e-5,1.9624084944624804e-5,0.0004194017864015735,0.06198501121229549,1.4234490158466216e-9,0.490538748939052,0.0026292552031395014,0.017391370768069608,7.357318434355094e-8,0.003713278934221462,3.4528054351218704e-9,0.0043482133076328065,0.00011168268002152407,0.00393353578459334,4.219523245129564e-6,0.011187124671455339,0.0573241772997804,0.06445270131170258,2.571152069464253e-6,2.0278676009395733e-6,0.019800493311366765,8.161335292735454e-6,0.0001692708554281089,2.110565480308656e-9
1.2845741379881971e-5,0.3516166190922536,0.00012871273865898541,0.00015447688705356755,0.0030967952845353487,0.0020747586014412357,1.470122768255223e-10,0.0033157937212482556,0.0003737885385887684,3.0991274846767316e-7,0.013114197628092909,0.018992374296563433,0.0001615694364574891,9.806502377612232e-5,0.0002868421307321905,0.016109877618913023,5.210165953851265e-6,0.0034830655026482347,0.022307806086833675,1.1672403932624622e-5,1.3294832524379256e-5,3.165882907855446e-11,1.7050084186721624e-5,0.00035678372643130774,0.03181914936575687,0.04503091584704626,5.1592925105673215e-9,2.7189813516698807e-8,0.4728616569535393,1.7822653323306756e-6,2.926816339329066e-8,0.0006123085534552336,9.006269156992343e-5,0.007500093155420807,0.002207309195476095,0.00016548934293493194,4.678728183581502e-7,0.00010291175587727073,6.909844336480416e-5,0.0038067833065132755
0.04796116355961819,5.90768131767184e-5,0.030176017086952327,1.9583691198988333e-5,1.143340672212314e-7,5.8944964767600556e-5,5.478828781395842e-26,0.02358027226624631,0.017213971095462976,8.86958405095531e-7,5.135506483822627e-6,0.0016261298346507613,8.690485879276638e-7,5.985300897764292e-7,4.893758207565289e-5,1.667804626523838e-7,3.7227805419538507e-7,0.13433730077042694,1.8739821127568285e-6,0.03556661123826525,0.11891295105920721,2.455238501439954e-7,8.546507400269562e-10,1.8061450835949222e-11,0.031512188008202754,0.1224071331850508,0.2057855080086096,1.0135411753355714e-7,0.021825942884175487,1.709117361410971e-12,0.04723897988221054,3.079731478991294e-8,1.6809294890402175e-5,0.00023103908186947235,0.0006469310001034827,2.5258035557169455e-6,0.0003187272233113796,0.008452603898522372,0.13606005772823276,0.015930198071249204
2.8749535853392e-8,4.92410839538078e-7,2.3008590187376188e-5,0.013960560393780986,0.003042774636998495,0.0006924105664800328,0.09274518340206467,0.000353810401931996,5.708791806109545e-7,0.0004809831423693839,3.8846809522780204e-5,3.880517178722518e-7,0.022321185885586667,0.0029802054741306706,1.1796070806430187e-5,0.08524379274453765,0.013474350288073998,0.0005219983176271397,0.0001844440873176277,2.8409280830096605e-11,7.777179420795572e-9,2.4510554684708173e-5,0.008000242884694655,0.0006445310821683005,1.4216764631126157e-8,2.251909028385427e-8,9.818537762369394e-8,0.0007663076993366932,6.18877317052713e-11,0.0015854900354495378,0.007356006697009398,0.7195132191463496,7.825461344189697e-6,0.001620042607209455,2.2614436910408396e-17,8.299341077685286e-7,4.005807106037593e-5,0.0003803626788242122,0.02393483864858382,4.876080777847542e-5
0.004064487500744011,1.5875417448597472e-6,2.4911271976597243e-11,1.6975035415406846e-18,0.6144775105317102,2.043549329895752e-12,2.792241477541845e-37,7.579803968136998e-7,0.0013993308563173996,3.25353835548998e-11,1.1878657794661211e-5,3.537684090504593e-8,5.320006855021157e-17,4.229698458217191e-15,9.967639991513114e-11,1.2042658713878655e-18,2.2944519266472545e-14,2.328985592884491e-7,2.601723000733286e-10,0.006124971140853307,0.01203164286204051,1.1585590566606217e-9,5.338215790591287e-18,2.6713767883006153e-5,0.006421374770524492,0.23246767199514118,1.0449907612012479e-8,2.214536313157065e-26,0.018961890249044266,4.1009731601504987e-10,7.055997928969364e-11,0.0008535105318075398,0.02454845325721422,4.6311344905388196e-15,0.007184319839164129,6.138175967589165e-15,4.995209330747621e-11,3.4289808608378083e-12,0.061406817070351255,0.010016800609986004
3.6255434844853915e-9,0.1590583144115163,0.0010779765012308513,0.0025252683923477673,1.191370664048267e-9,0.012682278387568868,0.009173128979805028,0.0006523088925988735,0.011901500626430016,0.0007390894376462131,0.007552764683547311,0.1246611177810549,0.004390342395716912,0.03347118612546178,0.0003053119407217732,0.007983556680604563,0.06751561514763596,0.0026785921172204612,0.00045663247431380075,5.71082888017207e-5,9.472934397888449e-7,5.664241842239784e-7,0.00670940830695714,0.1787559585643576,4.771791825315546e-6,0.024981134545316138,4.725265360743592e-8,0.08071989061280797,0.031168391033625113,0.12038052752720362,2.9943167741912263e-5,0.03122600797037707,1.1032977166199886e-6,0.00015706041492568159,3.2310281150716825e-13,0.06048565952665807,3.223618976384591e-6,0.0015827578417324504,0.009086696075857052,0.007823806652183931
1.8143938296126646e-22,2.2694945820270636e-7,0.00751666648087412,5.996299304452934e-7,1.4377665343263286e-48,6.803442017573078e-6,0.5026412435377193,0.0003011706031904882,0.0026305640723061846,0.0004218108889236038,4.6424649400605105e-9,0.001968816223928871,6.33908766687787e-7,5.7762133506680985e-5,8.348656393125916e-10,0.009353759470956315,0.00281769460298426,1.2043296373580815e-9,2.8785504446275693e-6,9.438401238197669e-17,1.44661147728271e-32,1.879377792285246e-16,0.038981380885666994,2.0715843607344002e-5,2.542637105336962e-14,1.2919790031743411e-15,2.3946873236048886e-11,0.05349284679098629,1.7439490012114588e-16,0.2839438513054807,0.0031748645537947717,0.015394342982052368,4.6180665012896255e-19,1.2583221591595162e-7,5.4908594086466883e-14,0.050291990198329556,9.483844092472957e-11,2.1144685672696353e-13,0.026979244312072055,4.748657969693571e-14
0.05020310368511533,0.00019096210414375542,0.13074232585070902,9.799087210917317e-7,0.024683449197021944,2.4859671034487256e-6,1.3588408968650482e-35,0.227090915657938,0.01822694414722909,0.0026867394886947614,1.2312286610110955e-5,3.338392181323308e-5,6.041191860203381e-6,8.784568742160821e-5,0.1124625105923413,2.6774475377701204e-5,1.0851918332549926e-6,0.04628231376102704,0.018238331014118325,0.0009272614922786003,0.006088176250955452,8.102157312136036e-11,1.2396883700662528e-5,7.81050729751602e-9,0.0018913148370392544,0.03574710172802749,0.0479064237585249,0.006808271236739519,0.016083405621597043,9.258612021329366e-8,1.1847761527212597e-6,6.913682114806135e-11,0.15424149988733726,0.03639954229024186,1.3238723211230195e-5,0.0007280392423007017,0.019191396501610045,4.0688186323734235e-6,0.04297242824070141,5.645035084370098e-6
1.0226998878794236e-6,2.5393464029497382e-5,0.0033236941923222496,0.00014605528280349297,4.169384973035925e-5,0.010342489921990328,7.085944624931087e-12,0.0003461234967729842,0.008685796369717235,0.22794352788964042,0.0003269313241511699,0.001128110152893071,0.01836648756673616,0.005070715388732481,0.04106727460671887,0.017698024007542664,0.00031250088013671005,0.013183031225694647,0.006976521754773475,0.00010926476938369342,0.001395425905973707,2.0112281252432863e-8,1.1173083051605833e-6,4.2835538030001137e-7,7.596688430788995e-5,0.006841268370397811,1.0522843742999095e-6,7.300632139606567e-7,0.002006717271308542,1.0413159052113343e-8,0.01108454198227373,0.0008325367369368434,0.0033486767786854534,0.5988395033471515,7.634873726782071e-9,0.00047046983697704203,0.004050853260139991,0.00017225706831816605,0.012591149082294526,0.003192608452903689
0.00018809495496475883,0.008961244327073722,0.01917318532584384,7.682864524643284e-6,2.598069505123383e-9,0.00921247573580783,0.003510473017537939,0.00021024718151472322,0.003962805469083235,6.436253309349314e-5,0.002618685578486766,0.00784472298175968,0.0026877467896417517,0.015163850203285789,0.0016039985862219006,0.009168061575835277,0.010244705458418607,0.15203410605033751,0.006136102653365979,0.08260051541269435,2.069291229871872e-5,1.133914963370904e-8,0.0004956882165828647,0.11144896679712168,4.890972249543484e-5,0.009356740937267688,0.001778615751103237,3.6720002628109706e-5,0.0007671721579669824,0.01081993887502133,0.0002783774294136016,0.004820990872066504,0.006256560708378158,0.008000467304529444,3.8160538749119863e-11,0.0029613991321203455,0.00813632594468289,1.634011441137057e-5,0.4989978338106333,0.0003651786364067643
1.497421889125947e-8,0.38442713467289324,9.063935266683636e-5,9.708545645729665e-5,0.0001772960441497191,0.016287033963779462,0.006991130725702149,6.504542224742355e-7,0.004740677727026912,6.719803143587528e-5,0.0034089919155856152,0.03099492308894715,0.001860508610112293,0.058121884535048914,0.00020542180253495636,0.10594830230844682,0.0006479104757622362,0.013461545418058017,0.04426261088431553,0.02288779970638634,7.918449415864105e-6,7.409066276196205e-15,2.377965838440972e-5,1.1423555863666423e-5,0.005120358577643205,0.010464642905998028,1.9710292622749167e-8,1.336979093897394e-6,0.014745328146837886,8.76668455901213e-6,0.0035199918695156384,0.06074203272028008,0.014829118120239331,0.18055103826528626,5.1556709088661436e-12,0.006462713780796036,3.4584710124639596e-8,0.00017434963157486215,0.006965802906367847,0.001692583300227565
9.584377443708963e-8,1.5179718983793287e-7,0.0001590084449018339,0.009247719855764704,0.0018841845124903545,0.0007054933093788727,5.0671501560206345e-34,0.0015279325412426664,0.002324454330645824,0.0002669954988742885,1.0117337383203442e-5,0.01086451293864742,0.02166065640167639,0.009280945717589726,5.029774905696592e-6,0.0018277996310848326,0.013364018025644084,0.015289039014834036,8.941228158800884e-7,0.0071670127956883255,0.013879596238271315,1.0079399561834904e-9,1.5190597293189294e-10,2.444173402770652e-14,0.05840274373357685,0.037431893742150266,6.6054352402089725e-9,4.913323218639738e-8,0.010002323407454453,6.578929957415953e-17,7.700696588287904e-5,2.9023514561603663e-5,0.007591380853194495,0.007585836270708332,8.82862224673024e-10,2.2185970816634018e-5,0.00012692110391656505,0.03951368457102286,3.706090199427661e-5,0.729714223050517
1.8596744988691116e-9,0.000152806170259784,0.0013655705627827457,0.23101955624772655,1.1126296241686579e-5,0.03430412065953177,3.099067606272148e-5,1.9672680070562474e-5,0.00031043277515392534,0.0029479946100003512,0.0005131868188351939,0.0014291037904887868,0.3355264906870874,0.014398185226540867,0.004570587555727656,0.12770870577465895,0.06472921432314536,0.00022460950691500096,0.0017097229349488912,1.013018162657225e-6,2.2488632034368642e-6,3.054112718872826e-7,0.016406079465158714,0.0009323108516931028,7.329073590977533e-7,3.683436788627388e-5,1.3548512559301183e-8,0.00686114976245065,2.608746468312781e-6,0.00964816644338744,0.0001782056169346425,0.08594161236489456,8.923812304119445e-5,0.0009291278747382333,5.848264254775808e-14,7.220188478558259e-6,1.9021941516198047e-5,0.028412186907242426,0.02835974328544192,0.001200101156246872
6.346028435554797e-8,0.010889728685766856,0.1893495023567134,0.012744289037781013,6.986693513634167e-11,0.006287631169449171,4.218685857902012e-7,0.0006329438253839562,0.01285066885269806,0.00409904870759512,0.017565700640056216,0.27456241159071154,0.07674021092577066,0.13149259329998378,0.01055421610912562,0.00632799985870819,0.02666674674243524,0.003139061022248896,0.02800173276820772,0.0002665205536793977,1.5792244111772251e-6,1.1993092486688117e-6,0.0009805198969967525,0.0107199951706879,0.0002424972041541547,0.0054896617256544,1.3432068296243482e-9,0.02245506885730094,0.04376505483340649,8.18953577803713e-5,2.780645912508045e-6,0.0032445399833888468,3.89764800545248e-6,0.015538421601599697,6.560524181924526e-16,0.0045588673568106195,0.0020537142571265634,0.03283803876156092,0.0003017880344893982,0.045548987243205614
0.0168124237034616,0.007971867933483921,0.1590044740716145,2.9703208718632238e-5,8.861838304452282e-5,0.00018904262086945567,5.099759084444099e-16,0.00016978539666807064,0.01272009016846521,0.01269431357976439,0.0017735165152036251,0.024360332444872616,5.151097482529686e-5,0.002032051264430167,0.242703189194444,5.4607023394445954e-5,0.0005177769285471626,0.013816173210406549,0.032183983855306235,0.002887995938120958,8.408355228290496e-7,1.0707114787717204e-11,0.00019112992683538023,8.041927578543753e-5,0.0004595211815014327,6.964259981619481e-5,0.14442131855234863,3.697437842642498e-9,0.033846703864792514,6.66554005196637e-9,2.0822776714844185e-11,0.00022787607938416437,0.13863719118077114,0.001889499676839558,1.952097724434304e-11,0.0021256206121890095,0.1478363873787436,1.4943548021811215e-6,5.517330656644075e-6,0.00014537032034066458
4.2565971341087586e-7,0.018145574717247658,0.0005433934512543387,0.006744668469159618,2.8784084888092508e-11,0.27953085013921175,4.310353366849427e-6,1.5272776881907196e-6,0.000841252855226066,0.012996918837668266,0.05227027966926639,0.0018382332454837137,0.03323983930441426,0.25917419957755283,0.00010494080663136428,0.08798207478900587,0.053129423246741296,0.0011618657213462536,0.0032212361558814416,3.4734720722595184e-7,4.805076694058181e-8,1.724660071363002e-5,0.0008460409843054858,0.02785550890007112,0.00011641266546156809,0.00019519596451270124,1.8855141589045626e-12,0.025827821976757405,9.845436700375443e-5,0.026014263561365186,0.002517468115694751,0.019304532079966935,1.5543222201384073e-6,0.0023710495606086906,3.900443059235787e-15,0.04627079899473072,5.074210249422245e-5,0.035428464961888305,0.001517944866210341,0.0006350902704877836
1.3717531113748159e-8,1.8910714655973952e-7,0.027382573901641033,0.025518387674975485,5.746281698202508e-7,0.0008266291312297835,9.495632370924973e-7,0.00019301492981715657,0.008885925543610007,0.002221587481416566,1.090621699599746e-5,0.009089719049098537,0.2704905154242632,0.017292167884951803,0.0003050594930947534,0.0003668000572974995,0.21448551961139348,5.930870070188442e-5,7.814937781523007e-6,0.0016111408466887133,2.323876430555748e-12,6.0987722620856576e-5,0.00474806803188952,0.007895947415699866,3.277634385565857e-8,0.009085923257595626,1.1321677405861404e-10,0.05426613532372591,0.0001232916262884595,0.0003672382533793615,0.013063122953657573,0.04616027717350687,1.3078949861214706e-7,0.00045582960016065754,3.1678801579662955e-17,6.375745500682681e-8,4.031037645880873e-6,0.004444112778457513,0.0025664514474767366,0.27800955803801497
0.10391604365935732,1.5159929940559009e-7,0.0009302302589827644,1.4879770811212095e-9,8.290989300788783e-10,5.57610892341233e-10,1.111016115264266e-31,0.0949870017443808,0.0007458171793575685,3.82849044729052e-6,6.034608465821063e-6,4.882262134470485e-12,2.731996263285283e-9,6.0521070267926005e-9,0.004388127836473396,5.6135945281014155e-12,3.996853847669728e-12,0.060414889379009025,5.585062844225481e-9,0.05780511593521497,0.00010602610718909914,0.32889826118658144,1.141883190651479e-16,3.1706275831524004e-22,7.552575146241754e-9,0.00012709123892416842,0.003400926476041611,6.106857848351981e-13,0.0005085231747529637,4.349082920700656e-19,0.3351530995848384,3.2021016706779504e-25,0.00032474926086876804,1.2270628243348679e-5,0.005535627146856939,1.1662182329261548e-10,0.0010884143231915235,0.001647729880011731,1.5176906770670155e-8,1.964511467745237e-10
0.084054173127524,0.0008092415328352858,0.0071490030879745444,4.7450590384613316e-5,1.9075212886344857e-13,0.0009280276947031315,2.369624679138827e-12,0.00344758157876831,0.002674451641789967,1.06784368800413e-6,0.0016469522261806997,0.5813140372549745,0.0009623210113215046,0.006578580140887484,9.502260030902421e-6,0.007547410069606883,0.0003960333270831366,0.009133851931224478,0.0007385826404908305,0.012604093544211437,0.00153249412404295,3.2840815359422243e-10,2.479511333592638e-7,0.0312479461084762,0.06692315976657257,6.5937221387018775e-6,6.576072585965062e-5,7.278982316268984e-7,0.0036288480966457023,3.284309012825205e-8,0.06848996411240779,0.036131718785831685,0.007975058650999874,0.014758960611388382,6.549849639459419e-7,0.03869295856417992,9.43905780601624e-6,0.000227530768559257,0.0064522471733822195,0.003813294219641652
8.449475881067161e-5,7.29760396255787e-23,3.1244769828416762e-18,6.115424087075989e-47,2.7566641496928663e-5,1.6790751649537213e-51,5.880465036302585e-104,1.3193982751524656e-14,1.5144004637152537e-23,6.979257878848961e-42,7.646331465682716e-20,8.20690977746192e-24,8.212873648736971e-38,2.969016519177268e-47,1.9337166430075875e-25,6.279294059406284e-46,4.23546591439766e-56,3.736988781879966e-6,1.9024251222373862e-27,0.5001281961246805,2.6619281041395986e-13,0.04953698407748115,1.9688196584805112e-52,1.1435180458502153e-47,9.102883835058482e-17,6.330351125810825e-9,1.2520837979095968e-13,9.199890973723931e-64,1.2318256727913518e-19,1.630743974828438e-55,0.13736826276930678,1.4860731706670452e-68,0.0017247111506898216,3.9469901589156546e-44,0.3093584733571268,9.437626112146487e-57,1.1401803001577867e-29,3.521748343057759e-52,1.5899099011132413e-9,0.001767566210959812
1.4265436943343833e-6,0.025204769773311056,9.691316291663823e-7,0.17797993664461895,1.965439881768349e-8,0.0052146249569464285,0.045664492747479316,5.070565340611968e-7,0.011231190326468935,0.0002611075047673864,0.001700973950256032,9.99124826621668e-7,0.0009415252622859825,0.013982408393299653,0.0001307249483158031,0.030764691840475648,0.00529554650037329,0.0026793365108395933,0.0010492573644281713,0.0008725830316063461,6.697752913459463e-6,9.557140033958372e-10,0.026329002039445482,0.06191019661039069,0.0007922898186669392,1.0302826709199315e-5,2.4118825051726813e-6,0.00291644000777315,3.80012686966728e-5,0.005909538629571761,6.377624148625151e-6,0.13003054555948104,0.028198862804621975,0.40472504272593607,2.1486514133585417e-14,1.3373703908803792e-5,2.7827008868959887e-7,0.0030565479291500696,0.01214493702342619,0.0009320613002747072
5.521450074702443e-7,0.05191539481027719,9.251091760423002e-5,0.0009897109349524009,0.04092295358123536,1.7115326935138973e-5,0.002557346831757842,0.2866449382534209,0.00045079455662278933,5.221600563582397e-7,0.00013330751099452037,0.00010061175548381761,0.0003395021577737209,0.006249141408600931,0.2238028990226375,9.161358974138151e-5,0.00022466104893752536,0.016408213931998067,0.00015219499927498988,0.0008735480500750856,1.5284005456522884e-8,6.35355493105929e-8,0.00010744152356899701,0.0009414128249155031,0.00028862708085275175,0.011981671345547614,4.7816309330424066e-5,5.8784546191292695e-6,0.0053658606392652615,0.009648234395491697,1.0846807647771588e-9,0.02886706507558336,0.12159663746023862,0.015300606107721671,3.398898955524214e-8,0.0014537464069636816,0.13630838979829324,0.014005577396963136,0.0021622001349888573,0.019951188159043703
7.067450118215873e-9,2.5451808138828107e-6,0.0008030908441989156,0.16330694504282947,2.660036002706328e-11,0.005845495940365619,0.0007661661051463623,1.934925492765816e-7,1.675527935868311e-5,0.0004602008511063876,9.85976273529089e-7,0.013682274032709274,0.006794151033278639,0.007689981007537898,7.084342062629142e-7,0.0028274641946458992,0.022861142287983444,2.013846001104311e-5,0.00024925312227139956,1.9339964867386828e-16,1.8709282894351698e-13,1.0884359193719044e-6,0.06533989695492404,0.00030270126851602734,1.8383342560275277e-9,1.2805324759927724e-11,7.049054402588272e-11,0.02345485335745121,1.8370464068400555e-8,0.0031300066616545765,0.0001087137082092373,0.5426497366339809,1.8831764121127612e-7,5.067028123293346e-5,3.5692737776604337e-13,0.004767639571892159,8.347616008765602e-8,0.015888293667346842,0.11897172152534384,6.887467752819135e-6
7.650041234975408e-8,2.9190370935650604e-5,0.0027108084450880796,0.0009678963532516868,4.88941632915891e-16,0.0002188989690390475,0.002361525622292804,0.00782597121844388,0.0059307454917292,0.0044926473010966006,0.0006783627385519497,0.02734275805033729,0.009881897882852118,0.020832521977690775,9.507901845641759e-5,0.00036501741597572373,0.45405436425123896,4.0416066905999993e-7,7.685976805895054e-6,1.1619308626250973e-15,2.001318759560149e-15,7.356815774909872e-9,0.001926286211592985,0.11826284127921609,6.151756936913354e-10,2.413487532549875e-10,0.0003691050603941023,0.007962509324375153,0.0009191007454818961,0.0051577229212395785,0.012789243797416588,0.001125071760804357,0.00012982461482146835,0.00013200478316895996,1.87638150044224e-11,0.3096631961057367,1.5901054297140546e-8,0.00021758580048982437,0.002735240030718624,0.0008143916865140592
0.00013106768277597853,0.24669374588330517,8.68265017026869e-6,1.980709562386377e-5,0.00028365171037254675,0.0004530463063298361,0.000852798417933817,3.254054929422351e-5,0.0035873842840094387,3.1283276022985383e-10,0.3510066667948274,0.00044323562979667704,0.0025167540813345224,6.121028170803256e-5,2.802448121641653e-7,0.04164800620768464,5.344915812791721e-6,0.009247321649588476,5.846623713692963e-6,0.00011798951008305328,0.00020638643181275634,9.871823381790151e-8,7.774534616296218e-6,0.0008176174874244698,0.19942348123343648,0.00011503545672054722,8.599636368397832e-8,2.3465070918118225e-6,0.06664445955152165,5.055402100631781e-7,0.00036335213013946317,0.02160263557358981,0.0017229522342356186,0.04694596346588473,1.044893865900094e-10,2.0629672301948423e-7,1.9795451577428257e-9,4.7252016215684134e-7,0.0014796359103773984,0.0035516074954122945
0.0003793516152122921,0.0007609569538577596,5.974885130271319e-7,0.0007530731657727288,0.06729920715145861,0.00865796167707909,3.703143437369766e-5,0.00010493824970712106,0.0004007974674254832,0.009433148444948554,0.004465974959641496,0.00045693456930075464,0.00015002866439093804,1.483348612164992e-5,3.974835948506676e-7,5.445246958931962e-6,1.3294900522784472e-7,0.005437843761607632,0.011241952551458384,0.009258442158328325,0.059919084366889724,9.039453287182427e-9,7.054646201730869e-5,2.1029488506911045e-8,0.2060552463161323,0.41741016081477944,3.3513460954143977e-7,3.793183661283007e-8,0.15177446033423045,0.00016296320677798437,1.128148908051013e-6,8.871918711781528e-5,0.006052182043429247,0.00016659467288860594,3.2153070273398305e-9,0.00011455808227338611,2.7802566676291574e-12,0.013131113528558927,0.0261396741492821,5.4112854482868366e-5
3.5696219217268744e-6,3.2376423761486835e-5,0.0019061692752164714,0.01085565462761221,1.0905028268389532e-9,0.029160131708310208,0.04271502148954977,0.08337113115389298,0.014157464852001077,0.00865093823529607,0.03474774636299246,0.00022237109349690972,0.0015480080989633876,0.005934194631197973,0.004165991580512449,0.01930118679157513,0.00016129796436826918,0.054831539729091716,0.0009194752488861349,0.0518529371150143,0.34207461196510575,1.1623182318213807e-5,7.283667454416031e-7,1.5960651930079842e-5,0.008763532700478667,0.04464997137540471,0.10721825068124657,8.578343203432463e-6,0.00263351412673823,0.01929658345253612,7.077393182392955e-5,0.0014160340539536116,4.39704456954645e-5,0.06663025659780515,0.00025109091022638996,0.013435923506111096,6.800880351921638e-5,0.027962619867681615,0.00090008225782771,1.0677685484980783e-5
1.174518862747989e-11,9.953794171188824e-8,0.00014043953166437698,0.337487507230404,1.116612415730516e-15,0.0002451647498407007,2.420870719108801e-8,4.2749614987627707e-7,0.0015365718682558832,8.469452337133427e-5,2.4505084374296275e-6,0.050315296999015546,0.011331919439271315,0.003436184690981547,2.281970578530099e-6,4.287759210898545e-5,0.009587754347375544,0.016774029515996946,0.00017121898080693125,0.00415460359209377,3.172806614795299e-8,0.001985951207478852,0.00010171327310362573,1.1542319562705928e-7,8.480989703121201e-6,1.4167566960027986e-7,1.8108135634782127e-7,0.006068076797389585,6.2953729554702935e-9,9.048968819576783e-9,0.0002911699650127346,0.012489858193469773,4.160143119295144e-10,2.3243748292420748e-5,7.682260592847848e-21,8.650261328209195e-6,3.852486906141366e-9,0.3935017033876042,0.01884440280313362,0.1313627130576053
0.010431444551658458,1.6329064094210742e-5,0.00014944091963822734,0.00786500388300415,0.021672258223429268,7.552099143716832e-7,7.62829262835361e-8,0.001851839631357093,0.028287691811957002,5.74340594215376e-10,0.08447649265291822,0.0001995619292380592,0.00998672614771395,8.494164553370209e-7,3.917518300695524e-10,9.629676764914183e-5,1.9278252043393806e-6,0.01757979753334353,4.9992240575905834e-5,0.006924417005945821,0.026828528353165463,5.174634880018226e-5,1.30083182101291e-7,0.0029239550362454396,0.16133367928574346,0.1886981307913447,0.0010913621247563674,0.006235727717794113,0.36067824671525067,6.257732489298682e-9,0.0063472588033982105,0.0001455452420197589,0.013912196674004496,0.008857755206292025,2.5116333887634956e-10,2.5836337330458256e-8,3.520837806216164e-10,0.00018769561237809754,0.004589888764203074,0.02852721848098922
3.15363728613847e-15,8.157528974315588e-11,0.005871985441166415,0.09599234502467491,2.704195538517872e-6,5.956350767745986e-6,0.022031307247225178,2.7926284864246817e-7,3.3933466854332715e-9,0.000187266716820928,4.275272161469055e-11,0.021592552536828954,0.005207067226812185,0.003856747145093534,9.09058662249023e-8,0.0029279561071676313,0.008082680074019568,0.0023073648332745268,0.04690986994278565,6.500453969826526e-14,4.756561036982047e-11,0.003062170666710681,0.18196758396187754,3.378305601748158e-6,5.589296900124663e-11,4.92485498922416e-27,4.099603039341846e-13,0.33742866177971764,0.004734581523339656,0.023605314011915516,0.002685694991049782,0.19800335173111502,0.004885666506562601,1.8346879711046335e-5,2.7099566355346796e-24,0.0009186602900860362,3.8149931958642624e-9,0.002784282153018057,0.007135246111125908,0.017790880640673475
0.14332861379622158,1.7346925100454329e-7,1.3659201419810442e-12,9.562720092575923e-14,0.007860179740136464,1.7321832968164964e-17,3.910069858943242e-82,5.531867156287188e-6,5.240891266106674e-15,3.304371383573127e-20,1.4735322838833132e-8,2.5196261532416637e-9,2.6574206932553434e-15,3.4568441008047455e-20,6.735614268197997e-11,1.2122122289784379e-14,3.5154533465711804e-29,7.696549636667918e-5,6.7373751628719685e-12,7.028743851939467e-11,1.4423920906916537e-10,0.25959035663063296,1.092422074197451e-22,5.1746132083643115e-33,1.444602449233938e-7,9.110583124194972e-5,3.802521644624643e-5,2.758638198289785e-43,1.4808581888504157e-12,3.2368064225838514e-35,0.4827100261680504,4.549734089339595e-48,8.29068380804936e-5,2.37641017756754e-6,0.10594901940943868,1.1120013378762538e-23,0.00026099779635754746,9.943772481544571e-21,3.5593219298232514e-6,1.7356769423748837e-12
3.7150742506470183e-7,1.672256378533214e-8,0.0002592652202127182,0.0002096024717051799,0.0020952628927830745,2.216154204697089e-5,0.35048260760502203,7.296421338378403e-9,4.685876671411635e-10,0.0020118353511645185,0.004441971223215612,3.0755013082297924e-9,0.0035742508300503095,0.0001319642384672444,8.259243040999685e-9,0.05623847914623828,0.004486156692780115,5.5902883171512405e-5,8.684529309300856e-6,3.677076962917733e-24,3.3821696819032537e-14,0.0008376497302474789,0.07108821475710798,0.3074208847937558,1.1310773709411871e-13,3.384419925265279e-7,9.65893939131086e-12,0.0010584376932714985,1.938956131866424e-11,0.0117969616096141,4.633114470887922e-5,0.15538544653770392,1.0973886629746581e-7,0.00043827894773189004,4.240985699542605e-12,1.6628924128819546e-6,2.7013471365193466e-6,2.869648259984836e-6,0.027901554661359178,6.066485555059024e-9
0.6335237758600165,1.9526054440311146e-10,7.947868595846377e-14,1.6936101074543498e-19,3.124983074744497e-6,2.805283106087358e-21,5.854920750760496e-24,0.000821383845799587,5.850423020524891e-14,0.00430271863244647,1.9481447515182868e-13,1.5467101855263158e-18,3.39928641834839e-22,6.81706582342091e-20,1.9122451407253536e-8,5.56869399706254e-22,5.864313937230481e-20,2.0050580547062884e-6,1.1181443854982263e-16,0.10334444477402369,3.9693143445774e-12,0.2437743149481551,2.8270747586189445e-23,1.6982480212048423e-19,1.4395937510522032e-11,8.031311632434393e-8,1.917807614498123e-8,1.9276280840761297e-20,1.7355458138062224e-8,7.458714766078397e-25,0.0032406326534025532,1.2614045588367241e-32,3.762476411022639e-5,8.398777256254514e-15,0.010948254478758973,2.1880383137321283e-13,5.37068291639643e-7,1.4096676534703648e-10,1.0466096103255054e-6,8.055588884691632e-16
4.140150683234728e-7,0.009807906379755833,6.176988852807507e-5,5.3622790146211545e-5,0.00015804797356181206,0.1968876684876007,0.015448909464863065,3.554443035212629e-6,2.297219759079421e-5,0.08480003392194534,0.10020597645971904,0.002234075913051803,0.0011759232569992016,0.07748350779777981,0.005135823309405788,0.24310243975532078,0.0004922354310648485,0.011790498006706021,0.015754081453902766,7.059144763443628e-6,0.0004564060461409642,2.849460498459697e-9,0.000458636715002294,0.06924104770503403,0.00028024555435538054,1.1870972803324872e-9,5.93989532469105e-9,0.00010046537149641208,4.331072686027172e-5,0.002001638567728926,0.00010050307491437261,0.01329175126241564,0.00028151398578024595,0.009348659616425305,1.7372452491346867e-20,0.0043768819238864855,0.13129769858143972,0.0025209440101914946,3.6981290929502335e-5,0.0015367855001369628
0.037426941201528625,6.0685977892083545e-5,3.326634972335271e-5,9.683567799924345e-14,0.1666657192974979,4.793310947948476e-14,6.0251031604170805e-31,0.36599692616057206,0.024670976664936093,2.0120741235331403e-11,0.0027453148050014136,6.930974589877677e-10,1.310910233680232e-10,1.906743838258547e-12,0.0002833723050519328,3.5704688709402085e-8,4.845104888411563e-15,0.05527985273754282,9.394274387238581e-8,7.057839368950211e-10,6.146593040719292e-6,0.0013806374571851525,5.440606786026934e-8,0.007330004642160268,0.007641817157131649,0.19565444704447602,0.011556345096775828,2.314649773952632e-15,0.04306191036022346,0.0012163738732020196,1.6660456001051312e-10,1.0138367575981076e-15,0.026358504432120008,2.7854008902025257e-6,0.002211423921863611,3.960613129807871e-11,0.05041548595895014,1.2187823970622337e-15,8.767316625582715e-7,1.870692566122184e-11
8.8634099546469e-11,1.8506358202245035e-5,0.00020764822387062617,0.002060525622956259,1.7677810213357419e-9,2.64858166604133e-5,5.973770619104898e-17,0.00012584230224639702,0.08174483828606881,0.001621961753801703,0.00010099593031423577,0.684044854405995,0.004981250887781624,0.00014011904809711103,0.000115793007806029,4.1902131271283814e-5,0.00015359427058722784,0.01482780332363889,0.001995004050669911,0.0015206236443568828,7.170494594255443e-10,1.3308784628265411e-9,2.926305045547406e-6,9.614436213478697e-6,1.941708346839479e-5,0.006376151980705014,3.697155959031356e-9,3.0754595760191536e-5,0.06983545297495396,2.2301982784383135e-7,1.0759415667415337e-11,0.0002926078901473297,2.730336943740736e-7,0.00028235831604277715,1.7353649012263657e-19,1.3783227077053204e-5,4.195121910479338e-6,0.0025067975121841127,0.03559386348671285,0.09130382433967345
0.07980793132073326,0.00515822003273901,0.02997388270667926,0.0005084798334885607,1.0611188994377896e-12,0.00016934226190837818,1.7387137861457203e-10,0.07686172788717825,6.397481738310512e-5,0.011464392477914255,0.025464783480735022,0.00023316584477813912,1.9511111400336665e-5,0.00025140585462537406,0.010004739889511956,0.00020788931272150847,9.214761017019833e-6,0.05481191798485807,0.0014847941999828708,0.008204756985045065,2.4764615887679848e-8,1.2699637627340586e-8,4.450915006278044e-5,0.029026663940368257,1.5563731511553932e-6,0.0003572395675166632,0.058001921644722496,2.3847004760952294e-5,0.0008197568768299168,6.317686463501915e-5,0.00510156379503066,1.5730579300555413e-6,0.05980270802504677,0.0005307612220461888,1.8257591554608943e-8,0.0028902619948279256,0.5096540773901779,1.162236765861842e-5,0.028968473816042825,1.0024971476275506e-7
2.801575603178861e-11,6.1205097382007706e-9,0.07396645957554586,0.006430811699947541,3.905288397359002e-15,3.247939113791804e-6,0.29631038151770794,2.6206366845480414e-5,0.000198246225706264,2.5618525027480426e-6,0.0011205159631184544,0.020305241808224038,0.0011363518945983909,0.0006608946638437082,8.626012536014332e-6,0.00021557299096482,0.0002788587038912508,2.0046379040120662e-5,0.045106388033039305,2.1781999329694667e-7,1.6087967295221781e-12,0.017163968577907078,0.0001602088412866494,0.0009000118459700038,2.404165516654186e-7,2.9126829458519242e-8,3.1794177640081986e-10,7.940706674633104e-5,5.24604650953829e-8,5.30575260873317e-6,0.016709822664930082,0.47827281614994,4.304363949542796e-10,2.3316657931716563e-5,1.3094603891102902e-15,6.923994989308019e-5,2.972585302646825e-6,0.03375717773995709,0.0069918012107046965,7.2992607839028e-5
9.759618253185663e-5,3.481628124167868e-16,2.5385043740699447e-7,3.7792657792831707e-25,3.1797801540678034e-18,8.382601271855892e-26,3.971291669738817e-37,6.068659853624613e-10,3.0186267866173196e-18,4.488603767499634e-16,8.574167351857779e-17,6.753998118996154e-19,2.949542698666047e-29,4.829832098753653e-23,9.157222565016139e-12,4.29892383091551e-29,4.9378621775768424e-30,3.7419680970282095e-8,3.5153595218543175e-13,0.1477449462123703,4.011627196099331e-5,0.20059021267248606,1.2132561594003145e-25,3.1577466828782235e-38,2.5084629948070205e-17,9.45336149539895e-10,3.577759349697691e-6,1.8442835707509666e-25,3.57231475978741e-15,6.245215498106199e-23,0.06979871368445875,6.157390948676945e-27,1.4023521210742498e-11,1.202025600321677e-19,0.5817245428854279,2.846282801383483e-26,6.762315526221453e-10,1.3550297914714054e-17,8.093257328371555e-10,2.661704933770521e-24
8.539784858636338e-12,7.716006306094553e-6,6.366158587691541e-5,0.41290790292141166,1.7342781549009025e-7,0.0011833089566127659,0.007162753443622567,2.1575985464632616e-7,0.0537514130670781,0.017607888729515856,0.04629732968831255,0.00011930967280327756,0.18729161185386412,0.0010797732269318295,0.0003390019406725424,0.0001960962709102095,0.0010232142683019873,0.002625445026727542,4.243058174260709e-6,2.3860742793531268e-5,8.15951689269409e-6,8.591226036848452e-10,0.00010216171957418856,5.046114874747409e-10,1.27727964071843e-5,8.82665501041466e-8,7.029952394512969e-13,8.525698801913568e-8,3.3546973928224295e-8,1.4064353595753917e-7,1.1099625644806799e-5,0.08808179350046386,3.2973442049159796e-8,0.038948349345355716,0.0009662168530668602,3.907402170322379e-9,0.00022569864474607254,0.0021335673708509045,0.02392444486205597,0.11390043014948688
40,97
0.0,4.1096106708859724e-33,3.141027418686798e-23,2.3681832894438986e-10,9.860957642299841e-11,2.0446537555955194e-9,0.000434210085114988,0.013574494313614668,4.1194672905546263e-7,0.010262610505878237,0.05358330141669732,0.033181104976173784,0.03395423237422715,0.0771855287281229,0.06490932107095382,0.06180539603206241,0.10274432911469783,0.030577360353211448,0.05273892700751751,0.03670815039632984,0.047652655813011195,0.04604508673266099,0.08642401928820058,0.030583194939811754,0.046808669574040104,0.028410806322551187,0.010838906616063303,0.043568607747951724,0.014331674925501837,0.04124261309815459,1.531344691055247e-9,0.014399901553116675,1.1651725622291064e-13,1.0521618762426918e-7,1.2051298735433264e-9,4.819996254184215e-11,7.150786539448841e-13,0.008569861531637914,1.0963424074417184e-16,2.3165249239020365e-7,0.004789903497945099,2.6578740478451006e-15,9.774044149186583e-11,7.663075281089403e-6,0.0011523789314921032,8.882669055561539e-6,2.869833490366288e-23,5.7867753400657473e-5,1.4551530247445295e-42,2.3827500807138334e-15,2.7441320068370066e-39,4.780499310748332e-21,9.168122991726816e-23,5.001683030888587e-10,3.1022908489074033e-7,8.596827023215636e-35,0.00014904816873940714,0.0009716552366049625,3.4710840104962453e-37,6.867870657869367e-79,2.506355263511286e-28,2.2558362147840284e-95,1.1708578198279964e-34,2.495550026408359e-62,4.1650801206018105e-92,0.001009159972642942,5.454626457178135e-74,1.3439196646358421e-25,4.031420402045681e-120,4.728601588169255e-44,1.0917905396666378e-82,5.9923586954319645e-161,3.5568966469552316e-70,2.2881348264803544e-83,3.154413541554528e-84,1.273718486846154e-128,1.123004788222762e-107,1.4239804183408696e-103,1.6960750102719128e-272,8.134215742251504e-30,4.552782796990035e-75,0.001317411369538709,3.537130943859377e-122,6.884793590687446e-142,1.6412376270829402e-46,3.7976465583512893e-152,2.855593975407769e-71,0.0,2.2408284121926236e-148,7.740724739334273e-225,0.0,1.68508892292488e-83,2.616258400391485e-66,0.0,2.734062448500117e-135,0.0,6.841279575285524e-115
0.0,2.2975364911882828e-96,0.0011637434082169195,0.11094265661874848,0.7657551245440248,0.08974746417338651,2.3162049677680734e-5,4.303485187313017e-6,0.02072038928641137,0.004917980358635809,1.3365802325619454e-9,3.124898070648489e-28,9.946853388828872e-8,1.3816314321780798e-32,0.000784471819884621,2.0698581432791886e-22,0.001897998676124141,3.845688852269404e-18,1.282955133812106e-7,4.5402231835309627e-35,2.205309256249776e-10,3.003186908706451e-33,1.5806406686929554e-32,1.1687181336983854e-27,7.091175906655158e-37,8.283944611838344e-13,9.358924599969727e-12,4.305848747776959e-46,1.793583210532083e-10,5.342467660304283e-13,1.5811189521831802e-20,0.002423846412486287,7.113827369766932e-79,2.9697856482735574e-48,2.453883703436837e-54,6.845665835606524e-48,1.627568955338192e-40,2.060333213261474e-97,3.5676427508482676e-44,0.0015175724566605176,9.28505888862261e-8,0.00010096434872823619,1.800800741695783e-21,1.955314914149283e-80,2.067431167796006e-130,4.351791843489402e-76,1.010924006525224e-136,1.0396462458404318e-92,4.4206091459137523e-150,1.0398678074932861e-113,2.0542724156025666e-84,5.350223369457291e-86,1.20817429070398e-136,5.294998810355092e-65,3.802941066091516e-48,6.515458683566106e-129,1.261612967914356e-130,9.109691655784365e-107,1.3726880561786049e-188,1.3876141626045003e-223,1.9847690967893863e-191,1.5684014428236406e-167,1.0553359445625308e-130,1.569123609208207e-203,7.186155628644853e-207,7.953633577101029e-233,4.2621936068541697e-277,2.658344755527116e-239,1.083732129117431e-171,5.206074962482953e-302,9.399390270121208e-265,0.0,2.1546942383195275e-103,0.0,0.0,2.302674364729891e-246,1.0742651622114982e-217,9.992511084079743e-278,0.0,0.0,2.0855108327775417e-244,3.2942335282992027e-178,3.2565676427722604e-290,8.928655345674774e-224,1.5574997221877396e-235,0.0,7.379085695161574e-151,0.0,0.0,0.0,0.0,0.0,9.025215997223657e-279,0.0,0.0,0.0,2.454804126240993e-291
0.0,1.1515535445663877e-36,2.758828060420081e-7,0.006872361524330729,0.5456400867372483,0.25047908773072963,0.07076823130507758,0.00229572080589467,0.0019854698846763935,0.03717013710032211,0.014196611283795804,0.023511072354365663,3.438744469932537e-19,3.992315332191208e-30,2.918272436274289e-32,2.3504757323915558e-32,5.106410151266598e-29,7.970590726808623e-24,2.0606364387550567e-6,3.0965684909778255e-12,8.307697955019435e-20,7.804332696138822e-22,6.987509072865673e-15,2.5459305006014124e-8,2.2127297178654636e-8,9.850025053010507e-9,3.368354416724113e-7,1.3533389149654244e-8,0.005770292401989505,5.225654995347467e-12,0.007173148782973584,3.043979419541487e-8,3.43376213026869e-46,2.3623642755331476e-14,1.708058634486168e-21,2.485451657356301e-15,0.003875452552182696,9.413814255763235e-25,0.0031866074530709624,0.005409983669732438,2.5396130544539874e-29,0.0038059562874117325,2.4267214264441653e-67,0.004726515253604712,6.018667562521361e-44,3.9604234273745575e-37,2.6235228769583576e-47,9.714841896748776e-49,4.892101239887148e-47,1.703338767242506e-58,0.01081562533311017,8.613650172869806e-73,5.378797807871172e-90,5.262356660635606e-9,1.5108828361814302e-57,0.002314859504274393,4.496077547889971e-84,3.9534471695505227e-66,8.436792532973595e-62,5.753501868602892e-51,4.632533987111697e-56,2.6180576144299277e-91,6.231417804367455e-61,2.267070360561261e-93,3.759141825274666e-92,5.38855158423335e-78,9.862454315957429e-142,1.8791571606938386e-80,8.18380240741613e-123,2.828816551106365e-138,6.806972685451061e-193,1.5528347434391997e-253,9.741298727113922e-88,1.5167561301761924e-171,4.513535935916261e-229,4.157734823751266e-109,3.325121482306315e-133,3.5499158998352677e-217,0.0,0.0,9.907839356817985e-64,1.2377500649169164e-240,6.70043681601611e-281,3.1406298605138497e-72,1.3278344701933922e-205,0.0,1.6797335016378848e-103,0.0,9.71973291324713e-280,9.07779641581118e-173,0.0,1.1790050033443533e-234,1.7205492397269927e-176,0.0,8.194286270850166e-90,0.0,5.911874341089508e-258
0.0,2.4569000901970953e-21,0.22218877849343427,0.7682889887675308,0.009522223514951538,9.215984505281923e-9,2.793526678842329e-32,8.086014037035203e-12,7.02473244897561e-28,1.1145914819897252e-63,9.381485398335437e-15,7.239624952813961e-39,6.4690644141735285e-37,3.0440599807377224e-91,1.2692534869335044e-68,1.4746472044885581e-83,3.6294808683000984e-15,1.6087964347235065e-70,1.9976439020354892e-114,2.2581405533518072e-110,2.0516179623329645e-74,6.215947688991833e-41,3.369608564225297e-70,3.7423370752059234e-47,6.48393535781318e-41,6.603338395768751e-72,2.2318637551539536e-23,4.937445702388994e-63,3.409170069948319e-29,2.7981188878082485e-127,2.9101652641387695e-132,1.2896073050656601e-26,3.4940671654655805e-42,7.859868680579982e-122,9.060193500934096e-66,1.1542609286991978e-79,4.594277177169638e-84,2.5592813637564205e-169,5.570595622188157e-97,4.24180984275535e-124,3.4679052199927006e-71,1.0086158760381867e-112,7.711333432985904e-68,3.101092455729265e-128,7.422953524106383e-119,6.643294002814256e-145,3.764619374726802e-101,3.0965106199166826e-146,4.7336126596124224e-169,6.85534861376804e-183,1.1717179919629831e-163,1.0901473491936845e-226,9.108237120659918e-218,1.6009240014970288e-129,2.05110503864885e-170,2.722798939787789e-147,1.3580207129097219e-213,3.0758464817817176e-157,9.146979430963022e-189,4.7524973182917805e-114,2.3179179006308185e-267,2.4510546303061233e-212,5.980446899675943e-168,2.0456300086002814e-214,1.5531445203295397e-201,1.1623206147875794e-292,0.0,5.66130083030554e-267,1.7049767760604733e-166,1.084746612016174e-276,0.0,0.0,2.9337952541153696e-144,0.0,0.0,1.0974214609158635e-144,7.251613318116719e-265,0.0,0.0,0.0,4.08679107110824e-180,0.0,7.29763e-318,1.5475530919006037e-216,0.0,0.0,0.0,0.0,0.0,0.0,0.0,0.0,0.0,0.0,2.402138240121148e-294,0.0,0.0
0.0,3.3233570810791803e-47,6.564953021208013e-38,3.551994737244655e-26,0.010820596762316883,2.6413758646654777e-10,0.015408324559022411,0.3103928260995987,0.3263462986013838,0.17366309324301832,0.0665551850958672,0.04927335727445962,0.004833580703318089,0.01091604325975672,3.623146175182948e-9,0.0048518101274902005,3.549927542625449e-5,0.0021182293047288343,9.975095939028424e-22,0.004619593154074605,0.000336983124479398,4.601008968585969e-14,3.7153374991472936e-11,0.0012460292823667954,8.75180874315416e-19,3.824768562131673e-9,1.5164806703209227e-16,1.9383632600694676e-7,0.0035449093242770416,0.0015182211575153557,0.002336797924040919,0.002792533706653063,0.0017681765895560051,1.4339427519732732e-28,0.0014653130634188093,0.0037301831101729,0.00013159037327216435,1.199769505233982e-10,5.7295202980349235e-36,1.6026850129770493e-30,2.5251761778417297e-27,4.132060672993965e-27,2.610923454838292e-71,7.0440462358864e-64,1.637952055213081e-99,2.1989516381995224e-26,4.4830248325282135e-88,6.522338591596319e-34,0.0012946231782308187,1.5372917110143125e-17,1.3951509286737625e-103,2.4379063105825895e-62,2.783319881110252e-56,4.2480016983870627e-78,6.2514425401503785e-25,1.7566838480144613e-83,2.8398666093756846e-71,2.101841919243018e-33,1.3703975575930786e-105,1.5600356190877048e-115,3.7715171401623984e-76,1.894203821116719e-118,5.579250203894591e-107,2.1236211087867363e-122,6.276514090657351e-85,4.8927568290967566e-107,5.320235811353733e-157,1.1389725340837493e-177,2.1136531949386242e-138,8.829753324999172e-157,2.5089446959224023e-183,8.3362e-319,5.2088584387667445e-152,7.151092534254646e-301,4.378461127233811e-77,1.089762849712096e-228,6.860709952605221e-166,2.506279062576298e-186,3.896741801e-314,7.789518341418462e-17,8.329805038740392e-207,1.2844574945256599e-186,1.2634864589504562e-218,1.0225507641428364e-155,3.669199718105177e-192,4.25e-322,1.9484173010923147e-135,0.0,4.288999577382017e-211,0.0,0.0,3.330936798097629e-288,1.256013000661441e-248,0.0,5.353027494887421e-175,0.0,7.869376317495343e-224
0.0,9.318919649214314e-33,8.986968034836573e-5,0.9884530654857181,0.0015613494036751715,1.616302114149028e-6,9.50208097662668e-13,2.4594916081554313e-8,2.2002425569340773e-11,1.845509738579353e-15,7.134199090257675e-18,6.741920897345869e-36,7.277237191080277e-9,4.8633773303452486e-52,5.46015276417392e-38,6.978488865158854e-44,2.8196218524743387e-28,2.230783740781553e-29,1.2348577966409442e-47,1.433693614007608e-89,3.267504351371221e-76,1.2088691895937476e-63,1.9737301947807294e-42,2.095261959075231e-11,1.3160270932132793e-15,7.697648347542762e-34,2.3664254045585885e-28,3.2540373432893677e-55,0.0074097704728211585,5.814170293350104e-103,3.747479459480893e-80,0.0024804683370309613,3.492651906877352e-80,2.4190024456181676e-101,1.39813627655792e-6,1.3050690003701622e-18,1.6008983291159165e-81,5.21928119496077e-98,3.2417020217024934e-15,2.974826063597005e-46,2.4302659506680373e-6,1.1384436708385955e-56,4.980867908387689e-56,1.5646672508673597e-83,1.615409593109704e-145,2.9084983638857167e-146,1.372598101916544e-127,1.711308437576501e-143,3.649687241117003e-167,8.333089677059886e-200,1.649767152224005e-96,9.47345469549001e-195,3.8639856080549713e-249,1.2417509202000644e-135,2.924259796431644e-160,7.805216703835174e-114,6.25416553310507e-181,6.03313419286729e-162,2.7564294169774424e-204,7.746437710549655e-186,1.0131516197888473e-262,2.101967245324714e-232,7.618137027487969e-114,5.2665852332178416e-269,2.1873518995477634e-205,8.594331910118271e-294,0.0,3.6027723722675584e-266,1.8438943374319077e-259,4.24586459933e-312,0.0,0.0,3.1765034460581962e-145,0.0,0.0,5.948421020446582e-253,1.2898517172183664e-283,0.0,0.0,0.0,1.319045037261214e-267,0.0,0.0,7.271905608017773e-274,0.0,0.0,1.2360410791695746e-264,0.0,0.0,0.0,0.0,0.0,0.0,0.0,0.0,0.0,0.0
0.001159456535748517,0.8828428529455792,0.1159976890541212,2.3887232869118326e-17,2.01733748215074e-48,7.919816162087634e-41,6.423362949283546e-33,1.891875967631789e-43,2.709843787666649e-53,1.4645509245180053e-9,1.7247604333714365e-71,1.953051564904557e-54,2.2468729174572437e-28,2.317470270542459e-94,2.7934971654941512e-142,2.6292972051704916e-39,1.0127030857708798e-90,9.948205710013386e-126,3.268626065310748e-131,1.0207570108571013e-157,2.1207609793041507e-113,4.7432709159586724e-107,9.777876893666623e-99,1.8635788082028346e-96,3.3615135090650156e-42,5.424871630221667e-78,8.533011161235718e-60,4.295782917360853e-124,2.2798033829008344e-116,1.93933707553029e-154,1.212413795337828e-132,2.9664205953686174e-103,6.942201089673486e-143,2.6311431864351057e-112,1.9985826006004582e-89,1.517801717810022e-81,6.032166086875662e-185,1.6069640857580444e-167,1.6383639153186846e-100,2.8038625807814722e-98,4.286357424861789e-115,2.257765917264985e-233,7.188273754930407e-189,4.629493644284208e-198,2.9184529605479836e-172,1.4274135134519445e-235,9.857504477005743e-171,8.904585034206881e-172,8.727394393034971e-232,1.5519962762406502e-249,2.0352189945807125e-236,3.922534841987681e-145,1.208173e-318,5.292742360702071e-134,2.1313818356213845e-286,8.607154704583457e-232,5.715586740710279e-268,1.794259958271377e-171,3.401363247253288e-267,3.559863895140589e-222,2.601067869459004e-261,0.0,3.0492132597769966e-241,4.120848730913e-311,5.24478247643285e-286,0.0,0.0,9.82555658431102e-299,5.648830729990269e-297,0.0,0.0,0.0,2.04681817310384e-310,0.0,0.0,0.0,0.0,0.0,0.0,0.0,1.725736614143354e-193,0.0,0.0,5.203849438114566e-283,0.0,0.0,0.0,0.0,0.0,0.0,0.0,0.0,0.0,0.0,0.0,0.0,0.0
0.0,5.006214606391694e-11,0.004718479093895993,3.449105876794961e-5,0.22922076502073802,0.49363793357735763,0.19547669076165314,0.03358723450527394,0.01256777933685547,0.011484193130834956,0.009817084756090673,5.505432465289421e-7,2.298809702827865e-13,1.0191005178299403e-13,9.577413253208752e-9,1.4771030507715995e-7,7.990591178297973e-9,0.000168852252930624,1.1293480885783722e-6,0.0014681028492599727,4.34447443814416e-10,3.87996426936627e-10,4.560140543348172e-9,1.845717008938366e-11,3.325692219967025e-5,0.0009655227839735879,2.480440041778403e-6,1.0904408586754514e-5,0.004583481148961124,6.441604374408274e-10,3.612801905887825e-12,2.304874438759153e-14,8.838140727334846e-28,1.2986012455489444e-11,2.7737378746466783e-42,9.608193817779142e-17,8.350722397806098e-18,2.7329703007015295e-5,6.3412723107542486e-18,0.001719809545825196,0.0004722109230335817,5.004525641393362e-8,7.584143129573621e-34,1.4960720490990655e-6,2.9824517986124734e-56,5.920095675505402e-45,5.232484223805876e-20,1.1091067745315479e-32,4.161394984205249e-54,4.539585407243964e-36,6.20176937526879e-55,1.0483798674522559e-41,3.4340312642966007e-22,4.922540627037561e-25,7.735371920665187e-29,7.66163849055159e-53,6.1600915630045554e-52,3.815449033985571e-10,5.762691019488949e-65,9.320376127748669e-111,2.243867376376888e-77,4.049952134726569e-98,7.073872425802216e-77,2.269731787532867e-93,3.77905606372854e-135,2.1740843320626166e-81,5.5438605223697916e-123,2.0679367575384856e-107,5.9128372806673616e-127,1.077125625612893e-139,2.5452735671746905e-163,4.045725135402749e-264,4.591898771547965e-70,1.9315517655887655e-140,3.0778139162418474e-238,1.9085964979942015e-166,3.813660413472387e-179,3.4416996835434075e-173,0.0,3.462898366809617e-103,2.2776957114055083e-115,1.1586806195387021e-153,1.8104404208323826e-194,2.892734765591928e-107,2.7726208712234104e-136,0.0,3.215065767204933e-150,0.0,5.645896694880947e-186,0.0,0.0,1.691044948997156e-262,2.9196342709401613e-215,0.0,4.9996577433927344e-148,0.0,1.396824754531658e-226
0.0,3.003765868344854e-49,3.517287907140825e-6,0.01583191594971347,0.9210050544937717,0.008639106918197345,0.022883746372482798,2.74734655420969e-8,1.5962030242780466e-13,3.185141008699284e-11,0.010388971368150875,1.2284872022821508e-24,4.6802176093782e-16,1.983689653382958e-40,0.010928105575950817,1.3627182379255948e-16,1.4747633446868894e-17,0.01031955060472637,6.612252686243315e-23,7.837786897834937e-19,1.550909565400414e-40,6.245195845881771e-12,1.988130044340133e-32,2.7811236333263983e-23,7.308722859354022e-20,6.642325487016346e-14,6.314011557259458e-12,3.8804451202658575e-9,4.28549539926551e-22,4.3262770084027794e-27,6.712457625872567e-37,2.9975555274856076e-30,1.677967065774802e-29,1.5851630500335702e-62,2.7773436194592883e-56,7.876430306720978e-34,5.747524634260141e-61,3.0152400339593995e-44,6.669983321187831e-61,3.975592939687095e-12,2.6575923146235024e-11,3.7391321720682235e-39,4.322757075290439e-41,1.5035526298121257e-74,4.046251952919267e-99,4.409200416258131e-112,3.339051308162969e-99,1.3732464644465072e-68,5.094852323751205e-141,8.75944750952394e-136,1.308719608373238e-94,4.74677428987181e-131,1.0984390989582195e-135,1.3252021707969083e-77,6.868038829575839e-138,1.2763793714973159e-61,1.0862906624039688e-141,1.7458481274132362e-122,2.389549701082666e-147,1.609037765609033e-169,4.0212374311359297e-165,1.1707688019231314e-169,1.0282424590887678e-148,8.056120058990378e-163,1.6021810732826511e-181,1.1539519635075467e-199,2.116263598233649e-250,5.272656352190211e-206,1.8703474172757933e-154,5.975352261725313e-200,1.6582345051331547e-282,0.0,1.4407201722611668e-128,3.8549962621929305e-218,4.871021865200331e-308,1.8895005876457802e-166,2.323338429519481e-226,2.8750621640274594e-266,0.0,2.0197374233847824e-273,9.269413118491612e-189,3.428049209558231e-259,2.8550485453452044e-253,5.214971024231212e-128,1.0560955526105247e-199,0.0,9.44399044479052e-205,0.0,6.716296581929717e-274,1.7762449701765825e-285,0.0,0.0,2.937164762941925e-293,0.0,2.0767333391692673e-195,0.0,1.46482444021786e-309
0.0,7.811584502016278e-33,0.0012241513666306734,0.9322082859243568,0.010667423082272101,0.036562062750754444,1.0137608608029641e-8,2.9841197085885107e-6,8.907975248705184e-6,1.8009724762771503e-11,4.0961270504279094e-16,6.410142759955611e-15,0.00993051529540772,2.4128652835520653e-19,1.654154768798592e-22,3.2295175363585285e-26,3.510727151607878e-31,3.858409913112834e-13,8.096735697093003e-19,7.392928923719034e-32,1.0712909297367273e-15,1.2747435603273763e-16,3.1385775512741258e-24,6.174729356275749e-13,2.4838979969630577e-16,6.447473459485292e-12,0.009395453952905438,5.286107770650194e-24,4.274652725656905e-16,1.0597017550779489e-29,1.0288854293251535e-27,1.5659025546108625e-23,1.8467951440418486e-36,2.775912964474602e-33,2.19267983663392e-12,2.600204695540402e-13,4.973295066747575e-10,7.7361058042583e-60,2.9083198676787924e-13,3.973138099236781e-21,2.0987416075492553e-11,3.435177487215659e-9,9.83552208450083e-36,7.490415367006331e-49,4.179446702584254e-54,4.573832833871569e-40,2.0141339963631322e-7,2.920526727770987e-51,2.0374187055067405e-71,1.0290768164123882e-84,3.9088519211627785e-36,3.6137087664257775e-99,1.8429019216999054e-91,4.192216874282226e-27,3.1208976381449457e-68,1.6206072571807597e-26,4.036558071388577e-49,5.8413088189723036e-64,2.5199481042471554e-73,1.7898233344856586e-63,1.6189639009979945e-93,6.858919465153453e-87,2.444329312646933e-56,1.167241070707547e-96,4.363252720633624e-84,6.075101348674792e-104,4.4474423823712784e-145,5.176416401501135e-107,3.172339097232389e-90,8.194010915853353e-130,2.9717699613252865e-176,3.43922930182823e-256,1.3073379023138088e-75,7.099430690891416e-271,8.4803795529035e-236,2.444491622184695e-53,1.803048238311084e-95,1.475963245579159e-206,7.8791957525445e-311,1.22231362e-315,6.487461975943739e-94,1.8379085994833288e-246,5.429156548008098e-234,3.364090951485753e-100,9.164312541993418e-169,0.0,5.918182310098052e-107,0.0,0.0,4.115327408725648e-279,0.0,1.7135269170328307e-236,1.8816017986720655e-212,0.0,5.2201144451907645e-141,0.0,1.2648622705795343e-224
0.0,2.0674690868521953e-63,9.977903773804098e-6,0.02046558886966154,0.9661973949096067,0.00011709178697065621,0.005074164399230127,2.7733276606499947e-9,3.2997855980660146e-6,1.545550484915943e-12,0.001529338057521513,4.678784195744091e-33,0.0004627208966561757,8.248679011322864e-50,2.7806998168863152e-11,8.158317718182313e-21,5.930060199024799e-16,0.003440895691404784,6.852874956105522e-7,1.2646576168736466e-15,1.7097675418215198e-25,7.610229839250798e-27,1.8791766593403512e-32,4.5948817044790456e-11,2.733570095590734e-32,1.3608905002161291e-19,2.032477549483472e-11,3.2220162242580443e-18,1.0868857901230665e-18,1.0591208961062427e-29,2.080652469364957e-55,2.0560320650492454e-26,2.0321559297412748e-62,2.4980586772953363e-53,7.411522496817247e-42,3.9013367190142685e-22,1.238162698934871e-69,8.201679446051642e-61,9.729708524184317e-28,6.44441635804524e-15,7.618216121966784e-13,6.394020356771337e-40,0.002698839542357248,1.3369242856456166e-97,2.2860466535982022e-136,7.716200654583074e-94,4.806721697711227e-126,9.457086486550692e-66,2.261639338268801e-151,9.119422555337926e-138,1.3975882025167121e-73,9.374891153015085e-115,1.644904331659611e-144,2.4177982647885852e-98,1.58471534246554e-79,1.2824980525922384e-87,3.1495550131484934e-139,1.3716753749994282e-86,2.6081532342304973e-134,1.480951809641759e-165,2.8238300018557067e-186,5.099309283625255e-174,1.0717820833043075e-127,3.147815377190132e-132,3.236109539851842e-180,3.267921164400689e-184,1.8829034642561606e-225,3.526156162226684e-239,6.072648648641492e-123,1.734472689861707e-204,2.6871665302027377e-236,0.0,3.872419743649723e-108,0.0,2.5595858760479895e-226,1.8544482823891283e-141,4.158662862660264e-125,1.191352946500909e-235,0.0,0.0,1.41441842434552e-191,1.0479451009216129e-282,0.0,4.264946418962403e-143,1.2004419983074258e-286,0.0,3.1506128741980523e-38,0.0,0.0,2.284349033490062e-281,0.0,5.386606725643655e-272,3.720173233822059e-176,0.0,6.095347097584515e-216,0.0,5.273153199512085e-233
0.0,3.565402354162473e-57,1.4439375587714745e-10,0.006419277468146037,0.8597394012209806,0.13207923847444805,9.260731865973364e-15,2.1792878729239208e-26,5.952893744788601e-16,0.00031359508193660757,1.6733816250798677e-8,5.432377170637646e-29,2.0615731765049622e-57,3.4165434155884023e-73,1.2433052307843344e-54,4.057051112760587e-71,1.2947245997591016e-37,1.2008684596356149e-35,1.3360957406832902e-12,1.2001044935198995e-80,1.2310066953425732e-34,2.3167409468884066e-72,0.00010370641815752236,1.8352317805864086e-48,3.7603445480945255e-55,2.797906520315629e-11,5.708025552942958e-50,7.40345061456762e-26,5.389217080073126e-19,3.387758802404044e-69,7.213722784143783e-10,6.791774478844312e-50,2.737194286733279e-98,2.918601134834994e-113,3.1506632202411693e-60,6.243526745735857e-11,7.986805436037276e-69,7.376763855755167e-43,6.283509498332144e-47,1.989471258020821e-51,1.3346515800313936e-48,0.001344763644988594,2.9015497364486953e-84,6.692322343407306e-75,2.2004877169880617e-173,1.4770743198840686e-156,4.5606181626411784e-160,1.2466537203412374e-132,3.004511372844233e-153,9.129782208403185e-173,7.20316593713133e-100,6.4901574983093e-200,3.753354609766761e-198,5.343296682186497e-151,3.5732991788838605e-160,1.6703160763433805e-64,3.956384758999582e-209,8.186194751226939e-193,4.3541747245164675e-234,1.2845392532828102e-180,6.325845449046627e-237,5.660116971744935e-204,9.901470821919412e-135,8.699470379141749e-292,2.2331475191617875e-211,2.951358227499436e-225,4.57138873e-316,2.741628937158481e-205,3.703075831909944e-270,2.58e-321,0.0,0.0,1.8140389859566523e-164,0.0,0.0,8.240606721007593e-171,2.003882105321597e-247,0.0,0.0,0.0,5.382365934626485e-219,0.0,0.0,0.0,0.0,0.0,2.403123004400553e-252,0.0,0.0,0.0,0.0,0.0,0.0,0.0,0.0,0.0,0.0
0.0,3.128764895361033e-42,0.0015901703715850085,0.86547409541788,0.13046656273181823,1.072172391711325e-10,4.339485696343898e-16,0.002469171326287164,7.238116180168648e-19,6.503251454665258e-17,2.71227442053222e-17,2.1864641459447955e-62,1.5045582485558126e-24,5.648771661846341e-57,4.521177865112153e-11,1.231648288247517e-38,5.96679492096545e-40,3.54779100519955e-43,8.931201238457217e-75,3.7133421549238755e-73,2.483927515886626e-84,4.101779453471352e-25,8.591646549134867e-52,1.0440936206601947e-39,5.2181727742392036e-39,1.5345269997020848e-56,6.706208794747688e-19,8.527370790792259e-43,2.3636218374181906e-23,2.00264095843627e-93,9.13357698566589e-96,8.271130831210483e-44,7.437938328367901e-18,3.4751908372618173e-133,1.2035169504698841e-18,3.817509282754423e-32,8.852419163788789e-103,7.419754141974688e-143,2.922263631752116e-67,3.864051610312015e-68,9.38288695640925e-30,8.940727135082275e-78,2.1933316052464982e-24,5.504060014110567e-126,8.649739951744495e-143,7.546833523510784e-174,1.1834764057980348e-120,1.032017950047122e-140,4.906277819181007e-191,1.418711846578695e-214,1.4689285593272984e-157,1.7686646720595277e-257,2.0711598922132147e-284,4.6548300727117826e-144,5.395897671815534e-190,1.0733531456488013e-129,1.4303824192591686e-229,1.8913459116059e-185,1.076671231755624e-219,1.509346910799442e-194,2.85283e-319,3.72107068361446e-265,1.258005719226271e-174,2.0940562459632295e-255,1.7903029266650952e-225,0.0,0.0,1.6329005886792328e-302,2.0928820766438992e-217,2.45004456e-316,0.0,0.0,3.696051583941165e-130,0.0,0.0,4.5668176358118355e-233,1.3551846640840278e-297,0.0,0.0,0.0,1.0021146356576766e-280,0.0,0.0,7.095249114096858e-217,0.0,0.0,5.772255985147144e-302,0.0,0.0,0.0,0.0,0.0,0.0,0.0,0.0,0.0,0.0
0.0,6.549690828116305e-36,0.0001380178334552717,0.8154362178822578,0.17759360075518466,1.1371872306630256e-8,1.4645724590219067e-9,5.554783298658872e-10,3.893668270559259e-11,2.6836207241160044e-6,1.2537062417819932e-23,1.0288146923236945e-25,2.606911941276894e-15,3.4870449283918074e-35,8.485012224519912e-19,4.605924416051923e-22,8.69048786083901e-33,4.026455683900286e-30,3.845272611587787e-31,2.103659736654717e-72,3.261468970527514e-57,2.1611504223382186e-67,5.782343166676057e-20,1.1351140777751676e-20,1.8828012953429648e-33,2.2989995631644555e-14,3.4174525745641896e-31,4.056188907414433e-31,6.532427504536993e-14,2.8338805453781046e-65,6.825024179301033e-55,5.153431559580085e-32,4.3513094082026115e-70,1.6600915560622986e-126,5.824799432102867e-9,0.002227520400399186,7.227912583607242e-88,1.224253481352201e-57,4.256915442595416e-5,6.888139883405966e-14,0.00455937109773385,4.599760655056054e-43,1.671577742842428e-57,7.415479831579612e-77,5.88015319701812e-169,2.4796512558317355e-172,1.4311136272582874e-145,2.2583008614945166e-159,2.2478747171713277e-174,2.1062716365334786e-210,1.440339680444851e-82,5.828440926902118e-156,2.681490333867589e-188,7.494669424684957e-119,6.655261373212429e-159,4.360246350586093e-99,5.944156354920091e-187,7.815713824886478e-208,4.2215962933977756e-241,2.8337239524040512e-189,5.842859263883312e-268,7.828928953756167e-209,3.922504250237374e-158,4.962733501000543e-267,1.187015353700471e-239,1.1390530409282803e-251,5.072437697210487e-298,1.4136018406868732e-283,9.540101599814229e-254,1.46e-321,1.3089585397016088e-275,0.0,1.2145425839183e-122,0.0,0.0,2.0509423678087697e-223,1.581277229979361e-255,3.7566765335565197e-293,0.0,0.0,2.31185493934076e-208,0.0,0.0,1.956766166022597e-302,0.0,0.0,2.7780022418097074e-225,0.0,0.0,0.0,0.0,0.0,0.0,0.0,0.0,0.0,1.06847698801e-310
0.0,0.0033350446630763062,0.0029663962537174295,0.40586807260324465,0.507845443443967,0.00225066594657384,1.1743737469930318e-5,0.06584567781479003,2.7631120275751826e-9,6.166061452552584e-9,8.449853314671299e-16,3.6683623832261085e-12,1.6300349688603944e-8,1.2109574860504138e-17,5.3448593276751706e-20,7.251997773883415e-14,1.1836279435885838e-22,1.4339399988753544e-5,7.014240735454748e-15,1.577883765373101e-20,1.655944851800525e-24,7.591179682097792e-19,1.3999180897172854e-22,8.101284012199701e-15,2.37495905125068e-9,1.3571297535451573e-5,0.003052211210057702,0.005297951714153705,1.7934058795159313e-11,1.5851579204789457e-16,3.831456058149125e-24,5.9206258658316125e-6,1.8944503236975294e-39,1.6088021360533836e-31,3.4534222947383264e-32,1.2632701188105873e-11,1.3558219032537938e-39,1.1212401486917697e-7,2.778789508173477e-34,1.4526563772541606e-29,8.479673215054795e-18,1.5801741809716183e-5,1.544976235073321e-47,0.003477019784928928,1.509670266837142e-79,2.21319136857928e-84,2.18314850821784e-44,5.7235016345702976e-89,1.9251148743312854e-95,2.597790122245434e-70,3.236430563320553e-49,6.962874392789005e-77,1.6177949342007197e-39,4.994907891875685e-47,9.6487400266193e-60,1.4573392416074213e-78,5.045070056083054e-66,1.324408425710478e-25,2.4778595739901472e-114,1.7142461326843295e-131,5.085066883924589e-122,4.2467659957176453e-144,1.3168012201317728e-93,8.540000287287076e-146,6.577149476450002e-173,1.2924262469201758e-119,9.960861919400238e-173,4.1754731031578295e-103,8.111212168510135e-179,1.786705340971829e-213,7.050209156919593e-221,0.0,1.813417658824357e-95,4.3419464144347875e-272,5.594343823819601e-260,3.094895668532538e-128,8.508532014619736e-245,1.326086244446715e-186,0.0,1.328991919853521e-293,7.293401996515485e-116,1.1225796624122059e-169,1.7558314809817864e-215,4.323118139318627e-162,5.44331802154228e-136,0.0,4.1377217229345274e-224,0.0,2.5428841624314697e-268,0.0,0.0,1.5193241504936722e-274,1.1298440993376625e-274,0.0,3.412486579009513e-235,0.0,5.887044226900276e-230
0.0,5.723358452856724e-26,0.048922650990313926,0.9475590776319349,0.00023219991069582077,3.1374800495952188e-12,4.018978275489371e-13,6.855168276818503e-9,0.0011938087798342464,1.0390970831249158e-13,2.8713896326584097e-28,1.6955084884147804e-47,4.6521352716531415e-5,2.0984181615764583e-33,6.243665442680325e-26,7.542601366805073e-16,2.3958756241998463e-49,2.2695955108220487e-54,4.8749900029782824e-64,5.717548736941857e-72,2.497914301997738e-77,2.676765597825565e-64,4.5925132547340816e-39,8.494950822730088e-16,3.3629241712737907e-21,2.371350840630789e-33,8.565524373345911e-26,1.2539731322809348e-36,3.639401772782756e-10,5.889032236249884e-101,3.354938962328238e-91,2.740188288086313e-36,4.943022805584975e-74,2.0397758269938015e-150,0.0011963394528911103,0.0008493946588601818,2.062379143843898e-117,4.405532429051138e-114,1.469608943431855e-45,8.742404393741818e-49,2.591254992433867e-20,1.647761634557014e-120,1.3190694519560955e-45,9.075276335135127e-159,5.751582392616543e-160,2.475883906720855e-173,6.1368439652160015e-158,1.5083532699203753e-180,5.417098862662985e-191,1.2977713921590509e-230,1.3624444179818069e-134,6.873999727976342e-190,2.2640782442627304e-245,3.577575497529687e-151,1.3192348522415258e-173,1.1464171250051823e-145,4.388098862844816e-205,1.932766655526716e-197,9.956349036669306e-184,1.881462224601567e-188,1.5080918445694202e-253,9.621267681561785e-264,1.2029136124492531e-160,6.46036552757462e-228,2.046438656237897e-229,1.5406038418761798e-305,0.0,8.552039809404932e-293,5.7548833541249815e-235,4.192535617e-315,0.0,0.0,1.924773023462125e-117,0.0,0.0,2.592676208596477e-241,0.0,0.0,0.0,0.0,4.1285024786665e-191,0.0,0.0,3.229270270924622e-235,0.0,0.0,2.0409109167383592e-303,0.0,0.0,0.0,0.0,0.0,0.0,0.0,2.3493e-320,0.0,0.0
0.0,1.4191053799024606e-29,0.0931696072330295,0.902743814270768,0.004086578494780799,2.551471194742807e-13,8.025586685475698e-13,1.3807050739113955e-22,2.6036048334687763e-18,2.8729991801807895e-13,1.1258777763865256e-25,1.4966710057433045e-48,7.671977744999503e-14,2.74114325001223e-55,3.2117791536967736e-37,7.196741035496175e-45,1.8081202993577405e-61,4.557914832487564e-52,2.4467091225025684e-55,3.176081742315298e-131,7.270706499691541e-49,7.584419549521019e-98,1.3537629297204325e-19,2.1161118752943335e-73,2.6140181463671213e-48,6.536908716239905e-20,1.2506342898843417e-54,1.5007279663172614e-36,1.3428039278337563e-38,8.095383591489097e-92,1.2940390964423197e-62,1.9150068915930156e-63,2.485515626534802e-110,1.024678512038463e-148,1.476071473835306e-48,8.500979664087024e-35,1.9328802557519964e-134,3.364933711216699e-79,6.9682161851088335e-37,1.839792736221134e-33,2.8601898634145148e-36,2.768583276430801e-92,2.0979206197371498e-102,4.283410677379159e-127,4.749492343300422e-114,5.325730292586949e-183,2.127919229269211e-203,3.2553444955390135e-138,1.1911122493536214e-161,7.193242251112415e-228,1.808460985923913e-151,5.095408662727221e-214,5.968946134003872e-275,2.9326118239364448e-176,4.836842200635851e-186,4.0795533735531553e-125,2.8637143701917637e-256,9.586169763648265e-132,1.9355729367958037e-205,1.43915593166701e-172,1.8960963242402514e-306,3.172112731322641e-300,2.5867212377769494e-206,1.2017125537992409e-306,3.263478167346989e-243,0.0,0.0,2.3541713524376684e-301,3.1983172662860615e-289,0.0,0.0,0.0,4.1056052001006004e-201,0.0,0.0,1.1587731405783244e-219,0.0,0.0,0.0,0.0,8.233548257380095e-133,0.0,0.0,3.05922116275e-312,0.0,0.0,0.0,0.0,0.0,0.0,0.0,0.0,0.0,0.0,0.0,0.0,0.0
0.0,5.1095503019016315e-34,8.568405760956548e-11,1.4113004298306153e-7,0.002676023336409894,0.0011806432530483226,0.16480227143439452,0.047360813359030855,0.05701103309610926,0.03894962852331033,0.024490815580727462,0.004453149355172651,0.024619965457573178,0.027898105059374498,0.046962441103248674,0.011215473715092551,0.050978190985008394,0.07421449291289163,0.11090236988087374,0.10577146267505992,0.0004730384733777695,4.3208155140724824e-13,6.940629728926963e-6,0.0462082007677181,0.0001914691930175011,1.231816937585511e-5,4.1880099794970836e-5,2.5962536693177675e-9,5.5251140093846434e-9,0.018126456511392684,0.0003849939267068224,1.453180947682206e-12,3.5977499005001224e-14,7.454891265742138e-10,9.726448171204857e-8,0.037609399842029004,0.00013921220541378228,1.622275047209047e-13,0.014563864919572258,0.030122862410003847,0.01185318220876873,0.02350262976493041,7.738709023196131e-17,5.1310256669571845e-15,1.2975558227546828e-20,0.012793182606749415,0.0005965204858537159,2.190093744956842e-6,8.673012967906209e-29,0.00011236499870741006,8.540148365178925e-7,2.664832062537539e-44,2.112394268572571e-32,0.005191707172837791,9.440025752846856e-10,7.647978054211901e-6,5.337863567910834e-38,2.7929579733865778e-15,2.1486716873961856e-9,8.57009912154627e-34,3.806815401842824e-17,8.23279933506092e-28,2.8641043829652564e-46,6.143953769700174e-5,9.366050966536383e-33,1.1235161921324628e-27,1.9213633547564947e-79,1.070609384082043e-37,5.4208954854478746e-24,5.268825829278489e-25,5.630192641031e-97,7.062605120115361e-128,5.583761415274439e-16,9.414586985078739e-45,2.3516116304237498e-148,3.1132992908894436e-58,3.340171364525783e-67,7.021019611474683e-106,2.769603809567096e-192,5.96719264650445e-113,5.339975004083695e-29,8.661046674807028e-97,1.9381381130804385e-166,0.002127416922137794,1.0912126847888001e-82,1.3223990078868724e-272,1.5764913620000225e-28,0.0,7.502191214185114e-105,5.875255743396391e-58,0.0,1.1794693416550764e-137,3.7698960857723094e-59,0.0,0.002383096898392478,0.0,3.359524642084351e-173
0.0,5.6994097337299415e-42,3.1049088409801156e-7,0.3772759689237223,0.6087352547351963,0.0003987697803363962,9.600758575033053e-6,3.033281656610959e-11,3.245064324026574e-8,1.3452581691826176e-11,1.9260803752776426e-24,3.0901243305412775e-15,3.762217840165104e-18,9.242430916836761e-35,5.636578505665512e-29,4.46700645122395e-35,6.964386362656041e-21,4.611101985581946e-21,0.002331209399130192,9.594123445391017e-34,1.2670268003665886e-36,2.7014917490834054e-36,7.395418235314543e-15,2.5528226271035837e-29,1.8821762720780126e-29,0.003542441812212177,1.5913786809381223e-5,1.594259056082394e-22,1.9321929479826238e-9,1.3588143527023004e-13,1.2176607222431796e-33,7.163547955483303e-25,4.684276864172626e-46,7.60191433901295e-40,2.618998006513998e-30,0.007462202234447491,9.687792346377555e-31,2.0201414929059826e-38,1.2385050868211153e-23,8.942009808813572e-11,1.1207800997737497e-25,3.691526669702112e-30,0.00022829356249848525,1.966005169563608e-52,1.2960226458909484e-74,1.203527862800748e-61,3.1797379096027056e-62,1.4510508883625766e-44,1.9525299768533954e-69,1.2506369181961013e-62,1.17764596663987e-50,9.838529717386295e-107,1.0043183808877495e-79,3.985509831807736e-48,1.7781169885132392e-64,1.7306400989455816e-57,7.047107149144245e-81,1.6043603280750315e-72,6.275922514844391e-67,5.855123111158022e-88,3.705980781534137e-74,4.6180475036666565e-102,5.74610102419041e-97,2.0768318361443675e-82,5.706292832790592e-86,3.9506288239855314e-94,3.917381888424304e-135,1.3612744481602894e-89,9.676404171792566e-108,1.0547763345626614e-102,3.7479156102882605e-166,9.729007666e-315,1.124087310375271e-71,0.0,7.784444977425911e-224,3.698547289951919e-102,1.4948139339838068e-112,5.265805121533987e-207,0.0,0.0,9.454904698912231e-77,2.2594677389481e-242,4.79832220001792e-310,1.6598248893333892e-97,8.766004744126172e-237,0.0,5.261833503856214e-68,0.0,2.7365729783074304e-276,3.071557420315883e-243,0.0,5.3213366343116493e-250,1.4892574042049273e-231,0.0,1.4245832897780667e-97,0.0,1.4724934911080095e-233
0.0,2.029857375996023e-61,3.8731672642538944e-49,5.06008092466657e-29,0.006358458117083562,4.1863196957959526e-18,0.004268690650723165,1.6831364937655179e-15,0.010970168375690929,1.9806625048706313e-13,8.222821897321876e-8,4.0387406034330347e-17,5.2057206433082604e-14,0.0029035235070981654,3.275077592843557e-18,0.009537326670145861,8.903870970339471e-29,1.2412815877776937e-8,7.727101809233845e-9,0.008633579438065721,0.01343301039875483,0.010040558386245787,0.011192827795610781,0.007985473282929737,0.0001972963299470319,1.6524517223183236e-9,1.664874314868749e-15,3.3564192632148547e-13,8.78070847840543e-12,0.022433953561013083,0.013854951673651536,1.189826869412908e-8,0.014986522876773012,0.01871277550220763,5.484872702628604e-13,0.015593054905958801,0.03746710738940172,0.07038237940746143,0.030353154194868295,0.027104011842695945,0.03343033384544721,0.030498224812859062,0.04375417827644085,0.014419015487506388,0.04624340463404608,0.02669740744646806,0.02044012448003464,0.020295139709359124,0.02303939291515493,0.012107328471194495,0.03247479816440786,0.027986605800717622,0.017592956828764397,0.0041049594187087726,0.011934439178466422,0.027710123477504654,0.03149501526558854,0.012323447283320575,0.01369392956952154,0.01778861024160144,0.010796758405701705,0.017788593420557892,0.015328977504739662,0.020488904984560283,0.024360804459561777,0.014385227278584154,0.015051900973662758,0.015310013572759141,0.00821012780381605,0.0072166484932023565,0.002736709267938683,9.633934970616571e-59,0.00821012780381573,0.001368354633969339,0.002484433900140887,0.005473418534315942,0.0027367092679386833,0.0041113032240865845,1.2216822191358611e-88,0.002808879253766763,1.1584701086545586e-8,6.128987675742251e-65,0.004105063901908024,0.0028835186068947565,0.0013683546339693419,0.0013683546339693417,0.0013683546339462254,0.0,0.0014950097773696808,5.001830739814161e-67,0.0,0.0013683546339693417,0.0013683546339693417,0.0,1.810094868674884e-65,0.0,0.0013683546339693417
0.0,1.4011712238668827e-44,4.948408771673789e-6,6.764642766588014e-5,0.37580979979832985,0.4004933471307856,0.08528273733116946,0.037548246841986335,0.035926843882866315,3.128488122613343e-23,2.3519134975956272e-27,9.941490073392888e-43,3.6646192179304426e-20,1.2528796801560913e-58,1.0299870968203077e-22,1.1493326403672576e-39,4.549498183340835e-9,4.421411268025996e-29,0.005428324479885771,4.475403282588526e-12,1.0886553620013702e-28,0.015655272077858873,0.02956698111368228,0.004096810521554379,1.8270282221615338e-28,7.090478003563332e-14,9.034717917583534e-15,1.5525270408729728e-5,6.610656257652706e-22,4.1008486580713105e-23,5.765495774417192e-56,1.3537459495249744e-46,7.716023315355427e-26,0.004511896669187859,0.0028238071866719767,2.2177327064814342e-60,5.279097938636191e-77,1.0835145895779845e-57,5.193039164015209e-90,3.573235452476333e-27,0.0027678083051212387,1.6703766383826378e-72,1.6107968525952025e-66,3.929736169627128e-113,2.6231952864223856e-145,3.018379199665048e-136,1.0671331330637249e-154,1.8153837087781553e-69,1.8659214203819675e-121,1.2181527885381743e-121,2.153976180451468e-125,2.5375978394715183e-167,2.091299851820028e-149,2.8019994852160915e-96,6.26457453803125e-133,2.4046493159290225e-97,3.1879216034465674e-149,1.4012034823072858e-80,1.4251952922766568e-167,1.1489494384561662e-189,3.8951797189335207e-196,5.8603022335766565e-180,1.5361241644248968e-149,2.4548335101075065e-157,1.8348358978865966e-171,1.2481273781647947e-201,2.7258967020646594e-209,2.408292364727264e-277,9.960982650246869e-160,3.585979278357189e-207,6.857151814046596e-261,1.93315109955397e-309,8.150075682581732e-124,3.7947915430786938e-174,1.520666562616067e-192,1.492114452969134e-151,4.98098513843612e-189,2.8887155695142453e-269,0.0,1.5301770803082365e-267,1.2558079393567942e-286,0.0,4.206958869170371e-302,1.1297736101650867e-128,3.8301698262423986e-286,0.0,2.012630369147806e-151,0.0,0.0,0.0,0.0,0.0,0.0,0.0,1.6034387023052245e-202,0.0,0.0
0.0,3.7292263693326946e-15,1.0802074644317897e-16,0.001759353534822683,0.03926198400772092,0.042829945414791785,0.07742712087877238,0.0794545979099316,0.07349436479611307,0.10803847076288026,0.051934314266858024,0.10658593300050682,0.10594766624983674,0.0698349244393835,0.03552315791690224,0.0498613427665499,0.014366465378706285,0.011959767888486529,0.011228204135945058,0.026874642757204588,0.03438675530365164,0.029754759566480944,1.782258397526032e-8,0.0013610998799176899,0.0003117701962088824,0.00026275882985392314,0.0018921270800274872,0.00549530111261884,1.4012190815932515e-12,0.0006685668742347719,0.009580922692164626,3.6078385579515708e-6,1.365415028816804e-16,0.0019272642738096932,0.000204304640570211,3.2831840044692933e-6,8.534248513167614e-18,0.0036330581343237494,1.9421696061691687e-24,6.34068181504327e-11,1.020738711263415e-7,1.4796342794396944e-22,1.5731079376684535e-20,0.001076830590434756,5.2263614685770394e-8,8.111515729740672e-36,1.3166892517093939e-9,1.2850885224582525e-43,4.307045114729547e-56,4.034914931151881e-21,2.890225485130086e-125,0.0012843004523147316,2.3877699899059362e-17,2.2003260657091103e-19,2.5755883395722995e-106,2.4381122716201017e-37,0.0010816825735220806,0.0006891771303200867,1.9348571347630978e-89,1.134197752883156e-130,5.010170340238802e-46,3.5234642714417084e-175,2.855301992888445e-91,1.8800349341972957e-176,1.621960559503291e-167,2.1370107006867562e-107,1.664186054052184e-111,1.1272142300388236e-44,9.97229314980023e-167,7.321406457494174e-171,3.080574794974031e-137,5.965754949039706e-200,1.797780304131796e-100,1.4413101852970525e-82,1.9039941439332215e-142,6.7806732630144045e-168,2.0477251223746785e-185,2.6284544699019625e-146,7.316645274104093e-283,4.030983307611922e-50,1.5236744071016596e-33,7.25972084636928e-89,1.2595548872018444e-119,1.0246583442429902e-209,1.728034678897699e-78,7.813266453536023e-242,5.801073079462933e-260,0.0,2.4600344315369205e-231,0.0,0.0,1.6511712302538336e-181,7.411472817175359e-163,0.0,5.951872245817023e-286,0.0,9.990411599068208e-140
1.5577491619207743e-227,1.4886842605433878e-8,0.7765151418196837,0.22203192445823358,8.956567412315688e-11,4.75945982685133e-17,0.0014529187435642858,2.4616308121400373e-23,1.0721182836924546e-24,7.903628357188532e-36,1.7599576808853743e-30,1.8961993619918934e-12,2.1394631818475292e-13,2.503337746246239e-47,1.9303612632510094e-62,8.805871751381832e-39,3.651287258135244e-45,1.4906562134453926e-80,1.81940044569202e-66,3.9388268780098703e-94,5.570482114027424e-95,1.0911931728523837e-45,7.007794044506771e-36,2.917254148437256e-59,4.7112789219592216e-20,4.766394889222521e-37,1.6866288532293137e-46,8.589582441282387e-53,8.411419080549613e-46,4.4650399128432255e-96,3.5900601602372934e-70,7.829811774058176e-35,2.5928561942297312e-117,3.771182075471584e-86,1.176150815643636e-63,2.109344548650267e-48,3.407249916042164e-113,6.4525308269657376e-139,3.2900992035668796e-42,1.883217288270971e-53,3.2332814092542455e-76,2.4841594896470587e-155,4.0431839414772935e-132,5.4987313728050436e-117,1.3228363625825242e-104,4.609587920712142e-144,6.504432095871208e-104,8.065686670461517e-110,2.0255938997216863e-147,1.6265515998376468e-216,5.369935708944049e-165,1.1008758598979358e-212,4.357644970055525e-264,8.069701705103033e-112,5.96317921934635e-218,2.2592820392915633e-168,8.980864222556155e-193,1.9826695095410658e-126,5.3814324154413437e-216,7.799134889238187e-165,3.437053935411067e-237,0.0,2.7314016924157727e-171,6.48398805890961e-269,2.1970523904154928e-209,9.0e-323,0.0,7.570726731545932e-240,2.0582662546579923e-249,5.415206360983348e-290,0.0,0.0,2.3911639964515478e-234,0.0,0.0,1.0257901585e-314,0.0,8.393557288408744e-308,0.0,0.0,9.4922417201099e-162,5.3079444e-317,2.7309445351045806e-286,2.688051646847125e-261,2.2015273427712054e-250,0.0,0.0,0.0,0.0,0.0,0.0,0.0,0.0,0.0,0.0,0.0,0.0
0.0,8.098007253996122e-14,0.9252043167534626,0.05089024142124884,0.015856370772947277,7.813913889107292e-11,0.002787789398201207,0.0005744699060037775,0.001140804115658201,2.0420959822992404e-35,3.048585149258225e-37,1.854981612096066e-49,0.0010067915723376854,7.159163041832294e-63,6.67155676402686e-86,2.0689443262044455e-5,1.5869121180585067e-86,1.7208826597729733e-92,2.6915772683500046e-38,7.714789134654118e-122,4.4799616819867014e-57,1.7735306722336763e-97,0.0006979100245458657,7.539636272880058e-77,1.483511753108598e-40,0.0018206164519749839,4.813001594772712e-51,4.0089492933131006e-46,9.009630978488612e-57,9.722090983538091e-109,8.731428790603819e-104,1.9251172601422876e-90,3.019274680577839e-161,4.236990862730406e-144,1.5791007059503934e-58,7.426911040547535e-45,2.820902986565987e-143,9.736828133822295e-94,5.2853046278481906e-11,9.284264213283109e-12,1.0624798580615395e-60,2.7921613746236222e-132,8.630403988793638e-126,1.1272193132141502e-131,9.759569172163237e-117,3.717613473941517e-198,6.929385821504324e-197,2.24515948906859e-141,7.441719217354846e-203,4.143830380039494e-233,2.935308452083361e-189,5.857068633396772e-186,3.4264190420903275e-258,3.8939029412282304e-194,2.1949977693710358e-210,1.1617354096016819e-167,1.0055858572780574e-215,3.345888664021992e-118,1.1649781447907256e-197,4.3587140162773975e-202,4.01416793893823e-262,8.478708321967898e-282,1.190405925664207e-202,2.2110298831564064e-250,1.119310361064065e-248,2.8699594068834163e-282,0.0,1.9507181180357293e-276,1.3674924255306955e-257,1.833776917769497e-293,0.0,0.0,3.575392172091422e-233,0.0,0.0,3.0080748487292527e-282,0.0,0.0,0.0,0.0,4.4029011284692926e-124,0.0,0.0,1.2528861974008286e-256,5.00846617480795e-301,0.0,0.0,0.0,0.0,5.402650624043678e-286,0.0,0.0,0.0,0.0,5.9499397e-316,0.0,0.0
0.0,3.2354684792359656e-107,1.462849726545716e-10,0.0012581959469542068,0.32071385019454696,0.5881539651012767,0.05268311389375994,1.214181656186253e-8,0.013707278595910125,1.574351695035349e-14,0.006579549505350936,4.678524166863018e-10,1.0887736534646765e-14,2.471429538432233e-56,0.00018038629690110653,9.262385201706667e-34,3.390047736566412e-17,0.004320462655701687,0.003645905471359303,1.4329524788196322e-14,1.3931943008005937e-15,9.06188811169222e-46,9.773592522330603e-44,0.0011261015109173273,5.935906584833013e-22,4.47391961643651e-6,0.003959164257305403,9.855020833714875e-20,0.0026405901308073207,2.2125874170031573e-14,3.9449956936127074e-56,7.990337840113446e-15,2.1539310462138497e-88,3.9500403448651365e-8,2.4898413901175675e-77,6.366813952924337e-15,2.6733139460297366e-30,1.3892845277983037e-30,1.4192558690271126e-84,3.5549966887475466e-49,3.1484276726288986e-42,1.16256636783006e-40,4.8115953672655095e-8,1.0337709673981416e-137,2.3091615871441572e-132,1.53838610654465e-110,7.210769265797689e-157,0.0010268621472025968,3.010777915255395e-180,1.3165192899771081e-113,3.7016454283829484e-148,1.5316966990548641e-177,2.1287099413858214e-151,2.954289876221378e-75,1.1382029375515258e-92,5.529259664500853e-160,2.300969730121102e-200,4.4977936765234154e-35,3.300151143435089e-167,6.367063622535822e-250,6.200772834392266e-226,4.521010305218796e-199,6.108002015134842e-171,1.0965249163408985e-181,1.378453049516029e-213,2.9003301094673016e-247,8.367721231500856e-292,6.157279945347633e-291,1.9667204236123647e-176,4.485818733088012e-220,0.0,0.0,6.03019593477668e-115,9.75021518343495e-256,0.0,1.1212962578236836e-248,6.338959421013635e-221,0.0,0.0,0.0,0.0,1.1633927081004052e-306,0.0,2.0642858756224892e-179,0.0,0.0,2.801359321090908e-168,0.0,0.0,0.0,0.0,0.0,1.92562466e-316,0.0,7.763245350887826e-222,0.0,0.0
0.0,4.449634407070999e-81,2.0528112984595482e-20,2.933716130107232e-10,9.606450612877984e-5,0.03555210230678444,0.6154140372914272,0.29548893958681666,0.022493004601638257,0.0070346558352689,2.48026641262033e-10,0.0028679407700659665,0.0001929138456320514,0.0005162601724536717,0.0008707130297336122,2.78159304612132e-10,6.2816831801518686e-24,1.1891543804097414e-10,2.0686592262611235e-21,1.2415911388185338e-6,5.422797444428625e-10,2.086500840127597e-21,6.677639548746361e-27,9.565516609285439e-19,0.000733361261349059,0.002704868622918333,7.778562075686197e-8,0.004241220145496853,0.0021242069244994453,0.007122578359187407,7.895465337331394e-5,6.663209077848378e-17,1.1662794253883767e-52,0.0003051471998257493,3.764885246886209e-27,3.171472723175931e-8,0.0021616781474084255,4.045234937429271e-25,2.0439260389995164e-37,5.084808433880969e-30,1.677408041586914e-10,1.1484361713575836e-14,5.955977942890781e-44,1.6664743805334803e-57,1.799607017637217e-99,5.716938582616002e-23,9.076645308350923e-113,4.619279339749902e-46,4.316668547892649e-33,4.820780738189277e-50,3.2802393634822687e-93,4.1622748320582156e-101,6.5839597580569736e-99,5.4840446153952894e-30,1.292331849920864e-82,6.92160944460235e-73,1.1935416457664432e-114,1.2979596490006034e-31,1.7042973387971143e-87,2.212451945715273e-157,6.042269651678859e-117,2.948017213152857e-142,3.382506577803403e-132,7.9969986444292975e-112,4.4963271595611174e-123,4.767260953294342e-129,8.022808864022874e-148,2.414736267424513e-140,1.8159695480117273e-130,2.876858737660437e-143,2.53104470738599e-187,2.121808e-317,9.922157690406805e-135,7.673228012966088e-143,5.291337257305169e-125,6.277328983778523e-174,6.374438975238765e-115,4.073707220307237e-192,0.0,5.709246360845755e-140,3.6151657191414276e-247,1.8588537776395687e-213,3.088305319144033e-280,3.0639926620978363e-127,9.780343540456034e-256,0.0,4.202196925754211e-56,0.0,2.4697016503199802e-234,0.0,0.0,2.3124606595802345e-253,6.43462430268426e-208,0.0,6.686086897982699e-150,0.0,8.0026802805543e-239
0.0,1.041067777469508e-25,2.0981556132891445e-5,0.0008675012698246893,0.11148270714323195,0.08888815934977509,0.1514536322448995,0.171210591066411,0.0003581632623917274,0.037948774878948086,3.843016491424829e-9,1.8123731560811547e-12,2.4420883738109976e-17,5.156127700669569e-14,1.232493520829165e-14,5.416961155511698e-21,8.073990538293069e-18,4.226304598277665e-19,0.00033042500788928023,4.946232774204901e-6,0.006028107692357116,7.330725269310204e-8,0.012963805856170076,0.07178946990216509,0.053546406128792405,0.07436064158591611,0.14337599683256788,0.03709467934876119,0.037325646053233345,1.1032522696179864e-5,0.000938203893627276,4.806619333383835e-15,5.11941564856072e-43,8.620219953281952e-16,5.698699125336485e-27,5.101610513787698e-8,7.15035199177425e-24,2.681370297504e-29,2.32394165543963e-19,3.127486542979917e-12,1.6106584880273582e-21,6.818667759277077e-21,1.0497113562844864e-38,1.392092618355481e-40,2.927758909864303e-63,7.878279243854858e-45,3.3524690928584664e-52,2.1944888316227127e-38,3.159042489039869e-59,1.7742812130941225e-53,1.9369954168306608e-33,6.6628046750013946e-68,8.053993729304334e-31,8.61548232089824e-22,4.6525357048264726e-54,3.4246863729812156e-53,2.639925298323537e-78,5.260144934142363e-51,2.3171798344022106e-49,6.1596977878791614e-65,1.6955470762297836e-41,3.965434604038956e-76,9.307151735053838e-69,5.302682645183108e-86,4.1450660132406195e-101,2.7615889327721883e-52,1.3560452526366083e-82,2.8541285567485074e-99,9.041282907756955e-76,1.2830761883823657e-112,5.562947109564967e-81,2.83698300891576e-200,1.1034795879504006e-54,1.43556587214583e-102,5.201170542479057e-159,8.733986808241128e-109,3.21526306385795e-37,1.7031930798150145e-125,0.0,1.3589684636238486e-192,1.0505787848061101e-67,3.045329503876252e-206,1.041138715298519e-237,1.7266119680589735e-84,5.318741198348863e-161,0.0,5.1077279926496275e-14,0.0,8.665658465675736e-200,3.551026526455097e-200,0.0,4.189859298045325e-142,1.7210090159041935e-88,0.0,2.2670108124281949e-94,0.0,7.194014450850751e-196
0.0,3.592840075685938e-23,0.2042562629656253,0.774616373086408,0.014746631822654227,1.0742162285905464e-19,4.240092981776651e-22,6.986820317734091e-45,5.3396103520780396e-20,2.0125799213162208e-15,6.388882305722673e-22,5.9928655619493396e-24,5.4331496232852754e-67,3.517322436712497e-76,6.857673262533021e-32,1.3334624891662645e-54,7.007033036216162e-80,4.6879670439582403e-82,2.3981555766905304e-46,1.1800643434166793e-90,1.4214543329661244e-81,1.709328438921101e-98,0.0019575295585153277,4.708162474130377e-47,1.4514779379741856e-24,1.6659638789223202e-40,2.561982288964598e-57,0.004423202566795355,1.1175446513470149e-65,5.32274226947066e-120,6.508158573429153e-88,3.811564499010281e-70,3.444724363984776e-85,3.822515073307909e-107,1.883119148495314e-80,2.332766789208753e-74,1.8796728292915906e-127,1.96583649221363e-71,1.9293513429855454e-54,9.078916446888305e-58,2.2702172039035478e-59,3.021137827978807e-131,5.1539970563518036e-92,6.041332914462766e-134,4.592399751635437e-115,5.426188002574761e-179,7.516368320280355e-172,9.922933598692938e-142,2.752965603083778e-115,4.55606499164275e-235,4.526168668680307e-158,1.698858617026512e-131,4.135613447177867e-262,2.2988386838584783e-132,1.5100663085969252e-207,5.26908028025921e-165,2.8036917454200137e-224,2.9764964106471546e-153,9.807181862605525e-224,3.0623749911433105e-174,3.7048458710694003e-242,1.089103033123084e-254,2.5566262070535122e-170,5.647962305134542e-287,2.6009539237968373e-251,1.5889786266783644e-276,1.36182e-318,7.284314740978813e-271,9.090554415951911e-284,1.65749943e-316,0.0,0.0,8.263674547932651e-240,0.0,0.0,7.540752895011699e-281,0.0,0.0,0.0,0.0,4.080645686844378e-134,8.0e-323,0.0,5.594856399887847e-283,1.3431715953e-313,0.0,1.5102914749331277e-307,0.0,0.0,0.0,0.0,0.0,0.0,0.0,9.21179265e-316,0.0,0.0
0.0,1.9180943932129444e-96,2.3944157467164475e-14,4.8895139938043226e-8,0.005185354330116498,0.8518240336621472,0.13383074577445497,0.00017582672875431126,6.45237379927731e-6,0.0007596516351646255,1.0076406887090286e-12,1.721722748166709e-10,0.004257132026159151,5.351726905722849e-6,1.8955500338386198e-10,0.0016831996779136992,1.396088815284957e-10,1.4890471793644378e-19,3.08104885118402e-15,2.1995966404759912e-10,0.0006867525775558874,4.018488119263409e-15,1.181306148203174e-28,4.4215025310403827e-23,9.829108890224189e-19,1.6370571363725857e-5,0.0013311108446875267,1.17500549661277e-25,7.769004937868847e-5,8.152464156437354e-5,7.873071154299931e-5,2.3041135682587236e-8,2.1215613722312226e-66,2.822211366033213e-12,5.591750547065149e-63,3.655325902072113e-29,7.420237395485609e-21,9.244633885024742e-45,1.1110558855771677e-46,7.05897820040626e-12,7.416618496047517e-17,3.1800173384074616e-23,1.6304564840605896e-48,2.2497353050050135e-66,2.506612811412246e-130,2.0972576688788727e-30,2.641070309432803e-121,4.790965255386065e-44,3.357028550577173e-92,7.709031427655348e-98,1.3275118037930525e-54,2.8259046707280515e-159,2.0293277458845123e-135,5.207195655456481e-58,4.96834299312055e-68,3.9965930951674976e-63,5.054420704819606e-144,3.843048744416661e-93,1.8046184352098012e-110,2.446552435184882e-187,9.710086158305613e-161,1.0329041695054895e-180,1.1029353464825004e-123,1.101358424390462e-124,5.349974936259963e-162,2.749469544518415e-175,1.856516853673223e-208,1.145685666934601e-177,8.368568394740975e-129,3.3970339133162935e-176,8.643707317997329e-225,0.0,3.8945966258563215e-131,6.451794609010155e-257,3.562522696617939e-218,4.147488572973371e-190,6.3102188642814374e-142,1.0893944052227417e-275,0.0,8.259697190276528e-249,9.592808093527806e-261,1.951287142866038e-223,0.0,1.1296016062872292e-116,9.233029035841004e-289,0.0,6.894251554352823e-72,0.0,1.65435693e-316,0.0,0.0,9.772708995665825e-302,1.6035568574921978e-257,0.0,3.4225735198520993e-178,0.0,0.0
2.0016494949603776e-147,0.054383013969971854,0.9313278075504402,0.008548656729763094,6.640403475603054e-23,7.040406072832136e-28,1.1604638274826661e-27,1.3138435205945851e-33,0.002267533587717949,2.046587008544571e-52,1.1775432194041827e-6,1.450955795674993e-44,4.8663492342371114e-48,3.1152850137586317e-105,5.927603222502247e-80,0.0011233314587910151,3.397920104361094e-75,5.238868547988956e-97,9.015691860249096e-84,4.820967594508642e-132,1.1694750764122954e-100,1.1403805109231262e-116,7.209769784909108e-53,4.415175501453877e-78,0.0012153024351171779,8.142235739603796e-61,0.001133176724979267,1.819938699019803e-79,7.877214751238805e-68,3.1555150444185547e-138,5.342504093605499e-119,6.629739340307473e-51,8.42467724502806e-104,1.5098203829143516e-97,2.597971299727043e-59,1.1196668613987535e-80,2.3298342463645374e-150,2.3840827746751563e-96,6.534490412968299e-77,1.841627009924024e-80,7.620144526628438e-96,2.7561589038131473e-165,4.821700645781909e-162,1.3584651784763575e-141,1.4052232549457373e-167,3.647932733195827e-216,7.465140970741904e-200,5.168864117987845e-184,2.9525471928613542e-198,5.2749197900699704e-250,2.4846098847157736e-197,3.813473996658868e-104,2.1283752461624883e-232,5.3516161305652797e-123,3.879776768062978e-236,6.580458977207233e-216,5.0884663963994125e-235,5.331881247454127e-179,1.6540154125003558e-233,1.8082922639183576e-224,3.066743319462925e-261,7.667530055216612e-288,3.940426180187766e-214,2.2547566105970233e-274,9.238224627583984e-264,1.2892709101347453e-293,0.0,2.4709070216731273e-304,4.613553916550525e-295,2.557996526902481e-294,0.0,0.0,1.2038434822324652e-260,0.0,0.0,1.8046749077309138e-306,0.0,0.0,0.0,0.0,1.5092760680972696e-193,0.0,0.0,8.673385637536856e-306,1.9316911925978378e-306,0.0,0.0,0.0,0.0,0.0,0.0,0.0,0.0,0.0,2.1446429112399426e-303,0.0,0.0
0.0,2.6507327680755233e-60,1.7371431516221946e-7,1.6274000108027744e-29,3.192117414039568e-13,6.867474518839252e-19,2.1953334443599996e-5,0.005336023509067251,1.0042535445889425e-6,0.011137143764087575,1.3476377976468983e-19,0.00874607809938201,3.745519989561767e-11,6.1366816709078996e-21,1.9856403442053565e-17,0.005849165046410396,0.005572099434712954,0.012230355804299866,0.003803187565534108,9.646309885550443e-13,0.0030932767541386767,0.0020844327923272834,5.183750446777473e-10,0.011134441783301172,0.0069282274017306395,0.01676107353053423,0.04175075251794994,0.0166537767487919,0.022672398010117237,0.019808531446528273,0.046131376856489874,0.0951037173347447,0.11759951618861707,0.09902461156877013,0.09849731393723486,0.08324411465601478,0.045046235255139115,0.0020889411793774647,0.016294780263859755,0.0022043487196216184,0.017080036512042398,0.012093315944575602,0.01140889923505,0.03132772093519518,0.007698133380841555,0.002492460437586978,0.011842184328142382,0.023425251643766815,0.018218857639240915,0.011653428761292292,7.069177432858414e-6,0.01001934982216765,9.885410635664499e-24,0.00864840924535031,0.0021144945450827786,0.00585790669418393,7.755695658480708e-20,1.384529747551398e-11,2.417900596251188e-31,4.013010280627966e-20,0.003761734125527899,1.5442436900525642e-8,7.002456074786733e-18,1.043307725506164e-6,0.0015036930362306341,0.00216217386129988,3.154316994142333e-38,1.0687595373771278e-34,2.120356966791349e-25,0.004680680578135035,1.1443222281562299e-150,0.005024832146948556,6.812085092314955e-23,8.285988660314669e-19,0.0014878076064912978,1.4334544528743921e-12,1.6343084293680055e-146,0.0012504800723118908,0.0012562080367371387,6.727104844455356e-9,0.003768613474960696,7.845386172582684e-70,7.420996301456238e-66,4.515654037278516e-24,2.630083221726411e-30,0.0,0.0,0.0,0.001139933201921791,0.001256208036737139,0.0,3.618517487257835e-266,2.9732772251897005e-42,0.0,4.693459497910529e-24,0.0,0.0
8.531852725114883e-121,1.5247951545662871e-5,0.9984576047370077,0.00018454762992186415,1.4716115483299569e-19,0.000780491960599416,1.7540131325985537e-24,1.477284686240496e-22,6.44041764723427e-42,4.267366552704564e-66,4.2311667534784906e-45,1.42727903339042e-31,0.0005621077209250843,2.0271773557232686e-86,2.4677680261943454e-97,1.5660679475829597e-72,1.5291370162801533e-35,2.1506505026279162e-93,2.531130570776793e-136,1.466058565239721e-144,2.8818123777307575e-99,2.150763171519705e-87,3.830697316632942e-90,1.247274956859394e-56,3.924712802504745e-35,3.8289481227290704e-72,2.721082211324208e-58,6.611435958041546e-99,1.9948969841738633e-50,3.3922914281485722e-149,3.389194313878432e-135,1.3735291075385552e-48,9.202318608731769e-124,5.832292578830985e-140,1.603513524617086e-72,2.5392967371172947e-73,1.9809513019778267e-135,6.078842101959591e-182,8.88486733891802e-108,5.21319812107843e-150,7.559896109251519e-98,8.633960018726959e-181,1.8144513454842642e-138,1.611648386443637e-127,2.3136566218559844e-146,5.914139169095299e-187,2.1606790316290224e-115,1.1116045057519235e-177,3.0115734361093674e-192,1.0628340268843228e-221,1.123266340507952e-194,1.4940977500545545e-263,3.977478650994142e-298,1.2574010316022257e-169,8.347340116320402e-241,2.3222670632266916e-206,4.346581170413691e-229,2.627663237921723e-187,2.9535046557622814e-238,4.7802886699280724e-169,1.3501357704137435e-296,0.0,9.178553130111151e-162,1.4681319691983137e-294,2.026317876207974e-253,0.0,0.0,2.0235653420736237e-271,1.0161508635586089e-266,0.0,0.0,0.0,1.5140259900501632e-266,0.0,0.0,0.0,0.0,0.0,0.0,0.0,2.0098170861219954e-214,0.0,0.0,6.61211404447792e-297,0.0,0.0,0.0,0.0,0.0,0.0,0.0,0.0,0.0,0.0,0.0,0.0,0.0
0.0,0.00265435904860327,8.993195174203112e-11,0.00038807155822398926,0.018211509197102013,0.0018937860122115618,0.030179462931260465,0.03313672242717369,0.11661009560271497,0.05585496320418711,0.04848572387565606,0.07390286415260759,0.08766952315250828,0.09354595106137821,0.07520131493210418,0.11223613214665973,0.03248312457140584,0.05603683184815589,0.03707843191316001,0.03505663975080249,0.034347336287548,2.953298647460111e-13,0.0004425960674614297,3.3809822373773205e-12,9.744555671016385e-5,2.0519699709602886e-13,3.99497171483723e-6,1.6652232284378527e-8,1.0229111303978099e-5,0.01048297706949122,8.726851512200862e-7,1.2947991860759094e-17,6.479082159658539e-6,9.181536765110586e-6,4.108244360587348e-17,6.037346539838886e-8,7.975464154595897e-23,3.972118947449194e-9,1.6665319657641077e-22,0.0036191110662156865,1.1540408659610685e-25,0.0069220644755500745,7.87168237840523e-14,4.527927991726068e-9,7.850870676883052e-20,3.752806990336127e-9,0.0003974058840535879,1.7164362985215737e-13,1.5711098376982163e-15,0.004743427465116668,1.2375919518691988e-11,6.948249930673648e-54,2.3084474406388393e-43,0.010470504974164624,0.006239245572002971,7.533397359708145e-30,0.003001553893928727,0.0016097410762837534,0.006929382496426889,2.596243091754227e-48,3.260564685787845e-7,4.623986025822804e-56,5.938153202260322e-52,2.5460078081697787e-65,2.8942674394039802e-56,2.402679868019399e-30,3.863149967359307e-64,4.0527900574456974e-5,1.2496916143277239e-67,1.23205674673637e-85,1.840597855366034e-93,1.3175019795403534e-236,4.525519929070337e-22,6.784144599592837e-109,2.56583200688549e-60,2.581680411868073e-98,1.0578563935560713e-80,3.8494105376967975e-59,2.167e-320,2.106335152899861e-110,1.6160934272496853e-46,1.6145034687404225e-75,1.1580941861676015e-124,4.246321621972267e-120,2.489173816951401e-71,1.5937176346230605e-204,1.64495830585552e-34,0.0,1.2920710882676345e-151,1.1827389938051253e-208,0.0,2.5136633480278283e-124,8.742008955920585e-100,0.0,8.628832713427212e-105,0.0,3.2221085348564075e-57
0.0,1.7755701224589577e-35,0.030637165323094583,0.9590203905945958,0.005078543149703543,1.7440468575416439e-6,0.00361874337377207,0.0006951259885174096,4.387843676608469e-14,2.188532137848183e-26,7.544885330570962e-16,3.160004752705575e-48,1.0854430227573885e-22,1.0402696929284218e-43,1.2701589124566546e-29,1.3140790937725155e-25,3.665713770449982e-26,1.833294441154911e-16,7.03356797671227e-44,1.0003765374548621e-34,1.0276933811437746e-46,2.0005622862825415e-11,9.437014016076662e-35,3.0492662811089197e-15,1.7730309936084142e-23,4.496221265661568e-31,1.9280708128923736e-6,0.0009463594324692035,3.4876631551399594e-32,9.628928929927306e-54,8.720742493603591e-62,2.3912932608589254e-17,4.386110416072528e-37,4.290020266211595e-93,8.967218443491415e-27,1.7918931580901274e-39,6.181181915407862e-94,1.668416564659991e-76,4.870614563997418e-60,1.722278313369485e-46,4.3689114017517965e-31,1.048050549621438e-71,1.2349196736512155e-13,1.9848577099895432e-120,1.5937989388233662e-144,3.203454369430592e-134,1.2532943825011238e-141,4.619005297823181e-118,1.1620023404316751e-191,1.3835792105877168e-171,3.807106886621803e-120,1.371902654497694e-124,7.81970909592472e-138,4.3656136746801614e-113,7.095278884295332e-147,2.1406051262795086e-133,3.1977889466118065e-149,2.8233759509839793e-154,8.932261618447045e-182,1.6091883839661547e-213,8.846328130463777e-186,3.2892776443463462e-170,1.7682745003775098e-150,6.142351062832541e-234,3.590718938489601e-234,3.351978323924345e-218,2.810308653541853e-280,2.590886536529743e-285,3.445222979661208e-182,1.895822983346775e-291,7.394582224820381e-236,0.0,2.302684555768026e-92,0.0,0.0,7.745243073355301e-214,3.5847429906023186e-228,8.16460838128675e-286,0.0,0.0,3.0875407373479095e-151,3.7681713583340925e-265,6.0e-323,7.808235332554295e-222,1.3649572582754e-231,0.0,2.521644138586114e-215,0.0,0.0,0.0,0.0,0.0,1.3229480608677e-310,0.0,4.5092868196711985e-288,0.0,4.6768658760135204e-297
0.0,0.0013418123690519888,7.323016703119407e-29,9.034302345892848e-15,4.4029864244326594e-11,1.6661690037799963e-13,9.882491302753898e-9,4.373274764152242e-5,0.024792174304141115,0.002029489586999713,0.014100265482531937,0.01984338838970148,0.021454636305041908,0.018213803576398107,0.053624687959625425,0.04029424946534201,0.053839458701959136,0.03194503265427025,0.043681903437760815,0.028094748322727178,0.06154573861786809,0.03024231924866697,0.0547007362086445,0.040465268278212084,0.058865079912944034,0.054343957779066775,0.0362783559414076,0.020800952489423697,0.035605619562229636,0.028835672375653335,0.024988186591613705,0.026482622212498586,0.03591483906817884,0.02208172257376078,0.02044354716122138,0.0038897707161678918,5.670410771288745e-13,0.014153004650289505,0.014472050754286231,0.00385003803283783,0.009698220447836425,0.011995553083757425,0.006152062486437689,1.1782370936638094e-16,0.0031951704508348267,0.002817959448073108,0.004174859847714529,0.004689740638965788,1.1062696726716923e-10,3.7309692454049467e-25,1.0436082891137072e-61,0.0029204944808729526,0.005480469409686888,0.0012944364247618172,2.8797023931497484e-54,4.174699389050762e-9,3.080520191821141e-41,0.0025517573860831984,4.676490854384399e-63,2.269881276500838e-93,0.0014749239186432773,6.784990481852494e-112,1.8118231883041836e-43,7.059019794808269e-103,7.523227145085159e-153,1.2189382069963968e-80,8.138249342185571e-89,0.001042417073244603,1.0737532416260687e-96,1.651237799010951e-126,5.3978004422455447e-132,3.704255901987242e-147,2.0516818130880464e-136,1.354216534036696e-18,1.558023549495392e-175,8.694125761503855e-155,7.50528155140929e-184,9.473808244606887e-113,1.8483787252753776e-207,0.0012530552123331525,4.110402485300642e-24,1.069187243203107e-101,5.4886376830094514e-92,1.7068698842800109e-180,7.412855089867237e-81,0.0,0.0,0.0,2.031962054119772e-223,0.0,0.0,0.0,0.0,0.0,2.810198055735821e-280,0.0,0.0
0.0,1.1329329071092456e-24,0.32705828426580996,0.551535588273615,0.09996705273724268,3.656591419149902e-8,1.1993765652073458e-9,0.0020449196920797183,0.004276347902485136,0.002084067833215644,0.0030445811420547336,1.0302617625262119e-43,2.1328531399078866e-49,1.186414538395214e-53,2.821478199081733e-69,7.515176565256119e-43,2.640483717020717e-30,5.82933829264104e-53,6.084347361407245e-14,2.4803024383230656e-86,5.603383639766046e-34,2.7499069899379386e-64,2.2463012138170262e-11,5.685815435564022e-59,3.7401135771963273e-50,8.240232442050648e-10,2.0289742356549025e-43,0.0016081802239714517,5.771991696876153e-22,4.7043218129025884e-70,2.4782793642834684e-63,9.372175103539272e-42,3.817979344505955e-67,3.5508944118947635e-81,3.600659331579329e-75,7.282033067071012e-35,9.689901815986273e-89,0.003922374233572708,0.0029910733582286203,0.0014674917258864495,1.0067506888042849e-51,1.1500495485319588e-31,3.2268905039856034e-102,3.260585212038113e-90,1.1841649008289162e-100,1.817004678185117e-132,3.010643791806628e-115,8.074985724557082e-87,5.075094993143729e-146,1.8158314635824607e-191,1.860773895067209e-99,1.243083351287119e-126,1.1234737672421539e-210,6.917859840714081e-87,2.1501926266159278e-162,6.632435245990649e-107,2.268063900342353e-164,2.4681593753518482e-126,8.53733002084723e-194,1.3883046843352298e-158,1.6236951448431285e-232,1.2554994349819047e-226,4.424270282468243e-141,2.8331995053733354e-236,1.0944371207603849e-185,5.745836534320686e-245,2.62950769364859e-265,5.019051248154375e-217,5.5031383299739016e-241,7.122750109488213e-276,8.25623e-318,0.0,2.1899067517583196e-187,0.0,0.0,2.7522792020971843e-248,1.2081398690189615e-274,6.544617227746014e-288,0.0,0.0,1.0653383959157314e-153,0.0,1.5e-323,2.0143335106826982e-212,0.0,0.0,1.8011403643866513e-249,0.0,0.0,0.0,0.0,8.257640327233485e-298,0.0,0.0,6.248804795894052e-288,0.0,0.0
0.0,0.012310580146820285,0.38529866697267756,0.4650642529527871,0.03216294385103024,0.023194710263326954,0.025241526504847612,1.3231798160442488e-9,0.006336735281306683,4.302842676095573e-5,0.0003475900464062917,5.597871913154822e-10,4.386834753754423e-5,5.2681025832119575e-11,4.323069219260397e-21,9.098487848137939e-5,7.883909899798876e-20,0.0062883646016487875,0.00607535400954038,3.5916042147968914e-17,2.3331988599628505e-13,6.528261575180023e-32,8.401673722476795e-14,3.935524700885359e-7,0.014328293731502531,0.011899736912326622,0.004665857720077198,1.4646540588570256e-9,0.004576617714068599,1.4165177931515791e-27,1.0156828427480877e-10,1.3837897135047196e-14,4.1055257953073057e-38,2.104606862275798e-15,1.3931516984760953e-18,0.0020304905840182316,6.505116243770801e-28,2.0927730573377723e-18,1.926638261068603e-28,8.313704514392243e-20,1.6115529065343206e-13,4.1803151426373656e-36,4.549412778037331e-61,1.4307119434902872e-41,1.0340250384059217e-47,7.627055366596402e-43,5.672050170870273e-38,1.517652865531261e-29,3.2524830673066995e-62,2.916153420391828e-70,1.4166323734688364e-36,1.166487939602102e-71,9.449825910161672e-58,3.903173647074642e-34,2.14421661260533e-68,1.1889088416264821e-37,1.3559061964041896e-63,9.274101283500602e-44,1.1183775509873103e-81,3.2629235738085946e-78,7.022074549334207e-74,8.215951746436067e-118,1.4589374962346234e-80,2.3818430534609477e-102,4.749697831371043e-87,9.995027912000133e-94,1.4689661037052574e-154,6.117926957957904e-55,5.178640479855819e-155,1.78575497083196e-131,3.1962225761745426e-202,9.364542155458365e-273,1.465745582105806e-74,4.521788579227771e-231,5.912967357430313e-230,2.0253995764933883e-188,5.409282640707194e-209,5.037862963962152e-159,2.36124e-319,8.583745517947867e-183,1.0876210946718642e-45,6.319588031687508e-163,2.036764391383322e-176,8.247727753747305e-111,3.8342296052764236e-114,0.0,1.8319031225457874e-214,0.0,2.4276581347330792e-200,1.8451696763436288e-171,0.0,5.3888345055561486e-247,8.756970258324766e-212,0.0,4.247394452934479e-160,0.0,8.953128111182068e-200
0.0,9.592849775983132e-12,0.021843134259332125,0.9670997160637264,3.400938399186223e-9,7.533476990908042e-11,2.5603009242801395e-18,0.004362934501619648,1.2364856581272131e-36,3.905492969995069e-41,0.004089164963802191,8.261623203519133e-37,1.6970240203575213e-6,1.7482885283244579e-56,1.6079948081703664e-66,7.502070057995226e-84,0.002603349701252002,5.614121174390799e-52,3.152972008290065e-62,2.109818194175981e-90,2.6741931391460825e-67,2.0341756997119136e-49,1.9782573429899007e-49,2.4230782328775888e-31,1.0729288449611936e-24,3.8855627314096797e-45,1.2258968901794886e-50,5.897186178220678e-65,9.880666097950484e-18,7.64056469981196e-86,6.251313455416889e-107,3.813984589421676e-13,3.4776452079934094e-84,1.8384939921318092e-41,5.3470644699325285e-53,1.2106320812890293e-45,1.9415913711223623e-80,7.70118820965853e-96,6.334178395666565e-40,1.6990642601907918e-56,1.5022986187391212e-26,6.234414658600608e-67,9.511091188971285e-101,2.0711268797402392e-90,2.4618483739187147e-74,1.0398892041802795e-90,2.819934554749609e-110,9.976990765437015e-105,3.8731887734466064e-106,9.029151424221658e-125,6.103201597982562e-108,2.1583578605138888e-175,1.2687796899115437e-155,9.079075973177451e-108,6.835486621583066e-129,1.3646521861888546e-103,1.4175042375499277e-175,1.9841961772910817e-126,1.5058291982962241e-131,1.1590458748447437e-50,9.464117977559153e-168,8.736924416858552e-184,1.5688800427485858e-142,7.728640868290935e-143,4.2630205423387225e-142,2.5048804223739656e-187,3.696016414338864e-222,4.437017164486954e-212,6.086206666809277e-172,6.917180332153632e-142,5.9026e-320,9.868313195526098e-308,2.6018183897268343e-163,8.73962030967038e-287,0.0,1.0305149659645894e-126,3.1672419348501357e-226,1.2773437901471454e-294,0.0,0.0,1.4718527512881955e-157,1.83e-322,2.766939955650866e-257,2.1450089709699502e-151,4.426658914190524e-292,0.0,0.0,0.0,9.509553015476285e-290,3.2437452534763126e-236,0.0,0.0,1.5675902555749836e-264,0.0,2.703541117343815e-144,0.0,0.0
0.0,6.997255425921572e-20,1.3688100031311547e-10,2.1265395345000433e-10,3.363391163227621e-11,0.038943039751058575,0.016682550395973512,0.01976662158871506,0.026023914779485742,0.025179709836722346,0.04895067495277054,0.04131537023750474,0.03337206833813059,0.015325041315979537,0.031695055604474116,0.021437965439249824,0.03060132583384325,0.010972194721739409,0.019686931421291975,0.03270622869097532,0.033387881804253644,0.06377112027293487,0.03855821232157883,0.04023786173810073,0.06565695752194434,0.036953229517131245,0.01778404138486501,0.03207407789712175,0.03695590965981117,0.03919216433853448,0.029999063910130883,0.032712016138784335,0.0227470091306462,0.02845999900416216,0.014479813230470212,0.0067721724538671495,0.011455985953895862,0.003337452642719924,0.012954831585041371,8.337518660465141e-18,0.003138759608747909,2.120874272008099e-6,0.003094542799299226,1.1274969852145607e-15,0.005191869306688565,1.7273706743585212e-14,6.294267184460776e-17,8.017550131268493e-23,0.0019773367681852846,0.00013042242759098667,0.00027630969403840577,1.2539859142626538e-5,2.497841197593835e-54,0.002640320208708345,5.899820490062246e-12,3.3181315814906376e-27,2.923792248321737e-51,0.002293874093172558,1.1897816311755343e-17,1.418461634149278e-20,1.1002926554583974e-57,6.842144471099858e-83,0.0010934105565785677,2.1851659128093943e-46,5.167219527575954e-21,7.846583766875144e-60,3.681548564518167e-102,5.796370446859984e-13,2.4800810652088825e-63,1.6031936676791897e-71,6.583436675135629e-106,8.310498093576221e-241,4.6846158895983705e-25,1.4076844097866866e-92,2.7685834503438353e-59,1.5036581539290144e-63,5.503325571010873e-57,3.3535903769682e-184,1.5985153930022536e-296,6.540876120601529e-177,5.096645309644578e-22,8.414590271300777e-230,2.4336820026869265e-224,2.144297663678638e-69,9.952170300539523e-186,2.1020357553851154e-296,6.455632804678545e-63,0.0,4.195284142914504e-275,2.9241312951944493e-158,0.0,3.884784823160026e-181,5.540375035362021e-177,0.0,4.2929388958006285e-85,0.0,2.0147812598025977e-252
0.0,1.863813456458245e-63,2.54546943917279e-11,0.059707562476232635,0.8491187293163799,0.08979447885371349,6.146453380113618e-11,3.2313805455654916e-20,4.73001401154742e-5,3.792739106298346e-20,0.0006069790269032667,5.636321492086415e-36,2.4765064143436985e-53,4.430531584898722e-101,2.71098440025508e-23,2.277020582088802e-69,2.547260681250038e-46,7.293134166678447e-20,6.519149970264811e-31,7.005570982467326e-44,7.025742151823347e-51,7.069883869500654e-9,1.4843815926978144e-27,9.019719050466846e-57,2.1480193493286033e-34,1.0716481458108097e-32,1.0762923684984635e-19,8.629316127759874e-34,4.07254667226789e-34,6.507587667658384e-76,4.8752700348767675e-90,3.1715377220085156e-65,0.0007249430298521656,5.1740776576973e-128,2.1144087578967697e-83,1.6531126851921822e-50,2.7064301500062865e-100,4.912469164790888e-123,2.5584327044494757e-73,4.9014361180512524e-58,6.96976015700657e-55,2.458646778092392e-17,5.553075203357348e-44,2.7338141983539375e-126,2.8832667159356462e-136,5.856914615147091e-176,3.0267922852658667e-149,8.107495480162351e-88,1.57243125279579e-184,2.856015759199081e-160,1.16680083113207e-112,3.129356054786114e-204,1.560878676384845e-185,8.875963837646533e-132,1.7367422412434336e-175,5.760997200315564e-107,2.490153707863277e-236,9.262580211038085e-150,7.681363710036331e-220,1.3092978144748139e-160,1.82886212618454e-310,3.3827629792330323e-183,4.6967547290020007e-206,1.1134836109750985e-215,1.2511200367374404e-184,1.3605898784006564e-237,8.81831854138326e-309,4.1075395402096036e-284,5.429374958496191e-187,9.405009080800009e-291,0.0,0.0,2.70880002141498e-99,1.0019121500719115e-301,0.0,7.847336837938428e-163,2.0242101169005917e-189,0.0,0.0,0.0,5.260085978901643e-291,0.0,0.0,1.0315057840113278e-189,0.0,0.0,4.1087628432630756e-194,0.0,0.0,0.0,0.0,0.0,0.0,0.0,2.3065007e-316,0.0,0.0
1.0,0.0,0.0,0.0,0.0,0.0,0.0,0.0,0.0,0.0,0.0,0.0,0.0,0.0,0.0,0.0,0.0,0.0,0.0,0.0,0.0,0.0,0.0,0.0,0.0,0.0,0.0,0.0,0.0,0.0,0.0,0.0,0.0,0.0,0.0,0.0,0.0,0.0,0.0,0.0
0.84356034,0.45545122,0.8345482,0.605552,0.8165675,0.7043799,0.77446663,0.55531627,0.7329191,0.464998,0.80590487,0.72323424,0.37457764,0.2250399,0.07456947,0.8255235,0.43468276,0.114977136,0.20483284,0.40505236,0.00942296,0.71441084,0.5452409,0.96248317,0.5646743,0.7455291,0.6649157,0.044542857,0.9857961,0.19485447,0.48520204,0.03483739,0.084655836,0.6351621,0.624813,0.6959036,0.016900325,0.57555556,0.41446823,0.6444659,0.3549167,0.58438855,0.92666775,0.064617984,0.94479513,0.5148402,0.9582517,0.52470404,0.3647344,0.5949797,0.75543195,0.27514645,0.16502866,0.21511455,0.47481152,0.29487443,0.025505818,0.1748,0.34497032,0.25499967,0.8833504,0.054581948,0.30489355,0.90350556,0.5048824,0.781903,0.18520607,0.1047713,0.97622126,0.654673,0.86938184,0.9993,0.876702,0.85494745,0.094575554,0.31495753,0.32494423,0.24503496,0.4943176,0.444323,0.38537708,0.23497266,0.15496044,0.4249397,0.14457253,0.7928137,0.68511313,0.3348296,0.7637757,0.6149417,0.53550273,0.26500112,0.67489153,0.12503721,0.13481097,0.39505842,0.28526786
0.28526786:29,0.57555556:58,0.016900325:2,0.40505236:41,0.624813:63,0.14457253:15,0.8255235:83,0.781903:79,0.31495753:32,0.94479513:92,0.044542857:5,0.90350556:90,0.07456947:8,0.3647344:37,0.6149417:62,0.9582517:93,0.9993:97,0.29487443:30,0.8165675:82,0.84356034:85,0.97622126:95,0.23497266:24,0.39505842:40,0.5048824:51,0.30489355:31,0.7329191:74,0.24503496:25,0.8345482:84,0.80590487:81,0.68511313:69,0.37457764:38,0.2250399:23,0.19485447:20,0.43468276:44,0.13481097:14,0.4943176:50,0.26500112:27,0.16502866:17,0.1047713:11,0.34497032:35,0.25499967:26,0.20483284:21,0.1748:18,0.47481152:48,0.3549167:36,0.18520607:19,0.21511455:22,0.77446663:78,0.084655836:9,0.72323424:73,0.27514645:28,0.67489153:68,0.5949797:60,0.48520204:49,0.85494745:86,0.064617984:7,0.12503721:13,0.00942296:1,0.15496044:16,0.6649157:67,0.53550273:54,0.094575554:10,0.4249397:43,0.96248317:94,0.9857961:96,0.444323:45,0.876702:88,0.025505818:3,0.41446823:42,0.7637757:77,0.5452409:55,0.464998:47,0.7455291:75,0.32494423:33,0.5148402:52,0.6959036:70,0.86938184:87,0.114977136:12,0.8833504:89,0.5646743:57,0.6351621:64,0.55531627:56,0.52470404:53,0.7043799:71,0.71441084:72,0.38537708:39,0.054581948:6,0.58438855:59,0.92666775:91,0.654673:66,0.605552:61,0.75543195:76,0.3348296:34,0.45545122:46,0.03483739:4,0.6444659:65,0.7928137:80
