50
0.7130129135575961,6.086973560437431e-17,0.0,0.0,0.0,0.0,0.0,0.0,0.0003102609948971533,0.0,8.82930657633543e-34,0.0,0.0,0.0,0.0,0.0,1.0613927507065022e-29,0.0,0.0,0.0,0.0,0.0,1.373678564830126e-193,0.0,0.0,0.0,0.0,0.0,2.029716594073292e-14,0.0,0.0015595964515382251,0.0,0.0,0.008859039749431419,0.0,0.0,0.0,0.0,0.0,0.0,0.0,0.0,0.0,0.2707649464750552,5.573301548777357e-25,2.1358575118963903e-28,0.0,0.0,0.0,0.005493242771461628
0.057786515216327376,0.8322952924657164,0.0,0.0,0.0,0.0,0.0,0.0,6.799578200918197e-6,0.0,2.4107176259232584e-25,0.0,0.0,0.0,0.0,0.0,0.01808593881851869,0.0,0.0,0.0,0.0,0.0,0.0,0.0,0.0,0.0,0.0,0.0,1.1431098793852558e-135,0.0,0.0,0.0,0.0,0.08662515366587893,0.0,0.0,0.0,0.0,0.0,0.0,0.0,0.0,0.0,0.0011975425554829817,1.9369152162933488e-40,0.0040027576998746435,0.0,0.0,0.0,7.474132553305422e-66
5.987979153587136e-38,0.01626772004001563,0.7255014811143364,0.0,0.0,0.0,0.0650821628130622,0.0,4.5179779863824e-6,0.0,0.0,0.0,0.0,0.07533382178053369,0.0,0.0,0.002486599903472507,0.0,0.0,0.0,0.0,0.0,0.0,0.0,0.0,0.0,0.0,0.0,0.0,0.0,0.0,0.0,0.033168240768205084,0.0,0.0,0.0,0.0,0.0,0.0,0.0,0.0,0.0,0.0,0.0,0.0,0.06085719080893976,0.0,0.021298264793448447,0.0,0.0
0.0,0.0,0.0,8.352582134746549e-187,0.0,0.0,0.0,0.0,0.0,0.0,0.0,0.004995326146074004,0.0,0.0,1.3861628726997193e-100,0.0,0.0,0.0,0.0,0.0,3.3221372290637755e-118,0.0,0.0,0.1675870646863418,0.0,0.0,0.0,0.0,0.0,0.06202573734630016,0.0,0.0,0.0,0.0,0.0,0.7635290828798321,0.0,0.0018627889414520671,0.0,0.0,0.0,0.0,0.0,0.0,0.0,0.0,0.0,0.0,0.0,0.0
0.0,0.0,0.0,0.0,0.5634771805358085,4.063513484729026e-55,0.0,0.0,0.0,0.0,0.0,0.0,0.0,0.0,3.716227840079813e-152,0.0,0.0,0.0,0.0,0.0,0.0,0.0,0.0,0.0,0.0,0.0,5.411548226495661e-10,0.0,0.0,0.0,0.0,0.0,0.0,0.0,0.0,0.0,0.0,0.0,1.4998396826477808e-19,0.0,0.0,0.01061092767945973,0.42591189124357687,0.0,0.0,0.0,0.0,0.0,0.0,0.0
0.0,0.0,0.0,0.0,1.1623631571267342e-7,0.7341105810898036,0.0,0.0,0.0,0.0,0.0,0.0,0.0,0.0,5.305795926227555e-166,0.0,0.0,0.0,0.0,0.0,0.0,0.0,0.0,0.0,0.0,0.0,2.089696915800016e-15,0.0,0.0,0.0,0.0,0.0,0.0,0.0,0.0,0.0,0.0,0.0,0.1480049787485203,0.0,0.0,0.11788432392535829,5.006512862127193e-21,0.0,0.0,0.0,0.0,0.0,0.0,0.0
7.763134170140195e-71,1.7878171989328183e-99,0.091611062999243,0.0,0.0,0.0,0.6582762994688065,0.0,3.244506443411233e-20,0.0,0.0,0.0,0.0,0.1810193031322026,0.0,0.0,0.06905360900995809,0.0,0.0,0.0,0.0,0.0,0.0,0.0,0.0,0.0,0.0,0.0,0.0,0.0,0.0,0.0,3.972403274152791e-5,0.0,0.0,0.0,0.0,0.0,0.0,0.0,0.0,0.0,0.0,0.0,0.0,1.9524808302827506e-27,0.0,1.357048402527537e-9,0.0,0.0
0.0,0.0,0.0,0.0,0.0,0.0,0.0,0.8243213526055275,0.0,0.0,0.0,0.0,5.74687544819736e-35,0.0,0.0,0.0,0.0,0.0,0.08946076689738043,6.370607433821281e-305,0.0,0.0,0.0,0.0,0.0,0.0,0.0,0.05648646284710187,0.0,0.0,0.0,0.0,0.0,0.0,0.0,0.0,0.02850149293934948,0.0,0.0,7.044826756123416e-45,0.0012299247106406228,0.0,0.0,0.0,0.0,0.0,0.0,0.0,0.0,0.0
0.06636908654254069,4.779108517870774e-17,0.0,0.0,0.0,0.0,0.0,0.0,0.7545489336874291,0.0,1.6953893782293445e-97,0.0,0.0,0.0,0.0,0.0,0.0015619438112941546,0.0,0.0,0.0,0.0,0.0,0.0,0.0,0.0,0.0,0.0,0.0,0.017735071114331265,0.0,0.0,0.0,0.0,3.2686368781451945e-31,0.0,0.0,0.0,0.0,0.0,0.0,0.0,0.0,0.0,0.01762786590895902,2.2694390723622172e-36,1.0051044884347741e-13,0.0,0.0,0.0,0.14215709893534528
0.0,0.0,0.0,0.0,0.0,0.0,0.0,2.368922882587356e-158,0.0,0.5547930840866694,0.0,0.0,0.0,0.0,0.0,0.0,0.0,0.0,0.0,1.1117159313701135e-15,0.0,0.0,0.0,0.0,3.518157986071114e-21,0.016369270197682268,0.0,0.07060103153876711,0.0,0.0,0.0,0.0,0.0,0.0,0.3582366141768801,0.0,0.0,0.0,0.0,0.0,0.0,0.0,0.0,0.0,0.0,0.0,0.0,0.0,2.8801991669003917e-61,0.0
0.0,0.0,0.0,0.0,0.0,0.0,0.0,0.0,0.0,0.0,0.6823632950681113,0.0,0.0,0.0,0.0,0.0,0.0,0.0,0.0,0.0,0.0,0.0,0.00834762188785818,0.0,0.0,0.0,0.0,0.0,7.540259281740318e-70,0.0,0.29412451633721376,0.0,0.0,9.042651934173084e-25,0.0,0.0,0.0,0.0,0.0,0.0,0.0,0.0,0.0,2.234070308594554e-22,0.015164566706816597,0.0,0.0,0.0,0.0,3.2931398387144326e-34
0.0,0.0,0.0,0.9999999985262122,0.0,0.0,0.0,0.0,0.0,0.0,0.0,7.3951859247440135e-155,0.0,0.0,0.0,0.0,0.0,0.0,0.0,0.0,1.4737878423259422e-9,0.0,0.0,0.0,0.0,0.0,0.0,0.0,0.0,0.0,0.0,0.0,0.0,0.0,0.0,1.2568334414437666e-167,0.0,9.487409320046559e-138,0.0,0.0,0.0,0.0,0.0,0.0,0.0,0.0,0.0,0.0,0.0,0.0
0.0,0.0,0.19567647792708187,0.0,0.0,0.0,0.021735047666525214,0.0,0.0,0.0,0.0,0.0,0.6440244923904838,9.806571535135795e-44,0.0,0.0,0.0,0.0,7.685093321005289e-22,0.0,0.0,0.0,0.0,0.0,0.0,0.0,0.0,0.0,0.0,0.0,0.0,0.0,0.057669729177769684,0.0,0.0,0.0,1.7455145241157264e-15,0.0,0.0,0.08039770562096864,1.5111018614968545e-17,0.0,0.0,0.0,0.0,0.0,0.0,0.0004965472171691227,0.0,0.0
1.3220044420651639e-39,3.915440557714298e-51,0.01654162087484598,0.0,0.0,0.0,3.6370910457831637e-9,0.0,0.023790806532734146,0.0,0.0,0.0,0.0,0.6744676760644697,0.0,0.0,0.15200348435212135,0.0,0.0,0.0,0.0,0.0,0.0,0.0,0.0,0.0,0.0,0.0,0.0,0.0,0.0,0.0,5.481464430967248e-13,0.0,0.0,0.0,0.0,0.0,0.0,0.0,0.0,0.0,0.0,0.0,0.0,0.13319640853818954,0.0,1.1598819433571975e-29,0.0,0.0
0.0,0.0,0.0,0.0,1.1233138613029284e-77,0.2018961982005585,0.0,0.0,0.0,0.0,0.0,0.0,0.0,0.0,0.565023904082388,0.0,0.0,0.0,0.0,0.0,0.0,0.0,0.0,5.6332358219000156e-21,0.0,0.0,0.0,0.0,0.0,1.28374425992356e-11,0.0,0.0,0.0,0.0,0.0,0.0,0.0,0.0,4.830632017070041e-25,0.0,0.0,0.23307989770421605,0.0,0.0,0.0,0.0,0.0,0.0,0.0,0.0
0.0,0.0,0.0,2.4284059522147905e-190,0.0,0.0,0.0,0.0,0.0,0.0,0.0,3.3266598907304725e-13,0.0,0.0,0.0,0.4429530344158554,0.0,5.782717610118131e-36,0.0,0.0,1.675935344030309e-181,2.903291422222502e-12,0.0,0.0,0.0,0.0,0.0,0.0,0.0,0.0,0.0,0.5570469655808804,0.0,0.0,0.0,2.7791194568893003e-14,0.0,5.753899867510251e-16,0.0,0.0,0.0,0.0,0.0,0.0,0.0,0.0,4.1913344020102036e-55,0.0,0.0,0.0
0.00809299465136873,1.7524624532117022e-35,0.0,0.0,0.0,0.0,0.0,0.0,0.1710476603690065,0.0,1.9331697892169844e-152,0.0,0.0,0.0,0.0,0.0,0.7274909743450266,0.0,0.0,0.0,0.0,0.0,0.0,0.0,0.0,0.0,0.0,0.0,0.03754717160748436,0.0,0.0,0.0,0.0,0.0014009402485180358,0.0,0.0,0.0,0.0,0.0,0.0,0.0,0.0,0.0,3.477153117519667e-31,4.365605104618784e-53,0.054420258778595895,0.0,0.0,0.0,9.997445609631958e-26
0.0,0.0,0.0,2.681569164393323e-228,0.0,0.0,0.0,0.0,0.0,0.0,0.0,2.821044371515661e-66,0.0,0.0,0.0,5.720989215847457e-5,0.0,0.4420814904109499,0.0,0.0,5.174771557053301e-232,0.5578612996967558,0.0,0.0,0.0,0.0,0.0,0.0,0.0,0.0,0.0,2.9260901279259612e-27,0.0,0.0,0.0,5.604477301096373e-63,0.0,5.0514824267619275e-70,0.0,0.0,0.0,0.0,0.0,0.0,0.0,0.0,1.3576864752662664e-13,0.0,0.0,0.0
0.0,0.0,8.138333459592232e-22,0.0,0.0,0.0,1.7713166127400129e-6,0.0,0.0,0.0,0.0,0.0,0.08065932868699911,8.643615269136981e-106,0.0,0.0,0.0,0.0,0.7976426311271996,0.0,0.0,0.0,0.0,0.0,0.0,0.0,0.0,0.0,0.0,0.0,0.0,0.0,3.6554669090953396e-34,0.0,0.0,0.0,0.03353736820295986,0.0,0.0,0.017272849683596256,0.006563261596445149,0.0,0.0,0.0,0.0,0.0,0.0,0.0643227893861872,0.0,0.0
0.0,0.0,0.0,0.0,0.0,0.0,0.0,0.06068519354433754,0.0,4.19722873701394e-12,0.0,0.0,0.0,0.0,0.0,0.0,0.0,0.0,0.0,0.4650394763167152,0.0,0.0,0.0,0.0,4.60276454863969e-21,1.4736197294124884e-6,0.0,0.308277395694054,0.0,0.0,0.0,0.0,0.0,0.0,0.014575235619684351,0.0,0.0,0.0,0.0,0.0,0.0,0.0,0.0,0.0,0.0,0.0,0.0,0.0,0.1514212252012822,0.0
0.0,0.0,0.0,1.1973868099952454e-131,0.0,0.0,0.0,0.0,0.0,0.0,0.0,4.111388074706529e-8,0.0,0.0,5.526067624864581e-64,0.0,0.0,0.0,0.0,0.0,3.6160142529221963e-45,0.0,0.0,0.0003925920985662252,0.0,0.0,0.0,0.0,0.0,0.5080539530908261,0.0,0.0,0.0,0.0,0.0,2.2067551128483533e-10,0.0,0.49155341347605147,0.0,0.0,0.0,0.0,0.0,0.0,0.0,0.0,0.0,0.0,0.0,0.0
0.0,0.0,0.0,1.808088183625766e-240,0.0,0.0,0.0,0.0,0.0,0.0,0.0,1.1529337902375466e-30,0.0,0.0,0.0,0.5558155203380165,0.0,1.0528590267327452e-21,0.0,0.0,1.6310406691759425e-201,0.44418447706617165,0.0,0.0,0.0,0.0,0.0,0.0,0.0,0.0,0.0,2.595811842168433e-9,0.0,0.0,0.0,2.227098491420102e-31,0.0,1.022095106902131e-41,0.0,0.0,0.0,0.0,0.0,0.0,0.0,0.0,1.4256734727157748e-29,0.0,0.0,0.0
0.0,0.0,0.0,0.0,0.0,0.0,0.0,0.0,0.0,0.0,8.792055835743754e-294,0.0,0.0,0.0,0.0,2.2654021392221027e-63,0.0,0.009379707770148285,0.0,0.0,0.0,2.3842692110991774e-39,0.7201548874636421,0.0,0.0,0.0,0.0,0.0,0.0,0.0,0.270465404760266,7.837223480777378e-117,0.0,0.0,0.0,0.0,0.0,0.0,0.0,0.0,0.0,0.0,0.0,0.0,0.0,0.0,5.943762619310117e-12,0.0,0.0,0.0
0.0,0.0,0.0,0.0,7.1558100384669765e-93,0.1337921073489258,0.0,0.0,0.0,0.0,0.0,0.0,0.0,0.0,0.032014446120407915,0.0,0.0,0.0,0.0,0.0,0.0,0.0,0.0,0.7459175546731516,0.0,0.0,0.0,0.0,0.0,0.08524873801652294,0.0,0.0,0.0,0.0,0.0,0.0,0.0,0.0,3.958119165956394e-46,0.0,0.0,0.0030271538409919296,0.0,0.0,0.0,0.0,0.0,0.0,0.0,0.0
0.0,0.0,0.0,0.0,0.0,0.0,0.0,9.55598449467181e-26,0.0,0.06898903757498917,0.0,0.0,0.0,0.0,0.0,0.0,0.0,0.0,0.0,2.046509450092983e-5,0.0,0.0,0.0,0.0,0.6759790957227523,0.09187751961114426,0.0,1.5415293605123636e-25,0.0,0.0,0.0,0.0,0.0,0.0,0.0004479874651218712,0.0,0.0,0.0,0.0,0.0,0.0,0.0,0.0,0.0,0.0,0.0,0.0,0.0,0.1626858945314916,0.0
0.0,0.0,0.0,0.0,0.0,0.0,0.0,4.246024414807736e-34,0.0,0.21882009400334532,0.0,0.0,0.0,0.0,0.0,0.0,0.0,0.0,0.0,0.46840373890655135,0.0,0.0,0.0,0.0,4.944854714143715e-14,6.950727076977732e-6,0.0,3.817953175493166e-9,0.0,0.0,0.0,0.0,0.0,0.0,0.3127692125439274,0.0,0.0,0.0,0.0,0.0,0.0,0.0,0.0,0.0,0.0,0.0,0.0,0.0,1.096265386904224e-12,0.0
0.0,0.0,0.0,0.0,0.0,0.0,0.0,0.0,0.0,9.625857969801368e-74,0.0,0.0,0.0,0.0,0.0,0.0,0.0,0.0,0.0,4.591514849147269e-45,0.0,0.0,0.0,0.0,0.025378192701314115,1.4716817645203376e-20,0.7990556553906832,0.0,0.0,0.0,0.0,0.0,0.0,0.0,1.2794757570992755e-56,0.0,0.0,0.0,0.0,0.0,0.0,0.0,0.07871058279869544,0.0,0.0,0.0,0.0,0.0,0.0968555691093072,0.0
0.0,0.0,0.0,0.0,0.0,0.0,0.0,0.06588577248275776,0.0,0.0,0.0,0.0,1.4679587734393e-21,0.0,0.0,0.0,0.0,0.0,9.610817587081385e-19,1.1053799687341366e-273,0.0,0.0,0.0,0.0,0.0,0.0,0.0,0.8011251071016533,0.0,0.0,0.0,0.0,0.0,0.0,0.0,0.0,0.06145884794262112,0.0,0.0,5.4546108951978e-26,0.07153027247296766,0.0,0.0,0.0,0.0,0.0,0.0,0.0,0.0,0.0
0.0,0.0,0.0,0.0,0.0,0.0,0.0,0.0,0.0,0.0,8.822271483563602e-13,0.0,0.0,0.0,0.0,0.0,0.0,0.0,0.0,0.0,0.0,0.0,0.03726122744475921,0.0,0.0,0.0,0.0,0.0,0.7510438657338034,0.0,1.0004593306850029e-137,0.0,0.0,0.012349613716421156,0.0,0.0,0.0,0.0,0.0,0.0,0.0,0.0,0.0,1.7393130357655042e-14,0.11193584791693764,0.0,0.0,0.0,0.0,0.08740944518717904
0.0,0.0,0.0,0.0,1.9388043859886723e-104,1.520984757791499e-16,0.0,0.0,0.0,0.0,0.0,0.0,0.0,0.0,0.00013930973563942771,0.0,0.0,0.0,0.0,0.0,0.0,0.0,0.0,0.5321874905761634,0.0,0.0,0.0,0.0,0.0,0.467673199688197,0.0,0.0,0.0,0.0,0.0,0.0,0.0,0.0,1.1069907551659185e-42,0.0,0.0,3.083856272283138e-20,0.0,0.0,0.0,0.0,0.0,0.0,0.0,0.0
0.0,0.0,0.0,0.0,0.0,0.0,0.0,0.0,0.0,0.0,0.0,0.0,0.0,0.0,0.0,4.1635616242341113e-60,0.0,0.0645582091539762,0.0,0.0,0.0,6.900690653865959e-32,6.278412352566043e-26,0.0,0.0,0.0,0.0,0.0,0.0,0.0,0.8404676530866925,8.369696433631474e-116,0.0,0.0,0.0,0.0,0.0,0.0,0.0,0.0,0.0,0.0,0.0,0.0,0.0,0.0,0.09497413775933151,0.0,0.0,0.0
0.0,0.0,0.0,1.7250434149528305e-176,0.0,0.0,0.0,0.0,0.0,0.0,0.0,0.061786798597447457,0.0,0.0,0.0,1.610119102027651e-14,0.0,6.826043350522343e-79,0.0,0.0,6.154931980546406e-178,2.4122069493264463e-35,0.0,0.0,0.0,0.0,0.0,0.0,0.0,0.0,0.0,0.43006611850731397,0.0,0.0,0.0,0.5081177819782358,0.0,2.9300916986645607e-5,0.0,0.0,0.0,0.0,0.0,0.0,0.0,0.0,1.2861529460445147e-105,0.0,0.0,0.0
8.355747528972332e-44,6.898974291563483e-41,0.0832483540809314,0.0,0.0,0.0,0.10194639680743879,0.0,0.03021385207915569,0.0,0.0,0.0,0.0,0.06994564394697424,0.0,0.0,1.094241997181643e-14,0.0,0.0,0.0,0.0,0.0,0.0,0.0,0.0,0.0,0.0,0.0,0.0,0.0,0.0,0.0,0.714613152739477,0.0,0.0,0.0,0.0,0.0,0.0,0.0,0.0,0.0,0.0,0.0,0.0,3.260034601188594e-5,0.0,1.819064535768536e-21,0.0,0.0
0.0,0.0,0.0,0.0,0.0,0.0,0.0,0.0,0.0,0.0,0.2116474364563517,0.0,0.0,0.0,0.0,0.0,0.0,0.0,0.0,0.0,0.0,0.0,3.250155569083838e-58,0.0,0.0,0.0,0.0,0.0,1.8921980960638676e-89,0.0,5.30650629278537e-6,0.0,0.0,0.725931458617093,0.0,0.0,0.0,0.0,0.0,0.0,0.0,0.0,0.0,0.056722004838277364,3.0714962972188365e-17,0.0,0.0,0.0,0.0,0.005693793581985317
0.0,0.0,0.0,0.0,0.0,0.0,0.0,0.0005544313959619923,0.0,2.6016005068709298e-15,0.0,0.0,0.0,0.0,0.0,0.0,0.0,0.0,0.0,0.5621059322518343,0.0,0.0,0.0,0.0,1.8563722389499525e-12,0.27275815407184717,0.0,0.09173817624453218,0.0,0.0,0.0,0.0,0.0,0.0,0.00029894699180639083,0.0,0.0,0.0,0.0,0.0,0.0,0.0,0.0,0.0,0.0,0.0,0.0,0.0,0.07254435904215883,0.0
0.0,0.0,0.0,0.9235396070773144,0.0,0.0,0.0,0.0,0.0,0.0,0.0,3.0173590885165856e-197,0.0,0.0,0.0,0.0,0.0,0.0,0.0,0.0,0.07646039292268574,0.0,0.0,0.0,0.0,0.0,0.0,0.0,0.0,0.0,0.0,0.0,0.0,0.0,0.0,1.214272181146896e-177,0.0,1.944961153711965e-119,0.0,0.0,0.0,0.0,0.0,0.0,0.0,0.0,0.0,0.0,0.0,0.0
0.0,0.0,6.619113654352473e-13,0.0,0.0,0.0,5.012086060983496e-26,0.0,0.0,0.0,0.0,0.0,0.19593171525764713,2.8766378307493483e-47,0.0,0.0,0.0,0.0,0.02437173063527131,0.0,0.0,0.0,0.0,0.0,0.0,0.0,0.0,0.0,0.0,0.0,0.0,0.0,7.3062720454802185e-6,0.0,0.0,0.0,0.6524489969126512,0.0,0.0,0.1121118446352453,0.015128406286477571,0.0,0.0,0.0,0.0,0.0,0.0,8.032518004856619e-27,0.0,0.0
0.0,0.0,0.0,0.9813633621449794,0.0,0.0,0.0,0.0,0.0,0.0,0.0,6.599892963053568e-191,0.0,0.0,0.0,0.0,0.0,0.0,0.0,0.0,1.5318000455892057e-10,0.0,0.0,0.0,0.0,0.0,0.0,0.0,0.0,0.018636637701840555,0.0,0.0,0.0,0.0,0.0,6.939446852306984e-188,0.0,4.658944045064065e-88,0.0,0.0,0.0,0.0,0.0,0.0,0.0,0.0,0.0,0.0,0.0,0.0
0.0,0.0,0.0,0.0,0.05356416919845638,9.762508096416497e-24,0.0,0.0,0.0,0.0,0.0,0.0,0.0,0.0,5.712110751752322e-194,0.0,0.0,0.0,0.0,0.0,0.0,0.0,0.0,0.0,0.0,0.0,0.23726762115177305,0.0,0.0,0.0,0.0,0.0,0.0,0.0,0.0,0.0,0.0,0.0,0.6803829210001983,0.0,0.0,1.6249896005554032e-10,0.02878528848707328,0.0,0.0,0.0,0.0,0.0,0.0,0.0
0.0,0.0,0.01754624728205533,0.0,0.0,0.0,0.08529669646029613,0.0,0.0,0.0,0.0,0.0,0.0928217103697523,1.1652314036223312e-27,0.0,0.0,0.0,0.0,5.5648478649206594e-27,0.0,0.0,0.0,0.0,0.0,0.0,0.0,0.0,0.0,0.0,0.0,0.0,0.0,0.12525841677398958,0.0,0.0,0.0,7.816809825017746e-11,0.0,0.0,0.6759226124688453,3.4614025843938654e-14,0.0,0.0,0.0,0.0,0.0,0.0,0.0031543165668587608,0.0,0.0
0.0,0.0,6.981322088886034e-53,0.0,0.0,0.0,3.635329987514487e-49,0.0,0.0,0.0,0.0,0.0,8.309018963436414e-13,5.593816360535573e-71,0.0,0.0,0.0,0.0,0.03358615452283591,0.0,0.0,0.0,0.0,0.0,0.0,0.0,0.0,3.90418326442682e-251,0.0,0.0,0.0,0.0,4.133800262493026e-29,0.0,0.0,0.0,0.28433474477037135,0.0,0.0,0.14531385367127694,0.5367652470346851,0.0,0.0,0.0,0.0,0.0,0.0,1.599836669206552e-71,0.0,0.0
0.0,0.0,0.0,0.0,0.06298882110005752,8.760657297541947e-14,0.0,0.0,0.0,0.0,0.0,0.0,0.0,0.0,4.847637886480205e-188,0.0,0.0,0.0,0.0,0.0,0.0,0.0,0.0,0.0,0.0,0.0,0.038447863628708764,0.0,0.0,0.0,0.0,0.0,0.0,0.0,0.0,0.0,0.0,0.0,0.25253627727384403,0.0,0.0,0.645907502762371,0.00011953523493109801,0.0,0.0,0.0,0.0,0.0,0.0,0.0
0.0,0.0,0.0,0.0,3.410487409804436e-258,0.0,0.0,0.0,0.0,0.03496251508488197,0.0,0.0,0.0,0.0,0.0,0.0,0.0,0.0,0.0,1.6335249100437603e-51,0.0,0.0,0.0,0.0,0.09580998266423328,1.014833962141047e-25,0.13656053434092338,0.0,0.0,0.0,0.0,0.0,0.0,0.0,1.6460043462823094e-35,0.0,0.0,0.0,0.0,0.0,0.0,0.0,0.7326669679099614,0.0,0.0,0.0,0.0,0.0,9.419386839137157e-20,0.0
0.0,0.0,0.0,0.0,0.0,0.0,0.0,0.0,0.0,0.0,0.08479904500412001,0.0,0.0,0.0,0.0,0.0,0.0,0.0,0.0,0.0,0.0,0.0,1.7994962581107457e-10,0.0,0.0,0.0,0.0,0.0,0.005542675840975946,0.0,1.4472723824178087e-18,0.0,0.0,0.002496028714406457,0.0,0.0,0.0,0.0,0.0,0.0,0.0,0.0,0.0,0.7482584114141067,0.15883679990825866,0.0,0.0,0.0,0.0,6.703893818271999e-5
0.0,0.0,0.0,0.0,0.0,0.0,0.0,0.0,0.0,0.0,0.11210631940927303,0.0,0.0,0.0,0.0,0.0,0.0,0.0,0.0,0.0,0.0,0.0,0.23509629741830096,0.0,0.0,0.0,0.0,0.0,1.2872521368349317e-30,0.0,2.89029229701844e-5,0.0,0.0,2.84126650233757e-18,0.0,0.0,0.0,0.0,0.0,0.0,0.0,0.0,0.0,2.123493289423349e-14,0.6527684802494346,0.0,0.0,0.0,0.0,7.278713412154167e-22
0.19129241701008282,0.01591518743081461,0.0,0.0,0.0,0.0,0.0,0.0,0.06082930320765766,0.0,2.349729994385141e-80,0.0,0.0,0.0,0.0,0.0,0.029603107874421393,0.0,0.0,0.0,0.0,0.0,0.0,0.0,0.0,0.0,0.0,0.0,4.904797541365388e-44,0.0,0.0,0.0,0.0,5.9495763505828266e-40,0.0,0.0,0.0,0.0,0.0,0.0,0.0,0.0,0.0,6.043240739261252e-37,1.5880231245925813e-73,0.7023599844770234,0.0,0.0,0.0,1.0477023172756204e-46
0.0,0.0,0.0,0.0,0.0,0.0,0.0,0.0,0.0,0.0,0.0,1.6699199701001118e-81,0.0,0.0,0.0,1.7130816577138947e-13,0.0,0.5613747448670257,0.0,0.0,0.0,0.05662766678887797,0.0,0.0,0.0,0.0,0.0,0.0,0.0,0.0,0.0,5.099159013611982e-36,0.0,0.0,0.0,6.708108915343914e-67,0.0,1.0980258311145127e-153,0.0,0.0,0.0,0.0,0.0,0.0,0.0,0.0,0.38199758834392517,0.0,0.0,0.0
7.871040112014496e-46,0.12740600014851525,0.006230765616920855,0.0,0.0,0.0,0.010219139799327696,0.0,1.2319462349052375e-36,0.0,0.0,0.0,0.0,0.006968336053078334,0.0,0.0,0.005139357802848199,0.0,0.0,0.0,0.0,0.0,0.0,0.0,0.0,0.0,0.0,0.0,0.0,0.0,0.0,0.0,7.200648219259878e-18,0.0,0.0,0.0,0.0,0.0,0.0,0.0,0.0,0.0,0.0,0.0,0.0,1.710363753462042e-13,0.0,0.8440364005791386,0.0,0.0
0.0,0.0,0.0,0.0,0.0,0.0,0.0,0.11953931412106686,0.0,0.001823881792663249,0.0,0.0,0.0,0.0,0.0,0.0,0.0,0.0,0.0,0.03265718928034047,0.0,0.0,0.0,0.0,2.7265429748587943e-6,0.04288281583613461,0.0,0.005835495360206463,0.0,0.0,0.0,0.0,0.0,0.0,1.0981701749241024e-17,0.0,0.0,0.0,0.0,0.0,0.0,0.0,0.0,0.0,0.0,0.0,0.0,0.0,0.7972585770666134,0.0
0.0,0.0,0.0,0.0,0.0,0.0,0.0,0.0,0.0,0.0,1.368709809603143e-18,0.0,0.0,0.0,0.0,0.0,0.0,0.0,0.0,0.0,0.0,0.0,0.003388350032787938,0.0,0.0,0.0,0.0,0.0,7.631935647717343e-15,0.0,1.676714980509597e-26,0.0,0.0,4.875815040724653e-27,0.0,0.0,0.0,0.0,0.0,0.0,0.0,0.0,0.0,0.005753950651016216,0.2439372625634986,0.0,0.0,0.0,0.0,0.7469204367526895
50,326
0.0,0.0,0.0,0.0,0.0,5.65544611643498e-176,4.740740858213752e-257,0.0,0.0,0.0,0.0,0.0,0.0,0.0,0.0,0.0,0.0,0.057715858022747375,1.24511961303951e-47,0.0015627092053321341,0.0,0.0,0.0,0.0,0.0,0.0,0.0,0.0,0.0,0.7896316989080581,1.6834525715930602e-46,0.0,0.0,0.0,0.0,0.0,0.0,0.0,0.0,0.0,0.0,0.11321527632839368,1.2004465151691535e-52,0.0,0.0,0.0,0.0,0.0,0.0,0.0,0.0,0.0,0.0,0.014967368158647817,1.1052590756965324e-34,0.0,0.0,0.0,0.0,0.0,0.0,0.0,0.0,0.0,0.0,0.006265727126593637,1.7461409054531503e-52,0.0,0.0,0.0,0.0,0.0,0.0,0.0,0.0,0.0,0.0,0.004708989899113679,6.363259618678288e-44,0.0,0.0,0.0,0.0,0.0,0.0,0.0,0.0,0.0,0.0,0.001913593496770722,3.6761469379814746e-65,0.0,0.0,0.0,0.0,0.0,0.0,0.0,0.0,0.0,1.2029254924602874e-45,0.0,0.0,0.0,0.0,0.0,0.0,0.0,0.0,0.0,0.0,0.0,5.917983961306669e-103,1.5479119120584416e-257,0.0,0.0,0.0,0.0,0.0,0.0,0.0,0.0,0.0,4.097250580904937e-190,7.375856696690159e-144,0.0,0.0,0.0,0.0,0.0,0.0,0.0,0.0,1.4700478810082457e-60,1.0633196434391737e-16,0.0,0.0,0.0,0.0,0.0,0.0,0.0,0.0,0.0,3.162825359874169e-78,0.0,0.0,0.0,0.0,0.0,0.0,0.0,0.0,0.0,7.529796819195199e-80,0.0015671876356888094,0.0,0.0,0.0,0.0,0.0,0.0,0.0,0.0,0.0,9.215255955632642e-98,0.0015543698525053535,0.0,0.0,0.0,0.0,0.0,0.0,0.0,0.0,9.724587265007963e-26,0.0,0.0,0.0,0.0,0.0,0.0,0.0,0.0,0.0,0.002597590425393066,9.886881258386361e-208,0.0,0.0,0.0,0.0,0.0,0.0,0.0,0.0,0.0,0.004299630940755594,6.173878366690906e-244,0.0,0.0,0.0,0.0,0.0,0.0,0.0,0.0,1.4295810140956008e-38,0.0,0.0,0.0,0.0,0.0,0.0,0.0,0.0,0.0,3.9497709924541295e-241,0.0,0.0,0.0,0.0,0.0,0.0,0.0,0.0,0.0,2.2811696565762816e-46,1.0754896871316929e-206,0.0,0.0,0.0,0.0,0.0,0.0,0.0,0.0,2.694864400115006e-308,0.0,0.0,0.0,0.0,0.0,0.0,0.0,0.0,0.0,0.0,2.1008138597543883e-215,0.0,0.0,0.0,0.0,0.0,0.0,0.0,0.0,0.0,0.0,0.0,0.0,0.0,0.0,0.0,0.0,0.0,0.0,0.0,0.0,0.0,0.0,0.0,0.0,0.0,0.0,0.0,0.0,0.0,0.0,0.0,0.0,0.0,0.0,0.0,0.0,0.0,0.0,0.0,0.0,0.0,0.0,0.0,0.0,3.0097924001471763e-262,0.0,0.0,0.0,0.0,0.0,0.0,0.0,0.0,0.0,0.0,0.0,0.0,0.0,0.0,0.0,0.0,0.0,0.0,0.0,0.0,0.0,0.0,0.0,0.0,0.0,0.0,0.0,0.0,0.0,0.0,0.0,0.0,0.0
0.0,0.0,0.0,0.0,5.2575634850359645e-96,0.05533640012162036,8.29730859896177e-99,0.0,0.0,0.0,0.0,0.0,0.0,0.0,0.0,0.0,6.977655941044977e-77,0.7319727980360902,2.2179008175936904e-105,0.0,0.0,0.0,0.0,0.0,0.0,0.0,0.0,0.0,2.79145119738667e-90,0.2095421781580346,3.052535064210553e-102,0.0,0.0,0.0,0.0,0.0,0.0,0.0,0.0,0.0,2.2571067186186804e-154,0.003148623684254858,1.9953057046e-313,0.0,0.0,0.0,0.0,0.0,0.0,0.0,0.0,0.0,5.418301985086348e-110,1.331291039794825e-99,1.122280022066538e-62,0.0,0.0,0.0,0.0,0.0,0.0,0.0,0.0,0.0,7.772441029523924e-95,4.353821835067021e-105,0.0,0.0,0.0,0.0,0.0,0.0,0.0,0.0,0.0,0.0,1.7136202226544323e-20,6.210684062380108e-40,1.1785829270244906e-83,0.0,0.0,0.0,0.0,0.0,0.0,0.0,0.0,0.0,1.3603189045690396e-266,1.5115008286068266e-69,2.1470903520925775e-219,0.0,0.0,0.0,0.0,0.0,0.0,0.0,0.0,0.0,1.355825879077578e-158,0.0,0.0,0.0,0.0,0.0,0.0,0.0,0.0,0.0,0.0,0.0,1.544971013160703e-129,0.0,0.0,0.0,0.0,0.0,0.0,0.0,0.0,0.0,0.0,1.2137505934114158e-261,0.0,0.0,0.0,0.0,0.0,0.0,0.0,0.0,4.457182623239829e-155,6.116683379854481e-179,1.0059323869174318e-306,0.0,0.0,0.0,0.0,0.0,0.0,0.0,0.0,9.261529930468159e-173,2.2068589221779914e-199,0.0,0.0,0.0,0.0,0.0,0.0,0.0,0.0,0.0,6.178193784036423e-267,3.625167797443572e-293,0.0,0.0,0.0,0.0,0.0,0.0,0.0,0.0,2.689068642013548e-294,9.051502900479206e-194,8.37046790549678e-291,0.0,0.0,0.0,0.0,0.0,0.0,0.0,2.874041783973299e-249,8.345927049281655e-146,0.0,0.0,0.0,0.0,0.0,0.0,0.0,0.0,0.0,1.4254513180683568e-98,0.0,0.0,0.0,0.0,0.0,0.0,0.0,0.0,0.0,0.0,3.582395649418996e-52,0.0,0.0,0.0,0.0,0.0,0.0,0.0,0.0,1.523e-320,2.833860322003604e-170,0.0,0.0,0.0,0.0,0.0,0.0,0.0,0.0,0.0,8.367048667934388e-23,0.0,0.0,0.0,0.0,0.0,0.0,0.0,0.0,0.0,1.8367543576136604e-172,0.0,0.0,0.0,0.0,0.0,0.0,0.0,0.0,0.0,0.0,0.0,0.0,0.0,0.0,0.0,0.0,0.0,0.0,0.0,0.0,0.0,0.0,0.0,0.0,0.0,0.0,0.0,0.0,0.0,0.0,0.0,0.0,0.0,0.0,0.0,0.0,0.0,0.0,0.0,7.666708390093253e-96,0.0,0.0,0.0,0.0,0.0,0.0,0.0,0.0,0.0,0.0,0.0,0.0,0.0,0.0,0.0,0.0,1.6021810762196467e-283,0.0,0.0,0.0,0.0,0.0,0.0,0.0,0.0,0.0,0.0,0.0,0.0,0.0,0.0,0.0,0.0,0.0,0.0,0.0,0.0,0.0,0.0,0.0,0.0,0.0,0.0,0.0,0.0,0.0,0.0,0.0,0.0,0.0,0.0,0.0,0.0,0.0,0.0,0.0,0.0,0.0,0.0
0.0,0.0,0.0,1.817816444876761e-114,6.2576038443151154e-136,0.0,0.0,0.0,0.0,0.0,0.0,0.0,0.0,0.0,0.0,3.616730300507334e-81,0.32568628481973144,3.955876851305452e-98,0.0,0.0,0.0,0.0,0.0,0.0,0.0,0.0,0.0,3.9961845363678155e-72,0.6051960280112384,2.600777419785937e-105,0.0,0.0,0.0,0.0,0.0,0.0,0.0,0.0,0.0,2.1084592762564852e-72,0.047849001201324064,1.3213478097830236e-101,0.0,0.0,0.0,0.0,0.0,0.0,0.0,0.0,0.0,6.301765424106452e-73,0.006512739248426272,6.644142335245193e-98,0.0,0.0,0.0,0.0,0.0,0.0,0.0,0.0,0.0,7.570436009580764e-100,0.010014332043195292,4.1158357279792666e-176,0.0,0.0,0.0,0.0,0.0,0.0,0.0,0.0,0.0,6.600062814214806e-76,0.0018266767120382495,4.8838453434673887e-116,0.0,0.0,0.0,0.0,0.0,0.0,0.0,0.0,0.0,5.717356998892591e-78,1.5525431284635652e-6,1.6053801312045742e-95,0.0,0.0,0.0,0.0,0.0,0.0,0.0,0.0,4.098343839189434e-90,0.002903706153065688,2.160096427221386e-131,0.0,0.0,0.0,0.0,0.0,0.0,0.0,0.0,0.0,2.7154198520524044e-151,5.737225544788207e-13,6.380845115076822e-213,0.0,0.0,0.0,0.0,0.0,0.0,0.0,0.0,2.4005158484429345e-112,4.1721798065439675e-7,1.3154977194301326e-181,0.0,0.0,0.0,0.0,0.0,0.0,0.0,3.692525894294843e-102,9.262049297881917e-6,3.9573846394436433e-106,0.0,0.0,0.0,0.0,0.0,0.0,0.0,0.0,2.4472749545249786e-73,9.993054583961918e-49,4.1380873745996055e-81,0.0,0.0,0.0,0.0,0.0,0.0,0.0,1.7603476445788464e-102,2.8121295114197214e-40,1.0738012332132245e-285,0.0,0.0,0.0,0.0,0.0,0.0,0.0,0.0,1.5737619034248117e-265,6.807228434026002e-18,2.766138742079684e-136,0.0,0.0,0.0,0.0,0.0,0.0,0.0,2.432383607207457e-131,4.1949069543447674e-50,9.137754765075464e-149,0.0,0.0,0.0,0.0,0.0,0.0,0.0,7.0284361610968884e-99,4.5135367747161856e-20,1.005015691566627e-247,0.0,0.0,0.0,0.0,0.0,0.0,0.0,0.0,0.0,3.872687391269995e-44,3.231684204492855e-251,0.0,0.0,0.0,0.0,0.0,0.0,0.0,0.0,1.1473500024421966e-29,4.757521199202723e-290,0.0,0.0,0.0,0.0,0.0,0.0,0.0,3.518324522477852e-133,2.4721549352691076e-43,2.0839319075269453e-99,0.0,0.0,0.0,0.0,0.0,0.0,0.0,1.5474579488744102e-114,5.716457631418476e-29,0.0,0.0,0.0,0.0,0.0,0.0,0.0,0.0,9.078906010354461e-229,2.3279598769607285e-81,5.99963564939034e-265,0.0,0.0,0.0,0.0,0.0,0.0,0.0,0.0,1.6786263459882302e-150,3.656713569391456e-68,1.16279e-318,0.0,0.0,0.0,0.0,0.0,0.0,2.8410723323789665e-94,4.0819392467498455e-105,2.664128074044412e-282,0.0,0.0,0.0,0.0,0.0,0.0,0.0,2.4795734635371766e-104,5.686019643097125e-154,3.784966739164887e-227,0.0,0.0,0.0,0.0,0.0,0.0,6.519718989354848e-163,2.0491850746264954e-35,4.618388799171334e-244,0.0,0.0,0.0,0.0,0.0,1.8546079147781873e-188,6.458714814464383e-88,2.718683766145746e-131,0.0,0.0,0.0,0.0,0.0,0.0,8.885899539960152e-136,6.143083805678076e-47,0.0,0.0,0.0,0.0,0.0,0.0,0.0,5.360093310711559e-47,7.1e-322,0.0,0.0,0.0,0.0,0.0,5.669259561680852e-137,0.0,0.0,0.0,0.0,0.0,8.615551940557552e-103,0.0,0.0,0.0,8.984451970684466e-180,8.299705864043585e-180,0.0,0.0,0.0,0.0,0.0,0.0,0.0,0.0
0.0,0.0,0.0,0.0,0.0,0.0,0.0,0.0,0.0,0.019925999513803975,0.0,0.0,0.0,0.0,0.0,0.0,0.0,0.0,0.0,0.0,0.0,0.718700288734576,0.0,0.0,0.0,0.0,0.0,0.0,0.0,0.0,0.0,0.0,0.0,0.25832305599965694,0.0,0.0,0.0,0.0,0.0,0.0,0.0,0.0,0.0,0.0,0.0,0.002213999717072591,0.0,0.0,0.0,0.0,0.0,0.0,0.0,0.0,0.0,0.0,0.0,1.0227245347125144e-62,0.0,0.0,0.0,0.0,0.0,0.0,0.0,0.0,0.0,0.0,0.0,1.6574126170811565e-25,0.0,0.0,0.0,0.0,0.0,0.0,0.0,0.0,0.0,0.0,0.0,0.0008366560348908081,0.0,0.0,0.0,0.0,0.0,0.0,0.0,0.0,0.0,0.0,2.765430298373636e-163,0.0,0.0,0.0,0.0,0.0,0.0,0.0,0.0,0.0,0.0,0.0,0.0,0.0,0.0,0.0,0.0,0.0,0.0,0.0,0.0,0.0,0.0,0.0,0.0,0.0,0.0,0.0,0.0,0.0,0.0,0.0,0.0,0.0,0.0,0.0,0.0,0.0,0.0,0.0,0.0,0.0,0.0,0.0,0.0,0.0,0.0,0.0,0.0,0.0,0.0,0.0,0.0,0.0,0.0,0.0,0.0,0.0,0.0,0.0,0.0,0.0,0.0,0.0,0.0,0.0,0.0,0.0,0.0,0.0,0.0,0.0,0.0,0.0,0.0,0.0,0.0,0.0,0.0,0.0,0.0,0.0,0.0,0.0,0.0,0.0,0.0,0.0,0.0,0.0,0.0,0.0,0.0,0.0,0.0,0.0,0.0,0.0,0.0,0.0,0.0,0.0,0.0,0.0,0.0,0.0,0.0,0.0,0.0,0.0,0.0,0.0,0.0,0.0,0.0,0.0,0.0,0.0,0.0,0.0,0.0,0.0,0.0,0.0,0.0,0.0,0.0,0.0,0.0,0.0,0.0,0.0,0.0,0.0,0.0,0.0,0.0,0.0,0.0,0.0,0.0,0.0,0.0,0.0,0.0,0.0,0.0,0.0,0.0,0.0,0.0,0.0,0.0,0.0,0.0,0.0,0.0,0.0,0.0,0.0,0.0,0.0,0.0,0.0,0.0,0.0,0.0,0.0,0.0,0.0,0.0,0.0,0.0,0.0,0.0,0.0,0.0,0.0,0.0,0.0,0.0,0.0,0.0,0.0,0.0,0.0,0.0,0.0,0.0,0.0,0.0,0.0,0.0,0.0,0.0,0.0,0.0,0.0,0.0,0.0,0.0,0.0,0.0,0.0,0.0,0.0,0.0,0.0,0.0,0.0,0.0,0.0,0.0,0.0,0.0,0.0,0.0,0.0,0.0,0.0,0.0,0.0,0.0,0.0,0.0,0.0,0.0,0.0,0.0,0.0,0.0,0.0,0.0,0.0
1.695887985549299e-133,0.0,0.0,0.0,0.0,0.0,0.0,0.0,0.0,0.0,0.0,1.5974538286855744e-173,1.1758315075921937e-51,0.0,0.0,0.0,0.0,0.0,0.0,0.0,0.0,0.0,0.0,0.011919709230045511,3.126245480842874e-40,0.0,0.0,0.0,0.0,0.0,0.0,0.0,0.0,0.0,0.0,0.08477691082602994,1.7311565726140308e-39,0.0,0.0,0.0,0.0,0.0,0.0,0.0,0.0,0.0,0.0,0.10712352618678624,6.677692461015384e-35,0.0,0.0,0.0,0.0,0.0,0.0,0.0,0.0,0.0,0.0,0.07019075209516111,6.155631347030115e-5,0.0,0.0,0.0,0.0,0.0,0.0,0.0,0.0,0.0,0.0,6.804795335582519e-13,1.416804834738257e-82,0.0,0.0,0.0,0.0,0.0,0.0,0.0,0.0,0.0,0.0,0.09868555626204792,4.42450786736401e-6,0.0,0.0,0.0,0.0,0.0,0.0,0.0,0.0,0.0,0.016492810232726456,2.365804883776694e-13,0.0,0.0,0.0,0.0,0.0,0.0,0.0,0.0,0.0,0.0,0.03177066636460653,7.866323782080802e-27,0.0,0.0,0.0,0.0,0.0,0.0,0.0,0.0,0.0,0.07492619766898209,1.566881582789167e-37,0.0,0.0,0.0,0.0,0.0,0.0,0.0,0.0,0.06686198526618851,4.472268220825445e-82,0.0,0.0,0.0,0.0,0.0,0.0,0.0,0.0,0.0,0.04242402972035484,0.0,0.0,0.0,0.0,0.0,0.0,0.0,0.0,0.0,0.019196853159500656,2.160179756414613e-53,0.0,0.0,0.0,0.0,0.0,0.0,0.0,0.0,0.0,0.01258019326946443,1.3070099377502196e-58,0.0,0.0,0.0,0.0,0.0,0.0,0.0,0.0,0.01952299872470332,1.5197987442010717e-57,0.0,0.0,0.0,0.0,0.0,0.0,0.0,0.0,0.0273300032862236,1.360175357912122e-119,0.0,0.0,0.0,0.0,0.0,0.0,0.0,0.0,0.0,0.023343869708051464,5.268513543330307e-35,0.0,0.0,0.0,0.0,0.0,0.0,0.0,0.0,0.011225782089669987,2.6883476120093966e-33,0.0,0.0,0.0,0.0,0.0,0.0,0.0,0.0,0.029119326605854763,2.2168747490078184e-7,0.0,0.0,0.0,0.0,0.0,0.0,0.0,0.0,0.010425846257889518,0.0031870909287618453,0.0,0.0,0.0,0.0,0.0,0.0,0.0,0.0,0.04570018702628349,8.391676864887147e-37,0.0,0.0,0.0,0.0,0.0,0.0,0.0,0.0,0.0,0.04062779398503523,0.0,0.0,0.0,0.0,0.0,0.0,0.0,0.0,0.021434411862905883,1.467476103655058e-20,0.0,0.0,0.0,0.0,0.0,0.0,0.0,0.0,2.349616933806545e-11,0.0,0.0,0.0,0.0,0.0,0.0,0.0,0.0,0.019755812625368126,9.47193420857193e-37,0.0,0.0,0.0,0.0,0.0,0.0,0.012744814960475163,4.495126408173883e-21,0.0,0.0,0.0,0.0,0.0,0.0,0.0,0.06336086130792119,8.28671784065824e-57,0.0,0.0,0.0,0.0,0.0,0.0,0.020718718391383614,1.477166248391809e-262,0.0,0.0,0.0,0.0,0.0,0.004330140928094,0.0,0.0,0.0,0.0,0.0,0.010156948496258807,0.0,0.0,0.0,0.0,0.0,0.0,0.0,0.0,0.0,0.0,0.0,0.0,0.0,0.0,0.0,0.0,0.0,0.0
0.0,0.0,0.0,0.0,0.0,0.0,0.0,0.0,0.0,0.0,9.574752022436294e-70,0.028044583025516934,0.0,0.0,0.0,0.0,0.0,0.0,0.0,0.0,0.0,0.0,2.14716497199435e-65,0.7287026096293681,0.0,0.0,0.0,0.0,0.0,0.0,0.0,0.0,0.0,0.0,1.7588585007763207e-63,0.2284934108007222,0.0,0.0,0.0,0.0,0.0,0.0,0.0,0.0,0.0,0.0,1.7130658278424125e-84,1.873951821666198e-29,0.0,0.0,0.0,0.0,0.0,0.0,0.0,0.0,0.0,0.0,8.816700255313921e-109,0.011166202496943818,0.0,0.0,0.0,0.0,0.0,0.0,0.0,0.0,0.0,0.0,2.3690363836562324e-110,4.0965759667262237e-26,0.0,0.0,0.0,0.0,0.0,0.0,0.0,0.0,0.0,0.0,1.2215218143374486e-143,1.0532530658339011e-11,0.0,0.0,0.0,0.0,0.0,0.0,0.0,0.0,0.0,3.0950983196754235e-52,0.000327796818105543,0.0,0.0,0.0,0.0,0.0,0.0,0.0,0.0,0.0,0.0,1.581791642425868e-62,0.0017553184193379256,0.0,0.0,0.0,0.0,0.0,0.0,0.0,0.0,0.0,3.3871655554320454e-55,4.535274482371571e-9,0.0,0.0,0.0,0.0,0.0,0.0,0.0,0.0,3.867886147591645e-48,0.0015099764130368657,0.0,0.0,0.0,0.0,0.0,0.0,0.0,0.0,0.0,1.5143105667126788e-103,3.4470844898328675e-23,0.0,0.0,0.0,0.0,0.0,0.0,0.0,0.0,0.0,3.8473881181192844e-84,0.0,0.0,0.0,0.0,0.0,0.0,0.0,0.0,0.0,0.0,6.34829950977046e-20,0.0,0.0,0.0,0.0,0.0,0.0,0.0,0.0,0.0,2.1189482017075253e-62,0.0,0.0,0.0,0.0,0.0,0.0,0.0,0.0,0.0,3.0886441639768295e-57,0.0,0.0,0.0,0.0,0.0,0.0,0.0,0.0,0.0,0.0,1.2260051343565681e-53,0.0,0.0,0.0,0.0,0.0,0.0,0.0,0.0,4.211277935577593e-87,1.3597940092488752e-63,0.0,0.0,0.0,0.0,0.0,0.0,0.0,0.0,0.0,2.772919319739766e-87,0.0,0.0,0.0,0.0,0.0,0.0,0.0,0.0,0.0,9.727245504167654e-8,0.0,0.0,0.0,0.0,0.0,0.0,0.0,0.0,0.0,5.074618003600033e-49,0.0,0.0,0.0,0.0,0.0,0.0,0.0,0.0,0.0,0.0,1.6247046817705594e-159,0.0,0.0,0.0,0.0,0.0,0.0,0.0,9.676238123188883e-178,3.1321315611708485e-109,0.0,0.0,0.0,0.0,0.0,0.0,0.0,0.0,0.0,0.0,0.0,0.0,0.0,0.0,0.0,0.0,0.0,0.0,1.9286015251064582e-137,0.0,0.0,0.0,0.0,0.0,0.0,0.0,2.7784327429925776e-19,0.0,0.0,0.0,0.0,0.0,0.0,0.0,0.0,5.787067022676705e-10,0.0,0.0,0.0,0.0,0.0,0.0,0.0,2.256570765392724e-76,0.0,0.0,0.0,0.0,0.0,0.0,2.2579996842154746e-38,0.0,0.0,0.0,0.0,0.0,0.0,0.0,0.0,0.0,0.0,0.0,0.0,0.0,0.0,0.0,0.0,0.0,0.0,0.0,0.0,0.0,0.0,0.0,0.0
0.0,0.0,0.0,1.8699869101162483e-269,1.4297299547537836e-255,0.0,0.0,0.0,0.0,0.0,0.0,0.0,0.0,0.0,0.0,2.534052781121848e-147,8.05473317063135e-24,6.079997445450321e-199,0.0,0.0,0.0,0.0,0.0,0.0,0.0,0.0,0.0,1.31204216772599e-100,9.794441771875628e-5,5.390240023146066e-127,0.0,0.0,0.0,0.0,0.0,0.0,0.0,0.0,0.0,3.60232001486381e-107,3.55983895988768e-10,3.9683313155112957e-112,0.0,0.0,0.0,0.0,0.0,0.0,0.0,0.0,0.0,8.922182003155653e-109,0.11229593890704197,2.4551487159636695e-115,0.0,0.0,0.0,0.0,0.0,0.0,0.0,0.0,0.0,1.6143629231819775e-102,0.038571850657660604,3.821165865995561e-131,0.0,0.0,0.0,0.0,0.0,0.0,0.0,0.0,0.0,1.4623235881785626e-77,0.006761488522951889,2.8205299774083243e-135,0.0,0.0,0.0,0.0,0.0,0.0,0.0,0.0,0.0,8.9481293000476e-136,0.03219036245426161,3.462403634738496e-105,0.0,0.0,0.0,0.0,0.0,0.0,0.0,0.0,1.5953563877635545e-96,0.05527424533596006,5.874671487678183e-203,0.0,0.0,0.0,0.0,0.0,0.0,0.0,0.0,0.0,1.1704529773518012e-137,0.06391396905125772,1.667331440673367e-271,0.0,0.0,0.0,0.0,0.0,0.0,0.0,0.0,1.1221461982407587e-86,0.08276917604960937,1.2780205045739672e-81,0.0,0.0,0.0,0.0,0.0,0.0,0.0,8.063063620440107e-108,0.07287011166411876,6.262751906622708e-99,0.0,0.0,0.0,0.0,0.0,0.0,0.0,0.0,4.439791641062797e-93,0.03095225960799279,1.2888891863961673e-86,0.0,0.0,0.0,0.0,0.0,0.0,0.0,5.91411916110798e-88,0.03291213317776274,2.4504761850241262e-109,0.0,0.0,0.0,0.0,0.0,0.0,0.0,0.0,3.5880260501029733e-122,0.031401605305766224,1.3703768565170049e-128,0.0,0.0,0.0,0.0,0.0,0.0,0.0,6.552524522762801e-117,0.025378987512083537,4.949061841204691e-73,0.0,0.0,0.0,0.0,0.0,0.0,0.0,3.945361227182744e-183,0.039534572261664264,2.3994094108204033e-80,0.0,0.0,0.0,0.0,0.0,0.0,0.0,0.0,0.0,0.027998474799218465,4.9996063447400715e-113,0.0,0.0,0.0,0.0,0.0,0.0,0.0,0.0,0.02770630234904975,5.0058537151265214e-104,0.0,0.0,0.0,0.0,0.0,0.0,0.0,1.7612248462368848e-145,0.024482697765997347,2.710366502902116e-178,0.0,0.0,0.0,0.0,0.0,0.0,0.0,1.8711081817963197e-68,0.023089905288738433,8.317142415894012e-259,0.0,0.0,0.0,0.0,0.0,0.0,0.0,1.2204334180353497e-119,0.04209882736885033,7.844501993201029e-103,0.0,0.0,0.0,0.0,0.0,0.0,0.0,0.0,6.708291287020934e-69,0.0243331206785216,1.5701246129852378e-112,0.0,0.0,0.0,0.0,0.0,0.0,2.0708864328313335e-78,0.02855211677222085,2.2919232072796443e-105,0.0,0.0,0.0,0.0,0.0,0.0,0.0,1.7869334248009806e-84,0.014064088947508428,2.538345192343304e-76,0.0,0.0,0.0,0.0,0.0,0.0,1.3189644184994263e-79,0.04420142174331645,1.0444238296266808e-38,0.0,0.0,0.0,0.0,0.0,9.053576566835798e-99,0.05424720022610394,1.3979783293924874e-76,0.0,0.0,0.0,0.0,0.0,0.0,5.1797412674041e-112,0.0321464890228764,0.0,0.0,0.0,0.0,0.0,0.0,0.0,0.012054933383429204,1.1303447739953858e-123,0.0,0.0,0.0,0.0,0.0,0.010045777819648877,0.0,0.0,0.0,0.0,0.0,0.006027466691789326,0.0,0.0,0.0,4.504944789978295e-55,0.004026531860896532,0.0,0.0,0.0,0.0,0.0,0.0,0.0,0.0
0.0,1.388653293201396e-76,0.021414387022999984,8.821105830775824e-124,0.0,0.0,0.0,0.0,0.0,0.0,0.0,0.0,0.0,1.3237800040650241e-86,0.6308728655389405,1.4402220475157442e-91,0.0,0.0,0.0,0.0,0.0,0.0,0.0,0.0,0.0,6.518925199296486e-82,0.32978671294168227,1.540457379284752e-78,0.0,0.0,0.0,0.0,0.0,0.0,0.0,0.0,0.0,8.57991351189616e-104,0.003642893513509883,1.1809818303061203e-73,0.0,0.0,0.0,0.0,0.0,0.0,0.0,0.0,0.0,4.28442156628118e-119,0.0033780675136017672,8.703715420428188e-139,0.0,0.0,0.0,0.0,0.0,0.0,0.0,0.0,0.0,1.1178281861229028e-63,0.00203229758912102,1.113520366548121e-155,0.0,0.0,0.0,0.0,0.0,0.0,0.0,0.0,0.0,8.828180371604491e-103,0.0016891550773838065,8.015843580319248e-84,0.0,0.0,0.0,0.0,0.0,0.0,0.0,0.0,0.0,1.7465269854873807e-77,0.0019068152584596685,1.4971659602867187e-190,0.0,0.0,0.0,0.0,0.0,0.0,0.0,0.0,3.6479586696164942e-68,0.002331391223446252,4.2182936458910287e-63,0.0,0.0,0.0,0.0,0.0,0.0,0.0,0.0,0.0,6.081430974714435e-160,0.0016818865231904086,4.851875713328471e-122,0.0,0.0,0.0,0.0,0.0,0.0,0.0,0.0,5.9551285017387105e-121,0.0006166004106293098,4.092095046995143e-226,0.0,0.0,0.0,0.0,0.0,0.0,0.0,2.7369743297144284e-89,1.170568179192364e-20,5.2455932619157714e-176,0.0,0.0,0.0,0.0,0.0,0.0,0.0,0.0,9.690941589047482e-145,4.364018713326461e-53,2.780193523046505e-293,0.0,0.0,0.0,0.0,0.0,0.0,0.0,2.0901176593958882e-203,4.005017581294968e-94,1.190432545122093e-96,0.0,0.0,0.0,0.0,0.0,0.0,0.0,0.0,2.0016608693114094e-181,1.4365007775425597e-65,6.425878908445943e-61,0.0,0.0,0.0,0.0,0.0,0.0,0.0,1.7055956962142915e-212,1.4627109644539918e-77,2.4722102364214687e-222,0.0,0.0,0.0,0.0,0.0,0.0,0.0,7.679732031092634e-305,1.6931189730181639e-18,0.0,0.0,0.0,0.0,0.0,0.0,0.0,0.0,0.0,3.6675142232051244e-252,0.0006469273870350653,7.0324286e-317,0.0,0.0,0.0,0.0,0.0,0.0,0.0,4.2886195439180676e-170,2.990040639492665e-47,0.0,0.0,0.0,0.0,0.0,0.0,0.0,0.0,6.896279168844782e-282,2.2106662480308314e-105,2.1895731966315373e-176,0.0,0.0,0.0,0.0,0.0,0.0,0.0,0.0,8.235059431884765e-74,0.0,0.0,0.0,0.0,0.0,0.0,0.0,0.0,8.40234760817153e-298,1.3731648711677435e-147,0.0,0.0,0.0,0.0,0.0,0.0,0.0,0.0,0.0,0.0,9.84065245155095e-158,7.992355557754079e-301,0.0,0.0,0.0,0.0,0.0,0.0,2.168744815907348e-179,4.203655570669728e-178,0.0,0.0,0.0,0.0,0.0,0.0,0.0,0.0,0.0,3.097318289680041e-110,3.14420967e-315,0.0,0.0,0.0,0.0,0.0,0.0,4.451619056636784e-173,1.111229242350944e-171,0.0,0.0,0.0,0.0,0.0,0.0,1.6264548129798465e-282,4.773789443317669e-143,0.0,0.0,0.0,0.0,0.0,0.0,0.0,5.69801628333409e-280,5.125822103109608e-116,0.0,0.0,0.0,0.0,0.0,0.0,0.0,5.089762740877092e-212,0.0,0.0,0.0,0.0,0.0,6.147613914056277e-255,1.5335308193183114e-215,0.0,0.0,0.0,0.0,0.0,3.7233133632400025e-214,0.0,0.0,0.0,0.0,2.3794483628765974e-226,0.0,0.0,0.0,0.0,2.137358609395977e-227,0.0,0.0,0.0,0.0,0.0
0.0,0.0,0.0,0.0,0.0,0.0,0.0,0.0,0.0,0.0,0.0,0.0,0.0,0.0,0.0,0.0,4.9712822367666056e-144,1.0304169551965134e-19,2.591964687041075e-125,0.0,0.0,0.0,0.0,0.0,0.0,0.0,0.0,0.0,8.240136093260419e-120,0.1498877429084969,8.761973445904457e-80,0.0,0.0,0.0,0.0,0.0,0.0,0.0,0.0,0.0,3.3589194242410174e-111,0.6626339538412659,1.0791351722874804e-83,0.0,0.0,0.0,0.0,0.0,0.0,0.0,0.0,0.0,2.6907850626120246e-115,0.04729044659954347,7.49999336915159e-74,0.0,0.0,0.0,0.0,0.0,0.0,0.0,0.0,0.0,4.637103859884329e-212,0.01738086668571099,3.6501802210444266e-109,0.0,0.0,0.0,0.0,0.0,0.0,0.0,0.0,0.0,2.898238489666497e-117,0.01574671203188794,3.526660582959128e-133,0.0,0.0,0.0,0.0,0.0,0.0,0.0,0.0,0.0,1.319325001926153e-125,0.004161902706760427,4.919301939390018e-113,0.0,0.0,0.0,0.0,0.0,0.0,0.0,0.0,9.32402324536409e-110,0.00526705483233439,0.0,0.0,0.0,0.0,0.0,0.0,0.0,0.0,0.0,0.0,3.9915176256225755e-127,0.00795400902290506,5.962913107369153e-66,0.0,0.0,0.0,0.0,0.0,0.0,0.0,0.0,1.1623234726087205e-121,0.0015139429534378908,9.952797074999457e-104,0.0,0.0,0.0,0.0,0.0,0.0,0.0,3.9547678230745565e-97,0.009089197533382857,3.3101714142291056e-46,0.0,0.0,0.0,0.0,0.0,0.0,0.0,0.0,1.0110115234058484e-139,0.01085793701420489,4.492388019796158e-166,0.0,0.0,0.0,0.0,0.0,0.0,0.0,4.297328813316727e-101,0.01929793220362944,6.232756991396458e-47,0.0,0.0,0.0,0.0,0.0,0.0,0.0,0.0,5.584749114395837e-125,0.007641484805224037,2.2406741747826968e-27,0.0,0.0,0.0,0.0,0.0,0.0,0.0,1.8505449944901307e-143,0.024132461534281387,0.0,0.0,0.0,0.0,0.0,0.0,0.0,0.0,1.703287440226789e-81,0.01068752595445691,2.549034333851645e-19,0.0,0.0,0.0,0.0,0.0,0.0,0.0,0.0,5.080296651180308e-108,3.161488801965786e-5,3.676841851822026e-47,0.0,0.0,0.0,0.0,0.0,0.0,0.0,2.3520683997383406e-172,0.005372432047830959,0.0,0.0,0.0,0.0,0.0,0.0,0.0,0.0,8.841060040659422e-123,0.0002372227273486544,0.0,0.0,0.0,0.0,0.0,0.0,0.0,0.0,0.0,6.576878981450155e-27,1.7312494608384345e-110,0.0,0.0,0.0,0.0,0.0,0.0,0.0,5.942492156597045e-216,3.725440222693754e-35,0.0,0.0,0.0,0.0,0.0,0.0,0.0,0.0,0.0,0.0,4.429779343012889e-53,0.0,0.0,0.0,0.0,0.0,0.0,0.0,0.0,6.131160719962469e-81,0.0,0.0,0.0,0.0,0.0,0.0,0.0,0.0,0.0,4.580409383347065e-194,0.0,0.0,0.0,0.0,0.0,0.0,0.0,1.089808399043502e-209,1.970515251835542e-58,1.0012150581981705e-113,0.0,0.0,0.0,0.0,0.0,0.0,2.8057551772394914e-79,0.0,0.0,0.0,0.0,0.0,0.0,0.0,0.0,0.0008155597092783196,4.591555393952998e-155,0.0,0.0,0.0,0.0,0.0,0.0,2.653938467366977e-267,0.0,0.0,0.0,0.0,0.0,0.0,0.0,0.0,0.0,0.0,0.0,0.0,0.0,0.0,0.0,0.0,1.7295822627782734e-283,0.0,0.0,0.0,0.0,0.0,0.0,0.0,0.0
0.0,3.7546821205387505e-207,0.0,0.0,0.0,0.0,0.0,0.0,0.0,0.0,0.0,0.0,3.772282287324937e-131,5.167890903426638e-60,0.0,0.0,0.0,0.0,0.0,0.0,0.0,0.0,0.0,0.0,6.321081103184248e-136,1.630227614537867e-36,0.0,0.0,0.0,0.0,0.0,0.0,0.0,0.0,0.0,0.0,6.271706045835619e-143,4.8556629626409356e-29,0.0,0.0,0.0,0.0,0.0,0.0,0.0,0.0,0.0,0.0,7.542469302079008e-129,0.020067534579148474,3.804952342e-313,0.0,0.0,0.0,0.0,0.0,0.0,0.0,0.0,0.0,6.007831041595475e-189,2.2643779415583603e-34,1.10586185e-315,0.0,0.0,0.0,0.0,0.0,0.0,0.0,0.0,0.0,1.4790628717945336e-254,7.214220995913296e-43,0.0,0.0,0.0,0.0,0.0,0.0,0.0,0.0,0.0,0.0,0.0,4.526581152701862e-22,9.61217185e-315,0.0,0.0,0.0,0.0,0.0,0.0,0.0,0.0,9.275489119858023e-116,8.301824298800464e-13,1.5437548451462444e-267,0.0,0.0,0.0,0.0,0.0,0.0,0.0,0.0,0.0,2.3371817558637625e-181,2.0391518685560883e-21,9.125820173886892e-283,0.0,0.0,0.0,0.0,0.0,0.0,0.0,0.0,2.589154747545536e-98,0.010036966302587538,0.0,0.0,0.0,0.0,0.0,0.0,0.0,0.0,3.90871276354251e-69,0.008348436831978725,5.782791943467748e-283,0.0,0.0,0.0,0.0,0.0,0.0,0.0,0.0,2.5247719817923956e-100,2.2945907042190114e-5,0.0,0.0,0.0,0.0,0.0,0.0,0.0,0.0,5.245256704638216e-109,0.030900211495517006,1.059382407407716e-263,0.0,0.0,0.0,0.0,0.0,0.0,0.0,0.0,2.1746609338256883e-73,0.0028533109266575866,9.0e-323,0.0,0.0,0.0,0.0,0.0,0.0,0.0,4.917434950462466e-189,0.01205984239886569,1.0774811487391614e-290,0.0,0.0,0.0,0.0,0.0,0.0,0.0,1.508086163313561e-214,0.020623647559221227,0.0,0.0,0.0,0.0,0.0,0.0,0.0,0.0,0.0,1.8856937574129098e-31,0.024609878366255746,2.7612051013404696e-246,0.0,0.0,0.0,0.0,0.0,0.0,0.0,1.7161375137536997e-159,2.3623757541146986e-22,3.988980381527562e-285,0.0,0.0,0.0,0.0,0.0,0.0,0.0,2.1310846384581913e-77,0.018551075877935214,3.354378158392842e-217,0.0,0.0,0.0,0.0,0.0,0.0,0.0,0.0,0.008361891223343383,0.0,0.0,0.0,0.0,0.0,0.0,0.0,0.0,2.9372394105714395e-82,0.11293542727595227,1.950908609492302e-288,0.0,0.0,0.0,0.0,0.0,0.0,0.0,0.0,1.4259018885029525e-103,0.06819069247692401,0.0,0.0,0.0,0.0,0.0,0.0,0.0,2.229961070422538e-53,0.08538729024561557,0.0,0.0,0.0,0.0,0.0,0.0,0.0,0.0,9.9615964487688e-49,0.018191542765011337,2.3990203841536817e-241,0.0,0.0,0.0,0.0,0.0,0.0,8.858492517226897e-78,0.1430198306161329,1.0583866328057233e-305,0.0,0.0,0.0,0.0,0.0,1.054177041872422e-41,0.17136206753604824,1.0279084201233625e-255,0.0,0.0,0.0,0.0,0.0,0.0,9.264927593423497e-34,0.14518981952799753,2.055560849565704e-286,0.0,0.0,0.0,0.0,0.0,0.0065287630295788246,0.0795648044081962,1.2491761299627459e-253,0.0,0.0,0.0,0.0,3.551756711114346e-38,0.008773753737563152,1.3583785730483222e-245,0.0,0.0,0.0,0.0,0.00442026691159691,1.5717379711576993e-282,0.0,0.0,2.636386912169373e-53,1.6216129471972076e-270,0.0,0.0,0.0,0.0,0.0,0.0,0.0,0.0,0.0,0.0,0.0
0.0,0.0,0.0,0.0,0.0,0.0,0.011241234225263403,8.564667440544416e-45,0.0,0.0,0.0,0.0,0.0,0.0,0.0,0.0,0.0,0.0,0.6172505472019784,2.8943965347906357e-41,0.0,0.0,0.0,0.0,0.0,0.0,0.0,0.0,0.0,0.0,0.3569583934180278,6.413922584050137e-54,0.0,0.0,0.0,0.0,0.0,0.0,0.0,0.0,0.0,0.0,0.002906125089637052,1.197546014355779e-85,0.0,0.0,0.0,0.0,0.0,0.0,0.0,0.0,0.0,0.0,0.004975222910792913,5.084557125538925e-55,0.0,0.0,0.0,0.0,0.0,0.0,0.0,0.0,0.0,0.0,0.0015576665348738257,0.0027404287973542586,0.0,0.0,0.0,0.0,0.0,0.0,0.0,0.0,0.0,0.0,1.6349108957402698e-63,7.983866696578297e-41,0.0,0.0,0.0,0.0,0.0,0.0,0.0,0.0,0.0,0.0,0.0023703818220722466,9.002838763533676e-95,0.0,0.0,0.0,0.0,0.0,0.0,0.0,0.0,0.0,2.221251743359671e-261,0.0,0.0,0.0,0.0,0.0,0.0,0.0,0.0,0.0,0.0,0.0,6.902905438105401e-244,1.970590478336003e-267,0.0,0.0,0.0,0.0,0.0,0.0,0.0,0.0,0.0,1.4509989037609644e-228,0.0,0.0,0.0,0.0,0.0,0.0,0.0,0.0,0.0,1.4640416243325355e-106,0.0,0.0,0.0,0.0,0.0,0.0,0.0,0.0,0.0,0.0,3.3999573237405774e-81,0.0,0.0,0.0,0.0,0.0,0.0,0.0,0.0,0.0,1.4620483729813456e-43,0.0,0.0,0.0,0.0,0.0,0.0,0.0,0.0,0.0,0.0,0.0,0.0,0.0,0.0,0.0,0.0,0.0,0.0,0.0,0.0,1.217501482479114e-90,0.0,0.0,0.0,0.0,0.0,0.0,0.0,0.0,0.0,1.1365132941765375e-107,0.0,0.0,0.0,0.0,0.0,0.0,0.0,0.0,0.0,0.0,1.4892414296241849e-288,0.0,0.0,0.0,0.0,0.0,0.0,0.0,0.0,0.0,2.9446503667259367e-251,0.0,0.0,0.0,0.0,0.0,0.0,0.0,0.0,0.0,0.0,6.642858486732737e-266,0.0,0.0,0.0,0.0,0.0,0.0,0.0,0.0,0.0,0.0,0.0,0.0,0.0,0.0,0.0,0.0,0.0,0.0,0.0,0.0,0.0,0.0,0.0,0.0,0.0,0.0,0.0,0.0,0.0,5.233334976870135e-246,0.0,0.0,0.0,0.0,0.0,0.0,0.0,0.0,0.0,0.0,0.0,0.0,0.0,0.0,0.0,0.0,0.0,0.0,0.0,0.0,0.0,0.0,0.0,0.0,0.0,0.0,0.0,0.0,0.0,0.0,0.0,0.0,0.0,0.0,0.0,0.0,0.0,0.0,0.0,0.0,0.0,0.0,0.0,0.0,0.0,0.0,0.0,0.0,0.0,0.0,0.0,0.0,0.0,0.0,0.0,0.0,0.0,0.0,0.0,0.0,0.0,0.0,0.0,0.0,0.0,0.0,0.0,0.0,0.0,0.0,0.0,0.0,0.0,0.0,0.0,0.0,0.0
0.0,0.0,0.0,0.0,0.0,0.0,0.0,0.0,2.2439711076442827e-298,0.09202198981302012,0.0,0.0,0.0,0.0,0.0,0.0,0.0,0.0,0.0,0.0,1.4818370786042615e-204,0.002663091805531878,0.0,0.0,0.0,0.0,0.0,0.0,0.0,0.0,0.0,0.0,2.7417791318840425e-152,0.9053149183814481,0.0,0.0,0.0,0.0,0.0,0.0,0.0,0.0,0.0,0.0,0.0,0.0,0.0,0.0,0.0,0.0,0.0,0.0,0.0,0.0,0.0,0.0,0.0,0.0,0.0,0.0,0.0,0.0,0.0,0.0,0.0,0.0,0.0,0.0,0.0,0.0,0.0,0.0,0.0,0.0,0.0,0.0,0.0,0.0,0.0,0.0,0.0,0.0,0.0,0.0,0.0,0.0,0.0,0.0,0.0,0.0,0.0,0.0,0.0,0.0,0.0,0.0,0.0,0.0,0.0,0.0,0.0,0.0,0.0,0.0,0.0,0.0,0.0,0.0,0.0,0.0,0.0,0.0,0.0,0.0,0.0,0.0,0.0,0.0,0.0,0.0,0.0,0.0,0.0,0.0,0.0,0.0,0.0,0.0,0.0,0.0,0.0,0.0,0.0,0.0,0.0,0.0,0.0,0.0,0.0,0.0,0.0,0.0,0.0,0.0,0.0,0.0,0.0,0.0,0.0,0.0,0.0,0.0,0.0,0.0,0.0,0.0,0.0,0.0,0.0,0.0,0.0,0.0,0.0,0.0,0.0,0.0,0.0,0.0,0.0,0.0,0.0,0.0,0.0,0.0,0.0,0.0,0.0,0.0,0.0,0.0,0.0,0.0,0.0,0.0,0.0,0.0,0.0,0.0,0.0,0.0,0.0,0.0,0.0,0.0,0.0,0.0,0.0,0.0,0.0,0.0,0.0,0.0,0.0,0.0,0.0,0.0,0.0,0.0,0.0,0.0,0.0,0.0,0.0,0.0,0.0,0.0,0.0,0.0,0.0,0.0,0.0,0.0,0.0,0.0,0.0,0.0,0.0,0.0,0.0,0.0,0.0,0.0,0.0,0.0,0.0,0.0,0.0,0.0,0.0,0.0,0.0,0.0,0.0,0.0,0.0,0.0,0.0,0.0,0.0,0.0,0.0,0.0,0.0,0.0,0.0,0.0,0.0,0.0,0.0,0.0,0.0,0.0,0.0,0.0,0.0,0.0,0.0,0.0,0.0,0.0,0.0,0.0,0.0,0.0,0.0,0.0,0.0,0.0,0.0,0.0,0.0,0.0,0.0,0.0,0.0,0.0,0.0,0.0,0.0,0.0,0.0,0.0,0.0,0.0,0.0,0.0,0.0,0.0,0.0,0.0,0.0,0.0,0.0,0.0,0.0,0.0,0.0,0.0,0.0,0.0,0.0,0.0,0.0,0.0,0.0,0.0,0.0,0.0,0.0,0.0,0.0,0.0,0.0,0.0,0.0,0.0
0.0,0.0,0.0,1.159741245640189e-59,1.0873657467659937e-110,0.0,0.0,0.0,0.0,0.0,0.0,0.0,0.0,0.0,0.0,0.3802511700733723,3.1632262570695908e-49,0.0,0.0,0.0,0.0,0.0,0.0,0.0,0.0,0.0,0.0,0.5261248293124645,2.7680541598614514e-57,0.0,0.0,0.0,0.0,0.0,0.0,0.0,0.0,0.0,0.0,0.061131736142369456,2.5221839546648034e-53,0.0,0.0,0.0,0.0,0.0,0.0,0.0,0.0,0.0,0.0,0.018878088474269725,4.303264283301173e-84,0.0,0.0,0.0,0.0,0.0,0.0,0.0,0.0,0.0,0.0,0.00459234721846407,4.3649650974908394e-38,0.0,0.0,0.0,0.0,0.0,0.0,0.0,0.0,0.0,0.0,4.9898115617146874e-5,6.641916625430872e-168,0.0,0.0,0.0,0.0,0.0,0.0,0.0,0.0,0.0,0.0,9.216846353168441e-9,1.4858094271761563e-56,0.0,0.0,0.0,0.0,0.0,0.0,0.0,0.0,0.0,0.0003232173528542156,1.0837343865835909e-23,0.0,0.0,0.0,0.0,0.0,0.0,0.0,0.0,0.0,0.0,0.0029083749711193126,6.000599286957518e-103,0.0,0.0,0.0,0.0,0.0,0.0,0.0,0.0,0.0,2.398301357662445e-32,1.29316028997989e-106,0.0,0.0,0.0,0.0,0.0,0.0,0.0,0.0,2.5379151184002775e-12,2.1156173603880475e-20,0.0,0.0,0.0,0.0,0.0,0.0,0.0,0.0,0.0,6.771657905933273e-8,1.3509297327934935e-94,0.0,0.0,0.0,0.0,0.0,0.0,0.0,0.0,6.112265637403924e-14,5.726374647041266e-69,0.0,0.0,0.0,0.0,0.0,0.0,0.0,0.0,0.0,0.0005375492658978735,2.675262396365557e-41,0.0,0.0,0.0,0.0,0.0,0.0,0.0,0.0,0.0016914604065424636,1.8249967983706115e-105,0.0,0.0,0.0,0.0,0.0,0.0,0.0,0.0,0.0035112472377101514,1.406460243156725e-141,0.0,0.0,0.0,0.0,0.0,0.0,0.0,0.0,0.0,4.493294307467875e-9,3.542517407478885e-65,0.0,0.0,0.0,0.0,0.0,0.0,0.0,0.0,6.586387219290213e-36,1.9503669537803815e-89,0.0,0.0,0.0,0.0,0.0,0.0,0.0,0.0,7.550413250382355e-18,1.5818501304683724e-201,0.0,0.0,0.0,0.0,0.0,0.0,0.0,0.0,9.976228814402749e-45,1.9589982635931015e-23,0.0,0.0,0.0,0.0,0.0,0.0,0.0,0.0,4.7659841661123234e-48,2.8579568430298197e-186,0.0,0.0,0.0,0.0,0.0,0.0,0.0,0.0,0.0,3.317569452498059e-61,1.3214784967594623e-161,0.0,0.0,0.0,0.0,0.0,0.0,0.0,4.391353700156346e-63,5.311237385324036e-133,0.0,0.0,0.0,0.0,0.0,0.0,0.0,0.0,2.5529037046885163e-53,6.521317875201191e-227,0.0,0.0,0.0,0.0,0.0,0.0,0.0,3.1649726985896373e-91,9.784127127585592e-129,0.0,0.0,0.0,0.0,0.0,0.0,3.6768379140585124e-57,3.7921142856433e-132,0.0,0.0,0.0,0.0,0.0,0.0,0.0,4.231676538490443e-65,1.4023626199451498e-257,0.0,0.0,0.0,0.0,0.0,0.0,2.1072343259729818e-145,7.905512752904539e-224,0.0,0.0,0.0,0.0,0.0,0.0,1.3210502450000749e-169,0.0,0.0,0.0,0.0,1.752542430659053e-115,0.0,0.0,0.0,0.0,2.6167164139741844e-157,0.0,0.0,0.0,0.0,0.0,0.0,0.0,1.3250408684473332e-179,0.0
0.0,0.0,0.0,0.0,0.0,0.0,0.0,0.0,0.0,0.0,0.0,0.0,0.0,0.0,0.0,0.0,8.369946603303167e-6,4.558226026309347e-118,0.0,0.0,0.0,0.0,0.0,0.0,0.0,0.0,0.0,0.0,0.22699436007650123,5.2363312302058915e-55,0.0,0.0,0.0,0.0,0.0,0.0,0.0,0.0,0.0,0.0,0.28857362252555363,1.7481395549982028e-35,0.0,0.0,0.0,0.0,0.0,0.0,0.0,0.0,0.0,0.0,0.15421367004970868,3.53327297764534e-45,0.0,0.0,0.0,0.0,0.0,0.0,0.0,0.0,0.0,0.0,0.07913561673379657,3.8820576400125097e-50,0.0,0.0,0.0,0.0,0.0,0.0,0.0,0.0,0.0,0.0,0.05578076799089449,3.841055928484428e-21,0.0,0.0,0.0,0.0,0.0,0.0,0.0,0.0,0.0,0.0,0.039734698902685064,8.689597269500543e-36,0.0,0.0,0.0,0.0,0.0,0.0,0.0,0.0,0.0,0.01954869475490909,8.270878449135966e-141,0.0,0.0,0.0,0.0,0.0,0.0,0.0,0.0,0.0,0.0,0.010588364918155424,1.596797391369821e-63,0.0,0.0,0.0,0.0,0.0,0.0,0.0,0.0,0.0,0.009628371539572987,8.820901271697268e-52,0.0,0.0,0.0,0.0,0.0,0.0,0.0,0.0,0.0013523756648752218,1.0458132167971197e-19,0.0,0.0,0.0,0.0,0.0,0.0,0.0,0.0,0.0,0.0059393636132797165,1.1010033691167417e-11,0.0,0.0,0.0,0.0,0.0,0.0,0.0,0.0,0.011206052606655694,4.837910979910792e-62,0.0,0.0,0.0,0.0,0.0,0.0,0.0,0.0,0.0,0.01804725725677168,6.825776330037896e-36,0.0,0.0,0.0,0.0,0.0,0.0,0.0,0.0,0.014511552377035079,1.2998931573517863e-37,0.0,0.0,0.0,0.0,0.0,0.0,0.0,0.0,0.0008730386703310932,1.888158921924018e-54,0.0,0.0,0.0,0.0,0.0,0.0,0.0,0.0,0.0,0.02913697746889859,1.900976985201339e-64,0.0,0.0,0.0,0.0,0.0,0.0,0.0,0.0,0.01652549101455434,3.410420904691433e-61,0.0,0.0,0.0,0.0,0.0,0.0,0.0,0.0,0.009844027322078074,6.298746661557054e-67,0.0,0.0,0.0,0.0,0.0,0.0,0.0,0.0,2.0339348678910444e-31,7.731985342218332e-84,0.0,0.0,0.0,0.0,0.0,0.0,0.0,0.0,0.003462822353735083,5.4899789823535685e-53,0.0,0.0,0.0,0.0,0.0,0.0,0.0,0.0,0.0,0.0048909714460559596,3.099392829138599e-89,0.0,0.0,0.0,0.0,0.0,0.0,0.0,1.3349020967650775e-25,9.899755181686048e-106,0.0,0.0,0.0,0.0,0.0,0.0,0.0,0.0,2.4729540733910545e-31,3.936132030770401e-112,0.0,0.0,0.0,0.0,0.0,0.0,0.0,2.801227821633183e-15,3.7755075138347105e-28,0.0,0.0,0.0,0.0,0.0,0.0,1.618852029685728e-32,2.6115961029992297e-30,0.0,0.0,0.0,0.0,0.0,0.0,0.0,9.971978785768286e-21,0.0,0.0,0.0,0.0,0.0,0.0,0.0,3.299330048973425e-52,3.0593848370148512e-43,0.0,0.0,0.0,0.0,0.0,3.137746275987895e-98,0.0,0.0,0.0,0.0,0.0,8.339764399688569e-184,0.0,0.0,0.0,0.0,3.5327563362425465e-6,0.0,0.0,0.0,0.0,0.0,0.0,0.0,0.0
0.0,0.0,0.0,0.0,0.0,0.0,0.0,0.0,0.0,0.0,5.219126887472112e-38,1.9066870464328773e-79,0.0,0.0,0.0,0.0,0.0,0.0,0.0,0.0,0.0,0.0,3.808047453582503e-11,2.9769724437478344e-37,0.0,0.0,0.0,0.0,0.0,0.0,0.0,0.0,0.0,0.0,0.5004942262242017,5.452185907501144e-19,0.0,0.0,0.0,0.0,0.0,0.0,0.0,0.0,0.0,0.0,0.1094017436076928,3.034024925549133e-44,0.0,0.0,0.0,0.0,0.0,0.0,0.0,0.0,0.0,0.0,0.07327091302582188,2.6536456643723743e-17,0.0,0.0,0.0,0.0,0.0,0.0,0.0,0.0,0.0,0.0,0.031056146425142647,1.7804807623837384e-19,0.0,0.0,0.0,0.0,0.0,0.0,0.0,0.0,0.0,0.0,0.025098875319090077,5.672371985438031e-63,0.0,0.0,0.0,0.0,0.0,0.0,0.0,0.0,0.0,0.05637292428951652,0.020169529700772803,0.0,0.0,0.0,0.0,0.0,0.0,0.0,0.0,0.0,0.0,0.049982730369167394,1.5036623715319272e-64,0.0,0.0,0.0,0.0,0.0,0.0,0.0,0.0,0.0,0.017591697936988875,2.582246314214927e-6,0.0,0.0,0.0,0.0,0.0,0.0,0.0,0.0,0.031392595911936036,6.4946249127294826e-34,0.0,0.0,0.0,0.0,0.0,0.0,0.0,0.0,0.0,0.031222759349097278,1.6247771191267598e-12,0.0,0.0,0.0,0.0,0.0,0.0,0.0,0.0,0.0,0.0,0.0,0.0,0.0,0.0,0.0,0.0,0.0,0.0,0.0,0.0,0.0046414361721950365,0.0,0.0,0.0,0.0,0.0,0.0,0.0,0.0,0.006278519182387207,0.0,0.0,0.0,0.0,0.0,0.0,0.0,0.0,0.0,0.0,1.8852319698966828e-6,0.0,0.0,0.0,0.0,0.0,0.0,0.0,0.0,0.0,0.006278519182387207,0.0,0.0,0.0,0.0,0.0,0.0,0.0,0.0,0.0,0.006278519182387206,0.0,0.0,0.0,0.0,0.0,0.0,0.0,0.0,0.0,0.006278519182387207,0.0,0.0,0.0,0.0,0.0,0.0,0.0,0.0,0.0,0.0,0.0,0.0,0.0,0.0,0.0,0.0,0.0,0.0,0.0,0.0,0.0,0.0,0.0,0.0,0.0,0.0,0.0,0.0,0.0,0.0,0.006278519182387207,0.0,0.0,0.0,0.0,0.0,0.0,0.0,0.0,0.006278519182387207,0.0,0.0,0.0,0.0,0.0,0.0,0.0,0.0,0.0,0.0,0.0,0.0,0.0,0.0,0.0,0.0,0.0,0.0,0.006278519182387207,0.0,0.0,0.0,0.0,0.0,0.0,0.0,0.0,0.005350319873677237,0.0,0.0,0.0,0.0,0.0,0.0,0.0,0.0,0.0,0.0,0.0,0.0,0.0,0.0,0.0,0.0,0.0,0.0,0.0,0.0,0.0,0.0,0.0,0.0,0.0,0.0,0.0,0.0,0.0,0.0,0.0,0.0,0.0,0.0,0.0,0.0,0.0,0.0,0.0,0.0,0.0,0.0,0.0,0.0,0.0,0.0,0.0,0.0
0.0,0.0,0.0,0.0,0.0,0.0,0.0,0.0,0.0008190856913321458,0.0,0.0,0.0,0.0,0.0,0.0,0.0,0.0,0.0,0.0,0.0,0.6356839261524202,0.0,0.0,0.0,0.0,0.0,0.0,0.0,0.0,0.0,0.0,0.0,0.36349698815624776,0.0,0.0,0.0,0.0,0.0,0.0,0.0,0.0,0.0,0.0,0.0,0.0,0.0,0.0,0.0,0.0,0.0,0.0,0.0,0.0,0.0,0.0,0.0,0.0,0.0,0.0,0.0,0.0,0.0,0.0,0.0,0.0,0.0,0.0,0.0,0.0,0.0,0.0,0.0,0.0,0.0,0.0,0.0,0.0,0.0,0.0,0.0,0.0,0.0,0.0,0.0,0.0,0.0,0.0,0.0,0.0,0.0,0.0,0.0,0.0,0.0,0.0,0.0,0.0,0.0,0.0,0.0,0.0,0.0,0.0,0.0,0.0,0.0,0.0,0.0,0.0,0.0,0.0,0.0,0.0,0.0,0.0,0.0,0.0,0.0,0.0,0.0,0.0,0.0,0.0,0.0,0.0,0.0,0.0,0.0,0.0,0.0,0.0,0.0,0.0,0.0,0.0,0.0,0.0,0.0,0.0,0.0,0.0,0.0,0.0,0.0,0.0,0.0,0.0,0.0,0.0,0.0,0.0,0.0,0.0,0.0,0.0,0.0,0.0,0.0,0.0,0.0,0.0,0.0,0.0,0.0,0.0,0.0,0.0,0.0,0.0,0.0,0.0,0.0,0.0,0.0,0.0,0.0,0.0,0.0,0.0,0.0,0.0,0.0,0.0,0.0,0.0,0.0,0.0,0.0,0.0,0.0,0.0,0.0,0.0,0.0,0.0,0.0,0.0,0.0,0.0,0.0,0.0,0.0,0.0,0.0,0.0,0.0,0.0,0.0,0.0,0.0,0.0,0.0,0.0,0.0,0.0,0.0,0.0,0.0,0.0,0.0,0.0,0.0,0.0,0.0,0.0,0.0,0.0,0.0,0.0,0.0,0.0,0.0,0.0,0.0,0.0,0.0,0.0,0.0,0.0,0.0,0.0,0.0,0.0,0.0,0.0,0.0,0.0,0.0,0.0,0.0,0.0,0.0,0.0,0.0,0.0,0.0,0.0,0.0,0.0,0.0,0.0,0.0,0.0,0.0,0.0,0.0,0.0,0.0,0.0,0.0,0.0,0.0,0.0,0.0,0.0,0.0,0.0,0.0,0.0,0.0,0.0,0.0,0.0,0.0,0.0,0.0,0.0,0.0,0.0,0.0,0.0,0.0,0.0,0.0,0.0,0.0,0.0,0.0,0.0,0.0,0.0,0.0,0.0,0.0,0.0,0.0,0.0,0.0,0.0,0.0,0.0,0.0,0.0,0.0,0.0,0.0,0.0,0.0,0.0,0.0,0.0,0.0,0.0,0.0,0.0,0.0
0.0,0.0,0.0,0.0,0.0,0.0,0.0,0.0,0.0,0.0,0.0,0.0,0.0,0.0,0.0,0.0,4.1815536653370736e-114,0.0001061460343045164,4.688112866127405e-187,0.0,0.0,0.0,0.0,0.0,0.0,0.0,0.0,0.0,8.211938649508733e-68,1.5298907283013042e-7,2.2848262121813e-311,0.0,0.0,0.0,0.0,0.0,0.0,0.0,0.0,0.0,7.833909032127477e-62,0.15618007695767436,1.6595777270580511e-186,0.0,0.0,0.0,0.0,0.0,0.0,0.0,0.0,0.0,3.959215845777015e-60,0.1996068412230506,1.3911034205083873e-175,0.0,0.0,0.0,0.0,0.0,0.0,0.0,0.0,0.0,5.47233926778801e-95,0.10640276394795369,4.1522551891337583e-193,0.0,0.0,0.0,0.0,0.0,0.0,0.0,0.0,0.0,4.1033664591149337e-35,0.044288624830442117,1.7665585513880766e-189,0.0,0.0,0.0,0.0,0.0,0.0,0.0,0.0,0.0,1.9548837833223846e-65,0.032969578685491725,2.2323343476043695e-191,0.0,0.0,0.0,0.0,0.0,0.0,0.0,0.0,1.2557863073819263e-61,0.03682301794570863,0.0,0.0,0.0,0.0,0.0,0.0,0.0,0.0,0.0,0.0,2.0585323035957696e-46,0.03651942562988091,5.368406442154569e-281,0.0,0.0,0.0,0.0,0.0,0.0,0.0,0.0,1.771946798312966e-48,0.06140843680558614,1.1702329593886749e-181,0.0,0.0,0.0,0.0,0.0,0.0,0.0,1.994136647622228e-61,0.03171606679187471,7.998677e-317,0.0,0.0,0.0,0.0,0.0,0.0,0.0,0.0,4.32748065741042e-42,0.01612495250702601,3.354064432075339e-237,0.0,0.0,0.0,0.0,0.0,0.0,0.0,4.5267194359387867e-63,0.013048025618655814,5.722375284862095e-57,0.0,0.0,0.0,0.0,0.0,0.0,0.0,0.0,7.072734430809951e-57,0.02641374984580461,3.873448276929282e-308,0.0,0.0,0.0,0.0,0.0,0.0,0.0,1.035167663612417e-53,0.020462036951681216,0.0,0.0,0.0,0.0,0.0,0.0,0.0,0.0,9.0704885064396e-58,0.01644782611841165,1.157402292717397e-180,0.0,0.0,0.0,0.0,0.0,0.0,0.0,0.0,1.0904166642777306e-47,0.03953796625590962,2.61644955e-315,0.0,0.0,0.0,0.0,0.0,0.0,0.0,5.346112870267599e-50,0.021928265686692615,0.0,0.0,0.0,0.0,0.0,0.0,0.0,0.0,5.562140925574711e-43,0.022528526850769635,0.0,0.0,0.0,0.0,0.0,0.0,0.0,0.0,0.0,0.013061375720625046,1.7834439836587788e-226,0.0,0.0,0.0,0.0,0.0,0.0,0.0,3.8795636299858722e-50,0.024553100145214685,0.0,0.0,0.0,0.0,0.0,0.0,0.0,0.0,0.0,4.743820822037878e-70,0.024553100145214685,0.0,0.0,0.0,0.0,0.0,0.0,0.0,2.7988077103044883e-73,0.01578413580763801,0.0,0.0,0.0,0.0,0.0,0.0,0.0,0.0,0.0,0.005261378602546003,0.0,0.0,0.0,0.0,0.0,0.0,0.0,4.4315464660264654e-73,0.008909299691939146,0.0,0.0,0.0,0.0,0.0,0.0,3.266969550681951e-68,0.017537928675153344,0.0,0.0,0.0,0.0,0.0,0.0,0.0,2.0677808150648233e-93,0.002576656355989832,1.0087141121605932e-227,0.0,0.0,0.0,0.0,0.0,0.0,0.0035075857350306693,0.0,0.0,0.0,0.0,0.0,0.0,0.0,0.0,0.0,0.0,0.0,0.0,0.0,0.0,0.0,0.0,0.001742957444657329,0.0,0.0,0.0,0.0,0.0,0.0,0.0,0.0
0.0,0.0,0.0,0.0,0.0,0.0,0.0,8.490772101685583e-152,5.670771558849764e-19,0.0,0.0,0.0,0.0,0.0,0.0,0.0,0.0,0.0,0.0,4.8824323396068695e-61,0.29970887700744014,0.0,0.0,0.0,0.0,0.0,0.0,0.0,0.0,0.0,0.0,7.919584860580193e-62,0.7002718474811536,0.0,0.0,0.0,0.0,0.0,0.0,0.0,0.0,0.0,0.0,1.895030930499912e-111,9.252855831866421e-36,0.0,0.0,0.0,0.0,0.0,0.0,0.0,0.0,0.0,0.0,0.0,1.9275511405987935e-5,0.0,0.0,0.0,0.0,0.0,0.0,0.0,0.0,0.0,0.0,0.0,0.0,0.0,0.0,0.0,0.0,0.0,0.0,0.0,0.0,0.0,0.0,0.0,0.0,0.0,0.0,0.0,0.0,0.0,0.0,0.0,0.0,0.0,0.0,0.0,0.0,0.0,0.0,0.0,0.0,0.0,0.0,0.0,0.0,0.0,0.0,0.0,0.0,0.0,0.0,0.0,0.0,0.0,0.0,0.0,0.0,0.0,0.0,0.0,0.0,0.0,0.0,0.0,0.0,0.0,0.0,0.0,0.0,0.0,0.0,0.0,0.0,0.0,0.0,0.0,0.0,0.0,0.0,0.0,4.374373299484652e-55,0.0,0.0,0.0,0.0,0.0,0.0,0.0,0.0,0.0,0.0,0.0,0.0,0.0,0.0,0.0,0.0,0.0,0.0,0.0,1.01501526124822e-18,0.0,0.0,0.0,0.0,0.0,0.0,0.0,0.0,0.0,0.0,0.0,0.0,0.0,0.0,0.0,0.0,0.0,0.0,0.0,0.0,0.0,0.0,0.0,0.0,0.0,0.0,0.0,0.0,0.0,0.0,0.0,0.0,0.0,0.0,0.0,0.0,0.0,0.0,0.0,0.0,0.0,0.0,0.0,0.0,0.0,0.0,0.0,0.0,0.0,0.0,0.0,0.0,0.0,0.0,0.0,0.0,0.0,0.0,0.0,0.0,0.0,0.0,0.0,0.0,0.0,0.0,0.0,0.0,0.0,0.0,0.0,0.0,0.0,0.0,0.0,0.0,0.0,0.0,0.0,0.0,0.0,0.0,0.0,0.0,0.0,0.0,0.0,0.0,0.0,0.0,0.0,0.0,0.0,0.0,0.0,0.0,0.0,0.0,0.0,0.0,0.0,0.0,0.0,0.0,0.0,0.0,0.0,0.0,0.0,0.0,0.0,0.0,0.0,0.0,0.0,0.0,0.0,0.0,0.0,0.0,0.0,0.0,0.0,0.0,0.0,0.0,0.0,0.0,0.0,0.0,0.0,0.0,0.0,0.0,0.0,0.0,0.0,0.0,0.0,0.0,0.0,0.0,0.0,0.0,0.0,0.0,0.0,0.0,0.0,0.0,0.0,0.0,0.0,0.0,0.0,0.0,0.0,0.0,0.0,0.0,0.0,0.0,0.0,0.0,0.0,0.0,0.0,0.0,0.0
0.0,0.0,5.96645571709032e-96,0.03852940700983046,1.3508945349647275e-97,0.0,0.0,0.0,0.0,0.0,0.0,0.0,0.0,0.0,1.782620499047962e-74,0.7749471812497205,4.115318808309275e-118,0.0,0.0,0.0,0.0,0.0,0.0,0.0,0.0,0.0,1.6199988785869448e-59,0.16654410297159908,5.625164708088157e-132,0.0,0.0,0.0,0.0,0.0,0.0,0.0,0.0,0.0,2.682028496429475e-62,0.004943980299274248,2.8370699017794868e-160,0.0,0.0,0.0,0.0,0.0,0.0,0.0,0.0,0.0,0.0,0.0040528288531288,0.0,0.0,0.0,0.0,0.0,0.0,0.0,0.0,0.0,0.0,6.198278027634145e-157,1.1115652283191178e-49,8.107272281437127e-237,0.0,0.0,0.0,0.0,0.0,0.0,0.0,0.0,0.0,0.0,0.006129795617497418,0.0,0.0,0.0,0.0,0.0,0.0,0.0,0.0,0.0,0.0,3.830179934611868e-171,0.001861808744062253,0.0,0.0,0.0,0.0,0.0,0.0,0.0,0.0,0.0,0.0,0.002990895254850857,2.7155833857e-314,0.0,0.0,0.0,0.0,0.0,0.0,0.0,0.0,0.0,1.8098963840497702e-160,3.471889318291795e-73,0.0,0.0,0.0,0.0,0.0,0.0,0.0,0.0,0.0,5.496640613575138e-42,5.727432106559399e-106,0.0,0.0,0.0,0.0,0.0,0.0,0.0,0.0,0.0,5.7600675733574615e-87,4.878119800190419e-289,0.0,0.0,0.0,0.0,0.0,0.0,0.0,0.0,1.6445183884044068e-101,1.1586396281939176e-118,0.0,0.0,0.0,0.0,0.0,0.0,0.0,0.0,9.056576299793871e-102,1.7647424512484012e-61,0.0,0.0,0.0,0.0,0.0,0.0,0.0,0.0,0.0,0.0,5.248218289693679e-23,0.0,0.0,0.0,0.0,0.0,0.0,0.0,0.0,0.0,3.652187479845381e-14,3.466849807628402e-39,0.0,0.0,0.0,0.0,0.0,0.0,0.0,4.7133941477632956e-241,1.0296633236076076e-70,0.0,0.0,0.0,0.0,0.0,0.0,0.0,0.0,0.0,0.0,2.6933536415003576e-59,4.407170055718338e-161,0.0,0.0,0.0,0.0,0.0,0.0,0.0,4.6474737841836865e-156,9.170186408854149e-235,0.0,0.0,0.0,0.0,0.0,0.0,0.0,0.0,0.0,3.6565282900574034e-79,0.0,0.0,0.0,0.0,0.0,0.0,0.0,0.0,1.1099354400329603e-260,5.958193145535338e-131,3.466595947129442e-222,0.0,0.0,0.0,0.0,0.0,0.0,0.0,2.6279294112986364e-298,1.5099682710146136e-89,0.0,0.0,0.0,0.0,0.0,0.0,0.0,0.0,0.0,0.0,2.7610898207049908e-183,4.25e-322,0.0,0.0,0.0,0.0,0.0,0.0,0.0,7.868842216686389e-251,0.0,0.0,0.0,0.0,0.0,0.0,0.0,0.0,0.0,3.158370927901674e-202,0.0,0.0,0.0,0.0,0.0,0.0,0.0,0.0,4.549119724433351e-199,0.0,0.0,0.0,0.0,0.0,0.0,0.0,2.86367192743932e-42,0.0,0.0,0.0,0.0,0.0,0.0,0.0,2.2399990838002922e-166,3.3751136681254985e-177,0.0,0.0,0.0,0.0,0.0,0.0,7.302479258432948e-258,0.0,0.0,0.0,0.0,0.0,0.0,7.020858682909675e-291,0.0,0.0,0.0,0.0,0.0,0.0,3.0272984304705075e-275,0.0,0.0,0.0,0.0,0.0,0.0,0.0,0.0,0.0,0.0,0.0,0.0,0.0,0.0
0.0,4.630476231513044e-130,7.604308667161782e-203,0.0,0.0,0.0,0.0,0.0,0.0,0.0,0.0,0.0,0.0,0.06129031910400881,2.034370919471259e-49,0.0,0.0,0.0,0.0,0.0,0.0,0.0,0.0,0.0,0.0,0.3492629523118046,2.23979336387999e-42,0.0,0.0,0.0,0.0,0.0,0.0,0.0,0.0,0.0,0.0,0.16912595398914768,3.1906879276863517e-55,0.0,0.0,0.0,0.0,0.0,0.0,0.0,0.0,0.0,0.0,0.0611574036820618,2.6320110615926386e-12,0.0,0.0,0.0,0.0,0.0,0.0,0.0,0.0,0.0,0.0,0.019026300204638497,1.8994817872531368e-14,0.0,0.0,0.0,0.0,0.0,0.0,0.0,0.0,0.0,0.0,0.03619734577111718,1.5247102930675873e-26,0.0,0.0,0.0,0.0,0.0,0.0,0.0,0.0,0.0,0.0,0.04240600383506664,1.6983173837871614e-38,0.0,0.0,0.0,0.0,0.0,0.0,0.0,0.0,0.0,0.024954730406226817,5.7742286410134816e-8,0.0,0.0,0.0,0.0,0.0,0.0,0.0,0.0,0.0,0.0,0.02306152287571674,1.765521016574354e-31,0.0,0.0,0.0,0.0,0.0,0.0,0.0,0.0,0.0,0.03488508534977524,3.161936732591336e-30,0.0,0.0,0.0,0.0,0.0,0.0,0.0,0.0,0.025106253132483793,2.680496480226442e-57,0.0,0.0,0.0,0.0,0.0,0.0,0.0,0.0,0.0,0.027882358079421306,8.671726402561684e-45,0.0,0.0,0.0,0.0,0.0,0.0,0.0,0.0,3.463368785529384e-12,2.0344741597985214e-5,0.0,0.0,0.0,0.0,0.0,0.0,0.0,0.0,0.0,0.023641600175621377,2.941757077450703e-36,0.0,0.0,0.0,0.0,0.0,0.0,0.0,0.0,0.013295913142526119,4.69805239738748e-52,0.0,0.0,0.0,0.0,0.0,0.0,0.0,0.0,0.006003784303018459,1.338517791210376e-73,0.0,0.0,0.0,0.0,0.0,0.0,0.0,0.0,0.0,0.0010821630327565626,2.0202780102810547e-29,0.0,0.0,0.0,0.0,0.0,0.0,0.0,0.0,0.006369742769437311,7.974851385982947e-32,0.0,0.0,0.0,0.0,0.0,0.0,0.0,0.0,4.7166184798966366e-34,6.311568563809654e-22,0.0,0.0,0.0,0.0,0.0,0.0,0.0,0.0,6.521784153692773e-36,4.4148289802955253e-110,0.0,0.0,0.0,0.0,0.0,0.0,0.0,0.0,0.003585771549813197,1.5270615348302585e-76,0.0,0.0,0.0,0.0,0.0,0.0,0.0,0.0,0.0,3.826615936970173e-18,1.0297664183889329e-62,0.0,0.0,0.0,0.0,0.0,0.0,0.0,0.015142768785873346,1.1519558696175928e-86,0.0,0.0,0.0,0.0,0.0,0.0,0.0,0.0,7.990735999931324e-29,7.463630776265411e-17,0.0,0.0,0.0,0.0,0.0,0.0,0.0,0.026319907068102884,2.037825966965508e-75,0.0,0.0,0.0,0.0,0.0,0.0,0.016345040893723236,6.854824424461251e-27,0.0,0.0,0.0,0.0,0.0,0.0,0.0,0.005840493611516583,2.2454339746122247e-26,0.0,0.0,0.0,0.0,0.0,0.0,3.944792606398831e-66,7.461305653601968e-7,0.0,0.0,0.0,0.0,0.0,0.005283479747691995,2.0864580802906113e-41,0.0,0.0,0.0,0.0,1.2752986047337533e-194,4.505913126398519e-19,0.0,0.0,0.0,0.0027119575578856076,0.0,0.0,0.0,0.0,0.0,0.0,0.0,0.0,0.0,0.0,0.0
0.0,0.0,0.0,0.0,0.0,0.0,0.0,0.0,0.0,1.3051705618323896e-36,0.0,0.0,0.0,0.0,0.0,0.0,0.0,0.0,0.0,0.0,0.0,0.0014554450573493242,0.0,0.0,0.0,0.0,0.0,0.0,0.0,0.0,0.0,0.0,0.0,0.9613635447941002,0.0,0.0,0.0,0.0,0.0,0.0,0.0,0.0,0.0,0.0,0.0,2.9827956978277844e-9,0.0,0.0,0.0,0.0,0.0,0.0,0.0,0.0,0.0,0.0,0.0,0.0,0.0,0.0,0.0,0.0,0.0,0.0,0.0,0.0,0.0,0.0,0.0,0.009616640622433892,0.0,0.0,0.0,0.0,0.0,0.0,0.0,0.0,0.0,0.0,0.0,0.008331085298453028,0.0,0.0,0.0,0.0,0.0,0.0,0.0,0.0,0.0,0.0,0.019233281244867784,0.0,0.0,0.0,0.0,0.0,0.0,0.0,0.0,0.0,0.0,0.0,0.0,0.0,0.0,0.0,0.0,0.0,0.0,0.0,0.0,0.0,0.0,0.0,0.0,0.0,0.0,0.0,0.0,0.0,0.0,0.0,0.0,0.0,0.0,0.0,0.0,0.0,0.0,0.0,0.0,0.0,0.0,0.0,0.0,0.0,0.0,0.0,0.0,0.0,0.0,0.0,0.0,0.0,0.0,0.0,0.0,0.0,0.0,0.0,0.0,0.0,0.0,0.0,0.0,0.0,0.0,0.0,0.0,0.0,0.0,0.0,0.0,0.0,0.0,0.0,0.0,0.0,0.0,0.0,0.0,0.0,0.0,0.0,0.0,0.0,0.0,0.0,0.0,0.0,0.0,0.0,0.0,0.0,0.0,0.0,0.0,0.0,0.0,0.0,0.0,0.0,0.0,0.0,0.0,0.0,0.0,0.0,0.0,0.0,0.0,0.0,0.0,0.0,0.0,0.0,0.0,0.0,0.0,0.0,0.0,0.0,0.0,0.0,0.0,0.0,0.0,0.0,0.0,0.0,0.0,0.0,0.0,0.0,0.0,0.0,0.0,0.0,0.0,0.0,0.0,0.0,0.0,0.0,0.0,0.0,0.0,0.0,0.0,0.0,0.0,0.0,0.0,0.0,0.0,0.0,0.0,0.0,0.0,0.0,0.0,0.0,0.0,0.0,0.0,0.0,0.0,0.0,0.0,0.0,0.0,0.0,0.0,0.0,0.0,0.0,0.0,0.0,0.0,0.0,0.0,0.0,0.0,0.0,0.0,0.0,0.0,0.0,0.0,0.0,0.0,0.0,0.0,0.0,0.0,0.0,0.0,0.0,0.0,0.0,0.0,0.0,0.0,0.0,0.0,0.0,0.0,0.0,0.0,0.0,0.0,0.0,0.0,0.0,0.0,0.0,0.0,0.0,0.0,0.0,0.0,0.0,0.0,0.0,0.0,0.0,0.0,0.0,0.0,0.0,0.0,0.0,0.0,0.0
0.0,0.0,0.0,0.0,0.0,0.0,0.0,0.0,0.02490591978937645,0.0,0.0,0.0,0.0,0.0,0.0,0.0,0.0,0.0,0.0,0.0,0.9107322518960493,0.0,0.0,0.0,0.0,0.0,0.0,0.0,0.0,0.0,0.0,0.0,0.0643618283145742,0.0,0.0,0.0,0.0,0.0,0.0,0.0,0.0,0.0,0.0,0.0,0.0,0.0,0.0,0.0,0.0,0.0,0.0,0.0,0.0,0.0,0.0,0.0,0.0,0.0,0.0,0.0,0.0,0.0,0.0,0.0,0.0,0.0,0.0,0.0,0.0,0.0,0.0,0.0,0.0,0.0,0.0,0.0,0.0,0.0,0.0,0.0,0.0,0.0,0.0,0.0,0.0,0.0,0.0,0.0,0.0,0.0,0.0,0.0,0.0,0.0,0.0,0.0,0.0,0.0,0.0,0.0,0.0,0.0,0.0,0.0,0.0,0.0,0.0,0.0,0.0,0.0,0.0,0.0,0.0,0.0,0.0,0.0,0.0,0.0,0.0,0.0,0.0,0.0,0.0,0.0,0.0,0.0,0.0,0.0,0.0,0.0,0.0,0.0,0.0,0.0,0.0,0.0,0.0,0.0,0.0,0.0,0.0,0.0,0.0,0.0,0.0,0.0,0.0,0.0,0.0,0.0,0.0,0.0,0.0,0.0,0.0,0.0,0.0,0.0,0.0,0.0,0.0,0.0,0.0,0.0,0.0,0.0,0.0,0.0,0.0,0.0,0.0,0.0,0.0,0.0,0.0,0.0,0.0,0.0,0.0,0.0,0.0,0.0,0.0,0.0,0.0,0.0,0.0,0.0,0.0,0.0,0.0,0.0,0.0,0.0,0.0,0.0,0.0,0.0,0.0,0.0,0.0,0.0,0.0,0.0,0.0,0.0,0.0,0.0,0.0,0.0,0.0,0.0,0.0,0.0,0.0,0.0,0.0,0.0,0.0,0.0,0.0,0.0,0.0,0.0,0.0,0.0,0.0,0.0,0.0,0.0,0.0,0.0,0.0,0.0,0.0,0.0,0.0,0.0,0.0,0.0,0.0,0.0,0.0,0.0,0.0,0.0,0.0,0.0,0.0,0.0,0.0,0.0,0.0,0.0,0.0,0.0,0.0,0.0,0.0,0.0,0.0,0.0,0.0,0.0,0.0,0.0,0.0,0.0,0.0,0.0,0.0,0.0,0.0,0.0,0.0,0.0,0.0,0.0,0.0,0.0,0.0,0.0,0.0,0.0,0.0,0.0,0.0,0.0,0.0,0.0,0.0,0.0,0.0,0.0,0.0,0.0,0.0,0.0,0.0,0.0,0.0,0.0,0.0,0.0,0.0,0.0,0.0,0.0,0.0,0.0,0.0,0.0,0.0,0.0,0.0,0.0,0.0,0.0,0.0,0.0,0.0,0.0,0.0,0.0,0.0,0.0
0.0,0.0,0.0,0.0,0.0,0.0,1.5175953041518792e-231,7.7784072735122945e-115,0.0,0.0,0.0,0.0,0.0,0.0,0.0,0.0,0.0,0.0,9.99557721252661e-68,0.05585331122748149,1.1810434425688266e-255,0.0,0.0,0.0,0.0,0.0,0.0,0.0,0.0,0.0,7.38375547608889e-47,0.6470707235533265,8.779499006200977e-230,0.0,0.0,0.0,0.0,0.0,0.0,0.0,0.0,0.0,6.071274849160383e-51,0.22616862422175044,1.223427600653254e-57,0.0,0.0,0.0,0.0,0.0,0.0,0.0,0.0,0.0,1.2830404155921173e-45,0.01797369365640217,1.5143686900334749e-119,0.0,0.0,0.0,0.0,0.0,0.0,0.0,0.0,0.0,2.0392683633027222e-119,0.009497221055394443,0.0,0.0,0.0,0.0,0.0,0.0,0.0,0.0,0.0,0.0,8.748597713093835e-129,0.00748903902350146,0.0,0.0,0.0,0.0,0.0,0.0,0.0,0.0,0.0,0.0,0.0,0.008986846828201354,0.0,0.0,0.0,0.0,0.0,0.0,0.0,0.0,0.0,0.0,0.001497807804700292,0.0,0.0,0.0,0.0,0.0,0.0,0.0,0.0,0.0,0.0,0.0,0.00748903902350146,0.0,0.0,0.0,0.0,0.0,0.0,0.0,0.0,0.0,0.0,0.001497807804700292,0.0,0.0,0.0,0.0,0.0,0.0,0.0,0.0,1.1788119725042685e-86,0.001497807804700292,4.793398821242998e-79,0.0,0.0,0.0,0.0,0.0,0.0,0.0,0.0,2.0933557175856472e-63,0.001497807804700292,0.0,0.0,0.0,0.0,0.0,0.0,0.0,0.0,0.0,0.0029956155587374726,0.0,0.0,0.0,0.0,0.0,0.0,0.0,0.0,0.0,0.0,6.796764453904216e-66,0.0,0.0,0.0,0.0,0.0,0.0,0.0,0.0,1.3663782172135377e-65,0.001497807804700292,0.0,0.0,0.0,0.0,0.0,0.0,0.0,0.0,0.0,0.0,0.0,0.0,0.0,0.0,0.0,0.0,0.0,0.0,0.0,0.0,0.002995615609400584,0.0,0.0,0.0,0.0,0.0,0.0,0.0,0.0,0.0,0.0014978078047002917,0.0,0.0,0.0,0.0,0.0,0.0,0.0,0.0,0.0,0.004493423414100876,0.0,0.0,0.0,0.0,0.0,0.0,0.0,0.0,0.0,0.0,0.0,0.0,0.0,0.0,0.0,0.0,0.0,0.0,0.0,0.0,0.0,0.0,0.0,0.0,0.0,0.0,0.0,0.0,0.0,5.610722739651667e-28,0.0,0.0,0.0,0.0,0.0,0.0,0.0,0.0,0.0,1.1846047940640168e-51,0.0,0.0,0.0,0.0,0.0,0.0,0.0,0.0,0.0,0.0,0.0,0.0,0.0,0.0,0.0,0.0,0.0,0.0,0.0,0.0,0.0,0.0,0.0,0.0,0.0,0.0,0.0,0.0,0.0,0.0,0.0,0.0,0.0,0.0,0.0,0.0,0.0,0.0,0.0,0.0,0.0,0.0,0.0,0.0,0.0,0.0,0.0,0.0,0.0,0.0,0.0,0.0,0.0,0.0,0.0,0.0,0.0,0.0,0.0,0.0,0.0,0.0,0.0,0.0,0.0,0.0,0.0
0.0,0.0,0.0,0.0,0.0,0.0,0.0,0.0,0.0,0.0,0.02313324806154963,1.1086556644060306e-84,0.0,0.0,0.0,0.0,0.0,0.0,0.0,0.0,0.0,0.0,0.7730210109995646,6.81672008566205e-89,0.0,0.0,0.0,0.0,0.0,0.0,0.0,0.0,0.0,0.0,0.20099097707748645,3.452660014661234e-86,0.0,0.0,0.0,0.0,0.0,0.0,0.0,0.0,0.0,0.0,2.157433503299582e-12,8.889060737413476e-245,0.0,0.0,0.0,0.0,0.0,0.0,0.0,0.0,0.0,0.0,0.00027483375973060274,2.7303838011907654e-77,0.0,0.0,0.0,0.0,0.0,0.0,0.0,0.0,0.0,0.0,0.001537449373658755,2.5375572680016744e-89,0.0,0.0,0.0,0.0,0.0,0.0,0.0,0.0,0.0,0.0,1.297533365448028e-5,1.9410973269263553e-220,0.0,0.0,0.0,0.0,0.0,0.0,0.0,0.0,0.0,1.004183082503936e-32,1.5305005377920307e-90,0.0,0.0,0.0,0.0,0.0,0.0,0.0,0.0,0.0,0.0,4.85794924474842e-19,6.178552841586336e-73,0.0,0.0,0.0,0.0,0.0,0.0,0.0,0.0,0.0,0.0005543251507756484,2.0027414816778357e-148,0.0,0.0,0.0,0.0,0.0,0.0,0.0,0.0,2.8530787299999862e-31,4.3423827286110906e-125,0.0,0.0,0.0,0.0,0.0,0.0,0.0,0.0,0.0,0.00047518024142255606,4.555205787503711e-205,0.0,0.0,0.0,0.0,0.0,0.0,0.0,0.0,0.0,0.0,0.0,0.0,0.0,0.0,0.0,0.0,0.0,0.0,0.0,0.0,2.4060128241125273e-125,0.0,0.0,0.0,0.0,0.0,0.0,0.0,0.0,1.0877348350714316e-25,0.0,0.0,0.0,0.0,0.0,0.0,0.0,0.0,0.0,0.0,9.824454529054705e-266,0.0,0.0,0.0,0.0,0.0,0.0,0.0,0.0,0.0,5.935163647407365e-200,0.0,0.0,0.0,0.0,0.0,0.0,0.0,0.0,0.0,3.8049314401246465e-146,0.0,0.0,0.0,0.0,0.0,0.0,0.0,0.0,0.0,2.575471893140823e-94,0.0,0.0,0.0,0.0,0.0,0.0,0.0,0.0,0.0,0.0,0.0,0.0,0.0,0.0,0.0,0.0,0.0,0.0,0.0,0.0,0.0,0.0,0.0,0.0,0.0,0.0,0.0,0.0,0.0,0.0,7.824951647308777e-277,0.0,0.0,0.0,0.0,0.0,0.0,0.0,0.0,0.0,0.0,0.0,0.0,0.0,0.0,0.0,0.0,0.0,0.0,0.0,0.0,0.0,0.0,0.0,0.0,0.0,0.0,0.0,5.124407994681518e-190,0.0,0.0,0.0,0.0,0.0,0.0,0.0,0.0,1.3997056802483564e-94,0.0,0.0,0.0,0.0,0.0,0.0,0.0,0.0,0.0,0.0,0.0,0.0,0.0,0.0,0.0,0.0,0.0,0.0,0.0,0.0,0.0,0.0,0.0,0.0,0.0,0.0,0.0,0.0,0.0,0.0,0.0,0.0,0.0,0.0,0.0,0.0,0.0,0.0,0.0,0.0,0.0,0.0,0.0,0.0,0.0,0.0,0.0,0.0
1.014251776090757e-164,1.846558355872224e-58,0.0,0.0,0.0,0.0,0.0,0.0,0.0,0.0,0.0,0.0,1.198069458517019e-43,0.03701885528361989,0.0,0.0,0.0,0.0,0.0,0.0,0.0,0.0,0.0,0.0,3.511570715878347e-46,0.34374569580405606,0.0,0.0,0.0,0.0,0.0,0.0,0.0,0.0,0.0,0.0,6.646168125717602e-50,0.18590559352738945,0.0,0.0,0.0,0.0,0.0,0.0,0.0,0.0,0.0,0.0,1.9129034416598351e-69,0.05217570996293948,0.0,0.0,0.0,0.0,0.0,0.0,0.0,0.0,0.0,0.0,4.627768727054462e-64,0.043251278807804217,0.0,0.0,0.0,0.0,0.0,0.0,0.0,0.0,0.0,0.0,1.4475207417574539e-81,0.03778295433103564,0.0,0.0,0.0,0.0,0.0,0.0,0.0,0.0,0.0,0.0,4.484567470320662e-99,0.02979842052380928,0.0,0.0,0.0,0.0,0.0,0.0,0.0,0.0,0.0,7.487019485563301e-71,0.03087655316404068,0.0,0.0,0.0,0.0,0.0,0.0,0.0,0.0,0.0,0.0,5.0713392824146674e-64,0.03516150858037596,0.0,0.0,0.0,0.0,0.0,0.0,0.0,0.0,0.0,3.0772396495914003e-84,0.01356992709727325,0.0,0.0,0.0,0.0,0.0,0.0,0.0,0.0,1.8502535222281117e-28,0.0282093333116046,0.0,0.0,0.0,0.0,0.0,0.0,0.0,0.0,0.0,4.498291653293536e-59,0.030182460395147527,0.0,0.0,0.0,0.0,0.0,0.0,0.0,0.0,9.33573914488663e-41,1.8200837590999836e-13,0.0,0.0,0.0,0.0,0.0,0.0,0.0,0.0,0.0,3.054421062489061e-19,0.0068389839659215804,0.0,0.0,0.0,0.0,0.0,0.0,0.0,0.0,2.7423045323797187e-83,0.019599493944611135,0.0,0.0,0.0,0.0,0.0,0.0,0.0,0.0,3.6837149110427402e-34,0.018398493209577576,0.0,0.0,0.0,0.0,0.0,0.0,0.0,0.0,0.0,2.810236650650607e-32,0.019214147770489135,0.0,0.0,0.0,0.0,0.0,0.0,0.0,0.0,2.1319449711502332e-70,0.016064168699961735,0.0,0.0,0.0,0.0,0.0,0.0,0.0,0.0,4.279618491538734e-14,0.0007507699243232749,0.0,0.0,0.0,0.0,0.0,0.0,0.0,0.0,0.0,0.019056677582634598,0.0,0.0,0.0,0.0,0.0,0.0,0.0,0.0,3.332316193825739e-51,4.192805338937438e-46,0.0,0.0,0.0,0.0,0.0,0.0,0.0,0.0,0.0,1.4549872317915497e-25,0.00476977210060488,0.0,0.0,0.0,0.0,0.0,0.0,0.0,3.651503492864613e-41,0.0014172413234743047,0.0,0.0,0.0,0.0,0.0,0.0,0.0,0.0,1.0094871731248224e-26,0.010582555993590051,0.0,0.0,0.0,0.0,0.0,0.0,0.0,4.300567537661894e-33,0.01562940469549073,0.0,0.0,0.0,0.0,0.0,0.0,2.1611658228667946e-16,8.198568443587325e-46,0.0,0.0,0.0,0.0,0.0,0.0,0.0,3.6049042670616416e-54,8.61828752687637e-50,0.0,0.0,0.0,0.0,0.0,0.0,7.279496903099582e-33,1.5809753740183142e-67,0.0,0.0,0.0,0.0,0.0,1.5337832719102297e-26,4.1284507085760115e-35,0.0,0.0,0.0,0.0,0.0,6.579460910230162e-41,0.0,0.0,0.0,1.415520619304217e-21,0.0,0.0,0.0,0.0,0.0,0.0,0.0,0.0,0.0,0.0,0.0,0.0
0.0,6.296315164233413e-230,0.0,0.0,0.0,0.0,0.0,0.0,0.0,0.0,0.0,0.0,0.0,6.811759511661947e-9,0.0,0.0,0.0,0.0,0.0,0.0,0.0,0.0,0.0,0.0,0.0,0.03804954076613457,0.0,0.0,0.0,0.0,0.0,0.0,0.0,0.0,0.0,0.0,0.0,0.2264905371213616,0.0,0.0,0.0,0.0,0.0,0.0,0.0,0.0,0.0,0.0,0.0,0.0829456848097513,5.579397204139846e-175,0.0,0.0,0.0,0.0,0.0,0.0,0.0,0.0,0.0,0.0,0.011195902297012757,0.0,0.0,0.0,0.0,0.0,0.0,0.0,0.0,0.0,0.0,0.0,0.040928064509736344,0.0,0.0,0.0,0.0,0.0,0.0,0.0,0.0,0.0,0.0,0.0,0.07487691503623159,0.0,0.0,0.0,0.0,0.0,0.0,0.0,0.0,0.0,0.0,0.010057959334875372,2.3124423944930016e-242,0.0,0.0,0.0,0.0,0.0,0.0,0.0,0.0,0.0,0.0,0.08973736035309197,0.0,0.0,0.0,0.0,0.0,0.0,0.0,0.0,0.0,0.0,0.10835693778071283,0.0,0.0,0.0,0.0,0.0,0.0,0.0,0.0,0.0,0.08667590220706178,2.815512197692633e-175,0.0,0.0,0.0,0.0,0.0,0.0,0.0,0.0,0.0,2.0968184403892275e-5,0.0,0.0,0.0,0.0,0.0,0.0,0.0,0.0,0.0,3.5639941839127034e-27,0.0,0.0,0.0,0.0,0.0,0.0,0.0,0.0,0.0,0.0,0.03393083745390881,0.0,0.0,0.0,0.0,0.0,0.0,0.0,0.0,0.0,0.03734131090070357,0.0,0.0,0.0,0.0,0.0,0.0,0.0,0.0,0.0,0.022884101270212304,0.0,0.0,0.0,0.0,0.0,0.0,0.0,0.0,0.0,0.0,0.03172005661880802,0.0,0.0,0.0,0.0,0.0,0.0,0.0,0.0,0.0,0.019440170185080683,0.0,0.0,0.0,0.0,0.0,0.0,0.0,0.0,0.0,1.4402079178249692e-7,0.0,0.0,0.0,0.0,0.0,0.0,0.0,0.0,0.0,0.02289097032771903,0.0,0.0,0.0,0.0,0.0,0.0,0.0,0.0,0.0,0.014236282118576908,0.0,0.0,0.0,0.0,0.0,0.0,0.0,0.0,0.0,0.0,0.023980638737390775,0.0,0.0,0.0,0.0,0.0,0.0,0.0,0.0,1.8466742260295602e-15,0.0,0.0,0.0,0.0,0.0,0.0,0.0,0.0,0.0,0.02423970915384285,0.0,0.0,0.0,0.0,0.0,0.0,0.0,0.0,1.1643832117123328e-24,0.0,0.0,0.0,0.0,0.0,0.0,0.0,2.503160906690097e-22,0.0,0.0,0.0,0.0,0.0,0.0,0.0,0.0,7.024416235636025e-28,0.0,0.0,0.0,0.0,0.0,0.0,0.0,8.298942183883382e-13,7.843750782189192e-167,0.0,0.0,0.0,0.0,0.0,1.6625611822515458e-25,8.146897276304783e-183,0.0,0.0,0.0,0.0,4.3509264591430734e-39,0.0,0.0,0.0,0.0,0.0,0.0,0.0,0.0,0.0,0.0,0.0,0.0,0.0,0.0,0.0,0.0
0.020211995223387846,9.068666761205772e-78,0.0,0.0,0.0,0.0,0.0,0.0,0.0,0.0,0.0,2.382753119766544e-85,0.5650497526041413,9.858332411776832e-82,0.0,0.0,0.0,0.0,0.0,0.0,0.0,0.0,0.0,6.328534483379642e-84,0.34639443894079436,5.840741154986193e-91,0.0,0.0,0.0,0.0,0.0,0.0,0.0,0.0,0.0,1.3110993624980804e-91,0.02224727559514813,1.4026962677377818e-95,0.0,0.0,0.0,0.0,0.0,0.0,0.0,0.0,0.0,1.1057697721230875e-65,0.009440513662686745,5.497110677447958e-129,0.0,0.0,0.0,0.0,0.0,0.0,0.0,0.0,0.0,1.231359694333231e-100,0.005649638804138882,4.518909373609144e-121,0.0,0.0,0.0,0.0,0.0,0.0,0.0,0.0,0.0,2.4774453751609232e-107,0.005640026136329052,3.8458216571530735e-126,0.0,0.0,0.0,0.0,0.0,0.0,0.0,0.0,0.0,1.4076856789798992e-115,0.009202373180658667,8.535346895161624e-146,0.0,0.0,0.0,0.0,0.0,0.0,0.0,0.0,6.381271156352245e-70,0.007314259010684949,3.946482431020099e-125,0.0,0.0,0.0,0.0,0.0,0.0,0.0,0.0,0.0,1.5132854178851646e-125,0.0038921736717523244,9.332738734016334e-252,0.0,0.0,0.0,0.0,0.0,0.0,0.0,0.0,2.843287238653133e-69,0.0020485222608109237,1.8147038633212932e-87,0.0,0.0,0.0,0.0,0.0,0.0,0.0,8.427853605073885e-61,0.001924652244392957,1.6990460156288453e-148,0.0,0.0,0.0,0.0,0.0,0.0,0.0,0.0,8.1777061267393e-174,6.8942729179880115e-40,3.531971959343276e-135,0.0,0.0,0.0,0.0,0.0,0.0,0.0,8.102841479846626e-190,8.286061246808877e-60,3.099127564583458e-215,0.0,0.0,0.0,0.0,0.0,0.0,0.0,0.0,6.461093473554068e-72,5.292189539459117e-42,8.793815963013063e-14,0.0,0.0,0.0,0.0,0.0,0.0,0.0,2.381866856204937e-86,1.7628496574831923e-34,2.290154462302567e-131,0.0,0.0,0.0,0.0,0.0,0.0,0.0,3.423730405759747e-102,0.0009576904151402249,8.351411308002758e-112,0.0,0.0,0.0,0.0,0.0,0.0,0.0,0.0,2.3317889201474408e-181,1.0338417847766565e-181,1.3188779424697148e-209,0.0,0.0,0.0,0.0,0.0,0.0,0.0,2.9410554627062263e-35,2.6688249845933055e-5,2.458915758098462e-101,0.0,0.0,0.0,0.0,0.0,0.0,0.0,1.4207065032885398e-97,5.013620866745866e-61,0.0,0.0,0.0,0.0,0.0,0.0,0.0,0.0,0.0,2.7680582990132165e-130,1.0010462229150724e-253,0.0,0.0,0.0,0.0,0.0,0.0,0.0,2.0e-323,1.2749316742899547e-45,4.185663751079246e-227,0.0,0.0,0.0,0.0,0.0,0.0,0.0,0.0,1.163174102338561e-226,4.721499489259114e-104,7.826929903752554e-283,0.0,0.0,0.0,0.0,0.0,0.0,0.0,4.2762237413947205e-110,2.187702448469958e-273,0.0,0.0,0.0,0.0,0.0,0.0,0.0,0.0,3.707208952533424e-89,3.0266998733560698e-189,0.0,0.0,0.0,0.0,0.0,0.0,0.0,3.6973520363945615e-74,4.686804103689198e-132,0.0,0.0,0.0,0.0,0.0,1.4092625503739662e-55,4.859783456517693e-130,9.98215470131459e-273,0.0,0.0,0.0,0.0,0.0,0.0,5.811186578097401e-104,1.453658526299573e-78,0.0,0.0,0.0,0.0,0.0,0.0,0.0,9.900761825441607e-61,8.191175647938602e-304,0.0,0.0,0.0,0.0,0.0,3.639527972845596e-167,0.0,0.0,0.0,0.0,0.0,1.4891496763565433e-183,0.0,0.0,0.0,0.0,1.4758622639017117e-185,0.0,0.0,0.0,0.0,8.286630599028998e-182,0.0,0.0,0.0,0.0,0.0,0.0,0.0
0.0,7.695602763425111e-271,3.1718349629308607e-196,0.0,0.0,0.0,0.0,0.0,0.0,0.0,0.0,0.0,0.0,4.4083683438063385e-95,0.008426955235692831,2.8206849454762526e-84,0.0,0.0,0.0,0.0,0.0,0.0,0.0,0.0,0.0,4.765721871433029e-89,0.27110180158994296,1.645988959583409e-86,0.0,0.0,0.0,0.0,0.0,0.0,0.0,0.0,0.0,1.8350979371604895e-92,0.18004652449821293,2.444350420544664e-78,0.0,0.0,0.0,0.0,0.0,0.0,0.0,0.0,0.0,7.174246877461793e-114,0.04388237428000178,2.928995179591041e-85,0.0,0.0,0.0,0.0,0.0,0.0,0.0,0.0,0.0,3.910729635653498e-124,0.03601601112660197,6.907680315015379e-91,0.0,0.0,0.0,0.0,0.0,0.0,0.0,0.0,0.0,8.232021796039133e-87,0.02921152057539008,6.427173550146586e-77,0.0,0.0,0.0,0.0,0.0,0.0,0.0,0.0,0.0,1.1458889426740945e-124,0.038609922885281055,3.035890718123473e-78,0.0,0.0,0.0,0.0,0.0,0.0,0.0,0.0,1.3135933555130604e-113,0.02591580964569919,9.460566566056843e-91,0.0,0.0,0.0,0.0,0.0,0.0,0.0,0.0,0.0,4.941309931397946e-90,0.021950893502571126,4.4633931882489623e-72,0.0,0.0,0.0,0.0,0.0,0.0,0.0,0.0,2.518009586866573e-92,0.015319283156901153,3.894065304175665e-110,0.0,0.0,0.0,0.0,0.0,0.0,0.0,4.040473537029864e-130,0.014540996390919995,8.535517787035744e-80,0.0,0.0,0.0,0.0,0.0,0.0,0.0,0.0,1.1085469813238255e-90,0.014540996390919995,9.853173183882259e-70,0.0,0.0,0.0,0.0,0.0,0.0,0.0,9.137937893584352e-85,0.02018976806498779,1.7159042668545606e-109,0.0,0.0,0.0,0.0,0.0,0.0,0.0,0.0,1.6997221248769763e-125,0.016156662656577774,5.840746954140529e-70,0.0,0.0,0.0,0.0,0.0,0.0,0.0,1.3324762810872732e-107,0.01696449578940666,1.630067680656214e-68,0.0,0.0,0.0,0.0,0.0,0.0,0.0,3.0069011525075904e-97,0.014540996390919995,3.093063744891925e-79,0.0,0.0,0.0,0.0,0.0,0.0,0.0,0.0,7.009923162972156e-92,0.015278097345325975,3.462182540406036e-101,0.0,0.0,0.0,0.0,0.0,0.0,0.0,1.2100598186051994e-62,0.01696449578940666,0.0,0.0,0.0,0.0,0.0,0.0,0.0,0.0,3.8417984050897174e-160,0.01938799518789333,1.340798610831534e-101,0.0,0.0,0.0,0.0,0.0,0.0,0.0,0.0,0.023427160851769716,0.0,0.0,0.0,0.0,0.0,0.0,0.0,0.0,5.956446083100141e-85,0.019387995187893328,0.0,0.0,0.0,0.0,0.0,0.0,0.0,0.0,0.0,1.493983212905535e-127,0.014540996390919995,2.4453742233655283e-61,0.0,0.0,0.0,0.0,0.0,0.0,7.758458054137679e-84,0.012117496992433328,0.0,0.0,0.0,0.0,0.0,0.0,0.0,0.0,0.0,0.013733163258091083,1.6104512447651136e-82,0.0,0.0,0.0,0.0,0.0,0.0,1.5712757285277433e-81,0.024234993984866657,0.0,0.0,0.0,0.0,0.0,0.0,9.953928835454207e-76,0.02908199278183999,0.0,0.0,0.0,0.0,0.0,0.0,0.0,1.7740968589639482e-62,0.0210036614535511,1.0889999639856295e-105,0.0,0.0,0.0,0.0,0.0,0.0,0.00888594220506131,0.0,0.0,0.0,0.0,0.0,3.171135626465893e-42,0.009693997593946664,1.3796829526846274e-67,0.0,0.0,0.0,0.0,0.0016156662656577772,0.0,0.0,0.0,1.8604353244032044e-92,0.0016156662656577974,0.0,0.0,0.0,0.0,0.0016156662656577772,0.0,0.0,0.0,0.0,0.0
0.0,0.0,0.0,0.0,0.0,0.0,0.0,0.0,0.0,0.0,0.0,0.0,0.0,0.0,0.0,0.0,0.0,1.938055e-315,6.281908551736226e-7,2.4879317997573435e-277,0.0,0.0,0.0,0.0,0.0,0.0,0.0,0.0,0.0,1.3822437753745092e-33,4.7997750801603555e-46,4.3965001182305204e-153,0.0,0.0,0.0,0.0,0.0,0.0,0.0,0.0,0.0,1.2352816302362675e-71,0.1528817366939996,2.8301007272569177e-111,0.0,0.0,0.0,0.0,0.0,0.0,0.0,0.0,0.0,8.366210198661e-52,0.2001758558054934,6.476803062885915e-129,0.0,0.0,0.0,0.0,0.0,0.0,0.0,0.0,0.0,4.033693755156589e-51,0.11967950207983628,1.4220244389564346e-287,0.0,0.0,0.0,0.0,0.0,0.0,0.0,0.0,0.0,5.986403007821331e-96,0.04801713620794252,0.0,0.0,0.0,0.0,0.0,0.0,0.0,0.0,0.0,0.0,0.006086821529299419,0.04472891971665829,1.5305307854589995e-239,0.0,0.0,0.0,0.0,0.0,0.0,0.0,0.0,0.0,0.060001629722898776,0.0,0.0,0.0,0.0,0.0,0.0,0.0,0.0,0.0,0.0,0.0,0.02116347503383365,0.0,0.0,0.0,0.0,0.0,0.0,0.0,0.0,0.0,1.4510105726283796e-56,0.05774457878689415,0.0,0.0,0.0,0.0,0.0,0.0,0.0,0.0,2.5126774641560703e-92,0.006636388730786785,0.0,0.0,0.0,0.0,0.0,0.0,0.0,0.0,0.0,0.0,0.014965317706497836,0.0,0.0,0.0,0.0,0.0,0.0,0.0,0.0,1.1392427881945525e-35,0.019106283297934068,0.0,0.0,0.0,0.0,0.0,0.0,0.0,0.0,0.0,4.73562047926278e-55,0.03572722323977079,0.006666847746988753,0.0,0.0,0.0,0.0,0.0,0.0,0.0,2.5196902717731647e-54,3.000027536391983e-43,0.0,0.0,0.0,0.0,0.0,0.0,0.0,0.0,1.1317564727529835e-127,0.020042424564859957,0.0,0.0,0.0,0.0,0.0,0.0,0.0,0.0,0.0,8.509114657269078e-49,0.0069354002053642295,0.0,0.0,0.0,0.0,0.0,0.0,0.0,0.0,0.0,0.01330210624430189,0.0,0.0,0.0,0.0,0.0,0.0,0.0,0.0,0.0,0.02000054324096626,6.7126954863e-314,0.0,0.0,0.0,0.0,0.0,0.0,0.0,0.0,0.02666739098795501,0.0,0.0,0.0,0.0,0.0,0.0,0.0,0.0,0.0,0.03333423873494377,0.0,0.0,0.0,0.0,0.0,0.0,0.0,0.0,0.0,0.0,6.070171228479626e-272,0.0,0.0,0.0,0.0,0.0,0.0,0.0,0.0,0.026667390987955012,0.006666847746988753,0.0,0.0,0.0,0.0,0.0,0.0,0.0,0.0,0.0,0.0,0.0,0.0,0.0,0.0,0.0,0.0,0.006133378568054402,0.02000054324096626,0.0,0.0,0.0,0.0,0.0,0.0,0.0,0.013333695493977506,0.0,0.0,0.0,0.0,0.0,0.0,0.0,0.0,0.013333695493977506,0.0,0.0,0.0,0.0,0.0,0.0,0.0,0.0,0.0,0.0,0.0,0.0,0.0,0.0,0.0,0.0,0.0,0.0,0.0,0.0,0.0,0.0,0.0,0.0,0.0,0.0,0.0,0.0,0.0,0.0,0.0,0.0
0.0,0.0,0.0,0.0,0.0,0.0,0.0,0.0,0.0,9.67728884056798e-195,5.800201588524269e-27,0.0,0.0,0.0,0.0,0.0,0.0,0.0,0.0,0.0,0.0,2.7062790053517833e-217,0.026769252905114123,0.0,0.0,0.0,0.0,0.0,0.0,0.0,0.0,0.0,0.0,2.3547449572078045e-128,0.8276835642726995,0.0,0.0,0.0,0.0,0.0,0.0,0.0,0.0,0.0,0.0,1.052895666429057e-113,0.11993128392278375,0.0,0.0,0.0,0.0,0.0,0.0,0.0,0.0,0.0,0.0,0.0016525098375720078,0.012783621240983947,2.2263168835302767e-299,0.0,0.0,0.0,0.0,0.0,0.0,0.0,0.0,0.0,0.0,0.0028597637355311386,0.0,0.0,0.0,0.0,0.0,0.0,0.0,0.0,0.0,0.0,5.243413469715943e-51,0.0032626764323562206,0.0,0.0,0.0,0.0,0.0,0.0,0.0,0.0,0.0,0.0,0.0016877124802599096,0.0,0.0,0.0,0.0,0.0,0.0,0.0,0.0,0.0,0.0,0.0,0.0033696151726961706,0.0,0.0,0.0,0.0,0.0,0.0,0.0,0.0,0.0,0.0,1.813217988739788e-38,0.0,0.0,0.0,0.0,0.0,0.0,0.0,0.0,0.0,4.809624602605652e-80,0.0,0.0,0.0,0.0,0.0,0.0,0.0,0.0,0.0,0.0,3.251187358671452e-15,0.0,0.0,0.0,0.0,0.0,0.0,0.0,0.0,0.0,0.0,0.0,0.0,0.0,0.0,0.0,0.0,0.0,0.0,0.0,0.0,0.0,2.4983453292264284e-253,0.0,0.0,0.0,0.0,0.0,0.0,0.0,0.0,6.800903770997857e-88,0.0,0.0,0.0,0.0,0.0,0.0,0.0,0.0,0.0,0.0,0.0,0.0,0.0,0.0,0.0,0.0,0.0,0.0,0.0,0.0,2.2937248384817586e-198,0.0,0.0,0.0,0.0,0.0,0.0,0.0,0.0,0.0,0.0,0.0,0.0,0.0,0.0,0.0,0.0,0.0,0.0,0.0,9.783542075974785e-132,0.0,0.0,0.0,0.0,0.0,0.0,0.0,0.0,0.0,0.0,0.0,0.0,0.0,0.0,0.0,0.0,0.0,0.0,0.0,0.0,0.0,0.0,0.0,0.0,0.0,0.0,0.0,0.0,0.0,0.0,4.7083872019083515e-278,0.0,0.0,0.0,0.0,0.0,0.0,0.0,0.0,0.0,0.0,0.0,0.0,0.0,0.0,0.0,0.0,0.0,0.0,0.0,0.0,0.0,0.0,0.0,0.0,0.0,0.0,0.0,1.5760086017624854e-240,0.0,0.0,0.0,0.0,0.0,0.0,0.0,0.0,1.546104960477807e-213,0.0,0.0,0.0,0.0,0.0,0.0,0.0,0.0,0.0,0.0,0.0,0.0,0.0,0.0,0.0,0.0,0.0,0.0,0.0,0.0,0.0,0.0,0.0,0.0,0.0,0.0,0.0,0.0,0.0,0.0,0.0,0.0,0.0,0.0,0.0,0.0,0.0,0.0,0.0,0.0,0.0,0.0,0.0,0.0,0.0,0.0,0.0,0.0
0.0,0.0,0.0,0.0,0.0,0.0,6.262418211808954e-105,0.019567006982482385,1.1981895586354773e-112,0.0,0.0,0.0,0.0,0.0,0.0,0.0,0.0,0.0,7.596593949594265e-112,0.6624801399650706,1.4857989057537497e-76,0.0,0.0,0.0,0.0,0.0,0.0,0.0,0.0,0.0,2.2708459250850897e-102,0.31662447874103844,7.487704602879043e-81,0.0,0.0,0.0,0.0,0.0,0.0,0.0,0.0,0.0,5.4163602633228014e-139,1.051894221030564e-7,0.00044470470414732696,0.0,0.0,0.0,0.0,0.0,0.0,0.0,0.0,0.0,7.770641800002088e-136,1.7877209762010812e-84,0.0004388596986500322,0.0,0.0,0.0,0.0,0.0,0.0,0.0,0.0,0.0,0.0,1.7407702838763923e-20,0.0,0.0,0.0,0.0,0.0,0.0,0.0,0.0,0.0,0.0,0.0,2.1744840788653168e-98,0.0,0.0,0.0,0.0,0.0,0.0,0.0,0.0,0.0,0.0,0.0,3.347932012595314e-171,0.0,0.0,0.0,0.0,0.0,0.0,0.0,0.0,0.0,0.0,0.0,0.0,0.0,0.0,0.0,0.0,0.0,0.0,0.0,0.0,0.0,0.0,0.0,0.0,0.0,0.0,0.0,0.0,0.0,0.0,0.0,0.0,0.0,5.542259328821206e-58,0.0,0.0,0.0,0.0,0.0,0.0,0.0,0.0,0.0,0.0,0.00044470470414732696,0.0,0.0,0.0,0.0,0.0,0.0,0.0,0.0,3.1675127507882003e-276,8.560197408252643e-31,0.0,0.0,0.0,0.0,0.0,0.0,0.0,0.0,0.0,1.504206562058199e-11,0.0,0.0,0.0,0.0,0.0,0.0,0.0,0.0,0.0,0.0,0.0,0.0,0.0,0.0,0.0,0.0,0.0,0.0,0.0,0.0,5.236792437928218e-128,0.0,0.0,0.0,0.0,0.0,0.0,0.0,0.0,0.0,0.0,0.0,0.0,0.0,0.0,0.0,0.0,0.0,0.0,0.0,0.0,0.0,0.0,0.0,0.0,0.0,0.0,0.0,0.0,0.0,0.0,0.0,0.0,0.0,0.0,0.0,0.0,0.0,0.0,0.0,0.0,0.0,0.0,0.0,0.0,0.0,0.0,0.0,0.0,0.0,0.0,0.0,0.0,0.0,0.0,0.0,0.0,0.0,0.0,0.0,0.0,0.0,0.0,0.0,0.0,0.0,0.0,0.0,0.0,0.0,0.0,0.0,0.0,0.0,0.0,0.0,0.0,0.0,0.0,0.0,0.0,0.0,0.0,0.0,0.0,0.0,0.0,0.0,0.0,0.0,0.0,0.0,0.0,0.0,0.0,0.0,0.0,0.0,0.0,0.0,0.0,0.0,0.0,0.0,0.0,0.0,0.0,0.0,0.0,0.0,0.0,0.0,0.0,0.0,0.0,0.0,0.0,0.0,0.0,0.0,0.0,0.0,0.0,0.0,0.0,0.0,0.0,0.0,0.0,0.0,0.0,0.0,0.0,0.0,0.0,0.0,0.0,0.0,0.0,0.0,0.0,0.0,0.0,0.0,0.0,0.0,0.0,0.0,0.0
0.0,0.0,0.0,0.0,0.0,0.0,0.0,0.0,0.025589707005512243,1.1116675250600803e-306,0.0,0.0,0.0,0.0,0.0,0.0,0.0,0.0,0.0,0.0,0.6605684193161693,5.426113927904407e-204,0.0,0.0,0.0,0.0,0.0,0.0,0.0,0.0,0.0,0.0,0.31384187367831845,1.6895860577721776e-202,0.0,0.0,0.0,0.0,0.0,0.0,0.0,0.0,0.0,0.0,0.0,0.0,0.0,0.0,0.0,0.0,0.0,0.0,0.0,0.0,0.0,0.0,0.0,0.0,0.0,0.0,0.0,0.0,0.0,0.0,0.0,0.0,0.0,0.0,0.0,0.0,0.0,0.0,0.0,0.0,0.0,0.0,0.0,0.0,0.0,0.0,0.0,0.0,0.0,0.0,0.0,0.0,0.0,0.0,0.0,0.0,0.0,0.0,0.0,0.0,0.0,0.0,0.0,0.0,0.0,0.0,0.0,0.0,0.0,0.0,0.0,0.0,0.0,0.0,0.0,0.0,0.0,0.0,0.0,0.0,0.0,0.0,0.0,0.0,0.0,0.0,0.0,0.0,0.0,0.0,0.0,0.0,0.0,0.0,0.0,0.0,0.0,0.0,0.0,0.0,0.0,0.0,0.0,0.0,0.0,0.0,0.0,0.0,0.0,0.0,0.0,0.0,0.0,0.0,0.0,0.0,0.0,0.0,0.0,0.0,0.0,0.0,0.0,0.0,0.0,0.0,0.0,0.0,0.0,0.0,0.0,0.0,0.0,0.0,0.0,0.0,0.0,0.0,0.0,0.0,0.0,0.0,0.0,0.0,0.0,0.0,0.0,0.0,0.0,0.0,0.0,0.0,0.0,0.0,0.0,0.0,0.0,0.0,0.0,0.0,0.0,0.0,0.0,0.0,0.0,0.0,0.0,0.0,0.0,0.0,0.0,0.0,0.0,0.0,0.0,0.0,0.0,0.0,0.0,0.0,0.0,0.0,0.0,0.0,0.0,0.0,0.0,0.0,0.0,0.0,0.0,0.0,0.0,0.0,0.0,0.0,0.0,0.0,0.0,0.0,0.0,0.0,0.0,0.0,0.0,0.0,0.0,0.0,0.0,0.0,0.0,0.0,0.0,0.0,0.0,0.0,0.0,0.0,0.0,0.0,0.0,0.0,0.0,0.0,0.0,0.0,0.0,0.0,0.0,0.0,0.0,0.0,0.0,0.0,0.0,0.0,0.0,0.0,0.0,0.0,0.0,0.0,0.0,0.0,0.0,0.0,0.0,0.0,0.0,0.0,0.0,0.0,0.0,0.0,0.0,0.0,0.0,0.0,0.0,0.0,0.0,0.0,0.0,0.0,0.0,0.0,0.0,0.0,0.0,0.0,0.0,0.0,0.0,0.0,0.0,0.0,0.0,0.0,0.0,0.0,0.0,0.0,0.0,0.0,0.0,0.0,0.0,0.0,0.0,0.0,0.0,0.0
0.0,0.0,0.0,6.329843948289512e-222,3.590704589598536e-229,0.0,0.0,0.0,0.0,0.0,0.0,0.0,0.0,0.0,0.0,1.1068688771822935e-124,1.5244010385138756e-9,7.149219560619741e-191,0.0,0.0,0.0,0.0,0.0,0.0,0.0,0.0,0.0,1.0383450766640493e-74,0.3301380255556567,1.5310462887392786e-158,0.0,0.0,0.0,0.0,0.0,0.0,0.0,0.0,0.0,5.05100773947256e-55,0.48020957494098676,4.2630357094618415e-123,0.0,0.0,0.0,0.0,0.0,0.0,0.0,0.0,0.0,3.4621481255247467e-69,0.04305971255112336,4.21783897192177e-160,0.0,0.0,0.0,0.0,0.0,0.0,0.0,0.0,0.0,3.878908926617938e-72,0.02184754256428297,1.0666143769025154e-150,0.0,0.0,0.0,0.0,0.0,0.0,0.0,0.0,0.0,4.316044381739074e-56,0.021316375997031827,1.3703675910273142e-172,0.0,0.0,0.0,0.0,0.0,0.0,0.0,0.0,0.0,1.88255443258496e-69,0.02013173975579951,1.630119738470098e-128,0.0,0.0,0.0,0.0,0.0,0.0,0.0,0.0,5.165773236244276e-84,0.006099294312004906,1.5830280852822824e-198,0.0,0.0,0.0,0.0,0.0,0.0,0.0,0.0,0.0,3.743661559677261e-83,0.006350813469276742,1.7800877931031542e-166,0.0,0.0,0.0,0.0,0.0,0.0,0.0,0.0,5.716171395313611e-102,0.006599387014443834,2.225417475621895e-133,0.0,0.0,0.0,0.0,0.0,0.0,0.0,4.997738799259631e-91,0.014661855852490318,7.53679346630352e-143,0.0,0.0,0.0,0.0,0.0,0.0,0.0,0.0,4.383709332970492e-70,0.01924027637597453,4.068319053810549e-120,0.0,0.0,0.0,0.0,0.0,0.0,0.0,1.0497019385938423e-52,4.891453897178684e-34,1.5040288871058473e-204,0.0,0.0,0.0,0.0,0.0,0.0,0.0,0.0,4.430205618173086e-172,0.014210661545845,1.9316404446533943e-111,0.0,0.0,0.0,0.0,0.0,0.0,0.0,1.415413914997901e-140,5.710892577225021e-12,7.446082533424658e-197,0.0,0.0,0.0,0.0,0.0,0.0,0.0,2.691948051929467e-127,0.008061629159244823,3.273983900763638e-213,0.0,0.0,0.0,0.0,0.0,0.0,0.0,0.0,0.0,0.001809677095657601,5.615655012959541e-245,0.0,0.0,0.0,0.0,0.0,0.0,0.0,0.0,0.0009509650359849007,4.10908577936667e-257,0.0,0.0,0.0,0.0,0.0,0.0,0.0,5.2857768295235936e-98,3.961715002918273e-34,4.0276426167990133e-175,0.0,0.0,0.0,0.0,0.0,0.0,0.0,1.9345781427693344e-70,0.0053099891100752816,0.0,0.0,0.0,0.0,0.0,0.0,0.0,0.0,2.6229288947817756e-116,2.4774349530406697e-6,1.924458075793123e-241,0.0,0.0,0.0,0.0,0.0,0.0,0.0,0.0,3.0800025341447005e-110,1.3368376490915405e-19,2.4523628618825503e-293,0.0,0.0,0.0,0.0,0.0,0.0,1.506680075524889e-80,5.9594626652002845e-46,5.983655263976659e-285,0.0,0.0,0.0,0.0,0.0,0.0,0.0,1.2648745854060791e-126,6.386121456203199e-63,0.0,0.0,0.0,0.0,0.0,0.0,0.0,4.050705299541852e-100,6.988984876343793e-10,6.7392257183302265e-279,0.0,0.0,0.0,0.0,0.0,1.5298401958248746e-114,6.132850736674779e-32,7.994613026263102e-150,0.0,0.0,0.0,0.0,0.0,0.0,2.439572210947805e-99,1.7772922743265748e-24,0.0,0.0,0.0,0.0,0.0,0.0,0.0,1.5751034949492465e-13,0.0,0.0,0.0,0.0,0.0,0.0,8.64544393033061e-32,0.0,0.0,0.0,0.0,0.0,2.569903066981836e-54,0.0,0.0,0.0,9.2341996372079e-100,3.601315575181852e-105,0.0,0.0,0.0,0.0,0.0,0.0,0.0,0.0
0.0,0.0,0.0,0.0,0.0,3.2445540808584347e-50,0.1325969460600414,0.0,0.0,0.0,0.0,0.0,0.0,0.0,0.0,0.0,0.0,2.8476384781684334e-47,0.7821863779491421,0.0,0.0,0.0,0.0,0.0,0.0,0.0,0.0,0.0,0.0,8.334682717036739e-41,0.07887654734251909,0.0,0.0,0.0,0.0,0.0,0.0,0.0,0.0,0.0,0.0,9.775256862392288e-107,7.420122484567714e-63,0.0,0.0,0.0,0.0,0.0,0.0,0.0,0.0,0.0,0.0,8.028346289486958e-168,0.00573697495399002,0.0,0.0,0.0,0.0,0.0,0.0,0.0,0.0,0.0,0.0,1.313707182661586e-97,1.1893838340621914e-85,0.0,0.0,0.0,0.0,0.0,0.0,0.0,0.0,0.0,0.0,2.802676436338041e-178,8.024504971038722e-16,0.0,0.0,0.0,0.0,0.0,0.0,0.0,0.0,0.0,0.0,1.663552635429909e-155,9.60966663924373e-81,0.0,0.0,0.0,0.0,0.0,0.0,0.0,0.0,0.0,0.0,0.0,0.0,0.0,0.0,0.0,0.0,0.0,0.0,0.0,0.0,0.0,0.0,0.0,0.0,0.0,0.0,0.0,0.0,0.0,0.0,0.0,0.0,1.297007321078549e-133,1.0845083381850855e-203,0.0,0.0,0.0,0.0,0.0,0.0,0.0,0.0,4.196717631120615e-177,2.179371330925011e-119,0.0,0.0,0.0,0.0,0.0,0.0,0.0,0.0,0.0,0.0,2.1276323864726384e-181,0.0,0.0,0.0,0.0,0.0,0.0,0.0,0.0,0.0,0.0006030973722388535,0.0,0.0,0.0,0.0,0.0,0.0,0.0,0.0,0.0,0.0,4.0044019948426794e-140,0.0,0.0,0.0,0.0,0.0,0.0,0.0,0.0,1.3076257375691487e-183,3.701873107996584e-254,0.0,0.0,0.0,0.0,0.0,0.0,0.0,0.0,5.632206758933407e-8,1.0936497245819034e-193,0.0,0.0,0.0,0.0,0.0,0.0,0.0,0.0,0.0,1.0370629014327758e-105,0.0,0.0,0.0,0.0,0.0,0.0,0.0,0.0,0.0,0.0,0.0,0.0,0.0,0.0,0.0,0.0,0.0,0.0,0.0,0.0,0.0,0.0,0.0,0.0,0.0,0.0,0.0,0.0,0.0,0.0,4.2203300122973926e-308,0.0,0.0,0.0,0.0,0.0,0.0,0.0,0.0,0.0,0.0,0.0,0.0,0.0,0.0,0.0,0.0,0.0,0.0,0.0,0.0,0.0,0.0,0.0,0.0,0.0,0.0,0.0,0.0,0.0,0.0,0.0,0.0,0.0,0.0,0.0,0.0,0.0,0.0,0.0,0.0,0.0,0.0,0.0,0.0,0.0,0.0,0.0,0.0,0.0,0.0,0.0,0.0,0.0,0.0,0.0,0.0,0.0,0.0,0.0,0.0,0.0,0.0,0.0,0.0,0.0,0.0,0.0,0.0,0.0,0.0,0.0,0.0,0.0,0.0,0.0,0.0,0.0,0.0,0.0,0.0,0.0,0.0,0.0,0.0,0.0,0.0,0.0,0.0,0.0,0.0,0.0,0.0,0.0,0.0,0.0,0.0,0.0,0.0
0.0,2.17112688084724e-221,0.0,0.0,0.0,0.0,0.0,0.0,0.0,0.0,0.0,0.0,0.0,1.2642245580915454e-18,2.757950127222733e-137,0.0,0.0,0.0,0.0,0.0,0.0,0.0,0.0,0.0,0.0,1.2526793200769954e-15,3.8687770370728426e-125,0.0,0.0,0.0,0.0,0.0,0.0,0.0,0.0,0.0,0.0,0.05092077626105745,1.3997555289783705e-140,0.0,0.0,0.0,0.0,0.0,0.0,0.0,0.0,0.0,0.0,0.04460650739827282,9.665293365355093e-106,0.0,0.0,0.0,0.0,0.0,0.0,0.0,0.0,0.0,0.0,0.09426979080587694,5.318982945190621e-107,0.0,0.0,0.0,0.0,0.0,0.0,0.0,0.0,0.0,0.0,0.0891274398611901,1.262135936618156e-130,0.0,0.0,0.0,0.0,0.0,0.0,0.0,0.0,0.0,0.0,0.032314085105319836,9.734889400373806e-106,0.0,0.0,0.0,0.0,0.0,0.0,0.0,0.0,0.0,0.0573209189807931,4.859665864413355e-72,0.0,0.0,0.0,0.0,0.0,0.0,0.0,0.0,0.0,0.0,0.014622177786937187,2.1975409910744357e-79,0.0,0.0,0.0,0.0,0.0,0.0,0.0,0.0,0.0,0.009357548055710783,1.2482731661494878e-134,0.0,0.0,0.0,0.0,0.0,0.0,0.0,0.0,4.9203318028597944e-6,3.9336078668467375e-110,0.0,0.0,0.0,0.0,0.0,0.0,0.0,0.0,0.0,0.039993720607749174,1.242623841133877e-118,0.0,0.0,0.0,0.0,0.0,0.0,0.0,0.0,0.10502020928187979,2.4634375460762433e-69,0.0,0.0,0.0,0.0,0.0,0.0,0.0,0.0,0.0,2.5464590393713716e-13,3.1670859747579986e-91,0.0,0.0,0.0,0.0,0.0,0.0,0.0,0.0,0.0007734040684353339,3.658773663859686e-90,0.0,0.0,0.0,0.0,0.0,0.0,0.0,0.0,0.03943799523900335,5.843372632937522e-182,0.0,0.0,0.0,0.0,0.0,0.0,0.0,0.0,0.0,0.08829588855450386,2.341266620121023e-44,0.0,0.0,0.0,0.0,0.0,0.0,0.0,0.0,0.08716250238271002,9.83448801868975e-81,0.0,0.0,0.0,0.0,0.0,0.0,0.0,0.0,0.14595824761001558,1.2735635813329794e-25,0.0,0.0,0.0,0.0,0.0,0.0,0.0,0.0,0.03180330148905714,9.098268577476301e-151,0.0,0.0,0.0,0.0,0.0,0.0,0.0,0.0,6.394132034528757e-6,7.679408877136635e-76,0.0,0.0,0.0,0.0,0.0,0.0,0.0,0.0,0.0,0.05154347038107274,2.3491788606383466e-163,0.0,0.0,0.0,0.0,0.0,0.0,0.0,0.003530958345299484,2.630338695772278e-136,0.0,0.0,0.0,0.0,0.0,0.0,0.0,0.0,0.004291371084374107,5.403403633840456e-46,0.0,0.0,0.0,0.0,0.0,0.0,0.0,9.915280214769633e-5,2.319398912342549e-101,0.0,0.0,0.0,0.0,0.0,0.0,0.00903777441377106,8.47511188380698e-77,0.0,0.0,0.0,0.0,0.0,0.0,0.0,1.1329811806842763e-12,9.296435360538356e-69,0.0,0.0,0.0,0.0,0.0,0.0,4.250190467245497e-21,1.75424157240278e-79,0.0,0.0,0.0,0.0,0.0,0.0005014450195960674,1.5595883432146304e-61,0.0,0.0,0.0,0.0,7.645822958075378e-195,1.0519497188998085e-52,0.0,0.0,0.0,7.539396815385985e-99,0.0,0.0,0.0,0.0,0.0,0.0,0.0,0.0,0.0,0.0,0.0
0.0,0.0,0.0,0.0,0.0,0.0,0.0,0.0,0.0,0.011570434412796543,0.0,0.0,0.0,0.0,0.0,0.0,0.0,0.0,0.0,0.0,2.261826974031848e-257,0.7565134542382034,0.0,0.0,0.0,0.0,0.0,0.0,0.0,0.0,0.0,0.0,1.1270899511165308e-205,0.23191611134900023,0.0,0.0,0.0,0.0,0.0,0.0,0.0,0.0,0.0,0.0,0.0,0.0,0.0,0.0,0.0,0.0,0.0,0.0,0.0,0.0,0.0,0.0,0.0,0.0,0.0,0.0,0.0,0.0,0.0,0.0,0.0,0.0,0.0,0.0,0.0,0.0,0.0,0.0,0.0,0.0,0.0,0.0,0.0,0.0,0.0,0.0,0.0,0.0,0.0,0.0,0.0,0.0,0.0,0.0,0.0,0.0,0.0,0.0,0.0,0.0,0.0,0.0,0.0,0.0,0.0,0.0,0.0,0.0,0.0,0.0,0.0,0.0,0.0,0.0,0.0,0.0,0.0,0.0,0.0,0.0,0.0,0.0,0.0,0.0,0.0,0.0,0.0,0.0,0.0,0.0,0.0,0.0,0.0,0.0,0.0,0.0,0.0,0.0,0.0,0.0,0.0,0.0,0.0,0.0,0.0,0.0,0.0,0.0,0.0,0.0,0.0,0.0,0.0,0.0,0.0,0.0,0.0,0.0,0.0,0.0,0.0,0.0,0.0,0.0,0.0,0.0,0.0,0.0,0.0,0.0,0.0,0.0,0.0,0.0,0.0,0.0,0.0,0.0,0.0,0.0,0.0,0.0,0.0,0.0,0.0,0.0,0.0,0.0,0.0,0.0,0.0,0.0,0.0,0.0,0.0,0.0,0.0,0.0,0.0,0.0,0.0,0.0,0.0,0.0,0.0,0.0,0.0,0.0,0.0,0.0,0.0,0.0,0.0,0.0,0.0,0.0,0.0,0.0,0.0,0.0,0.0,0.0,0.0,0.0,0.0,0.0,0.0,0.0,0.0,0.0,0.0,0.0,0.0,0.0,0.0,0.0,0.0,0.0,0.0,0.0,0.0,0.0,0.0,0.0,0.0,0.0,0.0,0.0,0.0,0.0,0.0,0.0,0.0,0.0,0.0,0.0,0.0,0.0,0.0,0.0,0.0,0.0,0.0,0.0,0.0,0.0,0.0,0.0,0.0,0.0,0.0,0.0,0.0,0.0,0.0,0.0,0.0,0.0,0.0,0.0,0.0,0.0,0.0,0.0,0.0,0.0,0.0,0.0,0.0,0.0,0.0,0.0,0.0,0.0,0.0,0.0,0.0,0.0,0.0,0.0,0.0,0.0,0.0,0.0,0.0,0.0,0.0,0.0,0.0,0.0,0.0,0.0,0.0,0.0,0.0,0.0,0.0,0.0,0.0,0.0,0.0,0.0,0.0,0.0,0.0,0.0,0.0,0.0,0.0,0.0,0.0,0.0
0.0,0.0,8.396855417283707e-234,5.73942640993169e-208,0.0,0.0,0.0,0.0,0.0,0.0,0.0,0.0,0.0,0.0,8.70565036559755e-86,0.018560016268977367,1.4741297733982833e-285,0.0,0.0,0.0,0.0,0.0,0.0,0.0,0.0,0.0,1.9902007493619469e-53,0.7774496321446319,1.7984955038389422e-251,0.0,0.0,0.0,0.0,0.0,0.0,0.0,0.0,0.0,6.477222559207313e-45,0.17735015787738584,1.3039054891120795e-257,0.0,0.0,0.0,0.0,0.0,0.0,0.0,0.0,0.0,2.9460969794438194e-94,0.0023016244467884642,1.0120701454572353e-259,0.0,0.0,0.0,0.0,0.0,0.0,0.0,0.0,0.0,5.613775255876309e-91,5.647494430525232e-5,1.1711892481877707e-245,0.0,0.0,0.0,0.0,0.0,0.0,0.0,0.0,0.0,9.59706604407341e-96,0.0005013554052885254,0.0,0.0,0.0,0.0,0.0,0.0,0.0,0.0,0.0,0.0,4.216089309584282e-74,0.0031536513867459095,0.0,0.0,0.0,0.0,0.0,0.0,0.0,0.0,0.0,1.4571399729326683e-124,3.975792076958095e-17,5.767936431515503e-207,0.0,0.0,0.0,0.0,0.0,0.0,0.0,0.0,0.0,1.859028372489997e-141,0.003933683443281368,0.0,0.0,0.0,0.0,0.0,0.0,0.0,0.0,0.0,3.7603365279943588e-56,0.0017487237507290757,0.0,0.0,0.0,0.0,0.0,0.0,0.0,0.0,2.350975578460578e-153,4.8627607573751616e-20,0.0,0.0,0.0,0.0,0.0,0.0,0.0,0.0,0.0,3.60391563843455e-47,0.0018115601229308572,0.0,0.0,0.0,0.0,0.0,0.0,0.0,0.0,3.8572217312490057e-75,0.005390581206191135,1.3894494e-316,0.0,0.0,0.0,0.0,0.0,0.0,0.0,0.0,1.888769203115637e-154,0.0022828634207334277,0.0,0.0,0.0,0.0,0.0,0.0,0.0,0.0,1.901091389352814e-169,3.846175318960963e-35,0.0,0.0,0.0,0.0,0.0,0.0,0.0,0.0,2.6835768388564565e-65,0.0020300288599052387,0.0,0.0,0.0,0.0,0.0,0.0,0.0,0.0,0.0,2.6254730171656587e-155,0.0005209686772563449,0.0,0.0,0.0,0.0,0.0,0.0,0.0,0.0,9.901318744479766e-116,6.749772885624338e-94,0.0,0.0,0.0,0.0,0.0,0.0,0.0,0.0,5.48870684031643e-301,0.0029086779624519802,0.0,0.0,0.0,0.0,0.0,0.0,0.0,0.0,2.936398148291293e-107,1.6561008856762112e-75,0.0,0.0,0.0,0.0,0.0,0.0,0.0,0.0,4.261107723680425e-184,8.239707348924775e-11,0.0,0.0,0.0,0.0,0.0,0.0,0.0,0.0,0.0,3.7080676907538524e-226,3.788882316058085e-93,0.0,0.0,0.0,0.0,0.0,0.0,0.0,0.0,7.821937409603499e-135,0.0,0.0,0.0,0.0,0.0,0.0,0.0,0.0,3.44987008298312e-214,1.2183433218412453e-82,0.0,0.0,0.0,0.0,0.0,0.0,0.0,0.0,1.8135662780495633e-95,0.0,0.0,0.0,0.0,0.0,0.0,1.0981747508550089e-269,5.982338157351142e-65,0.0,0.0,0.0,0.0,0.0,0.0,0.0,6.582568308503661e-127,3.5243956388820377e-99,0.0,0.0,0.0,0.0,0.0,0.0,3.773494457197227e-213,6.841862426669868e-150,0.0,0.0,0.0,0.0,0.0,1.2786937619294301e-226,5.47770959983178e-107,0.0,0.0,0.0,0.0,0.0,7.518613995439701e-90,0.0,0.0,0.0,3.473833641119472e-74,0.0,0.0,0.0,0.0,0.0,0.0,0.0,0.0,1.1070335998613495e-194,0.0
0.0,0.0,0.0,0.0,0.0,0.0,0.0,0.0,0.0,1.3933275065561335e-56,7.707921467238252e-300,0.0,0.0,0.0,0.0,0.0,0.0,0.0,0.0,0.0,0.0,0.00028895671951305725,2.5101372380176056e-167,0.0,0.0,0.0,0.0,0.0,0.0,0.0,0.0,0.0,0.0,0.9810744055786463,2.0028352855256736e-143,0.0,0.0,0.0,0.0,0.0,0.0,0.0,0.0,0.0,0.0,0.0,3.228840421814818e-123,0.0,0.0,0.0,0.0,0.0,0.0,0.0,0.0,0.0,0.0,0.0,8.587902886022154e-133,0.0,0.0,0.0,0.0,0.0,0.0,0.0,0.0,0.0,0.0,0.0,4.1576359069299684e-138,0.0,0.0,0.0,0.0,0.0,0.0,0.0,0.0,0.0,0.0,0.018636637701840555,0.0,0.0,0.0,0.0,0.0,0.0,0.0,0.0,0.0,0.0,0.0,0.0,0.0,0.0,0.0,0.0,0.0,0.0,0.0,0.0,0.0,0.0,0.0,5.951015329685185e-150,0.0,0.0,0.0,0.0,0.0,0.0,0.0,0.0,0.0,0.0,0.0,0.0,0.0,0.0,0.0,0.0,0.0,0.0,0.0,0.0,0.0,0.0,0.0,0.0,0.0,0.0,0.0,0.0,0.0,0.0,0.0,0.0,0.0,0.0,0.0,0.0,0.0,0.0,0.0,0.0,0.0,0.0,0.0,0.0,0.0,0.0,0.0,0.0,0.0,0.0,0.0,0.0,0.0,0.0,0.0,0.0,0.0,0.0,0.0,0.0,0.0,0.0,0.0,0.0,0.0,0.0,0.0,0.0,0.0,0.0,0.0,0.0,0.0,0.0,0.0,0.0,0.0,0.0,0.0,0.0,0.0,0.0,0.0,0.0,0.0,0.0,0.0,0.0,0.0,0.0,0.0,0.0,0.0,0.0,0.0,0.0,0.0,0.0,0.0,0.0,0.0,0.0,0.0,0.0,0.0,0.0,0.0,0.0,0.0,0.0,0.0,0.0,0.0,0.0,0.0,0.0,0.0,0.0,0.0,0.0,0.0,0.0,0.0,0.0,0.0,0.0,0.0,0.0,0.0,0.0,0.0,0.0,0.0,0.0,0.0,0.0,0.0,0.0,0.0,0.0,0.0,0.0,0.0,0.0,0.0,0.0,0.0,0.0,0.0,0.0,0.0,0.0,0.0,0.0,0.0,0.0,0.0,0.0,0.0,0.0,0.0,0.0,0.0,0.0,0.0,0.0,0.0,0.0,0.0,0.0,0.0,0.0,0.0,0.0,0.0,0.0,0.0,0.0,0.0,0.0,0.0,0.0,0.0,0.0,0.0,0.0,0.0,0.0,0.0,0.0,0.0,0.0,0.0,0.0,0.0,0.0,0.0,0.0,0.0,0.0,0.0,0.0,0.0,0.0,0.0,0.0,0.0,0.0,0.0,0.0,0.0,0.0,0.0,0.0,0.0,0.0,0.0,0.0,0.0,0.0
9.710649220740383e-73,0.0,0.0,0.0,0.0,0.0,0.0,0.0,0.0,0.0,0.0,0.012359225703551809,9.954091832055406e-53,0.0,0.0,0.0,0.0,0.0,0.0,0.0,0.0,0.0,0.0,0.5359157066757025,2.4985099335023e-44,0.0,0.0,0.0,0.0,0.0,0.0,0.0,0.0,0.0,0.0,0.3894311115017633,1.137785582149181e-42,0.0,0.0,0.0,0.0,0.0,0.0,0.0,0.0,0.0,0.0,0.011292393347234229,1.3293174784690755e-52,0.0,0.0,0.0,0.0,0.0,0.0,0.0,0.0,0.0,0.0,0.00762971408558116,6.27136050835843e-31,0.0,0.0,0.0,0.0,0.0,0.0,0.0,0.0,0.0,0.0,0.004190959866046743,1.0383095884466788e-53,0.0,0.0,0.0,0.0,0.0,0.0,0.0,0.0,0.0,0.0,0.000277634747773739,3.158757284735097e-36,0.0,0.0,0.0,0.0,0.0,0.0,0.0,0.0,0.0,0.007893076624787018,7.088140901615699e-87,0.0,0.0,0.0,0.0,0.0,0.0,0.0,0.0,0.0,0.0,0.006850060098032931,8.015691752595787e-127,0.0,0.0,0.0,0.0,0.0,0.0,0.0,0.0,0.0,0.00887732508305596,3.2706851642559763e-43,0.0,0.0,0.0,0.0,0.0,0.0,0.0,0.0,0.0012274883037922547,2.5738569761982868e-33,0.0,0.0,0.0,0.0,0.0,0.0,0.0,0.0,0.0,0.0034364712103143757,0.0,0.0,0.0,0.0,0.0,0.0,0.0,0.0,0.0,1.4574335005815816e-40,3.8549027409125714e-128,0.0,0.0,0.0,0.0,0.0,0.0,0.0,0.0,0.0,0.001492582159394467,7.950033106241601e-26,0.0,0.0,0.0,0.0,0.0,0.0,0.0,0.0,3.188458194591876e-30,2.4705515436144375e-29,0.0,0.0,0.0,0.0,0.0,0.0,0.0,0.0,1.4536738416410155e-16,0.0,0.0,0.0,0.0,0.0,0.0,0.0,0.0,0.0,0.0,9.941145160119593e-92,9.841680634759434e-288,0.0,0.0,0.0,0.0,0.0,0.0,0.0,0.0,0.0007010348221577104,6.40892866076856e-161,0.0,0.0,0.0,0.0,0.0,0.0,0.0,0.0,3.3784446077419084e-11,2.061058586237024e-130,0.0,0.0,0.0,0.0,0.0,0.0,0.0,0.0,0.001376504001085746,1.5490940659014522e-101,0.0,0.0,0.0,0.0,0.0,0.0,0.0,0.0,1.0905785404188382e-74,1.1552699639979541e-131,0.0,0.0,0.0,0.0,0.0,0.0,0.0,0.0,0.0,5.94684260087105e-75,0.0,0.0,0.0,0.0,0.0,0.0,0.0,0.0,1.8941732738948244e-74,0.0,0.0,0.0,0.0,0.0,0.0,0.0,0.0,0.0,9.135804812823768e-83,0.0,0.0,0.0,0.0,0.0,0.0,0.0,0.0,0.0011329726617858248,4.741886781258165e-108,0.0,0.0,0.0,0.0,0.0,0.0,0.0021532429074965927,4.955700326215334e-121,0.0,0.0,0.0,0.0,0.0,0.0,0.0,0.0020200519684398276,0.0,0.0,0.0,0.0,0.0,0.0,0.0,0.0009394244379078211,0.0008030197603113149,0.0,0.0,0.0,0.0,0.0,1.672721167219758e-83,0.0,0.0,0.0,0.0,0.0,6.48415681251e-312,0.0,0.0,0.0,0.0,0.0,0.0,0.0,0.0,0.0,0.0,0.0,0.0,0.0,0.0,0.0,0.0,0.0,0.0
0.0,0.0,0.0,1.2800491214458408e-200,4.9606738896162364e-235,0.0,0.0,0.0,0.0,0.0,0.0,0.0,0.0,0.0,0.0,1.1871066818702183e-34,1.0117220670173957e-79,0.0,0.0,0.0,0.0,0.0,0.0,0.0,0.0,0.0,0.0,0.018652603393904194,5.758778054761395e-65,0.0,0.0,0.0,0.0,0.0,0.0,0.0,0.0,0.0,0.0,0.17771266808319278,3.7752250604840738e-62,0.0,0.0,0.0,0.0,0.0,0.0,0.0,0.0,0.0,0.0,0.07717181660799045,3.095993966169829e-51,0.0,0.0,0.0,0.0,0.0,0.0,0.0,0.0,0.0,0.0,0.051385095344850015,1.1008423652571682e-78,0.0,0.0,0.0,0.0,0.0,0.0,0.0,0.0,0.0,0.0,0.0349576740254772,9.11339044983109e-79,0.0,0.0,0.0,0.0,0.0,0.0,0.0,0.0,0.0,0.0,0.0379597574932101,2.5726730308337833e-44,0.0,0.0,0.0,0.0,0.0,0.0,0.0,0.0,0.0,0.034813878559076014,4.727106144015982e-108,0.0,0.0,0.0,0.0,0.0,0.0,0.0,0.0,0.0,0.0,0.03557129197102281,6.242623221199849e-69,0.0,0.0,0.0,0.0,0.0,0.0,0.0,0.0,0.0,0.050439792281329325,5.118230231388585e-70,0.0,0.0,0.0,0.0,0.0,0.0,0.0,0.0,0.03903765494068445,1.7961069741121732e-95,0.0,0.0,0.0,0.0,0.0,0.0,0.0,0.0,0.0,0.020793357539570585,7.165188727539798e-37,0.0,0.0,0.0,0.0,0.0,0.0,0.0,0.0,0.03647274371803899,2.026217633796565e-79,0.0,0.0,0.0,0.0,0.0,0.0,0.0,0.0,0.0,0.02471262990999788,1.195842153869952e-80,0.0,0.0,0.0,0.0,0.0,0.0,0.0,0.0,0.01300089953993776,8.144228348638564e-92,0.0,0.0,0.0,0.0,0.0,0.0,0.0,0.0,0.015277286739939928,7.585873320599714e-88,0.0,0.0,0.0,0.0,0.0,0.0,0.0,0.0,0.0,0.020691691254288887,4.2176170063033766e-26,0.0,0.0,0.0,0.0,0.0,0.0,0.0,0.0,0.013949810963628096,9.283245220351968e-44,0.0,0.0,0.0,0.0,0.0,0.0,0.0,0.0,0.02507929270979758,1.234765493527249e-62,0.0,0.0,0.0,0.0,0.0,0.0,0.0,0.0,0.022569321922837195,1.2884431625605124e-56,0.0,0.0,0.0,0.0,0.0,0.0,0.0,0.0,0.031108680559120822,3.265216384153412e-46,0.0,0.0,0.0,0.0,0.0,0.0,0.0,0.0,0.0,0.020364333527429997,8.333251627014942e-52,0.0,0.0,0.0,0.0,0.0,0.0,0.0,0.018773898659546144,3.9469467405636236e-49,0.0,0.0,0.0,0.0,0.0,0.0,0.0,0.0,0.017947618795699668,2.3040695961414503e-80,0.0,0.0,0.0,0.0,0.0,0.0,0.0,0.04693474664886538,8.072789832942725e-164,0.0,0.0,0.0,0.0,0.0,0.0,0.05444430611268302,7.904914395869752e-67,0.0,0.0,0.0,0.0,0.0,0.0,0.0,0.02826152097665239,1.6377790718271388e-110,0.0,0.0,0.0,0.0,0.0,0.0,0.016896508793591534,7.207176069033173e-75,0.0,0.0,0.0,0.0,0.0,0.0,5.002681582564325e-19,0.0,0.0,0.0,0.0,0.01126433919572769,0.0,0.0,0.0,0.0,0.001877389865954615,0.0,0.0,0.0,0.0,0.0,0.0,0.0,0.001877389865954615,0.0
0.0,0.0,0.0,2.6610724184026703e-266,0.0,0.0,0.0,0.0,0.0,0.0,0.0,0.0,0.0,0.0,2.8299343492229614e-81,7.95307470786383e-32,0.0,0.0,0.0,0.0,0.0,0.0,0.0,0.0,0.0,0.0,7.09252013640832e-43,0.0007791989277379311,0.0,0.0,0.0,0.0,0.0,0.0,0.0,0.0,0.0,0.0,1.1090949695195143e-42,0.2394774021854139,0.0,0.0,0.0,0.0,0.0,0.0,0.0,0.0,0.0,0.0,7.417846583365513e-50,0.20241970745118068,0.0,0.0,0.0,0.0,0.0,0.0,0.0,0.0,0.0,0.0,3.1150474164007284e-45,0.09414207678192932,0.0,0.0,0.0,0.0,0.0,0.0,0.0,0.0,0.0,0.0,3.659017350429846e-20,0.042866593091533484,0.0,0.0,0.0,0.0,0.0,0.0,0.0,0.0,0.0,0.0,1.9585419864424978e-39,0.04913137368644421,0.0,0.0,0.0,0.0,0.0,0.0,0.0,0.0,0.0,1.2832801270164088e-53,0.020489562884696954,0.0,0.0,0.0,0.0,0.0,0.0,0.0,0.0,0.0,0.0,2.838204228166175e-73,0.03338982874864023,0.0,0.0,0.0,0.0,0.0,0.0,0.0,0.0,0.0,1.1491252571650663e-36,0.052754380899412805,0.0,0.0,0.0,0.0,0.0,0.0,0.0,0.0,1.8248816168936308e-31,0.03158044800120058,0.0,0.0,0.0,0.0,0.0,0.0,0.0,0.0,0.0,7.12843971479059e-114,0.016609091929465105,0.0,0.0,0.0,0.0,0.0,0.0,0.0,0.0,1.717361317029155e-28,0.009630513296829974,0.0,0.0,0.0,0.0,0.0,0.0,0.0,0.0,0.0,2.0614154518520805e-31,0.013336068407052976,0.0,0.0,0.0,0.0,0.0,0.0,0.0,0.0,3.744907823756117e-67,0.0522757512416981,0.0,0.0,0.0,0.0,0.0,0.0,0.0,0.0,6.332512798461974e-24,0.009695247767363817,0.0,0.0,0.0,0.0,0.0,0.0,0.0,0.0,0.0,9.676303441710362e-26,0.02915214317914489,0.0,0.0,0.0,0.0,0.0,0.0,0.0,0.0,4.3526373984863904e-100,0.00249601392114591,0.0,0.0,0.0,0.0,0.0,0.0,0.0,0.0,1.2465484033284682e-133,0.02988833101098224,0.0,0.0,0.0,0.0,0.0,0.0,0.0,0.0,1.4541003233739449e-12,0.008669659231558758,0.0,0.0,0.0,0.0,0.0,0.0,0.0,0.0,3.482815821122762e-38,0.010648133160349925,0.0,0.0,0.0,0.0,0.0,0.0,0.0,0.0,0.0,1.5805897839198274e-73,0.005052085173400452,0.0,0.0,0.0,0.0,0.0,0.0,0.0,0.0,1.6817292585689392e-17,0.0,0.0,0.0,0.0,0.0,0.0,0.0,0.0,2.202395090229815e-68,0.015075525768096907,0.0,0.0,0.0,0.0,0.0,0.0,0.0,0.0,1.2813866869903666e-56,0.0,0.0,0.0,0.0,0.0,0.0,5.5903726349297955e-98,1.8948088692098295e-15,0.0,0.0,0.0,0.0,0.0,0.0,0.0,5.2164942313775515e-40,0.01291180184695795,0.0,0.0,0.0,0.0,0.0,0.0,2.4965875849267872e-49,8.373329150654138e-98,0.0,0.0,0.0,0.0,0.0,8.707262986814589e-54,0.013146796054730311,0.0,0.0,0.0,0.0,0.0,3.8904688936306154e-48,0.0,0.0,0.0,0.00438226535157666,0.0,0.0,0.0,0.0,0.0,0.0,0.0,0.0,4.044106430735747e-73,0.0
1.244750361702917e-186,0.0,0.0,0.0,0.0,0.0,0.0,0.0,0.0,0.0,2.879451792504704e-196,1.302837471211512e-41,5.309030197260636e-122,0.0,0.0,0.0,0.0,0.0,0.0,0.0,0.0,0.0,6.206079529335417e-127,1.369022254858043e-7,3.578989744718426e-108,0.0,0.0,0.0,0.0,0.0,0.0,0.0,0.0,0.0,6.199711544371491e-123,0.34552792060168186,5.648523557040926e-110,0.0,0.0,0.0,0.0,0.0,0.0,0.0,0.0,0.0,1.7829788285717097e-138,0.24238810460652524,2.7754472088195733e-120,0.0,0.0,0.0,0.0,0.0,0.0,0.0,0.0,0.0,2.5606770414231653e-100,0.11515120554935407,7.43135050058622e-89,0.0,0.0,0.0,0.0,0.0,0.0,0.0,0.0,0.0,2.288883933770854e-150,0.06564520716822854,1.2757456429217692e-113,0.0,0.0,0.0,0.0,0.0,0.0,0.0,0.0,0.0,1.0764858212544477e-132,0.0457067103316789,2.64849417284163e-85,0.0,0.0,0.0,0.0,0.0,0.0,0.0,0.0,7.82802666163108e-160,0.02523043683620773,1.0688846599545002e-144,0.0,0.0,0.0,0.0,0.0,0.0,0.0,0.0,0.0,2.2527254147361787e-103,0.022409846674629075,4.728405259857702e-148,0.0,0.0,0.0,0.0,0.0,0.0,0.0,0.0,1.0199379406480517e-131,0.012321114760969084,4.838585061236594e-140,0.0,0.0,0.0,0.0,0.0,0.0,0.0,2.6755025564356147e-112,0.024093035476208738,9.035604038420052e-140,0.0,0.0,0.0,0.0,0.0,0.0,0.0,0.0,3.1197867179221855e-90,0.019338973112213036,0.0,0.0,0.0,0.0,0.0,0.0,0.0,0.0,0.0,0.011701308528128854,2.267292278804137e-183,0.0,0.0,0.0,0.0,0.0,0.0,0.0,0.0,0.0,0.008129658805060568,8.437608434808332e-76,0.0,0.0,0.0,0.0,0.0,0.0,0.0,0.0,0.0059367349563693135,3.135538176839278e-98,0.0,0.0,0.0,0.0,0.0,0.0,0.0,0.0,0.0068066751863421595,0.0,0.0,0.0,0.0,0.0,0.0,0.0,0.0,0.0,0.0,0.004521344717190353,1.673231972502021e-266,0.0,0.0,0.0,0.0,0.0,0.0,0.0,8.175118271681134e-74,0.005837117903840618,1.810214142405409e-211,0.0,0.0,0.0,0.0,0.0,0.0,0.0,0.0,0.008025661702160476,4.8661743977240195e-158,0.0,0.0,0.0,0.0,0.0,0.0,0.0,0.0,0.006769633450268575,3.211894061472427e-180,0.0,0.0,0.0,0.0,0.0,0.0,0.0,0.0,2.2527012556851332e-6,3.770454133701943e-148,0.0,0.0,0.0,0.0,0.0,0.0,0.0,0.0,0.0,2.6744714113820405e-77,0.0,0.0,0.0,0.0,0.0,0.0,0.0,4.6034412885447764e-66,0.0014661727901141225,1.352385795074429e-286,0.0,0.0,0.0,0.0,0.0,0.0,0.0,0.0,0.005643757327293963,0.0,0.0,0.0,0.0,0.0,0.0,0.0,0.0,3.1720293418622914e-23,4.446013929452363e-157,0.0,0.0,0.0,0.0,0.0,0.0,0.010401226417524482,1.5900232408748672e-130,0.0,0.0,0.0,0.0,0.0,0.0,0.0,0.004787301040942695,0.0,0.0,0.0,0.0,0.0,0.0,0.0,7.159208902884044e-37,1.618239718223414e-107,0.0,0.0,0.0,0.0,0.0,0.002158462453586363,0.0,0.0,0.0,0.0,0.0,4.2328864406693304e-213,0.0,0.0,0.0,0.0,0.0,0.0,0.0,0.0,0.0,0.0,0.0,0.0,0.0,0.0,0.0,0.0,0.0,0.0
3.3377047427798926e-98,4.271221182210662e-120,0.0,0.0,0.0,0.0,0.0,0.0,0.0,0.0,0.0,4.423690563887342e-216,0.0007187476762402879,2.9957639918041696e-84,0.0,0.0,0.0,0.0,0.0,0.0,0.0,0.0,0.0,2.604042889201767e-85,0.19808198362421284,1.4203909208491516e-100,0.0,0.0,0.0,0.0,0.0,0.0,0.0,0.0,0.0,1.913727125079555e-83,0.19651980291292867,2.020828502233002e-104,0.0,0.0,0.0,0.0,0.0,0.0,0.0,0.0,0.0,1.4350104457930699e-86,0.09901699600583946,2.3122873476883774e-76,0.0,0.0,0.0,0.0,0.0,0.0,0.0,0.0,0.0,8.477904444176815e-82,0.028440764991131563,7.732793864390275e-73,0.0,0.0,0.0,0.0,0.0,0.0,0.0,0.0,0.0,4.195434623681954e-142,0.03353486344189818,6.393523858975715e-76,0.0,0.0,0.0,0.0,0.0,0.0,0.0,0.0,0.0,9.569535326548655e-99,0.02151055416654486,2.0937105095373677e-76,0.0,0.0,0.0,0.0,0.0,0.0,0.0,0.0,7.799997575967361e-87,0.028238402940318784,8.813222557519005e-96,0.0,0.0,0.0,0.0,0.0,0.0,0.0,0.0,0.0,6.814267483787707e-103,0.03391212485812205,8.306907913450181e-102,0.0,0.0,0.0,0.0,0.0,0.0,0.0,0.0,8.349385075046492e-93,0.03447656553735082,1.3578570592637726e-110,0.0,0.0,0.0,0.0,0.0,0.0,0.0,7.872403009618172e-90,0.02459250691779401,4.267786730929181e-107,0.0,0.0,0.0,0.0,0.0,0.0,0.0,0.0,1.0940306441668762e-86,0.03037825581867109,5.323698160669235e-81,0.0,0.0,0.0,0.0,0.0,0.0,0.0,1.1603273699523397e-106,0.028353038764093015,1.1374179826273351e-56,0.0,0.0,0.0,0.0,0.0,0.0,0.0,0.0,1.5944504461564219e-68,0.020252170545780726,4.706260984887579e-34,0.0,0.0,0.0,0.0,0.0,0.0,0.0,1.0913702838979259e-82,0.03037825581867109,7.237346871342262e-95,0.0,0.0,0.0,0.0,0.0,0.0,0.0,3.5181224889003383e-87,0.019393570746722974,1.4615395648717595e-64,0.0,0.0,0.0,0.0,0.0,0.0,0.0,0.0,1.8838188353268765e-94,0.0111386938001794,2.647094944296866e-59,0.0,0.0,0.0,0.0,0.0,0.0,0.0,3.454410832058092e-84,0.015136982378235056,4.017351308193815e-65,0.0,0.0,0.0,0.0,0.0,0.0,0.0,9.292961738224489e-104,0.010126041070101486,0.0,0.0,0.0,0.0,0.0,0.0,0.0,0.0,0.0,0.0105032124933876,6.041542217086093e-105,0.0,0.0,0.0,0.0,0.0,0.0,0.0,5.1436636037478745e-149,0.01620173643662458,1.6989414890636172e-107,0.0,0.0,0.0,0.0,0.0,0.0,0.0,0.0,1.1391291137680707e-93,0.012151302327468435,5.070908343436296e-121,0.0,0.0,0.0,0.0,0.0,0.0,9.46526089172702e-102,0.009113476745601326,2.739822351644495e-110,0.0,0.0,0.0,0.0,0.0,0.0,0.0,0.0,0.006075651163734218,1.4094732432991427e-42,0.0,0.0,0.0,0.0,0.0,0.0,1.087304377038338e-109,0.03037825581867109,7.201865228959456e-74,0.0,0.0,0.0,0.0,0.0,1.011916394013274e-99,0.021264779073069666,4.0344248225590096e-112,0.0,0.0,0.0,0.0,0.0,0.0,4.479358328360691e-116,0.018226953491202652,1.463734580474334e-158,0.0,0.0,0.0,0.0,0.0,4.023036733491835e-118,0.0017582251625137115,9.265982653648642e-111,0.0,0.0,0.0,0.0,0.0,0.0050630426364451815,5.7964006628246745e-71,0.0,0.0,0.0,1.6392687957544553e-89,0.0010126085272890363,0.0,0.0,0.0,0.0,0.0020252170545780727,0.0,0.0,0.0,0.0,0.0020252170545780727,0.0,0.0,0.0,0.0,0.0,0.0,0.0
0.0,0.0,0.0,0.0,0.0,2.3498099638267876e-296,4.007102497174044e-174,0.0,0.0,0.0,0.0,0.0,0.0,0.0,0.0,0.0,0.0,6.731042376306404e-89,0.04402307877759252,1.8152147595179808e-286,0.0,0.0,0.0,0.0,0.0,0.0,0.0,0.0,0.0,4.1104316393530186e-79,0.7674169638695492,6.027853146461076e-300,0.0,0.0,0.0,0.0,0.0,0.0,0.0,0.0,0.0,1.3880881045668702e-76,0.11614710841135173,1.2445656359217e-311,0.0,0.0,0.0,0.0,0.0,0.0,0.0,0.0,0.0,1.8168256010212442e-79,0.012193759275928842,3.9499049495595196e-284,0.0,0.0,0.0,0.0,0.0,0.0,0.0,0.0,0.0,9.43554182684054e-52,0.025746751721166337,1.915642590093452e-296,0.0,0.0,0.0,0.0,0.0,0.0,0.0,0.0,0.0,7.91414914267661e-74,0.024303998333997046,0.0,0.0,0.0,0.0,0.0,0.0,0.0,0.0,0.0,0.0,4.410508731759841e-44,0.005440723856635221,3.6248286750998106e-270,0.0,0.0,0.0,0.0,0.0,0.0,0.0,0.0,0.0,2.7472005251226673e-113,0.0,0.0,0.0,0.0,0.0,0.0,0.0,0.0,0.0,0.0,0.0,2.764540056191313e-176,0.0,0.0,0.0,0.0,0.0,0.0,0.0,0.0,0.0,0.0,9.730682083953291e-33,0.0,0.0,0.0,0.0,0.0,0.0,0.0,0.0,1.446416635958573e-113,0.0034720165796703617,0.0,0.0,0.0,0.0,0.0,0.0,0.0,0.0,0.0,0.0,5.3049088427060255e-39,0.0,0.0,0.0,0.0,0.0,0.0,0.0,0.0,5.940402468383422e-206,1.0662026450003043e-6,0.0,0.0,0.0,0.0,0.0,0.0,0.0,0.0,0.0,0.0,3.8517525904344445e-30,0.0,0.0,0.0,0.0,0.0,0.0,0.0,0.0,4.906538948915715e-72,1.328619598454382e-48,0.0,0.0,0.0,0.0,0.0,0.0,0.0,0.0,4.885693905556628e-62,0.0012545329714637485,0.0,0.0,0.0,0.0,0.0,0.0,0.0,0.0,0.0,3.6851880870772493e-93,4.233304987849544e-101,0.0,0.0,0.0,0.0,0.0,0.0,0.0,0.0,0.0,3.919221646261173e-180,0.0,0.0,0.0,0.0,0.0,0.0,0.0,0.0,0.0,0.0,0.0,0.0,0.0,0.0,0.0,0.0,0.0,0.0,0.0,4.3942904513310385e-209,0.0,0.0,0.0,0.0,0.0,0.0,0.0,0.0,0.0,2.5027290413971396e-300,0.0,0.0,0.0,0.0,0.0,0.0,0.0,0.0,0.0,0.0,0.0,0.0,0.0,0.0,0.0,0.0,0.0,0.0,0.0,0.0,0.0,0.0,0.0,0.0,0.0,0.0,0.0,0.0,0.0,0.0,0.0,0.0,0.0,0.0,0.0,0.0,0.0,0.0,4.3646092748472236e-269,0.0,0.0,0.0,0.0,0.0,0.0,0.0,0.0,0.0,0.0,0.0,0.0,0.0,0.0,0.0,0.0,0.0,0.0,0.0,0.0,0.0,0.0,0.0,0.0,0.0,0.0,0.0,0.0,0.0,0.0,0.0,0.0,0.0,0.0,0.0,0.0,0.0,0.0,0.0,0.0,0.0,0.0,0.0,0.0,0.0,0.0,0.0,0.0,0.0
0.0,0.0,0.0,0.0,0.0,0.0,1.271875268054706e-218,4.681287232124752e-247,0.0,0.0,0.0,0.0,0.0,0.0,0.0,0.0,0.0,0.0,0.020022589011220636,6.785804501642375e-56,0.0,0.0,0.0,0.0,0.0,0.0,0.0,0.0,0.0,0.0,0.5761395580144844,1.393104485709959e-64,0.0,0.0,0.0,0.0,0.0,0.0,0.0,0.0,0.0,0.0,0.311761063782468,1.628896194418675e-52,0.0,0.0,0.0,0.0,0.0,0.0,0.0,0.0,0.0,0.0,0.04264202326572833,1.1962514255701575e-15,0.0,0.0,0.0,0.0,0.0,0.0,0.0,0.0,0.0,0.0,0.004568683421559146,2.4176827929968327e-56,0.0,0.0,0.0,0.0,0.0,0.0,0.0,0.0,0.0,0.0,0.015531664794464103,4.186086292369667e-58,0.0,0.0,0.0,0.0,0.0,0.0,0.0,0.0,0.0,0.0,0.00880542623309238,3.5560887540158185e-16,0.0,0.0,0.0,0.0,0.0,0.0,0.0,0.0,0.0,5.227890209485489e-34,0.0,0.0,0.0,0.0,0.0,0.0,0.0,0.0,0.0,0.0,0.0,0.0005634656435231472,7.047435453472618e-65,0.0,0.0,0.0,0.0,0.0,0.0,0.0,0.0,0.0,0.0018005529886510982,0.0,0.0,0.0,0.0,0.0,0.0,0.0,0.0,0.0,0.0041053557203229165,0.0,0.0,0.0,0.0,0.0,0.0,0.0,0.0,0.0,0.0,0.005051405208991687,0.0,0.0,0.0,0.0,0.0,0.0,0.0,0.0,0.0,0.0013576432208513862,0.0,0.0,0.0,0.0,0.0,0.0,0.0,0.0,0.0,0.0,2.625015662623323e-143,2.1240433619289557e-48,0.0,0.0,0.0,0.0,0.0,0.0,0.0,0.0,0.004953888214032665,0.0,0.0,0.0,0.0,0.0,0.0,0.0,0.0,0.0,1.8323139780124786e-63,0.0,0.0,0.0,0.0,0.0,0.0,0.0,0.0,0.0,0.0,1.5076306620455772e-59,0.0,0.0,0.0,0.0,0.0,0.0,0.0,0.0,0.0,0.0013515270827334676,0.0,0.0,0.0,0.0,0.0,0.0,0.0,0.0,0.0,1.0687834341780303e-210,1.0121223711411166e-46,0.0,0.0,0.0,0.0,0.0,0.0,0.0,0.0,4.4311405338811686e-222,0.0,0.0,0.0,0.0,0.0,0.0,0.0,0.0,0.0,1.012387049427214e-138,0.0,0.0,0.0,0.0,0.0,0.0,0.0,0.0,0.0,0.0,0.0013451533978751874,0.0,0.0,0.0,0.0,0.0,0.0,0.0,0.0,0.0,2.97223914882591e-41,0.0,0.0,0.0,0.0,0.0,0.0,0.0,0.0,0.0,0.0,0.0,0.0,0.0,0.0,0.0,0.0,0.0,0.0,0.0,0.0,0.0,0.0,0.0,0.0,0.0,1.0005876477760283e-206,0.0,0.0,0.0,0.0,0.0,0.0,0.0,0.0,0.0,0.0,0.0,0.0,0.0,0.0,0.0,0.0,0.0,0.0,0.0,0.0,0.0,0.0,0.0,0.0,0.0,0.0,0.0,0.0,0.0,0.0,0.0,0.0,0.0,0.0,0.0,0.0,0.0,0.0,0.0,0.0,0.0
0.0,0.0,0.0,0.0,0.0,7.086674580042e-311,0.0,0.0,0.0,0.0,0.0,0.0,0.0,0.0,0.0,0.0,3.460191017324943e-69,0.06238536720855188,0.0,0.0,0.0,0.0,0.0,0.0,0.0,0.0,0.0,0.0,1.556854775746072e-45,0.6988454564980562,0.0,0.0,0.0,0.0,0.0,0.0,0.0,0.0,0.0,0.0,8.411179024337796e-40,0.17237572761306896,0.0,0.0,0.0,0.0,0.0,0.0,0.0,0.0,0.0,0.0,3.446862874090154e-51,0.0159037067763555,0.0,0.0,0.0,0.0,0.0,0.0,0.0,0.0,0.0,0.0,5.331317132061952e-82,4.618473087484522e-31,0.0,0.0,0.0,0.0,0.0,0.0,0.0,0.0,0.0,0.0,1.8633881865410182e-87,0.00447491017320388,0.0,0.0,0.0,0.0,0.0,0.0,0.0,0.0,0.0,0.0,7.466328865020747e-55,0.013272801415692198,0.0,0.0,0.0,0.0,0.0,0.0,0.0,0.0,0.0,1.8127990545384325e-111,0.01187097428069223,0.0,0.0,0.0,0.0,0.0,0.0,0.0,0.0,0.0,0.0,1.6603829570568404e-140,1.2936851177917114e-33,0.0,0.0,0.0,0.0,0.0,0.0,0.0,0.0,0.0,1.7697049555874254e-124,4.6481724351003e-86,0.0,0.0,0.0,0.0,0.0,0.0,0.0,0.0,3.5998264363872677e-62,2.2441963954665995e-49,0.0,0.0,0.0,0.0,0.0,0.0,0.0,0.0,0.0,2.982128917391128e-135,0.010360040991211688,0.0,0.0,0.0,0.0,0.0,0.0,0.0,0.0,9.351593089283406e-64,6.330964694008436e-90,0.0,0.0,0.0,0.0,0.0,0.0,0.0,0.0,0.0,1.1408662394622129e-78,0.003548436676618655,0.0,0.0,0.0,0.0,0.0,0.0,0.0,0.0,8.788040173800888e-62,0.0029354145053679948,0.0,0.0,0.0,0.0,0.0,0.0,0.0,0.0,4.235514913544043e-134,3.22055143939994e-70,0.0,0.0,0.0,0.0,0.0,0.0,0.0,0.0,0.0,9.779786269439324e-96,0.0030297513279139033,0.0,0.0,0.0,0.0,0.0,0.0,0.0,0.0,6.234772587511093e-150,2.0455459111325812e-41,0.0,0.0,0.0,0.0,0.0,0.0,0.0,0.0,6.892676702151319e-71,2.0139354286867727e-42,0.0,0.0,0.0,0.0,0.0,0.0,0.0,0.0,0.0,0.0009974125332667654,0.0,0.0,0.0,0.0,0.0,0.0,0.0,0.0,2.9018852948492096e-207,5.5123568932425e-137,0.0,0.0,0.0,0.0,0.0,0.0,0.0,0.0,0.0,0.0,4.1098596079905053e-162,0.0,0.0,0.0,0.0,0.0,0.0,0.0,0.0,1.5637325217203216e-240,0.0,0.0,0.0,0.0,0.0,0.0,0.0,0.0,0.0,1.5094178369191284e-203,0.0,0.0,0.0,0.0,0.0,0.0,0.0,1.5417287817516642e-172,2.130815496578151e-182,0.0,0.0,0.0,0.0,0.0,0.0,2.9503215704240864e-235,7.2833941442432585e-84,0.0,0.0,0.0,0.0,0.0,0.0,0.0,1.1588470633961685e-255,1.0915098178371533e-97,0.0,0.0,0.0,0.0,0.0,0.0,0.0,3.7476866002725864e-177,0.0,0.0,0.0,0.0,0.0,0.0,0.0,0.0,0.0,0.0,0.0,0.0,0.0,0.0,0.0,0.0,6.996273374724255e-150,0.0,0.0,0.0,0.0,0.0,0.0,0.0,0.0
0.0,0.0,0.0,0.0,0.0,0.0,0.0,1.315196275463298e-19,0.03970490974607002,0.0,0.0,0.0,0.0,0.0,0.0,0.0,0.0,0.0,0.0,1.54631278710991e-39,0.9602915478680658,0.0,0.0,0.0,0.0,0.0,0.0,0.0,0.0,0.0,0.0,1.1661993954867053e-49,4.3053641780935166e-8,0.0,0.0,0.0,0.0,0.0,0.0,0.0,0.0,0.0,0.0,5.508868348044789e-97,2.07295e-319,0.0,0.0,0.0,0.0,0.0,0.0,0.0,0.0,0.0,0.0,0.0,3.4993322226687756e-6,0.0,0.0,0.0,0.0,0.0,0.0,0.0,0.0,0.0,0.0,0.0,0.0,0.0,0.0,0.0,0.0,0.0,0.0,0.0,0.0,0.0,0.0,0.0,0.0,0.0,0.0,0.0,0.0,0.0,0.0,0.0,0.0,0.0,0.0,0.0,0.0,0.0,0.0,0.0,0.0,0.0,0.0,0.0,0.0,0.0,0.0,0.0,0.0,0.0,0.0,0.0,0.0,0.0,0.0,0.0,0.0,0.0,0.0,0.0,0.0,0.0,0.0,0.0,0.0,0.0,0.0,0.0,0.0,0.0,0.0,0.0,0.0,0.0,0.0,0.0,0.0,0.0,0.0,0.0,0.0,0.0,0.0,0.0,0.0,0.0,0.0,0.0,0.0,0.0,0.0,0.0,0.0,0.0,0.0,0.0,0.0,0.0,0.0,0.0,6.003223725440513e-65,0.0,0.0,0.0,0.0,0.0,0.0,0.0,0.0,0.0,0.0,0.0,0.0,0.0,0.0,0.0,0.0,0.0,0.0,0.0,0.0,0.0,0.0,0.0,0.0,0.0,0.0,0.0,0.0,0.0,0.0,0.0,0.0,0.0,0.0,0.0,0.0,0.0,0.0,0.0,0.0,0.0,0.0,0.0,0.0,0.0,0.0,0.0,0.0,0.0,0.0,0.0,0.0,0.0,0.0,0.0,0.0,0.0,0.0,0.0,0.0,0.0,0.0,0.0,0.0,0.0,0.0,0.0,0.0,0.0,0.0,0.0,0.0,0.0,0.0,0.0,0.0,0.0,0.0,0.0,0.0,0.0,0.0,0.0,0.0,0.0,0.0,0.0,0.0,0.0,0.0,0.0,0.0,0.0,0.0,0.0,0.0,0.0,0.0,0.0,0.0,0.0,0.0,0.0,0.0,0.0,0.0,0.0,0.0,0.0,0.0,0.0,0.0,0.0,0.0,0.0,0.0,0.0,0.0,0.0,0.0,0.0,0.0,0.0,0.0,0.0,0.0,0.0,0.0,0.0,0.0,0.0,0.0,0.0,0.0,0.0,0.0,0.0,0.0,0.0,0.0,0.0,0.0,0.0,0.0,0.0,0.0,0.0,0.0,0.0,0.0,0.0,0.0,0.0,0.0,0.0,0.0,0.0,0.0,0.0,0.0,0.0,0.0,0.0,0.0,0.0,0.0,0.0,0.0,0.0
0.0,0.0,0.0,6.459350321430737e-64,0.08240962742631872,2.691015984997879e-147,0.0,0.0,0.0,0.0,0.0,0.0,0.0,0.0,0.0,3.7402849115530626e-79,0.7760356153510625,8.478347060378436e-89,0.0,0.0,0.0,0.0,0.0,0.0,0.0,0.0,0.0,4.895240603868604e-94,0.13110036095135025,1.3572288172098396e-109,0.0,0.0,0.0,0.0,0.0,0.0,0.0,0.0,0.0,2.3478171133089227e-142,1.0959007431018925e-57,1.690131098537109e-208,0.0,0.0,0.0,0.0,0.0,0.0,0.0,0.0,0.0,7.792093837096865e-68,5.547098779091213e-17,5.048116584277168e-303,0.0,0.0,0.0,0.0,0.0,0.0,0.0,0.0,0.0,2.3718448005494976e-179,1.8426309583290696e-71,1.9e-322,0.0,0.0,0.0,0.0,0.0,0.0,0.0,0.0,0.0,2.6769368686782647e-190,0.0021138432992966662,5.439685842784333e-159,0.0,0.0,0.0,0.0,0.0,0.0,0.0,0.0,0.0,9.217603213806947e-8,9.514192745039644e-100,0.0,0.0,0.0,0.0,0.0,0.0,0.0,0.0,0.0,1.904198932110191e-42,0.003145847072238357,1.429025603e-315,0.0,0.0,0.0,0.0,0.0,0.0,0.0,0.0,0.0,4.819930801797233e-301,0.0019270884560295843,0.0,0.0,0.0,0.0,0.0,0.0,0.0,0.0,0.0,7.780612919725154e-189,1.140075727216379e-172,2.4310967590180547e-290,0.0,0.0,0.0,0.0,0.0,0.0,0.0,5.383867750063725e-254,6.072542749881967e-68,8.536130515842095e-179,0.0,0.0,0.0,0.0,0.0,0.0,0.0,0.0,6.423684814531754e-171,3.573952666652122e-90,1.0614772730011097e-288,0.0,0.0,0.0,0.0,0.0,0.0,0.0,4.434612378803517e-110,3.431581748013389e-24,0.0,0.0,0.0,0.0,0.0,0.0,0.0,0.0,0.0,0.0,3.1141830459557904e-119,3.737719167680012e-249,0.0,0.0,0.0,0.0,0.0,0.0,0.0,1.502662706493434e-240,0.0016420025992386817,1.54812866969364e-231,0.0,0.0,0.0,0.0,0.0,0.0,0.0,1.586348533865748e-267,3.994967188190526e-107,0.0,0.0,0.0,0.0,0.0,0.0,0.0,0.0,0.0,0.0,2.578259846947824e-80,0.0,0.0,0.0,0.0,0.0,0.0,0.0,0.0,0.0,1.2710855038702948e-121,0.0,0.0,0.0,0.0,0.0,0.0,0.0,0.0,2.7081438557397976e-229,1.1573029966250549e-189,4.4865162320082695e-111,0.0,0.0,0.0,0.0,0.0,0.0,0.0,2.4402315743651303e-133,2.1672922993076656e-59,0.0,0.0,0.0,0.0,0.0,0.0,0.0,0.0,0.0,1.0954585765897062e-159,0.0,0.0,0.0,0.0,0.0,0.0,0.0,0.0,0.0,5.825781458362062e-215,6.773948039711638e-66,0.0,0.0,0.0,0.0,0.0,0.0,0.0,4.252775995838955e-131,0.0016255226684331182,0.0,0.0,0.0,0.0,0.0,0.0,0.0,0.0,2.3837090161445954e-195,3.3604807039654486e-275,1.8408460673919935e-58,0.0,0.0,0.0,0.0,0.0,0.0,2.0903637503802804e-248,2.0230389418548097e-105,0.0,0.0,0.0,0.0,0.0,0.0,1.1026945751211138e-293,1.8171943487874112e-225,0.0,0.0,0.0,0.0,0.0,0.0,0.0,2.449791146003331e-248,1.51148975826828e-85,0.0,0.0,0.0,0.0,0.0,0.0,0.0,1.5026502614088565e-170,0.0,0.0,0.0,0.0,0.0,0.0,2.2368397266331325e-235,0.0,0.0,0.0,0.0,0.0,4.667477080886375e-229,0.0,0.0,0.0,9.532737238708465e-252,0.0,0.0,0.0,0.0,0.0,0.0,0.0,0.0,0.0
1.2822259788344999e-92,0.029365293301505137,1.4711747944392717e-124,0.0,0.0,0.0,0.0,0.0,0.0,0.0,0.0,0.0,7.057190025981066e-89,0.6335375048338123,3.9085936278866357e-88,0.0,0.0,0.0,0.0,0.0,0.0,0.0,0.0,0.0,1.485751117971742e-94,0.31314444910616696,4.8021065495658596e-88,0.0,0.0,0.0,0.0,0.0,0.0,0.0,0.0,0.0,1.3872792454482723e-97,0.002257575743497221,1.0780225898900347e-76,0.0,0.0,0.0,0.0,0.0,0.0,0.0,0.0,0.0,9.176214271443242e-169,0.0009006897202694959,7.87605216944677e-137,0.0,0.0,0.0,0.0,0.0,0.0,0.0,0.0,0.0,4.855022634449358e-284,0.00285469939908206,3.059422455739017e-71,0.0,0.0,0.0,0.0,0.0,0.0,0.0,0.0,0.0,5.680463983093649e-135,0.0018140817379488576,9.971552068857102e-42,0.0,0.0,0.0,0.0,0.0,0.0,0.0,0.0,0.0,2.1525179490760374e-94,0.001660628502675101,2.3705056516849335e-124,0.0,0.0,0.0,0.0,0.0,0.0,0.0,0.0,3.1921595675185544e-150,0.004352180720794147,1.473740950610627e-59,0.0,0.0,0.0,0.0,0.0,0.0,0.0,0.0,0.0,2.3741664656456516e-150,0.004094623911376741,2.284179397483909e-113,0.0,0.0,0.0,0.0,0.0,0.0,0.0,0.0,1.499005402198603e-304,0.002131279354503469,2.321869e-317,0.0,0.0,0.0,0.0,0.0,0.0,0.0,1.0060444393494202e-74,0.0033733777848253244,2.6356736006376556e-80,0.0,0.0,0.0,0.0,0.0,0.0,0.0,0.0,0.0,3.3733018853814145e-17,0.0,0.0,0.0,0.0,0.0,0.0,0.0,0.0,2.6552900607732113e-155,5.726574049656104e-157,4.714454300223359e-174,0.0,0.0,0.0,0.0,0.0,0.0,0.0,0.0,9.615539633340136e-245,0.0003346453783379444,9.064210254035745e-173,0.0,0.0,0.0,0.0,0.0,0.0,0.0,0.0,4.4626757076047786e-105,8.44304861093639e-254,0.0,0.0,0.0,0.0,0.0,0.0,0.0,3.1934682596128508e-136,0.00017897050520520103,2.2138667596800585e-32,0.0,0.0,0.0,0.0,0.0,0.0,0.0,0.0,1.969356640322738e-301,1.4845970618493444e-95,2.579584130765522e-106,0.0,0.0,0.0,0.0,0.0,0.0,0.0,0.0,8.67754308304097e-96,9.889875823574152e-70,0.0,0.0,0.0,0.0,0.0,0.0,0.0,4.374212549589158e-181,7.756155350822148e-87,7.170845616376986e-111,0.0,0.0,0.0,0.0,0.0,0.0,0.0,0.0,1.0533364129266461e-138,0.0,0.0,0.0,0.0,0.0,0.0,0.0,0.0,0.0,5.980180604353517e-138,0.0,0.0,0.0,0.0,0.0,0.0,0.0,0.0,0.0,1.833471849055162e-257,5.306847116297127e-67,3.91159914850303e-310,0.0,0.0,0.0,0.0,0.0,0.0,0.0,4.0554659222441084e-147,6.690860022029629e-302,0.0,0.0,0.0,0.0,0.0,0.0,0.0,0.0,4.3726481885555485e-109,1.2733534714068633e-257,0.0,0.0,0.0,0.0,0.0,0.0,1.7931036561106086e-151,4.040248619573821e-135,1.6548524617411e-309,0.0,0.0,0.0,0.0,0.0,1.6093377292363202e-197,1.1294412667408451e-86,5.313770130394426e-231,0.0,0.0,0.0,0.0,0.0,0.0,1.406956713782592e-241,4.469772114965021e-199,2.0773290936091325e-217,0.0,0.0,0.0,0.0,0.0,0.0,1.1701840018159734e-168,1.3925728211928914e-269,0.0,0.0,0.0,0.0,0.0,1.8474924530733983e-178,7.949178478789404e-283,0.0,0.0,0.0,0.0,5.603908895874104e-286,6.889058526468236e-273,0.0,0.0,0.0,2.235077819752399e-301,0.0,0.0,0.0,0.0,0.0,0.0,0.0,0.0,0.0,0.0,0.0
0.0,0.0,0.0,0.0,0.0,0.0,0.0,0.0,0.0,0.0,0.0,0.0,0.0,0.0,0.0,0.0,0.0,6.444854042700939e-217,1.0620324884697746e-51,1.2110695321110035e-252,0.0,0.0,0.0,0.0,0.0,0.0,0.0,0.0,0.0,8.043620606943394e-65,0.13329026901890148,9.109860739521274e-252,0.0,0.0,0.0,0.0,0.0,0.0,0.0,0.0,0.0,3.1163614425359673e-59,0.7879996564004993,4.796931472619607e-206,0.0,0.0,0.0,0.0,0.0,0.0,0.0,0.0,0.0,3.5728956679072865e-71,0.03777709123639298,4.588366047073698e-172,0.0,0.0,0.0,0.0,0.0,0.0,0.0,0.0,0.0,2.2584086667131828e-72,0.0053100109546295945,3.1757990833848384e-259,0.0,0.0,0.0,0.0,0.0,0.0,0.0,0.0,0.0,5.274554329984e-92,2.2393871006579236e-23,5.384312225328e-311,0.0,0.0,0.0,0.0,0.0,0.0,0.0,0.0,0.0,6.568634063082254e-51,4.153993703044692e-14,1.9413310054448365e-181,0.0,0.0,0.0,0.0,0.0,0.0,0.0,0.0,0.0,3.144278883234856e-42,0.0,0.0,0.0,0.0,0.0,0.0,0.0,0.0,0.0,0.0,0.0,0.0055203169717635645,1.254473352277541e-282,0.0,0.0,0.0,0.0,0.0,0.0,0.0,0.0,1.7777700727335797e-225,3.592972250117933e-55,0.0,0.0,0.0,0.0,0.0,0.0,0.0,0.0,2.9045748534633365e-30,0.005051792815618357,0.0,0.0,0.0,0.0,0.0,0.0,0.0,0.0,0.0,0.0,2.4306487027861424e-27,0.0,0.0,0.0,0.0,0.0,0.0,0.0,0.0,7.385193271148118e-58,2.424079125347041e-12,0.0,0.0,0.0,0.0,0.0,0.0,0.0,0.0,0.0,3.94483663831607e-220,0.0014781221542673813,1.1844398856396828e-218,0.0,0.0,0.0,0.0,0.0,0.0,0.0,3.8713929678962573e-73,0.016783890021376015,0.0,0.0,0.0,0.0,0.0,0.0,0.0,0.0,2.710361615242349e-58,9.205421874417543e-10,0.0,0.0,0.0,0.0,0.0,0.0,0.0,0.0,0.0,7.485409721319816e-128,0.006788849503543492,0.0,0.0,0.0,0.0,0.0,0.0,0.0,0.0,0.0,1.1238453154539789e-17,0.0,0.0,0.0,0.0,0.0,0.0,0.0,0.0,0.0,7.40065753628222e-104,2.37232004638442e-309,0.0,0.0,0.0,0.0,0.0,0.0,0.0,0.0,1.9538730278704835e-156,0.0,0.0,0.0,0.0,0.0,0.0,0.0,0.0,0.0,1.4981821710376018e-77,0.0,0.0,0.0,0.0,0.0,0.0,0.0,0.0,0.0,0.0,4.883232309601713e-118,0.0,0.0,0.0,0.0,0.0,0.0,0.0,0.0,6.350273776322524e-308,6.05630134348902e-220,0.0,0.0,0.0,0.0,0.0,0.0,0.0,0.0,0.0,0.0,0.0,0.0,0.0,0.0,0.0,0.0,0.0,0.0,0.0,0.0,0.0,0.0,0.0,0.0,0.0,1.1475444043575502e-229,0.0,0.0,0.0,0.0,0.0,0.0,0.0,0.0,0.0,0.0,0.0,0.0,0.0,0.0,0.0,0.0,0.0,0.0,0.0,0.0,0.0,0.0,0.0,0.0,0.0,0.0,0.0,0.0,0.0,0.0,0.0,0.0,0.0,0.0,0.0,0.0,0.0,0.0,0.0,0.0,0.0
1.0,0.0,0.0,0.0,0.0,0.0,0.0,0.0,0.0,0.0,0.0,0.0,0.0,0.0,0.0,0.0,0.0,0.0,0.0,0.0,0.0,0.0,0.0,0.0,0.0,0.0,0.0,0.0,0.0,0.0,0.0,0.0,0.0,0.0,0.0,0.0,0.0,0.0,0.0,0.0,0.0,0.0,0.0,0.0,0.0,0.0,0.0,0.0,0.0,0.0
1703,6001,4003,207,1407,107,2210,805,2504,1305,210,1610,1204,103,608,1701,1011,4,2310,4501,2202,1304,10,308,3011,2403,307,2305,2005,3005,211,1001,1607,1310,1406,605,1111,3000,2111,301,101,8,206,509,1207,904,5503,1605,1608,6005,906,7,1602,3503,401,110,2405,2011,1502,511,700,1103,1911,1801,2300,4503,1210,6000,1005,405,602,2000,202,2002,1,1710,1904,1711,1308,1201,6501,1110,4001,1611,4011,507,2500,4004,204,3502,701,7501,707,2406,606,3001,609,1702,809,1603,802,5001,702,2302,2100,1804,811,1104,603,907,502,406,1506,505,111,200,1901,409,1503,800,3004,2203,711,2001,1303,1401,411,2410,1202,807,2201,404,501,1501,1403,1907,504,2306,1100,1106,1903,4504,5502,2010,2102,2106,600,1810,810,4000,205,1805,1800,105,2501,2008,1507,1700,1301,1211,1411,6503,3511,2204,1505,2,1311,909,804,610,709,1300,1105,2108,304,1705,1101,5,5003,1606,1500,2211,801,309,703,704,1108,1704,1906,408,710,6002,1405,3007,2006,1807,2411,5000,310,2402,1902,1402,2103,2207,3501,1006,108,4500,1307,6004,3504,203,1000,2303,1404,1010,6,607,102,306,303,3506,604,2511,510,1004,902,1206,1905,1504,400,1203,1604,1205,9,4502,4002,109,1400,2109,201,1410,3006,1600,300,100,1510,900,106,3500,2301,601,905,5500,1102,305,4005,1003,402,1706,5004,2105,803,208,1601,500,1811,808,3505,911,2404,407,2505,2104,209,2205,503,1306,1511,4511,1910,910,1707,302,2110,1002,3002,2400,706,806,705,3003,2311,1806,2101,2502,1803,104,1900,5501,2307,2200,403,2304,311,506,1200,508,2004,2506,11,3,2503,1302,903,2401,410,0,1007,1802,5002,2003,901,5504,1107,611
402:51,2102:234,1107:136,2108:239,110:23,2004:226,711:95,7501:326,308:45,1703:195,1010:127,1900:212,1302:152,501:62,4511:308,1910:220,1100:129,6:7,1106:135,808:104,1307:157,3505:293,2207:249,1503:174,4001:297,2104:236,1411:170,2302:254,2406:268,404:53,905:113,2300:252,3006:285,1406:167,1811:211,3501:289,4504:307,1407:168,1710:200,1704:196,2211:251,4:5,1901:213,405:54,207:32,506:67,1700:192,603:76,2401:263,104:17,1401:162,1500:171,4005:301,1501:172,410:59,4011:302,2101:233,5000:309,111:24,5504:318,2501:272,300:37,607:80,302:39,11:12,2011:231,802:98,2307:259,1702:194,5003:312,2500:271,801:97,406:55,1602:183,810:106,1002:121,108:21,4004:300,4502:305,103:16,2503:274,702:87,208:33,2506:277,2:3,10:11,307:44,211:36,2411:270,3003:282,2301:253,1105:134,100:13,1102:131,200:25,1506:177,1905:217,1202:142,1510:179,6501:324,1311:160,1301:151,0:1,2306:258,1101:130,2003:225,5002:311,1110:138,904:112,5001:310,9:10,1003:122,1611:191,109:22,502:63,1904:216,409:58,1103:132,1907:219,1911:221,107:20,2400:262,1404:165,1502:173,2305:257,1511:180,3503:291,511:72,1803:205,401:50,209:34,805:101,3002:281,806:102,610:83,1802:204,4003:299,5503:317,1806:208,809:105,8:9,1000:119,1:2,609:82,1305:155,509:70,201:26,707:92,1006:125,206:31,604:77,1504:175,1807:209,507:68,601:74,1207:147,311:48,500:61,1800:202,909:116,2403:265,1005:124,602:75,911:118,1308:158,4002:298,4503:306,400:49,1400:161,403:52,4500:303,709:93,3005:284,2100:232,1604:185,309:46,1111:139,1210:148,1706:198,608:81,5:6,1906:218,2204:247,1104:133,305:42,703:88,1603:184,2002:224,700:85,1801:203,910:117,3506:294,510:71,2001:223,5501:315,408:57,4501:304,1804:206,2310:260,2202:245,804:100,210:35,705:90,1300:150,505:66,704:89,4000:296,606:79,1306:156,205:30,2008:229,1310:159,706:91,6002:321,6004:322,1410:169,1203:143,1610:190,3504:292,1405:166,2106:238,2311:261,2205:248,1810:210,2103:235,2105:237,1701:193,2304:256,2505:276,1705:197,2303:255,710:94,901:109,1903:215,204:29,1004:123,1200:140,2402:264,907:115,5502:316,7:8,203:28,3511:295,411:60,1001:120,2005:227,5500:314,310:47,903:111,1505:176,2201:244,1007:126,304:41,301:38,906:114,202:27,605:78,1206:146,5004:313,3001:280,2110:241,2200:243,807:103,803:99,1601:182,1805:207,2006:228,6000:319,1902:214,1303:153,1507:178,1304:154,1205:145,811:107,2000:222,3500:288,503:64,106:19,2511:278,2405:267,6503:325,900:108,902:110,6001:320,303:40,2502:273,600:73,102:15,6005:323,1707:199,1600:181,3004:283,3502:290,101:14,1607:188,1108:137,105:18,3000:279,3007:286,2010:230,1605:186,1211:149,2410:269,2404:266,407:56,1011:128,1201:141,1606:187,800:96,3011:287,611:84,3:4,2203:246,306:43,1608:189,2109:240,2111:242,2504:275,701:86,508:69,1204:144,1711:201,2210:250,504:65,1403:164,1402:163
