60
0.6199694422100105,1.8314889099842484e-294,0.0,1.2817134459409376e-49,5.594179361969097e-63,0.0,0.003268467492078506,0.0,1.7804437587971183e-205,0.0016254991898096835,0.0,0.0,0.0,0.0,1.1401565481829714e-139,0.0,3.826875153738564e-173,0.0,0.05441867458739677,0.0,0.0,0.023103138769408223,1.5145156365394565e-12,0.0,0.0,4.9915442642865904e-23,2.2206574079526402e-41,0.0,0.0,0.0,0.0,0.0,0.0,0.041303326413343305,0.0,0.0,0.0,1.654450251513818e-38,0.0,0.0,0.0,0.0,0.0,0.0,0.0,0.01826734694760496,0.0,0.0,0.0,6.369953476703158e-132,0.0,3.0245164066629086e-32,0.0,0.0,0.0,0.22072135946018617,0.017322744928647448,0.0,0.0,0.0
1.336489844245566e-116,0.8059395841490604,0.0,2.1797675246776335e-169,0.024804100622577378,0.0,0.0,0.0,0.0271934950313293,0.0,3.0346963060576563e-303,0.0,0.0,0.0,0.0,0.0,0.0,0.0,0.03801315666863281,0.0,0.05241162051109169,0.014769883250411288,0.0,0.0,0.0,1.43076652832479e-52,0.0,0.0,0.0,0.0,0.0,0.0,0.0,0.0,0.0,3.2958319473791305e-264,0.0,6.740446546496221e-228,0.0,0.0,0.0,0.0,0.0,0.0,0.0,0.0,0.0,1.2571486082792517e-35,0.0,5.938400538597926e-299,0.0,0.0,0.0,0.0,0.0,2.8806194637422392e-64,3.07099772616176e-149,0.0,0.036868159766896946,3.2924723562682304e-274
0.0,0.0,0.6568805276991995,0.0,0.0,0.0,1.8765721678757245e-23,0.15444014960729388,0.0,0.0,0.0,1.3372336801171577e-40,0.0,0.0,0.011702692064131139,1.4353272347454602e-165,0.0,0.0,0.0,0.0,0.0,0.0,0.0,0.0,0.13234061346603432,0.0,7.0829611327363495e-68,0.0,0.0,0.0,0.0,0.0,0.04463585720780677,0.0,0.0,0.0,1.5995553446495638e-7,0.0,0.0,0.0,0.0,0.0,0.0,0.0,0.0,0.0,0.0,0.0,0.0,0.0,0.0,0.0,0.0,0.0,4.003429612542465e-31,0.0,0.0,0.0,0.0,0.0
0.5414374379934123,0.0,0.0,3.0934118657784983e-13,1.5988592553992991e-86,0.0,0.0,0.0,1.6790799899408598e-220,0.34749011296514265,0.0,0.0,0.0,0.0,0.0,0.0,1.6691399549224102e-191,0.0,7.252166787640145e-18,0.0,0.0,0.0650769264182747,3.2505467449295042e-78,0.0,0.0,2.176666012424567e-15,0.04599539814700151,0.0,0.0,0.0,0.0,0.0,0.0,5.016707382434383e-199,0.0,0.0,0.0,5.190222511210704e-31,0.0,0.0,2.4530818729147986e-32,0.0,0.0,0.0,0.0,2.5334676568117518e-34,0.0,0.0,0.0,5.6550865182648245e-124,0.0,1.0357414308572188e-103,0.0,0.0,0.0,1.244758574532072e-7,1.3392942475796543e-82,0.0,7.578986246357018e-232,0.0
8.786382895042238e-54,1.0957660918100507e-41,0.0,3.858045881841643e-93,0.0372341918949084,0.0,0.0,0.0,0.12406304386053853,4.650085669005582e-248,2.2056714891633354e-279,0.0,0.0,0.0,0.0,0.0,0.0,0.0,1.2194763544247201e-48,0.0,2.0639677590162572e-58,0.1655187559991952,0.0,0.0,0.0,1.3092415701186102e-61,0.0,0.0,0.0,0.0,0.0,0.0,0.0,1.715757765808306e-82,0.0,0.0,0.0,2.6985842921489002e-77,0.0,0.0,0.0,0.0,0.0,0.0,0.0,0.0,0.0,3.160385889161758e-88,0.0,0.0,0.0,0.0,0.0,0.0,0.0,3.218347843854734e-57,0.673184008245358,0.0,3.842239224552426e-49,0.0
0.0,0.0,0.0,0.0,0.0,0.8335943681498026,0.0,0.0,0.0,0.0,0.0,0.0,3.4026765914752833e-32,7.239583621367348e-150,0.0,6.415245743636636e-66,1.0582549005670141e-217,0.0,0.0,0.05457111067967386,0.0,0.0,0.0,6.1577586577696266e-179,0.0,0.0,0.0,0.0,0.0,4.264068485560506e-126,9.539248574612666e-84,0.016215374536967475,0.0,0.0,0.0,0.0,0.0,0.0,0.01332800663195547,0.0,2.3976034564325763e-94,0.007265584100135707,0.0022081904640564773,1.4351845851556823e-205,0.0,0.0,0.0,0.0,0.010721591061797136,0.0,1.8960296461775908e-26,0.0,7.562576170405649e-148,0.050439204838989504,0.0,0.0,0.0,0.011656569536621867,0.0,0.0
0.0,0.0,0.0,0.0,0.0,0.0,0.5786632431044695,0.0,0.0,0.0,0.003964467551966679,0.0,0.0,0.0,0.20208815654565032,0.0,0.0,0.0,0.0,0.0,0.0,0.0,0.0,0.0,0.0,0.0,0.0,0.004198558858265976,0.004864735203721195,0.0,0.0,0.0,0.0,0.0,0.020796408177395587,0.0,0.0,0.0,0.0,0.16651040379210516,0.0,0.0,0.0,0.0,1.0672648605391668e-175,0.0,0.018914026766425437,0.0,0.0,0.0,0.0,0.0,0.0,0.0,0.0,0.0,0.0,0.0,0.0,1.3838903450533405e-120
0.0,0.0,1.119188459245425e-16,0.0,0.0,0.0,5.648158224588207e-67,0.576609783162005,0.0,0.0,0.0,1.3574011254511157e-52,0.0,0.0,2.8789992220510534e-98,2.646356861252529e-156,0.0,0.0,0.0,0.0,0.0,0.0,0.0,0.0,1.807849447287412e-25,0.0,0.025417092556533856,0.0,0.0,0.0,0.0,0.0,0.03335029852185542,0.0,0.0,0.0,0.25746341548504365,0.0,0.0,6.765398475048083e-277,0.0,0.0,0.0,0.0,0.0,0.0,0.0,0.0,0.0,0.0,0.0,0.0,0.0,0.0,0.10715941027456212,0.0,0.0,0.0,0.0,0.0
9.893587846972143e-30,6.346744650177203e-101,0.0,2.3602877152708955e-102,0.021555764085729703,0.0,0.0,0.0,0.5490762386046534,5.786688819581231e-225,3.8316237009175985e-189,0.0,0.0,0.0,0.0,0.0,0.0,0.0,0.1435518331445671,0.0,2.4465415605310017e-45,5.1368900723054764e-39,0.0,0.0,0.0,2.6774359760578116e-19,3.022590971123368e-222,0.0,0.0,0.0,0.0,0.0,0.0,0.0,0.0,0.0,0.0,0.027070929418406175,0.0,0.0,0.0,0.0,0.0,0.0,0.0,0.0,0.0,3.401400173271241e-10,0.0,7.47145097338258e-71,0.0,0.0,0.0,0.0,0.0,2.2409252142948162e-41,1.045382007629383e-83,0.0,0.2587452344065035,0.0
0.04202837418738725,0.0,0.0,1.995293757086561e-46,8.490450780140826e-230,4.077439509742959e-79,0.0,0.0,0.0,7.764749819736703e-60,0.0,0.0,0.0,0.0,0.0,0.0,5.43269028817959e-48,0.0,3.1375856306426147e-183,2.674944458625754e-155,0.0,0.0,0.8869736988703416,0.0,0.0,2.286738424910285e-92,2.2723533219840927e-126,0.0,0.0,0.0,0.0,0.07099792694227124,0.0,4.879302722108371e-145,0.0,0.0,0.0,1.3958419324086778e-194,0.0,0.0,2.9921608300665064e-268,0.0,0.0,0.0,0.0,4.876174916129549e-39,0.0,0.0,0.0,1.108203626618602e-278,0.0,1.2737998798485877e-61,0.0,0.0,0.0,2.6281796734877914e-156,8.796030625880328e-270,0.0,0.0,0.0
0.0,1.8181e-319,0.0,0.0,0.01925046804911987,0.0,0.0,0.0,2.3784345384180796e-31,0.0,0.6385120994187162,0.0,0.0,0.0,0.0,0.0,0.0,0.0,0.0,0.0,1.0440175266074108e-248,0.02221008278206769,0.0,0.0,0.0,0.0,0.0,0.014901530207858686,0.07092710215244448,0.0,0.0,0.0,0.0,0.0,3.908881672715877e-62,0.12202669200721133,0.0,2.670229885893946e-190,0.0,0.0,0.0,0.0,0.0,0.0,0.01552373379238149,0.0,1.576645754216618e-121,0.009382843111610119,0.0,0.0,0.0,0.0,0.0,0.0,0.0,0.0,0.0,0.0,0.0,0.08726544847859014
0.0,0.0,0.5221890314561103,0.0,0.0,0.0,0.0,5.050122604174202e-21,0.0,0.0,0.0,0.47781096854388955,3.2771229554079576e-159,0.0,0.0,3.6898497105642076e-120,0.0,0.0,0.0,0.0,0.0,0.0,0.0,0.0,5.97898462741086e-60,0.0,0.0,0.0,0.0,0.0,5.4198994512854105e-132,0.0,0.0,0.0,0.0,0.0,3.1660799191066497e-158,0.0,0.0,0.0,1.5953177694730214e-258,8.742006229161244e-161,2.3539422285646083e-175,3.2699096143182957e-197,0.0,0.0,0.0,0.0,4.97347952251003e-192,0.0,6.89517871306178e-137,0.0,0.0,0.0,0.0,0.0,0.0,2.1441343853471617e-156,0.0,0.0
0.0,0.0,1.2328054021006824e-13,0.0,0.0,0.0,0.0,5.4428648588834e-93,0.0,0.0,0.0,0.06121403835856454,0.475668416126515,2.1358424592264003e-138,0.0,1.5079837942729478e-27,0.0,0.0,0.0,0.0,0.0,0.0,0.0,7.618262512051052e-111,0.04462252377877749,0.0,0.0,0.0,0.0,4.477753158807619e-114,0.015029881289622966,6.650205620023671e-82,0.0,0.0,0.0,0.0,6.51302021416725e-206,0.0,5.738893990384946e-188,0.0,4.955827281879549e-169,0.2555079727838216,0.08751217638011531,6.554918784037211e-56,0.0,0.0,0.0,0.0,5.148769438669214e-38,0.0,0.060444991282158585,0.0,3.867172286397579e-245,1.4388909430564329e-245,0.0,0.0,0.0,3.012089735284948e-13,0.0,0.0
0.0,0.0,0.019995356379320175,0.0,0.0,0.0,0.0,2.8471430406246986e-185,0.0,0.0,0.0,2.5201322102412545e-187,1.2475048552359123e-43,0.4610462496573857,0.0,4.93019736895916e-44,0.0,0.083614531612529,0.0,0.0,0.0,0.0,0.0,0.0,0.004954154500924402,0.0,0.0,0.0,0.0,0.033449905603975205,1.8649257306724965e-94,0.0,0.0,0.0,0.0,0.0,0.12939420105773095,0.0,5.3683014724182214e-132,0.0,0.0,0.026520641682115695,1.2285378133545122e-85,7.766469096710322e-147,0.0,0.0,0.0,0.0,5.800912876610052e-6,0.0,4.805681488344224e-20,0.0,0.24101915859314235,0.0,4.856361316278847e-75,0.0,0.0,8.599039508729792e-87,0.0,0.0
0.0,0.0,0.0,0.0,0.0,0.0,0.09378631392526317,0.0,0.0,0.0,0.0,0.0,0.0,0.0,0.807021689605158,0.0,0.0,0.0,0.0,0.0,0.0,0.0,0.0,0.0,0.0,0.0,0.0,0.007738244251549349,0.007330159223547606,0.0,0.0,0.0,0.0,0.0,0.0671387947835064,0.0,0.0,0.0,0.0,0.01415731890298515,0.0,0.0,0.0,0.0,0.0,0.0,0.0028274793079903944,0.0,0.0,0.0,0.0,0.0,0.0,0.0,0.0,0.0,0.0,0.0,0.0,0.0
0.0,0.0,1.780264088119189e-25,0.0,0.0,0.0,0.0,5.67510678022105e-13,0.0,0.0,0.0,0.12598845363020303,9.84729009330188e-64,3.2488482885483673e-99,0.0,0.7114983338262926,0.0,0.0,0.0,0.0,0.0,0.0,0.0,1.3218355636593713e-120,0.0953709480878299,0.0,0.0,0.0,0.0,2.3060951323518003e-77,8.963810684810445e-57,0.02038459977969476,0.0,0.0,0.0,0.0,1.2755747241571172e-133,0.0,1.2765800062649473e-231,0.0,4.2519112032076715e-177,5.103078756396302e-36,2.4206999050470204e-46,1.113747205391826e-157,0.0,0.0,0.0,0.0,1.65065343137004e-83,0.0,0.04675766467541236,0.0,7.375261084550546e-186,9.81183288979402e-168,9.057634039155099e-117,0.0,0.0,1.991480401806549e-43,0.0,0.0
0.0,0.0,0.0,0.0,0.0,0.23468188738088583,0.0,0.0,0.0,0.07814590844539054,0.0,0.0,0.0,0.0,0.0,0.0,0.4831991840728986,0.0,0.0,1.396731291685671e-41,0.0,0.0,3.6879045727053752e-22,0.0,0.0,0.0,0.0,0.0,0.0,0.0,0.0,1.4208535666525498e-16,0.0,0.10145463617366532,0.0,0.0,0.0,0.0,0.0,0.0,4.691990006162652e-137,0.0,0.0,0.0,0.0,1.1310069260131567e-28,0.0,0.0,0.0,0.0,0.0,0.10251838392715958,0.0,0.0,0.0,7.199333893393186e-250,0.0,0.0,0.0,0.0
0.0,0.0,0.0,0.0,0.0,0.0,6.597988392090806e-131,3.262996277092354e-69,0.0,0.0,0.0,0.0,7.260698689881001e-34,0.05592404051037474,0.0,0.0,0.0,0.8435515586505143,0.0,0.0,0.0,0.0,0.0,0.0,1.316252515382096e-93,0.0,0.0,0.0,0.0,2.4020696826037685e-62,0.0,0.0,0.0,0.0,0.0,0.0,0.007820408881603035,0.0,3.093036627912573e-224,0.007820408881602924,0.0,3.491275633266953e-145,8.499605310230447e-48,0.0,0.0,0.0,0.0,0.0,6.370791293939539e-20,0.0,0.007820408881602924,0.0,0.02232031202308156,0.0,0.05474286217122047,0.0,0.0,2.5267913958581183e-42,0.0,0.0
2.07991739624606e-31,3.0800613605046855e-274,0.0,2.5741700697706296e-18,8.107517901656616e-60,0.0,0.0,0.0,6.44532004859536e-118,2.972034568718217e-83,0.0,0.0,0.0,0.0,0.0,0.0,4.6756709572797485e-167,0.0,1.1120061627394162e-11,0.0,4.847236832921382e-227,2.3275194499603684e-33,2.28853776624771e-65,0.0,0.0,0.9784001553592495,4.161745298698428e-29,0.0,0.0,0.0,0.0,0.0,0.0,3.1409508923764574e-142,0.0,0.0,0.0,1.011597563960717e-18,0.0,0.0,0.0,0.0,0.0,0.0,0.0,4.282908455622638e-176,0.0,1.574164776691132e-138,0.0,0.01450223279894475,0.0,0.0070976118306854425,0.0,0.0,0.0,1.0357557964505498e-18,1.0247183609857915e-34,0.0,3.190775456359917e-115,0.0
0.0,0.0,0.0,0.0,0.0,0.10088023930601771,0.0,0.0,0.0,0.0,0.0,0.0,5.832528327791214e-169,0.009643274739672717,0.0,1.512251153997098e-287,1.950810303243852e-251,0.026458756345939843,0.0,0.8257012730645158,0.0,0.0,0.0,4.113316863144071e-274,0.0,0.0,0.0,0.0,0.0,0.008141984371866393,1.1193136883854113e-246,0.0,0.0,0.0,0.0,0.0,0.0,0.0,0.028580374615901183,0.0,2.1274818569224937e-282,9.572371088579744e-21,8.870097861874788e-88,0.0,0.0,0.0,0.0,0.0,1.6838657909691552e-19,0.0,2.049562308486622e-194,0.0,0.000594097556086389,5.5640495599375213e-95,0.0,0.0,0.0,2.870368005863162e-145,0.0,0.0
1.2641668926018126e-26,0.010823132707993744,0.0,8.836430281070964e-139,0.027524688165335764,0.0,0.0,0.0,0.09908962968413672,0.0,4.6525771963738995e-256,0.0,0.0,0.0,0.0,0.0,0.0,0.0,0.0029692361853655585,0.0,0.8073387632653471,0.04630638572661481,0.0,0.0,0.0,6.647509224155594e-143,0.0,0.0,0.0,0.0,0.0,0.0,0.0,0.0,0.0,0.0,0.0,1.793591641624912e-138,0.0,0.0,0.0,0.0,0.0,0.0,0.0,0.0,0.0,0.005948164265206202,0.0,0.0,0.0,0.0,0.0,0.0,0.0,3.221763694430662e-90,1.8450955846236333e-79,0.0,5.803459538895537e-36,0.0
0.061243682168486434,1.966285489151592e-88,0.0,1.3376571973120065e-147,3.395341841649251e-45,0.0,0.0,0.0,0.016576257544738147,0.0,3.612827942123866e-294,0.0,0.0,0.0,0.0,0.0,0.0,0.0,1.641811627533517e-32,0.0,0.059000153923071494,0.7921512350399157,9.196129374743407e-268,0.0,0.0,0.003567025561925345,0.0,0.0,0.0,0.0,0.0,0.0,0.0,0.03793108238932763,0.0,0.0,0.0,0.016292410112374596,0.0,0.0,0.0,0.0,0.0,0.0,0.0,7.760911717983226e-133,0.0,0.009914060290213276,0.0,0.0,0.0,7.131463493892334e-126,0.0,0.0,0.0,9.436068749150543e-14,1.0846220782821215e-45,0.0,0.003324092969853178,0.0
0.0,0.0,0.0,2.0983460463458966e-285,0.0,0.03660130856387174,0.0,0.0,0.0,1.3446331112973236e-38,0.0,0.0,0.0,0.0,0.0,0.0,0.024510252642602953,0.0,0.0,3.5740169926568035e-37,0.0,0.0,0.7398565670373939,4.509288473959269e-80,0.0,1.2092777083936695e-277,0.0,0.0,0.0,0.0,0.0,0.022031012053263067,0.0,1.146210181822774e-16,0.0,0.0,0.0,0.0,2.147126755835386e-74,0.0,1.6133719979823483e-116,0.0,0.0,0.0,0.0,0.05537415864492919,0.0,0.0,0.0,5.910683123803365e-256,0.0,0.12162670105793896,0.0,0.0,0.0,6.226379963278711e-236,0.0,0.0,0.0,0.0
0.0,0.0,0.0,0.0,0.0,0.0,0.0,0.0,0.0,0.0,0.0,0.0,7.311584919606647e-117,0.0,0.0,0.0,0.0,0.0,0.0,4.509537657937329e-293,0.0,0.0,1.6179820149e-313,8.116911188816035e-52,0.0,0.0,0.0,0.0,0.0,0.0,0.48842573789824895,0.24510731781487025,0.0,0.0,0.0,0.0,0.0,0.0,0.04902157789706871,0.0,8.470491917917441e-125,1.885072296156603e-41,1.7695634669464205e-46,2.1953369450511007e-58,0.0,0.0,0.0,0.0,1.5192709086301629e-59,0.0,0.2174453663898121,0.0,0.0,6.499144596904435e-232,0.0,0.0,0.0,1.4226315195333197e-54,0.0,0.0
0.0,0.0,0.05615407543113751,0.0,0.0,0.0,1.2398841058022329e-52,0.03014728079556778,0.0,0.0,0.0,5.665362126144782e-106,0.0,0.0,0.009332957286233753,5.3100334715572005e-171,0.0,0.0,0.0,0.0,0.0,0.0,0.0,0.0,0.7574508725773319,0.0,0.0,0.0,0.0,0.0,0.0,0.0,2.742277240263122e-22,0.0,0.0,0.0,0.04126565801801189,0.0,0.0,8.358169247624161e-32,0.0,0.0,0.0,0.0,0.0,0.0,0.0,0.0,0.0,0.0038377084014510174,0.0,0.0,0.0,0.0,0.10181144749026622,0.0,0.0,0.0,0.0,0.0
0.08085506871170568,0.0,0.0,0.27166311341064586,6.579802505813374e-61,0.0,0.0,0.0,4.975999906756996e-109,2.3049430923140483e-22,0.0,0.0,0.0,0.0,0.0,0.0,4.656966772563721e-201,0.0,0.41177349655571693,0.0,5.078898236742797e-241,2.462958368552088e-73,3.1188604135849943e-65,0.0,0.0,0.18430925834917722,0.03606418688600744,0.0,0.0,0.0,0.0,0.0,0.0,2.263958425914528e-202,0.0,0.0,0.0,7.667392201266551e-10,0.0,0.0,5.0e-324,0.0,0.0,0.0,0.0,3.869191305838889e-97,0.0,2.426267402617219e-70,0.0,0.015334875320004705,0.0,3.058003379460447e-98,0.0,0.0,0.0,3.063199141599329e-15,2.603884809165326e-50,0.0,5.6778974772544826e-235,0.0
8.942178342735719e-36,0.0,0.0,0.5168345454749298,0.0,0.0,0.0,0.0,0.0,3.5252882288854537e-38,0.0,0.1646119296016785,0.0,0.0,0.0,0.0,0.0,0.0,2.4363042630041752e-45,0.0,0.0,0.0,1.2114919598591155e-168,0.0329223859203357,0.0,2.8046871056666053e-52,0.2856311390030561,0.0,0.0,0.0,0.0,0.0,0.0,0.0,0.0,0.0,0.0,1.5411971060868085e-61,0.0,0.0,0.0,0.0,0.0,0.0,0.0,5.377084012270802e-307,0.0,0.0,0.0,8.363177530572315e-59,0.0,5.8678626053815245e-149,0.0,0.0,0.0,1.2779093148229188e-66,2.3115933557872046e-123,0.0,0.0,0.0
0.0,0.08738574269801945,0.0,0.0,0.0,0.0,0.0,1.5765949003451918e-83,0.0,0.0,8.283468787194758e-87,0.0,0.0,0.0,0.0,0.0,0.0,0.0,0.0,0.0,0.00966631150757574,4.761123e-318,0.0,0.0,0.0,0.0,0.0,0.816575903005685,1.793834058374098e-26,4.714220676278882e-280,0.0,2.4370115085566185e-208,0.0,0.0,4.092549978901573e-48,1.5960940012497213e-9,0.0,0.0,0.0,0.0,1.0784250843893138e-274,0.0,0.0,0.0,0.02005594719093633,0.0,0.03853256225320217,0.00863868464656264,0.0,0.0,0.0,0.0,0.0,1.0908945014e-314,0.009602426262450756,0.0,0.0,0.0,0.009542420839473837,1.412005764643487e-93
0.0,4.084975195342703e-43,0.0,0.0,1.054335004786544e-235,0.0,0.0,0.0,7.143944510629625e-12,0.0,0.2471909844017358,0.0,0.0,0.0,0.0,0.0,0.0,0.0,0.0,0.0,0.044627542820953686,6.22325275652222e-54,0.0,0.0,0.0,0.009411580447932524,0.0,2.188802064262597e-14,0.2342757285193236,0.0,0.0,0.0,0.0,0.0,0.21410605833920113,0.08327143735193898,0.0,7.392204438558435e-279,0.0,0.0,0.0,0.0,0.0,0.0,1.3936178826825964e-29,0.0,0.167116654738476,1.3441692221788024e-260,0.0,0.0,0.0,0.0,0.0,0.0,0.0,0.0,0.0,0.0,1.337066908508851e-8,2.6033678583327715e-12
0.0,0.0,0.0,0.0,0.0,0.0,0.0,0.0,0.0,0.0,0.0,1.797126837677916e-71,1.5306099593352666e-20,0.06594659486064225,0.0,0.0,0.0,0.02724859127747034,0.0,0.0,0.0,0.0,0.0,1.0253980129209436e-308,1.107025199381362e-166,0.0,0.0,1.0601865320663146e-247,0.0,0.6892920483967766,0.018006313135742625,5.505897003307374e-159,0.0,0.0,0.0,0.0,0.04635713868946764,0.0,4.3233510505928503e-222,0.0,2.0844035196327767e-306,0.0623680690846296,6.410170651287057e-68,7.519213855127675e-175,0.0,0.0,0.0,0.0,0.018786214668565556,0.0,5.933298383739928e-173,0.0,1.700500467610008e-44,1.4648937994955269e-239,1.6296697047922128e-302,0.0,0.0,0.07199502988670542,0.0,0.0
0.0,0.0,8.085287612276369e-106,0.0,0.0,0.0,0.0,4.590426438422937e-290,0.0,0.0,0.0,1.7493038890728214e-147,7.478631266936136e-34,6.225740554590237e-26,0.0,2.591012599137257e-55,0.0,0.0,0.0,0.0,0.0,0.0,0.0,3.511171539827365e-57,1.2767141405757695e-90,0.0,0.0,0.0,0.0,0.029806104632345287,1.24858836780548e-25,4.8394051945024066e-147,0.0,0.0,0.0,0.0,6.381638896745462e-227,0.0,3.772966887426052e-101,0.0,5.1619678083331283e-172,9.494744383918766e-17,0.9701938953475032,1.6446368194571629e-99,0.0,0.0,0.0,0.0,4.350153109796413e-20,0.0,2.0151292176026916e-11,0.0,2.7910617216032935e-115,3.4603727645301394e-170,0.0,0.0,0.0,1.5325735098777832e-57,0.0,0.0
0.0,0.0,5.3959999714725685e-254,0.0,0.0,3.2953881156877674e-138,0.0,0.0,0.0,5.425226524197336e-174,0.0,0.0,1.5445383521759906e-89,0.0,0.0,2.8216471214127297e-223,2.4243714400968615e-87,0.0,0.0,1.3845304144487237e-164,0.0,0.0,2.960350575108295e-101,2.218137349972548e-68,0.0,0.0,1.3349629407831881e-87,9.149616811987522e-206,0.0,7.828613939573638e-99,6.862267031555221e-11,0.05136430930389119,0.0,0.0,0.0,0.0,0.0,0.0,3.903767602464976e-283,0.0,0.9486356906274862,1.7704722579472866e-176,1.8177724447939076e-84,4.2495295476808265e-86,0.0,4.423988444705796e-81,0.0,0.0,8.180561643813071e-249,0.0,5.40901050244038e-63,2.6642201703255922e-101,0.0,4.6362371197369624e-118,0.0,0.0,0.0,3.0306843228878896e-134,0.0,0.0
0.0,0.0,1.3930629366253036e-118,0.0,0.0,0.0,0.17161114000591715,6.2791473838721565e-121,0.0,0.0,0.0,1.0721655052502166e-233,0.0,0.0,0.1579409462814711,0.0,0.0,0.0,0.0,0.0,0.0,0.0,0.0,0.0,2.4944122119531517e-160,0.0,0.0,0.0,0.0,0.0,0.0,0.0,0.5002296316654947,0.0,0.0,0.0,5.271505129020343e-83,0.0,0.0,0.1702182820471171,0.0,0.0,0.0,0.0,0.0,0.0,0.0,0.0,0.0,0.0,0.0,0.0,0.0,0.0,5.366352622672568e-37,0.0,0.0,0.0,0.0,0.0
0.0,0.0,0.0,0.0,0.0,0.015068546970042002,0.0,0.0,0.0,2.351495508067745e-8,0.0,0.0,0.0,0.0,0.0,0.0,2.5963953592790357e-71,0.0,0.0,0.08579362513367556,0.0,0.0,0.010283702745056625,1.15758e-318,0.0,0.0,0.0,0.0,0.0,0.0,0.0,2.2422383967335131e-190,0.0,0.7879512028532497,0.0,0.0,0.0,0.0,0.0,0.0,1.2578676876050235e-220,0.0,0.0,0.0,0.0,0.025827808307534356,0.0,0.0,0.0,1.5347924885653825e-75,0.0,0.07507509047548676,0.0,0.0,0.0,0.0,0.0,0.0,0.0,0.0
0.0,6.778171902882597e-51,0.0,0.0,0.005343591596651812,0.0,3.0710935222508606e-153,0.0,0.002256065925720412,0.0,0.012682914898583265,0.0,0.0,0.0,2.338197544024478e-241,0.0,0.0,0.0,0.0,0.0,0.07331522492723913,5.497628088608816e-85,0.0,0.0,0.0,0.0,0.0,0.02910081125992533,0.07939960380085778,0.0,0.0,0.0,0.0,0.0,0.7555999965823599,0.0021426095198785263,0.0,5.0891574627406816e-278,0.0,0.0,0.0,0.0,0.0,0.0,0.0025933007534198853,0.0,0.037565880735363814,2.4598241031620102e-287,0.0,0.0,0.0,0.0,0.0,0.0,0.0,0.0,1.0716398608023889e-70,0.0,1.88338743531226e-16,1.9231292902178987e-192
0.0,3.7521372721947563e-84,0.0,0.0,6.652062897911424e-136,0.0,0.0,0.0,6.967011073496091e-202,0.0,8.342956371700721e-45,0.0,0.0,0.0,0.0,0.0,0.0,0.0,0.0,0.0,3.5761750870657205e-28,0.0325630651130903,0.0,0.0,0.0,0.0,0.0,0.0018838731054759694,1.5758828590735793e-9,0.0,0.0,0.0,0.0,0.0,2.8666092899635296e-20,0.7692006937335357,0.0,7.260006933372203e-189,0.0,0.0,0.0,0.0,0.0,0.0,0.16261274672348924,0.0,6.809969951789216e-21,0.0,0.0,0.0,0.0,0.0,0.0,0.0,0.0,0.0,0.0,0.0,1.3326148068945003e-271,0.03373961974852605
1.7172169581405923e-285,0.0,1.7858711736575538e-51,0.0,0.0,0.0,0.0399347508116916,1.019021410896016e-59,0.0,0.0,0.0,4.278465947562189e-280,0.0,0.0,0.008165649591921568,7.82806212362597e-184,0.0,0.0,0.0,0.0,0.0,0.0,0.0,0.0,0.026350899285002862,0.0,0.0,0.0,0.0,0.0,0.0,0.0,3.505369837771044e-106,0.0,0.0,0.0,0.7671165874166487,0.0,0.0,0.08197476379497784,0.0,0.0,0.0,0.0,0.0,0.0,0.0,0.0,0.0,1.6181446228354926e-220,0.0,0.0,0.0,0.0,0.07645734909975736,0.0,0.0,0.0,0.0,0.0
0.7593201909348586,3.3437175900067624e-130,0.0,6.9599801555328264e-43,2.69908393595526e-154,0.0,0.0,0.0,9.93894241678561e-72,1.3152428215702577e-192,0.0,0.0,0.0,0.0,0.0,0.0,0.0,0.0,1.2717334210932712e-19,0.0,2.131896563036478e-99,0.08995223789962568,2.0817882255626924e-184,0.0,0.0,2.2093326710208915e-7,7.412544466003372e-212,0.0,0.0,0.0,0.0,0.0,0.0,2.850257742748899e-72,0.0,0.0,0.0,0.15072735023224848,0.0,0.0,0.0,0.0,0.0,0.0,0.0,5.49740922833428e-119,0.0,8.636711455177725e-84,0.0,0.0,0.0,4.134488322843856e-191,0.0,0.0,0.0,2.0775892643439968e-16,3.0643716180261326e-89,0.0,4.4865564590952615e-104,0.0
0.0,0.0,0.0,0.0,0.0,4.948033366743608e-27,0.0,0.0,0.0,0.0,0.0,0.0,0.025736601758419547,4.306952530493254e-24,0.0,2.686767791578531e-82,0.0,4.9817637388881014e-151,0.0,6.13265066490002e-19,0.0,0.0,0.0,5.036005729424491e-176,0.0,0.0,0.0,0.0,0.0,2.171880175206998e-105,2.231830199117531e-137,4.18932095800064e-146,0.0,0.0,0.0,0.0,0.0,0.0,0.7038778280865593,0.0,3.1934966018234056e-260,0.018135875169507796,0.07583199674678746,0.0,0.0,0.0,0.0,0.0,2.09675993933592e-15,0.0,0.10519972104196815,0.0,0.07121797719675572,1.542191793548526e-40,0.0,0.0,0.0,2.728776577915442e-30,0.0,0.0
0.0,0.0,0.0,0.0,0.0,0.0,0.1655662571081933,0.0,0.0,0.0,0.026990821967956657,0.0,0.0,0.0,0.01626445960873061,0.0,0.0,0.0,0.0,0.0,0.0,0.0,0.0,0.0,0.0,0.0,0.0,0.0,0.003978425250291416,0.0,0.0,0.0,2.3292750194999965e-143,0.0,0.004123670491899296,0.08815309972723707,0.0,0.0,0.0,0.6949037497898622,0.0,0.0,0.0,0.0,2.1556739943335764e-52,0.0,4.88710586286578e-153,0.0,0.0,0.0,0.0,0.0,0.0,0.0,0.0,0.0,0.0,0.0,0.0,1.951605582931199e-5
0.0,0.0,0.0,0.0,0.0,0.0,0.0,1.8753692713195285e-263,0.0,0.0,0.0,0.0,1.9141910451037188e-45,0.0,0.0,9.6525401004533e-25,0.17944905808344996,0.0,0.0,0.0,0.0,0.0,2.4443121056986e-129,0.07744766682990992,0.0,0.0,0.025815888943302154,0.0,0.0,1.1907640024985223e-235,1.4747330919419667e-144,0.38215941812756227,0.0,0.04940183230412308,0.0,0.0,0.0,0.0,8.204866711395512e-285,0.0,0.027567126873518217,1.3996902656723195e-152,0.13671857272293877,7.068861734500209e-144,0.0,5.389380511317737e-87,0.0,0.0,5.038365840605116e-255,0.0,0.1214404361151955,3.0097658391321505e-85,6.212346315049721e-254,2.967294094161053e-125,0.0,0.0,0.0,5.063627864059717e-137,0.0,0.0
0.0,0.0,1.3330519624694478e-18,0.0,0.005592532207187527,0.0,0.0,5.523205896074042e-208,0.0,0.0,0.0,1.283493220198039e-100,8.475334174513781e-19,3.2494673782025836e-14,0.0,0.01081131240636879,0.0,3.42589958199525e-180,0.0,0.0,0.0,0.0,0.0,8.038431177280091e-114,0.07563306191393732,0.0,0.0,0.0,0.0,0.012065303765375979,0.023505609669572297,0.0,0.0,0.0,0.0,0.0,1.2366118696768303e-34,0.0,3.1224164684853653e-118,0.0,7.931726680299826e-193,0.670230135964348,2.1089551408150365e-23,4.352036212832566e-28,0.0,0.0,0.0,0.0,0.08178631531165598,0.0,1.643455095598962e-9,0.0,0.010980876356619679,1.8601460278394669e-131,0.005588064316553046,0.0,0.0,0.10380678644489381,0.0,0.0
0.0,0.0,0.12440100424628495,0.0,0.0,0.0,0.0,0.0331481202756398,0.0,0.0,0.0,1.6488387434295e-121,4.393173354032486e-20,2.4139746211047507e-67,0.0,0.04726036207032288,0.0,0.0,0.0,0.0,0.0,0.0,0.0,6.699219417943789e-211,2.0644034162684483e-24,0.0,0.0,0.0,0.0,4.2594376102254737e-75,1.0709174638979338e-6,1.2273982632170458e-93,0.0,0.0,0.0,0.0,9.356195988982562e-246,0.0,6.10272664162383e-117,0.0,9.24776012254969e-158,0.31909917937453486,0.36514194142891815,3.7336055466765146e-82,0.0,0.0,0.0,0.0,0.11094832168683562,0.0,7.120415539839055e-50,0.0,4.435229848929663e-138,2.3653757286077316e-161,0.0,0.0,0.0,2.5985058711303507e-41,0.0,0.0
0.0,0.0,2.43568647880316e-80,0.0,0.0,6.994002435417283e-224,0.0,2.6048419425991634e-290,0.0,0.0,0.0,0.06626662921409028,4.484411874143858e-30,4.2534063482189973e-207,0.0,1.1421844967173057e-12,0.0,0.0,0.0,0.0,0.0,0.0,0.0,0.47734418583374755,0.05535924357086873,0.0,0.0,0.0,0.0,7.211093622866464e-63,8.451343417483178e-15,4.655308126881934e-25,0.0,0.0,0.0,0.0,0.0,0.0,3.849096822981934e-126,0.0,8.09793919379632e-116,4.103201484682356e-12,3.7283524640522e-68,0.06211986531303749,0.0,0.0,0.0,0.0,3.802144519129816e-55,0.0,8.73464032112496e-43,0.0,7.477584024241901e-242,5.720450214091378e-90,0.0,0.0,0.0,0.33891007606300205,0.0,0.0
0.0,1.2581271198663755e-67,0.0,0.0,3.281764294144857e-49,0.0,0.0,0.0,1.968286307550799e-203,0.0,4.2029753526116354e-70,0.0,0.0,0.0,0.0,0.0,0.0,0.0,0.0,0.0,0.0006388572587689469,0.09909400867544034,0.0,0.0,0.0,0.0,0.0,2.0909829385474407e-152,0.35522288454471707,0.0,0.0,0.0,0.0,0.0,0.08002170718481273,3.714425070253505e-13,0.0,3.1687407572247277e-188,0.0,0.0,0.0,0.0,0.0,0.0,1.9947864956709743e-7,0.0,0.04424157516880571,0.0,0.0,6.080828506093932e-287,0.0,0.0,0.0,0.0,0.0,0.0,2.6788195524487365e-168,0.0,0.01222928023077087,0.40855148745766345
0.0,0.0,0.0,0.0,0.0,6.393923470200641e-41,0.0,0.0,0.0,1.0181564827593465e-73,0.0,0.0,0.0,0.0,0.0,0.0,0.09429513478426994,0.0,0.0,0.06526650276327586,0.0,0.0,3.708362745632982e-17,0.004337293878219468,0.0,0.0,0.0,0.0,0.0,0.0,0.0,1.810862794908817e-188,0.0,0.10951493118266593,0.0,0.0,0.0,0.0,0.0,0.0,2.5659871248990946e-213,0.0,0.0,0.0,0.0,0.7265460472343389,0.0,0.0,0.0,3.7795097978704067e-261,0.0,4.009015722999373e-5,0.0,0.0,0.0,0.0,0.0,0.0,0.0,0.0
0.0,0.006334217926177739,0.0,0.0,6.321552322661039e-60,0.0,0.0,0.0,1.0537166021947998e-6,0.0,7.252868537314733e-36,0.0,0.0,0.0,0.0,0.0,0.0,0.0,0.0062467245613394935,0.0,0.11902829136933053,0.010825174290105596,0.0,0.0,0.0,0.0,0.0,0.013680539018616471,0.09293367302475047,0.0,0.0,0.0,0.0,0.0,0.0034790080945511876,0.016939939649252552,0.0,1.5176110171449207e-147,0.0,0.0,0.0,0.0,0.0,0.0,6.665715476291937e-17,0.0,0.7305313783492736,5.5627e-320,0.0,0.0,0.0,0.0,0.0,0.0,0.0,0.0,1.26780845049146e-156,0.0,5.849498173940978e-61,6.503746920547618e-70
9.931705945203809e-81,1.5850105535774478e-150,0.0,4.105872354713845e-83,6.404609750456616e-53,0.0,0.0,0.0,9.014868761262209e-38,1.8248301017802948e-245,0.0,0.0,0.0,0.0,0.0,0.0,0.0,0.0,0.06892240657966586,0.0,1.820347897514571e-93,1.5353242583685794e-104,0.0,0.0,0.0,1.5442065722124445e-51,0.0,0.0,0.0,0.0,0.0,0.0,0.0,0.0,0.0,0.0,0.0,1.9374841767428812e-26,0.0,0.0,0.0,0.0,0.0,0.0,0.0,0.0,0.0,0.06048058613732453,0.0,0.0,0.0,0.0,0.0,0.0,0.0,5.588693462344483e-69,4.75905762375784e-129,0.0,0.8705970072830096,0.0
0.0,0.0,1.8641157482964348e-124,0.0,1.0726019764733762e-109,0.0,0.0,0.011997737722440876,0.0,0.0,0.0,6.637721532564979e-229,1.212023028824548e-62,0.06710336062595502,0.0,0.008575661071928503,0.0,1.0753954216635403e-210,0.0,0.0,0.0,0.0,0.0,4.1700604038642255e-97,0.15078633570836372,0.0,0.0,0.0,0.0,0.0341930043236777,7.65047271159009e-74,9.337808452428235e-275,0.0,0.0,0.0,0.0,0.010267704782276753,0.0,1.6863854076545855e-116,0.0,1.3506018077501538e-225,0.07479138855668734,3.534846899903683e-52,5.751495162573789e-19,0.0,0.0,0.0,0.0,0.5401697877594734,0.0,0.10211501944919674,0.0,7.422682130035846e-18,2.1395768017492106e-211,2.9464288111981215e-60,0.0,0.0,2.500467695152532e-74,0.0,0.0
6.986623822208119e-85,0.0,0.0,3.19347937291516e-151,0.0,0.0,0.0,0.0,3.0553492616184534e-43,4.473136537257242e-100,0.0,0.0,0.0,0.0,0.0,0.0,0.0,0.06056389841155671,2.0035575088150936e-93,0.0,0.0,1.83478849872313e-271,2.8905844471407723e-126,0.0,0.0,1.3839902819005332e-23,1.787649867434753e-112,0.0,0.0,0.0,0.0,0.0,0.0,3.363987649995566e-285,0.0,0.0,0.0,3.754499797876358e-102,0.0,0.0,0.0,0.0,0.0,0.0,0.0,0.11706048479036664,0.0,0.1867921701099077,0.0,0.635583446688169,0.0,4.366240003140199e-114,0.0,0.0,0.0,1.1953442205740203e-110,1.3918580451525032e-70,0.0,8.118452022202467e-136,0.0
0.0,0.0,9.757407590379899e-62,0.0,0.0,0.0,0.0,1.6386527012274589e-72,0.0,0.0,0.0,0.008795495959430981,0.03354468590039054,5.9660530456872905e-92,0.0,0.0666707752729378,0.0,0.0,0.0,0.0,0.0,0.0,0.0,1.6827662691458856e-48,2.4576934825475617e-84,0.0,0.0,0.0,0.0,6.7296898048243205e-56,0.09013931006149302,5.488952771843445e-150,0.0,0.0,0.0,0.0,1.9904647540356823e-306,0.0,3.2295987967629877e-177,0.0,4.368214772723474e-112,1.0756535959002656e-16,3.6683070571581406e-42,0.19632336811226628,0.0,0.0,0.0,0.0,2.0546527503193847e-32,0.0,0.6045263646934812,0.0,1.1678245864598448e-75,1.606279745894088e-107,0.0,0.0,0.0,2.0702593873177056e-24,0.0,0.0
0.0,0.0,0.0,0.0,0.0,0.01918951585390627,0.0,0.0,0.0,2.381656363285511e-26,0.0,0.0,0.0,0.0,0.0,0.0,8.586939220928512e-11,0.0,0.0,0.07660864665098163,0.0,0.0,0.04815051211043661,9.35060951071865e-85,0.0,0.0,0.0,0.0,0.0,0.0,0.0,2.183481471776042e-8,0.0,0.04813315594959065,0.0,0.0,0.0,0.0,4.974209607292291e-125,0.0,7.287530375734757e-137,0.0,0.0,0.0,0.0,0.15436108415883096,0.0,0.0,0.0,6.439054354926907e-215,0.0,0.6535570633555697,0.0,0.0,0.0,0.0,0.0,0.0,0.0,0.0
0.0,0.0,3.6773485202365103e-9,0.0,0.0,0.0,0.0,7.849068765744307e-119,0.0,0.0,0.0,0.0,0.0743726560088587,2.265767280041487e-40,0.0,3.5298841146539454e-94,0.0,1.0953400626014482e-33,0.0,0.0,0.0,0.0,0.0,0.0,1.8023799441920124e-80,0.0,0.0,0.0,0.0,0.06513800799361141,9.840035786809732e-125,0.0,0.0,0.0,0.0,0.0,2.7268886150441508e-77,0.0,1.240198401234554e-167,0.0,5.799398772066989e-246,1.479595747969123e-46,3.816163757118345e-71,3.418458954534126e-133,0.0,0.0,0.0,0.0,0.28465696925592765,0.0,2.2939369168436964e-75,0.0,0.553615600444974,0.0,0.02221676261927967,0.0,0.0,6.498304038729257e-69,0.0,0.0
0.0,0.0,0.0,0.0,0.0,2.617926687774004e-73,0.0,0.0,0.0,0.0,0.0,0.0,1.7561127147548305e-94,6.103302323959103e-199,0.0,5.254008114510129e-273,1.1817487125950188e-255,0.010604771334419208,0.0,1.0154614431086612e-82,0.0,0.0,0.0,1.80951929872351e-162,0.0,0.0,0.0,0.010604771334419208,0.0,0.029445432577923696,4.232672442667862e-139,0.021492577372426342,0.0,0.0,0.0,0.0,0.0,0.0,8.143489461574883e-65,0.0,8.441138032520903e-64,1.8797133893282607e-67,1.5361264313835948e-61,0.04474870410526237,0.0,0.0,0.0,0.0,1.1295587240026644e-78,0.0,0.14611933315510361,0.0,1.0943763008846251e-135,0.7369844101204455,0.0,0.0,0.0,1.1607665443627893e-64,0.0,0.0
1.8166337451742272e-256,0.0,8.539698e-317,0.0,0.0,0.0,0.020317118181843962,3.2268077999729423e-104,0.0,0.0,0.0,0.0,0.0,0.0,0.12544656559386894,0.0,0.0,0.0,0.0,0.0,0.0,0.0,0.0,0.0,2.0715161598400817e-19,0.0,0.0065971192049902976,0.0,0.0,0.0,0.0,0.0,2.160965461149131e-202,0.0,0.0,0.0,0.06008255216496901,0.0,0.0,0.0,0.0,0.0,0.0,0.0,0.0,0.0,0.0,0.0,0.0,0.0,0.0,0.0,0.0,0.0,0.7875566448543279,0.0,0.0,0.0,0.0,0.0
0.09465502117732508,0.0,0.0,2.952901086486587e-64,9.01303115345166e-70,0.0,0.0,0.0,2.6298527394452435e-201,6.52726677496157e-22,0.0,0.0,0.0,0.0,0.0,0.0,6.973802203337576e-98,0.0,0.10184157750920457,0.0,0.0,5.13537025300003e-37,0.11110694158245368,0.0,0.005916258316128146,4.366325535768241e-20,0.041648984258488064,0.0,0.0,0.0,0.0,0.0,0.0,9.623435515250286e-56,0.0,0.0,2.1523477616423628e-207,9.54834101744242e-31,0.0,0.0,0.0,0.0,0.0,0.0,0.0,0.015084185772101367,0.0,0.0,0.0,2.017334658286314e-144,0.0,0.06666571626792123,0.0,0.0,0.0,0.563081315116378,1.5659683400386218e-31,0.0,0.0,0.0
0.09815930435386512,1.1718762580501082e-227,0.0,5.104363163967834e-98,0.6178286552635551,0.0,0.0,0.0,1.371221853453137e-62,4.257875202015229e-174,0.0,0.0,0.0,0.0,0.0,0.0,0.0,0.0,2.9437134377791293e-108,0.0,6.781220082450863e-122,2.4997228211243215e-36,5.2386971441941596e-104,0.0,0.0,1.3531808643015734e-30,4.699942371215215e-233,0.0,0.0,0.0,0.0,0.0,0.0,0.05174583785685256,0.0,0.0,0.0,1.5343874320215685e-7,0.0,0.0,0.0,0.0,0.0,0.0,0.0,0.02612538728445907,0.0,4.656975838890767e-130,0.0,0.0,0.0,3.575522875289557e-256,0.0,0.0,0.0,0.1651115321515182,0.04102912965100677,0.0,2.4361538604465793e-119,0.0
0.0,0.0,0.08532092397458305,0.0,0.0,0.0,0.0,0.022354235610184316,0.0,0.0,0.0,1.1139278580426269e-64,0.7912911093508335,0.02533414362331106,0.0,2.1664973866697296e-49,0.0,0.0,0.0,0.0,0.0,0.0,0.0,1.6946574097286918e-82,1.7848203523777215e-56,0.0,0.0,0.0,0.0,1.4100949869861782e-72,2.02648008679386e-51,0.0,0.0,0.0,0.0,0.0,2.2301198540635286e-195,0.0,4.8790795908057464e-104,0.0,3.173143096562459e-104,5.650855442542773e-23,1.7931127820536964e-17,0.05648768541615514,0.0,0.0,0.0,0.0,4.4087007677493946e-38,0.0,1.4063557420490307e-39,0.0,4.23876019845284e-90,2.428570606566605e-151,0.0,0.0,0.0,0.019211902024933142,0.0,0.0
1.127052417154492e-39,0.006640584436491652,0.0,5.340432254378702e-71,7.869746632877326e-69,0.0,0.0,0.0,0.17693321825640515,2.95594284657708e-224,3.2999921436774248e-236,0.0,0.0,0.0,0.0,0.0,0.0,0.0,0.046092287113438976,0.0,0.03126126862730843,1.2466615889842528e-74,0.0,0.0,0.0,2.6206365693886897e-20,0.0,0.0,0.0,0.0,0.0,0.0,0.0,0.0,0.0,0.0,0.0,0.13992907048500458,0.0,0.0,0.0,0.0,0.0,0.0,2.0020244051624125e-267,0.0,0.0,0.41493321641176134,0.0,5.815717172037682e-145,0.0,0.0,0.0,0.0,0.0,6.5517761206046656e-34,2.660077180287337e-72,0.0,0.18421035466958988,0.0
0.0,1.3419167832770993e-71,0.0,0.0,7.33721982800544e-144,0.0,0.0,0.0,0.020196827058502186,0.0,1.9449062472763972e-78,0.0,0.0,0.0,0.0,0.0,0.0,0.0,0.0,0.0,0.0838577723568184,0.0008296203594668978,0.0,0.0,0.0,0.0,0.0,4.20434512212288e-141,2.3195886190624252e-11,0.0,0.0,0.0,0.0,0.0,1.4052578400255605e-12,2.1661460364661964e-15,0.0,2.045698191082337e-187,0.0,0.0,0.0,0.0,0.0,0.0,0.8951157639394531,0.0,1.8136094309155588e-10,0.0,0.0,0.0,0.0,0.0,0.0,0.0,0.0,0.0,0.0,0.0,8.275615364016328e-241,1.6079794832404615e-8
60,651
0.0,0.0,0.0,0.0,0.0,0.0,5.835021180981663e-173,2.2163444222860313e-214,0.0,0.0,0.0,0.0,0.0,0.0,6.000578059038878e-8,1.2376383105511893e-133,0.0,0.0,0.0,0.0,0.0,0.0,9.967999421919629e-121,4.254922657474209e-114,0.0,0.0,0.0,0.0,0.0,0.0,6.786877666097097e-34,6.141198542841842e-57,0.0,0.0,0.0,0.0,0.0,0.0,0.006193699944872057,8.835682378695686e-229,0.0,0.0,0.0,0.0,0.0,0.0,1.0625956208593324e-27,2.4149541759006788e-197,0.0,0.0,0.0,0.0,0.0,0.0,0.026146921891021285,0.0,0.0,0.0,0.0,0.0,0.0,0.0,0.004076778684282424,0.0,0.0,0.0,0.0,0.0,0.0,8.515574084644882e-181,0.058440992966916794,2.06827403554561e-124,0.0,0.0,0.0,0.0,0.0,1.5944639603858925e-304,0.11509213142186193,4.594227915031736e-141,0.0,0.0,0.0,0.0032990903117483088,0.0,5.041372300318918e-63,0.0744656683037542,2.6654800358521466e-142,0.0,0.0,0.0,0.0,0.0,3.722305319942e-311,0.06774461794249494,1.6889067620326583e-163,0.0,0.0,0.0,0.0,0.0,1.2478733853119703e-124,0.09316076243662998,1.6486636559830593e-105,0.0,0.0,0.0,0.0,0.0,2.4894160275944758e-51,0.08198089757215683,1.3262417319453236e-160,0.0,0.0,0.0,0.0,0.0,0.0,0.05832939794848811,2.2718800822687945e-130,0.0,0.0,0.0,0.0,0.0,0.0,0.05611262329546294,0.0,0.0,0.0,0.0,0.0,0.0,3.2310117041823124e-174,0.16228444826497904,1.8697198009841716e-160,0.0,0.0,0.0,0.0,0.0,2.873718668194354e-141,0.05091321174201612,5.52375190280689e-154,0.0,0.0,0.0,0.0,0.0,9.971193892188615e-234,0.00957003590272419,1.4215184601975287e-298,0.0,0.0,0.0,0.0,0.0,5.8774623854216424e-83,0.05097928356992117,3.1789807134915434e-228,0.0,0.0,0.0,0.0,0.0,0.0,8.219383821030618e-10,0.0,0.0,0.0,0.0,0.0,0.0,4.720313863164022e-235,7.111370566107153e-6,0.0,0.0,0.0,0.0,0.0,0.0,0.0,8.788552893671565e-22,0.0,0.0,0.0,0.0,0.0,0.0,0.0,0.005752148668411203,0.0,0.0,0.0,0.0,0.0,0.0,0.0,1.150489181438547e-52,0.0,0.0,0.0,0.0,0.0,0.0,0.0,0.017200759705764637,3.892177694403323e-296,0.0,0.0,0.0,0.0,0.0,1.3722943471771012e-153,4.487811608193746e-80,0.0,0.0,0.0,0.0,0.0,0.0,0.0,8.7480740814726e-95,1.5634446456e-314,0.0,0.0,0.0,0.0,0.0,0.0,0.008959849278732255,1.895047708150438e-208,0.0,0.0,0.0,0.0,0.0,1.720000317886537e-110,0.005550741492921731,0.0,0.0,0.0,0.0,0.0,0.0,0.0,2.1128731610207567e-68,0.0,0.0,0.0,0.0,0.0,0.0,6.057994865810995e-255,8.758723044148845e-57,0.0,0.0,0.0,0.0,0.0,0.0,0.0,5.716334126401491e-124,0.0,0.0,0.0,0.0,0.0,0.0,0.0,0.021329234622092123,0.0,0.0,0.0,0.0,0.0,0.0,0.0,2.9380425568138786e-77,0.0,0.0,0.0,0.0,0.0,0.0,2.3519733e-316,4.287472585595888e-53,0.0,0.0,0.0,0.0,0.0,0.0,0.0,2.722024347749525e-179,0.0,0.0,0.0,0.0,0.0,0.0,1.6017240782883755e-308,3.72874686562533e-57,0.0,0.0,0.0,0.0,0.0,0.0,0.0,1.3730023937053725e-36,0.0,0.0,0.0,0.0,0.0,0.0,0.0,1.0691136242107777e-21,0.0,0.0,0.0,0.0,0.0,0.0,0.0,1.5273179241659323e-194,0.0,0.0,0.0,0.0,0.0,0.0,0.0,7.5965753695876125e-109,0.0,0.0,0.0,0.0,0.0,0.0,0.0,1.7100541581607335e-76,0.0,0.0,0.0,0.0,0.0,0.0,0.0,0.0035691808915644147,0.0,0.0,0.0,0.0,0.0,0.0,0.0,0.0,0.0,0.0,0.0,0.0,0.0,0.0,9.54776944498929e-33,0.0,0.0,0.0,0.0,0.0,0.0,1.8687465409920257e-186,0.0,0.0,0.0,0.0,0.0,0.0,0.0,7.44994262423329e-8,0.0,0.0,0.0,0.0,0.0,0.0,0.0,4.179396418947721e-188,0.0,0.0,0.0,0.0,0.0,0.0,0.0,0.0,0.0,0.0,0.0,0.0,0.0,0.0,0.006003195083754808,0.0,0.0,0.0,0.0,0.0,0.0,3.35191763888e-312,1.4046812328198655e-101,0.0,0.0,0.0,0.0,0.0,0.0,0.0,0.0030104480524797625,0.0,0.0,0.0,0.0,0.0,0.0,2.6382761690144892e-105,0.0,0.0,0.0,0.0,0.0,0.0,0.0,0.0,0.0,0.0,0.0,0.0,0.0,0.0,0.0,0.0,0.0,0.0,0.0,0.0,0.0,0.0,1.0277e-320,0.0,0.0,0.0,0.0,0.0,0.0,0.0,8.111400790073856e-18,0.0,0.0,0.0,0.0,0.0,0.0,3.2544266443583638e-251,4.126224297815549e-210,0.0,0.0,0.0,0.0,0.0,1.1009207624435479e-272,3.725765761503486e-52,0.0,0.0,0.0,0.0,0.0,0.0,0.0,8.638924489429594e-260,0.0,0.0,0.0,0.0,0.0,0.0,6.220909216756178e-94,2.5966978702044533e-145,4.489277800948081e-167,0.0,0.0,0.0,0.0,3.5903829822225456e-80,0.0,0.0,0.0,0.0,0.0,0.0,0.003271856697181092,0.0,0.0,0.0,0.0,0.0,0.0,6.649304073619856e-305,0.0,0.0,0.0,0.0,0.0,0.0,0.0,0.0,0.0,0.0,0.0,0.0,0.0,0.0,1.1166015597933091e-128,8.6306412703007e-245,0.0,0.0,0.0,0.0,0.0,3.752866372091197e-108,0.0,0.0,0.0,0.0,0.0,0.0,8.881451121327302e-41,0.0,0.0,0.0,0.0,0.0,0.0,0.0,4.4815577327112814e-72,0.0,0.0,0.0,0.0,0.0,0.0,1.6393553167057933e-234,0.0,0.0,0.0,0.0,0.0,0.0,0.0,8.36615420842989e-143,0.0,0.0,0.0,0.0,0.0,0.0,6.112204526130505e-62,2.980152420627055e-287,0.0,0.0,0.0,0.0,0.0,2.032027660256043e-194,0.0,0.0,0.0,0.0,0.0,3.9940003442088845e-31,0.0,0.0,0.0,0.0,0.0,0.0,0.0,0.0,0.0,0.0,0.0,0.0,0.003268467492078506,0.0,0.0,0.0,0.0,0.0,3.3830023727455763e-78,0.0,0.0,0.0,0.0,0.0,0.0,0.003286309117977946,0.0,0.0,0.0,0.0,0.0,1.0148525464518611e-248,0.0,0.0,0.0,0.0,0.0,1.7245560410575118e-171,0.0,0.0,0.0,0.0,0.0,0.0,9.340524254134627e-302,0.0,0.0,0.0,0.0,0.0,0.0,0.0,0.0,0.0,0.0,0.0,0.0,0.0,0.0,0.0,0.0,0.0,0.0,0.0,0.0,0.0,0.0,0.0,0.0,0.0
0.0,0.0,0.0,0.0,0.0,0.0,0.0,0.0,0.0,0.0,0.0,0.0,1.3252085063292158e-88,0.4046337347155685,0.0,0.0,0.0,0.0,0.0,0.0,1.4300509089848165e-75,0.050579216839446065,0.0,0.0,0.0,0.0,0.0,0.0,0.0,0.025289608419723032,0.0,0.0,0.0,0.0,0.0,0.0,2.4274606334982287e-10,0.0,0.0,0.0,0.0,0.0,0.0,0.0,0.0,0.050560273811780174,0.0,0.0,0.0,0.0,0.0,0.0,0.0,0.03793441262958455,0.0,0.0,0.0,0.0,0.0,0.0,0.0,0.07586882525916909,6.729080035383574e-247,0.0,0.0,0.0,0.0,0.0,5.116238535669208e-243,0.015257097609677178,0.01314658655898261,0.0,0.0,0.0,0.0,0.0,2.4294264451649244e-238,2.8080647884865755e-65,0.0,0.0,0.0,0.0,0.0,0.0,8.625769896846882e-84,0.08370151491692475,0.0,0.0,0.0,0.0,0.0,0.0,0.0,0.023859757394822195,0.0,0.0,0.0,0.0,0.0,0.0,0.012644804209259288,2.4577416553657577e-92,0.0,0.0,0.0,0.0,0.0,0.0,1.022539087148709e-211,0.017309612667264933,8.528317853093922e-132,0.0,0.0,0.0,0.0,0.0,6.576370641651048e-159,0.03634744291868118,0.0,0.0,0.0,0.0,0.0,0.0,7.268241657118446e-97,1.6067086329422294e-38,0.0,0.0,0.0,0.0,0.0,0.0,0.0,1.4480891172153348e-130,0.0,0.0,0.0,0.0,0.0,0.0,7.4e-323,1.3485584815936586e-140,0.0,0.0,0.0,0.0,0.0,0.0,0.0,1.907222215388015e-88,0.0,0.0,0.0,0.0,0.0,0.0,0.0,1.7249484055594822e-184,0.0,0.0,0.0,0.0,0.0,0.0,0.0,2.2136073730933543e-202,0.0,0.0,0.0,0.0,0.0,0.0,0.0,3.049514692968826e-70,0.0,0.0,0.0,0.0,0.0,0.0,0.0,0.012201420774047515,0.0,0.0,0.0,0.0,0.0,0.0,0.0,2.4384350868890306e-64,0.0,0.0,0.0,0.0,0.0,0.0,0.0,0.012991163617592234,0.0,0.0,0.0,0.0,0.0,0.0,0.0,0.02495994084252516,0.0,0.0,0.0,0.0,0.0,0.0,0.0,2.4880903633247998e-206,0.0,0.0,0.0,0.0,0.0,0.0,0.0,6.167148858287613e-163,0.0,0.0,0.0,0.0,0.0,0.0,0.0,0.012621580857130322,0.0,0.0,0.0,0.0,0.0,0.0,0.0,2.0917560458941074e-67,0.0,0.0,0.0,0.0,0.0,0.0,0.0,2.4933557730933717e-233,0.0,0.0,0.0,0.0,0.0,0.0,0.0,0.0,0.0,0.0,0.0,0.0,0.0,0.0,0.0,1.8093031963672773e-140,0.0,0.0,0.0,0.0,0.0,0.0,0.0,0.012758701854473585,0.0,0.0,0.0,0.0,0.0,0.0,0.0,3.9382008449418204e-248,0.0,0.0,0.0,0.0,0.0,0.0,0.0,1.802896709053264e-181,0.0,0.0,0.0,0.0,0.0,0.0,0.0,0.0,0.0,0.0,0.0,0.0,0.0,0.0,0.0,3.048911147753099e-158,0.0,0.0,0.0,0.0,0.0,0.0,0.0,0.0,0.0,0.0,0.0,0.0,0.0,0.0,0.0,1.551657744445602e-202,0.0,0.0,0.0,0.0,0.0,0.0,0.0,0.013948059624951601,0.0,0.0,0.0,0.0,0.0,0.0,0.0,2.8869659885833425e-122,0.0,0.0,0.0,0.0,0.0,0.0,0.0,0.0,0.0,0.0,0.0,0.0,0.0,0.0,0.0,1.6915250150922148e-234,0.0,0.0,0.0,0.0,0.0,0.0,0.0,2.246730653031398e-103,0.0,0.0,0.0,0.0,0.0,2.313336285559333e-89,3.577712028016e-311,0.0,0.0,0.0,0.0,0.0,0.0,5.773141825244989e-256,0.0,0.0,0.0,0.0,0.0,0.0,0.0,0.0,0.0,0.0,0.0,0.0,0.0,0.0,0.0,0.0,0.0,0.0,0.0,0.0,0.0,0.0,0.0,0.0,0.0,0.0,0.0,0.0,0.0,0.0,0.0,0.0,0.0,0.0,0.0,0.0,0.0,0.0,2.525021010708147e-118,0.0,0.0,0.0,0.0,0.0,0.0,0.0,0.0,0.0,0.0,0.0,0.0,0.0,0.0,8.720455678093518e-204,0.0,0.0,0.0,0.0,0.0,0.0,0.0,0.0,0.0,0.0,0.0,0.0,0.0,0.0,9.83687663406311e-108,0.0,0.0,0.0,0.0,0.0,0.0,0.0,0.0,0.0,0.0,0.0,0.0,0.0,0.0,0.0,1.496453424493582e-180,0.0,0.0,0.0,0.0,0.0,0.0,0.0,3.005690836320167e-184,1.9227093312373527e-234,0.0,0.0,0.0,0.0,0.0,2.434970568467698e-138,0.0,0.0,0.0,0.0,0.0,0.0,0.0,0.012652781581165479,0.0,0.0,0.0,0.0,0.0,0.0,0.0,0.025289608419723032,0.0,0.0,0.0,0.0,0.0,7.720123711246596e-209,0.0,0.0,0.0,0.0,0.0,0.0,0.0,0.0,0.0,0.0,0.0,0.0,0.0,0.012799050024899656,0.0,0.0,0.0,0.0,0.0,0.0,0.0,0.0,0.0,0.0,0.0,0.0,0.0,0.0,0.0,0.012644804209861516,0.0,0.0,0.0,0.0,0.0,2.271440281272983e-277,0.0,0.0,0.0,0.0,0.0,0.0,0.0,2.4726856291802595e-262,0.0,0.0,0.0,0.0,0.0,0.0,2.4744259800565287e-216,0.0,0.0,0.0,0.0,0.0,0.0,1.234669227526115e-207,0.0,0.0,0.0,0.0,0.0,0.0,0.0,3.126869891607862e-191,0.0,0.0,0.0,0.0,0.0,5.2823147140681665e-161,0.0,0.0,0.0,0.0,0.0,0.0,0.0,1.2811094369951006e-157,0.0,0.0,0.0,0.0,0.0,0.0,0.0,0.0,0.0,0.0,0.0,0.0,0.0,0.0,0.0,0.0,0.0,0.0,1.0097316006452707e-224,0.0,0.0,0.0,0.0,0.0,3.3142647009266047e-165,0.0,0.0,0.0,0.0,0.0,0.0,2.797419282731224e-37,0.0,0.0,0.0,0.0,0.0,0.0,0.0,0.0,0.0,0.0,0.0,0.0,0.0,0.0,0.0,0.0,0.0,2.493523451045309e-233,0.0,0.0,0.0,0.0,0.0,0.0,0.0,0.0,0.0,0.0,0.0,0.0,0.0,0.0,0.0,0.0,0.0,0.0,0.0,0.0,0.0,0.0,0.0,0.0,0.0,0.0,0.0
0.0,0.0,0.0,0.0,0.0,0.0,0.0,0.0,0.0,0.0,0.0,0.0,0.0,0.0,0.0,0.0,0.0,0.0,5.1993552199250585e-233,8.131970869183943e-94,0.0,0.0,0.0,0.0,0.0,0.0,0.0,0.0,0.0,0.0,0.0,0.0,0.0,0.0,0.0,0.0,0.0,0.0,0.0,0.0,0.0,0.0,0.0,0.0,0.0,0.0,0.0,0.0,0.0,0.0,0.0,0.0,0.0,0.0,0.0,0.0,0.0,0.0,0.0,0.0,0.0,0.0,0.0,0.0,0.0,0.0,0.0,0.0,0.0,0.0,0.0,0.0,0.0,0.0,4.73927525616e-313,1.6956918854332962e-248,0.0,0.0,0.0,0.0,0.0,0.0,7.908436489223962e-281,0.0,0.0,0.0,0.0,0.0,0.0,0.0,4.303708098967087e-217,0.0,0.0,0.0,0.0,0.0,0.0,0.0,5.994492499408164e-306,0.0,0.0,0.0,0.0,0.0,0.0,0.0,8.16947396488117e-136,6.025164628535943e-80,0.0,0.0,0.0,0.0,0.0,0.0,4.693528527235006e-65,0.0,0.0,0.0,0.0,0.0,0.0,0.0,1.3045259383526146e-85,0.0,0.0,0.0,0.0,0.0,0.0,0.0,2.839313547576157e-139,0.0,0.0,0.0,0.0,0.0,0.0,0.0,5.03221899497033e-69,0.0,0.0,0.0,0.0,0.0,0.0,1.7224404674963617e-140,7.263500215446715e-55,0.0,0.0,0.0,0.0,0.0,0.0,2.4463886045051318e-111,3.801578635359409e-52,0.0,0.0,0.0,0.0,0.0,0.0,4.1240279572390107e-255,7.613646803783681e-64,0.0,0.0,0.0,0.0,0.0,0.0,2.8227834890849763e-124,9.083588594797929e-47,0.0,0.0,0.0,0.0,0.0,0.0,0.0,3.3743280897430054e-60,0.0,0.0,0.0,0.0,0.0,0.0,6.818195275509203e-254,0.04872180733697477,1.9853313871451222e-112,0.0,0.0,0.0,0.0,0.0,6.916317560022036e-162,6.71102640072224e-61,3.0160180947642196e-191,0.0,0.0,0.0,0.0,0.0,1.0778198298481224e-121,2.4679777733809634e-10,0.0,0.0,0.0,0.0,0.0,0.0,2.8119601285133273e-125,0.09326208442986128,1.573307070167555e-50,0.0,0.0,0.0,0.0,0.0,0.0,0.17400574072977484,9.537455623642154e-109,0.0,0.0,0.0,0.0,0.0,1.0270570545393736e-115,0.20756312791587764,0.0,0.0,0.0,0.0,0.0,0.0,6.709875416730482e-112,0.16563699958115374,0.0,0.0,0.0,0.0,0.0,0.0,1.2137764560581803e-155,0.07872811964046451,0.0,0.0,0.0,0.0,0.0,0.0,0.0,0.04311380588379948,0.0,0.0,0.0,0.0,0.0,0.0,1.189205159179941e-95,0.014866873755808594,0.0,0.0,0.0,0.0,0.0,0.0,0.0,2.175465146684078e-16,0.0,0.0,0.0,0.0,0.0,0.0,2.4154031118191908e-270,0.057871740280564285,0.0,0.0,0.0,0.0,0.0,0.0,0.0,1.6661525296124774e-160,0.0,0.0,0.0,0.0,0.0,0.0,0.0,2.0770325393852766e-71,0.0,0.0,0.0,0.0,0.0,0.0,0.0,0.029250988683122953,0.0,0.0,0.0,0.0,0.0,0.0,0.0,0.008197271527220941,0.0,0.0,0.0,0.0,0.0,0.0,0.0,0.020153079812323248,0.0,0.0,0.0,0.0,0.0,0.0,0.0,0.0,0.0,0.0,0.0,0.0,0.0,0.0,0.0,0.014688960189185063,0.0,0.0,0.0,0.0,0.0,0.0,0.0,6.134755165163103e-65,0.0,0.0,0.0,0.0,0.0,0.0,0.0,0.0,0.0,0.0,0.0,0.0,0.0,0.0,0.0,0.0,0.0,0.0,0.0,0.0,0.0,0.0,0.0,3.9286599893951526e-19,0.0,0.0,0.0,0.0,0.0,0.0,0.014629206456997983,0.0,0.0,0.0,0.0,0.0,0.0,0.0,0.0,0.0,0.0,0.0,0.0,0.0,0.0,0.0,0.0,0.0,0.0,0.0,0.0,0.0,0.0,0.0,0.0,0.0,0.0,0.0,0.0,0.0,0.0,0.0,0.0,0.0,0.0,0.0,0.0,0.0,0.007366383821883485,0.0,0.0,0.0,0.0,0.0,0.0,0.0,0.0,0.0,0.0,0.0,0.0,0.0,0.0,0.0,9.210943949916852e-163,0.0,0.0,0.0,0.0,0.0,0.0,6.3633811005514565e-165,0.0,0.0,0.0,0.0,0.0,0.0,0.0,0.0,0.0,0.0,0.0,0.0,0.0,0.0,0.0,0.0,0.0,0.0,0.0,0.0,0.0,0.0,0.021943809708189193,0.0,0.0,0.0,0.0,0.0,0.0,0.0,0.0,0.0,0.0,0.0,0.0,0.0,0.0,0.0,1.0390533365632777e-83,0.0,0.0,0.0,0.0,0.0,0.0,9.320577657336949e-152,0.0,0.0,0.0,0.0,0.0,0.0,0.0,0.0,0.0,0.0,0.0,0.0,0.0,0.0,0.0,0.0,0.0,0.0,0.0,0.0,0.0,4.683071197459317e-279,0.0,0.0,0.0,0.0,0.0,0.0,0.0,0.0,0.0,0.0,0.0,0.0,0.0,0.0,0.0,0.0,0.0,0.0,0.0,0.0,0.0,0.0,0.0,0.0,0.0,0.0,0.0,0.0,0.0,0.0,0.0,0.0,0.0,0.0,0.0,0.0,0.0,0.0,0.0,0.0,0.0,0.0,0.0,0.0,0.0,0.0,0.0,0.0,0.0,0.0,0.0,0.0,0.0,0.0,0.0,0.0,0.0,0.0,0.0,0.0,0.0,0.0,0.0,0.0,0.0,0.0,0.0,0.0,0.0,0.0,0.0,0.0,0.0,0.0,0.0,0.0,0.0,0.0,0.0,0.0,0.0,0.0,0.0,0.0,0.0,0.0,0.0,0.0,0.0,0.0,0.0,0.0,0.0,0.0,0.0,0.0,0.0,0.0,0.0,0.0,0.0,0.0,0.0,0.0,0.0,0.0,0.0,0.0,0.0,0.0,0.0,0.0,0.0,0.0,0.0,0.0,0.0,0.0,0.0,0.0,0.0,0.0,0.0,0.0,0.0,0.0,0.0,0.0,0.0,0.0,0.0,0.0,0.0,0.0,0.0,0.0,0.0,0.0,0.0,0.0,0.0,0.0,0.0,0.0,0.0,0.0,0.0,0.0,0.0,0.0,0.0,0.0
0.0,0.0,0.0,0.0,0.0,0.0,0.0,0.0,0.0,0.0,0.0,0.0,0.0,0.0,0.01522176388901533,0.0,0.0,0.0,0.0,0.0,0.0,0.0,6.906272643566569e-18,0.0,0.0,0.0,0.0,0.0,0.0,0.0,2.7191032262172638e-39,0.0,0.0,0.0,0.0,0.0,0.0,0.0,0.0,0.0,0.0,0.0,0.0,0.0,0.0,0.0,0.0,0.0,0.0,0.0,0.0,0.0,0.0,0.0,6.852012484906934e-252,0.0,0.0,0.0,0.0,0.0,0.0,0.0,0.0,0.0,0.0,0.0,0.0,0.0,0.0,0.0,0.015131978390456798,0.0,0.0,0.0,0.0,0.0,0.0,0.0,8.946366399887923e-19,0.0,0.0,0.0,0.0,0.0,0.0,0.0,0.04896806187012646,0.0,0.0,0.0,0.0,0.0,0.0,0.0,3.306923859569676e-222,0.0,0.0,0.0,0.0,0.0,0.0,0.0,9.473927816818386e-86,0.0,0.0,0.0,0.0,0.0,0.0,0.0,3.8080048984475855e-10,0.0,0.0,0.0,0.0,0.0,0.0,0.0,1.1401802695501081e-36,0.0,0.0,0.0,0.0,0.0,0.0,0.0,2.3695540711495247e-57,0.0,0.0,0.0,0.0,0.0,0.0,0.0,2.4685565738600218e-29,0.0,0.0,0.0,0.0,0.0,0.0,0.0,2.209055320049736e-107,0.0,0.0,0.0,0.0,0.0,0.0,0.0,2.2252726453362406e-85,0.0,0.0,0.0,0.0,0.0,0.0,0.0,2.9140727208893947e-17,0.0,0.0,0.0,0.0,0.0,0.0,0.0,0.10947778593763854,0.0,0.0,0.0,0.0,0.0,0.0,0.0,0.022866381162581925,0.0,0.0,0.0,0.0,0.0,0.0,0.0,8.476127345608167e-171,0.0,0.0,0.0,0.0,0.0,0.0,0.0,0.023420077172424072,0.0,0.0,0.0,0.0,0.0,0.0,0.0,0.05821404571992757,0.0,0.0,0.0,0.0,0.0,0.0,0.0,0.05407832018815852,0.0,0.0,0.0,0.0,0.0,0.0,0.015221905370315102,0.03466143062897836,0.0,0.0,0.0,0.0,0.0,0.0,0.0,0.029272111971289778,0.015221905369007428,0.0,0.0,0.0,0.0,0.0,0.0,2.5484633669450366e-182,9.127925491314895e-130,0.0,0.0,0.0,0.0,0.0,0.0,8.020724379111999e-21,0.0,0.0,0.0,0.0,0.0,0.0,0.0,0.017569580404804486,1.8618393990436805e-125,0.0,0.0,0.0,0.0,0.0,0.0,1.1060904712717529e-20,0.0,0.0,0.0,0.0,0.0,0.0,0.0,2.712670115811416e-215,0.0,0.0,0.0,0.0,0.0,0.0,0.0,0.009379009316599735,0.0,0.0,0.0,0.0,0.0,0.0,0.0,0.0,0.0,0.0,0.0,0.0,0.0,0.0,0.0,0.07441090736712015,0.0,0.0,0.0,0.0,0.0,0.0,0.0,0.0,0.0,0.0,0.0,0.0,0.0,0.0,0.0,0.02593848354573223,0.0,0.0,0.0,0.0,0.0,0.0,0.0,0.013122904807865725,0.0,0.0,0.0,0.0,0.0,0.0,1.3095973032877498e-227,0.01522190537035135,0.0,0.0,0.0,0.0,0.0,0.0,0.0,4.804495662550963e-180,0.0,0.0,0.0,0.0,0.0,0.0,0.0,1.8163681962514276e-54,0.0,0.0,0.0,0.0,0.0,0.0,0.0,0.0007494195369011641,0.0,0.0,0.0,0.0,0.0,0.0,0.0,0.02904332842845982,0.0,0.0,0.0,0.0,0.0,0.0,0.0,0.0,0.0,0.0,0.0,0.0,0.0,0.0,6.107924422001079e-81,0.0,0.0,0.0,0.0,0.0,0.0,0.0,0.0,0.0,0.0,0.0,0.0,0.0,0.0,0.030443810650443246,0.0,0.0,0.0,0.0,0.0,0.0,0.0,0.0,0.0,0.0,0.0,0.0,0.0,0.0,0.0,1.388489482287718e-66,0.0,0.0,0.0,0.0,0.0,0.0,0.0,0.0,0.0,0.0,0.0,0.0,0.0,0.0,2.571015392883373e-102,0.0,0.0,0.0,0.0,0.0,0.0,0.0,0.0,0.0,0.0,0.0,0.0,0.0,0.0,3.0071971205289035e-112,0.0,0.0,0.0,0.0,0.0,0.0,0.0,0.0,0.0,0.0,0.0,0.0,0.0,0.0,0.0,0.0,0.0,0.0,0.0,0.0,0.0,0.0,0.0,0.0,0.0,0.0,0.0,0.0,0.0,0.0,0.05405140986326499,0.0,0.0,0.0,0.0,0.0,0.0,0.0,0.0,0.0,0.0,0.0,0.0,0.0,0.0,0.014027539624349064,0.0,0.0,0.0,0.0,0.0,0.0,0.0,0.0,0.0,0.0,0.0,0.0,0.0,0.0,0.0,0.04566561303362606,0.0,0.0,0.0,0.0,0.0,9.196443524897461e-14,0.0,0.0,0.0,0.0,0.0,0.0,2.8815197674507855e-57,0.0,0.0,0.0,0.0,0.0,0.0,0.06088762148126041,0.0,0.0,0.0,0.0,0.0,0.0,0.0,0.0,0.0,0.0,0.0,0.0,0.0,0.0,0.0,0.0,0.0,0.0,0.0,0.0,0.0,0.03225765137955436,0.0,0.0,0.0,0.0,0.0,0.0,0.04588400026210204,0.0,0.0,0.0,0.0,0.0,0.0,0.0,0.0,0.0,0.0,0.0,0.0,0.0,0.0,0.015369748321884714,0.0,0.0,0.0,0.0,0.0,0.0,0.0,5.296960656236628e-91,1.525707856107263e-119,0.0,0.0,0.0,0.0,0.0,0.029801343074658617,0.0,0.0,0.0,0.0,0.0,0.0,2.4106558718542967e-138,0.0,0.0,0.0,0.0,0.0,0.0,0.0,0.0,0.0,0.0,0.0,0.0,0.0,0.0,0.0,0.0,0.0,0.0,0.0,0.0,0.0,0.0,0.0,0.0,0.029198050109894454,0.0,0.0,0.0,0.0,0.0,0.0,0.0,0.0,0.0,0.0,0.0,0.0,0.0,1.649253255663088e-106,0.0,0.0,0.0,0.0,1.2903003341679042e-207,0.0,0.0,0.0,0.0,0.0,0.0,0.015221905370315102,0.0,0.0,0.0,0.0,0.0,0.0,0.0,0.0,2.1778713787619502e-296,0.0,0.0,0.0,0.0,0.0,0.0,0.0,0.0,0.0,0.0,0.0,0.0,0.0,0.0,0.0,0.0
0.0,0.0,0.0,0.0,0.0,0.0,3.589948348139167e-184,0.0,0.0,0.0,0.0,0.0,0.0,8.235418218621578e-219,0.08387891250014258,0.0,0.0,0.0,0.0,0.0,0.0,4.783340825105186e-101,0.02143674450646999,0.0,0.0,0.0,0.0,0.0,0.0,0.0,0.0,0.0,0.0,0.0,0.0,0.0,0.0,0.0,0.08548324232596746,0.0,0.0,0.0,0.0,0.0,0.0,1.1449532261224442e-115,0.0,0.0,0.0,0.0,0.0,0.0,0.0,1.230989305101352e-140,0.0,0.0,0.0,0.0,0.0,0.0,0.0,5.0e-323,8.952343768688338e-113,0.0,0.0,0.0,0.0,0.0,0.0,3.4823860583596932e-87,1.7935373869851863e-105,0.0,0.0,0.0,0.0,0.0,3.6181056715622676e-174,6.313679391735974e-95,2.2747802002915188e-111,0.0,0.0,0.0,0.0,0.0,5.641821135830574e-78,3.747300314685303e-98,0.0,0.0,0.0,0.0,0.0,0.0,0.0,4.528281090132292e-71,0.0,0.0,0.0,0.0,0.0,0.0,0.0,3.0782754437617894e-47,2.5010519992871774e-212,0.0,0.0,0.0,0.0,0.0,0.0,0.02733211844030461,0.0,0.0,0.0,0.0,0.0,0.0,0.0,1.6890654149934595e-52,0.0,0.0,0.0,0.0,0.0,0.0,0.0,1.5841613962240802e-27,3.6659066339807835e-232,0.0,0.0,0.0,0.0,0.0,0.0,0.028004332885169504,0.021434223301458336,0.0,0.0,0.0,0.0,0.0,1.892536863719006e-118,0.04186356290826867,0.0,0.0,0.0,0.0,0.0,0.0,2.089860682616429e-157,0.4092745927000566,1.2126268944410012e-125,0.0,0.0,0.0,0.0,0.0,0.0,2.0368248575633705e-92,0.0,0.0,0.0,0.0,0.0,0.0,0.0,9.313371853274678e-77,0.0,0.0,0.0,0.0,0.0,0.0,0.0,3.2544832939186998e-90,0.0,0.0,0.0,0.0,0.0,0.0,0.0,4.334910104022635e-77,0.0,0.0,0.0,1.184545727431775e-182,0.0,0.0,0.0,6.095982340560323e-146,0.0,0.0,0.0,0.0,0.0,0.0,0.0,1.7486109840846807e-113,1.829093774143558e-36,0.0,0.0,0.0,0.0,0.0,0.0,1.6800941248778776e-160,0.0,0.0,0.0,0.0,0.0,0.0,0.0,5.960836964503588e-72,0.0,0.0,0.0,0.0,0.0,0.0,0.0,5.558537838727436e-78,5.589059485519222e-214,0.0,0.0,0.0,0.0,0.0,0.0,2.857480556730461e-47,0.0,0.0,0.0,0.0,0.0,0.0,0.0,2.0981709554579533e-81,0.0,0.0,0.0,0.0,0.0,0.0,0.0,0.023724016740994953,0.0,0.0,0.0,0.0,0.0,0.0,0.0,5.7918631119076e-132,0.0,0.0,0.0,0.0,0.0,0.0,0.0,2.7254935299224407e-78,0.0,0.0,0.0,0.0,0.0,0.0,0.0,1.9951700150574374e-140,0.0,0.0,0.0,0.0,0.0,0.0,0.0,6.490339565311068e-122,0.0,0.0,0.0,0.0,0.0,0.0,0.0,0.022219974012269172,0.0,0.0,0.0,0.0,0.0,0.0,0.0,1.591691037176785e-179,0.0,0.0,0.0,0.0,0.0,0.0,0.0,0.042930591913225326,0.0,0.0,0.0,0.0,0.0,0.0,0.0,0.021434494089874332,0.0,0.0,0.0,0.0,0.0,0.0,0.0,0.020941464773128596,0.0,0.0,0.0,0.0,0.0,0.0,0.0,0.0,0.0,0.0,0.0,0.0,0.0,0.0,0.0,4.4608059250404177e-67,0.0,0.0,0.0,0.0,0.0,0.0,0.0,0.0,0.0,0.0,0.0,0.0,0.0,0.0,0.0,3.568178025466218e-70,0.0,0.0,0.0,0.0,0.0,0.0,0.0,4.929048880426537e-133,0.0,0.0,0.0,0.0,0.0,0.0,4.3625106027370955e-15,0.0,0.0,0.0,0.0,0.0,0.0,1.5037133767133066e-150,0.0,0.0,0.0,0.0,0.0,0.0,0.0,9.052285043079302e-268,0.0,0.0,0.0,0.0,0.0,0.0,0.0,1.1483738290145367e-233,3.445618730431345e-254,0.0,0.0,0.0,0.0,0.0,0.0,4.8926600609675606e-262,0.0,0.0,0.0,0.0,0.0,0.0,4.1008039723833404e-199,0.0,0.0,0.0,0.0,0.0,0.0,0.0,1.271571709441083e-36,0.0,0.0,0.0,0.0,0.0,0.0,0.0,4.3673717405118856e-151,0.0,0.0,0.0,0.0,0.0,0.0,0.0,0.0,0.0,0.0,0.0,0.0,0.0,0.0,3.4494027131461145e-160,0.0,0.0,0.0,0.0,0.0,0.0,0.0,3.5041150116150935e-34,0.0,0.0,0.0,0.0,0.0,0.0,0.021434533528326066,0.0,0.0,0.0,0.0,0.0,0.0,0.0,0.0,0.0,0.0,0.0,0.0,0.0,0.0,0.0,1.18674532029491e-31,0.0,0.0,0.0,0.0,0.0,0.0,2.0181236206855792e-93,5.390668876172373e-256,0.0,0.0,0.0,0.0,0.0,0.0,3.192686401049236e-297,0.0,0.0,0.0,0.0,0.0,0.0,0.0,0.0,0.0,0.0,0.0,0.0,0.0,1.2685370252246364e-181,0.021434533528326066,0.0,0.0,0.0,0.0,0.0,0.0,0.0,0.0,0.0,0.0,0.0,0.0,2.189371008215661e-307,0.0,0.0,0.0,0.0,0.0,0.0,0.0,0.0,0.0,0.0,0.0,0.0,0.021434533528326066,0.0,0.0,0.0,0.0,0.0,0.0,0.0,0.0,4.195276676775839e-60,0.0,0.0,0.0,0.0,0.0,0.0,2.0445710835988026e-218,0.0,0.0,0.0,0.0,0.0,0.0,0.0,1.1271400790237948e-103,0.0,0.0,0.0,0.0,0.0,0.0,3.364153249825929e-52,0.0,0.0,0.0,0.0,0.0,0.0,0.0,3.871483147418281e-88,0.0,0.0,0.0,0.0,0.0,8.553073160078184e-218,4.016175608323929e-157,0.0,0.0,0.0,0.0,0.0,0.0,3.072088402803473e-183,0.0,0.0,0.0,0.0,0.0,1.693502613288904e-164,0.0,0.0,0.0,0.0,0.0,1.02555156806225e-65,0.0,0.0,0.0,0.0,0.0,0.0,0.08573812831768744,0.0,0.0,0.0,0.0,0.0,1.2298772983566643e-112,0.0,0.0,0.0,0.0,0.0,0.0,3.7833879984197626e-176,0.0,0.0,0.0,0.0,0.0,0.0,3.118263544538057e-45,0.0,0.0,0.0,0.0,0.0,0.0,0.0,0.0,0.0,0.0,5.657109755988341e-73,0.0,0.0,0.0,0.0,0.0,0.0,0.0,0.0,0.0,0.0,8.973047438900462e-201,0.0,0.0,0.0,0.0,0.0,0.0,0.0,0.0,0.0,0.0,0.0,0.0,0.0,0.0,0.0,0.0
0.0,0.0,0.0,0.0,0.0,0.0,0.0,0.0,5.875487738491141e-192,0.0,0.0,0.0,0.0,0.0,0.0,0.0,1.8504098960015812e-143,0.0,0.0,0.0,0.0,0.0,0.0,0.0,2.978056706811555e-189,0.0,0.0,0.0,0.0,0.0,0.0,0.0,4.0153597541459744e-193,0.0,0.0,0.0,0.0,0.0,0.0,7.084761029040105e-226,1.0842642772817452e-106,0.0,0.0,0.0,0.0,0.0,0.0,0.0,1.7514915181028302e-138,0.0,0.0,0.0,0.0,0.0,0.0,0.0,1.2682193919053588e-63,0.0,0.0,0.0,0.0,0.0,0.0,4.182205299992903e-124,1.5435251598319137e-80,0.0,0.0,0.0,0.0,0.0,0.0,7.402712770698752e-303,0.002177024205182864,0.0,0.0,0.0,0.0,0.0,0.0,7.203938054809829e-126,1.2991024786182895e-19,7.766211288713764e-124,0.0,0.0,0.0,0.0,0.0,1.6996082349635957e-241,5.572312925326539e-50,0.0,0.0,0.0,0.0,0.0,0.0,1.3807065358412452e-302,1.059416792955513e-41,2.6980719057256854e-199,0.0,0.0,0.0,0.0,0.0,0.0,0.021533833260092054,0.0,0.0,0.0,0.0,0.0,0.0,1.704557145e-315,2.6757871709208575e-35,2.3048359360782686e-200,0.0,0.0,0.0,0.0,0.0,2.532377538987053e-188,8.093900776841662e-51,0.0,0.0,0.0,0.0,0.0,0.0,4.114168773686032e-277,0.00999031907121878,0.0,0.0,0.0,0.0,0.0,0.0,1.3947345916383202e-276,0.017866741939724488,2.7102532250846247e-201,0.0,0.0,0.0,0.0,0.0,6.0744671217570215e-258,0.04075258683760676,0.0,0.0,0.0,0.0,0.0,0.0,1.0805323484319878e-162,0.04535249372621322,4.493107180759593e-173,0.0,0.0,0.0,0.0,0.0,3.4165334416068596e-236,0.041237983709445675,7.858858369368825e-193,0.0,0.0,0.0,0.0,0.0,2.8673176901922657e-270,0.09026887997929357,3.4097345342776225e-132,0.0,0.0,0.0,0.0,0.0,4.126700503813707e-194,0.033854718504713,0.0,0.0,0.0,0.0,0.0,0.0,7.146719928592147e-137,0.046781047829311535,1.8698102797962776e-143,0.0,0.0,0.0,0.0,0.0,3.7464740289756385e-234,0.033422278102105143,2.0065650572148042e-171,0.0,0.0,0.0,0.0,0.0,0.0,0.04979529894463021,1.3113446022888108e-151,0.0,0.0,0.0,0.0,0.0,0.0,0.023427653021091406,0.0,0.0,0.0,0.0,0.0,0.0,3.2611301810531117e-81,0.03697447724294819,1.6910398562459218e-170,0.0,0.0,0.0,0.0,0.0,1.2545932908611402e-113,0.037052019390567986,2.4217140516263454e-106,0.0,0.0,0.0,0.0,0.0,1.3409352864447384e-130,0.056940147304837464,6.934662326090056e-150,0.0,0.0,0.0,0.0,0.0,0.0,0.02643817060456663,1.8295337846272088e-184,0.0,0.0,0.0,0.0,0.0,2.9259576685147297e-175,0.03683641469756229,1.227361060079143e-93,0.0,0.0,0.0,0.0,0.0,9.295747957507616e-99,0.01184637854912685,8.219618913147848e-165,0.0,0.0,0.0,0.0,0.0,2.8956607470629452e-105,0.040509568395137946,1.1556424138448524e-117,0.0,0.0,0.0,0.0,0.0,3.94280160679362e-85,0.02643817060456663,1.3444739703643822e-245,0.0,0.0,0.0,0.0,0.0,0.0,0.019522207964377866,0.0,0.0,0.0,0.0,0.0,0.0,0.0,0.006479545162331511,0.0,0.0,0.0,0.0,0.0,0.0,0.0,0.01423593801784357,0.0,0.0,0.0,0.0,0.0,0.0,0.0,0.018303348880084582,0.0,0.0,0.0,0.0,0.0,0.0,1.4146342714452414e-113,0.01150142987617065,0.0,0.0,0.0,0.0,0.0,0.0,0.0,0.009341800979280761,0.0,0.0,0.0,0.0,0.0,0.0,3.0721391504983615e-206,0.004240131427117236,0.0,0.0,0.0,0.0,0.0,0.0,0.0,0.0021743171759205284,0.0,0.0,0.0,0.0,0.0,0.0,0.0,0.0071682065578994696,0.0,0.0,0.0,0.0,0.0,0.0,0.0,0.002415691342026132,3.8598963940875904e-92,0.0,0.0,0.0,0.0,0.0,0.0,0.005098070055106582,0.0,0.0,0.0,0.0,0.0,0.0,0.00406741086224102,0.0,0.0,0.0,0.0,0.0,0.0,0.00813473574446329,0.0,0.0,0.0,0.0,0.0,0.0,2.729625104657146e-104,0.008135836357805702,3.64228794618158e-293,0.0,0.0,0.0,0.0,0.0,0.0,0.002060734129090115,2.105787090923109e-203,0.0,0.0,0.0,0.0,0.0,0.0,0.0,0.0,0.0,0.0,0.0,0.0,9.53868480580209e-83,0.0061011162933615306,0.0,0.0,0.0,0.0,0.0,0.0,0.0,0.0024095449401777395,0.0,0.0,0.0,0.0,0.0,0.0,4.217103855599914e-254,0.00406741086224102,1.1754406586526668e-197,0.0,0.0,0.0,0.0,0.0,0.0020337054311205106,1.315036821985986e-130,0.0,0.0,0.0,0.0,0.0,0.0,0.0060932719883188356,0.0,0.0,0.0,0.0,0.0,0.0,0.0,0.0,0.0,0.0,0.0,0.0,0.0,0.0,0.01016852715560255,1.1798564433988896e-39,0.0,0.0,0.0,0.0,0.0,0.0,0.012202232667404184,1.8006943678426493e-245,0.0,0.0,0.0,0.0,0.0,0.0,0.014555931204010074,1.985642339661827e-117,0.0,0.0,0.0,0.0,0.0,0.012461717976720212,0.0,0.0,0.0,0.0,0.0,0.0,0.0,0.005291044745968702,4.789518914313689e-251,0.0,0.0,0.0,0.0,0.0,0.0,0.00413140377696799,4.0016624244248085e-119,0.0,0.0,0.0,0.0,0.0,0.0,0.0,0.0,0.0,0.0,0.0,0.0,0.0,0.0,0.0,0.0,0.0,1.9577067107048558e-282,0.002113056957766249,0.0,0.0,0.0,0.0,0.0,0.0,0.0,3.723557941074081e-21,0.0,0.0,0.0,0.0,0.0,7.737096263800227e-248,0.006359530820073264,0.0,0.0,0.0,0.0,0.0,2.241490732970898e-132,0.00813482172448204,0.0,0.0,0.0,0.0,0.0,0.0,0.00813482172448204,0.0,0.0,0.0,0.0,0.0,0.0,0.0,0.01016852715560255,0.0,0.0,0.0,0.0,0.0,5.32386139815386e-79,0.01016852715560255,8.432167836692633e-80,0.0,0.0,0.0,0.0,0.0,0.0,0.005453560804246805,3.5305781281190796e-102,0.0,0.0,0.0,0.0,0.0,0.00406741086224102,0.0,0.0,0.0,0.0,0.0,5.006287522562371e-72,0.0020337054311204924,0.0,0.0,0.0,0.0,1.128245642607143e-74,0.005373403577426365,0.0,0.0,0.0,0.0,0.0,4.744117670648892e-159,0.0,0.0,0.0,0.0,0.0,0.0,0.0040674108622410195,0.0,0.0,0.0,0.0,0.0,1.3874256216011662e-122,0.0,0.0,0.0,0.0,0.0,0.0,5.683168553071972e-49,0.0,0.0,0.0,0.0,0.0,0.0,0.0,0.0,0.0,0.0,0.0,0.00203370543112051,0.0,0.0,0.0,0.0,0.0,0.0,0.0,0.0,0.0,0.0,0.0,0.0,0.0,0.0,0.0,0.0,0.0,0.0,0.0,0.0,0.0,0.0,0.0,0.0,0.0,0.0,0.0,0.0,0.0,0.0
0.0,0.0,0.0,0.0,0.0,0.0,0.0,0.0,0.0,0.0,0.0,3.0186920740192154e-95,2.3442441358087758e-175,0.0,0.0,0.0,0.0,0.0,1.7985851502234128e-285,6.638494526388927e-57,0.0,0.0,0.0,0.0,0.0,0.0,0.0,1.5228748395305707e-25,0.0,0.0,0.0,0.0,0.0,0.0,0.0,1.571235865452502e-11,0.0,0.0,0.0,0.0,0.0,0.0,0.0,1.1568703018730012e-36,0.0,0.0,0.0,0.0,0.0,0.0,0.0,0.00406229397110188,0.0,0.0,0.0,0.0,0.0,0.0,0.0,4.2252028431101716e-17,0.0,0.0,0.0,0.0,0.0,0.0,0.0,0.053215871381772466,1.8742415637279817e-185,0.0,0.0,0.0,0.0,0.0,4.752420179711351e-174,7.3023106729267495e-9,2.703770936614556e-142,0.0,0.0,0.0,0.0,0.0,7.147783463352522e-103,0.37705873960586184,1.0671847859498821e-119,0.0,0.0,0.0,0.0,0.0,2.129073245235535e-142,0.16942417218346068,7.7110383757672396e-208,0.0,0.0,0.0,0.0,0.0,0.0,0.05499681316111478,5.1007915071514415e-127,0.0,0.0,0.0,0.0,0.0,3.198166568816913e-140,0.06773781387723568,6.362243441954477e-187,0.0,0.0,0.0,0.0,0.0,3.091055217629338e-122,0.05270974245708361,7.05279796621045e-211,0.0,0.0,0.0,0.0,0.0,1.4892313845851337e-291,0.08282959528970281,1.5587648192477463e-196,0.0,0.0,0.0,0.0,0.0,1.1379183135448375e-77,0.12800937453863162,8.199071132777727e-216,0.0,0.0,0.0,0.0,0.0,1.5122079565622722e-123,2.403110417829633e-9,0.0,0.0,0.0,0.0,0.0,0.0,7.798315258019237e-127,2.245954568134362e-22,2.770109529197556e-229,0.0,0.0,0.0,0.0,0.0,4.2645225684971084e-165,0.00995557381213562,1.2411150424641027e-149,0.0,0.0,0.0,0.0,0.0,0.0,2.371311754902993e-135,0.0,0.0,0.0,0.0,0.0,0.0,0.0,7.653387781459716e-13,1.2867288481876121e-135,0.0,0.0,0.0,0.0,0.0,0.0,0.0,0.0,0.0,0.0,0.0,0.0,0.0,0.0,4.465385529855371e-118,0.0,0.0,0.0,0.0,0.0,0.0,0.0,7.481720522303964e-192,0.0,0.0,0.0,0.0,0.0,0.0,6.418665226687691e-250,0.0,0.0,0.0,0.0,0.0,0.0,0.0,0.0,0.0,0.0,0.0,0.0,0.0,0.0,0.0,3.898681299358499e-51,6.887312864347716e-129,0.0,0.0,0.0,0.0,0.0,0.0,0.0,3.4388069789505235e-103,0.0,0.0,0.0,0.0,0.0,0.0,0.0,0.0,0.0,0.0,0.0,0.0,0.0,0.0,0.0,0.0,0.0,0.0,0.0,0.0,0.0,0.0,0.0,0.0,0.0,0.0,0.0,0.0,0.0,0.0,0.0,0.0,0.0,0.0,0.0,0.0,0.0,0.0,0.0,0.0,0.0,0.0,0.0,0.0,0.0,0.0,0.0,0.0,0.0,0.0,0.0,0.0,0.0,0.0,0.0,0.0,0.0,0.0,0.0,0.0,0.0,0.0,0.0,0.0,0.0,0.0,0.0,0.0,0.0,0.0,0.0,0.0,0.0,0.0,0.0,0.0,0.0,0.0,0.0,0.0,0.0,0.0,0.0,0.0,0.0,0.0,0.0,0.0,0.0,0.0,0.0,0.0,0.0,0.0,0.0,0.0,0.0,0.0,0.0,0.0,0.0,0.0,0.0,0.0,0.0,0.0,0.0,0.0,0.0,0.0,0.0,0.0,0.0,0.0,0.0,0.0,0.0,0.0,0.0,0.0,0.0,0.0,0.0,0.0,0.0,0.0,0.0,0.0,0.0,0.0,0.0,0.0,0.0,0.0,0.0,0.0,0.0,0.0,0.0,0.0,0.0,0.0,0.0,0.0,0.0,0.0,0.0,0.0,0.0,0.0,0.0,0.0,0.0,0.0,0.0,0.0,0.0,0.0,0.0,0.0,0.0,0.0,0.0,0.0,0.0,0.0,0.0,0.0,0.0,0.0,0.0,0.0,0.0,0.0,0.0,0.0,0.0,0.0,0.0,0.0,0.0,0.0,0.0,0.0,0.0,0.0,0.0,0.0,0.0,0.0,0.0,0.0,0.0,0.0,0.0,0.0,0.0,0.0,0.0,0.0,0.0,0.0,0.0,0.0,0.0,0.0,0.0,0.0,0.0,0.0,0.0,0.0,0.0,0.0,0.0,0.0,0.0,0.0,0.0,0.0,0.0,0.0,0.0,0.0,0.0,0.0,0.0,0.0,0.0,0.0,0.0,0.0,0.0,0.0,0.0,0.0,0.0,0.0,0.0,0.0,0.0,0.0,0.0,0.0,0.0,0.0,0.0,0.0,0.0,0.0,0.0,0.0,0.0,0.0,0.0,0.0,0.0,0.0,0.0,0.0,0.0,0.0,0.0,0.0,0.0,0.0,0.0,0.0,0.0,0.0,0.0,0.0,0.0,0.0,0.0,0.0,0.0,0.0,0.0,0.0,0.0,0.0,0.0,0.0,0.0,0.0,0.0,0.0,0.0,0.0,0.0,0.0,0.0,0.0,0.0,0.0,0.0,0.0,0.0,0.0,0.0,0.0,0.0,0.0,0.0,0.0,0.0,0.0,0.0,0.0,0.0,0.0,0.0,0.0,0.0,0.0,0.0,0.0,0.0,0.0,0.0,0.0,0.0,0.0,0.0,0.0,0.0,0.0,0.0,0.0,0.0,0.0,0.0,0.0,0.0,0.0,0.0,0.0,0.0,0.0,0.0,0.0,0.0,0.0,0.0,0.0,0.0,0.0,0.0,0.0,0.0,0.0,0.0,0.0,0.0,0.0,0.0,0.0,0.0,0.0,0.0,0.0,0.0,0.0,0.0,0.0,0.0,0.0,0.0,0.0,0.0,0.0,0.0,0.0,0.0,0.0,0.0,0.0,0.0,0.0,0.0,0.0,0.0,0.0,0.0,0.0,0.0,0.0,0.0,0.0,0.0,0.0,0.0,0.0,0.0,0.0,0.0,0.0,0.0,0.0,0.0,0.0,0.0,0.0,0.0,0.0,0.0,0.0,0.0,0.0,0.0,0.0,0.0,0.0,0.0,0.0,0.0,0.0,0.0,0.0,0.0,0.0,0.0
0.0,0.0,0.0,0.0,0.0,0.0,0.0,0.0,0.0,0.0,1.3563802489295211e-198,0.0,0.0,0.0,0.0,0.0,0.0,0.0,2.8521780773133905e-220,0.0,0.0,0.0,0.0,0.0,0.0,0.0,2.231553308486954e-161,0.0,0.0,0.0,0.0,0.0,0.0,0.0,1.3766218037171364e-38,0.0,0.0,0.0,0.0,0.0,0.0,0.0,0.0,0.0,0.0,0.0,0.0,0.0,0.0,0.0,0.0,0.0,0.0,0.0,0.0,0.0,0.0,0.0,0.0,0.0,0.0,0.0,0.0,0.0,0.0,0.0,1.762857186537564e-129,0.0,0.0,0.0,0.0,0.0,0.0,0.0,3.43564677309964e-114,0.0,0.0,0.0,0.0,0.0,0.0,0.0,7.211955365685961e-54,0.0,0.0,0.0,0.0,0.0,0.0,2.2443489283856126e-300,3.3699873994139613e-31,0.0,0.0,0.0,0.0,0.0,0.0,0.0,1.0093871440758703e-18,0.0,0.0,0.0,0.0,0.0,0.0,2.9110267161664633e-277,0.07708419634982672,0.0,0.0,0.0,0.0,0.0,0.0,0.0,1.1082163510422718e-7,0.0,0.0,0.0,0.0,0.0,0.0,0.0,0.01689790626664857,0.0,0.0,0.0,0.0,0.0,0.0,0.0,5.98923548778161e-18,0.0,0.0,0.0,0.0,0.0,0.0,9.56214866486193e-264,9.461526905368373e-29,0.0,0.0,0.0,0.0,0.0,0.0,4.325865029740516e-192,0.04054906655674481,0.0,0.0,0.0,0.0,0.0,0.0,0.0,1.6128430173620573e-55,0.0,0.0,0.0,0.0,0.0,0.0,0.0,2.1841765653392126e-31,0.0,0.0,0.0,0.0,0.0,0.0,0.0,3.014269126780726e-44,0.0,0.0,0.0,0.0,0.0,0.0,0.0,1.5495011939246132e-40,0.0,0.0,0.0,0.0,0.0,0.0,0.0,4.0089645482605234e-24,4.5376392584567385e-94,0.0,0.0,0.0,0.0,0.0,4.061835931557013e-88,6.246185401791589e-44,0.0,0.0,0.0,0.0,0.0,0.0,0.0,0.02803638113148171,0.0,0.0,0.0,0.0,0.0,0.0,0.0,2.0782764049391334e-44,0.012708546278266928,0.0,0.0,0.0,0.0,0.0,0.0,1.1339378928943567e-44,5.020272502708885e-102,0.0,0.0,0.0,0.0,0.0,5.849349634202855e-141,0.02547503685377863,0.0,0.0,0.0,0.0,0.0,0.0,0.0,0.02216304027872013,0.0,0.0,0.0,0.0,0.0,0.0,0.0,9.716397870439841e-31,0.0,0.0,0.0,0.0,0.0,0.0,0.0,0.29675856877314294,0.0,0.0,0.0,0.0,0.0,0.0,1.717240926889657e-275,0.1822282182387657,0.0,0.0,0.0,0.0,0.0,0.0,0.0,0.08930556357066115,0.0,0.0,0.0,0.0,0.0,0.0,1.0371340559207205e-294,0.026537877927575376,0.0,0.0,0.0,0.0,0.0,0.0,0.0,0.03812563883480079,1.1937519297413034e-67,0.0,0.0,0.0,0.0,0.0,0.0,0.025417092556533856,0.0,0.0,0.0,0.0,0.0,0.0,0.0,0.017689255516992516,0.0,0.0,0.0,0.0,0.0,0.0,0.0,2.3132964645948365e-52,0.0,0.0,0.0,0.0,0.0,0.0,0.0,0.015819798251755685,0.0,0.0,0.0,0.0,0.0,0.0,0.0,0.0,0.0,0.0,0.0,0.0,0.0,0.0,0.0,0.025313275185442834,0.0,0.0,0.0,0.0,0.0,0.0,0.0,0.009182682379581133,0.0,0.0,0.0,0.0,0.0,0.0,0.0,0.0,0.0,0.0,0.0,0.0,0.0,0.0,0.0,0.0,0.0,0.0,0.0,0.0,0.0,0.0,0.0,0.012708546278266928,0.0,0.0,0.0,0.0,0.0,0.0,2.6283960926506926e-11,0.0,0.0,0.0,0.0,0.0,0.0,0.0,0.0,0.0,0.0,0.0,0.0,0.0,0.0,0.0,0.0,0.0,0.0,0.0,0.0,0.0,0.0,0.0,0.0,0.0,0.0,0.0,0.0,0.0,0.0,0.0,0.0,0.0,0.0,0.0,0.0,0.0,0.012618581593925586,0.0,0.0,0.0,0.0,0.0,0.0,0.0,9.263053612125428e-46,0.0,0.0,0.0,0.0,0.0,0.0,0.0,0.0,0.0,0.0,0.0,0.0,0.0,0.0,0.0,0.0,0.0,0.0,0.0,0.0,0.0,0.0,0.0,0.0,0.0,0.0,0.0,0.0,0.0,0.0,9.11386710259929e-157,0.0,0.0,0.0,0.0,0.0,0.0,1.7074380635310413e-29,0.0,0.0,0.0,0.0,0.0,0.0,0.0,0.0,0.0,0.0,0.0,0.0,0.0,0.0,0.0,0.01267207005090204,0.0,0.0,0.0,0.0,0.0,0.0,8.36896229509645e-233,0.0,0.0,0.0,0.0,0.0,0.0,0.0,6.867526988549856e-98,0.0,0.0,0.0,0.0,0.0,0.0,0.0,0.0,0.0,0.0,0.0,0.0,0.0,0.012708546278266928,0.0,0.0,0.0,0.0,0.0,0.0,0.0,0.0,0.0,0.0,0.0,0.0,0.0,0.0,0.0,0.0,0.0,0.0,0.0,0.0,0.0,0.0,0.0,0.0,0.0,0.0,0.0,0.0,0.0,0.0,0.0,0.0,0.0,0.0,0.0,0.0,0.0,0.0,0.0,0.0,0.0,0.0,0.0,0.0,0.0,0.0,0.0,0.0,0.0,0.0,0.0,0.0,0.0,0.0,0.0,0.0,0.0,0.0,0.0,0.0,0.0,0.0,0.0,0.0,0.0,0.0,0.0,0.0,0.0,0.0,0.0,0.0,0.0,0.0,0.0,0.0,0.0,0.0,0.0,0.0,0.0,0.0,0.0,0.0,0.0,0.0,0.0,0.0,0.0,0.0,0.0,0.0,0.0,0.0,0.0,0.0,0.0,0.0,0.0,0.0,0.0,0.0,0.0,0.0,0.0,0.0,0.0,0.0,0.0,0.0,0.0,0.0,0.0,0.0,0.0,0.0,0.0,0.0,0.0,0.0,0.0,0.0,0.0,0.0,0.0,0.0,0.0,0.0,0.0,0.0,0.0,0.0,0.0,0.0,0.0,0.0,0.0,0.0,0.0,0.0,0.0,0.0,0.0,0.0,0.0,0.0,0.0,0.0,0.0,0.0,0.0,0.0
0.0,0.0,0.0,0.0,0.0,0.0,2.3645256908738767e-221,0.0,0.0,0.0,0.0,0.0,0.0,7.81240379054671e-257,1.134676346395315e-201,0.0,0.0,0.0,0.0,0.0,0.0,0.0,2.303117185226692e-224,0.0,0.0,0.0,0.0,0.0,0.0,0.0,0.0,0.0,0.0,0.0,0.0,0.0,0.0,0.0,2.3491489280613878e-275,0.0,0.0,0.0,0.0,0.0,0.0,4.6824908540548714e-60,2.430728212923491e-263,0.0,0.0,0.0,0.0,0.0,0.0,8.61689168413168e-135,0.0,0.0,0.0,0.0,0.0,0.0,0.0,0.0,0.0,0.0,0.0,0.0,0.0,0.0,3.332775733655122e-278,1.2387246381689504e-21,3.021988368708048e-120,0.0,0.0,0.0,0.0,0.0,2.4531310715701057e-279,5.709356080193878e-56,2.7287234376894632e-251,0.0,0.0,0.0,0.0,0.0,2.1850867342731988e-194,0.01718850111896547,0.0,0.0,0.0,0.0,0.0,0.0,0.0,6.188944926458845e-9,2.069890540609156e-254,0.0,0.0,0.0,0.0,0.0,0.0,0.01002858519582044,8.512281649375172e-249,0.0,0.0,0.0,0.0,0.0,0.0,0.031249303901480813,0.0057404469136960986,0.0,0.0,0.0,0.0,0.0,0.0,0.012060191661969614,3.99268177743987e-126,0.0,0.0,0.0,0.0,0.0,0.0,3.7181312900549206e-19,1.4223797434258273e-75,0.0,0.0,0.0,0.0,0.0,4.022328207084644e-146,0.020135009857662284,1.0507826974457975e-213,0.0,0.0,0.0,0.0,0.0,0.0,0.04490629646732781,4.3938941195096783e-280,0.0,0.0,0.0,0.0,0.0,0.0,0.0315445416996528,5.606938333005772e-155,0.0,0.0,0.0,0.0,0.0,0.0,0.12016533080267584,0.0,0.0,0.0,0.0,0.0,0.0,0.0,0.008565890455930375,6.347843798430994e-180,0.0,0.0,0.0,0.0,0.0,0.0,0.08486647837756087,1.6731646765620227e-135,0.0,0.0,0.0,0.0,0.0,0.0,0.028509390764413944,6.654539098385602e-11,0.0,0.0,0.0,0.0,0.0,0.0,0.005299849074278331,1.4109688104857797e-44,0.0,0.0,0.0,0.0,0.0,0.0,0.04061031366398956,1.1159000305884652e-45,0.0,0.0,0.0,0.0,0.0,0.005734279075561904,9.131181382420589e-36,2.3776516661012987e-304,0.0,0.0,0.0,0.0,0.0,0.0,0.027854676420689548,7.931834758657432e-190,0.0,0.0,0.0,0.0,0.0,0.0,1.2470240433477244e-8,3.458127260840934e-89,0.0,0.0,0.0,0.0,0.0,0.0,0.00956741177040063,0.0,0.0,0.0,0.0,0.0,0.0,0.0,0.06742826328814557,2.732496859206041e-36,0.0,0.0,0.0,0.0,0.0,0.0,0.013611431878275695,6.7104063545963465e-56,0.0,0.0,0.0,0.0,0.0,0.0,2.3288603897393282e-12,6.905264984637579e-96,0.0,0.0,0.0,0.0,0.0,0.0,0.011123364901841525,0.0,0.0,0.0,0.0,0.0,0.0,0.0,0.040088302166624325,1.0846504106201377e-158,0.0,0.0,0.0,0.0,0.0,0.0,0.011169774284950234,2.192804764044704e-198,0.0,0.0,0.0,0.0,0.0,0.0,0.02291877438127835,0.0,0.0,0.0,0.0,0.0,0.0,0.0,0.011468558151123808,1.1392616371506364e-201,0.0,0.0,0.0,0.0,0.0,0.0,7.343045974161568e-56,6.378331303885749e-212,0.0,0.0,0.0,0.0,0.0,0.0,3.479563962219104e-47,0.0,0.0,0.0,0.0,0.0,0.0,0.0,0.02215047786604322,3.288740684124981e-44,0.0,0.0,0.0,0.0,0.0,0.0,3.2903214967759154e-46,7.843074725803884e-111,0.0,0.0,0.0,0.0,0.0,0.0,2.588937444600411e-7,0.0,0.0,0.0,0.0,0.0,0.0,0.0,0.0,0.0,0.0,0.0,0.0,0.0,0.0,0.0,0.0017968418715311658,0.0,0.0,0.0,0.0,0.0,0.0,0.0,4.989006073111009e-61,0.0,0.0,0.0,0.0,0.0,0.0,0.02798394472635216,0.0,0.0,0.0,0.0,0.0,0.0,0.005734279075561904,0.0,0.0,0.0,0.0,0.0,0.0,0.0,1.6484678037622146e-66,0.0,0.0,0.0,0.0,0.0,0.0,0.0,4.403862465891309e-30,3.0016295617839462e-120,0.0,0.0,0.0,0.0,0.0,0.0,1.1417126094536911e-64,0.0,0.0,0.0,0.0,0.0,0.0,1.3161269183667042e-12,0.0,0.0,0.0,0.0,0.0,0.0,0.0,0.017189049723371548,0.0,0.0,0.0,0.0,0.0,0.0,0.0,4.950865353893495e-37,0.0,0.0,0.0,0.0,0.0,0.0,0.006650447421663619,0.0,0.0,0.0,0.0,0.0,0.0,0.0,6.387919001105418e-24,0.0,0.0,0.0,0.0,0.0,0.0,0.0,0.01720283722668571,0.0,0.0,0.0,0.0,0.0,0.0,9.383395460269663e-163,0.0,0.0,0.0,0.0,0.0,0.0,0.0,1.5002810621531816e-5,0.0,0.0,0.0,0.0,0.0,0.0,0.0,0.008482378983356045,0.01146855812212432,0.0,0.0,0.0,0.0,0.0,0.0060898502397175825,2.4246611471705676e-166,0.0,0.0,0.0,0.0,0.0,0.0,1.4969605547870626e-37,0.0,0.0,0.0,0.0,0.0,0.0,0.0,3.7888984875471143e-231,0.0,0.0,0.0,0.0,0.0,0.000451614686694523,0.0,0.0,0.0,0.0,0.0,0.0,0.0,0.0,0.0,0.0,0.0,0.0,0.0,0.01713288684837729,0.005734279075561904,0.0,0.0,0.0,0.0,0.0,0.0,9.388004728068636e-147,0.0,0.0,0.0,0.0,0.0,0.0,3.398256402878462e-215,2.0257621742038704e-104,0.0,0.0,0.0,0.0,0.0,0.02867139537780952,1.1654506816442897e-229,0.0,0.0,0.0,0.0,0.0,0.006105024248974593,8.646660539286844e-140,0.0,0.0,0.0,0.0,0.0,0.0,0.0242890121832492,0.0,0.0,0.0,0.0,0.0,0.0,0.00622080243342315,2.3273616748047413e-192,0.0,0.0,0.0,0.0,0.0,0.0,0.018700502415520175,0.0,0.0,0.0,0.0,0.0,2.078010150983349e-82,0.011468558151123808,0.0,0.0,0.0,0.0,0.0,0.0,0.011468558151123808,0.0,0.0,0.0,0.0,0.0,0.01720283722668571,0.0,0.0,0.0,0.0,0.0,6.53011818600127e-5,0.0,0.0,0.0,0.0,0.0,0.0,1.5504738760285723e-9,0.0,0.0,0.0,0.0,0.0,0.02867139537780952,0.0,0.0,0.0,0.0,0.0,0.0,7.232018848357977e-167,0.0,0.0,0.0,0.0,0.0,0.0,1.280080543942009e-186,0.0,0.0,0.0,0.0,0.005734279075560782,0.0,0.0,0.0,0.0,0.0,0.011484640051287196,0.0,0.0,0.0,0.0,1.6199610450932394e-109,0.0,0.0,0.0,0.0,0.0,2.9608159273276734e-83,0.0,0.0,0.0,0.0,0.0,0.0,0.0,0.0,0.0,0.0,0.0,0.0,0.0,0.0,0.0,0.0
0.0,0.0,0.0,0.0,0.0,0.0,0.0,0.0,0.0,0.0,0.0,0.0,0.0,0.0,9.616946727673025e-284,0.0,0.0,0.0,0.0,0.0,0.0,0.0,0.0,2.775732037143284e-273,0.0,0.0,0.0,0.0,0.0,0.0,0.0,4.207815446618125e-176,0.0,0.0,0.0,0.0,0.0,0.0,1.5559651414450334e-240,7.87851393792624e-158,0.0,0.0,0.0,0.0,0.0,0.0,0.0,2.443887406697096e-181,0.0,0.0,0.0,0.0,0.0,0.0,4.364073508059751e-274,0.0,0.0,0.0,0.0,0.0,0.0,0.0,1.3481750954643664e-260,4.7808752322946516e-167,0.0,0.0,0.0,0.0,0.0,0.0,6.692821291569253e-150,2.7883486791813095e-264,0.0,0.0,0.0,0.0,0.0,0.0,6.993194562629128e-133,2.5372674439364774e-168,0.0,0.0,0.0,0.0,0.0,0.0,2.0884808113621658e-109,0.035091292277760706,0.0,0.0,0.0,0.0,0.0,0.0,8.48221368744055e-228,8.949173442713631e-103,0.0,0.0,0.0,0.0,0.0,0.0,5.670758859645711e-79,2.029117860404967e-59,0.0,0.0,0.0,0.0,0.0,0.0,3.3249980365575586e-119,1.1006442035366896e-64,0.0,0.0,0.0,0.0,0.0,0.0,1.2796756412834441e-94,3.2610466789991544e-83,0.0,0.0,0.0,0.0,0.0,0.0,1.9584974444399958e-71,0.03385883874334325,0.0,0.0,0.0,0.0,0.0,0.0,5.242805916102187e-109,3.829137875807414e-97,0.0,0.0,0.0,0.0,0.0,0.0,6.033704764389612e-136,2.174384632540226e-140,0.0,0.0,0.0,0.0,0.0,0.0,3.065184210139999e-94,0.03712037773501643,0.0,0.0,0.0,0.0,0.0,0.0,9.540958535122937e-96,2.1126788239628857e-111,0.0,0.0,0.0,0.0,0.0,0.0,0.02471514551219267,7.237423743937229e-57,0.0,0.0,0.0,0.0,0.0,0.0,1.1063553574955877e-24,6.238878617716768e-54,0.0,0.0,0.0,0.0,0.0,0.0,2.171036031476973e-131,5.302242724154667e-52,0.0,0.0,0.0,0.0,0.0,0.0,2.7001223335582916e-99,0.03511215789911936,0.0,0.0,0.0,0.0,0.0,0.0,5.92381141316988e-161,1.070029658732304e-112,0.0,0.0,0.0,0.0,0.0,0.0,1.5668380584961753e-129,9.259694654731412e-48,0.0,0.0,0.0,0.0,0.0,0.0,1.1421941577213727e-184,0.17573716046977655,0.0,0.0,0.0,0.0,0.0,0.0,1.8699022308688808e-248,2.868614093996014e-69,0.0,0.0,0.0,0.0,0.0,0.0,2.590415067047624e-234,5.740132000615329e-228,0.0,0.0,0.0,0.0,0.0,0.0,2.863662245710892e-48,8.307281010215502e-176,0.0,0.0,0.0,0.0,0.0,0.0,0.0,8.156778526187345e-168,0.0,0.0,0.0,0.0,0.0,0.0,2.1841111139699937e-112,1.8645019103604596e-87,0.0,0.0,0.0,0.0,0.0,0.0,0.0,5.8822177831869676e-198,0.0,0.0,0.0,0.0,0.0,0.0,1.5478903554084427e-208,6.997230932893026e-268,0.0,0.0,0.0,0.0,0.0,0.0,2.807115086274167e-185,0.0,0.0,0.0,0.0,0.0,0.0,0.0,2.340093517303944e-182,0.0,0.0,0.0,0.0,0.0,0.0,0.0,0.03509486411031603,0.0,0.0,0.0,0.0,0.0,0.0,0.0,0.03511382942359373,3.586434530322609e-307,0.0,0.0,0.0,0.0,0.0,0.0,1.0384259769385387e-272,1.275194915501523e-38,0.0,0.0,0.0,0.0,0.0,0.0,0.07022765884710369,0.0,0.0,0.0,0.0,0.0,0.0,0.0,0.0,0.0,0.0,0.0,0.0,0.0,0.0,0.0,0.0,0.05199996717165602,0.0,0.0,0.0,0.0,0.0,0.0,0.0,1.3982990379288225e-220,0.0,0.0,0.0,0.0,0.0,0.0,1.1495868410642425e-220,0.0,0.0,0.0,0.0,0.0,0.0,0.0,0.0,1.8570368696238776e-301,0.0,0.0,0.0,0.0,0.0,1.1367644236504823e-77,4.506384682991716e-49,0.0,0.0,0.0,0.0,0.0,9.875601164696506e-222,0.0,0.0,0.0,0.0,0.0,0.0,0.0,0.0,0.0,0.0,0.0,0.0,0.0,0.0,0.0,0.0,8.6086923544835e-181,0.0,0.0,0.0,0.0,0.0,0.0,0.0,0.0,0.0,0.0,0.0,0.0,0.0,5.596777572795819e-72,1.0541399988859554e-63,0.0,0.0,0.0,0.0,0.0,0.0,0.0,0.0,0.0,0.0,0.0,0.0,0.0,0.0,0.0,0.0,0.0,0.0,0.0,0.0,0.0,0.03511386095558274,0.07022765884718746,0.0,0.0,0.0,0.0,0.0,0.0,0.07022765884718746,0.0,0.0,0.0,0.0,0.0,0.0,0.0,0.0,0.10534148827078119,0.0,0.0,0.0,0.0,0.0,0.0,0.0,0.0,0.0,0.0,0.0,0.0,0.0,0.044562723360201145,0.0,0.0,0.0,0.0,0.0,0.0,0.0,0.0,0.0,0.0,0.0,0.0,0.0,0.0,0.0,0.03511382942359373,0.0,0.0,0.0,0.0,0.0,0.0,0.0,1.0216558042634103e-123,0.0,0.0,0.0,0.0,0.0,0.0,0.0,5.09107739673115e-156,0.0,0.0,0.0,0.0,0.0,0.0,0.0,0.0,0.0,0.0,0.0,6.417035624658674e-103,0.0,0.0,0.0,0.0,0.0,0.0,7.904589787236225e-141,0.0,0.0,0.0,0.0,0.0,0.0,0.0,0.0,0.0,0.0,0.0,0.0,0.0,0.0,4.308378099747283e-119,7.653007592352612e-29,0.0,0.0,0.0,0.0,0.0,0.0,7.679726669277318e-100,0.0,0.0,0.0,0.0,0.0,1.2711286665632794e-117,0.0,0.0,0.0,0.0,0.0,0.0,0.0,0.0,1.6493189275426717e-188,0.0,0.0,0.0,0.0,0.0,0.0,0.0,0.0,0.0,0.0,0.0,0.0,0.0,0.0,2.0350704340080687e-182,0.0,0.0,0.0,0.0,0.0,2.296223567827781e-92,0.03511382942359373,0.0,0.0,0.0,0.0,0.0,0.0,0.0,0.0,0.0,0.0,0.0,0.0351138292584004,0.03511382942359373,0.0,0.0,0.0,0.0,0.0,0.0,0.0,0.0,0.0,0.0,0.0,3.548429253190645e-243,0.0,0.0,0.0,0.0,0.0,2.788199953530682e-223,0.0,0.0,0.0,0.0,0.0,0.0,4.38553461444195e-228,0.0,0.0,0.0,0.0,0.0,0.0,0.0,0.0,0.0,0.0,0.0,0.0,0.0,0.0,0.0,0.0,0.0,0.0,0.0,0.0,0.0,0.0,0.0,0.0,0.0,0.0,0.0,0.0,0.0,0.0,0.0,0.0,0.0,0.0,0.0,0.0,0.0,0.0,0.0,0.0,0.0,0.0,0.0,0.0
0.0,0.0,0.0,0.0,0.0,0.0,0.0,0.0,0.0,0.0,0.0,0.0,0.0,0.0,0.0,0.0,0.0,0.0,0.0,0.0,0.0,0.0,0.0,0.0,0.0,0.0,0.0,0.0,0.0,0.0,0.0,0.0,0.0,0.0,0.0,0.0,0.0,0.0,0.0,0.0,0.0,0.0,0.0,0.0,0.0,0.0,0.0,0.0,0.0,0.0,0.0,0.0,2.1128135528776044e-259,0.0,0.0,0.0,0.0,0.0,0.0,0.0,0.0,0.0,0.0,0.0,0.0,0.0,0.0,0.0,5.921758986656284e-160,0.0,0.0,0.0,0.0,0.0,0.0,0.0,3.6691379690545295e-106,9.544311936407709e-286,0.0,0.0,0.0,0.0,0.0,0.0,6.214097495831537e-110,0.0,0.0,0.0,0.0,0.0,0.0,9.861835245225575e-115,6.172599307522996e-63,0.0,0.0,0.0,0.0,0.0,0.0,0.0,4.393881431312958e-47,0.0,0.0,0.0,0.0,0.0,0.0,1.9554947905761112e-142,1.6274141631529694e-44,0.0,0.0,0.0,0.0,0.0,0.0,0.0,1.3511450112596818e-54,0.0,0.0,0.0,0.0,0.0,0.0,4.483225875903731e-162,3.261427520645737e-57,1.9550978511787408e-94,0.0,0.0,0.0,0.0,0.0,0.0,1.6165642757198615e-66,6.055773372098934e-302,0.0,0.0,0.0,0.0,0.0,1.9758982835391327e-134,0.0657646926501397,1.4222129749929334e-106,0.0,0.0,0.0,0.0,0.0,1.0372732777541231e-93,0.7455321115120881,2.1394059661015008e-253,0.0,0.0,0.0,0.0,0.0,1.220352827997495e-110,0.12370102715166786,0.0,0.0,0.0,0.0,0.0,0.0,0.0,4.411355747814993e-94,0.0,0.0,0.0,0.0,0.0,0.0,0.0,3.2792991047279397e-16,2.3240738442901012e-213,0.0,0.0,0.0,0.0,0.0,0.0,9.577980457393213e-104,0.0,0.0,0.0,0.0,0.0,0.0,0.0,0.036532196777612796,0.0,0.0,0.0,0.0,0.0,0.0,0.0,1.1126583294855755e-268,0.0,0.0,0.0,0.0,0.0,0.0,0.0,0.0,1.1406355969904226e-198,0.0,0.0,0.0,0.0,0.0,0.0,0.0,0.0,0.0,0.0,0.0,0.0,0.0,0.0,0.0,0.0,0.0,0.0,0.0,0.0,0.0,0.0,5.658632618721357e-20,0.0,0.0,0.0,0.0,0.0,0.0,0.0,0.0,0.0,0.0,0.0,0.0,0.0,0.0,0.0,0.0,0.0,0.0,0.0,0.0,0.0,0.0,0.0,0.0,0.0,0.0,0.0,0.0,0.0,0.0,0.0,0.0,0.0,0.0,0.0,0.0,0.0,0.0,0.0,0.0,0.0,0.0,0.0,0.0,0.0,0.0,0.0,0.0,0.0,0.0,0.0,0.0,0.0,0.0,0.0,0.0,0.0,0.0,0.0,0.0,0.0,0.0,0.0,0.0,0.0,0.0,0.0,0.0,0.0,0.0,0.0,0.0,0.0,0.0,0.0,0.0,0.0,0.0,0.0,0.0,0.0,0.0,0.0,0.0,0.0,0.0,0.0,0.0,0.0,0.0,0.0,0.0,0.0,0.0,0.0,0.0,0.0,0.0,0.0,0.0,0.0,0.0,0.0,0.0,0.0,0.0,0.0,0.0,0.0,0.0,0.0,0.0,0.0,0.0,0.0,0.0,0.0,0.0,0.0,0.0,0.0,0.0,0.0,0.0,0.0,0.0,0.0,0.0,0.0,0.0,0.0,0.0,0.0,0.0,0.0,0.0,0.0,0.0,0.0,0.0,0.0,0.0,0.0,0.0,0.0,0.0,0.0,0.0,0.0,0.0,0.0,0.0,0.0,0.0,0.0,0.0,0.0,0.0,0.0,0.0,0.0,0.0,0.0,0.0,0.0,0.0,0.0,0.0,0.0,0.0,0.0,0.0,0.0,0.0,0.0,0.0,0.0,0.0,0.0,0.0,0.0,0.0,0.0,0.0,0.0,0.0,0.0,0.0,0.0,0.0,0.0,0.0,0.0,0.0,0.0,0.0,0.0,0.0,0.0,0.0,0.0,0.0,0.0,0.0,0.0,0.0,0.0,0.0,0.0,0.0,0.0,0.0,0.0,0.0,0.0,0.0,0.0,0.0,0.0,0.0,0.0,0.0,0.0,0.0,0.0,0.0,0.0,0.0,0.0,0.0,0.0,0.0,0.0,0.0,0.0,0.009543564398556623,0.0,0.0,0.0,0.0,0.0,0.0,0.0,0.0,0.0,0.0,0.0,0.0,0.0,0.0,0.0,0.0,0.0,0.0,0.0,0.0,0.0,0.0,0.0,0.0,0.0,0.0,0.0,0.0,0.0,0.0,0.0,0.0,0.0,0.0,0.0,0.0,0.0,0.0,0.0,0.0,0.0,0.0,0.0,0.0,0.0,0.0,0.0,0.0,0.0,0.0,0.0,0.0,0.0,0.0,0.0,0.0,0.0,0.0,0.0,0.0,0.0,0.0,0.0,0.0,0.0,0.0,0.0,0.0,0.0,0.0,0.0,0.0,0.0,0.0,0.0,0.0,0.0,0.0,0.0,0.0,0.0,0.0,0.0,0.0,0.0,0.0,0.0,0.0,0.0,0.0,0.0,0.0,0.0,0.0,0.0,0.0,0.0,0.0,0.0,0.0,0.0,0.0,0.0,0.0,0.0,0.0,0.0,0.0,0.0,0.0,0.0,0.0,0.0,0.0,0.0,0.0,0.0,0.0,0.0,0.0,0.0,0.0,0.0,0.0,0.0,0.0,0.0,0.0,0.0,0.0,0.0,0.0,0.0,0.0,0.0,0.0,0.0,0.0,0.0,0.0,0.009543564398556621,0.0,0.0,0.0,0.0,0.0,0.0,0.009382843111378072,0.0,0.0,0.0,0.0,0.0,0.0,0.0,0.0,0.0,0.0,0.0,0.0,0.0,0.0,0.0,0.0,0.0,0.0,0.0,0.0,0.0,0.0,0.0,0.0,0.0,0.0,0.0,0.0,0.0,0.0,0.0,0.0,0.0,0.0,0.0,0.0,0.0,0.0
0.0,0.0,0.0,0.0,0.0,0.0,0.0,0.0,0.0,0.0,0.0,0.0,0.0,0.0,0.0,0.0,0.0,0.0,0.0,0.0,0.0,0.0,0.0,0.0,0.0,0.0,0.0,0.0,0.0,0.0,0.0,0.0,0.0,0.0,0.0,0.0,0.0,0.0,0.0,0.0,0.0,0.0,0.0,0.0,0.0,0.0,0.0,0.0,0.0,0.0,0.0,0.0,0.0,0.0,0.0,0.0,0.0,0.0,0.0,0.0,0.0,0.0,0.0,0.0,0.0,0.0,0.0,0.0,0.0,0.0,0.0,0.0,0.0,0.0,0.0,0.0,0.0,0.0,0.0,0.0,0.0,0.0,0.0,0.0,0.0,0.0,0.0,0.0,0.0,0.0,0.0,0.0,0.0,0.0,0.0,0.0,0.0,0.0,0.0,0.0,0.0,0.0,0.0,0.0,0.0,0.0,0.0,0.0,0.0,0.0,0.0,0.0,0.0,0.0,0.0,0.0,0.0,0.0,0.0,0.0,0.0,0.0,0.0,0.0,0.0,0.0,0.0,0.0,0.0,2.2314338068933222e-181,0.0,0.0,0.0,0.0,0.0,0.0,0.0,0.0,0.0,0.0,0.0,0.0,0.0,0.0,0.0,0.0,0.0,0.0,0.0,0.0,0.0,0.0,0.0,0.0,0.0,0.0,0.0,0.0,0.0,0.0,0.0,0.0,0.0,0.0,0.0,0.0,0.0,0.0,0.0,0.027023071213436712,0.0,0.0,0.0,0.0,0.0,0.0,0.0,0.0,0.0,0.0,0.0,0.0,0.0,0.0,0.0,0.0,7.371113036090107e-15,0.0,0.0,0.0,0.0,0.0,0.0,0.0,0.0,0.0,0.0,0.0,0.0,0.0,0.0,1.3313327407865949e-44,0.0,0.0,0.0,0.0,0.0,0.0,0.0,2.1688270720770998e-91,5.183454260937317e-58,0.0,0.0,0.0,0.0,0.0,0.0,0.0,2.130834594544283e-90,0.0,0.0,0.0,0.0,0.0,0.0,2.3829876026427743e-166,1.1995348634271412e-88,0.0,0.0,0.0,0.0,0.0,0.0,1.3135392043229238e-68,2.025302726814148e-65,0.0,0.0,0.0,0.0,0.0,0.0,0.04111882512828933,0.0754863605001348,0.0,0.0,0.0,0.0,0.0,0.0,1.161758461958886e-87,0.058242682272971524,0.0,0.0,0.0,0.0,0.0,0.0,3.57500947318938e-72,0.03989439133446417,0.0,0.0,0.0,0.0,0.0,0.0,5.796421443622681e-30,0.2989209925233533,0.0,0.0,0.0,0.0,0.0,0.0,1.894639658579753e-95,2.6951172482326995e-28,0.0,0.0,0.0,0.0,0.0,0.0,3.673250690417677e-74,0.2179360866841662,0.0,0.0,0.0,0.0,0.0,0.0,0.0,2.428174975088062e-16,0.0,0.0,0.0,0.0,0.0,0.0,0.0,1.694974480463061e-14,0.0,0.0,0.0,0.0,0.0,0.0,0.0,0.07792552533003465,0.0,0.0,0.0,0.0,0.0,0.0,0.0,5.442827772065998e-25,0.0,0.0,0.0,0.0,0.0,0.0,0.0,0.0,0.0,0.0,0.0,0.0,0.0,0.0,0.0,7.449893583035501e-35,0.0,0.0,0.0,0.0,0.0,0.0,0.0,0.0,0.0,0.0,0.0,0.0,0.0,0.0,0.0,0.0,0.0,0.0,0.0,0.0,0.0,0.0,0.0,0.0,0.0,0.0,0.0,0.0,0.0,0.0,0.0,0.027242010835520775,0.0,0.0,0.0,0.0,0.0,0.0,0.0,0.0,0.0,0.0,0.0,0.0,3.724629331614131e-123,0.0,0.0,0.0,0.0,0.0,0.0,0.0,0.0,6.11510032387758e-51,0.0,0.0,0.0,0.0,0.0,0.0,0.0,0.0,0.0,0.0,0.0,0.0,0.0,0.0,0.0,0.0,0.0,0.0,0.0,0.0,0.0,0.0,1.0755654059587264e-271,0.0,0.0,0.0,0.0,0.0,0.0,0.0,0.0,0.0,0.0,0.0,0.0,0.0,0.0,0.0,0.08172603250656232,0.0,0.0,0.0,0.0,0.0,0.0,0.0,0.0,0.0,0.0,0.0,0.0,0.0,0.0,0.027242010835520775,0.0,0.0,0.0,0.0,0.0,0.0,0.0,0.0,0.0,0.0,0.0,0.0,0.0,0.0,2.518077669483465e-25,0.0,0.0,0.0,0.0,0.0,0.0,0.0,3.0186041918942607e-47,0.0,0.0,0.0,0.0,0.0,0.0,0.0,0.0,0.0,0.0,0.0,0.0,0.0,0.0,0.0,0.0,0.0,0.0,0.0,0.0,0.0,0.027242010835520775,0.0,0.0,0.0,0.0,0.0,0.0,0.0,0.0,0.0,0.0,0.0,0.0,0.0,0.0,0.0,0.0,0.0,0.0,0.0,0.0,0.0,0.0,0.0,0.0,0.0,0.0,0.0,0.0,0.0,0.0,0.0,0.0,0.0,0.0,0.0,0.0,0.0,0.0,0.0,0.0,0.0,0.0,0.0,0.0,0.0,0.0,0.0,0.0,0.0,0.0,0.0,0.0,0.0,0.0,0.0,0.0,0.0,0.0,0.0,0.0,0.0,0.0,0.0,0.0,0.0,0.0,0.0,0.0,0.0,0.0,0.0,0.0,0.0,0.0,0.0,0.0,0.0,0.0,0.0,0.0,0.0,0.0,0.0,0.0,0.0,0.0,0.0,0.0,0.0,0.0,0.0,0.0,0.0,0.0,0.0,0.0,0.0,0.0,0.0,0.0,0.0,0.0,0.0,0.0,0.0,0.0,0.0,0.0,0.0,0.0,0.0,0.0,0.0,0.0,0.0,0.0,0.0,0.0,0.0,0.0,0.0,0.0,0.0,0.0,0.0,0.0,0.0,0.0,0.0,0.0,0.0,0.0,0.0,0.0,0.0,0.0,0.0,0.0,0.0,0.0,0.0,0.0,0.0,0.0,0.0,0.0,0.0,0.0,0.0,0.0,0.0,0.0,0.0,0.0,0.0,0.0,0.0,0.0,0.0,0.0,0.0,0.0,0.0,0.0,0.0,0.0,0.0
0.0,0.0,0.0,0.0,0.0,0.0,0.0,0.0,0.0,0.0,0.0,0.0,0.0,0.0,0.0,0.0,0.0,0.0,0.0,0.0,0.0,0.0,0.0,0.0,0.0,0.0,0.0,0.0,0.0,0.0,0.0,0.0,0.0,0.0,0.0,0.0,0.0,0.0,0.0,0.0,0.0,0.0,0.0,0.0,0.0,0.0,0.0,0.0,0.0,0.0,0.0,0.0,0.0,0.0,0.0,0.0,0.0,1.1135360312855811e-89,0.0,0.0,0.0,0.0,0.0,0.0,0.0,0.0,0.0,0.0,0.0,0.0,0.0,0.0,0.0,0.0,0.0,0.0,0.0,0.0,0.0,0.0,0.0,1.0296823263100801e-154,0.0,0.0,0.0,0.0,0.0,0.0,0.0,1.0133253408466296e-303,0.0,0.0,0.0,0.0,0.0,0.0,0.0,4.401509875576394e-101,0.0,0.0,0.0,0.0,0.0,0.0,0.0,1.0820397065491971e-166,0.0,0.0,0.0,0.0,0.0,0.0,1.9440221926666247e-217,5.7581739760494116e-164,0.0,0.0,0.0,0.0,0.0,0.0,0.0,4.9447290072477186e-107,0.0,0.0,0.0,0.0,0.0,0.0,0.0,1.097631543156262e-136,0.0,0.0,0.0,0.0,0.0,0.0,0.0,2.4344669500035787e-93,0.0,0.0,0.0,0.0,0.0,0.0,0.0,4.807458926952549e-86,0.0,0.0,0.0,0.0,0.0,0.0,0.0,1.418483250094062e-62,0.0,0.0,0.0,0.0,0.0,0.0,0.0,2.9990973138258517e-90,0.0,0.0,0.0,0.0,0.0,0.0,1.9623591973999697e-175,9.725968208036216e-32,0.0,0.0,0.0,0.0,0.0,0.0,3.1381601742285822e-189,6.29129389466262e-78,4.3972661159574545e-239,0.0,0.0,0.0,0.0,0.0,5.558030062665531e-295,6.247874274457392e-77,3.1814869449847394e-257,0.0,0.0,0.0,0.0,0.0,0.0,9.118190601127144e-102,0.0,0.0,0.0,0.0,0.0,0.0,1.8180281746939912e-202,1.5513644123011052e-32,0.0,0.0,0.0,0.0,0.0,0.0,1.8230348156791316e-215,5.110629659983512e-18,0.0,0.0,0.0,0.0,0.0,0.0,2.3569593506833666e-183,6.323994920153001e-15,9.436731360029994e-168,0.0,0.0,0.0,0.0,0.0,0.0,0.09166947731982505,0.0,0.0,0.0,0.0,0.0,0.0,1.2233551019169506e-172,0.268704198409037,3.068211344703618e-98,0.0,0.0,0.0,0.0,0.0,2.0573059147726895e-239,0.3039906753936211,5.319126189113006e-215,0.0,0.0,0.0,0.0,0.0,1.0772579957281255e-207,0.0463651515887526,2.2311982845812052e-209,0.0,0.0,0.0,0.0,0.0,0.0,0.036067037282065076,9.768247767288606e-138,0.0,0.0,0.0,0.0,0.0,4.056853450957776e-180,0.08942009291076368,4.196761554522488e-115,0.0,0.0,0.0,0.0,0.0,0.0,8.41084839197426e-40,0.0,0.0,0.0,0.0,0.0,0.0,0.0,0.09614661920368747,1.2030690359127928e-98,0.0,0.0,0.0,0.0,0.0,0.0,0.028562051571706375,0.012793138278698773,0.0,0.0,0.0,0.0,0.0,0.0,2.0502509447779036e-47,0.0,0.0,0.0,0.0,0.0,0.0,0.0,2.5213117936343924e-93,0.0,0.0,0.0,0.0,0.0,0.0,0.0,4.586654509691219e-28,0.0,0.0,0.0,0.0,0.0,0.0,0.0,0.026281558041836506,0.0,0.0,0.0,0.0,0.0,0.0,8.600582845304158e-154,4.8796760470477724e-114,0.0,0.0,0.0,0.0,0.0,0.0,0.0,2.8373240831440327e-111,9.598193490537357e-109,0.0,0.0,0.0,0.0,0.0,0.0,1.3454468853381312e-86,0.0,0.0,0.0,0.0,0.0,0.0,0.0,1.7304807731802013e-53,0.0,0.0,0.0,0.0,0.0,0.0,0.0,1.603298575206093e-51,0.0,0.0,0.0,0.0,0.0,0.0,6.770915762951175e-46,0.0,0.0,0.0,0.0,0.0,0.0,7.552658378791829e-129,0.0,0.0,0.0,0.0,0.0,0.0,0.0,1.7932030985314808e-113,2.018783229018534e-97,0.0,0.0,0.0,0.0,0.0,0.0,0.0,0.0,0.0,0.0,0.0,0.0,0.0,0.0,2.9648579456625145e-255,0.0,0.0,0.0,0.0,0.0,0.0,0.0,0.0,0.0,0.0,0.0,0.0,0.0,0.0,6.299100062855589e-156,0.0,0.0,0.0,0.0,0.0,0.0,0.0,0.0,0.0,0.0,0.0,0.0,0.0,0.0,0.0,0.0,0.0,0.0,0.0,0.0,0.0,0.0,0.0,0.0,0.0,0.0,0.0,0.0,0.0,0.0,0.0,0.0,0.0,0.0,0.0,0.0,0.0,0.0,0.0,0.0,0.0,0.0,0.0,0.0,0.0,0.0,0.0,0.0,0.0,0.0,0.0,0.0,0.0,1.8388868657578304e-254,0.0,0.0,0.0,0.0,0.0,0.0,1.0801793337498684e-146,0.0,0.0,0.0,0.0,0.0,0.0,0.0,0.0,0.0,0.0,0.0,0.0,0.0,0.0,1.901124328943432e-99,1.4409541661756588e-132,0.0,0.0,0.0,0.0,0.0,1.544228010752471e-175,0.0,0.0,0.0,0.0,0.0,0.0,0.0,0.0,0.0,0.0,0.0,0.0,0.0,0.0,0.0,0.0,0.0,0.0,0.0,0.0,0.0,0.0,0.0,0.0,0.0,0.0,0.0,0.0,0.0,0.0,0.0,0.0,0.0,0.0,0.0,0.0,0.0,0.0,0.0,0.0,0.0,0.0,0.0,0.0,0.0,0.0,0.0,0.0,0.0,0.0,0.0,0.0,0.0,0.0,0.0,0.0,0.0,0.0,0.0,0.0,0.0,0.0,0.0,0.0,0.0,0.0,0.0,0.0,0.0,0.0,0.0,0.0,0.0,0.0,0.0,0.0,0.0,0.0,0.0,0.0,0.0,0.0,0.0,0.0,0.0,0.0,0.0,0.0,0.0,0.0,0.0,0.0,0.0,0.0,0.0,0.0,0.0,0.0,2.5923376009878235e-232,0.0,0.0,0.0,0.0,0.0,0.0,0.0,0.0,0.0,0.0,0.0,0.0,0.0,0.0,0.0,0.0,0.0,0.0,0.0,0.0,0.0,0.0,0.0,0.0,0.0,0.0,0.0,0.0,0.0,0.0,0.0,0.0,0.0,0.0,0.0,0.0,0.0,0.0,0.0,0.0,0.0,0.0,0.0,0.0,0.0,0.0,0.0,0.0,0.0,0.0,0.0,0.0,0.0,0.0
0.0,0.0,0.0,0.0,0.0,0.0,0.0,0.0,0.0,0.0,0.0,0.0,0.0,0.0,0.0,0.0,0.0,2.8023093910286848e-174,0.0,0.0,0.0,0.0,0.0,0.0,1.762612903322992e-88,5.230854036181648e-176,0.0,0.0,0.0,0.0,0.0,0.0,0.0,3.108302351169077e-36,0.0,0.0,0.0,0.0,0.0,0.0,9.36752331017989e-149,1.5838744512630422e-173,0.0,0.0,0.0,0.0,0.0,0.0,0.0,3.9486455954067847e-153,0.0,0.0,0.0,0.0,0.0,0.0,5.161873546077998e-38,0.0,0.0,0.0,0.0,0.0,0.0,0.0,0.0,1.20549936515442e-23,0.0,0.0,0.0,0.0,0.0,0.0,3.4044907128176523e-84,1.2972135759976581e-81,4.6048256157471886e-263,0.0,0.0,0.0,0.0,0.0,2.256700088421577e-163,5.041588581603041e-23,1.4433463401991454e-90,0.0,0.0,0.0,0.0,0.0,1.4631782145414255e-100,3.5993973220309835e-26,0.0,0.0,0.0,0.0,0.0,0.0,0.0,0.02883729851577707,6.108963753949771e-38,0.0,0.0,0.0,0.0,0.0,9.715914074900865e-251,0.2816429631150102,6.741566044297455e-147,0.0,0.0,0.0,0.0,0.0,1.2771866760352185e-73,0.14135211878696058,0.0,0.0,0.0,0.0,0.0,0.0,5.7466159856176465e-241,0.12327668600707231,1.1260608468637626e-28,0.0,0.0,0.0,0.0,0.0,1.7914169334874405e-61,1.4730354299096254e-60,0.0,0.0,0.0,0.0,0.0,0.0,7.186874928698601e-72,0.15333689206537077,7.410331660309697e-76,0.0,0.0,0.0,0.0,0.0,4.37443866022733e-136,0.27155404049116716,2.915826660418118e-72,0.0,0.0,0.0,0.0,0.0,0.0,9.394662552073343e-56,0.0,0.0,0.0,0.0,0.0,0.0,0.0,5.8965332267647725e-56,3.837698455052046e-161,0.0,0.0,0.0,0.0,0.0,2.472687736e-314,3.1087365318276925e-73,0.0,0.0,0.0,0.0,0.0,0.0,8.171854267537961e-122,8.405579106032893e-118,1.195140396296906e-299,0.0,0.0,0.0,0.0,0.0,0.0,2.216194615964363e-53,0.0,0.0,0.0,0.0,0.0,0.0,2.816972176992178e-106,1.046744040680568e-71,0.0,0.0,0.0,0.0,0.0,0.0,0.0,3.0029787705387667e-192,8.4e-323,0.0,0.0,0.0,0.0,0.0,0.0,2.678037959495126e-47,0.0,0.0,0.0,0.0,0.0,0.0,0.0,1.8057355952092805e-112,1.5842923502160133e-78,0.0,0.0,0.0,0.0,0.0,0.0,1.4713425452358956e-186,0.0,0.0,0.0,0.0,0.0,0.0,0.0,1.1190957193417078e-47,9.23862655749844e-252,0.0,0.0,0.0,0.0,0.0,0.0,2.853823565106305e-228,0.0,0.0,0.0,0.0,0.0,0.0,1.2059543465175205e-258,1.1379248808977425e-114,0.0,0.0,0.0,0.0,0.0,0.0,0.0,0.0,0.0,0.0,0.0,0.0,0.0,0.0,0.0,9.1214216277353e-310,0.0,0.0,0.0,0.0,0.0,0.0,0.0,0.0,0.0,0.0,0.0,0.0,0.0,0.0,4.120085306331422e-286,0.0,0.0,0.0,0.0,0.0,0.0,0.0,0.0,1.8428055460030943e-220,0.0,0.0,0.0,0.0,0.0,0.0,0.0,5.682813947667769e-221,0.0,0.0,0.0,0.0,0.0,0.0,0.0,0.0,0.0,0.0,0.0,0.0,0.0,0.0,0.0,0.0,0.0,0.0,0.0,0.0,0.0,0.0,0.0,0.0,0.0,0.0,0.0,0.0,0.0,0.0,0.0,0.0,0.0,0.0,0.0,0.0,0.0,0.0,0.0,0.0,4.20375402914953e-309,0.0,0.0,0.0,0.0,0.0,0.0,0.0,0.0,0.0,0.0,0.0,0.0,0.0,0.0,0.0,0.0,0.0,0.0,0.0,0.0,0.0,0.0,0.0,0.0,0.0,0.0,0.0,0.0,0.0,0.0,0.0,0.0,0.0,0.0,0.0,0.0,0.0,0.0,0.0,0.0,0.0,0.0,0.0,0.0,1.0186420518792776e-9,0.0,0.0,0.0,0.0,0.0,0.0,0.0,3.9337730006987635e-163,0.0,0.0,0.0,0.0,0.0,0.0,0.0,0.0,0.0,0.0,0.0,0.0,0.0,0.0,0.0,0.0,0.0,0.0,0.0,0.0,0.0,0.0,0.0,0.0,0.0,0.0,0.0,0.0,0.0,0.0,0.0,0.0,0.0,0.0,0.0,0.0,0.0,0.0,0.0,0.0,0.0,0.0,0.0,0.0,0.0,0.0,0.0,0.0,0.0,0.0,0.0,0.0,0.0,0.0,0.0,0.0,0.0,0.0,0.0,0.0,0.0,0.0,0.0,0.0,0.0,0.0,0.0,0.0,1.1806257221940447e-163,0.0,0.0,0.0,0.0,0.0,0.0,0.0,0.0,0.0,0.0,0.0,0.0,0.0,0.0,0.0,0.0,0.0,0.0,0.0,0.0,0.0,0.0,0.0,0.0,0.0,0.0,0.0,0.0,0.0,1.5219219321817543e-259,0.0,0.0,0.0,0.0,0.0,0.0,0.0,0.0,0.0,0.0,0.0,0.0,0.0,0.0,0.0,0.0,0.0,0.0,0.0,0.0,0.0,0.0,0.0,0.0,0.0,0.0,0.0,0.0,0.0,0.0,0.0,0.0,0.0,0.0,0.0,0.0,0.0,0.0,0.0,0.0,0.0,0.0,0.0,0.0,0.0,0.0,0.0,0.0,0.0,3.777856068831079e-223,0.0,0.0,0.0,0.0,0.0,0.0,0.0,0.0,0.0,0.0,0.0,0.0,0.0,0.0,0.0,0.0,0.0,0.0,0.0,0.0,0.0,0.0,0.0,0.0,0.0,0.0,0.0,0.0,0.0,0.0,0.0,0.0,0.0,0.0,0.0,0.0,0.0,0.0,0.0,0.0,0.0,0.0,0.0,0.0,0.0,0.0,0.0,0.0,0.0,0.0,0.0,0.0,0.0,0.0,0.0,0.0,0.0,0.0,0.0,0.0,0.0,0.0,0.0,0.0,0.0,0.0,0.0,0.0,0.0,0.0,0.0,0.0,0.0,0.0,0.0,0.0,0.0,0.0,0.0,0.0,0.0,0.0,0.0,0.0,0.0,0.0,0.0,0.0,0.0,0.0,0.0,0.0,0.0,0.0,0.0,0.0,0.0,0.0,0.0,0.0,0.0,0.0,0.0,0.0,0.0,0.0,0.0,0.0,0.0,0.0
0.0,0.0,0.0,0.0,0.0,0.0,0.0,0.0,0.0,0.0,8.091365202415587e-86,0.06468772259415811,2.3676292274247538e-123,0.0,0.0,0.0,0.0,0.0,3.572803342192916e-111,0.04990195742977911,0.0,0.0,0.0,0.0,0.0,0.0,1.6165102557103382e-99,0.014785765164378996,0.0,0.0,0.0,0.0,0.0,0.0,0.0,0.024026868384402707,0.0,0.0,0.0,0.0,0.0,0.0,0.0,0.02587508903766324,0.0,0.0,0.0,0.0,0.0,0.0,0.0,0.010943373929115567,0.0,0.0,0.0,0.0,0.0,0.0,0.0,0.027723309683210597,0.0,0.0,0.0,0.0,0.0,0.0,0.0,0.004518346988376364,2.010677304263793e-180,0.0,0.0,0.0,0.0,0.0,2.853024456259521e-100,0.7540740197986417,8.227224504318325e-110,0.0,0.0,0.0,0.0,0.0,1.2840525967489861e-83,0.021886144443069362,5.872842899772004e-92,0.0,0.0,0.0,0.0,0.0,4.945034722978031e-80,3.9110262278140007e-25,0.0,0.0,0.0,0.0,0.0,0.0,0.0,0.0007255029970894899,1.0141317274588267e-260,0.0,0.0,0.0,0.0,0.0,1.5e-323,0.0008518995501149148,0.0,0.0,0.0,0.0,0.0,0.0,4.784035089646815e-131,3.9476272766294455e-75,0.0,0.0,0.0,0.0,0.0,0.0,3.297946562225228e-177,9.339144897775284e-56,4.142190827163377e-236,0.0,0.0,0.0,0.0,0.0,4.914055271890754e-221,1.664118144053396e-88,8.429798882481995e-290,0.0,0.0,0.0,0.0,0.0,5.599082437921328e-194,5.570480332339851e-57,0.0,0.0,0.0,0.0,0.0,0.0,2.9766170295379003e-242,6.096280533720157e-134,0.0,0.0,0.0,0.0,0.0,0.0,3.321917050309111e-202,2.937552318254006e-102,0.0,0.0,0.0,0.0,0.0,0.0,0.0,1.0e-322,0.0,0.0,0.0,0.0,0.0,0.0,0.0,3.624483243829465e-191,5.678940029202992e-189,0.0,0.0,0.0,0.0,0.0,0.0,0.0,0.0,0.0,0.0,0.0,0.0,0.0,0.0,1.7633549861859218e-242,0.0,0.0,0.0,0.0,0.0,0.0,0.0,9.154216039134559e-217,0.0,0.0,0.0,0.0,0.0,0.0,1.0371149397418228e-156,0.0,0.0,0.0,0.0,0.0,0.0,0.0,0.0,0.0,0.0,0.0,0.0,0.0,0.0,0.0,2.711574649922088e-87,8.541012105488196e-285,0.0,0.0,0.0,0.0,0.0,0.0,1.0601775269599168e-300,9.0e-323,0.0,0.0,0.0,0.0,0.0,0.0,6.912147579751214e-120,0.0,0.0,0.0,0.0,0.0,0.0,0.0,0.0,0.0,0.0,0.0,0.0,0.0,0.0,0.0,0.0,0.0,0.0,0.0,0.0,0.0,0.0,0.0,0.0,0.0,0.0,0.0,0.0,0.0,0.0,0.0,0.0,0.0,0.0,0.0,0.0,0.0,0.0,0.0,0.0,0.0,0.0,0.0,0.0,0.0,0.0,0.0,0.0,0.0,0.0,0.0,0.0,0.0,0.0,0.0,0.0,0.0,0.0,0.0,0.0,0.0,0.0,0.0,0.0,0.0,0.0,0.0,0.0,0.0,0.0,0.0,0.0,0.0,0.0,0.0,0.0,0.0,0.0,0.0,0.0,0.0,0.0,0.0,0.0,0.0,0.0,0.0,0.0,0.0,0.0,0.0,0.0,0.0,0.0,0.0,0.0,0.0,0.0,0.0,0.0,0.0,0.0,0.0,0.0,0.0,0.0,0.0,0.0,0.0,0.0,0.0,0.0,0.0,0.0,0.0,0.0,0.0,0.0,0.0,0.0,0.0,0.0,0.0,0.0,0.0,0.0,0.0,0.0,0.0,0.0,0.0,0.0,0.0,0.0,0.0,0.0,0.0,0.0,0.0,0.0,0.0,0.0,0.0,0.0,0.0,0.0,0.0,0.0,0.0,0.0,0.0,0.0,0.0,0.0,0.0,0.0,0.0,0.0,0.0,0.0,0.0,0.0,0.0,0.0,0.0,0.0,0.0,0.0,0.0,0.0,0.0,0.0,0.0,0.0,0.0,0.0,0.0,0.0,0.0,0.0,0.0,0.0,0.0,0.0,0.0,0.0,0.0,0.0,0.0,0.0,0.0,0.0,0.0,0.0,0.0,0.0,0.0,0.0,0.0,0.0,0.0,0.0,0.0,0.0,0.0,0.0,0.0,0.0,0.0,0.0,0.0,0.0,0.0,0.0,0.0,0.0,0.0,0.0,0.0,0.0,0.0,0.0,0.0,0.0,0.0,0.0,0.0,0.0,0.0,0.0,0.0,0.0,0.0,0.0,0.0,0.0,0.0,0.0,0.0,0.0,0.0,0.0,0.0,0.0,0.0,0.0,0.0,0.0,0.0,0.0,0.0,0.0,0.0,0.0,0.0,0.0,0.0,0.0,0.0,0.0,0.0,0.0,0.0,0.0,0.0,0.0,0.0,0.0,0.0,0.0,0.0,0.0,0.0,0.0,0.0,0.0,0.0,0.0,0.0,0.0,0.0,0.0,0.0,0.0,0.0,0.0,0.0,0.0,0.0,0.0,0.0,0.0,0.0,0.0,0.0,0.0,0.0,0.0,0.0,0.0,0.0,0.0,0.0,0.0,0.0,0.0,0.0,0.0,0.0,0.0,0.0,0.0,0.0,0.0,0.0,0.0,0.0,0.0,0.0,0.0,0.0,0.0,0.0,0.0,0.0,0.0,0.0,0.0,0.0,0.0,0.0,0.0,0.0,0.0,0.0,0.0,0.0,0.0,0.0,0.0,0.0,0.0,0.0,0.0,0.0,0.0,0.0,0.0,0.0,0.0,0.0,0.0,0.0,0.0,0.0,0.0,0.0,0.0,0.0,0.0,0.0,0.0,0.0,0.0,0.0,0.0,0.0,0.0,0.0,0.0,0.0,0.0,0.0,0.0,0.0,0.0,0.0,0.0,0.0,0.0,0.0,0.0,0.0,0.0,0.0,0.0,0.0,0.0,0.0,0.0,0.0,0.0,0.0,0.0,0.0,0.0,0.0,0.0,0.0,0.0,0.0,0.0,0.0,0.0,0.0,0.0,0.0,0.0,0.0,0.0,0.0,0.0,0.0,0.0,0.0,0.0
0.0,0.0,0.0,0.0,0.0,0.0,0.0,0.0,0.0,0.0,0.0,0.0,0.0,0.0,0.0,0.0,0.0,0.0,0.0,0.0,0.0,0.0,0.0,0.0,0.0,0.0,0.0,0.0,0.0,0.0,0.0,0.0,0.0,0.0,0.0,0.0,0.0,0.0,0.0,0.0,0.0,0.0,0.0,0.0,0.0,0.0,0.0,0.0,0.0,0.0,0.0,0.0,0.0,0.0,0.0,0.0,0.0,0.0,0.0,0.0,0.0,0.0,0.0,0.0,0.0,0.0,0.0,0.0,0.0,0.0,0.0,0.0,0.0,0.0,0.0,0.0,0.0,0.0,0.0,0.0,0.0,0.0,0.0,0.0,0.0,0.0,0.0,0.0,0.0,2.6257869918605505e-153,0.0,0.0,0.0,0.0,0.0,0.0,0.0,0.0,0.0,0.0,0.0,0.0,0.0,0.0,0.0,0.0,2.3829307241903302e-188,0.0,0.0,0.0,0.0,0.0,0.0,0.0,0.0,0.0,0.0,0.0,0.0,0.0,0.0,0.0,8.621112878462995e-158,0.0,0.0,0.0,0.0,0.0,0.0,2.917570218334181e-160,0.0,0.0,0.0,0.0,0.0,0.0,0.0,0.0,6.67546461317668e-176,0.0,0.0,0.0,0.0,0.0,0.0,1.7698905952027678e-91,3.429262076960139e-170,0.0,0.0,0.0,0.0,0.0,0.0,1.8032935375833707e-97,2.3635562752238993e-219,0.0,0.0,0.0,0.0,0.0,0.0,3.9147214383854735e-119,5.614215274078676e-172,0.0,0.0,0.0,0.0,0.0,0.0,1.0140969471082743e-35,0.0,0.0,0.0,0.0,0.0,0.0,0.0,1.652646180792845e-163,3.870231391680544e-68,0.0,0.0,0.0,0.0,0.0,0.0,6.582287538837398e-97,3.359695766802604e-79,0.0,0.0,0.0,0.0,0.0,0.0,8.967627707891655e-101,3.401310421144499e-149,0.0,0.0,0.0,0.0,0.0,0.0,3.759063955431334e-47,4.385837023991677e-64,0.0,0.0,0.0,0.0,0.0,0.0,2.8427873608096575e-72,8.643951561081083e-108,0.0,0.0,0.0,0.0,0.0,0.0,9.188202200430053e-210,2.5366738772348806e-48,0.0,0.0,0.0,0.0,0.0,0.0,1.047007694268281e-67,0.0,0.0,0.0,0.0,0.0,0.0,0.0,5.985503193580173e-82,1.5566426140642737e-131,0.0,0.0,0.0,0.0,0.0,0.0,2.769857155675906e-119,3.802728611285711e-192,0.0,0.0,0.0,0.0,0.0,0.0,0.18111267423075142,0.053340680239481686,0.0,0.0,0.0,0.0,0.0,0.0,0.5238968071716482,0.08488218219542616,0.0,0.0,0.0,0.0,0.0,0.0,0.11343188517693882,5.7136175054437786e-74,0.0,0.0,0.0,0.0,0.0,0.0,8.341819926781187e-47,9.84163085e-316,0.0,0.0,0.0,0.0,0.0,0.0,3.753746460095504e-41,1.6856094950999844e-179,0.0,0.0,0.0,0.0,0.0,0.0,1.991776334106724e-178,2.808901968935661e-170,0.0,0.0,0.0,0.0,0.0,0.0,0.02147990824486556,0.021855862740888184,0.0,0.0,0.0,0.0,0.0,0.0,4.3242401600495886e-124,0.0,0.0,0.0,0.0,0.0,0.0,0.0,2.0988306747243418e-21,4.813928203412888e-37,0.0,0.0,0.0,0.0,0.0,0.0,8.960683206539747e-122,0.0,0.0,0.0,0.0,0.0,0.0,0.0,4.17397929420947e-152,0.0,0.0,0.0,0.0,0.0,0.0,0.0,3.428969336674589e-17,0.0,0.0,0.0,0.0,0.0,0.0,0.0,1.6151187060494641e-258,0.0,0.0,0.0,0.0,0.0,0.0,0.0,1.2752013257527187e-162,0.0,0.0,0.0,0.0,0.0,0.0,0.0,8.951650888181712e-164,0.0,0.0,0.0,0.0,0.0,0.0,1.70612754263673e-126,0.0,0.0,0.0,0.0,0.0,0.0,9.112451556025786e-79,0.0,0.0,0.0,0.0,0.0,0.0,0.0,0.0,9.684068432440385e-44,0.0,0.0,0.0,0.0,0.0,0.0,1.0310009244969494e-279,0.0,0.0,0.0,0.0,0.0,0.0,0.0,0.0,0.0,0.0,0.0,0.0,0.0,0.0,0.0,0.0,0.0,0.0,0.0,0.0,0.0,0.0,0.0,0.0,0.0,0.0,0.0,0.0,0.0,0.0,0.0,0.0,0.0,0.0,0.0,0.0,0.0,0.0,0.0,0.0,0.0,0.0,0.0,0.0,0.0,0.0,0.0,0.0,0.0,0.0,0.0,0.0,0.0,0.0,0.0,0.0,0.0,0.0,0.0,0.0,0.0,0.0,0.0,0.0,0.0,0.0,0.0,0.0,0.0,0.0,0.0,0.0,0.0,0.0,0.0,0.0,0.0,0.0,0.0,0.0,0.0,0.0,0.0,9.14650771533624e-189,0.0,0.0,0.0,0.0,0.0,0.0,0.0,0.0,0.0,0.0,0.0,0.0,0.0,0.0,0.0,2.5587886539683024e-253,0.0,0.0,0.0,0.0,0.0,1.9354209291578888e-212,0.0,0.0,0.0,0.0,0.0,0.0,0.0,0.0,0.0,0.0,0.0,0.0,0.0,0.0,0.0,0.0,0.0,0.0,0.0,0.0,0.0,0.0,0.0,0.0,0.0,0.0,0.0,0.0,0.0,0.0,0.0,0.0,0.0,0.0,0.0,0.0,0.0,0.0,0.0,0.0,0.0,0.0,0.0,0.0,0.0,0.0,0.0,0.0,0.0,0.0,0.0,0.0,0.0,0.0,0.0,0.0,0.0,0.0,0.0,0.0,0.0,0.0,0.0,0.0,0.0,0.0,0.0,0.0,0.0,0.0,0.0,0.0,0.0,0.0,0.0,0.0,0.0,0.0,0.0,0.0,0.0,0.0,0.0,0.0,0.0,0.0,0.0,0.0,0.0,0.0,0.0,0.0,0.0,0.0,0.0,0.0,0.0,0.0,7.640783484713923e-104,0.0,0.0,0.0,0.0,0.0,0.0,0.0,0.0,0.0,0.0,0.0,0.0,0.0,0.0,0.0,0.0,0.0,0.0,0.0,0.0,0.0,0.0,0.0,0.0,0.0,0.0,0.0,0.0,0.0,0.0,0.0,0.0,0.0,0.0,0.0,0.0,0.0,0.0,0.0,0.0,0.0,0.0,0.0,0.0,0.0,0.0,0.0,0.0,0.0,0.0,0.0,0.0,0.0,0.0
0.0,0.0,0.0,0.0,0.0,0.0,0.0,0.0,0.0,0.0,0.0,0.0,0.0,0.0,0.0,2.0687649456938e-310,0.0,0.0,0.0,0.0,0.0,0.0,0.0,0.0,0.0,0.0,0.0,0.0,0.0,0.0,0.0,1.3017501708719272e-288,0.0,0.0,0.0,0.0,0.0,0.0,0.0,6.658046230772165e-114,0.0,0.0,0.0,0.0,0.0,0.0,0.0,0.01534819985157172,0.0,0.0,0.0,0.0,0.0,0.0,0.0,3.0064425647067313e-123,0.0,0.0,0.0,0.0,0.0,0.0,0.0,2.087837164526691e-24,0.0,0.0,0.0,0.0,0.0,0.0,0.0,2.124109464845138e-105,8.408068287236838e-247,0.0,0.0,0.0,0.0,0.0,0.0,5.250863314168157e-22,3.382367980505388e-76,0.0,0.0,0.0,0.0,0.0,0.0,2.8335949839579407e-22,2.771885164885757e-258,0.0,0.0,0.0,0.0,0.0,0.0,1.0719753444028108e-38,0.0,0.0,0.0,0.0,0.0,0.0,0.0,3.011112360999989e-31,0.0,0.0,0.0,0.0,0.0,0.0,0.0,4.090921469285703e-26,6.0268568648020384e-58,0.0,0.0,0.0,0.0,0.0,0.0,0.08954100368442082,0.0,0.0,0.0,0.0,0.0,0.0,0.0,0.05355815776620548,0.0017334335090963585,0.0,0.0,0.0,0.0,0.0,0.0,6.998130197568284e-67,7.901324710175094e-124,0.0,0.0,0.0,0.0,0.0,0.0,1.7538739353813878e-58,8.138949571921157e-259,0.0,0.0,0.0,0.0,0.0,0.0,0.04686797781395653,8.450122073186407e-78,0.0,0.0,0.0,0.0,0.0,0.0,0.030885777134018782,2.059141492534164e-84,0.0,0.0,0.0,0.0,0.0,0.0,0.0715410848437344,9.384806365726616e-80,0.0,0.0,0.0,0.0,0.0,0.0,2.6534387744209793e-100,3.477212587228173e-31,0.0,0.0,0.0,0.0,0.0,0.0,2.2364461360257563e-29,1.564327793142608e-74,0.0,0.0,0.0,0.0,0.0,0.0,2.1168029418453983e-99,2.0329154069522337e-52,0.0,0.0,0.0,0.0,0.0,0.0,5.586446120229486e-117,3.8115595917842e-69,0.0,0.0,0.0,0.0,0.0,0.0,9.978944190402074e-31,0.0,0.0,0.0,0.0,0.0,0.0,0.0,0.028388757866803654,0.0,0.0,0.0,0.0,0.0,0.0,0.0,5.044953534533626e-78,1.4927884932094232e-87,0.0,0.0,0.0,0.0,0.0,0.0,1.3447456847310286e-70,0.0,0.0,0.0,0.0,0.0,0.0,0.0,0.03738159385544022,9.99435209218559e-33,0.0,0.0,0.0,0.0,0.0,0.0,0.08766278089881377,9.733750725397547e-112,0.0,0.0,0.0,0.0,0.0,0.0,0.052999299632507206,9.376304496440018e-21,0.0,0.0,0.0,0.0,0.0,0.0,8.625486409993207e-73,3.730366122595066e-73,0.0,0.0,0.0,0.0,0.0,0.0,0.02562650831973196,0.0,0.0,0.0,0.0,0.0,0.0,0.0,0.0,1.25913816555716e-40,0.0,0.0,0.0,0.0,0.0,0.0,0.020593034462952495,0.0,0.0,0.0,0.0,0.0,0.0,0.0,4.117507028298021e-211,0.0,0.0,0.0,0.0,0.0,0.0,0.0,1.5010025543844523e-22,4.647422155763993e-38,0.0,0.0,0.0,0.0,0.0,0.0,0.04171043158114565,0.0,0.0,0.0,0.0,0.0,0.0,0.0,0.03915114207118453,0.0,0.0,0.0,0.0,0.0,0.0,0.0,1.215898050798657e-6,0.0,0.0,0.0,0.0,0.0,0.0,0.0,1.6765329102287515e-51,0.0,0.0,0.0,0.0,0.0,0.0,0.0,0.030329199878540818,0.0,0.0,0.0,0.0,0.0,0.0,0.0,4.542263696631579e-129,0.0,0.0,0.0,0.0,0.0,0.0,0.0,0.02550715979741398,0.0,0.0,0.0,0.0,0.0,0.0,1.2388620807020245e-15,0.0,0.0,0.0,0.0,0.0,0.0,7.642703464931892e-64,0.0,0.0,0.0,0.0,0.0,0.0,0.0,0.04549379981781122,0.0,0.0,0.0,0.0,0.0,0.0,0.0,6.628336382133568e-18,0.0,0.0,0.0,0.0,0.0,0.0,0.0,0.0,0.0,0.0,0.0,0.0,0.0,0.0,5.077756062323698e-44,0.0,0.0,0.0,0.0,0.0,0.0,0.0,0.0,0.0,0.0,0.0,0.0,0.0,0.0,0.0,5.85633508611337e-268,0.0,0.0,0.0,0.0,0.0,0.0,4.872668619142621e-302,0.0,0.0,0.0,0.0,0.0,0.0,0.0,0.0,0.0,0.0,0.0,0.0,0.0,0.0,0.0,2.790556321260062e-239,0.0,0.0,0.0,0.0,0.0,0.0,1.8617392771789577e-99,0.0,0.0,0.0,0.0,0.0,0.0,0.0,2.0566944307185935e-104,6.319763923374729e-13,0.0,0.0,0.0,0.0,0.0,0.0,2.5446474314053196e-107,0.0,0.0,0.0,0.0,0.0,0.0,0.030329199878540818,0.0,0.0,0.0,0.0,0.0,0.0,0.0,1.1773770106560372e-114,0.0060404081881364835,0.0,0.0,0.0,0.0,0.0,0.0,1.1496274519955559e-104,0.0,0.0,0.0,0.0,0.0,3.91485631323813e-174,0.0,0.0,0.0,0.0,0.0,0.0,3.0758193402737446e-102,0.0,0.0,0.0,0.0,0.0,0.0,0.0,0.0,0.0,0.0,0.0,0.0,0.0,0.0,0.0,0.0,0.0,0.0,0.0,0.0,0.0,0.076332011306908,0.0,0.0,0.0,0.0,0.0,0.0,0.060658399757081635,1.5158516552676283e-59,0.0,0.0,0.0,0.0,0.0,0.030329199878540818,0.0,0.0,0.0,0.0,0.0,0.0,0.0,2.1117688535835587e-77,0.0,0.0,0.0,0.0,0.0,0.0,0.015164599939270409,1.58590232497345e-46,0.0,0.0,0.0,0.0,0.0,0.0,7.075919346765672e-70,0.0,0.0,0.0,0.0,0.0,0.0,0.0,0.0,0.0,0.0,0.0,0.0,0.0,0.01516459994133949,1.0511197695323e-311,0.0,0.0,0.0,0.0,0.015849737230663713,0.005811285195484929,0.0,0.0,0.0,0.0,0.0,0.0,0.0,0.0,0.0,0.0,0.0,2.271224841684296e-210,0.0,0.0,0.0,0.0,0.0,0.0,1.5221662919596474e-74,0.0,0.0,0.0,0.0,0.0,0.0,0.0,0.0,0.0,0.0,0.0,0.0,0.0,0.0,0.0,0.0,0.0,0.0,0.0,0.0,0.0,0.0,0.0,0.0,0.0,0.0,0.0,0.0,0.0,0.0,0.0,0.0,0.0,0.0,0.0,0.0,0.0,0.0,0.0,0.0,0.0,0.0,0.0,0.0,0.0,0.0,0.0,0.0,0.0
0.0,0.0,0.0,0.0,0.0,0.0,0.0,0.0,0.0,0.0,0.0,0.0,0.0,0.0,0.0,0.0,0.0,0.10166531546083801,5.270922722552535e-109,0.0,0.0,0.0,0.0,0.0,4.857078179335928e-28,0.015640817763205847,0.0,0.0,0.0,0.0,0.0,0.0,0.0,2.2328297904978906e-42,0.0,0.0,0.0,0.0,0.0,0.0,1.9062856912205203e-62,0.015640817763205847,0.0,0.0,0.0,0.0,0.0,0.0,0.0,0.007833810761449669,0.0,0.0,0.0,0.0,0.0,0.0,5.808625079542104e-40,0.0,0.0,0.0,0.0,0.0,0.0,0.0,0.0,0.023552737437417922,0.0,0.0,0.0,0.0,0.0,0.0,4.9029291715557e-62,0.6412735282914398,7.057749799095308e-104,0.0,0.0,0.0,0.0,0.0,1.8075834410675484e-84,0.14116847536870974,1.798504243350846e-288,0.0,0.0,0.0,0.0,0.0,6.280138177933704e-73,0.045404088272130334,0.0,0.0,0.0,0.0,0.0,0.0,0.0,4.874805767215136e-19,2.0377369134599742e-234,0.0,0.0,0.0,0.0,0.0,0.0,4.1175212753541695e-37,0.0,0.0,0.0,0.0,0.0,0.0,2.718666241828844e-137,1.2377266625098453e-48,0.0,0.0,0.0,0.0,0.0,0.0,9.09365e-318,8.053747203356757e-58,9.751552486033532e-70,0.0,0.0,0.0,0.0,0.0,1.4299370073401889e-154,6.907409984841942e-160,0.0,0.0,0.0,0.0,0.0,0.0,1.572036480779092e-171,1.7965262201873594e-89,2.1661307485496196e-290,0.0,0.0,0.0,0.0,0.0,6.032781633597664e-306,2.8720673459409497e-154,4.637717513446401e-274,0.0,0.0,0.0,0.0,0.0,0.0,1.3e-322,0.0,1.5996501186693532e-88,0.0,0.0,0.0,0.0,0.0,7.757190620407814e-207,0.0,0.0,0.0,0.0,0.0,0.0,0.0,2.7266844649784522e-89,0.0,0.0,0.0,0.0,0.0,0.0,0.0,0.0,0.0,0.0,0.0,0.0,0.0,0.0,0.0,0.0,0.0,0.0,0.0,0.0,0.0,0.0,0.0,1.6553290422649757e-239,0.0,0.0,0.0,0.0,0.0,0.0,0.0,0.0,0.0,0.0,0.0,0.0,0.0,0.0,0.0,0.0,0.0,0.0,0.0,0.0,0.0,0.0,0.0,1.7163828839236345e-246,1.9994429278303932e-277,0.0,0.0,0.0,0.0,0.0,0.0,0.0,0.0,0.0,0.0,0.0,0.0,0.0,1.637263016525633e-308,3.1441065762961967e-280,0.0,0.007820408881602924,0.0,0.0,0.0,0.0,0.0,0.0,0.0,0.0,0.0,0.0,0.0,0.0,0.0,0.0,0.0,0.0,0.0,0.0,0.0,0.0,0.0,0.0,0.0,0.0,0.0,0.0,0.0,0.0,0.0,0.0,0.0,0.0,0.0,0.0,0.0,0.0,0.0,0.0,0.0,0.0,0.0,0.0,0.0,0.0,0.0,0.0,0.0,0.0,0.0,0.0,0.0,0.0,0.0,0.0,0.0,0.0,0.0,0.0,0.0,0.0,0.0,1.9688832797961106e-226,0.0,0.0,0.0,0.0,0.0,0.0,0.0,0.0,0.0,0.0,0.0,0.0,0.0,0.0,0.0,0.0,0.0,0.0,0.0,0.0,0.0,0.0,0.0,0.0,0.0,0.0,0.0,0.0,0.0,0.0,0.0,0.0,0.0,0.0,0.0,0.0,0.0,0.0,0.0,0.0,0.0,0.0,0.0,0.0,0.0,0.0,0.0,0.0,0.0,0.0,0.0,0.0,0.0,0.0,0.0,0.0,0.0,0.0,0.0,0.0,0.0,0.0,0.0,0.0,0.0,0.0,0.0,0.0,0.0,0.0,0.0,0.0,0.0,0.0,0.0,0.0,0.0,0.0,0.0,0.0,0.0,0.0,0.0,0.0,0.0,1.1325964369346117e-93,0.0,0.0,0.0,0.0,0.0,0.0,0.0,0.0,0.0,0.0,0.0,0.0,0.0,0.0,0.0,0.0,0.0,0.0,0.0,0.0,0.0,0.0,0.0,0.0,0.0,0.0,0.0,0.0,0.0,0.0,0.0,0.0,0.0,0.0,0.0,0.0,0.0,0.0,0.0,0.0,0.0,0.0,0.0,0.0,0.0,0.0,0.0,0.0,0.0,0.0,0.0,0.0,0.0,0.0,0.0,0.0,0.0,0.0,0.0,0.0,0.0,0.0,0.0,0.0,0.0,0.0,0.0,0.0,0.0,0.0,0.0,0.0,0.0,0.0,0.0,0.0,0.0,0.0,0.0,0.0,0.0,0.0,0.0,0.0,0.0,0.0,0.0,0.0,0.0,0.0,0.0,0.0,0.0,0.0,0.0,0.0,0.0,0.0,0.0,0.0,0.0,0.0,0.0,0.0,0.0,0.0,0.0,0.0,0.0,0.0,0.0,0.0,0.0,0.0,0.0,0.0,0.0,0.0,0.0,0.0,0.0,0.0,0.0,0.0,0.0,0.0,0.0,0.0,0.0,0.0,0.0,0.0,0.0,0.0,0.0,0.0,0.0,0.0,0.0,0.0,0.0,0.0,0.0,0.0,0.0,0.0,0.0,0.0,0.0,0.0,0.0,0.0,0.0,0.0,0.0,0.0,0.0,0.0,0.0,0.0,0.0,0.0,0.0,0.0,0.0,0.0,0.0,0.0,0.0,0.0,0.0,0.0,0.0,0.0,0.0,0.0,0.0,0.0,0.0,0.0,0.0,0.0,0.0,0.0,0.0,0.0,0.0,0.0,0.0,0.0,0.0,0.0,0.0,0.0,0.0,0.0,0.0,0.0,0.0,0.0,0.0,0.0,0.0,0.0,0.0,1.5631474120908854e-87,0.0,0.0,0.0,0.0,0.0,0.0,0.0,0.0,0.0,0.0,0.0,0.0,0.0,0.0,0.0,0.0,0.0,0.0,0.0,0.0,0.0,0.0,0.0,0.0,0.0,0.0,0.0,0.0,0.0,0.0,6.931e-320,0.0,0.0,0.0,0.0,0.0,0.0,0.0,0.0,0.0,0.0,0.0,0.0,0.0,0.0,0.0,0.0,0.0,0.0,0.0,0.0,0.0,0.0,0.0,0.0,0.0,0.0,0.0,0.0,0.0,0.0
0.0,0.0,0.0,0.0,0.0,0.0,0.0,0.0,0.0,0.0,0.0,0.0,0.0,3.27408766927685e-180,7.88461863636155e-167,0.0,0.0,0.0,0.0,0.0,0.0,0.0,0.0,0.0,0.0,0.0,0.0,0.0,0.0,0.0,0.006607344145542513,0.0,0.0,0.0,0.0,0.0,0.0,0.0,0.0,0.0,0.0,0.0,0.0,0.0,0.0,0.0,0.0,0.0,0.0,0.0,0.0,0.0,0.0,0.0,3.428996405266493e-74,0.0,0.0,0.0,0.0,0.0,0.0,0.0,0.0,0.0,0.0,0.0,0.0,0.0,0.0,0.0,1.461232946041704e-224,0.0,0.0,0.0,0.0,0.0,0.0,0.0,2.367e-321,0.0,0.0,0.0,0.0,0.0,0.0,0.0,4.207278102674224e-102,0.0,0.0,0.0,0.0,0.0,0.0,0.0,2.0650331601243023e-171,0.0,0.0,0.0,0.0,0.0,0.0,0.0,6.29747490436125e-34,0.0,0.0,0.0,0.0,0.0,0.0,2.0013588903361837e-100,3.1521187204236437e-43,0.0,0.0,0.0,0.0,0.0,5.260389811172292e-188,0.0,0.013565919139648426,4.5551629174442895e-289,0.0,0.0,0.0,0.0,0.0,1.7167999417821105e-192,1.5838657143841157e-85,0.0,0.0,0.0,0.0,0.0,0.0,0.0,1.342436500628747e-97,0.0,0.0,0.0,0.0,0.0,0.0,9.633144328377078e-209,2.8509358237484057e-78,1.0855288629549968e-276,0.0,0.0,0.0,0.0,0.0,5.734712984426676e-187,0.0063076547976509845,1.4243002748045354e-280,0.0,0.0,0.0,0.0,0.0,3.506926632063894e-36,0.007359865694109521,0.0,0.0,0.0,0.0,0.0,0.0,1.1428029793283831e-160,0.04426234089840126,0.0,0.0,0.0,0.0,0.0,0.0,1.070106233042859e-66,0.014178061626892342,0.0,0.0,0.0,0.0,0.0,0.0,5.959764172973434e-299,0.08504975927115559,0.0,0.0,0.0,0.0,0.0,0.0,4.8962597093295007e-104,0.019647092255737287,0.0,0.0,0.0,0.0,0.0,0.0,0.014332241972371436,0.0019173465964255438,0.0,0.0,0.0,0.0,0.0,0.0,6.4860734494004815e-139,6.411658936071373e-13,0.0,0.0,0.0,0.0,0.0,0.0,0.0,0.029255468379995115,0.0,0.0,0.0,0.0,0.0,0.0,5.538487842764951e-92,0.02023765799519905,0.0,0.0,0.0,0.0,0.0,0.0,0.0,1.4504993817626767e-59,1.8749767847258174e-308,0.0,0.0,0.0,0.0,0.0,1.2424123338547068e-26,0.033591506771902875,5.90393047e-316,0.0,0.0,0.0,0.0,0.0,7.22509023067169e-85,0.08502220383769837,0.0,0.0,0.0,0.0,0.0,0.0,0.007008535179853762,0.02453707766256928,0.0,0.0,0.0,0.0,0.0,0.0,0.0,0.059466097741121125,0.0,0.0,0.0,0.0,0.0,0.006607344193457903,4.400671709334516e-11,0.038706358634843285,0.0,0.0,0.0,0.0,0.0,0.0,1.0755049593562274e-302,0.05189565777319644,0.0,0.0,0.0,0.0,0.0,0.0,5.732405218427344e-54,1.0194583544421443e-20,0.0,0.0,0.0,0.0,0.0,0.0,0.0,0.0493227728915143,0.0,0.0,0.0,0.0,0.0,0.0,0.0,3.1213742731581283e-51,0.0,0.0,0.0,0.0,0.0,0.0,0.0066094889053996434,0.0009257563261030326,0.0,0.0,0.0,0.0,0.0,0.0,5.931039031932386e-56,0.012755136017175482,0.0,0.0,0.0,0.0,0.0,0.0,1.1092081609782982e-99,0.0346068848606044,0.0,0.0,0.0,0.0,0.0,0.0,0.0,0.019822032580373707,0.0,0.0,0.0,0.0,0.0,0.0,0.0,9.771822826920324e-47,0.0,0.0,0.0,0.0,0.0,0.0,0.0,0.006607344193457847,0.0,0.0,0.0,0.0,0.0,0.0,0.0,0.012500768420925868,0.0,0.0,0.0,0.0,0.0,9.646450671318077e-67,0.005402556549784249,0.0,0.0,0.0,0.0,0.0,0.0,0.006607344193579065,0.0,0.0,0.0,0.0,0.0,0.0,1.2452443278762467e-121,1.1632990200484133e-80,0.0,0.0,0.0,0.0,0.0,0.0,0.0,0.025744831162691932,0.0,0.0,0.0,0.0,0.0,0.0,0.0,0.0,0.0,0.0,0.0,0.0,0.0,0.0,9.142205659877275e-146,0.0,0.0,0.0,0.0,0.0,0.0,0.0,2.444232300437333e-171,0.0,0.0,0.0,0.0,0.0,0.0,0.006607344193457903,0.0,0.0,0.0,0.0,0.0,0.0,0.0,0.02642937084047977,0.0,0.0,0.0,0.0,0.0,0.0,0.0,0.0,0.0,0.0,0.0,0.0,0.0,0.0,4.327260840278859e-164,0.0,0.0,0.0,0.0,0.0,0.0,0.0,3.732736938270307e-116,0.0,0.0,0.0,0.0,0.0,0.0,0.0,0.014800519941012032,0.0,0.0,0.0,0.0,0.0,0.0,0.0,2.494570524059474e-95,0.0,0.0,0.0,0.0,0.0,0.0,0.026078049066810625,0.0,0.0,0.0,0.0,0.0,0.0,0.0,0.039154760813707556,0.0,0.0,0.0,0.0,0.0,0.0,0.0,0.006595599200122679,1.5598113785144857e-296,0.0,0.0,0.0,0.0,2.4204079378988786e-118,0.0,0.0,0.0,0.0,0.0,0.0,0.026422362949592684,0.0,0.0,0.0,0.0,0.0,7.287550748665387e-172,6.316258429291747e-46,0.0,0.0,0.0,0.0,0.0,0.0,0.0,0.0,0.0,0.0,0.0,0.0,0.0,0.006607344193457902,0.0,0.0,0.0,0.0,0.0,0.0,0.0,0.01338059145581226,0.0,0.0,0.0,0.0,0.0,0.0,0.03294197077120158,0.0,0.0,0.0,0.0,0.0,0.0,0.0,5.726135956152389e-79,0.0,0.0,0.0,0.0,0.0,0.0,0.019757858664964795,0.0,0.0,0.0,0.0,0.0,0.0,0.0075385022723070925,1.4203641981798108e-42,0.0,0.0,0.0,0.0,0.0,0.0,8.28642566955987e-114,0.0,0.0,0.0,0.0,0.0,0.0,0.013214688386915805,0.0,0.0,0.0,0.0,0.0,1.562702572374526e-116,0.0,0.0,0.0,0.0,2.872578395663712e-53,0.004746520367126634,0.0,0.0,0.0,0.0,0.0,0.0,0.0,0.0,0.0,0.0,0.0,0.0,3.466612461096014e-298,0.0,0.0,0.0,0.0,0.0,0.0,0.005264066169000942,0.0,0.0,0.0,0.0,0.0,0.0,0.0,0.0,0.0,0.0,0.0,4.674516770067106e-82,0.0,0.0,0.0,0.0,5.219970904434108e-71,0.0,0.0,0.0,0.0,0.0,0.0,0.0,0.0,0.0,0.0,0.0,0.0,0.0,0.0,0.0,0.0,0.0,0.0,0.0,0.0,0.0,0.0,0.0,0.0,0.0,0.0,0.0
0.0,0.0,0.0,0.0,0.0,0.0,0.0,0.0,0.006116596764592759,0.0,0.0,0.0,0.0,0.0,0.0,0.0,0.018349790293778277,0.0,0.0,0.0,0.0,0.0,0.0,3.0143587495985265e-88,0.014272059117383103,0.0,0.0,0.0,0.0,0.0,0.0,0.0,0.008155462352790344,0.0,0.0,0.0,0.0,0.0,0.0,1.2087193212642461e-102,0.034660714999358966,0.0,0.0,0.0,0.0,0.0,0.0,2.0790242451359796e-127,0.010194327940987931,0.0,0.0,0.0,0.0,0.0,0.0,0.0,0.024386639332394863,0.0,0.0,0.0,0.0,0.0,0.0,5.436625860532505e-62,0.014272059117383103,0.0,0.0,0.0,0.0,0.0,0.0,2.8986184133083974e-93,0.24452018816436535,5.0023905058941576e-155,0.0,0.0,0.0,0.0,0.0,2.5971399411506464e-106,0.11825420411546,1.0564301852219366e-133,0.0,0.0,0.0,0.0,0.0,3.2681764021224377e-81,0.046893908528544484,1.1887617589905742e-136,0.0,0.0,0.0,0.0,0.0,4.1176747578344066e-109,0.044855042940346895,4.691384764046862e-76,0.0,0.0,0.0,0.0,0.0,2.841501380566273e-90,0.05181068973566942,2.5860529599471116e-204,0.0,0.0,0.0,0.0,0.0,6.162778864979054e-137,0.03217611646131748,2.0014824475341896e-143,0.0,0.0,0.0,0.0,0.0,1.912022303267118e-193,0.041892205762333795,2.1256878073373344e-254,0.0,0.0,0.0,0.0,0.0,8.096377705249033e-150,0.040722913583763884,0.0,0.0,0.0,0.0,0.0,0.0,5.2209551071999765e-127,0.12276965004279529,8.97220849910594e-196,0.0,0.0,0.0,0.0,0.0,2.697557429170675e-109,0.050892962365567423,0.0,0.0,0.0,0.0,0.0,0.0,1.7625786476358983e-159,0.03922939419717895,0.0,0.0,0.0,0.0,0.0,0.0,2.113061083227324e-76,0.0020182617680730036,1.390185480857251e-179,0.0,0.0,0.0,0.0,0.0,2.0666403675855142e-110,0.002452860217148478,1.1695791831880337e-262,0.0,0.0,0.0,0.0,0.0,0.0,0.002304542155027176,0.0,0.0,0.0,0.0,0.0,0.0,1.4688903262939284e-260,0.00814962466466812,1.9292463016825164e-103,0.0,0.0,0.0,0.0,0.0,2.956571953884183e-77,0.0031924995428805796,1.2255424364000313e-241,0.0,0.0,0.0,0.0,0.0,0.0,5.094274573334864e-47,0.0,0.0,0.0,0.0,0.0,0.0,1.8878822868803497e-69,7.094863642273508e-65,0.0,0.0,0.0,0.0,0.0,0.0,3.4357031732751256e-50,0.0020668833552074813,3.977051146822518e-174,0.0,0.0,0.0,0.0,0.0,1.1853262322569365e-34,0.005056263312037996,7.391102312809861e-264,0.0,0.0,0.0,0.0,0.0,0.0,2.8764910879466543e-33,0.0,0.0,0.0,0.0,0.0,0.0,3.5686365050081836e-66,8.029979792322584e-120,0.0,0.0,0.0,0.0,0.0,0.0,4.9386472876090406e-200,0.001808565785920469,2.6016042364246325e-292,0.0,0.0,0.0,0.0,0.0,0.0,0.0023985744966426798,0.0,0.0,0.0,0.0,0.0,0.0,6.211890756566916e-104,4.209949293503404e-37,0.0,0.0,0.0,0.0,0.0,0.0,4.2354927919559623e-57,2.8420723154792826e-44,0.0,0.0,0.0,0.0,0.0,0.0,0.0,1.1760793561621801e-8,0.0,0.0,0.0,0.0,0.0,0.0,1.4442162055395634e-54,4.1426454479353373e-72,0.0,0.0,0.0,0.0,0.0,0.0,0.0,7.080300346498188e-73,0.0,0.0,0.0,0.0,0.0,0.0,0.0,1.7079992759447608e-58,0.0,0.0,0.0,0.0,0.0,0.0,8.479458275820358e-280,1.3321045995044943e-13,0.0,0.0,0.0,0.0,0.0,0.0,0.0,4.206610865725203e-199,0.0,0.0,0.0,0.0,0.0,0.0,7.903325740942946e-51,8.621524582224984e-21,4.559543090458925e-304,0.0,0.0,0.0,0.0,0.0,0.0,5.74983541278294e-191,0.0,0.0,0.0,0.0,0.0,0.0,0.0,2.0958431150788972e-36,0.0,0.0,0.0,0.0,0.0,0.0,0.0,1.3542528686024356e-36,0.0,0.0,0.0,0.0,0.0,0.0,0.0,3.842194390455119e-72,0.0,0.0,0.0,0.0,0.0,0.0,8.198037916541466e-217,0.0,0.0,0.0,0.0,0.0,0.0,8.330119654765696e-64,0.0,0.0,0.0,0.0,0.0,0.0,0.0,1.5192351566315538e-52,1.2427634776873196e-87,0.0,0.0,0.0,0.0,0.0,0.0,0.002038140248835862,0.0,0.0,0.0,0.0,0.0,0.0,0.0,0.0,0.0,0.0,0.0,0.0,0.0,4.8835837969291267e-8,4.3219539676226156e-66,0.0,0.0,0.0,0.0,0.0,0.0,0.0,0.002042068243870546,0.0,0.0,0.0,0.0,0.0,0.0,0.0,2.366327497205216e-199,0.0,0.0,0.0,0.0,0.0,0.0,5.315016987804618e-95,0.0,0.0,0.0,0.0,0.0,0.0,0.0,7.864208537842288e-6,0.0,0.0,0.0,0.0,0.0,0.0,0.0,1.88390205533726e-111,0.0,0.0,0.0,0.0,0.0,0.0,3.2918152467420625e-125,0.0,0.0,0.0,0.0,0.0,0.0,0.0,6.519981765495313e-105,0.0,0.0,0.0,0.0,0.0,0.0,3.429676543890406e-21,8.729502686580514e-121,0.0,0.0,0.0,0.0,0.0,0.0,1.750730601227128e-13,0.0,0.0,0.0,0.0,0.0,0.0,0.0,5.057135007017655e-268,0.0,0.0,0.0,0.0,0.0,0.0,0.0,1.0228992851193745e-222,0.0,0.0,0.0,0.0,0.0,0.0,0.0,0.0,0.0,0.0,0.0,0.0,0.0,0.0,0.0,0.0,0.0,0.0,0.0,5.5597984310156284e-186,0.0,0.0,0.0,0.0,0.0,0.0,0.0,0.002038865588197586,0.0,0.0,0.0,0.0,0.0,0.0,2.919810803888209e-50,0.0,0.0,0.0,0.0,0.0,0.0,5.9364599687800166e-127,0.0,0.0,0.0,0.0,0.0,0.0,5.821211087839152e-51,0.0,0.0,0.0,0.0,0.0,0.0,0.0,7.019061735836833e-196,0.0,0.0,0.0,0.0,0.0,1.0504078992174337e-305,1.1712266717569311e-125,0.0,0.0,0.0,0.0,0.0,0.0,0.0,1.554678995341251e-178,0.0,0.0,0.0,0.0,0.0,0.0,5.343549434595441e-47,0.0,0.0,0.0,0.0,0.0,6.013111468303467e-169,1.7794125544724847e-17,0.0,0.0,0.0,0.0,5.239226816817059e-200,1.6808457245503148e-104,0.0,0.0,0.0,0.0,0.0,0.0,0.0,0.0,0.0,0.0,0.0,0.0,1.0395104978481487e-120,0.0,0.0,0.0,0.0,0.0,0.0,0.0,0.0,0.0,0.0,0.0,0.0,8.140229867479976e-249,0.0,0.0,0.0,0.0,0.0,0.0,0.0,0.0,0.0,0.0,0.0,1.000617766036208e-153,0.0,0.0,0.0,0.0,0.0,0.0,0.0,0.0,0.0,0.0,0.0,0.0,0.0,0.0,0.0,0.0,0.0,0.0,0.0,0.0,0.0,0.0,0.0,0.0,0.0,0.0,0.0,0.0,0.0,0.0
0.0,0.0,0.0,0.0,0.0,0.0,0.0,0.0,0.0,0.0,0.0,0.0,0.0,7.348311669187955e-189,1.7099447066666384e-256,0.0,0.0,0.0,0.0,0.0,3.4303443118856988e-115,2.3287919459563454e-139,5.224271450960371e-244,0.0,0.0,0.0,0.0,0.0,0.0,5.871024291687913e-94,1.2426e-320,0.0,0.0,0.0,0.0,0.0,0.0,0.0,1.5470720544944536e-292,0.0,0.0,0.0,0.0,0.0,0.0,9.398939240155876e-63,2.8498634751240126e-247,0.0,0.0,0.0,0.0,0.0,6.093215858835224e-48,5.30758668574689e-188,1.937084128283312e-253,0.0,0.0,0.0,0.0,0.0,0.0,1.916157320667227e-108,2.9360628657596533e-108,0.0,0.0,0.0,0.0,0.0,1.1570924464137106e-102,0.208861000635498,1.870580793368542e-113,0.0,0.0,0.0,0.0,0.0,8.207855313076643e-82,0.5538350618455562,1.7539957717417952e-214,0.0,0.0,0.0,0.0,0.0,8.92760257285018e-34,0.01613083520118987,0.0,0.0,0.0,0.0,0.0,0.0,2.95855544094709e-133,0.0355102617839289,0.0,0.0,0.0,0.0,0.0,0.0,2.155061688769813e-247,0.05347001795794278,2.526916e-317,0.0,0.0,0.0,0.0,0.0,3.512737140209796e-39,0.040001684144447935,1.1189385372250745e-120,0.0,0.0,0.0,0.0,0.0,7.040037996459084e-114,0.02147544184013636,1.547434899104e-312,0.0,0.0,0.0,0.0,0.0,6.523472782293e-312,0.020468022805691603,2.8861352797656557e-172,0.0,0.0,0.0,0.0,0.0,7.907609412253946e-118,0.03098479452623808,2.0746151303629648e-271,0.0,0.0,0.0,0.0,0.0,5.508465383111562e-147,0.009732413048259617,0.0,0.0,0.0,0.0,0.0,0.0,0.0,4.992301775591759e-36,3.0454257843013137e-228,0.0,0.0,0.0,0.0,0.0,0.0,1.0301894647687053e-74,0.0,0.0,0.0,0.0,0.0,0.0,0.0,7.683466556643057e-33,0.0,0.0,0.0,0.0,0.0,0.0,0.0,0.004139851487242118,0.0,0.0,0.0,0.0,0.0,0.0,0.0,6.5547706820013925e-59,2.6019116143801052e-294,0.0,0.0,0.0,0.0,0.0,0.0,1.4134013499836833e-169,0.0,0.0,0.0,0.0,0.0,0.0,1.7530700889335908e-217,9.260708980665474e-80,0.0,0.0,0.0,0.0,0.0,0.0,3.3663912751033205e-75,1.0560060765693069e-151,0.0,0.0,0.0,0.0,0.0,0.0,0.0,0.0028744900159191336,1.221213687195e-312,0.0,0.0,0.0,0.0,0.0,0.0,3.1020341684604077e-273,2.2064149000787816e-281,0.0,0.0,0.0,0.0,0.0,0.0,1.1608890786656347e-53,0.0,0.0,0.0,0.0,0.0,0.0,0.0,9.959135005347847e-126,4.444253799015317e-288,0.0,0.0,0.0,0.0,0.0,0.0,1.186668712475585e-50,7.3068442864993e-311,0.0,0.0,0.0,0.0,0.0,0.0,1.7341606170692256e-307,0.0,0.0,0.0,0.0,0.0,0.0,0.0,9.244703302078199e-12,0.0,0.0,0.0,0.0,0.0,0.0,0.0,4.582400314886682e-78,0.0,0.0,0.0,0.0,0.0,0.0,0.0,2.653e-319,0.0,0.0,0.0,0.0,0.0,0.0,0.0,9.336185545561016e-77,0.0,0.0,0.0,0.0,0.0,0.0,0.0,9.148560851051992e-232,0.0,0.0,0.0,0.0,0.0,0.0,0.0,2.4005612851420266e-27,0.0,0.0,0.0,0.0,0.0,0.0,0.0,6.6332815933e-314,0.0,0.0,0.0,0.0,0.0,0.0,0.0,1.4390064919154058e-231,0.0,0.0,0.0,0.0,0.0,0.0,0.0,2.649396183394222e-301,0.0,0.0,0.0,0.0,0.0,0.0,0.0,3.99619891212448e-213,0.0,0.0,0.0,0.0,0.0,0.0,0.0,0.0,0.0,0.0,0.0,0.0,0.0,0.0,0.0,5.354051551176668e-88,0.0,0.0,0.0,0.0,0.0,0.0,0.0,3.73047192967342e-179,0.0,0.0,0.0,0.0,0.0,0.0,2.2727862207833368e-96,0.0,0.0,0.0,0.0,0.0,0.0,0.0,0.0,0.0,0.0,0.0,0.0,0.0,0.0,0.0,0.0,0.0,0.0,0.0,0.0,0.0,0.0,0.0,1.180632410559879e-287,0.0,0.0,0.0,0.0,0.0,0.0,1.1239332173059954e-223,0.0,0.0,0.0,0.0,0.0,0.0,0.0,0.0,0.0,0.0,0.0,0.0,0.0,0.0,1.6467413970665564e-18,0.0,0.0,0.0,0.0,0.0,0.0,0.0,2.1288808729609708e-307,0.0,0.0,0.0,0.0,0.0,0.0,1.0400787604923113e-184,0.0,0.0,0.0,0.0,0.0,0.0,0.0,2.2193732945186672e-294,0.0,0.0,0.0,0.0,0.0,0.0,0.0,0.0,0.0,0.0,0.0,0.0,0.0,0.0,0.0,0.0,0.0,0.0,0.0,0.0,0.0,0.0,5.646383394108513e-191,0.0,0.0,0.0,0.0,0.0,0.0,0.0,5.487999533572979e-32,1.3023473658274608e-213,0.0,0.0,0.0,0.0,0.0,1.9964147145733948e-19,0.0,0.0,0.0,0.0,0.0,0.0,0.0,2.293905162548666e-258,0.0,0.0,0.0,0.0,0.0,0.0,0.0,3.3025943694316986e-234,0.0,0.0,0.0,0.0,0.0,1.4705028761233879e-205,0.0,0.0,0.0,0.0,0.0,0.0,0.0,0.0,0.0,0.0,0.0,0.0,0.0,3.3809790483100956e-87,0.0,0.0,0.0,0.0,0.0,0.0,0.0,0.0,0.0,0.0,0.0,0.0,0.0,0.0,0.0,8.941524193408673e-251,0.0,0.0,0.0,0.0,0.0,5.745331635514442e-260,0.0,0.0,0.0,0.0,0.0,0.0,0.0,1.4840520684784762e-251,0.0,0.0,0.0,0.0,0.0,0.0,7.129257208166199e-54,0.0,0.0,0.0,0.0,0.0,0.0,2.4803795230779707e-21,0.0,0.0,0.0,0.0,0.0,0.0,0.0,1.7350021032101975e-45,0.0,0.0,0.0,0.0,0.0,0.0025161246987046885,6.138974843353862e-199,0.0,0.0,0.0,0.0,0.0,0.0,0.0,0.0,0.0,0.0,0.0,0.0,3.8484770599883024e-265,0.0,0.0,0.0,0.0,0.0,3.0335958248144393e-201,0.0,0.0,0.0,0.0,0.0,0.0,0.0,0.0,0.0,0.0,0.0,0.0,1.188168156093206e-110,0.0,0.0,0.0,0.0,0.0,0.0,2.0401213511551088e-270,0.0,0.0,0.0,0.0,0.0,0.0,1.2844924084852343e-226,0.0,0.0,0.0,0.0,0.0,0.0,0.0,0.0,0.0,0.0,3.308060223818176e-57,0.0,0.0,0.0,0.0,3.554782869442451e-97,0.0,0.0,0.0,0.0,0.0,0.0,0.0,0.0,0.0,0.0,0.0,0.0,0.0,0.0,0.0,0.0,0.0,0.0,0.0,0.0,0.0,0.0
0.0,0.0,0.0,0.0,0.0,0.0,3.6656580377033266e-171,0.0,0.0,0.0,0.0,0.0,0.0,1.9887605e-317,0.04488278613395932,4.675724927313359e-124,0.0,0.0,0.0,0.0,0.0,8.035644844861977e-114,0.020577205482691208,2.9481575093906767e-244,0.0,0.0,0.0,0.0,0.0,0.0,7.982927896288211e-39,7.60267847975699e-189,0.0,0.0,0.0,0.0,0.0,0.0,1.2446714210336321e-72,2.432503789990883e-128,0.0,0.0,0.0,0.0,0.0,0.0034290875600280564,0.013550836799770245,8.484332203355382e-100,0.0,0.0,0.0,0.0,9.124821835754863e-110,9.377650870039974e-280,8.58372819479608e-7,0.0,0.0,0.0,0.0,0.0,0.0,3.127962845319428e-247,0.04030695996512122,0.0,0.0,0.0,0.0,0.0,1.6446019102463913e-186,0.0026901987885271086,0.35011338997350194,6.015315125628459e-117,0.0,0.0,0.0,0.0,5.411443331308358e-154,1.0038372342137717e-91,1.2613784129076335e-55,1.0476077491816522e-285,0.0,0.0,0.0,0.0,3.032511383787842e-187,4.919867501269781e-50,1.3252241024992047e-20,1.2672838488862685e-145,0.0,0.0,0.0,0.0,0.0,8.099480274538177e-24,4.4127678260614136e-70,2.6358189184875396e-286,0.0,0.0,0.0,0.0,0.0,6.018144261117459e-7,3.563304642436132e-85,0.0,0.0,0.0,0.0,0.0,9.334002653366008e-226,4.474608156125606e-6,5.4155137176684415e-170,0.0,0.0,0.0,0.0,0.0,0.0,1.6339914059635252e-31,6.450217610319989e-172,0.0,0.0,0.0,0.0,0.0,0.0,4.6608764345911613e-23,0.003322062963182643,0.0,0.0,0.0,0.0,0.0,2.9291454634832963e-109,0.027793047830003248,1.866518757782371e-91,6.144251507625043e-298,0.0,0.0,0.0,0.0,7.003073708678802e-116,0.4478213088533341,6.488261340703225e-146,0.0,0.0,0.0,0.0,0.0,7.278001575300027e-188,0.017712898543167408,3.687330163288859e-192,0.0,0.0,0.0,0.0,0.0,0.0,0.006902934758175274,1.2252176408206683e-226,0.0,0.0,0.0,0.0,0.0,0.0,5.559478419576049e-200,7.526077841046296e-191,0.0,0.0,0.0,0.0,0.0,0.0,2.2595406971056195e-8,8.07853403981946e-238,0.0,0.0,0.0,0.0,0.0,0.0,2.6670675814381937e-114,7.458655557781743e-213,0.0,0.0,0.0,0.0,0.0,0.0,5.732507514234078e-152,1.5991845070297542e-180,0.0,0.0,0.0,0.0,0.0,1.8997512302961987e-161,5.971294266981264e-194,1.307345002395212e-213,0.0,0.0,0.0,0.0,0.0,8.196293676516983e-308,2.0947009621070297e-33,2.635993216456307e-89,0.0,0.0,0.0,0.0,0.0,0.0,9.457397108543027e-138,4.84306723466234e-185,0.0,0.0,0.0,0.0,0.0,0.0,1.7196643454583846e-219,3.788645212329025e-114,0.0,0.0,0.0,0.0,0.0,0.0,1.465205752014516e-132,3.682841352960806e-208,0.0,0.0,0.0,0.0,0.0,0.0,0.007195052971740806,4.3646768125555514e-191,0.0,0.0,0.0,0.0,0.0,0.0,4.619331248319337e-47,5.417555877886615e-122,0.0,0.0,0.0,0.0,0.0,0.0,2.1896939061957587e-286,3.720626127225595e-218,0.0,0.0,0.0,0.0,0.0,0.0,2.9038831895967195e-181,8.585724154732985e-309,0.0,0.0,0.0,0.0,0.0,0.0,2.8346656786569403e-84,2.4123513354926964e-186,0.0,0.0,0.0,0.0,0.0,0.0,2.4006182377333488e-269,4.23209581301628e-299,0.0,0.0,0.0,0.0,0.0,0.0,4.182918476998968e-223,1.789227820676974e-284,0.0,0.0,0.0,0.0,0.0,0.0,0.0,0.0,0.0,0.0,0.0,0.0,0.0,0.0,2.0530059833806457e-17,0.0,0.0,0.0,0.0,0.0,0.0,0.0,0.0,2.0029779954379048e-251,0.0,0.0,0.0,0.0,0.0,0.0,1.4333530587970615e-296,3.1425311971997704e-174,0.0,0.0,0.0,0.0,0.0,0.0,0.0,0.0,0.0,0.0,0.0,0.0,0.0,0.0,4.97303728242945e-236,0.0,0.0,0.0,0.0,0.0,0.0,0.0,0.0,0.0,0.0,0.0,0.0,0.0,0.0,0.0,2.2868994003203652e-201,4.846323458214324e-243,0.0,0.0,0.0,0.0,0.0,0.0,7.158976339430443e-285,0.0,0.0,0.0,0.0,0.0,0.0,1.2233951612699046e-116,1.3079876981143214e-205,0.0,0.0,0.0,0.0,0.0,0.0,2.0861993789914342e-298,0.0,0.0,0.0,0.0,0.0,0.0,0.0,3.7495703482014305e-222,0.0,0.0,0.0,0.0,0.0,0.0,0.0,2.6611376795147636e-194,0.0,0.0,0.0,0.0,0.0,0.0,1.3773313291820578e-129,0.0,0.0,0.0,0.0,0.0,0.0,7.217714247314444e-288,3.106613220476959e-200,0.0,0.0,0.0,0.0,0.0,0.0,0.003437839323225053,0.0,0.0,0.0,0.0,0.0,0.0,0.0,1.3984656608354755e-152,4.799985483236524e-199,0.0,0.0,0.0,0.0,0.0,0.0,0.0,0.0,0.0,0.0,0.0,0.0,0.0,0.0,0.0,0.0,0.0,0.0,0.0,0.0,0.0,0.0,0.0,0.0,0.0,0.0,0.0,0.0,0.0,0.0,0.0,0.0,0.0,0.0,0.0,0.0,0.0,2.3568110004035067e-212,0.0,0.0,0.0,0.0,0.0,0.0,0.0033414891440639786,0.0,0.0,0.0,0.0,0.0,0.0,1.7556362715193693e-196,8.700747305947569e-254,0.0,0.0,0.0,0.0,0.0,0.0,0.0,0.0,0.0,0.0,0.0,0.0,0.0,0.0,0.0,0.0,0.0,0.0,0.0,0.0,0.0,0.0,0.0,0.0,0.0,0.0,0.0,0.0,2.2105520312257264e-213,0.0,0.0,0.0,0.0,0.0,7.538745741015085e-41,0.0,0.0,0.0,0.0,0.0,0.0,0.0,0.0,0.0,0.0,0.0,0.0,0.0,0.0,0.0,0.0,0.0,0.0,0.0,0.0,0.0,0.0,0.0,0.0,0.0,0.0,0.0,0.0,0.0,2.0642124901001398e-156,0.0,0.0,0.0,0.0,0.0,0.0,2.6468325887992642e-216,0.0,0.0,0.0,0.0,0.0,0.0,4.5439173331258876e-197,0.0,0.0,0.0,0.0,0.0,0.0,0.0,6.240994680691669e-186,0.0,0.0,0.0,0.0,0.0,1.588045967832457e-179,5.56e-321,0.0,0.0,0.0,0.0,0.0,0.0,4.10730880781427e-249,0.0,0.0,0.0,0.0,0.0,0.0,0.0,0.0,0.0,0.0,0.0,1.3806361544068394e-286,0.0,0.0,0.0,0.0,0.0,0.0,0.0,1.8550855624527338e-204,0.0,0.0,0.0,0.0,1.8559150509819524e-262,0.0,0.0,0.0,0.0,0.0,0.0,4.617474950419087e-224,1.2386526748670182e-237,0.0,0.0,0.0,0.0,0.0,0.0034873503110010714,0.0,0.0,0.0,0.0,0.0,0.0,0.0,0.0,0.0,0.0,1.0734103681567202e-234,0.0,0.0,0.0,0.0,0.003429593207698713,0.0,0.0,0.0,0.0,0.0,0.0,0.0,0.0,0.0,0.0,0.0,0.0,0.0,0.0,0.0,0.0,0.0,0.0,0.0,0.0,0.0,0.0
0.0,0.0,0.0,0.0,0.0,0.0,0.0,6.676223095292555e-278,0.0,0.0,0.0,0.0,0.0,0.0,0.0,3.67714e-318,0.0,0.0,0.0,0.0,0.0,0.0,0.0,6.483051200181557e-181,0.0,0.0,0.0,0.0,0.0,0.0,0.0,1.9447007966453412e-104,0.0,0.0,0.0,0.0,0.0,0.0,0.0,8.954271536249072e-89,0.0,0.0,0.0,0.0,0.0,0.0,0.0,0.009150283765266802,3.840928299769219e-241,0.0,0.0,0.0,0.0,0.0,0.0,6.695577682374397e-205,0.0,0.0,0.0,0.0,0.0,0.0,0.0,8.798213029412354e-111,0.0,0.0,0.0,0.0,0.0,0.0,0.0,3.1580447236250325e-182,0.0,0.0,0.0,0.0,0.0,0.0,0.0,6.582686134607358e-39,7.557452969807942e-178,0.0,0.0,0.0,0.0,0.0,1.3214143450341503e-115,1.7226858681137942e-69,0.0,0.0,0.0,0.0,0.0,0.0,2.7048645467336688e-52,0.016260894932416455,0.0,0.0,0.0,0.0,0.0,0.0,9.719862006273108e-114,0.029784362312718946,0.0,0.0,0.0,0.0,0.0,0.0,3.347926563176173e-190,0.038240636281727206,0.0,0.0,0.0,0.0,0.0,0.0,0.0,0.01649718732904656,0.0,0.0,0.0,0.0,0.0,0.0,1.877246084556035e-72,5.689822174549035e-73,8.695082867731991e-269,0.0,0.0,0.0,0.0,0.0,3.876387223542932e-71,0.027918300360182165,0.0,0.0,0.0,0.0,0.0,0.0,1.0508312332761651e-104,0.00025471878451796786,0.0,0.0,0.0,0.0,0.0,0.0,9.760678139888558e-193,0.0798626345467985,4.087400916817074e-294,0.0,0.0,0.0,0.0,0.0,2.1107932267731364e-81,0.07395803195706217,2.6258430830674485e-155,0.0,0.0,0.0,0.0,0.0,2.5945529894873963e-66,0.10318414994861713,9.329544893259336e-231,0.0,0.0,0.0,0.0,0.0,5.511227592651936e-108,0.12737872338088238,5.411203400407454e-270,0.0,0.0,0.0,0.0,0.0,5.418778150343058e-94,0.06389364993667984,5.0281010439526615e-220,0.0,0.0,0.0,0.0,0.0,0.0,0.012920770162754678,0.0,0.0,0.0,0.0,0.0,0.0,0.0,0.08643556229417018,1.2098866246633271e-178,0.0,0.0,0.0,0.0,0.0,0.0,0.01853000699422688,0.0,0.0,0.0,0.0,0.0,0.0,2.5814215469614493e-35,0.025982000326500776,0.0,0.0,0.0,0.0,0.0,0.0,0.0,0.017161880463203282,5.44272584913978e-137,0.0,0.0,0.0,0.0,0.0,0.0,0.03300276402736324,0.0,0.0,0.0,0.0,0.0,0.0,3.8849704559565103e-256,0.034278267816162875,0.0,0.0,0.0,0.0,0.0,0.0,0.0,0.01560685738817543,2.9526252694473297e-159,0.0,0.0,0.0,0.0,0.0,0.0,0.01139613964002892,7.767989787939951e-180,0.0,0.0,0.0,0.0,0.0,0.0,9.181096806929033e-25,2.6789520486782514e-139,0.0,0.0,0.0,0.0,0.0,0.0,0.00653851690754317,0.0,0.0,0.0,0.0,0.0,0.0,0.0,1.2280463089261614e-27,0.0,0.0,0.0,0.0,0.0,0.0,0.0,4.958790140343513e-26,0.0,0.0,0.0,0.0,0.0,0.0,0.0,0.004671763302511182,0.0,0.0,0.0,0.0,0.0,0.0,5.117526561044422e-237,1.0702330597794406e-76,1.6071707005012394e-273,0.0,0.0,0.0,0.0,0.0,0.0,1.594650245445389e-99,1.23660425091e-312,0.0,0.0,0.0,0.0,0.0,0.0,1.4484690364392286e-10,0.0,0.0,0.0,0.0,0.0,0.0,0.0,3.936491725135361e-19,0.0,0.0,0.0,0.0,0.0,0.0,0.0,2.2751618754121576e-37,0.0,0.0,0.0,0.0,0.0,0.0,0.0,5.423764817286256e-114,0.0,0.0,0.0,0.0,0.0,0.0,0.0,0.013647720362237397,0.0,0.0,0.0,0.0,0.0,0.0,0.0,5.0328388128049466e-51,0.0,0.0,0.0,0.0,0.0,0.0,6.272296054753699e-50,0.0,0.0,0.0,0.0,0.0,0.0,1.9920757019909105e-19,0.0,0.0,0.0,0.0,0.0,0.0,0.0,2.3126136753321586e-162,0.0,0.0,0.0,0.0,0.0,0.0,0.0,0.0045498748334428735,0.0,0.0,0.0,0.0,0.0,0.0,0.0,0.0,0.0,0.0,0.0,0.0,0.0,0.0,0.013462946736309371,0.0,0.0,0.0,0.0,0.0,0.0,0.0,7.809656528852745e-269,0.0,0.0,0.0,0.0,0.0,0.0,0.0,0.009098480241491598,0.0,0.0,0.0,0.0,0.0,0.0,4.407458451791924e-22,0.0,0.0,0.0,0.0,0.0,0.0,2.2935686289840972e-101,0.0,0.0,0.0,0.0,0.0,0.0,0.0,0.0,3.587754395485117e-133,9.721224469043562e-305,0.0,0.0,0.0,0.0,0.0,2.2255327981133384e-11,0.0,0.0,0.0,0.0,0.0,0.0,8.029193496334827e-106,2.5456179904286904e-100,1.0134919841164533e-236,0.0,0.0,0.0,0.0,0.0,0.0,0.01386135852037743,0.0,0.0,0.0,0.0,0.0,0.0,1.0046877887801895e-89,0.0,0.0,0.0,0.0,0.0,0.0,0.0,0.013647720362237397,0.0,0.0,0.0,0.0,0.0,0.0,0.0,0.015179866070600163,0.0,0.0,0.0,0.0,0.0,0.009098480241491598,0.0,0.0,0.0,0.0,0.0,0.0,1.769551667182977e-75,0.0,0.0,0.0,0.0,0.0,0.0,2.757817913061623e-111,0.0,0.0,0.0,0.0,0.0,0.0,0.0,0.0,0.0,0.0,0.0,0.0,0.0,4.896651853155855e-28,0.02188919219752456,0.0,0.0,0.0,0.0,0.0,0.0,2.0417172540034e-139,0.0,0.0,0.0,0.0,0.0,0.0,5.216747153049535e-149,0.0,0.0,0.0,0.0,0.0,0.0,0.0,0.00971385503651075,0.0,0.0,0.0,0.0,0.0,0.004549240120745799,1.5421960419926132e-294,0.0,0.0,0.0,0.0,0.0,0.0,0.0,0.013647720362237398,0.0,0.0,0.0,0.0,0.0,2.058436836454004e-176,0.0,0.0,0.0,0.0,0.0,0.0,0.0,1.333647472433089e-224,0.0,0.0,0.0,0.0,0.0,0.004745441889134645,3.363410427394306e-197,0.0,0.0,0.0,0.0,0.0,0.0,0.0,0.0,0.0,0.0,0.0,0.0,0.0,0.0,0.0,0.0,0.0,0.0,7.548403469937157e-79,0.0,0.0,0.0,0.0,0.0,0.0,0.0,0.0,0.0,0.0,0.0,0.0,0.0,0.0,0.0,0.0,0.0,0.0,0.0,0.0,0.0,0.0,0.0,0.0,0.0,0.0,0.0,0.0,0.0,0.0,0.0,0.0,0.0,0.0,0.0,0.0,0.0,0.0,0.0,0.0,0.0,0.0,0.0,0.0,0.0,0.0,0.0,0.0,0.0
0.0,0.0,0.0,0.0,0.0,0.0,0.0,0.0,0.0,0.0,0.0,0.0,0.0,0.0,0.0,0.0,0.0,0.0,0.0,0.0,0.0,0.0,0.0,0.0,0.0,0.0,0.0,0.0,0.0,0.0,0.0,0.0,0.0,0.0,0.0,0.0,0.0,0.0,0.0,0.0,0.0,0.0,0.0,0.0,0.0,0.0,0.0,0.0,0.0,0.0,0.0,0.0,0.0,0.0,0.0,0.0,0.0,0.0,0.0,0.0,0.0,0.0,0.0,0.0,0.0,0.0,0.0,0.0,0.0,0.0,0.0,0.0,0.0,0.0,0.0,0.0,0.0,0.0,0.0,0.0,0.0,0.0,0.0,0.0,0.0,0.0,0.0,0.0,0.0,0.0,0.0,0.0,0.0,0.0,0.0,0.0,0.0,0.0,0.0,0.0,0.0,0.0,0.0,0.0,0.0,0.0,0.0,0.0,0.0,0.0,0.0,0.0,0.0,0.0,0.0,0.0,0.0,0.0,0.0,9.805380784779606e-137,0.0,0.0,0.0,0.0,0.0,0.0,0.0,0.0,0.0,0.0,0.0,0.0,0.0,0.0,0.0,0.0,0.0,0.0,0.0,0.0,0.0,0.0,0.0,0.0,0.0,0.0,0.0,0.0,0.0,0.0,0.0,0.0,0.0,0.0,0.0,0.0,0.0,0.0,0.0,0.0,0.0,3.14852706844606e-222,0.0,0.0,0.0,0.0,0.0,0.0,0.0,6.613446892068948e-143,0.0,0.0,0.0,0.0,0.0,0.0,0.0,0.0,0.0,0.0,0.0,0.0,0.0,0.0,0.04902146356297314,1.6461916907783632e-134,0.0,0.0,0.0,0.0,0.0,0.0,0.0,0.0,0.0,0.0,0.0,0.0,0.0,0.0,0.0,5.782371071747433e-71,0.0,0.0,0.0,0.0,0.0,0.0,0.0,0.0,0.0,0.0,0.0,0.0,0.0,0.0,0.0,5.5153354593458683e-132,0.0,0.0,0.0,0.0,0.0,0.0,0.0,9.336092304492168e-127,0.0,0.0,0.0,0.0,0.0,0.0,0.0,2.943877910735776e-40,0.0,0.0,0.0,0.0,0.0,0.0,0.0,1.3933541166126979e-250,0.0,0.0,0.0,0.0,0.0,0.0,0.0,7.772469350724118e-60,0.0,0.0,0.0,0.0,0.0,0.0,0.0,0.0,0.0,0.0,0.0,0.0,0.0,0.0,0.0,8.717041239142086e-272,0.0,0.0,0.0,0.0,0.0,0.0,0.0,6.867930338723469e-102,0.0,0.0,0.0,0.0,0.0,0.0,0.0,0.0,0.0,0.0,0.0,0.0,0.0,0.0,0.0,5.654540115723238e-45,0.0,0.0,0.0,0.0,0.0,0.0,0.0,3.979768861825094e-143,0.0,0.0,0.0,0.0,0.0,0.0,0.0,5.191145069101353e-102,0.0,0.0,0.0,0.0,0.0,0.0,0.0,0.0,0.0,0.0,0.0,0.0,0.0,0.0,0.0,0.06610656525665279,0.0,0.0,0.0,0.0,0.0,0.0,0.0,9.123954692837553e-64,0.0,0.0,0.0,0.0,0.0,0.0,0.0,0.0,0.0,0.0,0.0,0.0,0.0,0.0,0.0,0.3921715963414213,0.0,0.0,0.0,0.0,0.0,0.0,0.0,6.577479219446355e-92,0.0,0.0,0.0,0.0,0.0,0.0,0.0,1.3535239377591117e-43,0.0,0.0,0.0,0.0,0.0,0.0,0.0,0.0,0.0,0.0,0.0,0.0,0.0,0.051507202773048356,0.0,0.0,0.0,0.0,0.0,0.0,0.0,1.2502276563024654e-304,0.0,0.0,0.0,0.0,0.0,0.0,0.0,0.0,0.0,0.0,0.0,0.0,0.0,0.0,0.0,2.0557879863358742e-106,0.0,0.0,0.0,0.0,0.0,0.0,0.0,0.0,0.0,0.0,0.0,0.0,0.0,0.0,0.0,0.0,0.0,0.0,0.0,0.0,0.0,0.0,1.3261371240084626e-59,0.0,0.0,0.0,0.0,0.0,0.0,0.0,0.0,0.0,0.0,0.0,0.0,0.0,0.0,0.0,0.0,0.0,0.0,0.0,0.0,0.0,0.0,0.0,0.0,0.0,0.0,0.0,0.0,0.0,0.0,0.0,0.0,0.0,0.0,0.0,0.0,0.0,6.869893982640729e-15,0.0,0.0,0.0,0.0,0.0,2.4669411714665917e-33,0.0,0.0,0.0,0.0,0.0,0.0,0.0,0.0,0.14706439068805863,0.0,0.0,0.0,0.0,0.0,0.0,0.0,0.0,0.0,0.0,0.0,0.0,0.0,0.0,0.0,1.7892659783419067e-56,0.0,0.0,0.0,0.0,0.0,0.0,0.0,0.0,0.0,0.0,0.0,0.0,0.0,0.0,0.0,0.0,0.0,0.09804292712594628,0.0,0.0,0.0,0.0,0.0,0.0,0.0,0.0,0.0,0.0,0.0,0.0,0.0,0.0,6.908965827992117e-187,0.0,0.0,0.0,0.0,0.0,0.0,0.0,0.0,0.0,0.0,0.0,0.0,0.0,0.0,0.0,0.0,0.0,0.0,0.0,0.0,0.0,0.0,0.0,0.04902146356297314,0.0,0.0,0.0,0.0,0.0,0.0,0.14706439068891944,0.0,0.0,0.0,0.0,0.0,0.0,0.0,0.0,0.0,0.0,0.0,0.0,0.0,0.0,0.0,0.0,0.0,0.0,0.0,0.0,0.0,0.0,0.0,0.0,0.0,0.0,0.0,0.0,0.0,0.0,0.0,0.0,0.0,0.0,0.0,0.0,0.0,0.0,0.0,0.0,0.0,0.0,0.0,0.0,0.0,0.0,0.0,0.0,0.0,0.0,0.0,0.0,0.0,0.0,0.0,0.0,0.0,0.0,0.0,0.0,0.0,0.0,0.0,0.0,0.0,0.0,0.0,0.0,0.0,0.0,0.0,0.0,0.0,0.0,0.0,0.0,0.0,0.0,0.0,0.0,0.0,0.0,0.0,0.0,0.0,0.0,0.0,0.0,0.0,0.0,0.0,0.0,0.0,0.0,0.0
0.0,0.0,0.0,0.0,0.0,0.0,0.0,0.0,0.0,0.0,1.0042937359201655e-135,0.0,0.0,0.0,0.0,0.0,0.0,0.0,3.802673754318207e-123,2.2098960620919542e-86,0.0,0.0,0.0,0.0,0.0,0.0,6.704565320499832e-79,0.0,0.0,0.0,0.0,0.0,0.0,0.0,6.198021622992806e-59,0.0,0.0,0.0,0.0,0.0,0.0,0.0,6.101033087025142e-197,0.0,0.0,0.0,0.0,0.0,0.0,0.0,3.738147143822525e-213,0.0,0.0,0.0,0.0,0.0,0.0,0.0,4.967202879833546e-160,2.1652672087537002e-236,0.0,0.0,0.0,0.0,0.0,0.0,2.0683265253336262e-22,0.0,0.0,0.0,0.0,0.0,0.0,1.3615141036914878e-270,1.1603818064434963e-95,3.4231081528953457e-239,0.0,0.0,0.0,0.0,0.0,0.0,3.777862535516039e-83,0.0,0.0,0.0,0.0,0.0,0.0,1.629688685263894e-38,4.4991835992761586e-35,0.0,0.0,0.0,0.0,0.0,0.0,1.8302846459385688e-299,8.481790280765421e-22,0.0,0.0,0.0,0.0,0.0,0.0,3.8107858417824516e-216,0.013613935934369712,5.4780035708708765e-165,0.0,0.0,0.0,0.0,0.0,7.051935429664706e-123,0.007327828614810897,4.359538696317368e-264,0.0,0.0,0.0,0.0,0.0,0.0,0.021896134772698105,0.0,0.0,0.0,0.0,0.0,0.0,9.452111034310164e-53,0.00537191963766529,0.0,0.0,0.0,0.0,0.0,0.0,8.798414472913392e-219,0.03654218095329682,1.5809467755056418e-235,0.0,0.0,0.0,0.0,0.0,1.4136284824150088e-100,0.03348754973255348,8.107361347466828e-268,0.0,0.0,0.0,0.0,0.0,1.804647049992498e-108,0.05153442867972122,0.0,0.0,0.0,0.0,0.0,0.0,4.936158342810172e-62,0.09177201407625135,0.0,0.0,0.0,0.0,0.0,0.0,2.7197398121542243e-66,0.119234312684662,0.0,0.0,0.0,0.0,0.0,0.0,4.230912317382501e-90,0.09247953416556405,0.0,0.0,0.0,0.0,0.0,0.0,5.578560972494898e-88,0.13178347007006636,0.0,0.0,0.0,0.0,0.0,0.0,3.0457491213051926e-60,0.10234272471275378,3.3478710989251294e-252,0.0,0.0,0.0,0.0,0.0,4.781417412271541e-98,0.11817799134471003,0.0,0.0,0.0,0.0,0.0,0.0,3.435028327614676e-144,0.05084916770512322,0.0,0.0,0.0,0.0,0.0,0.0,6.492644562646037e-184,0.05453838535519945,0.0,0.0,0.0,0.0,0.0,0.0,1.2377392297503431e-217,0.017725995132767854,0.0,0.0,0.0,0.0,0.0,0.0,1.883153397198728e-105,0.01769702346385678,0.0,0.0,0.0,0.0,0.0,0.0,4.821198214212363e-140,0.009463416946703244,0.0,0.0,0.0,0.0,0.0,0.0,1.770992617150496e-265,2.2612616040215005e-34,0.0,0.0,0.0,0.0,0.0,0.0,4.424666398184544e-215,9.365897535017478e-25,0.0,0.0,0.0,0.0,0.0,0.0,0.0,2.0424111859347316e-57,0.0,0.0,0.0,0.0,0.0,0.0,0.0,4.39020846860962e-61,0.0,0.0,0.0,0.0,0.0,0.0,0.0,1.2138231727981465e-98,0.0,0.0,0.0,0.0,0.0,0.0,0.0,7.848564092414638e-53,0.0,0.0,0.0,0.0,0.0,0.0,0.0,8.340090748098412e-25,0.0,0.0,0.0,0.0,0.0,0.0,0.0,0.0039096578967863305,0.0,0.0,0.0,0.0,0.0,0.0,0.0,9.7333220933033e-36,0.0,0.0,0.0,0.0,0.0,0.0,0.0,0.0,0.0,0.0,0.0,0.0,0.0,0.0,0.0,7.369139533681863e-107,0.0,0.0,0.0,0.0,0.0,0.0,0.0,0.008740152077108744,0.0,0.0,0.0,0.0,0.0,0.0,0.0,0.0,0.0,0.0,0.0,0.0,0.0,0.0,0.0,0.0,0.0,0.0,0.0,0.0,0.0,0.0,0.0,0.0,0.0,0.0,0.0,0.0,0.0,0.0,1.0171317591745805e-99,0.0,0.0,0.0,0.0,0.0,0.0,0.0,0.0,0.0,0.0,0.0,0.0,0.0,0.0,0.0,0.0,0.0,0.0,0.0,0.0,0.0,0.0,0.0,0.0,0.0,0.0,0.0,0.0,0.0,0.0,0.0,0.0,0.0,0.0,0.0,0.0,0.0,2.4695236485705924e-122,0.0,0.0,0.0,0.0,0.0,0.0,0.0,0.0,0.0,0.0,0.0,0.0,0.0,0.0,0.0,0.0,0.0,0.0,0.0,0.0,0.0,0.0,0.003837708401451017,0.0,0.0,0.0,0.0,0.0,0.0,0.0,0.0,0.0,0.0,0.0,0.0,0.0,0.0,0.0,0.0,0.0,0.0,0.0,0.0,0.0,0.0,3.151177618501247e-69,0.0,0.0,0.0,0.0,0.0,0.0,0.0,0.0,0.0,0.0,0.0,0.0,0.0,0.0,0.0,2.6664880251287685e-120,0.0,0.0,0.0,0.0,0.0,0.0,0.007674467641880193,0.0,0.0,0.0,0.0,0.0,0.0,3.9781180602486667e-194,3.982719341603151e-35,0.0,0.0,0.0,0.0,0.0,0.0,0.0,0.0,0.0,0.0,0.0,0.0,0.0,4.8420786147589157e-76,0.0,0.0,0.0,0.0,0.0,0.0,0.0,0.0,0.0,0.0,0.0,0.0,0.0,0.0,0.0,0.0,0.0,0.0,0.0,0.0,0.0,0.0,0.0,0.0,0.0,0.0,0.0,0.0,0.0,0.0,0.0,0.0,0.0,0.0,0.0,0.0,0.0,0.0,0.0,0.0,0.0,0.0,0.0,0.0,0.0,0.0,0.0,0.0,0.0,0.0,0.0,0.0,0.0,0.0,0.0,0.0,0.0,0.0,0.0,0.0,0.0,0.0,0.0,0.0,0.0,0.0,0.0,0.0,0.0,0.0,0.0,0.0,0.0,0.0,0.0,0.0,0.0,0.0,0.0,0.0,0.0,0.0,0.0,0.0,0.0,0.0,0.0,0.0,0.0,0.0,0.0,0.0,0.0,0.0,0.0,0.0,0.0,0.0,0.0,0.0,0.0,0.0,0.0,0.0,0.0,0.0,0.0,0.0,0.0,0.0,0.0,0.0,0.0,0.0,0.0,0.0,0.0,0.0,0.0,0.0,0.0,0.0,0.0,0.0,0.0,0.0,0.0,0.0,0.0,0.0,0.0,0.0,0.0,0.0,0.0,0.0,0.0,0.0,0.0,0.0,0.0,0.0,0.0,0.0,0.0,0.0,0.0,0.0,0.0,0.0,0.0,0.0
0.0,0.0,0.0,0.0,0.0,0.0,0.0,0.0,0.0,0.0,0.0,0.0,0.0,0.0,1.4534680696295094e-50,0.0,0.0,0.0,0.0,0.0,0.0,0.0,0.0,0.0,0.0,0.0,0.0,0.0,0.0,0.0,1.3325872575377275e-62,0.0,0.0,0.0,0.0,0.0,0.0,0.0,1.7411723853799372e-195,0.0,0.0,0.0,0.0,0.0,0.0,0.0,3.4674100928044385e-179,0.0,0.0,0.0,0.0,0.0,0.0,0.0,8.02107968114263e-219,0.0,0.0,0.0,0.0,0.0,0.0,0.0,1.8067490511694458e-235,0.0,0.0,0.0,0.0,0.0,0.0,0.0,1.3450360539555167e-197,0.0,0.0,0.0,0.0,0.0,0.0,8.833126057736127e-176,1.9685965383837565e-35,0.0,0.0,0.0,0.0,0.0,0.0,8.616041492965174e-196,3.0975923328048754e-79,0.0,0.0,0.0,0.0,0.0,0.0,0.0,1.3112150036531392e-34,0.0,0.0,0.0,0.0,0.0,0.0,0.0,5.947191350168612e-44,0.0,0.0,0.0,0.0,0.0,0.0,3.855400761313567e-264,1.4509256183094244e-48,0.0,0.0,0.0,0.0,0.0,0.0,0.0,0.006530468069184263,0.0,0.0,0.0,0.0,0.0,0.0,0.0,6.362603771160927e-42,0.0,0.0,0.0,0.0,0.0,0.0,0.0,2.8804507126533464e-137,0.0,0.0,0.0,0.0,0.0,0.0,3.6533317997070034e-267,0.01157815833141754,0.0,0.0,0.0,0.0,0.0,0.0,1.046127682932919e-269,0.030479291424109833,0.0,0.0,0.0,0.0,0.0,0.0,0.0,0.000522492987647674,0.0,0.0,0.0,0.0,0.0,0.0,0.0,0.02723728362936875,0.0,0.0,0.0,0.0,0.0,0.0,0.0,0.06159840959518964,0.0,0.0,0.0,0.0,0.0,0.0,0.0,0.03861761571074189,0.0,0.0,0.0,0.0,0.0,0.0,1.4527794146827971e-108,0.04094954771616026,0.0,0.0,0.0,0.0,0.0,0.0,0.0,0.05371234536539535,0.0,0.0,0.0,0.0,0.0,0.0,0.0,0.016633987116794674,0.0,0.0,0.0,0.0,0.0,0.0,0.0,0.041701882931199495,0.0,0.0,0.0,0.0,0.0,0.0,2.22079705134252e-126,0.023899021326095848,0.0,0.0,0.0,0.0,0.0,0.0,0.0,0.032419323867785545,0.0,0.0,0.0,0.0,0.0,0.0,8.198567473942863e-111,0.0161314472424726,0.0,0.0,0.0,0.0,0.0,0.0,0.0,4.504707057527258e-18,0.0,0.0,0.0,0.0,0.0,0.0,3.941365776826479e-42,0.02872453106446709,0.0,0.0,0.0,0.0,0.0,0.0,0.0,7.523771467158884e-24,0.0,0.0,0.0,0.0,0.0,0.0,0.0,1.4526026050122317e-56,0.0,0.0,0.0,0.0,0.0,0.0,0.0,0.03339405609147379,0.0,0.0,0.0,0.0,0.0,0.0,3.3841809902556964e-25,0.011473691500571209,0.0,0.0,0.0,0.0,0.0,0.0,0.0,0.013778159854663671,0.0,0.0,0.0,0.0,0.0,0.0,0.0,0.01247558514517325,0.0,0.0,0.0,0.0,0.0,0.0,0.0,0.032589991045280924,0.0,0.0,0.0,0.0,0.0,0.0,1.943637481421777e-69,0.011245266895964473,0.0,0.0,0.0,0.0,0.0,0.0,0.0,0.047611800920198934,0.0,0.0,0.0,0.0,0.0,0.0,0.0,5.397243618921559e-67,0.0,0.0,0.0,0.0,0.0,0.0,0.0,0.04863553571602321,0.0,0.0,0.0,0.0,0.0,0.0,0.0,1.4573199435030018e-61,0.0,0.0,0.0,0.0,0.0,0.0,0.0,0.016888123558286238,0.0,0.0,0.0,0.0,0.0,0.006085085356568266,0.011858125027341961,0.0,0.0,0.0,0.0,0.0,0.0,0.02173469088006622,0.0,0.0,0.0,0.0,0.0,0.0,0.005433672747265643,3.831326474251156e-187,0.0,0.0,0.0,0.0,0.0,0.0,0.0,0.005996621569680126,0.0,0.0,0.0,0.0,0.0,0.0,0.0,1.452304827169142e-62,0.0,0.0,0.0,0.0,0.0,8.916535094508004e-307,0.006320990077011356,0.0,0.0,0.0,0.0,0.0,0.0,0.0,0.021661180750688885,0.0,0.0,0.0,0.0,0.0,0.0,0.0,0.005438487431588876,0.0,0.0,0.0,0.0,0.0,0.0,3.762245104321075e-90,0.0,0.0,0.0,0.0,0.0,0.0,0.0,0.0,0.0,0.0,0.0,0.0,0.0,0.0,1.4019760405222906e-291,0.0,0.0,0.0,0.0,0.0,0.0,0.0,0.021734690880165858,0.0,0.0,0.0,0.0,0.0,0.0,0.0,4.0698873718351706e-60,0.0,0.0,0.0,0.0,0.0,0.0,0.0,0.027168363627654537,0.0,0.0,0.0,0.0,0.0,0.004976135722409545,0.011582611944681043,0.0,0.0,0.0,0.0,0.0,0.0,0.0,0.005836061275028604,0.0,0.0,0.0,0.0,0.0,0.0,0.0,9.69550920100809e-6,0.0,0.0,0.0,0.0,3.887325143617852e-188,0.04890305448034036,0.0,0.0,0.0,0.0,7.211779523822284e-125,0.0,1.335558752182212e-7,0.0,0.0,0.0,0.0,0.0,0.0,1.1123177785834673e-78,0.0,0.0,0.0,0.0,0.0,0.0,0.0,0.01574921907627709,0.0,0.0,0.0,0.0,0.0054336727200414645,0.0,0.0,0.0,0.0,0.0,0.0,0.0,0.0,1.1483243096651122e-48,0.0,0.0,0.0,0.0,0.0,0.004976135722409544,4.034802086454733e-72,0.0,0.0,0.0,0.0,0.0,0.0,0.0,7.030306234861453e-10,0.0,0.0,0.0,0.0,0.0,0.0,8.93928206496043e-110,0.0,0.0,0.0,0.0,0.0,0.0,2.843040122971987e-72,0.027168362343469903,0.0,0.0,0.0,0.0,0.0,0.0,0.009428002742575528,0.0,0.0,0.0,0.0,0.0,0.0,1.3131929195581263e-78,0.0,0.0,0.0,0.0,0.0,0.006041040740175051,0.0,0.0,0.0,0.0,0.005439926697550142,0.02869864677691101,0.0,0.0,0.0,0.0,0.0,0.0,0.0,0.0,0.0,0.0,0.0,1.112531506375e-311,0.01674570989813317,0.0,0.0,0.0,0.0,0.0,0.0,0.011317991918151495,0.0,0.0,0.0,0.0,3.6679491771848975e-30,0.0,3.2469928670141977e-113,0.0,0.0,0.0,0.0,0.0054336727200414645,0.0,0.0,0.0,0.0,0.0,0.0,0.0,0.0,0.0,0.0,4.6414074762659526e-114,0.0,0.0,0.0,0.0,0.0,0.0,0.0,0.0,0.0,0.0,0.0,0.0,0.0,0.0,0.0,0.0,0.0,0.0,0.0,0.0,0.0
0.0,0.0,0.0,0.0,0.0,0.0,1.9445740686981577e-246,0.0,0.0,0.0,0.0,0.0,0.0,0.0,2.3742642608076906e-163,0.0,0.0,0.0,0.0,0.0,0.0,0.0,0.0,0.0,0.0,0.0,0.0,0.0,0.0,0.0,1.9076218959669309e-72,0.0,0.0,0.0,0.0,0.0,0.0,0.0,0.0,0.0,0.0,0.0,0.0,0.0,0.0,0.0,0.0,0.0,0.0,0.0,0.0,0.0,0.0,0.0,7.999713222849257e-147,0.0,0.0,0.0,0.0,0.0,0.0,0.0,4.025874630050826e-101,0.0,0.0,0.0,0.0,0.0,0.0,0.0,1.5012678680609195e-214,0.0,0.0,0.0,0.0,0.0,0.0,0.0,1.5058577060116649e-108,0.0,0.0,0.0,0.0,0.0,0.0,0.0,3.00138303156624e-101,0.0,0.0,0.0,0.0,0.0,0.0,0.0,4.325085827809213e-127,0.0,0.0,0.0,0.0,0.0,0.0,0.0,2.563735518181275e-45,0.0,0.0,0.0,0.0,0.0,0.0,0.0,2.550065441980458e-140,0.0,0.0,0.0,0.0,0.0,0.0,0.0,1.940751051280099e-153,0.0,0.0,0.0,0.0,0.0,0.0,0.0,3.2505632642548956e-180,0.0,0.0,0.0,0.0,0.0,0.0,0.0,5.938294431566944e-155,0.0,0.0,0.0,0.0,0.0,0.0,0.0,1.9219763816717277e-182,0.0,0.0,0.0,0.0,0.0,0.0,0.0,9.429756844199683e-56,0.0,0.0,0.0,0.0,0.0,0.0,0.0,2.9266237614514997e-199,0.0,0.0,0.0,0.0,0.0,0.0,0.0,0.0001436440609692624,0.0,0.0,0.0,0.0,0.0,0.0,0.0,0.05636235704695731,0.0,0.0,0.0,0.0,0.0,0.0,0.0,5.35735727047371e-52,0.0,0.0,0.0,0.0,0.0,0.0,0.0,1.0837645822093417e-80,0.0,0.0,0.0,0.0,0.0,0.0,0.0,6.404959729520228e-106,0.0,0.0,0.0,0.0,0.0,0.0,0.0,1.6755134261252099e-16,0.0,0.0,0.0,0.0,0.0,0.0,0.0,4.9175351717937914e-26,0.0,0.0,0.0,2.027516622440348e-265,0.0,0.0,0.0,1.1538318098292274e-222,0.0,0.0,0.0,0.0,0.0,0.0,0.0,1.4142063737773499e-133,0.0,0.0,0.0,3.108308456412355e-238,0.0,0.0,0.0,0.057091568050121576,0.0,0.0,0.0,5.165827306e-315,0.0,0.0,0.0,6.665084432563579e-33,0.0,0.0,0.0,3.955181916734223e-112,0.0,0.0,0.0,8.601068394886765e-41,0.0,0.0,0.0,4.7567716823849564e-148,0.0,0.0,0.0,4.6906041805281736e-157,0.0,0.0,0.0,0.0,0.0,0.0,0.0,0.0,0.0,0.0,0.0,5.493457356758336e-267,0.0,0.0,0.0,9.053654110890168e-99,0.0,0.0,0.0,2.858490385996939e-118,0.0,0.0,0.0,1.847379271016304e-28,0.0,0.0,0.0,0.0,0.0,0.0,0.0,2.032558530537287e-17,0.0,0.0,0.0,6.5835996e-317,0.0,0.0,0.0,6.280914341565787e-20,0.0,0.0,0.0,6.713070526352713e-59,0.0,0.0,0.0,4.276079476498269e-66,0.0,0.0,0.0,0.0,0.0,0.0,0.0,7.290416499309576e-77,0.0,0.0,0.0,0.0,0.0,0.0,0.0,5.054968183367337e-50,0.0,0.0,0.0,3.1205070637748833e-232,0.0,0.0,0.0,2.012633901722932e-61,0.0,0.0,0.0,0.0,0.0,0.0,0.0,1.7841111596347763e-8,0.0,0.0,0.0,0.0,0.0,0.0,0.0,0.0,0.0,0.0,0.0,0.0,0.0,0.0,0.0,0.0,0.0,0.0,0.0,0.0,0.0,0.0,2.1769198848094036e-291,0.0,0.0,0.0,0.0,0.0,0.0,1.9045740427161088e-251,0.0,0.0,0.0,0.0,0.0,0.0,0.0,1.8020751824782005e-187,0.0,0.0,3.7845441324953726e-300,0.0,0.0,0.0,0.0,0.0,0.0,0.0,0.0,0.0,0.0,0.0,0.0,0.0658447718406714,0.0,0.0,0.0,0.0,0.0,0.0,5.12206870086639e-178,0.0,0.0,0.0,0.0,0.0,0.0,0.0,0.00044539466699352795,0.0,0.0,0.0,0.0658447718406714,0.0,0.0,0.0,0.0,0.0,0.0,7.735375414275151e-186,4.993984297696105e-51,0.0,0.0,0.0,0.0,0.0,0.0,0.0,0.0,0.0,0.0,0.0,0.0,0.0,0.0,0.0,0.0,0.0,0.0,0.0,0.0,0.0,0.0,2.454015859579652e-168,0.0,0.0,0.0,0.0,0.0,0.0,0.0,0.0,0.0,0.0,3.828736180800779e-76,0.0,0.0,0.0,0.1316895436813428,0.0,0.0,0.0,5.527776508855781e-111,0.0,0.0,0.0,2.1393741250852615e-19,0.0,0.0,2.318971169166532e-279,0.0,0.0,0.0,0.0,0.0,0.0,0.0,2.0839839021748569e-209,0.0329223859203357,0.0,0.0,0.0,0.0,0.0,0.0,0.0,0.0,0.0,0.0,0.0,0.0,3.6532804214819963e-57,0.0,0.0,0.0,0.0,0.0,0.0,5.238609388937212e-92,0.0,0.0,0.0,0.0,0.0,0.0,2.628883279891937e-82,0.0,0.0,0.0,0.0,0.0,0.0,0.0,0.0033433265720814293,0.0,0.0,0.0,0.0,0.0,0.0,0.0,0.0,0.0,0.0,0.0,0.0,0.0,0.291551800729569,0.0,0.0,0.0,0.0,0.0,0.0,9.614899592414784e-117,0.0,0.0,0.0,0.0,0.0,0.0,0.0,0.19220991912670915,0.0,0.0,0.0,0.0,0.0,0.0,8.998083609452313e-226,0.0,0.0,0.0,0.0,0.0,0.0,0.0,7.614517202274504e-9,0.0,0.0,0.0,0.0,0.0,0.0,3.4872778315729823e-7,0.0,0.0,0.0,0.0,0.0,0.0,0.0,0.0,0.0,0.0,0.0,0.0,3.29948331758358e-137,0.0,0.0,0.0,0.0,0.0,6.99170363619627e-89,0.0,0.0,0.0,0.0,0.0,0.0,0.0,0.0,0.0,0.0,0.0,0.0,0.0,0.0,0.0,0.0,0.0,0.0,0.0,0.03670537043949403,0.0,0.0,0.0,0.0,0.0,0.0,0.0329223859203357,0.0,0.0,0.0,0.0,0.0,0.0,0.0,0.0,0.0,0.0,0.0,0.0,0.0,0.0,0.0,0.0329223859203357,0.0,0.0,0.0,0.0,0.0,0.0,0.0,0.0,0.0,0.0,0.0,0.0,0.0,0.0,0.0,0.0,0.0,0.0,0.0,0.0,0.0
0.0,0.0,0.0,0.0,0.0,0.0,0.0,0.0,0.0,0.0,0.0,4.0225801408621964e-24,0.49932616564743926,2.3775363041634578e-76,0.0,0.0,0.0,0.0,0.0,0.0,0.038409705049803025,5.186141874986126e-94,0.0,0.0,0.0,0.0,0.0,0.0,0.005128453020643323,0.0,0.0,0.0,0.0,0.0,0.0,0.0,0.009602426078110127,0.0,0.0,0.0,0.0,0.0,0.0,0.0,0.038409705049803025,0.0,0.0,0.0,0.0,0.0,0.0,0.0,0.01773969537001741,1.6844988459001786e-50,0.0,0.0,0.0,0.0,0.0,0.0,0.02880727878735227,0.0,0.0,0.0,0.0,0.0,0.0,1.8122770810341936e-56,8.498120679029725e-62,1.0608561662200508e-249,0.0,0.0,0.0,0.0,0.0,2.36682465155286e-310,2.1040010152450422e-94,8.058931759934394e-132,0.0,0.0,0.0,0.0,0.0,0.0,2.079141116074823e-14,0.0,0.0,0.0,0.0,0.0,0.0,0.0,2.0064762486135163e-217,1.769637665704503e-291,0.0,0.0,0.0,0.0,0.0,0.0,4.588635811539453e-13,0.0,0.0,0.0,0.0,0.0,0.0,0.0,1.858365554726099e-188,0.0,0.0,0.0,0.0,0.0,0.0,0.0,4.824160732688038e-112,1.950795412745254e-276,0.0,0.0,0.0,0.0,0.0,7.633805854930538e-70,0.22172018881079,1.0373655798889764e-57,0.0,0.0,0.0,0.0,0.0,0.0,0.009620400074063165,2.6734840276685474e-242,0.0,0.0,0.0,0.0,0.0,0.0,5.172491066496607e-34,2.6050720169848035e-226,0.0,0.0,0.0,0.0,0.0,0.0,5.4e-323,2.695758984918003e-274,0.0,0.0,0.0,0.0,0.0,0.0,0.0,0.0,0.0,0.0,0.0,0.0,0.0,0.0,0.0,0.0,0.0,0.0,0.0,0.0,0.0,0.0,3.61e-321,1.1370897681146557e-193,0.0,0.0,0.0,0.0,0.0,0.0,0.0,0.0,0.0,0.0,0.0,0.0,0.0,0.0,1.9093418346271052e-25,0.0,0.0,0.0,0.0,0.0,0.0,0.0,0.0,0.0,0.0,0.0,0.0,0.0,0.0,0.0,0.0,0.0,0.0,0.0,0.0,0.0,0.0,0.0,0.0,0.0,0.0,0.0,0.0,0.0,0.0,0.0,0.0,0.0,0.0,0.0,0.0,0.0,0.0,0.0,0.0,0.0,0.0,0.0,0.0,0.0,0.0,0.0,0.009602426262450756,0.0,0.0,0.0,0.0,0.0,0.0,0.0,0.0,0.0,0.0,0.0,0.0,0.0,0.0,0.0,0.0,0.0,0.0,0.0,0.0,0.0,0.0,0.0,0.0,0.0,0.0,0.0,0.0,0.0,0.0,0.0,0.0,4.918442166319556e-14,0.0,0.0,0.0,0.0,0.0,0.0,0.0,0.0,0.0,0.0,0.0,0.0,0.0,0.0,0.0,0.0,0.0,0.0,0.0,0.0,0.0,0.0,0.0,0.0,0.0,0.0,0.0,0.0,0.0,0.0,0.0,0.0,0.0,0.0,0.0,0.0,0.0,0.0,0.0,0.0,0.0,0.0,0.0,0.0,0.0,0.0,0.0,0.0,0.0,0.0,0.0,0.0,0.0,0.0,0.0,2.2043845772304447e-86,0.0,0.0,0.0,0.0,0.0,0.0,0.0,0.0,0.0,0.0,0.0,0.0,0.0,0.0,0.0,0.0,0.0,0.0,0.0,0.0,0.0,0.0,0.0,0.0,0.0,0.0,0.0,0.0,0.0,0.0,0.0,0.0,0.0,0.0,0.0,0.0,0.0,0.019204852524901513,0.0,0.0,0.0,0.0,0.0,0.0,0.0,0.0,0.0,0.0,0.0,0.0,0.0,0.0,0.0,0.0,0.0,0.0,0.0,0.0,0.0,0.0,0.0,0.0,0.0,0.0,0.0,0.0,0.0,0.0,0.0,0.0,0.0,0.0,0.0,0.0,0.0,0.0,0.0,0.0,0.0,0.0,0.0,0.0,0.0,0.0,0.0,0.0,0.0,0.0,0.0,0.0,0.0,0.0,0.0,0.0,0.0,0.0,0.0,0.0,0.0,0.0,0.0,0.0,0.0,0.0,0.0,0.0,0.0,0.0,0.0,0.0,0.0,0.0,0.0,0.0,0.009602426262450758,0.0,0.0,0.0,0.0,0.0,0.0,0.0,0.0,0.0,0.0,0.0,8.016530641811277e-85,0.0,0.0,0.0,0.0,0.0,0.0,0.0,0.038409705049803025,0.0,0.0,0.0,0.0,0.0,0.0,0.0,0.038409705049803025,4.8655067025062914e-26,0.0,0.0,0.0,0.0,0.0,0.006404438012767572,0.0,0.0,0.0,2.0582467086567853e-200,0.0,0.0,0.0,0.009602426262450756,0.0,0.0,0.0,0.0,0.0,0.0,0.0,0.0,0.0,0.0,0.0,0.0,0.0,0.0,0.0,0.0,0.0,0.0,0.0,0.0,0.0,0.0,0.0,2.686822062310318e-9,0.0,0.0,0.0,0.0,0.0,0.0,0.0,0.0,0.0,0.0,0.0,0.0,0.0,0.0,0.0,0.0,0.0,0.0,0.0,0.0,0.0,0.0,0.0,0.0,0.0,0.0,0.0,0.0,0.0,0.0,0.0,0.0,0.0,0.0,0.0,0.0,0.0,0.0,0.0,0.0,0.0,0.0,0.0,0.0,0.0,0.0,0.0,0.0,0.0,0.0,0.0,0.0,0.0,0.0,0.0,0.0,0.0,0.0,0.0,0.0,0.0,0.0,0.0,0.0,0.0,0.0,0.0,0.0,0.0,0.0,0.0,0.0,0.0,0.0,0.0,0.0,0.0,0.0,0.0,0.0,0.0,0.0,0.0,0.0,0.0,0.0,0.0,0.0,0.0,0.0,0.0,0.0,0.0,0.0,0.0,0.0,0.0,0.0,0.0,0.0,0.0,0.0,0.0,0.0,0.0,0.0,0.0,0.0,0.0,0.0,0.0,0.0,0.0,0.0,0.0,0.0,0.0,0.0,0.0,0.0,0.0,0.0,0.0,0.0,0.0,0.0,0.0,0.0,0.0,0.0,0.0,0.0,0.0,0.0,0.0,0.0,0.0,0.0,0.0,0.0,0.0,0.0,0.0
0.0,0.0,0.0,0.0,0.0,0.0,0.0,0.0,0.0,0.0,0.0,1.0993327695171156e-180,8.091109312286311e-121,0.0,0.0,0.0,0.0,0.0,0.0,1.407343262971798e-250,4.225496694838668e-257,0.0,0.0,0.0,0.0,0.0,0.0,0.0,3.59671532937353e-18,0.0,0.0,0.0,0.0,0.0,0.0,0.0,0.0,0.0,0.0,0.0,0.0,0.0,0.0,0.0,1.5682806066405718e-235,0.0,0.0,0.0,0.0,0.0,0.0,0.0,3.567910816014266e-7,0.0,0.0,0.0,0.0,0.0,0.0,0.0,1.4492414094667734e-248,0.0,0.0,0.0,0.0,0.0,0.0,6.161293544099322e-57,2.2397536713501164e-29,6.510185682486006e-123,0.0,0.0,0.0,0.0,0.0,7.390065723352513e-91,1.0781707145592526e-13,1.0404501358008188e-140,0.0,0.0,0.0,0.0,0.0,4.099136963313443e-139,0.08882578020354842,0.0,0.0,0.0,0.0,0.0,0.0,2.0235095760386e-136,0.18187750589128507,6.462524598745938e-97,0.0,0.0,0.0,0.0,0.0,0.0,0.15058528716691885,1.6544035469428275e-202,0.0,0.0,0.0,0.0,0.0,1.355246448966463e-11,0.10739392455929912,0.0,0.0,0.0,0.0,0.0,0.0,6.010414072278185e-147,0.19734669175967026,2.4761343262426597e-53,0.0,0.0,0.0,0.0,0.0,3.1629321334028296e-120,0.11209176003144727,2.079032405320454e-105,0.0,0.0,0.0,0.0,0.0,0.0,0.11320104346283348,1.931400146474927e-41,0.0,0.0,0.0,0.0,0.0,3.535178219603304e-148,3.978802375864315e-7,1.4435031324080854e-71,0.0,0.0,0.0,0.0,0.0,6.798870792774986e-201,5.276724882125704e-48,6.222941906498161e-186,0.0,0.0,0.0,0.0,0.0,3.809650043329061e-145,6.291444170516017e-35,0.0,0.0,0.0,0.0,0.0,0.0,0.0,1.2433464928340067e-84,0.0,0.0,0.0,0.0,0.0,0.0,0.0,0.028234739618680876,1.023254378340796e-170,0.0,0.0,0.0,0.0,0.0,0.0,5.950629813730676e-71,0.0,0.0,0.0,0.0,0.0,0.0,0.0,0.011030932173404706,0.0,0.0,0.0,0.0,0.0,0.0,0.0,0.0,0.0,0.0,0.0,0.0,0.0,0.0,0.0,0.0,0.0,0.0,0.0,0.0,0.0,0.0,0.0,0.0,0.0,0.0,0.0,0.0,0.0,0.0,0.0,0.0,0.0,0.0,0.0,0.0,0.0,0.0,0.0,0.009411580447932522,0.0,0.0,0.0,0.0,0.0,0.0,0.0,1.4589558713442143e-227,0.0,0.0,0.0,0.0,0.0,0.0,0.0,0.0,0.0,0.0,0.0,0.0,0.0,0.0,0.0,0.0,0.0,0.0,0.0,0.0,0.0,0.0,0.0,0.0,0.0,0.0,0.0,0.0,0.0,0.0,0.0,0.0,0.0,0.0,0.0,0.0,0.0,0.0,0.0,0.0,0.0,0.0,0.0,0.0,0.0,0.0,0.0,0.0,0.0,0.0,0.0,0.0,0.0,0.0,0.0,0.0,0.0,0.0,0.0,0.0,0.0,0.0,0.0,0.0,0.0,0.0,0.0,0.0,0.0,0.0,0.0,0.0,0.0,0.0,0.0,0.0,0.0,0.0,0.0,0.0,0.0,0.0,0.0,0.0,0.0,0.0,0.0,0.0,0.0,0.0,0.0,0.0,0.0,0.0,0.0,0.0,0.0,0.0,0.0,0.0,0.0,0.0,0.0,0.0,0.0,0.0,0.0,0.0,0.0,0.0,0.0,0.0,0.0,0.0,0.0,0.0,0.0,0.0,0.0,0.0,0.0,0.0,0.0,0.0,0.0,0.0,0.0,0.0,0.0,0.0,0.0,0.0,0.0,0.0,0.0,0.0,0.0,0.0,0.0,0.0,0.0,0.0,0.0,0.0,0.0,0.0,0.0,0.0,0.0,0.0,0.0,0.0,0.0,0.0,0.0,0.0,0.0,0.0,0.0,0.0,0.0,0.0,0.0,0.0,0.0,0.0,0.0,0.0,0.0,0.0,0.0,0.0,0.0,0.0,0.0,0.0,0.0,0.0,0.0,0.0,0.0,0.0,0.0,0.0,0.0,0.0,0.0,0.0,0.0,0.0,0.0,0.0,0.0,0.0,0.0,0.0,0.0,0.0,0.0,0.0,0.0,0.0,0.0,0.0,0.0,0.0,0.0,0.0,0.0,0.0,0.0,0.0,0.0,0.0,0.0,0.0,0.0,0.0,0.0,0.0,0.0,0.0,0.0,0.0,0.0,0.0,0.0,2.372039044724013e-48,0.0,0.0,0.0,0.0,0.0,0.0,0.0,0.0,0.0,0.0,0.0,0.0,0.0,0.0,0.0,0.0,0.0,0.0,0.0,0.0,0.0,0.0,0.0,0.0,0.0,0.0,0.0,0.0,0.0,0.0,0.0,0.0,0.0,0.0,0.0,0.0,0.0,0.0,0.0,0.0,0.0,0.0,0.0,0.0,0.0,0.0,0.0,0.0,0.0,0.0,0.0,0.0,0.0,0.0,0.0,0.0,0.0,0.0,0.0,0.0,0.0,0.0,0.0,0.0,0.0,0.0,0.0,0.0,0.0,0.0,0.0,0.0,0.0,0.0,0.0,0.0,0.0,0.0,0.0,0.0,0.0,0.0,0.0,0.0,0.0,0.0,0.0,0.0,0.0,0.0,0.0,0.0,0.0,0.0,3.6134353401695663e-184,0.0,0.0,0.0,0.0,0.0,0.0,0.0,0.0,0.0,0.0,0.0,0.0,0.0,0.0,0.0,0.0,0.0,0.0,0.0,0.0,0.0,0.0,0.0,0.0,0.0,0.0,0.0,0.0,0.0,0.0,0.0,0.0,0.0,0.0,0.0,0.0,0.0,0.0,0.0,0.0,0.0,0.0,0.0,0.0,0.0,3.5641949407043425e-144,0.0,0.0,0.0,0.0,0.0,0.0,0.0,0.0,0.0,0.0,0.0,0.0,0.0,0.0,0.0,0.0,0.0,0.0,0.0,0.0,0.0,0.0,0.0,0.0,0.0,0.0,0.0,0.0,0.0,0.0,0.0,0.0,0.0,0.0,0.0,0.0,0.0,0.0,0.0,0.0,0.0,0.0,0.0,0.0,0.0
0.0,0.0,0.0,0.0,0.0,0.0,0.0,0.0,0.0,0.0,0.0,0.0,0.0,0.0,0.0,0.0,0.0,0.0,0.0,0.0,0.0,0.0,0.0,0.0,8.667288766620248e-254,0.0,0.0,0.0,0.0,0.0,0.0,0.0,0.0,0.0,0.0,0.0,0.0,0.0,0.0,0.0,1.014219164243735e-286,0.0,0.0,0.0,0.0,0.0,0.0,0.0,0.0,9.774771679848064e-252,0.0,0.0,0.0,0.0,0.0,0.0,6.262110078916669e-255,2.249361946783429e-219,0.0,0.0,0.0,0.0,0.0,0.0,0.0,4.2002174463186764e-168,0.0,0.0,0.0,0.0,0.0,0.0,8.069590888555921e-189,3.421134879598251e-232,9.34649e-318,0.0,0.0,0.0,0.0,0.0,1.3554473864908688e-298,4.38920892628924e-70,2.228165127516312e-236,0.0,0.0,0.0,0.0,0.0,2.4191326134933494e-67,1.9822984824440956e-75,0.0,0.0,0.0,0.0,0.0,0.0,0.0,1.575940374481177e-20,5.817951933504132e-185,0.0,0.0,0.0,0.0,0.0,5.3176814326391656e-257,2.2245339441319406e-74,8.880575259976278e-272,0.0,0.0,0.0,0.0,0.0,3.479968102622002e-162,3.9618493435180135e-113,0.0,0.0,0.0,0.0,0.0,0.0,0.0,3.6809487564073535e-37,1.663069748552411e-197,0.0,0.0,0.0,0.0,0.0,2.924714872902078e-119,8.498494231057598e-58,0.0,0.0,0.0,0.0,0.0,0.0,2.9092831265207516e-65,0.9260825199812505,1.1747021503548501e-112,0.0,0.0,0.0,0.0,0.0,2.335826046860389e-75,2.8297862902764884e-12,6.2630657223004294e-198,0.0,0.0,0.0,0.0,0.0,0.0,6.91312680864144e-123,0.0,0.0,0.0,0.0,0.0,0.0,0.0,0.00027520130237809737,8.968811900454233e-267,0.0,0.0,0.0,0.0,0.0,0.0,1.0748309381314813e-146,0.0,0.0,0.0,0.0,0.0,0.0,3.5085739335231907e-165,1.983449729224696e-116,0.0,0.0,0.0,0.0,0.0,0.0,0.0,5.163257079485874e-57,0.0,0.0,0.0,0.0,0.0,0.0,1.0846051856573713e-144,3.5848229757250575e-83,0.0,0.0,0.0,0.0,0.0,0.0,0.0,1.9800421798619237e-130,0.0,0.0,0.0,0.0,0.0,0.0,0.0,2.5746624535304276e-58,0.0,0.0,0.0,0.0,0.0,0.0,2.093985471287335e-170,6.559070692873229e-78,4.455596778299502e-206,0.0,0.0,0.0,0.0,0.0,0.0,1.4246988355758695e-148,0.0,0.0,0.0,0.0,0.0,0.0,0.0,4.979045953854967e-115,0.0,0.0,0.0,0.0,0.0,0.0,0.0,7.670033990418838e-123,0.0,0.0,0.0,0.0,0.0,0.0,1.788771294798262e-269,6.290196070923981e-81,0.0,0.0,0.0,0.0,0.0,0.0,0.0,2.5510360337715123e-36,0.0,0.0,0.0,0.0,0.0,0.0,0.0,1.0177241975637849e-180,0.0,0.0,0.0,0.0,0.0,0.0,0.0,7.897526094253982e-198,0.0,0.0,0.0,0.0,0.0,0.0,0.0,1.0548460734496007e-156,0.0,0.0,0.0,0.0,0.0,0.0,0.0,3.624207242402256e-307,0.0,0.0,0.0,0.0,0.0,0.0,0.0,1.840798115987027e-220,0.0,0.0,0.0,0.0,0.0,0.0,0.0,1.1701675616681707e-232,0.0,0.0,0.0,0.0,0.0,0.0,5.45685308835998e-63,1.0882400213285083e-182,0.0,0.0,0.0,0.0,0.0,0.0,3.75355834083338e-261,0.0,0.0,0.0,0.0,0.0,0.0,0.0,0.0,2.038152959218366e-251,0.0,0.0,0.0,0.0,0.0,0.0,0.0,0.018021418555573453,0.0,0.0,0.0,0.0,0.0,0.0,0.0,0.0,0.0,0.0,0.0,0.0,0.0,0.0,0.0,0.0,0.0,0.0,0.0,0.0,0.0,0.0,0.0,0.0,0.0,0.0,0.0,0.0,0.0,0.0,0.0,0.0,0.0,0.0,0.0,0.0,0.0,3.0457184729132195e-152,0.0,0.0,0.0,0.0,0.0,0.0,0.0,1.5709729748428447e-96,0.0,0.0,0.0,0.0,0.0,0.0,0.0,3.501310910758811e-97,0.0,0.0,0.0,0.0,0.0,0.0,0.0,0.0,0.0,0.0,0.0,0.0,0.0,0.0,0.0,0.0,0.0,0.0,0.0,0.0,0.0,0.0,0.0,0.0,0.0,0.0,0.0,0.0,0.0,0.0,0.0,0.0,0.0,0.0,0.0,0.0,0.0,0.0,0.0,0.0,0.0,0.0,0.0,0.0,0.0,0.0,0.0,0.0,0.0,0.0,0.0,0.0,0.0,0.0,0.0,0.0,0.0,0.0,0.0,0.0,0.0,0.0,0.0,0.0,0.0,0.0,0.0,0.0,0.018021453566858373,0.0,0.0,0.0,0.0,0.0,0.0,0.0,1.051531025527888e-168,0.0,0.0,0.0,0.0,0.0,0.0,0.0,0.0,0.0,0.0,0.0,0.0,0.0,0.0,9.447272053369726e-43,0.0,0.0,0.0,0.0,0.0,0.0,7.499714108450286e-259,7.466105542423416e-171,0.0,0.0,0.0,0.0,0.0,0.0,0.0,0.0,0.0,0.0,0.0,0.0,0.0,0.0,0.0,0.0,0.0,0.0,0.0,0.0,0.0,0.0,0.0,0.0,0.0,0.0,0.0,0.0,0.0,0.0,0.0,0.0,0.0,0.0,0.0,0.0,0.0,0.0,0.0,0.0,0.0,0.0,0.0,0.0,0.0,0.0,0.0,0.0,0.037599406591109885,0.0,0.0,0.0,0.0,0.0,0.0,0.0,0.0,0.0,0.0,0.0,0.0,0.0,0.0,1.251927729762023e-207,0.0,0.0,0.0,0.0,0.0,0.0,0.0,0.0,0.0,0.0,0.0,0.0,0.0,0.0,0.0,0.0,0.0,0.0,0.0,0.0,0.0,0.0,0.0,0.0,0.0,0.0,0.0,0.0,0.0,0.0,0.0,0.0,0.0,3.413142480265607e-202,0.0,0.0,0.0,0.0,0.0,0.0,7.39266952109451e-276,0.0,0.0,0.0,0.0,0.0,0.0,0.0,0.0,0.0,0.0,0.0,0.0,0.0,0.0,0.0,0.0,0.0,0.0,0.0,0.0,0.0,0.0,0.0,0.0,0.0,0.0,0.0,0.0,0.0,0.0,0.0,0.0,0.0,0.0,0.0,0.0,0.0,0.0,0.0,0.0,0.0,0.0,0.0,0.0,0.0,0.0,0.0,0.0,0.0,0.0,0.0,0.0,0.0,0.0
0.0,0.0,0.0,0.0,0.0,0.0,0.0,0.0,0.0,0.0,0.0,0.0,0.0,0.0,0.0,0.0,0.0,0.0,0.0,0.0,0.0,0.0,0.0,0.0,0.0,0.0,0.0,0.0,0.0,0.0,0.0,0.0,0.0,0.0,0.0,0.0,0.0,0.0,0.0,0.0,0.0,0.0,0.0,0.0,0.0,0.0,0.0,0.0,0.0,0.0,0.0,0.0,0.0,0.0,0.0,0.0,0.0,0.0,0.0,0.0,0.0,0.0,0.0,0.0,0.0,0.0,0.0,0.0,0.0,0.0,0.0,0.0,0.0,0.0,0.0,0.0,0.0,0.0,0.0,0.0,0.0,0.0,0.0,0.0,0.0,0.0,0.0,0.0,0.0,0.0,0.0,0.0,0.0,0.0,0.0,0.0,0.0,0.0,0.0,0.0,0.0,0.0,0.0,0.0,0.0,0.0,0.0,0.0,0.0,0.0,0.0,0.0,0.0,0.0,0.0,0.0,0.0,0.0,0.0,0.0,0.0,0.0,0.0,0.0,0.0,0.0,0.0,0.0,0.0,2.541045947870739e-147,0.0,0.0,0.0,0.0,0.0,0.0,0.0,7.115660795125285e-142,0.0,0.0,0.0,0.0,0.0,0.0,0.0,2.9765103528352923e-161,0.0,0.0,0.0,0.0,0.0,0.0,0.0,0.04236218344839375,0.0,0.0,0.0,0.0,0.0,0.0,0.0,2.0598966617335373e-43,0.0,0.0,0.0,0.0,0.0,0.0,0.0,1.7386880787249474e-78,0.0,0.0,0.0,0.0,0.0,0.0,0.0,0.07506308495533412,0.0,0.0,0.0,0.0,0.0,0.0,0.0,2.8802736931130943e-114,0.0,0.0,0.0,0.0,0.0,0.0,0.0,3.6875893622052406e-82,0.0,0.0,0.0,0.0,0.0,0.0,0.0,4.7891453880612586e-61,0.0,0.0,0.0,0.0,0.0,0.0,0.0,0.07754579803949675,0.0,0.0,0.0,0.0,0.0,0.0,0.0,0.10543288092719547,0.0,0.0,0.0,0.0,0.0,0.0,0.0,1.0309400593320798e-37,0.0,0.0,0.0,0.0,0.0,0.0,0.0,4.478950915093284e-13,0.0,0.0,0.0,0.0,0.0,0.0,0.0,1.4162803078909956e-86,0.0,0.0,0.0,0.0,0.0,0.0,0.0,0.3119681711473841,0.0,0.0,0.0,0.0,0.0,0.0,0.0,3.2246379059118095e-23,0.0,0.0,0.0,0.0,0.0,0.0,0.0,5.81975188442988e-59,0.0,0.0,0.0,0.0,0.0,0.0,0.0,8.250222479102585e-89,0.0,0.0,0.0,0.0,0.0,0.0,0.0,9.41035185694329e-68,0.0,0.0,0.0,0.0,0.0,0.0,0.0,0.12669969657941846,0.0,0.0,0.0,0.0,0.0,0.0,0.0,1.816855126820977e-118,0.0,0.0,0.0,0.0,0.0,0.0,0.0,3.1100381675105163e-146,0.0,0.0,0.0,0.0,0.0,0.0,0.0,1.2333898475921856e-151,0.0,0.0,0.0,0.0,0.0,0.0,0.0,1.1395090377787374e-78,0.0,0.0,0.0,0.0,0.0,0.0,0.0,7.353138436889199e-33,0.0,0.0,0.0,0.0,0.0,0.0,0.0,1.912920844530143e-98,0.036686754135820225,0.0,0.0,0.0,0.0,0.0,0.0,1.1256879490250409e-117,0.0,0.0,0.0,0.0,0.0,0.0,0.0,1.4267038758680502e-11,0.0,0.0,0.0,0.0,0.0,0.0,0.0,0.07749441420831696,0.0,0.0,0.0,0.0,0.0,0.0,5.713777461692167e-302,0.0,0.0,0.0,0.0,0.0,0.0,7.005226752816255e-152,0.0,0.0,0.0,0.0,0.0,0.0,0.0,0.0,0.0,0.0,0.0,0.0,0.0,0.0,0.0,3.801136679074615e-194,0.0,0.0,0.0,0.0,0.0,0.0,0.0,0.036686754135820225,0.0,0.0,0.0,0.0,0.0,0.0,0.0,0.0,0.0,0.0,0.0,0.0,0.0,0.0,0.0,0.0,0.0,0.0,0.0,0.0,0.0,0.0,1.3779514915485548e-201,0.0,0.0,0.0,0.0,0.0,0.0,0.0,0.0,0.0,0.0,0.0,0.0,0.0,0.0,0.0,0.0,0.0,0.0,0.0,0.0,0.0,0.0,0.0,0.0,0.0,0.0,0.0,0.0,0.0,0.0,0.0,0.0,0.0,0.0,0.0,0.0,0.0,3.056372127773808e-80,0.0,0.0,0.0,0.0,0.0,0.0,0.0,0.036686754135820225,0.0,0.0,0.0,0.0,0.0,0.0,6.442041905284985e-13,0.0,0.0,0.0,0.0,0.0,0.0,0.0,0.0,0.0,0.0,0.0,0.0,0.0,0.0,0.0,0.0,0.0,0.0,0.0,0.0,0.0,0.07337350827164045,0.0,0.0,0.0,0.0,0.0,0.0,0.0,0.0,0.0,0.0,0.0,0.0,0.0,0.0,0.0,0.0,0.0,0.0,0.0,0.0,0.0,0.0,0.0,0.0,0.0,0.0,0.0,0.0,0.0,0.0,0.0,0.0,0.0,0.0,0.0,0.0,0.0,0.0,0.0,0.0,0.0,0.0,6.337169252280634e-249,0.0,0.0,0.0,0.0,0.0,0.0,0.0,0.0,0.0,0.0,0.0,0.0,0.0,0.0,0.0,0.0,0.0,0.0,0.0,0.0,0.0,0.0,0.0,0.0,0.0,0.0,0.0,0.0,0.0,0.0,0.0,0.0,0.0,0.0,0.0,0.0,3.2497043891467183e-192,0.0,0.0,0.0,0.0,0.0,0.0,0.0,0.0,0.0,0.0,0.0,0.0,0.0,0.0,0.0,0.0,0.0,0.0,1.4364451267537336e-101,0.0,0.0,0.0,0.0,0.0,0.0,0.0,0.0,0.0,0.0,0.0,0.0,0.0,0.0,0.0,0.0,0.0,0.0,0.0,0.0,0.0,0.0,0.0,0.0,0.0,0.0,0.0,0.0,0.0,0.0,0.0,0.0,0.0,0.0,0.0,0.0,0.0,0.0,0.0,0.0,0.0,0.0,0.0,0.0,0.0,0.0,0.0,0.0,0.0,0.0,0.0,0.0,0.0,0.0
0.0,0.0,0.0,0.0,0.0,0.0,0.0,0.0,0.0,0.0,0.0,0.0,0.0,0.0,0.0,0.0,0.0,0.0,0.0,0.0,0.0,0.0,0.0,0.0,0.0,0.0,0.0,0.0,0.0,0.0,0.0,0.0,0.0,0.0,0.0,0.0,0.0,0.0,0.0,0.0,0.0,0.0,0.0,0.0,0.0,0.0,0.0,0.0,0.0,0.0,0.0,0.0,0.0,0.0,0.0,0.0,0.0,0.0,0.0,0.0,0.0,0.0,0.0,0.0,0.0,0.0,0.0,0.0,0.0,0.0,0.0,0.0,0.0,0.0,0.0,0.0,0.0,0.0,0.0,0.0,0.0,0.0,0.0,0.0,0.0,0.0,0.0,0.0,0.0,0.0,0.0,0.0,0.0,0.0,0.0,0.0,0.0,0.0,0.0,0.0,0.0,0.0,0.0,0.0,0.0,0.0,0.0,0.0,0.0,0.0,0.0,0.0,0.0,0.0,0.0,0.0,0.0,0.0,0.0,2.2662994033038075e-91,0.0,0.0,0.0,0.0,0.0,0.0,0.0,0.0,0.0,0.0,0.0,0.0,0.0,0.0,0.0,0.0,0.0,0.0,0.0,0.0,0.0,0.0,0.0,0.0,0.0,0.0,0.0,0.0,0.0,0.0,0.0,0.0,0.0,0.0,0.0,0.0,0.0,0.0,0.0,5.9714133827247566e-198,0.0,0.0,0.0,0.0,0.0,0.0,0.0,0.0,0.0,1.282607579246645e-234,0.0,0.0,0.0,0.0,0.0,0.0,0.0,0.0,0.0,0.0,0.0,0.0,0.0,2.8877727469937348e-216,0.0,0.0,0.0,0.0,0.0,0.0,0.0,0.0,0.0,0.0,0.0,0.0,0.0,0.0,0.0,1.5274149829990225e-217,1.8042816411249556e-101,3.1898013228359146e-266,0.0,0.0,0.0,0.0,0.0,0.0,0.0,0.0,0.0,0.0,0.0,0.0,0.0,1.6162884334961629e-203,0.0,1.7878158773622623e-195,0.0,0.0,0.0,0.0,0.0,0.0,0.0,3.1896776708226804e-155,0.0,0.0,0.0,0.0,0.0,1.3538934594891446e-114,0.0,2.120441174373161e-181,0.0,0.0,0.0,0.0,0.0,0.0,0.0,0.0,0.0,0.0,0.0,0.0,0.0,0.0,4.103264729589505e-189,9.13462822130244e-161,0.0,0.0,0.0,0.0,0.0,0.0,0.0,0.0,0.0,0.0,0.0,0.0,0.0,0.0,1.9613352262742608e-138,0.0,0.0,0.0,0.0,0.0,0.0,0.0,0.0,0.02518436078247803,0.0,0.0,0.0,0.0,0.0,0.0,4.6718877e-317,0.025184244230799378,0.0,0.0,0.0,0.0,0.0,0.0,0.0,2.6689271184685946e-180,0.0,0.0,0.0,0.0,0.0,0.0,5.417788597426403e-82,4.775775146685721e-269,0.0,0.0,0.0,0.0,0.0,0.0,0.0,8.864464731890155e-104,0.0,0.0,0.0,0.0,0.0,0.0,0.0,3.800145694995135e-278,0.0,0.0,0.0,0.0,0.0,0.0,0.0,2.811453293704689e-197,0.0,0.0,0.0,0.0,0.0,0.0,0.0,0.0,0.0,0.0,0.0,0.0,0.0,0.025184127679840986,1.0502617412980461e-145,3.800705341405994e-209,0.0,0.0,0.0,0.0,0.0,0.0,7.007834843286793e-117,8.239036210598475e-206,0.0,0.0,0.0,0.0,0.0,0.0,0.0,5.864179537101022e-118,0.0,0.0,0.0,0.0,0.0,0.0,0.0,0.0,0.0,0.0,0.0,0.0,0.0,0.0,0.025184127679840986,0.0,0.0,0.0,0.0,0.0,0.0,5.054000781305614e-152,0.0,0.0,0.0,0.0,0.0,0.0,0.0,0.0,0.0,0.0,0.0,0.0,0.0,0.0,0.024858380714016387,0.0,0.0,0.0,0.0,0.0,0.0,0.0,0.0,0.07555238303952296,0.0,0.0,0.0,0.0,0.0,1.4221663748071911e-58,0.0,0.0,0.0,0.0,0.0,0.0,1.1789167556325795e-237,0.0,0.0,0.0,0.0,0.0,0.0,0.0,2.097304018695633e-73,0.0,0.10144869598400265,0.0,0.0,0.0,0.0,0.025184127679840986,0.0,1.6943849982374415e-130,0.0,0.0,0.0,0.0,0.0,0.0,0.025184127679840986,0.0,0.0,0.0,0.0,0.0,0.0,4.2004753e-316,0.0,0.0,0.0,0.0,0.0,0.0,0.10072309380411237,5.9097164587468835e-86,1.7033099695293006e-170,0.0,0.0,0.0,0.0,0.025184127679840986,0.05036825535968197,0.0,0.1259206383992014,0.0,0.0,0.0,0.0,0.0,6.986815743929946e-7,0.0,0.0,0.0,0.0,0.0,0.0,0.0,0.0,0.0,0.0,0.0,0.0,0.0,0.0,0.0,3.19303613118537e-56,0.12222748455144736,0.0,0.0,0.0,0.0,0.0,0.0,0.0,1.352631922152331e-149,0.0,0.0,0.0,0.0,0.0,0.0,0.0,0.0,0.0,0.0,0.0,0.0,0.025184127679840837,0.0,0.0,0.0,0.0,4.013162241207241e-160,0.0,0.0,0.0,0.0,0.0,0.0,0.0,0.0,0.0,0.0,0.0,0.0,0.0,0.0,4.210532534676089e-113,0.0,0.0,0.0,0.0,0.0,0.0,0.0,0.0,0.07555238303952296,0.0,0.0,0.0,0.0,0.0,3.3212809563382445e-79,0.0,0.0,0.0,0.0,0.0,0.0,0.09732985883962593,0.0,0.0,0.0,0.0,0.0,0.0,2.5955031068033965e-226,0.0,7.273696768721341e-61,0.0,0.0,0.0,0.0,0.0,0.0,0.0,0.0,0.0,0.0,0.0,0.0,0.0,0.0,0.0,0.0,0.0,0.0,0.0,0.0,0.0,0.0,0.0,0.0,0.0,0.0,0.02454475649496861,7.268320995152017e-237,0.0,0.0,0.0,0.0,0.0,7.03784873076757e-172,0.0,0.0,0.0,0.0,0.0,0.0,0.0,0.0,0.0,0.0,0.0,0.0,0.0,0.0,0.0,0.0,0.0,0.0,0.0,8.016582007601399e-84,0.0,0.0,0.0,0.0,0.0,0.0,0.0,0.0,0.0,0.0,6.762585499348312e-45,0.0,0.0,0.0,0.0,0.0,0.0,0.0,0.0,0.0,0.0,0.0,0.0,0.0,0.0,0.0,0.0,0.0,0.0,0.0,0.0,0.0,0.0,0.0,0.0,0.0,0.0,0.0,0.0,0.0,0.0
0.0,0.0,0.0,0.0,0.0,0.0,0.0,0.0,0.0,0.0,0.0,0.0,0.0,0.0,0.0,0.0,0.0,0.0,1.2380438147669664e-179,8.047119213516697e-30,0.0,0.0,0.0,0.0,0.0,0.0,0.0,0.0,0.0,0.0,0.0,0.0,0.0,0.0,0.0,0.0,0.0,0.0,0.0,0.0,0.0,0.0,0.0,0.0,0.0,0.0,0.0,0.0,0.0,0.0,0.0,0.0,0.0,0.0,0.0,0.0,0.0,0.0,0.0,0.0,0.0,0.0,0.0,0.0,0.0,0.0,0.0,0.0,0.0,0.0,0.0,0.0,0.0,0.0,0.0,2.5831200255774658e-21,0.0,0.0,0.0,0.0,0.0,0.0,0.0,7.015743843227315e-87,0.0,0.0,0.0,0.0,0.0,0.0,0.0,3.3983478177325667e-13,0.0,0.0,0.0,0.0,0.0,0.0,0.0,0.0,0.0,0.0,0.0,0.0,0.0,0.0,0.05567789714239044,0.1002936752169799,0.0,0.0,0.0,0.0,0.0,0.0,0.11220487774688906,0.0,0.0,0.0,0.0,0.0,0.0,0.0,0.0,1.9423503563546767e-22,0.0,0.0,0.0,0.0,0.0,0.0,2.407389303960325e-161,0.0,0.0,0.0,0.0,0.0,0.0,0.0,0.0,7.400330839423199e-101,0.0,0.0,0.0,0.0,0.0,0.0,0.0,8.627494010580731e-73,0.0,0.0,0.0,0.0,0.0,0.0,4.077148240372904e-127,0.0,0.0,0.0,0.0,0.0,0.0,0.0,0.05727019249536687,0.05727019249536687,0.0,0.0,0.0,0.0,0.0,0.0,0.0,0.0,0.0,0.0,0.0,0.0,0.0,0.0,0.0,0.0,0.0,0.0,0.0,0.0,0.0,0.0,0.0,0.11454038499073374,0.0,0.0,0.0,0.0,0.0,0.0,0.0,0.11454038499073374,0.0,0.0,0.0,0.0,0.0,0.0,0.0,0.05727019249536687,0.0,0.0,0.0,0.0,0.0,0.0,0.0,0.0,0.0,0.0,0.0,0.0,0.0,0.0,1.010877258567644e-59,0.11454038499073374,0.0,0.0,0.0,0.0,0.0,0.0,6.858319124314214e-61,0.05727019249536687,0.0,0.0,0.0,0.0,0.0,0.0,0.0,0.0,0.0,0.0,0.0,0.0,0.0,0.0,9.630635180004518e-24,0.05727019249536687,0.0,0.0,0.0,0.0,0.0,0.0,5.167031953448629e-63,0.0,0.0,0.0,0.0,0.0,0.0,0.0,6.240737520496577e-28,0.0,0.0,0.0,0.0,0.0,0.0,0.0,0.0,0.0,0.0,0.0,0.0,0.0,0.0,0.0,3.81394726776674e-37,0.0,0.0,0.0,0.0,0.0,0.0,0.0,0.0,0.05727019249536687,0.0,0.0,0.0,0.0,0.0,0.0,0.0,0.0,0.0,0.0,0.0,0.0,0.0,0.0,0.044581239948998236,0.0,0.0,0.0,0.0,0.0,0.0,0.0,0.0,0.0,0.0,0.0,0.0,0.0,0.0,0.0,0.0,0.0,0.0,0.0,0.0,0.0,0.0,0.0,0.0,0.0,0.0,0.0,0.0,0.0,0.0,0.0,0.0,0.0,0.0,0.0,0.0,0.0,0.0,0.0,0.0,0.0,0.0,0.0,0.0,0.0,0.0,0.0,0.0,0.0,0.0,0.0,0.0,0.0,0.0,0.0,0.0,0.0,0.0,0.0,0.0,0.0,0.0,0.0,0.0,0.0,0.0,0.0,0.0,0.0,0.0,0.0,0.0,0.0,0.0,0.0,0.0,0.0,0.0,0.0,0.0,0.0,0.0,0.0,0.0,0.0,0.0,0.0,0.0,0.0,0.0,0.0,0.0,0.0,0.0,0.0,0.0,0.0,0.0,0.0,0.0,0.0,0.0,0.0,0.0,0.0,0.0,0.0,0.0,0.0,0.0,0.0,0.0,0.0,0.0,0.0,0.0,0.0,0.0,0.0,0.0,0.0,0.0,0.0,0.0,0.0,0.0,0.0,0.0,0.0,0.0,0.0,0.0,0.0,0.0,0.0,0.0,0.0,0.0,0.0,0.0,0.0,0.0,0.0,0.0,0.0,0.0,0.0,0.0,0.0,0.0,0.0,0.0,0.0,0.0,0.0,0.0,0.0,0.0,0.0,0.0,0.0,0.0,0.0,0.0,0.0,0.0,0.0,0.0,0.0,0.0,0.0,0.0,0.0,0.0,0.0,0.0,0.0,0.0,0.0,0.0,0.0,0.0,0.0,0.0,0.0,0.0,0.0,0.0,0.0,0.0,0.0,0.0,0.0,0.0,0.0,0.0,0.0,0.0,0.0,0.0,0.0,0.0,0.0,0.0,0.0,0.0,0.0,0.0,0.0,0.0,0.0,0.0,0.0,0.0,0.0,0.0,0.0,0.0,0.0,0.0,0.0,0.0,0.0,0.0,0.0,0.0,0.0,0.0,0.0,0.0,0.0,0.0,0.0,0.0,0.0,0.0,0.0,0.0,0.0,0.0,0.0,0.0,0.0,0.0,0.0,0.0,0.0,0.0,0.0,0.0,0.0,0.0,0.0,0.0,0.0,0.0,0.0,0.0,0.0,0.0,0.0,0.0,0.0,0.0,0.0,0.0,0.0,0.0,0.0,0.0,0.0,0.0,0.0,0.0,0.0,0.0,0.0,0.0,0.0,0.0,0.0,0.0,0.0,0.0,0.0,0.0,0.0,0.0,0.0,0.0,0.0,0.0,0.0,0.0,0.0,0.0,0.0,0.0,0.0,0.0,0.0,0.0,0.0,0.0,0.0,0.0,0.0,0.0,0.0,0.0,0.0,0.0,0.0,0.0,0.0,0.0,0.0,0.0,0.0,0.0,0.0,0.0,0.0,0.0,0.0,0.0,0.0,0.0,0.0,0.0,0.0,0.0,0.0,0.0,0.0,0.0,0.0,0.0,0.0,0.0,0.0,0.0,0.0,0.0,0.0,0.0,0.0,0.0,0.0,0.0,0.0,0.0
0.0,0.0,0.0,0.0,0.0,0.0,0.0,0.006118837519797327,0.0,0.0,0.0,0.0,0.0,0.0,1.7016655214200552e-45,0.06424779395787193,1.4840941817207284e-61,0.0,0.0,0.0,0.0,0.0,0.0,0.0336536063588853,0.0,0.0,0.0,0.0,0.0,0.0,0.0,0.006202963940838877,0.0,0.0,0.0,0.0,0.0,0.0,0.0,0.07342605023756792,0.0,0.0,0.0,0.0,0.0,0.0,8.080383809435806e-63,0.03970056457839837,1.7898631965393188e-84,0.0,0.0,0.0,0.0,0.0,7.01237061730919e-45,0.02753476883908797,0.0,0.0,0.0,0.0,0.0,0.0,0.0,0.03979583707920745,1.5849507670382518e-44,0.0,0.0,0.0,0.0,0.0,1.5573212918986282e-86,0.3610114136680423,4.654088446780516e-85,0.0,0.0,0.0,0.0,0.0,1.6980400398444545e-77,0.16213607547951675,4.695467724833574e-103,0.0,0.0,0.0,0.0,0.0,1.4610706727622042e-33,0.09266598058731695,4.0354163399478075e-63,0.0,0.0,0.0,0.0,0.0,7.768470508886742e-176,0.033131210279993044,3.01713325926025e-205,0.0,0.0,0.0,0.0,0.0,1.0074801315980834e-132,0.017013182425484642,3.3302247524987626e-105,0.0,0.0,0.0,0.0,0.0,1.4872468047625503e-197,4.685239937294519e-23,2.0106973369933336e-91,0.0,0.0,0.0,0.0,0.0,2.0035477128095364e-93,0.010479066209584706,0.0,0.0,0.0,0.0,0.0,0.0,1.8256763251712391e-190,2.0436717496588786e-52,7.326099327991368e-102,0.0,0.0,0.0,0.0,0.0,9.475730185682631e-219,2.6962556253633255e-8,1.641683411124702e-150,0.0,0.0,0.0,0.0,0.0,2.086571332417178e-171,0.0015033864708160764,3.7857094770552674e-107,0.0,0.0,0.0,0.0,0.0,2.1187057945205516e-228,8.685539597419904e-85,6.041014026575728e-113,0.0,0.0,0.0,0.0,0.0,0.0,2.3286769868462416e-61,1.39859659864506e-81,0.0,0.0,0.0,0.0,0.0,7.0433242216625e-284,8.9055950315074e-6,8.668290268826332e-279,0.0,0.0,0.0,0.0,0.0,8.479256186739583e-227,6.313505493626653e-172,1.2856240158326333e-283,0.0,0.0,0.0,0.0,0.0,3.6551104120933506e-301,3.3216888385292096e-35,6.119244719856736e-66,0.0,0.0,0.0,0.0,0.0,0.0,8.286169947061418e-58,0.0,0.0,0.0,0.0,0.0,0.0,0.0,3.7053136984352455e-115,3.4902267481617434e-161,0.0,0.0,0.0,0.0,0.0,0.0,0.009194412412745932,0.0,0.0,0.0,0.0,0.0,0.0,0.0,3.51651134389883e-100,0.0,0.0,0.0,0.0,0.0,0.0,0.0,1.4746583923155485e-6,1.0129048212531746e-45,0.0,0.0,0.0,0.0,0.0,5.747852081471702e-146,1.5826918691983357e-23,1.0106962135128417e-142,0.0,0.0,0.0,0.0,0.0,0.0,1.4476592396241056e-110,0.0,0.0,0.0,0.0,0.0,0.0,0.0,0.0020157153662615263,0.0,0.0,0.0,0.0,0.0,0.0,0.0,2.3722338665762167e-28,0.0,0.0,0.0,0.0,0.0,0.0,0.0,2.3467609149905075e-148,0.0,0.0,0.0,0.0,0.0,0.0,0.0,5.7915685830881786e-92,0.0,0.0,0.0,0.0,0.0,0.0,0.0,3.3697259485099705e-174,0.0,0.0,0.0,0.0,0.0,0.0,0.0,8.848196037819987e-77,0.0,0.0,0.0,0.0,0.0,0.0,0.0,2.9160519668502563e-16,0.0,0.0,0.0,0.0,0.0,0.0,0.0,8.1127846014449e-85,0.0,0.0,0.0,0.0,0.0,0.0,0.0,5.599369181896654e-93,0.004147935985035967,0.0,0.0,0.0,0.0,0.0,0.0,1.6663108057651282e-161,0.0,0.0,0.0,0.0,0.0,0.0,0.0,0.003647297228729596,0.0,0.0,0.0,0.0,0.0,0.0,0.0,1.744485738046252e-138,0.0,0.0,0.0,0.0,0.0,0.0,0.0,1.3130004673536467e-225,0.0,0.0,0.0,0.0,0.0,0.0,0.0,7.584479091734938e-218,0.0,0.0,0.0,0.0,0.0,0.0,0.0,4.4104017742490877e-75,0.0,0.0,0.0,0.0,0.0,0.0,3.100990777390631e-33,0.0,0.0,0.0,0.0,0.0,0.0,3.2394073009061126e-89,0.0,0.0,0.0,0.0,0.0,0.0,0.0,2.717706897929483e-139,0.0,0.0,0.0,0.0,0.0,0.0,0.0,8.739695329360115e-186,0.0,0.0,0.0,0.0,0.0,0.0,0.0,0.0,0.0,0.0,0.0,0.0,0.0,0.0,0.0031836079655610415,0.0,0.0,0.0,0.0,0.0,0.0,0.0,0.0,0.0,0.0,0.0,0.0,0.0,0.0,0.0,0.0,0.0,0.0,0.0,0.0,0.0,1.9085075523057153e-266,3.6055455028282e-92,0.0,0.0,0.0,0.0,0.0,0.0,0.0,0.0,0.0,0.0,0.0,0.0,0.0,0.0,0.0,5.939276594675986e-267,0.0030594187598986635,0.0,0.0,0.0,0.0,0.0,3.759292639235324e-171,0.0,0.0,0.0,0.0,0.0,0.0,3.3194587876599394e-261,0.0,0.0,0.0,0.0,0.0,0.0,0.0,0.0,0.0030610486734787487,0.0,0.0,0.0,0.0,0.0,0.0,0.0,1.1141653353529643e-107,0.0,0.0,0.0,0.0,0.0,0.0,2.2026626793225235e-257,0.0,0.0,0.0,0.0,0.0,0.0,0.0,1.014486354285105e-101,0.0,0.0,0.0,0.0,0.0,1.6428876114207405e-287,0.0,0.0,0.0,0.0,0.0,0.0,1.606599238980594e-129,0.0,0.0,0.0,0.0,0.0,0.0,0.0,0.0,0.0,0.0,0.0,0.0,0.0,0.0,0.0,0.0,0.0,0.0,0.0,0.0,2.4453319350816995e-296,5.419357594425059e-60,0.0,0.0,0.0,0.0,0.0,0.0,4.967605300483493e-289,0.0,0.0,0.0,0.0,0.0,0.0,8.354997270715407e-106,0.0,0.0,0.0,0.0,0.0,0.0,0.0,2.1112940463882204e-276,0.0,0.0,0.0,0.0,0.0,0.0,0.0,0.0,0.0,0.0,0.0,0.0,0.0,0.0,7.360773576075916e-205,0.0,0.0,0.0,0.0,0.0,4.566593688612103e-271,0.0,0.0,0.0,0.0,0.0,0.0,0.0,0.0,0.0,0.0,0.0,0.0,0.0,1.5580559761180323e-246,0.0,0.0,0.0,0.0,0.0,0.0,0.0,0.0,0.0,0.0,0.0,0.0,0.0030594187598986635,0.0,0.0,0.0,0.0,0.0,0.0,0.0,0.0,0.0,0.0,0.0,0.0,0.0,0.0,0.0,0.0,0.0,0.0,0.0,0.0,0.0,0.0,0.0,0.0,0.0,0.0,0.0,0.0,0.0,0.0,0.0,0.0,0.0,0.0,0.0,0.0,0.0,0.0,0.0,0.0,0.0,0.0,0.0,0.0,0.0,0.0,0.0,0.0,0.0,0.0,0.0,0.0,0.0,0.0,0.0,0.0
0.0,0.0,0.0,0.0,0.0,0.0,0.0,0.0,0.0,0.0,0.0,6.465720763314105e-79,1.2974649201960558e-79,0.0,0.0,0.0,0.0,0.0,0.0,1.9069572289078235e-152,1.8765579298826568e-98,0.0,0.0,0.0,0.0,0.0,0.0,0.0,0.004924000913233695,0.0,0.0,0.0,0.0,0.0,0.0,0.0,0.0,0.0,0.0,0.0,0.0,0.0,0.0,0.0,3.167264274298867e-58,0.0,0.0,0.0,0.0,0.0,0.0,0.0,0.008867636214257063,0.0,0.0,0.0,0.0,0.0,0.0,0.0,2.8661802185605475e-62,0.0,0.0,0.0,0.0,0.0,0.0,0.0517984004933224,0.0040883506063410565,1.642561870027172e-179,0.0,0.0,0.0,0.0,0.0,4.104689569211236e-68,0.8891420151079193,7.87408241424441e-155,0.0,0.0,0.0,0.0,0.0,1.886963660866804e-100,0.03481088159397739,0.0,0.0,0.0,0.0,0.0,0.0,7.584579513688154e-144,1.8922612848385476e-17,3.719866380159966e-267,0.0,0.0,0.0,0.0,0.0,0.0,1.1198614330211776e-81,0.0,0.0,0.0,0.0,0.0,0.0,0.002674737521024771,8.008100180620142e-77,0.0,0.0,0.0,0.0,0.0,0.0,2.3977401781457606e-157,3.189309068112859e-25,4.083586994421173e-295,0.0,0.0,0.0,0.0,0.0,1.7704522133904838e-122,7.19164231021531e-79,5.955613312304372e-270,0.0,0.0,0.0,0.0,0.0,0.0,5.3809532533059005e-30,2.3451852412827267e-169,0.0,0.0,0.0,0.0,0.0,6.47746311693151e-210,0.00369397754992421,5.498819718919571e-101,0.0,0.0,0.0,0.0,0.0,0.0,8.797201875174514e-157,6.838464975997613e-269,0.0,0.0,0.0,0.0,0.0,1.9594635217803953e-252,1.327906119811647e-134,0.0,0.0,0.0,0.0,0.0,0.0,0.0,9.0264652361995e-309,0.0,0.0,0.0,0.0,0.0,0.0,0.0,2.68431945691887e-54,0.0,0.0,0.0,0.0,0.0,0.0,0.0,1.6060986343398697e-158,0.0,0.0,0.0,0.0,0.0,0.0,0.0,1.238932848287308e-74,0.0,0.0,0.0,0.0,0.0,0.0,0.0,0.0,0.0,0.0,0.0,0.0,0.0,0.0,0.0,0.0,0.0,0.0,0.0,0.0,0.0,0.0,0.0,0.0,0.0,0.0,0.0,0.0,0.0,0.0,0.0,0.0,0.0,0.0,0.0,0.0,0.0,0.0,0.0,3.5766625596275216e-88,0.0,0.0,0.0,0.0,0.0,0.0,0.0,1.268512209209359e-40,0.0,0.0,0.0,0.0,0.0,0.0,0.0,0.0,0.0,0.0,0.0,0.0,0.0,0.0,0.0,0.0,0.0,0.0,0.0,0.0,0.0,0.0,0.0,0.0,0.0,0.0,0.0,0.0,0.0,0.0,0.0,0.0,0.0,0.0,0.0,0.0,0.0,0.0,0.0,0.0,0.0,0.0,0.0,0.0,0.0,0.0,0.0,0.0,0.0,0.0,0.0,0.0,0.0,0.0,0.0,0.0,0.0,0.0,0.0,0.0,0.0,0.0,0.0,0.0,0.0,0.0,0.0,0.0,0.0,0.0,0.0,0.0,0.0,0.0,0.0,0.0,0.0,0.0,0.0,0.0,0.0,0.0,0.0,0.0,0.0,0.0,0.0,0.0,0.0,0.0,0.0,0.0,0.0,0.0,0.0,0.0,0.0,0.0,0.0,0.0,0.0,0.0,0.0,0.0,0.0,0.0,0.0,0.0,0.0,0.0,0.0,0.0,0.0,0.0,0.0,0.0,0.0,0.0,0.0,0.0,0.0,0.0,0.0,0.0,0.0,0.0,0.0,0.0,0.0,0.0,0.0,0.0,0.0,0.0,0.0,0.0,0.0,0.0,0.0,0.0,0.0,0.0,0.0,0.0,0.0,0.0,0.0,0.0,0.0,0.0,0.0,0.0,0.0,0.0,0.0,0.0,0.0,0.0,0.0,0.0,0.0,0.0,0.0,0.0,0.0,0.0,0.0,0.0,0.0,0.0,0.0,0.0,0.0,0.0,0.0,0.0,0.0,0.0,0.0,0.0,0.0,0.0,0.0,0.0,0.0,0.0,0.0,0.0,0.0,0.0,0.0,0.0,0.0,0.0,0.0,0.0,0.0,0.0,0.0,0.0,0.0,0.0,0.0,0.0,0.0,0.0,0.0,0.0,0.0,0.0,0.0,0.0,0.0,0.0,0.0,0.0,0.0,0.0,0.0,0.0,0.0,0.0,0.0,0.0,0.0,0.0,0.0,8.533164888048292e-215,0.0,0.0,0.0,0.0,0.0,0.0,0.0,0.0,0.0,0.0,0.0,0.0,0.0,0.0,0.0,0.0,0.0,0.0,0.0,0.0,0.0,0.0,0.0,0.0,0.0,0.0,0.0,0.0,0.0,0.0,0.0,0.0,0.0,0.0,0.0,0.0,0.0,0.0,0.0,0.0,0.0,0.0,0.0,0.0,0.0,0.0,0.0,0.0,0.0,0.0,0.0,0.0,0.0,0.0,0.0,0.0,0.0,0.0,0.0,0.0,0.0,0.0,0.0,0.0,0.0,0.0,0.0,0.0,0.0,0.0,0.0,0.0,0.0,0.0,0.0,0.0,0.0,0.0,0.0,0.0,0.0,0.0,0.0,0.0,0.0,0.0,0.0,0.0,0.0,0.0,0.0,0.0,0.0,0.0,0.0,0.0,0.0,0.0,0.0,0.0,0.0,0.0,0.0,0.0,0.0,0.0,0.0,0.0,0.0,0.0,0.0,0.0,0.0,0.0,0.0,0.0,0.0,0.0,0.0,0.0,0.0,0.0,0.0,0.0,0.0,0.0,0.0,0.0,0.0,0.0,0.0,0.0,0.0,0.0,0.0,0.0,0.0,0.0,0.0,0.0,0.0,0.0,0.0,0.0,0.0,0.0,0.0,0.0,0.0,0.0,0.0,0.0,0.0,0.0,0.0,0.0,0.0,0.0,0.0,0.0,0.0,0.0,0.0,0.0,0.0,0.0,0.0,0.0,0.0,0.0,0.0,0.0,0.0,0.0,0.0,0.0,0.0,0.0,0.0,0.0,0.0,0.0,0.0,0.0,0.0,0.0
0.0,0.0,0.0,0.0,0.0,0.0,0.0,0.0,0.0,0.0,0.0,0.0,0.0,0.0,0.0,0.0,0.0,0.0,0.0,0.0,4.165411872945183e-263,0.0,0.0,0.0,0.0,0.0,0.0,0.0,4.386339826321472e-260,0.0,0.0,0.0,0.0,0.0,0.0,0.0,0.0,0.0,0.0,0.0,0.0,0.0,0.0,0.0,1.6132820586190482e-241,0.0,0.0,0.0,0.0,0.0,0.0,0.0,0.0,0.0,0.0,0.0,0.0,0.0,0.0,0.0,1.526212134287092e-286,0.0,0.0,0.0,0.0,0.0,0.0,0.0,5.2078140476850476e-148,0.0,0.0,0.0,0.0,0.0,0.0,0.0,5.906955881505984e-170,0.0,0.0,0.0,0.0,0.0,0.0,0.0,4.026379959728383e-96,0.0,0.0,0.0,0.0,0.0,0.0,0.0,1.795623728240763e-76,3.67496668027795e-175,0.0,0.0,0.0,0.0,0.0,0.0,7.76206871145304e-97,0.0,0.0,0.0,0.0,0.0,0.0,0.0,3.2103050320412385e-169,0.0,0.0,0.0,0.0,0.0,0.0,0.0,1.6843458364201857e-152,0.0,0.0,0.0,0.0,0.0,0.0,0.0,1.4888594897734713e-73,6.439407152840383e-134,0.0,0.0,0.0,0.0,0.0,0.0,5.689912245744883e-51,9.295697472635449e-188,0.0,0.0,0.0,0.0,0.0,3.0221158806416493e-72,0.9661232128435097,4.79259078562014e-128,0.0,0.0,0.0,0.0,0.0,4.032045787095672e-117,0.02879349994419704,0.0,0.0,0.0,0.0,0.0,0.0,0.0,0.0050832871971677645,0.0,0.0,0.0,0.0,0.0,0.0,0.0,6.699370463120347e-144,0.0,0.0,0.0,0.0,0.0,0.0,0.0,1.512548011908406e-11,0.0,0.0,0.0,0.0,0.0,0.0,0.0,3.582543392802114e-123,0.0,0.0,0.0,0.0,0.0,0.0,0.0,9.743225797129974e-40,0.0,0.0,0.0,0.0,0.0,0.0,0.0,1.6058667522208618e-71,0.0,0.0,0.0,0.0,0.0,0.0,0.0,0.0,3.90373475367562e-49,0.0,0.0,0.0,0.0,0.0,0.0,0.0,0.0,0.0,0.0,0.0,0.0,0.0,0.0,0.0,0.0,0.0,0.0,0.0,0.0,0.0,0.0,2.1651813972982344e-88,0.0,0.0,0.0,0.0,0.0,0.0,0.0,6.223732615551687e-266,0.0,0.0,0.0,0.0,0.0,0.0,0.0,0.0,0.0,0.0,0.0,0.0,0.0,0.0,0.0,0.0,0.0,0.0,0.0,0.0,0.0,0.0,0.0,0.0,0.0,0.0,0.0,0.0,0.0,0.0,0.0,0.0,0.0,0.0,0.0,0.0,0.0,0.0,0.0,0.0,0.0,0.0,0.0,0.0,0.0,0.0,0.0,0.0,0.0,0.0,0.0,0.0,0.0,0.0,0.0,0.0,0.0,0.0,0.0,0.0,0.0,0.0,0.0,0.0,0.0,0.0,0.0,0.0,0.0,0.0,0.0,0.0,0.0,0.0,0.0,0.0,0.0,0.0,0.0,0.0,0.0,0.0,0.0,0.0,0.0,0.0,0.0,0.0,0.0,0.0,0.0,0.0,0.0,0.0,0.0,0.0,0.0,0.0,0.0,0.0,0.0,0.0,0.0,0.0,0.0,0.0,0.0,0.0,0.0,0.0,0.0,0.0,0.0,0.0,0.0,0.0,0.0,0.0,0.0,0.0,0.0,0.0,0.0,0.0,0.0,0.0,0.0,0.0,0.0,0.0,0.0,0.0,0.0,0.0,0.0,0.0,0.0,0.0,0.0,0.0,0.0,0.0,0.0,0.0,0.0,0.0,0.0,0.0,0.0,0.0,0.0,0.0,0.0,0.0,0.0,0.0,0.0,0.0,0.0,0.0,0.0,0.0,0.0,0.0,0.0,0.0,0.0,0.0,0.0,0.0,0.0,0.0,0.0,0.0,0.0,0.0,0.0,0.0,0.0,0.0,0.0,0.0,0.0,0.0,0.0,0.0,0.0,0.0,0.0,0.0,0.0,0.0,0.0,0.0,0.0,0.0,0.0,0.0,0.0,0.0,0.0,0.0,0.0,0.0,0.0,0.0,0.0,0.0,0.0,0.0,0.0,0.0,0.0,0.0,0.0,0.0,0.0,0.0,0.0,0.0,0.0,0.0,0.0,0.0,0.0,0.0,0.0,0.0,0.0,0.0,0.0,0.0,0.0,0.0,0.0,0.0,0.0,0.0,0.0,0.0,0.0,0.0,0.0,0.0,0.0,0.0,0.0,0.0,0.0,0.0,0.0,0.0,0.0,0.0,0.0,0.0,0.0,0.0,0.0,0.0,0.0,0.0,0.0,0.0,0.0,0.0,0.0,0.0,0.0,0.0,0.0,0.0,0.0,0.0,0.0,0.0,0.0,0.0,0.0,0.0,0.0,0.0,0.0,0.0,0.0,0.0,0.0,0.0,0.0,0.0,0.0,0.0,0.0,0.0,0.0,0.0,0.0,0.0,0.0,0.0,0.0,0.0,0.0,0.0,0.0,0.0,0.0,0.0,0.0,0.0,0.0,0.0,0.0,0.0,0.0,0.0,0.0,0.0,0.0,0.0,0.0,0.0,0.0,0.0,0.0,0.0,0.0,0.0,0.0,0.0,0.0,0.0,0.0,0.0,0.0,0.0,0.0,0.0,0.0,0.0,0.0,0.0,0.0,0.0,0.0,0.0,0.0,0.0,0.0,0.0,0.0,0.0,0.0,0.0,0.0,0.0,0.0,0.0,0.0,0.0,0.0,0.0,0.0,0.0,0.0,0.0,0.0,0.0,5.884019318471495e-265,0.0,0.0,0.0,0.0,0.0,0.0,0.0,0.0,0.0,0.0,0.0,0.0,0.0,0.0,0.0,0.0,0.0,0.0,0.0,0.0,0.0,0.0,0.0,0.0,0.0,0.0,0.0,0.0,0.0,0.0,0.0,0.0,0.0,0.0,0.0,0.0,0.0,0.0,0.0,0.0,0.0,0.0,0.0,0.0,0.0
0.0,0.0,0.0,0.0,0.0,0.0,0.0,0.0,0.0,0.0,4.3245183505411534e-172,4.995815306281357e-304,0.0,0.0,0.0,0.0,0.0,4.49343e-319,2.779975073470958e-108,3.229230480615529e-133,0.0,0.0,0.0,0.0,0.0,0.0,2.5629698003558562e-151,0.0,0.0,0.0,0.0,0.0,0.0,0.0,1.683943074277605e-45,0.0,0.0,0.0,0.0,0.0,0.0,0.0,1.2438957275444348e-59,8.072156039712117e-162,0.0,0.0,0.0,0.0,0.0,0.0,4.280791003712806e-83,0.0,0.0,0.0,0.0,0.0,0.0,0.0,2.707982332424145e-49,5.402565693766854e-77,0.0,0.0,0.0,0.0,0.0,0.0,9.208777964583521e-96,2.4891320660535704e-169,0.0,0.0,0.0,0.0,0.0,3.64960598187824e-189,2.6271119094781197e-44,6.128887316315433e-139,0.0,0.0,0.0,0.0,0.0,4.349531831235105e-153,0.07455691579216497,4.121100558869342e-93,0.0,0.0,0.0,0.0,0.0,8.520503585228843e-221,0.019923259440988654,2.1654529803985944e-146,0.0,0.0,0.0,0.0,0.0,2.8284582572795983e-157,0.03455211382765584,0.0,0.0,0.0,0.0,0.0,0.0,4.6391724401073846e-150,0.01737475108513226,4.1800514627864636e-269,0.0,0.0,0.0,0.0,0.0,2.2676339764408595e-119,0.020194527599239568,3.158101878873466e-125,0.0,0.0,0.0,0.0,0.0,0.0,0.04708787051685185,0.0,0.0,0.0,0.0,0.0,0.0,0.0,0.0590344646313261,2.4714011677767762e-79,0.0,0.0,0.0,0.0,0.0,1.262431644796334e-126,0.4019428442602107,5.310053378056683e-84,0.0,0.0,0.0,0.0,0.0,3.1085393851702482e-114,0.2325240954050959,1.0547171022660042e-92,0.0,0.0,0.0,0.0,0.0,0.0,0.06915331072800297,1.5431548789057518e-62,0.0,0.0,0.0,0.0,0.0,1.3343540870704723e-235,0.004276999129756745,0.0,0.0,0.0,0.0,0.0,0.0,0.0,0.007598933125817425,0.0,0.0,0.0,0.0,0.0,0.0,0.0,0.003551445688489267,0.0,0.0,0.0,0.0,0.0,0.0,0.0,3.087965263560945e-73,0.0,0.0,0.0,0.0,0.0,0.0,1.0152306587872562e-219,0.0013079097198858052,1.0230650811991379e-163,0.0,0.0,0.0,0.0,0.0,0.0,5.337897683991305e-87,1.932148274300316e-88,0.0,0.0,0.0,0.0,0.0,0.0,9.263770346939105e-25,0.0,0.0,0.0,0.0,0.0,0.0,0.0,7.308435773122694e-52,0.0,0.0,0.0,0.0,0.0,0.0,0.0,1.622007854758613e-48,0.0,0.0,0.0,0.0,0.0,0.0,0.0,5.35576849085601e-57,0.0,0.0,0.0,0.0,0.0,0.0,0.0,4.340112324056603e-235,0.0,0.0,0.0,0.0,0.0,0.0,0.0,1.5776784167115116e-81,0.0,0.0,0.0,0.0,0.0,0.0,0.0,1.0695345851414884e-157,0.0,0.0,0.0,0.0,0.0,0.0,0.0,6.731593354437454e-132,0.0,0.0,0.0,0.0,0.0,0.0,0.0,1.2978765553657149e-90,0.0,0.0,0.0,0.0,0.0,0.0,0.0,5.349581533630102e-86,0.0,0.0,0.0,0.0,0.0,0.0,0.0,5.149308247851373e-76,0.0,0.0,0.0,0.0,0.0,0.0,0.0,0.00692055904938184,0.0,0.0,0.0,0.0,0.0,0.0,0.0,5.215349075790627e-101,0.0,0.0,0.0,0.0,0.0,0.0,0.0,1.6884936714455615e-56,0.0,0.0,0.0,0.0,0.0,0.0,0.0,0.0,0.0,0.0,0.0,0.0,0.0,0.0,0.0,1.575112273516069e-106,0.0,0.0,0.0,0.0,0.0,0.0,0.0,1.0663172848311503e-17,0.0,0.0,0.0,0.0,0.0,0.0,0.0,0.0,0.0,0.0,0.0,0.0,0.0,0.0,0.0,0.0,0.0,0.0,0.0,0.0,0.0,0.0,0.0,3.555896147866723e-57,0.0,0.0,0.0,0.0,0.0,0.0,0.0,0.0,0.0,0.0,0.0,0.0,0.0,0.0,0.0,0.0,0.0,0.0,0.0,0.0,0.0,0.0,0.0,0.0,0.0,0.0,0.0,0.0,0.0,0.0,0.0,0.0,0.0,0.0,0.0,0.0,0.0,0.0,0.0,0.0,0.0,0.0,0.0,0.0,2.470573831586357e-281,0.0,0.0,0.0,0.0,0.0,0.0,0.0,0.0,0.0,0.0,0.0,0.0,0.0,0.0,0.0,0.0,0.0,0.0,0.0,0.0,0.0,0.0,9.83701222264756e-115,0.0,0.0,0.0,0.0,0.0,0.0,0.0,0.0,0.0,0.0,0.0,0.0,0.0,0.0,0.0,0.0,0.0,0.0,0.0,0.0,0.0,0.0,2.9316457104573456e-166,0.0,0.0,0.0,0.0,0.0,0.0,0.0,0.0,0.0,0.0,0.0,0.0,0.0,0.0,0.0,7.890701774496113e-154,0.0,0.0,0.0,0.0,0.0,0.0,1.1472227806964439e-170,0.0,0.0,0.0,0.0,0.0,0.0,0.0,1.89379662342193e-150,0.0,0.0,0.0,0.0,0.0,0.0,0.0,0.0,0.0,0.0,0.0,0.0,0.0,3.7634676407558503e-295,0.0,0.0,0.0,0.0,0.0,0.0,0.0,0.0,0.0,0.0,0.0,0.0,0.0,0.0,0.0,0.0,0.0,0.0,0.0,0.0,0.0,0.0,0.0,0.0,0.0,0.0,0.0,0.0,0.0,0.0,0.0,0.0,0.0,0.0,0.0,0.0,0.0,0.0,0.0,0.0,0.0,0.0,0.0,0.0,0.0,0.0,0.0,0.0,0.0,0.0,0.0,0.0,0.0,0.0,0.0,0.0,0.0,0.0,0.0,0.0,0.0,0.0,0.0,0.0,0.0,0.0,0.0,0.0,0.0,0.0,0.0,0.0,0.0,0.0,0.0,0.0,0.0,0.0,0.0,0.0,0.0,0.0,0.0,0.0,0.0,0.0,0.0,0.0,0.0,0.0,0.0,0.0,0.0,0.0,0.0,0.0,0.0,0.0,0.0,0.0,0.0,0.0,0.0,0.0,0.0,0.0,0.0,0.0,0.0,0.0,0.0,0.0,0.0,0.0,0.0,0.0,0.0,0.0,0.0,0.0,0.0,0.0,0.0,0.0,0.0,0.0,0.0,0.0,0.0,0.0,0.0,0.0,0.0,0.0,0.0,0.0,0.0,0.0,0.0,0.0,0.0,0.0,0.0,0.0,0.0,0.0,0.0,0.0,0.0,0.0,0.0,0.0
0.0,0.0,0.0,0.0,0.0,0.0,0.0,0.0,0.0,0.0,0.0,0.0,0.0,0.0,5.577815169572213e-60,0.0,0.0,0.0,0.0,0.0,0.0,0.0,4.418377216642037e-79,0.0,0.0,0.0,0.0,0.0,0.0,0.0,0.029180197684080467,0.0,0.0,0.0,0.0,0.0,0.0,0.0,3.831310707455692e-206,0.0,0.0,0.0,0.0,0.0,0.0,4.803644757181967e-5,0.05980665395479647,0.0,0.0,0.0,0.0,0.0,0.0,0.0,1.1913605144499014e-50,0.0,0.0,0.0,0.0,0.0,0.0,0.0,2.694858288145188e-47,0.0,0.0,0.0,0.0,0.0,0.0,3.243812450183504e-110,5.155302240287645e-29,0.0,0.0,0.0,0.0,0.0,0.0,0.025855107095684313,0.1099848013156857,0.0,0.0,0.0,0.0,0.0,0.0,0.0867613984250954,1.9649525959010078e-84,0.0,0.0,0.0,0.0,0.0,0.0,1.0148506740520157e-273,7.522719994701885e-30,0.0,0.0,0.0,0.0,0.0,0.0,1.175805039579411e-111,2.585018753978606e-47,0.0,0.0,0.0,0.0,0.0,0.0,0.029394962708061873,0.02931390873109721,0.0,0.0,0.0,0.0,0.0,0.0,4.8292648739176114e-259,0.0638399329204938,0.0,0.0,0.0,0.0,0.0,0.0,8.530430590293509e-43,1.145585260428826e-52,0.0,0.0,0.0,0.0,0.0,0.0,0.03114666987824823,0.04099159731617979,0.0,0.0,0.0,0.0,0.0,0.0,0.03292317835018312,5.518271429710334e-48,0.0,0.0,0.0,0.0,0.0,0.0,4.096330165348469e-98,0.06489766749255378,0.0,0.0,0.0,0.0,0.0,0.0,4.8305989921264416e-8,1.8756646017689495e-171,0.0,0.0,0.0,0.0,0.0,0.0,3.7298526679640908e-6,0.10351578204208732,0.0,0.0,0.0,0.0,0.0,0.0,2.7023849284367793e-154,4.998774545117672e-42,0.0,0.0,0.0,0.0,0.0,0.0,2.269820338241493e-55,4.619834061643529e-71,0.0,0.0,0.0,0.0,0.0,0.0,2.2800919597695084e-101,0.03478981483794448,0.0,0.0,0.0,0.0,0.0,0.0,8.917172802394062e-40,9.643797688981772e-160,0.0,0.0,0.0,0.0,0.0,0.0,2.8989242308923466e-35,0.03587958295932289,0.0,0.0,0.0,0.0,0.0,0.0,6.05163463569954e-199,0.0,0.0,0.0,0.0,0.0,0.0,0.0,1.4604677260392311e-34,0.07635952775829445,0.0,0.0,0.0,0.0,0.0,0.0,0.0,1.181346798762909e-34,0.0,0.0,0.0,0.0,0.0,0.0,7.028855467892223e-82,6.947615945894524e-100,0.0,0.0,0.0,0.0,0.0,0.0,2.8001521021625296e-65,0.0577402827328295,0.0,0.0,0.0,0.0,0.0,0.0,9.195430870830238e-89,1.43e-322,0.0,0.0,0.0,0.0,0.0,0.0,2.8875810916280573e-196,0.0,0.0,0.0,0.0,0.0,0.0,0.0,0.0,7.799031804716306e-160,0.0,0.0,0.0,0.0,0.0,0.0,3.0995969248607016e-115,0.0,0.0,0.0,0.0,0.0,0.0,0.0,0.0,0.0,0.0,0.0,0.0,0.0,0.0,0.0,0.0,0.0,0.0,0.0,0.0,0.0,0.0,0.0,0.0,0.05838436084864136,0.0,0.0,0.0,0.0,0.0,0.0,0.0291827583424901,4.172551695046565e-94,0.0,0.0,0.0,0.0,0.0,0.0,8.718736996672983e-154,2.386677739974804e-63,0.0,0.0,0.0,0.0,0.0,0.0,0.0,0.0,0.0,0.0,0.0,0.0,0.0,0.0,0.0,0.0,0.0,0.0,0.0,0.0,0.0,0.0,0.0,0.0,0.0,0.0,0.0,0.0,0.0,0.0,0.0,0.0,0.0,0.0,0.0,0.0,0.0,0.0,0.0,0.0,0.0,0.0,0.0,0.0,0.0,0.0,0.0,0.0,0.0,0.0,0.0,0.0,0.0,0.0,0.0,0.0,0.0,0.0,0.0,0.0,3.615636513546998e-294,0.0,0.0,0.0,0.0,0.0,0.0,0.0,0.0,0.0,0.0,0.0,0.0,0.0,0.0,0.0,2.9137434156334274e-252,0.0,0.0,0.0,0.0,0.0,0.0,0.0,0.0,0.0,0.0,0.0,0.0,0.0,0.0,1.5148742e-316,0.0,0.0,0.0,0.0,0.0,0.0,0.0,0.0,1.0699674035411674e-20,0.0,0.0,0.0,0.0,0.0,0.0,0.0,0.0,0.0,0.0,0.0,0.0,0.0,0.0,0.0,0.0,0.0,0.0,0.0,0.0,0.0,0.0,0.0,0.0,0.0,0.0,0.0,0.0,0.0,0.0,0.0,0.0,0.0,0.0,0.0,0.0,0.0,0.0,0.0,0.0,0.0,0.0,0.0,0.0,4.8841218096440605e-114,0.0,0.0,0.0,0.0,0.0,0.0,0.0,1.623079829493e-312,0.0,0.0,0.0,0.0,0.0,0.0,0.0,0.0,0.0,0.0,0.0,0.0,0.0,0.0,0.0,0.0,0.0,0.0,0.0,0.0,0.0,0.0,0.0,0.0,0.0,0.0,0.0,0.0,0.0,0.0,0.0,0.0,0.0,0.0,0.0,0.0,0.0,0.0,0.0,0.0,0.0,0.0,0.0,0.0,0.0,0.0,0.0,0.0,0.0,0.0,0.0,0.0,0.0,0.0,0.0,0.0,0.0,0.0,0.0,0.0,0.0,0.0,0.0,0.0,0.0,0.0,0.0,0.0,0.0,0.0,0.0,0.0,0.0,0.0,0.0,0.0,0.0,0.0,4.1950825360064865e-302,8.545454315318916e-279,0.0,0.0,0.0,0.0,0.0,0.0,0.0,0.0,0.0,0.0,0.0,0.0,0.0,0.0,1.8883e-320,0.0,0.0,0.0,0.0,0.0,0.0,0.0,0.0,0.0,0.0,0.0,0.0,0.0,0.0,0.0,0.0,0.0,0.0,0.0,0.0,0.0,0.0,0.0,0.0,0.0,8.300334820185187e-251,0.0,0.0,0.0,0.0,0.0,0.0,0.0,0.0,0.0,0.0,0.0,0.0,0.0,0.0,0.0,0.0,0.0,0.0,4.617471717403261e-54,0.0,0.0,0.0,0.0,0.0,0.0,0.0,0.0,0.0,0.0,0.0,0.0,0.0,0.0,0.0,0.0,0.0,0.0,0.0,0.0,0.0,0.0,0.0,0.0,0.0,0.0,0.0,0.0,0.0,0.0,0.0,0.0,0.0,0.0,0.0,0.0,0.0,0.0
0.0,0.0,0.0,0.0,0.0,0.0,0.0,0.0,0.0,0.0,0.0,0.0,0.0,0.0,0.0,0.0,0.0,0.0,0.0,0.0,0.0,0.0,0.0,0.0,1.2296783284949631e-85,0.0,0.0,0.0,0.0,0.0,0.0,0.0,0.0,0.0,0.0,0.0,0.0,0.0,0.0,0.0,5.873080043954782e-143,0.0,0.0,0.0,0.0,0.0,0.0,0.0,3.3067272587653427e-149,0.0,0.0,0.0,0.0,0.0,0.0,0.0,0.0005369371497484886,0.0,0.0,0.0,0.0,0.0,0.0,0.0,0.0,6.37200642556922e-40,0.0,0.0,0.0,0.0,0.0,0.0,2.934877734851366e-125,0.0,0.0,0.0,0.0,0.0,0.0,0.0,0.0,0.011691093377004346,0.0,0.0,0.0,0.0,0.0,0.0,4.920709916258077e-53,9.792255232767203e-187,0.0,0.0,0.0,0.0,0.0,0.0,1.4169401167567135e-21,0.01372757234449755,0.0,0.0,0.0,0.0,0.0,0.0,9.867485987786563e-16,0.01588374133707058,0.0,0.0,0.0,0.0,0.0,0.0,0.11282167473343403,0.028226925818146835,0.0,0.0,0.0,0.0,0.0,0.0,0.07485891274069924,5.102103755747351e-59,0.0,0.0,0.0,0.0,0.0,0.0,1.3358872280210246e-189,0.0,0.0,0.0,0.0,0.0,0.0,0.0,4.063245128222738e-40,1.2155847597403265e-64,0.0,0.0,0.0,0.0,0.0,0.0,6.606866138511863e-52,0.0,0.0,0.0,0.0,0.0,0.0,0.0,0.02002552370487631,6.813352494267878e-11,0.0,0.0,0.0,0.0,0.0,0.0,0.05124284012755638,0.0400719459588826,0.0,0.0,0.0,0.0,0.0,0.0,0.04681843554163696,4.1004167728481584e-42,0.0,0.0,0.0,0.0,0.0,0.0,0.09915259012357702,0.0,0.0,0.0,0.0,0.0,0.0,0.0,5.91455080335816e-99,0.02289300557518524,0.0,0.0,0.0,0.0,0.0,0.0,2.3588994880045044e-15,3.006075047612862e-40,0.0,0.0,0.0,0.0,0.0,0.0,0.020797127221672828,2.4848088408001086e-44,0.0,0.0,0.0,0.0,0.0,0.0,0.020321083520324797,0.0,0.0,0.0,0.0,0.0,0.0,0.0,0.13460455884358327,9.591189427207003e-137,0.0,0.0,0.0,0.0,0.0,0.0,0.03158837850148015,3.699046024432315e-80,0.0,0.0,0.0,0.0,0.0,0.0,0.013751904626184978,2.5364963688097578e-52,0.0,0.0,0.0,0.0,0.0,0.0,1.0506684836905779e-138,2.2628825784746623e-206,0.0,0.0,0.0,0.0,0.0,0.0,5.336464525421028e-59,5.953396359414473e-7,0.0,0.0,0.0,0.0,0.0,0.0,0.01370769698318511,1.9587903708672836e-86,0.0,0.0,0.0,0.0,0.0,0.0,0.02856579613285515,8.593026888525048e-34,0.0,0.0,0.0,0.0,0.0,0.0,8.824271827291695e-200,2.608477541057849e-84,0.0,0.0,0.0,0.0,0.0,0.0,0.013745404895805032,2.6079874006245563e-33,0.0,0.0,0.0,0.0,0.0,0.0,0.0,2.681800879003627e-67,0.0,0.0,0.0,0.0,0.0,0.0,0.0,4.312942077652646e-49,0.0,0.0,0.0,0.0,0.0,0.0,1.054336e-318,1.1496694373811733e-144,0.0,0.0,0.0,0.0,0.0,0.0,5.716639421434526e-228,0.0,0.0,0.0,0.0,0.0,0.0,0.0,2.7163193947436933e-169,0.0,0.0,0.0,0.0,0.0,0.0,0.0,0.04001684806671,7.362991085722755e-9,0.0,0.0,0.0,0.0,0.0,0.0,0.0,0.0,8.475408694272744e-271,0.0,0.0,0.0,0.0,0.0,0.009376540519250517,0.013727603753534576,0.0,0.0,0.0,0.0,0.0,0.0,1.1860401875451568e-208,8.65574876844977e-139,0.0,0.0,0.0,0.0,0.0,0.0,5.38655601843186e-253,1.3957e-320,0.0,0.0,0.0,0.0,0.0,0.0,4.484648677909916e-44,0.0,0.0,0.0,0.0,0.0,0.0,0.0,0.0,0.0,0.0,0.0,0.0,0.0,0.0,0.0549103107847946,0.0,0.0,0.0,0.0,0.0,0.0,0.0,1.8816099808686533e-176,0.0,0.0,0.0,0.0,0.0,0.0,0.0,1.1657947527141547e-140,0.0,0.0,0.0,0.0,0.0,0.0,0.0,0.0,0.0,0.0,0.0,0.0,0.0,0.013195040919152426,0.0274551446889951,0.0,0.0,0.0,0.0,0.0,0.0,0.0,4.993694810206705e-183,0.0,0.0,0.0,0.0,0.0,0.0,0.0,0.0,0.0,0.0,0.0,0.0,0.0,0.0,0.0,0.0,0.0,0.0,0.0,0.0,0.0,0.0,0.0,0.0,0.0,0.0,0.0,0.0,0.0,3.090069554438732e-195,0.0,0.0,0.0,0.0,0.0,0.0,1.1963901905781928e-72,0.0,0.0,0.0,0.0,0.0,0.0,0.0,4.22814141825439e-56,1.2505075057111207e-105,0.0,0.0,0.0,0.0,0.0,0.012989140978808074,0.0,0.0,0.0,0.0,0.0,0.0,0.0,0.0,0.0,0.0,0.0,0.0,0.0,0.0,0.0,0.013295618260583968,0.0,0.0,0.0,0.0,0.0,0.0,0.0,0.0,0.0,0.0,0.0,0.0,0.0,0.0,0.0,0.0,0.0,0.0,0.0,0.0,0.0,0.0,0.0,0.0,0.0,0.0,0.0,0.0,0.0,0.0,0.0,0.0,0.0,0.0,0.0,0.0,0.0,0.0,0.0,0.0,0.0,0.0,0.0,0.0,0.0,0.0,0.0,0.0,0.0,0.0,0.0,0.0,0.0,0.0,0.0,0.0,0.0,0.0,0.0,0.0,0.0,0.0,0.0,0.0,9.606592828032112e-140,0.0,0.0,0.0,0.0,0.0,0.0,0.0,0.0,0.0,0.0,0.0,0.0,0.0,0.0,0.0,0.0,0.0,0.0,0.0,0.0,0.0,0.0,0.0,0.0,0.0,0.0,0.0,0.0,0.0,0.0,0.0,0.0,0.0,0.0,0.0,0.0,0.0,0.0,0.0,4.4456549359027284e-27,0.0,0.0,0.0,0.0,0.0,0.0,0.0,0.0,0.0,0.0,0.0,0.0,0.0,0.0,0.0,0.0,0.0,0.0,0.0,0.0,0.0,0.0,0.0,0.0,3.837719299646595e-167,0.0,0.0,0.0,0.0,0.0,0.0,0.0,0.0,0.0,0.0,0.0,0.0,0.0,0.0,0.0,0.0,0.0,0.0,0.0,0.0,0.0,0.0,0.0,0.0,0.0,0.0,0.0,0.0,0.0,0.0
0.0,0.0,0.0,0.0,0.0,0.0,0.0,0.0,0.0,0.0,0.0,2.696580248825602e-266,0.0,0.0,0.0,0.0,0.0,0.0,0.0,7.709082370325807e-207,0.0,0.0,0.0,0.0,0.0,0.0,0.0,7.401101679175769e-167,0.0,0.0,0.0,0.0,0.0,0.0,0.0,8.305637038403943e-131,0.0,0.0,0.0,0.0,0.0,0.0,0.0,1.1683298294866785e-189,0.0,0.0,0.0,0.0,0.0,0.0,0.0,5.817047451460687e-104,0.0,0.0,0.0,0.0,0.0,0.0,0.0,3.2673308901513997e-85,0.0,0.0,0.0,0.0,0.0,0.0,0.0,1.4981637617533807e-97,0.0,0.0,0.0,0.0,0.0,0.0,6.208515902551215e-259,3.956126311742962e-99,5.72023509436546e-206,0.0,0.0,0.0,0.0,0.0,5.2269400400585785e-143,4.2328380471611125e-68,1.2322658167035216e-183,0.0,0.0,0.0,0.0,0.0,1.0043160515275087e-240,4.042754132669453e-29,2.887733790242765e-222,0.0,0.0,0.0,0.0,0.0,0.0,1.757289171013853e-27,0.0,0.0,0.0,0.0,0.0,0.0,2.3726832534833992e-92,6.206319015919093e-23,4.324310108554931e-202,0.0,0.0,0.0,0.0,0.0,1.2076251942219023e-72,1.6814837516390541e-18,1.3906761515843723e-224,0.0,0.0,0.0,0.0,0.0,0.0,6.19417844868523e-39,0.0,0.0,0.0,0.0,0.0,0.0,1.4854194581907777e-106,1.6174651844477065e-43,2.036884695616835e-35,0.0,0.0,0.0,0.0,0.0,1.3972263781480535e-103,0.4495620338139554,3.1105268399405085e-117,0.0,0.0,0.0,0.0,0.0,5.164161312179702e-77,0.4495620363533024,1.6499774742944834e-86,0.0,0.0,0.0,0.0,0.0,4.187840820183669e-102,0.0929190796326075,4.497534937129726e-110,0.0,0.0,0.0,0.0,0.0,0.0,5.556317714056534e-97,0.0,0.0,0.0,0.0,0.0,0.0,0.0,0.003978425099662976,9.91534625800137e-198,0.0,0.0,0.0,0.0,0.0,0.0,0.0,0.0,0.0,0.0,0.0,0.0,0.0,0.0,1.4438277754811063e-181,0.0,0.0,0.0,0.0,0.0,0.0,0.0,8.047904234902589e-244,0.0,0.0,0.0,0.0,0.0,0.0,0.0,0.0,0.0,0.0,0.0,0.0,0.0,0.0,0.0,0.0,0.0,0.0,0.0,0.0,0.0,0.0,1.2001573658700154e-127,4.543739293329507e-193,0.0,0.0,0.0,0.0,0.0,0.0,0.0,0.003978425100471703,0.0,0.0,0.0,0.0,0.0,0.0,0.0,0.0,0.0,0.0,0.0,0.0,0.0,0.0,0.0,0.0,0.0,0.0,0.0,0.0,0.0,0.0,0.0,0.0,0.0,0.0,0.0,0.0,0.0,0.0,0.0,0.0,0.0,0.0,0.0,0.0,0.0,0.0,0.0,0.0,0.0,0.0,0.0,0.0,0.0,0.0,0.0,0.0,0.0,0.0,0.0,0.0,0.0,0.0,0.0,0.0,0.0,0.0,0.0,0.0,0.0,0.0,0.0,0.0,0.0,0.0,0.0,0.0,0.0,0.0,0.0,0.0,0.0,0.0,0.0,0.0,0.0,0.0,0.0,0.0,0.0,0.0,0.0,0.0,0.0,0.0,0.0,0.0,0.0,0.0,0.0,0.0,0.0,0.0,0.0,0.0,0.0,0.0,0.0,0.0,0.0,0.0,0.0,0.0,0.0,0.0,0.0,0.0,0.0,0.0,0.0,0.0,0.0,0.0,0.0,0.0,0.0,0.0,0.0,0.0,0.0,0.0,0.0,0.0,0.0,0.0,0.0,0.0,0.0,0.0,0.0,0.0,0.0,0.0,0.0,0.0,0.0,0.0,0.0,0.0,0.0,0.0,0.0,0.0,0.0,0.0,0.0,0.0,0.0,0.0,0.0,0.0,0.0,0.0,0.0,0.0,0.0,0.0,0.0,0.0,0.0,0.0,0.0,0.0,0.0,0.0,0.0,0.0,0.0,0.0,0.0,0.0,0.0,0.0,0.0,0.0,0.0,0.0,0.0,0.0,0.0,0.0,0.0,0.0,0.0,0.0,0.0,0.0,0.0,0.0,0.0,0.0,0.0,0.0,0.0,0.0,0.0,0.0,0.0,0.0,0.0,0.0,0.0,0.0,0.0,0.0,0.0,0.0,0.0,0.0,0.0,0.0,0.0,0.0,0.0,0.0,0.0,0.0,0.0,0.0,0.0,0.0,0.0,0.0,0.0,0.0,0.0,0.0,0.0,0.0,0.0,0.0,0.0,0.0,0.0,0.0,0.0,0.0,0.0,0.0,0.0,0.0,0.0,0.0,0.0,0.0,0.0,0.0,0.0,0.0,0.0,0.0,0.0,0.0,0.0,0.0,0.0,0.0,0.0,0.0,0.0,0.0,0.0,0.0,0.0,0.0,0.0,0.0,0.0,0.0,0.0,0.0,0.0,0.0,0.0,0.0,0.0,0.0,0.0,0.0,0.0,0.0,0.0,0.0,0.0,0.0,0.0,0.0,0.0,0.0,0.0,0.0,0.0,0.0,0.0,0.0,0.0,0.0,0.0,0.0,0.0,0.0,0.0,0.0,0.0,0.0,0.0,0.0,0.0,0.0,0.0,0.0,0.0,0.0,0.0,0.0,0.0,0.0,0.0,0.0,0.0,0.0,0.0,0.0,0.0,0.0,0.0,0.0,0.0,0.0,0.0,0.0,0.0,0.0,0.0,0.0,0.0,0.0,0.0,0.0,0.0,0.0,0.0,0.0,0.0,0.0,0.0,0.0,0.0,0.0,0.0,0.0,0.0,0.0,0.0,0.0,0.0,0.0,0.0,0.0,0.0,0.0,0.0,0.0,0.0,0.0,0.0,0.0,0.0,0.0,0.0,0.0,0.0,0.0,0.0,0.0,0.0,0.0,0.0,0.0,0.0,0.0,0.0,0.0,0.0,0.0,0.0,0.0,0.0,0.0,0.0,0.0,0.0,0.0,0.0,0.0,0.0,0.0,0.0,0.0,0.0,0.0,0.0,0.0,0.0,0.0,0.0,0.0,0.0,0.0,0.0,0.0,0.0,0.0,0.0,0.0,0.0,0.0,0.0,0.0,0.0,0.0,0.0
0.0,0.0,0.0,0.0,0.0,0.0,0.0,0.0,0.0,0.0,0.0,0.0,0.0,0.0,0.0,0.0,0.0,0.0,0.0,0.0,0.0,0.0,0.0,0.0,0.0,0.0,0.0,0.0,0.0,0.0,0.0,0.0,0.0,0.0,0.0,0.0,0.0,0.0,0.0,0.0,0.0,0.0,0.0,0.0,0.0,0.0,0.0,0.0,0.0,0.0,0.0,0.0,0.0,0.0,0.0,0.0,0.0,0.0,0.0,0.0,0.0,0.0,0.0,0.0,0.0,0.0,0.0,0.0,0.0,0.0,0.0,0.0,0.0,0.0,0.0,0.0,0.0,0.0,0.0,5.663534877409679e-212,0.0,0.0,0.0,0.0,0.0,0.0,0.0,5.5331466601211356e-201,0.0,0.0,0.0,0.0,0.0,0.0,0.0,0.0,0.0,0.0,0.0,0.0,0.0,0.0,0.0,0.0,0.0,0.0,0.0,0.0,0.0,0.0,0.0,0.0,0.0,0.0,0.0,0.0,0.0,0.0,0.0,0.0,0.0,0.0,0.0,0.0,0.0,0.0,0.0,2.1624291358664272e-116,0.0,0.0,0.0,0.0,0.0,0.0,0.0,0.0,0.0,0.0,0.0,0.0,0.0,0.0,0.0,0.0,0.0,0.0,0.0,0.0,0.0,0.0,0.0,0.0,0.0,0.0,0.0,0.0,0.0,0.0,0.0,0.0,0.0,0.0,0.0,0.0,0.0,0.0,0.0,9.606082753335396e-151,0.0,3.518273195363296e-236,0.0,0.0,0.0,0.0,0.0,0.0,0.0,0.0,0.0,0.0,0.0,0.0,0.0,0.025802135458972968,0.0,0.0,0.0,0.0,0.0,0.0,0.0,0.0,0.0,0.0,0.0,0.0,0.0,0.0,0.0,0.0,0.0,0.0,0.0,0.0,0.0,0.0,0.0,0.0,0.0,0.0,0.0,0.0,0.0,0.0,0.0,0.025815888943302154,0.0,0.0771314781329939,0.0,0.0,0.0,0.0,0.0,0.0,0.0,0.0267558145370307,0.0,0.0,0.0,0.0,0.0,1.360552498927009e-128,0.0,2.0434939571242667e-267,0.0,0.0,0.0,0.0,0.0,1.5e-323,0.0,0.0,0.0,0.0,0.0,0.0,0.0,3.4734505083446425e-180,0.0,0.0,0.0,0.0,0.0,0.0,0.0,0.0,0.0,0.0,0.0,0.0,0.0,0.0,0.0,0.0,0.0,0.0,0.0,0.0,0.0,0.0,0.0,0.0,0.0,1.259371126523025e-185,0.0,0.0,0.0,0.0,0.0,0.0,0.0,0.0,0.0,0.0,0.0,0.0,0.0,0.0,0.0,3.680885791206509e-186,0.0,0.0,0.0,0.0,0.0,0.0,0.0,2.3539119925898295e-223,0.0,0.0,0.0,0.0,0.0,0.0,0.0,0.0,0.0,0.0,0.0,0.0,0.0,0.0,0.0,2.347139182763416e-305,0.0,0.0,0.0,0.0,0.0,0.0,0.0,0.05163189736132411,0.0,0.0,0.0,0.0,0.0,0.0,0.0,3.4123517291732864e-215,0.0,0.0,0.0,0.0,0.0,0.0,0.0,0.0,0.0,0.0,0.0,0.0,0.0,0.0,0.0,0.0,0.0,0.0,0.0,0.0,0.0,0.0,0.0,0.02546091706894208,0.0,0.0,0.0,0.0,0.0,0.0,0.0,0.0,0.0,0.0,0.0,0.0,0.0,0.0,5.747139176705292e-165,0.0,0.0,0.0,0.0,0.0,0.0,0.07744766682990631,0.0,0.0,0.0,0.0,0.0,8.536948933795585e-146,0.0,0.025815888943302154,0.0,0.0,0.0,0.0,0.0,0.0,0.0,0.02674246570739851,0.0,0.0,0.0,0.0,0.0,0.025815888943302154,0.0,2.9196886387535654e-97,0.0,0.0,0.0,0.0,0.0,0.0,0.025815888943302154,0.0,0.0,0.0,0.0,0.0,0.05163177788660431,0.0,0.0,0.0,0.0,0.0,0.0,0.0,0.0,0.0,0.10253350484856667,0.0,0.0,0.0,1.2740800542530334e-303,1.0134701462408e-254,0.0,0.025815888943302154,0.0,0.0,0.0,0.0,0.0,0.0,0.0,0.0,0.0,0.0,0.0,0.0,0.0,0.0,0.0,0.0,0.0,0.0,0.0,0.0,1.7999531179832956e-179,0.0,0.07368292098378207,0.0,0.0,0.0,0.0,0.0,0.0,0.0,2.1590115421989902e-77,0.0,0.0,0.0,0.0,0.0,0.10203673878321759,0.0,0.0,0.0,0.0,0.0,0.0,0.0,0.0,0.0,0.0,0.0,0.0,0.0,0.0,0.0,0.0,4.6042204235269754e-94,0.0,0.0,0.0,0.0,0.0,0.0,0.0,9.454946e-317,0.0,0.0,0.0,0.0,0.0,2.2015584697189908e-218,0.0,0.0,0.0,0.0,0.0,0.0,5.485874127119377e-246,0.0,0.0,0.0,0.0,0.0,0.0,0.0,0.0,0.0,0.0,0.0,0.0,0.0,0.0,0.0,0.0,0.0,0.0,0.0,1.2823086769433413e-150,0.0,2.694130261995867e-94,0.0,0.0,0.0,0.0,1.5381909908508372e-155,0.0,0.0,0.0,0.0,0.0,0.0,4.542345004757049e-115,0.0,0.0,0.0,0.0,0.0,0.0,0.0,9.020551330383592e-307,0.0,0.0,0.0,0.0,0.0,0.0,0.05163177788660431,0.0,1.926468503119425e-92,0.0,0.0,0.0,0.0,0.0,0.0,0.0,0.0,0.0,0.0,0.0,0.0,0.0,0.0,0.0,0.0,0.0,0.0,0.0,0.025815888939779794,0.0,0.05163177788660431,0.0,0.0,0.0,0.04935201508515719,0.0,0.05163177788660431,0.0,0.0,0.0,0.0,0.0,0.0,0.0,0.0,0.0,0.0,0.0,0.0,0.0,0.0,0.0,0.0,0.0,0.0,0.0,0.0,0.0,0.0,0.0,0.0,0.0,0.0,0.0,0.0,0.0,0.0,0.0,0.0,0.0,0.0,0.0,0.0,0.0,0.0,0.0,0.0,0.0,0.0,0.0,0.0,0.0,0.0,0.0,0.0,0.0,0.0,0.0,0.0,0.0,0.0,0.0,0.0,0.0,0.0,0.0,0.0,0.0,0.0,0.0,0.0,0.0,0.0,0.0
0.0,0.0,0.0,0.0,0.0,0.0,0.0,0.0,0.0,0.0,0.0,0.0,0.0,0.0,0.0,0.0,0.0,0.0,0.0,0.0,0.0,0.0,0.0,0.0,0.0,0.0,0.0,0.0,0.0,0.0,0.0,0.0,0.0,0.0,0.0,0.0,0.0,0.0,0.0,0.0,0.0,0.0,0.0,0.0,0.0,0.0,0.0,0.0,0.0,0.0,0.0,0.0,0.0,0.0,0.0,0.0,0.0,0.0,0.0,0.0,0.0,0.0,0.0,0.0,0.0,7.792044605443298e-204,4.619536686126104e-79,0.0,0.0,0.0,0.0,0.0,0.0,0.0,0.0,0.0,0.0,0.0,0.0,0.0,0.0,5.212819516771311e-231,0.0,0.0,0.0,0.0,0.0,0.0,0.0,1.44741780376088e-124,0.0,0.0,0.0,0.0,0.0,0.0,0.0,4.9291970305198564e-213,0.0,0.0,0.0,0.0,0.0,0.0,0.0,4.0165686670098455e-251,7.882066544125254e-149,0.0,0.0,0.0,0.0,0.0,9.303697915832767e-182,1.6922254527569766e-83,0.0,0.0,0.0,0.0,0.0,0.0,0.0,0.009770227217088173,1.9588105550262856e-107,0.0,0.0,0.0,0.0,0.0,0.0,0.008312420366953116,0.0,0.0,0.0,0.0,0.0,0.0,0.0,0.0065124279555691415,2.9189361483836405e-81,0.0,0.0,0.0,0.0,0.0,0.0,1.5657270450168638e-6,2.1765696637422464e-93,0.0,0.0,0.0,0.0,0.0,1.0154565303683298e-177,3.5328617894201096e-9,9.272325311523813e-204,0.0,0.0,0.0,0.0,0.0,0.0,1.5610172608353368e-12,4.57979933878411e-108,0.0,0.0,0.0,0.0,0.0,1.1619987783691597e-128,0.0878556974117536,0.0,0.0,0.0,0.0,0.0,0.0,7.5315788655177e-311,0.12837068153875716,1.7820082499979094e-111,0.0,0.0,0.0,0.0,0.0,1.606558060273765e-209,0.22465578284869647,3.5576420512270905e-89,0.0,0.0,0.0,0.0,0.0,1.140513313673201e-165,0.1272925599851065,1.7684468496063867e-95,0.0,0.0,0.0,0.0,0.0,1.551453346673282e-270,0.09973253484138704,2.3383609919453326e-99,0.0,0.0,0.0,0.0,0.0,5.219448765743144e-97,0.17874228694070185,2.4876750950357773e-102,0.0,0.0,0.0,0.0,0.0,9.849541332479993e-195,0.1277849550609307,4.0180702845919587e-53,0.0,0.0,0.0,0.0,0.0,2.0317508875956692e-243,5.1101459962823926e-8,0.0,0.0,0.0,0.0,0.0,0.0,1.834526434031986e-278,1.7836709736553068e-14,7.885187023053138e-40,0.0,0.0,0.0,0.0,0.0,7.506884177023577e-197,6.946190071755502e-71,1.363490251341133e-206,0.0,0.0,0.0,0.0,0.0,7.555297438621863e-114,4.423191788618145e-68,2.502822331610564e-155,0.0,0.0,0.0,0.0,0.0,0.0,6.891518587019541e-51,4.565134034160417e-308,0.0,0.0,0.0,0.0,0.0,1.7343640755063137e-196,5.34554587806875e-28,0.0,0.0,0.0,0.0,0.0,0.0,0.0,1.7545348621104012e-69,1.9497387e-317,0.0,0.0,0.0,0.0,0.0,1.4709555144311594e-167,1.976501318077717e-51,0.0,0.0,0.0,0.0,0.0,0.0,0.0,1.2911018312495696e-138,0.0,0.0,0.0,0.0,0.0,0.0,0.0,1.7868200926643906e-83,2.467883333810848e-96,0.0,0.0,0.0,0.0,0.0,0.0,1.8214969190466114e-297,0.0,0.0,0.0,0.0,0.0,0.0,1.5843559460882498e-218,1.1586587609244068e-108,0.0,0.0,0.0,0.0,0.0,0.0,2.4753041469361505e-231,5.159002364358811e-258,0.0,0.0,0.0,0.0,0.0,0.0,7.4137710239791915e-112,1.1776880086236934e-172,0.0,0.0,0.0,0.0,0.0,0.0,0.0,0.0,1.177665841310459e-19,0.0,0.0,0.0,0.0,0.0,0.0,7.066960020111346e-103,0.0,0.0,0.0,0.0,0.0,0.0,0.0,0.0009688054701105119,0.0,0.0,0.0,0.0,0.0,0.0,2.853144579751264e-180,1.5981393140159232e-184,0.0,0.0,0.0,0.0,0.0,0.0,9.791622917424236e-294,0.0,0.0,0.0,0.0,0.0,0.0,1.7513760613860754e-272,0.0,0.0,0.0,0.0,0.0,0.0,0.0,0.0,0.0,0.0,0.0,0.0,0.0,0.0,0.0,3.5192328160458484e-234,0.0,0.0,0.0,0.0,0.0,0.0,0.0,0.0,0.0,0.0,0.0,0.0,0.0,0.0,0.0,0.0,0.0,0.0,0.0,0.0,0.0,0.0,0.0,0.0,0.0,0.0,0.0,0.0,0.0,0.0,1.470012817456741e-153,0.0,0.0,0.0,0.0,0.0,0.0,0.0,0.0,0.0,0.0,0.0,0.0,0.0,0.0,0.0,0.0,0.0,0.0,0.0,0.0,0.0,0.0,0.0,0.0,0.0,0.0,0.0,0.0,0.0,0.0,0.0,0.0,0.0,0.0,0.0,0.0,0.0,1.4474221234430472e-284,0.0,0.0,0.0,0.0,0.0,0.0,0.0,6.371467715895363e-71,0.0,0.0,0.0,0.0,0.0,0.0,1.0809289699605046e-242,0.0,0.0,0.0,0.0,0.0,0.0,0.0,0.0,0.0,0.0,0.0,0.0,0.0,0.0,5.385306209890039e-50,0.0,0.0,0.0,0.0,0.0,0.0,0.0,0.0,0.0,0.0,0.0,0.0,0.0,0.0,0.0,0.0,0.0,0.0,0.0,0.0,0.0,0.0,0.0,0.0,0.0,0.0,0.0,0.0,0.0,0.0,0.0,0.0,0.0,0.0,0.0,0.0,0.0,0.0,0.0,0.0,0.0,0.0,0.0,0.0,0.0,0.0,0.0,0.0,0.0,3.359476752825168e-222,0.0,0.0,0.0,0.0,0.0,0.0,0.0,0.0,0.0,0.0,0.0,0.0,0.0,0.0,1.581273495953757e-176,0.0,0.0,0.0,0.0,0.0,0.0,0.0,0.0,0.0,0.0,0.0,0.0,0.0,0.0,0.0,0.0,0.0,0.0,0.0,0.0,0.0,0.0,0.0,0.0,0.0,0.0,0.0,0.0,0.0,0.0,0.0,0.0,0.0,0.0,0.0,0.0,0.0,0.0,0.0,0.0,0.0,0.0,0.0,0.0,0.0,0.0,0.0,0.0,0.0,0.0,0.0,0.0,0.0,0.0,0.0,0.0,0.0,0.0,0.0,0.0,0.0,0.0,0.0,0.0,0.0,0.0,0.0,0.0,0.0,0.0,0.0,0.0,0.0,0.0,0.0,0.0,0.0,0.0,0.0,0.0,0.0,0.0,0.0,0.0,0.0,0.0,0.0,0.0,0.0,0.0,0.0,0.0,0.0,0.0,0.0
0.0,0.0,0.0,0.0,0.0,0.0,0.0,0.0,0.0,0.0,0.0,0.0,0.0,0.0,0.0,0.0,0.0,0.0,0.0,0.0,0.0,0.0,0.0,0.0,0.0,0.0,0.0,0.0,0.0,0.0,0.0,0.0,0.0,0.0,0.0,0.0,0.0,0.0,0.0,0.0,0.0,0.0,0.0,0.0,0.0,0.0,0.0,0.0,0.0,0.0,0.0,0.0,0.0,0.0,0.0,0.0,0.0,0.0,0.0,0.0,0.0,0.0,0.0,0.0,0.0,0.0,0.0,0.0,0.0,0.0,0.0,0.0,0.0,0.0,0.0,0.0,0.0,0.0,0.0,0.0,0.0,0.0,0.0,0.0,0.0,0.0,0.0,0.0,0.0,0.0,0.0,0.0,0.0,0.0,0.0,0.0,0.0,0.0,0.0,0.0,0.0,0.0,0.0,0.0,0.0,6.889923873775574e-262,0.0,0.0,0.0,0.0,0.0,0.0,5.968704757461929e-160,3.890280167146325e-118,0.0,0.0,0.0,0.0,0.0,0.0,0.0,5.256801709147696e-115,0.0,0.0,0.0,0.0,0.0,0.0,0.0,3.6546857912681646e-247,0.0,0.0,0.0,0.0,0.0,0.0,0.0,1.0878259056324276e-9,3.73509680947998e-133,0.0,0.0,0.0,0.0,0.0,0.0,2.082111643951737e-28,0.0,0.0,0.0,0.0,0.0,0.0,1.9950137768903005e-120,0.05865950776532303,0.0,0.0,0.0,0.0,0.0,0.0,0.0,6.677644043403682e-72,0.0,0.0,0.0,0.0,0.0,0.0,3.458276874589993e-142,1.2092886374279185e-29,0.0,0.0,0.0,0.0,0.0,0.0,3.3543512369775916e-129,1.1875036712603772e-82,0.0,0.0,0.0,0.0,0.0,0.0,1.4907307782126193e-153,4.2043580755687844e-51,2.450238828976345e-44,0.0,0.0,0.0,0.0,0.0,4.214266046099893e-133,4.160279977239361e-39,2.0746710309335992e-296,0.0,0.0,0.0,0.0,0.0,6.613074728069368e-97,0.10982941126575603,0.0,0.0,0.0,0.0,0.0,0.0,8.02377696263513e-83,0.02007182212060049,1.2971960913131927e-66,0.0,0.0,0.0,0.0,0.0,3.106691821106638e-216,0.03424486944316177,4.952278381997567e-134,0.0,0.0,0.0,0.0,0.0,2.6205229647004268e-201,0.5028955192993808,0.0,0.0,0.0,0.0,0.0,0.0,6.515558170291148e-223,0.044924793947941036,1.5240950727265415e-113,0.0,0.0,0.0,0.0,0.0,0.0,2.429848128656266e-52,3.083894406089335e-97,0.0,0.0,0.0,0.0,0.0,1.6944576954361243e-118,0.05448051261120263,2.9619272609135637e-285,0.0,0.0,0.0,0.0,0.0,0.0,0.02135298136172005,1.5655884375785471e-105,0.0,0.0,0.0,0.0,0.0,0.0,2.7188979740927198e-11,5.109461546129587e-221,0.0,0.0,0.0,0.0,0.0,0.0,0.027316756087886883,2.8833061566709605e-86,0.0,0.0,0.0,0.0,0.0,6.31220653393565e-229,1.964082228089162e-51,6.669384849429625e-180,0.0,0.0,0.0,0.0,0.0,0.0,4.824575239562064e-119,0.0,0.0,0.0,0.0,0.0,0.0,0.0,0.03235615562804689,3.1260042044611684e-41,0.0,0.0,0.0,0.0,0.0,0.0,0.04010847836356492,0.0,0.0,0.0,0.0,0.0,0.0,1.6711275187942518e-224,1.842177066789747e-304,7.636288483772288e-56,0.0,0.0,0.0,0.0,0.0,0.0,4.943625809878821e-161,0.0,0.0,0.0,0.0,0.0,0.0,6.331453359637692e-121,1.537825971817882e-215,0.0,0.0,0.0,0.0,0.0,0.0,0.0,0.0,0.0,0.0,0.0,0.0,0.0,0.0,0.0,2.9377372030285384e-75,0.0,0.0,0.0,0.0,0.0,0.0,0.0,0.011614826836122786,0.0,0.0,0.0,0.0,0.0,0.0,1.760673370871345e-166,1.1573264649251059e-9,0.0,0.0,0.0,0.0,0.0,0.0,1.4272675577144827e-279,0.0,0.0,0.0,0.0,0.0,0.0,0.0,0.0,0.0,0.0,0.0,0.0,0.0,0.0,0.0,0.0,0.0,0.0,0.0,0.0,0.0,0.0,2.380879460405886e-189,0.014048120998983794,0.0,0.0,0.0,0.0,0.0,0.0,0.0,0.0,0.0,0.0,0.0,0.0,0.0,0.0,0.0,0.0,0.0,0.0,0.0,0.0,0.0,0.0,0.0,0.0,0.0,0.0,0.0,0.0,0.0,6.60508606964837e-108,0.0,0.0,0.0,0.0,0.0,0.0,0.0,0.0,0.0,0.0,0.0,0.0,0.0,0.0,0.0,0.0,0.0,0.0,0.0,0.0,0.0,0.0,0.0,0.0,0.0,0.0,0.0,0.0,0.0,0.0,0.0,0.0,0.0,0.0,0.0,0.0,0.0,1.0997323559889371e-218,0.0,0.0,0.0,0.0,0.0,0.0,0.0,1.302766223546455e-212,0.0,0.0,0.0,0.0,0.0,0.0,4.0624910063074814e-56,0.0,0.0,0.0,0.0,0.0,0.0,0.0,0.0,0.0,0.0,0.0,0.0,0.0,0.0,1.7145967328643853e-77,0.0,0.0,0.0,0.0,0.0,0.0,2.5513346879378034e-114,0.0,0.0,0.0,0.0,0.0,0.0,0.0,0.0,0.0,0.0,0.0,0.0,0.0,0.0,0.0,0.0,0.0,0.0,0.0,0.0,0.0,0.0,0.0,0.0,0.0,0.0,0.0,0.0,0.0,0.0,0.0,0.0,0.0,0.0,0.0,0.0,0.0,0.0,0.0,0.0,0.0,0.0,0.0,0.0,0.0,0.0,0.0,0.0,0.0,0.0,0.0,0.0,0.0,0.0,0.0,0.0,0.0,9.40818504221207e-136,0.0,0.0,0.0,0.0,0.0,0.0,0.0,0.0,0.0,0.0,0.0,0.0,0.0,0.0,0.0,0.0,0.0,0.0,0.0,0.0,0.0,0.0,0.0,0.0,0.0,0.0,0.0,0.0,0.0,0.0,0.0,0.0,0.0,0.0,0.0,0.0,0.0,0.0,0.0,0.0,0.028096241997967588,0.0,0.0,0.0,0.0,0.0,0.0,0.0,0.0,0.0,0.0,0.0,0.0,0.0,0.0,0.0,0.0,0.0,0.0,0.0,0.0,0.0,0.0,0.0,0.0,0.0,0.0,0.0,0.0,0.0,0.0,0.0,0.0,0.0,0.0,0.0,0.0,0.0,0.0,0.0,0.0,0.0,0.0,0.0,0.0,0.0,0.0,0.0,0.0,0.0,0.0,0.0,0.0,0.0,0.0
0.0,0.0,0.0,0.0,0.0,0.0,0.0,0.0,0.0,0.0,0.0,0.0,0.0,0.0,0.0,0.0,0.0,0.0,0.0,0.0,0.0,0.0,0.0,0.0,0.0,0.0,0.0,0.0,0.0,0.0,0.0,0.0,0.0,0.0,0.0,0.0,0.0,0.0,0.0,0.0,0.0,0.0,0.0,0.0,0.0,0.0,0.0,0.0,0.0,0.0,0.0,0.0,0.0,0.0,0.0,0.0,0.0,0.0,0.0,0.0,0.0,0.0,0.0,0.0,0.0,0.0,0.0,0.0,0.0,0.0,0.0,0.0,0.0,0.0,0.0,0.0,0.0,0.0,0.0,0.0,0.0,0.0,0.0,0.0,0.0,0.0,0.0,0.0,0.0,0.0,0.0,0.0,0.0,0.0,0.0,0.0,0.0,0.0,0.0,0.0,0.0,0.0,0.0,0.0,0.0,0.0,3.4718911944678665e-281,0.0,0.0,0.0,0.0,0.0,0.0,0.0,0.0,0.0,0.0,0.0,0.0,0.0,0.0,0.0,0.0,0.0,0.0,0.0,0.0,0.0,0.0,1.273741703565922e-232,0.0,0.0,0.0,0.0,0.0,0.0,0.0,3.847876460938409e-99,0.0,0.0,0.0,0.0,0.0,0.0,0.0,1.5469763882236144e-292,1.783027663104598e-291,0.0,0.0,0.0,0.0,0.0,0.0,3.036881869056e-312,0.0,0.0,0.0,0.0,0.0,0.0,0.0,0.0,1.2968487767660283e-236,0.0,0.0,0.0,0.0,0.0,0.0,2.318713185880109e-81,0.0,0.0,0.0,0.0,0.0,0.0,0.0,3.9931940242630304e-116,3.665251874720586e-220,0.0,0.0,0.0,0.0,0.0,0.0,1.301754285708452e-60,8.393743251228275e-138,0.0,0.0,0.0,0.0,0.0,0.0,2.34980731308797e-242,0.0,0.0,0.0,0.0,0.0,0.0,0.0,0.09917530448494133,2.1705840186804018e-120,0.0,0.0,0.0,0.0,0.0,0.0,7.962982308585669e-115,4.578452437530832e-283,0.0,0.0,0.0,0.0,0.0,0.0,0.032168837093620506,2.740612123129974e-230,0.0,0.0,0.0,0.0,0.0,0.0,1.6297082160607376e-181,0.0,0.0,0.0,0.0,0.0,0.0,0.0,0.20179581915182698,1.7340450037362266e-144,0.0,0.0,0.0,0.0,0.0,0.0,8.847974551122274e-70,0.0,0.0,0.0,0.0,0.0,0.0,0.0,3.978076851900893e-166,7.227401009415644e-49,0.0,0.0,0.0,0.0,0.0,0.0,4.151969593810701e-18,2.5911112993715585e-220,0.0,0.0,0.0,0.0,0.0,0.0,2.7536510788153166e-9,4.590579241167294e-208,0.0,0.0,0.0,0.0,0.0,0.0,1.0958948323650707e-27,0.0,0.0,0.0,0.0,0.0,0.0,0.0,0.10312283284624836,9.950666137834096e-163,0.0,0.0,0.0,0.0,0.0,1.0478582524495903e-167,4.765794132467178e-80,7.927098710362578e-69,0.0,0.0,0.0,0.0,0.0,1.2983750512882762e-274,5.765404352349069e-73,3.5127251065662725e-268,0.0,0.0,0.0,0.0,0.0,0.0,0.0480321394062225,1.6456372054861227e-213,0.0,0.0,0.0,0.0,0.0,0.0,0.015518144364496162,0.0,0.0,0.0,0.0,0.0,0.0,1.663106965465404e-222,0.06272193616751912,0.0,0.0,0.0,0.0,0.0,0.0,0.0,6.3615579074308e-64,0.0,0.0,0.0,0.0,0.0,0.0,0.0,0.09803712965885633,1.7403615144453655e-169,0.0,0.0,0.0,0.0,0.0,0.0,0.0,0.0,0.0,0.0,0.0,0.0,0.0,3.257973914288528e-153,1.7139502283513014e-111,0.0,0.0,0.0,0.0,0.0,0.0,0.0,1.2122288552904897e-46,0.0,0.0,0.0,0.0,0.0,0.0,7.009492791065893e-77,0.0,0.0,0.0,0.0,0.0,0.0,0.0914219733583077,0.0,0.0,0.0,0.0,0.0,0.0,0.0,0.0,0.030997930123142406,0.0,0.0,0.0,0.0,0.0,0.0,1.6888005717893224e-96,0.0,0.0,0.0,0.0,0.0,0.0,0.0,0.0,0.0,0.0,0.0,0.0,0.0,0.0,0.0,0.0,0.0,0.0,0.0,0.0,0.0,0.0,0.0,0.0,0.0,0.0,0.0,0.0,0.0,0.0,0.0,0.0,0.0,0.0,0.0,0.0,0.0,0.0,0.0,0.0,0.0,0.0,0.0,0.0,0.0,0.0,0.0,0.0,0.0,0.0,0.0,0.0,0.0,0.0,0.0,0.0,0.0,0.0,0.0,0.0,5.012145467127556e-98,0.0,0.0,0.0,0.0,0.0,0.0,0.0,8.315055519387336e-251,0.0,0.0,0.0,0.0,0.0,0.0,0.0,1.5046353358933975e-301,0.0,0.0,0.0,0.0,0.0,0.0,5.744358709168248e-139,0.0,0.0,0.0,0.0,0.0,0.0,0.0,0.0,0.0,0.0,0.0,0.0,0.0,0.0,0.0,2.2439729170598816e-5,0.0,0.0,0.0,0.0,0.030997930123142406,0.0,0.0,0.0,0.0,0.0,0.0,0.0,7.791838647394676e-170,0.0,0.0,0.0,0.0,0.0,0.0,0.0,0.0,0.0,0.0,0.0,0.0,0.0,6.195121395442431e-38,0.0,0.0,0.0,0.0,0.0,0.0,0.0,0.0,0.0,0.0,0.0,0.0,0.0,0.0,1.3810535316964295e-68,0.0,0.0,0.0,0.0,0.0,0.0,1.5966072999368808e-177,0.0,0.0,0.0,0.0,0.0,0.0,0.0,0.0,0.0,0.0,0.0,0.0,0.0,0.0,1.2685859100054018e-88,0.0,0.0,0.0,0.0,0.0,0.0,0.0,0.0,0.0,0.0,0.0,0.0,0.0,0.0,0.15498965061571204,0.0,0.0,0.0,0.0,0.0,0.0,0.030997930123142406,0.0,0.0,0.0,0.0,0.0,0.0,0.0,0.0,0.0,0.0,0.0,0.0,0.0,0.0,0.0,0.0,0.0,0.0,3.6083468327526292e-202,0.0,0.0,0.0,0.0,0.0,0.0,0.0,0.0,0.0,0.0,0.0,0.0,9.230699681379173e-176,0.0,0.0,0.0,0.0,0.0,0.0,0.0,0.0,0.0,0.0,0.0,0.0,0.0,0.0,0.0,0.0,0.0,0.0,0.0,0.0,0.0,0.0,0.0,0.0,0.0,0.0,0.0,0.0,0.0,0.0,0.0,0.0,0.0,0.0,0.0,0.0,0.0,0.0,0.0,0.0,0.0
0.0,0.0,0.0,0.0,0.0,0.0,0.0,0.0,0.0,0.0,0.0,0.0,0.0,0.0,0.0,0.0,0.0,0.0,0.0,0.0,4.262501411338081e-129,0.0,0.0,0.0,0.0,0.0,0.0,0.0,0.0,0.0,0.0,0.0,0.0,0.0,0.0,0.0,4.845800726853114e-258,0.0,0.0,0.0,0.0,0.0,0.0,0.0,1.0965598665982372e-285,0.0,0.0,0.0,0.0,0.0,0.0,0.0,1.256056355341069e-78,0.0,0.0,0.0,0.0,0.0,0.0,0.0,3.0144396654691514e-151,0.0,0.0,0.0,0.0,0.0,0.0,0.0,1.6889258803496827e-152,0.0,0.0,0.0,0.0,0.0,0.0,0.0,9.998285171448876e-97,0.0,0.0,0.0,0.0,0.0,0.0,0.0,5.268596104670621e-61,0.0,0.0,0.0,0.0,0.0,0.0,0.0,2.591659965498443e-49,5.145379610443115e-126,0.0,0.0,0.0,0.0,0.0,0.0,3.1571370378442827e-62,0.0,0.0,0.0,0.0,0.0,0.0,4.499739864564657e-238,1.0005136171160662e-116,0.0,0.0,0.0,0.0,0.0,0.0,0.0,3.5216063237725783e-40,1.2987056294524577e-115,0.0,0.0,0.0,0.0,0.0,0.0,2.2128221887899603e-53,4.4858817040077196e-170,0.0,0.0,0.0,0.0,0.0,0.0,0.17707780575730714,9.524627027921557e-115,0.0,0.0,0.0,0.0,0.0,0.0,0.7498192728414361,3.974419304737719e-62,0.0,0.0,0.0,0.0,0.0,0.0,4.756660572882266e-30,1.0099796776586402e-248,0.0,0.0,0.0,0.0,0.0,0.0,5.8374605337246345e-196,0.0,0.0,0.0,0.0,0.0,0.0,0.0,0.036552441251827106,0.0,0.0,0.0,0.0,0.0,0.0,0.0,4.8150617979748186e-188,0.0,0.0,0.0,0.0,0.0,0.0,0.0,0.012184147083942368,0.0,0.0,0.0,0.0,0.0,0.0,0.0,4.1336477066865134e-263,0.0,0.0,0.0,0.0,0.0,0.0,0.0,1.160449282175e-312,0.0,0.0,0.0,0.0,0.0,0.0,0.0,5.716970307628087e-144,0.012182185981545026,0.0,0.0,0.0,0.0,0.0,0.0,0.0,0.0,0.0,0.0,0.0,0.0,0.0,0.0,0.0,0.0,0.0,0.0,0.0,0.0,0.0,0.0,0.0,0.0,0.0,0.0,0.0,0.0,0.0,0.0,0.0,0.0,0.0,0.0,0.0,0.0,0.0,0.0,0.0,0.0,0.0,0.0,0.0,0.0,0.0,0.0,0.0,0.0,0.0,0.0,0.0,0.0,0.0,0.0,0.0,0.0,0.0,0.0,0.0,0.0,0.0,0.0,0.012184147083942368,0.0,0.0,0.0,0.0,0.0,0.0,0.0,0.0,0.0,0.0,0.0,0.0,0.0,0.0,0.0,0.0,0.0,0.0,0.0,0.0,0.0,0.0,0.0,0.0,0.0,0.0,0.0,0.0,0.0,0.0,0.0,0.0,0.0,0.0,0.0,0.0,0.0,0.0,0.0,0.0,0.0,0.0,0.0,0.0,0.0,0.0,0.0,0.0,0.0,0.0,0.0,0.0,0.0,0.0,0.0,0.0,0.0,0.0,0.0,0.0,0.0,0.0,0.0,0.0,0.0,0.0,0.0,0.0,0.0,0.0,0.0,0.0,0.0,0.0,0.0,0.0,0.0,0.0,0.0,0.0,0.0,0.0,0.0,0.0,0.0,0.0,0.0,0.0,0.0,0.0,0.0,0.0,0.0,0.0,0.0,0.0,0.0,0.0,0.0,0.0,0.0,0.0,0.0,0.0,0.0,0.0,0.0,0.0,0.0,0.0,0.0,0.0,0.0,0.0,0.0,0.0,0.0,0.0,0.0,0.0,0.0,0.0,0.0,0.0,0.0,0.0,0.0,0.0,0.0,0.0,0.0,0.0,0.0,0.0,0.0,0.0,0.0,0.0,0.0,0.0,0.0,0.0,0.0,0.0,0.0,0.0,0.0,0.0,0.0,0.0,0.0,0.0,0.0,0.0,0.0,0.0,0.0,0.0,0.0,0.0,0.0,0.0,0.0,0.0,0.0,0.0,0.0,0.0,0.0,0.0,0.0,0.0,0.0,0.0,0.0,0.0,0.0,0.0,0.0,0.0,0.0,0.0,0.0,0.0,0.0,0.0,0.0,0.0,0.0,0.0,0.0,0.0,0.0,0.0,0.0,0.0,0.0,0.0,0.0,0.0,0.0,0.0,0.0,0.0,0.0,0.0,0.0,0.0,0.0,0.0,0.0,0.0,0.0,0.0,0.0,0.0,0.0,0.0,0.0,0.0,0.0,0.0,0.0,0.0,0.0,0.0,0.0,0.0,0.0,0.0,0.0,0.0,0.0,0.0,0.0,0.0,0.0,0.0,0.0,0.0,0.0,0.0,0.0,0.0,0.0,0.0,0.0,0.0,0.0,0.0,0.0,0.0,0.0,0.0,0.0,0.0,0.0,0.0,0.0,0.0,0.0,0.0,0.0,0.0,0.0,0.0,0.0,0.0,0.0,0.0,0.0,0.0,0.0,0.0,0.0,0.0,0.0,0.0,0.0,0.0,0.0,0.0,0.0,0.0,0.0,0.0,0.0,0.0,0.0,0.0,0.0,0.0,0.0,0.0,0.0,0.0,0.0,0.0,0.0,0.0,0.0,0.0,0.0,0.0,0.0,0.0,0.0,0.0,0.0,0.0,0.0,0.0,0.0,0.0,0.0,0.0,0.0,0.0,0.0,0.0,0.0,0.0,0.0,0.0,0.0,0.0,0.0,0.0,0.0,0.0,0.0,0.0,0.0,0.0,0.0,0.0,1.2831873751058687e-301,0.0,0.0,0.0,0.0,0.0,0.0,0.0,0.0,0.0,0.0,0.0,0.0,0.0,0.0,0.0,0.0,0.0,0.0,0.0,0.0,0.0,0.0,0.0,0.0,0.0,0.0,0.0,0.0,0.0,0.0,0.0,0.0,0.0,0.0,0.0,0.0,0.0,0.0,0.0,0.0,0.0,0.0,0.0,0.0,0.0
0.0,0.0,0.0,0.0,0.0,0.0,0.0,2.357573255342415e-130,0.0,0.0,0.0,0.0,0.0,0.0,2.0854370159454688e-200,7.378715919039349e-151,3.360484788505105e-181,0.0,0.0,0.0,0.0,0.0,0.0,3.1921833995875067e-114,0.0,0.0,0.0,0.0,0.0,0.0,0.0,0.004218029063685835,0.0,0.0,0.0,0.0,0.0,0.0,0.0,1.552863659282566e-75,0.0,0.0,0.0,0.0,0.0,0.0,1.5906953095758378e-143,3.191261609065373e-142,1.5837742266376997e-240,0.0,0.0,0.0,0.0,0.0,4.039749832996779e-172,6.592523251014218e-90,0.0,0.0,0.0,0.0,0.0,0.0,0.0,2.2888092214327603e-39,4.6189748329487065e-152,0.0,0.0,0.0,0.0,0.0,1.4344914748927158e-228,1.6547992978117447e-62,4.8501795778648375e-130,0.0,0.0,0.0,0.0,0.0,7.065884245731987e-187,0.06629425047559893,8.298091091047043e-124,0.0,0.0,0.0,0.0,0.0,5.50896642077566e-232,0.059615350694311287,1.2724949509737916e-87,0.0,0.0,0.0,0.0,0.0,1.4802615788827887e-115,0.060524616622490986,1.146438079819399e-163,0.0,0.0,0.0,0.0,0.0,7.277268334854099e-220,0.05543968696335991,9.894696555856584e-96,0.0,0.0,0.0,0.0,0.0,3.330611171586574e-116,0.11968355058211101,1.9677109630758145e-53,0.0,0.0,0.0,0.0,0.0,1.1316721054145505e-213,0.00043916305398254414,0.0,0.0,0.0,0.0,0.0,0.0,3.7526652495030295e-253,0.07305399442399958,4.181043629372191e-68,0.0,0.0,0.0,0.0,0.0,2.6865218734786456e-101,0.46609240716211325,5.1805336884392434e-86,0.0,0.0,0.0,0.0,0.0,2.9233004673091578e-148,9.716574235050522e-31,2.52777424442062e-131,0.0,0.0,0.0,0.0,0.0,4.7433486810382545e-219,0.0033978337014949713,3.256201457261887e-130,0.0,0.0,0.0,0.0,0.0,9.840469713607232e-252,0.01313029661826075,1.036996994524573e-41,0.0,0.0,0.0,0.0,0.0,0.0,0.024279044820623038,1.184817227905475e-114,0.0,0.0,0.0,0.0,0.0,4.683253044049676e-125,1.1084040709021764e-44,4.445787171345119e-255,0.0,0.0,0.0,0.0,0.0,0.0,2.4338362472375677e-99,2.199229052704888e-157,0.0,0.0,0.0,0.0,0.0,0.0,8.346895322135117e-58,0.0,0.0,0.0,0.0,0.0,0.0,0.0,1.8944105357713444e-69,8.286744500351657e-97,0.0,0.0,0.0,0.0,0.0,0.0,0.008334153356209194,0.0,0.0,0.0,0.0,0.0,0.0,0.0,7.581284280145634e-57,0.0,0.0,0.0,0.0,0.0,0.0,0.0,0.004366211060506804,7.365741127921248e-134,0.0,0.0,0.0,0.0,0.0,3.2876607678136592e-292,3.313977340611156e-7,1.5468397632001328e-253,0.0,0.0,0.0,0.0,0.0,0.0,6.837745912028946e-16,0.0,0.0,0.0,0.0,0.0,0.0,0.0,2.161001386173554e-24,0.0,0.0,0.0,0.0,0.0,0.0,0.0,1.301539455253217e-30,0.0,0.0,0.0,0.0,0.0,0.0,0.0,1.1781522213774336e-130,0.0,0.0,0.0,0.0,0.0,0.0,0.0,2.1541812605172418e-6,0.0,0.0,0.0,0.0,0.0,0.0,0.0,5.720781778167016e-10,0.0,0.0,0.0,0.0,0.0,0.0,0.0,0.004073404930135006,0.0,0.0,0.0,0.0,0.0,0.0,0.0,0.0085577577149784,0.0,0.0,0.0,0.0,0.0,0.0,0.0,3.1407641435130454e-70,0.0,0.0,0.0,0.0,0.0,0.0,0.0,7.182049166168322e-32,2.3194115885923614e-127,0.0,0.0,0.0,0.0,0.0,0.0,0.006151385158704584,0.0,0.0,0.0,0.0,0.0,0.0,0.0,0.007840813160363535,0.0,0.0,0.0,0.0,0.0,0.0,0.0,6.102107556873773e-159,0.0,0.0,0.0,0.0,0.0,0.0,0.0,1.285761762061237e-47,0.0,0.0,0.0,0.0,0.0,0.0,0.0,2.6268273446939957e-239,0.0,0.0,0.0,0.0,0.0,0.0,0.0,0.010053760633280855,0.0,0.0,0.0,0.0,0.0,0.0,1.0453824211542335e-236,0.0,0.0,0.0,0.0,0.0,0.0,1.426154932830986e-94,0.0,0.0,0.0,0.0,0.0,0.0,0.0,4.7790233079991026e-80,0.0,0.0,0.0,0.0,0.0,0.0,0.0,0.00433668873638866,0.0,0.0,0.0,0.0,0.0,0.0,0.0,0.0,0.0,0.0,0.0,0.0,0.0,0.0,2.676210146383996e-81,0.0,0.0,0.0,0.0,0.0,0.0,0.0,0.0,0.0,0.0,0.0,0.0,0.0,0.0,0.0,0.0,0.0,0.0,0.0,0.0,0.0,0.0,6.74347433619973e-266,0.0,0.0,0.0,0.0,0.0,0.0,4.701982091103005e-302,0.0,0.0,0.0,0.0,0.0,0.0,0.0,0.0,0.0,5.79196441923802e-176,0.0,0.0,0.0,0.0,0.0,0.00011511491632747554,0.0,0.0,0.0,0.0,0.0,0.0,6.438236790022371e-262,4.2212696403861335e-180,0.0,0.0,0.0,0.0,0.0,0.0,0.0,2.6694887473454085e-119,0.0,0.0,0.0,0.0,0.0,0.0,4.137678777725833e-99,1.000202072229523e-68,0.0,0.0,0.0,0.0,0.0,0.0,3.777081130196586e-182,0.0,0.0,0.0,0.0,0.0,0.0,0.0,3.4878483806980626e-169,0.0,0.0,0.0,0.0,0.0,9.811797259729476e-145,0.0,0.0,0.0,0.0,0.0,0.0,6.530740504646869e-93,0.0,0.0,0.0,0.0,0.0,0.0,0.0,0.0,0.0,0.0,0.0,0.0,0.0,0.0,0.0,0.0,0.0,0.0,0.0,0.0,0.0,2.831559157125797e-53,0.0,0.0,0.0,0.0,0.0,0.0,7.683056602842818e-131,0.0,0.0,0.0,0.0,0.0,0.0,2.0210645393123023e-289,0.0,0.0,0.0,0.0,0.0,0.0,0.0,2.454791795979418e-133,0.0,0.0,0.0,0.0,0.0,0.0,3.298985167e-312,0.0,0.0,0.0,0.0,0.0,0.0,0.0,5.79757231766878e-28,0.0,0.0,0.0,0.0,0.0,0.0,0.0,0.0,0.0,0.0,0.0,0.0,0.0,0.0,0.0,0.0,0.0,0.0,0.0,4.600871763108536e-132,0.0,0.0,0.0,0.0,0.0,0.0,0.0,0.0,0.0,0.0,0.0,0.0,4.7742185271056594e-119,0.0,0.0,0.0,0.0,0.0,0.0,6.295315719555293e-160,0.0,0.0,0.0,0.0,0.0,0.0,0.0,0.0,0.0,0.0,0.0,0.0,0.0,0.0,0.0,0.0,0.0,0.0,0.0,0.0,0.0,0.0,0.0,0.0,0.0,0.0,0.0,0.0,0.0,0.0,0.0,0.0,0.0,0.0,0.0,0.0,0.0,0.0,0.0,0.0,0.0,0.0,0.0,0.0,0.0,0.0,0.0,0.0,0.0
0.0,0.0,0.0,0.0,0.0,0.0,0.0,0.0,0.0,0.0,0.0,3.3888416028220894e-220,2.813891778636846e-85,2.5459637163890546e-265,0.0,0.0,0.0,0.0,0.0,0.0,5.593964217167523e-56,3.328051857770067e-101,0.0,0.0,0.0,0.0,0.0,0.0,7.55874540215546e-66,0.0,0.0,0.0,0.0,0.0,0.0,0.0,2.239114371626754e-252,0.0,0.0,0.0,0.0,0.0,0.0,0.0,2.240383391440274e-121,0.0,0.0,0.0,0.0,0.0,0.0,0.0,0.0032018575416429976,1.50606696195e-313,0.0,0.0,0.0,0.0,0.0,0.0,4.4757357449154215e-74,0.0,0.0,0.0,0.0,0.0,0.0,2.7123049529277383e-46,0.7482505322618364,7.166591139600005e-58,0.0,0.0,0.0,0.0,0.0,1.4712604408825433e-186,0.16425203928708496,6.423610695892659e-78,0.0,0.0,0.0,0.0,0.0,9.624278909518658e-224,0.07620098850542138,0.0,0.0,0.0,0.0,0.0,0.0,2.577575457342953e-214,0.004217392808336789,2.614753657886291e-68,0.0,0.0,0.0,0.0,0.0,0.0,9.494375099872754e-62,2.8466978701910565e-101,0.0,0.0,0.0,0.0,0.0,2.882880654591394e-79,0.003680395960050083,0.0,0.0,0.0,0.0,0.0,0.0,0.0,0.00019679363562748298,5.165096677181007e-101,0.0,0.0,0.0,0.0,0.0,3.6205504479686015e-188,2.7711657569380436e-56,5.860705309150172e-66,0.0,0.0,0.0,0.0,0.0,0.0,8.351340839111346e-35,3.2438763149993626e-49,0.0,0.0,0.0,0.0,0.0,3.817955108068284e-257,5.668650263550994e-55,2.089124509946685e-31,0.0,0.0,0.0,0.0,0.0,0.0,2.2687755546785435e-163,1.704880085636587e-222,0.0,0.0,0.0,0.0,0.0,0.0,8.254178593191325e-144,0.0,0.0,0.0,0.0,0.0,0.0,0.0,5.896772206373452e-245,0.0,0.0,0.0,0.0,0.0,0.0,0.0,9.651750936845138e-94,1.050251623597693e-149,0.0,0.0,0.0,0.0,0.0,0.0,2.0922992312416846e-171,0.0,0.0,0.0,0.0,0.0,0.0,0.0,1.2221334328034405e-106,0.0,0.0,0.0,0.0,0.0,0.0,0.0,2.2600611264393678e-243,0.0,0.0,0.0,0.0,0.0,0.0,0.0,0.0,1.1479282077735456e-220,0.0,0.0,0.0,0.0,0.0,0.0,0.0,0.0,0.0,0.0,0.0,0.0,0.0,0.0,0.0,0.0,0.0,0.0,0.0,0.0,0.0,0.0,3.9401840739139126e-107,0.0,0.0,0.0,0.0,0.0,0.0,0.0,3.687277102156082e-136,0.0,0.0,0.0,0.0,0.0,0.0,0.0,0.0,0.0,0.0,0.0,0.0,0.0,0.0,0.0,0.0,0.0,0.0,0.0,0.0,0.0,0.0,0.0,0.0,0.0,0.0,0.0,0.0,0.0,0.0,0.0,0.0,6.871418341643064e-248,0.0,0.0,0.0,0.0,0.0,0.0,0.0,0.0,0.0,0.0,0.0,0.0,0.0,0.0,0.0,0.0,0.0,0.0,0.0,0.0,0.0,0.0,0.0,0.0,0.0,0.0,0.0,0.0,0.0,0.0,0.0,0.0,0.0,0.0,0.0,0.0,0.0,0.0,0.0,0.0,0.0,0.0,0.0,0.0,0.0,0.0,0.0,0.0,0.0,0.0,0.0,0.0,0.0,0.0,0.0,0.0,0.0,0.0,0.0,0.0,0.0,0.0,0.0,0.0,0.0,0.0,0.0,0.0,0.0,0.0,0.0,0.0,0.0,0.0,0.0,0.0,0.0,0.0,0.0,0.0,0.0,0.0,0.0,0.0,0.0,0.0,0.0,0.0,0.0,0.0,0.0,0.0,0.0,3.0534965083224897e-306,0.0,0.0,0.0,0.0,0.0,0.0,0.0,0.0,0.0,0.0,0.0,0.0,0.0,0.0,0.0,0.0,0.0,0.0,0.0,0.0,0.0,0.0,0.0,0.0,0.0,0.0,0.0,0.0,0.0,0.0,0.0,0.0,0.0,0.0,0.0,0.0,0.0,0.0,0.0,0.0,0.0,0.0,0.0,0.0,0.0,0.0,0.0,0.0,0.0,0.0,0.0,0.0,0.0,0.0,0.0,0.0,0.0,0.0,0.0,0.0,0.0,0.0,0.0,0.0,0.0,0.0,0.0,0.0,0.0,0.0,0.0,0.0,0.0,0.0,0.0,0.0,7.728021730187715e-301,0.0,0.0,0.0,0.0,0.0,0.0,0.0,0.0,0.0,0.0,0.0,0.0,0.0,0.0,0.0,0.0,0.0,0.0,0.0,0.0,0.0,0.0,0.0,0.0,0.0,0.0,0.0,0.0,0.0,0.0,0.0,0.0,0.0,0.0,0.0,0.0,0.0,0.0,0.0,0.0,0.0,0.0,0.0,0.0,0.0,0.0,0.0,0.0,0.0,0.0,0.0,0.0,0.0,0.0,0.0,0.0,0.0,0.0,0.0,0.0,0.0,0.0,0.0,0.0,0.0,0.0,1.9963227475890004e-280,0.0,0.0,0.0,0.0,0.0,0.0,0.0,0.0,0.0,0.0,0.0,0.0,0.0,0.0,0.0,0.0,0.0,0.0,0.0,0.0,0.0,0.0,0.0,0.0,0.0,0.0,0.0,0.0,0.0,0.0,0.0,0.0,0.0,0.0,0.0,0.0,0.0,0.0,0.0,0.0,0.0,0.0,0.0,0.0,0.0,0.0,0.0,0.0,0.0,0.0,0.0,0.0,0.0,0.0,0.0,0.0,0.0,6.89112936551604e-77,0.0,0.0,0.0,0.0,0.0,0.0,0.0,0.0,0.0,0.0,0.0,0.0,0.0,0.0,0.0,0.0,0.0,0.0,0.0,0.0,0.0,0.0,0.0,0.0,0.0,0.0,0.0,0.0,0.0,0.0,0.0,0.0,0.0,0.0,0.0,0.0,0.0,0.0,0.0,0.0,0.0,0.0,0.0,0.0,0.0,0.0,0.0,0.0,0.0,0.0,0.0,0.0,0.0,0.0,0.0,0.0,0.0,0.0,0.0,0.0,0.0,0.0,0.0,0.0,0.0,0.0,0.0,0.0,0.0,0.0,0.0,0.0,0.0,0.0,0.0,0.0,0.0,0.0,0.0,0.0,0.0,0.0,0.0,0.0,0.0
0.0,0.0,0.0,0.0,0.0,0.0,0.0,0.0,0.0,0.0,0.0,0.0,0.0,0.0,0.0,0.0,0.0,0.0,0.0,0.0,0.0,0.0,0.0,0.0,0.0,0.0,0.0,0.0,0.0,0.0,0.0,0.0,0.0,0.0,0.0,0.0,0.0,0.0,0.0,0.0,0.0,0.0,0.0,0.0,0.0,0.0,0.0,0.0,0.0,0.0,0.0,0.0,0.0,0.0,0.0,0.0,0.0,0.0,0.0,0.0,0.0,0.0,0.0,0.0,0.0,0.0,0.0,0.0,0.0,5.145573807135202e-281,0.0,0.0,0.0,0.0,0.0,0.0,0.0,1.1298565927920736e-252,1.82073e-319,0.0,0.0,0.0,0.0,0.0,7.6333e-319,2.767492928050035e-123,0.0,0.0,0.0,0.0,0.0,0.0,0.0,1.2595836970840823e-81,3.2516929169668955e-286,0.0,0.0,0.0,0.0,0.0,0.0,2.3270255699298866e-261,0.0,0.0,0.0,0.0,0.0,0.0,0.0,5.7535158470505395e-70,1.1272601608430055e-175,0.0,0.0,0.0,0.0,0.0,0.0,0.020426451408485057,0.0,0.0,0.0,0.0,0.0,0.0,2.99526886072227e-126,1.437652734272793e-16,5.885331383449208e-100,0.0,0.0,0.0,0.0,0.0,0.0,3.210200982164859e-92,0.0,0.0,0.0,0.0,0.0,0.0,0.0,0.008848642697155058,0.0,0.0,0.0,0.0,0.0,0.0,0.0,4.172211568426441e-109,3.690158165705e-312,0.0,0.0,0.0,0.0,0.0,0.0,2.9749976763274265e-16,0.0,0.0,0.0,0.0,0.0,0.0,0.0,0.04435807299634566,0.0,0.0,0.0,0.0,0.0,0.0,0.0,0.00762026098536452,2.183331571683673e-236,0.0,0.0,0.0,0.0,0.0,0.0,0.03525362400085503,6.103970180836439e-33,0.0,0.0,0.0,0.0,0.0,0.0,0.09543571081209624,1.1673866978492426e-257,0.0,0.0,0.0,0.0,0.0,0.0,3.736707299696325e-12,1.7464991073320492e-93,0.0,0.0,0.0,0.0,0.0,0.0,0.04084204225336972,0.0,0.0,0.0,0.0,0.0,0.0,0.0,5.931361090078969e-32,8.209075484587003e-216,0.0,0.0,0.0,0.0,0.0,0.0,0.11928722155676239,2.146052520637154e-142,0.0,0.0,0.0,0.0,0.0,0.0,0.012639026960102481,0.0,0.0,0.0,0.0,0.0,0.0,0.0,0.024822087374579332,8.38443278997799e-17,0.0,0.0,0.0,0.0,0.0,0.0,1.0834597569113464e-24,2.948270625092081e-46,0.0,0.0,0.0,0.0,0.0,0.0,0.0225361703204369,7.319065974292448e-298,0.0,0.0,0.0,0.0,0.0,0.0,1.0807551592040498e-99,0.0,0.0,0.0,0.0,0.0,0.0,0.0,2.8593770629007982e-15,4.600686463738526e-157,0.0,0.0,0.0,0.0,0.0,0.0,0.038793827200658694,1.939791987877781e-235,0.0,0.0,0.0,0.0,0.0,0.0,1.7835692803651292e-19,0.0,0.0,0.0,0.0,0.0,0.0,0.0,0.0,9.966640764025906e-145,0.0,0.0,0.0,0.0,0.0,0.0,0.10828282113442038,0.0,0.0,0.0,0.0,0.0,0.0,0.0,5.997401403140708e-47,0.0,0.0,0.0,0.0,0.0,0.0,0.0,0.043404556155335186,0.0,0.0,0.0,0.0,0.0,0.0,0.0,0.05352365698178431,3.602233166850894e-149,0.0,0.0,0.0,0.0,0.0,0.0,0.054947719155664786,0.0,0.0,0.0,0.0,0.0,0.0,0.0,0.0,0.0,0.0,0.0,0.0,0.0,0.0,0.0,8.787361950839796e-36,0.0,0.0,0.0,0.0,0.0,0.0,0.0,3.373173256415613e-71,0.0,0.0,0.0,0.0,0.0,1.7041864399864074e-112,0.0,0.0,0.0,0.0,0.0,0.0,0.0,8.8453e-320,0.0,0.0,0.0,0.0,0.0,0.0,0.0,9.361031824768772e-33,0.0,0.0,0.0,0.0,0.0,0.0,0.0,4.4993608199619935e-294,2.6859637162758095e-277,0.0,0.0,0.0,0.0,0.0,0.0,0.0405418868209845,0.0,0.0,0.0,0.0,0.0,0.0,4.893936262896942e-50,0.0,0.0,0.0,0.0,0.0,0.0,0.0,2.180202712792371e-23,0.0,0.0,0.0,0.0,0.0,0.0,0.0,0.0686740698270704,0.0,0.0,0.0,0.0,0.0,0.0,0.011540396562826271,0.0,0.0,0.0,0.0,0.0,0.0,0.0,2.226386060215266e-139,0.0,0.0,0.0,0.0,0.0,0.0,0.0,1.461550610427405e-27,0.0,0.0,0.0,0.0,0.0,0.0,6.31907119938062e-188,0.0,0.0,0.0,0.0,0.0,0.0,0.0,2.782428830134635e-8,0.0,0.0,0.0,0.0,0.0,0.0,0.0,0.05924085007414954,3.447531931249407e-157,0.0,0.0,0.0,0.0,0.0,0.01403967197709345,0.0,0.0,0.0,0.0,0.0,0.0,0.0,0.013726148927270783,0.0,0.0,0.0,0.0,0.0,0.0,0.0,0.0,0.0,0.0,0.0,0.0,0.0,1.5220470901949294e-66,0.0,0.0,0.0,0.0,0.0,0.0,0.0,0.0,0.0,0.0,0.0,0.0,0.0,1.81285247526358e-19,7.245065658889633e-201,0.0,0.0,0.0,0.0,0.0,0.0,2.015178750061645e-18,0.0,0.0,0.0,0.0,0.0,0.0,0.0,0.0,0.0,0.0,0.0,0.0,0.0,3.76149512692545e-310,0.0,0.0,0.0,0.0,0.0,0.0,0.013127030008513098,0.0,0.0,0.0,0.0,0.0,0.0,0.0,0.010496736749169287,0.0,0.0,0.0,0.0,0.0,0.0,0.0019096892241378968,0.0,0.0,0.0,0.0,0.0,0.0,0.0,0.03568160000733362,0.0,0.0,0.0,0.0,0.0,0.0,0.0,0.0,0.0,0.0,0.0,0.0,0.0,7.117486796010999e-122,0.0,0.0,0.0,0.0,0.0,7.769244781458134e-126,0.0,0.0,0.0,0.0,0.0,5.753096768658996e-123,0.0,0.0,0.0,0.0,0.0,0.0,0.0,0.0,0.0,0.0,0.0,0.0,1.4315655600748912e-73,0.0,0.0,0.0,0.0,0.0,0.0,3.326791423532956e-46,0.0,0.0,0.0,0.0,0.0,0.0,3.0326971919784087e-33,0.0,0.0,0.0,0.0,5.796990967307272e-275,0.0,0.0,0.0,0.0,0.0,1.1508499719849965e-144,0.0,0.0,0.0,0.0,0.0,0.0,0.0,0.0,0.0,0.0,6.8860641684712575e-15,0.0,0.0,0.0,0.0,0.0,0.0,0.0,0.0,0.0,0.0,0.0,0.0,0.0,0.0,0.0,0.0
0.0,0.0,0.0,0.0,0.0,0.0,0.0,0.0,0.0,0.0,0.0,0.0,0.0,0.0,0.0,0.0,0.0,0.0,0.0,0.0,0.0,0.0,0.0,0.0,0.0,0.0,0.0,0.0,0.0,0.0,0.0,0.0,0.0,0.0,0.0,0.0,0.0,0.0,0.0,0.0,0.0,0.0,0.0,0.0,0.0,0.0,0.0,0.0,0.0,3.691538269175959e-229,0.0,0.0,0.0,0.0,0.0,0.0,0.0,4.673744119771597e-89,0.0,0.0,0.0,0.0,0.0,0.0,0.0,0.0,0.0,0.0,0.0,0.0,0.0,0.0,0.0,3.6998014468748884e-244,9.3e-321,0.0,0.0,0.0,0.0,0.0,0.0,1.422920590546372e-72,0.0,0.0,0.0,0.0,0.0,0.0,2.4314280704475184e-299,0.012014602945961659,0.0,0.0,0.0,0.0,0.0,0.0,0.0,5.217759115469539e-88,1.7583292559978885e-290,0.0,0.0,0.0,0.0,0.0,0.0,6.1958351942366935e-115,2.4416241060606803e-54,0.0,0.0,0.0,0.0,0.0,0.0,2.094297389361655e-101,0.0,0.0,0.0,0.0,0.0,0.0,0.0,3.3010985088409564e-51,7.641447456454461e-18,0.0,0.0,0.0,0.0,0.0,3.617095054987936e-276,1.722260363899623e-24,0.0,0.0,0.0,0.0,0.0,0.0,8.50467848010095e-257,1.2133398327584673e-28,1.0505584053998098e-124,0.0,0.0,0.0,0.0,0.0,2.261158651078446e-302,0.3029348494151562,3.245756334075023e-48,0.0,0.0,0.0,0.0,0.0,1.2415962110374926e-71,0.24948513370193887,2.6398066466641424e-75,0.0,0.0,0.0,0.0,0.0,0.0,0.13429965638973737,4.545748724508293e-54,0.0,0.0,0.0,0.0,0.0,1.7443837734620903e-144,0.1308131097521693,0.0,0.0,0.0,0.0,0.0,0.0,0.0,4.186147027871167e-73,2.8458265641993614e-79,0.0,0.0,0.0,0.0,0.0,4.0019574730234842e-75,0.056692858364627924,3.2651444794184806e-92,0.0,0.0,0.0,0.0,0.0,2.228100156622305e-198,0.0286796323150117,1.4053207042701864e-129,0.0,0.0,0.0,0.0,0.0,1.0772129285061227e-192,3.1440947627591136e-12,9.391672623576045e-73,0.0,0.0,0.0,0.0,0.0,1.0490279615865423e-45,0.02742123934613072,5.609896957226285e-121,0.0,0.0,0.0,0.0,0.0,2.0990182866244114e-181,1.055491828375152e-17,3.8760165933128414e-62,0.0,0.0,0.0,0.0,0.0,8.617761569455673e-93,7.42674996010451e-41,0.0,0.0,0.0,0.0,0.0,0.0,6.151546542174197e-274,0.022695403303431075,1.9819052529376736e-48,0.0,0.0,0.0,0.0,0.0,6.192236666845766e-228,2.5396486815648536e-109,0.0,0.0,0.0,0.0,0.0,0.0,1.3651831965361698e-152,0.03496351446269106,8.671516868375822e-167,0.0,0.0,0.0,0.0,0.0,0.0,1.8576817160727076e-95,2.1260115922421104e-224,0.0,0.0,0.0,0.0,0.0,0.0,7.094928964127675e-87,0.0,0.0,0.0,0.0,0.0,0.0,0.0,8.110406781318192e-120,2.36134e-318,0.0,0.0,0.0,0.0,0.0,3.0463608655031213e-232,1.5744252308344024e-177,0.0,0.0,0.0,0.0,0.0,0.0,0.0,4.049550751359324e-291,0.0,0.0,0.0,0.0,0.0,0.0,0.0,5.310038864055816e-66,1.980985065562517e-99,0.0,0.0,0.0,0.0,0.0,0.0,2.2252905544588925e-86,0.0,0.0,0.0,0.0,0.0,0.0,2.7957663488012035e-257,2.1528047890874144e-95,3.334645104956002e-204,0.0,0.0,0.0,0.0,0.0,0.0,0.0,0.0,0.0,0.0,0.0,0.0,0.0,5.34944066919e-312,1.5032979080691891e-64,0.0,0.0,0.0,0.0,0.0,0.0,0.0,6.118532773673043e-120,0.0,0.0,0.0,0.0,0.0,0.0,0.0,1.6225731623107627e-235,0.0,0.0,0.0,0.0,0.0,0.0,5.045586580840351e-254,3.113198127197765e-103,0.0,0.0,0.0,0.0,0.0,0.0,2.9176184094020134e-59,0.0,0.0,0.0,0.0,0.0,0.0,0.0,0.0,0.0,0.0,0.0,0.0,0.0,0.0,0.0,0.0,0.0,0.0,0.0,0.0,0.0,0.0,4.371813353009138e-302,0.0,0.0,0.0,0.0,0.0,0.0,0.0,2.6152591158820718e-107,0.0,0.0,0.0,0.0,0.0,0.0,0.0,8.679955663307185e-188,0.0,0.0,0.0,0.0,0.0,0.0,0.0,0.0,0.0,0.0,0.0,0.0,0.0,0.0,0.0,0.0,0.0,0.0,0.0,0.0,0.0,0.0,0.0,0.0,0.0,0.0,0.0,0.0,0.0,0.0,0.0,0.0,0.0,0.0,0.0,0.0,0.0,0.0,0.0,0.0,0.0,0.0,0.0,0.0,0.0,0.0,0.0,0.0,0.0,0.0,0.0,0.0,2.756117852152601e-268,0.0,0.0,0.0,0.0,0.0,0.0,1.0587599326867011e-125,1.0064304539916508e-304,0.0,0.0,0.0,0.0,0.0,0.0,0.0,0.0,0.0,0.0,0.0,0.0,0.0,0.0,0.0,0.0,0.0,0.0,0.0,0.0,0.0,0.0,0.0,0.0,0.0,0.0,0.0,0.0,0.0,9.198608507928302e-203,4.685066633352051e-31,0.0,0.0,0.0,0.0,0.0,9.868979798918216e-139,0.0,0.0,0.0,0.0,0.0,0.0,0.0,0.0,0.0,0.0,0.0,0.0,0.0,0.0,0.0,0.0,0.0,0.0,0.0,0.0,0.0,0.0,0.0,0.0,0.0,0.0,0.0,0.0,0.0,0.0,0.0,0.0,0.0,0.0,0.0,0.0,0.0,0.0,0.0,0.0,0.0,0.0,0.0,0.0,0.0,0.0,0.0,0.0,0.0,0.0,0.0,0.0,0.0,0.0,0.0,0.0,0.0,1.700652360935329e-186,0.0,0.0,0.0,0.0,0.0,0.0,0.0,0.0,0.0,0.0,0.0,0.0,0.0,0.0,0.0,0.0,0.0,0.0,0.0,0.0,0.0,0.0,0.0,0.0,0.0,0.0,0.0,0.0,0.0,0.0,0.0,0.0,0.0,0.0,0.0,0.0,0.0,0.0,0.0,0.0,0.0,0.0,0.0,0.0,0.0,0.0,0.0,0.0,0.0,0.0,0.0,0.0,0.0,0.0,0.0,0.0,0.0,0.0,0.0,0.0,0.0,0.0,0.0,0.0,2.9458086205602517e-195,0.0,0.0,0.0,0.0,0.0,0.0,0.0,0.0,0.0,0.0,0.0,0.0,0.0,0.0,0.0,0.0,0.0,0.0,0.0,0.0,0.0,0.0,0.0,0.0,0.0,0.0,0.0,0.0,0.0,0.0
0.0,0.0,0.0,0.0,0.0,0.0,0.0,0.0,0.0,0.0,0.0,0.0,0.0,0.0,0.0,0.0,0.0,0.0,0.0,0.0,0.0,0.0,0.0,0.0,0.0,0.0,0.0,0.0,0.0,0.0,0.0,0.0,0.0,0.0,0.0,0.0,0.0,0.0,0.0,0.0,0.0,0.0,0.0,0.0,0.0,0.0,0.0,0.0,0.0,0.0,0.0,0.0,0.0,0.0,0.0,0.0,0.0,0.0,0.0,0.0,0.0,0.0,0.0,0.0,0.0,0.0,0.0,0.0,0.0,0.0,0.0,0.0,0.0,0.0,0.0,0.0,0.0,0.0,0.0,0.0,0.0,0.0,0.0,0.0,0.0,0.0,0.0,0.0,0.0,0.0,0.0,0.0,0.0,0.0,0.0,0.0,0.0,0.0,0.0,0.0,0.0,0.0,0.0,0.0,0.0,0.0,0.0,0.0,0.0,0.0,0.0,0.0,0.0,0.0,0.0,0.0,0.0,0.0,0.0,0.0,0.0,0.0,0.0,0.0,0.0,0.0,1.89708788686733e-250,6.841688333375018e-73,0.0,0.0,0.0,0.0,0.0,0.0,7.668653071526402e-112,8.348331693126079e-80,0.0,0.0,0.0,0.0,0.0,0.0,5.1179396091626734e-304,8.45899905368742e-236,0.0,0.0,0.0,0.0,0.0,0.0,0.0,1.5475468727499799e-282,0.0,0.0,0.0,0.0,0.0,0.0,1.4067657329606544e-165,0.0,0.0,0.0,0.0,0.0,0.0,0.0,5.964411110401784e-197,0.0,0.0,0.0,3.2938262705277645e-49,0.0,0.0,0.0,1.4543191509234497e-41,0.0,0.0,0.0,0.0,0.0,0.0,0.0,1.4004655143731088e-211,0.0,0.0,0.0,0.0,0.0,0.0,0.0,0.0,0.0,0.0,0.0,0.0,0.0,0.0,0.0,0.060563898406175876,1.0898447764387425e-275,0.0,0.0,0.0,0.0,0.0,9.7520456e-317,0.0,0.0,0.0,0.0,0.0,0.0,0.0,0.0,0.0,0.0,0.0,0.0,0.0,0.0,0.06056389841155671,0.0,0.0,0.0,0.0,0.0,0.0,0.0,0.0,0.0,0.0,0.05649640225843984,0.0,0.0,0.0,0.0,0.0,0.0,0.031181077836459688,0.0,0.0,0.0,0.0,0.0,0.0,0.0,0.0,0.0,0.0,0.0,0.0,0.0,0.0,0.0,0.0,0.0,0.0,0.0,0.0,0.0,0.0,0.0,0.0,0.0,0.0,0.0,0.0,0.0,0.0,0.0,0.0,0.0,0.0,0.0,0.0,0.0,0.0,0.0,1.3400926420912959e-109,0.0,0.0,0.0,0.0,0.0,0.0,0.0,0.0,0.0,0.0,0.0,0.0,0.0,0.0,0.0,0.0,0.0,0.0,0.0,0.0,0.0,0.0,0.0,0.0,0.0,0.0,0.0,0.0,0.0,0.0,0.0,0.0,0.0,0.0,0.0,0.0,0.0,0.0,0.0,0.0,0.0,0.0,0.0,0.0,0.0,0.0,0.0,0.0,0.0,0.0,0.0,0.0,0.0,0.0,0.0,0.0,0.0,0.0,0.0,0.0,0.0,0.0,0.0,0.0,0.0,0.0,0.0,0.0,0.06056389841155671,0.0,0.0,0.0,0.0,0.0,0.0,0.0,0.0,0.0,0.0,0.0,0.0,0.0,0.0,0.0,0.0,0.0,0.0,0.0,0.0,0.0,0.0,0.0,0.0,0.0,0.0,0.0,0.0,0.0,0.0,0.0,0.0,0.0,0.0,0.0,0.0,0.0,0.0,0.0,0.0,0.0,0.0,0.0,0.0,0.0,0.0,0.0,0.0,0.0,0.0,0.0,0.0,0.0,0.0,0.0,0.0,0.0,0.0,0.0,0.0,0.0,0.0,0.0,0.0,0.0,0.0,0.0,0.0,0.0,0.0,0.0,0.0,0.0,0.0,0.0,0.0,0.0,0.0,0.0,0.0,0.0,0.0,0.0,0.0,0.0,0.0,0.0,0.0,0.0,0.0,0.0,0.0,0.0,0.0,0.0,0.0,0.0,0.0,0.0,0.0,0.0,0.0,0.0,0.0,0.0,0.0,0.0,0.0,0.0,9.928227550893341e-152,0.0,0.0,0.0,0.0,0.0,0.0,0.0,0.0,0.0,0.0,0.0,0.0,0.0,0.0,0.0,0.0,0.0,0.0,0.0,0.0,0.0,0.0,0.0,0.0,0.0,0.0,0.0,0.0,0.0,0.0,0.0,0.0,0.0,0.0,0.0,0.0,0.0,0.0,0.0,0.0,0.0,0.06056389841155671,0.0,0.0,0.0,0.0,0.0,0.0,0.0605638984115567,0.0,0.0,0.0,0.0,0.0,0.0,0.0,0.0,0.0,0.0,0.0,0.0,0.0,0.0,0.0,0.0,0.0,0.0,0.0,0.0,0.0,0.0,0.0,0.0,0.0,0.0,0.0,0.0,0.0,0.06442794510377776,0.0,0.0,0.0,0.0,0.0,0.0,0.0,0.0,0.06056389545649674,0.0,0.0,0.0,0.0,0.0,0.0,0.0,0.0,0.0,0.0,0.0,0.0,0.06056389841155671,0.0,0.0,0.0,0.0,0.0,0.0,0.0,0.0,0.0,0.0,0.0,0.0,0.0,0.0,0.0,0.0,0.0,0.0,0.0,0.0,0.0,0.0,0.0,0.0,0.0,0.0,1.3816276704823324e-282,0.0,0.0,0.0,0.0,0.0,0.0,0.0,0.0,0.0,0.0,0.0,0.0,0.0,0.0,0.0,0.0,0.0,0.0,0.0,0.0,0.0,0.0,0.0,0.0,0.0,0.12112779682311342,0.0,0.0,0.0,0.0,0.0,0.0,0.0,0.0,0.0,0.0,0.0,0.06056389841155671,0.0,0.0,0.0,0.0,0.0,0.0,0.0,0.0,0.0,0.06056389841155671,0.12112779682308306,0.0,0.0,0.0,0.0,0.0,0.0,0.0,0.0,0.0,0.0,0.0,0.06056389841155671,0.0,0.0,0.0,0.0
0.0,0.0,0.0,0.0,0.0,0.0,0.0,0.0,0.0,0.0,0.0,0.0,0.0,0.0,0.0,0.0,0.0,0.0,0.0,0.0,0.0,0.0,0.0,0.0,0.0,0.0,0.0,0.0,0.0,0.0,0.0,0.0,0.0,0.0,0.0,0.0,0.0,0.0,0.0,0.0,0.0,0.0,0.0,0.0,0.0,0.0,0.0,0.0,0.0,0.0,0.0,0.0,0.0,0.0,0.0,0.0,0.0,0.0,0.0,0.0,0.0,0.0,0.0,0.0,0.0,0.0,0.0,0.0,0.0,0.0,0.0,0.0,0.0,1.5547627523342012e-204,0.0,0.0,0.0,0.0,0.0,0.0,0.0,0.0,0.0,0.0,0.0,0.0,0.0,0.0,0.0,0.0,0.0,0.0,0.0,0.0,0.0,0.0,0.0,0.0,0.0,0.0,0.0,0.0,0.0,0.0,0.0,2.951730689785354e-42,0.0,0.0,0.0,0.0,0.0,0.0,0.0,0.0,0.0,0.0,0.0,0.0,0.0,0.0,0.0,0.0,0.0,0.0,0.0,0.0,0.0,0.0,0.0,0.0,0.0,0.0,0.0,0.0,0.0,0.0,0.0,2.4463812609652386e-185,0.0,0.0,0.0,0.0,0.0,0.0,0.0,3.0687098759077003e-158,0.0,0.0,0.0,0.0,0.0,0.0,0.0,4.9862957987966695e-33,0.0,0.0,0.0,0.0,0.0,0.0,0.0,4.3302914328334945e-47,0.0,0.0,0.0,0.0,0.0,0.0,2.9439858623000185e-77,0.06926135412182478,0.0,0.0,0.0,0.0,0.0,0.0,2.9667025156243394e-259,6.044074945905708e-112,1.5251890606047758e-237,0.0,0.0,0.0,0.0,0.0,0.0,2.267026376966692e-53,0.0,0.0,0.0,0.0,0.0,0.0,0.0,4.258617671374917e-38,0.0,0.0,0.0,0.0,0.0,0.0,0.0,0.02254408264415915,0.0,0.0,0.0,0.0,0.0,0.0,0.0,4.993095926222611e-128,0.0,0.0,0.0,0.0,0.0,0.0,1.0274745478338955e-97,4.87782446290902e-71,0.0,0.0,0.0,0.0,0.0,0.0,1.481624352980865e-301,2.1535315349600587e-114,0.0,0.0,0.0,0.0,0.0,0.0,2.8178547414149665e-73,1.060513039288578e-67,0.0,0.0,0.0,0.0,0.0,0.0,5.105233448665496e-235,6.54496206848706e-95,1.8556271998191976e-275,0.0,0.0,0.0,0.0,0.0,1.486766301895062e-261,0.015902040332055056,3.6670578919836445e-272,0.0,0.0,0.0,0.0,0.0,0.0,7.217058347326584e-54,6.309705659507735e-95,0.0,0.0,0.0,0.0,0.0,7.183867247126891e-160,0.040826202184514444,4.9513831325432614e-250,0.0,0.0,0.0,0.0,0.0,0.0,0.19036102896864618,0.0,0.0,0.0,0.0,0.0,0.0,0.0,0.07561231788815966,1.1906996658612923e-225,0.0,0.0,0.0,0.0,0.0,9.059602074480113e-58,0.10167106618881247,1.8873598483626344e-186,0.0,0.0,0.0,0.0,0.0,0.0,0.06310583514471894,0.0,0.0,0.0,0.0,0.0,0.0,0.0,0.06271252377085894,0.0,0.0,0.0,0.0,0.0,0.0,3.196581774179067e-193,0.06191977285942477,0.0,0.0,0.0,0.0,0.0,0.0,0.0,0.012993500738787864,0.0,0.0,0.0,0.0,0.0,0.0,0.0,0.06565950139952748,0.0,0.0,0.0,0.0,0.0,0.0,0.0,0.03993989763580868,0.0,0.0,0.0,0.0,0.0,0.0,0.0,1.8731404818433588e-63,0.0,0.0,0.0,0.0,0.0,0.0,1.6788688553433673e-64,0.030100926976447288,0.0,0.0,0.0,0.0,0.0,0.0,0.0,0.07338241387653255,0.0,0.0,0.0,0.0,0.0,0.0,0.024769952593864147,0.0,0.0,0.0,0.0,0.0,0.0,1.5115531409654734e-59,0.008256650864621382,0.0,0.0,0.0,0.0,0.0,0.0,3.1856148722754695e-27,2.576404140506087e-86,0.0,0.0,0.0,0.0,0.0,0.0,0.03273025802342356,0.0,0.0,0.0,0.0,0.0,0.0,0.0,4.618262466102954e-96,0.0,0.0,0.0,0.0,0.0,0.0,1.7983353941247788e-22,0.0,0.0,0.0,0.0,0.0,0.0,0.0,4.648181602724249e-22,6.520560717752263e-148,0.0,0.0,0.0,0.0,0.0,0.0,2.043244226781683e-153,0.0,0.0,0.0,0.0,0.0,0.0,0.0,0.0,0.0,0.0,0.0,0.0,0.0,0.0,0.0,0.0,0.0,0.0,0.0,0.0,0.0,0.0,0.0,0.0,0.0,0.0,0.0,0.0,0.0,4.906562201493369e-77,0.0,0.0,0.0,0.0,0.0,0.0,0.0,1.346461129249203e-146,0.0,0.0,0.0,0.0,0.0,0.0,0.0,5.267578678693001e-198,0.0,0.0,0.0,0.0,0.0,0.0,4.955523955276192e-108,0.0,0.0,0.0,0.0,0.0,0.0,0.0,2.0504287533867822e-162,0.0,0.0,0.0,0.0,0.0,0.0,0.0,0.008250673787812631,0.0,0.0,0.0,0.0,0.0,5.607437234811745e-174,0.0,0.0,0.0,0.0,0.0,0.0,0.0,0.0,0.0,0.0,0.0,0.0,0.0,0.0,0.0,0.0,0.0,0.0,0.0,0.0,2.828305853584019e-36,0.0,0.0,0.0,0.0,0.0,0.0,0.0,5.121979621276229e-31,0.0,0.0,0.0,0.0,0.0,0.0,0.0,0.0,0.0,0.0,0.0,0.0,0.0,1.575281270136025e-65,0.0,0.0,0.0,0.0,0.0,0.0,0.0,0.0,0.0,0.0,0.0,0.0,0.0,0.0,1.5928024614821804e-96,0.0,0.0,0.0,0.0,0.0,0.0,0.0,1.6163231137937326e-66,0.0,0.0,0.0,0.0,0.0,0.0,1.972197924380941e-61,0.0,0.0,0.0,0.0,0.0,0.0,0.0,0.0,0.0,0.0,0.0,0.0,0.0,0.0,0.0,0.0,0.0,0.0,0.0,0.0,0.0,0.0,0.0,0.0,0.0,5.494508573776666e-122,0.0,0.0,0.0,0.0,0.0,0.0,0.0,0.0,0.0,0.0,0.0,0.0,0.0,0.0,0.0,0.0,0.0,0.0,0.0,0.0,0.0,0.0,0.0,2.5036216002392532e-39,0.0,0.0,0.0,0.0,0.0,0.0,0.0,0.0,0.0,0.0,0.0,0.0,0.0,0.0,0.0,0.0,0.0,0.0,0.0,0.0,0.0,0.0,0.0,0.0,0.0,0.0,0.0,0.0,0.0,0.0
0.0,0.0,0.0,0.0,0.0,0.0,0.0,5.424965181070016e-129,0.0,0.0,0.0,0.0,0.0,0.0,0.0,6.559183614056628e-113,4.653633521874908e-125,0.0,0.0,0.0,0.0,0.0,0.0,1.2154139148484231e-45,0.0,0.0,0.0,0.0,0.0,0.0,0.0,5.941632511963893e-46,0.0,0.0,0.0,0.0,0.0,0.0,0.0,8.20777202029364e-55,0.0,0.0,0.0,0.0,0.0,0.0,0.0,1.915791278897874e-37,2.0209200478273054e-115,0.0,0.0,0.0,0.0,0.0,4.2872380074932495e-290,2.8291368363692023e-78,0.0,0.0,0.0,0.0,0.0,0.0,0.0,0.019650355111439193,7.7597853619536075e-109,0.0,0.0,0.0,0.0,0.0,1.189024193215e-311,4.48451806090466e-75,9.254068495945641e-142,0.0,0.0,0.0,0.0,0.0,2.769997841729371e-278,0.013385788714371506,4.310409232065018e-97,0.0,0.0,0.0,0.0,0.0,9.935912271423649e-251,0.02444786750469227,3.794104741853934e-95,0.0,0.0,0.0,0.0,0.0,3.652050733999003e-168,0.013003252329199015,5.924359142014936e-100,0.0,0.0,0.0,0.0,0.0,3.285184023491864e-234,0.020228827248045086,5.217017594179071e-131,0.0,0.0,0.0,0.0,0.0,1.455016659297886e-209,2.003172717407033e-23,9.309982239089046e-73,0.0,0.0,0.0,0.0,0.0,2.5e-323,0.12276740109454506,0.0,0.0,0.0,0.0,0.0,0.0,2.0596133463832955e-90,0.022940113349659338,7.80493678529538e-80,0.0,0.0,0.0,0.0,0.0,5.0404853887102794e-136,0.01674220748369314,5.694665448498181e-86,0.0,0.0,0.0,0.0,0.0,2.0582549976969113e-88,0.3467675843078574,5.523453250895248e-73,0.0,0.0,0.0,0.0,0.0,3.677106277319788e-226,0.08620228847335996,1.5264269826388044e-98,0.0,0.0,0.0,0.0,0.0,1.203853106556602e-97,0.05748286941747996,1.7495807809041855e-74,0.0,0.0,0.0,0.0,0.0,5.674648614440667e-188,4.3414413800081693e-7,6.3507779944251744e-58,0.0,0.0,0.0,0.0,0.0,1.8009973885037794e-214,6.633645746916011e-29,4.0685184948835285e-211,0.0,0.0,0.0,0.0,0.0,5.112479863772334e-230,0.03915757516691104,1.339200544323424e-105,0.0,0.0,0.0,0.0,0.0,0.0,0.035240732354150685,8.717685177747836e-280,0.0,0.0,0.0,0.0,0.0,1.5279232192459865e-241,3.1697442069595624e-37,3.1518202724079524e-140,0.0,0.0,0.0,0.0,0.0,0.0,2.218752161620457e-31,0.0,0.0,0.0,0.0,0.0,0.0,3.752635426638044e-171,0.006949320498470748,0.0,0.0,0.0,0.0,0.0,0.0,0.0,0.02569469257630631,2.6021643708115074e-44,0.0,0.0,0.0,0.0,0.0,1.177883378292736e-296,0.013843205233896384,9.192193929872038e-122,0.0,0.0,0.0,0.0,0.0,2.5295275071810903e-263,8.247907449015563e-48,2.4842962799130427e-258,0.0,0.0,0.0,0.0,0.0,0.0,0.005560585104273169,2.233006571593211e-165,0.0,0.0,0.0,0.0,0.0,0.0,1.7183984337632447e-32,4.908016289125131e-174,0.0,0.0,0.0,0.0,0.0,0.0,0.02460998765981724,7.628900824274723e-148,0.0,0.0,0.0,0.0,0.0,0.0,0.009215635390966488,0.0,0.0,0.0,0.0,0.0,0.0,0.0,0.009843994414727773,3.3232746938417604e-265,0.0,0.0,0.0,0.0,0.0,0.0,0.008381543114608935,0.0,0.0,0.0,0.0,0.0,0.0,0.0,1.7178557679056976e-8,0.0,0.0,0.0,0.0,0.0,0.0,0.0,0.009843995063926895,3.2918126125110904e-223,0.0,0.0,0.0,0.0,0.0,0.0,0.006149971180984932,1.0428560225217531e-69,0.0,0.0,0.0,0.0,0.0,0.0,2.2451827540376454e-26,0.0,0.0,0.0,0.0,0.0,0.0,0.0,4.0983998541605823e-41,0.0,0.0,0.0,0.0,0.0,0.0,0.0,0.012399018395562547,0.0,0.0,0.0,0.0,0.0,0.0,0.0,5.558475298853293e-108,0.0,0.0,0.0,0.0,0.0,0.0,0.0,5.868161335454948e-43,0.0,0.0,0.0,0.0,0.0,0.0,0.0,7.52971149380207e-45,0.0,0.0,0.0,0.0,0.0,0.0,0.009843995063926492,0.0,0.0,0.0,0.0,0.0,0.0,0.004921997531963447,0.0,0.0,0.0,0.0,0.0,0.0,0.0,5.253591101906349e-214,0.0,0.0,0.0,0.0,0.0,0.0,0.0,8.222093877179614e-185,0.0,0.0,0.0,0.0,0.0,0.0,0.0,0.0,0.0,0.0,0.0,0.0,0.0,0.0,3.3678216751223483e-12,0.0,0.0,0.0,0.0,0.0,0.0,0.0,0.0,0.0,0.0,0.0,0.0,0.0,0.0,0.0,2.779955236468423e-130,0.0,0.0,0.0,0.0,0.0,0.0,4.884099495321589e-84,0.0,0.0,0.0,0.0,0.0,0.0,1.2205348340815045e-222,0.0,0.0,0.0,0.0,0.0,0.0,0.0,0.0,6.3538340998704745e-205,2.7520878205660127e-124,0.0,0.0,0.0,0.0,0.0,0.009715983873789634,0.0,0.0,0.0,0.0,0.0,0.0,1.953608079182113e-226,8.392431009419589e-293,4.466724838051555e-223,0.0,0.0,0.0,0.0,0.0,0.0,2.2118526187627116e-67,0.0,0.0,0.0,0.0,0.0,0.0,0.0,0.004558751273749665,0.0,0.0,0.0,0.0,0.0,0.0,3.185877617617281e-55,2.5968739655903396e-248,0.0,0.0,0.0,0.0,0.0,0.0,5.558711999141894e-34,0.0,0.0,0.0,0.0,0.0,2.957936676790839e-61,0.0,0.0,0.0,0.0,0.0,0.0,0.009843995063926895,0.0,0.0,0.0,0.0,0.0,0.0,0.0,0.0,0.0,0.0,0.0,0.0,0.0,0.0,0.0,0.0,0.0,0.0,0.0,0.0,3.8003053251713685e-165,0.005684017145671953,0.0,0.0,0.0,0.0,0.0,0.0,2.782000036986294e-235,1.3466458665780636e-296,0.0,0.0,0.0,0.0,0.0,1.7380039155837508e-46,0.0,0.0,0.0,0.0,0.0,0.0,0.0,2.703602336367326e-86,0.0,0.0,0.0,0.0,0.0,2.093466565175277e-145,5.080408260359339e-240,4.649848935088151e-287,0.0,0.0,0.0,0.0,0.0,0.0,2.0760042109927056e-19,0.0,0.0,0.0,0.0,0.0,1.29381457224e-312,0.0,0.0,0.0,0.0,0.0,0.0,0.0,9.700806435254354e-136,0.0,0.0,0.0,0.0,0.0,1.3111952865122768e-81,1.615449153310623e-228,0.0,0.0,0.0,0.0,0.0,0.0,0.0,0.0,0.0,0.0,0.0,3.169791314009578e-151,0.0,0.0,0.0,0.0,0.0,0.0,0.004921997531963447,0.0,0.0,0.0,0.0,0.0,0.0,0.0,0.0,0.0,0.0,0.0,0.0,0.0,0.0,0.0,0.0,0.0,0.0,0.0,0.0,0.0,0.0,0.0,0.0,0.0,0.0,0.0,0.0,0.0,0.0,0.0,0.0,0.0,0.0,0.0,0.0,0.0,0.0,0.0,0.0,0.0,0.0,0.0,0.0,0.0,0.0,0.0,0.0,0.0
0.0,0.0,0.0,0.0,0.0,0.0,0.0,0.0,0.0,0.0,0.0,0.0,0.0,0.0,0.0,0.0,0.0,6.864423769922374e-241,1.9243636365185154e-242,0.0,0.0,0.0,0.0,0.0,0.0,0.0,0.0,0.0,0.0,0.0,0.0,0.0,0.0,0.02184768110829018,0.0,0.0,0.0,0.0,0.0,0.0,0.0,0.0,0.0,0.0,0.0,0.0,0.0,0.0,0.0,0.021810240611050694,0.0,0.0,0.0,0.0,0.0,0.0,7.516977060100367e-285,0.02184768110829018,0.0,0.0,0.0,0.0,0.0,0.0,0.0,0.04343971079922355,1.5566952552311777e-98,0.0,0.0,0.0,0.0,0.0,0.0,6.466715103417348e-56,1.0471470301289365e-148,0.0,0.0,0.0,0.0,0.0,0.0,0.08951123139528899,0.0,0.0,0.0,0.0,0.0,0.0,0.0,0.024038391876517327,0.0,0.0,0.0,0.0,0.0,0.0,0.0,0.12644143298823127,1.3723658619046193e-242,0.0,0.0,0.0,0.0,0.0,0.0,9.322961159041041e-45,0.0,0.0,0.0,0.0,0.0,0.0,3.337788890089787e-72,2.8404525683318017e-51,0.0,0.0,0.0,0.0,0.0,0.0,0.0,0.13259947772212105,0.0,0.0,0.0,0.0,0.0,0.0,0.0,0.38531851899006947,0.0,0.0,0.0,0.0,0.0,0.0,0.0,1.0325928056257707e-74,1.5807914919389755e-151,0.0,0.0,0.0,0.0,0.0,0.0,5.970073233145392e-21,0.0,0.0,0.0,0.0,0.0,0.0,0.0,1.8481707481853108e-23,0.0,0.0,0.0,0.0,0.0,0.0,0.0,2.7881759865626105e-97,0.0,0.0,0.0,0.0,0.0,0.0,3.787622409819736e-204,4.9168552911182944e-49,0.0,0.0,0.0,0.0,0.0,0.0,1.457862347420525e-191,6.929414770051013e-154,0.0,0.0,0.0,0.0,0.0,0.0,1.048561205458129e-197,8.345969366354619e-16,0.0,0.0,0.0,0.0,0.0,0.0,0.0,0.035560719238106026,0.0,0.0,0.0,0.0,0.0,0.0,0.0,0.052847791065550355,0.0,0.0,0.0,0.0,0.0,0.0,5.896888932140471e-169,3.896749670454313e-138,0.0,0.0,0.0,0.0,0.0,0.0,1.273295626784914e-183,2.5239317305608564e-43,0.0,0.0,0.0,0.0,0.0,0.0,0.0,3.797680475780429e-36,0.0,0.0,0.0,0.0,0.0,0.0,2.1354069259157224e-228,5.233425497300908e-85,3.343356912580742e-263,0.0,0.0,0.0,0.0,0.0,7.847221280362697e-257,1.869585391036901e-169,0.0,0.0,0.0,0.0,0.0,0.0,0.0,3.6232318231914135e-110,0.0,0.0,0.0,0.0,0.0,0.0,0.0,3.0313449626581824e-176,0.0,0.0,0.0,0.0,0.0,0.0,7.076795852516855e-197,4.042609397391645e-142,0.0,0.0,0.0,0.0,0.0,0.0,0.0,0.0,0.0,0.0,0.0,0.0,0.0,0.0,4.023743141378308e-67,1.0633931667119678e-11,0.0,0.0,0.0,0.0,0.0,0.0,0.0,0.0,0.0,0.0,0.0,0.0,0.0,0.0,0.0,0.0,0.0,0.0,0.0,0.0,0.0,0.0,0.0,0.0,0.0,0.0,0.0,0.0,0.0,0.0,0.0,3.958084876578629e-198,0.0,0.0,0.0,0.0,0.0,0.0,0.0,0.0,0.0,0.0,0.0,0.0,0.0,0.0,1.0363397277862667e-224,0.022889441978336054,0.0,0.0,0.0,0.0,0.0,0.0,0.0,0.0,0.0,0.0,0.0,0.0,0.0,0.0,0.0,1.8874349437903767e-66,0.0,0.0,0.0,0.0,0.0,0.0,0.0,0.0,0.0,0.0,0.0,0.0,0.0,0.0,1.0846712671069555e-160,0.0,0.0,0.0,0.0,0.0,0.0,0.0,0.0,0.0,0.0,0.0,0.0,0.0,0.0,0.0,0.0,0.0,0.0,0.0,0.0,0.0,0.0,1.4924355773695714e-137,0.0,0.0,0.0,0.0,0.0,0.0,0.0,0.0,0.0,0.0,0.0,0.0,0.0,0.0,0.0,0.0,0.0,0.0,0.0,0.0,0.0,0.0,0.0,0.0,0.0,0.0,0.0,0.0,0.0,0.0,0.0,0.0,0.0,0.0,0.0,0.0,0.0,0.0,0.0,0.0,0.0,0.0,0.0,0.0,0.0,0.0,0.0,0.0,0.0,0.0,0.0,0.0,0.0,0.0,0.0,0.0,0.0,0.0,0.0,0.0,0.0,0.0,0.0,0.0,0.0,0.0,0.0,0.0,0.0,0.0,0.0,0.0,0.0,0.0,0.0,0.0,0.0,0.0,0.0,0.0,0.0,0.0,0.0,0.0,2.2988751842905476e-156,0.0,0.0,0.0,0.0,0.0,0.0,0.0,0.0,0.0,0.0,0.0,0.0,0.0,0.0,0.0,0.0,0.0,0.0,0.0,0.0,0.0,1.3673107361202462e-142,0.02184768110829018,0.0,0.0,0.0,0.0,0.0,0.0,0.0,0.0,0.0,0.0,0.0,0.0,0.0,0.0,0.0,0.0,0.0,0.0,0.0,0.0,0.0,0.0,0.0,0.0,0.0,0.0,0.0,0.0,0.0,0.0,0.0,0.0,0.0,0.0,0.0,0.0,0.0,0.0,0.0,0.0,0.0,0.0,0.0,0.0,0.0,0.0,0.0,0.0,0.0,0.0,0.0,0.0,0.0,0.0,0.0,0.0,0.0,0.0,0.0,0.0,0.0,0.0,0.0,0.0,0.0,0.0,0.0,0.0,0.0,0.0,0.0,0.0,0.0,0.0,0.0,0.0,0.0,0.0,0.0,0.0,0.0,0.0,0.0,0.0,0.0,0.0,0.0,0.0,0.0,0.0,0.0,0.0,0.0,0.0,0.0,0.0,0.0,0.0,0.0,0.0,0.0,0.0,0.0,0.0,0.0,0.0,0.0,0.0,0.0,0.0,0.0,0.0,0.0,0.0,0.0,0.0,0.0,0.0,0.0,0.0,0.0,0.0,0.0,0.0,0.0,0.0,0.0,0.0,0.0,0.0,0.0,0.0,0.0,0.0,0.0,0.0,0.0,0.0,0.0,0.0,0.0,0.0,0.0,0.0,0.0,0.0,0.0,0.0,0.0,0.0,0.0,0.0,0.0,0.0,0.0,0.0,0.0,0.0,0.0
0.0,0.0,0.0,0.0,0.0,0.0,0.0,0.0,0.0,0.0,0.0,0.0,0.0,0.0,0.0,0.0,0.0,0.0,0.0,0.0,0.0,0.0,0.0,0.0,0.0,0.0,0.0,0.0,0.0,0.0,0.0,0.0,0.0,0.0,0.0,0.0,0.0,0.0,0.0,0.0,0.0,0.0,0.0,0.0,0.0,0.0,0.0,0.0,0.0,0.0,0.0,0.0,0.0,0.0,0.0,0.0,0.0,0.0,0.0,0.0,0.0,0.0,0.0,0.0,0.0,0.0,0.0,0.0,0.0,0.0,0.0,0.0,4.873974352397073e-271,0.0,0.0,0.0,0.0,0.0,0.0,0.0,0.0,2.668193734463059e-106,0.0,0.0,0.0,0.0,0.0,0.0,9.893295514889788e-245,0.0,0.0,0.0,0.0,0.0,0.0,0.0,0.0,0.0,0.0,0.0,0.0,0.0,0.0,0.0,0.0,0.0,0.0,0.0,0.0,0.0,0.0,0.0,0.0,0.0,0.0,0.0,0.0,0.0,0.0,0.0,0.0,0.0,0.0,0.0,0.0,0.0,0.0,0.0,0.0,0.0,0.0,0.0,0.0,0.0,0.0,0.0,1.854390104232574e-40,1.1404949401896957e-189,0.0,0.0,0.0,0.0,0.0,0.0,1.426311726297981e-221,0.0,0.0,0.0,0.0,0.0,0.0,0.0,0.0,9.093897062165392e-27,0.0,0.0,0.0,0.0,0.0,0.0,0.0,0.008888824154508453,0.0,0.0,0.0,0.0,0.0,0.0,3.4821242789602425e-97,0.0,0.0,0.0,0.0,0.0,0.0,0.0,0.0,0.0,0.0,0.0,0.0,0.0,0.0,0.0,5.7430567631172475e-77,4.485837636884225e-255,0.0,0.0,0.0,0.0,0.0,0.0,3.8674007623170695e-274,0.0,0.0,0.0,0.0,0.0,0.0,0.0,2.1260737328185207e-62,0.0,0.0,0.0,0.0,0.0,0.0,0.0,0.0,0.0,0.0,0.0,0.0,0.0,0.0,0.0,5.275836136345878e-63,5.334977063426817e-102,0.0,0.0,0.0,0.0,0.0,0.0,1.159877014652686e-259,0.0,0.0,0.0,0.0,0.0,0.0,0.0,1.4859574257549014e-73,0.010604771334419208,0.0,0.0,0.0,0.0,0.0,0.0,8.134251108629382e-114,2.485279927685291e-186,0.0,0.0,0.0,0.0,0.0,0.0,4.3794741501836116e-80,1.312909193022872e-99,0.0,0.0,0.0,0.0,0.0,0.0,0.0,0.041933030404081764,0.0,0.0,0.0,0.0,0.0,0.0,1.4948657273421573e-78,5.548389807870168e-63,0.0,0.0,0.0,0.0,0.0,0.0,3.3542979965085757e-44,3.965772924673448e-53,0.0,0.0,0.0,0.0,0.0,0.0,0.02544472759413297,2.1849936087427186e-64,0.0,0.0,0.0,0.0,0.0,0.0,0.051050536662049936,2.3142864948022515e-69,0.0,0.0,0.0,0.0,0.0,0.0,1.0155739051807759e-53,0.0,0.0,0.0,0.0,0.0,0.0,0.0,2.6554546606880577e-17,5.3942806390132305e-59,0.0,0.0,0.0,0.0,0.0,0.0,0.010486017462033656,1.2928879090952636e-119,0.0,0.0,0.0,0.0,0.0,0.0,0.03612528348876508,0.0,0.0,0.0,0.0,0.0,0.0,0.0,1.78261736345265e-54,3.121307298795337e-12,0.0,0.0,0.0,0.0,0.0,0.0,0.0416858644012916,2.8268684203650624e-8,0.0,0.0,0.0,0.0,0.0,0.0,0.04021597797003459,0.0,0.0,0.0,0.0,0.0,0.0,0.0,0.01921767443849591,0.026317129974898323,0.0,0.0,0.0,0.0,0.0,0.0,0.06885901970030267,1.3331755610549261e-64,0.0,0.0,0.0,0.0,0.0,0.0,0.0,0.0,0.0,0.0,0.0,0.0,4.483434150436444e-7,5.217861159334476e-214,0.0,0.0,0.0,0.0,0.0,0.0,0.010599480521786728,0.01060475434307934,0.0,0.0,0.0,0.0,0.0,0.0,7.8867055489983105e-112,0.0,0.0,0.0,0.0,0.0,0.0,0.0,0.0,4.975937121600733e-80,0.0,0.0,0.0,0.0,0.0,2.581103780891095e-50,0.010604771334419208,0.0,0.0,0.0,0.0,0.0,0.0,0.01964445601675388,0.0,0.0,0.0,0.0,0.0,0.0,0.0,0.0,0.0,0.0,0.0,0.0,0.0,0.0,0.0,9.285672578237932e-180,0.0,0.0,0.0,0.0,0.0,0.0,0.0,0.0,0.0,0.0,0.0,0.0,0.0,0.0,0.0,0.0,0.0,0.0,0.0,0.0,0.0,6.113232992148229e-68,0.07577989920843996,0.0,0.0,0.0,0.0,0.0,0.0,0.010604770913264979,8.545713446290168e-70,0.0,0.0,0.0,0.0,0.0,0.0,0.03014570727391515,2.489851697351923e-138,0.0,0.0,0.0,0.0,0.0,1.8985596617220364e-75,0.0035318088565456044,0.0,0.0,0.0,0.0,0.0,0.0,1.4131297010908525e-29,0.012159919583196937,0.0,0.0,0.0,0.0,0.0,0.0,0.0,0.06362862800651524,0.0,0.0,0.0,0.0,0.0,0.010604771334419208,0.0,0.0,0.0,0.0,0.0,0.0,0.021209542668838482,0.0,0.0,0.0,0.0,0.0,0.020795763572692968,0.0,0.0,0.0,0.0,0.0,0.0,0.0,0.010604771334419208,0.010604771334419208,0.0,0.0,0.0,0.0,0.0,0.01986203829414625,0.021209542668838417,0.0,0.0,0.0,0.0,0.0,0.0,0.010604771334419208,0.0,0.0,0.0,0.0,0.0,4.097412213694388e-113,0.030898387839667963,0.0,0.0,0.0,0.0,0.0,0.0,2.0949619983100487e-60,0.010604771334419208,0.0,0.0,0.0,0.0,0.0,6.925479677106936e-165,0.04241908533767683,0.0,0.0,0.0,0.0,0.0,0.0,0.013981454006022265,0.03181431400325762,0.0,0.0,0.0,0.0,0.0,0.0,7.189558875216392e-38,0.0,0.0,0.0,0.0,0.0,0.0,0.0,0.0,0.0,0.0,0.0,1.657686778645498e-248,0.0,0.0,0.0,0.0,0.0,0.010604771334419208,0.05302385667209604,0.0,0.0,0.0,0.0,0.0,7.866106272440847e-91,0.010604771334419208,0.0,0.0,0.0,0.0,0.0,0.0,0.0,0.0,0.0,0.0,0.0,0.010604771334419208,0.010604771334419208,0.0,0.0,0.0,0.0,0.0,0.0,0.0,0.0,0.0,0.0,0.010604771334419208,0.010604771334419208,0.0,0.0,0.0,0.0,0.0,0.0,0.0,0.0,0.0,0.0,0.0,0.0,0.0,0.0,0.0,0.0,0.0,0.0,0.0,0.0,0.0,0.0,0.0,0.0,0.0,0.0,0.0,0.0,0.0
0.0,0.0,0.0,0.0,0.0,0.0,0.0,0.0,0.0,0.0,0.07256831125489327,2.479416793497007e-104,0.0,0.0,0.0,0.0,0.0,7.326883360271489e-149,0.09895678807485446,4.656286558700977e-46,0.0,0.0,0.0,0.0,0.0,0.0,0.019791357614970893,0.0,0.0,0.0,0.0,0.0,0.0,0.0,0.019791357614970893,0.0,0.0,0.0,0.0,0.0,0.0,0.0,0.009895678807485446,4.2559789349602905e-72,0.0,0.0,0.0,0.0,0.0,0.0,0.016492798012475746,0.0,0.0,0.0,0.0,0.0,0.0,0.0,0.013194238409980595,4.069078401024343e-39,0.0,0.0,0.0,0.0,0.0,0.0,0.019791357614970893,1.6716060088112586e-63,0.0,0.0,0.0,0.0,0.0,1.493676899841631e-132,0.5541580132191851,1.5168269103600798e-93,0.0,0.0,0.0,0.0,0.0,1.7505939210186758e-187,0.08594530557873609,9.445358871906689e-55,0.0,0.0,0.0,0.0,0.0,0.0,0.03607827439085381,0.0,0.0,0.0,0.0,0.0,0.0,3.7646622437360075e-149,0.01721998135997255,0.0,0.0,0.0,0.0,0.0,0.0,0.0,3.1961366560878436e-26,1.7437594879954474e-216,0.0,0.0,0.0,0.0,0.0,4.710227179072826e-174,2.6851727322813943e-11,1.1935808296137428e-126,0.0,0.0,0.0,0.0,0.0,0.0,1.5874297384728228e-22,0.0,0.0,0.0,0.0,0.0,0.0,0.0,0.005277104402901061,2.6794709983358157e-288,0.0,0.0,0.0,0.0,0.0,0.0,0.0011418203993164534,5.089859062451329e-128,0.0,0.0,0.0,0.0,0.0,3.586706147077532e-246,7.605880804806386e-93,5.5578456540827345e-129,0.0,0.0,0.0,0.0,0.0,0.0,1.8819805843272608e-82,4.902579128464032e-288,0.0,0.0,0.0,0.0,0.0,0.0,2.892559638110095e-115,0.0,0.0,0.0,0.0,0.0,0.0,0.0,1.9559847880736333e-100,0.0,0.0,0.0,0.0,0.0,0.0,0.0,3.636122670246718e-101,0.0,0.0,0.0,0.0,0.0,0.0,0.0,5.071251079833932e-62,0.0,0.0,0.0,0.0,0.0,0.0,3.417496606851177e-143,2.4720766802909597e-98,4.071548132313592e-230,0.0,0.0,0.0,0.0,0.0,0.0,4.0924156864273915e-63,0.0,0.0,0.0,0.0,0.0,0.0,0.0,1.1973946967699528e-29,0.0,0.0,0.0,0.0,0.0,0.0,0.0,7.583072060860352e-35,0.0,0.0,0.0,0.0,0.0,0.0,0.0,1.50964776369031e-63,0.0,0.0,0.0,0.0,0.0,0.0,0.0,1.0251778694525576e-41,0.0,0.0,0.0,0.0,0.0,0.0,0.0,0.0,0.0,0.0,0.0,0.0,0.0,0.0,0.0,2.3958945146093075e-118,0.0,0.0,0.0,0.0,0.0,0.0,0.0,9.327725311585325e-246,0.0,0.0,0.0,0.0,0.0,0.0,0.0,3.7228026747243797e-91,0.0,0.0,0.0,0.0,0.0,0.0,0.0,1.952336058094475e-160,0.0,0.0,0.0,0.0,0.0,0.0,0.0,1.2267873365992558e-159,0.0,0.0,0.0,0.0,0.0,0.0,0.0,1.3533041518546355e-215,0.0,0.0,0.0,0.0,0.0,0.0,0.0,1.4210720383501584e-116,0.0,0.0,0.0,0.0,0.0,0.0,0.0,2.934123119915372e-7,0.0,0.0,0.0,0.0,0.0,0.0,0.0,1.2333668155483458e-118,0.0,0.0,0.0,0.0,0.0,0.0,0.0,0.0,0.0,0.0,0.0,0.0,0.0,0.0,0.0,2.1644460072428649e-252,0.0,0.0,0.0,0.0,0.0,0.0,0.0,2.189766683307365e-235,0.0,0.0,0.0,0.0,0.0,0.0,0.0,0.0,0.0,0.0,0.0,0.0,0.0,0.0,0.0,0.0,0.0,0.0,0.0,0.0,0.0,0.0,0.0,7.097569437204885e-230,0.0,0.0,0.0,0.0,0.0,0.0,0.0,0.0,0.0,0.0,0.0,0.0,0.0,0.0,0.0,0.0,0.0,0.0,0.0,0.0,0.0,0.0,0.0,0.0,0.0,0.0,0.0,0.0,0.0,0.0,0.0,0.0,0.0,0.0,0.0,0.0,0.0,0.0,0.0,0.0,0.0,0.0,0.0,0.0,0.0,0.0,0.0,0.0,0.0,0.0,0.0,0.0,9.577146596123001e-233,0.0,0.0,0.0,0.0,0.0,0.0,0.0,0.0,0.0,0.0,0.0,0.0,0.0,0.0,0.0,0.0,0.0,0.0,0.0,0.0,0.0,0.0,0.0,0.0,0.0,0.0,0.0,0.0,0.0,0.0,0.0032985596024951488,0.0,0.0,0.0,0.0,0.0,0.0,0.0,0.0,0.0,0.0,0.0,0.0,0.0,0.0,0.0,0.0,0.0,0.0,0.0,0.0,0.0,9.332372578941449e-106,0.01650226557921412,0.0,0.0,0.0,0.0,0.0,0.0,0.0032993754185695863,0.0,0.0,0.0,0.0,0.0,0.0,0.0,0.0065971192049902976,0.0,0.0,0.0,0.0,0.0,0.0,0.0,0.0,0.0,0.0,0.0,0.0,0.0,0.0,0.0,0.0,0.0,0.0,0.0,0.0,0.0,0.0,0.0,0.0,0.0,0.0,0.0,0.0,0.0,0.0,0.0,0.0,0.0,0.0,0.0,0.0,0.0,0.0,0.0,0.0,0.0,0.0,0.0,0.0,0.0,0.0,0.0,0.0,0.0,0.0,0.0,0.0,0.0,0.0,0.0,0.0,0.0,0.0,0.0,0.0,0.0,0.0,0.0,0.0,0.0,0.0,0.0,0.0,0.0,0.0,0.0,0.0,0.0,0.0,0.0,0.0,0.0,0.0,0.0,0.0,0.0,0.0,0.0,0.0,0.0,0.0,0.0,0.0,0.0,0.0,0.0,0.0,0.0,0.0,0.0,0.0,0.0,0.0,0.0,0.0,0.0,0.0,0.0,0.0,0.0,0.0,0.0,0.0,0.0,0.0,0.0,0.0,0.0,0.0,0.0,0.0,0.0,0.0,0.0,0.0,0.0,0.0,0.0,0.0,0.0,0.0,0.0,0.0,0.0,0.0,0.0,0.0,0.0,0.0,0.0,0.0,0.0,0.0,0.0,0.0,0.0,0.0,0.0,0.0,0.0,0.0,0.0,0.0,0.0,0.0,0.0,0.0,0.0,0.0,0.0,0.0,0.0,0.0,0.0,0.0,0.0,0.0,0.0,0.0,0.0,0.0
0.0,0.0,0.0,0.0,0.0,0.0,0.0,0.0,0.0,0.0,0.0,0.0,0.0,0.0,5.213423222574169e-63,0.0,0.0,0.0,0.0,0.0,0.0,0.0,0.0,0.0,0.0,0.0,0.0,0.0,0.0,0.0,4.547722755504875e-194,0.0,0.0,0.0,0.0,0.0,0.0,0.0,2.451499049734751e-68,0.0,0.0,0.0,0.0,0.0,0.0,0.0,1.3883499576657792e-145,0.0,0.0,0.0,0.0,0.0,0.0,0.0,1.5317736438358828e-33,0.0,0.0,0.0,0.0,0.0,0.0,0.0,2.6003845233363673e-49,0.0,0.0,0.0,0.0,0.0,0.0,0.0,3.454003964293057e-55,3.3976944991501063e-147,0.0,0.0,0.0,0.0,0.0,0.0,0.00011545597556561211,2.8148558926697602e-120,0.0,0.0,0.0,0.0,0.0,0.0,8.700418390896841e-16,7.855428610171416e-173,0.0,0.0,0.0,0.0,0.0,0.0,0.013449298300937707,4.580689945594863e-87,0.0,0.0,0.0,0.0,0.0,0.0,0.03252233534805217,4.13660811118431e-23,0.0,0.0,0.0,0.0,0.0,0.0,0.011314184757318258,1.329115927299115e-33,0.0,0.0,0.0,0.0,0.0,0.0,0.045626219712122495,1.9006766395553574e-74,0.0,0.0,0.0,0.0,0.0,0.0,0.022857370329301123,0.0,0.0,0.0,0.0,0.0,0.0,0.0,0.04108412725474044,1.6834494044644294e-58,0.0,0.0,0.0,0.0,0.0,1.8275535624977764e-117,0.33895482686148004,1.0624716934149878e-76,0.0,0.0,0.0,0.0,0.0,8.413850825841211e-208,0.12001079671239573,4.643841266792418e-93,0.0,0.0,0.0,0.0,0.0,0.0,0.024804772137870728,3.674553164290919e-90,0.0,0.0,0.0,0.0,0.0,0.0,0.07612020378659765,4.9301697604591e-55,0.0,0.0,8.306125574889448e-151,0.0,0.0,0.0,0.07277837476337758,0.0,0.0,0.0,0.0,0.0,0.0,0.0,0.04153747892716886,4.4203054638759994e-201,0.0,0.0,0.0,0.0,0.0,0.0,4.46716989184378e-9,0.0,0.0,0.0,0.0,0.0,0.0,0.0,1.82814021757651e-23,0.0,0.0,0.0,0.0,0.0,0.0,1.2294007118037276e-303,0.011207389090191377,5.008735418208338e-35,0.0,0.0,0.0,0.0,0.0,0.0,0.033252275302451485,2.6865002728516174e-47,0.0,0.0,0.0,0.0,0.0,0.0,1.419391465275365e-44,0.0,0.0,0.0,0.0,0.0,0.0,0.0,0.013561993704031005,0.0,0.0,0.0,0.0,0.0,0.0,0.0,4.506437138351701e-119,1.099629395207185e-128,0.0,0.0,0.0,0.0,0.0,0.0,6.900498359516609e-89,0.0,0.0,0.0,0.0,0.0,0.0,0.0,6.109233199376487e-191,2.7280082509486546e-81,0.0,0.0,0.0,0.0,0.0,0.0,2.2650615578052283e-115,0.0,0.0,0.0,0.0,0.0,0.0,0.0,3.928583374116615e-8,0.0,0.0,0.0,0.0,0.0,0.0,0.0,6.212606153120073e-68,0.0,0.0,0.0,0.0,0.0,0.0,0.0,1.712255235121863e-82,0.0,0.0,0.0,0.0,0.0,0.0,0.0,4.887571315590109e-83,0.0,0.0,0.0,0.0,0.0,0.0,0.0,0.0,0.0,0.0,0.0,0.0,0.0,0.0,0.0,3.6859297945115295e-88,0.0,0.0,0.0,0.0,0.0,0.0,0.0,0.0,0.0,0.0,0.0,0.0,0.0,0.0,0.0,2.256926441817931e-304,0.0,0.0,0.0,0.0,0.0,0.0,0.0,0.0,0.0,0.0,0.0,0.0,0.0,0.0,0.0,0.0,0.0,0.0,0.0,0.0,0.0,0.0,0.0,1.1408314807461827e-73,8.022548409767405e-73,0.0,0.0,0.0,0.0,0.0,0.0,0.0,0.0,0.0,0.0,0.0,0.0,0.0,3.3184999474784716e-282,0.0,0.0,0.0,0.0,0.0,0.0,3.587106228027848e-108,0.0,0.0,0.0,0.0,0.0,0.0,0.0,0.01183238181577658,0.0,0.0,0.0,0.0,0.0,0.0,0.0,0.0,0.0,0.0,0.0,0.0,0.0,0.0,0.0,0.0,0.0,0.0,0.0,0.0,0.0,0.0,3.532522754707606e-22,0.0,0.0,0.0,0.0,0.0,0.0,0.0,0.0,0.0,0.0,0.0,0.0,0.0,0.0,0.0,0.00046179908190281324,0.0,0.0,0.0,0.0,0.0,0.0,8.715931619819588e-162,0.0,0.0,0.0,0.0,0.0,0.0,0.0,2.0716362505570912e-126,0.0,0.0,0.0,0.0,0.0,0.0,0.0,0.0,5.984277656255473e-182,0.0,0.0,0.0,0.0,0.0,0.0,0.0,0.0,0.0,0.0,0.0,0.0,0.0,0.017393798694919915,0.0,0.0,0.0,0.005916258316128146,0.0,0.0,0.0,0.011832516632291179,0.0,0.0,0.0,0.0,0.0,0.0,0.0,0.0,0.0,0.0,0.0,0.0,0.0,0.0,0.0,0.0,0.0,0.0,0.0,0.0,0.0,0.0,0.0,0.009839970723922212,0.0,0.0,0.0,0.0,0.0,0.0,0.0,0.0,0.0,0.0,0.0,0.0,0.0,0.0,0.0,0.0,0.0,0.0,0.0,0.0,0.0,0.0,0.0,0.0,0.0,0.0,0.0,0.0,0.0,0.0,0.0,0.0,0.0,0.011832516632256292,0.0,0.0,0.0,0.0,0.0,0.0,2.8361679080663157e-40,0.0,0.0,0.0,0.0,0.0,0.0,1.7942116301772368e-143,0.0,0.0,0.0,0.0,0.0,0.0,0.0,0.00687306894433984,0.0,0.0,0.0,0.0,0.0,0.0,1.2570455236926522e-24,0.0,0.0,0.0,0.0,0.0,0.0,0.0,1.3433586309652228e-307,0.0,0.0,0.0,0.0,0.0,0.0,0.019565594832863097,0.0,0.0,0.0,0.0,0.0,0.0,0.0,0.0,0.0,0.0,0.0,0.0,0.005254947608993345,7.699775920684273e-95,0.0,0.0,0.0,0.0,0.0,0.0,0.0,0.0,0.0,0.0,0.0,2.19454257282639e-64,0.0,0.0,0.0,0.0,0.0,2.8026681950425503e-121,0.0,0.0,0.0,0.0,0.0,0.0,2.4814228502432936e-58,0.0,0.0,0.0,0.0,0.0,0.0,0.0,0.0,0.0,0.0,0.0,0.0,0.0,0.0,0.0,0.0,0.0,0.0,0.0,0.0,0.0,0.0,0.0,0.0,0.0,0.0,0.0,0.0,0.0,0.0,0.0,0.0,0.0,0.0,0.0,0.0,0.0,0.0,0.0,0.0,0.0,0.0,0.0,0.0
0.0,0.0,0.0,0.0,0.0,0.0,0.13062693640807818,5.8567015256742425e-62,0.0,0.0,0.0,0.0,0.0,0.0,0.07837140708255216,4.097364179952753e-179,0.0,0.0,0.0,0.0,0.0,0.0,9.726530795249661e-167,2.396953196091865e-165,0.0,0.0,0.0,0.0,0.0,0.0,0.0261361112236335,8.238923950802604e-110,0.0,0.0,0.0,0.0,0.0,0.0,0.05530498127272894,0.0,0.0,0.0,0.0,0.0,0.0,0.0,0.026128741553885428,4.128899648911212e-62,0.0,0.0,0.0,0.0,0.0,0.0,8.725859019222425e-63,0.0,0.0,0.0,0.0,0.0,0.0,0.0,1.4386378084291455e-112,0.0,0.0,0.0,0.0,0.0,0.0,3.885228104632578e-257,1.6047948882732558e-143,4.215957248427229e-186,0.0,0.0,0.0,0.0,0.0,0.0,5.1547832765177237e-79,3.356516493992295e-181,0.0,0.0,0.0,0.0,0.0,0.0,9.629126005523653e-79,4.121916700203587e-216,0.0,0.0,0.0,0.0,0.0,0.0,3.95089938221035e-133,1.510780817591225e-218,0.0,0.0,0.0,0.0,0.0,0.0,6.42967985776974e-63,0.0,0.0,0.0,0.0,0.0,0.0,2.278882540978102e-158,5.224261151231096e-120,2.0058144908996644e-155,0.0,0.0,0.0,0.0,0.0,0.0,1.0830151051037972e-113,7.101259052501462e-179,0.0,0.0,0.0,0.0,0.0,0.0,3.2267053110656374e-151,0.0,0.0,0.0,0.0,0.0,0.0,2.817538232897409e-63,5.233029353509484e-97,5.458445848934063e-193,0.0,0.0,0.0,0.0,0.0,5.992238484686918e-14,3.1030719330867263e-109,1.0325510149366338e-187,0.0,0.0,0.0,0.0,0.0,0.3197763389642449,2.365089158896293e-83,0.0,0.0,0.0,0.0,0.0,0.0,5.326139873730028e-131,6.321244033360955e-62,6.095234392100825e-247,0.0,0.0,0.0,0.0,0.0,0.0,0.07774203780584726,0.0,0.0,0.0,0.0,0.0,0.0,1.920377619102537e-246,5.767449859753268e-96,0.0,0.0,0.0,0.0,0.0,0.0,1.9392377355825744e-20,2.307597682460373e-87,0.0,0.0,0.0,0.0,0.0,0.0,0.0,3.943152871491416e-283,0.0,0.0,0.0,0.0,0.0,0.0,2.9527897576789995e-225,0.07838571298995622,0.0,0.0,0.0,0.0,0.0,0.0,0.0,3.4318183632364123e-121,0.0,0.0,0.0,0.0,0.0,0.0,4.9693832790202775e-48,0.0,0.0,0.0,0.0,0.0,0.0,0.0,0.052206465235358164,4.469804605220999e-175,0.0,0.0,0.0,0.0,0.0,0.0,0.0,1.5628644285288471e-133,9.713585757779903e-291,0.0,0.0,0.0,0.0,0.0,0.0,4.4521786612647834e-189,0.0,0.0,0.0,0.0,0.0,0.0,7.069173448755339e-173,1.4310317787061246e-94,0.0,0.0,0.0,0.0,0.0,0.0,0.025263338208246278,0.0,0.0,0.0,0.0,0.0,0.0,0.0,0.0,1.647106028933744e-226,0.0,0.0,0.0,0.0,0.0,0.0,0.0,2.5419161887256566e-127,0.0,0.0,0.0,0.0,0.0,0.0,0.0,1.7052934280417625e-176,0.0,0.0,0.0,0.0,0.0,0.0,5.205516074735859e-151,7.999520959788229e-196,0.0,0.0,0.0,0.0,0.0,0.0,0.0,0.0,0.0,0.0,0.0,0.0,0.0,0.0,2.8402317632509526e-143,0.0,0.0,0.0,0.0,0.0,0.0,0.0,0.0,4.147714823189122e-185,0.0,0.0,0.0,0.0,0.0,0.0,1.0068335302822966e-15,0.0,0.0,0.0,0.0,0.0,0.0,0.0,0.0,0.0,0.0,0.0,0.0,0.0,0.0,0.0,0.02610810948462732,0.0,0.0,0.0,0.0,0.0,0.0,0.0,0.0,0.0,0.0,0.0,0.0,0.0,0.0,0.0,0.0,8.905753631402533e-33,0.0,0.0,0.0,0.0,0.0,0.0,0.0,0.0,0.0,0.0,0.0,0.0,0.0,1.1442748148240232e-72,9.549379533140936e-217,0.0,0.0,0.0,0.0,0.0,0.0,0.0,0.0,0.0,0.0,0.0,0.0,0.0,0.0,5.101458730408401e-107,0.0,0.0,0.0,0.0,0.0,0.0,0.0,0.0,0.0,0.0,0.0,0.0,0.0,0.0,0.0,0.0,0.0,0.0,0.0,0.0,0.0,0.0,3.3469723263845303e-122,0.0,0.0,0.0,0.0,0.0,0.0,0.0,0.0,0.0,0.0,0.0,0.0,0.0,0.0,0.0,3.97118054387401e-93,0.0,0.0,0.0,0.0,0.0,0.0,1.114849134178412e-257,0.0,0.0,0.0,0.0,0.0,0.0,0.0,0.0,0.0,0.0,0.0,0.0,0.0,0.0,0.0,0.0,0.0,0.0,0.0,0.0,0.0,2.862865748711313e-200,0.0,0.0,0.0,0.0,0.0,0.0,0.0,0.0,1.9756167742874324e-128,0.0,0.0,0.0,0.0,0.0,0.0,0.025686553331122138,0.0,0.0,0.0,0.0,0.0,0.0,0.0,2.0072486221554424e-275,0.0,0.0,0.0,0.0,0.0,0.0,0.0,0.0,0.0,0.0,0.0,0.0,0.0,0.0,0.0,0.0,2.584974286087188e-266,0.0,0.0,0.0,0.0,3.381964689269175e-198,0.0,0.0,0.0,0.0,0.0,0.0,0.0,0.0,0.0,0.0,0.0,0.0,0.0,0.0,0.0,0.0,0.0,0.0,0.0,0.0,0.0,0.0,0.0,0.0,0.0,0.0,0.0,0.0,7.643038565657009e-209,0.0,0.0,0.0,0.026125387281615634,0.0,0.0,1.340189222541824e-268,0.0,0.0,0.0,0.0,0.0,0.0,2.0946150700047288e-266,0.0,0.0,0.0,0.0,0.0,0.0,0.0,0.0,0.0,0.0,0.0,0.0,0.0,0.026085761046702478,0.0,0.0,0.0,0.0,0.0,0.0,0.0,0.0,0.0,0.0,0.0,0.0,0.0,0.0,0.0,0.0,0.0,0.0,0.0,0.0,0.0,0.0,0.0,0.0,0.0,0.0,0.0,0.0,6.36276099857244e-111,0.0,0.0,0.0,0.0,0.0,0.0,0.0,0.0,0.0,0.0,0.0,8.315830781200018e-171,2.4092531246622775e-185,0.0,0.0,0.0,0.0,0.0,4.5398291308569376e-259,0.0,0.0,0.0,0.0,0.0,0.0,2.595089067751887e-222,0.0,0.0,0.0,0.0,0.0,0.0,0.0,0.0,0.0,0.0,0.0,0.0,0.0,0.0,0.0,0.0,0.026052118111340436,0.0,0.0,0.0,0.0,0.0,0.0,0.0,0.0,0.0,0.0,0.0,0.0,0.0,0.0,0.0,0.0,0.0,0.0,0.0,0.0,0.0,0.0,0.0,0.0,0.0,0.0,0.0
0.0,0.0,0.0,0.0,0.0,0.0,0.0,0.0,0.0,0.0,0.0,0.0,0.0,0.0,0.0,0.0,0.0,0.0,0.0,0.0,0.0,0.0,0.0,0.0,0.0,0.0,0.0,0.0,0.0,0.0,0.0,0.0,0.0,0.0,0.0,0.0,0.0,0.0,0.0,0.0,0.0,0.0,0.0,0.0,0.0,0.0,0.0,0.0,0.0,0.0,0.0,0.0,0.0,0.0,0.0,0.0,0.0,0.0,0.0,0.0,0.0,0.0,0.0,0.0,0.0,0.0,0.0,0.0,0.0,0.0,0.0,0.0,0.0,0.0,0.0,0.0,0.0,0.0,0.0,0.0,0.0,0.0,0.0,0.0,0.0,0.0,0.0,0.0,0.0,0.0,0.0,0.0,0.0,0.0,0.0,0.0,0.0,0.0,0.0,0.0,0.0,0.0,0.0,0.0,0.0,0.0,0.0,0.0,0.0,0.0,0.0,0.0,0.0,6.810275181434388e-284,0.0,0.0,0.0,0.0,0.0,0.0,0.0,1.1376570354599113e-130,0.0,0.0,0.0,0.0,0.0,0.0,2.34256681403543e-301,0.021932287315727824,0.0,0.0,0.0,0.0,0.0,0.0,2.6540614642236e-310,5.586123812107771e-97,1.3370819693966693e-72,0.0,0.0,0.0,0.0,0.0,0.0,1.4804108607785095e-142,0.0,0.0,0.0,0.0,0.0,0.0,0.0,0.023882283295935298,0.0,0.0,0.0,0.0,0.0,0.0,0.0,5.430838950945442e-67,0.0,0.0,0.0,0.0,0.0,0.0,0.0,1.3901690678628383e-56,0.0,0.0,0.0,0.0,0.0,0.0,1.6609795288511135e-189,1.1697134442156311e-92,1.8198718510522655e-50,0.0,0.0,0.0,0.0,0.0,9.274886021300841e-295,1.8792566534127993e-68,1.5031078580239104e-97,0.0,0.0,0.0,0.0,0.0,0.0,1.3056548324860398e-29,6.350867863502037e-258,0.0,0.0,0.0,0.0,0.0,4.1510844715453984e-213,7.491725154681486e-9,0.0,0.0,0.0,0.0,0.0,0.0,0.0,4.6543002578104196e-11,2.189777923001645e-199,0.0,0.0,0.0,0.0,0.0,1.906099586467016e-49,0.22039827316612412,1.73867045495711e-89,0.0,0.0,0.0,0.0,0.0,0.0,5.0704882052078845e-42,0.0,0.0,0.0,0.0,0.0,0.0,7.900980574363049e-164,0.2306080459342374,2.5295868693894706e-114,0.0,0.0,0.0,0.0,0.0,1.6937125076021956e-38,0.26828256202084094,2.8512088226493313e-232,0.0,0.0,0.0,0.0,0.0,0.0,3.3631595738375977e-75,0.0,0.0,0.0,0.0,0.0,0.0,0.0,0.050162102161153334,4.3093794968625744e-138,0.0,0.0,0.0,0.0,0.0,3.3349130994070746e-61,0.0875489592520596,0.0,0.0,0.0,0.0,0.0,0.0,0.0,2.3138414099021503e-115,0.0,0.0,0.0,0.0,0.0,0.0,1.4196663630335858e-100,5.548681624897323e-58,0.0,0.0,0.0,0.0,0.0,0.0,0.0,9.770935441816971e-66,0.0,0.0,0.0,0.0,0.0,0.0,0.0,8.208778888769764e-35,0.0,0.0,0.0,0.0,0.0,0.0,0.0,9.156058519798395e-233,3.1996888489673517e-81,0.0,0.0,0.0,0.0,0.0,1.988611155816222e-98,5.933686615410122e-53,0.0,0.0,0.0,0.0,0.0,0.0,5.8365868324608286e-126,3.2368940493496555e-58,0.0,0.0,0.0,0.0,0.0,0.0,0.0,3.342601718702765e-44,0.0,0.0,0.0,0.0,0.0,0.0,0.0,7.806512638526665e-108,0.0,0.0,0.0,0.0,0.0,0.0,0.0,1.1826002057808626e-177,0.0,0.0,0.0,0.0,0.0,0.0,1.3317348491907514e-243,0.047172885043766266,0.0,0.0,0.0,0.0,0.0,0.0,0.0,1.1193170581870347e-140,0.0,0.0,0.0,0.0,0.0,0.0,9.392028224748487e-144,0.0,0.0,0.0,0.0,0.0,0.0,1.6813151605478227e-109,0.0,0.0,0.0,0.0,0.0,0.0,0.0,3.722387319989627e-23,0.0,0.0,0.0,0.0,0.0,0.0,0.0,7.873373722687456e-57,0.0,0.0,0.0,0.0,0.0,0.0,0.0,2.9399074107972615e-103,0.0,0.0,0.0,0.0,0.0,0.0,0.0,0.0,0.0,0.0,0.0,0.0,0.0,0.0,0.0,0.0,0.0,0.0,0.0,0.0,0.0,0.0,9.103958974950276e-66,0.0,0.0,0.0,0.0,0.0,0.0,0.0,0.0,0.0,0.0,0.0,0.0,0.0,0.0,0.0,0.0,0.0,0.0,0.0,0.0,0.0,0.0,0.0,0.0,0.0,0.0,0.0,0.0,0.0,1.249237630065556e-246,0.0,0.0,0.0,0.0,0.0,0.0,0.0,0.0,0.0,0.0,0.0,0.0,0.0,0.0,0.0,0.05001259427188716,0.0,0.0,0.0,0.0,0.0,0.0,2.506785323848115e-263,0.0,0.0,0.0,0.0,0.0,0.0,0.0,2.403165697135524e-28,0.0,0.0,0.0,0.0,0.0,0.0,0.0,0.0,0.0,0.0,0.0,0.0,0.0,0.0,0.0,0.0,0.0,0.0,0.0,0.0,0.0,0.0,0.0,0.0,0.0,0.0,0.0,0.0,0.0,0.0,0.0,0.0,0.0,0.0,0.0,0.0,0.0,0.0,0.0,0.0,0.0,0.0,0.0,0.0,0.0,0.0,0.0,0.0,0.0,0.0,0.0,0.0,0.0,0.0,0.0,0.0,7.516338179201345e-117,0.0,0.0,0.0,0.0,0.0,0.0,0.0,0.0,0.0,0.0,0.0,0.0,0.0,0.0,9.59778908618964e-88,0.0,0.0,0.0,0.0,0.0,0.0,0.0,0.0,0.0,0.0,0.0,0.0,0.0,0.0,4.080336336636568e-32,0.0,0.0,0.0,0.0,0.0,0.0,0.0,0.0,0.0,0.0,0.0,0.0,0.0,0.0,0.0,0.0,0.0,0.0,0.0,0.0,0.0,0.0,0.0,0.0,0.0,0.0,0.0,0.0,0.0,0.0,0.0,0.0,0.0,0.0,0.0,0.0,0.0,0.0,0.0,0.0,0.0,0.0,0.0,0.0,0.0,0.0,0.0,0.0,0.0,0.0,0.0,0.0,0.0,0.0,0.0,0.0,0.0,0.0,0.0,0.0,0.0,0.0,0.0,0.0,0.0,0.0,0.0,0.0,0.0,0.0,0.0,0.0,0.0,0.0,0.0,0.0,0.0,0.0,0.0,0.0
0.0,0.0,0.0,0.0,0.0,0.0,0.0,0.0,0.0,0.0,0.0,0.0,0.0,1.1546334733730327e-226,5.299760953781599e-178,0.0,0.0,0.0,0.0,0.0,7.866665228786584e-223,8.15e-322,5.249042573856676e-186,0.0,0.0,0.0,0.0,0.0,0.0,0.0,0.0,0.0,0.0,0.0,0.0,0.0,0.0,0.0,0.0,0.0,0.0,0.0,0.0,0.0,0.0,8.359442390028047e-55,2.700318057728868e-234,0.0,0.0,0.0,0.0,0.0,5.5491343942795055e-220,1.5470003880581134e-105,0.0,0.0,0.0,0.0,0.0,0.0,0.0,5.6569925413275255e-205,0.0,0.0,0.0,0.0,0.0,0.0,0.0,6.009418243620648e-34,7.483039521910475e-105,0.0,0.0,0.0,0.0,0.0,2.2298580154409848e-275,1.7966248464276363e-119,4.919985726683396e-264,0.0,0.0,0.0,0.0,0.0,0.0,2.0448450996281491e-35,0.0,0.0,0.0,0.0,0.0,0.0,0.0,3.4228007563592216e-54,2.8394609094690634e-224,0.0,0.0,0.0,0.0,0.0,2.2419394587615716e-241,3.64825941662927e-58,9.955668779962775e-231,0.0,0.0,0.0,0.0,0.0,3.3842933151968032e-301,1.0470319033906529e-19,3.211876383913672e-98,0.0,0.0,0.0,0.0,0.0,2.2635253000059523e-260,1.2255524327031971e-32,5.1195261968464865e-51,0.0,0.0,0.0,0.0,0.0,2.6151087000644344e-203,0.13453920696431163,1.0776888452715162e-149,0.0,0.0,0.0,0.0,0.0,1.5736205246895928e-135,0.012101014685529815,2.558841632670833e-245,0.0,0.0,0.0,0.0,0.0,0.0,1.767452903186598e-37,3.1747919390344186e-203,0.0,0.0,0.0,0.0,0.0,0.0,1.777871610645919e-46,1.3790171708340594e-251,0.0,0.0,0.0,0.0,0.0,0.0,0.0002255693483955805,0.0,0.0,0.0,0.0,0.0,0.0,0.0,0.05189269221177923,3.2246400228714213e-56,0.0,0.0,0.0,0.0,0.0,0.0,2.1972684718975033e-15,8.233053533381495e-83,0.0,0.0,0.0,0.0,0.0,0.0,0.03206775679304181,1.0675016999750213e-47,0.0,0.0,0.0,0.0,0.0,0.0,0.08648692697492576,4.65375048754994e-102,0.0,0.0,0.0,0.0,0.0,0.0,0.0408029700807204,1.6916581364103026e-92,0.0,0.0,0.0,0.0,0.0,0.0,0.08595427422427755,6.342208624171785e-232,0.0,0.0,0.0,0.0,0.0,0.0,5.114597216147782e-45,2.5982473904730247e-264,0.0,0.0,0.0,0.0,0.0,0.0,0.009389926645677353,2.6400533078641595e-43,0.0,0.0,0.0,0.0,0.0,0.0,0.03860440552131942,0.0,0.0,0.0,0.0,0.0,0.0,0.0,0.0023963944405309134,6.312445337128169e-39,0.0,0.0,0.0,0.0,0.0,0.0,0.0464943128061397,1.2144269836077647e-77,0.0,0.0,0.0,0.0,0.0,0.0,0.07367977055709944,4.391266410380634e-153,0.0,0.0,0.0,0.0,0.0,0.0,0.0075608940245180025,0.0,0.0,0.0,0.0,0.0,0.0,0.0,1.1021794554719312e-40,4.685278987956327e-124,0.0,0.0,0.0,0.0,0.0,0.0,0.00875484946512109,6.040952802922372e-222,0.0,0.0,0.0,0.0,0.0,0.0,0.04255099664262304,0.0,0.0,0.0,0.0,0.0,0.0,0.0,5.728671144478064e-27,1.739332743039189e-122,0.0,0.0,0.0,0.0,0.0,0.0,0.015071237894789301,1.1997545204889996e-160,0.0,0.0,0.0,0.0,0.0,0.0,3.0565699034716133e-80,0.0,0.0,0.0,0.0,0.0,0.0,0.0,6.0668051882075035e-33,7.505890417578075e-12,0.0,0.0,0.0,0.0,0.0,0.0,3.201212765584008e-59,1.6763792923621888e-150,0.0,0.0,0.0,0.0,0.0,0.0,1.609657740439585e-38,0.0,0.0,0.0,0.0,0.0,0.0,0.0,0.0,0.0,0.0,0.0,0.0,0.0,0.0,0.0,0.026291652734500234,0.0,0.0,0.0,0.0,0.0,0.0,0.0,0.03565792739150246,0.0,0.0,0.0,0.0,0.0,8.561275006779844e-108,2.098862463951653e-55,0.0,0.0,0.0,0.0,0.0,0.0,4.5712636164372934e-39,0.0,0.0,0.0,0.0,0.0,0.0,0.0,0.03565792735577128,0.0,0.0,0.0,0.0,0.0,0.0,0.0,0.007131585478300491,8.647003580306879e-170,0.0,0.0,0.0,0.0,0.0,0.0,0.02173877770560675,0.0,0.0,0.0,0.0,0.0,0.0,0.02139475643326464,0.0,0.0,0.0,0.0,0.0,0.0,0.0,2.006868797028869e-60,0.0,0.0,0.0,0.0,0.0,0.0,0.0,6.605782607816146e-37,0.0,0.0,0.0,0.0,0.0,0.0,3.276495857650591e-43,0.0,0.0,0.0,0.0,0.0,0.0,0.0,0.014263170956600983,0.0,0.0,0.0,0.0,0.0,0.0,0.0,7.222436334649511e-27,0.0,0.0,0.0,0.0,0.0,0.0,1.6929394431239932e-135,0.0,0.0,0.0,0.0,0.0,0.0,0.0,0.02850766882981488,0.0,0.0,0.0,0.0,0.0,0.0,0.0,0.016046472211599414,2.9872897296560417e-62,0.0,0.0,0.0,0.0,0.0,6.660229527224362e-54,1.1704868383164092e-184,0.0,0.0,0.0,0.0,0.0,0.0,8.035380812843176e-39,0.0,0.0,0.0,0.0,0.0,0.0,0.0,2.945375491256849e-139,0.0,0.0,0.0,0.0,0.0,0.0422278505058026,0.0,0.0,0.0,0.0,0.0,0.0,0.0,0.0,0.0,0.0,0.0,0.0,0.0,1.3843854675767783e-65,1.1797274247474224e-57,0.0,0.0,0.0,0.0,0.0,0.0,0.00713158547830049,0.0,0.0,0.0,0.0,0.0,0.0,0.0,5.179040182669035e-85,0.0,0.0,0.0,0.0,0.0,1.047907545052794e-25,8.155764755643468e-273,0.0,0.0,0.0,0.0,0.0,7.107629612634276e-18,0.0,0.0,0.0,0.0,0.0,0.0,0.0,8.75152934084698e-45,0.0,0.0,0.0,0.0,0.0,0.0,0.012677334494831513,3.687254426962698e-251,0.0,0.0,0.0,0.0,0.0,0.0,1.0747479870579545e-70,0.0,0.0,0.0,0.0,0.0,0.0,2.9282981604210516e-41,0.0,0.0,0.0,0.0,0.0,0.0,4.565328739707785e-49,0.0,0.0,0.0,0.0,0.0,6.016405649656726e-25,0.0,0.0,0.0,0.0,0.0,0.02843692017919377,0.0,0.0,0.0,0.0,0.0,0.0,1.3778296921304586e-91,0.0,0.0,0.0,0.0,0.0,1.0628261049591956e-19,0.0,0.0,0.0,0.0,0.0,0.0,0.014263170956600983,0.0,0.0,0.0,0.0,0.0,0.0,7.635000749977512e-117,0.0,0.0,0.0,0.0,1.396072305937631e-15,0.0,0.0,0.0,0.0,0.0,1.5228981434734896e-93,0.0,0.0,0.0,0.0,1.590219371043616e-183,0.0,0.0,0.0,0.0,0.0,5.110568245355423e-194,0.0,0.0,0.0,0.0,0.0,0.0,0.0,0.0,0.0,0.0,0.0,0.0,0.0,0.0,0.0,0.0
0.0,0.0,0.0,0.0,0.0,0.0,0.0,0.0,0.0,0.0,0.0,0.0,0.0,0.0,0.0,0.0,0.0,0.0,0.0,0.0,0.0,0.0,0.0,0.0,0.0,0.0,0.0,0.0,0.0,0.0,0.0,0.0,0.0,0.0,0.0,0.0,0.0,0.0,0.0,0.0,0.0,0.0,0.0,0.0,0.0,0.0,0.0,0.0,0.0,0.0,0.0,0.0,1.7783502446602636e-30,0.0,0.0,0.0,0.0,0.0,0.0,0.0,0.0,0.0,0.0,0.0,0.0,0.0,0.0,0.0,3.3227786919095815e-156,0.0,0.0,0.0,0.0,0.0,0.0,0.0,5.3328198603578534e-138,0.0,0.0,0.0,0.0,0.0,0.0,0.0,0.0,0.0,0.0,0.0,0.0,0.0,0.0,0.0,0.0,1.0532725450992808e-74,0.0,0.0,0.0,0.0,0.0,0.0,0.0,0.0,0.0,0.0,0.0,0.0,0.0,0.0,0.0,0.0,0.0,0.0,0.0,0.0,0.0,0.0,0.0,1.5618614565525002e-32,0.0,0.0,0.0,0.0,0.0,0.0,0.0,8.992429232813376e-189,0.0,0.0,0.0,0.0,0.0,0.0,0.1500217227849302,1.5034111823338539e-46,0.0,0.0,0.0,0.0,0.0,3.296119896927297e-179,0.7894597974579655,6.095007417222057e-100,0.0,0.0,0.0,0.0,0.0,5.160222429094927e-268,1.2738698274131872e-19,2.778767758059805e-124,0.0,0.0,0.0,0.0,0.0,0.0,9.373397853310927e-12,0.0,0.0,0.0,0.0,0.0,0.0,0.0,0.0,0.0,0.0,0.0,0.0,0.0,0.0,0.0,0.02017282900611014,0.0,0.0,0.0,0.0,0.0,0.0,0.0,3.4261420571425663e-308,0.0,0.0,0.0,0.0,0.0,0.0,0.0,0.0,0.0,0.0,0.0,0.0,0.0,0.0,0.0,0.040345650741620394,0.0,0.0,0.0,0.0,0.0,0.0,0.0,0.0,1.3295529678590476e-215,0.0,0.0,0.0,0.0,0.0,0.0,0.0,0.0,0.0,0.0,0.0,0.0,0.0,0.0,0.0,0.0,0.0,0.0,0.0,0.0,0.0,0.0,0.0,0.0,0.0,0.0,0.0,0.0,0.0,0.0,0.0,0.0,0.0,0.0,0.0,0.0,0.0,0.0,0.0,0.0,0.0,0.0,0.0,0.0,0.0,0.0,0.0,0.0,0.0,0.0,0.0,0.0,0.0,0.0,0.0,0.0,0.0,0.0,0.0,0.0,0.0,0.0,0.0,0.0,0.0,0.0,0.0,0.0,0.0,0.0,0.0,0.0,0.0,0.0,0.0,0.0,0.0,0.0,0.0,0.0,0.0,0.0,0.0,0.0,0.0,0.0,0.0,0.0,0.0,0.0,0.0,0.0,0.0,0.0,0.0,0.0,0.0,0.0,0.0,0.0,0.0,0.0,0.0,0.0,0.0,0.0,0.0,0.0,0.0,0.0,0.0,0.0,0.0,0.0,0.0,0.0,0.0,0.0,0.0,0.0,0.0,0.0,0.0,0.0,0.0,0.0,0.0,0.0,0.0,0.0,0.0,0.0,0.0,0.0,0.0,0.0,0.0,0.0,0.0,0.0,0.0,0.0,0.0,0.0,0.0,0.0,0.0,0.0,0.0,0.0,0.0,0.0,0.0,0.0,0.0,0.0,0.0,0.0,0.0,0.0,0.0,0.0,0.0,0.0,0.0,0.0,0.0,0.0,0.0,0.0,0.0,0.0,0.0,0.0,0.0,0.0,0.0,0.0,0.0,0.0,0.0,0.0,0.0,0.0,0.0,0.0,0.0,0.0,0.0,0.0,0.0,0.0,0.0,0.0,0.0,0.0,0.0,0.0,0.0,0.0,0.0,0.0,0.0,0.0,0.0,0.0,0.0,0.0,0.0,0.0,0.0,0.0,0.0,0.0,0.0,0.0,0.0,0.0,0.0,0.0,0.0,0.0,0.0,0.0,0.0,0.0,0.0,0.0,0.0,0.0,0.0,0.0,0.0,0.0,0.0,0.0,0.0,0.0,0.0,0.0,0.0,0.0,0.0,0.0,0.0,0.0,0.0,0.0,0.0,0.0,0.0,0.0,0.0,0.0,0.0,0.0,0.0,0.0,0.0,0.0,0.0,0.0,0.0,0.0,0.0,0.0,0.0,0.0,0.0,0.0,0.0,0.0,0.0,0.0,0.0,0.0,0.0,0.0,0.0,0.0,0.0,0.0,0.0,0.0,0.0,0.0,0.0,0.0,0.0,0.0,0.0,0.0,0.0,0.0,0.0,0.0,0.0,0.0,0.0,0.0,0.0,0.0,0.0,0.0,0.0,0.0,0.0,0.0,0.0,0.0,0.0,0.0,0.0,0.0,0.0,0.0,0.0,0.0,0.0,0.0,0.0,0.0,0.0,0.0,0.0,0.0,0.0,0.0,0.0,0.0,0.0,0.0,0.0,0.0,0.0,0.0,0.0,0.0,0.0,0.0,0.0,0.0,0.0,0.0,0.0,0.0,0.0,0.0,0.0,0.0,0.0,0.0,0.0,0.0,0.0,0.0,0.0,0.0,0.0,0.0,0.0,0.0,0.0,0.0,0.0,0.0,0.0,0.0,0.0,0.0,0.0,0.0,0.0,0.0,0.0,0.0,0.0,0.0,0.0,0.0,0.0,0.0,0.0,0.0,0.0,0.0,0.0,0.0,0.0,0.0,0.0,0.0,0.0,0.0,0.0,0.0,0.0,0.0,0.0,0.0,0.0,0.0,0.0,0.0,0.0,0.0,1.9797374567463086e-160,0.0,0.0,0.0,0.0,0.0,0.0,0.0,0.0,0.0,0.0,0.0,0.0,0.0,0.0,0.0,0.0,0.0,0.0,0.0,0.0,0.0,0.0,0.0,0.0,0.0,0.0,0.0,0.0,0.0,0.0,0.0,0.0,0.0,0.0,0.0,0.0,0.0,0.0
1.0,0.0,0.0,0.0,0.0,0.0,0.0,0.0,0.0,0.0,0.0,0.0,0.0,0.0,0.0,0.0,0.0,0.0,0.0,0.0,0.0,0.0,0.0,0.0,0.0,0.0,0.0,0.0,0.0,0.0,0.0,0.0,0.0,0.0,0.0,0.0,0.0,0.0,0.0,0.0,0.0,0.0,0.0,0.0,0.0,0.0,0.0,0.0,0.0,0.0,0.0,0.0,0.0,0.0,0.0,0.0,0.0,0.0,0.0,0.0
1703,422,316,487,664,214,207,674,1407,414,533,591,642,541,2707,465,566,691,154,1056,143,186,484,170,336,445,210,242,523,632,2700,240,1204,377,166,383,627,367,160,286,1701,473,630,647,3306,1154,4501,2202,672,1304,645,232,137,2403,307,2007,2305,751,452,211,1001,340,1607,583,1406,480,567,593,605,2702,514,3000,424,5407,290,301,191,180,332,855,275,687,183,637,454,206,325,1207,577,654,320,194,572,362,904,527,393,360,657,417,521,1605,544,280,906,1051,614,257,274,1602,441,481,401,167,525,351,1151,141,193,552,276,463,464,376,384,696,162,620,671,267,1502,571,511,397,156,700,616,1103,4206,391,271,1801,3601,3602,331,1153,2300,165,296,665,550,957,553,405,602,177,342,2000,202,2002,216,382,697,164,475,1904,491,366,412,650,356,493,312,954,437,640,683,3900,245,1201,1054,693,230,142,346,531,546,215,644,507,136,2500,174,560,471,621,3302,392,204,701,707,2406,606,3001,857,3300,155,584,1702,680,1603,334,1050,802,702,534,597,197,353,2302,2100,1804,435,282,1104,670,603,907,291,502,444,406,505,220,612,3607,752,184,462,200,516,451,153,386,365,3307,1901,634,1503,86,800,447,260,2203,163,157,2001,551,1052,754,135,1303,1401,413,234,297,411,542,1202,176,807,456,574,2201,427,295,285,324,455,404,501,1501,313,330,190,592,1403,1156,495,1907,497,504,133,344,225,950,182,354,1100,1106,1903,3903,581,2102,600,247,467,573,371,684,662,205,522,265,390,651,187,361,3902,1800,432,161,2501,212,557,1507,426,1700,1301,144,2204,145,321,1505,2407,496,624,337,804,3907,685,610,540,517,1300,315,1105,535,537,304,490,396,1101,1606,1500,460,474,284,801,655,703,704,226,416,623,652,1704,241,327,631,181,171,430,677,272,1057,453,1405,3007,580,1807,1157,682,292,486,192,310,2402,1902,350,1402,2103,2207,1006,1150,1307,646,686,203,1000,227,421,952,140,587,2303,477,1404,394,322,244,440,251,545,173,613,224,607,555,434,306,303,604,510,561,1004,757,902,335,1206,222,231,676,1504,483,317,400,273,2701,1203,851,526,485,1604,532,287,470,1400,323,201,172,515,615,1600,690,300,582,850,694,457,900,357,196,536,243,195,1053,370,443,423,692,5101,261,2301,601,905,431,856,663,520,213,314,4201,1102,436,305,450,675,1003,264,270,402,753,554,152,4202,466,1706,635,750,387,237,2105,756,352,803,565,2507,235,1601,326,500,626,146,854,2404,407,673,476,341,2104,2704,2703,355,951,175,660,643,503,656,575,1306,755,343,590,185,217,570,1707,622,302,255,641,420,547,543,385,425,1002,564,3301,372,381,3002,333,2400,263,706,380,806,150,363,461,667,705,492,617,415,5707,266,3003,562,661,347,3603,252,442,236,233,563,1806,277,2101,853,2502,375,1803,2107,524,1900,364,374,513,2307,653,345,2200,403,596,373,2304,311,281,151,633,681,506,1200,250,494,472,2004,246,2503,512,221,1302,903,283,147,2401,410,262,130,482,3303,1152,1007,253,395,953,254,3600,1802,625,256,594,446,2003,556,576,901,586,223,852,293,530,433,1107,294,611
1107:516,425:236,2004:585,220:71,1703:564,3601:637,1900:575,215:68,673:430,251:96,687:442,657:419,1503:549,185:44,420:231,404:219,905:486,2300:600,612:383,525:316,665:425,365:188,417:230,2700:619,584:363,1704:565,333:162,544:331,1901:576,364:187,263:106,422:233,431:240,86:1,242:89,207:62,183:42,1401:539,651:413,506:301,551:336,224:75,694:447,692:445,603:376,465:268,177:38,430:239,376:197,1501:547,676:433,2101:588,637:403,2501:615,264:107,607:380,523:314,1050:502,802:468,1702:563,130:2,2702:621,857:480,801:467,517:310,671:428,1002:497,172:33,1150:517,685:440,526:317,280:119,521:312,336:165,755:463,211:64,343:170,366:189,414:227,752:460,571:352,1105:514,565:348,1102:511,230:79,656:418,754:462,195:52,1202:526,374:195,141:8,3902:642,450:255,477:278,1301:532,135:4,904:485,485:284,644:408,222:73,555:340,655:417,502:297,535:324,276:117,1404:542,541:328,3303:633,295:132,2305:605,381:200,152:17,247:94,475:276,170:31,511:304,1803:571,397:214,3002:627,957:494,250:95,1154:521,663:423,610:381,560:343,806:471,3603:639,133:3,436:245,564:347,532:321,184:43,252:97,1000:495,137:6,454:259,154:19,435:244,313:146,427:238,707:457,391:208,1006:500,206:61,1504:550,1052:504,1807:574,686:441,507:302,1207:530,237:86,270:111,604:377,500:295,354:179,2403:610,345:172,1800:568,677:434,573:354,516:309,4202:646,400:215,522:313,231:80,432:241,245:92,1604:557,254:99,283:122,482:281,165:28,527:318,142:9,1706:566,416:229,2204:598,624:393,265:108,325:156,616:387,703:453,2002:583,1603:556,660:420,3607:640,136:5,855:478,145:12,444:251,672:429,282:121,556:341,275:116,342:169,954:493,337:166,4501:648,2202:596,804:470,530:319,1300:531,2701:620,704:454,457:262,460:263,393:210,363:186,674:431,557:342,351:176,437:246,706:456,176:37,1056:507,1203:527,587:365,1156:522,590:366,5101:649,2103:590,2105:592,1701:562,2304:604,623:392,451:256,2303:603,1903:578,901:482,553:338,1004:499,162:25,494:291,751:459,537:326,203:58,2507:618,1001:496,292:129,353:178,232:81,1505:551,2201:595,2107:593,296:133,304:139,680:435,240:87,1157:523,147:14,906:487,476:277,157:22,582:361,3302:632,392:209,514:307,415:228,341:168,370:191,622:391,287:126,2200:594,807:472,583:362,1051:503,1303:534,217:70,1304:535,1507:552,2000:581,146:13,266:109,690:443,412:225,900:481,390:207,380:199,212:65,513:306,424:235,303:138,576:357,474:275,580:359,3602:638,193:50,3300:630,226:77,540:327,463:266,360:183,223:74,3000:625,285:124,3600:636,1605:558,421:232,271:112,335:164,426:237,577:358,166:29,1201:525,331:160,214:67,756:464,520:311,800:466,462:265,1606:559,274:115,490:287,246:93,143:10,667:426,1204:528,493:290,5407:650,1054:506,330:159,552:337,284:123,2102:589,684:439,402:217,413:226,950:489,1302:533,501:296,1100:509,650:412,234:83,473:274,614:385,1106:515,1307:537,367:190,272:113,2207:599,253:98,182:41,186:45,164:27,2104:591,470:271,2406:612,547:334,2302:602,5707:651,153:18,394:211,267:110,1406:544,1407:545,405:220,856:479,1700:561,2401:608,524:315,575:356,1057:508,640:404,1500:546,316:149,456:261,853:476,630:397,515:308,410:223,850:473,2704:623,356:181,486:285,300:135,171:32,302:137,487:286,2307:606,2500:614,646:410,2703:622,406:221,1602:555,216:69,852:475,495:292,441:248,443:250,643:407,382:201,156:21,2503:617,702:452,2407:613,654:416,533:322,3301:631,261:104,675:432,307:142,3003:628,2301:601,144:11,273:114,257:102,352:177,484:283,312:145,290:127,200:55,3907:644,340:167,187:46,213:66,1101:510,2003:584,647:411,344:171,346:173,1003:498,227:78,662:422,294:131,512:305,1904:579,481:280,1103:512,1907:580,445:252,466:269,534:323,453:258,1152:519,1502:548,395:212,161:24,372:193,645:409,3903:643,531:320,241:88,2400:607,383:202,401:216,4206:647,236:85,562:345,323:154,260:103,297:134,1802:570,545:332,1806:573,190:47,201:56,1153:520,601:374,311:144,281:120,593:369,464:267,2007:586,433:242,554:339,491:288,386:205,620:389,602:375,447:254,543:330,314:147,357:182,461:264,480:279,633:400,403:218,1400:538,334:163,174:35,2100:587,634:401,496:293,566:349,322:153,592:368,683:438,315:148,597:372,1104:513,305:140,586:364,574:355,550:335,423:234,757:465,497:294,700:450,627:396,1801:569,197:54,510:303,2001:582,233:82,196:53,262:105,320:151,471:272,1804:572,635:402,681:436,324:155,3307:635,705:455,210:63,151:16,505:300,1151:518,567:350,191:48,606:379,1306:536,205:60,327:158,244:91,661:421,682:437,483:282,150:15,2707:624,4201:645,1405:543,434:243,173:34,256:101,596:371,615:386,277:118,697:449,851:474,854:477,361:184,952:491,621:390,355:180,235:84,204:59,1200:524,385:204,2402:609,377:198,907:488,411:224,750:458,321:152,310:143,384:203,903:484,371:192,3306:634,243:90,1007:501,194:51,301:136,167:30,317:150,140:7,202:57,1206:529,605:378,3001:626,572:353,455:260,442:249,180:39,652:414,696:448,803:469,255:100,160:23,591:367,1601:554,291:128,1902:577,753:461,664:424,693:446,653:415,503:298,542:329,452:257,632:399,902:483,953:492,631:398,670:427,2502:616,3900:641,600:373,225:76,347:174,350:175,396:213,581:360,332:161,375:196,1707:567,163:26,440:247,1600:553,192:49,570:351,1053:505,1607:560,326:157,561:344,563:346,3007:629,221:72,951:490,625:394,373:194,492:289,362:185,2404:611,407:222,175:36,691:444,546:333,286:125,467:270,611:382,387:206,617:388,536:325,626:395,2203:597,306:141,613:384,472:273,181:40,155:20,594:370,701:451,641:405,504:299,446:253,1403:541,293:130,642:406,1402:540
