70
0.3424566415563066,0.0,0.0,0.0,3.886932576723455e-42,0.0,0.0,5.885387775377464e-46,0.19779523935061624,0.0,0.0,0.0,3.601500154835128e-21,1.4918106624246307e-56,0.0,0.0,1.8721692050121068e-48,0.0,0.0,4.060606821505843e-177,0.0,0.0,0.0,0.0,0.0,0.0,0.0,0.048989528451648126,0.0,7.296153266984385e-256,4.996589340205089e-119,0.0,0.0,1.1776166408443746e-24,0.0,0.0,0.0,0.02406370177850634,3.842554673697515e-194,1.1415025541106526e-150,0.0,2.427795674875565e-75,0.2021412252884422,0.048121991924609475,0.0,1.0914069333200047e-129,0.10121964388318933,0.0,0.0,0.0,0.0,0.0,2.87489530651911e-61,0.0,3.779767833852188e-73,0.0,1.2050717122997295e-145,0.0,6.3874205210503886e-105,2.9698392755811684e-125,2.799954159521105e-81,0.0,0.0,2.2455218019643704e-98,0.0,0.0,0.0,0.035212027766681725,3.668123201537142e-78,1.3919414316314557e-80
0.0,0.545637949792006,0.01406889163267339,1.6172568697669147e-5,0.0,4.743551181339145e-10,0.011317929882199365,0.0,0.0,1.6498682177916936e-308,2.966926638918777e-39,0.0,0.0,0.0,0.0,6.493798788170379e-103,0.0,6.016989819719762e-28,6.413288099424611e-54,0.0,0.0,6.628868789325728e-31,8.36126804033664e-77,0.0,0.0,4.320903576387526e-29,0.0,0.0,0.0,0.0,0.0,5.2239600114077475e-130,0.031889742370475004,0.0,3.060389044936665e-5,0.0,1.317415889396315e-37,0.0,0.0,0.0,0.05283859980046954,0.0,0.0,0.0,0.0,0.0,0.0,0.19509644754310937,1.9589746091683372e-36,7.006985850362219e-142,0.008744437469982361,0.0154453542467025,0.0,0.0,0.0,2.5730721753179166e-201,0.0,0.0,0.0,0.0,0.0,0.12022366387222924,0.0046679561809129045,0.0,2.2250275738211464e-5,0.0,6.710777036361727e-148,0.0,0.0,0.0
0.0,8.230190771871688e-7,0.44468440780759805,2.980799180071052e-22,0.0,3.1153098000087266e-113,0.026926943918830944,0.0,0.0,2.6996139228729945e-189,8.704282733474822e-40,0.0,0.0,0.0,0.0,2.1907147141746008e-55,0.0,0.1613653486613592,2.032167309997809e-52,0.0,0.002805321034910116,1.28885352317443e-88,0.0025944148365801907,0.0,0.0,1.6750759027722275e-63,0.0,0.0,0.0,0.0,0.0,0.0,3.666343996203265e-141,0.0,1.4049732193363103e-20,0.0,1.4567596365809925e-45,0.0,0.0,0.0,1.3212674350973636e-65,0.0,0.0,0.0,0.0,0.0,0.0,0.08964926785441246,2.871887359991361e-45,5.701702997122502e-18,3.653837288726443e-137,8.694463447539964e-6,0.0,0.0,0.0,0.0028000450087190994,0.0,0.0,0.0,0.0,0.0,0.26639026530425763,0.002774468090807611,0.0,1.6788647308530724e-122,0.0,3.612257499956667e-81,0.0,0.0,0.0
0.0,0.09147251531218265,2.419959768596316e-16,0.08087930047828877,0.0,3.6504515430405653e-25,0.007792972138492073,0.0,0.0,0.0,0.05770902928766333,0.0,0.0,0.0,0.0,0.0,0.0,1.1950271994639327e-109,1.6495938461321733e-42,0.0,0.0,1.3146160613769487e-18,9.727153070139728e-141,0.0,0.0,2.402067814066665e-24,0.0,0.0,0.0,0.0,0.0,0.0,4.5649970815855816e-15,0.0,0.6172153074336018,0.0,0.0,0.0,0.0,0.0,0.1401530892859106,0.0,0.0,0.0,0.0,0.0,0.0,4.270085012794958e-18,1.181623013187881e-162,4.307682219092967e-223,0.0,0.0026011606406844676,0.0,0.0,0.0,0.0,0.0,0.0,0.0,0.0,0.0,0.002176625423171529,1.2490478170127715e-290,0.0,2.615761483773691e-99,0.0,0.0,0.0,0.0,0.0
9.542242618365207e-33,0.0,0.0,0.0,0.6116976584623036,0.0,0.0,6.731618991352862e-124,0.09860812840117858,0.0,0.0,0.0,1.1193182477625322e-37,0.015168496749818947,2.4424712257650214e-59,0.0,0.18916019536495593,0.0,0.0,9.424849147264369e-143,0.0,0.0,8.582900997701135e-263,1.7618940544197171e-298,0.020924773108985658,0.0,0.0,7.667007875162504e-101,0.0,2.238298910790119e-124,2.5490506387851944e-52,0.0,0.0,6.593113421887708e-28,0.0,2.1133821468871785e-30,0.0,0.0,5.277895251567848e-278,4.861775224479498e-128,0.0,1.6969957196261772e-65,9.526775959699298e-5,1.9136058494904495e-34,8.224136482690573e-131,7.506337636625682e-68,0.05418869529478872,0.0,0.0,0.0,0.0,0.0,1.076469214718209e-84,0.0,2.366866203606172e-26,0.0,3.2841404302219445e-225,7.479065065520952e-10,8.091565584980053e-64,2.3492363508294118e-141,5.1879318832167226e-42,0.0,0.0,2.3805674923103975e-59,0.0,0.01015678411046513,0.0,3.8739128567303618e-25,1.3691456668987987e-60,2.6423078387969765e-74
0.0,9.92345085730581e-20,4.204089549524545e-38,9.56268281111956e-6,0.0,0.40650270128080424,1.4746311674253953e-163,0.0,0.0,0.0,4.7808447646806634e-23,0.0,0.0,0.0,0.0,3.0033249906554307e-214,0.0,4.168555440652826e-104,5.605794949088437e-30,0.0,0.0,7.1144232458704665e-34,4.5203316728922336e-142,0.0,0.0,1.5250147195388792e-63,0.0,0.0,0.0,0.0,0.0,1.29944e-319,0.21724732781958575,0.0,0.1838500143935616,0.0,0.0,0.0,0.0,0.0,0.153601907702971,0.0,0.0,0.0,0.0,0.0,0.0,5.7406606260892e-28,5.631896058091745e-137,1.8309554e-316,3.856123e-318,0.03878848612026633,0.0,0.0,0.0,2.1400573921958714e-152,0.0,0.0,0.0,0.0,0.0,2.226920572360929e-17,8.263075109107964e-207,0.0,5.858359943758366e-116,0.0,0.0,0.0,0.0,0.0
0.0,1.287514100118258e-64,0.048999930077236596,6.616222837605961e-70,0.0,0.03890883250686527,0.5850440271699223,0.0,0.0,4.533028220927632e-115,3.806370359815581e-93,0.0,0.0,0.0,0.0,4.873512345284957e-28,0.0,9.94680808645663e-38,0.07558826764393091,0.0,1.9466097699715326e-126,1.1588867800563739e-69,1.871409962813387e-49,0.0,0.0,1.1192264408151357e-29,8.183523076690852e-212,0.0,0.0,0.0,0.0,1.275713427542624e-115,8.187629204893201e-25,0.0,4.496343844463565e-67,0.0,5.237325368895387e-78,0.0,0.0,0.0,0.014581035876793486,0.0,0.0,0.0,0.0,0.0,0.0,4.963260873247639e-78,1.9408786419890192e-29,6.113969678351957e-36,0.05021167031257035,8.594246809051437e-88,0.0,0.0,0.0,9.769953280655008e-167,0.0,0.0,0.0,0.0,0.0,1.168541440239538e-27,0.1267193782426008,0.0,7.591931035326894e-110,0.0,0.05994685817008026,0.0,0.0,0.0
1.1078601600306221e-139,0.0,0.0,0.0,3.7857341231283653e-47,0.0,0.0,5.301393526942718e-7,5.651471143746782e-130,0.0,0.0,3.4086302121774247e-124,9.660090002249613e-24,0.0,1.01790056003419e-66,0.0,2.7595096536302918e-70,0.0,0.0,0.1656663597656904,0.0,0.0,0.0,1.5601763143933525e-256,1.5635499531646778e-153,0.0,1.65344361e-315,1.128277260804768e-155,2.389473546131159e-156,5.649094488208818e-16,1.2407812264402134e-22,0.0,0.0,1.4936082329181453e-8,0.0,0.0,0.0,3.136180996679494e-268,3.0954499415971057e-24,0.007546246141768019,0.0,4.908828172215633e-116,0.1480453090917403,6.05408142016427e-72,0.04788743766527473,2.585173976583072e-131,6.994706878894769e-20,0.0,0.0,0.0,0.0,0.0,0.018900896143050634,5.1390029270299715e-54,6.168761255532349e-96,0.0,3.0875896684054616e-5,2.6068882892206156e-125,3.721041505987215e-95,1.4467990511692168e-126,3.093608219480658e-130,0.0,0.0,0.6119223302203562,0.0,2.3678202342220003e-196,0.0,1.1083401445359406e-55,6.385272364269811e-31,1.0483332015255099e-46
8.527398185323706e-21,0.0,0.0,0.0,0.0158059411983448,0.0,0.0,3.695700210945345e-147,0.2670445267658205,5.854220128840967e-220,0.0,0.0,0.19642885372762384,2.8981471239872967e-167,0.0,0.0,2.575673754954157e-85,0.0,0.0,1.4079778600297468e-258,0.0,1.5751751754062462e-267,0.0,2.0e-322,4.44609135528371e-177,0.0,0.0,3.7083795295018354e-69,0.0,4.6035291654148963e-244,1.8201791853581913e-72,0.0,0.0,5.828667939351933e-8,0.0,0.0,0.0,0.0,0.0,6.875736482345242e-171,0.0,0.4336013309160522,3.7104500426374474e-57,9.928546492518034e-48,0.0,4.406457612378356e-86,2.4206727488620636e-112,0.0,0.0,0.0,0.0,0.0,0.032684389011775415,0.0,4.1052199802331466e-55,0.0,2.54773412011733e-239,6.104124258933832e-236,4.879391933788599e-125,6.924090312036297e-157,0.054434900093703796,0.0,0.0,3.678900390429908e-175,0.0,2.542610602874218e-188,0.0,2.0376248837510125e-52,3.478052865134236e-251,1.483020755913626e-96
0.0,0.0,0.0,0.0,3.074533535180708e-242,0.0,0.0,5.958442434061142e-71,0.0,0.1268357207963229,0.0,0.0,0.0,0.0,0.0,8.148484294212856e-36,1.7887522975855467e-68,0.0,3.777245240355434e-245,2.827923038173271e-50,0.0,2.1743225225578207e-52,5.86247341946089e-85,0.0,0.0,4.7074306914495514e-7,1.949665645317037e-120,0.0,0.0,9.298827763038119e-190,0.0,2.0141478989302634e-8,1.0679246895245974e-72,1.9005973857901698e-37,0.0,0.0,4.428919020612828e-95,0.0,0.0,2.164676140971114e-261,0.0,0.0,3.1558947550912866e-93,0.0,0.0,0.0,3.057032928136364e-215,0.0,6.594565044603614e-17,0.09101598195831245,2.2845429866740663e-25,3.2639726075513017e-46,0.0,0.0,1.1614138180871929e-267,0.5817359277110241,1.283021827227649e-27,0.0,0.0,0.0,0.0,0.0,7.515898408345265e-49,0.142458783562493,0.0,0.0,0.005390537813813968,7.238292874972805e-146,0.05256255727348533,0.0
0.0,1.156540151004808e-30,2.7481530453269627e-9,1.177136866560059e-5,0.0,0.6935995584050759,1.73112252104952e-58,0.0,0.0,5.952016044984806e-286,0.2060366158492019,0.0,0.0,0.0,0.0,3.367228825217213e-154,0.0,2.0753869264409015e-99,6.889431462331126e-83,0.0,0.0,2.433675757314243e-65,9.241733967995222e-151,0.0,0.0,1.6865776234278674e-69,0.0,0.0,0.0,0.0,0.0,8.44755318807113e-203,2.080183020041806e-38,0.0,0.03548868915698607,0.0,3.282302476608675e-164,0.0,0.0,0.0,1.6470747187069438e-34,0.0,0.0,0.0,0.0,0.0,0.0,4.786638898258809e-29,1.3056263618135988e-93,1.2621844181322337e-249,5.231393799597275e-111,2.5384426662138702e-48,0.0,0.0,0.0,1.4950658892604557e-266,0.0,0.0,0.0,0.0,0.0,0.06486336247191732,3.008519375892499e-33,0.0,2.7292781782881136e-106,0.0,2.246917121954951e-275,0.0,0.0,0.0
0.0,4.325384898936401e-249,3.5685012749127196e-182,0.0,0.0,0.0,0.01641274606289844,0.0,0.0,0.0,0.0,0.7192328751800692,0.0,0.0,0.0030132494790374264,0.0,0.0,1.3339855063755518e-271,0.0,0.0,0.0,0.0,0.0,0.0771301645370764,4.149053578246008e-11,0.0,0.0,0.0,3.0120887352946948e-37,0.0,0.0,0.0,0.0,0.0,0.0,4.222624558313767e-139,0.0,1.8438155471494459e-155,3.7531890708896017e-34,0.0,2.3079021486768746e-286,0.0,0.0,0.0,0.18421096469942796,1.117812446217866e-255,0.0,2.081052713264291e-259,0.0,0.0,0.0,0.0,0.0,1.5439408581427247e-83,0.0,0.0,0.0,1.1822849153362318e-71,0.0,0.0,0.0,1.8917261199660385e-275,0.0,0.0,0.0,1.2702764756965396e-58,0.0,0.0,0.0,0.0
6.373555150755783e-68,0.0,0.0,0.0,0.12203713822266574,0.0,0.0,1.3587642293856693e-141,1.9028449241211155e-31,8.969488200501805e-299,0.0,9.4e-323,0.7863260753081139,4.471922141913111e-149,9.20685977714981e-105,0.0,8.115243450493351e-9,0.0,0.0,7.1774571098636e-191,0.0,0.0,1.2463760248231184e-263,0.0,1.0647878918110949e-69,0.0,0.0,2.056721792540659e-117,0.0,3.1379477949516504e-140,4.462711557034651e-87,0.0,0.0,0.007146098373172065,0.0,0.0,0.0,0.0,1.8663762676517982e-135,3.089345259612583e-197,0.0,2.1063130967104517e-46,2.6455651433190756e-51,7.883457266536272e-62,7.829505131506808e-115,0.03581932184132539,0.04864607110468671,0.0,0.0,0.0,0.0,0.0,4.7609128458291954e-62,0.0,4.695628915259317e-95,0.0,2.080974679786601e-220,2.5466419490107706e-99,2.5287034792755455e-5,2.840150470558246e-65,4.067251415091316e-64,0.0,0.0,3.891948493367186e-139,0.0,1.444246962036943e-222,0.0,4.400391908495017e-18,7.769173406599235e-111,2.4359490902657853e-39
3.091258102301623e-196,0.0,0.0,0.0,4.303339861200632e-160,0.0,0.0,0.0,1.2054640965201295e-116,0.0,0.0,0.0,1.392944086960196e-148,0.0,4.1583227436799087e-91,0.0,2.124117385644569e-131,0.0,0.0,0.0,0.0,0.0,0.0,0.0,3.95380799395891e-91,0.0,0.0,0.758972740320657,0.0,9.63409989338954e-299,3.675627162855559e-126,0.0,0.0,6.0457616269678966e-210,0.0,0.16068483978622866,0.0,0.0,0.0,7.9052229313e-314,0.0,5.359104086388156e-87,2.3272713579591463e-190,0.0,0.08034241989311433,2.2466448715011043e-200,2.5934770832136678e-127,0.0,0.0,0.0,0.0,0.0,8.725293553496343e-66,0.0,8.376052494805364e-101,0.0,0.0,3.485282154170966e-300,0.0,1.3499990727622557e-216,4.9462646569643964e-96,0.0,0.0,0.0,0.0,1.9072352621567638e-57,0.0,3.75182385489702e-186,2.0932224972101066e-294,2.231668784513935e-273
0.0,0.0,1.490368741803207e-225,0.0,0.0,0.0,4.6001869232824186e-38,0.0,0.0,0.0,0.0,1.876481472384312e-14,0.0,1.3380642103982885e-202,0.6027221698872532,0.0,0.0,0.0,0.0,0.0,0.0,0.0,0.0,0.019895636042579056,0.07447973083917002,0.0,0.0,0.0,0.11116157555526249,0.0,0.0,0.0,0.0,0.0,0.0,3.846171261266658e-26,0.0,0.048974951527244084,4.862121378067062e-9,0.0,6.3893e-320,0.0,0.0,0.0,0.03782800081339599,1.2038871172677896e-180,0.0,0.0,0.0,0.0,0.0,0.0,0.0,0.05539798569316696,0.0,0.0,0.0,0.04951469022848772,0.0,0.0,0.0,0.0,0.0,0.0,0.0,2.5254551300241494e-5,0.0,0.0,0.0,0.0
0.0,0.0,0.0,0.0,2.3240257158785503e-194,0.0,2.828707747843686e-287,1.0616108643220241e-16,0.0,0.08105698325052503,0.0,0.0,0.0,0.0,0.0,0.5732220070103107,1.2871265642176076e-30,0.0,3.2719972983412263e-209,1.3662958755130086e-39,0.0,1.245248832170174e-13,3.892619435105779e-52,0.0,0.0,0.02743598014320553,0.02515441364720361,0.0,0.0,7.284743516050257e-113,2.2452581261590807e-273,7.718487045251804e-40,1.2249583193193155e-26,0.02393555539082945,0.0,0.0,4.210254421397702e-64,0.0,0.0,2.371670150931703e-189,0.0,0.0,2.3287669958067482e-36,9.780760086041454e-34,0.0,0.0,3.0425201450402236e-127,0.0,4.318514519318526e-9,1.4503096822184162e-29,7.209423596405061e-28,0.2523026241227245,0.0,0.0,2.865497613968332e-185,7.580704969120399e-47,3.7261211376376475e-43,0.0,0.0,0.0,0.0,0.0,4.111377437916751e-6,0.01688832073912407,0.0,0.0,3.559203523445382e-17,2.9699194563672367e-90,3.125232715497115e-30,1.9784140089778202e-51
0.01911690735158018,0.0,0.0,0.0,4.872367470070461e-22,0.0,0.0,1.8948929732645136e-29,4.093401702264794e-54,1.176053078062897e-203,0.0,0.01573691435480475,0.06442803307684326,1.2321342999240526e-246,8.355205318766497e-67,0.0,6.992981322161986e-6,0.0,0.0,1.7687207230949502e-60,0.0,0.0,4.695114991754065e-173,2.8880997197790653e-255,7.36625698855339e-28,0.0,8.16553648865717e-177,1.739035437974984e-235,0.0,2.2937133652933703e-23,1.9329891959704322e-37,0.0,0.0,0.0656659546332826,0.0,1.3916086185618402e-96,0.0,0.0,4.182358863219714e-290,2.066937266687166e-133,0.0,8.054400302896772e-68,0.6900819523009456,0.07504950022666772,2.535375867286399e-132,3.369384712572889e-123,1.4351136552050564e-11,0.0,0.0,0.0,0.0,0.0,2.277749698583463e-84,0.0,9.878779801673397e-28,0.0,1.1590785346359855e-167,0.04845239152025248,8.430838664785565e-60,0.010077000648050054,1.2409139747148027e-26,0.0,0.0,0.011384352891900087,0.0,5.950967293111557e-50,0.0,1.806580035083603e-28,2.98092391511279e-45,1.873184239978718e-52
0.0,2.940212448222487e-45,8.497082133966221e-54,0.0013958592373553007,0.0,1.2164061200888187e-30,0.022721726736530147,0.0,0.0,0.0,0.030612356434976312,0.0,0.0,0.0,0.0,1.4946651687729986e-72,0.0,0.5002817166882282,1.406328227329785e-39,0.0,2.1118701287523806e-237,6.205748607576259e-121,2.8299163887381793e-105,0.0,0.0,4.132716973502054e-84,0.0,0.0,0.0,0.0,0.0,2.818240740006645e-23,5.231222691435945e-102,0.0,0.08464150575485895,0.0,2.7227149387286235e-196,0.0,0.0,0.0,0.014488754064918301,0.0,0.0,0.0,0.0,0.0,0.0,0.3309021442887856,2.1484075935469908e-103,1.2509889614025576e-227,5.728579415563709e-247,9.791369510253816e-80,0.0,0.0,0.0,3.5303064532141897e-233,0.0,0.0,0.0,0.0,0.0,7.342065462299744e-62,0.014955936794347119,0.0,1.1182871778101283e-198,0.0,1.4243786220217126e-172,0.0,0.0,0.0
0.0,3.636025122497858e-125,5.186727337693674e-25,5.07885646514884e-169,0.0,3.2663716542535887e-174,0.07943314858179447,0.0,0.0,2.2957761422122574e-111,1.4732897234519573e-204,0.0,0.0,0.0,0.0,0.06447010828452542,0.0,6.343580860852089e-121,0.5215365270563638,0.0,0.2828944136527114,5.414488046463672e-197,0.014592876699097923,0.0,0.0,2.7130326409150918e-18,0.0,0.0,0.0,0.0,0.0,1.8136391976509067e-110,0.0,0.0,6.694017688649957e-266,0.0,2.4236752450612585e-165,0.0,0.0,0.0,9.790101643392914e-116,0.0,0.0,0.0,0.0,0.0,0.0,3.628879970296651e-80,0.005338469154554115,4.2248079538596855e-42,6.588191002208465e-110,7.187952055607294e-162,0.0,0.0,0.0,0.01586249793094517,0.0,0.0,0.0,0.0,0.0,8.034522500828315e-70,1.1568441802141512e-34,0.0,0.01587195864000772,0.0,4.458044642022251e-63,0.0,0.0,0.0
0.0,0.0,0.0,0.0,2.6887528281714723e-105,0.0,0.0,2.3182597821269846e-10,0.0,0.0,0.0,0.0,0.026530431720323364,0.0,0.0,0.0,1.0301056527383185e-141,0.0,0.0,0.15184133000290356,0.0,0.0,0.0,0.0,0.0,0.0,9.389256293912237e-209,0.0,6.477683971059706e-197,0.19712179136734198,0.0,0.0,0.0,0.13137164118101158,0.0,0.0,0.0,0.0,3.7967774770293185e-57,2.5837617663307555e-67,0.0,2.2134659751554454e-90,3.0156961773486634e-89,4.0835008828688565e-67,0.0,0.0,6.916777975821127e-14,0.0,0.0,0.0,0.0,0.0,2.556276835943921e-249,7.890120396554578e-92,0.026813150499576773,0.0,0.438851948439567,0.0,7.088545379744089e-212,5.756822196755851e-258,0.02746970599031411,0.0,0.0,5.670663956414785e-10,0.0,0.0,0.0,2.3018301610889387e-22,5.1800505196429826e-27,3.558395169402795e-78
0.0,0.0,3.7050862249856465e-251,0.0,0.0,0.0,0.16944742525656925,0.0,0.0,1.7578630483229146e-149,0.0,0.0,0.0,0.0,0.0,5.0062723756144273e-222,0.0,0.0,0.0,0.0,1.3575225941058229e-40,0.0,1.8544277639949775e-152,0.0,0.0,0.0,3.5142505886014145e-204,0.0,0.0,0.0,0.0,1.3625941371958215e-222,0.0,0.0,0.0,0.0,0.8305525747434308,0.0,0.0,0.0,0.0,0.0,0.0,0.0,0.0,0.0,0.0,0.0,6.393672051212832e-139,1.181271626808115e-187,1.4346721688992781e-70,0.0,0.0,0.0,0.0,5.554830731326976e-190,0.0,0.0,0.0,0.0,0.0,0.0,0.0,0.0,0.0,0.0,3.989577067738285e-103,0.0,0.0,0.0
0.0,0.0,0.0,0.0,2.049089755158865e-278,0.0,0.0,2.4042299667667397e-72,0.0,0.031516759871966726,0.0,0.0,0.0,0.0,0.0,6.129184482636985e-13,8.856884197773048e-48,0.0,2.071410666062209e-232,9.320081114849674e-73,0.0,0.0031519984678232077,6.907666138171956e-72,0.0,0.0,7.207630439288565e-21,3.946452688074034e-110,0.0,0.0,0.0324128516317367,0.0,2.930778360620269e-52,0.5678943785609687,3.3953403116624997e-65,0.0,0.0,2.996599810505022e-235,0.0,0.0,1.2632938762109036e-21,0.0,0.0,1.4995488904206814e-139,6.125782170836831e-32,0.0,0.0,2.0813992831893461e-218,0.0,0.19518635712424465,6.360667239974888e-54,4.2027934951040985e-62,0.02505878107843593,0.0,0.0,0.011209620574701522,4.034406730530078e-9,0.08871630315835005,0.0,0.0,0.0,0.0,0.0,0.03391247907977433,0.010940466415224918,0.0,0.0,1.855878033079602e-56,1.7476611519221969e-94,1.753605723577697e-12,0.0
0.0,0.0,0.0,0.0,3.216434741977641e-104,0.0,0.0,1.048311066483403e-44,1.2502839692961281e-67,3.968221512534677e-131,0.0,0.0,6.275582913405059e-168,0.0,0.0,3.494624860769193e-58,6.287241287011017e-77,0.0,1.1522244474737536e-292,0.0,0.0,0.041753539599048435,9.164648346469396e-141,0.0,0.0,1.1269130616630905e-44,6.944400968416943e-228,0.0,0.0,0.0,0.036823752667772436,8.118451486550067e-87,1.1215343833995594e-23,6.1168254933537545e-62,0.0,0.0,2.2665331716352992e-139,0.0,0.0,0.0,0.0,2.7152630227372368e-163,2.4003634234744904e-74,9.221023735294967e-164,0.0,0.0,2.0932854181993867e-14,0.0,1.9513742120063067e-49,2.1846932226753685e-82,3.695876485243784e-50,2.9116901128123775e-46,8.716773526395675e-260,0.0,7.544007116585229e-42,7.721952508103988e-45,0.0,0.0,3.5741499438244793e-248,6.194309541843949e-99,0.03699863104340144,0.0,0.36444017369005427,8.382819796498729e-91,0.0,0.0,0.41026038311124075,2.5839224682382652e-51,0.10972351988846164,2.653894222165341e-116
0.0,0.0,0.0,0.0,5.924926296035672e-308,0.0,0.0,0.0,0.0,0.0,0.0,8.235404501979157e-67,0.0,2.84253334839985e-300,1.50252932146276e-30,0.0,0.0,0.0,0.0,0.0,0.0,0.0,0.0,0.5958287811434929,1.1114498818416676e-40,0.0,0.0,0.0,0.027447147065312184,0.0,0.0,0.0,0.0,0.0,0.0,0.21499676491280442,0.0,1.3803357637567016e-36,4.840754900921336e-29,0.0,0.0,0.0,0.0,0.0,0.1617273068783905,0.0,0.0,0.0,0.0,0.0,0.0,0.0,0.0,7.555498943336883e-49,0.0,0.0,0.0,1.2128016962256073e-52,0.0,0.0,0.0,0.0,0.0,0.0,0.0,1.726953695980516e-36,0.0,0.0,0.0,0.0
0.0,0.0,0.0,0.0,6.346192967069745e-217,0.0,0.0,0.0,0.0,0.0,0.0,4.517670084309191e-44,0.0,0.0,2.5493904520765633e-23,0.0,0.0,0.0,0.0,0.0,0.0,0.0,0.0,1.9381976361850465e-121,0.7058036242631227,0.0,0.0,0.0,0.02970849379370375,0.0,0.0,0.0,0.0,0.0,0.0,0.017696501654768104,0.0,6.978725278395551e-51,9.75577025937709e-38,0.0,0.0,0.0,0.0,0.0,6.619121872841283e-19,1.2194421068982325e-90,0.0,0.0,0.0,0.0,0.0,0.0,0.0,5.315550259080174e-23,0.0,0.0,0.0,5.164488178362386e-13,0.0,0.0,0.0,0.0,0.0,0.0,0.0,0.24679138028788886,0.0,0.0,0.0,0.0
0.0,0.0,0.0,0.0,1.2515490448593483e-232,0.0,1.4279072532895487e-304,0.008385921516372748,0.0,8.742757000269612e-17,0.0,0.0,0.0,0.0,0.0,0.10014492023804741,7.289598847761515e-87,0.0,2.3456118689678144e-212,1.0756007391701464e-44,2.642661948523564e-190,0.020218099690595688,1.9170872692070094e-34,0.0,0.0,0.10233209433585423,9.677514094004324e-41,0.0,0.0,0.008226846744663818,0.0,1.218291858568106e-22,0.13473104375653738,1.69438665803934e-23,0.0,0.0,3.378910957394848e-111,0.0,0.0,3.0040248348399353e-75,0.0,0.0,2.168935200920069e-105,0.016691853214873653,0.0,0.0,6.312003155230486e-231,0.0,0.4604869734157696,4.290654790874135e-24,4.741176736575621e-31,0.14802099516576533,0.0,0.0,0.0,0.0007612074389967113,3.882932000522691e-76,0.0,0.0,0.0,0.0,0.0,4.4481138866965867e-8,1.278816519039964e-41,0.0,0.0,1.3843875903176409e-12,4.879269744304883e-233,5.185659393337746e-26,9.668758067580692e-65
0.03215294147989137,0.0,0.0,0.0,1.1062335066295275e-126,0.0,1.0893771787777973e-266,5.6235577774874585e-117,0.0,8.038105850369723e-88,0.0,0.0,6.892223403295275e-87,0.0,0.0,5.495686954793917e-63,2.210858916220023e-111,0.0,1.3610289021304138e-285,1.2128444937417703e-179,0.0,4.499738943095667e-133,0.7529752056928373,0.0,0.0,2.1892022231893746e-51,6.148457743837455e-69,0.0,0.0,4.194815834823841e-96,0.0,6.192248100720598e-81,1.4036814913139994e-145,8.284488384968308e-5,0.0,0.0,6.662230082135256e-114,0.0,0.0,1.85999059785673e-158,0.0,5.59224033880228e-185,2.578931817982474e-90,0.0,0.0,0.0,6.521219820059798e-161,0.0,3.077322929422619e-38,9.46229084547592e-72,1.1891815588485792e-50,1.4813460574058355e-47,0.0,0.0,0.0,1.2549303058314683e-37,1.1585713473450185e-100,0.0,0.0,0.0,5.120321393399282e-98,0.0,7.366210046172111e-62,7.994423768455239e-21,0.0,0.0,5.8813604721336166e-80,2.0140957584607902e-41,0.15128123670021174,0.0635077712432097
1.6609737656784138e-122,0.0,0.0,0.0,1.956202145517587e-76,0.0,0.0,5.013045265632215e-230,4.1322201934707277e-119,0.0,0.0,0.0,1.0045819904039849e-75,0.4634260636142557,1.1098066352250004e-184,0.0,7.516041096598036e-81,0.0,0.0,0.0,0.0,0.0,0.0,0.0,4.116868811438523e-164,0.0,0.0,2.5851499758520213e-71,0.0,1.7208282221986156e-191,1.6381103477985528e-93,0.0,0.0,2.3100073457949545e-184,0.0,0.0,0.0,0.0,0.0,2.80808888832285e-115,0.0,5.925328356830568e-57,4.187072203588392e-105,0.0,0.0,0.21021988527063135,3.3374429880388146e-68,0.0,0.0,0.0,0.0,0.0,1.6605370244981907e-261,0.0,6.686341196074218e-115,0.0,0.0,0.0,6.05546849828514e-241,5.5701986351521636e-235,3.3186066628526987e-57,0.0,0.0,0.0,0.0,1.1018232088512202e-241,0.0,6.8611987453297645e-90,0.0,0.32635405111511295
0.0,4.153617407698995e-139,0.07457990240575184,8.85050838110042e-223,0.0,4.3012037599676026e-288,3.7812059653301195e-159,0.0,0.0,0.0,1.0400672037215246e-103,0.004854159379765939,0.0,0.0,1.0444528249427437e-50,0.0,0.0,0.016891234642351205,0.0,0.0,0.0,0.0,0.0,4.132346813884484e-22,2.1778992704801978e-83,0.0,0.0,0.0,0.669622222424227,0.0,0.0,0.0,0.0,0.0,5.0494782288283976e-231,3.563284905011156e-132,0.0,0.05447873232414999,1.825852909824172e-6,0.0,1.1301464689871287e-230,0.0,0.0,0.0,0.004950719475719988,0.0,0.0,0.003268149645699659,0.0,0.0,0.0,0.0,0.0,0.17135304330642542,0.0,0.0,0.0,8.167884807782777e-131,0.0,0.0,0.0,1.0542999136644768e-8,0.0,0.0,5.0632045774374434e-263,6.517255766425945e-98,0.0,0.0,0.0,0.0
0.0,0.0,0.0,0.0,4.7821383189522876e-121,0.0,0.0,1.6376074617273649e-62,5.1934663689099e-217,0.0,0.0,0.0,0.010263398107379362,0.0,6.225378218815217e-104,0.0,0.03495089222618809,0.0,0.0,1.2719146454014812e-33,0.0,0.0,0.0,0.0,3.5170775064724813e-292,0.0,5.537975191214448e-217,0.0,5.461053068089116e-256,0.5903773392615644,0.0,0.0,0.0,0.02802488283836351,0.0,0.0,0.0,0.010232224824913882,3.277179827636002e-126,1.7010194410304963e-43,0.0,4.771712120902951e-233,0.01555823334723901,6.980474182825374e-35,0.010232224783926437,0.0,5.972922486759455e-48,0.0,0.0,0.0,0.0,0.0,7.02602925072619e-32,2.183888074641615e-188,0.0,0.0,0.04324309589009556,0.0,4.421127916420135e-90,0.0,1.7205246852858422e-189,0.0,0.0,0.20744877691284658,0.0,0.0,0.0,4.311488493698508e-51,3.880095465567159e-43,0.04966893180748314
4.999161662134834e-59,0.0,0.0,0.0,3.275096430967532e-51,0.0,0.0,5.40728420177775e-225,1.1015872658566786e-17,0.0,0.0,0.0,1.210172709995665e-64,5.535912089252054e-100,3.461596636665919e-185,0.0,6.614300542087457e-58,0.0,0.0,2.5729990191920682e-245,0.0,0.0,0.0,0.0,3.9500017133594726e-42,0.0,0.0,6.5912722065288e-166,0.0,2.5364259590756283e-248,1.2951084826443154e-24,0.0,0.0,2.5809254392993817e-170,0.0,0.0,0.0,0.0,0.0,1.0189870581502984e-108,0.0,0.32890297553863085,1.8812523525567888e-8,1.1280320833188797e-212,0.0,0.025044687606498733,1.6532741315635034e-96,0.0,0.0,0.0,0.0,0.0,1.0297577520061042e-107,0.0,0.44421570742418853,0.0,0.0,0.0,6.465257234099506e-98,2.3398915441212136e-72,0.20183661061815839,0.0,0.0,1.1048973138127687e-230,0.0,0.0,0.0,1.6374358511457666e-138,7.519126921785808e-279,9.766857226263996e-65
0.0,0.0,0.0,0.0,0.0,0.0,0.0,7.297501519755965e-257,0.0,6.705923249306073e-108,0.0,0.0,1.4305632285898267e-252,0.0,0.0,4.4687516470354813e-7,0.0,0.0,4.5638386019727947e-172,0.0,0.0,6.559676400172364e-7,1.36065778973363e-12,0.0,0.0,3.916573890277422e-27,1.4425924943787275e-121,0.0,0.0,7.594396502725739e-182,0.0,8.512780348611196e-30,0.06792909974721181,1.1880614979935158e-43,0.0,0.0,1.5628925800817516e-43,0.0,0.0,0.0,0.0,0.0,0.0,1.9393889627423455e-45,0.0,0.0,0.0,0.0,1.1201043666607061e-17,3.407896712057315e-6,0.48909840509929886,0.42084584852238704,0.0,0.0,0.0,5.7477405763801606e-5,0.0,0.0,0.0,0.0,0.0,0.0,5.594943568870538e-17,1.0379506914547697e-88,0.0,0.0,3.552197631695127e-35,0.02206465848446104,3.8147950034593387e-122,0.0
0.0,0.0,0.0,0.0,0.0,0.0,3.4664528597248282e-264,0.00018384754099783505,0.0,0.04546663179762651,0.0,0.0,0.0,0.0,0.0,0.05809471127327353,1.8862780104410167e-197,0.0,1.5523401830518895e-223,3.0158399379954976e-77,9.897848102735066e-91,1.4691017024977282e-8,4.704527044165194e-41,0.0,0.0,4.1750132236048955e-21,7.781784028034722e-80,0.0,0.0,0.008665302389660899,0.0,6.976117770681836e-57,0.747987407683844,2.397324392155433e-126,0.0,0.0,2.7819305495191306e-125,0.0,0.0,6.954760478521314e-33,0.0,0.0,4.366e-320,0.005075639678850425,0.0,0.0,7.075136788443584e-246,0.0,0.052766211309174964,7.312679130707867e-35,8.540418318291465e-17,0.05111418529631212,1.4314027859105183e-177,0.0,1.8792604285931077e-99,1.1195550302904242e-39,0.030646048339242643,0.0,0.0,0.0,0.0,0.0,1.8711295115728585e-34,6.7669894325631264e-105,0.0,0.0,7.397705527190232e-21,4.74638823039368e-271,1.8548578517816711e-81,0.0
2.284772805902246e-64,0.0,0.0,0.0,5.7380336872304674e-30,0.0,0.0,0.09466982228201364,9.694300686442023e-30,1.001437412465563e-256,0.0,0.010881975376902782,0.03473959058040594,0.0,8.166961017381583e-11,0.0,1.545469914785204e-11,0.0,0.0,1.61616261908098e-23,0.0,0.0,0.0,2.146287155250125e-52,1.4563481057927473e-12,0.0,7.4106960360124175e-177,1.7063784328064846e-30,3.901998971212101e-148,1.4865337019802878e-29,6.267916590117602e-117,0.0,0.0,0.6517367664050826,0.0,1.291075295054595e-19,0.0,0.0,3.790300814805928e-12,2.834599372654728e-84,0.0,0.004990836019614428,0.08398186146883779,1.8119648970128e-13,0.05343216962108148,4.1898089079593975e-112,0.006185681202571384,0.0,0.0,0.0,0.0,0.0,0.017141381673224477,1.8388155369525e-310,2.5992043260452628e-23,0.0,2.249519119611966e-98,0.027722391964067727,0.005740412316018307,1.718234731959466e-192,2.1246132042910882e-101,0.0,0.0,1.2618954692776883e-15,0.0,1.8404037553903787e-15,0.0,6.456564278790531e-43,2.830607511926018e-43,0.008777110987624154
0.0,0.0873478715363325,3.430592426056016e-13,0.6453010418422098,0.0,1.0056906218656312e-24,1.0878746313282515e-9,0.0,0.0,0.0,0.0002477802918643932,0.0,0.0,0.0,0.0,0.0,0.0,2.0864613048156292e-75,4.610476379868066e-50,0.0,0.0,0.002542196681366501,2.1133443139031304e-181,0.0,0.0,1.0145499010373531e-39,0.0,0.0,0.0,0.0,0.0,0.0,2.951706524058625e-17,0.0,0.2255261116730334,0.0,0.0,0.0,0.0,0.0,0.01730427839159758,0.0,0.0,0.0,0.0,0.0,0.0,3.3070145865476457e-19,5.015424889043834e-183,1.330991931268608e-248,5.0994957e-316,2.7064060318462627e-15,0.0,0.0,0.0,0.0,0.0,0.0,0.0,0.0,0.0,0.02173071849537551,0.0,0.0,5.633768015446661e-93,0.0,0.0,0.0,0.0,0.0
0.0,0.0,0.0,0.0,0.0,0.0,0.0,0.0,0.0,0.0,0.0,5.197255651744667e-60,0.0,0.0,0.35404967481301314,0.0,0.0,0.0,0.0,0.0,0.0,0.0,0.0,7.164532081333503e-25,8.130573091423934e-38,0.0,0.0,0.0,6.947815794045156e-22,0.0,0.0,0.0,0.0,0.0,0.0,0.3310351273017066,0.0,1.8771916326564709e-118,1.4524000436558875e-48,0.0,0.0,0.0,0.0,0.0,0.053148187134823235,3.7040950523575743e-159,0.0,0.0,0.0,0.0,0.0,0.0,0.0,0.26176701075038133,0.0,0.0,0.0,8.95035056465936e-22,0.0,0.0,0.0,0.0,0.0,0.0,0.0,7.562719712827245e-14,0.0,0.0,0.0,0.0
0.0,0.0,0.0,0.0,0.0,0.0,0.0,0.0,0.0,1.2851342842228043e-20,0.0,0.0,0.0,0.0,0.0,1.0057543844564275e-189,0.0,0.0,5.354026025441085e-149,0.0,0.0,0.0,7.260527558748164e-165,0.0,0.0,6.446602960911685e-48,0.16973646481479432,0.0,0.0,0.0,0.0,3.0121361641347316e-108,0.0,0.0,0.0,0.0,8.054187531047421e-158,0.0,0.0,0.0,0.0,0.0,0.0,0.0,0.0,0.0,0.0,0.0,8.023551313016448e-87,3.2477096725821203e-52,1.8525079061550783e-31,1.0634695156877878e-282,0.0,0.0,0.0,0.3230522843699089,0.0,0.0,0.0,0.0,0.0,0.0,0.046840696483024157,0.0,0.0,0.0,0.46037055433227264,0.0,0.0,0.0
2.2220440119178054e-302,0.00816344106647032,2.4978792676721e-84,7.047752884781054e-9,0.0,0.00418247258432062,0.0,0.0,0.0,0.0,1.4982493050801414e-14,8.274544748531622e-207,0.0,0.0,1.0139924742255759e-185,0.0,0.0,8.869862448029384e-237,0.0,0.0,0.0,0.0,0.0,9.722500544477907e-272,1.2322158480476368e-257,0.0,0.0,0.0,0.019477926068843278,0.0,0.0,0.0,0.0,0.0,0.05008421060014761,1.8665022043944235e-289,0.0,0.8302239722988628,0.08205471647243234,0.0,0.005813228521361951,0.0,0.0,0.0,2.5016684030642775e-111,0.0,0.0,2.4639812744979354e-8,0.0,0.0,0.0,0.0,0.0,6.999805574045777e-10,0.0,0.0,0.0,2.1344429464038897e-270,0.0,0.0,0.0,6.807862593590048e-50,0.0,0.0,0.0,1.0041319695259717e-182,0.0,0.0,0.0,0.0
0.0,6.51296762625941e-117,2.886043322829402e-12,4.356136042161951e-105,0.0,4.713353188926954e-215,8.086505868013137e-152,0.0,0.0,0.0,2.0195660766876567e-126,3.73728599896605e-23,0.0,0.0,5.412814635884678e-36,0.0,0.0,2.61701847766224e-151,0.0,0.0,0.0,0.0,0.0,0.013557856929085132,1.1445167368178641e-156,0.0,0.0,0.0,0.3049099159106159,0.0,0.0,0.0,0.0,0.0,1.8305594059043048e-95,0.010660026858322891,0.0,0.08593549008253963,0.5359150183652409,0.0,3.919825425121649e-104,0.0,0.0,0.0,1.625499553355717e-5,0.0,0.0,0.01655930788923751,0.0,0.0,0.0,0.0,0.0,2.6627956574480544e-12,0.0,0.0,0.0,1.1391555045319489e-71,0.0,0.0,0.0,0.025600270939951493,0.0,0.0,1.081476593157011e-138,0.006845858023924022,0.0,0.0,0.0,0.0
0.12572130763506395,0.0,0.0,0.0,2.6748594913555805e-201,0.0,0.0,1.0849556727570423e-42,4.678838106018877e-48,0.0,0.0,0.0,1.0782253890069836e-150,7.581719998657776e-98,0.0,0.0,2.4206016597179267e-160,0.0,0.0,2.8365562847523345e-29,0.0,0.0,0.0,0.0,0.0,0.0,0.0,0.0,0.0,0.7756033746548813,3.233339838432792e-146,0.0,0.0,2.9794155047424184e-55,0.0,0.0,0.0,0.0,0.0,1.174837733243378e-28,0.0,2.9078096610892637e-153,1.7834701782898298e-99,4.1559361250636314e-70,0.0,6.024903916785892e-195,1.8979579045973312e-74,0.0,0.0,0.0,0.0,0.0,0.0,0.0,2.8311870231920164e-69,0.0,7.387742348773741e-22,0.0,1.1783338588463368e-43,7.298759813734531e-159,0.09867531771005467,0.0,0.0,3.801204177692149e-35,0.0,0.0,0.0,1.9554048743652093e-64,6.610238582433742e-103,4.266583135118641e-76
0.0,1.6239683483169742e-11,0.1238592493559771,2.178514209087727e-35,0.0,4.805160466181314e-56,0.013053362575032746,0.0,0.0,1.7365384894375221e-68,6.991261178965563e-30,0.0,0.0,0.0,0.0,6.577818138672367e-81,0.0,1.4944366102329078e-37,0.2821054916315331,0.0,3.0529054395352794e-144,1.5189138349484623e-76,0.0,0.0,0.0,1.8077580045861044e-65,0.0,0.0,0.0,0.0,0.0,4.5416608005404756e-166,2.0502023557774706e-42,0.0,9.092087484090648e-38,0.0,3.6413544606640476e-238,0.0,0.0,0.0,6.920014581709155e-33,0.0,0.0,0.0,0.0,0.0,0.0,2.0040862901707812e-8,2.9383022222247955e-73,4.163975075785538e-163,1.936524503926274e-73,6.69605944040605e-63,0.0,0.0,0.0,2.469373416179207e-273,0.0,0.0,0.0,0.0,0.0,0.5809818763803546,2.2363312572812965e-234,0.0,4.487240629665264e-49,0.0,6.756234881383423e-218,0.0,0.0,0.0
0.044687150319837034,0.0,0.0,0.0,1.3928603517599964e-14,0.0,0.0,2.6226215507403133e-157,1.958013676170083e-36,0.0,0.0,1.4692899508244467e-244,4.0859751859153305e-27,0.017305707413074644,7.857097952179263e-239,0.0,1.4562112580939678e-22,0.0,0.0,5.682475225071261e-192,0.0,0.0,2.01323357e-316,0.0,5.753839913844557e-82,0.0,1.8568592726432573e-208,0.14044904499383296,0.0,1.508033654118005e-73,0.6453713868387598,0.0,0.0,3.557630592079809e-111,0.0,0.0,0.0,0.0,0.0,2.9604645189878607e-180,0.0,1.8210026180277975e-54,7.075678056347283e-55,5.86687107880492e-256,6.873979387775938e-232,6.672079587728966e-90,1.3326372846922505e-38,0.0,0.0,0.0,0.0,0.0,1.100867187850585e-84,0.0,6.033450801102264e-19,0.0,0.0,0.0,2.080997169312202e-66,9.749368452763318e-75,1.3490044720691767e-22,0.0,0.0,2.5369886433399537e-209,0.0,2.491359916046412e-79,0.0,0.15218671043448165,9.327260207783227e-74,6.508799708400684e-81
0.03178207780956648,0.0,0.0,0.0,0.026246832311236198,0.0,0.0,5.825612364162777e-47,9.595515400620245e-27,1.799297153560495e-291,0.0,1.2353775841081232e-36,0.021404528112407766,0.0,3.383291467655948e-31,0.0,0.42850108001343196,0.0,0.0,5.17991881782813e-82,0.0,0.0,1.2271271629871757e-177,7.594321865519791e-70,0.016240055701145818,0.0,1.5282174196253198e-210,4.606318447500589e-15,2.9323410770966604e-191,1.2787494668453432e-35,2.1425347486819468e-57,0.0,0.0,0.37708896627097976,0.0,9.448564596316147e-225,0.0,0.0,5.842371275206569e-101,1.0003919991657868e-67,0.0,1.8216153425816263e-33,8.779420088923874e-11,3.135843026115759e-68,8.74544714238532e-49,5.3238452793032936e-40,0.07932080294928331,0.0,0.0,0.0,0.0,0.0,1.6928024605250036e-85,0.0,1.63274390488369e-44,0.0,1.0840413089767243e-185,0.019415656744149787,4.8248054716749854e-73,6.945813926833806e-110,2.8420321870899814e-42,0.0,0.0,9.631569944272939e-45,0.0,1.8435830163527457e-77,0.0,2.7129287953111973e-28,6.015607177643076e-63,6.3701049109294105e-43
2.0029566519867956e-107,0.0,0.0,0.0,5.354871352577452e-42,0.0,0.0,2.0642789447534236e-59,1.3785104503671462e-103,1.3705143191472606e-242,0.0,2.676113011469146e-83,2.757776150977219e-92,0.0,1.5777274498303994e-75,0.0,1.4764778301830078e-64,0.0,0.0,0.1911457688225008,0.0,7.6807613428146e-310,0.0,0.11060056218827066,0.0,0.0,0.0,0.0,0.03819004403981932,1.8603882972776764e-210,0.0,0.0,0.0,0.0796905069198678,0.0,1.33e-322,0.0,0.0,2.226461081874255e-116,3.580684961676872e-157,0.0,6.710647534096297e-95,2.0447078455595815e-46,0.27618276846810386,8.096714248166421e-34,0.0,1.0694096954267058e-59,0.0,0.0,0.0,0.0,0.0,2.69917951336053e-62,0.0,0.0,0.0,1.406700391325173e-79,5.653050238272936e-71,0.3041903495614374,0.0,1.4188872046270336e-67,0.0,0.0,7.785277532536049e-63,0.0,5.149281654577101e-102,0.0,2.269787073429704e-104,2.9196842435074498e-98,3.826655135620659e-44
0.0,1.1835808871487957e-194,6.781510706009691e-164,8.025106337279576e-259,6.926984545173402e-269,3.3297261955371432e-158,1.874634033005542e-196,0.0,0.0,0.0,5.92551296183886e-263,0.0096150861684003,0.0,4.704690404621472e-284,0.24682555661455832,0.0,0.0,7.772176904796363e-255,0.0,0.0,0.0,0.0,0.0,1.892675211820276e-31,0.012315894526539136,0.0,0.0,0.0,0.0004729048308309328,0.0,0.0,0.0,0.0,0.0,3.716325269926691e-256,2.6534187067171916e-73,0.0,0.005920687386437026,0.1592478584480673,0.0,0.0,0.0,0.0,0.0,0.5656020120196634,0.0,0.0,1.7854837714725667e-201,0.0,0.0,0.0,0.0,0.0,4.481736542688824e-19,0.0,0.0,0.0,5.451720090547774e-12,0.0,0.0,0.0,3.828141808173625e-210,0.0,0.0,0.0,5.181798540965179e-14,0.0,0.0,0.0,0.0
1.4514928526257563e-85,0.0,0.0,0.0,2.3999546110713773e-31,0.0,0.0,4.612429350207549e-136,2.0085545971071758e-109,0.0,0.0,4.623645892310972e-241,5.147412298172237e-66,2.51742699688788e-63,3.0589085843939227e-187,0.0,1.6995230281944974e-146,0.0,0.0,0.0,0.0,0.0,0.0,0.0,0.38141557788998665,0.0,2.647784655791624e-259,4.8598669324520734e-116,0.0,4.4703e-320,0.17517151744065942,0.0,0.0,1.086810740001707e-218,0.0,2.8399122321324196e-140,0.0,0.0,0.0,4.894857986066487e-261,0.0,2.0069484026668777e-62,1.0610431808532409e-159,5.668950305313662e-210,7.232117706616278e-238,0.17651807829654523,3.387995476296872e-109,0.0,0.0,0.0,0.0,0.0,0.0,0.0,5.750117307672749e-59,0.0,0.0,0.0,0.26689482637280876,9.960110280473947e-50,3.5513819568169515e-117,0.0,0.0,8.604122098235959e-209,0.0,9.002177678254381e-82,0.0,1.5506009507826148e-100,1.6986337098436656e-151,2.9944685079372516e-133
3.6754189772641e-15,0.0,0.0,0.0,0.08017094465290722,0.0,0.0,3.706668225866672e-56,1.4765215717573496e-20,0.0,0.0,9.692938838722066e-59,0.02196764350605148,8.941812835383297e-158,3.541818034435516e-7,0.0,2.173548836683781e-18,0.0,0.0,0.013405055269869985,0.0,0.0,8.452372049055122e-147,0.01391106904594303,0.04349344397440844,0.0,5.522395825869653e-277,3.513460576028594e-176,4.693651676035778e-137,0.013710537029148923,0.007712361500723378,0.0,0.0,7.558058414508216e-17,0.0,9.40984916369349e-28,0.0,0.0,1.3009279173916679e-53,6.6703596096561475e-158,0.0,0.057968878164586055,3.826588925626784e-6,2.629624271045654e-30,6.535577455411668e-58,7.775017216305171e-65,0.6872459663026772,0.0,0.0,0.0,0.0,0.0,1.2795734543043824e-84,3.1471484401716487e-83,1.629575753837119e-44,0.0,2.0514886219035163e-161,5.258164834068228e-17,9.236043705858474e-53,4.787844473613037e-152,2.7646967214077717e-34,0.0,0.0,1.6705222235845022e-76,0.0,0.00010069251473629763,0.0,3.4878899018223855e-57,6.969564171914543e-55,0.06030922726821516
0.0,0.00012878378660555233,9.613836813437416e-26,0.20087243043941133,0.0,0.03033817677488324,5.597754780531382e-29,0.0,0.0,1.1434732536898685e-204,0.010281978856493817,0.0,0.0,0.0,0.0,4.4290622483375563e-70,0.0,0.024732981289325197,1.85383402913551e-51,0.0,0.0,3.8752618915777067e-35,2.01674817828065e-73,0.0,0.0,2.0843448942203264e-25,0.0,0.0,0.0,0.0,0.0,4.733646982400465e-174,0.018722140784806142,0.0,0.5371536513183325,0.0,2.2590240916870535e-86,0.0,0.0,0.0,3.594438298793089e-27,0.0,0.0,0.0,0.0,0.0,0.0,0.09350376286891862,8.729007168592907e-31,4.606770409181854e-124,0.022369306634305877,0.01783455404244947,0.0,0.0,0.0,2.4683943674819027e-200,0.0,0.0,0.0,0.0,0.0,6.743058861138175e-29,2.503904168821376e-123,0.0,0.044062233204468226,0.0,2.889839788858399e-192,0.0,0.0,0.0
0.0,0.0,0.0,0.0,2.7863315688902306e-181,0.0,3.695684780288466e-214,9.063442760156603e-68,0.0,1.444199706919283e-26,0.0,0.0,7.30698811754e-313,0.0,0.0,0.0859246233173866,3.681470904416811e-93,0.0,1.4603020737465041e-189,0.004719639853241697,8.311475880120083e-148,0.016668683780136837,5.707821826212977e-23,0.0,0.0,0.40487373961015294,2.2659022507136637e-42,0.0,0.0,4.455889948409013e-136,1.1939276255051125e-195,7.571580922838521e-23,1.926784916634958e-35,1.5228946261264857e-54,0.0,0.0,1.526287930446357e-35,0.0,0.0,6.866470061676309e-200,0.0,0.0,2.625748881158171e-85,2.5586612330413756e-57,0.0,0.0,1.3473968620732156e-188,0.0,4.989093106975988e-8,2.4370522480291583e-18,2.409115105190616e-14,3.747672336968465e-26,8.21899464147008e-294,0.0,5.882571374718992e-101,1.4301466609422907e-25,1.1037987878181449e-103,0.0,0.0,6.632396171553212e-295,0.0,0.0,1.8317932109481696e-13,2.417114039410414e-29,0.0,0.0,0.48781326354794374,1.7367773442150982e-99,2.7447890578186632e-73,4.656014294805558e-192
0.0,0.0,0.0,0.0,0.0,0.0,1.6885484183906468e-202,0.01235097082896841,0.0,0.05908238633121019,0.0,0.0,0.0,0.0,0.0,0.11842310162441759,1.0370170026445687e-250,0.0,2.4950628547559412e-191,0.0,1.451724608303506e-100,0.005631207104176474,8.973619183323684e-30,0.0,0.0,1.2781866969889825e-35,0.24488603290553007,0.0,0.0,1.498818033902026e-91,0.0,0.23897649811680183,2.977756109027645e-40,4.1259017915058107e-106,0.0,0.0,2.798144836316742e-77,0.0,0.0,3.291581087360129e-160,0.0,3.63650864767746e-240,1.2999948150311754e-161,3.062599692221293e-59,0.0,0.0,0.0,0.0,0.04607653227405508,4.619628285226297e-13,9.003721438977694e-28,4.619289143269832e-30,0.0,0.0,0.0,0.24835865820232422,3.293574944618448e-264,0.0,0.0,0.0,0.0,0.0,0.026214612612054072,4.61969192888867e-151,0.0,0.0,2.5457961295066707e-16,0.0,4.251884321244753e-228,0.0
2.2498446160355214e-194,0.0,0.0,0.0,1.819681118722781e-148,6.465827945015328e-273,8.089774000643475e-172,7.338259441711793e-51,0.0,3.0150058233337924e-31,0.0,0.0,1.6835912977932627e-281,0.0,0.0,4.631671320755774e-9,1.8824841713824912e-62,0.0,2.213730733200995e-194,0.0,1.4939508643424568e-237,1.3692761016463092e-37,0.016522146125494266,0.0,0.0,3.7937578219306343e-20,0.034002281534130756,0.0,0.0,8.290475863648628e-272,2.4217726271350023e-152,1.3782818985637823e-14,8.133230014850044e-80,3.2612682756292706e-111,0.0,0.0,9.303320375030836e-60,0.0,0.0,0.0,0.0,0.0,6.877568459586306e-114,4.018332488173705e-298,0.0,0.0,6.805257439059015e-184,0.0,0.1523973143217796,1.6948378362295563e-43,5.0554544145146244e-17,1.8274015773951646e-48,0.0,0.0,5.363785215918974e-190,4.707023655593891e-24,1.0455284816997265e-220,0.0,0.0,2.442151507991661e-247,8.824145449310097e-253,0.0,2.868463481900907e-25,0.01035068458434751,0.0,0.0,0.7867275688025626,7.024987033021931e-123,3.0974909177642834e-182,0.0
0.0,0.0,0.0,0.0,1.0658256936250771e-169,3.7191235837333583e-300,1.0444194559789698e-174,0.014924058298761474,0.0,3.080812240537245e-19,0.0,0.0,1.495602479247221e-281,0.0,0.0,0.03305865631549207,4.287754377566185e-115,0.0,2.270793558276552e-182,1.1039562866428739e-34,2.2350316262494003e-278,0.20571023716791342,2.5481132066377e-67,0.0,0.0,3.755212115657041e-11,3.96014551201978e-91,0.0,0.0,2.9447458747495504e-27,0.0,3.028180700846108e-55,0.013565135757714153,3.5975482413691403e-51,0.0,0.0,8.432414981934601e-98,0.0,0.0,1.7994270426227763e-89,0.0,0.0,2.8361574057059294e-83,3.6644194350048405e-37,0.0,0.0,4.430846905503451e-141,0.0,0.04889893509542004,2.4138354392126376e-53,8.208944962342896e-5,0.6252788316381522,0.0,0.0,1.8747258647234248e-54,3.5159327543279345e-45,1.3244980590673596e-49,0.0,0.0,0.0,0.0,0.0,0.017727915073009456,1.7145332608856545e-41,0.0,0.0,0.02308059304618466,5.8933158359885014e-77,0.017673548120176977,0.0
2.5518405281421882e-164,0.0,0.0,0.0,3.156270680572362e-79,0.0,0.0,6.058456654227864e-47,0.051110448773221635,0.0,0.0,1.9461174124142365e-65,1.7811487064582773e-26,0.0,2.5149632857722773e-59,0.0,3.6506485793632444e-64,0.0,0.0,5.871530894340664e-133,0.0,0.0,0.0,1.459408623316242e-80,1.1661767650419266e-111,0.0,0.0,5.857596530519687e-131,3.655963350844181e-200,2.024219888466693e-58,3.430687458257929e-68,0.0,0.0,6.975156133289012e-27,0.0,6.407293971956704e-16,0.0,0.0,0.0,0.15170562602983517,0.0,0.09943355638774684,6.217912147910071e-57,2.0362663701150058e-37,5.660369940725521e-48,3.901053196582047e-70,1.8802658017548304e-50,0.0,0.0,0.0,0.0,0.0,0.41950918662921427,0.0,0.12135372920196442,0.0,3.4575824733290395e-118,8.062935326414379e-63,0.15688745297801693,8.579691033975983e-136,6.295845118664638e-39,0.0,0.0,2.1873571903676106e-37,0.0,3.7334064193022676e-40,0.0,6.7936629430583885e-77,4.038584058944994e-27,7.386037988250228e-61
0.0,0.016711557654517612,0.0,1.0250809505017083e-8,0.0,1.6901104670799774e-144,1.8650493479272522e-298,0.0,0.0,0.0,1.0065440194776536e-120,1.4034129556197583e-70,0.0,0.0,5.8867657396328664e-24,0.0,0.0,0.018108321915442274,0.0,0.0,0.0,0.0,0.0,0.01977611403168772,9.949804163280466e-232,0.0,0.0,0.0,1.709455106563939e-42,0.0,0.0,0.0,0.0,0.0,0.015712877127605763,4.93525235208648e-48,0.0,0.5949256830891199,2.061753955570904e-9,0.0,0.0,0.0,0.0,0.0,8.537004678551598e-9,0.0,0.0,0.021013736930333704,0.0,0.0,0.0,0.0,0.0,0.2865594127007841,0.0,0.0,0.0,0.006783696982272562,0.0,0.0,0.0,0.0,0.0,0.0,0.0,0.02040857871866828,0.0,0.0,0.0,0.0
1.1969618027637468e-38,0.0,0.0,0.0,0.1774750418603939,0.0,0.0,1.9074110190092296e-200,5.300744276939385e-46,0.0,0.0,0.0,3.170320100981115e-36,5.748970227033689e-50,0.0,0.0,2.009781632358809e-53,0.0,0.0,2.4824583524552817e-171,0.0,0.0,2.169636672e-314,0.0,2.2065884265141886e-206,0.0,0.0,6.885370233827306e-18,0.0,1.092806234886703e-297,4.568245818019525e-20,0.0,0.0,5.049020601863798e-178,0.0,0.0,0.0,0.0,0.0,1.968855680370989e-121,0.0,0.24459821954600383,3.5790337280240184e-61,0.0,0.0,1.5678162533548797e-116,3.9502220460149214e-10,0.0,0.0,0.0,0.0,0.0,0.04038874508744195,0.0,0.4240444379138662,0.0,0.0,0.0,1.687765612144373e-116,0.1134935551972719,2.355352887573022e-22,0.0,0.0,6.76032992129574e-188,0.0,0.0,0.0,3.795276437468054e-65,5.908706354323916e-274,9.157600250365184e-143
0.0,0.0,0.0,0.0,4.482910827684048e-194,0.0,0.0,0.00716235439320385,0.0,1.1604108455254855e-31,0.0,0.0,3.3059721002198803e-202,0.0,0.0,6.284397847794068e-19,0.0,0.0,1.2536994113387224e-246,1.1885091386310966e-306,0.0,0.0003929817846873991,4.9353376662489864e-49,0.0,0.0,8.718191550257831e-38,8.015916844911943e-49,0.0,0.0,0.0,0.014261899191324826,0.18507524300749473,8.20342383756902e-39,6.390381527355833e-260,0.0,0.0,9.831884798563749e-94,0.0,0.0,0.0,0.0,2.1621338432764923e-256,3.2205e-319,2.234498888387804e-60,0.0,0.0,0.0,0.0,0.18306444863262472,3.473189994383489e-26,0.012921378601850829,3.39099254024034e-52,0.0,0.0,0.0,0.5971184419365767,0.0,0.0,0.0,0.0,3.829587217332963e-168,0.0,9.479330264604093e-23,6.221702429467112e-92,0.0,0.0,3.2524522369246632e-6,0.0,0.0,0.0
5.218830085392987e-25,0.0,0.0,0.0,5.895470448010729e-177,0.0,0.0,5.301234150446345e-10,1.799930372256616e-163,0.0,0.0,0.0,1.4719505770911375e-233,4.8391907292125417e-178,2.13e-321,0.0,8.575192311553798e-86,0.0,0.0,1.552862166386898e-29,0.0,0.0,0.0,0.0,0.0,0.0,3.237068611727058e-194,1.6349322253978796e-90,0.0,1.4541885824611432e-6,2.536197386230521e-111,0.0,0.0,0.020450425413802428,0.0,0.0,0.0,0.016819604817606176,3.997748252872577e-109,0.1471218655711279,0.0,1.5600734786552896e-173,1.1266482210297622e-61,3.6249345293062956e-189,0.0,0.0,2.0372348156464835e-89,0.0,0.0,0.0,0.0,0.0,3.911902816765561e-110,0.0,1.0508136265372951e-107,0.0,0.7342348114034537,2.7309567489461973e-235,3.4835536600036947e-43,0.0,2.669094085023238e-52,0.0,0.0,0.0813718380753039,0.0,0.0,0.0,2.391506801539496e-48,1.0488494182480891e-78,7.641364959799117e-22
0.0,0.0,0.0,0.0,2.3531404113517274e-217,0.0,0.0,4.2300425146775635e-284,0.0,0.0,0.0,0.11729103540963554,1.3801238999784931e-251,1.0612958463012918e-271,0.002784803095214337,0.0,5.781456112629926e-248,0.0,0.0,0.0,0.0,0.0,0.0,9.465137739443369e-14,0.2867008289022598,0.0,0.0,0.0,5.973005167230949e-68,0.0,0.0,0.0,0.0,3.31312368170307e-246,0.0,0.01304023940728948,0.0,7.318687866795934e-60,2.630385023999672e-68,0.0,0.0,2.22606237e-316,7.853432817149486e-247,0.0,2.1768683468157887e-7,3.167879184819025e-223,1.6873395717130815e-259,0.0,0.0,0.0,0.0,0.0,0.0,6.673382503562829e-132,0.0,0.0,0.0,0.5044258793900666,0.0,0.0,0.0,0.0,0.0,9.403335217527572e-303,0.0,0.07575699610860503,0.0,1.2917609177102586e-288,0.0,8.077368376095005e-256
3.533501469693507e-185,0.0,0.0,0.0,0.3044423481653293,0.0,0.0,1.331630839651623e-116,7.07873251561936e-116,7.3045679669175075e-199,0.0,6.470788297366676e-119,0.10251779744615626,0.0,4.1626940112596424e-96,0.0,4.7459514807474197e-66,0.0,0.0,3.0084651114763937e-251,0.0,0.0,0.0,2.8796611967720942e-126,3.1774858508119764e-122,0.0,6.925297311457539e-281,1.0806337669189488e-33,0.0,0.0,1.1581822316524979e-114,0.0,0.0,1.3340364350567348e-49,0.0,6.975844854681514e-97,0.0,0.0,0.0,3.668494036142123e-102,0.0,8.982440030881232e-29,0.05485412468350279,7.442832814745697e-101,1.374132691413172e-100,0.44592822843207325,1.9392757400289294e-87,0.0,0.0,0.0,0.0,0.0,5.7703977886673795e-81,0.0,1.6091940843553002e-95,0.0,7.68654137047533e-189,6.4059312104570285e-68,3.235078919459911e-166,0.09225750127293834,9.57608674923394e-205,0.0,0.0,5.035396703529268e-79,0.0,2.7079861513733443e-97,0.0,1.2409367634353868e-116,3.306662960319877e-30,1.1713707761339917e-34
4.15300161907383e-134,0.0,0.0,0.0,4.0000569180382e-138,0.0,0.0,2.5188632701822197e-230,1.865888027903548e-54,0.0,0.0,0.0,1.2988558716165859e-131,4.9451630872141346e-298,0.0,0.0,1.1200713288428192e-166,0.0,0.0,6.287058330911064e-308,0.0,0.0,0.0,0.09738333208775073,0.0,0.0,0.0,0.0,0.0,1.1181179178993426e-306,6.999074170552023e-17,0.0,0.0,0.04900930299208647,0.0,0.0,0.0,0.0,0.0,0.0,0.0,0.15426036101806848,8.367836284475463e-214,0.0,0.0,1.1257429651282749e-107,2.8715786652485914e-120,0.0,0.0,0.0,0.0,0.0,9.1722693127165e-38,0.0,0.10915572062942093,0.0,0.0,0.0,0.0,0.5901912832726732,1.2235266420961321e-20,0.0,0.0,1.4634524934653187e-121,0.0,0.0,0.0,7.102607209873245e-185,2.1645918784009496e-192,3.097749565808177e-234
2.3978278373288047e-15,0.0,0.0,0.0,2.5896802278602163e-58,0.0,0.0,6.211807838314434e-88,0.10137301336445603,0.0,0.0,3.224480195100211e-217,1.876233544628008e-33,1.8789292195136007e-136,2.8072307760653596e-93,0.0,3.874341934277046e-15,0.0,0.0,2.2596810555786536e-210,0.0,0.0,0.0,6.2730466324169145e-114,8.155732441649885e-72,0.0,0.0,1.9435940092275423e-81,0.0,3.613123097277251e-182,2.0825516560712727e-18,0.0,0.0,4.863876011397279e-72,0.0,0.0,0.0,0.0,0.0,8.38496592868834e-135,0.0,0.0024655064061937645,5.9804230882964965e-21,1.2667823975992953e-208,9.159543347865927e-199,2.5329810273361495e-45,3.554791363917496e-106,0.0,0.0,0.0,0.0,0.0,3.020032749628861e-15,0.0,2.418204639294473e-40,0.0,8.947452308436684e-208,0.02022889390900818,1.3055778790422516e-67,6.675813861657806e-146,0.4720142930535727,0.0,0.0,2.3111788163911277e-93,0.0,4.8660412515446035e-52,0.0,0.40391829326676004,1.2891850457323282e-110,2.824724712092465e-67
0.0,0.09355230544792777,0.8495129416154162,4.143666426180138e-11,0.0,8.010379262311435e-84,0.01714705541336214,0.0,0.0,9.723352261046786e-230,3.763591963733877e-39,0.0,0.0,0.0,0.0,2.372375995026212e-78,0.0,0.0005294124603321503,0.0059581376039064635,0.0,9.427828793334268e-99,3.580362492426474e-70,1.5939404402414546e-20,0.0,0.0,1.1712374790028054e-77,0.0,0.0,0.0,0.0,0.0,5.575959092645478e-225,1.4470055164119107e-96,0.0,0.00031652858379707134,0.0,1.0411277739776246e-79,0.0,0.0,0.0,1.440732942315245e-45,0.0,0.0,0.0,0.0,0.0,0.0,1.2071820917939936e-10,2.3103651016855077e-65,1.1003796703307976e-25,9.954937429615446e-208,0.032578239178766524,0.0,0.0,0.0,6.681659439868716e-12,0.0,0.0,0.0,0.0,0.0,0.0004053795243201268,3.3347764715302973e-12,0.0,3.188061733778641e-166,0.0,4.848459529176011e-88,0.0,0.0,0.0
1.8820039107655368e-108,0.0,0.0,0.0,5.684918798280994e-146,4.351435579120454e-134,6.576927176208511e-182,2.232433706947461e-171,0.0,2.6853833069689916e-62,0.0,0.0,2.403460966908664e-199,0.0,0.0,2.2070738090846216e-27,1.750004122525089e-77,0.0,2.282111724551533e-207,2.9365579631814e-79,1.6780643475137028e-256,0.04638848758715262,1.225650086477171e-91,0.0,0.0,0.4696757444432347,5.214854796664589e-26,0.0,0.0,0.0,0.0,7.150295057948846e-57,0.06254829324831601,5.8195524474335234e-86,0.0,0.0,3.80705974417433e-143,0.0,0.0,0.0,0.0,0.0,1.7643231023805374e-75,0.0,0.0,0.0,1.9557486429414668e-134,0.0,2.1572087977460976e-30,7.383058250990032e-44,2.5881042794163352e-34,0.26516958115204886,0.0,0.0,0.0,2.043301473445132e-93,1.2561610849340454e-192,0.0,0.0,0.0,0.0,0.0,0.15621789356924803,3.819647346026226e-74,0.0,0.0,5.105398354226112e-22,1.1466229683986892e-183,1.6739827917517805e-107,0.0
5.910888564864574e-81,0.0,0.0,0.0,2.4485851474405953e-62,0.0,0.0,0.7439744605841049,2.9020064215259887e-77,3.764248355e-315,0.0,1.061957862486001e-186,4.24369493018829e-31,0.0,3.0616914607587934e-37,0.0,2.1697240547597588e-17,0.0,0.0,2.87183727924188e-23,0.0,0.0,0.0,6.720919127792672e-298,0.0,0.0,0.0,0.0,1.3563324209033853e-283,4.166709498230158e-24,1.316415778706877e-121,0.0,0.0,0.055556088581641246,0.0,0.0,0.0,8.300640885260928e-226,1.9307238777283927e-147,2.976814380283623e-49,0.0,4.177577161232917e-135,1.3301422152532166e-32,0.037625106448655896,2.9384820888814892e-24,0.0,0.06098229974905474,0.0,0.0,0.0,0.0,0.0,9.122571001748385e-48,6.037727264249144e-231,2.953102437038169e-6,0.0,0.04090968446639217,8.885406918837886e-104,6.1072049788451255e-49,1.0232622589620513e-199,6.341773780628983e-140,0.0,0.0,0.007958319474854302,0.0,2.9208289876848393e-276,0.0,0.023449717953424553,9.922451923346032e-79,0.02954136963943507
0.0,0.15085024136361747,1.0821587902332688e-196,8.508262774156164e-149,0.0,2.9200930924990434e-74,3.5431323779690697e-174,0.0,0.0,0.0,2.119074390281743e-87,0.0,0.0,0.0,0.0,1.3996258443701353e-69,0.0,5.239800303730134e-136,3.7165084164356356e-134,0.0,6.896116059787129e-220,4.578279809244909e-174,9.384169557295865e-258,0.0,0.0,1.474540326702378e-179,0.0,0.0,0.0,0.0,0.0,2.727346900781818e-15,6.169063445510311e-84,0.0,5.498145414054919e-166,0.0,1.3554740482205062e-283,0.0,0.0,0.0,0.035192380548103995,0.0,0.0,0.0,0.0,0.0,0.0,1.0367467515970025e-19,1.3032161490106909e-102,4.18445324253736e-263,5.297624916530143e-141,9.245328005966779e-99,0.0,0.0,0.0,1.7009576651464327e-265,0.0,0.0,0.0,0.0,0.0,2.811716223789928e-200,0.07278901193753158,0.0,0.7411683661507442,0.0,1.573173731968654e-166,0.0,0.0,0.0
0.0,0.0,0.0,0.0,0.0,0.0,0.0,0.0,0.0,0.0,0.0,5.811726983976495e-27,0.0,0.0,0.757877483637587,0.0,0.0,0.0,0.0,0.0,0.0,0.0,0.0,6.279952692703497e-52,1.2890930052578953e-15,0.0,0.0,0.0,4.958290882693857e-31,0.0,0.0,0.0,0.0,0.0,0.0,3.4045401404119594e-20,0.0,2.4599732776827286e-94,0.09826561221401021,0.0,0.0,0.0,0.0,0.0,4.0289054835015135e-33,4.966728766888487e-75,0.0,0.0,0.0,0.0,0.0,0.0,0.0,0.009337448860732324,0.0,0.0,0.0,0.13360653614942275,0.0,0.0,0.0,0.0,0.0,0.0,0.0,0.0009129191382463457,0.0,0.0,0.0,0.0
2.2912334249257283e-158,0.0,0.0,0.0,5.569312501018048e-84,1.1279795413071226e-225,1.3309632172155413e-234,2.2209679111402124e-27,0.0,0.0005656492735239623,0.0,0.0,1.1764251706649197e-203,0.0,0.0,0.07628724643487407,0.014485760333403519,0.0,1.9181626841592374e-201,2.064084e-317,2.872072287998258e-138,3.67259164112348e-27,9.821532149712148e-39,0.0,0.0,7.723885358455297e-19,9.667563970556199e-64,0.0,0.0,0.0,5.072881940052931e-182,7.162296847160844e-39,2.1569671413683386e-61,8.728778689958489e-137,0.0,0.0,4.400365970427931e-45,0.0,0.0,0.0,0.0,1.050331491584804e-272,1.4169287016783186e-132,6.689224539289253e-31,0.0,0.0,8.776522493935157e-84,0.0,0.2213671844856445,0.37158776909996666,0.30787440482012346,6.438197934723243e-9,0.0,0.0,1.9995113551657806e-205,1.4254909595655408e-22,1.5128682095600358e-233,0.0,0.0,1.358272383802999e-248,7.731588580764477e-186,0.0,2.3142268896552495e-15,1.5944101771496388e-95,0.0,0.0,9.225961927684505e-11,1.7817711468921472e-100,0.007831979022004065,9.3384153e-317
2.578230523605519e-32,0.0,0.0,0.0,4.720756045469499e-38,0.0,0.0,1.3149840545175664e-89,1.3958942184291581e-46,4.3885743397637036e-284,0.0,4.207493264759495e-149,4.7106277730184315e-42,2.7238751619597364e-253,1.4261841507130273e-253,0.0,4.9454470117770285e-20,0.0,0.0,1.9935230300691474e-145,0.0,0.0,0.0,0.0,5.38560096313059e-96,0.0,0.0,2.4725333925323405e-129,0.0,3.37733550143979e-137,1.1068932937957796e-129,0.0,0.0,9.085649813811674e-27,0.0,0.0,0.0,0.0,2.9282549745435746e-302,3.691882847692945e-185,0.0,1.9906952279746236e-68,0.506143052758989,8.375490279517151e-59,1.1039322575716929e-245,3.531584420581517e-74,3.84096925881353e-21,0.0,0.0,0.0,0.0,0.0,1.8042772275246893e-15,0.0,8.567350764084777e-99,0.0,8.746954146007792e-137,1.0088114447022335e-153,2.2851461768619854e-86,5.611841154251171e-96,3.930446371857584e-46,0.0,0.0,6.93201356348153e-49,0.0,2.12674159288679e-276,0.0,0.49385694724100937,9.93646988033164e-72,1.2561887961422523e-34
0.0,0.0,0.0,0.0,7.500988293650135e-106,0.0,0.0,4.9485715682936726e-82,3.596185405165329e-154,2.7480566793623516e-176,0.0,0.0,0.0,0.0,0.0,1.987654357579514e-53,9.081930122672297e-34,0.0,2.0103769157693654e-301,3.847276713094459e-113,0.0,2.213550012642655e-157,2.2729648788374055e-116,0.0,0.0,1.6066318484635419e-93,4.6689134128674455e-132,0.0,0.0,1.6680202683384111e-115,0.0,6.767386054230959e-182,4.427398702057936e-135,0.6962164464112578,0.0,0.0,0.0,0.0,0.0,5.2241719838539554e-253,0.0,0.0,0.25034739979204024,5.774501429054013e-131,0.0,0.0,1.2560412022792777e-114,0.0,3.5777488808613237e-125,1.0283660972413074e-77,1.3402581493111336e-60,3.0633269003158635e-105,2.1190656713294835e-183,0.0,0.0,8.799817656173686e-131,2.1845071677419563e-96,0.0,2.798256812847168e-184,0.0,0.05343615379670194,0.0,5.577873214604686e-80,4.774778722169453e-92,0.0,0.0,6.306596774070167e-52,9.909052346016374e-148,7.145811745590514e-89,2.2143643477675763e-250
0.37692078493008246,0.0,0.0,0.0,8.774018667251877e-37,0.0,0.0,9.628495598223285e-47,2.28775603359627e-66,0.0,0.0,1.5625132949637812e-59,2.6926536198192293e-34,0.0,1.321152515688388e-54,0.0,5.2032176375820026e-61,0.0,0.0,7.150862497765882e-54,0.0,0.0,0.0,2.097683583728751e-93,9.304311906184756e-8,0.0,0.0,4.3310049582417036e-74,6.028257594030142e-154,3.064307489443024e-108,5.305955369763837e-73,0.0,0.0,6.805276727811158e-62,0.0,0.062217898854313,0.0,0.0,0.06592827500551711,4.2467959033426006e-122,0.0,0.08558928843210628,9.638526736138367e-48,6.1108544474315e-105,8.810714740547322e-69,0.03166402602020016,0.09420217847484463,0.0,0.0,0.0,0.0,0.0,4.779864134581833e-84,2.8550105147066594e-110,4.744594698646881e-103,0.0,0.05028303014963945,1.6250786756685706e-85,1.3204298730800423e-19,9.474308554365443e-213,0.19507226204873218,0.0,0.0,1.266536394260939e-84,0.0,9.747338726475296e-27,0.0,1.6209014523600991e-41,8.149220667223313e-96,0.038122163041445646
70,347
0.0,0.0,0.0,0.0,0.0,0.0,0.0,0.0,0.0,0.0,0.023838045318366703,0.0,0.0,0.0,0.0,0.0,0.0,0.0,0.0,0.02406370177850634,0.0,0.0,3.4558716581713745e-221,0.0,0.0,0.0,0.0,0.0,0.0,0.0,0.0,0.0,0.0,0.0,9.110338160603984e-157,0.0,0.0,0.0,2.2771443066344506e-222,1.5710448056079362e-147,0.0,0.0,0.0,0.0,0.0,0.0,3.451678542734662e-293,0.0,0.0,0.0,0.0,0.0,0.0,0.0,1.4084931306125478e-116,0.0,0.0,0.0,5.849574450868653e-308,0.0,0.0,0.0,2.0008339338913555e-108,0.0,0.0,0.0,1.098351200164686e-93,0.0,0.0,0.0,1.3757523280507169e-90,0.0,0.0,0.0,8.021387827932227e-145,0.0,0.0,0.0,1.3337462306896489e-92,0.0,0.0,2.1860569954556056e-283,1.612603551015084e-126,0.0,0.0,0.0,1.3270403538146517e-108,0.0,0.0,0.0,2.971793602648292e-46,0.0,0.0,0.0,5.100311207565704e-83,0.0,0.0,0.0,3.53680940841636e-78,0.0,0.0,0.0,2.594205175649227e-71,0.0,0.0,0.0,1.9777315234478104e-47,0.0,0.0,0.0,1.3917717463968526e-126,0.0,0.0,0.0,4.132239250949195e-91,0.0,0.0,0.0,8.937716392566945e-95,0.0,0.0,1.4171075893043456e-240,1.7189025614750141e-62,0.0,0.0,0.0,9.301920206964133e-42,0.0,0.0,0.0,2.685672423042017e-20,0.0,0.0,0.0,4.6655098226580796e-54,0.0,0.0,0.0,4.200381011238673e-44,0.0,0.0,0.0,3.91216576923972e-34,0.0,0.0,0.0,4.3248619932913843e-42,0.0,0.0,0.0,3.1865743856622426e-35,0.0,0.0,0.0,1.8573947003625183e-126,0.0,0.0,0.0,0.3232735863439947,0.0,0.0,0.0,1.2442934524439422e-77,0.0,0.0,0.0,1.6903070189590573e-13,0.0,0.0,0.0,1.8499632841818572e-107,0.0,0.0,0.0,1.4840043876881671e-120,0.0,0.0,0.0,0.32857058864732525,1.0220564716433498e-189,0.0,0.0,2.25623497782112e-5,0.0,0.0,0.0,7.869868713008494e-59,0.0,0.0,0.0,2.1045173227093547e-68,0.0,0.0,0.0,2.040049727064692e-62,0.0,0.0,0.0,2.8336701108569076e-90,0.0,0.0,0.0,3.1279866383071565e-41,0.0,0.0,0.0,0.1351713431354515,0.0,0.0,0.0,0.02513803349912834,0.0,0.0,0.0,1.459010082418562e-59,0.0,0.0,0.0,1.4360961671796182e-60,0.0,0.0,0.0,1.468502131527905e-11,0.0,0.0,0.0,0.06443981262044955,0.0,0.0,0.0,0.07548232629214545,0.0,0.0,3.14907560714824e-151,3.322057170911993e-35,0.0,0.0,0.0,2.4084542777607416e-88,0.0,0.0,0.0,9.546397691809377e-65,0.0,0.0,0.0,5.831268316588088e-72,0.0,0.0,0.0,3.137342966587246e-205,0.0,0.0,0.0,9.774169596742665e-111,0.0,0.0,0.0,1.4001632083371307e-172,0.0,0.0,0.0,5.6997935378796635e-213,0.0,0.0,0.0,0.0,0.0,0.0,0.0,6.902191337151148e-74,0.0,0.0,0.0,6.377961733179959e-175,0.0,0.0,0.0,2.166091921336265e-211,0.0,0.0,0.0,0.0,0.0,0.0,0.0,2.763942428565787e-221,0.0,0.0,0.0,2.4202760806159823e-72,0.0,0.0,0.0,0.0,0.0,0.0,0.0,0.0,0.0,0.0,0.0,0.0,0.0,0.0,0.0,0.0,0.0,0.0,0.0,3.463345190195234e-140,0.0,0.0,0.0,1.371767389055841e-45,0.0,0.0,0.0,0.0,0.0,0.0,0.0,0.0,0.0,0.0,0.0,0.0,0.0,0.0,0.0,0.0,0.0,0.0,0.0,0.0,0.0,0.0,0.0,0.0,0.0,0.0,0.0,0.0,0.0,0.0,0.0,0.0
0.0,0.0,0.0,0.0,0.0,0.0,0.0,0.0,1.1216848859382964e-21,0.0,0.0,0.0,2.220529249024089e-115,0.0,0.0,0.0,2.1633403334325252e-215,0.0,0.0,0.0,4.1183072562470226e-197,1.3546804255415594e-93,0.0,0.0,1.1397236158106914e-110,0.0,0.0,0.0,2.5776450173662433e-227,0.0,0.0,2.205237977228931e-275,6.099981267383538e-122,3.9304223608361583e-159,0.0,1.7742380867109338e-164,9.292803865383699e-14,7.036506560854653e-165,0.0,8.920143532337395e-139,0.46090699924469397,1.0689646104302508e-114,0.0,0.0,0.07771233608204782,0.0,0.0,1.9485019942775775e-107,0.044520179110655575,0.0,0.0,0.0,0.1865852517387701,4.490730158834599e-44,0.0,2.8111650624092524e-107,0.08616957231306353,3.476074238248143e-88,0.0,0.0,0.06965062221225696,3.569341871038784e-147,0.0,4.384987783636279e-109,0.024352314214017005,7.675344313723956e-107,0.0,6.143894127888699e-148,0.0169021282805972,8.289360074252796e-185,0.0,4.761480666568481e-208,1.5254600215479523e-32,5.8e-322,0.0,1.6554862846552983e-206,5.260832481373032e-33,0.0,0.0,0.0,0.017556246407911466,1.76631935588288e-306,0.0,0.0,3.584450081750996e-67,0.0,0.0,0.0,0.0064087890654218995,0.0,0.0,0.0,1.702183361247241e-102,1.4647770362699797e-192,0.0,0.0,1.8681284334375937e-250,0.0,0.0,0.0,1.823825069965224e-141,0.0,0.0,0.0,2.049164069979273e-229,0.0,0.0,0.0,3.3800181632358925e-141,7.071371840761795e-224,0.0,0.0,4.932670545679369e-78,0.0,0.0,0.0,1.1897209417104038e-111,0.0,0.0,0.0,1.219498143324545e-303,2.738565401684146e-161,0.0,0.0,0.00473050144501681,0.0,0.0,0.0,5.90855902228582e-25,0.0,0.0,0.0,1.5213328198864156e-218,0.0,0.0,0.0,2.9212067019399822e-86,0.0,0.0,0.0,0.0,2.366404234254502e-257,0.0,0.0,0.0,0.0,0.0,0.0,0.0,0.0,0.0,0.0,0.0,0.0,0.0,0.0,0.0,0.0,0.0,0.0,0.0,0.0,0.0,0.0,0.0,0.0,0.0,0.0,0.0,0.0,0.0,0.0,0.0,5.8910954111700155e-192,0.0,0.0,1.8509194914324332e-294,0.0,0.0,0.0,0.0,0.0,0.0,0.0,0.0,7.2076e-319,0.0,0.0,0.0045050598854547465,0.0,0.0,0.0,0.0,0.0,0.0,0.0,0.0,0.0,0.0,0.0,1.1558834686426333e-209,0.0,0.0,0.0,0.0,0.0,0.0,0.0,0.0,0.0,0.0,0.0,0.0,0.0,0.0,0.0,0.0,0.0,0.0,0.0,0.0,0.0,0.0,0.0,0.0,0.0,0.0,0.0,0.0,0.0,0.0,0.0,0.0,0.0,0.0,0.0,0.0,0.0,0.0,0.0,0.0,0.0,0.0,0.0,1.955360760783421e-285,0.0,0.0,0.0,0.0,0.0,0.0,0.0,0.0,0.0,0.0,0.0,0.0,0.0,0.0,0.0,0.0,0.0,0.0,0.0,0.0,0.0,0.0,0.0,0.0,0.0,0.0,0.0,0.0,0.0,0.0,0.0,0.0,0.0,0.0,0.0,0.0,0.0,0.0,0.0,0.0,0.0,0.0,0.0,0.0,0.0,0.0,0.0,0.0,0.0,0.0,0.0,0.0,0.0,0.0,0.0,0.0,0.0,0.0,0.0,0.0,0.0,0.0,0.0,0.0,0.0,0.0,0.0,0.0,0.0,0.0,0.0,0.0,0.0,0.0,0.0,0.0,0.0,0.0,0.0,0.0,0.0,0.0,0.0,0.0,0.0,0.0,0.0,0.0,0.0,0.0,0.0,0.0,0.0,0.0,0.0,0.0,0.0,0.0,0.0,0.0,0.0,0.0
0.0,0.0,0.0,0.0,0.0,0.0,0.0,0.0,5.739501009324524e-303,0.0,0.0,0.0,0.0,0.0,0.0,0.0,0.0,0.0,0.0,0.0,0.0,0.0,0.0,0.0,4.030050285377477e-142,0.0,0.0,0.0,0.0,0.0,0.0,0.0,0.0,0.0,0.0,0.0,1.9856882436070225e-225,0.0,0.0,1.7416462545652695e-177,1.2301074660394614e-170,0.0,0.0,3.8215015706870286e-261,6.6221001325015456e-96,0.0,0.0,0.0,1.103605947207113e-61,0.0,0.0,0.0,1.0263473305618601e-46,1.3364468776009054e-307,0.0,3.912773755432673e-217,2.771599579976398e-91,0.0,0.0,0.0,4.480808473333939e-93,4.216771043593968e-269,0.0,1.4849948799440835e-177,1.8825557981013488e-69,0.0,0.0,2.2443161610648966e-104,1.2327211439226262e-37,0.0,0.0,6.14545135556821e-114,0.8748449613720397,0.0,0.0,0.0,0.0289138582418815,0.0,0.0,4.348874431121178e-153,0.012943264063737926,0.0,0.0,0.0,0.022217252777203628,3.0024035667311034e-227,0.0,0.0,9.33358750748016e-16,0.0,0.0,0.0,0.012890455365273654,6.518548475195471e-165,0.0,0.0,0.019791018482373305,1.1375493123912795e-280,0.0,0.0,0.008112632949193725,0.0,0.0,0.0,0.002799762348939861,0.0,0.0,0.0,2.965958714153051e-20,0.0,0.0,0.0,7.35847901045842e-181,0.0,0.0,0.0,1.0676019500799726e-100,0.0,0.0,0.0,0.005598558800227759,0.0,0.0,0.0,1.971112234075255e-138,0.0,0.0,0.0,0.003588361912747049,0.0,0.0,0.0,0.002701322140812118,0.0,0.0,0.0,5.792758288323806e-20,0.0,0.0,0.0,3.556022797513047e-309,0.0,0.0,0.0,3.46355849013505e-310,0.0,0.0,0.0,0.0,0.0,0.0,0.0,1.906483125744e-312,0.0,0.0,0.0,1.5200606660359524e-65,0.0,0.0,0.0,1.6524036584974497e-199,0.0,0.0,0.0,0.002798838395764393,0.0,0.0,0.0,0.0,0.0,0.0,0.0,0.0,1.929408620171558e-301,0.0,0.0,2.2318375908354874e-100,0.0,0.0,0.0,0.0,0.0,0.0,0.0,0.0,9.256517602297527e-129,0.0,0.0,1.0999133494906513e-285,0.0,0.0,0.0,0.0,0.0,0.0,0.0,6.55836822621961e-104,0.0,0.0,0.0,3.196504896135564e-51,0.0,0.0,0.0,2.238958630371991e-154,0.0,0.0,0.0,9.792941641670817e-214,0.0,0.0,0.0,5.119646595196021e-140,0.0,0.0,0.0,0.0,0.0,0.0,0.0,0.0,0.0,0.0,0.0,0.0,0.0,0.0,0.0,0.0,0.0,0.0,0.0,0.0,0.0,0.0,0.0,1.863578523369352e-288,0.0,0.0,0.0,2.24047562010431e-202,5.197216574553988e-119,0.0,0.0,1.4626502335970661e-296,0.0,0.0,0.0,0.0,0.0,0.0,0.0,0.0,0.0,0.0,0.0,0.0,0.0,0.0,0.0,0.0,0.0,0.0,0.0,0.0,0.0,0.0,0.0,0.0,0.0,0.0,0.0,0.0,0.0,0.0,0.0,0.0,0.0,0.0,0.0,0.0,0.0,0.0,0.0,0.0,0.0,0.0,0.0,0.0,0.0,0.0,0.0,0.0,0.0,0.0,0.0,0.0027997131498046293,0.0,0.0,0.0,0.0,0.0,0.0,0.0,0.0,0.0,0.0,0.0,0.0,0.0,0.0,0.0,0.0,0.0,0.0,0.0,0.0,0.0,0.0,0.0,0.0,0.0,0.0,0.0,0.0,0.0,0.0,0.0,0.0,0.0,0.0,0.0,0.0,0.0,0.0,0.0,0.0,0.0,0.0,0.0,0.0,0.0,0.0,0.0,0.0,0.0,0.0
0.0,0.0,0.0,0.0,0.0,0.0,0.0,0.0,4.114610865333134e-99,0.0,0.0,0.0,0.0,0.0,0.0,0.0,5.067060305694126e-59,0.0,0.0,0.0,7.5268899247090065e-56,0.0,0.0,0.0,0.0026617250833592433,0.0,0.0,0.0,4.576814742518602e-186,0.0,0.0,0.0,0.0008437937912330294,0.0,0.0,0.0,0.9781187745923939,0.0,0.0,0.0,0.012499157415867745,0.0,0.0,0.0,5.842606743568034e-11,0.0,0.0,0.0,2.554645659960139e-88,0.0,0.0,0.0,1.663525294628079e-46,0.0,0.0,0.0,3.140494753707045e-5,0.0,0.0,0.0,0.0036105554341573616,0.0,0.0,0.0,1.7559376306771953e-58,0.0,0.0,0.0,2.0001030111817777e-58,0.0,0.0,0.0,1.3650176534687009e-94,0.0,0.0,0.0,5.728729772190596e-122,0.0,0.0,0.0,1.1938199618271794e-102,0.0,0.0,0.0,0.0,0.0,0.0,0.0,4.818392414608925e-24,0.0,0.0,0.0,3.455230195469594e-119,0.0,0.0,0.0,0.0,0.0,0.0,0.0,2.382710805331653e-129,0.0,0.0,0.0,0.0,0.0,0.0,0.0,2.277909e-317,0.0,0.0,0.0,0.002234588677025452,0.0,0.0,0.0,3.369006790526906e-273,0.0,0.0,0.0,0.0,0.0,0.0,0.0,2.755157041220652e-252,0.0,0.0,0.0,5.624946704278944e-227,0.0,0.0,0.0,0.0,0.0,0.0,0.0,2.0517127734912514e-244,0.0,0.0,0.0,0.0,0.0,0.0,0.0,0.0,0.0,0.0,0.0,0.0,0.0,0.0,0.0,0.0,0.0,0.0,0.0,0.0,0.0,0.0,0.0,0.0,0.0,0.0,0.0,0.0,0.0,0.0,0.0,0.0,0.0,0.0,0.0,0.0,0.0,0.0,0.0,0.0,0.0,0.0,0.0,0.0,0.0,0.0,0.0,0.0,0.0,0.0,0.0,2.425856194881448e-182,0.0,0.0,0.0,0.0,0.0,0.0,0.0,0.0,0.0,0.0,0.0,0.0,0.0,0.0,0.0,0.0,0.0,0.0,0.0,0.0,0.0,0.0,0.0,0.0,0.0,0.0,0.0,0.0,0.0,0.0,0.0,0.0,0.0,0.0,0.0,0.0,0.0,0.0,0.0,0.0,0.0,0.0,0.0,0.0,0.0,0.0,0.0,0.0,0.0,0.0,0.0,0.0,0.0,0.0,0.0,0.0,0.0,0.0,0.0,0.0,0.0,0.0,0.0,0.0,0.0,0.0,0.0,0.0,0.0,0.0,0.0,0.0,0.0,0.0,0.0,0.0,0.0,0.0,0.0,0.0,0.0,0.0,0.0,0.0,0.0,0.0,0.0,0.0,0.0,0.0,0.0,0.0,0.0,0.0,0.0,0.0,0.0,0.0,0.0,0.0,0.0,0.0,0.0,0.0,0.0,0.0,0.0,0.0,0.0,0.0,0.0,0.0,0.0,0.0,0.0,0.0,0.0,0.0,0.0,0.0,0.0,0.0,0.0,0.0,0.0,0.0,0.0,0.0,0.0,0.0,0.0,0.0,0.0,0.0,0.0,0.0,0.0,0.0,0.0,0.0,0.0,0.0,0.0,0.0,0.0,0.0,0.0,0.0,0.0,0.0,0.0,0.0,0.0,0.0,0.0,0.0,0.0,0.0
0.0,0.0,0.0,0.0,0.0,0.0,0.0,0.0,0.0,0.0,0.0,0.0,0.0,0.0,0.0,0.0,0.0,0.0,0.0,0.0,0.0,0.0,0.0,0.0,0.0,0.0,0.0,0.0,0.0,0.0,0.0,0.0,0.0,0.0,0.0,0.0,0.0,0.0,0.0,0.0,0.0,0.0,0.0,0.0,0.0,0.0,0.0,0.0,0.0,0.0,0.0,0.0,0.0,0.0,9.770760168743978e-197,0.0,0.0,0.0,0.0,0.0,0.0,0.0,1.4819721404375325e-255,0.0,0.0,0.0,6.9836727043272306e-180,0.0,0.0,0.0,1.0576163938279857e-158,0.0,0.0,0.0,2.4728158145849545e-275,0.0,0.0,0.0,3.438275389970662e-202,0.0,0.0,0.0,8.313842411306611e-222,0.0,0.0,0.0,2.2456534331622856e-246,0.0,0.0,0.0,2.2621652610522514e-142,0.0,0.0,0.0,3.093315138915324e-144,1.459397864276782e-202,0.0,0.0,3.104730147061996e-143,0.0,0.0,0.0,6.64301447833859e-18,0.0,0.0,0.0,6.258511619190856e-61,7.083313174726029e-170,0.0,0.0,3.154186225950831e-59,1.504708733950562e-158,0.0,0.0,1.9721943114413327e-61,4.9911350785476955e-154,0.0,0.0,4.81941516194004e-82,3.568732377595499e-166,0.0,0.0,9.48170387754341e-43,1.7858928673415636e-46,0.0,0.0,9.391593374141094e-5,1.0792760287325604e-112,0.0,0.0,0.00712674874201874,0.0,0.0,0.0,4.548658670814121e-5,1.790940569823523e-136,0.0,0.0,0.09784583289996882,4.9939468235343e-113,0.0,0.0,0.16247229028617804,4.4303465201640903e-184,0.0,0.0,0.09617965799497723,4.5272089368e-313,0.0,0.0,0.2738182491814387,0.0074694422853950485,0.0,0.0,0.08192295090921202,0.0,0.0,0.0,0.04243572547588468,1.4220560815299997e-101,0.0,0.0,0.06284482515257785,0.0,0.0,0.0,0.023531330956420078,6.837938768393533e-178,0.0,0.0,0.033137652666138655,4.516354811643099e-180,0.0,0.0,1.0367109016226269e-41,1.102927637887912e-118,0.0,0.0,1.5761694051408718e-41,0.0,0.0,0.0,6.077062228886924e-7,0.0,0.0,0.0,0.037571569182578035,0.0,0.0,0.0,0.03597069195069037,0.0,0.0,0.0,3.6130685630760353e-59,0.0,0.0,0.0,1.9393632025302896e-23,2.1044778246040017e-84,0.0,0.0,1.5993746952093558e-133,0.0,0.0,0.0,1.0604365479842052e-74,0.0074694422853950485,0.0,0.0,0.007646487685620722,0.01494796387772109,0.0,0.0,1.886597829369003e-21,0.0,0.0,0.0,8.468998558879891e-53,0.0,0.0,0.0,4.0387920600348397e-26,0.0,0.0,0.0,1.941001613574545e-153,0.0,0.0,0.0,1.8392086788962598e-115,0.0,0.0,0.0,3.894607399744867e-54,0.0,0.0,0.0,6.5542584123794985e-74,1.3023845005842602e-166,0.0,0.0,2.0908968795834777e-82,0.0,0.0,0.0,8.902741314898072e-164,0.0,0.0,0.0,0.007469128226630324,0.0,0.0,0.0,1.7884432466590665e-36,0.0,0.0,0.0,4.6987889733024596e-58,0.0,0.0,0.0,1.448200187528087e-11,0.0,0.0,0.0,9.874672611998183e-77,0.0,0.0,0.0,1.7469267151184096e-273,0.0,0.0,0.0,4.901302242375577e-172,0.0,0.0,0.0,0.0,0.0,0.0,0.0,0.0,0.0,0.0,0.0,0.0,0.0,0.0,0.0,4.446304658514584e-193,0.0,0.0,0.0,0.0,0.0,0.0,0.0,0.0,0.0,0.0,0.0,0.0,0.0,0.0,0.0,0.0,0.0,0.0,0.0,0.0,0.0,0.0,0.0,6.038987102028459e-82,0.0,0.0,0.0,0.0,0.0,0.0,0.0,0.0,0.0,0.0,0.0,0.0,0.0,0.0,0.0,0.0,0.0,0.0,0.0,0.0,0.0,0.0,0.0,0.0,0.0,0.0,0.0,0.0,0.0,0.0,0.0,0.0
0.0,0.0,0.0,0.0,0.0,0.0,0.0,0.0,0.14843598060495197,0.0,0.0,3.9385848906027445e-185,0.01854213501219067,0.0,0.0,0.0,0.04614689525182809,0.0,0.0,0.0,0.04021294603040123,1.857695610139846e-105,0.0,0.0,0.023972954031046517,0.0,0.0,0.0,0.05934229476624603,0.0,0.0,4.191820726360922e-158,0.10885035829001577,2.0171242123820584e-35,0.0,4.262662025051403e-136,2.319223485632097e-14,1.765836097439627e-91,0.0,3.8417648434844635e-255,1.1451125051114262e-43,3.196868629903304e-33,0.0,0.0,2.862586426096112e-39,0.0,0.0,0.0,2.77068615998451e-27,0.0,0.0,0.0,2.4248962835597076e-44,6.811471909120522e-8,0.0,7.830554062168013e-153,0.423238748962733,3.5523510396112655e-60,0.0,0.0,1.7725296865437064e-90,1.501812426168861e-149,0.0,6.4218608293653155e-193,7.749744943005524e-110,3.655055805150704e-105,0.0,0.0,0.01868740602146762,6.88411623877378e-138,0.0,0.0,8.623455815032014e-67,0.0,0.0,0.0,6.745099979669973e-140,0.0,0.0,0.0,0.07577538973397886,2.9904416892911095e-181,0.0,0.0,4.335245100109608e-203,3.4126332433566774e-232,0.0,0.0,7.122804688467593e-67,0.0,0.0,0.0,7.196557590307566e-76,0.0,0.0,0.0,0.0,6.860962330887579e-110,0.0,0.0,7.887753592710497e-303,0.0,0.0,0.0,0.0,0.0,0.0,0.0,0.0,0.0,0.0,0.0,7.020315520183464e-68,4.511980390845917e-59,0.0,0.0,0.0,0.0,0.0,0.0,7.265604936979486e-263,0.01854213501219067,0.0,0.0,1.3720843744797126e-14,0.0,0.0,0.0,0.018252688168193615,0.0,0.0,0.0,0.0,0.0,0.0,0.0,1.1735687369539577e-188,0.0,0.0,0.0,3.1524344761021156e-279,1.60439128e-315,0.0,0.0,0.0,0.0,0.0,0.0,0.0,0.0,0.0,0.0,0.0,0.0,0.0,0.0,0.0,0.0,0.0,0.0,0.0,0.0,0.0,0.0,0.0,0.0,0.0,0.0,0.0,0.0,0.0,0.0,0.0,0.0,0.0,0.0,0.0,0.0,0.0,0.0,0.0,0.0,0.0,0.0,0.0,0.0,0.0,0.0,0.0,0.0,0.0,0.0,0.0,0.0,0.0,0.0,0.0,0.0,0.0,0.0,0.0,0.0,0.0,0.0,0.0,0.0,0.0,0.0,0.0,0.0,0.0,0.0,0.0,0.0,0.0,0.0,0.0,0.0,0.0,0.0,0.0,0.0,0.0,0.0,0.0,0.0,0.0,0.0,0.0,0.0,0.0,0.0,0.0,0.0,0.0,0.0,0.0,0.0,0.0,0.0,0.0,0.0,0.0,0.0,0.0,0.0,0.0,0.0,0.0,0.0,0.0,0.0,0.0,0.0,0.0,0.0,0.0,0.0,0.0,0.0,0.0,0.0,0.0,0.0,0.0,0.0,0.0,0.0,0.0,0.0,0.0,0.0,0.0,0.0,0.0,0.0,0.0,0.0,0.0,0.0,0.0,0.0,0.0,0.0,0.0,0.0,0.0,0.0,0.0,0.0,0.0,0.0,0.0,0.0,0.0,0.0,0.0,0.0,0.0,0.0,0.0,0.0,0.0,0.0,0.0,0.0,0.0,0.0,0.0,0.0,0.0,0.0,0.0,0.0,0.0,0.0,0.0,0.0,0.0,0.0,0.0,0.0,0.0,0.0,0.0,0.0,0.0,0.0,0.0,0.0,0.0,0.0,0.0,0.0,0.0,0.0,0.0,0.0,0.0,0.0,0.0,0.0,0.0,0.0,0.0,0.0,0.0
0.0,0.0,0.0,0.0,0.0,0.0,0.0,0.0,6.242007087509231e-295,0.0,0.0,0.0,0.0,0.0,0.0,0.0,1.842509091108375e-207,0.0,0.0,0.0,7.601471476440286e-216,0.0,0.0,0.0,1.1335550025262965e-215,0.0,0.0,0.0,6.943178233901225e-234,0.0,0.0,0.0,3.42343099608257e-161,0.0,0.0,0.0,4.461155754750192e-136,0.0,0.0,0.0,4.330476267239586e-107,0.0,0.0,0.0,2.763966686107701e-144,0.0,0.0,0.0,8.329689433191893e-130,0.0,0.0,0.0,3.466319707652731e-55,1.0956266883565014e-95,0.0,0.0,7.286373699248497e-100,5.84957632e-315,0.0,0.0,7.583258496231551e-78,1.2310095058062814e-134,0.0,0.0,4.675553748568761e-31,0.0,0.0,0.0,7.825341193000853e-17,5.1117921115331164e-201,0.0,0.0,5.860167798967769e-35,2.9410630914516784e-108,0.0,0.0,1.26728218600502e-19,6.5579361102219365e-189,0.0,0.0,9.790506193829647e-94,3.026216387978242e-175,0.0,0.0,0.023275873980618665,6.878970286361087e-116,0.0,0.0,0.20360277210345448,4.253711084092813e-5,0.0,0.0,2.4183069669795175e-35,5.630421705487973e-62,0.0,0.0,0.11840101587797548,3.0325175191962713e-83,0.0,0.0,0.07167979784765902,1.7575575380518664e-191,0.0,0.0,7.592253212076714e-185,7.46332703102377e-300,0.0,0.0,0.0690184604523955,2.4074379649158608e-144,0.0,0.0,0.0827157446831702,0.012543909852061426,0.0,0.0,0.06821910829600691,0.0,0.0,0.0,2.9802819883613363e-127,0.0,0.0,0.0,0.015106113278505166,8.645933238373577e-63,0.0,0.0,0.020824790065175815,1.8218937200035546e-225,0.0,0.0,0.04023758128275522,0.0,0.0,0.0,1.387880746415546e-51,8.58200864525928e-220,0.0,0.0,2.7305146657595052e-80,1.113407308428146e-125,0.0,0.0,1.470839306631306e-7,3.384000299110132e-256,0.0,0.0,3.5036801891413677e-158,0.0,0.0,0.0,5.527754612844434e-14,0.0,0.0,0.0,0.014598096899652123,6.112582667304791e-221,0.0,0.0,0.026514452871943966,5.5463172440225594e-207,0.0,0.0,4.142143057762462e-6,0.0,0.0,0.0,1.16516299380144e-219,0.0,0.0,0.0,7.864175425431666e-208,3.045388580109611e-39,0.0,0.0,0.026394309669407215,7.235877840607544e-15,0.0,0.0,6.42981031101072e-151,4.6104104217270716e-222,0.0,0.0,0.013257226435941296,0.013352854051766248,0.0,0.0,5.4089841777445995e-170,6.00477938289437e-50,0.0,0.0,2.268434215452149e-171,3.4985553825197425e-115,0.0,0.0,0.06628613217985992,3.32790488110183e-124,0.0,0.0,0.01327508295042906,2.4355632374470345e-230,0.0,0.0,0.013257226435971983,3.875265159200392e-33,0.0,0.0,0.0006971503720752148,0.0,0.0,0.0,0.01643438218562952,0.0,0.0,0.0,1.1832518838221708e-120,0.0,0.0,0.0,5.942512465078765e-193,0.0,0.0,0.0,0.0,0.0,0.0,0.0,6.266956702129169e-54,0.0,0.0,0.0,3.1691593693799036e-81,3.1549923098292907e-242,0.0,0.0,0.043746639017709504,0.0,0.0,0.0,5.314792142196473e-17,0.0,0.0,0.0,0.026514452871943966,0.0,0.0,0.0,7.575710846847278e-191,0.0,0.0,0.0,5.991742938802523e-197,0.0,0.0,0.0,1.5308109142407119e-242,0.0,0.0,0.0,1.1950920699687359e-253,0.0,0.0,0.0,0.0,0.0,0.0,0.0,0.0,0.0,0.0,0.0,0.0,0.0,0.0,0.0,0.0,0.0,0.0,0.0,0.0,0.0,0.0,0.0,0.0,0.0,0.0,0.0,0.0,0.0,0.0,0.0,0.0,0.0,0.0,0.0,0.0,0.0,0.0,0.0,0.0,3.399955563978856e-218,0.0,0.0,0.0,0.0,0.0,0.0,0.0,0.0,0.0,0.0,0.0,0.0,0.0,0.0,0.0,0.0,0.0,0.0,0.0,0.0,0.0,6.226727075522622e-45,0.0,0.0,0.0,0.0,0.0,0.0,0.0,0.0,0.0,0.0,0.0,0.0,0.0,0.0,0.0,0.0,0.0,0.0,0.0,0.0,0.0,0.0,0.0
0.0,0.0,0.0,0.0,0.0,0.0,3.649502738099435e-284,0.0,0.0,0.0,0.0,0.0,0.0,0.0,1.3411048772700778e-271,0.0,0.0,0.0,0.0,0.0,0.0,0.0,2.0319102724998385e-50,0.0,0.0,0.0,7.491137469450979e-107,0.0,0.0,0.0,1.5358492606989532e-13,0.0,0.0,0.0,1.0995474919032888e-76,0.0,0.0,2.641834390785862e-266,6.211879957702974e-33,0.0,0.0,2.851326764635867e-227,0.07333428317079,0.0,0.0,4.5958449921718944e-253,0.04383104553538123,0.0,0.0,1.631523551203481e-179,0.008517859939226295,0.0,0.0,4.659235734697035e-200,0.014068949185483915,2.602243505866122e-136,0.0,0.0,0.047181600298564934,0.0,0.0,3.3125464398338785e-264,0.02026802444568232,1.19717509561074e-154,0.0,1.7631579733048004e-78,0.03695272226936619,0.0,0.0,3.704222512899962e-182,0.4042064914843793,7.980691869526924e-154,0.0,1.1968838880577073e-149,0.2213938585486512,1.1656811252229225e-108,0.0,8.06160106e-316,0.011204930906799594,3.2935585892266327e-224,0.0,2.089734459225412e-90,0.018931234243397113,6.627490654880367e-134,0.0,8.719194443378105e-130,4.038609460077536e-65,4.420160151146913e-280,0.0,0.0,9.221894813065812e-47,0.0,0.0,0.0,0.032695645735837435,1.043011378357456e-179,0.0,0.0,2.313805721614944e-31,0.0,0.0,1.2330733903543297e-139,7.084358176044183e-33,6.762461279081344e-166,0.0,1.9416821775592101e-290,6.230194277163809e-73,1.378273049160897e-228,0.0,0.0,6.582004977116908e-50,0.0,0.0,2.2019313665345737e-302,4.7657424634984616e-82,0.0,0.0,0.0,1.4199085521316808e-21,4.157537837898023e-274,0.0,0.0,1.2030920529928026e-55,0.0,0.0,0.0,0.013529310167807316,1.689016473906297e-231,0.0,0.0,5.182852617756206e-93,0.0,0.0,1.490072350861025e-89,1.7953263242690657e-111,0.0,0.0,0.0,9.799523601646695e-89,0.0,0.0,0.0,3.8653880255000215e-143,0.0,0.0,0.0,1.5613491666666466e-202,0.0,0.0,0.0,0.007173427274331707,0.0,0.0,0.0,1.5118435492414408e-161,0.0,0.0,0.0,0.021031990716126388,0.0,0.0,0.0,0.010644719339350543,0.0,0.0,0.0,6.1798341060575304e-27,0.0,0.0,1.362033526965564e-152,9.816347374298133e-114,0.0,0.0,0.0,0.007878188971898289,0.0,0.0,0.0,1.8136674487416994e-271,0.0,0.0,0.0,1.9329729396565272e-213,0.0,0.0,0.0,2.9845950511754084e-274,0.0,0.0,9.065751174320329e-241,1.4590838056311135e-249,0.0,0.0,0.0,4.228002497674996e-22,0.0,0.0,0.0,5.656650541103844e-88,0.0,0.0,0.0,1.3763078837629212e-223,0.0,0.0,0.0,0.0,0.0,0.0,0.0,3.628814486126616e-129,0.0,0.0,0.0,0.0,0.0,0.0,0.0,0.0,0.0,0.0,0.0,0.0,0.0,0.0,0.0,0.0,0.0,0.0,0.0,1.253529280616479e-199,0.0,0.0,0.0,1.3464773414459157e-13,0.0,0.0,0.0,5.428918224699867e-70,0.0,0.0,0.0,2.5681664704825134e-150,0.0,0.0,0.0,9.598823471280299e-87,0.0,0.0,0.0,0.0,0.0,0.0,0.0,0.0,0.0,0.0,0.0,0.0,0.0,0.0,0.0,0.0,0.0,0.0,0.0,0.007155717766638085,0.0,0.0,0.0,0.0,0.0,0.0,0.0,0.0,0.0,0.0,0.0,0.0,0.0,0.0,0.0,0.0,0.0,0.0,0.0,0.0,0.0,0.0,0.0,0.0,0.0,0.0,0.0,9.493771276164257e-98,0.0,0.0,0.0,0.0,0.0,0.0,0.0,0.0,0.0,0.0,0.0,0.0,0.0,0.0,0.0,0.0,0.0,0.0,1.6238556986826886e-190,0.0,0.0,0.0,0.0,0.0,0.0,0.0,0.0,0.0,0.0,0.0,0.0,0.0,0.0,0.0,0.0,0.0,0.0,0.0,0.0,0.0,0.0,0.0,0.0,0.0,0.0,0.0,0.0,0.0,0.0,0.0,0.0,0.0
0.0,0.0,0.0,0.0,0.0,0.0,0.0,0.0,0.0,0.0,0.0,0.0,0.0,0.0,0.0,0.0,0.0,0.0,0.0,0.0,0.0,0.0,0.0,0.0,0.0,0.0,0.0,0.0,0.0,0.0,0.0,0.0,0.0,0.0,0.0,0.0,0.0,0.0,0.0,0.0,0.0,0.0,0.0,0.0,0.0,0.0,0.0,0.0,0.0,0.0,0.0,0.0,0.0,0.0,4.4449318325814285e-281,0.0,0.0,0.0,0.0,0.0,0.0,0.0,0.0,0.0,0.0,0.0,0.0,0.0,0.0,0.0,3.19604329918689e-195,0.0,0.0,0.0,4.18547413321324e-136,0.0,0.0,0.0,0.0,0.0,0.0,0.0,0.0,0.0,0.0,0.0,0.0,0.0,0.0,0.0,0.028111505832305407,0.0,0.0,0.0,1.325572350396008e-193,0.0,0.0,0.0,2.9712814343666696e-148,0.0,0.0,0.0,0.020269746901498274,0.0,0.0,0.0,6.555025829456477e-201,0.0,0.0,0.0,7.826028917973771e-173,0.0,0.0,0.0,8.517754745005423e-59,0.0,0.0,0.0,1.2594515810969414e-236,0.0,0.0,0.0,1.0287411026201012e-134,0.0,0.0,0.0,8.804221514690431e-65,0.0,0.0,0.0,6.118276423407907e-192,0.0,0.0,0.0,6.231253670818167e-105,0.0,0.0,0.0,2.9255406436484166e-150,0.0,0.0,0.0,3.0900117653818853e-96,0.0,0.0,0.0,3.73238051279449e-127,0.0,0.0,0.0,1.1235994009284585e-70,6.2762111405888175e-196,0.0,0.0,1.396713478305275e-63,0.0,0.0,0.0,1.5557895169699238e-71,0.0,0.0,0.0,2.7872347613145275e-73,0.0,0.0,0.0,1.644054145021886e-91,0.0,0.0,0.0,1.8141852017375958e-60,0.0,0.0,0.0,1.2776026169064373e-108,0.0,0.0,0.0,1.639575104468456e-60,0.0,0.0,0.0,0.13516973551622488,0.0,0.0,0.0,1.0224337477808391e-22,0.0,0.0,0.0,3.0177442993366826e-17,0.0,0.0,0.0,1.9102293129158546e-95,0.0,0.0,0.0,0.156893737361105,0.0,0.0,0.0,0.053536768256000816,0.0,0.0,0.0,7.878667926127045e-9,0.0,0.0,0.0,0.038157029442380204,0.0,0.0,0.0,6.515009871071225e-41,0.0,0.0,0.0,1.995871397190857e-72,0.0,0.0,0.0,0.08679494785265655,0.0,0.0,0.0,0.11982522666826745,0.0,0.0,0.0,3.360960932003092e-32,0.0,0.0,0.0,0.2456859101718276,0.0,0.0,0.0,0.08709934032865024,0.0,0.0,0.0,0.02845604379041558,0.0,0.0,0.0,7.852539960452354e-88,0.0,0.0,0.0,8.72832578444522e-64,0.0,0.0,0.0,1.9288870330555443e-67,0.0,0.0,0.0,1.5210945747100105e-194,0.0,0.0,0.0,2.796144211141421e-64,0.0,0.0,0.0,3.667251286085082e-236,0.0,0.0,0.0,1.1489130076104693e-226,0.0,0.0,0.0,2.057032676355348e-55,0.0,0.0,0.0,1.772423949187483e-139,0.0,0.0,0.0,0.0,0.0,0.0,0.0,1.0807097948474053e-139,0.0,0.0,0.0,4.230673946996224e-93,0.0,0.0,0.0,0.0,0.0,0.0,0.0,1.8786544486923933e-48,0.0,0.0,0.0,5.2473603453048404e-260,0.0,0.0,0.0,6.536820251931617e-176,0.0,0.0,0.0,7.785681365322766e-141,0.0,0.0,0.0,3.5699978132665786e-113,0.0,0.0,0.0,0.0,0.0,0.0,0.0,0.0,0.0,0.0,3.067040225697814e-64,0.0,0.0,0.0,0.0,0.0,0.0,0.0,0.0,0.0,0.0,0.0,0.0,0.0,0.0,0.0,0.0,0.0,0.0,0.0,0.0,0.0
0.0,0.0,0.0,0.0,0.0,0.0,7.216972838725477e-140,0.0,0.0,0.0,0.0,0.0,0.0,1.6192089815843512e-60,0.0,0.0,0.0,4.065896186808773e-208,0.0,0.0,0.0,0.0,0.0,0.0,0.0,3.6396474647497074e-205,0.0,0.0,0.0,4.77072989717242e-184,0.0,0.0,0.0,1.826399876290151e-262,0.0,0.0,0.0,3.996920800415973e-91,5.071291263725995e-131,0.0,0.0,2.3350925848412387e-77,7.41585839692949e-11,0.0,0.0,6.200518078357573e-81,1.6151088380088564e-265,0.0,0.0,4.7769868498247715e-28,0.0,0.0,0.0,0.06929485661686194,1.3413859679254371e-225,0.0,0.0,4.26804920060852e-85,2.9641872174219976e-23,0.0,0.0,0.08848505734852383,3.214930608893082e-120,0.0,0.0,1.6718307567977864e-54,4.1988415729271186e-182,0.0,0.0,1.0165469580966183e-44,1.776385693412467e-138,0.0,0.0,9.060034701998036e-16,2.245430087057591e-82,0.0,0.0,4.4308466800542425e-30,2.7756456951384003e-108,0.0,0.0,0.10286085579014448,3.7395960635411446e-227,0.0,0.0,4.936715209062636e-14,4.380003472944742e-235,0.0,0.0,5.216284488365087e-75,0.0,0.0,0.0,5.493328038266883e-41,1.5414042877254487e-33,0.0,0.0,9.7536809123096e-86,0.0,0.0,0.0,0.15125770674652303,0.018429030660968997,0.0,0.0,3.4425346964703276e-12,7.615173530398024e-180,0.0,0.0,5.029314472245112e-44,0.0,0.0,0.0,0.019314602007413847,0.0,0.0,0.0,0.027852228271801213,0.0,0.0,0.0,5.641712150639858e-79,0.0,0.0,0.0,1.092587700603101e-73,0.0,0.0,0.0,6.0124529001779e-51,0.0,0.0,0.0,0.04168334109944178,0.0,0.0,0.0,5.148303794615954e-86,0.0,0.0,0.0,1.9702403888810663e-170,0.019994362572523967,0.0,0.0,1.045579284201615e-118,0.0,0.0,0.0,1.4955591293446065e-57,0.0,0.0,0.0,6.989664101171487e-183,0.0,0.0,0.0,2.2301778364104063e-78,0.0,0.0,0.0,3.699648671862064e-34,0.0,0.0,0.0,6.821763919717414e-53,0.0,0.0,0.0,1.8268584829109399e-9,0.0,0.0,0.0,6.987994424803286e-128,0.0,0.0,0.0,4.350406139230595e-141,0.0,0.0,0.0,2.0768774372570815e-93,0.0,0.0,0.0,0.019863056469826296,0.0,0.0,0.0,1.1779993034721094e-180,1.187838337658728e-224,0.0,0.0,9.583256959660843e-134,0.0,0.0,0.0,2.1402394411699776e-67,0.0,0.0,0.0,0.0,0.0,0.0,0.0,2.3030523620439552e-27,0.0,0.0,0.0,4.92261578686656e-85,0.0,0.0,0.0,4.447000691744594e-53,0.0,0.0,0.0,9.406791110919524e-117,0.0,0.0,0.0,6.543267167614782e-110,0.0,0.0,0.0,0.04457191278938595,0.0,0.0,0.0,1.3713720206168978e-175,0.0,0.0,0.0,3.60415837920924e-66,0.0,0.0,0.0,0.07059782177138418,0.0,0.0,0.0,9.984015551913676e-85,0.0,0.0,0.0,7.805308346111634e-47,0.0,0.0,0.0,3.341902542009907e-42,0.0,0.0,0.0,0.060127136260303145,0.0,0.0,0.0,1.2748328308233559e-42,0.0,0.0,0.0,4.636419051345466e-65,0.0,0.0,0.0,0.05777561781960065,0.0,0.0,0.0,0.020972663239953518,0.0,0.0,0.0,1.3449104205385415e-91,0.0,0.0,0.0,1.0449961767983108e-34,0.0,0.0,0.0,0.1115016587381187,0.0,0.0,0.0,6.687858495190705e-61,0.0,0.0,0.0,1.605181238438712e-48,0.0,0.0,0.0,0.037682588575412145,0.0,0.0,0.0,6.155607015463558e-113,0.0,0.0,0.0,1.2082926126800717e-46,0.0,0.0,0.0,4.795246506621697e-280,0.0,0.0,0.0,0.03773550131730247,0.0,0.0,0.0,9.168346661910381e-64,0.0,0.0,0.0,3.8090215127703384e-78,0.0,0.0,0.0,4.137042135801234e-37,0.0,0.0,4.812876804017124e-101,0.0,0.0,0.0,1.8525897644786333e-30,0.0,0.0,5.126669844044717e-209,0.0,0.0,0.0,0.0,0.0,0.0,0.0,0.0,1.7680058784103117e-91,0.0,0.0,0.0,0.0,0.0,0.0
0.0,0.0,0.0,0.0,0.0,0.0,0.0,0.0,8.056265842408988e-32,0.0,0.0,2.13937075e-316,0.0,0.0,0.0,0.0,0.1413719325237239,0.0,0.0,0.0,0.08872538476304166,0.0,0.0,0.0,0.15058630424695935,0.0,0.0,0.0,0.025057547089645724,0.0,0.0,9.404563938920798e-281,0.18866113307695911,0.0,0.0,1.6435382194478073e-256,0.32164465314029683,0.0,0.0,0.0,2.0641542063510606e-15,0.0,0.0,0.0,2.5008137688698165e-15,0.0,0.0,8.91667191037135e-243,0.0038002575534894028,0.0,0.0,0.0,0.05800221887830581,0.0,0.0,1.2482271683588386e-215,2.171095693241296e-5,0.0,0.0,0.0,8.882329824883145e-35,0.0,0.0,0.0,6.145164856854185e-47,0.0,0.0,4.949884439550058e-275,6.237490139020878e-37,2.3000387765897e-310,0.0,9.5779293e-316,0.022128857770641143,0.0,0.0,7.508564751e-314,6.594504764986414e-78,0.0,0.0,0.0,4.0345920737225115e-101,0.0,0.0,0.0,2.1282179105056457e-180,0.0,0.0,0.0,6.814635905171354e-18,0.0,0.0,0.0,6.764399998489923e-104,0.0,0.0,0.0,0.0,0.0,0.0,0.0,6.385797183034669e-268,0.0,0.0,0.0,1.261043519059593e-270,0.0,0.0,0.0,0.0,0.0,0.0,0.0,0.0,0.0,0.0,0.0,0.0,0.0,0.0,0.0,0.0,0.0,0.0,0.0,0.0,0.0,0.0,0.0,0.0,0.0,0.0,0.0,0.0,0.0,0.0,0.0,0.0,0.0,0.0,0.0,0.0,0.0,0.0,0.0,0.0,0.0,0.0,0.0,0.0,0.0,0.0,0.0,0.0,0.0,0.0,0.0,0.0,0.0,0.0,0.0,0.0,0.0,0.0,0.0,0.0,0.0,0.0,0.0,0.0,0.0,0.0,0.0,0.0,0.0,0.0,0.0,0.0,0.0,0.0,0.0,0.0,0.0,0.0,0.0,0.0,0.0,0.0,0.0,0.0,0.0,0.0,0.0,0.0,0.0,0.0,0.0,0.0,0.0,0.0,0.0,0.0,0.0,0.0,0.0,0.0,0.0,0.0,0.0,0.0,0.0,0.0,0.0,2.5287060404642808e-291,0.0,0.0,0.0,0.0,0.0,0.0,0.0,0.0,0.0,0.0,0.0,0.0,0.0,0.0,0.0,0.0,0.0,0.0,0.0,0.0,0.0,0.0,0.0,0.0,0.0,0.0,0.0,0.0,0.0,0.0,0.0,0.0,0.0,0.0,0.0,0.0,0.0,0.0,0.0,0.0,0.0,0.0,0.0,0.0,0.0,0.0,0.0,0.0,0.0,0.0,0.0,0.0,0.0,0.0,0.0,0.0,0.0,0.0,0.0,0.0,0.0,0.0,0.0,0.0,0.0,0.0,0.0,0.0,0.0,0.0,0.0,0.0,0.0,0.0,0.0,0.0,0.0,0.0,0.0,0.0,0.0,0.0,0.0,0.0,0.0,0.0,0.0,0.0,0.0,0.0,0.0,0.0,0.0,0.0,0.0,0.0,0.0,0.0,0.0,0.0,0.0,0.0,0.0,0.0,0.0,0.0,0.0,0.0,0.0,0.0,0.0,0.0,0.0,0.0,0.0,0.0,0.0,0.0,0.0,0.0,0.0,0.0,0.0,0.0,0.0,0.0,0.0,0.0,0.0,0.0,0.0,0.0,0.0,0.0
0.0,0.0,0.0,0.0,0.0,0.0,0.0,0.0,0.0,0.0,0.0,0.0,0.0,0.0,0.0,0.0,0.0,0.0,0.0,0.0,0.0,0.0,0.0,0.0,0.0,0.0,0.0,0.0,0.0,0.0,0.0,6.2346e-320,0.0,0.0,0.0,0.0,0.0,0.0,0.0,1.2841123014405712e-169,0.0,0.0,0.0,0.0,0.0,0.0,0.0,4.705594736619347e-170,0.0,0.0,0.0,5.370077173533958e-109,0.0,0.0,0.0,0.020191971029271387,0.0,0.0,0.0,9.497988411322965e-13,0.0,0.0,0.0,9.558951173660327e-91,0.0,0.0,0.0,2.7130942007487094e-99,0.0,0.0,2.780894339128101e-131,0.03563294198666712,0.0,0.0,1.7639324224943783e-148,3.210862852864711e-28,0.0,0.0,1.9478410925379597e-138,2.836134768701736e-28,0.0,0.0,1.0746546738935542e-121,1.332731348796093e-78,0.0,0.0,1.1974503974485374e-169,2.5721060379291805e-72,0.0,0.0,3.097008208126996e-61,0.4705385558574867,0.0,0.0,1.2478531053024989e-69,0.21121461036534422,0.0,0.0,2.785660878771494e-16,0.1144534117846078,0.0,0.0,1.2173054429787178e-129,1.383031480543174e-44,0.0,0.0,7.870014720114073e-79,5.870611985335499e-59,0.0,0.0,5.006468666030989e-178,0.034278938362675315,0.0,0.0,3.786331693625402e-151,0.048948321923716086,0.0,0.0,3.018616970073584e-220,1.476207538202918e-85,0.0,0.0,0.0,3.4840437290534086e-201,0.0,0.0,0.0,3.860760651289469e-28,0.0,0.0,0.0,0.01643624372824515,0.0,0.0,0.0,0.01548057164335492,0.0,0.0,0.0,6.319445111527852e-121,0.0,0.0,0.0,0.03282443331768127,0.0,0.0,0.0,2.4149659283420573e-293,0.0,0.0,0.0,8.235629292357652e-103,0.0,0.0,0.0,3.8196318797237774e-107,0.0,0.0,0.0,1.1556705274094316e-105,0.0,0.0,0.0,1.1667425126621823e-197,0.0,0.0,2.132811914268407e-208,1.6980736273205986e-211,0.0,0.0,0.0,0.0,0.0,0.0,0.0,5.411518147139465e-208,0.0,0.0,0.0,3.840620027180466e-301,0.0,0.0,0.0,6.908333911163234e-247,0.0,0.0,0.0,0.0,0.0,0.0,4.127790853591582e-243,0.0,0.0,0.0,0.0,0.0,0.0,0.0,0.0,0.0,0.0,0.0,0.0,0.0,0.0,0.0,0.0,0.0,0.0,0.0,0.0,0.0,0.0,0.0,0.0,9.881963696721816e-175,0.0,0.0,0.0,0.0,0.0,0.0,0.0,0.0,0.0,0.0,0.0,0.0,0.0,0.0,0.0,0.0,0.0,0.0,0.0,0.0,0.0,0.0,0.0,0.0,0.0,0.0,0.0,0.0,0.0,0.0,0.0,0.0,0.0,0.0,0.0,0.0,0.0,0.0,0.0,0.0,0.0,0.0,0.0,0.0,0.0,0.0,0.0,0.0,0.0,0.0,0.0,0.0,0.0,0.0,0.0,0.0,0.0,0.0,0.0,0.0,0.0,0.0,0.0,0.0,0.0,0.0,0.0,0.0,0.0,0.0,0.0,0.0,0.0,0.0,0.0,0.0,0.0,0.0,0.0,0.0,0.0,0.0,0.0,0.0,0.0,0.0,0.0,0.0,0.0,0.0,0.0,0.0,0.0,0.0,0.0,0.0,0.0,0.0,0.0,0.0,0.0,0.0,0.0,0.0,0.0,0.0,0.0,0.0,0.0,0.0,0.0,0.0,0.0,0.0,0.0,0.0,0.0,0.0,0.0,0.0,0.0,0.0,0.0,0.0,0.0,0.0,0.0,0.0,0.0,0.0,0.0
0.0,0.0,0.0,0.0,0.0,0.0,0.0,0.0,0.0,0.0,0.0,0.0,0.0,0.0,0.0,0.0,0.0,0.0,0.0,0.0,0.0,0.0,1.40006282467268e-256,0.0,0.0,0.0,0.0,0.0,0.0,0.0,0.0,0.0,0.0,0.0,0.0,0.0,0.0,0.0,0.0,0.0,0.0,0.0,2.2128836860809713e-282,0.0,0.0,0.0,3.756552805480276e-192,0.0,0.0,0.0,1.9292648574868186e-306,0.0,0.0,0.0,3.051787525063801e-108,0.0,0.0,0.0,3.670600812963385e-284,0.0,0.0,0.0,1.3294866721972314e-148,0.0,0.0,0.0,3.9579943070656904e-165,0.0,0.0,0.0,3.4381754667707543e-81,0.0,0.0,0.0,1.4170237385230168e-45,0.0,0.0,0.0,4.027862942593996e-209,0.0,0.0,0.0,3.122378810109085e-175,0.0,0.0,0.0,1.1106686423873615e-51,0.0,0.0,0.0,1.0244341435896228e-76,0.0,0.0,0.0,1.9583799565379838e-65,0.0,0.0,0.0,1.1670350136457492e-70,0.0,0.0,0.0,3.271578083803047e-43,0.0,0.0,0.0,1.112053751267701e-59,0.0,0.0,0.0,1.5462156109538396e-81,0.0,0.0,0.0,3.485493422824982e-82,0.0,0.0,0.0,3.94679400557073e-68,0.0,0.0,0.0,0.012518974159389035,0.0,0.0,0.0,3.0306218568312213e-34,0.0,0.0,0.0,1.7510650884367442e-83,0.0,0.0,0.0,4.487312193497732e-82,0.0,0.0,0.0,3.171465478754806e-34,0.0,0.0,0.0,6.900203132319898e-40,0.0,0.0,0.0,0.03324154659744502,0.0,0.0,0.0,1.8915314606188057e-32,3.032995816344865e-238,0.0,0.0,0.007111836521582884,0.0,0.0,0.0,0.009644731801033094,0.0,0.0,0.0,0.09291456441505742,0.0,0.0,0.0,0.04709754124289186,3.33787894451416e-256,0.0,0.0,0.05703346701247547,0.0,0.0,0.0,0.10816203598489917,0.0,0.0,0.0,0.08067382961698322,0.0,0.0,0.0,0.05712456741683799,0.0,0.0,0.0,4.2852446030261656e-42,0.0,0.0,0.0,0.0712643189241289,0.0,0.0,0.0,0.06295721519609869,0.0,0.0,0.0,0.06786259353329256,1.2256261334963899e-169,0.0,0.0,3.098671116745099e-60,0.0,0.0,0.0,0.037340409130838234,0.0,0.0,0.0,6.151219341390908e-8,4.120504678619393e-7,0.0,0.0,0.041324195781305036,0.0,0.0,0.0,0.012147897085566163,7.673e-321,0.0,0.0,0.01981557526388566,0.0,0.0,0.0,2.5922677190912046e-35,0.0,0.0,0.0,0.019339627103297695,6.49867276587142e-71,0.0,0.0,0.030653785937511936,0.0,0.0,0.0,1.390463386308143e-60,0.023819404936084247,0.0,0.0,3.6094922133621647e-187,0.017864553702063322,0.0,0.0,5.8758238871041697e-36,0.005954851234021108,0.0,0.0,0.005961995364181868,0.0,0.0,0.0,0.01204457642479619,0.0,0.0,0.0,0.011919177167211263,0.0,0.0,0.0,0.006542120026480849,0.0,0.0,0.0,0.01193519544629659,0.0,0.0,0.0,0.0,0.0,0.0,0.0,0.01190986870268353,0.0,0.0,0.0,2.500984228153925e-66,0.0,0.0,0.0,0.0,0.0,0.0,0.0,0.0,0.0,0.0,0.0,0.01190936824095764,0.0,0.0,0.0,1.8226297090905753e-189,0.0,0.0,0.0,2.25777586271397e-238,0.0,0.0,0.0,0.0,0.0,0.0,0.0,0.011909702468042216,0.0,0.0,0.0,0.0,0.0,0.0,0.0,3.7064325357393478e-50,0.0,0.0,0.0,0.0,0.0,0.0,0.0,0.0,0.0,0.0,3.075104668016189e-286,0.0,0.0,0.0,7.147512586874333e-266,0.0,0.0,0.0,0.0,0.0,0.0,0.0,0.0,0.0,0.0,0.0,0.0,0.0,0.0,0.0,0.0,0.0
0.0,0.0,0.0,0.0,0.0,0.0,0.0,0.0,0.0,0.0,0.0,0.0,0.0,0.0,0.0,0.0,0.0,0.0,0.0,0.0,0.0,0.0,0.0,0.0,0.0,0.0,0.0,0.0,0.0,0.0,0.0,0.0,0.0,0.0,0.0,0.0,0.0,0.0,0.0,0.0,0.0,0.0,0.0,0.0,0.0,0.0,0.0,0.0,0.0,0.0,0.0,0.0,0.0,0.0,0.0,0.0,0.0,0.0,0.0,0.0,0.0,0.0,0.0,0.0,0.0,0.0,0.0,0.0,0.0,0.0,0.0,0.0,0.0,0.0,0.0,0.0,0.0,0.0,0.0,0.0,0.0,0.0,1.153947128944175e-117,0.0,0.0,0.0,0.0,0.0,0.0,0.0,0.0,0.0,0.0,0.0,0.0,0.0,0.0,0.0,0.0,0.0,0.0,0.0,0.0,0.0,0.0,0.0,0.0,9.4e-323,0.0,0.0,0.0,5.765760012969269e-170,0.0,0.0,0.0,0.0,0.0,0.0,0.0,0.0,0.0,0.0,0.0,0.0,0.0,0.0,0.0,0.0,0.0,0.0,0.0,0.0,0.0,0.0,0.0,8.634396710182872e-176,0.0,0.0,4.9692116291872416e-139,4.822641337703053e-118,0.0,0.0,8.313034924689069e-271,0.0,0.0,0.0,0.0,0.0,0.0,0.0,1.54725111e-315,0.0,0.0,0.0,0.0,0.0,0.0,0.0,1.3839010475310999e-99,9.389967700200117e-161,0.0,0.0,0.0,0.0,0.0,0.0,5.5128530898663435e-170,0.0,0.0,0.0,0.0,0.0,0.0,0.0,0.0,5.620945836647275e-178,0.0,0.0,2.3216874114601715e-231,0.241027259679343,0.0,0.0,0.0,0.0,0.0,0.0,0.0,0.0,0.0,0.0,1.2356118366292195e-306,0.0,0.0,0.0,0.0,0.0,0.0,0.0,2.9421047535799457e-201,9.111534837602637e-181,0.0,0.0,0.0,0.0,0.0,0.0,0.0,0.0,0.0,0.0,3.355568809896363e-114,0.0,0.0,0.0,0.0,0.08034241989311433,0.0,0.0,0.0,0.0,0.0,0.0,0.0,0.08034241989311433,0.0,0.0,0.15369584961653535,0.0,0.0,0.0,5.0421798144279774e-163,0.0,0.0,0.0,0.08029585577848775,0.08034241989311433,0.0,0.0,0.12329966818189639,0.0,0.0,0.0,1.8723181709581115e-284,0.0,0.0,0.0,0.0,0.0,0.0,0.0,0.0,0.0,0.0,0.0,0.0,0.0,0.0,0.0,0.0,0.0,0.0,0.0,0.0,0.0,0.0,0.0,0.0,0.0,0.0,0.0,0.0,0.0,0.0,0.0,0.1606541070643946,0.0,0.0,0.0,4.795030291066938e-39,0.0,0.0,0.0,0.0,0.0,0.0,0.0,0.0,0.0,0.0,0.0,0.0,0.0,0.0,0.0,0.0,0.0,0.0,0.0,0.0,0.0,0.0,0.0,0.0,0.0,0.0,0.0,0.0,0.0,0.0,0.0,0.0,0.0,0.0,0.0,0.0,0.0,0.0,0.0,0.0,0.0,0.0,0.0,0.0,0.0,0.0,0.0,0.0,0.0,0.0,0.0,0.0,0.0,0.0,0.0,0.0,0.0,0.0,0.0,0.0,0.0,0.0,0.0,0.0,0.0,0.0,0.0,0.0
0.0,0.0,0.0,0.0,0.0,0.0,0.0,4.037928573604574e-256,0.0,0.0,0.0,0.0,0.0,0.0,0.0,1.947052380091954e-285,0.0,0.0,0.0,1.4983829356476953e-199,0.0,0.0,0.0,5.928637588610143e-281,0.0,0.0,0.0,0.0,0.0,0.0,0.0,1.057510058295117e-13,0.0,0.0,0.0,3.1956729363271534e-186,0.0,0.0,0.0,7.549770320186989e-36,0.0,0.0,0.0,8.404033682793835e-87,0.0,0.0,0.0,1.035636653815233e-8,0.0,0.0,0.0,1.8991490289610274e-6,0.0,0.0,0.0,6.712162004865224e-69,0.0,0.0,0.0,2.381967892922324e-64,0.0,0.0,0.0,2.8844660236664855e-53,0.0,0.0,0.0,2.2159402708479798e-76,0.0,0.0,0.0,1.0905231001275623e-28,0.0,0.0,0.0,1.76957804399652e-55,0.0,0.0,0.0,0.018178775063846853,0.0,0.0,0.0,0.041844112027217134,0.0,0.0,0.0,0.038111466329954574,0.0,0.0,0.0,0.0241795403328141,0.0,0.0,0.0,0.05831893771191153,0.0,0.0,0.0,0.1411184886001505,0.0,0.0,0.0,0.14993783960202695,0.0,0.0,0.0,0.1405832026543626,0.0,0.0,0.0,0.13733794561574486,0.0,0.0,0.0,0.008387427812685387,0.0,0.0,0.0,0.05282722868159808,0.0,0.0,0.0,0.03432456154582565,0.0,0.0,0.0,0.02126381799834935,0.0,0.0,0.0,0.054112613414734737,0.0,0.0,0.0,0.003697028630641515,0.0,0.0,0.0,0.0018840249871172985,0.0,0.0,0.0,2.350926417953142e-75,0.0,0.0,0.0,4.554425229798657e-95,0.0,0.0,0.0,0.00517119445366838,0.0,0.0,0.0,2.9886206369000026e-15,0.0,0.0,0.0,0.025825925977475427,0.0,0.0,0.0,0.009319462721608223,0.0,0.0,0.0,0.008042043398810957,0.0,0.0,0.0,5.038793327409141e-83,0.0,0.0,0.0,0.008336783946475442,0.0,0.0,0.0,0.00865005665432791,0.0,0.0,0.0,3.2091366718444974e-90,0.0,0.0,0.0,0.0,0.0,0.0,0.0,0.0,0.0,0.0,0.0,0.0,0.0,0.0,0.0,0.0,0.0,0.0,0.0,0.0,0.0,0.0,0.0,0.0,0.0,0.0,0.0,0.0,0.0,0.0,0.0,0.008545612333148338,0.0,0.0,0.0,0.0,0.0,0.0,0.0,2.5177741105155675e-212,0.0,0.0,0.0,0.0,0.0,0.0,0.0,0.0,0.0,0.0,0.0,2.7643522582295974e-250,0.0,0.0,0.0,0.0,0.0,0.0,0.0,0.0,0.0,0.0,0.0,2.87e-322,0.0,0.0,0.0,0.0,0.0,0.0,0.0,0.0,0.0,0.0,0.0,0.0,0.0,0.0,0.0,1.4928983378657153e-277,0.0,0.0,0.0,0.0,0.0,0.0,0.0,0.0,0.0,0.0,0.0,0.0,0.0,0.0,0.0,0.0,0.0,0.0,0.0,0.0,0.0,0.0,0.0,0.0,0.0,0.0,0.0,0.0,0.0,0.0,0.0,0.0,0.0,0.0,0.0,0.0,0.0,0.0,0.0,0.0,0.0,0.0,0.0,0.0,0.0,0.0,0.0,0.0,0.0,0.0,0.0,4.6849329349698396e-110,0.0,0.0,0.0,0.0,0.0,0.0,0.0,0.0,0.0,0.0,0.0,0.0,0.0,0.0,0.0,0.0,0.0,0.0,0.0,0.0,0.0,0.0,0.0,0.0,0.0,0.0,0.0,0.0,0.0,0.0,0.0
0.0,0.0,0.0,0.0,0.0,2.706190932e-314,2.6014455341145468e-269,0.0,0.0,3.8704017633105384e-225,0.0,0.0,0.0,4.198037457632631e-132,0.0,0.0,0.0,1.8062916311981224e-53,0.0,0.0,0.0,2.10969505879624e-106,0.0,0.0,0.0,1.8880225860281848e-46,0.0,0.0,0.0,5.841053574494114e-41,0.0,0.0,0.0,1.0529874463235324e-108,0.0,0.0,0.0,6.94142259331978e-19,4.742975959586691e-227,0.0,0.0,1.1570292953635857e-19,4.2868390869537986e-141,0.0,0.0,0.007595294354498925,6.447881706969408e-289,0.0,0.0,2.782884148785768e-31,0.0,0.0,2.119599997125974e-293,1.0448641133990854e-8,4.424640937496249e-161,0.0,0.0,0.059955619651792504,1.2314504265643387e-110,0.0,0.0,0.012785021282040204,0.0,0.0,0.0,8.479831088306368e-23,5.125756154499475e-185,0.0,0.0,0.019113501400912496,1.438032722413634e-202,0.0,1.84484769325969e-263,0.3299081949875135,1.2747998530317556e-161,0.0,2.8573217266300274e-118,0.09711951394171527,1.912628784538569e-142,0.0,0.0,0.07025512266934261,1.4182172449393683e-129,0.0,0.0,0.25984858939426936,3.5576817261911466e-89,0.0,4.196144216088897e-119,0.014514421857103561,0.0,0.0,0.0,0.01992539030623121,1.4059092825619595e-114,0.0,2.8641516670000425e-257,0.012802001606455476,0.0,0.0,0.0,0.04097075355281791,4.47628767706425e-81,0.0,6.75836533522486e-310,0.023666331409346986,2.529599086282543e-268,0.0,0.0,5.644367798029595e-16,3.5781228869048917e-166,0.0,0.0,3.251067952954438e-13,0.0,0.0,0.0,1.5562584661461075e-12,9.56207575737387e-206,0.0,0.0,1.6918454852654698e-6,0.0,0.0,0.0,2.912510322895901e-47,0.0,0.0,0.0,1.3029675399644978e-81,1.6090878130303085e-75,0.0,0.0,6.507287414202869e-55,0.0,0.0,0.0,3.8378077353820975e-85,0.0,0.0,1.6472627581795225e-138,0.00524886765253738,6.766796904411282e-135,0.0,0.0,1.5567560478564557e-206,3.849372719012186e-184,0.0,0.0,8.68771479527704e-53,0.0,0.0,1.012871941639099e-113,0.007548911753091177,0.0,0.0,0.0,0.008644757593318751,0.0,0.0,0.0,1.3701330181356086e-27,0.0,0.0,0.0,6.269105097141513e-28,0.0,0.0,0.0,0.0057668607569276945,0.0,0.0,0.0,6.890389753943801e-27,0.0,0.0,0.0,2.1995330184773907e-152,0.0,0.0,0.0,5.8156124075326855e-61,0.0,0.0,0.0,1.233674945949387e-215,0.0,0.0,0.0,1.5804087371812133e-160,0.0,0.0,0.0,9.214018749432103e-34,0.0,0.0,0.0,1.3771214050341263e-70,0.0,0.0,0.0,1.9992356702271873e-261,0.0,0.0,0.0,0.004329143534076701,0.0,0.0,0.0,4.803933435150968e-69,0.0,0.0,0.0,1.1919844612530207e-261,0.0,0.0,0.0,3.0610065735507124e-96,0.0,0.0,0.0,8.038663657761235e-172,0.0,0.0,0.0,2.216658180749285e-123,0.0,0.0,0.0,1.060828391743913e-209,0.0,0.0,0.0,1.0082748929046835e-84,0.0,0.0,0.0,7.100394388227462e-75,0.0,0.0,0.0,2.0971916389259607e-131,0.0,0.0,0.0,1.759143365425476e-197,2.162773744658709e-174,0.0,0.0,0.0,0.0,0.0,0.0,4.5565841045690416e-42,0.0,0.0,0.0,0.0,0.0,0.0,0.0,3.2327515970043633e-293,0.0,0.0,0.0,6.921729259370562e-125,0.0,0.0,0.0,6.068702597260548e-174,0.0,0.0,0.0,3.6985884627825403e-87,0.0,0.0,0.0,0.0,0.0,0.0,0.0,6.20982475796993e-39,0.0,0.0,0.0,4.270971058655468e-143,0.0,0.0,0.0,3.394032356817245e-105,0.0,0.0,0.0,0.0,0.0,0.0,0.0,5.858952360684725e-108,0.0,0.0,0.0,9.353601289084565e-215,0.0,0.0,0.0,0.0,0.0,0.0,0.0,9.240483497321643e-108,0.0,0.0,0.0,1.1593098855702503e-193,0.0,0.0,0.0,0.0,0.0,0.0,0.0,0.0,0.0,0.0,0.0,0.0,0.0,0.0,0.0,0.0,0.0,3.820024592381568e-287,0.0,0.0,0.0,0.0,0.0,0.0,0.0,0.0,0.0,0.0,0.0,0.0,0.0,0.0,0.0
0.0,0.0,0.0,0.0,0.0,0.0,0.0,0.0,0.0,0.0,0.0,0.0,0.0,0.0,0.0,0.0,0.0,0.0,0.0,0.0,0.0,0.0,0.0,0.0,0.0,0.0,0.0,0.0,0.0,0.0,0.0,0.0,0.0,0.0,0.0,0.0,0.0,0.0,0.0,0.0,0.0,0.0,0.0,0.0,0.0,0.0,1.0964320750538967e-213,0.0,0.0,0.0,4.975281209401903e-197,0.0,0.0,0.0,0.011497282689501733,0.0,0.0,0.0,3.875856339133053e-247,0.0,0.0,0.0,0.005354019617506075,0.0,0.0,0.0,3.169553677895992e-51,0.0,0.0,0.0,0.006810890255909005,0.0,0.0,0.0,1.8362319057642128e-158,0.0,0.0,0.0,7.289442678769199e-60,0.0,0.0,3.219920072004983e-171,6.414118949576966e-60,0.0,0.0,0.0,2.6164110624410116e-12,0.0,0.0,1.1232899005038848e-189,0.042999070817326034,0.0,0.0,0.0,0.013898392593599873,2.9973543718021166e-162,0.0,0.0,2.2787615571920772e-70,7.144885038682925e-214,0.0,0.0,5.904847072573673e-52,0.0,0.0,0.0,0.09636353005521991,5.516916718284547e-135,0.0,2.630663276556896e-169,2.2476335854429654e-34,1.0012249550394356e-164,0.0,0.0,0.056281570063258415,4.214587326616462e-249,0.0,1.8955802536670106e-230,2.5493156149798632e-11,7.943857291359264e-197,0.0,2.6171472125190656e-86,0.14803721996679442,6.499813396289702e-163,0.0,0.0,0.07323177844369977,0.0,0.0,0.0,0.06187880449697068,0.0,0.0,0.0,0.08243298560570186,0.0,0.0,0.0,0.15560029309268122,0.0,0.0,0.0,0.04857070167512292,0.0,0.0,0.0,0.014683347090206975,0.0,0.0,0.0,0.05826366446334402,3.407862211545273e-276,0.0,0.0,3.0155523484515476e-79,0.0,0.0,0.0,2.1984932268937988e-39,0.0,0.0,0.0,1.3587455732823204e-87,0.0,0.0,0.0,1.2930897745772418e-53,0.0,0.0,0.0,1.0935051044382202e-88,8.545251409651098e-133,0.0,0.0,0.020009497140602392,0.0,0.0,0.0,1.1312136063701897e-64,0.0,0.0,0.0,8.571484939818417e-7,0.0,0.0,0.0,1.966355413832512e-133,0.0,0.0,5.8346367749282e-310,2.127092862294714e-33,0.0,0.0,0.0,8.317678757879098e-88,0.0,0.0,0.0,1.2890282048797693e-71,0.0,0.0,0.0,7.007639124396764e-44,0.0,0.0,0.0,4.8940431620696767e-104,5.653522933966923e-304,0.0,0.0,0.028228558938790328,0.0,0.0,0.0,0.019852486557943888,0.0,0.0,0.0,0.009361527974257688,0.0,0.0,0.0,4.178655388995184e-44,0.0,0.0,0.0,1.1376088206845513e-100,0.0,0.0,0.0,4.211275625243202e-47,0.0,0.0,0.0,2.0119469211451963e-40,0.0,0.0,0.0,1.3057866513500606e-109,4.4664735898667e-195,0.0,0.0,2.9173600094234854e-177,1.2971059895962272e-280,0.0,0.0,0.037005433748693854,8.890953384810694e-280,0.0,0.0,1.623977746197023e-40,0.0,0.0,0.0,4.865406971079277e-256,0.0,0.0,0.0,3.651221450626492e-220,0.0,0.0,0.0,0.009638087536265452,0.0,0.0,0.0,2.6850496318603525e-116,0.0,0.0,0.0,1.6815780180335076e-34,0.0,0.0,0.0,1.511230714440044e-208,0.0,0.0,0.0,4.4514526114487366e-178,0.0,0.0,0.0,0.0,0.0,0.0,0.0,3.029025585647307e-284,0.0,0.0,0.0,5.913567006219513e-261,0.0,0.0,0.0,0.0,0.0,0.0,0.0,0.0,0.0,0.0,0.0,0.0,0.0,0.0,0.0,4.051610621414963e-195,0.0,0.0,0.0,0.0,0.0,0.0,0.0,8.521897428693729e-211,0.0,0.0,0.0,0.0,0.0,0.0,0.0,0.0,0.0,0.0,0.0,0.0,0.0,0.0,0.0,0.0,0.0,0.0,0.0,0.0,0.0,0.0,0.0,0.0,0.0,0.0,0.0,0.0,0.0,0.0,0.0,0.0
0.0,0.0,0.0,0.0,0.0,0.0,0.0,0.0,2.6913137751898873e-129,0.0,0.0,0.0,0.0,0.0,0.0,0.0,0.0,0.0,0.0,0.0,0.0,0.0,0.0,0.0,9.274498561677384e-94,0.0,0.0,0.0,0.0,0.0,0.0,0.0,0.0,0.0,0.0,8.713833064491904e-282,6.620449833186e-71,0.0,0.0,3.1181889391054768e-111,1.8482252397881588e-10,0.0,0.0,2.6544134210313813e-259,1.7614515287887358e-23,0.0,0.0,6.906188700677222e-117,5.2987976973719865e-20,0.0,0.0,0.0,5.70340432025596e-15,1.2615876215288566e-246,0.0,2.970111665954508e-136,6.59730275435998e-26,0.0,0.0,0.0,2.375286033868055e-47,8.07825417909694e-217,0.0,1.1014706072314186e-141,0.0037340885547723517,0.0,0.0,5.7553603948806516e-64,0.9125689922755537,0.0,0.0,3.951408244063305e-124,0.03461851455993699,0.0,0.0,0.0,0.01555326095728845,0.0,0.0,2.17e-321,0.010921660871171105,0.0,0.0,0.0,2.4252672250196497e-48,2.3697863383461334e-181,0.0,0.0,5.677976740633603e-38,0.0,0.0,0.0,3.112764160232647e-17,9.57115014766907e-121,0.0,0.0,2.180597979869542e-38,0.0,0.0,0.0,3.618924171359258e-151,0.0,0.0,0.0,0.0,0.0,0.0,0.0,0.007968484070139852,0.0,0.0,0.0,3.688210207967816e-170,0.0,0.0,0.0,6.657365372433822e-137,0.0,0.0,0.0,1.9304867359028464e-195,0.0,0.0,0.0,3.3350149452582104e-169,0.0,0.0,0.0,6.588669185340813e-88,0.0,0.0,0.0,0.0,0.0,0.0,0.0,0.00731749926315464,0.0,0.0,0.0,2.0884524731053955e-288,0.0,0.0,0.0,0.0,0.0,0.0,0.0,0.0,0.0,0.0,0.0,0.0,0.0,0.0,0.0,0.0,0.0,0.0,0.0,0.0,0.0,0.0,0.0,0.0,0.0,0.0,0.0,0.0,0.0,0.0,0.0,0.0,3.505289380637017e-204,0.0,0.0,1.1250291908743347e-142,0.0,0.0,0.0,0.0,0.0,0.0,0.0,0.0,8.694518120671902e-72,0.0,0.0,2.2382221925359706e-231,0.0,0.0,0.0,0.0,0.0,0.0,0.0,3.378005592767193e-167,0.0,0.0,0.0,0.0,0.0,0.0,0.0,1.217040508410828e-183,0.0,0.0,0.0,0.0,0.0,0.0,0.0,0.0,0.0,0.0,0.0,0.0,0.0,0.0,0.0,0.0,0.0,0.0,0.0,0.0,0.0,0.0,0.0,0.0,0.0,0.0,0.0,0.0,0.0,0.0,0.0,0.0,0.0,0.0,0.0,4.656432112835164e-232,0.0,0.0,0.0,0.0,0.0,0.0,0.0,0.0,0.0,0.0,0.0,0.0,0.0,0.0,0.0,0.0,0.0,0.0,0.0,0.0,0.0,0.0,0.0,0.0,0.0,0.0,0.0,0.0,0.0,0.0,0.0,0.0,0.0,0.0,0.0,0.0,0.0,0.0,0.0,0.0,0.0,0.0,0.0,0.0,0.0,0.0,0.0,0.0,0.0,0.0,0.0,0.0,0.0,0.0,0.0,1.1178271228019733e-260,0.0,0.0,0.0,0.0,0.0,0.0,0.0,0.0,0.0,0.0,0.0,0.0,0.0,0.0,0.0,0.0,0.0,0.0,0.0,0.0,0.0,0.0,0.0,0.0,0.0,0.0,0.00731749926315464,0.0,0.0,0.0,0.0,0.0,0.0,0.0,0.0,0.0,0.0,0.0,0.0,0.0,0.0,0.0,0.0,0.0,0.0,0.0,0.0,0.0,0.0,0.0
0.0,0.0,0.0,0.0,0.0,0.0,0.0,0.0,0.0,0.0,0.0,0.0,0.0,0.0,0.0,0.0,0.0,0.0,0.0,0.0,3.783667660543225e-278,0.0,0.0,0.0,0.0,0.0,0.0,0.0,0.0,0.0,0.0,0.0,0.0,0.0,0.0,0.0,0.0,0.0,0.0,0.0,9.672013196551037e-233,0.0,0.0,0.0,2.261341043760805e-283,0.0,0.0,0.0,0.0,0.0,0.0,0.0,7.800487086777709e-84,0.0,0.0,0.0,1.008369024035023e-78,0.0,0.0,0.0,0.0,1.188033636744847e-101,0.0,0.0,1.3904287892483825e-34,0.0,0.0,0.0,5.458221919766497e-175,5.7881680787768624e-216,0.0,0.0,7.581075630196154e-41,1.7036367635505642e-43,0.0,0.0,0.07658547945731722,9.852939019446081e-267,0.0,0.0,9.062116537868368e-137,6.180020907376735e-72,0.0,0.0,0.05245567023754687,2.741916517516751e-200,0.0,0.0,2.54738423904443e-28,7.965211800173966e-37,0.0,0.0,0.020530011816488353,0.0,0.0,0.0,1.4114064295817586e-80,0.015900586526227608,0.0,0.0,1.3132468349773943e-167,0.03170732321311443,0.0,0.0,0.015744006882200467,0.0,0.0,0.0,0.0753691849046161,0.0,0.0,0.0,7.662922880107562e-41,0.0,0.0,0.0,1.4881930921697422e-32,0.0,0.0,0.0,0.06341576965223186,0.0,0.0,0.0,2.6801090631673553e-99,6.019516045489215e-197,0.0,0.0,0.050146646274876895,0.0,0.0,0.0,6.620065564911184e-71,0.0,0.0,0.0,0.07926830803278608,5.019138224286856e-267,0.0,0.0,0.06341464642622886,1.1897194042187821e-122,0.0,0.0,0.031691512764472185,2.0277276234974963e-100,0.0,0.0,0.015853665518370124,0.0,0.0,0.0,0.031707323213048325,3.3876890752402146e-198,0.0,0.0,1.1139828573314903e-83,0.0,0.0,0.0,1.95147583847679e-153,0.015847426890624627,0.0,0.0,8.031194401286823e-307,0.0,0.0,0.0,0.06341464642622886,0.0,0.0,0.0,1.9156560349860188e-216,2.7249861039054406e-214,0.0,0.0,0.01599733492212927,0.0,0.0,0.0,3.850513244131017e-85,0.0,0.0,0.0,0.0,0.0,0.0,0.0,0.015853661606632676,3.01421624705276e-231,0.0,0.0,0.03170732321311443,3.264098395163126e-297,0.0,0.0,9.548337628534184e-191,2.7677366991154956e-250,0.0,0.0,0.01588762587107192,3.47205694371124e-310,0.0,0.0,3.0625206836452632e-165,1.9197766566693304e-250,0.0,0.0,1.0431756063580138e-22,0.0,0.0,0.0,3.957386658419317e-111,0.0,0.0,0.0,0.0,0.0,0.0,0.0,0.03170732321311443,0.0,0.0,0.0,0.0,0.0,0.0,0.0,0.015853661606557216,0.0,0.0,0.0,0.047560984819671644,0.0,0.0,0.0,0.04311156847854358,0.0,0.0,0.0,4.303187853415063e-60,1.8921410703052175e-138,0.0,0.0,1.0837876568413608e-162,0.0,0.0,0.0,0.03170732321311443,0.0,0.0,0.0,0.015853661606557216,0.0,0.0,0.0,0.03170732321311443,0.0,0.0,0.0,1.53580359021412e-247,0.0,0.0,0.0,0.0,0.0,0.0,0.0,0.0,0.0,0.0,0.0,0.0,0.0,0.0,0.0,0.0,0.0,0.0,0.0,0.0,0.0,0.0,0.0,0.0,0.0,0.0,0.0,0.0,0.0,0.0,0.0,0.0,0.0,0.0,0.0,0.0,0.0,0.0,0.0,0.0,6.859319217036424e-47,0.0,0.0,0.0,0.0,0.0,0.0,0.0,0.0,0.0,0.0,0.0,0.0,0.0,0.0,0.0,0.0,0.0,0.0,0.0,0.0,0.0,0.0,0.0,0.0,0.0,0.0,0.0,0.0,0.0,0.0,0.0,0.0,0.0,0.0,0.0,0.0,0.0,0.0,0.0,0.0,0.0,0.0,0.0,0.0,0.0
0.0,0.0,0.0,0.0,0.0,0.0,9.696555537902888e-50,0.0,0.0,0.0,0.0,0.0,0.0,0.0,1.1105353594407583e-255,0.0,0.0,0.0,4.463642954973864e-155,0.0,0.0,0.0,3.2035293465645935e-15,0.0,0.0,0.0,4.6243081472906745e-60,0.0,0.0,0.0,0.0251731656813993,0.0,0.0,0.0,1.5161776019893905e-144,0.0,0.0,0.0,0.21028479822807422,0.0,0.0,0.0,0.0983099799325936,0.0,0.0,9.870880782781818e-256,1.9095602013428047e-6,0.0,0.0,0.0,0.1406079348842008,0.0,0.0,2.8591554161862346e-304,0.013261501972607687,0.0,0.0,0.0,2.5154150352058736e-63,0.0,0.0,0.0,0.1898769841389556,0.0,0.0,0.0,0.24071988928849497,0.0,0.0,0.0,4.263648928140063e-7,0.0,0.0,0.0,8.208145250109908e-54,0.0,0.0,0.0,2.5304005138884807e-35,0.0,0.0,0.0,2.1484093266815913e-65,0.0,0.0,0.0,9.378736084901634e-95,0.0,0.0,0.0,2.959094837580002e-62,0.0,0.0,0.0,6.301750983567699e-69,0.0,0.0,0.0,2.9409575112487044e-21,0.0,0.0,0.0,1.3134456338103993e-38,0.0,0.0,0.0,5.31519674770825e-125,0.0,0.0,0.0,9.709353174574e-122,0.0,0.0,0.0,5.041070421092593e-134,0.0,0.0,0.0,3.5437639820826023e-60,0.0,0.0,0.0,2.2248825581762076e-26,0.0,0.0,0.0,1.3437141902493474e-89,0.0,0.0,0.0,3.5940193299327245e-162,0.0,0.0,0.0,2.3944355695630507e-157,0.0,0.0,0.0,8.753996612590012e-186,0.0,0.0,0.0,3.037429026935498e-123,0.0,0.0,0.0,3.9996244083931483e-84,0.0,0.0,0.0,1.4503569448812293e-105,0.0,0.0,0.0,6.487808616575753e-84,0.0,0.0,0.0,1.0429826511561168e-111,0.0,0.0,0.0,8.805957140089241e-79,0.0,0.0,0.0,1.1174153287872988e-104,0.0,0.0,0.0,4.738388565600092e-81,0.0,0.0,0.0,6.66901779786899e-98,0.0,0.0,0.0,1.406524427722236e-265,0.0,0.0,0.0,1.4518416514427634e-62,0.0,0.0,0.0,0.0,0.0,0.0,0.0,7.83169352022202e-141,0.0,0.0,0.0,0.0,0.0,0.0,0.0,2.8791689827279043e-111,0.0,0.0,0.0,4.332698904051176e-226,0.0,0.0,0.0,0.0,0.0,0.0,0.0,0.0,0.0,0.0,0.0,6.646231949822252e-148,0.0,0.0,0.0,0.05450894047229829,0.0,0.0,0.0,7.336734483504328e-187,0.0,0.0,0.0,0.0,0.0,0.0,0.0,1.2307779525946096e-184,0.0,0.0,0.0,2.0817986264799246e-121,0.0,0.0,0.0,8.525719780863396e-138,0.0,0.0,0.0,2.146633928572318e-133,0.0,0.0,0.0,8.324270558829661e-231,0.0,0.0,0.0,0.0,0.0,0.0,0.0,6.500951028855987e-171,0.0,0.0,0.0,0.0,0.0,0.0,0.0,0.0,0.0,0.0,0.0,7.397666741618183e-245,0.0,0.0,0.0,9.254728378943037e-215,0.0,0.0,0.0,0.0,0.0,0.0,0.0,0.0,0.0,0.0,0.0,0.0,0.0,0.0,0.0,0.0,0.0,0.0,0.0,0.0,0.0,0.0,0.0,0.027254469476278048,0.0,0.0,0.0,0.0,0.0,0.0,0.0,0.0,0.0,0.0,0.0,0.0,0.0,0.0,0.0,0.0,0.0,0.0,0.0,7.326223670014714e-154,0.0,0.0,0.0,0.0,0.0,0.0,0.0,0.0,0.0,0.0,2.677313115177e-312,0.0,0.0,0.0,0.0,0.0,0.0,0.0,0.0,0.0,0.0,0.0,0.0,0.0,0.0,0.0,0.0,0.0,0.0,0.0,0.0,0.0
0.0,0.0,0.0,0.0,0.0,0.0,0.0,0.0,0.0,0.0,0.0,0.0,0.0,0.0,0.0,0.0,0.0,0.0,0.0,0.0,0.0,0.0,0.0,0.0,0.0,0.0,0.0,0.0,0.0,0.0,0.0,0.0,0.0,0.0,0.0,0.0,0.0,0.0,0.0,0.0,0.0,0.0,0.0,0.0,0.0,0.0,0.0,0.0,0.0,0.0,0.0,0.0,0.0,0.0,0.0,0.0,0.0,0.0,0.0,0.0,0.0,0.0,0.0,0.0,0.0,0.0,0.0,0.0,0.0,0.0,0.0,0.0,7.277149619562661e-216,0.0,0.0,0.0,6.639388156514035e-67,0.053056971089994444,0.0,0.0,0.0,0.0,0.0,0.0,0.0,0.0,0.0,0.0,1.925237903631462e-98,0.0,0.0,0.0,1.7156319519627322e-209,0.0,0.0,0.0,4.2315221529409814e-51,2.298160238831081e-306,0.0,0.0,0.0,0.0,0.0,0.0,0.053427427514334776,0.0,0.0,0.0,0.0,0.0,0.0,0.0,2.669615324742229e-158,0.0,0.0,0.0,0.0,0.0,0.0,0.0,3.505241121426118e-244,0.0,0.0,0.0,6.950775513572966e-67,0.0,0.0,0.0,3.224660813106974e-98,0.0,0.0,0.0,0.0,0.0,0.0,0.0,0.0,0.10607008223064138,0.0,0.0,2.1786857321536105e-169,0.0,0.0,0.0,5.2328024340780156e-5,0.0,0.0,0.0,0.0,0.0,0.0,0.0,0.0,0.0,0.0,0.0,0.2068786425004817,0.0,0.0,0.0,1.2050334691934141e-185,0.0,0.0,0.0,0.0,0.0,0.0,0.0,0.0,0.10609900591310648,0.0,0.0,0.10612270300185253,0.0,0.0,0.0,0.0,0.0,0.0,0.0,0.0,0.0,0.0,0.0,0.0,0.0,0.0,0.0,0.0,0.0,0.0,0.0,1.0806322853160922e-179,0.0,0.0,0.0,0.0,0.10577638991585407,0.0,0.0,0.0,0.0,0.0,0.0,0.0,0.0,0.0,0.0,0.05027104380569737,0.0,0.0,0.0,0.0,0.0,0.0,0.0,0.0,0.0,0.0,0.0,0.0,0.0,0.0,0.0,0.0,0.05306135150091796,0.0,0.0,2.486994268290845e-22,0.0,0.0,0.0,0.0,0.0,0.0,0.0,1.834558196150693e-36,0.0,0.0,0.0,0.10612270300185232,0.0,0.0,0.0,7.754833064869216e-166,0.0,0.0,0.0,0.0,0.0,0.0,0.0,0.0,0.0,0.0,0.0,8.887139597447478e-251,0.0,0.0,0.0,0.053061351500926265,0.0,0.0,0.0,0.0,0.0,0.0,0.0,0.0,0.0,0.0,0.0,0.0,0.0,0.0,0.0,0.0,0.0,0.0,0.0,0.0,0.0,0.0,0.0,0.0,0.0,0.0,0.0,0.0,0.0,0.0,0.0,0.0,0.0,0.0,0.0,0.0,0.0,0.0,0.0,0.0,0.0,0.0,0.0,0.0,0.0,0.0,0.0,0.0,0.0,0.0,0.0,0.0,0.0,0.0,0.0,0.0,0.0,0.0,0.0,0.0,0.0,0.0,0.0,0.0,0.0,0.0,0.0,0.0,0.0,0.0,0.0,0.0,0.0,0.0,0.0,0.0,0.0,0.0,0.0,0.0,0.0,0.0,0.0,0.0,0.0,0.0
0.0,0.0,0.0,0.0,0.0,3.870189748762156e-189,0.0,0.0,0.0,4.4985834397719706e-26,0.0,0.0,2.648951966593281e-148,1.679574103297185e-30,3.5648321803765895e-126,0.0,0.0,0.020332279831903468,0.0,0.0,0.0,1.441901596346153e-76,0.0,0.0,0.0,2.3943416843798936e-23,0.0,0.0,0.0,0.029701161853209927,0.0,0.0,0.0,6.058501933779404e-11,5.68074490747055e-101,0.0,2.58861071718428e-237,1.3815565659117524e-11,2.7269221901563983e-118,0.0,1.15402322e-315,0.09927068334760344,4.5259511565630245e-136,0.0,0.0,0.17431175677197497,1.2611070538897765e-150,0.0,0.0,0.2115857826284197,1.4059477419957904e-117,0.0,5.728939321561875e-230,0.027614963978429143,1.8739249383838687e-202,0.0,0.0,0.07293251079995176,7.973533953787014e-17,0.0,0.0,0.15974661304046717,1.192268796115218e-71,0.0,0.0,0.13782242748068452,1.2332664776657495e-65,0.0,0.0,1.7677848190185647e-8,1.428025029785293e-174,0.0,0.0,0.03291907512463546,1.139464292311205e-245,0.0,0.0,8.624014961784055e-47,2.1391041426923814e-223,0.0,0.0,2.0303843183196673e-53,0.0,0.0,1.764262766732528e-99,8.240111153470313e-50,6.429475247451808e-270,0.0,0.0,2.2073834229578786e-48,0.0,0.0,0.0,4.37511849210933e-92,3.579747011025743e-187,0.0,0.0,2.2697746200714992e-70,0.0,0.0,0.0,2.8856954144392646e-57,0.011539865738740857,0.0,0.0,4.441986164940897e-99,1.3821143655891177e-247,0.0,0.0,2.724568606493445e-113,1.422568079296723e-266,0.0,0.0,1.7554569620457423e-67,0.0,0.0,0.0,3.1720890019457196e-47,0.0,0.0,0.0,4.4532602597968043e-57,0.0,0.0,1.9210969711354495e-262,0.016103838901879598,0.0,0.0,0.0,4.5608879150294616e-184,0.0,0.0,0.0,3.022670549940121e-79,0.0,0.0,0.0,3.4160179825479534e-88,0.0,0.0,0.0,2.3196794211751147e-124,2.497812876332738e-265,0.0,0.0,1.9166304579054152e-190,0.0,0.0,0.0,1.0084014072117114e-209,0.0,0.0,0.0,9.258116837583481e-42,0.0,0.0,0.0,1.7351853612673545e-149,0.0,0.0,0.0,5.096791366609567e-222,0.0,0.0,0.0,4.2432943077384405e-33,0.0,0.0,0.0,1.3206383474388178e-161,1.2188443675488152e-173,0.0,0.0,7.728207554802115e-55,0.0,0.0,0.0,2.0284028691334174e-167,0.0,0.0,0.0,1.3315098213781283e-306,0.0,0.0,0.0,1.5372429843819813e-200,0.0,0.0,0.0,1.340645139148751e-86,0.0,0.0,0.0,1.1959001007200039e-206,0.0,0.0,0.0,1.5017304666851855e-87,0.0,0.0,0.0,0.0,0.0,0.0,0.0,6.242027320345374e-9,0.0,0.0,0.0,1.235385577758992e-206,0.0,0.0,0.0,5.40508525802171e-213,0.0,0.0,0.0,2.379549219056936e-273,0.0,0.0,0.0,1.1854652305976668e-179,0.0,0.0,0.0,0.0,0.0,0.0,0.0,1.2975906910414536e-283,0.0,0.0,0.0,7.7152265393382714e-208,0.0,0.0,0.0,4.502729098858415e-181,0.0,0.0,0.0,8.85633245099324e-11,0.0,0.0,0.0,5.387622909650683e-166,0.0,0.0,0.0,4.10888e-318,0.0,0.0,0.0,6.928254193112116e-108,0.0,0.0,0.0,1.5876285608871577e-280,0.0,0.0,0.0,0.0,0.0,0.0,0.0,0.0,0.0,0.0,0.0,8.827272012037506e-144,0.0,0.0,0.0,8.432470441547713e-79,0.0,0.0,0.0,1.085231486076258e-207,0.0,0.0,0.0,2.3234224692813002e-256,0.0,0.0,0.0,3.9662055e-316,0.0,0.0,0.0,9.525844640258545e-157,0.0,0.0,0.0,1.670446736505886e-164,0.0,0.0,0.0,4.516904325259126e-192,0.0,0.0,0.0,0.0,0.0,0.0,0.0,0.0061190164192605895,0.0,0.0,0.0,6.702720058928627e-234,0.0,0.0,0.0,0.0,0.0,0.0,0.0,0.0,0.0,0.0,0.0,0.0,0.0,0.0,1.1568227543228607e-170,0.0,0.0,0.0,0.0,0.0,0.0,0.0,0.0,0.0,0.0,0.0,0.0,8.078212602969638e-182,0.0,0.0,0.0,0.0,0.0,0.0,0.0,0.0,0.0
0.0,0.0,0.0,0.0,0.0,0.0,0.0,0.0,0.0,0.0,0.0,0.0,0.0,0.0,0.0,0.0,0.0,0.0,0.0,0.0,0.0,0.0,0.0,0.0,0.0,4.7878683402451475e-307,0.0,0.0,0.0,0.0,0.0,0.0,0.0,0.0,0.0,0.0,0.0,2.994322344044523e-212,0.0,0.0,0.0,5.789276142407349e-110,0.0,0.0,0.0,7.805125626380359e-171,2.0079478902673688e-237,0.0,0.0,7.382926323781092e-238,0.0,0.0,0.0,0.04116148448776279,0.0,0.0,0.0,3.2306215114600306e-154,0.0,0.0,0.0,1.076084516222516e-89,1.3687712967878418e-76,0.0,0.0,2.255726224509043e-205,0.0,0.0,0.0,6.047439438959708e-141,0.0,0.0,0.0,1.1901446465434195e-65,0.0,0.0,0.0,9.638334046364276e-147,0.0,0.0,0.0,2.7902265457301897e-102,0.0,0.0,0.0,4.056355670933682e-58,0.0,0.0,0.0,2.0539689550658194e-52,0.0,0.0,0.0,0.309400947081106,5.247021331135817e-168,0.0,0.0,1.9306887651418594e-65,0.0,0.0,0.0,2.266878878112121e-116,0.0,0.0,0.0,1.1857962317789275e-38,0.0,0.0,0.0,1.0923273723028883e-124,0.0,0.0,0.0,3.548817661965184e-145,0.0,0.0,0.0,0.036994460162154644,0.0,0.0,0.0,0.03563519632956724,0.0,0.0,0.0,0.2863726763832845,0.0,0.0,0.0,2.4577079723992633e-53,0.0,0.0,0.0,1.5415680127505741e-302,0.0,0.0,0.0,9.38283340316687e-59,0.0,0.0,0.0,2.08454308003108e-113,0.0,0.0,0.0,1.2883845610670632e-159,0.0,0.0,0.0,0.039696174931228796,0.0,0.0,0.0,1.7826398825943659e-85,0.0,0.0,0.0,1.1388932946451428e-136,0.0,0.0,0.0,1.999620165393809e-167,0.0,0.0,0.0,9.300124233111257e-254,0.0,0.0,0.0,3.1255165332935126e-154,2.203696930728713e-256,0.0,0.0,2.870724509733535e-115,0.0,0.0,0.0,1.3630498476338168e-128,0.03634409806012533,0.0,0.0,3.542052189495722e-195,0.0,0.0,0.0,1.2916545314424652e-52,0.0,0.0,0.0,3.585048276862209e-38,0.03664887429214343,0.0,0.0,4.90841701544796e-93,0.0,0.0,0.0,0.03826274638719293,0.0,0.0,0.0,0.03682375266779864,0.0,0.0,0.0,1.3509839266049657e-38,0.0,0.0,0.0,0.0,0.0,0.0,0.0,0.0,0.0,0.0,0.0,7.003986103647263e-93,0.0,0.0,0.0,0.0,0.0,0.0,0.0,3.14121807028834e-162,0.0,0.0,0.0,8.208923930900091e-68,0.0,0.0,0.0,0.06241676469740726,0.0,0.0,0.0,4.675858022889474e-183,0.0,0.0,0.0,1.3753809826638873e-277,0.0,0.0,0.0,0.0,0.0,0.0,0.0,0.0,0.0,0.0,0.0,9.953141629519774e-37,0.0,0.0,0.0,3.323096745336096e-136,0.0,0.0,0.0,3.5423084876279603e-225,0.0,0.0,0.0,8.698649574227188e-22,0.0,0.0,0.0,1.4454756013944933e-108,0.0,0.0,0.0,1.4961686e-317,0.0,0.0,0.0,0.0,0.0,0.0,0.0,2.1660189374397e-311,0.0,0.0,0.0,0.04024282452022836,0.0,0.0,0.0,5.762871148399713e-196,0.0,0.0,0.0,0.0,0.0,0.0,0.0,0.0,0.0,0.0,0.0,0.0,0.0,0.0,0.0,0.0,0.0,0.0,0.0,0.0,0.0,0.0,0.0,0.0,0.0,0.0,0.0,1.7626871204052834e-147,0.0,0.0,0.0,0.0,0.0,0.0,0.0,0.0,0.0,0.0,0.0,0.0,0.0,0.0,0.0,0.0,0.0,0.0,0.0,0.0,0.0,0.0,0.0,0.0,0.0,0.0,0.0,0.0,0.0
0.0,0.0,0.0,0.0,0.0,0.0,0.0,0.0,0.0,0.0,0.0,0.0,0.0,0.0,0.0,0.0,0.0,0.0,0.0,0.0,0.0,0.0,0.0,0.0,0.0,0.0,0.0,0.0,0.0,0.0,0.0,0.0,0.0,0.0,0.0,1.5961628928196083e-203,0.0,0.0,0.0,9.999018675395828e-123,0.0,0.0,0.0,2.2395738401958336e-203,0.0,0.0,0.0,1.9225629907107687e-104,0.0,0.0,0.0,1.9983097734461287e-97,0.0,0.0,0.0,1.054091738593187e-47,0.0,0.0,0.0,1.706642726832172e-40,0.0,0.0,0.0,7.056911794428936e-119,0.0,0.0,7.016220641186428e-229,5.7529892138656704e-52,0.0,0.0,0.0,6.1570008355264916e-15,0.0,0.0,0.0,2.500952093312443e-81,0.0,0.0,1.002784727293912e-274,4.80948349914837e-51,0.0,0.0,1.2663950323066233e-163,7.382880534103462e-77,0.0,0.0,4.139895501748506e-82,0.46673712101745174,0.0,0.0,0.0,3.3118436333099284e-72,0.0,0.0,3.83203761944826e-121,0.11782974497136502,0.0,0.0,9.236972646870404e-132,3.880011006344259e-88,0.0,0.0,5.675992288241236e-64,0.07722389531731419,0.0,0.0,4.2892670361414177e-73,0.19757067790230748,0.0,0.0,1.1780668850306514e-306,2.109109656420283e-24,0.0,0.0,1.311205584939822e-205,0.1050287015960911,0.0,0.0,5.386156677348432e-64,4.214585968570738e-115,0.0,0.0,0.0,1.5005497068689047e-34,0.0,0.0,0.0,1.6864380838334727e-79,0.0,0.0,0.0,3.249870283501061e-151,0.0,0.0,0.0,1.0170725336147809e-63,0.0,0.0,0.0,2.863122695134137e-175,0.0,0.0,0.0,8.478796434256163e-39,0.0,0.0,0.0,0.0,0.0,0.0,2.1423780262586817e-99,1.896821086405905e-108,0.0,0.0,0.0,5.743395985912053e-169,0.0,0.0,0.0,3.704866002354595e-115,0.0,0.0,0.0,1.0238143446340245e-148,0.0,0.0,0.0,2.6937535635207075e-133,0.0,0.0,0.0,3.3328699154422394e-163,0.0,0.0,0.0,1.2059350727879573e-175,0.0,0.0,0.0,2.37881469345089e-133,0.0,0.0,0.0,0.0,0.0,0.0,0.0,0.0,0.0,0.0,0.0,0.0,0.0,0.0,0.0,0.0,0.0,0.0,0.0,0.0,0.0,0.0,0.0,0.0,0.0,0.0,0.0,0.0,0.0,0.0,0.0,0.0,0.0,0.0,0.0,1.5654482519331227e-177,0.0,0.0,0.0,0.0,0.0,0.0,0.0,0.0,0.0,0.0,0.0,0.0,0.0,0.0,0.0,0.0,0.0,0.0,0.0,0.0,0.0,0.0,0.0,0.0,0.0,0.0,0.0,0.0,0.0,0.0,0.0,0.0356098591954643,0.0,0.0,0.0,0.0,0.0,0.0,0.0,0.0,0.0,0.0,0.0,0.0,0.0,0.0,0.0,0.0,0.0,0.0,0.0,0.0,0.0,0.0,0.0,0.0,0.0,0.0,0.0,0.0,0.0,0.0,0.0,0.0,0.0,0.0,0.0,0.0,0.0,0.0,0.0,0.0,0.0,0.0,0.0,0.0,0.0,0.0,5.796550021636089e-108,0.0,0.0,0.0,0.0,0.0,0.0,0.0,0.0,0.0,0.0,0.0,0.0,0.0,0.0,0.0,0.0,0.0,0.0,0.0,0.0,0.0,0.0,0.0,0.0,0.0,0.0,0.0,0.0,0.0,0.0,0.0,0.0,0.0,0.0,0.0,0.0,0.0,0.0,0.0,0.0,0.0,0.0,0.0,0.0,0.0,0.0,0.0,0.0,0.0,0.0,0.0,0.0
0.0,0.0,0.0,0.0,0.0,0.0,0.0,0.0,0.0,0.0,0.0,0.0,0.0,0.0,0.0,0.0,0.0,0.0,0.0,0.0,0.0,0.0,0.0,0.0,0.0,0.0,0.0,0.0,0.0,0.0,0.0,1.9398014546373525e-127,0.0,0.0,0.0,0.0,0.0,0.0,0.0,2.9614698698800277e-89,0.0,0.0,0.0,0.0,0.0,0.0,0.0,6.463517716559184e-61,0.0,0.0,0.0,2.700592896986456e-153,0.0,0.0,0.0,7.294215729690623e-250,0.0,0.0,0.0,2.9156923937963853e-254,0.0,0.0,0.0,1.1684978387387515e-209,0.0,0.0,1.167358221267503e-264,7.76e-322,0.0,0.0,0.0,1.6250020383036725e-133,0.0,0.0,0.0,3.463731976911879e-198,0.0,0.0,0.0,1.5994304949431649e-131,0.0,0.0,0.0,6.39234080267062e-88,0.0,0.0,0.0,5.529417937289484e-91,0.0,0.0,0.0,1.2400287650907514e-77,0.0,0.0,0.0,4.776403402224994e-65,0.0,0.0,2.5926500459832835e-256,4.07048796571244e-65,0.0,0.0,0.0,9.76309567319222e-45,0.0,0.0,1.0174454284355387e-129,2.5205360279495318e-40,0.0,0.0,5.579854991690079e-79,0.01877557416240257,0.0,0.0,4.22229527121613e-131,0.00708999631496875,0.0,0.0,2.746469380983303e-89,9.014402971899299e-13,0.0,0.0,0.0,1.2389773268922708e-22,0.0,0.0,4.749824214336707e-137,0.12754267167116665,0.0,0.0,1.2141307608345561e-108,0.013711919963100339,0.0,0.0,5.683858383390965e-103,0.10218939651895206,0.0,0.0,2.1742852022420227e-175,0.07390719531430039,0.0,0.0,4.3213147483336776e-113,0.20432623368124847,0.0,0.0,0.0,0.055725254878572904,0.0,0.0,2.2269195644635556e-116,0.1059510496523703,0.0,0.0,5.623990024094453e-182,0.05573128733593902,0.0,0.0,0.0,0.07984342436926269,0.0,0.0,2.726911594074099e-64,0.03630930813422619,0.0,0.0,0.0,0.03542938684654111,0.0,0.0,0.0,0.046437712398810754,0.0,0.0,0.0,2.7593731292365613e-9,0.0,0.0,0.0,0.004523187315431074,0.0,0.0,0.0,5.959709446439567e-44,0.0,0.0,0.0,0.004643771239881076,0.0,0.0,1.0113543522324517e-83,0.004643771239881076,0.0,0.0,0.0,0.0,0.0,0.0,0.0,0.0,0.0,0.0,0.0,0.004643771239881076,0.0,0.0,0.0,4.5068547698068284e-41,0.0,0.0,0.0,0.0,0.0,0.0,0.0,3.961926025816934e-117,0.0,0.0,0.0,0.0,0.0,0.0,0.0,0.004643771239881076,0.0,0.0,0.0,0.0,0.0,0.0,0.0,0.004643771243145623,0.0,0.0,0.0,0.004643771239881076,0.0,0.0,0.0,0.0,0.0,0.0,9.191449045825741e-166,0.004643771239881076,0.0,0.0,0.0,0.0,0.0,0.0,0.0,0.0,0.0,0.0,0.0,0.0,0.0,0.0,0.0,0.0,0.0,0.0,0.0,0.0,0.0,0.0,0.0,0.0,0.0,0.0,0.0,0.0,0.0,0.0,0.0,0.0,0.0,0.0,0.0,0.0,0.0,0.0,0.0,0.0,0.0,0.0,0.0,0.0,0.0,0.0,0.0,0.0,0.0,0.0,0.0,0.0,0.0,0.0,0.0,0.0,0.0,0.0,0.0,0.0,0.0,0.0,0.0,3.684548381340202e-52,0.0,0.0,0.0,0.0,0.0,0.0,0.0,0.0,0.0,0.0,0.0,0.0,0.0,0.0,0.0,0.0,0.0,0.0,0.0,0.0,0.0,0.0,0.0,0.0,0.0,0.0,0.0,0.0,0.0,0.0,0.0,0.0,0.0,0.0,0.0,0.0,0.0,0.0,0.0
0.0,0.0,0.0,0.0,0.0,7.10446666400907e-254,0.0,0.0,0.0,1.675473961390005e-196,0.0,0.0,0.0,1.7756703665871223e-152,0.0,0.0,0.0,4.632687176955813e-88,0.0,0.0,0.0,2.901978020681748e-121,0.0,0.0,0.0,1.2392790095894315e-110,0.0,0.0,0.0,0.036160221811707007,0.0,0.0,0.0,6.129817691398786e-157,0.0,0.0,0.0,0.009541390878446365,0.0,0.0,0.0,3.8136892054214275e-46,7.823277274869497e-289,0.0,0.0,2.3077896716259005e-24,0.0,0.0,0.0,2.2288931463842317e-16,0.0,0.0,0.0,0.13379477524492225,8.537165076339517e-190,0.0,0.0,5.600485821106308e-27,1.177719038897899e-238,0.0,0.0,0.06388784294937279,0.0,0.0,0.0,0.02544484893315886,0.0,0.0,0.0,1.0172026625039269e-18,5.873160999004922e-305,0.0,0.0,6.913186327360472e-22,2.684381806890975e-288,0.0,0.0,1.0435589936400374e-23,0.0,0.0,0.0,0.08859447031569703,3.23681525549701e-269,0.0,0.0,0.06544848139783692,3.6041281869881787e-217,0.0,0.0,0.14533994108640308,7.076600788306385e-270,0.0,0.0,7.010343721759689e-10,5.08672687835031e-141,0.0,0.0,1.2792089201270986e-15,0.0,0.0,0.0,0.0801257409687991,0.0,0.0,0.0,0.1237410121878941,0.0,0.0,0.0,5.428135342823861e-22,0.0,0.0,0.0,0.07061230587006999,0.0,0.0,0.0,4.8029479875872726e-5,0.0,0.0,0.0,0.020077315322463526,0.0,0.0,0.0,0.0694517390384815,0.0,0.0,0.0,2.7648048713013227e-37,1.6119368702179055e-232,0.0,0.0,2.768675975934179e-62,0.0,0.0,0.0,4.021831369668974e-62,0.0,0.0,0.0,0.011874158540971565,0.0,0.0,0.0,9.398534353257734e-49,0.0,0.0,0.0,8.925712568215995e-90,0.0,0.0,0.0,6.698988235258358e-52,0.0,0.0,0.0,0.011618639246701815,0.0,0.0,0.0,2.323978386680475e-91,0.0,0.0,0.0,1.1445542431144832e-24,0.0,0.0,0.0,2.0927052993885964e-90,0.0,0.0,0.0,1.1506513250167891e-14,0.0,0.0,0.0,3.8827844079673195e-77,0.0,0.0,0.0,1.342514910804878e-210,0.0,0.0,0.0,8.711084069433852e-226,0.0,0.0,0.0,2.0256581773363478e-82,0.0,0.0,0.0,2.3223343900787535e-62,0.0,0.0,0.0,0.021286769276930715,0.0,0.0,0.0,3.820778301552796e-284,0.0,0.0,0.0,7.763956737838986e-151,0.0,0.0,0.0,9.405984427979323e-181,0.0,0.0,0.0,2.9798052252221376e-90,0.0,0.0,0.0,1.8380010033470562e-123,0.0,0.0,0.0,1.096324379052616e-43,0.0,0.0,0.0,3.1745739972206733e-180,0.0,0.0,0.0,0.0,0.0,0.0,0.0,8.26283360889741e-77,0.0,0.0,0.0,3.309258005165927e-84,0.0,0.0,0.0,0.022951635867668255,0.0,0.0,0.0,5.332788692467088e-172,0.0,0.0,0.0,0.0,0.0,0.0,0.0,2.9097588799198902e-43,0.0,0.0,0.0,1.645665041161962e-298,0.0,0.0,0.0,1.83058250813e-313,0.0,0.0,0.0,0.0,0.0,0.0,0.0,6.80881457679405e-7,0.0,0.0,0.0,9.415418733349796e-14,0.0,0.0,0.0,9.155839296530646e-182,0.0,0.0,0.0,2.4530750223214434e-95,0.0,0.0,0.0,2.2725846861329093e-68,0.0,0.0,0.0,4.314987220093288e-87,0.0,0.0,0.0,0.0,0.0,0.0,0.0,5.82982095282065e-40,0.0,0.0,0.0,0.0,0.0,0.0,0.0,3.275183758428322e-18,0.0,0.0,0.0,0.0,0.0,0.0,0.0,0.0,0.0,0.0,0.0,0.0,0.0,0.0,0.0,0.0,0.0,0.0,1.2082304933036618e-148,0.0,0.0,0.0,0.0,0.0,0.0,0.0,0.0,0.0,0.0,0.0,0.0,3.3241897029893387e-257,0.0,0.0,0.0,0.0,0.0,0.0,0.0,0.0,0.0
0.0,0.0,0.0,0.0,0.0,0.0,0.0,0.0,0.0,0.0,0.0,0.0,0.0,0.0,0.0,0.0,0.0,0.0,0.0,0.0,0.0,0.0,0.0,0.0,0.0,0.0,0.0,0.0,0.0,0.0,0.0,0.0,0.0,0.0,0.0,0.0,0.0,8.764866734230418e-219,0.0,0.0,0.0,4.650201159304122e-245,0.0,0.0,0.0,0.0,0.0,0.0,0.0,1.073290105165322e-251,0.0,0.0,0.0,1.9390181754316526e-301,0.0,0.0,0.0,7.789670668631643e-207,0.0,0.0,0.0,1.887060060734575e-223,0.031730971574402085,0.0,0.0,0.01882475813330819,6.133667123911793e-256,0.0,0.0,4.8961652880798535e-87,0.0,0.0,0.0,0.0002768096601710441,3.569948392248889e-229,0.0,0.0,1.180433767136056e-39,4.648220115620584e-194,0.0,0.0,2.7685233151397916e-137,2.3613262283483016e-165,0.0,0.0,2.796709667509514e-110,1.1966366951070669e-152,0.0,0.0,5.315754917640615e-97,0.0,0.0,0.0,8.097466191257425e-148,6.641691541262742e-106,0.0,0.0,1.770220708302007e-213,0.0,0.0,0.0,3.75408888464208e-61,6.057933052668059e-135,0.0,0.0,0.12578811133413229,6.939688861209239e-118,0.0,0.0,1.2845624761448154e-102,9.577203235571389e-224,0.0,0.0,1.4356841585814784e-8,0.0,0.0,0.0,0.0920025093085366,3.420459115582108e-249,0.0,0.0,0.034066347903969174,0.0,0.0,0.0,3.294692925679432e-107,0.0,0.0,0.0,1.5817758207204122e-44,5.7676307866711345e-130,0.0,0.0,0.21935814504417975,0.0,0.0,0.0,0.020882848045992955,0.0,0.0,0.0,0.0,0.0,0.0,0.0,3.3329253112831344e-64,2.4461844115604055e-261,0.0,0.0,9.753143812288211e-238,0.0,0.0,0.0,9.797546814626522e-104,0.0,0.0,0.0,0.0,0.0,0.0,0.0,1.4684512934850859e-167,0.0,0.0,0.0,0.057548154177516825,0.0,0.0,0.0,2.9688654685611713e-46,0.0,0.0,0.0,6.882908288573803e-233,0.0,0.0,0.0,6.479581973662628e-298,0.0,0.0,0.0,0.2825199451861834,0.0,0.0,0.0,0.0,0.0,0.0,0.0,0.031751987819684586,0.0,0.0,0.0,1.8797579915827003e-83,0.0,0.0,0.0,0.0,0.0,0.0,0.0,0.0,0.0,0.0,0.0,3.463e-320,0.0,0.0,0.0,0.0,0.0,0.0,0.0,0.0,0.0,0.0,0.0,0.0,0.0,0.0,0.0,0.0,0.0,0.0,0.0,0.0,0.0,0.0,0.0,4.7031890778933363e-101,0.0,0.0,0.0,0.05350801079736076,0.0,0.0,0.0,7.350141275063205e-270,0.0,0.0,0.0,0.0,0.0,0.0,0.0,6.6787336280326335e-164,0.0,0.0,0.0,2.0660426517280924e-282,0.0,0.0,0.0,4.62820406371726e-242,0.0,0.0,0.0,0.0,0.03174138665772068,0.0,0.0,0.0,0.0,0.0,0.0,0.0,0.0,0.0,0.0,0.0,0.0,0.0,0.0,1.240764988296595e-153,0.0,0.0,0.0,0.0,0.0,0.0,0.0,0.0,0.0,0.0,0.0,5.743596855235299e-55,0.0,0.0,0.0,0.0,0.0,0.0,0.0,0.0,0.0,0.0,0.0,0.0,0.0,0.0,0.0,0.0,0.0,0.0,0.0,9.151752077360647e-125,0.0,0.0,0.0,0.0,0.0,0.0,0.0,0.0,0.0,0.0,0.0,5.25833208476486e-255,0.0,0.0,0.0,0.0,0.0,0.0,0.0,0.0,0.0,0.0,0.0,0.0,0.0,0.0,0.0,0.0,0.0,0.0,0.0,2.7216012450520855e-246,0.0,0.0,0.0,0.0,0.0,0.0,0.0,0.0,0.0
0.0,0.0,0.0,0.0,0.0,0.0,0.0,0.0,0.0,0.0,0.0,0.0,0.0,0.0,0.0,0.0,0.0,0.0,0.0,0.0,0.0,0.0,0.0,0.0,0.0,0.0,0.0,0.0,0.0,0.0,0.0,0.0,0.0,0.0,0.0,0.0,0.0,0.0,0.0,0.0,0.0,0.0,0.0,0.0,0.0,0.0,0.0,0.0,0.0,0.0,0.0,0.0,0.0,0.0,0.0,0.0,0.0,0.0,0.0,0.0,0.0,0.0,0.0,0.0,0.0,0.0,0.0,0.0,0.0,0.0,0.0,0.0,0.0,0.0,0.0,0.0,0.0,0.0,0.0,0.0,0.0,0.0,0.0,0.0,0.0,0.0,5.8100578312494195e-300,0.0,0.0,0.0,0.0,0.0,0.0,0.0,0.0,0.0,0.0,0.0,0.0,0.0,0.0,0.0,1.07488755390564e-198,0.0,0.0,0.0,0.0,0.0,0.0,0.0,0.0,0.0,0.0,0.0,0.0,0.0,0.0,0.0,0.0,0.0,0.0,0.0,0.0,0.0,0.0,0.0,0.0,0.0,0.0,0.0,5.895199567103793e-220,0.0,0.0,0.0,9.102656105373982e-227,0.0,0.0,0.0,2.6231523383858627e-237,0.0,0.0,0.0,0.0,0.0,0.0,0.0,4.959979018637302e-251,0.0,0.0,0.0,9.124572090532405e-174,0.0,0.0,0.0,0.0,0.0,0.0,0.0,5.2563872750785496e-18,0.0,0.0,0.0,8.784722419109141e-175,0.0,0.0,0.0,1.3775446072941054e-105,0.0,0.0,0.0,0.049376104263248,0.0,0.0,0.0,0.0,0.0,0.0,0.0,0.0,0.0,0.0,0.0,0.0,0.24792979077321128,0.0,0.0,0.1480862777163218,0.0,0.0,0.0,0.13495709059030522,0.0,0.0,0.0,1.520661857442089e-260,0.0,0.0,0.0,1.2608893303037237e-163,0.0,0.0,0.0,0.0,0.0,0.0,0.0,0.0,0.0,0.0,0.0,8.855530499352614e-83,0.0,0.0,0.0,0.0,0.0,0.0,0.0,3.5694872074131755e-11,0.0,0.0,0.0,0.0,0.0,0.0,0.0,0.0,0.0,0.0,0.0,0.12531770196754752,0.0,0.0,0.0,7.03456530444538e-157,0.0,0.0,0.0,1.6232149904822598e-204,0.0,0.0,0.0,0.049135359314018884,0.0,0.0,0.0,0.0,0.0,0.0,0.0,0.0,0.0,0.0,0.0,0.0,0.0,0.0,0.0,0.19561171718501016,0.0,0.0,0.0,1.0034672055612117e-177,0.0,0.0,0.0,3.7376923989703714e-134,0.0,0.0,0.0,6.559231141370562e-101,0.0,0.0,0.0,4.3650105482452093e-29,0.0,0.0,0.0,7.924740713388923e-155,0.0,0.0,0.0,0.04958595815464226,0.0,0.0,0.0,6.203349345880763e-98,0.0,0.0,0.0,0.0,0.0,0.0,0.0,0.0,0.0,0.0,0.0,0.0,0.0,0.0,0.0,0.0,0.0,0.0,0.0,0.0,0.0,0.0,0.0,0.0,0.0,0.0,0.0,0.0,0.0,0.0,0.0,0.0,0.0,0.0,0.0,0.0,0.0,0.0,0.0,0.0,0.0,0.0,0.0,0.0,0.0,0.0,0.0,0.0,0.0,0.0,0.0,0.0,0.0,0.0,0.0,0.0,0.0,0.0,0.0,0.0
0.0,0.0,0.0,0.0,0.0,0.0,0.0,4.308553653191898e-164,0.0,0.0,0.0,3.758616104328736e-132,0.0,0.0,0.0,4.587010251802913e-166,0.0,0.0,0.0,3.042770030510126e-118,0.0,0.0,0.0,8.055623746633991e-169,0.0,0.0,0.0,1.218878563655621e-104,0.0,0.0,0.0,1.164712760033651e-57,0.0,0.0,0.0,3.179011464546224e-36,2.0102515372995703e-185,0.0,0.0,1.4986430281671e-6,3.28264581976446e-274,0.0,0.0,1.2865435901314613e-28,0.0,0.0,0.0,3.334386854665486e-25,5.1522430929828536e-167,0.0,0.0,0.007983233748438666,1.0959221500641081e-197,0.0,0.0,0.002836223820558932,0.0,0.0,0.0,1.2383504693085957e-44,3.8112003265748033e-147,0.0,0.0,7.32573751345759e-33,0.0,0.0,6.774486417171442e-263,0.005518165055669174,3.363633837625545e-127,0.0,0.0,0.9056443969272244,2.3120349589378783e-105,0.0,0.0,0.031149279241771438,8.987495328743704e-134,0.0,0.0,0.014221369868394788,0.0,0.0,0.0,5.177763256432554e-39,0.0,0.0,2.5228054607197391e-175,3.6255244837130875e-8,0.0,0.0,0.0,0.01652468663196733,0.0,0.0,0.0,0.016121109807702053,3.1919891883944715e-72,0.0,0.0,5.276538618624828e-94,1.1186054000932564e-257,0.0,0.0,1.486745553664041e-97,0.0,0.0,0.0,2.366088563172865e-185,0.0,0.0,0.0,3.67415520427121e-128,0.0,0.0,0.0,3.94140792813733e-133,0.0,0.0,0.0,2.31176349170533e-40,0.0,0.0,0.0,1.1502762823362973e-59,0.0,0.0,0.0,9.673289836672449e-102,0.0,0.0,0.0,1.6133267565381715e-165,0.0,0.0,0.0,3.490443245267767e-119,0.0,0.0,0.0,1.3809673728458567e-100,0.0,0.0,0.0,1.744631687535407e-210,0.0,0.0,0.0,0.0,0.0,0.0,0.0,1.1800379280400426e-65,0.0,0.0,0.0,7.717973720975816e-61,0.0,0.0,0.0,2.170733678303808e-77,0.0,0.0,0.0,1.3738246185314508e-38,0.0,0.0,0.0,1.7043215628568642e-47,0.0,0.0,0.0,1.0904311995654446e-111,0.0,0.0,0.0,4.4262071856184814e-275,0.0,0.0,0.0,4.24862266347734e-40,0.0,0.0,0.0,0.0,0.0,0.0,0.0,0.0,0.0,0.0,0.0,0.0,0.0,0.0,0.0,0.0,0.0,0.0,0.0,0.0,0.0,0.0,0.0,0.0,0.0,0.0,0.0,0.0,0.0,0.0,0.0,0.0,0.0,0.0,0.0,5.0e-324,0.0,0.0,0.0,0.0,0.0,0.0,0.0,0.0,0.0,0.0,0.0,0.0,0.0,0.0,0.0,0.0,0.0,0.0,0.0,0.0,0.0,0.0,0.0,0.0,0.0,0.0,0.0,0.0,0.0,0.0,0.0,2.4312320518416485e-218,0.0,0.0,0.0,0.0,0.0,0.0,0.0,0.0,0.0,0.0,0.0,0.0,0.0,0.0,0.0,0.0,0.0,0.0,0.0,0.0,0.0,0.0,0.0,0.0,0.0,0.0,0.0,0.0,0.0,0.0,0.0,0.0,0.0,0.0,0.0,0.0,0.0,0.0,0.0,0.0,0.0,0.0,0.0,0.0,0.0,0.0,0.0,0.0,0.0,0.0,0.0,0.0,0.0,0.0,0.0,0.0,0.0,0.0,0.0,0.0,0.0,0.0,0.0,0.0,0.0,0.0,0.0,0.0,0.0,0.0,0.0,0.0,0.0,0.0,0.0,0.0,0.0,0.0,0.0,0.0,0.0,0.0,0.0,0.0,0.0,0.0,0.0,0.0,0.0,0.0,0.0,0.0,0.0,0.0,0.0,0.0,0.0,0.0,0.0
0.0,0.0,0.0,0.0,0.0,0.0,0.010014462058982015,0.0,0.0,0.0,4.380328490303551e-300,0.0,0.0,0.0,0.03182550021724853,0.0,0.0,0.0,1.304369880113704e-156,0.0,0.0,0.0,0.020394821005753783,0.0,0.0,2.3607247e-316,0.018036741025069466,0.0,0.0,0.0,1.0447930395969228e-159,0.0,0.0,3.389257779889286e-93,0.4173030418528984,0.0,0.0,2.576720121708727e-121,4.098962722742865e-23,3.321098284785505e-225,0.0,2.7368896816671268e-121,0.014122011301263145,0.0,0.0,2.499704902387947e-236,7.36231307092335e-26,0.0,0.0,2.363526870597802e-86,0.2741087187806824,0.0,0.0,7.119839829415577e-164,0.14138245100900718,0.0,0.0,0.0,5.051822234539871e-129,0.0,0.0,6.20068422777497e-297,2.0944253699402967e-55,0.0,0.0,1.247141620275707e-63,0.0006139915883598301,0.0,0.0,3.581334455939712e-153,7.289760453053726e-92,4.545500343321586e-274,0.0,3.3702794224564612e-108,1.0959496464816512e-60,0.0,0.0,0.0,1.1443909976435143e-14,0.0,0.0,7.509753834567549e-199,1.160318905078268e-41,0.0,0.0,6.80455947248078e-177,8.240768185203824e-159,1.3813621254404578e-230,0.0,0.0,4.227161530958795e-66,0.0,0.0,0.0,7.483840870638254e-170,0.0,0.0,0.0,1.941600606044666e-60,0.0,0.0,1.3884887169320885e-157,1.7060786222155351e-189,0.0,0.0,2.211547601690473e-223,4.010661159066663e-99,1.489204862201376e-238,0.0,0.0,4.36188692464337e-165,0.0,0.0,0.0,2.393823559435766e-121,0.0,0.0,0.0,4.433878004342798e-164,0.0,0.0,0.0,3.6471865783893794e-42,0.0,0.0,0.0,3.8753275900365755e-133,0.0,0.0,0.0,4.841066378664975e-131,0.0,0.0,1.08003e-319,0.010818694463988556,0.0,0.0,0.0,2.196468477028707e-33,0.0,0.0,0.0,7.00065006855935e-64,0.0,0.0,0.0,1.9067869255142544e-214,0.0,0.0,0.0,1.611406650914634e-258,0.0,0.0,3.098248410344335e-290,4.9480001245764696e-197,0.0,0.0,0.0,4.540032111679203e-68,0.0,0.0,0.0,2.0332667174107194e-163,0.0,0.0,0.0,4.7542234900400716e-163,0.0,0.0,1.7202256502061377e-160,0.0,0.0,0.0,0.0,8.487890976789465e-230,0.0,0.0,0.0,1.2221955784470658e-51,0.0,0.0,0.0,1.1211664716276987e-149,0.0,0.0,0.0,6.593812491852956e-81,0.0,0.0,0.0,3.67349759268542e-124,0.0,0.0,0.0,0.0,0.0,0.0,0.0,0.0102184427483303,0.0,0.0,0.0,1.759201852731841e-251,0.0,0.0,0.0,2.244798354332495e-68,0.0,0.0,0.0,0.0,0.0,0.0,0.0,1.8242657717748343e-232,0.0,0.0,0.0,7.847775499862193e-165,0.0,0.0,0.0,8.573531534467344e-281,0.0,0.0,0.0,0.0,0.0,0.0,0.0,7.043027851757918e-278,0.04092889915728536,0.0,0.0,2.1769219567592662e-203,0.010232224791119642,0.0,0.0,3.0627572445660085e-130,2.228377375311666e-47,0.0,0.0,0.0,0.0,0.0,0.0,1.8321220424661623e-208,0.0,0.0,0.0,0.0,0.0,0.0,0.0,0.0,0.0,0.0,0.0,0.0,0.0,0.0,0.0,0.0,0.0,0.0,0.0,4.949254943996846e-98,0.0,0.0,0.0,3.981296950796588e-217,0.0,0.0,0.0,9.780885143969987e-252,0.0,0.0,0.0,5.867417697493e-311,0.0,0.0,0.0,0.0,0.0,0.0,0.0,0.0,0.0,0.0,0.0,0.0,0.0,0.0,0.0,0.0,0.0,0.0,0.0,0.0,0.0,0.0,0.0,0.0,0.0,0.0,0.0,0.0,0.0,0.0,0.0,0.0,0.0,0.0,0.0,0.0,0.0,0.0,0.0,0.0,0.0,0.0,0.0,0.0,0.0,0.0,0.0,0.0,0.0,0.0,0.0,0.0,0.0,0.0,0.0,0.0,0.0,0.0,0.0,0.0,0.0,0.0,0.0,0.0,0.0,0.0,0.0,0.0
0.0,0.0,0.0,0.0,0.0,0.0,0.0,0.0,0.0,0.0,0.0,0.0,0.0,0.0,0.0,0.0,0.0,0.0,0.0,0.0,0.0,0.0,0.0,0.0,0.0,0.0,0.0,0.0,0.0,0.0,0.0,0.0,0.0,0.0,0.0,0.0,0.0,0.0,0.0,0.0,0.0,0.0,0.0,0.0,0.0,0.0,0.0,0.0,0.0,0.0,0.0,0.0,0.0,0.0,0.0,0.0,0.0,0.0,0.0,0.0,0.0,0.0,0.0,0.0,0.0,0.0,0.0,0.0,0.0,0.0,0.0,0.0,0.0,0.0,0.0,0.0,0.0,0.0,0.0,0.0,0.0,0.0,0.0,0.0,0.0,0.0,0.0,0.0,0.0,0.0,0.0,0.0,0.0,0.0,1.5826509072852831e-302,0.0,0.0,0.0,0.0,0.0,0.0,0.0,0.0,0.0,0.0,0.0,0.0,0.0,0.0,0.0,2.7723976841619203e-158,0.0,0.0,0.0,5.48877e-319,0.0,0.0,0.0,6.47402553354277e-310,0.0,0.0,0.0,0.0,0.0,0.0,0.0,2.8601677565087344e-161,0.0,0.0,0.0,4.03008207162844e-10,0.0,0.0,0.0,0.02083776054305938,0.0,0.0,0.0,7.831893589537919e-165,0.0,0.0,0.0,2.2468302133206126e-142,0.0,0.0,0.0,1.804011201174503e-105,0.0,0.0,0.0,5.26736310325359e-174,0.0,0.0,0.0,1.6635686603847915e-81,0.0,0.0,0.0,8.68259654300875e-123,0.0,0.0,0.0,2.429766526182041e-118,0.0,0.0,0.0,1.874106542390475e-148,0.0,0.0,0.0,1.0788e-319,0.0,0.0,0.0,3.0766585577290846e-72,0.0,0.0,0.0,4.6706806918578115e-181,0.0,0.0,0.0,1.8619673664907125e-246,0.0,0.0,0.0,9.89055635512894e-251,0.0,0.0,0.0,1.0503423951148994e-84,0.0,0.0,0.0,2.4477637996751252e-123,0.0,0.0,0.0,0.05347694301053784,0.0,0.0,0.0,2.6064872526712672e-79,0.0,0.0,0.0,1.8894103206292898e-235,0.0,0.0,0.0,4.2350376161035556e-102,0.0,0.0,0.0,0.0,0.0,0.0,0.0,0.12132904422029019,0.0,0.0,0.0,1.1403074053784334e-133,0.0,0.0,0.0,8.698781945869e-311,0.0,0.0,0.0,0.04737111595306696,0.0,0.0,0.0,1.1376288657288145e-51,0.0,0.0,0.0,1.1547668204390418e-18,0.0,0.0,0.0,2.1058511253173665e-20,0.0,0.0,0.0,0.14075858984303138,0.0,0.0,0.0,0.020809961853188282,0.0,0.0,0.0,0.10250298549744169,0.0,0.0,0.0,1.1995569764854288e-85,0.0,0.0,0.0,0.14174483933603418,0.0,0.0,0.0,0.022800531686570157,0.0,0.0,0.0,0.12356331018262745,0.0,0.0,0.0,0.12242937733618783,0.0,0.0,0.0,4.642234979826402e-152,0.0,0.0,0.0,1.0956968278520662e-54,0.0,0.0,0.0,0.08237554013495643,0.0,0.0,0.0,0.0,0.0,0.0,0.0,1.6508089896173896e-63,0.0,0.0,0.0,5.284821753853025e-207,0.0,0.0,0.0,0.0,0.0,0.0,0.0,0.0,0.0,0.0,0.0,0.0,0.0,0.0,0.0,2.4729322633341677e-227,0.0,0.0,0.0,1.7546903941148558e-112,0.0,0.0,0.0,0.0,0.0,0.0,4.1465279509002444e-51,0.0,0.0,0.0,9.837043228845856e-284,0.0,0.0,0.0,0.0,0.0,0.0,0.0,0.0,0.0,0.0,0.0,0.0,0.0,0.0,0.0,0.0,0.0
0.0,0.0,0.0,0.0,0.0,0.0,0.0,0.0,0.0,0.0,0.0,0.0,0.0,0.0,0.0,0.0,0.0,0.0,0.0,0.0,0.0,0.0,0.0,0.0,0.0,1.5278647309535083e-247,0.0,0.0,0.0,6.623212377155544e-84,0.0,0.0,0.0,2.7343799708350818e-182,0.0,0.0,0.0,2.9786142144404155e-104,0.0,0.0,0.0,6.281666393822637e-213,0.0,0.0,0.0,0.04980682018123973,0.0,0.0,0.0,1.4089714379065905e-96,0.0,0.0,0.0,7.236834367889998e-80,0.0,0.0,0.0,1.355084447171972e-7,0.0,0.0,0.0,3.586802013291834e-48,0.0,0.0,0.0,8.298321768492515e-31,0.0,0.0,0.0,2.0933435790471678e-86,0.0,0.0,0.0,0.03243676437265693,0.0,0.0,0.0,0.07209356142635706,0.0,0.0,0.0,2.5544259265428482e-89,0.0,0.0,0.0,4.1930235510858455e-45,0.0,0.0,0.0,1.0271108802940553e-59,0.0,0.0,0.0,0.04743296402578909,0.0,0.0,0.0,9.097983522177633e-19,0.0,0.0,0.0,0.05978620207355691,0.0,0.0,0.0,9.939040696551086e-37,0.0,0.0,0.0,0.05694078096483334,0.0,0.0,0.0,1.5911450413584941e-140,0.0,0.0,0.0,6.242911236976148e-76,0.0,0.0,0.0,4.651729742087695e-98,0.0,0.0,0.0,1.0586267193074411e-139,0.0,0.0,0.0,4.149354377200504e-94,0.0,0.0,0.0,3.0657218697147538e-83,0.0,0.0,0.0,0.07774534823361183,0.0,0.0,0.0,3.7093822509611876e-143,0.0,0.0,0.0,3.825167608806039e-9,0.0,0.0,0.0,2.444805502913479e-35,0.0,0.0,0.0,1.6511885344235408e-17,0.0,0.0,0.0,4.470268695165866e-34,0.0,0.0,0.0,3.436946102076661e-209,0.0,0.0,0.0,1.248786137878697e-22,0.0,0.0,0.0,0.1672458988647029,0.0,0.0,0.0,3.2887212880842184e-172,0.0,0.0,0.0,7.4588786958725e-140,0.0,0.0,0.0,1.721868546537955e-213,0.0,0.0,0.0,8.285078255471136e-195,0.0,0.0,0.0,1.0625957003696714e-111,1.4811830841159606e-179,0.0,0.0,0.11119558962174254,0.0,0.0,0.0,6.313625482650476e-79,0.0,0.0,0.0,0.021874703612863856,0.0,0.0,0.0,1.6545917663385165e-239,0.0,0.0,0.0,1.0602362943133402e-66,0.0,0.0,0.0,8.910782631051548e-166,0.0,0.0,0.0,6.155947293811898e-78,0.0,0.0,0.0,0.0,0.0,0.0,0.0,6.913568315534603e-281,0.0,0.0,0.0,3.927091321903166e-28,0.0,0.0,0.0,7.352705489423721e-48,0.0,0.0,0.0,1.851797809881077e-101,0.0,0.0,0.0,1.2899921535312572e-23,0.0,0.0,0.0,2.4482383055006402e-29,0.0,0.0,0.0,1.5816226330452094e-80,0.0,0.0,0.0,2.4223684638883158e-57,0.0,0.0,0.0,0.032195641491240136,1.4078886069592077e-182,0.0,0.0,1.0279059728289374e-98,0.0,0.0,0.0,0.0,0.0,0.0,0.0,5.071210821318432e-207,0.0,0.0,0.0,0.1441136927257742,0.0,0.0,0.0,2.854393032223699e-29,0.0,0.0,0.0,2.535219447051834e-55,0.0,0.0,0.0,3.105979156047054e-69,0.0,0.0,0.0,2.432261712168541e-90,0.0,0.0,0.0,0.0,0.0,0.0,0.0,0.04401545517727284,0.0,0.0,0.0,0.0,0.0,0.0,0.0,0.0,0.0,0.0,0.0,0.08311643789474625,0.0,0.0,0.0,1.5072957264172327e-105,0.0,0.0,0.0,1.1646184403453365e-190,0.0,0.0,0.0,0.0,0.0,0.0,1.36005778033325e-81,0.0,0.0,0.0,8.838034636987315e-160,0.0,0.0,0.0,0.0,0.0,0.0,0.0,0.0,0.0,0.0,0.0,0.0,0.0,0.0,0.0,0.0,0.0,0.0
0.0,0.0,0.0,0.0,0.0,0.007605772799271396,3.79344587449765e-104,0.0,1.8759780280750995e-139,0.020282060798057056,0.0,0.0,0.0,0.02535257599757132,8.435171322225769e-157,0.0,5.060430489036935e-239,0.013148283511207764,0.0,0.0,1.3328300518485665e-143,0.022811624909472854,0.0,0.0,0.0,0.026043490045514903,0.0,0.0,4.3523402336143995e-103,0.025180605170664984,2.2265487715550415e-68,0.0,5.746805103061736e-133,0.141974425572697,1.0865558394799937e-136,0.0,5.0231617257678814e-197,0.5547025700913619,1.485742623412819e-140,0.0,6.51118809951154e-137,0.02381452310942905,3.5670383930145045e-216,0.0,5.08720252518375e-120,0.030502443066258298,1.7691459591309095e-143,0.0,3.6073257050838325e-105,0.02642298130715155,8.862430419243265e-205,0.0,6.39707522765325e-198,0.03318030371709412,3.236677222429509e-227,0.0,2.6689590250237485e-151,0.021620415102913976,3.1911140891239853e-109,0.0,0.0,0.018399242158719548,3.4333000125965225e-192,0.0,3.278665629139316e-147,0.006358132688883576,2.0408270684445113e-297,0.0,0.0,3.6338158429320156e-53,0.0,0.0,2.861578965159916e-272,1.1429181975849025e-56,0.0,0.0,0.0,1.5678438109043415e-52,0.0,0.0,1.3961163612e-313,3.688780563314325e-61,0.0,0.0,0.0,3.5253456733898883e-62,3.1539557527086784e-175,0.0,0.0,2.7449945935246393e-7,1.14e-321,0.0,0.0,6.282744184528248e-90,1.7184221288979168e-241,0.0,0.0,4.227776447073607e-88,0.0,0.0,0.0,6.200500924235047e-91,1.5829765867347377e-208,0.0,0.0,1.2129410794921207e-92,0.0,0.0,0.0,2.3578533029544573e-88,0.0,0.0,0.0,1.149388790289878e-85,0.0,0.0,2.309273948196754e-232,1.7009676395439533e-39,0.0,0.0,0.0,1.197817535217278e-57,0.0,0.0,1.2847823695743932e-9,9.84556520623284e-88,0.0,0.0,0.0,4.0852173480166384e-166,0.0,0.0,0.0,4.3829490671172984e-75,0.0,0.0,0.0,4.248423084471825e-99,0.0,0.0,0.0,2.766710808123699e-208,1.3895728377619613e-228,0.0,0.0,1.5689266527657884e-281,0.0,0.0,0.0,2.062630847178622e-17,0.0,0.0,0.0,1.4316517418058182e-217,0.0,0.0,0.0,1.9789285077088817e-124,0.0,0.0,0.0,4.0060070324988856e-207,0.0,0.0,0.0,0.0025983722841122544,0.0,0.0,0.0,0.0,0.0,0.0,0.0,1.9018853767102768e-6,0.0,0.0,0.0,2.363075279429804e-287,0.0,0.0,0.0,0.0,0.0,0.0,0.0,0.0,0.0,0.0,0.0,3.875539201418618e-152,0.0,0.0,0.0,2.5384464714970284e-222,0.0,0.0,0.0,4.393374309168921e-115,0.0,0.0,0.0,0.0,0.0,0.0,0.0,1.3661253290100048e-88,0.0,0.0,0.0,7.653905173973064e-222,0.0,0.0,0.0,0.0,0.0,0.0,0.0,1.0312473535696693e-148,0.0,0.0,0.0,2.9367451609256857e-126,0.0,0.0,0.0,2.370446593939607e-176,0.0,0.0,0.0,0.0,0.0,0.0,0.0,4.443988834100482e-219,0.0,0.0,0.0,9.419003712574236e-225,0.0,0.0,0.0,2.6169684697449633e-162,0.0,0.0,0.0,3.3670456467642604e-190,0.0,0.0,0.0,0.0,0.0,0.0,0.0,9.723205359018324e-63,0.0,0.0,0.0,0.0,0.0,0.0,0.0,0.0,0.0,0.0,0.0,1.0324915326891411e-107,0.0,0.0,0.0,2.7459392831265672e-210,0.0,0.0,0.0,5.684788549104375e-64,0.0,0.0,0.0,0.0,0.0,0.0,0.0,5.311014167329629e-175,0.0,0.0,0.0,1.593680830270046e-309,0.0,0.0,0.0,0.0,0.0,0.0,0.0,0.0,0.0,0.0,0.0,0.0,0.0,0.0,0.0,0.0,0.0,0.0,0.0,5.034149558795841e-186,0.0,0.0,0.0,0.0,0.0,0.0,0.0,0.0,0.0,0.0,0.0,0.0,0.0,0.0,0.0,0.0,0.0,0.0,0.0,0.0,0.0,0.0,0.0,0.0,0.0,0.0,0.0,0.0,0.0,0.0,0.0,3.252290290634062e-157,0.0,0.0,0.0,0.0,0.0,0.0,0.0,0.0,0.0
0.0,0.0,0.0,0.0,0.0,0.0,0.0,0.0,0.0,0.0,0.0,0.0,0.0,0.0,1.332677069058226e-117,0.0,0.0,0.0,0.0,0.0,0.0,0.0,4.672521868663675e-266,0.0,0.0,0.0,1.6885224170160936e-90,0.0,0.0,0.0,0.00505272662849721,0.0,0.0,0.0,2.247992449132281e-205,0.0,0.0,0.0,6.104583574603204e-81,0.0,0.0,0.0,3.075009896745511e-162,0.0,0.0,0.0,2.0633523901263453e-90,0.0,0.0,0.0,3.6411618952313225e-78,0.0,0.0,0.0,0.016863710627685675,1.8091269520230205e-259,0.0,0.0,0.003102077562064653,0.0,0.0,0.0,0.027003880094805296,5.920125766618282e-107,0.0,0.0,7.369272313344897e-40,0.0,0.0,1.9013585696699046e-297,1.6728349067449788e-15,4.40837374621145e-103,0.0,3.648303542338363e-295,0.02330763241413239,8.593027252127577e-156,0.0,2.646730905324419e-136,0.1843158208785943,3.4495948642824305e-168,0.0,6.696964836570374e-124,0.10406063749336482,2.0278033477311806e-113,0.0,1.4139639086242223e-164,0.0360078508681856,8.854358747838961e-76,0.0,3.176981594432986e-220,0.09931828085386747,5.354416818067654e-195,0.0,1.4502797141019225e-275,0.10474508012230309,4.218865351624571e-96,0.0,0.0,0.03196614047638633,4.916048309792765e-116,0.0,0.0,0.04112975526668384,3.7539325001609646e-115,0.0,8.870200736294345e-92,0.06485968752655584,1.0724753385611786e-83,0.0,0.0,0.07301090219532919,9.506139429514324e-137,0.0,2.5760081145544277e-250,0.060891115659883456,9.613215757187436e-146,0.0,0.0,0.08687451381716292,7.173111583294032e-152,0.0,5.763436866400195e-228,1.912762353291665e-10,5.948612890714972e-189,0.0,0.0,6.296031198736434e-40,3.6133706500278123e-168,0.0,0.0,0.019486745582726946,0.0,0.0,0.0,1.9089536716488767e-8,5.0e-324,0.0,0.0,1.414278604210655e-11,0.0,0.0,0.0,8.560471387534646e-74,2.2185032685383763e-292,0.0,0.0,6.876873456620811e-31,0.0,0.0,0.0,4.322041645969487e-11,0.0,0.0,0.0,2.839251638315626e-80,0.0,0.0,0.0,6.182207597029965e-58,0.0,0.0,0.0,4.401631611392995e-89,0.0,0.0,0.0,0.00026499205097402434,0.0,0.0,0.0,1.2995756311149178e-68,2.0157142422274806e-125,0.0,0.0,0.0068520908142975425,0.0,0.0,0.0,3.66909691683977e-65,0.0,0.0,4.307678438825335e-81,1.9268585928817824e-95,0.0,0.0,0.0,8.502115236282356e-208,0.0,0.0,0.0,1.2584470490956585e-14,0.0,0.0,0.0,1.554458931051858e-149,0.0,0.0,0.0,2.410900565600426e-114,0.0,0.0,0.0,3.474151209335416e-111,0.0,0.0,0.0,2.2799013245593628e-177,0.0,0.0,0.0,4.490264619634238e-72,0.0,0.0,0.0,3.608297592361908e-134,0.0,0.0,0.0,2.939635071092342e-121,5.49251524282795e-253,0.0,0.0,4.590660441361203e-100,0.0,0.0,0.0,2.5514566918225025e-299,0.0,0.0,0.0,2.1438574516292893e-89,1.001834001642939e-175,0.0,0.0,0.004054724221925499,0.0,0.0,0.0,0.0037108822679171477,1.0109301693334522e-169,0.0,0.0,1.3897227166901728e-237,0.0,0.0,0.0,2.877066749966459e-26,1.8230134885107383e-188,0.0,0.0,6.4869278534221376e-229,0.0,0.0,0.0,7.624996110310519e-168,0.0,0.0,0.0,7.539595889966933e-199,0.0,0.0,0.0,3.2530406746015746e-284,0.0,0.0,0.0,8.021902823089156e-73,0.0,0.0,0.0,6.879363348524223e-91,0.0,0.0,0.0,0.0,0.0,0.0,0.0,0.0,0.0,0.0,0.0,0.0,0.0,0.0,0.0,0.0031207332384663106,0.0,0.0,0.0,0.0,0.0,0.0,0.0,9.588478572413214e-237,0.0,0.0,0.0,1.328935849012124e-262,0.0,0.0,0.0,0.0,0.0,0.0,0.0,0.0,0.0,0.0,0.0,0.0,0.0,0.0,0.0,0.0,0.0,0.0,0.0,0.0,0.0,0.0,0.0,0.0,0.0,0.0,1.071616699962546e-277,0.0,0.0,0.0,0.0,0.0,0.0,0.0,0.0,0.0,0.0,0.0,0.0,0.0,0.0,0.0,0.0,0.0,0.0,0.0,0.0,0.0
0.0,0.0,0.0,0.0,0.0,0.0,0.0,0.0,1.835446803655941e-64,0.0,0.0,2.1557480954138375e-87,0.0,0.0,0.0,0.0,1.2309190280870637e-164,0.0,0.0,0.0,2.705237421271861e-179,0.0,0.0,0.0,2.5847854046969193e-23,0.0,0.0,0.0,7.063891434362227e-110,0.0,0.0,0.0,0.00017080317921827048,3.1753724071080926e-267,0.0,1.914975682012424e-82,0.9738365874005451,3.7037585844020835e-302,0.0,4.816603675879561e-173,0.013575169329381121,0.0,0.0,0.0,0.005967275261025673,0.0,0.0,1.6839976390293873e-204,4.092598062665157e-64,0.0,0.0,0.0,1.008691154688229e-70,1.4597862079588762e-100,0.0,2.594705910002304e-130,0.002553623204740491,0.0,0.0,0.0,0.0038965416250895378,0.0,0.0,6.6064401294684775e-115,3.9327368198223404e-53,0.0,0.0,5.351070202306155e-238,2.0561121838388458e-85,0.0,0.0,5.228251907791427e-282,4.385381516797209e-67,0.0,0.0,2.7201434421551964e-284,9.501393133421537e-143,0.0,0.0,0.0,1.1475504033257029e-73,0.0,0.0,0.0,0.0,0.0,0.0,0.0,2.6796111321736613e-71,0.0,0.0,0.0,3.0274971018944956e-103,0.0,0.0,0.0,0.0,0.0,0.0,0.0,1.656708979812028e-272,0.0,0.0,0.0,0.0,0.0,0.0,0.0,5.742649318154836e-261,0.0,0.0,0.0,9.22174446013868e-83,0.0,0.0,0.0,0.0,0.0,0.0,0.0,0.0,0.0,0.0,0.0,0.0,0.0,0.0,0.0,4.0077877571688435e-234,0.0,0.0,0.0,0.0,0.0,0.0,0.0,7.9844713473025535e-199,0.0,0.0,0.0,0.0,0.0,0.0,0.0,0.0,0.0,0.0,0.0,0.0,0.0,0.0,0.0,0.0,0.0,0.0,0.0,0.0,0.0,0.0,0.0,0.0,0.0,0.0,0.0,0.0,0.0,0.0,0.0,0.0,0.0,0.0,0.0,0.0,0.0,0.0,0.0,0.0,0.0,0.0,0.0,0.0,0.0,0.0,0.0,0.0,0.0,0.0,0.0,5.578241071444224e-138,0.0,0.0,0.0,0.0,0.0,0.0,0.0,0.0,0.0,0.0,0.0,0.0,0.0,0.0,0.0,0.0,0.0,0.0,0.0,0.0,0.0,0.0,0.0,0.0,0.0,0.0,0.0,0.0,0.0,0.0,0.0,0.0,0.0,0.0,0.0,0.0,0.0,0.0,0.0,0.0,0.0,0.0,0.0,0.0,0.0,0.0,0.0,0.0,0.0,0.0,0.0,0.0,0.0,0.0,0.0,0.0,0.0,0.0,0.0,0.0,0.0,0.0,0.0,0.0,0.0,0.0,0.0,0.0,0.0,0.0,0.0,0.0,0.0,0.0,0.0,0.0,0.0,0.0,0.0,0.0,0.0,0.0,0.0,0.0,0.0,0.0,0.0,0.0,0.0,0.0,0.0,0.0,0.0,0.0,0.0,0.0,0.0,0.0,0.0,0.0,0.0,0.0,0.0,0.0,0.0,0.0,0.0,0.0,0.0,0.0,0.0,0.0,0.0,0.0,0.0,0.0,0.0,0.0,0.0,0.0,0.0,0.0,0.0,0.0,0.0,0.0,0.0,0.0,0.0,0.0,0.0,0.0,0.0,0.0,0.0,0.0,0.0,0.0,0.0,0.0,0.0,0.0,0.0,0.0,0.0,0.0,0.0,0.0,0.0,0.0,0.0,0.0,0.0,0.0,0.0,0.0,0.0,0.0
0.0,0.0,0.0,0.0,0.0,0.0,0.0,0.0,0.0,0.0,0.0,0.0,0.0,0.0,0.0,0.0,0.0,0.0,0.0,0.0,0.0,0.0,0.0,0.0,0.0,0.0,0.0,0.0,0.0,0.0,0.0,4.3449253069363155e-259,0.0,0.0,0.0,0.0,0.0,0.0,0.0,4.910975384370386e-137,0.0,0.0,0.0,3.315e-321,0.0,0.0,0.0,4.030589741988518e-37,0.0,0.0,0.0,1.9755064300852175e-224,0.0,0.0,0.0,3.4922583742758455e-84,0.0,0.0,0.0,4.8077033771001714e-148,0.0,0.0,0.0,3.5516917507817967e-144,0.0,0.0,0.0,5.550866172992688e-124,0.0,0.0,0.0,3.2845958200686813e-47,0.0,0.0,0.0,4.837192959816069e-223,0.0,0.0,0.0,2.3626710335334295e-101,0.0,0.0,0.0,8.360534567773567e-27,0.0,0.0,0.0,9.091347324578136e-40,0.0,0.0,5.340502355353454e-295,7.03273456124561e-93,0.0,0.0,0.0,9.776936415571068e-10,0.0,0.0,0.0,1.8537796676247858e-44,0.0,0.0,2.436e-321,2.9991354151596334e-58,0.0,0.0,1.278863320290155e-306,4.610868382813326e-42,0.0,0.0,0.0,6.963187038417645e-35,0.0,0.0,0.0,4.62265094828623e-9,0.0,0.0,0.0,4.484573441115419e-71,0.0,0.0,0.0,0.6307767748874417,0.0,0.0,0.0,9.673015424074383e-85,0.0,0.0,0.0,5.147912389604707e-18,0.0,0.0,0.0,1.9569673370365654e-23,0.0,0.0,0.0,6.876525060782587e-110,0.0,0.0,0.0,4.203043594120561e-78,0.0,0.0,0.0,6.355169404461108e-160,0.0,0.0,0.0,0.1533925118679596,0.0,0.0,0.0,0.06163730163744102,0.0,0.0,0.0,1.3074291505021716e-90,0.0,0.0,0.0,2.3909234306099165e-171,0.0,0.0,0.0,5.030555402244793e-51,0.0,0.0,0.0,5.255782183384168e-118,0.0,0.0,0.0,6.723091677482857e-52,0.0,0.0,0.0,1.3031919687949183e-100,0.0,0.0,0.0,2.638541257578072e-88,0.0,0.0,0.0,3.9992072854053174e-232,0.0,0.0,0.0,7.960850464102528e-188,0.0,0.0,0.0,0.0,0.0,0.0,0.0,0.0,0.0,0.0,0.0,6.407967756355697e-305,0.0,0.0,0.0,0.0,0.0,0.0,0.0,0.0,0.0,0.0,0.0,1.5562238085412884e-167,0.0,0.0,0.0,0.0,0.0,0.0,0.0,0.0,0.0,0.0,0.0,0.0,0.0,0.0,0.0,0.0,0.0,0.0,0.0,0.0,0.0,0.0,0.0,0.0,0.0,0.0,0.0,0.030838681201362607,0.0,0.0,0.0,0.0,0.0,0.0,0.0,0.0,0.0,0.0,0.0,0.0,0.0,0.0,0.0,0.0,0.0,0.0,0.0,0.030838681201362607,0.0,0.0,0.0,0.0,0.0,0.0,0.0,0.0,0.0,0.0,0.0,0.0,0.0,0.0,0.0,0.030838681201362607,0.0,0.0,0.0,0.0,0.0,0.0,0.0,0.0,0.0,0.0,0.0,0.0,0.0,0.0,0.0,0.0,0.0,0.0,0.0,0.0,0.0,0.0,0.0,0.0,0.0,0.0,0.0,0.030838681201362607,0.0,0.0,0.0,0.0,0.0,0.0,0.0,0.030838681201362607,0.0,0.0,0.0,0.0,0.0,0.0,0.0,0.0,0.0,0.0,0.0,0.0,0.0,0.0,0.0,0.0,0.0,0.0,0.0,0.0,0.0,0.0,0.0,0.0,0.0,0.0,0.0,0.0,0.0,0.0,0.0
0.0,0.0,0.0,0.0,0.0,0.0,0.0,0.0,0.0,0.0,0.0,0.0,0.0,0.0,0.0,0.0,0.0,0.0,0.0,0.0,0.0,0.0,0.0,0.0,0.0,0.0,0.0,0.0,0.0,0.0,0.0,0.0,0.0,0.0,0.0,0.0,0.0,0.0,0.0,0.0,0.0,0.0,0.0,0.0,0.0,0.0,0.0,0.0,0.0,0.0,0.0,0.0,0.0,0.0,0.0,0.0,0.0,0.0,0.0,0.0,0.0,0.0,0.0,0.0,0.0,0.0,0.0,0.0,0.0,0.0,0.0,0.0,0.0,0.0,0.0,0.0,0.0,0.0,0.0,0.0,0.0,0.0,0.0,0.0,0.0,0.0,0.0,0.0,0.0,0.0,0.0,0.0,0.0,0.0,0.0,0.0,0.0,0.0,0.0,0.0,0.10831924148291057,0.0,0.0,0.0,0.0,0.0,0.0,0.0,0.0,0.06388680634373767,0.0,0.0,0.0,0.0,0.0,0.0,0.0,0.0,0.0,0.0,0.0,0.0,0.0,0.0,0.06349615174536496,0.0,0.0,0.0,0.06388680634372226,0.06388153225144655,0.0,0.0,0.0,0.0,0.0,0.0,0.0,0.0,0.0,0.0,0.0,0.0638867978028561,0.0,0.0,0.0,0.0,0.0,0.0,0.06388679057998291,0.0,0.0,0.0,0.0,0.06374439244351614,0.0,0.0,0.0,0.0,0.0,0.0,0.0,0.0,0.0,0.0,0.0,0.0,0.0,0.0,0.0,0.0,0.0,0.0,0.0,0.0,0.0,0.0,0.0,0.0,0.0,0.0,0.0,0.06388451155472408,0.0,0.0,0.0,0.1272219319962855,0.0,0.0,0.0,0.0,0.0,0.0,0.0,0.0,0.0,0.0,0.0,0.0,0.0,0.0,0.0,0.0,0.0,0.0,0.0,0.0,0.0,0.0,0.0,0.0,0.0,0.0,0.0,0.0,0.0,0.0,0.0,0.0,0.0,0.0,0.0,0.0,0.0,0.0,0.0,0.0,0.0,0.0,0.0,0.0,0.0,0.0,0.0,0.06387173385881868,0.0,0.0,0.06266158550921233,0.0,0.0,0.0,0.0,0.0,0.0,0.0,0.0,0.0,0.0,0.0,0.0,0.0,0.0,0.0,0.0,0.0,0.0,0.0,0.0,0.0,0.0,0.0,0.0,0.0,0.0,0.0,0.0,0.0,0.0,0.0,0.0,0.0,0.0,0.0,0.0,0.0,0.0,0.0,0.0,0.0,0.0,0.0,0.0,0.0,0.0,0.0,0.0,0.0,0.0,0.0,0.0,0.0,0.0,0.0,0.0,0.0,0.0,0.0,0.0,0.0,0.0,0.0,0.0,0.0,0.0,0.0,0.0,0.1273717180874223,0.0,0.0,0.0,0.0,0.0,0.0,0.0,0.0,0.0,0.0,0.0,0.0,0.0,0.0,0.0,0.0,0.0,0.0,0.0,0.0,0.0,0.0,0.0,0.0,0.0,0.0,0.0,0.0,0.0,0.0,0.0,0.0,0.0,0.0,0.0,0.0,0.0,0.0,0.0,0.0,0.0
0.0,0.0,0.0,0.0,0.0,0.0,0.0,0.025991280114316215,0.0,0.0,0.0,0.01528898830253895,0.0,0.0,0.0,0.00917339298152337,0.0,0.0,0.0,0.007644494151269475,0.0,0.0,0.0,0.013760089472285056,0.0,0.0,0.0,0.01528898830253895,6.649503085845857e-122,0.0,0.0,0.027515142131129613,0.0,0.0,6.294785603461484e-239,0.4647852443971814,5.969119150275918e-128,0.0,3.4321727534577464e-199,0.39510799948622755,3.9472783818585156e-150,0.0,0.0,0.0014517012772278855,2.4647433776940505e-111,0.0,0.0,0.0005324449280245733,9.731736602608104e-150,0.0,0.0,2.1104145761094298e-15,1.8382100764583332e-146,0.0,0.0,0.009241183160248854,2.4508355565188164e-83,0.0,0.0,0.011922535688931158,2.4494591273077702e-166,0.0,0.0,0.0007594842613935692,1.671391354099391e-166,0.0,0.0,8.132521728388473e-6,7.0e-323,0.0,0.0,4.480025326232322e-77,2.1219112125354327e-289,0.0,0.0,2.6533100378480697e-83,0.0,0.0,0.0,2.680877644248921e-63,0.0,0.0,0.0,2.0839892250985875e-96,0.0,0.0,0.0,3.3400018233293774e-84,0.0,0.0,0.0,3.6449116451181335e-200,0.0,0.0,0.0,8.123987372409246e-130,0.0,0.0,0.0,3.337986882442156e-180,0.0,0.0,0.0,1.0668916202449952e-194,0.0,0.0,0.0,0.0,0.0,0.0,0.0,1.0398246961650561e-131,0.0,0.0,0.0,7.974837528819341e-92,0.0,0.0,0.0,1.9995716814286657e-57,0.0,0.0,0.0,2.71089058892193e-128,0.0,0.0,0.0,3.726562575405845e-100,0.0,0.0,0.0,8.952405373438633e-134,0.0,0.0,0.0,0.0,0.0,0.0,0.0,1.0851754026994172e-84,0.0,0.0,0.0,0.0,0.0,0.0,0.0,0.0,0.0,0.0,0.0,2.5948816133059245e-233,0.0,0.0,0.0,1.1277080838956136e-224,0.0,0.0,0.0,4.673878733901084e-142,0.0,0.0,0.0,9.973106161864397e-212,0.0,0.0,0.0,1.6708057331771752e-224,0.0,0.0,0.0,0.0,0.0,0.0,0.0,0.0,0.0,0.0,0.0,1.0584841069266696e-221,0.0,0.0,0.0,0.0,0.0,0.0,0.0,0.0,0.0,0.0,0.0,0.0,0.0,0.0,0.0,0.0,0.0,0.0,0.0,0.0,0.0,0.0,0.0,0.0,0.0,0.0,0.0,0.0,0.0,0.0,0.0,0.0,0.0,0.0,0.0,0.0,0.0,0.0,0.0,0.0,0.0,0.0,0.0,0.0,0.0,0.0,0.0,0.0,0.0,0.0,0.0,0.0,0.0,0.0,0.0,0.0,0.0,0.0,0.0,0.0,0.0,0.0,0.0,0.0,0.0,0.0,0.0,0.0015288988234329645,0.0,0.0,0.0,0.0,0.0,0.0,0.0,0.0,0.0,0.0,0.0,0.0,0.0,0.0,0.0,0.0,0.0,0.0,0.0,0.0,0.0,0.0,0.0,0.0,0.0,0.0,0.0,0.0,0.0,0.0,0.0,0.0,0.0,0.0,0.0,0.0,0.0,0.0,0.0,0.0,0.0,0.0,0.0,0.0,0.0,0.0,0.0,0.0,0.0,0.0,0.0,0.0,0.0,0.0,0.0,0.0,0.0,0.0,0.0,0.0,0.0,0.0,0.0,0.0,0.0,0.0,0.0,0.0,0.0,0.0,0.0,0.0,0.0,0.0,0.0,0.0,0.0,0.0,0.0,0.0,0.0,0.0,0.0,0.0,0.0,0.0,0.0,0.0,0.0,0.0,0.0,0.0,0.0,0.0,0.0,0.0,0.0,0.0,0.0
0.0,0.0,0.0,0.0,0.0,0.0,0.0,9.140100493222618e-115,0.0,0.0,0.0,8.557630474362789e-71,0.0,0.0,0.0,1.1081716933197212e-147,0.0,0.0,0.0,1.3235835722895574e-29,0.0,0.0,0.0,1.2207422431022521e-117,0.0,0.0,0.0,4.1022346882215016e-36,0.0,0.0,0.0,5.3913200378791836e-30,0.0,0.0,0.0,1.0014282180905953e-14,1.8043845158083151e-180,0.0,0.0,0.019974894283140185,1.4121107697191732e-273,0.0,0.0,0.07962712935555596,0.0,0.0,0.0,0.14336937446900225,1.2246493121800074e-170,0.0,0.0,0.0758307708770867,4.184938895309933e-188,0.0,0.0,0.04976769834286093,4.9265146004645906e-238,0.0,0.0,0.05441995495772676,3.3314129833006184e-168,0.0,0.0,0.11341835017106076,0.0,0.0,6.589290253942259e-222,0.1870564208355625,5.196332740733952e-173,0.0,0.0,1.109082148269746e-8,2.439399362560789e-184,0.0,0.0,0.244664319990109,1.0273897321138004e-146,0.0,9.197143723898257e-299,0.00828124680507859,0.0,0.0,0.0,1.0925844019515451e-41,0.0,0.0,0.0,0.005367406745937337,0.0,0.0,0.0,1.4471231134149945e-18,0.0,0.0,0.0,1.9976300530967472e-10,1.9562655656555743e-140,0.0,8.351627290966688e-237,1.9963040709160884e-128,0.0,0.0,0.0,4.5489172428292305e-73,0.0,0.0,1.7075760988309768e-262,5.169489832037507e-156,0.0,0.0,0.0,2.0761917696730422e-88,0.0,0.0,0.0,3.607991412908252e-56,0.0,0.0,0.0,2.0092142740037624e-105,0.0,0.0,0.0,3.9124494910915906e-47,0.0,0.0,0.0,5.329193067086088e-98,0.0,0.0,0.0,5.125576496196055e-96,0.0,0.0,0.0,3.9460833729438166e-141,0.0,0.0,0.0,0.018222421876284388,0.0,0.0,0.0,1.086512673779528e-236,0.0,0.0,0.0,0.0,0.0,0.0,0.0,2.7624397876671913e-183,0.0,0.0,0.0,1.2545363786364267e-120,0.0,0.0,0.0,8.878950689253928e-21,0.0,0.0,0.0,1.520845558170978e-64,0.0,0.0,6.428763062842912e-256,2.4958061641015842e-79,0.0,0.0,0.0,1.0389023555658467e-239,0.0,0.0,0.0,1.0302622196242868e-84,0.0,0.0,0.0,1.772492383595986e-214,0.0,0.0,0.0,0.0,0.0,0.0,0.0,0.0,0.0,0.0,0.0,0.0,0.0,0.0,0.0,0.0,0.0,0.0,0.0,0.0,0.0,0.0,0.0,0.0,0.0,0.0,0.0,0.0,0.0,0.0,0.0,0.0,0.0,0.0,0.0,1.3139070382459568e-168,0.0,0.0,0.0,0.0,0.0,0.0,0.0,0.0,0.0,0.0,0.0,0.0,0.0,0.0,0.0,0.0,0.0,0.0,0.0,2.9527722725038204e-286,0.0,0.0,0.0,0.0,0.0,0.0,1.6770690326486604e-241,0.0,0.0,0.0,0.0,1.1691587839073665e-178,0.0,0.0,0.0,0.0,0.0,0.0,0.0,0.0,0.0,0.0,0.0,0.0,0.0,0.0,0.0,0.0,0.0,0.0,0.0,0.0,0.0,0.0,0.0,0.0,0.0,0.0,0.0,0.0,0.0,0.0,0.0,0.0,0.0,0.0,0.0,0.0,0.0,0.0,0.0,0.0,0.0,0.0,0.0,0.0,0.0,0.0,0.0,0.0,0.0,0.0,0.0,0.0,0.0,0.0,0.0,0.0,0.0,0.0,0.0,0.0,0.0,0.0,0.0,0.0,0.0,0.0,0.0,0.0,0.0,0.0,0.0,0.0,0.0,0.0,0.0,0.0,0.0,0.0,0.0,0.0,0.0,0.0,0.0,0.0,0.0,0.0,0.0,0.0,0.0,0.0,0.0,0.0,0.0,0.0,0.0,0.0,0.0,0.0,0.0
0.0,0.0,0.0,0.0,0.0,0.0,0.03614930385858616,0.0,0.0,0.0,6.985428138886141e-36,0.0,0.0,0.0,0.11930940546594541,0.0,0.0,0.0,0.11347166146188288,0.0,0.0,0.0,7.061520887124211e-19,0.0,0.0,0.0,0.060901560862102765,0.0,0.0,0.0,4.699385853915678e-191,0.0,0.0,0.0,0.172430064282815,0.0,0.0,0.0,3.857596056992661e-24,7.081954828624282e-273,0.0,0.0,6.066931265215418e-113,0.0,0.0,0.0,0.185053451239442,0.0,0.0,0.0,0.002745631210268251,0.0,0.0,0.0,0.04731309945143295,0.0,0.0,0.0,1.8050270019750987e-204,0.0,0.0,0.0,3.2750036048056366e-208,0.0,0.0,0.0,4.1319550978323395e-97,0.0,0.0,0.0,6.865597886198801e-118,0.0,0.0,0.0,2.3434464854875777e-174,0.0,0.0,0.0,0.03349221757195051,0.0,0.0,0.0,5.764313714012858e-270,0.0,0.0,0.0,0.0,0.0,0.0,0.0,0.0,0.0,0.0,0.0,2.747169849063308e-171,0.0,0.0,0.0,2.0265229051781586e-64,0.0,0.0,0.0,0.0,0.0,0.0,0.0,4.464252271846937e-192,0.0,0.0,0.0,1.172458437290823e-256,0.0,0.0,0.0,1.9245606152600507e-260,0.0,0.0,0.0,0.0,0.0,0.0,0.0,1.3851013910811334e-61,0.0,0.0,0.0,2.6519983566073954e-136,0.0,0.0,0.0,0.0,0.0,0.0,0.0,0.0,0.0,0.0,0.0,4.01473498484391e-288,0.0,0.0,0.0,9.344399773004726e-289,0.0,0.0,0.0,3.290064761836168e-220,0.0,0.0,0.0,2.5026561496524115e-237,0.0,0.0,0.0,4.889900619808105e-228,0.0,0.0,0.0,6.936326746505078e-256,0.0,0.0,0.0,0.06383170716323198,0.0,0.0,0.0,0.0,0.0,0.0,0.0,0.0,0.0,0.0,0.0,0.0,0.0,0.0,0.0,0.0,0.0,0.0,0.0,0.033071804920901025,0.0,0.0,0.0,0.0,0.0,0.0,0.0,0.0,0.0,0.0,0.0,0.0,0.0,0.0,0.0,1.4609754313130621e-282,0.0,0.0,0.0,0.0,0.0,0.0,0.0,0.0,0.0,0.0,0.0,0.0,0.0,0.0,0.0,0.09886714660322254,0.0,0.0,0.0,1.6669766065593536e-43,0.0,0.0,0.0,5.652966510716648e-182,0.0,0.0,0.0,0.0,0.0,0.0,0.0,0.03336294590821845,0.0,0.0,0.0,1.812718889414034e-205,0.0,0.0,0.0,5.986531971612467e-111,0.0,0.0,0.0,2.9603017849056896e-95,0.0,0.0,0.0,0.0,0.0,0.0,0.0,0.0,0.0,0.0,0.0,0.0,0.0,0.0,0.0,0.0,0.0,0.0,0.0,0.0,0.0,0.0,0.0,0.0,0.0,0.0,0.0,0.0,0.0,0.0,0.0,0.0,0.0,0.0,0.0,0.0,0.0,0.0,0.0,0.0,0.0,0.0,0.0,0.0,0.0,0.0,0.0,0.0,0.0,0.0,0.0,0.0,0.0,0.0,0.0,0.0,0.0,0.0,0.0,0.0,0.0,0.0,0.0,0.0,0.0,0.0,0.0,0.0,0.0,0.0,0.0,1.8676833479921138e-87,0.0,0.0,0.0,0.0,0.0,0.0,0.0,0.0,0.0,0.0,0.0,0.0,0.0,0.0,0.0,0.0,0.0,0.0,0.0,0.0,0.0,0.0,0.0,0.0,0.0,0.0,0.0,0.0,0.0,0.0,0.0,0.0
0.0,0.0,0.0,0.0,0.0,0.0,0.0,0.0,1.0714630703319393e-202,0.0,0.0,0.0,0.0,0.0,0.0,0.0,0.0,0.0,0.0,0.0,0.0,0.0,0.0,0.0,1.78714835245468e-107,0.0,0.0,0.0,0.0,0.0,0.0,0.0,0.02109226492349349,0.0,0.0,0.0,3.931356187206653e-26,6.587135629134525e-211,0.0,0.0,1.574638335321463e-33,0.0,0.0,0.0,0.05407271474626965,0.0,0.0,5.132075605430323e-103,0.06168765057684636,4.056068110831052e-164,0.0,0.0,7.127997942840774e-8,0.0,0.0,7.157673139660109e-78,0.15968166043920223,0.0,0.0,0.0,0.16519008412005737,0.0,0.0,0.0,0.2080416759186162,0.0,0.0,2.3700974850483028e-123,0.116200131510004,0.0,0.0,6.057844353618786e-158,7.394400692162098e-9,0.0,0.0,8.766001410599651e-156,0.045150507894164874,0.0,0.0,1.043725735457308e-298,5.012503368379428e-13,0.0,0.0,0.0,1.9952654731644255e-115,0.0,0.0,0.0,0.02144562394423922,0.0,0.0,0.0,0.04592512374316276,0.0,0.0,0.0,3.0946024554228613e-124,0.0,0.0,0.0,1.7542078303261496e-9,0.0,0.0,0.0,3.473726879221396e-274,0.0,0.0,0.0,0.011479225077880292,0.0,0.0,0.0,3.534468120690072e-136,0.0,0.0,0.0,0.02238420971313888,0.0,0.0,0.0,2.2124555641138537e-132,0.0,0.0,0.0,0.022253400578405646,0.0,0.0,0.0,1.7396769269230569e-183,0.0,0.0,0.0,1.7122601644864192e-260,0.0,0.0,0.0,4.1361086206385235e-111,0.0,0.0,0.0,0.0,0.0,0.0,0.0,3.5810236966073824e-301,0.0,0.0,0.0,0.0,0.0,0.0,0.0,7.655026318694345e-208,0.0,0.0,0.0,1.0434494978234563e-81,0.0,0.0,0.0,2.5789359989306257e-262,0.0,0.0,0.0,1.995755363786872e-78,0.0,0.0,0.0,3.474218695389227e-55,0.0,0.0,0.0,0.0,0.0,0.0,0.0,1.4359721322482147e-301,0.0,0.0,0.0,0.012072201345160575,0.0,0.0,0.0,0.0,0.0,0.0,0.0,0.0,0.0,0.0,0.0,0.0,0.0,0.0,0.0,3.339010128299988e-138,0.0,0.0,0.0,3.899609598455507e-49,0.0,0.0,0.0,2.601819618741394e-213,0.0,0.0,0.0,7.370214188966666e-272,0.0,0.0,0.0,0.009179042349948147,0.0,0.0,0.0,0.02414440269032115,0.0,0.0,0.0,0.0,0.0,0.0,0.0,0.0,0.0,0.0,0.0,0.0,0.0,0.0,0.0,2.072274487929184e-145,0.0,0.0,0.0,4.526999678480863e-121,0.0,0.0,0.0,2.1675208054951124e-302,0.0,0.0,0.0,1.7586505368163337e-290,0.0,0.0,0.0,1.801392443792737e-248,0.0,0.0,0.0,0.0,0.0,0.0,0.0,0.0,0.0,0.0,0.0,0.0,0.0,0.0,0.0,0.0,0.0,0.0,0.0,0.0,0.0,0.0,0.0,0.0,0.0,0.0,0.0,0.0,0.0,0.0,0.0,0.0,0.0,0.0,0.0,0.0,0.0,0.0,0.0,0.0,0.0,0.0,0.0,0.0,0.0,0.0,0.0,0.0,0.0,0.0,0.0,0.0,0.0,0.0,0.0,0.0,0.0,0.0,0.0,0.0,0.0,0.0,0.0,0.0,0.0,0.0,0.0,0.0,0.0,0.0,0.0,0.0,0.0,0.0,0.0,0.0,0.0,0.0,0.0,0.0,0.0,0.0,0.0,0.0,0.0,0.0,0.0,0.0,0.0,0.0,0.0,0.0,0.0,0.0,0.0,0.0,0.0,0.0
0.0,0.0,0.0,0.0,0.0,0.0,0.0,0.0,0.0,0.0,0.0,0.0,0.0,0.0,0.0,0.0,0.0,0.0,0.0,0.0,0.0,0.0,0.0,0.0,0.0,0.0,0.0,0.0,0.0,0.0,0.0,0.0,0.0,0.0,0.0,0.0,0.0,0.0,0.0,0.0,0.0,0.0,2.3129681058717984e-257,0.0,0.0,0.0,0.0,0.0,0.0,0.0,0.0,0.0,0.0,0.0,0.0,0.0,0.0,0.0,0.0,0.0,0.0,0.0,1.6085725417188343e-297,0.0,0.0,0.0,4.0966887950253375e-285,0.0,0.0,0.0,1.8433592675728e-129,0.0,0.0,0.0,3.9196536462839336e-206,0.0,0.0,0.0,6.470262647700108e-233,0.0,0.0,0.0,2.9218079152952764e-235,0.0,0.0,0.0,1.0311162915073884e-223,0.0,0.0,0.0,5.37048982210592e-211,0.0,0.0,0.0,1.7419562107654767e-142,0.0,0.0,0.0,2.9053928068012426e-89,0.0,0.0,0.0,1.980657330912889e-241,0.0,0.0,0.0,6.665897081217051e-115,0.0,0.0,0.0,2.2637338992225389e-181,0.0,0.0,0.0,2.8479023821236934e-166,0.0,0.0,0.0,1.4112207629724991e-152,0.0,0.0,0.0,1.1727508470346968e-150,0.0,0.0,0.0,6.946976183026945e-128,0.0,0.0,0.0,2.595726329938065e-13,0.0,0.0,0.0,1.0009329207588205e-145,0.0,0.0,0.0,8.779714090731207e-46,0.0,0.0,0.0,9.725148116281308e-95,0.0,0.0,0.0,1.006500693629376e-146,0.0,0.0,0.0,3.0201144799885713e-55,0.0,0.0,0.0,0.03018396670740495,0.0,0.0,0.0,3.186783791494511e-119,0.0,0.0,0.0,1.7210353100969948e-97,0.0,0.0,0.0,1.4594494934682954e-92,0.0,0.0,0.0,9.314744954419544e-136,0.0,0.0,0.0,8.473073151893853e-139,0.0,0.0,0.0,2.510470553523252e-84,0.0,0.0,0.0,5.512215910548851e-160,8.646547852349488e-238,0.0,0.0,0.03189991607455097,0.0,0.0,0.0,0.01823128508974764,0.0,0.0,0.0,5.5787150287013856e-182,0.0,0.0,0.0,2.910135411997808e-169,0.0,0.0,0.0,1.5357057457228674e-69,0.0,0.0,0.0,9.195034676020833e-149,0.0,0.0,0.0,0.016118979034123494,0.0,0.0,0.0,3.6041242709009416e-121,0.0,0.0,0.0,9.864671091995493e-109,0.0,0.0,0.0,1.0093420983308296e-89,0.0,0.0,0.0,5.290407919097306e-158,0.0,0.0,0.0,0.20442555768181667,0.0,0.0,0.0,4.293163622282011e-33,0.0,0.0,0.0,0.16937632029703523,0.0,0.0,0.0,0.14199312080122498,0.0,0.0,0.0,2.1674314129649103e-159,0.0,0.0,0.0,0.01615377514243789,0.0,0.0,0.0,7.160272879339144e-135,0.0,0.0,0.0,0.016192589596184595,0.0,0.0,0.0,2.188978533486351e-122,0.0,0.0,0.0,0.01600277270367301,0.0,0.0,0.0,0.0,0.0,0.0,0.0,1.3557983461434597e-74,0.0,0.0,0.0,0.11300611422040105,0.0,0.0,0.0,0.04851743463035139,0.016172478210117133,0.0,0.0,0.0,0.0,0.0,0.0,0.01617338592049143,0.0,0.0,0.0,0.0,0.0,0.0,0.0,0.04851743463090215,0.0,0.0,0.0,0.0,0.0,0.0,0.0,0.0,0.0,0.0,0.0,1.906392227663745e-159,0.0,0.0,0.0,0.08086239104916075,0.0,0.0,0.0,0.0,0.0,0.0,0.0,0.0,0.0,0.0,0.0,0.0,0.0,0.0,0.016172478210117133,0.0,0.0,0.0,0.0,0.0,0.0,0.0,0.0,0.0,0.0,0.0,0.0,0.0,0.0,0.0,0.0,0.0
0.0,0.0,0.0,0.0,0.0,0.0,0.0,0.0,0.0,0.0,0.0,0.0,0.0,0.0,1.2802045617411903e-146,0.0,0.0,0.0,0.0,0.0,0.0,0.0,8.421255965592984e-58,0.0,0.0,0.0,4.2929717946860356e-277,0.0,0.0,0.0,6.512716564597443e-75,0.0,0.0,0.0,7.688755237898628e-193,0.0,0.0,0.0,2.413038903645684e-104,0.0,0.0,0.0,4.6173410251113236e-182,0.0,0.0,0.0,9.688487553840933e-103,0.0,0.0,0.0,4.4494394434378874e-119,0.0,0.0,0.0,3.118945109224466e-7,0.0,0.0,0.0,1.820746719377152e-55,0.0,0.0,0.0,2.9981117582433993e-65,0.0,0.0,0.0,1.0380335240807613e-65,0.0,0.0,0.0,1.9483527563317172e-56,0.0,0.0,0.0,1.0500215511174229e-13,0.0,0.0,0.0,4.82500699357621e-26,1.2431899959963253e-308,0.0,0.0,2.391944758037358e-13,0.0,0.0,0.0,8.15451295516021e-18,2.7974459765974057e-106,0.0,0.0,9.658672894073271e-22,0.0,0.0,0.0,0.04529528078545963,1.0975416928235924e-179,0.0,0.0,0.11978403767538846,0.0,0.0,0.0,0.023787448913622437,0.0,0.0,0.0,6.394124931313727e-26,1.6579275457909503e-130,0.0,0.0,0.09660264145149298,1.0376808505181484e-170,0.0,0.0,0.05097103753420966,3.784874879220804e-173,0.0,0.0,0.10472791453195347,6.547422502454835e-187,0.0,0.0,0.08975090494497065,5.1815029230932715e-135,0.0,0.0,0.12758232180223783,0.0,0.0,0.0,0.05368451732389772,0.0,0.0,0.0,0.02709177140074575,1.5504256596770596e-271,0.0,0.0,0.041353746943554266,1.0590720512334827e-256,0.0,0.0,0.06117790402000196,9.065051445840724e-184,0.0,0.0,0.005513422921523008,0.0,0.0,0.0,2.2083860713925407e-26,2.0443576975923388e-243,0.0,0.0,4.97926624073313e-30,0.0,0.0,0.0,1.0951787775188696e-70,0.0,0.0,0.0,3.266570085310456e-78,0.0,0.0,0.0,0.021755012069781147,6.20672872773171e-294,0.0,0.0,1.8776412409733195e-14,1.4676132232749535e-257,0.0,0.0,1.331027864183888e-23,0.0,0.0,0.0,0.010421505203407264,0.0,0.0,0.0,0.051711599870588584,0.0,0.0,0.0,1.9053853512139794e-128,0.0,0.0,0.0,0.03713607486195754,0.0,0.0,0.0,3.401279521020693e-66,0.0,0.0,0.0,2.2981912896315398e-94,2.1851804786400018e-275,0.0,0.0,1.6249748011821368e-110,0.0,0.0,0.0,5.722425861702642e-8,0.0,0.0,0.0,1.5285115089668097e-160,0.0,0.0,0.0,2.8853436704608624e-109,0.0,0.0,0.0,3.462685947930571e-156,0.0,0.0,0.0,2.1666068296648325e-112,0.0,0.0,0.0,1.6537713631741776e-232,0.0,0.0,0.0,3.401132448759519e-77,1.0659689482364183e-151,0.0,0.0,0.025705563170037544,0.0,0.0,0.0,9.806282171924344e-29,5.596100682776771e-138,0.0,0.0,2.309081779080197e-146,0.0,0.0,0.0,4.732450198630765e-39,0.0,0.0,0.0,4.1030379265769415e-67,0.0,0.0,0.0,1.1029180576064036e-169,0.0,0.0,0.0,1.4390886409071563e-59,0.0,0.0,0.0,3.114203681850459e-173,0.0,0.0,0.0,1.9573655900374924e-130,0.0,0.0,0.0,0.005946925456037531,0.0,0.0,0.0,0.0,0.0,0.0,0.0,9.383234905375262e-253,0.0,0.0,0.0,0.0,0.0,0.0,0.0,0.0,0.0,0.0,0.0,3.0921189634159e-199,0.0,0.0,0.0,0.0,0.0,0.0,0.0,0.0,0.0,0.0,0.0,0.0,0.0,0.0,0.0,0.0,0.0,0.0,0.0,0.0,0.0,0.0,0.0,3.2629992105468076e-237,0.0,0.0,0.0,0.0,0.0,0.0,0.0,0.0,0.0,0.0,0.0,0.0,0.0,0.0,0.0,0.0,0.0,0.0,0.0,0.0,0.0,0.0,0.0,0.0,0.0,0.0,0.0,0.0,0.0,0.0,0.0,0.0
0.0,0.0,0.0,0.0,0.0,0.0,2.940285158390268e-274,0.0,0.0,0.0,0.0,0.0,0.0,0.0,5.1768201018074145e-267,0.0,0.0,0.0,0.0,0.0,0.0,0.0,0.0,0.0,0.0,8.08259001773209e-31,0.0,0.0,0.0,0.0,2.912937414221687e-231,0.0,0.0,1.9975426976036927e-299,0.0,0.0,0.0,1.2917606165183498e-63,5.8470431346181925e-28,0.0,0.0,1.1494115536481127e-178,7.785793008600146e-121,0.0,0.0,0.0,3.7326859246391846e-59,0.0,0.0,1.6519225861413372e-37,2.6629577905589162e-189,0.0,0.0,1.6565927086302592e-161,8.951355632004532e-74,0.0,0.0,0.0,3.9681696150007505e-94,0.0,0.0,6.495062050591337e-288,3.88957158773377e-43,0.0,0.0,7.201406415722328e-237,4.4631521254480605e-94,0.0,0.0,3.8040029114525214e-109,6.690735184962258e-93,1.6172326513893182e-285,0.0,1.4123330102800615e-193,8.5009735116737205e-75,2.0021980852924566e-257,0.0,2.327171377695195e-225,7.033643684332952e-71,0.0,0.0,1.395931338588397e-36,1.3298921164891209e-32,1.5793083141786762e-241,0.0,1.5199445631808105e-149,0.7538210923819073,6.798051229642007e-145,0.0,0.0,2.9849556109491127e-36,0.0,0.0,0.0,1.2643773224302227e-45,0.0,0.0,0.0,9.103567720529593e-61,0.0,0.0,0.0,0.09661116827342266,1.4863580639962262e-96,0.0,0.0,0.11133292539578736,5.076238955750239e-99,0.0,0.0,6.566014821828456e-123,8.983237243077754e-258,0.0,0.0,2.8499715212739514e-106,0.0,0.0,0.0,3.017430483171871e-72,0.0,0.0,0.0,1.0687777617419785e-143,0.0,0.0,0.0,4.25534086591555e-102,0.0,0.0,0.0,1.3099263272200543e-38,0.0,0.0,0.0,9.83202190999225e-72,0.0,0.0,0.0,1.2780529069114198e-114,0.0,0.0,0.0,1.2348913696916632e-49,0.0,0.0,0.0,3.7210402942806733e-103,0.0,0.0,0.0,4.11795422390944e-159,0.0,0.0,2.4310491899e-313,0.0,0.0,0.0,0.0,1.4481670318122623e-78,0.0,0.0,0.0,3.3857544276530765e-56,0.0,0.0,0.0,4.102386121191568e-40,0.0,0.0,1.1850044155313905e-164,4.564007415168631e-199,0.0,0.0,0.0,1.8603739266982107e-217,0.0,0.0,0.0,5.37629573607272e-45,0.0,0.0,0.0,5.680944373180732e-124,0.0,0.0,0.0,0.0,0.0,0.0,0.0,9.51237063195044e-133,0.0,0.0,0.0,5.0980743372502046e-228,0.0,0.0,0.0,4.0599765257332255e-214,0.0,0.0,0.0,0.0,0.0,0.0,0.0,9.373118383927741e-290,0.0,0.0,0.0,0.0,0.0,0.0,0.0,0.0,0.0,0.0,0.0,0.0,0.0382348139488827,0.0,0.0,5.032632047307317e-206,0.0,0.0,0.0,0.0,0.0,0.0,0.0,2.2308301923243695e-224,0.0,0.0,0.0,9.515281055298688e-69,0.0,0.0,0.0,5.866668035816483e-89,0.0,0.0,0.0,0.0,0.0,0.0,0.0,1.0245940704617673e-237,0.0,0.0,0.0,3.4258277650152327e-205,0.0,0.0,0.0,0.0,0.0,0.0,0.0,0.0,0.0,0.0,0.0,0.0,0.0,0.0,0.0,0.0,0.0,0.0,0.0,6.660139911229117e-73,0.0,0.0,0.0,0.0,0.0,0.0,0.0,0.0,0.0,0.0,0.0,0.0,0.0,0.0,0.0,0.0,0.0,0.0,0.0,0.0,0.0,0.0,0.0,4.9250767220349094e-130,0.0,0.0,0.0,0.0,0.0,0.0,0.0,0.0,0.0,0.0,0.0,0.0,0.0,0.0,0.0,0.0,0.0,0.0,0.0,0.0,0.0,0.0,0.0,0.0,0.0,0.0,0.0,0.0,0.0,0.0,0.0,0.0,0.0,0.0,0.0,0.0,0.0,0.0,0.0,0.0,0.0,0.0,0.0,0.0,0.0,0.0,0.0,0.0,0.0,0.0,0.0,0.0
0.0,0.0,0.0,0.0,0.0,0.0,0.0,3.579485530039022e-244,0.0,0.0,0.0,0.0,0.0,0.0,0.0,2.314145583778654e-262,0.0,0.0,0.0,7.417201929134773e-297,0.0,0.0,0.0,1.2419188589e-313,0.0,0.0,0.0,0.0,0.0,0.0,0.0,0.007582014680540073,0.0,0.0,0.0,2.0718587020758326e-225,0.0,0.0,0.0,4.604347896052794e-43,0.0,0.0,0.0,7.172092127763002e-83,0.0,0.0,0.0,1.3433920413716975e-8,0.0,0.0,0.0,3.897258684789888e-25,0.0,0.0,0.0,0.07745494819744383,0.0,0.0,0.0,0.03376134834514779,0.0,0.0,0.0,0.04700860386908465,0.0,0.0,4.439571311067206e-27,2.674537817604704e-52,0.0,0.0,2.2874795821071583e-66,0.08888850891303865,0.0,0.0,6.141486873893236e-93,0.04989805158518967,0.0,0.0,4.359145009053046e-68,0.22281207019818333,0.0,0.0,5.493372750709176e-85,0.22380790711091517,0.0,0.0,1.1901972371357556e-234,6.585395933870653e-27,0.0,0.0,8.854681999296754e-111,7.545686659758294e-27,0.0,0.0,1.1695032886130806e-78,0.14767658823561844,0.0,0.0,7.819172860584866e-52,6.972749916076519e-33,0.0,0.0,1.2274228273313325e-55,0.06752060703066536,0.0,0.0,6.492702121152296e-65,2.1055612406913303e-31,0.0,0.0,9.781574706201422e-91,5.622252417599328e-22,0.0,0.0,3.195282965196403e-91,1.1808481061211232e-17,0.0,0.0,6.740742779733618e-184,1.801445450244681e-39,0.0,0.0,0.0,3.0954719211156185e-32,0.0,0.0,0.0,0.019329486234846035,0.0,0.0,8.359756778438329e-295,5.217681381466427e-36,0.0,0.0,0.0,0.008499632517505186,0.0,0.0,0.0,8.233935539179353e-16,0.0,0.0,0.0,2.8368829562176216e-73,0.0,0.0,0.0,9.293561316755183e-188,0.0,0.0,0.0,4.6479213815367555e-59,0.0,0.0,0.0,3.518468156148655e-123,0.0,0.0,0.0,0.005759959548092632,0.0,0.0,2.1843993268018344e-179,3.0620589197976057e-90,0.0,0.0,2.4682176435188038e-54,1.2510748211703879e-125,0.0,0.0,0.0,1.5633062252819424e-182,0.0,0.0,0.0,1.1063209349542865e-95,0.0,0.0,0.0,7.041615167294532e-119,0.0,0.0,0.0,9.00661344833655e-194,0.0,0.0,0.0,0.0,0.0,0.0,3.397648569104547e-236,0.0,0.0,0.0,0.0,0.0,0.0,0.0,0.0,0.0,0.0,0.0,0.0,0.0,0.0,0.0,0.0,0.0,0.0,0.0,0.0,0.0,0.0,0.0,0.0,2.6009980785777263e-7,0.0,0.0,0.0,0.0,0.0,0.0,0.0,0.0,0.0,0.0,0.0,0.0,0.0,0.0,0.0,0.0,0.0,0.0,0.0,0.0,0.0,0.0,0.0,0.0,0.0,0.0,0.0,0.0,0.0,0.0,0.0,0.0,0.0,0.0,0.0,0.0,0.0,0.0,0.0,0.0,0.0,0.0,0.0,0.0,0.0,0.0,0.0,0.0,0.0,0.0,0.0,0.0,0.0,0.0,0.0,0.0,0.0,0.0,0.0,0.0,0.0,0.0,0.0,0.0,0.0,0.0,0.0,0.0,0.0,0.0,0.0,0.0,0.0,0.0,0.0,0.0,0.0,0.0,0.0,0.0,0.0,0.0,0.0,0.0,0.0,0.0,0.0,0.0,0.0,0.0,0.0,0.0,0.0,0.0,0.0,0.0,0.0,0.0,0.0,1.4007133771452868e-138,0.0,0.0,0.0,0.0,0.0,0.0,0.0,0.0,0.0,0.0,0.0,0.0,0.0,0.0,0.0,0.0,0.0,0.0,0.0,0.0,0.0,0.0,0.0,0.0,0.0,0.0,0.0,0.0,0.0,0.0,0.0
0.0,0.0,0.0,0.0,0.0,0.0,0.0,0.0,0.0,0.0,0.0,0.0,0.0,0.0,0.0,0.0,0.0,0.0,0.0,0.0,0.0,0.0,0.0,0.0,0.0,0.0,0.0,0.0,0.0,0.0,0.0,0.0,0.0,0.0,0.0,0.0,0.0,0.0,0.0,0.0,0.0,0.0,0.0,0.0,0.0,0.0,0.0,0.0,0.0,0.0,0.0,0.0,0.0,0.0,0.0,0.0,0.0,0.0,0.0,0.0,0.0,0.0,0.0,0.0,0.0,0.0,0.0,0.0,0.0,0.0,0.0,0.0,0.0,0.0,1.4133617198950224e-193,0.0,0.0,0.0,0.0,0.0,0.0,0.0,0.0,0.0,0.0,0.0,0.0,8.779835683470229e-299,0.0,0.0,1.065842124638296e-132,0.0,0.0,0.0,0.0,0.0,0.0,0.0,0.0,0.0,0.0,0.0,9.590980727592033e-300,0.0,0.0,0.0,7.782187771499336e-144,1.5238609045167386e-164,0.0,0.0,0.0,3.1598915326664453e-142,0.0,0.0,7.072749094904606e-126,1.8621097848169913e-177,0.0,0.0,9.972460120156066e-225,1.1091472049152702e-302,0.0,0.0,0.0,0.0,0.0,0.0,9.877492529165684e-61,7.826072991803704e-189,0.0,0.0,0.0,0.0,0.0,0.0,0.0,5.228418097999214e-39,0.0,0.0,1.2338357427779612e-105,0.0,0.0,0.0,1.142929634645005e-255,8.512925369248234e-98,0.0,0.0,3.684504978130318e-19,4.764976032963763e-83,0.0,0.0,3.5869362935925688e-37,1.2528742317065942e-96,0.0,0.0,0.15441840984444424,3.51529859943713e-77,0.0,0.0,3.971689485305891e-122,4.494005340589949e-251,0.0,0.0,6.414573460157149e-38,0.0,0.0,0.0,4.2121729203670184e-127,0.1352979901004742,0.0,0.0,4.5360475580570226e-123,0.0,0.0,0.0,6.899689464119164e-114,0.0775220982486874,0.0,0.0,3.3832411716912903e-78,0.0,0.0,0.0,4.5855603035937386e-122,7.652603835540798e-190,0.0,0.0,0.0,0.0,0.0,0.0,4.016599055150176e-27,0.0,0.0,0.0,6.287321035780052e-16,0.0,0.0,0.0,3.4989726712147126e-77,0.07756924832549071,0.0,0.0,1.7594263828210006e-213,0.0,0.0,0.0,5.2596079497931904e-135,0.0,0.0,0.0,0.0,0.03873479668283722,0.0,0.0,1.2057251837567102e-90,0.0,0.0,0.0,0.0,0.0,0.0,0.0,2.585167050202151e-83,0.0,0.0,0.0,0.0,0.0,0.0,0.0,0.23987829752731715,0.0,0.0,0.0,1.217429290064829e-59,4.273614277704924e-93,0.0,0.0,2.252819645622788e-90,1.1851835802463832e-15,0.0,0.0,0.08147060069003853,0.0,0.0,0.0,0.0387846242633639,0.0,0.0,0.0,3.200271087841832e-110,0.0,0.0,0.0,0.0,0.0,0.0,0.0,1.1737296571607566e-93,0.0,0.0,0.0,0.07827209106205163,0.0,0.0,0.0,0.0,0.0,0.0,0.0,0.0,0.0,0.0,0.0,0.0,0.0,0.0,0.0,0.039267219092547864,0.0,0.0,0.0,1.2073217377904531e-73,0.0,0.0,0.0,3.320103658205986e-154,0.0,0.0,0.0,1.997782658369246e-185,0.0,0.0,0.0,1.291678590992337e-81,0.0,0.0,0.0,2.3795307238388827e-112,0.0,0.0,0.0,0.0,0.0,0.0,0.0,0.0,0.038784624162745356,0.0,0.0,0.0,0.0,0.0,0.0,1.5327671054081242e-136,0.0,0.0,0.0,0.0,0.0,0.0,0.0,0.0,0.0,0.0,0.0,0.0,0.0,0.0,1.690836352445321e-281,0.0,0.0,0.0,0.0,0.0,0.0,0.0,0.0,0.0,0.0,0.0,0.0,0.0,0.0,0.0,0.0,0.0
0.0,0.0,0.0,0.0,0.0,0.0,0.0,0.0,0.0,0.0,0.0,0.0,0.0,0.0,0.0,0.0,0.0,0.0,0.0,0.0,0.0,0.0,4.784825558563612e-173,0.0,0.0,0.0,0.0,0.0,0.0,0.0,7.476234955851924e-299,0.0,0.0,0.0,0.0,0.0,0.0,0.0,1.104458923349148e-219,0.0,0.0,0.0,1.1992910384682101e-187,0.0,0.0,0.0,7.821485979061906e-171,0.0,0.0,0.0,7.489867184578471e-141,0.0,0.0,0.0,5.0917706784681985e-52,0.0,0.0,0.0,2.0110268813281688e-256,0.0,0.0,0.0,1.0327689982099593e-109,0.0,0.0,0.0,0.008463536999288871,0.0,0.0,0.0,0.008910318648412076,0.0,0.0,0.0,2.2342055255615578e-89,0.0,0.0,0.0,2.4710564496564143e-149,0.0,0.0,0.0,2.8996298018523207e-80,3.892482317658148e-263,0.0,0.0,4.727121901304512e-117,3.06e-322,0.0,0.0,4.908110265747091e-118,0.0,0.0,0.0,1.2593279716822797e-65,3.21238150813426e-256,0.0,0.0,0.02193834289105281,0.0,0.0,0.0,0.09230481326270772,2.0754538529644315e-198,0.0,0.0,0.021748148065580244,1.717492704062996e-110,0.0,0.0,0.06353732982891595,7.2142167852173495e-93,0.0,0.0,0.07216967494221592,7.50480545587859e-143,0.0,0.0,0.02411173804682274,2.5089591685264674e-147,0.0,0.0,8.428557443893006e-64,1.7235431139861839e-152,0.0,0.0,0.15048175596489094,2.669720932064599e-116,0.0,0.0,0.14494899562377767,0.0,0.0,0.0,0.23729525790364547,1.7496520779095565e-107,0.0,0.0,0.06142459880475001,4.580867990633717e-155,0.0,0.0,1.9980849928096964e-23,3.3692020423276835e-108,0.0,0.0,0.04186033504169433,0.0,0.0,0.0,0.015613480902639861,7.685761094236432e-192,0.0,0.0,7.019607653915638e-63,0.0,0.0,0.0,5.034519809651136e-18,1.982350300949642e-200,0.0,0.0,0.013396611266313377,0.0,0.0,0.0,0.0011519430874164934,3.326438035719742e-228,0.0,0.0,4.2532649502296705e-35,5.990439393399124e-132,0.0,0.0,2.0020571109809842e-103,3.9434075466589327e-205,0.0,0.0,3.6307272096092785e-9,0.0,0.0,0.0,0.0063398704818956216,0.0,0.0,0.0,1.9048869107467542e-42,0.0,0.0,0.0,1.735441705138157e-73,0.0,0.0,0.0,5.229424315698072e-66,0.0,0.0,0.0,2.2265374791010937e-91,0.0,0.0,0.0,0.006788766690784152,0.0,0.0,0.0,2.625683901684643e-63,1.9082819173996246e-130,0.0,0.0,6.719977069131461e-93,3.9196606612309e-215,0.0,0.0,1.0193630821920606e-118,0.0,0.0,0.0,2.673775754642234e-35,0.0,0.0,0.0,0.007514477911346582,0.0,0.0,0.0,2.893379129154693e-202,0.0,0.0,0.0,1.4100420223017507e-58,0.0,0.0,0.0,3.979851063946632e-30,0.0,0.0,0.0,1.2617945097405834e-68,8.073213415838987e-198,0.0,0.0,8.581554109965886e-110,8.583790751193277e-271,0.0,0.0,5.2546478576539056e-73,1.417152726338721e-268,0.0,0.0,4.519280812282117e-147,0.0,0.0,0.0,5.122034473759724e-12,0.0,0.0,0.0,4.925033192602059e-215,0.0,0.0,0.0,1.376815381668409e-120,0.0,0.0,0.0,9.119680036276924e-22,0.0,0.0,0.0,7.209961885374981e-184,0.0,0.0,0.0,5.230719526657197e-196,0.0,0.0,0.0,3.764796999723311e-167,0.0,0.0,0.0,1.278624699237865e-243,0.0,0.0,0.0,0.0,0.0,0.0,0.0,7.723742017802084e-225,0.0,0.0,0.0,1.0528153670735894e-184,0.0,0.0,0.0,6.92970120430709e-184,0.0,0.0,0.0,0.0,0.0,0.0,0.0,8.03360974500138e-255,0.0,0.0,0.0,0.0,0.0,0.0,0.0,1.754837923137048e-232,0.0,0.0,0.0,0.0,0.0,0.0,0.0,0.0,0.0,0.0,1.15661524e-316,0.0,0.0,0.0,4.284773803927702e-108,0.0,0.0,0.0,0.0,0.0,0.0,0.0,0.0,0.0,0.0,0.0,0.0,0.0,0.0,0.0,0.0,0.0
0.0,0.0,0.0,0.0,0.0,0.0,0.0,0.0,3.1032133857557136e-65,0.0,0.0,1.276310605123845e-299,0.0,0.0,0.0,0.0,1.027755924170758e-159,0.0,0.0,0.0,8.426887864345729e-176,1.78990337202808e-106,0.0,0.0,9.043417836987597e-62,0.0,0.0,0.0,1.08549640079617e-310,0.0,0.0,9.431484688126162e-62,6.029132875732926e-263,2.7247118386639346e-176,0.0,1.624322482489803e-164,3.07346812531363e-16,3.9362206534219546e-162,0.0,3.6352531423607856e-166,0.17240874913172383,1.2793594172061056e-302,0.0,8.626341215624889e-165,0.1665409642962215,0.0,0.0,2.752439408123029e-118,0.1453131647716154,0.0,0.0,0.0,0.12113347209533756,1.3640206384075348e-100,0.0,8.202584688777478e-73,0.13832648388529173,1.955781864332854e-100,0.0,0.0,0.08157387984881466,9.996878384858265e-129,0.0,2.193386865147632e-202,0.12781639011673748,5.645348194154919e-112,0.0,4.6090582443564036e-181,4.809911807505831e-20,1.2191096666067363e-148,0.0,8.27644945475645e-263,0.024672873450533088,0.0,0.0,0.0,2.923545260638874e-99,0.0,0.0,0.0,6.500370326944797e-31,9.107412501927866e-300,0.0,0.0,4.1683686860995203e-119,5.842745827147725e-186,0.0,0.0,0.007593268628409084,0.0,0.0,0.0,0.014620753775315241,2.007827071642171e-84,0.0,0.0,8.132286553409192e-173,0.0,0.0,0.0,3.2781000594310633e-240,0.0,0.0,0.0,0.0,0.0,0.0,0.0,1.4431051064376962e-57,2.2577598410107336e-257,0.0,0.0,4.3848633464337893e-88,3.947858287479178e-297,0.0,0.0,5.1207765072118377e-110,0.0,0.0,0.0,9.384736092807078e-234,0.0,0.0,0.0,7.888739182607956e-20,0.0,0.0,0.0,1.9027908621909713e-207,0.0,0.0,0.0,0.0,0.0,0.0,0.0,7.450755373516522e-41,0.0,0.0,0.0,0.0,4.380860770159926e-231,0.0,0.0,0.0,0.0,0.0,0.0,0.0,0.0,0.0,0.0,0.0,0.0,0.0,0.0,0.0,0.0,0.0,0.0,0.0,0.0,0.0,0.0,0.0,0.0,0.0,0.0,0.0,0.0,0.0,0.0,0.0,4.0259539e-316,0.0,0.0,0.0,0.0,0.0,0.0,0.0,0.0,0.0,0.0,0.0,0.0,0.0,0.0,1.5959210347548149e-83,0.0,0.0,0.0,0.0,0.0,0.0,0.0,0.0,0.0,0.0,0.0,0.0,0.0,0.0,0.0,0.0,0.0,0.0,0.0,0.0,0.0,0.0,0.0,0.0,0.0,0.0,0.0,0.0,0.0,0.0,0.0,0.0,0.0,0.0,0.0,0.0,0.0,0.0,0.0,0.0,0.0,0.0,0.0,0.0,0.0,0.0,0.0,0.0,0.0,0.0,0.0,0.0,0.0,0.0,0.0,0.0,0.0,0.0,0.0,0.0,0.0,0.0,0.0,0.0,0.0,0.0,0.0,0.0,0.0,0.0,0.0,0.0,0.0,0.0,0.0,0.0,0.0,0.0,0.0,0.0,0.0,0.0,0.0,0.0,0.0,0.0,0.0,0.0,0.0,0.0,0.0,0.0,0.0,0.0,0.0,0.0,0.0,0.0,0.0,0.0,0.0,0.0,0.0,0.0,0.0,0.0,0.0,0.0,0.0,0.0,0.0,0.0,0.0,0.0,0.0,0.0,0.0,0.0,0.0,0.0,0.0,0.0,0.0,0.0,0.0,0.0,0.0,0.0,0.0,0.0,0.0,0.0,0.0,0.0,0.0,0.0,0.0,0.0,0.0,0.0,0.0,0.0,0.0,0.0,0.0,0.0,0.0,0.0,0.0,0.0,0.0,0.0,0.0,0.0,0.0,0.0,0.0,0.0
0.0,0.0,0.0,0.0,0.0,5.583212366820273e-171,0.0,0.0,0.0,3.249028320002929e-53,0.0,0.0,0.0,1.5299970313003857e-189,0.0,0.0,0.0,1.2647080100003343e-191,0.0,0.0,0.0,0.0049267183272698216,0.0,0.0,0.0,0.006609997669698195,0.0,0.0,0.0,1.0862763033350067e-42,0.0,0.0,0.0,1.5602049264095518e-158,0.0,0.0,0.0,1.0031978619010454e-60,0.0,0.0,0.0,0.010606573419957802,0.0,0.0,0.0,7.820786711080327e-11,0.0,0.0,0.0,1.140392202223503e-12,0.0,0.0,0.0,0.010071542919307426,0.0,0.0,0.0,0.021678858853814924,0.0,0.0,0.0,0.03199593723797554,0.0,0.0,0.0,1.345007889358237e-12,0.0,0.0,0.0,2.4593694266075925e-8,0.0,0.0,0.0,1.2631668298515805e-5,0.0,0.0,1.1350725732855259e-234,0.0901446582363755,0.0,0.0,0.0,0.06533832034686238,0.0,0.0,0.0,0.003043746858086055,5.0e-324,0.0,1.5227349175615872e-181,0.07560524008771674,0.0,0.0,0.0,7.055293671628652e-47,0.0,0.0,2.3707050133223884e-247,0.11809774774537278,0.0,0.0,0.0,0.030458060584079114,0.0,0.0,2.77793497581161e-268,0.028886591585514414,0.0,0.0,0.0,0.06478021608443316,0.0,0.0,0.0,7.459008983433616e-31,0.0,0.0,0.0,0.026518637231131046,0.0,0.0,0.0,0.07191901927580666,0.0,0.0,0.0,0.04448902933756988,0.0,0.0,0.0,0.013438575262319362,0.0,0.0,0.0,3.56256778104769e-66,0.0,0.0,0.0,0.07755531227148427,0.0,0.0,8.691519463274126e-231,9.80732340446164e-62,0.0,0.0,0.0,1.7852697252262037e-52,0.0,0.0,0.0,0.02085366947552478,0.0,0.0,5.304890525834451e-100,6.827382868816523e-19,0.0,0.0,0.0,3.131486640683607e-46,0.0,0.0,0.0,9.248055862889403e-32,0.0,0.0,0.0,0.010371180768767188,0.0,0.0,0.0,1.250331797800017e-112,0.0,0.0,0.0,0.049047576160925546,0.0,0.0,0.0,1.3026670982485425e-53,0.0,0.0,0.0,4.916826196931271e-166,0.0,0.0,0.0,1.7009652120298384e-54,0.0,0.0,0.0,1.161028526980216e-24,0.0,0.0,0.0,0.006454022101067859,0.0,0.0,0.0,0.005583713071482281,0.0,0.0,0.0,1.4900316259452957e-220,0.0,0.0,0.0,0.0005394907772971208,0.0,0.0,0.0,1.5482789206069827e-49,0.0,0.0,0.0,0.0,0.0,0.0,0.0,0.029561607658361033,0.0,0.0,0.0,0.007962637536645967,0.0,0.0,0.0,0.013620245598374237,0.0,0.0,0.0,0.015261325291391788,0.0,0.0,0.0,1.7832782581228269e-47,0.0,0.0,0.0,5.920667977718355e-83,0.0,0.0,6.561242067698154e-307,4.462881940509301e-19,0.0,0.0,0.0,6.572088510649123e-15,0.0,0.0,0.0,1.757614764046498e-118,0.0,0.0,0.0,4.3549817264856413e-32,0.0,0.0,0.0,1.0777288829533983e-118,0.0,0.0,0.0,3.0150986524115993e-129,0.0,0.0,0.0,0.004915691942872712,0.0,0.0,0.0,7.43289817731069e-56,0.0,0.0,0.0,2.4168406546622353e-40,0.0,0.0,0.0,0.0,0.0,0.0,0.0,5.828792641605117e-14,0.0,0.0,0.0,0.03965139993976365,0.0,0.0,0.0,7.265173795256989e-103,0.0,0.0,0.0,9.08293568137777e-210,0.0,0.0,0.0,1.6234059456737212e-257,0.0,0.0,0.0,3.654363065579672e-208,0.0,0.0,0.0,1.155456135730844e-134,0.0,0.0,0.0,4.173163001172411e-112,0.0,0.0,0.0,2.799642013170826e-81,0.0,0.0,0.0,9.547010284929789e-118,0.0,0.0,0.0,0.0,0.0,0.0,1.2775705061149043e-186,0.0,0.0,0.0,8.591340991265904e-45,0.0,0.0,0.0,0.0,0.0,0.0,0.0,0.0,6.310677651964495e-250,0.0,0.0,0.0,0.0,0.0,0.0,0.0,0.0,0.0
0.0,0.0,0.0,0.0,0.0,0.0,0.0,0.0,0.0,0.0,0.0,0.0,0.0,0.0,0.0,0.0,0.0,0.0,0.0,0.0,0.0,1.8541228216963111e-57,0.0,0.0,0.0,1.1715225e-317,0.0,0.0,0.0,2.576095958966073e-155,0.0,0.0,0.0,0.0,0.0,0.0,0.0,3.0837304437825914e-236,0.0,0.0,0.0,2.2286799750605776e-114,0.0,0.0,0.0,2.578355782546257e-62,0.0,0.0,0.0,2.3359478112542394e-162,0.0,0.0,0.0,0.017003120642047523,0.0,0.0,0.0,4.058916214195632e-63,1.2014848954015018e-219,0.0,0.0,4.6141384416381e-67,0.0,0.0,0.0,5.938730364211449e-172,0.0,0.0,0.0,4.2348262755803345e-116,2.062618901454214e-226,0.0,0.0,0.01161519367043165,9.332012958879392e-241,0.0,0.0,0.05535289522325035,0.0,0.0,0.0,8.017691672950888e-51,0.0,0.0,0.0,0.054390428098456255,2.0047060034675773e-259,0.0,0.0,0.014646080576158809,3.259233616952061e-181,0.0,0.0,1.2424465020243116e-64,0.0,0.0,0.0,6.907468070238455e-28,0.0,0.0,0.0,1.4134762700103095e-13,0.0,0.0,0.0,0.04648639782999611,0.0,0.0,0.0,6.201723020400649e-28,4.091520823080847e-290,0.0,0.0,6.965780703485397e-59,0.0,0.0,0.0,0.14839794238010295,0.0,0.0,0.0,2.592343862350064e-74,0.0,0.0,0.0,0.02585001653049621,0.0,0.0,0.0,8.450389046156959e-115,0.0,0.0,0.0,0.013362024055001788,0.0,0.0,0.0,1.955218010756196e-66,1.4580676888050217e-280,0.0,0.0,0.011565694618986403,0.0,0.0,0.0,0.01239836648568885,1.888850149957719e-295,0.0,0.0,4.8260588581086435e-105,5.997382466692191e-267,0.0,0.0,6.884200279061353e-9,0.0,0.0,0.0,2.118088657410375e-166,0.0,0.0,0.0,0.037737112897869476,0.0,0.0,0.0,0.050103172646645974,0.0,0.0,0.0,0.012144924555665732,0.0,0.0,0.0,0.030899929640826974,0.0,0.0,0.0,2.644737501578e-58,0.0,0.0,0.0,2.2136081155637995e-140,0.0,0.0,0.0,2.244126019789562e-217,0.0,0.0,0.0,2.951314400560936e-82,0.0,0.0,0.0,3.2149662944734917e-131,0.0,0.0,0.0,2.5302860436192083e-47,0.0,0.0,0.0,0.0,0.0,0.0,0.0,2.200684105763018e-168,0.0,0.0,0.0,0.04899439243530137,0.0,0.0,0.0,8.910666785427478e-163,0.0,0.0,0.0,0.03562290371077693,0.0,0.0,0.0,0.02919217977518366,0.0,0.0,0.0,3.9621185780726505e-139,0.0,0.0,0.0,1.5559567851311004e-176,0.0,0.0,0.0,4.431941232185668e-106,0.0,0.0,0.0,0.06401536349553308,0.0,0.0,0.0,0.02316919805257465,0.0,0.0,0.0,1.7994296659421522e-135,0.012259930703328505,0.0,0.0,1.7563051566954378e-107,0.0,0.0,0.0,0.03813253620241649,0.0,0.0,0.0,2.19266878943345e-93,0.0,0.0,0.0,1.336937066963849e-98,0.0,0.0,0.0,0.025883684683197274,0.0,0.0,0.0,0.02825738451394433,0.0,0.0,0.0,2.3546789277643505e-133,0.0,0.0,0.0,4.141848838365685e-115,0.0,0.0,0.0,0.012537015206928449,0.0,0.0,0.0,1.2088596282375385e-67,0.0,0.0,0.0,0.051136483569992196,0.0,0.0,0.0,0.014806682389920374,0.0,0.0,0.0,9.463886561656463e-210,0.0,0.0,0.0,0.012708925863117691,0.0,0.0,0.0,3.143950947293994e-208,0.0,0.0,0.0,2.4187307744545124e-92,0.0,0.0,0.0,0.02453021615037361,0.0,0.0,0.0,0.012270151834542211,0.0,0.0,0.0,0.0,0.0,0.0,0.0,0.0,0.0,0.0,2.1258937716821617e-24,0.0,0.0,0.012264822338451305,0.0,0.0,0.0,0.0,0.0,8.445046734269561e-293,0.0,0.0,0.012264822338451305,0.0,0.0,0.0,0.0,0.0,0.0
0.0,0.0,0.0,0.0,0.0,0.0,0.0,0.0,0.0,0.0,0.0,0.0,0.0,0.0,0.0,0.0,0.0,0.0,0.0,0.0,0.0,0.0,0.0,0.0,0.0,3.0219219000919807e-208,0.0,0.0,0.0,3.370664364486076e-175,0.0,0.0,0.0,0.0,0.0,0.0,0.0,3.912704052290574e-80,0.0,0.0,1.764266325062025e-267,0.01733556534255787,0.0,0.0,0.0,0.02067485958552665,0.0,0.0,0.0,1.132324702554272e-259,0.0,0.0,1.1037819581419134e-167,3.270996641271049e-61,0.0,0.0,0.0,2.0422631998333147e-17,0.0,0.0,0.0,2.039655744265647e-80,0.0,0.0,3.682090844843891e-114,0.010351099205436774,0.0,0.0,0.0,2.02554026908491e-68,8.351329631002737e-184,0.0,0.0,0.0398154978674933,1.8692242936567691e-233,0.0,0.0,2.83620665995962e-49,0.0,0.0,0.0,1.7584208796566083e-42,0.0,0.0,2.7315240112789403e-251,0.03342027634717978,0.0,0.0,6.170197215246025e-119,3.1828912247815644e-22,0.0,0.0,0.0,0.03519049343485347,0.0,0.0,4.712199135191177e-99,0.01108899838033658,0.0,0.0,1.2869630696742127e-269,0.0480044269247986,0.0,0.0,0.0,2.2429780077773088e-11,0.0,0.0,0.0,0.04390071122929155,0.0,0.0,0.0,1.510717062926293e-16,0.0,0.0,6.247770331125608e-96,0.04512900632417013,0.0,0.0,0.0,0.0035246996669616717,0.0,0.0,0.0,3.628437896506215e-10,0.0,0.0,5.269283727774119e-105,0.03550142909339555,0.0,0.0,0.0,2.3254851846538174e-131,0.0,0.0,0.0,0.00034756132354409476,0.0,0.0,1.087068199134754e-95,0.06883651334173571,0.0,0.0,0.0,0.010811932665765807,0.0,0.0,1.6924481116350322e-298,0.016691529532893195,0.0,0.0,3.2439520964391635e-112,0.010880086098212487,0.0,0.0,0.0,0.020378007978075305,0.0,0.0,0.0,0.09419227663724082,0.0,0.0,0.0,0.0007671559049406357,0.0,0.0,0.0,4.301138422099952e-96,0.0,0.0,0.0,0.06728936059029918,0.0,0.0,8.620047615017637e-214,0.031047911070856016,0.0,0.0,0.0,1.853423554074085e-199,0.0,0.0,2.395510416033246e-14,0.010347068234564551,0.0,0.0,0.0,0.04204006570878725,0.0,0.0,0.0,0.007920216827888167,0.0,0.0,0.0,0.03786721020252268,0.0,0.0,0.0,4.4212314985626687e-153,0.0,0.0,0.0,0.031552805664860274,0.0,0.0,0.0,0.020752578101962096,0.0,0.0,0.0,0.0,0.0,0.0,0.0,0.01119528367166314,0.0,0.0,0.0,1.1866183486772874e-114,0.0,0.0,0.0,2.80339578158302e-107,0.0,0.0,0.0,1.3013671842000467e-56,0.0,0.0,0.0,0.03152458032379823,0.0,0.0,3.154234586366447e-130,3.5481562290969426e-19,0.0,0.0,0.0,0.03371927462653742,0.0,0.0,4.351507548771451e-229,0.010441794890340632,1.1240247395658077e-100,0.0,0.0,1.3153772967631456e-125,0.0,0.0,0.0,0.029926966490806464,0.0,0.0,0.0,1.430105892307677e-106,0.0,0.0,0.0,2.954294155387281e-180,0.0,0.0,0.0,5.214710182673348e-99,0.0,0.0,0.0,0.02662861855042798,0.0,0.0,0.0,0.010549586599812734,0.0,0.0,0.0,0.0,0.0,0.0,0.0,0.010355729093623636,0.0,0.0,0.0,2.5948269021394434e-16,0.0,0.0,0.0,2.319414988427269e-131,0.0,0.0,0.0,2.0714055463280428e-198,0.0,0.0,0.0,1.2864761217645063e-76,0.0,0.0,0.0,2.3929903749915953e-249,0.0,0.0,0.0,7.866182204385762e-118,0.0,0.0,0.0,3.018777254879244e-143,0.0,0.0,0.0,1.4981613389554252e-82,0.0,0.0,0.0,3.9386494089953004e-78,0.0,0.0,0.0,0.0,0.0,0.0,3.825001671735006e-178,0.0,0.0,0.0,0.009649912649826828,0.0,0.0,0.0,0.0,0.0,0.0,0.0,0.0,0.010348909431714645,0.0,0.0,0.0,0.0,0.0,0.0,0.0,0.0,0.0
0.0,0.0,0.0,0.0,0.0,8.867729101181035e-206,0.0,0.0,2.6546915481350292e-269,1.3160438264273924e-95,0.0,0.0,0.0,1.9938446646284623e-136,0.0,0.0,0.0,8.694576046245079e-9,0.0,0.0,0.0,4.0715949304237905e-125,0.0,0.0,0.0,0.006263908613952061,0.0,0.0,8.952057608525158e-275,4.156329538717324e-16,0.0,0.0,1.5991e-319,7.406146598406843e-84,0.0,0.0,1.4518963646920145e-220,0.0027326926299273144,0.0,0.0,6.16153553159516e-172,0.036611581362720746,6.867934861768787e-195,0.0,6.411585065045237e-109,0.03543778806643607,0.0,0.0,1.651112606627053e-249,0.12548212888260088,1.4480010833052868e-278,0.0,4.6636515389048885e-127,0.0896548948324447,1.657529789672993e-283,0.0,1.2213708371281493e-173,0.008975464673587152,6.224530113537846e-284,0.0,2.37e-321,0.04449149125617349,0.0,0.0,2.3571432438501656e-113,0.04339066596941234,5.005659938041326e-129,0.0,3.672287993637517e-250,0.5067792816197358,3.276408200064146e-245,0.0,6.687658284506919e-163,0.0014727106970778036,1.3236709392360611e-164,0.0,0.0,0.037661158240454656,0.0,0.0,4.804805237390172e-263,0.012679525082133958,1.6430318320277236e-193,0.0,1.525440110456016e-304,0.027840660651115127,6.084000439635471e-272,0.0,4.29544184504727e-140,3.3611229649879534e-29,1.511421347960168e-126,0.0,0.0,0.0019257804288608682,1.6552464011370302e-273,0.0,1.788363733270682e-287,2.875548233216725e-68,0.0,0.0,0.0,1.2998925968909454e-25,4.565271593212421e-167,0.0,0.0,4.894410820716714e-61,1.8e-322,0.0,0.0,3.609522764286442e-66,1.8016730909637133e-256,0.0,0.0,0.0010740167036223027,0.0,0.0,6.860275289881513e-242,1.9915691264767166e-48,0.0,0.0,0.0,9.178514899894535e-24,0.0,0.0,1.3668456724918002e-161,0.00037492821269916553,0.0,0.0,0.0,5.174733823153254e-105,0.0,0.0,0.0,8.11815662331847e-61,0.0,0.0,0.0,1.8390797194469268e-74,0.0,0.0,0.0,5.463694232889379e-75,3.048767589436035e-246,0.0,0.0,5.861176910636434e-215,1.16e-321,0.0,0.0,1.1414004167372852e-55,0.0,0.0,0.0,1.910425253384772e-79,0.0,0.0,0.0,2.2071779685601334e-22,0.0,0.0,0.0,3.8879020595990686e-119,0.0,0.0,0.0,0.007806282271330448,0.0,0.0,0.0,4.1500774261245285e-76,0.0,0.0,0.0,7.118808244475561e-67,0.0,0.0,0.0,1.2805946572354487e-240,0.0,0.0,0.0,2.1245207190323105e-245,0.0,0.0,0.0,7.161196543185576e-204,0.0,0.0,0.0,6.791447104452521e-89,0.0,0.0,0.0,6.409735322790447e-71,0.0,0.0,0.0,0.004083829831087037,0.0,0.0,0.0,0.0,0.0,0.0,0.0,6.481225455861851e-38,0.0,0.0,0.0,1.0075251998859661e-177,0.0,0.0,0.0,7.039706159552757e-309,0.0,0.0,0.0,4.3906421703648466e-126,0.0,0.0,0.0,7.5332812050472385e-124,0.0,0.0,0.0,1.672764248990389e-127,0.0,0.0,0.0,5.565939971776794e-138,0.0,0.0,0.0,4.402767710630685e-143,0.0,0.0,0.0,1.2339400684052653e-136,0.0,0.0,0.0,0.0026095748844939797,0.0,0.0,0.0,1.1126918643285427e-130,0.0,0.0,0.0,0.0,0.0,0.0,0.0,0.0026516263955575752,0.0,0.0,0.0,1.08375439767511e-309,0.0,0.0,0.0,0.0,0.0,0.0,0.0,0.0,0.0,0.0,0.0,4.730874646090555e-143,0.0,0.0,0.0,9.985520904768217e-122,0.0,0.0,0.0,0.0,0.0,0.0,0.0,3.3910925233337174e-111,0.0,0.0,0.0,7.911845999206712e-183,0.0,0.0,0.0,0.0,0.0,0.0,0.0,1.1463954843360264e-215,0.0,0.0,0.0,3.0989542672879265e-258,0.0,0.0,0.0,0.0,0.0,0.0,0.0,7.336606201274368e-53,0.0,0.0,0.0,0.0,0.0,0.0,0.0,0.0,0.0,0.0,0.0,0.0,0.0,0.0,0.0,0.0,0.0,0.0,0.0,0.0,0.0,0.0,0.0,0.0,0.0,0.0,0.0,0.0,0.0,0.0,0.0,1.0520113681557534e-93,0.0,0.0,0.0,0.0,0.0,0.0,0.0,0.0,0.0
0.0,0.0,0.0,0.0,0.0,0.0,0.0,0.0,0.0,0.0,0.0,0.0,0.0,0.0,0.0,0.0,0.0,0.0,5.477357250320472e-179,0.0,0.0,0.0,6.177183241233664e-28,0.0,0.0,0.0,0.0,0.0,0.0,0.0,5.985290795043956e-139,0.0,0.0,0.0,0.0,0.0,0.0,0.0,2.1049490311141818e-190,0.0,0.0,0.0,0.0,0.0,0.0,0.0,9.60730131326347e-68,0.0,0.0,0.0,5.69530608760455e-295,0.0,0.0,0.0,2.0983361966755735e-187,0.0,0.0,0.0,1.3344430064071354e-150,0.0,0.0,0.0,0.0030358735419518533,0.0,0.0,0.0,3.886625177199167e-154,0.0,0.0,0.0,9.164294988369923e-9,0.0,0.0,0.0,3.9989903592387e-26,0.0,0.0,0.0,9.648930750447612e-61,0.0,0.0,0.0,2.3818070321260978e-93,0.0,0.0,0.0,5.06705161664153e-79,0.0,0.0,0.0,4.0558222206231834e-13,0.0,0.0,0.0,0.09237161861740947,0.0,0.0,0.0,2.007495999257058e-14,0.0,0.0,0.0,5.2862300725019686e-23,0.0,0.0,0.0,0.19887983736947076,0.0,0.0,0.0,6.384715634924851e-172,0.0,0.0,0.0,4.5613139231924925e-41,0.0,0.0,0.0,1.486294964804301e-152,0.0,0.0,0.0,9.637526731873295e-251,0.0,0.0,0.0,6.126890581545814e-71,0.0,0.0,0.0,4.402979033868599e-109,0.0,0.0,0.0,2.7912427789297535e-158,0.0,0.0,0.0,2.0567339938342728e-51,0.0,0.0,0.0,5.149530111253827e-147,0.0,0.0,0.0,1.8963138127913678e-54,0.0,0.0,0.0,1.1215388206711454e-90,0.0,0.0,0.0,2.0019325846817793e-163,0.0,0.0,0.0,2.45964087529717e-301,0.0,0.0,0.0,0.05132812377010269,0.0,0.0,0.0,2.1624809958244588e-190,0.0,0.0,0.0,7.89199469489486e-96,0.0,0.0,0.0,0.09560501047486124,0.0,0.0,0.0,2.627038516198458e-175,0.0,0.0,0.0,2.669958223281253e-38,0.0,0.0,0.0,2.1234423127960085e-157,0.0,0.0,0.0,1.6419509160302104e-111,0.0,0.0,0.0,1.9879760189645545e-151,0.0,0.0,0.0,9.05907652328237e-143,0.0,0.0,0.0,8.260985867672007e-137,0.0,0.0,0.0,1.7330354527677184e-149,0.0,0.0,0.0,0.08212668022429498,0.0,0.0,0.0,0.0004425289122278642,0.0,0.0,0.0,3.3334761911267845e-155,0.0,0.0,0.0,0.3781730076065524,0.0,0.0,0.0,4.463673098978621e-180,0.0,0.0,0.0,1.8537447508832202e-69,0.0,0.0,0.0,8.188948998219586e-37,0.0,0.0,0.0,0.046732520599724194,0.0,0.0,0.0,4.451123896023128e-6,0.0,0.0,0.0,4.229147597171398e-113,0.0,0.0,0.0,0.0,0.0,0.0,0.0,2.169619688048811e-77,0.0,0.0,0.0,2.397975119423932e-247,0.0,0.0,0.0,1.0380684814227418e-159,0.0,0.0,0.0,2.7167317681048237e-277,0.0,0.0,0.0,5.728529474099377e-201,0.0,0.0,0.0,6.473346198339029e-138,0.0,0.0,0.0,4.231491765606577e-123,0.0,0.0,0.0,0.0,0.0,0.0,0.0,0.0,0.0,0.0,0.0,0.0,0.0,0.0,0.0,0.0,0.0,0.0,0.0,0.0513003385947877,0.0,0.0,0.0,5.834910162239653e-221,0.0,0.0,0.0,0.0,0.0,0.0,0.0,1.8423267654255903e-180,0.0,0.0,0.0,9.854659180015402e-109,0.0,0.0,0.0,0.0,0.0,0.0,0.0,0.0,0.0,0.0,1.4259613508593276e-100,0.0,0.0,0.0,0.0,0.0,0.0,0.0,0.0,0.0,0.0,0.0,0.0,0.0,0.0,0.0,0.0,0.0,0.0,0.0,0.0,0.0
0.0,0.0,0.0,0.0,0.0,0.0,0.0,4.536403511704849e-110,0.0,0.0,0.0,0.0,0.0,0.0,0.0,1.1826354521163872e-45,0.0,0.0,0.0,1.6210792836759559e-77,0.0,0.0,0.0,8.448730653067504e-136,0.0,0.0,0.0,0.0,0.0,0.0,0.0,9.764566393948627e-10,0.0,0.0,0.0,3.07355001449266e-85,0.0,0.0,0.0,2.2058533550968693e-8,5.569372704303343e-114,0.0,0.0,0.06471866593929894,0.0,0.0,0.0,0.14267333356704204,0.0,0.0,0.0,0.08524863064630935,0.0,0.0,0.0,0.11120688445372369,4.9335802947859896e-92,0.0,0.0,3.3405259378512054e-38,5.116434527272524e-91,0.0,0.0,0.1425646401067999,0.0,0.0,0.0,0.3881738948134329,1.066238466131614e-145,0.0,0.0,1.917146084275456e-17,1.998689408856279e-146,0.0,0.0,1.705774027236869e-20,0.0,0.0,0.0,0.032159914340998,0.0,0.0,0.0,1.221137043402455e-23,0.0,0.0,0.0,0.019127147177202774,0.0,0.0,0.0,2.95009992014346e-211,0.0,0.0,0.0,2.5745936312679603e-94,0.0,0.0,0.0,3.9825090381057015e-15,0.0,0.0,0.0,1.5427157106143107e-104,0.0,0.0,0.0,8.826535174149058e-208,0.0,0.0,0.0,2.2823264274787126e-130,0.0,0.0,0.0,3.404979187310986e-57,0.0,0.0,0.0,0.014126865920198286,0.0,0.0,0.0,4.6538643128329395e-78,0.0,0.0,0.0,5.8297101184736185e-62,0.0,0.0,0.0,3.291919219929289e-94,0.0,0.0,0.0,3.209901222736993e-120,0.0,0.0,0.0,2.4344795133581868e-141,0.0,0.0,0.0,5.772222249727295e-252,0.0,0.0,0.0,0.0,0.0,0.0,0.0,5.697569460054485e-195,0.0,0.0,0.0,7.580431962085697e-102,0.0,0.0,0.0,1.8915360725693026e-77,0.0,0.0,0.0,1.7357418337e-314,0.0,0.0,0.0,0.0,0.0,0.0,0.0,0.0,0.0,0.0,0.0,7.295535401915705e-204,0.0,0.0,0.0,0.0,0.0,0.0,0.0,0.0,0.0,0.0,0.0,0.0,0.0,0.0,0.0,0.0,0.0,0.0,0.0,0.0,0.0,0.0,0.0,0.0,0.0,0.0,0.0,0.0,0.0,0.0,0.0,0.0,0.0,0.0,0.0,0.0,0.0,0.0,0.0,0.0,0.0,0.0,0.0,0.0,0.0,0.0,0.0,0.0,0.0,0.0,0.0,0.0,0.0,0.0,0.0,0.0,0.0,0.0,0.0,0.0,0.0,0.0,0.0,0.0,0.0,0.0,0.0,0.0,0.0,0.0,0.0,1.9839467878383943e-80,0.0,0.0,0.0,0.0,0.0,0.0,0.0,0.0,0.0,0.0,0.0,0.0,0.0,0.0,0.0,0.0,0.0,0.0,0.0,0.0,0.0,0.0,0.0,0.0,0.0,0.0,0.0,0.0,0.0,0.0,0.0,0.0,0.0,0.0,0.0,0.0,0.0,0.0,0.0,0.0,0.0,0.0,0.0,0.0,0.0,0.0,0.0,0.0,0.0,0.0,0.0,0.0,0.0,0.0,0.0,0.0,0.0,0.0,0.0,0.0,0.0,0.0,0.0,0.0,0.0,0.0,0.0,7.305778688965005e-136,0.0,0.0,0.0,0.0,0.0,0.0,0.0,0.0,0.0,0.0,0.0,0.0,0.0,0.0,0.0,0.0,0.0,0.0,0.0,0.0,0.0,0.0,0.0,0.0,0.0,0.0,0.0,0.0,0.0,0.0,0.0
0.0,0.0,0.0,0.0,0.0,0.0,0.0,0.0,0.0,0.0,0.0,0.0,0.0,0.0,0.0,0.0,0.0,0.0,0.0,0.0,0.0,0.0,0.0,0.0,0.0,0.0,0.0,0.0,0.0,0.0,0.0,0.0,0.0,0.0,0.0,0.0,0.0,0.0,0.0,0.0,0.0,0.0,0.0,0.0,0.0,0.0,0.0,0.0,0.0,0.0,0.0,0.0,0.0,0.0,0.0,0.0,0.0,0.0,2.21304444594e-312,0.0,0.0,7.606135040656807e-275,7.923156648581597e-258,0.0,0.0,0.0,0.0,0.0,0.0,0.0,4.105688071588616e-160,0.0,0.0,0.0,8.184454682532759e-193,0.0,0.0,0.0,0.0,0.0,0.0,0.0,1.3212027753195676e-285,0.0,0.0,0.0,0.0,0.0,0.0,0.0,0.0,0.0,0.0,0.0,7.51951749503074e-141,0.0,0.0,0.0,1.1626710899809348e-157,0.0,0.0,0.0,2.3341997959410762e-238,0.0,0.0,0.0,1.514064530972279e-191,0.0,0.0,0.0,0.0,0.0,0.0,0.0,0.0,0.0,0.0,0.0,0.0,0.0,0.0,0.0,0.0,0.0,0.0,0.0,2.6988068890880566e-88,0.0,0.0,0.0,0.04090738531014054,0.0,0.0,0.0,7.51748965296555e-269,0.0,0.0,0.0,2.1668681026739045e-195,0.0,0.0,0.0,1.4551870799925908e-151,0.0,0.0,0.0,5.513360778491189e-180,0.0,0.0,0.0,5.803721352543466e-84,0.0,0.0,0.0,1.1298366437101313e-38,0.0,0.0,0.0,1.0988536528707084e-142,0.0,0.0,0.0,1.6573688413385404e-53,0.0,0.0,0.0,0.0,0.0,0.0,0.0,2.436283e-317,0.0,0.0,0.0,0.0529117803272623,0.0,0.0,0.0,7.995437645406823e-254,0.0,0.0,0.0,0.02244583721912834,0.0,0.0,0.0,0.0,0.0,0.0,0.0,6.5285695868102526e-192,0.0,0.0,0.0,1.3412718475714248e-107,0.0,0.0,0.0,1.2520861033857497e-102,0.0,0.0,0.0,0.0,0.0,0.0,0.0,2.767920981132404e-148,0.0,0.0,0.0,3.7250061440168e-132,0.0,0.0,0.0,1.847160419959685e-40,0.0,0.0,0.0,2.622985487767557e-96,0.0,0.0,0.0,1.456348203823948e-78,0.0,0.0,0.0,0.0,0.0,0.0,0.0,5.518641377697111e-69,0.0,0.0,0.0,0.2402716419576046,0.0,0.0,0.0,0.30941127546887814,0.0,0.0,0.0,0.04208222545788219,0.0,0.0,0.0,0.06455680976203924,0.0,0.0,0.0,0.02023704511920045,0.0,0.0,0.0,1.9089496944587598e-20,0.0,0.0,0.0,0.061379503194446156,0.0,0.0,0.0,1.0881135019087139e-92,0.0,0.0,0.0,0.04240560961743467,0.0,0.0,0.0,7.887778406132046e-205,0.0,0.0,0.0,0.042036661780290384,0.0,0.0,0.0,4.761292111232715e-50,0.0,0.0,0.0,4.415937708266934e-46,0.0,0.0,0.0,0.0,0.0,0.0,0.0,4.708941579335156e-108,0.0,0.0,0.0,1.2324021593177577e-86,0.0,0.0,0.0,5.27737994406694e-29,0.0,0.0,0.0,4.168737386943053e-58,0.0,0.0,0.0,0.0,0.0,0.0,0.0,7.606783236479399e-48,0.0,0.0,0.0,5.868759433184059e-66,0.0,0.0,0.0,0.0,0.0,0.0,0.0,0.0,0.0,0.0,0.04090257073249829,0.0,0.0,0.0,0.0,0.0,0.0,0.020451654053194632,0.0,0.0,0.0,0.0,0.0,0.0,0.0,0.0,0.0,0.0,0.0,0.0,0.0,0.0
0.0,0.0,0.0,0.0,0.0,0.0,0.0,0.0,0.0,0.0,0.0,0.0,0.0,0.0,0.0,0.0,0.0,0.0,0.0,0.0,0.0,0.0,0.0,0.0,0.0,0.007142053883272936,0.0,0.0,0.0,4.62595249223154e-211,0.0,0.0,0.0,0.0,0.0,0.0,0.0,3.928787349820466e-99,0.0,0.0,0.0,1.5189124713297114e-135,0.0,0.0,0.0,8.210094458984587e-297,0.0,0.0,0.0,7.765107131780299e-136,0.0,0.0,4.438371225562786e-179,5.465478053784004e-123,0.0,0.0,0.0,6.586839320604468e-33,1.1700856784940974e-209,0.0,7.256673597702991e-306,1.5867600528421623e-152,0.0,0.0,0.0,2.2331463739497072e-131,0.0,0.0,4.81087107e-315,0.007872551507538322,3.3578449820955745e-292,0.0,1.326063347931296e-212,1.3101196418007551e-45,2.2588493181124543e-224,0.0,0.0,4.660348004549726e-38,0.0,0.0,0.0,1.9652626803554897e-50,0.0,0.0,0.0,1.4218668648224223e-78,0.0,0.0,0.0,1.0992116903152316e-53,1.0432547455547494e-172,0.0,0.0,1.9197143463259786e-109,7.037497475056202e-275,0.0,7.723588764750656e-245,1.9026946645754863e-13,0.0,0.0,0.0,4.431588045193795e-97,0.0,0.0,0.0,5.302194448828242e-55,0.0,0.0,0.0,2.0447698233844283e-52,2.156329075871121e-277,0.0,0.0,0.00608773973030945,0.0,0.0,0.0,2.5588767588165526e-52,0.0,0.0,0.0,3.19833117990884e-57,0.0,0.0,0.0,2.967350078077066e-89,0.0,0.0,4.9207475507218804e-228,1.0079661843057379e-36,0.0,0.0,0.0,2.109810909874184e-110,0.0,0.0,0.0,3.384061786309506e-45,0.0,0.0,4.149325421787797e-231,1.2776873530015917e-24,0.0,0.0,0.0,0.009597639535660712,4.664237308016519e-288,0.0,0.0,0.05752423547398432,0.0,0.0,8.860493675362819e-145,0.00025343908005167893,0.0,0.0,0.0,1.4712129675909705e-67,0.0,0.0,0.0,0.01299168802766156,0.0,0.0,0.0,0.007178614722269804,0.0,0.0,0.0,0.0075801303427109005,0.0,0.0,0.0,3.7063539497499346e-60,0.0,0.0,0.0,5.5444648184927345e-133,0.0,0.0,0.0,8.756466895577225e-207,0.0,0.0,0.0,5.6848257687627095e-83,0.0,0.0,0.0,2.5725291256871834e-150,0.0,0.0,0.0,2.1117152139051039e-29,0.0,0.0,0.0,2.5197143689833157e-10,0.0,0.0,0.0,0.021435962819087835,0.0,0.0,0.0,9.939835012457414e-168,0.0,0.0,0.0,1.7813809763803392e-136,0.0,0.0,0.0,6.47040882091205e-34,0.0,0.0,0.0,2.881265360780892e-72,0.0,0.0,0.0,0.0,0.0,0.0,0.0,3.167761658260911e-11,0.0,0.0,0.0,0.049170593096754,0.0,0.0,9.95130762076573e-72,0.04470067098346563,0.0,0.0,0.0,0.058828088888490546,0.0,0.0,0.0,0.014838717455387796,0.0,0.0,3.449268865973407e-274,0.07824074009393203,0.0,0.0,0.0,0.06417854636096172,0.0,0.0,0.0,0.007015958830210555,0.0,0.0,0.0,0.08227032167295642,0.0,0.0,0.0,0.04278569757397448,0.0,0.0,0.0,1.212868311135841e-8,0.0,0.0,0.0,0.007664766584069686,0.0,0.0,0.0,0.024468655772786264,0.0,0.0,0.0,0.09270234474361137,0.0,0.0,0.0,0.0385106449218651,0.0,0.0,0.0,1.4069101519491949e-49,0.0,0.0,0.0,0.03444703645610007,0.0,0.0,0.0,0.02786840226801035,0.0,0.0,0.0,1.9001116175320195e-117,0.0,0.0,0.0,0.04252748919865024,0.0,0.0,0.0,9.506270015814081e-300,0.0,0.0,0.0,0.01665793958063182,0.0,0.0,0.0,0.07080222427142811,0.0,0.0,0.0,0.049913548521572884,0.0,0.0,0.0,0.007130949595662413,0.0,0.0,7.928640964769786e-208,0.0,0.0,0.0,0.007612595594408621,0.0,0.0,1.6937003105991236e-208,0.0,0.0,0.0,0.0,0.0,5.393968171455408e-53,0.0,0.0,0.0,0.0,0.0,0.0,0.0,0.0,0.0
0.0,0.0,0.0,0.0,0.0,0.0,0.027626780581332347,0.0,0.0,0.0,0.011265644949341853,0.0,0.0,0.0,0.01838962760811845,0.0,0.0,0.0,0.01439182405454276,0.0,0.0,0.0,0.016857756349144548,0.0,0.0,0.0,0.024639126319411588,0.0,0.0,0.0,0.01377683983921788,0.0,0.0,9.817333453629061e-98,2.552132644850885e-57,0.0,0.0,2.8833279431622307e-92,0.7183834626022809,6.852415368819691e-140,0.0,7.409620393305908e-130,0.007013522371369732,0.0,0.0,4.1506645524230483e-97,0.05614566042122109,0.0,0.0,7.203907015229093e-112,7.1068563083685e-13,0.0,0.0,1.3316111522708423e-111,0.032718577134284346,0.0,0.0,0.0,0.012878733276066022,0.0,0.0,2.1479721777379926e-163,0.003634492046738262,0.0,0.0,2.4737654418043533e-139,1.4130326149872829e-56,0.0,0.0,4.150271726798242e-206,2.2404136099145613e-59,0.0,0.0,7.006040993138401e-116,2.0286463373647964e-92,0.0,0.0,0.0,9.261635922729904e-95,0.0,0.0,0.0,0.008095934331237665,0.0,0.0,1.3032280152635272e-193,1.039616681697293e-125,0.0,0.0,0.0,4.578036326349983e-108,0.0,0.0,0.0,6.491754734344647e-148,0.0,0.0,0.0,2.4048339297004402e-167,0.0,0.0,1.3334740901033984e-83,5.073135369695416e-233,0.0,0.0,0.0,1.6766033598295828e-220,0.0,0.0,0.0,0.005612157969929207,0.0,0.0,0.0,0.0,0.0,0.0,0.0,8.952246746983019e-210,0.0,0.0,0.0,9.914908256504754e-211,0.0,0.0,0.0,3.7400293523019356e-165,0.0,0.0,0.0,4.816064118955306e-303,0.0,0.0,0.0,3.459906806901004e-204,0.0,0.0,0.0,1.4895496141336898e-186,0.0,0.0,0.0,4.1192686531551226e-83,0.0,0.0,0.0,0.0001118083463866122,0.0,0.0,0.0,0.0,0.0,0.0,0.0,5.64473407908882e-159,0.0,0.0,0.0,0.017236711290865132,0.0,0.0,0.0,6.837483366370255e-31,0.0,0.0,0.0,1.419606724814476e-35,0.0,0.0,2.5652933076192604e-196,0.0,0.0,0.0,0.0,7.52400390477679e-206,0.0,0.0,0.0,3.4798695563357635e-100,0.0,0.0,0.0,1.8467571221522093e-187,0.0,0.0,0.0,0.0,0.0,0.0,0.0,0.0,0.0,0.0,0.0,0.0,0.0,0.0,0.0,1.0518624649342038e-143,0.0,0.0,0.0,1.32862e-317,0.0,0.0,0.0,0.0,0.0,0.0,0.0,0.0,0.0,0.0,0.0,0.0,0.0,0.0,0.0,2.349057157668393e-59,0.0,0.0,0.0,0.0,0.0,0.0,0.0,0.0,0.0,0.0,0.0,0.005606568758454429,0.0,0.0,0.0,1.700943742070001e-269,0.0,0.0,0.0,0.0056147717493465485,0.0,0.0,0.0,2.1647316138447996e-160,0.0,0.0,0.0,0.0,0.0,0.0,0.0,0.0,0.0,0.0,0.0,0.0,0.0,0.0,0.0,0.0,0.0,0.0,0.0,0.0,0.0,0.0,0.0,1.4497571804494124e-42,0.0,0.0,0.0,0.0,0.0,0.0,0.0,0.0,0.0,0.0,0.0,0.0,0.0,0.0,0.0,0.0,0.0,0.0,0.0,0.0,0.0,0.0,0.0,0.0,0.0,0.0,0.0,0.0,0.0,0.0,0.0,0.0,0.0,0.0,0.0,0.0,0.0,0.0,0.0,0.0,0.0,0.0,0.0,0.0,0.0,0.0,0.0,0.0,0.0,0.0,0.0,0.0,0.0,0.0,0.0,0.0,0.0,0.0,0.0,0.0,0.0,0.0,0.0,0.0,0.0,0.0,0.0,0.0,0.0,0.0,0.0,0.0,0.0,0.0,0.0,0.0,0.0,0.0,0.0,0.0
0.0,0.0,0.0,0.0,0.0,0.0,0.0,0.0,0.0,0.0,0.0,0.0,0.0,0.0,0.0,0.0,0.0,0.0,0.0,0.0,0.0,0.0,0.0,0.0,0.0,0.0,0.0,0.0,0.0,0.0,0.0,0.0,0.0,0.0,0.0,0.0,0.0,0.0,0.0,2.761e-320,0.0,0.0,0.0,0.0,0.0,0.0,0.0,1.3148111305985263e-18,0.0,0.0,0.0,2.002184638172538e-252,0.0,0.0,0.0,5.682992432170422e-95,0.0,0.0,0.0,5.952952090847e-312,0.0,0.0,0.0,1.5612533952065564e-296,0.0,0.0,0.0,1.1184983414726794e-230,0.0,0.0,4.070789303022554e-227,1.3629729173654077e-167,0.0,0.0,0.0,1.9513055181482208e-305,0.0,0.0,3.3398792927276255e-111,4.233030126506302e-45,0.0,0.0,2.71409063911508e-194,6.255755835669517e-111,0.0,0.0,0.0,0.026554151227595954,0.0,0.0,1.6528884776523923e-55,6.0512333104065965e-77,0.0,0.0,1.5563646879893955e-107,0.07499991556975041,0.0,0.0,8.922981330339299e-38,3.6011588003452516e-16,0.0,0.0,8.858722591038032e-141,7.806600867097927e-44,0.0,0.0,7.418580286729873e-18,0.06775892496401051,0.0,0.0,2.9580580749730815e-6,0.22889585693371992,0.0,0.0,2.3361448998145048e-38,0.28187615495347706,0.0,0.0,3.637564835236285e-18,0.2846516894234223,0.0,0.0,0.0,0.019424900086111,0.0,0.0,2.3325038078967695e-77,1.0522241706802807e-17,0.0,0.0,2.6765006738176533e-47,6.617607363784383e-93,0.0,0.0,4.278685668590047e-76,1.9075102715946092e-7,0.0,0.0,2.1475877113378502e-87,0.015835256800768565,0.0,0.0,4.278377983058371e-67,1.2320419764206405e-9,0.0,0.0,0.0,4.009622326227953e-51,0.0,0.0,1.7850279077140877e-299,5.684867478321676e-63,0.0,0.0,1.8769910849594302e-86,1.0616754326156808e-19,0.0,0.0,0.0,9.161788953669472e-50,0.0,0.0,1.7078681969943413e-32,8.225929575796058e-158,0.0,0.0,0.0,1.1497430521849303e-84,0.0,0.0,0.0,8.198735678309388e-31,0.0,0.0,0.0,4.7258367510715095e-132,0.0,0.0,0.0,1.2548976364593086e-131,0.0,0.0,0.0,2.2966360191186245e-112,0.0,0.0,0.0,0.0,0.0,0.0,7.502064319618696e-22,0.0,0.0,0.0,0.0,0.0,0.0,0.0,0.0,1.1e-322,0.0,0.0,0.0,0.0,0.0,0.0,0.0,2.5120576092450207e-146,0.0,0.0,0.0,0.0,0.0,0.0,0.0,4.2731145171516136e-190,0.0,0.0,0.0,0.0,0.0,0.0,0.0,8.834293455489536e-281,0.0,0.0,0.0,0.0,0.0,0.0,0.0,0.0,0.0,0.0,0.0,5.568145002552608e-23,0.0,0.0,0.0,0.0,0.0,0.0,3.067733592402642e-164,0.0,0.0,0.0,0.0,0.0,0.0,0.0,0.0,0.0,0.0,0.0,0.0,0.0,0.0,0.0,0.0,0.0,0.0,0.0,0.0,0.0,0.0,0.0,0.0,0.0,0.0,0.0,0.0,0.0,0.0,0.0,0.0,0.0,0.0,0.0,0.0,0.0,0.0,0.0,0.0,0.0,0.0,0.0,0.0,0.0,0.0,0.0,0.0,0.0,0.0,0.0,0.0,0.0,0.0,0.0,0.0,0.0,0.0,0.0,0.0,0.0,0.0,0.0,0.0,0.0,0.0,0.0,0.0,0.0,0.0,0.0,0.0,0.0,0.0,0.0,0.0,0.0,0.0,0.0,0.0,0.0,0.0,0.0,0.0,0.0,0.0,0.0,0.0,0.0,0.0,0.0,0.0,0.0,0.0,0.0,0.0,0.0,0.0,0.0,0.0,0.0,0.0,0.0,0.0
0.0,0.0,0.0,0.0,0.0,0.0,0.0,0.0,0.0,0.0,0.0,0.0,0.0,0.0,0.0,0.0,0.0,0.0,0.0,0.0,0.0,0.0,0.0,0.0,0.0,0.0,0.0,0.0,0.0,0.0,3.145008015097e-311,0.0,0.0,0.0,0.0,0.0,0.0,0.0,0.0,0.0,0.0,0.0,9.331170963069e-222,0.0,0.0,0.0,2.3949023001897487e-256,0.0,0.0,0.0,0.0,0.0,0.0,0.0,3.0563221127400015e-173,0.0,0.0,0.0,0.0,0.0,0.0,0.0,1.5229668936029258e-134,0.0,0.0,0.0,1.0254010740448196e-259,0.0,0.0,0.0,5.642297149180231e-54,0.0,0.0,0.0,7.065844297813941e-38,0.0,0.0,0.0,6.594038521091539e-171,0.0,0.0,0.0,2.136047767423229e-169,0.0,0.0,0.0,6.113724775036328e-121,0.0,0.0,0.0,0.053129002578338635,0.0,0.0,0.0,4.666107667753785e-78,0.0,0.0,0.0,1.8616565761400719e-90,0.0,0.0,0.0,1.88277178917184e-96,0.0,0.0,0.0,0.05036492285432848,0.0,0.0,0.0,1.834899944335212e-85,0.0,0.0,0.0,0.05236666310377824,0.0,0.0,0.0,6.102987193352281e-104,0.0,0.0,0.0,3.0902705182425397e-73,0.0,0.0,0.0,6.695174515258819e-23,0.0,0.0,0.0,4.820279073374313e-125,0.0,0.0,0.0,1.113466839983293e-95,0.0,0.0,0.0,2.400989632064684e-125,0.0,0.0,0.0,7.883545071251609e-120,0.0,0.0,0.0,7.815018321245863e-58,0.0,0.0,0.0,6.365267450514381e-82,1.8706026072477663e-270,0.0,0.0,9.368207744235637e-80,0.0,0.0,0.0,0.223133729622518,0.0,0.0,0.0,3.153196167624819e-79,0.0,0.0,0.0,1.9124895049882266e-132,1.4074465112030538e-301,0.0,0.0,1.0068615215845572e-70,0.0,0.0,0.0,1.2924916625158089e-98,0.0,0.0,0.0,1.7499213255323528e-110,0.0,0.0,0.0,1.4788204373607456e-158,0.0,0.0,0.0,1.2075809681273147e-151,0.0,0.0,0.0,5.945385611493302e-15,0.0,0.0,0.0,0.37651977578007234,0.0,0.0,0.0,2.9046055366374596e-111,0.0,0.0,0.0,7.945145032711242e-140,0.0,0.0,0.0,1.9818871627130926e-208,0.05066058401141503,0.0,0.0,3.5653304739595176e-180,1.4817659326191309e-134,0.0,0.0,1.455698726590593e-115,0.05066058401141503,0.0,0.0,3.635768273615408e-133,0.0,0.0,0.0,5.458347731536785e-91,0.0,0.0,0.0,1.99e-321,0.0,0.0,0.0,1.828349228565372e-63,0.0,0.0,0.0,2.6955631016644613e-86,0.0,0.0,0.0,7.840076355196957e-188,3.1174284461818304e-186,0.0,0.0,1.107730026318974e-189,8.509483816069382e-299,0.0,0.0,8.808996793279943e-65,2.1411984964554795e-296,0.0,0.0,8.742882314865023e-278,0.0,0.0,0.0,4.493065677284184e-71,0.0,0.0,0.0,6.90088496241916e-85,0.0,0.0,0.0,3.4361459541469314e-159,0.0,0.0,0.0,0.0925023274853559,0.0,0.0,0.0,8.862633202553205e-122,0.0,0.0,0.0,2.6383053430706865e-260,0.0,0.0,0.0,0.0,0.0,0.0,0.0,0.0,0.0,0.0,0.0,1.3827253388921765e-85,0.0,0.0,0.0,9.232743309442636e-278,0.0,0.0,0.0,2.1526704363330394e-250,0.0,0.0,0.0,5.942957999367497e-275,0.0,0.0,0.0,0.0,0.0,0.0,0.0,6.708578989189908e-294,0.0,0.0,0.0,0.0,0.0,0.0,0.0,3.122575029900023e-115,0.0,0.0,0.0,0.0,0.0,0.0,0.0,0.0,0.0,0.0,0.050662410552772236,0.0,0.0,0.0,0.0,0.0,0.0,0.0,0.0,0.0,0.0,0.0,0.0,0.0,0.0,0.0,0.0,0.0,0.0,0.0,0.0,0.0
0.0,0.0,0.0,0.0,0.0,0.0,0.0,0.0,0.0,0.0,0.0,0.0,0.0,0.0,0.0,0.0,0.0,0.0,0.0,0.0,0.0,0.0,0.0,0.0,0.0,0.0,0.0,0.0,0.0,0.0,0.0,0.0,0.0,0.0,0.0,0.0,0.0,0.0,0.0,0.0,0.0,0.0,0.0,0.0,0.0,0.0,5.172240203726679e-279,0.0,0.0,0.0,0.0,0.0,0.0,0.0,0.0,0.0,0.0,0.0,0.0,0.0,0.0,0.0,2.1947924e-316,0.0,0.0,0.0,0.0,0.0,0.0,0.0,0.0,0.0,0.0,0.0,6.6295513434130236e-167,0.0,0.0,0.0,2.5662111527344372e-59,0.0,0.0,0.0,6.733043943196269e-196,0.0,0.0,0.0,6.265785196553635e-162,0.0,0.0,0.0,2.803310140354372e-137,0.0,0.0,0.0,5.68416058633504e-221,0.0,0.0,0.0,1.2656347463054588e-176,0.0,0.0,0.0,3.4095847431922006e-158,3.974240916007053e-226,0.0,0.0,3.1354185008906438e-121,0.0,0.0,0.0,1.2198768114998e-209,5.63e-322,0.0,0.0,1.191146998622394e-208,0.0,0.0,0.0,1.3742342794418276e-135,0.0,0.0,0.0,7.437241887634999e-231,0.0,0.0,0.0,2.5590031794325853e-100,0.0,0.0,0.0,1.788364146882385e-64,0.0,0.0,0.0,9.151770055943535e-204,0.0,0.0,0.0,1.8696080400162425e-138,0.0,0.0,0.0,2.0623596820116036e-89,0.0,0.0,0.0,4.4606848843372326e-163,0.0,0.0,0.0,1.2070613673820637e-167,0.0,0.0,0.0,0.0,0.0,0.0,0.0,3.6912083512430134e-249,0.0,0.0,0.0,0.0,0.0,0.0,0.0,2.799507045692489e-216,0.0,0.0,0.0,0.0,0.0,0.0,0.0,2.2024654416307746e-54,0.0,0.0,0.0,6.370437275652825e-178,0.0,0.0,0.0,2.9165556916114832e-186,0.0,0.0,0.0,0.0,0.0,0.0,0.0,7.974897678645029e-229,0.0,0.0,0.0,0.0,0.0,0.0,0.0,1.663363383129078e-154,0.0,0.0,0.0,0.0,0.0,0.0,0.0,0.04869557328724754,0.0,0.0,0.0,0.0,0.0,0.0,0.0,0.0,0.0,0.0,0.0,3.37347092280143e-208,0.0,0.0,0.0,7.15907502381663e-200,0.0,0.0,0.0,0.0,0.0,0.0,0.0,2.0533913685707732e-111,0.0,0.0,0.0,0.056036636998296814,0.0,0.0,0.0,4.5385861977248625e-46,0.0,0.0,0.0,4.481797561104948e-90,0.0,0.0,0.0,0.05686436079519979,0.008139296381139248,0.0,0.0,3.072178939351636e-239,0.0,0.0,0.0,8.500839434545875e-58,0.0,0.0,0.0,0.00250580979223531,0.0,0.0,0.0,1.516891368501047e-70,0.0,0.0,0.0,4.5264034857257655e-241,0.0,0.0,0.0,3.277867173510191e-157,0.0,0.0,0.0,0.0,0.0,0.0,0.0,1.2881973785836417e-108,0.0,0.0,0.0,0.09738333208775077,0.0,0.0,0.0,0.0,0.0,0.0,0.0,0.04869166604387538,0.0,0.0,0.0,0.24345833021937682,0.0,0.0,0.0,0.0,0.0,0.0,0.0,0.3895333283510029,0.0,0.0,0.0,0.0,0.0,0.0,0.0,6.978475857160534e-22,0.0,0.0,0.0,0.0,0.0,0.0,0.0,0.0,0.0,0.0,0.0,0.04869166604387536,0.0,0.0,8.650960063027639e-61,0.0,0.0,0.0,0.0,0.0,0.0,0.0,0.0,0.0,0.0,0.0,0.0,0.0,0.0,0.0,0.0,0.0,0.0,0.0,0.0,0.0
0.0,0.0,0.0,0.0,0.0,0.0,0.0,0.0,0.0,0.0,5.852748087685163e-183,0.0,0.0,0.0,0.0,0.0,0.0,0.0,0.0,0.0,0.0,0.0,1.6421950617471635e-158,0.0,0.0,0.0,0.0,0.0,0.0,0.0,0.0,0.0,0.0,0.0,0.0,0.0,0.0,0.0,2.0294900027042094e-253,0.0,0.0,0.0,7.735543546378946e-178,0.0,0.0,0.0,3.3441736918835862e-239,0.0,0.0,0.0,0.0,0.0,0.0,0.0,0.0,0.0,0.0,0.0,3.418982548698621e-244,0.0,0.0,0.0,2.251198e-317,0.0,0.0,0.0,1.200755162906377e-163,0.0,0.0,0.0,5.10929531873825e-207,0.0,0.0,0.0,6.81241875149288e-79,0.0,0.0,0.0,2.8060588926206213e-298,0.0,0.0,0.0,3.8771381872353643e-149,0.0,0.0,0.0,0.0,0.0,0.0,0.0,1.1893957184780929e-170,0.0,0.0,0.0,8.009220509916119e-210,0.0,0.0,0.0,6.511281859435021e-166,0.0,0.0,0.0,1.0518940760334476e-151,0.0,0.0,0.0,6.010133559256913e-25,2.8199634634488366e-262,0.0,0.0,1.1096686103037404e-183,0.0,0.0,0.0,9.805748736169545e-59,0.0,0.0,0.0,1.1368550355121765e-97,0.0,0.0,0.0,7.682264305959146e-79,0.0,0.0,0.0,6.412728495320571e-182,0.0,0.0,0.0,1.639185537901011e-105,0.0,0.0,0.0,6.40221902108972e-52,0.0,0.0,0.0,3.2378968514981217e-41,0.0,0.0,0.0,0.08728165041910203,0.0,0.0,0.0,6.104118844495671e-130,0.0,0.0,0.0,2.461321995026032e-184,0.0,0.0,0.0,8.478492733692154e-29,0.0,0.0,0.0,9.512930384475931e-6,0.0,0.0,0.0,0.09785089648184239,0.0,0.0,0.0,1.1462252942721762e-37,0.0,0.0,0.0,1.4588207404239034e-12,0.0,0.0,0.0,2.801213341649815e-123,0.0,0.0,0.0,5.765413790524544e-11,0.0,0.0,0.0,0.028456145918683385,0.0,0.0,0.0,0.02228043457250232,0.0,0.0,0.0,0.04738661220894595,0.0,0.0,0.0,3.6375685886228695e-53,0.0,0.0,0.0,0.08082598858763604,0.0,0.0,0.0,0.20107965052455823,0.0,0.0,0.0,5.058812732583285e-105,0.0,0.0,0.0,5.3216666361767784e-114,0.0,0.0,0.0,5.318985581356261e-86,0.0,0.0,0.0,5.750455582329236e-46,0.0,0.0,0.0,2.573331165901841e-88,0.0,0.0,0.0,1.458423887709734e-86,0.0,0.0,0.0,0.13256892360893358,0.0,0.0,0.0,3.256244573278676e-46,0.0,0.0,0.0,0.14600650471715518,0.0,0.0,0.0,0.06718236629379513,0.0,0.0,0.0,7.76421371573964e-48,0.0,0.0,0.0,3.5599462521902234e-206,0.0,0.0,0.0,6.512035060284527e-202,0.0,0.0,0.0,1.3352887658928953e-259,0.0,0.0,0.0,7.641353654192496e-166,0.0,0.0,0.0,0.0,0.0,0.0,0.0,0.0,0.0,0.0,0.0,2.4346480699330377e-39,0.0,0.0,0.0,1.2874424137547865e-218,0.0,0.0,0.0,0.0,0.0,0.0,0.0,2.1545255906351083e-113,0.0,0.0,0.0,0.0,0.0,0.0,0.0,0.0,0.0,0.0,0.0,2.6083185496825927e-226,0.0,0.0,0.0,0.0,0.0,0.0,0.0,0.0,0.0,0.0,0.0,0.08907131367720827,0.0,0.0,0.0,1.3998536754388405e-13,0.0,0.0,0.0,0.0,0.0,0.0,0.0,0.0,0.0,0.0,7.853989802512471e-155,0.0,0.0,0.0,0.0,0.0,0.0,0.0,0.0,0.0,0.0,0.0,0.0,0.0,0.0,0.0,0.0,0.0,0.0,0.0,0.0,0.0
0.0,0.0,0.0,0.0,0.0,0.0,0.0,0.0,8.960574616189795e-128,0.0,0.0,0.0,0.0,0.0,0.0,0.0,0.0,0.0,0.0,0.0,0.0,0.0,0.0,0.0,4.16927876660533e-75,0.0,0.0,0.0,0.0,0.0,0.0,1.1058638143865666e-278,1.2692525054821571e-126,4.29488062436243e-231,0.0,0.0,3.76628773317897e-108,3.471067125041225e-193,0.0,9.29973909169895e-267,4.97129267639474e-65,0.0,0.0,0.0,1.0004062903011272e-30,0.0,0.0,4.043189934304755e-192,9.219760380018649e-25,0.0,0.0,0.0,3.615978689613199e-34,4.101840261618867e-167,0.0,1.7794075806776074e-307,2.017930964507633e-70,3.323242342963958e-202,0.0,0.0,3.013089908251197e-75,5.1604065096572737e-107,0.0,0.0,2.1732505466256635e-36,3.3635106294692736e-112,0.0,7.275612303626965e-226,3.166105832312489e-28,1.1509073776884126e-140,0.0,9.077590294832716e-144,0.8139237618669016,0.0,0.0,4.3857369359308885e-174,0.08574460719947846,0.0,0.0,1.896400823369025e-91,1.5637281520045118e-22,3.6534208741130915e-288,0.0,0.0,4.1057600517198505e-10,2.4958922248538854e-133,0.0,0.0,0.029126861613416464,0.0,0.0,0.0,0.06585521154765964,2.2624028801274982e-237,0.0,0.0,6.363123408771468e-10,0.0,0.0,0.0,2.4222708669526383e-21,1.7395498981720167e-285,0.0,0.0,2.028358566071699e-62,0.0,0.0,0.0,1.5218466923579523e-72,0.0,0.0,0.0,5.751577190737009e-88,0.0,0.0,0.0,7.656377649538608e-125,0.0,0.0,0.0,1.2827310832111293e-6,0.0,0.0,0.0,5.855891250885e-150,0.0,0.0,0.0,1.2922142084449383e-153,0.0,0.0,0.0,2.5413057306877546e-26,0.0,0.0,0.0,2.8907256203744668e-92,0.0,0.0,0.0,2.421662586887675e-254,0.0,0.0,0.0,0.0,0.0,0.0,0.0,0.0,0.0,0.0,0.0,1.9667503884787686e-253,0.0,0.0,0.0,0.0,0.0,0.0,0.0,0.0,0.0,0.0,0.0,0.0,0.0,0.0,0.0,6.021630223220274e-240,0.0,0.0,0.0,0.0,0.0,0.0,0.0,1.8657681195659145e-221,0.0,0.0,0.0,5.6483126883092e-296,0.0,0.0,0.0,0.0,0.0,0.0,0.0,5.35519498852738e-173,0.0,0.0,0.0,2.1464474430676713e-263,0.0,0.0,0.0,0.0,0.0,0.0,0.0,0.00534827399457218,0.0,0.0,0.0,2.817659392398282e-268,0.0,0.0,0.0,0.0,0.0,0.0,0.0,7.919997569272358e-269,0.0,0.0,0.0,0.0,0.0,0.0,0.0,0.0,0.0,0.0,0.0,0.0,0.0,0.0,0.0,0.0,0.0,0.0,0.0,0.0,0.0,0.0,0.0,1.98752467978384e-280,0.0,0.0,0.0,0.0,0.0,0.0,0.0,0.0,0.0,0.0,0.0,4.6653628622734795e-272,0.0,0.0,0.0,0.0,0.0,0.0,0.0,0.0,0.0,0.0,0.0,0.0,0.0,0.0,0.0,0.0,0.0,0.0,0.0,0.0,0.0,0.0,0.0,0.0,0.0,0.0,0.0,0.0,0.0,0.0,0.0,0.0,0.0,0.0,0.0,0.0,0.0,0.0,0.0,0.0,0.0,0.0,0.0,0.0,0.0,0.0,0.0,0.0,0.0,0.0,0.0,0.0,0.0,0.0,0.0,0.0,0.0,0.0,0.0,0.0,0.0,0.0,0.0,0.0,0.0,0.0,0.0,0.0,0.0,0.0,0.0,0.0,0.0,0.0,0.0,0.0,0.0,0.0,0.0,0.0,0.0,0.0,0.0,0.0,0.0,0.0,0.0,0.0,0.0,0.0,0.0,0.0,0.0,0.0,0.0,0.0,0.0,0.0
0.0,0.0,0.0,0.0,0.0,7.82182612990946e-194,0.0,0.0,2.0498526474829501e-286,3.4037536831429078e-62,0.0,0.0,0.0,1.2652537554255447e-185,0.0,0.0,0.0,2.8532634032215344e-114,0.0,0.0,9.243648320365637e-140,1.0839969162471833e-121,0.0,0.0,3.084151113356892e-154,6.914584704434597e-37,0.0,0.0,0.0,3.796721363901392e-63,0.0,0.0,4.975605067742971e-216,1.1078497850015905e-152,0.0,0.0,7.086236745613421e-292,4.110822347052033e-57,0.0,0.0,1.8237426928246467e-156,3.445250750323428e-32,0.0,0.0,6.291734847688181e-136,7.308773155938025e-46,0.0,0.0,0.0,5.704779312239998e-35,0.0,0.0,7.882645238375938e-258,6.85503023441924e-28,0.0,0.0,8.552941111220104e-271,0.15125757681401164,0.0,0.0,0.0,7.239478107299902e-17,0.0,0.0,4.8964798965990324e-79,2.1082683888396012e-28,0.0,0.0,1.023470830169874e-187,1.9406912898608144e-20,0.0,0.0,3.7955725751759773e-112,1.3216609846040994e-82,0.0,0.0,0.0,1.4310081878692723e-33,0.0,0.0,1.6902596654457797e-32,0.059509383654431515,0.0,0.0,4.2090577923497564e-44,0.21204005401017678,0.0,0.0,2.502626850627528e-120,0.04962684388904328,0.0,0.0,0.0,0.060271664191015144,0.0,0.0,3.4380757201396784e-261,0.08433436652396073,0.0,0.0,3.185683987987906e-14,8.523676474539149e-41,0.0,0.0,0.0,2.593785123637723e-71,0.0,0.0,0.0,1.2506037929233777e-61,0.0,0.0,0.0,0.0438846377090715,0.0,0.0,9.929376159526697e-86,3.540073083197633e-97,0.0,0.0,0.0,6.632753266625428e-22,0.0,0.0,1.3003800955321462e-115,3.898529831288075e-58,0.0,0.0,3.901243550047891e-168,9.38315813639789e-60,0.0,0.0,0.0,0.19468720319875676,0.0,0.0,0.0,2.0439612555683587e-62,0.0,0.0,2.9310574092775332e-95,9.85914752325842e-21,0.0,0.0,0.0,2.336868563096781e-223,0.0,0.0,0.0,1.8559573363066778e-211,0.0,0.0,1.1567036078740975e-36,3.8153698247794344e-83,0.0,0.0,0.0,6.807041928705525e-7,0.0,0.0,0.0,8.082442797023164e-245,0.0,0.0,0.0,7.609185129898805e-97,0.0,0.0,0.0,2.2480561881215154e-164,0.0,0.0,0.0,2.303857577818173e-115,0.0,0.0,3.135651872605281e-85,1.2351641559841423e-139,0.0,0.0,0.0,1.496121390241959e-252,0.0,0.0,0.0,2.831803211206658e-71,0.0,0.0,0.0,0.042709154722099414,0.0,0.0,0.0,0.04402854443434411,0.0,0.0,5.078058624918292e-88,6.471503057608668e-31,0.0,0.0,0.0,0.02212546056527121,0.0,0.0,0.0,0.03552442958359332,0.0,0.0,0.0,2.889359693489887e-82,0.0,0.0,0.0,0.0,0.0,0.0,0.0,8.327814566542461e-73,0.0,0.0,0.0,1.9098737653389996e-224,0.0,0.0,0.0,2.0246931669843145e-210,0.0,0.0,0.0,0.0,0.0,0.0,0.0,0.0,0.0,0.0,2.4747154215688064e-91,4.078947392445884e-254,0.0,0.0,0.0,2.26671237597182e-31,0.0,0.0,0.0,5.174950798379915e-236,0.0,0.0,0.0,0.0,0.0,0.0,0.0,7.239346701375977e-59,0.0,0.0,0.0,0.0,0.0,0.0,0.0,0.0,0.0,0.0,0.0,0.0,0.0,0.0,0.0,2.4440492687077947e-149,0.0,0.0,0.0,9.393177198894873e-85,0.0,0.0,0.0,0.0,0.0,0.0,0.0,8.120993211010055e-54,0.0,0.0,0.0,4.56638605855532e-162,0.0,0.0,0.0,2.6520120070959964e-75,0.0,0.0,0.0,0.0,0.0,0.0,0.0,1.517092215378953e-127,0.0,0.0,0.0,8.604275477388757e-175,0.0,0.0,0.0,0.0,0.0,0.0,0.0,1.1574807725032558e-142,0.0,0.0,0.0,0.0,0.0,0.0,0.0,0.0,0.0,0.0,0.0,0.0,0.0,0.0,2.287503921719201e-71,0.0,0.0,0.0,0.0,0.0,0.0,0.0,0.0,0.0,0.0,0.0,0.0,0.0,0.0,0.0,0.0,0.0,0.0,0.0,0.0,0.0,0.0
0.0,0.0,0.0,0.0,0.0,0.0,1.5206409574346535e-139,0.0,0.0,0.0,1.744735414321169e-206,0.0,0.0,0.0,7.1577161727549e-116,0.0,0.0,0.0,4.35268287616063e-174,0.0,0.0,0.0,3.185432919123647e-70,0.0,0.0,0.0,5.756160467919164e-145,0.0,0.0,0.0,4.045887487319626e-27,0.0,0.0,0.0,1.497765182275928e-107,0.0,0.0,6.7e-322,0.00849312045863523,0.0,0.0,0.0,0.010256520438029793,0.0,0.0,5.792843594359494e-248,0.03884568844708838,0.0,0.0,1.0690573879406464e-231,0.013110223553617403,0.0,0.0,2.008586316250766e-284,0.036436983195824044,0.0,0.0,0.0,0.06717974672220992,0.0,0.0,1.2871348067787206e-287,0.07585260242114335,0.0,0.0,3.723724020328908e-230,0.10699918507606347,0.0,0.0,2.0643218887485512e-150,0.29075860905267137,0.0,0.0,1.337726836208136e-121,0.20979001127684344,0.0,0.0,1.6289237827671277e-189,0.04639355426647114,0.0,0.0,9.695720243433082e-58,0.011520667961094456,0.0,0.0,1.0221390821422026e-129,0.02053522725442972,0.0,0.0,6.340923393195457e-127,0.01201443075085798,0.0,0.0,6.766516767621781e-224,1.0263038993862029e-38,0.0,0.0,0.0,4.4213987119438217e-35,0.0,0.0,1.0861747466823267e-179,1.78912836308338e-130,0.0,0.0,8.128754962863219e-140,5.097414170415531e-89,0.0,0.0,1.1097396455475679e-246,8.537094064814598e-71,0.0,0.0,0.0,5.170899444336978e-145,0.0,0.0,3.2894483246891596e-137,1.1126465205963278e-39,0.0,0.0,0.0,1.1163426624070146e-38,0.0,0.0,0.0,9.689842439384433e-56,0.0,0.0,0.0,8.445213829315909e-147,0.0,0.0,9.174618103308533e-115,5.737252217707311e-93,0.0,0.0,8.290140361884952e-228,4.708991181244068e-96,0.0,0.0,0.0,5.411689158926866e-153,0.0,0.0,0.0,0.014976955009515075,0.0,0.0,0.0,7.804353965536402e-163,0.0,0.0,0.0,4.5559181981717446e-194,0.0,0.0,0.0,2.706466844370468e-69,0.0,0.0,0.0,1.7749706123491395e-9,0.0,0.0,0.0,1.2820392915790678e-119,0.0,0.0,4.956069113625891e-249,0.007264826303361956,0.0,0.0,0.0,1.090861915659747e-104,0.0,0.0,0.0,0.007401402449678719,0.0,0.0,2.7114343488800196e-167,4.395829019355808e-78,0.0,0.0,0.0,0.0,0.0,0.0,1.407e-320,2.921441324436792e-212,0.0,0.0,0.0,0.0,0.0,0.0,0.0,5.389197589218035e-61,0.0,0.0,0.0,0.0,0.0,0.0,0.0,0.0,0.0,0.0,0.0,0.0,0.0,0.0,0.0,2.7318835221128176e-179,0.0,0.0,0.0,0.0,0.0,0.0,0.0,0.0,0.0,0.0,0.0,0.0,0.0,0.0,0.0,1.6866725598966706e-175,0.0,0.0,0.0,2.483010615628886e-133,0.0,0.0,0.0,4.900044110093987e-69,0.0,0.0,1.221809688267337e-87,0.0148056461909475,0.0,0.0,0.0,1.6087866114349518e-179,0.0,0.0,0.0,0.0,0.0,0.0,0.0,9.524862796661778e-208,0.0,0.0,0.0,0.0,0.0,0.0,0.0,0.0,0.0,0.0,0.0,0.007364597396546293,0.0,0.0,0.0,4.663026905048972e-273,0.0,0.0,0.0,0.0,0.0,0.0,0.0,0.0,0.0,0.0,0.0,0.0,0.0,0.0,0.0,0.0,0.0,0.0,0.0,0.0,0.0,0.0,0.0,0.0,0.0,0.0,0.0,0.0,0.0,0.0,0.0,0.0,0.0,0.0,0.0,0.0,0.0,0.0,0.0,0.0,0.0,0.0,0.0,1.5104381828542293e-159,0.0,0.0,0.0,0.0,0.0,0.0,0.0,0.0,0.0,0.0,0.0,0.0,0.0,0.0,0.0,0.0,0.0,0.0,0.0,0.0,0.0,0.0,0.0,0.0,0.0,0.0,0.0,0.0,0.0,0.0,0.0,0.0
0.0363918003774688,0.0,0.0,0.0,0.0,0.0,0.0,0.0,0.10898129362962239,0.0,0.0,0.0,0.181959001887344,0.0,0.0,0.0,0.0727836007549376,0.0,0.0,0.0,0.181959001887344,0.0,0.0,0.0,0.18184916592021072,0.0,0.0,0.0,0.0,0.0,0.0,0.0,0.0,0.0,0.0,0.0,5.560287823032926e-113,0.0,0.0,0.0,0.04263997722675251,0.0,0.0,0.0,4.687543933037954e-24,0.0,0.0,0.0,1.5582548850829257e-148,0.0,0.0,0.0,3.2594834940968302e-99,1.7398564058744858e-83,0.0,0.0,9.650465574013099e-104,0.0,0.0,0.0,5.037303526613973e-22,5.289959404180763e-81,0.0,0.0,0.010015795511568662,0.0,0.0,0.0,5.3593754330655275e-148,0.0,0.0,0.0,0.036887579623190773,9.594394442002397e-180,0.0,0.0,1.1566087279628218e-195,0.0,0.0,0.0,1.7296366644072817e-87,0.0,0.0,0.0,0.0,0.0,0.0,0.0,1.0154041987377474e-143,1.0669691654612942e-290,0.0,0.0,1.08154255e-316,1.355054e-318,0.0,0.0,2.559687732112173e-269,0.0,0.0,0.0,0.0,0.0,0.0,0.0,0.0,0.0,0.0,0.0,0.0,3.575187830722011e-172,0.0,0.0,0.03643032565092681,0.0,0.0,0.0,0.0,2.0292935133555404e-241,0.0,0.0,7.800184081675348e-129,0.0,0.0,0.0,0.0,0.0,0.0,0.0,4.083449667079413e-257,0.0,0.0,0.0,0.0,0.0,0.0,0.0,4.932943856856323e-165,0.0,0.0,0.0,0.0,0.0,0.0,0.0,0.0,0.0,0.0,0.0,0.0,0.0,0.0,0.0,1.567952086852163e-254,0.0,0.0,0.0,0.0,0.0,0.0,0.0,0.0,0.0,0.0,0.0,0.0,0.0,0.0,0.0,0.0,0.0,0.0,0.0,0.0,2.3086745690189973e-56,0.0,0.0,4.513092749776605e-305,0.0,0.0,0.0,0.0,0.0,0.0,0.0,0.0,0.0,0.0,0.0,0.03731885677569614,0.0,0.0,0.0,0.0,0.0,0.0,0.0,0.0,0.0,0.0,0.0,0.0,0.0,0.0,0.0,0.0,0.0,0.0,0.0,0.0,0.0,0.0,0.0,0.0,0.0,0.0,0.0,0.0,0.0,0.0,0.0,0.0,0.0,0.0,0.0,0.0,0.0,0.0,0.0,0.0,0.0,0.0,0.0,0.0,0.0,0.0,0.0,0.0,0.0,0.0,0.0,0.0363918003774688,0.0,0.0,0.0,0.0363918003774688,0.0,0.0,0.0,0.0,0.0,0.0,0.0,0.0,0.0,0.0,0.0,0.0,0.0,0.0,0.0,0.0,0.0,0.0,0.0,0.0,0.0,0.0,0.0,0.0,0.0,0.0,0.0,0.0,0.0,0.0,0.0,0.0,0.0,0.0,0.0,0.0,0.0,0.0,0.0,0.0,0.0,0.0,0.0,0.0,0.0,0.0,0.0,0.0,0.0,0.0,0.0,0.0,0.0,0.0,0.0,0.0,0.0,0.0,0.0,0.0,0.0,0.0,0.0,0.0,0.0,0.0,0.0,0.0,0.0,0.0,0.0,0.0,0.0,0.0,0.0,0.0,0.0,0.0,0.0,0.0,0.0,0.0,0.0,0.0,0.0,0.0,0.0,0.0,0.0,0.0,0.0,0.0,0.0,0.0,0.0,0.0,0.0,0.0,0.0,0.0,0.0,0.0
0.0,0.0,0.0,0.0,0.0,0.0,0.0,0.0,0.0,0.0,0.0,0.0,0.0,0.0,0.0,0.0,0.0,0.0,0.0,0.0,0.0,0.0,0.0,0.0,0.0,0.0,0.0,0.0,0.0,0.0,0.0,6.85315658043694e-108,0.0,0.0,0.0,0.0,0.0,0.0,0.0,4.758946364655798e-116,0.0,0.0,0.0,4.492251022046975e-178,0.0,0.0,0.0,1.3347693547143283e-58,0.0,0.0,0.0,1.446204397255081e-181,0.0,0.0,0.0,7.51466491130999e-190,0.0,0.0,0.0,6.508582869920775e-196,0.0,0.0,0.0,1.3076808027265583e-174,0.0,0.0,9.288570546310739e-97,4.735324762951e-99,0.0,0.0,3.9351648687325e-310,1.0312431656951117e-61,0.0,0.0,0.0,7.472201221510815e-152,0.0,0.0,5.009146701678449e-193,3.306308464785483e-89,0.0,0.0,4.772481253210103e-280,0.05620121573909343,0.0,0.0,2.52492942743768e-275,1.1704722507214335e-60,0.0,0.0,5.5622920442899366e-104,0.040088807665612486,0.0,0.0,3.810326981526629e-147,6.406677532720791e-93,0.0,0.0,2.1561865969084772e-136,7.720755984509273e-43,0.0,0.0,5.129968200364154e-130,1.170657347923572e-17,0.0,0.0,1.0888360131320142e-102,0.025155198637086627,0.0,0.0,1.7888823539886496e-192,0.04299463592152884,0.0,0.0,5.564314727449614e-135,0.07795612337219465,0.0,0.0,5.879830473682131e-72,0.10628917860024888,0.0,0.0,0.0,0.06239018551500119,0.0,0.0,9.160462205147116e-174,6.7667820341479004e-6,0.0,0.0,2.6840680555400654e-81,0.1311572709396126,0.0,0.0,0.0,0.18873534387686422,0.0,0.0,2.011701045869822e-166,0.09608617171744596,0.0,0.0,1.9728998649896377e-253,3.779439793276912e-28,0.0,0.0,0.0,1.3097799938234396e-59,0.0,0.0,3.6076072577064846e-110,1.3220215891230297e-48,0.0,0.0,0.0,5.2494962146399596e-33,0.0,0.0,0.0,6.180540963992135e-80,0.0,0.0,1.2853231459577085e-268,3.509271059214317e-106,0.0,0.0,0.0,4.147424299656535e-83,0.0,0.0,0.0,4.320763037746612e-70,0.0,0.0,0.0,0.11032185408553839,0.0,0.0,0.0,0.015672593021524975,0.0,0.0,0.0,0.04694465412621358,0.0,0.0,0.0,2.669522800273636e-138,0.0,0.0,4.311355862564638e-194,1.100470813223351e-90,0.0,0.0,0.0,0.0,0.0,0.0,0.0,0.0,0.0,0.0,0.0,5.264929077866237e-215,0.0,0.0,0.0,2.168360701406605e-177,0.0,0.0,0.0,0.0,0.0,0.0,0.0,3.628705529731372e-165,0.0,0.0,0.0,0.0,0.0,0.0,0.0,0.0,0.0,0.0,0.0,0.0,0.0,0.0,0.0,0.0,0.0,0.0,0.0,7.059353130272865e-243,0.0,0.0,0.0,0.0,0.0,0.0,0.0,0.0,0.0,0.0,0.0,0.0,0.0,0.0,0.0,0.0,0.0,0.0,0.0,0.0,0.0,0.0,0.0,0.0,0.0,0.0,0.0,0.0,0.0,0.0,0.0,0.0,0.0,0.0,0.0,0.0,0.0,0.0,0.0,0.0,0.0,0.0,0.0,0.0,0.0,0.0,0.0,0.0,0.0,0.0,0.0,0.0,0.0,0.0,0.0,0.0,0.0,0.0,0.0,0.0,0.0,0.0,0.0,0.0,0.0,0.0,0.0,0.0,0.0,0.0,0.0,0.0,0.0,0.0,0.0,0.0,0.0,0.0,0.0,0.0,0.0,0.0,0.0,0.0,0.0,0.0,0.0,0.0,0.0,0.0,0.0,0.0,0.0,0.0,0.0,0.0,0.0,0.0,0.0,0.0,0.0,0.0,0.0,0.0,0.0,0.0,0.0,0.0,0.0,0.0,0.0
0.0,0.0,0.0,0.0,0.0,0.0,0.0,0.0,0.0,5.1097782406607936e-238,0.0,0.0,0.0,1.1828639974754911e-209,0.0,0.0,0.0,0.0,0.0,0.0,0.0,0.0,0.0,0.0,0.0,3.3805810014990547e-217,0.0,0.0,0.0,4.5740510084150434e-23,0.0,0.0,0.0,0.0,0.0,0.0,0.0,1.0602081523272838e-46,0.0,0.0,0.0,1.2706513042355316e-71,0.0,0.0,0.0,1.0054441237655575e-72,0.0,0.0,0.0,4.00841836688322e-66,0.0,0.0,0.0,1.2981086838515726e-33,0.0,0.0,0.0,2.7180707472186074e-64,0.0,0.0,0.0,3.234002234171423e-15,2.3502996874562016e-134,0.0,1.7211956410094737e-155,9.112780112763468e-46,8.624999782086143e-272,0.0,0.0,4.409051462744849e-62,3.243781368499637e-238,0.0,2.556854870872904e-280,1.8175261248749273e-16,4.5225754277384474e-276,0.0,0.0,7.342158175914162e-57,0.0,0.0,0.0,0.01805479809009009,7.477788165634685e-280,0.0,2.309297497618445e-121,3.0141817790289046e-44,0.0,0.0,1.282595873088352e-221,0.054058701605213644,0.0,0.0,0.0,0.13594371604775143,1.1938661154280212e-290,0.0,0.0,0.006022788796816981,0.0,0.0,0.0,6.970339882034541e-15,2.6658165597857695e-153,0.0,0.0,1.6915204892754675e-46,8.659195618697614e-305,0.0,0.0,0.07719440987710988,0.0,0.0,0.0,0.07344039742193668,0.0,0.0,5.782234114013992e-145,0.04269064622007469,0.0,0.0,0.0,0.031543347104779296,0.0,0.0,0.0,1.5923940473760582e-11,1.33e-322,0.0,2.976095378128717e-136,0.07161185266710514,0.0,0.0,0.0,0.010225965412767839,0.0,0.0,0.0,5.865413165872437e-29,6.049778998233415e-212,0.0,2.689304285853696e-101,0.023119170480393636,0.0,0.0,0.0,0.06081222938054693,0.0,0.0,0.0,3.166545247763245e-60,0.0,0.0,6.998352979061882e-157,0.05425434380940726,0.0,0.0,0.0,0.061266311108670146,0.0,0.0,0.0,5.228012081893277e-56,0.0,0.0,0.0,0.028573046085734143,0.0,0.0,0.0,0.0051873807360282445,2.877051934336263e-248,0.0,0.0,1.0636109235737974e-43,0.0,0.0,3.652714932381268e-192,0.028961199618915235,0.0,0.0,0.0,0.005323677660532415,0.0,0.0,1.624312347922246e-220,0.00969333938657994,0.0,0.0,0.0,0.004863053360656919,0.0,0.0,0.0,0.018724851247614253,0.0,0.0,0.0,0.004919169917658973,3.0303132041341238e-251,0.0,0.0,7.150626971844262e-181,0.0,0.0,0.0,0.0254616954337813,0.0,0.0,0.0,1.1765875903535947e-121,0.0,0.0,0.0,0.028961751291475463,0.0,0.0,0.0,2.331205787238576e-30,0.0,0.0,0.0,1.1740016369680287e-81,0.0,0.0,0.0,9.32664467583824e-111,0.0,0.0,0.0,1.8792291697152094e-84,0.0,0.0,0.0,0.020782119964836455,0.0,0.0,4.5014379648757505e-203,1.1357038655133795e-47,0.0,0.0,0.0,0.004708298216590387,0.0,0.0,1.2887258996640057e-83,0.00491881588190116,0.0,0.0,0.0,9.858801684210206e-155,0.0,0.0,0.0,1.3454421433114698e-79,0.0,0.0,0.0,2.2538341468827756e-101,0.0,0.0,0.0,1.05961656211467e-114,0.0,0.0,0.0,1.2663195825141732e-70,0.0,0.0,0.0,0.024130481143891533,0.0,0.0,0.0,0.009658576279335732,0.0,0.0,0.0,5.306626154624618e-173,0.0,0.0,0.0,2.153308525536418e-66,0.0,0.0,0.0,0.013712610158184606,0.0,0.0,0.0,5.690891906010467e-98,0.0,0.0,0.0,6.583770853756626e-158,0.0,0.0,0.0,0.009653932854587197,0.0,0.0,0.0,7.51983765359215e-55,0.0,0.0,0.0,0.016703298448411934,0.0,0.0,0.0,6.412882750776265e-82,0.0,0.0,0.0,0.0051701071775276785,0.0,0.0,0.0,2.6377575027733205e-73,0.0,0.0,0.0,0.0,0.0,0.0,0.009653917097158488,0.0,0.0,0.0,1.1067384767939808e-291,0.0,0.0,0.0,0.0,0.0,0.0,0.0,0.0,4.442966458892869e-251,0.0,0.0,0.0,0.0,0.0,0.0,0.0,0.0,0.0
0.0,0.0,0.0,0.0,0.0,0.0,0.0,0.0,0.0,0.0,0.0,0.0,0.0,0.0,0.0,0.0,0.0,0.0,0.0,0.0,0.0,0.0,0.0,0.0,0.0,0.0,3.127751988627387e-269,0.0,0.0,0.0,0.0,0.0,0.0,0.0,0.0,0.0,0.0,0.0,0.0,0.0,0.0,0.0,2.112297825297941e-104,0.0,0.0,0.0,5.1765262469801795e-98,0.0,0.0,0.0,1.6097152647450936e-274,0.0,0.0,0.0,1.1525021141074718e-59,0.0,0.0,0.0,1.191823958142493e-123,0.0,0.0,0.0,9.091694160085424e-269,0.0,0.0,0.0,8.185902273999629e-117,0.0,0.0,0.0,3.0555656573698814e-137,0.0,0.0,0.0,0.03150967505385887,0.0,0.0,0.0,2.7017162598865455e-166,0.0,0.0,0.0,1.1459888960271261e-94,0.0,0.0,0.0,0.015312798140733589,0.0,0.0,0.0,1.3199896769397658e-145,0.0,0.0,0.0,1.6092442727012009e-84,0.0,0.0,0.0,1.3656809602614041e-99,0.0,0.0,0.0,1.9918160120393684e-197,0.0,0.0,0.0,0.058869468305036955,0.0,0.0,0.0,5.122201278381234e-48,0.0,0.0,0.0,0.021514532202288945,0.0,0.0,0.0,8.925131842037079e-46,0.0,0.0,0.0,0.03720551829819197,0.0,0.0,0.0,0.03650897765872803,0.0,0.0,0.0,3.604938575173144e-93,0.0,0.0,0.0,0.043590981815337604,0.0,0.0,0.0,0.026653810017262025,0.0,0.0,0.0,5.500911036420841e-55,0.0,0.0,0.0,4.984547681238432e-112,0.0,0.0,0.0,2.913123691608179e-28,0.0,0.0,0.0,0.09015390932012925,0.0,0.0,0.0,0.028089914257341395,0.0,0.0,0.0,1.0051971016684007e-42,0.0,0.0,0.0,0.021569146610588782,0.0,0.0,0.0,0.04611038241034819,0.0,0.0,0.0,0.09164704522798593,0.0,0.0,0.0,0.01609664321821727,0.0,0.0,0.0,0.06750151691697029,0.0,0.0,0.0,0.01540771817147495,0.0,0.0,0.0,3.0777575723200626e-17,0.0,0.0,0.0,0.10666702324587468,0.0,0.0,0.0,0.07022750993255712,0.0,0.0,0.0,8.0648410103559e-29,0.0,0.0,0.0,0.016957456952352023,0.0,0.0,0.0,1.2049827746170575e-300,0.0,0.0,0.0,5.708503457425597e-66,0.0,0.0,0.0,0.03197248247250247,0.0,0.0,0.0,1.1170433395713688e-174,0.0,0.0,0.0,6.784273400349081e-274,0.0,0.0,0.0,3.0868091513365863e-59,0.0,0.0,0.0,0.12643348977097194,0.0,0.0,0.0,1.3691744532050917e-59,0.0,0.0,0.0,4.1385479569737135e-167,0.0,0.0,0.0,3.4726036324803377e-169,0.0,0.0,0.0,0.0,0.0,0.0,0.0,1.5183622025866622e-173,0.0,0.0,0.0,0.0,0.0,0.0,0.0,5.067800648267746e-196,0.0,0.0,0.0,0.0,0.0,0.0,0.0,0.0,0.0,0.0,0.0,0.0,0.0,0.0,0.0,0.0,0.0,0.0,0.0,0.0,0.0,0.0,0.0,0.0,0.0,0.0,0.0,7.111521677083106e-182,0.0,0.0,0.0,0.0,0.0,0.0,0.0,0.0,0.0,0.0,0.0,0.0,0.0,0.0,0.0,0.0,0.0,0.0,0.0,0.0,0.0,0.0,0.0,1.247620255819182e-12,0.0,0.0,0.0,0.0,0.0,0.0,0.0,0.0,0.0,0.0,0.0,0.0,0.0,0.0,0.0,0.0,0.0,0.0,0.0,0.0,0.0,0.0,0.0,0.0,0.0,0.0,0.0,0.0,0.0,0.0,0.0,0.0
0.0,0.0,0.0,0.0,0.0,0.0,0.0,0.0,0.0,0.0,0.0,0.0,0.0,0.0,0.0,0.0,0.0,0.0,0.0,0.0,0.0,0.0,0.0,0.0,0.0,0.0,0.0,0.0,0.0,0.0,0.0,0.0,0.0,0.0,0.0,0.0,0.0,0.0,0.0,0.0,0.0,0.0,0.005773065871363974,0.0,0.0,0.0,0.05276010489366693,0.0,0.0,1.7087962574817474e-74,0.0,0.0,0.0,3.5455768539610225e-65,0.04937123774530507,0.0,0.0,0.0,5.157775956167674e-209,0.0,0.0,0.0,0.0,0.0,0.0,3.15694571039783e-137,1.1455220937374976e-46,0.0,0.0,9.027386783525643e-235,8.118031765857591e-69,0.0,0.0,2.1749691364765377e-199,0.05581891220408698,0.0,0.0,1.5054992701360437e-88,0.05710359867418437,0.0,0.0,0.10127826098672597,1.0480780677221236e-56,0.0,0.0,0.10039083448908091,0.0512232836990258,0.0,0.0,0.0,0.0,0.0,0.0,3.543267905129461e-99,9.477495361382485e-26,0.0,0.0,0.0,0.0,0.0,0.0,1.5976185601937114e-211,6.407450767043503e-68,0.0,0.0,1.503436077860321e-123,7.021503342059774e-74,0.0,0.0,1.1612723681325086e-182,2.887152765524682e-64,0.0,0.0,7.670511393068985e-245,0.0,0.0,0.0,1.3366253802604786e-129,2.952862989519169e-202,0.0,0.0,0.10687202687773051,0.0,0.0,0.0,0.0,4.950763466959086e-140,0.0,0.0,0.0,1.7304572907316567e-63,0.0,0.0,6.749022270331573e-171,0.0,0.0,0.0,0.0,1.6652606915941248e-43,0.0,0.0,0.0,0.0,0.0,0.0,0.0,0.15358048314466316,0.0,0.0,0.0,2.4455471042017057e-83,0.0,0.0,1.115565345115803e-216,0.0,0.0,0.0,0.0,0.0,0.0,0.0,3.299623372381146e-289,0.0,0.0,0.0,0.0,0.0,0.0,0.0,0.05307222928719161,0.21275596212697473,0.0,0.0,0.0,0.0,0.0,0.0,0.0,5.060739927632856e-68,0.0,0.0,0.0,0.0,0.0,0.0,0.0,0.0,0.0,0.0,2.036775144516175e-290,1.6206728329396612e-298,0.0,0.0,0.0,0.0,0.0,0.0,0.0,4.593104112645349e-36,0.0,0.0,0.0,0.0,0.0,0.0,0.0,0.0,0.0,0.0,0.0,0.0,0.0,0.0,0.0,0.0,0.0,0.0,0.0,0.0,0.0,0.0,0.0,0.0,0.0,0.0,0.0,0.0,0.0,0.0,0.0,0.0,0.0,0.0,7.969243530488821e-57,0.0,0.0,0.0,0.0,0.0,0.0,0.0,8.153701203339302e-175,1.2034493102402084e-35,0.0,0.0,0.0,0.0,0.0,0.0,0.0,0.0,0.0,0.0,0.0,0.0,0.0,0.0,0.0,0.0,0.0,0.0,0.0,0.0,0.0,0.0,0.0,0.0,0.0,0.0,0.0,0.0,0.0,0.0,0.0,0.0,0.0,0.0,0.0,0.0,0.0,0.0,0.0,0.0,0.0,0.0,0.0,0.0,0.0,0.0,0.0,0.0,0.0,0.0,0.0,0.0,0.0,0.0,0.0,0.0,0.0,0.0,0.0,0.0,0.0,0.0,0.0,0.0,0.0,0.0,0.0,0.0,0.0,0.0,0.0,0.0,0.0,0.0,0.0,0.0,0.0,0.0,0.0,0.0,0.0,0.0,0.0,0.0,0.0,0.0,0.0,0.0,0.0,0.0,0.0,0.0,0.0,0.0,0.0,0.0,0.0,0.0,0.0,0.0,0.0,0.0,0.0,0.0
0.0,0.0,0.0,0.0,0.0,0.0,3.430980516628124e-309,0.0,0.0,0.0,0.0,0.0,0.0,0.0,6.6678033775131915e-230,0.0,0.0,0.0,4.799202428125393e-226,0.0,0.0,0.0,2.049548767657437e-98,0.0,0.0,0.0,2.5011037586144613e-176,0.0,0.0,0.0,5.492236128045333e-151,0.0,0.0,0.0,7.496425821989645e-145,0.0,0.0,0.0,1.8310703097924315e-87,7.16e-322,0.0,0.0,3.353924957638699e-180,0.0,0.0,0.0,5.711583225780903e-23,0.0,0.0,0.0,4.39016879704626e-139,0.0,0.0,0.0,1.3837577357176556e-43,2.6445294776375743e-240,0.0,0.0,6.694051140127825e-116,0.0,0.0,0.0,5.10193096743472e-60,0.0,0.0,0.0,0.03917281112490911,1.0029371104840599e-132,0.0,0.0,3.766594799064833e-111,2.3034026659613902e-274,0.0,0.0,8.936934959522612e-110,1.90930295904909e-134,0.0,0.0,5.4507855510556805e-65,6.345949105525292e-226,0.0,0.0,2.9321272039069354e-93,2.4887917365760214e-305,0.0,0.0,1.1750583138650175e-156,0.0,0.0,0.0,3.7281241958365394e-103,0.0,0.0,0.0,1.1753004167826426e-139,1.3551253915196292e-145,0.0,0.0,0.045660829401296336,0.0,0.0,0.0,7.403814860560285e-111,0.0,0.0,0.0,0.14417920196092535,4.914905935150527e-298,0.0,0.0,7.56031351586173e-72,0.0,0.0,0.0,1.37234940479394e-91,0.0,0.0,0.0,1.4166458763734346e-119,0.0,0.0,2.0781246622376443e-278,6.963875896660947e-61,0.0,0.0,0.0,0.08182725766733462,0.0,0.0,0.0,1.344441926131323e-48,0.0,0.0,0.0,1.0004024889221185e-62,1.5621211510260178e-184,0.0,0.0,4.160716679777059e-69,0.0,0.0,0.0,5.377561553689852e-13,3.7729790476648987e-299,0.0,0.0,3.3020742423408337e-36,0.0,0.0,0.0,0.09871408629698855,0.0,0.0,0.0,0.03557950827295612,0.0,0.0,0.0,2.752475494297992e-101,0.0,0.0,0.0,0.17147435339131403,0.0,0.0,0.0,0.3503785513648491,0.0,0.0,0.0,4.221525558727554e-109,7.1238678369645e-311,0.0,0.0,3.5257746255017705e-86,0.0,0.0,0.0,8.319881007409867e-46,0.0,0.0,0.0,8.330748201378478e-84,0.0,0.0,0.0,3.1012258970288474e-148,0.0,0.0,0.0,1.871545798325566e-70,0.0,0.0,0.0,4.862516445699291e-173,0.0,0.0,0.0,5.074922376472657e-161,7.55718677584365e-256,0.0,0.0,4.046578638064374e-145,0.0,0.0,0.0,0.0,0.0,0.0,0.0,1.1353045523917544e-187,0.0,0.0,0.0,1.1441037310346169e-34,0.0,0.0,0.0,2.025227588399785e-129,0.0,0.0,0.0,2.278538113514584e-72,5.220617097528274e-282,0.0,0.0,8.460013997768788e-103,0.0,0.0,0.0,7.58830268166841e-56,0.0,0.0,2.2930188777015272e-54,7.51525675635772e-13,1.2912957397158002e-231,0.0,0.0,6.487398366840005e-94,0.0,0.0,0.0,9.58831009810331e-184,0.0,0.0,0.0,4.720383777056197e-115,0.0,0.0,0.0,0.0,0.0,0.0,0.0,5.6428738574708695e-36,0.0,0.0,0.0,0.0,0.0,0.0,0.0,5.200635846300643e-179,0.0,0.0,0.0,9.083083076120373e-97,0.0,0.0,0.0,0.0,0.0,0.0,0.0,2.473183361588945e-254,0.0,0.0,0.0,0.0,0.0,0.0,0.0,0.0,0.0,0.0,0.0,4.030584246836509e-270,0.0,0.0,0.0,0.0,0.0,0.0,0.0,0.0,0.0,0.0,0.0,5.01334350685787e-166,0.0,0.0,0.0,0.0,0.0,0.0,0.0,0.0,0.0,0.0,0.0,2.4367828027313294e-161,0.0,0.0,0.0,0.0,0.0,0.0,0.0,0.03301340051813749,0.0,0.0,0.0,0.0,0.0,0.0,2.971346504619969e-244,0.0,0.0,0.0,1.128002725793203e-132,0.0,0.0,0.0,0.0,0.0,0.0,0.0,0.0,0.0,0.0,0.0,0.0,0.0,0.0,0.0,0.0,0.0
1.0,0.0,0.0,0.0,0.0,0.0,0.0,0.0,0.0,0.0,0.0,0.0,0.0,0.0,0.0,0.0,0.0,0.0,0.0,0.0,0.0,0.0,0.0,0.0,0.0,0.0,0.0,0.0,0.0,0.0,0.0,0.0,0.0,0.0,0.0,0.0,0.0,0.0,0.0,0.0,0.0,0.0,0.0,0.0,0.0,0.0,0.0,0.0,0.0,0.0,0.0,0.0,0.0,0.0,0.0,0.0,0.0,0.0,0.0,0.0,0.0,0.0,0.0,0.0,0.0,0.0,0.0,0.0,0.0,0.0
1703,422,3901,533,591,642,541,691,143,170,5403,210,242,523,632,2700,240,383,83,160,1701,473,630,2202,672,232,2403,751,452,211,1001,340,583,480,593,2702,3000,290,301,191,180,332,183,320,572,362,393,360,521,280,1051,1602,441,481,401,351,1151,141,193,552,463,162,620,671,1502,571,511,700,1103,391,271,1801,3601,331,1153,2300,550,553,602,342,2000,202,2002,382,491,412,650,493,312,640,683,3900,1201,693,230,142,531,2500,560,471,621,392,701,3001,3300,1702,680,1603,1050,802,702,353,2302,2100,282,670,603,291,502,220,612,752,462,200,451,153,1901,1503,800,260,2203,163,2001,551,1052,1303,1401,413,411,542,1202,2201,501,1501,313,330,190,592,1403,133,4203,950,182,1100,1903,3903,581,2102,600,5100,573,371,662,522,390,651,361,1800,432,161,2501,212,1700,1301,321,131,5703,610,540,1300,490,1101,1500,460,801,703,623,652,241,631,181,171,430,272,453,580,682,292,192,310,2402,1902,350,1402,2103,1150,4500,203,1000,421,952,140,2303,322,440,251,173,613,303,510,561,902,222,231,483,400,273,2701,1203,851,532,470,1400,323,201,172,1600,690,300,582,850,900,4200,243,1053,370,443,423,692,261,2301,601,431,663,520,213,4201,1102,450,1003,270,402,753,152,750,352,803,1601,500,673,341,2703,951,660,643,503,343,590,570,622,302,641,420,543,1002,3301,372,381,333,2400,132,263,380,150,363,461,492,3003,562,661,3603,252,442,233,563,2101,853,1803,1900,513,653,2200,403,373,311,281,151,633,681,1200,250,472,2503,512,221,1302,903,283,2401,410,262,130,482,3303,1152,253,953,3600,1802,2003,901,223,852,293,530,433,611
220:38,1703:293,1900:298,3601:336,673:221,251:51,1503:285,420:118,2300:314,612:196,2700:325,333:85,1901:299,431:123,263:57,422:120,603:193,242:48,183:25,651:211,1401:279,551:171,692:228,1501:283,430:122,2101:307,2501:323,523:161,1050:258,802:240,1702:292,130:2,2702:327,671:219,801:239,1002:256,172:20,1150:266,280:62,521:159,211:35,343:89,752:236,571:179,1102:264,230:42,1202:272,5100:345,141:7,450:130,1301:275,4200:341,222:40,502:152,3303:334,541:167,381:103,152:12,511:155,170:18,1803:297,250:50,3901:339,663:217,560:174,610:194,3603:337,133:5,532:164,252:52,1000:254,313:77,391:107,1052:260,270:58,500:150,1800:294,2403:321,573:181,400:110,522:160,231:43,432:124,4500:344,283:65,482:144,142:8,703:233,1603:289,2002:304,660:214,672:220,282:64,342:88,2202:312,530:162,1300:274,2701:326,393:109,460:134,363:97,351:91,1203:273,590:186,2103:309,623:201,1701:291,451:131,2303:317,901:247,1903:301,553:173,751:235,162:16,203:33,1001:255,292:68,353:93,232:44,2201:311,680:222,240:46,4203:343,582:184,5403:346,392:108,370:98,341:87,622:200,2200:310,583:185,1051:259,1303:277,2000:302,690:226,412:116,390:106,380:102,513:157,212:36,303:73,900:246,580:182,193:29,3300:332,540:166,463:137,360:94,223:41,3000:329,3600:335,421:119,271:59,1201:271,331:83,520:158,462:136,800:238,490:146,143:9,493:149,330:82,552:172,402:112,2102:308,413:117,950:250,1302:276,501:151,1100:262,650:210,473:141,272:60,182:24,253:53,153:13,470:138,2302:316,1700:290,2401:319,640:206,1500:282,853:245,630:202,410:114,850:242,300:70,171:19,302:72,2500:322,2703:328,1602:288,852:244,441:127,443:129,643:209,382:104,2503:324,702:232,533:165,3301:333,261:55,3003:331,2301:315,273:61,352:92,200:30,290:66,312:76,340:86,213:37,1101:263,2003:305,1003:257,5703:347,512:156,662:216,481:143,161:15,531:163,1103:265,453:133,1502:284,2400:318,1152:268,383:105,372:100,3903:340,241:47,401:111,562:176,323:81,260:54,1802:296,83:1,190:26,201:31,1153:269,601:191,311:75,281:63,593:189,491:147,433:125,620:198,602:192,543:169,461:135,480:142,633:205,403:113,1400:278,2100:306,322:80,592:188,683:225,550:170,423:121,700:230,1801:295,510:154,2001:303,233:45,262:56,320:78,471:139,681:223,210:34,151:11,1151:267,191:27,661:215,682:224,150:10,483:145,4201:342,173:21,952:252,851:243,361:95,621:199,1200:270,2402:320,411:115,750:234,310:74,321:79,371:99,903:249,243:49,301:71,132:4,140:6,202:32,3001:330,442:128,572:180,652:212,180:22,803:241,1601:287,160:14,591:187,291:67,1902:300,753:237,693:229,653:213,503:153,542:168,452:132,632:204,670:218,902:248,631:203,953:253,3900:338,600:190,350:90,332:84,581:183,163:17,440:126,131:3,1600:286,192:28,570:178,1053:261,561:175,563:177,221:39,951:251,373:101,362:96,492:148,691:227,611:195,613:197,2203:313,472:140,181:23,641:207,701:231,1403:281,293:69,642:208,1402:280
