80
2.4296159250986474e-33,6.273698543023348e-82,8.535554667531692e-158,1.3268492638308404e-11,1.8744739996056275e-71,8.61435816660286e-106,9.957833676398105e-10,0.0791680681254318,1.8358285093614168e-7,3.503987255185007e-73,1.2616695815173752e-18,0.016180448340749408,8.035854715383507e-15,1.6540833964030042e-61,3.9365573091018016e-35,1.91358771697069e-132,6.69018266941087e-32,2.700530868676422e-93,5.072642989288944e-105,2.918267420651145e-66,2.171208877270415e-25,3.6402716145466535e-105,8.595069129746534e-82,3.4044346659432983e-90,6.704468531347038e-121,2.7053127054647534e-50,1.8843340496540215e-71,3.208075840255848e-25,1.6891665075391795e-86,7.926888671661033e-20,2.637676533330157e-66,1.4246676048227885e-81,1.0671881735161287e-44,2.267130698785973e-137,3.079228093190907e-71,1.4500021345890023e-50,7.912097062510552e-20,2.3430739491251277e-58,1.4530168077629697e-118,5.39435162052507e-70,0.019344075184675572,2.741265935587274e-71,1.506370395792521e-120,8.238642931551269e-48,8.209195586767898e-32,2.0638605921404753e-25,1.7526529624566916e-40,0.7399173333679239,1.115033379764827e-95,2.3828866650791367e-83,2.1750883693518214e-92,2.197091814181254e-15,9.364837558213641e-18,8.287776942837765e-56,6.107973841244715e-30,5.535763995944435e-81,2.1767473259860495e-60,3.729591672935075e-93,9.68581609855943e-113,3.785847086778225e-49,4.223732716862237e-90,4.717789571121228e-46,0.12830178347688337,5.325344328421257e-47,1.3907195764102842e-45,1.9964439479362806e-65,3.1351814182298866e-41,4.296202260214978e-24,9.467098191056461e-21,0.01708810691242304,4.9657320651073216e-57,7.090788473454914e-113,1.5503830545549053e-131,3.899200110007385e-55,2.563091370236843e-90,1.5099195902287479e-99,4.9521127267162406e-76,2.0034279005314208e-46,6.552890904831434e-35,8.104425819572696e-106
0.10727490202450606,0.33044465458526207,3.0842567217276433e-91,8.35408812944457e-43,9.147091739923906e-180,2.0092065326801258e-70,7.930827329207769e-18,8.639530284163233e-51,0.1875089777357491,7.359511223563271e-44,6.111801964922137e-26,4.3726195424520735e-144,1.3115219714866883e-39,2.0345216178755495e-37,3.8229314477189023e-23,4.4906666903810935e-80,0.11463503770110207,3.375316052170375e-70,4.826856028584743e-67,0.016413657843531954,7.371092769312306e-35,2.6548755694211904e-47,0.012877627138150008,2.55016872755925e-46,3.131941247935134e-71,5.320599513147988e-13,5.6913989080339075e-68,4.6758370958946e-22,6.982044914361799e-88,2.6060053426348943e-50,7.508211602578108e-58,0.0004789421075288244,9.075198438409386e-54,1.159183635716352e-65,2.0774084239885536e-77,1.5534915156614057e-47,9.162134953211274e-21,2.990705716433324e-156,2.9488128486039334e-42,1.55696595519413e-72,0.19235628234791644,1.1043782035375437e-15,1.826033880129114e-81,0.01756117356700297,7.687417379508349e-17,7.737044651349838e-46,1.2756866162738917e-58,0.004042891409784366,6.311377349295904e-57,5.1011530604159814e-45,6.569901610481354e-82,5.7761045573094685e-43,2.046152560079371e-95,2.87794662674407e-9,1.529810125844838e-25,7.325167129359501e-50,6.158376489710959e-61,1.1422007221493681e-29,8.270676565083547e-71,4.3456005178564993e-51,4.3624582785606783e-100,1.4755829884061446e-17,5.413478102678935e-88,9.740673666185998e-42,7.358691772403106e-31,1.5396672794105765e-32,0.0163963642453671,1.3592854498172892e-37,1.789107766803371e-45,3.3704317804152415e-74,2.7412643925343877e-59,1.1938292633555106e-44,1.22240683472832e-77,1.7606650127908828e-136,1.842062547725614e-107,3.808036703206532e-63,1.2918668770230526e-17,9.486415619136484e-6,4.606681535057459e-22,2.241049464660589e-81
2.6878767146515773e-73,7.17601531578646e-39,0.8874700330000941,2.6449361305967076e-206,9.248195552636405e-232,3.014916295228991e-164,2.684206925333699e-60,2.5437438571120604e-76,5.877867038306852e-141,1.3490753422863884e-84,3.2844306564055873e-35,1.971961311724332e-177,0.0024441586809082465,3.2456486831839673e-55,6.309399610259489e-68,4.958790313040474e-68,4.33954856657176e-90,2.9233451360455172e-19,9.48264432143083e-16,1.3999406817813915e-47,4.1083041214162203e-26,4.3628826710144835e-9,5.06157456143681e-52,1.314161374983509e-99,9.760197766474907e-53,0.0034044109452867916,1.6618609877277663e-7,5.294280080709017e-161,0.02345412660335775,7.097867132943538e-88,0.018452354140554832,0.003390719934998204,1.228513255296976e-59,3.1300623839760473e-70,9.485030687519925e-205,6.256295336079991e-84,1.43144597397083e-64,4.11311924555733e-195,3.5853066221923744e-54,1.524669929268884e-212,0.004078397420721145,7.022401275636221e-33,0.040807128848594,4.023619232457526e-95,1.4354066302817306e-47,8.685358415572049e-100,1.2366267117827497e-189,3.096314002738741e-111,2.1379289272439072e-13,6.348631058293105e-130,0.016498499876288653,3.608868580238933e-196,4.947804345100777e-196,7.031803760801146e-145,9.654460751277031e-65,6.495111238911688e-27,1.8170044869851555e-73,5.957010479312279e-159,4.194734522313579e-156,1.929533886899691e-242,5.753101283150604e-237,1.7909965571584868e-182,8.363202844059003e-45,1.5881792432570814e-37,5.737011777732211e-22,1.4464344480362983e-48,3.212554044823062e-163,7.022225065614978e-75,3.2071131651657905e-81,1.746472515342295e-164,2.1358182646411586e-62,1.0588112573795737e-17,4.640512527489729e-69,2.4903398794177687e-196,5.516130929020591e-137,1.3509583747069114e-48,1.9266926204217944e-39,2.585673299976291e-64,1.8651217870629331e-146,1.3960562302732405e-140
5.292243260236773e-50,2.945282452920635e-58,8.798034233697869e-114,0.7499727324726934,1.0159354237281435e-21,3.405454533728398e-60,0.00010726875416918145,5.761129259830801e-16,5.510691982988317e-5,2.861746285287039e-71,5.617378844999589e-32,1.5378469727734324e-23,4.323074197559832e-39,5.583543014357311e-152,3.954445808043343e-60,6.218007185806616e-168,2.7466028125408477e-10,1.3197168478264373e-129,1.4841509778149763e-192,4.5685506008423155e-83,3.122574464779341e-43,3.924927135624683e-162,3.844418288611362e-96,5.973752529895646e-15,7.235355934623816e-101,1.1602005623201012e-34,1.0905766212028413e-153,5.6172109726083517e-11,1.2993193289189554e-134,2.9966660899231095e-5,1.330499291583363e-31,6.995742661667762e-72,1.7327691915076343e-40,9.853285223544547e-115,0.04538308916837923,3.0219566178419585e-14,2.1989231387103086e-41,0.00796635334795672,3.395681410388109e-69,0.012420546736698712,2.269095327919081e-75,1.6975664397768308e-6,4.8632630758937874e-65,0.0026614278037009383,4.127340807321095e-21,3.797026785738888e-16,0.019086680109377807,4.5790738717360195e-24,3.9571112509357034e-172,8.579225824136914e-96,2.6187190438453115e-188,8.753131178458251e-10,0.022610154911496462,4.041622654488323e-7,3.774436118019907e-36,1.3002478824408896e-92,4.5915046534042404e-57,2.1061460614398755e-83,6.05181067290246e-185,3.7986012385048558e-6,0.013762522267149947,8.062400929795904e-10,1.0388896054116693e-58,1.9115468803658152e-69,2.6702383209936402e-64,0.015203619620852458,5.693651255411139e-5,4.976144371989175e-6,1.3184071605105143e-96,2.6003251064759856e-6,0.0016045924398999834,1.582598222274771e-41,1.2987915739093615e-179,2.9942838333514238e-27,6.404280442897293e-9,1.0716361832933206e-104,2.6437459055181555e-168,6.251226771471243e-75,0.10906551705821683,3.0575588638267236e-163
7.524332236606627e-70,2.1530835453219546e-126,0.0,4.057170608925873e-31,0.7992418308825953,2.656710744696408e-259,0.012571050236735569,3.172437377957909e-20,1.6158607617547137e-49,0.0,9.770747227167714e-153,0.05317770914069226,8.208053703130697e-90,3.4622924134391097e-221,5.724697899928872e-162,0.0,2.324829727372731e-140,2.133723026170992e-302,0.0,3.417129840305428e-183,3.4371102848990937e-133,0.0,1.4407243243577642e-97,1.537431904941921e-253,0.0,1.4118598424796711e-232,0.0,1.06517775292994e-90,0.0,1.6023591666201845e-146,1.4998145464325264e-194,2.6913852425481402e-107,3.236453811445148e-148,1.191803011870919e-239,0.002048902071162637,3.37845598320773e-310,4.867772511269648e-151,0.01964992000937567,1.0514721133758992e-266,6.401156724285862e-21,3.856217363354083e-203,0.0,0.0,9.665235530546299e-214,5.796889590949986e-119,1.647382548441908e-148,0.005395852306055778,1.9891958275400316e-26,0.0,4.863818665693529e-74,4.589256051397675e-233,2.1727598312212127e-88,1.9532237479025928e-5,5.842497414213924e-140,1.0457662688590491e-66,0.0,1.4158604017029729e-31,1.4308236595956291e-300,8.278585904489916e-203,1.582907531211715e-18,0.0005488486967055995,6.699232933388357e-112,4.816407172205478e-131,1.95091229629843e-271,2.08557735186898e-148,9.46448667311292e-183,5.483327050672557e-68,2.4842927474086105e-5,1.6955679164952064e-181,0.013792949957560093,5.275857545562273e-150,2.111623585830663e-242,0.0,0.07262609582529259,0.018923596711168136,0.0,0.0,4.4439542574580475e-204,0.001978868997703191,7.645358408980916e-110
7.292013379266104e-58,2.2462851489112107e-8,2.8286295576940036e-69,1.1422973947648888e-123,2.811626340000261e-231,0.049523600671748456,5.037295629667441e-89,2.16064771640645e-57,8.296374148981537e-51,6.857539375014462e-111,5.529296682828089e-27,1.323644638975279e-255,0.0032413631408937174,3.372932348786916e-122,2.117480713561167e-48,7.311578742508632e-100,1.7806831356116315e-12,5.0073510260561337e-107,6.337855353229172e-93,3.4388553679591553e-104,1.504688348674496e-15,8.922742474612636e-104,1.4699638175545516e-56,1.4885162152889247e-93,1.13043721371503e-115,1.2768813952754472e-32,2.468480365590415e-102,3.4579423006658246e-33,1.3635492975313197e-102,9.620198916945229e-35,7.826810167337488e-58,2.2810903607524573e-80,0.0009062185574720498,4.511742191227847e-161,4.657843695311842e-147,1.6822766382558704e-95,0.00020504432829097154,2.3530575272803055e-234,3.465985569263265e-123,4.3984260253802387e-116,8.259428834806776e-22,2.1494011826228492e-126,3.4767154590984293e-97,1.717410014868931e-55,0.005707224343445716,3.8230571617326394e-38,5.392555152612018e-166,6.579941084929814e-137,2.288910377694775e-137,0.0020364696267402976,5.569210916461385e-177,5.854664792068646e-76,8.275494084669866e-101,1.347784144929928e-57,7.718690252575247e-32,2.5351956066460766e-106,2.3601085198741227e-99,0.9383800568667747,7.055829720932263e-84,1.0732384200450264e-101,4.906280839947724e-111,1.0738169409689692e-56,2.687063166592297e-103,1.1601518260407327e-48,4.652858738387646e-20,7.772519643802149e-60,1.5417203322751854e-24,6.014335738599853e-72,8.843088583794002e-71,3.2145115867090354e-128,2.7400652014919414e-78,5.887202060049351e-49,2.9359426110818498e-114,9.387154372730008e-242,9.493317678542138e-204,4.363896877317228e-111,7.254135461479382e-93,6.883070658305078e-82,3.5408661103915755e-118,1.0953613178052603e-34
0.001349357189584174,2.2769686177919275e-46,8.719238278941445e-97,0.008420029407782754,0.010523066809845126,0.001572402298989311,0.5911246899441014,2.818256421685966e-11,4.6637197468857065e-15,1.1802116200605063e-29,0.004882566359990832,0.01998624249100634,0.0161167702949406,1.1899182213315802e-129,4.6303495022169825e-45,1.902011925302535e-79,3.418344130315924e-22,0.0031331510949566383,1.1967227233412014e-52,0.0014791017793641583,1.3332886254949148e-28,2.20968377419317e-25,9.229088770313105e-47,4.936430374313236e-30,3.4659950190199804e-70,1.4453352825317432e-82,4.3117028372866914e-64,0.010931416081984374,4.380329407305738e-97,2.897532125342074e-22,1.5982118491189448e-29,3.177250991163549e-45,0.010011444076823391,3.923622457906801e-48,0.005403519988824809,4.9581880055586854e-76,5.899076155770952e-21,0.010972820348212549,0.006393628274162438,1.3397719944459557e-15,8.7165637919584e-68,4.870191986880375e-155,1.112280568935504e-89,6.461240900068033e-92,0.008603807815737666,1.3815215250541947e-12,0.04055640063346004,0.011783308663614593,3.375048661682907e-56,7.713349181969777e-189,7.4958162048922605e-22,0.005659025861143957,0.1243216726681898,0.004140201248723984,1.6181682570958037e-20,5.469451052413478e-34,6.074178828473233e-84,6.103111809379673e-44,0.006860524365557343,0.016891631665179107,1.2715107150873106e-32,1.3748734161552683e-19,8.610811289807242e-53,8.771202490719901e-89,3.6478593487996233e-63,3.806712497037656e-68,2.0453368433173726e-16,0.06643177005747757,1.1249598141654848e-8,1.3212960387903423e-5,5.553306509979848e-90,6.964389076532308e-84,1.1983099618849177e-13,0.0019783198502632436,0.010421899933638953,8.755851229343413e-57,1.258167593758498e-79,1.520848101595649e-75,3.471934339055699e-5,3.28721337793101e-6
0.034550711880021574,5.129771656874842e-33,5.933848161621922e-92,0.00021398635960423774,1.1678136820639419e-5,1.3307906854344093e-97,0.11229338407680302,9.218312734600161e-7,8.206423205591737e-7,2.093770736280451e-101,5.305298997625553e-24,4.1757735832286315e-68,0.04703103087589162,9.762807823639914e-75,2.3223727857068813e-38,3.4417903056090404e-117,0.11574344340706456,2.0132550533424707e-96,8.137858498106257e-45,3.6124827933079386e-111,0.09055726469452825,2.083024583443389e-87,1.9319086898573124e-30,1.0159805467697701e-108,9.746436987006813e-103,5.937364302149604e-53,5.417918925989077e-37,0.034849029452288495,4.91283617696166e-90,0.12631160200243483,6.227613967505762e-91,8.715289428867225e-29,0.009399924115389993,1.8045406493627373e-115,2.3519479031349136e-24,1.2699613743701375e-121,2.4814511339089963e-7,0.13487185740240376,2.9020915144876944e-104,7.864115061217292e-25,0.014436118629701991,2.5572131613863557e-115,3.6741084957247914e-104,7.5128591539657396e-65,0.004319922581831355,0.004478600184821387,1.5435810634453702e-13,1.0103976896435706e-27,1.5316832120758549e-127,3.0605264781209107e-83,5.2040749127782204e-101,0.053885856411871325,0.060588830720924886,0.007696919842185343,0.08103582113408261,8.700101699853361e-15,2.813288792276644e-55,2.1467832341561474e-59,2.1702930133248303e-107,2.701889547156608e-19,6.019901109605903e-19,0.03773931473000751,3.557632666479366e-72,2.243077520969533e-59,3.37370077997356e-17,1.3165344393677973e-37,0.026904352556378342,1.722817314837143e-11,2.9765413764188517e-52,1.0686769654333505e-6,7.997108404161595e-59,2.300940046199047e-50,1.0125946481780085e-82,9.282725574515403e-15,7.797531017361452e-16,7.925943338178585e-104,1.8417601347013805e-39,2.577568980743987e-60,0.0030772914918701733,6.29938034000016e-101
1.0116864638848559e-33,8.393384783258371e-61,1.6338756790595026e-105,4.4891262208422366e-7,1.1844515190629634e-36,1.8155488215830514e-106,0.20065881406851308,6.534202054057612e-7,0.2068963979450734,2.6820577816413403e-66,1.854293375033102e-51,8.654839840466282e-62,2.4339986384043906e-29,1.4894644651458904e-94,4.497764323211546e-42,5.5683698037649936e-132,0.19031130146580774,4.246347063314269e-94,2.50953598226017e-125,2.507755597603014e-80,5.309000419617008e-10,3.335516587430118e-25,2.3681331086439518e-67,7.037836933844195e-95,9.976143464686256e-69,1.8941786747220276e-92,1.1044784256795024e-91,0.004332501952234492,4.722661556389781e-76,1.317719082348385e-5,2.1366784638877774e-121,2.0041814747628743e-63,0.021756511008929606,3.469683028480916e-148,8.443983902223585e-16,3.2794237726565593e-102,2.3765773866727234e-10,4.4306845406117326e-10,5.713376753983216e-82,1.313111519419789e-21,8.636426692270855e-74,1.3041953144360564e-97,8.633906206656457e-125,2.3924814808831416e-57,4.1539520039648933e-10,3.161541213377397e-27,0.1501990942495417,1.2454593862467475e-6,1.5219297464509295e-83,6.721161115348982e-17,6.538339696053723e-110,5.970077097434162e-5,2.2769364016307572e-7,7.374238849111101e-14,1.6462900834773086e-19,9.679964156447192e-33,1.436245184856502e-64,0.002958889319025152,1.1958133149081897e-142,1.6424776673478638e-12,4.778374245339133e-25,2.458271365329627e-14,1.4855491212603148e-78,1.6219229968110896e-63,9.228739521018414e-70,1.0895103691873294e-33,1.8207292883278273e-16,0.17120608716816213,7.494813997372046e-93,1.7433661790422332e-12,1.732590125573565e-38,1.9360768678089387e-79,4.473404988147687e-56,2.1905446857676947e-32,0.017656918208978342,1.6635799448644492e-76,2.4683450455810032e-23,3.013007165918032e-63,0.033948029535575915,2.6205432789432825e-125
1.5422390061901421e-9,6.214819735108948e-30,7.298459515672972e-56,0.001826365199824823,3.0217418957601036e-213,2.363907801726631e-137,1.414649352613029e-105,3.612737312390875e-104,3.085117345229121e-82,0.355027671457657,2.130275422871807e-5,4.0576709275345805e-253,3.1096671463151143e-28,0.0027384047823417203,2.881312257485496e-40,1.8557547866171018e-17,6.003279454620654e-82,3.163930812465081e-20,1.2019855572111258e-56,2.8947194779714262e-25,1.3519711599976304e-31,2.568356913312639e-33,1.4813994871632476e-78,0.04449908271924318,0.07542491299279372,4.738862117992496e-23,4.5231708339346104e-52,1.7062553825990627e-36,5.0588143765898865e-40,1.6276491438541184e-66,6.625992214217041e-54,1.2937412132067794e-74,1.826784939183732e-73,0.007775029779408375,3.636859910325386e-91,2.8502332967276568e-108,2.2583234597800633e-42,4.786481039265495e-149,8.207208769805224e-30,2.519724624097403e-176,2.110029197545748e-40,0.3204774906378437,7.816847053103453e-69,0.004507169731358393,1.0408825311226815e-42,7.183251348311658e-72,5.766040015488751e-200,4.7399411766760644e-154,3.291826843449569e-40,4.8542619929406334e-166,0.004616000344824677,1.9159502331758932e-57,6.539988819596648e-109,3.390434786283031e-169,7.113635016797903e-48,4.3081178438491336e-41,2.333772303670533e-93,1.448810559381477e-170,1.3973494163125056e-77,8.113179134436672e-78,3.962517614054345e-128,1.9568122353325357e-43,9.50618399347055e-47,1.7042971623415557e-38,1.7468537202064418e-32,5.340301876956492e-19,0.0022311492295310252,1.7931232785811798e-30,4.7143416553160467e-23,1.967426390494001e-76,2.2775513403508866e-59,3.271312370357447e-43,1.9982487396162004e-8,1.7050324714927616e-155,1.637662549145451e-232,0.18085539884621826,4.47141154303164e-36,8.584933910783683e-37,4.3912020122350196e-30,6.754416266484188e-118
2.1469545526556757e-35,0.03828649758590369,7.13368156531425e-50,9.386615384029834e-86,7.174240895726909e-128,3.3268454066058363e-106,3.941324622028706e-82,2.9671710536803165e-57,0.07288467663676822,3.319476437200816e-68,9.543437432200735e-40,5.945056739334684e-196,5.369503255920143e-25,4.707963380471554e-34,0.4955260631229037,1.1111471003022167e-44,1.6025869460760396e-19,1.4429509409622203e-72,3.712652955646761e-79,1.4514010069610694e-35,8.395950245530515e-16,5.975135285666907e-58,5.6098681350992985e-61,7.562122507150405e-56,8.929855540071612e-70,4.002522290692641e-80,1.372700014245485e-26,1.0868314525835228e-52,1.4484719294646705e-55,2.0594947836609498e-50,5.748654308728321e-47,3.643092407320524e-73,1.7755269112874144e-50,3.3941397232142477e-9,4.243484233408449e-80,1.2969583398676188e-68,1.174994163399385e-12,2.5580825709526044e-179,1.588292048432543e-44,9.542695083062382e-29,2.4312217785428893e-28,4.864326438103778e-53,7.920695538873612e-44,7.599824705597835e-35,0.07170643765876972,1.4430040371475693e-43,0.016917518931451117,3.485419639033185e-72,5.7952020538228735e-50,4.2738989273360825e-66,2.926489037916687e-48,2.581845512573519e-41,1.075140574138915e-97,6.05487620656667e-32,3.134514877992232e-19,1.2733265157925094e-14,3.555826577036458e-71,2.061600836961952e-99,3.072706320748774e-80,3.778217740295148e-27,2.0098664952098286e-22,9.035594119588187e-27,3.39718152660617e-84,7.280674804608188e-57,1.0025041210032566e-24,0.195694161516955,0.10898464115187893,4.875885850597235e-37,7.919760243822974e-20,3.433787204920503e-14,4.952160046574562e-58,7.219056573262034e-32,2.3284733005744675e-42,1.595060836556916e-135,1.090448146863135e-127,1.0069216889307616e-29,1.6183833679483682e-32,2.4576762923084975e-31,6.995603897472877e-15,7.260809634693556e-62
5.9353566199921434e-74,1.2932369492914813e-108,2.332188691632878e-276,2.871124560883961e-88,0.06631420642564644,2.5052215268174196e-136,0.030886453607840324,1.1491544805680042e-69,2.6306455645353614e-48,7.20399516157573e-187,4.6641295223650955e-86,0.8384063790457519,1.0646615137335476e-22,3.981915155782256e-228,2.391384289870828e-112,5.241452171286406e-219,1.0763432649842366e-128,2.6356614670435286e-117,7.0276473577e-313,1.0087432909526485e-100,5.549202033083462e-107,5.047040713341222e-121,1.4133898758715975e-109,8.756794565620645e-100,4.795693663443617e-233,3.798034129157805e-248,7.379506967194725e-181,2.0858066214529135e-98,7.627706892722157e-246,4.161478205725684e-144,1.4335135591800936e-158,1.951576130434239e-121,1.3416871388835439e-92,1.5326740174779557e-204,2.353811616098407e-86,1.6816907193794582e-161,3.0574291122914218e-114,0.005370130466489561,1.3319788472990007e-104,2.2030745987784334e-90,1.2053897651041355e-180,2.431433871142596e-286,3.834136177755378e-185,7.546170168364322e-152,8.271732193677657e-133,1.7422864525707444e-113,0.002208794912492925,1.3470668212709576e-49,3.528239116992702e-145,1.21719783474724e-310,1.2911950762763794e-174,9.631133909111405e-89,0.009940332427063148,2.5811764874566598e-111,3.2735126954232494e-75,5.327875520585745e-125,0.0018335858454544974,3.465439230806192e-195,2.9377945225972827e-103,1.4449208839427533e-66,2.0186902817975288e-88,1.3834711261764863e-100,2.947122953621287e-115,1.2533264208850597e-211,1.362508488716312e-141,5.607799902097807e-156,1.016976437983172e-102,5.3641173982109874e-33,3.2744303235397646e-124,0.0020225419583405338,2.825244161112455e-166,4.059465013574769e-188,5.657114920649763e-202,0.03516700893940769,0.007850566371513112,4.709034711118637e-163,2.495026765398544e-276,7.381599400778144e-163,7.61691962826774e-63,1.0087823604998218e-67
2.963384907803207e-13,0.06321452919670673,1.0328525866806704e-100,3.536548934057623e-41,2.702344638221469e-54,1.3852427812928257e-88,0.06504493050171646,3.581310143627033e-6,5.289940844603773e-21,1.2030489693760869e-86,1.4291035878149299e-52,6.287861604772436e-81,1.2622807885442453e-11,1.1085163775761127e-88,2.900306705104144e-35,1.268012411007026e-64,1.0989029296415612e-23,5.973804136745484e-46,7.963104616349312e-72,1.2048251992655837e-45,0.34509871868618747,3.445587318347106e-90,5.341267632007876e-62,2.833030503261392e-115,3.4453539391645013e-65,1.969083857436531e-107,8.450821004787922e-36,1.480388742961482e-29,4.844879831335068e-88,3.766922868788609e-6,4.967206984411601e-38,0.028275150832952612,6.551491899774374e-8,2.218797766849101e-110,4.3153946761533637e-48,2.588167969642003e-42,0.2985301752410469,1.7420246069352627e-52,8.953643777245874e-100,1.0263758974281166e-52,2.207881479287213e-62,2.882567568541496e-53,9.22167064737855e-55,6.162119694989456e-23,0.030135052749651347,1.3613405998778567e-6,7.220708428671101e-30,5.307153521085104e-24,1.507991154945028e-26,9.580230265338672e-86,1.3059101236862338e-92,1.3146431231469703e-38,1.9926413195148493e-30,9.57873694496842e-31,0.1456201772964283,1.6600849167727542e-71,1.8827158015486186e-64,4.885778508213296e-76,4.460240120422758e-92,1.568931932265053e-44,1.323234175526736e-73,7.705200118123081e-31,1.257963571609911e-56,5.753708087705299e-67,9.488571698393699e-35,1.2646869494506178e-53,3.089479552610444e-33,7.847473737807177e-11,2.083427187507509e-60,0.009709754031747536,2.2782722008936146e-27,5.376450922464141e-50,4.771076716399907e-72,5.32623257603522e-54,1.4254504314310305e-68,1.0487257066653603e-63,2.9987798560525232e-33,3.409370260778402e-62,0.014362736283637543,6.943038972211189e-71
4.258425542962753e-28,2.0096956970677855e-48,8.109048684587882e-13,4.369104896282926e-197,3.287588249324526e-150,1.264263609387328e-96,2.2789243568137883e-36,1.5659738442061952e-122,1.479015178408712e-113,1.7723435207077105e-8,5.875454250464732e-37,4.3809943118081744e-121,7.0471292264895046e-68,0.4557294892234666,1.3467253145988894e-12,1.7406230752893492e-38,0.005855208317234963,7.274531912892282e-30,1.5136219590079966e-27,0.05575026757083783,6.864553865655988e-22,0.010959706051319584,5.23460977683686e-56,1.2073932569458448e-46,3.899609650546279e-47,2.5147393180767094e-12,0.0058544245913122565,2.3075835543470185e-63,1.0919006030803527e-14,0.00483769767837132,3.1001214817118814e-52,1.1484532523815134e-93,1.0825473263749715e-51,0.028204537207284608,1.7500453429527876e-237,7.98958623616246e-58,1.1029659146012847e-16,1.9512567208010767e-240,7.916731933250963e-23,2.192014387975896e-93,1.2486165868266391e-22,2.5090900975336193e-18,3.867149125034852e-39,2.5869986190163738e-48,6.294026960069742e-29,7.314318526664981e-37,2.6630214119840106e-195,1.6159874580754442e-63,5.870913108430311e-38,1.9909355635727076e-107,1.0028191481409457e-57,7.207122628898376e-120,5.748763064183779e-88,1.0512042898037344e-15,9.642545843647857e-11,0.017908877142713407,3.73083371540853e-67,2.5309744910030927e-129,1.8013021082579836e-12,1.5119756321553705e-153,1.8472359547836945e-252,1.6734831158805492e-90,2.355623675728578e-72,0.26898398702522386,1.1881967180082745e-33,1.3969371380970484e-40,7.308729734294727e-111,3.7981509448365e-132,1.1320933473774888e-32,4.099379307753211e-214,1.6438538588945017e-38,5.214931505353953e-17,9.858061954409812e-29,5.790461265232532e-129,8.205029829866811e-259,6.355836459139435e-38,0.07313910730559962,0.04288963850595571,5.868394400967032e-216,0.02988704155433371
6.534733247721627e-29,1.3692686128617865e-55,1.2254252549714714e-28,1.2998365696068427e-53,2.150703272738769e-194,8.33351057678222e-46,4.875235092541896e-41,4.025647188741636e-46,1.4588656723325224e-12,0.021918443466614247,1.7112666608690664e-47,1.7930710594909544e-154,1.546492842030785e-20,1.1496559092902706e-10,2.0086405267908346e-17,2.26547322459015e-24,3.781441503614305e-26,8.877714702674934e-35,1.5092145284525545e-27,0.17770410015628393,4.4287451312745675e-10,2.635256390011939e-26,1.0179507626264833e-35,7.943936957352248e-40,3.2100710505433615e-43,0.029856126145336198,0.07014763113818356,7.908483510854967e-38,4.476634429667404e-7,1.977796870146343e-6,1.4941757113921937e-35,1.4656708227245219e-44,1.4332632702288655e-24,2.6800957663770234e-21,5.689857275608739e-20,9.397708128141012e-32,1.2090105919530109e-26,3.2808120220257965e-97,2.087568889173807e-26,4.21823537768366e-50,3.4221481942588052e-37,4.015522492935895e-27,0.0151483340233891,0.22994684451046332,1.9425492493493785e-20,1.2018780057487155e-7,3.780845326278043e-48,1.5907806805413431e-28,9.353727010413472e-50,4.385786986632306e-62,4.650736904470551e-74,1.0330932144234923e-48,6.904199487347175e-92,2.2490861515698146e-65,1.0000589436963606e-12,0.19607902612809835,1.934374061785242e-68,5.680493676888912e-84,0.06345284733732993,9.609793750164744e-39,5.979988169333558e-62,1.1386977037859718e-45,8.323372313271432e-67,3.120445751440997e-27,7.0166672183340595e-37,1.20995402306613e-39,4.070968055564318e-32,6.613844792428002e-27,0.017427625338498016,2.6438906519582963e-93,3.0007372741349636e-15,8.014904884753633e-36,2.6474239666305474e-41,2.084909139779832e-181,2.7447298331332715e-101,5.512280560292302e-22,2.2113655151562253e-25,0.15975351892254006,2.0419688268339027e-48,0.01856295662484755
3.3476940532782196e-49,4.820252055887681e-32,9.111027065930026e-68,5.0111504700914865e-231,1.4851404420786747e-203,3.558244832400245e-132,1.360124307524387e-93,8.361412386091708e-25,8.886770220691502e-50,2.4711117065077955e-7,3.247036361877619e-41,6.659826447500912e-129,0.0034504156226058363,2.337378535484766e-49,4.4652989168433183e-44,0.6555144557053533,3.3213070086999765e-77,0.04111961334837687,6.640633981798273e-14,1.9748642838294016e-81,0.00022189701599898012,3.393487009705625e-45,1.809379731025422e-41,3.223649058067975e-49,0.052962029058813774,2.352679632350074e-61,1.1142424038454204e-18,2.052664840816743e-127,1.3376994012581094e-83,1.2351359482804834e-30,5.701823677801344e-14,0.007030857984073956,4.061517673049098e-46,4.1389165449140146e-14,2.4689154396274904e-152,4.1118050602313455e-132,7.293174813680278e-46,0.0010506098787860846,0.012925547886189964,5.77361314222623e-142,5.991315029456501e-18,0.004326970597984766,3.23856345812147e-26,0.007866381928893365,9.49130540091713e-23,9.500928274302381e-33,7.596739427030365e-162,6.010724954195482e-28,0.007382851458801019,6.884856750685632e-148,0.002083428785727632,1.0422007922103104e-107,5.892170007951378e-77,1.0888732097479717e-128,9.906264537890338e-21,8.932430252502329e-23,7.580411275220301e-95,4.382355604600682e-160,1.920724671461282e-161,2.2482598268984877e-107,1.1014624035249329e-176,9.004862480645007e-100,2.6370999613509987e-41,1.6804895007965922e-15,1.3589066567533653e-37,3.1947117093813574e-42,9.920188227126216e-103,9.007901146490551e-48,1.3858406198073717e-38,5.610699007282269e-117,1.593518579693545e-73,0.009990612073324356,0.028662540547381366,1.6035288259852418e-148,7.05812859990521e-113,0.1621341765327005,0.00327736446365113,5.088663040976155e-34,6.56152905364233e-161,5.656706938407656e-139
0.014262201358724037,1.0046158358331597e-27,3.1691371111481844e-86,0.0037154778681281917,4.0344013752869774e-88,4.8545462380228407e-51,0.0013721946022691445,0.0009274222857000523,4.722991011855441e-8,5.30600890428032e-102,9.262251627730888e-20,5.64078189347901e-88,1.4062651725798579e-8,3.0556609914191464e-61,0.005123705170382999,2.1316827056850056e-46,0.5361152797091808,3.354636332671399e-69,1.065907029222037e-120,1.9507407832817143e-64,0.005898019698184437,0.0010681656261989976,1.4660247937865857e-49,1.3293905479205132e-99,5.604125194550498e-58,6.404473276664244e-73,1.8738509069477386e-75,8.258407268049496e-6,5.32784314473091e-70,1.7948967988910216e-7,3.1432066021929275e-15,0.0011017894259792284,4.212408198174308e-9,1.8720733954100316e-73,7.102827214189907e-32,2.6753577753106204e-73,0.008975945454482876,7.115578247558422e-28,4.611577444239616e-44,6.881880165332322e-30,4.147175128016432e-55,4.413090393244126e-57,9.04400507701578e-110,0.001655855537252576,0.3300441314262051,0.0017376486512526723,0.010585284373181842,2.820427801614225e-14,5.023738817905124e-43,2.933080710644482e-21,2.6251833508139887e-51,0.013348102983026881,0.0016984450350729233,0.03725075578517376,1.634260775471085e-12,1.1484176796118099e-5,3.534423470725306e-33,0.0023016710005496683,1.9918941413241315e-88,0.002328502245655648,3.0114760481683185e-35,0.003891735418161957,4.430773851369382e-45,3.7160436368100296e-39,1.1258806584079187e-61,6.505290802073904e-32,0.00033299535583819587,0.012657289804301752,2.1230147960820194e-81,3.962202424637416e-11,1.5832261982987062e-48,7.975128103769377e-15,1.1354209536233552e-23,6.1993478370250005e-61,0.00337997410823767,1.2709493182575564e-63,7.3471698495182e-65,6.366939526923934e-24,0.00020741945684878444,1.4563957154079546e-61
9.548060430787725e-130,3.7951240254719796e-28,2.1167671691849483e-65,3.095837214342977e-153,6.757463165456361e-283,1.216620734068481e-115,4.633835987361375e-71,5.582193516019097e-20,2.439041537729512e-43,8.439843566865594e-24,0.008498114822897794,2.5703819817410882e-182,1.9140024833303797e-73,1.1198730200526873e-69,1.4640600004202814e-67,0.04817425859393399,2.2996422957086958e-5,0.7660403125703763,2.0023126890997994e-10,0.0014389197151207511,0.0013890194484426697,1.5375202720091262e-45,1.7713169435071106e-37,5.709961841558429e-45,0.026365566166881606,4.9459583458375485e-30,0.005614285459865801,1.9611229898842112e-71,5.137295247419554e-93,2.5755412064843242e-64,1.0109130073880913e-31,4.457729921174715e-22,2.907504065252341e-75,6.58061736328282e-26,1.3602029352530004e-136,6.158922783955978e-93,1.5787197964914032e-41,1.476456758009511e-105,0.0822394319932287,1.946299284014278e-172,1.0851280655905231e-72,1.8904064500054512e-17,0.012377845492969967,1.7004856054767105e-27,7.91672828382918e-34,2.999655164938362e-54,4.685113893840651e-222,2.949411540566983e-89,0.01603789211014306,4.004090679132675e-153,0.0021485157880311544,9.771220892205113e-115,6.5873292649181e-161,8.33414276908142e-44,5.270910507360485e-42,5.967570275568372e-17,1.0769629522692466e-84,8.2196626257010955e-162,1.605030783677216e-143,1.1176930190286988e-114,5.297708599010226e-224,2.0472268325367123e-73,9.224541511523091e-38,5.699367978067605e-72,4.940603922584313e-57,2.991494627037422e-66,1.2141714267414437e-80,1.668855620029657e-97,3.6324137315589767e-57,1.1301952827705943e-159,4.51314551147417e-87,5.1587838226858434e-20,0.028198125953958274,6.516687246797691e-223,3.2694902159458e-182,1.1600224340612176e-11,0.0014547152493611217,2.9441164928357464e-42,2.699482557978778e-149,1.1439819552358285e-132
9.999013721843451e-57,4.518724547329611e-29,8.682604015441271e-10,2.669169980716623e-126,5.28689648136186e-231,6.900839754565984e-107,2.8605003959271212e-64,4.8032253745142075e-25,8.061824728178266e-90,1.620511240262366e-50,1.037009343657385e-26,2.5240318715897006e-230,1.0868219443181688e-62,2.3976832518800944e-29,1.640425702642176e-23,3.8359342710800035e-34,7.171821410560405e-37,9.418925187911882e-29,0.22936620780689154,1.0783437952975914e-29,1.7528328937466737e-34,2.481043364221418e-14,7.257327132613918e-5,1.3807645632463091e-52,9.408080265073439e-29,7.724736200472659e-51,0.3425707997024975,4.7303078737939215e-102,7.341834761263653e-36,1.7862390467633152e-33,0.025036313366299155,0.02655969983138758,4.0003452567271567e-44,8.232013894879055e-46,2.346682938991158e-129,6.821608187610957e-32,1.525412866621615e-28,9.341365774950615e-80,7.023061786746854e-28,5.002605644375452e-166,8.792006797880193e-44,1.6149753993727257e-26,6.18876582659813e-32,3.09769732309617e-43,7.323730536856075e-42,1.0181731446977535e-72,1.8074040991782327e-43,0.013366744715668889,0.10396375990287891,5.608521158225045e-145,9.183271285666565e-24,1.2263935497118289e-127,1.7368939798091306e-74,5.525398432570248e-83,7.129768758731272e-36,3.087653318001871e-22,4.875600921488583e-70,1.4873684301253436e-151,1.0244140193130296e-38,1.1952770989820977e-208,1.837600705843545e-206,1.9008788304616713e-68,0.14905861237473422,3.9860767882365314e-20,4.221394713872487e-31,1.854355897694254e-64,3.8957792245807813e-135,1.7138562756789547e-44,2.1901311428059806e-19,7.474569752118389e-73,2.4502912857344124e-60,0.11000528816003084,3.783469637425612e-49,1.1468146731015343e-149,8.276198750821636e-45,1.9545970200616185e-32,1.985693332138756e-34,2.768986709740607e-19,7.313414357022988e-75,7.523791488523549e-48
1.0850112654600064e-89,3.7780936804708753e-69,9.366983502761378e-103,6.099497948832471e-205,3.2604076144976495e-291,3.2830862841237335e-125,1.3146627396361906e-105,9.105317300556319e-91,7.026677346141025e-90,3.599858985111286e-61,0.008917252402482109,1.8948487228538396e-233,2.5690414672847253e-79,6.810281074326219e-22,2.4066679902844395e-46,1.8112496547255852e-104,4.1138600545720045e-72,4.7457250912766804e-64,3.576115387754929e-33,0.9609794487188041,2.3445925721613973e-57,8.61990826459415e-87,1.3390101967282944e-54,0.004066499002224482,7.839321704391762e-85,1.0574015626915477e-28,1.362676600488527e-20,8.992905555099449e-41,4.3454883272583186e-101,2.428467927031477e-50,1.2744832166785355e-55,0.0011984593897445518,1.1835929432757681e-63,6.534373682865466e-37,1.8942192363341787e-242,1.050810717215479e-57,7.640660076044656e-18,1.7912370243654623e-227,3.1651065754916722e-43,4.375828729857505e-198,2.0499834160659787e-15,8.070330819828747e-44,1.7736185002111622e-70,0.0014966100251829345,3.0852712946975894e-44,5.64126995548287e-66,2.060204319972321e-158,3.523698567059137e-56,5.291751790785307e-32,7.219568960975132e-153,0.01896581813035816,2.7082967208654034e-108,4.0169579304227824e-216,5.491267979326399e-172,8.369421484964218e-99,4.373476752023995e-47,4.561965889447218e-113,1.8338470981240873e-148,1.2200656644961543e-62,2.506374494802164e-123,6.453906660887951e-230,7.387540871730044e-36,2.364953376761555e-38,1.5055823802960405e-39,1.1816248632305175e-33,2.4931967454341425e-46,0.0005940062759538441,3.229411526581163e-94,0.0005660716859609269,1.0190938752969644e-140,3.24241424048218e-10,0.0032158340450454815,2.9376958211233814e-85,3.617007135377443e-226,1.0222103783729487e-136,2.725623194357572e-96,1.9935656306384246e-52,5.1027650860222854e-61,1.4792875717690833e-167,5.087873032044165e-68
3.2282918788876873e-33,0.0014035487462761697,5.459116175293399e-50,0.0034332856485342123,4.1845783067362754e-119,8.833204069193746e-31,3.650195407585825e-14,3.498503792230888e-10,0.0011471851613257488,7.160133463387034e-64,0.003484450964119696,4.126035070338978e-125,2.488114040888783e-9,1.0571888769088946e-59,5.515260252727976e-20,9.15442610584212e-11,0.0029557178115303716,2.0961374238356302e-10,2.8395684195545437e-58,9.472070349037267e-20,0.7307532414751731,1.7230843295234736e-40,2.008521450793434e-39,3.5447169796075205e-39,6.999795510948095e-15,1.1659588092323822e-55,4.901698295497834e-44,1.4042009070884305e-12,1.3862458003964579e-42,2.4689988179626208e-5,2.7010814198414082e-11,1.5052712805548873e-65,2.0126044135000804e-6,6.74640153382806e-60,1.0786510559380305e-27,0.008127859297802043,0.09343230235237254,1.7386473995282492e-69,1.1418881662474761e-35,4.346684229720592e-5,1.0439190805836638e-27,0.0011478474978053855,3.7668423518323993e-7,6.674887476621986e-29,0.06392884399244231,0.027823169691900167,9.383122700573462e-5,0.012676580118425918,1.890025962563185e-47,4.4094529272452145e-21,1.1192555311273045e-39,0.0052223519092556925,1.8185981756368698e-59,8.507657398057195e-13,0.004262856186352223,4.0107209731220054e-32,7.194596116947792e-37,3.611373112513186e-14,3.2381962839902925e-33,0.012223260801486236,3.2773486065925447e-9,3.8783969917610925e-9,5.783149424597087e-65,0.00017565191345725485,1.0964915236343575e-50,4.16481631954769e-37,0.0014292886508192968,0.011894391938071857,4.458480765718765e-56,1.173906472455869e-21,2.619805609201266e-25,2.4005068384015107e-16,0.005136277620331156,2.7836680758549653e-65,6.13397385383239e-64,1.4307291570067817e-6,0.008218202063362252,1.354256099608708e-26,2.464299517907066e-10,0.0009578675132246932
2.540697058276721e-49,5.814578599767088e-13,5.938245034795744e-34,1.1764285485847058e-145,5.014395368461105e-206,1.650028475780214e-126,1.2186525155604365e-68,1.7217740508985e-75,1.305380798275446e-106,1.4977650774613167e-74,0.02763973408839521,4.2319963128402345e-138,1.8569701563802898e-22,2.9819602713342287e-29,2.2369792212640727e-40,8.785060686185435e-32,0.0011146778554336906,0.012779853753398747,4.559022135269189e-20,1.0761009293966342e-50,0.011293620921297683,0.7896969795568153,8.829639464375083e-41,3.5980315144074586e-60,7.22633051149109e-39,4.206873703173089e-37,0.06216901712307426,1.994349762150382e-83,0.04281725011886556,3.481819308482721e-27,0.01507872879652543,4.874054706495887e-49,4.805834290199796e-34,1.6667294831576195e-49,4.93458617702992e-200,5.539287084242093e-92,0.0006753566099699076,4.481243336135194e-130,3.465961010061957e-33,8.974568239236506e-126,0.01462468974899283,5.505290926853589e-26,4.7512078703263455e-30,1.6979811598427634e-31,7.710199967847643e-27,1.200422016148857e-8,1.6813847923130822e-200,3.697614685172235e-136,1.6369713145161742e-12,8.158617217037009e-117,3.068353919936617e-24,1.2483594382452587e-99,2.569489025085109e-177,5.541211259734842e-44,6.709177873865929e-53,4.650125847243475e-13,7.196981545198629e-85,2.7979740492418593e-127,1.0014151490656953e-110,3.734308158812893e-108,2.995271184569616e-175,4.920970672568741e-120,2.3017813930298665e-63,3.9407429338591944e-22,9.356832152225889e-69,1.3649454410596832e-69,6.699052690845935e-39,9.209873842855683e-107,1.0114041987992368e-50,2.6223159901716536e-201,6.01618684932222e-67,0.02211007942032764,5.860361014505008e-45,2.0063148956173621e-119,1.4116248501530383e-103,1.9491646575385165e-43,8.377424470595902e-44,7.312150367438915e-61,2.2068463305051658e-194,2.0866859793701054e-73
0.06140728617262584,1.3168786471019715e-34,4.622022774648928e-23,7.608241472394226e-42,1.4661327596448354e-179,3.3714703270199656e-129,6.518926949784754e-19,1.3563665445558338e-47,1.416653494122859e-47,2.7441799216499817e-74,4.2112289795136e-29,2.0042898603961808e-128,4.070414771734363e-10,1.0616340215457052e-41,5.757328177495779e-31,6.953457462375458e-70,8.398402488652549e-28,5.6169447709722066e-67,7.060950332184738e-17,2.5912217276381783e-35,4.717938349485154e-25,1.0233437227385934e-28,0.45785535372812564,1.9738021241852657e-67,1.7037968529815807e-50,1.1046775815092056e-41,1.0207450678530327e-34,3.876995771562581e-55,7.428208969219194e-33,5.61079583055366e-32,8.084321107229413e-22,1.3897476836584544e-39,3.6191463666669033e-48,8.830046394223012e-72,1.434238188663992e-125,8.28764022369507e-107,2.0008318272047037e-18,2.2957545664320806e-99,2.75526667050651e-60,1.8830602869033603e-51,0.08872071746356673,2.670176036355849e-54,0.030597310498377894,2.899547945709747e-37,0.021301405753437783,8.056223130558637e-33,0.01027396705448337,2.501248462202556e-16,1.2227225236618475e-50,1.2190063437172076e-143,3.302558609056111e-51,2.1151665449521324e-88,1.0399075932846639e-76,3.496945770846288e-29,1.8926900009563714e-25,5.614782157621889e-15,0.17771001864151034,3.2343939621611025e-155,1.1838599196924089e-73,3.8303004271183134e-36,5.529424996971561e-101,4.818510263742317e-74,6.389372249360406e-16,5.808674768682528e-41,2.1814556890340193e-23,2.4460992141963594e-57,2.3271644284045458e-39,0.06711255970340767,6.065586157457023e-7,2.2576662075219208e-13,4.098841813358601e-20,0.08502077401857518,3.6248838914602885e-47,1.5390573246829212e-142,4.457730417367818e-56,1.138586527974232e-46,3.042234738598344e-53,1.5990362205197993e-23,3.9021848163873065e-25,8.014042066040386e-113
1.2697295570351157e-84,0.0123024918650562,1.5681035452495214e-91,2.3905240982822394e-113,2.065546816555119e-266,9.521396476521472e-126,9.969969316652364e-37,1.4898164466616255e-154,1.5084689334647065e-30,0.0518134314115207,0.009108123748555323,1.1852603799243367e-207,2.8162804317747416e-41,3.312878410179118e-32,4.177476919691542e-17,7.456480499577185e-20,2.2147548310552332e-61,2.9655998894025747e-46,0.0006675334031488709,0.019858106504746443,1.1017441040989802e-47,1.0805418408405933e-102,1.8961564632205802e-64,0.8815324406582581,1.470750792534876e-8,0.0027155653275982216,3.5233831689506594e-50,4.196904877600546e-82,2.212085063849224e-117,4.0294347418327516e-75,1.3382900351672144e-25,6.065249777254204e-21,3.566600017253089e-72,4.363461634932388e-6,5.344497291395293e-125,0.0051469402576364955,1.4543852624891932e-27,2.0290468405997878e-200,1.1171768612651184e-42,4.1978120238501305e-142,1.0117706866695809e-63,7.150575973832959e-18,8.009379282888347e-104,0.003245496651292384,2.642789046409684e-38,3.441388825167491e-60,6.546256319307545e-170,1.2983656809244107e-67,4.360378469599748e-55,1.1662732822807422e-108,1.291446212907351e-31,2.1750963820986363e-60,1.2169161109341138e-186,4.744843742349114e-156,1.82786738934729e-16,7.48370573593857e-67,6.015011806755022e-96,2.9432867351167764e-141,2.6590205338842093e-83,3.30470119760467e-105,2.197253769201074e-146,2.1294822153533177e-40,1.0038909091276875e-46,1.7216723709977306e-29,0.0053038848306333685,2.1275391998803587e-42,1.1292408204360727e-22,0.002668207492412946,9.162449425517871e-5,1.3057314925008925e-164,1.0689053385314167e-62,1.9986766654168584e-35,0.003922230087260629,7.820656274262598e-170,7.923185955975295e-167,0.001619545098481931,1.3728719796985053e-53,5.772962845783969e-42,1.8947669520504699e-131,1.323174181008647e-69
6.111072909153952e-37,0.003394236323063376,8.921086647776799e-67,1.5326720690016287e-37,2.6260502114818246e-134,9.889449926328726e-93,4.098630636537669e-12,2.7200353787243642e-59,9.683489298188772e-78,0.10716505594772179,4.25462179377613e-13,3.2395734407623877e-150,4.368220929997501e-14,4.749199763165999e-51,2.3144863006616723e-61,0.15314739923345375,1.8887686496507893e-27,0.0011397326096870403,2.1708330551156742e-32,6.243489057784935e-79,3.1843219568848576e-5,6.585896179806222e-52,2.7758853630632606e-36,1.9669523648650393e-13,0.007551251584046186,8.673468134852882e-54,4.931457237823104e-35,1.0471954291042665e-94,3.56777147426974e-59,1.3706899868138828e-40,7.856912325533118e-37,3.892147142970644e-16,2.3013296376941816e-58,0.12556159376758055,2.70755205615314e-136,5.063716825608555e-137,6.928036175998403e-11,7.982144475862616e-50,1.56574272831773e-16,2.7235751926443685e-154,1.6575065163471854e-22,4.1173983913000985e-8,5.69830745711575e-43,2.1201411016096625e-8,0.007198469611007633,1.1328953167504235e-55,5.45110042565472e-195,8.742403138693788e-21,0.02759237639095557,8.589727548164486e-118,0.0057535562576960745,6.547820415687693e-84,0.0017911156456563737,3.9428762901992436e-92,5.9358734462334975e-24,3.5785340191046117e-40,1.138888226355125e-91,1.0611794600979605e-114,2.433619209234386e-126,3.9978867375729997e-134,5.574550805075747e-150,5.168638645202211e-103,0.015436306533552088,1.8116877014767226e-21,4.530040666428779e-49,6.064915488482762e-45,1.5827787884570801e-84,5.546873687015117e-110,2.9244600898499173e-53,2.7375830277739614e-105,3.1702439134818637e-78,1.1331263349824429e-20,1.991121639263798e-5,1.251553700049714e-111,7.526220298129551e-144,0.5442170892101664,1.1372705215782161e-14,2.337919572950305e-44,1.9237071361294864e-53,1.1234952099757578e-127
6.653815282307006e-69,3.044119048104365e-53,1.2450775583361168e-23,6.114345838747694e-150,1.7530874486001312e-271,6.449325548533765e-71,2.686961886959784e-51,1.4279900664332007e-77,6.324974842604901e-90,7.280156904599738e-55,0.008536573829803365,1.6880369766845694e-195,0.03603116880742503,4.542337290060368e-24,5.203248860445271e-39,3.487896000065646e-10,2.77085752330098e-36,0.00843203976692836,0.02744548545604822,7.823871612323983e-69,1.7764817933746114e-15,5.121651438411937e-28,0.024944394461969922,0.0074609776192076085,1.997234020080022e-52,0.5825890527443718,2.002634910860261e-43,5.568588053367186e-114,0.0533271703475217,2.1933155111083735e-29,9.243807447116e-8,9.16200331966531e-48,9.214402354377412e-49,1.7758529944617756e-76,3.0261984359361842e-207,8.608683547525705e-92,7.137002500907738e-39,1.4994023092767975e-156,3.616933677272133e-55,7.987334963549223e-124,4.442731962816137e-27,0.02212998327584766,5.0686681447004e-48,2.21465543615216e-45,7.166623583746592e-51,1.6133664799526813e-39,1.1136883364490788e-148,3.505848882160258e-54,4.501950267956552e-17,1.3014258553180372e-61,7.041702705054054e-65,5.0572781104522924e-138,7.515329943311356e-166,1.0488998427198701e-62,8.454925646630744e-16,1.3966861772610172e-79,4.179952719150606e-21,4.0220064732744795e-49,1.4493600706387348e-66,3.9647877134973224e-146,5.8811106482667235e-220,1.2907478438098426e-120,3.921964102727663e-64,0.045283787994670394,0.09494144128353371,1.311182362393435e-61,2.175797086341408e-116,1.1442370615000072e-97,0.05955210967069693,8.108865553038758e-129,2.41679603647608e-37,2.041686111456176e-23,3.1052660883234016e-35,4.443442882804522e-156,2.1126516900233082e-229,2.695976832710728e-71,2.3947369463881806e-16,0.029325721955108342,2.2139170233984747e-110,5.095654528008679e-54
6.499571631960367e-114,1.635686581927654e-47,0.021908009222926197,5.996454358602856e-155,6.295347942665387e-207,1.0156554140205744e-168,2.584171262698869e-87,1.7201168876945246e-79,4.104370831897272e-94,4.962435738174243e-53,2.1022096969517533e-35,1.3218945106023605e-82,1.2189552746058819e-61,4.7575877135090974e-14,2.628945537181995e-47,6.243427173604942e-23,1.7404740506623252e-39,4.6605593559015774e-23,0.13786402489041752,7.967255397299678e-36,8.304471019647622e-50,5.248955565602089e-9,1.4404591828041708e-40,1.2064245810785527e-44,3.794797331419572e-26,1.2203979423869997e-36,0.18050726567435477,3.1142541051749722e-65,6.952979784915258e-24,5.664761411391384e-53,0.40161526614663223,2.453514565445841e-38,1.283550125863777e-47,1.36410870955628e-47,4.858716041176843e-203,2.0766643343199415e-19,0.0060996433108025695,1.407660839188903e-146,4.281937329169583e-29,1.2684748298983915e-173,3.14162940493412e-17,9.322931859041821e-24,4.867577251836478e-16,5.9654370994185254e-55,1.3551438351533833e-40,1.5359568746155716e-51,5.308981575652353e-167,4.9564412528783974e-83,0.22130243043832004,2.0094727237415052e-132,1.8609876807695483e-26,5.031834528833984e-94,1.4868708497081693e-125,0.02117688280100002,2.4498434263151096e-68,1.7996774300612633e-7,5.2191101537352314e-71,1.763202097753625e-192,1.476557695452109e-43,1.480890643102091e-154,4.865485455494629e-223,2.538194003518087e-35,1.9058109081401753e-45,0.009526292298799859,2.2961385108368953e-53,7.396962944120949e-90,3.176308388255186e-49,5.820639350244672e-78,1.7604048993835872e-50,8.748192378020378e-137,1.8176190340807684e-59,3.584386073422269e-21,1.0440618705894962e-31,2.5081755014529686e-123,3.0721888819211744e-96,1.4901685102867294e-17,4.080113634225747e-26,3.295861655685975e-41,4.936926613273938e-127,3.595374490598876e-46
6.912619794488873e-43,3.360376687726268e-64,6.953120875378887e-177,0.019524382114773222,3.5055650953778027e-72,0.0014629980592263455,2.8022190259063617e-12,3.1373213162435306e-20,0.02848178813399353,7.934755519095709e-143,2.8698480425125637e-66,1.436909839914232e-53,6.872116056147686e-15,4.917717298512121e-164,5.2644689922552364e-45,9.231203042176165e-112,0.016669053570926184,6.454497950489213e-102,8.650787141052087e-216,1.7485156170218327e-87,0.011501840402320999,1.926494354645261e-8,1.267637040563987e-76,1.686082937174592e-125,6.759016542311042e-145,3.421250393621709e-33,3.2975470513426796e-158,0.4465801307971545,7.620994112528741e-169,0.0009341560985575337,1.8686107525047155e-129,1.4814624524937975e-53,1.146299083583934e-9,9.697526703637717e-128,3.2239868498550607e-16,6.880898999635585e-160,0.00506367642445443,2.2932348988858453e-35,2.9163544077127365e-55,6.994623052007217e-39,5.265727130000597e-97,1.6882919339177473e-58,8.990961078402239e-145,5.857408544964215e-23,2.8574085200136616e-5,2.716668477401064e-8,3.169952972600002e-23,3.367264315040019e-31,1.5722984211825457e-123,0.0018100083218620373,2.214693427833743e-159,0.01135975794916877,1.752174019720089e-32,0.13242420273189826,8.731790486707698e-23,3.5423209013222606e-107,3.429814800675676e-58,0.0034082749661067794,2.8782827849368433e-168,1.944686850412692e-17,3.980122737142095e-34,0.31629298971904796,4.621016361480449e-43,7.6605459100016366e-87,2.0833897642370278e-85,5.064018203982424e-41,2.2782911454408558e-12,2.4984831340233402e-9,4.3265965033955493e-123,2.7184918650942774e-49,1.55890335843426e-69,3.761942382368205e-108,1.664268110195267e-154,8.905619308162017e-59,0.004458116536900606,1.9246168975539278e-137,1.8951263886885698e-97,8.543065022779904e-47,6.910405693621991e-12,3.5981376320062087e-160
1.1126549515456742e-21,1.6406466638252478e-13,0.04455992714785627,1.5912173561657873e-213,1.2301027545407992e-173,2.9582780856005353e-140,1.3580899036943934e-59,1.692123792014665e-70,9.716290754785726e-115,8.59155417629918e-88,3.412005612477628e-38,5.9354696466279414e-161,1.9072328612170313e-19,6.040567221207104e-20,2.612779137538932e-57,3.551839786739769e-53,2.1934638927180765e-42,6.01413734543395e-69,8.007462771399634e-22,9.840529086763778e-72,2.6924181526382403e-24,8.376236449811295e-9,5.391997088074505e-57,9.696616504434513e-92,5.89600204249762e-39,3.7789453337507515e-19,0.018949531422819292,3.063759975510431e-131,0.8810356802080053,0.008227218927381645,8.009148905715239e-28,1.1148355898958885e-36,4.615755920774875e-18,2.9763506481333694e-66,1.732200210674805e-209,8.536356297177053e-94,1.584167827987397e-39,9.425107630917157e-255,1.9582982812282785e-73,8.903566103807038e-259,1.4437833547337817e-60,3.4598993940151354e-50,3.8044716010561375e-17,1.1383789889303749e-66,2.205112347125048e-24,7.743266185653885e-22,9.005777901115094e-206,0.006722283529935451,2.2508430618626054e-26,1.4264210010377291e-125,1.0230246537908902e-5,5.242787243141496e-181,7.22773910849787e-79,5.054773785496544e-101,5.94141478957001e-24,1.2025670941321918e-34,5.686700383624131e-40,8.323787076036488e-151,1.920967424923699e-117,3.895788363990154e-254,3.9639020722377146e-278,3.641528696269052e-144,1.2601699257093542e-34,1.549661920100245e-34,7.046309997918783e-42,5.8126532630253344e-77,1.1467694627549122e-165,1.0375729418856651e-95,4.085784649804562e-60,1.9007942519845575e-202,1.0058242136641588e-68,0.028438143798157095,7.95335427199748e-63,3.6649972342909926e-176,7.765907796170384e-170,3.6697963235915877e-50,0.012056976342906518,9.047469633389915e-24,3.815106023515339e-229,1.1048103422980477e-124
3.0256021887906677e-33,4.94607483062747e-33,1.0268356593256393e-37,0.0019420060585953571,9.530110237025015e-118,0.003961873465080141,0.008979408438981899,1.1713794863535696e-9,6.632560573160174e-8,4.327645189826238e-94,1.9930979127569642e-39,1.0316285959588089e-115,0.018973040516070322,5.655382803844829e-48,0.006841454763338761,0.00686869416735965,1.8387272004534462e-9,2.505808899104384e-8,4.485956561056382e-76,2.29378128363731e-11,0.03156595476317413,1.1134491224326552e-35,4.71737570592645e-52,0.0014762167372781528,8.785546113789846e-11,8.375876817647016e-44,7.638031937710302e-54,8.065697153125148e-20,2.5249882777155884e-49,0.21693248814194896,1.671496114132352e-32,0.002049336848705482,0.6242397133489405,3.236692607475323e-54,1.204442850169442e-42,3.7088596832991117e-81,4.221654677628493e-7,4.528070444701003e-80,1.7178949268659711e-12,8.942200768584768e-46,4.378406177461128e-55,3.021480370773482e-59,1.1519625599262083e-85,9.188198903636808e-8,0.03602956049369623,0.004793821421560896,0.0026115981464707692,7.551891456019293e-26,5.886858869369336e-40,1.8827194159035435e-10,9.253303001118374e-82,0.004361808541526276,2.6387075081207786e-41,3.582446091325846e-54,0.012995091946102074,5.046351088388809e-24,9.521799713260801e-70,7.98327690146412e-9,2.845814469910133e-68,0.00017110066370755583,1.318416844063465e-66,1.1834799757810431e-21,3.537589617242751e-14,2.3009334217913044e-21,7.469848349242416e-60,5.38158736738298e-41,1.977064750610583e-22,6.227405837925491e-12,7.300551265414822e-64,3.148659164968338e-15,4.699561634538249e-38,2.720412534852343e-49,0.0016515667493392525,2.773649146081233e-67,0.003843910653548942,9.094914689652337e-27,0.009710737402990378,1.094704332880597e-21,1.2465809350847369e-23,1.904717064978807e-17
0.08472801274682937,1.1594989497223878e-28,6.873223518950294e-29,1.1173022953471202e-181,3.0789216565155606e-113,0.017561635488650723,0.01370294593705303,2.6603365156867975e-109,1.2928317195907828e-49,1.8779138200278575e-55,2.4404271682749794e-24,3.2546957914205546e-61,2.502333675763932e-52,4.346460751530245e-46,8.084285818763132e-5,1.6193637176184981e-12,0.026973424916299844,1.2226644623945614e-27,0.03476612905778511,3.469529208795447e-53,8.841845926960857e-29,0.001838366069998446,5.203253165234233e-16,5.6191126912774585e-65,4.2387300443705754e-39,3.449538100585495e-50,2.1727271300998938e-21,2.0203124118867286e-52,1.7450528598319374e-35,2.712356130502824e-78,3.097543406501891e-34,0.08683445621597348,1.0761992559503383e-86,7.628616524237904e-55,1.1928898407332931e-198,1.8788055020582664e-38,5.8012602944617265e-43,2.4572930475817822e-145,0.017668726504423738,1.0607860720828455e-177,2.3330893422157628e-40,3.923733720960953e-60,1.377162348764181e-20,4.333412047252387e-36,0.030645611805957252,2.0252402626893043e-75,0.00020507422477147595,0.007889027170022444,0.13094926625713732,7.92018311891124e-103,0.06533230877693703,1.0712565124963182e-110,2.019474132526926e-40,3.971991814289058e-55,2.964360966929775e-24,0.46217377035075213,7.299497723102844e-61,2.228455464140972e-149,0.018650119358988523,4.829380115509933e-167,8.448028800323187e-231,1.1120581467206951e-104,6.021150610216393e-8,3.385757220582019e-55,6.038388957960418e-21,1.7513541517391712e-59,1.5836483231845199e-88,6.644763702838578e-56,8.375259693603808e-62,3.720060943831254e-27,1.6882629236298977e-82,5.140697245194605e-21,1.4223877954658702e-23,9.689951560680791e-158,1.768126065325282e-12,8.27766242252938e-48,2.2204533849531793e-7,4.329464298082269e-39,3.321059411170749e-134,3.376796846784757e-75
3.894703451359724e-37,7.998077087695916e-55,2.8396187548411204e-104,5.040747003142827e-109,1.8726524181451156e-109,7.262430490856318e-242,0.009999902623975468,1.0603501137273733e-90,3.217635875662932e-45,1.047812319880727e-90,0.03953873504165376,5.502904328942331e-44,1.772008644417873e-42,9.528024815913527e-69,7.623988635347558e-52,1.163330706502211e-123,4.584398905551142e-62,3.382764739669099e-134,1.6172977085356824e-48,4.531901879461022e-74,3.486209758099033e-53,2.0987041036088845e-72,3.1989394752543376e-47,2.7933161469938853e-104,2.327892276986821e-106,6.296172708941044e-60,7.289473327463592e-62,4.498148635707903e-93,4.058377208491518e-90,8.703083593897775e-119,7.314956303688842e-40,1.5422140251678303e-74,1.130225352313135e-70,3.394944109932423e-65,2.1453503291846908e-95,5.0928123631973235e-126,1.4370687589265185e-52,6.207577714146359e-50,9.118869072014621e-135,1.6808488542774595e-96,0.19598855232351367,8.19558147954951e-71,4.073086750453365e-107,4.613873704838211e-105,6.005194231521464e-15,7.926117525275411e-107,0.009068511258332848,4.418330801090016e-45,1.1781429236085968e-65,4.265561810353211e-180,1.1565786888340387e-63,7.109062367427905e-114,8.437008839352382e-67,4.594302714138595e-61,0.020516446390866153,2.443247719492885e-84,0.5778736614847853,6.1308052978515835e-202,2.7235038466891874e-135,1.565146810318461e-100,2.425162632151943e-159,5.128264130144571e-80,1.6292066882642222e-52,1.086693192462171e-88,0.0771600585447508,7.455327214164105e-64,2.841163114433983e-66,1.218125636975801e-31,0.06985413038292136,1.4400882354695047e-24,2.1452935568192063e-47,8.211056128785883e-82,6.350851440843779e-101,2.3370713963407187e-79,1.9491948300633515e-9,2.986134609924143e-113,3.668928632564626e-51,1.8070795333495123e-35,1.4414824594787184e-35,1.753311371661024e-84
7.419952002912068e-63,1.2328967598703818e-32,0.0020260456740414123,0.0033526315786452016,5.916499776374306e-94,6.582602100328325e-22,0.011896016167954543,0.020404334375639904,0.009432458579682463,2.1578056663196865e-108,3.960562710703577e-42,1.8572193665495627e-113,1.4236514425724535e-10,3.5565273818985904e-43,0.01635586879639687,0.008553124513854862,5.312383386793684e-9,0.00733160388417299,2.682243555634509e-69,3.0269285969168256e-70,0.020438300399761494,0.0015770714884634919,1.5990101494674343e-37,1.0721651250294509e-67,8.548457336735991e-47,4.097228787194643e-61,1.0947509297125185e-54,1.6009551689042655e-34,2.2230649012830448e-35,0.05515796885590245,1.6490149394405046e-34,0.006149997931542962,0.02262063237444741,1.0023559743557758e-45,3.3343769024223726e-29,7.014450689971337e-25,1.4255647014195296e-9,8.003940715308548e-80,4.0481518331801384e-42,7.678029493284529e-44,1.5418624228210974e-58,5.783499778215119e-27,3.859875630274115e-77,2.294688233866073e-19,5.331436679111074e-5,0.7711213531886227,4.954667011945863e-27,1.0593710692777391e-20,5.972266353883109e-14,1.6609667026062943e-25,1.3639238472047582e-93,0.0028162488053316828,6.115408734331149e-27,1.0982611831214201e-24,0.016612977302703523,8.189006844571438e-30,5.2180932073601125e-64,6.61901321034493e-20,1.4014801903811409e-86,1.6742974034501296e-21,3.896763250205268e-82,1.747745828830928e-14,2.9479379404934734e-56,3.085289733139797e-38,3.102143946960312e-50,1.1810142376897504e-34,7.735966174839044e-30,0.024099959206759836,2.397041078748273e-60,3.286219884712019e-33,1.8356986620761002e-27,1.1865967841516773e-40,1.643121170959604e-26,2.6283017549949684e-49,1.3719537950436077e-58,1.7704251599269788e-17,4.149055764349307e-33,4.44858141834595e-40,8.562889442019268e-8,8.683272740281749e-51
0.02457635062174557,0.04425390637344881,2.8656610838274982e-52,4.5245553675709076e-166,1.4418580630841064e-155,8.967107286207417e-77,5.678473257944971e-36,9.592609699271334e-78,3.510750008659831e-116,0.7626488534522267,1.142613857157483e-39,1.8425669730298894e-46,8.000399778356416e-22,1.7878733844685215e-41,2.4400928111815562e-57,2.9137438302332336e-8,6.581934088281636e-5,8.796681167361818e-15,4.9431520692626235e-33,7.897234406053023e-67,2.200704166076733e-15,8.120093593468828e-40,5.99005643356753e-35,1.6664964701648944e-21,1.6492077012917815e-9,6.191770206544941e-45,2.8149401988460984e-41,6.667082169965314e-123,3.450639531625401e-34,6.964061283156648e-61,2.5463691441992793e-50,0.1119033339778365,1.0819467600552892e-67,1.2561083695713827e-12,7.305588330325175e-163,1.7245392661466203e-76,0.024389780933913148,4.727691412648432e-152,0.014905019057214966,5.000207774673082e-174,1.0575277756963528e-77,2.2875367910450127e-35,6.90369813930031e-36,1.7747650570020256e-49,1.771125029028013e-40,1.3932624614821953e-33,2.2412215746577632e-151,3.733884644729725e-47,1.4091298680603061e-15,4.3632167228611536e-125,1.5458560986790123e-25,2.1891478864320408e-153,9.470922624049662e-101,6.732344417357171e-99,1.8819114808763493e-45,1.6130421744804908e-25,2.2362900191339925e-62,6.535405253816581e-162,2.99683207388919e-91,2.2278428826228794e-142,3.8767042463876224e-189,2.6165331539871855e-101,7.505206894438327e-46,1.106313656423721e-61,4.053197135736222e-39,3.5027445239042425e-53,3.135197972099314e-108,5.2144083178349516e-95,0.017240925749543036,1.0902624694927187e-127,9.570032631774009e-55,3.5947524007352245e-18,1.4919598722238e-9,5.084975910823766e-118,2.9352075269038494e-69,1.59782127848235e-5,5.293700665709323e-13,5.983114551466089e-47,3.751598051460105e-155,1.4909290645570635e-58
1.9577034332267546e-64,6.974108732054776e-80,4.680396538762728e-121,0.08908488878747714,6.59883309836416e-30,2.5414681799726164e-113,9.43044517939969e-15,3.6869136176816775e-23,3.4068730141190487e-12,7.549026856216798e-102,1.0386667952459031e-61,5.787153575471769e-67,2.4880115209667647e-29,1.6133620747369914e-81,0.003838777424643119,4.456020756921735e-33,9.521954843706418e-9,3.24954321551308e-38,7.745782898071886e-135,2.9727364211779724e-70,3.755395085842495e-45,4.4739048460529945e-74,1.1932088297538003e-104,0.002998918706757293,9.334667698698905e-54,1.7441630786531528e-95,6.343675412655595e-116,7.176984565240606e-28,8.001852930902012e-95,5.802119600857824e-64,1.0927997272699954e-12,2.4485916388485394e-101,1.0170768986274281e-60,5.271476352866964e-135,0.09000457516563665,1.2577570347613817e-58,1.5600123066633263e-33,4.650315931749934e-45,1.248294881187926e-45,0.6853739292198712,1.9935764685390007e-87,0.003066016520460893,2.41178176646469e-85,3.0567749227510494e-59,0.008545348245203904,6.9062459247836765e-59,0.009805836980067404,3.088232962274974e-20,8.753574096115053e-60,1.2618274651443188e-65,2.5515665889071116e-156,3.1213126185962314e-13,6.183375468154155e-13,6.470656412855088e-38,5.927184528118954e-34,7.801685242431269e-76,1.5725028536930242e-76,1.7857406478303842e-62,1.5130154955657169e-245,0.05395119754349278,0.05262275254765982,9.806833999582145e-27,1.2005540323917022e-97,4.29700387882411e-56,8.070891408840443e-101,1.8187635596127225e-12,4.125853515577451e-15,8.302892610621758e-14,3.8636155267847065e-112,3.328719608819812e-19,5.887811679441068e-15,3.690187779902543e-55,1.682048631472857e-92,1.0137260785684342e-52,0.0007070282919271297,5.312374737133215e-87,2.1985712307585115e-87,1.5983740408171468e-87,7.210374962974561e-7,8.081107642436369e-180
4.142126453988381e-55,7.199967722875138e-55,6.42309000073209e-101,7.17442510862562e-131,4.0041970700790287e-194,9.583300649327982e-137,0.0014930910347269873,2.5238589035863286e-71,2.2499307857975145e-112,1.9244302591419097e-138,7.531831906169738e-61,7.645069891756534e-48,0.0007118501503029983,7.604166345169897e-86,2.7458498530020383e-25,2.3986601359373818e-85,1.1838271524533134e-111,4.521486309543975e-6,0.00014255268399904406,4.216460503094527e-81,0.0014125754291326356,3.6865347636542744e-78,2.0786412271492114e-24,5.819561444325574e-77,1.946927170866959e-84,2.0988156339832056e-85,1.0372623467469337e-53,3.0399874547697973e-134,9.741540081284354e-111,1.1818159999091484e-54,3.2406595850651282e-12,0.005924813460347082,7.333353985239455e-27,3.505830106144493e-50,2.8226582926606632e-111,0.9785303378216034,1.4460302195344298e-20,5.008874215289978e-133,7.48603737876173e-59,8.935071311448469e-158,1.2596100213721049e-62,6.636535686028991e-56,1.2658154474873614e-116,0.0005220931482619297,1.221536244929762e-100,5.33287740484239e-110,5.111881992270191e-121,2.7107619070575636e-59,0.002398661010622147,1.3659767606507775e-177,0.0029684573578900746,1.3325846219740778e-103,5.601547557794983e-47,1.2231889815327602e-94,0.0005273753689818249,1.8406224731747743e-25,3.65036087332361e-62,4.504381282972052e-170,0.0035096153864884305,6.2676295183422725e-81,5.0335887236647495e-61,4.705208986829448e-77,0.001251227469011233,3.786593003927766e-76,1.807770362486709e-15,1.218705925259091e-131,1.1474701474456195e-55,0.0006028281890805293,7.268029482427899e-145,4.245780179553315e-127,2.8625974599368775e-104,3.7706650313935444e-74,4.056488422693405e-98,1.1481817945413438e-182,4.7363125859588164e-52,2.3837092539484352e-127,1.0616626215103433e-51,3.18660103633111e-36,5.319080574544923e-117,2.8717531349568757e-22
8.474548219413012e-14,1.658380674682341e-29,6.6703404693970644e-52,3.567917759571147e-39,3.142418628096488e-106,1.5036456485875586e-44,0.016654374921642675,6.605773493334873e-17,4.2173348023771e-15,9.352621697090862e-100,1.0535880054865041e-22,1.3707621034589248e-73,0.01690203124646288,0.00577241383165509,0.021030989770143643,5.930607113031955e-19,0.07634413690810968,8.707483709006906e-23,2.2779154086583253e-129,9.948251966519532e-73,0.24743346911875794,2.0326162197240036e-30,1.3559017512519176e-63,2.4425365292611884e-49,8.491313261733285e-63,2.560297497178203e-83,1.7903609937069176e-21,2.9523303980127486e-5,1.6791873845245763e-32,0.0002789648757352112,1.4591933475242398e-29,1.2456677765959035e-36,4.565872242801367e-7,4.521598570953066e-36,5.871563045726529e-48,0.003703457821114389,0.10446186876306852,9.050308910425656e-38,0.0036390446206122007,8.592736384468896e-20,1.4619433735699522e-23,6.3751995517407495e-25,0.002693508366273614,2.885507491921725e-22,0.3029166088322843,0.05681363164713733,1.0089145711411763e-39,0.0008969591488861897,2.240697038803618e-5,0.005964483756636622,0.001995247550060961,3.4538061478796727e-7,5.214494498842976e-6,0.015409379458421144,4.956183641990135e-15,0.0020271125201047524,4.704213411557404e-69,0.000754334386286961,4.937100003972258e-57,0.0050242309212298625,2.414478331525265e-27,0.06786002626681496,1.996587504414289e-21,2.1098664933103122e-16,4.227199988272966e-24,5.432603686885672e-30,1.2069991276491208e-9,0.04136577692032548,1.6259153251655223e-65,3.7800913060310403e-20,4.288002348988467e-34,3.640910939655729e-34,2.695721736608805e-23,1.034484464447766e-19,1.613322323567754e-21,5.1720398694210525e-31,4.0443605453152673e-10,4.850078279942835e-23,4.3792467815357565e-33,2.4541355579687487e-16
9.250661823857592e-31,2.0692252114294341e-94,5.351089764989028e-213,3.1507514487706053e-12,0.0024469281391219654,2.286577159274092e-234,0.011296263700525399,5.458503592754341e-14,9.606844654649328e-34,0.0,3.779169362006441e-32,0.005168459375793514,1.1550214457426466e-37,4.4092130473831933e-190,0.001464110689191736,5.8941558832445384e-304,1.0050433910202246e-14,2.3625272174791663e-253,1.394547017036769e-171,1.4916081368401014e-184,6.454157644241485e-33,2.1246578267175823e-236,2.4138788452976807e-83,6.086632713318985e-296,0.0,1.77972261e-315,5.673045659573884e-224,1.3421140913854348e-80,6.40988034485275e-258,7.865897151441586e-132,1.7809561276040168e-181,2.883984279767348e-76,5.356848211006916e-51,3.808660977487552e-273,0.013907029778676628,0.0,0.0035790597990450496,0.7154057901696484,2.1601097235326812e-216,1.0143637595693704e-11,4.002734231543082e-154,3.371218322317673e-268,3.6798210053892815e-278,9.163558022769574e-146,1.2734009294459721e-43,9.614025493629766e-119,0.025436495314860103,2.22626263099533e-53,1.1230285141683756e-294,1.7447973674889845e-221,1.0347724035296054e-186,1.853393636641405e-81,0.004045316513649585,4.4451380318666266e-29,7.729175825274396e-25,2.8906221287711347e-117,4.413106722466246e-109,2.4779677747657675e-269,6.241896196413087e-193,2.149763903132513e-34,0.003281370270893756,1.0515094449726264e-77,1.994158757669567e-96,1.1265054442270803e-197,1.8427615371606144e-136,2.4650424872831564e-108,1.453625616528205e-34,5.505978204354588e-26,5.840767369852336e-129,0.06039305779148719,1.7690584671041736e-29,6.748743053332211e-211,1.466923587683468e-292,0.104967071681347,0.04115482920983536,0.0,2.60331949407611e-260,8.316328659893465e-221,0.00745421755256545,2.67e-322
2.6036527097165488e-95,1.2153828722946148e-51,2.7601801266931474e-48,3.226613753797058e-163,3.14402038334189e-137,3.6552748186310924e-131,1.6595720541500302e-47,7.065890181724718e-59,6.67358742715537e-64,1.2451924986863907e-25,3.809798980753205e-20,0.0029216468962261015,4.759444085068309e-59,4.991495102129154e-61,2.1734243953344879e-35,0.012900950507367481,6.143215296586405e-26,0.37767667745332245,0.008715307408992833,3.2180094751152447e-32,6.338075032892855e-5,6.051697649883288e-49,1.3195818527375727e-17,1.5991880173974395e-36,0.013933066013746838,9.259174871905793e-42,2.601754544238077e-29,1.0909344827681289e-59,6.1691554859082144e-61,0.0018998755810021534,1.9480171942277687e-37,1.9654622081419801e-28,8.235869692744533e-71,7.393670799089791e-34,7.56495395810187e-175,3.559070681060059e-62,4.328541687191157e-23,1.8142809112562677e-35,0.5800802165138096,1.0423157066173198e-137,3.899374652645452e-54,3.3995752428734525e-14,2.803810567584539e-20,1.5426619053231508e-51,3.2202601385744687e-19,1.102660631722458e-33,1.082943931529645e-137,2.897741663835715e-66,1.2166433186889483e-16,2.2780186355597575e-134,5.783868885826441e-19,3.1705582301889865e-105,2.347728123482691e-59,3.0122889807761265e-52,4.945948074985542e-47,4.40456823730543e-26,9.583863311748239e-76,2.0155008882138018e-128,3.1336880599176677e-104,4.823325384867748e-153,3.2920739417459336e-207,4.814624376184908e-50,0.0009053396408631015,5.34751169288804e-25,1.4382741108101345e-56,1.0972061745983232e-29,2.565772685934155e-53,6.617297920090797e-45,3.4392212303038116e-54,3.5552650062608125e-156,2.6820679720071868e-55,1.683374096605057e-17,0.0009014355533017164,2.984920815181933e-108,2.154483809138802e-38,2.1036810045758223e-6,4.797238069283832e-29,4.1703976883953844e-47,4.0219400027429145e-138,6.565093381306631e-104
5.528678192827748e-17,1.6519073561296033e-56,8.537093655070638e-109,0.022724459880945312,1.191581399008557e-24,4.802819077090342e-45,1.4307428218852755e-12,1.7627656388280684e-12,9.139880916917564e-11,3.865645256159945e-65,1.0293006830957789e-24,8.685157812413544e-41,7.568087136520129e-32,1.1504240169070975e-113,1.0385972799567609e-39,2.819256884775202e-80,0.000915512111167912,1.4424562892741198e-84,6.0942163924796345e-192,4.968308237468055e-107,0.007547918760523878,1.6914433141252392e-97,1.3750648532311118e-63,7.562553190578633e-44,6.722679124925905e-128,1.609147213648002e-85,5.681915092561811e-174,5.811161816606667e-9,1.1697268330026198e-80,1.337489561914808e-13,6.420379356038194e-22,1.1690810209464316e-52,1.1034713292308466e-12,1.7889728903953297e-122,1.3443215877475782e-8,3.797294678200801e-53,1.3753245168169492e-18,1.0916016747496106e-6,8.270154884189789e-67,0.0512360000456264,4.101574850528278e-70,1.188251202898672e-60,6.688049051398733e-42,1.8094851499263604e-24,2.1515229908622927e-16,1.3481219725196208e-12,1.1587946408453026e-10,2.7029814557880294e-16,2.516575668157906e-107,2.2349135971644808e-82,4.206468447978167e-161,0.0275031727301559,6.352220287106206e-17,1.042463176294102e-9,3.0684692952500254e-23,4.726608030814618e-85,6.285871233848363e-89,5.020756037478641e-67,4.743862876701473e-196,0.049886047731272525,0.8226793753813735,8.116643893153456e-8,3.3713490085125503e-102,7.501108887611639e-34,3.362913311797903e-72,0.0006394791916518872,3.4876215575050197e-9,0.000591917467409147,1.7485001017799535e-81,0.016274731862846385,3.049449875591013e-15,1.121249423143235e-63,1.5985774620832997e-105,1.2455470197442523e-29,4.650932929423704e-30,4.261164323559396e-20,1.4813211187283373e-101,8.55304094131552e-61,1.8807139042040215e-7,5.365203285102107e-131
1.6867013447407445e-27,0.0002182322103728794,0.018354624297445225,1.129823148292464e-90,2.349220015307294e-177,3.99176633509622e-62,4.0840311991448534e-38,3.4908638353954603e-57,5.503738160034365e-79,0.0009893399535022727,0.04374252905347991,2.2288828265465716e-171,6.429388170555729e-23,1.2111153716038024e-27,1.6568989743741458e-21,2.753369687883409e-46,4.339080859685591e-51,1.681085061058251e-58,1.709849413884038e-50,6.912509364884206e-35,0.09015848923031229,2.0217574597469588e-23,9.464487239772705e-42,0.09040242465398256,3.226157908605927e-59,0.5362305386205042,7.498067108752381e-38,6.286933862651029e-64,7.676670259644955e-71,0.046678631873244954,7.934237655553365e-58,1.5637894772804545e-47,3.205863536479844e-21,1.0650515213852605e-31,9.572547640445119e-109,6.532804756108269e-51,6.473675326204542e-34,1.7548412116619304e-121,1.240997494976077e-16,8.290798268619064e-64,7.535904458691541e-11,2.727736953792341e-51,1.93202805669926e-62,2.1740324131995243e-41,1.366164930625646e-34,1.926021399941344e-21,4.8888232186445986e-58,2.9877762510585016e-62,2.025578654317406e-34,1.5157787698768634e-65,6.941455552179084e-35,6.921031845688585e-75,5.262403757208922e-60,4.3014803452589455e-55,2.856323052646593e-13,1.2316804656375397e-38,3.6419641900734457e-9,1.216076808852856e-53,1.5391776797178744e-55,1.736134133670068e-82,1.33319566043829e-134,1.5940080600373665e-67,1.1156712622504699e-57,4.144411441260203e-10,2.7823754990820488e-33,1.77766847172654e-55,2.601314612796887e-46,7.449415303284551e-55,0.17322518197340264,1.405131537613261e-61,3.795245796234999e-40,1.2688313183117364e-31,2.807138510645701e-43,6.096621268548087e-83,2.436973716451008e-87,8.218041878816926e-40,1.9547342896616194e-18,4.0017028457275e-9,3.504728867908308e-101,6.462564687443339e-37
4.255378614011335e-80,2.7728727307405564e-21,1.34993962371112e-16,7.229652284141712e-100,2.0929977523401618e-293,2.2195569808179416e-102,5.699189217476365e-112,6.867965620756412e-108,4.263646680606924e-139,0.6139541767389912,0.006676044274588104,7.1319689577385546e-236,2.2074078155616095e-9,2.2906750390572102e-60,5.148044183551341e-40,0.17845006926652726,3.113636174935724e-46,2.9978254786719837e-14,1.8518275532578334e-14,0.005770186148612032,0.006535756253125941,0.034715806085731694,1.3399205839501033e-36,6.765588567061699e-7,0.0618206225403172,3.3077605968673757e-66,8.002224134982621e-37,2.2950723203365548e-117,1.264145895810087e-37,0.008392471165945534,4.7344467948697354e-15,4.095517596178598e-20,6.531003721046448e-36,0.05388782627089193,3.171582779468956e-169,3.951483674264198e-52,0.004852498034012666,4.4521603616048046e-200,2.9973864714399285e-27,2.2483052355446633e-127,2.4505625122208757e-46,3.7682673442548966e-51,1.0074281942876421e-20,2.8579653045738793e-15,1.2891198407003885e-48,3.393851983821304e-12,1.1286358021616308e-173,7.671592796802012e-43,1.2762889498219187e-8,1.419912651575685e-89,3.6592948167091615e-36,2.4652275272278807e-113,3.80436725983678e-154,3.170232590216167e-132,0.014842666542069897,2.548790516316359e-28,6.221453053300863e-74,3.638575640962289e-132,3.495189023674489e-113,5.346420295245489e-148,2.801849590229518e-163,3.2217748336488146e-146,1.1998339181326228e-63,3.822324083863708e-20,0.010101184341533422,8.176271139198465e-71,1.4661392590524068e-167,2.117180180921266e-105,3.410814611996935e-21,4.279189576946825e-108,4.2753457205135536e-62,4.847313855372957e-39,1.2746835059678117e-19,4.941078827755273e-213,3.444366686156867e-111,8.050489410137013e-10,5.820481388874485e-26,3.3396341117031543e-49,7.347013383857357e-113,2.025890773351792e-123
3.621784814974937e-8,7.998444839010439e-67,0.02088737492213814,1.4534211007739457e-227,1.1336558104595198e-223,1.9375980564168305e-122,7.523671973218377e-113,3.8555277234310817e-57,2.5372845740512793e-169,2.179715757752681e-56,1.4303161790515517e-14,2.6278498957812185e-160,4.808454885384692e-71,6.608283209093833e-92,2.007354598273961e-69,2.576841539445918e-36,7.47573684870191e-78,0.010390884775446198,2.3015381557156738e-15,1.3987390875677883e-89,1.0117287050484265e-36,0.0033496073359321472,0.002493494708870133,2.5308762353752833e-40,3.954536242811617e-28,1.5697811994363007e-46,1.1682854067872246e-10,1.1182840545297289e-181,2.7962099298398265e-39,1.1894625891382881e-47,0.009194122285325733,0.0017988415055958868,3.565905246999392e-74,1.150149877559384e-46,9.257901332881059e-265,1.4077683050398429e-95,0.006937632954141377,2.2324208965399435e-169,0.022806615952265807,4.667222293244013e-216,3.8220885545746444e-39,4.183920111219572e-16,0.8712656416823167,1.0052879923229073e-87,4.4624300465612216e-36,4.164569681455852e-80,2.299845375929132e-178,7.97624681310671e-111,6.249818844162955e-17,3.2766975978125054e-147,6.421217173310989e-22,1.2539905742180532e-193,1.644001499058702e-148,2.387131458955056e-157,0.0024237430644758304,0.04595833287343089,1.3182515504915332e-38,2.288976640725306e-149,4.831992663170895e-147,4.543955698050629e-253,4.0873985405291464e-224,4.820900071930734e-149,0.0024936716053676955,6.899170912104415e-58,1.447499514969793e-76,1.2447950658031922e-69,8.289532436338034e-176,6.324898603117136e-62,4.772149144093635e-73,6.289246489594799e-117,3.363631490681836e-100,4.4347260295801394e-48,2.2310921719988922e-30,2.636064228280688e-160,5.777610315497263e-154,1.5466712087452192e-23,3.5258066335398806e-34,3.576884724308151e-76,3.318603503836176e-218,1.6623277629449799e-136
1.1170673927844118e-89,3.169779034677547e-32,8.22203892644133e-15,4.280115453621729e-68,4.2852670302194257e-141,0.007075208483408098,1.1958538784462542e-91,7.883301388085567e-76,3.5241567526355515e-39,1.898633448120364e-17,2.1542718306292682e-41,2.7763636081706856e-127,4.6697306605908966e-42,0.001703102414358577,1.8987174499387462e-21,3.2020688998392574e-14,1.271162504682701e-6,0.004824063372379305,7.223766445464024e-78,0.0029641562114369616,3.762793276245349e-7,0.0071627507814646775,2.545522972885696e-82,0.004243516118500348,0.0049153656717582615,5.383168780855539e-42,6.991134471829186e-55,2.0006572942550311e-53,8.20518415086828e-28,2.0340342301221367e-17,1.903597247909e-43,4.0823158799112e-73,6.095387558187563e-28,1.2978987055301744e-48,0.001304665228444336,0.0029906976492789935,3.632150713670546e-8,1.3055925307520804e-100,0.0045502135796203136,2.9269407040304904e-29,0.0021514865448845825,1.0335248320677682e-11,1.4771467081537623e-33,0.9091408821396707,0.0036442831733930667,0.0015698318943837448,6.7887239156213435e-106,4.5006930184331874e-77,7.959470591261755e-34,4.710680623754751e-11,4.446010483299983e-47,9.928832625135423e-57,6.653313786657243e-99,9.767995419607995e-38,4.713391797627345e-50,4.465920052624732e-48,6.372993636624066e-72,9.618732306969242e-25,0.022716636390792484,8.765976488273137e-71,5.672241964262369e-51,1.2064748908686453e-43,2.4494720295990875e-96,5.345351627236276e-33,1.6248366796071065e-69,1.2864621447120977e-43,4.082863274263962e-56,1.5963763616509953e-68,8.4043736457481e-69,2.4346197836721807e-111,3.713313588398607e-17,7.30076271649866e-37,5.727796424407224e-29,4.0726788639720394e-129,6.390345793236998e-147,0.010833863489087433,2.3432046883310175e-30,2.8449980853884387e-27,2.2990878400593124e-81,0.00820759303631616
0.009857643071235198,3.1913435379559866e-29,2.547880075500788e-90,1.7959017403698167e-17,1.8415730454774628e-115,0.0017698453933501282,0.008280718473498332,0.04831446916779619,0.00010064638523296312,3.2801084990089223e-87,8.622665471245812e-28,5.6811503867633135e-64,8.33900341002184e-9,3.3968840993446e-46,9.302359440273477e-11,9.240260226581847e-44,0.3246879729710048,1.390245533879372e-46,2.9623963249276035e-97,1.1772874200081629e-47,0.00038183474580184536,0.0017037483434224736,7.338716575859068e-27,6.954435452392163e-80,4.787664157926968e-47,7.139932495460431e-98,8.566037320967212e-25,5.866549908566469e-7,3.686962229511056e-67,4.953048234616237e-8,4.272406130294011e-59,7.109415852725477e-65,1.07321120662117e-6,5.317686853084744e-74,6.057065302590892e-29,5.641632689216499e-14,0.3700195468485359,1.4174583061216037e-7,3.050761993053665e-49,9.810624722912003e-22,4.166880698320349e-48,4.1411961787287005e-39,1.1343325984397552e-43,0.009482520786391693,0.15568289380119918,0.014790521490538182,1.3270869089052901e-13,1.1452517527443981e-11,2.2250804194702855e-49,7.083619298136643e-14,1.9021302253645516e-43,1.393641233053962e-9,4.0305987357859453e-28,4.03588000438948e-9,1.3691138200254628e-22,8.556334242367965e-33,1.6871067529075308e-12,3.2190784648674385e-54,2.2035221092575167e-111,0.018261157876346783,1.9136668127447628e-34,0.0057531980333324585,2.2680191470515538e-51,0.010979305987324545,6.936565531203763e-55,3.1701333990749047e-20,0.00829099851913495,4.4345341685703084e-5,9.498081263306696e-70,1.548217900717536e-18,7.445290327502973e-43,4.6991986159112447e-38,6.604581229280597e-14,4.927136992782603e-71,4.158742596542042e-28,4.3607318017743935e-41,1.0782963229977295e-26,0.0012315376028455404,0.010365230143798953,6.120882674284129e-83
4.5282532910973546e-7,2.1266820480936743e-31,5.1376451448308475e-20,1.5757481892111576e-23,7.519062939700289e-123,1.076001962838438e-8,0.011977019660978826,0.0004770225618975225,3.62047825419251e-17,3.3167463781911305e-85,2.3593110243038327e-31,1.532311988473264e-111,1.6807949730756582e-17,2.5155599948603937e-11,3.553361050644955e-10,7.233405495425922e-19,1.2258672130124479e-8,1.2235688457925281e-13,2.360681050056559e-77,0.0009768217027662917,0.0029118156696265455,0.027727569526492968,5.271295433996799e-60,3.1656358036448184e-40,6.184409810819925e-30,2.1748557782307184e-39,9.451216772947959e-45,2.5857538858671124e-26,7.538034871035618e-9,0.8909803484985843,5.693196703727712e-44,1.5228913858575864e-51,0.002643755347742737,6.075275512008481e-87,1.585786312948646e-23,1.1895191962128244e-32,0.033769057306193784,1.0846263818762833e-109,2.649997464118757e-31,2.708121019792558e-44,4.284981520039013e-44,2.683625934288406e-32,1.8466701879471313e-44,2.1667100310616356e-9,7.716723715367226e-12,0.007196394232210663,6.634426190744486e-39,2.8792077527252293e-44,8.23467166924718e-64,0.012490016825903099,1.1568232257567415e-67,0.004212788549420654,1.1638987415558323e-50,8.18826155730239e-39,0.0013211526546862214,1.1233277132198631e-12,7.370827661294493e-67,1.8341832845127377e-19,2.8040696402247115e-23,1.4592694522871225e-8,2.0516893883035156e-41,6.644394785925847e-34,1.4424420354451595e-51,0.003315736678023863,4.988388918644221e-47,4.662258858580088e-33,3.9331991761943895e-14,2.543899623845548e-10,8.984889559095196e-65,1.0028468463697311e-33,3.429984884868313e-20,8.908733348093737e-40,3.290087353553888e-14,4.2697249971262766e-101,5.648828367009524e-50,3.2543390245943216e-28,9.59654585917441e-14,1.4986981941740547e-17,3.606663881675596e-30,4.5493668475547367e-38
1.9707654898192306e-58,7.852522860604136e-81,1.0592258327268532e-69,0.0037844356546470207,0.003408998991313065,3.12292194758042e-233,0.0316048251263842,1.8551646783418745e-19,2.289950175139416e-10,3.062365213798865e-154,1.3547946282476513e-58,0.004582869891504186,0.005801091494712822,8.515516232643375e-114,1.648592042422042e-64,4.5741920495361785e-182,6.526641035624052e-19,3.192977055013923e-136,4.509709417218363e-154,4.7664578347082125e-186,2.7771989516589585e-12,6.540653692216364e-52,3.326387750210344e-73,3.967907559138445e-177,1.144480486105644e-170,3.9385721494948404e-131,4.105246339258812e-66,1.71492584148687e-23,2.2282317525482596e-102,6.741084267730722e-42,0.0018405112723024765,5.474933260667075e-17,0.0011660460778066134,1.2816929998650561e-100,0.02034555313017417,1.280968291826474e-78,1.7424323358423228e-33,0.012675622527995124,3.71676251933848e-102,4.310088504027662e-8,6.645332192865223e-37,3.2211717818942458e-96,2.727649545581165e-84,4.3574083194422774e-27,2.6999044865989014e-26,1.099436825556807e-61,0.7076583833597263,1.5648948497195813e-34,2.5273337170645963e-24,4.836365394928162e-173,1.5335898951562278e-203,0.0065365093816404036,0.0005060982308341396,0.0003252609179139994,9.00253574136524e-24,7.82739903346471e-72,0.003577431265830829,2.364489327200039e-174,8.660900764918976e-225,1.6133644049415332e-10,0.0001255470301239671,0.002207188691092672,1.877796913895319e-68,3.7894485128592456e-69,6.809618341926436e-70,1.7538399162801596e-9,0.03552204801168496,5.2769237253601876e-30,6.749173256261505e-87,1.7679992446479345e-5,4.3366593837434527e-14,4.638666200876086e-105,4.239784077624572e-170,0.01322125364982758,0.09223322759321352,3.6344688358443385e-145,3.853856960186374e-65,1.471896190209409e-70,0.0528593724609485,1.322203411072283e-84
1.0383531637095235e-13,3.831516462549225e-38,2.7361784359585446e-136,9.176067868560262e-25,1.5975319282793148e-44,6.868947032643681e-111,2.6412512205098932e-30,0.30205582605148595,2.7175428041064246e-9,7.883695118262709e-38,5.023996026516452e-40,4.14847450583059e-72,0.07788556252373331,4.742847288950624e-5,0.025895022337512428,3.2390659340456588e-93,2.667400623379268e-27,1.7369554925781694e-74,0.010652205359142223,0.014063453873624046,1.953421809879001e-5,4.514673320966009e-98,0.012129276736964895,0.014211816224971011,1.1663219505090302e-129,6.596293122278171e-98,1.2667647891364924e-81,0.0004122198131644737,2.023125411011731e-79,0.03616734752499869,1.2818962999581652e-22,4.872927935159335e-21,1.239950840311768e-15,4.091274437763794e-42,4.23408604976151e-28,1.893733910501444e-70,6.417896866764168e-7,1.510374927826877e-7,1.585441984820175e-13,2.0615216526892215e-30,9.450862034882788e-63,2.7917196859048803e-153,3.531753084643332e-109,1.3307603364625575e-56,0.11311935309629784,2.1259414867991164e-29,9.873039620771782e-11,2.522064946886743e-22,2.314674338499804e-72,6.312048958508712e-108,7.921857959166486e-126,0.006676433210607863,0.05191630948272718,9.836419647619058e-52,0.1771293776727456,4.283259456898027e-36,2.388645166580093e-61,2.7095671637795724e-175,2.890080537390235e-64,3.080531925669732e-30,1.8351879961053985e-25,2.4423035012325183e-14,4.750576214447858e-81,2.345003610879738e-111,8.90587644684737e-51,4.3797022829496684e-67,4.3284143352444535e-15,6.743366428709502e-5,0.10244371224747478,3.8987413465912335e-40,2.962965476405564e-100,4.014654574868141e-92,5.487302257706637e-99,0.04306021172470908,9.124543836962924e-44,1.6505651915787288e-82,0.012046680120817868,2.2400072065259553e-43,4.971385470344795e-19,2.3593563315842942e-15
1.8563687645775159e-53,7.811475588496949e-41,1.903824783202801e-17,8.885316520814426e-148,5.106603992192513e-171,4.119811019745738e-87,2.1945566996332157e-95,2.0692606514354716e-77,9.0955774834404e-102,2.5741390937882788e-43,2.1245306351230967e-50,1.6624840036536864e-239,1.109151338323528e-19,3.1211647763420996e-44,9.134704139894057e-41,0.02260675544698585,8.271834198675493e-43,5.01708885081954e-15,0.1787383164584296,4.291074922821133e-10,0.04637722100371232,0.1897897364316143,0.039673323127938635,9.937520566704417e-14,4.5564507401722446e-23,3.385386085210635e-50,6.0831341301692773e-5,3.5887224630523326e-106,8.287747881503228e-36,3.524653852870601e-38,1.6581563179856864e-8,1.0182663917681556e-14,1.4357263157419537e-28,1.9921097820364618e-27,3.5844092352281855e-158,6.229349372147398e-20,9.451194492876708e-16,5.98183881658367e-125,0.028930687910808685,1.155505678429925e-214,6.359244276062207e-36,2.845640018449685e-28,2.5652685331430543e-23,2.2008894522421427e-19,9.67700200608423e-38,1.0366797644872404e-43,4.0233533159695037e-75,3.574108287771648e-110,0.19779826629904418,2.4003393499784553e-160,0.2950600569174312,8.095082149765168e-130,1.2293993805389583e-144,9.031861652970197e-130,8.293686542738159e-42,8.633480844578804e-13,4.1760151295416203e-69,1.4236249477959806e-161,2.3659543389010674e-78,2.5345894275318942e-170,4.196401493958355e-199,1.2609198690597817e-144,1.4735283425961975e-19,0.00096478805107475,7.9795899731602e-31,8.112221047799959e-80,2.5480686416305346e-129,1.0934367756185297e-96,1.1237758006256487e-38,5.558411037802878e-110,6.190197415651181e-74,8.221562769520402e-31,9.108636057668337e-15,5.531923605629667e-81,2.259574777338359e-96,6.627771510305428e-18,6.785236260322541e-36,4.4578764415966434e-45,6.559414626904057e-129,1.7055196279249786e-76
7.3067862209897554e-37,0.029802724902404598,3.866574333403825e-154,1.2067121550849738e-181,4.924660706629938e-215,0.7617346543336705,0.0019142161113002477,2.8560303310048847e-148,1.2270464403590764e-37,9.961481597092936e-150,4.3609201639539594e-58,7.318765253739823e-171,4.7565299015634735e-89,3.7898795905200057e-156,6.687760452878092e-80,9.125702429909222e-127,6.573456940973915e-17,2.0103654118153953e-103,2.5064572176302645e-140,3.5999025619874212e-149,1.0336609858696943e-24,1.2708265195036247e-140,8.900273020564547e-113,2.301249982920069e-137,1.315184624640875e-124,6.456855864720913e-109,4.927604758782146e-114,1.459362795614328e-18,4.443301950969787e-104,1.4877399722239565e-17,2.5875944061362705e-86,5.8036669842733015e-133,2.189190806311776e-31,4.673211529161529e-171,1.8749979476909794e-224,1.937935806746143e-93,8.637767844772213e-76,3.491812104099077e-271,2.5968208542962896e-119,6.255599404149424e-188,3.6057769055886644e-95,2.3698866057962116e-131,3.6723531613749277e-165,1.977683044838816e-53,1.0021053631613784e-27,3.0249113252981153e-21,1.18821929118679e-237,4.740476149992689e-20,5.4552386565652454e-160,0.19800337056537068,7.494691862278535e-165,7.304894792262449e-77,4.032837273333921e-94,0.0059017578119146576,0.002643276275339161,8.565764106338815e-153,1.3754176741901736e-74,1.5332037897068512e-47,2.1122290209332772e-92,5.188701536521331e-170,1.2844710610855294e-206,5.919384670236673e-72,1.683279544136746e-161,3.113036303584436e-81,7.179598720382356e-121,6.630477831596223e-67,3.7676758126755147e-90,1.5069634335215044e-127,8.012553837692631e-97,2.9951025209665567e-135,1.4139992150691141e-98,1.983045793068775e-71,2.7979898569109455e-148,3.83227697715339e-238,6.169452474837642e-210,7.318170063321653e-164,1.5111534341943094e-119,2.2962992955772208e-73,6.566498815733037e-230,6.910095582349272e-107
3.736544714391412e-90,7.522520127885259e-32,5.318369915914545e-40,1.3904341163149706e-160,1.0007843764299062e-180,4.48142291217423e-129,3.8162544759010426e-37,6.887099398118782e-41,3.341379835222347e-99,1.291859301131602e-51,1.3680124109451976e-38,3.40665817998545e-69,4.596142626675311e-55,2.9815685916148763e-33,6.566532017696662e-41,7.030417368122862e-50,4.331191868087007e-60,4.749079441273087e-33,0.01570239173516502,0.013886917296458795,3.7011892012061286e-32,1.2191569343337828e-28,0.33886350304580665,2.713580361991344e-10,6.184467128394121e-44,3.293443427636445e-32,1.0480131722347966e-13,9.745449269562393e-130,1.523439392702925e-48,1.3406674061469201e-37,6.026316799394171e-18,0.37215860794537897,2.750121295959474e-65,1.0796134663689998e-47,2.333506002763461e-146,9.773264135214214e-65,2.4608286828693896e-31,1.293687608072474e-63,2.304146945015017e-23,1.5545129414888706e-163,1.3676096309200626e-59,6.043510051254942e-34,6.227129153868108e-25,2.0489481226432927e-20,1.3510195760780564e-37,5.87418856594286e-32,9.962375334041547e-63,8.77410644215497e-56,8.753283549273854e-20,2.0706417910433697e-176,0.21228256590945943,4.1686176891744394e-160,1.6076002443793862e-133,4.805480020387409e-104,2.367084002323639e-68,2.691842107223234e-20,2.020729243394432e-58,9.410282988978681e-163,1.014204782277933e-48,2.7554583988420657e-183,5.450577539377327e-230,2.7827217706524105e-139,8.892847359674496e-25,0.03194769179747368,2.7006949243151747e-30,1.438756994774913e-75,9.224070611020955e-159,6.875527192833693e-70,2.113014902183418e-55,1.1352800987935452e-67,1.8940722208271477e-60,1.780437369686708e-25,2.8212936688662172e-43,5.235021989609617e-141,0.015158321998794655,2.6215448068104814e-45,5.112797352773832e-21,1.2896845519125975e-48,5.5468463362659375e-123,1.6091946535908124e-76
0.0017149296659234425,8.789997636373878e-38,1.7735147193990316e-133,0.0164426162617648,5.168755272781239e-27,1.426897652697963e-82,2.993139460704885e-22,3.7736313068841285e-12,0.03843631212120812,1.6607120950643745e-60,1.668471654917276e-54,3.848603949202585e-107,1.160592120384631e-19,2.716814670489741e-87,1.4114995366852444e-38,9.422789577852652e-149,4.974211921812171e-7,8.412562211134841e-125,5.4477413482342e-159,8.276747127193927e-57,0.0012152852159302337,1.425355417009505e-79,5.166153266602184e-82,1.3600358807337558e-56,3.6049519965351577e-13,3.7064476659670144e-114,2.5838236025048318e-123,0.0003961946370446529,6.266258395260617e-130,2.097001714788039e-5,3.1563160194019368e-139,1.383543393013503e-63,0.004910357027106189,6.32087909441746e-109,3.482909441791703e-24,2.63484178386768e-50,5.48817070215347e-5,0.003600959653867052,7.744747305605583e-67,3.32246554094659e-24,1.6498512045344783e-50,7.041996520411362e-131,1.7266771088151405e-124,8.159212622334428e-6,0.0068643642089642656,2.2684112363340998e-15,7.34828374813071e-8,1.5731159620191467e-13,9.796105839697314e-119,3.9161029805474497e-85,8.332514528396491e-108,0.8999676120032517,1.2143099581167316e-6,1.5156844935466212e-11,1.9241738856838352e-19,2.3741272857566417e-74,5.81922715864335e-65,9.580547715201975e-103,1.3762277737103468e-124,0.0007956348032642977,1.2926237566072254e-32,0.0032993811949211488,1.7234720260708645e-82,2.4127406802628757e-61,1.9248954709906507e-101,1.0712923452419192e-16,2.980799566042588e-5,0.017003716117779632,7.153922188386029e-93,1.1402878289672763e-19,0.0015955283952099363,2.8592571630398752e-58,0.001405356791973423,0.0010924272359360489,5.7910346648596573e-11,4.6690229290531606e-132,0.0011353692274123546,1.490530798566997e-72,8.35121464154965e-6,1.298061555929682e-112
9.693247927534784e-57,0.01364300153742966,4.151534288958219e-162,9.496593618996047e-15,0.08236955930113185,2.534766317718837e-155,0.20640346343656038,4.921240393361027e-8,0.10377263178330783,1.749464985663083e-167,3.8610122952108705e-94,0.014943883673462171,2.38873690726196e-10,6.245498297820296e-113,1.9736088105599835e-45,1.7360926771080355e-183,1.706518702795445e-40,1.940170565581998e-72,5.387005224421882e-175,0.013479918957044548,0.014667578908742396,6.08890669182578e-70,2.561853819159989e-57,8.816818687631405e-70,1.1148344268568454e-199,1.865865211786643e-51,1.1205277051940041e-133,5.052340207911264e-20,1.9041231574251837e-182,6.18070250425272e-39,4.368177287646301e-86,3.464491746982737e-56,5.410996384310999e-17,4.875687322499564e-61,6.470819025438232e-12,1.0615915167753068e-142,1.605657290967222e-30,0.03069743133043932,1.9981420984990918e-51,0.017194383661940607,1.6773792664868885e-66,2.018094853984961e-187,1.7206419303056694e-129,4.2672312129121654e-54,4.3988816749472763e-66,0.010792105405262284,0.10922949341544712,0.05773583403176209,1.4577492021274317e-96,1.0324213322883449e-159,4.639501712641895e-94,3.641644382972424e-30,0.029938834309684255,1.2359683365247261e-64,1.565896190666412e-34,2.244003678959665e-69,8.979387253411164e-53,3.736589657673015e-224,2.2686754014043742e-67,9.502700430888877e-21,3.177416148031715e-6,6.678821908144469e-30,1.881689602428727e-94,3.201969362953805e-138,1.8755798884924886e-50,1.6203339224873562e-84,1.8242905518596015e-24,0.03713126290088556,9.579584980376419e-62,0.09749864927489321,8.594769770348595e-87,8.323314875702261e-74,1.2080278533595146e-202,0.09689110015210936,0.04776535913528991,2.5575869420894188e-101,4.56604081232327e-170,4.2756390678538233e-35,4.373653723691005e-9,0.015842277537047682
9.072529384335675e-24,4.20398179268595e-40,2.7036415178209968e-166,3.177775239665401e-9,3.8934708520041424e-110,3.2221204609185673e-15,0.00568575125138273,3.1868400480181475e-10,8.632984329359529e-10,3.653766517168268e-102,5.00995191435393e-59,2.3063961191929843e-147,0.00020770320467762327,3.0035803198133116e-155,4.453827703009339e-20,4.05025907690145e-67,0.005450564485934871,8.996833600843826e-46,2.106582890099708e-199,2.5915653524244117e-122,0.012378579196150381,3.214601375470595e-106,1.8778513971891883e-97,4.6386289305241246e-104,1.2802738502274082e-77,0.004067039999791798,3.0689226541407394e-144,0.27765786140847687,1.6775780218284793e-178,1.825356611079867e-5,2.0079320318782485e-83,6.5679429537303e-73,0.006825114510674561,7.892994317960761e-83,9.736746729045192e-24,1.0740753340019906e-152,0.005812516931071603,6.986480416426673e-19,0.0018723745556023575,3.582871079598742e-31,2.3727621355361867e-82,5.494147312010687e-22,1.7513669429922937e-128,8.675335704794842e-25,4.8406415918284606e-5,0.009514372418045456,2.75776556284922e-14,7.45446158221064e-24,7.09350144713962e-128,2.0470228539778778e-6,1.4548030270728475e-131,0.0008324282960705052,3.627138095189682e-35,0.6605985193048338,7.22161471143648e-24,2.323655646978677e-78,1.2973737280057716e-81,2.7044247545206236e-56,4.099545514809973e-72,1.8639142948092602e-9,1.9629406315215538e-33,6.411882659321166e-5,1.052527119207983e-34,2.65946816307789e-82,9.322427629669224e-68,9.244743036389749e-32,0.008964342380857434,1.0990010795296678e-12,6.097735428812902e-97,9.258797756450942e-47,8.269516637683325e-43,4.1149213516352324e-114,2.675603294489979e-63,2.744132621753369e-50,5.014204641530782e-64,4.449264667704296e-106,2.3212307952238387e-16,7.628395744036364e-90,1.5180926814176925e-13,3.0336916363641938e-120
6.529640303635238e-9,0.003417282728651215,2.4671500450047426e-69,2.1669608380301645e-16,1.3001834126422954e-98,3.794807620658881e-85,0.005661209924475488,0.060734330677059946,0.006020120567981861,0.0020046397253494254,4.798551575060969e-19,4.438804284922824e-92,0.023837537289536786,2.2926353200479674e-86,3.393549085033484e-27,1.7189928098965778e-84,1.0846574291071406e-15,4.734855715901974e-62,0.0037143094400593065,5.7991076494661656e-49,0.010537483272589973,9.747945036230578e-84,3.206254346358083e-29,1.2702486975299908e-57,4.2323692004476404e-91,1.3902404616495594e-74,3.7063293213600544e-47,8.460099007200884e-5,4.744322164907866e-83,0.0004761973278571686,0.010749783456829566,5.664577349160726e-50,0.014001472877584875,1.7972375404679007e-132,1.690223845847017e-22,1.0317448468530727e-41,0.053730433105245876,9.067643523971675e-50,3.211348778934266e-70,7.668178658321496e-26,3.6556262002163975e-51,5.08305228787356e-116,7.210529270496801e-60,2.1060337084628473e-64,3.558129953984278e-16,0.045329834589746945,1.1738205133845445e-37,2.9366064700474912e-18,1.51697531101288e-48,1.1288179419349235e-76,1.7202469188783895e-66,1.6183748489439298e-8,1.2061928496593744e-42,3.95892142888607e-12,0.7288977743812632,1.5819116013587463e-51,1.277914101777198e-29,1.827712907183068e-83,3.0947217274933957e-91,0.010648847649436556,6.198716777073965e-53,2.295372370574255e-16,3.3760978438680524e-55,1.3204477374960193e-34,2.5625881498306734e-49,4.054512763029341e-47,6.330654705622781e-11,0.008622675722482098,8.000856789560694e-17,0.00804245652759604,3.591113540151192e-33,1.4457366492765668e-67,0.003488986965448516,5.190537495574092e-57,2.77019446367963e-52,3.148129682233859e-72,1.7395984720030959e-62,2.4718944429637695e-39,7.685578055276981e-14,9.326324282887637e-100
3.710403835632582e-76,2.9023778504593617e-47,3.0088068937221533e-12,5.6213028730780365e-188,4.773658871305107e-180,4.977178100572041e-152,1.3724793576440933e-88,2.892344966391639e-90,2.7643184638991314e-41,4.740744743081887e-56,1.9494060992414645e-64,3.64854226012633e-185,1.132777062365419e-21,2.1537875993975536e-65,1.9182696908202332e-29,0.0277994261962594,1.6203849308113101e-34,0.012228176903449352,2.2961387099632418e-27,2.8498039824124915e-45,0.03997133453687179,5.482839729697693e-15,6.909260484652153e-25,3.904353582811717e-38,1.2717253546797942e-19,1.114151316340561e-25,0.28636764732849956,4.836953055112342e-103,3.2810218294858495e-28,3.4463180779554546e-59,6.350899484895405e-15,0.004478398679491697,4.6222283880171806e-64,8.652892989321132e-67,6.599148774223393e-137,4.321765732831092e-22,5.177294273618273e-37,1.2542444125709047e-169,4.6678681189318696e-11,1.2105083481122078e-113,4.9955162742246363e-54,0.02093096081901202,0.06861261977474323,1.3954989470560448e-20,1.861325557095504e-31,3.0635964779024583e-75,7.808146374905986e-145,1.0298103572405034e-50,3.2712198607294997e-19,1.1791215426680688e-136,6.361733693127167e-23,3.6204217364284094e-67,3.029047512110918e-130,5.489331056342712e-115,5.315123571991874e-64,0.4531307949139962,4.72899937341938e-61,4.721889459768143e-147,3.4221095789851383e-19,2.199427117572936e-84,5.035451223981654e-147,1.985713307534567e-72,0.06459385944917251,0.021886781331995182,4.181048882708757e-29,1.5967017045953178e-81,1.6276621456710196e-98,1.2981651122094113e-91,1.2656315131586383e-57,2.062889505277278e-123,6.4440979327627786e-49,5.556563260811123e-13,5.162828652545286e-18,2.622013087292155e-90,2.8786523445143647e-155,1.6254069218654986e-11,8.583045203549151e-46,9.723314597772703e-43,1.9445342251655837e-171,2.3548523919092264e-97
4.097703094037097e-32,1.0363216178739368e-77,0.0014683118606816773,4.6548717390669026e-89,1.0740733746885076e-96,2.3824001169034134e-104,2.7903787882922745e-38,1.961542797984307e-60,1.4937071365016352e-70,0.010316308928506036,1.1291324938805627e-86,8.58316617696153e-169,8.408752304779343e-52,0.025665390338993,2.5570086557452634e-33,1.900033968153123e-40,1.055292269740616e-54,0.0063422789941750815,1.293324500892179e-52,1.9019815029723803e-61,2.0960329491139397e-36,0.010798973984267036,3.1823417986999068e-37,1.1488476339774839e-59,2.466799690943472e-19,2.377985540108572e-20,0.03987109291000588,1.221125770238366e-73,3.2745660226005744e-25,6.410094052825545e-36,6.542930805786466e-51,2.114110704774038e-91,6.64770579105232e-47,3.547374934549905e-70,7.608781519013727e-97,0.008871599804930231,4.624650781131169e-25,3.187597231129009e-138,4.814828307003601e-24,1.4229521906179633e-83,0.11687919225517032,1.1420667465313326e-84,7.452191724143305e-72,4.9087951008321075e-70,1.050919363193933e-28,1.4998412842605058e-31,6.197838166381757e-75,3.8517519400639986e-80,3.1542716366147185e-36,8.08703778337225e-128,1.1435746186720196e-67,1.9232638577095641e-88,9.389665729502105e-111,4.134307439318673e-77,0.08477016761597637,1.2372859592062417e-35,4.0757041989976596e-16,5.1049981264502633e-144,1.0132927758644149e-115,7.900696375207791e-90,4.3358984138778935e-97,1.258627939911489e-91,2.8784275816800023e-91,0.08462879351680982,2.4746885345372423e-37,1.0056592623662755e-22,1.5024841586214583e-63,1.2151856766551754e-49,1.4299607098125284e-42,1.2093742862937327e-114,3.694102538512834e-19,5.821971442728278e-34,1.293460404655885e-23,4.004656924374554e-14,5.908798323659504e-62,1.3685818100897828e-17,2.2979745576754533e-13,0.6103878897902143,6.074190926529024e-94,2.516978052051404e-84
2.147567053754456e-63,0.005416699357206237,3.5350490656943735e-104,1.4621608738419647e-152,2.6676598910320725e-85,4.0229624473000415e-7,0.0027322281975438057,3.3514542040672017e-21,1.0809259754626565e-69,9.425444922978675e-184,0.00021009424692005943,2.4568034550262313e-166,6.487797833434278e-86,1.4169102501050068e-105,1.5179323289379228e-20,6.196375149207262e-131,0.0027187244628758384,9.880970530678795e-96,3.110723526041559e-134,1.7352548205079386e-106,7.621095981055037e-35,4.2446769517498554e-128,1.2367825060142964e-33,3.860163212096217e-89,4.747331118024544e-150,1.1766127574063125e-28,4.694599012419281e-56,2.113041288929153e-41,2.1894638640326197e-121,3.051581680703677e-22,3.547874235646696e-110,2.957174975186176e-15,2.4548821580422218e-33,8.889725571338655e-114,5.853430430807536e-141,0.0023662047953238773,8.76827912066874e-46,8.34153117102684e-231,3.9979771850300065e-103,1.2542254540199233e-133,1.1499073979496835e-100,1.281101441311885e-99,1.87485550850347e-119,1.858254066673379e-47,7.403506662511044e-19,4.603767696351231e-9,1.6765241007904572e-180,9.958000319928826e-54,1.0576776896588747e-147,0.8236049793693114,2.531146431114701e-151,3.04537896251309e-70,0.0024763256834688385,0.007459472942996835,1.2469453127039316e-48,2.77927697079193e-153,5.951597997245855e-109,0.1530148640319716,1.2365722839428951e-11,4.166079370077249e-201,4.971278617745642e-87,2.7571109160228943e-72,3.8090388867100946e-188,1.2772658027639204e-57,7.783543672249256e-69,5.944736892380099e-79,2.85198577440389e-79,2.0372881093281013e-75,1.1669511280569839e-16,8.63868453349477e-36,1.0044465370090925e-68,1.9840042868917727e-68,4.2969059606409464e-156,4.5578415952322e-118,2.240565915530324e-128,1.3642999878240027e-156,6.994075364733358e-70,3.287226400590446e-53,2.5694801525392726e-194,1.7467070173118503e-41
1.104536365334232e-31,5.194357679387043e-19,1.8286852774066268e-122,7.937762586336981e-131,1.3973853248914772e-301,4.831957349682017e-154,0.0008800014992605571,3.1091915408217156e-17,2.649636404105562e-60,3.68452277543102e-117,1.1271207712671079e-48,3.617115821278734e-186,0.0022623259742790914,4.169284922170727e-30,0.0007602684402687346,1.1014425696977915e-155,1.7583095175385737e-13,6.468415715714138e-111,2.7216638730051586e-85,1.2008547863883571e-102,0.0004412462719972994,2.0015251244403637e-131,9.236160075992335e-65,2.105320231743003e-38,3.7486754448919753e-134,2.6058640041658566e-87,2.311783994355936e-75,1.2027409666591242e-136,4.331828966326529e-135,5.408933271393786e-72,1.982081393073361e-35,0.004815669150132016,8.55481858262506e-84,3.672798948185191e-40,1.0722905384955326e-233,0.0017537120426460015,3.5900478669661204e-67,2.6083747374604312e-129,4.9170583965085766e-144,5.331355999154828e-204,1.3179294305091516e-94,2.4233860543867494e-92,4.946558887836775e-160,0.008615388679987124,0.00022761436541916873,4.5820492188660934e-71,1.8463622033296558e-70,1.2109238285602856e-59,6.2904472131521505e-22,8.326206246968646e-56,5.129062646211618e-33,1.7300640285744338e-181,5.987894984632826e-187,6.92736129004707e-99,3.7411280557743e-60,4.135624447319016e-91,8.421300151860401e-59,1.0137260689218361e-94,0.5749428178290135,1.4560551442988769e-176,3.883786513247802e-225,7.036644547087287e-100,2.755799229505805e-113,2.2296176936449926e-28,7.992764416090557e-88,1.6827243470709669e-74,2.020877894477046e-154,8.65336610769172e-71,1.6656358521228028e-97,6.342929642670012e-53,5.77835582373527e-95,6.958111978279252e-49,3.004999824066611e-147,1.2551926937444747e-196,1.1051199209529262e-112,6.750929060592496e-157,5.545106581246347e-69,6.888052041789454e-20,7.388849934999524e-129,0.40530095574682085
0.0039244851046630206,1.1945195544760568e-50,4.036508697961396e-141,2.5048369685769594e-6,1.0323421904317762e-12,1.0010692152352375e-132,0.0044406973822127055,1.8826089905030828e-18,2.494752621777881e-6,2.845011998485804e-62,1.4683399205804175e-42,1.0643552361510986e-89,2.1209127122684587e-25,1.4036554224402927e-105,1.5967441830630885e-24,5.992783761050057e-80,0.00022565157565938566,3.0141431548408436e-72,2.0664571321478838e-151,4.970484099705292e-63,0.010262407874362308,4.381918484465903e-83,8.013374544604954e-87,2.584137502593918e-30,2.639768984153628e-60,2.6710425256911034e-102,6.020647828453702e-141,0.00018338000238850866,4.4914078096011116e-80,2.1546938572925285e-23,6.664147772164237e-74,3.7164212591305458e-84,4.497630750906516e-16,6.210398971535889e-154,0.019274275252565087,4.123014511049813e-84,1.5990360342695825e-7,0.0020701587854957655,4.944172464235497e-67,0.01000239498848348,1.2706858548608467e-18,5.643395396490373e-79,1.2659613020811412e-101,9.67643965212252e-53,4.409999505928802e-9,7.943112322685855e-19,1.1281229225430009e-8,2.4594681347306392e-8,8.943602352247198e-117,1.2719437722134084e-133,2.3092779041967463e-119,0.0004989053581789285,0.00010526443511734656,1.4466008226118653e-8,3.688981623041085e-25,2.722976720118818e-93,2.1592588054822476e-65,1.7462750506164206e-131,1.8508500514166524e-139,0.8656147206617735,0.0024608929425444055,0.004488438786694226,6.238709067157134e-78,5.141704526243426e-45,1.2434717309565111e-79,0.025223674248815678,1.8265678966335424e-5,0.014081660623284399,3.957431845890507e-80,9.254687555619669e-23,3.6767514027836896e-39,1.2532903307188874e-40,2.3140190635238254e-72,0.0013193556158153717,0.0017281791265946033,1.6116230379746466e-86,2.1356069594229225e-66,6.256682068224251e-70,0.03407197731023989,1.1876843555795161e-121
0.000854965331143715,2.093195759832335e-108,1.834660932828017e-149,0.0007392218945514454,8.822943598442251e-26,4.477933976913791e-92,1.5002026984760723e-21,1.1039093828169175e-26,1.2587523307795455e-19,2.910204642656558e-119,6.653464040343015e-59,6.532220387361353e-52,2.065818903299002e-28,1.6777829162598854e-121,1.463784765535521e-31,3.127160648930497e-85,4.3051634658401826e-20,3.452116454252552e-89,1.6831840687754988e-235,3.607722799554565e-114,5.223604438147018e-25,2.2173063553316583e-95,1.3894410271049722e-95,4.342833522350054e-49,1.30384012205692e-77,9.150030625614975e-111,2.2421501115084377e-221,1.784725393380612e-19,1.3329389703131448e-75,2.0058541784189044e-17,0.0016482919668440246,5.607388022360741e-95,4.215486887781678e-46,5.700125143760188e-140,0.5085502950691749,1.913260697325082e-86,1.4858279844288238e-44,1.4605821857556155e-8,2.8501130207829394e-68,2.2125580115981403e-10,7.412456472367451e-100,3.634044274194408e-43,1.807233994166105e-54,5.124823100603109e-56,2.474750799867783e-42,1.352308904893096e-13,0.012347352915448962,1.4442493949317517e-17,4.183877524784375e-109,8.868456166866973e-168,3.397001861729716e-162,0.0008536993456078004,0.014913537871964736,1.661199094176242e-27,9.86867291208826e-44,3.0887122277930593e-71,1.2268617235048247e-77,1.558529483071284e-173,4.819477976797366e-232,3.532774989741455e-7,0.44592120089556864,1.2917657800112031e-14,2.5900011590248147e-107,7.034684635425045e-89,6.297833811005277e-95,0.0019365425520830634,2.1258030144444147e-22,7.317419491882475e-18,4.718518494162583e-119,7.043062832824992e-26,0.00809633392792263,1.0048368171100306e-87,1.481276656738075e-104,6.618682807831064e-22,0.0041381840971684925,1.3947716261210807e-50,1.3078942639711319e-141,1.1835887348107043e-99,6.0277968251667485e-9,1.1121488820298342e-181
3.4826905187377744e-30,2.403299056542231e-22,1.4447660674181065e-149,0.03366325644270137,0.0029497235035760958,1.4233108319340764e-34,3.841013677171282e-21,3.2449956410890954e-10,0.03365484685883829,4.492688773824019e-97,1.6435230981862038e-50,1.3595039789310788e-92,1.2703615304382887e-17,2.2002218817566687e-83,1.6623004743063553e-49,3.0900380087961514e-113,0.02266785879132599,3.4904895986367665e-110,3.619372396326709e-152,7.677960050491229e-55,6.883585643590326e-12,2.723754787789503e-57,1.2977381988375452e-88,6.410894910319364e-108,3.591768524401545e-74,2.015475693649089e-84,3.3797758251843314e-133,0.604338530857459,2.4306059254203725e-148,3.0220285555573175e-37,3.514871996096889e-163,5.860796497169407e-66,2.278602750496155e-23,1.5599694732121101e-140,0.008123460161625004,1.322624997493108e-96,2.7472542045279538e-6,7.789225818683075e-15,7.225508690522363e-76,9.53838741683536e-31,4.579518646658318e-87,4.2100957706762333e-72,2.929890792030694e-160,1.102039332307667e-50,8.042711404983759e-5,6.815841381183114e-27,0.028094652321054094,1.67984557337433e-30,1.0050284011316605e-133,9.030731911160225e-66,9.631113243031911e-133,0.027966903126761276,3.6229594026613423e-12,0.08964825674392504,1.7531997971590008e-22,8.87896578499677e-90,2.626779058458856e-68,1.1137288092742645e-69,4.2589157712469573e-147,3.365628411813153e-12,1.2029627004901966e-37,0.10851418489351566,1.629569279004014e-55,1.5758095560598375e-82,5.587946480142699e-97,6.847687949169947e-35,1.4721976304701768e-11,0.0106553078588855,5.53624912991677e-94,8.40135386288969e-32,9.954433306069212e-44,1.195440343976857e-57,5.496555061031988e-68,7.862508640108006e-16,2.933582465069754e-25,2.6740188952679675e-102,1.8662987646665282e-32,1.0595543663726786e-69,0.029639843718976062,2.557915956625262e-124
0.04997198663556828,3.615585393430758e-103,5.850336404643359e-116,2.2601439120690668e-97,6.486344690327473e-112,3.0675326722089395e-172,2.166187866176749e-29,6.511043174238278e-36,2.424088386200551e-16,7.83901157026764e-108,1.4393432537461358e-97,1.856810408808073e-120,3.560208113863551e-16,4.074921022452469e-31,3.0308942468947074e-49,1.1022624384637503e-71,1.7336157429480393e-38,7.742266851114964e-62,6.861874289618364e-68,4.7152412281402144e-54,4.124590473092289e-8,8.012623927609904e-81,3.690118875565062e-73,2.114204144940214e-92,2.898122241295778e-60,0.05309533960819072,3.047538470767687e-70,3.0697699847266324e-74,2.834146568766938e-115,7.649246796619505e-41,7.887338323718894e-79,4.2676899974692743e-66,0.020483095403579312,1.260345132690677e-88,9.959167987101215e-111,8.354751917086605e-135,4.506813699104708e-18,3.5354170402740184e-18,4.991076455959533e-115,1.57274931212646e-49,7.109708712853497e-23,8.383588013007481e-69,7.973056471275123e-48,2.911837361169325e-84,1.8764554155611254e-27,1.762291807625596e-49,1.4868726423033065e-65,1.6149044947071949e-18,7.540843679912124e-65,1.2386446174281154e-169,1.2513902968823984e-34,6.495670126709299e-70,6.658949253130634e-48,3.658316126953479e-66,2.8453153145479462e-33,4.7043420619853784e-102,5.406040881658535e-40,8.159796161010298e-212,2.0934432459422115e-165,1.1974690677202406e-97,1.9432389623712908e-118,2.3463653015501984e-95,0.27412090113574133,4.1412270770124496e-73,0.17266852312088826,0.10630698736393655,9.161274719509386e-36,2.0514155499274602e-38,0.3233531209746746,1.4692405991458031e-44,2.0617525238537827e-83,4.2372907892877805e-56,2.861272644620301e-85,2.9419007583286957e-41,1.3051970479664745e-95,6.755712086474161e-68,4.511515608801248e-9,8.106458697040013e-71,1.2890657806774088e-68,5.562136573822262e-166
4.199811154448072e-73,0.017257911134734457,4.417903396663871e-43,9.817718480813471e-122,1.2718155205884286e-205,5.307364166043701e-41,2.1672649501653693e-6,1.17326435508928e-73,1.2721201742628828e-37,7.903276607798767e-68,2.0889399130950538e-75,1.1281354610750972e-173,1.4004929622323497e-37,0.6151531372217867,0.0009878382809440894,1.777659363432192e-55,0.06536755650675476,4.6880722096819233e-33,1.7219561753050458e-16,3.345187876867289e-10,0.14396409903413526,5.312593856948723e-17,6.658022251593978e-34,7.637070631620438e-24,2.782819772599935e-43,0.03286012979385195,3.2418281214777526e-34,1.2716779180026298e-21,8.159003150279526e-32,4.4800192735259364e-52,1.598605986244919e-21,8.094408916781546e-60,7.777026813822143e-30,0.019071154780150392,4.734900474059692e-78,3.5926680865684945e-18,2.3566966679619865e-14,1.2641751971686995e-156,6.62992920642685e-45,2.4914647523040073e-137,6.733584016748398e-11,4.3710834221423845e-39,1.837778234246485e-65,9.178157031600875e-32,2.215743941510305e-5,3.808338698101649e-35,4.041430883459186e-45,1.68371914241362e-51,1.7399158277122839e-15,0.005944372026937078,8.374303984288489e-47,1.9244916207307606e-85,1.224270009393644e-112,0.013086144616670051,1.4560074390467104e-22,0.02816633971889583,2.217537003313509e-42,4.933036582278198e-66,0.00015356339664630215,4.124229762529336e-127,1.494940622482126e-138,4.117616014191823e-58,2.4172550287303823e-72,3.384203157310508e-7,7.300394624669857e-46,2.3330124746258588e-57,8.667556258663385e-73,0.010974913716619362,0.010671942868244156,1.524900153540275e-93,4.2941976558650617e-54,0.0006599998274966416,2.0788210108405978e-10,2.0806345384118788e-187,1.8955117600093645e-106,1.2798389140601649e-33,0.035405727504419206,0.0002505058372704391,5.777493188057733e-81,2.8599517479925176e-16
1.4233586821060233e-18,6.768231591923689e-61,4.1535532038413666e-53,8.741003407707845e-146,6.48194732887436e-143,8.2322291116513e-83,0.2867835228631274,1.216424019482418e-59,1.9617670898875554e-75,7.208906182711498e-45,7.759262210474143e-31,2.7107628598083516e-101,2.916255839397195e-29,3.1866507949930584e-46,2.5837706055773156e-9,9.01829875352721e-71,1.9158738984727975e-19,3.929322362513375e-62,3.8358748607285257e-41,1.826852655367624e-89,0.0003708984313254804,5.3786825583353735e-39,0.13814147164478563,9.657614779088236e-62,0.027369222404704307,2.4816856634648406e-16,2.890367069457988e-38,6.200962797445387e-99,2.438850259372791e-72,2.6761171992536356e-59,0.11552476649812453,2.2483713021624985e-30,6.090654546360877e-78,9.61255730295543e-50,1.4775731838003614e-161,5.698913094009274e-80,4.699478333170195e-14,9.581909953204479e-110,5.846207260994163e-33,3.236976275667122e-131,4.731949253375409e-21,1.3930065427772997e-58,3.1427195989050154e-64,2.119560888413708e-40,1.6326754416381144e-25,1.6871868955253465e-43,2.715184458736736e-103,2.4638808871893483e-80,1.1869393857690798e-35,4.234625692896815e-121,1.1261620090375573e-36,5.873805704981117e-135,1.494476173187036e-77,2.0735426317827864e-50,3.4000891499741115e-26,1.5648340512922874e-43,0.37679340629175206,4.0426143108561745e-131,2.2678920684521653e-18,1.42289486590118e-144,6.334919380153422e-187,1.3404411097385815e-117,2.2158740014834688e-67,2.4897302070061573e-42,0.05501670928236261,1.6687933200992623e-20,6.814240274112361e-127,7.016177255243277e-91,1.3660455820391631e-35,5.721026273592374e-69,5.672085362002659e-44,5.525315665742319e-50,1.5209864107826715e-55,1.9999102255699503e-114,4.899360115028405e-109,1.3559282012201475e-29,4.562387950019576e-53,5.985528081092248e-23,2.079534396353854e-123,3.999236026767225e-33
5.841491443386978e-31,0.009593451811970369,8.566921944941415e-55,5.847079417251381e-49,1.5789340969857595e-130,1.702864995631258e-45,2.7445435411043897e-31,1.642885773279014e-39,0.005153678406025447,0.05553151429628438,0.07294163835804277,5.3933012432513985e-145,0.08162259314149148,1.3616976127713163e-56,0.207750120727079,2.5942061680935726e-5,8.28887809422326e-27,0.12756717570300585,9.944867450756589e-31,0.06404551215686698,3.2381105129380276e-11,1.0920771851431664e-64,1.0822776104788051e-94,3.7196318167868246e-12,4.925015919658336e-40,2.9632079086960477e-68,0.0019017446029980381,4.617025735577985e-27,0.018755779707475276,6.327261849742136e-9,1.1576118785531154e-33,1.889361601227407e-69,0.028100198077889056,1.040004290993397e-88,1.003141957031041e-52,1.568462511296904e-42,0.03175679437963894,3.955798371403926e-79,0.09270537571708909,2.140259474414032e-35,2.302125446610093e-16,2.7492944499093363e-100,0.14145146807284922,3.0920527045409414e-24,2.8236755354208505e-11,0.0001067106061197166,1.4319127839886271e-61,3.7226144775858284e-15,3.565313927380078e-90,3.290305028909646e-116,6.159545623342036e-69,7.201116523207675e-20,1.933600779167487e-66,2.374964787828514e-28,2.764977358330774e-23,1.4876897968827962e-28,2.4262598224049338e-59,4.530884324117999e-136,1.466354484668925e-91,5.434349389675895e-38,1.7599164060642174e-40,1.4918378828530686e-27,1.2008708354427207e-23,7.891088911779916e-29,1.9041127507234525e-86,5.809922467989643e-22,3.732300011074917e-12,3.4765165431829297e-15,8.16404941692762e-34,9.851693788047632e-40,5.789167395784753e-30,0.060990295778154575,4.149515190886075e-30,2.0144681154138314e-43,7.045852944482197e-106,4.364774185495962e-49,6.88297363578047e-24,1.5418746181483423e-46,3.41339712349894e-40,2.4197240171119517e-83
1.0683368552862124e-41,3.356928635964389e-66,8.245088511174711e-25,0.11617322776286898,1.442866275915373e-59,6.414629852505379e-113,2.3262337188600533e-27,4.292541774204332e-19,0.05577140948663199,1.38397671756789e-60,8.023477269393872e-45,2.2137872932464645e-129,1.162841840182981e-21,1.596100249378015e-46,7.62541282367871e-44,9.120167943834978e-84,0.1356131367208896,3.7620604811056865e-62,1.4268853022221812e-58,8.579363145419476e-25,0.0016512878327846385,1.62274982354373e-33,4.81889050289202e-69,2.6709913103865827e-91,3.552795844788038e-73,3.5054021017565593e-87,8.866218412795155e-43,0.036537029119116625,0.026707521327118705,6.789820305959806e-11,2.46934714892584e-75,5.952022785794303e-68,0.013928511425228654,1.3111962313330675e-96,0.00041951167288717606,1.5611792314640153e-93,1.5593165703716436e-5,5.654640709402432e-41,0.028881878377426312,2.462670602513527e-12,5.415820563276883e-78,1.3243867832375653e-78,1.4854719154138251e-68,5.486540528733792e-39,0.0001346071089211507,5.59014736138548e-21,0.00038247876020689126,1.46815609443199e-19,3.625145802594339e-89,4.984644040472164e-90,1.820768136993468e-107,0.007831351340919062,1.0141905208651845e-40,0.0005343881629758903,6.513683306561424e-35,4.2179890687957327e-38,8.967939457505848e-74,9.071834928520077e-60,2.3776620119740983e-160,7.077109027778994e-14,7.732632179275775e-13,0.02620071621359118,1.0502495741974535e-88,1.6873505210179563e-35,7.388771289501691e-70,0.036768817244136436,0.48012123248714933,3.4698409133558346e-15,5.078738811779102e-60,0.01043933112149624,3.4043428664685725e-23,5.956161439460425e-50,1.733089469157126e-15,1.640024245627678e-32,0.0013418523078092028,7.798285223981915e-63,4.295522178538745e-32,3.3260627871972915e-23,0.020546118290928093,8.253341629618525e-146
1.644659885365188e-23,2.719010389536022e-21,3.680950220339788e-68,2.0467842554267204e-9,0.012294726371902983,9.878317718053152e-51,3.825008384020951e-6,0.4519324303604235,0.2452785156058159,1.8964856050670037e-11,1.2767016611977743e-36,2.287407494789993e-37,6.658247731672181e-17,9.610314640612735e-93,4.334518461680773e-53,2.651810880594289e-154,3.148437168825693e-14,2.097129781271533e-136,3.000338890053441e-95,7.5207304870419e-68,3.587158263994934e-14,1.0169337440914652e-54,5.749549498309838e-31,1.077703113296283e-46,2.8678480544910837e-108,4.898781998333844e-92,1.7989980363441066e-70,4.7272957245157175e-6,9.796883984840676e-65,0.006551767938907511,3.0894492247455694e-80,1.0149053597857977e-47,1.4220657508290105e-11,6.074988678236844e-129,1.8544347039879754e-11,5.770387190227881e-65,7.093719797105855e-14,2.827035702740798e-7,7.500351261776763e-103,2.692523750621619e-13,1.0038229064322778e-54,2.9832909396740228e-114,3.0110109728659112e-121,8.789270632980698e-73,1.603740628547617e-13,3.878179010923669e-6,0.1545448964347172,3.196142489978834e-15,1.3674963425360052e-123,3.3423976927898374e-27,5.147884055328649e-109,1.216608435871577e-16,4.368329795604648e-5,5.998945200137834e-23,7.58667713427971e-14,1.9266505367051384e-72,1.4905533820336183e-65,0.006179841516975411,2.558648901997807e-124,6.986828602703634e-17,1.5589960495856224e-8,4.028799661256285e-18,1.2691685558850196e-77,3.368195314444452e-83,3.472667781493642e-43,1.3462227062541818e-46,0.022407855752350724,0.042369581539851105,8.415112313779114e-21,1.7081817113162392e-8,4.4618383199372e-51,3.1289714713394354e-105,1.9703246375181702e-107,6.139337609646601e-8,0.019776092607428554,5.723189005553409e-48,4.0088454990705854e-48,5.980522323107681e-63,0.03860779922266627,5.345781746623249e-38
6.826518867605215e-83,7.37975771569945e-62,1.724791813817256e-47,3.035091872959623e-132,5.936771945955227e-157,8.093287452410312e-123,2.750781578248437e-10,5.855260261734785e-40,8.052791183847803e-61,2.314219669900577e-10,2.679016548068854e-70,1.1552459767400029e-76,1.6814567171398312e-14,7.201557566827296e-33,1.731730561093065e-56,6.716246862979637e-57,2.243972480470666e-45,5.437176383301496e-40,9.536272932671708e-42,1.6476553686189077e-77,0.07738196875704452,1.490229453554891e-58,2.1471829940445698e-14,1.4444868793013434e-67,1.2838252689599603e-70,4.321492171462341e-40,5.19646436533603e-41,1.3152289171612399e-74,4.608478702819266e-83,2.531367738709435e-19,0.08661756961543178,1.757560608022588e-32,3.5551270798434446e-16,1.0496124533973858e-66,1.9066987666249199e-134,9.567168984130994e-94,2.4147516826510884e-39,4.811256284118036e-127,8.543866171274888e-56,8.816305655780197e-115,0.05714151294276441,7.679547043616282e-68,2.3521172848579444e-86,4.586311957716665e-62,0.012598216336369716,2.7347539519536446e-18,7.769068625330802e-43,9.990519776718692e-113,1.605665640217525e-36,1.1811963330728885e-135,6.635252993903779e-63,1.6155377253275105e-113,3.36489751780956e-64,8.189114495550023e-81,1.4770918567387843e-27,1.5625803272758649e-52,3.7571205093860355e-28,4.7150041998250465e-133,2.893515744967065e-45,2.4923075695435566e-119,3.3076442244798617e-165,2.1330467916502918e-100,8.851000043426798e-81,1.4584089618307926e-38,0.7327877286440031,1.1940596208623445e-36,1.0037062563152822e-109,7.637249198467354e-86,4.150627252220702e-36,7.10501850091966e-67,2.791870629514327e-56,0.017347684776699634,2.071794381209557e-48,3.86546225578647e-89,1.8767905367075886e-104,0.01348163353642151,0.0026408772175161403,1.8919911853786472e-34,5.4589496168394555e-93,2.8076672104318327e-6
5.462014756137072e-56,2.436380371272116e-58,1.995155306040222e-11,0.10604284082688684,4.795829806057272e-57,1.3975226531153076e-165,3.672178409991497e-24,1.1671135337635342e-16,4.773873064903151e-15,4.489593442923344e-109,9.23459973513038e-49,3.732838534575128e-53,6.254176710224826e-34,7.784090776626015e-117,5.474117991535065e-32,6.888182820440375e-173,0.04158062350917879,2.960785566005154e-108,1.2293180021419706e-106,5.239522894848627e-134,2.407323545026295e-43,1.2832385020974818e-90,5.076057214802027e-18,6.20709691552226e-127,1.899407612633143e-165,6.241106113990613e-128,0.014631458162826991,0.023410673590972198,1.9486240267147598e-61,4.997100515355995e-41,1.3792354527375023e-89,4.1053146133131e-54,2.4279023077433727e-49,1.7820618182477153e-114,0.14935949009893415,1.3478536085544734e-41,7.331342424683279e-35,5.642520499722127e-23,4.097195306709063e-44,0.068787033848478,1.4003102785405444e-73,1.6792265256751852e-100,7.654152063986257e-114,0.019625307366463778,0.0023471801400661418,5.887849590653711e-41,0.0017390102019034562,5.923822281369375e-28,6.389976889440876e-155,2.792645680408826e-116,1.0073646075376618e-167,0.051446942921557576,1.8790731881084902e-36,0.010701256732382303,1.8991442886390286e-48,3.734252077876431e-56,4.2569600118620445e-33,1.3873195462633974e-89,1.6489017908237505e-143,0.08110786929307794,0.0003380137262992805,0.03886088024637892,1.2609954398000217e-82,8.58051205053443e-67,2.0559100382562393e-49,1.69884765983516e-45,0.1596556456680569,2.8553717564589074e-18,9.221941090429991e-77,3.0305310327092888e-12,0.05299586380768988,7.867856423105865e-64,3.213471543483242e-106,5.705958868164805e-31,1.143595599568086e-22,4.23740232531293e-102,2.6905916043038402e-37,4.286591529404221e-43,0.17086027175906385,0.006509638076796002
1.4507586979199672e-90,1.0118744651159016e-19,0.14848282958467687,7.933884017139046e-49,5.995593339034011e-93,0.012738843379388033,9.498155804882814e-57,7.76072406810498e-27,3.638578805887217e-28,2.703728803183704e-59,2.193962188256266e-38,2.263628413816239e-83,9.446144135127218e-55,2.4776172333470813e-60,8.628134052663092e-18,1.0766833309956687e-7,5.29657539675504e-5,5.9693408628428985e-27,4.1666136724869954e-79,0.051100805396962413,7.179757045840975e-29,0.007198600654511113,2.918340673249213e-82,2.9021737817481706e-38,7.271547906417248e-9,0.02060048301215003,7.742320599149649e-29,1.388350836606903e-31,0.03247634722243063,1.6623806101317538e-10,1.2174577868026632e-62,6.216153450171311e-81,0.03775438649871805,1.894333731326342e-85,1.1455423952413923e-58,0.1028440736034871,2.8892612243220473e-18,1.1762420448153384e-64,0.11354582882033888,2.058769701384124e-44,7.788314862435683e-51,0.11321098304630825,0.018520162504843677,0.0561421072424755,5.3125996439616524e-20,5.37512029514214e-7,8.334848325957781e-66,2.215392022572442e-67,0.030703751582005306,0.01846373858528128,5.276358933448166e-54,6.707081883926346e-16,6.447212725423706e-43,5.221811914084024e-42,2.201281612510184e-58,1.6085137310708205e-18,1.5269170043066994e-69,3.3917797693977745e-35,5.092329912636189e-171,3.4925773274195245e-43,2.8185139220580796e-53,3.877688265466511e-33,3.596132875012864e-110,0.016316902407304268,3.6874317859643297e-85,3.344325166248374e-36,9.127322017662815e-39,2.5340307392601344e-46,6.44261167835215e-88,2.9161938383035166e-54,0.1469589798352704,1.1216282416666633e-15,1.9358356673513913e-22,3.767089297264734e-71,2.921686529819199e-88,0.0197901095139384,0.024321938654777314,0.02877551008301449,3.0698167649547733e-50,8.604063441957937e-122
1.1940284700335298e-39,0.12589308443386962,0.01347115334077698,4.965032797017095e-102,5.754818945506276e-157,1.1506018338431782e-90,0.024934515221487038,1.748213182077887e-38,1.1047636531271797e-58,4.0757926025846855e-38,3.004228055330004e-10,4.373312316209821e-153,0.015134324590938506,0.21304535167575617,1.6168372098238068e-23,1.4194285376990151e-37,2.905685505942928e-11,0.01915985469030207,0.18258518609185212,0.061079237120748475,1.63543301660146e-9,0.05612024293358069,2.7062257075298036e-42,9.715443390441931e-39,2.3518099435765618e-18,3.728831232025493e-31,1.1348677637003339e-10,6.7276656955262714e-68,1.3394470115469493e-32,2.42704102039921e-76,2.131480091129939e-17,0.01279861231183856,8.773253756756456e-41,1.830952338010625e-52,2.996108252191242e-147,4.4868238395160394e-37,2.7880267483003156e-13,1.4937194055789326e-187,0.031572851214817406,1.7816706191858074e-145,1.4847681720919377e-58,4.959527635310878e-40,2.793143978053894e-22,3.1271013532719577e-35,0.044831705505890225,8.271173514093523e-67,2.1447405434429098e-93,6.669189676295419e-20,5.016805017377628e-18,3.550914978035598e-100,0.009781137003067566,1.0995668956466446e-94,4.522615249744812e-82,1.2779571448921484e-40,6.714939801022054e-16,7.069191010442742e-13,1.673428089598499e-54,1.6617643363602547e-87,1.5077629399920464e-15,1.2698328935741713e-170,7.147268490729223e-173,1.2826237930681955e-84,7.242383691632861e-62,3.7130306218343937e-37,2.5495075511361212e-24,8.71349091814487e-74,9.576469016670537e-74,1.7440554560630862e-31,7.597503704031347e-50,1.7253950594232836e-122,8.923610095936434e-70,5.667565904700039e-20,1.0398586099761052e-26,3.1534900295007774e-229,5.5079564474943465e-74,1.706889371795788e-25,0.1895927295246878,1.2260999413295583e-8,3.0261492779064846e-106,8.553047496517779e-50
3.0663451982180246e-6,1.4524943999416932e-17,1.9567862124544313e-74,3.503731228901559e-169,7.22623124060266e-187,4.017707162135581e-119,1.335654123686435e-31,1.1959846006536259e-47,7.665119486601921e-54,7.168202378799018e-6,0.006680349555765482,1.528755671513567e-85,2.336443984193643e-15,3.204944226702951e-61,7.468458523676025e-57,0.33812914406953376,6.051492505886212e-54,2.635014616285661e-8,1.9043313383207357e-18,6.574044036667424e-75,7.204310970737039e-27,9.202421845581507e-43,1.5818096315843029e-27,9.249017717310114e-32,0.02127383797064512,4.689104004359675e-41,1.560318551122049e-25,1.2587108332594436e-95,5.0902285571651916e-74,5.525923490043527e-64,3.127368005749189e-36,5.002702035141815e-10,5.256764401890884e-63,0.0871766273019297,6.036462244533227e-174,3.437574350476109e-88,1.385107115142299e-28,3.228657413314125e-102,0.00036506898926218375,3.8428102205417267e-107,3.4397446217465348e-40,1.1973727691165536e-13,4.065167749702968e-36,2.590249377269076e-11,1.5596641370910268e-49,1.0307414063177304e-67,1.321189878021773e-160,1.4080528380229094e-51,1.9517495176615425e-18,6.283059975024591e-107,2.598616760787205e-25,7.139098507988363e-114,1.2927062810936e-80,3.361841908038543e-111,1.2353150959427722e-60,2.5541297682593814e-36,1.3267706744244328e-72,8.575647085703458e-122,7.265130324673936e-126,1.0031456255441351e-95,9.28698538050324e-158,3.361279193974982e-71,1.1695784033916156e-32,1.2907507161388829e-17,9.662174446772563e-29,1.3228695873795383e-39,7.633689386901611e-76,4.228076289383221e-41,8.258371299126458e-35,5.0802067849777315e-155,1.0011662594305128e-77,1.720417980020257e-13,0.44180307264159285,3.0385003712855063e-167,1.1027572819968458e-115,0.10405370263409228,0.0005079354129886014,7.166775868351382e-39,6.37237269143618e-157,1.1622669308628762e-123
1.6900161117814973e-53,5.9001882856291266e-86,2.415908084558953e-292,0.0003767855860153467,0.08379470650377349,1.093411906562047e-289,0.008121050960436953,0.0019371282474691348,0.0027170186604282406,4.5305498055761275e-307,1.1233053858502685e-70,0.030299126386277152,3.794659418841555e-48,3.64648076875179e-206,5.9594197598071605e-158,0.0,3.3682996468577875e-12,2.447661905736748e-305,1.293207623576236e-260,5.496989442622863e-214,3.9794547431193634e-19,1.2661564444159638e-273,9.869799296012684e-89,1.304593729943836e-276,0.0,2.4511340176678418e-252,0.0,6.151786014047863e-52,0.0,7.236168201887411e-128,4.918435419334977e-165,3.9249499881115146e-87,7.104793653916822e-51,7.958059332793151e-267,0.0030433736516166034,0.0,1.871096453183049e-44,0.08456895750720451,3.357658158455596e-284,0.0033623446629055982,2.905677536647277e-159,5.1732212903171346e-263,4.926515902569164e-260,1.0160177462399204e-175,1.7676093644679884e-72,5.181082397763011e-118,0.0038129424164590328,1.8776664969024324e-38,1.1844331340582e-310,4.978729080795993e-81,9.43592824132262e-189,6.171846570091976e-67,1.369139695404951e-14,0.002703966293686667,5.668652070538964e-31,6.864013540633527e-231,2.9450078329446485e-49,1.526834037849139e-296,4.512193813099348e-239,4.389534592863703e-43,0.0004632944056630921,8.960522085390125e-78,1.8026810848012218e-99,1.2537234399952432e-232,4.3576010497558436e-148,2.620473938910212e-133,1.0953574634225112e-16,0.0007250161587615027,5.609169577351394e-144,0.025480428840117437,1.1517574807792775e-31,3.980389401615441e-244,0.0,0.709989777073332,0.02893789437414992,0.0,0.0,3.467921623101842e-220,0.009666188268320977,2.7645425535846076e-228
1.2221406393281922e-82,1.9397178730375987e-74,2.576777116454681e-49,5.2633615799442815e-18,0.005692371277933852,8.87253841456652e-290,0.007695532187042653,2.812552562794075e-43,3.389189473348091e-30,1.8448819353180597e-304,0.004921069903054578,0.01100341992519229,8.773957811732155e-40,5.311000176602507e-212,7.833140524172164e-78,1.1257973483252515e-181,4.429704701793945e-32,6.437026866030941e-165,9.362407544181623e-144,1.2433904797329317e-146,1.276307609505422e-57,3.351129321516689e-144,1.3879675251035417e-36,4.272191262973213e-167,3.163561097475325e-221,1.7550346638307833e-165,7.6581137818575365e-112,2.265326083086627e-37,1.6639516730180656e-114,8.93912526590374e-109,5.14142843616756e-104,2.906183916722528e-19,4.2642877887376987e-38,1.2674989923007686e-118,7.960721555217739e-11,9.478024791072163e-127,2.2459740013618774e-41,0.0655413697791233,6.429079326515043e-96,4.518158996208924e-11,2.9088090847584763e-93,9.800640704833844e-226,2.2175175485332108e-187,1.3765617035883304e-52,6.285822760232032e-51,3.4213199866116445e-108,0.05379208230883145,9.156801735916124e-68,9.629810191109605e-162,1.324875030803776e-242,2.1687025181128656e-172,5.001762962030615e-13,1.650884168417209e-5,1.4678424497669124e-35,4.4301694417945485e-72,4.165859755502354e-93,0.0034560380667199527,3.5702483960503494e-248,5.412460918037526e-101,3.1955686935019677e-16,9.024214517626124e-13,5.183520731201494e-15,1.2489764589413815e-115,1.22617332241577e-42,2.0527435162825175e-83,2.3521558678455494e-63,1.1707439117489933e-8,8.768212190796122e-33,5.262950534765811e-38,0.06538129803526951,4.306772391279523e-44,1.0443874966547423e-156,8.620932031801518e-181,0.028799858347657747,0.7537004394822222,2.6040102562064846e-186,1.7023837307537635e-82,7.208220957806885e-50,1.1632186705557132e-11,1.0855610649254465e-116
0.004253978812783274,6.617233057065695e-27,6.381422949164347e-74,2.3653206525665457e-42,6.526726262448377e-137,2.2377256120597683e-129,1.893652323865534e-65,1.52780027885449e-94,2.715166332887985e-69,0.07408114539322842,1.793622088116294e-5,4.841108738583107e-56,4.000864467875782e-17,1.4055324507349158e-57,6.093982108263921e-63,0.07689802105079359,8.931308152605346e-11,6.96548900135386e-11,1.2678423175520139e-24,3.376869192088807e-89,0.0053344874104033655,9.991387870189146e-57,3.071894333178715e-39,5.453430144193897e-19,0.6035739944421151,2.9742983350092857e-63,4.7211235699480455e-39,3.378879101792823e-101,8.940665093087794e-62,1.7733752057581735e-47,3.3466043714578765e-34,3.399205597979775e-17,1.1694414446610565e-62,0.0018045942040323406,8.522813535276494e-136,7.587272327124474e-130,0.002850822619405905,1.2054198831458e-103,1.8686490159039766e-11,5.918682800186194e-152,1.3992804681983941e-14,4.5780210822601e-18,6.267245620689795e-61,6.7066605930434e-15,3.4520221832595674e-22,2.299064831942932e-28,1.5244095065555944e-187,3.7593997269170124e-42,0.00014030948768600695,1.4524559921579074e-132,6.583234309055791e-9,1.7187047816789067e-79,3.8558974579652255e-18,3.538649665861745e-117,6.150010128400057e-33,3.261676144159271e-34,3.2579570236816966e-69,1.441284979713162e-163,1.1128448025890665e-124,3.504463828481609e-120,8.035865176211422e-150,6.543526636676331e-87,1.5701904009348574e-48,4.361335796899901e-45,2.2258634566069105e-24,1.3256836326637316e-48,1.223277387210339e-99,6.106502672698688e-48,1.6353797058837712e-62,1.1962307264804554e-115,8.372920660427052e-72,1.305377561889412e-20,0.14321602686865306,3.1006648777332837e-150,2.609981139222606e-84,0.0878286767291082,1.4660359845875507e-26,1.0890223859203074e-42,4.551371699111887e-67,1.9145352172144568e-131
3.668870902890235e-71,2.2961723498769877e-43,1.481101104006979e-6,2.1853903264697364e-90,8.089254408198305e-159,9.82923633504644e-108,6.505292410820809e-62,1.0191247384788237e-86,3.313039833751077e-61,2.7124798643425616e-59,2.771251113273163e-49,2.4557318671577274e-137,0.08023039016439104,6.963240470716959e-24,2.806128926106737e-29,3.682645986415874e-37,0.006097709900949268,0.005392895450635688,0.08570584671792829,0.056374239603632775,0.0144817419356533,1.9907476128784457e-9,2.1312330375334903e-28,3.647161945665589e-9,1.6088391384314544e-24,7.395575076582416e-46,5.325774541688276e-26,9.568718109194681e-85,0.16582877010322739,1.6031564811126924e-51,1.6797867030152066e-19,6.861586619519171e-29,3.482970987204917e-35,5.692640243940109e-31,8.064262693054712e-164,4.358259640001164e-21,1.3084543930278224e-40,6.911026181381146e-202,6.049670482783676e-31,1.4417020951585953e-147,2.9243318793011754e-28,0.17985972894039373,3.116679459167192e-60,1.211705702334454e-20,9.571498599507945e-53,4.505644131259e-54,5.71453842877107e-185,4.996472446740158e-43,0.045709828503789664,3.096169740833747e-81,2.3978687157687728e-61,1.0582027936899816e-131,3.5760565429815654e-107,2.4486297729348503e-72,0.01725821508308702,4.8058677448240965e-17,6.343665756903838e-40,4.092766124554925e-59,2.5145373584467164e-83,3.3242703033670585e-110,8.960925536082213e-179,3.58034683767198e-123,1.1695541116779285e-33,0.23353374807941882,8.840350566078714e-82,5.435248944948775e-19,3.4103862996468547e-56,7.701229109703885e-85,7.489853103806445e-62,1.1412316705810266e-164,1.3014253784101597e-72,1.6479266229989828e-29,1.7348264505093402e-36,4.270937272603562e-145,1.7479992074911752e-178,1.0538524089950808e-25,0.002182590109097197,0.10734280866878228,1.540477451369463e-143,1.3457412968046371e-105
0.0031663781096416405,2.604132449681733e-40,0.003690887257992052,9.121678404805039e-160,1.3163941761798028e-199,3.4976374889893905e-53,0.002531060327790746,2.436462037854039e-54,1.8089659034902394e-33,2.9986551314744324e-49,4.854253414248852e-52,2.7134190928966213e-126,0.012642348869544549,8.818995316979746e-12,5.827007132264545e-18,2.02581061903053e-17,2.4379212613871224e-22,2.8314551605307575e-20,2.3608931458166623e-20,4.547736956297403e-9,3.796378059832877e-24,1.5083441461172774e-21,7.922314749868663e-35,2.064411160390309e-52,2.5467726437984017e-21,1.467954368575768e-19,9.330255575080244e-14,1.5273154178804317e-55,0.0032335226070988685,5.389278989733907e-56,2.3025437363555747e-24,2.0528980076701166e-115,1.984065042622219e-70,8.740232627385399e-33,4.1668225640419534e-179,0.03749220928910315,0.008071070366051824,1.2096643380542824e-204,0.004418682366023786,1.6411800530660688e-160,9.823941864632345e-36,2.1280194314981527e-20,8.929177336386303e-15,1.752617535950222e-31,7.195283679318956e-25,5.703893221082102e-68,6.967728941504024e-163,3.4750494753188994e-90,8.023642272949028e-17,1.2773199421501555e-83,8.08403851004724e-35,5.218238780474151e-84,1.2302358690796405e-86,2.4105262486181184e-35,2.8246496532015765e-35,4.905369576376013e-28,8.690364286190093e-40,3.9387321706214763e-95,1.3566297569920868e-9,7.80668291315173e-135,1.264223079232237e-213,4.920847348937517e-72,8.010499711207552e-78,0.0724163738028107,1.438320973325725e-28,1.0468431930667835e-54,4.198076277536842e-119,2.9719749083669025e-88,8.934998521634057e-31,8.147423330746265e-151,5.50231113560084e-26,0.15855214662873637,0.03839409036219817,5.660938129171031e-219,1.6868743791631463e-180,2.7974836774952035e-24,1.3708857305346853e-12,0.6553912240983494,1.365499404024862e-148,5.138989355226889e-40
2.218107218354959e-80,1.418573926260162e-79,3.0979891819505154e-89,0.030032932777726347,6.10237436855927e-19,2.151343678301643e-77,0.008517099155290968,6.021973554704414e-13,1.2715471665844495e-8,4.466978938076209e-86,1.3512826710077338e-41,5.273957433239456e-24,1.577654535083939e-41,1.81309787620389e-140,5.544303773429779e-51,5.2918391510917075e-166,0.0011238567153542011,5.920320786586382e-144,9.96240356801553e-178,5.820200234127949e-31,0.0008454583335491118,3.666089824668009e-123,2.7498652888264547e-90,5.291994643204074e-56,1.3851426312349273e-169,4.539743994925602e-12,6.472603962595637e-81,9.06809331517205e-33,1.0462713183725196e-145,5.04940386871842e-49,3.3821089089125385e-73,4.456807666059951e-55,6.998670343735683e-45,2.0824735218868496e-135,0.0006208582193991794,1.9498337733593056e-48,2.3020505522811987e-41,0.006094452447783672,1.1336736084485694e-124,0.0008028194622295697,2.481968801294998e-67,8.202009464677899e-33,0.0010848973869053982,6.009934876310231e-49,0.007755020955505916,1.1301768226696305e-58,0.10527523245496598,1.8721202437615811e-28,8.859710980620672e-105,6.150695528608461e-19,8.106401869568504e-190,7.118313504211763e-7,0.0062653634644877585,4.367446937713321e-43,5.968319969934002e-39,1.1884824346464866e-80,7.728705285241432e-5,0.00024947973534547547,1.8662056082777502e-234,0.02106602552804028,6.844888541871596e-10,1.6941852563163316e-14,6.755258092323806e-34,1.080484046636004e-68,7.727773719598872e-70,1.3979076114902057e-14,0.002284348998396423,3.454564334041644e-16,1.0150335312247073e-100,1.2997097162611733e-7,0.05470312208270532,4.917966596937789e-43,1.0428928206259176e-213,0.004459543934296863,0.011373094995040373,1.279633218739794e-110,2.9069396127972025e-141,9.350354351683805e-37,0.737368251092669,3.1202823519236276e-169
0.0037916197556420077,0.005435595237016954,3.052985187891555e-96,1.102988989429525e-165,0.0,2.6341766040874336e-74,2.774837113919125e-96,6.622056619104575e-137,5.933202753986939e-86,2.0255664511831651e-91,5.620796523370195e-43,1.0097889625586592e-244,0.001657584313582015,3.610782749167307e-64,0.006115296055011139,1.4690772888584052e-142,1.3736573076849536e-22,5.360300994670859e-104,5.523580551192544e-75,2.482198406032497e-94,7.159480520001394e-33,5.445618920641472e-102,2.1557615961117604e-61,0.0011903498979768,1.214264771557681e-110,1.9108045546042276e-112,2.2550879356322917e-95,3.8334827728406707e-138,6.178809085794116e-110,5.266819205353844e-75,1.8586655709002747e-74,4.8180857801709125e-93,5.296607314340626e-57,2.7261598199594307e-95,5.0904745554955594e-228,2.291183286056316e-35,2.7755183823464336e-46,1.484325659432934e-305,7.217218724218928e-110,5.073683252039247e-201,3.955717413917821e-92,1.0089725304090461e-91,1.818692479593458e-131,0.002427710374613341,1.027898589277482e-53,4.503855734343067e-93,2.847993694231983e-42,0.0012811298677500315,7.421761946728909e-99,2.2603288846772542e-116,3.593194932014775e-16,6.044138291657114e-187,9.260059308819122e-195,9.870300524162978e-113,1.3123109171379194e-34,4.911087457908217e-98,2.4764478764461507e-76,1.8543196083033219e-128,0.9780988062411812,7.674913413901294e-221,3.9312101113651413e-227,2.6997916185876155e-129,9.943633291272157e-61,9.664701823225938e-64,1.1564832484588381e-96,2.2418779387776947e-72,5.16604812145713e-147,3.103299983763727e-41,1.0148657594382868e-104,1.692416203502471e-23,5.1047774741325257e-82,4.265301390570715e-62,3.803464363129736e-128,7.309797202928468e-253,2.2582064153123296e-141,1.109572059606639e-126,3.387319021726398e-89,6.1524819080528045e-25,4.657548755762283e-165,1.9082572263331695e-6
80,100
1.3145798000302702e-202,2.164285096818931e-242,5.04071377074888e-309,6.54429732403673e-202,0.0,9.153588869228475e-270,2.2209377553454742e-219,3.029785627410106e-155,4.0015656439651253e-63,6.90615505220996e-147,3.678322982042583e-12,4.1655712570963794e-58,9.089502654456568e-24,2.366308822673708e-49,1.3011092344131216e-111,8.289076867508971e-100,2.1414248529174497e-143,7.163204645712379e-121,1.93933826770803e-83,1.3496411129898154e-55,4.5680629983687203e-144,3.7788561205888407e-85,8.687100153441157e-71,7.309282881006003e-49,9.57989783093192e-125,3.830833726432419e-143,2.0014114410452133e-148,4.1891139166495775e-100,2.7480719425689827e-60,2.102341621815069e-65,3.467336861534182e-143,0.014300716266297047,0.013260860837911703,2.7691500297746053e-98,2.2010422600317285e-139,1.5113176599612636e-90,2.9503978302764433e-124,8.449623237501747e-94,1.281086581686679e-116,4.011555704293232e-22,4.564966502632407e-49,0.013790418398501177,1.2176788552957646e-57,4.734183001609569e-86,1.5375081148875422e-45,1.1089734309913924e-106,7.09730640881964e-94,1.9200227556622805e-111,2.7937730672998564e-51,1.1647242941257049e-42,8.097998906053649e-62,8.221770460951252e-63,6.2085921056974444e-24,0.06881599760768513,5.549894792690453e-16,1.790591030286809e-72,1.957104713672996e-45,5.3568177307477905e-56,3.078879006076592e-78,2.2819568331731945e-41,0.025106165122906268,1.4883330826034698e-50,0.023692996277123155,0.059255836882408805,2.28569774889267e-53,4.221487519673034e-59,0.019433087835463377,9.359282883353478e-84,1.919560452126593e-56,4.158839007732806e-79,1.5329132681512271e-87,3.023324284931419e-40,1.9104416930793102e-58,4.849011617202499e-37,0.03136381955035801,1.6690298718844192e-75,2.1950694423748768e-33,0.012808427961686172,0.02718428050577747,8.192357995752013e-59,1.2965859336854373e-91,2.7659800948486528e-104,2.722068148210459e-72,3.160545706694607e-25,2.442187657501264e-94,0.023870789946810224,2.5198873559530062e-59,3.497252386880132e-36,1.2795085805349328e-51,2.392446524236879e-105,1.6135807707244044e-61,3.7824404104179173e-63,1.0596039894921644e-69,3.192286672350281e-40,0.009359132005388324,0.07993808401541426,0.02861771419848197,0.2768090556617253,0.18379597369933184,0.088596643223051
2.4468326869030204e-129,1.8864704766892805e-239,1.2895553809979858e-185,6.895707727572034e-188,6.994964362358649e-171,7.422401609290158e-158,4.0532828536471365e-89,4.860785578396863e-55,1.0751230242843764e-76,2.6753912509933464e-92,4.969668923905902e-55,4.701463514535963e-30,7.829347110388756e-23,5.4075914602022045e-80,1.96055974428628e-112,0.0058397385017458754,3.0347652384413116e-57,7.424484679026703e-46,7.954177674572122e-115,1.5847653411549673e-138,6.782331966102066e-52,1.0608378548752337e-52,3.8454883404345553e-113,6.344132429021751e-87,1.3367859817072698e-43,5.621721757618813e-98,6.944434818902458e-112,9.912955339878315e-69,2.6952614863456704e-54,2.4001100238259852e-76,1.8332585189227016e-90,5.792162646502121e-17,0.022454927570023882,0.05431795523652938,1.7755252416042296e-50,2.2520117303695173e-81,1.3698544194330933e-91,0.04860895581111009,0.012161464184152752,8.471863874977649e-16,2.728652726771904e-70,4.156857785311741e-31,0.06808515862863543,4.345170200931429e-16,6.976768686319557e-89,1.1818333908391574e-74,0.01369996065656832,0.01108317982954996,0.3024025258699591,0.049727778846866875,0.12131259710578557,4.942935180131086e-23,1.7294626887599148e-43,0.07891702858440094,0.010549252615539835,1.3563253904974842e-67,2.162892798075617e-50,0.054841286806646,2.40432237295472e-62,0.012015472868404512,1.1806518769254881e-21,6.8740432940074136e-40,8.711418087696333e-26,7.836352481409982e-50,0.0132003605896357,3.832617552592946e-80,1.5648894191961768e-34,5.353972253069903e-28,2.7305378326672254e-71,8.798327318257586e-56,3.8895322168643326e-78,2.0582112020413553e-26,2.104068162162635e-124,3.7789426681485824e-67,4.821316404296516e-16,1.1855038716764871e-105,3.193986967127031e-47,1.1693464743737621e-104,1.270762627288527e-97,0.012119823704381989,3.809077224499276e-76,4.0819232722104655e-80,4.360827522130397e-29,1.0784706509006397e-65,3.8983057824391774e-128,2.0681405266890385e-51,0.035416061042499156,1.3965751111972141e-77,5.361203527533043e-31,1.1839797660708791e-78,2.4285957803284492e-51,1.3060102197620928e-99,5.349720155204172e-106,0.0732464715475627,1.7708119800337296e-62,6.391513128190012e-42,1.1851640784611882e-26,3.4261342395338433e-69,1.6024804440223136e-45,1.360476272839264e-29
0.0,0.0,0.0,1.0092057355338105e-246,3.3467190634914523e-242,5.544441595047751e-249,2.2059809774428065e-204,2.6006769096222032e-247,1.211743824150923e-107,4.4245180774583e-155,2.884253329254565e-25,5.9696207682737516e-64,0.07581210506230504,0.29869846234813263,0.06384991424892628,0.015853877409316618,0.02108023240131114,0.013909305851980783,0.04330572238410902,0.017349173850174624,0.00820907905978201,0.023235913827866262,0.024057952425161643,0.028324429905239708,0.02108469875145531,0.01714234772361113,0.020674386832460145,1.354380370044023e-53,0.012955632312549611,0.01406198949811502,0.012808713096760311,0.0060881121008065035,0.018966099118119424,0.007544169442704448,0.008916470426439792,0.010289704318105606,0.00961703104876432,0.02242319844571331,0.04175730136256897,0.03771491686501943,0.04678324290072889,0.02092667892268077,0.014129379323280981,5.4737155007423086e-21,1.2218915404443954e-73,1.799838960645814e-18,0.00456178070425854,0.006457237838571921,4.783330626085756e-57,0.006838282787113381,0.002279265700465396,5.0503501371097714e-256,3.1399309848598447e-229,1.1655590159366915e-135,2.299931142203881e-194,3.3222749085691114e-115,1.150146371782399e-267,4.56356654037854e-138,7.506423014824307e-91,2.4038852541381857e-201,2.5347272443310962e-56,1.7534781634336335e-294,0.0,1.9905858118263113e-269,7.548045549341907e-305,3.326837353572043e-222,2.7154606642509695e-304,2.332635448544727e-216,7.455785946909898e-176,6.777614755974042e-270,7.291540924459165e-255,1.6227182373762431e-170,6.024771933966195e-221,4.275629666917825e-202,2.869708852587114e-121,2.0771312902519767e-222,9.149083757543142e-193,1.116223968359495e-230,4.371233030176082e-226,6.675803277622338e-225,0.0,5.949156541974591e-126,7.569888932902699e-159,8.018232923469085e-174,0.0022931917054009004,1.1569758351077626e-301,4.019609777699325e-67,3.455441233437561e-218,1.1890898340074324e-218,9.51907344531499e-202,4.520737297295228e-185,2.3003962488795863e-115,5.549804602706891e-134,5.143603508987741e-248,0.0,5.007823765218554e-296,2.3850394746426367e-155,0.0,6.727181123198813e-192,1.324587191445388e-231
0.0,0.0,0.0,0.0,0.0,0.0,0.0,1.36484263e-315,0.0,0.0,0.0,0.0,0.0,0.0,0.0,7.964e-321,0.0,0.0,9.390535392072952e-300,0.0,0.0,0.0,0.0,0.0,6.725418304526153e-262,2.786488893374603e-232,0.0,4.207882997901769e-188,4.838080112581752e-284,0.0,7.153753440765843e-271,7.043197e-318,0.0,1.4834499615064292e-293,1.6692804661391505e-212,1.6067035657565746e-286,0.0,0.0,0.0,0.0,2.7174767090213604e-194,8.183177467635313e-254,1.2791341330720577e-289,0.0,3.411311112788565e-219,7.98338872795833e-211,6.236534051811062e-160,9.29154648464474e-155,3.795269431987365e-137,3.6685505368471275e-194,4.450566105388115e-152,2.83401680234094e-157,7.98862889484478e-155,3.576822338355879e-144,0.0014759504657463048,6.30367415197977e-197,1.725455199605088e-118,2.357942379726949e-154,1.4143927446016315e-107,1.5085958202010983e-82,3.8843242716217894e-79,4.490633448453065e-59,6.381669131177347e-58,3.035644715888021e-88,2.8200209970776996e-42,2.728996684425497e-49,1.2897999871562936e-26,3.157815058857187e-18,9.019498111029198e-17,0.0033240740999882354,0.00010177908714556252,0.012515087968588681,0.00015416208416971637,0.02595700760958092,0.08629298120860271,0.2190563108909617,0.14129966122891885,0.12017636101332718,0.10322343535695307,0.08204670811933291,0.09489068047063687,0.046869067440864824,0.014845483239206887,0.0036512532210840535,2.322760231713996e-41,2.1853965382148974e-17,5.803634055767531e-17,1.9044319936083027e-8,0.01500712342429555,1.3346992092036366e-17,0.0018516519775049328,1.1618643855833997e-62,0.005442883605823454,0.0050259978392835445,0.0027350621489895845,0.008983429672491728,0.0009915173666385408,0.004082311415544236,3.1406971927646637e-28,2.4389819084996795e-74
0.0,0.0,0.0,0.0,0.0,0.0,0.0,0.0,0.0,0.0,0.0,0.0,0.0,0.0,0.0,0.0,0.0,0.0,0.0,0.0,0.0,0.0,0.0,0.0,0.0,4.54639054945953e-280,0.0,0.0,0.0,0.0,0.0,0.0,0.0,0.0,0.0,0.0,0.0,0.0,0.0,0.0,3.597926953467426e-232,0.0,0.0,0.0,0.0,0.0,0.0,0.0,1.9742822662005203e-307,6.482704232916996e-276,0.0,2.835616595302891e-303,0.0,5.3967e-320,0.0,0.0,0.0,5.7120992376e-314,1.7233377925142514e-296,0.0,9.31276048318884e-274,9.869981734899736e-199,1.7322263396886612e-301,1.2086350808166394e-262,3.970745502527638e-145,2.9638100498719467e-175,3.360965662112109e-226,8.483557406945813e-249,2.721905856709907e-171,5.5476352874651855e-270,1.7292659129681283e-208,5.508368648706015e-107,2.7067902390110033e-230,2.2230935151304095e-238,4.8524254435874894e-238,4.189182378514586e-145,4.148890497816081e-164,9.386769521564183e-70,4.8966383123637435e-106,6.705044965916479e-130,9.817511856784078e-157,8.527498319118407e-143,2.8131511583374355e-131,2.642359403807756e-129,5.31119359170337e-109,1.4777279589858708e-122,7.000145405568994e-87,2.1819891522500476e-7,3.790443368273238e-54,1.7761464195958185e-85,4.009948201233828e-52,2.272046595047522e-31,1.6468574649407927e-22,0.007499492871355008,0.2767868070349997,0.5198059530731378,0.1933955848090086,2.557137693848141e-37,0.002511943959413596,5.3169917841909946e-11
2.204127696854924e-256,0.0,0.0,0.0,4.7498337050636796e-291,0.0,2.1030486936839482e-268,0.0,0.0,0.0,0.0,1.1597409546074142e-56,0.0,0.0,0.0,1.4020505814499818e-253,0.0,5.1341929974867154e-226,5.706388832039922e-245,0.0,0.0,4.8126049109189715e-109,0.0,2.4934929556067823e-291,1.1229715908236457e-308,7.354688822794143e-225,2.812350575889036e-191,7.786281739698553e-255,4.4259726883196514e-306,0.0,0.0,4.296953690816809e-224,4.093481865131074e-155,5.750728225936002e-63,3.1174244568314033e-57,1.6700047478853978e-61,5.173184637555122e-57,3.592336449702677e-53,3.438728633903222e-42,3.0592577694402352e-28,5.379144222409181e-28,1.350931559308603e-17,6.053465283351615e-14,4.0102923953816204e-15,0.06421727896649261,0.12103249409481473,0.11297629578269673,0.28342572408795663,0.26391209990175224,0.0785383255098908,0.035551560356671216,0.01607324053350455,0.007618194605523061,1.2393556089467156e-152,1.9430302019092427e-191,0.0027431290596881715,8.62615662502273e-109,2.722364460514568e-39,0.008264460400788194,1.5770431752669403e-187,0.0029063570942251004,1.6663164976491893e-112,2.12179399399863e-201,5.5049584260519335e-132,4.134893319886046e-186,1.2675292704201383e-185,5.197284700976772e-197,8.89508328344504e-263,1.42172e-318,8.91217713731233e-266,3.2252127429697214e-267,0.0,0.002740839605931244,3.4114061371306375e-92,5.465160130189435e-185,0.0,6.0563411076149666e-297,0.0,0.0,1.3081283462839945e-200,6.585666249356836e-131,8.491211134502342e-294,1.7349169822389758e-135,0.0,0.0,0.0,5.950098073514667e-201,1.7557994983687531e-172,7.537856966e-315,0.0,1.3338699025385817e-254,1.0558685646501257e-302,9.009984070260049e-162,8.97799632353821e-168,1.249457530442112e-301,3.1462327875147884e-110,1.1281241010154316e-300,2.729405723913996e-285,3.1678056934841186e-231,1.0834975668980753e-270
2.8688170586117864e-169,9.558497054607336e-181,7.807455827722068e-205,2.2225114559871194e-209,2.0e-323,1.4830707266619715e-259,5.842627216895617e-112,6.607778098987736e-253,7.210923576477487e-255,6.287868351323907e-309,1.870027696627323e-204,3.7994964810825885e-224,4.4406757864672644e-237,7.355608883526126e-199,1.4002721009436096e-174,3.528541146346016e-78,1.4753261551130312e-207,9.6615655797879e-136,1.6340467886728743e-244,1.8347097849363312e-184,9.12490843549562e-279,9.676939755018054e-143,5.81069786657537e-195,2.489759414591776e-110,1.3811714239278814e-100,0.0016049950236760918,1.610008256921652e-237,0.0013097969321976743,3.415792538911626e-173,4.5858025180868536e-64,4.4713117101915824e-83,5.707869098343792e-112,7.717011932319008e-188,1.5700777759258455e-113,4.409509320449282e-134,5.867259554151362e-69,3.9899411460298864e-228,3.2036852958520254e-177,8.407786584470105e-184,2.9531772017392965e-206,0.0015172571588054715,1.0941674047130482e-158,6.512674695240807e-185,2.769720752045819e-181,1.0267744139213893e-115,7.377624388924568e-90,1.125135590265305e-80,6.40593821587332e-67,4.365353118709003e-41,3.073612478033717e-42,5.3824662899760894e-74,4.3643092110068575e-91,3.837578689209226e-64,4.5242284366324644e-29,1.72899145021961e-22,6.512067547028032e-61,8.322570509865656e-60,1.1775156687473711e-91,4.389075016423072e-34,3.573479688127453e-76,3.4601038148379354e-19,1.3820271471153646e-20,1.276301939858561e-67,2.046747231968689e-64,4.0107727809324464e-36,8.678297002599302e-44,1.6992418900521416e-21,7.461032389474026e-56,4.911509573299004e-28,7.655859766095631e-41,0.0016350563640170385,0.0025363058140916096,2.3565375110700837e-51,1.0678217376336364e-66,1.5783017265040843e-47,0.0028929842643369806,0.0015415914451137889,4.364963833924475e-15,2.256260609516725e-40,4.3908244849749824e-48,1.8725622606757792e-17,0.0039946077421410525,2.505778580280695e-30,0.01012654850378648,2.3540861298467964e-20,0.006881008370439207,0.0080115589497625,0.007288197536282548,0.01908220441541626,0.0035950206003323255,0.009630140250534377,0.0029616856938155644,0.007813132771935773,0.04162973095644136,9.206374662646314e-9,0.011225184377946116,0.01819061516206622,0.07245843372711225,0.3624949113500591,0.40157902338331103
1.6863117e-316,0.0,0.0,0.0,0.0,8.920358600157457e-229,5.231123873774812e-286,4.7580812831358105e-263,8.849685611467233e-309,5.260430214639516e-245,2.85e-321,0.0,1.1913895336789614e-267,1.8976613557633344e-167,8.059150464121578e-42,1.1266344284936758e-117,5.302908659022e-312,1.1234932531286216e-146,2.1104060613482334e-191,7.895696764625632e-97,2.4237675238277365e-275,8.38725706643447e-134,4.553187876458805e-259,1.3674594446709581e-250,9.79812104935288e-135,1.1930358274911295e-26,4.9526944219301586e-151,2.3322447223248936e-33,3.06900145944263e-137,2.9351719680123456e-160,1.5372817355125335e-98,1.169981223132802e-61,1.6736289998304877e-173,3.1727756302340125e-152,3.607052110687994e-87,1.4199228994777893e-137,1.3002872927051169e-129,2.6575747439777287e-163,7.316080771035666e-141,1.7087327586846483e-129,2.3555896897315184e-27,1.4735937909303907e-97,3.0794819735234757e-115,4.3814042163923324e-162,4.811974894073766e-75,7.87312833849179e-42,1.615166936217341e-39,3.03358438722827e-34,1.1693708511966773e-10,1.7174421135011105e-29,2.2111544101460292e-15,7.811154724534733e-35,2.62064109944251e-27,3.0959543169983113e-7,5.659183139584237e-26,2.4086766044522795e-14,2.2664736021704373e-15,4.1613150439995644e-21,0.07707945868893136,7.942529604492983e-18,2.4580533517829148e-18,6.199000891440874e-10,4.6340171168562245e-7,0.010834827597369114,1.6371605129202268e-6,0.06125295512110717,9.151986155328706e-15,6.55988928028728e-12,1.6865516150259039e-12,4.409096620939863e-15,0.05930292748881571,0.04410739382598978,8.83731762259702e-43,1.0268636471568226e-15,4.199130123101045e-11,0.0670802419005038,5.118647777905811e-8,0.03257844374022257,3.8176597387560356e-23,0.03660799323155095,1.0689481203203543e-7,5.834065133933481e-8,0.053938235164134755,0.011773971086134318,0.020030586733710342,0.140601751360733,0.1295764359931432,0.009610858239508031,0.0327524034346395,0.06250470541472733,0.08743006205958069,6.0216671998783774e-33,9.078205558768764e-8,9.217203055468935e-16,1.5374240772084637e-19,2.915594414055706e-25,7.233651696773148e-27,0.056882684258180057,0.00605134651224634,1.7632335994521694e-28
0.0,0.0,0.0,0.0,0.0,0.0,1.6228511558455133e-203,0.0,0.0,3.5277447351920086e-256,0.0,0.0,2.9916169983500487e-210,1.2122941095514573e-236,4.158310147674432e-179,1.0829018540068769e-174,0.0,6.840305773902528e-284,5.206928930456491e-147,8.337145585748226e-213,2.1077545805563e-311,0.0,0.0,4.305776610208089e-200,2.861329288145356e-170,9.00625760900713e-80,8.58712003211564e-150,2.0844176463868815e-53,5.287899472368951e-109,7.214942379474846e-222,3.052395217042294e-166,5.592812596736196e-143,1.0244261373628342e-168,2.194834955781909e-133,1.4782426062586398e-123,8.743211679293867e-190,4.990528854106085e-151,1.6997523652236952e-111,4.0261582494504466e-22,2.717435146213433e-291,3.6033359836272367e-78,1.4326713599538149e-152,2.0336296274662176e-186,1.9192609149076247e-145,2.4503644054962994e-101,3.5872040691489496e-92,0.00508409566969473,2.617033039364075e-72,0.011348934784836633,1.0542740451072508e-81,1.0057791083066536e-40,9.326709634686608e-45,1.4876939207293086e-70,3.580448175547598e-50,7.581743847591709e-29,1.731954747340902e-44,5.818928196439386e-34,4.921051965432217e-36,1.5282710151727725e-20,2.7771087116067235e-22,4.5770230032242395e-7,0.02359527666812939,5.529791280022232e-12,1.5309416726138023e-14,0.0815167991445612,9.78154754413534e-22,0.039556103359366934,0.016864716818841195,0.044151167373773864,0.020255830235189853,0.05435805947074545,0.025283259811766566,2.0702355555591355e-10,0.13065320875127584,0.055008720534306825,1.0563918338399332e-22,0.051536782098092836,0.09241549148964574,2.8727804597709798e-6,2.2403694403416324e-8,0.20522014891796606,0.0753519057481044,0.025683156991361835,1.262330164065477e-13,1.45626927539553e-16,3.9226726043838256e-12,5.9777112841516e-27,0.00953875513345954,4.3348662569091124e-16,0.008447734924700105,0.0034184716103855817,1.5660689188241775e-16,1.515866724416962e-29,0.008903069580180008,0.011804957780542608,5.506630659463163e-22,1.4442269872810508e-27,4.1988632209401125e-28,2.460985587073114e-22,1.4250651659650077e-42
5.42629321144298e-262,1.2112213571668982e-267,0.0,2.287886476850603e-286,1.6777918733463615e-213,1.6362749257946469e-53,0.03868624173594257,0.5812735111489151,0.201049747180635,6.470458981308282e-12,6.785959487783561e-8,5.711264454208801e-14,0.03212801570425274,6.423079173597346e-17,0.039869083875508714,0.00012086681934755444,0.04252682690294584,0.02835270283311728,0.0034999692266009883,1.1054792718272836e-14,0.018374980986851606,9.48519837394582e-13,0.00019342521233567947,6.153843392864232e-17,2.931378336404691e-25,1.1972763692422464e-23,6.929284024150797e-8,1.1801179034581881e-20,0.001134360590444869,8.448890912250485e-13,5.50792814903523e-20,5.879084266588805e-14,2.0352865468051342e-33,0.0054280289185142765,9.373667847235268e-33,1.0170287998516879e-16,8.081557510986976e-16,6.985174379486699e-10,1.144913124012329e-12,5.0252749531989624e-23,2.3681973443163536e-13,5.1182406615936604e-14,2.2466397936398235e-7,6.245808706042633e-14,2.9794269573339447e-43,8.081479961340694e-26,0.001563304276965494,5.672968784898347e-12,0.0025918156529958114,1.0339165140613384e-22,2.5627300023623107e-72,4.4149214244958155e-42,1.8993708105235314e-20,4.555979716288521e-11,6.3830045152522284e-49,2.1325629595291793e-64,1.3277146221708999e-216,5.36549049534785e-159,6.428428003886942e-155,6.189168961519699e-109,1.6270736716012547e-191,3.8001999870305563e-212,3.49891753202371e-228,1.6241929701194632e-163,8.320735078748552e-209,5.603009251522658e-115,4.9315928517009886e-266,5.995086962224046e-148,3.5544519396429545e-193,7.354662559655087e-173,2.5510062638902345e-178,1.223399029220748e-145,7.662137833224196e-202,1.5525611775919289e-168,1.338819506882786e-128,1.8464766762875348e-281,1.142532678214262e-180,0.0013800296977269785,1.3691660438107513e-133,2.326583229275576e-120,4.509427904551808e-194,3.3531728080055614e-215,1.0894098513926925e-131,1.4336085683498236e-232,0.0,2.40798229480578e-220,3.644263816730996e-78,1.0430753758206334e-175,1.2812072440034272e-143,1.2623064231354154e-302,0.0018267266608476154,5.1568055274171295e-253,1.677174524091209e-243,1.3711061743365257e-102,5.675874380918894e-123,3.2055675786205366e-98,1.0174083186569908e-230,6.73642402580132e-297,5.199346364886815e-104,2.07332642593772e-229
1.0943098265968532e-225,2.15351790209951e-196,3.27779040924998e-110,8.048852954288021e-202,2.669902920769025e-152,5.297827296333414e-73,5.071321892237805e-106,0.013914593962910999,4.1214560482246695e-40,8.912042444667191e-68,1.0663427296736321e-28,3.356456941123308e-118,5.917139356054973e-66,9.045401030813347e-63,1.3815422450690258e-119,3.6871151746780485e-86,1.1139473757707335e-76,2.1013114418942775e-69,5.022135859531338e-69,0.032486169425475164,1.1270531993178184e-85,2.2361409569993937e-66,9.444564130059963e-62,1.719242198001411e-80,2.7563512143962514e-38,7.037375453828164e-64,2.1432595716033643e-71,9.145324267516011e-107,0.028898687219958596,3.1231492400977254e-9,2.6293559792450104e-79,1.1938561819667496e-64,8.029764811104452e-76,6.928419541186796e-57,6.1641715274827626e-21,5.261541476519635e-91,3.103361813451166e-89,6.488632323410801e-123,0.01356979920026922,3.296093681976042e-69,3.3274934250382076e-22,0.01524405927487686,1.2005328950084344e-45,0.03018430940928467,1.2474527466212555e-50,1.0410406022003007e-7,3.385720277516872e-14,0.2007043252058763,0.126699548764333,5.991615765297899e-64,8.596682612256634e-36,3.367076764771113e-35,5.99295164949024e-18,0.017059291087366202,0.043885758908577724,0.07521420675208312,6.222548595752077e-57,0.08985496563040726,2.4596127856521314e-80,4.005680135881971e-50,0.01687627643897895,1.3151395533351287e-39,7.135242639600825e-102,1.4767757585327192e-31,2.7678150727272804e-63,0.07291588555025151,2.1674789655419085e-90,2.430351166976237e-66,1.1372258168928265e-92,1.1492972334919586e-30,3.1443754130704844e-88,0.10275543462932805,1.9023161055135024e-33,1.0551469336285466e-90,6.985213136165975e-44,1.0498391367557608e-106,3.6774025577405497e-59,1.0283867537239952e-85,1.470941599302208e-108,0.0028668229702114084,6.266120578635135e-83,1.7823649128383476e-50,0.11686975834256016,6.921813882177568e-73,1.3191455192166737e-118,9.536377358858305e-90,1.5146622919560903e-28,2.83126922047912e-25,6.634996982977318e-62,1.0845175551039652e-103,1.1285440111313676e-21,3.5493960120852567e-131,2.8734319255464966e-29,7.424378908366673e-15,5.058997989561658e-53,1.1456437807192279e-69,1.43739036610151e-58,9.184257135398983e-122,9.315817965537793e-71,9.592193194606947e-89
0.0,0.0,0.0,0.0,0.0,0.0,0.0,0.0,0.0,0.0,0.0,0.0,0.0,0.0,0.0,0.0,0.0,0.0,0.0,0.0,0.0,0.0,0.0,0.0,0.0,3.2858019765332506e-151,0.0,1.9954126521835679e-212,0.0,2.6926810581594155e-210,0.0,0.0,0.0,0.0,0.0,0.0,0.0,0.0,0.0,0.0,4.58361853990675e-202,0.0,0.0,0.0,0.0,0.0,0.0,0.0,1.6291854527727568e-295,1.0299209021988613e-243,0.0,5.4851538523363735e-301,0.0,1.4891548644857818e-277,1.2505063000988096e-239,0.0,0.0,0.0,1.133868706676167e-273,3.354788708644399e-307,7.449707052383141e-250,1.10880683649164e-167,0.0,2.7915559983733808e-300,1.9382273093547245e-135,4.2236951964057706e-122,5.260533847742293e-218,5.241030654e-315,1.401994112401744e-168,3.46e-322,8.369329496896681e-187,3.285322636813672e-166,3.91975299866301e-309,1.7480040102969523e-294,7.939834049781772e-279,3.8292694976175586e-175,4.195435240150496e-131,8.604363672866002e-132,2.0947760407819825e-209,2.585428296964708e-230,5.1741491106732624e-216,5.2090054665279806e-186,1.9403819036298398e-241,9.347046627175682e-110,3.987816312789534e-148,1.0124351090864727e-84,6.6709688279753e-128,6.220970995806778e-65,3.463696146539743e-88,4.004166073993225e-97,4.5811910922519624e-61,1.003200582377819e-37,7.741364878279377e-75,8.713483758664374e-18,1.0281213464598496e-22,0.012665784448483756,0.36073249475151914,0.4336081461376056,0.14012231382660167,0.05287126083578985
2.138623475792032e-97,7.507453285049289e-189,1.709666276257675e-127,6.424261694400615e-161,6.193488293086774e-159,8.548358977311133e-82,7.51981088109012e-172,2.1834610946063841e-100,9.234706404861221e-79,4.37624764220211e-164,3.3618092226935886e-65,2.2501885332748682e-101,2.4510092502446606e-109,2.8710357766877655e-109,4.197776614201702e-61,4.99168082551641e-91,8.290397473188398e-93,1.7297757074108199e-50,1.0778099573722316e-32,3.822386007007777e-14,4.414341868335237e-75,1.2214673904103268e-47,2.0582555023727047e-119,1.1526165481561895e-57,0.014001421493506677,6.07683505836826e-64,1.9468605890518896e-32,2.3907127412209464e-82,1.00253610048706e-18,6.603892856130784e-113,1.0937202399411029e-91,8.116132018055735e-39,1.701528767764987e-73,7.609662208033914e-33,4.243560978917079e-44,1.7161969331366614e-65,6.58507603814229e-42,8.143493928973105e-62,2.3994151008620934e-41,4.220759996750245e-68,1.237059978489736e-39,0.02229091280157354,2.660926317760135e-47,3.4883275917659343e-41,7.834474739452123e-44,1.553563503500474e-39,7.543233593940572e-14,9.100527410762621e-41,2.205607619948372e-13,1.2413183734041725e-10,1.6004145144343963e-17,1.0989928179380932e-13,0.22616601685390053,9.125515236473038e-15,0.20005764306022675,1.5850256828976167e-17,9.671417618889082e-11,2.1971564444093575e-12,2.598283793070033e-7,1.7795938521953336e-16,0.03159612974771783,4.200233454370307e-9,8.678125369008654e-11,6.700210670192912e-14,6.083995639000701e-7,3.2732941365854276e-9,4.5408276511474713e-23,1.9365412807653144e-32,1.815718492568938e-51,1.326309146036233e-22,0.06114254964846178,4.019535152448422e-18,1.044175243268989e-25,0.011382246971084694,7.717371744820294e-24,2.562252153973139e-25,0.01695730483255142,0.03874039515489568,4.636507861348122e-22,2.5273864133852847e-25,9.508110283196593e-32,0.056781758337055364,0.017796689883330465,0.0076871396294825875,8.888621733281048e-29,1.170329902099299e-15,2.388182601470415e-25,1.608059379874166e-21,0.012017682977799182,4.791860470642784e-22,4.5594526178460895e-8,0.0911396883940846,0.09086136632938709,0.06480109407007878,0.019313820703636714,2.2895993672569594e-37,1.6485640238069636e-40,1.3143555568197708e-30,0.0172652175048834,1.0980265508660616e-30
3.3869717779915644e-235,1.3322749724987487e-172,5.108844817676092e-230,6.533485910040087e-201,1.2176354983794946e-61,0.004029468300624428,0.010512806805372954,5.498782021738163e-16,4.406698352557865e-133,7.825676068088261e-69,9.191958376395047e-46,1.074315661367082e-86,7.466180417872527e-140,1.0310436014646452e-19,0.020330307071461325,0.03222757257266397,1.2903648573249283e-32,9.564956369776433e-60,5.833262504673697e-30,0.005425786321939759,5.887728267025423e-22,1.1307496046900623e-7,0.03302196768618374,0.01036384096849841,0.05515875538585563,0.5190630949848805,0.16818180931771184,1.4198604271895315e-7,1.2326579441324836e-9,0.04690462998695035,0.03463312345301981,2.6598191944233594e-17,3.268829742672521e-40,0.0095410413122559,1.4650141740151484e-31,0.004770260489399222,0.015333399833877388,7.9332271274268e-49,1.29698392187385e-17,7.031717244679035e-26,1.3355041805947128e-11,3.984780041832767e-13,3.284421528847474e-13,4.814287554471324e-16,0.009040499468655778,3.1759108259536364e-31,6.791565795579354e-9,4.008604634334484e-77,1.2536401147306219e-14,0.012228427794930023,1.0079874721462175e-66,3.7288862536392814e-45,1.0433296703131058e-51,3.827883830983722e-104,1.307743354941195e-103,1.3278859713729533e-58,1.9387729963433764e-98,0.004659019132255002,3.751862511416925e-152,1.0811038437964263e-86,1.2390709699238525e-83,1.8017679290375536e-128,7.905272572208829e-98,3.973589797301531e-165,1.3667284815517433e-140,1.0438862237643261e-121,2.183942048615994e-201,9.49683683727995e-53,5.056874020817772e-118,1.3516158098736014e-169,1.899212159711571e-171,1.8084529865002014e-187,8.26011430739258e-63,5.4451279185781444e-191,2.8549550470903493e-198,1.1291308002295025e-78,8.24032759999496e-39,4.05022575325248e-167,4.1416141812408875e-68,3.3382078402813806e-193,0.0045566607546891885,1.813961525494594e-163,7.382930245071003e-106,1.5632284575789877e-111,1.4268925397141903e-241,3.037064343602653e-187,1.7265259452400866e-5,1.7987249414822037e-246,3.541698252345007e-192,6.721687862064319e-190,3.974970624958339e-86,1.9992711413490955e-153,6.248576989018849e-208,5.888797730798414e-121,7.143037366399236e-164,1.4162815243120172e-140,8.030960660494508e-209,4.952104395545e-311,2.3260151545774492e-181,1.7978816115227689e-109
1.72754817390831e-108,1.161742007979415e-112,3.947175766513197e-128,6.371369491261609e-126,1.4660888741038142e-87,2.2157385958638363e-99,2.6249587968061438e-64,5.34368386682364e-28,1.7797264458366562e-85,1.262348731947533e-91,2.234064400827581e-105,7.665895148405357e-16,0.03232761944844712,0.023303605066848983,1.5699255591495082e-63,0.03212849172341975,5.630347846016703e-32,4.6542179932884587e-14,1.4783375639003064e-79,0.07462823003364075,7.684688390563091e-34,0.08790198062365684,1.5121580993245657e-43,3.525965350379944e-42,3.90130242129691e-29,1.1245474126091945e-33,1.83358105721033e-75,1.0172107506595844e-91,4.061740909496971e-16,0.08161248891661732,8.964370220759551e-15,0.08924450705935796,3.1119836004106593e-24,4.506280016537939e-41,4.288310042016103e-53,2.1169953384554506e-43,3.274172035037772e-81,1.91694643298198e-80,6.596614823764959e-63,1.8388152232336338e-47,5.960818558870837e-65,0.014256237684330106,2.5662374874378065e-80,0.041832198970340816,7.2594551882948e-50,0.07698837411860862,2.838309975549641e-17,5.4244571680216965e-45,0.02176546508743864,0.07638662691061687,7.575692122833482e-50,0.014196229031085009,1.060765439642074e-57,0.14204930154742784,1.2105795132582322e-36,2.761494316248986e-39,1.0546580101729654e-49,1.8198377188432212e-66,0.07004511373048962,0.024280715877806162,9.65854029719009e-28,4.8578589926088936e-64,2.375033179691641e-90,0.01623740114757279,3.616682983074626e-44,2.225423757148306e-64,3.485517396589769e-66,0.08081541302223812,2.79946011222229e-59,1.9346263733566853e-87,2.1619841059125313e-105,1.3203610643631942e-112,2.421455245083284e-109,6.081431220321611e-155,4.794781490289093e-63,1.2592977191299798e-129,2.227490340308319e-117,1.1966271363042492e-117,5.6294366818610605e-68,4.7124286415310375e-113,2.5469082484573327e-194,1.8040075626557782e-155,1.254619571817334e-96,1.668567907355611e-61,9.577746209961226e-166,1.0991145170677495e-106,6.373084607438301e-91,1.651077091405092e-130,1.522149259291472e-163,5.944638095188903e-72,6.199926688970281e-68,1.262476496749393e-69,3.6090444431580383e-60,1.9396541257206175e-169,6.595180736883219e-159,5.967443251888909e-196,7.799450106224146e-111,6.707031531022172e-209,3.695557776104439e-102,1.2562852382218094e-133
1.7944025791614265e-288,5.06891e-316,0.0,4.514905037302955e-160,1.1273820489987304e-274,6.375822183063973e-196,1.9402993907794733e-94,2.183353035638593e-28,0.2199007906791752,0.4403839966815389,0.03471443565281224,2.870531760468423e-11,7.52902795754291e-10,0.012339698089694264,3.527797047554877e-7,0.020838685041047286,0.0017950304794868994,0.005234025612196961,0.002257089539478677,0.0002659530822422731,1.578087445442382e-18,4.788351190673413e-6,1.3281531288269547e-6,2.175235975390038e-6,3.6051728828481744e-16,2.935042220886761e-17,7.599508136778091e-11,2.8084209827255576e-12,3.190917240984369e-11,6.62243951380962e-15,1.46189154750111e-8,2.486925975272623e-10,8.205579282043612e-22,7.490715318812925e-13,0.0020891963747734785,0.020037445721723154,0.053858652796076475,0.030072384511491284,0.035554405175019635,0.0527793361165262,0.014004649717202947,0.006401062588178518,0.024835866816134554,0.013282944116102294,0.0001306346611660424,0.0015940472713202776,0.005128113512919936,6.6033164885796175e-28,0.0014255939557216053,2.65413403202682e-32,4.185255069907941e-51,1.8412338203646412e-38,3.4820438009597717e-124,1.4566321519667859e-114,1.3697000200970032e-55,1.5145394209439864e-129,5.517989569485001e-212,2.015761956137386e-152,2.675917257846573e-168,4.534562864578199e-44,5.175490419981772e-267,1.2520847602054784e-218,2.108162971862064e-272,0.0010673015272862506,1.6788613621054103e-298,4.4029634039145585e-246,3.841566863703655e-235,3.000244105643847e-219,1.1457454165051531e-114,1.4905242542000952e-264,5.3247819479370205e-89,3.177746327620343e-272,2.1449668039958326e-223,1.852099856532618e-236,2.553727497596392e-18,1.1808949513732048e-306,0.0,5.308220079912274e-68,0.0,1.2942685581497194e-115,5.41452428302566e-305,2.0898507530171363e-216,1.6039825562796562e-146,6.353013085036482e-262,0.0,1.753818750325785e-229,4.5985231812754985e-110,1.0746956455205603e-169,1.7e-322,2.7513305532978993e-304,4.465775223183513e-124,5.07186276088488e-244,1.2633347931867631e-230,6.602737368872024e-172,5.507191924452206e-178,6.896870062227156e-242,0.0,0.0,6.956137669311637e-125,7.248532418461122e-222
0.0,0.0,0.0,0.0,3.561955536518375e-302,3.222362185524092e-235,4.4e-323,2.1424215844621375e-262,5.990216918784989e-206,6.41239563192786e-263,3.105940824594241e-253,1.0904751556824882e-201,1.1274182250398684e-207,4.9347616344642846e-210,2.704243247326045e-165,1.136750723329372e-131,4.149654918213516e-240,7.281622816330863e-170,4.6871483193527983e-231,1.702679729317695e-249,3.047404707155844e-242,2.901419682772299e-159,8.110181366370514e-123,2.5711981494205514e-193,1.055864898929222e-194,3.2624878549448814e-165,9.345217506672317e-79,1.4419712269612103e-216,0.0010217917408521268,3.656943974277348e-214,2.1196112144128905e-97,9.42498000151897e-100,4.905498058995762e-156,6.1321989197713185e-176,2.2504093293861873e-26,4.37972192436336e-22,3.246038358559017e-8,1.5012057461629322e-117,5.1649897067093175e-73,2.824153779128293e-181,2.96383562307009e-132,2.7119477242933215e-17,1.7768973529456598e-18,1.0606337385089741e-124,2.2295425619543225e-108,3.339604533223787e-6,2.3825964307948076e-12,6.182655157033203e-14,3.3286302803957787e-42,0.0025242447426083833,1.1976916089765375e-5,1.4076094190812535e-8,3.8036288674045675e-18,2.501600488730357e-8,4.642963034158964e-7,0.01385121811082206,0.09190429638078036,0.20198867779927807,0.08115053863627697,0.11254649008954098,0.12312345349448267,0.07718311595156352,0.11102318773904223,0.00811527970185326,0.038255646368389275,0.05062559499386607,0.003276313915774471,0.029318815054089287,0.02522090338020892,0.011202864997039328,0.0040241063429237965,0.0019785036644581746,1.4645872549704425e-15,8.174529966090925e-35,4.654692114406369e-22,2.3336518049738094e-25,6.01162239749188e-22,9.918228193500984e-46,1.6368195531229446e-50,0.0006323479150823074,3.450060272499257e-32,2.9238058000030712e-5,0.002047172107803017,6.267300723996814e-12,7.0134076951069686e-12,4.81147092578835e-53,5.808947726526456e-66,6.475728548927384e-12,3.575562391446937e-46,8.056022196730386e-50,2.932536113908396e-17,3.173807041333719e-61,6.566610743621742e-53,0.003099943408563899,0.005362052288832577,1.4204110507326498e-92,0.0004276821566107051,5.066372499889838e-5,4.844647112403159e-9,3.602006630690723e-71
0.0,5.76151424863614e-297,0.0,4.688786260838812e-198,8.480378462108176e-170,5.636915702760262e-234,5.647529826654952e-234,5.580316293286182e-90,0.0010965329775711082,0.13479949207031344,0.39994061286895544,0.025890409231153787,1.987246404140216e-38,6.940952635511172e-8,0.008419131041605224,0.006446614820068681,0.03595291973168725,0.017391303447761394,0.0049297667431530984,0.013063930587525514,0.000298676055380325,0.016587283228408425,0.029142930549522994,4.724825965026982e-22,2.865532290215943e-8,1.786387120020188e-15,1.3463963063662554e-17,4.15856701191467e-30,7.34342064526747e-33,7.351828048197343e-21,0.005261472117602979,0.009942548640761497,0.019499364990895964,0.010108759850368488,0.025813466263519134,0.017741717607498427,0.0417841719730298,0.06452817036140861,0.02429570622051479,0.007845705837159675,0.013117410131308774,0.02203113000094447,0.012839475846007344,0.014416844173546986,0.004568046117195359,0.001932559129759411,0.002977535291898132,0.002418159285997413,3.3543069337158464e-67,0.002486667814889592,6.689849737287793e-9,4.0296623570404487e-53,3.73255238285996e-146,0.0012022962770185533,2.4778044183174298e-51,1.4116784781807031e-167,2.0057462234878307e-199,3.368205133934238e-144,5.968658885095106e-171,1.9151121849851597e-184,2.0108514465167867e-243,2.6441348596153242e-157,1.1862675490663224e-212,1.8374826834315044e-50,1.555606865972643e-287,2.0067127858713048e-238,4.8922515565857e-310,5.78827439047982e-264,1.3255534041812818e-293,0.0,9.314170820815086e-113,3.5596423766470296e-259,1.1094371278630699e-209,2.18650894e-315,0.001229083960867105,0.0,5.265163206115498e-264,5.218658987348677e-182,0.0,6.683003201914731e-90,0.0,2.9869736102331285e-191,2.168481561359928e-191,1.1445714989270645e-251,0.0,7.93357059347194e-91,5.746779292415397e-153,8.0551776239884355e-162,5.0024835662834344e-291,7.186788550632164e-255,1.1724240537039856e-137,3.842110625081656e-254,2.545542315449879e-228,5.282232183902903e-252,1.2003588327905419e-220,4.391780164287905e-235,1.6504175225206678e-307,3.519884066909697e-296,1.958778921998025e-202,5.4032297850312365e-236
1.153951117124889e-261,2.6689331499654995e-91,1.611146503541327e-182,2.7846511726454366e-172,0.00845359326606712,3.9230354808953467e-110,2.737414911881188e-169,1.6517087517832629e-63,0.020585046968147887,0.017222336450976185,0.03348652598502202,1.0931181657464174e-59,5.870218143424577e-13,0.013324307536284859,2.209245541887105e-15,6.0601390688938246e-15,0.00016487566864253846,3.1937466189376016e-18,0.023174530574804345,8.149051514613423e-10,2.296823149786158e-5,6.521916583221344e-16,0.4864598864868492,0.008836220273440557,5.148687104636835e-22,0.02013354088518354,0.03417242048426851,1.6728723332664298e-34,0.04373857331792287,8.013164323494149e-46,5.724126559540022e-34,0.05667033272768168,0.013708512531854239,1.9920888907910234e-28,4.951068892927355e-12,0.01852325174170657,1.266385107888439e-13,6.611617040860404e-22,0.013683554582866844,1.4749703439524446e-22,8.742548434317748e-8,7.78299321529322e-12,0.035909133950049195,0.12502738342043054,7.539084889328773e-43,6.80991007435195e-64,0.009552477635173983,0.010086985858430514,1.058631375188707e-72,9.689686073515793e-80,7.876000102862705e-99,3.011754211108997e-176,5.735933508211959e-56,2.0947159382321006e-75,1.045811040444179e-84,4.5398516756249227e-125,6.9485149361110995e-230,1.7970912067443556e-188,1.328392824454093e-131,9.832816071480067e-68,6.591046419034354e-86,1.297223251561395e-240,1.1208682466364861e-200,2.9845881176542886e-127,8.635997321082851e-225,8.249063045706295e-110,1.8987298784229527e-208,2.7631039809588684e-80,1.3236214751620667e-120,2.440279288989581e-187,0.00706345316881791,3.295727134138044e-160,2.5426729088337015e-105,9.395389720539563e-70,2.8831294428597146e-233,3.494050856053637e-140,5.028273322885678e-117,2.642031438198844e-75,3.929596724819228e-107,4.83826744567036e-100,2.8468695824920956e-221,1.286252864230207e-37,1.5073235552932027e-41,3.4862219383936325e-14,8.994287296255053e-176,5.980314940178517e-115,1.7752674047522389e-31,3.5728836142399563e-44,4.2665008238797725e-149,3.645751191998358e-169,2.7848958327655347e-93,9.822154132148502e-107,4.596161292273098e-66,5.481000114137256e-56,2.4727756321958777e-86,4.635523691409366e-127,1.1740414039713362e-77,1.4791221014963057e-212,1.052068384547656e-70,2.7399392574405257e-115
0.0,1.4888734647070304e-297,3.017209938028099e-168,0.0005899592027033496,0.1899385294926944,0.2846742164337996,0.021762554260029595,0.004277514609498749,0.002348578806131751,0.005360322104396343,0.006508696194293179,0.014739581709280131,0.010912559243834462,0.00658711368226101,0.010566974004239163,0.007704010133399777,0.008493017945693203,0.010231970680234874,0.009077897811496401,0.007565801455164564,0.009900159524684935,0.016204887455166586,0.01776721194399272,0.02224237206677374,0.010698690034987838,0.013633455826182927,0.01518852845078132,0.011932244805506897,0.011128224061787984,0.015662241927458808,0.016891446485521943,0.01883766358069442,0.009460999812347149,0.0274414954734492,0.02541291358596813,0.03323408303526167,0.031493857862770515,0.026291026890019387,0.012991127749000003,0.007959553609574678,0.013099344424184567,0.014971231701521343,0.002475004145055651,0.003006846919285924,0.0019130304235426183,0.0017064741079697878,0.0012860919936278723,0.001182992554930079,3.370640089569708e-65,2.659548097619304e-133,0.000557427069087821,1.2940987831353396e-245,1.186746243568794e-12,6.766836151797405e-133,0.0005862741089307775,4.7636504219159135e-200,2.5502607207500223e-217,8.524583025587325e-134,3.536863400444115e-64,9.780412128709685e-181,2.6531334416979304e-212,1.802664664073e-311,0.0011399355022568118,7.918092786366448e-160,1.3124474917827386e-205,2.460602576290733e-236,0.0,6.86323684354456e-108,5.269672532619215e-256,0.0,2.889730853471332e-280,0.0005918985094712831,2.7054133161e-313,0.0005917103926853578,0.0,1.1230431840104156e-295,0.0005883567755011482,1.2003802700217e-310,0.0005918994196807858,9.855287158053786e-267,1.7775955726211443e-150,1.9425528270171346e-133,8.834447220912767e-187,1.2858784639217997e-248,2.92395400101388e-309,1.5246146626714974e-51,1.0425042918754524e-173,6.145374877637865e-68,1.1342102501802095e-289,1.8383907829684613e-125,1.9877154170397093e-181,2.6379843146356966e-295,1.1093403787643367e-222,4.613269691130893e-96,3.578635752106898e-307,9.065519769501757e-270,1.753105685e-315,0.0,1.0936644398733872e-289,0.0
9.40899954637692e-258,7.085341485903395e-266,3.629499584517727e-164,7.440420708987247e-209,2.6337625830649165e-87,2.8695286997421366e-104,2.4524055994396115e-221,8.340238329057048e-224,2.3457668498636977e-124,3.958769734523458e-212,5.880721452659656e-228,1.629590867768378e-172,1.4679825795535733e-240,1.561036096909354e-179,1.8445918304224175e-132,2.1002271223116288e-73,1.6173217012890804e-112,4.214188993826823e-182,8.66159105216721e-95,1.8228377107326614e-101,1.020178239429652e-151,2.6302781534045173e-48,2.9325486713064112e-171,5.780664479798103e-134,4.67809308144241e-170,2.289097311345102e-127,0.001030938368542827,8.730579245051866e-126,1.6609228605528989e-87,3.282002707995746e-105,0.0009545199698528481,0.001210182204628827,7.669101556725729e-19,2.024987037596546e-117,0.0006229921137675356,4.259342483808785e-95,2.921912938308792e-66,0.0018126603958570626,6.155001758145826e-121,5.796360729882303e-40,3.558724961550518e-75,3.086157542758318e-9,1.7924600454482325e-74,0.0009752025944138099,0.0032833606021630264,1.0557954952585892e-27,5.142939080594326e-25,0.0015830612632620907,0.0503209697161105,0.06475578469439396,0.07471263329283417,0.13480479068475237,0.09460315632377041,0.14062809055361966,0.07041652763472828,0.033768779090708294,0.031050482552340507,0.05059693466760219,0.05034869239109612,0.05015050695484666,0.053299610591136956,0.03851493608190123,0.03107225778032554,5.578603508102955e-16,3.2709774871972035e-6,1.8302164618789604e-7,4.288747283003699e-8,0.0011944208517350515,3.4532136613299156e-30,0.001608468728243575,4.841785722262452e-10,2.0384052504254104e-43,0.004100432476480986,1.1649549788166228e-49,1.3062151665045001e-11,1.6499315748046306e-5,3.3445030427064553e-80,2.3078328713585488e-35,0.0010858958735856124,4.511029375165589e-43,0.0009101008416607731,4.724035299216313e-11,0.0015016535364417822,6.089224938530152e-12,7.41574803460757e-45,1.3634817105176994e-29,0.0005461579056176442,1.6409193944501558e-10,0.0029840247256360283,1.308082770822732e-62,7.614999577572596e-12,0.00047589685849723225,0.0015257439466819878,1.057641000616556e-14,0.0015024032409452438,4.254461049834975e-66,0.002027730481019165,1.7723265559720451e-62,1.084174876630956e-57,2.0371011457472488e-90
2.58243252758037e-309,6.13709385834019e-297,2.0914558072501316e-249,3.957614782708843e-242,1.3669296333669616e-114,5.630744666956609e-147,1.432728448284848e-143,1.2846429242245901e-98,3.234221152345202e-125,1.3336077287237809e-101,4.276130334147184e-31,1.4023790485955336e-97,1.1186865127950481e-51,2.4077638754550017e-45,4.656037230821146e-34,0.2784075842298027,0.23653748743782227,0.06391848170392335,0.006452613267381828,0.003272760161023907,0.014836459739497668,0.0034124740827639155,2.4086106214390582e-23,0.02075273534257405,0.004489483867243913,0.029239961438094292,0.011490781333466607,1.998001071981536e-86,3.7897771945064666e-41,0.02587608182415719,0.013746816738185168,0.010415289943371282,1.1836721680491941e-53,0.004313622605358289,0.029185457579204578,1.129653298694874e-50,0.007917388730131151,1.871348037935647e-77,0.07159550403586008,0.07310722306761729,0.025700719573085732,0.015636667526260764,0.014677426986732274,2.5364310355169222e-17,0.022908142149020694,1.5848727683255864e-47,1.3383357083850258e-102,1.0938119127917256e-93,0.0016139405127571047,1.5674710659889435e-68,1.3027448376659211e-140,5.763037087008252e-175,2.6174913919753663e-54,0.0033031308141749927,1.6812058865473176e-37,4.2086655072156815e-55,7.21035226135835e-152,1.04218432856965e-119,2.3089539058391296e-172,0.00377822392959417,4.584354972798785e-148,3.2454337717998e-92,1.3980193652055602e-220,3.2926783916051565e-209,4.2621509202229243e-107,0.003413541380894564,5.257848383727982e-265,4.970456648099943e-54,2.7641524491123657e-235,3.183401850332785e-204,8.916360340277183e-188,1.3885432179850378e-127,7.655913358693884e-157,5.861082106988428e-180,3.3953917825514294e-231,6.139575736978906e-210,4.083728680344838e-148,3.272675111361826e-186,6.941451996741393e-217,1.1913128458226017e-158,9.66539619324023e-267,1.1436441760735345e-68,1.9839707999467038e-189,1.2124673815176942e-158,8.66923358453804e-230,2.0530441955779677e-216,1.0260396750135136e-147,1.0338700220566213e-103,2.07077574842992e-83,9.314223621553581e-157,4.9799334808239426e-129,2.472407773532511e-71,1.238835074151196e-251,1.080109713679669e-171,1.6320783429889765e-226,7.069710641628878e-252,2.271527141045047e-198,3.0236005637194446e-250,4.453809570949811e-136,4.0584315012121213e-240
4.355613760704579e-165,1.831756299119429e-180,7.185308967526335e-118,4.31071326921555e-258,3.205410077073596e-176,9.635076777026571e-90,8.816539165770143e-130,0.04450386121175027,0.022214377742532498,7.315214707905077e-138,9.782115065809339e-75,0.007965709319862404,7.692023614549383e-46,0.03059470765006235,5.101488366687626e-55,2.6711450816909567e-39,7.907373321244928e-78,0.07321580206436784,7.512350048380286e-38,6.257501076080392e-58,3.7165750608957445e-13,3.7226057796231796e-47,1.0342659903476981e-51,0.011128663191420135,0.14015293349743824,0.011428515322148225,3.3602378735504687e-59,0.051439076914626555,9.769423013025512e-21,1.2415385629238635e-17,1.1407720336663096e-24,1.3290764420362191e-45,2.734908541292077e-110,3.217251846927947e-19,3.093883664742366e-59,4.0971171162533196e-76,0.008251012109793461,1.9529973543537244e-35,3.988774069934432e-47,2.260582313471509e-50,0.027107881055043605,2.289176869588521e-15,0.03637385520809395,3.8217624345460596e-26,4.112785266756058e-7,1.089711640128006e-63,0.042492511061301516,8.172565578184915e-40,9.92796134846863e-107,0.05328082598151525,2.814056136970626e-93,3.0909866418846818e-83,0.019493188090910506,0.033760176162972805,0.006928813757477469,5.97594892382202e-81,6.964418034761893e-69,9.40948146468831e-128,3.192880513741856e-150,0.023933497089263067,3.582793196853601e-55,0.014457980670167564,0.022815071286216147,2.430391129731978e-125,7.463648027273236e-25,0.008014943138826846,2.6120620974167874e-18,4.121973999669024e-60,3.876007400812734e-55,1.3056635634439439e-17,9.205937928611692e-12,1.41927324379686e-57,0.007866839391059838,1.2632828849168058e-118,0.02163768002662806,0.043096997850815694,2.1897928223299015e-116,8.69746549579435e-70,6.695043819596687e-75,2.592248910685045e-23,7.14310592955677e-52,1.9597469530046685e-9,1.9076881102755288e-76,1.5947627168133625e-47,7.580062291678116e-101,0.07598830455769372,9.285695693329062e-70,9.127105496227495e-46,0.09969115928810732,1.0156550174960939e-64,0.021499903777698597,0.040665299334274,2.1123600853653832e-106,7.862393771266896e-14,8.490609379523526e-120,1.309230893224442e-91,3.379431972442109e-64,2.4682361863468587e-26,2.37098771527726e-42,1.4713579139101596e-40
1.4746477962648808e-280,7.859260699192658e-148,1.3796120712569717e-222,2.5110517716929927e-146,1.694304009174207e-153,0.014944146128705859,0.3449299286198379,0.10280289782740942,0.0031877488958668284,8.868601408695291e-63,2.4224440278652225e-80,0.0030069198404213187,0.007191606134366386,0.02037647770732993,0.006332389276018301,0.004597029112815464,0.009060207115846599,0.005154964351215661,0.0025149613005958694,0.005319055891824679,0.02083009288840646,0.029100549770241065,0.01987893720287671,0.009616114848836671,0.008621893607545,0.01913407470870603,0.003509486199787878,0.024884429508855114,0.025361313696898737,0.017693061722945366,0.017086589756856195,0.07031302751683839,0.008091037452986888,0.004588848637663195,0.020995776518354048,0.03313334892771703,0.01732228083963791,0.009849181807553859,0.01960477378911617,0.020235070975776856,0.013879610145069575,0.01549006516062613,0.008775831212772143,0.007232313473882832,2.90276666499286e-128,0.002955169144268297,0.006458866197266602,0.005596644938123808,2.7525874864810803e-84,0.0023678591951704327,9.47466489338019e-55,0.002506039111157017,1.0672553960000814e-83,0.0029609121811608064,6.204727702928553e-171,7.537187404628075e-109,2.513430600345341e-254,8.617727733917205e-178,5.65295752248166e-170,4.5446362825132086e-211,1.0740019664514714e-145,1.0213868350440614e-221,4.172713931786461e-182,9.440321424015388e-156,1.3459951619073466e-265,6.1633746182820695e-168,4.1956231852203583e-293,7.85263395040327e-132,1.390583677827287e-222,7.038649183462361e-215,7.67303899808128e-197,7.408105004805341e-103,2.550388131163621e-224,4.0699760357949305e-112,1.4470482644123354e-158,4.277998902019424e-250,4.866129808628454e-177,1.3601518276572954e-200,5.676374526535794e-182,0.0025084666606484843,3.9526407361807433e-203,1.5410410396325664e-219,7.746623625938781e-300,2.1312880908541015e-192,0.0,1.5787369094848674e-192,4.77999272137916e-57,3.5143280705411275e-199,1.783735647680457e-261,6.606324455284765e-249,5.566948266886673e-22,4.576376540824011e-277,3.5071050940772436e-127,3.6249779387175377e-181,5.539045951024193e-91,3.1398007777642515e-174,7.56757000817835e-104,4.122115826637838e-308,1.8112562613578056e-142,1.4204628444642801e-295
4.1400112765569082e-258,0.0,0.0,5.720468855830855e-277,2.6148077172249966e-307,2.7432976130441026e-108,1.7322266380057727e-23,0.016334976419795415,0.18970198758750995,0.02146266147386133,0.00617556566236454,3.564534283369914e-25,4.170821070282828e-15,0.009018047110509724,8.508890656591625e-6,0.01497317849355441,0.004061741633480593,0.02983018706866887,0.014537970078138047,0.04194591640960077,0.03944271166420112,0.09879689947993844,0.09095174703552242,0.09333672451469259,0.03791826706335992,0.015864030264775415,0.018315450810827676,1.7156429361488943e-9,0.00010565545845040287,1.0099157847450481e-20,7.808692503937626e-9,5.282603892210294e-25,4.568729055022869e-27,5.4563595172952846e-5,3.353326689785201e-26,0.02748419876788225,0.014151751317288264,0.07322545740696798,0.0451081157014558,0.018012982527537875,0.04472121242044409,0.0187960173105071,0.0048947117545193744,2.894878635347986e-10,2.0494844072930278e-7,0.0023584088227300857,6.67722219059546e-12,0.0014870642495920011,0.005054504855698223,1.4904694091898429e-22,9.264253775630655e-67,8.437195452282132e-67,2.666110380356816e-39,6.294351869776985e-92,1.5760933131919518e-32,2.117249345582782e-133,4.454761313397441e-160,6.110850153078589e-171,3.2628811835837783e-133,5.4818776995326556e-163,1.4159129665743523e-62,1.8918820152038617e-209,5.0808141604341015e-144,3.7304852739049024e-98,3.2083553063765324e-233,8.475507027851404e-247,1.5231540999961827e-252,1.5381568269224907e-247,6.62857027102477e-220,4.213977756425917e-209,7.730302733527182e-147,4.407227095521992e-188,4.705709249087319e-220,5.133696961911516e-159,5.372537378537742e-79,1.0e-323,1.157371230317383e-216,5.521522776280189e-86,4.342786702306176e-210,3.1463195891078164e-224,1.5018393051127246e-219,1.228045741133278e-172,6.503534466297271e-238,4.438512371493991e-278,8.84325e-318,5.939241013525622e-178,0.001868569381350311,2.4125289359551185e-165,3.1744899635248135e-254,3.746303e-317,8.916791191894404e-177,7.013147929583632e-236,1.066253664284666e-226,4.066057965416053e-140,1.754778060405457e-158,3.7370081009439837e-227,2.2720803374451545e-250,0.0,1.2597900339984512e-72,5.055117684409936e-292
2.1229473862504556e-88,5.614178249249269e-187,2.570442737729687e-291,1.2296822528044984e-286,8.727561636788129e-188,3.072096798593384e-193,2.334531050099392e-101,4.026611330870785e-17,5.6515071558046274e-161,9.504589831527178e-93,2.6206496582647685e-127,5.8776055032374566e-64,2.553841974132629e-77,3.996970626686155e-83,1.3778294361979944e-74,3.4586186571809795e-63,3.770857984512823e-85,1.1196465461180977e-50,9.648472386411241e-20,3.53231418022631e-121,7.710058435893952e-77,1.7191922015566197e-97,4.4436523282087405e-40,0.015851889252024194,4.186484554035502e-60,1.5486893832018596e-47,0.018626658062078597,0.4559917027764534,0.09483581393592873,4.50177990709429e-53,0.028934921950748697,3.099603131587186e-21,0.09623722519880705,6.647151450915771e-7,0.02487097374286372,4.0925045257512294e-94,8.602675614641389e-39,3.729891683045244e-136,0.01573232119393569,0.02046648834692167,0.02307763949267629,2.3234176184927604e-5,0.01852525226808017,3.2399896698548995e-78,6.471695511049542e-26,0.10239450794958484,7.468574868239263e-18,0.04920150520654817,6.140496831082451e-34,8.698543101503837e-29,3.5524961538935135e-99,7.754661960906326e-102,4.1615483149981535e-19,1.254575933930896e-32,5.48186997063777e-102,4.341223253701309e-39,8.781482405749228e-128,8.462514245239218e-121,4.496654198437038e-135,3.437240207202278e-158,9.446787678988972e-66,7.878186310428317e-145,1.3502937855643867e-102,2.5648518945098543e-181,7.271968831674768e-203,1.6148837737103267e-43,5.571991986337511e-99,5.849242857695815e-55,1.676205710928266e-52,1.1609257591164518e-157,6.331735466794933e-96,3.3608295432936785e-148,4.1814427409271235e-88,0.014797082890435919,1.1690886059478796e-97,4.0632062675665095e-128,0.020432118841582882,2.422285185380086e-117,9.306303693257864e-104,6.356891783250624e-174,4.5951876019161295e-49,1.4619593261153456e-111,1.7282530195393665e-172,2.9363110272896305e-23,5.4163470353873383e-157,1.6073266837244576e-103,9.087061833888332e-52,5.4748649359998204e-154,2.3604013876452886e-106,1.8726119241237342e-159,8.851962152451764e-73,5.6905938423329634e-139,5.229310554062181e-139,6.386546213723858e-151,1.0935999687325533e-125,2.2476569413492774e-161,2.6151563518038524e-109,9.707984713490204e-152,7.000631907795567e-139,1.602831168388742e-144
1.750172e-317,1.755117342990817e-128,9.892681796340275e-156,7.406381656718256e-148,3.556631803596799e-119,9.129021170823999e-130,6.679878395390958e-194,1.2364399885826016e-76,1.142591935352828e-61,6.498073882704427e-20,2.8671487779996487e-17,5.336606085954608e-86,0.04575028931777756,0.024742295273122026,0.03079134960034766,1.5837653650317155e-18,0.09782531542551985,0.04970718188197884,0.000485876081956773,0.1574826094079458,0.03529280355006165,0.17192039193837114,0.007364848859152378,1.4694537024180988e-30,0.06608351473050737,0.02653079012176746,7.279015669534268e-29,1.1925617800590105e-33,0.029225329287423617,0.062377651817780586,1.530864413522114e-29,2.1169864140864563e-22,4.863624715190712e-20,2.7283858898366157e-30,0.05840229397605469,7.811692012990322e-37,1.9851911158153276e-8,0.035352313584871606,0.0005270910688636018,1.0906215245231017e-39,0.08472775162629848,4.561055830230075e-28,9.795344206832147e-28,2.534330294858974e-27,1.0323289389297222e-6,1.9779082920823785e-45,1.9577907385336757e-52,0.009934670433299105,6.961935628776724e-86,6.495757935218301e-87,9.595704415416713e-66,4.6955287800903735e-149,3.335708506811907e-79,0.005474579831430495,1.627056081415869e-113,9.891631813325626e-102,6.648343670380696e-117,2.1397033627682847e-110,1.1617492194002708e-172,6.328107741583609e-100,1.0523039144852503e-33,1.085269922228616e-168,4.482126789012019e-156,4.0057114079677115e-174,7.370745712889251e-169,6.674596543796686e-141,2.809122552564124e-244,6.923079662252892e-104,1.3224260040485616e-189,2.0104601269021372e-140,6.503251394870564e-31,4.3783041332963603e-125,2.1584213369792864e-98,1.521489375373071e-221,1.3776688152624385e-193,1.9080097761375274e-118,1.0823207845401179e-96,5.186132159717576e-51,4.755610357365827e-152,1.729137403274637e-184,1.5390925387780525e-219,4.9619277231705755e-37,1.4337002464434077e-202,2.7967948305794187e-78,3.2617248951412083e-162,4.141217790223554e-125,8.347829847841283e-14,4.5355544509141555e-12,5.032794004095938e-149,3.9271116699050407e-202,3.638010015965756e-125,6.79764342688761e-91,3.7906559285853556e-113,7.019565992745996e-115,1.056203592101987e-245,2.4258506501199464e-217,3.1468705847902015e-216,9.4e-323,1.1238583485769128e-271,1.131468327584992e-182
0.0,0.0,0.0,0.0,0.0,0.0,0.0,0.0,0.0,0.0,0.0,0.0,0.0,0.0,0.0,1.404937936686776e-298,0.0,0.0,3.301855728002147e-271,3.3732887611425896e-258,0.0,0.0,0.0,0.0,5.600752138564994e-209,0.0,0.0,0.0,7.402034434673806e-76,0.0,2.7751370384809027e-306,7.389438683698976e-279,0.0,0.0,9.30536297729908e-134,1.1423818423062222e-39,3.6328517889710215e-252,2.062191987650787e-193,0.0,3.463208681915477e-294,2.1622999635537055e-261,4.1074461369476443e-147,1.1049338217019388e-258,0.0,1.0567261779527049e-226,7.26093991603288e-125,5.680538059885038e-81,4.877675126461641e-25,2.508049613108197e-114,9.513223697999369e-5,7.015340193435565e-48,3.438033377202585e-97,0.0014070757167338956,3.822155539445533e-97,4.981583038902451e-35,1.48394109432054e-7,0.0023598538012801276,8.528667981236519e-16,0.0074287094688663055,0.0003879594949441126,0.06694308022608696,0.08558188658955058,0.16628184610485555,0.2434968944315775,0.17457522047566743,0.1558757047322121,0.00349964917200368,0.03258404649661383,0.014788217771071517,0.008896175575620356,0.00021809458723498598,0.01287910319674787,2.7848488792155847e-6,0.007816277777046096,1.789241280861976e-17,6.5561849389829766e-18,4.393814743288737e-26,2.1057189103448523e-32,9.108012830278755e-15,1.7742326756291524e-82,0.00206641542139925,4.6147261651676944e-45,2.7680747674912606e-39,4.990771248448705e-68,8.08798383631634e-87,0.003414193508911067,7.94664842965324e-40,1.3937683608696842e-71,8.474717179454121e-103,5.812059148035893e-118,1.9911502819175267e-62,1.65188591272343e-76,0.005690200751432988,1.9871772361397108e-79,1.949168099751489e-8,0.0012872361371244329,0.002424073591359688,8.522551674226027e-89,4.959609651135872e-37,7.160738268755697e-129
0.0,0.0,0.0,1.7847666085188943e-243,3.232129878244673e-228,1.4017340546407818e-236,2.961804525913294e-235,1.0086186678358641e-153,1.7334036469144095e-119,1.0443329203050896e-207,0.0019053840569776192,1.044219828135378e-142,2.6664019490272944e-33,0.005260172784175468,0.36214465726346073,0.09806268035679142,0.009234457436714444,0.03151310812981146,0.013306193226265521,0.014617268105831997,0.016129760493530054,0.029876813507268105,0.056022843749064445,0.012794326433541225,0.01785605030852683,0.005098272404179922,0.0063833489182986095,5.39484427054167e-43,0.007373785295815865,0.004285947172385098,0.013174116290297595,0.016964354323445483,0.010142345388882677,0.016130096356774513,0.009744341207439547,0.01991086481564792,0.01525183363752004,0.02230754710670932,0.03913875029839341,0.041206542920027095,0.042792990748437995,0.011112536340491313,0.01052828088073282,0.020463263321867334,0.00480626247698326,0.010230667750501417,9.630896530759159e-80,0.00423013649320939,4.558046968506216e-85,7.126080852921694e-46,2.724717562684018e-117,4.3253734036768134e-249,3.3663139690572387e-174,9.959069718494161e-67,3.1092861943072525e-238,2.2142037814207176e-98,2.941804360684964e-241,5.512280569363e-150,9.658292700391605e-195,8.283703714871012e-150,6.978743212499131e-75,3.7751509133707185e-266,1.0500201625045355e-227,2.5103289233343936e-126,6.406429048370796e-253,8.411790575498369e-169,1.0201526606358105e-183,5.679150750077544e-198,1.7387423981208767e-192,3.534631713869579e-237,1.3914990901328928e-98,1.486015957557294e-200,1.9142890224148373e-222,1.4482384154049724e-112,6.712574837037661e-294,4.229539931875508e-217,6.777199695559365e-213,7.136711200221915e-258,3.958039638849134e-197,1.2405020278617852e-221,9.529235787371209e-273,2.680864173751932e-105,9.869350752388821e-270,2.356001714492361e-197,2.6151410163244487e-229,2.98735011029842e-159,2.960567178273481e-234,1.0296e-320,6.650173077352268e-190,1.1836182911921033e-273,3.90821345539209e-212,1.0006461963102316e-195,1.1145130994784661e-262,3.4000815940658585e-200,0.0,2.0648899146518186e-146,1.3739014099662503e-206,1.4265018553e-313,3.168225326353327e-230,1.7589750698001219e-293
4.194936562372597e-298,6.461189840506316e-267,4.1134152857716696e-280,8.445016039507857e-279,8.890913740733801e-181,3.220962434803594e-259,8.941270944581084e-205,2.117610329693573e-161,2.407488563675815e-96,7.310946526505399e-163,3.425044061929165e-131,4.3197164324505404e-173,4.621121112439605e-222,2.5436137597835828e-166,8.273815814644877e-52,9.970541490364595e-14,5.348686497052684e-97,1.956909260576075e-134,1.9514758630678759e-153,3.492307974887297e-135,3.258607150953558e-144,7.081267433151587e-135,1.7204432349644702e-160,4.8462642733730996e-120,1.4148228454819185e-114,6.3722084624838955e-124,1.9448645057016045e-103,4.5768571427253095e-150,8.199854388665942e-115,1.4118577168931948e-105,1.119897989197422e-95,0.0014939336583435657,6.888315740291785e-123,1.6405019882720693e-138,2.9905941293236124e-41,5.115076197724518e-92,1.4048683777824755e-99,4.5495721563542905e-71,2.63579617990772e-121,1.884759400429781e-41,1.1149082766207205e-8,2.2438554583540567e-16,1.0947698408090027e-70,6.315988393713671e-73,0.008681483336383187,0.12485385845094978,0.1782745283127343,0.1357597267130022,0.14285676624780347,0.11930082093148832,0.11758059120488328,0.07823574825856974,0.047930239492308575,0.01271365517504893,1.0871229945776359e-7,2.126793117934396e-6,4.1422499511225077e-8,5.555257683140055e-17,0.01442466478787624,3.0936720200656515e-35,1.9041952898886143e-5,1.553719114477737e-20,1.444034213150584e-39,4.3312087939206905e-63,3.4950110783046465e-37,5.822388330242637e-46,0.0005882555469431819,8.370896518207591e-30,4.410370570599804e-55,1.827548723248219e-36,2.622403973761054e-38,8.250041280983205e-48,3.385567737287096e-47,1.1163172041512938e-86,2.3132704834964416e-87,5.290748514060469e-41,3.868207719470751e-60,2.879280747216489e-130,0.005123211071438755,2.7712363343894794e-29,7.967428374142747e-39,2.0139985730615776e-11,5.654789618754652e-57,2.2924670005171007e-75,0.0020890314769971136,0.0021500223472741453,1.5090485587715828e-19,1.9384920695000397e-91,2.7952592327248384e-53,1.0538968063159835e-144,1.381043430674249e-91,0.0025728151968468895,3.0681094806242963e-49,3.92885464829109e-26,9.294800000500495e-9,6.219934658612966e-61,0.002196518870431626,1.4252926516406921e-90,0.003152789575738225,2.547896941836846e-40
5.0182309661358905e-203,1.3460289222858972e-125,5.704843199827705e-147,2.0782946340914186e-198,1.8221188987715333e-193,6.642702241658736e-143,5.055982738444838e-153,4.2015399290974596e-110,1.3625018164411576e-11,1.8614769913004924e-57,2.2160390139077866e-36,1.1032999618490997e-14,1.2816477396735638e-50,9.83370787724918e-27,1.0313353360644387e-43,5.530293249916352e-37,4.1592043415411046e-22,1.3413430224194704e-23,3.736855396362717e-21,4.150271996823226e-12,1.0085263263322097e-18,2.8443240122295774e-33,1.0061306742869695e-16,1.3200172400592302e-10,0.02897095641652723,3.1768193514331047e-18,0.11008621034398748,4.871152079031803e-39,2.08087716593959e-37,1.3384768276991391e-49,0.02608177213816029,0.0962979581843092,3.304897716402848e-34,0.27639627530067323,2.0632214257437997e-21,1.1839890615940871e-42,4.4584169389488803e-23,0.03470600721958644,1.1728121969323766e-48,5.563379721344205e-38,1.477232899038947e-19,0.2121361527123439,1.1628490765825726e-14,0.13029902745788222,6.931612299618376e-12,0.014680222711488907,6.08392934633378e-63,3.0158829247276614e-37,6.220075772327468e-97,5.006973688859207e-48,5.437633200399812e-92,2.1105379425846183e-90,0.010461708518792521,5.632537573869994e-53,1.4257778496106881e-68,1.0579650561438418e-87,1.4285713286610465e-102,5.482634216077297e-162,1.2269952821925008e-107,1.965169840670023e-49,2.7511333353634995e-68,7.541758803459531e-103,9.453020725157973e-91,6.845406885595434e-93,2.1510477460064674e-150,9.605671798616279e-72,3.848222314230804e-82,7.576217213584168e-80,3.243676912809563e-75,2.2421179825611912e-140,5.497861358557556e-56,1.746599655992374e-99,1.1737840957237645e-72,3.50904960358834e-136,3.09045919011686e-141,1.0268560196498992e-143,1.1434101443047718e-104,0.009846285970601295,7.415955395223784e-98,3.239732678077125e-79,1.2847727632646517e-119,3.8090900850714395e-73,1.8923309568352077e-44,2.1898096623680528e-92,6.951401770520505e-113,3.0489305919038477e-54,1.1542720961927224e-79,1.886709270338738e-121,7.1045710415619e-57,1.5903264124829106e-146,0.050037422868916055,4.0155229464152456e-74,1.1984901483906342e-85,2.6344488273376606e-66,4.64443080044474e-165,5.860896263157277e-76,4.978708907939008e-109,3.115949898741758e-151,6.4368989164318134e-111,1.7525890592833747e-86
5.888355423158143e-111,1.446311963152373e-66,5.517087769934938e-125,2.3235472328820142e-158,2.1022370570063509e-159,4.708189001663977e-112,1.6953642089300615e-89,9.348388702744124e-70,4.6379660989098476e-57,7.360914033425498e-121,2.742556274569355e-109,6.97306445596463e-80,1.0888257124672866e-52,4.627235568077141e-74,0.03927861216550083,7.784368561398068e-98,7.864291399177699e-43,1.126012293638392e-67,7.586113550572086e-74,3.5840842304930056e-84,2.1729298076193014e-40,9.475538155807286e-53,1.372237927376496e-69,2.3772168924007386e-36,1.76637733960316e-47,7.029677638227839e-44,1.1066485360943383e-90,6.4960418480103e-31,5.867663145633135e-71,0.061024445545656364,5.796257028784307e-39,1.3001242283781544e-61,2.102923353887602e-62,8.880668992541675e-65,1.2232605201253702e-57,9.906431962653929e-108,3.449033571005087e-42,7.605703704557892e-54,7.918607848062048e-121,1.9771454362406506e-71,3.89008515102276e-108,2.2748572392655063e-25,1.0196532202345574e-43,5.1022672447334235e-62,1.1150575021775922e-44,1.5913265408760606e-77,1.4665754537131523e-53,1.4157513675323313e-67,5.791924586550555e-94,2.9062097561398993e-34,2.3211802110512384e-102,1.1008900264793139e-66,1.12551729011109e-100,2.692339867955312e-59,3.950887256158659e-86,4.586517906809203e-47,1.185469286613582e-69,2.512287009452402e-89,1.0860040975491222e-96,1.9050842201677286e-74,3.531004464761905e-136,1.5413980748059802e-64,9.597843912923466e-75,1.4163658020788769e-99,5.83232559174692e-90,9.029871974476183e-191,4.627994623668063e-108,6.9538742364950365e-71,3.2050047780031213e-83,3.936458829420538e-53,1.1422406325692468e-103,0.026016913992195287,3.537888991867542e-92,1.2537594641219016e-61,1.3153452823627193e-47,1.8423286162340508e-106,2.1701220220669444e-94,3.0397718771422e-116,0.012116243355152292,2.1646336320915634e-52,2.4407952069606768e-164,0.0232833150452999,0.017766048658754398,0.09128050898628695,2.563101196182644e-93,0.06022859735417555,0.10969851471220936,0.10284459235700501,0.09550349209101774,0.17371477674414962,0.11222366178817195,0.03289288137959089,1.8947037105950625e-63,0.04212739582483393,4.1980131659414833e-119,1.2302583610118746e-77,3.877308469274065e-45,3.109283423647341e-79,1.510729619517291e-28,7.110644212744075e-91
0.0,5.375851247259037e-243,2.3336825536732847e-248,1.8039896425624707e-246,4.846896322045817e-283,3.6708e-319,0.0,2.4617913741128175e-241,4.6163058162522205e-91,3.6132712975158966e-174,4.009113559872042e-140,3.3699447413429565e-243,8.782571663122728e-157,9.919466794156676e-165,7.416806078257472e-122,3.9589025951086027e-94,2.1553811380722966e-103,6.2695975515618825e-164,2.0723159245461944e-117,3.696034709842885e-145,9.122853643139132e-149,1.0767794499744712e-104,5.94022748733761e-160,7.404931064867083e-95,4.833234199452077e-140,1.5801424184135484e-155,2.8784314847780004e-74,2.5345657383793325e-114,3.0804534605607e-164,8.006115999950474e-88,4.175564894059864e-69,5.798782743477708e-21,7.491923919388255e-128,5.65883253881345e-179,3.0672667267562236e-69,8.993934885611046e-107,3.2863827725991544e-113,3.2114353333148897e-121,1.2117086534741112e-152,3.6819148275601405e-65,2.273961114569083e-59,2.1230210429326796e-28,1.716581991355333e-90,2.731393427245073e-78,0.028432581113020473,0.008955291051573689,0.004923904430796958,8.565387746737025e-9,0.01005021691765335,0.03679855879889926,0.05954244898178366,0.08330937279637438,0.17659692893705237,0.11549003706218061,0.1525068680685522,0.08829212089394096,0.06261241612898623,0.07636145124078857,0.016369906208570154,0.02547172565873406,0.016867869948288212,0.0060545074838935535,7.230143706761044e-22,4.073898984652279e-65,1.3205793053052012e-16,0.0024366366095895653,0.004153649586923002,3.9061189532514037e-5,0.003017077406852946,1.477292854725443e-23,8.135992411063309e-25,3.353065550479477e-82,2.7139120432210965e-29,4.082337304997248e-56,2.766404996591016e-106,4.286200972816292e-43,5.451049942721147e-61,1.3774921334529528e-36,0.0029574389096617432,2.96471560501235e-57,1.0032546042668617e-53,0.004156828486377341,8.084434205696292e-66,5.7961633321434464e-30,8.589557966553497e-28,1.432119915397852e-52,3.270783397155157e-48,4.488128771823217e-96,5.7591442544580105e-99,1.7502681876763792e-116,1.0294006451464328e-21,3.2295032785477677e-43,3.725948840924956e-6,0.0033560569343455845,0.008286114314648896,0.0029571963267506925,1.5066088147247005e-19,3.6738060678648305e-56,1.5437938132752513e-38,2.4432926127859714e-62
3.040686329844313e-230,3.175089287037619e-283,5.867972887099972e-285,3.4395199115789387e-224,3.983849539798653e-108,0.017000510025856064,1.5670021433495618e-37,0.13025420311426336,1.3890822326545205e-9,1.720886975107733e-13,0.037239416136432654,0.062166580741772746,1.0099879823445696e-8,4.552050359810477e-57,0.05592623967598959,0.16209395796433762,9.047577618663324e-50,5.826311691732175e-46,0.07017068206973454,2.775100798002113e-29,0.007693340162633712,0.0015535447820625944,8.369220991588896e-24,2.5811922270875567e-62,0.01519162940885235,1.796540655071527e-24,0.02776039969569917,0.045325109461903546,0.07542674066422804,0.03286299109908589,0.04291694386613071,1.165484655441126e-16,0.10819719286229317,5.590392154039082e-25,1.964421363903221e-43,9.680283328535943e-23,9.799744324062194e-5,5.507545475988043e-12,1.1418521245508607e-17,0.0003731947760556791,0.010264664738109766,0.05932055257914844,6.976924818363594e-9,1.8751716978280303e-17,3.962938396633202e-71,1.30732826937297e-7,8.463361935430984e-28,2.0544158118936704e-16,2.0460007105850246e-79,0.022532419615115425,1.008883226044345e-87,2.881766963031739e-21,2.0291854656791464e-68,3.797400161725494e-73,2.900098529526871e-53,1.3179739600830037e-166,2.590261075193148e-110,6.700209727861285e-124,3.521026771932223e-151,9.250815521269369e-87,1.3755336875687581e-91,4.075440137643406e-206,4.162517802691647e-200,1.8332452026518311e-69,1.2023566347327786e-205,1.2141262146417036e-137,2.449090502813556e-224,2.4348511190507102e-82,0.01563153991266062,1.1188098849658557e-300,8.01017671106087e-160,2.4073984624640334e-188,2.3968231310148865e-153,1.1525142060919907e-204,3.4629157807198225e-128,1.1439609360121486e-239,8.724866570736159e-203,7.292469338402326e-130,5.134085802653595e-159,4.247124628572428e-175,1.806815352754661e-293,2.9660949905864652e-33,2.6712314851178397e-217,6.793082089525265e-192,8.359564387704237e-267,4.4431955784555836e-114,3.930949439521327e-116,5.396873999462026e-59,2.2011285134480427e-107,2.940920467016023e-183,1.8958871050804808e-88,7.560575552664766e-191,2.2623280506334694e-160,3.430519063243359e-52,3.1527547758017612e-59,1.4416601467710628e-51,1.0958283752759657e-173,4.5314830113831774e-285,4.8771787976123585e-32,1.1709837124875255e-233
0.0,0.0,0.0,0.0,0.0,0.0,0.0,6.475185541365812e-308,0.0,0.0,0.0,0.0,0.0,0.0,1.2149367705784949e-229,1.4244487819843205e-299,1.2188818534328699e-237,0.0,0.0,0.0,0.0,0.0,1.1083897518572944e-227,0.0,5.5002025322412295e-307,1.3289421065797192e-223,0.0,0.0,0.0,0.0,1.4571490581620978e-123,5.791019181409132e-214,0.0,6.030265454883774e-208,0.0,3.5488290766734218e-208,0.0,0.0,5.2752914872640637e-191,0.0,5.175375646000791e-234,4.51770189124885e-282,0.0,0.0,0.0,5.6835342853530666e-257,3.7e-322,3.6977655831856198e-177,2.9930575166196233e-230,8.798687029958657e-267,1.6135646739495665e-194,2.0785274203305299e-159,1.2212736462761801e-260,6.104842510221323e-234,5.103509008982081e-68,2.754682742593559e-193,1.8617809831874416e-189,3.914906576832799e-190,1.6044108753853846e-179,3.934634035082919e-75,5.027471427798423e-136,1.180361541520952e-83,1.7127022327734171e-91,7.423360289755923e-61,0.0017906301954445372,1.6051349009035914e-14,2.0085193946635263e-8,2.2820445209464442e-12,0.001957732134504667,0.021546269675547743,0.027931949032760126,0.002603399787312968,3.7623669937910968e-6,6.49160751206315e-8,0.0014428516622931524,1.2157374204147473e-5,0.1346550499157242,0.17398388125901065,0.2853994317790277,0.22183466092617948,0.05384709647591853,0.03763950636911157,0.01916072258835214,1.7812659828629977e-34,9.089132984675146e-69,0.0021791028757930076,4.934915939992711e-43,1.3457277259736778e-25,5.5862316590901065e-36,1.8485028479402938e-32,2.636051261150631e-47,1.1824489021479322e-81,5.378125106719391e-23,3.0974601951520993e-6,1.9252993766994543e-10,0.0035224251269093216,0.004464100076681688,6.908227595103906e-45,0.0060220877219381574,2.4093953732039537e-112
1.0801221113988339e-278,0.050547970870745355,0.2487578719899073,0.17895495390305555,0.024885231814563574,0.010042572675526181,0.01352923724935114,0.007549903189691335,0.00365090563924136,0.007570636310637049,0.007906434835404834,0.005654874429569487,0.006510681780814863,0.005587596243880008,0.0020786578418671253,0.006643242637360989,0.00882179840430237,0.006950806859557398,0.007610597238970009,0.007870960120795965,0.009846010327274701,0.019975787208539705,0.01969643504661191,0.01554986361100103,0.009351373244821432,0.014354617255237716,0.0215959825530022,0.015876407485632495,0.010630032666645601,0.018129405342546662,0.01634500943009074,0.021834075979906848,0.05945568357014021,0.043881724548248124,0.021722743295554865,0.011960474105958048,0.010799703368738074,0.0057541116012188465,0.010245675630401678,0.010424957791739138,0.007823822071226961,0.0006682118629574006,0.0010380118565358962,3.717844226061048e-7,0.0015366115422866362,0.0010404482124270623,0.0010562677599922257,0.0030915405501579104,0.0005356697191831998,0.0005246976771895766,1.3454960819752748e-105,0.0010354596045296263,0.001001827928803479,3.077362240925184e-156,1.6067332389844802e-290,9.129740932545717e-149,1.5718151956277377e-176,1.0655843711321897e-168,0.0,1.592099504271887e-283,1.905962491681617e-294,0.000526807620639365,5.04135e-319,2.133254567115847e-151,0.0,0.0,0.0,0.0005187753774298475,1.498304453184593e-275,9.505957933993953e-253,1.6294904655274771e-118,2.964124923209924e-181,0.00052749795323237,5.09e-320,4.2827775703699396e-89,4.9127831254e-314,1.0252737773227744e-287,6.275816752691104e-185,2.1074586342641354e-161,0.0,6.952491764313252e-248,4.933540031154895e-250,0.0,3.735606633104839e-278,0.0005189703804340358,1.8277201744861076e-72,3.926155900814411e-169,4.9e-320,1.31683557081552e-230,1.4432336794168702e-209,6.862903224907017e-272,3.744895352619826e-277,5.867482182410145e-133,0.0,0.0,0.0,2.5178631452958353e-146,0.0,7.032880250455888e-223,0.0
1.2756385723717365e-263,1.5495787977956088e-264,9.229945024134738e-213,2.499987702372122e-296,1.654399239427172e-98,7.901180582787991e-142,1.8952331005520153e-208,3.0024821168314197e-209,1.1576238107007038e-161,3.5797357267537227e-149,5.0368342850548535e-163,6.174018763034434e-155,2.7047023527423604e-239,2.2431135139363547e-169,1.4432548971395663e-88,4.837695684868741e-106,3.653042004046564e-103,2.04424289448532e-83,6.002490080354708e-126,2.8366132227593867e-92,2.6000735675605016e-129,1.3077364263704026e-70,2.213083201580709e-171,1.1828233272926731e-113,7.064184981999626e-117,1.7593248039929366e-178,2.615635233638756e-19,2.467094203736679e-147,5.160566742832759e-92,1.7646671645753348e-113,8.228989024459043e-44,3.287873448669563e-17,4.324362260328196e-58,1.5463082082574797e-102,0.0024210906256071315,1.2316773493192013e-59,5.940841906675925e-65,7.451953592935784e-51,7.906885849195616e-114,2.6483590742588378e-99,7.522914850258282e-89,1.1259509486336928e-14,0.0018767826173655626,2.211244256399144e-68,1.563889386514588e-30,0.0037235292467333856,2.3675433031199114e-22,0.0350468337874692,3.013221923387851e-21,7.5706496448972485e-6,0.005693096403329841,0.0007010369628887628,0.12297000064529008,7.62754496704284e-8,0.12933614707346117,0.344366657031855,0.22158859498752154,0.06513094238632351,0.0014083550795198812,0.008770746408145392,3.0065462456993447e-9,0.00017191380163321594,0.0013251210968575197,0.02632695106430088,0.00011661430734783276,4.104572740110607e-5,3.3926811660162096e-13,0.01571573158377035,2.1383696935754825e-23,1.157804188926103e-5,0.01042074357110002,3.174472574422917e-28,2.4868019040829978e-5,6.064245373865808e-57,1.1114638804514573e-9,3.747501899772858e-8,0.0024194953480058674,6.739872792456232e-30,7.355415422992227e-25,2.0259956030903364e-24,1.278692590004015e-20,6.2732735633111695e-27,2.424415915661455e-16,7.950297113626189e-12,0.0003829203334110742,1.7211080832690405e-40,1.389258994698565e-12,9.112956254050696e-25,3.105844952978602e-24,1.874497028631445e-56,5.685325468986539e-9,8.310087243488988e-52,1.5063380639803184e-6,3.2985281570049852e-9,2.199869485455475e-18,6.159012960319912e-44,1.1695292674659427e-19,1.8783715177452694e-26,8.438115252447852e-45,7.35744148254159e-79
0.0,0.0,0.0,0.0,0.0,0.0,0.0,0.0,0.0,0.0,0.0,0.0,0.0,0.0,0.0,0.0,0.0,0.0,0.0,0.0,0.0,1.470811115467e-312,0.0,2.3717983255560077e-235,3.357493516922213e-282,3.16210231876417e-256,0.0,1.076366192447127e-279,0.0,0.0,7.8919275e-317,0.0,0.0,9.21e-321,0.0,0.0,0.0,0.0,0.0,0.0,2.984845804090113e-114,0.0,0.0,0.0,0.0,7.5350914e-316,1.732003624646546e-89,0.0,6.570772045836648e-238,1.5493658248138828e-188,9.854664329622303e-213,1.0507493573603758e-226,1.6691827299690844e-212,2.4927503780991222e-232,8.590122321216836e-245,6.108480789980849e-160,3.615961297270856e-179,5.891906826565815e-164,1.3782451505855834e-209,2.439573304766197e-242,2.0903991151815166e-191,8.176782232870555e-160,3.5800688094902636e-195,7.828338086687075e-207,4.6335306774070843e-197,3.606733182844273e-163,2.80783960494822e-104,8.262040436415161e-134,2.6115439116360206e-176,1.713637806424075e-153,2.5424788123483114e-103,1.413717811604524e-116,2.1580810685534727e-146,9.796145652755294e-112,6.513057465200008e-110,1.1605573430898153e-77,2.6068090474550177e-112,3.757241498839156e-118,0.0014953345690206519,0.0015520712958650017,4.802375649091356e-37,1.0487540477868892e-67,5.01115804165229e-92,3.622799446288829e-69,6.303897751230389e-58,5.174245673527568e-52,3.3707565611501445e-44,0.0040280468079481975,0.01606813679782205,0.17029055076540506,0.36292889921809357,0.30780979874027004,0.11878654740499768,0.013212040520011209,0.00029192414331999085,1.9494451374134766e-11,0.0035366497177522116,7.735208280913359e-53,2.8873491328408745e-38,7.742498084607867e-71
0.0,4.5621409071434795e-250,3.857652845218e-311,3.7041791179669396e-184,1.8080279853601626e-209,1.8143142140966338e-238,9.332095600100803e-241,2.3389453151281396e-87,1.4919922212290007e-32,5.167561270948688e-5,0.13643393571427487,0.17877456703111994,7.750016576221041e-6,0.02849303880074488,2.639003704066145e-7,0.016733971135599553,5.076656426395582e-6,0.006333792949965271,9.517652223607607e-9,0.004871680223687446,0.009877641394776801,0.021346455541779764,0.001453761846278907,0.10855660417716226,0.03284657174922243,0.032254379689956404,0.045024894786142626,0.05695208830433007,0.0533608096676296,0.07494477110052612,0.03897208978759474,2.7718388191208032e-14,2.2683849322781604e-15,0.032262442931896104,2.1168534404727027e-22,0.013280961029450141,0.009184689228853604,5.214196185907854e-5,1.1203763806875794e-16,0.032167149426501236,0.01561309090103874,2.4873013732404826e-10,2.3698815767499587e-29,0.003943329761708533,3.1463482690319445e-11,0.01473368195875031,0.019912893967121786,0.001758631753495956,1.6931869425476379e-68,8.631180127300347e-5,0.00970884539330135,1.576329985689753e-89,1.5827951133097296e-105,7.53947754967476e-53,2.0599293114631448e-32,2.679431481147458e-128,6.8698291786055094e-158,1.858563318370171e-105,2.212852746703797e-70,8.156547986928193e-123,3.46848548780808e-192,5.4968036205594714e-222,1.3982130354923111e-208,3.26338662950139e-77,2.072045403343215e-217,1.6433815103673168e-200,8.008142318416654e-220,2.6364860481148834e-143,3.747445701422478e-176,1.8187431680221943e-113,2.4777713862832597e-109,9.779180398924001e-216,1.1196729021287326e-148,1.6467828796046415e-243,2.9087589204529687e-38,1.0058701342940937e-215,1.3741341795533112e-149,1.9439846515715613e-169,7.542225777149213e-284,1.0105435352321157e-120,3.212228374161999e-216,2.188133369927551e-187,6.218080570990906e-137,4.964473461603385e-191,7.457210847970576e-280,2.697420524146603e-221,6.263609862000956e-128,1.8250608843868907e-42,6.353621375701582e-254,1.3060508404823318e-257,1.3259710835912453e-157,9.636688804462009e-225,1.6769168485857038e-204,9.715038683450043e-229,1.802803964376088e-178,6.676866420738728e-300,2.0943604177399137e-164,9.828038243388225e-114,2.0107218111942592e-130,3.440444217540217e-141
0.0,0.0,0.0,0.0,0.0,0.0,0.0,0.0,0.0,0.0,0.0,0.0,0.0,0.0,0.0,6.125723907519148e-303,0.0,0.0,0.0,3.082061808390094e-250,0.0,1.1237770742230113e-306,0.0,0.0,0.0,0.0,3.224177037639289e-243,1.0028432114837485e-286,3.2147529646072256e-304,0.0,1.652648872551203e-252,2.674055917665865e-257,5.029521796779005e-261,3.872185185e-314,3.703938823730564e-215,2.25487e-319,1.0544757225e-314,5.543281835862544e-261,0.0,1.0430496e-316,4.806558577884127e-286,5.055489083130957e-163,5.8610154419091885e-300,3.857114975867715e-263,4.611240012456632e-145,3.0625238150058264e-172,1.2943502557484125e-102,3.740953593257724e-102,2.9728067195266964e-189,2.50768638169665e-149,7.492919617454463e-160,6.806015128263685e-112,2.598134170705911e-134,3.1280686660717503e-108,6.524048082783675e-65,2.7609033958524107e-94,1.1637524787470386e-123,1.4383265877662893e-130,2.9445746570025453e-84,1.473864272074292e-51,5.038885167418485e-95,3.9006942516508066e-84,1.720547072368143e-60,2.5096933055276763e-52,0.0068507901083691486,0.012323202654077374,3.3999107308196917e-19,8.016117185510882e-10,0.011791637673690307,0.040912500358940056,0.003859071011482346,0.07348038627244878,0.18985626976080522,0.2069646973350028,0.21776645380106627,0.10942571816509171,0.030040695999498664,0.04664754283414363,1.5061116097343477e-9,4.380952869308664e-5,0.01300424309431151,2.62060619829597e-15,4.44108095545449e-20,1.5542851542974044e-49,9.525833387383884e-83,1.1238838112687153e-35,0.0046707668187750215,1.23291310783472e-55,0.007275047848524576,0.019163947570070075,0.002942722863157218,1.3177638492933022e-112,3.3681938301494015e-18,3.2342762350947746e-47,1.6136884744642444e-20,0.002980493994126528,4.815735679681036e-47,1.7117418165455376e-67,7.595985976713542e-74,4.058915563889603e-111
3.721696552022582e-226,6.913218157731632e-266,8.113569694419542e-240,1.1552730635528896e-158,4.126776963627824e-166,2.1320335125777912e-141,3.9821497955984765e-133,2.0702258616588264e-111,2.6907184724812264e-123,6.170691710313906e-114,6.161533925379637e-94,7.671014832247624e-38,3.700563008661835e-64,1.1014104128550354e-120,3.001608778528617e-64,5.148854759574905e-58,3.113849837450616e-79,1.3117233528874486e-54,9.49439858429214e-124,4.905761261322188e-80,7.0870170759298465e-87,7.392377055699242e-83,2.283228623191433e-55,8.870805475651422e-47,1.2175052677275341e-97,6.45460367447604e-77,4.691836337776589e-47,3.822726478175977e-49,1.9000711546090478e-44,0.029184178609022598,1.4773569476012835e-42,0.06453812794373967,1.8729707469986648e-45,3.408525743855648e-112,1.8549276603392553e-33,2.2262886844693103e-97,0.09045556460445826,3.9718835247957457e-35,1.306386933476299e-54,0.06363416924862283,0.08260798113988993,1.235259826208823e-63,0.014703081081446369,5.135395151076023e-33,0.041518912591116966,0.1591983870985707,2.184940123802917e-58,1.1609675986288211e-45,0.047101183224529865,0.019432307936737704,9.62358332573884e-50,0.010456244978670023,2.9985630650553616e-51,1.2566584516044873e-37,1.4361560353332787e-68,0.10988144445293893,1.097157016892063e-81,2.1097351949720234e-95,2.1697010551830217e-114,0.01187346892128273,1.4130301590316738e-85,1.5064224744373593e-96,5.697686019368438e-118,4.674047246022243e-110,3.875795192072466e-101,0.01929728792438744,1.6600505134376046e-60,8.816924814262626e-78,0.013534711365394057,2.285530735077269e-95,4.729843150452006e-36,3.2106724698386755e-80,1.7604049692409062e-40,1.1416582914324309e-57,1.5427883311542153e-23,4.1612093172413966e-45,1.1910448250067572e-58,1.679575609804852e-65,0.025795304985283287,1.355842022443648e-25,0.08349556064449437,4.093984966414812e-27,3.475545621484219e-128,5.316668223452507e-93,1.423189944964846e-102,1.0724729431544104e-97,8.445348841258368e-33,2.0593582438373823e-84,1.920787718202154e-81,4.003294332320484e-109,9.073260001509148e-80,9.894963770102807e-80,2.408843651783037e-71,1.2566130892136249e-64,5.03235940113666e-90,3.5350760607714457e-44,1.2685091837975299e-124,2.005831933212336e-156,0.07577471918688794,0.03751736406252623
1.4032227804227e-311,7.06585481969408e-287,5.4857148735973914e-264,6.873816230552637e-290,2.6877557483096263e-165,4.387756223287555e-114,2.1296584487618636e-27,2.637104033463053e-41,2.827700406855652e-38,7.113052758111725e-41,2.34790227808286e-55,1.8124408436684484e-52,2.5764469335350863e-51,3.179190737594861e-23,1.2044438153325982e-27,4.5500010257662766e-14,2.56673380230135e-47,6.4142286090363035e-9,2.1014227181059435e-5,2.558267044113956e-56,1.0799512186042879e-32,1.2981056015264619e-58,3.0774185557920917e-53,3.1621204301369657e-75,3.0165589271692317e-42,0.00497486213443192,4.974395257329906e-29,1.4507921124612443e-51,0.0003337696004969642,9.732787451457147e-22,5.444392998844422e-32,2.72787206775726e-6,9.643107023714518e-36,0.04599823533597148,0.0960536906059091,0.06702878012484059,0.18311499455187433,0.08997065188804518,0.179621432777974,0.13742526380613115,0.039780255954014146,0.061979488466951,0.035325023652726065,0.042344268953363844,7.576281625155389e-51,2.1783413894752455e-26,2.0842793216116847e-51,0.011240412364927422,6.237308550957739e-52,6.087248598796883e-28,1.5755346425882393e-97,6.73474913036338e-106,0.0047851210997727905,1.6903326968895323e-10,2.0081194822732253e-77,6.879532165901773e-102,3.2009125055009726e-149,2.3393561758544853e-114,1.2574663248462178e-63,1.8769808526217073e-82,6.6884005090623695e-80,5.095065531534587e-164,1.0763823970855188e-140,6.188364254297555e-147,4.3823188976692056e-183,1.7834290607488376e-120,6.933549724110932e-163,2.5004790587707243e-96,1.4297253856111055e-134,7.129711618708342e-170,1.3877040734100036e-14,6.499382482892006e-94,1.6902838761378204e-173,2.2646162850434722e-175,9.675392267475318e-151,2.1204634462547376e-130,8.08358039273425e-176,2.2569499716637677e-55,1.1068907968504487e-32,7.362337873853695e-132,1.2049259574585113e-222,4.5705552925535874e-116,5.667575295987095e-200,1.9898025800256565e-102,3.8977676842298753e-197,1.1540557230624516e-154,1.863264175448976e-133,7.417843724033537e-157,1.1426679033530697e-103,1.6973719654124497e-180,2.9731569358107358e-164,1.8589665057054532e-152,4.039194770267742e-181,3.2564000522887287e-52,2.377738311122259e-182,1.3086891564676142e-149,2.940522721395306e-160,6.127263287559413e-256,4.162197195490836e-147,5.962305467862247e-216
0.0,8.71638557e-314,2.1996443016854323e-285,2.459607595924066e-253,0.0,5.872444171262696e-229,1.0570732415819752e-229,2.0680391402637427e-194,4.209584816608846e-65,3.4445321693577367e-76,0.06587394185616995,0.2617093051680907,0.18273091867527622,0.005688968641084369,0.015907483152233285,0.00929628837020453,0.015102844429585786,0.009277742180741254,0.004134013644290915,0.01490003360633436,0.006450273501354011,0.004250913440780444,0.02286802557328375,0.01392682099340046,0.002792625223527245,0.014157259172664376,0.02799736879579792,0.0035034794031793305,0.019689801549944447,0.006605238233297101,0.03813421988318477,1.6260581676190124e-17,0.012521231807140484,0.005076454257427112,0.0026534635709211762,0.015960873024058204,0.03794339891105971,0.06188166454816978,0.05157942574204555,0.002458709695042014,0.0025488410489740996,0.007804798850831395,0.028965877623555562,0.009508925085091456,1.7467172878860418e-97,0.004205685924773629,0.002627306732294305,0.0025270508123299983,0.0022610574854888756,3.786831933479379e-61,8.547550017067819e-145,1.512894917893081e-108,1.538409785293467e-127,2.025793956383738e-94,3.248580418310169e-123,4.31526202239922e-127,4.556572953298864e-263,2.9162730839897447e-155,2.0009352879098413e-210,4.7544226537824573e-135,0.0022222487248222513,1.3202259234585462e-193,7.097330946153386e-252,1.7853075523445745e-234,1.0006867187840126e-226,9.309750845141787e-208,1.5914054592693843e-245,1.6051194163182162e-242,8.155842288790678e-194,4.0295360517435564e-224,1.798142174604649e-154,3.132654785435077e-143,7.0651673845937295e-149,4.674289817451862e-208,8.213334656554343e-175,5.201424841114073e-165,1.8900786726790974e-249,1.480881800389729e-216,2.479442209151969e-230,2.1125443212336807e-186,3.11420375708343e-287,2.0916614962378012e-162,1.4091707288222414e-126,8.330569959183059e-222,5.281402943397876e-243,1.676969570644671e-112,1.9742897773355164e-194,8.566841483972179e-171,4.696531582296803e-244,0.0022554206615495206,9.402069591909677e-165,1.1246634095092137e-144,1.851342088053958e-164,5.522391817438892e-262,1.2094860626772356e-256,3.2342240829833186e-306,4.138974695925676e-214,0.0,8.098655617261094e-244,3.2198397519706447e-293
3.72148260823143e-5,1.1184796653495224e-52,0.005214354166902669,0.0013166243377871643,0.0030133118668579915,2.9698764593769017e-83,3.92191082818093e-39,0.003560239363017353,0.006215017113814562,0.004214609822142914,0.0028479257214130502,8.656704461264198e-54,3.4638773500321914e-93,0.0018750840282625873,4.521466396663959e-35,5.970016069653132e-20,0.0043238168528802945,0.0047380394582131665,0.005136738879817045,1.4702651129246238e-33,0.004179474482269322,0.0015783102450615928,0.005987010280945344,0.007589884438109608,0.0029186552681131623,0.006653321834939969,0.004285263312267891,4.829692086951705e-25,0.009992354538305045,0.009560865082768743,0.006472179180513571,0.030194983784576794,0.03589890838347049,0.033335241515308325,0.013117286634834262,0.011981176946400975,0.01516156867862194,0.014843087823833175,0.012145592685403049,0.009215758200867022,0.02751324113202095,0.017466015488711836,0.020778447604092455,0.03447583830372402,0.0502197401958253,0.03961010693337407,0.04550429228976398,0.07851390465603685,0.032699160866015646,0.05429896814912827,0.05905054232439797,0.03098885750420004,0.04687676880240255,0.03218687098184202,0.03749011938689638,0.019737077199943904,0.029395344343179194,0.011882077171908702,0.004459468537185907,0.010682870968969999,0.008942244939843585,0.008532464572840516,0.01196270164835238,0.006533379683860221,5.076129932762015e-54,1.240002996114334e-125,1.5821940085142636e-93,2.230719142353165e-105,2.403623817625875e-208,1.9029839322327102e-100,4.4842440201853246e-101,2.1834024972904272e-117,1.5813567274459216e-186,0.0012908252998862593,1.1488916740507165e-170,0.0013047712617955513,1.834399838317297e-197,4.9386994397702185e-207,5.196160813378853e-172,8.631150478379646e-179,5.674251352340285e-149,1.3495444792955125e-200,2.238221628845526e-224,6.988719871271201e-90,7.302809138233246e-273,2.680029105806236e-212,5.646728489699365e-83,4.821740648671137e-224,1.0614919702024065e-229,7.942561673006328e-213,9.63372230531353e-112,2.8582209414010037e-80,5.036581484096844e-139,1.6440255613417062e-177,2.2679051782970973e-212,4.7623384248501676e-268,4.3438751716380877e-138,5.167163854418456e-305,1.5699855457056018e-116,7.722443102319533e-255
4.729949198461282e-232,0.0,2.112320367469224e-307,0.0,3.8495083232342315e-242,2.9913572139790494e-198,4.346750271298e-311,5.67278665857719e-210,3.7843916887029634e-161,7.500004247858606e-231,9.97267435e-315,1.2431384353906182e-172,2.565350682743404e-153,2.920860932583231e-209,2.252391010617126e-126,1.7046685160043137e-96,3.4571701044630696e-207,3.659001888359008e-188,1.107344254529411e-214,1.54512334969433e-172,6.969499181756041e-196,5.21610264710399e-118,1.4067150322589269e-167,7.376401438909092e-131,3.4710410188638715e-109,1.0803108799413245e-173,1.0437097039627445e-37,3.801812184833949e-191,9.40004632977871e-16,4.2909984695228926e-183,8.111545247549854e-100,2.8212132893666204e-88,1.713264040072558e-106,2.5943895640189835e-129,5.521655822594916e-9,5.874696825079253e-38,0.0014559861816811899,3.836831148354324e-66,1.4630227519964275e-122,1.0036787279224818e-135,1.4346913317625973e-118,0.0018779477787273316,1.206435868948528e-49,1.8680254661806155e-86,3.22465847151761e-61,1.6390978534257976e-6,0.00486153376071197,1.125616113333038e-12,2.1545609460225837e-15,9.872386109733975e-7,0.022159740481940155,0.03105316263388085,0.003998205329673597,0.06330208110313816,0.0956681778068285,0.042938572349169,0.06535076389869089,0.00019967579617669542,0.16305853405394471,0.02527893987645082,0.00458622267570155,0.05729221529209466,0.011804116492371097,0.134584687133769,0.12298822074870465,0.06293713941156764,0.05704913584829672,2.774480705400785e-6,6.460573641013773e-8,0.005640031157532195,2.0403772518496355e-12,1.666699539863671e-14,0.0019730767863619754,2.610087870044619e-53,0.0024785337541793273,0.0029759538059448377,1.9746080204851979e-13,3.546634485465839e-33,3.220328576447685e-39,0.0034952569057765674,0.0015462979985793653,0.0025390527976227985,1.2194773708939495e-20,2.9877712725601256e-9,0.0038958847923249297,7.684914973426098e-50,1.9596677293889107e-51,0.0025784174750414506,7.646466083058052e-45,5.94386557949266e-49,2.4566885891657307e-7,4.334137840334962e-59,6.565066156980501e-18,5.385746496590182e-5,7.427449762369655e-25,1.760796880188874e-69,3.3045495446323204e-27,0.00037285873603167094,6.754449825980542e-11,7.78879055427281e-67
4.6929276071940894e-262,0.0,3.0132210011002668e-251,1.5311179307512712e-295,1.0244734115267987e-231,1.8883721547548238e-286,2.6323073587e-314,7.117806620706751e-174,8.04743216172993e-192,3.508914997073291e-170,9.56102144944774e-224,3.0021413794489313e-234,7.318056624475233e-190,5.478002420971172e-179,3.260200543719769e-144,2.3250985756501716e-38,8.174047969849716e-73,1.981439373565037e-137,1.1470757153170642e-110,1.0206514309679558e-100,7.216184856877249e-175,3.661617505190729e-55,7.045963120852392e-40,6.237700765168192e-167,7.219718994368272e-151,4.4094434409205655e-143,0.001138465854037206,5.7910719351174506e-167,2.8324082295514684e-143,1.1604053850412578e-124,1.2397535983011899e-118,1.5891376714339527e-74,3.834568977670786e-120,2.354247150167014e-143,1.4603125420938268e-51,3.364090377653784e-128,7.091833840003267e-127,1.819121180771031e-102,1.2575973025664044e-153,3.341718561535231e-58,0.002485766322876075,7.112549497505632e-56,1.2286222292782072e-62,3.1907988591961207e-78,0.028400886830422693,0.07679607806462954,0.12107680685388493,0.11463194359865372,0.14277879401934446,0.2281455967337093,0.12495398486593222,0.07939464817369042,0.02912480943201212,0.00010359132747214866,0.01266418400088907,1.0784910872074896e-18,7.066825369237405e-16,1.530198765601611e-7,6.272068102147555e-16,3.912804503904477e-21,4.601959898162099e-13,2.384719253051383e-35,8.166817287255286e-26,2.859353230002486e-53,0.009358368069725021,5.721386848825254e-18,1.2879020272806538e-17,0.005750507303876771,5.825121634870953e-97,3.446527368706627e-55,1.6414176388085593e-44,1.0971878956890635e-81,1.9773136421229224e-53,4.162059407682244e-119,2.1601985879650623e-44,2.543269244390005e-8,0.005546369003600733,2.6701297460790534e-122,1.0782032296936344e-39,0.005518702114329375,0.0030468368351574218,0.0027449893260130917,3.613938169526252e-36,5.675117577194978e-60,6.421816518967387e-92,1.1861390557850759e-42,3.587730466161463e-81,2.4465477876267437e-74,6.255670918747926e-92,2.6790357492942526e-138,0.0006032146175904521,2.2558335785561953e-5,5.113458384248001e-39,4.352144764099891e-13,4.1104457452464265e-20,3.2274069275700076e-48,0.005712719862638369,5.036723529755306e-88,2.634981875193705e-13,3.2574856337454873e-78
0.0,0.0,0.0,0.0,0.0,0.0,0.0,0.0,0.0,0.0,0.0,0.0,0.0,0.0,2.494901374858769e-283,0.0,0.0,0.0,1.470159825013319e-230,0.0,0.0,0.0,0.0,0.0,3.6e-322,1.927277131672827e-145,0.0,1.5031106969113323e-157,5.811978117941346e-246,5.5464515969961417e-210,6.366639901752841e-286,9.31293705398815e-283,0.0,1.8362258996187384e-264,0.0,3.4e-322,0.0,0.0,0.0,0.0,2.5858390070863043e-115,7.0648353674548e-214,1.7598233170867782e-255,1.1724660810237352e-297,2.340447836019248e-280,3.51991428767735e-211,1.155537230581079e-239,1.3912771379572573e-243,3.709367668135434e-99,9.443161000088985e-162,9.019277745324076e-169,7.667054793907411e-145,9.709957085111166e-185,5.979501875811283e-100,1.7490761271349534e-161,1.2457347696886603e-212,0.00010936298407417648,1.073644633184925e-134,4.877658536612149e-133,1.165038532249216e-122,4.097921941513463e-102,3.137892930507278e-118,1.3557529216088083e-118,3.092553996001911e-116,2.01518116629161e-111,1.5302182832943636e-67,1.5236644303376064e-116,2.3865175640458373e-63,3.868239778230825e-46,3.441148675919349e-81,1.5140063433377368e-50,2.1671673703976984e-49,8.430955507190548e-66,5.357491965319843e-31,0.0005856380854000659,0.0025802810933984073,1.6433844644530617e-9,4.218125613019801e-27,1.64494392946211e-6,7.892732897421303e-31,0.0010676256807217194,0.02926477787804757,0.10209486061148243,0.15466650268345958,0.2409581636485377,0.27339413467511403,0.12793985849104794,0.04447583671721637,0.00012476613763644784,0.001343519452255889,0.0008566070385749022,0.0020886198982389545,0.004460648056734541,0.0035360726061457255,5.671290334962728e-43,0.0051063199301994155,0.0017010242635785357,0.002604389574433876,2.7953521363904064e-24,0.0010393439063879526
3.0773604782497066e-169,3.385725305514607e-216,3.0331562480290883e-278,2.2183408920856217e-246,3.006292299073708e-156,2.301059027473295e-202,2.0555230158732495e-146,1.137944640061776e-133,9.690210373277095e-145,3.8114707140272713e-169,1.9693660880809005e-72,2.133730856817335e-97,1.654958859622377e-82,2.951551729784557e-47,5.535316269150629e-155,3.827258785645747e-124,9.158043746262456e-33,2.623217159390035e-148,4.926685870201196e-128,2.9925316459715742e-167,2.2007899545574424e-153,1.3408451108474068e-138,2.0777408629805002e-105,3.249203465864607e-107,9.295615775123658e-55,1.1128834964592876e-125,1.833955164189129e-90,6.6426403700136e-115,6.9710186760283625e-90,1.4418135191831282e-146,1.7244182637742509e-115,5.867227234170332e-73,2.4998858921277498e-57,1.9334011476685274e-83,7.428539799067335e-113,5.186053396498493e-136,6.64081361175952e-147,4.361313413634707e-118,1.1716210643834784e-71,1.1742983515826862e-86,2.135531236856581e-62,3.220111670802484e-89,2.4116673373143095e-84,1.5568349243040317e-89,7.977785602221256e-36,9.03345069777116e-51,4.078190620529353e-108,1.2660718358865787e-23,2.759423267831288e-39,7.912259414656318e-55,1.3726146512858176e-49,9.989629210423203e-58,2.1733328605788727e-24,4.713947037281417e-24,1.0466278455347427e-20,9.164883891296496e-27,1.1243827573315347e-52,7.41054371033874e-42,1.2809220710209605e-42,1.297417336077227e-33,8.850148960045426e-35,5.1020582193633674e-42,8.217450120577324e-40,1.0873708601752514e-18,5.525564504635957e-23,4.7982808880589206e-36,0.07869717052823814,9.722718106091697e-6,1.3300214080035697e-33,2.696935532627163e-28,8.730905029421187e-13,2.725367009191602e-21,1.52840381435709e-51,5.96661742211414e-42,3.974294928380625e-48,9.030066291549298e-54,0.06749251051159828,4.853969844137449e-8,0.026892226029239893,1.981770650965492e-34,6.376925688979042e-25,0.17662082304082902,1.0696328153520047e-22,0.07157037403369675,0.1263759564798395,4.974333716332742e-19,0.02893898408180645,0.13070031616236455,1.2502634140990167e-11,2.965585880857005e-30,3.313492435081289e-14,1.1248053977752403e-21,0.05087299179961292,1.0934985120666376e-41,2.7224333248313194e-31,0.09935027780431283,0.14134539244366767,2.662875040663741e-28,0.0011310137572848706,2.1920562957999677e-6
1.3187e-320,1.141991609408073e-102,3.9431179115533396e-137,1.008305339543267e-134,3.2141530478680066e-87,3.885140881301611e-89,2.189760355987803e-148,1.503868796503292e-72,0.021486331425645683,9.606683887112902e-19,0.041637806787375393,6.246463347689086e-54,1.4488475364474274e-20,1.0915362539524849e-46,2.828097750317062e-34,0.0014487125675065608,5.36941060911017e-8,0.06646779509752163,0.0971981552555032,0.21747109426807046,0.08756669526575019,2.525813190872797e-20,1.08899479227357e-9,7.46466358931915e-10,3.7650766388288774e-18,5.283933410427669e-24,0.04571636357668014,3.758074684222245e-47,1.2583408890351686e-16,5.386942189331727e-25,0.04985315681264816,9.619172136950832e-25,2.7666558332406442e-14,1.3247162497933943e-21,1.936864828430202e-17,2.8266067864743885e-14,0.14641407082690025,5.75384135610236e-51,2.25569621894458e-7,1.1556152186289318e-47,9.88641507770794e-16,0.17290685977297293,1.7560748119544726e-35,0.022461718089229688,3.2574513968576544e-27,5.325614641676187e-32,0.008988008061281942,1.8903732346116085e-11,6.62884970222698e-61,2.121349372876887e-112,0.020382951020848077,2.8657552891629136e-122,8.758133726731163e-75,2.789543037507435e-68,3.4347671734026065e-74,2.66543491829547e-134,1.5478003074733033e-165,2.0432946206224154e-99,5.9138993910049126e-149,2.578945328651381e-46,1.0456382242104944e-113,1.5881902321310493e-79,6.920872299445855e-217,1.6098780651135366e-169,7.593632459379089e-175,6.003379662856837e-85,8.222603884006317e-244,6.803044315391889e-129,1.805705143226837e-234,1.2052584910501139e-203,9.42983623367221e-128,1.1146758995728802e-143,9.228478373467576e-123,9.466865717565652e-181,3.557315140812179e-144,3.36428848753706e-128,6.470776476379137e-131,5.391561960510241e-11,3.875005825494163e-186,4.418353957670858e-174,7.485785714240276e-220,8.326256393960646e-82,3.9248293934630723e-157,3.8997453718888915e-108,4.931601401166998e-81,1.1417340752909915e-118,4.152488525139348e-81,1.5297196927749433e-35,2.87207040037191e-101,2.813202399215646e-167,4.2058390272954444e-48,9.846734143200106e-75,8.347703990814712e-84,2.2593099299203205e-83,1.4622705975122418e-196,2.8732311460813858e-254,7.258975908053837e-225,1.3481900440353687e-287,2.243941695298103e-87,1.1586090796527145e-210
0.0,0.0,0.0,0.0,0.0,0.0,0.0,0.0,0.0,0.0,0.0,4.509308422236494e-83,0.0,0.0,0.0,2.647272944742125e-240,0.0,6.80540318588172e-287,6.97130266720333e-305,0.0,0.0,3.2843848888054193e-257,0.0,0.0,0.0,0.0,1.8993854671143395e-113,9.18298044732602e-220,0.0,1.2375543907997296e-295,1.2981826082920281e-278,2.1502583085818038e-291,4.271521578486294e-84,0.0032003941722505472,0.21780508315693245,0.2885508147727215,0.07104037349402925,0.03762261139062987,0.0807088284718367,0.04297753625653868,0.032815828144666326,0.03527131376071797,0.02126521597191593,0.046103669402719025,0.025168846822827835,0.0174914321309125,0.046285065295575314,3.0805110831510647e-35,0.00918965924246807,0.011847114707719977,6.361974695511578e-69,0.00031115851897434323,0.0032154799825040385,8.102781563344127e-149,1.7745794283737836e-175,8.032670916301907e-109,3.4947962949606344e-69,3.082516327740864e-98,6.2132778568850864e-46,4.7487752165795494e-150,6.339159884143475e-88,2.732534280994171e-108,2.0180570151869835e-147,1.2683998777656627e-74,4.6743426487529705e-229,1.0906633047280665e-120,5.297704320653225e-173,6.456779104257318e-293,8.764727189220499e-302,2.1757520781735047e-252,2.61402624122938e-188,3.1191085774943e-311,2.9904371044462974e-99,6.815773180849171e-269,0.002315274587240327,7.709954721789597e-265,5.753348397794343e-287,5.883691886590892e-290,5.215711803746546e-277,6.567503248649234e-219,0.004528186014015416,9.248305200836735e-290,2.1555591018325516e-93,1.1687848787523524e-298,2.27e-322,0.0,9.42731261974318e-50,0.0022861137028039056,1.556102840889707e-278,6.50287e-318,7.873759788693191e-138,0.0,7.321257166309581e-121,1.0869282721979514e-165,3.680460733072238e-265,6.190182622221638e-101,8.140209972898203e-279,6.201494493231519e-290,4.954044711830186e-182,1.1993564749266122e-147
3.591064600661754e-216,1.4777303035419675e-100,4.413817867674755e-101,3.187692070816093e-106,1.949313266949395e-52,1.3144059203239548e-60,3.7749348585957637e-72,1.5854131003598404e-25,9.842119470873144e-44,0.010378351109893404,0.00044241591727225716,2.362525193903766e-8,0.010753958150803197,1.8985384993317764e-41,2.338816506763746e-49,0.06251499863417963,0.08713818651409803,0.08928588565658044,6.100143708101455e-26,5.897378926261536e-5,0.08790682990694153,0.170495851374812,1.0030012576260415e-13,0.05170072771045659,9.840298192677428e-9,0.030914260124505585,8.825044390583035e-8,1.864595378937496e-35,0.10442292878728102,0.032802337443445795,0.07907614433577456,0.015275465379525866,2.2677849238879144e-69,1.470922689292045e-64,0.005312374402046315,0.019632197254039817,7.361750442348346e-26,6.311865002815312e-44,1.9277156742900636e-41,5.940991904535256e-45,0.015633203832564325,1.2946502039948797e-36,2.0316976458086527e-30,0.035056232098555934,0.029054821279124846,1.10567843911528e-20,0.016044897062293152,3.216804754200289e-72,6.661469504111169e-89,1.6319270433741834e-17,9.003858950045557e-59,3.8022102381547775e-220,3.7266351905518593e-44,1.7649917309459517e-34,0.00947867399441675,7.34091175187195e-139,2.5744268122282956e-170,1.3996059051121695e-165,7.814947780276057e-158,5.988916818890151e-37,1.628662454126389e-162,5.015363069430517e-156,7.0627582202424364e-152,1.8780431502330707e-229,6.030437055574676e-193,3.3857215067105984e-36,2.70102999022467e-218,8.751238144474164e-69,8.251227528800466e-68,1.7051456305666428e-133,8.72707350608983e-200,8.507146488563014e-145,0.0006212490385567225,3.519030563697e-143,1.5932060653856396e-232,1.012406949084456e-59,3.000017074817974e-111,4.653238924103596e-158,1.2998146199075306e-114,9.919311918840216e-206,0.007600079148522345,7.330335839231257e-161,1.4162728892011466e-182,3.761621541371685e-71,1.6089874071703139e-178,0.019077246292427495,1.1419735712009772e-90,2.2585504247580595e-81,9.228327239856725e-75,3.307407707820346e-99,3.3610752967354966e-101,1.099296728185108e-19,1.31070215619264e-108,0.009321589046525415,4.160772277055678e-149,4.313988147101743e-177,1.4417519959592333e-58,2.734763041882637e-208,2.1132887057871218e-111,7.110315398432548e-110
0.0,0.0,0.0,0.0,0.0,0.0,0.0,0.0,0.0,0.0,0.0,0.0,0.0,0.0,7.107718284488291e-245,4.564162782842678e-286,1.3237531300990948e-285,0.0,2.1e-322,7.90164068676974e-304,2.0685238843230175e-288,0.0,2.158762763005227e-229,0.0,2.2294969130887884e-205,3.619846e-318,1.4635807326160166e-294,3.4016313957556904e-291,1.9462791249020865e-151,0.0,1.3034716000339773e-243,3.768815064820067e-275,2.3329743423476e-311,7.32879776451404e-255,2.5045835920751036e-176,2.4238389572224565e-240,3.765e-321,2.3236e-320,8.55e-322,1.712981737288783e-293,1.054329248110226e-248,8.432066456017292e-114,8.100069346085196e-246,1.398790482620621e-308,9.681643477132083e-212,4.641799037011713e-148,3.786679852479295e-22,1.9087530684112156e-64,1.1622868036305508e-58,3.6270998194931384e-138,3.0573319496653063e-118,7.101343563826672e-96,3.6722652927129636e-20,5.002039267903679e-112,2.649513169160967e-25,1.0648699104660307e-49,1.0480895690324493e-65,2.5270417521614044e-37,2.519745411678545e-6,0.011491623721900861,0.010835931616006308,0.01999652056889361,0.016422842740546836,0.055813283761335125,0.07403362704007259,0.0992870543532521,0.12876788531671876,0.09540398642894303,0.1147761569425401,0.09669777109642946,0.07789767861759891,0.06373398552288473,0.05096437072655437,0.03200095180333691,0.017213244939084594,0.012456226665740089,0.007567870981050299,0.0012641687586842703,0.0004194384959495864,2.3290866520476056e-69,1.6937176130831613e-33,0.0013278022143103914,3.969252838701076e-38,2.9483812068152802e-40,1.0978087713450181e-57,0.001818888191046264,0.0019069976263649238,0.002423969837092838,2.3509451643935117e-62,1.8088697981210603e-62,6.719081319832771e-77,1.3478191229368557e-46,8.712082220080156e-45,0.000826244086209268,0.003282903948292412,4.249109193744688e-17,0.0013660542537495216,1.301906500770514e-106,4.980685171870429e-67,1.2342659932338826e-94
4.6926532565553e-310,0.0,0.0,0.0,0.0,0.0,3.585566098174408e-286,4.982520903483117e-189,7.83880170945e-311,0.0,6.328509573994648e-156,5.900422730697415e-113,0.0,0.0,7.486432238276255e-163,2.776035144910837e-250,2.395486817763299e-43,6.637365933929513e-306,0.0,0.0,1.4123478193533035e-293,1.3862103961543023e-258,1.311342909308196e-267,5.022993860292639e-166,2.93081399671698e-261,9.204789450726284e-62,8.640301071208094e-257,5.439953028219139e-68,4.53069815640348e-232,5.975099143077931e-212,6.051117498619938e-161,1.2508896128758278e-184,2.656390745524945e-175,4.00141090300028e-201,2.4474185063612e-196,7.61663113731302e-220,1.23000063e-316,1.7251750658326644e-263,2.2791738917846927e-211,1.3326559508296625e-209,7.576486200510938e-42,1.0546912930738527e-277,1.5839679034071141e-146,4.164815604748243e-259,3.5124867974210463e-206,4.3665530141567753e-156,1.5461398078930862e-120,4.396367569332958e-128,9.194755217344674e-116,4.8553623685532795e-84,3.400243223270441e-164,2.190326972139252e-104,5.002630725465266e-118,6.531977330244076e-45,2.9874028160032034e-85,3.019336329575324e-159,1.684666396625378e-113,6.113369777569635e-116,3.0968821216459e-100,1.3657031840893696e-80,5.326709580130778e-61,1.416863577234049e-83,2.8995741666942723e-84,1.5010967721783659e-68,4.565295676856502e-87,9.22574039454975e-56,6.6850698818801305e-15,8.340280590810754e-52,4.144724005651864e-45,2.435285917111715e-72,2.3012930702822665e-49,4.078948499762726e-6,1.6096128820402756e-49,5.04347280221202e-59,3.889282294382417e-55,1.0818102009389842e-22,2.8777318103896863e-37,3.256986414791423e-30,8.392793025692235e-36,1.644498475554476e-43,2.575049064008931e-22,1.855999958796058e-33,1.5575389053538935e-17,1.8518314669930146e-14,9.295364211410316e-31,1.4386302381999267e-22,4.0544676012946035e-12,6.390369711050909e-13,4.67484234240438e-12,0.0033161015025488317,7.836886744183653e-9,0.021648692528127633,0.06738145968253732,1.205777946732557e-13,0.42439302001832463,0.1017932296764505,0.15835474386926676,0.19781665566488052,0.02529201007514279,1.8782028594945653e-10
0.0,0.0,0.0,0.0,0.0,0.0,0.0,0.0,0.0,0.0,0.0,0.0,0.0,0.0,5.0904744060402795e-300,1.1017809925955425e-261,0.0,0.0,0.0,6.8256576843512136e-236,3.658520009706782e-229,1.6363236184903146e-259,1.3924275584776303e-254,2.17239262279e-312,6.844506355538295e-168,0.0,2.199343079283564e-241,1.1369014468511262e-185,1.385779441087881e-29,1.1310263803434486e-242,4.391312957353469e-282,2.466476773871453e-194,0.0,1.322881286509976e-231,8.729684041034523e-105,0.0019854299407803663,3.50458426059128e-192,1.964196929343771e-250,9.936749406002701e-157,1.1265859961311165e-308,1.4412905827330787e-132,6.396030001735503e-53,7.842236466020134e-279,1.152725415552351e-226,1.44331334282565e-179,1.706367306720947e-138,1.1070456632591039e-68,7.191469324224616e-15,2.3075518878490002e-110,0.006295881763512023,1.7381834819903605e-43,3.181935239869978e-95,4.1878795069654216e-50,5.606703304617393e-78,8.0650845534371675e-25,1.8925701089523614e-9,6.110080506325771e-5,0.01825122743256385,0.08859539556892378,0.17941908735793166,0.1552854396369819,0.13701581147657632,0.06442185810084596,6.4762995658561065e-6,0.00011208009796947263,0.011429468084124782,0.09085254420669421,0.13990851625982523,0.04233770117732112,0.046567246036317546,0.0036610390349320955,0.005282559015563789,5.5108912717099266e-21,4.250013577656729e-14,1.068935322225725e-37,1.3908221103141053e-13,1.2258038479300434e-29,1.5208964848156895e-41,2.8593284167388824e-29,1.2223592726338227e-101,4.776194880163768e-23,1.0926603536107314e-21,9.457218132403677e-10,9.43904774064277e-54,3.8999911660536826e-84,0.00019075717272042464,1.8813976826269645e-79,1.817523623388908e-113,1.682128147953568e-113,4.219037546513382e-107,3.2651993842473815e-76,2.1532782944977408e-113,7.392915638303196e-25,9.146727235785761e-82,0.00599306889887896,0.0007790711403571171,1.6615440407983456e-15,3.4692044234415484e-76,0.0015482376540681716,1.5179903137015381e-118
1.9027464620510354e-239,3.0473321072344234e-271,7.891344454628292e-170,1.2515302616110119e-288,1.679100898205102e-282,7.836646055307709e-162,2.1175889177100565e-265,2.0110195274640183e-198,1.8332496658191525e-221,6.878308087741862e-200,4.7391762774373044e-198,3.356176715069255e-122,1.2113309588159522e-170,5.0646600395519e-138,1.3550183362734595e-48,9.7002010422247e-106,1.1929824918613828e-143,2.2669965957371257e-214,7.019257003097627e-64,0.003260705709115081,5.1735357756809454e-166,3.8373284130870614e-194,1.2856180315489306e-179,3.7297635796303737e-143,1.115518112452571e-105,2.1018025103430432e-77,1.2775620421359392e-121,1.8275183401348387e-131,4.5527778088329145e-119,2.4588660935286498e-164,4.868713983169039e-63,0.003411349243971972,1.1286045367559289e-116,1.1614404093131257e-147,9.414760814168802e-131,6.783885602774796e-149,3.194291317356463e-103,2.0795469359612746e-99,4.149171061260486e-101,6.729525223636441e-109,1.1587527088856362e-80,8.153172551035779e-104,1.473682154768821e-132,6.077814390503841e-119,1.4579652268960627e-39,5.404894301541202e-33,0.0064863037921074635,0.0030717129093912107,0.0018849017839586272,1.7361551787754904e-5,0.061646031650108096,0.07428180008898705,0.0235992799068495,0.024714462884192767,0.011534583139268978,7.956426954387892e-22,3.0681864177900046e-6,0.02867105769784454,3.215426790545788e-15,0.05684541718360229,0.034162593617960264,0.028422815487586864,0.03474764146042468,5.331478185624262e-22,8.607870898399531e-16,0.010120771641820684,1.2260737797633506e-36,2.3669478337245407e-56,1.0240591614912648e-45,0.008733280067796329,5.191510418397758e-15,3.2463186845275424e-40,2.758903076989998e-48,3.4586023323745374e-52,0.04484157043066409,1.1608019970714213e-32,0.014650181433541635,0.011030875633970256,0.035043825562512156,6.110043223929809e-17,4.013920479590681e-42,7.678665568396294e-17,5.679949599279909e-20,0.03253773351747559,4.190106784013722e-19,2.0907303587916774e-16,4.9174963577508806e-9,2.2084502815916553e-28,6.659720107660376e-31,7.328707527163776e-35,0.017661875495593088,0.003195733225854699,2.4725767027663538e-26,0.03350145826772555,0.043372817519095296,0.043900626957987715,0.015959194565517015,0.0705794766231054,0.0867709733383049,0.1313385145079547
1.0403977478185221e-282,5.196343468944596e-286,2.1027262058340313e-225,5.7611880135218e-219,1.6062618106113482e-68,3.219466671549465e-104,1.2817654089520616e-184,1.3463613301562335e-131,1.7767144721179447e-60,0.03113080288874578,0.013779136863572215,1.5374880092395097e-6,8.03687461526369e-21,2.588149837765202e-19,7.165826755099051e-27,0.01779360388395441,0.02636664234903545,0.12016175671372355,3.106530858697261e-57,3.047314403688524e-30,0.14262144283482278,0.13797142075910251,9.229383455539723e-35,0.17816415045368583,2.0825313413918866e-25,0.02676120960328347,7.300751900255004e-15,0.027700757863490293,2.7214854965338148e-49,2.421345593601901e-43,1.8688097475687878e-43,0.04960717851011009,0.04567574984516629,0.015835788338923525,5.27928027382868e-71,2.2773825236886326e-48,1.811742448736889e-30,7.012758604973444e-28,1.1355527470627501e-5,0.05325783139877525,0.06616238388044382,1.3154224688330873e-13,0.020222053506735106,5.5152491895302346e-42,1.351650188312192e-18,1.0634558341842158e-28,2.707306859979274e-63,6.281106799996408e-94,1.2420453705862922e-69,2.117981611056442e-44,5.435461199396649e-130,5.691991968542186e-121,3.812673359561581e-41,0.00885861774512645,4.057343289421091e-121,1.0278487145791444e-92,2.731290527347922e-168,1.0668079820119797e-88,2.9028448996765694e-141,2.624758214137384e-94,8.45132727310203e-48,1.241569938234693e-82,1.5592903115526129e-100,9.974585575341777e-202,1.642320121515082e-150,2.0632025759897674e-84,8.324363072718478e-205,7.625188916681784e-150,3.006412067951207e-34,3.1381209661023344e-160,2.364237223067564e-14,7.77423713275068e-144,0.011467775782306264,8.802257064937089e-152,2.5820270559970503e-217,5.245662250785901e-158,9.87195193374326e-49,9.993463186949349e-203,2.2217716728231453e-151,8.219713303948347e-159,1.583779069599172e-254,4.3113935552912e-159,2.984216529222719e-136,2.278016338822636e-67,7.075264751648488e-125,2.809092487589483e-73,0.006448803763354569,3.9117798155270917e-172,6.96479471186015e-187,1.7084083735982405e-138,1.7802656548654355e-79,7.066211117692468e-97,2.1630558697073564e-108,2.650009575469952e-62,7.72135289992057e-137,2.2826565408379064e-233,5.164201656955937e-168,9.606088501801885e-262,1.985229608489264e-89,4.919595467367658e-159
5.132997555178182e-252,1.9064013508081138e-263,9.60439155369456e-246,2.3360943767026828e-239,7.606362524960148e-206,3.6853276203661566e-156,1.5878573325158456e-197,9.28575803722066e-67,3.386413252230354e-123,2.5523088111900795e-137,8.226510153955399e-159,3.1141438317616026e-40,3.7534977302715314e-107,1.170057074875514e-146,3.9678563461902074e-86,4.974115476346571e-123,3.048951500784788e-143,2.6958344913860933e-71,0.01636072976159627,1.800948556168962e-100,2.3775471182807673e-44,1.12392016124901e-74,2.600447452816067e-75,1.437351110493046e-51,1.3135610401136122e-59,0.02169774015290001,4.057024569180395e-33,2.071854662386877e-70,8.138084646309222e-38,4.034734002062063e-11,7.202357622728872e-34,4.541736298666176e-39,4.66591723454513e-109,0.00982438917490612,5.634765694134993e-54,2.0888872867377816e-60,1.9023863978006436e-74,0.006621138302010332,5.643983681894615e-68,2.344260446424243e-31,0.022338319760240123,0.019468853015803846,6.525417018784238e-72,4.005323482075135e-40,0.03187748164555821,2.3412215558811437e-53,3.6344317205243913e-88,0.059148616978130016,0.007092088192501233,1.4040757669071357e-11,5.690763354559287e-94,2.170337662812479e-148,1.6787825517060945e-29,4.1445818413443784e-80,0.00793590861025576,0.019215030701323528,0.060505557193438635,3.99891908662517e-126,8.572524691102014e-172,2.3432493536990858e-115,0.007556251043553729,1.9645766930465288e-79,2.0434229922051487e-136,8.099737860782687e-197,0.02851076240741187,0.011576415300274173,0.046505083752920964,3.4630719311573843e-37,0.030344711973830915,0.07796553996928851,0.04061987699086607,0.04530997742429308,0.0448124219472556,6.510758032075329e-64,0.00886640905961308,0.017315382354939908,0.0631628074859214,0.05330994841135107,0.08581691939344953,0.0838942089009417,4.9198696635916136e-48,0.02992508075163631,0.007574904335341541,3.690597688385938e-40,1.194804783012339e-69,1.8191247269864014e-37,0.007702850639612574,1.900574309299593e-111,1.8328882864986333e-12,1.336424605582112e-130,1.8894449749775818e-60,1.9571113385319705e-59,5.1464863397016726e-138,7.49003292918356e-103,1.4080035690712345e-127,0.027144594312612933,2.182014339069775e-157,1.1400984670775726e-55,7.560471630534574e-53,5.526030809324554e-46
8.68886910056005e-195,0.0,0.0,0.0,2.4656860418289076e-250,0.0,1.7212387492004033e-288,0.0,0.0,0.0,0.0,0.0024022576075823105,0.0,1.1769978336010656e-290,0.0,1.0601081547863743e-206,3.7348919177873316e-302,5.390077906856945e-187,1.4183898820502086e-296,0.0,0.0,5.3153912262802297e-135,0.0,0.0,2.2445155e-317,1.359654e-318,2.9916571765993214e-267,3.8944579606192457e-233,2.4400340405205075e-241,1.0464370749617309e-268,1.33e-322,1.1451179581051714e-300,6.459247840244217e-109,0.004916393643666872,0.23910887323036858,0.2860123750722616,0.062482407904603604,0.0484877182080452,0.06916151683957862,0.06351894809187152,0.043683530335781755,0.018255201302529375,0.060083935373067304,0.045802323981163205,2.4909241574659817e-9,3.890322727625137e-6,0.027975530268553938,0.009966467063624697,3.901323995597839e-44,5.9492259869941746e-18,0.005718260441113219,7.273313063311044e-24,2.057172403729588e-105,1.4924536918642424e-186,2.9512213802903267e-126,4.0333437392149737e-41,0.002743691982142892,0.002412985444650651,1.2023938708300333e-13,2.352367908603106e-217,4.251485790996332e-61,2.582711957017538e-118,4.6565697865503725e-201,2.002206024845187e-128,1.0278964933477474e-163,8.183146150714814e-203,6.043608897032918e-149,7.014185950354624e-262,5.371599538697558e-268,2.805810111824162e-210,4.7520203106294433e-241,3.7602782150872355e-279,1.3797511760000927e-154,1.546813834558136e-187,1.6467223607646207e-121,1.975156677496365e-239,1.6007257204998783e-274,3.577889538605075e-297,1.1116697414262098e-251,2.69078297872197e-155,1.1902412617962873e-170,1.6228893059404298e-274,0.004834580693257491,9.554188227363236e-246,1.301430906791384e-283,1.8288205016732206e-304,7.813421606105046e-92,3.619235729676166e-255,7.889153312069606e-259,6.4628906353006e-310,1.2668348389607433e-155,3.034667708960841e-151,0.0024291097023649774,3.5804778282777955e-208,1.816612037594255e-221,2.5308864837209526e-217,2.898123898147619e-278,3.365572622305401e-285,1.505613135163119e-213,6.898963019850651e-183
0.40591046478109677,0.2366641105687813,0.014112124841129404,0.021811197350763104,0.03060435839387045,0.019429460036288242,0.009749762130793236,0.007935976931480179,0.0033165119134017226,0.0037187668970325065,0.004127086589738914,0.004294967365709425,0.00485406630669384,0.00372183586704749,0.009534389002813079,0.005922181392885034,0.009946990934186436,0.014134660737674621,0.009445300351187026,0.009412676952962542,0.013427902830377623,0.016843212999061833,0.021870065173283996,0.018371795614523376,0.016926699461746984,0.004366361114147606,0.0023182392018037726,0.006696702728837488,0.011721570268863786,0.010885351451566659,0.0019304136801257354,0.0021750063689816236,3.3427261389556224e-10,2.0211033795129827e-9,4.970287894118032e-13,0.0011420224613052042,6.24339226391481e-13,0.0015819286059791573,1.3932131970232674e-20,0.0008849668158181958,0.004711796064685309,0.002958138531774393,0.00026807266321240796,0.006550362262049606,0.0034573491764839626,0.0025663738173757,0.010496209313812196,0.0003361449259808927,1.3524082046494687e-6,9.864306575781111e-6,0.0013989011948823368,0.0028773795644543936,4.248444042700022e-72,0.0005049568482966274,3.4759082721106047e-194,8.837138721266751e-170,0.0009977614542361693,0.0004860928126585543,1.8395003235907804e-190,0.0005098360187291158,2.779813944344548e-124,5.29684411202797e-184,1.0932132322919635e-192,4.868412333643894e-142,0.0,8.62131141488013e-208,0.0,0.00047731236505042183,0.0,0.0005299476884691529,4.714014477921259e-247,0.0,3.555795741351992e-42,1.4263676091632604e-198,0.0,0.0,1.435057091232126e-165,0.0,0.0,0.0,6.0773363008373735e-238,1.338453416698375e-252,6.022441689800937e-25,9.802022741396905e-192,0.0,2.723225779446436e-26,5.233331737865037e-268,4.626641447073218e-284,4.5240397328433797e-125,0.0005299338169383344,0.0005430842876744337,3.7676197078253214e-177,0.0,0.0,0.0,1.1794007560760662e-181,1.5291058727120928e-226,2.641852069507806e-210,3.4197580254552806e-228,4.29538681331825e-230
0.0,0.0,0.0,0.0,0.0,0.0,0.0,0.0,0.0,0.0,1.3766275199e-313,0.0,0.0,0.0,0.0,2.485e-320,0.0,0.0,0.0,8.287742093124756e-271,1.323771739490824e-261,2.0337031346699496e-299,0.0,0.0,0.0,4.0755e-320,0.0,1.926646753289673e-225,4.783339957799349e-269,0.0,9.230879338826843e-285,1.9329524431230378e-294,0.0,0.0,1.1835829499013976e-202,2.266323507305477e-247,0.0,1.9161733007829852e-307,0.0,0.0,4.4857947159848745e-253,2.001133873476002e-105,5.164961383795449e-253,0.0,2.2549893420294386e-179,1.9258924119206704e-148,8.180218776883048e-148,6.7449010346792655e-108,7.187637044738593e-126,4.463560474610682e-154,5.69523751280403e-122,7.722376356568456e-94,6.401738293174637e-125,8.509908506861278e-107,4.685674465283773e-41,1.898218183311212e-89,8.852548702656975e-91,3.489313795718906e-110,1.3137198014346325e-51,2.0614226729919356e-30,3.4553673213592007e-100,4.7654172304821976e-30,0.003937595420158832,0.008644847195820371,0.0038704839383355396,0.013316331898689127,0.01959561373158622,0.07139059040581112,0.0856700329794235,0.08637827215996428,0.11561536561658048,0.1536244231871203,0.13293824379038646,0.058692631267895284,0.06452015820067224,0.055535496843090344,0.06717232978300897,0.0400887715401773,0.013682208659617747,1.4460427393387585e-7,0.0025570373212858454,2.2117042627980022e-5,0.000773626290146918,7.394889499660816e-47,7.578522454245108e-79,2.768102013358139e-6,6.375873852873527e-33,3.4601314551290347e-53,2.6048690037568788e-34,3.48045495923688e-36,1.9156001979900747e-70,4.507918174391234e-90,0.0011473319005419283,1.4288474393253745e-51,1.0128348125634307e-66,5.206622765204743e-63,0.0008235781189005983,6.12945463546419e-120,1.8710276298984895e-12,5.4448999720182326e-58
0.0,0.0,0.0,0.0,0.0,0.0,0.0,0.0,0.0,0.0,0.0,0.0,0.0,0.0,0.0,0.0,0.0,0.0,0.0,0.0,0.0,0.0,0.0,0.0,0.0,0.0,0.0,0.0,0.0,0.0,0.0,0.0,0.0,0.0,0.0,5.2565102587e-314,0.0,0.0,0.0,0.0,2.080214680092159e-294,1.66237552462474e-309,0.0,0.0,0.0,0.0,2.91047545e-316,1.6261864528731058e-172,1.7817992802790802e-244,0.0,0.0,1.6836336364103334e-184,2.6168689287868732e-214,2.0328107987993103e-232,8.592088484253198e-60,1.7042838180964506e-277,3.347239070062902e-279,1.452398021989298e-257,2.95140892272979e-169,3.536799611107601e-140,5.359391895736941e-185,8.159571771628303e-140,2.1908033824560843e-152,7.433680217142202e-67,7.803423494588314e-18,0.0021496829870099135,0.00842765121210341,0.01466991690984817,0.01912103677493038,0.024702829658375773,0.0606431277783413,0.07277712086372774,0.17834829462124013,0.2289665975490351,0.20376002061640064,0.11755927127500651,0.023511308880424013,0.02865437275337331,0.0018296719382178371,0.000895995365030633,1.900531714635892e-6,0.0070585088326777425,0.00024242688057841502,2.271449512734105e-55,9.699205063994052e-85,3.3001448927165276e-5,4.5830274182941065e-39,1.1028382524961593e-8,5.262937454306151e-15,3.7491869494946903e-34,8.535197084145721e-16,2.177231137121756e-130,8.826501755187441e-63,0.001607302008961514,0.0050399500856607386,2.6397005834194157e-14,2.420005030762912e-93,1.6201234150496013e-54,5.0790198128174074e-21,1.1040809156251064e-134
0.0,0.0,0.0,0.0,0.0,0.0,0.0,0.0,0.0,0.0,0.0,0.0,0.0,0.0,3.524235455926197e-286,2.0476562447307807e-229,0.0,0.0,0.0,0.0,0.0,1.851563023178256e-293,0.0,0.0,0.0,0.0,5.333361350413942e-274,0.0,7.116279281775213e-71,0.0,1.8308425072148136e-255,0.0,0.0,0.0,5.247163691164477e-165,2.748526954822622e-97,5.539670255508523e-234,5.486551169303617e-243,0.0,0.0,3.158221453922332e-249,0.00262985945235623,1.856532527191061e-249,0.0,2.5293537561359612e-186,4.815297964217087e-117,7.085561986943833e-63,1.2820752837077817e-39,3.506741791975256e-113,2.81994703074052e-23,5.4486408891704026e-61,3.6787819201762522e-93,3.876906144483228e-16,1.901864833190346e-66,4.35911504233631e-15,0.002387128374452563,2.1203861826535516e-23,2.1858811782425235e-22,0.008153333569138728,0.0014877546385315863,0.00021257851341292694,0.00815990413854347,0.06480104300959298,0.023585301392892784,9.8778956371646e-5,0.0013914681613676305,0.20783539051194375,0.074323129624254,0.17209466265540777,0.16648791665275142,0.12078452429947409,0.06231988984453285,0.0570363501475396,7.765655863205097e-5,1.0164825933491423e-13,1.329627026241966e-6,0.010356460913751404,9.55945596004609e-14,0.01569179897713794,1.2064163071997632e-47,2.8560174779624866e-29,7.386666174036687e-28,3.6714448542788117e-38,4.729461965110506e-43,4.618302863148603e-59,6.681427210134942e-30,2.2873057517361054e-51,6.934520991540913e-78,7.489224020854126e-55,1.19697345712373e-102,1.2705211611460361e-49,9.516323137016476e-58,1.8787919961771423e-19,5.55732482064288e-50,1.724204781958605e-18,8.373994552266484e-5,3.516374209027294e-11,7.845309213645039e-111,2.5052252824479387e-49,8.01997995205041e-104
2.1216292019037526e-255,1.8022760934467178e-124,3.849476187587524e-175,2.324109103018289e-229,5.90397735853218e-224,2.1504715062924725e-241,4.649457514722936e-168,6.258693253207356e-84,9.466855269045978e-43,9.365831806283362e-73,7.517991366187345e-28,1.095952430693504e-118,1.7660012343704057e-14,2.6996928415129213e-37,3.0456918292713183e-64,5.8822748514966246e-49,1.841709603214203e-80,5.657354122703008e-44,1.1345781583467356e-66,3.642329709375456e-51,3.260432656851309e-83,3.3658569446879896e-70,0.03800638145715818,1.3697042784953378e-18,2.2632998690712968e-94,4.2939579322194045e-77,3.761639861321305e-24,8.932455393117604e-49,2.1808087670074563e-55,1.0454849823091244e-58,1.923409898167476e-117,1.4781186063619817e-57,4.665760530857106e-36,1.0066786146328194e-99,7.56687765196055e-32,1.7423317819829149e-12,8.272656551407903e-59,2.5786552435708667e-52,0.01590271586431693,9.007455731825456e-31,2.15952307805838e-42,2.2115968429177414e-49,5.293891647477474e-71,9.209575472582505e-8,7.460730413049272e-45,3.1009270068875626e-32,1.6789281843739296e-80,2.2608395555402965e-43,3.7645016695856174e-41,8.478056804528668e-77,1.630438014705392e-159,1.9195095840141386e-74,5.646664935017732e-115,2.547887384180291e-44,1.0429882507211386e-49,1.1416592175477427e-95,2.66241233089821e-88,1.4962159991035207e-126,4.113898783531431e-140,2.9761124427173415e-146,1.4160708213621816e-55,3.221422020310298e-100,4.799449876309549e-158,5.5540201969025e-70,1.9398275944317827e-100,7.29484749009696e-32,0.023167707556494912,4.415073897128274e-39,0.015963346979069034,2.5669563752717747e-156,0.035683202126540234,1.4896520805006322e-147,5.087865624358391e-146,0.05768011135401611,2.2217613468985092e-200,8.179766026531327e-101,4.603959942270961e-22,1.4741341673412067e-10,0.02844407067899643,0.015030652285063072,1.319909800056808e-172,0.004779864392522623,4.960681418646293e-138,0.014884158854730434,0.1075881740353023,0.06008867268395161,5.586567166479443e-36,4.708041671315139e-15,6.226306913864103e-67,5.35273579258369e-113,0.04419288336523548,5.1544261073496143e-110,0.36469049063290293,0.07384694005976757,0.08736161520719667,1.0027977648225483e-23,0.012688920215666833,9.793952938104691e-47,6.135879973174371e-12,1.5717593668883048e-91
3.745148188955502e-244,2.338747177776468e-192,8.851901321647441e-147,5.992181693622944e-147,6.426716047447612e-141,1.9635238508938375e-64,1.6607966808234319e-115,2.8822896468096607e-78,1.0427152034064197e-31,2.404876878314075e-60,1.5698985258496376e-45,0.021335822896831044,2.7389653510056823e-96,0.021803943924244555,2.5355840045200323e-15,4.563719552600411e-7,0.013778078303443625,3.272572340233569e-15,2.6276783584172984e-14,1.0046773409273293e-27,9.449986813399466e-85,3.032548672366547e-64,7.228667878010118e-51,1.8100435127539345e-49,5.6189997794639107e-39,1.1000269485740529e-17,6.526871487347126e-15,0.002056810042626644,0.01283705509870736,1.845654240216506e-21,1.1745775252167943e-13,1.5904484819298028e-61,0.009758057073433067,9.506599362530822e-36,1.317649345489493e-20,1.2369067688959346e-46,0.020614951841761115,1.8571875549107042e-81,0.04245000663411351,9.483710038208305e-26,0.018613429123988792,0.020470532008671622,1.749000137379072e-14,0.07198065299748507,0.3778960128340262,0.13380745212285072,0.09681820586740028,0.041979004574750234,4.1040926292888736e-32,0.005973369273625292,6.057790916167356e-82,0.030778298587699517,2.970429616080405e-67,1.6411236017231147e-57,2.7547672796514265e-77,0.02004790055430373,3.870767561216792e-48,1.1481515215172606e-61,7.3043111777242e-95,3.327180861646185e-15,6.65627070237613e-43,3.952517787302507e-75,9.514675678229988e-71,1.2316502638482639e-108,2.234467872848268e-108,4.5136146862141965e-88,2.1925552878199856e-111,1.3470362608261888e-88,1.3882065495047178e-121,9.086402275319062e-129,8.459634451820724e-41,3.152731581636758e-150,0.014410442200065335,3.577543694312957e-116,5.556495971568799e-122,3.715581041163875e-94,1.9156003904411592e-29,4.041872242133406e-65,1.770960863468157e-70,1.3824093476343582e-101,3.839047425410199e-127,0.014764182556699871,1.5231544320522674e-71,2.8693278065878036e-53,3.925328858126139e-108,2.4379911640424785e-148,0.007825335111140367,6.45959966744417e-172,7.814316101865365e-25,1.6274340652479086e-169,1.2389970039198694e-81,2.9260114623692905e-120,2.368045003757629e-137,9.272822166963788e-92,2.5870809767975465e-49,1.7434290497340342e-104,1.2154964968345657e-143,9.325386948726872e-153,4.946516236246748e-116,1.0248858477354338e-150
2.5417956250470776e-86,5.0567883351448686e-203,4.3029727651e-313,1.433e-321,1.6074920620856313e-242,2.235679044507011e-233,1.8610223206226192e-163,2.3206971019106582e-83,1.790307664048648e-115,9.775563684670681e-151,1.5938644504704052e-144,6.466346488507383e-158,4.741234151015896e-77,2.8282365341550833e-124,3.358547444764981e-30,5.262775000416698e-115,1.4946728226894328e-141,7.325228649039342e-155,1.4009192431102959e-67,7.884090240313877e-109,7.679934025296792e-66,5.634853713595557e-100,2.1081274610319967e-46,0.03292279442036954,1.0717314525183375e-51,3.6773850301520405e-56,0.06600986667242614,0.07019676476876957,0.026017534752082218,0.043994134563326064,0.11274508355151083,0.012051186900746259,2.199447558025749e-53,0.031208739417563847,0.015721814106392184,0.012373417325810591,5.046542545471543e-155,3.243411551054551e-18,0.057725893118585024,1.8258155674896086e-104,6.63141194115228e-46,2.0681651320812587e-69,0.021746531721256523,0.11023078899320497,0.050764341272903156,0.05041020311971074,1.5788170885739278e-7,0.0330422283453983,2.0462148651728563e-125,0.007446550202193978,1.164490897218023e-91,0.011030066587479374,8.254460413281654e-46,0.016363021042209148,7.239233340741562e-46,3.632903481944718e-106,1.7244511258208599e-46,3.322640669604152e-121,0.009882733227098994,4.611256331220595e-173,0.010545300028278241,1.345141928455045e-102,6.674170142322351e-77,3.032067616987137e-58,4.457699402412382e-59,8.376090293769438e-101,0.009548590742948806,6.686732577992036e-28,0.013606322079416292,1.4151157564619306e-84,7.712285639652902e-31,2.212593300848203e-71,0.021206780175697257,0.03078144368002857,1.7336885728497164e-91,0.008959898866330142,4.667139501153053e-122,3.695300593729678e-49,3.8719278430111446e-8,1.2948265903217588e-96,5.621780119998502e-167,0.009778759934330054,6.3464349383631315e-164,3.7451233298549916e-60,1.973239920284959e-105,1.6396795728765712e-56,0.06073454685646641,9.073742211402147e-71,1.1689819240245845e-75,4.470810994251845e-149,8.006960317499441e-113,0.03169840505864458,4.361193612028962e-36,0.000134335307367027,5.7587738033500065e-109,1.0201496281574662e-67,0.01112172656046772,9.12909610806036e-71,1.4889405782770491e-69,1.7590018359914216e-46
0.0,0.0,0.0,4.855182552093208e-244,4.885519308886793e-207,2.8222741767853907e-182,2.2795628133112808e-176,3.2385263764953e-97,1.5781957720271415e-156,1.3398292029825932e-128,5.2138246092462006e-160,4.393307628755726e-115,6.453496320837192e-67,2.0892160809885087e-124,1.2603453633359166e-84,5.082083511223519e-11,1.637958963801081e-64,7.197727782459582e-142,1.399890381785238e-116,3.0764421799627715e-66,1.206634655439831e-102,5.094336531469074e-19,2.9890694315607003e-66,7.189219321772399e-43,3.6522206520920884e-74,6.809812779221121e-34,3.6283099805806912e-59,2.4382529535464326e-107,1.3661138528600186e-96,6.996087254127767e-41,6.14170685934247e-58,8.486502464809557e-64,8.879042880077913e-80,1.2771259590344184e-44,7.955068823362434e-85,0.030849262204646188,1.0196838070534373e-98,2.741956514620821e-79,1.2586096076824595e-115,2.1832334355272583e-86,1.1410000647651137e-52,1.948283894041089e-94,0.020148356603307417,0.01799468837201181,0.03519217718430156,1.934702057669708e-12,6.698587990763412e-92,0.01950835149117521,0.016756871362543935,0.05872421850403548,6.528036653920055e-76,0.13565154984237812,2.4313763625874425e-16,0.022492927133980167,1.0431838444019251e-46,2.7671237731310045e-28,5.50142440089349e-40,0.021844986387065092,7.509140393946707e-40,0.032331106132106116,0.061540588232753685,3.651001676460698e-23,6.1412590455563595e-43,0.16750941553448945,0.05088349265740528,0.037559581334955,6.426110998720706e-72,8.6558484178009e-29,0.1743101684741562,8.754065361997235e-23,7.091939833005252e-36,4.940634140922893e-51,1.0220989823558076e-65,5.379257276979848e-18,0.09670225849593346,7.035853915198907e-91,9.999319980854273e-71,1.8591851471468863e-16,6.719125336195519e-61,4.2369672369736886e-54,6.953424991517058e-98,1.2296929492001958e-95,1.0845928849839946e-139,5.170472559287465e-63,4.360701432208811e-91,1.0058325366469891e-54,2.1052395863691233e-110,1.1386021350848042e-150,1.1708097926515012e-98,1.4666767106833253e-59,1.3304667933691014e-58,2.5892401037925033e-100,2.3048415148331406e-137,4.513033588461475e-88,2.9139488932228e-129,1.3226777649986595e-106,1.375575874677215e-146,2.4339673991146364e-126,2.765472340951284e-76,4.164393103996855e-140
0.0,0.0,4.4573011751404915e-253,0.0,0.0,7.123450006696541e-198,9.491023944180014e-284,1.1070625146223465e-214,1.6194884876265288e-298,2.19660392584943e-294,4.119074701881179e-283,8.493228179031668e-223,7.575814676432333e-145,3.783707623809482e-240,3.3276158690974705e-179,2.077659793196364e-153,9.447285437537095e-174,2.268459012588078e-255,0.005394609574579196,2.3391744102237915e-153,4.0351405936424963e-179,8.695597959752183e-131,1.826876320706077e-145,5.4248737861122115e-195,2.4312491752647035e-158,1.3292356603861717e-172,9.009495971151223e-124,1.3841025071602425e-124,4.087877421934557e-172,1.2486251918027104e-153,9.363980159572931e-169,2.669237030236094e-200,3.652751524955098e-198,1.9595387365483376e-173,1.662935019694817e-122,9.37194980453443e-91,1.962979992613549e-200,3.529289115842567e-105,7.538588580565448e-100,1.134622710441482e-216,8.771047636733115e-93,2.819751795724467e-72,6.644735959586249e-174,7.290522639530809e-148,6.014098662526748e-66,5.174709056257026e-119,4.952073836451794e-70,2.081771662481399e-71,1.8963016028177952e-61,3.4774593688802093e-119,3.878883102398039e-96,1.0013218311613851e-44,6.506851449990419e-90,1.2381292243627622e-47,2.8792593414837925e-19,3.57646521298219e-26,3.879395814547544e-57,1.8021068785598302e-53,5.3183487966473975e-42,0.012585396177717834,1.0552808807888874e-24,0.014777187650236875,1.1897500013486822e-20,0.04485470616215795,2.530759230110902e-11,6.846136765586854e-20,7.943710419961837e-23,0.125659894535158,0.04996577682688291,0.06012751193851326,0.09248638202132432,0.14324781400644127,0.05781792365278893,0.1353922745198172,0.06446809184952372,0.04102623570772637,0.0001920379192485948,0.044828631277280664,0.040977829920011054,0.061099683044150824,7.54038675761673e-14,6.41120924782493e-17,1.637272217284363e-17,9.323497064473955e-27,1.3849403880223337e-22,3.232920075520771e-11,0.005098012554562625,1.1454146345231533e-57,1.8195238230994192e-42,1.1126678920254246e-48,2.0635269709365228e-54,2.0024025371872257e-58,6.665323278808891e-40,1.212160892885924e-25,3.0133406652996155e-54,2.876149961892051e-69,9.73363179351755e-64,7.839206693538772e-49,6.041660166900752e-10,7.039539005034864e-58
1.33847e-319,5.774451139387224e-183,1.6119009440693732e-246,4.168012500508295e-309,1.1189595682630863e-307,0.0,1.9848778972480517e-230,6.121692403794854e-206,3.0927686612731256e-215,4.809158720198351e-219,0.0,3.599248113894669e-148,9.597267480127488e-235,1.7365542282850515e-171,1.5192562575445179e-149,5.273972950626404e-182,7.032229290321233e-277,4.685995460830386e-180,1.8440078616070563e-166,4.457486284667631e-255,1.6815856315522942e-264,4.90095002084583e-157,2.967069757624432e-276,8.59196461580731e-177,1.069246389477542e-212,6.413688409323865e-108,6.731837824936173e-207,5.69229354254348e-113,5.022045460124528e-136,2.3169464868565275e-192,3.8792536409545626e-184,1.0692604938102238e-122,1.3906561003157e-179,4.063192650469332e-255,1.8240158468652406e-135,3.295799882841526e-83,2.5272888207328626e-204,1.0964398696337903e-108,9.579759221295582e-168,1.8914614789200415e-125,1.8137965182760975e-101,6.22017192466704e-69,5.38776293448092e-80,1.7146362161689205e-196,7.292308133417422e-54,1.3063599753701084e-97,2.015612702180371e-39,1.2507963709399016e-61,2.185853627426261e-21,7.452262827060714e-49,2.1623849374077973e-24,4.325035667001838e-40,1.4717080362420795e-29,0.0028461156431941886,5.963190580409538e-13,2.0087397356415432e-48,4.890007227825827e-49,1.0788097827715644e-31,1.3885104405708437e-19,0.00015280204818086515,2.1039203470481124e-10,5.749130237777181e-22,3.181446867639006e-36,0.03520953103326621,1.8466029278852925e-10,0.0012436144538403731,8.997012071898395e-12,0.04400461595491712,1.1216839235004983e-40,0.07126904200312932,3.52734186625748e-5,0.0023993889777996174,0.06454388907846112,7.448805247427094e-21,0.030341547125441074,0.010612440996623061,8.182624089141431e-20,0.022605546798084467,0.037410835583149143,0.06962183180737737,0.0448617773455748,0.03577477548496088,0.0002765813757688225,0.07314061581702197,0.055395545157097804,0.012007521258509913,0.030419995519583735,4.669678115520633e-18,3.7215425245330916e-16,0.07050439503629842,0.04052892178420455,0.09734473482468091,1.5942195294862955e-14,0.04301695365511292,1.7430404660767174e-13,0.050451421497893674,0.015829503261012436,2.2953548555839607e-18,0.024076395763863365,0.01407438689145307
5.700068128457529e-292,3.471703377916615e-160,1.096231944633923e-179,9.476809396395192e-201,1.920841128512191e-260,1.6157603481852002e-172,4.486573217800859e-168,2.69294988081204e-56,3.485029205887349e-114,1.848411921478971e-104,1.1166313792593844e-138,3.1514611759213206e-77,2.2447823058496002e-76,3.629217124330319e-163,5.150559400450001e-50,9.370813132205713e-112,2.722329177902418e-70,1.6585349465573965e-101,5.643615845205407e-74,4.158431487324747e-112,2.4466525216820607e-65,5.795533073534638e-84,1.3335230107901878e-24,1.2244154219900329e-17,4.7518997727800295e-76,0.04940486080710528,0.09530520653612554,0.00820694231050634,0.06758826861595794,0.028217370853106723,0.006053623089363678,0.023184853685240175,0.0004678241987047803,1.257272112103553e-9,7.041387531474411e-47,0.07169767003240506,1.5470844309231371e-55,0.03314764912099382,1.1817435658133144e-31,0.09477388374114111,0.016506957322396616,6.407325132209881e-49,2.6980883467222113e-48,9.57362747519068e-16,5.6099227145546595e-61,0.07664578094074644,3.9306501130832835e-61,0.01842152949674607,2.2914699543023904e-28,3.1111333460418433e-62,1.416097785651882e-91,3.5393868158847736e-101,4.616561184746326e-72,3.273624605630539e-92,0.09621320240976465,1.052287511078622e-52,9.31780367913204e-60,1.1632945089131924e-117,1.7295839368464677e-74,5.8895112376789175e-102,2.01107840599571e-30,8.308088478640082e-89,1.8802681643286355e-69,2.1550975440060744e-80,0.015494666567629338,0.015102851722217118,0.021302085677001828,0.13512151565425,4.044069440339863e-74,5.549164566002813e-46,0.009656027075508061,3.2552628808756143e-74,1.35876355585411e-25,0.0003408160315240254,5.403859648385758e-44,0.0298007790787371,1.4618276488033098e-19,2.5939516566597163e-53,3.127879134465969e-54,3.717959947785407e-102,1.081830269634363e-115,1.0766662737725471e-79,2.2839426050095403e-112,0.06150521719852629,0.008506973388933562,1.675213927126139e-57,2.8202233988138466e-46,1.0018191432040154e-46,2.0467039784641084e-66,5.210927941974859e-100,1.4613242929699814e-72,5.227888198116655e-104,3.738192936313923e-112,1.4871020512181071e-61,3.1157366229849114e-106,9.176386900217227e-124,0.017333443188095404,9.320389967255701e-97,6.438630714166599e-64,1.6829239081750304e-119
0.0,0.0,7.36154787350759e-288,0.0,0.0,4.505828561813862e-191,0.0,0.0,0.0,0.0,0.0,0.0,1.26048e-318,1.0862728051968367e-262,3.459017367903999e-292,2.83482413686963e-278,3.1438001802874195e-262,1.8958807879882386e-216,1.5962052029108977e-273,4.778361821884139e-236,0.0,2.0918666849208507e-287,7.13931098156635e-251,7.193380355867293e-301,6.353587813542527e-198,4.581180795792687e-239,4.1333871473425665e-283,1.9604941631414488e-279,5.181747541611998e-179,0.0,1.6341444317643929e-229,7.615126958889376e-187,5.42035013412252e-236,9.184768397050909e-143,2.806163772907294e-209,3.7264926621095196e-197,5.713887978654402e-301,2.980488178850314e-250,1.4040453679048623e-277,7.172428423298425e-299,5.631523357695738e-196,4.558868727379455e-151,2.8396020044279524e-203,9.450796173996317e-243,1.7175496714379018e-220,1.9278459855889132e-104,4.321609988443941e-243,2.2988088282197225e-139,4.12808798013967e-143,1.054228496009491e-161,3.930145658659277e-112,6.0176015605515925e-133,1.7736288304416373e-129,5.637972098608851e-108,4.606596280059357e-103,5.909059648501785e-77,1.0003400228579554e-103,4.508912401596823e-69,1.9783604668327333e-57,3.367970197470799e-71,4.899501943199497e-112,1.2608854273616368e-111,1.2057717496509531e-40,1.3603729520166063e-79,7.699575211162915e-50,3.459815393560964e-39,2.652289455113433e-75,1.4937657787120494e-49,2.7271345562976018e-24,2.2586558792605432e-57,0.03363414880416174,1.4605639407660985e-29,2.0728013992049215e-28,4.42295356601754e-13,0.011810292173451063,0.03236853064642847,0.023241880887026924,6.655415021760277e-25,1.7737349420226582e-8,0.0012099428001840302,0.0001753556596508546,0.07776334300550686,0.10640717393394146,0.12605536039052578,0.11486389337545015,0.11723052543133962,0.12069486713451481,0.18073264961653052,0.053798964692096087,1.2288484548656395e-5,2.1271558382316476e-17,7.652268278675839e-7,1.8252997391489473e-40,2.3273114906298886e-14,3.778643963488768e-49,8.765658916500242e-71,1.891765000612344e-86,2.413184981809025e-80,4.983096944256709e-19,5.507034122141964e-55
0.0,0.0,4.382827001321007e-224,9.348749089328819e-173,3.306327602486875e-263,1.295644237943307e-262,6.552921235423186e-212,4.634429957536246e-94,1.4227777865243382e-240,5.143026367832736e-257,4.1409319919087594e-70,2.378791622269773e-125,9.585690248927318e-117,5.290261619050815e-56,6.278611462925333e-42,3.189922731080628e-134,1.0816397171924464e-52,1.1100860199481064e-81,1.096087777240557e-177,2.4467869096742154e-44,2.2956468915666553e-83,3.1227574287716773e-100,7.614390184230093e-95,1.8966826556041997e-138,0.02895701474126047,1.7708270385348095e-65,0.007153915975588216,3.3362647079528592e-84,1.1305503130019615e-88,8.242000766784967e-52,0.026552955920604897,3.021129218667315e-17,1.3981916699672414e-8,8.302058938764722e-65,1.9933268021152482e-6,1.0082765603000826e-128,1.9578769256459705e-129,6.852345496976601e-185,1.0155942331039856e-78,4.087725669995486e-88,0.024238391218629595,2.0412887498962495e-42,3.747472514775987e-18,6.708381642243858e-96,7.791296387122981e-76,0.03572193362253296,3.785856394361226e-125,0.10506008059956141,0.05069020050581447,1.8439454753309173e-97,8.139041494041893e-55,4.2259207112396465e-15,0.09433202578175051,7.048698223507104e-70,3.120205748705881e-132,0.015100340796467333,1.1989376815805572e-32,0.023478222970276835,0.044397357891893786,0.026441424754049973,0.03187799020879417,0.012887415967068966,0.06445086382511316,2.1012922746520167e-10,0.013112031145957263,0.023442485090518203,0.08844457963457733,0.001945621316769756,0.0034617935169405103,3.1512969386238234e-12,0.10318214327250548,0.05080436971177102,6.335995452694678e-10,1.3369497854137645e-28,0.04102644105954447,2.18840613934518e-49,0.02183984800559012,0.032341553657425956,0.02905699065338996,2.7406033475250722e-49,4.063630096728897e-63,9.241395141200218e-39,9.98755150398885e-77,7.00647112521971e-89,1.292488614495182e-97,3.6982244305188283e-61,6.321090268855624e-146,7.991614286472944e-157,9.457072421542742e-186,2.6248825462461813e-182,1.1229166292285964e-209,2.0249052333416926e-171,8.102348393063735e-228,7.157299677917694e-218,1.9687403127341098e-231,8.374535100205788e-260,8.478977689430571e-219,2.5461367216189386e-232,5.007258091635306e-287,2.854447370477552e-227
2.4373026512011605e-203,1.5007848644891796e-124,1.7060864144122997e-136,2.0210385319312587e-74,6.6141939006081975e-96,1.0787294493334128e-77,2.8012295996386366e-46,6.3267388420781814e-80,1.239900420528355e-16,3.0851883389170963e-44,3.104002551887028e-53,5.681455487889221e-41,5.335275113251702e-37,4.283409727863261e-25,1.6270307961372524e-38,6.98550485101107e-46,8.12439347710901e-14,0.01019733988205308,0.028830895948949987,9.301916558659456e-22,2.473753593764942e-9,0.047750371626357764,0.2062867611917164,1.2709053261368784e-43,6.573209991751693e-37,6.68106315297727e-26,2.85086467161396e-25,8.865982719524032e-19,0.06710636413569028,2.841219640419148e-32,0.026583850718347516,2.4464644054778043e-29,0.03707605963239374,9.680716015954821e-23,0.017678265488736692,0.010309786036222303,1.4031751335433632e-17,2.84235509284534e-41,7.91924132297502e-32,2.3514626103705834e-47,0.0974168080648088,3.382443600092293e-23,0.20604490400248898,0.021418167161497623,0.045840937805980475,0.12198131545772906,1.4128501026018677e-37,2.3457671383049048e-33,2.303119513426326e-28,0.014273160309678916,2.9521628175931723e-96,3.0945915853883555e-34,7.101994554245814e-49,8.038397725173616e-82,2.324208320589969e-42,6.185917640070408e-96,5.36703004758872e-90,3.666441986390985e-83,5.981694682426783e-102,1.3563868336514335e-100,1.05618039094981e-130,1.4123313338266127e-97,3.4451035124773823e-102,4.102185629423043e-132,8.253274590512389e-101,3.1270228555854763e-55,1.1720747629945388e-154,2.5565382139499792e-74,2.973309202491409e-115,3.7612773672689915e-168,2.3391724829851728e-24,1.46029870072273e-119,3.6149433526807777e-135,3.3040243753918666e-107,2.2389135320459028e-166,0.017078648704677606,0.015072023057586313,3.2914554253179657e-119,6.173996912143562e-73,8.113454788792952e-54,8.203650602264984e-39,1.5446300162454605e-31,1.595834479063772e-138,0.008430605585856465,1.5776908520509207e-151,3.2143295579635607e-53,0.0006237327153930197,6.098506017897233e-97,3.0415276287861563e-80,6.731711730471694e-150,1.2190095265746799e-49,2.923011944913507e-137,8.112293613231026e-98,5.437366318988434e-94,1.4896172340353355e-124,5.180015227280876e-50,3.182174092313828e-27,4.446413677366301e-211,1.4915285085795058e-121,3.484351815409175e-144
7.642451881103444e-289,0.0,0.0,3.7765131999966996e-149,2.348023327580642e-246,2.2039592436356824e-233,6.578774313911368e-89,1.0497639735805763e-31,0.018971137861993493,0.13067643798446527,0.000514064968433343,1.1715677543540942e-31,8.745262495129213e-16,0.00012445903784310356,0.034901292936789716,0.004676479339354953,0.010947091583082783,1.9834694942656244e-11,4.011621413329315e-8,0.007659384777729208,8.830523795337744e-13,0.017437238953554035,0.00011580806527588803,0.015551351106390134,0.0874581347810931,0.18822652922127842,0.1741770966085466,0.16074347263809355,0.08065167169082357,0.01506002248719025,0.0014077633624855032,5.952481674607736e-5,5.115131384832977e-24,1.4388523494456961e-12,1.6185921530992581e-7,0.002540229342350089,1.0349806141150468e-12,0.016490187460553855,2.6264312439575358e-12,0.0035486810396855063,4.900408076371165e-7,4.1320145240679605e-9,3.6575799055356427e-6,1.4866601516625512e-11,0.024694966449041972,1.4857032883555892e-22,3.8225534234612196e-12,1.1854093876702163e-31,7.24927230111655e-36,6.372852446945459e-37,6.404593885212837e-23,3.7051901105173225e-54,4.4827739157053915e-123,1.6175855847353197e-136,1.3166605377903704e-48,2.4214941904408413e-113,2.841048652008839e-234,1.8316871190584547e-93,1.0021818679199352e-100,0.0033626197145339913,1.527108513304279e-160,1.6707883790903168e-297,5.041557643567495e-199,3.0353712883243293e-16,1.7390835799557117e-292,7.0237931269201255e-258,1.3078830122568018e-183,7.1324568511096e-276,1.9566491116311427e-214,3.9359063426211925e-267,1.704448106971693e-74,1.5167493733615606e-255,1.9688810379197976e-216,1.1514429729635575e-256,1.0956718129447356e-35,4.503926468309895e-246,1.1428377574732993e-266,9.972145874447454e-138,1.1680193869149666e-295,2.607759683518009e-159,8.409922564e-315,4.3604327644559804e-213,3.299953277222301e-168,2.0987300876504764e-227,2.1258686131235554e-303,2.1192431766671172e-190,1.3292543156040555e-55,4.156833311874973e-107,1.5486702763276518e-300,7.675946e-317,1.7713885209786255e-176,1.2579873184953702e-268,6.90932275681871e-280,6.442926186871134e-161,7.719219261736948e-230,0.0,0.0,0.0,1.5568162983040502e-157,1.8338779952186928e-152
0.0,0.0,0.0,0.0,0.0,0.0,0.0,0.0,0.0,0.0,0.0,0.0,0.0,0.0,0.0,0.0,0.0,0.0,0.0,0.0,0.0,0.0,0.0,0.0,0.0,1.1362037185009537e-184,0.0,5.7368354958543395e-275,0.0,0.0,0.0,0.0,0.0,0.0,0.0,0.0,0.0,0.0,0.0,0.0,3.963332816337507e-107,0.0,0.0,0.0,0.0,4.5650887896954725e-220,0.0,3.4115386e-317,1.142783135120043e-280,8.750734647422407e-188,6.128904549290873e-239,3.47608649123578e-213,1.948504212561665e-309,4.5402606522521144e-269,1.2168844839404186e-262,2.757532149331776e-188,2.4190137485067368e-236,1.8041831810169733e-169,5.472431547346479e-203,1.49617705880767e-191,5.46934287963097e-229,4.2411897964429073e-184,2.69889019194758e-205,6.99043921314803e-195,2.3899311380364656e-156,1.914864307019626e-152,2.748913263054572e-144,2.2812576872984503e-132,3.0638461138539676e-152,9.538725120834487e-184,5.772620773679988e-144,2.904588026918347e-84,3.7942807536413775e-133,5.0827773187481925e-129,9.583513624791913e-124,5.140189665776682e-90,6.151467650658576e-129,4.392912607915431e-93,1.3294170802510169e-36,7.678102691152069e-81,9.761931400494508e-73,1.1830079412025198e-69,5.192810854284332e-102,6.46309634952651e-86,5.793753773850057e-73,1.0866007934787532e-64,3.244806207193792e-48,7.769084975806455e-12,4.283501579669518e-14,1.2180793982216858e-33,1.465354965340145e-7,0.10617406192000522,0.25530293207203836,0.43245061429486104,0.18033994545770687,0.012666930697408695,0.008142263870359198,0.0024835984749436704,0.002439506669368333,2.3675493652122935e-40
0.0,0.0,0.0,0.0,0.0,0.0,0.0,0.0,0.0,0.0,0.0,0.0,0.0,0.0,0.0,0.0,0.0,0.0,0.0,0.0,0.0,0.0,0.0,0.0,0.0,4.878531909355701e-197,3.3310122154381475e-306,3.1393066813701065e-243,3.428622774183491e-166,1.0079566674103503e-162,0.0,2.04325884795744e-300,0.0,3.379640255757316e-288,0.0,3.3083145e-317,0.0,0.0,0.0,0.0,1.415885932327769e-139,0.0,0.0,0.0,0.0,0.0,1.4449337105308995e-203,7.926277160448479e-303,9.265510832610897e-260,6.672250631433308e-54,8.919362844478639e-262,3.6605939403312686e-260,1.0787732405645334e-272,7.5839795259391e-215,1.997552380491771e-275,8.14933745126435e-303,2.2176000845539323e-167,8.624539460787492e-184,1.9314463758489936e-205,1.25206008478941e-239,4.032536205156107e-178,5.90358176981676e-197,3.191897339960314e-253,7.230375247207264e-200,7.650347627157403e-162,5.4587854270747824e-111,1.0450216486288281e-168,9.843808553920127e-93,1.1925064550041709e-107,2.6956882509863725e-159,1.6028389226394506e-115,4.425859186416353e-108,1.22389731701137e-142,2.9052803127421372e-83,7.790729298852625e-88,0.001793824417943062,3.4981821033179184e-113,4.0955954272618413e-112,5.382478066996693e-50,3.666717022755152e-74,2.0014227554947425e-36,5.350897268119143e-64,2.621994314290125e-65,1.8112725693585017e-55,0.00017961449013964193,0.007257416446898881,0.15855728684772596,0.29293182938960266,0.29146688672093346,0.17619373528965868,0.0645027025130541,2.180918722118001e-9,2.8174849667609056e-36,1.1713552975991509e-5,0.002729329753137052,1.212562642963461e-56,1.6043976537891058e-34,3.157995789109919e-57,0.004375658397011768,5.193831932452742e-45
1.41152087015368e-267,0.0,0.0,7.033783494936709e-162,0.0,1.7718243186562447e-71,1.0729900686738669e-31,0.047568036851355244,0.3252156643979553,0.06475795258122516,0.017596915102511417,0.021572748634310017,0.013430333344478186,1.3621938455028135e-16,0.03141847185628432,0.01674404427270746,0.017928230358535812,0.005804343643260047,0.002835823686053001,1.1848426404858222e-7,3.2881361687497655e-10,4.212025038883061e-17,2.717450294244975e-19,6.0667940862665e-29,2.3694686391481517e-23,1.0612669548544557e-18,1.8830541317099002e-5,0.012539734890881286,0.006349895419672145,0.049096491953582976,0.07161898716759735,0.07719013145778773,0.06677043362565414,0.040422769678493335,0.01950138392005507,0.013652797193031817,0.008084461997930746,8.278797870270711e-6,0.010811900566237143,0.0045833336917500455,0.0030569683726397244,4.5973670766507036e-14,4.027504299483782e-11,0.0035707577262679823,0.005114389210814983,0.003556931438981086,0.007957109580032967,0.018735080409449385,7.165523736140702e-26,0.00929914683145519,0.0015537863623614472,2.4583809332435965e-56,2.5599572148764936e-71,1.955548836403364e-123,0.0016337155840613874,1.193953260805238e-185,1.6987649300722888e-190,1.6616093876331148e-194,1.7359209399012975e-169,1.982964661232069e-33,1.0728335288730869e-220,2.993455994233699e-231,1.4625139231948543e-113,1.9745188787030287e-107,9.492086080953734e-258,1.4479992443747757e-280,5.105090223297753e-295,0.0,2.051595229832149e-221,6.707026243622351e-277,8.517312479942454e-126,2.8377328172632315e-205,2.9083000969784033e-197,1.4856568376730573e-127,1.1000694362424469e-63,0.0,1.3199281030326679e-298,1.3224961868810423e-157,3.0575979692516966e-289,1.5077220253249158e-232,0.0,1.7085202586378583e-161,2.927619148326921e-214,7.195967208035613e-267,0.0,5.958882253174893e-165,3.945570728243563e-89,4.910823669867991e-188,7.589235119733456e-246,1.5159886751170484e-291,2.8245439143047945e-160,2.929332790415592e-243,3.460441415943226e-292,1.4499902211273643e-83,8.133623404255235e-139,1.8760381000939027e-181,0.0,0.0,7.257453884310857e-105,0.0
4.0769994818639353e-230,3.7465441914579163e-244,9.088301971947328e-252,4.065289138624358e-205,9.623205944875765e-59,7.799718797163224e-84,2.2702453984080377e-90,1.4067032184745603e-23,7.240787764623303e-71,1.7817631691882086e-72,3.3871327312286576e-81,5.814502664098297e-55,1.1419867456578151e-86,0.025657466538188047,0.026139036243107244,1.430654275438353e-45,2.7837229526259555e-23,1.4757180852869276e-13,0.06883349531289884,2.5585380974049627e-21,0.32891990689862716,0.009494939304937975,1.4806375876559346e-16,2.4644309062155775e-20,1.344287793467389e-7,1.2640263492079297e-12,3.824482786575141e-14,0.35155096213884635,1.7474899726395575e-33,1.2536488333209443e-15,3.3637273393934528e-25,0.042321839812441975,6.900756349378134e-25,3.3970371206681366e-51,1.408328358957994e-29,2.468234567432872e-57,2.2920919629899e-45,2.416149783799206e-38,6.050357680231376e-45,0.01813161949605282,0.03461973409880085,0.015239254971372058,0.07909147408342619,1.6582220698841113e-29,1.3588685198758207e-26,3.707672911775309e-36,1.0172737872781435e-18,9.424254154585096e-42,4.398869717560175e-44,4.002398289419469e-36,3.8395726682559386e-52,1.2108330023076492e-44,1.4546559209582101e-61,7.662264064353366e-45,1.3667106983310527e-7,2.3843261960355205e-55,7.506038566773715e-55,1.1100675723126371e-75,9.364955911400165e-60,2.9411654856928507e-53,5.708678312158385e-45,7.884033571100861e-81,1.3864085094614177e-88,1.0072181776721648e-88,2.480173887769453e-99,1.5261338418413662e-112,9.070627734851773e-87,6.763002317676167e-62,7.1020273709991456e-93,2.4239202257541237e-112,1.004481877068897e-85,1.0278415290773747e-118,1.8146740223218572e-79,2.005152819423327e-118,2.2356151333167238e-121,3.0253151625809125e-90,3.8852541981204195e-19,4.0282640016416125e-98,9.540522017770898e-32,5.3978822919823604e-104,5.709178732537734e-131,1.2815146887323959e-103,4.8376931631495894e-119,2.2308834382443797e-92,2.1561134589870743e-150,5.498475025462907e-70,5.88535723155208e-64,1.8032388187844454e-104,3.8007832980946575e-135,2.0435503525943086e-93,1.0551342524182438e-67,4.385736887055983e-93,1.1364851108513942e-90,6.397200121695154e-82,3.466039111393884e-129,6.417493457364463e-101,4.0863596137048285e-114,4.189106149034548e-153,1.2607377998243552e-47,3.6072333213087467e-141
5.528187639045933e-195,1.60054647605017e-197,4.479766028227843e-124,0.005777612529159967,3.281209237844766e-89,1.1217111764332005e-57,1.5313139586404784e-49,0.007514156964156869,6.088364969283509e-97,5.550734647050004e-27,2.4002877605311954e-94,3.9551219410796715e-48,5.26927949538304e-173,0.0013336886893662366,1.4354652922833982e-46,1.9207509158341994e-82,2.4609832566414551e-26,2.4130449375111325e-76,2.4303774871645464e-27,4.914023391841125e-38,3.112875867676025e-24,0.005445839220928382,5.438112868944291e-25,0.05371542463380611,0.11103237934628779,0.015403603292807828,0.0660841436631109,4.125575508452917e-20,0.06714166510301761,0.03592226839027941,0.06566501808885658,0.0915124927801683,0.014090737900174023,0.010506531794553645,0.029642960005658473,0.026734589773472293,6.924633002811843e-30,0.00961543756617714,0.008441799932488408,0.02541915531667229,0.020987504217167826,0.06140065106226001,0.013611623872449283,0.05484666069388991,0.02100691742953464,0.01814681965696376,0.07382312009851501,0.01039050579520184,0.04604968975404605,1.3214134032230801e-36,0.005834930691189603,9.935614857891037e-37,1.440388071128656e-34,4.851153725279546e-94,1.5739449683157593e-114,0.0045844902011546165,8.134896129960521e-16,1.1666480787984707e-135,2.1119424723397495e-119,5.189125234909805e-111,2.563783887067823e-63,5.581369324784296e-158,2.323389655976356e-44,3.3405799571465426e-130,1.2144489942601553e-111,0.006882324914574187,6.385007086394787e-102,8.850104193372577e-42,5.872492414033846e-70,3.5958954710911113e-115,2.89137713199562e-32,6.096983055181962e-191,0.003064802134545647,0.005404450451546808,0.0029660005330147472,2.1909410764246063e-47,2.008640525927693e-94,1.5518802768840602e-86,1.6413343007660825e-45,4.265537618968117e-111,3.9725910980458835e-77,5.4738343078259615e-149,9.596117939363686e-276,2.974973811329834e-22,4.0821314915593303e-255,2.45652482687722e-99,7.066607197170638e-16,7.672326831661506e-287,3.2867517481129428e-121,2.381181346602348e-217,1.3019448210635539e-110,4.6364357649578806e-88,1.7190710486520025e-234,1.7990657956478976e-116,2.2410209995889634e-84,2.8132672837668915e-137,1.577467038961191e-262,1.7611954138599266e-259,6.221346361916797e-137,3.502802454223135e-9
0.0,0.0,0.0,0.0,0.0,4.663269392930633e-282,0.0,0.0,0.0,0.0,0.0,0.0,0.0,0.0,0.0,0.0,0.0,0.0,2.784978830856232e-287,0.0,0.0,0.0,3.7258721192877695e-286,0.0,1.301986652826886e-293,1.7242607131790608e-232,0.0,8.700269831308243e-191,0.0,0.0,1.7371309597335702e-307,0.0,0.0,2.600980917222012e-289,0.0,4.630967328613037e-243,0.0,0.0,0.0,0.0,4.982593897961942e-188,1.2878259047661885e-270,1.307585878988899e-195,2.1964145760317235e-277,2.1789352254590593e-286,3.791217396499458e-226,5.711567743826043e-204,4.077811741217289e-137,1.7613378898444126e-132,3.3606194106523926e-201,3.26631442916257e-210,2.6589838763233462e-73,2.454128129246882e-181,1.4943557070916302e-171,1.1216081047548847e-114,6.7166803274851614e-217,3.176143467609087e-55,2.870092602434877e-113,4.267212049811914e-118,1.0977713703948004e-103,4.9303325895930013e-85,2.186315313491193e-130,6.271033632512978e-56,1.4780972685443834e-135,1.4799599910864995e-78,8.68538848793836e-33,0.00012805042812586397,4.141747136454596e-23,0.0015242176267527767,1.9180540193958807e-33,2.5001007707302197e-43,1.784058919399045e-38,0.0033844563666807453,4.395736840862102e-23,0.003931610909454838,4.907620346144496e-13,0.020304695943122505,0.05801798618828083,0.08400477319980064,0.10992263913328071,0.16033901557628374,0.21080520897616456,0.19276070960167196,0.11258779375268009,0.03178598153845236,1.820152894497038e-10,2.7615530800500274e-38,0.000985088533948071,0.0013461858556949558,1.4664381463671037e-28,2.801191598931353e-37,4.431910034704608e-70,7.806824164722646e-10,0.0014426682855299615,9.683890451881237e-38,0.001417104000183826,2.2852264145178958e-60,0.005311806804081835,6.3166212026650275e-9,2.7572745204797186e-86
1.5321457627464396e-15,3.634742981326305e-13,1.450947694330305e-17,3.8241048844062325e-37,1.214587255082693e-25,2.0245709742606565e-14,0.0022403697977641823,0.0012163819562289388,1.6137571937799567e-10,4.283792674604798e-32,0.002184673179857231,4.272821474998723e-20,3.307595022988499e-62,1.1369227308062102e-32,2.095903830815135e-40,2.85296270644398e-27,4.561392426485457e-22,2.043486474244617e-12,2.0923272290189298e-16,0.0016411895938074007,4.904880861895258e-23,3.1356262426927884e-19,0.0014714645053930406,0.03542520793064346,0.01755110664486366,0.03165844647987871,0.04704513672001019,0.039227072367714444,0.06120996853952001,0.05682473926136845,0.06856038336431625,0.08355057260231123,0.12242943294768412,0.1464031203819935,0.07024714186353542,0.04387802695265835,0.04336146256767873,0.01958469025173081,0.02139805930473449,0.02268976248412644,0.01866143338630359,0.011418414322566302,0.002217490734603381,3.523558558980396e-5,0.005763174562368587,0.005802196250952165,0.00016782473506050534,0.0075273914790287355,0.004998469148085994,7.204795552653829e-14,0.0010568667281879872,2.9941801650047875e-7,9.670162037107794e-114,8.423744298576567e-93,3.496940788099411e-162,3.4927439002237792e-161,3.1577045251506626e-19,1.7192608241248674e-76,1.0297338794591098e-211,3.530867022711038e-76,1.411787845716677e-94,2.029784184531017e-146,3.6066831487078606e-98,1.2250732595860117e-191,2.7930129796222874e-285,2.684719293888376e-216,1.9837037304974417e-282,8.616340263798308e-45,0.0,1.6198343492660543e-48,3.400042601553999e-185,0.0,6.923327908026809e-147,1.5179769204856585e-274,3.119990346057e-312,3.0872936972454464e-304,8.181745949519323e-53,0.0,4.1050853884808e-257,4.145e-321,1.0626307108365692e-289,4.22691984613044e-302,0.0012764096904983764,6.090969483814315e-221,0.0,0.0012763840970425448,1.2616199310339702e-290,1.2312002252638224e-254,2.9078531965320038e-93,9.435849428773424e-64,2.541847994777056e-68,7.690665886754676e-162,7.103e-319,1.4060185117261364e-182,1.6566e-320,1.1665628155391487e-234,3.4169811161134414e-202,4.341687102138788e-272,1.7405251490777015e-199,1.3846581269475554e-251
1.0,0.0,0.0,0.0,0.0,0.0,0.0,0.0,0.0,0.0,0.0,0.0,0.0,0.0,0.0,0.0,0.0,0.0,0.0,0.0,0.0,0.0,0.0,0.0,0.0,0.0,0.0,0.0,0.0,0.0,0.0,0.0,0.0,0.0,0.0,0.0,0.0,0.0,0.0,0.0,0.0,0.0,0.0,0.0,0.0,0.0,0.0,0.0,0.0,0.0,0.0,0.0,0.0,0.0,0.0,0.0,0.0,0.0,0.0,0.0,0.0,0.0,0.0,0.0,0.0,0.0,0.0,0.0,0.0,0.0,0.0,0.0,0.0,0.0,0.0,0.0,0.0,0.0,0.0,0.0
0.06465626,0.028286383,0.024432432,0.013517631,0.012158569,0.01267767,0.013654877,0.1159202,0.014098857,0.0848768,0.062940404,0.058105886,0.05965836,0.015996937,0.013082186,0.042737924,0.14446011,0.02120731,0.023822457,0.050550014,0.053543154,0.01456287,0.04624087,0.16756992,0.06648792,0.016469445,0.12265986,0.02566399,0.04442835,0.027526058,0.0252417,0.056601256,0.013876644,0.013317632,0.15172264,0.072504595,0.03558352,0.2333568,0.022944186,0.1038771,0.033946972,0.07682093,0.017043868,0.039219014,0.21522987,0.1591047,0.12991963,0.04092559,0.09942664,0.021826977,0.030809484,0.022423062,0.02339523,0.087258965,0.32046703,0.07042483,0.011803574,0.020642996,0.055161476,0.049127225,0.029474722,0.06844482,0.015447102,0.024845036,0.09560199,0.080616914,0.019449195,0.018818868,0.07462609,0.18592592,0.026165487,0.014935851,0.17576534,0.020049745,0.04778255,0.08259131,0.03750808,0.014753286,0.05199092,0.06129409,0.017724661,0.026847657,0.012524146,0.015690688,0.014237887,0.109540895,0.07874468,0.48647535,0.024103131,0.013779782,0.015219611,0.09250821,0.032241136,0.018334532,0.25919846,0.013981961,0.19950834,0.13745189,0.014394353,0.08974686
0.018818868:26,0.020642996:29,0.12991963:87,0.053543154:60,0.055161476:61,0.015219611:18,0.06465626:67,0.014098857:12,0.015996937:21,0.023822457:35,0.072504595:71,0.14446011:89,0.1038771:83,0.02339523:34,0.013517631:7,0.026165487:41,0.012524146:3,0.16756992:92,0.058105886:63,0.05965836:64,0.021826977:31,0.21522987:96,0.2333568:97,0.033946972:48,0.06129409:65,0.014237887:13,0.08974686:79,0.020049745:28,0.022944186:33,0.013317632:6,0.02566399:40,0.049127225:57,0.17576534:93,0.05199092:59,0.04778255:56,0.07462609:72,0.024103131:36,0.0252417:39,0.12265986:86,0.026847657:42,0.1591047:91,0.018334532:25,0.027526058:43,0.029474722:45,0.013981961:11,0.32046703:99,0.056601256:62,0.18592592:94,0.04624087:55,0.016469445:22,0.09560199:81,0.07682093:73,0.024845036:38,0.0848768:77,0.024432432:37,0.19950834:95,0.09942664:82,0.13745189:88,0.013779782:9,0.050550014:58,0.07874468:74,0.08259131:76,0.011803574:1,0.03558352:49,0.02120731:30,0.039219014:51,0.07042483:70,0.015690688:20,0.062940404:66,0.06844482:69,0.04092559:52,0.014935851:17,0.014394353:14,0.01456287:15,0.030809484:46,0.04442835:54,0.1159202:85,0.014753286:16,0.03750808:50,0.013876644:10,0.09250821:80,0.01267767:4,0.109540895:84,0.013654877:8,0.019449195:27,0.042737924:53,0.15172264:90,0.013082186:5,0.25919846:98,0.032241136:47,0.06648792:68,0.017724661:24,0.080616914:75,0.017043868:23,0.087258965:78,0.012158569:2,0.022423062:32,0.48647535:100,0.028286383:44,0.015447102:19
