40
0.7678304275848259,0.02007661401782932,6.73683265698876e-30,1.2968393492216345e-59,2.5294654480492656e-62,0.05845736143130505,9.652952002830227e-34,0.003490322165531169,2.8026994363504124e-6,1.0716511657779125e-21,6.623368512957911e-19,1.4137133954996677e-15,0.033312532698955635,1.571954516788292e-45,1.0656120576478524e-17,4.3686537821070945e-64,0.001230845944426949,8.990033181715261e-23,0.07766627089155682,0.004372050410112881,1.984773826166716e-17,0.0027394536519125315,0.009312154252644454,6.965124166011122e-10,0.0023432302108797503,0.001210360074579943,1.4016101998521818e-62,2.28658347786016e-52,1.1601929606067764e-16,0.009131666593997438,4.939289376636781e-10,8.925789627780059e-21,2.582213555688049e-51,1.2685629008867022e-84,1.0085809958859681e-19,2.5668593123067508e-14,6.133463536806928e-52,3.540187785363886e-23,0.007380269581692624,0.0014436365998446907
0.07337494138039669,0.7373848834167209,3.0843985592124504e-11,4.576859259359667e-50,7.550729282089813e-66,0.010966798155481126,3.936514261787436e-24,0.004347988208459745,0.0014904056205304274,0.0016472753688991908,2.0165649349457135e-19,0.027645267845163708,0.02914271987887203,4.53752731480862e-51,0.0006436325653967417,9.06996087623251e-47,0.029844219126286965,3.272255637522214e-28,0.07213831544360144,3.237194965809943e-23,4.93243407965655e-14,0.000936362408671231,0.004838489453818934,5.5004330131141615e-36,5.061132024145928e-18,0.0009367440711281616,4.283631777626429e-60,0.0036924006248826844,1.2706563016525643e-23,4.612977644442394e-5,1.7604214017973964e-7,9.355552790050128e-27,1.1429844208278538e-50,7.630052707650143e-29,0.0009232505822014124,3.9006319469921444e-15,4.0292158569292616e-36,1.1998213072153817e-32,1.3247876472055338e-35,6.817549433934967e-15
1.1516055899601619e-28,1.2034743780669734e-33,1.6625660037635584e-5,0.035615575723421104,1.7143929488999368e-10,0.004694196744518299,0.007470624901869875,0.0021761369794412863,0.01424472992563681,0.006527331966978671,0.00766624548064301,2.532658751449619e-9,5.825381111689917e-16,0.004012733050196599,0.13824574695412878,0.0035024195030028136,1.7640222920080188e-23,0.43461052249475024,1.6632146149525614e-8,3.644636277440773e-6,8.560075038118355e-9,2.21243112123598e-69,0.0588361014219911,1.2037472095553639e-17,5.4276155791548365e-68,1.0850566758708056e-5,4.048208238125783e-17,0.0004640718499204455,0.0018989947153547034,3.382012078264317e-7,0.006779582113866949,0.09589524966237695,0.006812668345110027,7.448981022630849e-17,0.02098703902603933,0.023132170410063987,8.037174131654053e-21,0.12234019358895941,0.004056178180771664,3.5632250295001073e-13
0.0026831955889842067,4.1153610673634897e-19,0.010389450774768258,0.5982745628101975,0.004410230994173987,1.0485085269073716e-12,0.001825230257534973,1.5838561458577742e-15,8.198907475095658e-9,0.03738062148071741,0.0149370571873074,2.0773814913284955e-14,0.007161841280272056,0.00044505502125251,0.04571719483690656,6.243968462349083e-15,1.6169038795633287e-23,0.050949955768689846,1.3133033287711976e-20,0.04063053608888617,8.943626272437955e-16,2.0295148884688078e-79,4.0212702325785434e-5,0.0002480687134087882,1.589498762631261e-61,0.017599323407638666,0.002653871875382874,0.016926191583806014,6.960797375789488e-19,0.01261502010333552,0.013037426338884623,0.004577054586254365,0.0008960314776221632,2.9928816367747197e-19,8.749693647497055e-21,1.1164769785944318e-21,0.003161714908144661,0.09988920569352867,0.013550938290112549,2.987892012107855e-11
0.00014019685065207277,0.007856393868873702,0.00858146704297827,3.083991715184196e-22,0.6682421745190261,0.09680526891598312,5.7856974945574e-27,3.524322254423214e-72,3.9764852508211446e-24,4.041359073822447e-36,0.03625152215105245,1.8664318565419103e-14,0.006376553874123006,0.0037800436416170567,0.005807950488901561,4.121269552301064e-66,3.731965745404641e-65,1.1781869835506358e-13,2.3260074884059753e-8,2.0540395180906816e-16,1.2899538149609861e-37,1.9132237789901086e-75,0.019040004527926296,0.004482562457486112,0.1265952858133804,7.456336914363878e-5,3.0375403753042396e-40,7.133068012649171e-8,0.004676483100248161,1.8351214140222703e-31,0.0018926976838944682,1.3419496139734809e-16,0.0016876498464239956,4.154816873341986e-22,4.527706744742687e-81,0.005080093955607682,1.7218396632111538e-22,0.0026289933017902764,1.5438634760567437e-86,2.998844814804523e-50
0.02449612760543726,0.0037845621553312765,0.0017886689352843467,9.749180853047153e-34,5.688579405427402e-63,0.7894417821277143,1.395740101820586e-58,1.1275892268873658e-7,0.0014809473349274927,1.4220321786976587e-18,3.044132515283519e-12,0.009244269364840997,0.012807312456520592,3.487964604822047e-58,3.854280960408744e-10,0.0010936202408118136,5.562329447156152e-51,1.0432853689882036e-22,0.09116908480406244,1.6764438238518194e-31,0.002679311002213965,1.4058280056616688e-34,0.014264225771891126,0.0019804187507408374,0.03209042726168491,5.6686504976055545e-18,4.194086057705307e-22,0.0037099981846394326,0.0008858956172137623,5.40599238832753e-7,0.0006813010182692263,8.050814483102527e-10,0.0012280520570346,1.387899176349702e-19,0.0020921118919773455,0.004414210432376477,4.143027843650049e-54,0.0006670184353123395,4.1135225575820157e-38,5.70305255030791e-37
5.852258838540595e-20,3.314024886104408e-8,5.123641112854838e-19,7.163638469331122e-19,0.003829909634334815,1.4722865535223188e-30,0.7037759283813652,2.775418340472637e-9,0.02257405999530586,1.4548560511674667e-18,1.566213328998826e-9,1.2359477292886316e-10,0.018119241652938312,0.1923254317879738,1.5400976920985434e-21,0.00274669496563079,1.4375715676318456e-22,6.585150532888032e-33,0.0006821149604964885,6.473191294302163e-24,5.9880049018058155e-6,3.008948001382183e-107,0.016750182324169374,1.589462373927985e-23,4.2189310780782456e-15,0.005529230918179248,1.0349534770557136e-34,0.002751363375584309,3.277891057037501e-17,0.002090151778180392,6.228292799656534e-14,2.0452287517084148e-10,1.5138144625927001e-64,2.280118159002366e-16,4.366756001343129e-36,0.027210241656774468,0.0016094227540999029,3.019868669096106e-16,1.5825834029826373e-23,1.4541082743083938e-24
0.0046595366183006005,0.012400336139131435,0.0037449592592159794,5.408327921819541e-7,0.0013463852002223349,2.7516338749223763e-43,7.605456699512586e-42,0.676112792583761,0.0033457052205572353,1.998844392661828e-12,6.084374650669128e-37,8.48605307825202e-28,0.02383812181136336,1.1629762599465929e-14,3.7430180317027595e-18,0.02921020276630281,0.12149882680220717,5.966909444267543e-20,0.0012059847214368601,1.8472011878982714e-41,0.10067483074967916,0.003146089909327477,0.006355782866674487,4.54348097143995e-28,8.904430168284949e-88,1.8903140798458027e-50,8.900190643480238e-86,2.723920782992116e-59,4.49883253294259e-45,1.4344136169757425e-25,0.002674767311493808,5.578779783325065e-12,2.312154748055976e-121,2.972753119682598e-20,4.721140172817074e-61,1.487791458353304e-37,2.0435632053461374e-100,0.007243989458116909,0.0013630383215845517,0.0011781094202433888
3.711640724004362e-17,9.228148041911427e-20,0.008419821524061353,0.01841663257479725,5.502164396175195e-45,1.7947476346028396e-25,0.0022357522561558215,1.0109390365725504e-15,0.6667999240603052,0.027265558244773246,0.014358546977394096,0.012695542784315353,0.0016874051665259028,0.014479960962075638,0.05432126217836756,6.495727070217639e-23,0.01086827210121857,0.0019212412747036535,8.526561053332605e-13,0.029378393921910845,0.002214321942224785,1.3554443043425115e-25,0.015782235188703125,0.023015170571568072,3.688838325137441e-7,4.48506464952342e-8,1.493007087910822e-15,0.017016060112629676,6.325818679567493e-8,0.0004990901148306706,2.449938983747482e-17,2.688346728291018e-12,1.9291147276465108e-24,0.002941064004168565,0.001861602704874862,0.05333835001349062,1.0481462248643044e-34,0.014695073969201397,0.005572547608896221,0.00021569274659821106
1.244537725136225e-25,1.9954103120080987e-51,0.03052239229740924,0.07372893085106978,2.2593904318977846e-34,3.396630989715802e-55,3.1415848173180436e-5,1.370931849837295e-12,0.00015021592192934296,0.5253305725191361,0.02439256119440507,0.00012809434028823578,0.0023330612733949703,4.152619186797883e-10,0.0005683106399742122,0.009464386969221207,1.4717094001208716e-51,0.00986957103163632,2.934979075386525e-14,1.323194699750145e-6,2.048684658026425e-9,3.3872592970609707e-59,0.01780364501763888,0.0007346886262583244,6.923730647943904e-40,3.3280322175343247e-7,0.0037167066765115206,0.0028477915027107443,7.382277536689388e-11,0.09293751031567885,0.014197697569008186,0.00010708113140712403,9.465409733755003e-14,2.2723938769173775e-5,0.0002365734007390241,0.018278613094066122,1.8093482791533822e-9,0.0018735086490620082,0.004048527504337974,0.16667375934064027
0.13174235001002585,0.14433049798060438,3.1726504081684766e-22,2.993377788684489e-18,7.541062613096005e-14,0.17814459667181115,3.9592139965828167e-7,0.04358599314175682,1.2367940725763388e-16,1.7673804717798614e-24,1.4768253761851016e-7,1.9030743762292144e-10,0.07613091169734444,3.056399412121019e-9,1.3883224627621947e-22,0.03166929348783747,0.1037124854911409,2.434997493569869e-20,0.25217853471891083,2.6263692061591737e-12,6.40186773123199e-10,4.0378922899824205e-38,2.531419936748978e-16,2.1383778259319264e-9,3.3977850081789204e-8,3.2629661268089317e-12,0.00013852527494314694,9.351734805533612e-29,2.1091464338820447e-20,3.612082980368237e-14,6.532883467676757e-17,8.901825378134153e-12,2.360179919983159e-8,0.03836619709995216,5.197886140400561e-25,7.2019118271049846e-9,6.810053894119736e-22,7.211284275504695e-22,1.4290416368112356e-35,2.7323335358981137e-40
2.7829739905443057e-10,0.017528698332098257,0.1409536890725794,4.803051160416987e-7,2.0520705818364449e-25,0.0028519330035469783,1.935425691785287e-8,0.019381920651057937,0.0250409305938516,0.001102654441709764,0.02206182370186999,0.17149275702022565,0.009247540607102103,2.0013839188441893e-8,0.0007557036884155818,0.05368143238501571,4.115558793757761e-14,0.007656383870980905,1.0265618852561254e-7,0.00011231782358298979,0.11448744704246923,8.755807246049614e-75,1.398626290792074e-5,0.023378936061907135,6.806834931936123e-20,0.039676733805457436,6.959005718170839e-8,0.059431288425266175,0.029335567510764084,0.2183650061465251,9.044109980497071e-10,1.3372882351515919e-8,8.58775255645372e-37,6.680334644362204e-21,2.1009106500351295e-16,9.449690411984277e-8,8.865633048479714e-33,4.6154388991472977e-5,4.80739788060981e-13,0.043396294191199815
0.02180218189414668,0.019112478119611205,1.4545132372475485e-11,0.001219635730675874,5.53574878421975e-56,0.016975711402565603,0.04463821655482073,0.007223463799355667,0.0009214529816630918,7.300745358950904e-23,5.9697764353864405e-15,0.0012987553720811217,0.7516635919857638,0.0005702590736738961,2.9913711732407834e-7,0.005296204011580293,0.016407415266103936,5.458128683080726e-15,0.015228210788460896,2.227146244286432e-13,5.528721059690466e-9,0.04392466723603607,0.005919502033558995,0.007479497391653752,2.2378881414845514e-5,1.8032820345318603e-8,2.078175326291629e-81,0.005319282325246957,3.075972113723669e-24,0.017732408418797082,1.6084258253986815e-26,1.8819744321704618e-7,3.4997128535222478e-65,0.002545416476933941,4.385535854198322e-27,0.009096094377999705,8.307155363825938e-87,1.0422931203028142e-15,6.406185800457922e-5,0.005538603108968961
2.3988180924952766e-34,0.01794720538136247,1.1328370431688363e-40,7.8134171885742e-56,1.0349690357723807e-57,6.559576991264871e-21,1.3498150018952065e-9,1.6931731241828762e-28,5.244397037512841e-11,0.01440490346827977,3.925195362597729e-9,3.853666861009836e-8,0.05313691620474038,0.590145372488166,0.007205764959871386,4.722048647341372e-6,9.925860878835428e-50,5.725315423785898e-49,0.0006284847399761456,1.3287050962394406e-40,0.00023563740195662512,4.283657723601781e-125,5.442658640465606e-51,0.015494307877830389,9.576510948731143e-40,6.733311561391788e-32,3.2667688212296336e-69,0.009055192018822577,9.2445257045793e-28,2.6278681753307555e-23,3.065217041170457e-31,1.373292483578492e-20,1.7316276728832082e-80,0.291741449546224,3.1498027096863674e-87,1.3559302229448452e-28,7.737575603798093e-40,1.620007327559983e-19,2.8558076371160894e-79,1.4834049158605547e-41
3.0697262838765654e-27,0.0013388165635987495,0.005503634495192051,0.035520933338430656,1.3130822104663188e-10,4.047846505692755e-18,5.184945479595553e-37,0.001340934907601441,0.00017537642226641003,0.05038517995901158,1.5366608659255423e-9,0.03021764493172838,0.0029643378854499985,0.0028150281882279183,0.5960599587477411,4.4647062547141474e-9,1.8516591372955973e-42,0.00018780378220471217,6.118615893753256e-18,0.011633253791958321,6.979320676501043e-8,2.4368204291698822e-110,7.165189849870385e-7,0.00903860059816706,5.3455391366612114e-80,5.11600606211251e-13,0.008302618235918558,0.018418351384128777,4.2781140229089543e-7,0.001815168362767496,9.472202725497394e-8,0.140046020573756,0.003079354697642045,0.013880201099576923,1.750495941698292e-12,0.012194444934798111,8.813594645511213e-11,0.050719260779888614,2.222533535856735e-9,0.004361759028717059
9.888406657661967e-40,1.2704804670409664e-5,1.1424579598276041e-11,3.3277248757334475e-36,2.6592860033699175e-46,1.3673505068387459e-55,1.3994156948593039e-27,0.12129323463936748,0.024500195250809532,6.5292973341941104e-18,2.7566123010244395e-23,3.877919225753774e-5,0.03436955406693448,6.687528535300875e-39,5.0384994860818744e-18,0.6934626266709928,0.020608955820265663,6.815051490143578e-21,5.549443963581903e-12,4.4949854420458746e-49,0.06811893831588037,0.009342919305702389,2.943979291527737e-6,0.0018692057065465072,0.00452582727136507,9.76449164597602e-7,8.216621760400515e-99,0.0006688730343630461,5.528690343038458e-36,2.794246966238894e-19,0.0009816952083925986,4.767107189278333e-12,4.4361408757281234e-101,0.020202374249842996,2.0498932039784537e-89,1.8078670606036657e-20,2.754203470810102e-56,1.9601241181108625e-7,1.8108075888024467e-57,4.319899247461353e-52
0.014256295169246709,0.07989671042749866,0.008475103595847142,1.1761155007171413e-49,4.1426856706538094e-85,1.0714678700754767e-23,0.001141570109908341,0.03967947906375592,0.001136793001423309,0.007510347455109215,6.711306889604703e-22,0.02372743562169439,0.044374297488264214,1.1434243781094176e-35,2.1242425567612565e-10,7.786311257649668e-37,0.7493816382607192,1.7632676434990085e-13,0.015693444940796653,4.962080605460431e-12,0.012533391998871376,4.557526675371271e-41,3.288106376518305e-10,2.598504979228793e-38,5.766604302062167e-68,6.9513906890690515e-40,4.46572960428115e-69,3.014885711842773e-14,8.151239351323349e-28,3.465807232862844e-6,1.095899382600971e-65,9.667654097848857e-17,4.942556861385795e-80,4.0177615991284297e-56,1.810866593564909e-94,1.4276264291953892e-18,2.5313636662118573e-45,2.9055780204879484e-27,4.5804477093203746e-23,0.002190026513228511
0.0037904090331880706,1.817621252318644e-6,0.8260496611754725,9.238741136395942e-6,0.0008365426485581473,5.8737817919964366e-21,3.043129249641634e-7,1.9728948800442776e-25,0.011262450393728174,2.097118174801702e-9,0.0036112406160101083,0.0432041094967551,0.0008638617067391928,0.004512724816397944,0.01680575319186315,0.02239924235385666,0.006482030197838139,1.1021198395053585e-5,0.003424633778189621,3.9512630833954465e-13,5.195014126093196e-13,4.508196537184618e-108,0.025886893437030784,5.150748318274107e-6,8.20645610447667e-87,0.00011364109165684712,0.0007076137522173995,4.62623568599926e-7,9.67846138425907e-7,2.2529347723118546e-8,0.0002976020129246576,0.0009235733783908973,6.220684694994493e-10,0.009618042449991133,3.9200357112897047e-19,0.01652310452874772,6.714491660379824e-12,0.0012576967099317213,4.470342477313112e-8,0.0014001401791899416
4.2899133239461175e-5,1.3420620730917464e-7,0.007197256633014575,6.866945376600406e-10,4.760632450850687e-9,9.304486208329772e-18,4.0708080224658364e-7,2.5225721861297306e-20,3.071288428776223e-8,4.5261954961198295e-8,0.1679928210993377,8.55383596603762e-13,4.629634940755138e-16,0.005595958411721881,0.01926263190711355,1.1834398538346008e-25,1.568825964210593e-30,0.023374529447824647,0.09678261718999762,1.0977660271698076e-12,7.069880379608285e-10,2.4733774130914284e-67,0.052900356664669065,1.1664612657848622e-26,1.0415961180233476e-6,0.009558348578749674,0.12509253448458163,0.014951043399522525,8.608243842251377e-17,6.356787955483167e-19,2.4926548196147536e-16,0.004202261931842875,0.08874420906284602,2.0159778931352117e-31,0.1438968242743175,2.183168522351648e-13,0.02322893009528767,0.0060820751273168265,0.11201198078319735,0.09908105676096546
0.018184295582751774,1.3159898437139956e-22,0.0003280010604171953,0.06345753953972437,0.003505748287941513,4.996371710862134e-39,1.1899525364784896e-13,0.009837867299544117,0.055913717447828165,0.018490405574733373,0.023057050310095657,2.3592464512657085e-10,6.872388184478175e-7,4.445709142516324e-16,0.03482413132401134,2.454609383910648e-15,1.6970422148940207e-24,0.09654588194328213,2.5392694428980487e-18,0.5068032991003124,9.013987490716983e-16,2.2380021097989225e-91,0.006167052754382899,0.00014635874750096949,2.0897905933708644e-37,0.013243084599515205,8.735844644491997e-12,0.0014606681394924122,0.019563299582503316,2.0945297389404697e-6,0.03709919859682359,5.290933033221557e-6,0.03901744214745746,5.592461871035485e-28,3.3910172305606093e-15,3.4074500879866066e-5,0.013417544401032164,0.038846690325852265,6.2673648496632525e-16,4.857578753997593e-5
4.167816342878213e-16,1.080835451560901e-5,2.4085004312919e-6,0.03950964943643589,1.9076387820906895e-26,1.279708087935302e-36,3.1210992674725744e-11,3.5910399051024567e-17,1.61417553323913e-14,0.6695105146240881,0.002929373570373679,0.0007318295609481659,8.737878506712513e-19,6.2224799563229615e-31,0.053108046088248796,5.162653116216885e-13,3.402701061059617e-23,0.009508697988650576,4.519884969699769e-21,2.613209275788871e-13,2.735175684106739e-10,2.6626148304410763e-68,0.11244181529345791,7.780910827897776e-17,3.1441158551332616e-19,6.769702159878706e-11,2.1728158394203507e-30,3.175628310005211e-9,3.0393306502397297e-16,0.00023048711885637158,0.010200879600682717,5.706823722138987e-6,2.2759795079660006e-40,2.280120977121556e-19,4.672489349463109e-8,0.014861409708463029,1.4196681509066547e-23,3.007302858200968e-9,0.00020304906813160925,0.0867452709819495
7.830296534495264e-32,5.91876516378816e-99,1.485529699156949e-46,5.9263656253781664e-74,4.093153058491938e-55,0.004067254924715264,0.017833508496229857,2.2812415363045406e-48,5.020647045334399e-55,8.25389113441281e-123,4.838638641828028e-12,8.152312929827358e-11,0.05169889103274251,0.03042450506690902,1.884900582141934e-76,1.849208590497112e-22,2.2460706134196907e-107,1.108792868328593e-50,3.695297031810958e-23,4.939075103136658e-77,1.5983324708349233e-67,0.8664995461258024,0.0146098896018664,0.005694521970631234,0.007534069178617274,3.262613651504504e-70,2.1274687390262462e-153,0.0016378135161210113,2.1737597004914828e-62,3.0917370434803784e-15,1.7873204317933423e-69,3.7978947468535827e-22,6.125500360639803e-210,4.55420163095757e-20,6.653515125969065e-147,4.964137919155038e-47,2.8458670915998174e-121,1.7775906847489054e-93,1.3962209746854718e-142,6.093734300826548e-91
6.475628632520486e-32,4.151949424254233e-9,1.5055656519882571e-6,6.026127678331335e-6,1.8233034182210294e-18,1.3836615633524416e-33,8.075631317004819e-16,2.336068841370562e-27,2.1527237835068988e-11,8.573787866181379e-11,5.9751293750716955e-15,0.01293792273687279,3.035969885939754e-14,3.457576187054732e-16,1.8074447427822454e-6,3.5191664079890202e-15,4.426408695297029e-17,1.233659216135577e-8,7.044677265995496e-25,1.1246680104846857e-10,2.4836644175357288e-11,5.435058278885353e-105,0.013615810021029212,2.474512061215432e-9,5.619108962531447e-63,0.46934822025091605,8.573425007369288e-17,0.2752867871519968,2.3941138945112442e-11,5.317724602110558e-9,1.1985188434618741e-14,0.1779518317670073,3.199345745578628e-22,6.414640663053038e-13,3.745448949617841e-17,9.172082550459322e-12,3.2769724870248315e-20,0.05085006437494525,9.52873897454753e-24,4.787384425462521e-15
9.429376646660064e-8,0.006827408637959415,0.03046396017740857,4.037464326725777e-5,2.078306269900592e-51,3.4538704161902064e-34,0.022381931586699176,4.466268531570275e-12,0.014086377011680607,0.012629657726774105,1.6301002980951793e-34,1.0884242741759038e-8,0.04359254220590532,2.885780260543497e-40,1.392849082624456e-12,0.012496519919250172,6.029716022574237e-10,0.01681510412834779,3.057489590884605e-36,1.0417284897938407e-12,9.488773281471987e-7,1.2042777175069397e-36,0.028034760147213778,0.732137570384226,0.013316248710149409,3.5964329896644937e-20,5.393324737151843e-47,0.030537174528855578,0.030659431817186576,1.5019875915980238e-14,0.005979883705654039,1.677421674421254e-23,5.628606300973266e-61,1.2073650769234375e-32,6.534525348990982e-51,4.197201137747901e-12,8.25409586211988e-57,4.700082995942848e-19,7.545875586308695e-45,9.551623540478302e-31
6.984643611420821e-36,1.5130704836075063e-60,2.376595075738312e-28,1.206572939220816e-42,1.8854648635062236e-51,0.025947168952306466,8.288982487715955e-72,1.1911820908072099e-74,1.418482755669074e-11,3.0719427880759338e-21,0.0017266070145741778,5.497327320433659e-15,0.005137110955431849,8.277794963247127e-49,2.6107400697948514e-24,5.605003945371225e-65,5.403265051563944e-37,0.0018829653194677631,0.07402905915190877,5.450654089904658e-14,0.0018525492094756501,2.530358981111573e-32,0.008143193881505617,3.883483602252823e-17,0.8465220101929135,7.379764224096164e-72,6.050518564879274e-13,0.0010229976350942722,0.005140266245270587,0.007054903933514672,2.7634922823622e-42,8.583017809546085e-20,0.0026382039543956623,6.101705970955764e-67,0.005771623471191891,0.012292159623230353,1.0019595951912642e-24,1.4969327362065356e-22,4.805879694306811e-40,0.000839180444868904
1.4339469256450828e-61,6.168502427421955e-38,0.0024540757418311117,0.03710674422481265,2.189212622591431e-31,5.841339840614547e-20,0.0031862417595228676,3.949554422459248e-8,1.9675916942054174e-18,0.003224013750336343,0.000493950216852554,1.779504563644605e-6,0.0029845790316370955,1.045434167344572e-33,3.1494120810729774e-5,9.476592911113081e-9,1.8401707937070505e-12,0.01940827768516219,3.4242257483697944e-25,0.010058125905434633,3.812141066845206e-9,7.142368980311489e-133,7.603832482610108e-8,0.0012196832125415719,1.3027734442568103e-54,0.6716534275149447,4.617340809689197e-43,0.057771001935048805,0.0012025960480768645,0.0008647371629786759,0.001053883866878578,0.06184228255142646,7.026459088920517e-50,1.0990485721092274e-22,0.0005636979706756149,1.046655862671239e-21,7.181179123281924e-37,0.12487927897202122,2.4787924465951914e-20,4.806273101834649e-16
0.0013401277381521691,1.4545862346116733e-23,2.016557567310158e-10,0.010763676500558398,0.008744086731224862,1.1878973683683658e-65,2.820214547366869e-70,0.0033840811921808578,8.555302703768342e-27,1.61948508312019e-13,0.08404045460881562,5.046201999926524e-24,0.001330797113662131,4.950431155713491e-75,1.3517616437104634e-9,0.008303824082811198,1.1674853176939802e-39,0.0040265178575157505,1.2057750735354142e-30,0.019182800929945218,1.6418945933221877e-35,5.885853253166981e-126,0.012247285605077828,6.666907018278086e-50,0.0033190170942616515,2.9462684087462036e-17,0.40596722185091133,0.005168754539026633,1.002927854926613e-37,7.638772628359646e-12,0.002007531772426707,2.3374861859887903e-10,0.42041368758523356,2.318992574642201e-40,8.74832125540944e-12,2.6540340132653337e-34,0.009760132994480884,2.4062535769312213e-26,2.3454147346551532e-32,1.2423752617679288e-20
2.1905509724103117e-46,0.0006678343225031591,0.02577283585402108,0.011597717216623706,6.092522518006617e-28,8.667370889321427e-26,0.009535404241224203,0.0009668364566425196,0.011338894254127088,0.019852740955822006,0.004831969234003818,0.001306907711015819,0.0035177157713701126,1.7728751090953697e-18,0.004161031868952297,3.532740783317221e-7,0.002488246879649462,0.0014124995707865786,7.142848128465634e-13,1.4491672596062445e-6,1.1490039382942982e-7,5.543097592403598e-130,2.0519971606389017e-7,7.080011783936662e-6,0.0006139313310438103,0.10390986354268594,5.595187548034396e-80,0.6794943123539424,0.005288773279237937,0.010106358041900855,1.0320381659173977e-5,0.040346093324540824,1.6809328435632418e-27,0.0021508673830842612,2.7377103277030074e-62,0.005891337809893545,6.306244995643451e-56,0.05405261959592475,7.419961340964769e-16,0.0006756860653979272
6.967950717303573e-27,1.3993942800824116e-30,1.7329709722040933e-5,0.027414122940911008,1.458970905762718e-48,0.0030968192614677244,0.005684684875745756,0.006211198748050419,0.0016531651813608073,0.013341192696395644,2.40926147685401e-18,0.004306106168517929,0.030573410688593042,1.0241501468698673e-28,3.797402399585222e-8,1.281003481054852e-7,5.618138664226879e-31,4.056942725441602e-14,1.8231854841666501e-19,0.06475982925746701,0.060317509701034173,4.3634349370714553e-67,0.007491852197573241,4.5363391188589844e-14,3.016512116908337e-36,0.024938885113981013,5.138507429123241e-23,0.002976911553647762,0.676102985895777,0.023007091834825383,2.0206337378914658e-17,1.3671605140450453e-13,2.2766857318546156e-44,7.356148253295747e-23,0.0010273946224871476,0.04707824774626829,1.0711238733156594e-6,2.4607706505548137e-8,5.513070993855974e-31,1.2283909345249148e-33
0.038318814530634356,1.4039527268430745e-7,0.1040450208336052,0.07528124525092894,1.109160798276284e-32,9.447069092864722e-25,0.024349958646027077,8.772875087600458e-19,3.047747139076156e-5,4.859600499725818e-10,1.5882024355996357e-6,0.3781841178264275,1.4815453526673336e-14,0.015043266408577663,2.8537477441807952e-6,2.3416684515323594e-8,9.767598932734133e-7,0.006279863025267224,8.131931384464143e-10,0.00022665001474876198,6.60089174622567e-8,3.1009681323803692e-27,0.0836349900738463,9.009239963810113e-7,2.556597771536798e-15,6.281975131002661e-5,0.010292552649394845,0.10291295444284797,0.06502797405096696,3.8683726919514785e-11,4.087763823609536e-12,0.0764576967018153,8.636302120900023e-25,0.017832061575177936,2.101402890561867e-18,0.0005106956305921437,5.731824294030759e-28,0.0001616321391140154,3.4444702612662575e-21,0.0013406581804408083
0.001992527236166796,0.009451203265652302,6.194179808683098e-9,0.020444434819916812,1.327536853991632e-31,2.1607292129401624e-12,4.404380561845287e-27,0.0014536137361978103,0.018362886433203912,0.009550634807078788,0.025385644724325918,4.3394773707379013e-13,0.010278912003645602,3.346130165266865e-17,0.003921387329413149,0.003517370426649354,0.005059430239707667,0.013728898080437778,1.552723876126927e-13,4.0831383825014876e-22,6.52399299060204e-15,1.679261254266296e-53,0.008681612810674547,6.510273155197438e-21,9.188566439761772e-27,0.004634474751080554,6.752446317821048e-46,0.003690038691571242,0.007890851174562412,9.450057675384458e-11,0.8322342307582367,1.0067833018048106e-14,1.094668295083674e-83,1.7977745740475078e-25,2.0842893453237382e-50,6.393902858084155e-18,7.151442357103627e-62,0.01972184009212931,1.8443667028468006e-32,2.3279023086546225e-9
9.087227391640309e-19,0.013673581420758507,3.4911312969359314e-7,7.950878870315684e-6,6.149121245363514e-12,5.0295820090632645e-14,1.0157830993788527e-6,0.008603248597830498,0.09341673054318816,0.0016847673949539203,0.03844943077229886,0.01370803553974434,0.0030343447770549634,2.8703011948465914e-14,2.87892568715652e-5,0.0035215738891809494,0.008740886698678844,1.3761647193863615e-8,6.754642781880485e-17,1.194021027156801e-6,3.465438135832305e-5,0.0014804790786373705,0.22229998163200648,0.08150414636182725,2.1195340348085118e-57,2.2734131344159074e-9,1.6387918309045762e-7,1.0067472513031132e-7,0.01732839199366389,0.39394696860840245,0.0025199975385231644,0.07453630555773579,3.3641728358225743e-19,1.936751693990786e-6,4.3998935211761576e-23,0.008012511928635732,0.002160334320013987,0.0012188196942551567,0.0100832928670313,4.331291052663996e-12
0.0029171199152758084,0.005600158850365866,3.614624457283445e-18,0.0018936077835332134,2.2699950266645823e-6,1.283156518080221e-13,1.8582664278882866e-19,0.0045996793806073735,0.00185656070045138,7.394992728366845e-17,0.14684426076448626,2.0244237960794777e-16,1.5424133907418895e-32,2.505609695154568e-41,0.00360804356260938,4.596614150278765e-34,3.380229539230715e-23,7.770880360012708e-5,4.3762183113905815e-35,0.010843529268630022,3.732810260093847e-11,5.300903484178339e-144,1.5843418838959891e-25,9.422052338453145e-48,1.63514472839833e-80,1.2403485404888952e-32,0.017543841291613405,1.0139182932713058e-36,1.4979059398729243e-30,4.535901021008644e-5,5.123454190842627e-18,3.564264025886303e-26,0.4780750705074505,5.344649015814968e-12,0.0025038494809370665,1.0679274980871052e-15,0.3235889406424005,4.947306295488286e-56,1.6786918514169047e-48,5.9270193081493316e-40
2.700463893606857e-6,0.0021470130500855704,0.022277693915483475,1.7025104671980494e-25,2.9062408624175474e-55,2.0457684185486994e-78,0.009852630051636436,1.0203877085560325e-8,1.2115186844923522e-9,0.007766731873773734,4.859518647860874e-20,3.6482152619421175e-11,0.062222494078685964,1.4020075136209787e-19,4.492139406941807e-31,0.21863627773853994,0.01886121850309513,8.56146192281522e-26,7.288227982873411e-20,0.0003612157479450167,0.01753847870875439,2.1930674175831638e-61,1.0105822942244637e-28,0.018008978544571716,1.0438702461170974e-46,0.011203111201310016,4.107954093553211e-115,0.0030467255180861123,1.488977588590157e-10,2.6900756824461842e-19,4.5863174971183915e-22,0.00011536470045398257,2.7414038580012543e-120,0.6050718495803822,1.6972961714135027e-85,0.0028875047225269328,1.3371007887591167e-58,2.5923829668088363e-17,3.2124960881405293e-100,1.163254811164212e-28
9.129307349114435e-94,2.461039483540859e-67,1.578095209633201e-16,9.31461378266065e-14,0.001118064851904789,3.6887680765376265e-95,9.564186480505774e-38,1.7489522271218377e-9,0.0017324391136846634,8.133056369492831e-12,0.12590227247212696,3.893558553433163e-20,7.995122664297302e-61,1.5076843613065146e-48,0.0036216023548559656,3.0752942611184023e-31,0.0051660862570351825,9.44806147367433e-10,1.5574202005840804e-20,0.016360813591030848,5.423551243198322e-21,3.0791962479737986e-200,0.03100919412794717,3.2348867905030363e-22,4.0379392145526233e-126,0.0017145428891620085,0.38082645984769786,8.543801366947838e-33,5.2494287022006565e-34,0.007013344554353173,1.8438356566010772e-11,0.0006264168041544596,0.03095391532719448,3.474952533753084e-45,0.37390528811973384,2.0989078535162785e-33,0.012895623142038149,0.007153933826452484,2.0496084245183537e-13,1.989754610630411e-18
1.0949091834054228e-7,2.556992313818755e-12,4.5239065688338106e-20,7.763957356324935e-19,9.959155050461274e-24,1.3927800243694176e-22,0.008407039168777277,0.009347189116751545,0.047928338912817954,3.4600153812160174e-10,6.461285274133332e-18,0.16720834868049114,0.004553386179848052,4.822081121031563e-18,0.013968194853370738,6.200226449489879e-21,9.761422792933648e-17,5.326989396670974e-10,2.767930996541551e-12,8.405969853161199e-14,5.290517882740412e-6,2.3740590042550617e-51,0.0331855001074367,0.002523506015062653,0.009305175811696924,3.0465058080197096e-17,5.308152755013694e-29,4.447953257432867e-18,0.021232407091952094,0.00986509086987407,0.005781764422305445,1.872038178507388e-23,1.4020964384193434e-40,6.267369554311464e-17,4.15963464643146e-9,0.653029626629951,8.22689612299702e-29,3.478481529720418e-10,0.01365902673924583,2.4991034468526828e-14
0.013862265591782675,3.5795141149797896e-5,0.007028764601646463,1.0743393858042799e-19,0.3603014802152643,0.007713160616677941,1.133005065071166e-46,6.732292939363942e-92,6.867374608176337e-33,2.98759675201156e-27,0.13393107901924362,3.7194479486979387e-50,0.0017059694466368999,1.4313309426092973e-35,0.00020993323583530613,5.464267864599096e-45,1.6502245215990453e-8,9.591062728138729e-21,8.104475015317419e-22,0.006662062101050328,5.186226466764688e-29,2.3098883505673292e-132,0.012477166207048569,7.434481688724019e-22,6.699728092271664e-42,0.006007973757431464,5.352849659033934e-38,0.0032050860224776953,3.581122304916907e-28,1.339650237076218e-35,8.167336904655343e-30,1.222636674100571e-30,1.2720032916600003e-27,6.0155408487049705e-53,1.6123450920970105e-10,0.013568018513813632,0.4285128490385404,0.0047783798279209975,1.2715993017882534e-33,1.1125485113408023e-53
9.924819844946074e-37,0.0001800194469246099,0.02812693706144754,0.15757371424684982,8.016885492567968e-6,2.5492541194866347e-28,3.0962367093673057e-22,5.305022301170734e-49,4.0644064485439225e-10,0.0019904350843951177,0.013410036147400349,2.4639440219654302e-8,7.333986335845991e-14,2.029338056742493e-9,0.0021023276007412907,0.00044097741373587906,6.44290621568737e-38,0.002548533542975688,1.3062216312016745e-23,0.019398501181635462,5.470618717767983e-14,3.281871955729097e-137,7.722108934263531e-6,0.001938593837414405,9.971240438528996e-73,0.06625897210938296,0.0048264439118507274,0.01375891793763772,2.1938414575525338e-24,2.4199752848036525e-7,0.003108108771721816,0.022626686137037368,0.0019269840757064841,4.016740523803239e-34,0.0042910331521024084,1.4724504886283377e-10,3.702367020269297e-9,0.6387865966301568,0.005994730719102847,0.010695439074866137
9.355575302598577e-54,1.5065288922664252e-24,0.012049364323353712,0.008655675925573127,2.8909762021773747e-33,1.3858495916882621e-83,0.017971229340418546,4.263019045522579e-25,1.171605785651421e-24,4.0232493846157815e-15,0.0485169831758456,5.760905350866751e-20,6.02324369603307e-14,2.6084962100869004e-40,0.0033375677547711727,3.066291234154473e-6,3.582329623715985e-98,0.007634460894858876,1.0852216311966147e-16,0.025423094374249253,1.0418754025525584e-19,4.047213127978172e-146,0.012083813005132475,4.0753537051725775e-18,1.40123110924322e-109,3.163766378795463e-10,0.016101199108197045,7.505373666448149e-32,0.009223054497847775,2.784577566520993e-16,0.003364215198845925,1.0215270763446308e-15,5.6420815184100596e-11,0.0023526738900614547,0.3989828288855068,2.448252550341274e-19,7.44198653101548e-22,0.0024944261579145557,0.43180634680332625,7.871935222545472e-31
9.182081203214094e-59,3.8110297340065203e-47,0.03846970910147963,3.985581979282012e-6,3.253498451107439e-8,7.368271015457023e-70,4.173299719895262e-12,4.374763924323131e-18,4.285860846697654e-17,7.438351204487603e-6,0.06650933248880221,0.008081491640630285,1.6619658982963866e-24,8.320890125247037e-54,0.012471798779133752,0.004783987413179089,3.893652224086642e-58,1.0534858258611748e-13,5.40512593424665e-13,1.2017812011515022e-6,3.1624147885635745e-9,1.8288387925625576e-95,0.02744226943467409,1.9228756059492168e-19,1.4738525547406896e-56,0.007061065303072773,0.011744063402811814,0.013956970736587719,4.2475449126722815e-8,0.006064511260085022,0.012801868468506176,2.265661099562624e-8,5.760457276215139e-6,1.3474646326828711e-31,1.0623501958009285e-14,3.025867011915693e-17,0.007252061760465762,0.01228910755431908,0.39214351939958153,0.3789097562507206
40,200
1.753283391667405e-274,6.020219003214053e-192,3.35781485268417e-230,1.4566191440335304e-130,9.868877321603335e-87,3.0556999158036876e-146,9.761072316325073e-135,1.1562005723300469e-122,2.1244890630827057e-166,5.515822772152394e-158,6.072621104562261e-86,6.536121006007096e-55,2.7639539279601836e-90,4.2961446417170106e-14,1.790578097345206e-60,8.229666535798793e-10,9.667173734089133e-66,1.68587951509385e-98,2.6125291364070835e-63,3.4407282574630386e-48,2.977181236616481e-72,3.0616090497750314e-24,0.0010101541895095423,9.280228492730663e-78,1.4949091087300849e-31,1.1868878491301437e-29,0.0006796365665937073,1.5141844094195335e-47,1.0997005535648803e-71,7.276359790187935e-82,1.3475977425052747e-36,3.285257889913034e-63,1.5125063370820104e-53,2.9107900599197324e-82,2.392834912636645e-24,0.03275682866061318,0.12753789002076296,0.1770781148346626,0.18430166187799468,0.1734825722446485,0.14684278287160718,0.08244379555585354,0.009962526307637174,2.3819472767650515e-5,2.3537871097839728e-31,4.061521408316148e-26,1.421223557922842e-5,0.0008001912528896543,1.2968641135682347e-14,2.177321926307145e-48,0.0014550807253577932,0.0004881214710673838,0.001048136938424415,0.0020776127125718548,0.0024464768727511647,0.004202479224257697,0.0038562805000251946,0.0012739946579490887,2.537323664961883e-40,6.092641396146673e-5,7.863342412205858e-37,0.003085121293444796,0.0024624255467012115,1.2843412137677253e-10,3.314915232687134e-13,5.72355830787479e-39,5.815129485337976e-46,4.80538613683685e-8,8.800248610031118e-22,3.545117421081989e-95,0.0015383226227656506,2.143261019802977e-50,0.0008424651461603537,1.7683662230003347e-55,5.452195601164407e-43,3.954641825108296e-38,0.0019424334183904388,2.7107685521811934e-12,0.0017392096431154932,0.0018885460749221929,7.630197270984432e-18,0.00225995288860463,0.0053112500595341484,0.002350141890526779,0.003221254680626056,0.0024258905751865733,0.0066253072828859495,0.0015668067801556424,4.554652524347286e-32,0.002211797239471894,4.020670354556212e-58,0.0031732872585686902,1.4055926336585328e-64,0.0006892535906533884,1.2592219887635352e-67,1.4892807321855505e-74,7.207770994791488e-17,3.4360853483969216e-75,3.850067793936647e-64,6.858207279794033e-80,1.866167380457354e-109,9.492158353508765e-91,5.862178719295443e-110,7.822581380990486e-78,2.0247229423306077e-47,4.547488371896251e-86,3.200478921321012e-85,6.331252862618585e-84,6.282934170311419e-61,1.5860817637389967e-5,0.0007242020287041011,1.1138238696866493e-158,3.824880669605753e-79,3.6374666846621477e-116,8.328577466501075e-122,1.4139492540528521e-170,2.0737919311353193e-130,1.7769164915574995e-163,4.389840907294135e-55,3.2809810839720566e-153,1.583854616150013e-73,1.0786250760665945e-29,1.0592008222135435e-128,9.90979681219815e-105,1.5634108748737944e-67,1.618497679905842e-90,6.064566348238138e-54,6.57932871905389e-66,2.7180090370323584e-157,6.970610058728339e-101,3.5537518997274536e-83,1.9798346662283702e-131,6.670797610028698e-90,2.943648586281952e-121,4.36383864532947e-119,1.509964005916482e-93,3.321031567417739e-159,1.3391434023623507e-77,1.1136285589429867e-138,2.2532141717552997e-89,6.289356628410631e-45,6.658743578152709e-137,1.1833162406298298e-139,2.3338498028455246e-82,6.370676106503797e-43,7.28130841771481e-79,1.484308297445534e-156,1.696410296978818e-157,1.2945862331142955e-63,2.0389717899240823e-152,5.323752146315478e-179,7.910769244411506e-177,2.7967295277098955e-114,3.9379520738331727e-199,2.792433882306957e-93,2.684844479348085e-37,5.121419315124577e-68,3.7539808125258594e-15,6.364346531631289e-134,1.1541549303103927e-119,2.7388469341306076e-139,5.718282863702983e-127,3.4109438650772344e-129,2.345291724120883e-118,1.9373417475299702e-105,3.389294472846359e-82,5.382068045178016e-51,3.491596965912512e-95,9.920827918488568e-39,1.0117652001900755e-99,4.503466192025129e-164,3.2553490519118246e-161,5.725467433277429e-161,1.089538575823263e-113,3.5530515704785436e-159,3.7448645031388144e-130,5.346444571967214e-134,6.887415406780703e-178,1.0316759500871928e-109,1.0949694518616326e-41,0.0007143052015146733,3.255562406752851e-31,8.259207273516573e-79,3.979056904123669e-140,1.5508855489920592e-44,8.134047043561335e-164,0.0006877085015797233,2.5717162633491363e-141,1.6834398053123184e-39,2.8671536475173926e-215,3.733671837548974e-128,1.573801461364576e-36,4.746803690495175e-187,0.0006811128430004659,1.7767931362740056e-176,9.877631210211433e-206,1.8530792814539492e-207,3.6128625374696873e-233,6.814502861289308e-192,5.274460786511841e-291
1.0586576182445885e-260,6.861993418343107e-206,7.142040834334561e-216,1.8192070402812783e-108,8.049111327841276e-123,1.4969130662083303e-131,4.876618989033665e-152,2.1344841501582776e-135,4.357363094944385e-132,5.3652405186733065e-90,9.835369320145404e-50,1.5629398902802388e-74,7.79189374997918e-51,9.376693219162965e-35,0.0008251166938697338,2.5585905552591304e-23,9.878638491453423e-60,0.0009961516496325624,9.771851976953226e-69,2.3902733611278977e-62,3.694439771354201e-73,5.996671917277125e-28,5.557717883537704e-34,6.156906195981879e-64,3.667995865851992e-21,7.786146083502332e-68,3.873991671030535e-20,1.3663087811262958e-73,1.0589514864705249e-64,1.5212456750840677e-46,1.0974718715308847e-32,1.0952537849623734e-54,3.225939485504257e-23,3.1020175896847496e-40,4.1999873931735633e-47,3.484882977620641e-24,4.583529882874626e-41,6.648166439246319e-30,5.1761525330060706e-40,0.00703868014821708,0.03372489901523233,0.11509886400266599,0.21863616778033065,0.20215986801780453,0.18547585877739936,0.12753040034459023,0.03547139296447144,0.007773836348373164,0.002024815133070097,1.8471350882719472e-28,8.137111429416041e-41,0.0008590384887596741,7.313775079523717e-10,8.813265363687116e-54,6.962794159701844e-25,1.5427645265713288e-39,1.741720252132725e-16,0.003361281457909754,0.006969658505677298,0.006527331023672578,0.0014455399707498141,5.190356446106566e-28,2.449621604019166e-6,2.0285060695217847e-37,0.003679910400107316,3.2176385138985128e-46,5.96926771255581e-95,0.0027400559622903758,1.028680133664167e-31,7.328317354342816e-29,9.842662825356814e-17,9.77118914940117e-49,1.2021316339968727e-19,2.189785058814858e-37,2.944889110676765e-40,1.7488761736870978e-50,3.562736556537359e-12,0.002956821425718614,1.094123325320709e-8,0.0007909409240090822,0.0014562283779126336,2.656124667326583e-14,0.003345340191233618,3.316323378623387e-28,0.005449971543505219,0.0011164069771724594,0.00193181614658725,0.0026420299050324563,0.0031821779437907856,0.0028913301991311865,0.0008937743851243687,1.805602296838552e-81,1.573632833410149e-11,0.002696847014453552,4.4943468823605225e-48,0.0008783064903498946,1.2647503723356883e-16,4.696973658081162e-100,3.972227721757465e-48,9.464496577225995e-29,9.950093812987537e-83,5.944036723587526e-97,1.4274481646320985e-111,3.011591274160257e-75,2.679852538346975e-93,8.615055730079381e-125,1.0388280481870145e-90,8.883603753272003e-60,9.974270069564588e-90,6.588018541911768e-72,2.258606528541128e-74,2.533108129122219e-152,6.207534973647601e-165,2.182540633477586e-98,1.7120028434613673e-176,2.5271241336890623e-157,3.7931177028213855e-179,2.8937131863308093e-158,3.5121797919697523e-63,1.3873471932821195e-175,1.6293080960056208e-74,0.0009126992640797185,2.758148055961666e-137,6.601492767218734e-65,2.16456201433112e-116,6.179943905391859e-44,4.130774162260334e-93,8.854646103477236e-104,8.812327131458133e-139,7.149628374515418e-101,3.657910201343134e-148,2.6016400947236206e-97,6.065370582211349e-135,1.5682260707198152e-101,3.268411751226239e-58,5.6985120405742e-123,1.750619381744764e-142,3.1838680609249685e-109,6.660683464847302e-142,1.4482404657135166e-156,7.858639292154167e-138,9.40682385026251e-109,8.706735028406185e-106,6.438948191132565e-75,6.29502931128302e-58,2.5398843978950473e-64,6.722441286153763e-96,1.897229569615701e-132,0.0027701344306573306,3.0863055822123725e-138,1.6279512209905384e-167,2.4786387224313084e-155,1.2423867036833326e-88,1.0962883647553576e-175,0.0007884454789565623,1.9214083520387992e-86,1.3197600219840297e-123,0.0016971635690807496,4.6834643694276375e-70,7.352463446738323e-134,1.6888521420464713e-99,1.7711807696748593e-126,1.3529627337459206e-120,3.699161387294307e-114,9.428201101415347e-146,1.826475181418141e-85,2.911138030433147e-92,4.0201592151283e-182,1.7220752836722025e-23,1.8992874842726724e-147,1.561781451734546e-79,8.327952758223122e-120,4.080992134358263e-139,5.923353389488018e-114,1.3490454628051063e-94,2.3165303959124346e-99,5.468292002865191e-152,8.429412115186109e-114,2.8195961118347525e-20,2.0773828325367068e-94,5.743035807051007e-38,3.8260349536883304e-59,0.0012582377348396279,2.2975715702602332e-138,1.4806219299956404e-56,2.9957214083262957e-44,1.8141918827641928e-94,1.4201018449156563e-105,1.183027565757132e-140,4.12973133714799e-186,3.9346524048532154e-177,8.106026698706936e-68,1.279818329954133e-161,2.343568249354617e-149,2.3976962850506326e-173,3.687613473603391e-126,2.9754459603007347e-138,4.97882591687387e-154,1.886455692261073e-169,2.1454030321960266e-302
0.0,2.3806509206342192e-287,2.250530642936751e-282,7.82866693862497e-310,0.0,6.290520900938565e-165,1.3805015800647e-311,3.4215001017038397e-221,2.5510108681431315e-173,5.051502967189257e-130,2.5311704037508843e-31,1.6084381374027115e-122,2.3344039365358902e-79,3.3930088493012435e-101,7.452865518964071e-103,9.233579186016184e-98,3.2816255086258316e-95,8.647759908077489e-50,2.679566154100015e-72,1.7506727662923897e-80,2.0497965378138296e-99,4.8430986031540404e-64,9.958943304211154e-46,8.855093238332677e-62,3.106692446817407e-20,3.849132787365071e-27,2.4670442692954886e-69,1.1378483870595705e-100,8.910581856401419e-41,4.9410232194480434e-83,4.822113300583612e-94,3.480383801402773e-146,9.886571164536206e-137,3.9748886754735093e-78,8.626889136659657e-36,1.9493506194015547e-64,2.69013962469101e-112,8.396019864733635e-102,0.0014644765268142094,9.113195108486649e-125,4.931055675947707e-47,1.269970178890302e-91,8.154925915744777e-53,1.1498576445297827e-25,3.407252430131539e-65,1.7533337105763036e-68,1.2944904735194408e-76,4.6113797444148456e-85,1.6351465531682216e-98,2.3459217924000715e-85,8.405084703778438e-93,4.378225838266769e-77,8.660009697379255e-55,9.23552483973984e-44,1.1842455867407881e-83,4.486430506358391e-21,3.444229562071375e-68,2.1777050918057458e-46,4.12970906049147e-75,4.5203612653771035e-64,4.2228391836007895e-43,1.9097233493384043e-14,1.8093483245840282e-64,3.74975663389152e-45,3.6238189265860995e-22,2.9362756474208606e-22,1.5929053004864817e-20,2.623212806574718e-35,1.1115146125141213e-57,5.086403235107809e-30,1.1494348192315515e-35,1.9248226597382995e-56,2.64602576786382e-6,9.873983456713433e-23,5.0021557448267716e-67,7.215124899061785e-35,5.52788541939368e-25,2.385225356045584e-17,8.193932518621681e-33,1.0703347026395196e-32,5.955359842857111e-33,2.6640694667931323e-26,2.182456750352359e-26,1.5820255164237162e-17,9.407532672173729e-23,3.1027484025984805e-21,0.006954379137066747,9.724930646734746e-12,0.00213372408820062,0.0022138347025411073,5.672462527927877e-9,1.1325706951497568e-27,1.3346062144462506e-13,0.009770796747614247,3.0345795464468084e-10,2.9557668367657716e-28,0.003842360817172591,4.0876647168382255e-16,0.00727251889625668,2.89513238898241e-16,3.9585471784488375e-17,1.947523718007012e-16,6.177797487779152e-12,5.605567119881596e-22,5.7706347839941655e-11,0.013119626130465342,0.004078151629266451,0.009769985215125586,2.414240450650961e-39,6.3775111806004355e-27,2.8379351247263025e-27,1.1142704029685107e-26,9.861835539432282e-25,0.00676085131746238,8.111710124853417e-13,8.535308867462995e-24,9.15998520043346e-13,1.152065045506119e-7,4.207550554874832e-23,6.849676838711824e-11,1.6643036304156962e-20,1.0014777346027982e-17,1.4409785396261484e-19,0.00040460702134472804,2.6664461885504448e-9,0.0005214582454763958,2.578010204529556e-7,8.031823432130757e-15,9.583196450515534e-10,0.014396260834586014,1.8029976479580682e-11,7.483753467591346e-12,0.015566251277219606,1.7717406069698978e-16,8.137774202533567e-8,0.02350594362791571,0.002016129661170866,0.029874075496561146,0.025313398588161118,0.022940787740607694,0.04793537962223725,0.059215351252353186,0.06135239493756819,0.07506113660418057,0.04336780191219222,0.05545687838577073,1.230412296657482e-9,0.03775333831917993,0.010202692853953364,0.03665757076800392,0.017874280888864943,0.0013818764681577742,1.2068763600155264e-7,0.019221073326834315,0.008641931225766356,0.03013369400112835,0.02195140760239659,0.027275477058650063,0.01214513001460933,0.025399495032245603,0.028380532454492857,0.008240844043046478,0.02445327234211349,1.06940219534922e-10,3.5080991732560193e-6,0.005211833297898068,0.01052555692995056,5.297419030283921e-21,4.022658124530893e-7,0.012958964173273836,0.006261368657699258,0.011960723381454288,0.011767840267041587,1.3197489066641173e-10,8.005471834513266e-11,0.007381568058093641,0.002299514509905551,0.018592160813589175,0.001465602076263357,0.015579113571415287,2.2651764920581834e-17,4.0882954168515103e-13,0.0018984782835733684,2.129183680118087e-10,3.72479378370858e-18,1.2830319715631134e-9,0.0024838193546232777,0.005276722823592714,2.907561106768692e-18,4.8775061378960663e-26,0.008080143585363882,3.94686445718341e-12,0.01909003160265081,3.327996092183721e-24,1.9047467912576277e-21,7.615903376285355e-45,0.005138237515296914,3.035250083228534e-19,1.23337782103603e-66,9.733061417420522e-59
0.0,3.323166103414028e-306,6.52454e-318,9.295653331133063e-303,0.0,2.9782841341195686e-211,4.7158236255935055e-307,2.5027957964068535e-241,3.079846981057346e-278,1.8133657980610057e-207,5.0972543245473016e-46,1.0581629283839215e-80,7.3971682615517885e-146,5.243559205755454e-168,2.4181176192249075e-188,7.981233192063325e-147,6.666843317765767e-131,1.914196569669718e-110,1.0178533156647868e-109,4.329600223071295e-149,5.430190006356738e-110,2.2964739497777107e-6,7.653063880341733e-74,5.058684202591316e-75,1.0288062796644238e-54,6.699884171161616e-57,3.113769848374651e-81,1.3615848089983024e-174,4.014031311705714e-87,6.972837378534762e-143,6.189553396976809e-150,1.3978149378078446e-93,5.994810897368387e-113,1.933446315511693e-89,0.0006108159038983511,4.0424390190887055e-118,1.0545217358710332e-169,3.379621426707871e-78,3.493567063965234e-11,7.703570987034115e-161,0.0005592372399076596,1.3058582986091846e-119,2.1681727284156544e-107,1.6509978393723413e-103,1.039134225666291e-68,3.2992929755834435e-127,4.115132388374281e-50,5.273743093704255e-190,2.1886743918854551e-190,7.696066983507199e-121,5.118718520748501e-116,3.7979710206511134e-86,1.092328428203343e-118,5.736358897568485e-114,7.303061626430686e-110,1.605779955951426e-66,1.3858138235111155e-127,3.07429435026343e-65,1.1740412521152054e-141,2.0422924814516485e-54,3.313903443333624e-65,9.497712100141207e-60,2.7389137661565452e-142,1.5529477179740953e-124,0.0015472054136144778,2.5245434890064916e-55,2.561013526105125e-58,2.7485559847212674e-54,8.541641261160912e-51,5.68922605991373e-61,5.8661790573644146e-96,1.1049337356565012e-46,2.7084949359628836e-49,0.0001829768931545792,7.504978851110626e-97,1.0461200466606938e-53,1.2581238148120895e-16,6.759265236455255e-65,6.150968481504781e-40,1.8081707523404155e-9,4.1336533607072814e-34,8.016080329832494e-56,2.8405451245998194e-53,0.00023755997894040628,0.001375163247987912,7.428586485288268e-23,7.124305432726406e-6,8.960731362464086e-24,0.0005420378180695275,3.2306317167848264e-56,1.031265299667395e-24,9.081420541306642e-56,1.5645456985966937e-19,4.0414495390853236e-35,7.366408966565431e-31,6.891814226552239e-48,1.696301821552923e-35,0.001437105507390769,2.813387319472745e-26,8.702233038140152e-21,0.0004300856450121905,0.00011648017988305722,0.001831044143258194,6.004637023404948e-28,1.8449806585013817e-14,1.1081541355228868e-45,0.0005692521372365191,1.0543479903126303e-12,1.764252396618936e-48,0.0008206321594093698,1.7013081548809723e-10,7.95632553475176e-46,0.0008666049177894711,0.0005276993156487084,0.0032012447928451994,5.784988911296986e-19,6.713986560233434e-26,0.0016364394544523143,2.3569638852397407e-24,5.098648447701388e-12,2.7490190206950005e-10,0.001969200890313074,9.60722117200746e-28,0.002496343410670169,4.838661718346283e-55,0.000724372082033881,0.0016220394844546787,0.002023498185020406,1.0149151416613677e-8,0.010614565350141133,7.114461127679619e-8,0.0026222840615463135,0.0024184424856119073,0.00725338914193716,0.0005554435265409781,0.0034318779123847826,0.01113555719661794,0.0019034853121617811,0.014233186619679285,0.0003522877015876882,5.063005189211801e-8,0.004904014622414333,0.004137138233141419,0.01947386660742417,0.004834998433928623,0.02067239927123592,0.04201773983123629,0.0477958308054166,0.06215453168430146,0.05869550521529927,0.056325066644254976,0.05983807279654403,0.0691227517376036,0.0474308982441013,0.05621387849128701,0.05847047609855322,0.06411153031367899,0.03614734109131283,0.048490363012117434,0.032918429416546574,0.009764841730028753,0.043416114443605276,0.01910798545029665,0.011808943280426143,2.2537387837530875e-8,0.003427107206406864,0.010131286027831992,0.004926849229670385,0.005523550271894429,0.0031866884016338577,1.5133789296529224e-9,3.828841080855753e-11,6.777532729387945e-15,0.001536239968572543,3.062221147337829e-13,1.0533779300862956e-16,5.996436837200522e-26,2.253421245087858e-21,1.324438871357552e-6,0.004888262365397166,0.0030953355915256777,0.0028573917366159426,0.000582551059026537,5.6717127133622296e-18,3.6736086385727e-12,2.663926886933342e-23,7.410195100718492e-12,2.6855275254207862e-14,0.000605048970792055,1.0248685817270823e-27,1.0785908920202575e-5,0.001517724160899429,3.6405604562722024e-39,8.27318818665755e-61,1.656132046596777e-22,2.1671204744054873e-93,3.0047012285569815e-46,5.7246438081935156e-67,8.915459705152424e-30,1.373026869897796e-79
0.0,0.0,0.0,0.0,0.0015786170027585087,2.3231075541299e-298,0.0,7.144462540618371e-79,2.733686e-317,1.2922230323297495e-254,4.664007720780559e-223,5.1926537875739565e-130,1.869531553534294e-178,1.0629103548648049e-51,1.675379450384108e-121,3.222679931678637e-96,4.497908823356276e-143,1.163251968555516e-155,7.32384092760327e-30,8.952470397300748e-217,8.456443890880392e-60,1.3068553217377866e-152,2.033387755016674e-169,4.472412293462361e-28,9.994527653658377e-161,6.238492000961924e-74,6.890747110711988e-35,9.245731363500612e-63,1.1758168753518546e-23,1.860894720274726e-89,4.505618558993901e-47,3.4546309049364364e-63,7.283787526593102e-103,3.3867385042708935e-26,1.5381280632995153e-45,1.626172132793611e-81,1.0382309698296807e-31,4.1680173535371713e-29,8.028796392768931e-34,3.3253239743080045e-27,0.006020513199560002,7.316077220889622e-21,2.0703571264237053e-52,5.436336527453272e-5,8.800288799290727e-152,0.002087761645865286,1.1049879108064656e-19,5.075847506010476e-124,4.775560925052681e-45,1.5727390215170683e-105,1.5340953222782264e-15,1.8532458994539081e-96,0.0034217873760857874,0.0009992047583301487,0.002541130069840782,0.00967033461739524,5.142270883146199e-38,0.0004367984679065446,0.003521373175866604,0.007328139643893849,0.00017927496372375333,9.166045135463423e-20,0.00018418507636303548,0.0030308430449371274,0.004374555174956884,0.003307650777659777,2.2717428378376227e-34,0.0035480532811546146,0.007560943749161802,0.0022955482276221595,0.005368899138257889,0.0019006648855468032,0.0023453915397093563,0.005620895062747647,0.0036472579109611113,0.007194381091818442,3.147449272691145e-6,0.006664454465142229,0.0016397650566649868,5.735900580054568e-19,1.924253716227671e-26,0.0007858618868728764,0.0025551870381097025,2.076514258069115e-11,0.0072059174041195695,3.226502216035329e-13,0.012656601591395913,4.316529391754266e-10,0.0017242340708480052,1.0150908419612505e-8,1.940657557683415e-73,5.873391176160065e-14,2.0916235090231064e-10,0.002344869823720786,0.013850379917768234,4.6300239461150637e-51,0.003518242404127241,0.008644573169930772,0.008062088902771885,0.02042170096156889,0.03599090069049028,0.10094005925739175,0.17751288728232897,0.212363495447328,0.17593411962417502,0.01856022499971324,5.20323625253246e-65,4.044299498273606e-50,2.233403596199674e-51,0.004956806413806573,0.016268091894878326,0.00352908590622558,1.6855159716814046e-112,0.0032211725150157323,0.0002562605729003515,0.0075812204127260596,5.160209104691277e-40,8.640812335038917e-64,3.678492308037026e-56,1.072495372318783e-81,0.004352575049673628,0.0016431411198583616,1.350229989845945e-62,0.001653055996788819,6.974979998137136e-14,0.002425795742552733,0.006084713110730295,0.0018872929254440294,4.618774652238033e-38,0.0025144077790433743,0.00447896357546806,2.053275032710076e-31,1.4440697595908642e-37,7.86765269935501e-30,0.006149562233274644,5.32469510559182e-20,0.004216040363021583,0.001572127374375445,3.2816464371857627e-19,0.009459921616651063,0.008175223430776979,0.0019307586535563784,1.4882716229010194e-36,0.0017074371097206967,0.0017969495785758812,2.4826518363136426e-55,7.18476134499485e-19,5.5582285837133266e-108,1.474712255280992e-23,3.5900726168422596e-78,1.5002410915678127e-49,1.510713652427015e-176,7.183617969874441e-134,2.7063288368328514e-97,5.9395973149374405e-89,0.0016002598374982979,3.174916632962345e-109,7.778596642161377e-112,4.9195805603777285e-58,0.0014655938992855625,0.0014747940521751119,2.1031030165470157e-13,1.001044813843842e-60,1.405993280891525e-162,5.026712286281277e-94,5.86651397648024e-156,1.3103504047115291e-142,4.678423269638725e-112,1.4994473221431795e-106,1.8618340341483233e-77,7.021930503095426e-128,1.6138977710228976e-160,1.407743289362676e-186,1.1404043902126469e-95,2.8010575516302256e-218,3.3830582928166684e-145,2.3713689050443754e-128,8.62174203374626e-130,3.1158608652953646e-118,2.703374886273933e-72,1.709706275707366e-139,7.409954078830466e-218,7.238541720896517e-54,2.850501157186584e-156,2.674436040360066e-83,4.71417829520278e-126,1.5595540417552732e-53,1.3885080428784352e-176,5.326042803885084e-144,1.827676304815991e-182,2.1444548592262138e-116,1.4593316859852482e-6,4.404749875080308e-62,1.4520950926276873e-189,2.06972058368927e-197,2.2428748603650135e-274,2.152401868763953e-140,1.7260152447900489e-242,8.079067893510763e-69,5.604842627572964e-307
5.0e-324,1.1815262736886187e-127,2.9240214788783427e-186,1.2217592110846589e-92,9.770852016120295e-85,8.751512301007347e-67,1.5593047318953863e-110,1.9125394977633056e-125,1.71265588485127e-196,3.4207921733595055e-151,3.4066103241351854e-78,1.0160791893181294e-69,4.569195567899882e-52,1.7339794394517546e-48,6.782314829474505e-85,0.0005895299121537572,0.0015897918699511536,3.409351007274739e-29,9.7968366843761e-21,2.439706045412108e-68,3.838383529747625e-56,0.001155122761637373,1.9838287208648126e-16,1.497573678417969e-46,1.8680365672345596e-35,4.639812611203333e-90,2.0922016536540686e-23,2.229543576048832e-43,8.643825856921721e-47,0.0014298391892630467,0.048426371399883365,0.1415720571656322,0.16248140399684038,0.15578274742367879,0.16058980575386622,0.13899646215575423,0.05413233590681103,0.011567064568316975,0.0005359215551163872,0.0004763805624496666,0.001342987860628245,0.0005947176001276725,0.0005922935880397853,0.005662674685234103,0.0021637642844002237,1.6391598569810316e-39,0.002585021103298809,0.0010931123965678517,0.0059864621812419725,0.004994477120723041,0.0037908659347515904,0.004478057718832465,0.003509075464423309,1.947313630200276e-26,0.001809479997517003,0.00022329360450486306,0.000958103029890172,0.0011820412425502685,2.2298953017983557e-43,0.0010707552757138433,0.002198051952717162,0.0023197209470993737,1.3573903063058914e-19,0.0009308884559383391,4.700195732918669e-59,0.0010718916846398712,1.275222242961906e-38,1.5256947373247231e-18,9.013086119308025e-47,2.9972274680332593e-49,0.0023925936749803465,5.724109672542433e-18,6.24276671362428e-40,4.3513843697808557e-16,1.7433099889582846e-17,1.3811334501143906e-45,2.9516564381188165e-34,2.3765677455637583e-29,0.003923408568668336,0.006846749290069626,0.004733941995121367,0.008149713512379711,0.003560440893387079,0.006309036713004001,0.0038554431033160433,0.0027299789368101994,0.003539532825629273,0.0058216756940681,0.0038125394627809904,0.003222313426192568,0.0028695207280743313,0.0022870441031693917,0.0005066622606544289,0.0020096243217224154,4.525830273832419e-48,1.0750506209430748e-68,2.2863385526838113e-11,1.6639412163672896e-39,8.097012703696318e-65,1.838848830223111e-46,5.364006534965502e-65,0.0006106253247185938,1.9000824423935215e-47,3.161439959361171e-106,4.1276405018951935e-104,0.0007661322573902432,3.255165490743126e-107,2.09007704377193e-95,0.0006481360496980896,5.715566504033771e-28,2.4386283324138226e-115,3.157342260321049e-157,3.8312939353663257e-113,1.2221614894050824e-96,4.4823460934158034e-139,3.2205861363823196e-114,2.0941904261365698e-85,5.182539663795454e-152,4.596626885138482e-93,1.1806915784266848e-112,2.3450834887018846e-137,0.001136098881731929,0.0005980355294376073,5.90570698803227e-109,3.630881184614719e-123,2.5662438437216077e-17,8.315807534172685e-141,7.418403237762371e-54,5.451811025936035e-181,1.944358683339431e-64,1.7974793371024105e-96,1.1367560609679972e-147,4.178692480654531e-148,3.8547037246751807e-69,2.443516266084388e-48,6.682957593804933e-84,2.48917228659971e-108,6.94242910696972e-115,3.187082515456914e-94,1.1645732184920994e-98,1.3045996823550678e-83,1.0541578174904476e-93,9.966205037900076e-118,7.678484578307288e-62,9.097430602187328e-105,9.78112614632219e-131,1.805966417932803e-103,3.7121003085065334e-25,1.9504923354570623e-110,3.0700890604459664e-155,5.943514756451313e-144,1.727980892587006e-111,4.2516632450545266e-175,1.154804949981765e-196,1.459109536198394e-144,0.0005517974640484923,4.793079714289631e-133,7.018794989180043e-156,1.3437670061075023e-118,8.727967274689935e-119,2.211072352096963e-30,1.8798150564627425e-96,0.0005968696217148569,2.40119592789824e-153,8.531522080743866e-166,4.286474169530035e-86,2.0880327768026707e-106,2.574123661216011e-170,5.755083225609041e-108,1.023635645006993e-77,8.34106500148486e-129,1.0116982284286675e-155,1.047117392988904e-39,2.7104411380862006e-143,7.593513038851556e-151,1.3106979141108857e-171,2.6163999341533184e-65,9.943513656771973e-40,0.0006395149881731214,7.004683747541651e-125,5.53453052098076e-136,1.0296239305044786e-93,5.939055940742483e-102,3.1058998605730025e-171,1.913174036069012e-52,1.3850670750170163e-201,2.994513754348497e-56,1.5455275888658186e-151,3.99672023271529e-176,6.864401466232091e-171,4.157443665911385e-89,1.1385939931849193e-86,7.290091917062084e-213,5.491740535409124e-186,1.4764630961133048e-225,3.792050446715379e-155,1.779009747673441e-190,5.879323839808328e-168,3.0644690212399334e-145,0.0
7.135522210821421e-230,1.6855105058715847e-55,1.149554214717461e-153,8.450364113470979e-108,1.235113347809127e-144,1.934818846117646e-82,1.7521010261563536e-108,1.746196024234248e-86,1.9120155058866247e-142,3.3756703732182668e-87,1.2683390501734503e-66,9.219131186590695e-29,1.7090399433470748e-22,4.479874833396818e-65,3.680826867210343e-18,8.385945789592792e-5,0.005307340569773307,1.2232051605168316e-35,7.875353408636365e-25,4.20044223442246e-41,5.77989767871131e-17,0.0018270163903155612,0.002591428328715515,0.001609090457759494,5.067116464296298e-14,2.4488254913217987e-26,3.095734888871212e-38,5.027692483556445e-47,3.009208071071981e-7,3.959849701551031e-31,2.1648601593319225e-70,3.702915537882544e-81,1.557251455786163e-48,0.0005688089492514223,2.0725688512105598e-15,2.3055143834403577e-26,2.0568285492096763e-44,9.742963994237348e-23,1.9769010219682398e-7,0.0007179984690526651,2.4276989484982978e-17,0.0024154335104894157,4.219725174164873e-68,7.1868653865678475e-93,0.001743823948389847,0.007576164625083326,2.332123434564653e-98,6.988470722399634e-52,5.659712469232407e-106,0.003342810319401963,0.0019738504590540162,0.0014987882947139575,1.2370013187279788e-85,0.0020412446680141134,2.0363523462867762e-29,0.0018027472219033648,0.0027918266837153203,0.0056248973392155135,0.004314475780288526,2.1883494194690465e-7,1.3636791497036716e-12,0.0056191965924731815,0.0048442625282506865,0.0253312481364102,0.03485279633525367,0.1341929787253249,0.1302753788099072,0.1305027649858712,0.108046434566875,0.08744193990679658,0.06803527212366024,0.06108451829333657,0.024900989802706434,0.010985817349291022,0.002266359760689705,2.021011754972038e-14,0.003966989281364276,0.006819213225501525,0.0010967554152589245,1.1078430266381786e-28,5.948741163964141e-24,5.010312193742975e-38,8.258543195931536e-34,0.0015602856430443092,5.518826784416847e-40,1.2356845142680062e-5,8.070209295675104e-8,2.443004706250065e-13,4.0185412357930414e-41,5.265914185446613e-57,0.013627930428324903,1.1022029255729064e-30,0.0056591381677209545,0.01767233269505821,0.006880843789938943,0.00742552379693272,0.00478610198251475,0.0020043477247840887,0.006278736002890773,0.002796118741798516,1.0121608380270458e-22,4.0246939095434815e-22,6.798758749646956e-44,3.610296865545051e-32,5.186745394719194e-36,5.2741778405438314e-80,0.005110316581459082,5.467493290047413e-30,0.002331984752247216,1.2937844662199558e-26,1.567995695679418e-93,7.665546265691567e-119,3.02035483856912e-65,2.2266103468660122e-85,3.669135788935934e-95,1.9480132082121082e-48,5.95274592508527e-128,4.110964660467554e-9,1.2052130638439287e-59,6.225024023844872e-105,0.0017945850949719212,1.4115451951925572e-68,4.394791794394044e-90,2.124877270224873e-72,3.909893502978774e-87,3.8448731524990524e-61,3.9177743174685904e-107,0.0039394927823190725,4.422315580506199e-77,0.0020235191629660912,0.0033210182151080106,5.331270741879836e-57,6.341549307144671e-55,0.002739548608114826,2.4655130834498805e-41,3.7597560626066376e-24,1.4374849760379517e-109,3.3189695164030154e-100,0.0022352616057489273,1.3848622252713528e-104,2.6533202534285844e-23,3.476443571850154e-64,3.99792491950895e-90,8.846760691615843e-64,1.2120547223064386e-111,6.918333466959249e-60,7.631876809727621e-66,4.355306130325981e-76,1.4859349108803132e-48,0.0021896190171093984,0.0022494190366644036,0.0034631821088869277,4.713540994227724e-6,1.7662265046722852e-149,2.3739242003169385e-72,1.598937550243502e-119,2.606253516165368e-35,1.544443726953747e-17,0.005799026810130814,1.6322717936367813e-85,9.431859420654008e-44,1.665053308409866e-59,2.49883798173995e-62,3.8040674430360875e-79,5.809875778596808e-38,3.549006825671155e-85,3.79710765443494e-102,1.0330715647123898e-88,1.56137592716289e-91,3.4377594663655796e-123,0.0031486225383796076,1.8486160811005322e-100,3.3493012905623535e-119,2.6716250509295563e-52,1.4950682570089437e-103,9.400904083652069e-63,1.5183088509782167e-56,1.6206192706591365e-58,6.421339727540988e-52,9.0006091831371e-30,0.0018061658264189936,2.6339191184704266e-116,0.0010444849277347018,3.0962171155792162e-58,1.1897923336513153e-28,4.6198427152256494e-98,2.2293560975109886e-79,4.010218336442278e-16,6.79718260431078e-107,1.002553175771497e-83,1.3104728194407403e-31,1.34020540927735e-98,2.1844286020105843e-91,3.536506827251908e-75,4.609260121686358e-109,5.565348776851096e-60,4.059335523321523e-105,8.864875605444939e-98,1.957491727862107e-19,3.3120506745386968e-177
5.318446788194347e-298,8.27138445649113e-121,1.8250374491455848e-227,1.9686072964292262e-119,1.0388821662817644e-228,8.035414083893415e-194,2.2185509995968763e-191,6.185652971846948e-180,9.338257474172339e-145,1.3516082551901665e-100,1.6176481242674197e-14,2.936794734372957e-93,1.6733538398762927e-61,1.2730368026437358e-11,5.6206961138150695e-61,1.7680504570164365e-44,0.0016749910439904357,1.1268713299299502e-39,0.0014008352075198533,2.5727997220616436e-68,0.001546422356862597,3.2348379486649734e-27,0.00128454733292479,1.6227149454023978e-47,8.041974161746513e-7,2.204907030470653e-12,1.549204828550355e-23,8.5414862585716e-30,1.2113991366002642e-83,1.446858433521871e-94,8.518855344942674e-38,1.4237838186924893e-70,0.0008818662308213445,3.6548124863560154e-27,6.562721128692938e-34,0.0015673637534589719,0.0021451625119821576,0.0014767500445595743,2.620938576778219e-64,1.9731192993293633e-87,2.7527953479012198e-25,7.005343857944048e-5,4.841494967073087e-21,8.63891430838824e-9,1.5357405804496855e-11,2.359329257097393e-50,0.00042245831295878813,2.5035445423002507e-37,3.710256923189662e-19,0.0017387261956175802,0.0854899253061305,0.22764714373654496,0.25741906419016536,0.23312194748072743,0.09862354471141586,0.005445558886481689,0.00038877290236202615,4.94765891643975e-21,1.8323484491338454e-52,2.1196900773405664e-10,0.002142033908469391,0.001764762238137584,4.0014613317546796e-26,0.024776613557176485,0.0151760900115142,0.007017530076059473,2.04529537002152e-40,1.9247047134475428e-73,0.0016003204975904072,1.0874956374900738e-59,4.3791556826931146e-58,2.123276323035524e-83,5.978014469889224e-6,0.0019260067728423449,2.0357550319780493e-73,5.0570305487769206e-54,0.002990997128764168,6.457596485576486e-83,1.1112015187435466e-50,7.848448307825628e-32,0.0018319991349389413,2.068154819665168e-69,1.0995341159502145e-65,6.331228620814569e-57,3.8909208746614285e-20,0.0006155563198542695,0.003273344265600156,0.0019182920903401406,0.0016196041724687883,3.917177004957712e-19,3.583873940606671e-70,1.986110750347232e-84,8.454762162243745e-22,2.417699140472777e-52,5.0053015076460356e-11,1.8705426222410477e-74,3.092417773960779e-64,6.877229390801741e-67,1.0027633676143185e-32,1.7471327694656547e-20,0.0013187252604336525,6.090017906855277e-122,1.2993706563950542e-89,6.707702124068134e-131,1.088940254066607e-81,1.0183687936439424e-121,2.975148418672286e-69,0.003483322018404727,9.732571469005341e-30,1.0190990520104332e-46,4.537961909365782e-136,3.450258357163495e-97,1.983083164461316e-173,5.58336338061559e-120,6.385202020319079e-123,2.0249959299956184e-62,4.453673047040115e-104,1.1202994560424768e-148,5.166248672721321e-50,2.1674062668189978e-124,1.7680215899171913e-90,9.614964112874674e-80,3.7777538780768966e-135,5.736848096100781e-67,2.60359866575656e-85,1.3828262467654904e-54,3.147584804910926e-109,4.960157244225323e-63,1.7733250366279313e-28,1.7259832826489187e-111,3.937290833100399e-114,2.2512185174846613e-77,6.783686124638346e-107,2.9335465818686516e-96,4.485327179589039e-59,2.1750352474708423e-22,3.840906906321974e-99,0.0013648113234886684,2.786645448534149e-99,3.369312274832426e-146,3.368341575648495e-51,1.6532140570940055e-94,1.7695844199385448e-121,1.9880646342240413e-86,1.2450652597247042e-114,1.2899130991805385e-136,1.2750746051955441e-82,6.38316590939096e-101,3.007981969333495e-29,1.1258704141350342e-155,4.832835591369365e-171,1.6680306686441062e-155,9.340826793726299e-86,2.3239812769512214e-162,6.839416031930696e-64,3.095792664547696e-132,3.863914807705675e-98,5.707299828515422e-66,1.0972589999708152e-91,8.104878440095086e-87,1.2920816485395175e-81,1.5137213913947392e-98,0.001416863462603139,1.2842949957857678e-114,1.4193699236727746e-106,1.884312742992672e-31,1.8656775111779815e-128,6.014469282924837e-141,7.453686979882318e-20,6.736487741353581e-152,5.078508702240931e-173,3.227296479343979e-163,9.370003828070754e-82,4.063648334209578e-74,0.0010282338416512478,2.028788478578563e-86,4.9934216715872115e-144,5.197634755384762e-135,2.423158995117461e-80,1.9637223664319731e-103,3.7373235099383124e-62,8.890469591469822e-122,1.822420253438002e-36,2.0591576594347775e-177,1.1537612549001921e-112,8.730305261616134e-130,1.0043904810729032e-26,2.0344329148518767e-151,0.0013852187687811884,1.91538696959237e-178,2.701068866274213e-141,4.665887101998811e-83,0.0009977503646464094,2.8749789119874237e-177,4.758491892160291e-97,2.5104683925890217e-181,5.495640370955814e-164,1.0161004895815905e-194,2.886220581775673e-128,1.3388857085643864e-289
0.0,8.215339957890707e-189,2.6142442721381385e-175,1.2017096488476855e-182,0.0,2.3738848549802594e-25,4.2243208683177306e-181,9.975233881282607e-142,4.892581458113499e-145,2.8127849382822967e-56,1.4778445912666312e-65,2.181565188622947e-62,3.2715385598194635e-65,2.1701805318639607e-109,1.377675096929636e-20,1.9688644991227423e-40,7.396556724772363e-80,6.092918468747326e-54,1.244194836711648e-66,6.723968148949188e-50,1.9618244019412433e-57,3.4727653138573484e-54,5.139786621214779e-51,3.387036838575285e-8,2.697627825716586e-26,8.611972360213823e-30,4.3875073235934416e-29,4.388264453037243e-104,1.7232173606964015e-47,3.515532877710147e-36,8.373935567670207e-22,1.1531522913458764e-106,6.733782492809057e-76,8.537043306372646e-40,3.115658009933777e-88,0.0027689362890573653,4.4600401359115545e-52,2.904843589326602e-10,2.7637350866233337e-29,1.6077211882947583e-67,4.6710835085477264e-49,2.849864180060456e-18,0.002405356401970681,2.5708354634969295e-76,5.5737698854534425e-58,2.822838430814406e-23,2.0141043501770742e-26,1.4555842248694573e-55,2.1909309250991938e-30,0.002219317398482835,0.0026331345186050214,5.30445646737665e-6,7.338864693569121e-57,3.272032248405199e-18,2.39854303567913e-42,2.627260717407799e-19,0.0021166284321794825,4.68798491163275e-39,0.005463943616217106,1.6157784400902225e-69,3.636961598816873e-31,0.0015746235683750296,0.0032328045782257183,5.07887342293504e-19,4.447866112079991e-45,4.7120227460980665e-29,3.2928762453609675e-51,1.4260662759738931e-5,0.004011559020508092,3.135966968641876e-23,0.003975100840260911,1.8782267567236388e-19,7.824333456074821e-7,0.0017520507868410045,2.1126386460347807e-25,3.1298750791413337e-7,6.887224146507017e-46,5.381283859202434e-14,3.120906886976041e-17,6.468641359270219e-26,7.398696313595674e-13,0.0064531569876546445,1.8201415600399163e-19,0.042370018812259,0.0891876985352515,0.05850871766624225,0.04143893230475888,0.025738719674397184,0.03674503977028561,0.05930923067460507,0.07374233230423853,0.07205679578840977,0.06043638482505073,0.05413562706080813,0.033321553106582094,0.07185669010551725,0.005138620066392409,0.001768269573428367,2.5340911754373832e-21,0.005186433035815327,0.0025813802304332266,0.005448971777803817,0.024995000941642698,0.012980482526970115,2.3910551961379655e-16,0.000939509537870546,0.0067615217225318325,7.407378279613287e-41,0.010278898549032505,0.001991841616097497,3.0086903612602047e-29,0.009223628510419314,0.005550266485184409,0.005158055083936155,0.005559667681922893,0.0024570381965457067,6.680876858423503e-30,1.073648295992342e-18,1.0046326809938239e-30,1.1962149149091e-37,3.786830180967055e-5,0.002398845085959821,0.0070341303517379656,4.913074354206777e-18,1.8297121455410227e-14,0.00895719490772939,0.011182342828155459,0.011740311704808402,2.6274980746664733e-20,1.1648544091602842e-19,0.0036086329436393755,2.0612827679507562e-22,0.0021239851674959955,4.042635577711366e-18,1.1473666239514071e-14,0.010915345870410828,4.903462506060249e-22,1.2755502563164036e-23,2.7410260900264804e-18,7.362075005736432e-17,0.011329563643093359,2.0718128566411162e-14,0.00948084293283136,6.34214157990393e-36,0.0020380222385986456,5.9816993776870484e-43,0.0027574207598780828,4.492425124604391e-14,2.7046452325437037e-28,3.416113759051997e-17,6.196307714656915e-49,6.77766859905658e-11,1.2405639432387872e-5,1.2774492847554045e-43,1.493046266188676e-29,2.0931176268815173e-33,0.004625242626968837,0.006868347827568078,0.008716998426900026,4.31931585498088e-27,0.002271810932868526,9.573557922701049e-14,1.2448539843424827e-5,1.9562278467162376e-43,8.858410527683152e-34,1.07066300004017e-8,4.31640418142437e-36,0.0019199255068594445,1.2500429169701406e-31,1.1345489336817897e-32,4.1551984343800105e-19,9.186992596582496e-38,0.0051104703086131175,1.503012681886834e-41,4.878896102776152e-34,2.5027309261647744e-18,0.00395971086444984,2.838423442916392e-41,0.004202895666138894,0.0007556245428348698,0.005688971845379729,0.0031380428641023177,3.176479133625841e-5,1.667978601618905e-45,1.295228871865454e-40,4.308073793980173e-35,7.913094769723539e-45,3.727240984006191e-9,5.0960796277314365e-57,1.2735928917818498e-17,3.6678569976423834e-35,2.0514749794714467e-39,0.0030207468667602638,0.0025654382074186276,6.23602554052281e-51,9.550674775899176e-67,1.837389365629519e-60,2.1292934988458898e-42,7.960294431924121e-63,1.2506850746964973e-68
0.0,1.3257790037944887e-239,2.5232845607233555e-256,1.3205521302852374e-288,0.0,5.185609941546156e-133,1.7930576485373046e-273,2.155342684292257e-138,5.878197788906913e-155,1.3282745769733778e-134,3.590264493367055e-15,1.206319798833477e-112,1.0638846992590825e-48,1.3302119396703104e-100,2.0197155719155898e-97,5.798973786881272e-85,3.912012224225958e-99,1.8142944590969454e-26,2.973517470308697e-79,8.85719131865412e-62,1.1260860516621963e-125,3.803652482035597e-102,1.539925268653053e-20,3.7639499389764335e-40,5.062839161856314e-8,2.2749733780030355e-12,6.860741760009309e-68,5.0027020741558725e-132,5.802785966400126e-13,1.3144430378171003e-84,1.2149336842294375e-72,8.716321953313396e-126,5.653164335648242e-131,1.6011213090212847e-95,1.5052737509114343e-48,5.213669753707866e-66,5.867931745472843e-62,1.0360203732818949e-42,0.0007948537213585071,3.1188047028543536e-122,9.79461736427146e-79,1.1509278003099523e-63,0.0024367003408091547,1.4512163277075458e-45,2.405709162045467e-81,5.680965875967714e-66,1.245900330387358e-38,8.44593592510287e-123,1.4906628745758584e-94,7.138537010970997e-37,8.44431538001073e-84,9.993573336746403e-39,2.2036313200270373e-33,2.911960380536228e-22,1.3591065041807377e-43,5.3567084040784415e-55,1.2920412842160517e-53,7.668888347110422e-54,3.232219089814061e-52,1.7374303152252838e-80,2.93801905447676e-25,1.1136860540101315e-25,8.981227475400938e-73,6.786982454702695e-64,1.754232584756007e-68,9.126006296309941e-40,2.033646681781683e-25,7.545619210851631e-27,1.523115060944047e-13,3.537385458820931e-15,1.8242073705356085e-54,0.013331850330568844,0.002959797960145741,0.005080563905821872,6.081856240520008e-18,0.0030067579842570453,0.0036314155086522,1.0141757950862715e-44,2.262399119301604e-7,4.438296684684504e-35,7.81129781515342e-36,1.0414757623281414e-13,0.005778024915819415,8.642803604730405e-8,2.8852171758910694e-7,1.5216065166726401e-12,3.753545215721807e-16,0.0016350270281009322,1.3444610638109352e-14,8.448149278103686e-28,0.0018129547915062224,1.6267583305291832e-30,7.421052658449331e-10,6.216311610496753e-12,1.7972416997989073e-19,1.5750393049858537e-15,8.853450575894992e-13,0.0057343360772896534,0.009234799719264775,0.0012200004968310357,0.012857279544495226,9.664779471154509e-8,0.01479211703739639,0.019833267317448416,0.006089846277034737,9.877832716575485e-10,0.0018600079042479284,0.0013739325702022671,2.2008491156735481e-7,0.005587580224567004,3.171516422952401e-9,0.005017705355928519,0.012611650657184779,0.0015947657463906203,7.088416771351057e-21,0.0016609550603211532,0.005197207444258602,0.008582555288255753,0.009516233780709987,0.007898543815698364,0.008727227653799506,0.00703385327117424,0.00920293862909885,0.045558084556556834,0.0925340009903827,0.13009815615632017,0.0976807128198484,0.05756258276291303,0.09540578225254935,0.050999080979137086,0.05732277927880828,0.01969294744684566,0.010508353461362217,0.007092699151410327,0.006742543267167315,2.831110541285275e-20,0.00023618300511995158,0.005651797747254904,7.572905201723269e-6,0.011749195973400283,0.0038886507150454035,0.00246129730509272,0.01745238549108233,0.010156134895512217,0.008446761700185863,0.005625196831147817,0.004057729969844535,0.007439621187565997,6.332595262250169e-16,0.00035513845513906886,5.520537832841547e-47,4.595651922900519e-13,2.725345269831046e-18,5.326958178495784e-21,3.5748823762314823e-14,3.677682012761711e-20,5.689257214390666e-14,6.0867005407519285e-19,5.030772263870923e-6,8.956731362906866e-20,0.005651157708118029,0.002991222980401779,1.1420219755475466e-18,0.005456394915819613,0.0022365017526823168,6.324583328134863e-23,1.5600444909472436e-19,0.006187988241261557,6.460429925753547e-15,4.263184602147013e-27,2.11774370085047e-37,2.381737732786704e-30,1.4207761510561257e-28,2.591871041391172e-31,0.0012638623417321412,1.451561005456483e-17,0.0015257202235231145,1.6661718030472508e-18,0.0026695484723373688,3.0065814242708397e-9,0.010152234034545307,0.010385146321176247,1.3072044915686078e-32,5.469564968846709e-26,0.0018994991633443353,3.918419468144025e-33,5.8348384846580044e-27,1.5856325473683584e-31,3.055829661229539e-43,0.0030846124812490554,0.0016699644569466553,1.4752287623844302e-26,7.687286572302933e-26,8.400870037226956e-56,2.819280313667333e-49,5.1527780937775054e-111,7.946465620465994e-54,4.0340524486290965e-63,1.2752876641595577e-25,1.5727154987227255e-98
0.0,2.477004859998736e-171,1.386552691886393e-115,6.347402411193095e-170,8.729037224969865e-165,2.638832289545131e-109,5.112941292787014e-146,4.640436894618231e-106,1.6189923397474187e-140,7.277561032473345e-138,2.324158373961866e-108,1.0508493521736383e-35,1.9856918159617986e-65,8.754194689110661e-66,3.621081738048472e-62,5.984314293624241e-38,0.00208989349993652,9.001321474411591e-64,6.979680615573689e-50,6.978110436401508e-16,0.0016517851189076134,7.39384227354896e-29,2.812881828318376e-79,8.575931366726549e-79,6.8636802468447775e-71,6.252618161503489e-26,0.0033988082202056416,2.618931364053526e-12,4.695988147805805e-55,3.4052242485044684e-74,1.1915664770894241e-50,7.06991765885349e-13,9.728356485977638e-43,3.788073249097048e-25,5.0088855867278066e-27,1.0612504559429343e-47,0.00044476755149371625,3.389945284303286e-23,1.0777437219996536e-70,1.190687810729154e-6,0.0014633800056944467,1.0459195931856608e-26,0.00530323393383553,1.9978982931540742e-19,2.2503492266720152e-36,0.00467245862015571,0.0017756396537342745,0.006797305739061376,1.7674528217614246e-21,4.897618370567063e-11,2.692239234558218e-46,0.0038521616541637364,3.0429305758226835e-15,0.005728845702839643,0.0023113678542021707,0.008504955061069717,0.002847379635364521,0.013060927643863351,0.005086919740188441,0.004357094823398782,0.0024469095950674594,0.0018749070838280904,0.01625126711527845,0.013621758431021905,0.010651793960796895,0.01956680414417532,0.020048400784022265,0.03141997588190935,0.03167586254622215,0.017806069892374758,0.023937030157960008,0.018911671913862296,0.024421664150691316,0.024103389600971192,0.04611098704676111,0.017424013004736814,0.02569177076310033,0.031911515373257295,0.038227136742867394,0.018991928679350553,0.011013083045552246,0.007166587892684311,4.886201497272607e-22,0.011008488197434056,0.019814525623774337,0.02753871331548864,0.0189931589560231,0.017329586989870725,0.013969181867134334,0.013237053210109052,0.021181617966764762,0.029384739450539387,0.028819020127788485,0.03030112158802361,0.014916216369693243,0.0226611243143908,0.03168629120754283,0.022046123685472357,0.028460165590503756,0.02212598139003091,0.016199486359670466,0.0057195221169111235,0.01150956236171845,0.007046535436043286,1.0803467354159785e-12,0.004300381002556487,0.014040346453170517,3.217671251219768e-5,9.71323180637411e-8,0.0034910694617592522,1.074797845796877e-21,6.6019544093002e-32,5.991960847966124e-50,1.1517565424626749e-15,1.8498651356436284e-50,2.2837043128927365e-57,0.0050734521122746635,3.1380107127480095e-49,4.444710039704499e-26,1.6715586144004076e-38,7.612994783537241e-21,2.129077202404281e-36,0.0023238873960622583,4.937117715938786e-23,0.003292795742419427,2.361655537095849e-39,1.8260253991468017e-38,6.901513087735603e-30,6.88812513236836e-53,2.8214095543666227e-9,2.348806352387575e-54,1.2439188897358315e-23,1.963702377089144e-42,0.002523530499981293,1.9033896707350318e-50,0.0023471098074321667,3.8299896356982685e-56,1.277053731800101e-33,0.0026487833644519786,4.8653908712095445e-27,0.00027880500677671675,1.3491902333504463e-71,0.0019364421378842167,5.792028994417958e-16,3.655449174473168e-27,7.405616741563689e-55,4.18491729954472e-31,2.1387763346362633e-38,1.559830658526581e-42,1.2908440305178996e-68,6.243453894749446e-78,7.779718484723248e-47,1.7806085958708944e-79,5.8189477553200096e-95,1.6446811808487765e-53,7.590440336491605e-58,0.0026410512096958086,0.0015689954601433756,1.2034489265627971e-42,0.0027867620398084707,2.5172441580747373e-46,7.476130969570529e-58,0.0026843494354847185,5.657342992640475e-41,7.525460639767533e-79,0.0016391902969005332,8.202257587804159e-103,4.8409861047302815e-90,0.003772695070742532,4.3062079167866346e-79,2.3914272676912093e-86,2.1241738500510623e-75,9.01149230840092e-98,3.2451194372374254e-73,5.768017388189936e-87,2.388417929960788e-40,1.5989043466560752e-54,1.3466184229440337e-45,3.1731446361567736e-13,6.606840000436435e-78,3.9944060325412e-52,1.6203252398928293e-84,2.891366071712083e-51,2.526206555308429e-144,7.76528226688391e-5,4.3671939093171255e-40,7.11184147435529e-95,2.319423188711628e-98,5.9883746818770954e-95,4.799230890672851e-77,1.8124828544005613e-62,0.0019695648824966747,1.6466439779101252e-122,5.00499703785291e-89,6.302412833063498e-127,4.261585820418753e-118,2.787189794401518e-162,1.7796421021922741e-103,1.444282547579859e-112,5.607309500838719e-258
0.0,1.1402463449460732e-64,5.420817374946927e-122,2.2074783847062248e-138,6.56731944935992e-249,1.7279133995238487e-38,3.0240226131274466e-133,4.6027100864069674e-101,2.298659251728595e-121,1.2996558539249916e-55,1.711678983199371e-14,0.0017036494743696638,8.134841491325137e-41,1.1656076306737915e-44,1.2318100208393387e-34,1.1403019347993646e-25,8.215535110026066e-32,0.0006978432278647598,1.3027665845408387e-37,9.56365917075933e-42,1.1751724004404661e-46,4.787089846929634e-13,0.006114127759232295,0.0056495608175566245,0.0031980860095918505,0.0027140944171348304,0.0225142904379993,9.983323492771368e-34,0.0034638124858327526,3.0433673103263826e-49,0.006075264163901138,1.263459348729933e-65,0.00476589871933229,0.008188799549110589,2.21014424929501e-56,5.87604911418463e-15,1.157276064259135e-11,1.849893733012587e-25,8.770552441020095e-41,0.0009537487841354264,4.785888741313035e-17,2.169445476105567e-36,2.8693330947819886e-25,3.5809653738094966e-20,1.938951602660165e-11,0.008551218089802243,0.0031792702759951687,0.006866974487559468,2.171248776628999e-30,1.9774134988633012e-11,1.4542836450579035e-28,3.405348267724377e-9,4.054604202478819e-11,4.828756568002452e-9,0.007389354701642979,8.808604891825646e-11,2.461155814880735e-13,0.0007227411839281686,2.1592601739392093e-6,6.882032709224764e-33,0.0097335771193986,1.4098976068371305e-13,1.1402400872919183e-19,0.0074094910031955495,1.1920992816819766e-23,0.008093285816384672,0.020729994065008698,0.023258269027144642,0.015095452029788854,0.0724112277459551,0.026408442219579283,8.750551654842467e-21,2.70587549232834e-6,1.7812759274813827e-7,3.4029524919970053e-18,0.022893541969889172,0.004116256520977297,5.939020742070301e-7,0.020000038496038052,0.030516421340138558,0.0024834210133395365,6.600132969094218e-10,0.07520739886681356,0.043938119410249776,0.020536747090591143,0.037573900859535714,0.04284897804033544,7.436077974933439e-13,5.63940937956528e-7,0.008302925086750948,0.0179901073588597,0.00020859922440257138,0.028525513013159497,0.0006857103016687426,0.02459456110274385,0.0031237160522861736,0.010141830669879231,7.230208581303982e-17,0.029345967749713077,3.217534692900894e-13,0.02965469483919667,0.028941635053995645,4.68561679417784e-10,2.475579771759431e-12,0.010828585530045044,7.743222543575263e-7,2.8664331829438106e-20,0.004891883677980901,0.003610631353832543,0.0007692604206035328,0.007883819389740303,0.002583450886022724,7.812890175064396e-12,7.533633897505628e-13,1.0709589764867594e-24,0.0013491015295285576,1.253163044496694e-13,0.012638492051548633,0.022279683280338285,1.2614753933629222e-20,5.331466120231534e-6,0.0077660833423141,6.414266889919466e-13,2.3716856585725153e-8,6.468275883608064e-24,3.9701594840328285e-11,7.132313265474253e-13,6.647374157243456e-20,0.0011431478419695865,0.03109843473588474,0.01349480563780711,3.1561919066326855e-12,2.0240795168016436e-18,1.5266197068452099e-9,0.03898615795613465,9.544551964960733e-9,2.576940477972311e-9,1.766050595669624e-12,1.8158715777895193e-9,6.919529136559064e-22,1.4129911755820243e-24,4.743799646535171e-6,1.4010778135694107e-17,3.957862370543172e-10,0.00785994429859909,1.813820024842949e-13,0.007742095855816289,1.2098207360797356e-5,2.756342292513564e-20,9.932799269583072e-23,2.5180482578282392e-24,2.956991368072581e-16,0.011566763460719925,1.3561854495091226e-31,2.0469761861451105e-12,4.68999148477603e-8,0.011013485625115234,7.723453473833234e-19,3.570757598375824e-13,0.012082988318034846,2.481561782743653e-10,2.9532835105548957e-19,2.271445364153965e-8,0.009205862947977744,5.313533424646917e-19,1.1397666608165192e-12,4.641900058492509e-25,1.9419601975465453e-29,2.0701559098056075e-19,2.7269511461672263e-23,2.515843911593436e-19,5.585676736894646e-20,3.049020071398456e-17,0.004240158458108754,1.5600506657382756e-6,6.652837774660344e-7,2.775524244510933e-26,1.5807646885760024e-9,4.142480765607045e-5,4.381040615420404e-25,1.2543679314268808e-12,8.835826443082941e-12,0.0035644660823550985,4.547366016145148e-27,0.0038867595555224176,0.006484802868571284,2.0312631331700698e-17,6.464958661686634e-27,1.4092868762057288e-23,8.502368143349069e-26,0.0054376575447860976,1.053210853741018e-29,5.142678252379171e-23,9.385816205003816e-18,9.853451983499014e-16,3.5277664864843966e-57,1.265613218736612e-39,3.063292642384e-19,4.26933376982966e-65,2.926461658361667e-85
3.0167105073274117e-18,5.226084394698609e-5,1.6866307667751112e-12,0.0011390334742075433,0.001489635061816509,0.011388568312692908,0.06759818179188876,0.09272490867807878,0.1108845745939705,0.11102517220768958,0.08247420231703542,0.03397332393676292,0.04434258868338061,0.04598415190671415,0.03947189407898469,0.040501225299690254,0.02806567502183945,0.032697422460991485,0.02954335098322873,0.017780048703537686,0.011726414630208676,0.010612915230958607,0.018336076004871277,0.03073625535031807,0.02582910169264539,0.029520755278915713,0.027440853048986455,0.0121440341185671,0.007333650178676084,0.0043932192559957995,0.001920257981814507,0.0011818336306467724,0.0010209036633853064,0.0015958848655030363,0.004823263041436836,3.426193368628725e-5,1.426845406260022e-20,0.0009751666783472245,0.0015167475560612716,0.0008945520346997411,8.155490720233425e-31,5.723709873328538e-7,8.317323364533686e-33,8.388383618995318e-9,1.0736248918900046e-17,1.2493007523347476e-35,2.7214662890555188e-12,1.4837370148313041e-34,4.660659598709472e-38,1.8333066900216315e-24,1.438040362667415e-22,1.2889434052036619e-5,4.6516438882035294e-60,2.2009012831554486e-47,2.259571441487567e-56,2.1341318182257453e-32,7.006999621940523e-41,1.7205547935994605e-27,3.446553067511604e-23,0.002602424188487756,1.6451106342004662e-11,2.183686762756574e-12,4.8479061191682346e-39,2.702435828215973e-28,8.119981486418907e-31,9.80187640625702e-42,0.0007239847635668985,0.00045248778189642457,0.00013225591301497446,9.54981085360056e-5,2.4272232111409508e-47,4.375811199692973e-61,1.464709125152776e-31,3.1498668846153095e-49,9.084649434268224e-54,1.3675484113304572e-58,1.3149192812699905e-15,0.0008799129150359676,2.550312382708313e-80,2.4843202938956526e-72,1.2584672690628443e-28,4.431794108301455e-63,3.0720927657863784e-44,2.1502955895496046e-41,6.194620669489079e-39,1.6348702226189e-39,4.7530057173703e-16,5.0604944467194015e-53,4.2483558851441736e-33,5.301229337532449e-33,1.214540034135275e-95,7.57264262828871e-67,2.8571930802573092e-64,1.9513694127971746e-71,5.385684318743199e-34,1.3282408407016253e-86,2.239140653306793e-34,1.1111311441287457e-60,4.527941091656296e-49,1.2874534450953721e-21,3.0139766031581885e-28,9.21632123332034e-108,1.3119544507473564e-83,1.375472132773645e-78,3.629723895873629e-97,1.7105251259401612e-62,0.0005521589397781727,1.6009876766442255e-38,2.6057284261949086e-94,1.309535620127923e-147,3.7411404847213887e-16,0.0005370686151137886,3.726490051299885e-176,1.4670101290745573e-143,4.263388243842562e-191,3.173576282901969e-135,1.2839567127101226e-60,1.2590409352114052e-153,5.289837961129744e-112,0.0005399484992840543,1.0435259742037051e-38,4.512631026858338e-80,4.033181275593061e-49,1.759062796668749e-20,1.829110052399453e-63,7.826439194042928e-21,0.0005462412681588926,0.0015948799403059915,5.762006830687152e-130,1.3947395988112877e-11,3.764218813821968e-149,0.0006045075037456425,1.8193798981713802e-35,5.485954406511299e-111,8.809448053939813e-93,1.3587330257317825e-11,8.284256010340331e-113,1.2206172781130082e-89,2.179449342100294e-102,0.0005506826630221659,2.1277537844994394e-47,5.5827128669635965e-170,1.179716939975282e-122,3.48875505110358e-84,4.362516455867475e-92,0.001622156545144534,9.193699475613686e-84,1.5693654670564404e-103,3.182124992660312e-70,8.714203700405184e-140,3.4473400279826926e-78,9.203448675884102e-14,4.732175628405109e-80,2.702436207056549e-142,5.3998244147337194e-39,1.5082987911461224e-59,0.0013397192191243806,2.400981662560708e-95,2.3148076465909413e-12,1.5419615290738163e-48,1.7846796096944367e-119,9.621284706655932e-28,6.5125286047203835e-102,0.0005745675556785901,4.590219243369461e-96,1.097897133869715e-81,1.3561052376715788e-144,4.152804296633929e-101,1.0949355332696606e-120,1.522494808323095e-103,6.456026496539259e-55,1.198963639483281e-76,7.558095839675685e-135,1.5959097680533918e-72,4.526437267489643e-143,1.5939588747466243e-54,2.6129099378038236e-62,2.4141502952750255e-110,1.200304797170274e-60,9.671695814496586e-112,1.020734203695514e-36,0.001662883711239876,0.0006688266106838049,3.4910696237761074e-27,1.369320345703991e-107,9.607278917894432e-124,3.6726502708078023e-122,8.197138113318431e-42,1.9340212095838796e-129,5.496680271853733e-148,8.81818400666264e-23,3.0161940291712334e-17,0.00113396047959131,3.355722648588425e-82,3.851013151369236e-65,1.82465257007506e-48,5.9833538792815834e-167,1.0946638214160476e-125,1.9862411614705253e-122,3.633168957475228e-258
2.459293913206054e-210,1.451441481516726e-121,7.897924444824616e-140,7.163592970726949e-153,3.616140549711316e-168,1.2639776200676008e-150,1.06265274649277e-190,9.057106359960567e-120,1.1116822922631704e-149,3.1843607098020523e-78,7.048760681370462e-54,0.0075262964734867845,1.948753850082e-77,1.135809292851014e-94,2.214683265031393e-31,0.004018316935596528,1.6215049186613577e-39,2.0604613132691115e-28,8.301621188780687e-42,4.2353930146328645e-48,2.740133789884579e-81,1.7286912179432205e-5,0.002122279279415322,1.4822578287722826e-17,1.1955372618404566e-52,3.486584318593521e-33,8.674643440186783e-67,3.473843572208496e-16,0.0024495491830650463,3.242050642560505e-24,0.0030109620067666682,2.639264478918847e-91,0.004577577722807602,5.385199865209914e-46,7.764222507073236e-37,0.004857686616413328,0.002944549319861131,3.099297769993039e-11,3.234593311926414e-39,3.214171847433232e-39,0.0070727371645730565,0.00017156897463532262,7.880796447777821e-60,9.014583491982775e-19,2.390325828796141e-7,0.0005323639363291321,2.8954203701220062e-108,0.0035736517431236314,1.3904628222563632e-115,1.7484228866196165e-18,0.007045829128835301,1.4109173381037684e-31,0.00040233250458038175,0.007098912427979302,6.475631767199144e-94,1.40750798774589e-10,2.9135607762153624e-18,1.5675758303797616e-9,0.00010193244836185651,0.006227258410058499,0.0149919053737471,0.10997287183804383,0.2905612633797434,0.22097662541751584,0.13508846303251226,0.01889849041837172,0.006801124444795589,6.616885754900632e-27,1.321070870639062e-19,0.014218445047484823,3.392593603405049e-25,8.585060088933606e-25,2.515192594048224e-11,2.9216780444765327e-39,0.00019338162512648642,2.527991252200053e-29,3.1612340210113015e-67,4.5230562147252615e-26,0.002441787534694201,0.009315278595488908,0.0071590838254077345,5.835873681885159e-107,4.413369759168786e-109,0.01097712123556928,3.1181612686804116e-33,0.007265708313237647,6.02934500123972e-29,0.008942762344672318,3.7587668352799607e-90,3.2849349181967616e-15,7.201411945673558e-5,2.6344808116834148e-89,1.9464814094657512e-10,0.00829809898726993,0.0021713206416121935,0.00972850653107257,0.0030856011937510095,4.6611727861127405e-52,0.006711260299747757,0.005536953123053496,2.1252650621321568e-105,4.135999542981242e-121,2.564741114782941e-38,1.3033306424049253e-106,0.008142914965022808,1.3638091653252864e-95,2.9372727361351034e-19,1.6824845208000717e-42,5.4134512670120475e-93,6.522473726461101e-99,8.565128273775882e-74,3.440946153337494e-141,0.0059461454280288475,3.060322334894994e-75,2.608002776612161e-155,1.561471501139689e-113,2.0653600813441515e-112,7.702953863573166e-10,7.586015828722983e-32,1.1984823002071817e-117,6.773303529668538e-52,1.0076862768346825e-42,4.471031191171243e-147,1.0882124067104831e-91,2.299312200504584e-120,6.714487622788669e-47,2.38873446027726e-41,6.044964876385203e-38,2.9049028433807903e-119,1.1378814834454553e-114,1.856007867463548e-12,1.3655964429370386e-25,3.8793650527334714e-111,4.2453801831009354e-80,2.293442633003161e-87,1.3489710110040234e-114,5.468240081053934e-43,2.7300907874306456e-75,2.3938853978282043e-115,6.05079729885072e-70,1.6558649226263133e-111,6.940010839116842e-29,9.355438494427697e-63,5.316564714082701e-61,4.295135372042304e-112,0.0024072831375994493,0.002862003744375145,1.9076551688809667e-134,4.702375408176288e-117,4.798783955323078e-120,3.605898278569449e-74,6.874026372242026e-39,1.4959104747817297e-39,4.509176272169495e-180,3.0417952949697636e-120,1.2156535854997624e-30,2.998474683730019e-8,0.0024271093240587995,5.1184818224714793e-79,0.0024252042634627974,1.1874893544708557e-109,6.6325248124858375e-81,9.534980960357607e-63,0.0023636051960326736,4.463502168801465e-74,0.0028739704032164615,7.729479543597201e-83,8.197501417514501e-70,1.5697549156136053e-97,7.250503930957719e-97,4.36488103688584e-107,1.6300775324943637e-141,2.424003951830015e-172,2.0735166199741345e-103,3.697700059637658e-153,4.70684019455298e-90,0.0023367207576530944,8.635715096534124e-144,0.0034707226899313177,4.5516538740905196e-82,1.0964989130113368e-91,5.483310220291572e-50,8.717890391740242e-61,1.923221795078192e-150,1.061811395115993e-57,1.5111250774541573e-99,1.9494859777339074e-96,6.136133164967391e-170,0.0019100670126621846,3.2058243077765264e-134,0.0018420939824047519,0.0025018618470743757,3.48725395565528e-77,6.645542049520735e-118,4.918731636266696e-99,5.260328065007464e-184,8.962984943993947e-184,2.5607813073178295e-151,0.0013308669894296975,1.1895017221059196e-250
0.0,0.0,5.642065802897186e-265,9.001e-320,0.0,6.75422570287154e-90,8.35541485115e-313,5.6037424168188296e-207,5.973775886993562e-211,1.8906325305256294e-137,1.6224690207414745e-39,2.4041289251311463e-120,3.0540283517510926e-113,3.1936617448771566e-156,1.9285371789349342e-166,1.965918212739529e-62,3.600988395590561e-101,2.1619080317024038e-80,2.5894794823204135e-69,1.752556048881802e-107,1.0512097220946791e-106,3.456818085643519e-98,3.101808145694144e-75,5.597083930447565e-83,1.862744318708119e-21,2.1600996760844414e-46,9.414142832380454e-84,8.403645660709534e-81,1.2682086159986876e-104,8.908690017614702e-72,1.02279765402694e-102,1.6391841613763616e-151,1.5245507335828683e-96,1.1435138322001899e-105,6.19893051858889e-99,1.750058063518358e-31,1.3545507608713243e-81,7.258606684462314e-86,8.064203350812312e-74,8.434986181202652e-146,1.3691032983482547e-37,1.7099378207743925e-124,2.226156535840995e-93,0.0009563611060864577,1.0853825797044436e-122,7.132697719722453e-100,1.8792697855291576e-93,3.1166556603137696e-147,7.72173633434881e-134,7.0345728646457286e-74,3.457217625001065e-130,2.011904754758788e-80,2.293113190832695e-100,1.5623697431271402e-85,5.6832260588003126e-108,3.468554588730656e-37,1.6732278075517558e-32,5.1324283270888175e-52,1.0311952030037375e-109,2.644613468355246e-85,3.789879415936123e-49,5.862030484275257e-57,1.2495202273174366e-76,1.743425596771779e-50,1.1217640052169227e-59,1.2999199602444979e-46,2.3625746968881765e-27,3.988293742530359e-29,1.8273987345494423e-65,9.740917693774026e-12,9.097020994894554e-56,7.576338705769843e-41,2.1994566077543342e-38,3.104886750915389e-25,9.526884029353573e-45,4.44103802246635e-58,2.058735525191714e-13,4.719978998428885e-55,2.5800003654167145e-24,9.487652470392292e-18,1.0755339536170406e-26,1.466933562231538e-10,1.8186272171946193e-11,3.0764916170745326e-13,2.4856980870697564e-30,0.000777401055130293,5.630219234021567e-32,1.321790336992842e-29,6.687384085557017e-24,0.0027041423458137905,7.04988877761051e-19,0.003570640173383739,0.00012213543782476084,2.401638009676381e-8,0.003970791573165564,4.622742284702894e-17,1.6257284087881444e-5,7.509848772127636e-16,0.0029401472936250055,9.181090785436022e-16,5.338914561010123e-6,8.823460624070886e-17,0.0019234555580524757,0.008839240635052106,0.0006784484458929623,6.907716656823579e-16,0.006215431468875967,4.870349451222099e-12,2.1326436561018153e-40,5.605705539370718e-30,1.0659084736153293e-24,1.976626642837135e-23,8.508415392535893e-10,0.00035675169371535023,0.0015388896452030836,6.480474825817537e-25,1.4327074573152848e-26,0.0011245292707409615,2.36552124236238e-31,0.0013562747404864963,0.0061834187547335695,0.0021943023762506534,0.0002840435935668129,0.0015495921915074067,1.9452092247985888e-20,6.120911179572274e-12,3.0918121154536105e-25,0.0007416395968929671,0.00714624648632883,0.011095232547781175,0.0290226823786099,0.035109635891561915,0.06125205823564201,0.0893970187646276,0.08004130337928966,0.11365777022646145,0.09709081172684582,0.09383573438155603,0.08307447284498808,0.061609597904564335,0.036796629664107294,0.00912922867105596,0.00012241603194601658,0.002967458352064904,0.004256930317410183,0.0015911934017446517,0.01865138899069091,1.1899832750590843e-8,1.3964237737126584e-7,0.008107925910171433,6.007715861562807e-7,3.820924248122864e-11,0.017328242605254673,6.302067371202577e-6,0.015057449238671717,0.003572182134749282,0.0019226707722352478,0.0018840875448715014,2.17549033712272e-8,0.006135085502684932,0.008009089638964309,0.005651047924571202,2.7827267054241876e-18,2.5248874017494337e-6,1.2279771803856507e-10,0.0033581636609175767,3.0817559017696896e-25,4.576781595792234e-7,0.005610258933561081,0.0030442923285863657,1.4686979441893349e-18,2.1760682572283385e-10,4.9626062263938674e-29,0.005133697386162858,1.1082244750384602e-31,0.004556524424413208,0.002586955773092307,3.4702969700838295e-11,3.215564821926343e-25,9.491979554299982e-12,2.3578360200158373e-16,6.981357882478907e-5,0.0067300664737375525,5.420573586295287e-13,2.300973558790089e-16,2.951123226885294e-10,7.590917198694312e-17,0.010365928953466578,3.597781078149653e-65,3.2743322984764206e-17,0.0037400515960771927,4.911852468610071e-31,0.0011539332701296775,1.0752401003307919e-35,0.0020754045234799724,5.175197175568592e-87,5.358500861686087e-15,1.0021084440283412e-67,3.395148347898292e-74,1.010135856153105e-74
3.187881483231456e-263,1.055060344534697e-128,4.98459479936704e-173,1.9801142437828425e-133,8.489979377539269e-188,2.406603136285099e-125,3.191741620433964e-172,1.267512766930085e-129,1.5095204095918952e-97,4.322616200161777e-29,0.0011358752643542114,3.0657911724659233e-33,0.019718261922144913,0.010533272573725836,0.005835600898546132,0.003455075541656077,0.00270587383596715,0.010901786275361312,0.0024225761899287256,7.093696160238489e-30,0.00013758719957749092,0.0032615073138795954,0.0022807104387355874,0.006607933925134873,0.00990909377767858,3.7525352992840647e-13,0.0033082983485190638,2.0314397271543858e-26,3.798789760189287e-25,1.5679687558676887e-101,3.531809429869733e-64,0.005590021388176825,1.3037578164444385e-29,1.4996393630336509e-71,2.3201729333952304e-23,0.0017342989926288255,0.0012215306172285254,3.758418682067185e-9,0.00423393086049913,0.0012314265987530336,7.853505574282443e-79,0.0015460187244318586,0.005862888380623748,0.00200394236854142,6.558559428150601e-26,1.4760811576166271e-67,3.134130014821575e-57,3.0258017984495437e-25,0.0072937219608782515,1.2333362767884775e-60,2.1557939701395985e-30,7.342438982732833e-9,1.4130604602260361e-14,0.024483152084859332,0.144065254058252,0.1981213240243905,0.19658623757682783,0.18818207570124662,0.02790299702872049,0.002257341273393835,0.00026074263903091017,2.5260597086200174e-7,2.1641254194890165e-29,0.002180427651576948,0.006838143070855234,0.017175624445235755,0.019131664784761852,2.1769824777341725e-16,0.003451877424360482,1.708919487546552e-44,1.2368149280020185e-22,0.003907967893563927,1.3689836819435504e-7,0.0010909013249573237,6.635954292716355e-96,0.0012799394565595648,0.0013553765835580985,1.2436408136143463e-20,2.1763248439928658e-39,8.194763059423862e-65,0.004127994877857873,0.0025257841507598093,2.1341260643128574e-63,2.6031183942438926e-42,1.2967488712407688e-40,2.6034856689782123e-18,0.005456327927705084,5.194606434953211e-44,0.007031284771803129,9.025081320029928e-32,0.0015694067300224808,2.2851839371395754e-67,0.0034563382069710824,2.0536479955630853e-80,1.372782628277294e-37,2.260821361440539e-6,2.1737201857636373e-42,1.5372007354770956e-72,0.006368529419677292,2.0738370548240943e-6,2.910712426869812e-68,1.1868182620469765e-149,4.2580843382604705e-77,1.697487202206639e-132,2.2005769041881156e-52,2.1637165407421175e-100,3.926074539925075e-89,9.022258818982322e-49,1.6345392084204553e-63,8.42798553965808e-19,1.7065534990716763e-76,5.8111295752111854e-120,1.3798511217412555e-104,3.082684105808112e-55,4.240409282391769e-163,1.5632856535966509e-53,5.4209367662174405e-45,5.448490795114548e-110,2.523242818706487e-94,0.0011251801782242673,6.177385931078738e-107,1.9260679574777792e-46,3.8210461208887866e-142,1.9799866947455625e-94,1.2231034167947394e-48,0.0012177535661044513,1.183145524048675e-118,3.0407812160289877e-99,0.0028181446119638714,5.421590020028451e-75,5.784276850692532e-98,2.4627240595608174e-60,1.0075223660959487e-171,5.555516922407589e-125,1.3955145818254987e-85,2.1033627214477774e-5,5.696608381692545e-81,1.6717485680431282e-130,1.1958766647415818e-137,1.1878764875151305e-137,0.0005685408980286392,7.29070320972044e-129,1.471889300505533e-150,8.76551327582267e-32,1.5105051025743732e-92,3.394312401828391e-119,2.0024495700551782e-97,1.277286886381417e-43,5.7214115320849785e-96,2.12389942042566e-93,2.1466747893025647e-126,7.493951383750479e-132,0.0012374801002490079,9.92103091630648e-194,4.3188942996381045e-66,3.998324810182609e-157,1.278769216983339e-107,4.179984349387604e-85,1.3856548212891104e-147,0.0013653108905978951,7.32396143376686e-67,2.744832489102277e-63,4.317188498963865e-34,4.346962916848953e-124,2.5521903206588583e-122,3.988976567791307e-56,1.9026344676365526e-152,1.399383969262987e-167,0.0037235395539776082,5.600563463450161e-107,8.150940568741816e-107,3.6990299880184926e-88,3.648748213593116e-154,0.0015729226487037657,8.376456813889767e-79,4.18963642352986e-89,6.894273350778357e-139,5.763849750131742e-133,4.372303497699786e-130,8.148697783505007e-145,1.1953566821503265e-63,2.3745098871231653e-194,1.8168782983171225e-117,2.3250835504650956e-170,2.3094168579711535e-35,1.7418395661961849e-158,0.0016150072033422772,8.077583049559487e-123,1.8667618301080161e-78,4.6541002726427475e-214,9.91218038921154e-115,2.701961634204669e-117,1.3703191987363176e-117,8.328496849368815e-135,0.00299240495367247,9.56830710581593e-171,5.781350575722829e-141,1.097850435504209e-232,8.200749120638486e-160,1.2134198918569948e-279
1.7756666347615846e-267,2.216079181974299e-188,9.829239090229827e-232,2.862193592100453e-144,7.270269034495004e-195,1.6763299316909237e-175,1.4765392445845974e-180,1.1578738696371734e-158,3.906128135019711e-152,9.16546568012052e-140,7.801848206753889e-53,4.133666408266776e-104,2.138003886575674e-37,1.843815885640372e-42,9.664913593745382e-56,4.5827895352756095e-60,1.2336722127718688e-10,1.9270847692242897e-43,1.4138999805110074e-53,1.9111391736043633e-53,2.9951004517276197e-64,2.033645992577737e-8,0.0006716781733871833,1.0417754181972189e-46,0.0010655940204100023,0.0008405863594847129,3.565139727268971e-64,0.0010962374515683928,3.5874131897601683e-62,2.132252836922494e-94,0.0010868585217987798,0.0009455741009801387,0.00039909452891474806,1.2664553368344135e-42,0.0009520258801215405,6.51786490408856e-65,5.272071415782471e-49,1.774482865212874e-59,7.354667178831346e-86,2.892598971220915e-75,2.628726479751559e-52,2.2837907861706297e-30,0.0003216806437818572,0.00010476984183857935,0.011313863388914993,0.0815118159643946,0.16020540234209307,0.1867574521267873,0.1704543141970703,0.18285231117241693,0.1015139760787106,0.018093097030473144,0.000724677681317538,2.262563321957699e-44,1.1418347699442522e-35,0.0010152858554473667,9.903262651269623e-9,3.2992413089953265e-38,0.0012355251494866053,0.0036355707151989416,0.017441703710306164,0.01024099973170555,0.003994365798992209,7.897889588781887e-23,6.394476599233476e-42,0.0031752964596022315,2.851212773377576e-38,0.0006738535423010598,0.0009526955392488599,0.0013203952240159707,4.076410392151302e-46,0.0010520755239668024,2.3181947479847135e-11,2.7012640241521558e-58,9.341026426677292e-53,6.465434138245793e-56,0.00034823855987327443,6.069495248749558e-54,1.5738595610807554e-44,0.001578756680203928,0.0020150336001731376,0.0029720509429721686,4.6759529192092216e-67,1.2946919669227126e-96,0.002617185850799098,0.0009849767404026615,4.891821204738622e-20,0.001628946471554858,0.0027723078481578915,0.0026777424953648194,2.2485516354970046e-60,0.001773693393970974,4.4826791293375115e-61,1.9822874226940213e-42,0.0035771343386343988,1.962714213196095e-86,1.2449314210057059e-90,4.172804678533642e-107,0.001054785331948749,8.321792783233585e-67,1.7460033571550048e-13,2.3042922145429112e-91,1.741832927588804e-78,5.384791014528803e-123,5.614844350465694e-72,4.34141824129613e-148,0.001187579405849841,3.571884717036376e-88,4.8934948675005756e-123,3.305412142748869e-109,1.3435715205166868e-118,3.220343293047026e-99,7.338449785513379e-206,3.2915063494060517e-167,3.577946987904114e-147,3.34518762496215e-127,6.589093751932467e-182,3.1397975612495207e-183,7.6851675566143215e-50,1.80121700655363e-181,4.4186525901209324e-126,0.000893151435070806,2.2793159729344753e-130,0.000929478673032716,2.064913749221232e-120,0.0008106189069756152,0.0009061917583889793,7.277089287319841e-71,2.26744835964925e-131,2.57821471537994e-89,9.828182112844687e-183,1.440204384572624e-80,2.8221467038726745e-72,1.833926385247344e-125,1.6093951458749477e-107,5.074111600001728e-70,4.684778408056944e-173,7.411872730798552e-17,1.098770787141894e-148,3.1104859236435913e-186,1.6135630431552638e-152,1.5231130516583068e-121,8.428464444270115e-108,3.262536035299635e-59,2.0118504877706915e-93,1.4033464305457926e-144,0.0011680186077990366,2.0374007199206285e-91,2.916983854779861e-101,2.9731093988774546e-148,3.0138678758856596e-176,4.229106187457402e-164,7.718221705442667e-134,2.4585439859339555e-163,5.895028299009186e-64,2.089551911303849e-140,2.4177635441253697e-94,3.650798321093174e-10,2.337423785075619e-127,9.258021087804593e-147,8.005012062302443e-126,1.2679925794804469e-113,5.262864083500113e-100,2.3491730464152775e-155,4.384814968777753e-167,0.001263955436824939,7.079473918891554e-179,2.963897710341204e-177,6.601771637842283e-63,3.391901026423805e-179,7.342996446599582e-145,1.5996440946363979e-183,4.936895588925831e-100,1.8928763928457606e-111,1.5126929271617073e-17,9.266873269228586e-47,1.3174901291692992e-132,7.80788082526094e-199,0.001443851339246169,9.121701532300169e-141,0.0008668680228890463,3.1021381461777497e-53,2.6369376228211776e-22,1.301328750398605e-146,8.090877748541087e-125,2.2100211634658436e-160,4.7824071910363856e-173,9.515094008725007e-97,3.3979907696604374e-17,5.138441852266978e-173,1.1068624666685576e-190,0.0008806266536044178,3.557659841342851e-20,3.0554052675111215e-202,1.946495624977566e-146,1.67588390034064e-141,1.2310581163750765e-101,1.2171275464443285e-164,4.171094907405579e-185,1.04186044e-316
0.0,2.784130079700901e-281,3.0396815610058387e-242,2.6350484241704387e-283,0.0,5.9827713289994135e-62,6.502428514699497e-260,4.952993289202912e-177,1.27434425469825e-226,2.9977084637850676e-184,1.1717130247657354e-96,3.1223442110126745e-68,2.3952564791155947e-80,5.699255712838291e-143,2.4070559736826794e-99,1.4820627874815815e-85,3.714945996021679e-45,1.629838506989829e-101,3.6890795051321716e-52,1.2521161102834307e-55,6.163582300894564e-108,2.6836970701729597e-68,1.1507483452568132e-52,2.5824837959607605e-70,7.278405141215936e-50,3.335367723629553e-51,8.648865739902721e-39,3.331648014470823e-64,2.748891346924527e-80,1.661802348059537e-126,5.714066402115938e-64,4.0932926850327304e-99,1.0622777223089266e-65,1.4485595813181958e-55,6.214308285010293e-64,8.55034177381438e-24,1.839809711604412e-100,5.620645728496313e-61,8.228533943676634e-71,3.7729174816726395e-135,2.6412064154554716e-63,7.503312227850271e-98,1.0697340593001313e-86,2.600485891020615e-90,4.425341117854558e-114,9.089753247847475e-69,3.264408883225105e-91,6.383514584550093e-100,8.335505960731898e-85,2.7464187619007257e-77,1.0868148943291988e-96,7.095262568185584e-56,1.8419734081348157e-70,6.579399024015968e-59,2.385639023825967e-91,9.687732767053335e-25,1.0249131590539402e-58,5.421845391060713e-61,5.719819335564222e-60,1.1711921606666477e-55,1.4669577499963562e-52,9.965148994329079e-53,8.937198467771128e-74,2.6577601866406156e-50,1.957405397275882e-48,7.428967165818664e-25,9.175120113595149e-8,1.0459074237596776e-59,6.478205844170502e-40,7.213684909019759e-11,2.0441972215409875e-46,2.5310007360838576e-45,9.489310455647093e-21,6.253730993565862e-40,3.897813312516358e-84,4.084269590658727e-59,2.2578191950849642e-21,9.54405293792812e-24,1.4790695316247694e-17,6.310035597737766e-28,1.0411675435479381e-17,0.005788090489741794,1.9080453505096455e-10,0.006678540192883217,2.5690656183020757e-17,2.366642593114145e-22,8.44947104078531e-31,2.1574617426245896e-14,3.95503543405478e-34,1.2272639676713341e-24,4.150299434314328e-8,1.4506081873307516e-30,6.495067218726145e-13,5.37792725046047e-35,2.305183472242795e-37,0.00783145921092577,0.0036775611546836133,3.284131406486929e-10,3.123796529068818e-18,4.327979927331285e-26,0.0064386005683092955,0.007634711607001035,0.004033052473526247,1.5017816180365799e-15,0.0029584477881884285,5.591664987869864e-25,6.08832024045813e-9,0.002456779514118203,5.1454577478478014e-42,3.9894882504433624e-25,1.418091256355427e-5,5.0781832310470574e-27,3.781153238194549e-24,7.639112114690204e-30,8.7061528029758e-21,0.004008093841581272,4.00463804219758e-20,1.3600157622999405e-12,0.010188752215203104,2.6263620583787197e-12,0.00022474425359642576,6.252320108801122e-32,0.0054972200902723796,0.012586159971302788,6.322834540587539e-27,3.7452469505841436e-8,0.015537021941595038,0.025839156610075156,0.020300556871484503,2.3477943502034183e-18,0.002436459531632484,1.3944750381497568e-8,1.7408949237772584e-15,0.00767902134744839,2.513364571496617e-6,3.3016610190635126e-10,0.002327036895966384,6.388906507064516e-5,0.007208071064955988,0.04227731459512844,0.0631281285112979,0.06563147039212017,0.0722752168490747,0.015203779795346782,0.11523382484481953,0.042086653122113744,0.03415471616154371,0.038121159639364986,2.471618407654447e-6,1.871318189086808e-10,0.024283350881126566,0.0037442440703834012,0.002750177596075531,0.014105157310134956,0.00029572703706429735,0.03341253740340187,0.005127765659692067,0.03266481502620917,2.5261952806581867e-14,0.021015301856540273,0.00655635045871563,1.4899888015550629e-6,0.01005924657925103,5.58458771164647e-18,0.044704603395379225,0.0071064711961323765,0.0063319855065767545,0.009240476933688863,0.006830102307620156,0.005598940476680287,0.01379586942201043,3.359361025736963e-18,0.002191457094691465,0.0024809179467627754,0.010616748679303394,1.1250562619869415e-9,1.9423248565207324e-25,0.014227859821639228,0.004523103959187796,3.9065146614140146e-5,0.0027175889487865037,0.0036105301810909728,0.01506003102652722,0.006805586615339382,3.478591310936599e-26,0.01124463071040205,2.26651020091247e-25,3.1172585543137304e-9,2.269959011296432e-50,0.0006810910313198406,0.018379719749478312,0.007050438184945197,6.261319145006579e-14,2.8799992284269374e-55,0.0032215651970611617,2.0407434431174656e-84,8.010590953675614e-27,3.2213718240355624e-59,3.2821656707181534e-63,2.977359516682228e-78
0.0,2.576768098469113e-144,3.135795569520997e-134,2.0432413521541536e-52,1.7574015789540746e-153,8.423321717282353e-110,3.913787605354333e-56,1.0154339942015211e-106,2.4823855009018866e-119,2.217432841839433e-107,7.745570435149428e-79,8.742726446676946e-57,1.8176659485248805e-45,9.942288295476434e-9,8.221462065605893e-33,5.167965520411556e-75,1.1501716036066836e-26,5.3185591342265854e-24,0.0017610111436211484,1.338526100576975e-79,1.1362714689061238e-81,2.030901784088641e-52,6.427980791194629e-14,2.7498322031940204e-34,0.002233360827472037,1.3985623975859472e-43,0.0022313865011070882,1.8048816810561325e-60,5.3512022734762186e-30,7.199246722304883e-63,5.533252696940739e-23,7.489674486782838e-37,3.7663953413859187e-7,3.19292008338619e-14,3.0566193681731616e-28,8.975104018084766e-29,4.2631448381574324e-24,1.5464882252289005e-19,1.238824527148461e-12,0.003899892405975899,0.001685779005043583,0.003845052213712721,1.1164225716103958e-26,7.728510312917634e-25,6.913425888430679e-9,0.0034077538158306738,0.0026921463368150228,0.0036910283939278915,0.0016412895582736315,1.0442374965363002e-23,5.02562910057373e-13,1.1814783774814546e-6,3.232182672642257e-16,2.0565732836950144e-28,0.00943325378438208,0.005360086694342052,0.010265312669580057,0.004958991510765743,0.010149230677266911,0.00397258730682759,0.006667298704821398,0.011845442390243356,0.019593389945526018,0.014499358036005609,0.028819265970074504,0.028131938359729745,0.013258117444688614,0.019498704515209127,0.013122780430327401,0.008902070187832253,0.028518660989320477,0.029053113395343028,0.02792004391379284,0.022237708632618355,0.019685157031750902,0.017190952174981077,0.048335018197299795,0.028230022045972802,0.011017932725635296,0.017779153618797637,0.020330807035710816,0.025083982593035285,0.004951278919411552,0.004338410759934492,0.020850372577193695,0.013046174029187854,0.00879875854032124,0.021486345571882223,0.014579656325909634,0.020364277752956406,0.031179454562652982,0.014681702936833201,0.011057848105103137,0.01601199115433182,0.014528131743119442,0.0413935375169794,0.031858059079203874,0.021323715436406394,0.021946495018127597,0.025749157632844095,0.01761466152052654,0.014267994525080955,0.013008421637369734,0.008322755109150077,0.0027113020879103995,0.010695427160549806,0.009274172085849046,0.007555696109676133,0.0005176071727593485,0.0033135397042539255,0.0011054465815293483,0.003428516891024456,0.002505420294991766,0.009250942051468784,9.705061882803995e-28,8.604363365041353e-51,9.74076022443047e-28,1.299390459080884e-25,1.9218876124955508e-5,3.259896401735184e-31,2.2807343834476566e-22,1.95871078193032e-33,1.2338146064454196e-48,5.838175403678301e-34,1.8196158664619217e-27,0.006041776820188296,3.34207316547081e-5,0.005629394876792386,2.4567827263505192e-37,4.551633250159721e-30,8.43074855871785e-53,2.302995890321845e-46,1.0762861250290512e-54,0.001858004393026482,7.558948999601481e-19,3.572636784127719e-48,6.145013003698408e-48,8.293270999679288e-32,0.004944401229684237,1.7609089970537115e-59,2.287551409448971e-10,4.008143542781588e-28,1.3195056874132698e-37,0.004173243338484477,3.1396251640253673e-15,7.149492721904162e-30,8.582863068216424e-74,2.776677543334618e-18,1.2926170825746215e-43,0.001075448688585366,6.744944079811978e-81,9.720532650345789e-37,7.5311833265503e-81,3.41484395174665e-111,2.428080194903387e-47,2.785013423279575e-37,7.862723538100244e-75,5.3504139134171275e-47,9.358980095125318e-67,1.7283242581714775e-57,3.1453591226443257e-49,4.1895934784795913e-75,8.360809095385906e-68,8.41624519679247e-77,7.362387427073096e-36,7.665543185839069e-19,1.9503817002325272e-61,1.2420307518182424e-63,4.736541105610545e-29,1.873594968201291e-74,5.802334453759011e-74,7.536197473884623e-80,0.0007349406255455792,2.010455670382123e-79,2.0048910175285136e-88,4.475815838170054e-41,7.722862118554059e-84,0.0012500434460764628,0.0015721670650226624,1.7389978555435543e-32,2.802974446552067e-66,3.7320500753043574e-75,1.2926392684586519e-8,8.486292587366686e-41,3.061110734448102e-31,6.343171146517962e-64,2.6952436729178698e-61,3.281076262893935e-68,3.0481155544943912e-61,1.3713910050638967e-42,8.165185623047229e-92,5.138213519296992e-50,1.3221551357193975e-98,1.1935641006326e-112,1.225117852314808e-160,1.7363528924599413e-103,5.012842159282436e-82,7.933686362568514e-98,6.348259887132271e-38,5.242845220287102e-242
0.0,0.0,9.398996900758682e-231,5.404850517133883e-255,3.58146632074544e-307,2.3282762188893463e-256,6.49232e-317,6.5345694786577875e-223,2.989723659503077e-193,5.612167164992092e-164,3.816067387426769e-105,1.4290951550137312e-65,1.6883462866282534e-123,3.523286656115637e-111,9.669321596253751e-88,6.559048616877832e-77,4.3989533374709074e-88,4.1548689464549805e-127,5.295598057960028e-60,3.843456430196199e-39,1.480168529469534e-101,1.3151009686612771e-14,0.0036952252978518845,1.5832496002223496e-19,9.982177458998491e-46,2.9942253077195936e-80,1.1680267182330032e-22,3.899610612605361e-121,1.342922157096498e-66,1.1591673223188926e-112,1.1487714472491869e-97,3.942067586284952e-148,1.6791722911478822e-155,1.0733203691459472e-58,6.192969730149988e-78,7.748920406487174e-45,5.480203083629152e-75,1.6107653541291454e-6,1.2577604251417498e-84,1.755711198982162e-78,5.202562316488342e-35,2.4189296028642395e-84,3.0838471165274193e-58,2.8597360499216793e-47,1.4821505545112683e-120,1.1287950063414005e-96,2.5970253520017492e-73,1.7918873339707358e-122,6.103523885912519e-85,5.042704877226472e-70,2.3661660062529437e-87,3.0116704871411135e-70,1.3249353498987006e-76,2.353707331885641e-94,1.1622449236625228e-57,4.168854527828976e-63,8.076837114391797e-51,1.4086327875406527e-69,1.264410804668172e-16,1.1783241759068219e-31,9.882291143727699e-49,7.246210890327155e-10,3.725338876396365e-57,4.2838117475304995e-68,4.8214869596576656e-23,4.264286140496835e-45,2.288771486346663e-53,6.228997964816365e-28,0.0018217644546018002,1.0320367049506094e-44,2.937678004386407e-45,1.1932259112724796e-42,0.008678583259111942,6.720861877645081e-28,5.86115805686774e-42,1.6910244094467644e-37,0.008797736775512283,1.4405069082234868e-43,2.728535064215119e-23,0.0025699957453079523,0.008735746987519973,3.999313168737539e-17,2.4664252112924004e-31,2.455899087406816e-23,6.007672546897431e-19,1.4235829914755896e-27,1.4456375048300546e-18,2.860656244406305e-31,9.868733881568052e-16,0.010203553411322957,2.1784486160625767e-19,0.0127982754712152,0.018209235927886983,2.102442269890578e-9,0.011353737513720579,1.6055999070845287e-16,0.009446575514551026,1.7649297644783516e-17,7.573609265875057e-22,1.6362868631377576e-40,0.009116960014609094,0.014272588525721535,3.1226271700924465e-9,1.42760922396305e-14,0.009501085453413332,0.002093408600147578,1.0491806783152133e-10,0.00396995124399637,0.010047460713753347,1.8529384433354467e-8,0.01279300233090516,0.03807071566780695,0.0003397969596550367,1.2377355792047808e-22,2.002077357251608e-8,0.0010814643713594006,0.01050803341566553,1.7440817211901127e-20,3.5631854705912335e-28,0.015688914722350136,1.1187246187401826e-24,1.5877040440337324e-25,0.015472588909658788,0.018918142662903117,0.02396859537269958,6.009363461305288e-9,0.01777812474983617,0.01995098871851642,0.009609830827899369,0.02282195496673115,0.12278350177842177,0.08393052246912962,0.1211122777622222,0.008375506449287673,0.0681527578043639,0.004016107692003313,1.145651635885846e-5,3.2333521074899983e-16,0.006333510546244049,0.029871374615585783,0.035789199284222736,3.806973900500199e-20,0.0017283323154479292,0.01594628504997611,0.02410833886933388,9.307543291876234e-19,2.9627188838234454e-5,1.8038543265643803e-14,0.009606563119222838,4.095025809370794e-5,0.01111284445183208,0.00936266648560727,0.010750660631264465,3.738919929011465e-11,0.0034905836789097824,0.007112740404161271,6.581880353890504e-5,5.166913222268249e-27,1.7613446668524982e-8,3.825757851802867e-14,5.279103741351385e-20,6.937951308170344e-22,2.6114705815517556e-26,1.6004894995961248e-27,9.215312507373723e-13,8.083435558406969e-39,5.951847354365308e-15,1.948291162566468e-10,1.4232767406203428e-29,2.9694184301519872e-28,1.0349049785742705e-25,1.2714301900063298e-21,2.533541870252471e-14,0.007342273818089769,3.204471180657238e-36,4.229701109140913e-37,0.003806219685571102,4.410500875500027e-32,0.0029225355286484666,0.0044692094392897045,1.648150517996558e-24,2.0783987454523664e-14,0.0020508291304723657,0.014302298574712172,0.005752639559664956,0.00607673845947293,0.016759873766655133,2.682265080700485e-5,0.004228680982821498,4.758039308666757e-16,8.451765954352792e-10,0.0023118255279370335,1.253914631356934e-34,0.003902708044175657,3.8349442163853994e-26,1.2532199598443915e-88,1.1826304752619714e-45,7.203026031777155e-77,1.211427931451864e-56,1.1981219068560046e-35
0.0,5.755400543815249e-139,1.7736297216207013e-227,3.296079942095879e-180,0.0,1.0997560899585662e-140,1.525877374673351e-101,1.5977838480179193e-191,2.296312882054445e-27,7.879993786210762e-70,8.53360770991326e-27,1.162530853137971e-53,0.005335042587120798,3.411568722422371e-21,1.2857716140583835e-94,6.8633823442654395e-84,9.525450502170963e-97,4.482248894270423e-79,1.0364599256613872e-52,9.220060983193835e-56,4.733100356942097e-90,1.2176734974441902e-73,1.0986807208813002e-43,1.6150118910761633e-30,0.002769823176396709,5.6343354186906906e-61,1.5054597234927803e-26,6.203664682730419e-64,6.77718587720926e-55,2.3043501935152132e-27,5.705385934170007e-45,2.11257352358673e-59,1.1290250217692348e-52,7.723512416894524e-70,4.2888553804239166e-15,1.8258113974588153e-33,1.732172389012798e-83,1.5294805019565852e-29,3.585158959292969e-83,4.727696831314789e-43,6.585992985727374e-92,4.718580594028568e-58,3.422773733234794e-23,1.4077135364176766e-7,7.087616594626703e-48,3.350462823742645e-23,3.7739967521322e-21,4.241697133017771e-83,1.8156122349834414e-43,6.25189682789856e-44,1.2639738391351063e-64,0.0004968447902709979,1.0582596465167565e-5,9.718917175375552e-26,3.983751287398639e-47,1.8138447692405087e-38,1.8244978550449e-7,9.395461409219781e-25,5.2588356433076824e-8,0.015259524529111189,0.02140120990811892,0.006212935382563313,0.0019349617876313215,6.2986560775801354e-21,4.634371542043565e-52,4.510309417878757e-26,0.03040354171786808,0.04518710303513351,0.015363164985807174,2.4215500967761234e-25,0.013450199755692543,1.2514032909222328e-34,0.018380685947965287,0.011394643915408694,0.021139624616894354,0.012239318719356823,0.024237975857366735,0.02124998326034906,0.018048973532267917,1.5468856822419765e-18,0.023243411717653293,0.014730702143231038,0.005486613381803826,0.013262775048226956,7.243869138701845e-8,0.015235196092880788,0.026741893996029185,0.008651498742275861,0.018431787960799965,0.010796205349360485,4.167515796585136e-10,0.016886781338335252,0.0274045761297702,0.04146412306997972,0.06336692562728223,0.0003123196418009652,0.02575087315670848,0.04086998002150785,5.883225319238758e-24,0.020849754378999143,0.01657428924041894,7.290417108591266e-34,1.92356985875397e-15,1.694298493373384e-41,4.3510130930953535e-35,0.0033072704012993034,2.95790424616299e-47,1.1798257377722994e-38,0.015098098376331519,2.2685585407702534e-13,1.9443341883089555e-8,0.018821382381629986,1.2018359209179282e-40,0.018577226841493752,0.02693186671813751,0.015319143545447141,0.012990078946381921,0.0008665488884985111,0.008291427591909196,5.195544893605944e-72,0.005649061966340583,1.2923017677157107e-26,3.395290937365926e-30,5.189346160768202e-22,0.006871199603685116,0.004128438789855151,0.017841736186463154,0.02143873622782975,3.949230854816934e-11,7.799091338351709e-38,0.00011880425406277736,3.610867888059171e-27,1.0349025028461256e-24,1.3680889684931924e-14,0.008159550242926961,1.6748683972885077e-29,0.014578886774053416,1.0704019592054961e-28,0.0023555452307144242,9.287342581062319e-23,0.013651292705654655,9.654710244600445e-9,4.161839466610933e-31,2.758017217094362e-27,7.969829353125779e-42,0.006083015827133102,0.008244956471035033,1.2560493915879818e-30,0.009504270075126551,1.6236418861736038e-45,4.885765231659837e-52,1.9129724633643923e-19,2.2390841494674916e-22,1.869288399455036e-68,5.062239033526765e-7,7.985696260182515e-47,9.357484556526242e-19,1.631053707933385e-15,6.821163215587677e-42,9.188698992678033e-64,4.835257689823269e-15,0.01582816187495862,8.059490041429723e-54,2.6713234536569143e-42,2.8787538074142017e-15,1.5294929857534786e-37,1.61647203314796e-33,0.0051340012799771136,0.005829364094668655,1.146547619646494e-9,5.762184337739153e-60,2.695166177804326e-46,2.000147641132419e-49,0.011214322946977282,0.01515723550175009,0.010360635537591438,2.140050743542499e-77,1.2523323318236602e-65,9.383053190162567e-51,0.011684701948446776,4.64501526329728e-37,1.8245682404738634e-11,1.8973529949576507e-35,9.423742561598783e-21,0.005792177332671931,1.2514678303546556e-5,0.005581514428356637,7.967945803808304e-49,1.258695492395172e-46,2.691795403530377e-83,2.563850572746679e-57,1.8939913923952578e-19,4.413072529309374e-43,2.22283012087697e-30,2.041829991375965e-57,2.6019871102932415e-91,1.2068716860212524e-34,4.8137321798419203e-63,4.1686810291575312e-78,3.506851464087236e-156
0.005544976983134989,0.09684702088933826,0.17327039482187634,0.2258451302283054,0.23883966244497545,0.14524571847415688,0.007599400120378361,7.366508275041979e-20,0.0033095854741531073,0.007112184636683178,0.014873021081788116,2.568490595072249e-20,2.5504146950979248e-15,0.0014304014527856252,0.005372158519875286,0.002095147613060842,0.007280849427670827,0.0022298296507754505,0.00273188065555746,4.579402613615948e-27,0.006839321721982434,0.004535234819538201,4.111055191077212e-10,0.0024334681282924455,0.006149654214955699,0.0014779117904047743,1.768984632088239e-34,0.006030431257253493,1.9284337706399902e-129,4.2337326186658186e-138,0.0024156263004769577,1.4148228337923756e-137,0.0013803015538798454,2.565072424097784e-109,6.459054325545215e-46,2.0052359157011075e-29,3.6637585111229014e-9,3.017120752133034e-72,3.715915808823263e-104,0.001417907178544992,1.3852858995853451e-12,1.189296926502057e-15,9.063135969944132e-192,4.358695008934569e-124,0.0027357852070808864,3.1447607409933627e-18,0.0013819147038265879,0.0005977806749721166,2.3521121553123545e-133,5.404467570850613e-156,1.772140620361483e-153,1.8203144292620963e-95,0.0011071358198740172,3.838280660245008e-142,6.66579861737606e-185,2.728061514087577e-11,1.2077954650464032e-148,1.2600560999467392e-26,0.004427899831156175,1.2324208518652892e-20,0.0013792832205179054,2.9409703266937004e-161,1.3427477311599137e-121,7.675295049970713e-130,2.4136859048696868e-152,9.615859893891421e-123,3.169123038032991e-95,2.776245184835059e-105,0.0036854267910799692,2.1306444384080743e-56,1.1898095692246178e-140,1.3808730376553104e-221,2.3185080784831715e-164,1.2214696344907867e-188,4.543317074944352e-37,0.001387786682326035,7.731517140281143e-211,1.759998360254528e-126,1.1219177628186353e-49,2.875006191555508e-214,0.0012244224710224894,1.0731592687651486e-209,2.380718862358048e-198,4.951504492088651e-153,2.332123756731259e-203,1.6078819532321702e-9,0.001393530172523688,0.0013824453844121626,5.7619441991169275e-98,6.163346677380014e-167,1.949688333153564e-194,6.728712707039738e-269,1.6930134502914087e-218,0.0015257411595692044,5.1107225208460764e-185,9.819377517376492e-114,2.2426359626563813e-41,4.6871307153286995e-204,2.2613144603227363e-178,4.331695991917861e-192,2.1967031530908523e-175,2.339880263753318e-121,2.4914956348168917e-274,1.2665299598425532e-245,2.4439221364019157e-286,3.3453478808839497e-221,6.599332983878624e-155,0.00138461342481669,5.040890737459816e-168,3.71034e-318,2.794122710237662e-16,1.3991743950967678e-154,4.7265889603047646e-304,8.7496e-319,0.0,1.0055180883212762e-302,0.0,3.435752592251664e-301,1.3395461133804935e-201,3.9094591220401105e-181,1.6024315605150732e-224,3.104382698383166e-183,4.454629826395248e-222,2.397974984734569e-274,2.7642324357974915e-183,4.008209539048867e-149,4.95077006326418e-169,1.780555325043094e-151,2.625890007312729e-304,3.0522061627093683e-161,1.6368443462401028e-285,1.3979558228721484e-178,7.231066847389642e-117,8.82734e-318,9.842980309000218e-221,0.0014888788288094392,2.3015057214285153e-267,9.702605838716447e-213,0.0,1.3564948097256222e-175,1.2541700808346608e-159,9.35332764171455e-270,2.545751409515306e-303,9.408792399698358e-154,9.97584132815892e-298,2.7114861571395523e-121,1.9082441663321216e-139,2.3488959337451375e-31,4.19419496691995e-166,1.4060508542747e-310,3.351833326062517e-204,0.002590128741322199,5.236430865589503e-172,0.0,1.2317326502841075e-210,2.136887144609867e-192,6.483013333351122e-159,3.153851005329456e-156,1.7354299693803951e-9,4.8108619595138745e-237,6.62473509360277e-134,2.8750392730048395e-152,4.865018616398752e-216,2.628346598582408e-175,8.414957374898458e-123,1.8800864008403514e-22,4.462160197007968e-294,5.414246364542832e-242,6.438387854765396e-256,3.3358907268169446e-214,5.354597930963723e-170,2.042288690994238e-164,9.78526523870123e-303,1.1998288211738619e-194,4.8627885573561235e-266,8.684283307062211e-271,4.243772065103455e-222,2.205356207513256e-172,2.41140137e-316,7.660159062892208e-224,8.512868926694818e-150,4.171216936625753e-157,8.180645219614105e-166,1.2539222506674984e-189,2.2765433213728524e-237,7.565656761091077e-286,2.953028372873381e-285,1.2819986321123662e-239,1.2650959333341561e-245,1.2319201483198232e-213,3.915608250713899e-94,1.0743674522905264e-175,7.805396157697439e-161,1.127044446862306e-249,3.097352507898176e-241,3.4488234084205867e-286,4.479810824440554e-292,7.791579964070913e-276,2.107648505276443e-145,0.0
0.0,9.298505795152006e-212,9.996367873421959e-146,3.892225045371615e-213,2.5505756531292208e-232,1.6801240553497237e-48,7.559622205427745e-215,2.3462128582281307e-66,4.800170818154153e-184,2.615089928878415e-129,9.388682950655276e-92,3.9782843631049446e-51,1.8288679536387078e-76,9.341623591571905e-106,0.005721828574268189,1.2007977258325554e-74,1.1092033024932035e-60,8.145628927676034e-10,7.662258219761101e-91,6.031041111745841e-48,5.948392563050929e-59,3.828845180924091e-80,6.063485403035075e-17,7.251922455156702e-13,1.4465136623212282e-21,0.0025826416707407283,2.515073678566308e-16,5.123756921038133e-66,1.2759522049440304e-60,6.0012846430634524e-86,1.964340428997052e-18,6.108622429084202e-106,2.822945111604314e-61,3.466286224817155e-77,6.654157061303031e-20,2.660503768132754e-43,0.0035523281162334478,4.3122673680145273e-44,2.995299124333114e-58,7.89541285327343e-90,5.074875406369331e-63,8.336713052666151e-104,1.349836533705548e-88,5.114019736675285e-17,1.551564211441835e-59,2.1584862151780455e-93,4.754429556873712e-33,9.584839761279045e-100,2.946943659007095e-119,1.951700582125343e-68,0.0011009030035832043,4.3328565877196447e-76,0.005225511016285773,0.0032845262324538633,5.292995149091307e-17,2.1484583794121524e-54,0.002031406598967888,0.0032657583209339167,2.7184978855937405e-66,1.194624655829622e-17,0.0068469799234728845,7.868540182908015e-10,4.6922415031369497e-39,5.994048211601001e-50,8.45499068697387e-28,1.795557953574342e-13,6.515999762347862e-26,1.1749055455018385e-6,1.0100068281541437e-18,4.550150864596483e-15,7.636043072014189e-9,3.1151807808583115e-18,2.2957484920819834e-28,4.662035327651451e-30,5.0252054976520127e-48,7.152840011406664e-44,4.201219151219945e-9,2.1253405917860436e-25,3.572521693744308e-12,5.005156489639677e-18,0.004520458534396159,0.009409705884094061,3.9803148115399855e-6,6.876172869795405e-19,6.941405673973994e-27,4.111107784536285e-6,0.001926047926486957,9.462210685270895e-15,2.6779572674457882e-28,0.005141689320599752,1.484109525559938e-13,0.005462989701492354,0.00018060548570190038,0.00026704017551302395,3.112404328705376e-18,1.6895776039429744e-21,2.497910964116292e-7,9.896653524346168e-12,0.004625620379091761,5.62748943825918e-25,0.00637917806453629,0.015932493560423047,2.704114508727865e-6,2.133014027510503e-6,1.3536904686251252e-21,4.768215087843789e-43,0.004579572221880015,3.7375689114028856e-46,2.0610997432098278e-8,0.0032046137460760397,3.433673121405003e-7,0.004635076674128849,2.347429989111231e-25,1.1552397071913159e-27,9.453041274323876e-11,0.006901248254387321,2.1069139932507888e-42,0.003430029536648381,0.002721151898108206,0.012640823979674344,3.56640378030456e-13,1.1747628014913986e-25,0.010346282678132264,1.394056610880127e-13,4.4406408890475057e-14,0.026387300864132806,7.553692907802804e-5,1.3795974291376843e-12,0.019707082875360146,0.020782729624341214,1.5671348780479383e-13,0.005841436955149431,0.018613023474825432,6.993528344490149e-16,0.006356271666173798,0.019481117090404437,0.015691026694713246,0.01993674305597644,0.007806683530333219,0.006093883554793219,0.0017300775755436472,1.9104978701072198e-23,1.482070247975743e-13,0.024281387855617557,0.008004791602712197,0.022030113239828935,2.009624230930809e-7,4.634140822185963e-6,0.022955107310773736,0.022949316175924852,0.01767823142475393,0.0231269987461534,0.012345382531509387,0.008060278506914077,0.018843534738212996,0.0013373145400481406,0.01052690908480492,0.02657015693620477,0.028185425159350085,0.00768992233288519,0.024701796493383228,0.0075647800012118415,0.004153450779824367,0.026057216226891302,0.02104967663485282,0.0345968961812305,0.04016363118015056,0.006693096664823532,0.027716904460036593,0.0337431171243805,0.013535010431469496,0.013352090551642087,0.033955339758407393,0.014195753723456495,0.011152709874306586,0.013781702178859266,0.016157973666583718,1.7347832537810934e-18,0.00658771595072875,0.00937406347115188,6.962921282934104e-13,0.009725020585969583,0.017292185775798937,2.971396822121041e-17,5.187912947511137e-15,0.0002374387340590255,0.02870058067233044,5.859770174734487e-8,6.005785202347637e-11,0.02302148617746618,6.001120633265441e-13,0.0032275247584136317,1.4466330572359186e-5,1.263620784370538e-13,0.000224172236719501,2.923448575157355e-15,1.7208559333777775e-13,2.1775705631284802e-17,2.792817857987236e-7,4.8512148690739855e-46
1.4677583541589705e-244,1.2877250434492586e-70,9.009943915887448e-125,7.626603035574784e-72,4.112782936905952e-192,4.632827343598483e-98,2.076048641855792e-92,0.0016242743821349012,5.2506937583867955e-114,4.903727831453546e-103,1.2690005258177209e-30,0.006943586639865482,0.004683606977722577,1.1778429411938779e-51,1.2705768131105828e-13,0.012843010617959477,0.012374795847875984,2.1329047649936005e-7,0.04017512417562355,0.05942184274468957,0.11181595287495477,0.08150555976996907,0.04749986139287621,0.050783339932451835,0.05382208809790771,0.028766963263812517,0.010895761945267519,0.01115011161911392,3.740019825965925e-12,0.005784677607980504,4.0167094724038426e-7,0.012200265476208309,0.008799252249635823,7.594681401840878e-34,1.2094523841089228e-33,1.9496564063565036e-66,0.008522752381353959,1.8023998345989331e-34,1.1804627376553889e-22,2.5397480376739503e-98,2.497436026735508e-77,1.6797658187629287e-20,0.003377223579449746,1.7599873091421606e-63,0.007094500391041049,0.0023110196982673945,0.00042365110073567787,4.583822171985821e-58,1.392263615059408e-66,0.001878145538184449,0.0030876163086101358,0.007508835745936147,2.3870519889858655e-72,1.1563464128970265e-59,0.007516173655769921,0.006207498657358827,1.982888459114086e-39,0.009460210525590122,1.4114769833674904e-55,0.0001179980452042445,2.514157091210513e-14,0.0038121994178916467,0.0021214414405568917,0.004100968479053863,0.00362851171287833,8.42684032563807e-40,0.0002873799812293553,0.0024314299949345294,0.005747427472847473,2.8947285490261064e-12,9.266276006302107e-5,0.016011028554075296,0.023119902417196525,0.008536102727624771,0.004802910597012278,0.03497500081110173,0.011512695583513605,0.010941784171529722,2.9098560297089545e-13,9.022224717230847e-19,0.003064371394070702,7.782537371207118e-8,2.680608874586921e-31,0.007879824839993135,0.006970595536834862,0.009836510585254105,0.016802621550288922,0.004174639105897286,0.011923444913786076,0.022743524322071454,0.019941989727559763,3.4842134181186085e-19,0.023154520541251552,1.1383718281474516e-28,9.091919897956227e-28,0.010615807498379254,0.005013085721250326,9.792431230850516e-18,4.307871332633197e-46,0.008061742540813283,0.00770655105350413,0.0038915670630911086,5.167259050192193e-26,1.227222368798336e-37,0.0021032966053811265,0.0025001749886116487,1.4559586019770317e-48,4.677788621535138e-86,1.3735397018277916e-67,2.173644977582015e-42,8.718805560369344e-49,0.0061287185121311335,7.435423331906815e-47,6.015627863921552e-74,2.733707691280755e-62,0.002192723786149154,1.2588246379476741e-27,1.2708137442868796e-14,3.052652371153446e-13,3.066036386750118e-7,0.0028889780534475194,8.519813835406912e-17,0.0035175451486860305,5.834693623501257e-53,5.958007477355733e-37,2.6582215759233534e-56,6.384134635731174e-15,3.397477126742081e-52,3.576417727356655e-9,0.002205110196083307,1.875175989176372e-46,5.914448642620002e-29,0.004303612449832974,1.6957407029203039e-31,6.91468879120215e-40,1.2736031050354989e-18,2.1921194405189078e-36,0.0031458952295304148,0.0019781261497282903,1.648232088376041e-28,8.294726015956029e-33,7.031114984885519e-37,2.2361481663211837e-19,1.8186869285369487e-49,8.670892119506154e-35,5.345395045615169e-39,2.5170537072860543e-30,2.4362566629457857e-49,5.0495790641921616e-55,0.002232306096160039,1.5607411165687866e-19,0.0023671790748332447,3.7889371710278354e-48,4.6884375164868386e-49,0.00963285614200281,0.0023339991889283823,0.008796671875261114,2.7835861785465913e-44,5.834233054962192e-41,0.007702250170224136,0.005437952091579795,1.8581935785165766e-37,1.6663318290941936e-45,4.723403340819616e-55,2.2651844265550772e-55,2.0204607099276863e-41,0.004715947704459131,1.3931346663845533e-67,1.9507923183736696e-48,7.845056127685411e-50,0.006480453356125186,2.920365763544371e-5,2.346179315412985e-52,0.00210429979709724,1.3248956390904501e-75,4.970005319495147e-45,2.354721226859466e-42,8.979637753826322e-78,5.372639158281369e-26,3.7027271995087873e-75,9.231179400868227e-34,9.955623857574375e-44,1.5261958024795545e-20,0.004703752992749037,6.150268130761368e-22,1.509963145202794e-48,1.7322578513508455e-22,1.119651501823035e-34,3.3254916205181275e-17,1.9310230569020637e-63,3.223334226379752e-61,2.6218455205510518e-43,1.3861969528566344e-35,6.025028942424334e-45,9.236679844302e-44,1.248852031536111e-93,5.394029531184256e-88,3.128931818309007e-39,9.205257526385809e-113,1.0259433763268833e-119
1.1131932870456325e-299,0.0009842630064079083,2.0757628038315136e-13,1.4977579641767352e-134,0.0009358150790332305,0.00497535386799677,1.0527861121699468e-118,0.0006606645309689297,3.513247700314565e-153,1.9954306549234417e-213,7.344268801747993e-158,3.6077772239759135e-120,7.798604432652782e-59,0.0010150748980995922,9.562124796239178e-86,0.0011293909602315521,4.556260368257932e-43,1.1127999069171943e-55,1.4627320046104769e-67,0.0015800612414476013,0.0012391609434442869,3.6971756396499073e-67,0.0009686855888294717,0.001979506486023883,3.959655375051659e-51,3.773248245482208e-105,0.009515975056245973,0.15323774592104947,0.19699499982925442,0.24038429422155455,0.1915482777062045,0.04381538873591374,0.009127184205363199,0.001289858912173114,0.001546456976877438,0.0022170899649103432,0.0073584592613932884,0.0022226722713791355,0.0008678517569538463,0.001934172549724436,3.231235298439883e-11,1.3408651788987692e-34,0.0009781584308539066,0.0019527338038791886,0.0009223345565458233,6.378663979382338e-131,0.0011536556443183528,2.74660659311059e-93,0.004613525628475856,0.0018034103685041082,4.340748927262175e-112,4.2032573831182436e-160,0.0029475348911269512,0.0009784930978788745,0.0004902343306283759,0.002053548450517684,0.0019558526731595083,0.0028518819257181186,3.216566053907227e-43,1.1933634972086716e-37,0.00210889281294156,3.1382470507905764e-39,0.0011202368147684055,0.001383547401519814,0.0019481372115535815,0.0017078346075187988,1.6911330759647596e-36,0.0017488415158327924,0.0013641283514963165,0.004297697229807147,0.0025749141885756774,3.6948672177422824e-20,0.001990862214976919,0.0027418488136344236,0.004417276300741956,1.6098626902446306e-23,0.004625060229701265,0.003888603715271818,0.01277096240282145,0.0037320574301778152,0.002835520855665262,0.0020049773088987757,0.006401216457065536,0.0068081658265702815,0.0011132675965126754,0.0044015529046082125,0.002853358650103127,0.0014387337087795392,0.0009721153052562099,0.001347753082869437,0.0008145423051177467,0.0029779675954808805,0.00493372144333051,1.6586843171679349e-47,1.9265848000813062e-28,1.0522437924251015e-84,1.3537501913938544e-10,4.709553857631941e-66,1.098372275187047e-35,1.1543280356901914e-42,5.806635722771371e-90,1.0723370321036248e-43,1.8314299974648205e-73,1.1184735597075863e-77,1.1595690835335765e-112,6.948583940799515e-79,2.2202201006411912e-170,5.94035433272028e-131,2.01654991151267e-51,1.859452220476652e-180,1.0219547612053425e-150,1.853441604553277e-99,1.2533159717828832e-92,4.725726644377349e-107,3.044163331858579e-172,8.320979379572517e-185,6.160075719140286e-80,8.177050522937958e-137,1.5562194279294293e-152,2.595617926015192e-209,8.852488058395582e-121,7.024483625503229e-112,3.626682320270341e-121,7.11460233327692e-29,5.61376235975721e-102,2.1655046245382132e-110,7.183923633960583e-140,1.8257102667142242e-99,9.50979270137752e-179,1.525849931705018e-36,1.3896712487139285e-53,0.0018928796725513376,1.598136215526754e-163,9.578823249055329e-98,8.02422843658945e-110,2.357565322645352e-69,1.1952159325731324e-157,1.4984224806231777e-222,1.2355465246400685e-61,1.559989314369043e-154,2.6898909230362e-73,1.3106517868718235e-162,3.559576595041752e-154,2.312430644387313e-18,3.286942712486162e-132,3.2593854665018354e-170,0.0018969570000840661,0.002441529108057058,2.8035604939472424e-119,2.2110065598483465e-214,2.4092746910288457e-92,1.2603565344947079e-169,2.283996178449347e-189,9.720673468895058e-248,2.2978219546573538e-223,0.0010214951863461294,5.132655896490739e-221,6.268725791585145e-197,7.298129502438446e-101,5.663028511694645e-108,7.711459178764628e-131,5.886662779457829e-109,2.4198661881713197e-119,1.982060506367463e-63,8.19376096706736e-205,3.636846953573916e-72,3.240388164742284e-216,3.672776303940133e-228,5.60335142322003e-159,1.154780103382203e-134,1.289873770602132e-182,3.485294124194239e-141,1.955587052819231e-187,1.570137007775474e-172,1.4603239471988604e-238,1.9096714969459956e-247,3.7112748514994416e-184,7.873939263995719e-109,7.554854687363852e-167,1.478902293554536e-219,0.0009463639464510075,3.080905620231513e-200,6.860946547504908e-179,7.026770008779712e-217,2.1342325859731434e-111,4.478333304114431e-242,3.6446923220914736e-150,4.541682971102996e-156,1.6603877227537374e-237,2.917979635422863e-219,0.0002472128639302039,2.7470950488934227e-136,7.689638251225136e-245,1.8476235503384093e-148,5.377528469374313e-243,3.1442825643537228e-235,1.7115771876079836e-287,1.1835248206284603e-245,1.9058127071965013e-200,0.0
0.0,0.0,6.2220063719894e-311,0.0,0.0,1.5524538502921118e-209,0.0,6.357718269695484e-258,4.816878977532496e-229,1.0226931491910422e-174,4.300647962185714e-124,1.2164599318607605e-91,4.860171289557364e-120,1.555429359643709e-188,1.3233988888673714e-76,4.856553147702204e-112,1.3763859845532495e-138,8.0597629280170565e-53,9.725444591417547e-197,2.986364458558318e-172,7.318181269483488e-116,1.2086737540527024e-47,4.287293587503035e-109,9.472071106898068e-58,4.2879883297519496e-133,1.2052123356070837e-110,5.55301271054102e-69,1.1482776604587154e-141,7.429999621951607e-203,2.2678707934221092e-209,1.1613506501907267e-156,2.3354784968750163e-87,5.424685818583752e-111,1.2547042845857413e-156,2.280686816704341e-72,1.3095262185425111e-121,0.0004992700611887357,5.712092195783528e-123,1.718791511721124e-120,7.006980598725559e-193,9.67602079956248e-24,3.064320798551044e-98,1.94344765389955e-136,6.374577107619452e-39,1.4660648345539685e-146,1.853607151204956e-213,1.0586725775653851e-62,1.2861042868388072e-139,1.714441823220709e-227,2.717114373872249e-95,7.039272941962258e-137,5.409028692427804e-199,5.479588044917798e-87,2.2105217603486075e-122,3.661020765938211e-83,1.0144638348078454e-128,3.662374929151889e-119,3.984218583363736e-104,1.3013175494944685e-165,3.689216177727619e-157,4.9193390647145285e-56,5.251152927122731e-85,4.624129788865852e-108,1.0159324699289607e-117,2.0396984752396984e-68,2.3019264407441618e-10,2.726603533377387e-110,1.4416865466582308e-40,1.7656181081372283e-10,1.7173455291948224e-66,1.1353690772954846e-33,0.00043775047224175215,1.4996280427637512e-103,5.22711233705929e-81,5.956697906805068e-143,1.2056930716033446e-30,6.515207990607761e-61,2.5808113045385985e-58,6.73829685380691e-51,3.8013249983107e-72,2.2724172591060174e-62,2.2433254272390894e-82,1.0272811141696127e-61,2.454693662742808e-54,1.3202496728092344e-61,1.940225714510588e-32,1.0387071168065406e-45,1.2780275344698296e-23,9.40388729349516e-69,7.453928335374783e-62,6.948749765451194e-66,3.653193762210769e-85,9.827057914148825e-7,3.4015355526189986e-11,1.2993882109723454e-41,2.6630951635484817e-8,3.9260190423113807e-38,4.7408033356153386e-63,1.7283907770989365e-74,1.895010497070923e-33,1.1281143677644804e-62,1.8872858035606864e-10,0.0007768804805418295,1.0374047189276574e-19,1.1515946870148534e-42,1.4426562997936655e-16,3.053246071118324e-60,2.915565731863332e-17,4.6580395074680067e-60,2.768903906448834e-43,1.7753193250853263e-97,6.087192061200014e-65,0.0005153500075507332,5.5410333955707325e-70,0.0005510108730441737,1.2530967122734793e-74,7.788755616771792e-73,8.067631040420954e-8,3.2009885801856026e-61,3.7119991641787805e-74,3.0166121754619066e-25,0.0009811036592209804,2.173920312957807e-45,7.616210473891892e-41,5.462146245115993e-38,0.001130226657173363,0.00126093392129507,4.0503237763072775e-22,1.3104666487066085e-9,7.472679991210787e-22,0.0015630579294797923,0.00043096162110555663,6.146411558277247e-27,5.20636048498575e-28,0.00044188798900001537,1.561578721909819e-27,3.5922337665648e-16,0.0028443240660857502,2.144410029678954e-11,0.0007861628797129805,2.4246578724772495e-5,0.0015691086696271617,0.0006695239661181489,2.2312414425895428e-43,8.63089043596776e-40,0.000986365446863249,5.233527442365465e-16,2.180225572115154e-18,8.962563858161407e-9,1.9241698436489555e-20,1.4736526139027538e-32,2.7697964130821314e-20,0.005640008884540026,0.002760716198050395,0.0014007413861871854,6.908082367300703e-32,6.865949015860413e-10,0.007168960234473094,0.001661606199779958,1.7612030182478167e-27,0.004086713315228859,2.0433600352949908e-7,0.001447474680918134,5.801220123649629e-7,0.0030791894438491466,0.00043864786040087415,1.0484411699719126e-8,0.014997611458500221,0.0038241649279378326,0.003236370445206156,0.005120395696698396,0.013959943112900084,0.013975220939184265,0.02277257127609688,0.02601376657519894,0.020588120391685377,0.04318045834038855,0.03566409154355788,0.0503059420986784,0.0566494251958936,0.06925143926304929,0.055726759504284865,0.0622744567225408,0.07674543793420387,0.06552443362355449,0.06035528464740178,0.059463258649323496,0.05901966922023577,0.04614013327932855,0.03321787598183516,0.021844910417665616,0.0176460039450785,0.00944391100394973,0.004550742143681708,0.0034264423676403405,0.0019270392455289196,3.1074171290805836e-13,8.615787412343275e-27,2.022296036113948e-15,6.110974600238466e-15
0.0,0.0,1.89638272173417e-288,2.449280318160118e-290,2.141424009881901e-300,5.297393189074902e-260,6.693316685401068e-281,4.037841699333633e-223,1.5662433345311896e-130,2.4864822207519616e-190,1.8627816059933053e-184,9.679610711707896e-193,7.31912686062773e-174,7.900172793148985e-185,8.81654934015859e-168,1.009526648437729e-185,1.3328588944211833e-123,1.4051110508927805e-112,1.3527098843215475e-149,1.6295444067105366e-166,2.0995697078042316e-53,5.1457853619689206e-161,1.536130928716736e-157,3.223553061585312e-138,5.181119349060492e-158,2.108862316968811e-143,7.254189607367324e-150,7.611103587492956e-109,2.7008646914518843e-96,2.635940512396876e-137,2.228585752312856e-128,2.2800844525522352e-32,4.996364039378749e-147,9.826540305555273e-161,4.3958882846628235e-173,9.299250071257738e-180,7.300966839101611e-159,4.93156469563527e-99,9.165312352483827e-133,2.477086817615618e-100,1.0546833520446036e-136,2.8722727120100313e-154,1.63751224826877e-26,2.299006721249431e-162,5.652815741483163e-147,3.1266368404602433e-51,5.634697826053454e-110,3.372939591957698e-86,1.0931301679514658e-151,2.9232854733572178e-92,1.2843817694944382e-178,2.542851772786417e-168,8.991836360465701e-116,3.7213559181302954e-119,9.943609876472508e-43,9.265263932705532e-108,3.809112548038737e-42,3.676425258187914e-124,9.790338873549909e-82,5.008595709782532e-117,9.943166868175603e-91,7.91764814454114e-86,0.0015963066447357466,9.136133745087444e-106,3.93184160505664e-74,1.7622238033107856e-49,5.86912454124859e-53,7.802943075278836e-70,1.4128816010873231e-32,8.759391133442615e-45,1.1900085523616709e-33,2.7361643374539126e-55,1.532795341992605e-91,1.5374346582348913e-66,1.972374003100175e-29,5.553329113744061e-59,4.21652864127213e-53,4.565136764109757e-61,2.3542962851777382e-54,0.00170497759647859,4.391654379368103e-16,2.1437511678469098e-24,3.273621686953096e-84,9.845952398463328e-82,8.687486791338527e-22,1.9019282352745057e-22,1.0586067774553846e-70,1.2181101617713578e-48,2.271658170683816e-53,1.0160855955533186e-23,1.0548752265615928e-25,3.8457173541754935e-38,2.0709540762467795e-40,2.149180265581137e-28,4.859982818272241e-42,2.1335056111366948e-26,7.079015625179885e-88,6.504120780734354e-20,2.3332790398744503e-39,0.00036541532070131155,7.764839870866648e-9,5.914388294024649e-25,1.8448078760761156e-10,1.996195797163744e-31,1.6015127004810467e-48,1.2298388209281964e-37,2.122299504773739e-25,3.3128328281692636e-20,2.3186980099919206e-13,5.734628628226257e-15,0.02051816849496094,0.19337833688934888,0.2710836927075123,0.28208888115420666,0.12394668527080736,0.0003024013628911852,5.633255042523892e-11,9.362667032701422e-23,2.1624815963103198e-9,2.3663562440985725e-14,1.6295699005087985e-29,3.322633964999203e-6,0.0011889542213026415,0.0052487522118064,1.5976073194406393e-8,0.003441773509516276,0.004614193254724279,6.761052050756431e-25,5.140777093711803e-23,0.01339698315302629,0.0024088894530459,1.3179940490344238e-14,0.00048293436369596383,7.881062326338758e-42,1.0401682653513578e-24,0.0117073933997202,2.229416634662314e-35,2.6696226276358764e-10,8.573641264102221e-14,0.007274454321412546,0.010695468593466895,0.006439845081172199,0.01556728664294414,4.447236596601676e-13,0.003275047226863389,2.5510465091383717e-23,1.7739642234656715e-30,0.0032798118988292936,2.907441508935096e-41,0.0028717600828553555,1.1780490314376226e-54,1.0537150741120233e-6,7.318310143034875e-85,1.687023399677968e-125,3.294430486092518e-71,3.304880334973139e-71,2.471680442469476e-32,0.0014837131690625435,7.587143156922333e-20,0.0014822077377966215,1.916392338634532e-94,8.999181494259292e-111,0.0014590671587635766,3.276397681206501e-147,1.837202426746332e-86,7.433973832109797e-101,8.071157390946867e-81,2.4666232215504073e-100,2.0876262804552332e-91,6.701614832502806e-104,4.069977451370366e-121,3.510786210468818e-15,1.897445411135153e-93,7.339175897520306e-68,3.6950746642564376e-131,0.0015956263057033443,1.107319233195642e-91,5.699689850747619e-77,8.48878071733961e-18,3.4012036460873085e-74,0.0038214466145388482,2.6911959563274943e-115,2.1581069532326823e-59,9.285790729846206e-44,3.773752926539401e-59,3.1126365683877847e-100,3.1324310177490286e-87,3.820500132133907e-144,6.840719633521875e-115,0.001643066051760646,4.704940685801492e-77,0.0016320573453313776,9.85579627949512e-136,1.4086600398648452e-18,6.271669447600119e-149,2.368440931388382e-176,7.365624432484571e-121,1.1186319190276393e-130,8.471912629789171e-105,2.058942371658118e-241
0.0,1.1319136502397041e-255,9.359203568594185e-218,1.9011758179715802e-249,2.6430306687e-314,1.8395736661983453e-146,6.980749483504462e-278,7.258030442368489e-147,1.3331724271228589e-194,3.080420728417799e-192,4.555676274006913e-93,0.0005771432759593535,7.01451060811112e-63,1.0731311793246197e-139,2.7746968571289507e-41,1.0326998780448444e-44,2.3576054797736077e-96,0.00048537348543187134,8.910449503572186e-127,7.533039665766827e-112,8.49896977140354e-137,1.6775260090469783e-78,6.999344934627319e-54,0.0007103209349225405,8.3988101741368e-62,2.0580126771478658e-90,1.4529288262811198e-56,4.6228887925770136e-125,3.599575615414179e-138,8.21877020084527e-134,1.0478244919174615e-118,2.4558688764662895e-51,2.494545165679396e-125,4.156184709575306e-128,2.5850417360492783e-5,1.4923609350444006e-78,6.6265555696458085e-71,7.239721025098625e-126,1.1465424887147255e-120,5.533980208572314e-153,3.219476329954351e-86,1.3026070391812535e-32,1.2626277335111243e-121,6.083296398409991e-54,6.207076470038261e-154,3.2663411773096633e-111,0.0019817739613311575,7.515210802495976e-135,4.229327119788067e-147,1.818519955002473e-67,2.870335949454346e-35,1.0040606386813356e-125,3.02459976490898e-46,9.471791861633102e-77,1.5287692659162116e-99,1.214033022061406e-83,9.129984748150121e-50,2.2286195346897983e-38,1.2161319952440096e-119,2.5283747456745777e-123,3.4026690003364046e-62,8.830045961475449e-33,1.2793407937671988e-79,7.905457008870214e-88,5.245392158992682e-62,6.405949663327179e-53,3.2515110295356e-66,1.6126574995702915e-30,5.482426869626528e-7,4.542240706209815e-59,7.594683337536981e-56,3.088913039824421e-57,1.1074413279954072e-58,4.320176532477278e-47,1.3282224868721378e-107,9.769509362953733e-45,4.6404528195822764e-63,0.0013938141871706394,0.0008688875492962944,5.702304831229294e-59,2.877847483959029e-31,4.453179902806768e-63,6.250455791818841e-53,0.0005442975082760339,0.0007086152305232889,0.00048694721686299924,1.6800788110379616e-42,3.195737319630627e-24,1.1855173049169547e-45,2.493843738938584e-46,1.4012584079113052e-60,5.833478998956917e-31,1.3539488463980508e-40,7.212973478064964e-23,0.0007161875223257001,0.0009187651789575852,9.418060475745046e-24,2.6494596607965895e-22,1.8213201552882287e-67,4.90918779059375e-24,9.52241376496909e-56,0.0014589539507128535,2.785790269453739e-32,0.0007375144865260669,4.5404775522067724e-61,3.2034041877039286e-6,4.720654507347857e-46,1.9538157966092078e-65,7.783495423770366e-71,7.43039765215053e-30,9.43346519898659e-43,4.2015706910026895e-46,1.5334035329886195e-50,7.150262824555602e-89,5.81712526345056e-23,3.756371812015272e-37,1.6866635148127347e-64,0.0004982188907416196,1.4245171908517157e-32,7.515344846517375e-52,2.3863995793747206e-7,5.3928163023996e-42,4.983534373018074e-41,7.289652643746586e-50,1.1740933079040527e-27,6.567664123470442e-34,2.3903441289465063e-53,0.0006988446154608731,0.000815584440477714,3.379228278549929e-33,2.1690397942138412e-16,2.533695502104946e-28,0.0044501516987027175,5.072595284097009e-60,7.793850784417e-34,1.2019453819317575e-32,0.0013598675503233436,5.977655662326207e-25,5.960992491592761e-11,1.0366391269694709e-22,8.152574885008852e-37,0.0012957828299101789,1.0033985415835877e-37,3.5972070057337424e-32,1.391487030387197e-28,1.323259777892452e-30,0.0012856101050760182,0.002276676839424428,0.002851417088472558,8.444738885476762e-21,2.1820923933323947e-47,0.00048561798364199455,3.5549009607997527e-10,0.0012549421630269938,2.2192199503683073e-20,5.228223031566024e-17,3.146763775531654e-39,0.0017754257454614952,6.50378943407774e-15,0.001678911982176897,0.001078554644087087,8.871198459313617e-28,1.7224159906931274e-43,1.660273578895731e-24,0.0021226752688226695,0.0024413427703366235,1.7791483442703578e-14,5.314432617914946e-15,0.002110274159687856,0.001966715208457675,0.0035337968938388338,0.00257695190683292,8.369182640204131e-16,0.005574215338813217,0.0016413389605295413,1.0899216478359042e-28,5.206935710801385e-9,0.004211185025339949,5.729663315113595e-10,0.0017800220892115193,8.997742820854134e-23,0.00520397775076147,0.002911850017155157,1.2739621251841218e-6,0.007648230865685114,0.02089312489813525,0.014826352439819482,0.017969400467798546,0.04234168982753482,0.04804129241975128,0.049002380909870434,0.0561338405797142,0.06312946671706565,0.08959957387470331,0.07301959868709296,0.08314155878106726,0.0957527326087103,0.09327015540804029,0.07926728244686078,0.09646365175173162
0.0,1.4823543616440938e-169,5.535530498392385e-130,2.5191178414192734e-135,1.782409365602191e-282,3.3220752080257333e-130,1.1345875097822614e-188,9.370979149115059e-71,3.146296643844503e-137,2.4219307549511624e-160,3.256230483963563e-48,4.635412376068906e-44,1.8149612175322776e-32,0.007600968815650821,2.155109750692484e-11,9.936156187032681e-60,1.3191663953741696e-48,3.0347516569256495e-28,0.009813020028822608,9.963981994858645e-60,6.52915915209627e-63,1.865359963046931e-47,0.007629783997037549,0.004365067972024106,1.5921202026959807e-8,1.0577827759117214e-8,1.0553843901651312e-52,0.021089870389923982,0.0029126914180232603,1.623002299864285e-84,8.854833080821121e-44,3.5597365511025214e-23,4.317985637620818e-63,4.185045413764331e-35,2.0135319516064677e-38,0.004145997501581146,1.9748501320054305e-27,0.006117578557830889,8.298796042034971e-70,6.19239940314656e-79,3.869781046300512e-69,1.6700341392674299e-18,7.745778368819976e-30,1.76668334719738e-72,2.959983399545935e-53,1.017477065263356e-77,6.877629171273259e-30,4.124546787452368e-65,2.481155079583579e-71,1.0071147503187673e-16,2.3120101104839748e-88,9.855741154088392e-62,0.011028375389410214,1.9477454172286713e-48,0.010823777789946042,3.010270227543892e-50,2.2464627011682912e-63,1.4341300807501224e-42,1.1538917759727533e-63,0.017191381635761546,3.207915072282077e-45,0.0014803138342535703,1.804320984021681e-16,4.126472916566494e-34,0.01893093504189645,1.3406401061769266e-29,2.0538037070874006e-9,0.00017049659504605934,0.007017197418628573,1.6474105594625921e-16,0.018614554431165053,1.832252259985866e-27,0.034598667688059775,0.10861172146360706,0.013975654980566384,0.016685349701027693,0.10256740222226947,0.12628103443721272,0.15886661340831237,0.053870877681185765,0.007309826087167483,0.01109223836989046,3.52762525680484e-12,1.2049965043940816e-19,0.008926979628819293,0.01026715050831753,1.3014114419487563e-5,0.008188764013497572,0.019045023403708537,0.006262293615239471,1.9669705689385654e-21,0.005164416048477345,4.674823547736079e-16,5.0299108818220075e-25,0.001838274532210642,8.466863548694668e-43,5.01249889213848e-9,0.010724474739432924,6.5638689640838945e-21,7.372786647358025e-36,1.6906449816101843e-20,0.005121540442784282,0.003309120547093402,1.1118552812775514e-52,0.008915548280640638,1.2801927124532023e-14,0.013517804971619295,0.012020999508679148,6.824027368831269e-8,1.8499577759425302e-28,5.084382401574713e-29,4.509568621964781e-20,3.7719477180085824e-12,2.7852606171869856e-34,3.80090630179403e-14,0.0037821719275532035,0.013919909716513608,4.639974995360655e-42,4.352770724104801e-24,1.7539713449694343e-66,0.0031442931920171624,1.9613262212057375e-42,1.101605131276942e-37,1.5726382129340629e-41,0.003030642312434686,0.0025882749536197207,2.120751316873179e-37,2.7110086139469896e-33,1.679674714175404e-20,0.010396357913027014,0.0021345985495701937,0.004913349950232865,5.666017091234287e-36,6.734921514285835e-14,7.993679609264953e-8,0.006164596490169246,1.8839094363226144e-46,0.004673095429410367,2.4113209454718554e-34,7.827177331098549e-46,6.59960152713523e-10,6.542825301020237e-50,7.74542528591776e-39,3.85558969525842e-59,0.0017166359302040418,1.169634427702849e-8,2.2018574740857048e-35,2.572275511540818e-38,4.295201776158808e-59,2.7092148490738472e-73,1.3235383369880618e-21,0.0028854040698117977,1.7072495701908753e-15,0.0034086433909246163,3.385111897798103e-40,1.0311236738353606e-16,2.526714189295737e-34,1.6897982476613833e-67,2.1544117618068931e-63,3.4328091875175644e-57,2.891339430378058e-41,2.9503992036479757e-37,0.002887096339346298,1.1677975565635881e-61,0.002612913689172208,0.0042528974101255935,0.0030009410000604343,5.4324221880219174e-40,1.2151954183546778e-56,2.796402527775435e-59,0.00479393604130001,0.007036684465294869,0.002296495058790996,0.005423883780918975,8.27861106850976e-41,1.3928687961061774e-78,3.845021768451955e-56,2.0880908715512777e-51,3.613603030663339e-59,0.0025110444408350534,2.0200606065951595e-10,0.002600203025811196,3.0868749209551e-17,4.412553300042834e-42,1.8092729564703206e-40,4.196910677785143e-15,6.171124381027182e-55,0.003716195632906809,3.390438392699934e-60,6.378744453491339e-30,1.0894240951930137e-40,2.739749019958335e-6,1.926129625136814e-60,4.792080857231213e-54,6.0583395493481754e-40,1.4828914753681614e-90,3.946748725178979e-120,1.0560370941197234e-56,2.9092465226146608e-77,5.205846368459398e-152
0.0,1.145082641962529e-137,2.6160655147952743e-145,1.870270269811441e-124,1.1252927103002826e-175,0.0019453029300157488,7.37217964900571e-164,2.224740978445367e-78,4.302772250404542e-149,2.1308451545229864e-84,3.619829656548088e-34,1.7674981495522205e-43,3.4004620987955716e-22,5.674117371747428e-80,1.2171084490544664e-49,3.2121431301488677e-47,2.6540661328002682e-39,1.1592430882383402e-31,7.765698554197493e-18,7.720452580543728e-15,5.085948326955171e-50,0.005638473919672223,1.0722735479256162e-5,7.238779961612139e-16,2.9351262774911153e-17,0.007061663818258843,2.712444492901754e-31,1.582859461051253e-53,1.3468872444420794e-17,0.001796531033359985,4.3807986702353587e-20,5.499029424872691e-69,7.451222340476337e-41,0.002206379525889817,0.0037265006050765273,9.607439485468832e-29,9.131526584304205e-40,5.129397611163298e-30,2.1940302214903995e-14,4.7040938648688054e-30,2.208876016911597e-20,7.194891058839135e-47,6.358397428941426e-21,1.0009574068395188e-21,9.530645859588458e-24,3.380707600149593e-51,1.544116377635331e-10,2.3112372661016246e-31,1.3889153796471894e-60,2.5197053318405976e-24,0.0005574531301985788,0.0028173977533215125,8.950073273338295e-30,0.004721375042169455,1.1481574983742072e-40,0.008498474391623316,0.009264245231847427,1.4660320485127555e-14,0.002407941806798029,0.004172552279375507,2.3549683147189155e-18,0.01700270035043251,1.1949215304005243e-23,2.2262503679445423e-23,4.753052526077086e-12,2.0789665541179154e-18,2.9128579654173123e-16,9.228391666228442e-6,6.406869841397652e-29,0.003521884462205204,1.6085839136005187e-13,0.01920099434978106,0.0033966754114675576,2.9583348350966604e-25,5.1032365023799516e-18,0.004113188294283141,1.2183142154187685e-7,2.1023592073091758e-12,0.0076302024687357,0.03085594703604651,3.4626620943744588e-9,0.0035818560592571925,2.2871307377615012e-7,0.02955540613885959,7.596987720654333e-8,8.293594747459435e-7,2.1587981141807386e-20,0.055778987326784026,0.010108424424942804,9.942877588024421e-8,6.42727872376179e-6,0.019159342150436905,0.010588991520635619,6.408902899547403e-9,0.026678051003117015,0.034064768529454635,0.052917144794171714,0.0607159920881498,3.99021271046088e-10,0.037456464008774865,3.4023473236389915e-11,0.00018420658711787262,0.016592026695049403,0.0003595713670522326,0.028999368338245485,0.000836679579082364,0.010812828889471084,1.0942025351078496e-14,0.03555724560406017,0.01826839065727045,0.025574144356718606,5.004317185830218e-8,0.013286094859724774,0.005502307458096153,9.808909534255105e-12,0.01899412493579175,9.799911173350999e-15,0.02409008213476046,0.01075942513410837,1.6203029919369204e-18,0.006398238264531715,0.0094805400948716,4.601652659865464e-20,0.002082062157588386,0.009730695304623508,3.210700736679849e-5,2.2961020806864277e-5,0.04231281851570649,1.1568688199315911e-11,4.495420276604649e-10,0.014351923201742674,0.0031383006900322203,0.0001689979956733219,0.03817331000347307,3.079889310511339e-17,3.1573452752724315e-10,0.011545678462159616,0.03132165234230246,0.0030871782252576774,0.00016697801264164806,0.004491971986771602,2.744752502720535e-10,3.5577365068923276e-10,0.007386328682126802,0.00808826759849894,3.990345042456492e-14,0.028167010881610926,4.070068677430566e-8,3.0269785277458413e-20,0.005355178824650613,0.010755350557993976,4.465653363758877e-7,7.371170585116059e-6,0.0022254503794741282,6.690794157535889e-15,0.006556667860349734,2.964571960574312e-9,1.3796470415584352e-23,2.618144599876134e-20,0.001936355426886607,1.712250470506001e-16,5.168314902748411e-6,3.200302639314764e-12,0.0018577748706686517,1.0087174739466061e-14,0.008558250515343497,0.0005975467737905806,0.00958587082367087,4.339404833711166e-7,5.008671639964511e-9,1.0524266549625988e-7,0.0077750773029503705,4.471486419572778e-11,2.8199212130310254e-11,9.405498718819518e-20,4.45340869233878e-25,6.442660891582709e-28,3.6864896714568244e-24,0.020831854483768123,2.1358151881418926e-7,3.805529956707728e-11,1.160570014522099e-14,5.412339888060731e-16,6.024625769874779e-6,1.4229194756126817e-23,0.0006274316100268846,4.71254949012047e-18,0.005636284853925607,7.534569498244964e-9,4.725142965441035e-11,5.2460401301876174e-18,9.540651432327798e-11,7.823043664819672e-21,0.004182362703926789,0.002366098541765807,2.5217793032559524e-38,7.727161314363576e-27,1.607233770082875e-32,3.0570245333112633e-29,5.110257346004005e-70
0.0,1.7119174598970957e-296,2.1911276667654e-311,1.684927887862934e-235,0.0,1.1648225234493359e-259,2.4193407952554792e-234,3.9825653124993024e-157,1.4005568045605022e-176,9.469830764222586e-192,3.066681364523302e-166,8.186418504384585e-83,3.4065049363268644e-156,1.2491091754637166e-149,3.0598453964558184e-132,2.6270793233924187e-134,3.96139750489211e-111,3.578602952608967e-148,6.259232281756831e-135,1.4931542111009457e-136,1.4614841397942753e-134,3.2581907275915392e-118,2.815608328952402e-134,1.3221230551975526e-106,5.49664983343489e-20,2.1014441762841287e-74,1.8668880968726242e-69,2.600659145193529e-149,1.9949712671064823e-101,3.1719582504234494e-172,3.1107458153058244e-63,0.004903273630076823,9.422955539100506e-130,3.6750880680646895e-76,3.378158934908577e-142,4.030418312073631e-144,2.329786005144612e-113,3.8033962288332783e-88,3.2738455178752854e-73,7.258921236466377e-138,0.0019525826940690768,1.5007566306318762e-63,4.923668508212409e-107,6.825916263441805e-89,5.2500279411829076e-17,7.958150108610595e-85,8.704080626323569e-69,1.4312160768955657e-145,7.022702078920833e-116,1.0554900000384623e-108,6.69608182316286e-135,4.886874605557224e-95,3.383715507512157e-54,3.591431041876473e-104,8.9282800347099e-86,1.2752491719523282e-116,7.537009341514888e-83,1.1201390669622703e-93,2.9047129310784584e-84,2.1306570725478417e-102,3.4191534632033557e-22,4.9939298825313617e-95,5.2830033938600304e-126,1.581802612069177e-74,1.799510853180041e-35,3.4569822263890702e-68,1.752547279858169e-32,9.035397107054379e-46,0.00418667903088662,1.2171944655914585e-85,3.6173082662212025e-9,3.4881447579791873e-79,0.007173000303827324,8.231323908005698e-7,0.003528176717681786,4.4268696238639535e-18,0.0004990405918203059,6.9354848419053404e-99,1.53325134124392e-42,6.866023126627853e-76,1.0086006683912823e-35,3.3107632669244884e-95,0.0018291688570029683,3.874341583533964e-13,2.0218288665355216e-60,0.0016934047511493271,7.456969154267767e-44,0.004242428254921549,1.4956960779033888e-44,1.3807450925569979e-30,1.5711594636370315e-72,2.221031659411261e-37,0.014057973314730063,0.020106484594512395,0.04388900389556224,0.08141302065868486,0.11358603854143702,0.1180220148919546,0.12429620184335877,0.08817610001966827,0.0784486929930546,0.07258229905822679,0.01736375820160188,4.0972858392144823e-7,0.0132163517016309,0.01489749848994931,0.001971977492265821,0.006509809336704522,0.0095200058427691,3.4867161997544535e-57,3.876041333880214e-56,0.003743898878723142,0.0017738440380996798,0.003967963501749561,0.006539287940954731,0.007073169192188528,0.002834593132993942,0.008392356237659543,4.798439289056562e-6,7.512216698259687e-65,5.504775525938012e-13,0.020505334379975627,5.112256476084197e-46,2.501761212465691e-24,0.0037726683920315885,0.00552897902872515,2.1822769869179493e-48,0.00011892802408178267,2.3805729619059837e-6,0.0045747983849630195,0.005735245185862762,0.011969588868326761,0.005351593906393264,0.008298551788473215,3.3042689851612904e-7,5.722128562234611e-24,0.0020032790296664357,2.5325438245313095e-63,0.0019247473967831082,0.00824511170865132,1.1988463175114748e-15,0.016681373415325704,4.4679559634861174e-26,1.2158841091222018e-47,3.560900580363314e-49,1.4453563826595333e-49,1.131716357780914e-54,2.7039341821526336e-16,1.0236996668836692e-32,9.041018892344812e-67,9.189956658097988e-71,0.002376570501647268,0.003909568864752672,0.002132643591009888,0.007325674756648503,1.4705872735513611e-35,4.2574461622461567e-19,1.0653572397330748e-85,5.363203170148344e-31,5.979862405840642e-83,4.541331185225108e-42,1.53718481954366e-35,1.5397663594970718e-75,0.0020300679568091774,1.9550875911239e-18,4.5796804479955987e-42,2.3605883278191274e-44,5.267753493317472e-90,5.742136551196103e-85,5.893281388758066e-45,1.453527478610221e-40,1.4036903409100343e-76,1.136303090834185e-99,4.649684978873887e-13,5.386921328659895e-64,1.9644149064311144e-37,0.0020096942798431034,4.8563319470537996e-123,1.5960866101591436e-108,1.1929353167454527e-39,0.000801794728341215,2.9916320351982133e-107,1.098348328580756e-88,5.136226242361474e-77,6.210064208200049e-99,3.478285482248747e-95,1.3581951046889402e-20,9.161257540805402e-88,6.573061102103243e-53,2.519068377603579e-120,1.2161035105002843e-69,0.002304941262935464,1.2366136291867445e-48,1.2269825291292868e-122,4.249794994059627e-112,4.125121104945108e-179,3.1355763894485866e-52,1.126103919816125e-137,1.8967072734896743e-117,1.3283112679611854e-164
0.0,9.031033894379245e-257,1.2436644256245636e-255,1.2706774212963344e-213,0.0,5.4318729945176746e-45,1.0006686772707423e-243,1.676951046695045e-158,2.5185044616119523e-172,9.487219330172917e-142,1.4635680343657943e-10,3.703139737707757e-67,7.124551935271468e-43,2.282646961183417e-104,2.9681295316570874e-90,0.006832955311872873,5.674184065214239e-33,0.0016799521048271957,1.7269931576535901e-74,9.3803860721205e-87,4.3928239944752253e-44,0.0006679768457906753,1.7174272437867666e-22,3.8107628204274495e-37,3.911280362455926e-25,8.627134562089864e-12,3.2531631213635056e-25,2.2897684088057676e-34,3.815100251643434e-30,9.113924541180295e-45,5.429866122325214e-56,2.0191035225724455e-50,3.4414501343573134e-48,2.1717501839086023e-49,5.544590732309382e-82,4.235004215004176e-59,2.4306073851646927e-71,1.692462257602821e-91,1.3428301273827829e-81,1.7455679052307228e-62,3.78840651895551e-25,0.0017591895932212059,4.02497067707199e-55,1.3669621253191458e-22,3.689604857647268e-43,1.092671108619804e-60,2.724773534354966e-66,1.0207793081905302e-56,6.08943578614077e-47,6.547212079555835e-47,9.845873691744849e-64,1.719032775171113e-63,5.5860275501509295e-65,1.5112546442977305e-35,5.021757888433602e-35,2.8899480290332215e-9,7.613682675511328e-13,0.001698475118911797,3.5180221626247124e-63,3.0478952535629006e-14,0.00906053304777193,9.624473090424969e-30,2.253295383611849e-58,1.0492021678281554e-45,6.606385121864321e-40,7.713890639146356e-14,1.8527206997190645e-50,1.018712475040986e-14,4.049805220552778e-9,3.880749536971926e-9,1.4189263910068392e-22,4.058192722696858e-15,1.3679622563356866e-27,0.0026445924020682497,3.420357041561717e-61,5.985339913051895e-12,0.0009549781956859847,0.008372916637069615,1.7406457722082865e-19,5.821321187075563e-13,0.006957339730475455,0.0027089528920187624,0.01862997478956827,1.7649068424701646e-19,5.670566011163173e-20,7.884597042392113e-23,7.216993728411319e-12,2.604655708814651e-14,0.027956150521412308,1.7133479180968653e-21,0.010964869409156424,0.006294141204476968,0.0018419855231510197,0.02433125132177979,0.009226566674662939,0.003104570023106554,2.0503663763335724e-10,0.013293144200576777,0.004474769015037881,1.2004377908965399e-36,6.937002277685074e-7,0.013396700341286257,0.000993632661199369,2.2426141287770184e-12,0.010368377624504361,0.020326702873289148,1.5625967279817241e-25,0.000802326194303825,2.9424617561027386e-26,0.016692007121480907,0.0038429430719535305,5.884508560305301e-15,0.0063414233863920266,1.9654951384447407e-25,0.01157508236782418,0.00020615153514694082,0.010363443294920532,0.005484898233758011,6.802858906818382e-22,0.013315729422418373,1.615393931168807e-8,1.709477288192459e-10,5.640924795797574e-7,0.02184448018962167,0.015647119991646263,7.1170316664165344e-9,0.015961881303434452,0.012084888568212559,0.030550370998457376,0.008503791175088156,0.004371247107183349,0.0384136928451738,0.0001095587764029984,0.02642089243457273,6.893188132168944e-7,0.0136402401610178,0.03463345654018695,3.8903609441932896e-8,1.17508381417358e-16,4.2554841315831825e-6,0.006529201875792956,0.002758504260021638,1.7060918428448133e-9,0.0030532681177332806,2.5708949851502317e-10,0.036345775053124085,6.852363838696808e-8,0.03232777342852044,0.03325069373911763,0.023274692708848476,0.008679706222234514,0.03569620646045573,1.1948781277184105e-15,0.04331109153593437,0.004226656204205653,0.01492235424668878,0.01457661864932902,0.002267853272642336,0.017487116453308128,7.59032642962834e-7,0.0006464409596574245,0.0037153239810902685,0.006295625507768034,0.022829401306203156,0.024074232914174657,0.005792016704147747,5.4702206234442595e-21,1.3748965129514675e-6,0.014142882192440996,0.018430143766180303,2.0091208671831722e-10,0.00934554632076329,0.023345467533898833,0.009726533409000322,0.008965799582442022,0.020541917326689897,4.3318465623839645e-14,0.01617483462868862,3.41075125674692e-13,0.008054715015136138,0.0033887684612348428,0.007962228141765119,1.1211543467496234e-8,0.0027404638882443386,0.011046473103776579,1.3253993731803702e-29,1.4576646621757105e-19,0.004710293103610909,1.0836462228746167e-19,8.544580431617864e-6,2.0595115720281124e-8,5.263821876173618e-19,1.9190930958410702e-27,5.605469904434747e-19,1.1109533480629045e-15,3.3400844417671466e-50,1.1377863313055607e-31,1.1953263197873574e-24,4.972248569471785e-55,5.998353091875577e-23
0.0,0.0,1.6903052855884682e-289,0.0,8.8140876862296e-311,3.030648514502781e-155,1.6862415812694922e-284,3.1053076790377123e-288,3.2226445434338215e-131,1.8121843239720676e-248,1.3598453130798958e-203,3.4856423507543156e-211,1.4414955050466387e-227,2.022467034400345e-213,2.2446853536410958e-175,1.0454660485049043e-191,7.231799724460861e-147,1.6583771955594344e-168,2.7784171408296297e-179,2.7180390344563514e-172,1.0400258011135862e-115,7.992491241895464e-183,3.5803598259941574e-181,7.312973877433108e-184,3.539271844077879e-174,8.790029592191898e-186,1.0925155247738093e-135,7.722809848139677e-168,2.5381979105986635e-142,2.3547926768976967e-228,1.534331886178185e-144,6.438140867444037e-57,7.689046910142482e-188,8.143135915158281e-181,1.1009022925233358e-165,2.8240761783178216e-164,4.28176541575224e-160,2.847056062956564e-119,9.48108932661557e-155,7.500415046314459e-119,4.6130205587073165e-62,5.7712653233763965e-180,2.509078080627827e-27,1.6446037694530812e-170,5.376087359556136e-195,1.6734132319424238e-90,2.564502930721839e-66,5.398624831313358e-61,8.230872060637709e-68,4.658873462848188e-91,1.4898250647113143e-158,1.70489687648598e-120,7.468802265211721e-130,2.9619077032592385e-82,1.1328601396430258e-91,3.416207833789244e-97,3.7842204176329506e-73,6.195635647904736e-92,1.100697774921108e-73,6.92296872456985e-21,1.2392491834927138e-66,8.646350294303061e-72,7.375240707925972e-63,5.844905511430646e-92,5.143769175095126e-56,1.317588717065473e-10,1.9924872046082695e-95,1.292751261232436e-91,2.254769398757329e-48,1.2447559409614663e-46,1.1719891059394898e-35,8.808052746947153e-66,4.033913245018121e-81,6.310065507161353e-73,1.70413592737533e-57,7.284333900785265e-54,2.267762518682874e-5,7.253606180743758e-83,1.3406817970140507e-45,2.8307804337920478e-46,3.963597081576363e-12,8.620847136592503e-32,3.58588224537481e-120,1.359667074869451e-62,7.163049909248136e-5,4.3683354999005477e-54,9.312949490282673e-52,2.2393444600204596e-48,1.5626398392061346e-77,5.804486223937498e-41,1.49265334160552e-36,7.738375438284392e-75,1.2097996896320725e-45,1.8004179165031744e-31,6.772853176553757e-54,1.7610196286997597e-33,5.863870552695937e-88,9.335180215505984e-43,1.4573565602313727e-31,2.176972022857425e-18,5.132858517508527e-45,2.9325383923597623e-49,1.0642963076907086e-13,4.556232437676853e-37,2.658122036335292e-59,6.987245940526883e-45,0.009417544773579123,0.12223106325750126,0.2206530393371234,0.24095221046106455,0.228454845245841,0.0589835210061458,0.002496386590449893,2.5002621895208282e-27,3.886156772058501e-21,0.0019160290032508656,0.005932839400764724,0.0022849521462767514,0.00660033462330267,0.00700398163650172,0.01080287089772755,0.01272823029984268,1.0237803334244682e-8,2.152296229550175e-25,0.00123596450789163,1.1839264112658438e-25,6.195481410384992e-14,0.007884768867510751,1.3975267085267508e-20,0.003623695262262803,1.7353269910413273e-31,1.3377362143119442e-38,0.0024247981459520167,3.008960320794242e-22,2.9035380750199694e-45,1.616919813866958e-41,0.005455208840557137,0.004665187330852291,0.01062099622393133,1.1738795775493884e-7,0.005392179230778442,0.008295913700631168,0.004367447567020606,0.002938809947844695,3.815489111205895e-14,0.002221503631081094,1.4651233140198635e-53,6.788157896284118e-42,1.5362001182159123e-83,5.357913583074883e-52,1.956730651364638e-61,0.0032177104678525344,1.2804912575098982e-42,1.3666424596762088e-74,7.888021880225481e-15,2.2657570308008962e-96,0.001363064958110885,2.3686029385566287e-114,8.281511074743786e-106,1.2619307741885976e-6,9.502777796415622e-122,2.4109328466570873e-45,4.841715334205447e-31,1.0456294826552884e-134,4.247914529386688e-32,9.301021908499237e-97,4.425987477007189e-126,7.811461444768762e-117,3.4661052966125365e-96,1.339351823593886e-139,2.642516564818372e-108,0.002989458159660171,2.9882440138575336e-159,5.264986218071256e-113,1.0262093976880394e-99,2.109867503896568e-35,9.154167076564729e-128,0.0014679233206188718,8.93155822602849e-49,2.4557835106697677e-82,3.569738502175855e-28,1.8642392344186338e-156,1.58080900119723e-85,2.7718933035326833e-77,1.254245984124967e-77,1.827994557739351e-152,2.8263510692761605e-72,2.4520536745339077e-158,3.1120150563479205e-109,1.5295201774907236e-123,1.9474473032640631e-128,2.6858800206476588e-52,2.1340708645462458e-131,0.0012818233413201042,7.042697302831489e-212,4.892445710483868e-261,9.765812090152542e-177,4.448573542428355e-206,3.732895282257156e-169,1.639797015014206e-231
8.467281975165702e-286,1.5587004406900487e-207,1.506456157301879e-237,2.6555328322580525e-261,9.401140887118897e-211,6.312087972286906e-193,2.3385821587410706e-200,1.0551429025309301e-130,3.930303736854945e-132,1.1982715759118847e-88,9.818084226011118e-76,2.4779934961750357e-40,2.2423926917844226e-87,8.999051384865822e-78,2.868788004611188e-69,1.560451702358457e-48,3.656850659819041e-49,3.287879449838084e-67,9.303140087827059e-29,6.4660353832374856e-34,5.491932635040992e-72,8.322800211078276e-23,1.826093606477753e-61,4.885209422147442e-63,1.877535946001581e-72,7.750597005449982e-62,3.594649465557847e-79,1.5871383980290302e-19,7.463494478464476e-41,3.1799938328975713e-44,5.404153481038758e-43,3.5877819420766985e-42,7.63253557176101e-38,3.5097226749378e-50,1.870695199913536e-15,1.942665714180127e-65,3.873949935187262e-96,1.6117833458264567e-86,6.59797383256457e-48,1.9452642748521578e-133,4.4414168318786543e-101,1.8697271499797865e-12,1.6058933712449895e-20,0.004973883965795785,3.977635087335861e-69,2.137215327161551e-43,1.2849258934307202e-20,3.330141663477489e-9,1.0452531392487961e-52,7.313319947012333e-23,0.0028575164427749747,0.001566538760871579,0.0016710011627731783,3.8877612449290595e-29,6.700400135152559e-44,2.2258244732813977e-8,0.004892737358054146,0.034746619758747474,0.20186738278305102,0.23826268756377642,0.21583265453639833,0.15129607160355074,0.012075999279853384,2.935888946382072e-8,8.628168133550708e-46,4.137942987512393e-46,2.5514421051440263e-10,0.026766853826266607,0.03269827236949755,1.3452255687764286e-47,4.438443392951393e-27,6.255786587606263e-51,0.006641842915939976,0.0009278282605633581,0.001788877026226267,1.1601863136415738e-24,0.002131521395407143,0.009910468800105135,3.655143776485326e-24,1.8032791680494276e-76,4.24033966903502e-35,7.443477816038581e-33,7.298248779552474e-76,0.00324919552613319,1.7567251386722434e-62,0.00018873289436805154,2.5801269672737188e-18,1.4697671675216488e-8,3.273624822966304e-35,0.013551700549549012,1.486153606552119e-47,0.002015893380279395,0.00573481333491886,3.9286805651607444e-55,0.010411250991173049,0.0019971340524951313,3.912307719933897e-17,2.3468547505744155e-54,2.7347176378637326e-8,1.202017033624408e-66,3.054143815999061e-81,7.688077587107771e-101,0.002298944018665142,1.4592242061401104e-94,0.004234602612799578,1.6234062515097763e-54,6.838353057117783e-27,1.6549174754786494e-56,1.2854921385916224e-74,4.386153107808022e-91,1.6128771875719558e-75,2.1163416187531071e-137,1.948317299414108e-16,2.6078053916335856e-47,2.462319413480576e-136,1.2113704627868328e-103,6.40723981801258e-70,0.0021876285538988205,1.0743511443101128e-48,5.465800756813925e-24,4.708193023276701e-87,6.372686335553318e-31,3.862050854743942e-116,4.819314153561479e-64,7.153298840838913e-55,9.850596395585418e-58,1.7330003091557776e-67,1.4613779515285629e-40,1.9531309601552326e-81,6.999042748916309e-53,4.896181809210936e-66,1.749228279175908e-20,4.818354369053937e-107,2.5308976672202982e-77,1.022908662010346e-95,4.243508964307854e-84,6.674094895867271e-51,2.2572894954870704e-96,2.6274514955545395e-93,3.170802042211734e-92,7.977702080608327e-74,2.7042009296989555e-47,1.3786953835887574e-74,1.5895547424813588e-47,6.158028172504441e-85,1.440926907761852e-58,7.692718858490574e-62,1.164250979583155e-120,1.569274077476989e-101,6.614137642866704e-73,6.329881991351862e-48,4.5946542885596995e-91,7.579265428735221e-66,2.253236723083528e-168,1.3574862511215673e-57,5.074870890155136e-48,3.10750261753196e-51,1.0724176234523367e-7,1.1883199367196245e-126,4.0718561022712987e-14,2.84125102729316e-122,4.150762563831773e-111,1.992494490857966e-83,1.4600787083715738e-101,7.590601984200068e-136,4.5703046650735005e-32,9.20061166291441e-114,4.1583619949351965e-131,1.7488868293171883e-66,2.4084807874075952e-67,7.16408883244755e-117,1.373551298466175e-51,9.482646652280416e-73,1.4385159280397796e-18,2.669985308677452e-130,9.035660622103867e-90,5.315575241885756e-124,3.657822438170901e-111,1.2195273888809624e-58,2.581341955812215e-100,3.924532575154414e-89,1.7790369456862464e-75,1.171302319675702e-10,9.143803287433976e-75,5.47839818652621e-87,1.2057350372885393e-74,9.42115858731604e-78,1.0062038272198084e-159,0.003221141667993324,7.995540906448877e-97,4.227529307155736e-52,6.60713898377886e-28,4.617899860257197e-99,5.926197948158131e-87,5.2358788561739636e-36,1.194942394315686e-143,2.9270550173695506e-112,8.079388029957056e-187,1.0415028167180842e-125,5.086656036664383e-244
0.0,1.0035822160606578e-219,3.553650011015155e-231,4.3455548036507195e-223,1.09875e-319,2.4909099837631916e-191,5.617386549305095e-259,3.973932712793591e-196,2.53214824086081e-174,4.978293019464212e-182,2.7950796019658225e-193,2.158458424065214e-211,2.3718820813840996e-191,1.3277781219033427e-200,3.51358477498173e-191,7.362812435546591e-227,4.6011134497990845e-204,1.775843883056242e-128,3.657981461314488e-75,1.4589341453871116e-75,3.309535783810628e-79,4.6272567939019986e-164,1.3714777009295354e-169,8.008187345804651e-156,4.987385746637523e-113,3.1672666491782607e-144,4.875936256432468e-134,1.620621213135573e-118,4.018627311350782e-119,5.869013241463445e-167,7.153868072667017e-86,4.900306421996985e-89,2.1356556393529163e-155,4.0531641349237084e-137,9.214154687351463e-118,2.4882085628425228e-141,3.373451513497908e-123,2.618144906261192e-81,4.8399919313750235e-133,1.2475141333197726e-37,1.2612375347565231e-54,8.797655021580695e-89,1.1201219413223018e-84,7.269017111925404e-155,4.1885621809185296e-92,6.412565236864645e-70,1.7950317411368863e-109,1.1427429757659148e-117,1.5861343904480343e-163,1.9556696632349703e-156,6.23001456237239e-136,7.760861088351369e-169,0.001637863096962756,2.79569489643535e-92,3.362285508662789e-26,3.7926828718421736e-145,6.817064868863901e-72,1.9139607766014955e-71,1.6575322133973827e-41,3.014115658070442e-72,1.3483270175240479e-71,8.032786876231458e-80,1.1895178797033986e-12,1.2420334322454941e-107,1.1096441085538103e-61,1.2106269986427667e-38,2.6454553926093476e-31,4.4688094230253695e-45,5.356773832198124e-63,1.4721026856025441e-64,3.590132526604015e-90,9.117360317688281e-45,3.6995516698999984e-46,2.2318223531933945e-60,7.846038594247591e-55,3.24914825034461e-54,2.641572858343883e-19,5.874538312576862e-5,4.21327178383191e-40,3.8715160924268233e-23,7.115240572002717e-16,1.5524588345937344e-11,1.8604836529574246e-98,3.423573076584231e-22,8.9176889606933e-21,5.402493259385506e-10,4.6852855938737014e-48,1.9271650639857423e-57,3.463490374653997e-42,5.1384190593536644e-45,4.302831245811512e-24,2.5446821569820575e-16,1.4549597406158889e-21,5.895462931665133e-14,5.829049916143289e-31,1.3042742981279144e-36,4.493964900296738e-72,0.0016454017705503955,7.499629660498296e-25,1.7692339110222016e-17,0.0005102466686135715,1.2453833006888584e-21,1.2712035068102564e-36,3.7785655384897335e-11,1.3685789821178225e-26,0.002274990543549442,5.499370688847008e-29,4.608879435776552e-9,1.8781446431060429e-34,3.2889166263711134e-35,1.868614893121086e-29,4.587782418644836e-24,0.0004454845034132643,0.020821988058197724,0.14319044685570068,0.26873642397593794,0.21697499096893605,0.15787590963747802,0.031949138723702995,2.518291140488157e-15,7.390792084754505e-36,0.0022087151239891644,0.009525860203924097,2.5035567377240803e-9,0.026674385773469974,0.002057007893016965,0.01223491956608018,0.012398480465096826,5.04285501414001e-12,1.4231695548199968e-19,1.3254185912907289e-6,0.009600083568814189,6.011035417074173e-8,0.015569464396342094,0.008530992562381143,1.1332351189832357e-8,6.106355485850771e-53,0.007503753444648398,0.002062511859779214,0.014236270232112548,0.006387190988498963,0.005591977609520904,0.0026889115119078156,0.00578392755287652,1.3971101698004871e-8,8.020675585706485e-7,0.005549978697890686,1.0006050511979896e-18,1.6584886805856336e-37,3.777228437868688e-26,0.0010759440777548116,4.2107619723123735e-62,3.0822666700130514e-128,2.649309124396951e-116,1.3257635164042719e-90,1.450256982316303e-122,4.429999826240014e-50,1.399832108671651e-26,0.0027322846470178162,5.649341125260942e-100,2.359514670194067e-50,1.3794480323370636e-103,6.468519857725237e-62,1.5544404518138961e-139,2.1094852541471448e-64,1.0356045794732097e-65,6.608887949184164e-105,2.4623237055761564e-68,9.493982390373392e-78,2.0879899217238818e-92,2.124260315092455e-123,6.300675163722721e-118,1.6112619682628348e-104,3.450501951369675e-35,4.72344660549932e-43,3.353007719434606e-57,2.1589158939937386e-82,2.1304125996935477e-65,2.1115134951717968e-29,5.731226298786253e-85,4.9068763023865386e-36,2.6028161976409274e-82,5.459600556706563e-63,3.4253130785800936e-77,1.7418586619890142e-65,0.0014634890264617274,5.248533338318602e-130,9.597771915214265e-133,6.798116412325753e-26,1.982058357386784e-18,3.69944700712199e-88,2.2616953205910935e-67,8.821778618948545e-127,1.1921533928313576e-45,1.0098171644702577e-148,6.280232629914299e-219,1.5021083398550357e-145,9.534937194880576e-126,4.410255409216754e-177,7.994942047104624e-236
0.0,8.684904172165811e-58,0.0017314464505926131,2.1042104980973173e-50,1.5792874278855318e-246,6.692990619375732e-28,2.7808995772089437e-172,2.7479183387619453e-57,4.81305200856175e-134,1.3381049251364821e-89,1.2073694535467685e-25,4.174587831838012e-18,3.3311731703048365e-42,3.7107935057811705e-77,0.006787389345945342,0.019342017339795858,1.1960263250932165e-30,0.008896254983808326,4.239492393984338e-9,1.2873098311853552e-41,2.0646543353726722e-40,0.0036904592027799453,0.0029639535228936195,2.5121611341260685e-19,4.632328153968134e-15,0.015886916004146,2.3050291161423144e-35,9.222868276232515e-23,0.00821551667723388,3.235549747751923e-26,4.178512236414353e-12,2.4455654502382278e-53,1.8746642073337865e-48,0.0029103930672974287,0.005948340142120365,0.001376484580755692,8.994908478750541e-40,0.014351641852217009,0.009054634777019791,3.393251927209678e-44,0.0029286725700777808,0.004625353137374433,3.779040541522439e-12,0.005212679712992027,0.004913008098131574,2.4350077941151746e-40,0.004020207123477339,1.1572835305893463e-16,0.018812612990697482,0.019144119739316203,0.00014161549804906588,1.7303671732187919e-37,5.942888227904429e-63,0.006608420224128994,9.231588439181824e-27,4.083869324031749e-16,6.047084327290161e-49,2.4960053569568543e-38,4.0108101980376565e-33,1.5205584177261734e-53,1.134044417456146e-49,0.004392756273844288,5.960261001344737e-26,0.00699012174644175,0.007624747994653442,0.01666027380035731,9.18799132363441e-29,0.002586839635841515,0.007015610445377716,0.012469607278589262,0.0390270013999599,0.042485769179973674,0.005356293567286421,0.02091289652017221,0.08210967220043844,0.07596702072322906,4.816923577980432e-6,0.011328619181040094,0.015623043449217519,0.0181891337944837,0.12511787528824636,0.10880540143605819,0.05856940395676083,0.019710284671217004,0.007303348067063447,0.01615325710045619,0.0036775136822137736,0.01189569617593966,0.01005914200848048,0.012509068767110613,0.00022130139744616645,2.1708378711714337e-18,8.524115053473493e-21,4.4954734550470945e-14,7.5273684179777185e-6,3.9196829990452723e-11,6.806930017179397e-13,4.872046878472522e-17,0.018481561912557922,0.007328385225267069,0.006505362719360586,1.599890376626086e-19,0.005291178751753548,3.463068967836233e-24,8.389068081098893e-30,1.845637315672403e-21,2.534192662149302e-19,0.003499479185934566,1.1731451015441782e-33,0.0033585431736742892,8.712045634469336e-67,1.6336557751294378e-24,5.492321185716849e-12,0.0006007184129918881,3.1822770652099282e-28,2.3410703856254488e-29,1.2325316008702662e-48,0.0016765739468041876,9.024355636457152e-48,2.2526968715902123e-30,1.323001386302689e-25,1.0521275113772066e-35,5.116799746585162e-53,2.4401208086817728e-29,1.65525524715621e-21,2.440359940509521e-53,5.767304130066624e-28,0.0048372731249103585,7.446776879272983e-35,1.1385496589657568e-20,3.4945690624661655e-32,8.117494305014062e-31,0.0023743037015492973,8.607159482501581e-42,8.087584640708356e-31,2.0354925160673177e-13,0.0032179862606212294,1.0126981148985835e-38,0.008219433587707173,6.556962924807712e-59,0.001734831930322216,2.5545052991409998e-42,4.551183604152975e-41,0.0019444051693370324,5.286917489454811e-56,1.0600981001935925e-63,6.672574468521695e-25,1.9891639233353285e-32,1.2277176083729929e-48,2.155772643175217e-56,5.1238444401313896e-54,1.1895219595165793e-40,1.5715812813097614e-34,1.8445624314983688e-57,1.0288789758623448e-56,4.488751479712312e-31,4.151678199771679e-46,0.0022508076231247055,4.348650003368619e-31,2.3235224340395514e-27,5.777843472873514e-31,5.067836960311916e-51,2.0995817356680625e-32,7.067889557825471e-29,5.297265877926054e-47,4.388637266000816e-63,3.9485386652920835e-63,0.0019344627479909342,5.1392183191971516e-70,2.716580595499785e-71,6.053841081738886e-50,1.027705940551007e-57,7.19877922149941e-79,1.0381526930059091e-78,0.002701977576634022,2.358160269970029e-85,2.4121248057991384e-22,0.007824859683575389,7.174154873089606e-49,0.002004131296880259,0.0034561058126653357,2.3381564714446867e-64,1.3315203766084154e-32,4.556603430002494e-40,1.557947257564604e-57,0.00042143278851875925,1.7836261433454565e-43,5.013369126920223e-37,3.1377831065258963e-52,1.8224712035441945e-26,7.526195635183596e-57,8.339252685175419e-41,1.039934481310215e-76,9.628555904845961e-30,5.876505160666098e-63,1.5680096579344824e-19,8.117520781258217e-141,1.1157093117051792e-91,1.219818232926271e-101,3.4862320468352004e-187
0.0,0.0,3.179192308792453e-290,3.979996018750148e-273,1.044654343990479e-121,2.981940781626735e-242,0.0,1.3447217017087864e-235,2.257572514400307e-166,3.155975240386086e-225,1.3127997956049403e-217,4.9544826630491716e-161,2.3347454153756883e-233,4.916672181810625e-235,4.580480243420431e-106,9.93200131844142e-194,1.2901110368544762e-159,1.7965943858614788e-195,2.4536135352788975e-152,1.5928288208455147e-199,2.077575260236461e-127,1.067224124529922e-161,1.0860793456818438e-186,4.355815666713627e-191,5.153583161826246e-144,1.8082285495686883e-120,2.15173651778297e-72,1.3009647415489136e-135,0.0019073835280268602,1.050217292368848e-244,1.0688053768655942e-143,7.954349437192517e-220,6.853911411236173e-195,6.95587231652812e-164,2.581230459252819e-145,1.5587476198387152e-139,1.634778320623116e-86,2.031041941872012e-48,1.0642247670507303e-127,7.741771050507491e-112,1.2877481897690992e-36,1.5463145393384447e-163,2.617160607272486e-46,2.4962640025376228e-80,1.8955120049092228e-153,7.56895561182435e-52,1.6689131171104006e-116,1.05721202794371e-68,0.0018547832242379815,5.51216579379178e-109,4.4814546530461795e-177,6.372451769555785e-59,7.634573297814112e-139,3.47172355160549e-107,2.1027212795009104e-21,1.8373945217567758e-43,7.225016419446264e-71,1.68132838116647e-78,1.509052361470546e-90,0.0002731882056426467,1.021702496766443e-31,1.6891302106943865e-66,1.5368143157132405e-36,2.805922539946931e-93,2.6098085888625626e-113,2.219853497233531e-13,3.3671574621747804e-65,2.3214856714272127e-117,1.5197252173912398e-19,3.0005286612223487e-58,0.00012458106224442998,2.5834633572174194e-72,2.3433736073428818e-60,3.563683002197908e-80,2.718546634194794e-82,1.6078360232934132e-30,0.0034800904732603015,6.076302637774223e-70,1.1708600023089301e-36,3.3504994330492273e-82,1.4359314243314266e-42,1.4513912873926836e-23,2.052043497301721e-62,9.859137631297027e-88,2.0049759073006706e-40,3.6698330551930456e-73,2.5751440175565965e-61,7.515205976196336e-54,1.8357817570746611e-56,1.939858545609262e-30,8.820249301759495e-44,3.1135662054993487e-57,8.847844572128701e-84,1.985961024811323e-47,4.9227354954054645e-46,0.00012636722587836487,9.75631255565844e-65,5.5054324232782035e-33,0.0011219086290983537,4.6910375615162585e-39,4.7303138627160315e-12,5.989918779708594e-25,1.6059629116168666e-38,1.5939789879392373e-17,0.07172124507393393,0.29788154056765515,0.2535060936101691,0.15991530723885752,0.02387999015394741,1.2780874531263535e-15,1.2233045720781997e-32,7.675228534548146e-10,6.269569733891308e-45,2.3853960868995323e-19,0.012943038596101394,0.005177959998670833,0.006071746577855671,0.010520256879506749,0.008960354352332622,0.005212395260297206,0.005019409343697149,5.8789312316453025e-68,0.01141663165650931,1.3205932405347473e-12,0.005769001982502524,0.013751712342841834,0.004482870375861549,0.009223859242913643,0.017064941891206564,0.006271292762396959,1.4455383440094831e-34,0.007608424824783458,8.92727123708118e-8,0.0039760346372622,0.0017584760346240995,6.683730542583526e-94,4.949163195453241e-7,0.008993646917249286,0.017750618808179894,0.0001750471730500481,1.7850891469832893e-9,1.3925374872596036e-19,4.3941247045862634e-15,3.40470697389121e-20,0.0019315413162629333,0.0008248566244736303,0.005934904475321189,0.00299523191444336,2.6501441266541265e-27,7.020192568379107e-113,0.002223726643206414,4.774855162717345e-85,0.0022074012076768895,1.725426184163619e-67,0.003971442423777479,6.147685718298317e-148,3.552162334861157e-70,1.5511809834275154e-130,1.6738920244250568e-86,1.552556197018845e-106,7.221423859145377e-104,0.001970109995919587,1.7397827718534644e-73,1.6454512359110014e-85,2.0041053726566033e-13,2.365197917717785e-107,3.5076203143019883e-125,1.3150641750432125e-113,2.1676568880803612e-91,5.2522702612457975e-121,5.399132896693123e-158,4.3202979028912766e-16,8.352169234728673e-172,8.087934755968169e-67,4.063257179451263e-142,4.381691367326823e-98,1.2102813039676923e-170,1.7929469570522728e-47,7.020078345584928e-103,7.164959339912937e-83,1.3450055182188663e-142,1.2057428603256553e-153,8.472541874589308e-69,7.654781099113746e-122,2.085913822157369e-83,1.1758326848774352e-98,6.798659348619474e-78,8.47438842018844e-149,3.4793129805933326e-130,8.491912596651749e-162,2.0904214515692598e-128,7.224422869457444e-102,1.4343874853296709e-105,7.304050564237217e-137,2.2643615015147876e-153,8.221551735476586e-265,7.587779550225839e-90,1.2022941027576102e-192,2.2779855577986716e-180,2.906639490937818e-275
0.0,0.0,0.0,0.0,0.0,4.780549031250055e-257,0.0,5.68047e-319,6.156388e-316,1.478809464349221e-250,1.9153023365636702e-63,6.131665485040622e-113,1.3701382557537584e-148,1.0692561464292661e-269,1.203228284965421e-205,7.123106920146792e-122,5.3932331641876016e-154,1.8464514836906037e-77,5.437700972916567e-167,8.497119902504314e-193,1.4293873289012382e-122,1.2285750480284638e-11,7.772157160412683e-163,5.407104706964319e-143,2.569551300361307e-144,4.826899504456857e-50,1.766091593481337e-80,3.886724910110148e-135,1.9537468269087404e-232,1.211149976589264e-207,4.127765139643525e-167,1.9583402364903803e-193,1.2758003578852501e-214,9.213868627152052e-183,1.5375155518844513e-8,4.8088648551182126e-108,2.914291142947922e-128,7.777616272593382e-178,1.9373099229054807e-62,4.358991909415526e-249,4.514159229826597e-8,1.9590480410265873e-126,1.6619053452160236e-126,1.4798217529554715e-58,3.478873450342602e-67,6.9941837490384965e-202,9.476268176997855e-55,2.4664556856416977e-193,1.6104264618077933e-214,3.7921206996682597e-144,6.495254199668664e-185,4.207447632692798e-174,9.041483520604345e-80,3.975440538678836e-137,5.649325755193668e-108,4.759261418738087e-92,9.352457586813934e-154,8.120849064501768e-125,8.785777574961084e-183,2.257363411863846e-144,5.217449477729088e-41,1.385352528219624e-56,2.9552398341393696e-86,1.2346819108432579e-175,2.1785963861321692e-45,0.0004486927611552673,2.0968840969089403e-94,1.1329564453516775e-45,6.972282787674089e-58,0.0004819104687181157,2.752045596653628e-85,2.3996555942057908e-30,1.4210115047656543e-66,1.2400949755132506e-61,5.972855515082536e-106,1.4012486635057852e-101,1.2322948921120397e-83,2.122676885221084e-53,1.506398351090875e-70,0.0006182398029371753,0.0004757146356049149,8.63409593812428e-83,8.771466561375833e-43,8.306720997299384e-37,1.5243660472362143e-6,0.0013060761489915359,5.176673886647869e-11,0.0009843609811436838,0.00035695386382637113,8.173463471920987e-105,2.0738246777888416e-13,4.9172287509024063e-88,1.5869849278497092e-29,1.9152307641682445e-10,2.901891685761868e-45,1.3313273331087498e-50,4.588161258975003e-44,5.0903827355132285e-33,2.724465185502806e-72,1.6726148634492156e-39,2.798637925028055e-48,0.0001877070870561652,8.1845697011144e-59,1.234911252496019e-34,0.001528345116424923,3.57622553136038e-20,9.75168208558468e-35,3.8071031714543095e-46,0.0002997862204098464,1.0994859740720424e-27,7.673879820547264e-34,2.5170227011040306e-66,6.564377391720008e-39,4.380536575749537e-28,5.70329198906279e-24,8.114650872784182e-50,1.9758847668868927e-34,1.1158401635580905e-16,0.000516662834718734,5.5695352816551455e-45,1.0174883608601918e-55,0.0006403117203629051,8.806272559582214e-20,1.9630761828542244e-27,1.8739406943127014e-50,0.0009579363714167058,1.347493172695047e-13,5.154280459274683e-43,8.102190292636335e-14,0.00036876131975402805,3.072192943263602e-19,0.00021656547089690656,5.801336995419175e-15,8.584796895560612e-6,6.2878629613592e-22,0.00016468291487656015,1.8969153637873049e-10,1.6202959921213813e-29,6.171660820765604e-14,0.0026486024519616425,2.1937665080590357e-29,3.758806434208221e-24,1.2588759927705831e-12,3.1510515770275306e-28,1.6704575335870513e-22,6.617181721127459e-7,0.0002467002791762434,1.1955322233318197e-5,0.0023712749806385864,0.0014668239036012408,2.593580196645892e-25,3.226160200252167e-9,1.930011670291624e-15,0.0017416705097596072,0.005995443411074572,0.003328859299406147,0.004707042761826358,0.012573302822374855,0.014423475403323656,0.029062236019439316,0.041996612499857054,0.037356756273607405,0.05082958610998102,0.058019496094245296,0.046687742262523466,0.055891782194297544,0.045305655394931206,0.04813877806089698,0.050754779866432474,0.06463476008686614,0.05637053353034686,0.04774282949583006,0.05308096220717434,0.04173886128128503,0.04621088307327817,0.04741561666901312,0.024455777372840184,0.031020584339060943,0.017417801212991076,0.009288338378926507,0.010636933942202543,0.01035956422993896,0.007884914231474737,7.40078669261186e-5,0.006277131839952547,1.44386235690821e-17,1.4063067866674927e-13,0.0012524063785976087,4.289830178343293e-27,6.352909023991118e-8,7.53877399649291e-10,0.00011139936525245863,3.5813136844593964e-14,0.00016076890329704628,4.33926772044885e-40,1.2455922655266608e-45,2.2628336410472603e-35,6.9923512993377265e-43,8.558143725667664e-60,0.0007437426006778053
0.0,2.3598394865175037e-262,2.034149596035752e-278,5.127273482851906e-182,0.0,7.537485879978363e-257,5.526231414059392e-234,5.27018788348689e-195,1.2996472731977363e-184,9.421661829993411e-175,2.564829476440122e-51,3.877865232531229e-217,8.582165899711583e-183,2.246835146074935e-171,3.3965677475013495e-150,3.889139453018483e-198,2.513632419046121e-158,4.696664681513495e-168,2.4935328171218674e-118,5.252595397430558e-71,2.0578728902945643e-196,1.8008402601728535e-139,3.749199548961764e-107,9.194733082458872e-96,2.7791068907430526e-99,2.5396014474203467e-79,6.996102083682009e-116,1.495892327329796e-164,1.3797920227679052e-97,3.4993964231912725e-177,8.745282776932178e-109,5.56207210763625e-201,1.6244838097725738e-84,7.722957630982445e-100,6.753802004182673e-131,1.0379496874008365e-142,1.383340683074192e-115,1.238930794415742e-60,1.830779492906212e-97,2.854584748996679e-74,3.745945369153157e-137,1.711861288246639e-130,3.4058152351171556e-107,6.533793257072132e-67,8.82152085848198e-25,9.629043749392392e-64,6.171819221567101e-117,8.057886046124744e-89,2.267003166557089e-183,9.685803988569342e-154,7.900382645220514e-96,3.5887378605601416e-63,7.26562081734071e-29,6.044987409918459e-79,4.988910083223703e-118,4.786837029178836e-128,1.2506195175619062e-92,2.3243064975880435e-166,2.0334048692230615e-75,2.784714402230089e-100,1.6133223237872373e-125,5.816638145825459e-53,5.604496890148201e-115,4.5740342733115526e-126,8.732399715823865e-50,6.233733243117199e-62,3.0380109759329134e-29,1.6175861970024823e-51,7.180283782269809e-52,6.821467199757243e-20,3.269852165351824e-76,4.560348933961214e-44,8.019152304404245e-29,2.448945560583145e-72,7.852397341506598e-38,1.1698230581061017e-47,3.09627294491198e-11,6.333332237796808e-31,2.193920075226829e-22,1.1168416645546882e-29,2.213146755860263e-69,8.371744945202213e-19,4.583248306038586e-86,2.2911192975222514e-53,1.3808591402484432e-8,4.2577358363884986e-43,7.657852256301642e-67,0.0017208317291300874,6.752292937945103e-27,0.0016752700086534009,1.0315082145323868e-56,1.5632374388423e-10,2.4786694387629396e-32,0.0013762915625785564,6.651706190418781e-16,3.3614711691898823e-34,6.438843422994429e-14,7.247627392752412e-19,8.311512781660185e-22,5.8473532631309695e-33,2.2445363458503642e-31,1.2587417368734038e-78,1.152400955646431e-35,2.1986054112688935e-20,2.360741816022228e-37,2.2927440712060296e-29,8.017650458319078e-15,2.3771591453526722e-11,2.860722783077474e-51,4.458935596812887e-21,2.0522194388996786e-26,2.0922831925837597e-30,0.005478555250725783,7.221027339811166e-42,1.191293259219803e-51,3.0025290896649807e-15,0.03556737738815115,0.10470402623988331,0.2156459637800477,0.2465269844667603,0.20112455486281444,0.060232229344048455,7.067042710281161e-14,1.2539738265282867e-26,4.100669289880725e-21,0.020280378930725474,0.009175238967414446,0.012394499435745327,0.009749566454833623,0.007848352719106303,0.00807091884832053,1.0493300874858626e-12,0.0013955523723867072,2.452027846682793e-9,0.0003554615121332697,2.5430986757743406e-54,1.694576392824568e-34,9.910142746176803e-40,2.616501059299058e-15,1.9806911035631705e-12,0.006500652879385182,0.006315792269188375,0.000769470901426039,0.010627879630274562,4.55162701123232e-29,0.009875790197727285,0.006235379760045394,2.5685135089613404e-8,0.0033724317657944747,2.6401633071587973e-57,9.10113050227575e-21,1.3073835504887494e-84,6.944206640586176e-88,1.2490689884405145e-83,1.993829792824143e-97,3.568143050181797e-84,2.608446902067081e-59,2.71428607421691e-61,5.86054025685934e-46,3.570297802111977e-74,5.76103781289524e-53,4.113867524565372e-73,1.2906525828983169e-36,3.012376071770867e-89,3.3300108426163274e-42,4.0146638177534204e-41,4.2139296787869226e-65,5.108596745042649e-33,2.1015450382971332e-35,1.986098781404198e-123,1.5675567709718033e-53,3.091990248731037e-105,4.8742778921607286e-64,0.007063929765190719,8.29465648805342e-38,5.3344391794679504e-77,1.3642501332716012e-83,1.2181790741073768e-88,6.857660909301414e-71,0.002667615674232337,3.6179304778124645e-54,3.298197800806095e-47,2.0295859718258794e-77,2.3804476613624033e-52,2.778260676220764e-71,2.6900499840717617e-24,1.9296092158014981e-13,1.5946004258230827e-69,0.003248961123091879,5.960338767015762e-100,8.639075531757182e-98,3.6481314852268633e-91,3.3194035834529453e-111,1.0465432492877937e-53,8.998606630958472e-83,2.0751215792037473e-224,3.951150116446027e-123,3.205704595464665e-118,1.411937234134845e-159,3.3047366712825905e-217
0.0,2.0592453065831998e-172,1.6598337980717182e-242,1.9986977094211662e-134,1.4008009010195345e-306,6.635531344606489e-151,1.5957824759696206e-136,2.916800054210165e-115,2.837988316548113e-139,1.094584016933169e-109,0.001300547029831183,8.031485591817334e-128,7.583740497822909e-61,7.930082687800464e-153,2.8924457617970695e-86,6.427776582929838e-126,6.074888542999754e-112,2.0533257705095254e-71,1.7827023972461295e-108,3.3540569827875806e-61,6.2534721548088134e-130,7.899537067662792e-97,3.247501367564005e-51,4.688883575065015e-40,5.684378490712488e-70,0.0022825276695516497,7.932979301740569e-61,2.168433540507361e-100,1.6113706060921347e-7,1.6107384821255928e-80,1.6622342935880693e-63,4.592315216834244e-132,3.719776153890698e-16,2.8067264148279857e-71,4.799835071904946e-97,7.1471718800212035e-99,5.949174930801997e-78,1.7976743663376362e-10,4.5284535022953095e-68,5.367366255997374e-38,3.8601253337623074e-80,1.2307923501338003e-57,6.07132288125393e-73,0.006096750277863741,0.0022833820827838683,1.0522691061497067e-48,9.810771008054739e-67,6.08096059978321e-37,1.3516671287298784e-86,1.6530995750544342e-48,6.1241699972867e-101,1.3360245706399086e-11,3.748069247611229e-86,0.005511794096587238,7.960037692234574e-59,7.942800786579208e-85,9.759633300955134e-87,2.941554211679178e-95,1.3533523047406424e-57,1.993071407495766e-69,4.279753182976623e-74,8.69700509846995e-43,6.982237665180079e-54,1.2328147536218312e-64,3.8514149013627476e-44,3.0545752305122367e-45,2.504395370591712e-26,1.380094312009041e-54,0.01779556268286137,4.489049672461567e-9,1.0951038511014135e-39,2.6809998717031897e-14,1.8256801917336227e-10,4.088915684219734e-45,0.006550699458563874,1.023514732464794e-26,0.0012471013053601797,5.826926310279465e-42,0.0021373574194157342,4.8912905917718465e-30,4.367492125671127e-48,1.7046505930010078e-17,0.00021872669281982308,5.839433969569495e-5,6.776520040539548e-18,2.6859625363434414e-22,3.9177088614849963e-23,4.969703943630629e-30,0.006556830798174116,0.0004622560461094364,8.081900885704167e-12,0.001187305768546798,7.214288118364559e-31,3.5236630839233454e-6,1.919392151234266e-42,1.7290527521761268e-7,0.003499965173808788,8.225059121825122e-11,1.1633797391532529e-5,0.0157525933601455,0.0015023068473148037,6.2314895909118825e-43,1.079925252562729e-18,2.634949077704913e-5,9.699224038348158e-10,0.0032347368200505776,4.996779377127024e-7,0.006395035846270248,0.003065841132372063,5.191443874085619e-34,0.007863555415720572,3.889568366158299e-6,5.177581618536375e-25,9.73512735301123e-15,1.2019799894418032e-9,0.007547901819358238,1.462858292387958e-10,7.865608168105068e-12,2.6010178254787684e-10,8.37795889256642e-10,0.060993861576308525,0.18450321708848172,0.2733147462556963,0.19231421335731225,0.0549441380044397,2.9642232741184644e-16,0.011773398523296043,0.00410630070981928,0.014250851515229469,1.8143536825473821e-13,0.001156081362568194,0.0027795832215259165,5.902118122020236e-12,1.2574903499179692e-28,0.004787233441430728,9.596519524751705e-52,2.525940985134944e-44,5.38972346108186e-13,0.0038473913843158946,8.5481888684698e-16,0.012777507090358155,0.0029946541579178652,0.02305331575511273,2.077318856399445e-10,0.01670771910104744,8.91885630544942e-24,4.352730424200173e-18,0.0026808359689170207,0.00402113817307329,0.0035675589373408523,9.424941912768248e-45,5.917723099751291e-31,1.9170290431334448e-60,1.1145302539575464e-17,1.4321193482780654e-20,4.695941677908126e-44,0.005365897594163203,1.59222403115368e-30,1.4730435733959645e-40,5.874081246159541e-34,2.470046950469259e-32,6.155911085316041e-25,0.004078584390922241,1.4945822700024826e-35,0.002789459661460697,1.0693030748410461e-6,1.528829673284923e-30,0.00012145346932086242,9.602657396718154e-9,1.8140136297229335e-80,1.3004598081314448e-37,1.8419222071891025e-58,1.0254627288099935e-51,2.543442179537139e-21,3.290529844060152e-26,6.5901255219876e-14,8.728105181051495e-27,3.589232266277968e-66,0.0033978205454680446,1.6632930963815306e-27,2.0288703161273538e-24,2.3669108663784995e-27,9.701529634036894e-50,0.004949381826632402,2.219437088809699e-36,1.5171279647448608e-41,0.002125167065523477,8.066129837685612e-37,4.461976033851199e-36,6.011577721937845e-39,5.8860100188999854e-27,7.874405126939673e-59,8.235482974723568e-61,1.5868265974519568e-77,8.219861080423664e-48,1.2857389327467176e-124,1.4055809552466649e-90,1.4971769581886276e-91,1.7698153190452162e-82,4.611840364056393e-151
1.0,0.0,0.0,0.0,0.0,0.0,0.0,0.0,0.0,0.0,0.0,0.0,0.0,0.0,0.0,0.0,0.0,0.0,0.0,0.0,0.0,0.0,0.0,0.0,0.0,0.0,0.0,0.0,0.0,0.0,0.0,0.0,0.0,0.0,0.0,0.0,0.0,0.0,0.0,0.0
0.041324742,0.052833777,0.054865323,0.054025084,0.053064737,0.03883105,0.053259797,0.046922445,0.026975092,0.052324146,0.03945954,0.040771954,0.088664845,0.3711986,0.071110636,0.053602815,0.0398537,0.04187683,0.07777663,0.06037017,0.19477823,0.0769849,0.06341454,0.054152295,0.044345293,0.033970714,0.06303142,0.06752513,0.045580853,0.04088922,0.06383078,0.023977306,0.07540893,0.06694336,0.057434343,0.05053282,0.03602106,0.03675319,0.03961978,0.05165115,0.04117722,0.042563546,0.024909107,0.049156643,0.059592467,0.06580137,0.029523896,0.09608443,0.038614467,0.12094618,0.042841893,0.05576794,0.08583615,0.07864092,0.03993882,0.05829555,0.044990543,0.049803272,0.035206262,0.056442544,0.22053543,0.25138274,0.043436743,0.06263442,0.033439413,0.041027687,0.08464434,0.025921732,0.02573898,0.04664716,0.043721724,0.038725853,0.058758713,0.090179875,0.44282955,0.07050499,0.027867742,0.06475166,0.041670837,0.03893873,0.040648066,0.06112023,0.091894604,0.04614088,0.05997465,0.048553485,0.026115201,0.07390192,0.100947075,0.042089432,0.055417333,0.04401978,0.04800832,0.039698016,0.082457095,0.038512133,0.047192823,0.1037648,0.026320254,0.053428322,0.08139425,0.32280064,0.026588283,0.061481703,0.047447547,0.03813359,0.0872192,0.025527611,0.12779,0.069303945,0.048286915,0.040237464,0.080422916,0.038391504,0.045867544,0.061879214,0.03920812,0.048864402,0.039773956,0.05918251,0.04002916,0.15820166,0.054385886,0.024639565,0.057053916,0.09382109,0.025298264,0.05126516,0.05090837,0.073173046,0.03452117,0.04639929,0.28434557,0.09842867,0.11106266,0.03938371,0.04948811,0.060737737,0.053902313,0.056180708,0.14569828,0.037852783,0.03903368,0.056744628,0.05461934,0.069887325,0.039119683,0.05260345,0.055278786,0.045282017,0.037617713,0.054267883,0.17332341,0.042313676,0.039539404,0.027316432,0.055957444,0.054746546,0.0724459,0.047725312,0.071764216,0.04312926,0.065278575,0.04044252,0.041486334,0.06811892,0.053756773,0.0555752,0.040132657,0.028675793,0.030394204,0.025099251,0.05499625,0.068691246,0.03825875,0.050162286,0.031849936,0.031160742,0.04054812,0.07462658,0.054497298,0.05513066,0.03929571,0.10732148,0.062253647,0.11571415,0.044661857,0.064278774,0.032440677,0.057868794,0.03729489,0.038000606,0.052004054,0.032971032,0.07621423,0.083514154,0.06634569,0.07951547,0.040338952,0.13635391
0.07864092:168,0.0724459:160,0.039698016:48,0.08139425:171,0.031849936:19,0.042089432:67,0.03938371:44,0.04948811:93,0.03825875:33,0.12779:189,0.052833777:103,0.04664716:83,0.04312926:71,0.19477823:194,0.06383078:145,0.026115201:9,0.023977306:1,0.06263442:142,0.055278786:120,0.038725853:37,0.0769849:166,0.05576794:123,0.05829555:131,0.041670837:65,0.055957444:124,0.048553485:90,0.053064737:104,0.043721724:73,0.035206262:25,0.046922445:84,0.044661857:76,0.32280064:198,0.28434557:197,0.03929571:43,0.073173046:161,0.06694336:151,0.050162286:95,0.03920812:42,0.054746546:116,0.090179875:178,0.044345293:75,0.030394204:17,0.053428322:106,0.048864402:91,0.0398537:50,0.033439413:22,0.045867544:80,0.029523896:16,0.058758713:132,0.071110636:158,0.047192823:85,0.11571415:187,0.14569828:191,0.069303945:155,0.05499625:118,0.038000606:31,0.039773956:49,0.065278575:148,0.054152295:111,0.03813359:32,0.027316432:13,0.03452117:24,0.042313676:68,0.0872192:176,0.061879214:140,0.033970714:23,0.082457095:172,0.044990543:77,0.024639565:2,0.048286915:89,0.024909107:3,0.061481703:139,0.04054812:57,0.04187683:66,0.07540893:164,0.05053282:96,0.091894604:179,0.03675319:27,0.10732148:185,0.054497298:114,0.041027687:61,0.032440677:20,0.028675793:15,0.04044252:56,0.025527611:6,0.056180708:125,0.053259797:105,0.09608443:181,0.059592467:134,0.040338952:55,0.05513066:119,0.052324146:101,0.05918251:133,0.049156643:92,0.07390192:162,0.069887325:156,0.06475166:147,0.07050499:157,0.037852783:30,0.03945954:45,0.06303142:143,0.03602106:26,0.04002916:52,0.17332341:193,0.054267883:112,0.052004054:100,0.1037648:184,0.064278774:146,0.100947075:183,0.12094618:188,0.047447547:86,0.038391504:34,0.049803272:94,0.038512133:35,0.054865323:117,0.054385886:113,0.08464434:174,0.053756773:108,0.047725312:87,0.0555752:122,0.057868794:130,0.053902313:109,0.15820166:192,0.062253647:141,0.06752513:152,0.03993882:51,0.09842867:182,0.06341454:144,0.025298264:5,0.04800832:88,0.053602815:107,0.03903368:40,0.039119683:41,0.088664845:177,0.071764216:159,0.045580853:79,0.3711986:199,0.060737737:137,0.040648066:58,0.07777663:167,0.06580137:149,0.03961978:47,0.44282955:200,0.043436743:72,0.13635391:190,0.026320254:10,0.06112023:138,0.045282017:78,0.05126516:98,0.083514154:173,0.07621423:165,0.041486334:64,0.057434343:129,0.11106266:186,0.040771954:59,0.068691246:154,0.057053916:128,0.031160742:18,0.056442544:126,0.05090837:97,0.05461934:115,0.05260345:102,0.03893873:39,0.06634569:150,0.055417333:121,0.04117722:62,0.042563546:69,0.05997465:135,0.054025084:110,0.02573898:7,0.06811892:153,0.040132657:53,0.025099251:4,0.056744628:127,0.080422916:170,0.027867742:14,0.04639929:82,0.026975092:12,0.05165115:99,0.03729489:28,0.07462658:163,0.039539404:46,0.041324742:63,0.07951547:169,0.026588283:11,0.06037017:136,0.25138274:196,0.03883105:38,0.042841893:70,0.04614088:81,0.08583615:175,0.040237464:54,0.032971032:21,0.22053543:195,0.038614467:36,0.09382109:180,0.025921732:8,0.037617713:29,0.04088922:60,0.04401978:74
