70
4.6615006278687985e-21,0.011034415088867301,3.1568586855793783e-12,4.351311245957013e-22,1.634005525458191e-68,6.910861061670866e-39,0.016549646001314918,7.464172980649096e-52,2.298970601625924e-49,8.334052903455271e-22,3.357602838393797e-89,0.047134851743318974,4.236357240323576e-110,2.0851560708497535e-8,3.309643535774064e-22,0.01978536542012156,4.594258498937053e-19,3.1116178787586573e-28,8.279160701839895e-48,4.0916336304291833e-60,7.701281309630664e-25,2.1199510503797136e-19,0.3360215850147453,1.1382612503239074e-12,7.947365456080476e-18,1.5224707808661483e-8,3.750494106244761e-39,3.155219276717636e-11,0.0001464860823584351,6.56751974470139e-8,2.49517603013608e-46,1.2799084351543883e-7,6.240320545129262e-94,2.801859809904397e-42,2.29878636988807e-14,5.909682926459546e-31,2.2833644975561396e-28,2.729457997002372e-23,2.616628631704871e-22,7.934323751408816e-22,1.5641037830665846e-45,0.017171479291314008,2.9022017271073226e-17,3.213691380514116e-31,1.2375241109185535e-28,0.00841462549791809,0.06993623634263248,0.02878706098394508,1.6641108362911319e-62,5.1951193185139436e-18,0.020251204496713478,2.8110437033088035e-60,0.059610659058839326,0.17575355897565606,5.84668165813032e-7,0.013396594008565452,4.3190368482964445e-25,0.028391126367508967,0.1212759474815309,2.5826163539679236e-13,9.310787677829338e-16,5.383530122909059e-33,7.870959234156253e-23,3.7795870659496367e-16,0.02606532203364614,2.375870129076726e-27,4.152271800953279e-64,0.00027302107907317257,5.853251079877969e-10,2.122387375173557e-18
1.1552269912156294e-35,0.2999520714870993,2.224608251333959e-12,4.553294725403723e-24,0.44786887189199365,3.0821188584064754e-67,3.018604995177101e-79,0.008352722306642446,0.02146764386722182,2.4650864104575708e-32,1.9405900987358214e-30,5.076640494422762e-46,1.3952035231247523e-163,1.1113566503758638e-28,0.00767656710339512,0.16217837114517675,7.813821330913514e-35,1.1481345899631684e-81,1.3771582686738215e-58,4.583665271902731e-48,5.683320833001603e-26,4.231795599669424e-41,9.245270806653036e-34,1.5420983846460043e-35,1.3450286784259876e-44,0.007304324418646427,6.324129092403022e-39,0.0030412173534062814,8.100685300799971e-28,7.135882933978554e-34,3.0522362737898144e-85,8.162586978471143e-62,6.34346460949509e-160,6.540713472162451e-131,2.2106932945498907e-9,6.352308144010263e-54,1.690314751399326e-37,6.529573740227148e-72,1.6763649192372836e-32,3.380098193071454e-100,7.308048048997751e-19,0.0034702209103148257,1.7724807563807791e-53,9.927552313476748e-76,7.286317511881195e-39,2.4531815420806598e-59,5.663723898833746e-27,2.103697387677422e-40,5.932299709487134e-50,4.924799655360795e-37,4.858956952044374e-29,8.469097492269949e-38,0.006264293703934617,0.0023608819675599306,9.162054564756945e-32,0.006202228655516385,0.002586282305718791,2.2964206237766347e-47,2.648827455238153e-48,1.1637180003426777e-82,6.083501281548058e-36,2.660912446079281e-56,0.017658949221205554,8.948564108514362e-26,0.003615351449250212,1.0520324181811835e-48,8.256956514583135e-80,1.255972158460855e-55,1.71809465467552e-23,2.265021888170622e-72
6.693106188455337e-18,4.151897061104509e-51,1.1778341206596955e-15,6.659084265130782e-11,5.949595739542489e-35,0.019315735154045416,1.6940300691716642e-19,5.072200229101446e-41,4.429639988255304e-22,3.7953792962324084e-23,0.009312454338230882,0.009828587361041266,0.009932088890322823,3.254002578422465e-20,1.5817978317241965e-22,5.35223604614514e-38,8.563187825733373e-45,5.3153998316025195e-17,3.7937598008140535e-27,1.2823397498702272e-20,6.745354276199898e-30,5.779345736190331e-15,1.04892938229659e-9,0.18469813109783004,1.0514062869781282e-31,3.8890595130078544e-20,3.763759618690702e-14,3.56174442856703e-24,4.616374327429574e-27,1.4519181018861706e-37,1.0463524212452446e-37,7.855106109214885e-23,1.2645662570191222e-53,7.446887946911076e-20,6.7375553819553955e-34,1.3968425748798002e-7,3.6160039753852064e-29,9.270747629163107e-26,3.105735910865784e-21,6.476028431291474e-17,7.630519307217548e-6,6.357695823817907e-21,0.006311701907276467,1.6443468351260413e-17,3.5341256097444545e-6,0.0010951278372609455,5.894267045565494e-13,1.489534777360321e-15,2.4577605370307734e-12,2.3143654342919537e-23,7.629485316776149e-21,6.673282752882751e-7,0.12709696102872198,1.6801949663831912e-18,4.54239820558233e-21,0.007750512979623003,0.04361144015403611,3.5136257952160574e-15,0.0028728040503839297,1.5226637729168483e-10,4.088430596684268e-15,0.44307233211989433,1.2054684278678843e-30,0.13509015015298348,1.2171926460793498e-14,3.3796133404562017e-21,1.8428001255240624e-47,7.782814843013399e-41,1.1930632820850192e-31,2.284144222722899e-25
0.0001373447877302834,1.3096319442411868e-54,0.0024651214202271866,0.031923375363272215,3.2751433039960255e-22,5.394521528705726e-23,0.04222459073936313,5.481170713678003e-11,3.392691251319572e-17,5.078799740660334e-14,1.3682551192993666e-88,2.3681376551404998e-18,1.989003659517989e-83,2.3771651370851896e-16,5.1205429214257426e-39,0.00437171472787992,8.160071962372453e-28,4.230684856282245e-51,1.3057525051995662e-17,5.46030377788125e-23,1.1050468925925286e-40,0.013109387940763663,1.940692401450504e-29,3.337145344623774e-9,6.748766783039639e-26,1.376237009418022e-20,2.7795332467613873e-23,7.222164721750167e-33,0.06502008062621967,0.14874983468947714,8.753354664755187e-59,2.036354233186229e-43,1.888211642505154e-38,1.2237427601601235e-21,1.2386883403141952e-28,3.5000201933148214e-19,4.387896132073438e-43,0.00023596329443500085,0.4488489399381601,6.870770301832919e-36,1.0025619514753507e-73,1.7939509136800474e-17,8.555214270069057e-22,2.89520939644861e-50,0.022735328782112412,7.447072494745972e-38,0.05378560113365342,1.8494345180093575e-11,3.486304436276787e-13,4.15267413653873e-15,1.1728494315161797e-27,2.9626575949077022e-65,0.052195753860281816,0.02343652018824991,0.006513207882469276,3.987118734541413e-65,9.23621533994799e-22,0.0002727075501828226,0.010406006181831778,0.006469883719870372,0.02849534899474209,1.712646178628914e-37,5.5642295910836776e-52,0.0002061219668690113,3.426622349017045e-13,9.589980256385775e-18,1.0663676871884082e-36,0.03839675182730194,4.109737088661998e-7,6.489510126609928e-20
8.266932737175979e-41,3.1194877799138306e-6,4.7251469979443754e-46,7.349891356500915e-35,0.6078279275708199,9.65133260497775e-108,9.762759750569185e-53,0.005450084434640498,6.350935614150852e-49,3.438122680725775e-33,0.011249160084378932,5.93184624087711e-28,5.83754262024815e-122,1.2908601137631791e-31,1.8745053597112668e-60,0.27063220332464555,0.07608745256251535,2.3786353727023706e-55,5.133312595820319e-94,9.859319205554283e-43,1.8933226151504045e-43,5.952931389231553e-23,2.1397839586103227e-50,2.5372630690545012e-36,2.478667064325194e-67,0.006363936652783833,4.0884175638827355e-40,3.7255064483258563e-53,3.399777429846007e-11,7.498034124235253e-36,4.26349429830345e-94,1.1832192377212507e-38,0.005701414574122759,7.903204058650385e-115,1.1979718197889673e-17,2.5528214858429256e-45,3.0829398759569955e-62,3.4372212630498e-44,4.774733264916524e-39,1.1775178528398105e-98,7.832668504793468e-22,1.470697081629191e-8,1.787752410249975e-36,3.05640267322449e-66,1.2993234369763941e-42,1.2059108546389788e-71,5.293334990273021e-43,0.0035162566873987774,0.0023703939296476767,7.535091542820882e-60,9.39667679658081e-64,2.4588970207897968e-52,1.0472407435309346e-75,8.770866938075238e-65,1.0144631133561412e-47,2.5094605721999722e-12,4.82945985419569e-42,1.418783181382331e-62,3.3786960179491744e-19,5.131202459134109e-118,1.015941625177123e-11,1.6136899365181137e-33,8.352873656476365e-67,0.010798035937629478,1.855741685620625e-20,1.1315749966332721e-69,4.3185616787463907e-47,6.364366289624392e-59,2.1757828041161534e-77,5.578976628345386e-60
1.1282846614967327e-45,1.3181946352780203e-25,2.15131670741497e-34,2.5034975516505964e-7,5.792382150688803e-41,0.3520193775985161,1.281847438062419e-30,0.0006536886026855499,1.497828479414163e-24,1.3962932564140167e-10,2.4829577750524226e-105,0.004036319077579842,4.679092189401724e-170,2.0628866578449017e-10,1.1072857323116181e-69,4.7949135139182626e-23,1.832287872259611e-33,1.7075525702517216e-52,0.41855688871136065,0.009853552680358918,0.06837168236445042,3.495031368008025e-9,2.4920359609445655e-24,2.4144272146381625e-13,5.9502233032184656e-18,5.761230501396106e-43,0.00898504759237676,1.7512970674632072e-38,2.826306864648886e-20,9.414748434387507e-27,1.748355323523882e-22,3.598624881350039e-36,2.120416530201734e-127,1.2282027183849325e-7,2.0717365074507833e-26,1.1918877699152141e-21,1.2121335520599194e-33,1.38261287984994e-32,4.285327422887127e-14,4.047961460249442e-32,5.395699308673296e-114,0.07079032593710669,2.2645804066460633e-15,1.0537804816626889e-50,9.240708500207192e-29,4.521794984877812e-65,0.005868920935444555,1.9165337748778728e-23,1.2498044864634767e-43,8.96598369356184e-24,1.1247054479416409e-10,5.298517379365272e-61,1.7595100516202075e-53,5.6686690428221095e-49,8.407652194350282e-14,3.716340150240951e-103,0.005393745275285402,2.2828979094504853e-23,0.02341921966453385,7.105776072999767e-56,0.004664953186695371,2.286990636137522e-29,9.832548492897328e-93,0.00018573309608942656,4.2937908560029954e-79,0.0185129904623258,1.7528059426660537e-98,0.005582495001853781,6.003321496770475e-59,0.0031046826895194464
1.1514212217033123e-6,2.8193832294858858e-39,4.224595776726483e-26,5.8440875762085066e-5,1.8705190225621798e-7,0.011737829983653641,0.5406282707031407,0.003968365180855243,0.0015831546088098188,7.247618789802045e-15,3.732137599613419e-95,4.9442034338602555e-11,4.60958488956287e-112,5.96266733351533e-29,2.3817975784941657e-33,1.6595200879925173e-44,1.4974425925767983e-21,1.1661219903250867e-23,0.015125498368035645,6.9596713160564536e-9,9.435358115397557e-14,0.04574146917944613,0.016950806476567982,4.471508001786506e-6,0.00029261103213048,1.3248972952330195e-31,1.1471001356481752e-11,2.8746751468618335e-51,1.5150270596030787e-5,0.00029849477837590226,3.443388921825673e-30,7.052379327558868e-11,7.941820732027356e-114,0.005026208004484888,0.03284737055579726,9.188253635834818e-5,1.9230190471888336e-26,0.03311525694673881,0.08005683681982237,4.410812084914277e-22,3.0705797857793733e-63,1.2772290803481297e-29,1.7350528152773896e-8,1.21381084341601e-45,3.1198647182116786e-18,0.00140184693783224,1.1145469812444342e-6,0.0001768444954779357,0.012130074791772994,0.03990336716831432,8.248087247799097e-9,0.004801187970412617,4.966812491273065e-10,0.0012604203402406472,0.007833712943220059,4.9648809044472e-83,2.0385142357721002e-14,4.2608346048516686e-10,0.020468717729020112,4.4632386936499115e-17,0.0317278457340232,0.09274579489131551,2.3251342685240316e-16,1.5907682615098093e-14,2.390074174084015e-18,5.4795960912971667e-8,2.1045042881639185e-19,2.935401014973527e-6,3.272287531921674e-8,2.5596172105121843e-6
1.1918189565544226e-81,0.4961536187632234,0.026185156367675367,0.00973562481523842,3.7877264926729256e-19,0.00012177158947551894,6.892768745351939e-24,0.22177091622821699,3.111028822538861e-21,1.9537242455788913e-43,1.8568816774597995e-98,1.482692124945591e-34,6.042606093975844e-217,0.007565312617296523,2.477919063367929e-15,0.13946082631690404,5.045843925958307e-44,1.4169777443467988e-84,8.389829287707787e-30,0.033882787381344114,1.0906165061018667e-25,1.8138487952100185e-30,0.0021952847520107783,4.568212079055188e-66,5.973192753131769e-39,7.300082285293645e-62,0.010792490233997698,6.838947173208706e-20,0.002750689990356675,9.325719342138245e-30,1.0760905814461432e-55,3.857846575381749e-48,2.8980475357869662e-146,3.5556617276208866e-71,0.027332959023009924,0.01085188700076817,4.6594299484447924e-63,1.0489256187120779e-9,6.238921017024976e-24,4.251699497774708e-84,3.253692118073663e-38,8.315196022372658e-41,1.9195702161413017e-53,2.5469725822692667e-44,2.0382930131110876e-49,5.614328300323216e-70,5.575437491201634e-49,0.00635468499161145,7.511652376247693e-80,9.776504947124705e-50,1.0114795047833088e-31,1.1322412962357003e-37,2.9190466231209246e-61,1.8132941684834635e-139,6.4882678609594534e-77,7.342482869906139e-42,1.888699108890619e-71,1.3275437661153795e-14,9.492128078858142e-37,4.9318565822247e-112,1.8518021082853404e-24,1.0606478619051586e-44,0.004845988879929368,1.4814658977407322e-45,1.2287464802717377e-22,2.6647303379113217e-57,5.0144487539555335e-70,7.782564471198277e-60,1.6479728947909794e-84,2.6025199223913437e-92
5.9430132430310325e-22,3.077461802134106e-48,0.03827359205909703,1.3139513889510676e-26,2.836030976209188e-53,0.0016474268752861541,5.861269456398138e-19,0.04309906236123593,0.023636721112701375,5.6425577679268544e-55,4.755909838492799e-68,2.0906011423094258e-41,4.271733160999939e-130,0.020478574662079974,4.254310093560554e-31,0.013902950696497598,0.2968864556009587,2.890770364373875e-32,1.5841053649607893e-11,0.0061380254127008285,0.015418721695039179,2.2178396417511138e-16,3.1041869206614154e-40,4.158705629278656e-55,0.026682325733688644,3.15449935168476e-43,0.016932715242445627,1.2435649597220478e-24,9.203107777722796e-47,2.1557124915712386e-20,6.530621536445111e-38,0.45627211697666564,1.6221048371526608e-118,4.76731933754239e-35,5.906591227302776e-34,1.2867357747468948e-15,4.656550912586815e-28,1.454179038810749e-36,4.358627450079174e-25,5.4262615747664816e-39,2.687011833226977e-34,1.3234616004213634e-40,6.928197219659303e-47,4.2372658655059693e-10,2.041406480681293e-24,1.710508455021869e-46,3.218495071491714e-32,2.220219626177538e-47,1.8764533222177075e-7,5.964856171064287e-43,1.3556487748961472e-47,3.716343657975189e-26,8.322102910417204e-44,1.1544554111438883e-53,1.2284544379793452e-29,5.728373772282922e-33,0.015282597052085142,1.535998926869314e-30,3.4911509447325865e-48,6.208167851616006e-47,0.025348526434616773,1.1394087632284286e-34,1.0498392741725224e-33,7.721390365249617e-29,1.4953942811343954e-48,2.4844137149149392e-36,5.757045725838648e-55,4.0573554325907236e-23,1.5016918724589464e-49,3.8349809302216474e-34
0.25344887207965894,1.763684750802114e-65,8.669474722801322e-46,1.1882255683228055e-18,1.1124685959678988e-79,1.4297471808757599e-52,0.04321076942171979,5.732536356715524e-72,1.0949426557937008e-39,4.494235840811172e-14,3.675213504893658e-130,1.810076666311108e-12,1.5312043433079988e-94,5.924394968290617e-32,8.598727043298666e-37,8.542527206783223e-46,7.546913667324414e-41,5.666188136342806e-19,3.501447908704022e-77,2.0124436041699102e-75,1.2692283085250257e-14,4.4195761892411274e-7,3.164389812698799e-33,5.053694925328747e-21,9.073122244892589e-11,7.39481793820342e-46,8.090141926709542e-87,4.284666068861511e-51,5.661248836115489e-6,0.05677295038664184,2.1031202495704524e-38,1.371356870487044e-51,7.864080463486985e-69,2.1789146999147683e-45,1.3783985596133584e-26,6.270945639887154e-30,3.660433132139594e-30,4.050081015690695e-21,3.4801284751119287e-17,1.2082142532610772e-33,1.7463474479744213e-75,8.952929039987472e-29,1.1563906797067183e-12,1.5491251267978896e-62,1.1572112486889793e-16,2.8504244159335605e-12,4.0525507346498555e-7,0.014919548507854492,0.006427819106835663,0.4411688163195656,2.095679083086137e-18,1.591658851479297e-43,0.008768746122576573,3.652319117683453e-7,1.3198618726795928e-6,4.712439502055918e-99,3.802180455595282e-21,3.439763145573125e-33,7.59861284684754e-12,3.113787375888858e-22,7.381992532328835e-18,0.12310507915936732,2.5558374849354985e-37,9.320385839179387e-6,4.9171933185091716e-20,8.330222435301991e-10,0.005513582173361311,6.626402255796627e-13,0.04664630184337671,8.89087856310405e-22
1.7987044239066107e-35,1.458012191725913e-119,2.755880734414354e-38,0.008788224532454274,1.3442415727252475e-115,5.041836198601959e-14,4.962153908572084e-59,2.967304226773593e-87,2.618234039868992e-29,1.528204343231253e-13,0.8145788835448454,9.540401746516088e-33,2.1475999882353933e-88,5.786072639597206e-27,4.552011663909989e-64,2.149989999712409e-29,3.4324958146407407e-13,5.4677943580702e-83,1.6596121107090916e-43,1.3265408315764264e-57,0.0023633757240767795,4.2761083635936666e-42,1.9850049340720842e-15,1.019732934535848e-46,5.074783233291589e-45,0.005239917083469981,1.6464476671716885e-69,0.0014814174997555148,4.344511677294932e-9,1.8676094089958332e-52,3.600617625090054e-89,0.10167600708082165,2.4671664641362627e-104,2.756440789735239e-68,4.6799055374456435e-55,2.3768729395696857e-20,6.386501976259928e-13,2.375297976639862e-68,3.7307454447345215e-47,1.3579800476292297e-57,0.015245414474632187,1.1747574791135367e-53,4.8158452861855237e-32,1.0244218810701132e-16,2.674105581918122e-31,1.5019252357527457e-41,2.969268628687594e-43,0.0028295724315389147,1.0170323156017041e-85,0.0030823492952316983,0.0013622679365842103,8.591643830732603e-34,1.852724346458465e-49,4.4348465898999126e-20,5.287631646231923e-39,0.027485823550019772,6.880969940408973e-57,2.8333222020981296e-59,0.0030982456531439633,0.0008799186830716698,1.2093132537573328e-42,2.31084668134073e-46,1.6311540558338248e-33,1.6778953697755423e-5,0.011071995790587473,7.43283330252998e-22,3.881690324635733e-54,1.547009836592495e-42,0.0007998034093777763,1.0991896696942148e-11
0.09028890235940822,1.355532687867856e-82,1.4318434189268662e-39,1.2072691028659744e-19,7.09881368423215e-74,1.4421666085247409e-27,3.1065266106024557e-21,1.7051607732685057e-93,8.477916636220388e-37,2.98284475586721e-19,7.599959581862692e-102,0.514803020822751,8.900404034147929e-99,8.92166208877178e-43,2.8406826774542045e-38,4.698450809147877e-51,8.627355824496364e-20,2.564178429921478e-29,1.5871137972988482e-56,4.7469870720186517e-54,0.023605271317652842,1.137065713504719e-32,1.9035573273123466e-43,8.937343473067413e-24,3.416917106016842e-39,1.4800547397451867e-37,7.176848926143613e-65,2.0141100970797307e-19,5.530044723405427e-22,9.916002028215277e-30,1.8194008834138875e-50,9.529748009639931e-38,1.6944230936503434e-111,7.146181468829641e-37,6.799906464261072e-25,1.101773146222703e-18,8.442891509747133e-43,1.4790453229067836e-24,2.8869410090315858e-21,9.567308374424869e-40,6.173412060863438e-59,2.227674337520548e-59,6.232891440261874e-13,2.797702990740919e-29,2.9651638783197744e-29,5.8508728073416474e-24,2.1008300595612106e-11,1.3606945760482112e-40,2.6395944432229544e-13,7.893992997370459e-15,1.2863026055871146e-27,1.993233592676905e-31,0.07072177790486307,0.010397129779729725,0.00022140313867905203,1.7668738400996087e-61,1.4871108153321276e-28,2.738522768181501e-32,6.486108411577994e-9,7.0397269952871185e-40,0.007851956968307741,4.1312825808725385e-21,4.9949150528137065e-28,2.6154617809791037e-17,1.5393544543313938e-7,7.717001464398894e-23,1.743559850742928e-52,1.8262761400495477e-24,0.2552822317562073,0.026828145508943708
3.648433389605979e-99,1.853873767380376e-213,1.8228683529579129e-72,5.728874335540302e-62,1.5178804799914664e-214,2.1691126901287632e-157,3.4222294414968103e-73,1.892666227787556e-114,2.3100210727050607e-36,3.0159590249823394e-65,0.0009497899329734381,0.0047066659610500395,0.8657594014686625,4.732691191720148e-46,2.142964862815714e-128,9.771389853470005e-15,3.7736659987737353e-22,0.03769250623140931,2.5052651888416782e-177,6.97318595163329e-178,0.002468804478207448,3.6149967787251677e-72,3.6604098358241155e-119,1.8215394576462344e-89,2.2319068384859e-78,0.06798473428230557,5.427747849432149e-119,1.553163364383164e-24,7.018900591197682e-112,2.5195676967209368e-95,6.261057379400033e-96,5.2801914131357773e-70,0.01624025220079911,3.036511485394134e-132,1.1516955580715368e-76,1.3686394363024429e-49,1.601716181244416e-53,1.4641435078953031e-114,2.8264771574032125e-99,1.2416664550843595e-101,4.1576071968523906e-29,4.978610039648082e-111,3.2462231272275005e-57,3.2226320296358134e-24,3.361857310097369e-48,6.016895443199591e-83,1.0973828679628432e-133,2.1025018938585738e-81,1.2216213337338656e-44,3.726235595693305e-108,5.4098781254088546e-64,1.7697826161342425e-83,2.1973019451445537e-96,0.004197845444567491,1.4202655705667165e-115,1.88415827899589e-50,3.0905210814930547e-86,5.51351467868552e-65,1.934684849755558e-26,5.638339497286448e-77,7.87323516335509e-79,3.584233030039446e-29,1.5283385361416133e-80,2.601799125806588e-98,8.747903421420993e-35,5.145704613599359e-87,1.5172607359509197e-14,2.7129536681598134e-155,6.82779858360878e-27,2.4866033756967936e-58
1.3319589175931057e-16,1.3661244953801747e-64,0.12375194011459843,5.265744528101785e-8,2.984411705212743e-85,1.1422949320291963e-9,9.822820361746237e-40,3.4975387475617765e-58,1.2460090641267139e-14,9.232908916972294e-21,1.9305429753352817e-31,2.6524291907939053e-29,2.2587052262174375e-60,1.0096020002611932e-5,0.0076578637483587135,3.240364404736228e-5,2.0894061079782016e-43,0.08536910168823658,0.00861342499074804,1.3777879858805642e-38,0.02549963028139901,1.647287756626618e-27,1.619078519607187e-29,1.0876615255396611e-29,6.577362638740047e-37,3.926564579917557e-30,2.63521792393564e-56,0.3935636863676183,1.3247693571968204e-42,4.806236862043072e-47,1.8454904787146193e-5,0.011134630326266253,1.4203274098877936e-71,3.2371892599006176e-28,1.355941480689375e-9,2.1733026416380113e-21,6.8930201630641975e-12,1.0526239020580408e-16,8.1955967569279e-26,5.375820500800048e-20,0.0057162147649435745,6.595575714426897e-19,3.690822858171045e-26,0.2074380430479568,4.38717614893725e-10,0.05647231605874934,0.0072758529323726315,0.018289772133834255,0.015629628839314205,9.692343692161332e-45,1.3461969510776109e-14,0.0081805926373788,1.9067208679411497e-13,3.385807546019306e-18,1.6328626123502917e-30,7.285297781162855e-6,7.678694888647676e-21,1.0645529343771828e-30,0.02533795806171545,1.6598540251230216e-16,1.3690050316129873e-23,3.7169682364986468e-25,1.0400636611263112e-35,9.485359368495206e-25,1.0485380643707605e-6,7.780760454846634e-19,2.846599323556705e-14,5.023041865909993e-54,4.865362213793862e-36,2.88976006950443e-13
1.1598246571962317e-52,1.7495530646952285e-24,7.917221991284977e-39,7.384384152419777e-38,0.008659155494367538,9.90664603817715e-45,3.688021824025487e-30,1.4626051700231222e-30,6.805100452471133e-72,2.6006674845960792e-62,0.0033243680863067307,0.0056654303368197925,0.003171887752214665,1.2043227860702482e-74,0.5922484885583715,8.797008740803225e-71,2.4296980292760358e-34,1.7901952743446303e-69,5.2623439358742335e-114,5.34922245618469e-181,3.910649454149221e-67,1.5794003055428868e-48,2.9970634731186144e-105,0.027275411254854123,4.001144541306322e-87,0.059081825961109766,3.4033483553585415e-124,1.113629151080804e-31,4.088359019944581e-33,1.644274266268935e-51,0.021644200430798014,1.7179813105934556e-66,2.012979867054682e-73,8.9344657248628e-84,3.089938496020728e-36,0.010286824008816291,0.030780530283056794,1.2923713313580165e-38,7.88437984644453e-32,7.928870593347275e-13,2.9337635138714684e-61,2.514511113396122e-45,1.4034228547074414e-61,7.496888271018647e-31,3.1040400685588477e-13,0.19693180039093305,1.0109617674185671e-64,1.0706253246156085e-44,0.03212941192261562,3.708349660324001e-82,2.377733862285078e-26,0.003295425902640049,1.1614727093569145e-116,6.514811569504015e-58,1.5839218665397412e-57,1.6088797048313935e-57,7.975125849155278e-29,0.0016034853485674483,2.0062574866017413e-63,9.27030745010607e-66,1.925807889349137e-83,8.766620507888498e-87,5.1016875134463076e-36,1.2609532787389838e-44,1.7182021034233215e-40,1.699992290328498e-54,9.182357435790093e-7,0.003900836031681642,3.6961386127560316e-97,1.0807137691257007e-21
9.219356132004884e-32,6.356070754665437e-56,5.189303747708644e-21,5.167290977373596e-58,1.7308927907920746e-50,3.2078328780714627e-77,1.7813966643786132e-59,1.9644146577193582e-72,2.7557036168131134e-28,8.178488307773753e-70,0.3497798701331974,1.3796235864615137e-53,4.0040540167766715e-55,1.6972004701967774e-33,1.6661801161489611e-25,0.00022432370758767163,1.0263495180915515e-52,1.1893129130591983e-24,2.9301875546539673e-46,1.5649994160068304e-44,1.0734105606497031e-16,8.013884438696755e-35,2.0457250557058026e-71,3.8845504024573984e-67,6.217667602501416e-29,0.010035306863758052,1.586888734397823e-53,3.2988921622017383e-12,1.0210475288456894e-51,7.842001139709658e-28,3.4475742563409787e-32,0.04276852293699648,0.0013145713918368289,1.117102220183779e-66,4.436326605558054e-24,6.805363389154799e-38,7.237927473216771e-39,4.7848688365220705e-62,1.1346663102309982e-54,9.964892740151893e-55,0.3023447103818792,3.5092266024711126e-14,2.382688582207165e-68,3.387267948057772e-31,4.911068790904818e-46,2.086939803197636e-19,0.004842857180522672,1.0211054273296221e-33,8.307334092878309e-43,1.3488757354757448e-53,1.9966025448391266e-47,1.4880096103728903e-6,1.1641208213047987e-26,1.5029787296635535e-58,1.372721954965108e-33,0.20260418070080002,5.628683313020557e-33,1.7644680351783098e-67,6.838144167154687e-37,1.281861204934163e-63,7.94618539348068e-37,5.100722884773939e-19,0.081907215514991,2.8448095085918036e-39,0.0041769531754861635,8.217504812022429e-79,3.6527840457655465e-19,1.8455346818692243e-39,2.73020924350021e-78,1.3228031746797192e-54
2.4429308380155316e-23,7.3521219929237e-60,8.621989550606943e-19,0.12215016016928931,3.803975405427266e-35,2.7309243396794207e-35,6.103092250060748e-8,7.273626111777802e-91,2.3083926022980803e-48,2.6961448243268325e-28,0.10600574689140475,0.09993084527374634,1.3116780516790442e-114,2.487027020612295e-38,1.6292989420388486e-62,6.786358682721219e-17,2.844073467891487e-24,0.04752285733273455,8.927566975205369e-15,8.566197896018411e-39,2.0947673798243688e-32,3.159159505961797e-30,4.703783085498216e-32,3.533740316189929e-23,3.5637744535859435e-17,8.231232373959692e-27,5.754138964413381e-48,4.874572418889123e-27,0.04596565128878977,0.19792420339760894,4.9774148197119284e-85,4.665370826374761e-30,2.0449863349641594e-52,6.962454223076484e-39,1.134137991694886e-22,1.246924719074646e-21,7.559054882556631e-27,2.3709251226518324e-41,5.6067532966034855e-21,1.4837950747944237e-37,1.1564409590239643e-14,1.4052194250583252e-59,0.19030990503924014,5.389857924790132e-50,0.07668039590737463,4.669667407287385e-71,2.27161555608467e-19,6.092205448370831e-17,8.073464882801135e-83,3.8511046038683525e-28,3.5904982886292187e-32,1.7589799673717406e-50,5.3991259810500394e-39,2.4801803490972324e-12,2.0059678423372124e-7,1.6490454611576312e-35,2.4953155088668334e-9,3.585798218425699e-35,0.061495210166577385,0.010460206903815751,8.077452519922151e-22,1.44732007126914e-17,5.392259594116258e-44,7.919939666130417e-8,0.029507254477661265,2.8510750056894775e-17,0.01055598770582795,7.263002490093696e-22,5.1907433029167305e-42,0.001491232121009497
0.007640542125008161,1.2500828663575447e-47,7.976618590703923e-45,1.6363473211056297e-15,8.547870505649866e-84,6.737035851950396e-75,3.921504207379059e-63,2.3768577672121347e-82,0.004211216490583497,7.227041807190096e-36,1.030984351384668e-75,4.0218846295024156e-50,0.007956009449575283,3.9118929523564866e-35,0.0016280694434217264,4.074933198271126e-82,3.403255229180647e-25,0.7509324188791286,1.7568049109289736e-71,3.7787858154916296e-95,0.004401473749138414,8.656677765344263e-39,1.0233056353761124e-62,1.8945029437504926e-44,5.461047222935552e-17,0.026862023194423625,3.3127592835012086e-57,8.085199129848757e-32,1.1375286718430021e-20,1.298070011361904e-32,9.474909427155245e-44,2.8880336252086587e-5,2.0980195694380513e-72,8.48031219308635e-31,3.099212553874288e-28,1.2658303028462502e-55,3.4345211891436707e-28,6.626806668454368e-56,2.2041021835048508e-27,1.0958316584632245e-58,2.299584114484382e-56,2.4961083357684163e-38,7.033422131409176e-41,0.006230790264470893,0.0051983819663822045,1.2546842495481163e-37,1.7618582801702705e-8,8.07407488822899e-43,0.003861459522989518,0.0016409397814449544,6.92365021950862e-8,0.0019154552052649161,6.046007865156764e-36,0.01114128900112035,0.0046126997898941246,3.7990244490515246e-66,3.207464769148439e-45,2.3078399918749e-46,3.122671351811598e-13,0.004182074400211054,1.305618939108027e-29,6.955475213552418e-38,3.1428893004150386e-43,0.0013529970606989499,4.1937490316001754e-47,1.5473385947782628e-47,0.15620319247819833,1.01514861623916e-56,6.39430541324825e-12,2.9866408691834293e-29
1.9383567429760234e-22,0.012666405686008906,7.177195959177097e-32,0.012225309787536187,7.260699894215698e-16,8.343489836096811e-14,7.880763636308297e-33,0.02413741119304668,4.0152508502552565e-67,0.0018099761373500567,6.48635701245376e-135,1.7440924086266937e-47,4.114207281709103e-134,9.46660044466556e-51,0.005898104757263178,0.0003196990396754687,1.0648331271900608e-40,1.208453796960135e-100,0.36607816722835657,0.2711817821826569,0.08889192452297152,2.0854925385333496e-29,2.0588941925213516e-24,0.014071556524814146,2.98086008998611e-53,0.0004652348277690212,0.17458457222804172,6.1033129690023044e-61,1.0783217851663084e-35,2.8731791867686558e-15,2.0733823212878278e-52,2.88476150349634e-49,3.287580573611558e-162,0.0018048653308284093,5.229233210287986e-8,2.6708005006321344e-63,6.717778105398152e-55,7.574480900819109e-14,1.290662074797808e-15,5.3646729885079537e-8,8.30743921040973e-77,8.436875584565202e-17,1.1974290013202378e-41,4.688288381293777e-57,9.687365472984355e-51,0.0018763783896931089,1.0616634415157025e-60,2.1392624029476193e-25,1.7350415403998478e-9,3.715142223827108e-50,3.698360157719949e-54,1.05333386641295e-44,7.158433467888774e-56,0.01016477738008398,2.2706258760447207e-46,0.0032308592449329042,4.919036888932393e-31,1.038611120009598e-39,1.2753695651122759e-21,4.251640702767037e-71,0.007321186550248939,4.452823581210946e-40,0.003271681314212139,2.424142459111558e-13,3.592789409316992e-86,3.916697958668087e-37,1.6467097046394736e-105,5.820074178409913e-33,5.617370454444781e-28,2.940094567113345e-38
1.3622182772566419e-69,0.0007292276872194666,0.0010545184022055436,0.011135187267124909,0.002305037396758039,9.070578330592575e-19,1.4354240190458246e-11,0.032158008301919595,7.415220126236517e-39,1.6802224434528557e-30,3.3045202045649816e-106,8.963208391753022e-51,6.679578591375355e-71,8.748912951530405e-31,5.1314608276147744e-73,0.01598248977972642,1.2920632875476321e-26,1.2359578165963525e-99,0.0046420278329579534,0.47142388098111576,0.01009970423200878,2.0082447471812477e-34,3.632359337516665e-16,6.5363599775609725e-49,1.3337261588212428e-52,9.864738427625541e-30,0.2660395294666945,5.981038711514019e-42,2.0343705328393894e-39,0.004853637368484444,4.382946820363135e-78,2.2333001282886365e-39,7.008088820519863e-142,1.7902579944685208e-80,0.13065666857850233,3.2672371041192725e-35,2.0077212879885808e-58,4.0043608814759325e-10,8.961853496912156e-22,1.8871135478877297e-34,9.54594136572733e-56,0.03987760520867044,1.4746658170574522e-49,1.2776903165383726e-66,3.049219516014426e-43,9.743340880618046e-44,5.4103357492816817e-76,0.006394626928133149,4.033792244644293e-49,1.5215589936866137e-60,1.8153614396117594e-23,1.433454774868077e-16,4.865346095533385e-72,7.626528423860108e-54,1.2429880837634672e-108,6.570585846966126e-22,1.227067219860844e-75,1.232267907020395e-24,4.0216382913454414e-47,7.975933836398858e-75,1.4238618771728354e-17,0.002647850153687771,9.321123168019506e-25,2.0131023021334036e-28,4.6275164921963525e-28,1.0438644333482332e-39,8.070756872253646e-56,1.2041515588468663e-24,3.1296274334048977e-91,9.397791923918485e-29
3.351857046746882e-35,2.6184592121815475e-17,2.7112694169364426e-38,1.0749975651123978e-45,5.048208940331284e-58,4.453243219803887e-49,4.4703894336688065e-53,6.21037613831023e-52,0.42583762776129724,4.587925842353804e-66,4.634662522800914e-43,2.4618486169047994e-41,2.105905243895285e-78,4.1949230240819854e-18,0.009390344368091276,5.234975306856559e-8,4.7285292823813885e-43,7.82555956820267e-36,4.050266557350679e-46,6.6542845263702144e-46,7.837733233226467e-27,7.588592833285942e-29,2.0152813830127773e-19,7.55316044285686e-19,3.9184357088204846e-27,0.07444489148567658,5.107691731645322e-52,1.1557378138953783e-30,1.7072036508276806e-39,7.215344402122748e-10,9.888047949059279e-13,5.440854624976647e-20,5.915101668651193e-70,2.2543921138063237e-29,4.0519786316695707e-25,2.597672796335918e-33,3.895785610580025e-43,2.6453909259632453e-55,3.005843832683242e-34,1.704477187817121e-56,0.01649867666684985,0.039973054807813435,2.27633067339774e-43,0.07029156488212666,1.5995177424109726e-46,0.033824981322291205,1.0694419953633095e-33,5.0340708628555846e-39,0.02586450141562061,8.213954721634542e-32,2.7215169688901663e-37,0.11173356114087774,1.9668441367800974e-44,2.2181106614846533e-31,2.004796172275502e-31,4.742267836467318e-6,0.019521580911198905,7.399712263300788e-46,2.915672863945584e-42,2.782472033708191e-35,3.6543923908107224e-31,8.528820179952025e-41,0.06327138347440249,6.346366292661887e-39,3.5934231647669065e-34,5.140865405305562e-36,0.10934303642364128,2.3036474706809927e-29,1.6862782051384934e-54,3.5569387352373727e-43
0.35507892057083035,0.0010539110126519269,5.76115065615681e-14,7.305313350804217e-12,5.92278753007313e-6,3.191139443818673e-37,1.361237793964469e-13,1.8534278959601263e-14,1.093184067060357e-20,1.702070503700954e-18,8.0051192316961e-31,2.720332238759223e-20,0.00705415951134323,4.67557133856088e-10,2.480992125206273e-47,2.983456977583943e-21,4.9437728713177925e-9,4.674640910522322e-32,0.0001268989811401576,0.06783541362499337,6.473256901606507e-23,8.031589097127904e-8,4.958377235145736e-10,3.0540677795813586e-7,1.605918499429547e-7,1.8241046342769868e-11,0.008470078400492754,1.3513301574670129e-24,4.290528249603178e-12,1.195500211667498e-13,5.924644240358374e-72,1.1057762687911305e-22,2.417376038045175e-40,1.6005050278049364e-23,0.029024492176062226,0.03454085752714594,1.4427178157540683e-13,6.522648521232853e-14,2.5791527431321673e-12,1.2699545529206466e-8,2.1456427270479975e-52,6.834532496477023e-25,2.610132309578405e-9,2.4921420576717717e-28,8.206892606917287e-7,1.1213519878561956e-22,5.755511902012696e-17,0.26825273664191795,1.7804232322280616e-15,6.872322732238107e-13,0.0310190861910334,7.082579454651788e-27,3.4703116560848045e-22,6.944384414331914e-18,2.0274672267596378e-10,1.5384849973574265e-43,0.02393030173498689,0.0003036112456551137,4.457169339491198e-10,0.02239519925283736,0.09566788843291361,0.021153076377037158,6.856060541525114e-32,2.0541456473757397e-16,2.8785307225483858e-11,0.03145058132305697,5.147316379994592e-25,2.0696651069995286e-17,3.9238041946408274e-17,0.0026354752768507064
1.7058918839109037e-25,0.035762676527022794,6.52457532251337e-48,2.208906229684377e-14,4.899550646273108e-21,1.54329764372126e-42,4.394134415128613e-17,1.5982552353468355e-40,0.051284926241322484,5.572215059786056e-45,2.4462608346105233e-49,3.5560021860829812e-31,3.25866171386344e-129,7.349597784205069e-16,0.09292182202856875,0.04818084723745279,3.6814351182972547e-9,7.997031393118447e-49,0.007741263666679095,2.4629660028467797e-38,8.132490107602928e-20,1.6533277153190854e-35,0.2896942901955714,0.1767311200481074,2.764997510017946e-16,3.6051867128125894e-16,1.795536851387476e-42,0.024289638592111695,0.11935605663073194,0.0006030371945013493,2.929894070914038e-22,1.1829458313558992e-35,2.0727733826039033e-157,2.774077338022825e-26,2.025602129064133e-13,0.03164799070852847,8.006748701429118e-11,6.26601346036e-31,5.432736106831496e-27,2.1395985561625584e-34,3.083237885453144e-35,3.1530478070617062e-37,3.8969134698193314e-13,3.0617922124962354e-44,0.04173060687372551,3.0097348520719975e-40,0.04781657124013419,6.373357997607471e-34,1.421295346137658e-25,3.2700327544859926e-31,2.336700949114708e-17,7.151438227619853e-34,0.003984593748743406,7.959642112947418e-27,1.5149821419175342e-14,3.0675605640920706e-38,2.5829224308286346e-30,1.7484741448418357e-20,8.218617791688136e-12,0.00016835968926240052,4.0281252788249714e-17,2.1307723448861246e-21,3.185538438065565e-8,1.3558061589721442e-7,0.023158280178641737,1.3201827013108878e-16,2.447113351566884e-37,0.004927747992542062,5.969477651928999e-42,4.830605159424084e-37
6.79067834941567e-20,2.998895737367045e-40,7.325305142009886e-5,1.547679093459527e-11,1.4969856445681546e-37,8.86161372326591e-28,0.06658457409571057,1.9403406359352272e-41,2.1978466493779867e-37,3.298991386028738e-23,1.0843729204458137e-105,0.035646139140054475,1.060552392330912e-98,5.080560460401562e-37,9.071347136179939e-18,8.92396550822043e-31,9.522582207212867e-18,7.855863212227321e-30,7.719684808627616e-42,6.1167257958686205e-52,7.041931334158967e-15,0.02841542656748019,5.862840827494979e-14,7.842597703255419e-8,7.209271032369933e-5,4.161292029864676e-33,6.523870966383519e-13,5.823774012523851e-25,0.033798120855272167,0.0879337183818005,0.010771644184463481,1.0737528588785554e-19,1.2651750454464479e-78,2.6052595124284287e-32,0.10608701192391297,1.1579525512971274e-32,8.197846869713464e-26,0.42139738667658816,2.5997413909272927e-13,4.912139594643727e-13,3.1177692301581986e-32,4.85394498951065e-38,1.951645885306929e-9,1.422057524923741e-28,2.728428098723694e-18,3.1336210530894826e-53,5.4119092931198855e-9,1.37748206356419e-30,1.0773380334146967e-21,0.0011126163120581067,8.570595596938428e-8,1.0047957950430984e-20,0.017964169372372295,1.6144418632418209e-12,9.951162009692207e-7,1.1532620576514854e-49,2.0323685819138693e-12,1.416369966921102e-12,1.6057541714817096e-8,3.460438191888718e-30,3.748164714349288e-18,0.021381803092473152,4.417965293403883e-21,0.16876086094406662,4.7606106344479207e-20,5.9740836519209145e-19,6.4054154174220215e-21,4.9965357734942024e-17,2.3473184876247974e-17,7.633826886489176e-13
5.354019044002657e-20,1.2529722971741962e-68,4.430908940241613e-35,0.055783215233143585,6.426575659858145e-37,8.605040066165262e-52,2.282075702273178e-9,1.3864864969418532e-51,6.458272053296828e-23,0.02108398512314487,6.541409309019716e-95,8.133812471383866e-20,1.6196941397712621e-118,0.0006324870583786583,1.1042996162519943e-43,3.3046476314926874e-16,4.6248333029835605e-37,2.7942729223261382e-31,3.3010534841536864e-6,1.8015026286490792e-37,7.312280860504163e-11,2.3436810218803604e-8,2.6838515127474038e-34,3.432267275407826e-7,1.3080284391066723e-17,2.225929101366262e-25,2.040510239040485e-39,0.08973662844176969,8.967151569452032e-9,6.031359180611009e-6,6.914026898795914e-30,2.5698583397839337e-33,0.007493930572314692,3.357654020771362e-36,6.738507010224813e-15,1.5829078226487017e-42,0.05575837880952969,1.6211749018596244e-16,0.471600209484059,0.11033927668773935,1.2015089787648824e-26,1.056964668775611e-43,0.0056153843121991825,1.2952518142956773e-42,9.244674514550856e-37,7.190596987652876e-53,3.914519295305474e-14,4.1809082929205396e-38,1.0493937280169838e-6,6.594724431214972e-22,2.113892607291882e-14,0.015825639704508867,0.04984635331572368,5.755018996792657e-6,1.0596387042380521e-10,0.00809359691113006,9.767793875349615e-8,0.03460239578071142,2.178503356616449e-15,0.0406310583758277,3.643287651359968e-6,1.7760607092742566e-5,1.9433755707889424e-26,2.9209385063402856e-17,9.263588256192393e-12,3.2547068168282646e-15,3.998899044177026e-39,0.0329194436896782,2.224148746138888e-21,8.806946202919687e-13
1.896433862076294e-10,5.427091597474924e-120,0.0034976999431512333,3.1570142977189495e-26,8.229665402518348e-108,0.0008156626849476808,3.9446986634120636e-25,1.984182000826618e-118,3.359997501875919e-27,2.173936485713383e-27,0.01093687062902175,0.005999856035204104,0.06155789713150601,1.050914190862284e-5,0.00781327416619053,2.0254692541095704e-12,0.009033542611896577,0.032790775200789386,9.449381522921187e-90,1.776659130099411e-116,1.6973496704490072e-11,3.296716654092248e-8,1.2155026992322862e-58,0.007838885474713377,4.380798129111027e-24,0.6321093739362825,9.323000473099758e-105,0.019329191704663535,1.355545785599649e-22,0.0004097376319021421,0.021318420142484352,3.744187279871124e-5,0.011452682255871696,1.2821482332324593e-18,1.0651378836266942e-31,0.010460105444788727,0.010808467094673709,2.3787520434875806e-16,2.386326584421753e-22,4.52704319201821e-15,0.011164480126172216,1.6296346291765957e-31,0.007893519316548112,0.0037655969857347095,0.02051601629912659,0.009775977289536159,1.593076137084833e-45,1.4340655999302344e-27,0.014843331804415692,4.662018379729909e-30,1.0641328319592399e-15,0.021026794526722493,7.83323628399032e-5,0.014259239997624478,3.089670181445149e-25,0.007217554684681595,1.437991586639054e-6,9.530080123048487e-40,0.007433819931889196,0.005851794165250988,1.9184615650563144e-36,0.00279545668177928,0.022716961801752776,2.572886933360996e-25,0.003241451320530062,6.523725560817224e-41,0.0011978084346420947,1.854408254352308e-44,5.524938764444364e-13,5.0221561436186054e-15
1.1434265823635094e-54,0.1392037728266227,2.1940470122289932e-22,0.0003371655984828531,1.7195257013931653e-14,0.003329625628109314,8.31462572135408e-34,0.6255670861314506,2.287269660366772e-31,1.0644734820119695e-30,8.529631861871947e-103,2.2659693547230893e-50,2.692315780232485e-125,4.3041152916597654e-45,2.124318079479621e-36,0.06089108982441164,4.775120273840785e-27,1.8944195971345893e-84,0.0013836090267400909,0.0395880243876052,2.0739212108867086e-12,1.0452449425688083e-38,0.08782013587334782,1.7590870499629723e-45,1.5516546777337422e-45,4.417598423029713e-82,3.767724480702833e-6,1.9279372755134885e-50,5.751880523657861e-53,3.0348134486994e-30,2.7428860768410144e-71,2.116382811833801e-37,3.775958763089665e-142,7.726401808942772e-60,2.2053819135317607e-9,1.186140421069607e-18,3.6555436547683144e-54,1.0602781429257328e-5,2.4721926233107014e-12,6.791804655172787e-43,9.419868465672662e-46,0.027415150105406915,5.401611524738507e-27,1.2435490500732449e-60,2.2074889210245308e-32,4.814973084161365e-19,7.4684952186842e-21,1.5827526932466264e-32,9.96324755794156e-55,3.356486929640733e-32,7.419808788097382e-14,5.068652632714706e-47,1.1338734746357126e-64,8.947381364735068e-78,3.343379136629345e-53,5.500020808629816e-29,1.4949161824038323e-49,3.598585050287068e-17,2.8640214393543193e-27,9.492339480560356e-70,3.4185066919837976e-18,3.885532416875351e-37,0.014449967881893665,4.415521090723462e-27,1.04655583896679e-17,2.885697141004813e-55,1.4452390322530337e-62,2.543273464711485e-24,6.022572847278078e-64,1.9545889897802254e-42
0.014880349185645922,0.005202085585805629,0.04592790019896415,0.021723293386891416,2.2172973611963367e-6,1.2989775064390302e-43,8.997806533592038e-9,1.0047914740315567e-86,6.900162913711199e-23,5.1868194075378355e-49,0.00011952953578545603,9.202143981618494e-27,4.6057865465164675e-23,0.022789924695339105,3.57650247030525e-54,1.238596402895491e-9,4.2211689783765895e-21,4.0636961985856474e-13,0.005022760826323443,2.8380986414006384e-74,2.29325341998749e-20,0.00970236418413744,0.00530799935660243,0.006529015061914501,1.447260191315762e-34,0.048037858913337894,5.537455001632542e-53,0.5165352035992995,7.943284261233881e-7,0.01427968124113051,4.1577252776327504e-10,1.071841143563306e-15,2.0095581462139832e-103,4.774743135578481e-24,1.397759371365227e-18,6.010676200460813e-29,0.017524991119716116,0.019191975856157003,3.8925631350241876e-7,6.325031704259636e-24,9.267162190187877e-11,0.022560687750340723,1.1083401823750374e-22,2.405013094978045e-21,6.005303677272171e-12,0.010285026411250061,1.24262448250146e-50,0.0145360111703178,1.0329532180649582e-22,0.004065992903418403,0.03047424339056026,3.2773134187027224e-24,8.905457621417165e-34,0.01957873613539371,2.8839554319885936e-21,0.03634561093859403,0.0066317989231372675,7.071678394584328e-36,6.911004447535341e-17,0.006464260544214121,0.0018585069095277058,0.0005857389610370472,0.009641918669148382,2.3544336757630747e-38,0.06979959898415866,5.74813086971078e-48,0.0034362897791540272,1.1072634698661823e-40,2.000977011990838e-21,0.01095723414933649
3.733161388919215e-15,0.0016022411443133448,6.050933582155914e-28,6.701507979422596e-15,0.001105679374560591,0.005550813679350429,0.02951951180017857,3.6803785952479057e-54,1.1189019773949542e-54,0.002030042495673466,1.198421953385061e-109,2.1317564670568838e-23,1.073980746831042e-140,0.0013619728856544703,6.427291841799256e-38,2.0420999490186211e-47,8.445820136187349e-41,1.7759404531482097e-6,0.00157117450300969,0.0027058701930417935,0.003044547870528861,0.0021008760070618396,1.0814389696915713e-10,1.670842483033293e-6,0.016916359521334752,1.5110977116984195e-32,0.0007709402776747751,5.2822096729351045e-21,0.6012491844068312,0.09481939933526534,1.310464957239254e-49,3.5328685577713257e-34,4.9858775723286936e-101,0.006282642656917473,0.004137180452747433,5.983913729430908e-35,4.8981590196264e-36,0.008093502864497537,0.005242590004737276,0.005020637559558212,1.8543326309815354e-56,2.928438365087799e-6,0.01085357682440163,1.650018583739485e-26,1.468197630322758e-21,2.3475539026206887e-61,0.07207561581490211,2.34144413321296e-23,2.375658297651914e-53,0.007413648515861757,5.462390812577174e-16,3.105681584369265e-14,0.014232730428994924,0.008973815688753113,0.000675287800208214,1.3083329659272644e-93,1.9968519706907055e-12,4.0384511417542076e-18,0.0030361033097309176,4.9943572086491704e-5,0.003943616056855592,5.0497887627332616e-18,0.002896789000738987,1.922384628041062e-7,1.1018444501425471e-29,0.00038595118314797475,3.457978029271685e-20,0.0753945415962448,0.006936645604691137,4.985574888476999e-13
0.000673909458677239,0.001403053580543101,0.0016155232194366876,1.9834730410673862e-5,0.0012998129903396677,7.917475381338446e-32,0.02487603452886797,1.1647103349130795e-31,1.9152602373843971e-47,7.4958779582645e-16,2.817252752199491e-116,2.1055736435912e-10,5.702776495934078e-141,2.511916295562414e-9,2.412781168300887e-42,3.0007770513503513e-49,4.0018636183048303e-28,2.1976881156659863e-10,0.0006567388882509024,0.00027801252324051375,0.0076390776518494505,0.05010270359898462,1.801321213636848e-8,0.000585808968904911,0.002050095140120866,0.004229874052711119,0.005088491556159843,9.537950066414911e-18,0.10552464775968189,0.5334962086970915,1.7752034504324582e-63,7.586452911245468e-35,8.788820451225933e-32,1.848283643520377e-12,0.0011669305416517287,6.206570057957325e-23,3.918807510622727e-33,0.006449345455468356,0.03635388236641858,0.007747100421645305,1.923792160325566e-24,0.004272382107695977,0.0005185265393377797,2.4015433016530846e-29,1.707680798545877e-18,2.006681925957149e-32,0.055742785682878444,1.4628541843164722e-21,2.2113798330902194e-28,8.82400986140447e-15,1.333658828018465e-23,1.323338799224985e-54,0.013620832315876482,0.0008745523430442472,1.4811071012623513e-5,2.650220367099725e-46,0.0059090789630740475,4.54091998428811e-11,0.004736951751870691,1.9375101971082815e-17,0.022642103397035405,1.0798494483199832e-11,3.598988279295459e-11,0.00880544349880681,4.679125502749264e-27,0.01050014605474731,4.3609486662601117e-44,0.08022323352216312,0.0008796390284701959,2.4065440219368274e-6
2.181393917416808e-57,1.3914357996629894e-148,0.002938221879527629,6.245813912369837e-33,2.1856549306010655e-111,5.0254892328337636e-107,0.005499819395942451,4.111465538139092e-122,8.802848763378069e-46,9.796720366207336e-33,4.3300272156002135e-38,0.002467426253798165,1.4680279997703902e-34,1.746167667919433e-29,3.214550615524397e-38,5.224551447421798e-42,1.4485616738444038e-28,0.0010260304969806789,8.719348880783705e-52,3.585228849880184e-111,1.0738740770051662e-42,4.53861401444715e-33,1.3858744649061056e-65,9.095461375042604e-30,0.005865264351758173,0.042974061313894384,1.1339222657596828e-147,0.0035501817340583483,5.705085594288869e-37,1.7545279245652817e-21,0.7525683861198978,3.351912797319534e-67,6.400059795910414e-48,8.541887628489045e-38,9.698461950203901e-26,1.0483656147701149e-50,0.062173917599210746,4.281001681700643e-49,5.833696332456244e-23,1.0883607141179649e-49,3.196690891031681e-14,1.7151892629715404e-20,1.0224662316053044e-40,2.401249686448442e-41,1.2979986756901193e-17,0.025931411570121837,1.1271562160339884e-74,6.185895405227281e-65,2.4914471245611756e-82,2.2294497793008154e-27,3.3612199035184196e-38,0.07650573714818856,7.100465847407863e-20,1.5732360312385376e-43,0.00126362884861395,5.573295314986782e-23,1.0973471730495622e-75,2.1705719385505995e-58,7.72492679998231e-17,0.000817140277363968,1.3902088582922941e-70,6.751967630456727e-24,0.016418773010610985,2.2688927493315846e-32,2.5387549041763793e-54,6.919478053105124e-36,2.18260430466726e-67,4.198817013958065e-83,1.472176912001368e-37,2.6540553307056585e-60
6.298230564130475e-41,0.004211108789028432,0.023156144339013467,8.599507900762713e-14,3.456952925929358e-64,0.09626132636781166,7.713539833248005e-47,0.016710590998390545,1.7854206370673708e-13,1.7730289175745909e-15,8.142850918267912e-30,1.0839787908205915e-38,2.4485452947689385e-51,3.919011796248281e-5,2.8441440638590154e-65,0.170220628746296,2.738701104995514e-60,4.048134965997262e-65,0.39788496814307267,7.3731505147404306e-9,0.01088855837580804,1.5447346833791516e-6,4.484326448205757e-18,7.432760083683817e-21,0.04564665588367579,1.2806381609743431e-12,0.1658555756471709,1.7521483574697728e-22,5.317686891914535e-24,0.005485150282242709,2.2296908815108404e-64,1.3116972217561103e-11,9.634327664719594e-40,4.2686448374985133e-20,2.0697097448046834e-34,3.488325348836705e-15,1.0208022655056766e-33,0.014386963809561377,0.0001731051706962327,8.575861629163958e-15,2.6533622440927474e-39,0.007492485595490737,2.8582777348639758e-34,5.028695756509393e-23,7.504858447907267e-30,2.2345026202470812e-70,0.017628881251739843,3.616463042930548e-7,8.240956636724071e-62,6.939285906888907e-39,8.344624982069984e-40,6.89532765087093e-33,0.017753398452526294,2.7263795014905493e-8,3.005278058892438e-40,6.115178229217124e-22,1.0859719789330974e-36,2.5369358191493233e-48,1.603690777206917e-13,7.032012059847492e-49,6.368940634159366e-27,1.0918716606148937e-31,9.351373897063725e-29,0.005984040724042266,1.4623436963213584e-23,2.3407686727971628e-17,3.822564744997359e-79,0.00021928627270095049,8.798606272246822e-23,6.868894526907913e-45
2.5460475663761027e-59,8.870331543443526e-75,8.249881737430405e-56,2.321983284780403e-67,4.3454526192047127e-150,4.02115537117996e-152,3.099713598149062e-144,6.156232847867957e-122,1.0328728275771521e-114,0.018146622987424536,4.186527811949865e-14,4.791734151781564e-22,0.047035759946657145,7.027930880677876e-89,1.2398392610971344e-103,1.2591612116676203e-52,0.007076605894064074,0.05189478869754353,1.6783176650565904e-140,2.579186252693823e-171,1.494799241420368e-70,4.811099242615755e-71,3.082364387954141e-144,3.235419334687338e-103,1.1369359185751882e-86,0.025894507660858514,5.933607132650085e-193,1.0390717384609975e-88,8.842984617662413e-86,3.94267340131332e-73,1.8882013106152443e-72,4.276848874559247e-81,0.8499517148134104,1.2833945718657543e-96,2.2890339606476755e-94,1.018566671520498e-107,1.3067620858641704e-91,1.0037118177810206e-87,1.5219942431288603e-79,1.1667689735940231e-140,3.666378402975755e-75,1.2674252530761996e-117,1.088951470365697e-62,7.034565660984213e-83,6.111608531310995e-73,4.989249470963777e-128,4.7117920726544016e-35,9.861692124660786e-84,1.1378476283799602e-72,6.585689599408438e-94,8.666570620460574e-64,5.265797453086892e-123,8.356461542960763e-37,1.1217769497149601e-58,1.376364865455894e-16,7.994111447774214e-61,4.4790849776661805e-131,1.652105051717235e-60,6.175623029823474e-44,8.452128505602337e-74,7.953270204239282e-76,3.4979727332311745e-57,6.337978092626436e-70,2.3728255503697233e-103,1.730664517215503e-85,1.9780877504192358e-79,3.5183673337606845e-47,5.250447089777289e-122,7.051880179989926e-77,4.6291760887587305e-83
7.0429001521320826e-71,2.8483836898448906e-62,2.1012773173004398e-33,2.546498251456622e-10,7.305046309692796e-77,0.3798343357076454,5.848837544343824e-27,2.998454339170091e-76,2.843915605363149e-49,1.5041734335880042e-17,4.974748857395635e-181,3.958283993011653e-39,9.145724957363997e-196,5.281782415065732e-29,0.0024227633804700817,2.1977660117039666e-56,4.741666961858528e-47,0.007630239688990199,0.036080558116909446,0.002754193678488911,0.07415341048358805,3.674398566096219e-14,3.72067868562367e-22,4.904975123312442e-11,0.00035897180408079395,2.2440670178407296e-47,1.8909705603542613e-43,1.9105889603005863e-38,2.7614249114508605e-15,0.0036061879742949705,4.410365468641562e-88,8.164704286914966e-62,2.307231947728986e-131,0.4448991186594012,5.1334221886452335e-21,5.270777187349741e-26,3.663053190541133e-23,0.010017204968619065,0.004156966861112586,9.984795369720598e-35,5.323157420872489e-113,5.088025499357384e-36,0.00043767951645738105,1.5145030084690833e-67,4.543792158514148e-28,7.368210724980864e-47,5.138293507895679e-11,1.1483323364931367e-14,8.983614887352342e-31,1.6870041838028935e-16,2.9211982390311854e-37,5.11397024378419e-37,0.0019410399248874347,7.206325035755227e-50,6.273875642636889e-19,6.345843101557508e-73,2.9624576127111667e-18,3.364711819875476e-27,0.016218892773943262,9.900467539410205e-21,1.5622259344995417e-8,0.011419928152473386,1.6100666271133712e-67,1.480846313663807e-23,2.5983194927909934e-66,5.1661933598999946e-20,2.6458724006537386e-68,0.0040684923312447495,5.613189024663514e-63,1.437243838432218e-36
1.4625923972195083e-23,3.098064354148716e-75,2.498793372931979e-12,1.746888739872324e-37,2.322329451539765e-33,3.3535776003522635e-49,5.5259048725898175e-12,4.701454469169441e-52,8.237485033559645e-8,1.7187645440012302e-53,1.608337551277996e-40,1.9241571769762116e-31,1.05147678106063e-44,2.58860085328266e-5,0.030901666909820606,1.5966349017438822e-19,2.286035978475541e-24,3.5619999668191943e-40,4.0801067279629242e-22,1.3364376965718604e-53,1.6489799213078941e-15,2.862183586705562e-21,2.325730597810975e-41,1.8752198588373022e-27,2.5707847012490254e-45,0.281610814723653,3.0496603229716813e-55,1.4081127573363704e-13,4.8461287625658815e-40,2.9010478405617523e-34,6.729810742140078e-34,1.089395467357323e-17,1.0906863189575216e-85,4.2120759850085e-56,0.0008736299275299039,1.350046321028963e-10,0.08526938191924043,7.005175113073475e-46,6.495102052857134e-36,1.821426705658876e-45,1.307795071659004e-14,1.1214300922698684e-6,1.983125503823425e-50,9.842906682898202e-14,1.4387367140154015e-27,0.04600344295644344,5.959995551962185e-34,2.789542476281751e-24,0.06741142637815897,6.270191920348352e-28,7.990217156416576e-23,0.19747006310746673,7.875940111432006e-48,2.7869035463308045e-44,2.624919723983049e-10,1.345216521836165e-26,3.6291625016962846e-42,2.332167473177639e-42,1.0659629025981849e-38,1.5938619166863217e-43,1.2485112220940166e-23,1.05772444063547e-29,0.29043248385843107,2.44951646490069e-36,5.114561641648814e-15,1.0759715051382203e-41,1.0019727859411783e-37,6.799764786835475e-40,1.4736288708226607e-48,1.7562286981410204e-30
2.3728700492936807e-18,3.4187357550997605e-15,6.175749571382856e-15,1.42325419114864e-15,8.356637498064937e-16,1.386278392346368e-35,3.016249608694717e-20,0.005774463706924964,1.263337815911461e-45,5.466226546514356e-19,2.0537253346212438e-103,3.650026758454319e-14,9.594937725184481e-53,5.68830484665573e-26,1.4294119298071095e-30,1.643042910642925e-51,3.5301351799499125e-34,2.8579872897053864e-55,2.6257723227341783e-42,2.053315979455907e-83,7.632835677353989e-39,1.530561435210475e-28,6.1059855815944834e-33,8.1296833076026e-6,0.10863639155511651,2.3505065056994947e-30,3.3309289216568828e-71,4.137597817619821e-12,0.04481121466694454,0.013708943636790294,1.6691772962207879e-56,1.0382779516037099e-49,1.1996635679214642e-41,1.7872456736018712e-22,5.955956755752054e-14,0.44142862117320275,8.189993110067808e-30,2.036272031812792e-20,1.1186952193776833e-13,1.437205287044798e-8,2.4515920979113355e-65,8.930735581833115e-51,8.422949429195001e-26,7.204427241085753e-50,6.039580622134645e-23,1.0500967988592886e-19,1.357807289549588e-10,4.309651130048096e-18,0.020451536922353696,4.250476900444674e-8,8.482756285056436e-16,2.23026913824328e-48,0.024789768693978732,1.1896611578678003e-28,1.3098511101649058e-11,4.857618992173545e-58,0.2587879171750773,2.3861784186953887e-42,0.02618564789001187,3.6590511179657334e-30,0.012062962037857325,0.013847930286028994,1.0835180498211098e-30,4.0223039261386174e-13,6.9905384038136775e-15,4.2105454168366145e-7,6.419077226436285e-29,0.029505994454072128,3.6257508933450745e-32,3.3322966263914844e-11
0.07753672412459528,1.2352845147810017e-31,4.4630805221592234e-24,0.012043732642096627,2.41043733738966e-46,1.7452660901983117e-16,3.886549782919997e-12,9.73060543321746e-61,1.6550704104555276e-37,3.0819575025022442e-37,3.7263670289625e-51,1.188881032093989e-19,3.9234650787630317e-60,0.008902350508791781,3.00107533233823e-30,1.719275739086384e-26,1.2626652119981022e-26,2.687638528554568e-42,0.004574712818115471,5.144546359592957e-6,9.632646422191235e-17,1.9096937020306014e-27,4.941084310105559e-18,0.013483220571294864,1.6198924838272282e-14,0.00042741045851840936,1.6697957938152763e-58,1.7522811222109236e-13,1.4900431171190287e-18,7.567248072934218e-13,1.9658108148170342e-22,1.1809188792651913e-21,4.6200314297412003e-60,1.0868221448750593e-14,3.1330613514766527e-21,3.767489062427102e-29,0.0805962546817138,0.020821718935929167,9.356762794281323e-15,0.287363851784905,1.0226031417343158e-24,0.054539907623416366,2.1732708320632638e-34,6.543083485710059e-18,9.535421395730485e-13,0.0056583197351573015,6.818059024725798e-21,0.007493465910056684,3.4517361088691992e-37,0.009296360042264171,9.988199490887491e-17,1.2062182197510304e-20,3.116817659354012e-6,0.0077876032887930265,0.004731693864017903,4.862441129481551e-13,1.4660940763431803e-8,1.276276991295665e-29,7.064878155575442e-13,0.3266827778123105,0.024920110091723967,0.013217921168886156,6.138276840045e-15,1.382745531993978e-8,5.016636000311106e-9,0.00012516478919085924,8.613725128075956e-52,1.4191862840176987e-20,5.744328510380906e-13,0.03978840427158945
7.547774732351943e-13,0.0033276663458096426,4.577980442580038e-41,1.8522772734943891e-19,7.105183104989784e-31,0.008324500260053071,3.137635521804489e-12,1.4679848723039737e-40,5.4145032286585595e-43,2.4333022016190533e-22,3.256407810922682e-75,8.04793736382414e-23,2.004885917179396e-158,6.400060722898095e-24,6.942296717979579e-47,2.8969980936140306e-20,1.355739571908869e-26,1.9659346660831208e-53,0.00740988500563309,4.498441246260345e-22,1.766516320371511e-16,0.060109569375091584,2.1684556692552772e-16,0.00020839461133322039,1.797817012793772e-11,1.2261309940331178e-22,0.002013188863774851,2.995678931567632e-28,0.08722347791006553,0.03196153739167092,2.223483874846426e-64,7.936058316879358e-38,7.548740498425704e-133,8.042225032398013e-19,1.1209387308321785e-10,3.004121928048072e-10,2.160648194813346e-41,0.5548650898090305,0.0007310146491439978,7.764011389851479e-26,3.2343931667318993e-28,1.0237225824415815e-40,0.042741674748845264,5.454914087023116e-50,2.1112333185510908e-10,0.005576370291104287,5.1305869794903085e-21,3.3418840502450773e-25,1.6390319349635946e-25,0.054690642131785525,5.639680727340936e-27,4.580383515671757e-38,5.266655537506245e-7,0.008524593892795331,3.657623090448866e-13,2.430760922862087e-39,6.036204766814976e-9,0.011125369459232055,9.710565174798277e-14,8.903759952511541e-21,0.06446310282869461,1.4410244880064202e-11,4.294655827100768e-46,0.03891286828942403,9.710907080944888e-16,1.1922019133545036e-17,0.011465638664944523,0.0010675535514908835,0.00032584745177927207,0.0049314811061646185
2.884399643944126e-13,2.1797513789246755e-16,4.421267845488131e-40,0.013493048757737932,5.62701190545409e-21,1.156793576612322e-25,0.05618200088171782,7.589690048437648e-50,2.9004950917990197e-35,1.02686350330366e-31,4.649189711102018e-109,2.6281773242134576e-19,3.830766250762396e-107,6.154736916334287e-23,0.0013268526632394925,1.7928990987183965e-22,4.3364005714243035e-19,0.017300184326867266,6.823770967699876e-27,0.0003626442331246039,1.041975074015789e-31,0.01607009165317087,1.6497011284741939e-18,3.5387965888282744e-6,1.7165060713452e-11,2.5786402381472895e-5,5.263904847239244e-45,2.906472092864761e-23,0.01413153708213671,0.05654581040396111,1.0352746953917094e-49,1.439825422719845e-23,7.277966646400649e-25,1.2656649665349508e-13,2.444638851610284e-6,3.0653481751086138e-18,5.159124162426527e-29,0.15168672826834376,0.36497194335236777,0.0142097096272686,0.0010157569642571618,2.250535647806288e-44,0.08504991731427695,9.323899492230013e-17,1.0946462942834665e-7,5.324636083162867e-62,3.060080156989364e-8,0.010148863483143599,9.085051435842687e-42,0.03507547175218403,6.333700627596905e-19,6.518973766997134e-58,1.5314598089595107e-21,1.4708356111425763e-29,9.607352209299233e-15,2.796140010352463e-5,2.745922803949511e-9,9.954628590065751e-6,2.173146443286562e-5,0.005787559354505366,8.382852877840917e-10,3.827035486860882e-13,3.090825990465484e-24,0.1019503695713255,0.02769080562841061,4.8212452444028273e-17,0.015469040736367339,0.01143979276528648,5.108162481176754e-33,3.1018174669560397e-7
3.166728655040867e-17,8.666520477936608e-41,6.278964967475696e-25,0.038178711108048394,7.498969733478817e-9,2.0930133520817437e-11,9.307903677984063e-12,9.691771365358934e-27,0.00711869976241421,7.927097243964363e-33,1.2992185701208787e-131,6.354388060630329e-13,2.137459031523265e-9,1.1443017675180566e-5,4.214244316571761e-38,1.2984129332939905e-59,7.970392433107914e-7,5.020343272069604e-50,4.68409158323511e-17,2.0357911178691553e-25,3.8426851733800516e-31,5.116806501263896e-12,2.8937606658168866e-24,3.7293003964834174e-28,2.2280945371304107e-22,0.01723352773363258,3.106828995911579e-41,1.3469012196464146e-25,0.004683882578234449,2.3910791852478473e-9,6.260196667196335e-78,4.978610435774097e-41,1.0686118605157515e-119,2.048579290115669e-8,5.0114644572150723e-11,4.9140046751738777e-29,3.6392492488394226e-7,7.100969131083009e-13,4.962442943108389e-8,4.950303717890857e-5,5.016336085880609e-38,0.0037135441167651805,5.595678284227979e-18,2.1999265376262407e-39,0.039332560038663464,7.008517452758881e-64,1.4999343102930232e-35,7.881440278638724e-12,0.014613996308131838,3.085786738603313e-15,1.3175445217406932e-23,7.60092372841251e-100,2.4506944170267338e-23,7.73685425570082e-27,4.488770813626943e-20,1.4806053227360325e-17,0.0003029858589666374,0.012602417988629197,5.570148660243221e-10,0.06342069391950726,1.5222864437449123e-10,7.670224263685997e-21,3.0099630575268856e-74,3.710115623458953e-13,3.529220003135224e-12,0.7725414358902861,1.356282004993473e-64,0.026195354732124646,4.203131920397721e-23,4.218684307456301e-24
6.949739956623499e-19,9.917715566248284e-69,0.002184957587446313,0.005348218952673767,1.7593013262268435e-95,2.6507789794515666e-6,5.0958578505924115e-23,2.9235986657969692e-93,4.2634811475690145e-11,0.0034328842059193716,0.03677762494982649,1.9294127210931642e-18,2.495852281917161e-54,0.002651958795875029,4.8462529099767096e-57,1.016090848173371e-13,0.008165496179207669,2.0592491391198074e-76,0.0013471162371629583,1.0727700037530239e-87,4.5371151932521174e-13,1.9059406405935466e-26,2.2949371818541706e-54,6.3132473511500385e-24,2.1295532256855616e-30,0.013779348609798403,1.0838395111897559e-64,0.00015728925145907724,6.43239809530939e-36,3.56053924853232e-30,2.1099187228807573e-48,0.049029352676256396,1.4123435062651067e-101,1.5238074575196193e-47,3.1928437210003347e-24,1.0516091133861834e-5,0.0014187782586329097,3.72469369950458e-39,0.0014394293129026407,1.4884077012439208e-23,0.7528291445167997,2.21083312314427e-7,6.4083703445083444e-43,0.05475327292311051,1.6447506096110639e-31,0.0012163695680641707,1.777202004447547e-37,1.2732430943383053e-25,7.444769600020928e-44,1.2419423165635597e-62,1.5575732902461018e-7,0.003965789639193427,8.327382354955727e-11,0.00988358676241386,1.5238458198992515e-19,0.03968526314383473,7.627635035999483e-37,3.6709786814007264e-40,8.156532727522482e-14,9.920969730880264e-38,1.0935369283528219e-7,1.4401778808892741e-46,0.0067548384998688624,0.005165626738449957,1.013802403319286e-13,3.125271004405009e-39,9.611847765245564e-38,1.1767597240631763e-21,9.35496208818953e-15,1.5002638215036532e-37
1.9805775748104161e-25,9.131739055223387e-10,1.392025325445866e-25,3.867190059264808e-45,0.05387339150714779,4.1526760847671107e-39,1.1622966270960862e-39,2.8931090826138826e-52,1.428262186657555e-20,5.690522143568954e-35,5.5714834525829945e-61,2.448156837636916e-35,5.232207622765862e-91,5.122839352417119e-10,4.975510339438872e-40,1.839138577552458e-11,4.400909555608808e-33,8.474710948185759e-30,1.9554405146735783e-36,7.773511078069656e-57,3.0048089587140177e-22,2.1006131187391126e-30,2.6643682897609912e-34,5.4621596136524244e-43,1.00878282080756e-27,6.03381026710832e-5,2.5110732315761342e-43,0.07576081834710796,6.577614346635118e-51,1.40329056246591e-28,0.7320300867107294,1.1121458396096011e-20,1.5185209778301322e-70,1.751811879790168e-34,0.06212274208182914,3.45267181328719e-27,1.179505902763601e-25,1.5185275221664055e-23,3.619133193851123e-42,5.0574292522983445e-30,1.2077808541485365e-18,1.63664952245738e-6,5.864466911884408e-40,4.557694850933617e-11,1.478464596940804e-36,1.4489937510178123e-30,1.4594232103869981e-30,0.010817340807167808,3.8170987711004774e-8,4.7291937734269904e-30,2.814363834502151e-20,0.04378795849689566,1.6382691079931753e-29,1.5443859217887605e-32,2.0043142031669701e-25,9.234137300503069e-7,3.63061666395045e-13,4.041310863919523e-43,1.7532533505690593e-38,3.536177188510922e-24,1.8320710042208838e-25,1.4616700042204895e-36,0.021544724222421558,9.074802910165176e-38,4.260717421300889e-32,1.2570238556217522e-42,9.356332659753588e-23,5.289334081979146e-32,4.487134157487878e-54,5.755670679580798e-29
8.096139565840112e-26,5.793683908216197e-21,8.095946881111923e-18,4.987821536457439e-11,2.7625580045298564e-49,1.0944915796735304e-27,9.712509051922063e-5,2.0550746216877748e-35,1.3879693175096941e-42,4.882989278001528e-12,1.4608802994634907e-76,7.001335545393449e-16,4.608228382098225e-88,8.984233059929212e-21,7.743445024521154e-24,2.0623261153052806e-24,1.242602825227504e-19,2.897720479372994e-7,1.7607424794450797e-31,3.531797209995079e-29,5.020118069397065e-34,0.16390981963723564,0.006900897988642659,3.1395158689360036e-8,2.6205895650770256e-5,0.13419689678497124,6.501854479246183e-12,1.508153108921473e-29,2.8771716879002045e-8,1.1924228996480794e-14,2.867371708487271e-54,4.334042788098262e-28,4.678665831738093e-73,0.18586239580730107,7.013407778932115e-16,6.03538421756583e-10,3.991621381265101e-18,5.353037444017488e-15,3.950177094496994e-6,7.091979221705666e-25,0.02614975920520398,4.87671031624177e-18,0.045888347945213744,3.096888745933827e-25,0.19731883801180863,4.645620577308954e-26,0.09076469528895596,3.3338070599795584e-14,1.586022613465864e-31,2.484354133248792e-11,0.0018436584808612599,1.9682194998497104e-11,3.93335403874578e-12,0.015927944516284716,1.2205916039823488e-11,0.008763417931443432,0.04146009068157735,4.0382055868750316e-14,3.540428484709471e-7,0.000933514538925623,8.75251352493367e-10,2.052829829937716e-16,1.0921093939138441e-13,3.9668094996844714e-17,0.07995173571263219,1.6949288777903704e-10,2.0612222091260482e-10,2.1852429835520455e-11,3.25398510644421e-10,1.2039479012118086e-13
8.878606664258892e-36,7.822141286917303e-8,3.586051118742347e-27,1.7632768333867657e-7,4.068476447809812e-12,0.19893395066692862,9.1257328581671e-19,0.006762699683675623,8.04958024902502e-16,3.100301971166632e-12,2.679950456648679e-29,9.071287294225996e-24,3.4003811451157433e-10,2.065064140928454e-17,2.7525381909544157e-77,0.02990030861769039,1.6418486847698733e-43,1.6294980716662995e-37,3.487299739480841e-7,0.04130314351917249,0.13284995295505167,1.956699122101332e-10,0.03139828871547197,2.422833211180547e-30,0.03662030345189039,7.01791063072692e-35,0.008641086176969234,2.2718298277378942e-13,0.01387487545992883,1.915064564869652e-31,8.405240418134258e-37,7.846549659995368e-15,9.740618507594607e-93,0.30162225605230913,0.003995666781760592,1.2743803257000375e-25,5.044753505207254e-25,1.3279112097673557e-8,2.7725886575212117e-19,2.8040334497741994e-29,7.064453359184087e-13,1.883063639389558e-42,2.1720518210441892e-48,4.277446503534215e-10,1.4143983158821692e-6,2.547879671313601e-25,3.325729992548615e-24,5.606426380443153e-23,1.360651357891999e-29,2.6854339552681195e-39,2.4492815081407506e-9,0.006311082942641223,0.005282564567574919,0.02192022429359758,8.736434795106754e-35,3.464491149353043e-27,7.147833427366657e-11,1.0594379129112574e-42,0.04483841347787645,0.06840155629050651,0.031095801259188587,0.0008948558979303088,1.4221132345358825e-25,0.005687401272122564,0.009663533468850963,2.0465180348748693e-17,6.338088075222708e-34,1.998721551480718e-47,4.010085828308368e-14,1.1236840151122066e-40
5.707488771520739e-15,5.482879801473317e-66,1.2227213464675885e-11,1.240295851667344e-21,7.357687232123746e-58,2.590324838655231e-43,4.293840786345651e-33,3.403198069156199e-58,2.805282267927872e-23,5.477156004544804e-34,3.4749745621419636e-59,3.786774972416778e-16,1.0753565974686758e-43,0.22370164330352615,1.6324279897286665e-8,3.3707339817103614e-62,1.2923557479765576e-41,0.07549682333285221,6.4301846264017965e-55,2.807386322870927e-20,2.8703239294179128e-21,1.087898781489469e-26,5.3749542126555995e-12,1.5289609846884418e-25,2.2568884350784986e-27,3.101390257677905e-11,5.672323772827647e-58,7.56060254562779e-13,6.7014862221516e-24,1.1338821582055379e-13,0.008751933797994516,4.749361549971052e-20,1.5729432345761605e-49,6.15597888095436e-21,0.0011118140085806267,1.373647961434016e-13,3.085865221863396e-10,6.858693224600664e-22,0.03131460047741749,1.0891140166686931e-9,1.0842559021316209e-48,9.222353220071962e-26,2.6859446775818557e-26,0.002425126541535969,0.4213324594729597,0.04770721498438433,5.628426679137849e-26,1.6976255323417717e-14,3.8004899516843375e-22,4.7680929346201025e-20,0.04088617532810191,4.628971462203583e-16,3.0866027115436344e-15,0.011815866507200623,3.5239375404056694e-23,1.987026832229036e-27,1.0279949028098164e-11,1.153794809792121e-22,0.00024145086388216672,6.732782146439352e-8,4.977918523341615e-23,0.05932464100964532,5.360682146150057e-49,2.5415588821833474e-16,0.01937532048997155,4.822412715337906e-5,1.3119924324047014e-8,2.5895519678185646e-18,1.4828863832131305e-18,0.056466607525137984
7.838722434556462e-71,6.383722639132552e-105,7.670435562207234e-31,4.182120008174494e-17,2.1242757058464288e-54,2.3546059120554775e-65,0.0019629298429426232,3.1490978620266756e-127,5.863491965155707e-30,4.633401497786913e-59,2.1800663209508116e-158,0.007824119928386783,0.0021211737265476563,5.0499345530503115e-51,0.027968593573014063,5.092946732867849e-102,2.4426860503287743e-52,3.275466803144328e-50,2.070486942846076e-84,6.042061932047626e-156,2.3325123031641813e-45,8.694857867148961e-53,5.301614087426214e-70,5.752762748099053e-49,7.722705090535315e-61,0.04605110898047538,5.311310518765304e-152,3.7376573007454307e-45,2.0848728801628805e-8,1.6769949464713263e-28,0.1354137105122144,2.1026116978990526e-56,8.532328892128666e-21,9.880181199180641e-37,1.5802517095916938e-29,0.04667813656083841,0.053826264302706955,1.0980104299575788e-27,2.7059612728577514e-29,0.0018099011509226817,2.4394438378853616e-64,3.0543139452925388e-25,2.1832096802220562e-37,5.488486689918079e-26,0.0020192076508523562,0.6403374104998301,6.384124489516957e-32,8.09821637644234e-31,0.006827050176687819,1.4805695242605615e-39,4.984494122261598e-56,0.015976309822852496,6.371013543336347e-96,5.4595784419206e-71,1.0997551293848658e-24,7.159329143350068e-56,4.018104659407641e-6,2.9496737872933364e-22,1.2316850628828202e-29,0.006865890872677996,1.972935767772969e-42,0.0023876728851101904,2.6469931063299793e-68,4.689726762139051e-41,1.413929946716591e-14,4.479085887477601e-38,1.3222524797936703e-24,1.0693675596676631e-88,5.738942617824749e-101,0.0019264805605378173
5.652753661537376e-14,1.6264075649410163e-59,1.2382923303210846e-32,5.598340003466367e-9,2.2646180248297642e-7,1.0727470967346292e-16,0.0011024600097772454,1.5043649336858244e-29,1.0321622567482353e-33,6.126927433007113e-11,1.366947932918874e-118,7.47160289997058e-12,8.939080182588145e-79,8.639938039523806e-38,3.2313799639107282e-108,2.4296423324497407e-70,4.63344356021892e-29,1.6804917480117076e-14,0.0019177795817882106,6.722030853946305e-15,0.0012650505853031878,0.021704684601524887,2.5508150066881357e-35,0.021538567169630884,0.0049775268716610605,5.22512695818443e-22,6.628243318712622e-8,1.4361123157602629e-35,0.11822376454061836,0.012522102659891348,4.7506812926537346e-35,4.476806080728326e-53,5.044370334647888e-116,0.0011481481986165855,0.005242416490906241,1.4460720295769622e-50,4.773096592177838e-26,7.600550040600994e-5,0.015267151170271514,8.806875343288208e-6,2.6532097233541987e-50,3.1679109162136345e-61,2.8231355930326195e-5,1.9260715730779955e-51,6.645794202893441e-23,8.847138843449247e-65,0.6649968163141696,5.316833106333404e-29,1.4859606856680437e-86,0.00415957452230635,1.3178161484999485e-28,1.9354777864949053e-16,0.04322675393824594,1.3096815839931796e-7,0.04710906070014098,7.854896380440126e-125,1.1597709888004201e-7,2.132345686053217e-15,2.4567586371326655e-9,5.563872630934043e-26,0.0049415069942233825,0.0009078154599938881,3.714740757862038e-74,2.6960771514599666e-14,8.205848820224089e-35,0.0009221669151555752,3.0783149728588288e-80,0.0031820716355506324,0.02553098808594821,2.0091544653725346e-9
0.013792396235234242,2.2127484075735823e-13,9.957943194398636e-37,0.016729213433068827,0.0056082758162900904,1.1244172600539746e-41,5.6171332939906e-19,1.014738080920155e-70,6.570954124476412e-22,2.994186313561254e-23,0.006068117594512632,8.073964483782822e-27,1.6225197114851264e-78,5.609439033548227e-25,0.009985026402317196,0.012891252382467506,8.905192423718802e-21,1.9107864003409045e-24,6.602326640592999e-48,6.023705457359703e-62,1.507018649151917e-10,1.738060729604404e-11,4.125976862968154e-18,4.941720559996084e-7,0.006633658872530745,0.009394947782011125,7.854583482182631e-51,0.01376046567883101,0.021552633766727447,4.579228866231867e-13,0.002266357692442337,8.00673072421924e-55,0.0017935028737764446,4.293999257155086e-58,4.2325981153065047e-22,9.542809969819096e-39,0.001522244025878211,0.003343270788354767,1.5234792925471428e-19,1.2487311255531804e-30,6.439564734057305e-37,0.012259416398314904,5.090636026161625e-20,2.2089068736682027e-30,1.2028237810756594e-31,9.55986207977141e-32,1.764846095199179e-26,0.7576903831349783,2.6014339847530496e-53,4.825362118586522e-12,0.05473409813301952,0.013209737557551244,2.4840715356045413e-37,0.01121966232386745,1.1082663671478727e-35,5.685846038451363e-28,3.7105190423356e-9,3.1464334279546602e-6,5.141568756854576e-15,0.0016603632909212493,2.0409982991893757e-20,4.070785092745121e-24,0.002518831034193202,7.281806034596093e-15,7.930423550317718e-30,3.3219216971529744e-18,1.4851703329442283e-57,0.021362500291094672,3.023367110158407e-20,2.0143438257203817e-12
3.977904365014261e-49,1.291665287503798e-40,4.297628491774034e-49,3.5110975304284577e-34,7.991785296381706e-44,1.3988907107360388e-66,4.613862078751167e-50,7.094632196155687e-142,1.9670336454068304e-31,2.7834643097919235e-36,1.2305893644690302e-9,1.1775453379226106e-50,0.004898853622275914,5.0240002553295254e-8,0.19876151512544135,6.53528339013622e-78,2.6990244604540273e-45,2.843471113936808e-19,5.845808398484298e-117,4.387319376574797e-154,2.87628050939389e-54,5.924630392077412e-75,1.2639543377381813e-31,6.965313369143081e-48,7.050645439242758e-63,0.0715022808354344,3.3722253921924487e-84,0.004062358615692392,7.251273396830079e-12,6.683153637903742e-66,0.018701050351288332,1.718500545780418e-47,0.004886822859710747,1.528361716795323e-79,2.6334239003823027e-32,0.058493968153602555,1.546022923096986e-23,2.1833741792774438e-63,1.4266394650262388e-83,0.0042575447037270205,5.847741786028497e-57,0.005619219109865371,2.86324393719695e-31,1.2476516827218144e-48,1.4563224376685768e-23,0.0069944975323907145,0.004428420254476228,0.00403975085787746,0.5731248548581988,1.572763417102164e-41,0.017006020522069676,3.251914725168752e-22,2.1032675170443134e-56,2.243989036653381e-91,1.2586907363643458e-41,8.403744807955904e-12,0.0037915890204793024,2.91839295424992e-19,6.105428250397533e-55,9.932490794826313e-36,2.298156020717484e-59,1.1997567261069481e-35,1.084147785422897e-42,4.211803003824055e-19,3.2687510266222773e-45,0.0008800697685729259,0.016258933086977154,3.843208196881207e-59,0.002290917198179517,1.282037493293263e-6
5.275351257838009e-26,2.6161660372421064e-23,0.01025352928365407,0.015954914159045982,2.0438962066272487e-15,2.3496889449682992e-43,0.03406750770358063,0.01170105313746147,2.1264781076943396e-28,6.742352738458837e-20,1.0033993520137139e-55,1.0709343816303095e-11,1.4012930802528617e-118,2.5372349376574554e-10,1.1037258397885414e-18,2.52572145358666e-25,0.03430305194681079,1.0948820971342584e-10,1.1400176055408552e-6,4.5505238377083676e-17,1.965277937960346e-12,9.587628460037162e-14,8.265611948389803e-14,3.983855539560821e-11,9.885794082635223e-13,1.1211680535596375e-13,5.616355146033703e-26,2.249995394990124e-8,9.915923392737135e-15,1.17749358658572e-7,2.0445701849519126e-7,4.959207088031997e-25,8.802172303068195e-65,3.774295406260825e-23,3.294615725081264e-10,2.3064513652410924e-15,6.803307930584427e-23,5.967205979954346e-22,5.407843429917237e-14,8.125362671691382e-25,0.00014421933284161742,4.71243227230402e-13,1.6291878144093362e-12,3.1456571665969426e-39,6.127175728496862e-22,3.084674166561296e-11,7.622751599153866e-16,4.789533503437436e-25,2.4349446511318875e-22,1.9578656661793994e-29,4.38467586124187e-11,0.011680602017312658,2.057605023418208e-17,9.665161289414931e-9,5.328019991370079e-17,0.0005668331539183909,1.8408944842455275e-17,0.0690781513892693,1.7504978250731021e-12,0.020395798001389576,0.02873909294666856,0.1009676805578917,3.6196184641981926e-38,2.863014277952344e-14,4.1468253199616255e-9,1.0358959442627836e-21,4.0593942650531523e-20,0.09555776331586559,1.7233379682767102e-16,0.5665883036932585
9.702504284093929e-17,2.6547586174284343e-43,0.09560097179988886,1.365863060174765e-18,2.8005277698087713e-18,0.0029451368256638356,1.696660131756528e-7,1.2226719343048946e-82,1.899627880522067e-29,7.354066047099711e-34,0.002384121396364432,4.154914362867603e-14,8.410191538561576e-87,5.804471327744846e-19,0.010142737943577701,1.0168239180897582e-25,5.888225970303622e-28,0.033491112203681166,0.003511674335122192,2.562523489206339e-59,0.0164152078857821,0.06832612314390424,1.412570621004433e-20,0.03774474957421492,0.02702375448956584,0.03841850109366687,1.0629997768202045e-74,0.016285466059276506,0.008944547784748513,1.73183499861161e-9,1.7189844240500098e-41,2.9352966185324115e-19,0.004535396624283637,1.1037381296300483e-25,4.0321800807295094e-10,3.6557804305064905e-40,1.739702737998243e-23,4.379311243565436e-20,0.0033278008893436197,1.637351041307787e-23,3.875735938427703e-43,3.348703302318542e-20,1.3882385911974886e-26,2.0150907393343474e-15,9.511939144078645e-16,5.214171892927271e-41,4.169503021857728e-22,0.001585107031623444,0.026129057716101182,0.002804840888549068,0.464071857911087,0.00833786477354297,5.164824589789871e-11,0.0066335551360217435,1.5822629978871164e-10,3.9537400213044216e-48,0.03451934817740056,1.5396475877127627e-20,1.748050181654151e-13,3.817477093276747e-38,2.010888652262976e-11,4.158477445126205e-13,2.2652438680344724e-48,0.03644117618671004,0.029071333266670094,1.518191899154895e-27,1.472964898437991e-30,3.008673944485995e-17,2.1083275295607306e-24,0.021308384831524526
6.38929803521977e-50,1.262410331917376e-107,4.1181193082781784e-17,6.797100608100031e-30,5.33684315794155e-79,0.0010203599300468568,2.1246826640059344e-18,6.112860755639913e-105,4.2837688211180795e-45,1.3824344239066612e-20,5.788405607470023e-68,0.011474543046152245,0.0001252041903775075,0.0019577156594317176,1.3957852910957497e-42,0.0046348156695493,5.589984138699368e-26,1.7165906169222244e-69,5.45871242419064e-85,1.4257397561580238e-47,9.981549816292569e-29,7.557828567840702e-35,6.756865862663525e-48,1.1779551552077172e-34,4.536779449465047e-42,0.03446151243968448,8.029610990365946e-107,6.351071119832856e-12,5.634532266664603e-47,1.5729330011890127e-47,0.023566694234960123,7.008447309194244e-8,2.6638272514518264e-27,2.682589745317826e-15,1.3348795824774194e-9,5.341821273725572e-21,0.07489846189003077,0.0009507127858100374,2.2117212822970615e-30,6.088615760321433e-5,1.372064174379504e-6,3.235182629245585e-9,1.4874479944339704e-40,0.01174442559186463,7.255178779134578e-11,9.587407492929081e-5,1.0678399377530384e-17,1.2179783105046152e-37,2.3383652461292622e-30,1.6442466579130578e-13,3.3322804179536863e-17,0.7208515884951997,0.00048136627372320567,0.004365896290983119,2.0037228773293296e-29,0.02020291551429746,2.463349063346971e-65,1.4018830353548013e-60,0.0048086171685712215,0.0014379189027551654,5.0089964257136514e-55,1.0027559779378318e-56,0.08285904475833751,3.1353749565632003e-46,3.1739377402748896e-39,2.6704084874219996e-51,1.0219029732888112e-46,1.4637949556473848e-73,1.2791278058263012e-10,5.068473251426718e-24
1.5577038492420082e-27,1.0929676118117274e-99,1.3019445984015906e-56,1.4075054371764285e-12,3.0635455005372686e-86,6.750366247484213e-32,7.907335705828182e-5,6.949160427609835e-86,0.001013891396731068,7.823059659315289e-12,1.9294874139608825e-159,8.46751715949888e-17,7.153587457642136e-110,3.395121930775076e-52,3.5888865682545706e-132,0.0010783865120468296,3.790108452524517e-33,0.0009499007426401606,4.905964131273642e-61,4.224561701839793e-86,1.7819985207184693e-15,3.6567575407800984e-10,2.9249298927803988e-39,0.009854239652698629,5.8764393413205426e-21,2.3293343084774464e-18,3.170958094254765e-80,3.0849511482116905e-41,0.05459767191174291,0.001097537951952515,0.0009447902805528529,5.242093688006166e-60,8.984788599257654e-185,3.743161786891347e-45,2.991951370572372e-25,1.0199977377854125e-25,6.431973732821074e-27,5.119135905342661e-9,4.982238324233192e-13,0.007099643277296829,5.322789304567018e-35,6.371366159571802e-41,2.536310418340739e-15,2.0758975579229544e-65,0.0008693959233796776,1.4707191463722375e-25,0.05354842726594865,0.0012388817010125497,2.119731706129032e-60,0.027571790164180758,1.2829884736810576e-10,1.3485799415933305e-57,0.6056448658798461,2.2894757698626344e-6,0.19120819965293062,3.093459143396092e-80,2.214754469638893e-26,1.4529389380659508e-17,8.410953550251094e-6,3.3430925988511986e-54,0.003432102546917866,2.7386514270667796e-19,3.796681645785133e-71,1.021595097807707e-15,0.0028998353387192214,0.004619777472442807,9.892969733907256e-32,5.06650252547695e-11,0.03224088286907167,1.985710180330532e-24
2.876347630216628e-29,7.324913255010865e-75,1.9392007946061528e-41,9.520974976137031e-23,5.202118693376797e-56,1.3126626780131017e-78,3.641482713491537e-17,1.0419992134018673e-72,1.2403490644623462e-44,0.14726333809833478,1.7231264920469792e-119,2.104703589305439e-23,3.5695098234988217e-96,1.3857789824316328e-39,3.8245226632130814e-68,4.6923758323417e-49,4.572364866625991e-7,1.9788241966749271e-53,2.9242441120611058e-49,2.0976382445139675e-74,1.109921531641069e-44,2.5554603463113e-28,6.437817577155074e-42,8.10935333913807e-21,1.1445547498978182e-21,1.4774347379157966e-29,1.1356271214385222e-82,1.3269569088714255e-65,5.5827253347429245e-14,5.873492097210965e-11,7.621302755256296e-86,1.7677769320790115e-38,4.758918265032976e-81,1.7587243775710286e-75,4.578743719165792e-53,3.01514267386138e-44,6.186292463630866e-47,3.3568597049438266e-38,1.588368111122687e-31,1.6101634869792004e-40,1.1557067656107768e-76,3.472362154904463e-73,8.207776979790864e-23,2.687600582950569e-45,7.0983468943398226e-12,2.545897466892381e-78,9.22215009085344e-20,1.9704776540566165e-27,1.7839779376035876e-56,6.108107733006511e-20,3.1586655061207393e-39,4.921336111493333e-88,3.304325261186256e-11,7.976377079574554e-18,1.8962702855320285e-18,1.2084601073739923e-53,0.0025887433894386884,0.004197600786756245,1.2486458771788009e-16,8.988788844982418e-60,1.1154634574807732e-25,6.755379545204803e-30,5.821574041293042e-54,5.918505209597316e-34,1.5002583832291044e-30,4.2995015869086743e-48,1.7758470103523242e-76,4.247982013193343e-19,0.8459498603900512,3.831655152462183e-45
1.1431485396780719e-28,0.0006766026695351433,2.4572795924480697e-39,1.5093457887286922e-7,8.3797278427826e-71,0.004258035699702869,0.03946613488213139,1.3757744728863472e-42,6.425682183314574e-53,2.274204630100442e-5,3.1322897235576894e-104,0.006760054554426066,7.159672582647475e-6,2.8284866942440167e-28,1.1473939623008583e-102,5.314555186239414e-35,1.644755177806836e-14,3.2034284398898622e-12,2.522321655427069e-38,4.948717499607519e-76,0.006676891255476926,1.7225391804501708e-6,6.87905894084119e-33,0.0013029491198084592,0.009675081972386972,0.01280010370431935,3.4357909989756427e-84,1.300663390081255e-13,0.02876763527544798,0.0903666661492163,1.1264072837669571e-29,9.067461630062218e-33,7.26217301948727e-114,2.3015286546024623e-39,1.9206516406614747e-6,6.344391331410631e-37,6.870919613544513e-36,0.004430445799453458,0.014387318016264639,1.8763186815751714e-15,0.0015139768034152467,3.496295321873063e-34,0.018091210530796063,4.804505876425843e-47,5.279120429747257e-9,9.873792347929636e-42,0.053489015933723356,5.833434219130156e-20,9.612930471167022e-34,0.011316057400254388,6.937506849028279e-28,6.621484764795749e-49,0.09304187445749856,0.08408498387926891,0.29683261591882243,5.235926002451093e-78,0.0069607605659821135,4.266977548379657e-29,0.16581829348889,6.771465468745773e-36,2.6792565491301776e-12,3.774254193558526e-18,2.4903727638863158e-62,4.3076061013820895e-7,6.598655760184998e-21,2.535965352441331e-7,5.48963071452204e-46,0.04742985923320497,0.0018190472030487875,3.4505130682873267e-13
3.595491575255656e-17,5.780370107176583e-91,0.010387345407145717,9.00657977252026e-55,3.63175284539947e-94,0.002061125747906148,3.0570256662356914e-84,4.259291084221981e-99,6.62151056722293e-29,2.8132553399849145e-9,0.027811970933155974,2.6914426634563717e-18,0.00023797428708648675,0.013338158301452789,1.2258481035966394e-122,5.6503553751482e-19,2.2961889503011877e-11,1.0695988052505934e-57,3.2378634446592144e-54,0.001123235105039587,4.683810019188493e-29,2.829806805097228e-32,2.332962435691708e-84,1.4327892768137712e-34,5.3735985188560835e-61,0.03289404889864189,6.527983029889587e-18,1.888510921441259e-17,1.0043662331833746e-21,2.8256168251033316e-61,3.3828220656033057e-54,0.04787973814568945,7.238832246774943e-6,2.1299830989965915e-13,2.6687597498097007e-13,5.0950827605181984e-45,3.891471459621308e-10,7.677093784018351e-37,4.1197859257365546e-43,4.779810749027353e-61,0.07098694563256903,1.65020915286373e-74,1.2648112919317744e-47,0.027788925156980025,3.7545862113027934e-33,1.695509192991316e-17,2.7671045514328493e-16,1.5245553268861415e-60,8.261232304466765e-59,1.1315456918751312e-78,3.5814452522159677e-9,0.0010935342711284172,6.051938934496494e-31,0.0005010308225962299,5.669257651834119e-17,0.7220698689574,2.5934705769239086e-54,5.430633124417019e-45,0.00010753926331701561,0.0012302852774346033,2.399306715007573e-18,1.784387011165162e-27,0.0318246981644477,0.0064036594507669645,1.0824463248387426e-10,1.0836457718534468e-47,2.3595695056703425e-81,0.0010835538574055258,0.0011691165720550756,4.625151060719239e-46
3.0577762273614267e-21,4.094997983095569e-37,1.4470023729128953e-17,0.0490322631497757,8.816589809993073e-58,0.036658846631777486,1.9911974617313295e-13,0.0285850205609612,4.678552681760901e-16,2.1350974909589652e-10,5.326447225478876e-111,0.018043667240293628,2.9447494320136726e-119,4.631545648842536e-25,1.0318524735157029e-34,6.1389079726010096e-30,9.4033425657766e-28,7.100929418913353e-11,2.6195014308026637e-13,7.315407419369369e-7,6.608786495018118e-40,3.126421943166205e-11,6.695267653467694e-30,9.70793978120284e-24,2.0771373278647576e-10,3.1571447016788102e-52,9.14185774136928e-25,1.8119660847604965e-31,8.339386382546084e-27,0.0360999692235271,1.0322303103623935e-32,6.964040234964885e-51,9.866353328971742e-128,1.8490851322346686e-9,1.6775566599884572e-11,2.737066233102979e-15,1.0186337567040396e-40,3.978592707242517e-33,1.5415481554818166e-10,0.28542595395555487,5.115885590377854e-91,1.2847760474648432e-21,9.829266531256588e-23,5.465556738620485e-40,2.996712147720156e-11,9.815073852792155e-21,6.181520749086838e-34,3.4327023062139864e-10,1.5512340146993697e-9,4.5520775096201815e-21,2.0995094294845582e-18,1.1778672026609113e-79,5.170822794340462e-38,1.8366346706252233e-34,3.960247587119193e-31,1.6638799077265004e-88,0.47757331186017216,0.03735087076144038,3.26525998507757e-7,2.3504859233408382e-17,5.1200782480954376e-24,2.7709347043925225e-31,3.342036705214573e-63,2.3846517853358537e-16,3.748632277246351e-25,3.354510916411588e-8,6.299465820162579e-44,0.031229000532317416,1.1174738634795226e-39,3.882206707769142e-12
7.347483154816299e-5,5.941653610477595e-59,4.76118522741205e-19,0.021815559419515657,6.784851503732328e-24,1.8208804937226795e-39,2.1873221438781216e-11,2.888864015323602e-56,0.004340549757488955,3.9057452354624765e-26,4.567315476781687e-12,5.52670049330945e-42,8.46098398598401e-99,1.0000979654826423e-16,1.2308636841304984e-19,2.8375864223743696e-16,3.762156780802716e-15,1.7155784784287525e-11,8.687783113084691e-37,1.139543072281831e-52,5.3771316288454335e-11,0.010873413638259836,0.012492281130465474,0.022006699358883785,0.00912788913878206,0.016191977674484805,5.233490240696222e-58,0.02239590707677882,0.0003269076199878473,3.1306545499320675e-13,1.0325802387106498e-14,2.199239960202602e-8,1.0898408513817457e-75,3.027870407311219e-36,2.065345941597903e-9,0.048272618072354355,0.04387563053317509,4.854452784703578e-10,3.765654205547281e-5,1.317442416647032e-9,9.580888369151584e-31,0.0638250957644043,1.7063775063780887e-30,2.40276346474732e-32,2.1600119641393e-15,6.11896958275818e-26,2.13066103966278e-19,0.055611557341556934,1.5886345795675705e-45,9.454846065715915e-13,0.021167868269737853,0.027661929069804338,2.3085232833558755e-18,4.410139449470474e-40,1.2080056605677077e-11,0.018014475424278906,0.014828958950769177,0.4378331486480442,1.9051129788725692e-19,3.2630852829679664e-25,5.760390051223149e-18,0.0610354212506227,0.03899875587052041,0.00034330432957583576,3.745085147035224e-6,1.2886092838938806e-12,0.014186561571762051,0.03465858765219461,8.87304105123044e-43,5.156598699050357e-12
9.85081995867207e-8,2.721037495622936e-59,5.32699333459454e-43,4.2916108645762364e-18,4.433534572891237e-24,8.408584620313861e-9,0.003567567014985158,6.411371673955078e-59,7.73110564273963e-31,5.0555740094929985e-25,4.1174694243693705e-95,2.197633920345911e-31,1.8114481096652403e-125,7.998373808902302e-26,8.838695087966646e-58,3.300950410591938e-41,3.226571474273461e-36,5.197101800584246e-26,4.2711291049236284e-10,5.4151593318672756e-11,0.0036703551369890114,2.6291666088186186e-11,6.4813540092459584e-18,1.397012614182768e-8,5.526009045523485e-11,2.2894439374904833e-34,2.4573975487387517e-52,1.5404080467548516e-20,0.07093011133315295,3.3865655615264893e-7,6.636873829578588e-62,0.006829563630635478,1.3587471055535886e-90,2.0076933868505617e-44,3.818695593174299e-12,6.217778660262859e-36,0.0029437752104198383,7.46299913461499e-14,9.411438268340147e-17,6.303533221828502e-16,5.981573408944278e-67,3.510832256598545e-58,0.1997434594002355,5.0226428279821006e-51,5.626706630433532e-31,1.513634574157509e-50,0.07097251504709469,8.629773453476898e-23,6.378657639983182e-36,6.045527460743721e-10,0.0663059148650112,6.724666676732689e-39,0.09605838354271642,0.170905916484233,0.23829408755806283,2.971114635969102e-104,1.641223621338108e-30,2.7805168419341386e-27,2.358049518833676e-6,6.4321388730175935e-25,1.1421064562302913e-14,1.9675533502942692e-14,3.259058200136897e-53,1.989776399419878e-16,5.2903028843511196e-30,9.583810587971037e-22,1.1161951769745851e-34,0.056608792724864805,3.59552172057749e-6,0.013163143765598831
5.266320810256305e-21,1.7390591335787054e-30,7.211315699049316e-26,0.0015077787368215525,9.539587413695282e-66,1.4694958956083835e-21,2.2817016820822332e-11,2.558199640787866e-9,2.6463406088094736e-42,2.4225430668804627e-26,2.890002757776221e-110,1.5575619693140669e-22,1.1162230772863401e-35,0.010767803841163751,0.010099449820415544,2.3058253146454992e-43,7.921208623515826e-28,4.7932823928969865e-31,5.9864119613865176e-21,7.095943067066653e-41,0.021345023002870417,0.002950843423793815,8.600006641598757e-38,0.018492917579214275,2.0131300773537895e-16,6.504400208710165e-11,7.149759679497474e-57,9.231123880743307e-25,0.026609256889715462,5.304152033983687e-8,1.1350260512995837e-63,7.638416207333105e-40,4.7204476458082204e-94,0.49932278041646494,2.730419893710777e-23,3.4750657492168864e-35,1.8267214341350313e-11,1.4723081307832945e-11,0.00409773670097336,0.004742883107796435,2.3955244269915938e-83,6.600842286308808e-22,1.4503268212824814e-12,1.985590727318127e-42,2.8974946028227084e-15,5.984505658415137e-46,4.833025742172728e-12,1.0004135162359081e-14,5.321599416915316e-52,5.67624146986854e-26,6.731607439118159e-34,5.743094843773167e-52,1.4961163579559327e-6,4.26202719884871e-10,6.755095004677358e-6,9.336089054509278e-78,1.8456400532730624e-31,2.0284728869530897e-13,4.533969278734215e-16,0.38800875990224365,0.012046459177134433,2.896490910122829e-30,9.264745915510664e-65,1.9731830462835532e-13,1.123577856441951e-23,6.377889642178033e-17,1.0486801901530496e-64,3.655870227536561e-11,3.142483042819211e-19,8.226589793388212e-36
3.355436171955821e-20,1.4132898567947873e-23,5.943679212628549e-27,1.0897812690877721e-13,0.0072223913526174325,5.872592174873812e-48,0.011585091020027565,3.4342013037466286e-24,3.3367968888288255e-34,1.0404335364465e-13,5.0913145304052024e-79,2.6825275089486604e-27,5.524709327800206e-86,6.019833742207206e-15,1.7857334530307844e-34,4.045357131920589e-16,3.1916783192655107e-34,2.7848919514752727e-60,6.516593876274068e-18,5.65277182866265e-12,3.841496284485726e-21,0.009537583386549999,0.005530571296897166,2.7355566468092274e-13,0.038296837903958554,0.0025986609373270767,4.491947270590884e-25,0.0009033352694825293,0.056139528711120774,0.06007733942976782,2.66888494833891e-89,0.004822712437531815,2.641028931374825e-141,8.554311872660115e-22,0.0002810411307440923,0.0011974654531158432,0.0034993217380156556,4.1781644368694415e-11,4.6992739505404824e-12,0.00431555523363739,5.743820682973124e-37,0.009481259440001173,6.468164718863809e-5,1.5607838573315115e-44,0.01832829655332235,0.005932855668649178,3.5625305512860065e-5,3.7000504027622534e-16,0.005460594662869174,0.013482161156596032,0.005456342021981796,0.0028693482246430783,1.2972980624262257e-30,0.005470662480860532,0.011762434590397488,4.082473541906112e-48,0.0029752395641387715,5.02615853193066e-18,3.595533773314119e-10,1.887996012186883e-5,0.6464685595303348,0.017651362233415333,7.409254083352909e-29,6.743890472176998e-9,0.0038824601034553752,7.923757788845802e-7,0.004547070526178676,0.040103931485002624,4.485240978881659e-22,1.2686667972947507e-11
2.1016814525792383e-31,9.070459565841995e-55,0.2786466993485046,6.833337126277552e-9,5.800064360594746e-13,2.576347616994031e-22,1.0030387067791201e-26,3.664322347849437e-30,1.4305017209678744e-42,9.885408035619887e-39,2.2066204767493753e-39,3.123456019386225e-23,1.2689302279699751e-66,0.31941241978920676,4.021086410639113e-22,1.0163356944286824e-21,2.288506507710163e-34,0.030803693614707105,5.639294688877806e-10,4.34793179981099e-34,4.141686083729789e-25,5.023189007070197e-22,1.0190349405612146e-15,3.889991772179496e-23,7.809607852227248e-20,0.16031729692461547,1.098317618170304e-21,4.1060813509254307e-7,2.6883202570025996e-33,1.18094600972428e-19,0.0033720664915255173,9.656294065704037e-36,1.2941865150955668e-104,3.8591809232401973e-33,3.8616000244494724e-25,5.74786105405446e-20,0.03114161653910961,6.162194805795899e-40,5.367658066009678e-19,3.541602002198194e-24,5.3402499652811795e-34,2.3096522456310112e-24,8.530524242262559e-24,1.3996158550399273e-16,1.1398265991212721e-12,3.556888222880153e-6,3.65048093575167e-24,1.9298952206182304e-29,0.0060462669914675814,0.012473650339563571,2.006365901396805e-18,2.0362505023218103e-40,9.53422696883924e-27,3.961659922214765e-19,4.601359587192096e-35,6.052956743306547e-35,1.0551516158829536e-17,2.7789571123751606e-19,1.0448914825091496e-23,5.27143412732077e-35,3.0176862906729505e-19,1.1143779966129607e-9,5.109890018399106e-35,1.8255817287339327e-9,0.15778231212599453,7.038214891928934e-32,7.430756150675323e-37,4.8950620889050057e-26,1.5549385243688352e-23,1.5298042600444853e-19
1.8337138150141975e-35,2.2490900136190094e-136,9.930116173181403e-58,3.554873619724662e-12,2.5070637830572274e-56,5.949557721685495e-41,1.2933507589884769e-36,2.0014119051527834e-93,3.873907839030098e-15,0.0015104921544181742,0.005627108099359693,0.010373278034788604,0.002101747695599606,0.003385910901094786,5.478425455566188e-82,9.598607394503694e-18,6.2197387083014674e-21,3.892083052925725e-70,7.640384588368516e-79,2.1354102320480675e-47,0.004235588387697787,0.004297921480903573,1.3574670653528395e-19,2.1521049736055788e-39,1.3112062027587322e-36,0.02509211415151353,0.0008802778155227531,1.2248209560850272e-11,1.2345946573606855e-23,6.386054814661682e-32,0.0063677123248806,9.158489087302678e-21,0.0008576755353800208,0.0012138379022715725,8.285707103787654e-7,0.00996023499893759,4.861172860068641e-7,0.0012931906749835173,7.760702782864401e-34,0.0008354182840017003,0.028238949469053618,1.6116351470075863e-13,3.3847216873177e-42,0.06955045634806989,0.00033886197558933174,0.0009671741044675304,2.7420606715446777e-9,0.0008049285382111505,3.7920610924855206e-91,2.882289649867185e-37,4.5764391526581864e-41,0.036261146983392986,4.423559925539726e-26,5.142763221608326e-12,7.449981646204161e-43,0.045789160258762486,5.530754719900363e-59,1.3323740983909066e-15,9.482763194698172e-37,0.0024380260550167197,4.480766510432445e-8,2.9432718470649384e-21,0.7375774255640223,3.0478289216369066e-41,2.7518053885978698e-21,4.4484282794947673e-38,4.109785228975401e-92,1.74420818616595e-91,2.626600406154087e-58,3.2262478688141627e-12
4.751037950068376e-7,5.07311884757061e-40,2.4162908991495593e-5,1.8106364099911611e-16,4.604750724539702e-29,2.6464825930000057e-16,7.947886762832975e-5,9.057917297123114e-33,1.544863723280199e-11,0.2746778766504636,7.968945206500127e-126,1.166190086294935e-16,3.1221376564422087e-81,4.8281311083511084e-32,1.1336043504657528e-30,2.680462035502512e-48,1.4418078321964021e-25,1.0425017597275932e-57,1.1791246092685978e-11,1.0733959590765811e-15,1.3920883611385673e-14,0.003462238775191529,9.225219648465292e-19,3.1620280315170243e-13,2.1544922803357856e-16,2.4516683441492943e-8,1.3772971262457855e-14,1.3546407157443413e-29,0.0004043699890799305,9.76308014074763e-6,7.153544457577785e-32,9.209090131158955e-33,1.9490331006239402e-53,3.510092800070477e-26,4.563262657287669e-6,5.056499876116882e-18,3.351429930057373e-42,1.0459553991080519e-8,0.00039459899144380544,6.3100471661986046e-30,5.019340075214656e-50,5.580040086681389e-33,1.2926482414098123e-11,7.977502463288582e-47,0.02551402578924203,1.1620933120807543e-53,0.0003081271085807435,0.0046475957310752975,1.3101093748153935e-32,1.32026218030224e-12,0.029391050584291197,0.014344137437750851,0.1817150383859549,3.1423675290573566e-16,0.3444300878840422,5.981883338359342e-50,8.632574396340388e-25,0.03373428286126947,1.6324925487041183e-7,3.1899083535497394e-21,0.005462865301762984,1.7237016278977253e-11,1.7983043112349949e-12,0.0813808502726039,2.1510660535272243e-23,1.0294249352364564e-5,3.8363221216982366e-57,2.5209607949094633e-8,3.893268713831028e-6,6.841586923111499e-18
1.0937557248165162e-6,1.0275343448457736e-99,3.436196796230953e-21,0.1194870455695039,7.300009350889078e-97,0.0017301371220336025,1.578210666645632e-28,1.6407491504266796e-59,2.4246175857218636e-14,0.008760983573041838,3.7340989828517815e-61,0.02674638181974185,3.719227443893573e-79,1.7895478678300913e-18,0.0023108229711027405,0.00259498431209388,2.637557043267181e-33,0.001818839704354202,2.533163949261309e-31,1.847170387403398e-50,4.468435715710177e-29,0.019792691641884165,4.72814872543562e-10,4.684398454325166e-26,1.564621207713485e-16,0.005799454845048775,8.801424730240482e-39,0.031055669585746445,1.5893747324986283e-30,6.61002001354068e-24,1.6880263816871134e-14,9.210752284490835e-16,1.0483024160892046e-85,1.434732039095239e-26,1.3505348593970746e-24,5.280390792188341e-10,8.66941333404806e-14,6.685912305013341e-12,5.785853638383166e-18,0.008416897331482811,6.39782948637933e-17,2.641028980249678e-35,6.869900158307696e-35,1.026219369194445e-30,1.1785438981905775e-21,9.74640651320443e-16,2.1903598023325764e-19,0.0025151201401114663,3.894944505422502e-36,3.3517426717945554e-20,0.001691721593306482,1.2119664437375577e-38,1.784286012069456e-30,5.97247414638116e-22,0.013573440628123034,7.883222869901613e-26,9.223773318493262e-17,0.0014923219722409674,2.640982626677964e-26,8.362712376809851e-39,0.0004282695865847898,8.264380297600341e-40,4.25832947191155e-36,4.817446963009044e-21,0.7517839328449403,3.503985260585011e-30,1.8999526424901403e-7,5.94981615119885e-20,2.4382789222610377e-28,1.5285349622435334e-28
8.293528361806584e-11,1.884262904762045e-28,3.0898901568406746e-15,0.10890164933826327,1.6000025524340606e-25,1.168085746063949e-22,1.8621507039737038e-18,6.97721093081355e-19,0.014622337021040191,0.017463209948461914,3.744193797665043e-160,0.06368903713700369,3.070364638492515e-134,1.3744504311222644e-30,2.591846948189346e-26,3.2438848276841365e-19,2.006891480949498e-34,3.2631408027281615e-60,7.167972897082296e-23,8.185323236981839e-21,0.018490152893584483,0.028418073839684057,7.795421508139911e-30,0.029484993208329403,1.928059983384382e-20,6.796739048802166e-86,0.029117950564788282,2.25242915557378e-35,1.584769376662888e-5,8.84997469092651e-13,3.321757898958405e-15,2.921629098527502e-52,5.402177917027513e-123,0.02811697945491532,0.139414537832795,3.94146919333195e-33,1.640243069899021e-19,4.14805749542129e-17,1.2349205547672977e-22,0.13005122919271503,8.098075378276622e-93,1.3095748753892048e-25,0.012492382797378711,3.2096232534477875e-33,0.009375027706548597,5.7883944972114005e-39,0.03907412989937155,3.9751818919092e-18,3.390108445587845e-55,2.1950646156356628e-12,1.6675435206962909e-15,1.7119413394406195e-86,4.7100142784726974e-9,0.00776907557659644,3.6465787816423934e-31,1.923696320991355e-64,6.441010707902683e-13,1.1205746544693619e-12,9.407970144844065e-10,0.2127680163223506,2.9994109213809824e-27,3.675824216035725e-8,0.00906419786812135,1.8112475394707038e-9,8.310246281317919e-24,0.10167085410822173,4.6861882908828743e-32,9.991117248909571e-24,2.596954209925494e-7,1.3592553484112361e-8
3.8987740935837753e-35,2.136863323138168e-34,2.1316644671698562e-66,4.106272483098291e-41,5.173628436423364e-76,1.514698001008413e-100,4.756776878096576e-44,3.297076175644501e-130,4.2947082519244e-60,3.019011338467824e-54,1.885988944651932e-92,5.144647231860951e-78,0.014538066357528356,6.656859043023521e-45,0.04405674773241003,2.081180153279083e-74,4.36281845850066e-77,1.4156845260164693e-16,1.912791584597867e-148,3.6539639577873905e-122,2.6253559004483574e-46,2.159674400082162e-45,4.4766747421168296e-30,0.004380994885786186,0.007330484250401141,0.05911411507036709,6.49032226051243e-100,8.245217417083664e-32,5.970647027232637e-31,5.983459519780687e-14,1.7509630657416683e-20,2.70122764729823e-71,3.057344862257239e-70,1.780957631412266e-88,0.008777927607862293,0.02741707054650746,0.0021576638095476357,9.51377405462239e-37,8.685231107868196e-25,1.353811590869056e-38,2.6784780387218644e-86,4.02376446953187e-47,6.782969980778309e-15,1.156946387794892e-53,0.018479859337411225,0.00012514292876728553,2.9875727244114545e-54,3.8933693081668254e-85,0.22666081244335368,1.4858987651769598e-68,1.0541665302136811e-27,0.003982887671154919,2.2532232599083535e-68,0.002614974196504391,0.00994883388665576,5.151235920246117e-62,1.4552765421926203e-55,0.00322295304588051,4.3687960096699995e-26,3.334127614216752e-45,1.3508818449655063e-47,2.047498426590087e-69,5.103895907347967e-63,5.61188060608908e-83,1.1581519081491921e-60,0.001578859686728842,0.5641567660262292,0.0014558405168332946,3.7203757598425464e-15,3.993672299818053e-35
1.5259439546125628e-12,2.811755820414892e-53,1.863224810308071e-27,0.017750533398699007,0.0014358144866816762,1.9195006448336815e-31,0.022852877775924426,2.525384224624742e-35,2.127261795953162e-31,2.6931855257312597e-13,3.978732286968143e-84,4.9080358920825966e-12,3.416099482507312e-169,0.0045959462400125654,3.564901095039766e-14,0.003812825530139351,2.6109553026799168e-18,9.76783702613318e-9,0.0029580420075073855,1.7082135626557067e-28,3.2009966475794313e-23,0.06719227506925936,9.811246407462278e-25,0.0005763428955961312,2.5222576854092184e-10,0.001819848268990707,6.810418556918919e-19,3.398191802040935e-24,0.06350349146161578,0.02835472535948854,5.887945597450997e-23,2.814309308729325e-32,5.778256471172931e-79,0.00559544576299884,4.955925057509745e-15,7.330217135892532e-29,4.589526437789988e-37,0.0011388626880119235,0.060100025766640496,8.702235737276195e-26,1.9509537532312454e-20,7.774316328797375e-30,0.03514179332209743,2.2115496085724133e-25,1.0537772194999068e-25,3.845992628422269e-5,0.0013947174087146493,6.758827639412284e-6,9.207310991584047e-38,0.00033154056265922765,0.0036579004506589567,1.6248748443842346e-18,7.879109227569115e-6,0.005340399134574076,8.920334261254512e-8,1.4140726048004478e-51,0.004700209580007988,0.09684160454994423,0.00781991446372902,3.701261432694491e-17,0.006984923108919396,6.265945424013927e-14,0.0022373746753853395,7.996913382878783e-8,1.7600005374187724e-16,2.7380483787851816e-12,6.157774099103004e-14,0.553809288925082,4.136309543919774e-11,1.5348855880636906e-15
2.0196215003800915e-7,2.1133414350207583e-107,1.0366982687736593e-49,0.0025238961150323364,1.593774039861527e-89,1.1295426165343581e-72,0.001615305990410244,8.418197213653595e-72,7.030079067780567e-16,0.06244315529092764,7.189697083851482e-127,0.005320504277096931,1.6772764437005535e-54,7.696704429054756e-18,7.093205212258133e-94,0.002573724830581236,5.472162495682475e-32,1.0326492817753765e-30,4.620322322326377e-141,4.601138319174849e-67,0.005082922492469079,0.002559737817200896,1.2488413027412839e-23,0.03446912676220257,5.4091979421006944e-5,0.007009728123163783,5.324214701172095e-116,6.696597899087007e-23,0.029063881121340316,3.987515577984465e-5,0.005229084862971048,1.6098639576114267e-30,2.2426429476770578e-89,9.445986661376755e-40,7.75379833880095e-18,6.515395812040023e-27,4.4644955255671726e-10,1.738425637888246e-11,1.6695808190752362e-14,0.0008419402772889779,9.218730104171445e-56,0.0003660241359566572,8.807076721389881e-12,1.4856613026050472e-45,0.037293992803384336,0.0009577067375441456,0.019520542139255737,6.78499613095741e-29,1.4462722604247627e-20,1.7209385248806902e-9,0.003474576920623216,0.0008232770644427317,0.05916435339399666,4.820238816763376e-7,0.05599195683711096,1.0874687543075888e-66,0.005862637823349123,8.663823464844864e-21,0.023313334703952353,2.5954630476492564e-29,1.9333344824540824e-19,2.1490717957200536e-6,0.0009225535922737272,1.3901211123329738e-10,0.006794995709829029,1.376418805089466e-5,5.644687055752198e-38,0.01219725579360675,0.6144732176703015,9.224216127268801e-37
0.015614093560927541,5.130102172314367e-50,1.6791355951565447e-25,1.831664238959031e-12,1.0610394705800714e-67,1.238423928330929e-30,2.0373282555818674e-24,2.9409415843756844e-71,5.823452357545126e-48,1.2167049707421738e-29,4.337856268636369e-77,5.085748694547762e-21,0.005348763442021713,9.200070298572638e-22,9.914715891689865e-16,7.363999335272097e-32,0.014942489271422065,6.349376199927429e-28,2.0943559094098285e-40,1.3887014305442226e-51,9.937950999342037e-33,1.006626503977311e-18,7.99306281485242e-28,0.013940133896567543,5.444047401744822e-12,1.1702865345838962e-14,1.416082700073057e-69,2.097384555610273e-27,8.36242234509484e-12,7.801354022153943e-15,6.105058104273042e-47,1.4590161546101059e-37,1.124219305191549e-135,5.5498479474085845e-27,5.564471980516505e-22,1.4198104891837455e-14,6.301543543728279e-20,7.263927145385159e-10,0.00026300308259211624,6.841602571683805e-8,4.778940006969044e-37,4.733830627240816e-20,2.6340647182196995e-10,3.198167069986853e-37,0.0073682255067712395,7.754867944763817e-29,2.4104818529961556e-9,3.130063036926885e-27,0.026623831884121138,1.3567152548481353e-13,0.42207746871345225,7.153791415635567e-35,2.7795295336447226e-19,0.24603553063017822,1.0779091545559724e-6,5.521299949790614e-46,4.075599799976521e-24,1.567899363943601e-25,0.1289237206950342,1.0880314568311183e-28,5.648417705966358e-13,2.3271817979074954e-28,8.341619552251607e-38,1.3320633647123059e-17,0.01351972574191193,3.021846494348826e-26,7.529314821784533e-9,8.3443873557856955e-22,0.09255534223248321,0.0127865140713675
70,200
0.0,1.459494846415914e-303,0.0,0.0,0.0,1.1424963695967207e-157,1.71747e-319,4.541465360826448e-98,6.454792670487409e-268,2.245570328535913e-175,1.2456321003716775e-185,3.8465740034587853e-171,3.490260692629166e-198,2.4354139194751717e-122,9.728710812304947e-83,4.570083731439847e-53,1.9171681197746467e-129,1.619836059792859e-145,1.3361282755803529e-127,3.3008940381681954e-92,1.9703474899568254e-142,2.7311023696801427e-75,5.039071158170009e-81,8.441277754555621e-86,2.685803699973544e-127,2.750733692451288e-57,1.9271404341348093e-45,6.730884967515154e-139,3.362579325215724e-105,2.0861634271565437e-142,1.1353881364896223e-139,6.009412418235068e-185,6.868271338966305e-140,1.9942274228811019e-134,1.579988628350105e-32,1.0354250594464094e-90,5.8241848566661e-94,9.645210357253006e-30,0.004300006026200254,5.197830782324725e-93,4.524757143678341e-10,1.9947942346717124e-127,4.8650936699129035e-102,2.2314132280595104e-38,7.129287647881223e-128,1.4916315440488028e-147,1.8641382436239188e-100,1.0369127082261784e-130,8.74806605705873e-114,3.790756379949694e-114,1.0583381040738575e-113,1.071102216475293e-87,1.371254827293492e-48,1.8041818393968445e-45,6.74678372580813e-31,1.1999874071519551e-58,5.379893684803145e-77,3.0948851430648146e-85,1.4590833421859976e-71,9.502809631097557e-65,4.4469964071489235e-17,9.534609181648286e-11,9.806848267582669e-97,6.0083479166941235e-53,1.8117471378182163e-53,2.2249762609371348e-32,1.7084672155378991e-74,0.011904190446543355,0.013794410160889468,1.4376936008947497e-50,6.103642994992742e-47,5.738103413049861e-90,0.004773837520359048,1.3964348757591556e-20,3.297983987535847e-97,4.832902257032054e-60,1.1565815024214047e-10,4.08611868845335e-64,0.03426719941797576,2.923168369382747e-59,0.012323455044710574,1.0956764792504417e-62,6.401514100814429e-19,5.069752871913555e-34,2.862327253051181e-25,1.3625967775694028e-43,1.8579401673678836e-34,1.7141868873110845e-22,1.1808655264160393e-34,5.3630429029925464e-5,3.312510856505743e-45,0.008653130540026302,0.050830112423266155,0.00023219375572896704,0.03035815548558475,0.005186577336681164,8.571413794435946e-47,6.927090050573652e-17,5.788613901939729e-9,6.743922131561475e-33,3.1580801776778036e-39,4.490755254968649e-13,3.428616290465458e-32,0.013888433647952069,0.014843097999671307,8.155843103742538e-46,6.583651308895636e-52,2.7025857820411335e-29,4.853940260101492e-35,0.035707755390186245,6.648252113003228e-10,0.0088975862770093,6.895614681366148e-81,3.446063413799943e-44,1.1203542000755564e-25,0.01773362257273805,1.2266802165388822e-21,1.9469458999539854e-33,1.1661921195235663e-32,2.106937776757441e-32,1.5615919920069182e-43,1.1729384281650549e-55,0.0285007829084834,1.5694798074362942e-26,4.468759164485962e-14,1.4415622908364098e-18,9.753009225103227e-19,2.3109174792267208e-20,0.13030920881278524,3.027109871299936e-29,8.993882074262091e-13,3.337939949937651e-14,2.7780388466714808e-14,0.012688930690050282,2.72829895448539e-6,0.06146015034173224,2.107850709481526e-11,4.1631655176425485e-36,1.8069990401030603e-8,4.327089867201415e-11,4.161470348899158e-29,0.03838591355458567,5.147824983192116e-46,1.5002222627203146e-31,1.238164130450022e-6,0.08739431591951319,1.1184953341177478e-25,2.4566163360964624e-38,1.2643365062882333e-21,7.028261966432399e-29,1.947726058828409e-20,6.540299350715354e-20,3.053874494231241e-5,0.028768517728017175,1.164216194409258e-43,0.03766675684945242,3.208115181714974e-26,2.026485293734832e-36,4.105926741795011e-28,1.3820373156057862e-20,4.60252497362792e-15,3.3481644775995406e-13,2.4253705746535567e-14,1.483875881236693e-14,0.013757249939118317,0.03557858719969722,2.8272213095666563e-44,3.113282951860501e-29,1.4952661198465892e-20,5.641978488296017e-11,2.1918319748234764e-25,3.306291283937935e-17,0.049388352713002265,4.2406274619754293e-26,1.2149258157638375e-37,3.1415756500075434e-44,7.4702351569901996e-34,1.3616184359080097e-53,0.038896700816743526,0.027108807056142742,0.04687694344861793,1.417932173269932e-16,5.291425866790951e-8,5.2841947266903096e-27,6.707242822200793e-32,0.03156796866383651,0.010962881937234022,1.0843644859776648e-14,1.0281948019418026e-29,2.9966903169549355e-24,1.0087805391655149e-25,0.04630740049441441,0.0065985530202104644,1.7947096963304e-15,2.8940399845505047e-66,3.9417525628097185e-32,7.067761995316607e-28,3.019569234898449e-39,5.210728922938335e-37,3.931073436468335e-70
0.0,0.0,1.8755204491873004e-304,0.0,0.0,0.0,0.0,2.9824229687432715e-274,5.556089010118599e-297,3.873870702298566e-299,9.019946313620308e-305,9.906179580812349e-251,1.7164486538097325e-257,1.495455705112495e-290,2.024116867018925e-207,4.583575695594651e-213,7.371868047845023e-150,2.961390983897313e-198,3.364241086170912e-198,1.997845433547753e-209,2.6557440758416633e-95,2.0565018960956047e-268,1.0327360928540395e-255,4.158636208050498e-237,2.682847100646266e-256,2.251301672488721e-134,1.1234503471765684e-160,2.5186891113202306e-189,1.5907403531642406e-245,1.8795939283072525e-215,6.965299164128826e-122,5.347916071693627e-233,1.6158921566429742e-225,1.9113450385689035e-226,1.550423110840219e-231,3.040224515708134e-206,8.386628544992865e-133,6.668910254757681e-51,1.4293930866730495e-82,2.071555290987693e-92,1.8181197394203075e-128,9.577639164158761e-116,1.2098936326639703e-96,4.0928663834501804e-133,3.389465099635835e-156,2.1989090216944996e-97,4.165416501858577e-142,2.0378787542059693e-97,8.540637744799172e-40,2.0484487364618397e-80,2.4310421127967263e-203,1.1576642085197703e-49,7.790843237256609e-172,7.099066292791125e-170,0.0029866447365082824,3.135683491818056e-89,9.993295819792053e-101,9.086087217449768e-70,1.0700417730718704e-90,2.857167394482695e-65,1.2456783314019294e-127,0.003012716418685381,1.0650684529033768e-48,6.199753614150616e-108,1.8086728980916335e-170,5.5204739066490054e-64,8.892439120184694e-69,2.661613204407151e-64,5.046532827899233e-89,9.64756453810515e-78,0.002974343409405205,2.3497944602968338e-82,1.2483768059526105e-82,3.0533453793127706e-64,6.32610952407977e-153,2.471713450072069e-77,4.456301780408854e-67,1.7739394704459094e-55,1.7880719257661186e-33,2.0480358014679695e-87,6.021429341985023e-91,3.667356947548694e-25,7.123868129575667e-76,5.844844794813548e-110,5.3960571585541136e-83,1.0723721547648939e-104,5.6493552116840924e-40,3.538712228283226e-33,0.005269599844139795,1.7129122410148433e-90,2.4616039143029677e-74,1.641651771715342e-44,2.0668519472554453e-14,2.9930721525655083e-65,2.446314601025339e-74,1.2239381877008196e-32,4.552526547810091e-132,8.231672978224705e-103,3.738426180378655e-22,2.1492693377152864e-113,2.2811631523372313e-34,4.495011295208587e-64,2.7507962584782892e-46,0.0629896986370492,0.25242233948548864,0.4780910302900509,0.05986074322013124,2.119190766075965e-20,0.007148932357695768,6.678987076770994e-32,1.4184228626766903e-40,1.8861451311208155e-39,1.2659581455423978e-79,0.0038407868287617867,0.009023577176764235,0.0067109655283825705,0.010174508999247623,0.0021655534533078055,6.669484745083311e-12,0.006367925639643187,2.866373397049808e-35,4.961826346032852e-104,0.00539565054178853,2.5312268947952283e-91,1.5200303015551472e-45,0.014614842187539376,1.4881132868578303e-16,1.9975803888813475e-17,2.2907062918990842e-8,0.0017339991811389922,4.559490203730541e-30,0.01249005331482697,4.486595500302036e-51,0.006963875232240417,1.3713822656921348e-18,2.9961452143572914e-104,4.654450648452313e-22,0.0002697885125842635,0.010032449976455414,0.01715100047006324,2.168964043210927e-12,3.109793841207374e-22,0.0028858701455238642,3.209922666613154e-97,1.7101980480085985e-22,0.012149927517848193,1.5547609138034745e-20,1.2243665161603424e-56,4.864046941904664e-153,1.2001017254806605e-144,0.003273153978182745,1.8019034615154373e-110,6.580171955514842e-30,1.1704189072926553e-154,6.241645950125742e-13,2.760097634315591e-83,1.0895747685068544e-104,3.1427592997091474e-170,1.6871777605829539e-65,4.066206350109092e-113,1.3954035609297678e-98,4.0551143195952025e-27,4.1698413371003104e-126,3.919452519591251e-129,5.76774998890696e-154,1.1390383673903064e-115,4.1943150588682064e-147,1.8678465739813541e-137,3.737036167356721e-184,3.9542965735482995e-70,1.0143650585575534e-169,4.644818344736935e-161,2.6186248587592067e-218,3.3962879582521705e-124,1.6139064386124833e-214,2.1952502550375985e-196,1.449008141161311e-193,3.195814139903296e-127,1.643197587553502e-147,7.96066599139658e-58,4.613672392526625e-109,3.1745777170167665e-240,4.025205860690306e-20,4.3134402639246464e-203,4.0235493518551367e-132,1.2413955554712812e-125,5.5131658535504955e-163,4.9627084188617906e-175,1.1104949731148683e-226,1.9889763044542764e-228,8.3296444494656e-149,7.744837003546499e-182,1.3895310530567174e-225,4.564277753672041e-184,8.496524899816168e-258,1.3506538091318839e-294,6.419949221600221e-159,8.98582056711239e-255,7.219480352202559e-215,2.272377026541466e-280
5.390823397255666e-130,1.2350975895118272e-162,1.8356135360468743e-202,4.915710352654818e-78,3.862430989208559e-205,1.32385506934777e-112,2.78821566765203e-130,5.385056057790325e-133,1.2287780816402048e-110,9.890159324250885e-115,6.290511863210393e-146,5.298810343975158e-154,0.005119747086660141,8.893469526820296e-47,0.010063829548008808,2.09494875268426e-64,1.2637925521368343e-46,5.984215319385382e-82,2.4074595984778305e-39,3.4195667110202006e-25,2.1235107098470573e-57,7.933405169673254e-49,0.014324435045530527,0.037023217487846385,1.7095618353566077e-62,3.9081444739514114e-60,0.02815633556543158,7.783154829648827e-59,5.056927091723039e-58,4.636289170188871e-132,1.3418411834696873e-60,2.4539573786761715e-68,3.3923126314208054e-69,6.425425216622775e-75,4.787288730600708e-77,1.2353561723169e-38,1.88530706565538e-31,0.012639498222277617,5.683670763448116e-40,6.603355805693773e-49,1.6655807152299207e-76,3.6035816506160983e-16,5.752192156524214e-54,9.935007469591812e-24,1.5383394878733102e-87,8.951819314098371e-64,0.006860037081126824,4.711319864832567e-83,5.639113388345205e-63,8.334044206152997e-37,6.362777337515494e-74,6.0859766354673965e-92,2.207198790046787e-19,1.0430122062208595e-80,3.366833655286608e-20,1.5922725503780541e-27,7.412266543494989e-22,2.070040641762775e-72,0.010430666278742784,3.014735927376079e-81,4.017503091409742e-73,1.109473304847699e-42,6.083259508838632e-24,2.398826743903956e-24,9.421252298017532e-52,4.8166029337915625e-43,0.019844607736747556,0.04532737086655364,2.4554887401072883e-52,4.249757499489837e-50,0.013303995076710418,0.12765579850110167,0.0510094200043238,2.628512046624548e-37,0.005157904336836526,0.00916959467293554,2.177399688331657e-47,6.373585515430971e-32,0.012496331168440865,1.2106841032367356e-33,3.757188083610796e-18,0.005063399959396835,1.0820599669099411e-22,2.1609694158555535e-24,1.846180423530621e-34,7.3857281157454e-12,0.022185605045024624,2.2443811210016645e-10,0.012037821799182415,2.2126925782922883e-39,0.009220889898173393,4.1902903076333504e-42,3.315292339687318e-8,1.902101821292288e-15,5.183524799558806e-36,0.03674788795861914,0.016825777068433075,0.06537368921565752,5.087585926081081e-27,4.372304752730102e-61,0.04738927571628685,3.6549665458125386e-20,0.03299077001814921,6.415287051343098e-6,2.0409737306969305e-52,7.047493285472805e-43,0.017434424156270355,5.5704234679548185e-8,1.1870101509715322e-6,0.009642712551087305,7.067200632224243e-81,0.07335917120861268,7.612979114468897e-48,1.331389320595882e-73,9.720705781864831e-23,1.4564092565140985e-35,1.189818462163594e-25,1.823356007317793e-54,1.019878070898141e-8,2.186314681050438e-45,0.030955942113928225,9.815353509329488e-48,2.74698685429078e-83,2.1889905193507465e-32,1.2958104840559973e-47,2.3998337259994263e-55,2.2317363173636416e-76,1.5341522573488593e-39,9.119294226070356e-82,7.046256458241445e-19,7.611735076946414e-28,3.4048345224155175e-26,3.6815077055554547e-38,4.9611596146691303e-20,0.07005065493078835,7.760625591159585e-26,2.8128757533685815e-47,0.046693935328625286,0.029049544536694696,4.711071840985685e-28,7.50788587994589e-42,1.6897141285321623e-37,1.6341680255162335e-35,1.7384697387363108e-35,5.5306376734961226e-15,8.892677121109237e-27,5.346896091087813e-9,1.168317212591591e-13,2.954645669754194e-53,2.063354401819047e-79,2.3824697299160292e-32,8.257682859680985e-53,5.575642356353526e-35,7.023870400946076e-70,1.5012969673039057e-49,1.3590217235337762e-72,1.4409502606293602e-32,1.3459973465431118e-71,1.2163489098238558e-34,0.006786148498752966,1.2313873186020016e-65,1.341251192314528e-34,4.517193741327951e-28,5.610559839778754e-54,1.213369108292254e-72,0.00015790359876875903,2.3736517991342868e-60,0.029829921196107334,2.0874662439903844e-49,3.8174766426034297e-42,0.008227618853528209,5.289545952486208e-37,1.5843586976196504e-17,2.4193271289392455e-62,1.5992851977619417e-73,2.59888414828241e-44,4.607072167116547e-71,8.714949761499634e-54,0.00956161819490965,1.381076791165079e-44,4.919417669826181e-10,2.5999675985634722e-6,1.5520415156263822e-62,5.576710388572498e-81,0.011822192082202589,4.5292633463235e-89,1.7627560345095924e-54,5.5879970492651965e-55,3.3271948023598583e-87,1.1910794922018513e-54,2.497980102748424e-82,8.21554267864337e-28,2.6437686417886623e-78,6.9970773740664e-114,2.6019332916502085e-109,1.1582165963644808e-76,1.6153766073801732e-51,7.651258657850647e-46,5.080509973009444e-74,1.2530731601698334e-110
0.0,0.0,0.0,0.0,0.0,1.6387248652153597e-115,0.0,2.561357260007902e-212,9.047599639175052e-182,1.430608939695387e-280,2.2852196786170626e-202,5.779139082452481e-208,1.8468038668045766e-206,7.681621284688911e-213,1.6200456164364575e-127,2.1260730483071298e-144,1.382146356240129e-187,4.571286506727945e-7,8.434052292580987e-124,1.352266768507777e-106,8.782179698083621e-200,6.221737411737653e-85,6.385742935795981e-46,2.6704131885145877e-76,2.9261646124244274e-71,4.927288288110657e-27,1.766397222990245e-72,1.220733330893786e-177,3.4817031083742914e-122,3.094205872188168e-107,5.516865162874731e-95,5.25425325131929e-130,5.917610191338573e-135,6.999520972601742e-13,2.3145598952607627e-56,1.1117287250000471e-33,4.328781196378083e-25,1.9170594280876952e-46,3.8378163254073546e-55,1.6566910332241668e-81,3.54045366276369e-114,1.3306006242984512e-115,1.207167130033451e-94,1.010788013553363e-90,4.767316968370287e-165,1.514130067681682e-154,1.7193084472110926e-79,9.116466207895785e-137,2.5986031098547317e-88,3.276732495766793e-128,5.554918817804577e-161,2.05497287707571e-111,6.264541888532041e-37,1.837168433751275e-43,1.9423514781038825e-27,2.4263741655505407e-10,5.125551441623517e-51,7.623268094435084e-137,1.7766100678001225e-47,1.3387964808961846e-114,8.038629819616054e-5,1.0123592395085354e-117,7.498217599133646e-62,8.82735339247105e-52,1.149136471594106e-64,3.9776470517758803e-53,1.112463709493743e-47,1.534667226964285e-5,1.0380759354253613e-48,2.1636906853685652e-12,2.3178721662666404e-74,2.4832112606337683e-53,5.737582678680594e-54,2.532109870717336e-29,1.4089612414919615e-39,1.2701338441387427e-30,4.5223377869785354e-49,1.565203472355079e-49,2.70555795661473e-44,9.553923957273867e-29,3.914685087649152e-12,1.2262977712837042e-14,1.0393386972183632e-32,2.5351349978842677e-15,6.263587503172972e-28,3.045583062020892e-41,5.40174327481409e-12,4.726589826413367e-18,0.02237186345240292,3.413953343430142e-42,1.7490308716805004e-35,1.641542924820447e-27,0.00011650315258606067,6.767392879167723e-13,5.6526907231612454e-11,7.007689391162747e-42,0.04060012661969195,8.021726222793876e-25,1.5850324796999619e-19,2.4534912972850637e-46,1.5883376683858777e-21,0.0017619967080993884,4.171471011448439e-32,5.642072006957251e-51,6.522265877971154e-12,2.892142203722568e-51,0.023892489010877833,1.6398455855410134e-27,0.018885342817971437,1.0666780533095607e-13,4.382835760094462e-32,1.2398161316783727e-30,0.009756868716129151,0.004786546272999976,0.0004717068188462568,1.6089849184416248e-25,3.0455119464413974e-16,4.7008724197437446e-30,2.1276097704559846e-17,0.02628578109461602,6.383917025351112e-22,0.04086405372291477,0.009930140742034394,4.8545761775626753e-20,4.838573322713242e-31,0.06317605894885045,0.02669223697874697,0.026223527008993247,0.05920427393719786,0.0006961890460746307,0.016964150720075174,5.3708617520542e-19,0.06029265471242853,3.936883853779189e-17,4.134066607027902e-33,0.005915989521620112,4.96542216179184e-31,0.0001079776759047712,0.015003329635550268,0.015212829487894255,0.013272936357490123,7.370419238426809e-33,0.10351851708204184,0.08782833039911925,0.05372011606737408,3.1033148906302535e-11,3.6478802599713764e-30,2.8358593200058284e-27,5.1316548927994924e-23,0.042941930395903154,0.044542072608485965,0.034138450654838386,1.0305627955698852e-11,3.194896597369917e-28,3.7375935906552266e-27,4.91583804912751e-24,8.522027542385931e-8,1.9543382064433725e-8,2.9350676547058123e-7,4.646962832913271e-32,4.5657042880584826e-21,0.0066372835350601515,7.684176054649764e-16,8.449928245119917e-12,2.3895050546659522e-46,1.0619981829468656e-36,0.050651288986787064,8.359847553535695e-33,1.953811042208471e-15,0.00021196522486812468,7.490775573243348e-31,3.62621903067626e-13,5.08272526032975e-10,1.3116485082599245e-35,1.698530341582476e-38,0.004754973617718842,1.0822608928380571e-10,1.45873193563666e-51,1.9846118127028887e-33,1.255468910567159e-19,0.009314224839082478,0.026714300692756033,5.933522162294553e-11,1.3354585447161144e-20,8.228338941971663e-5,1.4200475700242658e-17,3.622751851458033e-23,8.30551891578022e-6,3.9920315931179216e-61,3.2515029364219856e-48,2.7725445547207132e-28,7.554657421388743e-22,0.027837358454509055,0.004516435498759318,5.786942651332185e-67,4.6017164754543194e-10,8.608199116208891e-85,3.6513622331132584e-81,2.5748087335819283e-76,4.975937753308532e-120
0.0,0.0,0.0,3.4432635032113085e-290,3.088933093094442e-262,0.0,3.134996475661736e-306,6.5017397983296e-309,2.6804653208878625e-242,1.4694992e-316,4.933213604673733e-234,2.4415755363166372e-282,8.4e-323,1.2457398079745616e-125,1.2290423017209697e-255,1.6461164792894485e-225,1.6250334056609846e-160,1.4740118927525378e-272,2.8769489256870185e-95,8.540889507374112e-263,4.725612859787476e-143,3.8092224956794596e-222,1.583733075163369e-207,4.1004981084283e-254,1.6012283267287884e-125,1.1065921320795133e-93,2.36860463289573e-142,6.809988327923867e-236,2.777769160337454e-191,9.218286284295971e-161,1.403239579079685e-86,1.2128530933787629e-235,8.127796736158094e-217,2.7089696287587158e-56,1.0194085165429904e-115,9.021152065602114e-118,2.4291328622898564e-164,8.640242678979224e-15,1.0771442191388376e-94,7.558468800423988e-147,4.666084609901799e-109,0.002418977948585049,1.59252164590739e-103,1.2053271085063864e-152,6.436421174541188e-163,1.8696220272391276e-122,3.3835153703507893e-85,3.5565579251962257e-183,9.55287648761221e-154,8.136844138373928e-230,1.0004625793456929e-100,9.140341867273897e-121,1.2584934371580959e-79,5.75760485908221e-113,4.556582257444951e-26,4.636877927501439e-96,5.615457640084524e-131,2.1473544981742983e-95,5.686081167414821e-105,1.2946021520813004e-18,1.3243724088277119e-95,3.8336450415152887e-69,2.7830869621188617e-125,2.806714260169315e-57,1.674612614708291e-108,2.4250240216628983e-74,3.803728357654344e-45,5.903021978506264e-78,1.5566734111504258e-104,9.344854069803622e-112,3.789618892533531e-25,0.006826509191349935,0.004576563256874458,4.1648991331447036e-60,1.4177095321290487e-125,1.529325483496515e-129,3.0184602267426998e-142,8.621749948182487e-53,2.93452801242758e-20,6.988113863031803e-11,6.024356160971511e-140,4.318734899807735e-105,4.5492154655884535e-84,3.318856793875488e-121,8.663282799976688e-52,1.2737459795577566e-141,0.002070342134859539,1.623512850828988e-20,1.5494004421951154e-46,1.5440719517339086e-26,3.216586342329632e-82,0.001960479397627703,0.00523263296155731,1.3609248379605033e-87,4.877497556159071e-121,1.780247738593515e-112,4.1730874263352374e-105,9.777453985432948e-17,1.3333061975287958e-15,2.968375191959929e-12,0.030942617649307256,0.1720369378017723,0.24886855652952453,0.2621440501337612,0.1299487092877335,0.0031940413161716838,3.7549317130088445e-58,1.1692207495392112e-6,1.3535743918480325e-94,0.006998621471481902,0.017857899738948375,0.005783864565838134,3.290017589908754e-151,4.927206110740395e-102,3.3177629771381913e-32,0.00999480618805887,8.556483823268501e-105,2.093244866448649e-99,3.196347580227648e-170,1.4480256330563343e-9,0.009009008527111511,0.0020396654246389208,1.1806549501235964e-185,1.0782323951777592e-173,1.4735484159905598e-9,8.0798856904273885e-25,0.006818963768910524,0.0025781406596043282,0.0023220576724138253,0.004594001687060024,7.05585431534834e-10,5.193723565447895e-30,3.3448049851828027e-16,2.31032078611584e-80,0.0045426620551286285,0.00899982484633633,0.004676063014296473,0.00217630640085219,4.81233510470908e-35,0.005356222699472736,0.013256454615567462,0.00449455343928256,4.003930342516118e-79,6.764282563217268e-115,0.0022239354157080047,2.488828694375222e-70,0.0067458089499981035,2.534494158373826e-149,2.1437521449833607e-93,1.405555573994002e-172,1.8119076280860487e-85,4.1487416855777956e-175,5.199190393831938e-180,1.2120607897090526e-151,0.0021954351986224153,0.002437674702339699,1.1796850972905045e-167,2.705422569377e-228,1.6430911066696275e-198,2.793044416569149e-142,6.09092003739803e-84,5.5352706921405305e-31,1.3760420562927508e-101,2.89832632381551e-169,2.242625890851471e-170,3.9466269248194924e-133,1.1705190551191318e-164,2.455001565679107e-216,6.177508591797201e-147,6.3156421660236545e-81,9.326200893802844e-201,4.9896747735781775e-223,5.981220967219849e-227,2.413168187317475e-177,3.482899767746004e-241,1.7861025075480715e-136,9.207521575169725e-181,7.419714294780745e-89,9.326300627493921e-186,3.3837320228026644e-60,3.446295021564853e-142,1.1261009155437391e-232,0.002443243764572867,1.0853108722795641e-237,8.331285986021351e-131,6.47359057648071e-160,0.002233194663862877,6.1470389991310405e-254,1.3558151750199215e-261,1.7504441430398047e-207,1.650017869686568e-157,4.7423277077148816e-94,2.2183791984604093e-81,1.9791540786055303e-272,1.0015471899162084e-260,3.530625272539e-311,7.637681472924568e-305,7.110595050220355e-265,5.551380579012298e-270,5.890989163919611e-264
0.0,0.0,0.0,1.0413630058927064e-283,0.0,0.0,1.2469742309198093e-279,0.0,3.6609842580802076e-166,3.300272432613552e-275,4.614282420634302e-198,4.3907642619417686e-278,3.3666574098326466e-213,4.909821156405773e-222,1.0018463737155786e-162,2.9087367144091548e-229,3.4424588733002003e-247,5.644793182336164e-184,1.774236433001076e-127,7.31321946096654e-60,2.6172479166211192e-163,5.296339948722373e-207,4.803317930859536e-170,3.734677439816438e-177,1.3034314223953894e-158,4.894752851486719e-140,3.0997736438668082e-173,2.018369704033889e-107,5.06154320493515e-162,4.268954015820432e-191,7.793945225079075e-183,1.0066607175372017e-174,5.502997435444429e-210,4.164176216166629e-89,7.309604336308627e-168,9.382226721010243e-75,1.6592176377183697e-106,1.482634490434232e-169,1.7164292053408723e-117,3.9229983452147145e-116,5.310185521868261e-155,9.793383769092542e-143,5.275888157834787e-107,2.006108602548765e-160,9.936700164944626e-173,4.1922056026088735e-64,1.0412120607830174e-165,4.9654748234833225e-148,2.4941515606044507e-231,8.553470980350672e-192,1.3717493845031046e-113,2.7004250954219384e-146,0.00034314007641023347,1.4655806997815302e-110,1.6137340271038929e-63,1.1002730888082443e-152,1.662759375112202e-106,1.7573129966036014e-157,1.3276210750897743e-44,3.115032013407186e-191,9.24346259287021e-134,1.4792924099385472e-151,4.64778284665942e-13,3.110825779394133e-124,2.366684936081767e-109,9.795614802409137e-41,2.4896671984420556e-21,3.001350844141469e-106,7.933195116285132e-55,0.00011418675537061646,3.0998118297916603e-86,1.583136248319443e-74,2.2836263701679986e-99,1.1203187156404073e-98,3.0674678913342424e-51,5.413405119146838e-84,1.0873014611804113e-92,0.009459667268977586,4.9726781729748184e-108,2.495456192106956e-38,7.645815644196483e-95,6.172464185874153e-78,4.388492289402933e-122,1.0634220779628694e-82,7.536053907804308e-83,1.9274116457280337e-21,1.4611932980983705e-75,1.0700402385975876e-53,7.966825088917872e-71,4.264266952190696e-20,0.0015040671121426205,2.4507894774740023e-26,6.326344775313971e-17,1.1173134916975132e-65,3.408357970059312e-39,1.6519458990750034e-78,1.1937104439545346e-124,9.281805390370156e-40,7.15213008466184e-51,1.4518713048559417e-94,1.9173686143378575e-14,4.4770925825894134e-111,1.4038617415536139e-114,3.6773937907417153e-81,4.932015873972213e-56,0.003675022715568506,2.9415514845994794e-53,5.143745901583449e-29,3.150328334955908e-40,9.653260040568516e-40,7.988932191139186e-43,3.1742882385498496e-25,0.0065127471931881835,0.016197951876172498,0.10466447345082541,0.3033282275169742,0.2442445266480079,0.14016921482021671,9.413506307542638e-5,1.1179303562718695e-19,7.613619506284964e-42,1.5093460035090654e-16,0.006435029583190624,0.008660693195219496,0.02206546280463968,0.00957714254173039,0.006073476968074133,0.008530709622184971,1.52778922564654e-13,2.7238255747770873e-12,1.8168870232134205e-13,0.01021531974853365,1.8339007175381464e-12,0.016260243712466278,0.018031170609935625,9.114087455699376e-23,7.99126828303599e-46,0.014587056718212126,2.820015587460527e-28,0.014358782293227993,0.0002244864419196177,0.005034339357275384,0.005424626276362755,0.010318791900027598,5.9348583219845867e-8,0.0019083640770891847,0.0070573893753946935,9.185394464059478e-8,6.281736051018316e-52,4.2734081171746047e-13,0.0008008335114875493,6.1312845458143845e-22,6.378409552575569e-112,7.773252338525641e-133,2.509058235263621e-50,1.809040951753015e-110,3.233802171513254e-67,5.016235604745932e-37,1.4029073158000892e-34,3.711423128100836e-71,1.9192182847692147e-88,9.571768958337301e-105,9.622797613309859e-98,3.770691196998498e-104,2.565833100222143e-85,1.5291570808223155e-73,2.101152435833623e-83,2.0477167419845825e-61,8.123010121455018e-125,1.2930058336250945e-68,3.823424362552851e-138,1.0427994160131251e-101,2.8455143759549637e-117,1.2991461528523615e-48,2.1230642087649273e-87,1.6590345557123726e-92,8.38349608321639e-93,6.624055365668785e-87,4.7850254825184803e-91,1.7883075364735456e-96,1.896291599816044e-27,2.6693626128916967e-81,1.1716111902579457e-95,0.004128569557766821,4.304926466307137e-104,1.0007570413581469e-94,7.650034797138212e-128,3.66308599009526e-163,1.0180631101582364e-16,2.874669163657779e-110,5.036228430748821e-109,4.2494010901489134e-104,7.911450227590961e-171,2.4164752972730292e-46,1.0204610031113426e-200,2.1394934995855005e-215,1.406383918210966e-153,2.1300090929228588e-192,2.7020232585171497e-174,3.177450079858545e-238
0.0,0.0,0.0,0.0,0.0,0.0,1.4578746e-317,0.0,0.0,8.34578785694e-313,3.9183824921513135e-183,1.004721590814036e-170,1.1840257261462253e-199,5.035639951343767e-213,5.60367663161325e-194,1.2418416998238313e-144,3.3865023917968244e-202,5.329463578449748e-180,4.97391475304293e-134,6.015097876270873e-173,7.65598786959307e-83,8.005967779685934e-88,8.782087227169603e-109,5.916022001684873e-189,1.302244099391932e-117,1.2315870622223626e-70,1.7564504982444753e-102,2.41374955635569e-235,1.4440518129499695e-140,4.66990805316173e-286,2.9179253444390328e-195,1.89174547049688e-247,4.146780850495758e-158,2.8895615578267377e-97,3.601484785885504e-77,1.0292076041053002e-163,4.930398629775596e-232,1.5301614862843655e-167,0.002261489247005099,5.167617912939987e-214,0.0022442541136085134,3.8056607688154285e-86,1.1385934381970408e-125,9.230280703920315e-133,7.014575335346604e-165,5.672273162460202e-123,1.0460034947968282e-115,2.56515246116772e-118,1.0384428456256179e-125,3.093205228216914e-109,1.1205017846165213e-151,6.421490751740108e-99,1.4058879747126971e-90,8.957902018594626e-110,5.337172401376989e-96,4.873134042819291e-96,4.1796177436485386e-114,2.888470615620584e-95,3.9543074444229496e-146,6.10792331391665e-101,9.12289550414961e-45,7.395777747546214e-87,1.105094087871924e-124,2.2189146598581505e-84,2.1312553408631858e-13,9.517142612569187e-60,8.995050682721783e-28,1.7429757148419321e-56,7.407622509589313e-55,3.98535365100656e-74,5.670745497765332e-108,9.115229072890377e-80,5.1731344844726864e-102,1.0345403614628904e-47,1.0417590283343346e-89,2.5968604417006934e-97,6.0053268291748e-10,8.092661617337338e-34,2.767410859922697e-37,1.359081287349033e-29,3.320520891639383e-61,0.0015518991716286022,2.153972938717423e-73,2.0414114380277265e-14,1.4510181613656562e-43,2.515509646943841e-19,5.092632484256941e-32,3.4303027773166045e-11,3.22166885811668e-36,3.2353474943959026e-53,0.007888194339212562,5.275317867058099e-51,1.7890933313511216e-6,0.00851392130891331,0.0026145126173519944,4.205642144984e-41,2.9721399288830853e-18,5.537615609220108e-28,0.00575294036949456,2.701049083801824e-28,1.6041631205439784e-51,0.010561349141333422,1.127308601525426e-34,2.1242390667832015e-43,8.819840034363227e-20,4.915152215767408e-89,2.12959407974953e-26,0.000561073266914637,6.53619925416433e-44,3.6400551822814933e-37,1.566547482054606e-46,5.933217268813791e-8,2.8466376387461312e-30,1.0029540004911813e-29,1.341708947729672e-33,0.005148626855477684,6.7200276685685375e-21,2.0408825663798886e-15,1.1027945879992785e-17,2.7960925064398506e-11,4.1018896911672466e-31,5.731339086759241e-32,0.004987602606859731,0.008167551803116247,9.167100920923145e-24,3.0134774681084253e-14,7.571791226307658e-29,3.76915359530589e-5,0.002686966284157628,8.71583681947885e-25,2.0326006553980712e-7,8.159965073829353e-12,7.354684081018622e-15,7.716876020171356e-22,1.0091831422621186e-26,2.8901523376881747e-15,0.00013685632313409092,0.00013187318525102675,0.007994997039030758,5.0165421237862355e-20,5.457931953668589e-7,2.9275856974038787e-13,0.029288571490078186,0.1347012303829591,0.15991994224133207,0.08215956282978762,8.885762107768627e-10,0.046597543727654456,0.006201188208801271,1.1293797311547957e-11,8.822658103849083e-6,0.01880551006459812,0.028534813137527787,0.008129111995066865,0.020306030183523803,4.796387673520456e-9,0.04618841432626842,7.141414965632056e-12,1.2142172248100269e-18,0.0010472472413061854,0.02553334048392322,1.0814399345051948e-9,3.2716761007276427e-16,7.018992868000515e-16,0.05903900501380199,4.7494946086582625e-15,0.005089234209013075,0.010567930190863925,1.4028512053650111e-6,0.011150850113974577,0.00875108446543384,0.0331272516776002,0.03502828775064055,0.008065988935738884,1.5799496398696076e-11,0.03774856443503436,0.002935487291824462,0.03836650417086127,3.197092056733129e-15,0.01409547368190407,2.526461484396496e-11,7.357089883699059e-15,0.02296108937070267,5.5480979336492435e-42,4.3691966541149757e-8,3.8040884674625655e-22,2.1159795835246267e-33,0.012563253984633205,3.1122313059553273e-46,4.060830649738945e-40,0.011832595979674076,2.585986539944288e-6,0.005103962042426199,4.560401491984565e-71,2.3631315619275034e-44,5.502448526397658e-87,0.004903671000577285,3.4160426595776406e-65,2.1644239140297463e-105,2.5339813413951745e-67
0.0,0.0,0.0,0.0,0.0,0.0,0.0,0.0,1.4388429191316187e-243,0.0,0.0,4.046588750684465e-244,1.1816403977437738e-241,3.0430399452434675e-302,1.3345460669136818e-287,0.0,7.114017879278341e-225,3.424668398173263e-145,6.56271620117052e-275,7.172429967390324e-167,6.435672482352068e-177,3.9836142859125016e-293,4.78580739292835e-143,1.5662048520011365e-270,2.3717288712348013e-253,3.6388479189779287e-196,3.4755128466059935e-241,5.073853345811301e-242,3.208906540653441e-222,0.0,2.2988197621331104e-204,2.804891606368956e-240,5.88694596664841e-267,1.4507540416859023e-234,5.662770000554567e-205,5.3813798294186e-241,8.98327365855015e-192,2.644273062126569e-106,3.4467055622022455e-149,1.3833590939950873e-63,1.1872779810522658e-166,6.019187357601816e-175,2.7038083819677035e-88,6.562982575172082e-234,1.7714356402868026e-205,9.235183931492655e-146,4.755489957617644e-215,1.386869086082972e-112,0.0030028881043314345,6.248325557149488e-115,2.6930315865716437e-199,1.2729074103679086e-20,8.22155880508517e-161,6.8436602718041075e-165,9.318242764591417e-187,1.233281581654559e-135,1.902557576333619e-88,8.233041056338557e-125,1.9591413708948054e-57,7.979410610176824e-39,2.0255584883725017e-79,3.958236118449988e-147,2.2963130439468956e-111,1.7638225165306105e-126,3.172104867935432e-183,5.439972402769928e-38,1.4595233253145346e-144,1.321919442212309e-106,9.271432457190969e-121,8.34264551304221e-98,3.1061554235050757e-45,3.255065835955851e-134,2.167334968679343e-131,3.3861823356202955e-57,2.0552369873981294e-150,3.5417884168781794e-106,1.1043283078407232e-24,5.674092409252706e-88,0.0024062026902366405,1.1777450935557215e-99,4.54510204563568e-66,2.072738279591378e-57,9.99346912769257e-82,3.046510789296314e-117,1.3558093158605271e-94,2.7775663094722888e-83,1.8671585973660682e-74,2.9635493083568675e-108,9.856708964539394e-24,7.206349020001784e-113,2.306940241898226e-36,0.005748834575407874,2.1173992923133967e-17,1.030084249172247e-41,7.321469998062393e-91,4.6811874102062236e-48,2.155924249801435e-95,2.229945007821249e-48,0.003944109917592876,9.663069914225538e-101,7.302729369421799e-14,1.3758694734818905e-128,4.175058707162809e-99,2.42161568210484e-38,8.572554571635404e-33,5.493573378137003e-5,0.3581985886852948,0.45064761966901906,0.07317450142697426,0.0012132705494295893,7.944818772768883e-20,7.813353929893103e-41,2.1099745968868761e-19,6.934475204329424e-46,0.00020718324663688317,3.370744002789476e-8,4.198897209144639e-9,0.016207140435693972,0.015405844822602377,5.821011899838879e-11,1.6914212397646375e-39,9.741506403480697e-54,0.00017659645759216338,1.1997227376769603e-89,3.2221701464453264e-49,5.526309846055362e-19,0.003291459445595497,0.016486085595811446,0.013104950491252647,0.0052309678702303535,2.4453893607002e-80,1.0016559594495879e-44,1.9860567826548607e-50,8.860109217231654e-72,0.0038820990751360297,3.118580339933522e-109,1.0685651583608947e-18,0.00734158515556652,1.0719987272260365e-26,6.458225787211759e-22,0.0060146526519681935,0.004820977179497395,1.1798670376866895e-13,7.971673372745953e-46,0.003359723245496467,2.7188491387932255e-51,2.112652218823109e-44,8.73197443438047e-101,1.673040817947028e-173,9.792011180998321e-157,3.639874674226786e-55,5.226977744267926e-81,1.5737136503860589e-38,2.8230422450982033e-159,4.719201407028481e-35,4.432606810514925e-156,5.138378356430345e-86,2.3914234604263536e-199,0.0030153807192632056,1.4457522989903524e-137,4.273340823159175e-75,0.0030643642908503243,3.823192841224044e-157,3.0772601984745526e-154,1.032086017871201e-152,5.645300136157409e-107,7.681714614586325e-100,7.447538844546609e-124,6.639520848606667e-178,1.298008980323811e-123,1.2755085374264617e-125,1.3765732629584819e-36,2.41108704966675e-172,1.1274968141867562e-122,1.6196411319991696e-221,1.9086452218236435e-151,6.12309809704231e-252,1.247609249835235e-227,2.337595093471728e-168,3.042796673906138e-169,1.019642531744307e-113,2.8252033573615396e-232,2.8969010508368783e-217,6.058713755128686e-192,3.174526906913654e-137,3.888820935073803e-165,8.839081238619266e-149,2.1047248701440118e-222,1.10652062561284e-262,7.070419708436516e-171,1.8028578881565377e-168,3.616865567999427e-182,9.345206858118409e-174,2.5324605685997916e-211,2.552465868127812e-252,0.0,9.161411905483815e-208,5.903893956755325e-252,3.3411456902065565e-249,3.825115760787177e-295
0.0,0.0,0.0,0.0,0.0,0.0,0.0,3.15880347481166e-189,4.5129632586117986e-213,1.2523814341677333e-276,5.749249387865232e-233,4.06957416381873e-115,2.8758192240673708e-214,6.42259238536604e-132,1.2441971491992417e-87,7.268010890504763e-180,3.578396791738571e-170,3.267306707399692e-215,5.0870056731620847e-129,5.943646215610836e-117,2.7602251849042516e-132,3.52899463657691e-96,1.932219064602255e-127,2.72033926830143e-22,6.344777005030921e-42,1.3873452934844278e-136,9.337723497196069e-110,1.5302997559938512e-91,4.41763679430972e-105,1.3486831691213145e-194,5.03120053374807e-35,4.22559190048012e-132,2.2317530356110735e-130,2.4463110825908716e-70,7.475279132950914e-142,7.602934772810222e-66,6.588821795704959e-55,0.03441338959491136,1.3091827509468728e-43,3.644935584537528e-73,2.0104593354256097e-102,0.006540793669256245,3.071754981045875e-29,5.881239589100537e-52,9.984700678516189e-83,0.01908255436140331,4.4087909132318995e-75,6.877811338675835e-47,2.6924171583797323e-166,1.7184299979111928e-38,1.8851773442922663e-106,0.00724162896325314,3.998534309422408e-109,9.676452647422131e-82,2.2286846136636818e-104,3.952204367259261e-8,2.403551913098845e-70,6.2866592269129105e-111,1.964901773503861e-25,1.0682825846319119e-16,3.336538770480332e-35,4.380796143488813e-14,0.07196648824114851,0.05660188001942747,0.06286482184023369,0.1369318944295155,0.017473177783195334,0.026566458891216452,3.811709028167617e-50,0.014563817492519969,6.555352513428136e-30,2.9551113346254676e-62,5.729308352617087e-29,0.006987232295785799,0.006883746751153451,3.1816733779481857e-88,1.734365124624627e-51,4.4734488060772484e-74,1.3431765726835304e-59,9.554711629440645e-24,1.1504043649491054e-24,0.02754360018455716,2.5313744652357158e-39,6.665235233889638e-41,2.120340354055413e-62,0.01884562959794156,2.6295858027464027e-61,9.959743800611041e-30,1.594887244298519e-60,0.05597677629990961,3.4563447265713815e-30,7.68122082464356e-39,1.1314363978049257e-64,1.6401446718805619e-65,2.1570500794613646e-85,2.78032941289594e-5,3.068188188488443e-20,3.3585740826750184e-75,0.07590805210593049,7.327673575340302e-95,7.916998271899475e-63,0.01551540828043125,0.020206856261312512,1.7405404850006685e-55,0.009139593383281687,1.0800503924023733e-55,4.3189651313361725e-42,6.956461854766273e-91,6.164155830216131e-42,1.8905921017915566e-85,1.6504749955491104e-53,0.021973924707632573,9.750165076543729e-55,0.020396739428767244,1.4916373475651259e-47,8.908392748358577e-27,1.4725809945020136e-72,1.2215285735740935e-72,6.0943007997466085e-71,1.0556661486272368e-100,7.99736918285593e-72,4.4030033299784964e-86,5.485099950676782e-77,1.3949540815101592e-81,0.02932364100653653,2.7054154629470322e-42,9.036224734037697e-82,0.009017062995505755,0.007866548848277546,1.0702185333084859e-59,4.2457673181944726e-30,0.022587638059660263,0.044211420312528685,0.038926788004670074,3.094396243409722e-67,2.2496560914156735e-74,1.1489508242276622e-38,1.1835344885451805e-75,2.9113896224643826e-62,2.3450114028916698e-5,2.887174457196945e-30,1.492991917487989e-40,5.100707693922894e-38,3.213963031673501e-103,8.544686190866246e-79,1.734936212799719e-77,9.028416186418278e-30,1.1483351293512786e-81,2.21412969569034e-45,5.390961513566099e-86,0.021868935267236503,0.00641086512860942,1.753190896597954e-18,1.327679059134888e-92,1.242162408636096e-81,1.482499340804258e-16,3.2156302271330435e-44,8.881155134872734e-129,3.053763493949439e-95,0.0071266124537672365,6.645177950033408e-107,1.7552362208687044e-34,3.194151662465749e-73,7.916725118824794e-44,3.377949616281155e-67,7.909455652398726e-82,1.2045534942458697e-57,1.0642696205508235e-72,1.1525104269187267e-85,9.265638356820243e-26,0.013819038880682975,2.2735507529779064e-78,7.389644215216956e-62,0.007410926313357188,2.0777051021500184e-101,1.4900316069715642e-52,5.779630436227743e-104,5.633731222939197e-100,0.007938904397600487,1.2856871741300563e-51,1.0053311912960354e-93,3.2940338274025956e-99,0.007187447928849014,1.1485144407450471e-175,6.4969060233037854e-105,6.7766586860884795e-28,7.644240006029322e-97,5.548109733832174e-109,3.771633641490905e-84,0.02038192352671008,2.830193861319702e-84,0.022246489362978298,2.3467936561793094e-117,2.76102089219705e-51,1.0715136289243516e-151,7.434932740940408e-130,4.66719427778934e-146,2.1865759638974455e-97,2.3345162783355764e-64,9.744663040232756e-176
1.0608912061131032e-257,2.4628068273e-314,0.0,7.614159336411889e-275,0.0,1.0172796354884627e-262,2.3268934134189057e-212,9.689872e-317,5.4278653978386206e-272,5.3916768591563986e-260,8.360694919797343e-234,2.4128197099935652e-63,3.545282279402193e-104,2.860347400334981e-171,2.1109440496095047e-118,7.72660243585576e-46,3.2843253258303096e-254,9.141414617885952e-84,4.288561260679715e-81,1.0840927793219716e-46,5.378496634574127e-109,1.2979519160842894e-57,7.67745924694286e-135,1.0002463390984315e-56,3.336675072801594e-96,4.154823267350073e-102,3.1490929139706214e-116,5.63808414659696e-132,1.0505788344561397e-202,2.2669623251929675e-131,4.343219051062524e-62,8.78642710899801e-156,1.8362300028427348e-130,1.881874814196568e-129,7.839121956471357e-37,1.1323301307206337e-109,2.7095828252050026e-64,1.0731528675048986e-174,3.902237931230415e-104,3.083137684207833e-170,5.3455721649750745e-152,0.011718716791989768,4.462488054579516e-137,4.171223846879636e-89,1.5034790602171604e-187,3.9730673136684545e-110,2.0852574199937667e-22,7.849504524240245e-157,5.333356810715362e-182,2.6786435059265173e-11,2.0940052265577364e-65,6.854903315358021e-116,1.5189895210583144e-76,2.290661940379996e-107,2.411067879672725e-140,2.5190287030394038e-101,2.622306231391843e-26,3.174021866496648e-137,1.3080917014747383e-137,3.084071073743838e-156,2.362136600990317e-15,7.167243355855995e-120,1.7453635924240115e-111,1.653312345852911e-25,1.0383701810003261e-51,1.5615585215438033e-78,1.624122514583023e-121,5.767856677599273e-90,2.8176266293490576e-107,6.619620183899137e-44,1.1851415948405822e-33,5.368571141153281e-82,1.8744080126358967e-60,2.1404513623209977e-28,3.766480645053973e-140,5.989536829511116e-78,5.922382244071442e-78,1.5523675235654126e-32,3.708096072789918e-42,2.6869446355274584e-59,0.005009846121917831,7.023483651215158e-70,1.0607095405041937e-47,5.447438222989415e-25,2.0598691992991752e-33,6.818677095276221e-85,8.008035621749445e-32,0.005862373875400297,1.5016616214583934e-64,7.015673978832403e-82,6.4889610323630705e-28,5.829553460240919e-69,0.026734685398789457,9.390592740259706e-35,5.431854786033114e-30,6.313510678854402e-10,8.651418749746329e-46,0.0071295923201885195,9.069737084562954e-43,3.3863766518054938e-74,1.0589999968689045e-54,0.0015525465112669493,1.1956932589516836e-63,3.232957871917231e-45,1.0445794664647776e-65,1.5304784916374652e-68,2.2370648877562645e-23,1.9167306223494597e-56,6.539785443279859e-78,1.006570371370298e-21,5.564638769180351e-53,2.3870147800529366e-90,8.724605221564204e-72,1.0457342473571729e-20,2.5053146177090707e-33,1.367799437499301e-71,3.0634604268114537e-45,2.1836776801533702e-54,1.364058461384337e-59,9.690891061113566e-35,0.015841612399685873,1.3730901233472542e-42,4.078853381945798e-28,5.12696823476737e-54,5.532017693856694e-69,0.02950443474680658,1.3471547108347669e-61,0.020471450912336382,3.9624235040251425e-27,0.02364639258457034,1.033169451265663e-25,0.010285118127594745,7.420911362124335e-21,4.912394500256218e-63,5.465095489360823e-24,0.031316264685147005,3.2817910487908597e-34,0.03608249455501666,1.0217708483246172e-30,0.019567480612734587,2.3246480432292002e-12,1.1380902329741799e-44,4.504315896422825e-9,1.4192513724124373e-7,0.010268522722732478,2.4042671315143507e-34,2.620056962579304e-24,2.636791934235551e-20,0.017278337481558135,3.9007882062780596e-28,2.8430152899678497e-27,2.4018073455587767e-23,0.0023195916444287666,0.0001572349171726706,8.690328275011647e-56,7.70944582347488e-32,1.0436087433242187e-35,2.0031359661846362e-26,0.013595917393052865,7.954855825013102e-27,3.2456565397788048e-24,3.480682248272119e-50,1.7967193707708359e-38,1.9251287905521116e-38,0.011246519018239755,8.962471620877165e-18,0.03277306277024376,0.011169673752274992,2.6645467774522864e-33,4.683921858248818e-18,6.002858547060474e-26,0.006231789603471482,0.037493709139199326,9.744074651340472e-16,0.004447072700246381,2.415893829848001e-21,0.08779859785574223,6.303110354269904e-13,8.308574102819973e-35,0.01800752518626662,6.8305395577056135e-18,7.677862101304861e-23,0.004687352126554851,0.03422100509688048,2.39500956247569e-17,3.8142089575945603e-14,0.04887298712173447,9.55143221586158e-25,0.04507498412005868,0.07109856563916885,0.00011155562747669628,1.0692521427022518e-11,3.9146681617984304e-23,0.03140678213420957,0.1371735585848881,0.053892901964165595,0.04280750040594418,4.636345453555413e-18,0.03314209624956435,4.220619976385286e-36
2.4875555e-316,7.084421928985034e-185,0.0007414802710962397,1.0514406071246265e-90,2.4186630763860066e-80,3.5482297777450094e-37,9.925727618693883e-173,2.8065375520869833e-88,7.97010520967143e-172,8.091816242700836e-155,2.0801410642694876e-117,4.0366006843031846e-120,1.4834210084793034e-170,0.0016171557017056588,1.72993024860777e-146,0.0009656595534270362,4.862480280864513e-106,5.0756773386509586e-68,6.805817977913587e-53,4.5265126751472737e-178,2.5772785683123176e-51,6.499619182660162e-146,2.785574380786984e-99,1.7206121272928922e-76,1.0968116481575943e-58,4.299262760075569e-114,7.629484040139565e-46,3.633773884229577e-6,0.12126758560334175,0.19985811109812515,0.21705565736950175,0.20413847057552498,0.1258581459740256,0.027904496593025532,0.0061787480098493015,0.0008244012497115594,0.0019200754340023176,1.7471689976735843e-61,0.0007563933992957115,1.822689188754574e-72,0.0022930733641464127,9.34336260714333e-92,0.00239984163199534,0.0024468936444742855,0.0017069005815044582,2.9351307941430136e-152,0.0008557835875442928,4.869330401247559e-10,0.0027337291532981475,0.002482866647610474,2.077697925421397e-94,1.7892271435617038e-51,4.973340209945229e-83,0.0007895926736542393,1.2438196641006964e-60,1.9228754756911537e-46,5.421260728452983e-7,6.081545241219987e-106,2.576186098845235e-59,1.5436379210039506e-48,0.00391172851809023,1.7481544271627783e-39,5.441884587277024e-53,0.002190117211021049,0.0008119117725549189,0.0016302567268367482,3.6947286215678764e-100,0.0047653019388266184,7.879375659483918e-56,2.3054858168282802e-24,0.00534911557628953,4.42598992944695e-50,6.925957897593959e-25,0.0014561385255533518,0.0025742221879451383,7.46000066554749e-64,2.351441297667864e-34,0.0029490843115696267,0.010775291981572722,0.0032644062610824227,0.00047621253380474796,0.002531123057554239,0.0057484506825447165,0.008108457095168607,0.0008822218015414197,0.000815546332447354,0.0020943463507661643,0.0015676030716033843,0.001482802283171284,1.9118861731368416e-12,0.0027397308903584347,0.0010131338025632392,0.0025847514845643974,4.25019017411414e-60,8.62509615386748e-96,1.6650500211837157e-150,9.909783705422654e-43,2.3065176228184046e-128,5.545324964745757e-92,8.825760685474542e-32,9.667196473538461e-101,2.280886081098794e-41,6.937154877607826e-151,1.3991593527462016e-129,4.726997196101031e-136,8.644146548321994e-14,1.233383518374999e-131,7.443833162094783e-175,1.0046400075378154e-83,5.5720052380696104e-117,1.6573432627604037e-189,6.562644099072127e-228,4.0040568357185523e-171,1.8597911507992253e-32,2.4441421056244343e-134,1.3815416609218673e-151,6.240299643602644e-68,4.056901510539851e-210,1.8491224723324365e-227,5.3416113400954304e-247,1.4867242738597822e-200,0.0008259406934742245,0.0007481394794806324,4.4042043311934166e-225,2.3959009724411635e-120,9.11022418148229e-131,2.696951029531389e-246,7.9524394131500815e-143,4.385327711460963e-230,9.895756129872271e-98,5.966060242160771e-130,0.0007858829726034448,5.408207225008323e-209,3.467644224087363e-136,1.9508950415622829e-177,7.652601419804184e-74,2.686581788859029e-198,1.7758862252665417e-235,1.0690241961621442e-175,3.119695071735498e-207,4.246903288866936e-177,2.9899994887057258e-204,1.7993019946123324e-160,1.490292412643292e-153,2.4451588768039864e-120,5.163696653695308e-212,0.0015715048249351127,1.979008494402283e-148,1.296620257667489e-186,1.2644428749630743e-90,3.408423501042194e-141,2.420002734793883e-130,1.4109377436769487e-260,4.186470676839235e-294,3.1099269083198912e-180,0.0015473391263273514,2.820791321645263e-190,2.3126425391113977e-227,4.3291438085614495e-144,3.0775703674238146e-182,3.871154555673208e-135,2.3887880860819353e-229,5.159152423035748e-189,8.20679170207853e-143,1.0686782558657725e-241,2.833724695938593e-142,2.9858359303642673e-107,3.864048263081426e-223,1.1314072887240742e-182,4.138588114595435e-177,1.650921780745028e-203,8.597921964870111e-101,2.545011552410777e-134,6.1424013255931174e-207,1.814132060255057e-226,2.476447463321682e-212,3.4817446017390585e-131,2.1670490399832187e-192,1.8679817264159095e-188,2.9520619977105098e-220,1.6387217965958466e-181,4.2334320011248125e-158,2.764053951266342e-199,7.57168932964838e-257,9.740886080902276e-172,9.051689103975114e-169,1.3681532728288377e-208,1.1204310805656166e-213,4.089378792268651e-239,5.683790570104803e-165,3.750361333590808e-138,1.2481357747243619e-149,3.1267779841231516e-205,1.2205996126197225e-169,9.197121288121146e-247,7.60048526631674e-272,9.747550379137826e-268,1.6713453483424323e-297,4.447579190333474e-226,0.0
0.0,0.0,7.184641305331151e-156,7.265099422912781e-92,2.6898912403699996e-166,2.2540808665904572e-78,3.2720381785619386e-121,9.416162670128755e-108,4.034237153922816e-124,3.189132724119585e-43,4.1511964059805975e-83,3.0485686021534654e-68,9.785443758575992e-53,6.183300761169622e-106,1.3383283603470321e-76,1.4521425326068251e-92,1.9152813518319652e-58,2.2708305648941438e-92,8.973033858223177e-15,5.345993365407914e-124,1.8111927925019616e-101,1.4494508852114601e-34,6.847661963966877e-66,1.7381772343256106e-82,2.874216963235623e-70,1.1874823900163365e-5,0.015486902896470481,1.4575479867417963e-116,7.133321108819796e-160,1.136836430366226e-80,9.152328393131523e-101,3.800815058547697e-159,6.345665379901808e-81,1.221249864326113e-136,0.001365666913654786,9.328472067748736e-48,1.115877095282837e-6,1.331472947301955e-85,1.0104085894120872e-80,1.530276905758352e-38,2.817957213102726e-47,3.172995674380471e-81,1.8619114782782787e-64,9.026651557312816e-62,1.044816574778063e-102,2.7875366060321515e-77,2.754101395957092e-53,5.234628477737742e-87,4.0521720108430405e-100,1.3651748495417686e-88,8.814099475964037e-86,3.912773208473834e-55,0.016892521683979325,9.002942112761483e-54,1.7314924816742913e-32,3.593515937579266e-65,5.245771076295304e-11,1.923542856692222e-65,8.71342652529092e-22,0.0036384835471441512,5.4298448226797955e-30,2.3827489608494837e-51,2.2689489338732263e-100,6.14003892967915e-77,0.0034306901940408443,4.391125163014625e-85,7.313247482237234e-130,1.4431829716545452e-28,6.086109124003719e-45,3.441808581785794e-28,2.172971037157691e-32,2.0371866091032467e-56,2.4848329902964004e-20,2.3983545814345926e-45,9.517537852271111e-51,4.546711904646504e-43,1.0377392141863615e-10,5.314544550949634e-34,0.00039839088622959756,1.5278334859236546e-14,0.006321976559822462,0.03260243250959313,6.810779210354461e-5,0.052618097358585615,9.212114024312746e-37,7.06408506412503e-30,0.0068752598545696155,2.8351485199621633e-27,4.4196700499091486e-13,7.368034203249609e-18,0.019806600890296178,0.013769512753266936,2.5522080692632327e-30,4.6587503536309185e-46,1.4377688166646879e-11,0.009563524337709262,0.05316634710320558,2.045490810597029e-46,0.020325521004278972,4.0719174261511795e-72,0.014638397246481704,8.727178339665436e-23,4.0472444934460775e-77,2.36161084624436e-37,3.43737148180432e-31,1.275470995071021e-114,1.8410359412912379e-57,0.003229577936562403,0.0037143029177767223,0.0038635709858087283,0.01679090562555457,8.744737444780047e-18,2.679018210237003e-62,1.1876639625863234e-116,1.1813845004453787e-74,1.3833673507494245e-53,4.031164657493943e-71,1.9766005343065133e-27,2.190317956576543e-26,4.3045765305658283e-38,2.365384353058749e-87,1.2619461975425244e-75,5.087766273906759e-63,6.868888776201266e-5,0.0213542819459514,4.646248246872168e-18,1.547054831937195e-6,0.023951826421840197,1.9910262319223487e-12,1.1180604528887792e-67,0.010233203671565395,5.9968442510575045e-34,1.043882091018782e-13,5.816619697448239e-16,3.70359413800037e-46,2.6998951437321493e-14,0.00877035532089901,0.045517393606233116,3.265803993780328e-38,1.1652374846750986e-33,0.00540954303616202,0.015410175850434733,2.0220857951965414e-41,0.028687375769660833,0.015579742951074777,2.5375179873087626e-9,0.055845287915196176,6.177065349412359e-41,0.042524747138326616,0.005241552380728257,2.997316029328596e-50,9.251071010477064e-41,0.04208968584963742,0.003598998821548406,0.01637555535153532,8.380675747037731e-21,0.02137184433754576,0.028203633737829747,0.047221475311676045,0.011072246586290631,0.031150534160360715,5.24306730103136e-41,8.826241105698445e-21,0.04105475392601358,0.026163371736679573,4.627650095014081e-59,1.790187871376843e-35,1.6495781171890655e-29,0.0329560320748998,0.01663797464566488,0.011712787028223705,1.1890393856995881e-29,4.236362898330512e-31,0.017430407938383907,0.009932094120589543,1.711999012394397e-23,4.7007321130628796e-21,1.0834983416275085e-63,3.5093673557420534e-69,0.006823479384344566,1.3899277190099315e-7,1.236945684439871e-35,0.01796396396477739,3.2723102149803074e-24,4.517694658453463e-27,1.3303729920083882e-36,0.006221538118525332,0.02079339767685714,0.0016183905884635044,4.039937771402201e-26,0.00018914563599541065,1.8536401230141796e-20,2.8879601699883275e-42,0.012243043651872601,1.1404057708363557e-23,3.434573253330988e-23,1.4705746706262347e-20,9.149039784022179e-35,9.357582698586569e-29,8.482265203811174e-50
0.0024544190154964134,0.06590957619707856,0.11726856477446491,0.15333076133424983,0.15684975853168595,0.006831981072022434,0.012299626122871265,0.1257323218832116,0.16727830716903572,0.14246085646055032,0.012630844329085284,0.0015409617266021038,2.8171508143165842e-5,0.005485098906767114,0.005397523939191195,0.001563330022292266,0.005461795994830684,0.0014686374193447426,0.00021342027080846032,7.975911567588984e-16,0.0020362608658054536,0.001784409954995959,2.322709073696491e-20,1.7553677947727158e-24,1.5100906596243096e-5,5.660733128594662e-36,1.2923404973303777e-17,0.001957792012242616,3.9373097991560516e-22,2.958535701993332e-17,1.8959490746036715e-31,1.2962515395432258e-157,5.394564283512319e-120,4.634628987201362e-18,2.624395240130673e-29,1.0193826318113913e-18,8.806509653820115e-10,3.4745556499437714e-44,1.3845199115711444e-15,1.4066870795466905e-19,1.765245594406554e-85,6.1556678538463814e-21,7.244325323126698e-169,2.174519861494834e-123,4.523809453732601e-10,2.1949581177803934e-20,2.067821900191189e-33,2.620098737655496e-88,1.4300259468927735e-146,9.80605635880156e-22,2.21789411614606e-47,1.458799438624186e-132,4.016440323268385e-102,2.8345671617864007e-94,7.898084844383712e-20,8.780912366663516e-40,9.261905879422091e-145,5.117536993742293e-47,1.354580390337406e-7,0.0008733966097411636,1.1053344014254149e-69,2.5140108581791865e-116,1.3600662888253276e-148,2.47765921500867e-124,6.149061748729953e-155,8.80394275636613e-20,3.975197640263618e-7,0.0007424343120862062,0.0009678692651431622,2.2705401841285296e-74,1.4203634114461313e-114,1.31034626454669e-114,4.3727780712012196e-129,3.877547579465438e-155,1.3402407295377106e-67,0.0009550110503542702,6.811350388694297e-122,1.3747849591905542e-54,2.666073970549229e-101,9.842959308767645e-126,1.4988498482897063e-49,5.9123653644810625e-261,3.935470474625008e-263,1.1586159958298183e-101,1.2333912907801932e-231,3.83884627483824e-33,1.6844576591214108e-48,0.0009545332040821679,1.6576299753074787e-192,5.74942801872581e-148,7.199089230403697e-105,5.684073717053049e-253,6.72509197398556e-164,0.0009591798897447809,6.538805574741356e-59,7.696168963572101e-166,5.668609303601528e-72,7.478790374333413e-89,1.4227215208663435e-165,1.4920986784787492e-158,2.0055241460075454e-198,3.852063037867617e-183,6.4260618278697395e-229,3.5540214851289525e-219,2.4794619114527047e-247,4.069022558862329e-159,4.7280440875210154e-5,2.0784052190878543e-34,1.0640987301245616e-209,4.110308074595228e-292,1.2335711520814487e-71,1.0202483131444261e-150,3.1990549652627385e-279,1.6395785356886913e-286,0.0,4.1581067943017816e-298,2.9436487651870564e-276,1.226079459958714e-268,2.9236241883241405e-238,3.9276821685646554e-252,1.637643379145304e-253,8.173438921617123e-254,1.5396282988589259e-139,4.978359592976897e-187,2.740549317386358e-231,1.3281902568516932e-161,0.0009182591169600146,0.0010932379559486216,4.703430517943328e-254,2.5296161272064125e-155,3.7340888704157036e-254,3.908782777539347e-195,1.0707823156291031e-54,6.535903126724652e-238,9.788459438672957e-264,1.6940220061467008e-38,1.3827824737233765e-191,2.840568276380726e-152,6.040925108084694e-236,1.3018572403923016e-222,1.8685616279046533e-257,0.0,2.176751158724e-311,5.402389135580114e-236,8.488612735625746e-293,2.3637864014823088e-70,3.7467875054476733e-168,0.0,1.9237079828570005e-162,1.1412528370405367e-263,3.576570048178976e-255,2.0183781842300536e-143,8.297605104434306e-91,1.2445658643064077e-279,7.929348976111094e-249,6.890492507110304e-137,0.0006214771048827073,9.961137594350129e-207,5.028416414228563e-74,5.430761119573465e-176,5.432876101741806e-120,1.052675605556809e-275,9.739138600753324e-309,6.332021782708992e-189,2.7048420989991013e-217,0.0009152686199318377,2.28144024828161e-309,5.131438834802676e-281,1.00126413724527e-306,1.3758421724858515e-296,5.705287528204552e-121,2.8087970243584723e-178,0.0,6.32875695983668e-204,0.0,7.403703527602738e-189,4.552443732952792e-220,2.5694854171578818e-231,9.817865708348612e-243,9.73369e-318,9.430412030493893e-51,8.088265389135937e-196,1.356472096256686e-113,5.576826558458543e-170,8.4037484665602e-310,2.6675374250772283e-283,2.3920524956135697e-262,1.6081887004239564e-276,5.088317342719081e-268,1.969749093427221e-291,4.1225833057953885e-210,9.243138438721221e-191,0.000951997702040214,9.188059391606938e-211,9.363903407648829e-206,6.893546862328876e-287,0.0,6.064233996667485e-302,7.531896473121666e-237,0.0
0.0,1.0668565614503817e-12,1.6693864131465623e-182,8.501509361717198e-95,1.7291423686062127e-260,5.036724621721642e-100,3.244747629278728e-72,1.2099191065825004e-54,6.562769363749266e-10,3.5858056072007346e-127,1.02963698055605e-52,8.331573490700818e-43,1.7597341935241742e-104,2.8123682062568885e-12,5.365135866298603e-86,1.3196835722465071e-28,1.642858347642188e-73,1.3386659116585834e-49,2.098692769100667e-41,0.014561631533236101,4.050039136573749e-45,4.155402613699207e-9,0.006488954843496016,1.8357663933078764e-19,7.963779226389158e-27,2.553374606287957e-41,9.616569882739936e-51,3.982233786600998e-42,1.0868848801163608e-37,1.1267630152180071e-111,1.5870600168541902e-48,5.067866851544264e-76,0.014957514586729248,1.2190905549935928e-35,6.663302327931095e-87,6.791000419156561e-48,3.0263734691894973e-26,2.3576898644163803e-19,1.3420595906196709e-35,5.900519546477461e-72,1.8716664189961053e-46,0.018722168878963698,5.162941752026616e-21,0.005641804923316172,3.173909568531831e-20,2.244526972087715e-52,1.6395990776417506e-49,0.017539397859933133,2.4766065214243385e-14,0.006433349616142509,1.7750107095460685e-10,1.6044049443353569e-47,1.3294841966052088e-30,4.742166890659041e-12,0.04556973183182909,4.354215214551611e-43,0.00418750381842895,4.5242538196080956e-38,1.9768076010736487e-33,3.5515605438171757e-43,8.526050339993028e-83,2.1489242253464797e-10,0.03229362356389022,1.37312677775836e-23,0.011117860807132474,0.047589914905460426,0.049864067314625636,0.038903040073779066,3.50190149601603e-18,0.12132686816885692,0.09452800725630753,1.3880754683216283e-15,0.02241723549399522,7.554109750944148e-17,8.823651094373485e-31,0.0498509035961162,0.05438675263153872,0.005276764466352855,0.007114846852471548,0.12321699313007807,4.2309720605890927e-19,0.04462643173979431,2.8291311575086852e-30,8.441479155083223e-19,0.015074738793842824,1.217011958876166e-20,0.034595516100421546,9.65574213623583e-22,0.012074598878028255,0.0071611770999385795,8.413175390691354e-19,3.1051576760965325e-54,1.7017441146545472e-14,3.073021685676574e-33,1.8504611794144853e-31,0.001847788353104993,1.1737875658974478e-24,6.057569202125403e-32,2.0868624192385649e-22,0.008015046858881608,9.813687473634607e-33,1.3045929405444067e-74,1.118180379643721e-23,0.018337929969130775,9.266981828682292e-44,3.911348200467816e-66,1.787042837768735e-26,9.373303161056504e-32,2.2499328965739808e-33,6.3457735457929974e-49,2.705784107175388e-51,8.342766443061492e-43,0.00524034640376537,9.100306102083069e-33,1.6834986792069155e-21,1.7302724157765413e-65,8.827728232942405e-102,3.3682985830257657e-22,1.3193359216572792e-54,1.049512102775834e-56,5.118823881398376e-52,7.990488039925455e-58,8.015164526045993e-54,3.8811677727427014e-48,2.745701441840097e-41,1.9281777945687527e-105,3.7264413390611816e-56,6.98804373650131e-26,7.107557821398839e-45,4.8256759232649657e-32,2.8001643860930497e-51,5.280973617097056e-41,1.0345920715539445e-60,4.3999630106006095e-27,3.295498390996077e-53,2.7676928667203093e-58,4.064961947862629e-74,1.6290438129076778e-47,1.3595979743856465e-81,6.128533001069311e-51,2.8030733024737146e-5,4.839784330231933e-19,9.478321200674235e-25,1.0165789324786004e-56,1.9072336575709074e-91,2.859672169041201e-93,1.3501150784705728e-79,1.9001034358577003e-59,3.474922656585519e-12,1.8580217642619325e-68,1.0301168998289666e-85,1.4823396637802338e-69,1.821548269419102e-55,1.2476672024054275e-94,1.3213288460946751e-34,1.5451638545719528e-52,7.382025667106336e-47,8.1202484652135e-67,1.1868051537185267e-55,5.5377368758020326e-36,1.612085459079711e-40,5.583698971223072e-105,1.0183930699153716e-15,1.75184089507019e-39,0.005313513314326789,2.070524125678224e-69,5.933426077600445e-55,7.056045496850956e-70,4.6818204136540795e-39,3.749974622650813e-88,0.007181139602963781,0.009334098208327033,6.160891407204691e-101,5.553537349881432e-70,0.004875840626596714,7.48913231450507e-80,1.1635274397892611e-82,0.029278831776823885,7.094055397510927e-72,5.33867895546914e-51,1.0877042536291775e-34,2.090992479487858e-110,7.982478374980811e-60,2.3736632373879975e-93,7.143050514064323e-57,0.005026030172135225,2.1666958847416248e-116,4.532135523515388e-103,2.989172888154542e-111,4.2006750234677446e-65,8.384989091988103e-133,1.366279925653287e-49,3.928524889970341e-68,1.5830840813195007e-66,4.866674554512129e-71,2.05506334403669e-181,4.68878934594259e-152,5.299370267886762e-120,2.9347328636978983e-105,4.861290917672533e-184
6.42010368631377e-266,1.9407189038584506e-124,4.7187518917194674e-219,2.377331195301778e-162,3.046544354885323e-214,4.369571466047697e-171,1.2882159925576174e-170,1.730347708029184e-136,2.5104367322988407e-146,1.8150072436153664e-96,0.001696952158316848,1.225279131081454e-76,1.9392485242003727e-103,9.463794257551426e-69,1.197872777882803e-64,6.271163542116896e-70,1.5519956564254345e-88,1.790840881855554e-60,1.8004859336401453e-54,8.803517424301938e-38,2.737773465247885e-42,1.3971715999279738e-65,7.717439436486613e-69,2.0862189792156344e-5,3.585511954172966e-54,1.3734552291222632e-83,5.202508868973543e-65,1.9819716477884462e-66,8.72914067334542e-105,8.131916423526154e-121,1.254064217974566e-124,2.1090389858716377e-48,6.789335737256725e-38,1.202433616532008e-145,5.718229736566138e-133,6.120569884552701e-57,5.291288826864568e-63,4.246458707387311e-115,1.4174242609006746e-25,0.002156107806549731,7.26754399526122e-142,1.161989237726926e-30,1.5288662628170453e-35,1.3843288630353996e-9,1.2551701073142834e-95,6.283753945311862e-115,7.827701394236848e-84,5.298896036639028e-59,1.345832492607461e-16,4.4683232023034347e-73,4.568594534993038e-16,1.2256794572348473e-45,1.0452358168732476e-38,0.03448880564489552,0.31196260093631717,0.3577051685925997,0.18029820278655093,0.01919229338240986,1.3384533411622089e-45,4.83764585343496e-36,8.750679339101896e-27,8.112280652972569e-13,2.430746500339785e-35,5.4261500784198945e-59,0.01568909245496577,0.02621811115741335,1.0752275253891966e-14,5.737109967706442e-29,0.00720216115547309,2.261537833644036e-59,1.0504963141778156e-39,1.4889049914002366e-93,7.819238599275999e-12,0.0019480633526104982,2.5684759320818397e-141,4.463062574298795e-11,7.332629619085326e-115,5.858169744664307e-43,9.109699292618842e-97,3.600158103624907e-18,2.5071862811391535e-23,1.306532720158763e-21,2.237346022294592e-12,8.640411682921317e-8,1.1029443919392452e-99,5.59875403834069e-29,1.1182755397506218e-49,1.305702139903654e-27,0.006277240713859367,2.6078006173546442e-5,0.0020051708070138274,9.918934320120938e-96,0.002968357182949458,1.3883895152186286e-59,5.747053691532871e-70,1.3939465169567518e-78,5.999265062331483e-62,0.005910370776004472,0.008808968939754021,0.006448526101008105,8.426120285302483e-42,1.4890473297911983e-108,1.0713355057235828e-55,1.5247427763906963e-96,5.815303852288036e-28,7.298176329241714e-87,8.399885801542104e-100,4.955221818121661e-97,1.5242095444534568e-57,1.852261411331847e-105,5.920783754741769e-109,7.635501341906291e-134,8.395703949414446e-125,4.194878184114588e-68,1.427886485197415e-119,2.477956597776533e-80,7.428248737029096e-26,2.0813062132153291e-88,1.1774178668718006e-121,0.0021398434029170107,1.1241217495374478e-152,9.817018467688318e-88,1.4198433403415646e-153,9.956332137550912e-66,6.213314683256853e-22,5.391990402269422e-10,1.4664387866778869e-105,3.397349372750244e-141,0.003953522661051754,1.9779318130935028e-71,7.876873577053245e-136,3.2954825734253874e-100,1.9289147453148574e-130,3.1044722146847342e-109,1.8150186412361859e-152,9.651906111990325e-49,1.3252705572918034e-129,2.224658858703691e-149,8.232545222692906e-136,3.642296131627637e-134,0.002393435135134062,2.7138197049572505e-144,1.294836898090174e-98,1.1830045993474425e-153,4.775066271003457e-113,2.1865899209221901e-100,5.9083622796017884e-124,1.1444957239648456e-97,1.2668167780200578e-92,4.0342972603170046e-57,1.0203594465482212e-158,8.90873937818381e-157,1.5213346973170797e-118,5.988929567872329e-182,8.2713175267068665e-47,1.1099442310095917e-160,2.6773176163168174e-166,2.5786067443464143e-28,3.0531173013150264e-114,1.30582633668152e-87,8.541179421498903e-47,9.013365869165368e-18,1.1702914818593174e-153,1.0781298395655075e-135,3.35653004303011e-60,5.920904669279455e-112,2.238901803460261e-160,2.232297704299257e-139,2.2950557204877265e-77,3.169307929809603e-69,6.031096931031123e-158,1.398191402293849e-163,1.1865276291421964e-126,4.410000935171136e-83,1.5654994456809417e-157,2.052097762479758e-105,6.214486665648842e-117,5.8030241643129454e-195,4.510669617509131e-213,7.95687486036017e-121,3.399967718874414e-53,1.5575146091831403e-211,4.4456219436810046e-167,1.3376066772469176e-195,9.549632836171916e-144,1.4470940815106912e-158,0.0004899762730852484,8.296285303819281e-206,8.462086887623206e-141,2.24823772003886e-215,1.2390467499660983e-237,1.450790757127232e-142,2.2505081846540975e-155,1.3222380883548063e-192,3.369892274350713e-68,5.062168853260268e-191,1.121606736603641e-242,2.393743058344991e-268,2.3402288030042436e-177,3.622460874158192e-304
0.0,0.0,1.1078293365775588e-189,3.26822657519706e-260,1.0393288311747556e-112,3.2567579049229975e-279,5.940119763809023e-278,6.678519742535657e-71,1.0126441346236563e-218,1.2047698356534234e-266,1.0285802859586786e-191,1.1523450468446902e-107,1.1916478706565813e-167,1.7475956600284604e-32,1.1092887624023168e-78,3.64052143447399e-52,1.1813310200069098e-107,5.191220168120552e-143,0.0012598605463538294,7.973189393648175e-96,1.0225282879966868e-111,2.314090263880384e-131,2.9008639599966147e-183,1.7229038437869881e-44,3.769903898158007e-138,5.10312153701834e-72,1.0186625475822405e-10,2.2846667927337304e-82,7.987790428978209e-82,3.172243459570996e-39,3.5137389985211556e-39,2.493059629713721e-77,2.3152892711218338e-59,0.006832061619048385,0.007324865016576295,0.0022339541651447393,0.012004446290885514,0.0028254885733733797,1.9970047195414086e-8,0.006122816879435167,0.007275873143618886,3.700366673782493e-45,2.916176613497203e-40,0.006059711672114198,0.006006371317041165,0.009258290216457684,0.00849446657261318,1.902229419414234e-37,0.003605822369812736,9.737213608737182e-50,0.0035855178165353618,4.101882230378674e-68,0.02124873163461745,0.0029736091850114396,0.002973801695186995,0.013243834624524964,0.006226252125148427,0.01615311691955212,0.006427708171733142,0.024192787503434163,0.0024749907716146106,0.004749179916997565,0.011852529538693013,0.01958351046598043,0.0061076599154704396,0.015839966763022753,0.024234342121710332,0.022573809274836695,0.019747101796356612,0.017730719180107136,0.04148912355120034,0.010997936127116118,0.017888031863784914,0.03629972700742015,0.021894043745949315,0.020623002568376105,0.020031909436692218,0.03511258407340964,0.04183559377702784,0.0016185074283169693,0.015951128798425786,0.02474827275361448,0.006724178857186838,0.006151584300833625,0.018666401387119846,0.015970353786184117,0.025638498400292545,0.0312779076571524,0.006831159772753577,0.0032297786985795566,0.011085531756649275,0.026542821786281996,0.011550982981114519,0.025781412289907508,0.03984293693513722,1.9763603929015467e-48,0.034819512682523805,0.014822485954823873,0.02072490674821374,0.03368294320401646,0.029869759734914278,2.3861439726551605e-8,3.809479220430714e-20,4.795337648774409e-17,8.521396127988488e-19,4.293385654348832e-37,1.5028742260814886e-55,3.716567287946602e-50,9.08207929073091e-78,1.757937514159455e-61,2.923473238498892e-54,2.8180656043388468e-126,1.9249465083301127e-29,0.003005134633276419,2.28025878345745e-165,4.876387335204968e-136,0.004044076221052691,1.5334954615561369e-153,5.347556903390595e-105,6.670708109052941e-29,4.2793881660260895e-97,1.4046927807396682e-25,0.0025027374381345483,5.127349964234628e-112,5.290149687201406e-96,1.0761582891752255e-79,6.477330915833011e-95,1.6060333953545456e-63,2.364292232623055e-184,6.514912225386373e-20,0.003066050018387008,4.5098595160294447e-153,2.371050715558387e-112,1.5147556103158064e-67,2.292459762210108e-140,2.2236379308999276e-77,4.839460714542897e-148,1.366522030722769e-122,0.003137369264343642,3.750187258753436e-71,7.209321369686849e-69,5.126662499948003e-108,1.057946682556053e-90,3.3097933133421484e-20,3.56431650231329e-148,2.935538861970519e-128,3.7342259687370895e-109,1.6556902062208274e-157,3.147505544287233e-93,4.7326188926601126e-151,1.1263652554418464e-153,2.3340437602419869e-153,1.4836925387820684e-104,1.8617454122539032e-165,2.2970109223653733e-34,3.3386274215861346e-93,0.005559107754293985,8.995460221616943e-133,1.8160550049403724e-118,1.3860748483066676e-51,0.0029632868885303633,7.146143335836558e-72,1.6567115442418386e-113,2.4863842039414573e-201,6.78381393785668e-183,7.13886886704378e-135,6.962938233516114e-178,4.124762382352103e-180,6.588884905971269e-81,4.239293513786598e-56,1.766237957961513e-176,4.9909795464804225e-180,4.813249103980596e-160,2.5010066327803153e-149,1.369065402434931e-147,6.196711092914715e-220,2.0133596032936093e-101,2.6053749414776133e-199,1.8404374731778496e-45,6.848524952147739e-185,4.03163474983526e-148,1.1639416744965037e-109,1.7613364823585844e-159,2.2666337158152858e-206,0.0027959779806002397,2.3350588936725434e-96,5.200422371866646e-97,1.0157116823533089e-194,3.801951665346775e-174,3.327280221633359e-174,2.9751366574127443e-157,8.110726923024406e-24,1.6507008409187186e-159,8.152688319680434e-179,1.2473787019680873e-265,2.596983123214485e-176,1.9574052144342534e-219,1.8020662668518858e-214,2.2252204910742215e-155,7.636199336146749e-239
0.0,2.6162092481856777e-223,6.1043133691029e-109,1.9293124656619508e-83,8.599824921489864e-201,1.498844582793488e-46,8.542591513666121e-111,6.4904242897486565e-53,1.0603356635562562e-104,1.0953786073068424e-80,1.067699181074485e-84,2.9474345578182855e-67,9.22749022618228e-104,1.086763723871711e-49,3.0704808782002598e-55,1.964921058079187e-74,2.0771966871642278e-101,2.9858521114287194e-21,3.48424356952042e-22,6.54207407975267e-84,4.711413404335146e-68,1.9393038686562397e-19,2.3841745797113454e-56,2.4898930070225474e-40,1.3181229739970073e-53,1.286635619313458e-46,1.8204142223234922e-25,2.3746853271810167e-99,1.1032769238423458e-36,5.059836253226004e-37,0.04971870998922307,1.2483214734791385e-94,3.4167501251523584e-78,1.340245579757028e-53,2.280299336129574e-31,0.020877362220015305,5.1075806389130544e-58,2.5099665754882366e-18,3.919819800237184e-29,1.5605871013244355e-27,4.738565095336564e-42,2.799871999315873e-81,6.946428589454699e-104,1.395187843782778e-12,3.0313021076930364e-53,1.649006204166209e-70,4.170655956903565e-34,0.016492785026201582,1.474327571489765e-84,2.7780570325020366e-96,0.009676152811795492,1.9730687439508062e-59,9.892121866617676e-18,7.532052979778263e-74,6.596083757574665e-87,7.110114223498358e-48,0.0025881731985810635,1.0211470652751526e-21,4.5279146352145583e-29,6.26859570476569e-25,1.7282554527554253e-33,1.3917927224851427e-23,3.6623644538115274e-42,4.501154506839014e-8,1.2181765271219904e-79,2.1301316284466265e-32,2.573984494589696e-10,1.4812602082242332e-62,7.692770532014928e-59,1.520655242527926e-42,1.8150659205973025e-19,2.256894121906967e-15,6.378099827948334e-48,8.851362354988845e-42,3.5501774930560577e-25,8.630191325341915e-35,7.17800427700589e-64,7.018587609524567e-54,2.021397563764208e-32,0.031282309682023196,0.009032147677992968,6.754930576456348e-45,2.0223637260694324e-19,2.9243842548705285e-41,0.043237496679334554,2.448602759708861e-52,0.010601805374402659,0.012449036867023675,8.879766539206276e-45,0.027703995643169183,5.013232618294446e-56,2.6522708657011296e-40,5.101233107862392e-42,1.750195937767952e-52,2.210219349956438e-40,0.044628557898806744,1.2360229319894972e-24,2.707544565342198e-20,1.2943036596907114e-30,4.071311898026131e-20,0.005068685545602205,0.0954139637212812,0.10531638014931637,1.3993484826514665e-40,4.167788635594674e-35,7.846807973681471e-67,7.727606700673228e-54,7.900496971112792e-17,3.5343971295119144e-41,0.08874661790765956,2.3732854162537465e-16,1.764149299985059e-79,0.009872901178883875,4.9341410321159775e-12,2.895036286421073e-56,0.022139841413459923,2.3377091606027182e-104,5.990321538533876e-68,7.750215578734064e-90,5.51450064781144e-55,7.989953469121787e-68,1.7745421828569787e-69,3.2815544496520443e-69,2.3301710395757344e-65,0.011572307228119345,4.444990253745999e-53,0.02967819862697695,2.3328421352370225e-32,5.873688111330765e-47,4.750929457266699e-10,1.2383325098782574e-55,1.6545862963242808e-66,0.0007168563289805189,1.7180301446669347e-74,0.06700775106688898,2.340454311744558e-8,0.05022252959050018,0.019042491989061126,8.506358004065357e-53,1.063378718764566e-59,3.2342548157791574e-44,3.4189919375879135e-34,9.474698529337942e-17,0.03624215329945348,1.872073020366886e-24,6.538755672838603e-40,1.6030495282850593e-35,0.009573504819471418,3.920530199981966e-53,1.2345064641177442e-71,0.02641564927960882,3.017078308747023e-44,1.2722611209743463e-35,1.1416084228035385e-16,8.5346169828105e-69,0.008146165754653725,1.1574311323689014e-68,3.6838633155774764e-81,3.4839691643383296e-27,0.009220138945332051,3.835683394511121e-25,7.740118875441504e-58,1.313114173798844e-41,9.64005892707286e-17,5.165484361599813e-73,1.2358675690403987e-62,8.942625705527288e-49,6.696632586004193e-70,5.0923045632166535e-54,0.008974382998421605,0.04987603653300472,4.629147876828648e-59,1.5466224979631854e-82,1.0527644615848851e-82,1.2465016424596608e-72,5.612989531394793e-14,3.131071191374273e-82,0.010723877991626487,2.9995325285822106e-31,0.028851007082980464,1.2057001813645517e-37,6.414446023857863e-90,2.955019798229238e-91,3.911538267898406e-39,1.682574995897216e-90,4.207751937129094e-102,2.74674697316109e-9,1.0688086540156048e-33,3.841643330876206e-115,1.8013619964338806e-92,4.74176079490811e-12,0.010870211338209111,2.181127121762464e-37,3.454689937822584e-80,1.4266042708488662e-61,4.39285818350514e-53,8.429391611339552e-117,4.323821446246097e-99,0.018019742235481803,5.139761623642326e-126
2.316397153615649e-183,2.0913721675214663e-109,2.1039289348866506e-115,3.7129603349916717e-116,3.436312772922563e-117,1.192257433543595e-128,7.637272075453379e-128,0.0011905979802529771,7.15753807272898e-11,5.0836462172706525e-86,1.2942079080058956e-34,0.0038939461572880664,5.72002493210095e-10,2.1419649465508274e-47,5.789676827740455e-22,0.0023442514592929764,0.0008082861274928083,4.385079509389921e-24,0.006923484880849927,3.1302227798375354e-23,4.1934592362953726e-32,1.213053155268587e-22,0.0013190399915489915,1.170349196358298e-44,5.773213773370571e-10,8.30720480281651e-38,6.519721792592125e-25,1.0159968201399474e-15,0.0006981587324672326,0.0012680797575924663,0.002299986785460554,2.3036750800190013e-133,3.770153538941768e-6,0.0011420425296198348,0.00238987045164994,0.002025904192074218,0.0012581407676983145,1.4145209043901636e-59,0.0009794836533219265,0.0014636712295059107,0.00561343399652588,0.003391763148215901,1.331377101514251e-82,2.0127820384462793e-59,0.00178455531978065,0.0026370875793313084,2.088047838312837e-114,0.00251090981053757,3.430805293549095e-140,1.365771926631572e-57,1.0292692740073278e-10,2.7981626577330747e-82,0.0017695743384411962,0.005297476894125338,0.0013103147117629363,0.005875044568323215,0.0015503775866949644,0.0006275506026298234,0.007229647646826739,0.0031880257377205753,0.0019988885015194686,0.027088849516931322,0.12477369537722316,0.13463016684140672,0.10373952862823088,0.1088111835317543,0.10247568878422372,0.08665012038358391,0.06797556059271391,0.03157214954156132,0.022055073091835124,0.010887690965639941,0.007439087871983779,0.0014917529530954047,3.9179175093564444e-19,0.0029142029218277615,0.0008601695989843916,0.003050504611005921,2.622474031143485e-5,1.497075124363008e-44,0.0013607442351424837,6.418841224933794e-114,7.169871809091516e-80,0.007701438557705889,1.5059487888898904e-97,0.0035436749313723505,5.435173553113758e-44,0.003068563992416917,1.6273331490743003e-96,6.956553071248449e-55,0.009842848464121364,8.496127034577022e-100,0.005729896060139557,0.01213668887557349,0.0055124919343690956,0.00456114025340555,0.004354685498974892,6.705754316521649e-100,0.003244211684708793,0.004157385857040123,1.1766351641795023e-134,7.007269964673591e-142,9.476901989441465e-52,1.310565965392739e-54,0.0033947184446673504,1.2830987143654842e-147,4.4850718979572113e-41,5.5184377212721497e-76,0.0012504207134752645,1.2966298664464442e-153,2.9457607567161345e-166,1.84141389204706e-170,8.597824274106722e-125,5.937353734914301e-104,9.627082671376576e-119,6.597745468581736e-159,5.5777372722293466e-120,8.788994269599872e-53,3.0709971737528767e-80,1.3474185143322164e-160,8.986956736197593e-95,3.7947048363474874e-110,1.1512954410952193e-147,9.223661123151563e-77,3.94082589928746e-178,2.2453313916550184e-109,2.9550011695475385e-129,0.0002456324813432285,1.3161908801977444e-120,0.0016835428830454036,0.002581240136499798,1.4022086142976587e-107,3.179140129581186e-78,5.992850341861496e-39,1.6595981474986339e-161,1.4085911008202356e-95,9.607175720000792e-126,5.525985928713481e-156,1.4681184463434938e-78,7.569365819475866e-148,2.0640374348925134e-137,7.831095829732771e-39,2.405315719463383e-140,1.793921535788633e-119,2.390407771136457e-123,6.185141913426634e-123,0.0013230961060722165,4.756855593797341e-164,2.4029914672518598e-119,0.0013674786252266264,0.0012933568680512618,0.0014633001046628928,0.00045385417272929783,6.195616403113796e-173,1.2221103236033132e-157,1.1375186043178637e-31,2.1018411304945545e-73,3.2088357438805916e-24,4.787410196138732e-114,3.5667532667384114e-12,9.158475797015037e-61,6.007033032016549e-149,7.138177566482383e-100,0.0013059543736599088,1.3070727797403132e-127,0.001347120370942824,6.586648775694971e-203,6.41578022659207e-144,1.1646938317169783e-159,1.4103299488493274e-189,0.0006229467294286838,8.260362165803295e-169,2.1071854053940496e-205,1.3814322139785017e-95,5.817128705291678e-176,2.5228589894451723e-148,1.0577065806760159e-87,3.474378092517427e-104,0.0012267920331780497,2.2426978904727828e-117,0.0013821060618912162,5.590934978431095e-125,0.0012968441525120825,2.3593669360623903e-95,1.9868501650533536e-149,2.595310960050275e-185,1.3383541946125872e-142,4.563359380945031e-193,8.877660519648867e-6,9.84813956326795e-126,1.7420969493660754e-82,0.0013039311653261368,2.303740427359068e-119,1.8201499362113236e-132,5.450776071767592e-138,4.824285670425378e-149,1.6603448463970295e-209,8.542149717338823e-241,2.5713990009077116e-107,2.8828183252365973e-294
0.0,0.0,2.4205363579773375e-289,0.0,0.0,0.0,4.0419093097e-313,7.888559377438701e-138,2.9766727411940093e-133,0.0,1.4222126648323748e-274,2.902106433675926e-247,5.430996995066194e-232,4.359108558044323e-209,1.1127803150057573e-170,7.4429590499883795e-224,1.4129931943866868e-241,1.3873640589698135e-150,3.2356793369326783e-142,1.2018979875368687e-120,2.715564896915586e-212,7.125431319597207e-223,4.700578083216299e-186,1.4988750268802683e-157,2.168762136014009e-179,1.6050944003428084e-58,1.2979142461574204e-206,4.250568704037702e-152,1.6642295825233307e-162,8.712887526313676e-231,1.0089857703716505e-180,1.0390014359356846e-204,6.717024483035469e-179,2.74477616020233e-176,5.362649685345402e-161,3.5784931219372966e-106,1.4728327756876838e-83,4.1023805472760654e-183,1.6332568066406005e-170,2.885910846097443e-151,8.486420708016124e-147,9.502229962033652e-168,1.4838373705565523e-44,4.3759957918719796e-172,1.35072981809399e-176,2.1157372348554084e-165,5.969004510322874e-175,3.2711417411469257e-156,9.150820446557699e-196,3.2491378036145737e-105,3.556268957335587e-204,9.60184216525119e-137,0.0012520485951168442,6.107689091740219e-186,1.8598736828347404e-80,8.108015000656699e-94,7.101182313153718e-133,4.7445455270005834e-173,1.8031805012999277e-114,4.531942809486508e-166,5.092828314932754e-183,9.447967135640054e-185,0.0016399631787337565,3.2170478967572304e-129,3.5706467223262724e-134,1.9903242448424226e-71,2.2502407837149276e-8,4.1364765818012463e-94,2.3054508215025105e-100,1.457701330360893e-142,0.0015923613250394852,9.750804502122366e-45,3.1488225996743046e-118,1.0740093901322894e-90,6.597193100574885e-97,3.175346473919165e-94,6.329638512504688e-95,6.896303734319014e-21,5.4549177065742636e-117,1.0790136816776672e-82,5.579481821636547e-58,1.2740097926199788e-128,1.102098916428052e-112,5.999909323587563e-132,8.12330282485656e-99,2.5611975844409e-43,1.0647240803451625e-79,9.84872941162621e-51,1.13663547906097e-90,2.2062475024653952e-21,2.703344839501254e-7,6.028342227703663e-73,5.799542513302264e-16,7.958638056110982e-106,4.588295638284361e-22,1.312125731070758e-107,5.3380690458905636e-108,3.020805896493557e-56,9.274766553777149e-77,1.574257580796129e-65,0.0014915733684300126,1.169260329069398e-13,4.137818860808848e-107,1.0112085878438233e-100,2.0090615597669003e-34,1.409329153231196e-104,3.909106397578407e-27,1.007496652652411e-45,0.0020466196369563145,9.72755735082569e-31,0.017900056410479284,0.12134765000807599,0.22742953832868457,0.30647676281987846,0.1755771001158102,0.004464305937883866,3.224118774907527e-19,0.009551806387135126,0.013782116462960948,0.0033891237310382173,2.2512653516125478e-37,1.0319445943552843e-31,0.004171239079109557,0.004120210931650863,0.0007006961448805318,1.0422553340448646e-18,0.005914135304880036,6.480102458804819e-26,3.410763840546006e-32,0.014778850907778099,3.104486849866386e-14,1.3039340730205874e-26,0.004108679881719881,1.1592964720773257e-40,8.661905776397745e-21,0.011810389024954357,0.0015514196908067196,1.3255822027196833e-22,0.007256287737679887,0.005288520513259008,0.01973738435027218,0.00509455834224924,0.013735127794280554,3.6248591503946635e-10,0.003717425888356162,6.742053142013697e-47,3.445977373433476e-12,0.003295224211057996,4.138251961082175e-115,0.0018022444479764228,2.2803184233781816e-46,1.0147060045816126e-11,7.64239597685881e-102,1.7746917931153596e-167,9.315429564181787e-114,3.363462173855028e-112,1.621059160399117e-94,0.0016035285891573873,6.830015061112949e-56,1.0640534014540457e-101,6.0676615064183745e-111,3.1334335091894953e-127,8.719782028681956e-85,2.6049104379618036e-66,6.817117080778455e-125,1.1871650768009623e-144,2.232792057370241e-92,6.222751742909614e-94,2.6708738589897033e-112,1.603825726895947e-119,2.0930407541524376e-147,1.3691588266545552e-26,1.5170336052296751e-128,5.5239077061593014e-86,2.499926493321769e-186,7.830433308793744e-78,1.6446147842697058e-174,2.3990549223685667e-91,1.3244418484207638e-122,1.9917346097993795e-144,0.003372757640588697,2.3349606993077153e-147,1.7691807791973785e-99,1.879809627509662e-71,5.38353917403665e-61,9.52519598958874e-114,1.5097501531245543e-141,9.893080982474572e-136,5.278222087118431e-168,2.135473255347125e-126,4.7162354042764054e-129,1.4425907728484225e-85,5.109759177345877e-190,1.1340605557539596e-134,1.292160619068279e-178,3.4634098395442185e-222,6.440240319545532e-102,1.0380626209333823e-209,2.537395505410394e-118,8.836154973658778e-299
0.0,0.0,0.0,0.0,0.0,0.0,0.0,0.0,9.001301382659384e-239,0.0,5.7e-322,0.0,0.0,3.227846334653604e-259,2.437427173297497e-287,9.147517803599682e-287,0.0,3.305578239951446e-271,5.665439355049601e-215,6.756693734718278e-231,2.70036408887376e-175,1.3180530668558382e-261,4.5809504224463894e-145,2.2972901545865595e-242,7.858047922293873e-215,1.08552672947068e-267,5.559653621986124e-236,1.3011028027284824e-175,2.1133203715014207e-244,0.0,3.2128560834109295e-295,5.360738079133338e-258,3.4331566271378774e-270,4.1133262170678093e-224,1.4146450484840144e-262,6.533616807272957e-175,6.455692231230243e-244,1.6966760564343406e-189,5.954305090927695e-174,6.36423478921919e-161,1.5732089030273936e-127,6.195776923925016e-165,1.777349900111903e-26,9.061558522477277e-241,4.6982093834925766e-223,6.589506314378896e-121,1.5600665135375856e-211,1.8486009230261552e-132,3.1045405309082515e-56,3.613821070100362e-70,9.39891209647486e-205,3.3817958178609793e-50,1.4331547038249254e-167,7.591308463559954e-141,2.813328293182375e-105,1.8534990082976412e-84,2.508167446131156e-146,1.235431187939191e-178,1.4772255566862952e-75,1.8961967464666268e-97,3.0489287447058696e-157,1.0041902860561066e-185,1.830182382527054e-127,2.5975795282367856e-131,3.678635683327089e-110,0.002200613723805993,1.232711611481376e-176,8.001385577297636e-148,2.0857484932758987e-100,1.766118842431473e-135,1.8389023672865592e-41,1.4429019416328016e-96,3.7531550189072736e-134,1.8695808002637748e-41,5.318073650748475e-95,5.7281880077907e-70,4.217734233307224e-34,5.082235768193045e-120,2.661798538402965e-99,3.2452908533515956e-116,3.9673830440297896e-13,2.566409382059922e-120,7.94380958191607e-77,1.9501407258418462e-75,3.2251266144449215e-41,2.3318080467107668e-83,2.8159535507511223e-67,1.6842478570416238e-70,3.3032770827933173e-37,1.0085447297238764e-128,7.841027199084309e-106,2.8929972647131876e-52,7.027642370203855e-27,3.8462356058631807e-31,1.0441727383761403e-118,1.9035119006098804e-55,8.11226212737995e-92,6.877169089854867e-81,1.6471791231256672e-63,6.215717335021825e-64,5.057636227906785e-8,1.9032392387249587e-73,1.0402595647948303e-111,2.3055727976072533e-89,6.939558691592326e-27,1.4287438382377256e-74,2.3960809301684193e-25,0.014667517310800623,0.09042894775708446,0.22128229750412465,0.3344931051065279,0.18370061958180822,0.07820205885173692,4.023434772640864e-28,4.611318385388184e-9,2.8599207244648463e-13,0.009956115365085696,1.0591036172568265e-41,3.841345209271058e-13,1.2016880479446926e-43,0.002789770346617363,0.021793140015901963,1.0609119690862729e-56,3.801402109987106e-70,0.004080936466931815,1.019738614265885e-15,3.386151759136348e-19,0.003985950482000328,4.563970598300482e-74,5.1169642963245604e-17,8.939754481756153e-9,1.449028947443255e-86,6.944109018887275e-20,1.1939911557949795e-24,9.468354412605049e-46,3.370267674635817e-40,7.581855348958322e-26,1.8581128705241535e-63,1.6422963262954295e-10,1.3028593555509047e-30,0.0032574967725858012,0.012208586525983443,7.59782566798688e-24,0.004660351567806237,0.001157143575114355,2.5620033034791696e-31,5.808713360384748e-110,3.695029636276593e-12,6.730186115487456e-167,1.5508941309845749e-105,3.652534657954686e-35,0.0044749774624939535,1.128030794237483e-50,8.179557642379243e-181,4.283478379642517e-68,2.2706779044098395e-132,0.002280818667944185,1.8423222290194294e-160,5.161964953074371e-106,1.3597481852853331e-142,9.479344947149726e-169,1.024409232907381e-98,4.624526702330026e-75,1.0428549863889817e-61,1.5321366029654159e-175,6.761433916448292e-96,8.82797825132528e-104,1.3298648216356473e-162,2.9871727511735e-119,4.823002572438431e-160,1.6899855681769274e-204,0.004379488618895695,1.99807777908971e-153,8.683994037038556e-184,3.3549652560919576e-188,6.964599362522748e-134,1.7249642226004577e-135,1.0759006876899998e-97,1.0556308567183746e-142,4.167378632448302e-117,3.2253131426167836e-13,3.5148152058567187e-189,4.044292574895808e-121,1.1377607674936617e-112,3.785415823093628e-66,7.821691605598178e-128,8.909684465100358e-127,8.641693725568922e-173,1.277588746293711e-192,3.2613469761080753e-227,1.0594403501304748e-115,5.112517900906979e-93,2.5162344619007934e-190,1.0328955226042749e-166,4.63778504344068e-246,0.0,9.467436672490011e-232,2.4083774895063014e-306,6.74794092903839e-282,0.0
1.1688637701131271e-255,1.128170369747695e-193,1.0985732303799195e-128,3.243307595096306e-216,9.527895985346262e-212,3.2664716003088265e-194,3.072776914120993e-193,4.939901457820461e-93,1.2346377653141691e-105,4.031176831608928e-121,1.0532736693570733e-136,3.8024775843910216e-89,6.817538873351704e-115,3.2572345972137304e-106,8.708041232393876e-104,4.71320388642148e-81,9.80080794141749e-79,2.763213956158497e-24,1.861072869477666e-47,2.1358112994414782e-75,0.004177337181919747,2.1275382101797052e-97,1.1196022923311521e-76,4.429271203573805e-39,1.2885178202355788e-119,3.3122897571578957e-53,3.1766625962542616e-91,8.451688935547083e-55,3.17447690435499e-96,1.6973097660907288e-99,3.6450068626074025e-80,9.336476223396855e-52,1.4453888623883825e-74,5.180212718774081e-96,4.428714278816725e-101,1.5206687023382726e-91,2.495804207402894e-63,2.6252240720179e-37,1.5157928229511198e-93,2.723011309360147e-20,2.4996367863040294e-55,4.481397780701919e-98,3.998448548552128e-30,2.1572926622356553e-50,3.2039089927121496e-49,8.87136822911415e-30,8.875232064076923e-70,2.968032237528328e-53,1.3053304577570808e-69,0.005134525874842285,2.890541732759089e-58,2.09928167247994e-18,9.310367654760055e-53,6.238006183667115e-55,1.7747871672424963e-20,0.014071973209231037,1.0832958080441564e-26,7.357882553230335e-66,2.0938660059802796e-84,3.780848945675765e-64,9.272252066607171e-89,1.2605932402349928e-61,5.58922666210198e-39,2.2045744349117223e-27,0.046226911386613785,1.0465771841193094e-23,2.0296518706542033e-8,0.025783690368597227,0.0945022684865216,1.2131167972317592e-38,0.007170469151866638,0.024942325520732705,0.0248466406230923,1.0281946415966757e-24,0.06031513787361008,2.256344046804034e-49,0.050571610773054436,1.3837679527195918e-29,0.05527048377422049,0.004761177198660715,2.6857513607225943e-36,5.731967751785131e-57,1.8948030153720515e-59,3.34187648319223e-49,0.02438333496189143,0.03733342729583333,0.014099316262250595,0.03305307650034401,0.02198737643940982,0.017775827800555123,2.212879153973973e-44,0.019079368403677643,0.05204903764518403,0.04162189840019468,0.010042723580800966,0.01786550556215629,0.004751931402654755,0.07666682271106129,0.01832771282376102,0.0369329480293972,0.015624936259613503,0.009555888950568605,0.04281888312938463,0.004684867486298624,0.004706083746113335,1.658511663819635e-31,0.004809484292148024,0.012370050484157276,5.3260310988928215e-43,2.0872821845766413e-43,1.2763723522700645e-34,4.148692785212796e-42,1.167786789891249e-33,2.939124490145619e-50,7.756328199972068e-51,1.3403340183720775e-31,1.0472944069145915e-25,1.2615755522294987e-29,2.064645729311533e-66,7.720499799912695e-88,3.295007153066168e-97,3.498065559039807e-63,0.010363444822658885,1.369990788295424e-57,0.011505914672822306,2.9653185522446775e-46,8.420958540195788e-48,6.902770014972995e-44,1.082373969845253e-104,0.013956286895776814,3.6524464574634662e-53,2.3041607497266005e-34,3.793747398307783e-56,1.2621288182078327e-48,8.18099755734539e-91,6.75685955379784e-43,3.8935884863617685e-36,0.008286615676906452,0.0003193504982146674,2.3493223541240932e-29,0.013215660099199986,2.8522490163445234e-76,1.2179730245565405e-72,2.6876578464274203e-39,8.14024054928985e-34,3.338848789907246e-59,2.6693417340494833e-71,4.1932116925578216e-61,3.846926746607555e-35,1.853754717825447e-57,2.526127732025839e-32,9.186844138015233e-69,7.643223080090451e-100,4.2268429317605955e-112,2.0645469770229766e-103,8.90882064167404e-64,1.555019496915785e-96,2.836862187984878e-86,2.2190900503241438e-100,6.340682419894664e-83,2.254931318282668e-83,1.983870460743489e-99,7.632848796878055e-69,0.0040376534474830484,4.73250666232702e-78,1.1723400546672767e-108,1.3241524414917775e-130,3.7000393086851506e-85,3.187870473174835e-34,4.776752700624391e-35,9.570835177154724e-74,2.871602012138644e-139,4.066930726173234e-125,3.238964632675446e-78,6.7555390391926464e-155,9.587463784239419e-49,3.470621005085991e-103,1.3163797611908634e-103,6.221356899893133e-69,1.474185875098987e-100,1.1392695756919707e-92,9.95265440247015e-94,1.1496775448716574e-83,6.672778385643919e-45,2.364141479305378e-117,1.6065734264614883e-60,6.369047127541797e-40,7.80018712218797e-52,1.2525714117944198e-37,9.89496696093652e-140,2.0141555031097528e-100,1.8565355733522524e-67,4.66941606575755e-50,2.360922849382953e-111,1.6315775129219271e-124,2.1109121087606887e-126,5.8835664826099934e-127,6.503138060890942e-161,4.719358577452134e-119,9.379392623757239e-214
0.0,0.0,0.0,3.985457857268438e-245,6.425103388981776e-306,1.2024503632909899e-281,7.345545255706538e-265,1.810110943435276e-202,1.0801306490580831e-187,7.102219073389288e-201,2.629650326878089e-124,2.688140320106636e-125,1.8612895035783024e-189,2.4919864229490443e-133,1.7646150330346986e-162,3.964149566995423e-108,1.335994278904782e-137,2.8939279926758245e-136,2.543680068472208e-32,5.640050274174225e-78,5.414969325036821e-35,4.969578896283897e-41,2.1285951957541717e-86,1.9428355947005783e-47,1.093867982117948e-51,1.0733337560509502e-43,5.6819937567400096e-92,2.4709922971810174e-106,1.197337125410647e-72,0.003234835323034375,2.0463288793695487e-107,1.541223411339284e-128,8.69798828781755e-141,1.268296161845214e-131,2.5942236319399123e-69,3.9295009324181085e-110,5.193665883576975e-67,2.0437971579490614e-105,3.468053046552218e-109,1.1129513046938723e-81,2.1983945042244607e-39,2.3484519654562965e-62,2.367432827116279e-33,5.814763220314804e-128,6.035212842807329e-112,1.0643741702388837e-83,4.6684387849292874e-99,7.008328650360321e-184,1.1333677227053758e-128,1.9911190786727032e-92,1.0667000270541227e-109,2.464011082485828e-87,2.3694524631800244e-31,5.872076984872357e-75,7.61895419700052e-58,1.8232158204401036e-27,0.003188646944001677,7.63400759299444e-111,4.949559565067473e-136,6.0670489102289185e-142,0.0044707120322594876,5.3316756038539975e-68,1.371243102178454e-100,3.763607063104049e-68,8.879286754844742e-44,6.4306946688209215e-15,1.0518632819124158e-84,1.2674692754432444e-41,0.007265538347200869,1.5575529283947509e-40,2.1012545381630987e-39,6.832096867713141e-76,2.367309684874558e-48,1.7190398673252857e-20,5.158804091812423e-41,8.276349968196332e-24,0.00464433442782249,4.58950831828126e-68,4.273611981910901e-54,7.960773491887458e-65,2.2388396917356887e-28,2.849199683054333e-43,0.00592045082148438,6.791953043094133e-36,1.6187166024674106e-65,3.5806658441283225e-33,0.03904304172459939,0.010816986828453988,1.3662695549295538e-23,3.565290180261294e-7,7.070769123199325e-14,4.416457224569894e-9,0.00576864384266288,0.0066770304762482765,8.776265514838742e-21,4.1621660809897727e-10,5.682854342481791e-17,0.015447405321602187,1.1805651231115807e-16,1.0649270545104721e-13,5.844582599969569e-33,0.0653083548003353,4.336513768330124e-19,0.020472647968854944,1.273164550627609e-25,2.7602289732835847e-57,1.906367931973729e-28,0.0036091453929460696,2.835632118406327e-45,3.220185996514047e-26,0.007444782677657373,0.006076935036607132,6.846462379061624e-18,0.015379347310848562,0.02337567433530657,2.7305983983142408e-14,0.026688011900616895,0.010835524727400594,1.955798535089598e-37,6.811802754220882e-13,1.7489005576204923e-25,2.700659582043419e-19,6.447797769625583e-26,0.012903068381984436,4.344986031306119e-30,6.535798933913129e-18,4.759486790752075e-22,0.059288849082760366,2.3144947741139818e-14,0.020183956046967468,0.08581679494223791,0.03960921288546465,0.0920634327997222,0.00634353056547956,0.07945357068757103,1.462319799920697e-28,0.09300669875811271,3.146704965228665e-7,6.7241605376405856e-15,9.336770545458455e-8,0.008596617984329745,0.004090225021073773,0.003791137631623026,0.014885516715054701,0.02980053018089274,1.2033370868521169e-14,0.005551559417359129,5.53681569922464e-43,1.2301365198796964e-14,2.1070144460873083e-6,7.58853348298799e-27,0.0034637286847030418,4.041171865962944e-14,0.03442028837239487,6.722686076702902e-26,0.018455418524948787,0.00923835624712003,3.950065879715166e-57,0.04989915659961731,3.405699154215306e-12,1.0028606754075069e-29,0.011037996346708927,3.02026429303752e-27,3.566042940002766e-15,1.651997856183479e-30,7.746482647156745e-20,2.574071405243751e-7,1.178403223196568e-22,1.7459786655473179e-34,0.019353094284629363,2.8036140792287466e-49,7.538920122620085e-26,6.464596510093084e-16,4.720819635659988e-7,2.921829770547273e-23,0.0023085300262122776,5.685722917585021e-29,0.0057952926896878195,1.3731469019372222e-18,4.589546922342838e-14,0.004971780747764792,9.097744294015895e-29,1.5994456682413773e-26,4.5428719253036375e-68,4.782058976480714e-34,1.43432416912498e-81,2.0737533316143618e-38,3.089345650921033e-54,1.0102074363430503e-57,7.455503181711533e-51,5.789632283306823e-51,2.2774913898921808e-10,1.5115606237158425e-23,2.04692161917026e-26,5.937342470510361e-30,2.1879701466302076e-91,2.4722029568455746e-50,3.2637524972023996e-72,9.477229518615518e-99,9.369336996870036e-112
0.0,0.0,0.0,0.0,0.0,0.0,3.9623594626187905e-266,9.522732656129834e-259,3.984324112122343e-175,0.0,1.882158087085927e-175,3.3815326148829157e-189,2.2516739782918826e-208,3.872073873612111e-182,4.416101273965651e-184,1.888673325221351e-96,9.809815812654252e-146,4.660042115490114e-135,5.919080921166286e-75,3.356135020136069e-97,3.1900354504560512e-40,2.6142382421798303e-158,6.5602440597242436e-146,2.209512195991423e-78,4.050006437780149e-124,5.43980047096659e-69,1.1013349168489572e-121,9.431622964803194e-163,2.5635584615421415e-120,7.025426434295239e-129,7.824688335110225e-64,3.538901327991325e-205,2.526088733271505e-119,5.610716710974811e-96,4.699943712044109e-182,1.9727078517096946e-44,8.714463697118833e-112,3.3818916693377096e-66,8.855943701767157e-150,4.833839460291645e-109,1.688126286044239e-84,2.748394842145962e-134,2.1098591933229406e-103,1.4441440897562402e-44,2.790465728040347e-150,1.7429428165822443e-64,6.72597041169311e-138,1.4092689867790848e-128,1.715412457852836e-70,3.998008827259864e-108,2.762070772014337e-146,5.180055944407841e-65,2.971514462949948e-108,3.647063377422289e-79,9.561430801823678e-77,2.831213875323362e-19,1.8359818285860037e-96,1.4597756473013546e-68,2.835077439431005e-119,2.2266472121633644e-95,0.004069692640748933,1.726996524530609e-33,5.226540696679628e-49,1.5376296586436427e-131,5.422232578283536e-64,9.191734290526641e-41,5.103361359564328e-71,4.933441806325923e-96,2.0121935166886422e-34,3.107368947702261e-104,1.3425056386189377e-29,1.2362015834515564e-94,2.507588030968494e-44,1.8193722274127955e-13,5.087616119205369e-63,2.401862607504735e-61,0.04004887715404791,3.9953696497211956e-35,5.901873284648263e-52,0.0072341407512523555,1.9660305825539473e-94,5.269958917695811e-50,3.3773762883044807e-47,6.142912967178808e-6,4.717120836406697e-48,1.0796890797094317e-52,7.898048180159828e-60,8.046432701945146e-22,3.4844268213442836e-32,1.6549980118842826e-56,1.6521356414232376e-74,1.3834415106050136e-36,2.3771317834701264e-38,4.200992157502696e-40,1.076143109534313e-27,1.338865693236852e-25,4.344447214901952e-10,3.0979310773244486e-69,0.03646103081240121,1.9934901885569023e-28,7.18590018782527e-52,1.124705417613174e-59,3.155931988899631e-30,7.532743546664928e-18,0.06638126822818217,0.15070833845301207,1.3213472840433556e-22,8.555612601713981e-15,4.970768455818716e-39,7.959667586673857e-41,6.309774277064442e-45,1.2370002789801663e-26,1.0149468404874778e-17,0.023126637890492838,4.700202358209482e-19,3.063679705323369e-61,0.010835084593614099,0.06308677761074136,4.820688143000779e-79,3.368894423549519e-51,6.385219994935374e-41,3.1595479303285744e-43,0.10887624211418334,0.02136007157754008,6.4978314351148224e-21,0.014835001883077256,6.482731827095486e-27,3.624091001603313e-41,1.2326194627191172e-31,2.870254785663706e-29,0.007408614560946338,0.06703528351446914,3.6218451215784016e-38,0.01280821056799536,0.0443915294359622,6.691919090387725e-25,0.012108984969291746,5.606067963079776e-11,6.368720598264782e-57,4.124904386603074e-30,0.0072313667731874,2.563213709880754e-30,3.9403850968378725e-35,1.7710007195071374e-34,0.07963698552467562,7.269589141601587e-23,1.8633000186253927e-22,0.05422213409557096,2.947333321813732e-44,0.04453221154442321,3.949581781563157e-17,6.3510535900684055e-34,0.006206998547627382,1.4524862043078731e-40,1.2034365895817048e-50,5.539591759564604e-41,3.898172036199804e-10,0.012951843028650217,3.0921812895689184e-29,0.03936312475107897,0.007509276194697618,1.0343102054869675e-9,1.9520332619249614e-36,1.1061995425489603e-56,2.2013030305108705e-47,4.989691579820977e-39,3.977700257092631e-25,1.0302795963211709e-70,9.362086612647054e-41,1.7166606618253307e-31,1.296832492587984e-47,0.023416983797686433,1.7121089025008114e-59,0.021384973342765477,3.080664629176351e-44,2.2525494333367995e-32,5.310385224521506e-81,4.0818250555995135e-51,4.7340259551507786e-36,7.628958256905919e-36,2.0826430683517076e-24,6.514835931609931e-49,3.6376678319251124e-34,4.770201320525114e-81,3.9898470812440764e-25,4.826258612692094e-30,0.012762170813887664,1.3618084284858117e-24,7.903854787034932e-87,7.931498795541985e-58,1.589031096920792e-30,1.2884147053878038e-57,2.196108670938002e-61,6.279385765162239e-90,7.506322675097245e-80,2.163396746035408e-107,6.954277548888945e-102,1.2789734520243547e-16,1.957029229956703e-110,9.533878374599782e-140
0.0,0.0,0.0,4.537342411181724e-142,0.0,2.535931302402408e-210,1.4156143102459224e-128,3.5231839431423853e-272,5.3043801901109976e-142,2.1619366809566263e-105,1.2131526600455688e-151,6.072783268603874e-110,1.1794190663994868e-165,5.409582637101499e-118,3.054611570228335e-85,1.2916701548798904e-51,6.768086472885758e-137,9.143243454305987e-69,1.280940599494569e-125,2.890984672302914e-66,6.265746988092272e-67,6.452804290796077e-37,1.4994598737026952e-24,2.9767056209934152e-81,4.301442142781545e-84,1.6974156160816672e-87,3.1963234239534773e-60,2.7099038306200057e-162,7.796957766977706e-67,1.3213766432624083e-146,1.6622455408440684e-94,9.293598097599615e-145,6.307644985903537e-200,4.3384675589651155e-66,2.151263972770589e-29,7.983338358908695e-67,3.065768753672492e-108,9.995927312431799e-96,1.9860452537775096e-77,6.918170036293673e-158,8.73333168887773e-95,1.551553360657065e-71,7.870656670784674e-68,2.3238953320023584e-51,1.263577021409875e-111,6.190644964639674e-113,5.114016065933169e-18,1.9599437098279826e-130,3.4905613286921406e-153,3.923931792829516e-46,1.2874022926866486e-61,4.715620734559064e-60,1.7812687772452385e-95,1.1445069262837854e-26,0.004481840711374608,1.6573834449503898e-17,2.1515063857607532e-18,5.091967816197874e-110,2.3265515812642835e-102,2.923476655217349e-105,2.512999627554789e-78,1.0974350084361243e-66,2.40587011035139e-79,5.42414742462618e-29,6.337695762259296e-49,1.7926239206325727e-12,1.8615796548200917e-87,0.005570814525059573,4.1330355115242315e-45,1.3798574140924834e-45,9.808354744520486e-38,5.632149224455908e-55,1.0296616486438304e-45,0.003307411149380688,1.955771454827494e-64,6.295574832274428e-52,2.168326770093653e-42,6.980834530039358e-20,6.934215751699529e-39,2.097363722478762e-56,1.0950713225467543e-38,1.6192970914328134e-45,2.07728944495623e-49,0.006244000431179007,0.041803441991273296,1.6831425429572513e-14,3.138943605989423e-64,0.00239150630266406,7.653133163831207e-40,4.5939263317852024e-15,0.023521721354023493,0.005519503777482383,3.218290304531142e-43,1.7310692609134134e-35,3.5866397797486805e-26,4.0111837335077166e-26,3.1655950499323423e-14,8.203796086481846e-38,1.9965871838742577e-6,2.863982853585761e-46,2.2680912053186756e-33,4.0295436426623647e-26,2.465977644398458e-38,2.4279486302288163e-17,7.997533716449945e-21,3.083013388629513e-26,7.32018575471497e-57,5.290480937046176e-35,7.434337395722555e-24,2.5753617625166005e-36,1.5052251866320914e-65,2.030902303749285e-25,1.026506374744768e-14,7.930988881540577e-55,1.0557377544074447e-21,1.1057148214441918e-69,4.809302212334972e-31,5.727008493951283e-32,3.5566322964877527e-34,2.4522163903824327e-24,0.008819173456930689,2.959530540939861e-17,1.4336420053622547e-27,0.008413252926649177,5.4776633572173166e-14,0.027639888938038273,2.9667069312313668e-30,0.010143616334092245,3.9637047261538933e-25,9.100417664720699e-14,0.04963108192446692,0.018016427936857708,8.638056815463743e-32,0.06578719495165565,3.376567984689815e-30,1.353512598206677e-22,4.856008559478965e-19,1.4375060620903544e-28,2.852855960841191e-25,0.03194187792354011,4.9277212887795135e-19,1.8215081130597676e-20,1.7151110473564495e-8,0.009138596341724942,2.0911396825984393e-10,0.15865902862959877,0.11473412251998828,4.899711651656372e-19,0.06058976176646312,0.05184896981091577,0.02020478087761099,2.173491616081487e-18,0.016059031401446888,1.291774694596623e-25,1.6148372572739057e-25,1.2936177399155724e-23,3.934409505526324e-13,2.158757749749151e-18,6.627897747699741e-6,1.2065158632929806e-14,7.957594465245934e-13,0.02018114884350847,0.026212874025599162,8.950587885995223e-7,5.671995138713869e-20,0.0064348825958182405,1.4909931358021418e-16,0.019320617278664565,0.011961986006271637,1.2427920013816623e-15,2.5092460459211154e-38,2.0350023025577546e-30,1.5588066840894023e-26,0.055906471733016945,0.0086765875885113,0.01214319942652684,2.4975191131283508e-15,2.701324130392909e-17,8.582647577225842e-24,0.007327664953279547,0.013593420928819572,7.308382788791187e-40,2.4448255632556574e-20,3.284663914379167e-26,0.03451648100569222,0.018252075629503487,3.618870034766083e-27,9.543964483118858e-23,5.592024753622344e-31,0.013366184193621625,4.9189376601345095e-26,0.007629822901594535,3.572300773910816e-15,7.703743772821632e-30,1.1331516393412217e-43,1.1418390298157136e-47,1.0074793379331266e-39,1.8709023090696207e-53,4.270347371224295e-57,1.8187522684708234e-76
0.0,0.0,0.0,4.720476814619336e-236,9.533805272549219e-233,4.091218215441655e-270,7.543298151792994e-202,3.005451230073554e-122,1.955219333764018e-219,1.4715481376178575e-97,5.097846538840059e-97,4.153906191569708e-151,6.685970137607918e-96,3.6819837647419306e-148,3.55011945686931e-73,1.3836738582625339e-74,1.4029093494786625e-128,5.990224910711061e-119,4.55822726451597e-60,4.494082539135121e-86,6.81189075209087e-64,1.0922810846265562e-46,2.8622457114908127e-99,0.007103768563463889,1.0582509317624848e-93,2.3669171849631883e-19,1.0798597776260314e-64,1.9564484152858226e-100,4.550272191036226e-118,1.5914232502924864e-140,4.974329599563576e-92,5.197945657101095e-101,1.4235755416560153e-89,0.014656742377996513,1.0443045071636839e-35,5.5244669216999195e-102,0.0007835429856589522,1.4205583575428344e-65,7.150323346028709e-80,2.1054574071484382e-94,1.0018213416546051e-50,3.363582540694922e-69,2.394858364698122e-23,1.010560210827621e-62,2.000667750362067e-80,4.4994547230851794e-72,1.909329219183449e-25,3.965464673357677e-47,3.236428691719489e-105,2.476569292402029e-65,3.180523019227884e-99,1.8683204077393402e-58,1.0306036224078251e-24,2.9413195745522274e-42,1.22099425540728e-69,0.0003147256203968601,0.007917706377694187,2.639714447013987e-60,4.2690318173654454e-72,0.007523642963756027,4.958538400012709e-62,4.230128917018659e-108,8.626985191455157e-70,8.120866532738128e-26,2.8893607347136714e-87,1.3578199796501627e-60,7.621003772622035e-45,2.7934997523389663e-29,1.8536174348098362e-6,1.4965365456870767e-24,6.347495953437034e-22,6.6597558757092735e-37,1.0983448238607327e-38,5.938055551664001e-24,1.375838324039384e-59,1.1369470814621074e-27,1.3218621977379e-13,1.534234624354021e-20,6.058101762944976e-34,8.462001373242374e-46,1.1069604110145537e-30,0.008499302313788109,4.385186029013394e-15,7.560783835047617e-7,2.534163288995943e-41,2.7602605744194897e-10,1.1318360707987218e-40,3.406660284205191e-33,3.3661842357876616e-13,5.10521874368613e-31,4.875435438630766e-15,1.3541029623088148e-59,1.8433198136526776e-27,1.094663475887246e-42,0.0558423150447036,2.461109306529876e-54,2.356349169599805e-49,3.0692547703884757e-28,1.9310910341022427e-30,1.338009715884493e-11,9.355791346939307e-24,3.7630062385846375e-25,7.622506701114686e-16,4.6010560319693926e-35,1.4118701933158116e-31,3.005491027063783e-69,7.075268104677799e-18,2.0541255909527713e-41,9.777374811800505e-34,2.4383684437525897e-57,0.08354487471385588,9.85185714811025e-10,3.822120678211325e-27,2.762521587351874e-56,3.152586166246445e-36,2.0073453044860584e-45,1.1453999205911326e-53,5.114907427455649e-16,1.2937367062996226e-26,3.3607806826812114e-20,1.3261490001295157e-18,8.70684755886533e-35,1.0144909656301427e-25,3.270128946259801e-8,9.046788877638464e-21,4.317352097036306e-32,1.0742016485293124e-23,9.157173739909863e-16,2.8875004675248463e-16,0.20347001964470413,1.1163008093718026e-29,0.030483486550061226,0.00011372046471676336,0.009933442783399747,4.330717189854422e-15,0.010509465478933305,2.3356770613073442e-20,1.8037541571551756e-37,6.1588861601002666e-9,2.249734426892115e-10,5.194931460167e-23,5.235354937753658e-12,6.263634327729419e-10,3.535205837685667e-11,0.024543903727721233,0.059773751990947026,0.03907713536640615,4.707100236839055e-16,1.2173235586724752e-22,0.03165380969594762,3.570930168220279e-17,9.596715095132558e-17,0.006217492301677049,1.441421145799831e-15,2.9941794715617953e-16,1.2354968506922276e-17,2.81954173241344e-26,1.7030272770090739e-18,0.17118571021719653,1.4893884697451064e-7,0.058532050314051565,2.296863108299187e-21,0.03259937080411491,1.0258931316841007e-22,2.9331259854622904e-27,8.276510921234405e-16,9.000582119278572e-8,2.0573032541242872e-25,0.001276361137651058,1.9957636062575577e-23,3.7525962948609934e-24,1.2898240328267988e-24,1.4624174430662577e-11,2.025305447562256e-41,1.960920989465383e-33,9.152158760849857e-15,8.495369583966683e-8,1.218695745191345e-34,0.07831264464888225,2.62671808534585e-18,9.524430987257803e-34,1.1787283166775558e-17,0.03173964409939238,2.4022810834781384e-19,7.162021651824183e-25,8.060671233114048e-26,4.738076394942303e-35,0.013374221773371333,8.453638265459113e-25,0.01101417340351624,6.561972920123795e-26,3.573734363886796e-38,1.934059944284968e-47,2.413571616444718e-34,1.905487795282506e-66,3.778194284513475e-69,1.3294214883028799e-64,1.0678825217922973e-108,1.4411988986693154e-57,6.342188203558263e-75
0.0008727981701934139,0.0006351712054707304,0.0013991805845308862,0.0027369560409510225,9.265216861140304e-21,0.0074997108318384745,0.01605466903105091,0.015050143171464954,0.017081264539724576,0.03545813535932425,0.090893644869966,0.03808147526730249,0.0565820044849862,0.05322191674939683,0.04923687705750557,0.05228498992517731,0.03823424040745851,0.045433666193532944,0.04603908615751496,0.037032268415860256,0.04883610637353115,0.03719276629020085,0.03485652283444331,0.05106613269848336,0.04704945525008786,0.04378659327891086,0.036864946835725734,0.016051473187061627,0.008102721274351724,0.005099087157857264,0.004978202983181031,0.009996428655725751,0.002276346002036091,0.0019174797375751738,0.005125780206981182,0.00193704891815459,0.0016676997027556598,6.438276143663489e-8,0.004194190858497764,0.0014819087157052916,1.7138515048862427e-24,0.0013428323348158315,1.4052389235044615e-35,1.5344292704551913e-8,0.0016308913224303623,2.1883669314391613e-7,0.0024566501494938716,3.665648087035835e-21,8.972656956836896e-26,0.001326703429258109,7.058872819687304e-19,0.00249645769172961,8.685847068393732e-48,5.5798188165961335e-43,1.685098365757348e-42,1.157060659935439e-30,1.0282734112650636e-11,0.000620277575207679,2.0333001815879976e-5,0.0016495374966880407,4.960307998606485e-37,3.26972293549241e-9,2.882652686503303e-29,5.128856118210314e-37,6.545175909123489e-17,0.0003119199719491016,4.359963056559824e-18,9.063451437643416e-48,0.0020306989763675017,0.00071617954997845,1.5409383241672234e-26,3.291970390317931e-32,4.8423505856335235e-32,0.0005467181209129731,2.4602556170648173e-44,1.2033179233383959e-58,3.2364916940914638e-31,0.0010933077077770414,3.4968748896297023e-46,1.7825209843889217e-53,0.0015786722586332927,1.7138832354933572e-49,2.721090498712515e-51,5.927526005318353e-51,2.03906979754644e-28,7.232832272767494e-5,3.9357156549843675e-23,4.691579664545189e-15,1.976592118511925e-22,0.0015486045026693934,1.1099003366782567e-67,9.544007337799002e-60,2.1803777904521557e-56,3.076862651248812e-56,4.526693097459954e-38,1.466650543907295e-56,0.0007992195037921313,6.58538255546084e-39,0.0005271912162754442,1.2864550671371096e-20,2.82843465001563e-28,3.052807886808251e-16,4.3821714951828777e-72,1.0785539690520367e-62,1.8195709429997553e-74,0.0006756350700597904,0.0005744461959528201,5.096030612845794e-17,1.320734357704501e-82,2.0615977109477294e-102,0.0007228386371456203,0.0006273505233345791,6.765592308589664e-125,5.341317807784478e-84,2.5662431235102992e-92,4.2388501593439745e-99,1.615338087308202e-64,6.3228873093090964e-108,4.048291446597088e-66,5.266173510208897e-65,3.0643234707050286e-78,8.916474043062296e-110,0.0006023437926386629,1.5596016661431418e-62,3.225092389345489e-62,1.901111426216445e-18,1.3040963544811313e-69,6.477795637063399e-6,4.205546998185564e-87,0.0005336162761866392,1.9377486416727372e-101,1.2967478237489497e-39,0.0007350334697106294,6.360605000818779e-74,4.178453008222473e-90,1.897646043773395e-10,2.7478463467071423e-80,6.615618739041039e-84,1.0201706065271476e-27,4.00822984732602e-57,1.0701287085601735e-75,4.0226932999891694e-125,1.4932163712371901e-115,4.0454279835092783e-135,2.1422001264498153e-59,0.001253079605681791,5.673344694982208e-69,6.071512494417934e-63,1.5230258072959722e-50,6.858343973585024e-100,3.180618085379316e-60,0.002831707107038254,0.0003682353929943159,8.669315068564806e-101,8.860775090863739e-59,2.977800327388578e-18,0.001467067934986315,8.873886911646973e-45,4.104855804433473e-28,1.124034057991601e-17,0.0006815481810943708,1.076028626445466e-48,5.691858175529894e-140,1.0804332077206292e-46,4.0768460502692476e-85,8.002107969445976e-20,1.978131084044693e-127,5.234597512866282e-66,2.951820224439649e-101,4.123061810970241e-76,6.318449456806618e-15,5.139995488379558e-81,1.9946464953448128e-112,6.827537000066717e-43,5.581774697195461e-132,6.652189113285614e-82,1.3551499746716847e-44,2.718116332158736e-68,1.5727928984798555e-89,2.143003008314231e-99,2.0077161198455418e-22,2.9403756687064795e-12,0.000638668496836716,4.389788480860844e-67,1.1808117993930438e-145,1.4875094846506454e-133,3.799227107277955e-113,6.295373853867077e-90,9.60095714894154e-131,1.7411991235770766e-147,6.364306503681571e-118,1.0854986142578316e-89,0.0012040369271940589,1.927307153943159e-62,1.3142164500536073e-43,1.0809089406421698e-38,8.463195280737965e-142,3.9295410687998443e-143,1.714116473841671e-150,1.4035581812815259e-217
0.0,0.0,0.0,0.0,0.0,0.0,0.0,1.1108918303497268e-255,1.9651156618694426e-90,0.0,0.0,2.043153977431845e-259,2.6133789348243446e-292,1.2584493079806781e-141,2.7633718276821392e-198,1.0215029398028843e-270,0.0,0.0,1.3401569698776501e-304,2.404576920783522e-230,3.708668632450832e-174,8.836332430170977e-277,5.820962344663575e-167,2.871629805196067e-196,1.809601285085872e-220,8.616120330609315e-122,4.424584349103567e-225,1.158032214806849e-295,4.9297882965562345e-275,6.903926876754166e-234,5.549827348598088e-246,1.709195147280994e-144,1.6577259936884696e-221,9.454863225291892e-204,5.4805146057690614e-188,2.3526806671671163e-209,2.0523528828895645e-115,2.4154565770257157e-143,1.620640659165497e-159,2.6849973809436685e-93,1.5070347032742033e-116,7.25069628346645e-200,3.4589801730349164e-78,2.924901528285416e-230,1.7828351939049758e-188,4.1051761773178495e-139,2.4130515883661277e-183,8.711080794629908e-73,2.8422048073514657e-63,1.4084337783341155e-90,2.2444624142978507e-188,5.874755960638434e-98,1.921621831334328e-150,2.191270376578124e-159,9.675103016299988e-139,2.6661489659560765e-65,5.953041249659684e-50,1.7546116040539394e-173,9.34054983446719e-61,8.012543323040809e-92,2.314615761678261e-55,3.2180228398125704e-161,7.568002802613391e-156,4.0569275978646136e-140,6.535930634508657e-122,0.003511137627138261,1.0843283441273057e-110,1.77481339928134e-106,2.619633759608382e-88,1.1294443929953568e-139,1.0848267293958978e-47,2.4232993766452246e-91,7.008316070492603e-115,3.3155283789874873e-104,8.746828610193717e-77,1.010990880262759e-93,1.1019225347130948e-43,7.339490344460796e-67,0.004941965816556937,9.763895088169173e-58,4.7058963420688714e-7,2.5871004628561898e-77,1.299896889238735e-151,4.731581703835147e-125,2.5464677770633186e-69,1.9583812170869556e-49,3.34651098665687e-116,8.00411357970778e-104,2.8998795856334906e-98,1.7929691699971937e-147,7.384513337077387e-49,6.3388106086086e-71,3.140685219656443e-26,8.741508860866606e-106,1.2200571210588133e-100,1.0332921480344062e-98,9.910234318021467e-126,2.4132480824917145e-21,1.0810140250521766e-29,2.287013650770605e-62,1.829389989810452e-31,4.3152331228124425e-100,2.597670859697586e-143,1.9180148154390616e-62,1.522530279900829e-83,3.90315443175136e-8,0.00014580176569355832,0.0648708090108558,0.38903020133630717,0.26599333285294724,0.09629530721933582,0.04287690430474479,1.1458940310158145e-6,7.079592006408107e-31,2.7103437174407506e-16,0.0094370373490305,0.0063814588948334985,1.4459552911051937e-7,1.6166584625111063e-23,0.012364059601043859,0.03602202335568256,4.500502724610379e-5,8.824874369741783e-24,1.0541816153662591e-50,2.682916779998294e-44,0.003852518872296588,1.248398246944132e-43,0.007991453864886039,4.382546481938298e-33,0.001997517245304536,1.3788689140443241e-63,9.731546660271448e-52,0.00442719740588134,3.2099302388358146e-125,5.445722509290769e-41,9.155321699896613e-55,0.007097123423329762,0.014961022765591896,0.012312404341045245,1.5730270585519253e-40,6.899590473776207e-23,2.7696129197393336e-23,0.008986184572210914,1.5533729687250212e-69,3.875376220160433e-16,2.593457625978324e-82,5.2374306906299216e-89,5.425222923246421e-63,5.559581090464344e-80,8.768343121061778e-87,1.1531230054848504e-28,1.5662819626403026e-69,2.6434849937674664e-64,5.922805395279821e-191,0.006457733237298458,1.6025393590015456e-101,2.5131607497415715e-78,3.219222312762439e-165,8.256870192977226e-108,3.31034339665604e-77,5.421732683426884e-110,4.544552543973043e-58,5.51792229473564e-138,3.377927456357366e-67,3.467121545299218e-128,4.295430181647616e-114,4.704775232828952e-114,1.158700588480232e-146,3.733945263835205e-112,2.0513330705622322e-119,6.705023640387032e-175,8.120180631919067e-79,4.990012775186317e-118,9.384100588505792e-149,2.7432160219798433e-210,7.863096031784949e-140,3.0463012053296975e-182,5.991853561835067e-111,2.086159272586531e-106,1.0067649057509534e-95,4.3279964046762825e-61,8.734986105987889e-196,4.984265932418566e-114,5.812908007103423e-121,5.830287485851573e-107,8.492089446230489e-168,1.2175427616040574e-108,9.615810875776009e-157,7.542099178537815e-178,3.433207343208929e-150,3.075589165367269e-169,7.96626480219133e-134,9.784769629505938e-159,6.554822009717427e-224,1.7425414712499604e-239,8.5335e-320,5.904948084737463e-178,8.554412370032378e-284,1.2737891684350394e-242,1.0745821228262629e-306
6.426334268527046e-210,9.768013603216134e-141,1.5071147185337088e-15,4.980556563084924e-39,3.6372203673750216e-149,3.720956134713271e-113,2.811237096416055e-110,7.946938384872203e-95,9.021637256317133e-97,1.8338893892000043e-106,1.2621409849814615e-59,7.454171152321651e-96,2.98625813162892e-80,1.6034156431446893e-61,2.239867805180472e-32,3.9979030387982695e-52,1.5349689384949491e-47,2.3002719724508894e-23,0.002822384651131871,4.289024379588128e-32,3.1693701632028446e-20,0.026572853035476116,0.004333043011652402,6.085774762102997e-15,0.009719352344057457,1.7450542105103795e-44,6.949664133386712e-66,2.7027886773105723e-75,6.114589483005422e-14,1.5964137295179085e-54,0.004651492886939691,1.832553450177937e-19,0.008938506574247298,1.188421043378172e-58,1.1714142316989862e-39,2.8166677803637735e-24,0.014153108077317511,2.6623120789951184e-5,2.0955255480198606e-28,3.588338103124702e-36,0.005257320041408215,0.00027342242098304833,0.022750998040765393,0.0038451173755695185,0.010891554478284986,0.007171196727869015,0.0018622912466037653,2.2068635564124603e-46,0.015587248983404712,1.0062803784944277e-57,9.126396082753797e-39,7.593479727954785e-50,2.5454556883247846e-26,0.012590995186508743,0.00769205436851592,4.445835972344628e-28,1.966300691062592e-47,0.009994781538078472,3.592239986661983e-30,0.007848950814793336,3.786328115335042e-60,6.019442700635967e-17,2.710683053771039e-5,0.005015499301764097,4.164028492599982e-15,0.019514419557621787,4.456494844458585e-34,0.009257499361349088,0.06006926913424127,0.04912146252621509,0.043322591233165765,0.014730094896161472,0.004162425466371987,0.08707886653845978,0.15647260815336647,0.1549410673296666,1.1025201233303877e-13,0.02776857185605221,0.025188160280100774,3.7271491876006475e-9,0.08963439254076803,9.364115174411585e-6,0.012201024925228524,0.0074019777811049035,0.0008276600552151264,0.016641340939200246,0.003805372227637568,5.3386332673174686e-42,0.00294663743270773,3.399107644052928e-20,0.005085298427208051,2.4683532847946956e-15,3.6574457505593527e-25,9.680414997109833e-19,0.0026732286385194016,1.0077140898976914e-18,2.0018392174137634e-26,3.0080563433536856e-46,4.774305992383658e-37,1.4900667576552411e-8,0.008578305860348606,0.007302137456087486,1.1275792746065994e-28,2.2903720618475208e-26,8.441075461062428e-58,2.1575055066320744e-42,7.879719035402945e-41,4.624931983012742e-75,2.4597054058138575e-12,5.238964812409955e-49,4.728835163868796e-65,2.5858450237842394e-42,3.389674263341083e-40,3.985748478713382e-65,3.9845117977388155e-40,5.88922815089557e-73,2.4327186382865597e-32,1.0475191741603569e-7,4.883804690850961e-42,1.0777823826071656e-76,3.331708531214733e-38,1.3758661887028881e-12,2.415662853525205e-89,4.000774253169377e-32,1.812331210708813e-63,5.385026327313187e-68,4.254369073487541e-78,2.519033547064507e-11,1.0991307025367983e-50,3.377620541890136e-29,8.43321852460478e-33,2.3513482397722914e-55,4.123583245797413e-24,3.075644044433692e-61,2.6348603339973393e-50,2.354974612415237e-34,9.328267488146524e-52,7.868667503019081e-68,1.0948715254128841e-9,7.843796805346652e-67,2.271174633011438e-29,1.4469031087480266e-43,6.170629798686212e-62,0.0025889661784100617,2.1802150314349136e-85,8.17907552907613e-67,5.486604210741866e-34,7.944231969930305e-61,7.085471120074323e-28,4.1576810912310663e-85,4.467528961891983e-60,6.44802801209408e-74,1.6810367097803749e-62,1.9003408638469467e-10,0.0026599552669967345,4.210290691281853e-62,1.7204189636465131e-15,5.304185368769323e-43,1.1444469111858784e-35,9.704817308184678e-21,5.090576502299843e-46,3.816058813379985e-67,4.4031835104065875e-28,1.3642227349924336e-74,2.2978185876519348e-71,1.4156472196264037e-58,4.6845275834490185e-80,1.3197475445924381e-39,1.2506222742620457e-81,1.2110532871659653e-86,1.1588596421017056e-79,8.334361072381674e-5,7.85329748903992e-61,1.0459880622153823e-86,6.927171438702235e-111,9.10077879129938e-87,2.8767844155670636e-12,7.519244192145912e-37,6.239309360384423e-96,0.002679800723171477,3.576688913470417e-24,1.2216315670563203e-79,1.901835766946106e-36,1.12051079631753e-127,9.785247236543941e-79,4.1701377193566866e-55,1.2551720023932491e-86,1.1456867537415588e-90,2.6080248819196215e-82,3.9775075504054204e-70,1.1820664952781281e-97,0.0012281317352964343,1.4872424547659056e-35,3.341454696771826e-30,4.536500648532653e-87,3.452890209424566e-75,1.5763319355224132e-130,2.845934506328337e-139,2.5804765799386966e-169,2.941358716600248e-196
0.0,0.0,0.0,0.0,0.0,0.0,0.0,0.0,0.0,0.0,1.340701772230724e-147,6.814120823488806e-161,2.177235118603306e-293,0.0,1.0629188773651818e-229,2.627869793229756e-183,4.70255052389425e-193,1.1500351007551326e-168,3.240734389109935e-132,1.6876088343382953e-219,2.7898723293557743e-84,4.417960898047854e-33,2.3826609230131272e-203,1.0596450622933521e-168,2.59901015951173e-199,2.4434088304270053e-38,5.2195488752376e-112,8.988045876907713e-221,9.90389984885242e-215,3.913217e-318,2.5980200250022277e-248,2.8635224652131135e-295,1.7075745929609663e-259,1.2479781651243182e-166,4.0276485592421514e-17,1.8131206395797983e-141,2.1591174585683002e-166,1.689231829528735e-189,2.449561266923096e-84,2.2301250173005505e-240,7.091498323903496e-94,5.1842552400923475e-160,5.3414604427632285e-193,1.6822818466173093e-152,2.9168988582308736e-160,3.8527968385086372e-233,1.0044210106947664e-83,2.411417347595032e-208,1.0190161149675695e-257,7.334480808167397e-153,3.342612314628963e-205,4.992553517716569e-124,4.827175776268749e-144,3.5715629968865265e-120,3.9856425718416745e-80,3.6574280321217985e-95,7.597478848197242e-124,8.476952045147054e-112,1.4197101863878681e-183,2.2503434127994874e-223,9.982770229938475e-36,8.943989976079813e-104,1.2508870816980811e-100,1.0023655654621213e-151,4.939182585715918e-41,3.520194866708027e-22,1.2700523632013229e-78,2.3468334738031164e-102,2.3717709154516714e-73,0.0007221665010138435,2.009750847611564e-136,8.255561353228122e-52,3.294500119211326e-129,2.9756149705800474e-43,7.844892309739467e-159,2.298393931428825e-141,1.1265416360415583e-42,2.8906168580238697e-83,9.470002925080732e-119,0.0021904667849858652,0.0007132128041230399,9.362349151427451e-86,1.3213167934637612e-16,3.8811135958160193e-54,0.0007517889414846861,0.0019218517643311275,7.55610098186518e-46,0.001840265556851856,0.0011543958480544451,4.568753016231108e-106,1.0230938909401558e-64,1.1737133539493075e-116,2.443479923115927e-67,5.79402599633365e-27,2.636315989378409e-65,2.2034206384322642e-60,6.83635302166403e-80,3.120451466665679e-38,1.6386986593832024e-68,0.0009470114880610685,3.9801023937592077e-35,9.887076159611747e-19,1.2066221023433205e-94,6.461214351194052e-81,0.0015211162122563187,1.3367286373527086e-55,3.1438946390636644e-36,1.7422867495515573e-103,1.8447212223199789e-38,1.571403074675471e-67,7.635916759657044e-64,1.1081548582927852e-44,2.0334031219956713e-75,4.418984218735332e-95,3.193789291060545e-36,5.040434691140467e-60,4.9160508191489514e-31,4.382145174658949e-18,0.0006896506073836829,1.4898752619001178e-33,1.3479149838087556e-64,0.0013196975744718567,6.871111791085252e-19,1.3861348040532385e-37,2.140205405652338e-59,0.0013420789408443694,2.442648786510036e-28,7.631336071144894e-50,2.169619768387563e-18,1.4921389722992094e-17,2.247209013817606e-34,8.556452676561799e-6,9.793297547834491e-28,1.1127626076123477e-31,1.4440661707905382e-30,0.0034704724278625037,4.022627917583328e-21,1.5423276183890737e-29,1.880216374725514e-15,0.0005367959849722792,1.8789813758954658e-31,3.8818333142277526e-10,8.401877079599273e-12,1.601263092517066e-34,4.4602470400350566e-18,0.0025595605565558598,0.0027499689523893807,0.00028728707754365054,0.005548124045593168,0.009834660178432202,1.0061388777662865e-24,0.002187919455767972,4.517058838516994e-8,7.20558596248674e-12,9.2103844511354e-7,1.0732867261336298e-5,0.004535161969883829,0.006518130204038913,0.010955971363023937,0.013583286361479603,0.02405450120255685,0.05156790914740151,0.08301714469091692,0.08491862910754118,0.060642114686866075,0.08189623046700524,0.0644616137271311,0.06128807342573896,0.06587500329218507,0.07860488263857619,0.07128634054237136,0.0571447800671646,0.030362000111418368,0.020766244782124386,0.02313199334788361,0.0070447980729756166,0.012648996726901736,0.018669169301680482,0.0017826075386506222,0.005865192887483612,0.0003133881154783846,0.005255913904550956,2.1449723335384034e-10,3.0256826211732316e-21,0.004594955219638013,4.0224027273919264e-33,0.004058540929299224,2.809813764170494e-10,4.045552838190971e-32,8.305511643320054e-13,1.44869102082705e-14,4.816653977626583e-8,2.1055637009666475e-26,0.00154687954854818,7.070602373871478e-64,8.31648904948309e-55,1.4439263619143894e-59,3.7605972387820755e-40,1.2139085844728046e-67,0.0013007503208787644
0.0,0.0,3.023199471109397e-255,0.0,0.0,0.0,1.6823832354922513e-246,1.0934150330909541e-248,1.0114343348363712e-293,3.566707347999609e-197,1.271357228132456e-157,1.1439661896085666e-122,3.619281433791191e-190,1.9722023998853971e-177,7.751589319108843e-183,3.541289066152155e-181,1.465713767447356e-207,6.7694291323964605e-192,1.8762981212392627e-56,1.2451599868035093e-160,1.588444667768842e-121,1.6668465341410687e-14,9.596623387128112e-111,4.8823300769599e-156,8.899778784555938e-141,4.491692386176933e-55,3.606570161308183e-137,2.6605517218366894e-142,1.4024450044247948e-117,7.76609913408831e-181,1.7700194539754615e-225,1.9591866225201702e-156,9.064489723445534e-171,2.2046569700564862e-178,5.151991083609295e-16,2.074044403058939e-127,1.4611546243398865e-136,1.734289973473417e-126,6.84129989300164e-48,7.264804607938146e-220,6.0487503520036826e-71,4.375724084152801e-136,1.1692213098779345e-140,9.021938599977076e-161,9.966836790875821e-150,3.481265572442121e-195,3.122879292303897e-79,2.188467641761401e-220,7.204632016026264e-251,2.7264120206071012e-176,7.248198731956655e-142,5.726957726201839e-114,1.5470855365019074e-108,5.0578173993234374e-93,5.015523948452854e-106,4.166277597034764e-98,5.266408611896248e-157,5.017086443062017e-75,3.674228225986169e-99,6.425687740636548e-145,4.816197388368187e-70,7.233415120709886e-94,1.0311746364205413e-157,1.3046896542244765e-99,7.306061313692998e-39,1.4678578346079146e-43,8.231755173787214e-89,3.1433200861637144e-106,3.310067234259831e-51,4.34605544515269e-50,3.0608798994608122e-145,3.9872972396457207e-29,1.0373802454433183e-77,6.353145391436574e-41,4.700884202301828e-168,5.054601735342698e-94,1.216506008400718e-51,1.2565664776056776e-72,6.957204225021154e-77,6.023152268571947e-44,2.3191501523532527e-20,2.5995021420809145e-43,7.507263168812016e-61,2.505003800128686e-45,0.0009341446833615537,2.097443563601867e-13,6.776994335414569e-53,5.360773862782017e-30,7.892623292084631e-18,2.1293310414325568e-70,1.7899382591821527e-57,1.1471932647267932e-67,4.442470336212509e-61,6.436085041454976e-37,9.207686727102223e-33,2.785128658202404e-62,1.1921676966677919e-59,3.311169318219902e-29,7.631190546875955e-59,5.183501343893222e-19,1.4865927954201007e-23,4.305460311471207e-14,2.4173654295278214e-46,7.104785280717334e-54,4.200917457138077e-34,1.398307424904114e-67,8.94539390515656e-25,1.9802052683674415e-43,2.8583905220542688e-61,8.491882985481427e-29,1.5793344622447235e-63,4.337487612907923e-55,2.4121490805775865e-40,9.10773454084552e-43,0.002960623065582265,0.002166725621610403,4.225152074198531e-33,1.1682099554830137e-15,3.809524808398831e-27,0.001509441380589353,2.818170232102107e-62,2.1777794676721993e-24,3.6382644369300956e-14,7.009213621560425e-23,8.264604006600258e-55,1.4395803228261317e-13,0.004360556865235026,0.004379303921622647,0.004847897007409042,5.188328247406037e-6,3.6056861708268076e-16,9.082340415635917e-12,0.006478972671400536,1.3030370223496329e-16,1.1271205986085897e-14,1.571406801277819e-10,0.007313663596832841,6.581231287543586e-5,0.006701929704199032,0.010466328268402488,3.8252563052624154e-15,0.0008893146194948837,5.71700367117308e-10,4.2045893321121994e-7,0.013163110850823913,0.003975580695708194,0.0018753729765022802,0.001597947344255554,0.008139180736120508,0.004513796320276507,6.467187718255644e-7,0.012530912443108784,0.03746448439753097,0.05089578005062729,0.09833077816206287,0.10867577057271029,0.12239750529498311,0.09508151054309205,0.0652508546590096,0.09438092812444365,0.07162319927118234,0.07044252845619847,0.005302337480432237,0.01041659709654472,6.571275944128472e-12,0.00037467248933513724,0.01025785412165664,0.0034343241887096103,0.009679423649084355,0.015688648194164975,0.0032477416371584555,2.971117186027353e-8,6.1204852664880765e-9,2.748412466320875e-5,0.00047137112041064044,5.9584230764849006e-8,2.609150345820685e-6,1.2576865627539558e-8,2.8187474400249496e-9,0.0024656567489191226,0.005851724240569022,1.8388387568663812e-9,0.0066096673008771475,2.0172293941838365e-17,1.0191990875358584e-5,4.968046988091507e-34,0.008439467940321257,0.0031207972826842348,0.001179107724661872,1.2809061504032167e-41,1.0991862621515336e-19,6.919095787235912e-14,1.1227744905187362e-14,4.6982369579171454e-55,1.0813444565176215e-54,4.0735387643832624e-78,3.3170508017628146e-50,2.952060839372543e-59,2.538772564210923e-63,3.127261260681911e-70
1.6097187384788493e-232,1.3861779428347705e-185,9.385291423383471e-233,1.6716344739816775e-177,1.4139242938254292e-225,8.402962364700736e-213,5.225578355283125e-150,1.1136068161529097e-139,1.8764962495242189e-121,1.7542131039835623e-113,1.6280414981781682e-43,3.248675434036405e-86,4.205543531448697e-18,7.3652823787984e-35,2.067567945548901e-60,1.4409234790057716e-55,0.00015672688672318727,3.2821257511272083e-57,1.877917233072122e-28,5.270737451156241e-102,9.039001918365002e-83,2.76120113835407e-44,1.055043908503632e-10,1.1101648916285702e-31,0.0006828474974065337,2.309525338551133e-77,8.573139763101475e-75,0.001083320595031098,7.457081727699781e-84,6.79212881755893e-129,5.580591412724576e-40,2.58100149107155e-20,2.520768459611073e-48,4.534121417914689e-157,9.650393810622981e-63,1.1131697397998386e-121,3.9157753127240924e-92,2.3803985221985563e-75,3.1315197891589476e-77,3.511989078026262e-129,1.7464951720168905e-65,1.9587667267755853e-51,0.0016986732496226291,1.3385857382953899e-31,0.003376277448591571,0.039855211580957464,0.12570803583698745,0.17585540168104613,0.17482424214851494,0.18667019113570443,0.1560789286207909,0.05859932433196921,0.0032313769477678267,6.528141315377702e-50,5.023190921877027e-37,0.0010950999295259438,0.000944760141349953,7.1574123386282e-50,0.0009096286903296916,0.0012990014993554309,0.011217519763513553,0.012936020854113087,0.008436753498256462,0.0018915034227991033,3.122785940687891e-92,0.0025263846468114365,1.3345149831317397e-128,3.964161887302846e-35,0.0007228332435418246,0.001562784352119731,9.511760647508106e-102,5.582270161875772e-104,9.293329284400626e-38,1.848982470944653e-133,2.106761781475815e-129,1.4332345495887496e-57,1.95836030559652e-62,1.0821152964805837e-30,1.4182489395772343e-93,3.173132748378957e-27,4.795574675053673e-26,0.004509168232966964,5.599677677074846e-57,1.0024883115047422e-119,0.0014111092750105675,0.0025900619182094337,1.9387622051621154e-27,0.004114186931983337,4.803111967833834e-27,4.5682068472512976e-8,2.6461501111905667e-68,0.0027267315422081348,5.79308610377865e-101,3.874744287176802e-95,0.0039374493441901946,9.184193154504269e-113,1.8177794246497856e-140,1.5905986450727015e-150,0.001155606490736281,1.792111116729766e-123,2.7606893533549326e-9,4.559164177396397e-102,4.312702333878549e-108,1.360110335372006e-135,5.14781596024878e-99,1.1474112006700784e-198,0.0008735908982175736,4.649017991751984e-115,2.109886790450126e-149,7.859053093520513e-190,9.836246279670576e-200,3.2771841114593755e-176,2.8226630352048423e-261,1.8550844033491085e-212,3.82524171255995e-188,1.4386125428015889e-205,9.27076981844763e-164,1.093918169189489e-192,5.312276551654156e-117,7.736937116685788e-226,7.91976072674507e-217,0.0008900851924035538,4.518069957871656e-203,3.583867151011596e-17,5.150355131184444e-90,0.0008637931334088223,0.0008845484616065773,6.640228311995142e-105,4.6858746811535334e-138,6.525812125131092e-106,2.3102560220002467e-202,8.808985153390593e-154,6.470733660816717e-161,2.7388595634656236e-196,2.539397036985021e-82,6.36102584844263e-154,1.1765804137765784e-213,1.2896500032596722e-15,3.299187533442188e-208,1.0074354090779695e-191,5.985344892264168e-181,3.400869601119251e-170,2.4113437574238426e-175,4.802694447079471e-128,1.8798234335337487e-147,8.99441930407045e-136,1.5370025963978387e-188,2.4084642668695214e-130,5.674373786298365e-65,2.690658113565308e-136,1.0574538773128854e-223,2.8800528881219135e-178,4.18196418910768e-190,3.840686717776973e-132,2.3907767638004826e-120,2.5818517982708968e-220,3.3698449504052403e-128,5.120800229007012e-18,1.580344437948459e-136,3.124186902457922e-172,8.337386802826403e-188,2.740288817842543e-118,8.757391942297595e-143,8.015082642827431e-218,2.46711528441874e-147,0.0008847988215961412,2.800316842440279e-232,1.3832869880295757e-216,9.458516631760968e-82,8.527535376092154e-129,7.007844958064547e-84,2.965986852992361e-236,1.6505395464456867e-222,2.6766431382982527e-127,0.0011855979110832568,4.940179969285717e-104,4.3254202434468505e-144,1.4590465237842035e-210,6.786682701867244e-93,3.4930254210379784e-173,0.0017132990763112806,6.188630601396296e-210,3.1107036644383746e-45,1.5268337025974528e-207,1.5254598832454195e-140,1.2709870494081923e-236,1.0966975589216707e-222,1.1968936623686002e-108,4.770608790407014e-20,4.14838734273435e-163,5.3428531862036287e-250,1.220831439870042e-88,0.0008970762189746323,4.2390225772155973e-218,2.5164312719623334e-180,4.628036341690344e-146,8.444860563900615e-194,1.081525093467716e-173,4.328446235315476e-220,0.0
0.0,3.991350975006941e-223,2.5956162349042658e-284,1.6809030525581617e-146,1.948711278361033e-114,6.629041357263942e-175,1.0848118006530377e-68,2.077728081575693e-183,2.857560040513117e-99,2.8220590822964537e-201,7.822724127523858e-206,3.6024094943511805e-174,3.8551345958550835e-140,9.047728522872873e-171,3.2926091960554296e-61,2.049283812704687e-141,1.7026754075002634e-118,4.0261133683661386e-67,9.457306576821624e-112,2.4019509826927743e-64,1.4099792703957688e-159,6.023795278883818e-150,2.344106400093414e-103,1.720577417391906e-130,3.6124817556902793e-82,4.031092317266287e-176,6.921568101844188e-26,5.374787856451933e-53,2.5999516341097794e-91,4.566374656261192e-64,2.1943092995500456e-32,7.936135360061122e-58,1.4082412172721951e-71,8.745515485175866e-64,5.176381013759273e-13,2.6005013662621623e-74,1.9241442685472652e-7,1.2312775632461509e-65,2.179842480983941e-40,0.007440009153018086,0.0031280421714523863,0.003719748801411217,9.109346992619011e-79,7.617098529171688e-27,0.0035828501646317725,3.491241942897379e-140,0.007533824708040298,3.845886343693751e-64,0.005154449131249471,2.1706305201250884e-54,2.523024243574183e-35,2.26178330368156e-103,2.2438235601631497e-16,3.829260662573725e-133,0.009608361584626522,0.012566931909819118,4.719760528029699e-25,0.013370988740452358,0.012414696425193309,3.5651494410918883e-44,7.024882118672302e-39,5.451404942560023e-52,0.01658637801631741,4.489589333594918e-27,0.01430665111479997,0.013404199510713262,0.017283807019768532,1.5686506595011636e-26,0.016247706436286594,0.007820466207076476,2.262075190449671e-19,0.020386021748651492,0.018209107191772364,0.018225142790654434,3.3316085044777543e-45,0.026802728312558657,0.07445803425027633,0.041944583558914214,0.004227730451138217,0.013895417529950457,0.013508633492071922,0.033718601949881126,0.02907971127818288,0.004043165214746196,0.022192879569730945,0.02370807716895298,0.01429641267490896,0.022352570266724135,0.029309521516436017,3.546961963141923e-52,0.040374460915438594,0.020171638246831873,0.016756588950734824,0.02967258007190667,0.0362060428465824,0.01095719637307303,0.022367353306127956,0.014344559208225171,3.412197857624683e-15,0.040351414532130994,0.026908072718412165,0.026071659407320955,0.008083019870265792,0.012858750001079515,0.00630305812242008,0.006938078273947149,7.732870845533003e-37,0.006871742544590956,0.0070300240870184464,0.006886538486931528,6.3994491416229385e-9,4.859460051868786e-36,6.673431929364388e-71,1.112940192917716e-19,0.017386050618819784,4.6654389999068984e-42,0.01571360122767275,1.1341873760286755e-15,1.9235054539175464e-5,1.7851786770533222e-22,6.702170198316293e-88,1.439866428286166e-99,1.8399769184222919e-54,1.3080392652401357e-37,1.2974188154609485e-40,3.2753059378884924e-57,3.791069705146791e-95,1.1181495743475988e-95,0.0023331663732525988,5.315473047401943e-61,0.006576953009769075,4.759442468421608e-77,1.495927179564838e-103,0.006369692201203354,2.21234207607181e-41,4.11377817489126e-27,2.7936591784796123e-127,7.879455227569664e-85,0.015711944496894538,3.29349288434114e-61,0.006913733558474644,3.8476966313094605e-65,0.0031730905862399203,1.2158849585900134e-80,8.089686303554343e-35,1.773289771512274e-105,7.498219137829095e-153,9.137110420463105e-75,3.66674823250121e-105,0.0028723349821603767,4.110038943648671e-47,3.4155693617008465e-50,1.8232406471694814e-118,4.405954468287401e-181,4.427401370316605e-116,1.0037753381149695e-98,1.6105657008650178e-126,3.2110870309571527e-84,6.134720904432063e-97,1.4647545085977053e-90,1.511542530225106e-122,9.899507561529209e-151,7.15738125860603e-16,1.0911934266171506e-126,3.514347181154507e-153,1.1185732520914197e-59,1.7820784836386458e-61,6.406960989297496e-84,2.1294739579008267e-59,7.80170887821621e-61,1.7550497256497558e-38,6.463214561248597e-140,1.1866793374232805e-145,5.194465034544649e-134,3.240619446801466e-112,3.1211765600036505e-111,5.338159218502904e-121,0.003287877468372216,3.7694002406499736e-100,3.796888243526287e-49,3.6088861657455597e-65,4.583576744649734e-78,5.74337566665422e-112,2.379048464050073e-145,1.0104092530185427e-152,8.439801672703839e-87,1.3715084889244092e-154,2.806190376894957e-144,1.0428492133148299e-125,3.178726388238704e-173,0.00596189358475623,1.0260488056211646e-136,7.043130322428163e-172,3.474154950450375e-139,7.937487945540087e-212,1.796308634483122e-181,1.1667319228674944e-231,2.116327883221811e-162,1.0483428620627492e-126,4.630667692543346e-170
1.0398568471781176e-110,1.6892950544122054e-123,8.006947723631077e-132,6.637440236490015e-103,0.03204361026367436,0.3487480137324772,0.28533436927429184,0.036390045853896005,4.473692719827574e-98,9.638476086660448e-116,4.797851025350494e-43,0.006183539018786212,0.022714879189372258,2.089431409883163e-99,2.751890242637624e-22,0.0034988948648443825,7.407989641837568e-38,0.0038534208046345584,2.6056757176044415e-18,1.7416715836257435e-32,0.011940866166423226,3.3003493927074933e-118,3.4070430448836e-50,3.020093919179216e-129,0.005473450775369122,0.003371224297352992,9.628121274749523e-22,3.078906680640727e-49,1.423530845728361e-105,2.376964709026184e-82,3.859719442538735e-116,0.0032727147262808986,1.1378296632429575e-220,1.0880617463210098e-111,0.0023445739065105675,1.4793151428671972e-124,3.880724987085205e-104,2.9658291687181168e-182,5.279549316565934e-109,1.38119435658288e-119,5.6592508298453195e-124,6.810852859833032e-150,6.106536303244498e-185,1.0363105441858785e-232,6.501930109798878e-85,6.489864085109965e-91,2.5784179303619038e-143,2.173548174957411e-163,8.544906922030503e-202,2.2249313294144586e-137,6.070051359553202e-196,1.300727876826535e-176,7.006220983032516e-175,9.012080445898833e-125,9.534165138655214e-106,9.02151979108166e-34,2.3997209113249836e-104,0.0029258128813430162,8.72939322369286e-21,1.7589358555670053e-99,0.003208640143005423,3.0219513020579633e-186,5.7829343761944345e-120,1.775510262495098e-120,6.969699978033013e-141,1.527174638942275e-113,1.8192238561487425e-101,3.283312618406319e-100,0.006975150545075437,0.014528634647625152,4.932196180850747e-146,3.754636109475963e-149,5.798051355828522e-18,1.819310074264631e-166,4.724548715897163e-156,8.876086530765682e-171,4.829744851690539e-190,2.6044681874572503e-35,7.306890856998405e-157,3.312958414315453e-213,3.0537903916339076e-169,1.37908596033701e-198,5.369572412032912e-215,6.390933299833017e-160,2.6150030257339153e-159,9.041166514914782e-171,0.0032621513509774555,0.0032449610135176165,1.1569955798175854e-193,1.5427598093701155e-56,1.1639325857968002e-207,1.0420675096416136e-232,7.275254851870684e-154,2.7832403758854504e-146,1.1266485959038257e-112,3.926560125948289e-168,0.016414820064224196,0.09002953127448052,0.03870540297321967,0.0064368640339105936,3.6763344656482016e-184,3.092407271473122e-74,3.899554078462372e-27,3.3440256430095078e-106,2.728096165327581e-188,0.003287762174442191,1.442560342154271e-15,0.003271120497306387,2.4762181725745845e-150,3.704818561941761e-301,4.391519343749518e-192,2.546841905228011e-192,0.0032712409831341595,0.00327189426033229,8.690411294384382e-229,5.696204781001647e-253,7.3111230381404e-311,4.0469387027763044e-219,2.182514568921849e-253,4.991594955940976e-186,3.811335461099772e-284,0.0008742508919527718,8.478851184419834e-112,4.5634065432201585e-199,9.875727291977987e-211,1.880320161873141e-136,2.0829964272861133e-173,6.16364291873592e-105,0.00327251731115105,1.6439585760448346e-185,1.125748549138884e-263,1.3620573197816288e-204,0.0058340048159299185,2.4397945638390887e-170,3.206992723428909e-168,2.6880617066344197e-111,1.046895942050834e-186,1.532165191982367e-184,7.435555156064675e-239,4.804956044570336e-232,1.4870330039352934e-162,1.1056982541429723e-170,1.2955625764579794e-205,0.0032231535618677865,3.453570822590375e-152,1.4692409062854888e-97,0.0032801408942494826,1.3494988521278008e-250,4.39726748836614e-139,2.5833093227870715e-241,2.1547710066227775e-185,1.505527005734541e-148,5.928499153553234e-71,1.721432501647527e-186,4.0453640301541087e-193,8.72846434837661e-109,3.475586739988984e-120,7.07050421845904e-201,1.727288046535333e-27,1.7686835560862646e-136,3.226969302044268e-104,0.003267108698788483,4.862976514349008e-215,0.0031348030796613797,0.0032729552672707625,1.501681268544493e-129,6.161250864015833e-235,1.343202e-317,5.957689567325854e-219,8.570417477180679e-218,1.2305058328439351e-154,1.8076577398549526e-296,1.6676224033041407e-223,8.420544007353602e-238,2.854921395447472e-190,7.745661278535888e-169,1.1506144348989302e-135,2.4127170486356278e-259,4.46993011487353e-267,1.393628617e-314,4.0236057435804865e-122,7.276627714760422e-262,2.3279562891492724e-230,4.2342066429380886e-132,2.291225288062858e-254,0.003289736235730088,4.1507284927988626e-226,2.361062009144051e-170,0.0032717479235032333,1.1438340004909892e-245,0.0032759916033858654,1.9517404090852145e-234,6.096171141884213e-159,4.543471075897587e-193,4.234249226070242e-198,8.89841784457839e-211,0.0,1.2279778084780333e-247,2.403044637617366e-154,0.0
0.0,0.0,0.0,0.0,0.0,0.0,9.409641731897563e-194,0.0,8.545264166726557e-227,1.0455473316440597e-304,1.1879373208031361e-36,2.00002908512785e-300,0.0,0.0,1.4021703469064277e-248,3.0519882900915083e-246,2.6559642862006127e-243,8.255601632984408e-246,5.932376321824671e-105,1.0056871873856452e-70,1.4868232787412762e-279,1.0106201894699376e-241,4.563730244354514e-182,2.31156955018964e-183,1.6688933183439e-200,1.608118224517832e-152,1.1658985333624926e-186,0.0,1.7077270083133877e-118,0.0,1.4207867376009226e-290,0.0,4.87373298983781e-164,3.742556501921494e-117,1.3621947246727364e-221,1.0888720838679297e-54,1.0979486979341455e-209,5.945085176398114e-178,3.7040365778922317e-97,2.371566462299372e-134,6.401824258360532e-160,4.4516613953684717e-184,3.9858480362861714e-108,3.3037098946516336e-112,1.0154875095084443e-167,4.535496585994564e-160,2.6379227407490005e-195,1.5185781078461024e-146,1.031387058004631e-182,1.0712944424655652e-259,5.66897923825247e-231,2.4462711014081223e-189,1.2982953631647185e-95,1.7817017686784862e-65,4.5225342731595665e-110,2.2358988580182592e-156,7.147195943062145e-131,2.270266167042755e-147,1.2548890363732151e-110,4.620594927106796e-164,1.5034224991349934e-166,1.2348851811562884e-109,1.6973272789328393e-156,1.865386285412032e-84,2.9018225374813225e-51,2.257297027479736e-44,5.0183646732985783e-17,2.0537010597909552e-101,4.70573429799703e-105,0.002914236334002601,6.135639575312652e-51,1.4308515793226892e-64,2.0916318582337165e-36,2.5609779272147424e-113,1.2440913648542134e-36,3.320340098626984e-129,1.4351145981211206e-40,3.716194810417785e-47,1.340099400901109e-115,3.767834221892722e-38,2.2354294769543478e-128,2.136861664542184e-41,3.4824536724394183e-105,9.599133040758308e-82,2.697506620361251e-41,1.2197684665381335e-35,3.2415507153661155e-67,2.2627319476780057e-47,1.3132181501075748e-71,3.219757756495797e-16,3.49510170391397e-85,3.475287131162184e-40,2.301147585056449e-83,6.186372888240302e-100,4.408661159255168e-66,2.221456686433611e-57,7.855831871732824e-85,4.244690411705893e-14,9.692266209543332e-55,1.4163433311228477e-28,7.237149151507909e-47,2.4651987545487143e-158,0.00017429586151949752,4.492893169019584e-58,1.181455719360047e-123,4.735662262829691e-33,4.9880856863447665e-62,8.526893516325516e-45,5.825397145858024e-65,1.3268247590557512e-100,2.6329096611138893e-19,2.520855939915656e-55,9.851969526767811e-8,8.954464928510859e-35,1.8463836768135966e-40,1.1818759402965276e-17,0.028156436821355536,0.14071451277178285,0.23529402940253577,0.24772887519465214,0.18147171669066334,0.0639611504161313,0.0016982765499624188,2.1967129511043895e-11,3.3821867773091374e-26,0.01011257733599358,0.0038104959265618343,0.006762022088541042,0.0047021839986753,0.005995568351280006,0.007285401623341815,5.994261486045371e-62,4.806311990545523e-46,2.8144389147675215e-35,1.9620150441126972e-5,7.212947454779168e-66,1.2169244896953195e-45,4.033070150712862e-33,1.834875602426993e-20,3.0286278310240523e-26,0.005411920833337225,0.009887782488669084,5.847328491032161e-6,0.007167055117478503,0.004539214810850202,0.01007276532936903,0.006460237289143116,0.0017254287984523745,0.0024612966369957985,2.981217614617147e-51,7.309236628099264e-28,4.3937974194338034e-60,6.315735036999539e-113,5.64375573940061e-113,8.388679160496677e-84,6.708435922948867e-76,3.7035011326456296e-58,1.593172727825732e-9,0.001762330833978855,3.621754879812054e-66,2.9916615861036435e-108,1.5283313732522652e-80,9.331812555587922e-74,9.177506875281339e-95,1.5321843377735883e-57,2.5990180520297092e-73,5.443365568281625e-88,1.063608967232299e-68,1.4145746750754208e-138,7.804239372860637e-100,5.1595145268228825e-115,1.993006323118446e-146,1.2790582244685219e-86,0.006206271529650881,6.045010446314913e-78,2.4084460447399748e-86,2.357252918929965e-103,2.6764546063125956e-100,4.55483357616057e-110,0.0018371059408479203,2.0738909496513655e-91,2.7968668673539716e-81,8.09326979037307e-110,3.94390442416424e-75,4.0507587344016e-94,6.656723067299224e-98,1.4280113670231952e-123,5.527003762777808e-121,0.0016612434104179303,8.667764676615426e-130,2.4807366441546496e-96,5.559861480343949e-147,2.634314767322392e-182,1.8563808445719507e-135,7.51172790816137e-130,6.905627315717773e-228,1.2901799545211539e-200,6.785051961457759e-177,6.196159034374048e-177,1.0325617233887777e-248
0.0,9.122336098867816e-139,2.3634929090234575e-110,1.4214681e-316,5.150662121032136e-237,1.5981893974841528e-184,7.048684318176124e-104,5.974491237036701e-119,5.122003060020615e-121,3.5482859960454284e-106,3.185444662017664e-91,2.1981174053895422e-36,1.377622719564872e-84,1.8327019971757843e-31,2.3849864629462992e-48,2.505551363488619e-63,5.666406024139112e-48,0.00471154300662429,8.100439647437848e-57,9.843760394414445e-63,1.890175159655192e-80,2.3514825226409326e-57,2.1712819829215135e-71,1.5007746554468884e-83,9.544903263637437e-76,7.182531929481827e-28,9.929555873222026e-76,0.0069818524026979975,1.0401923764920159e-58,7.506440666421732e-87,4.474250043912371e-99,7.7053532488380685e-16,2.0206638093570015e-20,1.794667694135035e-81,5.506232177586558e-80,1.7569067571096482e-103,1.7715540611372762e-25,2.4524992940587358e-70,8.009480259287988e-24,1.2899391941996844e-9,3.149542857559272e-40,6.50509116103568e-54,0.013799631240808314,4.744419423997197e-54,1.5170458879316962e-44,0.012576827516584637,1.1157532197681951e-6,0.011247806928919074,7.059956362366563e-28,0.005983639292648927,1.356282488985968e-50,3.13601038650398e-7,1.3803030814071897e-73,0.028147649599030152,1.0560484853135057e-71,0.019213548840220255,3.5534801140296324e-17,0.03156085097006175,0.01185945447337689,0.009513892777359622,0.05656895516197423,0.0023613399831351953,5.92182637423204e-16,0.026578514811534316,8.076638293771104e-25,0.015045398483757067,1.633084553799085e-38,7.776029876494844e-16,1.6859407853927e-30,3.1447411079743466e-5,0.017422051368456305,1.2648964247890146e-14,0.0038246641785691796,1.669617920202858e-22,9.489047507755713e-17,0.003914552923989835,1.6079190831092346e-5,0.08029528066707539,1.9635068061588142e-5,4.550963643012834e-14,5.836335951701031e-28,0.0052627108076926474,0.015439994688072332,0.05785904972592163,0.046272656883902696,0.01825316871542152,0.05104744051604593,0.0008327404422619354,6.679766516936044e-16,0.007960787401699664,0.02606605475320522,0.03381598134638392,0.03202362796158236,0.040879533391887525,2.0453434260546575e-43,0.05562072819060539,0.037842731252231254,4.508924549271298e-31,0.011470511931633525,1.8127337215674264e-23,2.7422975429635267e-12,0.01614549300526564,0.006304382570617639,0.0202369129778147,0.018213620360288705,2.254254578282255e-22,2.8264653755121e-63,1.9112293601826756e-26,4.49733327790423e-6,9.424990722784206e-70,3.042634987813984e-46,1.0639546488502583e-85,2.1189858354704105e-56,5.983295928881354e-17,4.403074367979071e-87,1.2334355085711546e-36,2.333038878793738e-37,1.0943160439000893e-75,8.234960660833715e-39,1.2508262686087846e-37,3.688571364434697e-36,3.159964810691178e-70,0.0040693773596578945,0.006411004719426766,9.542734348174124e-10,4.167587143949228e-53,9.492539968600272e-32,0.00014808206543056725,3.7564736398574814e-32,5.422623379467368e-47,5.9333411955689636e-18,2.4834774304535808e-15,0.03149142388135339,2.560036170174843e-13,6.32445830602471e-104,2.5316798477432265e-77,8.379132534347337e-42,1.1928830181826915e-47,0.02186551661159999,4.980597310858615e-69,1.645444917071517e-69,1.9852093138480784e-82,9.270790301954865e-103,7.124985948564665e-44,1.7237517765903941e-56,4.4253793355693846e-64,2.874486422898202e-40,4.319222479668855e-44,0.00788937170545407,1.6129097779780087e-34,5.195248953000594e-64,1.780826247192911e-21,0.00974972900204359,4.70832779460435e-81,3.8060545718289664e-61,0.012281996182917889,1.5287320025917896e-77,0.005677437584242708,9.454649034041356e-90,0.02508355696101511,1.5703097369148175e-65,3.0668717475081463e-80,4.174894790701989e-90,2.1239860069374587e-81,5.89916471637171e-31,4.1073127384161446e-102,3.576145011524377e-109,1.4039544790816205e-118,1.3974452256106007e-78,5.562227056612856e-18,0.004703296093671424,1.5126167382413645e-101,6.439361889223022e-74,3.936802886177745e-95,3.581790156341636e-73,2.173250859982676e-48,2.5283440159619976e-69,9.157529514408962e-74,8.883864215179384e-39,1.2653956291436584e-100,1.2025944274667058e-79,1.3253755343325527e-106,1.8085316380329583e-68,9.4581081093512e-148,1.6957404948898722e-89,0.007400535679045551,2.670174817759937e-184,2.0334530702172162e-97,1.1978102372269158e-123,2.52558109016669e-115,8.582913470748414e-84,1.6514284879423814e-17,1.1106485788589864e-38,2.1137018453413202e-54,3.998697110106877e-146,4.943307318742358e-143,1.4878694189647776e-192,1.8635975372916935e-127,7.513620186880757e-204,1.910404840423261e-206
0.0,2.696027262257742e-180,0.0,1.2600244292483364e-160,2.8546342645369277e-283,5.479215032253062e-184,4.670512076744321e-132,2.3234244160667328e-126,0.0042887019576635654,0.00317096201981677,3.4600014641876415e-52,1.291903153548613e-65,6.210749357704003e-95,4.7015609872796056e-33,2.0515449915394997e-18,3.733024405131694e-82,2.4424772410098137e-62,4.0800269946820935e-102,6.424347912910671e-67,1.0912527745143582e-41,0.00898264758363102,9.146802970136606e-74,1.0278087680332669e-97,8.702287910500412e-32,0.008689435406270773,0.007325230048769174,8.792455563736729e-63,4.9630495828047597e-101,6.374010247489858e-43,1.5156055410008673e-151,2.1359197923717564e-121,9.700011309131058e-88,8.537953065469073e-119,1.2743118044090234e-93,4.238501995040315e-143,2.721236066984772e-53,5.0230388410502485e-52,0.004563068931455634,1.0028098560195119e-84,3.1126568051684486e-104,6.770517892800316e-21,3.461300457847749e-55,1.2471525773582906e-28,4.588489865660661e-45,7.138293968560833e-96,2.5434994320390457e-132,1.900500152316643e-29,1.5723616339372671e-83,1.0322410778741082e-46,7.663865619990568e-126,5.644849483634181e-56,0.030614219417092855,8.635414615341464e-14,0.0015296401496185039,3.5641696858178736e-44,1.6842139801697126e-42,1.239051370826492e-49,0.01574842659854205,7.495064780662037e-36,0.013759686717987071,0.013724020142969,3.793529700925646e-30,1.6730317887743338e-105,3.313374938754756e-9,1.6808854570437337e-20,2.190828781848386e-53,0.04710147220516639,0.0219628006741341,1.6885803667192863e-42,3.284319644304723e-78,3.618266702258751e-54,1.0589174928820474e-37,1.198249269335757e-107,3.3871525523014326e-26,2.656835950135861e-51,0.002716990098938429,0.0836365197162355,0.04480262286494795,0.03028312720828794,9.151397158513266e-21,0.011007281583768045,0.015122793609078925,4.560216951024861e-14,0.004843113203512091,1.481421914922931e-39,3.7308515980518105e-59,0.032141671720341616,0.01469336221684104,0.010746840044057952,4.994378994706343e-62,9.60228000101928e-22,5.007801826902628e-71,9.013872019097024e-31,0.03753876193522884,0.0326429641670161,5.417812640693033e-31,0.01700135582916703,0.05486155905709952,1.3778060577543963e-31,0.04135684993559464,8.101444598193547e-26,0.001874436681038846,2.0150631113420137e-88,7.829467594143544e-66,0.017800129008837037,6.34382286222569e-9,2.711183382686411e-72,6.608518692505407e-35,0.007224502402708442,0.008567731707775228,1.3787510280571604e-85,0.014578933937532311,1.2013067687407818e-77,0.012569799689340428,5.00994122454445e-77,0.013241181518734846,2.4475297042338808e-79,0.004860149534095838,3.1278239285694135e-58,1.663224397025835e-64,5.98007269668995e-39,7.895212980017039e-67,1.0603203811469238e-84,7.42565912711501e-37,0.015414541517001034,1.0630329891922795e-42,0.023766325620593425,5.221983853171863e-32,0.013796740042452751,1.9187987146652507e-30,1.0961850231808255e-19,1.2727120655976503e-25,1.506320832198425e-53,0.005398665796060289,1.9690445587304413e-31,0.03481937328590007,0.043951295659344795,1.7599812738919474e-13,3.075815765542158e-75,3.272527686335456e-50,1.7272375525771074e-19,0.0048423598604966445,8.905398313960327e-31,0.019189577926709302,6.965867036984071e-31,3.0164587318726904e-36,6.798480874969186e-29,8.008517964188045e-79,3.301932449643582e-36,7.487466630852197e-19,3.0288912027049803e-66,1.2601960095790258e-47,1.2551339284043308e-38,6.970248282555042e-68,6.87678662307802e-19,3.91427636389877e-31,5.2924938148438874e-58,2.682030477332372e-67,4.5640312253215416e-45,0.005538573673831085,1.1440758352156591e-38,0.013267004360712865,0.0202726654109322,0.005787544798821428,6.545181782144529e-65,0.018031521991042805,0.026383125850607436,6.164379375962425e-65,0.004680730967297013,0.0172486962984971,5.459728664577173e-90,3.425913269559869e-54,1.4379874420236247e-32,0.017370046881719142,8.385460362048648e-24,0.008545831403561336,1.4008862534115003e-82,6.225938712944991e-91,2.9206304831035924e-66,2.9586872613077954e-33,5.60716263454153e-77,9.022839978468417e-94,2.2845324218829072e-97,2.3597548888669103e-46,3.3345268997396375e-44,1.6035606289588696e-40,2.8475476847814858e-53,2.2188565146015457e-77,0.006122379473617936,2.7285696962293774e-20,1.2811773196791993e-114,2.1882835227150545e-57,9.97676080149218e-86,2.1404216165916322e-108,3.5495120230010057e-112,7.865665128438746e-93,7.230665054700758e-50,5.353178723079076e-136,1.8543134517008465e-116,3.289476319328202e-212
6.936921017380671e-298,6.051491807706066e-191,1.7680523071344093e-193,6.026775481264092e-137,8.171678210932053e-263,2.1423129601286982e-161,7.2836047683343e-75,5.327050634144041e-59,4.7401815569424164e-150,2.7270264061190585e-84,9.458591138714773e-49,7.620394217343345e-132,0.0009680419206686209,1.0143569502690129e-70,6.727165596900396e-68,7.589244229960068e-89,1.9505613738462281e-140,1.704101237718363e-57,0.00581632320200685,1.060389092768349e-48,5.689160697227677e-63,7.545905748872684e-44,2.546557972434283e-46,1.0453418381678264e-31,5.7625170487320565e-31,2.027966732451359e-39,1.538856309275778e-53,1.9715469304400647e-135,1.0543229299578262e-47,5.703983287738027e-67,3.892379984414938e-124,1.1896754900086459e-99,0.0025744373792998577,2.4195181308981764e-70,1.331828960472068e-109,2.9788924001982993e-78,3.2401623391480296e-71,5.830668238974197e-26,6.9583493960233765e-65,8.387646151619862e-65,7.452320200368135e-28,0.003010476039125147,1.4091314358827208e-27,7.566439709674029e-19,4.536620455836474e-36,0.014689831449249034,4.656667013912485e-46,4.504820030095933e-15,2.8317013456605024e-8,0.012493885901071542,1.8857779259182304e-68,2.3842800028995507e-31,1.4239928816387808e-11,2.3089550513635533e-10,0.005002382755150786,0.0037885848251571217,0.0037881268053443127,9.290989816075746e-34,2.758049527374315e-71,5.4588417981971226e-52,0.029901987249695276,2.332279050925041e-26,0.00026151847290477824,0.029192267893011315,0.012122357306159952,0.008832218626195711,3.8307664867285546e-31,0.007575712727778182,0.028570151836926166,0.0356973461101285,0.02262549199496309,0.02887530551066906,0.015638818088555332,0.03535569169614138,0.01951128323643416,0.015569062893378033,0.022591367961724923,0.014953624890617774,4.36498654541097e-45,1.1859988744075463e-32,0.024307452343408496,0.004689472945404719,0.05183941402672222,0.01608886561396068,0.020865375193041616,0.05721702741960202,0.03220489529226036,0.0066669047835138445,0.02266191102208375,0.0504899999283058,0.017890378409914188,0.017692172527754128,0.017729825541038042,0.015190992365890974,0.02066392756158823,0.019072060335529738,1.726813256384565e-33,0.014711769441055957,0.01314469893369945,1.39219128074638e-5,0.028755137797825257,0.007236889240950438,0.016064909516272517,2.448600228113662e-20,0.014353259975887284,0.0034621936510387495,9.136976403934122e-83,0.010294641934875738,1.4039108010227282e-33,3.3219420572726815e-82,0.004090486812238763,3.888312374669254e-33,1.6508819510854548e-136,0.010371857648128154,0.014042739288051047,6.019117379875668e-11,0.005206424024914753,4.235270767046523e-13,0.01694730940557878,9.069307027469997e-74,5.472587398011009e-38,0.001372122680946448,8.661317432871036e-55,0.00578457126640016,2.5502917828298204e-38,0.00023376966436525467,0.0075320988537802775,0.0037705296150049522,2.9054558865059677e-21,1.726061519824518e-63,1.811004163089423e-61,3.5009264681193595e-65,0.004006400994103126,1.500434413344838e-56,0.0026380667832934294,2.0258957630645102e-55,3.483621765937243e-29,3.6901497509249255e-15,2.264018845088432e-34,1.5126205980632272e-81,5.135869819558102e-49,0.003369363590713928,4.0886166258571393e-16,1.9452034666347242e-50,2.2030725720799888e-32,3.092412400748405e-20,0.0036187494541462415,2.4506744921619498e-92,6.484459577690736e-33,1.1070876009493031e-74,6.85879440115926e-71,8.746026551956997e-85,1.1367178375989978e-49,2.497727393953379e-84,2.561255915742581e-63,5.0139569494561073e-54,0.002454195166238713,2.354755834169808e-70,2.466435291609046e-50,1.4416821860837932e-70,8.790705367829907e-23,1.911202756848702e-5,5.435685207259738e-46,2.771670723648037e-45,4.099403900001124e-31,2.31905777802161e-79,6.9653878203176785e-96,1.537123845752529e-70,2.473334518342191e-16,4.7522999544994926e-63,4.887187522737274e-75,1.3409521704256875e-29,1.7119991942551557e-6,1.0140740680445705e-67,0.007058227721850702,0.011051253998323568,5.218276671434775e-95,1.0225353609570636e-119,1.3069639949297872e-42,6.6129591308789235e-53,1.636773140022975e-80,1.1852616151013209e-57,0.010493862342913308,1.768263550131942e-125,3.907661011122685e-46,2.093231869386592e-56,7.081108102987003e-114,4.0610646032778336e-69,1.31222595508459e-127,7.966261769328213e-79,3.566094522399413e-96,2.790663312888699e-38,1.5845033148333734e-72,1.9188020895831524e-74,3.0754171701859685e-155,2.2599424693158456e-124,0.0032227235526845126,6.484024881891742e-126,4.748151627631008e-126,7.086878761363569e-230
0.0,0.0,0.0,0.0,0.0,0.0,4.096123508698333e-217,2.057910217559914e-211,0.0,0.0,8.850694974360142e-258,8.67127972101841e-198,1.5171241315108981e-208,2.1452123531052504e-217,1.3804936205527087e-136,2.731245160483037e-154,2.12897667211576e-310,1.333589378657779e-294,6.622688449542968e-86,1.9374654681544005e-158,1.2264452745495677e-150,1.2566041280604136e-85,1.6971344877742303e-74,4.877130083774368e-122,5.142459745077844e-109,2.280072323676013e-68,1.1229277399313737e-81,9.731539792046826e-136,1.3568849969695455e-134,1.6878977551819683e-246,3.2486182857989066e-221,1.044036232110827e-226,2.1034457457199108e-244,8.352343439515084e-174,2.2907091745135746e-84,2.675154730132929e-90,3.1016096501510806e-82,4.5579232756780786e-135,4.206862862739832e-79,3.1530456059837167e-201,3.3248883290105167e-131,3.806797795975436e-136,3.8744857263752274e-107,3.8974829443350265e-139,2.307432467221731e-193,5.072497790764618e-142,1.7309503573866654e-149,3.090556055529231e-186,1.9051498856852484e-92,8.178044115999879e-235,2.7404969619960737e-161,1.3412516229887462e-86,1.8288733838743677e-141,1.477634251968061e-53,8.230309783899162e-112,4.826419201872679e-62,8.993848801330977e-9,3.6672897313754773e-146,2.272679156190421e-106,7.53116782606034e-98,1.6346054439357424e-68,3.816869438095553e-92,7.465314255529152e-104,8.286573516350116e-71,3.551129426819271e-35,6.133996347152615e-72,2.3039668790541336e-45,2.947386782242019e-72,2.6654038009978173e-26,4.272602672989324e-62,1.667530241453366e-113,3.4859830683492576e-88,3.3081492296694676e-114,3.2551015484257133e-18,2.2544734122579286e-88,1.286975481165828e-81,5.204313076164104e-31,2.4754544210336845e-64,0.002338898257990556,1.8764628763893604e-82,1.495366721609887e-87,2.064194657829284e-17,1.6889056309460902e-46,3.391030424127301e-11,2.7694492414714895e-53,2.771149774387991e-35,1.1810198648652292e-82,7.930965048984166e-29,2.20752256167006e-49,0.00705512176713058,1.274709206521752e-45,4.33077069729229e-5,3.2103217354847275e-47,5.272014726365431e-19,1.121049677682895e-34,0.00433975088966799,0.005210507172879018,9.492919623532908e-22,1.5688690618954036e-21,3.479940480480651e-7,2.749465000919007e-18,4.9191751674088634e-36,4.144081372978701e-54,1.2141417734791176e-54,0.013474519274023709,1.2014647137166673e-50,1.8549371551665413e-49,2.9387218194815866e-33,0.0020461920451310643,3.424446510243263e-42,1.5617719987995389e-40,2.8838770974120704e-31,1.296146391265559e-41,6.35035356136323e-47,0.0022401967564267254,2.9436548818054977e-68,0.0020680481825265606,0.004785763430753653,1.0446944195214748e-41,7.6957100998852e-11,1.3751114072623114e-28,1.0861286919988402e-21,9.815488909232027e-16,1.3407358193533801e-19,3.326696795382397e-43,9.681053738571993e-51,2.8071644095276455e-11,0.00019603001944014278,0.0034628936478401447,2.8808256328368624e-21,0.026755886770472793,0.008108565729831216,1.3011662785580537e-8,0.005618489361788197,1.784793056143098e-23,0.05304931932552224,0.040872347120551177,0.11138284039362803,0.15498845159560318,0.16642788196247346,0.13258799394663923,0.012178873053714052,0.003108273469976585,0.029213263412360566,7.862875250771189e-12,0.020003862031330703,0.004172382152792867,0.039854652268047255,1.2637349268902208e-8,1.2259699873832808e-15,2.794343497190255e-15,3.3766515284611595e-7,0.016006792486064726,6.820058709875648e-8,0.018418653712333116,0.01509570157710435,1.2656932028915987e-12,0.003158130483977325,3.2700239792514608e-21,0.02308598921549966,0.005806235578222574,4.878944530734524e-18,9.566030292128345e-8,8.0155621716823455e-25,0.005407985972872317,3.403308555815538e-11,1.48148673476649e-19,0.0030586996046434232,0.0031620574231256207,0.003527899277557979,1.3246358345749214e-39,1.3523382363019798e-46,0.00368715606622084,9.259913641343558e-32,0.004602878033318713,0.012362489663904326,0.005020270481647633,0.0046845396579760805,1.2683238129408555e-55,2.369975491932796e-41,1.0839194983226869e-47,1.8521690111850427e-40,2.7573120798618993e-32,0.00954134264620689,3.7073247340329865e-21,2.1060480455755528e-13,1.7276174509368317e-20,0.007787982016984971,4.500434396203474e-90,1.1556523563026535e-11,1.9366587581624715e-30,5.8476679745865025e-39,1.895864260587968e-73,2.4757464124879554e-48,1.7848687626564587e-79,1.0065260985761422e-92,2.338008268342235e-62,2.53597341366987e-88,1.1199132461823578e-131,4.976284761110899e-105
0.0,5.675930841196406e-283,9.46220213e-315,0.0,0.0,4.64575716e-315,7.001039378707956e-276,7.346259310929965e-188,1.824801575888811e-242,2.2140637569568946e-205,4.070818634292369e-181,2.3826666060658753e-179,2.41434536022324e-204,3.258549573150069e-173,1.8932089439446547e-148,1.2781464319638388e-148,6.035125495056356e-152,2.265631455699865e-156,2.2657227519245434e-44,2.788193788795249e-138,1.3864853713772362e-112,1.5918707873498732e-58,1.7514183313847303e-55,3.0706164880786535e-137,3.9964344704064055e-64,4.2500893409849756e-29,2.0388047506794643e-106,5.1912849156040414e-113,8.288485495983713e-80,4.9380679645232956e-175,2.003858026244893e-168,1.9900603709782866e-166,1.4563482017380191e-121,3.713706504797472e-114,1.6377616261874053e-74,1.858164924591309e-145,2.876963639897985e-143,2.1501117266170276e-64,2.4350810154222914e-50,3.603388096967427e-98,3.4233705601594274e-116,4.729423669528704e-118,6.45902005822347e-156,1.5209737962703401e-150,4.302249788990232e-132,1.8800511292711527e-157,1.121308890664486e-137,9.596267200505795e-109,1.2746095323139455e-172,6.491612291253084e-94,7.304072903776216e-169,1.0646290202173597e-135,6.04948228973808e-141,4.065051790827623e-46,4.805189602242677e-77,1.9099182943760104e-77,3.1236486216109273e-66,1.3280228559450578e-95,5.618421011208358e-41,3.095257662807237e-135,3.382194012712713e-73,1.560708241700694e-61,4.079927266248375e-95,2.1592177787987707e-31,1.1044270277465393e-17,2.484573422480272e-52,8.240633242906334e-39,3.1078731629648965e-78,7.0273876883737724e-37,6.1021358128991535e-31,4.355644735562473e-74,2.8072688741262065e-79,1.898577167252341e-29,5.6299466021228494e-43,3.365461296004726e-93,4.032260654558735e-76,8.832166396939193e-25,1.0465075480247428e-47,4.5747535867864385e-36,8.060429772906229e-66,4.992292426247464e-43,2.2133784781592189e-26,7.728595364052957e-36,4.735215963132801e-18,9.496865262205375e-29,1.930051145808825e-48,4.4239676101793234e-51,8.955643747800263e-54,0.0071194817451361156,0.0015192637586101195,7.275660712195006e-42,0.004157980012304422,1.7834551554531586e-34,0.0012330321188899571,1.1882016872663721e-8,1.6457246280101091e-37,4.624482305992794e-22,0.004926209244576324,7.649290227580095e-39,2.039717182750136e-71,0.004150928034682618,9.142353403319262e-13,5.203372561494467e-38,1.872029839606451e-12,4.7789117963682795e-27,6.891578960783368e-16,4.736238876676838e-28,0.004044773106039973,6.701816385435502e-11,0.005229238212566464,1.3430002095404612e-13,2.957117202437007e-54,7.069397677087844e-31,0.005979635310954946,1.6640976069102645e-15,0.0015349808502279968,6.465345995630523e-53,0.00018306849744974791,0.0081856049987612,1.8811839032274688e-6,1.5052681833833888e-7,1.2302140033535454e-6,2.3950614415702888e-11,0.008888356753892851,9.887642167475052e-43,0.00040184593786158864,2.1838243312030094e-15,0.015069794836254905,1.7336741086882346e-14,4.881215697842467e-21,8.162750611008497e-13,1.3399400346432101e-14,0.013835121932998556,1.547711341686384e-8,8.821305406214068e-26,3.498999547591307e-12,0.024323999795854364,0.04800173396250856,0.029660083472386453,0.007481147220681357,0.0646791560781582,0.1581574120288756,0.15255882657749098,6.15267764472148e-9,0.02436532731793986,2.965069600111637e-15,0.020293502201383325,6.842619809242149e-7,0.010762782771863419,0.0376449059051755,0.07708258080625503,8.326298236050158e-15,0.003950314364995837,0.011213373913653422,0.003901992167368894,0.07386858334833962,6.405132597701593e-7,0.026212778754916708,7.138620043795258e-10,0.01354593122185689,0.015190581448247061,1.8270956021361196e-7,0.008320935729777715,4.308528401487553e-12,0.0003129736335489359,0.005677169002539727,2.0786778669605819e-16,1.1420643360104984e-10,0.0008747801835571159,0.02366710631892853,5.63668507562936e-14,0.0052191458340012905,0.003852135667342555,2.65634420501128e-11,6.163571146659588e-14,1.3311828397120312e-28,0.0015314934602687676,5.056029568025305e-10,3.720847951838221e-13,0.02083666985034232,5.195302807608014e-18,0.001895270348321672,4.432310090144458e-11,0.003698083773270055,1.196090969504732e-11,4.915708309249881e-34,1.3013659506504953e-48,2.4516178544049547e-26,2.115886323854324e-56,2.467998212180755e-34,0.03248278042116487,0.002272322626874831,1.8212669132719676e-28,1.3076556650878935e-60,4.1314562825920775e-47,3.416301232552587e-58,3.3804564830936764e-62,2.3020871876875615e-96,2.5520463695596883e-109,3.0770134295344344e-68
0.0,0.0,0.0,5.726752142425975e-303,0.0,5.207774043575319e-304,1.9075277e-317,3.912751728352326e-166,2.2249008180706196e-192,1.4429188049341966e-186,5.835249964958428e-115,2.60181057284761e-196,1.4488520730421536e-186,4.579128226934862e-121,5.422405447070108e-165,5.131833144451344e-162,2.0078405957437078e-162,1.189790854502215e-81,3.549696681574748e-156,3.791667291910387e-101,5.126309699164847e-120,9.681549660484894e-127,3.270887609418834e-73,1.543728520865075e-78,1.5682046464590456e-84,2.7237351164190577e-81,2.0254126962195665e-154,1.5547313144451175e-125,2.049723232787675e-100,1.5081013308702384e-166,5.248138751257271e-150,5.4136791860825294e-163,3.603386388412118e-156,7.688388026180793e-116,2.776923937796521e-115,4.9004434475828175e-96,2.9422427561792977e-103,3.3088899696667517e-53,4.8204520527759334e-67,1.8010380864356407e-53,8.722600548497765e-65,2.619538792977501e-81,0.008173014672499321,5.9925267332516685e-62,8.658750887927648e-122,4.45395294705028e-151,2.349600474654276e-123,2.623549865899757e-105,8.023062439992197e-101,1.7415258337549769e-74,2.5151191157542918e-166,2.799888224078055e-73,3.423907099097561e-33,6.525272801764401e-38,3.145613668126472e-81,4.036833579845041e-98,5.458618907949731e-80,3.051856639252212e-125,2.216763747425502e-100,2.2101726137631766e-163,9.746058158243236e-47,3.139295139509267e-46,8.286442625715272e-113,2.9684195726989164e-77,9.104069448034813e-65,8.92915598091569e-72,7.583026565423898e-62,1.4068225482213712e-48,1.920707618731087e-26,7.892394324163701e-43,5.680121989905695e-38,5.54455914716116e-54,0.004336295686408765,3.0707689807670737e-44,5.999308054303599e-54,0.010107016583182747,2.615522856992821e-69,1.9896516400973985e-40,0.008304138702969251,4.139821970693667e-18,1.476527285290121e-21,1.2533197252563471e-69,3.677594797149657e-40,5.8889447903500505e-36,2.9537129259676945e-32,4.771665663203387e-15,5.644181333109242e-58,1.80873225056554e-49,0.01055382274541973,3.5611438026755006e-36,9.253851356015009e-10,1.4161138008649158e-40,2.040981088218124e-33,4.769693652810574e-37,7.069846275935904e-56,1.8584187464983238e-38,7.666552191458104e-39,5.73468900053479e-55,2.8084608006924006e-50,0.01671498882818081,5.5003909610894665e-17,1.377149161288499e-44,4.475197498892847e-38,1.2434751097806927e-59,2.1872513710974142e-46,0.009356854836213747,6.410055878000256e-32,1.3582934174646326e-54,5.0861285705457434e-20,1.2149151889684568e-40,2.6333612005533686e-18,1.5414724765491322e-39,3.5777366981185843e-29,7.5942011080853395e-59,1.4184920488325326e-5,0.00010525184811619138,0.0023020688129809525,0.020594981562745845,0.04999085439388694,1.554446897721053e-15,1.4175514723785782e-20,1.484484251412505e-36,0.03296595966049734,0.12397686067389191,1.4230019734446829e-13,0.2948559773542752,0.12431446008715163,3.392325676550629e-21,0.06862301923534672,0.0862633548291764,1.167689695327238e-26,8.130077594929163e-32,2.239191169911431e-21,0.01005307275689463,8.291099339758999e-23,1.2884120969149826e-22,3.430444462561519e-18,6.365767492591346e-7,8.058635784208385e-18,5.0156895652084625e-12,0.024987709823925775,4.2197338543926804e-60,2.6126643837098143e-37,0.024628986941124878,9.879866574548088e-9,0.01855228788653726,2.3419436333895346e-45,4.6913409640341865e-50,4.383001515326226e-52,0.00904499089482058,5.945928281070338e-60,2.0338385885753893e-48,2.2291646098644293e-24,6.135469635498264e-46,7.405080064339187e-49,8.075185734889869e-17,1.8589982012180138e-33,3.023262527253682e-51,2.031851112699537e-10,8.133004358921368e-82,8.478234509640976e-77,1.3297837683624141e-14,3.053651612148184e-22,9.602183715509201e-9,1.0419132361590873e-19,2.477956017533256e-64,1.725829377328646e-60,2.944354665808597e-44,0.003572606799212779,6.056534921723615e-43,9.855894427930847e-66,1.413956718483256e-78,0.006702389575378555,7.076750275792042e-50,3.9920803167639755e-50,4.637882654105944e-64,7.821923105295641e-36,5.272986923288972e-41,0.004522977429704158,0.004688622124974071,3.4667950693405145e-24,1.28187459807515e-52,1.5784069345647792e-69,0.003987975400575623,0.017704617740872133,5.766244538402095e-60,6.024153047257841e-18,2.5082355068137957e-53,3.674690225948329e-66,2.8858065416104536e-83,4.816336995985942e-56,2.2035791756283653e-111,2.1506120411548475e-59,2.6010636220012984e-44,3.044831556027435e-118,4.040727516163422e-155,3.2836946418228513e-68,2.9417318118197766e-111,3.1223894512852153e-87,4.115936676436179e-130
1.6227337637618263e-222,1.0519567715342506e-150,6.560305213707647e-21,4.459645196425974e-89,1.110795246625391e-58,3.366187760082202e-31,0.0011788508183085092,1.063297612087435e-15,1.5616042191473418e-24,8.43729128138963e-59,3.5612704453693324e-60,4.6567419694636966e-98,8.361030452393757e-61,1.174398145544868e-42,3.782492406866026e-30,0.001006974482892554,3.5720774603174196e-77,1.0933513929494943e-63,2.5126369246923862e-39,6.578573155640227e-56,9.944133257315374e-41,8.741705920537723e-70,0.0024458559886851384,9.923831525872225e-53,1.209715569820807e-12,4.027516625630488e-80,1.3373343723543084e-23,6.868673130868579e-67,2.4629642438478243e-44,6.31295065286275e-58,1.6645196382837997e-27,0.023059162544509456,0.1153383293531827,0.2222156729410603,0.25363749322422136,0.19225988744296615,0.040311567436829406,0.008123046057809091,0.0025138273111975917,0.0039330249778886705,1.0866616012231773e-9,0.0009925122405317983,2.8304385790298973e-23,0.00581317766289579,8.747638582804834e-29,1.287428806624554e-124,1.6001942689806938e-17,0.002089917087989605,0.010621566266848166,0.009375222152039875,0.004258516338903358,0.007898155009104478,0.0020524397449099914,1.3366666179996313e-101,0.0016373385347356227,7.328691553491256e-13,0.0017672727314180835,0.001005903957657949,0.0009100019247165287,1.1068656519838585e-20,0.0020048923539558528,0.0049264252119014555,3.195798611015586e-30,3.978683433474705e-30,1.6418880518924444e-90,0.004260057364030052,1.1906109713358599e-100,2.6439816300976856e-58,1.667514517053442e-89,6.37850841164e-45,3.672357259139023e-18,1.5913972658362602e-40,4.6790664828212524e-42,2.4092785595092336e-87,0.0013063219488013338,3.841091769017927e-68,3.474652175217241e-63,4.722682910099187e-39,0.0011361026090699637,0.007734651248906407,0.007792310099961319,0.011314841680875412,0.002037066955423554,0.00954961046105526,0.004796508846062809,0.003786470019272938,0.006294861750141933,0.0032952132478447395,0.0043196559016071305,0.0026447174890688865,1.3386066490304684e-10,0.002779652868417517,2.9378690989220865e-34,0.001106817254321209,4.838144628083797e-39,3.2909445822753655e-112,1.1114250562847375e-83,1.6620562018803543e-85,1.205575072328105e-45,1.1748088476302575e-60,2.497412148580636e-63,1.272184514496539e-38,7.710540567686364e-29,2.8683737281346554e-84,3.479826798254287e-113,0.002514776413124415,3.1753549445305064e-67,2.005403898611715e-130,1.242072611877131e-45,3.57132375995945e-30,1.1539045342442343e-83,5.257235828846916e-144,1.1008820738074371e-173,3.661734737395422e-89,2.9585544153526045e-127,3.4110129579108926e-109,2.9751599280679344e-137,8.622460132133461e-187,1.2010478568865806e-65,3.339718992988243e-86,1.6685471481027556e-135,1.9643701967221617e-89,3.6258265139832604e-71,8.036951010324501e-159,2.0017200240651207e-104,4.5181324219499614e-54,1.9048672828510116e-193,2.2740101243274714e-129,1.629909225001495e-197,1.2617433716119392e-78,1.7334421455175417e-133,7.01540041694746e-115,1.695504185018172e-179,2.167329233981668e-104,2.9732431817919276e-81,2.0634239210305246e-95,9.157810884754262e-95,6.217726013338365e-124,3.468603763474971e-108,1.2613766041996508e-28,5.4032709920309465e-101,1.0241929172460583e-99,2.8994645671671036e-158,1.5210717548604165e-88,3.540620882120349e-89,1.2862477186900354e-138,5.109682660484567e-112,5.0240441766424715e-158,5.865577327217917e-48,5.140290990652295e-127,2.9936654336327657e-172,1.1509554885267467e-104,4.2772781842290434e-127,6.412164317149119e-215,1.392828274014846e-146,1.370644305638712e-66,2.2359737988144077e-128,2.9515504964363827e-112,1.3967926990497791e-49,5.843752214262839e-97,3.6789715430890566e-171,3.459095960596578e-209,0.0009889450243553632,1.8288241295387596e-146,6.22613907500595e-124,7.0108977746322e-82,5.848200338163866e-67,3.4539419493994744e-184,1.453622768833669e-171,7.110110680305815e-147,1.325335368214462e-79,5.774577556246574e-171,2.0155558989413448e-97,1.5357792151753084e-155,9.415359579717147e-144,3.64282674734299e-137,3.331186608076767e-161,9.722390990633478e-112,0.0009643837980343739,4.8770535360368266e-188,3.01401288710653e-105,2.197795385881953e-43,1.1086590460577562e-120,1.8892243095948272e-222,1.47924363257753e-115,1.3920620065190748e-133,5.0141061253040473e-135,2.339007217579428e-182,3.3912068753990005e-148,3.927350520244399e-157,1.3019634414577733e-169,8.393051744194359e-92,1.4016301764788048e-176,3.920088978325337e-190,2.1343771231687277e-251,2.1726192824890038e-131,1.3547356257766483e-95,7.829060725187742e-150,5.536237280516627e-192,2.9333820162e-314
0.0,0.0,1.75092361406591e-234,2.607822607695656e-261,0.0,0.0,4.0850180182698446e-303,1.4779805017029242e-232,8.64828986452313e-236,2.6291535423630865e-190,1.11815181993917e-143,4.826364742710041e-148,9.921046502185077e-168,1.1110586461341806e-138,7.146793481774285e-69,2.9944662348110186e-87,4.122853691893988e-129,1.0021702491889072e-146,1.6749874878044117e-94,1.3920030382551069e-67,1.1549756078880354e-110,2.282700144507292e-62,2.033501704735486e-51,1.2500805772279749e-9,8.209160511111759e-108,9.687608172898033e-71,2.5206141489253964e-103,2.475302397534024e-46,2.5780072822827558e-120,1.5101376671820587e-241,5.71213023517018e-94,1.2690600864035779e-75,5.398021480074384e-83,6.841132792229102e-115,1.3100642984508958e-41,3.2221234711201327e-94,1.664784402170792e-73,7.530653722766935e-86,4.904654248407742e-67,4.993403787072796e-121,4.9763681138396726e-46,3.0216903871088954e-77,1.5006062165645667e-26,1.8826147270689242e-92,5.778021251195349e-47,0.034054657669114856,3.8071254260516193e-41,3.332839985900277e-71,3.9336580674636306e-17,1.14821479628761e-6,0.014502054868077322,0.025137937445950925,0.022995288677808767,0.034122683119345694,0.012226227698426845,8.526072922698248e-37,4.453510365809009e-53,1.2716584156801255e-61,0.025672633712145815,0.021474660951618797,4.4733649392334895e-32,7.685861605008435e-42,9.374746816004415e-50,0.008062072905270532,0.014550857607014451,5.643107347883347e-29,6.750521829707594e-94,0.012313620966648712,2.2271084196712502e-46,0.015044622488408772,2.0336985298303943e-64,0.02215701971937545,0.04652358276795357,0.04311185793997925,0.06148851171551136,0.008276828264896964,1.4964010193877883e-38,1.9466479597004218e-40,0.024147906305198134,0.08681696742692556,0.0402698465927941,1.4785023646108556e-19,2.2117314587886452e-66,0.012751970591153248,0.03879298461722583,0.019389347785738902,0.007254920243354131,0.022415645608669686,0.030519172214713067,0.0329784830869319,0.03429295358491654,0.015728742360413005,1.963675845964731e-13,1.40612747692772e-30,0.022826428067953358,0.01083730987135441,2.320040369814648e-22,2.0632944763990996e-52,0.04052378867822188,0.017360110715949208,0.009578293041263721,1.0113373895376915e-38,2.6077348337867752e-33,9.914455795000191e-57,9.635624954900528e-74,4.927670892510493e-82,0.03625695243750135,0.007634089913941071,1.2852478590146497e-43,1.3774671775972872e-22,1.3751472779600835e-54,7.12270415986488e-77,1.1207240991761309e-94,3.2298890974523074e-78,8.962730512274907e-14,1.2920145481116415e-70,5.743097934169509e-32,1.4476496178001599e-92,4.817595652399541e-72,2.4394449885124e-139,5.993909317179898e-126,7.203067353228128e-77,6.118325142911632e-99,2.378603027517153e-37,7.090255201940477e-47,5.357525522090318e-81,2.318415367113878e-61,2.9682431645781556e-40,1.904503543675317e-30,9.356132673173e-89,2.252245447143466e-93,6.570888893747385e-53,2.2940443335357466e-81,1.0125619972224438e-46,4.078639153553833e-108,3.448272759390806e-122,1.2521431826369234e-86,2.3719761760975708e-55,1.8996549946121563e-85,9.927878319542596e-62,3.4182783545270765e-109,3.3777543000227994e-32,4.4210451196549615e-56,2.4307209417580024e-41,5.30197003083628e-59,3.6838287117424425e-122,0.012881587986267684,7.904217768417027e-87,1.2041629091945099e-47,3.120411832525534e-98,1.0063408289291039e-125,1.0446587439079012e-124,2.7214872967650986e-69,0.007431595416126862,0.00728311478705068,1.28968552351726e-93,3.831748200391987e-96,0.00884836592137417,2.1829634101208247e-48,1.2621508473283766e-109,3.1792255317900314e-133,2.6898666403635565e-148,0.016948013991775375,2.6410105748603706e-122,4.9583566554821095e-85,0.0070523786166265924,5.988273566366278e-113,2.906233464265917e-146,1.0821574695361787e-35,7.80327279962043e-31,2.366372947392715e-122,8.594396993432338e-111,1.3209593315115958e-124,2.1759190904820722e-104,2.3189628656026632e-57,8.806279688080196e-82,2.4988343041188097e-138,0.007462762153838977,1.6193030109054102e-56,2.1177694099675893e-122,6.967011626508107e-32,2.091938750873291e-203,3.920365936487024e-40,1.6956131147945619e-202,9.546932150647238e-15,2.95962614499739e-134,7.485931904780949e-200,3.6041451555232405e-71,3.6722331604758185e-155,1.23680323915628e-195,1.0947888759234509e-185,5.827795290661242e-130,3.736460770719355e-62,9.95400231539993e-121,1.7523040562733565e-163,3.0417298300224613e-116,4.049616194701603e-161,4.331416709991215e-129,2.314150178799273e-211,6.599452555834501e-276
1.545166158387663e-191,6.13462445822709e-147,1.5774873298572431e-153,2.926035212259816e-147,1.1319102092547154e-165,2.353513107891571e-122,1.6441687721779566e-82,2.9033188782399003e-127,1.6043595568685937e-98,6.626251182608759e-78,3.2012107440293627e-26,1.3237082338211934e-72,1.449365499917996e-91,3.243892208589161e-62,2.533509300804324e-59,5.931681733467986e-68,1.8206577600523707e-89,3.2567585832298773e-103,2.5104526355642266e-69,4.3126159608397826e-91,2.3171859030235297e-33,6.448958478160675e-35,1.879001967230867e-68,1.1276465557583393e-61,1.090381112391684e-18,8.046680781100239e-29,2.0245319086286567e-97,5.4604686646109906e-21,3.3294441883007022e-6,0.0014652897932861658,1.1488009613495016e-104,2.9807326565034114e-43,1.0558858836440449e-10,7.959377237221082e-39,5.55273207186836e-71,7.145774968415326e-62,1.94102637380755e-65,5.721562304785658e-33,3.671858449354253e-87,3.707280341381618e-55,8.52433890539827e-107,2.1676537314685612e-94,3.5722865580015062e-68,1.8299753794543387e-100,0.009992582392079128,2.6036481723435294e-73,1.788277636380778e-70,1.006574845963056e-33,3.683263764576046e-122,5.560789657721495e-78,3.03401177091506e-82,0.00012139062278283146,0.008691712623309441,2.6370344664759772e-25,7.053041949940422e-76,5.124575175150489e-12,2.3123025298716017e-63,2.415607589736155e-50,2.716703706220741e-91,1.6785246345986016e-36,1.40675484042784e-36,6.113651645850402e-13,8.256432371635734e-72,1.7082378745948589e-44,4.550102933561599e-17,1.6584634404819682e-58,6.705889147263592e-43,1.4431435647437587e-32,0.009932123893527963,5.4493193979737615e-18,3.3686790847315644e-72,2.4892373211864973e-40,1.8237345883789177e-34,0.008099368123869414,3.279029559809547e-51,0.010876901246148764,0.006740882094464508,3.052244174898266e-75,4.533533388118963e-41,0.005566404738202749,2.334718529126318e-53,5.236155048882509e-15,0.0022636800461158933,1.605200601333081e-11,0.006937207984994721,2.960601941366839e-24,6.316804124718218e-42,3.668198454217575e-6,0.006153636437900454,5.546350267779583e-57,6.204753765011492e-38,1.4491510707398946e-27,7.804673095357696e-21,7.796658809257743e-32,2.32797208300232e-42,6.0740624205881844e-15,5.0473456681291856e-29,4.83754523088469e-22,0.005026346561512401,0.003498233504031707,1.6350322550521836e-51,1.5759408651302752e-32,1.1706864328053693e-43,2.219944725573787e-40,1.478105833096488e-45,2.37788998397101e-21,6.637415240206224e-38,1.943023263735483e-18,1.5721090363808733e-41,2.3477025452103784e-30,1.5364125794526268e-21,1.819457609710612e-59,4.180559670024129e-17,1.0060982811381352e-38,1.8031628151360556e-21,0.0015593092409171222,0.007497458526624555,7.349848607391044e-25,7.020996212927694e-24,0.04816661550308438,0.010877253723003275,0.004673613254212218,3.7435363023166435e-5,0.02797925283719939,5.334749135633155e-58,3.71835700648949e-11,0.060275680162403505,2.2517693214230844e-7,1.7952184361376343e-12,2.5370994588208743e-17,8.774007627632145e-46,0.039639482951531545,2.6473432093163416e-14,0.022801176345498976,6.093141714038453e-16,0.08751748718972631,0.010226019350810873,7.684525960101843e-11,0.0248116309940999,2.672523965463149e-33,0.06353430389546452,4.643362378185827e-18,1.2414350030225002e-9,1.8220439213502964e-26,5.296997141295024e-15,0.04199767930299507,0.018495847672523123,0.055593821424339086,0.0288164572047476,0.027470556956298034,0.0174248644256488,5.264341267260805e-6,1.0500818484256542e-14,0.000278060058580627,2.2034725128678538e-21,0.020297742709377852,0.027629794882153367,0.03440300119603541,1.6421233804595326e-16,0.019462548810799184,2.1682794465189973e-21,3.720224018294095e-9,0.06444854115603649,0.04821509151536994,3.278218231112074e-27,7.76835518920829e-45,6.721749503058692e-21,2.644990570018698e-36,0.0031691465087442393,2.805535349307482e-26,1.425224420489573e-27,9.969512914187286e-45,5.031989599809065e-32,7.26154796987837e-16,0.016936347562765634,1.6200726534364933e-48,5.193034461577144e-52,0.03224129833789685,3.842044868647224e-36,0.002968757891989358,9.410428516641064e-17,8.9420997984884e-20,6.896196974776862e-24,0.0257632353561466,2.0963418712376008e-26,2.0945630299895564e-46,4.0304561711178775e-38,0.019412235261970074,2.8534028306809248e-36,1.552712333780841e-71,1.2269477538239407e-41,1.777945298095107e-41,4.5166760681535954e-52,3.198801893368207e-51,2.2697575426622396e-59,7.445834007709781e-34,8.187306251459742e-82,9.724056886102612e-76,4.327081391488458e-46,7.647342520586079e-27
2.2612829318169753e-165,8.491322077498006e-243,0.0,4.0068371848733405e-135,3.434003269375351e-228,3.9355192194120124e-159,7.752245590029597e-96,1.1065449865586321e-159,2.0144457772745584e-130,1.562934267138342e-146,1.6550529387230044e-131,1.1367601864813765e-182,1.5838041100220962e-156,1.002691263711518e-130,1.9802609025703777e-71,1.4711561214409598e-94,6.067706949272157e-132,7.178044385582622e-9,2.5464901381877716e-85,4.845894425069108e-139,2.2415748102643025e-140,6.838866393274011e-118,6.94413188724319e-58,1.1039738725627672e-55,0.006737752443649365,1.778383530541169e-91,1.6979663324933397e-27,5.6897319087044934e-70,7.675841567625117e-77,1.13436281916069e-151,2.4849503504859436e-58,2.8605184086788815e-128,2.5926253440125047e-47,1.0205312615649424e-43,1.3300072433979346e-51,7.653965445086799e-84,1.424475803651479e-5,1.829844409584342e-70,3.784026150676958e-6,3.4823249049939004e-32,2.2588487755684085e-17,1.40429816411914e-25,2.0954685488345156e-32,3.8717375497334875e-72,0.010110015815606088,0.0018924518924230255,1.0422371854463503e-41,8.439563143935825e-14,5.619345943336928e-13,1.7144661128149945e-133,4.366802440795665e-106,1.7623940408977114e-12,0.006018534983660069,3.437387755210942e-93,1.4062545744001747e-37,4.103050471440114e-28,0.017798061210669264,6.645183331586586e-58,1.548027724563438e-27,0.00482933560355667,0.0032964271805374823,0.014712349702310272,2.8335525770337186e-32,0.011821379295874066,0.015701426328723126,2.19734243241212e-29,0.00013583828659393402,0.016604724818246035,0.0070234076046849555,3.1642882028901815e-28,0.07250802577942103,0.03796620828652651,0.027265971680327857,0.021566424765483042,0.06402657241925795,0.011831908194956093,0.03576928756911318,0.008085264382893864,0.026590085333686397,0.04158438285022228,0.023244483161444333,0.0073133823987904375,4.252819957470203e-33,0.0061811991208526535,0.03026229872192712,3.830560883857288e-18,4.3607281241971875e-36,0.04253773618920841,0.005768464335547402,0.021123938284000686,0.018418073301458754,0.01262385257457381,0.037372241764051524,0.012473414411752112,0.006927301007561724,0.06563156986016751,0.05833519498414029,0.023129107799182234,0.034287144869627396,0.019169185426102835,0.005079506732721744,1.0889582034723703e-30,1.817006080120543e-17,0.007572868125105325,2.3294579448612667e-42,2.774430585032526e-28,0.020046563435271628,0.005331109506879677,1.4612437296869713e-8,2.5397425218451434e-38,9.765823382707868e-31,0.005414358571147573,0.00503603800841939,1.7363862442661891e-7,1.1127500911759613e-5,0.006236399752451817,1.8736993687723112e-22,7.069051247916885e-11,0.009774539715786072,4.1606131901657454e-57,7.266957065806279e-15,6.884967750408509e-18,7.528478203121482e-40,1.13897401744333e-47,0.0069342305111596975,0.017692844556214046,6.414752016880608e-41,2.587030138231762e-36,9.592245563489435e-62,9.072781352709802e-44,6.366585592972786e-19,1.6498972457015805e-88,9.48065132559624e-87,3.03822664830262e-19,2.4124202761041494e-44,8.2073966747928e-56,1.159961694726077e-88,2.7054952751520373e-71,1.5342682842217522e-32,7.121224662943535e-23,0.00831982174458883,2.09586045412424e-19,1.0735660544415386e-34,4.1656282996696787e-35,0.013857942914130728,3.327336612675424e-56,1.3503030067718914e-75,1.7488233885880237e-133,9.651570471479255e-52,6.54579015343818e-59,4.791503311389098e-115,1.8926997539781872e-55,6.196365611800973e-118,1.4716883636227029e-164,2.162174057798977e-149,4.679519806401614e-88,6.692482612980983e-101,8.639757430739698e-29,1.0151773915785488e-28,3.1095305174134275e-103,6.035622191025741e-120,2.3077998758470836e-138,6.844982391918126e-112,1.6126928314373334e-47,1.0072680223710111e-74,1.3547051971213907e-109,1.9908304419686624e-89,2.8666382641179034e-96,3.47423867469714e-117,3.3342056059126583e-77,1.265324196009316e-53,2.1255025268207036e-112,5.743645231361666e-109,1.3283824790097049e-92,8.536077861900615e-128,9.553071917679927e-144,1.1015231125519052e-112,4.987460099782499e-114,5.131278663166355e-117,1.0562249835276553e-59,1.79892176890814e-73,3.7195873130168175e-97,5.060933189513612e-93,2.642803376009276e-104,1.3111586651384709e-114,1.5372052921246036e-90,1.3361341147271245e-114,1.3565972482812494e-122,4.983748027151053e-61,3.521192459231742e-94,1.1167892024315719e-137,2.148578289201061e-102,2.054665220078123e-104,5.90266653758034e-138,1.4111362363473435e-199,2.797121137386399e-178,3.366401554297175e-125,5.506179404716751e-136,8.694528170228548e-167,1.3260944527155581e-283
5.1228953518557046e-257,2.679580599471817e-18,1.5023676137083559e-242,3.842192403230781e-77,7.465097774217144e-237,2.0451225233416753e-97,9.046471018328273e-143,7.562019907593097e-92,4.1309097096402136e-35,2.9306420527958955e-81,5.639608618074593e-112,1.167210870215238e-55,3.908209639906378e-57,1.535724242499922e-76,4.754900922580819e-60,0.024619221558738184,4.814597369769607e-64,1.9232433781052644e-43,2.047056953322576e-63,6.860391604793076e-66,5.156497340970746e-61,3.2994573490521723e-75,4.391352424908871e-21,1.8695365123948144e-48,5.520457956804306e-65,0.021307673622961848,7.081880862481145e-79,1.5359099903941814e-73,1.4986388419155712e-37,1.8971769020596093e-92,4.13322486165452e-59,2.8544406195218087e-62,3.0305637467838252e-64,3.5554046303406034e-72,1.9059465253354836e-33,1.4855957718679249e-78,2.0150428380134802e-38,9.800086808330937e-8,4.521815487840572e-94,6.793069852569265e-37,3.963531814056849e-74,9.87610229320221e-20,1.3768956951054254e-51,1.7556355077752485e-37,7.026473405800613e-18,2.913449864185862e-82,4.156749836603786e-97,2.452465322097068e-74,4.7335517938719253e-26,6.578437382786467e-19,0.019015435086106335,5.4645159225517525e-86,0.0035396681171935202,0.0027283640012528663,1.0316423863357114e-26,3.5661325982266796e-81,1.3147474463849932e-38,0.009424749274914145,5.504418408889434e-56,3.842605625252475e-52,5.492230685219036e-59,0.002907070316523219,4.6352847566421536e-45,0.005330803942807114,0.013631154753100196,0.005593213733739201,5.133576589195183e-13,4.9806619877730326e-23,9.328286837743709e-8,0.07718242835199914,0.10329678655108428,1.1215714103518472e-25,0.0613035749773783,0.09918408692654983,1.4269566375503219e-31,2.5073735823485002e-30,1.605398215963385e-6,0.010014212170048812,6.4946692998715754e-43,7.391407017852766e-30,5.802004362593466e-5,0.014639862576243445,0.02639752808083456,0.007174089264624272,5.404151325713772e-20,8.093426496284028e-20,0.028022019388989555,0.018697528940300964,7.571623837123308e-25,5.752454544031101e-57,0.00018897259370503306,0.005794014081353826,0.02080918158872396,0.018944722193028573,1.3112496044573457e-21,0.05397232154382447,0.04110316074629715,0.030459001792337487,0.02491482750625493,0.019592519792421895,3.622570954051115e-18,1.0699468813214166e-19,0.028246415358553056,9.279014257274416e-50,6.90064674278905e-58,7.23872958529119e-56,0.017215253106763195,2.5347063829544415e-14,1.1543849993258419e-28,0.024237322152680884,8.899071551774947e-32,8.017899386501994e-87,0.00523595555455759,0.0005702310983656642,2.42413579012821e-27,0.012799804059369093,8.632616901419791e-51,3.4835713239992755e-27,0.01946028872531331,6.095545764807131e-53,1.8167008210974146e-38,9.322329157068815e-73,4.2304785049528105e-41,5.901959123480598e-14,3.4737905996978776e-40,1.2498543918103573e-45,1.3789584344135173e-54,0.01344174973336314,4.961691063756674e-46,0.005345867413568789,2.687004142473154e-25,1.3118394609782109e-18,7.896240162365671e-24,0.0037376652490903493,9.266057431607082e-14,0.007206420922107144,9.914909876744968e-71,3.105727909157504e-46,1.2444751847048794e-25,3.650616220887258e-55,1.0797412594896696e-10,0.0012484967906953063,0.016209328253727496,3.186745693943196e-67,0.01012856337297899,1.2965490088346948e-43,4.083193209089726e-36,1.0385987905359344e-24,1.489766613602246e-29,3.377747485888224e-19,4.0368739912806415e-7,3.308012650660658e-24,1.1467788781202033e-13,2.2655485484641673e-51,1.950978522276699e-42,4.5190224240861004e-23,0.018165636384703462,0.00514842058164139,0.007154956795613786,0.010061465649712336,0.009051084000278457,0.003588982177858203,8.915550431118244e-15,3.8007796969827697e-13,3.8779629338003485e-37,9.313273663980607e-42,1.0143731892563053e-46,1.8763656993574387e-75,3.478527550020024e-67,0.0014750678601868135,2.0889323107316478e-26,4.279754021128778e-20,1.9871730656506977e-29,2.84985001256037e-36,1.1462356087055042e-53,3.1240185552027943e-19,9.386014542127122e-64,9.061971941034052e-63,1.193900046486516e-59,0.0009899949864997878,4.582413693817954e-46,4.6642979566551554e-70,1.5940929214829249e-21,6.375613987194668e-24,3.625849327114743e-63,1.5886152085864086e-80,0.0032732132811482224,1.2069544731527206e-41,1.3623320060361518e-28,6.303431021936399e-61,8.907242292556333e-39,2.7810768850125136e-41,3.550158713371692e-48,0.002572900502243242,7.212967224508141e-47,0.003586501993497464,5.495685545313535e-84,1.6994884281569345e-67,4.2112167322256253e-33,2.7151556509003016e-115
2.958607644905782e-227,0.0016987568269134657,2.3634079129684962e-145,3.411179027404023e-108,7.682230707046476e-233,4.5879419154921285e-187,1.7382067960278023e-160,8.395037168161226e-136,6.569813503059119e-94,4.99627473309338e-114,2.552381035907304e-12,8.369057216376804e-85,9.230549396267998e-51,4.7784624819870797e-32,3.507474704561746e-63,2.927400092405358e-22,2.571287508242124e-41,1.974480196066076e-46,0.00303621582011962,1.0306681216737901e-110,1.5456251043205808e-43,5.944870090383401e-72,3.210484643167102e-22,3.317814307562415e-60,7.998643513606595e-27,1.5185082832940309e-69,4.4226404346671494e-48,1.728105282137189e-65,4.0632494348113866e-104,1.4191138776630456e-109,2.639844023592624e-50,9.854572909680617e-45,0.002877213086443718,3.0772381518653257e-131,1.2619539626512028e-30,0.0018032817364684536,0.0030260264153414104,0.0018428296196841031,1.0737207258307278e-48,1.4675046919041644e-74,4.524145160349619e-111,1.9329941358979412e-22,4.608699879443647e-34,0.0026087903013924845,3.821611926000866e-37,1.8764986328325393e-60,5.024350893254891e-41,1.2863559034611076e-50,0.0011506267591289785,1.8685802133030826e-45,1.4231175152488187e-17,0.20197771499275105,0.31976946935323225,0.3026996027268991,0.074199117370739,0.0033518051855090905,1.0921505089929134e-48,0.001182091287020029,2.6489952400964166e-74,3.584801840029391e-8,0.0012786507291890684,0.001990694620227463,7.292622234499606e-74,0.02993088704317363,0.01238513274298989,0.003967719231621026,2.348381429864407e-49,2.076563018021029e-78,0.0018322122732814929,2.138328006926379e-61,5.372197267655529e-66,3.6094968376156135e-104,2.565529839395383e-57,0.00216003104644505,2.3228919917842955e-117,1.8815732581654026e-42,1.1779165340692916e-53,3.409423526627875e-93,2.547714237693313e-68,1.4421759534376608e-101,0.003017788880758944,2.2439475027467684e-55,5.530559071912343e-75,7.250279856836906e-77,6.431739523024289e-62,0.0018854034345756453,0.005147531300836987,9.335429323630405e-20,0.002315265485732554,4.0332429658750635e-58,7.686965217491529e-97,4.169667428099691e-65,2.1797758860857328e-45,1.4911131046588223e-46,1.2527825553129069e-7,7.180678082698844e-53,1.0708718037796115e-55,3.240477145645258e-54,0.00013355522144087377,3.688847968922465e-50,2.044002865201044e-5,2.643557025822109e-104,1.1002456668564847e-71,2.0969712894026104e-112,1.215119262051268e-56,1.1456449842541754e-148,9.44629762627826e-114,0.004466447216127825,2.3242338761525856e-18,2.732751601741033e-177,3.112569033403642e-157,4.855647411833691e-106,6.148227528652215e-188,1.436678970634336e-89,7.734837830849318e-78,1.6241876788120928e-93,2.4184751848935276e-53,2.840712077928848e-141,2.4726227215692606e-101,2.5630398805036217e-168,2.6817925147391567e-155,1.8067619340550341e-97,1.640777955376267e-167,9.245048719909019e-111,1.0731331354405799e-80,0.0017550573132911688,6.366356556780993e-116,3.9755243764767777e-69,4.475253089343977e-74,3.0031747769759534e-131,8.540939517468665e-103,4.1427451253176985e-89,3.9362228760145576e-166,3.2119966782384155e-30,2.4896735203347935e-119,1.3811090781635615e-24,9.844240048713972e-105,0.0017611062893348277,4.1834724671187844e-128,3.362683280907635e-178,2.1583995823610474e-41,1.4713812113496304e-151,1.8138339769324491e-128,3.444474758081009e-152,1.1124085450073973e-156,3.48717718196743e-141,1.1342718523563402e-125,3.699263302103985e-119,4.4978180492882266e-41,5.711804892572122e-167,3.239986554585663e-176,2.2852075580878296e-159,1.2426146028712864e-136,1.8396511996683015e-179,2.7213502821890725e-101,2.6381825056084592e-139,6.702123900127008e-120,1.1561946846247214e-99,6.2567351977570115e-180,7.102492879503347e-44,5.847916798216192e-73,0.0015824350293507298,5.17591830317996e-71,1.1984260709801714e-165,4.948760771124577e-119,7.36287519088576e-102,1.180563706406492e-172,2.183947035386425e-204,3.500259205783907e-100,1.2450584828079804e-133,5.236936518483821e-146,1.0851242613595221e-150,5.6687880726918725e-68,1.0359961080203653e-82,2.181889223450948e-143,1.6584233169161368e-94,1.5595798326220683e-159,1.3604068281956668e-130,1.2066375737995124e-167,2.3154531796283445e-122,1.0969278822711973e-67,4.5111047670899615e-195,5.1289427778369135e-118,8.214890035769921e-202,4.02554145738199e-136,2.3875216993341313e-163,0.001369358661986121,5.788995794068823e-172,0.0017765808405157315,3.405790395987114e-151,1.2114136808457832e-215,4.231400251927229e-110,6.9871661028195e-129,8.079531240654051e-169,2.5215932904895012e-167,3.5741635013987254e-180,1.9902045363458846e-204,1.711227993896494e-244,3.1052219654998506e-211,0.0
0.0,0.0,0.0,0.0,0.0,0.0,0.0,0.0,0.0,0.0,2.0384961515558917e-224,7.097310280731226e-186,1.4402784042440081e-267,0.0,3.122451406719667e-225,1.1809874447854377e-199,3.28285523995771e-245,9.334894553873423e-166,4.798771131628812e-189,1.5017095718486443e-200,8.290381782587671e-88,1.8319801300451536e-78,1.5750320853196302e-178,2.1972146049910123e-171,1.488049474012395e-194,2.451181401729808e-127,1.5371072490434414e-181,4.291807122651547e-172,5.763460593257149e-281,0.0,3.1259703218105963e-262,1.6439308354562175e-268,1.1507574803321074e-268,8.578264036596024e-253,6.977407581214477e-44,2.144348779903231e-185,6.764540628648332e-42,7.098706734750025e-110,3.4867985981510513e-205,4.471405443922223e-209,1.8370254143908683e-115,5.368142987323922e-229,3.003874248210311e-248,3.2740441137574497e-138,7.927051050207562e-191,1.542616782865488e-275,2.1517398614347706e-124,2.2353144082636114e-222,1.1364876535091021e-232,1.706226665444111e-134,8.84405378256983e-225,4.295951244876052e-193,1.3619761414473716e-121,9.894677486898159e-131,1.5667037053867058e-191,4.008276434564251e-142,4.166935475855589e-107,2.1478585072340684e-192,8.554028837826103e-161,3.277683580692849e-216,4.870955591431337e-32,1.2393933009607215e-148,7.922626651778884e-228,7.879880158722917e-181,6.672444679543313e-82,8.654268481220716e-24,6.465055817127139e-87,1.8298968627261944e-54,1.990323481091451e-29,7.342392510822677e-67,5.419382377483018e-124,4.547635096787778e-19,3.589963891421194e-138,4.2917273839822336e-48,7.902028799366784e-206,2.60047722877785e-119,1.6718288706622214e-99,1.3834343869711544e-127,2.6471496225196157e-127,1.5105807444271505e-51,7.08813058236429e-88,1.5804685031899821e-65,0.0008255448054121902,5.510775442229902e-88,7.213542868673537e-89,9.78887892251711e-41,4.1070889355240665e-75,1.1777496713278628e-28,1.9973004962334065e-79,3.9940204589321844e-108,4.8700655341114805e-116,2.705824689551006e-94,1.6503273542296548e-59,0.0009836499678636174,1.7263053351386595e-58,0.0008703683776293319,4.7528640936264045e-86,2.61669494861146e-113,2.874122599643588e-88,2.4548990135288333e-70,2.1232669049146982e-89,0.001725408205103174,9.543638718409742e-54,4.2229194032811137e-57,3.480862335296361e-19,2.2073690878595133e-58,7.259566670959074e-43,2.5691576095728334e-78,0.0008939341655468398,6.433211555557077e-69,2.0394306434519782e-96,7.475746000011331e-101,3.7204035079430875e-50,4.324092004383767e-77,2.8387245238364e-29,1.3693353092274959e-89,3.478138480862171e-49,2.554887135294289e-13,1.0210556375449478e-63,4.500180106828785e-73,2.761140766065214e-95,1.9639205493259634e-61,3.895637410597112e-61,7.696973287793518e-98,5.999841578231174e-57,4.044033769721759e-6,2.1404062201912751e-19,2.2663069174552697e-59,1.8234180711967518e-41,4.202093017936961e-41,8.797319363651233e-31,0.0029211191397114783,8.866288749296094e-26,4.520475335851285e-9,2.3626516552198614e-17,6.960353961306872e-45,5.810946484019965e-35,1.8404172273406208e-27,5.793950773944367e-10,2.4963609723067345e-43,1.1917723096325315e-48,1.4227864140008812e-23,2.966155187437579e-50,3.277703902404029e-54,4.097496539862914e-44,4.005704466156806e-11,1.0987367853284017e-20,1.312762089676909e-19,1.0179193239656113e-7,1.547397764416327e-13,7.740051681998496e-35,8.502667225419936e-26,0.004378729065617247,0.0013253311946759539,9.047615411741453e-8,0.0016573606648611371,0.0038107166382361475,0.0032344930962583574,0.00744293178123177,0.007324759770601712,0.0038169480057166478,3.1928780478745e-23,0.0073426716153245555,4.887359162059422e-13,0.0007404587509126754,3.1586988441235546e-23,0.002972659795050219,0.009311602083609751,0.009640237519674168,0.013138176162175379,2.0695922743162733e-5,0.015650085360115886,0.07469891876272354,0.04866583435879943,0.07805300896629598,0.08998916704834571,0.06792913843413001,0.06822999946473514,0.05272497329731824,0.07169577754476422,0.1001063786025623,0.05267744743953957,0.07585597396411303,0.030224148577708217,0.04624170538029626,0.0036282117363808054,0.003516690851948634,0.007348389573806962,0.011264823025980428,0.004808003091017917,9.360059953355773e-5,0.001198737273005687,0.0069811210598459406,0.0006857476511784313,0.0023648611502082775,4.9884077196379505e-15,3.289655902359186e-38,1.467923096066431e-24,0.0009852186150026785,1.6345236638889608e-20
0.0,0.0,5.289208525267213e-205,0.0,1.517e-321,8.430152095516381e-246,1.0683891677942733e-286,2.4055229057392077e-203,6.596546947666895e-234,1.5123612078432557e-137,3.5936881172266044e-217,2.181058223593548e-160,3.4054029508404364e-226,3.281298604775742e-226,6.196778302310559e-186,3.2130915165448005e-121,2.41395110014925e-137,1.869779948463479e-148,4.1164321522273294e-123,1.804098573220091e-84,6.96442092048444e-111,4.34812501614829e-157,1.1940948229321457e-123,0.0007555719375643451,5.39756098209734e-62,1.1604247906955192e-112,1.819535301981979e-58,4.86026055466541e-145,3.154011807878946e-61,6.2145177464659866e-136,2.4241648658882813e-74,2.0707450783684035e-149,8.228943170475861e-44,7.861064233365514e-139,1.4900549225166512e-105,1.5494739189801017e-103,2.781735586264567e-82,2.2536528731257213e-77,1.5862026576049967e-142,5.94628986851181e-166,1.258744584842354e-47,6.337322432080729e-127,1.458901066846135e-58,2.644108732299561e-39,8.067123838643791e-52,2.23074186179896e-95,1.954657444057241e-96,3.293472288186253e-142,3.0578853180117427e-117,4.771396978044915e-126,7.141657243259216e-95,6.623483366398172e-87,1.3110361484030798e-90,3.4614451749262964e-107,6.350078605397761e-47,2.5013605351488532e-96,0.003023537396478575,8.283500687760282e-110,5.990414416045212e-124,1.7727666333894414e-99,1.248793725711115e-25,9.827278015312027e-82,9.47471223001867e-101,3.426748737021727e-91,1.233206086394561e-66,2.534719038605949e-60,1.4077399089436716e-55,4.850918753431646e-86,4.129825709980696e-56,3.23179660472219e-82,6.954365639160417e-21,3.543011200588411e-36,0.002119805933560678,1.0046004905362353e-38,1.392083578221987e-51,1.224969355176214e-48,6.2608473169234176e-71,1.2983963842271293e-104,1.4607528002307235e-70,7.766219955142423e-70,1.40359324377919e-72,1.8484105076466673e-81,6.447770721567827e-45,6.114605432203072e-40,4.12205375617359e-21,1.864407407039609e-44,7.321823121124294e-42,0.0011200859374149179,2.259240346145071e-26,6.621648234212527e-33,3.608388180230397e-21,0.0019929283252846683,0.02661152599856574,0.017924806526558798,0.040748065656557246,0.13501924030211956,0.09666411296825189,0.06311771567879157,0.10363526980541848,0.11409163484715727,0.09439768369678408,0.037222091169572674,0.019636303997421063,3.9730388968677326e-47,0.015882043232538882,0.02466489938911779,0.002805130514244165,0.005972293983630457,0.010106061895144442,1.2379202273806177e-96,9.439968463788502e-46,0.004526472232927778,2.1297446079138276e-21,6.97998488396559e-45,3.2579847192806276e-54,0.003720131663922598,0.006755314884495847,0.006180413404523735,0.0019584293791055363,1.0403063720385427e-58,0.009837262116206976,0.016425880872667487,0.0035124155431311677,8.963273940824664e-50,0.007474101937934143,0.007370004117758584,6.690932399336837e-52,2.5409848230231065e-10,0.0006441074037035583,0.006449170073789365,0.017163643163764807,0.014531185224405307,0.0004700234865051342,0.008456877347968225,0.0021524077412227436,0.0016262329044710567,0.002449660860250884,3.909723775173902e-65,0.0017999567943702832,0.010058627403804532,3.011062786511849e-34,0.01966491454190763,4.385950488402359e-53,5.843551064590344e-23,8.637697775925813e-65,4.64002385279908e-24,3.2370965450542e-60,1.0668882640989882e-78,0.0035366058695744476,2.0772417419169406e-70,3.074347503444429e-75,6.841668240325404e-23,0.007035604009056981,0.002801875624273875,0.006963721351188573,6.738769035676327e-18,2.477319708189468e-57,1.9258471781381807e-52,1.9572838613829973e-10,1.8634628485529964e-64,2.6181821136832744e-52,0.0013387667695089697,1.9007041216706472e-68,3.4981905776582606e-72,0.001958181702759401,3.99366296109208e-42,3.6689163104993855e-54,9.594710675258042e-103,9.113083355996319e-82,4.457456509742285e-12,9.343041792521424e-84,2.239642514259251e-64,1.5782225963347564e-43,4.15014420041101e-58,1.984339901584477e-63,8.370526396663097e-42,7.522020579116241e-34,3.145844149641922e-101,3.604176298665369e-105,7.970683582632785e-64,0.0020633976163210066,2.3403075632747151e-94,4.0310965469090756e-91,6.170794420398161e-150,4.622382463961067e-129,1.9771205870403355e-78,8.327706035428062e-98,6.16810769820703e-53,2.0505413570805854e-108,1.375935265792661e-88,1.031218830646392e-137,0.00019174935834129144,8.034946469255046e-26,5.826085425420918e-52,1.7285171809638164e-144,2.4464150348334046e-148,0.0033720549536763685,1.4629139301223256e-121,2.4543235605098893e-123,9.125406347234966e-216
1.7058873809968718e-177,5.560836731502098e-139,2.2598578500704056e-179,4.575843213657136e-141,8.3055589259103e-106,9.042790139693017e-110,1.985803492085556e-135,2.6226523751290794e-81,2.5151310848859926e-96,4.1582246841305967e-7,2.9845562650564356e-97,1.965798422613479e-11,5.024532702307426e-62,1.0361415478170537e-27,0.0014325691586712578,3.496883701726698e-74,1.2089453827770386e-50,3.3136889039004133e-11,5.790667385263744e-27,2.2998454632376862e-35,5.402724864575802e-56,0.0034690519514025114,5.778413857625284e-62,2.0446165273234098e-29,3.744208410683538e-30,5.204785771418326e-38,7.759195794383653e-47,1.5037407149018733e-26,5.546506333342445e-41,1.452719011051154e-130,3.763889648961315e-57,3.0947118920790473e-16,4.006681884151575e-9,6.653066980000777e-119,2.1162637153932075e-18,1.0399081472872208e-14,3.3694834361688642e-6,3.161491458303263e-36,5.19448311247236e-7,4.819677517173784e-109,3.608178242121495e-85,8.074408081073607e-34,0.007807847803025245,2.5307524137919904e-44,0.00041035822817628016,5.844715577071237e-63,9.956724399977766e-35,7.673950892657119e-53,0.005967717436301296,1.3676951736820003e-26,1.3870051246096452e-6,4.6720856673804195e-27,3.1462701426372325e-64,5.327533855911626e-7,5.653944581953138e-11,0.0012975283940788935,0.16761045165482283,0.3317631044557224,0.27321299467261373,0.0683031802106271,0.011427669246110873,0.005053769135863272,9.135522078023534e-61,0.005892073436402606,2.221227273184902e-34,3.7457675782500777e-29,0.03901637500555579,0.021701769807490025,1.5892462565019754e-12,2.8245693899352733e-59,2.0847577408855594e-70,0.00732994982792591,2.1437643471091463e-31,1.2664504304649772e-69,4.268992785541546e-136,0.0034984353322822775,2.5620672607077083e-57,0.006663498046248862,5.2284393297266275e-55,1.0615179452392324e-97,0.004077956961982853,0.004392516532849695,3.0427185086812017e-87,1.4345196949731087e-46,1.2801837934682252e-104,1.1903159297633636e-49,0.005140595077260409,0.0015856370365640083,0.0041152131506578754,0.0028850460855372275,1.3825914302813693e-8,1.7566239661553638e-127,0.005073722685634476,2.3432806851726185e-66,4.9647193319638647e-26,0.002404920872525654,5.570683960623167e-68,1.705140293643944e-110,2.8418645977414962e-11,9.479756920114491e-82,2.7659370761972026e-67,4.1491420648931463e-75,1.3357433910639767e-88,1.161186843317916e-134,8.88617468579642e-86,1.360211830038861e-61,2.442346263696871e-123,1.9688801224975905e-121,9.461983585236816e-78,6.280112581417476e-64,6.254231608319496e-148,1.483419527601946e-125,1.4119793178964163e-60,1.4007359439524127e-60,3.259275315367055e-185,1.7417400129949587e-73,3.750091514923625e-75,9.387803770492159e-52,1.4117756026180619e-120,1.1533169447852525e-8,5.403341236080279e-172,3.71905184507325e-83,2.4163483229560924e-149,6.36799090718269e-129,1.4900773315139268e-87,6.284064163229932e-71,1.1116631321444236e-78,2.5608628025394995e-120,1.7914872556805748e-40,7.82533847174698e-68,3.06808421494779e-97,3.160449456652703e-21,1.4591985853201562e-145,1.2805127414282234e-113,6.1593507930087245e-120,3.4944663237150554e-23,1.3333422559673958e-77,1.9171936930908807e-167,1.838220000572269e-130,4.502046092623004e-109,5.547829576046811e-5,1.0497521147185333e-138,6.97119986236863e-117,1.45123641780323e-50,9.193321745531973e-131,2.4731649736054317e-98,3.117428002823726e-123,4.289710050708862e-154,5.425375439590925e-157,3.5740296132841864e-55,3.3754387511677656e-167,1.3143909819961201e-104,2.101993704397662e-82,2.0901789384573173e-192,7.730086765937709e-146,1.1836602108672525e-140,1.016505313625414e-130,8.823797973538671e-71,3.83399094268796e-126,1.3324873100060548e-108,3.2376757129132566e-122,4.968344543651377e-123,1.6129676028682735e-151,1.911906768445864e-77,3.1180829834843205e-175,1.4651472327639597e-45,3.5397237517444207e-54,6.607707453566361e-171,0.002253489827178177,1.8027307826341535e-95,1.3310193798462007e-49,6.791048583480483e-178,2.7296789427560917e-155,5.888738941237455e-76,5.211257658125742e-104,2.2643969274343698e-57,8.325155302372964e-143,4.175165867289763e-178,3.4677743294058114e-164,2.5274314037631015e-164,0.001693844084357815,2.364298304602436e-162,2.238876215925414e-130,2.5983630709420156e-146,8.491063962013071e-53,9.666035110027259e-141,2.73245584103676e-125,2.0351607315017392e-168,4.768471398859115e-45,1.0842540104587937e-208,2.0739803839868123e-210,1.6438342352138e-160,1.3244987646342351e-108,5.0846801864966405e-169,0.004456981568525636,2.1474543373707241e-190,3.1368017100168347e-103,6.051241547735143e-226,5.062937337009163e-239,2.6339815124947136e-280
0.0,4.434260125841972e-288,0.0,7.992060836442136e-277,0.0,1.3459778634486842e-184,0.0,2.3235198765956068e-196,2.290246398984495e-273,2.4443300341721358e-281,2.462210430518511e-163,2.0381971179395982e-153,4.730530512597486e-258,1.2416248489641988e-227,9.352237028888194e-167,1.4596301172497673e-20,3.316721781885629e-200,4.104006901425666e-152,1.7964815450757313e-142,1.271999387008244e-79,1.536372778280346e-174,7.388506093345805e-121,5.184358300956164e-88,1.0311332557734791e-73,2.873862510938644e-113,2.911359844771514e-29,6.084756350932784e-44,3.0176070957193462e-165,2.679281419257926e-109,1.5102863514199325e-153,2.3102871191562077e-114,2.8497457878433048e-161,2.381721242903179e-174,2.3554036827098294e-64,1.5636315528120135e-40,4.692066940091573e-132,2.6263318936097073e-126,5.323565404083233e-121,3.681601003234365e-121,3.498330904949532e-147,1.7512610049577973e-7,1.1527479622369295e-111,6.605093223967527e-119,4.051500753652541e-77,6.101334490106807e-120,5.353554953143399e-125,3.522348479436344e-78,1.0914572647240517e-106,9.628825616999116e-156,5.514193691961433e-88,1.7504969825086543e-160,4.486408464093783e-77,5.50270402243809e-129,9.284172503399342e-66,1.1721161149078316e-59,1.2210835175924049e-105,0.003294941209634767,3.8049290891749655e-49,5.0486331249725976e-175,2.2954611410007195e-157,1.1167409845386991e-80,3.2895873556050426e-40,5.314942522367245e-128,9.285521188630933e-44,8.33769627348878e-121,0.012584395295597819,6.735922675191874e-53,4.1404787072455955e-73,4.849213006210922e-43,2.7174363211408516e-45,0.004390782009308324,5.900620088697878e-93,5.4279638777919934e-98,1.1779063391364959e-68,4.627536516263975e-79,1.1557730523594587e-99,2.531734026502574e-40,5.97310882056113e-32,1.8559844022649224e-65,1.6863292500530827e-47,1.4087091727011712e-14,1.4650334707115702e-53,0.012971334787609812,3.005960102515009e-42,8.421936128474075e-55,9.401963902019793e-73,4.805726699000194e-62,0.022741843452723648,0.023949682477090235,1.8675279035096988e-62,3.553069511934522e-42,1.3118112185792254e-57,6.739138266863068e-35,0.03125778177942548,1.2207033751713683e-11,1.1410459538615308e-20,4.770655251323422e-41,0.012856290494814234,1.153258153435447e-52,1.9276657912301125e-6,3.079003242843532e-51,0.01725847458809414,5.438405061178253e-44,2.4868208969499237e-49,0.027076146820320238,1.6009685710907102e-57,6.556801849254502e-36,0.015980926577931966,2.348370705925367e-68,1.1836773986645175e-12,0.022651073534509077,0.010696809741981658,0.012050416902063751,0.0053324233476114745,2.773471298103365e-51,8.425823420057344e-60,0.01980802445476488,1.9553463732636578e-31,1.0040368317452044e-70,0.02300151965262028,1.9799325760390665e-44,3.298557153093379e-41,0.0023560074137902003,0.05078928251539878,0.0358839525203065,0.010344129406996602,3.5269402879868717e-25,1.1647646447059e-6,0.028377576459404478,1.393544694555812e-31,9.674445205867508e-11,0.013896680308713088,0.047552906115980356,0.04627321845976065,0.01723786342241822,2.479825765879859e-25,1.2218585227394813e-12,1.6404172351178735e-23,0.015436711700287774,2.7097061077213586e-31,0.005411540632029078,0.03172833876731285,5.148636976487411e-20,5.0668767606062896e-17,2.0749502476047086e-12,3.6756201719600466e-29,4.2008409442616104e-17,0.039499615405054735,5.2415978175469865e-22,0.025937243801660806,1.3426814043323923e-37,0.020117525062685004,1.9614474468456194e-15,0.0697724314204243,2.5113696871833806e-27,0.031463820032944644,1.0262462093160808e-7,0.006322313694697327,0.037326963514735384,0.0020382612799095786,4.581702615435177e-14,1.680318691967474e-32,1.3538356722388027e-15,0.005181574317083191,2.176295882797043e-21,1.9363871565332925e-21,2.5516610681288463e-44,1.3770438674818316e-36,0.04854937959440643,0.038666030130707345,6.907704534763098e-12,2.0823982708952922e-42,2.1804297104886694e-30,3.841376962827893e-42,0.015005928102341148,2.230528001048003e-15,2.35039649638899e-21,0.02013824723939635,6.1759780750346e-6,3.5409717076332676e-30,1.0550923395920833e-33,0.002713261857784832,0.022227451883847987,8.281697718789984e-79,0.03183933153418317,4.970416234728439e-42,4.26191549425658e-26,1.0973774004365423e-33,1.5691127836818277e-43,2.1879382043399373e-51,7.355764125004363e-38,3.694606038225942e-57,9.742731040534109e-44,1.6925422258182423e-63,8.582333435489809e-75,5.0314584589341715e-68,1.4656986488839021e-62,4.787598063997021e-69,3.145703216713501e-44,6.695972988436405e-99
0.0,2.5658257352394517e-188,6.155016448263246e-111,2.08147396323212e-243,1.1037958019362384e-252,1.4059656681718764e-174,2.4821584126258844e-174,3.3757064598882225e-96,1.3558623474061579e-120,4.275106748353679e-83,7.098120952979019e-43,1.123405081984037e-102,1.1800228094594635e-112,4.6889090697378135e-116,9.982938593194766e-50,7.72925454201888e-36,6.240638966882011e-83,8.507360457331274e-109,8.549944994771078e-81,1.0341571946078717e-36,5.886722796186175e-38,1.0980285047970263e-50,8.595098398130026e-61,0.006202380720752511,3.9713915219995307e-56,3.992465458941591e-74,1.4834851389497119e-49,4.976158604658205e-80,1.601882484346521e-70,1.0947226060227606e-83,0.006006302599504417,4.830808398664587e-28,8.15554738493045e-69,1.3544717371764492e-108,1.8433899484717286e-120,3.9334721743795973e-17,1.3159085377602368e-47,5.657238519231182e-58,1.1253780652093252e-94,1.04199012698559e-69,1.3150932511935703e-5,1.2604848724319052e-70,1.2388565171441306e-43,2.6546510852596018e-14,2.7452607849292284e-53,2.10848591778223e-72,3.1073175776861747e-47,1.272825023339677e-32,5.014782358009224e-92,0.0027783922938720918,5.5987066123524435e-30,5.483605507326213e-56,1.0016098968276086e-55,1.0459096992371046e-24,9.764302041302952e-34,8.369113714224459e-5,0.004560027365441424,5.518140048872881e-43,6.963031503625023e-38,3.2508398770948694e-49,2.702119157835028e-32,7.562856946410215e-17,0.005579096451898439,3.0558479454769927e-24,7.919315823735561e-43,5.951049142785226e-48,1.3045246953177557e-24,4.177882918744035e-24,4.482680305851062e-16,8.226923746001931e-32,5.176750957145782e-26,1.4559138643090756e-9,2.908159223248713e-31,0.008396465582101447,6.0603706187705106e-55,0.01484061406846499,1.1627430296079938e-36,1.869528059954915e-24,1.2335705214587922e-16,5.777448907751759e-28,1.5280312251366904e-17,3.943266979650221e-27,8.665075046393702e-14,0.0561132635326649,0.019600926429992487,6.723228213474547e-13,4.056053985024491e-11,0.026834583862706585,0.020455930600359475,0.10227835487776009,0.11484840254849972,0.11006195185116825,0.11055937764418011,0.10016394656834234,0.11560542446825277,0.015708020115924926,9.252573490312217e-16,1.699883685711916e-17,2.6333175563587406e-39,4.3572237706868624e-17,9.640728056374724e-16,0.0032941921332967083,0.00010836723091305836,0.0028069571879943333,0.011520922381793159,0.00483423270652199,0.00627642335686885,2.2215614142798068e-23,0.01413515129611148,9.965134889448397e-55,0.008569496618783931,4.076755692943844e-31,3.1430412631777743e-45,5.237638507729781e-16,9.099357143644198e-26,3.762268094375138e-56,5.690884985584093e-19,0.010372007896410776,0.006364528372565386,1.6808673977112892e-17,1.2711100678179654e-12,0.00923723063141123,0.0047209431845660335,7.477418896413886e-38,7.207201679993893e-25,2.8220091107886275e-21,0.0030383052593095155,0.011131253721404909,1.9502545361448858e-18,9.145970687463163e-19,2.8198575608728343e-16,0.007681076488551869,0.0004048727761166408,8.105885625307051e-9,2.8571892749446055e-46,0.006411361181977033,2.9316347475660617e-16,1.0858821329612678e-40,1.2447795291069856e-28,5.258385026403863e-22,0.011611364880652796,3.712420446361682e-25,0.00383627010908143,8.401060403287787e-71,2.393331738694373e-31,8.883700677309133e-23,6.946077243429879e-42,0.011628367311084416,9.69940561397833e-13,3.168743903436222e-38,4.388799769597313e-20,1.9362087224677376e-44,1.1366517054368385e-36,2.7411894324185155e-40,4.174674579179163e-16,8.57443690396484e-62,0.004780729289550089,6.290878949975441e-26,8.733572977840357e-7,3.386759219548635e-36,3.4207638219193423e-44,1.316377637630546e-52,1.5352912974035677e-35,1.8611788595230097e-39,6.468477038891202e-33,2.3242834094892682e-27,4.851084260255458e-45,5.710964010492793e-41,9.173113822913665e-35,3.8921481065658425e-39,9.284273618043036e-18,1.8221177158602093e-31,9.658857774893329e-6,1.5477092290776687e-37,1.2982962894672814e-62,1.2565127153487906e-31,0.010495719065492978,4.5417554867650965e-46,3.0529830937745984e-22,1.343236949737219e-54,1.8638954886818607e-25,0.005803383199051491,5.491858319199112e-54,7.701848503418402e-56,2.9796727052146534e-77,1.2765874973920528e-52,2.159474164523929e-94,3.5572365093601476e-60,7.187979001397808e-57,9.02191664244508e-75,1.812706259309993e-47,1.738346529331201e-45,0.00023599824848517936,9.41226288787271e-56,1.0234263784685478e-78,2.056278443608797e-105,2.5040356242436864e-89,3.2853941937885813e-90,1.5474593639109304e-36,3.551342083324786e-98
7.732354139410306e-222,9.538016063708869e-196,7.626431771196587e-218,8.302642848104547e-144,4.1501823543445593e-193,1.0322613593295716e-197,3.3270961668743575e-142,4.46120937937647e-90,4.4012254827550755e-93,4.327789074741126e-79,1.7699988687362955e-40,1.7135976821729366e-62,2.924101324277578e-35,1.9615896321260886e-45,5.910508439422745e-34,5.654712662452866e-45,1.1375361180246247e-73,8.317364827208092e-14,2.439028030729694e-54,2.9528249259628225e-82,6.114486680543054e-75,7.360101979210465e-57,8.958804720300646e-54,1.4351360997664312e-58,2.6158816513513963e-8,9.733838977335619e-76,3.8507596838598043e-42,2.429709841820629e-80,5.0967435607226625e-65,3.39836724993379e-52,6.768683339734202e-76,0.0010516488133630343,9.335854056699322e-29,8.358320960995108e-111,8.817872864208469e-14,1.0832526823399617e-55,2.2255110740604154e-49,2.6351391906183464e-47,1.028892748704586e-78,7.545336070357715e-80,0.0010502656657743563,0.016100434223653926,0.15525547615931157,0.23281222344956234,0.22525812524786443,0.19252995665393371,0.08326742772067902,0.02373082144640134,0.0020574778922716605,1.1265145476878407e-37,3.808496693616271e-35,4.6378451832135134e-32,0.00268267192653783,1.5124669343009798e-50,4.3498481238299096e-14,5.374177017781514e-50,4.619296143976481e-21,3.5105863210207232e-6,0.007790889298698488,0.008089062902379162,0.008527388630675467,1.355219807892261e-10,9.372436224203219e-17,1.240958173999207e-51,0.001285700634696793,1.6018230065526896e-41,7.055909430793888e-97,0.0032390423743723787,0.0017984294845685548,0.0024445438954727723,1.994172826707328e-32,8.343002999972939e-46,2.4691358347992515e-23,1.286465759374353e-62,6.801317252357317e-108,1.5947628039893352e-54,0.001588895730754428,0.0038822754934198273,2.109514352204185e-44,5.976891825855134e-20,1.1819037927828599e-24,1.1617950925563034e-9,2.41186401289826e-8,7.235031871438968e-74,0.004697257943453957,0.0010491991228616176,0.001115258355469047,0.0015598200384644137,0.005708663852811246,0.0056997431433474625,0.0009943146819258598,8.188000714423468e-67,0.0012172153323464906,0.002216493116056404,3.9325298945092e-32,0.00099076878222527,3.402243247867239e-40,3.2040945727625207e-115,6.154395314308681e-52,1.7920266312038151e-93,7.630585291894076e-41,8.90434306277545e-26,8.352689689117357e-99,1.8784038519282665e-99,1.1276472730176347e-90,6.654720320167716e-113,1.2369129800826603e-96,9.089586105337805e-96,4.400299086258952e-130,2.0161334861247226e-54,2.9333181348467424e-107,4.741930675518236e-164,1.3020756183381893e-197,1.2100381628745107e-110,1.599398123015137e-147,6.338486647620631e-144,7.331260438696003e-159,2.4091254565183387e-164,1.0235067367576307e-60,5.359820969768543e-162,5.605336271260606e-172,2.640136142119744e-23,1.4607680910424719e-170,1.7379554061249985e-59,6.237516696549937e-126,1.217512156518965e-10,2.6858554507064477e-107,6.026911274628943e-110,3.2293721378094956e-115,1.2356046959325417e-141,2.7457575570100695e-157,1.0925369155333166e-74,5.716647963605994e-168,8.46277609811427e-140,0.0003049457035861835,3.4024767463270306e-155,3.243385737992207e-147,2.6231127158200118e-61,1.3207641083135988e-134,3.049913967620651e-149,3.1619601630225788e-130,1.2688608495733483e-129,2.4823541976314164e-145,1.0425432796420244e-134,1.69615322406803e-129,1.7956248763848614e-133,9.398444215896607e-154,7.778085594332316e-172,7.177667403610639e-33,2.1492724647205887e-158,2.1580563364940683e-161,1.1725213865313335e-164,3.878776733578848e-176,1.7396889253147062e-170,3.2665779589307216e-66,2.7795355016072823e-109,1.454196461701145e-128,5.720718239180567e-24,3.3367523316771696e-48,2.704377452739751e-168,1.0618635826350702e-142,3.787125480223078e-135,8.525135765300986e-146,1.027647958362537e-137,1.3098690214978338e-145,7.203517103928907e-99,1.1175851357589212e-198,1.8548635586420346e-220,4.186588075752537e-59,1.4279319858615585e-103,1.0915643015016446e-91,1.1896901537716728e-124,4.8847225879356265e-166,9.899972078985927e-106,3.618053621182706e-146,2.8312146574251648e-99,3.001282512795622e-138,1.0732276481459792e-130,3.198938027044504e-60,1.019202150805733e-165,1.201344983794476e-77,3.7132108077844684e-157,1.701747860829184e-27,1.3328880149365558e-203,1.305216037466891e-189,1.145484785754443e-152,9.629816862460938e-246,7.158771367623692e-172,9.81563005311163e-101,1.5539631907742353e-180,2.1933429934083197e-196,9.267949514747848e-139,4.8112231582917585e-80,1.7059145628925538e-175,1.1171457830586724e-237,3.529009515511614e-164,2.367647556618476e-183,9.138541347185959e-182,6.4225286633790696e-251,0.0
0.0,0.0,5.973972033582376e-281,5.38757273323813e-309,0.0,0.0,0.0,1.1644991237788817e-225,4.068337955232684e-273,1.5849563847109116e-198,2.0367846620474948e-244,1.1007306634271542e-103,1.1552798704421318e-227,3.3512577613911525e-195,2.1873008302593364e-116,7.459315074773844e-144,3.797523461225952e-202,1.0661483877175254e-112,1.2484440686347537e-201,6.205483610820956e-138,1.0608472667719049e-144,5.217156771807915e-23,3.412763772541899e-167,1.5276654346293484e-72,2.3075432794974103e-199,1.1725905579418633e-107,1.3098405001415077e-185,7.603403688104848e-202,1.513444612438443e-276,4.258162505506662e-301,3.721614473188279e-286,3.0892318449300076e-251,1.5760717101963706e-254,2.3673270311637747e-236,7.29321875360028e-64,3.552750744313433e-161,0.0016502248298080105,8.666972080852506e-163,2.181809866888963e-166,3.843489116822479e-204,4.263949793090283e-119,2.0322788458717033e-142,8.579800971405578e-193,2.6897077209146103e-141,1.3626909968602448e-228,1.0211882162699812e-192,1.2882708921575265e-81,7.605671330491307e-192,2.39354331203835e-246,4.1773689688138647e-38,7.062767272718778e-158,6.320542731857496e-178,8.389151033883735e-68,9.749963834219815e-107,6.918163083896454e-121,9.27626939944626e-151,4.6597043943476793e-160,2.0448922328006983e-150,1.0003155723513443e-192,7.799124782614915e-233,1.8872408147071993e-78,9.555901907893048e-117,2.731537251829303e-141,1.5383441521473893e-130,4.965352714637889e-94,2.4231311789108996e-45,1.0841237713175872e-133,3.116791670552916e-88,2.726061491229653e-79,3.1302276294567763e-25,3.5433098828571434e-113,9.277256149691576e-28,5.836549669046887e-137,1.404930291538141e-83,2.854069703082645e-201,1.9537336523458333e-92,7.607249222098115e-135,9.593851932265753e-70,3.15785396703058e-40,1.450767838145822e-88,2.1926841648951184e-100,1.78571675316351e-101,3.740715566390598e-97,2.583051807666676e-27,1.852655584944043e-79,6.781684954245606e-53,1.6855764492515088e-89,2.917394255508072e-38,2.274251573945876e-99,2.1172417601037723e-77,2.149316859348703e-92,1.4571721826828235e-115,9.395112140152884e-50,6.5590910512026e-61,2.712208288639083e-53,3.366227081038557e-14,1.5275975043817438e-101,3.3369856870677882e-78,1.2078789072231858e-76,2.4164614239408938e-55,4.771278640013605e-103,0.0018127907889134908,0.0010574141189540881,5.263005426432749e-78,3.206668396206272e-47,6.058211281693445e-50,2.322207829721948e-61,6.116520942096333e-64,3.0256454526350314e-104,6.055861700767808e-92,1.5897819175643176e-91,9.513382785315065e-117,0.001954495875712899,1.3703374425589364e-99,1.2454297535740903e-25,6.498774482639008e-109,4.7186325504661246e-43,2.899591946618253e-23,7.120655522063063e-55,6.411395212958277e-70,1.5234898970727165e-71,0.0011535727853803112,1.76156636697689e-55,5.156881288219895e-65,3.7928177769970125e-14,7.478384546945246e-35,3.2267066897132006e-65,1.4836093715381864e-51,4.4281251576603e-14,6.559616686501781e-34,8.809236178605684e-13,0.0013958790802577731,1.8948086561103507e-34,8.995767349260333e-61,7.207090965800283e-6,4.236662174298788e-36,4.0557460399775475e-20,1.9091468551637827e-16,7.259662906036395e-5,3.6118262030018203e-23,3.589219666045973e-8,3.992377039101698e-6,1.861646766697277e-18,6.590336156856284e-41,0.001118409863474513,2.3332633148117074e-22,4.893255031202536e-21,5.0287483801744056e-27,9.716457709053925e-23,9.489957666419368e-27,0.0013947873502637394,5.367471767643501e-28,2.326367931895566e-16,3.1630124931650053e-19,1.445834823569327e-32,3.081367513372521e-46,2.077102043385323e-29,1.7626367656664295e-13,2.098819478027072e-37,2.576090382157544e-32,6.814180968924738e-8,0.0007706830917569179,5.889364549285249e-25,3.912587814159371e-14,5.368979278512687e-7,3.6090137954379273e-19,0.006284478576833443,0.0006231106613305366,8.382832173433439e-5,0.001674498779564981,2.4135342926822677e-7,0.012140628422998128,9.980118348966218e-6,9.258728179666777e-13,0.014350823060687584,0.006360834304548539,0.0034774545695614775,2.627054665690377e-7,0.0026811101067155288,0.020863627306595724,0.028940377947682946,0.01863472676324014,0.028535478969441124,0.048118197277883294,0.09225545225536882,0.09488927806374334,0.11559605019421537,0.1329341600355495,0.10380549206560019,0.10092836992116715,0.07284428703069219,0.031003310940294914,0.024832756172394117,0.014260590811380026,0.0023649404726192253,0.007130164367554105,3.795040044956509e-8,0.001982755646471333,2.3307109626580595e-15,1.08245632394738e-11
0.0,0.0,1.3546366707141633e-83,0.0,4.0633301459344485e-197,3.1831289175146288e-171,1.3018268281639692e-147,2.9638124003040277e-146,3.436648579911716e-130,7.829034348827677e-161,3.720218317568725e-54,3.3249895703317104e-62,1.706982671177915e-225,1.6021982124943775e-133,1.2429551452055784e-20,1.0535551538347447e-98,1.2808066663512525e-146,9.361849730785467e-52,6.875477483619789e-36,2.440834863031429e-113,4.093347878478014e-178,2.7091739770731565e-77,0.006059432600655524,5.524168156190537e-46,3.081111621727348e-36,6.816737587872215e-65,5.482883849760246e-96,7.790664890833448e-183,6.217650999543353e-180,2.789737094450885e-218,2.2070458927604134e-146,1.375408437501738e-127,3.8168654341694237e-109,5.2307286767846804e-179,1.7867040316999353e-14,1.621389919961381e-64,0.0029726379907631536,4.13650815712119e-142,8.073444912349361e-78,1.1298394729206949e-156,2.785529990101152e-64,1.311559651064076e-164,8.42771324183022e-186,1.1812831963977461e-83,5.202090991396744e-197,6.10742001906253e-29,0.00418421484780297,5.141780064651877e-238,1.0667370416978556e-202,6.316120168997328e-164,1.568874980797968e-113,8.889724093715663e-198,0.004398473207036747,4.770985773269923e-83,2.1401479493593537e-168,6.022497171282966e-62,3.082394631810157e-45,0.007755946060183845,2.3588995113100574e-134,2.4215416889065112e-194,0.0014995151645723524,5.311130588007184e-56,6.821491641933856e-38,3.785613525800199e-111,1.5877488534459746e-95,2.3868709131318108e-51,2.5827706982572747e-111,7.785700778964843e-95,0.004980797184562291,6.864841260889168e-92,3.066020726451922e-107,4.021505806132923e-54,0.0037656843195923518,5.6659215065054585e-112,3.133839798791853e-107,2.977141123715739e-100,0.0006938140977263586,0.005898329367887633,0.008629196910714168,0.009623281728730877,1.6430062422956333e-51,1.3868358414637985e-63,8.082888512327182e-16,2.2528647999351488e-26,2.2569147844740826e-55,0.00694141465645028,1.2822110449085128e-34,5.378482145896553e-51,1.879167830827971e-60,1.255183745446547e-32,1.3815061170168424e-46,3.4307790524948295e-50,1.9509021397010712e-94,4.118799002966352e-43,2.046727381833297e-25,5.031217647539273e-41,5.531934482289713e-23,0.0037922423546953386,5.551667533655515e-86,0.0061477273556300146,6.0528445296300075e-40,0.010601457492839285,5.115170252888115e-21,7.619900458958019e-51,7.220946863539191e-60,5.41910035729073e-133,3.85979207894509e-68,1.0831878696232975e-112,0.009372162639113434,0.003798493541013768,9.887387822879294e-6,3.876246166094011e-34,7.958860044324017e-63,1.0792269557610362e-91,3.8057402391464396e-66,5.623261904855553e-60,3.489389544112493e-80,8.630617046582253e-10,0.007778616134184685,0.0036563379686397057,0.0056942473840420485,0.00514155805107352,1.122081452956078e-58,7.241651501535891e-17,1.1132278993252815e-64,2.424012115748295e-10,6.465396303458625e-45,0.002608259745592549,0.0069048637747585045,1.3591677144857869e-33,0.005790016427336185,2.2460227901801772e-57,0.003941103457786019,1.814255211979872e-71,5.639898572748745e-30,4.0551410988676096e-13,2.1559901117681043e-6,4.416453595184214e-30,6.139918211401694e-40,0.002233649743972125,2.36432621209474e-72,7.685970080496103e-46,6.290030500797427e-70,5.646974039165557e-61,9.708906434583872e-28,1.8651865680868205e-58,3.450141204087226e-48,0.001262395722774535,9.337379257041676e-34,0.0011509843688202075,0.011598990734855843,0.009884637283963774,1.786685400515085e-28,5.643457554909425e-68,0.019919105342784647,0.004313271561867735,2.5960783907970774e-28,2.55999280840327e-15,4.1803185110541004e-5,0.007845483641687039,0.009178865792982925,1.745401310125721e-15,2.9144048513446084e-52,1.1910846678383637e-15,1.4106880648828858e-5,5.514806927745527e-41,5.243822151941425e-13,3.6397197791500436e-13,7.770042164521575e-30,9.717527196243574e-16,5.770431208655e-5,3.111699360253302e-21,2.891112895278484e-42,0.017122674270559655,2.52351558308492e-10,2.0565604937009675e-14,1.3709017972479263e-9,2.523207576054761e-50,0.004200352077911745,0.01044548407362554,8.009400799101248e-36,0.013444756824365234,0.0017019246048323524,6.916364252437951e-11,0.004731899504754557,9.443879852931832e-8,0.06424208602808822,0.009253928762392019,0.00559435377787588,0.03982055161780632,0.03139539741358746,0.02233310948464742,0.0347657258087734,0.05356780508821722,0.12877218171983798,0.0836621126190573,2.1341573722501465e-8,0.16334782637915213,0.07082447410290668,0.030630370849144016
0.0,0.0,0.0,0.0,0.0,0.0,1.2152969715313401e-284,2.5943554602218894e-183,2.5280806956566586e-166,1.8485994597853776e-137,1.3814568185072404e-93,4.567200321088996e-140,5.234254452846142e-156,2.4390656771674468e-170,1.7524337767575855e-101,2.0976959183768617e-129,1.4747026540820902e-155,3.749659107903634e-117,2.6767494616328546e-172,1.4034293960364142e-137,2.1262507784989667e-110,0.0029626580522856705,1.2570604418372007e-67,2.2376576058777408e-88,1.5331159927108374e-168,2.4906304665651527e-100,1.640412852290035e-140,7.310001601092802e-140,6.240706100494854e-152,2.5990788209789457e-216,3.9155098971636835e-228,2.411745359775552e-125,1.8475163427159094e-88,1.9102022928558746e-111,0.0023769786617087976,1.9166517959959748e-126,2.513249587141752e-21,1.73081974818455e-114,3.335409863494959e-115,4.942726638474142e-213,9.430526337748179e-64,1.9855312572176927e-110,4.8575956228378947e-135,8.478340882139442e-79,1.1257606934609411e-186,4.6306715137873095e-191,3.412611018455512e-27,4.065062274931986e-108,2.209996718708108e-252,9.443370675390751e-32,1.7607694186915502e-191,4.834819227754788e-159,3.7569984838311736e-62,5.78864934894357e-141,1.18874652965983e-104,2.3520336568420547e-120,2.4269550253751725e-140,1.541721934545893e-132,4.34168345864658e-137,5.758840323043481e-151,7.103646520013382e-37,3.329463294852262e-107,1.5564843681765267e-138,1.0090477521214464e-123,2.9629080913240136e-81,7.315340104354225e-31,2.0124843396796973e-120,4.809952702694368e-96,0.0015337068988228804,9.566330602314504e-63,3.966313607591163e-145,1.3238319947729666e-74,2.466860796128042e-115,6.879215562270998e-63,2.6795409803472374e-162,7.265576959590744e-76,1.0797038378567456e-109,8.676065613588339e-23,8.618978704602553e-56,2.7242643096050686e-62,2.7631682551214387e-69,2.636394844663015e-108,1.0977781002446824e-104,3.623801065872514e-58,8.558336105287546e-51,6.222465563213058e-65,2.9666923778916183e-108,1.672111346675108e-38,8.354324192300332e-57,1.3862205845360143e-68,4.798240188953405e-81,2.588665132912559e-53,1.2553495111057677e-30,1.612799617403931e-23,1.4816158667185753e-16,3.6024995963458775e-23,7.0636492007740135e-99,1.5063694519375624e-71,7.479187646774959e-107,6.782446714032021e-54,1.5341374382166433e-78,3.6617579812836924e-12,2.9249039499602996e-32,7.742760446885532e-51,3.6519960400006387e-23,9.745539683357894e-28,4.856954114117587e-74,2.002679332631868e-64,6.310123514157722e-66,1.0592471497630026e-23,2.1097099720483855e-98,3.446470200827429e-91,1.0062206255306161e-6,5.239037181830311e-77,0.005907449422979578,5.2771868870016284e-73,2.6169204584648583e-34,5.388803738224405e-11,1.3177165264931772e-65,9.385144557448985e-59,1.4950598245832061e-50,1.7967848629424723e-39,4.556208185260988e-33,2.9106377107240842e-61,0.0016851956383837536,6.5432942028612965e-24,2.039050991599725e-26,1.2183529400827863e-27,2.5761686636831064e-29,7.990549995360593e-10,0.0073144826186918085,7.840822178789322e-16,1.0777347650162857e-16,1.8699726028051432e-28,0.002677027525868173,3.1414389785330116e-14,0.00010748735400137994,2.0478001522167152e-8,7.35981140925964e-5,1.3490552728771868e-10,0.005019171146244011,0.002803606039110389,1.1005470288808892e-12,6.401374103719708e-16,0.0011264552381458426,2.2256715341640987e-10,6.199233260984083e-26,0.011364971493047967,0.003006458437290129,2.8880816500554033e-13,1.3102349709356865e-20,2.4685403077428516e-15,3.068261285809156e-24,0.006212527330888359,0.015443385218485985,1.0534117105242112e-22,4.080504981525092e-17,0.013397409869881756,1.5089182514655564e-17,1.2720559830329978e-16,0.02530834504722164,3.957049384515423e-10,2.247402607818399e-19,0.020138299003572342,0.02628199690612052,2.7907661179718387e-13,6.9018503269374805e-9,0.057808641061254995,0.01577458349034734,1.5887684261336424e-5,0.03912339155268171,1.1621817041077833e-7,4.849452661577661e-7,0.08296287429275115,0.028747853776376557,0.02080152559711557,0.026287322922000502,0.0500825300870753,0.10882960988392552,0.0410002087431175,0.022236549489719072,0.10148823930646932,0.04882487457760745,0.10350720222372468,2.3581906176135462e-7,0.06725191063652253,5.034347726203481e-7,5.825555020557806e-5,9.138987141958828e-9,3.10517942680762e-9,0.000607473792409057,0.02237530836699118,1.3013308889039759e-5,0.007459100362074237,6.073276850750575e-14,7.937951228157812e-19,9.985161482431459e-17,4.5404174374449844e-8,1.3656297403480517e-34,7.499030899124929e-19
1.582027998304513e-100,2.35127669083608e-185,5.332767373295693e-35,9.212094813586108e-136,0.0031598666366311743,0.00627591871862038,0.0014540711425040397,0.002794592267446917,0.0009224611751275482,8.081788349306923e-91,1.5692604648188474e-71,2.0426620086028943e-64,5.0493663693553825e-70,0.0009359289536858786,9.506215190885069e-21,0.004770375641264077,1.315786907734876e-89,5.470081463011769e-49,7.342443346153788e-70,0.0013227710626093781,1.8060210875922643e-30,2.7688372631112855e-73,8.207134451569842e-40,0.004408629569286372,1.6680508197141393e-16,1.4997198639842177e-68,0.017611300306208926,0.17648259028424773,0.059068391834326904,0.0029618159478329775,2.2387103740355565e-41,2.558020888089161e-43,6.996831860036661e-30,4.348726375760936e-25,0.0030566161844832224,0.08344239772088555,0.24449296767074077,0.23327245960662954,0.08948855828636429,3.0201012620421085e-11,4.3110520112553945e-7,4.089879491739056e-56,8.631910408933923e-32,9.49346171681987e-17,0.0013590061077537,4.866069645909528e-94,1.5641433173597118e-65,9.383723569443398e-11,7.550406237191034e-5,3.1191099982971e-18,0.00035446759283809233,4.880617329644908e-16,0.001765405461770115,0.0015042816602379601,0.009339014266886178,0.00181446358196768,1.1140851016386589e-49,1.7644463874157604e-20,1.342751225383559e-89,0.006112197311089144,8.099388894776044e-20,1.860131909783299e-11,3.8607665647187e-13,4.996428052580421e-77,1.9102897154013815e-114,3.9477633701718295e-45,9.798300348178022e-124,2.0680779010661773e-19,2.687393714818529e-71,4.496938256373994e-67,7.033601216775618e-19,8.598890108740906e-55,0.0011302009195492293,9.08428852497987e-83,9.259487029155537e-61,1.7757633448080733e-10,0.0016820555996173404,2.065348829917596e-60,2.7044288011556593e-39,3.247503308669662e-8,0.003715709471014658,6.503210157151403e-5,0.004189811174682719,1.0283781389647645e-8,2.2363025339254964e-34,0.0037402372188122396,0.01056277830931614,0.00260484095420465,1.1651787523180495e-11,0.0064730410702164174,0.002182408593944961,1.0742447505269145e-28,1.2391381582638928e-109,0.00116524216751899,2.6619689153970836e-35,1.250746638012174e-145,2.4088007119942784e-79,1.973824817455571e-51,1.640349691913229e-82,7.23584816807753e-43,1.2148419600025598e-113,9.584209338698552e-82,1.6018366260628077e-89,1.0789116463553908e-88,1.240357482468374e-145,4.6346542044472806e-101,1.0556711716686222e-125,1.3941127017786302e-134,0.0010244759030130955,4.247247262389346e-34,1.7765815925251e-16,4.581176403806931e-137,1.2726478926631245e-76,2.0878212311300874e-133,7.411126638509641e-193,2.7682914303366536e-177,7.908283971555993e-184,1.4796059067563663e-176,1.2769358598259927e-110,2.1178103280613965e-167,4.369083726788431e-109,0.0010376784336205748,1.0546686666029206e-128,2.2134156767278678e-216,2.033045531791171e-115,8.908002462584564e-127,1.647649728171941e-237,2.4214328127016736e-93,7.125078099624851e-227,1.8020130658936312e-92,6.026620514387998e-129,0.0010488841208320001,2.49765338716407e-208,5.373278221360332e-169,6.84998692093596e-108,3.0974781808670537e-158,3.88358161272423e-198,5.862942978584809e-122,5.476351044783723e-157,8.897942454733268e-96,2.555864230526938e-209,6.370229992673801e-181,2.7823993532334647e-209,1.205357832538622e-152,1.3259588637199147e-145,1.2506915231916658e-156,4.7338700652902955e-138,5.325717147611001e-141,1.9422660469118977e-50,1.4307202070767775e-168,1.0930758822679446e-240,4.7772610939435033e-172,1.3581198005972135e-164,8.981010577253195e-173,1.3296931405670513e-88,4.428214724421858e-66,2.4268770971110446e-150,3.0079557588021985e-140,1.1530544335856155e-127,2.8815274241193425e-162,1.2637420430481577e-216,2.786440482052933e-257,6.654157666057228e-57,4.73342908305603e-160,8.455480031671922e-161,6.835819550796077e-58,2.5316155309187222e-173,9.939961080828902e-195,4.4582045856041606e-197,1.105333356119091e-197,3.1272453230859773e-90,6.330233019273048e-199,9.613248728814142e-213,1.444638499704412e-189,3.3733868684419882e-167,2.1642321723166363e-208,5.5440052350201714e-164,1.1413832786057412e-135,1.3148806306042933e-82,3.7155195441837766e-208,4.896964137703157e-90,0.0011310767120047247,9.804034275232815e-155,1.4035154240107192e-232,4.472432951802583e-46,5.1735102141595746e-154,2.7598502771674497e-156,3.2141536060403336e-228,4.922203374214813e-258,2.2191246310235117e-221,5.2327328452059763e-160,4.902923801922971e-18,1.0674244532634209e-176,3.1475621265616997e-212,0.0,1.904360112445336e-225,1.1433838453097542e-155,2.531440127039286e-230,5.742714830169516e-228,0.0
0.0,0.0,0.0,1.1113526714283103e-308,0.0,5.7370264982781915e-289,1.6559992372883667e-190,0.0,3.2046511643529337e-47,7.64352138387578e-207,5.488732945558741e-190,2.9202871359032e-222,1.8509050742001176e-247,4.613996498065029e-171,2.0671028185896707e-160,1.3074102036590532e-201,6.224616883032984e-232,7.955157071040998e-183,1.5880436518750589e-124,7.882659252604403e-120,7.309810275496501e-179,2.180476335163857e-142,5.7721609694511186e-86,1.2710868634423663e-97,4.490586935662775e-128,2.1419099033935617e-126,3.9822951926354014e-134,2.0643594862414617e-229,8.082495831817697e-86,2.7118608709433783e-176,5.0530624771604636e-148,1.9690079774223926e-297,1.7225392507099016e-195,6.483102304254144e-159,7.421937008580652e-144,6.718507192329833e-99,5.75853581096686e-195,4.690520142994285e-18,1.2146646528178727e-117,2.749788926237626e-159,2.689462096674496e-183,2.1827185805815735e-107,7.124876611669516e-103,8.406859246204876e-146,6.599352606345052e-155,5.535246372163782e-169,7.685790369278807e-79,1.5217328113493366e-139,1.8139042335156412e-169,6.471819830374035e-127,4.2264444238445224e-164,4.466410995396401e-40,8.943104491072585e-83,4.179082177548039e-41,1.2194246875090657e-64,1.6205419315809604e-116,1.4291100027764864e-76,1.6355753460974095e-61,6.348830790982205e-129,9.300060661974048e-136,2.0043576575666502e-85,6.7295406773478335e-21,1.6953418371470753e-91,5.0940014269679515e-74,2.6862519851918605e-52,1.5516043155318614e-53,1.4070568000734364e-43,3.2195977632702824e-17,6.68187661513227e-69,4.909805216595516e-54,1.6863668085011272e-80,5.552695671566082e-46,2.8010376893733955e-59,1.9595755944804388e-64,0.00413765786120138,1.2453367788548084e-28,7.713821648722434e-42,2.220380789923495e-80,1.1058399726618998e-44,5.3227913426919925e-59,1.0482336290578727e-62,5.481304047265241e-62,6.333581744798622e-39,2.360192492025958e-30,7.676938581679163e-32,1.2461317180185033e-65,3.288531413730634e-50,0.0002284337865398165,1.3805213207008461e-66,1.483552612354016e-61,2.10847428362962e-26,2.6372601697131153e-35,6.721063006057994e-49,1.0887182910702497e-36,1.5661371073933238e-18,8.091064671049141e-65,2.5428899293160104e-40,1.525124583874548e-43,8.525633287010398e-34,2.638244124321295e-57,0.02853752161790129,6.31594238896135e-85,8.675394211506427e-18,7.217431714401532e-91,1.2391207284917932e-31,2.067523798398001e-88,2.575287921837923e-38,0.020691054688287837,0.0265542065019484,2.7301006824743573e-63,0.00959251413046449,0.029533685075897244,1.9348622665895555e-50,1.352672147802116e-9,1.326259827195109e-12,6.652294334893095e-16,0.0035229839785771476,1.5255485953072607e-8,9.536098873085933e-40,7.690451528048183e-25,0.006849072137789147,2.155255238717365e-59,6.016612713029747e-5,6.08481513977502e-24,2.4969922611258165e-24,0.04960160836532827,0.1766940934696061,0.14664972991704894,0.12758089303190356,0.02418356017644751,0.18081996421315039,0.02151529640226528,8.595619085975411e-29,0.014858653681333257,1.1135278566878595e-23,5.56182593476436e-25,3.7629625809663596e-15,0.0007055498329199398,3.6474576430494544e-54,0.033323613769183025,2.205142067348913e-38,1.261393449975554e-50,0.00386403520448367,1.6615427335680603e-30,0.0037282679523464018,0.01437533137450139,1.2677171405319342e-11,0.010816064543925327,1.3751669870294318e-55,1.4818565542072057e-5,4.5029412020371556e-42,8.004514644333467e-64,0.014565908790699548,4.5325634864083106e-64,2.9370994415601927e-19,1.861551364968625e-25,2.3483579350876974e-27,5.385284960217303e-46,5.18186595347155e-28,3.6069637979531075e-80,6.874416373632635e-18,3.8714742262148067e-60,1.543124784072585e-18,0.010872535261965712,4.827336968838836e-53,0.0032839693776749363,1.734159425192228e-56,0.0035398216289468697,2.2127115816817348e-45,4.086622240330787e-39,3.047735945033901e-78,5.530634980532213e-87,6.669352218807112e-59,4.307356693337529e-33,2.679325099822087e-59,6.606321822933805e-24,3.251102039447309e-76,1.370039371138544e-59,3.614492330741007e-18,5.670717202451287e-42,8.632450943169871e-72,0.013864513092707293,5.372711246369697e-66,3.8002907876747438e-56,4.239399395389736e-77,2.241686928946796e-59,0.011666119602999157,7.337235962321761e-36,8.630299316114091e-5,2.3859840931985055e-58,0.0036820362239573306,3.123801656664771e-70,7.1418600504619604e-99,1.4533486036950222e-85,2.6701456542577087e-123,6.3925580221423524e-152,9.583899200679375e-111,8.14739163713498e-131,2.47940720224303e-53,2.6240172068020986e-134
0.0,0.0,7.071298983520113e-255,0.0,0.0,3.90240077644e-313,4.849585090496338e-283,4.94979859158815e-173,8.67667334525075e-209,1.0181671616761189e-206,1.3484056200296332e-149,1.453829570935484e-51,7.766444044533103e-202,2.0299285007068135e-143,4.854246444132014e-116,4.8022620773686643e-126,8.187161698624929e-187,1.7772787065449823e-182,1.2261953539493321e-67,4.363645639363849e-37,2.4401279329814224e-125,0.004923861966512133,1.948349587295208e-103,2.6515837855280964e-72,1.6359856820134292e-58,8.308640912015088e-67,9.339165786836384e-54,1.2901987081721615e-98,0.02195908595686122,8.143485345567019e-111,2.954735370860715e-120,1.0846626600871669e-166,1.930524276053552e-118,1.9592781606641612e-70,2.5696482698571675e-110,1.4305561900972911e-80,1.430032521399516e-58,3.247001156884145e-58,6.889875909986486e-59,5.668980728680141e-95,4.310866424144683e-5,2.312707706572533e-37,3.8642684092933883e-48,6.37402448043202e-63,1.7707628316348536e-52,1.3964995146491757e-56,3.3336873350849643e-50,9.14850299300653e-77,1.8775902007012683e-15,1.9648713868033596e-102,2.120534649378591e-45,0.0031182346831531626,4.1146250153102094e-50,1.0871256252594677e-27,1.2704557014903113e-91,1.427909715489868e-36,0.004301582975835607,5.456610459723973e-90,2.894697766247318e-103,9.34554078005612e-116,3.622974920098927e-31,9.639366268439698e-88,8.025353173222716e-64,3.603287656821435e-44,0.012624542333115624,1.3222853325849947e-93,5.86365434491439e-43,0.008178310738176263,1.968979194061294e-17,6.303070326720363e-43,1.1750135386462332e-41,3.335527129884208e-64,2.1013162375316008e-14,2.0836613303531107e-36,0.004228100460041674,0.018735948271496397,3.449906593853725e-37,2.8176812376026784e-34,2.2758730232536852e-33,6.597228921487647e-63,6.780784543560922e-49,3.3869607423090066e-14,8.612609063937851e-66,0.002944465845020696,0.005992915072307888,1.2643268942524065e-20,4.2048411273992036e-42,8.150894412635976e-44,5.101409668557591e-31,2.213748673690173e-26,1.418370639757507e-26,6.511434067930986e-26,2.164581060809085e-8,1.375892730092181e-27,3.903000108667711e-15,0.0010775322299027663,0.08505328078305115,0.07988273954685697,0.09928194824807093,1.1426652956787474e-21,3.244626968340732e-20,0.004954031551526039,0.05751503921804242,0.05600374634362351,1.0763292848679606e-20,2.684618064507245e-52,0.05092716759845989,9.479156323452046e-22,7.623041679036823e-12,4.3895874742179037e-45,3.4240982760969672e-12,0.006128693244161677,0.005376389123808371,1.0966632040659115e-46,2.903803946394908e-8,0.039848607433729505,9.717666557106293e-32,6.974678319628981e-11,0.02075667172507316,6.817195340233967e-18,9.154041666599962e-31,0.03479644599563315,0.027272221366017115,0.0013257443672327783,2.60483008846064e-30,8.656687765985453e-29,2.94991906995506e-29,0.05844117572851715,0.029569813529563546,0.016813766974850517,7.53656098677028e-22,2.536939876802252e-9,1.6659138361269462e-17,0.07169583135893698,7.269288189105757e-29,6.219064201422177e-36,1.1055466523491159e-16,0.028796810668029284,2.153198910877547e-52,9.42418840717551e-9,0.041346705384697896,1.3460054943019095e-19,0.025200679123747807,2.430477077676158e-6,0.016247845414831003,7.256829913979202e-35,0.006238394623545441,1.695238837253934e-24,4.893737224482544e-15,2.19581653184945e-21,1.0215201819027596e-26,1.2704317996404135e-22,7.282521925630957e-13,1.2295618429570085e-15,4.1525904590674207e-35,7.159029793334703e-30,0.01587009037463995,2.02204023997415e-27,7.554368515141782e-20,7.404010353030145e-34,0.005087196255553245,1.595643082535568e-25,1.2738611644062845e-30,2.916352557562867e-59,1.6985791233038427e-10,4.898592075087643e-27,1.650416126673939e-14,0.01530487475919191,0.003964559021914182,7.40127936988055e-34,1.06784242066478e-33,6.640869365344437e-36,2.566120292480239e-44,2.0514387231986642e-25,3.2014373957302685e-10,6.61852562040759e-17,1.153550705849658e-82,1.944570099164852e-57,7.202244341255077e-53,1.1283964569771898e-24,9.59679501232726e-21,1.255154294595429e-64,1.0954564659237397e-68,5.7668142279554414e-64,1.3899638579837628e-7,1.2210843938067334e-89,3.048900732377237e-76,1.801186878803135e-54,2.1460593812322568e-96,5.897580003383208e-96,2.584713130055012e-30,0.008169208349980379,5.992615042452194e-27,1.618100582335761e-85,1.772236558160187e-109,8.488966235316412e-148,2.1227149925587848e-119,2.6004121813944543e-70,2.970372066483791e-72,7.281348845125508e-125
0.0,1.4498485550831108e-289,0.0,4.5264294720643314e-207,3.41335e-319,1.4314332523441325e-233,1.018091757404801e-204,5.906397527852714e-124,7.572861230531683e-216,8.704257398235436e-166,3.7008052197412136e-135,9.228845159426516e-133,4.411871103535268e-233,8.058595555468381e-117,9.547132306320793e-77,2.9526797693124693e-75,1.629689843027013e-136,4.891960502906479e-49,9.888520372109495e-42,1.42641391342444e-77,0.00347323933033216,1.4729556106014137e-7,7.422895651928252e-65,3.688546410566176e-43,9.677881004516137e-81,3.468540775963931e-67,1.206284255319758e-105,6.81948949458138e-197,1.5713710642974757e-105,2.33752392705368e-148,1.0060273503705656e-149,4.674186467877704e-189,3.9326067691325096e-123,8.425854674179183e-59,7.696932491202525e-66,2.1549456402892596e-67,2.1697425499092308e-24,1.234506925592157e-84,5.112888990195104e-103,1.0545667972435408e-123,0.003261053235748608,4.586848217148013e-111,3.8795842262058106e-131,0.0057921412114944676,2.5663903313350533e-173,9.424688685827188e-133,2.751013784624966e-36,2.9154033465722783e-148,3.400826884959166e-188,6.579094669220191e-51,2.3308153583814854e-59,1.3086853572282152e-102,2.820043722531633e-34,1.1557876965088518e-49,1.1530927148218127e-51,4.1401643223010494e-75,0.004750323084146408,8.8178219551106e-56,5.145964754567903e-92,2.363369520846116e-134,5.631046140231126e-28,5.262512459208977e-94,5.57096226326779e-51,1.8560034573898383e-94,7.028770107686786e-55,0.003955107387402544,1.060061801620598e-59,5.282296349261093e-101,9.606171220363148e-6,7.486139924520382e-13,2.9459929748960174e-26,6.7359432905160775e-40,8.203434302024552e-62,1.6732143940661835e-29,2.223411320226631e-86,1.1235630409026605e-81,2.4384815435943663e-39,6.316565212050148e-29,1.4837470919136915e-38,6.441409881565673e-28,1.1243723658831526e-15,9.49944765654829e-65,3.548470560494773e-47,7.120018703071237e-42,6.462478063223929e-47,7.07825226966227e-51,6.991386711471634e-50,2.241994465778804e-13,1.6579259849858693e-31,7.927061551362763e-66,1.0932117923748923e-51,1.4699971490305448e-25,2.2414866274005553e-22,1.3513746729587106e-27,5.393185374525579e-10,1.480957234520604e-31,5.068378351225632e-44,1.0610558551031285e-30,2.6116425916429278e-50,9.34017041467601e-14,0.007201802659942089,0.00842838764329862,4.037028356204743e-21,6.863674060303864e-41,2.5124311459838795e-38,4.625397294983624e-25,2.766343587516931e-34,0.010086485462109664,2.5388032276814788e-52,8.855268687475108e-16,3.973416452857712e-49,1.4769236612358834e-25,1.749574018526493e-12,2.1565800316008818e-44,1.1053585039362514e-23,7.543330442734655e-55,2.9044630851833758e-36,0.0034039806494416177,6.31324731120505e-14,6.809580320450318e-24,3.9830544560079975e-48,1.1624762735852557e-39,3.770627333956601e-21,2.869940305645978e-32,2.2416181384076247e-33,3.479630090809761e-25,0.0007723857061032518,6.452427427262467e-44,1.742754038708892e-33,0.035729972807919265,1.8496267043955648e-15,1.8774570568894775e-21,0.04551485452952761,8.024389167503502e-8,1.425914260753274e-5,4.148972472174597e-22,0.025629841664972012,0.018036574473799298,0.01981114147549602,0.012679846841719198,2.961374248540536e-11,1.2251215175442327e-8,0.005829523764920668,7.761172539709574e-21,3.100313204752466e-14,9.860867511893491e-26,1.7143355635956692e-16,2.6396160485744856e-6,0.018810237908366386,1.7527629752887826e-9,6.024010121249718e-24,0.032416050113406286,1.2300951878341588e-21,0.0013545212180058937,5.6836244839136044e-8,3.868756986122342e-8,3.444628390550103e-21,0.05128882368159784,0.00022701007638622944,0.008894813629424583,2.918252132740189e-10,2.3064450188444782e-10,1.045583675201324e-10,0.015019876121521242,0.02799167294173241,0.096940301250256,2.894539051625699e-7,2.86653099549145e-19,0.024963350424711418,0.057739645814212315,0.03648568055769735,0.11081303707668255,0.09768167714327455,0.0011655605385907332,6.383387121555321e-6,0.05018485682851852,0.07929993663331802,0.00027159838639217044,0.03423569073836565,1.6058302682094795e-9,4.99290150248508e-12,3.165319927156196e-8,1.9805585156850544e-5,0.026680814842909423,0.0026791283446597255,4.267546400176604e-23,1.6753919950732657e-19,2.7114204029644916e-11,5.178225722725385e-13,2.3853498233316803e-15,1.3348431110691653e-20,1.9709560431391214e-11,0.01026273068681435,4.8161437108158066e-11,4.814795307909992e-30,1.9641497698465009e-22,1.367885085347488e-37,1.1334533457431056e-8,1.091135102112419e-30,0.00018295679854152364
0.0,4.7909113057221105e-253,3.2774791904866476e-293,1.283316666391149e-235,3.624378652474885e-301,8.172463762764115e-186,7.60680727906204e-89,1.5798064910698876e-84,3.781652247691287e-188,1.2043443273424283e-145,8.529492501444687e-97,3.2952432914519884e-167,5.1586323388974274e-132,5.934875966545838e-168,4.419159825016645e-71,6.323544232237747e-132,4.932480267190092e-211,4.378158477276618e-109,3.991705234504027e-90,3.176132972963599e-117,1.1120104937968976e-112,1.3824983810614055e-92,1.5277494132706864e-105,1.0926268699147518e-54,5.268113346495768e-119,6.978901848695879e-85,6.601703849251974e-82,7.843213381890815e-220,2.3249245611995603e-25,2.576010261745295e-119,2.8241824359826693e-153,1.1114784508743877e-181,4.754530869350518e-35,1.827286743873598e-76,2.4011831962316835e-148,5.833685445940497e-41,2.9347973099775006e-110,0.0023995711572581025,9.9494789303342e-83,6.473362029562786e-89,4.408770812963443e-92,4.407283574118789e-31,6.392289558075216e-33,4.1147151255522314e-42,9.140828589326142e-84,1.1587494799079686e-59,5.095880285337289e-113,0.007404488651240528,1.3790570594431954e-38,3.6812590906990107e-85,8.71192021718223e-101,0.00103565761832303,4.0435805068167846e-69,0.002920783766112907,6.766061796549217e-75,1.8257762496325857e-65,1.8383531806599706e-80,2.6281882741030256e-84,1.3848716794988352e-135,2.5202570748666654e-139,2.5690927773173254e-76,2.3695145064694893e-34,2.7811525108786907e-18,1.126080184279692e-75,1.9476903783248167e-27,5.48348988654375e-83,0.010329801146187586,7.345920695618239e-56,0.014360870045147967,0.0009607862155012217,1.1180173402552405e-14,3.9027996114727627e-5,2.9924063292626086e-19,2.4659146827971845e-55,1.9871505003495453e-16,0.0031178724372045575,0.00587557466993214,8.432674269295184e-64,1.489022762654422e-23,9.515301078458633e-58,2.7211856409117786e-39,0.014722984377179855,5.222940286087209e-32,2.358059504709239e-25,5.46371136747039e-21,0.006769066266791515,0.00028927492533169675,2.5728315606470766e-65,8.265743184460065e-11,0.0075849602675307345,0.002690963139407124,0.0026461355982433333,3.971111365442384e-69,2.4178098243426446e-26,1.5590975846593832e-35,0.007569558490696427,0.0033292798093243025,1.2441780278231159e-9,8.007309777466e-11,0.007782251718665382,0.009083646130179968,6.153019755917201e-68,0.004584075551745734,0.00804641766290122,1.5768145559958717e-15,0.008455604863633162,1.2766592325881438e-72,0.0036786986875367053,0.002769950569881348,5.418459498555843e-103,2.5870553186662363e-26,4.141867442198558e-18,1.4133380013469209e-70,2.939520535878253e-11,1.0109106723829816e-16,0.0027897010513244225,2.684965634473474e-21,2.2494908595759676e-15,1.71190303709344e-16,1.1628355844327812e-14,0.08186063943906047,0.22286606260192027,0.2549388688530182,0.1602183690900791,0.05604883735418579,3.331860273416387e-6,0.008365909150863762,0.02753775988452652,0.01952288095778276,6.956390589807442e-50,1.380236312572792e-29,2.9325164428041835e-10,6.600452093428826e-56,2.8043294568341135e-46,8.29127353566918e-26,2.0510190467676755e-63,5.3573168556678474e-45,2.5601442678057522e-33,7.342922562844384e-24,3.968905215831452e-84,9.885610908872104e-32,8.758243720187382e-30,0.01752731859000137,0.0032565607552120083,6.897600286500993e-7,9.733152199102203e-47,9.95601114729138e-10,2.488062935316702e-24,0.003935935924025673,8.772858814612602e-55,6.22934540763758e-39,1.1463482307168607e-84,1.093349179991669e-120,2.93381141927179e-98,4.021157829411154e-93,2.653680978010633e-58,4.860713445733651e-11,1.3494521211174924e-35,1.5011044212728808e-62,2.3540220819980236e-80,1.0935912670582723e-92,1.7816821798142112e-84,0.0026798301916722026,1.6193597122539907e-91,1.1534083820557915e-13,1.239192576358429e-68,3.239891578555015e-73,2.0665401056413223e-44,1.7674211635735204e-75,7.112519063384459e-73,3.007739023146048e-84,1.3216295542771498e-85,2.5265352579047132e-87,9.802011258217945e-20,7.537534281343315e-40,7.007852909206883e-49,3.5430130888187215e-113,1.1413372989523158e-76,1.1759111263789267e-41,4.807781665105654e-14,4.050927583812626e-79,2.181680080962828e-45,1.3398894277001747e-76,2.7189537081759767e-30,2.433269429655032e-93,3.842856480605257e-92,1.5064102996604022e-116,4.97434421496672e-64,1.1190559352190949e-18,1.71594280082293e-115,4.936858783519619e-93,1.438990101019081e-150,6.580840136608474e-124,5.647924614736004e-87,4.467948170772233e-159,3.2031775579830108e-195,7.336637293594732e-104,1.139066724078556e-146,8.449508964405482e-149,2.0647512485403083e-269
0.0,0.0,0.0,0.0,0.0,3.209174995977721e-146,0.0,4.6379778076167127e-253,4.896989197320432e-257,8.315746693313787e-297,3.6496713015615025e-165,3.5228885168214045e-215,7.727609554320273e-238,4.635652383027245e-205,4.940166163215446e-195,7.047117878204507e-50,4.226693865437885e-208,8.691627543262801e-209,4.094344278218036e-101,3.033507414560489e-166,1.393785576566592e-132,1.0688380071962767e-122,2.3935459675041767e-135,8.238541978313001e-126,3.309324397580236e-150,0.001844453160501136,5.2967671216422304e-104,1.907366941291276e-164,4.46132006494129e-137,1.352691436968673e-208,6.65532808114839e-171,1.2748424812435932e-254,4.535864359449882e-208,5.312269967934278e-97,5.266900226976807e-103,1.9851298986384838e-135,3.50460345045986e-136,2.2897405042627438e-110,8.452686133870102e-97,6.800058077965251e-202,1.207757576372897e-93,9.832470530941888e-150,3.000071513322965e-115,2.1103705135593472e-109,8.451192360103159e-137,8.148595125509688e-149,1.0413158121721448e-156,5.995381411592285e-180,1.7434058766520784e-163,1.3518066243030103e-156,5.205408433451652e-186,9.160645568127778e-65,9.0827870135782e-140,3.1492216311820014e-101,3.8707402776930416e-126,6.541867878270139e-140,1.0775639299211807e-35,4.707745628723898e-131,2.3297056932334654e-126,1.080218836539246e-126,2.759864616063582e-100,3.444793855985243e-116,2.246917669614523e-108,3.579415718778808e-97,6.703963375815586e-79,1.1153235582425329e-75,2.7173495342722353e-86,1.4556484552642133e-60,7.714645242443112e-122,2.6006359824616937e-69,8.219947840341238e-75,6.8490590578969e-94,2.6060233848630526e-117,6.565340655037086e-66,8.053527294714104e-26,1.5408047533184443e-90,5.928080697441639e-51,3.9387447093445674e-76,9.450384516646924e-77,0.005666786908871053,2.5094335094531817e-15,4.2701561778898094e-20,2.2479197476460626e-63,0.009013594271137973,6.258416769395745e-60,5.773082948515192e-14,5.107662620353034e-32,3.491949617085899e-34,0.0010029917331604043,0.002730172679390772,4.1134588837015047e-41,0.006317079863084485,7.247992436030819e-14,0.004687202007804272,4.736055685497832e-41,6.070159010443094e-13,2.8679529397485334e-13,3.477348410901924e-22,7.942192435925476e-6,2.661694608568722e-43,8.225538281957378e-9,9.80138601740076e-46,0.0024965542530111995,4.518330574943511e-14,3.0132538571836886e-21,9.847570702069754e-57,2.0716269666336764e-49,1.0776011342683577e-47,4.8643752455347604e-57,2.1791385399529292e-66,2.5163880079890146e-60,1.3933248659960028e-87,9.615021602373712e-71,5.889763634248015e-41,6.411156066183494e-30,2.443770976382599e-63,0.0021081851947051928,2.2977408805747656e-18,1.3612478821857762e-92,0.005667789203074827,0.004270401651343053,0.0025887681755564504,1.9434519633095712e-22,3.6562813411537177e-19,1.0452434153775522e-18,5.5725493537360174e-31,1.485015840550715e-27,0.00436842346615499,0.0027688953053498695,0.05176194022708937,0.06837117710893757,0.0789995982913797,0.13486948349823336,0.11743921739641679,0.1523921334634408,0.1303703020586307,0.08788194322113738,0.027145353209703342,4.0455249964388185e-7,5.947614168747486e-20,9.584304818669411e-12,3.1211084537328177e-13,4.876419209841078e-38,2.6309290673902892e-20,0.0024522846202049914,0.004868950863108112,3.2213965052502345e-10,0.0035211495663740986,0.009264892013791813,0.002711301913348901,0.004215521449877586,1.104210651973864e-5,0.005654268496236281,2.1307842467359842e-13,0.010463504592218788,3.4331412666911672e-6,0.002688083884615035,0.0016758019870508215,3.8801060848025076e-35,1.1181119152929975e-16,0.003007736916528,0.005049135530897731,1.2861309869129935e-21,2.7767820507301392e-28,0.008225964175464576,2.727477136763515e-33,2.046802407576267e-35,8.711944600117064e-39,0.00017847344424140092,3.973679641687123e-7,1.3080212467156076e-21,2.8091299668377163e-49,6.3854716005886486e-24,0.008733946244720833,5.201002890719607e-34,0.007793401839690297,4.7247919963695976e-28,1.2191938508034153e-30,1.842973241998403e-33,3.821497223925952e-13,1.8855244126009517e-19,0.002075998339056562,1.7049518144628446e-25,9.112900081632047e-71,8.826539997406945e-66,4.5214060989672204e-39,0.002866993305936386,5.51473460988529e-21,1.2748918590691408e-57,3.799173136443431e-33,0.005431951612583594,0.0023626119931336492,0.0019723529428782452,2.0722285687207496e-95,5.34879163952393e-31,3.466397070214854e-89,7.071896577998715e-56,9.972465156940457e-118,2.801463972438727e-104,1.5343577511395682e-94
6.253903706026606e-209,2.3327002148789785e-140,3.8685667656274577e-31,6.622326463301831e-117,1.4418065867630981e-185,4.195190627823683e-131,7.205775450585761e-118,2.688515597967839e-31,3.5476826881760745e-67,1.0989134435579567e-96,9.066582630677527e-64,0.004161203569328544,2.551942041593656e-83,8.919189599579082e-69,1.8086345285682743e-47,1.7013063145717601e-9,0.019017939001313305,2.5773314318022897e-49,4.785754457852736e-62,1.203247021436677e-13,1.2544405266116607e-34,1.979936452705887e-56,0.011523382689451269,1.4569833401809204e-39,1.991077175599099e-71,4.1605167016540937e-32,9.086708161802042e-16,8.83329256675154e-29,9.052971350105789e-46,0.003801887127054743,3.0287219876486253e-66,2.0400042247070775e-36,0.015326524754517989,0.003961163078016475,4.747684446843103e-62,7.319966792031809e-67,6.245770592588019e-23,1.5287029244855078e-10,2.365099423940795e-45,3.0752083993944677e-88,5.274882968479618e-42,2.4998945711028046e-64,1.96343474794296e-45,0.00421393257582436,7.112338742211836e-31,2.7641294363459616e-27,1.9743365724431258e-41,3.813750487766539e-48,2.2648141752291228e-54,4.44555829889548e-58,4.122429858093441e-54,5.047681655973816e-9,1.7259357900546772e-66,2.847869687892833e-34,6.982536299945346e-30,6.510925415240089e-20,5.345700241709892e-24,0.010364518908651576,3.213161391104596e-35,6.843249667290792e-40,0.004776845156839425,3.5858387340249994e-21,1.520571006585842e-66,8.351488095198372e-9,0.007590698360594729,4.577098766188398e-37,1.2023087896960928e-32,0.04550263468841058,8.470158736203317e-22,1.38117105795415e-20,2.1643545836681775e-13,0.18151643391305675,0.06033046625696019,3.7480933256253694e-32,8.235740961606563e-58,3.127734279672338e-16,0.01833692156404027,1.9756894946637425e-19,0.029553535160234807,0.0093872300764875,2.4165918205004502e-27,0.011596462864504508,4.423865560506237e-46,1.2743626523483565e-15,8.20681897070537e-8,0.019581201529742173,1.0806579704875486e-7,2.9040525711422067e-24,0.010847337273904117,2.788092820378978e-24,0.08077146644237848,1.2179240892458562e-18,0.007815291575111334,0.004153299734061095,0.011975687416381891,4.7859723168110783e-17,1.6835785558829633e-6,3.19361525426736e-28,3.485263861336849e-36,6.987744118146521e-7,0.027625327480340776,2.123477107629654e-16,9.26871677924932e-25,3.840836468240785e-17,3.1246077682715522e-24,7.982388912242327e-22,0.008171887146233453,1.771670875643587e-51,0.02008900324863446,0.011637864211697069,8.251818771219317e-16,3.658736792372715e-98,8.370563437548582e-41,1.1592680121666159e-51,2.5330852122373636e-54,4.199508093829818e-21,6.57810612528827e-62,3.597146186187283e-36,1.2327485787607518e-14,6.759126982680721e-83,0.02240987208701245,1.4483924179779716e-51,0.012162809655588637,1.7850233770577644e-34,0.06915714159591864,2.788177822277188e-60,0.021190391794249096,0.04927385137890941,0.028468548194691422,0.022988635169177242,1.017077201457007e-32,5.167009868539754e-31,1.0611394266938574e-30,6.765384620121312e-34,1.6837733787142497e-66,1.1850296079602728e-46,5.669843161303421e-44,0.014384304396438794,7.095373228905e-41,0.019228294377136752,6.329398201893735e-27,1.1413757666615056e-54,1.5436941188725283e-19,1.5386571177856674e-54,1.8702722972575867e-69,1.1840147125326725e-63,1.965293817367558e-55,3.127148286834847e-39,1.358419466855076e-15,1.3622521724822405e-30,6.993975837219161e-47,6.17237512667948e-5,2.9319631610130863e-58,1.2684580164943475e-38,1.0782941070856926e-16,2.606530901746244e-13,0.017550498989127302,1.6225320529327739e-56,3.5857958952874963e-25,0.0131668672487888,0.019737206911178154,8.15441124446657e-37,1.246826033328223e-70,1.0395319386202328e-78,4.238370804895277e-66,2.2283039231487641e-44,5.828492117689646e-32,9.90733149880761e-32,3.429921584782812e-69,2.6768846283041125e-31,0.014380369512190775,2.0880953675509976e-44,2.9537258286417476e-76,6.177263997954102e-56,2.043523708488048e-66,0.004569952882630575,9.777610283184516e-47,5.8400652591349515e-21,1.689552257417543e-63,0.02361063860430536,1.5966322034197623e-58,0.004026159906702372,1.7701555492121534e-41,1.595686941989546e-46,2.304694560011724e-53,1.4601745810138524e-101,6.792984452777635e-127,1.2272818195685545e-34,1.1848987205910161e-91,2.0908170917264718e-49,2.032537751254086e-46,1.2773083917770287e-82,1.8469387941690348e-55,1.9801586790082915e-50,3.2280262690376537e-69,1.9625441571838251e-122,6.589542512104792e-133,1.42473848036047e-109,1.0299822195782717e-75,6.014981485776269e-81
6.9338166432225465e-155,1.1220131607694311e-197,1.5933838783665116e-156,4.463138244218773e-119,7.686344999680091e-141,1.156010137631343e-148,6.245997273085392e-83,5.446033643819499e-69,1.8280764163211974e-70,2.922620968310668e-119,1.1643398378748868e-127,3.954317178705175e-91,1.2721898719562089e-82,2.4062155157685464e-76,1.3069196672685476e-48,3.373689509002951e-44,3.254440673934477e-73,3.471703872742785e-16,1.598606683462546e-69,2.0711761175416194e-45,4.6725314856345335e-77,3.6621614226820403e-85,1.497979269372996e-61,1.669394048506524e-86,1.9206697098303246e-49,1.9141438571030763e-21,4.008782277030431e-31,5.739742618254748e-75,2.86623265467666e-101,1.4011972730033843e-40,9.166368610581732e-63,0.00047162490129381787,6.444203005845926e-80,8.506872086718651e-100,2.6579451272780686e-66,0.0013095098672502618,4.7087748250103567e-29,0.03989319516336352,0.15168646665709165,0.2126446046820063,0.2095060432291652,0.19723113828706915,0.09694944522291071,0.010809706302027784,1.6936751816048788e-8,0.0014406346199792063,1.96177337436861e-12,0.0006087892765656918,0.0020752754154487146,1.0956133110144632e-33,0.0012049421245989994,0.0023952010807905665,3.855169411048415e-43,0.0013229585177443515,2.1806471869616575e-34,0.005679119428763701,0.0062562528762593285,0.0052017223672423145,0.0007153861502799641,4.158775652780636e-36,1.997459021024554e-65,0.0021464547224076124,0.003328809492324393,0.0009198598187143851,0.0020023443748794878,3.3494155563900315e-19,9.142423191323854e-68,1.1729211627798218e-31,1.1119086991433899e-35,2.6943955565460743e-19,5.1948271748650375e-5,8.512881047559313e-46,3.8770765228532636e-37,2.151999714648451e-65,5.726665391827228e-96,3.1972420911218848e-83,0.0028788751154772436,3.2894142549988415e-19,0.003014106437217503,0.0030719102125693226,0.0015511640450774189,1.661204995577474e-21,0.008224599074000374,0.005195292590476442,0.008468995152586822,0.0011864407625633798,6.966104317938566e-21,0.0033781109406331154,1.0894508584485945e-27,0.0003134267119655865,1.0789672701484422e-25,0.0040085479448206795,1.5094021995553442e-87,0.0004884370984148111,6.160083486533557e-34,3.6039179140289375e-92,0.0009074838175681305,3.291834426495948e-70,1.230212820626597e-44,6.720819894440642e-82,4.053993605424759e-92,2.509716814197646e-30,2.164306864345486e-105,4.0984878890375666e-108,7.166372283805348e-80,7.186659595021972e-115,2.6559280862491664e-133,5.880049412239459e-89,1.107397667925447e-83,3.834365729770263e-114,1.3653073359543747e-89,7.275561026970512e-166,3.2457694785948747e-161,1.086063419016322e-137,5.552172995020464e-116,4.865087564002088e-160,6.975352316460523e-209,9.628418988730536e-200,8.393715038815495e-93,1.5293406973263834e-164,1.0841751239828335e-152,1.5199440636317566e-79,3.4575201992028826e-172,2.4866045519122208e-144,5.377425315239293e-75,1.9691122503841455e-89,2.9229287922078715e-153,1.3145853507361314e-77,1.5329872694120818e-183,3.866220524280445e-127,9.534962835163561e-111,5.196436230101421e-134,2.39474663719139e-125,3.229054159771131e-129,8.985436490082785e-141,1.501729903252431e-143,1.4913466274849043e-185,8.074352750784933e-127,2.2888819512766612e-126,8.148831318050513e-89,4.771746891711514e-95,8.566205219097223e-137,1.1533764940876273e-129,1.1874220380173516e-142,9.72144720466688e-37,1.419271444518973e-72,3.1879522429917167e-145,2.4687729177745578e-173,6.301703876092796e-26,9.559259390288482e-162,4.0148260736617737e-163,1.635669147610267e-186,1.4277220612081327e-107,1.3249612481962257e-240,2.5741945027679866e-96,2.3523012391431593e-24,4.919156456606403e-162,0.001461160307989596,1.887532708756395e-122,3.0314840031438404e-138,7.291094608193344e-192,1.2828643145284759e-136,3.8743910139435295e-178,8.612169233677085e-120,5.422869837468679e-141,2.2070024541064578e-65,7.371599936097409e-69,6.487512296041417e-246,5.8631256902706204e-108,2.9945962851013028e-64,1.4918986229188791e-114,2.1823231137219266e-191,2.7142236292853577e-234,3.096612331369108e-138,8.387964141634961e-163,3.3890147337887e-151,1.2805736093102038e-178,3.138066386949767e-187,2.7100399766733266e-113,4.22541302734045e-180,1.836930453374095e-156,3.5665506827263766e-51,2.1257628163603958e-35,4.498426782119638e-216,2.262505041339894e-160,2.3116379213943587e-145,8.043849392745715e-215,7.883447260393041e-181,4.387575951014727e-115,7.710006222026274e-236,1.993595879371415e-218,1.347043839657073e-87,5.022609948144331e-118,1.3781810742103883e-199,9.735441635322736e-258,1.4764976826030823e-179,6.577387661710023e-245,6.67294334185328e-265,2.7893395288185435e-246,0.0
0.0,0.0,0.0,0.0,0.0,5.781329985927768e-244,3.6402790281641044e-103,1.6456268650484205e-219,1.0455186472440783e-146,1.8852291055892227e-139,7.357280317073933e-177,6.627923529451269e-123,1.079163157134271e-193,2.7943657556510143e-253,1.36999175401413e-22,7.470265829997676e-152,3.2937036060808554e-145,4.477838190905733e-76,4.800808673915086e-116,1.1052073888787003e-92,5.201560260629368e-105,6.638758958295956e-109,3.110427375218157e-67,1.2376902324590371e-90,1.5810691986285798e-133,2.452367051017518e-42,1.835242693969527e-57,4.590090169070787e-102,2.086926015291512e-82,5.016499820782567e-185,1.48049212610768e-77,1.3735510807986622e-170,4.102671813697259e-136,1.9817350333560254e-82,1.7809923832872985e-64,5.705142736175527e-87,5.475959724699049e-44,2.5495767919420326e-81,1.675796010677295e-48,1.889896319021223e-120,3.5529317049805124e-113,2.2582215142317443e-130,8.769236679879767e-114,2.695624673594802e-103,2.886785341425057e-172,3.148382442548056e-123,1.0139940460044708e-57,2.7427718410544283e-132,1.5466911736964367e-157,3.613947288804862e-141,3.220456439165772e-172,6.3229585643823905e-130,1.0551187202192874e-36,1.546391336076774e-62,3.8097920541225775e-74,1.9190241217029046e-92,4.765524888638352e-15,4.713447702370348e-59,3.6233134390771926e-77,9.462218670437179e-149,6.100122749100983e-74,1.2383415003541113e-90,0.00032990017461643345,9.557334357404992e-108,1.1209668878939928e-44,1.3421975706700348e-39,7.880979671698807e-94,3.703620393577097e-43,1.1659448646855504e-71,5.471804705800585e-34,2.549454809028628e-61,8.30814535579803e-27,1.6761314707224033e-80,1.2544572718007945e-52,1.4886311973779522e-107,1.2896047425911244e-47,7.360482063209909e-50,2.629795753572607e-32,6.92135477130527e-19,9.058912387350438e-55,4.2857201577097335e-17,1.3518252683568217e-17,7.479102555549927e-19,0.00012282705580737583,7.733160595234734e-51,0.011370181823898316,4.586709892241881e-43,6.983631884729458e-31,2.5251189638295026e-58,1.3869618096607017e-52,2.7867083301757825e-40,7.618031489721126e-61,1.1661319942736673e-16,1.4336416176103036e-42,7.632404639244507e-35,2.717215376205686e-50,3.0801473940918213e-47,8.00107681140475e-46,1.4088146847115356e-34,0.004475399749851505,3.711314087391353e-22,2.702415930920012e-19,4.938345409648567e-32,1.6076064671771178e-67,4.033292188824962e-38,1.2071624819272305e-73,1.3354008765773124e-15,4.7415819019504616e-27,2.4655679282798897e-55,5.625673203844659e-56,4.221409977418201e-20,9.04751267528488e-37,1.6893982109347766e-48,8.244787028581647e-61,0.06875453755679434,4.472182545643077e-8,5.5032012781623854e-33,0.012179452770594188,7.730557561485574e-58,0.018264072305457894,1.7124662233501938e-27,1.2968195821866064e-43,0.005187380753233989,8.632215465772186e-62,2.652628223181177e-57,0.013546797217486766,1.9711938439324521e-19,1.0594546369023733e-39,0.0181973108322425,0.03725931103932437,0.015067407990493567,9.618668553892587e-20,1.1445298818240162e-26,4.522877029363218e-30,0.022835042201936502,5.0305427266468925e-9,5.311766008373431e-12,0.013498320870748613,9.962245762338558e-12,4.914310999923933e-10,1.2759636496806355e-25,4.953403325453314e-18,3.1356327141153107e-21,0.07889149291432138,5.0461708247460065e-28,0.01534622658501232,0.01685918072497478,0.017634464954488546,0.04798677944279072,9.726341437360417e-9,1.1613496061964145e-37,0.034722103947622145,0.025037385020762606,0.060399168584097135,6.131474456666841e-17,6.035000570950426e-8,8.667934905138949e-16,0.06433882249918388,3.2668979686923153e-16,2.1196026431796915e-11,4.284933937545487e-25,0.04867275440820473,1.4623186539892067e-14,0.01963267118216557,0.04070700522558482,0.0458608521049589,0.05745025445401062,0.0057996483149373775,0.029595852614519295,5.168895108027477e-10,0.007789902504600045,0.0017363232201887814,4.8797570016448875e-27,1.7788222850970994e-11,0.029477129428499227,4.571946230772443e-6,2.2076427560132498e-20,0.043794360526553576,4.5270531540125396e-11,6.313992289913864e-13,8.139309159971142e-14,0.003997808445596557,5.441379719484991e-10,7.649179860895442e-18,9.323977244029637e-30,4.161300840717655e-39,0.0017361471679822106,2.5342619557581358e-20,4.111840298318437e-24,2.664507061065603e-10,3.1662353747656893e-23,8.543300027260548e-25,0.04814666490201541,0.01329436479032376,2.58757035192281e-56,1.696674329485342e-45,6.080549436538996e-34,1.572755147467093e-44,4.46295449990541e-56,4.4782162761194524e-52
0.0,3.016942808364279e-228,4.300003654406636e-148,4.077212728444127e-143,2.4706948107343806e-246,4.0185175358011543e-143,1.7507907021397778e-151,9.31113101696852e-99,3.632720533768889e-101,7.5364623637479015e-168,5.410956304168608e-140,6.164927820541392e-156,7.943414722494241e-166,0.002997754097990782,1.1559162678834704e-66,2.240152956339632e-15,2.308802005076308e-31,1.4019146301507047e-46,1.5612115241228511e-52,0.0016065199560168556,4.6537669675700516e-51,4.1930305477041276e-20,0.009573099132979424,6.780477291438565e-47,0.009972239862622584,0.008125521709730197,1.0550902368275391e-91,0.005816362108728175,0.0016955289983640947,1.274681382570829e-68,3.351106526731382e-30,4.083752987912796e-45,2.5834956057629244e-92,6.124144110783185e-70,7.015796447229407e-33,0.00450690480895959,1.0647852690319308e-30,2.1139619317576884e-57,1.700996712894078e-55,2.1433504662096582e-91,5.638304657233345e-21,1.2205003887727756e-59,1.1812150443732016e-5,5.899031475245475e-70,9.978099369951343e-61,2.9946544309244893e-118,7.69835715414291e-37,2.8889354104475826e-98,8.217340865998254e-73,1.518631915894751e-81,2.2598135144499544e-137,5.104370446011181e-92,8.752902689035911e-32,3.458579747477686e-95,1.2837731164367167e-41,2.173598758485373e-78,1.2465607890959488e-77,4.423721940262711e-87,0.0014584966565402574,2.7609397414378787e-47,9.449223846191329e-95,2.2443460452906867e-12,3.51052676285889e-98,8.947609852101257e-16,0.0031052801147103378,2.3076256540020635e-97,1.5739476371373273e-49,0.008945080314572123,0.0013941429400390545,1.2342352751194735e-20,0.0016006617770690948,1.2368205192035751e-58,0.006862482221954316,0.004435312602161265,7.951283162301984e-38,1.6267564973708914e-27,0.035194028315435,0.07138514632583826,0.0819759647435788,0.04632200503319685,0.0710689121222588,0.0741119503970511,0.05901568928756999,0.051018437495413335,0.06718307232595888,0.06492829409508949,0.03822582578965267,0.02909027332706688,0.034742424115411674,0.024517363898458135,0.00338944083345616,0.005841419529094616,0.007848082455944936,0.006018597078800748,0.007412482316875297,1.8200582947185273e-29,6.430581680946218e-14,1.873545826507017e-47,0.0039817284936677294,0.0062949244121939096,0.003951367511859046,0.011474517892656065,0.004261314393266481,2.637049670085795e-59,0.012377554805029174,1.8186698266688978e-51,0.0037529443768495956,0.009314540479122098,0.00015381291592602691,1.1931976441341684e-39,1.235942801637306e-30,3.0356251870222783e-52,6.7361689295523835e-78,7.680264224002193e-63,7.218219605531268e-68,0.0069218352715464644,0.009251608006940339,2.2525055704822427e-22,0.003943746205957737,1.221945066520537e-48,2.616446475971851e-14,1.0110064478279613e-14,6.39129888462038e-92,0.0017863649085008409,3.856788487549062e-42,0.002645771169610937,1.3000669273016687e-44,0.004480371398823225,5.502457830862039e-38,0.008226516717061746,0.010652665866662057,4.276168998561961e-53,1.183765779009503e-47,3.979478038606794e-47,4.3097015020157356e-36,0.005274215166143518,0.0015262817272815251,0.004011575519727234,0.003598559181659054,5.230231302426189e-51,0.002044341522129365,0.0020142292337072564,1.3947496965410066e-16,6.591746140562599e-66,1.1100781572016764e-44,3.77979099811099e-70,8.542580016353285e-82,1.0871469807208231e-79,7.168993023081488e-57,5.544054690358688e-47,4.337468391070619e-29,1.1484451731768767e-30,2.931118047272084e-71,0.0023548032434301154,4.54176405080461e-66,3.4691093766491243e-47,0.005044220527858776,0.004641945730811808,0.0017877383067251553,1.2677576789828133e-64,9.141822778966133e-83,3.698103791985743e-90,4.517691122655883e-62,5.204165130033494e-71,2.3375648815598287e-62,1.106878979907642e-55,1.7130475374345725e-99,4.657962053641471e-78,1.564832963289456e-73,6.092748488341353e-79,1.5133310753417678e-20,0.0013610955453050699,0.0014407763162446784,1.6974958819077087e-71,1.8767197523059414e-73,1.5721367212572707e-111,1.8606278295074035e-80,4.823190982794458e-42,2.5236231444319442e-54,1.234314845123104e-32,0.005502539249490848,1.1247683642485796e-62,1.826967080364375e-100,1.208560353716454e-89,9.271942076149074e-132,6.125280310103204e-14,2.483316798223511e-7,0.004529236607886599,2.6613544009128214e-126,3.491280225622595e-73,8.714291054919239e-51,4.234320524039763e-101,7.069669425082017e-82,2.2802957540140005e-11,2.0472985732445954e-54,5.936686020976405e-73,7.594363744360124e-135,4.124104041083705e-109,1.3702328615033195e-109,8.310407638986878e-77
0.0,0.0,0.0,0.0,0.0,0.0,0.0,7.753418336769746e-187,4.2820507620697147e-246,0.0,5.874109434267163e-215,2.5295931109703505e-202,3.295571373149616e-270,2.546072206055149e-241,2.9045621430038647e-266,1.5852999872454495e-171,9.544735426113054e-287,2.813592410078971e-223,6.203854686869391e-106,9.517774252815139e-107,1.7500678732216008e-121,1.0368428267570525e-133,7.858306429335114e-93,2.431688129471416e-121,6.964208130566564e-163,0.004229456144592059,5.626114095696237e-208,0.0,7.350615519846005e-142,6.391502332578604e-306,1.6524920905539486e-243,3.4719708084521908e-236,6.148740992207026e-309,2.916382557194651e-191,8.521629459247247e-191,1.929290237470242e-63,7.4525476946403e-177,2.0087516595294163e-123,3.956423195669745e-148,2.3516956008807326e-179,1.4717348198209442e-153,1.106185179392409e-143,1.0756097049093367e-106,1.1429595312239293e-128,2.8055073836053055e-205,1.6266051598270966e-193,4.4799262845158903e-141,5.215831263098091e-206,6.150338165302274e-82,1.5722373552616755e-95,2.9910543128365763e-178,1.2120455833340838e-120,3.3664743381729233e-99,1.3706661262388738e-76,8.357041965088118e-164,2.78646896321893e-110,3.868296046482369e-135,3.5437393825681305e-151,2.159393549812077e-142,9.906596270366397e-186,1.555757657161826e-69,3.915361357814377e-127,2.2192587162983745e-162,2.1048035797944834e-95,1.2201339362029388e-118,9.025945138487472e-92,2.2406667942554486e-89,1.4422576325012944e-114,9.540004299978849e-30,0.01606227033871456,1.4642813820982464e-66,0.019302637275471865,1.422466522020881e-85,5.734079586872819e-58,4.106444231010909e-98,0.002976851280762392,3.427636129315426e-61,6.421319169762651e-70,0.00409947876894401,2.847756323684081e-78,1.2267546444595435e-12,8.749109118199253e-26,4.583817496779374e-75,1.8695128863439787e-19,5.038420150348048e-63,0.004677466494517421,0.00829893564366306,1.14069179305991e-59,2.3484596013911836e-9,1.7459109497296884e-60,2.5889015163110507e-39,1.3890587807258209e-56,6.896689187300642e-80,1.0368980870792582e-39,0.013543093958400143,4.591836852681799e-76,6.069272370395927e-42,2.2171656012751696e-65,3.581203499553674e-46,0.0005666086910286448,7.996921080678575e-29,1.5455894916887145e-66,5.702820304003511e-55,3.0809584925608777e-37,5.713820406519948e-87,1.0217898808844204e-66,0.019502534199023223,3.2878236752478332e-65,7.566361328694298e-18,7.53061101069141e-16,1.1128540135616293e-55,0.013242948077199584,0.06037053417876743,1.9795342677845485e-42,1.263965892561782e-52,5.546942930071661e-42,2.451375519073888e-33,1.2581365360585865e-23,2.3198064049287087e-29,3.995181536370579e-21,2.44305659032429e-6,3.710311445734886e-22,0.06109675988877123,0.14284981820627482,0.29452365821062804,0.05777731358937963,0.07959670454812905,0.01950830919017408,0.025510925352992285,0.005157508564880167,4.626698958944016e-43,0.04962114140363738,0.00736503212802398,1.5110696038580405e-42,5.2278635845614625e-27,8.56454758738997e-39,1.1737428913571314e-35,1.7218189805131772e-31,0.02148109478307666,0.005694077760900361,9.567165545953302e-47,9.319592694988343e-45,2.867089430171677e-25,5.448780250633429e-19,0.026617810983141636,1.0494098286199498e-45,1.53584856301095e-49,3.3512543618187614e-39,6.010913570079888e-21,0.0058767414228102985,8.385041000850606e-41,1.258446108000315e-44,2.2990958910813886e-22,2.4188409700559373e-35,4.579200483130977e-18,1.1637063873421954e-56,5.2118608577754466e-9,8.193049572943839e-20,2.3177222181874743e-21,1.2480944372428193e-62,4.848072427553404e-78,7.360687864681076e-79,6.734044980871553e-23,0.007390621411368852,9.75572970079449e-65,1.8016426190302335e-70,4.996022099164645e-21,0.012173787527245255,0.0038152127360530407,1.9612639360271136e-35,2.113670181195114e-63,3.055174632988991e-71,0.0035863962532145504,7.195046312067252e-49,1.1010489200947492e-85,5.098648947563538e-84,5.2017925035794395e-61,4.6831005079804174e-67,1.9168718327958442e-55,5.584078353742504e-29,3.641864410211515e-37,0.003481820370075857,9.349706031912886e-80,6.471297284718551e-41,3.359214789277193e-55,1.5276548706540267e-59,2.646539570190335e-57,7.592291874393111e-38,4.381882613813051e-81,1.7662200160029827e-44,2.9157834722877484e-36,6.478453226522551e-109,6.068424471652699e-72,1.293129258205261e-98,6.177077199078495e-120,9.493504446165322e-175,1.827784390090036e-115,4.290324833256022e-95,4.88996091224705e-108,2.024106906444412e-149
1.4256620831771322e-277,3.878466760004216e-207,1.4053352928223687e-174,1.4125854402596665e-211,2.735641102780671e-159,1.1617735062127487e-139,9.953205383443869e-225,1.6750610719573303e-118,1.2947796323794173e-96,2.0633644894153237e-83,8.202484233898763e-86,1.9679053021897937e-8,1.314322855623288e-122,2.271473460375826e-58,1.0051464172885581e-26,7.511098927813949e-20,2.0133259610748383e-66,2.050299469746956e-88,2.0863876709048837e-10,1.3843898882239368e-22,5.3895917134290395e-67,1.318354251764365e-40,2.661549768524051e-95,5.1720051852990906e-17,6.308405155539732e-67,1.3975150618980516e-36,7.992903526679927e-65,0.004876786753680107,0.0022923190021725375,6.939109163107934e-53,9.900366500588418e-64,5.883228222209449e-52,0.003095129319297925,9.119178386528146e-87,4.827679381406152e-35,4.629466985294925e-44,1.5114062353614236e-95,0.0025913741604533043,5.411586694689499e-98,8.977971758067073e-141,1.0820998096313926e-63,1.2006986445964554e-31,5.252793367790012e-32,6.895142352997153e-54,1.3831502865119718e-51,1.963164226262986e-67,1.7297877295986077e-34,1.8604452771803473e-77,7.14060280215519e-107,0.0017739068418174688,0.007253615110283483,6.895150514084966e-13,9.3025323420494e-8,2.5109888240121373e-70,1.1870946048960316e-57,0.00022614752565763943,0.0014524802294094703,5.455389983543325e-47,0.013715662612743687,0.23391555128836738,0.261291484590608,0.2610618244549452,0.08198988985626118,1.397296459915021e-10,0.00026093589338480733,5.3251761624702704e-52,9.776518418120665e-39,0.009754235234434921,0.03513439057249822,4.8448833711838144e-65,1.0804289002324156e-54,4.2398270058420764e-44,0.002877845567436368,5.021994835376133e-83,3.9345365678218746e-67,8.404426342284888e-104,1.237913064200074e-33,0.004830001715038488,2.7686446685435478e-31,0.002487650371320532,1.5491804219327038e-26,2.5751585714534807e-88,9.211973356761992e-77,1.4047612429821762e-11,1.3386343143869e-138,0.00972998063789396,6.9736234132559335e-15,0.0018008564335635733,1.0157116255412767e-64,0.010854168748460477,4.441808658881977e-54,1.3479322727996046e-113,1.7123481160424728e-15,0.001270183854095357,0.011788926951260116,8.131573023201113e-31,7.1379020975670344e-40,7.156740752292469e-101,7.984281803145811e-18,1.914169110035895e-39,2.011971363573073e-130,4.3463977039096044e-144,0.0017167786253226907,9.481415365126817e-112,1.437608002097299e-27,1.0406614717620312e-117,7.769499254411033e-65,1.3499138525126887e-114,1.811415903740152e-52,7.369317472271195e-103,1.0117678685576734e-166,2.699290817094449e-169,0.007209131098730663,9.983098386213515e-75,3.5094449616040474e-139,1.4496159029894895e-120,7.442573125406942e-123,0.0025118000190581915,2.703408725793297e-105,5.650888695399264e-73,4.362385339028384e-123,5.046373729141127e-48,1.5369203002187661e-153,2.023759859352316e-80,1.5202763220827537e-122,3.254375958644546e-95,2.095009609870826e-84,9.501639537580555e-51,7.239989347285016e-117,6.077922317686112e-73,2.554145677638207e-35,4.482024448572436e-25,4.963136737338668e-151,7.026709773269596e-57,1.6373143532745144e-147,1.816744194959819e-94,3.2878903438553023e-92,1.2460822527289265e-174,9.2256853691555e-99,6.813371064371954e-99,2.0333388170268276e-74,6.0719116895097125e-89,0.002362456363886847,4.562627759375807e-136,4.4944314745572024e-131,1.2390158389339469e-111,2.652695773157737e-103,3.05118990656672e-162,3.4769718345363396e-147,0.0022863159414000457,8.502630809861467e-150,1.6165541272850303e-124,2.05094212508373e-46,6.955116602796336e-124,1.9085141326926307e-99,8.416776262915002e-40,1.2053553946891478e-124,0.00460058521785034,2.0883201945227935e-110,0.002402461730820715,1.3760369273753454e-118,2.136209470060669e-145,2.6309366217898625e-71,8.952947042094819e-146,1.8816551760049444e-128,9.939163745065152e-145,8.371768351892134e-160,2.4814512340575882e-145,8.45023077231758e-74,2.75060349515294e-147,0.00436657627578472,3.834451236457236e-172,1.082648807522106e-145,3.688952063662517e-88,1.2681807197529366e-138,2.6031487123452668e-99,4.885126013804155e-86,9.574365600600959e-201,1.5285047654706988e-155,5.310178203838667e-146,1.114548267504436e-79,3.820946086629069e-126,1.7872861025584036e-175,2.5326796222897718e-99,8.222433068384295e-75,3.6108390813263824e-78,3.7139255735634207e-159,1.4557382626474998e-147,0.006218433934570616,2.8917687421071683e-178,1.4565917819009582e-71,1.5803227010120983e-130,2.8140175310839227e-132,8.45514909289896e-180,1.8562583593031827e-27,3.01423595645953e-193,2.5981814324555548e-138,3.294926410080218e-225,9.357216287103024e-221,3.688410831807516e-270
0.0,0.0,0.0,0.0,0.0,3.829081e-317,3.2236579452258388e-201,1.3885318608260519e-266,2.948739442050485e-238,1.819322314246142e-238,7.193886549251037e-148,1.0496078574551265e-89,2.765857745230514e-233,3.2320891654626893e-215,5.515315049523556e-204,4.941717006465179e-172,4.574372141490067e-199,4.018397154063091e-119,8.808968870695163e-151,8.25665177021388e-114,1.4808967660988674e-126,3.7923859196558975e-63,5.397028652212469e-146,1.3350239300751203e-91,2.4633952686685033e-128,2.3965504304978022e-27,4.192601266798135e-158,1.3696668093532115e-148,6.002095300429593e-109,6.6164927447839214e-189,2.7874564208686255e-172,1.242746060638215e-180,3.723865341749329e-178,7.914920159543512e-134,1.154237124099482e-25,2.019238259690089e-151,5.477986578250387e-176,1.6906426712818371e-108,1.5623487291289239e-96,6.137439256631365e-143,6.986434421883657e-91,6.69028164669502e-110,4.357043926990006e-131,5.1412284652414314e-129,1.0445984800455012e-135,3.54954804243413e-167,2.4559816675001712e-53,5.557912814228699e-156,3.2656421345658533e-162,7.788379451238902e-160,5.0900724736449245e-179,9.029275192711697e-66,3.1647382765187735e-70,1.264655018313077e-110,4.4198423923054926e-121,9.171859950275617e-66,2.8145062761855417e-39,8.597966404184647e-32,8.195179521900732e-145,3.3859172144042532e-149,1.3605907996787325e-76,2.277362464715942e-117,6.912792051256714e-95,5.7521463678470196e-136,4.8199256970342733e-29,2.9993436583437397e-71,7.278236069344856e-47,1.0653517992822262e-87,1.2242423570201162e-31,3.981064842260291e-76,1.3314593658346099e-149,4.260150124374732e-121,5.579208762267816e-66,2.541966177810839e-44,9.440410114697826e-114,5.450697594408115e-54,1.338010646484159e-25,1.2734194894790732e-77,3.006523836451695e-107,4.302357219120794e-20,1.3322505980185895e-51,5.228145723680655e-20,8.473226253959632e-88,1.5929452448332784e-41,8.688172744844623e-21,3.88993856778848e-65,1.4187711843849362e-74,2.287532564778571e-43,6.337578655911236e-24,6.356227970111073e-53,2.8852305169503833e-50,1.2918120152033468e-67,7.594465445092149e-36,1.148547429177967e-40,2.921109472170343e-57,1.5194559383329464e-40,7.195892535670324e-51,5.911673321292408e-25,5.012681743272458e-32,3.520010064360844e-53,0.0015441112442224343,1.2299473857387194e-20,0.0024547902705707126,1.1047605661947127e-38,2.8693723594391957e-34,3.289766058695008e-76,5.595589802293919e-16,5.853116876780986e-57,5.014202950890194e-30,2.0723722886476986e-32,6.898308951094463e-30,4.970018832652016e-24,0.004019658223043925,3.879720310952243e-45,4.331549359084613e-50,2.507774223204799e-21,4.720687339812662e-14,0.005385943750352593,3.193255926628066e-39,2.033844937878066e-8,0.0015958001742971668,0.0010770266012463097,9.176090554436266e-14,0.002401324611947062,6.722641885170054e-39,2.8289028196806755e-32,4.762218100911847e-10,3.311817776524319e-13,1.0419003259826401e-22,0.004999560934744397,2.4834720516062924e-37,0.008055550164525471,1.6595730962030956e-11,0.01704782469863759,2.585089149300794e-36,1.8325818789517558e-7,3.156278551068772e-16,5.03093449749817e-13,0.00503538941665886,5.3509379452493355e-11,4.857352673403522e-12,2.2698710049961124e-6,2.3385476250296745e-10,0.016721332149868057,0.004829716861071572,0.023378034352993952,0.07859400924354473,0.09747963681142958,0.10794490803322979,0.1051010088755896,0.10482658295419992,0.11824828154167162,0.084279218140462,0.05741358284274788,0.020434304946112338,0.0018466546555374252,2.8376678377673043e-6,2.381995733901702e-13,0.02222561823889875,0.009880633590914128,8.499786149488316e-17,0.017596389897921567,0.022851620148221046,0.004613663393334592,5.86350203553219e-6,0.0010348678004127513,0.007142134905398007,7.432292042493383e-5,2.4865650885335815e-12,0.00027435763875102845,7.851749886552726e-30,7.792513698962474e-14,1.40116297571271e-12,0.004099211946352795,0.005152163282786606,3.905174678370249e-20,5.547250439243364e-30,9.357250918300864e-13,0.0055512238509047174,0.00027441034441024815,0.014450784440848104,0.0065740021853013305,0.001813522682500381,3.306883974735456e-19,0.0006969846309161495,1.7938551184261298e-33,3.787090063584753e-32,2.708710072156874e-42,1.7615518020497473e-50,3.9510232392967526e-60,0.0005345357875741572,0.0004341253867552626,3.714737313089782e-42,1.2812135751057148e-66,6.327862515575137e-68,1.12506228360165e-75,1.276476129729556e-88,2.9588644081475408e-58,5.073525036765071e-54,5.854406224047087e-77
0.0,0.0,2.3636892874587e-311,0.0,0.0,7.699549834113047e-237,3.4787134987378053e-247,2.0712746274028408e-305,3.829861082046638e-122,5.30042419664889e-190,2.8891399484970916e-124,0.0008644491370619458,2.980647860541501e-110,8.857538796721515e-166,8.11622234029717e-109,1.1437351698032233e-106,9.059393123834685e-185,0.0008430011920467697,4.5962466153963416e-145,2.2425790048781733e-89,2.0906970907335436e-137,5.973281263779061e-76,7.345265985687479e-87,0.000908456354939756,9.133381955216133e-179,6.464217728712377e-156,7.908493736609101e-130,3.1570274264603444e-197,3.6573196423407e-194,2.3051185126194638e-180,4.923449544187538e-209,2.2100182517992776e-100,9.644592757168774e-179,4.874526389572936e-210,6.542426955084893e-12,1.5937554727445912e-96,1.0137794506987845e-100,2.9867367750310535e-154,1.5768931305691425e-119,2.6153502948115464e-234,2.8099868492395202e-92,1.295396421036632e-179,9.581387567134806e-219,1.025849745459146e-148,3.560786230013276e-132,3.3197206038174916e-199,0.0017846840445308104,3.56248683398097e-132,4.925552026864481e-192,2.945546764317955e-54,0.0009277811930490669,5.999597157195568e-166,8.560997616273487e-79,7.566830696082145e-71,3.7627820918541853e-135,1.5635004158784708e-133,5.546383286743453e-134,1.1257290373867842e-101,3.1417042152386467e-170,8.668796641837537e-202,0.0008785099866905634,2.713220677902002e-102,4.750572248452585e-124,1.5219835107237072e-51,4.6311068924552214e-65,2.8142133397988473e-80,1.0723055309516513e-60,7.064304776325165e-76,4.5770054189883924e-42,5.724716459052486e-93,1.7074892773665882e-86,1.093838673236587e-107,1.485179840325394e-72,2.5811275607167297e-56,2.5063629299674273e-185,0.0008987384961776113,1.2471369351532659e-111,0.0009289779814591348,9.433276895933839e-5,1.0838113650347923e-111,5.570838365434222e-52,7.061266662791352e-54,2.494925602025959e-102,9.699392539342534e-70,0.0009017089081908758,5.815648891353223e-65,9.0827822793959e-70,1.6161515080365324e-26,2.7728698971953748e-80,9.53691982554485e-66,1.6875271530833384e-103,1.0266688812831117e-75,2.4630367596364376e-97,8.24247480876515e-28,0.000988591381930785,0.0008533263881266214,9.719330536254003e-79,7.546274203439813e-24,3.6043174771444106e-76,2.117616787986726e-80,2.7347710512233306e-79,9.267142458199323e-76,1.8627679067604335e-55,0.0005187574571520455,3.575495101233694e-79,8.857373320410933e-20,1.94174500815078e-43,2.600994372994266e-131,2.3363883732517413e-98,3.948113392477114e-33,0.000881618472311878,2.0477571653881753e-95,5.731590110335794e-107,5.841619116267872e-111,2.099881428708842e-24,4.662253708943365e-71,1.2459217259366011e-26,2.935801044966346e-41,3.4122222387257842e-49,4.7821755009500203e-79,1.7492661650863542e-83,3.181313835728112e-89,5.478490131686519e-72,3.6379094094526675e-37,4.112728724691062e-41,3.540797354799769e-49,5.239580127425547e-81,8.310126927202835e-21,7.45952440541022e-37,4.257738193671852e-68,3.382404841918915e-51,0.0007950646977557981,0.002118390852020934,2.8125316071419905e-83,8.97786327655996e-34,2.0137057003932804e-51,3.4695057852171397e-19,5.534525026954511e-53,3.165576970280496e-32,4.35420292060463e-53,2.121006766897819e-74,0.001012765942928838,2.4460341439826432e-52,3.6268349193473184e-59,1.5127942108962106e-23,2.1995213214874093e-52,0.0007765566789059731,0.0019697587529056717,0.002785616624549647,3.8192079020889716e-22,1.7111467222795812e-59,2.0233751613443823e-18,2.1079733479956104e-48,4.813382577181089e-21,6.784382421960739e-51,2.356495912830019e-77,7.728855510346315e-60,5.842759819080593e-5,1.3961523732873642e-50,0.001451861463585908,0.0028114568017213125,2.8129727686515082e-8,7.685170514562399e-44,2.79150286422879e-53,5.145361515095411e-32,7.567238825129451e-22,1.2787373935344725e-23,3.454784522684453e-30,0.0030724510936082725,6.798870356454611e-14,0.00020215719393284554,2.2865869226893712e-5,4.272069005477093e-33,0.0009065613580583675,0.001161034606237181,1.9833573530251036e-33,1.0476726411737872e-39,0.005197063567636806,4.7460713394341934e-42,1.3457640933215573e-17,4.5762217895964e-29,0.0012223778036098178,0.002711633664543435,1.443852153082893e-31,0.007029695829414438,0.020360619646087097,0.007452991051220527,0.010975277258214637,0.039527388068401455,0.02731128846487415,0.04044953742999327,0.062247835158480605,0.06461792247489163,0.10032090168233981,0.05348500987840543,0.08506197976954742,0.1319826254482271,0.08882328606892169,0.08786916178041518,0.13193547352218177
0.0,1.9793549815624834e-215,5.398041697891143e-203,7.40163440388029e-237,0.0,1.2390285800559354e-259,7.635577795487018e-245,4.46207053881948e-106,7.389315233879449e-218,5.949316207928148e-178,1.1514041199172343e-200,2.658816457087099e-127,2.7163546305283266e-212,9.356519634957989e-153,3.286114069647114e-92,5.008765886800877e-90,1.737753117556266e-118,1.5998941818158567e-152,1.008303888543027e-59,1.42830162375059e-83,7.330734635400258e-67,2.173493303458429e-53,1.462333234964626e-42,1.445418048805339e-55,5.045934432469803e-93,2.0040394244760977e-20,8.578912731576302e-18,2.051419542208314e-113,2.2533675420031028e-150,1.3848313375037576e-59,8.76924248913823e-95,2.17768669779706e-126,1.267473340420817e-118,4.440087709440511e-106,3.3103791361373317e-81,2.5100107360488746e-41,1.9010859978304986e-174,1.2310755770775397e-78,3.3864709949828835e-53,4.254587802104134e-136,5.849586355428191e-28,9.713030368976299e-101,4.05169337268473e-99,2.2941576449099163e-39,1.4771786768254825e-148,9.542148617998718e-80,1.7943493463454654e-75,5.587664896809411e-184,2.574152048480952e-143,3.73913026176298e-52,3.236671681052687e-54,1.2234093649196078e-81,1.254979684782795e-45,0.01660347127488222,1.4583740392828053e-64,6.556895361337329e-82,3.601927268614605e-34,0.018112667844238477,2.0739247345000737e-100,1.3482788840493858e-94,0.02126443801592094,0.08444622883526376,1.0688494815684338e-45,1.087491770976017e-68,2.4456907483782857e-59,2.925711933357847e-56,3.08899323782556e-80,1.9959530336708058e-25,2.1457444560180286e-37,0.029650041970861876,1.3864421910929078e-34,1.1534390335884591e-55,0.008255130101526542,0.0059395580004940165,2.3009822842869867e-69,0.01078401685060479,1.6542861641758386e-56,2.4171971043697055e-23,1.475539557696807e-32,0.025697049615178626,2.8986328384963544e-15,2.1071622980824821e-38,0.08081515138443474,2.86639589820839e-12,9.618883597635562e-50,0.017130627988748974,1.9246209077976617e-16,0.02735169921909634,0.06493709637281551,0.011289656077894738,3.202363232132495e-5,0.10116807977183265,1.6924928535361078e-25,5.580287698173157e-14,7.397421227012792e-29,0.09445937990704557,4.392549436019941e-27,4.544431386597595e-9,3.841783050179493e-40,1.1515938964434127e-51,0.009797882612905389,1.521779167675552e-8,1.1606696518961921e-17,5.280015290912913e-31,2.325483523724398e-18,4.239771889168407e-33,0.006552174291370865,1.3540143786487945e-74,1.723385404853222e-45,5.0934391090081236e-11,0.0028450459007121134,0.010645012264482287,7.550985692694538e-32,0.007587786339256335,2.691560683423289e-20,1.1907923287429767e-37,5.70149656677372e-72,0.0208358453039935,4.495698137127269e-47,0.01367099943568432,1.1919964076789509e-28,0.027157993905294595,0.0012156563576425543,1.0585062693565657e-20,8.687396579434109e-9,0.017123919766597998,2.7281747948196933e-9,4.2946525418580055e-5,6.770053813570516e-25,0.020151810524853354,4.79813132452219e-13,0.017264705507057283,1.3175926077528685e-17,0.022457332030431206,1.807765987400662e-27,8.507535301736095e-18,0.055197088559557746,9.39248815847005e-40,2.616023748489725e-23,3.0270118660688937e-31,1.375690879401732e-10,1.0485823680364432e-8,2.1520613589801465e-28,5.070619239435839e-43,3.899291110873567e-24,3.8860360770139254e-26,6.247916967132622e-32,0.006031938170329702,1.0848520892346825e-8,0.02114456179962428,1.0707079229304026e-10,1.8025560065303267e-6,0.03248589679118545,1.040012296872297e-30,1.4695896713102953e-37,7.331946449379745e-23,6.418318821156409e-20,2.6591296736015923e-13,7.11515391862345e-25,0.040285933016738586,4.921214031531121e-26,5.773382407547477e-26,3.6447686183471116e-24,1.615936411988865e-17,0.008277729419061321,6.319800232626128e-20,6.632654748143808e-32,2.061426899602753e-44,1.7441997203427928e-20,7.597861417718549e-21,7.797163105726059e-28,2.938728443281143e-30,4.635679833390958e-15,0.0108077257571094,1.2181868503790953e-43,1.0018150680598984e-7,0.008015063948371932,4.829981948020097e-53,1.2212204362223414e-19,1.326851870828281e-28,9.219475378635772e-21,8.569537413928317e-22,8.739567203390591e-21,1.7822680083700148e-61,2.60233780511379e-36,1.74770282934146e-32,1.3564937932649379e-42,1.4817594331899197e-7,2.1149532115116965e-42,3.4703745946187453e-32,2.994746378155163e-16,2.8068436911044436e-44,0.02246653118431426,4.458677982206961e-23,2.950775500560915e-39,1.783102666459815e-55,5.019972857743531e-42,8.649785846773967e-43,5.711845953204236e-78,1.6979048842156743e-66
1.0,0.0,0.0,0.0,0.0,0.0,0.0,0.0,0.0,0.0,0.0,0.0,0.0,0.0,0.0,0.0,0.0,0.0,0.0,0.0,0.0,0.0,0.0,0.0,0.0,0.0,0.0,0.0,0.0,0.0,0.0,0.0,0.0,0.0,0.0,0.0,0.0,0.0,0.0,0.0,0.0,0.0,0.0,0.0,0.0,0.0,0.0,0.0,0.0,0.0,0.0,0.0,0.0,0.0,0.0,0.0,0.0,0.0,0.0,0.0,0.0,0.0,0.0,0.0,0.0,0.0,0.0,0.0,0.0,0.0
0.041324742,0.052833777,0.054865323,0.054025084,0.053064737,0.03883105,0.053259797,0.046922445,0.026975092,0.052324146,0.03945954,0.040771954,0.088664845,0.3711986,0.071110636,0.053602815,0.0398537,0.04187683,0.07777663,0.06037017,0.19477823,0.0769849,0.06341454,0.054152295,0.044345293,0.033970714,0.06303142,0.06752513,0.045580853,0.04088922,0.06383078,0.023977306,0.07540893,0.06694336,0.057434343,0.05053282,0.03602106,0.03675319,0.03961978,0.05165115,0.04117722,0.042563546,0.024909107,0.049156643,0.059592467,0.06580137,0.029523896,0.09608443,0.038614467,0.12094618,0.042841893,0.05576794,0.08583615,0.07864092,0.03993882,0.05829555,0.044990543,0.049803272,0.035206262,0.056442544,0.22053543,0.25138274,0.043436743,0.06263442,0.033439413,0.041027687,0.08464434,0.025921732,0.02573898,0.04664716,0.043721724,0.038725853,0.058758713,0.090179875,0.44282955,0.07050499,0.027867742,0.06475166,0.041670837,0.03893873,0.040648066,0.06112023,0.091894604,0.04614088,0.05997465,0.048553485,0.026115201,0.07390192,0.100947075,0.042089432,0.055417333,0.04401978,0.04800832,0.039698016,0.082457095,0.038512133,0.047192823,0.1037648,0.026320254,0.053428322,0.08139425,0.32280064,0.026588283,0.061481703,0.047447547,0.03813359,0.0872192,0.025527611,0.12779,0.069303945,0.048286915,0.040237464,0.080422916,0.038391504,0.045867544,0.061879214,0.03920812,0.048864402,0.039773956,0.05918251,0.04002916,0.15820166,0.054385886,0.024639565,0.057053916,0.09382109,0.025298264,0.05126516,0.05090837,0.073173046,0.03452117,0.04639929,0.28434557,0.09842867,0.11106266,0.03938371,0.04948811,0.060737737,0.053902313,0.056180708,0.14569828,0.037852783,0.03903368,0.056744628,0.05461934,0.069887325,0.039119683,0.05260345,0.055278786,0.045282017,0.037617713,0.054267883,0.17332341,0.042313676,0.039539404,0.027316432,0.055957444,0.054746546,0.0724459,0.047725312,0.071764216,0.04312926,0.065278575,0.04044252,0.041486334,0.06811892,0.053756773,0.0555752,0.040132657,0.028675793,0.030394204,0.025099251,0.05499625,0.068691246,0.03825875,0.050162286,0.031849936,0.031160742,0.04054812,0.07462658,0.054497298,0.05513066,0.03929571,0.10732148,0.062253647,0.11571415,0.044661857,0.064278774,0.032440677,0.057868794,0.03729489,0.038000606,0.052004054,0.032971032,0.07621423,0.083514154,0.06634569,0.07951547,0.040338952,0.13635391
0.07864092:168,0.0724459:160,0.039698016:48,0.08139425:171,0.031849936:19,0.042089432:67,0.03938371:44,0.04948811:93,0.03825875:33,0.12779:189,0.052833777:103,0.04664716:83,0.04312926:71,0.19477823:194,0.06383078:145,0.026115201:9,0.023977306:1,0.06263442:142,0.055278786:120,0.038725853:37,0.0769849:166,0.05576794:123,0.05829555:131,0.041670837:65,0.055957444:124,0.048553485:90,0.053064737:104,0.043721724:73,0.035206262:25,0.046922445:84,0.044661857:76,0.32280064:198,0.28434557:197,0.03929571:43,0.073173046:161,0.06694336:151,0.050162286:95,0.03920812:42,0.054746546:116,0.090179875:178,0.044345293:75,0.030394204:17,0.053428322:106,0.048864402:91,0.0398537:50,0.033439413:22,0.045867544:80,0.029523896:16,0.058758713:132,0.071110636:158,0.047192823:85,0.11571415:187,0.14569828:191,0.069303945:155,0.05499625:118,0.038000606:31,0.039773956:49,0.065278575:148,0.054152295:111,0.03813359:32,0.027316432:13,0.03452117:24,0.042313676:68,0.0872192:176,0.061879214:140,0.033970714:23,0.082457095:172,0.044990543:77,0.024639565:2,0.048286915:89,0.024909107:3,0.061481703:139,0.04054812:57,0.04187683:66,0.07540893:164,0.05053282:96,0.091894604:179,0.03675319:27,0.10732148:185,0.054497298:114,0.041027687:61,0.032440677:20,0.028675793:15,0.04044252:56,0.025527611:6,0.056180708:125,0.053259797:105,0.09608443:181,0.059592467:134,0.040338952:55,0.05513066:119,0.052324146:101,0.05918251:133,0.049156643:92,0.07390192:162,0.069887325:156,0.06475166:147,0.07050499:157,0.037852783:30,0.03945954:45,0.06303142:143,0.03602106:26,0.04002916:52,0.17332341:193,0.054267883:112,0.052004054:100,0.1037648:184,0.064278774:146,0.100947075:183,0.12094618:188,0.047447547:86,0.038391504:34,0.049803272:94,0.038512133:35,0.054865323:117,0.054385886:113,0.08464434:174,0.053756773:108,0.047725312:87,0.0555752:122,0.057868794:130,0.053902313:109,0.15820166:192,0.062253647:141,0.06752513:152,0.03993882:51,0.09842867:182,0.06341454:144,0.025298264:5,0.04800832:88,0.053602815:107,0.03903368:40,0.039119683:41,0.088664845:177,0.071764216:159,0.045580853:79,0.3711986:199,0.060737737:137,0.040648066:58,0.07777663:167,0.06580137:149,0.03961978:47,0.44282955:200,0.043436743:72,0.13635391:190,0.026320254:10,0.06112023:138,0.045282017:78,0.05126516:98,0.083514154:173,0.07621423:165,0.041486334:64,0.057434343:129,0.11106266:186,0.040771954:59,0.068691246:154,0.057053916:128,0.031160742:18,0.056442544:126,0.05090837:97,0.05461934:115,0.05260345:102,0.03893873:39,0.06634569:150,0.055417333:121,0.04117722:62,0.042563546:69,0.05997465:135,0.054025084:110,0.02573898:7,0.06811892:153,0.040132657:53,0.025099251:4,0.056744628:127,0.080422916:170,0.027867742:14,0.04639929:82,0.026975092:12,0.05165115:99,0.03729489:28,0.07462658:163,0.039539404:46,0.041324742:63,0.07951547:169,0.026588283:11,0.06037017:136,0.25138274:196,0.03883105:38,0.042841893:70,0.04614088:81,0.08583615:175,0.040237464:54,0.032971032:21,0.22053543:195,0.038614467:36,0.09382109:180,0.025921732:8,0.037617713:29,0.04088922:60,0.04401978:74
