45
0.5840143801273231,2.3796197454192675e-8,3.600534597960226e-5,6.404235247918043e-15,6.080240325754655e-12,0.01614547525996529,2.116025069737243e-20,2.2080503927445158e-11,7.0255902805414095e-6,3.4613593723423067e-16,1.9811253882252245e-7,2.5361139077798426e-20,4.28623345015214e-23,8.306562868414216e-7,1.1327455979141706e-15,8.7320738651418e-18,1.0200075010947818e-17,1.3703579593118932e-8,1.3339167915685707e-22,7.905854325374671e-14,4.0633643175749144e-15,0.0008121648742480641,0.17416439790565066,8.051862532191818e-6,1.147336668315292e-17,0.0004891934149186642,0.00031233995134505337,6.352316367625624e-10,0.007856636656943309,0.09874180849095744,7.25062544724436e-14,1.993144059966498e-5,0.046850760104578226,3.675330111499186e-14,0.031424712083732,0.0013395694286611121,6.588589589875333e-6,6.651465637931182e-13,2.827880221892716e-15,3.595479124321642e-8,0.03563543606077552,0.000350600818330149,1.7520459475761963e-6,0.0017820670599872754,2.8060687108509074e-18
2.1403212948077155e-18,0.03932604270723456,0.11386121211255391,0.0015183451529512913,0.0006300293052406105,0.05384040257999888,0.003873377256844219,5.290044773581852e-5,0.005655674110769414,3.3379531819323314e-8,0.01742267648150008,0.009478546873342078,8.113080739128187e-6,0.11322120818677822,2.5383385340061097e-8,2.5552935678370866e-6,2.177144504652669e-13,5.371127003707615e-11,1.9054869233024603e-8,4.05759339503478e-5,1.6187511301587362e-5,1.8871079929065654e-7,4.0936547896052186e-19,6.754042717108554e-8,2.6829315660693454e-9,2.505000522004049e-16,1.0196484819933653e-7,0.0007266875220583835,0.0379255787491626,2.067640000812822e-8,9.639774147596655e-7,9.86853253895866e-10,0.5732560362122003,1.2820189268028655e-6,0.012391244036261958,3.3491186212188466e-11,3.2502116220334687e-9,3.302879014070862e-17,1.0530432828382484e-6,1.3409563013035115e-6,0.016745697569647843,2.296093796329945e-13,2.750257514500655e-9,1.8024120240940525e-6,4.592938808362278e-14
2.435148446548876e-21,0.0013579991062263944,0.04072075767627409,1.4141065853436618e-10,7.011427016351995e-8,3.564255607808301e-6,0.0006581563244362132,2.4480293172906283e-5,6.787901486055439e-8,1.704789953778836e-7,1.561537077770545e-9,0.5305468399372628,0.00034852193150851786,0.00024345407287685577,0.11964153085245581,0.004850300884017766,2.0633116966391697e-11,1.8707293540317435e-15,7.469796203705173e-8,2.887366567362741e-5,0.0029369078635059324,0.0016563552782611081,1.4983134539779377e-18,1.5047542560210794e-5,1.0291486490759833e-11,1.833737563328801e-11,1.1989103214801452e-6,0.2591877486369601,2.32439897752123e-6,0.025350320089892287,2.0380254350623047e-5,4.606205155307943e-12,0.00016211553838932298,0.000184523416863383,1.5270570516713908e-8,2.4547552018316924e-13,5.655548295695701e-9,4.690498487467e-10,8.797522168018407e-5,0.011925169607299436,4.498573530134325e-5,2.6110385279239804e-16,9.668189468718802e-9,5.251519087580994e-8,2.693430565537396e-13
3.619598924871171e-10,1.2037421923523697e-16,1.948220942952256e-13,1.2173083538611713e-5,0.0032401152100780396,5.087568566106102e-17,1.8252592828016905e-19,5.125762296612187e-15,0.008469129678352547,1.786623898576093e-8,0.028409915464914025,1.253684667820083e-11,0.002526983019517258,7.94295367146847e-14,4.432406290428916e-13,2.7099548407397628e-8,0.006398858400907194,0.5591946787882688,4.945186988448269e-22,2.7237154236497443e-15,6.171686731392975e-10,4.375197618588822e-8,0.10770025230702991,4.4286222832030597e-23,2.1768509710698617e-32,7.526423781498663e-33,4.1636325087872995e-14,5.93708007513545e-13,1.1161171243224303e-22,0.03455643473572355,2.186604655075795e-6,0.21577864909482944,4.0819247535889856e-12,5.265144485292989e-10,2.1457226630459097e-8,1.6279345582578256e-12,1.0409950477781987e-7,1.836085988445303e-10,5.362510655918892e-25,1.3583984282341823e-19,2.2147666000305583e-7,2.0784764640609755e-8,0.030429501142602653,2.765995390040351e-17,0.0032806642248039554
0.040012933888816805,4.618209455113811e-11,0.01813552607578941,7.3997356882981706e-9,0.0019545620819414007,0.30684335057558715,0.004171378332740553,0.0008482166221264919,3.3313938249428654e-8,0.05421474457385402,2.113445338803807e-6,0.0017408116226255855,0.45486546029420927,0.004365650039577344,0.0012025157533073145,1.632428170456651e-8,2.098924052157222e-11,7.35411499460011e-6,9.634078348203337e-10,4.812371911755249e-9,5.2196035180509406e-8,0.018749833225401955,2.4098314322566685e-13,4.381478850367701e-25,1.4943997843167338e-47,1.439618916276426e-39,1.520994669648553e-14,0.013077709288742422,1.1017164342667132e-12,0.006497576023066213,5.6028801995954834e-11,3.648429471034501e-5,0.02269643293589468,4.0131243344352785e-6,5.584897676930889e-7,0.016411106358188966,0.017550124880745144,1.1568252926023933e-14,1.891921132772679e-10,1.4584377522732107e-8,0.0009910220040702884,1.8362320588908626e-6,0.015618461591485385,8.033624577840345e-25,9.4222714959229e-8
3.578373278999039e-7,0.00040402826131279504,3.3285768898777817e-9,1.1152640160249725e-6,5.554441087402989e-16,2.695907137623004e-11,0.011054528320680391,2.1466305899616482e-7,3.195094144863696e-16,2.500434264370765e-10,1.044402025325601e-11,9.531283318623035e-5,1.230754916262499e-14,1.139375107830695e-7,1.7105656596095465e-7,0.0005530504397038348,0.06509399175719588,6.752502206699465e-19,0.05563216861050837,4.040828332597347e-9,0.0027593894567058417,5.676519926581547e-5,1.0113966899764392e-20,0.07998040610289181,1.9297722949893965e-7,1.0220497820010799e-10,5.6890664576498745e-8,7.816239828749605e-8,0.6006908568175376,0.005436750032200965,4.6139920743395607e-7,5.802824434421724e-11,2.1021587562466728e-8,4.517972767313129e-9,2.177753476274323e-18,1.3338066637382348e-5,1.6721198114955064e-16,0.0324764296476154,0.12028812236716818,0.025462031140246092,9.416642902626951e-10,6.129277519122226e-20,3.446048510801355e-8,3.5593355740702515e-13,3.7166315009691474e-19
4.186096197118886e-12,1.5264589313417183e-14,1.479807830589132e-15,3.6246712170837308e-6,5.3575520308905986e-17,9.81755333599756e-13,0.4343889268877103,5.524909007860522e-6,2.2038836757041478e-6,3.8925372249313684e-10,2.4111722661810644e-7,2.058701264901324e-12,0.0024466638576879475,5.101604087151565e-16,2.655539741365635e-5,2.9313577338883514e-7,6.7432446723864104e-21,5.968102992296827e-16,0.010693316225485024,8.859202720770172e-5,8.52173290925142e-11,5.826018205013516e-17,1.4259293755026956e-21,8.711940242857695e-13,3.930002974685904e-6,2.2814070726081888e-8,0.5243667303119647,8.490964967174516e-8,1.413137234296474e-10,3.750814156632062e-12,1.0533640186471245e-7,1.1972519303390308e-11,5.292186747714604e-10,2.1224088387873913e-14,5.015337200193293e-17,0.0019599437043386026,1.1278475779284816e-23,2.1465769529753364e-20,0.0002760229171749982,0.0006809695470014898,7.83972901839707e-5,7.229252012540357e-21,1.0954667351485957e-16,0.0249778498849701,1.9989506802099226e-18
6.363615603435839e-13,9.925891599318117e-10,2.066234827879832e-10,0.18602968047823978,0.003342993387620985,4.1287007938736765e-5,1.9667430895177408e-13,0.21024341153282847,5.939779960666679e-15,1.0053440922826169e-9,0.3191030723417549,3.2388396341054857e-9,3.768876253753912e-11,6.494025610492907e-14,0.053183299810798106,0.01344082468610772,4.421571709958795e-14,0.014635369904192777,2.0082624108562728e-17,9.375281930351652e-7,2.9332427294005652e-5,0.009097797158697964,1.3697624434577818e-9,1.8989452354864218e-21,6.769538806875944e-21,4.654143998485896e-22,8.143298949718838e-6,2.9388352648387038e-5,3.3649407319342167e-12,1.3149413080915748e-11,0.0016664914741979743,0.0478784672383438,1.7196273431962208e-8,3.3201187415907973e-6,9.582622573877383e-8,1.746894754420867e-12,1.7187109725577739e-16,3.894147037312041e-8,1.1083278997927662e-10,2.5323030378735915e-15,5.0991684345941935e-5,3.699108825733988e-8,0.13799522294362165,4.826848697743113e-7,0.0032192900046644378
6.897261941780004e-11,0.0026133251271316074,0.17945084024264965,2.1199050670546293e-10,0.0017318850023351569,0.00018983758225656614,2.4636642580520643e-5,1.1371838884026968e-8,0.004570304031203121,0.0426742636315571,4.16960931164102e-14,0.014416420878763145,0.043430041818569555,0.39289421825046106,0.0009138026346160421,1.824003204891236e-8,1.2257226924881963e-11,7.392481237747828e-7,0.003549704976755993,3.421113577627563e-13,6.32084801032687e-11,3.2546126246484335e-10,4.325281746451375e-17,8.026372635421862e-27,3.8236152130193594e-35,3.3958067057716144e-30,1.3230700172004036e-17,1.722193875016228e-5,3.212644722613256e-7,5.088266567692139e-10,2.261568158298433e-12,2.983775193558562e-7,3.5783813128649027e-6,0.025604654070162162,5.267044023659421e-9,0.000344657307944133,1.3726026282474706e-7,3.529585253033772e-15,0.2875682041647582,8.790506741916268e-13,8.71089394529234e-7,6.134887130392507e-16,6.408513290568328e-13,1.0043056066960107e-24,4.619007243674214e-12
7.099415460091412e-22,0.03507824117200802,4.336576938517754e-5,0.0009768680425825335,5.426006913649019e-10,9.824092735458727e-8,0.03771036665577166,1.9915942366097224e-10,1.673906900438939e-9,8.595836976060714e-6,5.535115784921569e-12,6.321531108642247e-7,0.006973557659395678,0.016947034766511892,1.0472749403679354e-12,1.6470378504006241e-9,0.22233073040270798,4.0656603568857927e-16,0.23225377754483947,8.526137133126946e-9,1.8799567143712438e-7,3.782355405156049e-24,3.7346000124753126e-20,0.05445163661057096,1.5666481805325353e-10,3.0750650910295507e-12,9.635515178733839e-12,0.0010826737460795854,0.19894865013209373,9.903621524209899e-17,2.2398852326622167e-10,2.324778947996441e-12,3.668053225834383e-8,2.7256127608796662e-8,3.51909230611492e-26,2.0673980179965668e-7,5.215072873635396e-11,5.425895476174881e-6,0.1927781716104245,0.00040589997814539236,3.8676647759374004e-15,1.0121639624009256e-12,1.8470387661200554e-18,3.8020586234547613e-6,7.955946690664766e-12
7.636716305001912e-7,1.4782175262626271e-15,8.259692825619308e-11,3.1265696514616257e-6,0.030832249718716752,6.958869855826405e-10,2.6514683662628277e-22,2.4663044558960374e-12,3.6119008197707754e-10,3.3836791079685862e-18,0.010102155470504963,2.3772896802793207e-15,7.53046069974357e-7,4.981208605312372e-13,3.241366575055052e-10,3.646191904950308e-13,1.8853880718904962e-20,0.21367714691325113,1.325886265354385e-26,8.474055158961362e-10,5.277187468525504e-17,3.1498709631033883e-6,0.019438733650515978,2.2032488364726337e-42,9.11863305209217e-47,8.596455323261092e-24,2.3728207843299106e-17,8.898385376636977e-18,6.056674825928914e-22,3.004308225250445e-12,1.468029347576137e-10,0.3353065253243673,9.313705980752901e-12,3.58058759190663e-12,2.1134519938905323e-9,1.15497705241145e-20,0.18819356688904293,1.973554687985109e-9,1.2967838214793297e-26,4.063385213856464e-26,2.8590365643120207e-10,0.1398141140656607,0.06124758967334543,4.49167794182086e-17,0.0013801182861185098
0.00785848418395152,7.659478477138984e-6,1.0738712169337358e-8,0.014935764896618025,7.937908616548562e-9,1.0935263604214685e-7,0.004261809328717484,0.004529589761746888,1.5651066514579828e-11,1.7689169925252904e-12,0.0344494914206541,0.19354126399448618,2.3197645700917126e-15,1.907571607868174e-9,0.010283635878196664,0.038434564590846106,1.301457728239827e-19,2.0166492303096628e-16,0.0022001763665818602,0.000858493710858294,0.18853615619485475,2.371046622948868e-9,4.9682179496046456e-17,0.002586144649077288,2.497781317935751e-9,8.617668260341501e-7,0.19408348194360237,0.0028371146904129767,5.934601777225515e-10,0.013066540413164482,0.00026728498616383984,1.5235403769306537e-10,0.018106740942786567,1.2082796942479235e-6,2.65713670658172e-15,1.0577531008504975e-6,4.455775166223961e-20,5.478161950178845e-10,0.002594940244856092,0.017187234412086982,1.3138292235662933e-9,4.5883232331791356e-27,3.131382953390068e-9,0.24937015955031513,6.902250779765688e-17
2.6863682012523707e-10,0.0003193897836104609,0.1686317172936171,9.501860296619425e-12,1.2032205136646996e-5,0.02585149609334947,2.2692957249662814e-6,2.7183647878337435e-5,1.0263034819289362e-6,1.211609155073636e-7,3.234131704930097e-9,5.7702598609323e-10,4.4524495743619037e-8,0.4216251453254918,8.335340671366399e-6,1.2666839097550578e-5,5.655857230494274e-5,0.0005698169794127751,4.907931952891409e-9,2.6207011378418154e-9,1.765540910266557e-12,8.552069191464937e-7,1.8714250984291758e-14,2.0324911867844065e-14,1.1154439187290408e-42,7.796610164192063e-33,2.951604342442102e-19,1.2269445988643654e-6,1.963217794559693e-14,0.0009378209035937135,3.473157921151919e-10,0.007054276519962189,4.182144603861772e-10,0.049582430889423025,2.1486110270275747e-6,1.681006991264909e-5,0.32376300736829283,5.1091733751271614e-8,1.0679464131160618e-6,2.784590144431642e-13,2.3832160230798911e-7,4.610107434966325e-9,0.0013973844780037405,5.429543695882847e-22,0.00012486128765936297
2.267117339763391e-25,0.21739325867912757,0.11104917895125907,3.2968942333891986e-9,2.0438732694134783e-13,0.0009357449148699802,0.3546969584998095,5.5742090531244745e-11,1.1145473045215308e-6,3.917932516402518e-9,4.59842351484303e-13,0.016360395205399666,1.050231784952237e-8,0.04314624955864679,7.226346247908775e-10,3.861221008877555e-9,4.494465102081063e-6,4.8685314819770156e-15,0.003711478797634258,4.574531550143406e-6,1.578714998639276e-5,6.260931794728388e-12,4.3725488613940454e-17,0.012272968807273184,0.000108270710634017,1.092157664063222e-8,1.1383973170888764e-10,8.509595090701303e-6,0.00010762573613013276,3.5954759113223316e-9,2.79267486758825e-13,6.471068861406018e-15,9.71604658944549e-8,6.847142965909879e-9,1.0425008220563238e-10,0.03094767441842388,5.800375765435939e-8,8.91523122703799e-11,0.20640185749817402,0.0028336174561322436,3.416733100771663e-8,3.753377685332093e-19,8.585313697431548e-12,7.101915766203258e-9,4.3553204281753276e-16
0.45390587597185766,7.302501344587753e-7,0.005507186794168722,5.218567340999122e-7,3.238380863942495e-5,0.23700309218446397,1.7773538491767005e-6,0.03673995245106852,2.6410668575490514e-10,5.206310324028885e-10,0.0005799771050194167,4.383307979199826e-5,0.010366152786030437,1.4535161766786934e-6,1.674310700615044e-6,0.06670216216211818,2.1575690504956097e-19,3.119616356046543e-12,0.00885555432209359,2.840090841713675e-10,2.9511828471024647e-6,0.03094257004413478,0.004199379879562214,1.9662692495135217e-18,2.1430104750298253e-15,1.7112424881848544e-22,0.01704551764046707,1.192655584718556e-6,6.843200240830127e-8,0.04838129139237791,0.014203440779376126,0.000653926490952166,1.6887348030034224e-5,1.4974593199449684e-7,0.03484520433440237,0.00013512431838094626,7.209310903212982e-10,3.895167114691786e-12,9.643837530797525e-14,3.103545439909212e-16,0.025954371003027953,4.606155924653029e-9,0.003875589861837503,2.762658907103652e-13,5.350138353122797e-10
1.4041023560775343e-17,1.6911487811105813e-12,1.354703328136926e-16,2.582679639007968e-6,2.3056963925308563e-7,4.374999202407815e-20,5.875491155756615e-13,0.02359612818993284,5.553308637530078e-10,2.6270924189348275e-17,0.4043150567892253,4.784541742094166e-16,0.004864402379949324,7.609806068074628e-24,1.66147852138508e-12,1.102021911516316e-5,6.737029607299936e-18,0.11988802967446967,5.812145508920658e-25,5.467920225094492e-9,2.2190374092115758e-10,1.4884302308522844e-7,1.2769569396412343e-5,5.7636174898337255e-27,7.041675665441688e-24,3.3107142384048666e-26,0.014854371188891173,2.2570539058288314e-12,3.2483072693510486e-20,2.9701404683182013e-9,0.13151904216366397,0.26054111796266605,5.260724077834098e-14,1.7132796446654619e-16,6.656481066179178e-13,5.052380065743263e-22,2.6569433334205694e-10,1.124241357240436e-12,7.592441730478796e-34,6.654285090490647e-25,8.416497451571968e-6,7.0693124384303925e-6,0.04037960446400628,7.436188448883911e-12,2.6264131344433702e-14
0.003994470498267721,0.03356667326859598,2.857092547797027e-9,2.2002659123493367e-15,3.8630094056197614e-16,3.891062920772279e-16,1.965726607724514e-9,8.361089529926974e-13,2.0214045864241386e-12,8.289048219441491e-14,7.949351538478817e-22,9.636790053523497e-10,1.466894618671814e-12,9.64390745929081e-13,3.359013972292794e-7,1.9506947334696245e-15,0.021104977809273933,2.211383665507948e-12,9.4420123316303e-11,0.0035126552049394885,2.7689520114228784e-10,2.3032579759730323e-25,4.331688617324172e-27,0.8986169128639314,3.792992057883064e-5,9.438858566326613e-7,5.97541156281271e-10,3.628123235829971e-11,2.973624498712718e-13,0.0004555671192092546,1.1114182590171312e-10,7.319748363357689e-30,2.302866298091634e-13,2.1163168318954855e-11,9.373208021403762e-22,0.03870950409310493,3.901109949809931e-11,2.251702355931498e-11,2.243397425739413e-8,6.979526757684881e-12,2.772592396749739e-16,1.840732032495324e-24,4.249378908270172e-21,1.8883968614731705e-14,2.869881057686928e-13
1.7110190934625736e-8,3.4578670489227144e-12,3.425100672275047e-9,4.462424811827753e-6,0.007905703436963259,0.018218716175525514,1.0359991569993937e-17,3.4898070163031967e-13,0.0032062324137207914,1.7576055818092533e-6,0.01798569965391507,1.1502019013640743e-19,0.001476880123182355,2.921035686926829e-5,0.0030593758007310267,2.586579017896955e-7,1.0219643083929937e-6,0.057835547103410795,2.284223419503369e-19,2.4863936902641313e-14,1.232033280787463e-21,3.952740896351185e-15,1.5164025615192976e-9,4.931648684415105e-19,7.662886130410615e-36,2.3137880276428448e-38,4.1634855681903646e-21,9.126500462662191e-12,1.0943011250491685e-20,3.2131529072408288e-6,1.2064001894679536e-9,0.0007730704822835746,5.803266803204069e-12,1.6603313447010153e-6,1.1353790131384388e-9,5.594515911246174e-7,0.3536308002194249,7.526769532542276e-20,2.072817362941136e-12,9.213461193328856e-23,2.636946497599642e-13,0.00015144148863688382,4.258989146178086e-7,4.6726564256382724e-27,0.5357139388433998
1.8045080433597185e-19,4.948543883278994e-11,0.00010099287167848193,0.09358034019000944,7.683997424689593e-14,1.3376723153419515e-24,0.027125651900751318,0.04378510614752115,1.0612370420026266e-13,1.4844894827254165e-19,1.2115329456337061e-17,7.61634744146844e-17,9.072062537263201e-5,1.5559441600689246e-13,2.4018348673820366e-15,0.0007070212443158287,2.8111948177399133e-25,1.0172192310474915e-20,0.5852061206764326,0.02512771838751375,0.050215796613881016,5.717885021260591e-20,1.3103054271039219e-9,8.593797222915203e-11,0.012671613038240742,2.659314087519394e-17,0.11333137990069869,0.01027374031336943,5.786713008666193e-15,1.1612665211391796e-23,0.00021009968855844612,0.004995154980138779,1.3460891263968551e-8,4.348205100581095e-12,8.245686714838672e-25,9.38461630567496e-22,3.6443371802681394e-14,1.1629413617324431e-18,2.7251307164513438e-33,5.15867604238745e-19,4.249421322661245e-11,1.9823760120017473e-18,6.7810149045720575e-9,0.021745371995082304,0.010833149691574433
3.373139139241453e-17,2.9139485655544885e-12,2.9840667211856096e-15,0.008408191689790071,3.1101117689577255e-15,3.466855591846197e-17,0.010856628705721063,1.1371355498004502e-9,6.4631332981958735e-15,2.275132102567684e-16,0.7235018159910719,1.1342708573932161e-17,1.8205439072922478e-7,2.290132472083898e-11,0.004681503758841359,2.4564671035994807e-8,1.9166279510407533e-23,1.4836286295740643e-5,1.60457595041673e-10,0.23845321841840264,2.4670704875691802e-9,2.0949213772817152e-12,0.0005707935543245601,5.750570902215079e-23,8.70412562335733e-25,6.954355867111649e-19,1.6224511587829738e-9,1.576224450221143e-6,9.723541412841396e-12,0.004572991185354137,1.4348180974987428e-7,0.000661410289165624,3.193916448892279e-17,3.5165221992347943e-13,1.971944463441598e-19,2.692048611181493e-26,1.3047245686916742e-11,7.702767983067403e-7,1.383839491651681e-19,8.776825455632822e-20,7.945201038180011e-8,9.861955653490781e-11,0.00789415233628644,0.000381676193836391,7.988158929433642e-18
0.015621883990252017,1.5800094397703757e-10,5.1443651985685906e-8,0.006166944837510437,0.11099998057754423,2.645290276374265e-6,0.0011442568165317525,0.1750907464068689,3.47165910980326e-14,7.045453635217623e-12,0.0010021669633379574,3.968130843250543e-8,4.258102662747568e-11,3.665340622871682e-19,1.6953939599863218e-5,0.002944479091516396,1.766235647065628e-16,0.07209982510301023,0.0023557060605664333,2.8657128208372797e-10,0.01448822322371508,1.861297980172865e-5,0.014051395512132565,1.2763685941490348e-6,3.7033267851515204e-15,4.856772461352775e-21,0.07065704207093648,0.0006051740237261487,4.679818623005738e-16,0.04644399169785729,0.3973727235607141,4.74593159350022e-5,0.029816629752014656,4.71263649342693e-9,1.4842267694081503e-14,1.0687190581803682e-11,5.365076678823129e-17,0.007406633064499431,1.1481467362041606e-25,8.493445521777088e-19,8.33913830930019e-9,1.135727083791113e-10,0.03066323878591985,5.178539016944026e-9,0.0009819005933521094
0.04844888702691044,2.9892883977728816e-9,0.02622469624473627,4.660386530184599e-8,0.0007166540414189005,1.6922854093484702e-6,8.930167449905241e-13,2.5317131436514336e-10,3.328846985417799e-5,1.3182204770383684e-5,1.937597167769915e-7,5.578648149470173e-9,0.008602435734878846,9.106072653089744e-7,0.07387331337496776,0.0015288484374190142,1.5107213656127226e-20,3.306388667389216e-11,1.143338175780469e-34,8.093562122520929e-16,1.4304635957179717e-12,0.36759159273609315,0.35164153445122537,1.2134273609508519e-21,2.302937655655662e-43,4.43674544732934e-38,2.4363450909994035e-14,0.00047170920507053695,4.5750570291432656e-17,0.0266769224322772,2.6305098083812597e-9,1.499307717023775e-9,0.02440569888074934,5.473509476114303e-10,0.06708235812031633,1.072515757962175e-9,5.565560103768278e-6,6.4263529491625725e-24,5.244430279385529e-11,1.8269702639151875e-11,0.0018441906471873854,3.626959071463879e-5,0.0007999948738274695,9.508914734074433e-28,3.430379891801988e-11
0.04394844964212863,1.4366611333038193e-12,5.222429001678705e-7,5.1602559185634554e-11,0.0015990743775661372,0.005506398288909105,1.0464287167317297e-26,1.9085412510444485e-13,0.006274117380370446,3.5526598632422587e-6,3.1072693791933323e-12,9.620033392981703e-8,0.005935502105609985,4.765742190640036e-8,0.0006879236521085386,3.2124769130975487e-21,1.0874342644290718e-13,7.759551378557766e-7,8.156547147859602e-29,3.375323991039292e-24,2.3745880947123743e-22,0.006653728671633807,0.619110992524633,0.0013671720957147623,9.139176365642733e-7,3.754818047941959e-14,1.5186756253614966e-19,1.6135387613621986e-14,1.0568219747307966e-10,0.02319115534306093,3.510461461723353e-12,1.486956671697434e-11,0.004383138215454205,3.803734029122056e-9,0.2622895726112997,1.1508125356096136e-9,0.003223045894961441,3.9062758189921345e-26,3.9277634729859535e-7,1.0905206874745413e-22,0.010780191658209499,0.004606388812154026,8.258993179694442e-5,8.838696480648188e-22,0.0003542522496393892
5.85264796022555e-9,4.665442800589177e-22,4.559599893175853e-9,7.702899053260677e-31,8.377438039887919e-40,6.019222471011632e-22,7.696140238877794e-15,5.5612052424305376e-11,8.432400673318863e-39,5.266474989202246e-22,1.1545085083053386e-36,5.691209924567236e-13,1.056369010772895e-41,3.5088316111615256e-16,1.7785084412849653e-17,1.709624887861475e-14,1.6408016964806453e-10,2.764256624637772e-43,2.276762162265026e-9,1.280752562660824e-9,8.752130150752319e-8,3.708851339226221e-39,0.00890919202227206,0.05598102025448463,0.7330293602158819,0.004423758551634343,2.243081953900436e-6,2.1172058804036974e-23,0.0017490510750439749,0.0002893899960311395,8.08779044457766e-23,1.605901739837188e-36,1.1365810919076668e-20,1.8965916865463323e-26,8.885279853644812e-25,0.19561585593484002,2.3724442954116774e-47,2.229058353678936e-8,9.403343019572852e-13,3.571136859952938e-9,1.3309637221667476e-14,1.1065174775460846e-37,1.4549495680645722e-33,1.2938334439846362e-9,1.9389527905629656e-21
0.0055345582682986335,7.315949364777153e-20,2.4101671885834522e-20,1.8328862779883656e-26,4.961489403306372e-36,1.4098876775511056e-34,3.2069164977943544e-8,8.874775462546917e-10,1.4910482876991154e-46,2.3493967320829863e-32,9.24637761506865e-23,4.200573414109461e-15,2.265765394981244e-22,3.0460508765659527e-35,1.1419794870087087e-29,6.763779043229563e-9,1.0057625415885839e-35,6.488168407764159e-25,8.582024972996728e-17,0.012988155472953894,3.5532407764086654e-8,8.088714081963648e-27,0.0006305337928296923,1.2539206948336917e-15,0.3035255115540408,0.6435478820382431,0.016119364821081998,5.349392628921534e-22,5.978600616173053e-18,4.860091671736093e-7,5.409330339738295e-7,2.549303622967574e-23,6.295636830120662e-18,7.42451564084163e-21,2.816018264741069e-14,2.304360738214606e-13,1.6469112337347807e-47,1.6328962751572366e-7,2.8573213024826596e-14,0.0015115014115134778,0.0026341067663969895,5.723907278047886e-47,4.0329356371116243e-26,0.013507120389690852,3.988259383980272e-33
1.1817192016328951e-8,5.335700486188885e-12,9.833769922305609e-12,0.017948308114458154,1.0216059820334464e-26,8.990512874351276e-33,2.1004854895152824e-14,5.170749087492083e-6,2.9073330261880024e-34,1.091163704800169e-34,3.3823594653456424e-11,2.511775052473434e-16,0.002612505614939834,1.5988958134669532e-26,3.0169429996712265e-17,0.008181006499293993,4.936881553433306e-42,0.0411418057316084,3.321868572688777e-19,0.018215422717449272,0.1787021408445109,4.646055387921515e-16,0.005972728675551213,1.1108304126114694e-32,3.4302877977025463e-15,0.14615742936595966,0.008127181427673496,1.2263613639085441e-17,3.977705030222621e-10,0.007566652641342882,0.06465360611486816,0.0037827476941771168,4.331978025549203e-17,6.157060056574469e-18,3.433081324972463e-27,2.9106091082840234e-17,1.1655733609861136e-20,0.47690304923733357,1.305200053535886e-26,2.0336382117217072e-14,5.0820955271632204e-18,6.793373539534403e-30,6.137747947782669e-14,0.020030232307682586,9.983246017241472e-16
0.029150769823316335,2.105453562688356e-12,9.328358515982725e-12,0.06168895364319883,0.00018647660816279707,1.0204389049940428e-11,1.358304884037219e-11,0.00014989957399320873,5.4191299357067545e-11,3.748444330939069e-14,0.09591010131407611,1.4850535940540072e-16,0.00257632476879308,3.044564507441193e-23,2.109889623216228e-6,0.14325646159901018,1.2879089720194343e-31,0.0008140242035215466,2.2968464675677186e-8,6.34018354814174e-9,1.5384764057299615e-11,0.015009752545353847,0.011919733713987102,5.612838337533377e-27,4.638906253215392e-13,1.7562220160115246e-16,7.024011459246125e-6,2.1732811230043557e-12,3.508928066189765e-21,1.078604046611497e-8,0.2820678647465411,0.3309017111479355,2.3152749047353455e-9,1.0741148506763835e-16,2.1003910696764152e-8,5.319256431985792e-7,6.245222438247578e-14,1.6363470359512393e-19,7.594521252567296e-14,1.846216406347727e-12,0.0055952242825862,3.5403767194979105e-9,0.003433202770546377,0.017329766368530664,1.331944308212982e-14
2.04158590676515e-12,2.802668438167696e-7,0.020213288602529685,6.82409737777122e-6,0.004018454594339024,0.0009435151990887131,1.3347780349911223e-5,1.5024964017637217e-5,0.02204219007677731,0.02448814365622624,0.007185660112949085,9.655956894068877e-6,1.0396562587317781e-6,0.0015566914685520826,0.027812594446612847,0.08496185998102682,6.02916605046246e-8,6.07344579925224e-13,0.00025492644080922614,0.2604010189718844,0.10286348300168623,0.07389321861410651,0.012158665906019916,1.2219936909425721e-11,3.2472866548698257e-13,0.005464437785695804,2.6491132173392497e-7,0.06758836099907835,0.004375403640879555,0.03399790189331738,0.00013022516619474225,0.0017560992544693296,0.026174642623627637,2.601387748095685e-6,0.0005612069866033626,0.04191406451421268,0.0011187494183351294,0.0007161829284810118,0.035009610162434236,0.0004613172536206737,0.13755421448828112,9.688802240045634e-12,1.8606477461293864e-5,0.00031616596849878104,2.884614901236497e-11
1.696534148016778e-19,4.851775676793032e-6,1.4585815763376766e-6,0.06567366801176712,1.6508009183830418e-15,2.594864479375562e-12,0.0022493270952535283,0.0947014448103534,7.751775387821828e-24,3.8316041149357325e-7,0.0005154534389636585,0.007653372741966789,8.249089395721455e-7,1.4297607598725534e-8,1.7049707204901124e-8,8.00938748745871e-6,3.6138072102553365e-6,6.450898255929679e-18,1.8703702394138965e-9,2.001809851600851e-8,0.3088955178796372,1.4519587478917714e-14,1.1311019881251503e-22,8.425766778266387e-7,8.092157408350042e-20,8.145789694677917e-13,0.002031755995316113,5.111657574558963e-10,0.45249204152073497,0.021937848895629147,1.7557095351312067e-8,1.7836092146796516e-16,0.0005029243106173884,3.5359817978417184e-14,2.7199348221654744e-15,0.00451235001644674,1.3322827182936535e-27,2.850840148493055e-11,1.7494725582069652e-11,0.011316595892090464,0.027450688099933864,5.421126001143363e-26,1.0903048275853328e-7,4.6846709315485354e-5,1.6131355118819606e-22
0.2024875151424029,0.0021812841925411245,1.7835218004512076e-7,3.0054587052241505e-12,1.935714644571335e-15,0.01113756082057288,0.0019334782671884799,5.536661136329315e-23,3.076066410912499e-13,1.3493224091966286e-15,0.0019018393329712252,3.87386824810309e-10,6.165309050733697e-10,1.8402096751412377e-9,1.3552629657720615e-12,0.0032091856322211116,0.0006942221072853646,0.0001478709273281115,4.642131897760048e-52,5.101586258659783e-19,2.690103733160772e-7,0.00026319669689949546,0.10700403572798839,4.400845395297688e-39,4.6928560971893437e-79,1.069954080816182e-28,4.393067461804557e-11,0.004022318945055379,0.0012014574681786113,0.6278393523216114,0.003458420373772928,8.946480729197817e-10,0.0011068978111536615,1.4348024800133424e-16,0.007215061604483125,0.0008336397806117421,8.917726978539562e-13,0.0007738480157862732,4.0397013933871044e-20,0.0020305682565130855,0.020531847513058664,3.902202625546778e-12,2.5947907520226655e-5,3.300264140895981e-24,1.306767859714077e-13
7.156973490586131e-10,1.110453641957695e-9,2.4832419508847914e-12,0.3948871862573845,2.29947796629057e-6,3.860794641568201e-15,5.213125034388339e-21,0.0011433292927429078,2.754165699622475e-16,1.4239799362193272e-13,0.0026648908105594213,3.423577577116742e-13,3.332002534764103e-6,1.8138965732544147e-19,5.037948165093329e-6,0.033622376924178514,3.4929380988143846e-19,0.18766506136933533,5.246173321178551e-15,1.850568333227457e-10,3.986728855862309e-7,4.1828477525340427e-7,9.942838018196238e-10,1.7237237053922452e-23,1.711877587183331e-32,5.41026181766483e-22,0.017608972675723242,0.007325358538372031,1.609870884707549e-10,0.002700115890684459,1.4228461643052063e-5,0.2537565204973835,3.843652903899464e-11,2.684927824791768e-7,1.0356840306851229e-12,1.0469556490612369e-23,6.407311076295739e-8,0.0006864785379648518,5.177627677432931e-26,2.6950512865165264e-21,2.718924373853638e-5,2.8566835118683386e-11,2.5018686203174042e-6,7.729056202764903e-10,0.09788396666904833
1.350124728422149e-10,3.325798632405606e-17,3.7626480505719404e-16,1.0480600798857242e-11,0.07147180955315799,1.9151872133917185e-12,3.4373165631824974e-24,6.941682855922438e-20,1.8122144102753453e-5,7.574726329494303e-17,4.828599848343301e-5,1.7229060439652e-17,0.014605855388967495,1.0466010148415295e-17,1.1380194866415712e-13,4.1412583290281175e-12,3.563248922132773e-20,0.22348227000291498,9.064843626112834e-35,3.347536967571018e-12,1.39147802870912e-16,1.0550166477692559e-7,0.0032764268587124014,2.4174330470812394e-44,6.576434174031365e-62,8.728230388893525e-48,2.0293989779193266e-20,3.95551379168534e-11,2.6829326164494265e-23,0.004646303172966028,2.2506302250905773e-12,0.00034492089491834475,1.2395773780796283e-12,1.1523278550200638e-8,1.5953295192279107e-9,8.531533282675437e-33,4.011898063209404e-5,5.278269200941203e-26,8.595699608541707e-16,3.356131628300088e-17,9.632884287917231e-8,0.6817279544889042,0.0003376835237367939,6.053568596646229e-21,3.384533011297626e-8
0.007354692104306873,0.00012324155346535025,0.10822275084810688,5.881126961294815e-6,0.050729310880405505,2.8299603146450576e-7,2.5223733836623393e-7,0.37757329612344787,2.646242608461987e-14,0.0007565220853607028,2.329895510893858e-8,0.084788387761422,0.0004655123493846076,7.929493406380954e-10,0.0046601319379722134,0.00025346767237634146,5.050099204982377e-13,2.425944706307501e-8,1.93151031872225e-16,0.020393600619092452,4.4604112284229917e-5,3.9339256116040033e-7,4.087333670584834e-6,8.350148628232282e-12,3.8943233847461413e-14,9.497754356846848e-23,0.0018300806928253643,0.21042009041712803,0.004297470715207427,0.1100828917234215,6.50898991419919e-7,3.452664189859712e-9,0.0016625580462420314,6.384715046224853e-10,4.2031300700922026e-5,8.501873379360571e-12,0.01111999261912164,1.4778932336548356e-8,2.8635866069462382e-9,1.1810592107986402e-9,0.005151984341333773,6.192720149380277e-14,1.1118350465340707e-5,4.644475491258361e-6,1.333357200643076e-12
3.825671278038999e-24,0.004903384729725553,0.14075284335165264,0.00010081086392332609,0.04186701447301205,2.5431213479363386e-5,8.536679473985627e-7,0.00021394333159540009,0.06535279029449576,0.1786627158169465,7.775857092573725e-12,1.8235771896003093e-8,3.888476681955512e-6,0.12363258517372776,0.0012452314239932173,1.7383349284923732e-13,0.2851028548423808,2.5744249161372093e-13,6.062545963009119e-13,7.460905570915001e-7,1.755072242575441e-6,1.45057610978985e-11,8.061806569428311e-25,2.070062508214306e-8,1.0019333749368523e-9,3.354616975507547e-21,1.7173499674092442e-12,0.06211411554785086,1.4475271546682906e-10,2.931504457552929e-14,1.0122542913870574e-13,1.484465216611673e-9,0.0017268787402201934,0.07376440282797156,4.177962661957033e-14,5.1230338588240496e-5,0.02046314798352694,4.699421198583312e-10,5.420647885037511e-7,1.5635722156746835e-11,1.2717929778485022e-5,3.5335305500000958e-15,2.3830573285687848e-8,7.416703158075793e-21,4.9836002031923796e-8
4.621999323784048e-8,0.0022259574126407312,0.1506771052005615,6.332659006412224e-14,0.027864179469871634,1.6545922588566895e-5,3.48060920754771e-14,4.48717489422145e-12,1.6745685657148045e-7,0.006117203642385879,4.9376003107433586e-11,0.021526983194339742,7.277783627960458e-7,0.03044455602823261,0.0022660393635312586,5.210328550034878e-11,0.0030370952098163293,1.2478122366433911e-9,1.938637230720789e-13,6.997838513229698e-15,2.082783920506657e-9,0.16246546688649896,5.103901217775312e-7,7.501449894086135e-22,4.497118888647122e-33,3.040704064992119e-38,3.0727963945856695e-14,1.1615956686280378e-9,0.0012300273202045936,0.009953694809520847,3.8625304985734967e-14,3.7647740726265323e-7,0.0001208335397230537,3.887984017362445e-5,0.01090975309973234,3.282132545299976e-5,0.0010970326587463508,1.349089102241223e-27,3.546599150419146e-9,1.0439128722938115e-18,0.5062332534026793,5.976182498197829e-7,0.06373996865950811,4.560486947877574e-26,1.6892767421025997e-7
2.7103568529163285e-7,0.011390003340412728,5.4588122407074523e-17,4.364400509143956e-22,9.228565062173786e-24,8.42716108161782e-23,2.3737310846218405e-8,3.983469829051249e-11,5.333185857157023e-35,2.366878776856868e-20,3.0396279720034598e-30,0.012359567746927876,1.263107737981996e-9,1.099197525431248e-23,3.0034577312231676e-11,1.3480105013723884e-10,7.277435357915508e-10,5.46794440103539e-12,0.004664093724096861,3.099178075400155e-15,5.934753175673534e-9,0.005696127633532877,6.82395425222212e-18,0.1629357646045222,0.19920343164681592,0.5108875342862771,1.3724473946657881e-5,1.4157227788395237e-16,1.879933325447774e-18,1.0384083537848807e-16,0.01192722752395172,3.191548266315351e-30,5.9449840041449155e-22,5.9137822544317835e-18,2.3846366613562378e-31,0.07727063857173726,1.13446656126621e-30,0.0036515835389927705,2.5065914611028208e-18,6.720063342320787e-23,1.0919669291321074e-24,4.688671789700239e-34,6.405951834770753e-22,4.2082639399510465e-14,2.0030822001026034e-15
2.7992425511793826e-17,0.08508284930620108,0.030548214359726895,7.284276645746554e-8,0.06883401784195634,0.054527863502257766,1.0296159212349755e-9,0.0055829699924024815,0.22434751180510787,0.021439436007620518,0.017149326431341375,0.005458556573159008,0.02848985469824668,0.39454994987023156,0.00812499406999654,2.7492097786994424e-5,0.007061740276416563,4.028773532292888e-7,1.7306360194235919e-18,5.156933241134334e-8,1.4261660616028644e-8,1.1465995652611897e-9,5.529973783235514e-12,7.370551066059576e-23,6.250752027389602e-25,2.522441013813222e-39,2.1920549658995198e-11,0.03211720433879725,1.633371438067806e-10,4.879020137590332e-21,0.0029508587254260406,7.757851713678613e-5,0.0032842200905309113,2.226217673042506e-5,2.3349779728251204e-8,8.77471564347672e-16,0.0002004362334701319,1.2586569343833556e-9,0.00019858035669416337,0.0018382640650420352,2.768606986209493e-7,0.002100974263028557,1.1881926279634477e-5,1.4282085065015566e-8,0.005972102805075356
0.007619539524130402,9.578889057831866e-9,9.838643224798796e-17,1.1551668838970348e-5,6.500116885268084e-10,1.7791938550658937e-9,5.649607292770299e-35,1.0725442681032176e-5,3.396450363831513e-20,2.232503339352737e-7,5.686387539673143e-12,4.681593189760244e-20,1.6415750204880474e-10,4.689987421536424e-23,4.220802638492798e-6,6.762033750290023e-12,0.09489479283362365,2.901357433923949e-6,9.605823223987193e-18,8.885501302044614e-22,7.58343249739359e-17,2.8278339180086134e-16,1.1847775929178501e-18,1.9400492590456757e-9,8.917027871920372e-14,6.790471201457673e-10,1.2424882253917732e-18,1.962497329411994e-12,1.8468148389717828e-26,8.215690766689899e-14,1.8854407731154028e-10,9.805480751610652e-11,7.20480063441314e-15,0.004448006362927963,3.256120577731148e-17,0.06497923865455255,7.47604221403528e-23,0.6640014771234669,7.754889507239866e-27,6.431942371111251e-28,2.2749173877448913e-14,9.472404007438904e-21,0.0014955356715411297,6.311764279837463e-20,0.1625317722152708
5.7792788400613826e-15,0.011955529355930255,8.179614535651502e-5,1.357017546134881e-6,4.989585848342041e-20,1.4355769437828666e-7,0.009918476457258775,3.6739376604636035e-9,5.928192228132088e-19,0.0001364233601776022,1.7532003110203005e-20,0.00262163813271239,7.360052159123508e-18,5.900208166595753e-8,3.8660833712450915e-12,2.1210907088154477e-7,6.814161881065178e-20,2.162161530490462e-28,0.0016367451501920307,1.1707727495453893e-5,9.987670587954582e-7,1.0229303331968058e-24,1.7572511357087605e-29,1.3301447984096198e-11,5.776319043259288e-14,2.8917789814412443e-16,5.0700481110656775e-6,0.006689636956399248,0.00029066475948220157,1.5850351897027224e-18,8.357946574857739e-14,5.56143954683369e-29,4.237748360509392e-9,3.4047297234367206e-8,1.487142380756809e-18,0.00013255747008031275,2.093470133807541e-25,1.196697350671705e-14,0.026885393918861324,0.9383570632886421,5.540709072793872e-10,5.206679376264175e-32,5.53331909121512e-23,0.0012744842452355623,2.320046190613472e-13
6.762838682960493e-9,8.753300552170385e-14,1.785337477759422e-10,8.027005180126536e-5,1.9779703382396557e-15,6.622262536814587e-17,0.0012974864977999307,2.4340636865619554e-6,4.705209145068985e-23,1.43948954747734e-10,9.751923691113113e-9,3.391764869887905e-7,4.1501374253167525e-18,9.305311550276702e-20,0.006295715637037442,4.480913206752164e-5,4.421681062047213e-27,1.7599472379026453e-15,0.00010350070386536864,7.29859584866934e-5,1.0679860292924378e-9,1.965936941683898e-19,9.043999946811976e-25,3.195197510102731e-13,4.356474148466991e-5,8.306092374985512e-7,0.025802751527914544,2.4896401168277592e-12,3.6198586350450194e-13,4.6716659243249305e-28,1.780805936465686e-7,2.35375520649944e-12,3.9021299621908365e-9,1.082536081328719e-15,5.09005036237829e-24,5.415896157615997e-12,1.3973734774626976e-26,7.563959027683335e-17,4.86970175255487e-7,0.20568211434958886,2.532146207707586e-10,4.228517128984277e-25,6.8413004676580426e-9,0.7605725035868643,5.99129092068261e-18
1.2825200448885307e-5,0.004535049460002861,0.00048394261339235526,1.2528649068326619e-9,4.995961848290313e-6,8.695445833939129e-7,7.552515950418e-9,2.8895754854791116e-6,3.350722294396071e-13,2.994101293110707e-12,1.465758456591115e-10,2.262809374386509e-6,7.468608926679115e-7,6.134253838270476e-9,0.0003127677476719225,0.00017194652895035197,5.502616549647176e-16,9.20572424777632e-15,1.2661170982258836e-17,1.1779186990516855e-8,0.00035971604639015024,0.1558768177551558,0.014152690341214098,4.341345737046965e-22,7.367781669532457e-38,2.2190614355792728e-39,1.9602521464565805e-16,4.1890635764333804e-6,3.293309478169987e-13,0.03246068215842845,2.9070275399193177e-12,4.734107388662713e-9,0.1312008298134069,5.510307819614626e-13,0.00012081371176226601,2.628537886285903e-15,0.0002578921744341134,2.965813958609831e-24,3.61818578374939e-22,3.557150049422628e-18,0.3533240265601496,6.009165853715087e-9,0.3067140084569606,2.1282426324211336e-20,7.122609774169762e-14
0.006249789540535899,4.858256079836993e-15,2.3968108071217625e-8,2.201330575317591e-14,0.10002651857286991,0.10634196244714773,9.044396063366169e-20,1.8468905518850822e-25,0.5259857230939337,6.630171754167822e-10,1.2781980608174142e-11,3.4140976066763905e-11,0.010455392337034566,0.015964255906478226,0.003565274263435726,1.6097439867940813e-26,1.3297170359446241e-17,1.833559169369497e-6,1.8146466048912986e-38,2.5340002165973356e-36,1.7993295851900888e-26,1.3551235067110208e-5,0.0002128307619702967,6.471137309962222e-26,8.042512124944097e-60,1.721657702203522e-55,1.6513696485540212e-40,2.2819827687458542e-11,1.097223598187795e-23,0.01860521172217225,7.336388560519373e-18,1.3807343281667013e-7,3.0958258566305807e-10,3.956031006778273e-6,0.007807048941054884,3.050379424619133e-13,0.009187683676593993,1.1238496023122778e-27,1.26805343480708e-15,3.2496198703310617e-26,6.418734208282855e-12,0.19557561438996912,2.9416056011906833e-8,5.273002378686248e-38,3.1610148692778123e-6
0.001499899816806053,6.3656661241637394e-12,6.2937770519026556e-6,2.80988589915181e-7,0.004334360416349759,9.986747902594404e-6,6.72407335757719e-9,4.493055531740471e-10,5.155470344372781e-8,1.8933228468896848e-16,0.023431910486052476,1.461807756946148e-6,0.0019033694872180654,3.2789768265526884e-7,6.744408434393012e-8,0.0045319173625487635,4.0588459218739826e-22,0.00011643270001506635,8.15800459001699e-35,6.752806303264765e-15,5.412151077702321e-14,0.04038959382749041,0.5408501939694575,9.03940497629059e-19,7.589108461196285e-55,9.06914246146152e-44,3.2247471045096356e-16,2.479492902402394e-10,7.719731680025654e-22,0.06591788566808682,2.4537173489603542e-14,2.985795303639238e-8,4.1912457445833504e-6,1.0011086880471188e-11,0.11248602749963696,1.1159329197889634e-15,0.04189018148053421,3.630012058684491e-26,1.4815888309840618e-18,1.3382823111882651e-17,1.8023168880368872e-6,0.031224731045790644,0.13139899515197054,6.282782358384708e-27,1.189306976649584e-11
0.004338387596491787,7.45352588717243e-23,5.2473232744143896e-23,0.0017965239353766008,9.123955281572226e-22,8.52692116601911e-31,3.4307843005010754e-8,8.120957384904916e-7,5.733809557255358e-20,2.9424671786988067e-25,0.06759264998088334,6.676866425235754e-11,1.445478665237041e-21,1.7600448604978846e-25,6.353153654832158e-12,0.5177391647158183,4.123133515330823e-43,4.648201348425759e-18,0.004301710700575869,0.17480465629452532,3.150093949977849e-7,7.383607416628129e-15,3.4277814876398893e-22,8.061332759603529e-11,2.261651267907733e-5,0.009814326972233507,0.08438811019849407,1.2060025292109928e-14,1.2941599268137524e-23,8.292628966270806e-19,7.265138401647642e-6,0.06673989036372346,2.267044702434351e-13,1.295343245182038e-24,1.439144310649216e-21,1.80044666864416e-20,1.7304268291993818e-28,3.501085272690753e-18,2.4175516617458212e-20,1.4190815299629665e-9,1.9187405253055793e-12,1.453848234353903e-14,0.004823479313000809,0.06363005528982348,9.45143883861207e-22
3.693857709872029e-19,1.1335733307528478e-7,4.535318418144473e-8,3.9245092175694604e-9,2.1267110670895614e-6,3.088049146467571e-6,0.007385202178137026,3.1418138906204354e-11,0.00020268982757068468,0.23411240251665894,1.3637246734117264e-8,1.7461569211551342e-9,0.0008778920130500851,9.00008070741478e-5,6.529002465913083e-13,9.045953729344886e-11,0.15304793053079205,0.0019034031079930792,7.204037812405437e-11,6.1242728520219595e-9,1.3196684355228125e-11,1.9339818739587448e-17,2.546612060399956e-14,4.3846290260807823e-16,9.242365938690428e-26,5.27031588227814e-21,2.9577934635721416e-12,4.9054730118002805e-11,1.477786086534223e-9,7.202831992015437e-7,2.6285908909419395e-10,2.5502023576625246e-8,2.3077062891027492e-9,0.5907640348478257,3.306945104504802e-16,8.163803047889008e-10,3.4068279378726484e-7,1.6256159908251566e-8,0.01155962750350897,4.376879625462919e-5,9.407156578607457e-14,1.311348184855268e-9,3.5566037618777186e-10,1.5022286656480887e-15,6.539452399306367e-6
45,200
0.0,2.5577747e-316,5.920676487089484e-138,5.77472574857691e-254,5.95201591751617e-24,2.769187346890154e-95,0.000626378791227105,8.173888048979115e-35,1.7439086935094413e-223,2.311185624567794e-46,4.7410805361308915e-173,7.567850676003853e-135,6.559839096436716e-91,2.7142201344026237e-107,2.8108192272418216e-77,0.0007568677914940443,3.531321276040147e-89,6.565300103746853e-56,3.3853630284553696e-25,7.163957146077182e-144,6.844976395868288e-186,3.441508891481654e-130,4.522463117192029e-177,0.0006243317373526113,4.2142693038747325e-45,4.451600443484544e-120,1.4591947325708186e-147,1.984406075264904e-68,2.008387840900942e-116,8.616179667292722e-41,2.892311952414947e-42,3.2813441108155575e-90,9.780054414050757e-36,0.0006653585373385544,1.7380785549401934e-109,0.002516070826105312,0.0005041916692577355,6.972161176365622e-36,1.493500378917407e-44,4.4260124616439844e-72,5.738034958026817e-60,1.3904874970862427e-87,1.4545873400388776e-57,0.0007246806759478797,6.301561808740055e-71,4.94652693583759e-83,4.671341200427542e-31,0.0006038265943362428,2.8161737143788036e-32,9.163618519639133e-85,9.233869455198725e-7,0.0012416379016080106,0.0006094226976353761,8.031282836478648e-72,6.473024685679093e-19,2.4270549666204282e-82,0.0008301720539859862,1.9626819735176863e-25,0.0006050593620873036,0.0003080704466109535,7.611147520212945e-62,6.203653821618526e-47,5.2005666195725444e-54,5.627463411444018e-13,2.1404616316507063e-124,3.5038229949558396e-80,1.1507095579810937e-20,9.77853478981063e-31,0.0019536490324983803,6.6956175218732095e-62,1.1005324816410207e-8,0.0014967701047058763,0.0008048312130366947,1.155281956745952e-84,2.1886315215694553e-72,0.0018959490264796792,5.739308058868925e-28,5.5068409624950134e-42,1.0628727072890511e-43,4.4648161046865626e-35,3.616072942762084e-50,0.0006396469424136362,6.135249965681922e-28,5.7419168846887106e-18,2.869801518663859e-57,6.088653332344875e-62,2.0561558623701484e-80,0.0010175746159077996,6.802955299331264e-8,8.809714785724576e-11,2.2941345202014304e-24,0.0006771457360015302,3.275252456432673e-75,3.362162128699744e-40,1.1986294320590824e-15,8.205744099535306e-76,0.0013972808990977761,1.5442876871764312e-14,2.872853455444259e-16,1.3476813067724195e-9,7.75114285873167e-72,7.000053024335224e-36,0.000585349595096826,8.213095266587476e-48,4.5799032527252576e-33,1.6464664334176666e-43,0.0023128326948957546,5.356886968799e-44,7.612065324179132e-48,1.40024726270328e-31,6.304177104278304e-46,0.0012865679641579765,1.5290850819304559e-22,0.002008492675148872,5.473534098845712e-19,0.0024813182966210265,4.8846085299190074e-36,6.805345514869642e-24,4.001735837579366e-18,2.7907138872359804e-7,9.47342480588825e-33,2.6605541605247768e-24,0.0015260808931372933,9.407938777703356e-10,0.0006813354288873735,2.3655791192804557e-9,6.472029965306952e-7,0.0003047623431447936,5.024000804326608e-21,0.002550116772948059,7.7764397729929535e-31,2.8265786664462685e-10,0.003601269175566074,2.7100831937409675e-16,0.0003070593770587062,0.004401430592226085,0.0025361520561282915,5.147407510295404e-36,0.0024379418018520625,0.0013411371918814617,1.338286608771183e-19,0.0027322891874956615,0.004407133543139338,4.899641972267819e-16,5.309641509755126e-36,0.0027128795229588013,0.002569887476419649,0.0013532827265460633,6.3073851910734924e-12,0.0012167938341666755,0.003769258997957973,8.118380272026319e-16,0.001122408733368122,1.5335921897868768e-25,1.1273254994704854e-9,0.0024095232773195937,1.3933899261135958e-7,0.0007796788352548447,0.0032947261166736508,0.002246307572512056,0.0005357189180112858,0.00014819657561067765,5.197106779157279e-5,1.997089247460773e-12,0.0016311289161717141,0.0007421423528600953,0.001019283887303164,0.0007716673425545189,2.620031238183547e-13,0.0003454737305644611,0.005054737954402776,1.5705413921183486e-12,0.0005082190117274522,0.010207839343080428,0.010230432702241176,0.009074937892301767,0.016573655631262087,0.008442288115601094,0.010246879133733395,0.022682223488665824,0.025917030580750688,0.05669551513386554,0.046507462920758455,0.07063206408780248,0.08080460845649012,0.11126539930435073,0.08522884315558486,0.07047242488238725,0.027752986634226477,0.058550223969615005,0.055652054590573534,0.054481372420837434,0.04134705492765562,0.02234498307099937,0.006932001429745012,7.31190965448773e-14,8.203101192038196e-10,0.0012468801260499224,0.008425277912909167,1.1975385669484502e-8
9.826798222849091e-232,5.0691485321757464e-176,4.682379197714052e-63,0.0028107509285076313,1.7413859091332353e-65,1.2828570893535154e-64,2.171395220715385e-76,1.8149626297339625e-63,1.0289868371622197e-78,5.206810397325723e-45,2.6961235077449715e-58,3.2105648344958786e-50,1.1300729685668966e-52,1.4082616497511108e-17,2.8207441786263175e-27,1.4006964436245779e-11,9.139215798071718e-31,5.883522554580689e-41,1.6622736911925348e-55,3.591016536839517e-35,1.9086837548615608e-61,6.527940369159245e-14,1.0191836134290739e-13,2.6577033137180657e-31,1.982380939365462e-45,1.1746106434652272e-20,9.143867043506798e-34,2.6106627830940514e-32,0.0035666572095096236,6.805117344303578e-11,8.832274276438307e-19,0.00858919424634019,8.187191917091437e-14,0.024613038946504417,0.0018370939456823722,1.401052215719511e-11,0.007598543248846667,1.7243996934499638e-7,4.2349950776479314e-10,0.00512558182767217,0.020407697182156546,3.5058356843186913e-11,0.007372641638740353,0.026858632780844098,2.7652810836175e-5,0.02267844508652659,0.006603491789102261,0.05182845763848002,0.01454614465630139,7.970029122908277e-7,0.002033867048385397,0.021185589262197456,0.013887284351894891,3.161565087230204e-6,0.02818393166325299,0.037547620688180815,0.0017199079768633707,0.018888106094957967,0.02325417001490298,0.01123328568716598,0.014305535430454309,3.0222943271147117e-6,0.03411948129591733,0.009268904534831932,0.014994488335603353,0.0003543020483266092,1.2457169024682204e-15,0.007711963345054789,4.5139182224056085e-5,2.8786363256881998e-11,6.04072281410007e-6,2.8719732304008686e-14,1.6246114538043813e-10,4.0631040956520766e-7,0.015241631887628133,0.0018361355324761975,1.9987668186284973e-10,0.0001012001799364006,0.04844512506821324,0.04820470824041446,0.01725515028464674,6.18493374967972e-5,0.02466054790927604,0.03305817883816895,3.4083657874174744e-8,0.013807239909776333,0.007703323110002374,1.7860349644366472e-9,6.472354261772814e-10,0.05652999492732083,0.0031803883751487785,3.554137602620936e-10,0.0011480176917978886,0.03832368479460796,0.03114102849066265,1.2366380657825279e-6,7.381823122453394e-11,0.010397718222676362,5.2059467477103255e-12,0.003937989275908865,7.55952209884394e-5,0.007621618108118225,0.02314977324821407,1.4218881624705564e-6,1.9358508362089148e-8,8.289213937786553e-9,9.285164815320949e-6,1.5526127332153753e-8,1.838683650465974e-17,7.00936828590449e-9,9.29796975498714e-6,4.7224692282023505e-20,1.0886747525562056e-13,4.178097856435886e-5,1.8475732145557385e-13,0.004681771040820278,1.0170525742946999e-8,0.0383313673400844,1.4737616609378714e-10,1.5303034772330228e-10,0.022723719023486598,0.0018171468280751865,0.0038509979094719215,1.5340341639780317e-8,0.005309468064751242,0.023661595539974448,0.006078161080300259,1.0941150211361772e-10,0.02484261086242234,2.0119867586081002e-5,1.0711419174662497e-12,0.0056518722806169095,1.8997345534395e-14,6.44538230204773e-14,0.006628867109764309,3.973004041982948e-14,1.4862858775211783e-6,4.7596185110126774e-15,1.3280468763854586e-21,0.00025466364770380343,4.087994793971264e-15,7.31441083717757e-16,6.325971211975625e-13,1.9900578423464998e-18,1.6066138583921023e-19,2.867697123049628e-8,1.1840433252781005e-23,2.088898368384482e-19,1.8253705610606688e-19,4.086512612271297e-26,1.898825939344751e-13,3.9948482305334224e-11,1.3938841597757968e-15,2.9240260284637142e-25,9.271253534389271e-45,3.320794727108399e-28,6.571084079526086e-35,0.0038479893622674808,3.011459043077331e-35,1.2040548047132891e-12,3.430328986037363e-42,1.1539830489724833e-42,1.8868637670053537e-39,2.364633517387004e-36,7.34492426018557e-29,2.552684812509956e-40,2.3268915556022123e-52,7.886959280151862e-49,2.2331885959994245e-53,0.004461194365249098,1.2026588251024673e-47,5.746739310492032e-46,3.337961707276809e-70,8.627998697283801e-74,5.071845803329996e-75,2.3089138720153464e-51,8.79384923937871e-83,8.46178760664506e-78,1.0029237204812963e-56,8.991398809707291e-82,0.00308392942536522,3.0995168127822282e-93,4.0497984504722356e-79,9.547159709242451e-58,6.435185985212527e-128,3.207495684849751e-60,4.36338999674399e-31,3.9756873776514e-12,8.015148956862704e-32,1.7437291482990263e-34,1.3319801420229858e-19,0.002759609758406822,0.012838164957428878,1.973689894222837e-20,3.9709031168893277e-72,1.4960259500600269e-102,1.1434482151230705e-146,1.1999507352684607e-105,7.18848509812557e-54,2.776940215213289e-130
8.141653554069399e-240,2.322759291256826e-194,4.519969785407041e-155,1.0823127639443912e-72,2.663089127586913e-59,3.764135181268045e-64,4.9007393383665e-78,1.4481824432084214e-70,1.6265157315539417e-67,5.495867807828661e-32,1.3166483506153283e-49,5.765821845558854e-28,3.806110201014856e-55,7.460210264087949e-34,1.4803295137446466e-34,3.618939568160861e-48,3.6865933598354975e-38,2.3544644144642857e-59,4.532664990623792e-59,5.064220899418237e-62,7.903624664562706e-64,5.583901031690916e-22,1.5278733459816513e-22,2.4438112259821075e-30,3.014816565967018e-38,9.34796429560231e-16,3.590288892826183e-32,8.11257858247342e-33,1.5955542628494304e-19,3.720203606589201e-19,2.667610462352786e-19,3.8384177996278023e-16,0.0004305547391300306,0.004112448097798479,9.9294890206361e-10,2.3566753778435566e-10,5.383146491320465e-11,1.047139084389308e-7,3.597624019671319e-7,0.0011491373196320918,3.1757406878208176e-12,0.0021415118068118647,1.4044184198742845e-5,0.00032463524191318034,1.479065095864814e-8,0.01782867238876246,1.2636041087985119e-6,0.023013671499169493,0.009900346112523398,0.00012652004262247708,0.012390745027176485,0.023176920462415578,0.012347052406892448,0.01738645319311909,0.010272758850784533,7.097917494543269e-6,0.01841738485845845,8.153361178953569e-5,0.0024726382679739305,0.03179320311085222,0.012855014461869624,0.012120511925427057,0.010109174500775678,0.02074872248142123,0.003506165354472441,0.01746916663152624,0.03088260671080495,0.01206377464524775,9.062484667718009e-9,0.012248450062825694,0.017366722374052346,0.031678646837408835,9.47616590901381e-15,0.03705717365590727,0.03397179080920795,0.010828191461359807,0.02655450032505081,0.02447936662018165,0.035350844285945905,0.011851079077170128,0.00010655735704856436,0.018939010802874818,0.016960737066888255,0.028705674519431006,0.03887991271355857,0.007675054023921393,0.030791966316854318,2.9755108655450108e-8,0.007977551234833848,0.011042479253954303,0.0032982727649008663,1.848505194604346e-11,0.01105129640843462,3.4846811398335203e-10,8.232348212401004e-7,0.02199118831124544,0.009672748611904184,1.8368553548205782e-6,1.0295610286198288e-9,8.756153760522776e-6,0.007017895650071474,0.011097872933231452,0.015782395626130083,0.02194735481418614,0.026430146771633193,0.029680818496793878,0.006613126730056317,0.0072203020597561805,0.0014908475105216393,1.7651352476353067e-7,0.00708252348997018,0.0008531828831251861,0.02174034397066179,0.016145137892424305,0.000734772958332453,0.0026895039802191413,3.497167904923422e-12,2.011608333462081e-7,2.9492265478023965e-9,2.2557542550628632e-7,1.7388407955266718e-7,0.009846486221707949,1.7656449355560242e-10,0.013157506093285119,0.00022658180567174558,0.004574280112441629,1.968054421778302e-14,0.0029996972185568826,2.6652367761886e-7,0.012420975468251223,0.00025998456120050116,9.618809419913363e-6,1.656446981090699e-7,3.145579778201144e-17,0.0008931588349098671,0.010287064795161466,5.54220627389164e-21,1.748549175965364e-11,1.04985453546583e-11,2.424522772339244e-5,0.004971891456725813,6.974045446439244e-15,0.001690807398872539,0.004515002135018551,7.266633450422614e-24,3.604510268244267e-11,2.711182322511247e-21,1.3702450082107627e-11,2.596734406714329e-32,5.422930953107075e-14,0.0007599252299621883,2.4299369787334648e-20,2.209931707788523e-24,4.0930100129108147e-14,1.2709928523886723e-42,3.179182113503534e-16,3.5437221820205077e-32,8.741559132164353e-43,5.639128538083719e-17,5.130729861460531e-15,6.346585522395324e-37,3.0808085306444178e-43,2.0938267576969314e-40,1.4326135510543182e-37,1.2827173042571819e-44,6.239838121895265e-26,2.362930951216334e-47,7.8994295649193e-47,5.5005045034556854e-46,1.0539731066687937e-29,8.322882384179334e-38,3.6044097451527426e-18,8.167125256927746e-71,1.7409704376653354e-87,1.9262110453499688e-55,3.5344086120102376e-42,3.069936566528004e-67,3.0136489198773223e-48,6.746047840217915e-41,6.265969012775715e-98,0.0012004549938185094,1.495212949202724e-80,1.0255751497403773e-51,1.0561089432788348e-47,2.1475590310938984e-118,9.788617977511529e-63,3.4579316413754377e-34,2.6328469453272805e-25,6.848539414799578e-21,1.1256361824629209e-35,4.713943031958261e-54,1.710689300855893e-33,2.8922126608840216e-45,5.496541279975085e-39,1.3083320471318377e-50,2.3676404107004833e-73,1.1768320505890126e-128,6.627450465321476e-119,5.606129894514549e-37,2.3829940531306493e-89
3.069979620655638e-259,1.709435380454025e-222,5.591811977132202e-82,9.413320729212149e-106,2.9363983468752117e-109,3.894593666790934e-102,2.539511487830003e-120,1.1319754793157298e-72,2.257550169299763e-71,1.33996109471575e-43,1.5582478243911551e-94,8.197842857355518e-30,4.973836827465815e-5,2.7069289555430566e-19,5.081897447577163e-71,1.5551423454018436e-27,1.2142045150079444e-38,1.140137255371255e-54,5.518532577231992e-34,1.0816692639053926e-51,6.136196072411958e-77,3.180531721492209e-53,7.118307220519845e-61,8.355959998319289e-84,4.9677681716734875e-60,5.7417016071562825e-37,3.4590836245817137e-43,1.7906757913535215e-25,1.492134905471488e-19,2.707437912413795e-34,7.249613814352158e-35,1.6174047597279554e-39,2.1305771207733516e-22,5.472321742422261e-25,9.763671680009042e-25,6.764910889301947e-32,1.0987398221836308e-27,1.5674114795049047e-18,1.151117791480153e-12,5.462472365352562e-16,9.351559565263138e-8,1.3051790507229075e-6,2.8138642164046833e-13,6.625740681862135e-14,8.155634817626046e-25,7.463560049768864e-32,9.548385383269704e-9,3.7928019764363896e-6,5.957091918964329e-11,6.652539905738485e-21,2.8612080511454173e-9,2.965251509483118e-5,1.4678580476594326e-6,8.14863729448655e-6,1.0036359946998901e-16,1.7339810128988862e-13,8.617088647655733e-13,0.01704476160300367,1.1266396183178802e-11,0.000494533977702458,2.7909805627414994e-19,2.9070964254958693e-12,0.009722492057429425,4.9129732957519864e-14,0.013269895929070949,7.600296172144629e-5,1.2509453865374055e-19,0.0004503710839506273,8.729810225384501e-19,0.0015041447205558175,2.811121481381686e-16,0.019995545258334364,0.013602725381578005,1.1168589848275798e-16,1.1929416039149203e-17,0.013067486188770116,0.010808030922999376,1.0515705741906147e-19,0.006138795253826114,0.00017678260627981593,0.00021797606376399966,0.023280805111048495,0.01717598327519614,0.014469477356840614,3.8265921824677466e-6,0.00020744853076685337,0.013032811011246636,0.039525658540747834,0.0014770117743918743,9.044912270395068e-9,1.1583661131183691e-8,0.00711656750683952,0.02453119305978369,0.015456306778444864,0.007846543992199816,2.1196303764866873e-13,1.153913176892967e-7,0.0017236858341019845,0.0686220680186691,0.015615830595030277,4.271085337653061e-23,5.255066202818576e-9,0.015911847846496432,0.0018941076966176144,0.01721881571606458,0.0031915444747444375,0.0449928379336783,0.002716002421608853,0.02420409053669548,0.021959536113830256,4.7532688669503644e-5,0.03927447046830927,0.050809243477947526,0.03659272296643233,0.0010176898398324538,0.026178433240045755,0.00018806740695164698,2.1139903145237333e-8,0.033520025685628,0.0005845618356420058,0.0016978572800266485,7.791039811840247e-11,1.0264469027551089e-11,3.404423440632799e-12,0.029803547306320902,0.051889959488507185,0.035435185378374284,0.01996934359220483,2.629829074765558e-7,0.00011391436913796306,2.6106043993072935e-9,0.006818298639527825,0.0003786720209059801,3.941671173492091e-9,0.0044587015723893736,0.00033433015314839195,0.02260404199074374,2.1192127385267442e-7,0.0002610965490473324,7.710101735434278e-6,0.027724382557718027,0.002655246446470318,8.81924610851649e-12,1.4339470076285896e-12,7.478372372085967e-5,0.010032107416930568,0.000622093580275623,6.603331222066758e-7,0.005468735634160945,3.608323486491245e-14,9.888112558846002e-12,0.030377701863671426,5.682365232922867e-11,0.026942094963606316,8.431349709443722e-13,0.00354887665992735,2.3625605334948236e-8,6.88949728952851e-10,1.0628127269006175e-9,0.001852043414157551,1.2714388120008943e-17,1.0837784597337005e-8,1.5816624272788886e-9,1.9011758019057703e-8,0.011180682108380564,2.635238461596292e-29,0.013444548910937108,6.87811922681043e-14,1.5509848594924599e-9,1.979601031848058e-8,2.632380727611525e-10,2.6131709188490803e-22,1.3052651590881512e-13,0.0003313299107844334,6.013862751758054e-31,5.027055392515379e-38,1.4066420296183826e-15,2.9956482635327184e-53,1.4777541106751724e-42,2.8473508989103567e-59,2.4600412326431348e-60,1.5427535908829583e-80,1.6571138154346896e-52,1.7288855465414492e-90,4.856239150129427e-58,0.004084878462394492,5.374958991394401e-27,0.010835949414785533,3.673004096273901e-27,9.391336547610457e-18,1.2206946095739448e-20,3.107077916031796e-21,7.218833133415862e-30,3.2011543458095685e-18,4.4387580803719904e-38,1.681774797824834e-91,4.28547538610326e-159,5.8486342233186385e-55,1.3291909517098285e-69,4.445765087773411e-155
1.6549729555332506e-296,1.2293023533169796e-276,1.0489208118591202e-165,3.952111408423825e-122,3.6220210340851734e-100,7.407882252018345e-79,7.130885456592501e-183,2.846386218303998e-152,5.285775446511286e-108,2.792737532791458e-88,5.891800648599214e-124,1.2533436214486497e-50,1.5367266244834516e-60,2.7380695123972696e-83,8.44771234001214e-47,9.1947645444727e-44,1.7812746980426156e-79,2.148808586869443e-83,1.04288078506353e-92,3.1488772877992596e-90,9.170590384115543e-101,5.969510032611942e-99,1.2612711169652939e-81,8.350894769947023e-78,4.234005759001461e-81,1.1113079838390516e-55,2.2865192571370873e-57,6.426772407382018e-70,2.345736216348976e-67,1.4112658595279644e-26,1.0246151986571086e-49,4.514355949324071e-31,1.1989644577600472e-45,1.0700345375691229e-38,1.1011421141270266e-27,1.2781182341862218e-32,5.566981227967516e-45,3.549284227237822e-32,1.4757789656334967e-17,1.978298638712437e-31,0.0001846720634227022,1.4482385027412206e-32,4.183979317748219e-15,4.360860647992051e-27,1.8276798277984666e-30,1.5758722083107366e-32,2.6360210190843582e-39,1.7046215266394566e-22,3.706628925576979e-34,1.8713841576734844e-26,1.1491637216035065e-28,7.855815256159765e-29,1.5466556542261805e-25,0.0070051473053574405,1.6300912412877906e-22,3.796345150580438e-17,1.0680082471141992e-15,6.170104812996978e-35,0.0028018242656290887,6.692748796278907e-32,1.3198973705823814e-32,4.698742953187987e-10,1.708737030056174e-20,1.8531508452240844e-21,7.284019751808735e-38,1.1686907253760455e-26,7.967912395326265e-17,1.3791844452642224e-13,9.344876862192966e-23,1.5654415884081356e-21,0.0069545722028483015,3.9869381728422484e-26,6.517002811787344e-13,0.00036012107740838003,9.867219637308615e-12,4.4106823036892e-14,1.663135731062112e-17,1.0544606439049689e-13,4.748037283647462e-13,7.609741240008743e-13,5.789728012513107e-10,6.74656013282816e-20,9.17737435441849e-7,6.601984472836491e-14,1.3985502307128655e-8,6.500784419146818e-11,1.0340906219580749e-20,7.074835838817804e-11,8.103704387221936e-11,0.0034700594682398997,5.650737913773196e-16,9.395689145281069e-20,2.950664954440697e-14,3.314284182857428e-11,9.16772318526886e-6,1.2485173283925345e-7,0.0032952076914227156,4.752832135309813e-17,6.250533900728855e-14,0.0006562563065355657,0.00010648338284811205,8.777484560930526e-11,8.860248543747967e-13,4.5460680567052584e-11,1.1272531215290629e-14,2.4811414638981502e-11,0.031252965903514555,0.05318371808987382,0.04259032274000824,2.476451485555429e-7,0.00106561187369383,0.07662668789728258,0.004254576101521088,1.800516377772956e-12,0.00423304916769284,0.001073531636907606,2.2894560341956745e-5,0.0006851893763143127,0.05773826942069161,0.052543243215913464,5.141440608059609e-5,0.007370330787846416,0.042515362968443535,5.815379011013538e-6,3.87155766027494e-5,0.00026003394959507657,1.4892104502774794e-8,0.04085349073236315,0.017310997217718758,0.01570449651875594,0.0006282065866153778,0.033069033099736626,0.009081744268224957,0.015972311604231584,0.004135592095527325,0.03344643410356774,0.037087414953305635,0.08470219306109646,0.0021420776749859335,0.019552003227508243,0.13880819861620997,9.549713232097406e-7,0.0003778583799180021,3.868486421139165e-13,1.1552039062703125e-9,0.00937777918029543,0.05961793606484981,0.009398615820082926,0.00026154738380930714,4.339677254666567e-6,0.045013633435327376,9.010161358720472e-12,2.3655329089374936e-7,4.970042538936502e-16,1.5695612779967216e-7,1.5963801173568808e-16,0.0003246691665637762,0.0019523690925210043,3.2490844171954645e-5,3.390436188442679e-8,9.036718510172735e-11,8.490970709185552e-9,0.0015248940807835924,0.0052903844388852185,4.011717699421734e-5,1.3061192021197859e-12,0.0031464124556356567,9.586882189915103e-13,3.0205518554220913e-12,0.010784660700172269,2.7959211815864248e-9,1.382813427181406e-7,5.453107248245037e-14,8.70710018753905e-20,2.3509108309571397e-16,1.2834803358379333e-16,6.890915847068775e-21,3.312228287914224e-24,7.823947164712755e-27,1.1640482655528804e-40,6.226279478208772e-47,3.5445921609205404e-48,1.2826692487263038e-58,7.36931167050746e-48,3.1124241896463565e-39,5.818484630562525e-38,1.1548816559693533e-14,2.6271829091331953e-21,9.165181347234392e-20,2.7006376185221315e-14,4.86427984556947e-20,6.950382125407232e-33,1.661426639842838e-20,4.239104727548816e-12,3.0714226891739674e-12,3.7967442299719917e-67,4.848716093632824e-65,2.1272132258876016e-69,5.001661751478461e-33,2.309041806537549e-102
2.9959731173090693e-193,6.363088720947822e-112,1.8874416535242418e-135,3.7719536514899674e-160,1.158299197281342e-48,4.627277015740439e-23,3.0402328815807275e-40,6.35607903758065e-38,3.636856646253694e-66,2.3588705967641158e-48,5.614580232978748e-45,1.390100044938539e-87,2.6403740021246743e-41,6.753292023926464e-67,2.5122893260738296e-45,6.186020670339103e-48,2.539804228921807e-55,3.232438785879786e-47,1.08348065922299e-59,8.528811925070457e-47,1.826381830697235e-69,5.452533231334494e-35,4.74468454572812e-30,2.5304721911535293e-48,9.9662617949395e-22,9.037759400022282e-39,1.748856290427942e-13,3.299237659460301e-6,0.0005306519518558777,2.730842310150442e-21,2.2769968944346526e-7,0.006488909215197071,0.004172150279463443,0.011706323667247708,9.66548163744829e-12,2.17301258631014e-14,0.032297939577260064,1.1123980169971938e-9,0.008911885554822092,0.010803817322539135,0.00774953694201856,1.489709568002084e-22,0.013363510964633058,7.185659312287413e-28,1.2867372697587427e-20,0.0058730168915108235,0.004604176273213476,3.0535632800715684e-11,0.01648345813888391,0.003850305042785725,3.398459520806901e-13,0.00772393963327915,2.8110021017086258e-5,0.009542292477500384,0.013509816216203754,0.03015662360094688,3.019180494444045e-10,1.1481234895804817e-16,0.019861934970611374,8.642236684447582e-12,0.008620969345923431,0.0024553920754156375,0.042291093432997286,4.645014580746475e-20,0.004992179157049664,0.0063974645752014345,8.133959302863033e-27,0.03517401921901582,0.01392485991434993,0.02471250604831363,0.020310595631004076,5.9374979299887924e-9,0.04957768204396391,2.5632067644177757e-17,0.035895952768910416,9.275480693003021e-5,0.0027854879848894392,7.523534722430403e-12,0.011807082634367274,0.017396292786798058,0.025700956935699064,2.1586186911920117e-8,0.020178718816977442,0.029305872734249557,0.020702829641270282,0.015111625758281651,0.02721872530582012,8.256811934013011e-13,0.030250298941935386,0.016540377163833966,7.210799581684195e-9,0.03310042895836564,0.0021693128237912423,0.004407788503958535,6.849560480021045e-32,0.003046765762165279,0.010338437129554522,1.4333249482258677e-20,0.00637361685175821,0.011163631948658334,2.4162344986204654e-11,0.02031335830881238,0.0018349610872338863,0.008705140047786285,0.009312913757613119,1.845090576625646e-23,4.1146865548463215e-22,0.010242762412943637,0.038558825819453295,0.006964168986740722,0.002612855849839256,0.0028479644152067823,4.6889655854855095e-23,0.015528798189287431,6.13344194728094e-13,4.433961029356495e-25,0.00584082919080953,3.1027922054625204e-24,0.005115729208038861,5.280160489478722e-9,0.013529936374462367,0.005795362833611546,0.014021196564863714,1.266733365009047e-19,0.01666113992758201,2.368901421765552e-30,0.0022577292308080493,0.006675149863965837,1.9327590686137175e-11,2.6796118985773683e-23,0.009343363100816323,0.006102854090266032,2.7934248392044647e-27,0.009657043728499072,0.006236762265912724,3.0895861298612895e-14,2.0750823774203873e-10,4.537706127229111e-35,0.004188381454803618,0.00905916058026343,2.986197918769183e-47,1.3740108484279583e-44,1.034063040587305e-24,3.0864067074445126e-34,0.00911880070227072,4.9773478831522294e-33,1.512837726535479e-23,1.061132132448771e-36,4.676194162314809e-24,0.008331788930912121,3.836041727758119e-59,6.185791099119037e-38,5.437024580029561e-45,0.0005152271189517795,1.7241008201315135e-27,1.0238974357388444e-47,1.2048422343775258e-39,2.1754551764826108e-42,2.509466964690111e-64,5.2012788660555584e-54,8.043064812723357e-51,2.151954259939209e-55,1.476150509568153e-32,5.149816701754583e-31,0.0031284679629964007,2.63508511313714e-39,3.579454296178772e-58,1.3433703473126722e-10,0.0048794064460060595,3.1199535219377346e-47,6.808371204726538e-11,1.0702221033153313e-40,4.762879317100341e-71,6.876742971204224e-84,4.702044642588413e-47,2.510910233812448e-66,1.6274069064383098e-82,3.2767788356619803e-94,1.7417765402041182e-52,1.4617791702459736e-38,8.542945697002897e-68,1.3212944595011518e-29,7.512431603534223e-58,8.416812316532477e-38,1.5083690893032899e-62,0.0007468351593342047,3.151916844736912e-29,1.402642755789975e-34,0.002167399069364598,5.4315952774438024e-42,2.073339318390208e-58,6.740392169925763e-59,8.85070846344287e-20,3.2421741605890638e-15,5.824657423909325e-38,3.699917269288863e-68,8.364852093911173e-39,3.288779033203764e-81,6.964949253243309e-61,8.230628793229449e-56
3.6873452103278424e-70,5.989369736817591e-172,3.5338406288494666e-121,4.7411591582515645e-49,1.7696136684162676e-72,1.6756318959398408e-38,3.786069980527284e-36,2.632822156777776e-68,0.004447988927617027,2.429470853495153e-13,4.316601432370211e-65,0.0066902773227609505,3.5883563134178334e-24,1.813848907100437e-23,1.2361805193495005e-13,0.0028216828509813182,4.381311008480345e-12,0.02017033579073011,0.1437418391021873,0.05681392768185739,8.67418272885427e-5,0.007889269809679005,0.010636308028718058,0.016603502199072594,0.05083539558737237,0.018594497848246846,0.001421978851752751,0.0059277853806595756,0.0064061162709058116,0.08368504359790059,0.06712489763635923,0.008399441511730752,0.013105541833806654,0.006878150822177499,0.0133425284558482,0.010188817767079545,2.549434568296884e-16,0.0084269062717177,0.0035489595057227276,0.035498203454666574,0.006606281415409773,0.012091254603931276,0.026955953347024195,0.07428180629585988,0.014181673448496225,2.335084705497523e-5,1.1675115787981192e-20,0.014817193151445522,0.007406531719349655,0.003449019493463006,8.260615733707261e-17,0.010561342687363917,0.0002921627725859769,3.126867748569348e-17,4.497815218973855e-11,3.8475730643586927e-7,0.0009363182444004416,0.013052141006246984,0.013684839779239469,0.008617405995950048,5.976429718183481e-10,0.0036786156752771433,0.010098205531388533,7.862183768044831e-17,0.005613637021379203,0.0003778970246389979,0.0006149169000003625,0.016397577682951883,0.0007133654670486861,0.007573076890721246,0.005523037859164653,0.016378990121061445,0.0385682520330277,0.012504024774097912,0.006836624122632774,0.0163276732021865,2.5931359937074818e-5,6.13139630837533e-7,0.010276227468531234,5.2054394886604247e-17,9.082056507851295e-12,0.0060868370663262625,5.681048115601543e-8,5.6302588369064065e-15,7.531141470998198e-6,2.5272165120365867e-15,7.004248895531575e-29,1.5974838833937524e-26,1.3661015261637212e-21,0.005376608781084846,3.0608512706885197e-21,8.106771403130993e-25,3.595840173521511e-15,0.0007414559788415943,1.2308720798783317e-13,3.122106331495843e-23,0.003389703019641685,5.079941710053406e-30,5.942969626041465e-13,8.016451249671958e-28,1.514647315169018e-43,7.924073715197362e-46,6.533379029538753e-17,9.57176597174983e-33,1.9528416407542527e-12,2.6868973794476095e-40,1.6065447874275203e-51,0.01100182318415885,0.0026061815369570716,0.002591921433205939,4.283908741876251e-22,4.519500273897373e-39,9.62064187527725e-66,6.057062327746568e-26,1.0167390799103934e-9,3.4136812648856014e-53,4.0648394335835025e-41,1.8225468965292472e-17,2.0045173294578284e-32,3.369591470086928e-16,0.000910874471334148,3.395614418389278e-9,0.004120661389289104,1.0649905328633709e-27,2.858439726865376e-15,1.3243268687037006e-46,1.6808849719317573e-23,1.8258496122612244e-44,3.292102149428397e-6,7.846014451676026e-11,2.857108813783416e-41,4.3752132854060767e-26,6.003516663693742e-51,3.2290549653183226e-41,3.874827479585559e-22,2.8404186425279675e-26,1.1688059445907777e-40,5.066621770118858e-29,6.017253215532991e-23,1.3857251022432354e-57,1.4638534406066832e-52,1.2186673413491288e-60,1.145869542642693e-50,3.567002997553066e-45,2.7781765628243718e-11,6.477845189371839e-82,7.551610445673472e-41,9.911829672168415e-94,2.880390822428248e-77,5.405779827888498e-60,2.6583238911545437e-97,5.006108953036994e-71,4.11778590121917e-128,7.870638068560167e-80,7.256179767254078e-109,7.729049722324438e-91,5.289139920147367e-126,7.966719247081492e-56,3.741571956012123e-134,4.151967005004427e-112,2.853109102501688e-112,1.4664501844309986e-143,3.160605725399889e-97,1.7724188976239954e-152,4.793566314301599e-166,1.4498191150274711e-78,1.5351522279463862e-139,4.1568426245750296e-178,6.581151763972176e-85,2.252633117780443e-88,7.315593622499642e-156,5.4905591796060275e-129,2.108607230851942e-175,1.844465577806907e-101,6.297257842269246e-184,1.2501541717522906e-148,2.7998763768479612e-202,1.793836336577047e-204,2.7896745709244188e-146,1.2477095288057442e-147,3.4268873565362105e-38,5.834836696892548e-142,1.20327799747805e-126,1.902665515943975e-116,1.0350404156231043e-160,6.56242143545137e-167,2.1416045284912414e-58,3.174113122048309e-67,1.864712315087813e-30,1.0827673167776218e-103,0.0014026153806201637,5.9363156655599204e-21,7.112870532604025e-85,5.6900211985035756e-31,1.4423543894444892e-135,7.229434162726817e-181,6.149817201247822e-230,3.295582731534197e-191,3.0513298363009163e-189,7.968351063406009e-6
2.7909324399094016e-248,6.77600333031883e-200,2.369462689494291e-133,1.4426099980290033e-97,1.3949105234775909e-111,3.545197662566879e-94,1.0076481943722104e-106,5.086550517934028e-44,8.681947481823508e-23,5.886025555607456e-25,6.1528789199982464e-89,1.4084387317315838e-34,4.3468503508323114e-42,8.931016859678068e-41,2.830331269825265e-24,8.183387897773186e-17,1.6119239164608538e-30,4.287189293297801e-43,1.5232053373494425e-41,2.4475380463642367e-47,3.440476393164116e-49,9.335500835416024e-28,1.1358433921788871e-39,3.081837069334979e-39,6.27837754683372e-44,1.2759275275665316e-22,2.2900095606204904e-15,9.241452995229554e-16,5.0118139987207204e-9,9.445476857463747e-7,5.7322495432353765e-8,1.5223608800022162e-23,8.961373244588256e-9,6.666118482501608e-8,4.596778333855413e-13,3.851284455429843e-11,1.1473309241591047e-13,0.010644951455839173,0.009304213013979818,1.6985251572755473e-7,0.007665414499987653,0.01226821338804679,1.4166296167143118e-8,9.821257742988882e-14,7.586617518428263e-9,3.8702514268759216e-8,5.6642849296110234e-14,0.0005225949241601637,0.024106008224899608,1.0069735869583588e-13,1.893405469411281e-6,0.012853910903100655,4.141550558479655e-13,0.0003771736086884357,8.469083125260574e-7,6.056015062243846e-12,0.013011463454957907,0.002258996917288453,0.031176268570833398,0.004167629864834338,0.00782216257343193,0.03672900307758976,0.004743056315016793,0.026020237036806563,0.017645353755449632,0.020696887033602455,0.023108071409245243,0.00010701321678466223,0.02506468363781368,5.426812882004032e-7,0.030824152603640933,0.00042698311324553386,0.03289799451811885,0.049405790168145426,0.06004398445397366,0.010189670574167609,0.01897599388756024,4.6054756060523653e-8,0.03154456686633089,0.023771724142310335,0.009433710007632191,6.393744506102409e-6,0.004712251803146866,0.008651525855499186,0.048159678296681344,3.839100219039513e-8,3.9032238509381757e-7,0.007287942465515827,0.04573360122247989,0.0631879870843063,4.7958129088668755e-14,7.39423686801573e-7,0.0017059681539556193,2.0064658530573546e-9,0.017391329062692917,0.00812829220433628,0.010609519627018765,2.6078841144095756e-10,0.004911224939909549,0.009051536358577897,0.000865999932187088,3.6649678898472137e-6,4.705481824279125e-8,5.798162910597175e-9,2.3208537443086097e-9,0.025563409954825637,9.196885574451201e-9,8.933194075336999e-6,0.02105866567678681,1.3244925492340102e-5,2.8460871068801215e-5,9.300937520579497e-8,0.03306077608409897,0.00017756826448167524,3.7877740358259914e-11,3.4939854786297303e-12,0.014788890756103344,1.77821671754827e-8,0.01921481635362443,1.0812536266857246e-18,0.0050262969237432325,1.0916102548669473e-12,0.021721405349371788,2.1273852302709092e-6,2.37857866931523e-5,0.00568314348274601,2.6196158528906995e-13,0.005164142309471149,7.578178181563249e-8,4.746309566589282e-8,8.166697059508388e-11,0.0005208191093154747,4.013173902116737e-9,2.749524275796171e-10,0.0020244424963604198,8.320485122315452e-8,4.747359088573655e-10,1.1908039442950117e-11,0.01084865151788563,1.3914536110756817e-8,0.00457299102639372,3.725530366883499e-8,5.297553738670773e-24,3.441965954585471e-12,0.0005406883851228768,3.906037791799762e-17,2.637403558421551e-10,0.006229069239764634,0.010553429673328311,2.2135763445148215e-19,3.7061483083659934e-10,8.640619590683227e-8,1.745786478306871e-19,2.6922312394175278e-11,4.713374717220275e-38,5.132523857027531e-14,1.089574323383077e-24,4.814287820786355e-27,0.0032738206082662535,1.0850253690147292e-27,1.6537861313466233e-18,0.0020416844258176734,2.8160560591344356e-15,3.5511831220345506e-24,0.00782742549675707,1.073017225428896e-20,2.4934287760439436e-23,6.566450738559315e-20,1.3922751047208612e-17,1.0052015448203656e-39,4.0677364049719755e-51,3.2924762152632785e-25,1.2181611001899278e-32,2.3539488582509256e-57,5.0535225507095326e-54,1.360020901135174e-22,0.003096767007568153,2.5153092118681808e-53,1.575482988508159e-39,2.6708629383063937e-48,2.3774675843647844e-55,2.1426988620598303e-99,1.5693925332871707e-91,2.4760366038179013e-67,3.6267695620532897e-93,2.386332455013379e-27,0.00871341173665518,1.90626597633514e-9,5.528814690505102e-25,5.20203040928923e-11,7.25189273595479e-27,2.4932820879281774e-28,2.2337208119135527e-38,1.991211975886549e-22,3.601945932835781e-24,2.228808632197702e-86,4.599439796077975e-123,4.3852086812122427e-97,1.6131774458030482e-87,2.0983467726443512e-138
1.3328751334460645e-308,1.2756900892382282e-292,6.304900988763009e-239,1.994164736720007e-71,4.699750674627468e-127,3.24750105424947e-62,1.3804473218843804e-164,1.3850845863616958e-122,6.199052930061254e-131,2.6845281435455307e-76,2.6099316923356946e-121,1.065666298649806e-129,1.1424583671979533e-64,1.2252517451988164e-96,2.27982742735871e-47,5.764604974044959e-90,1.9040080660818473e-70,9.700792451058274e-98,3.8767395145080636e-108,1.6661463003960376e-82,3.550801974547503e-46,2.7327978723652446e-73,2.0535479761400448e-48,3.8241644511578636e-52,3.174360345892274e-62,7.746787381729465e-39,1.417772484336002e-51,5.479247205480253e-57,5.78739586831962e-57,2.652530314143981e-23,6.790868748170545e-18,4.749640743654282e-28,1.5824196667070783e-29,3.4441025430780686e-21,4.593332148092553e-30,4.8539407255390465e-39,5.2711935780491016e-12,5.031993859351837e-26,2.1133013649719734e-17,1.1467154150645347e-25,6.169026620885021e-16,6.998018360262143e-27,2.880880349216027e-9,8.263008786919967e-15,4.958707353662796e-18,0.0037197956678282217,1.2722592162549858e-20,1.1515555278184924e-20,1.8262622073558396e-25,1.985272765293698e-19,0.0028094926587127903,6.634173750569985e-28,1.7962609755928123e-10,1.331100304409658e-12,0.003000465748605283,0.00032161554238083385,0.007109896538653434,1.432461700522583e-11,1.3976325577750843e-5,9.467433735824976e-33,1.144874515091082e-9,0.0018591042410823389,3.6315732896130004e-20,2.652907732728618e-27,3.5894089421933386e-13,6.701755047673166e-12,2.4918466821362497e-12,0.007032640841430155,3.908699579208358e-24,0.0012235341373082664,0.003169163829655031,0.010172534676339223,0.0004786568903458646,2.8984004912934924e-12,0.0023451170705001503,0.013900794432340168,0.0076757293459733845,0.007507020161131133,0.0022898144358639997,0.01487462391922551,4.409234491955752e-7,0.004038696776003019,0.00551186557770418,0.02331836000212701,0.015378117852653857,0.018799449052591233,0.000542281789735501,0.02358477144850847,0.008938883860947213,5.989151861383279e-7,1.211730402184609e-5,0.0033240089401571546,8.613363614562498e-13,0.007434618239473917,0.005792884609629939,0.010084668928629243,0.007125713553205797,0.020208744267068635,1.1846373209911923e-7,0.0037926855224084863,2.9339974551035782e-9,0.01777791988773812,0.022372994603348784,0.011948169753306568,2.9471266808233945e-15,4.407810135544866e-12,0.021619478556363914,8.542703765556136e-10,0.018280912870400824,0.0019057961592651275,0.01801398807590311,0.0031520728145896684,0.014058749805109001,0.016653626537188663,0.01303768665808797,0.028270042121680307,0.010162052526999598,0.022806041969665014,0.02368080078234477,0.03918374535184562,0.02673507933116339,0.007154784774491455,0.011942076397559537,0.028646307126327125,1.768397038710755e-10,0.010195417460581072,0.02012664742890542,0.016506681274586488,2.426655725100326e-7,0.014357191898144685,0.024807758960736948,0.004112900028162032,0.01752319469443661,0.0068551164732453965,0.013596043904850032,0.014180427838815813,0.0024644857943675776,0.012342785871269203,0.015196204619340408,0.018464777140495794,0.00019589203886366,0.01781444815613085,0.008104289180605117,0.003994591161828742,3.473019664000577e-5,0.019494819211720357,0.01215305189393805,0.015251240285095648,0.01088070858065965,0.0035192270150196164,0.01707391851130257,0.003633405807165396,0.024688512395150852,0.00927315020599143,0.001587341927146547,0.005436848264126513,0.0008584250430545542,0.009119409535973521,1.9826602308321057e-6,0.0003430908748259379,4.573870928729478e-22,0.0008775183240832848,4.150553629172845e-25,0.0028465458510883094,0.008298295999965611,0.005283185395336257,0.003812978467586641,6.810198469593028e-10,0.0004227043370101516,1.6410552878147293e-19,1.2777959772323515e-13,5.923907716983018e-11,0.00044404314178764416,1.7118156873097608e-48,0.004245779442070596,0.0016126611380697371,2.726285879039287e-13,2.452094466746059e-40,0.001759537564466757,0.002414264341267902,4.623441207571621e-32,4.2403930612941206e-54,7.83734756990752e-77,1.3905188911849732e-21,5.870080792438765e-73,2.2792166345490282e-70,5.621454712726953e-54,1.0948431959069723e-16,4.0710503023930224e-44,2.4611484358739183e-37,0.0046536074503532665,1.9247307598971655e-43,1.586936065724776e-51,0.004344582004562087,3.2933163521955213e-41,8.299405364903507e-118,4.541418159407629e-59,3.436410883383271e-106,3.751864780899522e-51,4.5332421168108645e-123
5.9173409929548934e-130,1.1788324849317768e-117,6.878917590953809e-90,9.151138146378886e-54,6.33828485960746e-34,3.5308533045306353e-19,5.706375270352306e-52,0.0029355190332227043,5.130480410945935e-44,4.420428484207029e-23,5.414136028588605e-29,1.0683574499832639e-51,5.516809921234008e-17,7.620045421991583e-21,9.596522657423435e-14,1.8059887528361652e-18,6.2286734690408486e-6,1.1565524553609502e-27,4.100617146655279e-17,1.1310621450876387e-29,6.961327302970566e-45,9.957482973873804e-26,0.01989463025418648,0.005551163115219593,0.003928354432176403,0.010678593878723514,0.018691025131655922,0.009994274869551052,2.9059560198894698e-12,0.0037558691139286723,4.208924752131843e-17,0.012254152192194237,0.04340430595295588,0.03173004129416924,2.8441230714031258e-5,0.0001541654186329812,0.012017094487324104,0.04033451014108502,0.04363673995151313,0.038066236787865644,0.0260339365073009,0.012241267452843959,3.286908033225321e-11,5.780073165903718e-10,0.016920114923067567,0.006305369881679394,0.0217943944951513,0.014260489361848126,0.009419241117144492,0.004682121046007299,0.026006013811481994,3.618858642185529e-7,0.022220003063308236,9.389066816913663e-7,1.2663306761971933e-9,0.0011685355806705926,0.04045908133919639,4.155677899220862e-15,7.511076478855986e-7,8.176564735626613e-8,0.003874125794955576,0.012312586430136337,0.01575024366013904,0.014332681340450092,0.007944556889307258,0.07673513254048706,1.2269834477639284e-11,6.3780847438414325e-9,2.483152788331734e-10,0.04462785468743784,0.03571367753289702,2.9187448606592044e-19,1.1251166912533338e-5,0.048411845021708456,9.997773286586784e-10,7.152701394707439e-6,3.989809888844608e-7,0.006591461819758753,3.4559164304751044e-5,0.005330724375913778,2.620115722753592e-6,0.012785911486812943,2.9213932037342024e-9,3.84871657788547e-15,1.5288375859563437e-7,9.341220044223686e-10,0.006855687136932519,0.0285024011139047,9.849510597453818e-5,5.25756237356155e-14,0.003478192550065319,2.6547807421210765e-11,4.8151030103523575e-20,9.558972471808274e-7,1.4880010517872815e-8,3.3370677212330013e-6,1.5026141346422667e-13,4.8729556240121176e-9,0.005425622293808059,1.7095287362649135e-18,0.013468843634924442,1.4214623326889055e-10,4.925687819635405e-12,0.0076757906912143506,4.922940183613592e-7,0.016961455156872588,2.2166385838663892e-7,3.7673479927105366e-16,1.9199980878715193e-5,0.0003255960216314692,2.7539327461722773e-15,1.8096648494897723e-10,0.00773227737359175,0.017553104501298798,0.0025459077007091873,5.346570092402527e-19,1.3516214487665477e-22,0.00859456773232314,2.7437136537617195e-7,0.008752753050686152,2.6396514506161515e-7,1.6523706697664903e-8,3.420599598057722e-17,1.9189369222537675e-6,0.006864936901607823,2.4707366370455816e-21,5.737838096587614e-23,0.03848256405161723,0.024995549937473723,7.604836982572128e-19,5.066706757062362e-18,2.3111381765910067e-20,2.5566025786521023e-26,3.3506617530131235e-11,0.006895827344177626,6.913980305024949e-28,4.949059699376415e-6,1.8611415523140287e-21,0.011656411685100745,6.13629116122e-5,5.037579525760422e-24,4.711956132605787e-32,1.3981273108254153e-22,1.5822972379729922e-34,1.2254002760680631e-23,4.778413538008264e-28,1.0283818695973866e-37,1.2140359272664519e-30,1.9088472120764898e-20,2.0422113440102533e-39,5.573462644691306e-30,1.3706797914987017e-42,1.4483056309377256e-55,1.3402492701790265e-24,9.201824246413539e-56,3.092863728081901e-63,5.498909636513377e-55,4.2051263670428766e-65,1.2192356332136073e-72,1.3678661884528837e-48,4.1528831932504346e-52,2.6269478295825317e-77,1.704165468954557e-64,1.195288265448812e-49,2.979472127024754e-51,3.7538011905450007e-62,3.917951206979232e-96,9.397822300651466e-66,7.945909993650806e-53,1.5624047077869983e-60,1.4904117859495343e-92,2.308587179439381e-55,1.4271729577926281e-98,2.1671853909266853e-128,2.2722150914550523e-97,2.533350864266746e-70,2.5567284341772306e-143,4.485538001676793e-151,5.223803799945706e-55,7.099183436863261e-138,9.024568544304845e-48,4.2299849069493606e-113,7.793124037078325e-66,5.031250913902354e-9,4.885667935089267e-185,1.4305141294885119e-42,5.195744183924205e-83,3.1976232291300253e-68,1.101412882092446e-46,5.136150817821744e-62,4.464145762776354e-74,7.157402837713077e-60,3.4260113655458035e-20,1.053161931148271e-45,4.509580720570827e-93,5.940512335071025e-138,2.37975745476936e-110,3.392707652428207e-205,8.609659781707864e-46,3.4485039743532264e-149
0.0,0.0,4.9389246920141395e-104,7.800702630047243e-122,7.933170462072863e-130,4.895509915473575e-79,9.868152440623987e-175,3.6709168092276797e-128,1.001949708321283e-115,8.402860909857251e-83,2.2326872963831382e-66,3.707027593497849e-58,1.309982729573997e-54,2.1149536955496274e-43,1.189424326389442e-80,7.933538800260638e-64,1.8787420400539695e-65,2.1678388362523125e-49,1.378617645864194e-50,2.8319641974777488e-52,2.0158511767544365e-71,5.3566277800743956e-48,4.805507913510292e-38,6.915357482933319e-75,1.0001634743004436e-65,6.443870257203652e-41,1.1654238075400995e-18,3.072995143051001e-46,2.1322243085848246e-32,1.880060868693714e-30,4.957610791652157e-38,3.5928638705437245e-20,1.1405518851616156e-17,2.2172504451728136e-31,7.395276087344354e-25,2.9964627204939404e-34,7.711840331936449e-45,3.108809378620662e-34,7.156173034062955e-24,1.5788100723738238e-35,2.527718693636414e-16,1.7767313450496572e-20,6.598316497749267e-21,1.2292480839773656e-23,7.78026545996757e-26,1.8305069002565958e-30,3.250151774528603e-11,4.1679845859415047e-22,4.320849111001626e-24,5.18320368885252e-17,5.728777262859811e-10,2.506863376128374e-19,3.3988138932767395e-15,9.6294944575115e-8,1.3590264587940854e-18,0.00022871868635539818,8.84119004023481e-12,1.8403548086641555e-16,9.074082725625989e-22,7.122187198406286e-20,3.5075939280191915e-11,7.645675851521241e-15,2.3359686182856884e-18,1.1304882609306095e-18,1.8784749866039762e-14,4.1945953461426916e-16,4.8064353552190497e-20,1.686253091820326e-11,5.609868423346449e-19,6.3480028391658215e-15,2.2544470752146402e-24,5.4921939376433e-11,1.680841203858191e-7,3.5380234959893594e-8,1.3150826199619805e-20,2.2044786417558246e-15,5.263441792036445e-16,7.119640796581478e-15,1.6961544739944612e-5,1.8880118535531833e-14,0.00778270639177579,9.731920377438632e-17,0.0006301818003884588,3.3948105093013036e-11,7.914724780393934e-7,6.102701391889674e-6,0.0006183555454939718,0.0041413994831368366,0.0032947683738431995,0.0019788292986459765,0.013243965148689547,5.834672864633474e-9,1.6430988948179985e-11,6.488365711625799e-7,7.066114826246911e-7,0.017746196754561357,1.3573531077188109e-12,1.5950221926174453e-8,0.016592746738269767,0.03017351510553134,0.028070160106358495,0.044427150883497024,0.04282508274426603,0.058815550303884676,0.01668677711052466,0.024191803825683932,0.04975432951051863,0.06291263289019294,0.018547523023673494,0.041728803576248634,0.027283871306272935,3.781979398174753e-9,0.0038866088702223865,0.002403696752536836,0.005411170545551792,0.005937043080061163,0.00823038436235761,0.016496861847376976,0.02007058723260251,1.0697855697093389e-5,0.009752848790234084,0.016534324628624565,6.548615505136558e-5,0.013724845720243205,0.005087345404987749,0.0005472694405750345,0.00577765628625791,0.018591275248968135,0.020966688078894537,0.029057776738586533,0.0012687878960095992,0.023017439578074016,1.3185382404698835e-12,0.010855510684775402,0.01751828077060415,0.003890110594019689,0.0105138383281885,0.03537721915286447,0.031011867748027593,0.013421115322970814,1.811642580939976e-9,0.041589370214539664,0.0001441495280406876,0.029830806654237246,0.014479099998853249,0.007387443573637289,0.0021000681203372502,3.0632579550904223e-12,1.4937177452351871e-5,0.013616700645749647,0.017385544076400014,0.0001359143537826394,0.0029072511169978693,0.0022017900515051325,0.003607518218954734,3.244696071434977e-12,0.00012232787976563316,1.4469381483847942e-9,6.14684728634327e-5,0.0010842490434398312,0.017349368084449108,0.0011057656715899179,0.00042392048565036546,1.1057909175780574e-5,3.2326018928727083e-17,0.003220923641841244,4.3537401791715326e-11,3.5361738938243197e-12,7.272418191217149e-11,3.198966273016151e-5,1.006909724275715e-9,1.6898698745701382e-16,6.094250151736394e-5,4.317831951020349e-19,1.4481473156449857e-9,6.254578199445872e-29,9.645404977627936e-22,8.604551371764373e-25,6.055256990011382e-45,5.875921523532868e-41,6.14851184430937e-46,8.933245281907202e-67,5.5025472485923314e-76,1.0055934925747042e-82,4.680649787836641e-45,6.332496940281133e-42,2.171922493923851e-26,2.1410433371992212e-16,2.7327658657131693e-19,4.408752156331239e-8,9.619613946956784e-22,9.854856366333313e-34,1.1996959472751214e-34,7.435708114964643e-15,8.677680803382144e-23,1.2781968772626237e-91,4.240535140697142e-192,6.702500887510767e-61,1.368509369713673e-93,3.64439048999724e-189
4.060199408536157e-177,1.303316683325205e-142,3.461911740581967e-108,3.683935792943438e-78,1.115909185593524e-74,1.9387531568118287e-18,2.5224063826892424e-15,3.743184803707906e-46,1.0451701802634997e-32,7.109042687195941e-33,2.5137312345981364e-38,3.973905885460342e-18,2.232564610153321e-24,0.00792946338182806,3.6477024411344385e-7,5.0622189135838985e-17,3.7130265344749125e-36,6.022544845323223e-38,7.561169612929331e-32,8.851696970754353e-29,3.2620055313318747e-32,1.6709868692118974e-10,0.012904266585337224,1.0109228475640418e-25,2.928023500079099e-19,4.2089493578631353e-20,6.604042690997459e-6,6.498456492816448e-16,5.397412398826473e-5,1.1333272005696142e-11,3.331660043783257e-6,0.009638412695646362,0.03396208560486894,0.006977360686039593,0.00021666667709321674,0.034802591235364465,0.04153421151825852,3.797810786200487e-8,0.00959133036325437,0.004349586780383908,7.465966483206756e-6,0.002780812074340066,0.019659813799621558,2.0461200099212957e-12,0.07315433388364372,0.023304884782177543,0.042779565150398914,0.055542536434427754,0.04384083903666315,0.10566074969306494,0.05696964484596912,0.01691854554010257,0.02232879451049262,0.02102729332091172,0.016736665660655615,0.03070831756041611,0.031408608674281434,0.032892480285573386,3.294428668759939e-11,0.011359901743288253,0.027488732056336,0.003445767281250464,4.303370355600773e-6,0.015631575393284212,1.6559883755089757e-12,2.795708114627737e-8,0.0002829815237734415,2.0137478516479875e-9,7.225341771134253e-15,0.012512653335786002,0.007852412554037704,0.0020841790266482975,6.151204104162653e-15,0.007971194503243028,6.849081730206466e-6,0.016287155466932105,1.3916166067105871e-10,9.360006137104159e-8,7.945807894923985e-6,9.541191322163094e-7,0.0004004159477537909,0.011903611253418604,0.007189409761759212,6.135577401275896e-8,0.003403884742656483,5.343399362535701e-5,0.016891851012252376,0.004966803676975452,1.4681097584368618e-7,1.5390934284862367e-12,0.013350801850519884,0.019540050848501387,0.00279760003265539,0.0004487711871549646,3.8712407250872746e-18,3.1190823170406165e-5,4.634728838372127e-5,0.014883655162019825,7.694933436407917e-5,2.9731058631452716e-12,1.874442251802289e-17,3.4438524366643218e-9,1.2793312589327345e-22,0.011988298276877009,8.379393458114619e-21,0.006798426867004024,3.560347746624448e-15,1.0564330825691799e-21,3.000991159577759e-10,1.1261407886205958e-25,5.977204570500364e-13,1.2379338632132802e-9,3.970456295520965e-31,3.151238254563048e-7,6.018213398158047e-17,6.855774789959673e-30,2.6137414731095413e-15,2.6065382890605014e-7,7.578978986364949e-10,0.00460951068656447,3.1619511063371464e-17,3.666285647626086e-15,0.002481656823180243,5.35271678588269e-6,0.00600228180820434,6.682404659233514e-10,5.403604722168697e-24,5.914719352945388e-12,7.890863481422683e-6,7.53904514341467e-16,1.555293636622314e-14,2.896826144582545e-13,1.681930375368877e-26,6.46471494055346e-39,2.6128582043904967e-20,9.571758683452107e-18,2.744618002659699e-27,2.9083056302315942e-11,8.146529093319472e-29,0.00584275347217902,0.0014393423807761623,2.1475068250110117e-32,1.5601829016325238e-28,0.000809712873149589,2.4599487698621375e-53,8.794154552075699e-35,3.086009368200437e-28,1.5540243471853554e-16,8.083188547788557e-45,7.914393594097488e-45,3.3288140088105047e-44,7.5537635778074e-18,1.9839556682546206e-56,8.034164295893138e-38,3.067584673546336e-60,2.4664883749753895e-30,2.302596248348404e-55,2.9811521624933095e-79,6.398095330617176e-63,4.3282180289037396e-10,1.6394079299240517e-57,2.9816487326543344e-43,3.977672596929773e-62,3.3193921336376975e-67,4.8581158567727343e-60,7.318613599775491e-53,1.2851684986111746e-81,8.421446361981361e-79,4.360836611695329e-62,1.0816752992636966e-63,2.64505231718929e-70,5.259464595536996e-79,2.925232985684777e-114,1.5942918682979048e-99,1.6353947421497031e-65,2.0728802239837192e-62,1.270135944338706e-99,3.903803975809414e-105,1.1224163241907734e-63,1.6429400074576754e-105,3.4682144633962505e-33,3.24932292467105e-70,5.500979287602708e-63,9.0497091352592e-68,1.4327460661802134e-116,4.263774408783869e-70,1.993012302964871e-36,3.1983281892336367e-53,2.8463069189207005e-35,3.7694461429071386e-58,3.1064374257840983e-37,0.0014008369795637378,5.582402321175247e-14,8.128883143938633e-14,6.511671490496744e-81,6.123774684846369e-103,7.88439068951147e-125,3.058169510049639e-123,7.216436573791323e-80,4.0401087494163955e-125
1.5773264337590362e-277,2.6606218444326687e-228,2.9590214488301054e-188,3.121058605907392e-99,2.770876161524655e-94,0.0031743860808699487,2.8063101129091795e-155,7.772109246225312e-112,8.499813091214827e-125,4.537553975832905e-55,1.9846339494157046e-103,1.8857944115016837e-120,7.663194901140311e-80,2.4899652936372035e-51,6.622700615066788e-47,1.2658120786399784e-56,2.9362007530888706e-49,5.65479092388467e-72,7.548290292930817e-77,1.838848242316637e-92,3.397503889935914e-97,2.721552299152538e-88,2.876165443786494e-24,6.2420270311727095e-68,9.595674578605068e-65,3.153384948820528e-10,2.0045191310076307e-52,1.993115325730396e-37,4.351576932644702e-78,1.0482414283326145e-49,1.780685123093082e-29,1.0862166101794235e-32,9.39379396041828e-24,8.090975050576798e-38,1.3095506599764016e-19,3.702381977589957e-35,8.583236868907064e-41,1.2070946570526069e-34,2.0081671996404625e-29,0.004076380790194059,1.0355324927711404e-14,2.5061150468707497e-39,0.009777999220906641,1.1350456707098537e-13,3.3393185481243097e-19,5.149967859707859e-26,8.896643300727722e-26,4.207205198449685e-28,0.005503574468419996,0.0029556191881355384,6.677416361011701e-9,1.1085199507775861e-26,3.877808433616699e-14,0.004557300801969733,1.3295284644092308e-16,3.1094930950338423e-19,1.5311772815828794e-12,3.518180712013424e-5,1.7156970150549657e-6,3.856103517277706e-18,9.466923438130967e-6,2.421967929400947e-22,5.848888152722342e-30,2.0659379499333366e-17,9.847926857005327e-21,0.0057088785195996234,1.138310359185179e-8,2.985484655253742e-9,5.759106793044009e-28,1.4916223704378613e-14,8.500364990068749e-12,1.2723134002534016e-18,6.306338213871285e-22,0.009385884709645444,7.403612514167811e-5,0.019702445563398355,0.0001536916683877436,9.738209902151479e-17,2.899792950022792e-23,1.2130925831548648e-23,0.004694790096333423,2.8944585808082536e-12,0.006857370218834306,4.130250240730986e-7,0.0007236648950972235,4.681528371552004e-9,3.1561946361724627e-6,5.212748143685741e-7,1.8904933006810382e-16,0.0009998176014336202,1.2618192154571766e-10,1.1021584612045902e-10,1.0888366891760043e-9,0.03878128305339971,5.106371747070865e-8,4.836833041392867e-8,2.7935911308667873e-7,4.009198399937775e-9,0.006850106931223413,0.003723681731323858,0.10923956900016607,0.004354777141051597,0.02986871682176428,0.038256717231758865,0.0015585666479405015,0.031176445733524842,0.012069825137694699,0.010314417308708626,0.006273984860742633,0.018739321875755863,0.028195271364501593,3.826012058709359e-6,0.032631755916565704,0.011580136537295458,0.07942742425223348,0.0087693007245883,9.368529167741967e-10,0.04131283922034346,0.01116489319559824,2.289565057699125e-7,0.020356065120381656,1.3348799712504386e-12,0.025663597964672092,2.8842638803485684e-14,4.462738529324029e-15,8.131530717632537e-9,0.026290873032317162,0.025723847740589615,0.01735689926682376,1.1865949190011214e-8,2.5423709646883833e-7,7.222260118248963e-11,0.019528404718352817,2.359737929874101e-5,0.01752380769374073,2.9305923797520533e-7,0.02910270131875658,1.3927994553615761e-14,0.04538330199283299,0.02782402429656639,4.436091197118602e-8,3.4939910849510366e-7,0.021031451601672486,0.0007711297741258574,1.9817401176951714e-14,1.8039241658490786e-8,0.0011833333033340822,1.9602684857606965e-8,0.01594952578889856,1.0062792145416263e-17,6.684182113632465e-14,0.06478124455911262,1.0257461721151888e-14,0.0043944255940545586,0.012471166441959535,0.0011850589185118448,9.11949000999843e-18,0.008355066266971963,5.686664957807899e-19,8.229811930141757e-14,6.457881620139737e-29,1.7244375671433565e-22,2.0040875987443402e-8,0.0007451232197826403,2.349499355846746e-16,0.006779917066611159,1.7626808425447726e-21,8.412827658291359e-29,5.178794224266298e-24,1.2749740066640603e-19,2.5711025186033697e-13,1.1325381885738779e-27,3.691347190925756e-30,0.003463965267097203,5.7702685780885795e-31,5.081494621645248e-41,2.899445070390907e-39,9.017113402574173e-57,7.80393664282951e-6,1.0619008919315721e-41,2.4213974506741665e-19,6.343710803612736e-78,4.152341994061367e-76,0.001278871527070277,1.8541775501029528e-113,1.7910756218598873e-66,2.4778348059908302e-49,0.00013373146930854816,2.5028625174735777e-7,4.078530993048997e-21,1.9348499422906164e-39,1.875777006531461e-50,2.923407179703502e-24,2.185211688698684e-22,1.1020705680123793e-72,3.0084623411266147e-96,1.4913405665445807e-151,8.374710949572712e-86,2.899536322723679e-38,8.079611791207546e-137
4.973448775852196e-200,3.4060915698879226e-189,1.6617508884302612e-129,3.785661228900561e-77,3.3300529166573524e-71,4.050596262807336e-30,2.862001008539039e-92,5.505349965036236e-69,1.8699590953469215e-31,1.7514938879080817e-54,4.523784719969611e-21,9.710314626578335e-23,8.976015604598891e-52,1.4687865976140688e-19,8.617971856665012e-20,6.393523459381791e-30,1.6942140135917467e-18,0.0004168989296035239,0.0032637376733200473,0.004288524051567506,8.650284729428489e-21,5.68553708655932e-26,1.4096612601476829e-14,1.4973955823284627e-27,9.545377170524304e-20,0.004480439433442263,1.9643187798910957e-21,5.6205722224736106e-5,0.001359154615662318,0.0032956134265233364,0.013228406581788496,0.00948606455043802,0.013167616063058267,0.020015131112341832,0.016847786875575435,0.001231317143833288,8.418405818093487e-8,0.002286369122042711,1.2609982221285393e-5,0.0032993566972457445,0.0002719393544237447,0.01511151784558481,0.014391695509416814,0.0196638052379523,0.027021760677541373,0.01497940082037876,0.01975619502296022,0.0017112806323443532,0.01100659774522127,1.1041971731557933e-5,0.001813436284611933,0.007252331133934423,0.020743326222498713,0.025918714245036962,0.015412206703064854,0.02240670312573744,0.004060068467322001,0.03944393265603513,0.020822748308678606,0.01151411703202836,0.011350537705299158,0.020117281212129766,5.53251302493857e-9,0.013217283213276424,0.02934298223031141,0.012422241223716489,2.1242388647174807e-10,0.000182020320526027,0.03414011556365976,0.013144285064425243,0.0009793489970788935,0.0028912026103002416,0.009409436295865143,0.003884298724259242,0.023542721391425395,0.018610061923661176,0.022994155348231005,0.04990221926478606,0.0202168020001506,0.020946155686805155,0.035508451579746504,0.010800312213936496,0.021855768035187826,0.005338216895955094,0.012226602903112,0.011764995330943438,0.00011308441319708986,0.007512044509237296,0.010492331749533497,0.020848094169310966,0.015487982523719003,0.003462731190795209,0.009799254635874114,0.0005606923001774855,4.6860851313039343e-8,1.1695928590502886e-6,0.0037389726113243498,0.017698164373807855,0.024855673737064047,2.1668397755063856e-16,0.002844111149147446,0.011773712202863051,5.0400783190937634e-8,9.897457448169964e-10,0.005002609146848694,2.766438699118758e-22,0.006291464229712379,0.00329589330987229,2.340622258586818e-9,0.0021954611025665973,8.972315364277807e-9,0.005973746444956642,3.1608406206804152e-12,0.0025166771116365096,1.170794140245033e-5,0.002766592899537469,0.006518853693492567,0.009407559226568668,0.00013426783268379071,1.0130659358870405e-7,0.00041281216505594973,2.669948251993484e-5,2.786047486482676e-6,1.1569353764093375e-10,3.7196063024867866e-15,4.063610586594495e-8,0.0014139774222179733,0.0017264375659372523,1.3403589038574593e-6,0.011993256089194552,6.292661994578263e-12,6.2800096507663625e-18,0.0018114138339783781,1.6966637470419122e-14,9.77185422925561e-12,0.005277602648513606,0.00850693280169635,1.847138597681762e-18,6.124570868735513e-12,0.00012083600137230245,1.1945151700695276e-13,1.605048534980243e-27,3.2547307345938025e-21,3.1693092834851035e-22,2.6040906943721223e-41,0.000555251220297544,1.4647059082684494e-19,1.3419589360815936e-29,1.799033018100761e-12,1.3472329758530274e-35,2.1421432676002424e-26,1.1592658105301604e-19,1.6479821053922737e-19,3.43789623698549e-23,1.0646080959285916e-43,1.5459555941869647e-26,1.5899258377582194e-32,5.528640357803796e-41,2.497903738222855e-32,2.2693661889477006e-18,1.5407200832590265e-30,6.151260458663004e-57,5.265694849964415e-16,1.8920940718986922e-52,5.63972097944037e-61,7.639786890565807e-41,4.1240452139687203e-70,4.6236459986728054e-61,4.809584686801446e-19,6.636217151454019e-50,7.131434243013685e-86,2.129274781070842e-15,7.454705604534068e-89,6.125596873432485e-116,1.8961120702483536e-77,1.5535090181447756e-7,7.761482011583241e-99,1.0017290170300678e-115,1.9487268111329804e-23,1.0377222966359867e-77,1.214695462205495e-48,4.1978734891831274e-94,8.817978783499361e-72,6.037151344646831e-27,6.720977738393139e-195,6.521391228854297e-75,8.96408585710461e-62,7.253921816112008e-35,2.4168372016876305e-32,2.9503871904530934e-67,7.370653448286489e-63,3.194039098041865e-67,7.360540963395878e-63,1.1758622542473196e-5,9.29000614729976e-117,4.492678591791812e-109,1.0947075792145097e-103,2.034215801011277e-172,7.966839405345202e-68,1.3673003122262504e-152
0.0,0.0,1.4579498622497314e-85,2.1075164079937213e-117,2.604428793913723e-113,5.166772127846751e-80,2.2738988776770214e-133,9.471736472009795e-78,9.825971753904532e-87,9.785448449390681e-55,4.995346243514998e-133,3.302301191869868e-79,1.963319597470749e-28,2.5264502047757567e-43,3.634539493828017e-26,2.872430286953626e-16,2.120934710297346e-17,2.0205500614241857e-77,1.1566375824527344e-67,2.966998721547283e-68,1.0246552947132476e-96,3.0442004702713304e-63,1.1894976423880897e-48,1.1054561163487726e-29,1.292732252924559e-40,1.1166877773612718e-53,8.863006402146712e-48,6.404912591603334e-49,4.498225923294649e-65,0.01529199406166563,0.0143170651343879,1.6783532297953442e-9,1.6671697591630087e-9,1.750613495286046e-21,3.75786464193565e-26,6.284491144423975e-39,9.789973999277841e-32,0.0050912944521266405,3.269853490955924e-38,4.27307751972639e-12,0.0034290812077532535,0.018834194538339583,1.4550302139129815e-18,3.476648298908191e-26,6.116462068491146e-28,1.5533889702521078e-12,2.0315240751046916e-23,2.6487478220785843e-18,9.858329533433085e-31,2.0576454288343885e-11,7.149806737845903e-23,2.6065257620776525e-21,1.275449781667463e-15,0.0034913271751305613,2.67007657341909e-13,0.023316195332684215,1.194376588285597e-14,0.0051223029639563605,5.77810381718209e-11,7.716836307881289e-20,0.006906544209615619,0.014985837587954007,0.014287022160035976,0.021541664581719737,2.3055740780558207e-23,3.643640665331121e-27,5.431560998072623e-5,9.341380972967817e-6,5.7182689163052297e-33,2.0704886197326536e-7,0.059414979456306166,4.4463123671712235e-24,0.0014389914512235185,2.5847673254373487e-13,1.8431128736413117e-15,2.5466879183850127e-15,2.638490751690965e-20,3.493160278600492e-6,5.1353355048823906e-8,0.050100964109979995,0.04209143772944482,1.6888140713204962e-18,0.031714017140290075,2.435001710381334e-13,1.0982149555174936e-9,0.01635847725759432,5.558194242376005e-17,1.1381229097701487e-12,0.04279783216621816,0.0053499757765553425,3.821283132213604e-6,2.0728045389061619e-16,2.990240430986433e-14,0.010864845910692578,0.01568222545151409,1.5157687425589204e-9,2.7568711684333807e-8,0.06200022239584766,2.996683448784587e-10,0.026501329710608465,3.3571493256277142e-21,0.017269628029358518,0.019593957558895873,2.3831663622508958e-5,8.829853765506255e-17,1.0607076431672678e-11,0.0078081603895252625,0.0009329749314107271,3.577101613743019e-5,3.8362220324356535e-9,0.021002761869924124,0.016020125109872177,7.189565442244966e-12,2.3167328161995474e-15,0.023889863122058982,1.1204734869315388e-5,0.010925720955463685,0.01899321374999049,0.0003896121080763488,6.499354856555645e-7,0.007946030247363525,1.0364569532059073e-7,0.015348293518797301,0.03371697103813281,1.0623324616011927e-8,1.8005900652302315e-5,9.605886569695142e-17,3.202426604788429e-5,1.3170251767854842e-11,1.6858860595055929e-6,1.6018597423610418e-13,0.012832652936304182,3.36671845842554e-14,0.008572726659806934,1.8841641518385346e-14,0.009536326463876796,6.337311393515496e-10,0.04387873440716073,0.0005601690916065906,6.265424589254607e-7,1.13503162996932e-11,1.6254405486943048e-13,0.016824847163841118,3.1770125217942665e-7,1.8998842654132166e-7,6.097839460015815e-12,6.804177862567579e-19,8.199405264524826e-8,0.03503583067579129,0.022362871176578338,7.271124327386778e-5,0.03212793640812616,5.507483340361038e-20,1.4945395847431482e-11,1.5457467596507412e-22,3.941881197000508e-14,0.01949151643554366,4.578752039047808e-18,2.057808184527445e-30,1.0232258090978782e-26,0.005378331943503017,2.2331440968991033e-12,1.8458209711590353e-19,0.009888347841769831,0.021902406290739848,8.741173025392622e-5,8.444418977862545e-23,3.317327817666713e-11,8.788843338221145e-19,1.0668815547349392e-24,0.006101507217185514,6.566450817734774e-25,2.246222884664372e-29,7.712668020313068e-25,5.289668564129787e-6,3.3174702327507637e-11,9.264619261128507e-37,1.3301337920372956e-37,1.7980181766814066e-27,1.1762182905127544e-46,1.4305864892334724e-43,1.3818311854792253e-18,8.903748225304911e-38,3.930827379665716e-39,2.003901280615039e-35,2.788203458968574e-35,0.01298865207573546,4.137015277190706e-8,1.1086996978773254e-5,1.1826404050404018e-11,1.5866902435472675e-17,0.003704616903210214,2.179977056877931e-11,0.03367307842485182,1.8607165902925812e-25,2.421060704058973e-40,2.508404983316318e-53,3.1677281436724256e-65,4.64276492360445e-21,9.213765558566813e-97
3.532879751160872e-264,6.471660703085593e-276,3.0453585283247925e-116,8.444428067031495e-89,1.5659489263247369e-49,1.786057707815647e-114,2.596508398749819e-40,1.3613561589163218e-72,5.657866037952326e-50,5.0255154186409846e-31,0.002446024930652808,3.4577198154068035e-35,3.4394451704702726e-36,1.4615915320044738e-34,2.9798991660324327e-37,2.659804630918047e-40,1.114347409667065e-8,0.0018792929147882552,3.300546888271313e-7,6.039523819606118e-11,7.69005639983473e-17,4.8408684712897585e-11,0.00043137170870407264,1.3596823296103542e-18,1.1294069552853358e-13,7.118862493172035e-9,9.608606632114862e-6,2.772528912373845e-10,0.006479232070173516,7.799556316624099e-5,8.62881321104964e-17,0.0008705865320572053,2.8796984748354913e-17,1.9139626345892274e-13,1.69584568990657e-10,2.455397400898445e-7,2.9353002149218488e-5,0.0019863746401101853,7.475348634178243e-10,0.004079285336363334,8.583449629268488e-16,2.8935052652724384e-5,0.013222486964897282,0.011248848538618217,0.005072907222007228,0.004166197326610336,0.00016314857151254023,0.02017463881832594,0.004421682496100833,0.00896070487348635,0.009885879909390681,0.00015387321624807385,0.0024397001256353332,0.009746647206390971,0.0025377467027048704,0.013439008478172636,0.016138592816752683,0.005928137833781465,0.004601262089234239,4.033416010561612e-7,0.014534300998116433,0.013349242732562964,0.029226957169004333,0.008417575904729403,0.00847001879170538,0.0002590692509487982,0.0009730533409191504,0.053159248523532696,0.00023231332407359925,0.05187031712593932,0.013825676116059575,6.556537673121336e-6,0.019384137670932895,0.008226524337089775,8.438492998488561e-12,0.014912296068851551,0.009239084195898849,4.261841997340906e-5,0.02874848438211846,0.026895363804292412,0.013901682172996794,0.033917194961998264,0.02024283901852765,0.017422438703724823,0.01998634168027476,0.04111455804519733,0.027659821503293266,0.008581158712386244,0.02712724845508201,0.01824667349008196,0.012278268400479943,0.0017468067344425346,0.01343501300070999,0.018028900924982317,0.015758053462646304,8.506266187506328e-7,1.6068028299747063e-16,0.00569610549366454,0.012504823109549857,0.00025128080547760583,1.208863680669289e-22,0.031680166753970715,0.02607370563994513,0.012189993191909474,6.883508107866974e-19,0.013851037730452787,5.733056759186747e-9,2.6708122038887014e-5,0.0016762016817297766,0.00818608359234407,6.303804075263162e-12,0.009613705123125716,6.322711159980173e-10,6.413193702464793e-16,1.911011164299697e-12,2.7154549650283754e-11,0.017715214155866,0.008646147323530272,0.002233527233204837,1.1604837395836197e-7,0.012149919858789446,3.424113303304608e-10,0.0038989449953662466,5.243577804654492e-7,0.0029488820796184194,0.013341481092707417,5.7597367716660175e-8,3.651259482092169e-15,0.006436903292522058,9.964406840505377e-7,0.012073113340526744,4.554696717559102e-22,1.3770675618207671e-21,0.00015280147797880496,0.008521218146427725,0.00018587885947292303,0.009835079050041,0.005768445649137346,0.0008338344694072857,1.207553869538542e-6,3.486046842704701e-21,1.9719722931809836e-30,0.023786376640808817,2.567477933494955e-17,5.080106972085812e-16,8.832795657233317e-10,0.0025251843126420977,4.7201833591697565e-25,4.094978186847407e-9,1.2716073680361386e-20,3.805598634523661e-13,1.2517881928847478e-20,6.853020482446984e-28,2.318202381177862e-8,1.3634627726879543e-14,1.425090888729849e-31,1.5359223351536543e-35,1.017503613785675e-18,0.0034686578286476696,1.996783808712887e-15,3.581648995079274e-23,3.6048713209152654e-10,0.001884431041015226,2.2374436952863524e-24,2.05435336116689e-34,2.765366621229125e-50,2.2052465963764e-13,2.3213171770698524e-34,2.41320451436847e-31,2.59852907651489e-41,5.074821676879464e-35,3.4319166647675675e-18,1.2629060539674868e-26,2.9156108557110522e-39,5.3191191786583415e-45,8.161690881645351e-26,5.724291383343403e-57,1.2577481931470868e-87,1.0926511147982732e-54,1.1740628857251823e-57,5.944103893981373e-51,9.174895352599186e-131,2.115217832124473e-118,7.221303748111146e-78,3.145897068712734e-118,1.94932889016598e-42,6.051524448494623e-36,2.901384735545699e-32,2.789704403780904e-50,3.54272426234803e-14,5.519343775407121e-60,3.626006828114313e-20,1.0435814587470066e-42,9.893473933712894e-40,1.1233746549024632e-80,2.2255210517954636e-149,2.115211274978882e-164,8.21762059312572e-102,2.6059529479961995e-108,2.4963015715205377e-174
2.0360090745674074e-40,7.980958150604482e-33,5.038076372614007e-21,3.779212015579806e-9,0.014557109411799076,0.015804726940612836,1.6082510555763273e-17,7.426118002988e-10,0.006665472927860697,0.02067888446043604,0.029833625803336667,0.04790597451380399,0.03453361356742388,0.06258742823757285,0.03473733092083392,0.00790170792409594,0.026948286543035455,0.019955638484820213,0.0022217615174170203,9.15780752825971e-15,6.004515303793659e-37,0.005938253014445236,0.014777730029003393,0.0016479299284729908,0.006236731857911943,0.006061591359300561,0.004439704622721432,0.009947967812713088,0.005944258260585174,0.012740930999175297,0.009178725195042836,0.007998200445104105,0.011634362398581186,0.018348661807563987,0.014661348850462256,0.017283220982234365,0.022279108095901282,0.007512709933058728,0.008871108802798788,0.01881482607144152,0.01631651636919796,0.009293304177753014,0.00781820502806314,0.007635713644637256,0.011527095674327152,0.010699126721295466,0.012762601784422022,0.01099319710225067,3.377511985314324e-6,0.005820409862906338,0.012557754885906543,0.004027223618246842,0.003110120450885037,0.015576516284174243,0.01931350057550754,0.03408116653241357,0.013111069097787077,0.008151697079944448,0.01082545832508907,0.011132561981105503,0.011170950156006281,0.00923681445349303,0.0052863354916659454,0.014721129874674208,0.013205404022134456,5.000552267335893e-9,0.004757666051379692,1.2481731585357444e-10,6.794999586907269e-50,0.011726664324914165,6.339651187416433e-7,0.006008205506139159,3.405318280124855e-8,5.851287826064267e-13,0.006990263878363218,0.009036133611181798,0.010761261373745546,7.711974024081279e-8,3.992134814858918e-7,0.0075500198962266075,0.005448696108470635,5.7758711589262226e-15,1.3226301214090974e-13,0.02130498928079568,0.008453104924457526,0.009685661279205691,0.009223607470960269,0.013417459621816692,1.8614810178422908e-16,3.629966359213233e-32,1.4307172463349233e-60,2.0092373599803255e-5,8.679637530359747e-25,0.0035455522310426126,1.602777721693076e-34,0.005882946379695757,6.25576503286809e-31,0.003893695839717676,2.0953814287964963e-38,0.005688987642356687,6.134721290299697e-40,3.917351213355381e-22,2.2688042067991157e-41,0.004761462120192258,0.004656882889261437,0.002990997054578313,8.782250351241675e-45,1.2750996716002922e-12,4.899460774703513e-53,0.002792097549020943,0.008390510505133496,2.729824560878488e-48,0.00930128812863564,2.9401332708684694e-56,6.644723312008652e-32,0.004312266994597062,0.004290756976982024,2.2033614709638882e-20,0.002159159446910003,2.045941647941697e-12,1.6629964541610635e-51,1.104707817274296e-29,9.534321896567724e-77,7.445009518252719e-71,5.750016610246572e-24,9.532651730024914e-59,1.972506584470436e-36,1.9942698277491554e-12,8.094137911511102e-54,4.440345508631756e-33,3.0106218147478194e-50,1.152843373223022e-10,2.214888372245755e-109,4.969787506516003e-36,0.0021110311279242504,1.4921598532397643e-83,5.767694349470677e-5,4.841762682723971e-21,5.609694320826933e-25,5.484444499083796e-32,3.853497457516555e-9,2.2707720925844182e-79,1.256191303941335e-54,2.367538141499299e-40,1.9202700038494896e-48,2.827526126223309e-29,4.839503881545402e-84,1.145094715976209e-124,9.242648076315441e-61,3.8133394264117095e-90,2.7297436713446847e-108,7.097763280428545e-48,4.160804140252632e-103,1.3342433604543844e-117,9.144462167983098e-68,6.31406383083048e-111,7.83532253098037e-89,1.6994463573714874e-126,1.717366177034836e-138,1.2728110935072947e-120,5.745103587819326e-126,6.064629125847822e-79,1.9724265497041438e-105,4.569800326860761e-53,3.7259115449904737e-122,4.238895138476139e-106,2.7220845649629316e-109,3.0481272598804648e-117,3.9640066516754462e-115,0.0018954886322910672,3.608814732523941e-82,1.4921463420873186e-109,3.781737364901918e-120,4.1105501268467566e-106,1.098905569668132e-94,1.755758182069984e-105,2.0499961153629086e-102,4.237453947818642e-129,2.1123683940892632e-129,6.473755323266548e-162,3.988398435004345e-137,4.009550523961669e-71,1.25942525086152e-67,1.408178207009696e-108,3.3381886531115487e-155,6.710886137774435e-134,2.171249416176429e-103,2.464762758889346e-100,4.744842109803522e-89,0.001858033437924237,5.567429352882085e-84,1.2915969421780174e-91,8.869475013204855e-19,8.416721369239748e-76,6.046937566046205e-121,1.814562503978317e-125,1.5564813208670078e-182,1.608544153894684e-182,2.102075350390767e-114,4.3255365646035116e-161
6.157653397978578e-256,2.3320739613992684e-229,5.546899381720579e-219,7.038314938599375e-90,5.395498668829728e-118,2.695290743276555e-65,9.61504003813118e-132,3.698516317376571e-151,1.5355201632644624e-127,2.5365892228210374e-82,4.803420837939571e-89,1.0872894860037585e-94,7.583827665530964e-77,3.379310105275485e-63,1.3525767787058018e-31,9.340214744997272e-55,6.740082572344977e-35,7.844515741219445e-105,4.512868407908863e-86,8.835621928486027e-108,8.843205811714163e-127,8.828167003652215e-105,2.1851509392536784e-91,7.365849052441785e-136,9.327602452158409e-88,1.7266986424182947e-21,7.41022551048042e-59,6.923036707709582e-79,1.0885820161086468e-80,6.379697607037798e-57,1.056185709079861e-67,9.345185200278955e-47,2.933189853147508e-28,8.345784906652092e-68,1.234155091569324e-41,9.589623058643998e-48,2.811450997626878e-38,3.483428386836222e-54,2.652674710823481e-35,2.3009513476383496e-42,4.575258908900304e-39,3.156789542410637e-46,5.210744089775117e-42,7.985217490883204e-44,4.6291274409108514e-43,1.3566694521120905e-68,8.895524082703788e-35,1.6837106375266086e-40,1.4623341626097434e-32,1.3895633732644385e-31,1.5951507563025815e-45,9.256517242894076e-39,2.2592525281260625e-28,1.8517035514926476e-26,2.859788507690086e-34,3.340303872794035e-20,6.504055494014616e-45,2.7684388562243595e-31,2.9366414811639837e-52,0.001150778736710663,8.497787747252262e-39,6.915804882880576e-20,2.2270342938514467e-40,1.5137042453248245e-24,6.26651086511475e-37,6.687056657650907e-33,0.001278753078294811,3.1337558480521467e-24,1.3677222178978793e-16,3.1328911713183634e-32,1.338327435176986e-30,1.525087233143435e-34,7.547196289379001e-17,4.5585856201612004e-10,7.148829885587954e-13,2.4625996904526094e-19,1.2278350302930801e-14,1.3610943458111095e-6,1.889051622388432e-22,4.811811303514782e-42,2.2805917603431253e-18,3.203006165644445e-26,0.002446930330877941,9.154947198281981e-17,1.2322742941641339e-17,1.1087553983803998e-34,0.00019370331552747815,4.547630021245239e-26,3.653631681021265e-17,4.3373235753563753e-29,5.401412624098005e-16,2.0337399086902275e-13,1.5704309680064287e-18,7.297629821826229e-13,0.0048420968386444895,0.0315939675852686,0.022998651598888115,0.04323054127275953,0.029917187528500498,0.04631904825462423,0.031028859441632202,0.03196669188027637,0.03093350959174052,0.012628251589790855,0.01656999768488623,0.004830569865928342,0.003377708007393903,0.002955821294424033,0.012171998608916974,0.02224544082476005,0.010530296664763324,0.0014383824100405154,1.2244356921515097e-12,0.0020029211098591205,0.014165531781897714,0.018452992017949494,0.026349933794945744,0.013061564906048357,0.0026110815404369945,0.021410590449907316,0.01780188637553122,0.02558683696825222,0.012040014656464959,8.134816633224639e-8,0.011112147926143215,0.016374457331549873,0.011890596059646777,0.004483943498503065,0.0077374530241709,0.0012848887484918864,0.02443132572057787,0.016870159381355377,0.02900246019931499,0.005697865615260007,0.01944321906809412,0.01994728703089904,0.025963456932625636,0.02226383741368406,0.031132343270537193,0.005990374304004723,0.007144912029621515,0.00996541106137171,0.01552946559229036,0.0021626825182982966,0.017923189366063987,0.005108154645346382,4.317952708249767e-7,0.025818453058142135,0.025185439304636268,0.025109749532718387,0.01115821905324615,0.008431116866678634,0.014448947278258925,0.0017252689076840352,1.3616457247792462e-10,0.0066328222401085,0.006161598216371901,0.0072816504677089755,0.0012913954188957003,4.652477542248055e-10,1.9173057193162087e-21,0.0006851664511767926,0.007346737808343475,8.857789963516163e-12,0.008642321314438059,5.181941759501062e-17,4.005723034064395e-19,0.002339874067607785,0.0019189162948710723,7.0713390149736485e-25,2.973580378188895e-28,3.058403461327812e-19,0.008932578104015758,1.9142049225318915e-23,8.181158390147935e-25,1.317612634966288e-26,3.1190102624088456e-33,2.923308300440563e-30,0.0008756120768686735,5.643093364790856e-39,1.2597376503359785e-84,7.859802085849811e-115,8.977901052058343e-76,1.1209282407378524e-31,2.2583422781962754e-61,2.6994467477980585e-38,5.141387353172491e-31,1.1558832003724728e-31,0.0038113315480236666,0.002608755938069776,1.5442947200082118e-12,5.67297531805331e-39,1.0339381152497409e-34,3.5937129660612918e-87,2.541320337743052e-40,3.8291128723966267e-79,5.777607477687029e-216,7.956103825571951e-67,6.070882635345552e-140,4.0691976483889194e-153
7.846445549815475e-97,7.802837445423562e-81,4.919524287043663e-56,3.512153328060312e-14,9.959689729311149e-52,4.191168671159688e-5,1.8151602835024483e-9,1.323782444473341e-31,1.994152623679051e-18,0.07398011647395043,8.749145803653968e-39,6.395561664986008e-46,0.005885433782014879,6.800110002810492e-40,2.632385707936482e-30,0.031069165362689118,0.1912862146667924,0.2334872191415382,0.04430529419290383,2.1758041250842575e-22,0.02462487854822293,0.023164917344764027,9.779185243321504e-25,1.2346941792938766e-12,0.0051392878102040985,0.003988762783577297,5.4231607177514196e-30,1.0708125069968835e-23,0.0037396236521331284,0.004087900423951954,3.166451411552668e-16,0.0065842560882281706,0.0018874774428723228,0.003973767571344869,5.079259604354587e-10,0.03339644881197985,0.027227854661256268,7.4985370958916e-7,1.973046795117112e-13,2.1081416319321807e-12,0.0041253108455329875,0.003176705360971922,1.072986951240622e-27,2.542224875658063e-17,0.0098866033008942,9.343456536918519e-26,9.362543767287076e-28,5.471890389193874e-35,9.668775101796423e-17,3.953956689211855e-8,1.7812260546991255e-21,0.024902540106255592,6.870485194330492e-10,0.011514205935406703,1.3743141534275993e-16,0.007214760354839171,0.0015955543892020403,0.013267351108029197,1.1669820379614363e-10,0.00602431204051064,0.0038270611588962105,0.005923708279123125,0.011115162069987278,0.012934322595548185,0.01329176924412148,0.0047247629346328975,6.19365537843976e-6,0.009452902685358741,0.01995137488371593,0.0060131852088104445,0.00026270654891118335,0.0012102935488886037,9.166546909519536e-5,1.2383355144552914e-21,2.2554544629841663e-26,2.399050427894397e-11,2.7325705154223166e-16,0.003675323948765981,0.01176525423185777,6.614047265408329e-36,1.2923916257425864e-18,6.034645382396456e-19,0.006400137254271496,0.014864334197093624,9.616816528843549e-10,1.0550039185862795e-43,0.0038097062013731156,3.163926131905366e-15,7.339669537968388e-25,0.007692976277068059,2.032622563657149e-51,0.008648690001686905,5.296663626187547e-18,2.282516112064708e-34,6.065881453720464e-39,6.050285557290539e-7,4.2918305793516366e-24,3.4569683531850395e-10,6.62213958816532e-43,8.63131333074433e-34,3.2829355790809896e-19,3.6474658569182875e-46,0.014886858789808489,2.873932562270342e-57,2.51149166749714e-24,2.1562942244316977e-40,1.5109835531550748e-44,2.821255892879008e-47,4.5236864498353787e-29,7.551226747796566e-53,9.760884813385906e-60,5.780608868110941e-28,7.667310111564385e-62,1.136291054813305e-21,5.79149655821519e-47,1.765817183687647e-42,1.4465939100418832e-49,1.4087255662784452e-23,1.234953485436565e-13,3.9817799495651535e-41,8.07554966239376e-57,6.314187395162879e-39,1.4942043958165523e-38,8.127554669367753e-33,1.6272780918200237e-32,0.005570001799911178,4.989553051192951e-73,0.00820050694972128,1.164512488662525e-22,1.1247030955510312e-53,1.8852036865356971e-38,4.2559095394937544e-55,7.233433247990071e-35,2.616926328072146e-64,6.971189440111356e-13,7.233689623078938e-55,3.2634974711011656e-29,0.003085361810637503,1.5989502352567607e-34,2.5698991478046352e-93,1.7877228833692407e-48,6.771051663040596e-92,9.141004225982577e-67,4.03814311826277e-69,2.16921344326296e-81,2.8227333572542335e-69,1.7530542288635654e-85,7.590995786801895e-96,2.1092542354687356e-71,1.3562462674260084e-78,5.362492109156101e-75,4.07891624731841e-67,9.364079925778058e-99,2.707184867045049e-64,3.131650428211871e-93,6.405062204825967e-89,7.9291072541380585e-84,1.154732887616291e-139,2.590640442241873e-63,7.644867012284749e-57,7.189936553046761e-93,7.856222368341574e-103,9.420303786552539e-122,9.552387425883599e-111,2.892053376492694e-72,6.970772658920713e-88,4.018320254592516e-132,1.079797526368614e-135,8.672500937450288e-128,6.523638497747288e-114,1.1708469560278764e-124,5.185738444168432e-131,1.4578897449072452e-172,9.505547493541461e-76,5.0841025676684366e-138,1.7759717020138648e-190,3.2826538796351323e-185,2.2435612971837962e-204,9.557412575101037e-155,1.0428537995009567e-82,3.099933303195805e-68,9.05655031181375e-165,2.0893898703732526e-85,1.1509983886527031e-108,2.862581442813036e-239,5.043350450277108e-125,1.2636716005164836e-70,2.498685632941915e-79,0.008845721652213916,3.692134098320654e-68,1.0411311339453429e-71,2.8380692465590375e-63,0.014170745831910934,6.58700759315982e-39,1.1567551640682566e-148,1.0503604269226726e-274,3.9232687946579776e-176,1.2008286584759152e-251,4.031689297759582e-185,2.632810112023291e-122
3.51323853703072e-199,1.9835934853086542e-109,1.1147988583393274e-105,6.854911951394088e-52,1.6417378743736735e-65,1.7558703806437791e-78,2.393706440709706e-19,2.8213574668991064e-31,8.17399331575782e-53,1.9625014563671434e-39,1.993238402249092e-59,4.662967003927321e-48,1.9832992833075608e-48,4.970095762215294e-16,1.1722005871039307e-28,1.3130207308806516e-36,3.6510590234465453e-31,8.120582274621806e-11,7.683296644334274e-12,0.01580729718425917,1.8320341475357136e-23,5.11715394013213e-9,0.03552967536781676,3.894499467170042e-21,1.2309047001530524e-16,0.05445564319402356,0.025834311762045363,7.160682145627139e-26,2.5313594220742722e-8,8.015223175362877e-19,0.0018344037606075837,0.02123965193677667,0.0065579278769925175,0.010174195204121248,0.005402756843141106,0.0001589660506740544,5.182182759533305e-7,7.83736196208402e-12,5.400516388386489e-16,0.01940744985392635,3.531582713645129e-11,1.3244118031810609e-11,0.0013895577329894777,4.251145204247559e-16,0.02659258067414764,0.0182216129167986,0.04162174766689735,0.010601092432400235,0.0025135817013393924,0.010603433695457092,0.020199239046080366,0.046546488090819516,1.78928181455846e-5,0.04004584284792602,0.03924035396279161,6.356672675688215e-5,0.04441425485167074,0.03843388397078819,0.025675100221740244,0.06316778815366239,2.991839997176084e-10,4.924081975033058e-9,2.8123302403062924e-8,1.1207538257704493e-9,1.0776330115701597e-7,0.03133309516233007,1.2163497436628775e-7,3.112474428754434e-6,0.01168365857597304,0.0013908979882133587,7.370484256132787e-5,0.031063416146120862,0.004218034983695598,0.0003051423090808765,5.636181810359867e-13,4.5556188074019307e-14,4.1494543484431836e-6,0.07857404055487129,5.794441826867736e-12,1.0672343847747618e-12,2.197604516791216e-5,1.323214045671497e-6,1.0280208572164191e-6,0.005620321678302261,4.4924134994506435e-16,0.03021107247099888,8.494627925243385e-5,0.010548847180079925,0.01234277994012943,2.5740792433087887e-6,1.1716906325554478e-13,5.504944962330658e-11,0.019194573429675843,1.5241322315971522e-9,0.011753997366598226,0.016178787494635347,3.354722268383095e-29,1.3430374414191707e-11,1.1108246684029059e-15,3.4861020580575296e-6,3.8904238937040495e-9,0.0017778970015398404,0.003455316283651215,0.014651790160032272,9.622731046342479e-23,1.4420753439297839e-9,2.6905946721389697e-7,9.022495948791132e-10,0.004628045720355152,1.0884483254258466e-8,2.980299973971582e-7,0.0008395820077648377,4.1296382918303465e-19,3.997724877619177e-17,0.030737512933829873,2.8883314704008346e-14,4.778888756603344e-9,4.143037407894845e-8,3.437743674663159e-22,4.069334409276144e-27,9.711236876848795e-6,0.0134614402009386,0.008227767772054084,0.002408859572613738,6.369660125623182e-24,0.00012470390141505207,9.594113278112178e-20,4.125948255914548e-8,0.006368330139695579,2.92223543820726e-6,7.805117979426534e-7,1.8028980487323695e-32,6.2480585338495915e-24,0.0001234557383210805,9.319696036432277e-7,2.80393770874987e-7,2.757538602552921e-5,2.6883044286015398e-25,3.263661816436986e-11,0.00040978672403712695,4.451738751198675e-11,6.9362906213362806e-43,7.952703458848264e-10,8.895564476369138e-23,6.673985003139359e-33,2.467802994485905e-21,3.931715054262983e-11,1.4005524092141317e-39,1.3935219160725854e-12,1.8104067161639159e-19,0.010466664950260864,1.790811439031733e-20,8.167880696889778e-21,0.009645964582455884,8.051755073369985e-34,3.218607739685274e-38,3.349147649420612e-63,3.685173037532133e-40,3.1134502605615585e-42,2.0191813634389489e-22,3.435706229447271e-47,6.92893663710509e-5,0.00011777147358730164,2.3577108985574453e-28,6.165894206474241e-33,8.96965743481969e-39,3.0463077540970465e-46,2.5168666386560477e-24,3.451403235194748e-42,1.0998376148382978e-51,1.6033818917709257e-40,1.8480439737733875e-29,2.3448156606756968e-43,0.0020768147476277012,3.3638193253170534e-90,4.4546818268093913e-39,1.7409465946152264e-41,8.7072127569264e-84,1.63799411913881e-8,1.16674901719942e-32,2.162421332049238e-64,3.2004370933026144e-96,1.0173750162777461e-94,3.208644311778395e-97,2.12744660146811e-121,1.928619006895683e-87,1.880967511065648e-59,1.1899099856589563e-25,2.4040240408350094e-42,3.942181329955044e-8,2.1648655041449572e-69,4.634425381735459e-28,2.718635641788745e-75,4.928522348170515e-53,2.8240687766119016e-68,6.31370461348546e-121,4.769648178989127e-198,2.508113564394482e-146,2.0393107590838927e-105,8.83176156359325e-149
4.255496201675427e-117,7.080698247834091e-126,2.854967273641775e-42,1.717028246950618e-34,3.0172590792449686e-51,2.612014497340289e-49,4.245347893294226e-30,2.307837477237966e-19,3.862048396983769e-11,3.8321415393492106e-5,7.018952829410226e-31,1.156002880737037e-15,0.006183202389948066,0.010177560067645728,8.840143219217197e-9,0.005714503086520224,0.012912747148067297,3.5983102084589284e-47,6.98886737479258e-24,1.3730993968858265e-36,4.5717025183563143e-26,2.6220499788070882e-17,3.190393315242776e-37,0.00093798995387418,1.5699739317732068e-10,1.1003901015575731e-18,0.006024915918407567,0.016191340349205233,0.010923080511748826,0.02118876481659115,3.2723988836660213e-8,0.014163695952462167,0.029761662290147352,0.03229645340071045,3.559399163487559e-10,0.017052412859126464,0.02258175617895603,2.779303076545354e-9,8.181255960039808e-8,0.03871795645606555,0.029510684579192575,0.027579953681317233,0.0014001915521733867,6.727309796416656e-17,0.03261833943378075,8.863188446949669e-7,0.024975147095355518,0.00010285136116366699,0.010814988062108104,0.03582199676658721,0.028549505017842383,0.01670737543713661,0.033417080459221135,0.012848179090727682,0.0069397758795115986,0.010978490987487946,3.437491439036166e-5,0.009058305942019618,0.011233909555582771,0.016930120124531784,0.04519298631917592,0.012971785872467072,0.0034695457077155113,0.005912911676741152,0.023494742676027677,0.007336905865184404,0.010183260955909946,0.02864339918695443,9.846955609417637e-5,0.006678138472055311,1.2986410966472843e-8,0.04225315383988883,4.361743388751479e-19,1.3975216316451624e-10,1.2355176092193496e-7,2.1752690235635203e-15,0.0235026926695241,0.002509748692478487,0.007789576287938216,9.84767873191016e-10,0.006392790224679628,0.011714651340046428,0.006271179764530748,0.007685030718966612,6.9880215263660455e-6,1.1283632134633073e-19,0.006031066796147238,1.4836214453251762e-6,2.157676702649614e-11,0.00252743198984567,0.021805598761548438,0.0025259108978873163,0.004987680798165996,0.028021649076095733,3.3097964553149427e-16,6.9394020033688e-8,7.413710761427088e-24,5.590856602482073e-15,2.1864020356829517e-17,1.8890442562903773e-20,0.006027604635504942,0.007493073636860395,2.4229162871730813e-29,0.012075408361983443,2.3298764158221156e-11,0.00524720972337511,1.5170057446596695e-5,4.971840512715616e-21,0.011645886768218686,0.006855286270336544,0.004424557099479344,0.007023993753925339,3.314779502553762e-12,0.014661838340141248,1.825262645499428e-12,0.004106845103032034,0.0009701439335252681,9.45515488695113e-16,2.8236651166355922e-8,1.451936843250214e-15,0.012647690416669768,0.004238869945845014,8.363826281179697e-29,3.345315069506574e-22,1.4743752668244376e-9,1.2337399898883393e-20,4.484255894951783e-16,0.011271615358896587,5.230164029265851e-7,4.455930469323083e-19,1.44520140502049e-29,2.019884943702809e-13,2.59364947541965e-15,3.738010067906271e-17,0.003382691572896275,1.2515013040992942e-27,2.1581216997073746e-12,1.7669331733542842e-56,6.509342350290958e-13,9.882791814605947e-48,7.669330457625486e-17,0.005753248238688777,4.784442604292884e-32,0.004908955422001548,9.399437700389866e-35,1.1760715359952483e-40,1.6766260346956887e-39,5.215981596059196e-8,5.250561141308494e-50,1.154578486803092e-19,5.09212360832617e-23,3.649730428572424e-31,1.9110413424567284e-51,7.824917343788058e-41,1.3121342741291575e-81,4.891122248298841e-31,7.206506347076108e-54,2.879466898821925e-75,1.1091512235750285e-64,9.311204374904893e-12,2.653125384860158e-45,1.08255129344616e-56,1.002586610083664e-8,2.988304600834411e-39,1.1138646700915041e-39,1.866367581388388e-72,1.0960429001217956e-71,1.6292809476657158e-91,0.0034034346575026477,1.184211072595159e-43,3.2142791982024494e-42,1.767838525462699e-68,2.6098248238806916e-67,1.1719279729276514e-86,3.4667304842391066e-66,2.8965593420126186e-29,1.5639082598707427e-90,4.2518181992242276e-77,0.0011956294591563305,6.2839934966855694e-77,1.0428548069787828e-68,2.1781505387236113e-69,3.683604658402578e-84,1.314181284456177e-72,4.208420783631919e-110,3.694164828670638e-63,4.593986656583851e-11,2.458398435139761e-36,1.3891972165298963e-38,0.00025259961595983256,1.7300617492048875e-60,2.0543871766395624e-19,1.8771026406333664e-16,1.0782988764886845e-30,2.6104271358342362e-51,4.930019016793678e-97,3.532204208336345e-154,3.2036105524362273e-126,5.843147891035154e-109,2.1522583053684262e-71
0.0,0.0,1.3225333876539535e-127,1.2252578570028867e-200,5.809691090934335e-29,3.7529723167104034e-114,6.481658617690114e-173,2.0129491045966747e-165,4.795259209933869e-204,1.6898557367785233e-75,5.3228135919008486e-197,4.457193312067213e-150,3.438936001211474e-91,1.0387955407322725e-147,4.707664560268117e-93,1.226869297670632e-66,1.124027296642441e-63,1.9747871537348525e-115,1.4984211868265055e-125,2.6263230932481525e-142,2.1242208787053167e-184,1.10780718516436e-138,1.6270748776091908e-107,2.624902092703475e-44,2.224850381104838e-79,5.694465937102284e-131,9.722698318292608e-91,1.6172186860356267e-95,1.842637812425348e-77,2.1394811861225323e-39,1.7046838263418362e-46,2.9615960792993787e-89,4.982695537963514e-48,1.1527211182756919e-54,1.4299407160446953e-71,2.666420548754099e-38,0.002981086063340418,2.8947151927783417e-56,3.688503278948763e-52,5.008126623194576e-78,8.980636679115656e-45,7.969604108339211e-61,1.3943735899640062e-26,6.554667585424086e-55,8.39926347745843e-61,4.185180770570954e-46,2.2367435782976333e-63,8.790761542785116e-44,4.452537753003835e-68,2.459922426149978e-30,3.196290511722898e-39,1.2120624682782458e-35,3.377615483162178e-30,8.61764013572579e-51,0.0010484324231166838,1.0519630892359002e-29,5.298229380002182e-29,3.807813505955498e-54,8.970981056144465e-20,5.135958788822713e-59,4.4463944878833987e-26,9.468572934598394e-37,1.491007791613959e-14,0.0013356993700287048,1.6349961503824228e-38,1.8056532870304513e-41,5.692594926621475e-7,0.003910705516137607,8.115145908428744e-50,1.925846646461231e-17,2.1563755801705456e-7,1.3704124428712028e-5,0.0033305163537609836,4.661408595311265e-59,2.8774209842895575e-17,5.472659797805543e-7,0.0003518012144525363,2.32514567393327e-25,3.3270621375351326e-30,1.2017366411654366e-9,8.824339216530861e-12,4.4710402964983e-36,1.0322928175360532e-6,9.970619396920195e-31,1.0750581642249661e-27,2.502643658417706e-26,1.4088112965606468e-14,1.018121421369729e-11,4.917015944012366e-17,0.00018815968171119918,5.773343651925339e-16,5.569877710797756e-22,5.620944788845961e-38,1.2820946066393983e-8,1.1312300883809616e-20,4.655743381120357e-13,2.4529052049299156e-22,6.836019919976834e-5,6.257529601436008e-8,4.974671779323525e-9,1.683706246336732e-10,3.147458805863533e-12,3.460179457842399e-27,6.761312043145379e-12,1.87198377754702e-12,4.798639145699214e-7,0.009679511454442583,0.0023890271779521775,2.0125227934298957e-7,0.03914363433679941,0.017194921850775056,8.010144113444477e-8,0.0002490014478412085,0.015632876784778153,0.0006208376082734194,0.0002566934897406002,0.0004698944278530686,0.002773404331611839,0.00022720888329091628,0.015101910534097039,2.7236075266999116e-7,0.001657445686221883,0.006713888240891794,0.009818500903706383,0.014346620117666393,0.006840122727646294,0.019152929602848843,0.00016066943904489726,0.009676836003044347,7.180001174383747e-5,0.016463893388582288,0.02318239423652804,0.026405164215214376,0.042902481541636214,0.051210475044044655,0.015053603953153534,0.0318901732189526,8.74143498434088e-5,0.03976425238675977,0.035200750978959645,0.014283046200929633,0.01789738403758483,0.04780175493329385,0.0055819509417881375,0.021151722578487558,0.0011681247375633392,0.011276797876516264,0.042213998476673155,0.03403366465689092,0.008015611509198741,0.018682127876468092,2.7286071532652776e-5,0.018063215983123673,0.0006886147024917498,0.004218850241386509,0.018403615799591235,2.0408121693371627e-6,0.0019409059183148202,0.025499241330374386,0.03834834043431224,0.04212081002883975,0.006403836721621735,0.022397026978086685,3.713867947487514e-7,0.00019799189792270338,0.01455325558257841,0.012602348715188758,0.023273588260258087,5.152972085328358e-9,0.0002474886562953308,0.007469636063536024,0.014059326507989876,0.0003836250132544961,0.003940735586977285,0.011070328729598873,0.009249758656058987,2.932082469713544e-6,7.028007184041394e-8,4.883976353313862e-13,1.851938371702483e-15,2.3571799783259703e-12,3.959617514048005e-20,2.3835578542702697e-17,1.6298398287455055e-22,3.2017088624187764e-15,1.0013943404344611e-12,5.843269586200701e-12,2.0649872622509142e-14,0.004279141465668318,0.02468654258892246,2.620898045496603e-5,9.18749558442468e-5,3.1742728731951975e-6,5.479808778875311e-7,0.0060707950710360585,1.3873216925211782e-24,2.1528556588181734e-44,1.941426699093441e-28,1.287408787668295e-10,2.3399154451254398e-70
0.0,0.0,2.9980259292628664e-156,2.5994338279071562e-217,4.9460856603391694e-89,1.2225461729816536e-143,6.12540245141936e-143,5.9003769697747076e-173,1.3568547641581896e-288,5.031237964414366e-142,1.5586468914976468e-230,3.8320613187314654e-204,5.16355550194401e-153,9.018026570479518e-163,1.0062239217225496e-138,4.5290892134488707e-119,2.6786088261869544e-81,1.929472064587097e-170,1.4779167040358382e-128,6.992463448613303e-214,1.5983798429754708e-217,3.68627973919509e-159,1.8600947264646005e-186,1.1209075456997912e-22,4.124891071686088e-158,1.1888385923632568e-132,5.518504893626026e-116,5.727209239778743e-117,1.5694923814953764e-133,1.87165982460354e-92,2.8371795045308987e-87,1.2503106986691099e-132,1.0145916011908902e-105,5.227906966327563e-87,1.4149522765234911e-145,2.3438035679308154e-25,1.0943353896095608e-18,8.8709588426328e-102,3.6441360587267883e-97,3.2246206097178243e-108,2.1969116415496525e-103,5.090893038297228e-117,2.7584396093840126e-58,1.068741019619142e-36,2.3938589125276837e-122,2.0221358179191876e-111,2.6450020143072348e-55,6.929240297004901e-71,1.640902445046174e-61,9.472994127792255e-95,9.567946322382394e-80,1.9409234193077198e-65,2.226933063021768e-74,2.0593057902368345e-65,1.945019725006644e-13,3.426609010746956e-89,1.9857312976228265e-91,2.444849717383635e-106,4.859140846432217e-79,1.0973734003126882e-76,2.5027318594655488e-54,2.216556485015676e-77,4.3044389009067626e-42,1.195448318900963e-30,1.5969026516268538e-97,3.692574685198873e-64,1.3754295855249792e-45,2.4431524315500987e-40,2.5009590186678837e-73,4.420437186067499e-56,2.1344777020880674e-34,1.2872905866924736e-7,7.113160216658663e-26,5.645284806490048e-99,1.931185020255707e-58,4.101702240829609e-28,2.9811766784954535e-42,9.333149029423438e-25,4.9140201937921825e-81,3.615444519449611e-28,7.374301124673921e-55,3.8981116777155646e-63,2.861991572031677e-69,7.155054124713165e-32,1.9237843046767417e-80,1.3788339561597188e-40,8.072748670588083e-86,8.14036164870112e-36,3.230037271737841e-36,1.5710574188117364e-22,2.155324101647959e-31,4.311195509041375e-35,2.165613948501381e-77,2.5446292110963337e-18,3.0008221191869356e-34,1.4440662364514807e-43,1.1759811931174448e-50,9.210609668223534e-9,6.268714255239849e-37,1.3285267255801353e-19,0.0002969785766075695,0.00013723715862479195,9.087585577682967e-25,5.298028890590275e-28,3.2410813911889163e-34,1.0052046507533515e-17,1.1505929739049228e-35,4.727802244048661e-39,2.1487126908320668e-36,2.4641532298135823e-11,4.0631361916532074e-25,2.8512033577382806e-27,0.0005241639880881564,4.025239797376482e-11,2.797929891491592e-13,0.00033014094994840605,5.926991551256543e-22,1.0475869006359158e-14,0.0012771221365646464,4.3519907219702426e-7,2.499651840663747e-11,1.7301319692564027e-25,1.0875610298082728e-8,2.2762820564202506e-13,3.2062567667228485e-15,1.8833528471790113e-5,2.4927627144948504e-13,3.864435565992869e-6,2.668960791006194e-15,8.472522634293287e-8,1.0793499358009405e-8,0.001245491134128013,1.762718740816953e-10,0.0007471746875225892,3.1964688643598344e-5,1.8029086789417453e-5,0.0002184160295239874,0.0021860982036993218,0.0013632904823100925,0.0008869897208563829,0.0034840568317788833,0.004237364954727438,0.0006437076701701961,0.0055212882494049655,0.0024730956930388895,0.0047811893803325544,0.002183532369327697,4.01126226526093e-6,0.0013358909720947063,0.0006260144330969173,0.005156078436932051,0.007668904380727752,0.007451878004118183,0.010257818256811728,0.005489223488621839,0.008362125644308193,0.011645997681395768,0.013246463142202802,0.016850405183500162,0.010335144826837027,0.020666302259432848,0.020396712635746096,0.019549891371425855,0.03105338332229691,0.02804569450228783,0.030613863942708743,0.02956887056094584,0.03480687424751477,0.031438733801108946,0.03263287861305853,0.031172030593816603,0.03401111764554146,0.04665474304171652,0.04535456418788008,0.04065116114283149,0.04397583381910111,0.04244434878669771,0.05015137873553619,0.04936352122724378,0.04764900139492277,0.04264189551526431,0.03198765016918289,0.03360245834817377,0.026568094571900434,0.017831521238138644,2.6903678525507197e-5,6.3324090296692354e-15,0.0018985611653308393,0.000805712410709729,1.8160623152733016e-7,7.5470102656088e-13,0.0014244942590136177,0.0017119723201245807,0.0002391832552788276,1.9800160306022234e-5,4.6275815623225514e-26,1.8742752936323072e-55,1.9640227334637488e-28,1.2201669300507888e-38,4.767073375473935e-31
0.057941838372644314,0.004359938823378839,0.0583099596393256,0.03422323204979084,0.04171594363475214,0.05525791006794676,0.07348851358036962,0.06515685900680149,0.058307432709496426,0.0353689709775907,0.0077558232693283775,0.015497870505231512,0.025192807892554996,0.03169920605960949,0.03714149947382033,0.05484619017635843,0.015453256863452553,0.0048030704989449535,0.02258722551441227,0.010424053094310335,0.015158585617091259,0.008178318104175563,0.00022262832709164375,0.00397723468174802,0.013845221393702568,2.3226475162051536e-32,0.02944974604308302,1.4146550325342527e-7,0.026375224829178725,9.614559291477034e-16,0.019953412958986984,0.03407547086116014,0.003557634092461487,0.0002980281600008164,0.009363524655935963,5.432994687629204e-10,0.006240667305639295,0.0060856481837509935,0.011135087989805975,1.1954272152628062e-22,0.006797118733363629,6.573354248195947e-40,0.0023728954960480523,3.523352550423392e-28,2.91215327626366e-9,0.0013119470277029798,1.4067175742148644e-15,9.011582954292164e-27,2.2737886529242706e-18,1.1622803657307883e-49,3.3403474677301264e-44,0.006218307574161049,0.009681384510561311,0.002555718735513148,0.011437784815751011,0.004478655657025601,2.6027102296596104e-38,5.9125946360467345e-22,8.846720224373104e-20,4.0890366148212884e-6,0.010188182516074493,3.4389392392308445e-18,0.01334319618220839,1.041345055733025e-21,0.0026468893661162323,6.294339280885041e-34,1.4530289534607801e-22,3.442553826470445e-30,1.0295762835288917e-48,2.2724322159280874e-31,4.900691805464914e-13,1.5771673688961185e-39,0.015031683905497712,1.0693401398427524e-13,7.469059542727548e-26,5.631755312104336e-10,0.002034104202984311,1.1325616794619712e-66,2.788597187245587e-6,1.7435655865857545e-26,3.018199598363969e-36,9.388921133652445e-27,6.822975547761792e-26,2.4892830480478974e-18,7.396012195165818e-19,2.1730672131143617e-42,2.2993595566548957e-35,3.2884850907966965e-30,3.477337839993595e-49,5.46326150862906e-76,6.660629042830985e-54,4.778867951916774e-34,4.1819360221498117e-47,1.0031108902809057e-55,8.093473089288601e-42,3.952637873836949e-33,2.371738692143935e-37,1.1407575736038822e-38,2.344613260876004e-48,1.345371008390861e-49,3.4593149189754446e-137,8.614596556684004e-53,2.2217880222548633e-53,1.2533083415942564e-30,0.0018741382981656376,4.329456652534499e-50,7.77385671420262e-78,6.296959686018546e-36,2.431339387169309e-78,4.3116381938897847e-26,1.2961444468737052e-75,3.947031179531349e-42,6.286648980974728e-42,2.09113244107055e-65,2.148541917622516e-87,3.316930964985159e-74,8.945829925895547e-79,4.63268093232934e-105,2.4231815662488623e-85,0.0017445813277781825,4.750809438492485e-124,6.677442077165688e-56,1.5843283654890367e-140,2.700017628436455e-90,7.37429650637471e-77,3.5661468907134066e-120,0.004491785127110145,7.625545559618162e-83,3.8503781241609744e-63,1.0108606200485615e-99,0.002952174704791571,2.352531069247406e-61,1.1019800197866322e-120,1.161599038224824e-50,4.8961756145606386e-68,1.4531296695506935e-99,1.5373404338592607e-95,2.274230346350804e-35,9.652582019669393e-110,8.396725781332917e-143,4.6432670477166085e-67,5.865467947037592e-127,7.848269420498433e-118,2.7573620527779655e-122,6.473949922458505e-89,1.0926612305689705e-108,5.423185558114568e-185,4.6426608865162163e-172,9.048761671988482e-116,3.8316941478229445e-170,1.8235309063640455e-159,3.049858024033723e-105,1.5229667960010704e-144,3.0450416852714397e-184,1.1483297342000387e-182,2.0304659668883447e-163,4.620071351389728e-83,5.0732730112001286e-279,3.172426799763326e-213,4.3831156187110825e-143,1.749793483723418e-147,1.8929663269663498e-193,1.0098422431718721e-171,2.1537345650672004e-129,3.582900013815095e-207,1.2504897229693376e-148,7.865317952660847e-176,6.018505514329803e-232,1.6403733202940198e-171,2.4862319943525455e-135,3.1964214369340256e-94,6.440813053386253e-210,3.624491108193911e-206,7.026158316683967e-112,2.2892298965400436e-175,1.3481511626774128e-169,8.585860732089969e-171,1.5741514391852445e-192,3.345041049026304e-232,1.567953005382107e-203,1.2967042200442352e-129,1.7400533793246679e-93,0.0017428748383222562,4.547203529028481e-112,8.995799965227516e-249,1.761132923775895e-216,4.991429375285451e-129,6.335178545962064e-155,2.9301414371303762e-114,1.0455665865651208e-23,3.431209615154526e-99,3.016743872059163e-122,1.3167407804643852e-102,0.0016415184483590407,2.496249734679912e-200,2.540626615336407e-181,7.768167304415248e-251,3.305217212433856e-254,1.8590825432455836e-171,1.3258241333168314e-184
0.15126983408780537,0.08064158443997568,0.12321144118315949,0.08477892459962129,0.07311422067458336,0.03502309614281401,0.024467922685217077,0.03223868322266369,0.04118139192810266,0.023625220762558137,0.0002214399024531145,0.02020222627147827,0.04391584133276632,0.037126326724196135,0.05081496092119486,0.04923304384692854,0.015374131975888664,0.006145335354320721,0.0026949608684909273,0.01673042194510348,0.004541535480832897,8.175229550922555e-28,0.001468116162179534,0.0020358738800685086,2.0205984121479126e-5,0.013013692839407152,0.003641902478640532,0.0008722061301803838,3.3145650980902844e-26,0.015021405343202615,7.417291931531725e-35,0.0001277199923114005,7.303041299238543e-5,1.2814580895851679e-14,0.007074081296451703,0.00016046516050373155,0.0036099217057360584,1.2836640488767852e-34,0.0032813341746533997,3.8475373605353127e-17,0.0063062519805558185,3.72954837166307e-40,0.004049008068067372,0.0019923325530464457,9.446110579363749e-51,7.050862235605428e-19,0.00350261819160879,0.006204239473708783,1.9163880954806015e-42,2.942834129098477e-51,1.8126122730302869e-12,1.4804327860846675e-8,1.7351535383769848e-11,2.3546880637277897e-11,2.4486259732606037e-5,0.0012071093285500908,2.5909881845240176e-7,1.7210663683204782e-35,3.4263971083728945e-13,2.420585243532904e-66,1.793679777343209e-35,8.0707050645264e-6,7.398340557229661e-24,1.573164077850472e-42,2.459232304414082e-78,0.0008557514608045042,0.004409802949105241,1.1069212887861614e-34,1.378244695938729e-57,0.00047878502810636973,1.253511095348256e-22,7.826077553306598e-53,5.238429855721206e-14,1.0850004940583578e-7,4.7702748388729505e-26,5.946431609663806e-12,2.46767334132984e-46,2.154033874950565e-73,2.595459502897007e-50,9.71719940107515e-51,4.9680149673641645e-73,5.485418711550072e-13,0.0014342533752558003,1.6051411091484575e-54,1.295729960153831e-90,4.189500696752105e-28,3.625185145978602e-33,1.889078673485975e-77,8.1248347325097245e-109,8.37803552001394e-77,4.8830668716597095e-81,3.102833524838746e-49,1.8077242347109058e-37,2.582903344411146e-96,3.863521269312152e-135,1.6618978082737173e-122,6.38854025545441e-49,0.0013029809442650915,2.1075142454797498e-80,5.1161675679900235e-111,1.2761674804738436e-69,6.456535193140093e-47,1.143389467224792e-73,5.760607551770082e-68,2.760982760086083e-19,3.5158414162496386e-55,8.212844458094195e-124,4.0704649443136986e-41,2.613175763967538e-152,1.6395813449733604e-78,9.875044696271479e-64,3.963380574095408e-127,4.700868743113921e-97,2.5171249848030906e-45,4.481810131434482e-141,6.086767043015249e-97,1.9579444220358145e-92,2.578255723807843e-96,1.8074174849669216e-115,1.4419542194883677e-32,5.914645484772678e-132,3.359974789744694e-99,1.434328014029976e-139,5.865593661814477e-128,8.989593461705444e-128,1.409169992048026e-83,1.3261439296029328e-30,5.097076769589964e-82,9.584277838852126e-129,1.98293827878427e-91,4.013732986358895e-68,1.317659035089716e-97,2.484370652649308e-63,6.806186615646378e-119,9.422131392714711e-63,4.0424996284235554e-55,1.2259736719971187e-147,2.7060657991077924e-115,3.2019107759082314e-176,7.295954208757981e-183,3.3860616114123686e-106,2.17648915252425e-114,6.066295034485154e-164,1.005822707458719e-123,5.581665494825466e-146,3.396088371916905e-141,6.283395537269807e-165,2.3838906640595377e-197,1.038890352046386e-164,4.736116855654892e-149,1.447099558939938e-166,1.4857720290385995e-125,1.3702864776856682e-200,3.122448807661939e-124,8.763719862816248e-176,1.6413271041112834e-168,4.16172593426828e-139,4.166368152944662e-258,3.083836729731726e-240,2.1412762555901244e-125,5.691454707814028e-245,3.589426314640958e-261,1.590376772020047e-196,4.199104287051369e-149,1.7018147078849842e-231,2.0976932406794044e-161,1.0847681749445828e-191,1.6843282150226182e-260,1.119814738963976e-106,2.5393292898274495e-54,1.480126641012045e-120,1.8440662391604971e-149,5.318073304117783e-91,1.0155486550861685e-95,1.025834963216825e-135,5.060194696981411e-116,3.2959907553361835e-197,1.7088411873057063e-275,2.30974580697144e-167,1.4284794311865404e-288,1.7887983576953027e-190,0.0012714273187154881,5.856881498831671e-131,3.229775008057962e-119,7.67419781092713e-225,5.544262000306668e-167,6.832015164899449e-130,3.152495759938966e-190,5.761099250526078e-133,2.9836339290011235e-86,8.628157140908293e-86,1.965984758513084e-153,1.172117314472304e-92,3.605140057172603e-75,1.8523665392107638e-203,2.1333524462731048e-258,6.6854329802375145e-301,7.644727111239372e-250,1.02760542598626e-256,7.850694596199373e-147
0.007189525760803625,5.141814925783696e-10,0.01439986778209803,0.0229977580032398,0.041645502074625466,0.042256724782930404,0.07097595842015056,0.05542543808834377,0.059445163696516756,0.0368036181756309,0.04253264215640672,0.04380504034855456,0.035843118060810066,0.04059948733400021,0.040138501513597276,0.04227903838212331,0.01291908764161904,0.023192496211246888,0.010238636346030767,0.004967425544546605,3.895733226826278e-8,0.009005558738086445,2.4734507539210414e-5,0.012883193389676546,0.011351829327285764,0.003289641710035557,0.010442837868624027,0.0034994647360062302,0.011947297205465493,0.012031061106049219,0.017991430174237877,0.014904872466918998,0.00558621072423059,0.01491130909448736,0.0034575737034657386,1.0623594101727748e-15,0.007464302696216437,7.9756712106525355e-25,1.1703583612593214e-5,0.005081097101955474,3.174390704950788e-8,0.005268966822883038,1.7461460015602791e-16,0.01589698084526583,0.005149492467860919,8.831604669099544e-13,1.2191430587345698e-23,0.01017560600591063,0.012276056708909444,0.018733989487955818,0.018172880373324967,1.893468021505821e-12,7.635436874658336e-12,0.00800209207987007,0.009845521891546563,0.0007522776952559344,0.004657335053787682,1.464839022708694e-6,1.402373174371912e-36,3.028524692413983e-19,5.183289695370219e-45,2.676010641858388e-16,0.003895203740016364,7.597843047471882e-10,5.291455919524657e-26,0.004275616385947456,0.013262083029827345,0.006913961241498154,7.364441126057732e-32,0.008896860516487012,0.0034583293538922545,1.1626677262876936e-19,1.7340733139238578e-19,0.009143036013105498,1.198453508005757e-19,0.002622882043918121,0.0022018766327434876,1.1279533626686379e-11,0.0020555451416464777,2.739608972738748e-32,3.300822824273488e-5,1.4901868795062197e-5,1.8235712897454612e-13,0.0001954197440224196,5.900169037753296e-33,0.008371005303518978,0.003598172141419111,2.0306014206628264e-14,9.545458822033375e-38,9.104108271087791e-22,0.0013591476080581275,0.00671179022925769,0.007826536298106184,1.3091935726969498e-54,8.776915924485243e-54,4.3265223008555116e-47,7.948834407311434e-13,2.169052400588725e-25,1.4978587722496164e-11,4.8455404132236694e-63,1.6072188994283863e-16,2.5297354155267325e-29,1.2674361571612806e-61,6.023233788531961e-31,3.2163360059458095e-20,2.0828104776031538e-32,1.8138899408901283e-81,1.486667108325883e-46,4.681855735749003e-66,0.0015448319489064426,3.312975697152166e-8,1.0146281318732214e-79,3.895916701138877e-66,0.00518839555782626,2.136265025648363e-71,9.180176891195854e-22,1.816501808381666e-32,9.321542377269488e-39,2.4516465251863973e-32,0.0003819205108808586,6.722937899269478e-16,6.22036311214105e-53,3.847111123608476e-88,3.389023727443524e-62,4.5862058031092345e-110,1.9237372607428427e-44,2.281227380354453e-42,3.8793866322995715e-45,9.253812469775356e-56,6.499070453080751e-27,4.0466894415846786e-42,1.099690399136078e-105,7.23037681053983e-53,5.426944881396125e-80,0.0008970611983216407,0.0013908885221432957,3.178303060794113e-91,1.721541068009353e-120,4.132865747624719e-67,1.1477875624621341e-124,3.975698244957973e-52,2.283603821711704e-39,3.0876676677489283e-141,2.1760645572511846e-23,2.0233096936720938e-70,1.832498719467145e-89,1.2262156332077303e-128,3.6754032036699265e-111,1.9405951249087864e-71,2.0493786431341358e-162,1.1716461739891391e-110,1.175318655945091e-122,7.4924800248922645e-171,1.0028450595515503e-58,4.814077810821114e-148,1.7946287199141275e-155,2.985132858610628e-105,7.980034602805498e-193,3.0271422379423028e-148,9.095931634598832e-40,2.787347495328711e-166,7.377373800792567e-194,3.011719358336297e-87,5.6658683413973495e-101,6.644250554663395e-119,4.850402414166429e-123,1.7770528539260718e-150,1.7419133068217647e-203,8.427628967475714e-73,1.1024100169395729e-88,2.3929261516171773e-111,5.148308794031534e-106,8.954304251186379e-148,1.5582568895444225e-118,3.54868981664126e-136,1.2056261512998055e-88,2.154581196367872e-235,3.397646698926849e-231,8.862406178242111e-27,8.346296821557492e-200,2.295042416658913e-118,1.569936811130539e-68,2.621291058713369e-176,2.577443402218321e-80,4.796949206812723e-189,2.873328092309364e-153,4.7215983881264855e-132,1.1192504836402674e-169,0.002537440624150744,0.002752168245874347,3.5189539117182053e-51,4.689154726012518e-113,5.251220282940973e-116,2.523824622718935e-26,1.0086623797152866e-164,5.968284931475469e-235,1.5025060065301617e-272,8.385091305022147e-223,6.537270478072522e-238,1.1412195395485938e-181
8.221996052115042e-169,3.2999183741767036e-177,3.219755763048654e-92,1.0467153810042742e-102,5.5919174746871694e-39,4.077919102034045e-98,3.3598756785474364e-60,4.503245543798145e-47,2.5199468134504326e-72,1.7138857013752728e-6,1.176680821991461e-30,1.365017418333762e-45,7.092018198569281e-65,2.5966697827694657e-38,2.001699699138955e-22,2.933253675728491e-15,2.1294358139401413e-14,1.5712817171578942e-21,0.023137604879847902,0.013681393875033454,7.90095753461589e-25,1.329813100680071e-20,0.0017915186982325475,0.007926057125195543,0.005552707085503239,0.008850452801676453,0.007113991613831183,0.007034113450602708,1.7501787061719768e-9,0.01835317777266904,0.02142089603508259,0.03176327607730293,2.0727061107763387e-8,0.022991040904268765,0.04640384458781978,4.339800041793038e-13,7.037196544997408e-7,0.010659779889718465,0.03601144990808222,0.017947418021170752,0.020486071691677994,0.01947974897268964,0.03742819016706171,0.004634140602960209,3.297117589841864e-9,0.02470068348704337,0.01775775060077225,0.006959297983812014,0.013194598340283279,0.001819009261326019,9.043997954763414e-6,9.834901079156134e-8,0.0183511016022713,0.028952964120874176,0.048021711262305415,0.008984805896161541,0.028955032170353938,0.0030288354657262147,0.01242984182313763,0.015536250508586123,0.005640007834584292,0.03433982743396328,2.6789898932133318e-6,0.030485702789232832,0.0005939395844971299,0.023404770292862153,0.022138906383619893,1.0722438108076133e-15,0.031154583429884405,2.5854749626402773e-12,0.001772396258938702,0.006920293186238437,0.0035736889431670932,0.024962285990211323,0.02267419572375812,0.00036068794509600634,3.5597016248024307e-17,0.0011915021879697599,2.191420216951304e-6,0.003060533013769343,6.495950577921376e-11,0.00018610255962179742,0.032309581542240624,3.865120517578189e-8,0.022190513518959322,0.015979476862912255,2.3817698039537362e-8,8.991677213275357e-11,1.4004572895244542e-10,1.3042463167338267e-16,1.655422378216372e-6,1.1448635374341662e-7,0.008439387641243344,4.66128494376215e-8,0.008325829787579229,0.01381226610448607,0.0009638310348073047,0.021424123522046038,2.1442461062174674e-13,0.007238057756200305,0.009512891487157345,1.7674734556772898e-9,2.3876587539670426e-11,6.445548726838137e-20,2.1081795403305732e-13,6.046832635614909e-15,0.008693071592420658,0.0015855094896521512,8.156747462355179e-10,3.2091563643475674e-8,0.0004766951710937382,0.0004253418606356479,2.6960562364135162e-15,9.496251730609411e-16,0.017980226380539564,0.008276269553877433,2.4060440286042478e-23,0.003999708625244674,0.008333209449512578,4.710470133504564e-16,8.065454797404719e-10,8.654495265569445e-5,5.56088063869481e-15,7.223456302012783e-14,1.3365920900458295e-6,7.322484366067082e-8,7.699831286121814e-19,1.1603720996816818e-14,2.3854715111940877e-13,1.606986256198428e-25,1.1597108079980613e-10,4.195197029185428e-26,8.039140625355613e-40,3.1147216836189644e-26,1.674111464534451e-20,0.0006152443266794437,2.6241268485731404e-18,1.2304196137182944e-13,1.581045941601664e-7,4.2142814562524824e-14,2.3196172182045528e-26,1.8171817182037901e-37,5.657395563108958e-33,1.0736247076253157e-7,6.41570249701705e-28,2.1372894188171113e-26,2.134983045427444e-31,2.0118583401104913e-30,9.1313706032878e-11,1.8343085728265032e-14,4.7958700474238534e-32,4.680781159299512e-29,1.3289648121556702e-31,1.0654835478875812e-17,0.004273492449088605,2.2713211817977583e-10,8.872429870936812e-40,1.7902476192894948e-41,1.7501727196568845e-20,2.1804537802647426e-34,3.6621432809655394e-42,1.1499826490535342e-28,9.640330904459029e-35,2.604160230867376e-36,2.8290551896377574e-27,5.333299543111657e-63,3.3062031409146684e-45,2.6822137290492497e-66,1.0878519241034436e-39,7.880960294172087e-58,1.076607490349157e-47,6.716664608746744e-55,1.8277278228876003e-54,8.012924321076634e-72,3.621621654208774e-59,2.4444350238891334e-30,4.108201416339968e-58,8.564826864770644e-101,1.5367445765865548e-65,2.7896963565480448e-73,9.492664413337698e-64,3.872833033355892e-140,5.929184964406485e-107,2.3564887878766637e-96,6.209958400712706e-133,4.741443774938855e-13,1.5087648258671456e-24,1.3973878588044094e-78,1.414072239339043e-48,1.6497222246451118e-18,9.921562689655587e-19,1.165853002343072e-41,2.5125500670318353e-15,1.0492169791733269e-15,7.292478085615969e-80,2.262903448633052e-156,2.8669526607572897e-162,1.4274167726384524e-158,4.395641458712891e-133,0.0012205000002583027
3.040848436712994e-173,6.486084779092146e-210,4.0434750135489266e-48,4.0819720628188025e-72,1.6039349428503154e-97,4.545659447099807e-48,1.0033358689465956e-33,2.4272209837823614e-35,7.699095579747825e-51,6.256496409379282e-39,1.427197073679366e-70,1.0779957351467105e-48,8.277544343074299e-41,2.279715851510808e-9,1.3102932572716385e-23,6.734207014987714e-39,1.5665466782571414e-39,8.573637070430859e-64,7.866494435930259e-40,1.2055506133537652e-51,1.0898284380086456e-46,4.7643768840586366e-21,2.8879606491897723e-22,1.3901602248760514e-36,5.932341639238322e-30,2.0576489166211593e-10,2.147922333583026e-26,1.5123079319528547e-28,2.810081289470932e-21,6.496376323398666e-16,4.413516621044539e-21,6.340078566032138e-5,3.236452556951561e-8,0.0013464842370775843,1.9967971499784784e-17,3.6019559543787267e-9,5.0535657389022417e-8,4.014221294647305e-12,1.6519619559469326e-5,0.00032937286590423214,0.005061450637509527,1.7814759600344578e-5,0.00034845884036142433,5.224486718954626e-27,1.9475357211400498e-7,0.014103099688696365,6.268025783628584e-9,1.2489581672950637e-5,0.01186869750673629,4.150259883607301e-8,1.668797227564164e-6,1.0299003306653625e-7,0.00044842407725863596,4.926813870981075e-5,0.049852397389657487,4.73631019754166e-7,0.01577767394100504,1.852426954964622e-5,0.029787991687067375,0.016895838549959064,0.016217104760415654,9.084453968957529e-17,0.050745614247023986,3.878218766322445e-8,0.04759228529271127,1.3894553664371004e-10,0.014505446547988543,1.4678645543550447e-11,2.6329733350869832e-5,1.2772963700925904e-12,0.012231472396682654,0.018910368610623837,0.0003457791735590112,1.5004705275320988e-10,4.2674872018472364e-7,7.29065849128974e-7,0.0005902206519622503,0.014056192005555388,0.0006618460241229284,0.04929303156666359,0.032836405781352086,0.11011547368680787,0.028500633625317594,0.05473340704649394,0.000899264313716792,0.050613761450153415,0.02031872869631001,0.003208806116218695,0.03876899684905841,1.7535568563829618e-7,1.8698988693366757e-10,0.010596952746548033,0.02016069573244357,0.00454413998994782,1.0938822512067736e-9,0.03010421237020382,1.3110929289428723e-7,8.249217584882071e-7,0.006277112386272968,0.023095768600095514,0.009979382306985857,6.169082452598625e-10,0.001426907839703458,0.0016270153602901986,0.00034410189753163634,0.0015744309645159009,0.03239447797668439,0.008051047491012585,0.04334963553592837,4.0549418262047607e-13,0.02343540880490843,5.291039928335285e-9,8.468221692908779e-6,2.6258592563817443e-6,5.38482003410965e-5,5.037231881902409e-20,2.2495562235345873e-5,6.336223595293444e-11,0.018373223667341104,1.3243262977438655e-9,0.005148021810323776,0.01282450430833438,1.2343775823200604e-10,0.006812943152511048,2.820122226266061e-17,4.440447990701387e-5,2.7130469552097703e-13,0.000810034224430435,1.1362317063341063e-6,3.351575073556521e-8,2.55224447628312e-12,0.027666873421130694,2.5649527300547517e-20,2.110156031349306e-12,4.485737295231765e-14,5.170143479596751e-21,8.87741444835059e-15,9.729501491901062e-16,9.993526518739444e-11,9.610162936273655e-5,8.279945355195638e-9,6.75817687163804e-26,1.6667528516964144e-14,4.7630738086601856e-17,1.2010708538900477e-14,6.115938710207986e-15,1.0229210345044737e-28,2.5940859211931354e-13,1.8109430794003447e-21,1.8815600877177708e-17,1.618430577434149e-14,2.524431794063572e-10,2.6800472429354634e-28,1.401760384707793e-22,1.739447215849889e-44,1.2856289411958056e-20,1.934809837612395e-21,6.720564366318316e-55,4.790059455441276e-37,5.8113379225963134e-24,3.594737722563578e-25,2.504180812894739e-30,1.879680027363034e-39,1.4440092872690837e-25,1.3044321905489344e-32,6.65562343263636e-40,7.595115168291878e-44,8.33201651344695e-41,6.098146385192007e-39,9.688969009344927e-44,1.6421953216733267e-19,9.171169420322151e-32,2.4268676828097653e-61,8.970941631368637e-39,3.0124612723587194e-50,9.308986536252017e-40,1.0297620036732943e-60,1.0666230163680477e-73,6.258826883689296e-62,2.2843155396873568e-61,1.7980119289853034e-50,7.176145418560993e-84,8.370351152171549e-54,6.208499497442311e-63,8.307185446071432e-103,2.1698375136463196e-38,1.6360890779151889e-24,4.534330422343873e-28,1.0420531166317174e-19,1.7973537119802708e-40,1.8122072561347353e-48,1.9286717689473452e-20,9.289551214993738e-26,1.1160538727856626e-31,6.23929058836113e-47,5.494124837099413e-69,8.497056887353299e-126,8.475115097443628e-104,1.8603962898063124e-83,2.5546205663847106e-135
1.8830411608019667e-182,1.641226261066453e-151,8.958517040850481e-67,1.2509395934760405e-73,6.18259747866523e-69,0.0014609338719224576,5.575216926494552e-7,9.435667511104772e-45,0.0022820152218948385,0.0016860908855668565,3.0690500282350134e-49,1.436783348324624e-19,0.0017559579255513917,6.510251369042082e-15,4.221148865218491e-33,0.0066730855112141834,1.4290068992712015e-15,3.995944538870189e-31,6.470240794593118e-44,4.5908315191135215e-18,4.1546681099049755e-20,1.1818034042010824e-25,5.151932112581483e-19,0.004894597347255044,0.007565641855390078,0.04663243460141352,0.14267364448634157,0.15166060973694045,0.09577638693684414,0.029832537174775697,0.058245369624849795,2.836715815264564e-6,0.004011620820532668,0.006028239096859086,0.05122339428256629,0.001641815380994476,0.0036950747851999697,0.017852383655407488,0.007484518745984637,0.005934019241015652,9.850818445325762e-12,1.9099139393631526e-12,1.1728629367176412e-10,1.7351966448504162e-8,1.3879522133032789e-14,6.315088722538125e-7,1.5265427751319542e-23,0.017028967946934526,0.017514660740418634,3.0565749962246065e-25,0.0025738907980637194,0.008164981705888382,0.004633343673451354,0.011061249022499699,2.0404334704489073e-15,8.94383952879578e-8,0.0006848070436469391,0.012899575588709147,0.011613414727308825,0.01171174767955199,0.0009463703701062652,1.557295453429693e-25,2.3728904677125423e-5,0.024876163847954904,1.771468586220487e-8,1.92592109355145e-15,0.013396646440638321,0.019414957049406854,0.012601791992395884,3.300923260416563e-15,0.0062699166455326485,1.4133002409422647e-5,0.005620044313698466,0.008043378170646643,0.011073036906309603,0.008895033090462023,0.02643319626877549,0.01229587429189582,1.5284946390304725e-22,3.011318156371716e-14,2.5273226926862864e-8,0.023927313151939248,8.955725324134653e-9,0.00021955735769243627,1.024945500277085e-11,0.00559380361513379,1.0986429387989708e-5,0.008136164553693488,8.794591195153732e-19,2.568892677505001e-9,7.229788105612889e-22,9.015867947180303e-24,8.414242800153534e-19,5.958602363834406e-18,6.377476728995996e-35,0.005806902199341102,3.473864486057178e-17,9.223937869719363e-21,1.7713966684675234e-36,5.552991320877908e-31,3.7367761288930415e-24,1.107352462975255e-17,0.0019735694411811455,1.5613482573870264e-15,3.849486508309236e-15,7.982104924790189e-10,5.265690484778656e-18,1.70852457314714e-26,0.002115050638068991,5.2499426988608e-25,0.0030083385825437265,3.199998276941243e-14,5.1079976452737895e-33,3.169240353792499e-13,5.538098151858787e-23,1.4545826580588268e-34,0.002058286394832222,0.0016579777046622588,5.81617308049231e-23,3.0208048900899136e-33,2.9403439560352094e-19,1.2419466938254844e-29,3.7939186539464194e-36,6.438305250876075e-52,8.123718751166916e-12,1.6384492053125862e-31,4.942765725733791e-53,1.2164806318231733e-29,0.0022500345422214263,8.983935360769235e-34,8.73536102556891e-46,1.4272074677447637e-31,0.014732396592541278,0.0073919885141978245,0.0018830374407543791,4.620245252368546e-43,1.2041344248301815e-40,4.5348425976496795e-68,2.6857829687502833e-30,0.005468078007777269,2.0446615215253582e-53,6.038684376049177e-43,1.5793766030881667e-61,7.126580346885235e-54,4.621805718610952e-44,4.525225379044436e-64,4.878717047798606e-79,4.153250802789671e-38,6.807389501010743e-59,8.3076872872715875e-53,6.783380936355187e-61,1.564938962961566e-45,7.14151663875342e-61,2.0401636225481977e-66,1.3145597602829591e-107,2.4999510732404253e-59,1.6852629798598022e-74,1.873715225937033e-117,1.1642423715653517e-92,1.6399537804064806e-35,5.271516833243293e-78,1.998220146360882e-70,2.244478318467104e-38,1.2114661443617646e-79,2.477387966033845e-80,0.0014274099377787177,2.6834660168263334e-99,3.2134049932355234e-90,4.47754885035823e-62,5.927989865748183e-76,6.703338314821594e-65,5.974754616301402e-97,6.40511626495459e-121,3.202376460277103e-83,9.874617748727683e-92,1.2084648839187886e-92,1.2810594034928294e-136,1.6491072086543553e-114,4.1679413011085637e-91,9.026252928158632e-20,6.838292229620622e-53,1.7353152741440588e-117,3.8378901667634566e-71,1.6728667809337698e-108,1.5045214444158043e-127,3.3695362122256275e-59,0.00419288205928741,0.005305157255892946,1.20213559657573e-13,2.5238226811517582e-39,1.1417753826660844e-77,1.635787262117195e-45,0.0060355961757321925,1.080346543940579e-23,3.5552990032290564e-110,2.4197792664655205e-125,5.252399417588342e-107,9.941950879291955e-140,4.325828407692022e-142,1.1585241323232814e-81
0.0,0.0,7.470090605160714e-156,8.695207311614874e-213,1.19164932095221e-85,1.1857203086330884e-122,2.3400615906694183e-29,0.0006604289387931939,4.241436567585523e-202,1.6703282768348152e-31,1.6496705110006968e-198,4.6955642900399e-118,8.317826107596254e-71,1.5121687658220856e-102,0.0024571971378941422,9.324578405985287e-18,2.6943067961078927e-61,0.0006703151798647776,0.0006690839447420624,2.783749668171155e-192,1.6100402300699944e-179,3.6238200152062416e-154,5.126773956297414e-147,6.3462552251357274e-15,2.4165892019188166e-60,3.761487970833152e-102,2.198030108584118e-124,4.2451246253715584e-91,1.3061587321983725e-108,4.357370536456971e-38,0.000809866231934912,4.32799421736069e-86,1.3968352765786914e-61,6.148010397882417e-25,1.297310406808375e-129,1.2603172202845508e-39,6.468965194591552e-29,0.00045923314587500253,2.0819700482312416e-8,1.5308462035791532e-62,4.064420438302862e-61,2.7535524871464166e-89,2.377809322031135e-6,2.2685057173469987e-43,0.0007108135135230282,1.0248160089402061e-42,9.5649761654109e-55,3.1406949198555895e-58,1.1416059815410801e-66,2.3851110215859845e-48,1.682581701587034e-13,3.014373963763271e-41,1.230142236997088e-53,6.126677236517618e-81,5.99654726591677e-7,9.342293872846894e-82,6.748937996903943e-31,3.783551427124386e-10,4.0001120663769553e-50,0.0003077848955950203,2.406792537822904e-45,7.843275846345769e-62,5.707980345540824e-80,0.0007640235661883629,1.6102870348181378e-67,0.0006495846129195491,0.000988090131958882,1.7408668027494218e-10,9.515687457521705e-7,2.0067565467070812e-13,0.0018130607862063047,7.891962521387305e-5,7.551719538566601e-29,1.5070907813234195e-11,9.560755285315478e-69,4.920047693882972e-16,0.00046162762107491284,5.9601462074607595e-31,0.0010784744414611203,4.2376906548123313e-35,4.977586389730751e-29,3.724073211869653e-18,0.0012297669377041268,3.4229796235706637e-37,0.0007799178152187522,2.991924491215045e-39,4.715620075214527e-60,3.279691653338647e-18,4.6762243703599353e-32,5.872112170831609e-52,3.378579763496539e-33,6.585749411137199e-13,4.6477438180814405e-86,2.7343720585693898e-45,0.0008523102575474207,5.745129257416342e-60,0.0003018277543641138,8.324206112760556e-10,0.0011466631957103629,9.997753184602626e-13,1.0711334984879417e-80,4.2716897100687806e-37,0.0011097274646757209,2.6683753215649517e-30,4.929900163818503e-38,1.0993067927403011e-19,4.639268256533723e-6,3.341368751176325e-55,1.5965942491242886e-11,4.2521456961647216e-63,2.531221783742357e-59,1.538103373682788e-13,2.572401826122858e-16,1.128569845222347e-16,0.0010072732944621662,2.964130626867248e-10,0.0010108700415739451,1.0712059148525554e-40,4.1006565759368555e-31,2.1730068948035808e-12,0.0009386471750745346,8.525976180072493e-6,1.70415534957499e-27,0.0007239833047602862,7.831915586567881e-5,0.0022352139818486464,9.006984721271985e-19,0.0015173537415442508,0.0010492348509564574,1.6241853789898483e-15,3.022880117451053e-37,9.937222084372624e-12,2.6781676840711128e-14,0.0003637668182107989,0.00045631117343162685,7.520249253317759e-27,2.694222068123055e-19,0.0009796789495046423,8.679137475834523e-28,2.5219480482131314e-12,5.288641796847223e-15,2.19492643240837e-15,0.0006291444574988454,1.3506386927045503e-13,8.811000810268532e-41,0.0013079914011866263,7.795345350142154e-18,8.990472480056631e-34,1.5629296983120443e-43,1.8485884203846704e-11,7.238102772210143e-7,0.000843394271136687,2.512782012982203e-7,2.6497505557126745e-53,1.772046445023936e-18,1.636850414698165e-8,0.0017729203898046188,4.5210048978591856e-14,5.334925628709867e-10,0.0010137892278239582,3.1513559078056145e-15,2.426259113351587e-36,0.005334924796900161,0.001892272468710382,5.087466048252128e-16,3.99962272745861e-12,8.184004758512652e-19,1.5068254545085582e-16,6.000883258466859e-15,2.107121935360593e-21,0.000543662989434038,0.0009412218132174318,2.1814697647451186e-15,7.42786277094742e-7,0.001864545228292305,1.2125500539777778e-14,0.004016543583105799,5.845069676023911e-12,4.438846775666141e-19,3.2622457647630214e-19,1.1698599224580232e-14,6.727587902880352e-10,1.0590491914430766e-13,1.9191327124790253e-12,1.6428303081389356e-9,0.0004440882655650089,0.0045478295104076786,0.025797546051666943,0.056095697315810766,0.013970638951275831,0.030402052661925166,0.030073619692309587,0.04723958168397531,0.0833994551083734,0.09207837562784292,0.11379941459181579,0.11047194545404178,0.12444839569951613,0.0994891833294469,0.11920354179420393
2.9643151011118174e-198,4.958903546042804e-153,1.9472292780458044e-103,6.679593444779693e-89,7.694025958250978e-102,9.138069300267516e-63,3.5082982713122325e-71,1.7037482216548835e-75,9.597734769254233e-58,2.2452438432867523e-39,1.112248357156675e-50,5.832149994716354e-14,2.4542901014114976e-31,8.698484106337044e-43,8.147497956662429e-24,0.004895680960693553,1.666180400830801e-13,8.754231417210393e-23,0.0016555132516235707,1.0175266011692572e-35,3.7942595424634045e-12,1.0301632984716401e-32,5.978624261605898e-29,1.4479894542405286e-43,3.652894178109859e-14,1.88555434194192e-11,4.839074371266942e-9,5.166211319199069e-25,2.1756560392937997e-17,4.8060027362137937e-5,0.0008985509369915797,1.7266499792631906e-6,0.01007623151303257,0.010310105795452293,2.8765488776357487e-15,0.0089154658347121,0.015900349893908462,9.909551747714217e-11,1.0871502127472943e-11,0.0007053104144288801,1.381119345143348e-6,7.132759871528394e-5,3.88882405826668e-5,0.019256015825234497,0.016845587921475946,2.969337395622162e-7,0.0003844735949582283,0.00534307731422365,0.00791898597653304,0.024583682887965315,0.010103988913829501,6.05646307775926e-14,0.026337228424565415,0.02926183744424097,4.697445303484693e-7,0.015095336592850997,0.001431332319929911,1.9567256734678638e-7,0.0028510639332953013,0.003447225815685539,0.0005885103582031269,0.0001419844219606931,2.119590744144041e-7,0.006886075467172748,7.798181042359719e-7,0.018682276763857295,3.148695452846971e-5,3.4039709392582733e-7,0.016469010999244773,0.008916878613037365,3.071979163441288e-6,5.162742626648875e-14,4.088985945176923e-5,0.01651866981678352,1.4434257429012852e-10,0.04760816014940873,0.019903150448977953,6.502545671413338e-24,0.006973679030685292,0.006629931873667909,0.020507977573524235,3.377991560875881e-5,1.363894198714782e-9,0.043580100040131034,0.02434904421567239,0.0007646676617106802,0.034760790443416026,0.009281269281957175,3.699700511691572e-8,0.005842508898619014,0.005531603276244632,0.03876541267388808,8.976888148208825e-6,0.007102545215159281,2.1950254618552165e-8,0.00031160978358821663,0.01278555659469498,0.004724112718356031,6.156815384158488e-6,2.3683276577944005e-5,0.00783929827818689,0.008653980652935689,3.267779285314648e-10,0.0003488459963628848,0.053999500243323034,0.026618154147424078,0.003010261541280426,0.013889167075080465,0.013539904261009565,0.012901223809470584,0.009826730924347223,1.3700446712042702e-5,1.928756220915273e-12,0.010612620658668562,6.879235722733869e-7,0.01781628874297702,0.0009254799440419899,0.010294032702791953,0.0013578851485056538,0.025920123557174837,1.0496406628013356e-8,0.009216733938488226,0.00952979841641672,0.025125714963582246,0.013155669857935556,1.1401278804685573e-10,0.0002881191900618144,0.015341252403858982,0.031242945433887333,0.0003827406798234653,0.014919914686940719,0.003178985047337532,7.497891926463693e-15,4.104712274611901e-6,2.4838377856467786e-13,0.010990261474320062,0.004113788430461415,0.0018829508141726711,5.726842212238979e-6,1.4834832576000565e-18,0.0005423990237917879,5.623910086714859e-18,5.9072617446150344e-27,0.0072693149416641146,0.026008163578939026,8.766719872033017e-6,0.013947893132945142,0.004370692022579436,0.0037315654089744416,4.2818119666686215e-20,2.2552070741577437e-13,6.856063177847859e-17,1.564356129135371e-29,1.2241007686048048e-7,1.6995423199962121e-18,6.304407174539027e-33,6.250799050963123e-14,1.5570245720019631e-31,2.188083752071127e-12,0.005605362570601685,5.593767859073947e-21,4.1749314349159236e-8,1.1171448232291569e-17,6.73927336718638e-24,4.120818271727487e-11,1.3772938439965158e-50,1.548834737105749e-19,1.6342197516467897e-25,5.8459213043388566e-43,5.372767407961752e-51,2.2880088218139127e-45,4.108579512082238e-25,1.1875797356816737e-33,2.3605093200537453e-39,1.3539083146717172e-24,2.6005216709995646e-19,1.0698792507287804e-82,2.2215066444761682e-85,4.3581607909794605e-16,2.8982476492512853e-36,1.3433657527978548e-70,1.9466434367874207e-120,1.4615901560101775e-114,2.100702763616901e-105,2.7940094282830362e-121,4.13735845244432e-40,2.7335347901088226e-17,1.9405486639714973e-44,2.4515904588457453e-23,0.007414713349421673,4.095286584357274e-38,3.5761339428135504e-70,2.1517302946912827e-18,2.980592782726781e-41,7.587454490974031e-63,8.907333695456115e-157,1.2158498557061016e-96,5.76156206332779e-130,4.2907284449781e-129,1.679189577896472e-145
0.0,6.971170421735252e-304,2.197304126111098e-152,2.658058028201999e-196,2.1617851283981824e-149,3.671610946218339e-158,1.9142992543090412e-162,2.7342127359366705e-173,3.3536224571849475e-132,4.058401954528431e-110,2.697598760026689e-121,4.434433500502113e-49,9.273542083993232e-54,7.245285251452539e-51,3.1075281164682456e-94,2.352939100744434e-67,1.986721103996611e-54,1.0745519671743417e-27,1.33340275061213e-45,5.7416449781633895e-62,1.1963293891214515e-87,2.877006254229928e-85,2.834658162863682e-78,1.0814645198154094e-104,1.0762285396035104e-65,5.4373685169735304e-65,1.5698876067368644e-15,4.194254379442609e-51,6.200163923298739e-58,5.189840064066138e-54,7.830834891234769e-50,4.991132414207952e-44,1.3456871884695316e-41,2.9853140060082654e-39,1.4996857914546617e-22,2.1774435833193337e-30,3.251634060962564e-58,2.493441287008321e-53,1.411034964368874e-26,3.427009612327682e-41,4.148014379736749e-8,2.1543300989828884e-9,9.502829497955528e-36,1.166137141103593e-38,6.733143980607307e-51,1.7434985801857339e-31,0.0003713934163084184,4.248790043545036e-19,1.6950538141449042e-41,3.164650094857004e-39,1.7936058287324843e-9,8.379778579247841e-18,1.0054115190493909e-10,7.790020092846655e-20,6.830188295818216e-34,2.4665801420651672e-12,1.2968554994122641e-21,3.52621676728179e-19,1.266477068018655e-20,4.531558161270269e-22,4.4876731272230355e-27,6.73535451066079e-22,1.8849530163538576e-28,5.09920750747473e-25,2.165056330067603e-19,2.906723632481836e-14,2.593347090153208e-35,1.6050161114559684e-20,1.9070749526750073e-36,1.7865150896848153e-6,2.0145350988722852e-27,6.156914313000342e-29,0.0021492555095539638,4.282541954041716e-9,0.002250492044871999,9.09289687916831e-16,5.67134031697555e-19,2.0905085057537143e-39,1.0294374760194297e-9,5.461694334574363e-18,2.0343693286006564e-25,2.2663459791821444e-12,2.0715380992328094e-11,1.4924289467046813e-13,0.0027063076076516267,1.5032963557797156e-18,0.0031796532294886006,5.891414771214197e-16,1.2337007127013264e-18,3.3256605971979394e-8,1.260206462627767e-13,5.182854441318739e-13,1.5163580135378018e-11,0.011043675620037236,0.0074284069858425615,0.005562435800110481,0.01989707880084379,0.008723383739544533,8.950615757652502e-9,1.7768802617355532e-5,4.288603363537072e-11,0.003985689673884588,0.0005544900555986244,0.001362757022609523,0.021421739663876976,2.3962523329549738e-11,9.580381724918522e-6,0.0010088208989187933,2.0728328077386204e-11,2.3512053193637074e-6,0.004924148349353407,0.007832714775561432,0.009358398319535026,0.013731564591425357,0.00014950827063212047,0.0023402813889352443,0.007556438105130921,0.0024421533233537976,3.2891802300301036e-10,0.012575035252012893,0.008591211128712452,0.013451477437617968,0.018293908492406166,0.021147251425242184,0.025105981409994964,0.01461671676072185,0.02056767650072993,0.016928776813621798,7.23217423067847e-8,0.01908959397557915,0.020900640694942532,0.00955998902380721,0.020382964977972238,0.03320115113535992,0.0030186627220627144,0.020757253097225273,0.018840537776299283,0.00027030751705519007,0.00010007121121899184,0.02624727072552349,0.026805051353025442,0.009172313110409249,0.023455450769330557,0.01434509299326287,0.007544621150631803,0.012698307596277285,0.014015161381172325,0.020830322916231225,0.02079034428099209,0.02062295303570832,0.02830190074662983,0.032104470138361124,0.03568764633459054,0.018842259773148524,0.020998404683270425,0.01405411036352618,0.028820616650728343,0.02274082682759598,0.01315276073864571,0.01527057687489817,4.113956746569838e-7,0.0029146519234238863,0.014226901709949552,0.017899436542694627,0.002666384014673749,0.013265493437634909,0.009956922234290315,0.006052362506009102,0.01143539920553956,0.008809312057864008,0.015936211782009234,0.007287072565395172,0.006316145501414109,1.1635990802770323e-7,0.003049604798486532,0.0014543287843506445,5.619079563356827e-17,0.006196280538598192,4.049869892968651e-18,2.546751966452945e-32,5.155787613529122e-30,5.117329239219696e-59,1.1738585332021283e-46,1.9162796806413347e-74,2.573425343562445e-43,1.8446343513896214e-22,0.0013082499316815345,3.427943029612755e-21,8.754984238050346e-13,7.25301911324275e-15,0.005682415488421292,0.0003090299722016683,1.878281185376369e-17,0.0013211595269477547,8.179449402507655e-14,1.444486968017472e-62,1.0033776701730145e-225,7.5380734106839e-15,4.299608789640176e-105,8.718693470368113e-222
1.6344307487092007e-287,2.1736028186993408e-232,9.857604795206081e-110,4.651196157564795e-111,3.418488337380902e-92,2.8410123848657187e-37,2.3191014677249954e-86,3.149339120864372e-70,5.9169263620008924e-40,5.0468680479148935e-28,6.28755623498472e-89,5.65321112756259e-53,1.2700770241077875e-36,5.117947319174949e-59,6.641836202176239e-12,1.4786029473603026e-38,3.8624993736450644e-15,1.7207333359794823e-71,2.0389305933127985e-56,2.0269861863709311e-69,9.729700954822414e-89,5.606645825562641e-16,4.109332048133572e-40,1.2358983961009598e-42,6.357675395653228e-45,2.0559661349827376e-36,1.9422271169700032e-23,1.6319137211548754e-10,2.6516415680973376e-30,2.639740378412566e-13,9.228878247265941e-14,1.0667641113636221e-21,3.9586568816482495e-12,1.0789536445365178e-9,0.0017832159944694637,4.41904999302039e-14,2.484755828649213e-23,2.57500832748477e-7,0.006016217552637133,4.4768631051356475e-8,2.0365728166532493e-21,3.787511316808239e-9,6.151946203365118e-15,5.603878756629776e-25,1.0484957084381416e-15,0.00037862373240094975,5.646548603008465e-14,1.9082836326877881e-7,0.00020228639233583085,0.008481527909280811,0.017617017472236245,6.030008019746994e-7,5.550962607839184e-15,0.003007590422069805,3.855385417679084e-8,3.983398469086608e-8,0.0005235666026631216,0.013572081416822307,0.009650180484600321,0.001376982266649652,0.012686571343377907,4.3522332612964806e-8,1.7343746355254493e-8,5.252102848091088e-10,2.2396940685118966e-5,1.9145566468101983e-17,0.00734608342195842,0.005679578115966188,1.810827844675931e-7,1.113792213195234e-10,0.01516445150494557,1.694869144001533e-6,3.895883361938181e-18,8.213106457415235e-23,1.2490855610192884e-10,0.021523935714691026,0.016387971833576726,0.012219577066198431,3.5979245054989e-6,2.901651394235796e-11,0.045528663480011944,2.3985438676848655e-6,0.006147969261234159,0.011313938014972335,0.01952507833212486,5.4394157819023066e-9,0.014415313502773953,0.08277990464429243,0.004211710793840926,0.03678015804255743,0.026485817155365406,0.008558303563574099,0.016501381326522027,0.01735104566890427,0.009942831593234188,0.00018941997787439075,0.002762256908643548,0.014128112941244123,0.006686877366742522,0.020478760569054354,0.00797616016305523,0.011011061181549764,5.20992250354183e-7,0.007316838801430944,0.013476702676770553,0.0027607018298365866,1.9867738741065126e-10,0.03191277189569861,7.802542292426946e-14,0.022580562868893574,0.041489044049690144,0.01614597899227279,0.016473237323294535,0.03232808719858193,2.4032541286294624e-15,4.197558882278998e-6,0.024247683614551523,0.01707756762464226,1.9138889169652377e-17,0.020607879001881137,0.03387701158020074,8.66944120964755e-8,0.014925344374580478,0.006228011863317335,9.352574727428229e-8,7.850527960919261e-10,0.006940849558047959,1.4961024637181941e-5,0.012159086972949639,0.04174893704588551,0.012334837618119302,0.01865822634149447,0.012897362497865744,0.012588959192026192,0.00040782113850794963,0.01540667284382892,2.258063266970176e-5,3.479869816732323e-17,5.430088340757472e-12,1.2003444177137699e-11,8.884353321212625e-10,7.929862332299717e-18,3.340888922800069e-13,3.6452243671579434e-23,4.018238724495837e-17,0.002948066233614385,7.709066761674712e-11,1.4443100669703394e-19,2.101150389155962e-9,0.012679160933784336,0.0006979481320366186,7.618207125403185e-19,0.00048610737676011307,3.10059427384145e-11,4.44591204739643e-28,0.009146030745649136,0.01264291880178116,1.974532633082668e-31,2.0074064635009157e-27,0.0017509868762624402,4.07364864175034e-29,3.8921509870858786e-38,1.6017618865558669e-15,0.0012992178663192222,4.3814216331889395e-39,3.873688306972858e-27,3.0480501703108023e-19,6.737538211519197e-32,2.57554354114852e-41,1.5773779416955716e-25,5.096639623703632e-16,5.6552378954061404e-27,4.80592622416485e-53,1.1638181352264742e-56,1.9135036361669504e-22,0.0005094426388218453,7.748099898738719e-49,3.4207540301535154e-27,2.501180859222718e-42,7.89690767497487e-36,2.731579802936881e-25,2.126325673270828e-39,1.687437194207355e-24,0.0023606432300663596,4.13269453964669e-31,5.767045754256354e-31,0.00016551111819630034,0.0042576048924199954,2.1514297145580747e-12,1.1993912634553037e-12,4.563904480609637e-26,3.5320307592423304e-20,1.3410040185118873e-16,5.967719754938031e-14,3.9968375781254146e-47,2.469003547728652e-37,6.662342643423774e-71,5.909283744989634e-49,1.2931461612280353e-55,1.7927588052044167e-64
1.0629921102036746e-197,1.4482182579693268e-226,1.43758341602802e-117,2.928718698406257e-81,4.855590538319372e-49,3.1920798332236387e-37,2.1485838925996838e-92,3.1467724637251194e-40,2.186873547520209e-77,5.183254960183625e-45,5.816469850238561e-68,1.9300100640296816e-51,2.6660615457128794e-37,0.0006267653789170204,6.037250928634432e-32,0.0038914865329161886,1.1073923974048116e-14,1.6138111667310262e-55,3.05390513348579e-38,4.345642095217811e-44,1.1236169549086886e-74,1.4983676084202873e-39,1.8575331929134915e-5,0.0005918880368842976,3.230683928567607e-11,7.368994324513521e-22,7.131303851367653e-31,4.129227073459701e-15,5.227017452010706e-46,0.008067406901755237,1.0150757157139369e-34,8.606032809524563e-11,2.0509817805186736e-5,4.9601420045300805e-6,0.0002706973886390877,0.024589575659093237,5.415764048957232e-15,0.014810533016601199,0.002886760366770162,0.001698760509883957,0.007828433034266927,0.004635528156767682,0.00326502123215013,7.11352337292004e-23,3.358336983624082e-15,1.14362441841498e-12,0.004203116362106123,0.0072305699140935,6.995621001929022e-8,0.03126432014176846,0.02018403164408072,1.3350872378785015e-20,0.01923348552447968,0.008351021807781973,0.0036948594669409854,0.0011197800644572062,1.7731333365150455e-11,0.0016884407021866066,0.010802544394395212,0.01971610076816262,0.0005637363124802918,0.006400468372131021,0.01526949337548604,0.0266882072274348,0.0151359291554559,1.0993555687704415e-7,0.026464340490123712,0.036230938603115034,0.00823277225048576,3.766964977878529e-16,0.004068399476629356,0.02153212748258851,1.7113671879568687e-12,1.5871691498661012e-6,1.1238750693804185e-7,0.004530469761340823,0.018829136863703792,0.017197234028634906,0.029920970224337224,0.004741614221369363,0.008457781839712335,0.0237838857741409,0.005187931428665581,0.0008788013824538758,0.02686736033507101,0.04732239201462203,0.034348060994211685,0.014577135565618318,0.0033492008087549438,4.274538575804408e-12,0.019882434025416642,7.1503433980613766e-12,0.025649346127873875,0.010532461917112124,0.031837424349127126,0.006245425398780553,0.006852034719933897,6.806754526010438e-13,0.009020834482274732,3.5789002628701645e-15,1.524750581220216e-8,4.4515273255977985e-15,0.00017289291850216957,5.014389239496804e-5,0.014372699362114438,0.0009940976907580061,0.014659327554135331,0.022008663278787814,0.020738939836910355,1.2095094742706675e-10,0.0006893836294371669,0.020577992562897836,0.01917980732201791,1.4866973528307391e-8,0.015965471278257752,1.4636786256851015e-13,0.021932195081771078,0.0024284172633715333,2.4595400720898905e-7,0.01033069406487447,0.012438639914765527,0.01444528333810507,0.0020490757841100755,0.0014894991656765517,0.00895661124838769,0.003459849852887159,5.9656050996796074e-9,0.00013095948100846585,0.018501014213853445,6.0803675653549704e-5,0.00785818519427769,1.264471939902488e-5,9.239128209409518e-21,0.022445131702486125,0.0009254951269410614,1.1615338388790484e-11,1.1796036286619452e-14,0.0011707151678734414,0.01063585670135552,0.002297778406774784,0.0035851045459727197,5.120650306158282e-21,0.0008235691575880573,9.559432368590311e-14,2.1080738458068435e-13,7.459989299849433e-17,2.799535321768917e-24,2.08512799558958e-18,0.007533767778870806,3.8359107973113137e-17,4.409193493108407e-6,1.8560355015593233e-15,1.492337677925565e-19,1.1274102588143768e-5,8.741926844878767e-37,5.374809347723853e-32,2.301051798332869e-14,1.03622292485997e-18,1.1016929512344343e-33,7.486455291602858e-40,4.077826350320371e-51,1.6209314333844321e-59,2.1438495588988356e-26,4.16937008575612e-15,2.0567445831770126e-34,4.572892284179726e-43,2.771669552029392e-60,2.932147000333597e-50,1.708974414760917e-61,8.05491895960453e-24,1.263094650872993e-39,1.6795837528966112e-38,3.472674465794002e-66,6.423584860252179e-81,5.104742742371844e-86,1.9277466874577414e-86,3.86282614569427e-87,2.4791175538853924e-98,3.162275134896345e-75,2.3265243956514124e-119,1.264906750397177e-46,5.2626349135189715e-102,7.478699634913546e-103,0.0019105490956389001,1.6972422319798684e-137,5.449028982812822e-107,1.4202408468109741e-55,5.744030449968031e-54,1.3229843339702106e-43,0.0038573731535708443,2.946792195308211e-76,3.646263083660871e-34,4.161297178966913e-36,1.4846289025879604e-45,9.261910311329352e-84,2.832558648640728e-104,1.608868643035468e-182,1.9390316045514916e-171,4.699014039376947e-10,8.635185922182813e-150
0.0,0.0,1.3308087413125865e-190,2.279205637123468e-230,1.1342821540120415e-55,1.8517395659974473e-37,1.350126387447453e-212,6.089330244968686e-144,7.280404682978589e-227,9.375029836737317e-83,6.214049370148732e-206,1.4559610936080799e-203,7.561507828550631e-178,6.653468012940196e-184,4.1261157057092106e-148,3.447134125519659e-138,1.627033114849773e-126,4.2579729208032407e-178,5.237363621887474e-169,1.8631157990157227e-163,1.404034851432094e-55,6.943169118234033e-161,2.325026229893956e-66,6.76436041178949e-70,2.7373280681809082e-155,2.01176842785489e-65,1.0751398017693624e-63,2.0467231739814157e-84,1.6744133426599654e-136,9.651250106103523e-97,7.247410615713913e-57,4.159647816953912e-78,5.105524267063444e-46,5.860419664323312e-9,1.502306855601973e-91,6.913222881796943e-14,2.6458962840675833e-70,2.934166361589406e-46,1.1573159582626331e-51,4.446759174429732e-75,3.8541973620397704e-109,4.03830667323898e-31,4.4325328089901316e-5,6.6205887716866716e-49,1.3764091634483348e-63,3.7136360092692713e-73,4.5490704349993806e-54,9.882037480141557e-27,2.7238687567899112e-17,3.610943724063303e-56,6.79310237936323e-20,1.9177381241490903e-69,3.4338024692493106e-39,1.3307639764885324e-22,1.1222642709738285e-16,1.9077179843086045e-21,7.565671215640832e-45,1.067845672076051e-43,5.8162585252552906e-33,6.762168676275633e-44,3.79065968206857e-30,1.3833866347821762e-31,7.374052286056773e-33,3.6415975294347323e-16,1.1112808762865065e-35,0.0009764731818006502,2.4120505998056985e-23,1.0860380765709139e-7,4.543223245991221e-33,2.5046346555689373e-33,4.535046972984811e-26,4.227797960617236e-14,3.046053109729115e-15,1.1582077328573634e-51,1.0496830230190361e-56,1.700506496891303e-12,2.7402163676482786e-12,0.0009833708064147493,3.277449722268405e-34,3.619720574626896e-12,8.219367599219913e-15,9.59730669884382e-37,4.088005420228328e-29,1.2396038356281063e-9,1.050646447604682e-7,2.167474175078409e-12,5.3110915174656204e-33,0.0019328442646260931,1.194366528326992e-8,0.0006327554591195486,0.0002979097223614315,1.4860384620654916e-34,1.7137565750728123e-28,0.0020634107399218468,7.888688924824717e-19,1.6439805811019395e-17,0.0010422123924752683,0.004282798353361182,0.007685275278071746,6.101534807123703e-5,1.5391579764132767e-14,4.299671819212951e-14,1.9278104164002105e-37,0.0008597089613310527,0.00455095362066666,0.0030449088708644962,3.71567444655168e-21,0.0019408905995804602,5.335315295098486e-5,0.0036336337020523887,3.155768550022764e-7,0.0007821316731988827,0.0054056916245999185,1.3807191999836416e-8,1.8653507944681273e-5,0.00741135383767335,0.009290037235603798,0.003403751253366423,1.2980544577388937e-7,0.0019350975301768597,9.884092788250431e-9,0.010436150395673761,0.003359851526663195,0.010426594540400222,0.01850224797796292,0.017249455093004174,0.009086593822180527,0.014186437833823777,0.0108617979878439,0.0005139523192099515,0.02038746844169514,0.018077435014273793,0.014927170188546396,0.006745992685067883,0.023771097849407483,0.026378470931482448,0.011638016736452384,0.030930799790389898,0.005242321118606222,0.03350476357642893,0.00231491978218403,0.0012946635377688559,0.02766723447377548,0.012016762753390964,0.02908560887280209,0.019634373620843092,0.026485750095583988,0.012709710275276525,0.0247565973698261,0.03389173268146955,0.013408944754419894,0.018114741465229015,0.028057576415452888,0.01547062160766449,0.02498799523959765,0.019721916038787105,0.02925080501198101,0.049307780354837016,0.023589147467141355,0.04004190692069558,0.017381244386646184,0.02547244369835099,0.014515050160626892,0.003662253375753937,0.014675065784996989,0.006460009466858126,0.019601625986679614,0.0037918914776973282,0.013518794844814741,0.010501875808661234,0.004280417776183954,0.016249969700919124,0.005334064277823091,3.787660465120503e-11,0.021431540598679775,0.006344570155588778,7.246648998339466e-11,1.454227761427542e-5,1.8398779713254857e-9,3.5873335716153854e-16,1.422251955484541e-11,1.3813243795704037e-14,4.055404441185847e-32,8.545581415559241e-32,8.412722815196227e-22,3.3410118783026936e-33,0.0009052655764815132,0.0011739208141507535,0.012958403958893897,2.5108298862674223e-8,9.740341359825645e-19,5.417603436957532e-16,9.681303436142264e-26,0.0013583579915220389,6.910951668842435e-30,2.787644924943006e-69,5.0167368384031615e-43,1.3304150424143845e-63,4.142690434648203e-35,1.91005260275415e-86
4.440110031857288e-26,2.4724157379432314e-24,7.937674659878498e-18,1.3768379893240206e-11,0.0015040720116959434,3.684877793973429e-7,5.704222188177982e-5,3.7742809041068516e-8,1.045776435514406e-5,0.05757607488983829,0.25495806977918056,0.06806710027288966,0.06113439704307357,0.015276652490642537,0.028646415300536392,4.8528175739812535e-8,1.1930508252311447e-5,0.03229713355447058,1.8756832584683124e-5,0.001772326670395039,2.6089969753216425e-11,1.0169577832548086e-17,0.047652815658462584,0.04269106496148593,1.8404660719810665e-12,0.008932330652975442,6.481220327280704e-10,0.044520539358260815,1.0070965603677468e-15,3.52410833625132e-7,3.645402831628071e-20,0.024392605305123327,0.058068140813603585,0.017903601122717248,1.1046347945217913e-8,0.056250480538932585,0.0002943745699680382,0.017423410681583398,4.753056635713689e-8,0.0033923825192623816,7.686966065690346e-8,2.2760352146822316e-21,0.014777593743962173,1.474858390796477e-11,6.8345870342977294e-15,0.022564073167205958,2.7933675071433373e-14,2.6503936442612886e-5,6.163768465765038e-35,3.635138040371947e-26,3.81795292178665e-9,8.565159627388087e-14,0.002724642226122043,0.007098157456473151,0.010882836717472453,0.00026888463281663877,6.010039261208808e-13,1.9879341000615786e-22,0.0029722261995031992,5.31822346144432e-23,2.040361852452426e-19,0.013541800567009646,6.65447525586243e-7,3.1163409516116044e-20,1.835777607059481e-23,0.007108191222720075,9.902381621153163e-16,0.008003994996756445,2.213749046067629e-40,0.028188008697936823,5.413482952536993e-25,4.352636858388738e-24,3.6233227672669327e-7,0.008521069017053509,0.010055085005195991,0.007926379186240019,2.824154935867779e-17,2.625810106818905e-46,0.00511517098360433,7.222106841918135e-23,1.449950174021966e-34,8.757896760773922e-30,4.046308311694315e-7,1.1373244225675321e-22,2.1513741163574885e-44,1.2728654359395564e-9,0.004306190215346376,1.501394704296268e-19,1.7375068892800247e-28,5.137464335060038e-44,1.4822371325996296e-52,2.4460867210794804e-29,8.06214833204658e-10,5.902842088810253e-56,5.582766529404705e-56,1.0165622891821761e-34,4.03059264328274e-34,1.1192078232337933e-7,4.065885597427426e-25,1.2588170988338153e-14,7.298570494383475e-55,3.0202550562888597e-23,1.6048581241395842e-34,1.8184629756729225e-37,6.554099042785355e-30,2.92347155835803e-35,8.378960942319314e-60,1.6421927692800087e-17,7.577612417841333e-63,1.127822636573103e-26,1.5941328001998694e-30,2.6300812598309518e-43,3.3758386194976066e-56,1.4657156826049242e-23,8.106411224237377e-63,5.262780692167457e-55,2.93384087260947e-53,4.5102436818829834e-60,8.466738568332619e-52,1.858093903021634e-24,2.3261759100789897e-66,4.1507121110634223e-54,2.1508343366647772e-91,5.767541786090643e-65,3.6890699096212237e-54,7.660838268045421e-80,2.759128192323124e-13,7.232397732685548e-61,3.7659290089294633e-65,2.5887964280811098e-39,3.2449419596690187e-35,1.2815486318578307e-35,7.177232994918954e-72,1.0151634088482384e-74,1.4789957132563336e-52,3.5393231118939294e-49,9.700683832889116e-56,4.842594471490862e-48,2.8836826098704914e-50,3.7603024207088545e-86,8.359893187857442e-66,8.885890655009958e-101,4.157847121559818e-56,2.9757084934668804e-85,7.44352678545869e-52,5.1648173710202394e-98,7.562291134880666e-96,4.6188466220018127e-116,2.205096005272043e-68,2.2829454514832275e-117,9.37715506144467e-89,2.017256206221301e-84,4.743447108926352e-121,2.5869736701625293e-87,9.969564517724075e-109,8.105237885982046e-120,4.077441648868197e-71,2.582912090507542e-149,3.410931104022753e-118,1.9659854788645319e-106,1.1818306489210986e-73,6.250946793506253e-136,1.9174767502450484e-115,4.199830108052983e-110,2.9485888840909906e-159,1.7454977639900634e-91,4.1723003989930565e-171,1.9146762862183702e-162,4.36966291019092e-51,5.55966440100676e-88,4.382834293775513e-143,7.615179398170048e-131,1.1918080848681218e-178,8.75828887918797e-174,1.1652879634494027e-122,4.50265336580707e-151,2.5395172670493788e-179,3.545136808417436e-181,1.2870213979310945e-129,6.074861609394477e-159,1.4838067550578737e-60,1.9489203746165604e-21,1.486985866765809e-40,3.847623176017971e-112,2.8686205167012704e-163,4.062305419389067e-123,4.979797914874288e-99,1.4924237167712582e-127,8.019148254896599e-93,2.6390344885427437e-38,8.655566650223923e-92,9.780736680061122e-105,0.003064522955763946,1.8443308802725391e-44,1.2674884845613055e-144,1.6809927126765892e-161,1.6366033978901872e-193,4.984585210602231e-205,6.175389280854533e-121,1.0490718995640405e-140
0.0,1.6877605841319146e-270,3.243601314160746e-238,3.8008499628498345e-102,9.541200813169468e-102,4.3886407122630546e-30,7.320619221091359e-208,3.0170180220490497e-128,6.56147829644331e-146,9.245655225999935e-86,8.861718685608944e-136,3.528897123282989e-136,1.2109749900339368e-110,2.093947573342598e-80,2.140807373850642e-41,1.9920318872331602e-67,5.368500563210943e-48,7.555009892679857e-101,1.874336725877834e-58,1.3861792178137097e-92,4.267509092188976e-116,9.057498275218665e-99,3.385577401388407e-50,4.3012902169645696e-73,2.627298889791204e-63,2.859626328003717e-42,1.8658742419581263e-79,2.6759729007946133e-36,1.6210017849596734e-78,2.324199916693934e-57,2.1432825952002478e-41,8.017238581769144e-6,7.833658254343944e-42,1.5366407018522148e-21,3.9208438472883566e-21,1.3725137621255102e-23,3.8504963065669785e-36,7.426098346699993e-34,5.554838115830775e-21,5.890378347545569e-38,5.4851224142150715e-27,3.190874939057238e-24,1.6562328664249526e-31,2.814333019129034e-20,1.1129115787142643e-22,1.2171227515644164e-17,1.3049822668692658e-25,5.87277918086238e-11,2.4533066903827273e-19,1.3941664290197825e-35,4.4351554944342086e-11,1.0596886486898094e-29,4.214336898884814e-27,4.940941701799218e-22,1.6293789887293677e-20,6.828697732155556e-33,4.179830020969518e-30,5.938794217106044e-7,1.0199710421786867e-27,0.00464594305055083,2.7089673281928135e-22,1.4450805351041768e-18,1.421967874527453e-28,2.033650160945131e-21,2.1469611173124352e-12,1.1283014156120945e-12,4.361453695792225e-10,2.138271388986709e-11,1.1519924549544199e-8,6.184258999776503e-13,5.726102557958894e-8,1.5515395653741658e-17,0.006168104442506248,3.2040898777682014e-17,0.00013688289560467282,1.452282119164111e-18,1.2968665944024987e-5,5.347250169751994e-6,1.6014172782523758e-20,1.6133321749392164e-17,0.0010902552911892208,5.0976834409036834e-14,1.23091705170984e-10,1.7807527532097628e-8,3.310794260969279e-9,0.0003869235668286774,1.3605410540476696e-16,1.2104215623748966e-10,1.4258543216228826e-8,2.3125864567891914e-11,3.1146710213915016e-12,0.028706554486556457,0.041305566999639,0.041294340570239056,0.09429006616093102,0.050780467876304525,0.05123389717061562,0.00012087755763874723,0.027972565961023377,0.012203762768950374,0.01553783252879104,0.01049099886754062,1.4100878148410978e-13,8.954441026232827e-11,0.000279794902445926,0.022362008604259628,0.0016952156554565078,8.341013019118927e-9,0.0001873554042014553,0.017885147881294212,2.7118938078661017e-6,0.013776066121879035,3.532358878496485e-5,2.0874108936422756e-7,0.029936872346554934,0.023513867893660906,1.2642557406872308e-7,0.0009027754194131319,0.013188924725636287,0.00015191232992835827,0.010673782746822857,0.026954203794888363,0.006329335410924476,0.012011307214343627,0.025892643959886413,0.04683272852606712,0.03140182974853109,0.013997393271445982,0.014701716137969303,0.022736339918604777,0.019332678959344145,0.0026563254732871674,6.99476645116351e-5,0.013819591894038223,0.01608929009568832,0.008772006496874932,0.007261107349413718,0.0011973589959912655,3.034913613064752e-11,0.0323430793794156,0.005282108672651071,0.040845038052692906,0.025280271426696217,0.014858951529616278,0.037539685774240064,0.025632369445945633,0.010998425591238913,0.0026850994916321987,1.1142946548142574e-13,1.852539006304614e-12,5.348411985156663e-10,2.1409934984180172e-10,3.168251839361318e-11,1.1773970128441612e-8,1.6421148259034412e-9,0.00010954362042734583,1.8975162620543326e-10,1.4903708703100805e-6,4.860526878895675e-7,2.8566073238570932e-8,1.6875899028911887e-18,1.1214527308925807e-28,0.0005591043617464004,0.0063434665818322,4.7395950412356444e-23,4.304745478604561e-14,1.5423381694158516e-24,2.2738440402677825e-6,1.4533076818952403e-8,1.7520154212253233e-13,0.004178827149514489,0.0006094009458581153,5.906717774140291e-32,3.3198891605792075e-17,1.2504655474677631e-34,3.823548392831955e-15,1.3843928924866501e-5,4.8014962491542115e-37,2.7245519193067446e-23,4.7414138496656086e-51,1.1626345339952498e-55,4.655257105994005e-67,3.190109465746977e-78,2.1812522653642307e-8,8.721676562697913e-82,6.770860135243452e-72,1.5620327642896054e-13,0.0016756833079016869,7.908961567121589e-7,6.250544287183363e-18,1.1241740527349396e-32,3.623324060400472e-23,1.0244791714659797e-45,2.1143916108600123e-36,3.471048553967685e-37,3.7148711391320783e-90,5.653560696537004e-90,4.8666448524559e-76,7.869284797732332e-33,2.5837429790850755e-119
9.813526213209344e-85,1.085192786887902e-78,2.7181640640887137e-30,1.0291615634032669e-25,3.203344115495499e-20,3.302448028544651e-22,2.929065331163386e-11,1.9793073509138707e-8,2.1932292443759494e-6,0.007332832842225419,1.889493061881694e-12,1.3014237740736767e-8,1.601959741400161e-21,0.013144510994640033,0.0024671218872053917,6.571431944373921e-16,0.0024950949732050714,4.186669546076368e-37,1.3497168197959662e-13,0.001945326243445566,3.1213859646053716e-26,2.5374864177949026e-14,6.845911155026803e-15,0.003088533206912589,0.002084207539178778,0.003494067751141928,7.59055278142785e-7,0.010824781054079299,0.010168704181159617,0.003597366382253252,0.0023148468941556737,0.0003644202794179639,0.007126420998395696,0.012182927790175518,0.02011647493348441,0.021101371117710883,0.015559063572334199,0.0313366218531998,0.03538339484392563,0.025684639890969682,0.02356791120564537,0.023721324117317064,0.020632499117463017,0.017922555651446823,0.011561699251391075,0.02237547585166349,0.014865292769659868,0.013552075942558365,0.012276469083919097,0.005860308184313964,0.016962800949144135,0.013421300919036122,0.009933172744004903,0.01273186134470051,0.011608468334546467,0.008546253105283078,0.018478493770871074,0.02020577979195872,0.015664408826497472,0.01532589799638699,0.008731296383282218,0.01173899787839124,0.013115376751247805,0.025953269760200043,0.013337986015873198,0.010603920074215723,0.00309063160486442,0.011465560320731262,0.010427720829104562,0.00031673491643945177,0.020765482404666618,0.01839512719599105,0.013505017722535395,0.006527510544747142,0.011002267588983726,0.008107742567528163,0.011982169868122798,0.012064274934888567,0.00908439279365694,0.010730142086868328,0.010904484490301432,0.010873894606445708,0.011877454950908563,0.010272878680084804,0.013028207210705824,0.005777408342352341,0.006990772550791843,0.014038052423288904,0.014207109069569115,0.009360710716631164,0.002211565856826482,2.177849511095763e-6,2.1425550034205647e-28,1.7832312872513957e-9,0.005646657310941836,0.006366351915566259,0.0066975155082947034,2.1018462894130375e-16,0.010761256128534786,1.4909568971845974e-23,0.0025396195763281774,0.003496745877426885,0.006481435152536288,0.007071917265661507,0.00017787127154945913,0.00704482499625012,2.7375969756855096e-8,0.0042465712986720925,0.00329400855653557,0.0038292641073589743,0.005335890231678883,0.00217487191284637,2.062697008852102e-24,1.301411360407064e-5,2.1246214013481338e-16,0.0022793556429596684,1.4015829050549947e-17,2.4292519092135333e-36,0.010408241956704756,0.0056464550444965435,0.004357229361305692,1.4073875612953195e-25,2.705127741375922e-31,0.003954281321770084,1.576565275127371e-11,0.0029223509998192202,2.3096291983384224e-11,2.849369049645705e-23,1.8738960086329895e-21,0.002280031678833799,7.7509219294183e-17,1.7143816966982693e-32,3.5783113904858683e-22,0.001131359335199842,0.005250249829894152,2.4331480590133077e-14,2.7607048805651487e-47,2.7928080698017275e-51,1.2194216436439643e-8,2.919644116088058e-53,5.621782345879515e-10,0.0034676289141921473,4.7880642596243624e-42,3.850095480196403e-11,2.5930090721150808e-14,7.236764601677824e-16,1.1257607314835557e-60,1.461486783093839e-90,4.34062692743274e-9,2.701501204516582e-95,1.1706132867581774e-24,8.257610964519087e-66,2.1549175465412818e-49,9.209779906012768e-10,3.986769653843381e-90,1.7611091326220036e-80,3.4252617573342377e-16,1.4645207144613156e-137,7.461598883249908e-54,0.000769353896069981,0.0008354972403909837,1.0558816751052329e-144,9.692175668302994e-49,1.7817970072977282e-55,7.885024094818549e-75,3.025622143946948e-87,1.2628399585194932e-154,1.618878158165332e-160,2.0452264019712108e-130,2.1089440931703334e-97,5.530916124583955e-50,1.1871845393087323e-160,3.975134144771232e-110,7.192367332596219e-119,1.1189264645934322e-117,6.077123590784975e-108,1.247981136712496e-190,4.19874840734712e-202,3.0803837649965966e-67,2.0280885792438287e-161,4.882390751709448e-125,5.519597841936389e-104,8.476837579722723e-110,5.586977779770562e-147,7.3254355120104495e-211,1.983556285798451e-98,2.542323249358919e-97,5.168140746102644e-127,1.617164875578062e-102,1.8396831607489912e-28,2.1036601322913162e-109,2.026409996811939e-74,2.2282063068740883e-37,5.583320673535296e-62,2.7901849185492755e-167,1.0853866188473519e-223,5.909019426499267e-237,8.912757883123641e-241,2.8636954236862323e-214,4.825768366288788e-215
1.6222028978021653e-168,2.9846891815204427e-216,3.8849203999422335e-107,5.19890576299924e-109,5.544526769602802e-80,0.005200119656582745,1.8841964886704168e-83,5.9123641740352515e-56,3.584454540022252e-24,7.251977968967609e-69,9.227210006683749e-32,1.857122123325577e-36,1.918496729015837e-30,0.0022876767007376964,0.009037818249847333,8.73287094488753e-43,9.323334178116764e-8,7.146484291468496e-27,5.682106667998411e-14,0.023695382391794872,0.03911047633490653,0.0583208940700592,0.03718645602350447,0.05174352425585494,0.04575097866208605,0.044355000464862945,0.0020919065733099994,0.023002481994232292,7.639027670308629e-9,0.0169833236590545,2.1778979532768364e-8,0.03913662140938811,0.004375828051443166,0.018239299598368862,0.013908258818648758,0.0396359164663155,0.006680782666933935,0.028197071368377288,0.025219700526314986,0.03134809836828004,0.029542041737336315,0.02673097170454536,3.1863180660935574e-7,0.005563772602827671,0.0006513615946920772,4.889081866492154e-8,0.013406049257034603,0.0002889891731020953,0.020790311411563827,0.006543981467190838,1.036178207432987e-17,0.006836770311510974,0.01512310739435271,0.006418415626027432,0.00917058229154164,0.017548999028747268,0.02600178853341188,5.348643268708799e-12,0.0033241009841243475,7.990359064633124e-14,0.015233899156685998,0.012270554066514946,2.8789447169161573e-7,0.01210588780887998,0.0004349852748642258,0.003544630612115477,0.005104732138928785,0.021214150089233857,0.013276053180202403,3.11936762813511e-16,0.007438452162639171,0.018952220030842706,0.019751019370147966,0.02208715795704956,4.695007949886289e-11,0.011413545547327082,0.01017595323442801,8.741953521070975e-9,0.0053021672018717875,0.003525863491453181,5.2139462976455845e-27,4.129860495847639e-11,0.007541031252219054,0.0064237387925369155,4.0213996621251585e-19,3.0988544212837334e-19,1.9606750950881336e-11,8.817794477395486e-14,0.004778365682401403,7.064740039570597e-10,0.0020099818001920997,2.3374054291827e-10,0.000602373424474278,1.6572991066310601e-22,1.3087903788534136e-29,9.297083386526912e-5,1.8634549011840865e-11,4.419557307929906e-12,0.00017161880124938196,0.009280335905848666,2.9747924587573404e-24,0.005437566674007178,1.2639203368894403e-35,1.7511290508025363e-12,0.0013802623278390894,4.237906329120921e-22,8.4668636593532365e-22,4.654865498090259e-24,4.842377083269193e-5,1.3077236087526128e-49,0.006070908804893555,1.1898954983414926e-19,5.20841813846615e-56,1.1404017664620428e-14,2.747132502739316e-13,3.4304042856447e-24,9.534458464951581e-5,1.9136076995431566e-37,1.0427712769084124e-20,2.487709734787836e-33,9.788862765226616e-36,0.0038122485861347335,6.285469581717148e-18,1.9115667930294835e-30,0.005337805199768209,0.005193437829344695,8.404345303655283e-43,4.841420871092334e-37,7.016919888441398e-17,1.5445305461311324e-9,0.0030654320956014403,0.001789216016989804,5.505998049872213e-56,3.9903144637938004e-53,1.1428611494160261e-25,2.2102508979461227e-52,1.4162798185530228e-28,3.6637848394758273e-35,5.605064794825663e-31,9.101485440530339e-11,5.960355245556023e-45,7.824384783535519e-50,1.603626377576066e-23,9.856818401295864e-71,1.9436323188149277e-67,4.202365086103781e-21,3.1560847555190557e-49,1.494403635427066e-45,9.042726600108112e-50,4.591013728813973e-101,1.923158641462264e-55,4.932456566216109e-36,3.0960843825031557e-83,1.107966528988074e-54,1.1716121989141367e-122,1.1370550327511231e-42,1.5334529362158638e-130,2.420189419906833e-91,3.91911765693712e-125,2.727858387975001e-29,5.071528260352888e-97,1.346876929598534e-92,1.8509527316098932e-110,1.5630702531739433e-117,3.0733716445838424e-155,3.090828779891626e-79,7.27182235068513e-182,9.781891324725821e-178,4.716705187486009e-102,8.076999429936322e-143,6.792345766574854e-153,1.9238563889212632e-99,9.119942534043132e-155,2.843681320055056e-211,3.3315292379765734e-165,3.3899533782756947e-119,9.11947993746055e-171,9.600998503339113e-229,3.469997746474361e-77,1.5108352273292146e-180,9.584035134841721e-18,4.3766936058896037e-119,0.0015880173403731738,7.333271781246117e-66,1.6944165493742948e-230,8.622920724302142e-186,5.1995876232391155e-111,8.992060899787349e-114,2.6933905765520684e-45,2.645423721784051e-147,9.195124872383301e-115,6.305893842699752e-91,6.249022922908708e-98,1.2334394568870066e-24,1.4420507837246445e-136,9.989632472590254e-182,4.944665994381705e-216,6.971300559213547e-276,2.4247036578833612e-166,1.3905429040339228e-166
1.041275441484557e-133,2.2373139343579518e-141,1.1365167198340081e-83,1.9296718000921914e-49,6.43751393320264e-9,7.178661930972727e-39,7.684326060844244e-45,6.473749245311849e-7,9.209455410354829e-36,4.312573981207696e-33,1.5051859285249218e-23,5.259214662602008e-49,5.792126610071675e-63,3.0649455844662083e-22,6.192212364938645e-11,7.695845383089342e-11,8.409197459269121e-27,1.4991887088682868e-7,0.0035172176171343007,0.05391194829442136,0.0811091091789754,0.05665214501045752,0.07972731848014757,0.08913319447240022,0.06312337672404901,0.03494361066503009,0.011382200546855131,9.264519486449153e-12,0.025431223168556536,0.00019112621430234395,0.01234724041498415,0.017824662923128072,0.029392434633374064,0.017901657906238887,1.060322889943238e-15,0.008484256111693343,1.2342146480442574e-8,0.011014315161592401,0.006242411430657961,3.602395453401886e-9,0.01981589138401811,0.017346150524312123,0.0070675452418373025,5.0275469283497065e-28,0.004721058342904879,0.016643167663399044,0.01014818252237277,3.096612381954187e-8,1.9680639980537445e-7,0.007906906794214933,6.181029707822572e-8,4.3725149012571725e-7,0.010458852284367963,4.442086442974804e-14,9.227063760534001e-9,0.005495552055121222,0.015830386271298732,0.007841607461774794,0.005361915553631591,0.006185717064867964,0.0208439586467365,0.026519217182810164,0.028683058366170987,0.0024420543770199373,0.02146890159400499,0.016404610514655887,0.001722980851251341,8.339353140833046e-13,0.003690519428846564,0.01916973725811565,0.013673092154835653,0.0075385476063180995,0.021738738103047463,0.00014681953648089968,0.007555716125014316,0.007452496688196633,2.6869462336198493e-8,0.023499586846619864,1.1550713469545718e-13,0.012603838616682751,7.630184218072325e-8,0.006844670641693934,0.0013589372548695143,2.2303268312548478e-7,9.082761933063464e-11,1.6120150320947822e-6,5.820861256496068e-6,2.7031818669183902e-11,1.3122211221760996e-14,1.2239838106715411e-32,1.2245967259180381e-17,0.0022033154201007888,1.5545451231948707e-16,0.00046121768272988677,1.7519221300517778e-28,2.94759420797813e-38,0.002784054831884556,5.098047185413733e-22,2.164496050011496e-24,2.0119705319863824e-17,4.840127243324293e-75,5.32888925481388e-23,7.644819148185266e-65,9.672206452777515e-42,1.6343552117228965e-13,0.0022941654683538214,0.001440913312219625,1.2015863624685906e-39,3.377543399702472e-42,2.333172902145666e-64,3.095775470412842e-37,4.156221763169078e-33,1.8960136636456265e-67,1.9171726793165531e-13,9.454308564000586e-32,1.3621897520235135e-30,6.695543812863202e-6,5.621997156380391e-42,4.93550905157057e-18,2.5842972798169134e-11,1.959543839827454e-48,9.59698231159092e-35,1.9889091486314746e-41,6.165859110577035e-34,0.00231594762190439,3.302335310831019e-64,2.056589485859956e-38,1.2504478105752111e-11,0.006688774152383129,3.497515432753208e-39,1.0213778855440198e-24,4.943379603346249e-44,4.704862644856206e-41,8.4804717095199e-27,5.826019525812076e-6,2.193882662072618e-75,1.059932925007541e-81,9.094665383292903e-72,3.658615451720309e-51,3.1643926058465348e-56,1.2850609937473285e-27,4.977689945228022e-105,1.1743672591934321e-67,2.3273023596486433e-41,1.7941983778088966e-86,5.411361716979413e-66,4.341976749260738e-96,6.168017150358628e-57,1.8422672899889914e-78,2.5487316977857427e-116,1.041821141894824e-108,5.6802361402620735e-83,2.302639824994968e-131,5.716238456661542e-106,1.9048634494674238e-149,1.6813764846121419e-96,1.3440222021746995e-130,4.683761829803668e-152,3.2287903369664316e-115,3.53337658211315e-67,8.284309684628698e-122,7.589136277940086e-136,9.572407755032439e-119,3.711021413122336e-177,2.4964331421013723e-164,1.4976669016210177e-115,8.060675321016166e-168,2.4889970364764843e-211,5.985423394861719e-118,1.9236738765896457e-171,7.57786251240704e-135,4.761318724216942e-188,3.6076593604025905e-215,5.897415659655832e-90,2.673468845365329e-204,1.0807001557190172e-155,2.7871740221248957e-284,3.745940972718093e-293,6.7970457603510015e-168,6.983405265299575e-145,1.6749279559227265e-7,3.5955022349849194e-164,3.011917412091423e-90,1.0502495210767572e-89,6.2910811654918764e-186,2.8289487355133177e-116,5.224873472075646e-54,5.924777377729898e-89,2.1059267100982075e-32,1.3196687766842701e-131,9.201802014898172e-130,7.306180897723659e-85,9.437224492742056e-85,0.0012797434195812648,1.4116186981245047e-172,4.577949465586976e-208,1.9203752182111338e-284,2.1018036212764997e-235,4.2545330371464176e-210,3.962939772449599e-133
0.0,3.106686375486405e-276,8.455583337725699e-141,4.767272442451037e-148,0.0008458910982878767,5.5401846756964684e-104,2.0818308923350657e-151,7.958163692555007e-107,7.16000032657723e-136,1.248163631874114e-40,1.559317924247029e-170,1.3360118200370061e-133,3.785753525800294e-57,6.099380269812636e-134,5.464727999376746e-70,9.836238160840683e-77,1.1087894812742844e-78,7.166264687855885e-123,5.304207475676208e-99,2.8780504969265598e-124,1.646139602318198e-150,6.532551847332107e-97,1.1138379678125358e-81,2.242459498120654e-61,7.337892849100494e-100,1.0872350061958438e-54,1.966490151762297e-49,1.377272695616622e-60,7.700482245866173e-61,1.3876825116518377e-48,2.6971690682991443e-10,5.237506609261343e-75,3.381987362193764e-54,5.89826352831926e-31,1.7942092984285713e-55,2.3238118151892753e-29,2.28450039133574e-18,1.5400223482979577e-58,1.3189120663755957e-38,2.5952789776245616e-52,1.7832945751456043e-52,1.2397549924010573e-42,2.8475157309785313e-29,6.068127817922202e-60,8.233056025500467e-29,5.207607567754646e-46,0.0011807807793792178,4.718263087945787e-5,1.2611842164708252e-19,4.17635202371251e-30,4.930235171508835e-16,5.38857901904406e-37,0.0017407744422910313,2.2095347259106453e-25,0.0010061533500575672,1.3222218721377983e-32,0.00038625102642155196,1.2950705719654114e-20,0.0019854453425809343,1.5012090667411756e-13,0.0017897004793788875,2.5713322264091857e-45,4.2378031937386106e-5,0.003874041000588449,7.223027117668547e-28,3.6259847351993984e-20,0.0008256094874431841,1.486136737246263e-12,0.002701823610756541,0.005209848119378995,8.571975708305635e-5,0.004565792019325751,0.0028834003414714604,1.3834845678323678e-25,1.1980664194226917e-34,1.9768530378858503e-13,0.0038222829676132545,0.0047165183544000296,1.546228761798171e-10,0.0027700557999402087,2.894809689730298e-6,7.874200029474469e-26,0.00434843742409021,2.021060554797811e-11,8.109928293822574e-17,0.0030269916749698007,0.004282907749714628,3.4235870355899045e-13,0.0064923701544195266,2.8802690262389025e-12,0.009289383599556009,0.00855537143053326,1.196793012711478e-26,4.271176995585655e-5,1.2305566256797858e-13,1.6266395494920936e-11,0.0025865005496340282,4.861635385198021e-10,3.422028289188912e-11,0.014413303670435378,0.013068795677714946,0.0029360218775619736,7.883711151656446e-16,0.0033956059477042613,0.0021396481387661536,0.011751757484313261,0.01696326381606206,0.014947648511398952,0.0253117115314629,2.8556814683628053e-5,0.021243078562157097,0.04784630464316054,0.03196402947011989,0.027436962695709423,0.03460419932171905,0.02254066648694998,0.02475985071956145,0.024540053183651003,0.035692526177412955,0.02395001596024641,0.01556423629377093,0.022123872199510806,0.010019235650908077,0.016061331818416832,0.010421554650016825,0.013559702562969513,0.021324662071570497,0.011620022268638907,0.01208147661862651,0.02484300202388829,0.030756570737440744,0.0111724938590088,0.008297281464623465,0.006995735704145212,0.0013928502344000766,0.007008023791676882,0.008890698215527647,4.624396594491737e-6,0.01089562921179191,0.005970068666837162,0.0367157572358088,0.030587282649405415,2.7939365577225957e-5,0.024362803359519746,0.004186150973072792,0.023690020549988793,1.387736654630023e-7,0.013455232260613466,0.0014144275708259384,0.006306376084170756,0.009763175011989993,0.015228078092040022,0.004183327683433944,0.014863319841831027,0.019488597467234886,0.021533487643006752,0.011357104813372595,0.0010909312951747636,0.008025048344819147,1.745696067319932e-5,7.656991773622389e-6,7.8478038851305e-6,5.076461927780017e-6,5.52181161080618e-16,2.8875685780437924e-9,6.054577220276154e-11,4.763041427627226e-9,6.336131463755768e-6,7.401466343955758e-14,0.0034057542489797188,0.006180865668791349,4.118690838312627e-5,7.035344303658804e-16,1.1977665325139612e-11,2.8065418146711325e-8,3.528176786587131e-10,1.1142597611244076e-30,2.489047774700282e-23,8.055278049325271e-30,1.1476051242148497e-11,1.4329422281918717e-31,1.1726179987531576e-43,1.4926300590601808e-50,1.9014699737036443e-28,1.6388885038213974e-33,0.002216915352949787,0.002545485908869456,2.538954662205065e-8,1.1801263253616788e-5,3.18067754594617e-12,0.0008153418606431272,0.008531264084322582,0.002283425259630773,3.261331695546912e-8,6.223044823267409e-13,3.5953213596260444e-32,2.9371052580699347e-58,4.119397790818101e-37,1.110058609192189e-17,1.8350127631837676e-77
0.0,0.0,1.9010120030166665e-266,5.26695385795717e-297,4.395545431417129e-115,4.003182799377944e-97,5.251078254409516e-212,2.62833177022e-312,2.1147147577262534e-225,2.32490951590517e-138,3.79368086231545e-212,6.287825428998153e-163,7.984190177978756e-184,2.902323167922776e-188,1.6595641125881213e-61,1.465647275707085e-105,9.675401518545476e-137,3.6866795517483813e-183,4.417527377388954e-131,3.1521861881387947e-190,1.2721964750599492e-274,5.472170842279563e-190,4.710757516235367e-139,9.851251552303484e-118,1.5692129884776082e-125,2.547501343098406e-109,1.0047753764729114e-133,7.109600700260005e-72,4.401354981669263e-159,9.769968118008066e-76,5.050516185656122e-85,3.4673335227078416e-79,5.666972316194466e-72,7.592999439027471e-65,3.8498074038032366e-53,5.5301470974281576e-30,5.456065460518986e-54,3.7862804190478756e-97,0.0005213361479328484,8.141421682050875e-83,1.8121444534430229e-69,3.1658779014476576e-77,6.035902043741274e-24,6.855893990383023e-50,9.241526572811768e-47,4.95653956475716e-53,1.3698813080031037e-46,5.020325140893915e-40,6.602827272450419e-63,1.486046683278086e-51,2.842617647402228e-32,8.279111892275834e-70,1.5257164554293095e-31,7.711527217658406e-45,1.1858927864047799e-43,1.5243120907444372e-62,1.5569436980794232e-67,1.0875709768766499e-32,6.5916234712188135e-56,1.2795644084551033e-25,1.3459132061815764e-81,7.954036733694564e-49,2.0725549195101123e-57,9.257946460807037e-41,1.4662924432234267e-77,1.0304434264927869e-47,1.2010397068229224e-28,7.615149275182911e-17,3.218063865586983e-66,2.3727975073510997e-36,2.2947510275670394e-30,1.533194624743218e-29,6.269636850853903e-17,4.3942570249708377e-20,1.5938514173019116e-40,1.3189618118034645e-30,1.601040707602464e-40,2.301541981184643e-17,1.6373336612110122e-49,1.2543973138582565e-26,4.715505677925014e-25,2.3950104304423494e-43,5.785217696097747e-14,1.3853950025212253e-11,8.974841291328954e-37,7.30364775806883e-36,3.218963094025064e-45,8.500365018153754e-34,3.8105292969988395e-32,1.606967876145701e-22,4.7344055587745436e-39,1.3372908775773322e-42,8.515814837187854e-23,1.7662882938919479e-15,6.966242513686236e-13,2.0850275986036936e-15,9.959257699175264e-8,0.0006020172219432448,6.3499325736293525e-18,1.1463242288919295e-10,2.0698701161593867e-17,4.9531201132548065e-17,7.814109975951922e-16,3.835895867592665e-24,4.5972981399653223e-10,9.38594243954236e-9,1.2707019276532891e-8,6.49381314543611e-7,1.2922101848087052e-14,1.760244058033371e-9,0.006790596344846968,1.4284090988012701e-5,1.0682467112140667e-12,2.588910438160438e-5,1.0387312056723248e-9,2.0693505944814193e-9,9.268608784486062e-9,0.017413100124469994,0.004653951622145607,0.008903998541019802,0.015286353554915756,0.000531906986682778,9.826749721659304e-6,0.013451399193583702,0.01240189179698541,6.560430480428713e-6,0.0024223202860287735,1.2430392586043399e-8,0.007848781353883547,2.4268412924764106e-10,0.0021444899745788884,0.015812016113327006,5.845616699619003e-5,0.009290737428908893,0.015278977561305907,0.014476276169908781,0.00557143237948716,0.0006384098839073355,0.01963847565860514,0.002875046116013352,3.647877761812585e-7,1.9563139643177585e-5,0.009846046799980357,0.012613927995843347,0.020462258036614854,0.024524808928689915,0.03256672807423899,0.03020347361648436,0.025002037517584272,0.01642394785955298,0.011361611985657407,0.01615898498603255,0.00010777678112145561,0.020893630238534182,0.0407750701777419,0.03961949615205777,0.02518138276996822,0.020973693533243607,0.04995544074762498,0.03328380777495843,0.0378717939286243,0.03901357681499024,0.017489062071279773,0.025162364509042807,0.026753938297742853,0.018893277751981245,0.0262761858999523,0.02331191518544809,0.02675953490624755,0.03064115025000386,0.022145845272116035,0.01672870435212894,0.007984678768269244,0.012566222230218978,0.004839416150332421,0.01291083914704498,0.009569827216855366,0.009285825970469236,0.005777063079690876,0.004374590669005404,1.5061692893288887e-27,1.9386489969302985e-29,8.413454419277021e-26,2.5588007854702377e-46,3.1381002349925144e-23,2.643281812594682e-33,0.0018214666125003127,5.127706261761474e-11,0.0014216564949986613,1.3851225521731707e-6,0.0015916025241119053,0.006738346598472298,1.8090088172995516e-15,1.4989215787760597e-19,0.0034263487513223508,1.4369588686938707e-51,2.318764026829682e-93,4.200051747022907e-18,2.4445091310002283e-47,3.003022735134485e-91
0.0,0.0,6.150967011987923e-173,2.3708394087508466e-144,4.3849320864305446e-41,6.493377337780455e-133,9.83198558958899e-221,6.1452654391204504e-195,6.809995314474138e-158,9.308880280788997e-88,2.4749055824335103e-182,5.321414147425612e-130,5.230082400208714e-97,7.815235781080987e-108,1.6326997538398263e-46,9.838544297120063e-83,1.9099316308326257e-47,2.1553584867122706e-128,5.005504141399861e-129,2.7697695227480828e-129,5.883928698129521e-165,4.30316805456419e-131,2.6889721415940084e-104,7.040489136215901e-108,1.2483969472041649e-112,1.5487643720568107e-85,6.330765781286546e-57,9.052513938051986e-112,4.988661894837289e-77,1.1543973702500158e-59,9.470772957130665e-47,1.774427237095993e-81,2.315877490907983e-84,2.546134706353628e-46,3.1105049480350996e-64,1.8729879452707383e-40,4.107037704127864e-6,4.275693218804503e-82,3.375073220332545e-42,1.6758778715328326e-63,5.07161485532499e-25,4.1798911627583175e-58,4.930065703281676e-21,5.552478112240909e-63,1.3611039842913802e-71,1.3636002534598562e-41,5.8290480324348715e-27,6.293149917297377e-45,1.2239150286717743e-48,1.3660988532233251e-33,5.2736397828750126e-30,1.1053372506336779e-24,1.7639457248452468e-22,2.969890594383049e-27,3.901273855615733e-23,1.2499339017592968e-34,2.4402845848043705e-41,2.7782852220327064e-27,6.282432311608078e-26,2.91169049976573e-48,8.094770968032159e-16,1.8586781997073322e-25,7.745008184036994e-14,6.363851109300953e-20,3.5853662658799973e-28,3.523328615631976e-35,0.002758097087130778,4.060409105123292e-7,1.0933799740618012e-41,3.3537631345832715e-17,6.8856624241071984e-12,1.3594862731741127e-7,3.221541261428647e-11,1.7995526165433072e-31,0.0013585465812659717,0.0014131863022303081,1.6970723297628804e-19,1.1554002403599275e-23,6.069670295925928e-24,1.2833859515145036e-12,7.64803803522079e-16,1.5042815458660972e-33,1.478697054247524e-11,3.3264128311638034e-31,3.7523332788583374e-29,1.0004994145027653e-23,2.0403989681014314e-17,5.727459566200045e-5,5.4312380307021974e-11,0.004164695851230419,0.0008777763614867131,3.8316780143742586e-11,3.0002756096555347e-19,0.0024968142498693717,2.1401474561294125e-8,0.004870373339664031,2.412515087504182e-17,0.011035290766615564,4.7547336809827703e-8,8.221881392391324e-7,2.784424110958752e-9,0.009450851880072171,1.2490605302630617e-22,0.007750673629446516,0.004276993309232871,0.0066323087572326125,0.0007844044098085716,5.211340068090758e-12,1.2367549360787105e-11,2.222707038553837e-9,2.5055266945683464e-6,0.001628378841915778,0.006205590684992096,0.009198277401959701,0.016678119622100408,7.158171844205631e-5,0.016352633284478422,2.2869817535880038e-5,0.0037037908355472457,9.809863765870746e-9,0.015287505332863187,0.005658817110473775,0.01612306182925922,7.093293168203322e-5,0.00034697351387082153,3.4151851037576426e-11,3.248315174644001e-7,0.024367271241646168,0.018776913030304116,0.008103364474301872,0.0008493392428696545,0.0009881378244187098,0.02661352230879296,0.01643318460131884,8.243088870594322e-6,0.001223786330193702,0.0009594212573033262,0.015211576895320905,0.0014156827353461125,2.1774925991253484e-6,0.0005306167536695047,0.02872933224420627,0.00760922395346002,0.01687955636888806,0.020683513607767896,0.025295417101683024,0.04692685863479637,0.014514752284905343,0.026508213629903653,0.042316920964788576,0.029500676224590267,0.031403708029216465,0.05360986978700044,0.03202816742487997,0.04213119625630738,0.03104239618833662,0.02398642835987544,0.026489028158477732,0.007929882754657284,1.7707102034282934e-5,0.0014292762781979423,0.023959769404711433,0.02656078473811865,0.02514729291048019,0.01761599611579064,0.02156196387510008,0.01326470241705346,0.016020931496384446,0.004063429203798483,2.547044870987228e-5,0.006998128590514389,0.0033649511663884565,7.425141525936325e-8,6.82419364283102e-6,3.980288723502744e-8,0.005428984246716154,8.623629525880648e-5,0.0006528924197266966,2.2666299361169722e-17,1.191732024763541e-13,1.129202491736995e-32,5.107740706812231e-37,1.443496540798571e-33,9.105865536505987e-35,1.2282342452750266e-8,4.309464611354366e-18,0.013150838059386723,0.003359938468761852,0.01467139738616759,9.314052000424088e-19,0.01521164658426582,0.014992967326395717,1.9625664787366877e-11,5.513815178074028e-5,2.1928449970463925e-8,1.6612290152556367e-41,7.913325839722578e-97,1.6954277993310304e-27,1.068727959730122e-22,3.461416867156064e-102
1.6083455276222173e-133,1.3930787346389576e-104,8.50730152206242e-92,4.437184966272341e-39,6.1407808434738565e-15,2.2518664400747623e-69,0.00046785918793666514,0.0022841463597358972,9.501291745724052e-54,5.797002584140217e-33,6.480020611474121e-25,4.855577915480014e-13,1.2906723071315826e-48,4.31256443289704e-27,0.007845863993888017,2.1028076464996912e-30,1.1079340599209704e-26,2.480115752349228e-19,0.0005158263296642405,0.017023874059753915,0.06103165411101864,0.07248022333814055,0.05234788584982336,0.052337423412535014,0.03511049261455065,0.029932857806057384,0.019395430897517375,0.02827196325620542,0.01376485464884244,0.0026424770327407483,0.0002546169589319829,5.610270759700604e-7,1.0146600271890197e-7,0.008609190118876805,0.013181238307254,0.02900556317918485,0.02192540730759215,0.033536410482528804,0.008706524444249329,4.310561592055585e-10,0.010552425013013452,0.009406965041576038,0.00030585538231384324,0.008630399296553707,0.006757038003459305,0.017587521167465026,0.02167133355608667,0.005524587929148047,0.015554074966921334,0.00762537204197689,0.017187153634728704,0.02728468281358905,0.015191634034597574,0.003652076653727373,0.006429345241958832,0.019030216385387908,1.0231319843416193e-9,4.2221041165909066e-8,0.013976166391003554,0.005756140367888665,3.164019669329176e-5,0.0038500365337830193,4.7138441562440324e-9,0.002931690926674575,0.01856953384357513,0.006632353800854598,0.0317640511753996,2.5953907782509656e-11,0.022978546462648172,0.010847714830603221,0.017109511004627327,0.01512284355788438,0.003844616025865961,0.004287038427751854,0.011970014224380706,0.008188405139729713,0.013641533046597973,0.011695785768943397,0.011018798022447533,4.0980696697282845e-7,0.021340777509318107,0.0003116973491302017,8.167303219540921e-9,0.006569583096205544,0.0030517689794197166,0.0005410186999711183,0.005075364357871469,0.00014047012450734732,0.003429024866126348,1.7969108354836873e-22,0.006547661841829306,3.963422338708245e-11,0.0018002571255331412,1.517817699844081e-9,2.183581074222197e-12,1.5055208591642163e-5,0.012670164644180098,0.0008066590891678587,5.306807509786107e-22,4.5538328006005916e-11,1.3548330631418891e-24,0.0017902241725834293,2.8608895541630123e-19,4.1340065695119395e-30,1.1975857273913812e-18,1.4419527006186637e-22,9.687601299153363e-19,2.866483992065342e-15,8.798993806125817e-21,4.137336265845475e-28,0.0003132189636185088,0.009707778709222521,3.1883378915565936e-31,1.710123857039067e-26,1.6795007102316807e-21,1.5981271921353255e-31,2.9017775634009854e-21,4.5607230100727953e-32,1.6295676205325943e-8,1.9382800126724995e-19,5.324331885762577e-35,1.4543860247110193e-25,1.2161993396246526e-13,2.0582318944280406e-34,0.00042324770874074293,5.927235387176809e-36,1.685462469269515e-5,3.235162812565807e-14,0.0005054383681369094,0.004147516406595994,1.9998957401196505e-11,4.020063315588819e-8,4.295518015023299e-49,8.362715082944155e-35,0.0011731915613851492,0.002342946687266018,3.688354740687461e-27,2.1206682260307473e-26,1.5636191413796988e-41,1.277089383110005e-41,2.965980411027716e-36,7.974976701188027e-73,5.372565209227112e-33,4.4527133301973187e-48,1.043813241913091e-60,2.9948013927079903e-63,4.521386856358878e-44,3.4798405597976256e-44,8.294514413077595e-9,4.3616114545205924e-54,2.954021144027684e-66,6.764438159210894e-66,5.183552580240229e-79,6.897018295486881e-52,3.2626877517515476e-68,2.9776827196459874e-56,7.795700755408372e-60,5.685262905823043e-60,2.6782950101366045e-48,1.2913112779437277e-58,4.091931836982408e-66,2.06313255132769e-24,3.7906475014554364e-45,1.744471693035304e-76,6.441555885072493e-84,4.2702447505776967e-122,4.52292443138228e-54,2.0540102511862156e-96,5.783417330522866e-65,1.8539894448513713e-107,3.054671184717759e-79,1.6462605714365668e-79,7.786242509636606e-87,1.5793716756581047e-21,1.1782855170177865e-111,1.3439646666952468e-89,1.2185310457657554e-147,2.3886811276966633e-190,8.199290076603173e-93,5.181280645478132e-122,1.385592065406859e-46,1.1640630793088823e-107,1.481416860710391e-114,3.718373670551383e-106,6.716547788555835e-184,8.299304852481532e-104,1.2301874816268286e-84,1.0848481859741631e-88,7.80746075519702e-64,1.8293618498651075e-43,8.497501003323713e-50,3.4136772572535105e-81,1.1681570554466797e-81,1.75299021086864e-56,9.494430582226517e-164,7.255136950547289e-239,1.8343866109596374e-243,1.1348650177620695e-186,3.534014009278006e-223,4.160169501191706e-28
8.031294284283356e-194,7.138657731626803e-185,1.4039589777476535e-119,7.410452849900153e-111,2.1721891623966908e-46,1.386879180730835e-23,6.328898846352811e-99,1.1561477935296961e-55,2.4370605043659897e-100,0.0020101714988106194,8.986090883551923e-77,2.520644725801024e-52,1.344487691046784e-47,6.486268405997221e-50,2.6473700068318024e-24,1.241057114032832e-22,0.00568472867233287,7.891082517258805e-85,2.186963301166836e-76,1.403078688296751e-33,2.0535504994145917e-120,5.379466339047015e-52,4.2561272204171215e-65,3.6476294864198443e-36,1.5503600974103354e-9,2.4252945429686014e-28,2.7363598325965505e-33,5.0052920150525304e-61,2.2383866765065794e-54,0.001990397738181197,5.053848531830531e-31,1.8263643526311704e-27,0.001221019504926814,2.668834803432953e-9,3.77099292543839e-27,2.334900238992324e-25,2.0830861099913777e-17,4.394856947715062e-30,2.096278882443756e-28,8.75437815911053e-26,0.00710654060185897,2.5568503373391506e-20,1.48479679579283e-9,1.8484820515893353e-23,6.228874430707e-23,9.784231507793028e-29,2.8526420786885382e-6,1.3271047602795004e-10,9.045441501615073e-29,2.1702318298829155e-19,3.848033877690913e-10,0.00464212903919328,4.459856545321662e-6,0.0057076851404585524,8.400624151770592e-20,2.5469754722744465e-24,4.942630510409887e-34,0.002496296488636856,4.66658818310249e-16,2.0823919292090414e-6,8.971917984178269e-25,1.6745547595095476e-6,2.3829942408269422e-5,3.8625432053327605e-10,1.207839797052869e-11,3.315400365993073e-18,0.029140193038632647,0.0044508525379214955,0.007892324994748637,0.011507300342705,0.009611211623544117,0.0029633581212628883,1.1020842479357929e-10,1.971730275927041e-12,5.831076878521264e-10,2.884254315308401e-10,2.3502219362901683e-9,3.100418632504659e-16,8.020083487544478e-9,1.696792193514161e-5,0.0063704286788742,0.006058404260317684,0.01605124594311386,0.009256281770921047,8.278013189644508e-9,0.009473492537206312,0.019453829275127794,7.422397304947166e-14,0.03644252110856162,0.031227383829592777,0.07753845039350378,0.06356696138990578,0.052146740669327084,0.04184511507563536,0.0013913418299407296,2.3595098795339738e-6,0.011707978808894,0.03570928303691605,3.37193480661092e-11,0.024461216047333458,0.018624042422892114,0.009737355184976534,0.013591384658772345,0.019698832135083548,0.01739605360064564,0.01279952541345607,0.014377000164667976,1.1407564995451153e-7,0.001409102639470943,4.354062009874186e-28,1.595837016504562e-7,0.002739914790969979,0.017237843255167376,0.02218860658154447,0.012497556179351322,0.02574096138523791,0.026554106045611866,0.009602973872490539,0.005364863150188874,0.0064628867761380325,0.00020240552803782103,7.360172907121399e-22,0.023524895557247363,0.014868400440023181,0.019080878256191567,0.0032284047608438075,0.011247918611311008,0.004649039911011819,1.9967263421973068e-8,0.006695779792360258,0.006206777903529497,0.006725460135669977,0.022847868706873505,0.0006746012724807791,0.0027959901394360156,0.004934542200273594,0.0008128406702817702,0.012523980722040176,0.006303792341188224,0.012905876058583152,0.0031531072451706286,2.1835814356642728e-8,0.011092475386290164,0.011208861182089152,3.874589729062438e-18,0.01326935116443539,1.0218085975227798e-13,1.8066408897899716e-10,1.7618132871343863e-7,1.8466223171779116e-16,6.474819870680904e-23,0.0025597868168718944,1.2530762770681628e-20,0.00976470286846969,9.073541945599887e-18,7.057659300964008e-18,9.767692713246475e-5,3.7167224289106506e-30,2.02145910077271e-30,6.227000235312503e-28,6.367392850149612e-36,2.536673035016758e-41,0.0035600743791160275,3.0238985113883366e-7,2.8129922457042322e-43,0.001908132936950292,5.93813464741463e-48,0.004322699623646974,0.0010115539761301096,1.3587281816048498e-42,4.0822160237673364e-47,5.4156350446282786e-18,3.636110905091396e-54,2.548541271863813e-36,1.4974028700071133e-108,2.6367542349942376e-60,2.7616738537233678e-74,5.303381333697069e-33,0.0009407843562058738,1.3932291049811615e-87,9.182343772174399e-100,2.5452419178700845e-90,4.493910292353437e-115,0.0016783981756823094,4.386017176117624e-93,4.055627390819077e-96,9.698591632244818e-63,1.8596812566002563e-22,5.0447739265044714e-33,2.379798591684964e-9,1.6831483075600226e-58,3.4394048610819314e-45,1.6307856954244667e-63,4.2054176780955694e-70,2.0251766499697373e-90,3.864085672230855e-158,2.428035681164844e-242,8.988641231356237e-155,1.239526936514378e-36,7.686536082673813e-216
1.0,0.0,0.0,0.0,0.0,0.0,0.0,0.0,0.0,0.0,0.0,0.0,0.0,0.0,0.0,0.0,0.0,0.0,0.0,0.0,0.0,0.0,0.0,0.0,0.0,0.0,0.0,0.0,0.0,0.0,0.0,0.0,0.0,0.0,0.0,0.0,0.0,0.0,0.0,0.0,0.0,0.0,0.0,0.0,0.0
0.20778856,0.16512513,0.054642584,0.035135157,0.021347258,0.03780942,0.02203092,0.04404333,0.029441483,0.033916105,0.019446013,0.078362495,0.031667408,0.033021696,0.018342316,0.04865232,0.043475505,0.38660043,0.033164993,0.03257197,0.027341582,0.0356834,0.026523199,0.052261863,0.055295877,0.018000398,0.046987757,0.049057905,0.18541929,0.04263883,0.051275805,0.028759956,0.02477731,0.050805114,0.02910533,0.06089176,0.023529895,0.04494677,0.020557389,0.030165982,0.03458213,0.022252228,0.02565818,0.11328767,0.06348655,0.06710528,0.03407998,0.04235892,0.036549155,0.038440093,0.052824438,0.2926358,0.03287661,0.018456297,0.02776863,0.03223662,0.019240111,0.03530641,0.013048344,0.12913834,0.039544724,0.023913035,0.046239227,0.018125629,0.039769918,0.08663391,0.03206201,0.022645803,0.025005387,0.020848934,0.06504896,0.031012665,0.036759563,0.021598503,0.0076734438,0.053370297,0.037187625,0.036333892,0.027964612,0.00737458,0.040017884,0.01855702,0.030793915,0.009712759,0.015230083,0.027548581,0.045248855,0.07299847,0.025887728,0.046611756,0.022829952,0.0359032,0.008727117,0.049473364,0.024109147,0.037397906,0.03611671,0.04207104,0.03888271,0.0123770535,0.03331323,0.023008497,0.047402665,0.022456601,0.048236452,0.017842978,0.2449412,0.04050729,0.03494362,0.058710337,0.023159651,0.010855086,0.02544706,0.025227759,0.0186703,0.039324407,0.026105583,0.023725037,0.04154194,0.028169699,0.045905277,0.03866536,0.041813903,0.031453602,0.016602146,0.040769543,0.03801844,0.056003034,0.028572155,0.03696864,0.024311151,0.050328128,0.3353774,0.04101325,0.043202538,0.03186416,0.04433854,0.14572337,0.013765164,0.04293723,0.017638486,0.006967828,0.019698799,0.030579118,0.024548275,0.034760594,0.029797208,0.062035836,0.5430543,0.03345886,0.034412537,0.027131338,0.01592797,0.45476294,0.0342429,0.02894191,0.04779176,0.019970305,0.01175763,0.018234733,0.023327354,0.056865767,0.029263252,0.017229017,0.018774979,0.039092746,0.04375887,0.014516344,0.029986316,0.026928294,0.03360165,0.031230977,0.02110794,0.033758927,0.037597224,0.019048097,0.02181568,0.030370764,0.05176021,0.0402463,0.008047645,0.09768099,0.03272044,0.045571007,0.059708722,0.057774868,0.032405876,0.06953615,0.053995874,0.049888857,0.038224667,0.041285828,0.020249385,0.026317425,0.026716521,0.044629853,0.018902007,0.028379243,0.03550286,0.029623762
0.01175763:8,0.08663391:187,0.026105583:60,0.03206201:90,0.02565818:58,0.03345886:99,0.026317425:61,0.031667408:88,0.046611756:155,0.026716521:63,0.14572337:191,0.18541929:193,0.026523199:62,0.04235892:141,0.028379243:71,0.03407998:103,0.03530641:110,0.020557389:34,0.021347258:37,0.02776863:68,0.018902007:27,0.03611671:114,0.045571007:152,0.033916105:102,0.019698799:31,0.018774979:26,0.0356834:112,0.03888271:127,0.030793915:84,0.054642584:172,0.034760594:107,0.024548275:53,0.031230977:86,0.06504896:182,0.38660043:198,0.02203092:40,0.040769543:135,0.039544724:130,0.03223662:91,0.03866536:126,0.030370764:82,0.01855702:24,0.2926358:196,0.013048344:10,0.050805114:165,0.025227759:56,0.018234733:21,0.03780942:122,0.5430543:200,0.017229017:16,0.022456601:42,0.008727117:5,0.024311151:52,0.022645803:43,0.010855086:7,0.04101325:136,0.056865767:175,0.028759956:73,0.04050729:134,0.014516344:12,0.019048097:28,0.023725037:49,0.02894191:74,0.033758927:101,0.016602146:15,0.078362495:186,0.06953615:184,0.07299847:185,0.023913035:50,0.039092746:128,0.029797208:79,0.006967828:1,0.0123770535:9,0.022829952:44,0.03331323:98,0.0359032:113,0.038224667:124,0.015230083:13,0.048236452:159,0.019240111:29,0.044629853:149,0.027548581:67,0.12913834:190,0.03287661:95,0.04494677:150,0.022252228:41,0.039769918:131,0.04263883:142,0.025887728:59,0.03186416:89,0.041813903:139,0.018456297:23,0.04375887:146,0.046239227:154,0.009712759:6,0.04154194:138,0.023159651:46,0.027964612:69,0.028572155:72,0.45476294:199,0.038440093:125,0.033021696:96,0.043202538:144,0.008047645:4,0.057774868:176,0.02181568:39,0.019970305:32,0.047402665:157,0.02544706:57,0.053370297:170,0.03272044:94,0.04404333:147,0.06348655:181,0.029441483:77,0.059708722:178,0.027341582:66,0.018125629:20,0.045905277:153,0.052824438:169,0.032405876:92,0.0186703:25,0.025005387:55,0.029986316:80,0.02477731:54,0.013765164:11,0.03550286:111,0.052261863:168,0.02110794:36,0.043475505:145,0.11328767:189,0.049473364:162,0.027131338:65,0.051275805:166,0.04433854:148,0.046987757:156,0.05176021:167,0.029263252:76,0.03257197:93,0.023529895:48,0.017842978:18,0.036549155:116,0.040017884:132,0.062035836:180,0.20778856:194,0.09768099:188,0.031453602:87,0.01592797:14,0.039324407:129,0.029623762:78,0.02910533:75,0.019446013:30,0.04779176:158,0.03360165:100,0.037187625:119,0.03696864:118,0.053995874:171,0.031012665:85,0.041285828:137,0.037597224:121,0.045248855:151,0.020249385:33,0.021598503:38,0.020848934:35,0.16512513:192,0.033164993:97,0.024109147:51,0.017638486:17,0.036333892:115,0.023008497:45,0.03801844:123,0.028169699:70,0.049888857:163,0.04293723:143,0.026928294:64,0.036759563:117,0.3353774:197,0.030165982:81,0.050328128:164,0.049057905:161,0.055295877:173,0.00737458:2,0.2449412:195,0.018342316:22,0.03494362:108,0.0402463:133,0.04207104:140,0.023327354:47,0.035135157:109,0.0076734438:3,0.034412537:105,0.04865232:160,0.03458213:106,0.058710337:177,0.06710528:183,0.056003034:174,0.018000398:19,0.0342429:104,0.030579118:83,0.037397906:120,0.06089176:179
