100
0.3129885074027155,6.864257505817796e-68,1.0081712515681646e-16,3.9566189642763105e-24,1.7597691138765072e-64,1.7337255205323577e-190,4.382154689922282e-66,4.79606180667971e-54,5.585622335651715e-25,1.5607639065806511e-55,6.12282566986918e-94,1.103086054634215e-132,8.29593414700324e-103,2.7822302429166815e-120,5.339461907205413e-122,1.5181587546518793e-53,5.253363122140341e-187,2.5701935644606486e-105,2.9266905459494163e-49,1.5206778671846727e-30,9.690965697974788e-174,4.7660428433810854e-182,0.0001473255637598573,3.069098752955477e-55,9.861754616064085e-228,4.437160126946962e-114,3.634016773550973e-238,6.189818611549325e-25,2.48055469861e-97,0.31075374607175044,6.97037600622049e-65,0.08042481671117875,9.650936499868785e-111,6.1498622993298e-42,4.265470716595372e-157,1.4319787981244712e-79,3.100598841112032e-77,1.7548517593933368e-119,7.186953355593908e-107,0.07219736173512996,1.4541602960717992e-22,1.8028742495046082e-77,2.62563107195335e-49,2.8274310203686834e-137,7.96594090458963e-58,2.1608282731285027e-12,1.4343014210266284e-86,1.3960187554217605e-87,9.522454492144052e-88,3.2192584605304525e-76,3.182210479710019e-34,2.1633761367280896e-38,0.05846437988716299,2.1292486113893983e-60,9.748612071844243e-175,5.251283339094394e-65,9.94828179078576e-59,7.282094398174579e-31,1.6040017004820653e-15,1.2374337905997198e-29,8.536147708791966e-133,1.0486364179982083e-30,9.032617358006524e-113,9.780889059158203e-115,0.03157825540075503,1.0091546327904931e-57,0.0775013295782944,0.02766793180373475,1.8686852697628823e-67,1.3105941971767233e-64,9.997399594439865e-90,1.3478757935008511e-52,1.4762126573860665e-230,5.334636921927811e-40,4.3816335395216254e-182,1.267021901985141e-248,6.788344077044801e-36,2.347426245335796e-25,1.3452636341658742e-24,5.27477649976826e-74,2.0499591405625492e-50,1.2662639909864069e-43,8.199509367695375e-53,4.1416410277084576e-43,3.017622937748548e-50,6.406744883380193e-46,3.19962817497588e-119,4.0621973523938946e-38,1.6295005059362814e-157,6.0841183881500165e-65,6.537142773086324e-136,3.1687153030734533e-114,2.7601207578164566e-213,1.3661498022091792e-85,0.028276345843355786,1.8204592688464278e-77,5.157632465478483e-107,2.6515336954402615e-40,6.148758797743513e-79,5.463136798617652e-114
1.1544273151982933e-33,0.6983171235941337,7.230195552656931e-15,3.3414158250841825e-165,0.17430215358823523,6.951125924446212e-102,3.234061811491723e-90,5.558640540078576e-6,6.551738264044596e-77,4.6967025680840634e-45,1.1012232879666885e-47,3.4233009060228186e-94,3.3237161364336547e-15,7.150112034531601e-68,5.781852574276454e-86,1.9306665454077607e-18,6.937224428537221e-22,0.0006000584816165947,1.837309812478455e-57,9.317283287803496e-27,0.002220076568200273,6.436279075308868e-34,5.7491228681110346e-5,0.07220001588802068,4.564955328698212e-48,0.0011098006081925766,3.4913402776431012e-19,8.319331184855615e-30,1.327751533333627e-82,0.009256796907127517,8.207419413957466e-31,1.311108069379679e-72,3.970576690418129e-17,3.197587607562686e-7,1.7319982364867602e-6,5.4681884473296386e-71,2.6527259563239195e-97,0.006849718180536134,2.007426207196415e-90,5.018115171380318e-75,1.1905985485632918e-11,2.5133477843887637e-67,2.0512207548646233e-10,6.308460109422779e-73,1.7984115390201327e-31,1.131754190057218e-23,1.5525804678097255e-18,7.373418286147434e-35,8.030462826302498e-14,2.8329135392020485e-84,7.235956194145564e-5,0.00010779115226719579,0.0005758901507112094,4.098252645552775e-16,8.130295231374333e-5,0.00014134260383884002,9.357318724546548e-26,1.1024424147603287e-45,0.0010545198155920445,3.2898348773955524e-10,5.612506026356425e-19,1.4756186051441496e-38,8.959822540721122e-87,1.3483774477634723e-18,9.856151437791846e-13,1.8334344561389405e-9,1.7323806260712505e-71,0.0005575999830325099,1.7561432278593573e-49,1.8206218735776407e-13,3.9297165119121295e-39,0.010084279191397694,3.6365701167099816e-47,3.479958321570049e-5,4.0984755524555026e-107,3.857367442840306e-12,4.619832463205572e-9,3.586762764848692e-40,0.0198555808580446,6.122122023664387e-18,8.428389941596671e-27,9.429458239058813e-12,4.852868743041152e-11,1.9252812916163208e-9,1.5174405573863069e-6,4.169580087423285e-80,2.4979471389373935e-78,5.5738434715810446e-83,4.185742538181432e-107,6.7591166256793255e-68,6.832962801660078e-24,2.664252202488356e-51,5.131586458326775e-22,0.002492299822670264,1.6969511091233632e-10,5.347133903347219e-29,1.986228480696656e-5,5.7429259098626055e-24,1.5029941106865693e-45,1.363246035337001e-54
2.595944041008477e-66,1.2610574596277137e-178,4.3782497607787516e-16,0.00010958107954385672,1.550078655330358e-110,8.122063687230905e-26,1.7315515051815416e-5,5.696196587893734e-137,5.517e-320,1.197610731087981e-36,1.81586471782145e-24,2.985431128995724e-25,2.764381490615e-57,1.101475148182605e-11,1.2167047141225958e-86,1.212548908556039e-134,0.07323717542334898,3.560810551295868e-281,5.292252614057718e-230,0.0030694600430600507,0.015971505462773275,0.00027806213694474724,9.122886181050883e-19,6.413577219569004e-113,0.038580526090179215,1.2833579281132978e-73,0.007486894736488901,4.996377270119921e-149,2.9193874322017116e-139,2.134461284596503e-233,7.876601253946285e-28,2.4076655184974243e-52,2.5008281757786283e-62,1.5755516918417428e-19,4.3752390285743994e-5,3.1185527659223353e-58,0.00022318260018801866,1.1713872498208668e-53,1.5053124922546116e-22,1.5506337953219476e-112,1.2535660785240508e-12,0.020698765808266698,0.003172620313240878,5.5334148035042916e-8,3.979924334442863e-31,1.6711409606472666e-44,1.0877629292431884e-56,8.796262932959021e-13,3.2150873674903174e-46,5.5776943626852135e-27,4.955084345894749e-115,3.386842942574351e-122,6.370442616569751e-123,4.0806558245623113e-175,0.0003556983971466284,3.0694602008585084e-211,8.055567822906917e-5,4.2110512635062774e-33,6.145622971478313e-29,1.9975625368432546e-168,3.984848724587667e-96,1.4335332767629672e-34,0.0008921271861173913,1.037623085792008e-5,1.4878547591763568e-139,1.015164194058952e-5,3.3435426441750727e-37,3.6534213046183214e-20,5.121336807899093e-49,1.884405558226396e-58,2.6829770483359074e-94,1.3498646904508473e-125,0.015137978924922019,2.1463763673705343e-184,0.00518472200468084,0.12996694625593394,1.876820140381148e-179,0.002327739596483816,1.8379000399346363e-165,1.912392756411911e-41,2.4621368297807472e-20,2.500974393108554e-73,1.752025782817977e-126,2.0795654521973873e-29,2.394358174941141e-53,1.4468821857525136e-100,8.515488042186344e-128,0.00041684278181727255,0.6783308304208869,1.2639180955047738e-168,2.201401584565482e-55,2.6439554939800927e-24,5.5728007141171236e-6,1.3992454002449157e-73,1.209067333014252e-125,5.918707160629445e-25,0.00439156113359055,2.415019754576702e-20,4.303059047040619e-206,1.0272214438298134e-14
1.6892670623016375e-106,9.091331499016171e-113,1.5157724314725158e-50,7.100954765332562e-111,1.080900367952191e-70,1.2628982076201544e-15,5.913964284156901e-72,3.6201017313565707e-165,1.289307658650459e-175,1.702628981400533e-42,4.9348464837965e-59,0.37466977377701466,0.01446418250745812,0.05463527985638718,4.856670209698558e-65,5.70391290427477e-110,6.3119683610772484e-99,8.929124263425282e-134,4.2862450476888855e-123,2.400563539047194e-24,2.178589675183411e-18,2.294803145735966e-87,2.6793768184984187e-45,5.7403425307287906e-114,6.332212053318799e-89,0.014607204930951922,7.508296697133409e-51,3.207931985788068e-144,8.346751518854534e-129,4.921632308745587e-127,1.4712098774851331e-38,2.596116652193844e-48,0.07615548245225623,1.2814507790906905e-51,6.204459739705622e-37,1.3096675164825519e-85,1.673261560579592e-57,9.723044993658482e-24,5.295177173684114e-16,3.746529662240062e-147,8.822436652381848e-54,1.1346862189362654e-35,3.018119892806551e-69,7.069559365785071e-76,3.368349971641121e-79,1.0102603224266845e-26,2.022188580385028e-133,7.923029050222334e-46,5.803124085490539e-136,3.724832967763699e-5,4.351456789508207e-106,3.0301813316120812e-148,2.516295052746175e-88,4.056758285488427e-85,2.5271125763763836e-71,1.229879616776723e-75,4.74190470542589e-56,2.7656727927549664e-34,2.065857287835032e-50,1.1455353184108653e-84,0.37815484824172413,7.524405418656661e-19,1.2430482968157293e-119,1.447835341477559e-115,1.0123662068681775e-130,5.208264637887639e-72,2.234926923443418e-44,1.1682014642763451e-43,2.3712747271634018e-26,1.2133091733260019e-68,1.5334094600950897e-16,2.60675598152331e-138,1.6768546246526198e-91,8.397033185243697e-92,5.485898840666553e-58,4.356283266442375e-47,1.1492992093239511e-81,1.5638541544338691e-43,2.2359099494372157e-90,7.248366891589152e-75,5.3893152023498825e-18,1.638823173453754e-70,1.0267736907837944e-91,7.189176832450733e-64,1.437501297908399e-123,1.1919140683139214e-108,1.8642727301436815e-65,2.2232732489492043e-49,1.911318831883459e-123,4.2153916733126155e-79,0.08727597990452816,2.411544161864557e-31,2.095918981238116e-61,1.8902190082641863e-29,5.936019996137435e-30,1.1177228052882002e-47,5.973733366401395e-70,4.477067132040136e-42,2.020899115537068e-120,1.2824256924346484e-50
7.844451918513686e-40,0.6941504613458919,2.1056035406892762e-20,3.785931767687213e-147,0.15049064723130062,3.112662970226263e-105,3.8313831989074026e-89,0.009312585978175364,4.71567343617765e-84,1.2920475005655812e-36,3.8408584922642187e-47,1.4234602312401452e-108,0.0011116915297999911,7.37799899015869e-88,8.907514528299852e-91,2.03930825689745e-15,2.2090998384091635e-37,6.160841600224974e-30,1.2028108656579362e-10,1.2703229591162952e-38,2.0604841452026697e-8,2.2998552110409506e-21,1.97443024303493e-18,0.08338536582719978,1.265132928535278e-19,2.4526904557143606e-29,3.6467578196041324e-16,6.077638755186325e-61,1.076704143750041e-58,0.00037406789308619734,8.123913218171766e-38,1.22706427474218e-51,1.794921055499353e-15,9.722032789389715e-27,5.660094243096435e-19,4.275426922510025e-38,1.5824011930391933e-100,2.661297965354465e-14,9.356814864357943e-96,2.8344304749446453e-90,5.835710655070631e-11,1.5296929282843678e-68,8.929773908962908e-31,1.0487836808939333e-62,1.586602871834255e-37,3.9836837166980626e-24,7.216356971380331e-29,6.955833334513559e-48,6.093193052661211e-21,1.1659686970893105e-90,7.062503881834937e-28,3.142716915891035e-6,0.006582823936203737,6.083475018315528e-13,4.805121029306069e-7,1.1227302211468498e-16,1.6078392545766083e-37,2.8288999345593004e-36,1.7088422307325066e-21,1.9906067757557075e-15,2.349494795889118e-13,6.683862721971155e-34,2.0948830602267907e-94,2.8195382772988816e-10,2.3663703959779485e-9,5.195987941431677e-12,2.3143724117784724e-47,6.037594307953161e-17,1.5474805178122915e-40,9.587492193982079e-27,8.053568103080092e-31,4.114668403457145e-12,1.0140934400993853e-15,3.526738043321289e-24,3.309354765209835e-112,1.867312086980546e-29,1.088908669588755e-5,2.1014441757535347e-41,3.377111499983243e-9,9.141195543226396e-22,4.1674068678147816e-33,0.019708513466915045,9.077135259595898e-18,4.439375152077566e-22,1.533822103101063e-8,1.8890677991935228e-58,1.8157333222566139e-68,1.1551177194809563e-115,7.622611887935525e-109,4.5759890609120206e-64,1.936449835841885e-40,8.146614412228568e-71,1.1125119153195817e-8,0.00990306698388436,0.011517368888333178,3.0655191130522545e-27,0.0067516947873147255,0.006697146533737054,7.605399332758064e-58,7.739233046610803e-44
3.1999714893874183e-139,3.8801345814382186e-122,6.850158485499142e-7,7.784000535955394e-9,6.180983165001147e-101,0.15003698654572833,1.7000537303567033e-28,1.422733019826371e-184,4.8710223712816395e-297,2.7714728624748646e-35,2.526458299017375e-14,0.11930627384585367,1.4024996941063682e-26,0.05177587962806776,3.0744624724068876e-121,1.7129380249670198e-88,1.2547793921495698e-31,2.666503889472208e-255,7.660415492664897e-148,3.4777521849387642e-28,5.102595317106744e-32,3.1123956409041976e-26,0.008767910859204347,7.689083703433169e-88,1.1651485580518845e-17,1.5158307372310186e-102,5.793534776015769e-23,1.863541217788932e-95,1.4513414763032e-148,1.3135176542651253e-126,3.016810083616102e-34,1.9100513329080477e-118,0.12725667079906328,5.988313975459995e-40,1.7322057015240398e-33,2.2779939265723306e-63,2.4012889815755238e-32,8.616600330071985e-23,3.930342643854315e-9,4.318658868377978e-146,2.782472031342759e-10,4.437022018151543e-47,2.4353037405226957e-55,9.84876144566992e-27,2.9128258123178315e-74,9.498123371667332e-39,2.0396126921805917e-53,1.4270950280217297e-16,5.5574712596783286e-83,3.8153696596999675e-46,4.62037446951545e-190,3.7594723977236674e-83,2.610748918194093e-108,5.7104893443407e-235,4.674606883106644e-34,9.218408244937836e-148,5.423989318347252e-29,2.984636920728698e-47,6.253621226811275e-13,2.982058378007266e-212,0.239153498970368,1.2273272475423107e-31,2.9674235151813988e-37,6.339353517606566e-53,1.1993122523557545e-74,2.930631566125349e-32,4.749765666868463e-40,0.0012628605917003957,6.569994398505289e-86,2.2103808614479937e-76,0.022144894731762184,2.2068248817244606e-125,2.0448247868433212e-19,7.14247923373098e-266,2.5001613875093965e-10,1.8169519352521236e-29,6.524119594153297e-115,1.1820636516290956e-18,1.270201763261941e-123,1.3725525668990817e-85,1.6049284319689722e-12,9.699375715984535e-41,4.0575167673779434e-181,6.381495087595152e-23,3.580921686170196e-102,3.2443385330876524e-35,2.701115101421314e-110,0.05207110262768949,2.34756201182868e-40,1.3247096784131264e-91,0.09315832771509149,0.1350648937687465,1.5338090423645128e-12,2.6544798890601647e-9,7.640062165566134e-162,3.5390179991995264e-26,2.245820379997159e-25,6.163778831966737e-52,6.3223886309588164e-285,1.265153305491705e-37
6.647731861990897e-150,1.1520376632100632e-95,6.552931235977177e-35,0.05534946112716936,1.957752333800195e-18,7.151758637136812e-7,2.5924507935611046e-37,5.034763126662878e-58,1.2830130795442913e-261,5.942955275186674e-31,2.314654651418545e-39,1.4431747923643686e-35,1.6476287347146478e-50,0.050527102775751204,3.550886543518407e-51,8.952421731773777e-78,2.9878796778693536e-21,5.2369005585785814e-244,7.186548633237553e-271,5.716800148732647e-12,1.133879633093197e-37,1.3953133993763382e-50,2.823436839660126e-35,2.3871887840168824e-96,1.542697146894638e-51,1.1625853044022186e-60,4.512122424518169e-44,1.2895521806724681e-186,4.876102948325756e-100,3.220671059727654e-85,5.369767283656243e-28,4.141663071927896e-37,3.5563361854194825e-47,1.4770618829983317e-46,5.0053172540620216e-27,5.86993843554792e-51,5.332512103827383e-16,4.690330581741626e-25,1.379453097320048e-48,4.7781128447151477e-101,6.102254173355715e-38,1.3270099794610338e-50,1.498817483328147e-41,1.8095313470260294e-30,1.1130340802407249e-84,4.706532928216266e-8,2.7016696488113503e-47,4.195572862645655e-58,2.8491120966394257e-45,1.2415196576342681e-45,6.5063471833017785e-80,4.910810384650086e-13,0.0281101363795486,4.079537251505316e-73,7.169077630387432e-37,3.233359499706818e-96,8.686865344298044e-22,3.0015041772648247e-35,2.0117363280338492e-39,9.54980906118876e-149,1.223612324571073e-61,2.6887612332842035e-10,5.347638327900413e-62,9.252587056061329e-29,3.65460763244738e-56,5.443335394339237e-23,1.2534141348607574e-52,4.588038431059109e-33,1.100384325080181e-83,7.340532080850945e-29,3.7592905341092135e-47,1.193485716202903e-54,4.564674943862318e-53,3.4234332793822826e-156,0.2830497309774603,2.935991114804008e-17,1.1871405663154885e-36,0.15665085868048745,3.933410221813129e-92,5.461030350276185e-24,0.27979966612005164,1.990137406803321e-18,1.4108572891175272e-74,1.7011940712213795e-45,1.0122595336595547e-44,0.14651228142325387,1.6418332287119214e-54,4.906461099477396e-57,4.591512858388882e-68,9.738001246500378e-107,4.1464172335916755e-22,6.934427530209621e-20,1.6846313061265813e-39,4.338411087337625e-37,8.35583824311961e-84,7.75504350651511e-32,7.378790920960185e-42,2.3443391859462863e-38,8.002980234676974e-107,3.0622398872219115e-27
1.7849465093035332e-28,1.1259150421789935e-6,4.6278315368895223e-175,2.7437102544154695e-34,2.7965322607134405e-27,9.502302903617835e-155,1.9510635900913716e-135,0.20932024051732714,0.10257094388920779,1.4032370645838771e-68,3.15094329528158e-65,2.202347798100637e-245,1.1070743371596703e-95,0.014355720522470033,4.356131229177939e-68,4.2862577369710815e-34,3.4434253430801218e-189,7.590294001058812e-19,3.9915797464848494e-29,6.721937458680019e-189,1.0296432866641465e-218,0.0,1.6562766653659523e-170,1.4439239095445895e-6,0.0,5.991975032423007e-69,0.0,0.11222844773270967,5.952509381597068e-46,5.257413963152567e-30,2.2274423658813146e-86,1.8974146310420453e-80,1.1419256462390968e-111,1.31347171408324e-173,1.096620101533143e-222,1.153306752293614e-18,2.3385683313840957e-91,1.331587214333104e-169,4.495396484673721e-202,0.09978310650231297,5.317342411715393e-182,1.6966815270335234e-168,9.924169197704637e-54,2.2644646273072716e-174,1.9007405081727461e-97,2.5959829995475437e-87,4.56840507691411e-64,3.9875089456648965e-205,1.2698173621402677e-82,1.1824044557732785e-67,4.71857331896238e-13,2.6471074691942577e-19,2.5890880323346844e-16,0.04589315975261226,0.0,0.229275495194474,4.068311281056195e-87,5.354395028220094e-108,2.7793855699638246e-184,0.02441797305597411,7.689626333045965e-70,1.4535609580846922e-105,1.9072929797488095e-164,3.349233865830772e-200,2.826964144671476e-37,4.8459101118515964e-42,3.039248352684332e-60,4.114808081804934e-171,1.4825417922285297e-50,3.7309578062477123e-75,3.9572044022601246e-125,1.1372417445469887e-50,0.0,2.469963498126218e-22,2.868414195916826e-137,8.306404459751872e-239,8.118764115361882e-21,1.6203323209401694e-129,3.6060971496486055e-15,2.542636732727215e-37,1.2223888901332843e-115,1.705794198472263e-87,0.16215233627183998,4.967286266023066e-205,4.337344118059849e-49,5.004390167522452e-65,5.340727059420547e-109,1.1364894610240944e-39,4.645844850267983e-170,9.828283040031698e-86,2.9849039570288773e-101,5.3398405929289474e-157,6.25484333168954e-241,1.0581216127434178e-71,7.329313112885542e-13,1.8091869689390635e-224,1.334420496463808e-274,3.401089409914827e-93,6.720911779058409e-9,7.203377571151393e-181
4.8562471000026295e-88,6.012580458426399e-67,9.6310363403873e-310,1.6306602207534705e-236,1.6197805776143698e-48,2.2949163812806023e-299,3.6471110720744097e-147,3.625970386503749e-9,0.7991601365980874,7.19938471366829e-74,5.91402788368185e-103,6.713529871727652e-305,8.497606663092028e-209,3.675265675459499e-157,0.004749204788501668,1.769007620146556e-74,7.62167340202142e-277,0.07537229029149489,0.03700919075844516,0.0,1.53105634766956e-310,0.0,0.0,1.5954848284408744e-131,0.0,5.146150270895271e-175,0.0,0.00550949681667904,2.0640793907812877e-125,1.9851956413143946e-21,4.522276986123043e-145,0.005526443328074318,1.3516771071320889e-130,0.0,1.44e-321,1.1513269710250704e-118,1.4849130396682517e-131,1.509059419914293e-307,5.764505715029932e-244,0.01113787600767988,6.58733e-319,1.3846480883294874e-241,7.527086669820633e-99,8.414581445924e-312,1.2497658429767523e-138,1.0801608281275586e-283,9.344587303647266e-227,0.0,2.2609002079284488e-247,9.579210009887574e-92,0.008680432504559318,1.5030486677719929e-139,5.7949272512819445e-24,0.015581040742910526,0.0,0.005676010630309871,8.956550261839965e-244,4.929488143322138e-214,0.0,2.623119179170427e-69,1.047956029253011e-305,2.3326471448271012e-297,8.669500406559289e-243,0.0,2.0623707761151796e-85,1.5934028823290167e-232,1.9553437727372373e-140,0.0,7.95524913723467e-118,1.33291357e-316,0.002523562508317274,6.363770428834659e-101,0.0,1.129349843952226e-12,2.650234277543858e-152,0.0,1.6700751346129132e-25,3.2042629594281767e-227,3.815707432547749e-83,4.596098201686811e-61,3.3712443641529006e-245,0.0,3.061803740784875e-26,0.0,6.094951624507048e-234,2.5352621836586796e-105,3.539541477847949e-227,5.244204986737714e-70,4.513899265552496e-251,7.125072860739917e-107,3.4308415666780447e-218,3.262234095888677e-187,0.0,1.1206318954163566e-286,8.993929543993723e-20,0.0,0.0,4.627807044375672e-189,0.029074311397840984,0.0
1.1109042749192486e-75,1.4450871026994226e-63,7.044027015117198e-84,2.5416173568870075e-111,1.4980420080335604e-42,4.2792673928711134e-44,3.355497041393182e-58,2.0900340782603402e-58,1.6644024861478149e-143,1.328666516335935e-25,1.9705281983065724e-24,3.0122519057596924e-30,5.898118332397262e-16,1.4963255491576434e-6,1.819522898817189e-77,5.58640397919971e-52,4.473735136830802e-54,1.0021908932468879e-125,3.4788149227497016e-82,7.822428998280184e-55,8.085888772000819e-100,2.1177786979028942e-133,1.6133224694268993e-82,8.640555653571576e-58,4.097262516837186e-157,3.6452130706292883e-54,4.7066880023624726e-119,1.3963996464225972e-89,0.055124544890822934,6.689248869349793e-55,0.7764665754912272,1.0670552236599034e-71,1.1185327811788497e-55,7.776035066021317e-70,7.545988136620984e-86,5.643612515605981e-75,1.2773916469029572e-125,3.7294164277081886e-92,1.2903620282568404e-117,9.555310083934398e-26,2.158220894742564e-87,4.047512980664777e-38,1.067864486049322e-7,1.3476721749464858e-79,0.01569533404468965,0.05382732589917817,1.029239224871716e-18,1.5554502203630605e-90,3.4707676726314996e-25,8.057030964184286e-39,0.02770580721894462,1.0741693998410414e-59,7.039039878079477e-68,4.963807867094686e-50,1.5835337660167882e-97,1.0416816644723074e-47,4.782591289504291e-8,0.0002899537181921424,2.9925201241516334e-104,1.3703294312070983e-64,6.110873676546827e-87,0.00011214195826631359,1.2221778623883946e-25,4.970347667429053e-100,2.104144239872222e-56,3.167682485217459e-9,0.04823768691770001,6.792273883540768e-98,2.8639615180611535e-39,6.942094822043602e-36,5.870083750262354e-144,2.5540867328005965e-44,7.58322061354491e-159,1.1488755258982746e-56,2.9579410825459983e-147,1.1914213446388137e-105,1.6660222895051639e-65,7.570780428785934e-18,5.662666507276172e-87,9.526566795084182e-31,0.006950876710582818,2.7220185285332553e-9,1.7455553600665293e-57,7.74894380006776e-107,0.015588096322773188,3.866305120297996e-66,1.2599369997035263e-93,2.0360727479047334e-85,2.8586107701435074e-28,5.885460344093564e-45,1.9604006832935318e-61,1.1088172222046251e-92,9.601419116522369e-127,1.3562006908588174e-66,2.1867574019048074e-47,1.4445617430845007e-116,4.4431097078215164e-117,1.0828072290390462e-14,5.00106622327736e-73,1.2830558831817723e-103
3.2117722697176744e-76,1.8613575315073804e-10,1.1557540589577145e-15,6.611544557142599e-24,3.8961933992527864e-25,1.2088666349656926e-55,1.1796413161852174e-30,1.0119730996812125e-72,9.25920053851469e-132,2.5783328552016637e-15,0.0005053261982370737,3.4729684057699825e-10,0.31885829288667195,5.671644961488653e-56,2.4965140454291075e-29,3.90659279516162e-39,1.1340902984194266e-9,7.662365192287915e-111,1.6899640634255554e-126,6.338801204198414e-12,3.046059474363534e-14,1.120206369577504e-13,1.6024051772748102e-12,1.170703810257243e-10,2.5608739467481174e-8,6.98992823279574e-36,1.6711637069888825e-15,5.479576619032043e-16,2.6062369671812165e-9,0.011649212100047051,3.099782012087488e-7,4.9054066047284005e-12,4.7385775198154594e-9,4.752405244454176e-16,3.380485314358195e-17,0.07815184489863286,7.555399535756963e-84,6.664904473556061e-16,3.847749672609964e-56,2.174180352636533e-117,4.495958111990769e-16,3.3778871796203565e-25,3.4311460701834405e-12,6.196803699756309e-31,1.4287476251478151e-37,0.00034963608924722464,1.1765602344193036e-17,1.9162080646964955e-43,8.49413116430668e-8,8.020901592490637e-59,4.059753701608346e-54,0.08734635653912423,3.5921195689385765e-25,1.724931320019051e-42,5.350962380493847e-6,4.5522594298304546e-55,0.005703434216786543,5.454683944687741e-12,4.84018958715566e-17,5.402303605474644e-63,1.4078065385853939e-73,1.817949547848207e-5,0.02179397992038984,2.9938981551192446e-55,8.378725248926434e-10,5.111213693642297e-5,0.2342616935447064,1.438480291298931e-11,0.021615358430317835,5.379568784397691e-10,3.4339848912172e-64,2.557223983047486e-16,1.2895101290602876e-5,6.402553091546671e-66,5.3651238368846435e-81,8.424754099302633e-13,1.3081831074553264e-33,0.03545379005877848,4.198061349810578e-34,0.1747167428908373,0.00828424929125688,5.9676683917028405e-21,3.9458592357283776e-8,5.176336753479208e-24,1.0049702534158267e-15,7.876264956513395e-38,1.7476017626223853e-47,9.260769553116395e-178,1.005820123180566e-5,2.5211509995073203e-33,3.1232826366646214e-87,1.924279265729555e-37,1.0424948808931823e-10,4.150032342968842e-13,3.1606195495042725e-55,1.2653477586365479e-8,5.843609904773139e-9,0.001211997898547849,1.4443808066086697e-88,8.155677940740646e-12
1.1436053449564726e-126,5.234591185726478e-149,2.0054062086448798e-30,2.0871857968345238e-16,1.8074947519748382e-107,0.8843893278853211,0.03516444534076661,1.6205966502599558e-271,4.574865704130914e-294,5.932999341762209e-66,1.6525684645956652e-33,1.0745953293572742e-7,3.414402679528554e-34,8.679650555904005e-21,4.6830292196304714e-142,6.624646574036155e-106,8.504203793930263e-40,0.0,1.8635328337062063e-123,1.1781597596349772e-30,6.273000364894933e-29,7.91656207156682e-47,1.717895228373482e-36,1.9650801041555174e-106,4.1298688303222145e-35,2.1250210003700928e-124,2.3319140952813187e-40,4.888550839368888e-162,5.85043581166648e-101,4.82748877401715e-157,8.77733252633526e-40,6.740130416228158e-127,2.4968445774863867e-23,2.0525295990542234e-40,1.6471765656919025e-44,6.632522791756319e-113,1.6687696163602585e-79,1.6922075435405846e-30,2.55699399859955e-6,1.418023982460444e-191,3.331915089965944e-28,1.0660751000094036e-36,1.7782578130149213e-63,9.586686994034099e-30,7.620745702300068e-73,6.524397063962253e-41,9.340548087988596e-98,1.3762177388108562e-16,5.3240298402423105e-104,1.9732680399223032e-38,1.5222905228176523e-134,1.0005081616013189e-100,1.2589859123758708e-141,1.0546014647297179e-217,4.245638400062434e-28,6.880783755827627e-178,2.4692233133585053e-30,1.4226159129021274e-26,1.3609836229030951e-37,4.3764963643951756e-198,0.08044347235785482,6.8555383753457615e-28,8.939005752928665e-62,4.3853312274364584e-61,5.47575942012103e-110,4.721340984589371e-50,1.2791527623592957e-90,4.5415214021835976e-38,1.3483719322893795e-124,1.201887395307451e-77,5.2328434987847214e-33,3.8139782296076206e-98,8.117290983839714e-41,6.1083330414284434e-266,9.134581980915897e-21,4.2141467378693997e-35,5.847114537071997e-111,8.996052955584377e-8,8.028858265930993e-155,2.0361699500232556e-87,4.75352458212825e-15,1.674485042267343e-55,1.4271309105589912e-176,1.6366619854167815e-33,2.5884953610075403e-51,1.0468532113272537e-41,2.27033735141955e-119,1.2711518786134886e-121,3.2797967846531814e-64,3.1338010886489696e-98,9.144067903728594e-15,2.702484056457172e-15,8.6151136199258e-40,1.9792529289343575e-12,3.7750035672066694e-231,7.620477479016864e-18,1.8005401170812752e-25,1.2084732332725005e-59,9.554233778098436e-301,1.5530307119634185e-16
1.5495239022199573e-90,1.7839249803154222e-13,6.175644886140831e-6,2.1949516254912193e-86,6.701950891424197e-17,6.755662983431974e-60,1.5034609645272611e-52,0.013408502968806003,6.25806331342453e-154,9.291002788819252e-16,0.017216502632478127,2.5354775344698937e-57,6.586248420646473e-26,8.93774013920582e-105,6.119791096051836e-73,0.02902088053069891,8.813562183579156e-37,1.8334677535831652e-128,1.7640933478661725e-51,2.901469509562405e-9,0.027372110056165817,1.245593591642567e-35,0.00312476029216518,2.8410760772588715e-22,3.5034611084913723e-69,1.0240765055681396e-17,2.479129458124551e-36,1.2346366288145138e-101,0.0020630113433382923,2.4409363817756927e-28,5.653676925512229e-20,2.235768650024517e-9,0.014472303764319879,0.013376742295849094,0.0018153610705183858,1.461826569803916e-56,2.2090976101938744e-78,2.239203228750965e-27,1.3785709892063897e-36,1.9787757387326896e-77,9.69310710948346e-7,4.463160381755836e-26,1.5014198093196967e-5,1.9308923010312035e-31,9.92446350892486e-24,9.621996507288505e-17,1.3632099803848758e-13,9.112522333618404e-39,3.730064574081672e-16,1.428272904294439e-63,7.773681421868655e-23,3.323491287313334e-17,6.991019481542061e-25,1.2674204525735416e-21,8.972525478102006e-7,2.64908730621594e-16,2.099654512091919e-15,2.680313536322625e-20,0.0001935936453131566,3.811995947092434e-74,2.7723539696941174e-68,1.7027474097967804e-16,0.04352569742325227,0.03812167083157021,0.02708832590031862,8.110099428210711e-7,7.187799741248971e-34,0.09903602982973002,1.514909169458409e-45,1.0331252785369587e-30,4.195457196858101e-34,5.687033525626265e-11,2.3559066778892137e-72,1.3269758314081796e-35,5.0100153461216684e-92,1.164578620857203e-44,1.8905746515389868e-8,0.5771294222413014,6.496636234260608e-29,8.38804100195505e-18,0.021285723587236842,4.972105759360089e-11,3.211665343980552e-50,2.3532766286454394e-7,2.7156200610302095e-15,4.080191491193727e-14,3.216453248020607e-51,6.910654396421513e-86,4.734170438457534e-5,2.0332625617208338e-42,2.272866653629559e-82,1.9903094654818314e-44,1.2042858328664806e-35,5.812108600899835e-41,1.1048307998142689e-50,0.06932488256465004,3.9623235622771054e-14,9.598419855040185e-5,9.482063460137867e-148,0.002257026225531064
2.735932788412077e-91,1.2229080755983857e-99,1.6190631328668212e-95,7.24155096169473e-198,2.329483026362066e-116,8.548075025184317e-51,3.614455072498785e-105,2.903881502584585e-138,0.026857224651250493,2.933019463597479e-45,1.689595443503915e-51,1.372417403737965e-24,8.543874982504236e-34,5.83414173847235e-49,1.7823364428453034e-97,7.210543549611353e-63,9.306170359330442e-94,3.317811230681956e-135,1.9116431944638278e-102,4.6206014271703396e-49,3.7306341346782747e-60,1.0649506656607928e-129,1.1417435156009309e-89,1.53818552396249e-108,7.40213637326178e-141,0.0026748061641501757,1.4418546899730772e-86,4.1528250611477446e-119,2.1119760332451827e-71,1.1236729376139536e-77,1.1742655450020155e-36,0.05444015908958235,8.32934073354492e-25,4.073324955772919e-7,5.994546495298363e-50,2.7416620232874707e-87,2.9063568211417274e-56,4.531203300506221e-28,3.3331805394569375e-36,3.075695569159928e-64,3.809187913925804e-97,4.66752394048087e-52,8.554477277211869e-80,4.1327232330696077e-88,2.208198751928359e-30,6.028442249702876e-78,1.1621803261524661e-198,4.1516357176090843e-100,1.1802578361985358e-200,6.603993263699827e-33,1.9334391730904015e-113,4.91582893184857e-93,9.79299734994467e-118,8.31192992199811e-81,6.6097987008976425e-99,3.143792030291533e-70,0.030258365143484157,6.529070152662431e-85,2.5764901886053016e-107,1.8233461163343316e-85,2.2986085748379907e-31,1.0967190255508755e-66,1.076637284707906e-161,3.0725600561780086e-85,1.61307857814283e-120,2.5352178971300954e-52,2.6167353201534833e-42,5.832689464153369e-90,3.972396052374873e-115,1.7997606857713808e-116,3.4142091725290415e-77,5.33959174269927e-134,6.922612860182649e-155,3.5560187599466736e-124,3.3137727975983253e-75,5.909994690637307e-48,6.237063334193248e-94,6.523803767709078e-47,3.471409459680195e-144,9.123621856147846e-129,1.292105508633782e-48,1.0492566085284187e-117,3.139845886198187e-101,1.92120833020132e-117,1.8088282009866502e-150,1.4699380223185941e-90,0.5392852954214361,0.34648374219760075,6.232387317379e-172,4.558746859183033e-158,1.0637011866733325e-95,3.2129982285835004e-53,3.057294461268141e-113,4.4382507318286626e-16,8.011349389582187e-94,4.082775106282268e-94,2.99444863816808e-124,9.274169843303066e-109,1.4143216169718587e-103,2.6698200086389857e-89
6.573965705787789e-91,3.8337478775481895e-32,1.2471236652466063e-128,1.4081741733492689e-123,9.848753714847693e-56,9.386229374051503e-53,1.775511053328975e-89,5.449339575554166e-63,5.451071894188493e-117,5.938350587226015e-37,3.829563567387919e-11,0.0784521679473755,4.356075342052673e-47,1.3951365616747612e-63,1.2282484649758823e-51,1.881799692011481e-68,8.943909568500477e-112,1.9194562067548508e-44,4.80738913271212e-77,5.0201475017547163e-42,1.8908370971451e-50,4.2379212541736096e-103,2.4195543383485658e-119,9.131118742852628e-44,1.5356400705072816e-87,5.556239293863888e-90,1.4505044254237e-101,1.337810775630217e-86,0.02678726443994777,4.711956973267172e-51,1.017420605377035e-37,1.980448946181746e-38,1.3371943402624984e-17,1.0217410183053638e-45,2.2111333721407712e-60,9.877921694103853e-33,3.216159788305665e-108,6.282343316076624e-38,4.962124156005634e-77,1.2761848825946186e-101,1.3960690129752827e-129,1.832325556532626e-54,0.5569755055509408,2.312764513474754e-143,2.074783682445209e-68,2.657195436201836e-62,4.982597312197671e-50,2.813500216291623e-66,5.5470810428553184e-40,0.06924482767529218,0.027912702507822757,2.29890808393594e-37,2.226486806117692e-46,2.091137664608831e-68,4.328437811818762e-119,4.046946450471193e-46,1.5858811246659475e-41,6.328650607627118e-73,1.0112702469581842e-139,2.7293661771762694e-58,3.610756204165077e-47,1.3109690229425876e-52,6.3003429711598275e-155,3.1707672528231424e-23,1.8704250108608628e-14,4.662983570330204e-34,5.650780125084451e-51,6.218156876359387e-122,0.24062753184030666,1.276262489258892e-57,1.2113157046587465e-71,1.596821144807448e-25,4.162801890352291e-98,1.5252076030932533e-43,3.8649529675093335e-112,7.348839811896119e-65,2.1298694145818853e-36,1.075372605106144e-47,4.79281153292333e-36,8.96881515862999e-18,3.6834305611136527e-41,1.826365002590848e-49,8.524267178396887e-68,2.8554519061890226e-153,6.877138888407519e-44,3.7771022745297477e-100,5.671555116959605e-99,7.779817026827863e-89,1.1876672432348536e-121,4.3414410878953e-97,9.932590069447258e-81,3.993309425186085e-118,8.987200910894902e-93,1.1432662107338233e-67,3.399522217972146e-53,3.125706951849293e-129,2.310003065168709e-105,2.307476190498777e-56,4.550854718743512e-65,2.3348798927302292e-120
3.657572200942563e-23,2.090366376615746e-10,1.4175455045625788e-23,4.903967914378632e-122,0.00010144240090033925,1.4536710373853114e-47,1.8499811450340152e-61,3.5577153874718226e-29,1.640550553476064e-93,2.324606014412304e-16,5.489569371522493e-9,6.046703559482929e-75,5.720071238445776e-31,2.827084353781222e-99,0.05192109988279937,2.6278829250083287e-17,6.3784277094044134e-27,2.3867021845347516e-72,1.877691493139116e-30,2.0481987287014912e-32,3.304518717891194e-67,2.8312374677176412e-61,3.800147531274414e-7,5.89860795152206e-10,4.0528126770155266e-54,2.1158179956956854e-52,1.5454880708189474e-70,2.2283149813411265e-66,1.634284923917093e-49,9.126027107145298e-25,9.729838566487907e-20,2.0870681471546385e-40,5.937398253764904e-40,1.2872948829715077e-64,3.0101225174154942e-80,3.2793597163756744e-52,1.2467721253159258e-83,4.975085111508641e-10,8.723364188515686e-106,2.5484362099550803e-60,1.2557157248105517e-25,1.2224770345979514e-81,3.554247750604056e-17,1.2797964878523888e-71,5.262971811128163e-29,1.2822999949106118e-25,0.10153028545426358,3.517779922821867e-36,0.04817136815874593,3.3464291059575385e-93,0.07841621202273755,3.653674257190029e-5,3.477793948207865e-11,0.033544321455913226,6.306324687791651e-83,2.7014265785680194e-21,3.5152312623897885e-14,1.2812363654524534e-36,1.3554962164555753e-27,4.463921959089691e-23,1.1912904391304927e-57,3.6889303260799734e-20,3.482335448202249e-98,1.1812913881380318e-78,3.8489712076085955e-8,4.753170717056061e-5,1.9819765998703554e-10,8.298448003880292e-12,6.3099510262691e-44,6.43882284022573e-9,2.0938641152123108e-104,0.6207261000247292,1.9529315913314176e-50,4.2626488857775254e-23,1.1574278778696073e-130,5.124232802754197e-40,6.332760193634915e-10,4.058808015541428e-13,3.215642014692951e-14,9.922698501793685e-12,9.292035730188454e-9,0.04749276702155645,6.515823805362025e-21,2.0854444415377216e-45,1.6112266310103545e-15,7.953897390662495e-43,1.969001930509904e-64,1.2302186031037751e-36,2.39371229345655e-90,3.5944455294200667e-59,1.487240649512501e-79,4.090441342301113e-82,1.8831974701199846e-47,1.7190014711213552e-27,1.9200318284139973e-13,2.1153010270332006e-82,6.086013988553007e-56,7.417916261397838e-21,0.018011893222172882,9.58771209782865e-102
1.6331889910922274e-105,1.7917968114559498e-102,3.03802774624969e-15,1.1791488820112615e-9,4.8576835307892985e-42,6.861856165369868e-30,1.2404280833557752e-19,6.13612751765863e-152,2.0811234060693818e-237,1.6876194698899628e-58,7.027839312968153e-38,1.5301373712049678e-26,8.20128031117382e-12,3.2670736548095377e-12,1.5726087228719675e-20,8.187719908733577e-119,2.807989031998752e-18,2.627621950386679e-239,2.390400619434837e-163,3.929759415892986e-8,0.0011517481514850278,0.1975938685628047,1.6349743117218024e-15,1.959038026630231e-87,0.013192342750972244,5.489827989940293e-82,0.0022368357717814477,2.6927194223981003e-154,4.4395025694003715e-42,9.861963563159969e-167,2.0127471251949157e-27,9.627666452881272e-34,6.55087115644721e-5,1.0747293260361839e-14,7.658445193067691e-10,3.948493046583257e-83,1.8563550512677082e-5,2.673228212208877e-38,1.680897416408697e-40,6.118091362546955e-15,1.02021264877392e-15,1.7792830214379546e-17,1.3689239324721558e-20,1.962320603853848e-18,6.386748751007745e-44,3.7254969090422956e-39,1.0186909385259504e-54,3.822848303777607e-11,1.2916995115224913e-47,3.8017949760776277e-20,5.077477713856383e-13,5.657065922580053e-68,1.5253933845420845e-73,1.292200164831735e-122,3.7594086835690425e-14,5.106346098607418e-50,2.5588960148544403e-19,3.2198550892887243e-12,1.2796083574867483e-8,9.106256998787538e-81,1.3041060627835882e-39,7.717680239463797e-19,1.009232845367664e-6,1.4086006159856058e-12,1.625568749077635e-30,1.501777893471761e-14,4.3616540993783996e-54,1.1262373506531151e-14,3.9059044153736023e-70,1.4165705030941497e-38,2.221237273541345e-14,1.7963360233584534e-72,0.11119284280468826,1.8662028227714474e-163,4.273906905947818e-17,4.326703362742668e-17,6.11838025651437e-98,2.4679390451833494e-6,5.147115103073112e-111,8.484953311064175e-18,6.424157094708563e-21,9.00419474798376e-73,1.7835284274765814e-97,3.903051168079608e-6,3.564753237415377e-44,9.626916724405302e-38,3.19618470533162e-92,2.3022655568639962e-88,1.1110366837680063e-8,2.1329487230100507e-89,1.2370334486368974e-57,2.4673582973981174e-21,0.6745404662367451,1.7519274876021647e-26,4.976493788755844e-119,3.465684038750285e-8,3.413965981197211e-7,8.590862825077492e-24,2.390980714617103e-280,1.97896922482727e-9
2.924521793522024e-76,1.1006705130298203e-78,0.0,1.6070895783033812e-131,8.813639409333817e-76,2.6187296703254242e-248,4.578431070563535e-121,1.518228477655687e-25,0.04732883131045527,1.1448525305144419e-93,5.357513542750262e-139,0.0,1.9758306165045745e-43,1.8638082967797768e-92,1.9897981157974182e-79,3.2748230440394574e-67,0.0,0.7793617288970002,0.021100064696305848,9.784047449609756e-173,2.0221777985858875e-269,0.0,0.0,1.1545109191179118e-113,0.0,8.786430281890444e-87,0.0,1.7230152990590326e-72,2.7110455233418284e-120,1.2445583017862902e-43,2.3578472621568474e-102,5.104538438476893e-100,5.286009363240248e-11,6.4183765945801786e-304,3.2322313e-317,1.0696045790493599e-106,1.6145735002648866e-109,8.947461285488385e-60,0.0,1.0734983994347394e-41,0.0,1.8516406313690803e-224,1.3203741878591344e-60,0.0,3.8612549481558375e-105,1.4152286421464667e-188,2.30552618204091e-157,0.0,3.0390703448917624e-194,1.42522252047211e-17,0.02098272604622086,3.902742490700772e-126,0.0040181319349410875,0.010169983515127197,0.0,1.9862803771723533e-9,1.2211795908313433e-179,1.0139911277438005e-202,0.0,3.886113607610621e-12,8.855342165897934e-147,1.3762447755439352e-208,0.0,0.0,5.282695840628288e-107,3.239636252392167e-142,8.393542721847934e-86,0.0,0.002181453995133883,5.727755783524063e-100,5.009553193011429e-141,3.7209710489601364e-100,0.0,0.0008182327487473756,1.9529556377610856e-101,0.0,1.290209568893707e-15,4.650679417349168e-169,1.5364155761967462e-56,7.88391980586157e-148,2.6940204582975584e-200,4.6996399108776884e-96,0.018971979850787895,0.0,6.462183334810525e-181,1.4687052723605238e-121,2.805153368927373e-109,2.211020212389395e-104,0.0,3.030902715367103e-86,4.195460494851963e-193,1.8785435444993026e-154,8.095860697439285e-234,2.3498879964290605e-251,0.0036836788184898125,0.0,0.0,1.0102085965834053e-137,0.0913831861437627,0.0
1.219602894040505e-49,3.996848232494422e-138,2.766304016332192e-197,9.910253366047217e-100,2.2420103710183433e-76,3.181983997e-315,4.984311250308025e-151,1.1664436849584275e-12,0.11284899523219429,3.231126950469853e-99,5.43297484465583e-149,2.5222996533604e-311,6.028557202855195e-199,3.2184878091934683e-72,1.6633894721144688e-108,1.8226229875976798e-102,0.0,0.04641428072012518,0.7308302295688419,5.864799580724599e-239,1.94e-321,0.0,2.02963972912213e-185,2.549586307664987e-138,0.0,1.062030146493257e-84,0.0,0.03900874352987557,8.523303638016857e-111,1.822947515901956e-58,2.1586786694170774e-138,5.101057987224837e-92,1.066155220874673e-185,5.185367106162575e-244,0.0,7.295948479152998e-84,8.288383695160005e-169,4.606650090204364e-258,5.620822130605543e-275,1.3936946181675771e-39,2.1444785923132983e-203,1.976471672108855e-245,1.5794319007933078e-101,0.0,5.864182044134961e-53,1.1647714588991315e-159,1.7141483297275242e-102,4.1854808317645573e-268,6.128040639574824e-107,4.90913431413047e-192,2.67549333258221e-15,1.003305739160883e-119,2.8731218037509573e-89,0.013598750077812275,0.0,2.6448604243518686e-49,8.081836089389138e-183,3.3595990252774403e-187,7.737267400829604e-194,2.7922120110894145e-67,8.643288023037463e-198,5.317329685997151e-169,1.3466937548724805e-302,2.8674553699646864e-268,3.721441334506886e-107,8.094588810931335e-111,7.184802653052871e-57,2.6934613838068154e-182,1.3739688209286484e-69,4.243584262920957e-103,7.118494797732442e-138,6.74367799649989e-135,0.0,8.087254221170072e-79,3.4267814480130555e-183,0.0,6.119433003558823e-84,6.657571376204956e-179,1.1383140237177393e-12,7.260230641128053e-117,2.4365381772528221e-172,2.526840641781942e-154,0.015491322506574683,2.613600044547168e-218,6.742020958151803e-81,8.02707976833953e-106,2.2974108320639712e-144,1.9235540566158784e-98,0.0,3.1036147302800803e-130,9.161860213163365e-179,1.0862895648668147e-159,4.29845368737e-313,1.8424384258272934e-138,8.535953799139913e-61,8.106106188263448e-269,4.408233041846631e-289,1.834847933059125e-152,0.04180767836226884,2.9424579299038375e-297
2.1216177120429692e-94,3.5331626551563923e-37,0.002685333163479831,3.296665071337792e-35,6.47140760624575e-39,1.2146373388864039e-55,3.8552603084706775e-33,8.426906949076379e-141,3.181593408009225e-255,4.027191412725618e-49,1.0226765698611553e-21,2.190784646269034e-52,0.0012010763723477233,1.363088699615478e-103,2.5700717225096512e-87,1.1402623229819517e-41,3.4436186361743504e-14,1.759699993061239e-215,2.8231580443256487e-126,0.8755539239606472,1.788084578313316e-6,7.169854505945657e-8,0.0011345495833559335,2.0933810226503114e-21,4.711880399759772e-5,8.004306711770914e-56,2.9350330132868164e-5,7.685480241751229e-74,1.2486517817145246e-66,1.0061054688411088e-66,3.4047283684567454e-17,2.8666675291702948e-62,1.0181807388138193e-33,6.542509060182392e-10,0.006422003080623164,4.28171667954608e-41,1.3773621028068296e-68,1.4002992695319199e-24,2.0252624604176056e-52,6.325916542338098e-130,0.001674967535765513,1.776096853723104e-21,8.356882794122754e-48,7.538368437033356e-11,0.003913712800407812,1.721786892779298e-11,1.4386155111885464e-10,5.778098365735462e-34,1.174386930072682e-18,1.2965016350112703e-65,1.6830357828614284e-95,4.958087270341121e-31,3.4167203608854127e-43,1.9963220777278362e-125,0.027759962058946555,1.828292981725979e-63,3.466648616157188e-11,7.623142315167336e-16,2.5264619847607495e-10,1.6694259306170973e-79,8.620806606828632e-79,2.4804125467718592e-15,2.6251976832653838e-5,0.003264793762857168,1.8813026734381064e-39,1.8419548321930226e-17,8.38616739754437e-61,0.0012574179371895795,3.3337609192648553e-53,9.693462004544024e-11,2.181269563537465e-109,5.312537177908089e-31,0.005429580970178198,1.0213636022157175e-116,3.073939359604071e-64,5.0250719439432316e-11,8.583727712763398e-66,0.015126670807681635,1.8995829489063524e-88,2.4631275085493444e-32,6.74905252478437e-6,0.0044609522720728415,2.840662266701329e-80,2.852388099006061e-17,3.424290029947088e-11,1.103212867088049e-84,4.572384333669296e-64,2.7406049851524196e-155,0.0004251039257437884,1.176567373875489e-44,6.264480202101697e-99,4.785327878178681e-31,0.007753957824163846,2.082661780828075e-54,6.050497036309375e-93,3.5784880838431273e-7,1.0622550823243568e-5,0.005866244674046322,8.733086677756291e-230,0.035947437564757066
1.2996183559413068e-125,1.7015670324297204e-37,3.226519551238238e-5,2.1355243244757318e-27,1.6448495438006994e-55,3.2770596920989785e-37,0.005928260939411086,4.411879540236111e-152,5.607172427152822e-241,2.6657041773096676e-53,3.759293704848583e-39,4.623608313899811e-30,5.6425747599633754e-39,7.579238130730849e-73,3.8055128434861315e-105,9.805985220649925e-128,4.915159927908279e-28,1.0358239038358846e-251,9.690724372943506e-181,1.080897631919065e-6,2.8627136314224953e-13,6.250202480994157e-12,2.5837153866646566e-6,4.473187417151916e-21,6.195193926904823e-13,7.634047541660283e-23,7.763214046155647e-7,3.3753908112360157e-221,4.229369906687563e-58,6.635674055430392e-66,2.115716591104314e-19,1.7889303822191925e-76,6.995208874537606e-20,0.0021386356121796133,0.005756577563297408,1.193402304207147e-131,2.9815268893696777e-44,4.5272060292686283e-29,1.700239051161184e-27,1.333252505197956e-139,4.2807930482054874e-8,3.505539991042335e-21,2.7248524151354905e-49,2.2164159927634815e-17,1.050742792594252e-51,1.1793769375241526e-25,1.4474142570719138e-49,4.032384161099754e-18,2.9810424618112566e-49,1.7606482153126083e-46,8.338616335815696e-50,3.580300548880149e-44,0.016989833748653392,1.2107389918221242e-46,7.176561041553483e-13,1.4801385207600178e-84,7.76603905007705e-8,9.206823339275188e-31,0.21078177819747693,1.2464513727993617e-30,3.294067063586827e-61,1.5688901250129758e-24,2.925096376959445e-14,1.2966440647347754e-14,1.4811074357241802e-32,1.1985758377682536e-14,9.000569745472884e-73,3.247464339293974e-5,1.1471423930101126e-72,5.0488603892352715e-43,1.4966332019308262e-78,9.347991173669261e-72,3.671103519639237e-12,5.0500946771113524e-111,3.1083686272065e-16,2.3785477968553896e-19,2.9377030086686108e-62,0.007341864348736624,8.590487749060908e-83,1.5950790799656074e-48,0.057672397924023365,2.0420459951449822e-22,1.5551765849278578e-92,0.01615655732595732,5.723498136681887e-73,1.0321924881873885e-113,4.160589609101126e-87,2.6382584062744598e-110,4.819421232985886e-16,2.1617373450276944e-121,7.227044831985348e-49,4.617632384787482e-27,1.4683414943223136e-5,7.591886711970238e-64,3.4591717414626186e-53,0.6002600900834607,2.2875388355726017e-8,9.530358142184343e-11,1.1940551045181843e-245,0.07688999661791922
2.5897833415758456e-113,1.9863405066607384e-105,4.5506274633704284e-8,5.09249853058837e-10,3.7959411932459953e-63,1.4353847849013701e-30,1.0748117319584025e-29,1.6604372198306358e-156,1.8048114155896248e-180,7.280187507338864e-69,4.845570377088641e-43,3.768443251539292e-24,4.196445650406015e-23,2.451045534358321e-5,4.405393235686829e-35,3.0648652684282996e-105,2.728621254706676e-36,8.08490531948724e-139,1.3613603243814502e-167,3.494739420612924e-11,1.5572224381981812e-5,1.734791055072948e-11,0.0001428084732645831,1.5148355900253022e-108,8.934643702955374e-11,6.38552783787013e-67,1.5162159651120333e-5,3.905223171186449e-211,1.1154514093918682e-14,1.5163580754089144e-141,7.748573043931612e-33,2.120838177209276e-12,0.0017765600671162747,0.0004681647804188444,3.408407058989246e-12,9.27365103862353e-94,1.1308609916900053e-9,1.3775128209124325e-39,8.387689966896737e-29,2.4995371095904983e-100,1.028309059001446e-6,1.0876333715549516e-10,5.539531531377482e-49,7.066630050740005e-24,5.3594767319563624e-5,8.919049962816058e-34,3.8962425348137795e-97,5.289486609706743e-5,1.1646338835387214e-88,6.716579891575639e-13,2.7674226556515802e-111,1.2683165490617593e-102,9.104279864247472e-104,3.6043570111685244e-139,7.130647287220666e-10,4.062081015274884e-48,1.0769734238128358e-30,1.0251036579744274e-22,0.8372924056545724,2.6491854077182905e-77,0.0003610484621586375,1.133905541464188e-14,1.079841368636407e-16,2.9861598566037076e-23,1.0074641980175999e-82,8.82846789347471e-37,2.2332319102287357e-78,0.0705476903736157,3.6388504633555775e-97,1.4451640058979154e-74,5.788756519440028e-25,9.304231007046882e-91,7.1690471357766645e-12,2.2974047422459735e-175,3.4246427932869094e-9,1.9991879372189118e-26,7.532935744915072e-102,4.477808849298629e-8,1.5911967568401628e-141,1.5977706940861163e-39,9.939735234797069e-23,1.6453398934487827e-40,1.249341133374088e-87,0.05121870356685107,5.9128411276132056e-68,5.493144959376328e-121,3.083770307156834e-102,1.4386329083238355e-198,8.209996941138322e-21,4.513731340059258e-118,6.561775607673529e-16,7.447435478860525e-34,1.4995595485428581e-7,9.79065584929794e-43,2.0331712588346024e-124,0.00011437293109004508,0.037910797965297637,6.097942766437757e-67,2.8616715561225155e-223,4.4386618278222836e-6
1.0533933098858766e-62,2.9935953465641164e-169,8.848197920118428e-14,4.623670802799349e-7,6.877672843563132e-109,1.851373943576023e-26,0.00011117553641429179,1.91747173873625e-135,0.0,7.175175470080503e-38,2.3999479647254863e-23,3.904480750176308e-26,6.729173134779455e-61,0.007486937768117255,7.290395934580341e-90,3.130807748725427e-121,0.012004583244344528,2.008380319850033e-303,3.2635178841005693e-242,0.000213973895718557,0.00011743154865070601,0.00038776829924519257,1.5716297902112683e-17,2.3212025640728493e-108,0.00016163650625690174,2.8793399775996314e-73,0.0006696693751521317,4.732114961925119e-149,1.7154171868859112e-137,1.926328554167719e-197,3.860651232612177e-28,1.2715314079729164e-53,2.6025152171619692e-61,6.3677277416528384e-21,1.6750671092170008e-5,3.566276580904305e-60,0.0011685799178104465,3.265783313661821e-53,1.1685224145425956e-22,3.923994425987614e-185,5.916974724890078e-13,0.006816588403899019,0.0026583384899402204,5.98388967371891e-8,2.9486765818539804e-31,1.6794056799318483e-43,6.783875451584299e-61,2.1791967559455828e-14,5.3111354717152e-52,9.104121294910535e-28,6.104552689545161e-187,2.042457796453506e-118,1.041308832366427e-119,1.863935209046011e-173,3.1813494148455555e-5,7.550152215570383e-226,1.228820369245172e-5,8.74040019476748e-33,7.337551596594387e-28,7.942756857536403e-171,3.106613135896257e-97,6.496226053347001e-35,0.000509941160929355,1.5361633950899064e-5,2.2299370553483238e-151,7.024018179627906e-9,8.52594772110142e-37,2.967562029781104e-19,8.86877141043987e-48,4.4515769248657635e-62,5.5826745361845824e-99,9.631971174285959e-101,0.007914087692513741,1.520000874953188e-184,0.027949798042002674,0.0007551913128631109,2.428775605710907e-181,4.362738164378752e-5,1.0489236053855777e-153,1.0803828310780654e-41,2.552199347961342e-21,3.3779832475328072e-75,3.0950370670663926e-126,6.40415224182235e-30,2.6566415189275282e-55,1.5157367302827037e-115,4.972494960446616e-129,0.0012488179820605407,0.9296547501133294,4.503651122812038e-176,4.600212817757466e-51,4.06849921045613e-25,1.1526293636796892e-6,2.6724393564581824e-74,3.0188480537344915e-125,2.114611553419729e-25,4.920746616183976e-5,8.029018029945756e-23,9.431629430817157e-203,1.6420798942691404e-15
1.3758202769286784e-48,0.24648729400056885,1.5824444166446987e-18,1.5875478428468282e-143,0.20563884889305958,8.083237418270187e-100,2.631659466505264e-104,0.0022556616368827357,2.554225674414312e-70,5.325101630836043e-43,1.436283661932631e-52,1.3013380075450596e-88,3.6645014893732176e-19,1.4457505965798636e-113,8.767234360051079e-84,1.298889989913221e-16,8.717870828546022e-9,1.276460437773433e-27,1.2202982711278656e-48,1.6648200957042252e-25,0.0008289033958700073,5.874022105124853e-44,1.7948012573586622e-7,0.24628463108237741,9.880995723471762e-55,0.00036728493880439273,1.4522640719480726e-9,4.025851258666559e-21,4.7297172737482074e-82,0.04208925986268044,1.4690146881033955e-37,3.500257910191178e-58,2.108446856506723e-28,0.0008996412334298681,0.004396021973080838,4.3337439098255867e-67,2.68410853434296e-100,0.007060143848229413,4.9255644916124125e-87,3.174034417094264e-54,3.8102445657586633e-11,3.459173728554453e-61,0.007518151169163857,7.655448024063487e-81,1.3796155244788328e-29,9.861217701264488e-43,1.1442082434727053e-10,2.6950085412137484e-33,0.016574389421280433,7.5631628326020715e-87,0.0026963645120804017,2.362378164296175e-5,0.13354709252463157,0.00683096546489312,1.5250822921577147e-7,5.847091309137445e-6,1.7035266831636327e-45,4.838711949868938e-47,3.428168376259345e-14,0.006859072296494414,4.322302339680229e-17,1.1246601432602428e-53,8.703351692828457e-101,0.002748419786741669,3.5933277749172546e-10,1.4377066942031436e-5,4.974676185178571e-64,2.6769246744385595e-5,1.3046098202552818e-30,0.006370075441687221,4.948177027099047e-46,0.006100366356693528,9.014255379068151e-54,0.01896209185030301,1.2815283409759567e-106,0.002544840926928409,2.7768644546192637e-6,3.741273930628257e-52,0.0002324918679003499,1.1260526034305088e-13,7.00544052036729e-46,0.003550932630008675,4.46331595847466e-10,1.8294815623217917e-26,0.010102985003117845,2.3468826355477962e-110,4.9078856965472815e-73,9.971819554901005e-98,5.790885578616701e-121,1.4771852427526698e-62,6.091629032628472e-15,7.648739949870222e-46,2.607385303111702e-25,0.01898019643741453,1.2882664218062019e-7,8.384075659398411e-29,7.451111499504998e-9,2.3578851330927392e-29,4.3766484880809094e-51,7.98261714554935e-51
7.455140879989527e-114,2.6807643553576637e-140,6.657705208016656e-7,0.018341449524677787,1.0060286476943687e-109,4.279407417508455e-27,1.5151144494442276e-27,3.403547742620831e-231,2.4638517198161154e-235,1.962047234879207e-55,2.473023878943043e-35,1.851963618624451e-16,1.610960942662401e-36,0.00010903985511457698,2.5396054715832826e-63,2.569491267126447e-111,3.3279266101004843e-32,7.109044451803688e-283,1.3287245508506318e-172,2.9816917247603707e-6,0.002966729170898328,1.1794419545610843e-9,2.099404254562047e-5,1.4205458523047875e-121,3.929388574215961e-11,1.674589540154596e-69,4.804562289716827e-7,2.6384598598317017e-210,0.00021068319154824298,5.24484578667013e-154,1.2520169504941603e-23,0.002391870995126358,2.859672004068303e-5,0.030351639202807656,9.896395898992172e-12,6.761189307627186e-81,0.05280034574501284,1.2841515134739575e-31,4.167711915009867e-25,1.3750634456565564e-82,7.763769553618736e-8,1.931451405354412e-10,5.54309316801706e-62,5.319136592049861e-24,4.618605313857735e-5,2.1231499440599814e-26,3.5301389731436682e-112,0.03996137998696914,2.144274084040671e-103,0.000113059216193209,4.356833076590873e-101,1.532347591396236e-140,5.123360735016575e-117,1.011056056668454e-164,4.344040658178027e-11,2.88337625219925e-26,1.5926531108849323e-20,3.3451807854349375e-8,0.8149371160118174,6.8141010722845476e-77,1.0680961213673532e-5,3.806097029604949e-5,1.1716788275668979e-7,1.3965754635848759e-16,2.445848658736662e-152,1.38350737878479e-36,8.776114272340517e-135,0.0004384435073785672,1.373180048088971e-106,5.371021767308208e-93,3.360178938520814e-32,5.641452234413565e-106,6.435870416256007e-13,3.652670473535527e-167,1.595764873490735e-5,9.052773772944891e-25,2.5155429868336715e-82,0.0007068403545286888,6.127155908289093e-169,8.502709055381576e-57,1.7352409653696825e-16,1.4744940143156168e-40,3.5176733920042225e-74,0.0312848612432392,2.414534185431036e-70,3.4941460123017643e-129,4.778532589249224e-87,1.1421380196754881e-265,2.738077936160702e-12,3.0851492657291793e-108,7.136315476372524e-13,8.210220262107338e-29,2.7616514697680754e-7,3.7872671055460896e-38,4.833233932162943e-130,6.080399788915515e-6,0.004982640891114416,6.998812374068052e-65,1.663934701621236e-292,0.0002327104974938354
1.136676097562716e-118,6.418304513571842e-60,1.0283917379468225e-57,9.441377471718077e-111,7.156940724485291e-56,2.6349003508970907e-102,5.52004576487532e-50,4.495391212374369e-62,4.14917109774274e-144,2.09944907449992e-19,1.4314727054679053e-42,5.417070513877159e-91,3.343610959804727e-41,6.433201622319799e-139,1.2931263254822392e-65,3.141568921794938e-36,1.1481919366046183e-78,4.043931593905518e-51,2.8439715616782475e-34,1.6727109829674183e-44,7.807017239568229e-58,1.9812511061946233e-109,1.0416142356369196e-51,8.047409339867597e-72,6.848063786208866e-107,2.6345705069975634e-39,4.407184743682058e-81,1.905888822147697e-55,6.738663719760538e-74,6.627917670260939e-57,1.5086370982403777e-27,0.6102787430665113,1.618706800027001e-80,2.408404362550438e-47,2.7821485847159315e-55,1.8260376939560475e-39,8.052065589857251e-90,9.105167865759291e-70,3.2065681062524075e-67,6.36699879100206e-72,5.627249183476421e-61,7.092269557439656e-69,7.940599663464641e-49,1.231052920405292e-68,0.22794615299680268,8.153870356004831e-38,5.21269477134083e-41,3.4707636974039995e-77,7.689535453732472e-55,5.52844096761443e-71,2.5895086594948197e-39,4.65975803001768e-55,5.8725600465589864e-46,3.138731286505294e-16,2.6595730910126096e-67,2.0868762241634635e-52,4.273099336569795e-36,9.41402212383924e-53,1.964763450488755e-52,6.424124078431993e-31,1.2794178592293888e-75,2.7484350422099904e-40,2.3042336625558706e-87,1.54977229583201e-91,2.2863473382542267e-59,2.2855342677022378e-30,2.3123571083405745e-24,5.0883058437452264e-51,3.644320697580134e-14,9.780174233529854e-56,1.937109935780199e-79,1.134974288412792e-48,3.032989399233354e-107,2.126199188249109e-49,1.0366698915708831e-71,1.682439047433476e-80,1.611675099161478e-48,3.0146868749184445e-48,2.2369346362236104e-77,2.4778067721537436e-38,4.9845980608111285e-30,1.9918163403353818e-37,1.3203421015236868e-59,5.146584304770178e-59,2.960149856872868e-47,1.4353212519466836e-53,2.1444873090652967e-77,0.08557476921756407,5.186872080783667e-91,0.0761046442325654,9.108031489714337e-55,5.988085518342013e-65,3.850094451169585e-91,4.975201909746174e-28,8.663261440814269e-12,2.1447404111696422e-32,4.9602275863598354e-73,2.7635007500213724e-11,9.569045022158976e-5,1.354165807305563e-27
3.1836632145494063e-127,5.081230076695803e-146,3.4481656173922105e-6,1.2555686303602222e-9,7.196044162614415e-111,3.279804547672577e-23,2.699826427202414e-30,1.3657479411414932e-254,8.266560117965731e-249,3.637786888684828e-59,2.8208948441457813e-25,7.585920670802929e-14,3.3126199176279974e-35,0.00010525525503456154,1.7175565819186233e-66,2.9088675498797507e-121,2.1446074562867034e-24,1.308663615370471e-296,4.290321304246486e-121,4.656986415888035e-8,0.0023128459316833724,3.704739972576138e-9,0.00010092532612606775,1.5491641346297742e-122,9.085072200512527e-11,2.9209611632989347e-78,5.042999001023472e-6,1.2789816650054784e-212,3.468994743613218e-9,6.225914519970639e-117,6.992630091724032e-15,1.4061925602643978e-18,0.020190961611593148,0.08036306347891843,4.003422175766821e-8,2.3045870082755917e-90,0.016877147931724686,8.627968492428688e-25,1.3396506275956217e-27,9.411138274760177e-88,1.914029988929733e-5,0.01016807306024499,5.395137572381458e-23,8.219316905152825e-18,1.0768146621794044e-18,1.9530819710109116e-30,5.639655045883108e-42,0.05122493851653559,1.8101380326735223e-38,6.683759707238784e-15,8.66092425530511e-97,4.720515325188635e-119,2.1214074718516192e-102,9.522510211719865e-178,1.7063839981370743e-8,1.6864849757398217e-40,1.4049580113319695e-14,1.5549760172581615e-14,0.12787317700099185,1.1140040716565989e-85,1.1099710397880274e-18,5.757014273793098e-10,5.157321228542761e-8,4.350604883872247e-19,4.5767413461398336e-85,2.091002297327461e-30,8.29547919011043e-23,0.0007224645753472901,9.042181098811006e-40,1.8879147638068564e-60,1.55253107920531e-32,2.538873749269499e-106,1.224300650177244e-12,2.2234144315600145e-160,5.211233104692511e-18,9.647547843234524e-19,1.249553615905906e-93,0.05814954743397345,3.332063357624276e-142,1.3846830457704476e-49,5.8468735645361166e-18,3.7856878443774663e-53,6.811608346772929e-86,0.0009124297416121367,2.58415696056776e-54,1.4946982478358145e-132,6.655109817902985e-67,1.0919417621745306e-235,5.516046399215595e-11,4.364858699725368e-90,6.095524129434021e-31,4.595275361835749e-24,3.4425481604992944e-7,2.9457614778605886e-47,1.4606298224325436e-140,0.0018278672004407154,0.006782394551351177,2.12497120541195e-48,6.5806784857e-314,0.6223607682716013
3.534287113142573e-71,3.437023125967298e-64,1.0098605563578019e-240,2.553715729855409e-172,2.2630898578335e-62,1.2260274746322313e-187,6.016987360649369e-102,0.006162691955335441,9.697064358883348e-61,8.745610282000013e-62,1.8816658372774163e-116,2.751690700773065e-182,2.954768731746643e-93,3.972701504473681e-80,9.58081100421918e-45,7.18080306888269e-54,5.5687757744041e-284,0.025537530321404087,0.036585690495317603,1.5303746313081626e-149,1.2644044565195985e-207,3.359782076465605e-261,2.5334094254599875e-179,2.5931675306883225e-60,2.685311143392817e-249,2.6553388892227807e-111,2.383753253980882e-264,0.6021672614102882,1.2288281620760572e-71,0.027753941433252403,3.358478599825208e-76,1.012637572956736e-52,3.1241356537252583e-97,7.807560133692254e-165,1.0620996108581764e-240,0.060850338849714705,3.3989594104315473e-130,5.433094045629145e-200,8.194298273681243e-229,3.532450406982068e-45,9.37182897823009e-227,1.856268304012774e-98,2.757324106018123e-57,1.5850211509893788e-218,2.0732950095443337e-55,1.2852390846004438e-118,1.7033303673838525e-100,3.5468328615940857e-187,4.2182694369317936e-135,9.026610052245871e-137,0.11290589704139045,5.326033213879349e-74,6.226293685442409e-47,0.01796677859235577,2.1598569570912323e-276,2.0832844779372888e-44,2.2735297838920585e-65,3.8570471480436323e-104,1.9404587943809495e-223,1.971667331318003e-47,1.5799469409306158e-112,2.0791690485001808e-107,0.0,0.013949605738665136,1.5008928159255895e-107,2.1043419819487924e-80,6.68565510478843e-39,1.4293788109917462e-208,0.040162370496751476,7.299274106010764e-82,3.515125819871347e-138,5.152432635594695e-85,1.4312974652092555e-247,1.0044956815927378e-16,2.781572087472399e-228,6.288902709194017e-259,9.25804709972035e-19,1.9782452775140978e-84,1.9203177298545738e-44,5.20149205745214e-67,1.0935975900089674e-86,1.1884721232683729e-107,5.177717492455633e-28,2.296007020203783e-220,2.8133373385795927e-81,3.547357532583705e-47,1.1653697728103488e-146,3.48448295517266e-52,5.822510031458947e-258,5.058287502120215e-97,4.41475959285204e-102,7.649015813626431e-219,1.8321194234621517e-234,1.978959182769557e-195,1.5434455171531339e-61,5.783257557080834e-253,7.07778263808906e-230,2.4378022983425912e-124,0.0559578936655246,3.744684511435537e-234
5.028708137949289e-32,9.701966745127695e-54,8.597855066686079e-61,8.582008511850539e-72,8.076565891191922e-37,2.577372917783619e-87,8.45179327680257e-82,2.9961400333499234e-36,1.909356623066994e-166,3.6212879732662923e-19,4.751312136168407e-46,7.828621980538851e-99,1.5931371422959514e-40,9.722049954336649e-60,3.60493673696923e-7,1.76448360842302e-25,6.019214708833666e-85,3.35528870232937e-132,1.112777514527722e-70,1.598584005112481e-63,7.173860794896867e-56,3.7502040973718255e-82,2.26407375155286e-57,5.307826120076169e-58,2.730006228759881e-79,1.0252726417741591e-51,1.8100971040175822e-82,2.0736637409887644e-76,1.1086912098171453e-23,1.8870388315301243e-27,1.0927563793841492e-35,0.09718779982747913,1.1847232668752764e-65,1.4738229546351744e-55,3.233849187659319e-69,4.050020446416633e-48,4.988222525289062e-78,1.4877704598801188e-77,2.7384955097457505e-75,1.9629496478213465e-58,4.7314375715248927e-63,4.630987138857983e-66,1.4331917861190348e-42,8.335992470227398e-80,1.7479341839737301e-41,2.3500312690259345e-23,2.250114908856677e-36,5.439836963030873e-85,6.059410049766702e-36,3.3964568905456894e-70,1.0862744108010429e-33,8.886087895984638e-39,1.3449549033281458e-37,2.6553816378930534e-66,5.270755797061557e-60,1.6015527632567033e-49,4.710448723497778e-20,4.6427815079262955e-42,1.4950977503949011e-71,1.0817615807555488e-68,1.393822521529577e-91,1.3859662822200342e-20,3.148534218804458e-62,3.8803827776374116e-72,1.0180838149819351e-48,1.7669966505324598e-32,3.9562740591629925e-29,2.9744214357202615e-58,7.563477962102989e-12,2.7042987930360923e-26,2.7465629219917326e-43,1.7843499728250112e-56,4.671030257032043e-78,7.338084630162721e-42,1.3245113394815058e-91,1.5488215575210298e-97,2.3962624182066905e-33,1.582036643076409e-32,8.822496333924983e-60,1.1175346795193824e-6,3.935812432378517e-18,1.8109090160018803e-8,1.2931803961028524e-54,1.2459497705547306e-81,3.2921334556849656e-47,0.9028107040275141,1.6576319976600754e-69,3.060679569906527e-23,1.5307884099209842e-63,1.2472188188139264e-50,6.725230392666797e-69,5.602264121703191e-83,1.7630327293381278e-62,1.9521817198454625e-45,2.784363433366084e-40,3.4629375838520415e-74,1.1402724015875443e-61,2.73433936178587e-19,1.3627679756127884e-57,1.0347153862436308e-47
0.265378436500638,1.599897308639201e-26,4.730059495799182e-118,6.711637900421787e-103,1.1387598814232033e-25,6.930891141234175e-136,2.2285762214312937e-89,0.1375540766879762,9.419375658684832e-82,2.4802836659585145e-29,4.70823774100917e-50,6.738188129330436e-164,9.272145028636405e-65,3.3571077024381123e-84,1.492547192544415e-63,4.7199735342331034e-11,1.2488330001621652e-92,1.2187020369595792e-41,4.462118670500411e-22,7.33304246018002e-67,6.523210492443623e-94,3.8418733892877687e-100,1.064223133380696e-114,8.518660248329934e-22,1.965202139999598e-108,7.897276809967745e-54,1.474418800329508e-122,4.529449871339925e-50,4.481317850725197e-74,3.6180978047015964e-8,1.6821107528287784e-45,3.043708451042566e-67,1.751070647697582e-63,2.9554262765268293e-97,2.0601073655339395e-100,6.171013720853543e-44,1.4691161364412801e-72,1.7820498086393715e-45,4.0747109675907897e-116,0.01718070776522761,3.0231577597733924e-100,8.090972747645077e-115,3.584636317956556e-70,1.5013872162822224e-145,6.416862109958566e-19,2.57832851623379e-38,2.6375047210808817e-42,1.968070932008296e-111,4.713112859899499e-30,5.35950412263428e-104,1.8145671749384652e-28,8.730589644615818e-17,2.461455032744054e-6,1.1865403315326146e-11,3.6180083868310427e-75,4.312762342294797e-24,2.674427230301572e-40,2.312884724202618e-34,2.715924699093955e-140,7.313103709685657e-15,2.3089832340948747e-23,5.557771164553787e-32,2.1818819611990708e-104,2.6600461304800134e-119,0.04301066913368104,9.612019410077235e-36,1.0621728257052248e-37,1.6301743667361063e-122,1.3328443986738937e-48,2.9862912304535855e-23,1.5952995473511387e-55,0.01522580836881723,3.897634931476044e-104,4.084645521065507e-6,1.9344727759315255e-124,1.3690277542765717e-130,9.993621295127765e-14,7.685183244922906e-48,2.2693679191363538e-31,4.132293363379271e-34,4.338751348693745e-31,8.111107694663313e-28,1.1098485766426308e-20,1.890287342103811e-162,2.809373132929532e-42,6.374781251182045e-60,7.522806229695076e-96,6.198344479074701e-34,4.315449885917832e-56,3.193102200403558e-31,5.299239965969494e-47,1.75918352423709e-108,1.037636705195342e-95,5.403166492618913e-31,0.5216437192029528,2.129989427720474e-97,6.7502199258252e-78,1.3477154350333734e-54,2.6593081486275676e-15,3.91427290880147e-99
6.306423341985873e-63,1.769607406243939e-34,2.0547922671258823e-39,1.4083099567879653e-26,1.1467991840615436e-27,2.910693638621285e-68,2.9229498705039994e-48,1.328826488338539e-76,3.758778321865028e-169,8.97024925424503e-20,0.026452766071056018,3.4499587529784045e-77,1.6951048373406092e-16,2.0711707085806555e-76,1.235687639119372e-70,1.8528915884866122e-17,1.9001258039851306e-49,8.859956232226781e-163,4.236402384079037e-65,1.5692481568584453e-25,7.650001183952067e-38,1.3586764558482888e-25,5.814891662817287e-33,3.047894910325616e-47,2.3329216405294354e-22,0.065039378353879,4.782348685187505e-28,1.1932202201062762e-49,0.15285111284625086,0.01701585351217766,0.05612007068772006,0.122055281817618,1.5404844174818665e-25,4.67170233236299e-24,1.0087896710229854e-35,7.464899397818372e-27,5.273504894424313e-84,8.351453326534163e-43,1.2444981550953283e-73,9.881270136840163e-99,6.577606083936012e-36,8.539847864569758e-32,4.125601725142543e-24,2.5648607997211283e-70,1.1448343307601264e-16,0.000298172775617625,1.6670199062299729e-31,9.542937058368308e-57,4.051105413211263e-32,6.280315691968182e-72,9.086246570529547e-69,5.9439062602056896e-27,1.1148630417204195e-45,8.498024582077704e-85,3.024365884227869e-22,1.5461150928158918e-51,0.019562048786754785,1.8989007531750868e-7,5.2189392481467e-36,3.6177729422233727e-60,1.8968280991239507e-70,0.1604369789204247,1.8204459966330428e-51,7.194929464532037e-41,0.014127496748915613,1.9566319211107693e-11,1.043135372919777e-9,1.4142680361288672e-32,0.03254286758032131,4.577952395660183e-20,9.789547541307902e-51,4.6145266933803313e-23,1.461544706065064e-19,1.0573691396924692e-62,1.8707820463522827e-75,8.51013190590141e-46,5.375920605106155e-28,4.5287557817563516e-9,2.6480148326368403e-70,0.007988498935294795,0.05615122792424506,0.03399336909765827,5.035475460772058e-43,2.4129277983433097e-40,0.0147095807718232,5.080650585642e-40,1.804561229406327e-44,5.1697651266695134e-45,7.088523275393461e-57,2.2347920682251863e-59,5.013642897487868e-60,7.734766310439451e-60,2.2448931527310862e-29,2.877500174141245e-24,2.3929490479911558e-67,6.256063003008508e-31,3.2114713833208295e-21,0.22065509968871005,6.424727150172909e-158,2.1080076875683825e-43
3.784779664913739e-37,1.4329102345862417e-89,8.557598056620072e-123,4.575302800835214e-71,2.160855437786853e-74,1.7226577077533203e-81,1.1984761761670492e-42,1.5455769076023234e-59,1.046914172124704e-124,0.6510072439762413,9.884621721402297e-38,5.1480919239896276e-33,7.954385360180069e-26,2.0475701403448857e-100,0.12391320847245997,3.7228477204546097e-37,4.365802615317569e-102,8.858402916322456e-79,2.0590777606775386e-60,2.266342401699627e-77,3.943701227630627e-129,8.634063699053817e-135,3.4992774978629345e-125,1.1209561198010719e-83,1.1690194597765285e-110,3.4383785938608173e-71,3.4779232433264e-110,1.6746526612000115e-55,4.540225868206797e-69,1.633542246954225e-54,3.6692356996942325e-23,4.335579304448576e-13,6.726214782307155e-39,7.745809403245289e-118,2.9539537119592794e-154,2.0214790004122102e-44,2.8526711679144042e-58,3.726393321152203e-86,1.4561674542779837e-101,5.0327628634586945e-67,5.206896990165858e-115,1.2116272210928788e-77,5.761047340231313e-40,3.47290071123072e-133,2.5766743959934594e-34,0.10653387295953584,4.216152374323606e-28,2.862515853811684e-139,5.63734133516846e-27,2.2180347262648007e-89,1.703125303944257e-36,1.552096448616425e-63,8.983498973320634e-59,1.3145399165166502e-39,7.462640767215324e-107,4.079552410903322e-57,9.201405376334829e-28,1.0971861085363423e-22,6.065708629498837e-143,3.132099092261754e-39,1.2354396405756047e-64,0.035862716983509874,1.0378072273669386e-88,1.3867064324702253e-102,2.947093280967739e-46,2.525028215271593e-35,4.1364014440813365e-7,1.5843150331392616e-127,6.280613506536953e-21,0.012927155936628727,4.0077998917028345e-68,4.0724848404843957e-69,2.1983238217212524e-125,2.9555939338197636e-6,3.553700281586264e-92,1.0815073896731036e-121,6.638282658358047e-63,7.131283961670482e-40,7.780720983517972e-59,9.931400360224029e-22,3.642792849878465e-14,0.01952015329698271,3.159846167585057e-57,1.1416653592401947e-151,2.1787983956203833e-56,8.258928932148954e-42,3.313057477049529e-99,1.6719619197718554e-63,4.328142610990798e-91,0.05023226848152476,1.5617380459307632e-71,1.8542804511744002e-104,1.008679032605497e-122,7.84450148486899e-33,8.446317622577233e-18,6.14142972105811e-109,1.6591401104207817e-134,1.065856831580973e-8,1.761455601383081e-16,5.567795765976916e-138
2.334322983166278e-67,9.083973597912689e-38,4.142108184940429e-35,2.45151614424695e-71,4.222683179894035e-23,2.420643943137696e-39,4.43804019493426e-92,1.1313947392725936e-32,2.480769359037414e-156,8.378267549683507e-25,3.2401070321805946e-41,1.932860178497892e-16,0.07632371959396837,1.9518255298960271e-149,2.952285710064834e-87,3.8650751257846016e-32,1.2397719706020836e-19,4.370724661961728e-81,6.269770678960671e-69,2.716943854179008e-12,0.07485422391834883,5.415865347760431e-55,2.852520668287904e-39,1.0996244580391419e-44,2.869514586586506e-60,1.356323921544497e-89,1.753541394880243e-21,3.4618952091702575e-144,0.027136559557114765,1.2395719885948266e-62,0.026877754475814142,1.1349509019564355e-45,2.2807604097181183e-20,0.030612307548576446,2.0554447830499408e-7,9.08512516079052e-98,0.06942925629921036,0.28283761397308704,1.492551015690886e-21,4.8386559946611456e-110,8.780507059177802e-35,0.02759452429747139,1.0872774455408913e-42,0.0908072924306581,3.328516255599837e-75,6.778603999152055e-61,3.596108119669392e-53,3.517653977344593e-42,4.6357893493774955e-49,5.930928723281825e-7,7.09994456114716e-60,6.066531006264223e-31,2.1745930802743153e-37,0.030920530717173583,1.0132732287195538e-11,1.08858482288524e-24,1.6817399029104582e-39,5.465218092203568e-50,9.927644979200609e-30,0.014475528006222498,2.786948317607785e-79,2.5464064174868477e-46,0.04136668459462823,1.6934395520199383e-31,1.1272121572481126e-14,1.0231516846945962e-37,1.5274488288020938e-54,8.551828527398957e-39,0.06957629411499906,2.569161946897114e-47,2.0418568711058924e-59,8.193321553735122e-32,1.3901878829207831e-65,0.0892074677343282,7.55390440988804e-64,2.0521854108111785e-9,1.7900304393759217e-25,1.3856299027226526e-21,7.327370198726131e-27,9.286227017913928e-33,1.6421416857706944e-21,5.991415158198977e-33,1.3730679773123548e-104,1.6568741850889476e-30,9.291686376746922e-37,4.1257124219970144e-86,3.1058046074874965e-40,1.6415597890728415e-93,0.0047658252705933945,4.3760312757215923e-63,2.161284872382761e-15,7.794791580242984e-34,1.4022292212859245e-31,3.107003977977702e-92,1.3093295622259244e-9,0.04321352224630289,1.1330866914726315e-41,2.378397529598839e-57,5.837735592234298e-135,9.320977390445484e-8
3.678303686600583e-117,5.212508666976274e-69,6.349324888680509e-7,7.1939515212555175e-6,1.9970464563330725e-75,9.118944634701188e-33,2.254607805559059e-14,4.8927403225816844e-158,1.3043549725562287e-205,8.817241766464274e-50,0.08381526848715024,5.534231322335937e-44,5.438048498312534e-33,5.504719359558852e-39,3.409709188756464e-40,1.8045308633078534e-52,0.010746237864536485,1.3317457388194056e-237,1.2999908992426955e-93,0.11829694062752726,3.4753835180496585e-29,5.6586559298571165e-31,3.4381127341851916e-7,2.032603899596644e-52,4.591121914094247e-36,1.193484298897954e-34,4.39297562281287e-19,4.6457063784866444e-169,1.1456456024641054e-117,1.1281581981655064e-92,4.143098801939475e-13,9.560361875217027e-67,9.171198875120173e-28,8.782561554970251e-7,0.07268059328867787,2.7991308735082694e-112,2.7727577683166017e-25,1.0736607389712403e-10,1.534046831733147e-48,5.2617475858478875e-27,1.3368886355553045e-8,1.801538921207749e-17,6.425632362810868e-19,0.20275224883581405,9.928904146645254e-52,0.014355086244196054,3.3737725969698156e-15,2.172374257877322e-18,5.944040656597042e-6,3.9050048077072204e-48,1.648543525807338e-25,3.8337512296903235e-51,1.4497632999847682e-54,5.1322792251631076e-207,2.7400728475821676e-11,7.179600511285792e-124,0.0001757731973138329,5.803703794172133e-38,2.9135777000775652e-12,6.6531776532920324e-136,4.6378640084071355e-54,9.090264643134515e-22,0.16469980092655664,2.6102751359763782e-22,1.7846868055582224e-73,0.3224767117192194,1.0699037940311817e-73,6.960223577576573e-7,6.402285486570575e-58,0.00015088266193643768,1.4691181652798598e-45,2.369536838012827e-13,3.1606544676109253e-37,2.098614753077886e-156,1.1508778183446536e-40,7.076701521906427e-6,6.539796754518428e-168,0.007758444083982629,3.712219882969173e-65,0.0005637012013597446,6.299968278815613e-5,1.333368592907063e-34,2.4273620626185754e-126,2.642922449946845e-20,7.633313903647444e-64,1.4450970167696699e-43,1.4215282909058959e-89,5.396651497575026e-130,0.0013889741661560703,5.873903875191386e-84,5.719083486121501e-17,4.988428032065713e-11,9.619713254222936e-32,2.2750395479847116e-27,8.855329077907864e-112,1.2323731587488456e-6,4.937477047996058e-21,2.857232547528933e-10,4.62065e-319,5.232308079975267e-5
3.3223815289742004e-139,9.097277325770348e-102,0.000637304912669761,4.48691390613391e-53,7.276653767146766e-105,2.2052003624357463e-28,7.99823264459622e-19,6.937219643423783e-171,1.3006073658655705e-256,4.76233448057714e-59,3.8276257177957474e-25,9.37609196726484e-24,1.514891822350275e-18,2.0067228873505543e-54,1.2154369725473572e-97,1.7206922702472219e-99,1.371725245668736e-8,6.856015444308293e-291,4.970008024463327e-175,2.162589392388843e-6,0.06101601783945582,5.966643850135969e-8,9.103401709895234e-6,1.5613567925940368e-66,5.0347960697703406e-6,3.358226660259385e-39,0.11779518177653316,4.291969008765682e-169,7.110524257719276e-67,5.024401620620581e-136,1.903824666615495e-12,9.494322543825179e-73,2.993007274508092e-7,9.835518867037063e-5,0.3415786517713749,1.9674277436494764e-115,1.5408736991982398e-20,5.2128755044713185e-15,7.183104350423475e-43,3.0358574726661474e-46,0.00011485143441470442,2.1262273246536666e-12,6.0963006645356e-14,0.0007241966882777668,3.5593121207993585e-33,6.585231424490041e-38,1.0662009902063576e-24,4.818468919139551e-17,3.7798083168809546e-25,2.386072699856412e-25,1.2508388429925417e-31,7.327499950080973e-75,4.4651452523875294e-44,1.0892160177245036e-169,0.013811264518453423,4.3360070222633664e-106,0.004060327460298484,6.370441015141841e-38,3.1276013334599783e-7,1.027409799707638e-107,7.840129565376904e-51,1.2027923503130572e-32,0.0005613331951535149,2.0978260329142623e-26,2.1967284801842932e-67,2.2578707548742698e-10,3.1172200891962077e-13,3.449441865776533e-6,5.122689504279899e-38,1.3083587539553627e-27,4.030047877079568e-74,9.80089177601031e-60,4.623769576834815e-6,4.959205454121115e-198,1.2727303140365607e-37,6.777684134690835e-10,1.8487389059371466e-93,2.0922336653688384e-12,1.0746397428568601e-90,7.773576856288805e-40,2.4224139791333517e-24,1.5347516522620588e-43,1.2854865003542073e-142,3.405044903450301e-8,3.885585104172681e-47,3.595727668388206e-49,1.7884461660678188e-65,1.36297116102439e-135,0.00044568089451838694,1.5180435778048685e-50,9.03782798140008e-66,0.007271747161740833,1.1203069510798086e-5,8.726509942951963e-53,1.2720921074034023e-126,0.00033263956640771774,0.00015715065482504312,0.06196113014663099,7.25703e-319,0.389397869317393
7.274743124206556e-51,7.801701626844182e-54,2.228260499020137e-68,6.924957228295458e-97,0.017609246082715798,4.296786259622434e-97,3.869081612074779e-102,4.564777517245316e-81,6.044732264127532e-121,4.8351332714052755e-24,0.010140738712714635,4.963912152347026e-28,4.087683404327529e-59,6.460839722512175e-69,1.2126673857620938e-52,4.981152796168553e-38,3.193819641531979e-36,5.96948050955094e-126,1.1628701996741793e-70,2.5823518452296886e-51,5.460142031151147e-76,3.018518444896012e-16,1.385160624544196e-84,5.3961543962418925e-68,8.619197016036037e-6,1.8687068996438732e-83,2.446155058722543e-30,0.046883123256577154,1.0013384747715336e-68,1.2349511599204866e-60,5.548449144755106e-12,4.977089355345967e-35,7.570076320647059e-46,2.7683805588409794e-87,5.3938838870085556e-108,5.223851792995822e-15,8.041068751643119e-121,4.695493124485285e-103,2.5969154238480553e-89,2.8099787002469064e-57,9.35354178551404e-76,4.986731459508988e-62,3.100808518549858e-64,3.101596248284324e-72,0.01878513860447142,1.0686781656142173e-12,3.375664807262482e-51,1.6438736084324887e-90,8.887058771846471e-40,3.5922141521778033e-84,4.1737332009429215e-50,1.1601869039074203e-71,1.4283264814084727e-27,7.823092305745672e-73,9.188417752916685e-115,3.8473085023995626e-58,0.04547423688454722,0.023341853983200853,6.3752610457405715e-109,4.979118809162719e-35,3.260094256754958e-146,0.06171735326065784,0.016756464120302718,2.405336440299337e-120,2.0817519324756822e-67,0.13407716470711475,0.4472233657883703,7.162814880480616e-92,9.426933255182578e-48,1.9631988063049693e-44,4.4042507472247955e-88,0.018819143507658377,0.04730105785305329,1.0864574312659505e-16,1.0652088126874746e-130,8.835374066643121e-79,0.03616723828740628,2.1086635086049176e-19,3.62398038806467e-33,3.6222096684792495e-41,0.03465044407206968,0.04074203796550921,1.0913885470807843e-81,1.2125455239039956e-110,7.141172517811098e-100,4.4383706008330945e-46,2.445646646513692e-111,5.974553688677349e-82,0.00030277370379708083,1.5199393779864055e-48,3.1910660604717485e-109,5.474828168849495e-90,5.434347791774502e-12,5.291538377347889e-70,7.603737794408559e-13,1.5421462096844435e-80,7.588242188630171e-38,5.022856371504725e-44,5.0678789140967716e-61,5.851600683140739e-123
1.873596454998563e-142,4.2266522669892065e-114,5.50912822551531e-44,5.351645735436958e-122,3.735352377643791e-139,0.3214276547219964,1.1219986306968082e-110,8.724269276927477e-131,9.93628064321869e-118,2.1427946126460196e-60,3.32341384832966e-60,0.05448515517435298,1.6046914259056992e-35,0.017981849474218433,9.247344286695494e-66,2.0064484621852626e-116,1.5910724989192572e-26,1.1773279227296647e-163,1.6391400839145768e-168,4.45749977502548e-40,1.0571515459953248e-35,5.416309664131894e-65,2.333968713246168e-45,1.524179881475645e-119,1.4464420266645223e-75,4.4339008421615303e-20,8.139551904676617e-51,2.0153191683137033e-159,4.754585556029356e-127,5.976935987360193e-88,1.4932483474650812e-63,2.7449559614645487e-46,8.510944066751536e-26,5.891589250412572e-23,1.0645882951522937e-42,1.5892443560782447e-67,2.70736296353368e-24,0.20882060370278976,0.22595425579135656,9.587907017422828e-102,1.0648028590500775e-47,1.0266875121326626e-77,5.271826621405856e-78,6.577724613127088e-32,7.636936998773187e-107,1.1027183361771215e-49,4.868296672362197e-160,6.457689302028118e-31,5.916835644593956e-159,0.03151594600357669,7.634394832408335e-61,1.8276996204245722e-126,1.7255851410980868e-61,1.3312231684683527e-98,1.6721679481201517e-58,0.013053001983083694,2.3967856837788022e-32,8.284914644457003e-81,4.484554358113758e-37,1.598036859099557e-126,2.887493602507648e-10,7.745492027797042e-42,1.8123937966229116e-25,1.5973608928437496e-59,4.588998180008351e-86,2.4240131482501058e-89,7.720931174001788e-27,3.392607011340255e-45,6.641954689429833e-98,2.3470898923806157e-121,0.08478666008855708,2.165744973322522e-91,7.746459117543889e-78,3.6357473377369834e-131,0.014520927947911506,7.36213614348445e-23,2.602755818173022e-50,9.692040320100485e-64,3.5080325067307594e-157,5.846605650343165e-126,2.446989853808601e-50,3.8809415585693895e-84,2.1058758279979145e-143,7.82882926359411e-39,1.7653599045580357e-141,3.789965382305028e-122,2.315073092808742e-54,2.519552831139314e-84,1.5049149186543676e-25,1.0651565168422664e-133,9.55659864712174e-24,2.548592804280733e-39,1.7394408956167224e-55,0.027453944823407565,4.509576883438101e-86,2.1007260961840853e-39,4.521511537582491e-59,8.107725788910551e-51,1.5293835165903178e-120,3.3583879872355976e-31
3.011291741163365e-124,1.0966576813975484e-40,0.01525229896271675,7.41718159104583e-77,2.6871854659123275e-43,4.976609308332681e-39,1.1359591507859415e-87,1.7678367585357282e-41,1.2932949923968025e-234,1.4977148517388284e-41,6.737702307244238e-36,2.4041486584085516e-50,2.7547212805672327e-14,1.0113820470617046e-143,2.3706914647870586e-137,2.5060408111441387e-48,0.08053394544846355,2.1008349521242333e-147,6.859508544601612e-129,3.602807722133139e-6,0.08791306993677935,0.1488908544566646,0.0004776846298972355,5.222952027716606e-40,0.05898134718098266,8.228062118975025e-71,0.010218421580198447,3.799662803847938e-167,1.1510289746190278e-49,2.4824039528899598e-88,1.819157846942605e-29,4.158963477232166e-61,2.6860125007649585e-33,1.4155586543391243e-16,8.171142344025042e-9,3.242604720297552e-90,4.96355247859823e-118,5.490473279502229e-20,7.486457933571946e-20,4.7631648968843765e-171,0.020462713404979904,1.5910149448000902e-32,4.7024977332287317e-48,0.012754208108629612,8.413637614436756e-40,0.012569397736643331,2.1126892114652024e-28,5.183780575740641e-36,2.8672348180223163e-31,5.268255996007724e-63,6.9067982621243504e-105,2.5705665475786145e-24,8.15597551335509e-52,8.482994552707126e-81,6.270972902977079e-15,8.722141323060548e-73,4.261918969204741e-20,3.8600702856061305e-9,0.10818773873303068,4.89087213605763e-120,2.8020639420953365e-53,1.8268920772602875e-9,0.17270396254818302,2.593812770823257e-49,1.1412727743702572e-22,1.2433260161064143e-19,1.5536865084436702e-56,0.10106685801177959,1.740648096804016e-37,8.627602040956584e-21,3.1431388558097167e-69,3.3266115237441488e-53,0.10697626362919756,3.004993996095499e-112,5.921137037012235e-93,1.1850285146146377e-8,1.7300728059007616e-44,8.128966886910615e-31,3.1424201094032026e-80,1.4812053960214034e-32,5.346863304543864e-30,8.398013030284165e-11,2.19233795223483e-69,0.003884882284087569,4.185674539480559e-27,2.3804733760286064e-95,3.345345554544746e-100,1.151927520466274e-106,0.00014357210990844098,1.499175692925276e-68,1.0424017851889013e-47,1.1308425699877121e-38,6.327109070744802e-6,8.139045018249471e-52,2.9781183854259974e-76,0.0006721872169026762,0.04749158883926725,0.010809049472317098,2.2340905262869918e-136,1.7372690734647399e-13
3.1691249643298438e-214,2.896853007551133e-97,1.391978038511307e-26,2.884922936474945e-104,1.886297479219048e-115,0.06348264781705545,1.024746858254591e-92,6.516428984711656e-254,1.7329544457984938e-284,3.987991684926655e-39,3.0040819432674995e-62,0.09332179891405201,0.040809157045761275,2.333638489367756e-148,1.8732849111242105e-124,3.3794194971275655e-87,2.4567552038314887e-37,3.1724077004059215e-202,0.0,1.0929653676111204e-20,1.0168339082488912e-5,9.564605047794896e-24,3.8420520211313626e-32,1.8360116312018128e-96,1.0902983701181518e-16,2.4618856053315392e-148,2.967635246098696e-11,1.0648997168684936e-154,1.756645016104422e-175,2.833235875344369e-187,1.6029551642738757e-46,1.3360531554144175e-77,6.839721673396529e-12,1.1564238634281702e-14,3.0878892157037017e-8,5.069279724373278e-62,7.687078133760728e-79,2.4863758412760315e-9,0.48406031074390726,1.1692317086914315e-159,9.505445055027734e-33,5.43108749853892e-20,4.4517605304628263e-79,1.6183361158090301e-18,1.7800771362880588e-79,2.4275278178389306e-44,1.630517159184259e-61,9.358811436631477e-32,2.509734363165777e-71,3.48441898448514e-44,2.987038416725787e-191,1.0108372184734906e-76,2.0249730576080674e-131,1.3401241776398715e-275,1.2364400445959464e-34,3.985624291270664e-140,1.8547543709115014e-11,6.442502854141107e-31,7.703429542463884e-38,6.855630395907785e-145,0.12892607313139295,1.0279235185225264e-45,3.533928257428096e-34,2.0684665006516046e-74,5.7371263222922056e-89,0.05197673470805769,3.962625361379067e-76,2.0636906642807793e-31,8.324196170407734e-61,4.335496541616377e-68,3.660691154827833e-19,1.6859669154690365e-102,2.805812102058101e-18,1.832064326069073e-162,1.2846132859957048e-58,2.712174175789871e-27,9.591956312269324e-124,1.0641597498914344e-39,1.0382126672717553e-109,3.286814925901426e-62,1.3776234999379862e-26,9.270936994346354e-52,1.4788428465933475e-170,2.410840207489748e-44,2.9478150942133644e-112,9.575593683414085e-160,7.077284844825689e-110,6.218630094025993e-115,3.850623405970231e-39,1.0275234764055911e-125,0.1371661721380363,5.738455602896938e-8,8.145986034163648e-15,5.00630570691028e-24,1.4692341204453164e-125,2.120220053158641e-22,1.262441861634937e-28,0.00024684635774694974,0.0,4.359434320551627e-21
0.00841847370577097,8.728579845502332e-114,9.484382190553119e-177,2.2181175203845354e-114,1.6363361403575785e-105,2.826657021541203e-224,1.9052952384493645e-115,2.060333029129465e-42,3.0308859369596744e-27,1.8352212967547354e-56,2.864929105018253e-138,5.447990814808348e-245,3.179592938927229e-100,1.4990439855886263e-136,2.269703776534502e-115,8.642847619447557e-52,1.2909817805424141e-207,1.5355287248666614e-33,0.07861552198547116,5.165680626177923e-131,1.1415985499181946e-218,1.5180888281015353e-211,5.701697455812519e-178,3.750816725274845e-91,5.268940098951803e-208,0.014479549398475644,3.572683461403659e-225,7.310058780081464e-30,2.954446095285392e-103,9.654647655592154e-55,4.6704820349667646e-91,4.140684020324018e-55,9.927958117515927e-144,8.60908835748502e-205,9.138093045005198e-230,5.869369538863245e-26,5.999891243462356e-132,5.44470975458979e-150,2.0616664821517313e-189,0.6322557580346054,3.904210635093902e-190,1.0831827329639611e-171,6.614760853473813e-106,5.059352609078692e-151,0.0004025896877715707,7.804690220986049e-27,4.923345813008175e-108,8.647436352408975e-164,2.7733082815830027e-95,1.4389028753309987e-203,0.0961687121832634,1.6194474602078036e-23,5.559581930126948e-71,5.6764780968718654e-33,3.809675985267001e-226,1.6689363317562805e-73,3.968518558969578e-122,9.657765854853137e-71,6.913256557450224e-171,4.255142006968936e-31,9.29787263683629e-155,2.3376777505664605e-115,2.77768814013189e-186,2.9363180114661967e-274,9.239802606611483e-91,7.216418715314946e-82,2.337799540144851e-65,8.267478362923102e-176,2.027635154448567e-110,1.2331941834075295e-140,2.436651363644462e-48,1.53070293487676e-51,2.4577554250612028e-204,0.08798083802104807,2.2642833316817327e-167,6.842564535412324e-220,8.253911716708084e-104,6.127606221313924e-139,1.402709257540967e-66,4.987926824825731e-109,5.85388665113238e-119,5.090676544741387e-27,0.0014183647889209777,1.4547341219681216e-170,1.0124787342523791e-115,0.03528330404735322,7.079544258365843e-190,8.037315588638476e-59,1.9290112310207864e-190,1.271307690002859e-136,3.601880973596096e-146,1.2996539316219774e-207,2.590097403997473e-206,4.2709641108217226e-72,0.000690824195151111,2.7296075375621327e-216,1.1341362881606797e-198,0.014195663451984163,0.030090400500184283,3.2422565117263516e-129
7.249299250954624e-67,1.8764268694149768e-162,2.5680051567302584e-11,3.099210785476164e-8,2.909129083055897e-116,8.684787007502958e-31,7.994447085192353e-14,1.3923583657946386e-121,1.174613448970677e-243,2.555281997592977e-41,1.0075632500839323e-22,1.0143103887473316e-30,3.584473491365242e-39,4.4840932653585754e-14,3.2460188752921836e-77,5.404181510707315e-127,0.30544053771246366,3.323650787138946e-252,1.2555955797251873e-152,1.347091397855668e-5,0.010313159215074611,0.0011809396948446755,3.170080466062385e-13,3.1056804631567003e-108,0.03070048977025365,2.9671696020338155e-80,0.001156974911453998,3.227428351919541e-132,6.741501562354805e-138,2.93696355842909e-221,6.498510089401533e-28,8.366829752300329e-46,1.271118072941414e-14,5.315898348802873e-21,0.00031409288898063176,1.4741249326987533e-64,0.05871421031574173,8.746184336133195e-43,6.425871547188969e-27,0.00737129055444832,4.568612570164117e-11,7.365383363254426e-12,1.036784263455514e-5,0.00030743436444492436,5.818460488590468e-35,3.663295631219704e-47,1.9929461314995657e-36,4.6538368142068446e-5,5.4964060566641966e-30,3.282219165137317e-27,0.0072365544758233175,4.811103210889319e-89,9.046151619474606e-81,2.9639402472437737e-187,4.0999145054644906e-7,7.209294842773347e-135,6.247021262766046e-10,1.307975358240431e-41,4.58679986824898e-22,9.618806229769237e-141,1.1599292469355002e-65,2.6686665915181452e-39,0.008710420464665683,4.643717322650303e-13,1.397604426107677e-55,1.923957655723217e-6,1.3655773930700506e-46,7.200732069967997e-14,2.8072439211866186e-26,5.680168959625837e-28,1.6313945993251064e-34,3.89113286527943e-121,0.06074499541634165,5.017500975028184e-189,5.313196136035711e-12,0.0073379042787404805,4.8503632072808236e-175,3.5338874092218975e-12,4.752008021591675e-155,5.877713684109265e-35,9.176781848148703e-31,5.86083063792061e-58,3.7760385462293e-111,1.3937929918416564e-26,1.72589223089095e-49,6.427271020633341e-29,4.717455947724508e-100,3.997799393419514e-18,0.500391822335682,1.393880627716576e-102,9.753410153673416e-63,6.472218320547247e-17,5.671363063220499e-6,5.073118722484429e-41,8.054034385948723e-126,1.3209050517869795e-19,7.594173498923838e-7,3.580977859135528e-11,7.184865405711621e-219,5.57673196589001e-12
5.271072342824333e-96,0.020984656214213065,5.439735979056857e-13,0.09027245114203455,1.66165295218002e-26,5.536576407514614e-26,1.2946173725084386e-33,1.1890053157999198e-50,2.994999070659927e-116,9.40550276615252e-45,3.8285507234987526e-30,2.4985343188444085e-19,9.314718971900878e-34,7.388467887700072e-162,8.774717131221092e-89,9.233169257447268e-60,0.0005625633460098567,8.313870592379885e-33,1.021124183758213e-207,0.01376865194549638,9.229491012620697e-8,1.7589970550756087e-22,6.550495766162274e-12,5.785206747790222e-18,3.6498655237241085e-21,0.26298764633240496,2.0830187133618257e-15,5.1010998096864705e-179,1.7756174699161961e-78,1.874119211990972e-57,0.0026420211839571985,2.977415941759749e-91,0.00013824371178462194,0.1527277241080458,1.1348784749827335e-6,3.99643012138662e-117,1.0704529061407318e-82,5.045285731103316e-31,2.1823178386975707e-16,9.023540798389022e-121,4.508042045081741e-17,0.1680027242737943,1.3261171673127403e-37,1.8678285942708016e-17,2.872278622403575e-45,8.822277110891336e-14,2.246018978810379e-41,4.713269067290209e-20,2.479611215216156e-53,1.2663206594757059e-19,4.2309312530047444e-15,2.8763196207445715e-26,0.0008025021357702301,0.03643873905408955,1.5848983897062455e-21,2.9855983963778696e-131,0.0887616192603037,1.6432079439992424e-14,3.2650399315283945e-9,0.02469355320639124,2.3443992061474858e-95,9.846927967773278e-24,9.672929421696664e-28,0.0005634749977604748,0.022148943990774286,1.3514537811340147e-10,2.7877664941754704e-89,5.494155876742808e-12,1.493923967268399e-64,4.7422769897135356e-39,1.8319822118400547e-149,3.2129013391248764e-34,8.136955896500287e-21,1.5013462048552578e-81,1.323202797750607e-25,0.007579997051459514,3.182595621944768e-85,1.6285981767667555e-14,6.915409482727746e-48,0.04181547728399175,3.2919930040837895e-19,4.965408505250688e-24,2.6629867927904386e-78,4.158891056742902e-9,8.575511111068532e-88,2.983208710799701e-92,1.927535608192631e-120,3.0722111067696547e-72,4.471876808731342e-29,3.6558278606097934e-115,0.020069968826016346,4.124865249327509e-35,1.9877574032037334e-7,2.1705518320296553e-62,1.5982879111995638e-38,0.00024282876504754024,1.2318008468844186e-15,0.04431724006117177,5.342331115256239e-106,0.00047753958856358336
2.880187872117927e-38,2.6424346568786538e-23,9.31438007642045e-73,0.01966827151073517,4.0273183768527614e-14,2.2966525333181074e-45,1.8963360779904257e-67,0.022997608268925593,1.161820965250469e-105,2.284650527358285e-14,5.895900146058858e-20,6.091948584502176e-66,0.02976039381294256,6.1999347851778995e-84,3.831014330449797e-13,3.757575846458095e-26,4.349477772892865e-78,2.7276983605046354e-28,1.1256374150718718e-68,6.31371897713499e-33,7.695517629188842e-6,1.4663725605066436e-52,8.770063197509814e-65,2.0026677074154277e-30,1.131225061392858e-75,4.991659119541443e-19,6.297239799730013e-47,2.0265896990610956e-82,0.10301239159485548,1.1753594315754464e-8,1.2800537397532483e-19,8.40124062341829e-16,2.4722240373981385e-19,4.327779480722372e-16,8.498738170524974e-23,7.767122333411424e-67,6.5978376798382125e-46,1.2565464108210093e-25,3.665847247234067e-69,4.6883393976679314e-67,1.3505407329291832e-47,9.601446333872708e-31,0.4478531545881901,3.8414674885742744e-55,1.07363897199362e-34,1.654662067362667e-10,2.7156942577194737e-18,2.7092912091219257e-54,5.261149321284908e-18,5.560920887279247e-76,2.1072161225596338e-38,1.0474314606565024e-7,1.470308864264243e-20,4.586486929919355e-50,0.03166572106129942,9.781124810746933e-25,9.256367851616331e-27,9.546011075326492e-21,4.928420510752265e-74,2.583275793057007e-81,1.4631909145630611e-100,4.72891077761504e-19,4.37103582445292e-90,3.3468921803497032e-34,0.18631769601845632,1.4698361056674776e-14,8.743686379553583e-43,1.3026666121578598e-67,0.013265745324698559,1.110826933333861e-27,7.545319244398702e-68,5.526893310471318e-21,2.874316158914895e-82,4.20327420151996e-31,3.6081467521443336e-34,8.221623029876008e-61,4.878703671169349e-17,5.89987413831892e-22,1.1915433454796649e-12,0.13753454414478283,4.6627892198477906e-11,2.8319478164349796e-12,0.00791666144407042,2.7060416940866496e-73,1.0464233161466273e-14,3.1783908752251546e-23,1.611386018166814e-92,6.441778331549846e-22,8.797915448423929e-88,2.444507204383262e-47,2.227820404287041e-60,2.29913490555745e-46,6.682657132246415e-30,3.780320465853274e-22,3.716819760102923e-22,3.6209691498803834e-41,1.9735723285149418e-26,8.379910303408466e-14,8.85030937322574e-85,1.277245355685894e-47
1.78833542170632e-69,9.039629193349886e-138,1.9922118556507524e-15,3.307587599605923e-14,1.0420080449219728e-74,7.149887283067507e-30,0.02048991339117453,2.1360596617057257e-142,9.412762971424143e-262,6.4743523948312396e-52,1.9764465912067613e-29,5.811419568419763e-21,1.7678204065874995e-24,0.006299766319525866,2.5066344229517393e-28,7.626804665421809e-90,0.007634197107956361,9.692369418485409e-257,1.2181316776528561e-183,0.007416801921909556,0.4918575891215752,0.0005859232019249552,1.8788033964610703e-20,1.752075128933545e-107,7.12755776912454e-8,6.694672458091853e-116,0.2591928020385577,5.922594245009998e-156,1.7918919193714743e-106,2.2569363803379006e-227,3.596936792720302e-24,1.6283808261287785e-81,6.16718661345217e-25,2.669791709363741e-18,0.009119267298733004,5.46273705698299e-70,9.346907765270967e-9,5.527417384917282e-40,3.848923171438566e-38,4.626486036823478e-37,1.5147920197530776e-17,3.8548304415230413e-19,2.034718443434502e-26,0.002377688427442741,4.265812092816924e-56,7.646118010914508e-41,7.56711233278591e-52,5.959405739273542e-19,4.587259797362359e-26,3.321496830607848e-22,2.1444417570173885e-33,6.813529432639954e-71,1.5862869394084907e-78,7.218254486914265e-219,1.2062987784199362e-18,3.476607974988895e-135,0.015738031438244246,3.372170636775883e-29,8.943487834276366e-21,6.564765300692328e-131,3.499338814443282e-65,2.712901948425341e-28,5.510091408540356e-7,3.6627277970345935e-39,7.17847052594129e-46,0.05220618154386651,7.269682559636556e-58,3.462783969075633e-20,1.9041709060599546e-51,6.409636770072479e-37,1.6964484817827134e-33,5.2091366794816035e-104,0.00019804806173261775,2.0931735022452765e-195,1.7313639650409914e-7,0.12671960103674365,1.9312756077169614e-125,1.685663745934933e-6,3.695554361582753e-129,1.2123081287700585e-18,1.9205788833308326e-20,1.8548961562170066e-60,2.397892977582711e-129,5.236571459755091e-17,5.798033695947703e-37,7.667777645175257e-52,1.644315055395346e-97,4.23376290883128e-43,1.1376453184457782e-5,3.5258565930156047e-81,1.9751880780258063e-66,9.719456575627622e-14,0.00014883910265352097,5.759378228702043e-52,1.2947054693097898e-147,4.0070655990108304e-14,7.064063345992342e-15,1.5714957552561627e-10,3.441639962517227e-257,1.482945677248426e-6
7.263267855549847e-101,5.8254988772063236e-55,6.058138615421526e-65,1.4498872122229136e-112,1.5105939200209764e-51,1.4571561242627185e-26,1.2883963647146297e-18,1.9870819518721807e-79,5.112095258470154e-130,0.034456953043097364,6.951876645014785e-40,2.0595237113031507e-8,1.0416106059155224e-16,2.0849769264827028e-89,1.7814972792572934e-74,2.9588658638466295e-48,2.3570711500455212e-73,5.02183365591921e-91,1.3564498641821526e-127,0.00010414511999356604,7.681508892465958e-65,3.824079211898837e-85,7.332177482501891e-61,5.689575343884264e-48,3.0788813450746084e-77,4.412057257841098e-36,7.9489271459053e-64,5.429650122633308e-47,1.0731067870869247e-54,3.949787258704052e-66,2.436838341043315e-14,2.3418557991931292e-33,7.409682177539726e-70,3.836733327221568e-30,1.9307007454846716e-48,0.09702446149198098,2.472934888956742e-131,1.8765161431511515e-57,1.6072937493701266e-51,0.11395199716925,6.472686342298894e-77,4.88659737311038e-58,3.743427005233524e-31,4.025576570664829e-24,0.23809276488740833,1.877957831740053e-21,8.488306142503313e-45,6.274504252335392e-36,3.429825265298422e-50,1.1893225291727594e-60,3.548857902794939e-40,2.2309465023614407e-41,1.1389831098158211e-22,4.9473911676599155e-86,1.1212888842662035e-55,4.884298807968889e-56,1.8965828574533193e-27,2.999060173740654e-39,1.2898324894872202e-62,3.275936639304161e-76,1.431529321740124e-106,1.1893962778021777e-31,3.028254423527822e-66,3.729876224635185e-38,2.7579963504524134e-14,9.05604689536901e-32,2.3792671707441097e-34,1.1601851379374478e-78,1.2373189910810009e-86,4.5659466878855124e-55,9.510256971965338e-80,4.318795368219989e-58,2.8437320739374646e-76,4.259513357294533e-62,3.1185109065807193e-97,1.245682613556551e-57,9.176933388938794e-27,0.12247822771281251,8.519678642699589e-69,5.646479604535562e-43,3.631253723118325e-11,1.5920001372930386e-22,2.2525137622238024e-56,1.2712225731605901e-53,1.5048516917645099e-46,3.2162357270336995e-82,1.022505412423812e-56,1.4947025500588055e-126,1.2999986453545374e-61,0.19892210880330155,7.070236412951079e-76,1.8031241922159597e-65,1.1246605915871366e-60,3.282881416278994e-72,3.4167641525029744e-62,2.824972233466904e-52,2.5226463066930902e-56,0.16727205160783704,6.327754314969018e-109,0.027697269532716937
4.4357402936522577e-51,2.139601624706631e-25,1.00763744961948e-18,2.7211997281330478e-24,2.051779123684371e-15,6.267610059865954e-55,8.278955182477383e-47,6.913596871758108e-67,6.512071671722892e-157,5.484629996825229e-28,6.505793577334393e-11,1.0441757423994411e-63,1.3277809173652445e-8,1.0590750153902616e-59,3.026107181894149e-43,1.2957640856621156e-37,4.184218602040451e-25,2.7961585064787956e-159,2.5319469547343828e-71,2.6742554835567346e-10,4.691669135940252e-13,4.227365335472555e-23,1.9803063526802198e-14,4.9913507495937654e-30,6.244979038793829e-23,1.716942565852919e-22,2.640025701676583e-25,6.926753292508903e-44,3.022001977431349e-9,6.594053604389164e-17,3.806356652217565e-5,7.795689311592644e-17,6.6729753905361e-27,3.497753000615384e-12,2.9504686311975956e-17,8.588955105183842e-20,2.0188283206794633e-77,1.4674376723054152e-33,5.0116772161836244e-54,1.1698791520272969e-25,5.910088347289085e-16,6.974244644629162e-22,1.645033835124364e-11,1.0465558482507726e-38,3.775432204414972e-17,1.7935102812058407e-5,7.099511961624891e-26,2.188869410273889e-43,9.922441723858426e-28,3.776433757109833e-83,1.46767824823625e-37,6.052229104543069e-21,2.1147540997391624e-16,4.362205519364718e-21,1.2611778162633151e-6,2.4059958571285023e-38,0.00940319752240735,0.8310036292853394,3.0879000994981635e-18,6.675282505349626e-56,8.300803520305033e-63,0.15945576712311632,1.4006009765292167e-12,2.716259242361027e-24,7.566724060903455e-5,7.475254990844875e-9,3.429118164858588e-8,2.4058958238237406e-14,2.1481937287340922e-46,6.68133758879677e-28,4.738343346781624e-27,4.1818878881363867e-23,3.8005286609933327e-20,9.114956147543688e-62,3.2949574247405874e-85,5.180251909394052e-26,1.7499065495343087e-6,4.046886231755761e-15,7.438984564412082e-52,8.100792309089306e-12,1.2867838237360356e-6,7.87129733918305e-12,1.3616141830782948e-32,1.4616037043208417e-22,1.105675005517266e-9,3.707077418242357e-39,3.339588313642597e-19,1.3912042636482724e-113,2.1272909287973043e-14,2.1252596859069803e-16,2.5246990432237015e-67,1.0938028981475795e-48,1.939204198287989e-18,6.912364735759834e-37,7.003580106965471e-38,1.0826886536351214e-15,4.4472582722121864e-11,1.382704261256847e-6,6.777922006618835e-143,2.6143888239515404e-16
1.5688563581838777e-101,1.7621163876859802e-5,2.44681768911217e-63,5.033794840950956e-29,9.941645386377983e-12,1.7462076567356972e-94,3.1452187441839455e-62,5.428104206271508e-9,4.022051799728725e-204,1.2577322192182634e-40,3.8298442669502976e-25,7.400335422611426e-94,3.277033188092541e-10,1.8640904577946494e-107,0.004859137538214386,1.3338562212720319e-30,3.361903665989309e-59,6.062530059410431e-174,3.518183082802501e-92,1.3733454898622607e-22,3.5926792791459737e-37,1.8457835165259322e-65,6.386879486903109e-54,4.537069500793902e-9,1.2755043859792872e-44,5.648337325524965e-16,2.0155438489295733e-16,7.548428150963705e-78,2.6771589991425132e-67,1.589529036712853e-20,5.05557444885225e-16,1.322519810878992e-7,6.234266924068093e-30,6.024468566266387e-10,3.643978253949807e-41,3.217789972378116e-57,2.064593320543072e-116,2.8054577429257545e-28,3.9473940791730786e-78,2.201131189300077e-116,2.7009495520805087e-53,2.3062241565975483e-40,1.6497532336803145e-24,2.8153410879590273e-81,4.619912416172581e-55,1.7797443012405914e-10,0.08709800903224518,1.2354491271500878e-63,0.3931738513547938,9.595243277475347e-93,1.4024805337779916e-52,3.7147400083100627e-7,0.01604889681040839,4.865137005230806e-61,1.5396155479880002e-11,3.431777108806374e-33,0.006741382594472839,1.8360536617283932e-21,6.503341986129799e-62,6.30392132637426e-58,8.406871557197103e-119,5.739479087089238e-5,5.7998547365745985e-95,0.006449564734757409,6.577492538736243e-11,3.007733199677574e-11,1.447381267404568e-63,2.8729301556509743e-55,3.9560308502273134e-54,0.44351305437500815,1.8368531027341698e-61,2.993922255718225e-8,1.8253262680249601e-122,2.1235648547160204e-15,1.4238805475873367e-142,1.2634698745006052e-57,5.681266968858553e-15,6.687226332870925e-6,0.005969612245670703,4.350702729466341e-11,1.8739908162752413e-8,5.872887173212321e-20,3.397398854471899e-6,3.4482126527483276e-70,0.011507295887241711,3.394344308957507e-46,3.5889404443249177e-90,2.47511585680024e-81,5.5067667085668426e-102,2.1381903331639323e-50,2.74814336283646e-138,6.404194596023659e-94,8.105582285814575e-73,2.420033986710331e-61,1.7607189635309958e-35,2.3212118608839257e-63,3.9968755685872144e-43,0.02455353120413529,6.519415656210024e-101,4.515655754033243e-71
8.276562721728954e-159,1.7625579582814014e-156,0.0023510657163030926,0.4105320658135702,9.032920710837227e-119,1.6754336766551534e-20,1.1386852728122548e-16,4.4469899167504474e-122,1.0844034020638337e-169,1.4792658863701526e-51,2.913290227530188e-6,1.5644912174941397e-59,1.6821498447937022e-41,0.03793839167440193,0.04367637920613637,4.333740456571741e-64,5.667074172151252e-8,3.2887176014080322e-102,1.2663740542625404e-81,0.001564446344501338,1.6427048836247487e-35,1.0768768140697663e-22,0.0004203285743379236,5.993276862662662e-115,3.2518241100800614e-24,6.8673602235904975e-25,4.477459393780989e-20,5.227042802207122e-196,3.722726958748089e-111,7.2955157582977e-71,1.2666900747358485e-18,2.5046725932488234e-113,1.4201272625129907e-15,0.2156331273360888,2.597172686073388e-6,1.08062381350066e-70,1.3401865299373232e-7,5.885433119477228e-35,5.967235812274532e-30,8.017712775810954e-134,9.362806875921102e-5,4.008797345850606e-21,1.7698408248556625e-41,1.2411682866330763e-6,3.9030904112241454e-38,2.5902065464456306e-34,3.0488767189826986e-35,6.24305868328867e-16,2.1450159650379588e-19,0.0420878118643775,3.227364544780267e-145,2.131932742690038e-67,1.2782745393147517e-56,1.026283351928772e-168,0.00010652050352376873,2.666230955803476e-126,0.013108673010036072,4.0100168380199347e-50,0.0003619596451404003,3.115305736169944e-136,1.1589416010727011e-20,1.4362693158673691e-28,0.02408725385875606,4.3076063316175357e-32,4.2036228521163303e-88,7.592957765384957e-8,3.847682644370569e-73,0.000771776052588489,1.9257314969492415e-59,2.2495555046161104e-52,0.2070492494736523,1.2014294009354586e-91,1.1262280183448992e-25,2.657045138604079e-148,1.5730348785604238e-39,2.902229594586783e-13,2.5457525354140393e-72,4.442971078044446e-6,4.528291038652358e-110,5.119708648941557e-47,1.334039440624125e-13,2.6338811292512906e-67,1.2410403664139843e-108,2.542438809571281e-7,1.0356926751217427e-26,6.860058940221594e-130,9.148823913226432e-56,6.239068559203496e-92,0.00019328864113721275,6.676944531435682e-94,1.1843454649907167e-32,9.468313933734552e-13,3.8769550221530485e-20,1.0619325687113974e-55,4.145306318003987e-115,3.437815613976517e-8,6.741543965509019e-7,3.354559982494722e-29,1.880444831464604e-175,1.1610217632265664e-5
9.277770524046553e-113,3.704028109666547e-11,3.403228884785213e-62,3.1156461544810198e-37,2.9069199794737104e-17,2.3686041088608195e-108,1.5239707161907402e-57,2.9980939187550454e-34,7.516914693726223e-201,1.3939606340531293e-41,8.98404670201525e-34,2.7342270188014106e-103,1.4050715316504515e-11,3.92623380535385e-106,8.07234562452052e-9,1.4971245326877443e-35,5.7484901687982184e-58,2.239178385241567e-186,2.1316290128364977e-92,3.822826677714469e-18,1.764058784432115e-35,8.071573105380902e-76,1.293907796901691e-58,2.392739005607997e-14,6.675743098695323e-63,6.740119493146563e-16,1.6451571920344207e-34,4.874986927979376e-77,1.5195286034748008e-65,2.349124383480616e-22,2.116754936868208e-19,1.4965768864304061e-15,1.6821948436702498e-32,0.00761732227144399,1.620390365992225e-36,2.579521416777446e-57,1.700224813665572e-122,2.706784667700768e-36,9.705190905381226e-87,8.260292624953999e-124,2.7187350669189424e-61,6.095684791846166e-45,2.438096122669375e-23,9.392995495070495e-83,3.7690967896314374e-55,1.6202808135207834e-9,0.8292369008950657,7.593247815634444e-66,0.10404463267352579,1.321617451656338e-97,1.7044704943527942e-34,0.013896962636458106,4.11973642246152e-8,1.8488987999490565e-62,2.4920877871729016e-31,4.806815456833753e-30,6.34479125753921e-11,6.018931226329953e-21,9.168865935587684e-68,2.546962209052921e-71,6.1450235658184805e-127,2.2255668362371814e-6,2.6289497298530003e-48,3.3427279865076755e-13,2.5950525057002804e-11,4.5783204231949157e-10,3.338011974104677e-63,5.636833051219735e-60,1.663994525814457e-59,0.013581171724034995,3.766858020759112e-87,2.995265774369687e-6,3.163240761356672e-115,1.1762932070180478e-19,5.530756358056536e-143,4.8897280451874767e-70,2.0269045269091915e-13,2.2143544691288385e-5,0.004299521921816872,3.30960577511571e-13,5.905780489164705e-6,1.210101452980716e-24,0.006695434860978652,1.4160825852413e-74,0.01822279188901508,1.3826014231222488e-48,1.2293299347172e-91,2.851042310518373e-61,1.8802122642201177e-52,9.57172906054063e-71,1.4532430249418407e-104,7.970199108000288e-96,6.585796084826505e-74,3.190803179349938e-58,4.255693112375074e-33,2.872609439251135e-50,5.36328147116154e-62,0.0023719394806633732,1.7120973968767083e-105,1.1799406115897493e-52
8.244749009914826e-89,4.60277688293725e-107,5.326886067397665e-53,7.017521291652103e-52,2.9473325898215945e-77,0.38254028344994295,4.379929040747437e-47,6.763772906472173e-119,2.2794537546767765e-262,3.5409771032422877e-54,4.153293826851571e-56,2.0592375392608852e-5,2.068023336297554e-37,1.5073720875704776e-89,2.0592745046747045e-27,9.587865084275942e-51,1.8676912406698384e-30,1.345224584460885e-129,4.013967964261939e-170,2.246010343470095e-17,3.365149858053567e-13,1.973295958389544e-11,9.739483393205597e-51,1.981582978757549e-77,0.0006370170618204248,1.0226032832941483e-74,6.323481425894872e-8,6.15529798088033e-183,7.626763184596421e-28,1.015350469621652e-118,1.1157665579478055e-36,8.753928472338566e-84,0.043934327124497824,3.8545484517901896e-30,1.2582829893201004e-17,2.021325328340823e-99,5.431731112557204e-45,2.1529714428754744e-16,7.438643295536915e-56,1.9926021266347572e-70,6.378833803554908e-46,4.872347139425592e-52,2.5905259844595482e-18,3.9952539201995577e-38,6.732723418656156e-89,5.65835450866677e-40,1.1097802064239747e-63,2.8872018979878075e-43,9.320686985855507e-56,4.12417030560539e-20,3.5846193246192715e-61,2.549838041204567e-44,3.533036699619534e-98,2.1969523247266596e-92,1.3704238551959788e-18,1.1826847067285826e-44,1.9827267893483975e-44,4.002189492760117e-43,6.000141786831361e-56,6.493714471969035e-67,6.438864919275672e-39,1.2675171012955739e-18,2.3539928867387516e-55,0.028593802369886772,3.522266844981473e-79,1.0873008045186317e-55,1.676047810234864e-73,1.8497637193913538e-50,5.898347789058055e-39,6.491501618901215e-69,9.260772126715333e-41,1.0425452450160569e-47,0.03467034162128351,3.6165200154850017e-59,2.383077023720948e-84,2.8988394694120606e-11,2.341626597294319e-75,2.487595174752299e-34,2.0634400079686352e-94,2.6430748372258786e-34,7.598328190715479e-24,1.0825189444320758e-56,1.0966388652920236e-118,4.408342351113085e-57,5.7801324820886465e-71,5.370640544797242e-73,3.689463844018366e-117,1.2813620335887023e-54,4.0766969415264875e-55,1.2258032953032792e-70,0.2468896730778102,0.26227714750673586,0.0004367521164760016,1.4238822068552088e-41,6.471172689529213e-76,2.6880620622751053e-41,1.2281421169081527e-11,3.505889591396658e-29,1.979684144949666e-131,8.628207183141724e-48
1.4900538590867874e-67,0.0032206174690762586,2.109104264330845e-308,1.6083933014282106e-47,0.01238256406298058,6.104158938184008e-199,5.400979706866161e-59,0.008316782050537826,1.1676119897835797e-15,6.526594479201915e-42,1.2050435336823082e-65,7.099581220550009e-127,4.01556452453765e-105,6.385543544348311e-87,1.966492081143236e-40,0.006490088185417543,2.42331753673338e-112,0.0024639278600688277,0.006194268417722035,2.4388848873853397e-85,2.3624232295009944e-164,6.697033701064014e-139,5.213471280147573e-255,0.0030194170807659165,3.446513754437929e-126,2.3141944658427415e-80,1.0360049032345518e-142,1.1332371702512337e-11,4.6172771185870774e-97,5.161611685354826e-40,3.872083540406157e-49,8.517997158048387e-50,2.7636938012057817e-77,1.6406455835948463e-210,2.0152425029606856e-102,1.1126932879699248e-53,7.422151662588191e-53,0.0025881109988334784,2.2010135036718675e-160,0.00164058759515487,1.3223786616054571e-235,4.423238256843569e-204,7.072533743940339e-55,1.1688214590931046e-121,6.076863763525642e-31,9.433002799098e-66,1.371860237559505e-17,1.544068278202003e-210,1.1147063067891128e-5,6.238901705110435e-115,0.7568683119882792,2.5179436508999113e-5,2.0272903767287473e-8,0.08541895827480687,1.192243003820497e-115,1.4144436075149346e-13,1.74404849182166e-67,3.843202512584108e-137,2.2599861131607406e-211,0.035551621538123745,2.095358733949037e-18,5.886826443877846e-63,3.584988215089819e-282,2.607957259818646e-222,3.827979182762963e-25,1.261368228413914e-44,1.4740655761016125e-35,5.133637667261459e-308,0.0023335010152329997,7.07551086388159e-29,1.8833031689139958e-100,0.004016225001500508,1.2698415886387435e-117,2.8652140764733876e-6,3.18862011910041e-92,8.822466195338871e-116,0.004559649486274077,3.101657222214537e-29,1.8662233100493642e-45,3.1464214114891598e-24,9.846719042464436e-48,5.472580394430188e-79,1.4645318779220113e-11,4.246450545514382e-245,1.8110115894465753e-18,0.004338114879280874,1.0275594185158544e-56,1.033227913294376e-17,3.0e-323,0.0010044437263333136,7.033586239979397e-8,3.502595962332271e-76,1.1185368074067174e-88,0.0012363799482847805,0.04707481453594872,1.4041883430124576e-104,2.155557138138568e-155,9.808754457221401e-112,0.011242333536837602,2.7747059984302145e-221
2.177359276586809e-77,0.023123841907806413,1.2061326344197376e-67,2.37022689257444e-87,0.0017835512152326487,2.7325530021022946e-76,3.2715157468170976e-95,4.598298950358077e-33,2.4308544324476663e-75,4.528719752743716e-30,1.9267435850309825e-37,6.585686842634932e-40,0.11710148618376282,3.7711388337311306e-148,9.118939760208096e-59,0.01278213348385259,4.184712079647482e-73,0.007433221008850942,6.852531802837753e-52,4.9141677560071725e-28,1.5482688691461811e-59,6.982638456193524e-82,1.947339592269066e-54,0.06284668249246182,7.646941249882569e-77,5.1488867750175795e-67,6.367548672542586e-61,6.449622318696304e-86,4.263872375599017e-78,4.6105856722789876e-23,6.737011057822898e-23,1.1067290735581635e-5,3.521516217089698e-28,0.003846554279705958,3.718286647688898e-58,1.624267771377936e-52,2.976679646549421e-100,2.3991750723183222e-6,1.9784774511856532e-106,9.886087567707073e-37,4.486438421707363e-59,4.016056750296464e-68,4.4141454555996016e-26,6.975756480655338e-99,4.151558417427007e-40,6.68688872122182e-36,1.6169233499246502e-21,2.928788494687576e-57,1.3842275166953063e-15,3.837318251745261e-70,0.03046133560138963,0.04617727907691756,0.0014470744656062517,0.03229216655856294,3.8015138120851704e-44,0.044741936242622876,9.339216535090313e-35,7.78206588843364e-24,1.2558474667651718e-71,4.950553909897621e-6,5.784326638186217e-45,7.4096743593916615e-34,1.2763974694717651e-51,1.7866913266781305e-34,0.009804693213522135,5.821616739978351e-13,5.936453583230934e-20,1.976569393930825e-59,4.054424769366556e-17,0.0011375626971533129,7.522761782722101e-66,0.2676121432896948,9.828358382754752e-75,0.03153158302924685,7.498911241043173e-104,2.1769860209369607e-78,0.12442498005062033,2.0652886922860787e-23,1.2456569368519407e-18,5.169669491777019e-9,7.614455867088739e-27,5.679452131103441e-30,0.054483210781152515,1.0683929941569269e-85,0.1269501422318507,2.0879791063505424e-103,1.0895017315814452e-95,2.6573673673287963e-84,7.704211332766472e-60,7.925138946698481e-44,7.099013980064309e-43,7.642230755940588e-69,1.30851231038227e-64,4.285040666282543e-15,1.177270183065841e-14,1.90188436477805e-73,7.980168674988177e-47,1.819112917274382e-35,9.654819895243065e-62,1.335957505593649e-82
5.787334777294431e-17,0.017431680776387702,5.0377476624440864e-64,3.871526086716537e-101,2.010760932583603e-6,4.1145004489073186e-110,1.326094855846508e-84,0.00032305138091161175,6.185623964618751e-55,4.675535639082373e-37,1.0183352630149821e-29,1.9452654044400398e-118,4.50787332749224e-16,2.550116570804574e-139,1.2137610981466806e-78,3.3275809316515834e-7,9.604641824102696e-44,8.536184144789648e-56,3.7757944008687204e-46,2.5281123411812067e-27,5.323181184571055e-41,4.574166515002394e-56,1.2037430339421422e-57,0.04135306208257402,3.677544150430429e-80,1.8705314616401992e-86,6.603896900482435e-72,4.2440625365801696e-67,2.5272272637176826e-94,0.034816962811345116,2.2786885731768053e-29,3.4465952572825357e-81,2.615400482831351e-20,5.485786250467941e-43,9.547450400849959e-44,2.131692364420047e-68,1.334448481287252e-39,0.027676348249085735,3.349623880416352e-39,1.0235983941990779e-45,2.0089062325392984e-45,6.473559940314059e-97,3.03639218770835e-45,1.4250940581322285e-112,9.739238614042723e-41,1.4783837179185073e-65,2.3104618768130052e-26,3.438648101431899e-63,1.6456816920396525e-14,1.8559125617688477e-79,4.469611854155786e-5,2.7169280550989394e-6,0.7446905680965283,0.010020528591847405,3.2604537825261505e-21,0.010614715558812148,1.3601537258354316e-16,5.446897609678562e-34,9.531813154500177e-79,0.019055115869755817,0.017578986779906606,4.4382042412909e-46,1.430496310410057e-125,3.143529251393293e-75,5.3669762815586835e-11,1.401061047982126e-19,1.2094516908248164e-61,1.7406736422048245e-58,2.4786820980676196e-15,0.0027402391035115685,2.4088981449217416e-32,0.0043288634111680385,8.743182533390544e-76,0.0410564655758788,1.184793316774958e-85,1.336337310873949e-63,0.02139825879881793,3.374607033044294e-9,1.3921029286375892e-8,8.584872256870347e-8,9.868983972358526e-7,0.0009549304501185303,1.046305236016024e-25,2.627245367516294e-95,0.001178885241671964,6.202584667485197e-55,5.45964249081381e-60,3.484193543861635e-63,1.1674522882403834e-18,1.5429632938211182e-37,4.799721627087699e-25,1.0242938485581741e-76,1.789105446974287e-57,0.00427285400873185,0.0004576365508788484,2.5594886581392452e-45,8.572457586205697e-25,6.916946220333801e-63,7.6547100408678655e-19,3.407071891532271e-52
2.858213628024972e-66,0.00043026223941601473,0.0,5.755005105665979e-15,0.005071534826586707,2.1943889653921458e-76,6.624470473479336e-21,3.5909778839749833e-25,0.007123549572853091,9.410752013399008e-30,1.1795173409252742e-49,1.8654728049110326e-120,6.747889726348977e-114,4.0145856091016935e-71,1.956696932228302e-56,2.497464496236746e-9,7.365329833e-314,0.015052603728271476,0.003331587704221462,8.717088821698512e-87,1.7192443070588726e-171,4.851278201641663e-304,0.0,0.00771103650750319,8.63841141486699e-308,7.354506309970819e-100,0.0,7.448088475467471e-42,3.6302140184188813e-53,2.5001259039000247e-21,1.7516883623611404e-19,9.965757305533472e-78,1.2853851779706793e-107,6.369782246596456e-273,2.3182714399289852e-215,2.487131626822792e-30,7.477647371705231e-58,1.950945647093669e-27,1.2023620675915812e-173,1.4976102311450203e-52,0.0,9.39446468137514e-183,9.686686382600386e-61,0.0,3.1674215055312635e-66,5.045787434132524e-13,1.183507010618538e-45,3.696950010893489e-217,1.8133973637521383e-78,1.229628479838286e-127,0.053648692163259085,2.661045802915267e-43,0.0004809575527133677,0.7511439358326577,1.71846075670613e-296,1.866131232408226e-36,1.3377765359358185e-41,8.009408697660068e-85,7.9540781330537e-310,1.9898301304703855e-11,9.207286527720321e-7,6.130799138637881e-18,0.0,1.2773544470378528e-265,3.9921910663919323e-78,2.915795710443194e-44,2.266896374366035e-27,0.0,0.0007743140346725412,1.3817570592926634e-79,1.3714405287243464e-137,1.8960921991149242e-75,2.279148705858e-312,2.010512694359242e-11,6.785556557284989e-94,1.1011404729194046e-304,3.498342727566754e-9,3.1632792816367567e-9,1.1851962733913606e-35,1.2676635495383594e-99,7.476466688207682e-8,3.3714793685037966e-14,0.04271549016730069,0.0,1.7678917478291763e-82,2.030937275738362e-39,1.7054020356922112e-107,3.7425141853069675e-87,0.0,4.160015172644825e-86,7.028013245787512e-88,5.534110837529927e-81,1.836887782623344e-179,0.00503878903594399,0.009641965087396401,2.6539476967926823e-188,0.0,1.0458191849338572e-58,0.09783427685425064,1.0142138752142824e-271
1.3960073366635347e-164,5.3564261832934905e-127,0.001096243007887588,8.5612560936843e-68,1.5087976280623066e-78,4.637201100201528e-34,1.389264141740765e-30,1.9290793133851133e-197,4.3489744185705414e-284,1.1839491486727776e-53,1.2613567180565686e-22,3.992476468198293e-37,0.0002052082769411262,6.808711031586436e-80,1.2980269825892828e-82,4.936044480195557e-101,0.20956580399372302,2.2867953246060103e-251,1.2133740052153617e-182,1.90542977098207e-5,0.12103228581270545,9.067554231180774e-12,1.1414029204448412e-8,1.5435759795569213e-136,1.1205970399137743e-16,1.385255049360861e-111,1.1410820585240825e-7,2.6452017913960646e-166,2.6000251809618477e-152,1.5228807158898948e-155,2.7106956279075224e-13,4.003352235046566e-68,2.889572820856779e-7,6.962499666399409e-14,0.003461706021221263,1.0733002528572966e-148,2.866395034598977e-37,4.3860180328574115e-25,2.155729617120305e-48,1.9913547831674055e-69,1.9730292343470286e-5,5.313695307084993e-9,3.1609620007551005e-17,2.3872825456835485e-5,0.0022446074575918364,4.669844199989288e-17,0.0395183702438926,4.467400878451766e-27,6.057890447587153e-10,2.5523700242741327e-37,1.7152088183798672e-63,1.1545345708698816e-65,9.551343620180086e-102,8.940563456121096e-282,6.412394591336399e-9,1.1731891358126115e-160,2.4728201417911255e-20,9.489523071744197e-24,1.7953913626927616e-9,7.469797673957505e-158,9.25961517510291e-55,0.01706679172569288,0.18325153362479693,3.866676253357924e-19,7.419683055463826e-52,3.692456172996379e-28,2.2821459468984143e-27,1.0030664701225202e-7,6.758289163343477e-33,2.4668553762734593e-25,5.363478823531689e-80,1.496959700101257e-74,2.0484486344305637e-16,2.0757377765296448e-255,3.595756012683598e-79,0.040828812562123167,3.6350948999541016e-187,0.027766256232624034,2.474113663204031e-91,1.9703576068498245e-33,1.4288545568401495e-7,1.5173384569163256e-38,4.4837456109528595e-155,2.6754802729320933e-12,0.022162812799166782,1.2682520570027571e-61,1.8861234392705525e-80,1.6688958212744e-117,0.33054371208557487,8.224338752970857e-82,1.7233297390077689e-122,8.787920995041555e-5,1.7504294662288906e-12,3.9253070193951663e-72,4.762960009938035e-212,3.653624087648033e-8,5.049936747300376e-14,0.001103828770430394,2.268829050734049e-236,7.824111514138538e-7
3.12384258289168e-18,8.022652079878324e-5,2.5921708876993584e-125,1.2164634841354427e-91,0.00011976530118143594,2.1656969416423077e-136,7.149138063066764e-139,9.315609092420006e-10,3.0049868654067853e-68,5.124705940557968e-46,1.8363665474428722e-26,1.26535444385183e-139,4.506485710104796e-30,0.01476586464968461,5.2308513453831926e-55,3.7059838232486995e-14,9.464798978514825e-86,2.898866307413748e-23,6.645599080550199e-54,7.627259872929961e-61,6.78093543751569e-82,4.4278715373920915e-102,2.292292922519127e-134,0.0859654363270687,8.681090834954685e-103,3.7259343171059356e-102,6.945049894463283e-102,8.687874137197504e-61,9.87139368280422e-137,0.07679674260103052,8.724215913018118e-59,3.0188291055790703e-87,6.72723723590581e-50,9.939590065333551e-78,2.0335775729140547e-74,1.725210997743496e-26,5.0999185425905e-114,7.681245275103921e-50,1.538254960110131e-87,4.179963673373813e-92,1.125143496742867e-114,5.9958653210208545e-83,8.855043512544216e-13,2.8160893550131328e-123,9.524710149637864e-51,4.9162695482360356e-36,9.661236874676567e-6,3.669009800725951e-104,0.04356786011418722,3.3829002170550713e-110,0.388734960774119,4.538015275269266e-10,1.732550857343286e-9,9.000278159140065e-6,7.653518762989957e-88,0.12410106904794423,6.064731751854521e-64,0.0070118821040304905,2.7307026548208844e-166,2.964047027531188e-21,8.091298380536535e-39,2.3973241247412325e-13,5.829399496863135e-74,7.591846504736453e-57,0.0014012623839148963,1.0216025933019868e-26,2.4214481685285944e-69,1.5488076009885672e-140,6.40993945273366e-58,5.807281276194024e-21,3.693708697221168e-65,1.2336706968116474e-7,1.1601765797819473e-99,9.53149724466759e-17,1.385777780726206e-98,1.1451219967985017e-110,0.0640958546462475,1.5066807380212836e-69,6.842676689317781e-29,0.04800502614615663,3.493707029369863e-42,4.446279835079748e-61,8.465291602326764e-35,8.2527080228922e-166,7.966332410096547e-6,6.966458944679418e-42,3.3093106251989414e-117,9.706994202950547e-22,8.059105213021508e-58,5.482359852958876e-36,5.194610527005712e-35,3.020888941069363e-34,3.294356429074601e-88,3.1937641240328563e-35,1.6008317068071176e-14,1.808959071229631e-103,7.184088769292308e-86,7.988676655157618e-43,0.14532729505003078,8.146738687420126e-115
5.764617668392313e-66,2.175069225362626e-8,2.5998562304404586e-8,6.766372025351712e-52,9.148344080061996e-25,2.499795989950688e-50,1.0336302990596307e-23,1.617500787403182e-62,2.906780891772411e-139,9.501402655021274e-21,0.014782550830392224,0.002370556216756696,2.933523148530119e-8,4.056595133614437e-47,2.5382781621808426e-27,7.06856599094822e-43,0.003453959410819485,1.2472420097382682e-220,6.809249537007499e-107,0.013250824792794106,0.0008840081853550594,6.09968653017922e-12,0.0011034065932002254,1.2500585994554477e-11,4.686467449273783e-6,5.1367191601865964e-40,2.3035573496827477e-11,7.491490321168988e-26,1.5069326517576533e-6,2.525686282752822e-10,0.0030775673288787613,6.753452359598673e-15,3.44706599304474e-13,8.411835047343238e-15,1.7988481002882813e-5,5.419542297569091e-7,1.094280960803878e-85,2.477486286222248e-17,5.548096674164909e-54,3.857681499181523e-143,7.156374468226882e-10,8.341854456163943e-18,2.3524795907070406e-6,6.4185255336182744e-24,2.1132027881686595e-47,0.09590879499952946,5.2268885790150136e-15,1.6089462361025302e-41,3.531673084344416e-7,8.551481129516379e-59,8.553235322589117e-61,3.776007411854248e-6,7.231458383145193e-30,2.675142097975636e-72,0.0035596627924373006,3.9929257245183084e-54,0.13980004067620408,1.5474203583327165e-10,2.7213229093133817e-13,5.869381907821671e-78,1.8463417394298673e-76,0.0013272625734393687,0.005483288946319411,4.704688432187349e-38,2.9012451626670136e-25,0.20778369545142714,2.5280127348956964e-10,0.0030801011872190896,4.3112997561931357e-16,0.004276754459184861,4.272627470688665e-65,8.824920327721228e-15,0.0010421312358157517,1.4002622072866096e-121,1.932255459185797e-69,0.0062078340711824555,1.4947509386917e-35,0.0005783315240487398,6.559407271387904e-28,0.025588491693830512,1.5817352822972743e-5,1.5271424120029392e-27,8.65697076697089e-8,9.330054975165562e-26,3.8748389370017006e-10,3.0018515575269987e-44,1.3712209507214416e-70,4.433869193915802e-151,5.3784783041710264e-6,1.0437589707283974e-91,4.835355109252503e-97,7.893276258582157e-35,0.0002826189250294433,2.5521818473099624e-5,2.39412487294945e-75,2.2897191037449868e-5,1.1858634886165135e-9,0.45953334719714406,5.6900900821465645e-180,0.0065237839331365646
0.003978042218212214,3.6076442021499477e-13,1.6183996128695101e-6,7.277443346526839e-54,0.006707096323168061,6.131414679352951e-51,5.1610053169747216e-27,1.4535340117684834e-118,1.6029508639940138e-220,3.7813379414492735e-19,0.014729195595552651,6.126874900336638e-61,1.4282925672104023e-7,0.0022161275258151232,3.292531140510727e-34,3.781905403272662e-23,0.019179950342099548,6.741966118938794e-211,2.221549068269962e-158,5.774080605418353e-7,2.6755153540812405e-9,1.7799926938621545e-34,0.003472722284598081,0.002251966462957101,9.704561939776423e-56,5.206763406768911e-29,1.761714038812966e-39,3.968513100145206e-96,0.018263849339052,1.0920384314318696e-25,0.05125862830876436,0.01276940577700032,2.6864540830354586e-26,1.6538731499532535e-20,2.6636080722152044e-20,9.926102745787256e-40,8.519882905228817e-49,0.005164405981136102,2.363463397773505e-53,1.5277115891107183e-97,4.1199112507688084e-10,8.189043746039516e-18,8.491152557898975e-8,5.730694666854042e-20,0.0054475473338089254,4.2491279233466675e-5,9.063456336597073e-51,1.8781312475727268e-34,5.2434541324568524e-46,7.578550360588001e-59,0.002017091757541628,3.3352895279645723e-21,3.28284947574686e-12,3.420757454374137e-80,3.802707997740445e-30,0.0031366643696086626,0.01705089694957498,0.16053035175277003,0.007372424924311911,0.0017212929996053541,2.163866653479546e-37,0.6383275481456816,0.006115260771941182,3.966487859077458e-24,1.3867873015939883e-10,0.0014507515476884262,1.707172964062394e-30,0.006374093441973729,1.7794637321363964e-40,1.5924270733083716e-31,2.090140284639153e-61,6.565514290781452e-13,2.669440591858657e-57,5.858610104067298e-38,4.845342956177501e-80,4.0208781542516974e-5,2.9564663930090094e-19,1.528040358552326e-11,8.439768634280316e-60,2.1705705798285934e-8,0.0012256946809984846,0.003710452091494807,9.50570121718385e-70,5.4102286524047e-7,0.0022832828189154504,8.836892861252712e-28,2.966152158679313e-54,6.429850757157513e-89,3.094979229949339e-5,0.00018704776496850445,1.039510671063383e-60,6.460013773662512e-38,1.9860426528034944e-42,5.772678041518238e-22,2.249391956337419e-16,2.5533187591118075e-13,1.958049895563815e-34,0.0029415662954573457,1.52259500324639e-142,2.8191798486200883e-9
4.27873802805366e-166,3.0971016348731687e-189,0.17957274309807703,0.006902550686677372,4.323707579631136e-164,2.1527097869085446e-22,0.001075978929950158,4.5788856682447444e-206,2.827699220271028e-296,7.541163365881261e-48,1.6101474919287188e-10,2.2929702146668195e-58,1.7562057845518212e-31,0.0001611150231260863,0.000990625023851684,1.4354844880196278e-70,0.001752600397312153,6.647777914887325e-213,2.764984892217147e-299,6.660721753927752e-5,4.401653887629835e-45,1.0092928163700312e-16,0.15881994827580972,2.608796715087736e-134,2.5399506469350206e-12,0.0008824562686635541,1.146629073352432e-16,3.116963644178764e-222,5.202816441715682e-94,1.7141590067924624e-214,3.062344160321964e-22,1.6488564595201478e-167,2.4312303940627023e-7,0.002853571479073614,2.931336559094709e-6,3.306871180454003e-53,0.0008423320504095597,2.1495421823458417e-42,3.161126890319848e-16,6.56534146364959e-231,0.02439579786043737,7.535289585547415e-13,1.4248628096178696e-43,0.002973371618533335,3.6648203159447536e-21,7.541618396194141e-30,1.5059160690160897e-62,5.715264789651872e-25,6.493815790637691e-68,0.0013813858112319177,9.994005274424953e-198,2.075176918677912e-73,6.213913292906297e-65,2.958117807078534e-233,9.091035759152661e-6,9.777794498384536e-180,0.0022188785115605496,7.898106503461824e-48,5.909409629288661e-6,5.673463987479673e-143,0.0003363185435156476,1.0318759780395031e-36,0.2967639985080316,5.897700010582394e-70,3.2076850286455913e-102,0.000783949102023751,2.51935060127184e-57,0.09207901359766667,1.504517192322834e-94,7.0515324443200025e-81,3.512095861983822e-19,5.292349721321506e-89,2.4657289604766722e-14,5.4014941168764095e-192,1.5184155304569488e-28,4.5484681764172434e-10,9.527776595514626e-101,7.385790488408137e-17,4.588773286175678e-118,1.9488002955392504e-56,8.26894291352306e-29,6.515859243780055e-57,2.5795398470533697e-115,2.656932297666707e-11,3.043542317473606e-16,7.66510596984261e-154,3.6106138827138e-93,3.265888194327057e-107,0.22254925511127419,1.9362720039786272e-126,0.0006793356619609667,0.0014639014424879721,4.718426662233517e-8,3.4088093003142543e-43,1.601298746468145e-107,1.341271704876416e-11,0.0004355575969603806,1.85124155126268e-13,3.836286340126691e-235,4.854352241920623e-7
6.96808332076912e-52,2.9848045221965084e-19,3.087330550263027e-16,1.0269021244585931e-76,0.014838625793931986,1.1092565574066411e-150,6.720847050585439e-60,9.870239090864696e-17,6.392506344373895e-22,5.931012143514646e-53,1.199379861283543e-61,1.695341582589032e-93,1.978887461234649e-66,1.961305413740585e-78,2.162422949974452e-37,1.7465725630223516e-17,7.472411730008572e-21,0.03473132894769922,0.020125281421080443,7.45549889274329e-28,1.5344664288074659e-127,6.49979959359719e-132,1.245741768609946e-6,9.11786212096718e-15,2.4883617725501383e-124,5.356842083631289e-123,6.759680805134485e-91,3.4096615018201296e-61,1.9570941001305058e-117,6.218771717333557e-26,7.629613572474923e-58,1.5531576882068202e-87,7.539856561832484e-88,7.637986311397785e-81,8.207439464501604e-41,1.0438188614989557e-76,3.0524614868102535e-44,3.4656344986460577e-19,4.229255004657066e-128,4.3158868821766075e-30,5.977392862864823e-13,5.59867771585126e-188,5.547391893489701e-28,4.4482639403114295e-35,2.1643332174012254e-73,2.4075718971458007e-89,2.399343614370838e-18,6.552076920479802e-66,9.309347627536062e-10,5.797220433001244e-97,1.0717906491190944e-5,1.125448347095836e-5,7.435959851489147e-5,9.72501696727595e-6,0.007384436552109863,3.672067213182814e-12,1.38739819893013e-46,7.137655977854065e-119,1.813304610632685e-17,0.0006233598222741675,2.737944173589796e-19,2.777306503496413e-72,1.547007505260938e-112,2.0809364594161897e-158,7.472219291999701e-20,2.8263322855418086e-44,6.649107935941485e-43,0.0037076572927911265,2.313021052723525e-18,0.01429295521697696,1.834968279579912e-44,0.007162220103342311,4.495980761873639e-123,0.3930685374178325,4.299387548852084e-106,8.499851741435415e-26,4.044421519137737e-7,0.021057434729151624,1.4661119569946066e-37,9.667904453442705e-25,7.405941617269526e-20,1.1963406362350676e-102,6.275002716503871e-9,2.2450241743801257e-40,3.740674836124639e-9,1.5277595715668967e-73,7.845062454804014e-61,5.02449517440682e-75,8.879428683345943e-166,0.010744677764860447,0.004089141850495801,7.839020971558848e-29,2.3360651474305116e-113,0.019004343733332776,0.4436767560754162,4.9394366887001206e-83,1.685118935607196e-27,1.474108156358963e-110,0.005385525138448028,7.781213868069935e-92
3.0902896988857467e-97,1.3643674793627026e-57,0.001762012363729672,2.22550575051581e-161,1.2831399553438378e-59,2.998491869157587e-25,5.249303610757484e-50,4.621851508071885e-85,7.907434521268965e-147,1.4282282771954763e-48,6.34727255804108e-55,8.738289387136786e-7,3.6436211761489006e-68,0.01673582773916317,3.0319813378959546e-116,1.0505535992949653e-51,1.3438882300887665e-6,1.473233253869207e-151,4.073837609595073e-117,2.3888672674006974e-11,0.07953434661465827,9.081723094295192e-7,2.535945440645192e-6,6.935848486692974e-53,1.611277568795575e-7,3.44585550049247e-11,1.5229194769456362e-7,8.31293368179326e-113,7.692124970044124e-119,4.259367326604726e-72,2.137371697395282e-28,3.4144789722236196e-107,1.728660694566026e-22,7.304429318239686e-15,0.44750742454918013,2.7006372065807986e-60,1.8492806303535542e-147,1.381787269999953e-10,1.686237227753037e-47,4.624170317773007e-96,0.09776050163083579,0.02087349814743006,1.7837330279646934e-35,8.805113780431856e-18,2.880906058004818e-32,3.966568471541164e-36,1.0747399203542803e-61,1.4087681965583704e-37,6.67545170797067e-50,3.060729164957881e-45,1.2458114902404235e-38,2.786655160889308e-51,1.1726348375901703e-33,1.3664973438385534e-71,0.03148333146262634,9.104198411309344e-61,3.8338687202604e-9,0.003723374019789906,1.2822127426595506e-8,8.44022069149064e-83,1.8586310547327478e-45,8.831310994313315e-14,5.681471675174953e-7,0.09093331438487398,9.426234828589953e-12,5.820188753383989e-23,2.4542148501641993e-71,1.0642845205357152e-7,2.717733209864067e-68,3.8279608435371225e-54,2.2242906555280887e-68,4.399911571751531e-65,0.00015460577539358564,2.532661109393751e-71,1.9468873659416402e-128,0.02422997180581756,1.740577202798546e-45,7.584220993139393e-7,1.6153698280367155e-43,1.7808608571495162e-53,7.126200248225172e-27,3.924170188192106e-9,1.3222700280749147e-49,1.0764261387027835e-8,6.671880468958452e-60,6.821016206058922e-112,1.354005378784387e-80,1.757596162231458e-169,2.167480169769119e-6,2.66271366185196e-103,2.756387617096909e-51,1.7581746103805256e-29,0.06582572204337607,5.620394289503167e-39,4.7122286418128046e-79,0.021731516290700956,0.09773494588943628,1.1842501860195898e-39,7.51651988797056e-92,7.474123836756521e-16
7.437132401174204e-21,1.584878212862178e-17,1.409113455193182e-9,0.0014003483645492185,4.193027486200928e-14,1.602066579589699e-54,5.8302547543766375e-33,2.34267333121465e-105,2.5510852251612505e-199,3.975024047872425e-19,0.014732497189071577,2.1091833536427015e-52,0.006608909022140854,3.937040599765855e-45,1.0640315901128236e-40,3.647960828294167e-26,1.6252715395983838e-15,1.2220184986864158e-189,4.593034520129577e-178,4.2322691342538277e-5,5.209075242784518e-11,1.001718345031005e-5,0.0016385761219932808,3.9503113361333016e-11,1.784639092624194e-7,1.0670503838620172e-31,3.317524854665558e-13,4.520894378150378e-28,4.105124230916388e-6,0.001607852383563199,0.0018401297079983535,0.006788084795189728,0.003316019270681161,3.557934364674784e-11,1.0559911287047393e-20,1.2938616254399867e-32,6.174742260079824e-54,1.120399992917584e-10,1.0825298689561544e-60,2.5291357071498113e-111,2.334292806345984e-8,4.051825489100256e-20,0.00010805395181497737,2.4930787722000536e-33,2.765331817051396e-16,0.07252703158389627,4.629188709283773e-28,7.997704757141379e-29,1.220726529612339e-24,3.66901546980137e-59,2.6420315285212464e-16,2.0681919290069256e-14,9.712947010509685e-33,4.363649763639932e-78,0.005381326436124081,1.1584661293440133e-13,1.7541935212006686e-6,0.2750471376576273,0.004377588693964272,6.096427130172658e-13,2.428001982661335e-43,0.46621894555337307,2.619590925317826e-16,6.629138661862691e-30,0.003922092071534753,0.007343397517919144,1.621895955813247e-14,0.0024312710431488665,1.2843680327386126e-21,3.868473776377637e-20,7.538880140280698e-71,2.257118446912344e-18,0.0018857850572857146,1.6887458187839724e-49,3.907682430439044e-64,2.067454794967449e-14,3.162011039680912e-35,4.3041087258162243e-11,2.6991779350640947e-60,0.029068379374387495,0.018543149418041287,0.00790226673111062,5.132495519480283e-21,3.4150328121326577e-7,7.258082393807607e-7,3.1731812052867355e-30,6.33017609456563e-33,8.435006033008039e-102,1.292918725835049e-16,1.5915747128297212e-25,1.483844616514173e-73,7.623363075995778e-32,1.0258438140091711e-16,2.373052228720211e-19,7.972179976511098e-35,4.018033565824269e-10,0.0025152258261845937,0.06473646182316643,1.1960240077528001e-154,2.803957528101578e-16
4.9621828692574745e-71,1.776729032528259e-151,4.659139278311598e-15,0.00015182276201553923,6.343707053642496e-78,1.2453263629572844e-27,1.9183541381529306e-8,1.560009667898087e-140,0.0,3.960825891812491e-42,8.21631567527236e-27,7.150202000470949e-28,1.4569919233787025e-49,5.703087056473744e-9,7.736492907971705e-60,1.551872741272551e-138,0.000713170668220887,1.5229160753047218e-280,4.709989054479539e-251,1.206826878472511e-7,0.000531978809235381,0.0003813417854344516,7.193983134350844e-19,8.572400295978568e-100,0.1712417009457731,2.4754465993707662e-79,0.012030542447259372,2.1873712423049804e-154,2.7361120652024493e-136,3.508936926479927e-232,4.6340446526799745e-29,8.090185990329618e-57,8.019163202819895e-31,3.344442489537117e-23,1.3351190796083744e-6,2.813784820182765e-65,0.00014515334190065197,5.361217518350402e-52,2.281133006243125e-25,3.0835213530168594e-202,2.9212396821845945e-13,6.408938216702622e-6,3.164181695487628e-7,1.8074607679424848e-7,4.991784791208873e-37,1.5471777116516948e-44,4.999539749054071e-65,1.5131692845117667e-12,9.598006740994963e-57,4.309138938879414e-31,2.5010886725655455e-187,2.644715973192599e-94,4.0262863508102714e-97,1.1528153463843736e-182,7.902090368220179e-7,5.747822337306559e-224,2.5731606659131444e-6,2.9040693930140056e-37,2.2314471315078905e-24,8.295877119663915e-177,6.172830777739437e-86,1.6506585549673506e-37,0.0007905320740071816,3.1222770340087114e-6,2.561442844011501e-67,6.577795969662717e-9,1.3933316928498246e-36,6.181807024733332e-18,6.025785687952488e-41,8.10007808794499e-61,2.239888995635429e-42,7.346046764715352e-114,0.8050290156473188,4.349221349446553e-189,1.9153905750837112e-7,0.0030525015225156852,4.2618913647520974e-185,9.334010243102986e-5,5.167110198735722e-167,3.4313889494342787e-37,4.877532161110222e-23,1.871547786224086e-79,3.811425951920283e-128,4.544966326553554e-25,8.347281669191723e-56,3.0697207810920466e-113,3.153158131538837e-116,2.5042150976725184e-9,0.005542948551924421,5.513986745400743e-180,2.9431267712862463e-58,1.9152584843746948e-26,8.810671338713743e-6,4.3323070740800365e-69,1.2251905171001426e-128,8.14016807960202e-24,0.00027206761013277554,3.731186496485896e-26,1.684168035698205e-213,1.7956621984813114e-14
1.78293040007718e-133,1.7361248934681068e-75,6.951877609925714e-8,0.002253624347563422,1.708830031130529e-118,3.7055364490192803e-37,3.6414393574812174e-60,4.81858926200343e-283,2.877048617e-315,8.838266275661364e-77,5.53311341052926e-25,6.290032961809845e-38,1.2439577372965102e-49,1.0352907434896065e-107,2.2238315246271487e-48,3.911941978637163e-130,0.0001843052969630067,3.437877477937334e-276,4.8682207506238415e-207,8.5916862198433e-6,7.704442025134531e-20,4.267724239403523e-8,4.973391979326948e-5,2.8961411447435983e-119,2.0714489378317033e-9,1.4542144205544399e-120,5.140939935052138e-7,2.0905391771183717e-210,0.0007194219919444165,2.900529097906493e-79,5.33174239852924e-30,2.4972105188187577e-9,5.494446848932816e-41,0.0005347175614714406,3.2334504418263334e-7,0.0006350981438838564,2.3386678304683552e-25,3.056445012269725e-69,9.287778325818672e-48,6.230096616759875e-228,2.380101612508851e-7,2.9562309299581833e-25,9.940660079646531e-10,2.6560652032843316e-8,0.003970311911919199,1.1057883996569358e-50,1.5741323655786188e-23,6.710089484088969e-27,5.794209185963075e-25,6.229389204818296e-55,2.5834736821540347e-217,1.5670460168182015e-107,5.320252769003919e-130,5.702108485164674e-236,0.002879864706959064,1.5437107260444736e-160,3.3394266900219517e-19,2.8823685083565112e-37,2.264325217340454e-9,1.3719751965074893e-210,3.9779716549531457e-53,1.7043947609522325e-27,3.669541486898648e-12,0.971755050834502,7.357070797376379e-100,2.3033155276199512e-8,1.543398636401711e-52,0.0018259366224019585,4.6619573144073724e-55,0.0029176610789500936,7.469066932854049e-109,4.661392038405438e-59,1.293040913532569e-7,2.2803304005694134e-272,4.721839152584183e-88,2.987827456372252e-5,7.187175542354396e-161,0.005592866257680156,0.0014424574701329285,3.0046892684183465e-34,1.9165435403961766e-20,1.2645734979167838e-46,2.6983568044862927e-99,7.851273883104819e-14,1.8821791037059556e-95,0.0005223737992924552,1.2515711960676136e-107,2.501565610856143e-58,1.118639796450257e-11,0.0007302347632763703,8.026272591569656e-93,0.0013259899348146572,9.190892991114949e-8,5.908926304408124e-106,1.9268185672063645e-237,2.3884727751168517e-6,9.350134989734496e-7,0.0026170915972703887,1.3175796393492546e-153,2.0092707038973488e-11
8.583426099457655e-64,9.911876685174121e-25,1.6702126771981093e-80,1.0075177682073102e-85,1.1805696929696036e-18,2.7452554297301784e-76,2.051352412938592e-45,0.14935279407853327,8.327308918724277e-117,3.7729009913657205e-7,6.635432794205462e-19,1.9576919497572548e-95,4.5642288150789456e-18,2.3207708163924645e-117,1.0383744347960742e-55,0.01901184573300514,1.3948136392342122e-83,5.020309426301222e-21,2.719114416717586e-100,3.032551482144166e-23,3.1765115780010926e-90,2.3576587339698164e-129,4.984742961272863e-96,9.588748935581804e-20,4.3506099163562053e-131,1.1835964583509057e-87,6.484369126286727e-97,3.753123846747346e-48,2.1421374351294728e-88,1.4928595645949199e-21,1.8549655778901325e-13,0.060012773329019074,8.244178877663425e-52,1.9469703853875612e-16,5.363446712944694e-71,1.7500518241638364e-44,1.292124509447408e-110,5.3767827944318395e-33,2.1734657817800396e-60,4.773804495516708e-14,7.117744790996359e-86,5.658436498559127e-53,1.3645245214725937e-27,1.1273379142291344e-36,3.842546313045995e-42,6.574707212753663e-15,6.465046412305414e-13,1.735212137883349e-55,3.002405938956458e-6,3.104066953363793e-76,1.817639124289749e-20,2.510095542259827e-18,1.699697224424009e-5,5.5356460203640405e-27,5.244517048888935e-66,5.180171927137271e-8,8.167751776471912e-20,3.44887016698841e-24,2.77227143984448e-89,2.1680270155024364e-22,9.353948356756673e-65,9.227521079858395e-11,4.251451065428295e-55,1.301757813715334e-65,0.000448206747850766,1.1716612881690882e-12,1.478929839543843e-38,2.132477602153572e-109,2.349734531769349e-6,9.002539252452008e-13,4.953151638829187e-70,1.4607636052057774e-14,1.0846040998971199e-131,2.012861463324428e-7,2.401355210350794e-109,3.8049200110775624e-95,0.7094345680635585,1.6044796555571763e-18,1.3945490277771342e-22,1.0691662988005018e-14,6.051671472348162e-6,5.1108423363519246e-33,0.028057488072284927,3.3724838116821295e-67,0.03365328995126513,2.3577511276443186e-68,1.7690081110125963e-114,7.475833013328968e-76,1.093288123061594e-54,1.624828747234253e-33,7.574494836762511e-65,9.290670685282411e-79,1.6911408657763318e-95,8.675951458722089e-35,2.7670658675173543e-9,2.809599787669131e-98,4.1671136283143545e-68,1.8011261703159763e-38,1.4568654433676905e-25,6.379462006322227e-15
7.022878658471081e-60,2.6077320990965427e-5,7.105968438663178e-23,6.872244359422642e-74,2.22981695509347e-10,4.562604068764685e-63,2.448243701120065e-47,5.341883829236671e-27,2.966538812512823e-117,2.701933680872961e-7,2.1853748187060623e-9,3.9475206102633113e-57,0.0012589225295633834,2.003493135842827e-62,7.098722057966135e-44,1.5309042457875054e-7,2.7821874069184266e-10,1.822475487469323e-85,0.0031447114230599375,0.00019796416565446315,1.526551196980797e-11,2.6681538657043445e-24,4.8773879554793307e-17,0.00031333386345808894,1.2708736978540628e-36,0.0015505865199740708,9.746045863132208e-11,1.0068637015257877e-18,6.032743270191679e-7,0.0063931247086252444,0.014845882755547934,4.3010851510959926e-9,1.3897971500600456e-19,0.000118755232268934,0.0041014912498631186,0.0008407623223652949,8.675629671234396e-88,2.0345814904078475e-16,1.2617718299647219e-55,6.951335431868147e-43,1.2759123948047066e-22,0.0030634287574540747,0.00015251951867547737,2.33878752875119e-47,8.398106371512252e-25,1.2354100958970017e-7,0.0004400688420003194,2.3063141697775032e-43,0.00030529019880169386,9.691664184111243e-63,0.0015942346058616455,0.014324305195636189,4.532591111644716e-7,5.3866468438673226e-45,1.0270111848658783e-15,4.144318969133947e-14,0.007092603442669357,8.688752969750063e-5,3.007334798982132e-23,4.234740637532789e-38,1.105090382378698e-105,0.009266121912755552,2.8404539264562763e-36,1.0747374654251553e-16,3.560836318172737e-14,0.8424327492259465,4.79473759683221e-12,2.6372872148689862e-18,5.14758804515362e-16,1.1924935754851203e-5,8.040980284664036e-54,0.020254590467913846,3.946461297917025e-41,0.002808024788316456,1.6538124442561725e-79,2.322478374570174e-10,0.0003964661606726881,1.4925425900698502e-6,1.2706411834581853e-29,0.036085157006338804,0.005866749473027887,1.8255768618224131e-10,3.8127425942042646e-18,9.759563906958616e-29,0.003056462039002692,0.0034102331176450807,2.798846636154379e-72,1.5228276018352026e-131,1.7323336668525284e-39,7.84169291428398e-19,1.5218530441475282e-98,2.7755284420587223e-32,5.79751103886939e-26,4.6861273308554995e-32,1.8257601765035223e-7,1.528593940011126e-10,5.422477930940923e-22,0.01655728454068468,5.878859271301771e-84,6.3232251563472966e-24
1.2838270363105755e-54,1.1211172944960635e-103,2.457707092772591e-91,1.5338159444465932e-117,3.412259973765555e-32,1.0462645752805254e-138,4.910233668115622e-84,6.727041191273616e-24,3.9392727211875746e-92,0.33199515769643984,0.012936711114881361,9.972591423486246e-166,4.744031194541917e-37,1.3756840406290618e-8,2.3011343523775996e-28,1.3654296387667512e-54,1.7011720973549032e-196,0.017571865180471245,5.734746666482481e-78,1.475224421838371e-84,3.0111663954563884e-143,7.224965435216847e-269,3.37759983748937e-85,2.6529054950191846e-111,4.907957876510669e-299,6.186288906358413e-9,2.9803742347364506e-247,0.01439293180773327,1.2621879206717656e-67,0.006590246697441738,4.561099177733611e-13,9.009225768326549e-41,2.309271309405852e-79,2.1393454445364303e-74,1.2868169242421457e-165,0.08660743868259474,1.986095912819902e-81,3.5016748707809033e-56,5.242213159922152e-124,1.0492035554198106e-61,4.4185775864357875e-96,8.13371503543261e-62,2.170309440089424e-64,8.297568684212607e-182,0.047066834801924,0.29567998995985534,3.3047032413101386e-53,3.0500293817313078e-149,3.04476718716096e-59,2.7023840875323347e-76,4.941952506081021e-37,5.331726746895839e-81,2.5451984250223058e-36,2.4283606961577662e-51,2.238475387909225e-235,1.3954410691749712e-26,0.041279649464389834,0.03168456888569034,1.7889481603592344e-90,5.608655112047398e-47,6.172123649001534e-64,1.1006393244041486e-5,4.006242878536203e-161,2.0021074066677895e-194,1.7084498695622037e-88,5.684381611653322e-26,9.208825981414908e-34,2.44384690222198e-86,3.8349587903441365e-32,2.9102584173171354e-72,3.1997585187481665e-94,1.3285677316129454e-60,2.137096662374e-312,3.104126132232836e-85,1.822973436015926e-148,4.7077847802438456e-200,5.705192590903842e-34,8.454091786691656e-27,1.5676051312959826e-44,1.0584083471179724e-50,1.7006073121452428e-7,1.6748375342261026e-29,1.5807185780926498e-55,6.100968269296665e-103,0.0778404827794185,1.0631202655112566e-23,5.492905790793667e-71,2.9125868904726204e-54,5.487501289222764e-179,0.014451191352125192,1.3098342946349496e-106,2.6831750485417932e-95,1.1786444221394176e-180,3.0353500057386225e-23,6.946947487567064e-19,1.1948832933019047e-151,1.9037783081726131e-174,7.19781503647525e-43,0.021891735179474073,5.349360564655914e-150
2.104064337016578e-72,7.783330929072214e-177,4.247202518022182e-11,0.005260368090851314,4.1731749024207345e-116,4.498502278413616e-25,2.141146111719589e-12,2.898720152839131e-143,0.0,1.0314119768070098e-40,7.199161198827475e-23,3.457219712097868e-32,5.7179385068285826e-61,0.0018429045149180878,5.206069667522144e-45,8.309890138928066e-60,0.0001589775075354322,1.1623185587586493e-271,3.1819974542314945e-253,7.749382464107785e-8,1.3520437162390159e-8,1.8264550704330315e-7,1.5439289330705983e-16,5.9041551071252966e-111,1.8848578507738363e-5,4.9577432513196e-63,1.6502221277051036e-5,6.512920428120558e-160,7.7270712596537135e-118,2.0268961543377047e-157,4.061606116564352e-30,3.479405392372863e-64,3.075088721039884e-11,4.8772188213081265e-18,1.9564341232571992e-5,4.825955099153551e-68,0.009638642365407082,4.50359640676407e-45,7.313250358994214e-24,5.771306851675193e-162,2.5117222414013453e-11,1.635089844395358e-8,2.9519088292163915e-13,9.600967395498741e-5,4.411144036363117e-37,1.7938004017504334e-46,7.584182715708145e-67,1.2792055477832141e-14,1.6623266088759305e-61,1.5213835766506024e-25,1.9759980785200065e-206,3.103869680782867e-67,5.654580557680701e-84,3.208558089117094e-187,2.9742754888578032e-8,2.6103261389506727e-215,6.229870259892872e-5,1.598983719731079e-39,3.0333465189048424e-24,1.0797413820572493e-163,7.670088729492236e-71,3.347283281482776e-35,0.09190826212109998,1.1052044073491313e-12,3.065067938335751e-95,3.0279336667728995e-11,1.1139584701566796e-41,1.380657059906225e-16,1.3583541722245133e-31,4.796444283934711e-58,1.086641465938452e-25,9.481856168325286e-111,5.0623493191940515e-6,3.6578351881997225e-190,7.399710135745414e-12,1.2034184909211048e-5,1.285700863076561e-153,8.696647112265012e-11,1.5223725987288314e-153,7.60026929775287e-29,3.7054671769353785e-27,2.703068893623664e-78,3.1911645566931475e-119,5.9615196018778145e-27,1.8302426235504646e-47,5.621258962728216e-116,6.3153154240065795e-93,1.2769621452683663e-14,0.890958377342204,8.894181445237115e-162,2.6651643431637373e-41,3.0309161683441006e-21,1.2497743459827831e-8,4.088437129353563e-77,1.9137791123635064e-124,4.267567198044964e-22,1.8155181020475864e-6,2.3880732687551325e-27,4.567031237510747e-214,1.0363655155893368e-11
2.9923539074102625e-37,1.3499480058255475e-17,3.1647463442914277e-119,1.0528435019782282e-57,3.976315803654814e-40,1.1924413943696816e-65,9.261613674659373e-84,9.781229867253619e-30,7.53204725612353e-140,2.7451196973648698e-22,1.1212006523018045e-59,2.7116689684356896e-47,8.45037757498346e-67,6.5324741814799285e-56,2.63859750519031e-23,3.605454581972739e-20,5.4013374714588315e-107,7.464213628932131e-73,1.9600601511595687e-64,2.0078352766397603e-47,7.371847984445988e-58,4.673312473859535e-16,1.911307933768284e-117,5.806864031702547e-22,5.878218670489366e-6,4.3286766315913715e-63,2.7804577961364474e-24,9.203859392160775e-114,0.12360976717577919,9.931496631623026e-52,4.923583853456515e-33,4.3889820719660495e-67,9.645689026481591e-33,8.144426482563574e-62,2.3304733493865148e-39,3.5528800268991325e-22,3.770597587804249e-74,3.0289285242680536e-68,1.302576567374858e-111,4.3757869545741695e-25,1.7704199895191396e-103,1.3772655475236852e-80,5.931541859956757e-29,1.100899239537863e-65,0.05853123758977733,1.3634453386684041e-14,4.575518918237342e-19,4.743021464244037e-81,0.05704646487398554,2.090739873078199e-93,2.233061180358227e-29,2.974787450373708e-30,1.703552028781489e-39,3.072974146227168e-26,2.332527249186604e-39,1.3308611914329477e-38,3.11332747468945e-19,0.022494481354556187,6.830982416098852e-120,1.2532637623425826e-27,2.8156802008283917e-47,1.7562225561620575e-5,1.7060936618375198e-105,1.116089962406406e-61,7.286498288807402e-16,7.761176508431001e-15,0.11772802320387259,1.1463490529420813e-116,1.861834633065735e-34,2.0227192219834323e-11,1.847433864821349e-67,2.5617222768102066e-14,0.04287678647305585,4.385055181134585e-29,5.704679608745649e-121,5.073213728673571e-80,5.9455269857561015e-31,2.0155601104453103e-14,5.458550991810071e-59,0.3366771848090308,1.7793460521691837e-7,1.9286671714337996e-71,2.864722725774044e-66,3.553020740778649e-101,0.17834931591276976,2.326768175762105e-55,4.474902628241145e-110,0.06199336260281842,1.07942396145369e-109,4.381672267887127e-68,1.2667255301680242e-17,1.711678400865397e-33,0.000669757605221427,2.7794354352972457e-59,2.89424625272404e-20,2.8654872273407833e-65,2.170286971725383e-23,1.0559282591151988e-41,1.0910331859983905e-89,4.0029160344325848e-78
4.74412556015729e-140,8.902405965145791e-15,4.0484253418005197e-50,2.294184513620965e-118,8.501157032807704e-33,1.7785356095435917e-98,6.637039615746826e-74,2.5516304282851724e-25,8.184333983843102e-185,5.009699301016959e-36,1.9211131525616303e-25,6.237493441301925e-91,3.7054982724698237e-22,2.8405557923527274e-172,2.1744850819214667e-43,1.6348076503034407e-28,1.0795023300268355e-68,3.0514964070820583e-159,0.003120978228996176,0.005793556862146627,1.1865474519062685e-24,2.209598574843303e-53,1.9470560856307852e-40,0.0014594132295415387,4.945766215389393e-84,1.7836473376479534e-50,3.853000822024315e-41,3.869461042251497e-100,2.090010212106675e-40,2.3021480972016107e-10,1.0344770115308205e-18,0.008427739152940136,1.7298674974890815e-48,2.6338728739608992e-9,7.969997944672138e-27,1.0228136997080994e-63,3.004489657404919e-135,4.24867573775144e-46,3.6545007191603244e-91,3.07302843155545e-88,2.952272663086547e-48,2.711275391146968e-38,1.4888186087790751e-21,3.854104832736788e-79,1.3660773168844193e-54,2.72856675911985e-5,0.06097156426917732,4.823276032974722e-51,0.7686608665013767,1.2090742638164134e-89,0.002489369610505272,4.855617739962461e-10,7.78166008832375e-9,7.225636978188237e-54,3.4432504537370065e-35,7.357647401907516e-12,5.4525471368311295e-15,6.2584425954501815e-12,2.21733320273926e-50,1.7808361977629618e-97,1.014579228815141e-126,0.010057192763031901,9.574004248880836e-99,0.012971389975404514,1.861516775998853e-22,3.265093630558318e-5,3.064568440240923e-77,1.7048789279319532e-40,2.8460391156364803e-56,0.04892009509175051,3.944314676302857e-58,0.019796563685841748,4.938962373127433e-99,0.0034465183404368844,3.315099127634963e-148,2.4762043130782005e-55,0.007379032602607318,0.00020250166173614223,0.0034428202404267294,1.1530742314842032e-10,0.03524095322730269,4.64723627147947e-30,4.291058725632085e-34,2.3785318005202808e-61,0.007226066828109123,3.3159830139529286e-77,1.0363124457070225e-105,2.2421308455290806e-72,2.4183674347601892e-107,1.7868116419404908e-103,1.4968786549130674e-107,7.67291635310591e-92,8.828618376598466e-53,3.4187575487197713e-45,7.609494973410525e-33,2.1103299849748726e-20,1.83639222464676e-53,0.00033342986452462094,1.389671292377868e-149,1.556601873940938e-41
1.906839614905045e-88,5.899034944143437e-99,5.2137233741248225e-9,1.5932377331577389e-223,4.6536160455789244e-163,0.1309627720884664,2.488561537618237e-146,0.030285413869430657,6.323504608018483e-200,5.240592035905758e-88,3.905747162913925e-86,3.9611736930238223e-26,2.3948498665001118e-122,0.07092585399338197,1.68143232190447e-109,2.6566181932046642e-61,2.2131373418868254e-51,4.5318882656279364e-195,5.320967162097824e-139,2.939638470317868e-24,0.060983707788296676,5.07267601683796e-76,0.0004113779027429349,2.982890468263059e-118,1.077015964001114e-76,3.457554770931989e-64,5.351614961156454e-23,9.63433452565408e-54,3.6727263366166473e-180,4.227986284204305e-139,1.4926044105519456e-91,2.9767511068423326e-85,8.213582175148972e-83,1.5875825873672632e-32,3.7558277177201146e-29,3.576035255271374e-130,3.8198355577303187e-147,2.4962923703124713e-33,1.5868186426617259e-38,1.6015087682092755e-92,6.718579827652906e-9,0.032410271482174964,1.8017999847607682e-97,5.338398552178518e-23,2.522638300448261e-82,2.6436289771783103e-46,5.592219825893611e-95,2.3721726061290016e-61,4.6599666473583024e-147,1.5072960438826696e-50,1.2393275630901614e-139,1.9093935291421568e-84,1.192764073137805e-103,2.678572752369634e-160,0.11870306022029861,2.1011652560634546e-125,4.317064645956017e-96,0.05060240854087389,1.2999756505615207e-12,3.133429118477885e-104,6.396086375764051e-22,3.973317300879554e-25,8.182906714044679e-29,1.1078223773077376e-63,9.510955650707149e-44,1.0355829496926032e-93,9.432966040703496e-119,0.02955523798518843,8.718119190225664e-101,1.3436175120589408e-173,0.11423927130049966,8.501693050577733e-126,9.144806083576589e-90,0.059904857252309825,7.900445521725715e-124,1.0794953003033859e-13,6.014580836493962e-138,1.9152223037393962e-94,1.658551719572044e-71,4.726824160760694e-156,1.8943503258139823e-60,6.456022745464943e-78,9.671313027532901e-149,9.191594773326916e-29,1.782037122113324e-145,1.5803775981750116e-128,0.06196451324166209,8.5035297775093e-194,3.907093537415471e-37,9.942401163904811e-162,0.23905124239776065,3.1601428538821076e-39,3.3982637223925796e-35,4.66558639516406e-146,1.0502778148469795e-104,3.2020559042186416e-12,1.143890419874104e-53,3.376146062885391e-60,5.954706862899845e-137,3.574030838021415e-18
1.1378884525433603e-70,0.010853245482585176,9.92551528571653e-59,1.8806163707285966e-90,0.013344645572780962,1.6890261306322473e-70,4.611377506483147e-69,2.2933064638121076e-21,3.164651388133981e-166,1.7545857714705655e-33,3.89369454631743e-34,9.272609064422733e-106,0.00018159439483466505,1.7920132510876605e-86,4.340481593032006e-76,9.165187932334731e-21,3.685249800603575e-91,3.9289110081400304e-51,2.89074423864905e-132,3.293038070922925e-22,1.4123714559255886e-41,5.434454022124926e-66,1.3581056421897002e-51,0.0006009634032665482,5.1535192371802967e-70,7.858270228096205e-46,5.727112889333475e-55,2.6394500346450969e-110,3.671593370341225e-49,2.2336247232511155e-29,2.0993810739287362e-17,2.95121254378167e-54,1.3174151608707542e-25,7.545667197701937e-7,6.478510521342467e-44,2.6983718836020896e-53,2.0471970581307084e-111,0.011604937967832376,3.938219278276035e-105,1.4787109610271173e-67,6.3108190986616e-46,7.930299419447876e-18,1.38644579062314e-15,4.222149491850588e-90,1.0920190468516427e-46,0.0034698383367542927,0.028037382033834112,2.3589704514793993e-48,0.01015328073510871,6.899286932670731e-63,1.1135000995554063e-15,0.09689517310899134,0.0001019026088987427,2.111922814204865e-36,5.661093839453645e-19,0.018396155770930754,3.031999728980571e-17,1.57296541212178e-32,1.486024825363948e-50,1.632261986715703e-11,1.3100916605804438e-27,1.383947939817632e-7,5.693851241618492e-74,0.001871283844773722,0.03083445568083792,0.011959012971181737,3.454475489142952e-24,1.9782174522269355e-52,3.0687330093331225e-44,1.1630746812740764e-6,8.301209740852923e-73,0.23120504983888887,4.820354166917666e-70,0.016182304760694485,5.179850719012116e-97,2.320044491459222e-98,0.0002601704124650964,3.380785264409953e-19,0.01652606482479646,5.640122815298708e-6,0.0029505739698712325,7.0188917088339e-15,0.004871080011742369,2.3260920307765924e-51,0.4821641014736819,1.2293907475510336e-75,6.479611023219548e-84,1.2161705924444813e-104,5.2375164602397834e-80,9.279462219733781e-58,1.2986087284449575e-71,7.192243399638766e-92,2.3446476566831752e-57,3.872773175982093e-19,7.114794627579706e-18,1.0539119798686079e-63,3.1087266239386536e-26,0.00752908661990602,4.4190678829886e-47,2.6907388883203407e-69
6.24920250590859e-115,2.0015884101426785e-168,6.887214862845647e-7,0.0030750395944847747,1.4847685291983036e-125,1.2951153580211862e-27,6.9423603981412255e-28,1.2777451954480097e-259,2.0684718789871714e-237,3.766397823894271e-57,1.5626392741026898e-36,3.989128456459491e-17,1.3496878047238049e-36,0.00041690238366533613,1.097286189006825e-64,3.697630149464873e-113,1.4641211588417908e-34,1.153073143339591e-306,5.498654310214722e-186,4.283412649543964e-8,0.0004950049292591562,2.8773389295182597e-10,5.53376256130024e-6,1.4996256500969344e-138,8.616857392794536e-13,1.8012714061076424e-70,2.5027292895849916e-7,3.1336973085297493e-209,0.00041564091945951644,1.967252070877397e-169,2.3098774539259694e-25,0.0010769588963955533,0.0006211372291418324,0.001760908791783702,6.28483895304186e-13,3.362891319232798e-81,0.004269680498054757,7.958894052210694e-33,2.103931221599709e-26,1.6115033194392147e-84,3.9759105956203974e-7,1.4645129592929203e-13,8.044748606612981e-65,1.3899509573454926e-25,0.0004749295178860692,1.584124356851647e-28,6.004604429889438e-115,0.001259957160202434,1.0489082236264334e-110,0.0009855787075656742,4.192261456757287e-109,1.341628673945548e-148,8.87778289958078e-135,2.0600505518315932e-222,2.4449232980978345e-11,1.0849571225167902e-26,5.947308622302571e-21,1.0564104316603316e-8,0.9613480018062331,1.1914300591479457e-80,0.0002807779742546654,5.043991766400589e-5,1.7698566413175613e-8,2.0612804080590795e-18,6.717100369958773e-180,6.937425723274161e-41,6.129414363668192e-134,0.00224683526000151,3.194714000679708e-107,9.270309593418197e-97,1.1062649421371797e-33,7.698484002380828e-111,1.3191904289897834e-14,8.386388556694477e-178,8.92359096296133e-6,1.3090852241318841e-25,9.433150534969011e-87,5.19865137114186e-5,1.0707830963532641e-188,4.215708511946501e-58,3.3001695963586376e-17,5.070889527928532e-38,7.072796901411786e-75,0.01923386930234417,5.165949815553159e-73,4.893786574913448e-132,2.830308711153596e-88,2.1207607613918667e-278,8.105272941088148e-14,1.401114195588857e-109,3.697083989034464e-12,7.279327864767835e-30,2.0324327883569643e-8,4.0360080114847686e-39,4.7989440122825434e-136,4.169019814126609e-6,0.0019041845467417896,5.01230469587939e-68,0.0,1.2111353601085991e-5
2.751352087298519e-17,0.0028364827782474187,1.7420253843962203e-49,6.851671645728665e-15,0.006297207125119086,6.010064473641309e-187,5.725694761733408e-76,0.0179257380439621,4.667591880296654e-26,6.19805906903337e-35,1.273585109116435e-59,4.553573151412001e-143,1.9001356933658766e-17,1.964873534702039e-71,4.777755615991483e-58,4.758607189861357e-5,1.320896874475426e-154,1.0310411862959918e-22,0.004738792393049814,3.272651751381428e-67,5.929608262906469e-99,5.108742936863083e-109,3.88049134499361e-39,7.166411868517355e-7,6.054546702357746e-99,1.4090602624211543e-120,9.905945980151863e-116,2.791100175215069e-68,1.5464582659942658e-110,1.816675638157959e-24,1.8760581925929136e-63,7.192389418937479e-79,1.369526719006066e-17,8.541264769533736e-90,1.0471490878682979e-115,5.554215247537192e-38,1.1906132441010186e-39,0.005617213039127512,3.69972382499389e-113,8.581804868460676e-59,2.938396568243696e-41,8.39835714764276e-159,3.59190925249689e-11,7.922839305332346e-130,1.2616274864820808e-57,3.177936999487431e-77,0.0029742900439550975,2.214907311294067e-87,1.5729704726359536e-30,1.4768074877894517e-69,0.18930002135026203,6.740254235277536e-20,0.008752407139793156,0.052657153977812,1.5547474699383514e-30,2.2055734590043823e-10,5.623309155944754e-33,7.755500382739384e-100,2.0253322623135115e-52,0.5698248540339422,8.03796318714989e-46,1.03288045234329e-88,1.9275157844271544e-148,9.093432305157707e-227,1.3501872461311564e-31,2.4798128581233542e-25,3.1007887505060304e-53,1.8372592311841036e-37,3.445196166002043e-6,2.972812348611049e-26,1.0013326365277433e-60,0.007795251502036593,2.1716216791497668e-94,0.04495182349118293,1.2052819372365004e-89,4.949092064532951e-147,0.01178839436590657,4.180357827390149e-15,2.3406117459242446e-30,7.708751841267653e-10,2.5066384246873455e-13,5.434776549861436e-88,1.7088802072432234e-9,2.3322031485768316e-71,0.0022248109381355886,4.31517551225204e-37,3.5209841443627724e-82,1.6453336912565743e-37,4.303660107244277e-184,2.445442800503548e-43,2.107942949170403e-89,7.594038592803057e-78,1.691563072427872e-91,2.47637185281937e-5,0.06894904801473854,3.7367879821803106e-100,3.4359384619078855e-38,1.4256708141669074e-60,0.0032899973984561776,3.204905218343114e-116
3.1377859562694e-175,5.080328260926366e-114,9.656673411981739e-48,1.7212715368871826e-88,1.569949230265531e-75,0.034139008174795454,1.2791785507833971e-87,1.707864883549222e-103,2.30466342470892e-156,2.3115347804772737e-67,6.450266763182819e-89,0.18640221425756068,1.9824088810222162e-61,6.574326640418479e-162,5.447625692354128e-29,7.943493951403664e-111,9.992533362123731e-42,2.077295178491324e-86,3.040973569043186e-168,5.1996864798674546e-21,0.06052079031071586,6.499549506658581e-47,6.025252646842725e-49,6.904607634264722e-107,4.922769220776729e-93,5.326736603189658e-58,3.4975343850208254e-67,2.225622616695265e-136,7.563436164567779e-65,1.2754789290023335e-135,1.7919284524991487e-54,1.4871775088767306e-98,0.0188162529726652,1.4531310357922189e-24,6.095418584381119e-43,3.268539837890631e-110,1.2750873590408856e-32,7.912774481857943e-27,0.1962411250915668,1.0633000940279685e-125,2.835562901931499e-57,2.7026783485846567e-63,9.088544524482863e-39,2.0995747055103705e-53,5.316249992199353e-103,5.710771233591062e-32,6.618162831941236e-107,2.595332997000044e-39,2.4464237676696223e-85,0.05526131004901314,1.2685722106282748e-98,1.7724555845321366e-96,7.182383028665105e-122,2.965755923324322e-130,4.7229117080826585e-79,3.0849810505179655e-144,1.8962883845239016e-65,5.251152925930981e-54,4.92580415481488e-21,8.818039710108044e-140,3.90308278583124e-42,1.503275746098624e-63,1.0945009791821962e-90,1.6616548614729814e-89,1.8587128392182003e-71,2.856250718146299e-75,1.2176709223224288e-71,1.4090531336143298e-48,3.4543521586492856e-64,5.083990785991198e-79,0.17301820070125531,1.0284095285553993e-109,5.892075764866669e-119,6.168535140650211e-135,0.15973394414148698,2.191395086171379e-36,6.562197676067853e-100,1.5454602827949667e-74,3.3526682269111966e-60,7.678103848732837e-50,1.9376263540471303e-19,1.8047024937029192e-90,1.6163429840924312e-74,4.0362661310562206e-16,2.0822889481606733e-86,7.285916936077888e-102,1.4346896615641071e-66,6.747876008189047e-140,2.4406166751090873e-95,9.034839620068788e-37,1.433259232678416e-30,1.1604910591492644e-44,7.771584220095087e-39,4.756117330713188e-90,1.0172275025186985e-160,1.2854357727662125e-11,8.828670559470726e-71,1.8040968868817663e-47,1.7337943248703957e-157,0.11586715428808583
7.49264964912373e-150,9.327778582978128e-108,1.4769068077058583e-10,4.6774546888174854e-8,9.666259814187136e-75,1.2583884628755992e-26,2.1746656209317947e-25,3.582541761821376e-197,2.254347796645457e-243,1.2991142667199281e-54,9.468806624542312e-31,9.368061185496415e-17,8.528344609561342e-29,1.0217272280519749e-14,3.2452073893799328e-62,6.59998765217019e-142,1.1174279773673486e-24,6.12710563543448e-290,1.1782343761611909e-192,4.931010943767994e-9,0.03853182233716427,0.01183431567274434,4.616950615303065e-10,1.0704950684886173e-110,0.0007381524245787654,2.3856141664936347e-80,0.18735985200454386,1.5087184066422367e-196,1.5989726290452172e-14,1.880616488027754e-146,4.9774923704752144e-20,3.76168690031023e-22,0.008188128275030368,1.259289815870159e-5,4.45089702223068e-8,5.496079053317767e-85,3.135561771058177e-7,7.014471466847036e-32,3.4744512102408127e-37,2.528366092597812e-75,2.3048985096649223e-11,4.119238479962665e-15,2.738063338915266e-40,1.335765172087262e-21,1.4239416992011098e-44,1.2596676697527076e-32,2.8112136308700638e-90,1.1406122128561806e-5,1.027938380938754e-85,2.985226352603578e-11,3.3165725243910807e-66,1.4086508558405165e-96,6.418401969964041e-76,2.6660846611703904e-106,2.961684292020864e-12,2.8828753055164094e-30,1.3840004848638845e-12,0.0006188691773077929,0.0008407947345809033,2.1334856440594468e-61,5.065714339395552e-45,1.831330537021037e-8,5.028501600834089e-5,5.458580729427726e-10,1.4452167350725925e-71,9.448479267406567e-25,6.391585076370724e-94,1.1365864198305633e-8,2.4352112877144226e-81,2.021271118573135e-68,9.256300877979453e-22,7.072907017049169e-91,0.0011881575792554579,2.884123510773497e-156,3.053913607442871e-17,3.6360270857469744e-20,1.1891903119374056e-81,0.1266774567258304,2.220399298508608e-120,1.3108372560568955e-40,2.3268812340591784e-17,3.0612149634730176e-83,3.0737761171528287e-83,0.023711824021074725,7.126559939371292e-48,2.7056423191621382e-76,4.917552311938658e-82,5.991299110810102e-150,1.664991081842351e-7,2.4055551210763172e-92,8.150192115916144e-55,7.753829840902023e-23,0.4164334883424908,2.992607005024285e-38,2.817461800448681e-112,4.170985974207966e-6,0.18379669045746358,9.843576147348094e-39,8.579271234935139e-304,1.386064160704867e-6
6.460566042262497e-40,0.005590313891058927,5.050550133339244e-71,9.369055440217598e-103,7.458678344158857e-8,1.6654557261181547e-83,2.8834099196637276e-99,9.150183775936829e-16,3.968700969249293e-59,1.3414088216421003e-28,5.655049367845725e-6,1.2379649716185883e-115,1.6721723290676986e-6,8.826856305499435e-110,6.220458126808552e-28,0.0003161644699991339,0.013108788010969303,2.172962756998547e-117,0.016220029662789823,1.4742824169275513e-12,7.933064601717271e-49,1.397607016709604e-62,8.815155232050752e-83,0.07446533025904185,8.84651017927999e-71,4.866957979485713e-56,1.3708035702241482e-72,1.3902009610754695e-82,3.2171998888265033e-119,2.606290149527722e-10,6.3804798657026425e-27,9.323986511954051e-79,1.4273031888482672e-12,2.7137365670513374e-65,1.3260843076059065e-47,5.394078607359682e-54,1.1878464420028552e-112,3.5019732834615093e-19,7.314752791147699e-52,1.3423004216858115e-75,3.604191680612554e-57,9.66604251800059e-75,2.273443478847683e-36,7.178691697409358e-62,3.703166085029522e-30,8.351905134674964e-28,5.223198372876161e-26,3.180475539652265e-75,3.457924343391356e-14,5.120873465893592e-89,0.05598866565687299,0.06796808412223171,0.27629246926381384,2.6583902031280063e-16,1.554091393471514e-39,2.6500849357439324e-5,9.197427385981849e-18,0.0027757211882850352,2.900851473023672e-112,0.011725562255194966,1.2645896795826913e-36,8.228460456455658e-13,7.094863731953323e-15,2.9710416773495326e-45,2.449511076756672e-11,0.07181420750790536,1.1168685968053982e-72,3.7600546816715856e-88,3.5683676672212577e-56,5.735413725142036e-21,1.8964401798825863e-56,0.004213303597685557,4.806550334918305e-68,0.07336129721106927,2.5335325118450103e-92,1.4061534629167715e-15,0.22942307267890472,0.01485317478241788,0.0037920449610847856,0.020884345682434736,0.0036599233141471517,1.0250519186513739e-13,1.0100212199623783e-20,2.2128315419501062e-126,0.04534559454122137,2.8301661534834114e-38,7.084617057286568e-76,1.9328034870923906e-114,0.008121346175850629,5.111060635798473e-56,2.173781330756931e-61,4.0673186049035573e-41,2.30046006113354e-59,9.374497636379268e-19,4.6657820187867836e-5,6.333773651030637e-71,4.0856378614637085e-44,6.648768873708316e-18,3.363592356025909e-39,5.249123592544839e-72
5.266247288430028e-71,6.697518902483072e-9,5.072851585915499e-14,1.3245437753444949e-76,5.4935750576018e-13,5.673009578371038e-50,1.1550451737595924e-45,5.1069364259204386e-114,1.7112723458680757e-183,1.0567824456070971e-35,2.2236873479384388e-12,1.595213615166092e-60,3.4830257503408427e-35,6.99541896761382e-80,7.761827159018839e-90,4.287290936742906e-28,1.1289059715260635e-26,9.066377860025138e-228,2.969949959643198e-167,0.237106037196381,3.3954946865014375e-21,1.4054645296349524e-26,5.875387893285627e-16,1.8431007320299422e-39,5.675719661534742e-22,0.025815574966355104,3.504294514257048e-8,6.4633858869094e-80,3.2693454532112055e-44,4.731492967300702e-44,6.62523597136744e-14,1.972642897632071e-50,9.604516055529226e-25,3.238775076383185e-5,0.029750149695202194,1.6503829974586633e-72,9.953817075983662e-54,1.025222359234333e-18,9.134092315649565e-61,1.2385353025808824e-83,1.3794768195907929e-15,3.4182001738362883e-39,4.332062318576256e-48,7.56503945578788e-23,4.1350896000140456e-48,1.475414229088829e-16,7.477178576886526e-29,3.907339311395223e-39,2.993429237623756e-16,1.466040714587237e-90,2.515132117499494e-119,1.992883435736341e-9,3.941364699865873e-9,2.8782110411083572e-154,1.8633308756139135e-16,0.0029064607006906696,0.37391479522804966,7.760010498046884e-17,1.5339181163257174e-20,1.1780695239749014e-103,5.183651488663768e-100,6.995456718535111e-10,0.040807749444174014,0.010484412446671438,0.007457737309508619,0.008966969360186438,6.594992294548874e-43,1.7166914764256736e-14,3.1466639118242874e-62,0.02231979040580299,2.5696824905902187e-38,0.054599252764111504,1.4680938428567895e-21,3.026481629464466e-116,1.3822375758203455e-63,2.2581004416403563e-31,0.018024178160617473,0.0020272615849471895,1.9785865855774572e-61,1.8517753147097036e-10,0.15429934205324247,0.011474358430409847,2.62713673950467e-69,2.682842796171259e-26,2.5037340555945555e-50,1.1170727769475217e-131,2.985490777485209e-72,5.586239869723811e-150,1.190411805902416e-5,3.8876613729973607e-87,9.024980725298475e-77,1.7377967152460603e-49,3.8696386043194043e-13,5.9792835475979894e-58,1.0025636986592453e-54,1.6688617546310973e-11,2.7236503484674686e-8,1.5281192150178685e-26,5.923693284826901e-227,1.5625689022480383e-6
6.238620949745932e-36,0.09928386828172447,1.2292068265842942e-80,3.268342531411822e-104,3.994551369774056e-7,1.6876965305840344e-114,2.8739202980239345e-107,5.474230024013342e-14,5.038319187881913e-46,4.998028013583494e-47,2.6789212116504703e-61,9.137669532961154e-117,3.1789103846365225e-41,4.910063442652921e-80,3.0323144143645112e-61,7.672723081543487e-12,6.895828412184207e-96,3.0480863262710126e-17,0.02445148501441803,2.429539779747625e-70,1.0823918111491262e-50,6.848739377059367e-61,1.6737804180797745e-70,0.07931497663531216,2.4155694174677374e-57,2.5126617023735276e-48,2.4786641416845935e-61,1.988566510512163e-14,2.531494480594418e-77,2.6279489588659346e-16,4.8131155923751366e-27,3.672072245376549e-14,1.2127644080340633e-50,3.4932103413989613e-53,6.664513711043298e-67,7.787711222694916e-34,1.0179047722882363e-119,4.662295905529307e-28,2.2149543292567226e-134,6.293616628334133e-43,8.896933036400745e-67,6.792055469736547e-118,7.402766940499734e-45,7.313647553737091e-138,2.901891623921776e-46,1.25583748662046e-59,6.886765469906207e-61,2.3504737836609747e-70,3.6030786652786146e-52,1.1159372886565255e-114,2.105394435318119e-26,0.005424215321180746,2.8000819419144926e-8,1.9104870814264243e-5,6.743367720624103e-45,9.681108157276475e-7,8.071822576090026e-65,2.511492400837221e-87,1.5256764549473747e-66,1.614599198221e-17,2.6892997120979694e-45,3.85571844380941e-79,2.561487657625128e-182,2.1712251008680696e-53,1.0313479343953361e-9,1.4633067777571538e-39,1.6416988198708452e-37,2.4969867017770435e-66,1.2966996370182e-34,3.267063233916756e-46,4.882872370651739e-55,3.269665998525865e-17,3.698780202514728e-54,1.8667250968882924e-28,2.7551980237159185e-122,1.1900531851726916e-77,6.267244762078744e-8,5.50940552531287e-66,0.5256740915561777,2.753756232638442e-25,3.26655028891281e-59,9.646811499668522e-46,0.2523492208050607,1.0252466631411458e-69,0.013481578236956183,6.636214648181056e-79,8.95513391973312e-83,1.4110288967697818e-121,3.919442244866178e-183,7.376402536372931e-67,1.2997212472775956e-68,4.604696153578646e-87,6.575764297067556e-47,1.6202258241268648e-32,3.6128349883387905e-15,5.260586311413678e-74,7.127185515585055e-38,8.183814600283409e-37,5.1049340750412175e-28,2.4937522615826183e-99
1.902482056457149e-99,1.8620194683686186e-7,1.0520406907872908e-21,3.8068277489598126e-31,2.0661165273324413e-9,6.1193852324850355e-53,4.128703551873882e-67,3.416552034855655e-9,1.3973632645972234e-130,0.04230853183432341,5.113767141573566e-29,4.997819813102983e-69,1.186495412298675e-22,2.119688842924834e-112,6.515691687429993e-63,0.0027505150913700763,5.455322605506668e-35,2.210541719167278e-110,8.4187092229417785e-16,1.0117343286692755e-13,1.1894948382483889e-42,1.4142910885073828e-42,6.775336769573572e-18,6.4336675171942015e-6,9.054089622250306e-108,1.4563534941377041e-38,4.735226029327415e-55,2.4488607410278198e-82,0.012922199558549676,3.862484931030026e-16,7.270549952076639e-16,6.220592585839992e-16,8.712208649326481e-35,2.5028551851219396e-15,8.854123014076959e-25,1.558879105347594e-72,5.863095947662909e-97,8.940354498604203e-42,2.801885423264853e-55,1.5050216392508683e-51,1.735630763144149e-26,2.2515468916707988e-32,0.24456108929130566,3.09220487302807e-39,2.553601172570525e-38,0.06426596458870298,5.196183236875777e-8,5.87058506741351e-46,1.7235660316790079e-6,1.1217880811750497e-72,0.008668415335786358,0.10553399772056371,5.768568347424833e-6,1.2724582401393443e-24,1.7199389600888455e-31,0.08614365502627516,7.609922785210557e-15,4.5426944545590883e-13,1.0962111819558334e-27,4.839284614241264e-44,8.724562809315194e-69,2.1725006218188907e-8,0.000774376420551802,7.857798977146927e-32,1.0389673618452444e-6,0.16254992211205824,1.6561703135613906e-13,2.4516432716196427e-18,0.02752641587861439,1.4926433306181974e-23,1.4159692004816322e-51,3.846891616063206e-6,4.788467282108424e-118,0.031098673827146813,2.558909287061412e-114,3.8158444565331587e-66,0.12200714371107566,4.088561037197033e-9,7.84071506841563e-27,1.0332104840220237e-5,0.0378204198876581,0.022493829385986083,0.0003017915498913169,9.246135367114324e-40,2.667590447150284e-9,1.8406517855005498e-7,1.0268101692267866e-100,4.464154889013151e-75,5.673660669829211e-9,2.5831340090694412e-51,2.0729880542763073e-87,1.9949693637512733e-68,4.145687599301814e-70,2.5937899998459236e-44,5.686969451585344e-30,7.93006671368868e-29,8.326193512191487e-42,0.02824345314724766,9.499513595358818e-144,6.173116481806038e-32
7.426268541319942e-16,1.1118665547159504e-12,1.4572959812560573e-27,2.528611456967139e-44,2.038085098157712e-31,7.466802995071701e-65,2.80204174858166e-37,2.5163840097901997e-87,6.922402812112685e-173,1.0955535322192393e-17,0.1640137517074365,2.7954030352683224e-51,7.302466311268101e-17,8.272643724253234e-78,2.251930581563158e-52,3.942301475405611e-17,2.869105571659116e-21,1.331478974069772e-143,2.3525564166574682e-135,1.5843550987206528e-10,2.3699136498463176e-14,2.0414361944731583e-14,9.75813721819201e-26,2.1388254772930861e-35,2.686088298439944e-5,1.554342775630163e-30,0.00914485699003307,6.395202278026141e-53,4.2074534076251585e-30,0.0018155614360620073,3.9865149598664846e-8,0.0001086286069353168,0.0048173551824758284,1.938434708529583e-15,1.4459369301657769e-11,9.912092490365104e-28,6.83605772717658e-70,7.44835321770713e-14,3.1740904791096393e-60,6.307962391922905e-88,1.0917282391194959e-26,1.1151707471659065e-23,3.185254320046692e-6,1.2751794168245892e-29,2.7737924694112236e-42,0.0005403571265071271,1.9512085661680296e-10,1.2347161645275234e-39,5.412982047081241e-15,6.782195737234938e-63,2.130748974243695e-56,1.023450772718101e-12,1.445000896912003e-38,5.098239468650934e-105,1.0283649403757034e-11,0.0024445273530496136,0.5710040448045554,0.08050127349976038,2.5237926906873266e-31,7.045640496640252e-61,8.261602443760565e-87,0.09587970841251547,0.013462046455765573,1.3637351394693274e-20,1.0362991836603746e-26,1.2238163554086368e-5,0.008304312191538847,2.3403804357889082e-26,9.635549713976612e-5,7.079419065567709e-11,3.5632274257218103e-44,1.4916308272185588e-9,1.5366838460975423e-6,1.9573549280194704e-85,5.474532740665643e-90,7.274181556334228e-26,1.0684239986784864e-17,2.5504478996140336e-6,7.84600578841734e-67,0.003784237802385159,0.03310888661438674,1.1935781744168595e-10,1.5549077119889413e-31,1.1676884776724475e-36,0.0087077138085522,1.8055973521023783e-70,9.312634564241257e-52,6.159003414091614e-125,1.6197234275626735e-5,7.161934210845313e-66,3.54782771836652e-95,6.758074957441653e-47,0.0021835672807239298,7.874844404514736e-24,5.373520767579265e-84,1.8405401398848034e-16,3.237587170831378e-9,2.0201398210693087e-5,3.400650858846684e-160,5.032922687861302e-15
3.9363340555349393e-94,1.560680502978461e-23,7.372207647852919e-42,6.768705817897153e-54,9.051421600530508e-18,6.744159804421296e-60,2.2513757199491992e-57,2.404232564159102e-18,1.294880407408163e-66,1.465893523819967e-24,3.835564514447046e-29,1.7681339426808762e-51,1.6201665189823434e-19,1.7801540571240625e-110,1.444597027481151e-84,4.895945454504101e-29,6.3576371542567145e-71,4.1264465046909866e-124,2.033357645229743e-63,0.17696223586598023,4.185066368107578e-37,3.8343350140065147e-62,9.4275911295327e-38,3.0977923779749985e-28,1.8997585119532645e-62,1.3962171312669661e-52,3.65227376293535e-42,1.1912894182019584e-70,1.9004158953756373e-45,2.9514443577571788e-24,5.095695615839255e-23,0.08097859705405731,1.796267724825656e-33,1.0561470470651305e-10,6.7158427809965e-29,7.3742506609660915e-37,3.613627415825836e-102,1.483318339032697e-23,8.693785781532761e-45,4.3904594861969844e-63,1.3058499163706448e-30,1.4896749297140964e-22,7.190651459385731e-15,7.269921020867888e-60,1.9982763098587422e-44,0.137867248483305,2.2178410505664686e-22,8.25615620312332e-40,3.0105961545683173e-25,2.161799266781954e-76,1.1222757773116764e-11,2.9167961526628014e-29,2.4797450880494795e-18,0.03773488736064979,5.334414955175594e-14,1.3219945126872726e-24,1.9741916905755297e-16,0.177224253007731,2.2051654856217767e-46,1.601048136434098e-56,1.2751546305629117e-69,0.3892286237517764,8.676748617867407e-73,4.6940521316093264e-36,8.09889118907785e-28,4.154201427465468e-6,2.3056270357958827e-35,1.7277758206702945e-38,2.329676890317351e-46,2.90617722949898e-20,1.5834084633883672e-43,7.311122453544744e-19,1.9607935073401844e-61,2.1846460262360812e-26,8.160009296616858e-115,1.212252151242714e-52,6.074791836907794e-13,5.961734298833006e-18,1.2006164700558592e-37,6.315889957885349e-20,1.2038295982742165e-14,7.865443692060561e-13,2.98921019022553e-36,2.8037970429978813e-52,3.57308633628012e-17,1.2966441357317738e-71,1.0537180159300993e-68,9.70516684803386e-66,6.830954496721217e-78,1.4997242138713464e-45,1.3213918162989852e-64,3.8532345396510924e-64,7.046003677830117e-51,6.526774748503845e-37,4.332909918555623e-42,2.7483459091221325e-39,3.035096969201013e-23,1.5676831490092156e-10,7.454897315366432e-79,1.1759416265277723e-31
4.265281168058247e-31,0.17562955713692663,1.1059756327831988e-243,8.450958109822149e-74,8.470982385279041e-6,2.173282649230669e-153,1.0302189562944577e-24,1.1533988737570329e-27,2.299137581108535e-24,9.752987234237443e-23,3.0707817406815806e-45,8.36549057510777e-124,3.9126435416649713e-81,3.2579148353067716e-30,1.6413708542722283e-36,0.15287123460320562,4.1294729927651563e-134,6.4630190006361e-31,2.0556572360720645e-7,1.6936592359066071e-56,7.766048766102808e-127,4.086360556984707e-105,1.8120971462746647e-283,0.022021173584694013,2.7311507056544823e-93,2.5012504544986637e-108,1.2310023503597205e-120,0.01371433826044322,5.749757658738377e-25,0.052888094764560814,4.602225437263843e-11,1.3407726761246005e-53,2.5781211564985975e-73,1.5773130731934e-193,2.344961268565845e-165,1.1903697896304742e-57,7.673079301652439e-79,4.711238731215155e-69,7.7561323048164155e-149,2.1179868310224915e-19,8.276629867866185e-210,1.65286587371954e-174,5.074754857903708e-28,3.4204737640828704e-184,8.534123378627529e-77,4.39217673803059e-32,0.014929737971680547,6.46989416134446e-179,4.888969127971785e-9,1.827006070214374e-135,1.1282308538952355e-6,2.91583643868579e-11,0.3055517449352683,0.018892535435349894,1.2172867554585597e-174,1.0445984979367985e-12,6.601619537165361e-35,3.18652877239774e-74,0.0,3.885521649496423e-8,5.882926450088804e-48,2.7415407372689864e-14,2.037522076867932e-164,4.289995255357827e-177,3.3351359945049464e-16,0.023543756819591734,1.1144761430372056e-42,0.0,0.09299789817064251,0.04588548990519117,3.9068280189714447e-87,7.232062233957456e-23,4.9617858595618846e-89,2.8785590266176507e-12,1.389820693109168e-134,1.158671889428751e-134,9.947652384544417e-9,0.0009489946099598392,2.4056690273409152e-29,2.499228449979563e-13,0.004541167812845787,2.4477212335934116e-69,0.058494380851331934,3.0666949248087785e-227,7.732538383092484e-17,5.904052797480946e-19,2.619509850483143e-109,6.6035386885729e-44,7.431957632596766e-170,1.5748766306137586e-7,1.344216473381648e-45,1.9094525739292858e-85,1.0132245086543464e-91,0.017079866032869807,1.3067592846323657e-8,1.69199435463942e-165,4.44343078454515e-118,2.8679009265957154e-65,9.363362042611264e-23,2.270329855133632e-217
4.279827310158271e-138,1.4021629249209896e-169,0.05988616073520036,0.004728189655546363,4.6816560370505206e-152,2.0545012390798966e-23,0.000999116193652082,1.782541810897974e-191,1.7824126451516102e-248,1.3085966159394285e-48,0.014836845162276497,3.0758924274281422e-59,5.60737322397546e-35,0.017542078764546873,2.0575220480888326e-5,7.595877178825964e-73,0.0005911338102920359,2.687822353042918e-193,1.1230198450236697e-178,2.4768404214863817e-8,1.2927794510389013e-41,9.202316952250809e-18,0.26438295263676587,1.067095574274524e-131,7.415415971610209e-13,9.276491445941648e-10,7.850603725391603e-16,2.652323362352277e-213,8.483521735343861e-102,4.91076224487073e-160,1.1910217665762895e-26,2.2479941256702173e-153,4.638795232551948e-13,1.167182630891454e-5,8.872621556732493e-7,1.2172366263111834e-58,0.0011806876197049771,1.257483326014894e-43,2.997486898284618e-18,7.277732646501787e-215,0.15416054330617573,1.7736039466014726e-17,3.9962522538417965e-44,0.016393331717364328,4.954615502939698e-28,1.3014572682127648e-35,2.799301217339747e-62,1.2390016909714998e-25,1.7795000198009416e-64,0.03093612430887839,7.808569615809565e-171,1.6156279928948162e-76,1.538066314451665e-66,2.4622429786506057e-224,0.0001121189282010612,2.26949131816715e-152,1.9949497947944093e-7,1.909023777864895e-49,3.0796594379885366e-6,5.062945866481575e-139,2.3085869387231914e-10,7.347249271839273e-41,0.24627508889153665,1.0766993358583725e-65,8.843147901122677e-103,2.0766185266888752e-5,5.1690032365788296e-61,0.18175260425513481,9.661248221572381e-99,7.995013318160781e-82,1.493938973804096e-20,2.5626022987632938e-90,1.9745359175734933e-15,4.105581958086261e-191,7.697617223349682e-24,1.6197292050251875e-11,1.2140320960954996e-105,7.629158640126435e-20,1.929084250809118e-115,1.1448021696074946e-57,1.8850401807766706e-34,4.095333661150127e-61,1.8873821638289152e-114,1.2025253854101378e-11,8.594591984755014e-20,3.4383609813336175e-137,1.6993022107147777e-97,8.245816403756752e-111,0.004700757325456654,4.270577498820757e-124,1.1904957062607388e-9,4.860639293739597e-6,2.687492026302782e-9,1.8664955008469774e-44,1.4519788851486485e-105,3.838098840356484e-11,0.0014594636957601448,8.76115722406195e-19,7.258906887827713e-224,7.328328719378654e-7
3.94871528654354e-111,0.00021629568185333457,7.220672210922454e-9,2.485983534092688e-10,0.004079599981462335,1.5751904548431734e-102,1.9034077111889397e-67,3.921499124976912e-20,4.611928047230637e-164,1.846926574134583e-17,1.0818308623968429e-19,2.224122168691782e-93,3.419879332265919e-22,2.156529776656704e-138,2.3857724486730327e-65,0.02149227827279357,7.301312983870081e-86,4.4239467221492553e-131,4.52131954923333e-96,3.440607216558445e-23,6.275480656220631e-34,1.2947522611696532e-27,1.5652918403570066e-7,0.007045679569538564,2.056837245280409e-36,5.194996546495446e-13,3.131618773012533e-27,1.0635598218421722e-120,8.933847312126497e-63,0.001670033705405472,9.743395344473211e-16,3.302138922184469e-5,2.965430597316696e-27,9.652376684626985e-31,4.1995289642217855e-32,8.057798380432602e-69,9.382862910148901e-88,7.98062015509558e-6,2.4091085273681035e-96,1.0739904316881992e-106,2.96724331161734e-10,0.001835143683432605,1.2895596117272884e-7,1.2300484738393272e-54,8.556179879347584e-43,0.0043085011602722375,7.679661522453342e-12,0.0014517048319419347,2.653633165205175e-10,1.576330370839223e-107,0.0002765254879728066,0.025890213835777002,0.001962025273547353,6.113657297173866e-29,1.351148344814343e-52,1.2259003270520402e-10,0.007719390406341039,2.7101245711184225e-18,0.001485745975217021,5.177180908327414e-60,4.484935705574574e-92,0.00027532591174317655,4.575300991970206e-57,1.8761227551647103e-47,0.012740004671590777,2.386844680308836e-6,1.0569107413313734e-61,6.106614510749922e-5,1.824791640670878e-46,1.8357155620697004e-11,1.7396314688657682e-61,0.3491010733379572,5.989617607620358e-34,1.2926539543844877e-41,4.802190795570856e-124,5.3756382067591115e-90,0.0108792978393139,1.348839313294931e-12,0.004145024672074431,0.0001227796312960515,0.0015108980459835198,0.004627735829764463,0.0017783730849163161,1.7547468485170843e-5,0.5352622189028815,1.069754471239968e-77,5.0906142038377955e-74,5.438395624933438e-22,2.451746168927218e-64,1.4087380552740624e-42,5.111302640617237e-92,1.3331374203360702e-81,9.79454069812316e-47,4.2839470848186893e-16,3.1742119881381586e-48,4.421748657660763e-17,8.190684596919973e-46,1.8340722731921239e-6,1.2901071184315717e-107,3.786062074619393e-33
0.08817362764964473,1.9667823512024705e-6,3.662889883231489e-18,6.46347785451744e-86,2.722890177976138e-15,1.86778131793694e-114,3.939536110048392e-134,2.8758810905232188e-77,9.341567621135007e-90,3.0812198583085864e-43,6.122960763817615e-79,6.0156908165555056e-61,6.985528962945068e-52,3.1137152821610504e-102,0.2368505966612893,0.11561875171393853,3.921424136570248e-169,2.6168324263837286e-66,5.4408231257357087e-17,5.425870041056886e-81,5.208455743103138e-155,3.831009217439e-133,1.2852745883650597e-6,6.122873417948263e-38,2.1016184611466282e-144,5.049784808399286e-59,2.9429809977065692e-158,0.014611715378146371,1.0691630548272966e-61,5.343293536306476e-70,5.6679670358135645e-59,9.84725651409588e-63,1.803453274201169e-13,3.1351195823826e-88,5.539116468072157e-135,0.4096302665594422,1.213888146969212e-72,8.654883517584264e-132,2.139704883851105e-118,1.2365503644410086e-67,5.290264673477241e-22,1.3659380868308256e-61,0.08017788004778026,1.336423947809824e-121,6.122509651200039e-66,1.876258075379885e-29,5.5649485295298595e-95,3.2074923617596216e-84,1.1186268976062002e-84,5.143379267247253e-109,9.578508822267055e-90,4.43217221918224e-31,5.515758321024729e-87,4.64705361415094e-73,2.1259943844642202e-160,1.831529933868165e-38,1.9419978811378654e-99,1.5409837646704587e-19,2.0894493378372547e-14,2.2515249794936467e-108,9.085737519900303e-110,0.013066061408860935,3.366770931523177e-123,1.5395218178728067e-158,1.1530225636851455e-53,1.3559289731655065e-73,1.0901772935420308e-23,0.026418137553825678,3.8436520110949283e-16,5.290696540084416e-100,2.4292748143444794e-99,0.0008480947416777256,3.265961987580552e-143,1.8466774187663752e-42,7.258307079092337e-152,2.542982680080641e-171,3.738448104399425e-58,3.2034804682250763e-103,1.9125645716178075e-20,7.386290529001438e-35,6.387437907960559e-75,2.024592828464559e-81,4.975918049628802e-59,6.626088555579442e-37,2.360222362472747e-70,4.621537554358181e-43,1.4064627073371632e-70,4.1530784389423185e-34,1.2012786111793095e-171,4.035354055173411e-37,0.01460161621101916,1.325619927138813e-61,1.0140955486933253e-134,4.338332720454023e-69,6.944002984832445e-100,1.7231218695200747e-11,2.482031734895691e-94,1.2875823295992741e-55,9.338237182170283e-86,4.262524631760572e-35
1.8247272680230766e-161,4.542866402963301e-171,2.275092138601122e-5,6.087844772020927e-200,9.408138537564631e-105,9.951969569916625e-44,8.318147962633177e-120,1.2458267412802638e-240,6.344240193413906e-276,5.12137077576829e-37,0.04179900627661573,9.812187565935393e-133,3.5340467820278702e-130,1.8727693698641e-91,1.98042994687526e-108,6.187314762184776e-106,4.767171038340208e-30,4.706711845122588e-171,2.1842163753772395e-157,2.2475654511055034e-76,3.704726069579208e-47,1.850834382723308e-12,0.016995427624985012,2.561908990900101e-146,0.0007404409217561628,6.709920949403357e-56,7.842002140225554e-32,5.0684983635439775e-259,3.9539512785779636e-125,1.046019402815976e-100,0.15904377451048798,1.1239379079654133e-175,1.3652017703784157e-142,9.249839715206247e-118,1.1637980352186152e-91,9.746545906309344e-107,1.2269719313209766e-176,3.5055860845209103e-74,1.1856895176024066e-39,5.728697133431664e-125,4.911231604689e-13,5.534594225122246e-88,8.105513616319415e-62,9.598214082244769e-25,2.450214079653322e-130,5.321583360552624e-7,0.04228187925533256,1.3087473515499538e-76,6.3706853341682075e-53,5.173469504657282e-67,7.439234055941521e-133,1.4733899819072823e-122,3.796441673060555e-108,2.872908599123133e-187,3.1611939714359778e-87,6.245268099578136e-178,1.3890660768014825e-17,3.766668353533381e-64,1.1247735583099506e-15,1.28187943556195e-61,7.681911055500408e-80,0.025063255714158045,0.33922846809030893,1.0323302160735615e-121,7.221426175849357e-165,2.912076087605241e-26,4.356694372545399e-216,0.13825998420713673,1.386275559218801e-111,2.164583094843962e-106,8.869779883664001e-179,8.616635587563116e-90,0.042439918287826076,2.083037935648075e-107,1.572612608078586e-184,1.9969709415601477e-57,1.071158997434273e-126,1.1862003308401518e-65,5.365306673330546e-110,9.337279108673391e-104,2.800737077371904e-25,4.594821517624086e-146,2.365427349090375e-144,4.857174261120052e-35,4.341363491342302e-82,1.1711437699694778e-124,1.1692131187591505e-92,0.042047866089147255,0.10660563282258133,6.6911063112146e-237,0.0,7.782930749352786e-34,1.3591086991007583e-40,5.157146005028454e-157,7.548746954001815e-88,0.045471063117599096,1.3955478596749048e-75,6.43319684205987e-71,7.148604563097533e-145,1.5268677957882762e-48
0.21745815629376722,4.663225906974889e-9,2.7017907791429208e-124,2.1360871185041122e-238,0.03643437481552974,2.8351367400464234e-39,0.15417516468466574,2.621457095281013e-63,8.039859605704557e-132,1.3315133764611178e-42,1.3324659293264016e-98,0.07033746306883595,5.3601876417885926e-210,4.96879245763026e-86,2.1514467252859566e-39,2.0845720668475873e-45,1.6362655162951373e-154,2.6599086388925836e-143,3.3604596284586545e-135,3.6216201402306864e-116,6.283942807588878e-153,7.637833396378843e-126,1.0332824278888248e-139,0.02851430286988034,8.664411039413585e-106,2.278555915265382e-158,1.368731974562947e-107,3.290616399037383e-135,5.457383645196311e-235,6.303241395472959e-115,3.0823147052503653e-72,8.617576100786653e-35,5.0017468894871354e-219,7.039037707490874e-104,6.694857867019521e-168,0.06812337252751875,4.117836832237359e-48,3.9919073694982376e-191,4.3339460285233374e-64,4.268944346305162e-143,5.102445395321892e-134,8.6128746693782e-115,1.4494484120583851e-146,1.8868460105138013e-55,1.892438230126378e-31,7.35997518944216e-75,1.4349759392088581e-99,7.67002220804058e-114,7.552860856625851e-119,0.13385084627321328,4.9221827797368215e-152,5.1652846590565915e-62,4.4803575187896175e-105,0.06482989486358015,2.2018619093994758e-98,2.1525462649260456e-117,1.6624479572657165e-89,1.6610616665894237e-60,1.6817236672581394e-162,7.953434091218082e-162,8.441142517342607e-154,2.232267072806305e-45,9.161502760900194e-151,1.2970553909115704e-187,4.206805862998164e-113,1.1306810692389367e-112,4.4981261668054504e-63,1.5737987505470498e-221,4.783537532523067e-204,4.743513767762926e-173,1.724480919017662e-273,1.0529250070183714e-111,1.393792355978594e-120,5.53707818604557e-144,2.3962267506995817e-65,1.750657918882017e-122,2.764919084077391e-67,3.336438797436029e-59,2.2024112884823544e-72,4.624378826871014e-41,7.203026019694914e-46,4.940019650878599e-64,1.786928328146712e-119,2.16755006578027e-115,1.0452307953113331e-138,2.6579445496461838e-52,4.224962533301439e-53,9.81741013379803e-34,2.869145568566312e-125,0.22627641993978292,1.601264059779015e-42,2.3316330863282756e-165,9.738240749811696e-109,9.365375158827446e-171,9.365337583672093e-193,4.752596494540345e-108,1.5085587150421002e-125,1.7078187126243104e-129,2.3246695965590233e-21,1.6249273024755103e-89
7.278412255849123e-88,5.201217229177869e-104,7.713277710897864e-26,0.005713739689207813,1.533891723022879e-22,3.3186123169534883e-22,0.001495490279511211,7.896699075841288e-155,0.0,1.0213800198085342e-52,1.2316830067741132e-37,2.480688737291791e-30,0.0003336234176191598,0.0025511679817339958,0.0006128827516806017,5.516073661765992e-150,2.068408822671835e-8,8.720230548320749e-242,2.4873949195117222e-266,0.00011600244305343672,0.00024957069327094544,0.3601859904618092,2.2290714049201962e-31,6.873657345298154e-94,0.10861927162333918,9.897019842013396e-96,0.021809722856773135,3.174900458322892e-165,2.0736021867854696e-136,1.1848173586340408e-244,7.858240370071013e-37,5.866749345131433e-71,1.486745427323976e-7,8.916921326927327e-25,1.6864576806661616e-9,1.3341780311016377e-77,0.007268622929602707,3.1051619152192664e-52,1.0616384390540111e-39,9.87675926837028e-211,1.780364001386418e-25,0.00571949437049328,0.00025081907102751275,3.208479135343874e-14,9.224465312409503e-41,6.907783469709432e-50,7.17441032605745e-64,3.551813003743662e-19,1.0656697161499459e-54,1.4155012237578156e-30,3.0955236852396706e-209,5.389006440089528e-84,5.055738291017182e-100,7.655430994989036e-194,1.30501524751028e-13,8.661681146878115e-236,3.001159331235607e-16,7.328318460275524e-35,1.0711282074117318e-19,1.8115255614871013e-184,4.288731564057821e-52,8.328603264526599e-36,1.1198057455626658e-7,0.0020519708211481805,1.4883771839673982e-49,0.0006901064009696961,3.241972573346847e-24,6.831330623597708e-32,1.6496355339435212e-56,1.6904131443763785e-38,0.001268463636075938,5.1901008710026476e-70,0.47725631972324817,2.098163866174175e-187,3.376112413259033e-5,1.2276766801657699e-6,3.540185814181193e-190,0.0032841084941967456,8.398765538505836e-147,0.00045014406395129254,1.2613327841402203e-15,1.3710447252158898e-79,3.871290622954955e-137,2.811142250302218e-11,5.900728886808234e-38,4.421530734886239e-96,3.0276778445792826e-122,3.520354629584223e-26,3.5006156456882567e-7,2.45558786398496e-189,1.4670327929087126e-59,7.119015053916804e-24,3.681129735444868e-5,1.0607959263706116e-35,1.622491323434219e-129,7.587890596040162e-18,5.50776166043664e-8,5.763044235558612e-34,2.328104385697825e-232,6.821243814053785e-16
4.195412125205824e-84,6.861803507992146e-65,1.0726007728682351e-26,2.9623802611354094e-97,2.3587748052388275e-61,1.6624738209570975e-95,1.019984209295812e-47,0.06741738799897337,5.689673619322491e-111,2.981787280149418e-45,3.923277547719356e-52,6.065858916278773e-131,1.2495299670246087e-37,1.1505319874373852e-149,0.07465036444141109,9.286258350925843e-56,6.003772138320339e-24,9.472119460853691e-138,5.788676899432754e-135,7.554224172667517e-35,3.150568893477647e-111,1.9877635907885626e-156,3.795429222424256e-22,9.998856384029814e-62,1.4466513873782282e-201,1.64206781490169e-86,4.175062876157421e-125,1.8405195669991014e-41,5.319487268391833e-120,2.3856523788792784e-79,2.053124440499062e-20,1.8529569249278735e-88,3.7325631675663214e-58,0.03253469174685409,8.763932399871113e-65,7.282175372174889e-60,7.528238515814044e-47,4.936767089256491e-104,1.203417770046311e-31,4.0736110625900133e-50,1.7447538347937245e-31,1.6434429464277192e-40,5.756437663560051e-43,2.3424205270206437e-47,5.99774292890837e-30,0.03306374334067287,0.16048728888466565,5.025428577774767e-66,2.116709060270135e-10,5.11525163127488e-5,3.2083711459861646e-74,1.0157787313427423e-56,3.043050047378904e-53,3.967822826287423e-99,1.850065056514511e-91,1.5910302386006477e-85,8.342938969893051e-10,2.007132086307214e-36,1.1994948197654683e-38,2.959584566293905e-72,0.051056527233278796,7.206503064789952e-26,1.1051635304602304e-9,8.72177287752607e-127,4.531745641027524e-72,0.0002871212278450192,4.078973561714514e-45,8.340091857911193e-24,1.3388826327473584e-52,0.268162744525125,2.3781620139719613e-26,5.565702173813698e-47,1.2151702343580417e-218,6.171903719063465e-65,2.092988867639117e-87,6.128599003956076e-65,2.1737026438804636e-48,8.005826114323279e-10,8.075265674693753e-40,1.8677113537639872e-29,0.10192017082326375,0.06615331511450498,9.821310628424695e-93,1.3362116423864527e-49,0.14421548919396596,7.129341555890779e-90,4.152482033979628e-134,2.5526016017567975e-99,1.4158276248914268e-12,3.2319165834492035e-68,4.507571742920942e-58,5.815218162066378e-99,5.255234666862137e-161,1.3663034466409169e-71,1.4735275247484364e-63,9.67033457655067e-93,9.29963458143436e-100,1.493260645824231e-45,7.581174603180166e-63,5.59976912498697e-47
1.5807065556196268e-90,2.773509718022604e-128,1.7420153599961728e-10,8.9651829370192e-148,2.2858764083884957e-92,4.327702908951324e-8,0.025985294976716734,5.348056577898168e-159,2.2340423742293695e-133,1.4279988989516266e-47,7.225891967899758e-53,2.4456399111965963e-31,8.14043872392669e-84,3.701239570887395e-164,1.3342353536271213e-102,2.053186464426135e-68,0.04021776740789732,2.0562498666205442e-171,3.765458036911766e-218,2.366749877546862e-47,1.050295635213821e-8,4.389772658479711e-30,0.13115844990449887,2.8285349913047846e-111,2.0268220754768802e-45,2.976418373341499e-42,8.492852959343904e-18,0.02084609817599806,7.391317617612531e-204,2.7060530516999948e-76,4.083391096579863e-21,3.954978789808826e-44,5.738490786254117e-57,7.505876869897384e-34,0.13200393023244966,3.234314946251759e-148,2.483800325852204e-62,3.306908257894738e-13,2.9247313504978427e-95,2.6884661814368034e-133,1.2535719339414202e-13,3.4326293976043345e-106,0.043446674281297615,3.85180274058782e-14,2.175691564046566e-118,7.861529449713928e-89,2.3312657086433877e-50,4.537280554565045e-22,2.446083968307964e-51,0.2593003668609697,3.730040540136221e-133,1.0720859420806416e-73,1.4125981818416568e-58,4.13285687469958e-98,2.6356170870938355e-19,6.541070241149043e-87,0.01678725770774629,1.057505738290596e-91,1.4600399436906712e-5,1.7901602807205977e-110,2.3667911794846072e-66,1.0231551220582221e-73,0.08800706500264545,2.505375980065686e-69,4.897530311932379e-48,1.367284014618187e-26,1.1885269183705461e-71,2.493322589128766e-14,9.947462165905089e-85,2.891102564904525e-32,2.959420465385894e-106,2.027390841151078e-91,2.5491793563159056e-45,1.53810868586027e-85,5.2402364251629896e-80,0.00013311589261894808,6.179684030851999e-56,2.635302305807859e-92,2.9421242322157495e-39,3.006980820535287e-21,6.519467982443332e-70,0.0785685842551766,1.2417366042597017e-95,0.08039096419440551,2.184738909908282e-48,7.302618401180336e-149,5.986139008525202e-88,0.02075576720254081,0.0020412848701486935,1.9545690647868425e-131,4.910194565904635e-136,1.2899321313808174e-31,4.497270780992126e-34,0.06032231048319394,1.6436747601831063e-127,2.0414197551998053e-5,4.381368684189129e-20,2.0349345281313343e-73,7.850150358685249e-124,5.070227633671485e-16
2.176025452833816e-99,6.615201027962146e-90,2.2650266394195495e-11,2.644675887443826e-15,7.740497738496119e-99,3.51965474043542e-15,2.1165078464501355e-67,4.468494738949592e-165,2.9657739973457556e-249,4.461971980901611e-51,2.0928624705199066e-52,0.08904174713079673,1.698472418975995e-30,6.307054538936893e-13,2.880545407802812e-117,4.6926290718743565e-105,2.7404120168224173e-27,2.235224458529797e-308,1.7586989839348305e-108,1.0987732916993602e-16,0.11009110497380395,3.426510732090846e-27,3.1368478801566793e-10,2.109571972544896e-98,7.557123585239375e-28,4.7019088774775447e-153,1.1780961726052323e-16,1.0137015155869231e-135,2.985335056887172e-102,2.4686420778651795e-149,2.060016959633713e-43,2.8656669110288244e-67,1.797604790268019e-16,1.1938629873393242e-21,9.215791711372389e-16,3.011470121512519e-101,8.277855309327292e-35,3.4623964512301786e-17,6.245875399581611e-12,3.650009713401222e-27,9.038334685370196e-13,5.796652267668747e-42,2.6418287714939654e-38,1.5321549962590183e-26,3.920622859153477e-60,2.101844525111583e-48,2.0384949880268048e-45,4.7066117212759396e-5,2.4437146581756253e-40,2.4815378185673154e-33,1.67816566436501e-26,3.644055196322973e-81,9.22716033048299e-99,2.690288319563817e-226,1.192250742099098e-23,5.3271980882281104e-70,2.2279501322264386e-43,0.05172433172986944,1.1013137593656525e-7,6.2918695074977e-64,0.06871516305823935,2.1266294542416075e-16,1.7765211137962086e-36,6.006125455993059e-45,1.2402154443922616e-68,3.475237041284539e-33,0.023784849479487623,1.132950252955194e-7,4.962661483240614e-60,7.207267275748024e-39,0.09069953245493038,1.8658646641010294e-72,9.952902276675232e-34,1.1941530859889563e-152,4.979230046574119e-17,3.848660099692848e-16,1.5905390319313175e-114,1.1171807433854581e-23,1.5507635515028025e-106,3.5252705195784835e-68,1.658453557037447e-47,5.053785468562077e-58,5.1814534051348236e-133,1.393299081994383e-9,4.952739384461116e-69,0.20022336597224297,1.1282091880032227e-94,6.852347741159663e-82,1.3496134769820465e-36,1.0346465908690244e-79,1.2748191993095178e-34,9.368935010973634e-16,1.4121330194456165e-21,3.919478654111436e-28,3.5447364684112086e-85,0.36567261391958583,2.0920305748802187e-15,1.0512065762805463e-35,4.261330223488025e-221,4.021226231744554e-15
1.3538258389689642e-129,2.090067316601166e-94,4.643483364286747e-5,1.9213458094836007e-17,1.2708587530393984e-88,6.865176382522275e-21,5.832988417244901e-37,8.95998771541798e-137,1.8404099747962948e-202,1.2904199781066528e-71,1.0193227015814593e-20,7.562481790195858e-40,5.1591876317466225e-56,0.0008798629192496857,1.390158929534637e-61,6.0215044831337455e-115,5.798292731693151e-15,1.9174960910694735e-137,3.4637986905402496e-63,2.733139932256586e-11,5.33474863158521e-21,3.986653087570446e-30,0.01209812331865896,6.0624952691151756e-83,7.346456318641828e-35,7.429973346700801e-69,2.273059358478404e-18,1.0005802342800029e-196,1.164800821964343e-62,1.1748779102105701e-56,1.954568135018683e-17,2.0573140791322942e-47,2.1092199971464624e-23,2.627262628278398e-7,7.980765386001386e-9,3.15135675477944e-110,3.1347356275288654e-10,1.6702794553462907e-26,1.5109242356253366e-30,3.5974022778849615e-125,0.0002232213830300994,1.0430967919346059e-22,1.3646314027007844e-42,2.3198057669498563e-13,4.717970609398719e-31,1.8437318550400805e-20,5.643142506283973e-31,5.3363557279852024e-8,6.124629476474449e-7,7.413976005795206e-34,1.466666395162756e-125,1.468152084217035e-87,7.130368077835004e-62,2.9674174726447573e-136,4.180609442987085e-9,3.8270329635940175e-92,0.017381216079987806,9.62595024866762e-51,0.08469357978814995,3.227698274865122e-125,6.2549321394102175e-31,7.584771864020035e-16,8.995553698907647e-13,2.2335418787271458e-15,2.250374893429992e-70,7.052037028817577e-28,7.537869751516539e-78,0.790550633168131,4.3291630953942815e-67,5.554300524176132e-65,1.8018181980275084e-18,1.5942410809592395e-110,9.573514149983753e-36,2.8366475666648865e-123,5.340554914446897e-33,4.1112567228862625e-15,7.62412297240757e-122,0.030117551708163832,2.2901415278314177e-116,8.85636234288649e-65,6.29394250946898e-8,1.535525877641705e-47,5.715290616238629e-113,3.2531671357986546e-7,3.6684643486498157e-81,1.1200814171320582e-134,1.127665207074891e-84,2.6603087840059694e-161,6.942011262639801e-15,2.1682904829066736e-105,3.742073823818575e-35,3.6012654837817653e-34,7.3500588197846e-30,1.118339326370987e-78,2.837566654304829e-130,0.011539643096520277,4.888013900663033e-11,3.848677300214233e-45,9.490992595198716e-178,0.05246840434334791
3.74663107415714e-48,9.784745069563894e-15,7.584018075876825e-7,7.39825486802277e-181,7.871703400257788e-19,7.491184869421044e-60,6.178199461593695e-50,3.513333847049041e-45,3.2458175370458874e-134,1.1123272874798119e-45,1.378360340673789e-38,3.170151903775403e-56,2.072519766881616e-24,6.761721315470815e-59,2.501351805319059e-81,1.2126421761112898e-37,0.13339792286175467,2.981095174927791e-15,1.585732797743877e-215,2.793211225405485e-9,6.306468845403829e-16,2.7179358673935963e-9,0.00018362292314330243,2.7787503548633206e-17,6.753660346113354e-11,7.264626798283698e-25,2.9367006922816923e-25,7.414398962870836e-109,5.7638067818411954e-89,1.149946256036893e-49,1.19542816613646e-16,5.247999338930948e-80,6.364246127795379e-29,0.025657119742096165,8.70215476220597e-28,2.8720571692455096e-75,2.2704658412160417e-122,0.06596047719707555,1.612828274356027e-30,2.4411925756253273e-152,2.329409982028882e-7,9.969825902857761e-62,1.804241184989105e-25,3.2396678091314477e-37,1.9379222928441426e-22,0.10264363158061482,1.2563319631163359e-23,3.804154884515949e-37,1.5517991125959944e-15,2.4028842418067053e-64,1.354245176550721e-21,1.7601837774415876e-19,4.0203890218757334e-23,1.0933286019145762e-89,3.2961244054338868e-12,4.948609691066641e-31,0.10810060065311057,1.3897273809635795e-27,0.0587662379405711,1.1338393272560563e-66,3.0060229717730005e-27,4.020364417595688e-11,5.431656405098966e-5,5.466915853425082e-66,3.501328881615175e-24,3.615497905603727e-12,1.8320917511569124e-101,0.006487467405843965,1.982867689186887e-52,1.274177920970842e-25,1.499057879304153e-32,1.8166541592989884e-18,5.8817789446644745e-6,1.0608292661545585e-76,5.976997128506083e-110,2.724124984075849e-6,4.067708764484628e-24,0.06605231546515704,1.0260845546149799e-21,7.144880578396845e-19,0.14781431391683514,2.107117502781411e-31,1.478746846316693e-25,0.0033535726321425392,5.816637082372187e-14,8.3076306395002e-93,7.114578403875963e-110,1.004957398605763e-224,2.2868172212112896e-9,2.223813073876154e-82,4.1270267104793576e-81,8.848327408255159e-63,0.09959776045281371,0.0687854933258655,1.5369850691839607e-51,1.104712952048687e-26,0.11313553238210944,9.797391560648394e-9,7.513328894307654e-68,3.996269667051479e-34
4.154025169261893e-35,0.0825541163456786,1.2044038434007326e-28,1.3075424114622735e-6,0.0062785401352905236,2.9404955716575113e-103,2.5295484221498395e-82,3.230971166493735e-12,0.006572746132101528,9.711954198457356e-48,2.49669482208747e-21,1.1789119881863513e-109,1.6923366796397342e-16,3.0032250359978146e-118,8.119733108139498e-75,3.0092303096553865e-9,4.716008622340212e-5,1.1393373736400497e-23,8.225465912486584e-29,0.004080021398871377,2.7766127260873234e-102,1.8612307781809833e-69,6.785415471134294e-20,0.03901869253727593,1.0667792696623001e-60,2.07673006468812e-82,3.7614786423509524e-62,3.694558294195436e-71,3.466902806705923e-83,8.458108642887906e-21,2.268558749421439e-47,1.0848529698672852e-97,0.013804006682601882,3.021455919300102e-79,1.0044965782528544e-31,2.0349009109985133e-51,3.5822993095684163e-38,6.763618038046285e-10,4.121346919403392e-20,4.752639202729277e-63,6.97181294869202e-18,8.411056875473499e-100,3.999657758712178e-12,2.1941294539045557e-54,4.141756760580794e-56,4.241589593863322e-42,6.021165130693758e-6,3.5089130598755923e-54,8.562027352955252e-30,9.453122480764684e-54,1.5444191506856165e-8,8.478073828177844e-15,0.20023122223782303,8.005291743660462e-11,2.0274460029233788e-19,2.665637375726019e-13,2.2550057029979076e-28,2.959747490918865e-70,4.654470393911753e-33,0.0024209915869481307,4.68340585208436e-52,2.225368583416742e-57,3.882277607950093e-40,4.3155505784142326e-179,2.1286690390927575e-22,2.667130189086498e-38,1.0378300896830959e-72,3.5523389902190654e-19,2.68156343688321e-12,2.2288211956754034e-15,1.2609523655238084e-59,3.5769300577382245e-6,3.0204647159439606e-58,0.579371477721098,3.690576680887722e-52,2.7831064925370287e-13,0.038568303381168685,3.7978194543233674e-10,1.0412478334810311e-11,4.8688912012134415e-15,4.13204684794427e-39,6.089292216681389e-48,5.243072453358349e-30,4.1004804656334354e-52,0.002799874376048359,8.912331069109795e-68,1.5701220876879314e-77,9.101591571748692e-65,1.5127942672405938e-52,1.814509222949446e-37,1.456899712727896e-99,2.1207055369409324e-46,2.191584147197605e-51,0.018763470788806393,0.0001548105277535442,6.043207754431117e-71,2.519600474943821e-30,7.894964719363103e-16,0.005323640814206116,1.7154205325762776e-98
2.6443385171364725e-188,7.799123151721285e-114,0.2897688815980862,5.759268496189883e-18,1.497765139073206e-130,3.453121653132022e-30,3.056289922755702e-38,1.1606407677279602e-144,2.5256779420829805e-208,5.237637051783018e-28,7.519919896216835e-46,9.810332204024134e-33,7.365784584156187e-43,3.214019703234886e-48,4.193160413651141e-21,1.0735573451483347e-65,1.38400109987609e-5,4.777075241089886e-128,1.3388903253409924e-188,5.611886451658805e-5,5.503582935719091e-20,2.788462306601988e-23,0.07000546355186492,4.0314378913218695e-89,1.1762445022197495e-20,6.189486268408988e-96,4.933537169620321e-13,5.920881556974429e-136,6.520740865195322e-123,6.0935375105914684e-148,1.1448357411583565e-43,1.5469397989952164e-144,6.426301707612212e-29,1.4001651554058102e-10,0.00020671831343053404,1.302236551769945e-103,1.0413070029807296e-36,4.749928878317623e-16,8.280572263248074e-31,1.968206393633294e-188,0.0065850446146459105,8.47439238780008e-15,1.5227992538172536e-74,0.4829716740652418,3.1602344907937357e-84,9.806201108005494e-42,5.094971290158917e-59,1.3316036722274795e-22,2.1971764244081076e-65,4.870996899050697e-52,2.8969546458833515e-167,3.1537500141634607e-42,8.234573163631981e-95,3.39751891945067e-188,0.01648930502021569,1.7742263276911355e-149,9.494092452057746e-35,8.096910972018948e-25,1.0591763455594065e-14,7.310084581306695e-117,6.157600973655784e-58,1.495946167652252e-32,3.4976376916559723e-9,1.6445517822423671e-52,0.009777087005416435,7.648520920573342e-45,1.6267871677706319e-28,0.0003197964035697906,1.246767553763326e-62,8.699518065679053e-85,2.0554953247325129e-25,1.0934288280617114e-102,1.543075424108126e-23,1.1997449100667202e-162,1.6032005299248073e-24,8.756529303450859e-6,6.193197801728202e-132,1.7800529547717701e-34,8.873982881983466e-95,1.0212087638814885e-35,5.915158358577319e-42,5.487253541461419e-70,7.560873751700268e-148,4.122593763647889e-24,1.0178642872703868e-53,6.929573814874714e-86,1.9432375826652425e-92,2.1682219885380877e-45,6.603783180873705e-9,4.720658274072698e-127,8.932336912472526e-77,2.0535234761294114e-23,5.951467740430318e-24,0.010922568550935034,4.685929825306018e-85,1.2891758816766905e-12,1.4733644782819469e-15,8.74519577399041e-48,9.473194271717239e-244,0.11287473522853371
1.868620436628986e-142,9.69712135837131e-184,0.002590923365033842,3.2881754790892082e-9,6.356888010821656e-115,5.0156132802475785e-18,1.9730069167773183e-32,4.114367304791711e-184,1.8780850995444145e-225,7.560437905925432e-67,0.023661680767590287,5.570722742482183e-53,1.5729586535736602e-58,6.810909855350576e-5,3.6056732212212593e-7,2.5165969342011413e-112,1.5152336152121638e-10,1.5465438939550066e-207,1.2366623259537613e-65,3.033580838372345e-10,1.7606361128010285e-24,5.76250366477742e-26,0.007153981269167142,4.994233045053755e-150,4.0994528397922174e-24,5.599602584235049e-76,7.756258366930776e-16,2.5447844662161992e-198,4.3650480913294295e-114,1.4381627382225672e-67,1.1064064230644265e-14,1.4001469196581736e-71,2.294402136680509e-20,7.205397885925827e-7,6.747962423421166e-9,2.2379066988111774e-110,0.026040958544022913,3.163991383548243e-30,7.003567149798126e-38,1.0320921307890424e-65,0.23862116771093492,1.4454225978254752e-31,2.454738849760445e-16,1.0891139197573659e-5,2.1806709392697792e-46,4.697337914823621e-47,1.081473752246227e-15,4.623266709386989e-12,0.013161706630796275,1.0908896185152901e-36,1.1837148705665522e-61,4.3925049220516524e-117,2.7883495628119985e-72,7.681360674220619e-230,0.06677455176232688,1.6356809280524575e-74,5.842748599574555e-5,2.725737993565161e-59,1.7796871873488042e-7,2.4852671828219302e-152,2.432693061018446e-34,1.4914026374480966e-30,0.35973218580651534,1.3286742191353078e-16,4.663253942806148e-112,6.766195918912411e-12,9.566114029493339e-84,0.22646143190139065,2.6680011828771303e-68,3.1242704597861517e-46,6.062576403097537e-9,6.010032887728819e-112,6.8154656913085405e-25,1.9027551764678515e-136,2.6813325754614617e-49,3.536111231672272e-15,1.1816088184365369e-138,0.00661503485989523,2.313899793433714e-124,1.7800449609527308e-63,1.223114016849982e-9,1.1446726664482665e-70,3.323957400257022e-73,9.169968247508714e-14,3.873915596066006e-30,2.4978417215417715e-84,1.273342946035269e-93,1.0975470755746691e-129,0.0007495743579076442,3.441367838984285e-92,2.7313033166698423e-64,1.5335899063398944e-23,6.574454188793101e-24,3.542021354355537e-78,1.0079501927293677e-109,6.060423611817864e-9,5.099355412938044e-6,2.426281613074678e-35,2.5861542411e-313,0.028292993020798227
1.2946033367466257e-102,8.53637331767267e-15,4.842089147333337e-31,2.292006249779652e-75,3.319011553509231e-9,6.60455065770898e-63,3.6204898691084614e-52,3.900752425200637e-50,3.447085899847709e-155,9.066138697229393e-25,1.9792862497560806e-14,3.9082308075520555e-59,0.025518296576124973,3.70348434650195e-100,4.762993832802766e-59,4.5190198354611276e-23,4.201465324455457e-41,1.6824777888285012e-149,0.002397873485874549,0.008935632231637822,0.004130052426962966,1.822849071613498e-24,2.184106021320779e-25,4.801268488466259e-23,7.635001479798432e-39,0.045570478900149786,1.2146079368759392e-22,1.1962649453446031e-17,1.796703215089453e-36,1.459788141035184e-20,5.656853630836886e-7,3.754460026775333e-11,1.671802440022569e-36,0.012224316849576297,4.884028609480532e-9,0.010937880173968762,3.186294497208144e-95,7.931378253157942e-29,1.5551288440662678e-57,8.344891977353408e-81,1.5176938197796141e-24,2.3430478230133853e-17,6.419801260928321e-7,4.6660364591084116e-45,1.6011813630686579e-25,2.3862120581485764e-11,1.1659129685455515e-10,5.356090694729132e-38,2.2663728472172216e-10,4.974498690618659e-80,1.0146431533133086e-14,2.2266885666172184e-11,1.5957277653857622e-9,0.002441851107021361,0.007749084056526671,1.6526442235137259e-37,4.879473763635884e-5,0.0005360084464629314,3.610819592156201e-8,2.3608840894253292e-49,1.4692141514685165e-73,0.005380755522630972,1.8400408598157203e-25,0.021830639857485273,0.03230911732776387,2.3234642640491347e-5,6.576381976425936e-25,3.633649746408927e-25,3.123206825549023e-43,2.563192317306026e-23,2.315755085491151e-22,1.9220715838059878e-5,5.310287075622912e-39,1.3412653134647785e-29,1.8713659125481465e-107,4.386823435103659e-43,0.013178104254402646,6.233270761531503e-5,1.7287352343469257e-49,4.0294927699863006e-11,0.7639468850758127,9.324125072208881e-5,5.147535557649459e-35,0.00557929582948803,0.004220318026671272,7.952733567981528e-27,1.586785602424458e-20,1.8621391012487208e-75,2.7827775403518494e-29,2.7783032748040554e-16,8.669157255804723e-66,6.348860990690208e-46,5.2864946837601035e-22,1.509639464595044e-52,5.89162128973432e-17,3.481517814924878e-5,1.2094318948376032e-10,0.03283051645820566,2.2208670630145046e-121,2.065805315545892e-21
1.7800985459389177e-49,4.882697794857789e-15,0.0,6.8772604434785255e-93,0.010970797937574382,5.571215827938172e-199,2.676222693910167e-93,5.223733505439315e-29,0.01469814763072618,1.8105805671096448e-60,3.739624395306292e-112,3.1714653008320047e-289,2.16737668476933e-119,4.746992543972147e-76,4.5623960983456695e-62,6.530844830834261e-15,0.0,0.09059361491995671,0.012069633262116006,7.025387327751379e-258,6.091728673788632e-307,0.0,0.0,1.533047592486506e-44,0.0,3.7585976406821874e-60,0.0,4.381776190795425e-71,2.104640197569903e-41,3.8168804266470304e-22,1.0280926398979037e-99,2.9877528804582746e-70,2.67836587654078e-84,6.0309467541255394e-248,0.0,1.6373509454273994e-23,1.7292235875297243e-115,5.497442396054659e-138,3.6261919573744418e-261,1.604624611712482e-60,0.0,7.671622494737419e-199,7.635163154799191e-81,0.0,1.3601009527951117e-138,4.936841054974132e-147,3.686531521777167e-99,4.00927521365346e-284,3.8514316645450677e-141,7.153396774664128e-101,0.018734036647318042,2.3249042463507856e-46,0.0009419592394594704,0.07835180757086528,0.0,8.907859435727246e-13,1.310781046675194e-159,8.675983999803229e-167,0.0,6.227915144747744e-13,0.0017929690117878163,9.118068851011708e-175,0.0,0.0,5.190728735670153e-87,3.2692075756207617e-109,1.4639048880106884e-46,0.0,1.3442279088835704e-10,3.917995891035947e-108,2.1511078220885685e-148,8.999135243140148e-68,0.0,1.654730281982614e-5,4.006728577361988e-138,0.0,2.168247889814142e-6,2.7222528343835375e-132,6.612648064298852e-27,1.7295398826969177e-106,7.229852981538206e-160,0.0032233631912855763,0.07028783315331176,1.3962789562591419e-307,7.157791733801516e-103,1.2648072554934273e-84,3.246473550719103e-131,5.9051313861509804e-43,0.0,0.0008472135292116495,2.167353922515204e-145,1.7735954002556176e-201,3.408850646075089e-260,1.3524013254021122e-65,5.734069940893957e-15,2.59854e-319,0.0,9.959652136992726e-142,0.697469908219724,0.0
3.123057743001059e-111,1.4206587629450763e-115,4.868124418621964e-6,7.156019579061128e-13,1.6470792328240106e-94,8.631766510806e-31,4.7443247102868995e-11,2.1148716127303782e-150,6.593871730315059e-206,3.484472771916427e-51,5.893024287507534e-29,3.2277086959377953e-34,1.58629501203643e-34,6.1942641473422e-15,0.00980615956913023,1.4466542612328774e-45,0.05245885353690752,1.2672545231458112e-123,1.9892060152445866e-163,0.07586960720153826,1.7059414498169713e-6,2.4371854045686316e-9,7.594692949133791e-10,1.1222974019993357e-65,4.1196959311854914e-10,4.992148487163769e-57,1.734076678387545e-7,2.2309042696662042e-144,1.6854945430718723e-126,3.51633214888769e-136,3.083088236162729e-26,6.12859263641793e-131,0.006793714439602579,6.856635313315305e-7,0.38332123096528714,5.173310269845412e-91,3.8467840838014505e-28,5.227460894871818e-25,7.312208462118139e-32,4.815966169823915e-127,6.004908108168409e-8,8.284251971175403e-6,1.302701080775769e-41,0.34064561518452763,1.3319013050151413e-57,6.596011795324935e-31,8.85062642927311e-52,9.860555969334647e-24,4.274920835444329e-45,1.8031015385765778e-39,1.624899806401027e-116,3.558323238567803e-26,3.710956792962445e-52,8.70478734627546e-200,5.149790764497678e-11,1.5495013815266737e-128,0.010601585273575,1.5720822276615774e-20,2.7726159288776793e-8,2.1716933315542847e-141,5.348510913996806e-45,1.3959659526086241e-25,4.715549721325927e-5,3.846531439068041e-43,0.0014768212516700473,1.2598421544178724e-20,1.4276395638245396e-37,1.1005047935275635e-9,2.0044657259184748e-36,2.316593825821538e-50,2.4471456436619667e-6,2.383657378116732e-93,7.399207305711979e-10,6.368125138980467e-197,5.823066791577453e-27,3.0248664437747476e-5,4.9323741857030474e-123,2.2657582967075015e-16,1.2004746889337222e-90,1.1007347040229107e-25,1.3450767283575724e-26,3.95674087530046e-54,2.381667810740135e-141,7.19873065887727e-10,2.0604265771983752e-45,6.276224802321406e-91,3.2029802303611193e-71,2.7856506192362155e-57,4.69563431842482e-6,2.121264847382837e-105,5.3040874217572455e-61,6.38419583896252e-14,1.9208466059459572e-9,2.4924617645108544e-46,2.1072676308921836e-133,1.7757899335254043e-5,2.6234753354088764e-13,2.6037473095763667e-29,7.423735938708978e-256,0.11890829438277505
100,85
0.014241749640369053,1.1211968585953047e-214,3.871376414139981e-167,6.133755347268063e-103,1.1625533930623487e-127,6.932019899908596e-135,4.947461512583257e-73,2.07409475975108e-46,1.417080041066094e-25,3.4969063531042684e-21,0.12982494750597368,0.021737175323828874,6.5894983576770954e-111,4.1291924818847165e-49,3.288295430456585e-82,1.0114681654974942e-76,1.0627947129337583e-39,9.26961339684859e-25,1.2272493522738943e-56,5.126557184269502e-55,0.012568207458971066,1.2392252152222394e-21,0.042646555454264795,1.9829219772867228e-58,0.021633202546626977,1.5001427422890543e-13,2.6559376575616126e-138,6.191274369215387e-149,2.493894131976573e-105,6.826613473795697e-14,0.056906375658419134,0.17601320083560779,0.12714394808287835,0.07162482205178677,5.8538328096500236e-64,0.07568343789418598,5.8007848030484264e-127,1.2343727521213717e-17,3.67674436076599e-59,0.03557806633223082,1.19803e-318,4.609780919091867e-221,5.964964244934722e-171,0.0568656204825937,0.014959134783498433,1.0913487146445407e-12,2.409157691405826e-162,0.08551564800588994,1.5619459479568396e-131,1.754764341445739e-23,1.0027201036414587e-265,1.6834407888150528e-99,8.979268645645312e-151,2.1520320593682475e-114,3.233319681108467e-48,0.0,7.69e-321,0.02859416825009787,1.054493571620977e-174,0.0,1.605946088978241e-17,0.0,3.03180655782047e-78,8.059180141325292e-154,0.0,3.52498140030574e-227,0.01423168569700048,7.271581725400133e-146,0.0,0.0,0.0,2.922562233617237e-101,0.0,0.0,6.7761110474857514e-177,4.795831082034387e-301,0.0,0.0,0.0,0.0,0.0,0.0,3.0337867995171277e-116,0.0,0.01423205399446671
1.512421663824053e-284,3.2145216885931495e-244,8.727740581486138e-149,3.4987821185061634e-12,7.05294230648205e-67,0.008530773735707592,0.5122449531511217,0.4417076463784279,0.0246368085424102,0.009319945846197695,2.554753812264085e-59,0.0013480707521928983,4.194536391767151e-5,0.0007817260458123717,2.393808556576345e-10,1.1936618299604787e-77,3.871780311426125e-18,1.2071859633193384e-5,1.3211382674236247e-8,2.2592263526657717e-41,1.590989846119591e-98,8.598675474017006e-11,1.79265337574074e-167,3.7463697825279945e-64,3.339821402441268e-92,0.0008146492813522282,9.490567065910595e-241,1.8399993818740871e-121,7.779325512759074e-65,2.82888463896124e-73,0.000561395502977706,1.3395596399107567e-177,5.742e-320,0.0,1.3373137302959794e-275,3.942325092409699e-126,2.524862867975129e-303,3.0284939045799917e-230,1.1247826041292501e-137,4.963258230218757e-290,0.0,0.0,6.20218959e-315,0.0,2.19112941e-315,0.0,4.410457517253947e-221,5.389865825463321e-297,0.0,3.1712937e-317,0.0,0.0,6.485736733875008e-186,4.229377211730371e-82,5.074951942257269e-153,0.0,2.804029483001476e-112,0.0,0.0,0.0,0.0,0.0,5.52336765031525e-285,0.0,0.0,0.0,0.0,0.0,0.0,0.0,0.0,0.0,0.0,0.0,0.0,0.0,0.0,0.0,0.0,0.0,0.0,0.0,0.0,0.0,0.0
0.9996111763976766,0.0003880203823818758,8.032198391075542e-7,8.008200323446681e-15,2.9625938118192083e-44,2.5152836288163605e-120,3.637445738406566e-74,5.7778303710831946e-15,8.85621354954733e-14,3.403466714722492e-98,7.240971522913602e-172,2.744984192563498e-109,2.2433435783691775e-61,6.531898162283563e-132,2.010843811635637e-164,7.974511456636486e-217,5.572182733787629e-207,3.138148331544816e-138,2.7435125686876194e-22,1.8797323069723758e-298,8.62165229717e-313,7.1051344870694465e-183,0.0,0.0,0.0,0.0,2.9795355871873695e-236,0.0,0.0,7.6889511111920995e-236,6.042392241609444e-286,3.165550727705767e-257,0.0,0.0,0.0,0.0,0.0,0.0,0.0,0.0,0.0,0.0,0.0,0.0,0.0,0.0,6.920719534136217e-285,0.0,0.0,0.0,1.07975356109e-312,0.0,0.0,0.0,0.0,0.0,0.0,0.0,0.0,0.0,0.0,0.0,0.0,0.0,0.0,0.0,0.0,0.0,0.0,0.0,0.0,0.0,0.0,0.0,0.0,0.0,0.0,0.0,0.0,0.0,0.0,0.0,0.0,0.0,0.0
5.129660514878723e-33,8.881948279217511e-27,2.279869428235685e-27,3.3099367374557103e-37,5.434463791766057e-62,0.008986531325018634,6.232926800602e-104,1.4541568916141284e-79,7.993995591686458e-37,8.598566172964164e-33,0.02561054282941144,0.20045424919803412,1.1471256394729812e-6,0.3040263386852011,0.18483418788697867,0.18128961995799497,6.802704785832462e-23,0.00019586409083431275,0.0585663310659757,7.452143775435738e-198,2.515439832628546e-31,1.6369034717082686e-138,4.047749924573353e-242,1.972151290546868e-29,1.3126187222885958e-215,1.644692359704333e-231,8.806835202918679e-124,1.1443300424608668e-225,0.0,2.235228599722656e-163,0.024031326624016813,8.8616920904017e-225,0.0,0.0,1.1424762620331973e-290,0.0,0.012003861210894747,0.0,0.0,0.0,0.0,1.5974019944863756e-132,2.3343973385843664e-242,3.4251554045118625e-238,2.2986589779158387e-282,4.85e-321,0.0,1.0505497288830345e-303,0.0,2.293177628641201e-278,1.9078530052770898e-228,0.0,0.0,0.0,0.0,0.0,0.0,0.0,0.0,0.0,0.0,0.0,0.0,0.0,0.0,0.0,0.0,0.0,0.0,0.0,0.0,0.0,0.0,0.0,0.0,0.0,0.0,0.0,0.0,0.0,0.0,0.0,0.0,0.0,0.0
3.054978231170264e-295,3.59127485982989e-219,2.542793200175995e-158,0.0018711186177024996,2.1610611326567788e-52,0.2136299482485052,0.11228336752670531,0.04871457098764992,0.5793723263884984,0.03745053312105846,1.0459465071422284e-70,0.0007259751170282127,0.0016755760698243657,1.273078956770101e-9,1.1162835016164149e-10,6.683747109018534e-83,1.835302275040035e-16,0.0036789136921383963,0.000597668846125896,1.7316704005496808e-47,1.1646760562713641e-116,5.2399782786863513e-14,7.391972753040113e-165,1.2230801214982981e-89,1.3527684515047135e-121,3.37766159006898e-15,1.6230545902710432e-167,3.4665238505744347e-149,9.458999842124366e-94,5.194337367954825e-68,1.4762022457564134e-18,6.162023460102951e-147,1.4473551441905978e-231,4.0349518439176745e-257,1.984892553684441e-260,1.7386047481868263e-79,1.992175828089198e-205,7.88005680322142e-203,2.5123918997168607e-167,6.026926710388495e-254,0.0,0.0,6.110714548402934e-303,4.621653331066036e-285,9.975372282057862e-288,0.0,2.1562622469546507e-250,2.105640268111352e-281,0.0,4.814374120474281e-208,0.0,0.0,8.964893955712415e-296,2.785068196067913e-226,1.83577341449897e-259,0.0,6.9489531966848175e-183,0.0,0.0,0.0,0.0,1.6667585266e-314,3.663668302011598e-242,4.464335382327216e-239,0.0,0.0,0.0,0.0,0.0,0.0,0.0,0.0,0.0,0.0,0.0,0.0,0.0,0.0,0.0,0.0,0.0,0.0,0.0,0.0,0.0
0.21455160901463766,0.46116245765006975,0.2639707170508523,0.03593964844834028,4.991267466468196e-16,2.6837488462308364e-46,9.943635877757287e-44,6.870469133597815e-38,5.034932863503704e-43,5.78864767363051e-44,1.264558544425561e-108,7.928712607509635e-14,2.1433128858463282e-17,5.16245221986998e-118,9.799020150656143e-52,1.640150320553358e-123,4.102804379581205e-41,9.01350061960586e-74,0.024375567836020195,1.0719521661377987e-81,1.763451928271659e-173,3.543683291260675e-89,8.380175368567208e-102,9.810879377015665e-38,4.765966535639581e-241,3.86990957719993e-188,2.5891447346467543e-23,9.71640541446747e-141,0.0,1.5562333923792942e-296,1.4807626083489656e-44,1.4595326434788858e-171,2.5561600521728497e-151,0.0,8.083290817981775e-69,0.0,1.733108367227391e-171,1.920747611197141e-64,0.0,0.0,0.0,4.110986877713152e-165,7.677281109582694e-82,0.0,1.0408157199131398e-270,1.0549719979183267e-77,1.3688936960203142e-202,1.217886230821218e-130,2.5210803193714473e-133,1.7253004892019635e-196,6.314962346400067e-109,0.0,0.0,0.0,0.0,0.0,0.0,0.0,0.0,0.0,0.0,0.0,0.0,0.0,0.0,0.0,0.0,0.0,0.0,0.0,0.0,0.0,0.0,0.0,0.0,0.0,0.0,0.0,0.0,0.0,0.0,0.0,0.0,0.0,0.0
0.08661871366941558,2.46090021800558e-15,2.204904900300697e-29,0.4263027828298175,1.1298709776227058e-6,9.694041308548967e-59,3.256053733692028e-93,0.009424288701591375,1.8383740626893418e-96,1.7209517186748904e-22,1.5264501023855597e-58,4.3930599993713567e-29,1.7605185233773064e-139,5.104225002855154e-128,1.1788040511365299e-43,1.658557750487923e-55,0.3766338527090413,4.284717426050499e-99,1.1939642115838374e-100,1.0115706474552721e-115,3.398368724035538e-260,1.8453836774095164e-189,1.3456781311584885e-89,8.883331359971517e-114,1.531082184566088e-234,2.7251743398212914e-287,5.468421786723965e-190,0.0,1.404633869494952e-179,1.0013241941173822e-31,3.6535183387343317e-184,0.05522976775885976,1.4663463595838033e-124,2.8069004450820278e-99,1.8772193944617495e-307,3.9998240233853117e-125,2.3097579326765807e-86,5.137532295023911e-285,1.7589541678656382e-256,0.0,0.0,4.099851999459795e-92,0.0,1.1127458168984582e-302,0.0,0.04578946446029449,1.8258494178866328e-156,9.664174513798621e-209,0.0,8.325202583333115e-116,2.8957139313873478e-241,6.370195336406066e-258,0.0,2.3806858065751787e-308,0.0,0.0,0.0,0.0,0.0,0.0,0.0,0.0,0.0,0.0,0.0,0.0,0.0,0.0,0.0,0.0,0.0,0.0,0.0,0.0,0.0,0.0,0.0,0.0,0.0,0.0,0.0,0.0,0.0,0.0,0.0
3.3430591970503956e-229,0.0,1.8294409032225805e-163,8.422688311671779e-128,5.365026996090631e-102,6.432074691729015e-89,5.93996003165514e-68,8.906871086478048e-24,1.5747403862289115e-41,3.173994342929171e-14,1.0552809625065454e-30,1.4942417803813628e-31,4.773851899203082e-43,4.804090862448504e-9,1.5197610130363839e-15,0.11340029638013457,0.11159814802438597,0.04829585546252998,0.26035495257210417,1.0803098848904655e-12,2.9977348637825023e-53,0.06424151767284696,4.1726908113184676e-60,3.8127226574655985e-27,1.9312158670918038e-67,3.2022093129493544e-28,2.87619613510216e-56,0.046514252127538125,0.015190626804704845,1.608922682639377e-25,2.7804487158515067e-65,6.066731406895737e-38,1.746765099819799e-117,3.405617442023443e-24,0.08077072405894138,3.559732465986599e-93,3.4602243892095333e-7,1.8687600479620174e-10,0.05162326262277186,0.013220433409166725,1.6052975225916447e-28,4.93038997968583e-181,0.04106595733821302,0.01405401609593751,5.916402001481968e-143,3.118526765758891e-83,1.0759865078520268e-42,8.080147460326177e-210,7.657277834740443e-127,6.813522424989633e-5,7.26587225067405e-90,5.790613315307986e-190,0.09753232414904021,2.4830936663310652e-117,0.016374568618604753,5.9528815874561726e-58,6.0551868995874793e-148,1.4866511767415131e-74,0.012800437448097743,2.1927658549025036e-42,1.4766455439086982e-64,0.01289414097621296,1.4138691386456582e-140,8.526274829638758e-77,0.0,8.545385144388108e-81,3.9528282398932e-266,1.535355184832414e-73,0.0,0.0,0.0,9.157224664889101e-151,0.0,0.0,4.1692201189351744e-55,0.0,0.0,0.0,6.502549450180368e-181,0.0,0.0,0.0,4.4888604195232643e-153,0.0,0.0
0.0,0.0,0.0,0.0,0.0,1.219e-320,3.161574988748843e-212,5.7360806826613505e-276,1.324170442020661e-150,3.3975949923002194e-169,1.0477561663096036e-221,3.8520448822975814e-180,1.4675003496821193e-148,4.9243053085352153e-73,4.138745407209555e-105,5.549527838084021e-84,7.335182059160902e-86,1.3044065761250279e-69,1.434322392614634e-40,1.000551965515798e-31,3.989685319706277e-9,0.060841535318337484,0.20700517270968538,0.31693152033942024,0.19099145925799538,0.12438820494763334,0.018101613865410697,0.0125413549141341,0.007948774136090526,1.1182565339659608e-54,1.1688609347991327e-32,1.6922352068293508e-16,0.004797136066381625,3.4598968103210664e-35,7.8392722775623795e-50,2.294438493954634e-41,3.6865801876863224e-132,0.009456246695697437,0.004707953739334466,1.7964253677200517e-74,4.076998913651847e-96,4.783769307885926e-68,6.2250753215482475e-59,1.8863706862589578e-36,2.683228099627062e-80,0.017078575320022625,2.715673046686897e-53,1.2443572437901578e-43,1.275070546797025e-115,7.473508504722615e-154,0.005093239270400636,1.9260600698543379e-289,1.1134753355748215e-53,0.002520808150110901,2.004817430145101e-71,3.0789533708575087e-124,2.6535832281369566e-272,1.00950896379401e-58,0.005035078914483811,6.564976956836636e-120,5.765340058349951e-104,2.2101554326757363e-134,3.2871245909342928e-102,3.439085142574677e-191,0.0,2.9581285090818285e-25,0.007568624413923565,6.32577689594021e-175,0.0,0.0024698449087635554,0.0,3.992970169486669e-303,0.0,7.134517032794295e-34,4.3466178931308757e-219,9.925287137344749e-175,0.0025228530424888066,3.871163699853727e-211,1.0152571443828077e-202,0.0,0.0,0.0,3.4911963648292984e-213,7.048305697646801e-212,0.0
3.0443153070466476e-80,1.5583054652079514e-182,7.080135408595955e-19,0.05106588472532096,0.14280750682199939,0.03611366826802678,0.17846242413102573,0.10204414526486369,0.08686246958264658,0.029570446551253352,0.06209137428344559,0.02744054196238046,0.019967661066113543,0.012759807880880533,3.4369577920553353e-31,4.313881850945423e-64,1.3670157051441347e-110,1.5696078313773533e-52,5.115338033263853e-45,0.06373873926850819,0.06218500731092187,5.1611188343219724e-76,1.1185776764858007e-173,1.3856791390451894e-84,0.027068132441801278,0.011059108170420958,1.552726022880584e-51,4.009752879981443e-45,2.8630539806836812e-204,4.122854316069147e-139,3.1330667137792476e-154,1.613155559242069e-82,1.1518009485255557e-33,1.7717609266065473e-48,3.157401286833271e-221,9.301658031410205e-86,0.0,3.3215654461379163e-150,0.010927416966322486,4.729208974155736e-278,1.1179018681723629e-278,0.0,7.0062159971519046e-186,1.6339281834719694e-75,1.489480505218028e-98,7.447951180865386e-271,5.5390759446535564e-40,0.032748997726488364,7.79239184303336e-13,9.648258507e-314,1.9689891923579227e-166,0.0430866675768011,0.0,1.377954462193641e-215,6.96771311045015e-260,0.0,1.5185114750403253e-286,3.031773634121173e-237,1.4237562034944182e-237,0.0,0.0,0.0,0.0,1.5539783328162152e-289,0.0,0.0,0.0,0.0,0.0,0.0,0.0,0.0,0.0,0.0,0.0,0.0,0.0,0.0,0.0,0.0,0.0,0.0,0.0,0.0,0.0
4.2548689904537524e-54,7.323780264925727e-34,6.034778308103608e-11,0.6475462558952815,0.07216918703729616,9.077983756752445e-15,0.10815057508853515,1.826021833275612e-39,6.415137691401205e-22,0.027212967097717526,6.59516856754002e-47,0.0005032325913388396,0.07515169395845375,6.490707219929885e-87,7.315869970275996e-69,0.009992597029541042,0.03077771577465519,6.463722417185497e-29,4.768342635988438e-59,5.606405451157662e-77,4.9821841717141045e-54,3.58173020793601e-26,1.4553173722284058e-84,9.610486874857984e-122,6.094715856471944e-10,8.288231992707567e-67,6.120465808966239e-174,0.01826182873652688,6.347399410209777e-134,5.637729095377805e-157,3.803352206015488e-99,2.1039862004598873e-49,1.9997434207945733e-112,7.940642542921102e-124,5.0814525733181e-212,2.607135779428017e-196,3.612635206810411e-210,3.709110728668756e-171,2.5931443072e-313,1.9425764004940216e-187,0.0,3.589796366644667e-188,1.4347720650668057e-97,1.763800884606234e-26,9.315504829131408e-278,8.364522693761114e-42,0.010233946120825527,2.7169069765110444e-243,4.8992764316757734e-223,1.3985699995332112e-112,2.801377388545216e-91,7.563361381773089e-157,7.194856159129536e-302,1.322158700944474e-153,0.0,0.0,0.0,1.044947980391344e-291,2.5340204802684e-311,0.0,0.0,0.0,0.0,0.0,0.0,0.0,0.0,0.0,0.0,0.0,0.0,0.0,0.0,0.0,0.0,0.0,0.0,0.0,0.0,0.0,0.0,0.0,0.0,0.0,0.0
3.6347533114886996e-17,0.8243640572019125,0.023502940812211798,0.11252136993854746,3.650906929946309e-40,3.469453071798379e-24,4.664648626776759e-40,0.016725821298121852,3.196581009799965e-39,8.268591591925288e-36,4.414003288084885e-73,5.55015055632775e-37,1.0832804201471567e-116,2.8076945554090353e-96,1.198291021581032e-143,6.923881934896867e-152,1.7383337364036846e-49,7.613293826770714e-76,6.489188964172255e-154,1.4362285554150474e-13,6.479643574698623e-198,9.300098791279167e-208,1.55220953929968e-290,7.404783348533282e-22,0.0,4.9751109436281017e-175,0.008959539610583387,2.265633461227527e-212,0.0,0.0,1.6493673016102423e-54,6.410452444787558e-186,7.498464545048141e-62,0.0,1.1695542683770315e-233,0.0,0.0,5.259251302428993e-136,0.0,1.4905547408176304e-244,0.0,7.416906280091005e-266,0.013926271138479388,0.0,0.0,5.459559668510379e-136,0.0,2.5052086775203637e-208,0.0,8.292168434888049e-227,1.6357551870697763e-235,0.0,0.0,0.0,0.0,0.0,0.0,0.0,0.0,0.0,0.0,0.0,0.0,0.0,0.0,0.0,0.0,0.0,0.0,0.0,0.0,0.0,0.0,0.0,0.0,0.0,0.0,0.0,0.0,0.0,0.0,0.0,0.0,0.0,0.0
5.566979657410972e-60,1.6775720532843473e-10,0.005568606440856498,4.3022699176811516e-16,0.16818341650279345,0.8254047322345446,0.0008432446540477965,1.9583480192150337e-46,5.551987594657836e-22,5.294601967064523e-18,1.2414203764742244e-94,3.8958410734565395e-30,3.2306537109436004e-80,7.739853227233707e-30,7.204846899651999e-141,3.7058936922908276e-42,6.727753319329694e-30,3.128903766025274e-50,3.3054249680631674e-82,3.499988902830843e-109,2.5634341027920497e-166,1.229017985560239e-91,1.014336202603907e-58,1.1105230616949406e-184,1.7251512046545476e-87,1.8499454671220684e-195,2.4411359182031333e-290,7.211448905472949e-129,4.606810938498233e-277,3.037903793102979e-105,1.6923492060353447e-131,2.7429316053499943e-133,3.6872754363080913e-265,2.263691148201532e-224,3.7822594375306515e-182,4.925673750017406e-197,2.825479371091666e-288,4.352865107e-315,0.0,3.36336012550406e-310,0.0,1.630836457586952e-252,1.534285507723562e-228,1.2009446542181654e-154,0.0,4.870117055699723e-290,7.254716715e-314,9.050887065274333e-217,0.0,7.112769607890757e-141,7.353799710721073e-233,2.326e-320,1.0671585594009992e-201,0.0,0.0,0.0,0.0,0.0,0.0,0.0,0.0,0.0,0.0,1.8727252657887287e-130,0.0,0.0,0.0,0.0,0.0,0.0,0.0,0.0,0.0,0.0,0.0,0.0,0.0,0.0,0.0,0.0,0.0,0.0,0.0,0.0,0.0
9.472280078775898e-80,5.0810788695415827e-82,3.629906031924661e-30,4.215020867907419e-73,5.059551211586924e-56,2.3413965327818157e-39,4.665278192527005e-71,4.1316542670174334e-66,3.100430434442163e-46,9.702740153323685e-85,8.311202659450964e-124,1.014847090266908e-91,2.6089952294288154e-144,6.459860887286815e-147,7.074406595195285e-53,0.054586475847774735,0.0283701804411813,0.15662531241685593,0.2212853782147326,1.025900013863549e-169,1.8587801693699192e-99,5.851089737515615e-133,0.13022098949159033,2.964672920721148e-102,5.2099158254410236e-250,1.2576671288342403e-93,1.2103029987946648e-116,7.0895197452459746e-208,2.5279326589709294e-190,9.494028196308166e-155,0.05137856340927551,0.07681512117909668,3.25123440428982e-173,1.377910789702577e-100,1.6902376228503297e-109,3.208256741973785e-256,2.569757250630549e-201,1.0919987960416278e-219,7.405388573212635e-142,1.7676300242479373e-222,4.125689909609585e-276,0.05114933780884913,0.0,0.025578953241167247,0.051013882510455064,9.049893966234555e-59,2.3656144851690832e-287,4.992778640344737e-209,0.10187551563956458,1.6221523388950045e-95,0.051100289799456876,0.0,2.8957318249703076e-220,0.0,3.3389497472346637e-271,0.0,0.0,4.327151279605475e-208,0.0,0.0,0.0,0.0,0.0,6.643197448712832e-235,0.0,4.314267270583244e-273,0.0,0.0,0.0,0.0,0.0,0.0,0.0,0.0,0.0,0.0,0.0,0.0,0.0,0.0,0.0,0.0,0.0,0.0,0.0
4.835912444897924e-68,1.7145227891564867e-54,3.7618080724266624e-33,1.631103063302746e-54,1.1641807534155167e-41,2.0268113940619957e-45,0.22467613322542127,1.3494953550296466e-36,1.616927781988946e-102,0.07329024774396256,0.032590228255051694,3.489901334748074e-42,3.209034535180933e-42,1.1118672667435233e-39,4.3368329057457124e-45,2.166040801198513e-60,1.603040245406669e-66,0.041744697418053846,0.24837149349775986,1.3056267934865445e-94,0.15981539600065692,0.1397213243801349,2.6447014423309504e-114,9.352543284475073e-11,0.020356840781054316,2.441658833609525e-129,2.3559727468539223e-37,3.772946411132297e-158,3.245574884688233e-102,3.1559618333255935e-33,6.301816819103805e-68,1.3645321246262202e-74,1.647405173977696e-81,1.946352103457854e-167,3.184283631205476e-138,4.462225584528012e-267,7.1208511334674e-120,0.0,1.1688372843064175e-247,5.23921779602615e-96,0.020338117949721825,3.5520810622507786e-299,3.8792799999869275e-212,0.020338109736907754,1.846880182818379e-60,1.0778348722422376e-193,4.0942048396606e-180,3.388811537976892e-172,2.6234222671954642e-104,0.018757410917749608,5.584503010708065e-92,2.2043832073692715e-193,7.36411213611872e-281,4.0656597885433726e-226,0.0,0.0,0.0,4.531183446319969e-131,8.385692265744739e-255,0.0,4.612776616322201e-151,0.0,0.0,1.2073191065147636e-133,0.0,0.0,0.0,0.0,0.0,0.0,0.0,0.0,0.0,0.0,0.0,0.0,0.0,0.0,0.0,0.0,0.0,0.0,9.0484605e-317,0.0,0.0
2.63939511883e-313,1.6832010134749945e-213,3.541124742951952e-107,9.386345782878674e-54,1.9884495528573585e-30,1.1795295657818508e-5,0.1259349724535818,0.24074505507294255,0.15691726930441263,0.094539877883254,0.2570283952028287,0.09035411708747532,6.775040186933364e-24,1.1893787934619996e-49,1.3018546951816002e-45,4.051922025721962e-53,5.030060054050874e-56,0.034468517699847184,6.234448795452502e-75,1.295748287381084e-61,9.085149966547174e-131,2.8121948712840086e-79,8.280113756657428e-22,5.465839743484327e-40,3.95724605190287e-133,5.821294460192025e-197,5.973264934788729e-94,5.0063951580196674e-80,9.141541012904777e-114,2.6451542760846852e-126,1.4825062457240194e-81,3.2060184145662604e-114,2.3219789368743174e-71,9.049993794310153e-127,1.1430426804588537e-148,6.502666182744915e-184,6.99691465062988e-171,0.0,2.3637888138363496e-254,1.2549817274533718e-54,9.745107076813025e-193,2.2869276450127596e-262,3.913499095723125e-174,3.650512573732087e-224,1.0193566452829088e-216,4.440685372591457e-222,3.7005444041829584e-98,2.7008749220190222e-304,3.533708939248479e-259,1.7785556193804117e-150,2.1720258478622167e-172,1.2828452898447763e-180,3.643030620784739e-207,4.5442858991018696e-161,1.2279263485654115e-276,1.427935113325825e-309,0.0,7.74448025349942e-211,0.0,0.0,1.0229942476258309e-146,0.0,2.5640965896106565e-239,4.688385949008931e-241,0.0,0.0,0.0,0.0,0.0,0.0,0.0,0.0,0.0,0.0,0.0,0.0,0.0,0.0,0.0,0.0,0.0,0.0,0.0,0.0,0.0
0.29515009925617935,0.6952878055444002,0.009562092048257783,4.2914919604256894e-18,2.7724762696934793e-39,5.818227802318127e-80,1.4912334913074763e-42,3.173464965342655e-69,1.4515417175907432e-107,8.038522075001958e-109,8.719741435953453e-10,5.551101699771319e-85,6.384171772956107e-70,7.885585841048067e-99,2.2791886487219165e-9,1.38346834841472e-48,8.126844261720796e-160,3.545251768205911e-150,4.427522730353422e-96,7.680541485344805e-220,7.15259576296283e-108,2.557500485460482e-294,1.5901895890140335e-267,1.952e-320,0.0,1.7358405694615946e-297,2.851538768022578e-262,0.0,9.100149029823407e-271,6.020379413557174e-166,8.0e-323,0.0,0.0,0.0,0.0,0.0,1.048620852504174e-141,0.0,0.0,2.854411196736313e-289,0.0,1.302270822185673e-160,0.0,0.0,0.0,0.0,9.2284263e-316,0.0,0.0,0.0,0.0,0.0,0.0,0.0,0.0,0.0,0.0,0.0,0.0,0.0,0.0,0.0,0.0,0.0,0.0,0.0,0.0,0.0,0.0,0.0,0.0,0.0,0.0,0.0,0.0,0.0,0.0,0.0,0.0,0.0,0.0,0.0,0.0,0.0,0.0
0.0,0.0,0.0,0.0,3.2753925428140565e-300,5.71069817085545e-310,5.659200984088749e-189,7.807590350134257e-147,3.5874814554188264e-171,1.9641903713477807e-179,2.7788705182722215e-154,6.261194199349682e-135,1.8144089606406672e-34,3.734787996069638e-71,8.415087333758734e-79,1.145036645538721e-54,1.4286499538818423e-58,1.9151006046364451e-25,0.01728631442627039,0.24012265008648637,0.3431613536062163,0.25467028414793147,0.11104172820991026,0.02022690769644356,9.566558588584604e-36,2.8026202242530023e-58,5.78403413128625e-59,0.003984274814486118,0.0011635805590224093,8.984481778009076e-35,1.0750882422028837e-37,4.480196041810919e-21,7.263124722040763e-136,0.0013956072843147697,6.93766129597052e-177,2.506702454926241e-42,1.213726736934673e-55,0.002332809866434388,4.6714419261493946e-23,1.7988306601262523e-136,8.947914864403878e-172,1.0212196156629887e-149,5.210952300800019e-156,0.002748712006686082,5.5209427257299146e-126,3.098799043078705e-48,1.2316785478126273e-58,5.422853975487234e-91,1.5124042516797487e-219,4.836768368874011e-225,5.438583566213979e-20,1.301226448133822e-279,1.4074301752880769e-159,9.790555932870331e-202,4.113185818812463e-136,0.001828216106466634,1.4503390051343722e-292,4.937852572420235e-71,1.4347390566080233e-43,7.712584956703348e-193,2.3869522973920376e-272,3.529313453414621e-133,4.197359616652789e-22,8.695717329987957e-189,0.0,6.17519174918288e-112,1.6573094144710522e-211,1.8676488801451156e-181,0.0,3.756118933130772e-5,0.0,0.0,0.0,7.920085430092394e-162,2.15084866492485e-258,1.0582875468278987e-260,1.4044999546328543e-196,2.907501287768782e-289,4.182801896415754e-283,0.0,0.0,0.0,0.0,4.1555155042195832e-286,0.0
0.0,0.0,0.0,2.6175521746031895e-280,6.801878974381066e-163,8.583410354498567e-133,3.176337001494423e-89,1.2673753803973622e-118,1.0286572893268929e-83,7.692666418279809e-125,2.220245444785805e-135,2.3835153373801458e-27,1.3918289998640396e-50,1.2341344292108384e-14,0.004368981562853667,3.44923617850871e-63,2.183837461417527e-68,0.006582946309945841,0.002253149978678302,5.051171542103703e-16,2.733790732920567e-25,9.579254165891946e-36,5.638604639201926e-34,0.028373927613785592,0.045359254331130354,0.02330718153054884,0.09090594117201116,0.1280436440852081,0.15185961227714007,0.12426240826805768,0.05474135741476352,0.04878171089529816,0.039601400451853744,0.04952784542208038,0.013216231990308566,0.008054359158847578,1.468960690024461e-45,0.007618910310869066,2.0684693098047933e-34,0.020500085355341695,2.9114963071287296e-58,0.004046462856839498,0.01592729104307492,0.013539879718843635,0.007677897855661944,1.8500941129714446e-38,0.0037272356444082748,0.00782256886576092,0.003886146837167971,8.143828334857003e-141,4.907369052701377e-81,1.283811211779775e-163,0.007922040366173777,1.4844784355556576e-78,0.011755642949636215,5.6942912772777915e-151,2.0058873040468567e-99,1.5778223113745974e-69,3.0843906845097184e-78,0.009780058070819945,1.6581226055392837e-85,0.015633169428572576,0.007902012145834391,0.01564508282636544,0.0,0.003911128611625752,3.261015329324343e-154,0.003908791592350842,0.0,7.443706991403685e-21,0.0,6.435986903129936e-193,0.0,0.003911128611625751,5.026173393542619e-43,0.003911128611625751,1.0290417247284326e-109,0.003911128611625751,0.003911128611625751,0.0,0.0,0.0,9.809076456134799e-162,0.003911128611625751,0.0
0.06446487931802218,0.25626780146102024,0.35590464147242995,0.23984684097680165,0.07949287703606497,0.004022959735660692,2.4938383294812583e-105,8.593623727969627e-40,1.3355429455325296e-79,1.4625102141524581e-58,5.7790673397179336e-80,6.346413150132671e-127,4.8883321014743e-114,8.5599397501131725e-106,6.6414610351067825e-130,1.7952846825885024e-80,3.2839123416829637e-39,5.589946900675321e-106,1.3949419605269902e-50,2.1468311530756808e-155,1.2130284353820893e-301,7.648007862067547e-179,6.826067156858001e-118,3.7002426776947386e-199,1.8746702228661323e-187,3.198183329363277e-240,8.99256769593404e-303,2.8591590435219293e-242,0.0,3.7692961140203253e-152,6.045552125016955e-239,2.229732493791131e-147,0.0,2.0867126910118749e-280,0.0,0.0,1.655236499269903e-309,0.0,0.0,3.135257755001736e-296,0.0,0.0,0.0,0.0,0.0,8.816813437547026e-283,3.0382256788839704e-267,0.0,9.67764725147517e-295,0.0,0.0,0.0,0.0,0.0,0.0,0.0,0.0,0.0,0.0,0.0,0.0,0.0,0.0,0.0,0.0,0.0,0.0,0.0,0.0,0.0,0.0,0.0,0.0,0.0,0.0,0.0,0.0,0.0,0.0,0.0,0.0,0.0,0.0,0.0,0.0
0.0001744600270164332,0.022330687701116864,0.8126620972912957,0.1549468856409056,0.00010220732046003769,2.728069889414599e-57,0.004331491556633928,4.357725124523567e-21,0.0004610944396739227,1.0629582615556493e-5,8.518155556745885e-47,9.459008706526966e-29,0.004980446440281762,2.6391309918509818e-104,1.0446265866014144e-51,1.6781025226769646e-81,2.270583545465079e-113,1.5103077638084348e-44,4.73545406203034e-109,6.348658560986132e-145,1.1451861195059976e-236,3.432418583632543e-139,4.85323780968366e-258,3.307503373218443e-222,9.457600595623135e-290,1.2360084738490068e-243,5.055280522782549e-219,1.957474616525156e-273,4.656401613420209e-265,1.251855800542267e-153,2.106904084355936e-239,1.0989925767928406e-124,0.0,0.0,0.0,0.0,2.9563078518703234e-217,0.0,0.0,0.0,0.0,2.0586732163948942e-305,0.0,0.0,0.0,0.0,0.0,0.0,0.0,1.0369442060153668e-272,7.658700989490322e-148,0.0,0.0,0.0,0.0,0.0,0.0,0.0,0.0,0.0,0.0,0.0,0.0,0.0,0.0,0.0,0.0,0.0,0.0,0.0,0.0,0.0,0.0,0.0,0.0,0.0,0.0,0.0,0.0,0.0,0.0,0.0,0.0,0.0,0.0
0.31854099927867185,0.6280569107152454,0.04641769795896888,0.004542934573831876,0.0024414574731699257,8.325638516066207e-196,4.800487050859345e-78,6.261571165388341e-14,1.7420862194120747e-109,4.7050831923820193e-23,4.944158066370955e-14,1.8324205566661577e-32,1.1999851982415038e-138,3.4764172453789484e-105,1.8313071889649487e-97,2.38843725594685e-135,1.2861702441794186e-119,7.33199186444187e-138,5.331073791833516e-268,5.53822164742943e-145,0.0,1.2224792945824382e-239,0.0,4.89346439041727e-310,0.0,0.0,0.0,0.0,0.0,5.4119780651064e-156,0.0,0.0,0.0,0.0,0.0,0.0,4.832953510417246e-304,0.0,0.0,0.0,0.0,0.0,0.0,0.0,0.0,0.0,0.0,0.0,0.0,0.0,0.0,0.0,0.0,0.0,0.0,0.0,0.0,0.0,0.0,0.0,0.0,0.0,0.0,0.0,0.0,0.0,0.0,0.0,0.0,0.0,0.0,0.0,0.0,0.0,0.0,0.0,0.0,0.0,0.0,0.0,0.0,0.0,0.0,0.0,0.0
0.9930100256623704,5.878961036233496e-6,0.003956196746821685,5.082905641019345e-40,6.535304463608895e-93,4.364865695853737e-122,6.755119541821488e-85,0.001307965924649899,0.001719932705121982,1.4472545248772039e-153,7.54540695908088e-173,2.3123200880810962e-166,6.42378104459241e-154,7.362386150312575e-166,1.1063874862044673e-115,5.718671943217184e-225,1.8637047574441296e-217,1.875678632104033e-132,5.4290144042713636e-101,6.935592819547732e-257,4.105467344574752e-205,1.5727197352039093e-164,0.0,7.7563566083136805e-236,0.0,3.358950504399864e-272,0.0,0.0,0.0,2.8811391084116547e-167,7.160089279873779e-276,1.4376565547628716e-201,0.0,0.0,0.0,0.0,9.8e-322,0.0,0.0,0.0,0.0,2.6345737134113844e-280,0.0,0.0,0.0,3.615910066601708e-297,5.551134002743866e-306,0.0,0.0,0.0,0.0,0.0,0.0,0.0,0.0,0.0,0.0,0.0,0.0,0.0,0.0,0.0,0.0,0.0,0.0,0.0,0.0,0.0,0.0,0.0,0.0,0.0,0.0,0.0,0.0,0.0,0.0,0.0,0.0,0.0,0.0,0.0,0.0,0.0,0.0
6.270492864653887e-284,7.538446708283343e-224,1.125467153993215e-112,5.695703327236097e-8,6.076698356847837e-53,9.757537080632059e-7,0.0017948057911752794,0.9891801219995805,0.007190166044573307,2.3165895389920136e-5,2.4683012851799873e-43,1.20542136162648e-5,0.0017986444022294013,1.0528820058040712e-14,4.1736681747109734e-14,2.2044522648743005e-56,1.103905873218124e-14,7.2321784998801304e-9,1.7104520206515263e-9,3.815473426960013e-56,1.7087329635054804e-79,1.2229453215662264e-30,1.1661665474586795e-107,3.011292901834611e-72,1.2812955451731976e-83,3.356044992663611e-25,2.3576468333691283e-120,1.6805632056710863e-170,1.326169888290772e-88,7.198763789510346e-54,7.838534077972874e-46,1.1916447553998476e-130,9.422370668557168e-206,1.2829483480367736e-205,6.060030033868289e-207,3.5780164169624664e-94,1.235232833344532e-252,8.238045181646966e-202,3.71671229189019e-133,7.421608648812829e-236,0.0,0.0,3.9653250626096025e-214,5.152428759608801e-286,7.093194437186662e-258,0.0,4.350388224688755e-242,2.0796268159488902e-283,0.0,4.457019299172044e-218,0.0,0.0,3.603753025040589e-241,1.0357955938255759e-30,4.8118673470318155e-180,0.0,6.08623372061254e-77,0.0,6.109997631541776e-293,0.0,0.0,0.0,3.5650017853066895e-217,1.1984264979047187e-286,0.0,0.0,0.0,0.0,0.0,0.0,0.0,0.0,0.0,0.0,0.0,0.0,0.0,0.0,0.0,0.0,0.0,0.0,0.0,0.0,0.0
6.667659589494761e-6,0.9996359431242531,0.00035602841135532533,3.3474454841336976e-9,6.3063216432159035e-15,1.397524887101732e-144,3.6146596452929915e-60,1.963260683883181e-7,3.3746973817158313e-133,3.365070437148398e-22,1.1611312816739185e-6,2.3507345352720605e-28,8.37379461610575e-145,6.534870679497429e-68,4.270925677376157e-95,1.7761115961007455e-124,4.681115722920632e-80,5.96221533101421e-120,5.3826125936840064e-151,1.7757917584306487e-135,0.0,2.3960901774270274e-210,0.0,9.836629832093878e-190,0.0,0.0,0.0,0.0,4.154416494359472e-278,4.181242577022115e-91,9.847012180242608e-88,1.3096188790269093e-199,0.0,0.0,0.0,0.0,9.880914509967379e-88,0.0,0.0,0.0,0.0,0.0,0.0,0.0,0.0,7.23303e-317,1.1738999197355086e-278,0.0,0.0,1.3535501796296084e-276,0.0,0.0,0.0,0.0,0.0,0.0,0.0,0.0,0.0,0.0,0.0,0.0,0.0,0.0,0.0,0.0,0.0,0.0,0.0,0.0,0.0,0.0,0.0,0.0,0.0,0.0,0.0,0.0,0.0,0.0,0.0,0.0,0.0,0.0,0.0
3.009110918476503e-156,1.861487658424923e-42,4.631120480382245e-36,2.1686111771773137e-36,0.3264934997420734,1.167369971930687e-41,3.737234569224554e-46,0.03519951167851022,1.0426052909760064e-47,2.7039113288254185e-18,9.353698320091552e-56,4.5259669784633465e-54,1.5322575327604266e-116,0.10218190363504771,5.186938671002752e-126,8.370990188247405e-87,6.796622866750675e-45,0.0009082338206594658,0.032367165117883116,6.984422771599832e-41,0.06881663000255095,6.697187223884775e-145,0.05655027456219373,0.07638871404202288,2.7183840431863585e-9,1.6768950064589256e-88,0.09104373985096721,2.7715554452083464e-60,7.344546319489662e-52,7.238542089192805e-140,2.686359152851284e-126,3.4874139936000025e-214,1.0126715272240337e-75,0.11433622642289454,0.01890522818976765,4.008920825909273e-128,3.410599754128741e-286,8.845537364325798e-306,2.0333691157667998e-266,0.018965164770608757,0.0,6.29694680466538e-237,6.58879904259979e-82,0.0,9.259897501087289e-101,1.110382614748704e-122,6.27786563082969e-62,1.4891365003645576e-32,0.038600369879351795,5.981451107401176e-66,9.757592958321745e-146,1.744579315905383e-271,0.019243335567084557,3.438253545064701e-154,1.0054440200830499e-226,0.0,5.72195601315403e-247,7.137544254213489e-242,0.0,0.0,0.0,0.0,0.0,0.0,0.0,0.0,0.0,0.0,0.0,0.0,0.0,0.0,0.0,0.0,0.0,0.0,0.0,0.0,0.0,0.0,0.0,0.0,0.0,0.0,0.0
7.107782695932584e-6,0.9997256947604496,6.192828862635991e-5,0.00020526899644170488,1.6665448432950124e-10,1.0945352396535105e-53,2.528037596360969e-37,5.982404113061016e-36,5.578844450772966e-31,1.8764034871678e-20,5.300241292331263e-17,1.9068976033007793e-15,9.601379490439676e-22,3.3827288760898133e-85,2.875569614100058e-72,6.721110569904925e-58,3.568412053201581e-77,5.130007152776384e-12,2.523338377797226e-129,5.98439180937245e-106,4.92142165916e-313,2.450453257364769e-172,9.793481613531474e-245,4.4858677749230255e-161,0.0,0.0,9.429473810565787e-187,9.099308071899696e-299,9.236589883482707e-267,1.0083840313960909e-55,1.0496696000371136e-298,6.874754630497981e-285,0.0,0.0,0.0,0.0,2.3733960838781876e-140,0.0,0.0,0.0,0.0,0.0,0.0,0.0,0.0,1.0638797670793783e-213,0.0,0.0,0.0,2.40593888464e-313,7.412076991872094e-268,0.0,0.0,5.5e-322,0.0,0.0,0.0,0.0,0.0,0.0,0.0,0.0,0.0,0.0,0.0,0.0,0.0,0.0,0.0,0.0,0.0,0.0,0.0,0.0,0.0,0.0,0.0,0.0,0.0,0.0,0.0,0.0,0.0,0.0,0.0
9.252796966965765e-298,6.454037159757842e-284,4.307242929017703e-127,4.7521557729554386e-182,3.4799217346944326e-129,1.6848201458688452e-112,4.228079004597647e-107,0.01446987623265322,2.9272540570060645e-79,3.9963532897449245e-114,7.965627885409093e-32,1.6537518039368852e-58,1.1590090714642695e-69,5.866366465581781e-17,0.028682342328956664,1.4444984897831795e-16,1.867927466136673e-70,0.026948207263588157,0.05872817442093598,0.054008993828433584,1.0979015523553634e-53,1.8713807278620873e-77,0.0666549677169815,9.941665154289807e-33,9.512010160503921e-71,2.810894018192909e-32,3.535059158570322e-45,8.604731651491732e-38,7.686835226236174e-73,0.037985442061903664,4.5897681960612175e-83,2.1509137243964446e-27,2.3969445018465988e-46,1.6665819967795841e-63,0.018569410855220046,2.530413194443863e-103,0.0836995321508149,1.3453309087681833e-96,0.08048457781936699,2.5297332000993956e-63,0.03125270858577025,2.830215743489743e-119,5.489123543228464e-18,1.7506470091574134e-126,1.5678053640341615e-76,0.028444660882695982,0.012747791631234105,8.617860716713203e-43,0.06870913762086339,0.028835728452904715,0.11132587789140508,0.013921977952176956,1.241229908382148e-33,0.027804551066897304,6.08524639151672e-19,0.013972297130222315,0.06974157059608752,1.1170203048348456e-80,0.05703973032718764,0.034862915567656014,0.029974933111769658,0.0011345945042742368,5.1277888118718995e-82,1.5895498077306432e-60,0.0,5.42774643613856e-73,4.9096484656000476e-169,3.960525545472967e-167,0.0,2.511650298e-314,0.0,0.0,0.0,1.5349360305224694e-172,0.0,3.311541164657287e-171,5.0789076019649746e-295,2.1237844675855147e-174,6.205704518300849e-125,0.0,0.0,0.0,4.37240973565856e-114,1.1608595864328213e-151,0.0
1.8905098707322723e-222,2.2097885048849847e-113,0.03622998349033453,8.748426674627032e-66,0.14309386695744922,0.052825187492585364,0.05076902857750813,2.011682244148941e-81,2.316182593113711e-61,2.0508061265683932e-142,0.12945924316402418,0.015938923961696383,0.047808645426735144,0.016011883448226998,9.816920649079773e-129,3.854624638655199e-77,1.0271858278962617e-84,0.04991154277130713,4.716120613165575e-161,0.03252789355318471,0.03354843280838391,5.362194675865458e-144,0.016830480967118155,0.0360985328698681,0.018752046557264028,2.146222854032762e-150,0.016168995900801127,3.011424742050379e-30,5.393248306217132e-63,2.156884160501587e-87,2.3231820613220747e-153,1.282779391675807e-273,1.205410377889185e-149,0.018087984185336373,0.02722294673767093,2.7781723882912164e-139,0.032353717144357794,0.0323767985489706,0.032332782554437244,1.589185193341975e-167,0.0,0.048505395301738724,1.8024547500208937e-58,3.64397704517518e-8,0.032341876920586425,6.373107347177498e-171,2.7761065055633955e-112,0.06463965459086349,0.0,2.2133780076765744e-255,1.2172963247729937e-104,2.0321287754194949e-199,5.653618616658496e-115,2.8075840396680716e-290,0.0,0.0,5.2709372874561695e-236,1.3285550706562221e-195,0.0,0.0,0.016164119629780944,0.0,0.0,0.0,0.0,0.0,0.0,0.0,0.0,0.0,0.0,0.0,0.0,0.0,0.0,0.0,0.0,0.0,0.0,0.0,0.0,0.0,0.0,0.0,0.0
2.820622839690448e-72,8.36749728616215e-279,7.635132440431448e-138,5.5296273718059866e-132,2.599124298087858e-93,2.0053991314370516e-41,1.3296608904644356e-30,1.4021392490837288e-18,0.1697740660518334,0.2917653047758846,0.10742139228071998,0.011186877424393196,5.187201522699121e-30,8.456068001215723e-13,7.909029116883967e-5,1.214419437181724e-50,0.06511667578800008,0.026512240948019836,0.016639420812218714,5.211181194006509e-35,0.05134809193277792,0.04916533325560074,2.0356972096180197e-46,0.009024317687044578,0.0505362320584755,0.040035882540719464,0.02471513372632383,2.904655656880229e-124,1.7440387606979688e-66,0.011471851074264973,1.6192102006657842e-97,0.00948942222664748,1.1988179912192968e-47,3.443315383395481e-59,1.0653627900478373e-69,1.1632545510509735e-69,3.8174039386530583e-168,0.02555881740447233,3.578468166314853e-179,3.930003004644169e-54,5.095456284509611e-119,6.550349055887419e-244,1.2748228218845668e-193,3.5472134208291007e-36,5.713081726251225e-7,8.000473690704173e-49,3.470310400595106e-180,2.147533693923979e-57,1.5295190853889943e-207,0.0401592784124163,1.4706725146540255e-141,3.040934348047591e-237,9.93525642791126e-106,5.2750690292069214e-223,1.4325932549036683e-96,0.0,4.197716164676529e-151,8.181870856802319e-132,2.957639166381864e-216,2.9765406607647663e-206,2.4611013117012975e-231,1.2888515864601387e-164,9.686661880788591e-196,3.750231232475089e-92,0.0,1.2144755652851507e-238,4.422978864197334e-127,6.955564472699205e-270,0.0,0.0,0.0,5.583752090107423e-185,0.0,0.0,1.8248186874191958e-222,2.65430746e-316,0.0,0.0,5.629309991783633e-284,0.0,0.0,0.0,3.1218476142504746e-253,0.0,1.2879615426163472e-38
9.963410420639906e-58,4.516220546667063e-61,1.6924163908696868e-13,0.680887003069211,0.10561540855779256,0.1323765227109312,5.79739263353612e-7,8.768219632137641e-34,0.047547516905289536,1.0206505489534587e-38,0.010536920189989552,0.02303604882685239,1.774696707676669e-49,5.703131268365386e-41,1.0108521033182578e-108,1.0337227782461536e-17,1.9642650400317205e-53,2.923915340939811e-20,4.094301494357017e-37,4.504219359734928e-54,1.6891463514107452e-84,1.9821359274169174e-54,2.3229522587266752e-18,1.1645409476848601e-101,8.902486510346312e-43,5.212875471168448e-79,5.020728456007054e-153,5.012343337579194e-13,5.518234816107759e-71,1.0118498267963882e-48,5.009218750525411e-110,2.1009103312577114e-82,6.933505837993274e-114,2.759194951229796e-71,9.858792873975936e-36,7.280918068793356e-148,2.752425509860509e-280,0.0,0.0,2.2833769372831385e-93,0.0,1.0653106448334533e-186,3.214098856138391e-99,8.872788467261689e-142,6.347916740180567e-294,5.219499936380788e-158,1.1124986665156357e-97,4.048287444034916e-97,2.6925974433416036e-269,1.0207596187531627e-144,7.099963661808145e-69,1.0284968140603491e-221,5.414124782073011e-99,4.567146153437436e-264,2.773320482654976e-251,0.0,7.5306503772e-313,4.074446733898471e-195,0.0,0.0,0.0,0.0,0.0,4.267120213615062e-186,0.0,0.0,0.0,0.0,0.0,0.0,0.0,0.0,0.0,0.0,0.0,0.0,0.0,0.0,0.0,0.0,0.0,0.0,0.0,0.0,0.0
1.6065011706100188e-110,1.3336080409888878e-97,4.811281033066907e-40,5.500321496172195e-29,1.0715368409453572e-25,4.939492813356366e-13,2.892433683248067e-7,4.9587069293076424e-24,0.08746939195595609,1.4931837490846223e-32,0.1939756026914029,5.411734812039408e-27,0.03336084971854617,0.030610399666442245,3.5222684846780297e-65,1.0802014714418107e-45,0.16584907509448,1.784261863470607e-24,0.035465268545437224,0.1670952669012168,0.01613623001444578,1.9560342024935201e-59,3.0106615772815557e-73,7.670938928036488e-57,0.09073449135677157,0.047436835341159216,4.675328980101675e-99,2.5548399509548463e-5,0.05383878598533432,0.011422666667126154,5.254112021130764e-65,8.320914887228984e-89,7.227677022467424e-82,1.557092926849152e-82,3.088747816708678e-16,1.8884742489779852e-99,0.01096090694791067,3.5631274072195397e-199,4.4139988972167163e-246,5.082259739988281e-146,0.0,5.240184611646423e-254,0.03294031059600899,1.5271724466725096e-102,1.1934718745576706e-174,0.011591381209622246,7.993678567157356e-33,1.389218900883736e-16,1.8972061826698082e-122,1.2959801929680458e-21,1.987696666568923e-94,2.0861109589999023e-97,0.011086699664767382,1.6364827253524776e-129,1.7945116522517717e-204,0.0,9.67423503768e-313,9.463256567175604e-196,0.0,0.0,0.0,0.0,0.0,0.0,0.0,1.8009404515829617e-291,0.0,0.0,0.0,0.0,0.0,0.0,0.0,0.0,0.0,0.0,0.0,0.0,0.0,0.0,0.0,0.0,0.0,0.0,0.0
3.2841061343773775e-43,2.0938750211050055e-37,4.576743843376006e-23,7.404889892316389e-26,0.16325496177923415,0.79278268310632,1.0739565771348171e-30,6.349515446598739e-26,6.708655574275699e-32,2.77169820510679e-31,1.296999748086806e-45,2.6038457504483718e-48,2.3591225726742796e-47,5.845414299642167e-52,7.20614064031992e-77,9.643234898064844e-55,1.4502671484948982e-64,1.871181142161703e-24,5.335651003810235e-54,6.129895013311849e-94,5.85314067301836e-96,1.420766757429237e-66,3.918296191647033e-39,6.110210652991005e-81,3.974133343721914e-151,7.977018343696289e-61,5.547014350112565e-113,7.906401637030441e-66,3.5729582536105163e-209,7.62197099576985e-145,2.68448758405172e-200,1.5187884832624503e-114,9.583101873732736e-202,1.6321091061706354e-135,1.2710835025939926e-90,1.1436741643186382e-240,4.778953619039225e-199,0.0,6.5e-322,6.145149527663874e-217,0.0,1.670268807936443e-186,1.4593067218934609e-130,2.3993394439542598e-178,3.2188681633421386e-170,4.359371891761786e-89,1.2705083677335823e-148,4.87558024977818e-141,1.2074317861972371e-281,6.54064585055302e-114,0.04396235511444584,1.1235798382503014e-244,4.315345778389465e-288,7.790593711364655e-279,3.5298756e-316,0.0,0.0,0.0,7.50600812530452e-238,0.0,0.0,0.0,0.0,0.0,0.0,0.0,0.0,0.0,0.0,0.0,0.0,0.0,0.0,0.0,0.0,0.0,0.0,0.0,0.0,0.0,0.0,0.0,0.0,0.0,0.0
1.4089474777616908e-8,0.32056777252881785,0.679432162135018,5.124668750682558e-8,1.1684115903528523e-26,5.469885877311178e-39,1.0370177381306963e-36,2.0888558908055833e-15,8.584177729267848e-26,7.80025507152307e-45,1.881168372332947e-69,8.396975925827865e-67,5.627535802838075e-51,5.543274354079346e-38,6.254041570512227e-43,5.926743457528527e-85,2.3436371120874646e-63,7.927104615212357e-35,1.0354200637784213e-61,1.5625596449009715e-169,2.7425784372266043e-115,1.637527430037295e-117,2.6822850920951382e-199,6.405032721284261e-152,1.6944252596378413e-205,6.997110614464874e-87,8.104887979958231e-228,1.5110381335501764e-207,1.4251176572109028e-281,1.2408112937724503e-125,1.0472303967239581e-291,2.97189163791337e-309,0.0,0.0,0.0,0.0,1.4056612757862645e-284,0.0,0.0,0.0,0.0,0.0,2.456977851282104e-260,2.1893943980919257e-245,1.3516254375583685e-276,1.08205e-319,6.71495701331649e-256,2.0192273723042662e-272,0.0,1.5e-323,1.92242374768659e-244,0.0,0.0,0.0,0.0,0.0,0.0,0.0,0.0,0.0,0.0,0.0,0.0,0.0,0.0,0.0,0.0,0.0,0.0,0.0,0.0,0.0,0.0,0.0,0.0,0.0,0.0,0.0,0.0,0.0,0.0,0.0,0.0,0.0,0.0
0.0001474316473838772,0.7109706686062452,0.26388543599040976,0.024714148576099274,0.0002823151488314599,7.770151380336773e-29,1.3902222644473368e-48,2.4132257495221526e-74,3.102956938693865e-11,2.711896839848466e-73,2.847656470479428e-54,2.5737446318645813e-100,4.539141546124365e-34,6.643411767175076e-69,9.200912341752984e-50,7.987304455358413e-113,8.153221631419739e-191,5.789132362158877e-16,7.811133547954063e-47,5.3352287592988146e-207,3.261733186192856e-110,7.320697779008167e-177,4.54229632e-315,9.287113372269147e-275,0.0,1.63e-322,1.1738390392589929e-180,0.0,0.0,2.65985926492222e-254,7.929778449867496e-173,3.1558069633096605e-177,0.0,0.0,2.155241389724335e-257,7.091047440046366e-304,0.0,0.0,0.0,0.0,0.0,0.0,0.0,0.0,0.0,4.087355444406949e-305,0.0,9.802875824063836e-273,0.0,0.0,1.565464151583642e-51,0.0,0.0,0.0,0.0,0.0,0.0,0.0,0.0,0.0,0.0,0.0,0.0,0.0,0.0,0.0,0.0,0.0,0.0,0.0,0.0,0.0,0.0,0.0,0.0,0.0,0.0,0.0,0.0,0.0,0.0,0.0,0.0,0.0,0.0
6.683925561081965e-52,1.6228066609274827e-88,1.2913611707088741e-22,2.657162663736005e-24,1.6631842984257584e-46,3.99356490420794e-32,1.5518994473263906e-27,7.689338045243193e-54,0.1317473621719555,0.10554730924207782,6.020414416481823e-69,1.4700650760980032e-11,9.454453718415182e-61,1.2311205966804795e-59,0.3262966107604798,4.6961501591947725e-36,1.8257651293825049e-81,7.793151496687021e-42,4.516305710725059e-48,1.400039064414214e-57,2.1025045661550037e-65,6.802657964242767e-88,9.901051837398134e-77,1.8380596708687484e-21,1.5294449750500998e-5,0.1428762968612993,7.047343742054504e-181,3.0971930198049537e-78,0.06383060189957614,0.01712479607619616,9.760906223099456e-134,0.030552188339790887,1.9113997951414556e-27,0.03141263437906155,3.7220643316887266e-99,1.752380208725843e-91,1.6709120125150192e-176,7.661015473555037e-124,6.831756073168042e-150,0.016054619581444444,2.1816539406949216e-125,3.246350583454624e-180,6.825155860390464e-20,1.7253308683506286e-170,1.0629580523410207e-119,0.06331061693282018,3.289141216288107e-40,8.789337141093161e-93,0.022873033064665305,3.3431309585511327e-78,6.643677709334685e-43,0.032434180826481245,1.8876293969598473e-132,0.015924455399700544,0.0,1.8162119231007427e-217,3.0471694520991526e-90,5.2136085500549717e-272,6.346832788924607e-212,3.563859165615896e-200,2.520359126211656e-190,4.650599366272048e-240,0.0,3.758882839521371e-167,0.0,0.0,0.0,0.0,0.0,0.0,0.0,0.0,0.0,0.0,0.0,0.0,0.0,0.0,0.0,0.0,0.0,0.0,2.0139546380585825e-144,0.0,0.0
2.5974037371672716e-26,2.589542503712891e-22,7.959852519298919e-48,6.369107190572748e-43,1.0786187301101578e-20,1.524648050640808e-17,0.07268663120837746,3.429696516716157e-13,1.7083171201709667e-51,0.1260315585634511,0.04181404109030884,0.021245388727588868,0.1925245615186807,0.1356201340847336,0.06165427490886861,0.08697560182742664,0.11121527103087919,0.09312463653727533,9.051026310528406e-80,7.588690545539225e-27,0.006749388890992841,1.6681905632388272e-127,0.012588780937207207,0.03776973067386663,0.0,1.4732260858252766e-283,2.896066932833899e-143,2.1138941267419112e-197,7.448384927314631e-176,2.0593113813342756e-116,3.742740529385231e-38,0.0,2.5971062022177084e-226,0.0,1.844072572290625e-121,0.0,5.928132724965158e-209,0.0,0.0,0.0,0.0,2.1500468867979287e-153,0.0,0.0,0.0,1.8157930280731815e-298,0.0,0.0,0.0,0.0,5.560161404081253e-246,0.0,0.0,0.0,0.0,0.0,0.0,0.0,0.0,0.0,0.0,0.0,0.0,0.0,0.0,0.0,0.0,0.0,0.0,0.0,0.0,0.0,0.0,0.0,0.0,0.0,0.0,0.0,0.0,0.0,0.0,0.0,0.0,0.0,0.0
4.09795019826283e-34,8.051792529226484e-27,0.09613427334612579,0.2833595165477979,0.212421988225467,0.39902352412162295,0.00022556504943182707,3.0103298238313246e-21,3.267855333022697e-27,3.4255350905402597e-70,2.3375595449648184e-65,7.331670147050642e-129,4.660623365139843e-27,0.008835132709554494,3.100083552840457e-280,2.2515139430533792e-197,1.5229381033777905e-244,2.9143984916056072e-117,1.4161521530053543e-274,3.102904180345789e-192,1.1218690238557558e-115,7.666343847564383e-221,3.26282644309856e-294,5.3606862128632455e-195,2.8928275245427192e-260,0.0,7.027723289647745e-259,1.6068225313063527e-240,0.0,1.9746e-319,6.68654926807e-312,1.3617169467370117e-262,0.0,2.6475574064804666e-297,1.8665148088e-313,3.4679585093667756e-302,1.0313251052865577e-283,1.308115405587758e-245,0.0,7.717059511205609e-257,0.0,2.031969597449221e-233,0.0,0.0,0.0,0.0,0.0,0.0,0.0,0.0,3.554159840295894e-250,0.0,0.0,0.0,0.0,0.0,0.0,0.0,0.0,0.0,0.0,0.0,0.0,0.0,0.0,0.0,0.0,0.0,0.0,0.0,0.0,0.0,0.0,0.0,0.0,0.0,0.0,0.0,0.0,0.0,0.0,0.0,0.0,0.0,0.0
0.6536759107581435,1.8070736936435516e-10,0.23666443159570993,3.8036490097411834e-23,0.1096596509856692,8.208920029032057e-30,1.6873983839290208e-59,2.3743854287250528e-74,3.583516659020338e-39,8.458869297227754e-79,2.5100213702628796e-38,8.913536631007112e-33,5.482313359241266e-102,3.156999952602214e-106,8.217874422898334e-160,3.8850550946451497e-208,2.514653877638206e-65,3.1857589939035174e-63,1.4026620335347948e-132,1.8352494639964023e-221,4.192748754333619e-198,1.2797601217515714e-237,0.0,8.687924427920094e-55,1.7933975723213346e-229,0.0,6.4797699954712625e-9,3.649758378376716e-152,0.0,0.0,1.434442743706859e-186,5.516726459640514e-259,4.98537407904849e-197,8.881554477072296e-223,4.863456933500688e-194,0.0,8.436050677381109e-235,1.1802249034534334e-81,0.0,0.0,0.0,3.318206628405237e-224,7.671144999271292e-295,0.0,0.0,2.731423279743302e-153,2.257816334298352e-274,1.1376020872499547e-290,3.143969577316292e-210,0.0,9.564030158471912e-143,0.0,0.0,0.0,0.0,0.0,0.0,0.0,0.0,0.0,0.0,0.0,0.0,0.0,0.0,0.0,0.0,0.0,0.0,0.0,0.0,0.0,0.0,0.0,0.0,0.0,0.0,0.0,0.0,0.0,0.0,0.0,0.0,0.0,0.0
2.118144951937439e-95,1.8428769716521913e-248,7.482999020108365e-184,6.936178150507537e-204,1.5743915682186433e-83,1.6329491181477738e-154,1.757014239013431e-118,0.033424714865568556,5.071818732319511e-60,6.454905158568355e-93,1.165038750681882e-54,0.02331854661052841,2.9716286198062387e-84,5.891901007384354e-49,7.168819313272564e-48,3.3751524866127725e-59,1.1056108543185457e-51,6.759580011191954e-31,4.900290600403199e-53,7.644006383362188e-87,7.466972638042669e-40,0.07875063823186877,8.229611745140625e-66,0.06724452716646503,0.216867183170043,1.0177237204533637e-65,0.038040558633845506,4.991783799724853e-81,0.015695993845475806,0.014055808171937792,7.559203113138383e-136,1.1486337738142694e-7,6.3015882615994635e-30,3.728872903996086e-49,0.017054101732539167,0.014157400767464178,1.994513437740915e-57,4.7409487691542245e-137,0.056718573904135434,0.08800118754808181,0.01085934314445155,0.07007139181383355,0.015678581146875443,1.284324165838006e-106,3.758904598876561e-82,0.0032412283257584828,0.02962809244009933,5.528084019729974e-69,1.9418005322463058e-205,8.627328195869943e-110,2.1361911623195693e-134,0.014145397410716423,2.4789608825728603e-67,9.848075332176624e-273,0.04002613337806546,1.8952476653414176e-229,1.9295466467112102e-277,0.042208752595852335,5.914977043302299e-172,1.6503277894897529e-40,0.05435300289664774,1.2001999561957978e-123,4.246289235224462e-76,3.6761222582670405e-15,0.0,1.0490839260634095e-252,1.7257848947190733e-179,0.028233580015935032,0.0,1.8943010418715484e-252,0.0,0.014112573660215044,0.0,0.0,3.302189076376548e-79,8.471753962864131e-149,3.343884905645046e-175,0.0,2.5201037149277693e-161,0.0,0.0,0.0,0.014112573660215044,0.0,1.7215944735459195e-225
0.7148620320446604,0.2851379679536316,1.646721242762533e-12,6.125725958242835e-14,2.7791072517270538e-58,3.408742698648714e-90,8.697937251998309e-63,1.5130914374049823e-19,8.979945037441625e-21,1.4275157213485026e-96,2.8472722903644555e-184,6.070662509186692e-116,1.1992168361495815e-65,1.2168744232806461e-140,3.0401950941500983e-181,8.839929879828832e-175,2.533803927786472e-153,1.0077622196642394e-166,4.830746557112978e-53,5.1623555138258884e-226,3.324067499739282e-187,1.5307059576301258e-182,0.0,4.298095747397206e-222,0.0,2.8976629709098845e-263,1.4393700863898432e-288,0.0,3.277966400819185e-309,4.266969362152197e-161,8.94e-322,1.49898e-318,0.0,0.0,0.0,0.0,8.050980586978163e-283,0.0,0.0,0.0,0.0,3.927120217741956e-289,0.0,0.0,0.0,0.0,8.559989227653848e-227,0.0,0.0,0.0,3.0046523896996593e-211,0.0,0.0,0.0,0.0,0.0,0.0,0.0,0.0,0.0,0.0,0.0,0.0,0.0,0.0,0.0,0.0,0.0,0.0,0.0,0.0,0.0,0.0,0.0,0.0,0.0,0.0,0.0,0.0,0.0,0.0,0.0,0.0,0.0,0.0
7.331069119859409e-31,1.2082137299681797e-20,0.846944615784073,5.541413342216198e-26,0.09585279323554412,2.8654005122540872e-30,4.276361960434106e-68,9.398947560556981e-46,1.8642841274722588e-48,1.4409494090810745e-82,8.932757534689482e-56,4.1727000722968045e-41,1.2913457247684704e-82,1.0664056458332984e-58,0.016156551476765053,1.1573215486120327e-42,7.557888265312357e-48,0.02148919450174983,7.209074993602795e-44,4.8337894931242554e-111,2.574790636929096e-160,1.0077770871566322e-56,2.586392325341031e-133,9.319129655806652e-87,2.487142393866908e-150,4.784387115576967e-207,1.168631231757701e-191,5.4381575646358805e-191,3.3872912043689083e-223,0.019556845001867922,2.1773128750980059e-153,2.8776604249915197e-116,9.720941418449842e-195,1.0950510618758887e-272,1.69375252e-315,2.2588618426264505e-117,1.3893118747531328e-67,0.0,0.0,2.2063368673429075e-190,0.0,0.0,1.2725292217637815e-173,2.6307953405041807e-236,0.0,2.4677104425164333e-137,4.58186043595857e-146,3.1998658709767862e-214,0.0,7.99423446751931e-278,4.26344539770796e-217,0.0,0.0,0.0,0.0,0.0,0.0,0.0,0.0,0.0,0.0,0.0,0.0,2.339748191374856e-165,0.0,0.0,0.0,0.0,0.0,0.0,0.0,0.0,0.0,0.0,0.0,0.0,0.0,0.0,0.0,0.0,0.0,0.0,0.0,0.0,0.0
2.972432491094083e-133,1.4925811510426944e-100,0.005731709710173534,6.733574549246579e-43,0.44400968653695955,0.3529407042838649,8.303423435759837e-17,0.05202843461845782,0.026933461461206346,4.407527637698117e-49,8.110944132434934e-68,3.265242279899777e-9,3.829005420593689e-37,6.397663979723913e-50,5.135118937524034e-46,1.3166910127079394e-48,0.02258121809645682,1.681262024337106e-51,1.084636240335515e-42,2.184108480264851e-43,1.4310880397116206e-110,1.0497497134138399e-43,9.847425633347477e-50,0.08192394540745504,2.8287329928807996e-77,6.032751428980014e-172,2.368597160141599e-190,2.997972381310469e-125,9.352707036777354e-44,5.060345178019218e-82,2.4883473017688546e-114,1.276320701141225e-229,6.36130573236515e-148,7.396576074317671e-207,1.0449597049889975e-82,3.596851922226588e-231,0.006934823548660811,8.277974972971048e-183,8.525266774149523e-197,9.518224494725802e-123,4.794536760985917e-86,4.95757413234972e-212,9.594551163686157e-199,3.961064910646569e-112,3.876551422330181e-248,6.136720544491186e-245,0.00691601307152299,4.0291641135350034e-223,1.075493514493749e-258,3.549245129810483e-136,2.228931343367808e-154,1.3529493967e-314,6.582840233538335e-72,1.602886579529624e-238,3.175076152116163e-300,0.0,0.0,3.1595563512672266e-294,0.0,0.0,0.0,0.0,0.0,6.969018215643395e-96,0.0,0.0,0.0,0.0,0.0,0.0,0.0,0.0,0.0,0.0,0.0,0.0,0.0,0.0,0.0,0.0,0.0,0.0,0.0,0.0,0.0
0.7137120013106409,0.26574061571645274,6.202696605699061e-12,0.018284388670745135,0.0022590660276622645,1.2292252024558208e-38,1.8893458222988238e-62,3.738490147150683e-110,1.9626703633863153e-80,2.5157118172317704e-45,9.069336740020723e-54,5.6792417110662915e-36,8.488361589526036e-16,1.5324971229874958e-41,1.7388796980205568e-47,4.710872852568061e-115,5.54713967082429e-191,9.135073031878902e-65,3.928268295197437e-6,5.05236184779397e-202,8.434864335356708e-274,2.4951467723702104e-194,0.0,6.981847723239794e-300,0.0,1.267754951316586e-291,1.3159076925437115e-157,0.0,0.0,1.6171803193802493e-231,6.541048732850098e-225,0.0,0.0,0.0,0.0,0.0,1.249095899931017e-299,0.0,0.0,0.0,0.0,7.75315e-318,0.0,0.0,0.0,5.14e-322,0.0,0.0,0.0,0.0,1.0389988923321647e-161,0.0,0.0,0.0,0.0,0.0,0.0,0.0,0.0,0.0,0.0,0.0,0.0,0.0,0.0,0.0,0.0,0.0,0.0,0.0,0.0,0.0,0.0,0.0,0.0,0.0,0.0,0.0,0.0,0.0,0.0,0.0,0.0,0.0,0.0
9.255366385447092e-60,1.7803831743920265e-41,1.9333656567142839e-25,3.218455449348189e-38,0.27083485974165755,1.197748344494281e-37,5.319743007898671e-35,0.48203319302001646,0.02929848188154207,1.0673205753001647e-41,2.2110473480551517e-27,6.015356754547546e-12,2.9963313646949755e-66,5.302059121600578e-38,8.49661001696956e-36,1.9615313182248175e-48,8.211018160710517e-91,1.1154539603036067e-36,3.170398872611716e-32,2.1047118628611978e-65,1.3968426818736304e-82,0.04613807943620595,7.430604677967852e-82,8.919815800557376e-131,1.2064621185954121e-67,0.1082871196050011,2.250419330423804e-78,2.6282643891811103e-73,3.6415505829023576e-49,8.54067530602465e-127,7.961514416630084e-97,2.6663992522015855e-157,3.845769851570766e-133,3.502516086184158e-203,0.06340826630956142,5.232193470073514e-157,1.6367398548677704e-202,2.4679685191048945e-233,1.4390122542476361e-186,5.505414043752348e-127,3.482341285440863e-163,2.9456650567293436e-90,1.0221317138978462e-129,4.663101533879347e-227,1.901461998802108e-162,9.314499940998013e-207,6.767329279136923e-95,2.150295151083718e-167,6.297291087243377e-84,9.24900422409901e-50,6.96457734186938e-202,7.128164500743547e-108,6.688110295886735e-125,1.0165014523568368e-117,0.0,0.0,1.0364526747431843e-272,5.402929076230283e-219,1.1113373192016117e-230,0.0,0.0,0.0,0.0,0.0,0.0,6.182739978256872e-246,0.0,0.0,0.0,0.0,0.0,7.125474429941513e-245,0.0,0.0,0.0,0.0,0.0,0.0,0.0,0.0,0.0,0.0,0.0,0.0,0.0
2.377327718568766e-53,9.091642444629188e-17,0.1433202069744759,0.2984724060891731,0.47260580478185693,2.4502481716940522e-6,5.7128636024275335e-9,1.4241639831801658e-18,0.043442839385274636,7.1597666915844895e-37,1.117260800830422e-65,0.012183844108836902,5.059180400410782e-70,2.507592355235205e-32,8.782247409034209e-101,6.541957353226245e-44,4.014487640019802e-14,1.5291165713535142e-41,0.0098010786090391,1.6522867112878487e-30,1.3602550576168833e-171,0.014216446794842633,9.093044060753401e-82,4.3619236887262756e-198,2.120851316434251e-37,5.599412785639955e-129,9.6686108055718e-227,2.4978363931375785e-178,4.9474327547805185e-295,6.969746934132386e-128,6.039756242087822e-97,1.3296659076365271e-51,3.6375981079018845e-226,8.163966364309584e-65,2.382019860820613e-276,0.005954917295424963,0.0,0.0,2.380895900931686e-199,0.0,0.0,6.418984205632089e-266,3.867262582407547e-200,1.1473406604922353e-289,3.387143112335616e-261,6.438350137066522e-76,1.6980891221966847e-48,7.620440435409133e-187,3.7044102973199605e-100,2.505000654e-314,8.55286832314897e-252,3.057224509506911e-147,0.0,2.289667222916e-312,0.0,0.0,0.0,0.0,2.4804130733370608e-200,0.0,0.0,0.0,0.0,0.0,0.0,0.0,0.0,0.0,0.0,0.0,0.0,0.0,0.0,0.0,0.0,0.0,0.0,0.0,0.0,0.0,0.0,0.0,0.0,0.0,0.0
1.6757437754997174e-289,7.73806545058039e-93,5.4653716027261647e-48,0.0003680764775286868,0.7215457030236829,0.19786987168802955,0.0759146425191562,4.724026374284294e-19,0.004301706291602706,7.5206846053113995e-90,5.97495021181551e-126,3.1370087179097903e-137,8.025133605310805e-121,1.834488945054447e-133,1.3374868187992536e-220,3.654083605978722e-124,4.7634484652596544e-57,1.9919639287949024e-119,2.8217972223802088e-65,3.79258220150447e-80,8.008359027651606e-42,2.9463838213026885e-114,3.5157104382708056e-110,2.1349875841880552e-122,1.5374522692033156e-274,2.1419480642595678e-180,6.23490526328809e-140,3.915863549127962e-180,6.956315234363404e-179,5.406761827296056e-167,8.365845287211216e-238,2.5796961042083183e-300,2.3003605765292285e-167,0.0,2.1493555988358466e-182,2.2181536522408335e-260,5.553875091693377e-240,0.0,0.0,0.0,0.0,0.0,6.243337466630121e-204,2.5e-323,0.0,0.0,8.520025174290412e-115,0.0,0.0,1.7373894394479785e-243,7.489756238036945e-275,0.0,7.0013101104502e-266,4.82183e-319,5.7581962390925395e-214,0.0,0.0,0.0,0.0,0.0,0.0,0.0,0.0,0.0,0.0,0.0,0.0,0.0,0.0,0.0,0.0,0.0,0.0,0.0,0.0,0.0,0.0,0.0,0.0,0.0,0.0,0.0,0.0,0.0,0.0
0.3584949662450927,0.43462315060094925,0.05825241642000298,1.772999246245194e-31,0.1486294042637569,1.61190545357192e-24,6.752326072844475e-52,6.036924332870798e-8,1.0303405565038194e-27,6.143059625175279e-43,2.7508670592277078e-42,2.637016915059008e-84,2.2888501893807285e-76,2.7437297142030483e-64,2.098493626258122e-9,8.708427910851921e-75,1.5720528913806054e-77,7.424153279711761e-83,7.935132061198321e-122,1.675649923695217e-298,1.4740616996123636e-145,2.385870215487856e-168,2.443926847052024e-187,2.461137396166267e-12,0.0,4.0578166912220415e-290,9.297839247465451e-301,1.67218795e-316,3.720565924574701e-207,3.800315573154545e-173,9.44837175241599e-262,7.540535593483012e-293,5.740255861416557e-199,0.0,7.183347955620237e-214,1.74381387561553e-309,0.0,0.0,0.0,0.0,0.0,1.2427312854781498e-146,0.0,0.0,0.0,0.0,9.033228653727985e-186,0.0,0.0,0.0,0.0,0.0,0.0,0.0,0.0,0.0,0.0,0.0,0.0,0.0,0.0,0.0,0.0,0.0,0.0,0.0,0.0,0.0,0.0,0.0,0.0,0.0,0.0,0.0,0.0,0.0,0.0,0.0,0.0,0.0,0.0,0.0,0.0,0.0,0.0
0.0,6.322608332533657e-124,3.2548840139801316e-41,1.2531721247974716e-10,0.6303892488229823,0.26836217641771803,0.10124857463396801,1.4033334728305464e-14,1.960826572678373e-16,9.678609590660676e-89,8.146384493254872e-126,1.8513201255499092e-149,2.501720226044867e-99,1.7963227561043606e-180,8.34695907968819e-155,1.6752630250631676e-97,3.0696713578069955e-111,2.3517903883626636e-115,7.311125950460702e-65,4.74678985847769e-92,1.0253310595457044e-62,7.566398830701147e-116,5.123404175765386e-156,1.957282699121707e-125,1.757937032961992e-239,1.0710196718942599e-178,2.104056042979895e-70,2.5256100334068483e-182,3.5027260460806217e-217,8.986907507050748e-195,2.162975438629307e-278,0.0,5.400392741899421e-236,0.0,3.5752327404340694e-154,1.3115928422740837e-300,0.0,0.0,0.0,0.0,0.0,0.0,1.5259442512188385e-212,0.0,3.0482481082654576e-147,0.0,1.8597386378846408e-147,1.2620511779563296e-269,0.0,0.0,0.0,7.99050764605e-312,1.1109622793689185e-290,1.4386e-319,1.8528274564043935e-306,0.0,2.88743224919356e-277,0.0,0.0,0.0,0.0,0.0,0.0,0.0,0.0,0.0,0.0,0.0,0.0,0.0,0.0,0.0,0.0,0.0,0.0,0.0,0.0,0.0,0.0,0.0,0.0,0.0,0.0,0.0,0.0
6.812874076445314e-28,0.06115930085600963,0.10861370503238443,2.2620881249565945e-40,2.928715136488887e-44,0.23840521237188875,4.553864317111961e-49,1.556028519117378e-62,3.4830074057301885e-58,3.238567526607648e-81,1.6658217656309223e-62,2.810236280579709e-64,0.35200171628294874,2.590713708093505e-55,2.9305533890119725e-85,8.841976429104443e-76,0.10878441825335707,0.06287635628422623,1.2741828756382667e-100,1.6749356488377908e-259,0.06815929091918523,5.668978680655421e-181,2.1682294741715416e-140,9.692277887550347e-26,1.2854077246197e-219,2.398624456515697e-36,3.9082004428954276e-45,2.1579003200592133e-268,1.7693864244305926e-262,0.0,1.4055776899683553e-149,2.992194158311671e-111,7.961517009265193e-157,0.0,2.582515745954602e-178,0.0,2.301423666658451e-171,3.6533364207757567e-40,0.0,2.1640959970179144e-291,0.0,1.1194913423482727e-285,0.0,0.0,0.0,0.0,9.36181675026798e-208,2.5745884015220835e-290,2.015868714615436e-213,2.283835992453646e-174,4.081982006913238e-241,1.2422005466942488e-304,0.0,0.0,0.0,0.0,0.0,0.0,0.0,0.0,0.0,0.0,0.0,0.0,0.0,0.0,0.0,0.0,0.0,0.0,0.0,0.0,0.0,0.0,0.0,0.0,0.0,0.0,0.0,0.0,0.0,0.0,0.0,0.0,0.0
0.0,0.0,3.273418896567673e-222,7.73782707170657e-225,4.141449915636741e-178,1.0090372452725993e-141,4.991906620226459e-112,8.210492146811227e-17,1.472767129746667e-44,6.008511160457241e-55,1.1039877712986552e-9,0.02632571680072212,0.3154419125013729,0.39840793398159974,0.22841406335064737,0.025823326273432177,5.771027352717442e-17,1.0193775976193487e-6,6.184593835474707e-48,0.0025502475965149306,4.0986561183676957e-72,2.8410288433010854e-34,8.372036266177005e-77,1.929683904950268e-90,3.433818259399969e-132,3.98992744973058e-117,7.805957620526157e-109,0.0018840992166195816,1.982729015619348e-54,0.0011516797971655882,5.731994908886007e-106,1.4974213318388817e-58,2.6535517267744166e-185,3.3648929944343406e-144,3.402140775395328e-13,2.951341399001511e-39,2.816885999496381e-53,1.1043961213289671e-161,8.896515160285215e-99,2.1782020981989198e-65,2.240594808590235e-118,4.6995658899963215e-203,5.812815084580195e-78,3.406930194847393e-224,3.2484810817873886e-164,1.7408360079259253e-207,1.3662620142321975e-125,1.2602437842184817e-282,4.8331454963732615e-186,2.1433586284901788e-103,1.3468944237083303e-211,7.656104850286731e-117,5.89902740686603e-240,6.814839813484936e-256,1.271068193044734e-159,2.678897157701181e-139,4.410983646906139e-146,3.2865849105481017e-100,6.671363731857218e-189,9.28801904852262e-270,5.375055029895671e-129,5.526413725850863e-191,1.6879388042787313e-133,2.1161250351118725e-103,0.0,2.464387922260402e-237,0.0,1.6364170841229508e-299,0.0,2.3108409859917046e-249,0.0,0.0,0.0,0.0,3.771484672938123e-137,0.0,0.0,0.0,0.0,0.0,0.0,0.0,0.0,0.0,0.0
2.6024963892670043e-301,2.95270804121266e-86,0.007986955287363231,4.019601566644385e-38,2.4309430418424626e-13,5.6602464521419164e-8,0.13456134570414652,0.8541465967773199,1.082708300664565e-5,7.247251366273926e-18,3.993445292443122e-35,3.777924800251532e-23,3.87831727095875e-15,7.307743371253073e-26,1.2426633424888487e-33,1.9021823362883807e-17,9.33947759147932e-32,2.0040957413190206e-76,0.0032942142769865784,1.5510074527963138e-25,1.4300160128533016e-72,9.180628074427566e-27,1.2789589740743758e-31,6.297224055836238e-57,6.5631391386285e-156,1.2326568486813774e-116,1.4644669143231263e-145,2.6740576859560514e-56,1.385183075132561e-27,4.2684656813550216e-9,4.6416092426494684e-107,4.445617284467187e-161,3.189925087591682e-216,1.0186466586851349e-178,8.165695981501481e-197,1.629153788064042e-129,1.0397515668221756e-191,9.721922676985556e-266,1.2113500904275223e-136,7.546285690658503e-233,0.0,0.0,1.513703474263276e-141,5.443862031539926e-260,9.02885e-319,2.001755267574566e-306,1.947414320460155e-119,4.2032736004181375e-223,3.427697873794861e-297,7.597988411598995e-186,5.272442610367431e-136,1.5679402344590964e-228,3.577742424450593e-222,4.860453867019201e-127,1.1626791305450985e-93,0.0,9.387990953117158e-134,0.0,0.0,0.0,0.0,0.0,0.0,0.0,0.0,0.0,0.0,0.0,0.0,0.0,0.0,0.0,0.0,0.0,0.0,0.0,0.0,0.0,0.0,0.0,0.0,0.0,0.0,0.0,0.0
5.009281451713099e-251,4.1525406204150296e-270,1.1850999608615681e-210,8.283010575945948e-124,1.7527005815771264e-141,2.2481154454892506e-54,1.762012961305931e-13,0.06464607383972257,0.3415238295207366,0.4187546844677643,0.15176993104714823,0.0121492244491675,4.7707942233980884e-26,0.0035988704442518264,2.431047147851844e-46,8.805759535552307e-64,3.071955389479943e-17,0.0009230718641467392,6.735135520490644e-68,3.872405676538365e-42,0.0005691987500209924,1.3970951443111194e-74,2.2609023933707867e-119,0.002150859153174671,1.2047238720979426e-86,1.6943598117793893e-48,0.0011736491333479116,4.684114438879495e-215,4.844104466967713e-124,0.0009499201141128625,9.436139977592461e-199,3.0573604564925423e-106,6.115112174377811e-132,6.93821276029971e-135,1.8279056551797124e-128,8.593456660408901e-66,4.1906586404872554e-184,2.0197008862046286e-256,0.0017906872162294079,1.8672742060928424e-146,3.7902658314659835e-234,0.0,5.492888454319528e-192,2.9412029100655224e-215,2.978111470602985e-218,0.0,8.635233228120391e-308,4.993998774881316e-153,1.481346676e-314,6.256061989144458e-100,6.051604522406477e-283,0.0,4.089099787366751e-182,2.0794689813401232e-57,1.6436267252172573e-180,6.815241504922372e-306,1.6765034539017e-311,2.7113224993608494e-186,1.486497221576204e-251,0.0,2.655e-320,0.0,2.1813550707462586e-166,0.0,0.0,2.870314481740145e-242,4.266589264056662e-260,0.0,0.0,0.0,0.0,0.0,0.0,0.0,0.0,0.0,0.0,0.0,0.0,0.0,0.0,0.0,0.0,0.0,0.0
0.0,0.0,0.0,1.264520247167164e-292,1.3379428468005774e-210,4.165231375402152e-164,6.694587618288245e-160,9.799975498086626e-115,0.0011941282787238329,4.5371006404679925e-82,2.69017862482456e-102,4.4626832308917094e-83,4.7490138068977367e-51,0.00026081221244941,0.2253429808980779,0.37831485352936395,0.29459721811190986,0.0767558977890003,0.005493240939315106,0.00042640701657689406,2.086829377519079e-6,0.007956303492755824,0.001022906758701397,0.0011767752569466045,9.92686681813318e-122,0.002218640885083214,9.437978028813688e-39,5.114292620193518e-14,1.1011044916076798e-72,6.131875246504365e-40,5.602372998722923e-90,3.6079157635973425e-46,4.123915809150743e-110,0.001347572063951982,4.0214942089144126e-110,2.1148587487922516e-14,0.003890175937693911,4.5786327510382647e-94,4.31984638797764e-98,6.810039657094998e-177,1.0442858860991917e-113,7.142851224727371e-218,1.4732377623634872e-63,9.880226109182956e-135,4.169936835997886e-182,2.929163734642251e-97,1.3780495320663354e-199,2.6192770594994733e-193,3.838735954079256e-260,1.918176631329912e-65,4.641583830014601e-178,1.6899865770260956e-260,2.2340378309939345e-191,3.1660176022777964e-256,4.263006053623124e-134,2.5879080676494473e-112,2.737573552361059e-295,1.0656432763322131e-103,3.2648404871140166e-176,1.4041523698219168e-118,9.939953247592824e-288,1.886721957906466e-244,1.0915422907536595e-68,3.571542565793429e-167,0.0,2.3638406445602185e-141,0.0,0.0,0.0,8.439134779264334e-243,0.0,0.0,0.0,3.1216702064434e-287,1.3858617523126046e-214,0.0,0.0,0.0,0.0,0.0,0.0,0.0,0.0,0.0,0.0
3.108764038098291e-7,0.9999996711334528,6.966203117659747e-9,1.1023840416843201e-8,1.3685876620610855e-24,1.838909766724827e-43,9.988568262711689e-14,1.3455877881537277e-47,6.742959964666573e-19,1.0763469321734276e-64,5.660982875133565e-117,6.959347092432139e-107,1.9642814205138287e-33,1.5766787023727942e-78,2.339869860250417e-117,7.75029735359277e-98,1.381355077571891e-127,1.5188968887849344e-78,2.960928833106382e-84,2.3881894231687267e-170,6.273119453019905e-174,5.556909450955019e-59,3.965723541437993e-149,2.64818642765693e-238,6.422862951882012e-174,4.8497681128472e-186,7.075681275765791e-238,2.7323230999925163e-237,0.0,1.0564031324587333e-200,3.401432405488335e-254,2.492970294197349e-149,4.926995845677514e-267,1.1733018682280178e-282,0.0,0.0,3.3254907816466944e-300,0.0,0.0,0.0,0.0,0.0,1.2927515434527e-310,0.0,8.209276400830952e-196,0.0,1.0103663462659299e-253,0.0,0.0,1.307670459820394e-300,1.383756808760982e-91,0.0,0.0,0.0,0.0,0.0,0.0,0.0,0.0,0.0,0.0,0.0,0.0,0.0,0.0,0.0,0.0,0.0,0.0,0.0,0.0,0.0,0.0,0.0,0.0,0.0,0.0,0.0,0.0,0.0,0.0,0.0,0.0,0.0,0.0
9.955951798251827e-267,7.723214476320557e-228,2.141679079393751e-65,9.266690512210869e-85,9.132316343705448e-53,9.139611311810269e-47,4.817205698113536e-19,6.874088998477041e-12,0.06779107702291483,0.592854000518919,1.2746209897123222e-16,9.509068315656456e-13,0.2613100176837191,3.810753163626673e-5,1.840221094337347e-26,2.1597420286054332e-20,3.1003336314609176e-14,8.160733937500358e-42,1.7999936668578834e-17,8.050213257727815e-16,2.791107526850909e-5,3.0938249587738193e-47,0.015194102579560808,1.5866019137076215e-63,3.684140533867875e-61,1.229914094261841e-52,0.014636030145219407,5.834745575816337e-94,3.324642800544207e-42,3.819440474655411e-55,1.6621419586657533e-83,0.014402754726540179,2.6571090749098586e-184,0.006847280367784465,6.651448261509257e-61,6.532357117258209e-70,1.3594494994705528e-196,9.227026618973158e-166,5.459462091464503e-69,2.289621547357258e-162,2.6742954759630576e-168,1.862291122916824e-237,0.012672414707488495,1.836348663092111e-201,7.800177665135783e-208,4.341706688288936e-103,1.973638979325225e-154,6.3558948405163e-311,9.34e-322,1.0903835948246394e-43,8.716144821588769e-99,0.0,7.817628621669021e-167,3.6802812459402184e-25,3.2656336140657834e-130,7.976160703445338e-293,4.5469188112708275e-165,6.544976047798587e-76,2.4653139499175037e-195,3.780505825629353e-44,7.623592580838378e-285,2.3469851677340676e-285,1.8665937749854665e-208,0.014226303633091918,0.0,3.45480254240626e-154,0.0,0.0,0.0,0.0,0.0,0.0,0.0,0.0,0.0,0.0,0.0,0.0,0.0,0.0,0.0,0.0,0.0,0.0,0.0
7.144063807040221e-26,0.0005453730375892353,0.02637875398292101,0.8754895884161382,0.079036011474527,3.2302984989413807e-20,3.043012166462826e-20,1.754311864577344e-26,0.007723292558897785,0.0026361216974557767,0.008190858832470997,5.78862569661592e-33,1.841390665070979e-21,1.934428365484817e-51,5.667411111080225e-72,1.5882741565351022e-34,9.00853130620436e-59,5.592801053037821e-69,2.617074046099418e-46,3.493522346143184e-73,5.936407722975177e-148,1.541351344850457e-49,1.8741296786168802e-108,1.3041762693534683e-124,8.56549719669917e-62,6.791803083648925e-89,1.0125195040111959e-170,1.081958594146901e-49,1.224940929040052e-220,2.1122479328797053e-130,3.650950460246976e-93,8.132429759950453e-17,2.0302489907247143e-248,1.810319874011395e-118,1.3545615443731138e-160,4.4216069942036185e-222,3.7526942443299266e-253,5.66054612553818e-309,0.0,2.9931231077560667e-231,0.0,3.665584322192754e-264,2.450061844791927e-95,1.3286181060340237e-189,3.65392316e-316,2.8365608266503203e-195,1.4001343898287566e-121,2.401662977297513e-199,4.850903244109726e-223,2.6294422368219808e-245,1.1611646816112405e-216,1.3133386764843217e-222,0.0,0.0,0.0,0.0,0.0,3.2675352581507624e-304,0.0,0.0,0.0,0.0,0.0,0.0,0.0,0.0,0.0,0.0,0.0,0.0,0.0,0.0,0.0,0.0,0.0,0.0,0.0,0.0,0.0,0.0,0.0,0.0,0.0,0.0,0.0
5.184774016862908e-47,0.0006781032613575136,0.9501424610076327,0.0022874208033440285,0.014554886489154269,2.9921110818773855e-6,0.005725306903935181,7.920300118954825e-26,1.7780398911431322e-10,1.4890682407152173e-47,3.3649985580751163e-12,1.6583733752988374e-16,2.434818877683566e-78,0.00020987464615172295,2.7961507306325516e-98,7.4162290142595815e-6,0.0012312925882851057,0.007764844079797969,4.4508018111879e-31,1.2847947766235255e-18,1.224477394372628e-179,0.0112153867765332,0.0017856802935819643,4.65441983040345e-191,1.2766304739771735e-50,8.40122881886438e-111,2.3340938986161415e-276,9.484321308149772e-188,4.4845885088944157e-178,5.588045443804128e-46,0.001998355286408328,0.000416636488301458,7.359594420444485e-243,0.0019793428542512143,6.644694759878115e-125,6.19053932851806e-126,0.0,0.0,2.958429775384531e-236,6.176704671763771e-218,0.0,1.9093154316638293e-265,3.258353656024562e-224,4.227193828788893e-229,0.0,5.461251082273551e-133,8.789159332901928e-79,3.482221705215315e-206,1.947925410235803e-212,1.5782148631853607e-222,3.739466436470817e-178,2.0532207052044156e-305,5.328545082131257e-174,4.3117246236e-313,0.0,0.0,0.0,1.003e-321,0.0,0.0,0.0,0.0,0.0,0.0,0.0,0.0,0.0,0.0,0.0,0.0,0.0,0.0,0.0,0.0,0.0,0.0,0.0,0.0,0.0,0.0,0.0,0.0,0.0,0.0,0.0
0.9973921525552928,1.1059481763266237e-6,3.003920303092364e-8,3.452994187789176e-42,0.0005415442699322955,0.0005382012429007594,0.0009071575347876877,0.00030186420510586073,6.863484651589439e-24,0.00031789726889223994,2.566432126004593e-180,9.216237539553172e-44,2.8708141859218695e-161,5.873915018860052e-164,4.6935708949051796e-8,2.4157886262860793e-86,1.3854842550116497e-117,9.705238007718524e-88,2.7032461542343915e-212,0.0,2.6318884736881947e-168,1.5761290868272343e-264,2.953837343024077e-261,5.7221824926233984e-114,0.0,3.5e-323,0.0,0.0,0.0,4.675121228986475e-256,0.0,0.0,7.446307823405621e-288,0.0,0.0,0.0,0.0,0.0,0.0,0.0,0.0,5.305902281752996e-286,0.0,0.0,0.0,0.0,2.7727756666172846e-236,0.0,0.0,0.0,0.0,0.0,0.0,0.0,0.0,0.0,0.0,0.0,0.0,0.0,0.0,0.0,0.0,0.0,0.0,0.0,0.0,0.0,0.0,0.0,0.0,0.0,0.0,0.0,0.0,0.0,0.0,0.0,0.0,0.0,0.0,0.0,0.0,0.0,0.0
1.5549449364734057e-280,3.547861182810156e-248,1.2074375619308313e-186,1.1194932240553563e-162,1.614710363247615e-132,5.150412760645843e-94,5.004660822866088e-74,2.0366294340661856e-54,3.1410563062206452e-25,0.0006627713604275354,0.4682417167133661,0.10845594129283789,0.32244846405031263,0.05811036710094877,3.024862009805112e-18,0.0012762933217479201,1.2004125975627594e-12,0.011721840307607952,9.419179869126723e-86,0.005849593162768323,0.008419801145613264,6.299382469049141e-14,6.444158016393548e-122,1.2015637405286001e-63,1.0225094687221742e-135,1.1948763615497265e-23,5.571825225038767e-76,3.135941111639056e-151,0.0037486231438153095,1.1121967825406015e-165,1.736885665090148e-27,3.0929393738272896e-28,1.2922978138889284e-163,5.720046981333519e-184,9.39700934204643e-16,2.759270029295522e-119,1.9297895829353207e-113,1.0486021353847805e-116,6.706291801877409e-122,2.0750322562511504e-140,3.0622641399366728e-167,0.0,1.2117554695242685e-202,0.0,3.0936936681774114e-52,2.7419274440133205e-221,8.494740020222266e-294,8.197732921839345e-203,0.003689520038418991,4.1522260117289406e-161,2.969026678820908e-278,5.414714864190864e-241,3.147232264177402e-240,6.188133348275856e-251,0.0036706290038545,6.297349354598289e-192,0.0,0.0,1.0682618904684162e-182,2.41e-320,0.0,1.5078551613194997e-219,1.4629285069799695e-5,9.938138022041028e-231,0.0,9.903953660953621e-292,0.0,0.0,0.0,0.0,0.0,0.0,0.0,0.0,0.0036898100719465316,0.0,0.0,0.0,0.0,0.0,0.0,0.0,0.0,0.0,0.0
7.43074144913009e-54,7.179762397860046e-45,0.012875330298510583,3.446329752125927e-29,0.015161779473115448,2.867268354006839e-11,0.41586467754985623,0.2967513256513876,0.2443312305798756,0.010987794352035863,5.818006683591159e-155,2.25111532340727e-83,4.083033741103115e-116,1.48149706155325e-38,4.100863124952931e-115,6.863825001275536e-155,1.2744803566278703e-197,3.172743353506447e-62,3.127481081512258e-102,2.8796026910081724e-116,2.2544717902531834e-185,3.7357121009920364e-250,3.506302419236283e-274,2.1401773865450885e-151,0.0,1.1638861706506748e-180,4.5293052715389965e-129,2.451795744588884e-209,0.0,4.4593190433012535e-213,6.1983536554901745e-255,9.976749055984821e-288,0.0,2.226361092522862e-186,8.490043052435059e-302,3.330911540438325e-238,3.9335765170843696e-274,3.0e-323,0.0,3.298524938658338e-243,0.0,2.6219513012123914e-228,0.0,3.303742009649e-236,0.0,0.004027862066546254,0.0,2.85918511757877e-223,0.0,2.935e-321,7.750536550556334e-305,0.0,4.804503994204549e-274,0.0,0.0,0.0,0.0,0.0,0.0,0.0,0.0,0.0,0.0,1.239571164424617e-298,0.0,0.0,0.0,0.0,0.0,0.0,0.0,0.0,0.0,0.0,0.0,0.0,0.0,0.0,0.0,0.0,0.0,0.0,0.0,0.0,0.0
1.7154270948589737e-47,0.00810262951137687,0.41410864784581236,0.5625488460335395,0.009623639929502503,0.0005687246044262635,6.627362338829442e-6,1.0025641913293049e-11,5.327271584890472e-10,3.008651176649681e-42,1.9976616824292137e-5,1.1045911721670558e-26,7.696997823254518e-62,0.0024876005059259955,2.408110150264253e-105,0.0014850567794105086,1.742843168151428e-5,1.6528564972625e-11,1.060368046283482e-24,0.0010301459925253385,1.1060209350867837e-179,4.113212927491771e-8,6.274249493898462e-17,8.640149886198422e-180,1.6935733895120634e-40,4.59906747463333e-107,2.9888764760313883e-267,8.437789177409233e-135,3.4306542360661908e-136,5.281799943000305e-82,3.854604324521053e-34,4.7086190007262305e-46,4.8880188633779366e-257,6.346952252441236e-7,1.0039191633965066e-97,3.5226915207385134e-160,4.993189845202646e-259,8.513e-321,1.5406459450662363e-266,1.3646129268732486e-232,0.0,1.663453928191246e-234,3.168889058757469e-191,5.686636418421544e-166,5.0e-324,7.600210822776593e-99,6.874893116203637e-79,3.4076147135246884e-208,3.741639159282642e-181,7.34164753934796e-234,4.488493713499201e-233,2.456174406686078e-226,4.079476026556821e-161,0.0,0.0,0.0,0.0,0.0,0.0,0.0,0.0,0.0,0.0,0.0,0.0,0.0,0.0,0.0,0.0,0.0,0.0,0.0,0.0,0.0,0.0,0.0,0.0,0.0,0.0,0.0,0.0,0.0,0.0,0.0,0.0
0.9973872037620174,0.0018420357328484077,3.787635084494707e-42,3.4449173425936516e-32,4.362523267890742e-80,2.6790103965075784e-120,0.0007707605051342009,2.650117699153984e-128,1.0952621800505855e-115,4.4455291206208935e-169,5.380135432114606e-187,1.4910857623430466e-176,1.410044190275721e-55,2.533475679436143e-103,3.803650792724803e-104,2.2297480323812776e-132,9.857893865873456e-214,7.655786831868328e-248,9.715228787318718e-110,2.339536711922318e-233,3.8023666547117344e-162,0.0,0.0,0.0,0.0,0.0,0.0,0.0,0.0,5.13052597143341e-302,0.0,0.0,0.0,0.0,0.0,0.0,8.461704256077853e-286,0.0,0.0,0.0,0.0,5.9118882795959014e-285,0.0,0.0,0.0,0.0,5.3637267464566e-311,0.0,0.0,0.0,0.0,0.0,0.0,0.0,0.0,0.0,0.0,0.0,0.0,0.0,0.0,0.0,0.0,0.0,0.0,0.0,0.0,0.0,0.0,0.0,0.0,0.0,0.0,0.0,0.0,0.0,0.0,0.0,0.0,0.0,0.0,0.0,0.0,0.0,0.0
0.0007245860042051061,0.659549936886714,0.3160911910570957,0.011897944371947878,0.003797594219472947,1.528485076433379e-131,0.002207778842896508,1.3888032359024134e-42,1.9214520218511327e-110,0.0007099032061647505,5.991963493704731e-273,3.1009164735545225e-297,0.001428035175626627,1.0099173614470921e-239,2.6448560578451803e-104,1.3841341372607402e-7,0.0007184572834212648,4.429400690121537e-192,5.3069070523638557e-222,0.0014390902492814833,2.6761240036762994e-308,0.0,0.0,1.2984154371882177e-197,5.664337541830002e-252,4.689864896802826e-243,0.0,0.0007176591111335742,0.0,0.0,0.0,0.0,0.0,0.0,0.0,0.0,0.0,0.0,0.0,0.0,0.0,0.000717685178626611,0.0,0.0,1.6031934343461449e-75,0.0,0.0,3.867589618549058e-187,0.0,0.0,1.7464713508759606e-274,0.0,0.0,0.0,0.0,0.0,8.8042e-320,0.0,0.0,0.0,0.0,0.0,0.0,0.0,0.0,0.0,0.0,0.0,0.0,0.0,0.0,0.0,0.0,0.0,0.0,0.0,0.0,0.0,0.0,0.0,0.0,0.0,0.0,0.0,0.0
9.865337322041344e-207,1.1582347939229706e-159,9.7205454246698e-15,1.5452521280673841e-40,1.1562667560288111e-10,2.387874758335429e-5,0.3235363748036415,0.49719094086756904,1.2632513184869574e-16,0.09817714599144187,1.8601317286680673e-26,5.454395848952491e-18,4.969337478815399e-72,1.20392494299472e-70,4.121495674039144e-77,7.732871799352825e-25,6.196230487980307e-30,1.71752948908128e-10,1.1157459533852187e-66,4.531355534489379e-16,1.1919579724411254e-88,0.006331782560101731,2.689531935267943e-31,9.75106281622077e-63,2.471863499654754e-91,5.710595802354851e-72,1.3125500026053749e-149,3.293362976342718e-72,0.022543504703943965,0.012124922465663449,1.5475212896669083e-39,1.0967551558202737e-141,7.092884556121022e-170,1.2651305220300714e-118,2.310331908109594e-6,3.2982417994140114e-144,2.7645489981405288e-84,2.63138222434634e-110,4.631513534206584e-187,8.621770991278189e-106,0.0,7.389636558559424e-223,0.011754856990263537,3.1278659796111323e-35,3.1767862184979084e-293,2.5537260460503634e-217,3.509797933671846e-142,6.641514471306102e-93,8.850531870600023e-258,0.0283141891734285,5.05934736474676e-93,1.6848516590280038e-265,9.30770649889369e-8,2.5983898516744726e-219,2.2171772580790532e-171,0.0,0.0,6.329143603348581e-254,1.8710131232881645e-294,6.260765809011684e-269,0.0,2.591961261619287e-248,0.0,5.6574902061454e-17,0.0,0.0,3.075034058987186e-269,0.0,0.0,0.0,0.0,0.0,0.0,0.0,0.0,0.0,0.0,0.0,0.0,0.0,0.0,0.0,0.0,0.0,0.0
3.354570637510708e-148,5.279641652715453e-58,0.01964683347207735,0.164006501948947,0.5980357120077197,0.19609915957308116,0.011787688350955953,1.5107959234258182e-20,0.0006599192226191626,5.188054057741159e-46,5.72808210261979e-13,2.75827347048269e-36,5.136762019411129e-28,0.0009207461180309877,7.648268184493378e-47,0.00186090024477375,1.5697215465616861e-31,0.0028284640025487157,0.0033223252478628866,1.4468882526722864e-153,6.127708872799402e-123,5.034174568187105e-89,4.912265621642486e-131,4.092270039617199e-37,2.0103972182099852e-64,2.239040050494487e-14,5.598675639491657e-90,1.4464556950575128e-49,1.171519236468224e-155,0.0008317498107879636,3.7012273832829266e-169,5.822895375765938e-136,7.597695570109047e-219,1.98532112563298e-211,2.4229164071924515e-236,2.057882932224311e-263,8.013446019503107e-251,2.6118707936973965e-258,2.021566761371419e-303,1.4679377379122568e-212,1.0e-323,1.2072042822635063e-285,4.429004053994487e-54,9.458521409935313e-183,1.8657382759042958e-271,8.104309581410084e-211,8.757506958072109e-165,5.951121737082704e-280,4.943991097200874e-261,7.975965307755125e-304,1.3136601885861888e-191,5.98956e-319,8.720274452472548e-299,2.2602365985994493e-236,0.0,0.0,0.0,0.0,2.011150306296e-312,1.6483173861555486e-166,9.177900898907552e-151,0.0,1.5340177966883014e-243,1.184042255932828e-211,0.0,0.0,0.0,0.0,0.0,0.0,0.0,0.0,0.0,0.0,0.0,0.0,0.0,0.0,0.0,0.0,0.0,0.0,0.0,0.0,0.0
2.6124562880928034e-94,8.8584372902868e-43,3.4485174651188526e-24,1.0562940270210441e-20,4.625921809817068e-18,4.086083771027617e-24,6.994093459839845e-29,5.067523981153748e-23,1.2512365196780743e-12,0.015562948720812505,0.09801980468492523,1.3779900040326333e-30,5.800373174717518e-44,0.13767478174201445,0.0609582930397793,0.28951343695553344,3.6349824516810406e-39,0.1620542661400514,0.003267337851640362,2.8754680336802276e-62,3.16437084397268e-48,1.2544858589106406e-24,5.405490275064764e-84,9.53761650697103e-103,1.992241187699106e-9,3.277642478810683e-17,1.5594642240932057e-160,0.06875565482865105,3.841088107784199e-49,3.77934003485928e-59,0.08292229331436624,2.1543513441935544e-48,4.114345658619626e-62,4.667910872075457e-127,2.240919311520318e-54,1.9864936494074028e-97,5.383947632449923e-19,2.8610836447354736e-235,8.918158028125722e-194,2.7655159446340105e-141,0.0,2.8191668211228765e-130,2.1492417927459704e-132,3.777048487492e-155,3.785284725438169e-119,3.435410061387098e-67,0.0678374012298267,1.6813612428278043e-108,0.013433779498906942,1.7870520668827907e-100,5.019670907786158e-91,3.2570799038233365e-97,8.86974245007022e-161,1.7962247218666247e-159,4.469935020484096e-256,0.0,3.3050978494573353e-275,2.2635025756708358e-194,4.0871260818698106e-191,0.0,0.0,1.894214018767811e-202,0.0,1.84954845e-315,0.0,0.0,5.023501397953151e-266,0.0,0.0,0.0,0.0,0.0,0.0,0.0,0.0,0.0,0.0,0.0,0.0,0.0,0.0,0.0,0.0,0.0,0.0
0.999980390627161,1.7837228187813584e-5,5.2916740516963e-7,1.964939339562179e-62,7.341074476793106e-70,3.5123058474750132e-65,9.581327981993266e-64,1.2429654185438433e-6,1.1827346050611728e-11,5.9132314306232e-70,2.069548035708389e-191,2.6457979246011286e-180,1.724855972734643e-173,2.0676760394712587e-139,5.4278731345018704e-163,3.6463256183090064e-139,1.1021377569704874e-187,7.73163301429333e-180,1.9943623028694164e-169,4.528007458304565e-280,9.089198037097456e-254,3.5522159319618706e-145,0.0,1.798353328173069e-211,0.0,1.4126139142771004e-253,0.0,0.0,0.0,3.193878673893485e-271,0.0,0.0,2.502442e-318,0.0,0.0,0.0,0.0,0.0,0.0,0.0,0.0,0.0,0.0,0.0,0.0,0.0,2.4325736990879516e-186,0.0,0.0,0.0,0.0,0.0,0.0,0.0,0.0,0.0,0.0,0.0,0.0,0.0,0.0,0.0,0.0,0.0,0.0,0.0,0.0,0.0,0.0,0.0,0.0,0.0,0.0,0.0,0.0,0.0,0.0,0.0,0.0,0.0,0.0,0.0,0.0,0.0,0.0
1.243596703853942e-153,5.1676571913748355e-99,2.8030484802905294e-75,2.169633463275331e-28,5.768609510600655e-28,0.17757358467307904,4.736643454239084e-12,5.194005709405916e-12,1.696861549034918e-20,1.9350499618929852e-39,1.4433266706234302e-33,0.6984683778016475,0.02204493755263687,7.05367924071504e-80,0.020579472430603006,6.587243087600576e-64,1.678425180417929e-81,1.6247153091547131e-52,7.314847110593058e-23,1.75141127780355e-38,3.0460535789101765e-148,0.03820845633457489,7.226066613320167e-79,1.0205938964366677e-77,1.1140467222169137e-71,3.86565746971568e-133,1.0882946938329401e-68,3.2549167997358824e-13,0.01967950963183899,1.788433399550864e-216,8.665916503375007e-95,3.252808352510652e-204,1.4133639966690926e-158,1.141910033679029e-105,1.0036237552252421e-165,4.954006150151695e-229,1.7969156181750502e-37,1.3178939129435787e-154,2.030239836202003e-214,1.4485309674014272e-181,1.2030343634291544e-250,0.0,2.807470283289998e-146,6.6184706634423715e-192,1.694561995271836e-80,1.9845845676722694e-69,0.023445661565363523,1.0967079511635234e-96,4.933323457688453e-143,2.155721217990332e-233,5.1379924223555874e-108,1.0086428067026606e-108,3.858623509457299e-229,6.31747323991796e-154,0.0,0.0,2.0726709325040175e-204,0.0,1.588154e-318,0.0,3.6859458526273355e-277,0.0,5.945301261979309e-301,0.0,0.0,0.0,0.0,0.0,0.0,0.0,0.0,0.0,0.0,0.0,0.0,0.0,0.0,0.0,0.0,0.0,0.0,0.0,0.0,0.0,0.0
3.7661323759683706e-197,1.4895875343983622e-94,3.5717185707294823e-29,0.04163577437399954,0.0001258131493656621,0.953165304175744,6.62170299976251e-5,0.004976283568506686,3.0607702386742905e-5,1.8488621203327397e-56,6.320465987272337e-100,3.306441547715612e-80,4.109278511583503e-96,4.875857157445849e-137,1.5527256163759993e-133,9.661676178533497e-113,1.5064784311151238e-94,8.791555199346173e-90,2.4649534915630917e-27,1.3175261541287905e-92,4.2751337208464834e-63,1.129071008248587e-68,9.932866159730059e-96,4.1935378115246103e-125,6.918995160057173e-145,1.9690449742421856e-187,6.057344013757986e-116,7.592499977090147e-204,4.665503971385144e-176,7.93773556476423e-164,2.5366298582767076e-224,7.247345924325709e-218,3.8999772041078556e-172,2.822067692171824e-263,2.191397505855809e-152,2.9340557562021167e-240,6.200792148210569e-295,0.0,3.1111000873227193e-285,2.485301799414671e-277,0.0,1.2686599193838976e-278,8.446130541147732e-83,1.8307075092276937e-268,1.0508243988977835e-61,8.517541219919207e-289,5.9138406139843585e-158,1.4787266603089116e-247,5.644082443359773e-287,7.987787743559673e-283,2.85813442904258e-235,6.661180646632629e-275,1.882085611256114e-274,1.1738088653810358e-246,1.240368885303295e-309,0.0,9.13166266292864e-245,0.0,0.0,0.0,0.0,0.0,0.0,4.727570862229532e-201,0.0,0.0,0.0,0.0,0.0,0.0,0.0,0.0,0.0,0.0,0.0,0.0,0.0,0.0,0.0,0.0,0.0,0.0,0.0,0.0,0.0
3.668782875867265e-21,1.923357130993177e-23,8.67267516550609e-29,2.2324263657010675e-31,2.952221511684614e-17,4.811607257461703e-29,6.296610557026956e-20,1.8305410751577637e-66,0.825249514949201,1.3605349149971084e-46,6.935163942149999e-82,2.2769319540855215e-52,7.877611137086966e-37,2.1917510858503334e-46,9.99033261152993e-47,5.1862177889620964e-51,3.2976635057307436e-10,7.375366646543746e-40,2.7259801286296116e-76,1.3802566654220658e-126,1.3663364573040533e-141,1.542582033088721e-71,1.204113006973834e-105,0.0911505931588835,2.998371029998801e-137,1.563522266590121e-150,0.03184619491913129,1.9290153112259533e-228,2.3092592233631633e-254,1.9310912929080346e-64,5.0891527107629394e-95,1.199061869802907e-96,3.690996052846303e-151,5.356739262647876e-243,0.05175369664301777,9.740428323663731e-281,9.86954281689348e-51,3.765819805046112e-113,3.9841716764023184e-300,0.0,0.0,2.128216851432105e-138,8.191563540689502e-159,8.100575391565098e-91,2.1996633674470579e-134,1.0402559457728413e-165,6.579066500072831e-199,2.0282813589380375e-211,1.1840192958519314e-96,3.3813108793819725e-256,1.9059932613480528e-116,5.505e-320,1.1513041895217056e-238,0.0,2.5904687689070612e-282,0.0,0.0,0.0,0.0,0.0,0.0,0.0,0.0,8.340563148377267e-260,0.0,0.0,0.0,0.0,0.0,0.0,0.0,0.0,0.0,0.0,0.0,0.0,0.0,0.0,0.0,0.0,0.0,0.0,0.0,0.0,0.0
2.6944603047302217e-304,6.614701477070925e-135,9.327216452302108e-52,0.0016342477290505143,0.000932803277563918,0.011047811796596361,0.9225461443538787,0.06193805906399101,1.1970754814495429e-16,1.4706941328836917e-32,6.745229924482724e-56,5.408206030338851e-30,6.301682559985546e-9,1.2058989536544155e-44,3.3045865446650917e-74,4.972562459214665e-79,1.4019976418462149e-44,1.5558353813118331e-90,6.713839441518413e-27,3.952675475152533e-12,5.328694073245102e-96,0.0019009274732841618,6.138314957621602e-25,1.450047123203715e-77,3.238600229319112e-153,3.780725806216061e-174,5.601766056304564e-201,1.0262582950707687e-76,4.6251427700199536e-74,9.719487644052748e-71,7.67206252071995e-78,4.73404498809566e-158,6.573485587017008e-200,0.0,1.4294773878063856e-219,2.849772746554226e-191,2.7892013435605064e-191,0.0,2.013795292223822e-257,0.0,0.0,0.0,3.8900053343110764e-195,7.002087588330697e-202,4.436e-320,0.0,1.0840913655283404e-74,6.08189471631742e-237,3.5304505752514895e-182,7.499821584593604e-300,1.218965406663482e-286,1.5e-323,1.514406648534622e-207,2.736303526394576e-191,6.64729500503638e-112,0.0,1.0015654e-317,0.0,0.0,0.0,0.0,0.0,0.0,0.0,0.0,0.0,0.0,0.0,0.0,0.0,0.0,0.0,0.0,0.0,0.0,0.0,0.0,0.0,0.0,0.0,0.0,0.0,0.0,0.0,0.0
6.525477462436347e-5,0.9987008561669304,0.00030322397917000444,1.2824451748720833e-8,1.3179670827913344e-13,1.2567299542106944e-209,1.1107628114823097e-108,0.00046800532585004564,3.1160569896450087e-149,4.7537068616237936e-20,0.0004626469288417207,6.0912696559531215e-27,9.294358879066209e-172,6.2101569420117335e-105,5.672029460099555e-140,2.89968788892257e-159,2.8061550471225774e-118,3.296235632814732e-160,5.447254521753416e-216,4.826677590673762e-144,0.0,2.284434170971058e-216,0.0,3.1686551425315274e-271,0.0,0.0,0.0,1.2159408859336892e-276,0.0,3.8392113806957815e-208,1.6608180020757256e-153,1.1499909105763072e-231,0.0,0.0,0.0,0.0,3.4955772260374474e-170,0.0,0.0,0.0,0.0,0.0,0.0,0.0,0.0,0.0,0.0,0.0,0.0,0.0,0.0,0.0,0.0,0.0,0.0,0.0,0.0,0.0,0.0,0.0,0.0,0.0,0.0,0.0,0.0,0.0,0.0,0.0,0.0,0.0,0.0,0.0,0.0,0.0,0.0,0.0,0.0,0.0,0.0,0.0,0.0,0.0,0.0,0.0,0.0
0.0,4.215004837106591e-274,2.6092835283565056e-155,7.583482038126061e-171,1.0901480574717368e-126,4.4673094628746704e-89,5.458071552814037e-57,3.086832613414627e-33,3.3672955422450834e-33,0.00016165757306886528,0.3183641002486887,0.6136475877301091,0.030320362341575632,9.103184771252183e-16,0.006437162865168387,0.007127093854367322,0.003797854458988475,8.83585242094682e-18,2.2886878504328075e-55,0.002448019038985225,2.3385394869112016e-55,0.003055928062568716,3.47679542433135e-127,9.426525362331968e-78,2.8099358229478744e-107,3.4172444989550977e-54,3.570066720856218e-18,6.354604924619383e-60,5.5306190309849897e-73,2.343706582378558e-98,8.699433762757963e-133,7.729832510672372e-91,5.97690988274257e-91,2.620082199719054e-49,0.009121473811828734,9.086810686385879e-123,1.8659820132794645e-47,9.291536247836564e-141,2.8572221866322873e-67,0.002897610777598899,8.373448245412591e-261,1.5926041009044252e-139,5.610922350479407e-51,6.458474135452494e-184,3.2827417562902034e-47,4.8535148455926827e-259,2.260196950883889e-64,1.2009377943729953e-113,3.494797292255983e-144,1.636566052541973e-96,9.675958510954993e-298,9.678693593712826e-259,5.755040181078544e-123,1.2901234319840511e-204,6.589210402436768e-135,0.0026211492370510937,0.0,2.306553208287632e-165,1.3217725870355065e-58,1.1586548506478515e-231,2.294995279366514e-162,1.786152825106221e-148,6.036081569274676e-178,1.5707922180690456e-71,0.0,4.138960533604121e-220,0.0,0.0,0.0,2.0e-320,0.0,0.0,0.0,0.0,2.0773694984600123e-132,0.0,0.0,0.0,0.0,0.0,0.0,0.0,0.0,0.0,0.0
2.1902785959590155e-11,5.20174688117351e-15,1.0650073012777874e-12,3.9292100079170945e-27,0.03422969186616829,0.07118381314772904,0.058669486286450793,5.681804411278714e-93,1.7176798666529686e-71,4.911626111262971e-41,0.26059741278942444,0.3757003879047727,5.396049919163679e-40,5.433251712635692e-22,2.186631379008e-25,1.8414624056740626e-25,0.1378030472562645,4.318408803470329e-25,1.8511371102847127e-46,0.030868202441609684,2.4712798608430135e-140,5.272272060323978e-109,1.9905115364713963e-258,9.259063359899626e-35,0.0,9.30964340458068e-10,2.7331344496442175e-81,1.1317691926763392e-114,1.00266127e-316,0.030947957353642794,5.224016768534421e-16,1.5964646061781984e-234,1.2351936212805882e-246,5.0705319290175515e-250,4.275454862535176e-174,0.0,0.0,1.1968639130460024e-105,0.0,0.0,0.0,0.0,1.5042e-319,0.0,0.0,3.2418977925261473e-195,0.0,1.8929086788730933e-262,0.0,6.5705339296073754e-136,1.046895908243621e-174,0.0,0.0,0.0,0.0,0.0,0.0,0.0,0.0,0.0,0.0,0.0,0.0,0.0,0.0,0.0,0.0,0.0,0.0,0.0,0.0,0.0,0.0,0.0,0.0,0.0,0.0,0.0,0.0,0.0,0.0,0.0,0.0,0.0,0.0
0.0013041830997467597,0.899788473646014,0.0911447573207659,7.737421019784683e-15,1.0384686200623631e-49,1.0078917945404214e-90,7.905457754919688e-82,1.5654188048574966e-59,4.89123933338979e-106,1.80735169840412e-103,1.5355286860658134e-14,1.5805950498478974e-72,3.705805236122605e-106,2.8862445884223675e-108,0.007762585933450043,3.304217387951416e-29,9.115281335419086e-113,8.592581828868313e-124,2.0420291001885412e-171,3.867977083661561e-177,1.115605312890164e-155,1.8445382108758023e-285,8.125474344754379e-188,0.0,0.0,0.0,6.406067056580662e-274,0.0,0.0,1.5058073586729846e-204,3.967909619090923e-272,2.824604785268715e-260,0.0,0.0,0.0,0.0,1.488610128269905e-225,0.0,0.0,0.0,0.0,3.3713168571214776e-221,0.0,0.0,0.0,0.0,0.0,0.0,0.0,0.0,4.072419050370132e-173,0.0,0.0,0.0,0.0,0.0,0.0,0.0,0.0,0.0,0.0,0.0,0.0,0.0,0.0,0.0,0.0,0.0,0.0,0.0,0.0,0.0,0.0,0.0,0.0,0.0,0.0,0.0,0.0,0.0,0.0,0.0,0.0,0.0,0.0
1.1305256246420315e-136,7.03667720009896e-171,5.945283820371259e-44,1.5656020491642275e-23,8.910286968450972e-52,2.109376374332595e-26,1.733885323130438e-10,3.8198331757542576e-5,0.8301503610921567,0.15441258427847757,2.1779335420524054e-7,2.1159568674206039e-16,2.478297340870512e-28,3.677619536253534e-15,2.7701360560162834e-44,0.0064709471553907145,8.041438692777338e-30,0.008927691175470901,1.0399758470798112e-51,3.3913317869006906e-56,2.4919117337268675e-68,1.9014221967866566e-68,4.884999917807532e-97,6.383153700121469e-74,1.196040891627002e-72,7.539147957209707e-55,2.055793377834451e-20,1.178436711227233e-87,4.565908839272712e-48,1.5040916734733091e-24,4.208522012416465e-126,2.4547759966761121e-110,2.214415517296043e-179,1.986080134840531e-183,7.011329139929112e-105,4.1841094141694847e-78,1.0129799642121466e-107,5.03813016193291e-208,2.927081962321724e-47,1.3464929850488151e-194,4.530518800473641e-247,0.0,3.021036246210458e-186,2.0974100942585982e-216,3.3178269938768473e-156,1.4570004486242677e-279,1.9549531741135588e-162,2.3294805434622776e-248,2.202067222252496e-182,2.1613657033183753e-131,3.146230196726915e-228,1.892279259791414e-265,4.7130266542861424e-129,5.785289517220896e-45,9.852464981034104e-142,6.80756529315902e-250,2.069444473902785e-221,2.5940451034978664e-300,6.804076734142292e-138,2.4987090348369594e-299,6.873580704796356e-237,6.490827689664991e-295,8.915927425360848e-106,3.076730926242822e-157,0.0,0.0,0.0,0.0,0.0,0.0,0.0,0.0,0.0,0.0,2.1456531225417605e-151,0.0,0.0,0.0,0.0,0.0,0.0,0.0,0.0,0.0,0.0
3.034089440546822e-7,8.105257981307258e-22,2.770338354558066e-6,0.9688164049729605,4.0939752766054845e-12,2.531483487197152e-29,4.920270543225985e-50,0.015101220154130823,0.016079277027043645,4.834376005249841e-47,6.029205957962497e-34,1.4528099248902107e-72,2.3599863139939133e-53,2.195934153300894e-72,3.4751920067390945e-64,1.6304086125658753e-79,2.4094472441828355e-8,1.481416124104859e-45,2.6230465888004395e-68,1.573400838062693e-110,1.0181004428292824e-150,2.757747048477307e-96,2.0327267733713405e-73,5.106600574645198e-73,6.075514596636127e-91,6.260009222562877e-119,2.4489525973381504e-199,3.24408384703534e-120,6.795933092476419e-210,6.10161477877614e-64,2.9363951730682187e-201,1.2906553334435917e-72,7.897991153202427e-183,5.717700126589355e-194,8.396982529675697e-194,1.8300080325626624e-233,2.8495609865363393e-195,0.0,6.191433647705683e-294,3.9691089224377115e-188,0.0,1.3500470322148127e-164,3.108902760138381e-161,5.152478007732294e-267,1.1926770364581535e-156,1.9283367815281572e-224,1.7526819199514248e-189,7.675259367846093e-251,1.4239343245302284e-107,7.191870437474568e-158,1.5379825314336556e-191,3.1793618631673877e-153,0.0,0.0,0.0,0.0,7.678667481877185e-309,0.0,0.0,0.0,0.0,0.0,0.0,4.5502003849318444e-173,0.0,0.0,0.0,0.0,0.0,0.0,0.0,0.0,0.0,0.0,0.0,0.0,0.0,0.0,0.0,0.0,0.0,0.0,0.0,0.0,0.0
0.0,7.717527632442368e-168,1.3013742980167079e-168,9.637737875980842e-76,2.6818860266527035e-62,9.073495479063814e-20,0.055576352973377444,0.1576938744083273,0.2996761981031995,2.1123823960295106e-15,0.017759858349655287,3.5508015214043115e-9,0.003401499347965585,0.12306901592519004,0.022390426397572306,0.018456575893760298,2.168303186034422e-13,1.3427061962568998e-16,0.03925168915801458,0.07079898616424886,0.03541237214308446,0.09503360666802095,9.018543235018643e-50,0.025519200836813513,2.4728164323459135e-12,8.914949450683817e-49,5.0920516230120173e-191,2.2729616211302297e-61,0.01041251793295516,4.006091895934478e-20,3.500456886945036e-120,2.191645491096554e-86,5.455985581669152e-240,5.156576717658113e-286,3.079941275492464e-125,1.3681447293581366e-180,8.793823840882294e-219,2.013420640310375e-294,8.252023145535882e-130,5.392443808536257e-193,0.0,0.0,9.829375234695704e-174,2.5875400464508393e-242,0.0,0.0,0.008535694784987342,8.339318448242853e-216,0.0,1.4172510459479032e-306,1.448419225074335e-250,0.0,3.46984326129171e-83,6.1107603554989035e-158,0.008476105340866756,0.0,0.008536022018467135,0.0,1.0750994890764362e-241,0.0,0.0,0.0,0.0,1.3906380336774286e-300,0.0,0.0,0.0,0.0,0.0,0.0,0.0,0.0,0.0,0.0,0.0,0.0,0.0,0.0,0.0,0.0,0.0,0.0,0.0,0.0,0.0
4.580027479264637e-149,8.417162501078073e-65,1.1133580100703453e-13,1.3499022586487177e-11,8.149169551204967e-5,0.5010493975024324,0.4780971756752922,7.619925402613046e-17,9.651140787399144e-13,3.1629319498298395e-16,3.477410443852385e-42,0.020771935112187532,1.0855406937382717e-25,1.479423240775554e-40,9.702174492740622e-61,4.402945866254807e-25,3.656602607461531e-37,1.3066591906071625e-39,7.528569593517907e-37,3.0706123184678632e-33,7.221693148628691e-63,9.808353137785568e-40,1.8391316754456782e-86,1.565491353568654e-42,4.737317255780346e-49,5.383789470734925e-75,3.3826972803340585e-42,9.386264330858849e-52,5.094874774824986e-106,8.091286988750419e-38,7.12947886032658e-100,1.5852572171090203e-135,4.676071137925807e-224,1.3740978108920758e-165,1.1798354123058695e-162,2.5031819229464736e-190,1.4351021319982188e-119,0.0,2.4708412216196376e-214,2.1896095e-317,1.7458182944016514e-296,1.2606245877133633e-225,3.26225194919801e-60,4.809696227566335e-152,4.149848949455183e-113,3.570289347291454e-174,5.2531731743902026e-111,1.6709682489034344e-166,6.254756061279768e-233,1.1187511517202877e-122,2.957442887236645e-61,9.474187835363569e-146,3.185705430086456e-221,1.314134664318467e-187,3.699919720788548e-185,0.0,1.1382754100628591e-302,1.67418455345e-313,0.0,0.0,0.0,0.0,0.0,2.4214900062794993e-300,0.0,0.0,0.0,0.0,0.0,0.0,0.0,0.0,0.0,0.0,0.0,0.0,0.0,0.0,0.0,0.0,0.0,0.0,0.0,0.0,0.0
2.1317825898246972e-51,5.698715065941727e-45,0.014968032461541887,0.9098323721082319,0.04000191910735018,1.2694512825918685e-17,1.9065567018788698e-42,0.017676433882288456,0.004731646965081924,0.007755472208274164,0.0010645026115834106,1.625090764113183e-53,5.245846587229945e-62,3.8314501088580006e-51,2.7146501841866733e-90,6.158848929488649e-10,2.0991937415194987e-77,7.813222679868491e-22,1.71664237338984e-35,2.770430260423146e-14,2.1682097057477584e-132,3.053237819300756e-54,1.0409308841906695e-46,7.129521177183541e-76,1.0703923303147396e-9,8.683247007762313e-76,6.866153625499586e-164,1.2849670133482554e-128,9.584772231876296e-98,0.002282154751845455,1.5675702330253043e-108,0.0016874642174977124,3.170630456196661e-215,1.1398192872351456e-97,2.639855628991844e-127,1.6113825624244574e-189,0.0,8.45493106987803e-270,3.141306091556367e-280,2.2566095265743148e-246,0.0,2.1114779082042257e-198,9.619162305509615e-110,7.709356427517612e-115,4.477214123707512e-300,3.782066670762734e-184,1.8972793040185747e-110,1.0518830548526717e-185,1.3005089209538226e-183,5.04875808532636e-187,6.021974343130863e-204,3.642355134030988e-252,1.9519652829877003e-133,4.616873187552821e-261,0.0,0.0,0.0,1.335607725936e-312,0.0,0.0,0.0,0.0,0.0,0.0,0.0,0.0,0.0,0.0,0.0,0.0,0.0,0.0,0.0,0.0,0.0,0.0,0.0,0.0,0.0,0.0,0.0,0.0,0.0,0.0,0.0
2.5378343334089488e-86,2.306485953209808e-59,4.394410942631788e-26,2.058365824642109e-12,0.057101452738497864,0.5091233611580247,2.88052658858885e-14,0.4080860799984421,5.553817970976325e-18,6.109414492175276e-53,1.4938893011137698e-51,2.020149092660135e-58,1.9784045420331647e-16,2.1634176318326225e-46,4.389461833993829e-26,8.641087067819154e-25,3.732067517085225e-24,8.274848578509095e-38,2.1183313603063412e-80,3.847260802101084e-49,2.2871685011453353e-123,4.2392141309599506e-73,8.941935555188995e-48,1.7754088728747643e-140,1.9825262653579708e-28,1.6141308432571927e-138,2.6186431838128252e-138,1.552926928642017e-99,1.7145606533655737e-149,4.814634664206151e-58,2.5387817756973367e-90,5.827184618658661e-90,3.5469796306412424e-206,1.4633885758766861e-65,0.02568910610294797,3.927161465571262e-173,6.062342593448767e-253,2.59278523917032e-227,8.698814205567164e-124,2.037404795871255e-160,0.0,0.0,1.4521698136375317e-196,3.3054997263781335e-300,1.452890907313074e-213,1.5720160487900887e-186,2.330073627150311e-40,2.3378018281763856e-95,2.941062908883123e-182,1.1306288255254455e-211,2.4362234937727456e-303,9.715854625782872e-157,2.61689961073185e-153,2.1319666251643985e-286,0.0,0.0,0.0,5.69376910038757e-283,1.6218624494313488e-244,0.0,0.0,0.0,0.0,0.0,0.0,0.0,0.0,0.0,0.0,0.0,0.0,0.0,0.0,0.0,0.0,0.0,0.0,0.0,0.0,0.0,0.0,0.0,0.0,0.0,0.0
9.044841677464883e-257,1.2865140463661491e-285,3.1937399972182817e-139,6.733213105157945e-75,2.2711762893101904e-71,8.103460445084374e-71,3.018626342733736e-36,3.0164664703710097e-28,3.0828233313781157e-12,0.02554499316937226,0.062027097817293514,0.03877257691331813,0.18113603275156273,0.16313390977872733,0.15173374664741018,0.16001292102557285,0.07063775563361648,0.08360321582282355,2.1706128825840923e-24,0.010792273819950458,0.008467685112477795,1.7453962385213984e-53,0.024433792530570264,6.415123975607571e-78,1.6938821927389526e-118,1.5514779697655004e-20,8.131050044235753e-114,1.863547200096675e-115,7.475219654667963e-109,7.271287124890835e-76,3.012655461724962e-83,1.8575710461070182e-140,1.0094579296255371e-143,1.3726456141072536e-120,1.8936953729905517e-48,0.0008866114412902783,2.940337331333845e-85,3.681536594234774e-152,1.610050568715636e-129,4.721793590431652e-58,0.006268419368463098,2.636883938163217e-215,1.1724660153872048e-153,1.3299969385972213e-202,2.218502150605915e-163,1.3779857863927433e-137,1.1780893197610097e-236,1.0613309868547593e-191,3.2780919433134702e-189,5.896246248720582e-147,5.549752763708829e-215,7.9767e-320,1.6792907318042494e-134,0.006339084058429399,3.423261545881678e-47,9.59322577785001e-146,4.888748015937635e-27,1.3896943807168913e-202,2.0344457224791908e-111,7.800230512963868e-195,1.3772506372120758e-238,1.0525270390417636e-218,0.00620988410603894,5.484150452159477e-217,0.0,3.969546284026356e-243,0.0,0.0,0.0,3.25361941389e-312,0.0,0.0,0.0,0.0,0.0,0.0,0.0,0.0,1.3550659075958824e-306,0.0,0.0,0.0,1.4752e-319,0.0,0.0
0.9894772261298126,0.0010153829126455212,9.65186411283771e-8,9.195145849043878e-24,0.0006380764350020379,3.77464565343843e-18,2.2670927363207163e-16,7.492556593393381e-30,1.1375891273641552e-12,1.2307697128811185e-9,1.6337946893222908e-156,6.853192326686368e-29,7.043176857563409e-132,1.0942578144117999e-128,0.008869216771990986,1.5371862974587831e-108,1.0043391573934022e-96,5.133227615375709e-86,2.3055238542612673e-182,2.938095e-318,3.0453794839601433e-144,3.90957782624568e-192,1.836402940164909e-216,3.904843159544933e-85,0.0,1.0e-323,2.5584718189882517e-296,0.0,8.926755748434786e-304,5.5466819720449384e-278,1.9138813216710924e-281,5.324591031025654e-288,6.8878556e-317,0.0,9.106908699e-314,8.784697185483702e-236,0.0,0.0,0.0,0.0,0.0,1.608519964401262e-297,0.0,0.0,0.0,0.0,4.744e-320,0.0,0.0,0.0,0.0,0.0,0.0,0.0,0.0,0.0,0.0,0.0,0.0,0.0,0.0,0.0,0.0,0.0,0.0,0.0,0.0,0.0,0.0,0.0,0.0,0.0,0.0,0.0,0.0,0.0,0.0,0.0,0.0,0.0,0.0,0.0,0.0,0.0,0.0
3.015032925275907e-241,8.641259865410654e-181,4.4634810469677733e-38,8.665286466578339e-14,0.12599368518228615,0.8624966678111956,0.00024365222474710606,0.005525503428094975,1.195210715381732e-22,2.8441633669702578e-42,2.741685246379952e-66,5.929495739075527e-27,0.001393978764145022,1.0052538836757093e-63,2.659281660015414e-74,2.4473202930507563e-23,4.349601821745114e-20,7.216396546021556e-139,0.0008539958589760807,0.002201934515377334,8.179808498514129e-96,0.00016669909433998198,0.0011238831207507328,1.0690740234218334e-80,3.208359929493797e-183,4.079235805049593e-224,4.17143800935353e-202,8.816177228768646e-111,1.2772580915691364e-105,1.3913828995987652e-91,2.770591660746795e-79,1.2580301124156753e-195,5.430985900245303e-195,0.0,6.117128035491827e-237,1.0867050089464092e-257,1.348204219445743e-215,0.0,2.784036762216598e-287,0.0,0.0,0.0,2.3141581064900652e-248,1.8866792735670602e-172,0.0,6.959825176965166e-297,8.097183575901254e-117,2.615141331231795e-69,9.922144118668207e-188,8.999637303288393e-273,7.25673063025216e-240,6.185705553852079e-248,1.1575943971358078e-225,4.443311645939478e-245,1.0040185107327284e-223,0.0,1.726584097650432e-269,0.0,5.098527980925233e-289,0.0,0.0,0.0,0.0,0.0,0.0,0.0,0.0,0.0,0.0,0.0,0.0,0.0,0.0,0.0,0.0,0.0,0.0,0.0,0.0,0.0,0.0,0.0,0.0,0.0,0.0
3.5086103656027634e-130,1.7743371609811227e-133,3.818145223061288e-42,1.4749599979170405e-67,2.1824045638948494e-68,3.544240454298555e-73,2.6089236682494404e-20,3.438772580198477e-36,8.513210346843133e-46,2.5217407792663363e-34,3.639495397996234e-40,0.12093630905815222,1.6941044148934956e-49,1.8515475184038495e-101,7.487928650985841e-85,1.302265985851554e-91,2.8487786094023778e-49,4.830402498396271e-58,1.50241007508286e-42,2.639229341132852e-5,1.8408317229548096e-131,0.0132042128913553,5.010300263557338e-71,0.027041201196577058,1.6498648720893656e-63,3.3092443223143876e-90,0.07698439700016131,0.03858268136008699,0.06672441414285031,0.1406426151114001,0.11417908810565955,1.0185934092439625e-116,0.07763167823150377,1.9510423449466627e-104,8.410038449243968e-85,0.09259344439856271,1.4141126120536743e-6,1.464389754556192e-123,1.4239727939814046e-101,1.3937067686355485e-120,6.148027163532915e-225,1.3764331984033075e-62,9.496744371804969e-83,1.0764320749752178e-233,7.142124069855247e-163,0.07667271730226637,2.885823483926297e-150,6.672522224996947e-29,5.2645845515666344e-201,1.4443030363826665e-158,0.09031648429559153,5.5405692704268e-102,1.9960339856673144e-72,0.06446295049980943,1.874186654247178e-119,0.0,1.1041447154945932e-117,1.7216442775609735e-251,0.0,2.862966704611674e-269,5.537532439726115e-240,2.1571851224459721e-277,0.0,9.894136060147483e-168,0.0,4.845450390540284e-204,0.0,0.0,0.0,0.0,0.0,0.0,0.0,0.0,0.0,0.0,0.0,0.0,0.0,0.0,0.0,0.0,4.488897847103024e-303,0.0,4.595385218363554e-254
1.8405434559715743e-78,3.277366075152216e-62,6.569698926459456e-40,0.04946770200521706,1.8807083335717895e-6,3.815680457557214e-41,1.1653781282421022e-158,1.3288605566358775e-62,0.0832093824214132,5.909283347903208e-278,3.761753912587989e-76,7.896038171607512e-162,0.08613242866532696,1.9457589145221563e-130,6.259073262649909e-246,3.136018260312e-309,4.709228233442512e-227,4.198915672229943e-208,2.422116271374437e-84,6.403183782456692e-203,0.09095462836187758,1.981969547169206e-10,0.04381515418417575,0.0,0.0,2.041147092418082e-80,5.089923333527764e-227,1.2669414536406884e-211,0.0,0.0,1.656746160692248e-206,0.1726275326600547,0.0,0.17157855165889568,0.0,0.08634395955735,0.0,5.291233090049319e-231,0.0,0.08635019213777749,0.0,0.12951858744138106,0.0,5.108017119788178e-256,0.0,5.43e-322,0.0,1.5180045132916564e-89,0.0,4.586619336618221e-260,0.0,0.0,0.0,0.0,0.0,0.0,0.0,0.0,0.0,0.0,0.0,0.0,0.0,0.0,0.0,0.0,0.0,0.0,0.0,0.0,0.0,0.0,0.0,0.0,0.0,0.0,0.0,0.0,0.0,0.0,0.0,0.0,0.0,0.0,0.0
8.3902932694156e-82,5.245915935185173e-68,9.169719015779852e-88,8.597593424400699e-109,1.961875065035625e-68,1.330833481898933e-75,6.707038774627377e-78,1.1811683110905552e-38,2.899610399936278e-101,3.268700718898802e-114,3.5020424658199384e-102,4.8198075912371374e-54,5.291733009998825e-74,1.2128505929902142e-79,1.2165143376555378e-126,7.1416120646874765e-121,6.2520551653666025e-75,1.6950578714465885e-88,1.2009038870435471e-169,0.23034438548068104,1.0513336590839502e-62,1.0621450787572212e-31,2.060820588867883e-121,3.845026328861857e-235,8.396118466051073e-157,5.042887384331337e-42,0.04831014866220823,4.7076208971895235e-178,0.030705832930078,3.955226698670686e-127,6.412425369722178e-59,4.175346925906139e-179,3.6669064128247668e-149,6.28232980953722e-164,2.0576030935580973e-74,2.2532002468320002e-163,0.09733916260853823,0.0973251570007541,1.4482467279583907e-201,1.783843402468271e-185,1.3226615e-316,2.3423958951988437e-171,7.742768423771608e-136,1.7566204731263526e-191,0.06453486348935934,6.600300933519786e-22,1.7068169410535016e-297,0.2918447856362303,0.03257198682596096,0.10702367736618987,1.8959864677260374e-103,3.7549165015357717e-153,0.0,2.6560591963824907e-138,4.638185115922149e-209,0.0,0.0,0.0,0.0,0.0,0.0,0.0,0.0,0.0,0.0,4.984473165963437e-190,0.0,0.0,0.0,0.0,0.0,0.0,0.0,0.0,0.0,0.0,0.0,0.0,0.0,0.0,0.0,0.0,0.0,0.0,0.0
0.9999673381695582,3.266183044098806e-5,7.482868665563806e-16,3.715961972479084e-46,1.2356988058675096e-120,8.835389196018798e-134,6.537755086718751e-20,2.648332093232749e-78,2.8650273095565867e-134,1.2812064951449175e-124,1.1250965121059363e-60,3.9295037046744683e-134,3.638388111564405e-72,1.1425869460942114e-101,1.5891147973453272e-28,1.3453470848714238e-67,5.161296070779883e-186,1.2952696173597032e-165,3.0504367184107163e-82,2.2358500056751925e-278,6.900250401228855e-223,2.8067404238498575e-245,0.0,0.0,0.0,0.0,4.323559920358083e-295,0.0,6.770348301751701e-278,2.978564850657873e-168,1.4023394770717317e-234,0.0,0.0,0.0,0.0,0.0,4.761229547431496e-162,0.0,0.0,0.0,0.0,0.0,0.0,0.0,0.0,3.2233868683195068e-282,8.635027260962778e-275,0.0,0.0,0.0,0.0,0.0,0.0,0.0,0.0,0.0,0.0,0.0,0.0,0.0,0.0,0.0,0.0,0.0,0.0,0.0,0.0,0.0,0.0,0.0,0.0,0.0,0.0,0.0,0.0,0.0,0.0,0.0,0.0,0.0,0.0,0.0,0.0,0.0,0.0
1.0827078879372315e-46,2.7574800369254702e-49,8.888137219011833e-85,4.1047945618841557e-44,1.704526664461095e-27,1.467006215591174e-26,4.990445625847161e-48,0.051100623179188974,2.816943805654593e-21,0.32370199816161227,5.0056115269580454e-17,4.46711752712123e-48,8.688511703928958e-58,1.8571800468415854e-87,2.864453765218424e-59,2.058907171532778e-53,2.7781535242385883e-41,1.0535184054147826e-6,1.583654660637597e-66,3.6032798833059476e-42,1.5506677622451104e-101,2.455138758595478e-132,0.06588738406781357,4.708771218078429e-163,2.9676044226709986e-81,2.1056622361708257e-143,1.0493071708535851e-119,2.4546175447341943e-61,3.3429134952855583e-217,3.492778757734879e-148,1.7361044282231762e-119,1.2223388192494431e-88,0.09852826000371498,1.820089907829819e-247,0.036860584052897244,1.15394097489295e-142,3.738279970305534e-162,5.740105208281822e-186,6.33409778191488e-188,0.0,0.0,1.8344974416741664e-236,1.1568439298619557e-144,6.942285348298035e-45,0.06523543994126234,1.0449291113987241e-243,0.1223738835416059,1.3245567099633444e-24,0.05382618178146139,0.18248459175203802,3.3857195675016794e-192,1.0959326658590873e-38,3.929896740984191e-241,7.868089334380658e-304,2.280981614905829e-291,0.0,2.3205617035251841e-243,1.9754295e-316,4.690653343648269e-70,1.1275319850698734e-248,0.0,2.746394747506122e-214,0.0,1.403033607177898e-89,0.0,0.0,0.0,0.0,0.0,0.0,0.0,0.0,0.0,0.0,0.0,0.0,0.0,0.0,0.0,0.0,0.0,0.0,0.0,0.0,0.0
1.8203746889538815e-38,1.2620375404684472e-26,5.448385781513083e-46,7.692306877644771e-35,3.416377450854042e-33,9.466638999504535e-17,7.539338659109692e-29,0.7382461902407224,6.105336944287092e-34,9.771185373642673e-30,2.176359960987387e-74,5.766920626751394e-52,2.206688185852222e-103,8.754683436336096e-90,5.19256531276396e-118,1.437198948845028e-153,1.4316266330393212e-69,5.360076559653459e-70,8.57639735828444e-76,3.0102752728889422e-61,2.352715472254258e-134,0.08566355418446636,0.02065752300902827,2.097952970886517e-132,6.056393607542436e-124,0.020749203142371823,1.2176265601106025e-34,0.06119664393261128,8.304782389646414e-224,1.2288432145310939e-186,8.391700285641768e-101,2.907411417127021e-45,1.948927949717359e-124,8.369540589196933e-243,7.823083225216684e-269,5.008045839217318e-114,4.923160449070605e-163,2.6230589727720153e-245,1.57666e-319,1.7358663362700264e-108,1.2235399170969907e-234,3.4709716151883934e-209,1.826542130985828e-185,6.512988798039596e-178,2.1560581855496695e-91,0.07348688549079987,6.250580809740081e-219,1.6389160036339286e-40,4.355939511736639e-139,5.59382235284037e-30,2.6873904378595058e-139,2.9306840176788263e-308,9.309944478275259e-300,0.0,0.0,0.0,0.0,0.0,0.0,0.0,0.0,1.6046221814519799e-295,0.0,1.5070754498384723e-260,0.0,0.0,0.0,0.0,0.0,0.0,0.0,0.0,0.0,0.0,0.0,0.0,0.0,0.0,0.0,0.0,0.0,0.0,0.0,0.0,0.0
8.147037606352222e-26,0.47101660461510514,6.626810014735016e-34,7.11880559013007e-13,0.0945997390122424,9.408222223021386e-9,2.519102777079043e-31,8.22261656522551e-33,1.1933762904063825e-14,0.3012491375903954,5.758750674246697e-96,0.06693633789988646,5.543223471702784e-22,0.05872804978279609,4.249767514187948e-29,2.982848357118431e-99,3.839336747002009e-135,1.449424551195037e-86,8.167193228736865e-33,2.4501781934523657e-75,1.8620318527617657e-221,1.8037864340138313e-27,6.573577086889249e-132,1.649041514667745e-283,7.554758571887043e-276,1.4011955603445998e-253,9.400836423653175e-78,2.4481927896533506e-260,2.4466791826293516e-26,0.0,1.6268377221976454e-47,3.947240687392518e-234,5.910567503335582e-255,7.146829866263266e-47,0.007470121690628472,1.1253953518101392e-126,6.236466605052025e-156,6.876256541431146e-259,1.040006225113384e-286,4.894536152839917e-302,0.0,1.6681836292496406e-99,4.3077357628511145e-300,2.7816191248751378e-154,2.8789768657770645e-197,3.0564331123277095e-36,1.81801998569992e-288,3.2320923713653223e-84,0.0,9.356431383498838e-227,1.127924642266402e-222,0.0,0.0,3.979452546599808e-272,0.0,0.0,0.0,0.0,0.0,0.0,0.0,0.0,0.0,0.0,0.0,0.0,0.0,0.0,0.0,0.0,0.0,0.0,0.0,0.0,0.0,0.0,0.0,0.0,0.0,0.0,0.0,0.0,0.0,0.0,0.0
0.0035782203780832115,0.8934084039868034,0.07012934299634738,0.0008817600172934625,4.105524082546489e-14,2.1986588958447685e-86,0.000943764747344119,2.272082432782845e-98,0.010901400783349155,0.009403295358520896,1.7313075395345805e-120,0.010699780594006768,3.1797350413017943e-59,9.493652631025548e-158,5.4031138210731324e-5,1.902221163469803e-135,2.574836271777823e-70,2.9725759300555094e-85,3.366979394032191e-157,1.491139311327472e-214,0.0,7.231291463677048e-285,1.2151621557894241e-225,3.2770307829817735e-189,0.0,0.0,0.0,0.0,4.7331989520929825e-265,8.689654668867171e-157,0.0,6.611316940839535e-189,0.0,0.0,0.0,0.0,2.959451549752479e-248,0.0,0.0,0.0,0.0,0.0,0.0,0.0,0.0,0.0,0.0,0.0,0.0,0.0,1.9799809314566944e-208,0.0,0.0,0.0,0.0,0.0,0.0,0.0,0.0,0.0,0.0,0.0,0.0,0.0,0.0,0.0,0.0,0.0,0.0,0.0,0.0,0.0,0.0,0.0,0.0,0.0,0.0,0.0,0.0,0.0,0.0,0.0,0.0,0.0,0.0
5.704576597757543e-75,1.3547097558428837e-48,3.790911750460072e-44,1.2632851944546379e-17,0.13497800002794427,7.815019322664417e-24,0.8650219999720555,5.710782621468954e-17,1.2918514392955657e-22,2.4509862314908868e-33,1.153680081709825e-46,1.6120970705460064e-43,1.4285265466891647e-73,4.0385839180143193e-75,5.98393155911647e-67,3.1532284962375667e-109,1.322916300148165e-66,4.37463999709021e-100,2.9708617903374565e-160,4.9575731268965086e-157,2.6638277146832237e-133,5.691168221562126e-287,5.056116713081966e-248,9.738507275327377e-218,3.8918113480894156e-194,2.444035477969483e-293,1.0922107548487863e-224,5.04372359842102e-165,1.8903568359704206e-305,0.0,7.192649634431431e-290,2.94273e-317,0.0,0.0,1.292018899158336e-120,2.4555249304030495e-203,3.211555394448073e-294,0.0,0.0,0.0,0.0,0.0,0.0,0.0,0.0,2.371355756690009e-176,3.9052593466497186e-263,8.21330059284352e-304,0.0,0.0,1.0592208015364102e-176,0.0,0.0,0.0,0.0,0.0,0.0,0.0,0.0,0.0,0.0,0.0,0.0,0.0,0.0,0.0,0.0,0.0,0.0,0.0,0.0,0.0,0.0,0.0,0.0,0.0,0.0,0.0,0.0,0.0,0.0,0.0,0.0,0.0,0.0
0.0,2.011876317e-315,1.0218946519888706e-266,1.3949232753761167e-192,2.8347546286823186e-201,2.0082139570437012e-94,2.129088414137692e-53,2.692448409142291e-15,1.301406876437848e-40,0.2746190796217117,0.1498483407140711,0.5036780665249273,0.03131191632150056,7.011662549776866e-15,6.802156822804157e-20,2.3965848699771007e-9,3.5389726465477563e-6,2.1196942916784617e-14,4.0275053446942353e-60,1.7366831162465275e-45,1.0439906162077835e-35,0.007482081002037235,5.0187383162613345e-83,2.6871743624395764e-124,7.260304736324572e-170,0.017904864916480783,6.890026886854609e-111,1.16392516759179e-107,2.575431720767077e-150,1.6014628252498958e-125,1.2552600970290235e-65,1.7434942806711033e-93,7.838349734489019e-127,7.409640432102953e-172,1.9252775060523744e-83,9.837684583039949e-74,0.007630692125489159,3.7041539380066765e-181,2.983422070355838e-104,7.587194884593339e-62,1.9807098951371854e-128,1.4666494860056216e-192,3.7451525431577804e-224,1.968163766873817e-186,0.007521417404519787,8.922787303269848e-249,5.014859837908301e-167,2.2248639821136524e-130,3.168756660265708e-239,5.212214154300673e-160,5.249841074996e-311,1.1177575139480985e-180,2.9180280689789675e-159,2.3551429622956318e-219,1.5676714681069378e-41,1.0843376368461183e-60,0.0,1.8240407845750318e-252,5.822534225703416e-184,0.0,7.794229043588846e-200,1.1124130582543283e-288,1.1010821890761444e-250,0.0,0.0,1.0736175885485147e-210,2.8675521816228897e-298,0.0,0.0,3.2067187637e-314,0.0,0.0,0.0,0.0,0.0,0.0,0.0,0.0,0.0,0.0,0.0,0.0,0.0,0.0,0.0
0.664421366020374,0.3186347860379744,1.421683294647226e-9,0.00037080288716399514,9.657335029873914e-8,9.055342811141665e-57,0.00876394989707064,1.3232146592265383e-55,1.1528662601788762e-44,2.4237253459091126e-92,5.6524176963171986e-114,3.324760114351664e-23,6.444723390662595e-72,0.0078089971623831154,5.6557522146460345e-96,5.6472642203493935e-115,5.477897744289301e-206,2.6961049326710323e-22,3.34425759112768e-168,3.196645976072793e-251,1.177835601434695e-187,8.06255634930667e-236,0.0,2.1611258021791058e-234,0.0,0.0,2.1824048687888495e-296,1.0228937332442392e-230,0.0,0.0,0.0,1.4044652996686716e-192,0.0,0.0,1.0e-323,0.0,0.0,0.0,0.0,0.0,0.0,0.0,0.0,0.0,0.0,9.387982545460078e-230,0.0,2.146849368750765e-233,0.0,0.0,2.0288972082547842e-235,0.0,0.0,0.0,0.0,0.0,0.0,0.0,0.0,0.0,0.0,0.0,0.0,0.0,0.0,0.0,0.0,0.0,0.0,0.0,0.0,0.0,0.0,0.0,0.0,0.0,0.0,0.0,0.0,0.0,0.0,0.0,0.0,0.0,0.0
0.006316112547639541,0.9935364311375262,0.0001474563148341701,3.010070159603289e-20,1.0730569609328431e-16,2.3793959919525217e-27,5.132970168657226e-27,6.325895070632215e-29,6.663904363308428e-29,3.6079866768376234e-28,6.4345682605411155e-109,6.79167267277498e-47,1.6576033205186043e-76,6.326231644151436e-122,1.4468282421118917e-26,1.2105041213356019e-91,6.980464245962439e-101,3.5862388043331206e-81,1.0473008397105353e-171,1.2436677894522808e-162,4.086402816287708e-175,1.230250459203412e-208,2.045586136820204e-235,9.345901842896092e-56,2.49379614674e-313,2.70213355e-316,4.879756880105722e-300,3.4072910296052216e-291,4.563992475254274e-246,8.442050251849557e-201,7.379279725231723e-289,1.0106813092205714e-180,0.0,0.0,1.353054322613e-311,0.0,5.772471752153349e-203,0.0,0.0,0.0,0.0,8.037023202706266e-233,0.0,0.0,0.0,0.0,2.8699375748066334e-215,0.0,0.0,0.0,5.394084898535423e-232,0.0,0.0,0.0,0.0,0.0,0.0,0.0,0.0,0.0,0.0,0.0,0.0,0.0,0.0,0.0,0.0,0.0,0.0,0.0,0.0,0.0,0.0,0.0,0.0,0.0,0.0,0.0,0.0,0.0,0.0,0.0,0.0,0.0,0.0
4.851319094020696e-54,2.721163294772274e-19,3.806500802174221e-11,7.535139996487925e-5,0.9326822363368298,0.05155486383801337,3.724672844373294e-15,1.248144431834226e-32,1.498732894964281e-17,1.7693093521923656e-29,2.3156903458308542e-57,0.0024413257450560007,9.63700878072587e-17,9.30129200487413e-54,2.366765605064331e-51,9.316592319601656e-38,0.005277552248223929,3.953595542506907e-7,0.007968275023884279,1.2012432870905794e-111,3.6923211095197056e-94,4.750780025488535e-66,1.0404449430937294e-11,2.2872100067455637e-141,5.2671517660475e-48,2.2789197011599413e-158,1.2580425339979642e-207,7.410542600371227e-111,3.2306038593660316e-149,9.305397635763206e-74,2.5871016921088607e-125,2.276244200462445e-102,2.7241827862044036e-143,4.969976414565033e-98,2.2199256883272985e-179,1.0280017012376637e-194,1.2201725441599934e-163,1.6915154e-316,5.498080541504286e-305,7.062464075936916e-167,0.0,4.230835614732596e-118,7.149244229298865e-73,1.6602785645088314e-258,6.807193186615226e-307,1.2915043909101707e-133,1.871027479280299e-106,8.948204585240096e-193,1.7799295899736422e-122,4.476499099752221e-83,1.1591679172806411e-212,4.714352304660693e-85,5.807980495349484e-239,8.937121437217291e-181,8.016534495491899e-308,0.0,0.0,2.8118076580842692e-294,0.0,1.2521598153380904e-226,1.1515599798777878e-289,0.0,1.986851515274268e-181,1.619470114031266e-197,0.0,0.0,0.0,0.0,0.0,0.0,0.0,0.0,0.0,0.0,0.0,0.0,0.0,0.0,0.0,0.0,0.0,0.0,0.0,0.0,0.0
0.0,0.0,0.0,0.0,8.634012076135593e-242,3.3057442400558862e-279,1.0360014144935444e-135,6.692910366689735e-111,7.279120531930196e-124,5.924289974253541e-147,2.8744023240556227e-145,1.0301841717683646e-106,2.8698125395802825e-31,2.441035130852491e-24,2.869112999253366e-72,1.7073743569235344e-44,0.14123372078361182,0.3413316751101682,0.32237773091435906,0.14382111685182344,0.028523950119612514,0.0007357232386995144,0.007542312507564557,1.1999110809616376e-10,1.34692676528001e-71,2.7421004706243184e-16,8.737374075172818e-26,0.005107093899580796,7.807373355302924e-96,0.0038202669248435703,8.037211885769077e-40,9.974095073002532e-64,2.0536918356604137e-135,3.285314159198033e-60,1.174407280370949e-191,0.0038447471668829015,5.532209594269458e-65,3.126931693396818e-37,4.1146151412883164e-107,2.2670229830692784e-92,3.51007940572869e-155,7.288200680050899e-132,2.1148037147427426e-153,4.388529266191038e-36,9.264554698272582e-80,9.136574336222896e-85,4.8592594743411395e-77,7.334841162753494e-66,1.7245617052713806e-244,3.195484767075686e-141,2.2852555595975026e-106,3.7399389463424516e-252,2.589637478411531e-220,1.8826036810879306e-276,1.1812279516651885e-122,3.772542272416716e-20,1.3238180835388497e-234,1.8028299549074807e-71,2.3027363069868618e-138,2.13701446247142e-84,3.2241474096330484e-264,1.140644367478329e-131,0.0016616623628621723,9.786199133484023e-243,0.0,3.5279574337004173e-125,7.1199007251179285e-307,1.2006633550706367e-302,0.0,9.986011004465699e-115,0.0,0.0,0.0,4.532146283832375e-197,0.0,0.0,7.534190915667223e-291,0.0,0.0,0.0,0.0,0.0,0.0,0.0,0.0
0.8553046134346214,0.1331221375338713,0.006109111379843056,2.1603430451837757e-6,3.9316435999851356e-5,1.3941986086798364e-23,9.315924323765948e-42,3.6382459142683e-36,1.986301978141111e-26,3.37979183273941e-77,4.2791098428457483e-97,5.834345274156974e-93,0.0024157646868647074,4.754143177828151e-76,2.5014289456017845e-71,3.1976326543051373e-91,9.253884975637859e-103,0.003006896185754367,4.219863992996007e-71,7.51934063223591e-231,3.5167125741177255e-121,6.385211475352116e-148,2.3072379703685487e-251,2.2987255075913005e-232,0.0,0.0,1.2175732898978579e-193,0.0,1.7012399661850782e-165,5.840156264144558e-256,2.9381400771883006e-200,3.3594423946452692e-195,4.321681875013489e-258,0.0,0.0,1.6319443879947653e-294,0.0,0.0,0.0,0.0,0.0,8.0123e-320,8.893406959557762e-237,0.0,0.0,0.0,0.0,0.0,0.0,9.615e-321,4.977248344147481e-183,0.0,0.0,0.0,0.0,0.0,0.0,0.0,0.0,0.0,0.0,0.0,0.0,0.0,0.0,0.0,0.0,0.0,0.0,0.0,0.0,0.0,0.0,0.0,0.0,0.0,0.0,0.0,0.0,0.0,0.0,0.0,0.0,0.0,0.0
1.0,0.0,0.0,0.0,0.0,0.0,0.0,0.0,0.0,0.0,0.0,0.0,0.0,0.0,0.0,0.0,0.0,0.0,0.0,0.0,0.0,0.0,0.0,0.0,0.0,0.0,0.0,0.0,0.0,0.0,0.0,0.0,0.0,0.0,0.0,0.0,0.0,0.0,0.0,0.0,0.0,0.0,0.0,0.0,0.0,0.0,0.0,0.0,0.0,0.0,0.0,0.0,0.0,0.0,0.0,0.0,0.0,0.0,0.0,0.0,0.0,0.0,0.0,0.0,0.0,0.0,0.0,0.0,0.0,0.0,0.0,0.0,0.0,0.0,0.0,0.0,0.0,0.0,0.0,0.0,0.0,0.0,0.0,0.0,0.0,0.0,0.0,0.0,0.0,0.0,0.0,0.0,0.0,0.0,0.0,0.0,0.0,0.0,0.0,0.0
0.8796422,0.5553027,0.8696998,0.034764644,0.36492103,0.3149497,0.57436126,0.39505097,0.5250706,0.16497038,0.07504662,0.27464306,0.23480234,0.5934216,0.45574996,0.9072534,0.44551203,0.4942966,0.7533261,0.8250677,0.1847799,0.054985277,1.0,0.584572,0.68649685,0.7120175,0.10473192,0.6950166,0.76348203,0.74498177,0.48488507,0.114958145,0.37504143,0.53511333,0.2845569,0.6724797,0.15494935,0.26496026,0.43484196,0.22483101,0.6434493,0.8033245,0.20502739,0.7261401,0.3348053,0.4750698,0.40561092,0.5446193,0.32496092,0.8132834,0.21494117,0.02446307,0.4647262,0.34492713,0.7886626,0.6348544,0.30513158,0.17480856,0.0946458,0.29467463,0.62362754,0.6541171,0.6627495,0.4247313,0.56579,0.045267932,0.88838893,0.084722966,0.7074571,0.41484597,0.124897555,0.5052931,0.064774185,0.6052391,0.2548029,0.35480982,0.6140762,0.24486233,0.51486766,0.38520044,0.014946376,0.19478796,0.14498046,0.13515393,0.7721826
0.5250706:52,0.53511333:53,0.7886626:77,0.6950166:69,0.39505097:39,0.8132834:79,0.0946458:9,0.37504143:37,0.014946376:1,0.26496026:26,0.064774185:6,0.21494117:21,0.41484597:41,0.3149497:31,0.27464306:27,0.36492103:36,0.51486766:51,0.29467463:29,0.16497038:16,0.5052931:50,0.15494935:15,0.6434493:64,0.7721826:76,0.5446193:54,0.38520044:38,0.4647262:46,0.9072534:84,0.24486233:24,0.34492713:34,0.2548029:25,0.4750698:47,0.114958145:11,0.584572:58,0.5553027:55,0.19478796:19,0.22483101:22,0.57436126:57,0.14498046:14,0.44551203:44,0.8250677:80,0.17480856:17,0.13515393:13,0.43484196:43,0.20502739:20,0.10473192:10,0.45574996:45,0.6052391:60,0.76348203:75,0.6724797:67,0.8033245:78,0.045267932:4,0.084722966:8,1.0:85,0.3348053:33,0.56579:56,0.054985277:5,0.2845569:28,0.40561092:40,0.7533261:74,0.5934216:59,0.35480982:35,0.6541171:65,0.7074571:70,0.8796422:82,0.4942966:49,0.48488507:48,0.7261401:72,0.88838893:83,0.32496092:32,0.124897555:12,0.30513158:30,0.6627495:66,0.74498177:73,0.7120175:71,0.07504662:7,0.6140762:61,0.1847799:18,0.8696998:81,0.23480234:23,0.4247313:42,0.68649685:68,0.62362754:62,0.034764644:3,0.02446307:2,0.6348544:63
