VarA,VarB,Value
0.01,intercept,0.007757112523688089
0.01,1,-0.0012548399104388996
0.01,2,0.004264137209721254
0.01,3,-0.005478471807646282
0.01,4,0.0026680716252498677
0.01,5,-0.0018551422079747316
0.01,6,0.002031849713265496
0.01,7,0.002105975627886853
0.01,8,0.0018365123442572583
0.01,9,-0.0022276593759134127
0.01,10,0.001119765870606206
0.01,11,-0.00040351161104393394
0.01,12,-0.0017183711995979423
0.01,13,-0.00020260664948365298
0.01,14,0.0031865246674264336
0.01,15,-0.00026393540653265696
0.01,16,0.004405800724446183
0.01,17,-0.0017314785748732367
0.01,18,-0.0009073345332146085
0.01,19,-0.0054724386040785125
0.01,20,0.0018392745795682529
0.01,21,0.0016308353989258762
0.01,22,-0.0010002516952540028
0.01,23,-0.004926241395026999
0.01,24,-0.0002449875428161374
0.01,25,0.0010916207770221577
0.01,26,-0.0008492528716242947
0.01,27,0.0006640414530494433
0.01,28,0.0018844010175781457
0.01,29,-0.004594081956090186
0.01,30,-0.00010590673656364514
0.01,31,-9.958559483675856e-5
0.01,32,0.0020718227375522463
0.01,33,-0.001043798890814502
0.01,34,-0.0007651047032558092
0.01,35,0.0013585656416790152
0.01,36,0.0006472335775863113
0.01,37,0.0005983062448511633
0.01,38,0.0010260420355797414
0.01,39,-0.0025073158493404777
0.01,40,0.002867511758176865
0.01,41,0.00014894886838427913
0.01,42,0.0006832474282112075
0.01,43,3.4661562820672574e-5
0.01,44,0.0011644238215475673
0.01,45,-0.0018997967236212057
0.01,46,0.0016307026103348867
0.01,47,-0.0019410610626180548
0.01,48,-0.0012761543525455052
0.01,49,-0.0007966475901561586
0.01,50,0.00035243058005753763
0.01,51,0.0002144032490342028
0.01,52,0.0012277149341720253
0.01,53,0.0002149541221997499
0.01,54,0.0007741488944095952
0.01,55,0.00012010028736052328
0.01,56,0.00021049819172200694
0.01,57,0.0016452531007169246
0.01,58,0.0009354109276699554
0.01,59,-0.0009097183610755001
0.01,60,0.0014322074776351456
0.01,61,-0.0019830932048435445
0.01,62,0.004206324525994174
0.01,63,-0.0017716098417505269
0.01,64,0.0018815451096486453
0.01,65,0.0023298934027998976
0.01,66,-0.0029231708430455705
0.01,67,-0.0023366069854111665
0.01,68,0.0018034269482578686
0.01,69,-0.001589721145161971
0.01,70,-0.0007709996672761047
0.01,71,0.0005665484721838331
0.01,72,-0.0012108538258660529
0.01,73,-0.0003043870624896128
0.01,74,-0.0019865362601937083
0.01,75,0.0005785193070748298
0.01,76,-0.0005577659658064122
0.01,77,-0.0010779260954472411
0.01,78,0.0025223165695769287
0.01,79,0.0007862985548729741
0.01,80,0.00041575146571141904
0.01,81,-0.0025957825624069045
0.01,82,0.0031503543893187085
0.01,83,-0.0006540010670561247
0.01,84,0.00010755624540275591
0.01,85,0.0016637927084165534
0.01,86,0.0020499149820414663
0.01,87,-7.248070665587163e-5
0.01,88,-0.0033381150717868226
0.01,89,0.0009892760318922298
0.01,90,0.004824485952411754
0.01,91,-0.004987546324675151
0.01,92,-0.0012324124893187756
0.01,93,0.0005083159901503335
0.01,94,0.0005170754671200501
0.01,95,0.0029271168340090376
0.01,96,0.0009184204050037679
0.01,97,0.004499727736641624
0.01,98,0.0007023433433402995
0.01,99,-0.0017985450923693022
0.01,100,-0.00013402953993043638
0.01,101,0.0027501877404283686
0.01,102,0.0006444050915731158
0.01,103,0.0003822228663056327
0.01,104,-0.0013166952873493777
0.01,105,0.001964843329265751
0.01,106,0.0015788120889704685
0.01,107,-0.004230644212723718
0.01,108,0.00038289549435812915
0.01,109,0.002703047727605391
0.01,110,-0.0013864829211360477
0.01,111,-0.00017744447977269628
0.01,112,0.0026527533843007356
0.01,113,0.0006272342886911672
0.01,114,0.002461442814715937
0.01,115,-7.700462909932656e-5
0.01,116,0.00023583648200940465
0.01,117,-0.003074888313914479
0.01,118,0.004079826049201064
0.01,119,-0.005613937422921448
0.01,120,0.0008725741966860033
0.01,121,0.000728465174926425
0.01,122,-0.004051474842849521
0.01,123,-0.002084823274139541
0.01,124,0.0013300078439168284
0.01,125,0.00042205514588638924
0.01,126,0.00038277208548731615
0.01,127,0.0001432570385055541
0.01,128,0.002639393026474696
0.01,129,-0.0010589229225436252
0.01,130,0.0022035840991174427
0.01,131,-0.00024413091610935025
0.01,132,-0.002058555160754906
0.01,133,0.0006424185850739267
0.01,134,0.0028091303196137976
0.01,135,8.07512489090422e-5
0.01,136,0.0017652736590989156
0.01,137,-9.439731460067145e-5
0.01,138,-0.001709050487962699
0.01,139,-7.939414824027862e-6
0.01,140,-0.0002072121107865687
0.01,141,-0.001573092578594481
0.01,142,-0.0032264838841949105
0.01,143,0.0015306227945183228
0.01,144,0.0029934489107009297
0.01,145,0.0008766943612943347
0.01,146,-0.0011633290612452776
0.01,147,0.001739055562162715
0.01,148,-0.0008184647969286435
0.01,149,0.001969385193132503
0.01,150,0.0019924629328346237
0.01,151,0.0002836199541379467
0.01,152,0.00046668576105274816
0.01,153,0.0028999500827313605
0.01,154,0.0031437568144044433
0.01,155,-0.003926847435502895
0.01,156,0.0017613084171483836
0.01,157,0.004396096130504957
0.01,158,0.0023722882762553968
0.01,159,-0.0006214381984904674
0.01,160,0.0003705752979522408
0.01,161,0.0011730459139709976
0.01,162,0.0013721223812098837
0.01,163,0.00017898301684820048
0.01,164,0.0007608422679987046
0.01,165,-0.005674315158675542
0.01,166,0.0022634045598942504
0.01,167,0.0010547359760995207
0.01,168,0.004300883609247934
0.01,169,-0.00013837984467278741
0.01,170,0.0011253764953735746
0.01,171,-0.0009076965676040602
0.01,172,-0.0021470185533690447
0.01,173,-0.0029560619570278444
0.01,174,0.004257733150170867
0.01,175,0.001163801637062151
0.01,176,0.0004458963192260371
0.01,177,0.007331784789527769
0.01,178,0.005476271136346185
0.01,179,-0.0035929088137045336
0.01,180,-0.0033446823075869497
0.01,181,0.0027209013423491477
0.01,182,-0.0002720988247394206
0.01,183,-0.003801936245178365
0.01,184,0.005665885195552266
0.01,185,0.014183457258811925
0.01,186,-0.0054170946119396135
0.01,187,-0.00536426484003421
0.01,188,0.002627391627615317
0.01,189,0.007734571122359443
0.01,190,0.0010311801900696287
0.01,191,0.007970309098191781
0.01,192,0.045627482539943025
0.01,193,0.00739670469239179
0.01,194,0.002455078423203925
0.01,195,-0.0003343160310067192
0.01,196,0.0005202648339825595
0.01,197,0.0029288859928278954
0.01,198,0.0028924947987277803
0.02,intercept,0.008407915332246248
0.02,1,0.000710290222651195
0.02,2,0.0004384149476675668
0.02,3,-0.0001873432469152757
0.02,4,0.0016238193279752172
0.02,5,-0.0018168762644481255
0.02,6,0.002918490053271179
0.02,7,0.0006342290758100396
0.02,8,0.0010889985863617624
0.02,9,-0.00031408541670889056
0.02,10,0.0008804175403482748
0.02,11,-0.001448522489964985
0.02,12,-0.0022951229724849547
0.02,13,0.0011663669811804664
0.02,14,-0.000108142712266396
0.02,15,-0.0008931785815528296
0.02,16,0.001195027638441123
0.02,17,0.001987064692795731
0.02,18,-0.0007978114912474639
0.02,19,-0.0032401420194528912
0.02,20,0.0013819864411484162
0.02,21,-0.00018283615323336745
0.02,22,-0.00035725877001338064
0.02,23,-0.002044728460438171
0.02,24,0.00027795940529045147
0.02,25,0.0004492153514016903
0.02,26,-0.0004987029326148233
0.02,27,0.0016609880060227296
0.02,28,0.0003869195239454235
0.02,29,-0.0009428811581377105
0.02,30,-0.0009143194275621865
0.02,31,-0.0011492500635904472
0.02,32,0.0012619060805756236
0.02,33,-0.0004827286578458015
0.02,34,0.000903643355382821
0.02,35,3.928371439008018e-5
0.02,36,-0.0009560835361250386
0.02,37,0.0013499640066696038
0.02,38,0.0011968656736178254
0.02,39,-0.002502369627531034
0.02,40,0.0007356157803470295
0.02,41,0.0006995145430701891
0.02,42,-7.374572586471924e-5
0.02,43,0.0013319038968599786
0.02,44,-0.00017738452720052403
0.02,45,-0.001511653205145441
0.02,46,2.255726516070647e-6
0.02,47,-0.001904075089360765
0.02,48,-0.0009971418832883906
0.02,49,-0.001433876403863294
0.02,50,-0.00020345002343163544
0.02,51,-0.0005113708589273801
0.02,52,0.0017683298363995912
0.02,53,3.1036151683661175e-5
0.02,54,0.00010157340758543124
0.02,55,-0.002332986945300778
0.02,56,0.002933762579674052
0.02,57,0.0034984617094918494
0.02,58,-0.0001305922871427672
0.02,59,0.003303255283877992
0.02,60,-4.44828371579806e-5
0.02,61,-0.0003057521029171806
0.02,62,0.0030336734855185106
0.02,63,-0.0006272401291948748
0.02,64,0.0028702040940557765
0.02,65,-0.0008453182997223124
0.02,66,-0.001876604709677047
0.02,67,0.00040400574036713043
0.02,68,0.0006849123566884536
0.02,69,-0.0007869099072900095
0.02,70,-0.0014876743125678857
0.02,71,0.0011578385162287264
0.02,72,-0.0007848083131904686
0.02,73,0.0012026636165897518
0.02,74,-0.0013769035078961824
0.02,75,-0.001286649354029736
0.02,76,-0.0003322273944992225
0.02,77,-0.0017871917141001974
0.02,78,0.0018663091944087279
0.02,79,-0.00048255634256688033
0.02,80,0.0004919463312225803
0.02,81,-0.002549431263537533
0.02,82,0.0015705330452390714
0.02,83,-0.0019152471878880748
0.02,84,0.003706512668246055
0.02,85,0.0004906940208734144
0.02,86,-7.570724851792635e-6
0.02,87,0.003947695223663223
0.02,88,-0.0014288371853467974
0.02,89,0.00019086647248243776
0.02,90,0.0021698673887757982
0.02,91,-0.002466624748611559
0.02,92,-0.0009237390991919787
0.02,93,0.0017321170363109638
0.02,94,-0.0015332861049668623
0.02,95,0.0016066971115768617
0.02,96,0.0007018787302692543
0.02,97,0.0033267212133623277
0.02,98,0.001095045574464298
0.02,99,0.0007220635770152128
0.02,100,-0.001268582469183855
0.02,101,0.0015940384595474792
0.02,102,0.0013797951945585937
0.02,103,-0.0008455610767307956
0.02,104,0.00048385972781784457
0.02,105,0.0003617939099736641
0.02,106,0.00032419658782673446
0.02,107,6.438880477420827e-5
0.02,108,-0.002702061304990665
0.02,109,0.00354299567737459
0.02,110,-0.000826814110463177
0.02,111,0.0004048825276432431
0.02,112,0.0014480338463578194
0.02,113,0.00029923710858260986
0.02,114,0.002254721130844878
0.02,115,-0.0007012522070822388
0.02,116,-0.0002453560523752853
0.02,117,0.0008066534558276735
0.02,118,8.992803109381727e-5
0.02,119,-0.0018946524146148357
0.02,120,-0.00031369052641446913
0.02,121,0.0017411855757021146
0.02,122,-0.00223247742839044
0.02,123,-0.00038382542925066617
0.02,124,0.0005191897667200705
0.02,125,0.0015925338231311762
0.02,126,-0.0014950150015838196
0.02,127,0.00014443515507889257
0.02,128,0.002391320594815842
0.02,129,0.0007731886617325409
0.02,130,0.0020251697524772717
0.02,131,0.0009767639601921164
0.02,132,-0.0011112683081531626
0.02,133,0.00039118352707832876
0.02,134,0.0006673468821815176
0.02,135,-0.0008490262974363573
0.02,136,0.0018220306589149529
0.02,137,0.0013583662371317413
0.02,138,-0.001929889210408136
0.02,139,0.0005582389938656262
0.02,140,-0.0014106061879699385
0.02,141,-0.0013423134564110885
0.02,142,-0.0015844380264838582
0.02,143,0.001845027982563039
0.02,144,0.0021660353253609055
0.02,145,-0.00022748285290689348
0.02,146,8.42626189875353e-5
0.02,147,-0.0003686297733152462
0.02,148,0.0014778359249853115
0.02,149,0.0009753388954433959
0.02,150,0.001289960257264414
0.02,151,-0.0006874035243620176
0.02,152,0.00031186505847771056
0.02,153,0.0034142031098268
0.02,154,0.0025447356853790797
0.02,155,-0.0039003301201151115
0.02,156,0.003526522326939839
0.02,157,0.002946110440920945
0.02,158,0.00022517833823574668
0.02,159,0.0015953056866754747
0.02,160,0.0011665725857047304
0.02,161,-0.0009477419754990803
0.02,162,0.0008283161066156454
0.02,163,-0.0006778293549758459
0.02,164,0.0022939775694102217
0.02,165,-0.00331696752634721
0.02,166,0.001182317835102306
0.02,167,0.0012833204799361242
0.02,168,0.0019396601601042085
0.02,169,-0.0003689817093967089
0.02,170,0.0013574817026953637
0.02,171,-0.001038033486856301
0.02,172,-0.0010373363183295598
0.02,173,-0.0014483226650313513
0.02,174,0.005205886453135321
0.02,175,0.0001459399336806042
0.02,176,-0.00023121643279066113
0.02,177,0.008057176017084418
0.02,178,0.0038688285854026594
0.02,179,-0.0034686238160759053
0.02,180,-0.002436028784227135
0.02,181,0.0016491354396391937
0.02,182,0.0022946789068865716
0.02,183,-0.005197501615220243
0.02,184,0.004419834642069078
0.02,185,0.013871911495740451
0.02,186,-0.00529416923008352
0.02,187,-0.012681839092856799
0.02,188,0.007899788602564108
0.02,189,0.008927532801726942
0.02,190,0.004555506070978167
0.02,191,0.0088972946808072
0.02,192,0.06519574650810113
0.02,193,0.005582930434498609
0.02,194,0.0012307089340240437
0.02,195,-0.0007825010237855912
0.02,196,0.0005607874374573906
0.02,197,0.0030340602399618714
0.02,198,0.003041627535344619
0.03,intercept,0.008865321707128365
0.03,1,0.0004686734698212073
0.03,2,0.00033724955776244097
0.03,3,-0.0013569199899145915
0.03,4,0.003416481150717113
0.03,5,-0.003189337148348709
0.03,6,0.002917685964268977
0.03,7,0.0010265735492406773
0.03,8,0.0012634011214254853
0.03,9,-0.000394778797019269
0.03,10,-9.283537332226893e-5
0.03,11,5.919469423358673e-5
0.03,12,-0.00255396341520066
0.03,13,0.0005410548763589161
0.03,14,0.0008887825906748872
0.03,15,0.0002296216338693474
0.03,16,0.00022453653149826395
0.03,17,0.0006908626178947123
0.03,18,0.00014101477176475997
0.03,19,-0.0031733067480117783
0.03,20,0.0017735488366063487
0.03,21,-0.0009385112212485817
0.03,22,-0.0008373347631427328
0.03,23,-0.0012563608168605577
0.03,24,-0.0007881452390370278
0.03,25,0.0007207798244250423
0.03,26,0.00010134022373714132
0.03,27,0.0008863109488492044
0.03,28,-0.0003205383848123611
0.03,29,3.6575672052274936e-5
0.03,30,0.00036237965538904346
0.03,31,-0.0010897524460262572
0.03,32,-0.00018871734211199724
0.03,33,0.0008347863227145624
0.03,34,4.274218838520865e-5
0.03,35,0.00026886854345688736
0.03,36,-0.0006707563064241878
0.03,37,0.0003927175197253156
0.03,38,0.001043599112827116
0.03,39,-0.000401126690300908
0.03,40,-0.0010887161016016127
0.03,41,-3.865322953001659e-5
0.03,42,0.0008772314786875835
0.03,43,0.0017077296357830844
0.03,44,-0.0009110267531356509
0.03,45,-0.00039150582040870077
0.03,46,-0.0005228777232760459
0.03,47,0.00014337130952975075
0.03,48,-0.0013734087397206795
0.03,49,-0.0017396829847014042
0.03,50,0.00030280494610983256
0.03,51,-0.0006707715107120331
0.03,52,0.0015455715261396324
0.03,53,0.002025327531724095
0.03,54,0.00014727205511342483
0.03,55,-0.003220253003786363
0.03,56,0.0037827646862271347
0.03,57,0.0017747283772820525
0.03,58,0.0015430716783694425
0.03,59,0.001897057428414641
0.03,60,0.0009025210335833741
0.03,61,-0.00041489288540468494
0.03,62,0.002599091967842321
0.03,63,-0.00044088908209892355
0.03,64,0.0021601611247364983
0.03,65,-0.0012258243572069829
0.03,66,-0.0022360937938997586
0.03,67,0.0011607463041678043
0.03,68,-0.0005329938568754235
0.03,69,-0.0011356797874954164
0.03,70,-0.0018700088799351812
0.03,71,0.001360044627713289
0.03,72,-0.00033673621308327566
0.03,73,0.0005651394809090237
0.03,74,-0.0009955303562154715
0.03,75,0.00026257488010148015
0.03,76,-0.003180306301346621
0.03,77,-0.0015708000373654337
0.03,78,0.0019949271173354466
0.03,79,-0.0002418393326687191
0.03,80,-0.0004426976715751133
0.03,81,-0.002099611415289546
0.03,82,0.0021516373599106977
0.03,83,-0.0025216247024503367
0.03,84,0.002662996676132758
0.03,85,0.0007247699179572466
0.03,86,0.000572573080252859
0.03,87,0.0034635050576013724
0.03,88,-0.0004497765634989803
0.03,89,0.0014295996537409116
0.03,90,0.0013908607791944193
0.03,91,-0.00024036735061640758
0.03,92,-0.0004706268913919554
0.03,93,0.001060959192506111
0.03,94,0.0005987042362991479
0.03,95,0.00023769489841372752
0.03,96,0.0002628656582158442
0.03,97,0.0035516907903399716
0.03,98,0.0025579462105696023
0.03,99,-0.000934871445473674
0.03,100,-0.0007207950143086046
0.03,101,0.000835253357103772
0.03,102,0.002174922721300688
0.03,103,-0.001224825244419757
0.03,104,0.00032290453269634753
0.03,105,-0.0004576355636797613
0.03,106,0.000711195620488157
0.03,107,0.001061997143157823
0.03,108,-0.0030156267193586815
0.03,109,0.002512948023990251
0.03,110,0.0016167547037134208
0.03,111,-0.0008257855383872446
0.03,112,0.0006393171234465113
0.03,113,0.0001358277315970739
0.03,114,0.0019804407450258136
0.03,115,-0.000997832625892258
0.03,116,0.00044067807760600437
0.03,117,0.0001901426757941292
0.03,118,2.0519184883624348e-5
0.03,119,-0.0015301095263281171
0.03,120,-0.00041751662388680766
0.03,121,0.0019227744219012528
0.03,122,-0.0038442821232387517
0.03,123,0.00042630759888232037
0.03,124,0.0004004655132785656
0.03,125,0.0006234013985935781
0.03,126,9.513826826970353e-6
0.03,127,-0.0006774479423865965
0.03,128,0.0017769926018604994
0.03,129,0.0028511848031091405
0.03,130,-0.0005621903244470862
0.03,131,0.0020557530172786043
0.03,132,-0.0002278848788629143
0.03,133,-0.0011991844600977167
0.03,134,0.00118138276087539
0.03,135,-0.0013353028677941723
0.03,136,0.0014474137226772098
0.03,137,0.00227979220711254
0.03,138,-0.0014362955251126103
0.03,139,0.0011935074244878673
0.03,140,-0.0014148462582469087
0.03,141,-0.001554607401812737
0.03,142,6.347668486523111e-5
0.03,143,0.0015985489095729929
0.03,144,0.002140705853780645
0.03,145,7.122244117516597e-5
0.03,146,0.0001882821405328321
0.03,147,0.0004194936311396579
0.03,148,-0.0007827793222544437
0.03,149,0.000578088103633192
0.03,150,0.0022474266190197134
0.03,151,-0.0003424911499524022
0.03,152,-0.00013012885690654087
0.03,153,0.004232103188378805
0.03,154,0.0022393367324781608
0.03,155,-0.002816508379589662
0.03,156,0.001819649669135022
0.03,157,0.0031594184795940383
0.03,158,0.000554557380111178
0.03,159,0.0013316877647027675
0.03,160,0.0021034020514465257
0.03,161,-0.0014467121939939682
0.03,162,4.204853830105936e-5
0.03,163,0.0005220124982902209
0.03,164,0.0002621593898892704
0.03,165,-0.0005289107482229833
0.03,166,0.0011561397770031689
0.03,167,-4.5899632768167686e-5
0.03,168,0.0013564817610173566
0.03,169,0.0006110502530733866
0.03,170,0.0003894668786260446
0.03,171,-0.0016162122504688313
0.03,172,-0.0018382954650069117
0.03,173,-0.0019305805559231626
0.03,174,0.0031309347445091615
0.03,175,0.0007164137226510172
0.03,176,0.0007238544898883185
0.03,177,0.005307584831796021
0.03,178,0.004381762893593947
0.03,179,-0.0018105561664348037
0.03,180,-0.002310711472824785
0.03,181,0.0007975323427566208
0.03,182,0.0013439973186407683
0.03,183,-0.0016577294382414405
0.03,184,0.006372826003111893
0.03,185,0.015225541094925613
0.03,186,-0.004508731511207501
0.03,187,-0.008397603067380504
0.03,188,0.005089022051416601
0.03,189,0.0076278743668355044
0.03,190,0.009358863650237179
0.03,191,0.0054223629001462735
0.03,192,0.07762516627514687
0.03,193,0.0061354687143245846
0.03,194,0.0014653707387397013
0.03,195,-0.0012351764096529174
0.03,196,0.0008213733574396045
0.03,197,0.0029077775242822446
0.03,198,0.0028450489986219956
0.04,intercept,0.009248036364302803
0.04,1,0.0005488881577402797
0.04,2,0.0008990491410837677
0.04,3,-0.0004784261181711746
0.04,4,0.004400315406302949
0.04,5,-0.0032938492115045345
0.04,6,0.0026932551492338556
0.04,7,0.0013602983273150611
0.04,8,0.0006485795506183565
0.04,9,-0.0008703730883856299
0.04,10,0.0007829594993871382
0.04,11,0.000514688681386176
0.04,12,-0.0025428006537719966
0.04,13,1.8859908653911173e-6
0.04,14,0.00015711014741399385
0.04,15,0.0009630687185929054
0.04,16,0.00027506843585937664
0.04,17,0.0017207894386229408
0.04,18,-0.0008682101786902405
0.04,19,-0.002642547561049259
0.04,20,0.0006846598560087856
0.04,21,-0.0016646598808717746
0.04,22,-0.0015685933594624302
0.04,23,-0.0009223248413498852
0.04,24,-0.00040459449349102185
0.04,25,0.00016285425273493973
0.04,26,-0.0007049790043575319
0.04,27,0.000879612194889633
0.04,28,-0.0008591008043105575
0.04,29,0.0006183021286791592
0.04,30,0.0008663284973378387
0.04,31,-0.0004923725813802329
0.04,32,-0.0006160846657757988
0.04,33,0.001166905554591415
0.04,34,-0.0005258769358867175
0.04,35,0.000867133455429719
0.04,36,-0.001146672564944497
0.04,37,0.0014466340004087468
0.04,38,0.0008562805549621908
0.04,39,-0.0007303766452297643
0.04,40,-0.0005424389813786211
0.04,41,0.0009610418595521279
0.04,42,0.00018521416798905263
0.04,43,0.00063950222309996
0.04,44,-0.0007221937644716813
0.04,45,0.00046971201182128685
0.04,46,-0.0002470018172367805
0.04,47,0.00039338423394156115
0.04,48,-0.0019469938939578014
0.04,49,-0.002615001212818685
0.04,50,0.0008243423985198336
0.04,51,0.00035137837196851416
0.04,52,0.001100639174517723
0.04,53,0.0024397245782121425
0.04,54,0.0019370692426281338
0.04,55,-0.004251723698706653
0.04,56,0.003287330194713306
0.04,57,-1.905846385092394e-5
0.04,58,0.00424245580338133
0.04,59,0.0014741963631662715
0.04,60,0.000511848798599403
0.04,61,0.0005202477070398071
0.04,62,0.0017861270954292877
0.04,63,-0.0008298722519814506
0.04,64,0.0013528158651925706
0.04,65,-0.0005721129622947935
0.04,66,-0.0008218991005873548
0.04,67,0.0012775534630341094
0.04,68,-0.001847024401735691
0.04,69,-0.00048091320510603727
0.04,70,-0.001763559839354652
0.04,71,0.0005821732399580004
0.04,72,0.00013222804711810425
0.04,73,-0.000812971439543264
0.04,74,-0.000392006130189703
0.04,75,4.7899091753742425e-5
0.04,76,-0.0024836689389740314
0.04,77,-0.0002789096055263891
0.04,78,0.0016401127856989824
0.04,79,-0.002639494296921742
0.04,80,0.00016129695464996022
0.04,81,-0.0010625771628768464
0.04,82,0.0015304142922723768
0.04,83,-0.0035227839895594355
0.04,84,0.004312709463721145
0.04,85,0.0008364924866606332
0.04,86,-0.00011087450209347977
0.04,87,0.003932942476300188
0.04,88,-0.0003152037747816986
0.04,89,0.0014336248501758168
0.04,90,0.0019494640077022762
0.04,91,-0.0008757982110577107
0.04,92,-0.0006199711324790249
0.04,93,0.0004968631757878542
0.04,94,0.0026194929014698
0.04,95,-0.0010884365258776662
0.04,96,-0.00038740313689299475
0.04,97,0.003945702169803149
0.04,98,0.001909757440161483
0.04,99,0.0002339093395512181
0.04,100,0.0003636549942392432
0.04,101,0.0006664086827441449
0.04,102,0.0017447483661242867
0.04,103,-0.0007893322807707557
0.04,104,0.0008107527541387272
0.04,105,-0.0008661256676818635
0.04,106,0.00212776197981504
0.04,107,-0.0005801373391361834
0.04,108,-0.0020925745948713556
0.04,109,0.002189040835335395
0.04,110,0.0009510548633687948
0.04,111,-0.001929217471531387
0.04,112,0.0013493934073528207
0.04,113,0.00039644949418901664
0.04,114,0.0007254744234696085
0.04,115,0.0002074989587597208
0.04,116,-0.0002767082558361201
0.04,117,0.0020069935934866794
0.04,118,-0.0008429889837206668
0.04,119,-0.0010749874758431567
0.04,120,-0.001003198350334474
0.04,121,0.002793968964681396
0.04,122,-0.004103157121427933
0.04,123,0.0008833411385613714
0.04,124,9.990004753148979e-5
0.04,125,0.0012125773593093668
0.04,126,-0.0012551903725045968
0.04,127,0.0010072780415215552
0.04,128,0.0017279380641558484
0.04,129,0.0025748741604147483
0.04,130,-0.0006571121428987082
0.04,131,0.0013637960010193277
0.04,132,-5.384362873642366e-6
0.04,133,-0.0010788798393896162
0.04,134,-5.8163653516504264e-5
0.04,135,-0.00043522606996530675
0.04,136,0.0006993556464521059
0.04,137,0.0033637803451811886
0.04,138,-0.002420296289726397
0.04,139,0.0007847995164839962
0.04,140,-0.001182749872550311
0.04,141,-0.0011391547021469739
0.04,142,8.310054946330689e-5
0.04,143,0.0004177456593839118
0.04,144,0.003597308533481697
0.04,145,-8.758513448654213e-7
0.04,146,0.00016048530741685148
0.04,147,8.272482709906722e-5
0.04,148,-0.0011507098782526845
0.04,149,0.0018597858165858847
0.04,150,0.0028500999931600347
0.04,151,-0.0016779377220080141
0.04,152,0.0006656861568896509
0.04,153,0.0033437349134297304
0.04,154,0.0033452156731293573
0.04,155,-0.0003524574946297156
0.04,156,0.00033179948845547347
0.04,157,0.002932235970584052
0.04,158,0.00013368634388932884
0.04,159,0.0018154912698821115
0.04,160,0.001397753298570019
0.04,161,-0.0016230213136761984
0.04,162,0.00035239297371287203
0.04,163,0.00046598039060249935
0.04,164,-0.0007265938035097117
0.04,165,2.8627585647567917e-6
0.04,166,0.00048464135901732483
0.04,167,-0.0008794227424244744
0.04,168,0.00250277101607848
0.04,169,-0.00022912639557528603
0.04,170,0.001227747276211805
0.04,171,-0.0029612188964665397
0.04,172,-0.0022765929831495718
0.04,173,-0.0020496977098812836
0.04,174,0.0036379517667226697
0.04,175,0.0012817061087931827
0.04,176,0.000981185124123585
0.04,177,0.00600996319917029
0.04,178,0.0038149606390601876
0.04,179,-0.0027231089613312578
0.04,180,-0.0030769869755392625
0.04,181,0.0003022188899498905
0.04,182,0.002011895091828129
0.04,183,0.0007337936286915637
0.04,184,0.006804232162433792
0.04,185,0.015780994321624598
0.04,186,-0.003505720089473701
0.04,187,-0.007451263161111334
0.04,188,0.004320258103937375
0.04,189,0.005746725691113254
0.04,190,0.010562523132880454
0.04,191,0.00680849620254829
0.04,192,0.08463802694916941
0.04,193,0.0062419871009057465
0.04,194,0.0009527029425431184
0.04,195,-0.0016736498908275074
0.04,196,0.000988805976964209
0.04,197,0.002607617856076539
0.04,198,0.0028338278128421704
0.05,intercept,0.009122000397920616
0.05,1,0.00046368437812716664
0.05,2,0.0021421003770275113
0.05,3,-0.0012474899172287537
0.05,4,0.004803423558507812
0.05,5,-0.0029283484652181026
0.05,6,0.0027085477819447307
0.05,7,0.0011912548907440066
0.05,8,0.0010680797443751737
0.05,9,4.4591407727156346e-5
0.05,10,0.00015778942942127448
0.05,11,0.0002484958804773192
0.05,12,-0.0024185398145691074
0.05,13,-0.00014037665563255706
0.05,14,0.0005808056628354006
0.05,15,0.00043323701498217273
0.05,16,0.00047024868482298216
0.05,17,0.0014315235671158203
0.05,18,-0.0004207999270791816
0.05,19,-0.003063803099143747
0.05,20,0.0009393151407693206
0.05,21,-0.0010414363156997517
0.05,22,-0.0015562368903899726
0.05,23,-0.0007941742589861515
0.05,24,-1.4982927997680787e-5
0.05,25,-0.00048251989227222577
0.05,26,-0.0001762848750613972
0.05,27,-3.6163956605606725e-5
0.05,28,-0.0003634709637654977
0.05,29,-0.00037161716140717563
0.05,30,0.0014037381259341506
0.05,31,0.000846099011586114
0.05,32,-0.001366451784120284
0.05,33,0.001627413504568616
0.05,34,-0.0007591003441565758
0.05,35,0.0021890410724432494
0.05,36,-0.0005872173223891856
0.05,37,-0.00029248897695027077
0.05,38,0.0011317876282086903
0.05,39,-0.0008525841915350852
0.05,40,-0.00011482521336727213
0.05,41,-0.00040448264902356797
0.05,42,0.0008668288093649741
0.05,43,0.00066169700450246
0.05,44,-0.0004027451410685416
0.05,45,0.0007816123222379987
0.05,46,0.00024200584036734125
0.05,47,0.0009408009118565251
0.05,48,-0.0013183224688445177
0.05,49,-0.0015665523335677432
0.05,50,0.0007495464248595063
0.05,51,-0.00031835461133461647
0.05,52,0.0014704960615092007
0.05,53,0.0025948347452588896
0.05,54,0.0012912997764275925
0.05,55,-0.002977821526793903
0.05,56,0.0016255416353792155
0.05,57,-0.0005871969605146492
0.05,58,0.004803119927447999
0.05,59,0.002246234498851402
0.05,60,-0.000372807952665449
0.05,61,0.0011604243942876338
0.05,62,0.0019397219213310101
0.05,63,-0.001845317507632322
0.05,64,0.0013358698369836067
0.05,65,-0.0005834545845315152
0.05,66,-8.462280721281495e-5
0.05,67,0.0013385103048673972
0.05,68,-0.001978952080521977
0.05,69,-0.0006469339353383994
0.05,70,-0.0017148650649409492
0.05,71,0.0004005144535997627
0.05,72,-0.0005052022212416981
0.05,73,-0.001751334752840654
0.05,74,8.512225434794771e-5
0.05,75,0.0009087921502172073
0.05,76,-0.0031223661491900988
0.05,77,0.0008566987382667167
0.05,78,0.000946816485681828
0.05,79,-0.0033568612948671767
0.05,80,-0.0004981327111866493
0.05,81,0.0009755546282811389
0.05,82,0.000706089935168232
0.05,83,-0.00335113644007882
0.05,84,0.004712480541494129
0.05,85,0.0006166531124599846
0.05,86,0.0022583434684749714
0.05,87,0.00346228099625431
0.05,88,-0.0008154879163135829
0.05,89,0.002191695548846411
0.05,90,0.0005894169068899474
0.05,91,0.0010981392917377634
0.05,92,0.0006796294716399661
0.05,93,-0.001083915985273639
0.05,94,0.0024702350278005608
0.05,95,-0.0028384405060481086
0.05,96,-0.0008773178979551697
0.05,97,0.005601019837652348
0.05,98,0.001805229549104732
0.05,99,-0.00039836163025766075
0.05,100,0.0008435134462478316
0.05,101,0.0007159851634920906
0.05,102,0.0024455131086636574
0.05,103,-0.0008149034031510064
0.05,104,0.0014931301189826135
0.05,105,4.86143873949714e-5
0.05,106,0.0021369085844632606
0.05,107,-0.0010767869562520898
0.05,108,-0.0013948713615447288
0.05,109,0.0023862161962882474
0.05,110,0.0011065709084632515
0.05,111,-0.0024527353608733856
0.05,112,0.0015624131183958965
0.05,113,0.00012635038397589105
0.05,114,4.0658865363461535e-5
0.05,115,-2.2335837225657216e-5
0.05,116,0.0004113804657546131
0.05,117,0.002099505362444651
0.05,118,-0.0008266031211921491
0.05,119,-0.0010950431554898666
0.05,120,-0.0008107706046374269
0.05,121,0.002016884737240101
0.05,122,-0.003447407088085383
0.05,123,0.001357560370149386
0.05,124,-0.000337992042129519
0.05,125,0.002104057963499309
0.05,126,-0.0019624282214326565
0.05,127,0.001032486214595944
0.05,128,0.0010433255077287986
0.05,129,0.0026148774231786243
0.05,130,-0.0008185355058667044
0.05,131,0.0011455750366134356
0.05,132,-0.00015455273853847673
0.05,133,-0.0007293902044338677
0.05,134,-0.0008096884810352264
0.05,135,-2.0182475733510068e-5
0.05,136,0.0006313456522874324
0.05,137,0.0032512553287046323
0.05,138,-0.0023205848853598355
0.05,139,0.0008619688258462531
0.05,140,-0.00039245011065762025
0.05,141,-0.0024603411325888687
0.05,142,0.002046201138379456
0.05,143,0.0002414879960437815
0.05,144,0.00248577745688868
0.05,145,-0.00012073228758518868
0.05,146,0.002042681756549314
0.05,147,-0.0006991687545650063
0.05,148,-0.0012880972889177428
0.05,149,0.003141192749314758
0.05,150,0.0025391157208082722
0.05,151,-0.000259140406729152
0.05,152,0.00037735010105123133
0.05,153,0.0027846983400184183
0.05,154,0.003664361664028848
0.05,155,-0.0006574374145661866
0.05,156,0.0016653369329847774
0.05,157,0.0012401777045932864
0.05,158,0.0011168288523865854
0.05,159,0.0014310869351187234
0.05,160,0.0013472809396700648
0.05,161,-0.00042145940265131193
0.05,162,-0.00024052892528577367
0.05,163,0.0002251500977717992
0.05,164,-0.0007250406263014322
0.05,165,0.0006631453651450224
0.05,166,0.0008043007579023269
0.05,167,-0.0011937207726441948
0.05,168,0.0016215203310456087
0.05,169,-0.0009486638795643361
0.05,170,0.002376719702474008
0.05,171,-0.003731466217423449
0.05,172,-0.0011011960350402505
0.05,173,-0.002040783707968146
0.05,174,0.001719425568446079
0.05,175,0.0015083346481441786
0.05,176,0.0011515464607198746
0.05,177,0.006339253769696148
0.05,178,0.0029028761472615103
0.05,179,-0.0017059142537187374
0.05,180,-0.003574407430819334
0.05,181,0.0007478991102440887
0.05,182,0.0032973482972307065
0.05,183,0.0015677979837866588
0.05,184,0.007778407163209087
0.05,185,0.01471966023650206
0.05,186,-0.003520790066899779
0.05,187,-0.005787427156481375
0.05,188,0.004419526386055753
0.05,189,0.0037383764163883017
0.05,190,0.012194298358211291
0.05,191,0.005276618505412431
0.05,192,0.09825233406157938
0.05,193,0.005199363231557299
0.05,194,0.0009130501919256953
0.05,195,-0.001902702091086833
0.05,196,0.0011809123418600044
0.05,197,0.0023510945649857957
0.05,198,0.002620993138724613
0.06,intercept,0.009478451787499387
0.06,1,0.0008093715176204762
0.06,2,0.0023698228432294504
0.06,3,-0.0017788113331732207
0.06,4,0.004617776461003377
0.06,5,-0.0024157239584188537
0.06,6,0.0018394190071643816
0.06,7,0.0011465848439983616
0.06,8,0.0010983049267120047
0.06,9,0.0004755911042927902
0.06,10,0.0004450458711046292
0.06,11,-0.00014944909244218364
0.06,12,-0.0025340939340590635
0.06,13,-0.0007282347547007035
0.06,14,0.000805459120215927
0.06,15,-9.933205994720631e-5
0.06,16,0.00042066501131979354
0.06,17,0.0017092701193462644
0.06,18,-0.001171128395948288
0.06,19,-0.002008539941722612
0.06,20,0.0007707874201630453
0.06,21,-0.0008846505380749825
0.06,22,-0.0023142637379397223
0.06,23,-0.000752287197465039
0.06,24,-0.0002742286471456853
0.06,25,-0.0012127943656794174
0.06,26,0.0006859499171773034
0.06,27,-0.0001180714298195317
0.06,28,0.00021209107075853616
0.06,29,-0.00033891198299259326
0.06,30,0.001249684829555791
0.06,31,0.0012461127257853465
0.06,32,-0.0017727762406543773
0.06,33,0.002519820596555615
0.06,34,-3.421461592136481e-5
0.06,35,0.0016969624205748247
0.06,36,-0.00045578214600495905
0.06,37,-0.0009251055165179917
0.06,38,0.001648203567892999
0.06,39,-0.0007583963392249619
0.06,40,-0.00012466013256377887
0.06,41,-0.00045247890616604
0.06,42,0.0010484919210638666
0.06,43,1.5421510812338212e-5
0.06,44,-0.0006382928928142877
0.06,45,0.0008179191594309646
0.06,46,-5.491868392922901e-6
0.06,47,0.00036286485649194384
0.06,48,-0.0006137313503226648
0.06,49,-0.001677877754519103
0.06,50,0.00019685954817483966
0.06,51,0.0011035930099435908
0.06,52,0.0013905007200254941
0.06,53,0.0020132796957142048
0.06,54,0.0016235382266114248
0.06,55,-0.002642975766355183
0.06,56,0.0019878682855059607
0.06,57,-0.0023709208868888396
0.06,58,0.005948847716811526
0.06,59,0.002005527083057328
0.06,60,0.0003102280681456561
0.06,61,0.0011939195651097156
0.06,62,0.001976305607590234
0.06,63,-0.002726299212962659
0.06,64,0.001155750320413675
0.06,65,-2.2281144452187515e-5
0.06,66,-0.0003120481658281954
0.06,67,0.0013286328491974456
0.06,68,-0.002834966104575304
0.06,69,0.0003913322925848001
0.06,70,-0.002349822251236083
0.06,71,0.000790115510344523
0.06,72,-0.0003916587675546162
0.06,73,-0.00235640075155599
0.06,74,3.111784045833077e-5
0.06,75,0.0010316325346738733
0.06,76,-0.0032996042727150435
0.06,77,0.00032364540248105685
0.06,78,0.0003323732456833565
0.06,79,-0.0023575832391872628
0.06,80,0.00014230232024658077
0.06,81,0.0002532031328076415
0.06,82,0.00042492438869634386
0.06,83,-0.002973079913183188
0.06,84,0.004636009069961664
0.06,85,0.0008467106068147065
0.06,86,0.0029394476360328258
0.06,87,0.002533432359475732
0.06,88,-0.0008332867515345808
0.06,89,0.0015647931404092503
0.06,90,0.001996201387298763
0.06,91,-0.0001809414330738522
0.06,92,0.0006630698743466145
0.06,93,-0.0002324530316412981
0.06,94,0.00242801518728386
0.06,95,-0.0036435685592226177
0.06,96,0.00020051095380804027
0.06,97,0.004098175368534958
0.06,98,0.0030925298006186236
0.06,99,-0.0012204585527518647
0.06,100,0.0028646733042129125
0.06,101,0.000190749073865595
0.06,102,0.002806083629323505
0.06,103,-0.0003822824528232325
0.06,104,0.0020595090838146078
0.06,105,-0.00010966493137864078
0.06,106,0.002859392127397424
0.06,107,-0.001778625929713962
0.06,108,-0.0015692788357693375
0.06,109,0.002181986198435807
0.06,110,0.001179865366450231
0.06,111,-0.0027464801187536475
0.06,112,0.001899130657682833
0.06,113,-0.0002990179101555493
0.06,114,0.00031333505173730485
0.06,115,-1.3036722595824305e-5
0.06,116,0.0006358359641725738
0.06,117,0.0013372790645022035
0.06,118,-0.0005965528524074057
0.06,119,-0.0012196126476525203
0.06,120,-0.0007025436795093451
0.06,121,0.0015841268252397562
0.06,122,-0.003621320155225899
0.06,123,0.001513380770764283
0.06,124,0.0005098485112041213
0.06,125,0.0004950186884909421
0.06,126,-0.0013642390701435114
0.06,127,0.0004988636330720837
0.06,128,0.001324241956932163
0.06,129,0.00208309353672458
0.06,130,-0.00030116579249452117
0.06,131,0.0014492408354381116
0.06,132,0.00011743407011332721
0.06,133,0.00021085830714178967
0.06,134,-0.0009920954986795964
0.06,135,-0.0005313377521246201
0.06,136,0.0011174340695921296
0.06,137,0.003524723619206194
0.06,138,-0.0025998546013111684
0.06,139,0.0012688957008866774
0.06,140,-1.083398898092269e-5
0.06,141,-0.0033343586667102464
0.06,142,0.0022542210557509835
0.06,143,0.000456151096504919
0.06,144,0.002121446124143441
0.06,145,0.00014639958214793098
0.06,146,0.0032976545794801953
0.06,147,-0.0022291707694757938
0.06,148,-0.00015605242816930308
0.06,149,0.002577205943609671
0.06,150,0.0016774792809314328
0.06,151,-0.0003986663143168927
0.06,152,-0.000342028705791815
0.06,153,0.004262507724133223
0.06,154,0.0036728965097727814
0.06,155,-0.001312624938196696
0.06,156,0.0015160148898210296
0.06,157,0.0020369717395585848
0.06,158,0.0016357985963122883
0.06,159,6.417347824745693e-5
0.06,160,0.0022406685383382792
0.06,161,-0.0006086938639793882
0.06,162,-0.0007719504838723896
0.06,163,0.0006977241374681712
0.06,164,-0.0011441518961307587
0.06,165,0.00034954182262027136
0.06,166,0.0004057623222916427
0.06,167,-0.0006711169553648531
0.06,168,0.0020960094981429984
0.06,169,-0.0012538613395129
0.06,170,0.0015558094382317454
0.06,171,-0.0031104234830167917
0.06,172,-0.0007064891439234884
0.06,173,-0.002416263304650513
0.06,174,0.001163481509592225
0.06,175,0.0014038916631316553
0.06,176,0.0006333199981718166
0.06,177,0.0058217288517941525
0.06,178,0.004194654522679686
0.06,179,-0.0017109011380888218
0.06,180,-0.0058306943565849595
0.06,181,0.0016768423801080548
0.06,182,0.005105349826827562
0.06,183,0.0003393948591615137
0.06,184,0.007399148192007064
0.06,185,0.015582313171119341
0.06,186,-0.001970299214393079
0.06,187,-0.004154081128306817
0.06,188,0.004538989051367931
0.06,189,0.00491982462434276
0.06,190,0.01333393970175628
0.06,191,0.0011724905929456407
0.06,192,0.10656855601983778
0.06,193,0.0046304615532146345
0.06,194,0.0007876389186482516
0.06,195,-0.0020567176443961827
0.06,196,0.0012322063904556145
0.06,197,0.0021679103783536612
0.06,198,0.0025057012191537055
0.07,intercept,0.009763366912055293
0.07,1,0.0014652405582042342
0.07,2,0.002792062136192803
0.07,3,-0.0014495032065359578
0.07,4,0.004418264747483694
0.07,5,-0.001121767788920481
0.07,6,0.0023406651681519394
0.07,7,0.0007986279513205705
0.07,8,0.0006994629087255148
0.07,9,0.0006206390013632898
0.07,10,0.0003857863842014046
0.07,11,-0.0002176749366727181
0.07,12,-0.0024915443960806306
0.07,13,-0.00124575363277724
0.07,14,0.001390719773965896
0.07,15,-0.0008643269566350306
0.07,16,0.0002128651415796559
0.07,17,0.002215573166712197
0.07,18,-0.0020846657397648074
0.07,19,-0.0008341212772979066
0.07,20,0.00025834975598809363
0.07,21,-0.0008417242460127123
0.07,22,-0.002721923317417613
0.07,23,-4.541281114769155e-5
0.07,24,-0.00034954775943439267
0.07,25,-0.0018894158041015642
0.07,26,0.0015132702891057473
0.07,27,-0.0004800093812153856
0.07,28,0.0004998860646614044
0.07,29,-0.0011923468287991029
0.07,30,0.0007466327444985572
0.07,31,0.0021436779974426685
0.07,32,-0.0022185505235767893
0.07,33,0.002955480208236492
0.07,34,1.3488051949650336e-5
0.07,35,0.0016121868091169614
0.07,36,-0.0007662772662772533
0.07,37,-0.00020664977677293416
0.07,38,0.002512223891988612
0.07,39,-0.0018941007786880534
0.07,40,0.0002209356419519151
0.07,41,-0.0004305639662341544
0.07,42,0.00033440235072943825
0.07,43,0.00044224592392752153
0.07,44,-0.0006716532438480054
0.07,45,0.0006596254274436437
0.07,46,0.00042872072071291253
0.07,47,0.0004392264031612113
0.07,48,-0.0006284573595185583
0.07,49,-0.0013660333547032594
0.07,50,0.0013230451150732124
0.07,51,0.0010743590010470357
0.07,52,-0.00020583849248353856
0.07,53,0.002954759463909524
0.07,54,0.0020800902431313546
0.07,55,-0.001887275333790944
0.07,56,0.0010029961373289053
0.07,57,-0.0017413337801529985
0.07,58,0.006070732401513344
0.07,59,0.001992922253460959
0.07,60,0.0004151215063683052
0.07,61,0.0016351736004029036
0.07,62,0.0017985291467145167
0.07,63,-0.002651233217230357
0.07,64,0.0010737542038529403
0.07,65,-0.00010534367465060782
0.07,66,-0.0001477122355381276
0.07,67,0.0009585236230230567
0.07,68,-0.002485038413363555
0.07,69,0.0003988232271153776
0.07,70,-0.0024652299528259915
0.07,71,0.0013889775132883248
0.07,72,-0.0018743424614188194
0.07,73,-0.002533888825869164
0.07,74,0.00027632696286769033
0.07,75,0.00014927426769575892
0.07,76,-0.002901361604237009
0.07,77,0.0007418085409076163
0.07,78,-0.0006452240274473132
0.07,79,-0.0009082563081932202
0.07,80,-0.0001895189635061563
0.07,81,-0.0004694516043641667
0.07,82,0.0001544480197566512
0.07,83,-0.001912018422806993
0.07,84,0.004267857176808542
0.07,85,0.0008566983542992823
0.07,86,0.0021571510153017177
0.07,87,0.002845606287917812
0.07,88,-0.0015582730149031631
0.07,89,0.0022687282865055656
0.07,90,0.0009889275238957242
0.07,91,0.0027428329345146087
0.07,92,0.0009020047517117592
0.07,93,-0.0005480947724897498
0.07,94,0.0030167773759476853
0.07,95,-0.0037686651611899655
0.07,96,0.0009888304412450188
0.07,97,0.0028865662136846205
0.07,98,0.0032311554460510254
0.07,99,-0.0017333074602997392
0.07,100,0.0029972299226458526
0.07,101,-6.747070273653676e-5
0.07,102,0.002169383028557397
0.07,103,-0.0007947133220890435
0.07,104,0.0031782653634480178
0.07,105,-0.0001585643725177445
0.07,106,0.0028587298491095816
0.07,107,-0.0022330057310131672
0.07,108,-0.001328405189149713
0.07,109,0.002267333398872771
0.07,110,0.001091337422253099
0.07,111,-0.0029284615029388106
0.07,112,0.002175043134100471
0.07,113,0.0002888108475072663
0.07,114,-0.0006611454480731082
0.07,115,0.0008609857185220076
0.07,116,0.0012174261655946473
0.07,117,0.00029721245294673756
0.07,118,-0.001236411914097045
0.07,119,-6.720149157963169e-5
0.07,120,-0.0009656850014739073
0.07,121,0.001810159048730289
0.07,122,-0.0034025573268134466
0.07,123,0.001522719672822873
0.07,124,0.00043660845125586547
0.07,125,-0.0002645084945676162
0.07,126,-0.0011210080844835648
0.07,127,0.0007921485514906127
0.07,128,0.0014353692611570603
0.07,129,0.0023430010271127608
0.07,130,-0.00031114396790186434
0.07,131,0.0017237727646919802
0.07,132,-0.00035613097695411924
0.07,133,1.985999108294445e-5
0.07,134,-0.0005563443134100227
0.07,135,-0.0006862229299433256
0.07,136,0.0006325209949608174
0.07,137,0.0035856058259729462
0.07,138,-0.002433016904046342
0.07,139,0.0013240673989453643
0.07,140,-8.227829799685668e-5
0.07,141,-0.0029354170618631752
0.07,142,0.0020396147328024345
0.07,143,0.0009258422288568053
0.07,144,0.0010504043836064856
0.07,145,0.0017217764989534532
0.07,146,0.0034968675703920503
0.07,147,-0.003356158921418155
0.07,148,0.0007273990654591404
0.07,149,0.0017991914763495886
0.07,150,0.0020901841493057034
0.07,151,-0.00016925283020508182
0.07,152,-0.0005440826628733891
0.07,153,0.0042522758143287214
0.07,154,0.002827807142145225
0.07,155,-0.0006499674756414804
0.07,156,0.0017420356339915375
0.07,157,0.0014293313977444232
0.07,158,0.001755407774836985
0.07,159,-0.0002380525970034451
0.07,160,0.002979891265007538
0.07,161,-0.0007874886370966241
0.07,162,-0.0011883607789785775
0.07,163,-0.0001627166277454588
0.07,164,-0.00026409617468307276
0.07,165,-0.0004450442165303706
0.07,166,0.0008590200220450641
0.07,167,-0.0007141033190264407
0.07,168,0.0017968766514691017
0.07,169,-0.0006800217613211393
0.07,170,0.0019667085635328213
0.07,171,-0.0030806609877452513
0.07,172,-0.0027048609211264823
0.07,173,-0.001283480782016886
0.07,174,0.000714073077990659
0.07,175,0.0014890417592375235
0.07,176,0.0012002457654889513
0.07,177,0.006302361334462944
0.07,178,0.002768182926393585
0.07,179,-0.001508682289167556
0.07,180,-0.006651165431085399
0.07,181,0.0011995092811152585
0.07,182,0.005691751313176183
0.07,183,0.000777937349912924
0.07,184,0.007770725444620788
0.07,185,0.015722439180395086
0.07,186,-0.0008921384930507372
0.07,187,-0.003960396747412895
0.07,188,0.004808384350949524
0.07,189,0.0046080873361076516
0.07,190,0.013994861574459208
0.07,191,5.166275860100073e-6
0.07,192,0.1120276417867477
0.07,193,0.00474586929155166
0.07,194,0.0003547037439578901
0.07,195,-0.002230208833309101
0.07,196,0.0013288713722588357
0.07,197,0.0020378869964378142
0.07,198,0.0023367964297393365
0.08,intercept,0.009948084933127467
0.08,1,0.0019888497004789244
0.08,2,0.0024287556915855864
0.08,3,-0.0010965051954210223
0.08,4,0.004196963224679546
0.08,5,-0.001190535610105492
0.08,6,0.002367672867807778
0.08,7,0.0005242580909616488
0.08,8,0.0005549281128358757
0.08,9,0.00037790349952261074
0.08,10,0.001416150692644158
0.08,11,-0.0007780498510240179
0.08,12,-0.0022914877181952308
0.08,13,-0.001403090266438453
0.08,14,0.001061283327986444
0.08,15,-0.0009692743025407974
0.08,16,0.0002850771112943304
0.08,17,0.002246239342306603
0.08,18,-0.0018715413078113068
0.08,19,-0.0012754786408814892
0.08,20,0.00017439618956276352
0.08,21,6.654000374701806e-5
0.08,22,-0.0027391435042414714
0.08,23,-0.0008157332344788639
0.08,24,0.0008518866078784586
0.08,25,-0.0025343805926201146
0.08,26,0.0012793870398680586
0.08,27,-0.0005740749822760638
0.08,28,0.0005121727573568015
0.08,29,-0.0013648365663223205
0.08,30,0.0013892307674266532
0.08,31,0.0015297426830004452
0.08,32,-0.0022001248285361346
0.08,33,0.002681568264424787
0.08,34,0.000814610888454821
0.08,35,0.0008672531833722136
0.08,36,-0.000547965351188789
0.08,37,-0.00013318986106631523
0.08,38,0.002073755294489861
0.08,39,-0.0010692618008122344
0.08,40,-8.1850632502646e-5
0.08,41,-0.0004626645633081686
0.08,42,0.0008301841442115818
0.08,43,-0.00013517447077912722
0.08,44,-0.00019099225479105367
0.08,45,0.0006809138607597164
0.08,46,-5.8749577216348276e-5
0.08,47,0.0012311849355504476
0.08,48,-0.0008742077946563279
0.08,49,-0.0012863884002074
0.08,50,0.0014376760787572678
0.08,51,0.0014918933395590976
0.08,52,-0.0007819768534653063
0.08,53,0.003036735246869436
0.08,54,0.0019545166332305707
0.08,55,-0.0016582891564206372
0.08,56,0.0012885384238782306
0.08,57,-0.002116866323072896
0.08,58,0.005402546943783342
0.08,59,0.0018157602403762975
0.08,60,0.00010601926163329802
0.08,61,0.0014757394669935473
0.08,62,0.0013603574833549086
0.08,63,-0.0012331798227354196
0.08,64,0.0010062570525533059
0.08,65,-0.0002191163751195105
0.08,66,-0.0003620686538501913
0.08,67,0.0013916956995797508
0.08,68,-0.0022697791189199767
0.08,69,0.0006706433073893704
0.08,70,-0.0031603017076017375
0.08,71,0.0016915906582450127
0.08,72,-0.002183749033117331
0.08,73,-0.0025241652138686963
0.08,74,-0.0003287822456076323
0.08,75,0.0001748767414969862
0.08,76,-0.0018378160838339245
0.08,77,-0.0002240059162906939
0.08,78,0.00048281468448734726
0.08,79,-0.0017598160383270455
0.08,80,-0.00022956185850505611
0.08,81,-0.0006072602615206238
0.08,82,9.866637235617121e-5
0.08,83,-0.0012216702862290342
0.08,84,0.003974876215648637
0.08,85,0.0007835103063090592
0.08,86,0.0025252821588520455
0.08,87,0.0036032876975798985
0.08,88,-0.0021484235879584094
0.08,89,0.001706336190543476
0.08,90,0.0015369667672195276
0.08,91,0.0024181795011679707
0.08,92,0.00123103482289918
0.08,93,-0.0015019967451173274
0.08,94,0.0044003255728505795
0.08,95,-0.0033210954893741
0.08,96,0.0008917948274756612
0.08,97,0.0028197805006408474
0.08,98,0.002889916547358965
0.08,99,-0.0006104304158542094
0.08,100,0.0013248484201789559
0.08,101,0.0007452721888703994
0.08,102,0.0016327213595310262
0.08,103,0.0007906164343891607
0.08,104,0.0028615204972801214
0.08,105,0.00022184689860354858
0.08,106,0.0023191588311354855
0.08,107,-0.0014792408970695293
0.08,108,-0.0020062103393753594
0.08,109,0.0026178608218890486
0.08,110,0.000456875050180648
0.08,111,-0.002624087753412469
0.08,112,0.0017831727767420643
0.08,113,-0.0001277066243823584
0.08,114,-0.0007678612323442482
0.08,115,0.0012541972145843807
0.08,116,0.0010999102106674082
0.08,117,0.000133284648328277
0.08,118,-0.001090391027754822
0.08,119,0.00036049112127063774
0.08,120,-0.002187079465413423
0.08,121,0.00194041180122685
0.08,122,-0.002996933686001398
0.08,123,0.0017926514336447416
0.08,124,0.0005143874862826934
0.08,125,-0.0009053574006505177
0.08,126,-0.0010477111965153723
0.08,127,0.0007562849687268424
0.08,128,0.0012259889658097238
0.08,129,0.0024988208104187526
0.08,130,-0.0006003361638390006
0.08,131,0.001789167375673782
0.08,132,0.0003076866286206334
0.08,133,0.0003015278610477057
0.08,134,-0.0013330189839031853
0.08,135,-0.0005440796738722493
0.08,136,0.0012199292280876245
0.08,137,0.003484119364014332
0.08,138,-0.002083775466298787
0.08,139,0.0013041677962529513
0.08,140,-0.00043386393205787136
0.08,141,-0.0028108428504889362
0.08,142,0.002575281901615432
0.08,143,0.0008081199604112999
0.08,144,-1.4415511845420244e-5
0.08,145,0.0029872718853808317
0.08,146,0.003288352810897339
0.08,147,-0.0035101500512234236
0.08,148,0.0002736942612110278
0.08,149,0.0018061417312995151
0.08,150,0.002197312969298518
0.08,151,0.0002561214482222441
0.08,152,-0.0007147856162127051
0.08,153,0.004265097589031334
0.08,154,0.0030610531087934085
0.08,155,-5.0731786243394226e-6
0.08,156,0.001430219101923533
0.08,157,0.0009051188646009115
0.08,158,0.002298265447826548
0.08,159,0.0004740467194245218
0.08,160,0.002570097478890685
0.08,161,-0.0008993000938732684
0.08,162,-0.0014923597906712014
0.08,163,-0.00012162751898543821
0.08,164,0.0003299939119741368
0.08,165,-0.0016713752282041829
0.08,166,0.0009176053903757753
0.08,167,-0.0009350904308442055
0.08,168,0.00207162594337904
0.08,169,-0.0010369408403607392
0.08,170,0.002712438208627434
0.08,171,-0.003408501502691907
0.08,172,-0.003483806613843891
0.08,173,-0.0006968380744018771
0.08,174,-4.8494157466127004e-5
0.08,175,0.0016282741793149044
0.08,176,0.0013834999085215922
0.08,177,0.005497939244466984
0.08,178,0.0029145096763363706
0.08,179,-0.000787782240057949
0.08,180,-0.006155227095953427
0.08,181,-0.0003882584532930747
0.08,182,0.005575626369115072
0.08,183,0.002821310421204542
0.08,184,0.007734040065550183
0.08,185,0.014829161372745168
0.08,186,0.002247242826248052
0.08,187,-0.0042394164365578725
0.08,188,0.0035143868469686567
0.08,189,0.006946121779734441
0.08,190,0.014915728941049146
0.08,191,-0.0012348636078684568
0.08,192,0.11659989489502054
0.08,193,0.005683199260986558
0.08,194,0.00033140070240089475
0.08,195,-0.002259961898112772
0.08,196,0.0013656326488185894
0.08,197,0.00189808865503254
0.08,198,0.0021908355939047586
0.09,intercept,0.010255124817203445
0.09,1,0.00227489928113476
0.09,2,0.002326525225849614
0.09,3,-0.0004611841611663555
0.09,4,0.0037202549633377673
0.09,5,-0.0009534726302711028
0.09,6,0.001561113970422248
0.09,7,0.0015063676006832334
0.09,8,0.0006695449792508067
0.09,9,-4.47071464186703e-5
0.09,10,0.0011655184522946383
0.09,11,-0.0005148135788567912
0.09,12,-0.0014289052263904108
0.09,13,-0.0016118113536447085
0.09,14,0.000860377428854737
0.09,15,-0.0008827415609291479
0.09,16,-0.000647392979859908
0.09,17,0.0026523542499460257
0.09,18,-0.0024560248822921306
0.09,19,-0.0006580288347173856
0.09,20,-0.000753567050788218
0.09,21,-0.00021276223828240202
0.09,22,-0.0022270546334561296
0.09,23,-0.0005671517293182117
0.09,24,0.0012190652553917699
0.09,25,-0.002024298021813644
0.09,26,0.000928910859303854
0.09,27,-0.0009306329842625738
0.09,28,0.0008784013996197764
0.09,29,-0.002153096437154222
0.09,30,0.0018720253269395354
0.09,31,0.002013875236489281
0.09,32,-0.0024309980738661586
0.09,33,0.002422432653688291
0.09,34,0.00036806973240718384
0.09,35,0.0007898616412764988
0.09,36,-4.79489320576795e-5
0.09,37,0.000282651528469474
0.09,38,0.0013772316025879132
0.09,39,-0.0008704685180211659
0.09,40,-0.00011720781499852066
0.09,41,-0.00010613504978624553
0.09,42,0.0006142508606983704
0.09,43,-0.00022724122032398208
0.09,44,-0.0007128778751767169
0.09,45,0.0003475659201217351
0.09,46,0.0005019505926977558
0.09,47,0.0006233239326409158
0.09,48,-0.0005168692304128805
0.09,49,-0.001511368804387244
0.09,50,0.0020663262118042515
0.09,51,0.00023211345033867124
0.09,52,-0.0005052586425519993
0.09,53,0.0032785757874078947
0.09,54,0.0017566870307736506
0.09,55,-0.0014695623656771158
0.09,56,0.0013424720489408665
0.09,57,-0.0015632490648394353
0.09,58,0.004786218704976127
0.09,59,0.0014995331017832363
0.09,60,-0.00014294436902909569
0.09,61,0.002270855560788116
0.09,62,0.0014132549478785817
0.09,63,-0.0011547308723462357
0.09,64,0.0001528641981548545
0.09,65,0.0005132584478645462
0.09,66,-0.0012780962993623952
0.09,67,0.0018889103092840915
0.09,68,-0.0018382865509436006
0.09,69,0.0009610172958063953
0.09,70,-0.0025391408851798223
0.09,71,0.0015086823035297475
0.09,72,-0.0024947362582374813
0.09,73,-0.002647881994802469
0.09,74,-0.0003267068921351397
0.09,75,0.0007967125154011897
0.09,76,-0.0021942942428741868
0.09,77,-0.0004669800625089434
0.09,78,0.0004432086275889685
0.09,79,-0.0012430708074695831
0.09,80,-0.0007868393000985324
0.09,81,-2.828711979423529e-5
0.09,82,0.0001494034345448624
0.09,83,-0.0015293315661052882
0.09,84,0.0038265788555998047
0.09,85,0.0009250438920333264
0.09,86,0.002870826509824852
0.09,87,0.0037091429641257544
0.09,88,-0.002288998116990085
0.09,89,0.0014008511071833434
0.09,90,0.0016815666102082615
0.09,91,0.0033365709693764364
0.09,92,0.0005446723974987329
0.09,93,-0.0009415745912077779
0.09,94,0.0039637989084887176
0.09,95,-0.0038237549652946528
0.09,96,0.000567234678759699
0.09,97,0.0026233115811438706
0.09,98,0.002416250590226122
0.09,99,-1.5548028989712212e-5
0.09,100,0.0014895983023159413
0.09,101,0.00017105606661363954
0.09,102,0.0016117481180950152
0.09,103,0.000749000035841061
0.09,104,0.0025872494633356197
0.09,105,0.0006895425461368218
0.09,106,0.0018377431927839422
0.09,107,-0.001369726093907365
0.09,108,-0.001942358264922203
0.09,109,0.001996949542932943
0.09,110,0.0005584275922167251
0.09,111,-0.0027742804794623536
0.09,112,0.0015419822947277903
0.09,113,0.0007559310740889942
0.09,114,-0.0017219465084554071
0.09,115,0.0019043214412573684
0.09,116,0.0006705347023477668
0.09,117,0.0005125406336406479
0.09,118,-0.0005591552766913283
0.09,119,0.00043806709510158215
0.09,120,-0.0025018415873832344
0.09,121,0.0011742666274577927
0.09,122,-0.002436180774187823
0.09,123,0.0018033748157256638
0.09,124,0.0006788408449200574
0.09,125,-0.000715048183526122
0.09,126,-0.0011150477899219346
0.09,127,0.0008280569089905971
0.09,128,0.0008167529535511818
0.09,129,0.002177325812240923
0.09,130,-0.00068548505635001
0.09,131,0.002067865064866732
0.09,132,0.00040733294363010184
0.09,133,0.00041058165463219576
0.09,134,-0.0014051689045651483
0.09,135,-0.0006859047607154024
0.09,136,0.0016351791972851186
0.09,137,0.0036743405731267855
0.09,138,-0.0015287754053325824
0.09,139,0.0015344009162324209
0.09,140,-0.0004099462442038643
0.09,141,-0.00247930073078045
0.09,142,0.0021749521009599405
0.09,143,0.0008209555645544566
0.09,144,-9.450848354808521e-5
0.09,145,0.003314613771509211
0.09,146,0.003326955452213512
0.09,147,-0.003149425232260246
0.09,148,-0.0005259737718206907
0.09,149,0.00180931035137761
0.09,150,0.002177013928708522
0.09,151,-0.0007597266674391055
0.09,152,0.00015100258166252635
0.09,153,0.004204331771829169
0.09,154,0.002636985498005584
0.09,155,0.0008359391243512367
0.09,156,0.0012819036222192803
0.09,157,0.0010197224728884836
0.09,158,0.0026891849991098767
0.09,159,0.0003230024586603866
0.09,160,0.002223187060412553
0.09,161,-0.0008988662478723472
0.09,162,-0.001780472337142928
0.09,163,0.00013255389375354807
0.09,164,0.0003045788804503885
0.09,165,-0.0012599080141540828
0.09,166,0.0001957438671160662
0.09,167,-0.0006489491918507006
0.09,168,0.0023058501861809187
0.09,169,-0.000834903155902452
0.09,170,0.0030331519008472106
0.09,171,-0.004081115359600029
0.09,172,-0.004056958558633818
0.09,173,-0.0004067553895023422
0.09,174,-0.0005497482979489712
0.09,175,0.001685013341616382
0.09,176,0.0019125269379043912
0.09,177,0.005783088140799064
0.09,178,0.0027440539695723545
0.09,179,-0.0001687056476974023
0.09,180,-0.007055583675260997
0.09,181,0.0003178987267090308
0.09,182,0.004462659465910884
0.09,183,0.0040368990594978815
0.09,184,0.007458585633513912
0.09,185,0.015910239915938918
0.09,186,0.002535094973633518
0.09,187,-0.003097419964607668
0.09,188,0.001750588877733466
0.09,189,0.005879051174886486
0.09,190,0.01453340777953855
0.09,191,-0.0022956680338670327
0.09,192,0.12403489741421929
0.09,193,0.006695084946959343
0.09,194,0.00032638858274391936
0.09,195,-0.002296667338634888
0.09,196,0.0012981815412549825
0.09,197,0.0018026916811453592
0.09,198,0.002048258535091245
0.1,intercept,0.010374363478552117
0.1,1,0.0025708050718323563
0.1,2,0.0014743378655934479
0.1,3,0.00012365386806856898
0.1,4,0.0028936941495883582
0.1,5,-0.0008336936662570565
0.1,6,0.0016377914341195847
0.1,7,0.001608995480113589
0.1,8,0.0009863519588506806
0.1,9,-0.0002831297636692519
0.1,10,0.0014280486262939823
0.1,11,9.59737722985268e-7
0.1,12,-0.0014396485909982286
0.1,13,-0.0021761798297177306
0.1,14,0.00010415399450624167
0.1,15,0.00012247368689730122
0.1,16,-0.001031638598644901
0.1,17,0.0023470732105509455
0.1,18,-0.002594779137618924
0.1,19,-0.0003795166227957367
0.1,20,-0.000983620642145475
0.1,21,-0.0005254583909207284
0.1,22,-0.0017442304703361449
0.1,23,-0.0002777702922570525
0.1,24,0.0009113907267199494
0.1,25,-0.001528888132017425
0.1,26,0.0009256497888962726
0.1,27,-0.0013850674223534784
0.1,28,0.001005622933698306
0.1,29,-0.001840001101301351
0.1,30,0.0015362296711369761
0.1,31,0.0019881810734415826
0.1,32,-0.0021491546696751507
0.1,33,0.0019522628397371199
0.1,34,0.0005939939163225392
0.1,35,0.0006818785254509695
0.1,36,-0.00023355444909039556
0.1,37,0.0006922806842395778
0.1,38,0.0009745415693443986
0.1,39,-0.000965975319920254
0.1,40,-0.0002589910439302685
0.1,41,2.7011790238597062e-5
0.1,42,0.000743782291328073
0.1,43,-0.00032314385869826437
0.1,44,-0.0006882983960355019
0.1,45,-6.171013310951236e-5
0.1,46,0.0005290071243744456
0.1,47,0.0001937737685646293
0.1,48,0.0001714493363061351
0.1,49,-0.0010719262488147006
0.1,50,0.0018319079778798793
0.1,51,0.0006090405613751311
0.1,52,-0.000575233538187281
0.1,53,0.004065892533431024
0.1,54,0.0013662638924721493
0.1,55,-0.0013250220549066696
0.1,56,0.0010108407133065326
0.1,57,-0.0009060278087880783
0.1,58,0.00494955109907696
0.1,59,0.0010601801323131474
0.1,60,0.0007216484600207112
0.1,61,0.0020157031429375474
0.1,62,0.001463506331694864
0.1,63,-0.0010787580516838625
0.1,64,3.047923467604745e-5
0.1,65,-0.00043821218533625134
0.1,66,-0.0008709099776306853
0.1,67,0.0025699990558655434
0.1,68,-0.0020265620302334286
0.1,69,0.002294430521184658
0.1,70,-0.0029201338712409666
0.1,71,0.000655745627643274
0.1,72,-0.0018366379915942393
0.1,73,-0.003137380002720985
0.1,74,0.00039211414384703936
0.1,75,0.00015205324302651585
0.1,76,-0.0010649822258219424
0.1,77,-0.0011729881567093979
0.1,78,0.0003569917244675566
0.1,79,-0.0010890113776753372
0.1,80,-0.0007298561702473659
0.1,81,0.0009758005663426104
0.1,82,-0.0006118562734737436
0.1,83,-0.0005649696451126365
0.1,84,0.003425075161211621
0.1,85,0.0014445255402163284
0.1,86,0.002616191041882323
0.1,87,0.0035829781968390495
0.1,88,-0.0021805162104083964
0.1,89,0.0012263827788616451
0.1,90,0.0016107433132864317
0.1,91,0.0023024090536829553
0.1,92,0.0011198735408221299
0.1,93,-0.0005052477146795433
0.1,94,0.0035367974319045247
0.1,95,-0.003847577370465643
0.1,96,0.001031290132905232
0.1,97,0.0017035279731682513
0.1,98,0.0025008279724009945
0.1,99,0.0002655457192779128
0.1,100,0.001536849025835141
0.1,101,-1.2220830476529305e-5
0.1,102,0.0016792300297609171
0.1,103,0.0017476950529357047
0.1,104,0.002323371584187289
0.1,105,0.0006180580544973283
0.1,106,0.0020849307244353
0.1,107,-0.0016004227021525323
0.1,108,-0.0020945219200704745
0.1,109,0.002589531823678564
0.1,110,0.0001484405108285099
0.1,111,-0.001571532682721515
0.1,112,0.0012825837584690876
0.1,113,0.00016284860127801495
0.1,114,-0.00199187594783927
0.1,115,0.002858276953902947
0.1,116,0.00013704392275817558
0.1,117,0.0004883262116820726
0.1,118,-0.0009057424953357907
0.1,119,0.00027587476571581937
0.1,120,-0.0017365910395018846
0.1,121,0.0013227119930207091
0.1,122,-0.002035722987200703
0.1,123,0.0011607191161722471
0.1,124,0.0007882085423650115
0.1,125,-0.0002639294880367371
0.1,126,-0.0007241390039014828
0.1,127,0.000206778847423315
0.1,128,0.0008792577431349441
0.1,129,0.0019465644609451263
0.1,130,-0.0007247480218690609
0.1,131,0.0019607625566883877
0.1,132,0.0005312562838921165
0.1,133,-0.0004495135915379811
0.1,134,-0.0001622976592945828
0.1,135,-0.0009608940145620892
0.1,136,0.00126342627252616
0.1,137,0.0034641857102321863
0.1,138,-0.0013593312804983154
0.1,139,0.0013844616234223784
0.1,140,-0.0005426272362439019
0.1,141,-0.0023036074628653624
0.1,142,0.002334796044666901
0.1,143,0.0009118909340194905
0.1,144,-0.00029746273852121865
0.1,145,0.003520685624524181
0.1,146,0.0029048950413831515
0.1,147,-0.0024256253206663444
0.1,148,-0.0016680817414220495
0.1,149,0.002895604672457951
0.1,150,0.0014047908053455287
0.1,151,-0.00031517851325604037
0.1,152,-0.0003618261792062891
0.1,153,0.004434910278375558
0.1,154,0.00374212017854997
0.1,155,0.0011056381523538194
0.1,156,0.0002806274679349147
0.1,157,0.0014352511066490967
0.1,158,0.003364776066696384
0.1,159,-0.00038013576832384967
0.1,160,0.001815724588655325
0.1,161,-0.0010834730939947054
0.1,162,-0.0009173811140486349
0.1,163,-0.0011002408621650557
0.1,164,0.00048750870606707503
0.1,165,9.779716159960304e-5
0.1,166,-0.00047067389309152837
0.1,167,-0.0004442618901240975
0.1,168,0.0021325031319561834
0.1,169,-0.0011076404074733923
0.1,170,0.003055818241578537
0.1,171,-0.005159898654821405
0.1,172,-0.002587579473596236
0.1,173,-0.00048421658008540407
0.1,174,-0.0008289361729565333
0.1,175,0.0006075001657858171
0.1,176,0.0024807276511067777
0.1,177,0.005872067415429249
0.1,178,0.0032818762192896684
0.1,179,-0.00042521639572167853
0.1,180,-0.006744168005726927
0.1,181,-0.0016534616597133189
0.1,182,0.006028583995982653
0.1,183,0.00251926209874073
0.1,184,0.009344131214499729
0.1,185,0.01630463478744026
0.1,186,0.0033174801755192973
0.1,187,-0.0025943610520844738
0.1,188,0.002326251527305133
0.1,189,0.006034540073005624
0.1,190,0.01421811942974875
0.1,191,-0.003959338669544417
0.1,192,0.1310527462482526
0.1,193,0.006859420523322055
0.1,194,0.0004044270873691941
0.1,195,-0.0023105987168625247
0.1,196,0.001248923970713711
0.1,197,0.001686107379529052
0.1,198,0.0018901618396991763
0.11,intercept,0.010422012439253933
0.11,1,0.002326746504842995
0.11,2,0.0007164595498867346
0.11,3,0.001533762114627127
0.11,4,0.002666418414096537
0.11,5,-0.0012417775516821857
0.11,6,0.0019420540699086463
0.11,7,0.0017822877395981267
0.11,8,0.0015586994452057572
0.11,9,-0.0002018377932628287
0.11,10,0.0008864442575279766
0.11,11,0.0008766115265502173
0.11,12,-0.001659963663138409
0.11,13,-0.002530886937201638
0.11,14,-6.85270826720032e-5
0.11,15,0.00022517879686541876
0.11,16,-0.0008047599223586553
0.11,17,0.0017650739243804464
0.11,18,-0.0031633182844306835
0.11,19,-0.00021844571692638797
0.11,20,-0.0010662638186000834
0.11,21,-0.0005622821946167137
0.11,22,-0.0018626125882354005
0.11,23,-0.0005037111340054545
0.11,24,0.0013567871891783094
0.11,25,-0.001908251057914375
0.11,26,0.0008695199133257068
0.11,27,-0.0010183428313092378
0.11,28,0.0011649389058703526
0.11,29,-0.001453826673243225
0.11,30,0.001144704244869888
0.11,31,0.002227928705407415
0.11,32,-0.0017731443932864773
0.11,33,0.0012972099844965877
0.11,34,0.0008118925731142238
0.11,35,0.0012132952059917366
0.11,36,-0.0009010257653129876
0.11,37,0.0004245761775750271
0.11,38,0.0011484041618187977
0.11,39,-0.0008685319149668277
0.11,40,-5.336916967010636e-5
0.11,41,-0.0006106875306461279
0.11,42,0.0009681955993209718
0.11,43,-0.00044170147641159926
0.11,44,-0.0007485234174040012
0.11,45,-0.0004386468681051492
0.11,46,0.00047871141347128845
0.11,47,0.000480252670830238
0.11,48,-0.0002356577445742863
0.11,49,6.308252407529441e-5
0.11,50,0.0013035888475068265
0.11,51,0.0008757741154117861
0.11,52,-0.0003429239923467798
0.11,53,0.003459804548005638
0.11,54,0.0018528282997752232
0.11,55,-0.0009631262981994064
0.11,56,0.00033389566630009806
0.11,57,-0.00013401641856146753
0.11,58,0.004664727675988963
0.11,59,0.000531612858909385
0.11,60,0.0004884031865460575
0.11,61,0.0033064156112655118
0.11,62,0.0006107806567312049
0.11,63,-0.001165722775117695
0.11,64,-0.00026856553371672995
0.11,65,0.0003501974162947647
0.11,66,-0.0008574601295854679
0.11,67,0.002888551702369749
0.11,68,-0.001514536639695216
0.11,69,0.0017050549266291867
0.11,70,-0.003054790000719807
0.11,71,0.0017214734189627896
0.11,72,-0.00199499523972317
0.11,73,-0.0034716929343180827
0.11,74,0.000443955616949142
0.11,75,0.0002112266031854018
0.11,76,-0.0005232512546974007
0.11,77,-0.0007823065030765628
0.11,78,7.453018906143899e-7
0.11,79,-0.0014233461448786818
0.11,80,-0.0003430589372664663
0.11,81,-0.00023219900277740956
0.11,82,0.0006805680566183655
0.11,83,-0.0005266850176231842
0.11,84,0.002950455929334123
0.11,85,0.0018386436621799075
0.11,86,0.0024759787698461102
0.11,87,0.004050067220767615
0.11,88,-0.001586531316977287
0.11,89,0.0018790376334761323
0.11,90,0.0004424648233807564
0.11,91,0.0026600713900745737
0.11,92,0.0013443528446954228
0.11,93,-0.0007004985546116127
0.11,94,0.002866347821763355
0.11,95,-0.002435965912720803
0.11,96,0.00012993969925589302
0.11,97,0.003049769168744343
0.11,98,0.0012100174795245525
0.11,99,0.0006309498262631612
0.11,100,0.0002518840485364572
0.11,101,0.000321941630066337
0.11,102,0.0016352914801743745
0.11,103,0.0024567539997626506
0.11,104,0.0021022163090163213
0.11,105,0.0006807773800234921
0.11,106,0.0025390214527830947
0.11,107,-0.002102778694376085
0.11,108,-0.0012869320576746337
0.11,109,0.0019012402667832632
0.11,110,0.00035940078700180173
0.11,111,-0.0016125284945731786
0.11,112,0.0012695421730796266
0.11,113,-0.00024874522707301304
0.11,114,-0.0018651712024560399
0.11,115,0.0034464525260304558
0.11,116,-0.00034610216290522863
0.11,117,0.0006249951130370687
0.11,118,-0.0010623381142168009
0.11,119,0.0005842129526602596
0.11,120,-0.0018803304351947363
0.11,121,0.0013217583795216644
0.11,122,-0.0015871133379099097
0.11,123,0.0008948130859097867
0.11,124,0.000954450663356412
0.11,125,-4.087028407938581e-5
0.11,126,-0.0018491001670073168
0.11,127,0.0005777858912812371
0.11,128,0.0006548407805129676
0.11,129,0.002072269057624553
0.11,130,-0.001226683691885153
0.11,131,0.0025940406567941075
0.11,132,0.0007815383498447423
0.11,133,-0.0009646485468090177
0.11,134,0.0006048149877143906
0.11,135,-0.001052328145647115
0.11,136,0.0012579694692105435
0.11,137,0.003574932560949277
0.11,138,-0.0013998467075376012
0.11,139,0.0014978303929706895
0.11,140,-0.0003434126312112021
0.11,141,-0.002841054915623316
0.11,142,0.0022071295983169172
0.11,143,0.0012501855292130473
0.11,144,-0.0007997572495656389
0.11,145,0.003633825493508694
0.11,146,0.0027343006291023694
0.11,147,-0.002152683589183439
0.11,148,-0.0014480568342828412
0.11,149,0.002945510160501089
0.11,150,0.0006618834534962858
0.11,151,-0.00031284262762782685
0.11,152,0.0011528592030812588
0.11,153,0.004192288838815835
0.11,154,0.003186289276684021
0.11,155,0.0012579578054013037
0.11,156,7.67100399163625e-5
0.11,157,0.0012250035315581618
0.11,158,0.003521136337339147
0.11,159,-0.0004671325228989407
0.11,160,0.0015443730652600232
0.11,161,-0.0007863434964026691
0.11,162,-0.0011400917779604205
0.11,163,-0.0014117811125423723
0.11,164,0.00022243033280934697
0.11,165,-7.429798063044082e-6
0.11,166,-0.0009176863471657416
0.11,167,-0.0002456759915773544
0.11,168,0.002233345000825598
0.11,169,-0.0009776480211052278
0.11,170,0.003410728906471707
0.11,171,-0.005600313323646196
0.11,172,-0.0027864438977102694
0.11,173,-0.0005951240361527357
0.11,174,-0.001449136321761064
0.11,175,0.00046535288303084087
0.11,176,0.002195373576253735
0.11,177,0.005642041139581444
0.11,178,0.0038343768597512225
0.11,179,-0.0004204941585793604
0.11,180,-0.005194409478497017
0.11,181,3.94804077111721e-5
0.11,182,0.004927143395466724
0.11,183,0.002563572924537891
0.11,184,0.009657780133116007
0.11,185,0.016130214056110256
0.11,186,0.0018701324961644399
0.11,187,-0.0015315308450163697
0.11,188,0.00400300499484514
0.11,189,0.006397965396472738
0.11,190,0.014777883926490862
0.11,191,-0.004058979762727507
0.11,192,0.13635734036693337
0.11,193,0.006973260511016097
0.11,194,0.0008457083097160025
0.11,195,-0.002319724886545502
0.11,196,0.001229336788956114
0.11,197,0.001582709964123838
0.11,198,0.001755686160623228
0.12,intercept,0.01070011680140235
0.12,1,0.0025771434537838287
0.12,2,0.000558370404061826
0.12,3,0.0021949050395180057
0.12,4,0.0018800166802483507
0.12,5,-0.0014882790392901583
0.12,6,0.001609760489071499
0.12,7,0.00231081865843154
0.12,8,0.001768237738180923
0.12,9,-0.0001818933642370913
0.12,10,0.0011472804235410931
0.12,11,0.00010146767058716857
0.12,12,-0.0013652404028372336
0.12,13,-0.0023449082386678257
0.12,14,4.031373941502205e-5
0.12,15,0.0002512950221438869
0.12,16,-0.0004681114711718665
0.12,17,0.0010832225042870472
0.12,18,-0.0022921131142782086
0.12,19,-0.0005901615558579394
0.12,20,-0.0015932789399033987
0.12,21,-0.0002042778966429347
0.12,22,-0.0018201128960843571
0.12,23,-0.0008661847883773049
0.12,24,0.0012455405056048749
0.12,25,-0.002229757595830751
0.12,26,0.0009968214892138287
0.12,27,-0.0012002423674706303
0.12,28,0.0005280982172669577
0.12,29,-0.0008796609110904935
0.12,30,0.0009818237674550964
0.12,31,0.002706908457118067
0.12,32,-0.0021649052766823437
0.12,33,0.0014938987379867162
0.12,34,0.00035693572468191946
0.12,35,0.001194086405762686
0.12,36,-0.0009268777205051517
0.12,37,0.00046956099636945097
0.12,38,0.0011542316445558815
0.12,39,-0.0008505758968694702
0.12,40,-0.00017144113830096778
0.12,41,-0.0005545949747948605
0.12,42,0.0009915455050471902
0.12,43,2.797621116882501e-5
0.12,44,-0.0007534115895468533
0.12,45,-0.0008488126536044424
0.12,46,0.00012376484093185632
0.12,47,0.0010223647970835797
0.12,48,-0.00022191226658554807
0.12,49,-0.00019741107809648963
0.12,50,0.0014577412712573113
0.12,51,0.0006584480159621216
0.12,52,-0.0002936895410247469
0.12,53,0.0033286573532323466
0.12,54,0.0019092096033977819
0.12,55,-0.001431332745186843
0.12,56,0.000938249381802129
0.12,57,0.00043059752182727454
0.12,58,0.005265295171288729
0.12,59,-2.4429057659181635e-5
0.12,60,0.0007008994955301032
0.12,61,0.003959709583793578
0.12,62,0.0005301176746700952
0.12,63,-0.0013984108527490648
0.12,64,-0.0006435147038588087
0.12,65,0.00037141758593107777
0.12,66,-0.0009306604159383248
0.12,67,0.0021623568689950775
0.12,68,-0.0010025176675169368
0.12,69,0.0011143203490586188
0.12,70,-0.002227707386101851
0.12,71,0.0014453303307887535
0.12,72,-0.0024901759774649816
0.12,73,-0.003133443205165433
0.12,74,0.0006850929306084157
0.12,75,-0.00020876904148232217
0.12,76,-0.0006410553869099051
0.12,77,-3.280697686045202e-5
0.12,78,-0.0007362425566643764
0.12,79,-0.0007211034332952878
0.12,80,-0.0007812289778396712
0.12,81,-0.0005261324525836751
0.12,82,0.0009493510513619429
0.12,83,-0.0006663969173863922
0.12,84,0.002666369523901637
0.12,85,0.002629990349160915
0.12,86,0.0015315900253444813
0.12,87,0.005028939689264529
0.12,88,-0.0009474766873369704
0.12,89,0.0010592014273980346
0.12,90,0.0010334034918229105
0.12,91,0.002400003010235895
0.12,92,0.0007014819976367889
0.12,93,-0.0005583132656541583
0.12,94,0.003160790755611984
0.12,95,-0.0028176680574346414
0.12,96,0.00015709037083865902
0.12,97,0.0030491396617504294
0.12,98,0.0011292517432396816
0.12,99,0.0003298833820428062
0.12,100,0.0001458706724071155
0.12,101,0.000606850619003612
0.12,102,0.00262498993710481
0.12,103,0.001982609107480366
0.12,104,0.0023152310897171053
0.12,105,0.0008447777129897766
0.12,106,0.0020914405140023714
0.12,107,-0.002221100029110025
0.12,108,-0.00106835337968761
0.12,109,0.0012427028432422326
0.12,110,0.0004737415297101651
0.12,111,-0.0022496183071962586
0.12,112,0.0015496426803519555
0.12,113,-0.0004307464493326673
0.12,114,-0.0011422245366311758
0.12,115,0.0028538190072128324
0.12,116,-0.00029261560621761113
0.12,117,0.0008375097652713982
0.12,118,-0.001621621076843009
0.12,119,0.0003213580693227348
0.12,120,-0.001900977135003903
0.12,121,0.0014395492825896414
0.12,122,-0.0018691806402228442
0.12,123,0.0016030298067870347
0.12,124,0.0006385687710267937
0.12,125,-0.0005353223434085796
0.12,126,-0.00047928093169205706
0.12,127,0.0001246037151911844
0.12,128,0.00017130129875153987
0.12,129,0.002587790158325285
0.12,130,-0.001296393547864441
0.12,131,0.0028491312908186313
0.12,132,0.000610093977142141
0.12,133,-0.0011256709380950787
0.12,134,0.0005330267563823882
0.12,135,-0.0005386833007707921
0.12,136,0.0009360937863269827
0.12,137,0.003651146566139224
0.12,138,-0.0012046703860233707
0.12,139,0.0010399682666928083
0.12,140,0.0001401095244119564
0.12,141,-0.002072268375947616
0.12,142,0.0012634727062693083
0.12,143,0.0011051572080554297
0.12,144,-0.0003779856412608972
0.12,145,0.0035112390996780967
0.12,146,0.0031585035398281037
0.12,147,-0.0020951570300417224
0.12,148,-0.0015849955008366684
0.12,149,0.0031096062495225784
0.12,150,0.00030441217821817025
0.12,151,-0.00037151298735836586
0.12,152,0.001901637123437828
0.12,153,0.003601143284209471
0.12,154,0.0043547360628937845
0.12,155,9.340169706771474e-5
0.12,156,4.786779911122079e-6
0.12,157,0.0014108854588769347
0.12,158,0.003167342136863524
0.12,159,-0.0006188744995268556
0.12,160,0.0022210405781836976
0.12,161,-0.0010871046807772744
0.12,162,-0.0005295442961618194
0.12,163,-0.001675360883844279
0.12,164,-0.0005669334418960567
0.12,165,-0.0001793733886359555
0.12,166,-0.0006243660048072683
0.12,167,-8.89410525324166e-5
0.12,168,0.002028409315758435
0.12,169,-0.0011384604538358571
0.12,170,0.0033593912750442215
0.12,171,-0.0056689520554724865
0.12,172,-0.002179185025689229
0.12,173,-0.0006244217922013442
0.12,174,-0.0014974423329858848
0.12,175,0.0002753259083911261
0.12,176,0.002235002679332405
0.12,177,0.005753922647234057
0.12,178,0.0032984712322909116
0.12,179,-0.0011099238000520152
0.12,180,-0.004037883218424748
0.12,181,-0.0011661038070455477
0.12,182,0.005019223039221648
0.12,183,0.0031816866099150967
0.12,184,0.010352770413607864
0.12,185,0.016357615675583335
0.12,186,0.001034074947208504
0.12,187,-0.0010550456416024774
0.12,188,0.0034973217738647816
0.12,189,0.006969919090883291
0.12,190,0.01464047825143014
0.12,191,-0.004278972676819972
0.12,192,0.14324603832349767
0.12,193,0.006839196297264987
0.12,194,0.000966548273695951
0.12,195,-0.0023687561614605087
0.12,196,0.0012327736342927491
0.12,197,0.0014987690811614739
0.12,198,0.0016903477303125392
0.13,intercept,0.01097739344754628
0.13,1,0.0022567075668203174
0.13,2,0.0008658183513275791
0.13,3,0.0026047514193466136
0.13,4,0.001077199659489653
0.13,5,-0.0015162438875099909
0.13,6,0.002384860320571804
0.13,7,0.001950785571062921
0.13,8,0.0015987887515320387
0.13,9,0.00033511196267181273
0.13,10,0.0010109697729560629
0.13,11,0.00011223715444131057
0.13,12,-0.0013761015838088385
0.13,13,-0.002600399168553874
0.13,14,0.0006099519682395772
0.13,15,-0.000484603326427229
0.13,16,-0.00046793582116561803
0.13,17,0.0011277025643699455
0.13,18,-0.0018259073217410469
0.13,19,-0.001203584156674822
0.13,20,-0.0016767079414652425
0.13,21,0.0004888738496175013
0.13,22,-0.002094961315880317
0.13,23,-0.0010096284761948327
0.13,24,0.0014840121292506911
0.13,25,-0.0023342473560767924
0.13,26,0.0009496268638209172
0.13,27,-0.0013854451115692602
0.13,28,-7.968373247625129e-5
0.13,29,8.875517442353067e-5
0.13,30,0.0009286137179919966
0.13,31,0.0024040507878142388
0.13,32,-0.0020399981619887305
0.13,33,0.0008752030977885965
0.13,34,0.0010313084548812285
0.13,35,0.0009055229215908302
0.13,36,-0.0011310504048062313
0.13,37,0.00019922135129653165
0.13,38,0.0016228368936331164
0.13,39,-0.0009474033924794662
0.13,40,-0.0003968658286862319
0.13,41,-0.00034321335598143615
0.13,42,0.0007195972393093365
0.13,43,-0.0005075260032527164
0.13,44,-0.00025667889885790427
0.13,45,-0.0005582851974280198
0.13,46,8.80213775815693e-5
0.13,47,0.0007065347885062048
0.13,48,-8.94961419088839e-5
0.13,49,0.000164469007468429
0.13,50,0.0003365770541899578
0.13,51,0.0007724395755022451
0.13,52,0.0002659986583342121
0.13,53,0.0025755165320740514
0.13,54,0.0016304069074402862
0.13,55,-0.0009739381512582968
0.13,56,0.0009299629594442802
0.13,57,0.0008666765012129161
0.13,58,0.0043888591268256396
0.13,59,0.0014565675438011868
0.13,60,-7.981615032053951e-5
0.13,61,0.0039853519041651575
0.13,62,0.0005011355586337963
0.13,63,-0.0004984980175160449
0.13,64,-0.0013368894156190908
0.13,65,0.0007574872626977434
0.13,66,-0.0002607269780169529
0.13,67,0.0014021193093160813
0.13,68,-0.0005005911922771858
0.13,69,0.0016722452531258436
0.13,70,-0.002658192624244494
0.13,71,0.001143652735928767
0.13,72,-0.0021991026605368428
0.13,73,-0.0029878853440459584
0.13,74,0.0006803837963750082
0.13,75,-4.581242515764352e-5
0.13,76,-0.0010257068851310315
0.13,77,0.00013267849521044752
0.13,78,-0.0005178396058807184
0.13,79,-0.0011113920077661338
0.13,80,-0.000770634429597283
0.13,81,-0.0012001761091607567
0.13,82,0.0011503654042313235
0.13,83,-0.00060517812942735
0.13,84,0.0022171746601745
0.13,85,0.0028812145570308516
0.13,86,0.0007295967793768982
0.13,87,0.005902024325779432
0.13,88,-0.0010782409093148702
0.13,89,0.001904378086950673
0.13,90,-1.8384522375652556e-5
0.13,91,0.002989258509980357
0.13,92,-0.00017294351250138988
0.13,93,0.0003058943405419042
0.13,94,0.003012204406302289
0.13,95,-0.0025221517480123047
0.13,96,-0.0001230452336259633
0.13,97,0.00302514408419097
0.13,98,0.0016160478064106184
0.13,99,0.0008040482537172347
0.13,100,-0.00014060969130555198
0.13,101,0.0009643679583200695
0.13,102,0.0023824720674493764
0.13,103,0.0016291035181881354
0.13,104,0.0026563059497341085
0.13,105,0.00044027015869769527
0.13,106,0.00305644505839511
0.13,107,-0.002548190355659978
0.13,108,-0.0009121435705714757
0.13,109,0.001256935248979749
0.13,110,-0.000237243266485544
0.13,111,-0.0019411433283795516
0.13,112,0.0011838133218117725
0.13,113,-0.0004099371279086686
0.13,114,-0.0009865145121250667
0.13,115,0.003060726800625131
0.13,116,-0.000640798891627209
0.13,117,0.0011974979297452763
0.13,118,-0.0018434288298742967
0.13,119,0.000697024107575844
0.13,120,-0.002045114086888449
0.13,121,0.0014657604415285281
0.13,122,-0.002324980963858544
0.13,123,0.0019917979224519386
0.13,124,9.801149058140382e-5
0.13,125,-0.0005500177620183885
0.13,126,-0.0002478706303594372
0.13,127,0.000668853528170452
0.13,128,-0.00030910501209229586
0.13,129,0.0028064385132249544
0.13,130,-0.0021028136245642994
0.13,131,0.003545089443432319
0.13,132,-4.301269391404259e-5
0.13,133,-0.001009446717069757
0.13,134,0.0006196714498142126
0.13,135,-0.000694760569968842
0.13,136,0.0006473340883945798
0.13,137,0.004267169337853499
0.13,138,-0.0007832396651486799
0.13,139,0.000737491658618715
0.13,140,-2.7141863128426618e-5
0.13,141,-0.002310504832212871
0.13,142,0.0013441631586277954
0.13,143,0.0007233689624760899
0.13,144,0.0007525159407468353
0.13,145,0.002952232856176166
0.13,146,0.0034276532553007134
0.13,147,-0.0026564060999095616
0.13,148,-0.0011556590526228708
0.13,149,0.002746749975571871
0.13,150,7.173127402409792e-5
0.13,151,-0.0003023690046429469
0.13,152,0.0020745320201957544
0.13,153,0.004261195213106791
0.13,154,0.004108512122257162
0.13,155,-0.0006196209523935515
0.13,156,0.0010165795345040856
0.13,157,0.00012782792872236733
0.13,158,0.0035092310916435107
0.13,159,-0.00045198915417459933
0.13,160,0.0021552722221731472
0.13,161,-0.0007968260765968185
0.13,162,-0.0008206833996479972
0.13,163,-0.002351112363811308
0.13,164,-0.000982206235129122
0.13,165,-9.174774133084074e-5
0.13,166,-0.000206803849063004
0.13,167,5.5289401542740815e-5
0.13,168,0.0023908845585468574
0.13,169,-0.0008773767983461006
0.13,170,0.0026411325329510895
0.13,171,-0.005419004566307539
0.13,172,-0.002823898329440076
0.13,173,-0.0014478303167879836
0.13,174,-0.0012189968458488334
0.13,175,0.0011072247630082507
0.13,176,0.0024907916185151445
0.13,177,0.0063886366090885015
0.13,178,0.0032535559781382314
0.13,179,-0.0008993307463591406
0.13,180,-0.0033346621774811196
0.13,181,-0.0014317562492194489
0.13,182,0.003992838704172517
0.13,183,0.0036473095874907774
0.13,184,0.010509941373969224
0.13,185,0.01617525403660229
0.13,186,0.001111566416283888
0.13,187,0.001475824181554098
0.13,188,0.0023954019315641146
0.13,189,0.006319379823339376
0.13,190,0.014694856577396711
0.13,191,-0.006047351445840121
0.13,192,0.14980333728438466
0.13,193,0.006911633324932066
0.13,194,0.001266696350631359
0.13,195,-0.002407237683291237
0.13,196,0.0012333710661242947
0.13,197,0.0014346426033899073
0.13,198,0.001596657176722761
0.14,intercept,0.011212164701515006
0.14,1,0.002196883187729476
0.14,2,0.001633589063799523
0.14,3,0.0018876175281226793
0.14,4,0.0011648569455896655
0.14,5,-0.001758985307629297
0.14,6,0.002100771793172651
0.14,7,0.0018360019438924697
0.14,8,0.0016666740023086996
0.14,9,0.000939379505889371
0.14,10,0.0005571655840713553
0.14,11,0.00077161309656757
0.14,12,-0.001841614328815587
0.14,13,-0.0020570586451988653
0.14,14,0.0005873198448082119
0.14,15,0.00012011870613886126
0.14,16,-0.0008581364889764315
0.14,17,0.0003705175950943333
0.14,18,-0.0005294649090022935
0.14,19,-0.0014001572214386942
0.14,20,-0.001809613795002454
0.14,21,0.000861221773126438
0.14,22,-0.00272892620986167
0.14,23,1.410569593699352e-6
0.14,24,0.00042254885842276925
0.14,25,-0.0021231158563025255
0.14,26,0.0011643821782774608
0.14,27,-0.001628062744118226
0.14,28,-0.0002634846846690372
0.14,29,0.000343783242332035
0.14,30,0.0007560926512394016
0.14,31,0.0023765750674485213
0.14,32,-0.001102252794124232
0.14,33,0.00036946846451244085
0.14,34,0.001388158843052555
0.14,35,0.0007023420130226582
0.14,36,-0.0014550639964284373
0.14,37,0.00027454327947268835
0.14,38,0.0015823370787833052
0.14,39,-0.0005728336969474915
0.14,40,-0.0014198236842452264
0.14,41,0.00032595656834653815
0.14,42,0.0002443490732273147
0.14,43,0.00016294875865264683
0.14,44,-7.317274581009854e-6
0.14,45,-0.0009293504473149652
0.14,46,0.0006402665820935164
0.14,47,0.0007513542918712541
0.14,48,-0.0008320936801498956
0.14,49,0.000826544454037712
0.14,50,0.0005012504440166002
0.14,51,0.00036253979876190785
0.14,52,0.000590290132124602
0.14,53,0.002700660528626895
0.14,54,0.00186983104382219
0.14,55,-0.001296928427206679
0.14,56,0.00033132184614886173
0.14,57,0.0018546339239160297
0.14,58,0.003853851689450051
0.14,59,0.001335416805527916
0.14,60,-2.132194663375549e-6
0.14,61,0.004323568500006635
0.14,62,7.08532303574634e-5
0.14,63,0.0002756861460136481
0.14,64,-0.002221173111007212
0.14,65,0.0009767424971658502
0.14,66,-0.00031966817799670917
0.14,67,0.000758802605912732
0.14,68,-0.00028306517596622487
0.14,69,0.001766194878428784
0.14,70,-0.002868049671878938
0.14,71,0.0014402782063547316
0.14,72,-0.0020998145893441835
0.14,73,-0.002916683554510746
0.14,74,0.0003644250629188857
0.14,75,0.00010739957792230933
0.14,76,-0.0011978308224977897
0.14,77,-5.847393000504898e-5
0.14,78,-0.000279475776209829
0.14,79,-0.0010026463732498876
0.14,80,-0.0008184308295096602
0.14,81,-0.0012919602462757322
0.14,82,0.0008530303927002464
0.14,83,0.00048183325096001685
0.14,84,0.0022873973641567044
0.14,85,0.002932836331042174
0.14,86,0.001210309258257335
0.14,87,0.005224015454108699
0.14,88,-0.0009134245307555201
0.14,89,0.00176660316289359
0.14,90,-2.4234315536546428e-5
0.14,91,0.0027760445356580336
0.14,92,0.00047724603329864896
0.14,93,0.0003328940141172916
0.14,94,0.003020828786937036
0.14,95,-0.0025484452318054523
0.14,96,7.983122028687886e-5
0.14,97,0.0025556837502710606
0.14,98,0.001591141311474851
0.14,99,0.0009784378719413023
0.14,100,-0.00022499634749371312
0.14,101,0.0016673308450539507
0.14,102,0.0023960184266587723
0.14,103,0.0009723984250037516
0.14,104,0.002904428632094984
0.14,105,0.00043758536611271295
0.14,106,0.0038272104376519873
0.14,107,-0.002048462218321221
0.14,108,-0.001090068218369904
0.14,109,0.0006926354538961593
0.14,110,-0.00030024594965739296
0.14,111,-0.0022680393956737046
0.14,112,0.0012186990393002308
0.14,113,6.645668614388021e-5
0.14,114,-0.0009087731316415468
0.14,115,0.002607459745790786
0.14,116,-0.0005174326449570071
0.14,117,0.0014016157803386346
0.14,118,-0.0022115468396023677
0.14,119,0.00021991758747815464
0.14,120,-0.0015796093331731905
0.14,121,0.0010755469314718226
0.14,122,-0.001994040636433137
0.14,123,0.0019600887879008223
0.14,124,0.0004198338076223453
0.14,125,-0.00135192409515317
0.14,126,0.0002835998145572875
0.14,127,0.00025982342124933084
0.14,128,-0.0005157330923961847
0.14,129,0.003062744393081525
0.14,130,-0.0018458617491140697
0.14,131,0.0032589412641510314
0.14,132,-0.00035166871033557163
0.14,133,-0.0001601636583504882
0.14,134,0.0003306031725954712
0.14,135,-0.0012652289792986317
0.14,136,0.0008559054704284303
0.14,137,0.004461240709706427
0.14,138,-0.0007516254710526608
0.14,139,0.0005695004403555766
0.14,140,-0.0004115092670586562
0.14,141,-0.002096465067614717
0.14,142,0.0015429219769315043
0.14,143,0.00032278291448136875
0.14,144,0.00012588181708886502
0.14,145,0.0031778077664670825
0.14,146,0.002844708691758713
0.14,147,-0.002582119358139161
0.14,148,-5.988791032398482e-5
0.14,149,0.00224968822335612
0.14,150,-0.00022668932425760056
0.14,151,-0.0003183089177944682
0.14,152,0.0019651329984065376
0.14,153,0.004595642663816507
0.14,154,0.004344645493330967
0.14,155,-0.0007016087445201344
0.14,156,0.0011002905755998294
0.14,157,-0.0001602273347315574
0.14,158,0.0036656311947222786
0.14,159,-0.0008622455481350821
0.14,160,0.0017541089163218922
0.14,161,-0.00026585786076092395
0.14,162,-0.0007182644114649334
0.14,163,-0.002178152615024457
0.14,164,-0.0010631623553471
0.14,165,-0.0006659768136448804
0.14,166,3.2050217479260864e-5
0.14,167,0.00012785201472539418
0.14,168,0.002730565171335369
0.14,169,-0.0008276880207294099
0.14,170,0.0010895835396888074
0.14,171,-0.00435994859917755
0.14,172,-0.0035139321564608026
0.14,173,-0.0013955405908443969
0.14,174,-0.0023951669364494087
0.14,175,0.0015744682188613018
0.14,176,0.004623114675459236
0.14,177,0.006054045788046454
0.14,178,0.0031988535845860508
0.14,179,-0.0005591262106572508
0.14,180,-0.005313495057274561
0.14,181,-0.00014968870367600216
0.14,182,0.002323845250787193
0.14,183,0.003923720960770351
0.14,184,0.01031767594595297
0.14,185,0.015672429369885877
0.14,186,0.0022364745484139102
0.14,187,0.0035529216555969007
0.14,188,0.000977627058184124
0.14,189,0.0062573200869056175
0.14,190,0.013424785940181837
0.14,191,-0.005798884953027668
0.14,192,0.15866952162578388
0.14,193,0.006959948610188083
0.14,194,0.0009539084742259095
0.14,195,-0.0024390022949774266
0.14,196,0.0012697300660434317
0.14,197,0.0013822874973615853
0.14,198,0.0014858710022870951
0.15,intercept,0.011284225975581512
0.15,1,0.002237044682629519
0.15,2,0.0012334866597098445
0.15,3,0.002013823411133847
0.15,4,0.0016484272393677854
0.15,5,-0.001604978052367428
0.15,6,0.0017844692443543075
0.15,7,0.0014927764293804582
0.15,8,0.001690066939317938
0.15,9,0.001015520743617264
0.15,10,0.0004241415051145936
0.15,11,0.001015145587945473
0.15,12,-0.0019454435719229578
0.15,13,-0.002086161210102544
0.15,14,0.0005955928400234812
0.15,15,0.00010179472765825401
0.15,16,-0.0012027635296431231
0.15,17,0.00026812629284972455
0.15,18,0.00024142072455673352
0.15,19,-0.001775555729120843
0.15,20,-0.0015483800033251182
0.15,21,0.0009638580393117222
0.15,22,-0.002730587637781984
0.15,23,-0.0001148772914609568
0.15,24,0.00010051020828339318
0.15,25,-0.0016226862355026538
0.15,26,0.0010256295234942715
0.15,27,-0.0017184085914566237
0.15,28,-0.000455690988017985
0.15,29,0.0003983289972798852
0.15,30,0.0007263872388640621
0.15,31,0.0025300007305765443
0.15,32,-0.0007411130685081166
0.15,33,0.0004180736721279067
0.15,34,0.0015496340788475492
0.15,35,0.0004909313252903312
0.15,36,-0.0012997591964850346
0.15,37,0.00019907850302879803
0.15,38,0.0013404102679629717
0.15,39,-0.0008044410025560502
0.15,40,-0.0013420142577288416
0.15,41,0.00027470874239084967
0.15,42,0.0006548619156519269
0.15,43,0.00014007581765346002
0.15,44,0.00028819307839315434
0.15,45,-0.0009938393389917577
0.15,46,0.0002564319007720431
0.15,47,0.0011411749487294674
0.15,48,-0.00063090196467344
0.15,49,0.0008135065610759281
0.15,50,2.1652245046707757e-5
0.15,51,0.0005585540432924878
0.15,52,0.0005155720436959076
0.15,53,0.002762758829309353
0.15,54,0.0016253438542153072
0.15,55,-0.001963580753369023
0.15,56,0.0002828868986985559
0.15,57,0.0022206889714883253
0.15,58,0.003443599996344161
0.15,59,0.001563742337203161
0.15,60,-0.000286102943026311
0.15,61,0.004727078156881581
0.15,62,-4.1386475877124056e-5
0.15,63,5.08862784432059e-5
0.15,64,-0.0024027166621655494
0.15,65,0.000980382512454212
0.15,66,-0.0004706860194595285
0.15,67,0.0009433285015120334
0.15,68,0.0005194219721898186
0.15,69,0.0011894237842405187
0.15,70,-0.002547280455086677
0.15,71,0.0017992907326476175
0.15,72,-0.0022857999514176576
0.15,73,-0.00287206650450081
0.15,74,0.00013160515136350896
0.15,75,-4.4782985797334475e-5
0.15,76,-0.0004140932629396531
0.15,77,-0.000968202300077802
0.15,78,0.0001455406462178675
0.15,79,-0.0009683564282543998
0.15,80,-0.0008508529490561535
0.15,81,-0.001277743457991452
0.15,82,0.0003735912283406088
0.15,83,0.0008263768560822143
0.15,84,0.003239830599251839
0.15,85,0.0024010354962071653
0.15,86,0.0017118592183063656
0.15,87,0.004837824968004721
0.15,88,-0.0006743123014124085
0.15,89,0.001305205248813934
0.15,90,-0.00036276906723431445
0.15,91,0.0028195167029789452
0.15,92,0.0001476730627257207
0.15,93,0.0012112546194912605
0.15,94,0.0021779142443286883
0.15,95,-0.0026031560218345933
0.15,96,8.09388894845262e-7
0.15,97,0.0021668994793395784
0.15,98,0.0020644434858657374
0.15,99,0.0012188393726026386
0.15,100,0.0004231763984228343
0.15,101,0.002006249017540762
0.15,102,0.0023907532050062544
0.15,103,0.0013503016519744396
0.15,104,0.002418099110840378
0.15,105,0.001431211600188463
0.15,106,0.003272472446085498
0.15,107,-0.0017990360430506218
0.15,108,-0.0007524060995439989
0.15,109,0.0005189869992990275
0.15,110,-0.0003794424710421544
0.15,111,-0.0024613813256871746
0.15,112,0.001403051506434002
0.15,113,-5.2761729159979715e-5
0.15,114,-0.0011784291444271267
0.15,115,0.0025156340904134767
0.15,116,-0.0008919920108301974
0.15,117,0.0010654786717057376
0.15,118,-0.0019985772072386083
0.15,119,0.0005012142088166129
0.15,120,-0.0018168802300198436
0.15,121,0.0010987103266622313
0.15,122,-0.0013903767235143778
0.15,123,0.0017778051616696563
0.15,124,0.0004046732338595811
0.15,125,-0.0016282961464713435
0.15,126,0.0008272691856753954
0.15,127,-0.00042188345591772443
0.15,128,-0.00035500507230737155
0.15,129,0.0030952193318840343
0.15,130,-0.002288740881725691
0.15,131,0.0031816823821252853
0.15,132,-9.578287737135425e-5
0.15,133,1.2572042714786531e-5
0.15,134,-8.653978160308783e-5
0.15,135,-0.0009783645839267251
0.15,136,0.0012348088346664642
0.15,137,0.004205810112974185
0.15,138,-0.0006123468650440178
0.15,139,0.0005093896370525906
0.15,140,-0.0005861469402310992
0.15,141,-0.0013465125046321343
0.15,142,0.001729121216119547
0.15,143,-0.0003562734558463692
0.15,144,0.0002936040080078588
0.15,145,0.002764760735762968
0.15,146,0.0033306670423798473
0.15,147,-0.0027432100580877844
0.15,148,-0.00042527879242460804
0.15,149,0.00293729679398204
0.15,150,-0.0006156854550706604
0.15,151,-0.0001304676955237049
0.15,152,0.0014771719813217162
0.15,153,0.004772468419906321
0.15,154,0.004230970724006921
0.15,155,-0.0007856481527658074
0.15,156,0.0014076112664410173
0.15,157,0.00016650715119752394
0.15,158,0.003318222511249218
0.15,159,-0.0008289430087105598
0.15,160,0.001571277168416634
0.15,161,-0.0004002088297831094
0.15,162,-0.00024357359051618252
0.15,163,-0.002303790048462533
0.15,164,-0.0010825747590416162
0.15,165,-0.001261804683682816
0.15,166,-9.381346428716463e-5
0.15,167,1.8570888566887885e-5
0.15,168,0.0033057071845629636
0.15,169,-0.0008222406171593097
0.15,170,0.000738330741076443
0.15,171,-0.0041209779049972495
0.15,172,-0.0032654732064592087
0.15,173,-0.001987241386894761
0.15,174,-0.0022381715131337323
0.15,175,0.001303659735581406
0.15,176,0.005479532156917885
0.15,177,0.005635814315121397
0.15,178,0.002413615178190649
0.15,179,-0.0003108954254744472
0.15,180,-0.005091991168790605
0.15,181,-6.288552955745878e-5
0.15,182,0.0023952164358618643
0.15,183,0.003997016341636122
0.15,184,0.011129435029410951
0.15,185,0.015074502905468048
0.15,186,0.0027145808276469317
0.15,187,0.003860267783479385
0.15,188,0.0005163571116105935
0.15,189,0.006061049408394905
0.15,190,0.013812234897997735
0.15,191,-0.006677968601831387
0.15,192,0.16632800809061113
0.15,193,0.007269060022565266
0.15,194,0.0013371347092903047
0.15,195,-0.0024379638281754254
0.15,196,0.0013030081920049473
0.15,197,0.001367525143184261
0.15,198,0.0014154708929936353
0.16,intercept,0.011422792020242168
0.16,1,0.0021314253568570636
0.16,2,0.0013147606894060278
0.16,3,0.001530156212234638
0.16,4,0.0020779935050430354
0.16,5,-0.0016897603110220137
0.16,6,0.002037256959158995
0.16,7,0.0014402483987946881
0.16,8,0.0019042214446596123
0.16,9,0.0010337180400653012
0.16,10,0.00031748606331611067
0.16,11,0.0013959582805835567
0.16,12,-0.0019377315587971932
0.16,13,-0.0022405342536869783
0.16,14,0.0005722086884173936
0.16,15,0.0004895518509851936
0.16,16,-0.0012684299047231976
0.16,17,8.594011478948118e-5
0.16,18,-5.0005387075705974e-5
0.16,19,-0.0017319103850016806
0.16,20,-0.0009362795732931526
0.16,21,0.0009422764950316369
0.16,22,-0.002888907699125333
0.16,23,1.5958083041095317e-5
0.16,24,-0.0005006253857831801
0.16,25,-0.000937732325324748
0.16,26,0.0008879032938342859
0.16,27,-0.0015802789647825122
0.16,28,-0.0003493684840916147
0.16,29,0.00014076417799461656
0.16,30,0.0008205188717381884
0.16,31,0.0020814143222440255
0.16,32,-7.647002246173187e-5
0.16,33,0.000265804579050347
0.16,34,0.001338497402849586
0.16,35,0.00023810274005078792
0.16,36,-0.0012743435381952885
0.16,37,0.00020385529031382525
0.16,38,0.0007446382336678963
0.16,39,-0.0005502375210544318
0.16,40,-0.0008259640496341852
0.16,41,8.619551637557354e-5
0.16,42,0.0005573986320243922
0.16,43,-2.6316006080918734e-6
0.16,44,0.0008392614825639519
0.16,45,-0.0012627585549810699
0.16,46,0.00040132857484349963
0.16,47,0.0010159272622321614
0.16,48,-0.0004085178515236804
0.16,49,0.0003961062205678985
0.16,50,0.00017153877811894007
0.16,51,0.00034597231317299687
0.16,52,0.00023363049236955482
0.16,53,0.0024465627522158597
0.16,54,0.0014444545667175992
0.16,55,-0.002157102613787226
0.16,56,0.000514337823501484
0.16,57,0.002528878456797184
0.16,58,0.0034255973836942416
0.16,59,0.0010032282212581547
0.16,60,0.00045721156628129644
0.16,61,0.0044140012557927315
0.16,62,0.00033753508965169473
0.16,63,0.0003418475635156502
0.16,64,-0.002957681942194995
0.16,65,0.0014695917328684408
0.16,66,-0.0004103480683974204
0.16,67,0.00070315265859097
0.16,68,0.0013424471205619292
0.16,69,0.000783736968055913
0.16,70,-0.002597898190549364
0.16,71,0.001584357224931767
0.16,72,-0.002156040906339788
0.16,73,-0.002226609638396869
0.16,74,-0.0004916759744771872
0.16,75,0.00020539374619650506
0.16,76,-0.0006713693852973491
0.16,77,-0.00019605348463724086
0.16,78,-0.00014765568550918214
0.16,79,-0.0010365333238156265
0.16,80,-0.0006085282635214433
0.16,81,-0.0012846355532693796
0.16,82,0.0002472896779345877
0.16,83,0.0017576171753803946
0.16,84,0.0027047702753605924
0.16,85,0.0021962175666488753
0.16,86,0.0019333450052829288
0.16,87,0.004613905698638567
0.16,88,-0.0008456553344473586
0.16,89,0.0014117442864390603
0.16,90,-0.0002664930406938858
0.16,91,0.002858370184678097
0.16,92,-0.0007387517587629609
0.16,93,0.0017164097543756194
0.16,94,0.0017252688033294271
0.16,95,-0.002944109270319034
0.16,96,8.457376214277949e-6
0.16,97,0.0027541515199264576
0.16,98,0.0020592843610925875
0.16,99,0.001263609419547516
0.16,100,0.0005637393054203081
0.16,101,0.0017636199231003985
0.16,102,0.002206170842701948
0.16,103,0.0018725731700739024
0.16,104,0.0018942193244005738
0.16,105,0.0013545377088844607
0.16,106,0.0029407994413420528
0.16,107,-0.0011109890353555886
0.16,108,-0.0011234687381721882
0.16,109,0.0005919635890278033
0.16,110,-0.0002265932746552664
0.16,111,-0.0025549589176111823
0.16,112,0.0008664840769433671
0.16,113,7.602703206512267e-6
0.16,114,-0.0012372363710306219
0.16,115,0.003105492206050862
0.16,116,-0.001025307162111894
0.16,117,0.001651141245940258
0.16,118,-0.0023763852470865873
0.16,119,0.0004866900637456913
0.16,120,-0.0017831128064334852
0.16,121,0.0007633568933696806
0.16,122,-0.0011597961371460205
0.16,123,0.0014712444169988309
0.16,124,0.0004580367262523643
0.16,125,-0.0013788658324669367
0.16,126,0.0012598417996658048
0.16,127,-0.0011468031026093265
0.16,128,-0.00017442928210804887
0.16,129,0.0028823127438458583
0.16,130,-0.0021820011843913098
0.16,131,0.003474921058721425
0.16,132,-5.880910269503782e-5
0.16,133,0.00027786813047078204
0.16,134,-0.0005399882385992616
0.16,135,-0.0009665046570023748
0.16,136,0.0009541315206393717
0.16,137,0.005327404543812586
0.16,138,-0.0009164210247297386
0.16,139,0.0002622857927800674
0.16,140,-0.00040974970043751896
0.16,141,-0.0013629667308462127
0.16,142,0.0012861362780356945
0.16,143,-0.00039421296771128726
0.16,144,0.0004468657601371417
0.16,145,0.002669386729230674
0.16,146,0.0035873166010015603
0.16,147,-0.0032849150030307655
0.16,148,4.7142603097366396e-5
0.16,149,0.002842694465100828
0.16,150,-0.0002475533592400462
0.16,151,-0.00047894009781124225
0.16,152,0.0021432394076197725
0.16,153,0.004308221229036335
0.16,154,0.003767396094961796
0.16,155,2.401468389524549e-5
0.16,156,0.0007456201495180513
0.16,157,0.00010043549978554098
0.16,158,0.002971207158341385
0.16,159,-0.00013549442657146335
0.16,160,0.0018563436671548798
0.16,161,-0.0008469352936233088
0.16,162,-3.132575690530867e-5
0.16,163,-0.002418179809945925
0.16,164,-0.000798670175264019
0.16,165,-0.0018443162202453156
0.16,166,-0.0004913590647584488
0.16,167,0.0001096154727815278
0.16,168,0.004274902835899327
0.16,169,-0.001089956388790038
0.16,170,0.0007091322508905351
0.16,171,-0.003693491941588933
0.16,172,-0.0036914351646874562
0.16,173,-0.0026615724482057295
0.16,174,-0.0020538164911894016
0.16,175,0.0017646014753662496
0.16,176,0.005129635281090114
0.16,177,0.005407766413706887
0.16,178,0.0027002420974033183
0.16,179,-0.0004118645999300808
0.16,180,-0.005785056937888076
0.16,181,-0.0001490414377861016
0.16,182,0.002701976936425142
0.16,183,0.003968412462394525
0.16,184,0.010435176554779593
0.16,185,0.015611506666213266
0.16,186,0.003966381425279967
0.16,187,0.002535496267189404
0.16,188,0.0011334812657858985
0.16,189,0.00571530448578071
0.16,190,0.015090676509064496
0.16,191,-0.008997421918643977
0.16,192,0.17363570512858675
0.16,193,0.007389852268569758
0.16,194,0.0013447681815069814
0.16,195,-0.002499708289693159
0.16,196,0.0013099006417498728
0.16,197,0.0013332564826953335
0.16,198,0.0013786067242583053
0.17,intercept,0.011547066459132416
0.17,1,0.0014873114972631417
0.17,2,0.0015649810762393202
0.17,3,0.0009841939529824993
0.17,4,0.0029068113949899613
0.17,5,-0.0018187951520964492
0.17,6,0.0017950718910299283
0.17,7,0.0019416056431050092
0.17,8,0.0019672475132086016
0.17,9,0.001209403310305549
0.17,10,0.00064982355070787
0.17,11,0.0008051451044946828
0.17,12,-0.0016144639257720927
0.17,13,-0.0029259960077622133
0.17,14,0.0014071377410198216
0.17,15,0.00012651173828125942
0.17,16,-0.000806766236169596
0.17,17,-0.00037310094142699855
0.17,18,0.00022343790770470195
0.17,19,-0.001750560863936754
0.17,20,-0.001056584582978581
0.17,21,0.0014746977820925314
0.17,22,-0.0027420578437056596
0.17,23,-0.0002471282719114596
0.17,24,-0.0007558683732595537
0.17,25,-0.00036664071855972203
0.17,26,0.0008871980953990877
0.17,27,-0.0020284266521895136
0.17,28,6.403424216468512e-5
0.17,29,-7.48597746120536e-5
0.17,30,0.0007507956632746342
0.17,31,0.0017580918199980211
0.17,32,-0.00021704723772751562
0.17,33,-6.483368089335513e-5
0.17,34,0.0017128576998729182
0.17,35,0.0002595812978677902
0.17,36,-0.001212029617974415
0.17,37,-3.634560509455116e-5
0.17,38,0.0007732385459004912
0.17,39,-0.00096749725530785
0.17,40,-0.0005892510749147557
0.17,41,0.0004044202627722382
0.17,42,0.0004102760587615923
0.17,43,-0.00010436858748591974
0.17,44,0.0008327517197047867
0.17,45,-0.0008868437355827168
0.17,46,0.0001469382646157955
0.17,47,0.0007732884859522252
0.17,48,-0.0005572931230072559
0.17,49,1.4374894357825855e-6
0.17,50,0.00034896286103381735
0.17,51,0.0001749816443844982
0.17,52,0.0006910818953754806
0.17,53,0.0020540494383701298
0.17,54,0.0016105049722887107
0.17,55,-0.0017928542123102098
0.17,56,0.00043173149688874367
0.17,57,0.002427585201448602
0.17,58,0.0036282040427206633
0.17,59,0.0015316251787172881
0.17,60,-0.00036901207725777174
0.17,61,0.0046091830976584406
0.17,62,0.0005651768849672073
0.17,63,0.0007636032341284602
0.17,64,-0.003511291921943011
0.17,65,0.0017014093581963958
0.17,66,0.00016289843768775857
0.17,67,0.0006848150831963077
0.17,68,0.0009988157655055078
0.17,69,0.0015913831421009547
0.17,70,-0.0028391995324161634
0.17,71,0.0015913682317799528
0.17,72,-0.002268938975272875
0.17,73,-0.0026262277649704495
0.17,74,-0.00046959903625975026
0.17,75,0.00032316391197332933
0.17,76,-0.000806674124574914
0.17,77,5.670875896545099e-5
0.17,78,-0.0003065981811777805
0.17,79,-0.0011576462619599854
0.17,80,-0.001060942551496112
0.17,81,-0.0010906465887390658
0.17,82,0.0007203879388927905
0.17,83,0.0016859959703299622
0.17,84,0.002210266083610522
0.17,85,0.002697319851458876
0.17,86,0.0013846344661259224
0.17,87,0.004016095159860676
0.17,88,-0.0005947244454789069
0.17,89,0.0015271776499335688
0.17,90,-0.00017965471389374245
0.17,91,0.0028115720467153924
0.17,92,-0.0008802363906146796
0.17,93,0.0013101983166725305
0.17,94,0.0016975691322361085
0.17,95,-0.0024542907579935018
0.17,96,-0.00018747507519055887
0.17,97,0.0024404026243704424
0.17,98,0.002201851095481337
0.17,99,0.0012782133017234173
0.17,100,0.0005729193741265642
0.17,101,0.002158060912797755
0.17,102,0.001981409477754152
0.17,103,0.0014087427502113318
0.17,104,0.0021905488988702895
0.17,105,0.0017017765334175388
0.17,106,0.002632309664407862
0.17,107,-0.0005209420974912221
0.17,108,-0.0014703114074186652
0.17,109,0.0010507244337557135
0.17,110,-0.0008373095911691031
0.17,111,-0.0025017344899928404
0.17,112,0.0004128195731750551
0.17,113,0.0005834584300752413
0.17,114,-0.00139058110083821
0.17,115,0.0030390689392837426
0.17,116,-0.0011714801352619105
0.17,117,0.001476588019025236
0.17,118,-0.0023332717456574018
0.17,119,0.0008356791919835651
0.17,120,-0.001989670142116775
0.17,121,0.0003329910265323356
0.17,122,-0.0004571133494736817
0.17,123,0.001209387374387019
0.17,124,0.00028547494972190634
0.17,125,-0.0009410377625088156
0.17,126,0.001129548950077197
0.17,127,-0.001050114861137237
0.17,128,-0.0008644526321421863
0.17,129,0.003618041917616804
0.17,130,-0.0026243605953608206
0.17,131,0.0033082032342554558
0.17,132,0.00019463023703875253
0.17,133,7.718736461950434e-5
0.17,134,-0.001106817603994743
0.17,135,-0.00033558304310842295
0.17,136,0.0008020907834132733
0.17,137,0.005365548695185156
0.17,138,-0.0009379527504166675
0.17,139,-6.977153680733318e-5
0.17,140,-8.590964720579125e-5
0.17,141,-0.0012210015543132346
0.17,142,0.0008844473856179162
0.17,143,-0.00029511906604777493
0.17,144,0.00029180797773713495
0.17,145,0.0030729111888948735
0.17,146,0.003333116768102072
0.17,147,-0.0024781563836540083
0.17,148,-0.00034198473847843073
0.17,149,0.0026605001908709984
0.17,150,-0.00039625225300228296
0.17,151,-8.059341190680271e-5
0.17,152,0.0011582841000619488
0.17,153,0.004967113480378723
0.17,154,0.00315400456606227
0.17,155,0.0008216120216859063
0.17,156,1.8780205842190623e-5
0.17,157,5.1828294147015196e-5
0.17,158,0.002833982633095351
0.17,159,0.00028980814385294904
0.17,160,0.0015887101551654971
0.17,161,-0.0010711440223449206
0.17,162,0.00024032626604158483
0.17,163,-0.003082851620144345
0.17,164,-0.0007833390710545756
0.17,165,-0.0017853443691192676
0.17,166,-0.00037891235531167485
0.17,167,0.00042760361200717327
0.17,168,0.004213868347613189
0.17,169,-0.0008992038295796463
0.17,170,0.00021196497500940097
0.17,171,-0.0037288098117136737
0.17,172,-0.0039013919967097925
0.17,173,-0.002476961730356078
0.17,174,-0.002267360728234055
0.17,175,0.00210677949559926
0.17,176,0.00434501923464615
0.17,177,0.005536869806525533
0.17,178,0.0031566681293925263
0.17,179,-0.0018316041602428575
0.17,180,-0.004977969324041344
0.17,181,-0.0003173623667603557
0.17,182,0.001965061131825221
0.17,183,0.004538322267495909
0.17,184,0.010601308127000336
0.17,185,0.016182991071877907
0.17,186,0.0045075766475451305
0.17,187,0.004380294182251465
0.17,188,-0.000983418465155463
0.17,189,0.006016823236137567
0.17,190,0.015267358573347512
0.17,191,-0.010348230749946417
0.17,192,0.1849843561375746
0.17,193,0.008096739059686615
0.17,194,0.0008681836805099677
0.17,195,-0.0024862585448698444
0.17,196,0.0013121409834752607
0.17,197,0.0013158338570213191
0.17,198,0.0013553209231744958
0.18,intercept,0.011625354989876654
0.18,1,0.002112473601605055
0.18,2,0.002312418683873093
0.18,3,0.0005966999956237395
0.18,4,0.0024663842554308963
0.18,5,-0.0013849021211358062
0.18,6,0.0015889473383355066
0.18,7,0.0023818799616680654
0.18,8,0.001484357173313659
0.18,9,0.000834753696179071
0.18,10,0.0010981788232073198
0.18,11,0.0008990282301979663
0.18,12,-0.001998584989852522
0.18,13,-0.0022478817602424143
0.18,14,0.0005386138474044433
0.18,15,0.0010439297883664915
0.18,16,-0.0009258218001299648
0.18,17,-0.0006726538746468086
0.18,18,4.668263771064243e-5
0.18,19,-0.001118242849432675
0.18,20,-0.0010443421488625212
0.18,21,0.0014660663300644474
0.18,22,-0.0031031722678049357
0.18,23,-8.614744525193348e-5
0.18,24,-0.001102314148859034
0.18,25,0.00012451999188830483
0.18,26,0.000779423875639441
0.18,27,-0.0016798718341392788
0.18,28,-0.0003486443654837403
0.18,29,-0.0006325871226599967
0.18,30,0.0009630723810400281
0.18,31,0.001554906787686544
0.18,32,-0.00013443545081143045
0.18,33,-9.906930707341988e-7
0.18,34,0.0018101108765370105
0.18,35,-6.676896402124603e-5
0.18,36,-0.0012953349473449412
0.18,37,0.0002331323895489042
0.18,38,0.0010856741385264015
0.18,39,-0.0009239011365229937
0.18,40,-0.0010706580521158853
0.18,41,0.0003280776415224747
0.18,42,0.0007080691543526796
0.18,43,-0.0003240648566892812
0.18,44,0.0012121969007527528
0.18,45,-0.000815527415630418
0.18,46,-0.00016660042081439392
0.18,47,0.00026181400067440863
0.18,48,0.00021573943691038526
0.18,49,-0.0004931205084254384
0.18,50,0.0009061708892136124
0.18,51,-6.036702836499191e-6
0.18,52,0.0007527680067198849
0.18,53,0.0017074621536543814
0.18,54,0.002240623820556851
0.18,55,-0.0011614397007583608
0.18,56,-0.00024981372016653837
0.18,57,0.0033051030020501823
0.18,58,0.002980273816757808
0.18,59,0.001778059127881672
0.18,60,-0.0004719623759768678
0.18,61,0.005257132892371656
0.18,62,-6.0384736575051843e-5
0.18,63,0.0009504501016256628
0.18,64,-0.004021390836934764
0.18,65,0.0022611771724070705
0.18,66,0.0002549423720066487
0.18,67,0.0006112555810859998
0.18,68,0.0007714986360786445
0.18,69,0.0016735251241317942
0.18,70,-0.003028950757341457
0.18,71,0.0007861671595573244
0.18,72,-0.0016994919638137155
0.18,73,-0.0024443470769093248
0.18,74,-0.0006803276288907266
0.18,75,-0.00013517881991989886
0.18,76,-0.00011577724394569353
0.18,77,-0.00022334949655575565
0.18,78,0.0006370559948513707
0.18,79,-0.001935791384366224
0.18,80,0.000147704322750719
0.18,81,-0.0012486092116757478
0.18,82,0.00047848911129476254
0.18,83,0.0025976619027133934
0.18,84,0.0016889885173327188
0.18,85,0.0035604338564723436
0.18,86,0.0007429417233363327
0.18,87,0.0034593518909488414
0.18,88,-0.000451284754735783
0.18,89,0.0006214627297975656
0.18,90,0.0008582467949853797
0.18,91,0.0025144074929062277
0.18,92,-0.0008812086448241978
0.18,93,0.0014610317150092695
0.18,94,0.0017980376997088633
0.18,95,-0.0028814583034856
0.18,96,-0.0005590232710530115
0.18,97,0.002769500018324159
0.18,98,0.002461089274919954
0.18,99,0.001083518396892308
0.18,100,0.0007946498644266983
0.18,101,0.0019414146118526068
0.18,102,0.00243470302794101
0.18,103,0.0014104381087806934
0.18,104,0.002053737920077895
0.18,105,0.001342971232315064
0.18,106,0.0030564403937244243
0.18,107,-0.0011436098234495018
0.18,108,-0.001476394628852943
0.18,109,0.0008632711202147887
0.18,110,-0.0007240417121969192
0.18,111,-0.002801092114272869
0.18,112,-0.000287028052465551
0.18,113,0.001974535326764562
0.18,114,-0.00154305948108664
0.18,115,0.0035081138423493554
0.18,116,-0.001358448069911425
0.18,117,0.001515482736923165
0.18,118,-0.002820498646591826
0.18,119,0.0006469461883257535
0.18,120,-0.0018297608172661638
0.18,121,0.0002745535193439737
0.18,122,-1.3728361679550661e-5
0.18,123,0.0007958551064391989
0.18,124,-0.0002651640376285701
0.18,125,-0.00028555628011280796
0.18,126,0.0008440229550518178
0.18,127,-0.0007805688636192405
0.18,128,-0.0007926061452873718
0.18,129,0.0032311586378253715
0.18,130,-0.00250030237999904
0.18,131,0.002904206424762462
0.18,132,0.00026048525968318503
0.18,133,-0.0003743883974301323
0.18,134,-0.0005535513244535393
0.18,135,-0.0006078844639647119
0.18,136,0.0007014691097141739
0.18,137,0.0054702259039635754
0.18,138,-0.0009190321948608139
0.18,139,-0.0002990447945931166
0.18,140,-0.0001204982260091535
0.18,141,-0.001277961373401886
0.18,142,0.0006613350792558601
0.18,143,0.00040697199218188104
0.18,144,0.00046371857164548736
0.18,145,0.002819402710753323
0.18,146,0.0035878101872703896
0.18,147,-0.0023307042237744246
0.18,148,-0.0002707971034380901
0.18,149,0.0023992084257074635
0.18,150,-0.0007329940963494092
0.18,151,0.000333689358494962
0.18,152,0.000947123587810012
0.18,153,0.005206010478189163
0.18,154,0.003471149048668371
0.18,155,0.00028196611141319115
0.18,156,-0.00020168248142501377
0.18,157,0.0005039564198897217
0.18,158,0.002276865759745788
0.18,159,0.0007657555684444686
0.18,160,0.0019140306295548483
0.18,161,-0.001019916899935046
0.18,162,4.621814217721037e-5
0.18,163,-0.002435545726422586
0.18,164,-0.001423934428700678
0.18,165,-0.0015263873939516765
0.18,166,-0.0005025055243078968
0.18,167,0.0003696291140113509
0.18,168,0.004583500478128384
0.18,169,-0.0007478425109196886
0.18,170,0.0007556911445366833
0.18,171,-0.00413806277853271
0.18,172,-0.0038328183200366547
0.18,173,-0.0023033730870015883
0.18,174,-0.002965407532464147
0.18,175,0.0016703443929333003
0.18,176,0.004451098214592977
0.18,177,0.0054467471527514
0.18,178,0.0033491874563311517
0.18,179,-0.0019002315025933357
0.18,180,-0.004374169505470927
0.18,181,-0.0011756254583270718
0.18,182,0.0021505471551268294
0.18,183,0.004159056136283243
0.18,184,0.010757351278178257
0.18,185,0.016310266825289074
0.18,186,0.00444107798528583
0.18,187,0.00465980997168739
0.18,188,-0.0007847841854264015
0.18,189,0.004025712482184267
0.18,190,0.016910157855994278
0.18,191,-0.012033450816518618
0.18,192,0.19280782619803896
0.18,193,0.00856206178968449
0.18,194,0.0014380113367528
0.18,195,-0.0025467223742448603
0.18,196,0.0012524947261587827
0.18,197,0.0012877351019047068
0.18,198,0.0013146853123822777
0.19,intercept,0.011690678401856993
0.19,1,0.002127615633236992
0.19,2,0.002294087468838341
0.19,3,6.430809324072074e-5
0.19,4,0.002883283037888568
0.19,5,-0.0015655880473823467
0.19,6,0.0015544471765483962
0.19,7,0.002877103594541685
0.19,8,0.0017338168189966854
0.19,9,0.0007102895341670744
0.19,10,0.0004404371200773525
0.19,11,0.0009029509911510702
0.19,12,-0.0026871561567045044
0.19,13,-0.00022242660581263456
0.19,14,-0.00023932379775300986
0.19,15,0.000448215255364901
0.19,16,-6.773698531420261e-5
0.19,17,-0.00048547737649115
0.19,18,-0.0004413746205824701
0.19,19,-0.0009024520269273502
0.19,20,-0.0014172952055734203
0.19,21,0.001480386166562547
0.19,22,-0.0031076728741383742
0.19,23,0.0005354172809143452
0.19,24,-0.0014097500781013333
0.19,25,0.0006347887116875138
0.19,26,0.00014569022749015347
0.19,27,-0.0012709701173821365
0.19,28,-0.0003470641873893017
0.19,29,-0.0010807976364111739
0.19,30,0.0014895116800727856
0.19,31,0.0012890588111580312
0.19,32,0.00030218125177019085
0.19,33,-3.6739342670359036e-5
0.19,34,0.0017399266310256655
0.19,35,-0.00021604306306098852
0.19,36,-0.0010618797717649744
0.19,37,0.00012430449166243575
0.19,38,0.0011020720298986501
0.19,39,-0.0008771223715552588
0.19,40,-0.0011023995723736099
0.19,41,0.00019727821720802658
0.19,42,0.0008681441337608723
0.19,43,-0.00030792105766073904
0.19,44,0.0015422435318830127
0.19,45,-0.001163073357059703
0.19,46,-0.00030286465760641997
0.19,47,-0.0002932289963293079
0.19,48,0.00013307746203573302
0.19,49,-0.00017685108580530763
0.19,50,0.0006599671415398459
0.19,51,0.0004998468210383201
0.19,52,9.81104309616549e-5
0.19,53,0.001755620939661648
0.19,54,0.0023921728468155067
0.19,55,-0.0017582565205939284
0.19,56,0.00013082569045968478
0.19,57,0.002792360567667086
0.19,58,0.003962886062125749
0.19,59,0.0016528259670143565
0.19,60,-0.0006486862180052382
0.19,61,0.005307141544834514
0.19,62,-0.0004198937579497645
0.19,63,0.0014744342064326125
0.19,64,-0.0035895885994887055
0.19,65,0.0023497420053215988
0.19,66,0.0009275256944475421
0.19,67,-8.411252560916922e-5
0.19,68,0.0005730813247618135
0.19,69,0.0018045085497661404
0.19,70,-0.0028617142366582594
0.19,71,0.0010026518416749262
0.19,72,-0.0019575471265346647
0.19,73,-0.0022424476282966775
0.19,74,-0.0011491018615427673
0.19,75,3.9560613429410526e-5
0.19,76,9.069329114171773e-5
0.19,77,-0.0006446379046741779
0.19,78,0.0007093753513604179
0.19,79,-0.0019883627892595245
0.19,80,-8.49545908460814e-5
0.19,81,-0.0008124317487150544
0.19,82,0.0010158435990710918
0.19,83,0.0019547171987462993
0.19,84,0.0018163368004613573
0.19,85,0.00444813399613689
0.19,86,-0.00012892386849363066
0.19,87,0.003290085763053259
0.19,88,0.00017922094547083607
0.19,89,-0.00019426141640589882
0.19,90,0.0005401294391349016
0.19,91,0.0015332380764777383
0.19,92,-0.00016393796373148907
0.19,93,0.0013742925279427711
0.19,94,0.0017014752387500996
0.19,95,-0.002093859784684634
0.19,96,-0.0006346879478827146
0.19,97,0.0032516611798337576
0.19,98,0.002524936524524545
0.19,99,0.0004462168888846475
0.19,100,0.0007164117020769279
0.19,101,0.0022286530672392807
0.19,102,0.0032245084670625194
0.19,103,0.001182932414543269
0.19,104,0.002376103472021211
0.19,105,0.0008771213192543931
0.19,106,0.0029928387703269024
0.19,107,-0.0010028319717674862
0.19,108,-0.0014716234847875504
0.19,109,0.0008721048097353576
0.19,110,-0.00030615701563234464
0.19,111,-0.00286149962527131
0.19,112,-0.00031266304951030024
0.19,113,0.0020576218709364388
0.19,114,-0.0016907974003347623
0.19,115,0.003689332530185429
0.19,116,-0.0015218343067115178
0.19,117,0.00147214512086121
0.19,118,-0.0026196213423668527
0.19,119,0.000217159304537894
0.19,120,-0.0017601140372880033
0.19,121,0.0002496419260611542
0.19,122,-0.00023573595482683283
0.19,123,0.0009028882705648449
0.19,124,0.00017327286291487037
0.19,125,-0.000600850457873668
0.19,126,0.0007498600550864488
0.19,127,-0.0009364652590129253
0.19,128,-0.0010714712242272733
0.19,129,0.003205061687545437
0.19,130,-0.0019236885691431844
0.19,131,0.0027784297044543475
0.19,132,7.099137876469723e-5
0.19,133,-0.0005414768501726268
0.19,134,-0.0012215980982645182
0.19,135,-0.00022251536720860741
0.19,136,0.0007953091744700185
0.19,137,0.004951849788960172
0.19,138,-0.0005026875452931426
0.19,139,-0.0009317146998556751
0.19,140,-0.00012658341241238028
0.19,141,-0.0008408343776469318
0.19,142,0.00045136165383458023
0.19,143,0.0008266718724306915
0.19,144,0.0005301759857660358
0.19,145,0.0028602514925624638
0.19,146,0.003203923452221102
0.19,147,-0.0017475693511215316
0.19,148,0.00017709992945007526
0.19,149,0.0022919236472310005
0.19,150,-0.001306292172558257
0.19,151,-0.00013336696431562358
0.19,152,0.0014154104581565585
0.19,153,0.005012315632496173
0.19,154,0.0031783645339626323
0.19,155,0.000556454206795303
0.19,156,-0.0002420833067570033
0.19,157,0.0004941330776152118
0.19,158,0.0014652239475087313
0.19,159,0.0017294378952609638
0.19,160,0.001239849017695762
0.19,161,-0.0004018417700965205
0.19,162,0.0008333018172763661
0.19,163,-0.003490744388997825
0.19,164,-0.0011345166892987046
0.19,165,-0.0013190280147651163
0.19,166,-0.0009125399091125255
0.19,167,0.0005328626797356443
0.19,168,0.004129487829178247
0.19,169,-0.00020072315624469793
0.19,170,0.00026172521726754817
0.19,171,-0.003797737757050784
0.19,172,-0.0036760852720820747
0.19,173,-0.002626729374253617
0.19,174,-0.0026642511837066717
0.19,175,0.0016541038877027497
0.19,176,0.004887711051313176
0.19,177,0.00638319155903916
0.19,178,0.0030608532619731147
0.19,179,-0.002208969947825094
0.19,180,-0.003595951155396046
0.19,181,-0.0007914535164345092
0.19,182,0.001187764738120488
0.19,183,0.004861354548210581
0.19,184,0.010316587565522504
0.19,185,0.017112253881791366
0.19,186,0.00418798895278439
0.19,187,0.004978359583245648
0.19,188,-0.0016480360557010756
0.19,189,0.003504602009621465
0.19,190,0.017835553272250983
0.19,191,-0.012487958573120225
0.19,192,0.20150861904765657
0.19,193,0.008091285484590623
0.19,194,0.0010893172327854036
0.19,195,-0.0025356051390268692
0.19,196,0.0012325048110390095
0.19,197,0.0012785225040658783
0.19,198,0.001245662791612383
0.2,intercept,0.011857145560617673
0.2,1,0.0015779318171093458
0.2,2,0.0022157913658898123
0.2,3,0.000378626298411572
0.2,4,0.002668994232965273
0.2,5,-0.001949897009622745
0.2,6,0.0011053563693578115
0.2,7,0.0037092276222143957
0.2,8,0.001483535476914753
0.2,9,0.0014934684089844496
0.2,10,0.0005626911007370718
0.2,11,0.0007097123116661928
0.2,12,-0.0018310869801167176
0.2,13,-0.0005577151085740923
0.2,14,0.0002750643142730889
0.2,15,-5.128492119811332e-6
0.2,16,-5.411786080964307e-5
0.2,17,-0.0006703070941168251
0.2,18,-5.248575879544621e-5
0.2,19,-0.0013591836583961507
0.2,20,-0.0013690554062559478
0.2,21,0.001906569644868852
0.2,22,-0.0032571161965905824
0.2,23,0.00043633858078712774
0.2,24,-0.0008212838600252357
0.2,25,0.00020006166109276416
0.2,26,0.0005789144412189138
0.2,27,-0.0013015043705109314
0.2,28,-0.00043864566956456876
0.2,29,-0.0015901572164613966
0.2,30,0.001670400184031472
0.2,31,0.0014797628007339634
0.2,32,7.949543083130132e-5
0.2,33,-0.0005146532637229092
0.2,34,0.0022074870336620477
0.2,35,-0.0006378115720765462
0.2,36,-0.0010083124990761835
0.2,37,-0.00019361852836001563
0.2,38,0.0009960828416720987
0.2,39,-0.0006853559045543003
0.2,40,-0.0011585220712628625
0.2,41,0.00046353779561915647
0.2,42,0.0010720494920909965
0.2,43,-0.0006888658410758787
0.2,44,0.0016148990382712012
0.2,45,-0.0013724695035521495
0.2,46,-0.0005277961493273678
0.2,47,-0.0006619091456759175
0.2,48,0.0003439331299349378
0.2,49,0.00022847499025907596
0.2,50,0.0005899220624676789
0.2,51,0.00033509643975657
0.2,52,0.00021329715252125546
0.2,53,0.0010821437052363745
0.2,54,0.0030286715328769215
0.2,55,-0.0015933260768015724
0.2,56,0.0004652421538846389
0.2,57,0.00288527761043175
0.2,58,0.003403632744260104
0.2,59,0.002026311037638697
0.2,60,-0.00017758857601631782
0.2,61,0.004573679122559815
0.2,62,2.972367086534365e-5
0.2,63,0.0013398466251389812
0.2,64,-0.0032221376824354345
0.2,65,0.0016525646594842411
0.2,66,0.0007319373102010957
0.2,67,0.00017352399772946217
0.2,68,0.0009990286601864388
0.2,69,0.0016188084250612022
0.2,70,-0.003352833618984652
0.2,71,0.001073659794414029
0.2,72,-0.002333819775273076
0.2,73,-0.001400157453792633
0.2,74,-0.0016567600726341287
0.2,75,0.0006977251180307881
0.2,76,-0.0005081410315038524
0.2,77,-0.001256795244421686
0.2,78,0.00041295646999013727
0.2,79,-0.0010192830221788238
0.2,80,-0.0007105974914474564
0.2,81,0.00011000372765482168
0.2,82,0.0006029518423959602
0.2,83,0.002117146618848462
0.2,84,0.0017367275817465398
0.2,85,0.004425554100451105
0.2,86,-0.00014172666909868496
0.2,87,0.0033314651407246538
0.2,88,0.000525999060010094
0.2,89,9.730319295988768e-7
0.2,90,0.0003401575126051028
0.2,91,0.0009865144652553273
0.2,92,0.0002803867725903392
0.2,93,0.001714358862311175
0.2,94,0.0011325576047550375
0.2,95,-0.0020340838199129356
0.2,96,-0.0005662640300363475
0.2,97,0.003303162790563694
0.2,98,0.002931737484177675
0.2,99,0.0005454882022648869
0.2,100,9.635582139650975e-5
0.2,101,0.0026471695290374297
0.2,102,0.003026232898946696
0.2,103,0.0010687749684822109
0.2,104,0.0018680308987538072
0.2,105,0.0013898140327160645
0.2,106,0.0021150545062760605
0.2,107,-0.0007751993388461551
0.2,108,-0.0016188238977961865
0.2,109,0.0008633902899511312
0.2,110,-0.00033513070982687805
0.2,111,-0.0021655686910000606
0.2,112,-0.0003038345355727074
0.2,113,0.002026380096211507
0.2,114,-0.00173834193341297
0.2,115,0.003479474968452238
0.2,116,-0.0013935222683396143
0.2,117,0.0013796297109745187
0.2,118,-0.0028406429829806955
0.2,119,-0.00030451381305514043
0.2,120,-0.0013739673533251992
0.2,121,0.0003763865317942404
0.2,122,-0.0002528653960709868
0.2,123,0.0013293608057856866
0.2,124,9.150295369870229e-5
0.2,125,-0.0009525221967440206
0.2,126,0.0009361583879063879
0.2,127,-0.0005464204893373335
0.2,128,-0.0012354464178067548
0.2,129,0.0033918804079989076
0.2,130,-0.001659595644950253
0.2,131,0.0026162986901100338
0.2,132,-0.0006929137451095304
0.2,133,-0.00048203697966846753
0.2,134,-0.0012340606283862676
0.2,135,6.556906850203238e-5
0.2,136,0.0006020843235762098
0.2,137,0.004904953764754893
0.2,138,-0.000952448095121369
0.2,139,-0.00048150784111729473
0.2,140,-0.0003663651431505408
0.2,141,-0.00048077153642015635
0.2,142,0.0010093008854944485
0.2,143,0.00044325366910668066
0.2,144,0.00012586456977912658
0.2,145,0.0035222717026038254
0.2,146,0.0025038650087605085
0.2,147,-0.001585745760568941
0.2,148,0.0006392418051876594
0.2,149,0.0017509724462419685
0.2,150,-0.00097379371570092
0.2,151,0.00011692236656215096
0.2,152,0.0010190019415614248
0.2,153,0.004777929878092278
0.2,154,0.0030268488546752953
0.2,155,0.0007857779888765398
0.2,156,-0.0005032512110325003
0.2,157,0.0007868601477930269
0.2,158,0.0008194844661105278
0.2,159,0.002146520838151265
0.2,160,0.0014993823471562838
0.2,161,-0.0006260221619556088
0.2,162,0.0011553432102114933
0.2,163,-0.004379975911896224
0.2,164,-0.0005225986799837361
0.2,165,-0.001797953465491601
0.2,166,-0.0009386667546945619
0.2,167,0.0001245891165768241
0.2,168,0.004028813857021985
0.2,169,-3.020417892734426e-5
0.2,170,0.0006598507701179672
0.2,171,-0.0035847817276268234
0.2,172,-0.004244382707800117
0.2,173,-0.0026497256186343316
0.2,174,-0.002474582786549264
0.2,175,0.0009045717189196154
0.2,176,0.006931946492147538
0.2,177,0.006177080703610947
0.2,178,0.002957411915162417
0.2,179,-0.002229112657108267
0.2,180,-0.003485930921518603
0.2,181,-0.000946589000153009
0.2,182,0.0015498432681191367
0.2,183,0.0050762489398898
0.2,184,0.010510439818433956
0.2,185,0.01628557445230768
0.2,186,0.004719427472094188
0.2,187,0.005045715620960466
0.2,188,-0.0014054277249574427
0.2,189,0.0030340554917273367
0.2,190,0.01774113797876837
0.2,191,-0.012748202066664372
0.2,192,0.20955902011672822
0.2,193,0.008013046438405917
0.2,194,0.0007363568050542734
0.2,195,-0.0025744285587171243
0.2,196,0.0012558650237026675
0.2,197,0.0012142560550123319
0.2,198,0.0012146100632630871
0.21,intercept,0.011874173444059636
0.21,1,0.0015716747526401753
0.21,2,0.002361513576029544
0.21,3,-0.00010697663080130952
0.21,4,0.003071143893781269
0.21,5,-0.0021937754203152694
0.21,6,0.0012724731971938323
0.21,7,0.003392871267335721
0.21,8,0.0016187748969663934
0.21,9,0.0016533115156497956
0.21,10,0.0004420582069081174
0.21,11,0.00030641017286155815
0.21,12,-0.0015943401538037673
0.21,13,-0.0008705041696637074
0.21,14,0.00044242623608144876
0.21,15,-0.00013065948704777674
0.21,16,0.00048693279174363455
0.21,17,-0.00118913459204694
0.21,18,0.0005818055091968321
0.21,19,-0.0011973118412910593
0.21,20,-0.0013732796668649652
0.21,21,0.001489606880706971
0.21,22,-0.002704163024538365
0.21,23,0.0005058224003739998
0.21,24,-0.0007637904029570054
0.21,25,-0.00011274140213804512
0.21,26,0.0007124247766518504
0.21,27,-0.0016239192392511316
0.21,28,-3.86566738528327e-5
0.21,29,-0.0018804042676540968
0.21,30,0.0016366059377201409
0.21,31,0.001092233538192564
0.21,32,0.0002822586581929341
0.21,33,-0.0006991134095955576
0.21,34,0.0021839597253127813
0.21,35,-0.00034373177574390174
0.21,36,-0.0010447386786571462
0.21,37,-0.00029056119577022707
0.21,38,0.000919942070974851
0.21,39,-0.0007771829184339288
0.21,40,-0.0010583790907850393
0.21,41,0.0005109255212636347
0.21,42,0.0013009856025594164
0.21,43,-0.001240884385010326
0.21,44,0.0019320712743170277
0.21,45,-0.0010964046349977363
0.21,46,-0.0005829832610486011
0.21,47,-0.0011133937140942883
0.21,48,0.0010639060901678503
0.21,49,-0.0004740887029300736
0.21,50,0.0008747574876528313
0.21,51,9.433117213315625e-6
0.21,52,0.00013074060680798766
0.21,53,0.0009728899270680528
0.21,54,0.002756775267361569
0.21,55,-0.0017392156872501332
0.21,56,0.0008973180226240681
0.21,57,0.0034266204535816015
0.21,58,0.0027332039666901676
0.21,59,0.0018305051744050317
0.21,60,0.0006302917146813349
0.21,61,0.003981193975655871
0.21,62,-0.00022802077753716915
0.21,63,0.0021572155631337155
0.21,64,-0.00297116079245025
0.21,65,0.0011480386690790238
0.21,66,0.0011961915399027136
0.21,67,0.00013770646857389973
0.21,68,0.0008107726081343236
0.21,69,0.002057412144663305
0.21,70,-0.003401751377055857
0.21,71,0.0004891336740225013
0.21,72,-0.002132606706390521
0.21,73,-0.001606335942414643
0.21,74,-0.0016473306478210247
0.21,75,0.0010245029485656217
0.21,76,-0.000788209438748789
0.21,77,-0.001515483436249322
0.21,78,5.444089768668391e-5
0.21,79,0.0001644072551455828
0.21,80,-0.0008928874410292722
0.21,81,-4.182942475151463e-5
0.21,82,0.00012444849935484847
0.21,83,0.002619239710266436
0.21,84,0.0010416737510955685
0.21,85,0.00461939289775401
0.21,86,-0.0001041661861348388
0.21,87,0.002771593976166663
0.21,88,0.0010329392025602588
0.21,89,-0.0005866289213227611
0.21,90,0.001653216809136262
0.21,91,0.0004072804343389707
0.21,92,0.0007035377951747919
0.21,93,0.0013347731266818786
0.21,94,0.0010889016954474982
0.21,95,-0.002261150190916183
0.21,96,-0.00040273371994265764
0.21,97,0.004557004655282675
0.21,98,0.002096329320660522
0.21,99,0.0010612891692234
0.21,100,0.0008923954472569875
0.21,101,0.0017293999982071987
0.21,102,0.0029920056021089914
0.21,103,0.0012461702841078046
0.21,104,0.0016070022351695299
0.21,105,0.0012731442253782301
0.21,106,0.0020494628638858055
0.21,107,-0.0007067240402278218
0.21,108,-0.0017989772115858682
0.21,109,0.0005241577693892986
0.21,110,-0.00014589478305112162
0.21,111,-0.0021988749605032364
0.21,112,-0.0001498665332076056
0.21,113,0.0018114219326635483
0.21,114,-0.001438391035975228
0.21,115,0.0035436666491477165
0.21,116,-0.0013361768981117912
0.21,117,0.0014193749179781132
0.21,118,-0.003402559620863333
0.21,119,-0.0005579794091588434
0.21,120,-0.001116436522599321
0.21,121,0.0006966460626827542
0.21,122,-0.0003805215999196792
0.21,123,0.0013547154667452547
0.21,124,-0.00033924012281646656
0.21,125,-0.000991989456198645
0.21,126,0.0008857489535947941
0.21,127,-0.0002933094464176861
0.21,128,-0.0010636215514096057
0.21,129,0.002816077282858397
0.21,130,-0.00128381012992472
0.21,131,0.0025761542502610196
0.21,132,-0.0006134144893480516
0.21,133,-0.00016746333331214345
0.21,134,-0.0011736301412193619
0.21,135,8.363647848318483e-5
0.21,136,2.958297324197331e-5
0.21,137,0.005160308643045642
0.21,138,-0.001272587661186323
0.21,139,0.00014328720294787357
0.21,140,-0.0005078204408436897
0.21,141,-0.0004534218850031305
0.21,142,0.000412013618294706
0.21,143,0.0006157099222955508
0.21,144,0.00033610136218392017
0.21,145,0.0032320295932742934
0.21,146,0.00317547652022036
0.21,147,-0.001923230361926119
0.21,148,0.0013754996050973354
0.21,149,0.0012110847013940653
0.21,150,-0.0006930773917335374
0.21,151,-3.1343807124902084e-6
0.21,152,0.0009717397746029856
0.21,153,0.005077028299502807
0.21,154,0.002386267765047253
0.21,155,0.0019409448741394039
0.21,156,-0.0016168549217073472
0.21,157,0.0012559266967483464
0.21,158,0.0014460549261861456
0.21,159,0.0026305644930512974
0.21,160,0.0004406390020658931
0.21,161,-0.00033639990706056926
0.21,162,0.0013318031145192711
0.21,163,-0.004646297495623663
0.21,164,-0.0006921178972862633
0.21,165,-0.0014470802212648672
0.21,166,-0.001074830613955119
0.21,167,0.00019333872036649758
0.21,168,0.004014288653493434
0.21,169,2.0787406460757697e-5
0.21,170,0.0012238512087511366
0.21,171,-0.0034263118421678394
0.21,172,-0.004672044672224184
0.21,173,-0.0028622117441464106
0.21,174,-0.0021318598377706864
0.21,175,0.0006365563217006888
0.21,176,0.007485235942815447
0.21,177,0.005094287383478563
0.21,178,0.003780503602378079
0.21,179,-0.002606595041403848
0.21,180,-0.0029833309493910807
0.21,181,-0.0009185123043915374
0.21,182,0.0016266758831266625
0.21,183,0.0048100233446140605
0.21,184,0.010561299001784315
0.21,185,0.01591336786103483
0.21,186,0.00439642502219176
0.21,187,0.005392815377469233
0.21,188,-0.0007971025491664897
0.21,189,0.002988887191730604
0.21,190,0.01717686668751572
0.21,191,-0.013728024271587421
0.21,192,0.2204991013361601
0.21,193,0.0079625500246853
0.21,194,0.0005716970856880323
0.21,195,-0.0026267302497442182
0.21,196,0.0012136271077450786
0.21,197,0.0011950530514341718
0.21,198,0.0011921968354687822
0.22,intercept,0.011796711581935735
0.22,1,0.0014206914480004375
0.22,2,0.002514036474481981
0.22,3,-0.0003340978174627788
0.22,4,0.0035529069992311715
0.22,5,-0.0026157383639111727
0.22,6,0.0022035628049924924
0.22,7,0.0031406949577325394
0.22,8,0.0012478090782085819
0.22,9,0.0016391410268534893
0.22,10,0.0006820179243227136
0.22,11,-0.0004135561095623438
0.22,12,-0.0009479615647606004
0.22,13,-0.0006257321577709125
0.22,14,0.00014228000126736582
0.22,15,-0.00027251039613314165
0.22,16,0.0007964384767836288
0.22,17,-0.001518385115966494
0.22,18,0.0005732239776625979
0.22,19,-0.0003056238596716513
0.22,20,-0.0021830492169502332
0.22,21,0.0010028859738776986
0.22,22,-0.0022456499496072493
0.22,23,0.0005985108345725678
0.22,24,-0.0010797667147789685
0.22,25,0.0001148394613561366
0.22,26,0.0011806762617957028
0.22,27,-0.0015907389142945287
0.22,28,-0.00041048923324484677
0.22,29,-0.0013762732110190361
0.22,30,0.0011905137987749555
0.22,31,0.0012102227184578153
0.22,32,0.00044258228036512344
0.22,33,-0.0006509677503451786
0.22,34,0.0020237072093740134
0.22,35,-0.0002562950740383019
0.22,36,-0.0012859691594086673
0.22,37,0.0001291570964110593
0.22,38,0.0007902107216716856
0.22,39,-0.0009538945426396619
0.22,40,-0.0012397596769604397
0.22,41,0.0006481496884111837
0.22,42,0.001141496001814347
0.22,43,-0.0011641551405820608
0.22,44,0.0023067133522838646
0.22,45,-0.0008788777415091986
0.22,46,-0.0007734632882612187
0.22,47,-0.0010163245620846786
0.22,48,0.000690270150581064
0.22,49,-0.00019040512766107902
0.22,50,0.0005751160692938151
0.22,51,-9.089524854194476e-5
0.22,52,7.916892866722836e-6
0.22,53,0.0015273215265310938
0.22,54,0.002281341382597638
0.22,55,-0.0009385371136842243
0.22,56,0.00048672001395365144
0.22,57,0.003151950951377163
0.22,58,0.00251374031612803
0.22,59,0.002172080713082363
0.22,60,0.0010324205005485902
0.22,61,0.003448953144037413
0.22,62,-0.0002285305870486999
0.22,63,0.0021648741043579366
0.22,64,-0.0018976123215085564
0.22,65,0.00034463398811942147
0.22,66,0.0007229164524088096
0.22,67,0.0007958825203738408
0.22,68,0.0011385965677037275
0.22,69,0.0019473315993555368
0.22,70,-0.0033953050368206
0.22,71,-4.588450325479853e-5
0.22,72,-0.0017717481801696748
0.22,73,-0.001963440486673948
0.22,74,-0.0015600585772444296
0.22,75,0.0008995242475300734
0.22,76,-0.0008504937980973394
0.22,77,-0.0011122013381277185
0.22,78,-0.0004698089091323065
0.22,79,0.0003821078231385583
0.22,80,-0.000785571198598709
0.22,81,-0.00042444527045899707
0.22,82,0.0007065352055570775
0.22,83,0.0019710074109017275
0.22,84,0.0013885865351544258
0.22,85,0.004113215692879691
0.22,86,0.0010776825914693392
0.22,87,0.002667779381687475
0.22,88,0.0006110907425931426
0.22,89,-0.0005305647963242525
0.22,90,0.0021732413763078987
0.22,91,0.00021521540212027438
0.22,92,0.00047789635517426154
0.22,93,0.0011067933603993545
0.22,94,0.001865338827802177
0.22,95,-0.0032510062630409548
0.22,96,-0.0004810916115625561
0.22,97,0.004879691990662785
0.22,98,0.0016483392155791303
0.22,99,0.0008321897036093125
0.22,100,0.0009659229347826377
0.22,101,0.0022030107119586544
0.22,102,0.0032530723755349925
0.22,103,0.0015637489804289622
0.22,104,0.0015271855390716375
0.22,105,0.0015891791828245567
0.22,106,0.0019219806424973643
0.22,107,-0.0014074654955084712
0.22,108,-0.0014304534030131983
0.22,109,0.00041412284252871905
0.22,110,-0.000470798692859777
0.22,111,-0.0014099377038440451
0.22,112,0.00018371562397834877
0.22,113,0.0012190137105691542
0.22,114,-0.0012524034103460148
0.22,115,0.002918291014116571
0.22,116,-0.0003089059233669358
0.22,117,0.001082067371784043
0.22,118,-0.0033521555446452585
0.22,119,-0.0007502397386044819
0.22,120,-0.00130490019832777
0.22,121,0.0006974856782570889
0.22,122,-0.0004625796160696469
0.22,123,0.001484726583609079
0.22,124,0.00011703312363946787
0.22,125,-0.0012536067645178308
0.22,126,0.0006613320653716678
0.22,127,-4.8443069282785906e-5
0.22,128,-0.0009120623882415354
0.22,129,0.002471147355981816
0.22,130,-0.0016328449879509461
0.22,131,0.0025888438688518632
0.22,132,-0.00015322819168709384
0.22,133,-0.0002713589730481497
0.22,134,-0.001724945478602795
0.22,135,0.00020696827090407066
0.22,136,0.00012999223473142063
0.22,137,0.005107753631480003
0.22,138,-0.001397372937160314
0.22,139,0.00038663437234776786
0.22,140,-0.0001678180697219812
0.22,141,-0.000658370776078607
0.22,142,7.983548112782918e-5
0.22,143,0.0006676787262858182
0.22,144,0.00026938981072851127
0.22,145,0.0032573495974961056
0.22,146,0.0029048772736451883
0.22,147,-0.0012835110281799419
0.22,148,0.001211058696971707
0.22,149,0.0012220695668904058
0.22,150,-0.0008382862690877375
0.22,151,0.0004046833933524994
0.22,152,0.0009753961454000344
0.22,153,0.004534615355605034
0.22,154,0.0025695873246257242
0.22,155,0.0024988120016685715
0.22,156,-0.002169861338141417
0.22,157,0.0016086440884627185
0.22,158,0.0017602918361428444
0.22,159,0.0023818874360920887
0.22,160,0.00019568110513167543
0.22,161,-0.0006186527697315953
0.22,162,0.0015787320414900384
0.22,163,-0.004670754147110255
0.22,164,-0.0011362411172496677
0.22,165,-0.001261528504453957
0.22,166,-0.0016078910856503713
0.22,167,0.0010258159188134414
0.22,168,0.003426306640690237
0.22,169,0.00044644676322305987
0.22,170,0.0010070992433419607
0.22,171,-0.0034304557971522854
0.22,172,-0.004462727797538356
0.22,173,-0.0032597240696037345
0.22,174,-0.001605273621914128
0.22,175,0.0008808427181132361
0.22,176,0.007390925633154511
0.22,177,0.005133135954856668
0.22,178,0.0033911608934214022
0.22,179,-0.0025477256136351946
0.22,180,-0.0038859411656200727
0.22,181,4.2206241619605544e-5
0.22,182,0.0008672254731631778
0.22,183,0.004915390045645785
0.22,184,0.01050674389679189
0.22,185,0.01570711959157098
0.22,186,0.00400175294774855
0.22,187,0.005232208249362737
0.22,188,-0.0005880695351865146
0.22,189,0.004366760345153311
0.22,190,0.01643644363744513
0.22,191,-0.014716233142336114
0.22,192,0.2337779295862613
0.22,193,0.007900443833995774
0.22,194,0.0010375030490205072
0.22,195,-0.002655294183105162
0.22,196,0.001174138773800763
0.22,197,0.0011664609695618416
0.22,198,0.0012064647324723388
0.23,intercept,0.011976951243117942
0.23,1,0.00036507153714852614
0.23,2,0.003685887959118448
0.23,3,-0.0012096463628670016
0.23,4,0.003820165093252723
0.23,5,-0.0028069289444600724
0.23,6,0.002775288510915851
0.23,7,0.002524925290224412
0.23,8,0.001468622769838391
0.23,9,0.0014834198270673117
0.23,10,0.001224873210365961
0.23,11,-0.001229085616050025
0.23,12,-0.0006132048093157708
0.23,13,-0.0005055346209299308
0.23,14,0.0005657957510236386
0.23,15,-0.0006001758886254644
0.23,16,0.000883507621579355
0.23,17,-0.0016283992695343183
0.23,18,0.00039841426081771984
0.23,19,0.0005800571212690643
0.23,20,-0.002080676363739126
0.23,21,0.0006635792500512083
0.23,22,-0.0023168160770673197
0.23,23,0.0006192576224404476
0.23,24,-0.0012348575317172588
0.23,25,0.0004486055317045048
0.23,26,0.001200654387310488
0.23,27,-0.0022497883614449013
0.23,28,-2.219674964864812e-5
0.23,29,-0.0013235481926236951
0.23,30,0.0008835271108230035
0.23,31,0.0018671228365470076
0.23,32,0.00011206725103540131
0.23,33,-0.00044378511917951357
0.23,34,0.002604762587408324
0.23,35,-0.0007186051957634806
0.23,36,-0.0016751121939411133
0.23,37,-4.187007472755269e-5
0.23,38,0.0009501438236824481
0.23,39,-0.0008851067908517077
0.23,40,-0.0017292467157302741
0.23,41,0.0007057073061881604
0.23,42,0.001441092855462427
0.23,43,-0.001263829287715689
0.23,44,0.002180265064152836
0.23,45,-0.0010203113553280158
0.23,46,-0.0006997213184292862
0.23,47,-0.0008617925209555247
0.23,48,0.0005356858978865949
0.23,49,-0.0004032251045709871
0.23,50,0.00037342794701309746
0.23,51,0.00024868267484555955
0.23,52,-0.00016686871072867687
0.23,53,0.0014981420618768034
0.23,54,0.002355929673919287
0.23,55,-0.001087408598575936
0.23,56,0.0006452331656338206
0.23,57,0.0029774752264694923
0.23,58,0.002253905341836075
0.23,59,0.0020015587857364243
0.23,60,0.000766744940331155
0.23,61,0.003662155052454859
0.23,62,-6.176506130439426e-5
0.23,63,0.0016755862409365328
0.23,64,-0.00154310358347172
0.23,65,0.00011190930683338395
0.23,66,0.00040219982192386046
0.23,67,0.0010240102758151458
0.23,68,0.0009728235474746255
0.23,69,0.0014849966630152147
0.23,70,-0.0025964556618518196
0.23,71,-0.00039632234378458506
0.23,72,-0.0010905584805482832
0.23,73,-0.002051024914731778
0.23,74,-0.0011669368895631884
0.23,75,3.4391663479048343e-5
0.23,76,-0.0004676963243942953
0.23,77,-0.000977373675962317
0.23,78,-0.0010312897724252252
0.23,79,0.0005607010942562262
0.23,80,-0.0005524118853410593
0.23,81,-0.0009110955206249486
0.23,82,0.0005918317380691229
0.23,83,0.002164258489834816
0.23,84,0.0016818364912486372
0.23,85,0.0033012310496840047
0.23,86,0.0017809889797199855
0.23,87,0.00181428348474935
0.23,88,0.0010762959085148143
0.23,89,-0.0014380709639096592
0.23,90,0.0031123799626219936
0.23,91,-0.0003778055138841051
0.23,92,0.000544385009448672
0.23,93,0.0009307743884074064
0.23,94,0.0022723029527432926
0.23,95,-0.0031093785906840653
0.23,96,-0.001230752471949978
0.23,97,0.004739722686754638
0.23,98,0.0018678727535184378
0.23,99,0.0009074689484504634
0.23,100,0.0008738415590498022
0.23,101,0.0027406237079371583
0.23,102,0.002871548236769427
0.23,103,0.0019405152560866671
0.23,104,0.001860897632864289
0.23,105,0.0017452391070175073
0.23,106,0.002121550983902616
0.23,107,-0.0012445790257232226
0.23,108,-0.0011975661157026631
0.23,109,-9.510071413101736e-6
0.23,110,-0.0006414652699070957
0.23,111,-0.0011971463596793478
0.23,112,-0.00012859533624121555
0.23,113,0.0011795311444185424
0.23,114,-0.0008080537067381405
0.23,115,0.002494954056698659
0.23,116,-0.0005000565505561376
0.23,117,0.0005604587521335569
0.23,118,-0.003239575371163698
0.23,119,-0.0005132941961724261
0.23,120,-0.001310791015980304
0.23,121,0.00017989632254862293
0.23,122,0.000363811440748629
0.23,123,0.0017605778503773416
0.23,124,-0.00016221108678154047
0.23,125,-0.0016632474254980835
0.23,126,0.0005082710539474712
0.23,127,0.0004296682036412959
0.23,128,-0.0009308510811629742
0.23,129,0.0022131315930198903
0.23,130,-0.00159653400272369
0.23,131,0.002387242804059976
0.23,132,-0.00020049931787277493
0.23,133,-0.000545832984276122
0.23,134,-0.0014798399338366126
0.23,135,0.00019133616187596412
0.23,136,0.00012954347278593695
0.23,137,0.005412658605593431
0.23,138,-0.0015217464648458552
0.23,139,2.549297482052226e-5
0.23,140,0.0008106279798508556
0.23,141,-0.0010042243761493592
0.23,142,0.0007094665236850941
0.23,143,0.00022224093289750378
0.23,144,0.0005536762355892881
0.23,145,0.0027184815212614594
0.23,146,0.0030813368971264314
0.23,147,-0.000978408468088635
0.23,148,0.000741758675438001
0.23,149,0.0011600006752890627
0.23,150,-0.0008133260581011632
0.23,151,0.0005112319831500154
0.23,152,0.0005981125947584492
0.23,153,0.005514130944273327
0.23,154,0.002218186954338824
0.23,155,0.0020944875139152263
0.23,156,-0.001904128939966163
0.23,157,0.001169605626310367
0.23,158,0.0026554654515058037
0.23,159,0.0020782378444408347
0.23,160,0.00013289755275315684
0.23,161,-0.0007838612690274874
0.23,162,0.0012725817576134915
0.23,163,-0.00413356997641109
0.23,164,-0.0013366851352375488
0.23,165,-0.001372754539458136
0.23,166,-0.0011836360687098198
0.23,167,0.0004891708067697484
0.23,168,0.0034580291630946294
0.23,169,0.00032661169580861784
0.23,170,0.0014392676183618454
0.23,171,-0.0037211668409193625
0.23,172,-0.004567119595762803
0.23,173,-0.0036129984707084875
0.23,174,-0.0014721673031062494
0.23,175,0.001438632090546239
0.23,176,0.007387606513493056
0.23,177,0.004918753313563261
0.23,178,0.004073633079125238
0.23,179,-0.003374856015810491
0.23,180,-0.0031586042627893022
0.23,181,-0.0005234815342606595
0.23,182,0.0009121778254513163
0.23,183,0.004873112991963357
0.23,184,0.010510296697484153
0.23,185,0.01550926503010516
0.23,186,0.004130136667701769
0.23,187,0.004712258380309749
0.23,188,-0.0006565092742791368
0.23,189,0.004625598596137775
0.23,190,0.016046778177678918
0.23,191,-0.015466290377825787
0.23,192,0.24344979223162036
0.23,193,0.00821082543738224
0.23,194,0.0012877092353980046
0.23,195,-0.0026996220267335967
0.23,196,0.0012011647790280211
0.23,197,0.0011975871938981718
0.23,198,0.0011891439664238398
0.24,intercept,0.011978452123599137
0.24,1,0.0015638884150753632
0.24,2,0.003095805496873226
0.24,3,-0.0008684398133646667
0.24,4,0.0045495987245018545
0.24,5,-0.002975318257160896
0.24,6,0.002464921069249218
0.24,7,0.0024824155137188986
0.24,8,0.001989224492187696
0.24,9,0.0008245455596961173
0.24,10,0.0008713651783510557
0.24,11,-0.0008610539327422105
0.24,12,-0.0012848351585769756
0.24,13,-0.00015812914498848616
0.24,14,-5.7612228134723653e-5
0.24,15,0.0003574652443539768
0.24,16,0.00043005516639048856
0.24,17,-0.0015678923165207217
0.24,18,0.0003224295254330205
0.24,19,0.00037090891528503134
0.24,20,-0.0019324306586988203
0.24,21,0.0005372486506069569
0.24,22,-0.002422381609329244
0.24,23,0.0010039535568985094
0.24,24,-0.0009517647790879445
0.24,25,0.0002809370096990955
0.24,26,0.0013194877333912497
0.24,27,-0.0018973813673360026
0.24,28,-0.00017620171875449216
0.24,29,-0.0015520610851521928
0.24,30,0.0010379898955269159
0.24,31,0.0020840564563986003
0.24,32,-0.00017152397103761602
0.24,33,-0.0008773953841508355
0.24,34,0.0030083908142308543
0.24,35,-0.000971016054527007
0.24,36,-0.0016497721613147553
0.24,37,-8.86054713597938e-7
0.24,38,0.0013235081049754326
0.24,39,-0.0007220079701930889
0.24,40,-0.0023313536616240784
0.24,41,0.001229524969852436
0.24,42,0.0012868651121373128
0.24,43,-0.001343176667290323
0.24,44,0.002050377442282598
0.24,45,-0.0009468007300574237
0.24,46,-0.0007098632324410208
0.24,47,-0.0012084786171772325
0.24,48,0.0006201563819408251
0.24,49,-0.000857264253199763
0.24,50,0.000720379070417923
0.24,51,8.311427381495077e-5
0.24,52,0.0004292173735242265
0.24,53,0.0010945356340380224
0.24,54,0.002344357622034188
0.24,55,-0.0010406800349253263
0.24,56,0.0009981498922992113
0.24,57,0.002989184429252799
0.24,58,0.00192204961831328
0.24,59,0.0020439475947800025
0.24,60,-3.9769503826776094e-5
0.24,61,0.004368764582851318
0.24,62,-0.0006903296079233681
0.24,63,0.002179505842530996
0.24,64,-0.001315967875218065
0.24,65,0.00011613440536157959
0.24,66,0.000237240794711437
0.24,67,0.0009798605134361173
0.24,68,0.0011535340003988718
0.24,69,0.0010307591162794511
0.24,70,-0.00197842271209938
0.24,71,-0.000548696944184121
0.24,72,-0.001114362563564802
0.24,73,-0.0017225912009363503
0.24,74,-0.001670735646389433
0.24,75,0.00020408131150177064
0.24,76,-0.00043069824420245814
0.24,77,-0.0013347568078718164
0.24,78,-0.00043840939876118684
0.24,79,0.000433135832428867
0.24,80,-0.00099230587249813
0.24,81,-0.0011911616673215542
0.24,82,0.0005241299796049296
0.24,83,0.0023341043500433346
0.24,84,0.0020298129524729154
0.24,85,0.0032579019749298245
0.24,86,0.001712762270885909
0.24,87,0.0017591386554337632
0.24,88,0.0003576205763316887
0.24,89,-0.0005503689809070251
0.24,90,0.002887148942087657
0.24,91,-0.0004997777688105201
0.24,92,7.432867323000091e-6
0.24,93,0.0022364522549568324
0.24,94,0.0020182826300525303
0.24,95,-0.00375994919214128
0.24,96,-0.0003936502769103975
0.24,97,0.004111939039275647
0.24,98,0.0018336391704965118
0.24,99,0.0010045119480404149
0.24,100,0.0011014812754963303
0.24,101,0.0018692042549286845
0.24,102,0.0032119798183110762
0.24,103,0.0019111599589141386
0.24,104,0.002075838111266957
0.24,105,0.0012993576886343894
0.24,106,0.0028588216990921363
0.24,107,-0.00161887755390645
0.24,108,-0.0005686962092093431
0.24,109,-0.0004803067050522139
0.24,110,-0.000636998550142338
0.24,111,-0.0015189745091248874
0.24,112,-0.0003770928538254227
0.24,113,0.0011151694797306294
0.24,114,-0.000439469248866053
0.24,115,0.0022052630418834553
0.24,116,-0.00013515644014517182
0.24,117,0.00018901144400846972
0.24,118,-0.0029610108776471204
0.24,119,-0.0008748541066128714
0.24,120,-0.0008890446322127573
0.24,121,0.00012059994465545354
0.24,122,0.00010682103374489922
0.24,123,0.0016661275959071044
0.24,124,0.0005243813863357744
0.24,125,-0.0019368946660943773
0.24,126,0.000718283258269578
0.24,127,0.00015824878599584935
0.24,128,-0.0008873389523452166
0.24,129,0.0018378784391045546
0.24,130,-0.0011996982943949003
0.24,131,0.0027174510234017385
0.24,132,-0.0005546226829733412
0.24,133,-0.000541245872843054
0.24,134,-0.0013424727394006563
0.24,135,-3.6542310632960194e-5
0.24,136,9.230250035245557e-5
0.24,137,0.005252384495040243
0.24,138,-0.000899747772220311
0.24,139,4.795130344757185e-6
0.24,140,0.0003506657576669864
0.24,141,-0.0004684478174921292
0.24,142,0.0005591449403065287
0.24,143,0.0009168375824463265
0.24,144,0.00020903207204243116
0.24,145,0.0026079236023060413
0.24,146,0.0027580844631681727
0.24,147,-0.0011559377769801995
0.24,148,0.0008511891468669969
0.24,149,0.0012256286610894443
0.24,150,-0.0007057633142352566
0.24,151,0.0006186838692229512
0.24,152,0.0007427929675753981
0.24,153,0.004959021897850413
0.24,154,0.0024455484571082684
0.24,155,0.0022586089532672304
0.24,156,-0.002289668890984789
0.24,157,0.0009729182993696814
0.24,158,0.0024707366931446765
0.24,159,0.0024334651636929413
0.24,160,-6.495383108704342e-5
0.24,161,-0.0006467530119075778
0.24,162,0.0009198589054455124
0.24,163,-0.0038010009724585847
0.24,164,-0.0014556828017565709
0.24,165,-0.0010633353850871238
0.24,166,-0.0012316303916072684
0.24,167,-0.00024693146132091635
0.24,168,0.003849957130868113
0.24,169,0.0005733460182700015
0.24,170,0.0011400903472750569
0.24,171,-0.0037191900093867824
0.24,172,-0.004000116808233525
0.24,173,-0.0038219238772932533
0.24,174,-0.0019736815031640618
0.24,175,0.0021181407374537852
0.24,176,0.007121195584386251
0.24,177,0.00486252475988249
0.24,178,0.004581977467964437
0.24,179,-0.0038915364275988566
0.24,180,-0.0030927606189253497
0.24,181,-0.0002599500605448201
0.24,182,0.0012365825908139873
0.24,183,0.004181945569912791
0.24,184,0.010793557879795364
0.24,185,0.015692334222500628
0.24,186,0.003550658350239536
0.24,187,0.004744935643311736
0.24,188,0.00026612830247321924
0.24,189,0.004137884131289618
0.24,190,0.017431749008922533
0.24,191,-0.017147332844803208
0.24,192,0.25336818362120955
0.24,193,0.007950141691434154
0.24,194,0.0012493587208382137
0.24,195,-0.0027406434385156293
0.24,196,0.0011783562698678034
0.24,197,0.001186608069153508
0.24,198,0.0011805777669701093
0.25,intercept,0.012091412745887974
0.25,1,0.0020885725630746576
0.25,2,0.0025289670722791436
0.25,3,-0.000324179511884119
0.25,4,0.003965603955162354
0.25,5,-0.0023746537799867002
0.25,6,0.0020148652440636267
0.25,7,0.0024207206719174057
0.25,8,0.002024300605500215
0.25,9,0.0013570924360595082
0.25,10,0.0007518013384880434
0.25,11,-0.0005263137674282681
0.25,12,-0.0013182951723449353
0.25,13,-0.00048725640463514417
0.25,14,6.594701211808648e-5
0.25,15,0.0005592721729061785
0.25,16,0.00018260032191923893
0.25,17,-0.0015749325422608265
0.25,18,0.0001324953410323401
0.25,19,0.0004965132888599353
0.25,20,-0.0019532166891091446
0.25,21,0.00021412170059037982
0.25,22,-0.002114711132652969
0.25,23,0.0012137256446324216
0.25,24,-0.0018490013590199788
0.25,25,0.0014589102209237774
0.25,26,0.0005394158960025417
0.25,27,-0.0016174701281779533
0.25,28,-0.00031664074032177435
0.25,29,-0.0010964389773918148
0.25,30,0.0013685774115120642
0.25,31,0.0013142043837312562
0.25,32,0.00042628681642151525
0.25,33,-0.0008994122762386533
0.25,34,0.0028060968254283738
0.25,35,-0.0013872530754974282
0.25,36,-0.0013513663306274695
0.25,37,0.00037862648429868136
0.25,38,0.0010591158473744833
0.25,39,-0.0006581881638566205
0.25,40,-0.0021020978495781004
0.25,41,0.0011981043691274664
0.25,42,0.0010946756858224208
0.25,43,-0.0011538106081127497
0.25,44,0.001418745724453981
0.25,45,-0.0009906112376100568
0.25,46,-0.000758391406030135
0.25,47,-0.00139918422597882
0.25,48,0.0013359887781467525
0.25,49,-0.001045702137820789
0.25,50,0.0007409157164882918
0.25,51,0.00034066040920633804
0.25,52,0.0004094859064790059
0.25,53,0.001168960146373661
0.25,54,0.002475902908170239
0.25,55,-0.0013901750731736208
0.25,56,0.0015816696228707148
0.25,57,0.0023468841131259474
0.25,58,0.0019507986997948602
0.25,59,0.0012988731840340348
0.25,60,0.0012955267941742537
0.25,61,0.0042285662540599445
0.25,62,-0.000949257224463478
0.25,63,0.0018862364391776258
0.25,64,-0.0012953778272248584
0.25,65,0.0002589940826305122
0.25,66,0.00034621592140028455
0.25,67,6.914167071140702e-5
0.25,68,0.001890351125296434
0.25,69,0.0005159617063129334
0.25,70,-0.002241373071597314
0.25,71,-0.0007906152114968012
0.25,72,-0.0012819043295789548
0.25,73,-0.0012845365140702059
0.25,74,-0.001926985310786828
0.25,75,9.039549163902771e-5
0.25,76,-0.0006371286638894465
0.25,77,-0.0008304595633081062
0.25,78,-0.0009959817527886126
0.25,79,0.0008021786921191143
0.25,80,-0.001500159905151246
0.25,81,-0.0007321396894146988
0.25,82,0.0003880735319948779
0.25,83,0.002401136643635344
0.25,84,0.0016711781177749002
0.25,85,0.0032650100105700475
0.25,86,0.001732122586121895
0.25,87,0.0014339514373271696
0.25,88,0.0007582930662888344
0.25,89,-0.0007503710932143413
0.25,90,0.002742617464497651
0.25,91,-0.00014471073888124613
0.25,92,0.00032666019484872
0.25,93,0.001772104975814377
0.25,94,0.0017185301501786057
0.25,95,-0.0036967256093792477
0.25,96,-0.00014785464777267371
0.25,97,0.0032292272299896457
0.25,98,0.0020495477444045208
0.25,99,0.0013573070741087492
0.25,100,0.00074779599685111
0.25,101,0.0015883873020584509
0.25,102,0.003294315264138552
0.25,103,0.002011177716817858
0.25,104,0.002012486651979898
0.25,105,0.0015633301898501462
0.25,106,0.003355698691619802
0.25,107,-0.002038590238772291
0.25,108,-0.00023608639580035092
0.25,109,-0.0007059948077542308
0.25,110,-0.0011316764718506663
0.25,111,-0.0008869892236588639
0.25,112,-0.0008293828827013995
0.25,113,0.0018858426265745362
0.25,114,-0.0009089223863435324
0.25,115,0.0025645837200241293
0.25,116,0.00012609721481404175
0.25,117,-2.776948266625217e-5
0.25,118,-0.002531466260826883
0.25,119,-0.0013316827402304614
0.25,120,-0.0005092982189806167
0.25,121,-0.00019287466145512743
0.25,122,0.0006347881643810058
0.25,123,0.001651244848490384
0.25,124,0.0003286538609488923
0.25,125,-0.001537563035702645
0.25,126,9.831405399889342e-5
0.25,127,4.2467012405996984e-5
0.25,128,-0.0008760656911452109
0.25,129,0.001974055735759264
0.25,130,-0.0015273024169438721
0.25,131,0.0031879588765688096
0.25,132,-0.0003186431136832367
0.25,133,-0.00047433412186354234
0.25,134,-0.0009482436293705168
0.25,135,-7.534179394352699e-5
0.25,136,-0.00018165659665579168
0.25,137,0.0047234746155573855
0.25,138,-0.0002720563689493146
0.25,139,0.00023153758632350177
0.25,140,-0.00034517710285427176
0.25,141,-0.0002902267670524129
0.25,142,0.0007516188665843694
0.25,143,0.0011577649416237117
0.25,144,-0.00019388838516764216
0.25,145,0.002366730293909863
0.25,146,0.0031739702099211086
0.25,147,-0.0016261814605760328
0.25,148,0.0010007152486844703
0.25,149,0.0007701840020114888
0.25,150,-0.0005746946237300515
0.25,151,4.456029174269457e-5
0.25,152,0.0015643047228757266
0.25,153,0.004410503703081499
0.25,154,0.002787620996973417
0.25,155,0.0018993877414117872
0.25,156,-0.0016805469027490352
0.25,157,0.0009638170275413461
0.25,158,0.0021611592081062754
0.25,159,0.0028392548567373267
0.25,160,4.6668024050093197e-5
0.25,161,-0.0003993433610059181
0.25,162,0.0004714203900286686
0.25,163,-0.0038557209508803237
0.25,164,-0.001391854037852683
0.25,165,-0.0010774817835213554
0.25,166,-0.0011664291191455563
0.25,167,8.864992848432499e-5
0.25,168,0.003989848286368715
0.25,169,0.00027140381834086624
0.25,170,0.0010186554370998121
0.25,171,-0.0034778998724716665
0.25,172,-0.0040965640428120955
0.25,173,-0.004280454025229168
0.25,174,-0.002183763384385726
0.25,175,0.001910006648019446
0.25,176,0.00732605076109791
0.25,177,0.005645611215377098
0.25,178,0.004494573348840713
0.25,179,-0.0033941166939358905
0.25,180,-0.0024518721705961465
0.25,181,-0.00038517779685761093
0.25,182,0.000820661524976071
0.25,183,0.0040105504922748215
0.25,184,0.011025083842851485
0.25,185,0.015248030932997784
0.25,186,0.004024176826958824
0.25,187,0.004684566466886102
0.25,188,0.00011159230534335352
0.25,189,0.003755051088714893
0.25,190,0.01737764468019775
0.25,191,-0.017432114007214145
0.25,192,0.26192702116369065
0.25,193,0.007714135139718329
0.25,194,0.0009360340966251081
0.25,195,-0.0028191446456078263
0.25,196,0.0011942899583579152
0.25,197,0.0011788002435234694
0.25,198,0.0011902738977286904
0.26,intercept,0.01200513544192287
0.26,1,0.002373325065731032
0.26,2,0.0022323461915037873
0.26,3,-0.00014370776968023607
0.26,4,0.003654563355766347
0.26,5,-0.0019020510033268792
0.26,6,0.0016961478186977989
0.26,7,0.0021296200484158677
0.26,8,0.002111839298459726
0.26,9,0.001246484843088623
0.26,10,0.000815284961084605
0.26,11,8.952772880705587e-6
0.26,12,-0.0014238344502089692
0.26,13,-0.0006978524204231103
0.26,14,-0.00010175793781328823
0.26,15,0.0008236778897188999
0.26,16,0.0006086393341148434
0.26,17,-0.002020673327336143
0.26,18,0.00047515154803060483
0.26,19,0.0001466248449397866
0.26,20,-0.00204098126296606
0.26,21,0.00043268664625592534
0.26,22,-0.001881344694240921
0.26,23,0.0007334913061860593
0.26,24,-0.001816283241911336
0.26,25,0.0017679114194346262
0.26,26,0.0003158433195362365
0.26,27,-0.0023643123408775293
0.26,28,0.0004037417255613352
0.26,29,-0.0009476165162332497
0.26,30,0.0018611685989190728
0.26,31,0.0010458224227908864
0.26,32,0.00041361812585679155
0.26,33,-0.0013836309772746736
0.26,34,0.0030319048975235366
0.26,35,-0.001298823392641778
0.26,36,-0.0018684377078970588
0.26,37,0.0008448474087624699
0.26,38,0.0008631975370977941
0.26,39,-0.0010944764366986712
0.26,40,-0.0014784255224701856
0.26,41,0.0015939518731525842
0.26,42,0.0011791443367572564
0.26,43,-0.0013749567892339034
0.26,44,0.0010408205686507541
0.26,45,-0.001127748305406278
0.26,46,-0.0005487523010740303
0.26,47,-0.0016058412533465607
0.26,48,0.0014373979702652358
0.26,49,-0.0004771280946385132
0.26,50,0.00024429092910494563
0.26,51,0.00024267802770503458
0.26,52,0.0005003216631613978
0.26,53,0.0012961709213253777
0.26,54,0.0020403456999754394
0.26,55,-0.001179428278473553
0.26,56,0.002052942127115841
0.26,57,0.001872876032499244
0.26,58,0.0016718690376036722
0.26,59,0.001100027826459624
0.26,60,0.0013779553733877445
0.26,61,0.004095030278422418
0.26,62,-0.001025231015150837
0.26,63,0.002350647354464611
0.26,64,-0.0020562037457560367
0.26,65,0.0006751534663295959
0.26,66,0.00038234537244137887
0.26,67,0.000465685151733334
0.26,68,0.0011735001559870074
0.26,69,0.0007792182988996409
0.26,70,-0.0014879487895471878
0.26,71,-0.0012553551769318011
0.26,72,-0.00029659364641709845
0.26,73,-0.001380386070612716
0.26,74,-0.0015301056544241938
0.26,75,-0.00022352051495213587
0.26,76,-0.00017000237664246718
0.26,77,-0.00038090222566593935
0.26,78,-0.0008838362778419477
0.26,79,0.00021227237572165095
0.26,80,-0.00125278853056058
0.26,81,-0.0008676986709517383
0.26,82,-7.14934903001185e-5
0.26,83,0.0020162856217291625
0.26,84,0.001964260712811186
0.26,85,0.003241650099774273
0.26,86,0.002002311901505099
0.26,87,0.0012444309344221327
0.26,88,0.0007796943713614696
0.26,89,-0.0008841942923230964
0.26,90,0.0024656830059376364
0.26,91,-0.00031673731533300937
0.26,92,0.0008663464603088683
0.26,93,0.0015852102266961069
0.26,94,0.0019315174340310544
0.26,95,-0.004092920588034535
0.26,96,0.0005278550374866276
0.26,97,0.002788283580866737
0.26,98,0.0023566406796179475
0.26,99,0.0016589242436661827
0.26,100,0.0005820241907297906
0.26,101,0.0012893810965018588
0.26,102,0.003403416383536208
0.26,103,0.002469436884678941
0.26,104,0.0016584331307451618
0.26,105,0.0016185875848018468
0.26,106,0.002894767642095996
0.26,107,-0.0016108069522685127
0.26,108,-3.6855777830734506e-5
0.26,109,-0.0008412404255149841
0.26,110,-0.0008903435384322348
0.26,111,-0.0010960232335418666
0.26,112,-0.0003824840012021339
0.26,113,0.0015673132793543024
0.26,114,-0.0007786588437475617
0.26,115,0.0021951894274151347
0.26,116,0.000595077095729784
0.26,117,0.00013810994394904515
0.26,118,-0.002791528414075566
0.26,119,-0.0014646927820011998
0.26,120,8.142112297055848e-5
0.26,121,-0.0008394456415015398
0.26,122,0.0002906550869861289
0.26,123,0.0017496860687204862
0.26,124,0.000871202410705602
0.26,125,-0.0024376219131897812
0.26,126,0.0007652874151214082
0.26,127,-3.5244680949182646e-6
0.26,128,-0.0010505492259410922
0.26,129,0.001968588242540729
0.26,130,-0.0012272699411094226
0.26,131,0.002524606840614448
0.26,132,0.0004926380475647677
0.26,133,-0.0008767959270462054
0.26,134,-0.00074884359051656
0.26,135,-8.30671211101352e-5
0.26,136,-0.0006814381759276804
0.26,137,0.004818372278804373
0.26,138,-7.707564932622894e-5
0.26,139,1.554031315228189e-5
0.26,140,0.0002069224877643734
0.26,141,4.9930123934426176e-5
0.26,142,-0.00010311401352051552
0.26,143,0.001802519421610973
0.26,144,-0.0002887712696093992
0.26,145,0.0021424671204219705
0.26,146,0.0034470407419580863
0.26,147,-0.0016916731305253736
0.26,148,0.001053098666087345
0.26,149,0.0007692374733963314
0.26,150,-0.0005807381978383713
0.26,151,-0.0004698237735133853
0.26,152,0.0020304141619045583
0.26,153,0.0036473720950065142
0.26,154,0.0029151605496585678
0.26,155,0.0015897501678165701
0.26,156,-0.0016646519161790203
0.26,157,0.0014387747034478593
0.26,158,0.0016700571820710045
0.26,159,0.002707029926374369
0.26,160,0.0004925790719522235
0.26,161,0.00020896408641650176
0.26,162,0.0003492432678899059
0.26,163,-0.004044746155798452
0.26,164,-0.001126322286491056
0.26,165,-0.0008186470449608547
0.26,166,-0.0010227334524812969
0.26,167,0.00027704699240828866
0.26,168,0.00386066264558783
0.26,169,2.955678543883468e-5
0.26,170,0.0010189431262949986
0.26,171,-0.0030069194201896954
0.26,172,-0.004912943361927809
0.26,173,-0.004029599894426196
0.26,174,-0.0022352227852688793
0.26,175,0.0019637078569548654
0.26,176,0.006982081545053239
0.26,177,0.005797963931806566
0.26,178,0.004788965688511005
0.26,179,-0.0033805107811320295
0.26,180,-0.0028617435721088403
0.26,181,-0.00036943849916490937
0.26,182,0.0010875063331916505
0.26,183,0.0038024856807698797
0.26,184,0.011211603634450841
0.26,185,0.015450188700882985
0.26,186,0.004359554445192318
0.26,187,0.003949273758660236
0.26,188,0.000394984569198784
0.26,189,0.003104703654648656
0.26,190,0.01752004065199349
0.26,191,-0.019553176242085
0.26,192,0.274409477413557
0.26,193,0.007890461870354765
0.26,194,0.001419131648432262
0.26,195,-0.0027386899605127252
0.26,196,0.001189707015147685
0.26,197,0.0010993935027388355
0.26,198,0.0011640929715049605
0.27,intercept,0.011903359516919973
0.27,1,0.0029633038672595186
0.27,2,0.002189793794512227
0.27,3,-0.00010571532195743894
0.27,4,0.003254744047736158
0.27,5,-0.0011376080614835524
0.27,6,0.0007302388784188364
0.27,7,0.0023766690790199365
0.27,8,0.002374551826255588
0.27,9,0.0007869578591586047
0.27,10,0.0009526834723693684
0.27,11,0.00012235599261778535
0.27,12,-0.001622599275037502
0.27,13,-0.0007473189727996571
0.27,14,0.00021520339045858058
0.27,15,0.0012474834207221084
0.27,16,9.92815650706014e-5
0.27,17,-0.002088855560099516
0.27,18,0.0006260632564555463
0.27,19,0.0006770047286997785
0.27,20,-0.0020698378656217797
0.27,21,0.0005369768631986141
0.27,22,-0.002102282591867231
0.27,23,0.0009673673170987096
0.27,24,-0.002561102466498175
0.27,25,0.00198864439523077
0.27,26,0.0006028466987448471
0.27,27,-0.0019142322713909322
0.27,28,-4.065875715560464e-5
0.27,29,-0.0007010116293835738
0.27,30,0.0015720644050249795
0.27,31,0.0007070337878703624
0.27,32,0.0003035890064761108
0.27,33,-0.0002664296926209885
0.27,34,0.0029463534398538023
0.27,35,-0.0010840711954705393
0.27,36,-0.0025459591995659766
0.27,37,0.0010696620969948248
0.27,38,0.0011465128456421448
0.27,39,-0.0010875533462916455
0.27,40,-0.0013641542124330308
0.27,41,0.0013292606413561271
0.27,42,0.0010718415921092562
0.27,43,-0.0012301719323272958
0.27,44,0.0012471841372923417
0.27,45,-0.0013222610133776852
0.27,46,-0.00048551582677544287
0.27,47,-0.0019111445220212633
0.27,48,0.0016962258428272028
0.27,49,-0.00022230685221944995
0.27,50,-0.0001341765125011697
0.27,51,0.00047117504116329776
0.27,52,0.000582020829327564
0.27,53,0.001762287911686419
0.27,54,0.001340121089494829
0.27,55,-0.0010310681602505724
0.27,56,0.00223588357350341
0.27,57,0.0015331857653058372
0.27,58,0.001818844207256216
0.27,59,0.00039076457588451405
0.27,60,0.0022251064312605296
0.27,61,0.003772731531060123
0.27,62,-0.0008864012735355754
0.27,63,0.002577454141266403
0.27,64,-0.0024545208870514887
0.27,65,0.0009962728815838954
0.27,66,0.0005016473006334323
0.27,67,0.0007009759294568352
0.27,68,0.0005179779921953853
0.27,69,0.0010442522793703947
0.27,70,-0.0016168779794503167
0.27,71,-0.0005705702559757359
0.27,72,-0.0012266707350773488
0.27,73,-0.000675623892135218
0.27,74,-0.0016475720034198487
0.27,75,-0.0004979946113167249
0.27,76,-0.0006461336324511704
0.27,77,-9.443082052695874e-5
0.27,78,-0.0013198647881587492
0.27,79,0.0002866026107847734
0.27,80,-0.0015644139499085478
0.27,81,-0.0002742054600136984
0.27,82,-0.000731277180496233
0.27,83,0.0020280190792456286
0.27,84,0.0019654430827233836
0.27,85,0.003228478700122375
0.27,86,0.0017650890887862811
0.27,87,0.0012882510637237676
0.27,88,0.00046257271343671727
0.27,89,-6.129166381454105e-5
0.27,90,0.0023602000052329263
0.27,91,-0.0005405238675751431
0.27,92,0.0007663190644987952
0.27,93,0.0012537879381249038
0.27,94,0.0023534120478378158
0.27,95,-0.004314613241711102
0.27,96,0.0005040753139802397
0.27,97,0.0024870926442983124
0.27,98,0.0023116640046901486
0.27,99,0.0016949462699013223
0.27,100,0.0005135073987096503
0.27,101,0.0012423464094871053
0.27,102,0.00369398949140886
0.27,103,0.0024053582047736033
0.27,104,0.0018898367775214075
0.27,105,0.0012199492514281388
0.27,106,0.0024815049517656175
0.27,107,-0.0009922481686733227
0.27,108,-3.0179645454776592e-5
0.27,109,-0.001065521622123225
0.27,110,-0.0009876996568610635
0.27,111,-0.0014709211401101087
0.27,112,0.00022278041094071126
0.27,113,0.0018883809638550414
0.27,114,-0.0012771887762564483
0.27,115,0.0019997279469405912
0.27,116,0.000655778581657693
0.27,117,0.0003069326530848791
0.27,118,-0.0031635800896695236
0.27,119,-0.0010781378992372802
0.27,120,-0.00014878132613554515
0.27,121,-0.0008982075427091884
0.27,122,0.0006858383171547044
0.27,123,0.0020387667878150324
0.27,124,0.0009383287851325173
0.27,125,-0.0022937721072616326
0.27,126,0.00096952243047114
0.27,127,-0.0001093735008660073
0.27,128,-0.0010397067428631313
0.27,129,0.0016097420338418997
0.27,130,-0.0010814413878964444
0.27,131,0.0022898607086900436
0.27,132,0.0005861445428691368
0.27,133,-0.0010285123300170515
0.27,134,-0.0008713155457771016
0.27,135,0.000508634565284723
0.27,136,-0.0010074678126433137
0.27,137,0.004509597172382935
0.27,138,0.00012575964621207333
0.27,139,0.0001372670095584463
0.27,140,0.0006574827299532937
0.27,141,-0.00014046655997193572
0.27,142,-0.0003813163666594735
0.27,143,0.0015712505553817438
0.27,144,0.00014679224077498505
0.27,145,0.0015740605545753986
0.27,146,0.004037043948455557
0.27,147,-0.0018053264326414918
0.27,148,0.0012130894108896915
0.27,149,0.0005837096549890324
0.27,150,-0.0004995029557033837
0.27,151,-0.0006051939178805471
0.27,152,0.0020852549667628732
0.27,153,0.003315691743788481
0.27,154,0.0025762873817211274
0.27,155,0.0015320469131713454
0.27,156,-0.0014280804791922015
0.27,157,0.0010153238818774856
0.27,158,0.0014934477192259626
0.27,159,0.002813129638119819
0.27,160,0.00045220631255648094
0.27,161,0.00028334081425657024
0.27,162,0.000495823554924974
0.27,163,-0.0039873421283597036
0.27,164,-0.0009701949813310898
0.27,165,5.126488125875344e-5
0.27,166,-0.0010159047451434769
0.27,167,5.6972407291148866e-6
0.27,168,0.0037199416554824904
0.27,169,0.00010938953197552166
0.27,170,0.001126482533010208
0.27,171,-0.0024301531275321532
0.27,172,-0.005204779847647106
0.27,173,-0.003920454819424524
0.27,174,-0.0022711125254298724
0.27,175,0.001883245152428319
0.27,176,0.007069623405582477
0.27,177,0.00579286028458414
0.27,178,0.005200306145276325
0.27,179,-0.0034981616782527223
0.27,180,-0.0021632780040845576
0.27,181,-0.0002049202183771773
0.27,182,0.0008196381346441263
0.27,183,0.0034983152209586365
0.27,184,0.01101012250322779
0.27,185,0.015972963541556855
0.27,186,0.004691020997378768
0.27,187,0.003915518969345772
0.27,188,-7.346720839051057e-5
0.27,189,0.0031495622529651344
0.27,190,0.01695409686238971
0.27,191,-0.022244451380370286
0.27,192,0.2876881800757229
0.27,193,0.007982604982005159
0.27,194,0.0025473084666821667
0.27,195,-0.002748921757629908
0.27,196,0.0011547890263845844
0.27,197,0.0011155405473524949
0.27,198,0.0011570142288381182
0.28,intercept,0.01191540389763397
0.28,1,0.002952222296028689
0.28,2,0.002540822284155367
0.28,3,-0.0006189401901893148
0.28,4,0.003356121448179082
0.28,5,-0.0009277000110843726
0.28,6,0.00040089945215792685
0.28,7,0.002485691634463298
0.28,8,0.002397414138520987
0.28,9,0.0005284880447014662
0.28,10,0.0009406684124643093
0.28,11,0.0003435517255253919
0.28,12,-0.0013070027513361713
0.28,13,-0.00121565213096851
0.28,14,1.6971653258009265e-5
0.28,15,0.0012271287521240751
0.28,16,-0.00012308157079943263
0.28,17,-0.0017340647590285835
0.28,18,0.0003073517257758761
0.28,19,0.0009425797901925398
0.28,20,-0.002302232278427069
0.28,21,0.0004023272959036028
0.28,22,-0.0018960917710705606
0.28,23,0.0010622846616664334
0.28,24,-0.0027322981632108482
0.28,25,0.00194178803151155
0.28,26,0.0011055869418601855
0.28,27,-0.0025232806602801727
0.28,28,5.370223971578412e-5
0.28,29,-0.0006866077496074901
0.28,30,0.0012419958688792774
0.28,31,0.0004412344573111494
0.28,32,0.00022681999638993937
0.28,33,-3.7370212289583654e-5
0.28,34,0.0025277449073097067
0.28,35,-0.0008060336083387079
0.28,36,-0.002833817436979005
0.28,37,0.0017224213798106957
0.28,38,0.0009200535321699859
0.28,39,-0.001239423850657343
0.28,40,-0.001158060345569961
0.28,41,0.0012419472472749464
0.28,42,0.0011501212493976376
0.28,43,-0.0014837844647545596
0.28,44,0.0014274116586813054
0.28,45,-0.00121827325734475
0.28,46,-0.00037349216192374417
0.28,47,-0.002579781397390048
0.28,48,0.0020253453339244692
0.28,49,0.00031109810662129404
0.28,50,-8.523812633169818e-5
0.28,51,0.0001409025287276515
0.28,52,0.0007798934051640222
0.28,53,0.001618365527812852
0.28,54,0.001186938466523436
0.28,55,-0.0006400568746299874
0.28,56,0.001739715570075677
0.28,57,0.0020039071311891404
0.28,58,0.0020670976459921365
0.28,59,-5.977848129956229e-6
0.28,60,0.001521898996069427
0.28,61,0.0046369705523713325
0.28,62,-0.0010126949063962779
0.28,63,0.002792116528865226
0.28,64,-0.0029262423676982697
0.28,65,0.0010302142770046458
0.28,66,0.000280755055508282
0.28,67,0.0012987555223162072
0.28,68,9.490220435793245e-6
0.28,69,0.0012661138395353203
0.28,70,-0.0018048376988174552
0.28,71,-7.888372336960742e-5
0.28,72,-0.0015932559965082748
0.28,73,-0.00041967480880174415
0.28,74,-0.001128394590913705
0.28,75,-0.00034147245440760524
0.28,76,-0.00045667232700137523
0.28,77,-0.0005858403240988558
0.28,78,-0.0010257457985991805
0.28,79,0.0005677124075041906
0.28,80,-0.001887242954415483
0.28,81,0.00018052677189992036
0.28,82,-0.001076004016831918
0.28,83,0.0023319585660997633
0.28,84,0.001238450744406737
0.28,85,0.00357462180649667
0.28,86,0.0010864435509504694
0.28,87,0.0013258755574024777
0.28,88,0.0003268756498789405
0.28,89,0.00026889809548040635
0.28,90,0.00213058882109897
0.28,91,-0.0005660896860177061
0.28,92,0.0006378734672943829
0.28,93,0.0012391990023469595
0.28,94,0.0022239965299689036
0.28,95,-0.004553856829606763
0.28,96,0.0007711771173187061
0.28,97,0.0020897884268350135
0.28,98,0.0027376507808989296
0.28,99,0.0018530168165057739
0.28,100,0.00023976021105157443
0.28,101,0.0014515813210362026
0.28,102,0.0034041407455007743
0.28,103,0.0023542754658139515
0.28,104,0.0020696667406466525
0.28,105,0.0012728905726320946
0.28,106,0.0021371345680998347
0.28,107,-0.0008167744928046854
0.28,108,-0.00042499881980579383
0.28,109,-0.0008930855501488639
0.28,110,-0.0012792280982129557
0.28,111,-0.0006139912220842625
0.28,112,-0.00010874779473295408
0.28,113,0.0020816282840357995
0.28,114,-0.001719546038935049
0.28,115,0.0021051273288539645
0.28,116,0.00022133232494655607
0.28,117,0.0005924467259167669
0.28,118,-0.0033160220571624498
0.28,119,-0.0009192603924695991
0.28,120,-0.00020027848125798252
0.28,121,-0.0009902826424444515
0.28,122,0.0010076505291390769
0.28,123,0.0017360903485498847
0.28,124,0.0010841505242154838
0.28,125,-0.0015664181184634246
0.28,126,0.0009344819303448305
0.28,127,-0.00018435706505711197
0.28,128,-0.0008576372185877165
0.28,129,0.0012695509761006087
0.28,130,-0.0007484484306889372
0.28,131,0.0019350875078807935
0.28,132,0.0012829319432608199
0.28,133,-0.0015600733544987122
0.28,134,-0.0007817136880929568
0.28,135,0.0004913570909143903
0.28,136,-0.0011094404210306092
0.28,137,0.0042066480939248205
0.28,138,-0.00021022799562642205
0.28,139,0.0005941461141247158
0.28,140,0.00039503509154899724
0.28,141,-0.00046031202315496264
0.28,142,-0.00025293051292785623
0.28,143,0.0017944351322950229
0.28,144,-0.0005453379161004517
0.28,145,0.001906929791309215
0.28,146,0.0038582474846403556
0.28,147,-0.0012156880001847083
0.28,148,0.0010456223962014898
0.28,149,0.0004527401085233968
0.28,150,-0.00046215580725887635
0.28,151,-0.0005487037603036283
0.28,152,0.0017140874902642753
0.28,153,0.0034256434090829827
0.28,154,0.0024227889694867187
0.28,155,0.0016272159733176686
0.28,156,-0.0013448775751943502
0.28,157,0.0007488133338582846
0.28,158,0.001699085692262312
0.28,159,0.0024144239913300863
0.28,160,0.0009780735629170926
0.28,161,-2.5836416170251843e-5
0.28,162,0.00035747084472400903
0.28,163,-0.004192665634193862
0.28,164,-0.001093688882554035
0.28,165,-7.109632287756706e-6
0.28,166,-0.0009887898526906886
0.28,167,-0.0001279236950820585
0.28,168,0.003370648071993313
0.28,169,0.0004714213403271342
0.28,170,0.0011548047045811768
0.28,171,-0.0019811755891427454
0.28,172,-0.005940426953736215
0.28,173,-0.00287136925161676
0.28,174,-0.002837407377032365
0.28,175,0.0017468114156725864
0.28,176,0.007480863572148131
0.28,177,0.00552929178020494
0.28,178,0.005575747567017591
0.28,179,-0.003297380185571389
0.28,180,-0.0030539489853173975
0.28,181,0.0003212800652447512
0.28,182,0.0007415123637267318
0.28,183,0.0030189037210183764
0.28,184,0.011906529461775828
0.28,185,0.015863876205630748
0.28,186,0.005302565394889634
0.28,187,0.0032405902434711744
0.28,188,5.710876768483272e-5
0.28,189,0.0024053000049666026
0.28,190,0.01631050037317739
0.28,191,-0.022595144760747303
0.28,192,0.30243987324749266
0.28,193,0.00774654574911952
0.28,194,0.002584660186167332
0.28,195,-0.0027331522293326037
0.28,196,0.0011026054112708347
0.28,197,0.001104912955265741
0.28,198,0.0011123584792934779
0.29,intercept,0.01198512416081427
0.29,1,0.0033315323025313814
0.29,2,0.0024296404280101116
0.29,3,-0.0010547172330071537
0.29,4,0.003986633887671087
0.29,5,-0.0013873578148349151
0.29,6,0.0004814156101807396
0.29,7,0.002427310795762613
0.29,8,0.0026410573675643076
0.29,9,0.0001137097545772653
0.29,10,0.0011688994281357967
0.29,11,0.0002952703822681897
0.29,12,-0.0012897373894420797
0.29,13,-0.0017474389451768828
0.29,14,-6.137156961444497e-5
0.29,15,0.0008628680766283419
0.29,16,0.00036474201601342077
0.29,17,-0.0017067401544766125
0.29,18,0.000374970227341452
0.29,19,0.0011178351803651852
0.29,20,-0.00276770087788166
0.29,21,0.000382225688032651
0.29,22,-0.0013738897643179335
0.29,23,0.0006583291989203678
0.29,24,-0.0023886548736692225
0.29,25,0.0021516064043506696
0.29,26,0.0012218687768071777
0.29,27,-0.0031279445183984025
0.29,28,-0.0003103027699210329
0.29,29,-0.00044283191810530107
0.29,30,0.001062350980634843
0.29,31,0.001048039355481299
0.29,32,-0.00022372065455557777
0.29,33,0.0006028454261898369
0.29,34,0.0019488367430200405
0.29,35,-0.0005885072184336797
0.29,36,-0.0029981720154194434
0.29,37,0.0016407183219738469
0.29,38,0.0008955167144409172
0.29,39,-0.0008377599713533327
0.29,40,-0.0012308049222593677
0.29,41,0.0011367283373921952
0.29,42,0.0011209135361600019
0.29,43,-0.001342676573680354
0.29,44,0.0013813554503857863
0.29,45,-0.0008621799998915156
0.29,46,-0.0003884048875653784
0.29,47,-0.0027801547861260843
0.29,48,0.0015388836495848263
0.29,49,0.0012768842871010916
0.29,50,-0.0006492085285399974
0.29,51,-0.00021944122651508516
0.29,52,0.0009070537493553823
0.29,53,0.0016252205387900056
0.29,54,0.0013525279905913013
0.29,55,-0.001200913715486136
0.29,56,0.0022114841249862836
0.29,57,0.0019652977845107584
0.29,58,0.001913734963540355
0.29,59,0.00020639749956848555
0.29,60,0.0011500118691110729
0.29,61,0.004489803263313357
0.29,62,-0.0010683952382129888
0.29,63,0.0034223159107079106
0.29,64,-0.003057787309525496
0.29,65,0.0013817332668581404
0.29,66,0.00026431759529499724
0.29,67,0.0013750569732260054
0.29,68,-0.00035453104460331236
0.29,69,0.0017790028997705424
0.29,70,-0.0021833028792428107
0.29,71,-3.814151241413061e-5
0.29,72,-0.0018891607243309394
0.29,73,-0.000181772873517061
0.29,74,-0.0010978108809806568
0.29,75,-0.0004783376083635945
0.29,76,-0.00023953928061576864
0.29,77,-0.0005345749448769191
0.29,78,-0.0009744471648658659
0.29,79,0.0002988139704068209
0.29,80,-0.0016082277472234542
0.29,81,0.0002774862215638527
0.29,82,-0.001081039360674269
0.29,83,0.0023452624361807615
0.29,84,0.0009682878229223753
0.29,85,0.003871140777069833
0.29,86,0.0004690110961984065
0.29,87,0.0015469805433976776
0.29,88,-0.0002300816122504965
0.29,89,0.0007364198852507645
0.29,90,0.002126913012089348
0.29,91,-0.000353609797502772
0.29,92,0.00010293731259301016
0.29,93,0.0012503871664489023
0.29,94,0.0023209534033447844
0.29,95,-0.004946384373295197
0.29,96,0.0008673841674731684
0.29,97,0.0019130367761795617
0.29,98,0.0029211411175145857
0.29,99,0.002308428279994194
0.29,100,-0.00024596552182316406
0.29,101,0.0017642742298138924
0.29,102,0.0033038336750550513
0.29,103,0.002017200203518317
0.29,104,0.002392781526450363
0.29,105,0.001283947614259021
0.29,106,0.0017855194139280838
0.29,107,-0.0006576797422027767
0.29,108,-0.0008418854488594416
0.29,109,-0.0007878325111567577
0.29,110,-0.0015975198337767904
0.29,111,-0.0009631540800496758
0.29,112,0.0003307008564489126
0.29,113,0.0019022526138193735
0.29,114,-0.0016128850390500903
0.29,115,0.0021276621641378624
0.29,116,0.0005218605085663267
0.29,117,0.00045563229671402664
0.29,118,-0.0035239906581143506
0.29,119,-0.0010873010299299584
0.29,120,-5.985829660284451e-5
0.29,121,-0.0011482254943962192
0.29,122,0.0009796821468798112
0.29,123,0.0023198891223702098
0.29,124,0.0007984554669269958
0.29,125,-0.0014659099180948276
0.29,126,0.0014352239892461661
0.29,127,-0.00022060082847010341
0.29,128,-0.0010415171529134743
0.29,129,0.0011429573062926106
0.29,130,-0.0006016363465410957
0.29,131,0.0016544665423026408
0.29,132,0.0018287151019988318
0.29,133,-0.0017320872930179632
0.29,134,-0.0011352005065241697
0.29,135,0.0006212905939407006
0.29,136,-0.0010138842035372392
0.29,137,0.004051933466849307
0.29,138,-0.0002990051418645126
0.29,139,0.0009626828756749759
0.29,140,0.0002850707486540307
0.29,141,-0.0005489852407154285
0.29,142,-2.2765575827469186e-5
0.29,143,0.0018031076163872374
0.29,144,-0.00043879236299391213
0.29,145,0.001807601850257126
0.29,146,0.003950689609373408
0.29,147,-0.0014665672563916477
0.29,148,0.0013230960152631596
0.29,149,0.0005053381632650245
0.29,150,-0.0011333986278449038
0.29,151,-0.0003761559946084575
0.29,152,0.0019413588053460475
0.29,153,0.0032195623252248453
0.29,154,0.0023540248414200414
0.29,155,0.0015928792563619332
0.29,156,-0.0015171182925400764
0.29,157,0.0007293261421357711
0.29,158,0.0015638786130931727
0.29,159,0.0018429460227414993
0.29,160,0.001366625038205765
0.29,161,7.588334739905373e-5
0.29,162,0.0004598485640289183
0.29,163,-0.0037711627827983147
0.29,164,-0.0015650630264001603
0.29,165,0.00027558901579962866
0.29,166,-0.0010629898158453395
0.29,167,-0.00011027007609670248
0.29,168,0.003012104183362518
0.29,169,0.0007689809786428802
0.29,170,0.0013270821140466198
0.29,171,-0.0016266084764660063
0.29,172,-0.006093857337581352
0.29,173,-0.003219052825005826
0.29,174,-0.0023289101223331454
0.29,175,0.0010942712371567523
0.29,176,0.007579778570461031
0.29,177,0.005757578016637235
0.29,178,0.0055520059146227105
0.29,179,-0.003442758400974297
0.29,180,-0.002804731684022827
0.29,181,-0.00038004090892107024
0.29,182,0.0004526485302128846
0.29,183,0.0034286242042158932
0.29,184,0.011881345378958108
0.29,185,0.015568497224387507
0.29,186,0.005798509319835625
0.29,187,0.002808088958212235
0.29,188,-2.3202108642851083e-5
0.29,189,0.0023747822835611786
0.29,190,0.016475176176702116
0.29,191,-0.02462852863714785
0.29,192,0.31460999174935567
0.29,193,0.007601522613948667
0.29,194,0.0022895930968207306
0.29,195,-0.0027043456730750613
0.29,196,0.0010244471401529805
0.29,197,0.0010870054665861172
0.29,198,0.001113171958208661
0.3,intercept,0.012022687497724496
0.3,1,0.003741165065267871
0.3,2,0.0020777764223847053
0.3,3,-0.000568181757417557
0.3,4,0.003530796749168456
0.3,5,-0.0013295413734039693
0.3,6,0.0009580834501095788
0.3,7,0.0022459613958925153
0.3,8,0.002562493513494489
0.3,9,0.00018649799811478143
0.3,10,0.0009264158757564325
0.3,11,0.00044504710070547056
0.3,12,-0.0010720655444538202
0.3,13,-0.001216583350211025
0.3,14,-0.0007999906854396485
0.3,15,0.001280133897293647
0.3,16,0.0005216670514235896
0.3,17,-0.002453303908825827
0.3,18,0.0006522676095765266
0.3,19,0.0010287770377949033
0.3,20,-0.0023174289481074427
0.3,21,0.00025089174573457776
0.3,22,-0.001058500999628125
0.3,23,0.0007005497057206643
0.3,24,-0.002281726407927642
0.3,25,0.002073144927119286
0.3,26,0.0012116621932898735
0.3,27,-0.0034465011102988606
0.3,28,0.00016199676900871104
0.3,29,-0.0007190056303159524
0.3,30,0.000677572335730843
0.3,31,0.0013963442092374402
0.3,32,-7.552146042554887e-5
0.3,33,0.00045186249276227725
0.3,34,0.0016435924688170196
0.3,35,-0.0005500948213157478
0.3,36,-0.002455042354377479
0.3,37,0.0013308950334753702
0.3,38,0.0008956414534138714
0.3,39,-0.00014562325086309971
0.3,40,-0.0014698602380926588
0.3,41,0.0016349500349682048
0.3,42,0.000523080016381033
0.3,43,-0.001294543829994724
0.3,44,0.001092520853061336
0.3,45,-0.0009534457346785779
0.3,46,-0.0003622608234602255
0.3,47,-0.002432210713305082
0.3,48,0.0015918442286111157
0.3,49,0.00098456864929729
0.3,50,-0.0004547247620774529
0.3,51,-0.0006309606444290502
0.3,52,0.001265023900939547
0.3,53,0.0017303603681944335
0.3,54,0.0013164014238874753
0.3,55,-0.0010164728121384858
0.3,56,0.002294687927451124
0.3,57,0.0021256948367704208
0.3,58,0.0017462454261665714
0.3,59,0.0003177175866286242
0.3,60,0.002053952391808022
0.3,61,0.003803958183227465
0.3,62,-0.0007267315685510361
0.3,63,0.0033142321284099427
0.3,64,-0.003352616365099725
0.3,65,0.0017130122296705468
0.3,66,-0.00018588439316175826
0.3,67,0.0011040976466570153
0.3,68,-0.0004452206262840429
0.3,69,0.001978684348552572
0.3,70,-0.002384165870305655
0.3,71,-5.149701101801394e-5
0.3,72,-0.002198992058707263
0.3,73,-1.4460714419387254e-5
0.3,74,-0.0011969206276107086
0.3,75,9.738232809515666e-6
0.3,76,-0.0004990365368767588
0.3,77,-0.0005191715156601668
0.3,78,-0.0010492112439461874
0.3,79,0.00015210891979359814
0.3,80,-0.0008629772670220313
0.3,81,0.00013832574111586723
0.3,82,-0.0010049293500289538
0.3,83,0.002265350719707887
0.3,84,0.0006999820542170767
0.3,85,0.0042482079832042476
0.3,86,0.0011094163737776692
0.3,87,0.0007178434190043421
0.3,88,4.3777462648543246e-5
0.3,89,0.00045145889966855516
0.3,90,0.0018496662757592967
0.3,91,0.00038440049102201007
0.3,92,-0.0004054563954553506
0.3,93,0.001332062040817833
0.3,94,0.0021902064685536465
0.3,95,-0.005019577192640854
0.3,96,0.0009718083336142331
0.3,97,0.0023858697870616542
0.3,98,0.002894592576858552
0.3,99,0.002248351766005021
0.3,100,4.5581776402074186e-5
0.3,101,0.001608003709981051
0.3,102,0.0029595882480857177
0.3,103,0.0023886469303664717
0.3,104,0.0018736321694738242
0.3,105,0.001408151460611572
0.3,106,0.0019078346076071581
0.3,107,-0.000796284362130393
0.3,108,-0.0004704857825014199
0.3,109,-0.0009382993749357999
0.3,110,-0.0015679566456579036
0.3,111,-0.0010092242984285405
0.3,112,4.745065317156865e-5
0.3,113,0.002079126496619206
0.3,114,-0.0018531921769387523
0.3,115,0.0027295883501469
0.3,116,0.0003217286431624955
0.3,117,0.0006521162825802855
0.3,118,-0.003608349115505974
0.3,119,-0.0009705699041374331
0.3,120,-0.000222520293790589
0.3,121,-0.0015744688665280334
0.3,122,0.0014979363929773198
0.3,123,0.0024896091669222797
0.3,124,0.00028248518486152416
0.3,125,-0.0016723605666142901
0.3,126,0.002062824345254978
0.3,127,-0.0007156213512305785
0.3,128,-0.0009553600934034543
0.3,129,0.0011110154168902462
0.3,130,-0.0002571691821184725
0.3,131,0.0013306723284708625
0.3,132,0.0013687906334318748
0.3,133,-0.001383241641165973
0.3,134,-0.0012183817303880152
0.3,135,0.0008728695997795836
0.3,136,-0.0016882707758529964
0.3,137,0.004322729857866893
0.3,138,-0.0001245207969383169
0.3,139,0.0006357052277204524
0.3,140,9.990864851182843e-5
0.3,141,-0.00014763678281182687
0.3,142,-0.00013484849560192305
0.3,143,0.0015818665360062204
0.3,144,-0.0001948699145061216
0.3,145,0.0017829914260627515
0.3,146,0.003573497970713949
0.3,147,-0.0017304587794666464
0.3,148,0.0010838441052149453
0.3,149,0.0005231324396589588
0.3,150,-0.0008349733329254302
0.3,151,-0.0002573152634839868
0.3,152,0.001448050028335116
0.3,153,0.002989580751369704
0.3,154,0.002776719972939138
0.3,155,0.0015693403314232315
0.3,156,-0.0017180159304499706
0.3,157,0.0014598524757897292
0.3,158,0.00132472621012703
0.3,159,0.0015492652966588977
0.3,160,0.0014677027438345465
0.3,161,-0.00011678594639341867
0.3,162,0.000788488272835771
0.3,163,-0.0036405086594033255
0.3,164,-0.0017437539751082283
0.3,165,0.0004160509739290585
0.3,166,-0.000993622984017095
0.3,167,-0.0003011422348195231
0.3,168,0.003039835967172761
0.3,169,0.0008496425466806123
0.3,170,0.0008880284551536359
0.3,171,-0.0009778183466408231
0.3,172,-0.006564547379870389
0.3,173,-0.0030066387819058923
0.3,174,-0.0021192869990739518
0.3,175,0.000805728775568189
0.3,176,0.007729730812941607
0.3,177,0.005294577725062633
0.3,178,0.005731639434098958
0.3,179,-0.003554908477786498
0.3,180,-0.0029991125611601834
0.3,181,-0.0002163608578793823
0.3,182,6.050929616443004e-5
0.3,183,0.0034359928990756934
0.3,184,0.011445813196144
0.3,185,0.016115818896259508
0.3,186,0.006008264018266961
0.3,187,0.002380938750349384
0.3,188,-0.0002370078567777497
0.3,189,0.0020355979467791305
0.3,190,0.017342505251724018
0.3,191,-0.025281820050310117
0.3,192,0.32349992156288493
0.3,193,0.007115502323050934
0.3,194,0.0024724382684458727
0.3,195,-0.002703971681779255
0.3,196,0.001042709298846065
0.3,197,0.0010446245576257135
0.3,198,0.0010882806846385495
0.31,intercept,0.012104918872505062
0.31,1,0.003764883948016407
0.31,2,0.0012641515908781795
0.31,3,0.00040450093622223875
0.31,4,0.003012827782201476
0.31,5,-0.0017491607814825326
0.31,6,0.0012107237691265122
0.31,7,0.0017955263051871529
0.31,8,0.0024229690000224335
0.31,9,-3.524689711971613e-7
0.31,10,0.0010201575673140432
0.31,11,9.800704038699422e-5
0.31,12,-0.0006135493731585731
0.31,13,-0.0007928783793191426
0.31,14,-0.0006763942501337
0.31,15,0.0016217389380273808
0.31,16,0.00018903182300774438
0.31,17,-0.0022789255660308045
0.31,18,0.0006066416430016557
0.31,19,0.0009016584642406808
0.31,20,-0.002330448785631867
0.31,21,0.00013228647530250803
0.31,22,-0.0007416620721841129
0.31,23,0.0006033348981427214
0.31,24,-0.002712699679502769
0.31,25,0.002326305758352417
0.31,26,0.0011565913571803727
0.31,27,-0.0036840587646872055
0.31,28,0.00018098366570534142
0.31,29,-0.0007885412992601688
0.31,30,0.0008810077254098439
0.31,31,0.0006019325125835813
0.31,32,0.0009971413070344888
0.31,33,8.730977348280198e-5
0.31,34,0.0014184541297735274
0.31,35,-0.0006198694634627155
0.31,36,-0.002120226515839713
0.31,37,0.0009726314137053588
0.31,38,0.0012454222676056674
0.31,39,-0.0001604963468154076
0.31,40,-0.0014217789806029708
0.31,41,0.0018297417466390986
0.31,42,0.0002544013494322635
0.31,43,-0.001193464081467102
0.31,44,0.0010746836558765994
0.31,45,-0.0011258993157954244
0.31,46,-0.00040067690009459693
0.31,47,-0.0021508780350509428
0.31,48,0.0014461988740286523
0.31,49,0.0009928938534727147
0.31,50,-0.0005735517253311043
0.31,51,-0.0008904407945686245
0.31,52,0.0015305284754723947
0.31,53,0.0016969289799224278
0.31,54,0.0014371021616265093
0.31,55,-0.0012234772021972316
0.31,56,0.0019720673529466976
0.31,57,0.0023054042928483936
0.31,58,0.0017819625426981729
0.31,59,0.0008036570492527737
0.31,60,0.0017551765713595142
0.31,61,0.0037215610525389155
0.31,62,-0.0008417650897268633
0.31,63,0.003457629340912746
0.31,64,-0.0034519906874316197
0.31,65,0.0016641178993463093
0.31,66,-0.00015102879160834777
0.31,67,0.0009620301171670751
0.31,68,-0.00022979792111583027
0.31,69,0.0018536360950635238
0.31,70,-0.0022389573779110724
0.31,71,-0.00015122822278441981
0.31,72,-0.0023281783299196096
0.31,73,3.461369217939061e-5
0.31,74,-0.0009181879372098793
0.31,75,-0.0003832897080819623
0.31,76,-0.0005062037484068004
0.31,77,-0.0007257989241320322
0.31,78,-0.0009919610612448056
0.31,79,0.00034297519825955626
0.31,80,-0.0005191227797462512
0.31,81,-0.00024560012559510567
0.31,82,-0.0008709206665010814
0.31,83,0.0018538228397921854
0.31,84,0.0006174974375396642
0.31,85,0.004385348050018779
0.31,86,0.001028283454099893
0.31,87,0.0006148042820997647
0.31,88,-1.4693240487943253e-5
0.31,89,0.0003220076573719994
0.31,90,0.001463056193922735
0.31,91,0.00108148871845228
0.31,92,-0.0014486681317677466
0.31,93,0.0016594319316521771
0.31,94,0.0017547123536937933
0.31,95,-0.004260268733468949
0.31,96,-1.748782128709937e-5
0.31,97,0.0032952666771568382
0.31,98,0.002691827717342668
0.31,99,0.0029800533281980034
0.31,100,-1.1223167261988894e-5
0.31,101,0.0013367203544350584
0.31,102,0.003490619536860111
0.31,103,0.0023079348620943744
0.31,104,0.00175892892527298
0.31,105,0.0017731923664564796
0.31,106,0.0023229676719341906
0.31,107,-0.0012329898536526927
0.31,108,-0.0003176245167640759
0.31,109,-0.0012988956482624075
0.31,110,-0.0016236032273388883
0.31,111,-0.0005903612980427643
0.31,112,-4.7321718129850267e-5
0.31,113,0.0017905671948928398
0.31,114,-0.0023595603406640926
0.31,115,0.0029919874098018333
0.31,116,0.0006748312681312117
0.31,117,0.00012517065938263088
0.31,118,-0.0034766487926835804
0.31,119,-0.0009889226518897101
0.31,120,-0.0001666657241958538
0.31,121,-0.0017048875905968039
0.31,122,0.0015474743848860513
0.31,123,0.0020640772068892424
0.31,124,0.000564369067903772
0.31,125,-0.001709345669102809
0.31,126,0.0025098266535752162
0.31,127,-0.001206172970180965
0.31,128,-0.0009578082354995803
0.31,129,0.0007434737561614152
0.31,130,-0.00021006192676228984
0.31,131,0.001551365699170191
0.31,132,0.0010531925267438993
0.31,133,-0.0013939022830941055
0.31,134,-0.00111726320867494
0.31,135,0.0012022033648990938
0.31,136,-0.0014880520204916543
0.31,137,0.0038266388495828904
0.31,138,0.0003675862313511827
0.31,139,-3.185940481926645e-5
0.31,140,0.00036594446162579265
0.31,141,0.00033373636553736134
0.31,142,-0.0005274475697000117
0.31,143,0.0019541662668537277
0.31,144,-0.0004919656121741275
0.31,145,0.0017836382583817612
0.31,146,0.0034010659940437223
0.31,147,-0.0016454063993456506
0.31,148,0.0012220352666110477
0.31,149,0.00015650377677241888
0.31,150,0.00010017769066316904
0.31,151,-0.0007440089628435494
0.31,152,0.0014026055649944114
0.31,153,0.0030578367904293773
0.31,154,0.002138559237489488
0.31,155,0.00203148337261866
0.31,156,-0.0019655559445757253
0.31,157,0.0013484435441999225
0.31,158,0.0015141909772355445
0.31,159,0.0012006598282541282
0.31,160,0.001283613539149812
0.31,161,0.0005717701990555948
0.31,162,0.0003533067757822951
0.31,163,-0.003465174140740369
0.31,164,-0.002333003067143521
0.31,165,0.0003768788570499372
0.31,166,-0.0008223773561458486
0.31,167,-0.00021049173147194813
0.31,168,0.0032078609818367286
0.31,169,0.0003572669918260095
0.31,170,0.0013818421945300482
0.31,171,-0.0010720907565106947
0.31,172,-0.006666643907423032
0.31,173,-0.0031752499893323008
0.31,174,-0.0017725680867439503
0.31,175,0.0006312584228276792
0.31,176,0.007856112820705221
0.31,177,0.0044824120272504995
0.31,178,0.00598490887966293
0.31,179,-0.0033382654925566664
0.31,180,-0.002386533743318485
0.31,181,3.819937356946488e-5
0.31,182,-0.0005037354382844919
0.31,183,0.00356637704460233
0.31,184,0.01071598311278023
0.31,185,0.017347925350248043
0.31,186,0.006004903448860796
0.31,187,0.0032303826770470495
0.31,188,-0.0005566971399172281
0.31,189,0.0025142709447186643
0.31,190,0.0169645638923739
0.31,191,-0.026432516422739475
0.31,192,0.334627203580653
0.31,193,0.006655689538441243
0.31,194,0.002241421138444221
0.31,195,-0.002654017748998434
0.31,196,0.0010105378011554715
0.31,197,0.0010468629327168074
0.31,198,0.0010802826558946122
0.32,intercept,0.012083059277514486
0.32,1,0.0034644610459510024
0.32,2,0.0014954725323174586
0.32,3,0.0009401021353551993
0.32,4,0.0029396741350508327
0.32,5,-0.00190420678333863
0.32,6,0.001294556750962497
0.32,7,0.0018225995885568704
0.32,8,0.00202480735474796
0.32,9,-0.00022097610636130378
0.32,10,0.0014468271824973995
0.32,11,-0.0002732074527774172
0.32,12,-0.0001824442997582302
0.32,13,-0.0012289710062673824
0.32,14,-0.0006465571720442316
0.32,15,0.0016575523395049162
0.32,16,0.00023180515861853708
0.32,17,-0.001371157059130546
0.32,18,0.000795982786778848
0.32,19,0.00023896984850640824
0.32,20,-0.002259822012480773
0.32,21,0.0003934488437577042
0.32,22,-0.000651665208115565
0.32,23,0.0002607434617447722
0.32,24,-0.002122967434744603
0.32,25,0.0021925463959840625
0.32,26,0.0014320824976709534
0.32,27,-0.004317872241873011
0.32,28,0.000232410283663446
0.32,29,-0.0008673706341494858
0.32,30,0.0007366995427675999
0.32,31,0.0001040211125324074
0.32,32,0.0018670628038207784
0.32,33,-0.0007352228806211572
0.32,34,0.002329781343126397
0.32,35,-0.0011285253252359254
0.32,36,-0.0018393091510604588
0.32,37,0.0009567982511180214
0.32,38,0.0013162098780007223
0.32,39,0.0004045876441291671
0.32,40,-0.001836722731064499
0.32,41,0.0019656673398193015
0.32,42,0.0008967234786030446
0.32,43,-0.0017454302819801559
0.32,44,0.001125691073988578
0.32,45,-0.0011462520476877667
0.32,46,-9.00362660442377e-5
0.32,47,-0.0023788276849778397
0.32,48,0.0012642634575981584
0.32,49,0.001127540811330247
0.32,50,-0.00068336525386601
0.32,51,-0.0012648200319306366
0.32,52,0.0015973406374948551
0.32,53,0.002217636052137172
0.32,54,0.001349919748523879
0.32,55,-0.0018166141664930817
0.32,56,0.002233373582267385
0.32,57,0.001740445244929898
0.32,58,0.001828447162351073
0.32,59,0.0012735238066000818
0.32,60,0.001372207917414228
0.32,61,0.003645322427737521
0.32,62,-0.0006144607851557775
0.32,63,0.0033303541174604405
0.32,64,-0.003939953222797569
0.32,65,0.001941438700801125
0.32,66,-0.00018978617783234168
0.32,67,0.000924766700891804
0.32,68,-0.00030920341027269996
0.32,69,0.0020857459441293537
0.32,70,-0.0022668694922966565
0.32,71,-0.00024554625572401794
0.32,72,-0.0024344009611747815
0.32,73,-2.835702610586627e-8
0.32,74,-0.0007089021553627281
0.32,75,-0.00046722118155796975
0.32,76,-0.0005955769746576405
0.32,77,-0.0008751896927573124
0.32,78,-0.0013379635588836268
0.32,79,0.0005146094000027152
0.32,80,-0.0006874218641700629
0.32,81,-0.0008044370638400822
0.32,82,-0.0004800889958060933
0.32,83,0.0018268525711844631
0.32,84,0.0003961155004096299
0.32,85,0.004377827181141024
0.32,86,0.0009443431788330334
0.32,87,0.0006656088814349183
0.32,88,9.975022011073556e-5
0.32,89,0.00016612183187562308
0.32,90,0.0020529375818658106
0.32,91,0.0006560474849437128
0.32,92,-0.0017813050613222847
0.32,93,0.0022432320626469314
0.32,94,0.001827821940374602
0.32,95,-0.004700913543019258
0.32,96,-3.17282278084912e-5
0.32,97,0.0030841326473128065
0.32,98,0.0030184142722573313
0.32,99,0.002696342561258149
0.32,100,-0.0001392912220348243
0.32,101,0.001215152169048161
0.32,102,0.0030815332428514412
0.32,103,0.0027310361599055715
0.32,104,0.0019764894788649547
0.32,105,0.001449983968284512
0.32,106,0.002923798214526714
0.32,107,-0.0010583690973480166
0.32,108,-0.00073328988707149
0.32,109,-0.0013524176894405319
0.32,110,-0.0015327751095639895
0.32,111,-0.0009946044836786896
0.32,112,0.00015850518581232893
0.32,113,0.0019199700596057132
0.32,114,-0.002533276178475026
0.32,115,0.003279312351188961
0.32,116,0.0007718696916403946
0.32,117,5.878689354169934e-5
0.32,118,-0.002814304715305164
0.32,119,-0.000715610355545385
0.32,120,5.330431744254607e-5
0.32,121,-0.0020638790037753063
0.32,122,0.0013470939789705337
0.32,123,0.0023894437751664265
0.32,124,0.00037154469681520576
0.32,125,-0.0014336711191082648
0.32,126,0.0020263841583731284
0.32,127,-0.0010179003006323827
0.32,128,-0.0012749638304298176
0.32,129,0.0005979619827133788
0.32,130,-0.0002699559104842653
0.32,131,0.00146749062989215
0.32,132,0.0006289314594648131
0.32,133,-0.000827149054933865
0.32,134,-0.0007487157151402481
0.32,135,0.0007127784932903768
0.32,136,-0.00105835628192149
0.32,137,0.0038926207813295174
0.32,138,0.0002634562286197777
0.32,139,-0.00010784076142989316
0.32,140,0.00019057212339372174
0.32,141,0.00044300883568987353
0.32,142,-0.0008733119225873298
0.32,143,0.0020553479779066804
0.32,144,-0.0002058994858390744
0.32,145,0.002040974038762134
0.32,146,0.00291939833230354
0.32,147,-0.0013400833989963103
0.32,148,0.0009878715014867824
0.32,149,7.931803098018241e-5
0.32,150,0.00015677712849968705
0.32,151,-0.00042626646173465633
0.32,152,0.001772137624627805
0.32,153,0.0031064231355814372
0.32,154,0.001320754126698893
0.32,155,0.002511372459207347
0.32,156,-0.0021192393794457177
0.32,157,0.001444224053829945
0.32,158,0.0014675154143665079
0.32,159,0.0010759713208843768
0.32,160,0.0012423892714456947
0.32,161,0.0005628575339282975
0.32,162,0.0005171785242545073
0.32,163,-0.0037089349952455445
0.32,164,-0.002088408636122381
0.32,165,5.835581585540017e-5
0.32,166,-0.00028067662259343974
0.32,167,-0.0002795964964575063
0.32,168,0.0027087792567193855
0.32,169,0.0011064283841547807
0.32,170,0.000804415209755914
0.32,171,-0.0011416989705947036
0.32,172,-0.006833957202833431
0.32,173,-0.0030481815960862065
0.32,174,-0.002063180065356173
0.32,175,0.0016135742285415897
0.32,176,0.007496850210047396
0.32,177,0.005039346278376174
0.32,178,0.005518749070894334
0.32,179,-0.0031010866018020286
0.32,180,-0.003025234475594554
0.32,181,-0.00017886288330166367
0.32,182,-0.0002594358460221636
0.32,183,0.0033673018965606244
0.32,184,0.01029186850721711
0.32,185,0.017640089944398914
0.32,186,0.006243602579560679
0.32,187,0.003263316967927876
0.32,188,-0.0006177366880712451
0.32,189,0.002659269686982108
0.32,190,0.016340671962798432
0.32,191,-0.026813384047418124
0.32,192,0.34755027411950096
0.32,193,0.006290774255620086
0.32,194,0.0019741685418349975
0.32,195,-0.002669196186396401
0.32,196,0.0009865946656900362
0.32,197,0.0009639653888904691
0.32,198,0.0010491876984922224
0.33,intercept,0.012064849847881283
0.33,1,0.0034444487497274803
0.33,2,0.0016592768690226948
0.33,3,0.0012049909951739345
0.33,4,0.003317829150646609
0.33,5,-0.00188267467041204
0.33,6,0.0018131812743897265
0.33,7,0.0014881562331676222
0.33,8,0.001561901584669861
0.33,9,-0.0001503671475075932
0.33,10,0.0015974807664369069
0.33,11,-0.0006245628254651862
0.33,12,-0.00014276841374751532
0.33,13,-0.0019500259185929326
0.33,14,6.828772549950156e-5
0.33,15,0.0016367322838047723
0.33,16,0.00013537975470670613
0.33,17,-0.0011174085683316698
0.33,18,0.0008205909379186201
0.33,19,0.000556440706793795
0.33,20,-0.0022697292785591127
0.33,21,0.0005018218196161091
0.33,22,-0.0008820501992688498
0.33,23,0.0008650481695343521
0.33,24,-0.0025440906770230914
0.33,25,0.001949246279852191
0.33,26,0.0016704650214057165
0.33,27,-0.00419111546045851
0.33,28,0.0002248988964159325
0.33,29,-0.0009566750043996305
0.33,30,0.0006850710203823204
0.33,31,-0.00041532413275347126
0.33,32,0.002069243312951924
0.33,33,-0.00024200707082211112
0.33,34,0.0016845931130268835
0.33,35,-0.000916191014065762
0.33,36,-0.001520559284386525
0.33,37,0.0006437467816379811
0.33,38,0.0010249822371228333
0.33,39,0.0010492760021527578
0.33,40,-0.0021703844296190656
0.33,41,0.001661324096482476
0.33,42,0.0011427641367091628
0.33,43,-0.0016049071477458178
0.33,44,0.0010672500274002824
0.33,45,-0.0013896382834070718
0.33,46,3.5048706791988543e-5
0.33,47,-0.0021667850083099097
0.33,48,0.00152319811504868
0.33,49,0.0012994288379678874
0.33,50,-0.0009462471296242756
0.33,51,-0.001099969703550813
0.33,52,0.0017963553598778505
0.33,53,0.001914759460582436
0.33,54,0.0009071340088330155
0.33,55,-0.0013413287204899205
0.33,56,0.0024861407371076834
0.33,57,0.0014000668878829167
0.33,58,0.0016544344143960262
0.33,59,0.0014221959442414053
0.33,60,0.0012905123134599262
0.33,61,0.0033336929282196887
0.33,62,-0.0006267920138998129
0.33,63,0.003376248513507861
0.33,64,-0.0040249112121557625
0.33,65,0.0020709910182608875
0.33,66,-0.00018590328939261692
0.33,67,0.0006963533394820154
0.33,68,-0.0002913214765940312
0.33,69,0.0019286672139791942
0.33,70,-0.001957350388122465
0.33,71,-0.0005884302902622629
0.33,72,-0.0020152497074120246
0.33,73,-9.86725820576228e-5
0.33,74,-0.0007196570711683002
0.33,75,-0.00046128603342365164
0.33,76,-0.0012068627406503453
0.33,77,-0.00046720344263914975
0.33,78,-0.0009620959702041456
0.33,79,0.00035413092283519766
0.33,80,-0.0007750584840929054
0.33,81,-0.0005339935164047657
0.33,82,-0.0004636416352906284
0.33,83,0.0015929546111403921
0.33,84,0.0005815674383928212
0.33,85,0.004218322588361622
0.33,86,0.0009705430998486374
0.33,87,0.000743846637917318
0.33,88,-0.0004435498648221436
0.33,89,0.00024185407049219805
0.33,90,0.0018644297814562256
0.33,91,0.000677526515466874
0.33,92,-0.0018318118053371058
0.33,93,0.0020287939686003485
0.33,94,0.002108187623723104
0.33,95,-0.004374615817053544
0.33,96,-0.0005075243052030989
0.33,97,0.003218548207210973
0.33,98,0.0022417780593304644
0.33,99,0.0028988080684796617
0.33,100,-0.0006990229000308836
0.33,101,0.001554703436725364
0.33,102,0.002790607580283714
0.33,103,0.0033752920859470795
0.33,104,0.0017132482514728366
0.33,105,0.0014458949189599653
0.33,106,0.0030624622466748773
0.33,107,-0.0005745372293712843
0.33,108,-0.000872499304815178
0.33,109,-0.0012940041722402096
0.33,110,-0.001711033965650509
0.33,111,-0.0009258279554059663
0.33,112,-4.207679659894731e-5
0.33,113,0.002047893485547908
0.33,114,-0.0029030583982995214
0.33,115,0.003235592359797482
0.33,116,0.000894140619054974
0.33,117,0.0009692330572568185
0.33,118,-0.0035085936648968294
0.33,119,0.000149055544453121
0.33,120,-0.0001587445170781257
0.33,121,-0.002475614385797028
0.33,122,0.001588917030221945
0.33,123,0.0025524180450624216
0.33,124,0.0002954276620053919
0.33,125,-0.0014528368570451622
0.33,126,0.00160956896420927
0.33,127,-0.0006624923170348638
0.33,128,-0.001262348169905784
0.33,129,0.0002483178740051841
0.33,130,0.00022947184781013682
0.33,131,0.0015800769817795387
0.33,132,0.0007582296963444069
0.33,133,-0.0009280703259427523
0.33,134,-0.0007817677643725206
0.33,135,0.000658469381993622
0.33,136,-0.0011869030885483642
0.33,137,0.003512254596926289
0.33,138,0.0007993264756739908
0.33,139,-0.0006207547392107413
0.33,140,0.00040737243682770154
0.33,141,0.00021106929830371992
0.33,142,-0.0010299170030472554
0.33,143,0.0017745029371170052
0.33,144,0.00031094305629915815
0.33,145,0.001904636293231044
0.33,146,0.0030507653143538966
0.33,147,-0.001436125277947801
0.33,148,0.0007945756575282475
0.33,149,5.999348253546938e-6
0.33,150,0.0007425757001551042
0.33,151,-0.0003578480460627871
0.33,152,0.0021241902598626862
0.33,153,0.0024223733665054356
0.33,154,0.001375133891157682
0.33,155,0.002231629954341818
0.33,156,-0.0016754239079873323
0.33,157,0.0013335144165282544
0.33,158,0.0013474403504282694
0.33,159,0.0011882457845466324
0.33,160,0.0008660109086456204
0.33,161,0.0008913475151236161
0.33,162,0.00036657629655862084
0.33,163,-0.003657525499538805
0.33,164,-0.0021524017614768295
0.33,165,0.00018347600106984215
0.33,166,-0.0009818629349060636
0.33,167,0.0006875736765687179
0.33,168,0.0022438046630128884
0.33,169,0.001400514680554649
0.33,170,0.0007735144024633705
0.33,171,-0.00097472342814047
0.33,172,-0.006770144366752375
0.33,173,-0.0031274244502072323
0.33,174,-0.002660025067886965
0.33,175,0.0023960714313179692
0.33,176,0.006746191732416427
0.33,177,0.005869545336545995
0.33,178,0.00531379796041043
0.33,179,-0.00265908909157865
0.33,180,-0.004275493908907184
0.33,181,0.0003775084877671824
0.33,182,-8.641848443726832e-5
0.33,183,0.0029324783434101433
0.33,184,0.010024332496399705
0.33,185,0.01854274733497027
0.33,186,0.006326242175236661
0.33,187,0.002588478191495717
0.33,188,-0.00010322968278208296
0.33,189,0.001971171212159015
0.33,190,0.016017295438675652
0.33,191,-0.027928135606099323
0.33,192,0.3593023306023982
0.33,193,0.0061163682053100325
0.33,194,0.0019790481492846903
0.33,195,-0.002617159030075854
0.33,196,0.0009798787802844425
0.33,197,0.000981860274529348
0.33,198,0.00102367811300862
0.34,intercept,0.012125575943735319
0.34,1,0.0038647063830463497
0.34,2,0.0007538819711968102
0.34,3,0.001359283548121072
0.34,4,0.0033948879661819358
0.34,5,-0.001520389747058988
0.34,6,0.0012482399450171053
0.34,7,0.0016512916295953477
0.34,8,0.0014625662342305158
0.34,9,-1.750794844800133e-5
0.34,10,0.0016628720142808885
0.34,11,-0.0009260286043601524
0.34,12,0.00016457397132322275
0.34,13,-0.0018893578837121052
0.34,14,5.3176987614844174e-5
0.34,15,0.0011452097309751165
0.34,16,0.00034877161460654225
0.34,17,-0.0012017983750277751
0.34,18,0.0008071523676005961
0.34,19,0.0007046494396794692
0.34,20,-0.0019947865227297862
0.34,21,0.0003223940842279886
0.34,22,-0.00017886547310257952
0.34,23,0.0006568861560043088
0.34,24,-0.0026204006797964077
0.34,25,0.0019090572702740005
0.34,26,0.002338811169062323
0.34,27,-0.004396063587265038
0.34,28,0.00039272754336270937
0.34,29,-0.0012913505558737153
0.34,30,0.0011366210057833683
0.34,31,-0.0006739722796051051
0.34,32,0.0016879764463589826
0.34,33,-0.0005698942061270125
0.34,34,0.0023523451781815924
0.34,35,-0.0010953670243758556
0.34,36,-0.0022195904380789087
0.34,37,0.0011536428516431944
0.34,38,0.0012898832443248211
0.34,39,0.0013358809475779523
0.34,40,-0.0026690932098332796
0.34,41,0.0024495565182997233
0.34,42,0.0008062413797506315
0.34,43,-0.0012268640300270451
0.34,44,0.0006359136479358977
0.34,45,-0.0009269417057025256
0.34,46,0.0001067782848460808
0.34,47,-0.002265035192900642
0.34,48,0.002109059995217783
0.34,49,0.0010803253070578052
0.34,50,-0.001053208942015303
0.34,51,-0.0011956659678110462
0.34,52,0.0017103268623595805
0.34,53,0.0015428354501588937
0.34,54,0.000949688165125062
0.34,55,-0.0011709385413203816
0.34,56,0.002678614644413276
0.34,57,0.0010789839933424167
0.34,58,0.0018753302639267304
0.34,59,0.0016735933260818535
0.34,60,0.0006864994217948815
0.34,61,0.0037115450257807093
0.34,62,-0.0005924794769866685
0.34,63,0.0030452768118145145
0.34,64,-0.004072425366988302
0.34,65,0.002261600029970515
0.34,66,6.83317918463316e-5
0.34,67,0.0005894085848809093
0.34,68,-0.0006009533026930469
0.34,69,0.0020508099017070578
0.34,70,-0.0018837498871397394
0.34,71,-0.0008094923930552556
0.34,72,-0.0017726117012159602
0.34,73,-0.00010952862938461555
0.34,74,-0.0007359437419273084
0.34,75,-0.0005914369344406348
0.34,76,-0.0007573903505405953
0.34,77,-0.0006768986451414715
0.34,78,-0.0009688168682264804
0.34,79,0.0005866110292370669
0.34,80,-0.0008592009216018492
0.34,81,-8.903980925601806e-5
0.34,82,-0.001063001186102032
0.34,83,0.0016967621973899166
0.34,84,0.0005492516058772666
0.34,85,0.0036291787819119053
0.34,86,0.0010256080796892497
0.34,87,0.0010747506889312436
0.34,88,-0.0009143390766804829
0.34,89,6.354103068802656e-5
0.34,90,0.001910101368539141
0.34,91,0.0008126031914226175
0.34,92,-0.001835935574021145
0.34,93,0.0019078632732632383
0.34,94,0.001990574428432594
0.34,95,-0.0034022437568959406
0.34,96,-0.0009269165351779143
0.34,97,0.0026348328523128337
0.34,98,0.003064684918734067
0.34,99,0.0026613063276555112
0.34,100,-0.0010008687185120782
0.34,101,0.0013471671067630587
0.34,102,0.003062002634545679
0.34,103,0.0033482033280057342
0.34,104,0.00177226062139823
0.34,105,0.0015647364555473285
0.34,106,0.0030826668673844004
0.34,107,-0.001078960368729833
0.34,108,-0.001005071098017625
0.34,109,-0.0007809797110017931
0.34,110,-0.0019497639713705643
0.34,111,-0.0008673660451299574
0.34,112,-0.00010865701509107028
0.34,113,0.0019586178205445114
0.34,114,-0.0025126860922665708
0.34,115,0.0032731302934450265
0.34,116,0.0006554633021079731
0.34,117,0.0013082683347953393
0.34,118,-0.004908895255392311
0.34,119,0.0007309655432403718
0.34,120,-0.00016123528086372371
0.34,121,-0.0025538508632439857
0.34,122,0.0014683668815040076
0.34,123,0.0027824939637839286
0.34,124,0.00029730654929037
0.34,125,-0.0016323728270429367
0.34,126,0.0017616067664878625
0.34,127,-0.0006718253193748581
0.34,128,-0.0009474766318956489
0.34,129,-0.00011034811474187629
0.34,130,0.0004233413054645382
0.34,131,0.002096513954087173
0.34,132,0.0005128071025617874
0.34,133,-0.0009224336732659838
0.34,134,-0.0010038250032937117
0.34,135,0.0014230318081200775
0.34,136,-0.0017578527626641097
0.34,137,0.003300278893202115
0.34,138,0.0006956964240934714
0.34,139,-0.0005714233317953115
0.34,140,0.00015860860830007014
0.34,141,0.00036620885789219476
0.34,142,-0.0006797023895123713
0.34,143,0.0014896082429784068
0.34,144,9.122432010447013e-5
0.34,145,0.0017375377280840674
0.34,146,0.0028947942816381898
0.34,147,-0.001474950869660862
0.34,148,0.0011015515674486498
0.34,149,-0.00011116646795096351
0.34,150,0.000861494634493678
0.34,151,-0.00020750006501463075
0.34,152,0.0014732017791695825
0.34,153,0.0026623526556339475
0.34,154,0.001756246566209347
0.34,155,0.0020820791049512848
0.34,156,-0.0017539143150510949
0.34,157,0.0010444928935277726
0.34,158,0.0011834960615030846
0.34,159,0.001308408773146789
0.34,160,0.0009277144024963553
0.34,161,0.00035070619787322215
0.34,162,0.0004883650811724238
0.34,163,-0.003923935831778625
0.34,164,-0.0014267698177468984
0.34,165,0.00019962119236088515
0.34,166,-0.001383401728205356
0.34,167,0.0009466977880963434
0.34,168,0.0021170575024317528
0.34,169,0.001456647326317234
0.34,170,0.00041479907389365187
0.34,171,-0.0010720659566951923
0.34,172,-0.0066914636980798
0.34,173,-0.0025165822588143405
0.34,174,-0.002701007153609805
0.34,175,0.0022572042260841935
0.34,176,0.007037691495658719
0.34,177,0.0059148357567836
0.34,178,0.005204234707139181
0.34,179,-0.002519589515306502
0.34,180,-0.00473490285093719
0.34,181,0.00048250641594337274
0.34,182,-9.44201402973871e-5
0.34,183,0.002253418415735847
0.34,184,0.009987876410244992
0.34,185,0.019063466659053622
0.34,186,0.006303732279503347
0.34,187,0.002493463040982492
0.34,188,0.0003547852247861075
0.34,189,0.001826369424837479
0.34,190,0.01539685614362541
0.34,191,-0.029065858504709552
0.34,192,0.3684949697153389
0.34,193,0.006728007030342513
0.34,194,0.0016369171891998326
0.34,195,-0.0025853572942754273
0.34,196,0.0009756580401491828
0.34,197,0.0009909521030927824
0.34,198,0.0010165319822321177
0.35,intercept,0.011961734521564826
0.35,1,0.002960095812249612
0.35,2,0.0014354496173610062
0.35,3,0.0010015885127863488
0.35,4,0.002798101011181226
0.35,5,-0.001388179386491648
0.35,6,0.001661086883608383
0.35,7,0.0018340678267556388
0.35,8,0.0017227340131309534
0.35,9,-0.0004124347598116466
0.35,10,0.0022520230129183705
0.35,11,-0.000970959229792243
0.35,12,0.0003299147410813998
0.35,13,-0.002548825180850062
0.35,14,0.0002918440751244678
0.35,15,0.0009565891292861052
0.35,16,0.0003551290859474548
0.35,17,-0.0011506643438171538
0.35,18,0.0007678804609589157
0.35,19,0.0012235290734235998
0.35,20,-0.0022247962498752128
0.35,21,0.00020723353214823168
0.35,22,-0.000633785202088806
0.35,23,0.0009422599188035306
0.35,24,-0.003192006979504191
0.35,25,0.002124290253006658
0.35,26,0.0024353767945860002
0.35,27,-0.004107217211449394
0.35,28,0.00040915153506793333
0.35,29,-0.0007119546201358973
0.35,30,0.0013851794779197626
0.35,31,-0.0010538155254602496
0.35,32,0.0011265132288997772
0.35,33,-0.0006458076979053952
0.35,34,0.002307111639963209
0.35,35,-0.0006903257254815597
0.35,36,-0.0024311770921094664
0.35,37,0.0009384805330468032
0.35,38,0.001202175847898611
0.35,39,0.0014570818866177751
0.35,40,-0.0024109572549785713
0.35,41,0.00257829698592273
0.35,42,0.0007522794438499635
0.35,43,-0.0011154318836965847
0.35,44,4.757356243133571e-5
0.35,45,-0.00059482959347115
0.35,46,1.45011360778718e-5
0.35,47,-0.002099114822244219
0.35,48,0.001901255330341441
0.35,49,0.001319199017297188
0.35,50,-0.0007076593321832376
0.35,51,-0.0012145214867219445
0.35,52,0.0011523719085659225
0.35,53,0.001095279743896205
0.35,54,0.001688444719275106
0.35,55,-0.0010480042500181006
0.35,56,0.0023773519452912873
0.35,57,0.001083395924606645
0.35,58,0.0015505257570105695
0.35,59,0.001636369144280627
0.35,60,0.0008540951031007926
0.35,61,0.00340913959765686
0.35,62,-0.00018595465138641852
0.35,63,0.0027641729538707437
0.35,64,-0.003897005665239729
0.35,65,0.0025083231438300176
0.35,66,-0.0004606025944550146
0.35,67,0.00045337871406058496
0.35,68,-0.000753982527443903
0.35,69,0.0021085733459321136
0.35,70,-0.001796895835981999
0.35,71,-0.0007984036669565539
0.35,72,-0.002043051244027941
0.35,73,-0.00012095033790998682
0.35,74,-0.00039509325603796904
0.35,75,-9.508611952199005e-5
0.35,76,-0.00024341251006821502
0.35,77,-0.000985227338384776
0.35,78,-0.001179914397112704
0.35,79,0.0008295074657394758
0.35,80,-0.0006941443263710524
0.35,81,-8.944227180472124e-5
0.35,82,-0.001233995029608831
0.35,83,0.0021372847024291445
0.35,84,0.0002206803427931319
0.35,85,0.003745590170495348
0.35,86,0.0007157245455948841
0.35,87,0.0006915998261665631
0.35,88,-0.00047852624782182394
0.35,89,7.404017642528069e-5
0.35,90,0.0018961956334138308
0.35,91,0.0006791706640275634
0.35,92,-0.0014957714417289606
0.35,93,0.0022472964928808253
0.35,94,0.002122106974311967
0.35,95,-0.00368717379224425
0.35,96,-0.0017135738951045763
0.35,97,0.0022619857737603485
0.35,98,0.0037376394468445037
0.35,99,0.0023896516193927715
0.35,100,-0.0005030347465802534
0.35,101,0.001101967785229471
0.35,102,0.003495274498610231
0.35,103,0.0024419564464825782
0.35,104,0.001711232060239571
0.35,105,0.0017666720510608979
0.35,106,0.002682844112226317
0.35,107,-0.0007727785760472617
0.35,108,-0.0008956917141955294
0.35,109,-0.0008207286175663822
0.35,110,-0.002695830428783921
0.35,111,-0.0007708264125692299
0.35,112,-0.0003021723593685267
0.35,113,0.0024327144850760387
0.35,114,-0.002542881153616621
0.35,115,0.003218410775063737
0.35,116,0.0012644135570852636
0.35,117,0.0007925452165973589
0.35,118,-0.0038849330575265626
0.35,119,0.0005496652118201111
0.35,120,6.302679749917446e-6
0.35,121,-0.0024235000192883026
0.35,122,0.001175693813427086
0.35,123,0.0027614589639709574
0.35,124,0.000647733354263161
0.35,125,-0.0018797547594377147
0.35,126,0.0014345398691912236
0.35,127,0.00020642211503578778
0.35,128,-0.001137829572506586
0.35,129,-0.000333973395685013
0.35,130,0.0006489170450844522
0.35,131,0.0016242047153080409
0.35,132,2.1176945726099065e-5
0.35,133,-0.0004461163920240828
0.35,134,-0.0007700425869769467
0.35,135,0.0012934246961260356
0.35,136,-0.0019101742888558975
0.35,137,0.003665286509944853
0.35,138,0.00046338923565762664
0.35,139,-0.0001959186985791761
0.35,140,-0.00010487282692402509
0.35,141,0.0004991934551878681
0.35,142,-0.0006788048899915779
0.35,143,0.0011841251239663546
0.35,144,-7.230675638520395e-5
0.35,145,0.0013439452410152445
0.35,146,0.0027489833762648413
0.35,147,-0.0010385511478828138
0.35,148,0.0003981090530777979
0.35,149,0.0006245298815375122
0.35,150,0.00046620440679516283
0.35,151,-4.623391865271373e-5
0.35,152,0.0013090639689712733
0.35,153,0.0027798281809841216
0.35,154,0.0011198675760542274
0.35,155,0.0016970331075188997
0.35,156,-0.0007660333585851347
0.35,157,0.0001918975484406662
0.35,158,0.0017948261621385485
0.35,159,0.001109577585477086
0.35,160,0.0008187033118528062
0.35,161,5.90099063904489e-5
0.35,162,0.0005566854605853033
0.35,163,-0.0034426773524131433
0.35,164,-0.0019998449765360037
0.35,165,-0.00012792277933454575
0.35,166,-0.0012157998414661017
0.35,167,0.0011687895475844957
0.35,168,0.0023945537166534764
0.35,169,0.0013391705120667683
0.35,170,0.0007474481080152534
0.35,171,-0.001245708348166969
0.35,172,-0.007513269376776641
0.35,173,-0.0018521653716241343
0.35,174,-0.0026442895243746468
0.35,175,0.002056515793436897
0.35,176,0.00690677117086811
0.35,177,0.005679309769103126
0.35,178,0.0056714175950840365
0.35,179,-0.0025595264975272806
0.35,180,-0.004860900020869561
0.35,181,-2.77212334734922e-5
0.35,182,-0.00010286235773888457
0.35,183,0.0018641995738194778
0.35,184,0.0103650265799031
0.35,185,0.01911537306016953
0.35,186,0.0064184703045534405
0.35,187,0.002342137758242834
0.35,188,0.0015373381053692397
0.35,189,0.0021147715015827663
0.35,190,0.014727830875399634
0.35,191,-0.028322452461372306
0.35,192,0.38277778823705844
0.35,193,0.006827358724276476
0.35,194,0.0018848091093656295
0.35,195,-0.0025417433683547278
0.35,196,0.0009693926936957138
0.35,197,0.0009789615021790796
0.35,198,0.001009570667796145
0.36,intercept,0.011910251951886594
0.36,1,0.002833483409121284
0.36,2,0.0010576028942586788
0.36,3,0.0011635750134171574
0.36,4,0.003108070696151921
0.36,5,-0.001352043551450722
0.36,6,0.0016534239908514462
0.36,7,0.0025814625952378266
0.36,8,0.001441028425667255
0.36,9,-0.000771222180265028
0.36,10,0.0024211948333671606
0.36,11,-0.0010857165797659087
0.36,12,-0.00013835021051655287
0.36,13,-0.0022519576870309696
0.36,14,0.00018184472797908252
0.36,15,0.0008133884217499122
0.36,16,0.0004706872301060436
0.36,17,-0.000600997499076829
0.36,18,-0.00016666657758201804
0.36,19,0.001248214121222527
0.36,20,-0.0022381651903842876
0.36,21,0.0007623101239520123
0.36,22,-0.0006838421819878895
0.36,23,0.0008073747504216983
0.36,24,-0.002902256529046444
0.36,25,0.0019123858362332857
0.36,26,0.0024517675262014675
0.36,27,-0.004416946516186475
0.36,28,0.00039211065634132687
0.36,29,-0.0009424901912257372
0.36,30,0.0016858369845475921
0.36,31,-0.0012724986891743013
0.36,32,0.0015145473208340809
0.36,33,-0.0004355432057553232
0.36,34,0.0021549081003996466
0.36,35,-0.0008731113446859995
0.36,36,-0.002587211387858051
0.36,37,0.00122713950830175
0.36,38,0.0012989129725379984
0.36,39,0.0012995115364455275
0.36,40,-0.0027240320841181932
0.36,41,0.0027796477473740182
0.36,42,0.0008404501838777691
0.36,43,-0.0015627518514440646
0.36,44,0.0006644983670445155
0.36,45,-0.0007489587494443451
0.36,46,0.0003722518585551294
0.36,47,-0.00258528533147506
0.36,48,0.0020318823633500497
0.36,49,0.0010767764696322651
0.36,50,-0.0004238770708610991
0.36,51,-0.0016671035196291135
0.36,52,0.0011390655332316315
0.36,53,0.0012906834652916682
0.36,54,0.001427731912773526
0.36,55,-0.0012669118672176147
0.36,56,0.002744118554325925
0.36,57,0.00092645257880018
0.36,58,0.0018154251315666147
0.36,59,0.0012393215602419139
0.36,60,0.0008178479482682091
0.36,61,0.0036255295261591867
0.36,62,-0.0004819105021199039
0.36,63,0.0025839219266708697
0.36,64,-0.003334589611367145
0.36,65,0.0024502544487175052
0.36,66,-0.00037369989857263813
0.36,67,0.0004466572832284545
0.36,68,-0.000969217195937842
0.36,69,0.0016749075410365268
0.36,70,-0.001241740355197291
0.36,71,-0.0008349882537309864
0.36,72,-0.0021874830569110215
0.36,73,-4.1383476377820254e-5
0.36,74,-0.00047187701556183757
0.36,75,-0.00043451064212657184
0.36,76,-0.00015764424418178257
0.36,77,-0.0009796458409983336
0.36,78,-0.0013392997377137982
0.36,79,0.001150576764006781
0.36,80,-0.0005560484004570337
0.36,81,-0.0006375890162777107
0.36,82,-0.0010013638180859123
0.36,83,0.0015003999223881922
0.36,84,0.00025960431293078597
0.36,85,0.0036484735144865083
0.36,86,0.0010325577951796339
0.36,87,0.0009840256198181785
0.36,88,-0.0008121411875956968
0.36,89,-0.00048785475386726605
0.36,90,0.002182638155298754
0.36,91,-5.641700636075652e-5
0.36,92,-0.0008906703883646733
0.36,93,0.002156058831570028
0.36,94,0.0019774022674823332
0.36,95,-0.003096021785276054
0.36,96,-0.002348349112343888
0.36,97,0.0028660526877020646
0.36,98,0.003986988047327447
0.36,99,0.0016338676878949346
0.36,100,2.630011878635659e-5
0.36,101,0.0011754752125113673
0.36,102,0.0028591330230251398
0.36,103,0.00251778367209862
0.36,104,0.0021817987967261898
0.36,105,0.001983026034004726
0.36,106,0.0022723166722830013
0.36,107,-0.0007304213306130919
0.36,108,-0.0010875913316972367
0.36,109,-0.0007596011883447349
0.36,110,-0.0018479035384960849
0.36,111,-0.00016861533554954434
0.36,112,-0.0006904544914621053
0.36,113,0.002014334839324684
0.36,114,-0.0019488499318383696
0.36,115,0.002516810453648374
0.36,116,0.001506325127616476
0.36,117,0.0004189096936630721
0.36,118,-0.003326230868018817
0.36,119,0.0003776846078353369
0.36,120,-0.00013822339937680876
0.36,121,-0.002311779236110675
0.36,122,0.0013838613422006347
0.36,123,0.0024093757218999084
0.36,124,0.00048375188773951854
0.36,125,-0.0017583378480749265
0.36,126,0.0013757760313580826
0.36,127,5.166405790818943e-5
0.36,128,-0.0011373506936214809
0.36,129,-0.000261905512931042
0.36,130,0.0008542923047604123
0.36,131,0.0016900604147570084
0.36,132,-0.00024134427145480124
0.36,133,-4.345259040333535e-5
0.36,134,-0.0007439338601908662
0.36,135,0.0009301048369179767
0.36,136,-0.0018000172579687877
0.36,137,0.0037588251482322784
0.36,138,8.318926252370276e-5
0.36,139,0.00025672858536706457
0.36,140,-0.0004364675431935653
0.36,141,0.0006045029739587992
0.36,142,-0.0007075923239590892
0.36,143,0.0012308126290607939
0.36,144,1.3974346422274154e-5
0.36,145,0.0006964683101301003
0.36,146,0.003070487942724693
0.36,147,-0.0007319845026502661
0.36,148,2.1360396968374112e-5
0.36,149,0.0007152582885349688
0.36,150,0.0009401093329442417
0.36,151,-5.59655514971677e-5
0.36,152,0.0008458226880177145
0.36,153,0.00304943054556948
0.36,154,0.0007622225739368584
0.36,155,0.0020419890914002573
0.36,156,-0.0009539423867901284
0.36,157,0.000498946131008802
0.36,158,0.0014165190582693208
0.36,159,0.001304984237103482
0.36,160,0.0008068200562205521
0.36,161,5.253878903653968e-6
0.36,162,0.0003667897795059445
0.36,163,-0.0034654198987604263
0.36,164,-0.001954470435757942
0.36,165,-0.000533863429237835
0.36,166,-0.0008018195014523316
0.36,167,0.0010208285808147675
0.36,168,0.0028752569215555316
0.36,169,0.0014447744047265563
0.36,170,0.0005013582221548554
0.36,171,-0.0009702790894070438
0.36,172,-0.007233162057442236
0.36,173,-0.0020669394931695944
0.36,174,-0.00229584936319379
0.36,175,0.0020661595898494108
0.36,176,0.006790509289972641
0.36,177,0.005751679258712076
0.36,178,0.005977260571573201
0.36,179,-0.002254294912460388
0.36,180,-0.005178378236487129
0.36,181,0.0006392199133795357
0.36,182,-0.00040262353970161034
0.36,183,0.0011145577161415766
0.36,184,0.010223066427102124
0.36,185,0.018738235408240322
0.36,186,0.006350440006426048
0.36,187,0.003042046479116492
0.36,188,0.0018554794541206412
0.36,189,0.002672727741178303
0.36,190,0.014081704858661224
0.36,191,-0.02796465530883668
0.36,192,0.39459067655848
0.36,193,0.006552447731354444
0.36,194,0.0016040097455116416
0.36,195,-0.002492200334100387
0.36,196,0.0009037571287283634
0.36,197,0.0009522506134559579
0.36,198,0.0009942336536719748
0.37,intercept,0.01191099162460593
0.37,1,0.003040815454407723
0.37,2,0.0014240688131678526
0.37,3,0.0009167262069938942
0.37,4,0.0025986511977087005
0.37,5,-0.001424438608389142
0.37,6,0.002251471762592936
0.37,7,0.002038524752158098
0.37,8,0.001982834122709025
0.37,9,-0.0008208737830209238
0.37,10,0.0021060496432615413
0.37,11,-0.001253621475386525
0.37,12,-0.0002778112988879332
0.37,13,-0.0014306880646747689
0.37,14,-0.00026592926482348235
0.37,15,0.0007137211904888102
0.37,16,0.0006831274401146245
0.37,17,3.366924000164284e-5
0.37,18,-0.000784439973843847
0.37,19,0.0015315867706001912
0.37,20,-0.0023432639060028994
0.37,21,0.001106521299146085
0.37,22,-0.001060532375683552
0.37,23,0.0005772824913579387
0.37,24,-0.00242680154057945
0.37,25,0.0017783103185917276
0.37,26,0.002596189762188508
0.37,27,-0.004133268363593423
0.37,28,7.016768822677011e-5
0.37,29,-1.4387617404793307e-5
0.37,30,0.001589388385463602
0.37,31,-0.000691207602289213
0.37,32,0.0008653749563754008
0.37,33,0.00023660193241732642
0.37,34,0.0019425716427688225
0.37,35,-0.0011196380685387778
0.37,36,-0.0024968061078906893
0.37,37,0.0011016192568877178
0.37,38,0.0011840342952118663
0.37,39,0.000916502911804812
0.37,40,-0.0028508984489279666
0.37,41,0.00302080557279248
0.37,42,0.000752784829709552
0.37,43,-0.0015116530670404524
0.37,44,0.0009709199436691543
0.37,45,-0.0008231618960413065
0.37,46,0.00042468662178478573
0.37,47,-0.002500205283933517
0.37,48,0.0016141589668555538
0.37,49,0.000981333556672591
0.37,50,-0.0006002248821031093
0.37,51,-0.0010842440536059186
0.37,52,0.0006214740536501623
0.37,53,0.0015859775684004488
0.37,54,0.0009050350868722222
0.37,55,-0.0007881026721568395
0.37,56,0.0024492912341661337
0.37,57,0.0007946605063034085
0.37,58,0.0019104887446006681
0.37,59,0.0012668787989071255
0.37,60,0.0002778299929398896
0.37,61,0.003725091580133389
0.37,62,-0.0004495215257482804
0.37,63,0.003032458794119907
0.37,64,-0.0034866945861723557
0.37,65,0.0022551737083906314
0.37,66,-0.00011424937899237043
0.37,67,0.0005181378521249659
0.37,68,-0.0012299380255785966
0.37,69,0.0013212046718475456
0.37,70,-0.0007351184556516401
0.37,71,-0.0008320907737922603
0.37,72,-0.0018926429093866304
0.37,73,-0.00011811994696284754
0.37,74,-0.00034404266161756393
0.37,75,-0.0007261089308249699
0.37,76,3.646316236299534e-5
0.37,77,-0.0010188746931814319
0.37,78,-0.0010188625731619144
0.37,79,0.0007750932969259933
0.37,80,-0.00018502732741426211
0.37,81,-0.0009129884322933448
0.37,82,-0.0008506690394248491
0.37,83,0.0014204416227752272
0.37,84,0.00030817731118958227
0.37,85,0.0029273069210391666
0.37,86,0.0009049882790642523
0.37,87,0.0011133199817542586
0.37,88,-0.001202383962037425
0.37,89,-0.0003001358082906114
0.37,90,0.0023052993064513064
0.37,91,-0.0007909891780734227
0.37,92,-0.00011081457915916462
0.37,93,0.0016682203784070934
0.37,94,0.0012081829688693365
0.37,95,-0.0013095259924834595
0.37,96,-0.0028800917017738794
0.37,97,0.0025677026369858515
0.37,98,0.004522688790846968
0.37,99,0.001309583532132465
0.37,100,0.00028880076432085246
0.37,101,0.0005127550013968136
0.37,102,0.003377566902101011
0.37,103,0.002554389809384848
0.37,104,0.0022515601904139204
0.37,105,0.0016195519083768892
0.37,106,0.0024607274911912017
0.37,107,-0.0006709815373290302
0.37,108,-0.0010216276304953397
0.37,109,-0.0009036054084269733
0.37,110,-0.0019512805248719772
0.37,111,-0.00029065950736918353
0.37,112,-0.0009056412787467264
0.37,113,0.0023206983285108847
0.37,114,-0.001864705507919948
0.37,115,0.0028089682119058984
0.37,116,0.0011581382549343906
0.37,117,0.000877424469997129
0.37,118,-0.003677265312451273
0.37,119,0.00025712899232538004
0.37,120,-0.0001532375416529376
0.37,121,-0.0027971268539851678
0.37,122,0.0018257667917058959
0.37,123,0.0021418599721106444
0.37,124,0.00013125421211714332
0.37,125,-0.0014566448364622892
0.37,126,0.0013479853804872425
0.37,127,-0.00016632235352838576
0.37,128,-0.0005303912425800375
0.37,129,-0.0008762685783872509
0.37,130,0.0008093739183819879
0.37,131,0.0014794421325075018
0.37,132,-1.3434798300745055e-5
0.37,133,-0.00023416665905668808
0.37,134,-0.0007206594811178982
0.37,135,0.0011749111423148704
0.37,136,-0.001879350455755929
0.37,137,0.00366307023901464
0.37,138,-1.1725438144254199e-5
0.37,139,0.00017728200279592662
0.37,140,0.00023745780192558068
0.37,141,3.253119755000759e-5
0.37,142,-0.0006634668324880499
0.37,143,0.0008896335602164092
0.37,144,0.00037539395233132216
0.37,145,0.0005527085794955315
0.37,146,0.003678299434546924
0.37,147,-0.0005533881569360565
0.37,148,-0.00028852045148625545
0.37,149,0.0008772807626641609
0.37,150,0.000780984592748549
0.37,151,-0.00023518519018930065
0.37,152,0.0009292078130420557
0.37,153,0.0026472260334020822
0.37,154,0.0013677413952532423
0.37,155,0.0015420305602018567
0.37,156,-0.0006723767139929944
0.37,157,0.00023539624336952437
0.37,158,0.0015133596956285109
0.37,159,0.0011975128268324666
0.37,160,0.0006134021143252797
0.37,161,0.0004688666144188955
0.37,162,-7.170863578109162e-5
0.37,163,-0.0029020200435346615
0.37,164,-0.0024632426564435658
0.37,165,-0.0003524750455927738
0.37,166,-0.0004938238729766128
0.37,167,0.0007748287533379277
0.37,168,0.0025946287422490104
0.37,169,0.002005296015459419
0.37,170,0.0006593672488833579
0.37,171,-0.0007603227184761835
0.37,172,-0.007436154325358467
0.37,173,-0.0019837799660789705
0.37,174,-0.003243592506100615
0.37,175,0.0033954701796061566
0.37,176,0.0059103628741502155
0.37,177,0.0061716451853334004
0.37,178,0.005575153239211149
0.37,179,-0.0023714693108192702
0.37,180,-0.004980373093491179
0.37,181,0.0006311838285592372
0.37,182,-3.915316955916009e-5
0.37,183,0.0009660727370335876
0.37,184,0.010147326890366522
0.37,185,0.018852951160919413
0.37,186,0.006709191318035037
0.37,187,0.002665703138053455
0.37,188,0.0021895726957181444
0.37,189,0.0023874338355568273
0.37,190,0.013669514767903148
0.37,191,-0.028967081593526307
0.37,192,0.4057496685779475
0.37,193,0.005860116482715958
0.37,194,0.0018792563979688685
0.37,195,-0.002450591685373931
0.37,196,0.0008524568786376445
0.37,197,0.0009244222476502417
0.37,198,0.0009464251958599471
0.38,intercept,0.011818978587435079
0.38,1,0.002983606621944508
0.38,2,0.0013783867460866418
0.38,3,0.0010824996683268218
0.38,4,0.002246452236805165
0.38,5,-0.0013543987584254237
0.38,6,0.0019127640192608268
0.38,7,0.0020649528333770654
0.38,8,0.002144195998575013
0.38,9,-0.0007229672879599982
0.38,10,0.002004437370002122
0.38,11,-0.0013315157484753328
0.38,12,9.290939783115914e-5
0.38,13,-0.001676941729535746
0.38,14,0.00023335394755451746
0.38,15,0.0002504483618766622
0.38,16,0.0008900632882145134
0.38,17,0.0004737081863921849
0.38,18,-0.0010305239865987122
0.38,19,0.001121201631187912
0.38,20,-0.0019075328057532395
0.38,21,0.0008896528448544154
0.38,22,-0.0012348744450745375
0.38,23,0.00061956335739897
0.38,24,-0.002148801834674943
0.38,25,0.0016035447538414506
0.38,26,0.003113012011889265
0.38,27,-0.0042015932330819565
0.38,28,-3.258774379860154e-5
0.38,29,-8.924923533102469e-5
0.38,30,0.001668062090242997
0.38,31,-0.0008457764760777476
0.38,32,0.0014465584311788501
0.38,33,-6.660432346337097e-5
0.38,34,0.0018835105236487475
0.38,35,-0.0010718643814325035
0.38,36,-0.0024822499609657035
0.38,37,0.0010653845248274538
0.38,38,0.0012261353465069
0.38,39,0.0007777939487666837
0.38,40,-0.0030123885587280894
0.38,41,0.0029362122038000807
0.38,42,0.001329058668110615
0.38,43,-0.00165420235708336
0.38,44,0.0004925237689063705
0.38,45,-0.0006940798488676443
0.38,46,-8.268459291220712e-5
0.38,47,-0.0023324681877108047
0.38,48,0.0018264777527686065
0.38,49,0.0005129196920193023
0.38,50,-0.0006006546516533855
0.38,51,-0.0012165590096845551
0.38,52,0.0011139761421754106
0.38,53,0.0011205405830499939
0.38,54,0.000971153275928165
0.38,55,-0.0006393928189371418
0.38,56,0.0024162650930041984
0.38,57,0.0014819274179482794
0.38,58,0.0016587515568770891
0.38,59,0.0009380210073726622
0.38,60,0.00025753306531684026
0.38,61,0.0035057917921690754
0.38,62,-0.0004445019982627394
0.38,63,0.0031717184190519347
0.38,64,-0.00316867958915729
0.38,65,0.0017925265274560177
0.38,66,0.0003592759596911102
0.38,67,0.00031638936780566763
0.38,68,-0.0012305305534292454
0.38,69,0.000883469895279781
0.38,70,-0.0002916956601469705
0.38,71,-0.0006842212671797056
0.38,72,-0.001568915334350356
0.38,73,-0.00034875444550053853
0.38,74,-0.0002197989169012577
0.38,75,-0.0006592983259575533
0.38,76,-0.00023772897990189304
0.38,77,-0.0005120530383488864
0.38,78,-0.0016680111095298549
0.38,79,0.0014268112165559126
0.38,80,-0.0006406362611264319
0.38,81,-0.0007702647284981804
0.38,82,-0.0009796748548693323
0.38,83,0.0012137183398572514
0.38,84,0.0005758488842188123
0.38,85,0.0027217299354704264
0.38,86,0.0004242248203023232
0.38,87,0.0009765260202411765
0.38,88,-0.0014725038098979085
0.38,89,0.0001047963256461235
0.38,90,0.0020734934230844347
0.38,91,-0.00041014950649728504
0.38,92,-0.00018376250666096936
0.38,93,0.001434326260338695
0.38,94,0.0014047372831158579
0.38,95,-0.0011378000628544857
0.38,96,-0.0029950904853080626
0.38,97,0.0027765292558248203
0.38,98,0.004799838229710803
0.38,99,0.0012535228220120166
0.38,100,0.0004956224146391791
0.38,101,-9.380820530031186e-5
0.38,102,0.0036554500485927975
0.38,103,0.0024737978002752387
0.38,104,0.002422019714335238
0.38,105,0.0014319837019123526
0.38,106,0.0027253195801965517
0.38,107,-0.0011034944087608821
0.38,108,-0.0007745484758993549
0.38,109,-0.0006291979373287215
0.38,110,-0.0017905185774187275
0.38,111,-0.0003974527554721711
0.38,112,-0.0009969325099793514
0.38,113,0.0024201755034533334
0.38,114,-0.0018804630730019775
0.38,115,0.0023220650523657848
0.38,116,0.0015681600963969012
0.38,117,0.001423993897686442
0.38,118,-0.004116484595241695
0.38,119,0.0002346890682378212
0.38,120,-0.00041123504887209775
0.38,121,-0.0027071498446414777
0.38,122,0.0019610712806945297
0.38,123,0.0017319055799639754
0.38,124,0.0006679189419933317
0.38,125,-0.0019054457091982244
0.38,126,0.0016281078332931564
0.38,127,-0.0005782429511492974
0.38,128,-0.0007166974411065814
0.38,129,-0.001009636316023715
0.38,130,0.0015105635054361666
0.38,131,0.001129857880377572
0.38,132,0.0002731164744956276
0.38,133,-0.00018362438562389457
0.38,134,-0.0003715872819449248
0.38,135,0.0011020475487958238
0.38,136,-0.0021451883398015533
0.38,137,0.00377452910423336
0.38,138,0.00015410660480336236
0.38,139,0.0002843772229662476
0.38,140,0.0001583765136839676
0.38,141,-0.0001696998124984742
0.38,142,-0.0003398267038771135
0.38,143,0.0005252507747634624
0.38,144,0.0006368301410905575
0.38,145,0.0006703555407778826
0.38,146,0.0036515156267038977
0.38,147,-0.00025886085292385554
0.38,148,-0.0007293830485839162
0.38,149,0.0007961951086254864
0.38,150,0.0008261053839843753
0.38,151,-0.00020353517004999014
0.38,152,0.0008483902042209961
0.38,153,0.002349182200989195
0.38,154,0.0018770463943261677
0.38,155,0.0010762422695844457
0.38,156,-0.00010921925037827679
0.38,157,0.00013739229351741511
0.38,158,0.0011439238167052662
0.38,159,0.0007461353631793197
0.38,160,0.0012796390600329302
0.38,161,0.0005313060930661482
0.38,162,-0.00016934590337302526
0.38,163,-0.0021814930147459597
0.38,164,-0.002722178797503509
0.38,165,-5.062026540435438e-5
0.38,166,-0.0005670194286056065
0.38,167,0.0004973433761919977
0.38,168,0.0022351958479282685
0.38,169,0.002068733778916828
0.38,170,0.0009141489746338758
0.38,171,-0.0001240651463675036
0.38,172,-0.008068468857080971
0.38,173,-0.0016498133718387278
0.38,174,-0.0032489827883383404
0.38,175,0.003672579265167187
0.38,176,0.005511153991552566
0.38,177,0.005996572849738666
0.38,178,0.005434388311101682
0.38,179,-0.00272507624511622
0.38,180,-0.00482582179819829
0.38,181,0.0002276141193054488
0.38,182,0.000496269749839754
0.38,183,0.0006910995112187261
0.38,184,0.009556774241728197
0.38,185,0.019177008598466157
0.38,186,0.006496668239602397
0.38,187,0.0017300501400743563
0.38,188,0.0032853725008715443
0.38,189,0.002782867354722774
0.38,190,0.013902255965466164
0.38,191,-0.029499964725714888
0.38,192,0.4168237922229248
0.38,193,0.005649487043186132
0.38,194,0.0019421629150716104
0.38,195,-0.002426184051701887
0.38,196,0.000797021634008009
0.38,197,0.0009094323509971931
0.38,198,0.0008974128351243128
0.39,intercept,0.011604325468634888
0.39,1,0.0026756089838432737
0.39,2,0.00193284390098528
0.39,3,0.0007352401743349813
0.39,4,0.002023613768817988
0.39,5,-0.0008578829661271313
0.39,6,0.0016392120908162036
0.39,7,0.0017314745970009498
0.39,8,0.002196931659670857
0.39,9,-0.0005426288802562021
0.39,10,0.001835736108024798
0.39,11,-0.0015476765584573396
0.39,12,0.0003946093864137159
0.39,13,-0.0013413954779095388
0.39,14,0.00036005673604418836
0.39,15,2.1119488903066776e-5
0.39,16,0.000872280209858225
0.39,17,0.0003903881331795424
0.39,18,-0.0017113508390312546
0.39,19,0.0016674439482334358
0.39,20,-0.00200519020979651
0.39,21,0.0004853860232070874
0.39,22,-0.0006853442671754091
0.39,23,0.0005076104340451928
0.39,24,-0.002183453310099902
0.39,25,0.001839683008516654
0.39,26,0.002890746224732889
0.39,27,-0.004199524455536416
0.39,28,-0.0002003774339183209
0.39,29,8.666365469679255e-5
0.39,30,0.0014189261709378644
0.39,31,-0.0005850349841252343
0.39,32,0.0013412684638729872
0.39,33,-0.00030040052458137913
0.39,34,0.0020865248040392577
0.39,35,-0.001318893736203861
0.39,36,-0.002416277434247588
0.39,37,0.0008710320327215973
0.39,38,0.0012997023191672092
0.39,39,0.0012787635984092298
0.39,40,-0.002744209438586589
0.39,41,0.0024956456525916273
0.39,42,0.0010180445477693126
0.39,43,-0.0011717259325855409
0.39,44,-4.6472895216181714e-5
0.39,45,-0.00038093877455597225
0.39,46,0.0003189684457238381
0.39,47,-0.0028721371227703294
0.39,48,0.0020689922718491174
0.39,49,0.00035967291599564935
0.39,50,-0.0006406004110945502
0.39,51,-0.0012408688741971398
0.39,52,0.0010104435660625347
0.39,53,0.0012240299399768645
0.39,54,0.0013879049592800698
0.39,55,-0.0013559173275110386
0.39,56,0.002637894385206635
0.39,57,0.0013856668774898863
0.39,58,0.001718324169117272
0.39,59,0.0006828027694376137
0.39,60,0.00030933438749396045
0.39,61,0.0039028355615973592
0.39,62,-0.0005811623185836416
0.39,63,0.003575831775090933
0.39,64,-0.003671833254947498
0.39,65,0.0017070810106734088
0.39,66,-1.7132961261220028e-5
0.39,67,0.0007065281253450179
0.39,68,-0.0012174567828925962
0.39,69,0.0007931961654351519
0.39,70,-0.00013212777293934982
0.39,71,-0.0005964322031301982
0.39,72,-0.0013740435621352625
0.39,73,-0.0004676917091195225
0.39,74,0.000625610100067449
0.39,75,-0.0006929446460008357
0.39,76,-0.00047467109216580827
0.39,77,-0.0008224355514280056
0.39,78,-0.0011514522885326325
0.39,79,0.001062089705685539
0.39,80,-0.0011316716815461731
0.39,81,-0.0008316556405127658
0.39,82,-0.0010474175032311023
0.39,83,0.0010232161693048644
0.39,84,0.0008158762130095005
0.39,85,0.0028160106334715637
0.39,86,0.0007621895334946187
0.39,87,0.000951214735568606
0.39,88,-0.0014096206717106776
0.39,89,-0.00017392238430784016
0.39,90,0.002752597310414615
0.39,91,-0.001093962915603467
0.39,92,1.4818408107016686e-5
0.39,93,0.0009939919518519634
0.39,94,0.0013454737493959648
0.39,95,-0.0017340176933247934
0.39,96,-0.002527980606582253
0.39,97,0.002614886770128094
0.39,98,0.005046747926104021
0.39,99,0.0012001294013977478
0.39,100,0.0007125593664999097
0.39,101,-0.00012322295199198823
0.39,102,0.0032812491066868195
0.39,103,0.002221741954055868
0.39,104,0.002230119657543375
0.39,105,0.0012989527779789058
0.39,106,0.0029804762711501402
0.39,107,-0.0006234275552942389
0.39,108,-0.0016208689094012972
0.39,109,0.0003096292717450539
0.39,110,-0.002178865752380397
0.39,111,0.00018664637299363658
0.39,112,-0.0013085306671494486
0.39,113,0.002664333046066697
0.39,114,-0.00164043784865514
0.39,115,0.00245308845097008
0.39,116,0.0015102909929753925
0.39,117,0.0015405033254349177
0.39,118,-0.004267081206276661
0.39,119,0.00013685206510204444
0.39,120,-0.00020324234521891486
0.39,121,-0.0032047642279047013
0.39,122,0.0020481704370726014
0.39,123,0.0017889007148810972
0.39,124,0.0011338618118690606
0.39,125,-0.0020798187158800607
0.39,126,0.0015148788563751757
0.39,127,-0.0006464919365723229
0.39,128,-0.0007927662418760529
0.39,129,-0.0011966534907434396
0.39,130,0.001364501744985892
0.39,131,0.0010005816659926217
0.39,132,0.0005829123044525669
0.39,133,-0.00042214748160983344
0.39,134,-0.0009696482288598192
0.39,135,0.0015453624597608839
0.39,136,-0.0018155923186199952
0.39,137,0.003713908928634572
0.39,138,0.0003371166762774781
0.39,139,0.00033253898418852945
0.39,140,0.00017505696790564809
0.39,141,-0.0004715155254718834
0.39,142,-6.709193210231372e-5
0.39,143,0.0003776580631245288
0.39,144,0.0008915189358997642
0.39,145,9.445519042945696e-5
0.39,146,0.003515052173388322
0.39,147,-0.0002533048493813494
0.39,148,-0.0006104872469547812
0.39,149,0.00040158181583714294
0.39,150,0.0011608336498237293
0.39,151,1.0402627650995081e-5
0.39,152,0.00040770290341178816
0.39,153,0.002268457145652024
0.39,154,0.0017682897703906661
0.39,155,0.0008528397947590691
0.39,156,-0.0001366569522158698
0.39,157,0.00022230622244743343
0.39,158,0.0016193696266985802
0.39,159,0.0003950842709278993
0.39,160,0.0010131815848187483
0.39,161,0.0006262901627557586
0.39,162,0.00021390132010795152
0.39,163,-0.0025493283041152417
0.39,164,-0.0026384369705232604
0.39,165,-0.00012529952914406783
0.39,166,-0.0010609098061594797
0.39,167,0.000725431832549637
0.39,168,0.0021490368758308375
0.39,169,0.0027085852982354818
0.39,170,0.000680868618834528
0.39,171,-0.000537801823009626
0.39,172,-0.00713766316957159
0.39,173,-0.001572267587501346
0.39,174,-0.0032301184788054806
0.39,175,0.0038612159248325876
0.39,176,0.005245341052374147
0.39,177,0.005992044872936054
0.39,178,0.0053738758970718874
0.39,179,-0.002073245059487708
0.39,180,-0.005325246266311578
0.39,181,0.0005176694575220187
0.39,182,5.66765307872047e-5
0.39,183,0.0003864165772473167
0.39,184,0.009157857467365804
0.39,185,0.01935666621114549
0.39,186,0.006706333953933174
0.39,187,0.0011224397512002897
0.39,188,0.0033462696850883027
0.39,189,0.0030141247332915377
0.39,190,0.014030773417534613
0.39,191,-0.02979213344467727
0.39,192,0.4332592797090697
0.39,193,0.006495895136293354
0.39,194,0.0013595306432352657
0.39,195,-0.0023710736837915408
0.39,196,0.0007547718583522677
0.39,197,0.0008831008148491026
0.39,198,0.000869880728726841
0.4,intercept,0.011557972800709866
0.4,1,0.0025747913863855766
0.4,2,0.0019339520245772162
0.4,3,0.0009610521418332744
0.4,4,0.0019365295812638328
0.4,5,-0.0005408909679363779
0.4,6,0.0014251689650609724
0.4,7,0.0017365291989179608
0.4,8,0.001932156501627003
0.4,9,-0.00039898596848831963
0.4,10,0.001748833967997714
0.4,11,-0.0016843274438880522
0.4,12,0.0006207855342236189
0.4,13,-0.00151659249048997
0.4,14,0.00018180407304925204
0.4,15,-0.0001313773581586022
0.4,16,0.0007552241067777834
0.4,17,0.0005181838651988899
0.4,18,-0.0014196581845167052
0.4,19,0.0014823089737723708
0.4,20,-0.0018706639194712572
0.4,21,0.00018078303563385392
0.4,22,-0.0007520528239537081
0.4,23,0.0005405635804127544
0.4,24,-0.0021117020250127883
0.4,25,0.0016900142660383438
0.4,26,0.0029002406092733402
0.4,27,-0.0043828622821132516
0.4,28,0.00024881689977431117
0.4,29,-0.00047802282057543175
0.4,30,0.0022277117224367396
0.4,31,-0.0007319796208023397
0.4,32,0.00122362709211793
0.4,33,-0.0007560478886892925
0.4,34,0.0023023942499086772
0.4,35,-0.0015240394872801863
0.4,36,-0.0025074410693260085
0.4,37,0.0008545740486183406
0.4,38,0.0015245616830614694
0.4,39,0.0017896077690702263
0.4,40,-0.0031002761707808004
0.4,41,0.002478138826180336
0.4,42,0.0007654264607421922
0.4,43,-0.0008108256564902948
0.4,44,-0.00026077985447755007
0.4,45,-5.8162660961050374e-5
0.4,46,-8.218312648980231e-5
0.4,47,-0.002829602298679898
0.4,48,0.0018447843067687449
0.4,49,0.0008569636721887867
0.4,50,-0.0007620901122304968
0.4,51,-0.0011382009338979024
0.4,52,0.0007194301860435077
0.4,53,0.0013094109636440983
0.4,54,0.0011641833733358929
0.4,55,-0.001120447067847931
0.4,56,0.0023295270571193345
0.4,57,0.0011305049181936403
0.4,58,0.001965113047894566
0.4,59,0.0010046097393922007
0.4,60,9.109029419625627e-6
0.4,61,0.0038175911060323088
0.4,62,-0.000310661333880043
0.4,63,0.0037055164469947817
0.4,64,-0.003063262917583845
0.4,65,0.0013308473469072941
0.4,66,0.00022498223703208418
0.4,67,0.00038998135858783604
0.4,68,-0.00105700348295985
0.4,69,0.0009807661546685576
0.4,70,-3.559262229882383e-5
0.4,71,-0.0007538314178517614
0.4,72,-0.0016155583247770904
0.4,73,-0.00023507027675760643
0.4,74,0.0004724264625089445
0.4,75,-0.000803782927832372
0.4,76,-0.0002596186826113215
0.4,77,-0.0009491608943866048
0.4,78,-0.0009023084850337247
0.4,79,0.0012735513013141212
0.4,80,-0.0012968209289249111
0.4,81,-0.00042063031913552396
0.4,82,-0.0012195051240435077
0.4,83,0.0010680390641582458
0.4,84,0.0005676687826656087
0.4,85,0.0028554471566395556
0.4,86,0.0006355050175519927
0.4,87,0.0010447228314770872
0.4,88,-0.0013099198256747672
0.4,89,-7.480050501068328e-5
0.4,90,0.0022479177869014523
0.4,91,-0.0010783084916346501
0.4,92,0.0006851464065009385
0.4,93,0.00012717000205378026
0.4,94,0.0014436349463904177
0.4,95,-0.002073566824720428
0.4,96,-0.0018912248062439084
0.4,97,0.0026472278529121474
0.4,98,0.005148497748669146
0.4,99,0.0013908952741186573
0.4,100,0.0006084899030994427
0.4,101,-0.0007791971870219864
0.4,102,0.0034142429304327925
0.4,103,0.001962826175766374
0.4,104,0.0023215645418221344
0.4,105,0.0016980759017644165
0.4,106,0.003034789633055286
0.4,107,-0.0008510538569395068
0.4,108,-0.002051359219754304
0.4,109,0.0006304533661332494
0.4,110,-0.002181981615108853
0.4,111,2.3448080087587258e-5
0.4,112,-0.0009051951070691675
0.4,113,0.0022724603804006724
0.4,114,-0.0016128101382557399
0.4,115,0.002403526127803338
0.4,116,0.0018575376724028648
0.4,117,0.0012275682909977307
0.4,118,-0.003869407105327469
0.4,119,6.797497495670133e-5
0.4,120,-3.262536194582143e-5
0.4,121,-0.002753692740909302
0.4,122,0.0017578481959140818
0.4,123,0.0016182890139374252
0.4,124,0.0009638042236047374
0.4,125,-0.0023547234873700688
0.4,126,0.0012366669961308308
0.4,127,-0.00015707837044287
0.4,128,-0.0012423671145592335
0.4,129,-0.0010197579511276112
0.4,130,0.0017192330278999386
0.4,131,0.001081274169383986
0.4,132,0.00104619001665649
0.4,133,-0.0007353347164934656
0.4,134,-0.0010167903446264572
0.4,135,0.001321557886189001
0.4,136,-0.0015633762973918583
0.4,137,0.003491379133848783
0.4,138,0.00032187485878515615
0.4,139,0.0001633666122722263
0.4,140,0.00029261636180500744
0.4,141,-0.0006593566798284675
0.4,142,-0.0001926565642952253
0.4,143,0.00020446941183632506
0.4,144,0.0013575203849205358
0.4,145,0.0002064537452916782
0.4,146,0.0031547955741043966
0.4,147,-0.0002089349723329388
0.4,148,-0.00045679573328719975
0.4,149,1.4534091331766096e-5
0.4,150,0.0011119268583292376
0.4,151,-0.00042331191290351824
0.4,152,0.0007884004501646126
0.4,153,0.0020178741390785996
0.4,154,0.0022384483531345733
0.4,155,0.00037266475583720064
0.4,156,-7.2074872151319e-5
0.4,157,3.540650927228053e-5
0.4,158,0.0018399103609323547
0.4,159,-0.00036458590852107896
0.4,160,0.0018732828819357863
0.4,161,0.0006898597578228594
0.4,162,0.0005242754236843419
0.4,163,-0.003144098608702024
0.4,164,-0.0021049589719703554
0.4,165,-0.0003318421995100027
0.4,166,-0.0011148441718374289
0.4,167,0.0007251923805572073
0.4,168,0.001973497729737305
0.4,169,0.0031685038312874495
0.4,170,0.0009170873773684967
0.4,171,-0.00039664212431370386
0.4,172,-0.007654707429746908
0.4,173,-0.0010317090397695082
0.4,174,-0.0038094247932090827
0.4,175,0.004152032502616312
0.4,176,0.005128239864569133
0.4,177,0.006307645232287003
0.4,178,0.0049543466533818435
0.4,179,-0.001592344806249924
0.4,180,-0.005028122939814846
0.4,181,4.5982218224272773e-5
0.4,182,0.00029503761821826364
0.4,183,0.0003741675892368323
0.4,184,0.008835366249086077
0.4,185,0.019349774985777873
0.4,186,0.006425128631241418
0.4,187,0.0011191256409433699
0.4,188,0.00388719223277127
0.4,189,0.0024719159553037986
0.4,190,0.015565771626430868
0.4,191,-0.029590320702113426
0.4,192,0.4411233582831555
0.4,193,0.0066865767312270724
0.4,194,0.0012571559228301654
0.4,195,-0.002270764238071547
0.4,196,0.0007059150397672119
0.4,197,0.0008450863891857514
0.4,198,0.0008505079866182198
0.41,intercept,0.011510816879614288
0.41,1,0.0023964095095011114
0.41,2,0.0018711327847190696
0.41,3,0.0009220034199835437
0.41,4,0.0020283218831552794
0.41,5,-0.0005342795637654558
0.41,6,0.001101734896435787
0.41,7,0.0018469749630837216
0.41,8,0.0022158077506671922
0.41,9,-7.643688568413524e-5
0.41,10,0.0016642384829475693
0.41,11,-0.001486722732219293
0.41,12,0.00020405435368450758
0.41,13,-0.0007693014324059915
0.41,14,-2.8192387191113376e-5
0.41,15,-0.00015226148656930842
0.41,16,0.000570659063803781
0.41,17,0.0005342294030969675
0.41,18,-0.0009137295646770335
0.41,19,0.0011656266463649523
0.41,20,-0.0021710274918003277
0.41,21,0.00026879760219324794
0.41,22,-0.0008195237106204623
0.41,23,0.0003748307980154581
0.41,24,-0.0026291966952177053
0.41,25,0.001831004682924818
0.41,26,0.0031728594174299726
0.41,27,-0.004663338326175701
0.41,28,0.00037710951504325494
0.41,29,-0.0003553169570107451
0.41,30,0.001932937378699325
0.41,31,-0.0009039190714389694
0.41,32,0.0014941925653501021
0.41,33,-0.000501630024712623
0.41,34,0.002075818622725284
0.41,35,-0.0018178264921169158
0.41,36,-0.0024656420931908384
0.41,37,0.0009624294751016688
0.41,38,0.0013829214898934225
0.41,39,0.002052279814882717
0.41,40,-0.003391061545587833
0.41,41,0.0024760431210648524
0.41,42,0.0008761580537559481
0.41,43,-0.0006878860162558454
0.41,44,-0.0005422275983217563
0.41,45,-0.00022720928476823295
0.41,46,0.0004681425477201173
0.41,47,-0.002904794665691782
0.41,48,0.0022841355862437793
0.41,49,0.0007390732437352117
0.41,50,-0.0008549974402288317
0.41,51,-0.0014694511016709495
0.41,52,0.0005925890475110602
0.41,53,0.0011847383164629963
0.41,54,0.0015277939766927887
0.41,55,-0.0013850245266820312
0.41,56,0.0024652872318495665
0.41,57,0.001076309509335657
0.41,58,0.0017797068372640817
0.41,59,0.0007130605980493447
0.41,60,0.0004033391913641546
0.41,61,0.0039041124433310532
0.41,62,-0.0004037740500533451
0.41,63,0.0036900427799816224
0.41,64,-0.0029278826967005143
0.41,65,0.0018790752928930007
0.41,66,-0.00029900344737222574
0.41,67,0.00044806916140227576
0.41,68,-0.0007080300565721598
0.41,69,0.0005733865724375943
0.41,70,0.000270184758086505
0.41,71,-0.001042833613282704
0.41,72,-0.0012832605724863435
0.41,73,5.005822821454282e-5
0.41,74,0.00022617768925660363
0.41,75,-0.0007430269756185882
0.41,76,-0.001054798072786361
0.41,77,-0.0005471518024690693
0.41,78,-0.0008984737854557178
0.41,79,0.0011918997653905467
0.41,80,-0.0015091380077695213
0.41,81,-0.0004287693641372118
0.41,82,-0.0017223100960837064
0.41,83,0.0009492378173441741
0.41,84,0.0010563268372237823
0.41,85,0.0028909040341655915
0.41,86,0.000719950361701634
0.41,87,0.001026353998863239
0.41,88,-0.0016643396316636239
0.41,89,0.0002924594672617358
0.41,90,0.0026871111043660777
0.41,91,-0.001043116093299143
0.41,92,0.0004839150911194912
0.41,93,0.0006352227203177561
0.41,94,0.0013812268101991176
0.41,95,-0.0022542118880175183
0.41,96,-0.0016830822656898011
0.41,97,0.002562675659079374
0.41,98,0.004685740052034304
0.41,99,0.0015215488023532918
0.41,100,0.00034231194064039206
0.41,101,-0.0006643428074115606
0.41,102,0.0034890659934712284
0.41,103,0.001970809514352907
0.41,104,0.0022293415880465075
0.41,105,0.0021435440194641476
0.41,106,0.0028474678218347476
0.41,107,-0.0007498175766265068
0.41,108,-0.002267894278717895
0.41,109,0.00046115857643376333
0.41,110,-0.0014376792236808955
0.41,111,-0.0005697226606955393
0.41,112,-0.0007357740872065566
0.41,113,0.0020040497113121107
0.41,114,-0.0014820664565817674
0.41,115,0.0022970538436039695
0.41,116,0.0019374156921997748
0.41,117,0.0010312971414554273
0.41,118,-0.0036408532412153124
0.41,119,0.0002988238942976955
0.41,120,-0.0003952926912259986
0.41,121,-0.002420321273566249
0.41,122,0.0015438564800720328
0.41,123,0.0017425417006412278
0.41,124,0.0011577028082021274
0.41,125,-0.0020360079044046183
0.41,126,0.0008883891005900227
0.41,127,-1.217223754465531e-5
0.41,128,-0.0010888429702886233
0.41,129,-0.0010249540939710545
0.41,130,0.0016826763432011738
0.41,131,0.0007882732284508095
0.41,132,0.000878819254598508
0.41,133,-0.0008362844880262792
0.41,134,-0.0009861381516293143
0.41,135,0.0011877974445909103
0.41,136,-0.001427663941733798
0.41,137,0.0033255915110762977
0.41,138,9.793169813676985e-5
0.41,139,0.00037470968882405653
0.41,140,3.1333817285683086e-5
0.41,141,-0.0005952722879735349
0.41,142,-4.5294535642708746e-5
0.41,143,-0.0003354646339807927
0.41,144,0.0016926087283224707
0.41,145,5.788308068863358e-5
0.41,146,0.0035191159863880877
0.41,147,-0.00043886441798298754
0.41,148,-0.0002745722732601928
0.41,149,-0.00020662509915210107
0.41,150,0.0018093030921258664
0.41,151,-0.0006646639445568373
0.41,152,0.0005272482258746797
0.41,153,0.002411091528490256
0.41,154,0.0019781980388029526
0.41,155,0.00033279244832922243
0.41,156,-0.00045010438585854824
0.41,157,0.00016927572681648128
0.41,158,0.001562852017144907
0.41,159,0.00019335647911317863
0.41,160,0.0015161855789930022
0.41,161,0.0007082060238305526
0.41,162,0.00023777949144326412
0.41,163,-0.0031519497833800442
0.41,164,-0.002264105063942424
0.41,165,-7.074076067665273e-7
0.41,166,-0.001202870587694165
0.41,167,0.00046052680527684786
0.41,168,0.0025849866840406107
0.41,169,0.0029168508717298484
0.41,170,0.0008483306216327618
0.41,171,-0.00018324354404917857
0.41,172,-0.007615210381422351
0.41,173,-0.0009761983395700981
0.41,174,-0.003548111850083442
0.41,175,0.0037012893797399474
0.41,176,0.005018362281804794
0.41,177,0.006495430246951965
0.41,178,0.005447644407306904
0.41,179,-0.0023690046609171705
0.41,180,-0.0043541349252441295
0.41,181,0.000362268735795396
0.41,182,-0.0003274689608667847
0.41,183,0.0002319044083759843
0.41,184,0.009000422630909102
0.41,185,0.018927708255279594
0.41,186,0.005942563471490822
0.41,187,0.0011122102724779586
0.41,188,0.003287032252105337
0.41,189,0.0025796034985545984
0.41,190,0.015715435658074005
0.41,191,-0.029062349276219833
0.41,192,0.45168319262790846
0.41,193,0.006865589983419564
0.41,194,0.001703157151498019
0.41,195,-0.002227659974076083
0.41,196,0.0006573900508069212
0.41,197,0.0008166480222085192
0.41,198,0.0007948752869139063
0.42,intercept,0.011394296753296276
0.42,1,0.0021716306547152706
0.42,2,0.0027845699981941404
0.42,3,0.0003710416832078757
0.42,4,0.00253428899966769
0.42,5,-0.0009712575735452736
0.42,6,0.0013767950870741017
0.42,7,0.0013368837237048045
0.42,8,0.0025704366402818997
0.42,9,-0.0004246100800678724
0.42,10,0.0018812900311409838
0.42,11,-0.001662698843298872
0.42,12,0.0006876628479050632
0.42,13,-0.0010923609497069096
0.42,14,-0.00023753746631473765
0.42,15,0.00024062748047967
0.42,16,0.0005423677342245065
0.42,17,0.0007005766919822631
0.42,18,-0.0010382668371719263
0.42,19,0.0007561315449067563
0.42,20,-0.0011900175982263068
0.42,21,-2.6674462610347708e-6
0.42,22,-0.0009271857662719603
0.42,23,0.00031649824015774066
0.42,24,-0.0025357483092272115
0.42,25,0.0019688920648901335
0.42,26,0.0028634406049467
0.42,27,-0.004206232417971195
0.42,28,0.0005644261960868942
0.42,29,-0.0005680977766228019
0.42,30,0.0020648672678086474
0.42,31,-0.001103079976595362
0.42,32,0.00169080439031872
0.42,33,-0.0004720344933447956
0.42,34,0.0015936849859931382
0.42,35,-0.0014940283323377167
0.42,36,-0.002631850645782086
0.42,37,0.000999695733834171
0.42,38,0.0012615273530045376
0.42,39,0.0020618626832927143
0.42,40,-0.0034368699297947863
0.42,41,0.0025143574082524787
0.42,42,0.0009020545321482172
0.42,43,-0.0008347992850264072
0.42,44,-0.00048501424909072854
0.42,45,-0.00014930663327532054
0.42,46,0.0005094663181284916
0.42,47,-0.0030503533508425156
0.42,48,0.0019544552551652526
0.42,49,0.0013496720443056287
0.42,50,-0.0012090445395266625
0.42,51,-0.0013437531884517501
0.42,52,0.0010429526517032764
0.42,53,0.0008424768826640444
0.42,54,0.0016650888383646907
0.42,55,-0.0015540367416318644
0.42,56,0.002484784979156437
0.42,57,0.0009849268320894743
0.42,58,0.0018158446777786913
0.42,59,0.0004118532773729036
0.42,60,0.0006173107574379962
0.42,61,0.00381575218198443
0.42,62,-0.0006230017676659627
0.42,63,0.0034863264590170298
0.42,64,-0.0028443155564715976
0.42,65,0.002224704650615549
0.42,66,-0.0003792922380317929
0.42,67,-2.8186728394229274e-6
0.42,68,-0.0005113929933062572
0.42,69,0.0006664635614097008
0.42,70,-3.794458998065664e-5
0.42,71,-0.0008870705797311777
0.42,72,-0.0011374807751398308
0.42,73,-0.0005466975856160273
0.42,74,0.000247538054831175
0.42,75,-0.0010571325349621437
0.42,76,-0.0006879913202367422
0.42,77,-0.0005790505273340399
0.42,78,-0.0008360576048522875
0.42,79,0.0010198952404897352
0.42,80,-0.0013945948369951193
0.42,81,-0.0007255172436375325
0.42,82,-0.001717879760989852
0.42,83,0.0007160935811399068
0.42,84,0.0012640151565082541
0.42,85,0.0024342750421116484
0.42,86,0.0009525640026126462
0.42,87,0.0012670113112236985
0.42,88,-0.0021485374692871177
0.42,89,0.0003621490536024071
0.42,90,0.0027331669737060927
0.42,91,-0.00075789240603148
0.42,92,-0.00047496296233471696
0.42,93,0.002216049616117128
0.42,94,0.0007292476001081663
0.42,95,-0.002856487780730903
0.42,96,-0.001325320531884733
0.42,97,0.0027084276986304116
0.42,98,0.004309357960516557
0.42,99,0.0016372982948523944
0.42,100,0.0007709119444348685
0.42,101,-0.0008105478703107719
0.42,102,0.0031493056577177585
0.42,103,0.0021485684281323256
0.42,104,0.0020998620845068443
0.42,105,0.0023513162556825493
0.42,106,0.0024554512521576606
0.42,107,-0.00033990960214567273
0.42,108,-0.00210255205008001
0.42,109,0.0005693054860822947
0.42,110,-0.0019539565799789344
0.42,111,-0.00013056711853857243
0.42,112,-0.0009332712591966137
0.42,113,0.0017768678798595415
0.42,114,-0.0012177028867824044
0.42,115,0.002833586295910316
0.42,116,0.0017071104351434419
0.42,117,0.0016730930635886349
0.42,118,-0.003942494369319139
0.42,119,5.0517996075636616e-5
0.42,120,-0.0006481461380330505
0.42,121,-0.002029546337813378
0.42,122,0.0013875791427454625
0.42,123,0.0015591141067220222
0.42,124,0.0015749882588842103
0.42,125,-0.002307994715859268
0.42,126,0.0011203637161321903
0.42,127,8.271104401525952e-5
0.42,128,-0.001185179895393706
0.42,129,-0.001020045053401201
0.42,130,0.0019415394797738723
0.42,131,0.0009812513889378277
0.42,132,0.0007412147388115852
0.42,133,-0.0005661179324278407
0.42,134,-0.0011127650011201566
0.42,135,0.0008431225767059048
0.42,136,-0.0016400384642675575
0.42,137,0.002888649010348773
0.42,138,0.00038287334621294177
0.42,139,1.3987535827634267e-5
0.42,140,0.0002569368857594842
0.42,141,-0.0009613210936237741
0.42,142,0.0006075648109516108
0.42,143,-0.0007180962886792256
0.42,144,0.0020335097848952805
0.42,145,0.00021174087520468848
0.42,146,0.003396693298309083
0.42,147,-0.0002384512085998866
0.42,148,-0.0003197628402495953
0.42,149,-0.0003684505377100218
0.42,150,0.001318203628030649
0.42,151,-0.000801033471270475
0.42,152,0.0012103149766090999
0.42,153,0.0022605606913803657
0.42,154,0.0016890395556772493
0.42,155,0.000641355684649468
0.42,156,-0.000647891188940123
0.42,157,-0.0003647767891934472
0.42,158,0.0015417170127166664
0.42,159,0.0003597451824237406
0.42,160,0.001603677242305378
0.42,161,0.0006490280857794096
0.42,162,0.00027253454943640713
0.42,163,-0.003029467880471048
0.42,164,-0.0024301568101595646
0.42,165,-3.328625960200825e-5
0.42,166,-0.0012423607987232643
0.42,167,0.0005152331363129454
0.42,168,0.0023415869559016067
0.42,169,0.0034628153993072146
0.42,170,0.000575998656452807
0.42,171,0.00027095226522478504
0.42,172,-0.007479966140813754
0.42,173,-0.0008913167906646814
0.42,174,-0.0037215574266850704
0.42,175,0.0034816704074843324
0.42,176,0.005223850666390747
0.42,177,0.006282485029383596
0.42,178,0.005579754851902103
0.42,179,-0.0019825451622840023
0.42,180,-0.004703768730675016
0.42,181,0.00022571163650574052
0.42,182,-0.0003841301822943631
0.42,183,8.943452084837135e-5
0.42,184,0.008275851683122264
0.42,185,0.01936435881971452
0.42,186,0.006803059588873596
0.42,187,0.0006184650817992998
0.42,188,0.003510869683126676
0.42,189,0.002520764687536624
0.42,190,0.016065094768925398
0.42,191,-0.029298722072852026
0.42,192,0.4623201075727804
0.42,193,0.007312607042684203
0.42,194,0.0015260955122139497
0.42,195,-0.002185723395027702
0.42,196,0.000642131403752812
0.42,197,0.0008068825250530007
0.42,198,0.0007815630034772713
0.43,intercept,0.011330673720752926
0.43,1,0.0025327422683783522
0.43,2,0.0027334564016670095
0.43,3,-6.694521557659426e-5
0.43,4,0.0029885383905604666
0.43,5,-0.0013113640959529606
0.43,6,0.001207047613119133
0.43,7,0.0013741953128054108
0.43,8,0.0025223622921909474
0.43,9,0.00039760951423004466
0.43,10,0.0015398124345048102
0.43,11,-0.0016094176268872985
0.43,12,0.001056987978133391
0.43,13,-0.0015349678482927177
0.43,14,-0.0007382186978106828
0.43,15,0.001119406911031648
0.43,16,0.00025287151452642467
0.43,17,0.0012378953668898492
0.43,18,-0.0015304208693929702
0.43,19,0.0005332483698417295
0.43,20,-0.0010720935522362956
0.43,21,-5.1864434811686205e-5
0.43,22,-0.0008764757144087642
0.43,23,-6.581132866861165e-5
0.43,24,-0.0021854680862828605
0.43,25,0.002193069484832912
0.43,26,0.0027590563061020857
0.43,27,-0.0038137905330186185
0.43,28,0.00024125048709186615
0.43,29,-0.0004321502447621755
0.43,30,0.002130126637791485
0.43,31,-0.0010034208181078999
0.43,32,0.001490473821378218
0.43,33,-0.0004777751088255557
0.43,34,0.001473944384005173
0.43,35,-0.0016379394091853292
0.43,36,-0.0024189005898353406
0.43,37,0.0008197975146801356
0.43,38,0.0013647578167033335
0.43,39,0.001977634156863254
0.43,40,-0.003716875735474758
0.43,41,0.002761420218407068
0.43,42,0.0007701470517296777
0.43,43,-0.0006190767770712569
0.43,44,-0.0007048999932918774
0.43,45,-0.00011167338679392543
0.43,46,0.0006764440742207603
0.43,47,-0.0032650392548402934
0.43,48,0.0019681409869928327
0.43,49,0.0013222836223989777
0.43,50,-0.0010002115801706153
0.43,51,-0.0015673335161033365
0.43,52,0.0012536347829253
0.43,53,0.0010134084845569733
0.43,54,0.0015734614613546237
0.43,55,-0.0019748789622408723
0.43,56,0.0025440853554064705
0.43,57,0.0013218212746205957
0.43,58,0.001713530831642164
0.43,59,0.000270251915370115
0.43,60,0.0008515697762200395
0.43,61,0.0036209938525302555
0.43,62,-0.0008191419273244662
0.43,63,0.0036100947176387335
0.43,64,-0.002943096272383408
0.43,65,0.0018519887506471665
0.43,66,-5.7831611392115e-5
0.43,67,-1.9011987281618165e-5
0.43,68,-0.0005047842499380811
0.43,69,0.0005438374432877543
0.43,70,0.0001068025293139283
0.43,71,-0.0012192168115224451
0.43,72,-0.0004578309981015684
0.43,73,-0.0008549262410384079
0.43,74,0.0001980387518925695
0.43,75,-0.0011718560181679868
0.43,76,-0.0003776396946003766
0.43,77,-0.0007539790841879484
0.43,78,-0.0002605674609880721
0.43,79,0.00048147144681487706
0.43,80,-0.000991938025650638
0.43,81,-0.0006860203478737938
0.43,82,-0.001723641856852444
0.43,83,0.0004981620761797218
0.43,84,0.001650200329490549
0.43,85,0.0019438003102289305
0.43,86,0.0008300033174953585
0.43,87,0.00170981567764221
0.43,88,-0.0025797814531480644
0.43,89,0.0011296711675189682
0.43,90,0.002653010400499271
0.43,91,-0.00032289752863514455
0.43,92,-0.0007750410577451783
0.43,93,0.002508000503083017
0.43,94,0.00011715341308109415
0.43,95,-0.0032918331574918916
0.43,96,-0.0007692081116339464
0.43,97,0.002581277058829986
0.43,98,0.004068329844806332
0.43,99,0.001735214846988497
0.43,100,0.0008122737799474472
0.43,101,-0.0001970315628856296
0.43,102,0.003048033234262497
0.43,103,0.0021237065850598477
0.43,104,0.002487141994988535
0.43,105,0.0020444293422410952
0.43,106,0.002370838802445957
0.43,107,-0.00031119950030828564
0.43,108,-0.0023501205499704926
0.43,109,0.0011442260527346614
0.43,110,-0.00203303550886011
0.43,111,5.312899044436151e-5
0.43,112,-0.0009977499518590129
0.43,113,0.0018295200491856899
0.43,114,-0.0010817404367676425
0.43,115,0.0026680582966646907
0.43,116,0.0013969523111483258
0.43,117,0.002070077858772244
0.43,118,-0.003875722159657872
0.43,119,-0.00014628298831726315
0.43,120,-0.0008505056322715563
0.43,121,-0.002024245318810124
0.43,122,0.0011099162217400344
0.43,123,0.0018866807475197264
0.43,124,0.0014019967731897678
0.43,125,-0.001937371554179382
0.43,126,0.0009345068933984594
0.43,127,-9.348974062709009e-5
0.43,128,-0.001149382092514107
0.43,129,-0.0010660985455478399
0.43,130,0.0021368138425948827
0.43,131,0.0012166975288047995
0.43,132,0.0006010801044698892
0.43,133,-0.0005805646657144461
0.43,134,-0.000953393495892316
0.43,135,0.0011089943485526413
0.43,136,-0.0018550218199200766
0.43,137,0.0029111645028360375
0.43,138,0.00016662843201046588
0.43,139,-0.00029594666677571976
0.43,140,0.0004482261751722349
0.43,141,-0.0010031384917068272
0.43,142,0.0006471615374199816
0.43,143,-0.001053673067280136
0.43,144,0.0021748465041177825
0.43,145,0.00020864289170374203
0.43,146,0.0038606983852578387
0.43,147,-0.0006862059369529916
0.43,148,-1.0108702527125077e-5
0.43,149,-0.000648898726710502
0.43,150,0.0012130076691225348
0.43,151,-0.0008732825973518449
0.43,152,0.0014369668346188066
0.43,153,0.0024643823605590845
0.43,154,0.0012832440321647962
0.43,155,0.0011484602002768663
0.43,156,-0.0007526346663552357
0.43,157,-0.00035642694198427473
0.43,158,0.0016630986023176387
0.43,159,0.0005597608958987014
0.43,160,0.0012708287541535073
0.43,161,0.000710305108930254
0.43,162,0.0003607555494718534
0.43,163,-0.002455558634212636
0.43,164,-0.00255182872997478
0.43,165,0.0003897421853017885
0.43,166,-0.0012832865937850975
0.43,167,0.000606628141556991
0.43,168,0.0020852263141423384
0.43,169,0.0034971651107503342
0.43,170,0.0006870730677134844
0.43,171,-0.0002176414257939583
0.43,172,-0.006875004986383951
0.43,173,-0.0007153962260142224
0.43,174,-0.003917118524399008
0.43,175,0.0031243341372111785
0.43,176,0.005279485879557587
0.43,177,0.006227616338898105
0.43,178,0.005330811950280099
0.43,179,-0.0016328200770786326
0.43,180,-0.004161223774120235
0.43,181,-0.00031171688011909156
0.43,182,-0.0006431066491372713
0.43,183,-2.837428305766568e-6
0.43,184,0.008061163963612719
0.43,185,0.018836445085088183
0.43,186,0.00790397165483893
0.43,187,0.00034830463790041095
0.43,188,0.0039491737594838025
0.43,189,0.002522032185655487
0.43,190,0.016136804545103408
0.43,191,-0.029646805784362174
0.43,192,0.4684857566184021
0.43,193,0.007226992631378061
0.43,194,0.0019217382274906132
0.43,195,-0.0021674879568362015
0.43,196,0.0006041549416367294
0.43,197,0.0007985116293409184
0.43,198,0.0007731071154056558
0.44,intercept,0.011214799766520766
0.44,1,0.0032211178358323316
0.44,2,0.002542780980908793
0.44,3,-5.8459082012284066e-5
0.44,4,0.003412803006877051
0.44,5,-0.001817587078363887
0.44,6,0.0015360566842410107
0.44,7,0.0009424854039129549
0.44,8,0.0028618233364224267
0.44,9,0.00028911700844558313
0.44,10,0.0017131190859336592
0.44,11,-0.001993142025847309
0.44,12,0.0010306655474920305
0.44,13,-0.001751392879529767
0.44,14,-0.0005299189549056911
0.44,15,0.0010069694339283769
0.44,16,0.0005100135462234998
0.44,17,0.0009237234902240262
0.44,18,-0.0011435721738979204
0.44,19,0.0001933693386481556
0.44,20,-0.0006292164909629186
0.44,21,-0.0003397856371902169
0.44,22,-0.00110875218219211
0.44,23,-0.00014684602353377704
0.44,24,-0.001990148996482135
0.44,25,0.002031359537228803
0.44,26,0.0026242831469077185
0.44,27,-0.0032607903480838412
0.44,28,-1.7396418197154153e-5
0.44,29,-0.00046822762735706716
0.44,30,0.002200390280325592
0.44,31,-0.000989315043488389
0.44,32,0.001493618310931413
0.44,33,-0.0005410195910145237
0.44,34,0.0013638114445045815
0.44,35,-0.0018502497272920838
0.44,36,-0.0021332954092615126
0.44,37,0.0006467825274821384
0.44,38,0.001939929317636231
0.44,39,0.0018516593155617446
0.44,40,-0.00417713281243339
0.44,41,0.002882530095195838
0.44,42,0.00035044934256540965
0.44,43,0.0001488115806096172
0.44,44,-0.001278425952912957
0.44,45,0.00036610084905040123
0.44,46,0.0006625662894334704
0.44,47,-0.0030821500574779305
0.44,48,0.001650854324467272
0.44,49,0.0011487885191715074
0.44,50,-0.0007435293893776982
0.44,51,-0.0013868990019306406
0.44,52,0.0009514568821497118
0.44,53,0.0012156133532238284
0.44,54,0.0015326161529648358
0.44,55,-0.0020066891059825442
0.44,56,0.0024258838164996632
0.44,57,0.0016554888920919523
0.44,58,0.0013569782903668872
0.44,59,0.0007023270548372431
0.44,60,0.0006058195440435416
0.44,61,0.003986218037993131
0.44,62,-0.0009874590650436183
0.44,63,0.0037328418398303548
0.44,64,-0.0031703162068851673
0.44,65,0.0018066590586340847
0.44,66,6.375691315636696e-5
0.44,67,0.00010062202723312995
0.44,68,-0.0006342879867738487
0.44,69,0.00033465492474332286
0.44,70,0.00040396285996449
0.44,71,-0.001377746622745411
0.44,72,-0.00013487976867118383
0.44,73,-0.0005481122094845556
0.44,74,6.129673132952575e-5
0.44,75,-0.0011605272208686332
0.44,76,-0.0005157332082288761
0.44,77,-0.00032168178050176065
0.44,78,-0.0008156521322424903
0.44,79,0.0006628885974161605
0.44,80,-0.0009498454251119873
0.44,81,-0.00042024718371194036
0.44,82,-0.0020852289497159185
0.44,83,0.000549413153496837
0.44,84,0.001909607529558704
0.44,85,0.0021450368161478536
0.44,86,0.0006002048871497111
0.44,87,0.0013883212216383495
0.44,88,-0.002208590089000399
0.44,89,0.0006297135142223083
0.44,90,0.002429714934291874
0.44,91,-0.0005585147917559056
0.44,92,-0.000490607886470486
0.44,93,0.0021632315321010774
0.44,94,0.0003235267353009936
0.44,95,-0.003417942990106836
0.44,96,-0.001513338968759274
0.44,97,0.0033039096774892234
0.44,98,0.0037003797108173934
0.44,99,0.0014124046775145327
0.44,100,0.0011514613000326817
0.44,101,-0.0003798866187777181
0.44,102,0.0034271059645748264
0.44,103,0.0016767656473876996
0.44,104,0.002882279904980259
0.44,105,0.0019449206649217428
0.44,106,0.002014590205605354
0.44,107,0.00024045483322267507
0.44,108,-0.002203947482457985
0.44,109,0.0012430396706885401
0.44,110,-0.001841949558282702
0.44,111,-0.00032132667341746164
0.44,112,-0.001205544537098805
0.44,113,0.0020238238690839213
0.44,114,-0.0010255294879633913
0.44,115,0.002263761392597734
0.44,116,0.001720045420509715
0.44,117,0.0017426050007282466
0.44,118,-0.0038044200788147475
0.44,119,0.00014393454191487972
0.44,120,-0.00085173832883905
0.44,121,-0.0021848253382006043
0.44,122,0.0013081684977494909
0.44,123,0.0014988614402540134
0.44,124,0.0017771587398033185
0.44,125,-0.002246527507497951
0.44,126,0.0009438235126875161
0.44,127,-0.0003153205690031502
0.44,128,-0.0011921365427199988
0.44,129,-0.0009601522049550943
0.44,130,0.001959473595958967
0.44,131,0.001768587299013884
0.44,132,0.0003080594464378157
0.44,133,-0.0002680775405411519
0.44,134,-0.0011269575764469193
0.44,135,0.0008486986002341525
0.44,136,-0.0014301963024120064
0.44,137,0.00278860292373492
0.44,138,0.00044731415187500187
0.44,139,-0.00043368292831048514
0.44,140,0.0004239526373326414
0.44,141,-0.001217136493339889
0.44,142,0.0005866329531744416
0.44,143,-0.0010263052703545657
0.44,144,0.0019393521604374477
0.44,145,0.00044886250350948347
0.44,146,0.0033531886633543914
0.44,147,-0.00027973411701942856
0.44,148,-5.560847619253014e-5
0.44,149,-0.0005655052202353495
0.44,150,0.0010575552772313051
0.44,151,-0.0009704479739981522
0.44,152,0.0014794082183345273
0.44,153,0.0024689412229248484
0.44,154,0.001207503571092716
0.44,155,0.0009984699271661077
0.44,156,-0.000390324797165353
0.44,157,-0.0007158707275249968
0.44,158,0.0016749630913546058
0.44,159,0.0008593372960788759
0.44,160,0.0011662852913576613
0.44,161,0.0006327725776258217
0.44,162,0.00016441467863572988
0.44,163,-0.002110002654922783
0.44,164,-0.002689491497668246
0.44,165,0.0005393150897954804
0.44,166,-0.0014205368715080133
0.44,167,0.00024801507558862334
0.44,168,0.0021779773472553427
0.44,169,0.0038659437941891447
0.44,170,0.0007440450463890692
0.44,171,-0.0003290122473629388
0.44,172,-0.006609339732645131
0.44,173,-0.0007407641772454532
0.44,174,-0.004264666069682102
0.44,175,0.0033006318447482497
0.44,176,0.0046841973960241754
0.44,177,0.0064813744417981135
0.44,178,0.005053151941848267
0.44,179,-0.001590719631465088
0.44,180,-0.004060520921231901
0.44,181,-0.00033977606199254523
0.44,182,-0.00041787618453390256
0.44,183,-6.907792601650895e-5
0.44,184,0.007781312385173118
0.44,185,0.01947881146011201
0.44,186,0.007677000379977107
0.44,187,0.0002469492072925156
0.44,188,0.004623169134204092
0.44,189,0.0018881730561058157
0.44,190,0.01591610742074748
0.44,191,-0.02945717320018286
0.44,192,0.47898612992720474
0.44,193,0.007546414656235013
0.44,194,0.00245890061232632
0.44,195,-0.002116963624214953
0.44,196,0.0005640728879004881
0.44,197,0.0007532712816748473
0.44,198,0.0007277117770915272
0.45,intercept,0.01099262000767267
0.45,1,0.002934967103373833
0.45,2,0.002623831353339245
0.45,3,-0.0003908517127690767
0.45,4,0.0035024626421957844
0.45,5,-0.0019759140039656876
0.45,6,0.0015256172496460926
0.45,7,0.0007896516263634219
0.45,8,0.0027825286055737568
0.45,9,0.0002870433505278741
0.45,10,0.001631562502828567
0.45,11,-0.0019536296829282536
0.45,12,0.000993178985993253
0.45,13,-0.0012508233506291922
0.45,14,-0.0007064434931511989
0.45,15,0.0008607771222681362
0.45,16,0.00039929376543518876
0.45,17,0.0007784332698206243
0.45,18,-0.0013276534636375654
0.45,19,0.0008349288789687408
0.45,20,-0.000620519113170221
0.45,21,-0.0005398491787229943
0.45,22,-0.0011207682654732027
0.45,23,-0.0005946501789879034
0.45,24,-0.0015994995516275218
0.45,25,0.0022596759439841513
0.45,26,0.0027537098055733186
0.45,27,-0.003525603317826668
0.45,28,0.00021329574796732562
0.45,29,-0.0004782808272418167
0.45,30,0.0022121182560584747
0.45,31,-0.0010488723436833055
0.45,32,0.0019391147840762627
0.45,33,-0.0005440854819953112
0.45,34,0.0010886401930600379
0.45,35,-0.001288036535469021
0.45,36,-0.0023185200136053782
0.45,37,0.00024183258532308615
0.45,38,0.002381342214264547
0.45,39,0.0018165644721319818
0.45,40,-0.004683840768247998
0.45,41,0.0029090455925421125
0.45,42,0.0004917284019795823
0.45,43,0.00010841368545765211
0.45,44,-0.0013312351653022817
0.45,45,0.0004543914165287974
0.45,46,0.0006564442034254718
0.45,47,-0.0030042129386810474
0.45,48,0.0011549162615817666
0.45,49,0.0012141192898534742
0.45,50,-0.0005878286280661675
0.45,51,-0.0013385703857858912
0.45,52,0.0009433751184698354
0.45,53,0.0010784841020100877
0.45,54,0.0013278045647915394
0.45,55,-0.0018048831968086763
0.45,56,0.002282897860362447
0.45,57,0.0016900348853437369
0.45,58,0.0013650917714403091
0.45,59,0.00028434031601618767
0.45,60,0.0009383491804150395
0.45,61,0.003654733331748368
0.45,62,-0.0009719608987061888
0.45,63,0.003802114693723709
0.45,64,-0.0032828705093585556
0.45,65,0.0014939105562278459
0.45,66,0.00044393050044012227
0.45,67,-1.7712935788764396e-5
0.45,68,-0.00020520547413854518
0.45,69,0.0005452891617312139
0.45,70,-0.0004181901276165808
0.45,71,-0.0010616794136613394
0.45,72,-0.00040136361164414854
0.45,73,0.00010730928458704723
0.45,74,-0.0003656083321901111
0.45,75,-0.0009525912417121479
0.45,76,-0.0005215232686458533
0.45,77,-0.000433977844454122
0.45,78,-0.0006421475942270124
0.45,79,0.0005987208389422665
0.45,80,-0.0011626212705160403
0.45,81,-0.0004886893720486561
0.45,82,-0.0019575041670482924
0.45,83,0.0005233810093236955
0.45,84,0.002423282511647546
0.45,85,0.0017924898501317965
0.45,86,0.0006955116022680222
0.45,87,0.0011275055243336505
0.45,88,-0.0016535158807623265
0.45,89,0.0005584665217450022
0.45,90,0.002536242535856246
0.45,91,-0.0010101015665392725
0.45,92,-0.0002758656894173915
0.45,93,0.002097812839754432
0.45,94,-0.0002880748573202397
0.45,95,-0.0031739813253010866
0.45,96,-0.0017808675234693143
0.45,97,0.003117561265553844
0.45,98,0.0038294750599433495
0.45,99,0.001693742321481111
0.45,100,0.0006469065443655979
0.45,101,-0.00020727901933904566
0.45,102,0.0036054334762969775
0.45,103,0.0011782559019669645
0.45,104,0.002892756507354209
0.45,105,0.0015782802525653012
0.45,106,0.0018684333067948947
0.45,107,0.0007170380511446875
0.45,108,-0.0018549301630103225
0.45,109,0.0004530781752056749
0.45,110,-0.0016390204138276192
0.45,111,-0.00022225997805551468
0.45,112,-0.0015753119120655878
0.45,113,0.0020037998288155536
0.45,114,-0.00034537886476429454
0.45,115,0.0026236565019479084
0.45,116,0.001115372529793104
0.45,117,0.0017671106596579868
0.45,118,-0.003338015399217147
0.45,119,7.988563922724126e-5
0.45,120,-0.0008866805247086406
0.45,121,-0.0016039539858904099
0.45,122,0.0010217784391688938
0.45,123,0.001224731387831845
0.45,124,0.0019427456617690936
0.45,125,-0.002109190431843459
0.45,126,0.0006286786034384162
0.45,127,-0.0007761473649835822
0.45,128,-0.0004740338617254988
0.45,129,-0.0011340219307995447
0.45,130,0.0017719457990424353
0.45,131,0.0021115857126232243
0.45,132,0.00023176220606342063
0.45,133,-0.0004229346717039637
0.45,134,-0.0012351063444967266
0.45,135,0.0008147330934208401
0.45,136,-0.0016128176524566578
0.45,137,0.003028356861867818
0.45,138,0.0008593245802053069
0.45,139,-0.0006953308356903423
0.45,140,9.883399692714958e-5
0.45,141,-0.0005687513949351993
0.45,142,0.00032195250777363344
0.45,143,-0.0007113697371914435
0.45,144,0.0016877093299029458
0.45,145,0.0005813319855518122
0.45,146,0.002911888214870444
0.45,147,-0.00017224238820243634
0.45,148,0.00026232834261504976
0.45,149,-0.0007535339109939245
0.45,150,0.0012068868586729631
0.45,151,-0.0012654347190306436
0.45,152,0.0015991252781431648
0.45,153,0.002416031707699969
0.45,154,0.0010409646901915989
0.45,155,0.0014347488019436192
0.45,156,-0.000559969025488843
0.45,157,-0.0011773789801035577
0.45,158,0.0019047398341338433
0.45,159,0.0014432865426346872
0.45,160,0.0012517989188825579
0.45,161,0.0003713459719729293
0.45,162,0.00043742031717566973
0.45,163,-0.0026690130779968594
0.45,164,-0.002302132596161245
0.45,165,0.0003044523806105572
0.45,166,-0.0013756023576581545
0.45,167,0.00045301098241130324
0.45,168,0.002322214717929405
0.45,169,0.0037574772425223216
0.45,170,0.0010104534024129896
0.45,171,-0.000400781464336661
0.45,172,-0.006628490710463981
0.45,173,-0.0008009455262031316
0.45,174,-0.004085366566658686
0.45,175,0.003143681073460042
0.45,176,0.004563000382117491
0.45,177,0.007340428808384191
0.45,178,0.00454776861430406
0.45,179,-0.0016146671260338049
0.45,180,-0.0033504607858398008
0.45,181,-0.0008182111704808289
0.45,182,-0.0002805237921727663
0.45,183,-0.0003533493431549734
0.45,184,0.007802587607570487
0.45,185,0.01965738787106454
0.45,186,0.007902816982208261
0.45,187,1.3850545828969611e-5
0.45,188,0.004510473591257113
0.45,189,0.0024835135750870844
0.45,190,0.015269020799477083
0.45,191,-0.031219644768596493
0.45,192,0.49467719061207116
0.45,193,0.007917415435754038
0.45,194,0.0028389229670671865
0.45,195,-0.002035931062835874
0.45,196,0.0004789198548279069
0.45,197,0.0007204583700331797
0.45,198,0.0007060018496539075
0.46,intercept,0.01092929475024591
0.46,1,0.0026745443671189924
0.46,2,0.0032139872379745313
0.46,3,-0.0007448655184161358
0.46,4,0.0038303906962959193
0.46,5,-0.0022814485199867673
0.46,6,0.0016898174744972442
0.46,7,0.0006307903682420613
0.46,8,0.0025679008468726624
0.46,9,0.0011673725907976945
0.46,10,0.001086962629870481
0.46,11,-0.0018169907553293473
0.46,12,0.0009822935435693902
0.46,13,-0.0014440658474238503
0.46,14,-0.0009310274876018674
0.46,15,0.0008631745201707075
0.46,16,0.00022024150725763765
0.46,17,0.00059511843913339
0.46,18,-0.0016257511883086514
0.46,19,0.0009830684552542325
0.46,20,-0.0007062204252819279
0.46,21,-8.85438068717165e-5
0.46,22,-0.0017014807900140707
0.46,23,-0.000512131050828567
0.46,24,-0.0015823041120447856
0.46,25,0.0017007147536539278
0.46,26,0.002792853933468626
0.46,27,-0.0030057657425055363
0.46,28,0.0003061768096386548
0.46,29,-0.0010633632882880925
0.46,30,0.0028162239648394003
0.46,31,-0.0016219618159167013
0.46,32,0.0023531732806502254
0.46,33,-0.0005037847449829027
0.46,34,0.00092726172411235
0.46,35,-0.0012257192740336435
0.46,36,-0.0024201327287409332
0.46,37,0.00023830924379259473
0.46,38,0.0025097152222325813
0.46,39,0.0013710301120662776
0.46,40,-0.0038167718747328734
0.46,41,0.0026337312861215794
0.46,42,0.0004787598224940645
0.46,43,0.00019019530130808302
0.46,44,-0.0011224578241171455
0.46,45,0.000766200089841589
0.46,46,0.0005061600206590684
0.46,47,-0.0030238523001664677
0.46,48,0.0016808286987262306
0.46,49,0.0006451478596921355
0.46,50,-0.00047545759814383387
0.46,51,-0.001488485410804143
0.46,52,0.0008947938139011852
0.46,53,0.001094423430188231
0.46,54,0.0015083325439712602
0.46,55,-0.0013725191377745476
0.46,56,0.0020943407395726176
0.46,57,0.0015350552172210036
0.46,58,0.0013567179755041912
0.46,59,0.0007158966458001967
0.46,60,0.00020840349371004858
0.46,61,0.0032372590602826696
0.46,62,-0.000255184752241619
0.46,63,0.003693643717722926
0.46,64,-0.003743615166679154
0.46,65,0.001801773900362146
0.46,66,0.0008349171910122218
0.46,67,-1.853300542958787e-5
0.46,68,-0.0005274292848095777
0.46,69,0.0005868220623587233
0.46,70,-0.0008746894235547864
0.46,71,-0.0009483472642116497
0.46,72,-2.3893826608017796e-5
0.46,73,-0.0003255219376403274
0.46,74,-0.0005571439432631608
0.46,75,-0.00010563058685855899
0.46,76,-0.0008436632773053443
0.46,77,-0.00037046607218999895
0.46,78,-0.001093610411935648
0.46,79,0.0012423535520954517
0.46,80,-0.0012990893928448144
0.46,81,-0.0003710819561037294
0.46,82,-0.001747420067792935
0.46,83,-0.0001093886608610798
0.46,84,0.0023190027964656887
0.46,85,0.001995959275803803
0.46,86,0.0007075863860289501
0.46,87,0.000979885565954449
0.46,88,-0.002092629802521262
0.46,89,0.0012190778025780663
0.46,90,0.002502506883399109
0.46,91,-0.0011239012753626702
0.46,92,-0.00018028580775811048
0.46,93,0.0022617032245170897
0.46,94,-0.0005562553181515392
0.46,95,-0.003550039760452416
0.46,96,-0.002020414456413788
0.46,97,0.0033082785310294795
0.46,98,0.0036915909299031864
0.46,99,0.001918687752956478
0.46,100,0.0003756739090969045
0.46,101,0.0002543301253186189
0.46,102,0.0031824265524351123
0.46,103,0.0011038585882179697
0.46,104,0.002840139636341807
0.46,105,0.001747029007477384
0.46,106,0.0013456167925109152
0.46,107,0.0009921134132365819
0.46,108,-0.002180701682530721
0.46,109,0.0007204550840658841
0.46,110,-0.0013676142006448463
0.46,111,-0.0006085887628357374
0.46,112,-0.0014701840088209718
0.46,113,0.0019558695759994155
0.46,114,0.00014513576837250317
0.46,115,0.0019260715405427838
0.46,116,0.0011730963733399598
0.46,117,0.0017551520717048387
0.46,118,-0.0029927900032826007
0.46,119,0.00028776229130635214
0.46,120,-0.0009564654768476561
0.46,121,-0.0012246941890500962
0.46,122,0.0009077256660221073
0.46,123,0.0007609721279816535
0.46,124,0.0020450220872130632
0.46,125,-0.0016319912310975542
0.46,126,0.000515698033783111
0.46,127,-0.0008358568981827315
0.46,128,-0.0003709134905197954
0.46,129,-0.0007297293077570679
0.46,130,0.0017536161016502188
0.46,131,0.0018303596204510889
0.46,132,0.00021812368654845437
0.46,133,-0.00030750934680912935
0.46,134,-0.001277121586343122
0.46,135,0.00043694816235586236
0.46,136,-0.0012612982495824269
0.46,137,0.003116994659628415
0.46,138,0.0007286144506238527
0.46,139,-0.0009523355716029072
0.46,140,0.00022751321424908485
0.46,141,-0.0003314663261839856
0.46,142,-5.516254783307161e-5
0.46,143,-0.00025655416794887
0.46,144,0.001487365276791688
0.46,145,0.0008221523984434868
0.46,146,0.0023926399160404685
0.46,147,7.553999369164994e-5
0.46,148,-0.00011702482583834753
0.46,149,-0.0011775637315840708
0.46,150,0.0018606795448426689
0.46,151,-0.0008811974454881894
0.46,152,0.0010574469370053484
0.46,153,0.002606811135243558
0.46,154,0.0006764598770212754
0.46,155,0.0017533162363639536
0.46,156,-0.0006980142013130245
0.46,157,-0.0013110643108553552
0.46,158,0.002188702080982524
0.46,159,0.0011507492773512077
0.46,160,0.0013980255701435975
0.46,161,0.0004409573980442933
0.46,162,0.00041173642311971597
0.46,163,-0.00245711057469902
0.46,164,-0.002320837324691448
0.46,165,0.00026692254368743324
0.46,166,-0.0015206499704021287
0.46,167,0.0005387430822502346
0.46,168,0.0019743896180469908
0.46,169,0.004209150173241709
0.46,170,0.0008573086244572007
0.46,171,-0.00013276882738525266
0.46,172,-0.00692753328128314
0.46,173,-0.0005982490981641717
0.46,174,-0.004511043899065428
0.46,175,0.003360032774357807
0.46,176,0.004540442759885851
0.46,177,0.007274903198972667
0.46,178,0.004689073755446093
0.46,179,-0.001956102191102497
0.46,180,-0.002796772228547711
0.46,181,-0.0013485081744113033
0.46,182,-6.135430029461384e-5
0.46,183,-0.00045580616339221865
0.46,184,0.007978100949387942
0.46,185,0.01907744243566053
0.46,186,0.00817101757873668
0.46,187,0.00040109916629724776
0.46,188,0.0041494549024639156
0.46,189,0.0020487219494665326
0.46,190,0.014858106450199315
0.46,191,-0.031127564472149535
0.46,192,0.5063265991095035
0.46,193,0.007871810795116441
0.46,194,0.0029392227448148335
0.46,195,-0.002039328724523615
0.46,196,0.00041126504949763224
0.46,197,0.0007203055645191642
0.46,198,0.0006721859694518474
0.47,intercept,0.010897727370102646
0.47,1,0.0019685749431446035
0.47,2,0.004052758264529945
0.47,3,-0.0005182022359728401
0.47,4,0.004108401388961694
0.47,5,-0.002309501446510463
0.47,6,0.0014667594351843133
0.47,7,0.0007882394935715663
0.47,8,0.002512537067123768
0.47,9,0.0013193197294672256
0.47,10,0.0009446606831213836
0.47,11,-0.002100125427578233
0.47,12,0.0009052669606557515
0.47,13,-0.0014366035059305347
0.47,14,-0.00027152327812965957
0.47,15,0.0010139746590596148
0.47,16,-0.00021772806814196732
0.47,17,0.0008762697449890483
0.47,18,-0.0011403296044839599
0.47,19,0.000885069539554916
0.47,20,-0.0008139682993464983
0.47,21,-0.000223694039159829
0.47,22,-0.0018867523289532947
0.47,23,-0.0009010017712678756
0.47,24,-0.0012728937184316375
0.47,25,0.0014788958157996134
0.47,26,0.0024608488456907105
0.47,27,-0.0028782294372742866
0.47,28,0.00044372281249198636
0.47,29,-0.0012095844384113778
0.47,30,0.002846112432957257
0.47,31,-0.0018825475278652331
0.47,32,0.0021533073511707055
0.47,33,0.0003804191483280146
0.47,34,0.000693914986103906
0.47,35,-0.001164221722929293
0.47,36,-0.0021534361512749413
0.47,37,0.00037691579963106413
0.47,38,0.00199103346331682
0.47,39,0.0018875912253891926
0.47,40,-0.0035221365110811426
0.47,41,0.0024207996564595837
0.47,42,0.0001871448484334906
0.47,43,-0.00042757046902902536
0.47,44,-0.0011296437605388245
0.47,45,0.001098483066843439
0.47,46,0.0005713213799652253
0.47,47,-0.002799809753896448
0.47,48,0.001957593476701307
0.47,49,0.00042467130678011184
0.47,50,-0.00018123561798983365
0.47,51,-0.0014249863777387184
0.47,52,0.0006693324818485792
0.47,53,0.0009143793378128966
0.47,54,0.0017042478442975471
0.47,55,-0.001234576261864452
0.47,56,0.00210074400251162
0.47,57,0.001328753756589375
0.47,58,0.0010060817795544271
0.47,59,0.0006725355544460962
0.47,60,4.506365639799872e-5
0.47,61,0.0032879380772506714
0.47,62,-0.00010914614889759978
0.47,63,0.0036400664026054698
0.47,64,-0.0036549128237210295
0.47,65,0.0019096664459975659
0.47,66,0.0008694939317157837
0.47,67,0.0002685002269122941
0.47,68,-0.0009027350314234433
0.47,69,0.0005419732068985305
0.47,70,-0.0005759709311656536
0.47,71,-0.0010635308971535188
0.47,72,-5.4334975238945066e-5
0.47,73,6.860736202749529e-5
0.47,74,-0.0005972565897623624
0.47,75,-0.0003153915897504967
0.47,76,-0.0009250708523608814
0.47,77,-0.0006181550057201985
0.47,78,-0.0010343201937595555
0.47,79,0.001099216343698517
0.47,80,-0.0008112224427003465
0.47,81,-0.00027100134066899685
0.47,82,-0.0013655573042356045
0.47,83,-0.00010675389280061587
0.47,84,0.0023248135327942447
0.47,85,0.0017382064780107512
0.47,86,0.0009608965958872092
0.47,87,0.0010415054463773557
0.47,88,-0.0025987864655125613
0.47,89,0.0016382693179236919
0.47,90,0.0023160120644330315
0.47,91,-0.001605109062052559
0.47,92,-0.00029906541007133176
0.47,93,0.0025451255876583006
0.47,94,-0.0003677187696700228
0.47,95,-0.004059993736020682
0.47,96,-0.0015473672131719792
0.47,97,0.003129861548675718
0.47,98,0.0037109218241837233
0.47,99,0.0018380472846211593
0.47,100,0.0003956238489121388
0.47,101,0.00032170191766736
0.47,102,0.002956150932627752
0.47,103,0.0012191135682310275
0.47,104,0.002579430836442596
0.47,105,0.0020225804059405693
0.47,106,0.0012279801177917764
0.47,107,0.001052695262105095
0.47,108,-0.0022967160007619923
0.47,109,0.0006673516201310533
0.47,110,-0.0015686104124654143
0.47,111,-1.1497876336865777e-5
0.47,112,-0.0017243119189037513
0.47,113,0.0016756100037062201
0.47,114,0.0012275155172187973
0.47,115,0.0017985726138729228
0.47,116,0.0007405152927945491
0.47,117,0.0022765059465983065
0.47,118,-0.0031161023394636602
0.47,119,0.0002594754367463941
0.47,120,-0.001098253249269353
0.47,121,-0.0007482680782196921
0.47,122,0.0007996526707674092
0.47,123,5.859128642968793e-5
0.47,124,0.001992705608276538
0.47,125,-0.0014305245985297105
0.47,126,0.0006649156069514525
0.47,127,-0.0009254774974770465
0.47,128,-0.00040704137437962243
0.47,129,-0.0006102571642587094
0.47,130,0.0013339037006593474
0.47,131,0.0021168128258543897
0.47,132,-0.0002913592289341817
0.47,133,-4.211368732854141e-6
0.47,134,-0.0016072476892057981
0.47,135,0.0013281121226521864
0.47,136,-0.0013931038845457727
0.47,137,0.002625829782945465
0.47,138,0.0013854486951310574
0.47,139,-0.0014624249328804243
0.47,140,0.0003002700151057074
0.47,141,-0.0003886790763877628
0.47,142,0.0002697337299156932
0.47,143,-0.0008751649881493974
0.47,144,0.0014689486527086316
0.47,145,0.000753683452248877
0.47,146,0.002529787997437953
0.47,147,5.5448164010872105e-5
0.47,148,-0.00045866314984200425
0.47,149,-0.0014408665148702114
0.47,150,0.0019405409903402715
0.47,151,-0.0009064855145313819
0.47,152,0.0013067434788743653
0.47,153,0.0025261575039147617
0.47,154,0.00043517700480270936
0.47,155,0.0016578038101315185
0.47,156,-0.0006244434962517744
0.47,157,-0.001175667275510562
0.47,158,0.002265809200584031
0.47,159,0.0012659099225765709
0.47,160,0.0010407419883876506
0.47,161,0.0004552774072289451
0.47,162,0.0006469010571544647
0.47,163,-0.0021962982601963377
0.47,164,-0.0020355985937598226
0.47,165,-0.0001483618176632802
0.47,166,-0.001828974623626115
0.47,167,0.0006853444757163258
0.47,168,0.001778131105383384
0.47,169,0.004392817765758498
0.47,170,0.0005511677649183398
0.47,171,-0.00015547132070840107
0.47,172,-0.006898162594883551
0.47,173,-0.0008396392613105206
0.47,174,-0.004826212004328478
0.47,175,0.003497867921573992
0.47,176,0.005090714257906136
0.47,177,0.007388059919651904
0.47,178,0.004574011402213545
0.47,179,-0.001683948047131542
0.47,180,-0.003032831550080954
0.47,181,-0.0017054115710010485
0.47,182,-3.039838488664688e-5
0.47,183,-0.0007542449854935111
0.47,184,0.008647859083766026
0.47,185,0.01858167430046218
0.47,186,0.008978044651389329
0.47,187,-0.0006867536717441898
0.47,188,0.004759804357570939
0.47,189,0.0023300418372968926
0.47,190,0.014829816202372162
0.47,191,-0.031550971559920316
0.47,192,0.5153017349114678
0.47,193,0.008126068032603405
0.47,194,0.002815123824762828
0.47,195,-0.0020068011207891073
0.47,196,0.0004072760035968615
0.47,197,0.000698198264028663
0.47,198,0.0006718811130662749
0.48,intercept,0.010751427566851287
0.48,1,0.0018336781396742175
0.48,2,0.003815731700298705
0.48,3,-0.0007357895567636373
0.48,4,0.004573378851894605
0.48,5,-0.0020809658659747235
0.48,6,0.0013767196350765788
0.48,7,0.0006883744686244306
0.48,8,0.0026402419529192784
0.48,9,0.0011919673505178432
0.48,10,0.0010544180986063415
0.48,11,-0.0022104291234332166
0.48,12,0.0006492504293122962
0.48,13,-0.0018504066889718756
0.48,14,-6.2100352053617826e-6
0.48,15,0.001054524099281495
0.48,16,-0.000454490458695603
0.48,17,0.0007873379255716883
0.48,18,-0.0009933918895535967
0.48,19,0.0010284588108390566
0.48,20,-0.0010406857323153492
0.48,21,0.00010279416313693202
0.48,22,-0.0014912893247619847
0.48,23,-0.0010389357899128605
0.48,24,-0.0009589167528841164
0.48,25,0.0011721549747913437
0.48,26,0.0023163621762595267
0.48,27,-0.0029532962550729907
0.48,28,0.0002089714488224119
0.48,29,-0.0010231619511167616
0.48,30,0.0031346513363543255
0.48,31,-0.002316344107490532
0.48,32,0.0025420725828579163
0.48,33,0.00010874270666943081
0.48,34,0.0005628630197033061
0.48,35,-0.0010628278731187016
0.48,36,-0.002309247308448734
0.48,37,-6.95504741817079e-5
0.48,38,0.002195281513283034
0.48,39,0.0015224266104286598
0.48,40,-0.003062578070842869
0.48,41,0.002201989094021178
0.48,42,0.00018862706906160474
0.48,43,-0.0005265558232330809
0.48,44,-0.0015337219542021876
0.48,45,0.0010056400900242365
0.48,46,0.0006210698656285724
0.48,47,-0.002807490855422943
0.48,48,0.0019834800019113115
0.48,49,0.0002936306502443162
0.48,50,0.00015396280026999597
0.48,51,-0.0014169906197588273
0.48,52,0.0006133172689295684
0.48,53,0.0009906447603483532
0.48,54,0.001755648032442214
0.48,55,-0.001333332874184171
0.48,56,0.0018826379591500345
0.48,57,0.0012736719167925799
0.48,58,0.0005283767291056603
0.48,59,0.0014030916604844004
0.48,60,-0.0003104736401650492
0.48,61,0.003252881080330165
0.48,62,0.00022003008504003382
0.48,63,0.003440363244592047
0.48,64,-0.0034816039588756336
0.48,65,0.0019300710371869007
0.48,66,0.0005987138780054777
0.48,67,0.0003607608162585029
0.48,68,-0.0012459056639643124
0.48,69,0.0007984708914922134
0.48,70,-0.00043424147243726463
0.48,71,-0.0011721473895209072
0.48,72,-0.0001015422043040523
0.48,73,0.00035371625315714673
0.48,74,-0.0008834180279999585
0.48,75,1.988409260772783e-5
0.48,76,-0.0012372825575335943
0.48,77,-0.0004786432655662112
0.48,78,-0.001453875255518902
0.48,79,0.001849096499950637
0.48,80,-0.0013072271611149747
0.48,81,-0.00013162477845035732
0.48,82,-0.0012182090779354155
0.48,83,-0.0005552011572584472
0.48,84,0.0026680580475245347
0.48,85,0.0017848818078335642
0.48,86,0.0006630801328416546
0.48,87,0.0015638786837424753
0.48,88,-0.002965175731148211
0.48,89,0.0018631767544462696
0.48,90,0.0016247886644727898
0.48,91,-0.0010313136182412107
0.48,92,-0.0005693907249809105
0.48,93,0.0018247666439579547
0.48,94,0.0005166824080937729
0.48,95,-0.004348608003204806
0.48,96,-0.0008868592332919164
0.48,97,0.0032293064866449465
0.48,98,0.0035541298292555176
0.48,99,0.0019255629495644453
0.48,100,0.00016545122890741166
0.48,101,0.0001329998659733198
0.48,102,0.0024926489705048294
0.48,103,0.0013947185939705024
0.48,104,0.0026020238170241347
0.48,105,0.0018956297777227478
0.48,106,0.0015176348852931581
0.48,107,0.0013180690017866874
0.48,108,-0.0019432811376412116
0.48,109,0.0009819659881854673
0.48,110,-0.0015256007746238236
0.48,111,-0.00019378460595737197
0.48,112,-0.0021686930603939144
0.48,113,0.0015857698873025477
0.48,114,0.0013422284215607741
0.48,115,0.0013122602350699453
0.48,116,0.0008744988841070251
0.48,117,0.0021127432678106016
0.48,118,-0.002766965032299476
0.48,119,3.0770795668912516e-5
0.48,120,-0.0011483643931815884
0.48,121,-0.00016088344183492266
0.48,122,0.00043502393236753744
0.48,123,0.00021687964960409253
0.48,124,0.0019865636488654637
0.48,125,-0.0013099037363019017
0.48,126,0.00042901161478999244
0.48,127,-0.000988029721414757
0.48,128,-0.00019006390869023704
0.48,129,-0.0010162756528399707
0.48,130,0.0018708930444954553
0.48,131,0.001936154995628116
0.48,132,-0.0002953613274304553
0.48,133,-0.00022877571092676997
0.48,134,-0.00139991147278653
0.48,135,0.001582702650464228
0.48,136,-0.0015767405057990362
0.48,137,0.0028538860329332207
0.48,138,0.0008975866691000595
0.48,139,-0.0010802331006223936
0.48,140,0.0001884570734361448
0.48,141,-0.00023448292739048355
0.48,142,0.00027098910698872
0.48,143,-0.0010830024889581812
0.48,144,0.0017045612919030398
0.48,145,0.0005856895618270173
0.48,146,0.00187350423377364
0.48,147,0.00022126284409327825
0.48,148,-0.000487889200024924
0.48,149,-0.0014220700200444445
0.48,150,0.0025049988784117076
0.48,151,-0.0013449584497630858
0.48,152,0.0013081012517225203
0.48,153,0.0024108682528609505
0.48,154,0.0006366423410125544
0.48,155,0.001582328579490212
0.48,156,-0.0006304198404684794
0.48,157,-0.0009464180448009697
0.48,158,0.0019137958840558006
0.48,159,0.0015756365216407532
0.48,160,0.000989011746024601
0.48,161,9.67016585408651e-5
0.48,162,0.0011804463025305405
0.48,163,-0.0018710991658851838
0.48,164,-0.0020151403579497683
0.48,165,-0.00040829980765296614
0.48,166,-0.0015146974833731982
0.48,167,0.0010222161994190614
0.48,168,0.001305043020832521
0.48,169,0.00476758260749421
0.48,170,0.0009991817194876657
0.48,171,-0.0003138779763993823
0.48,172,-0.006938530012870747
0.48,173,-0.0004780596126171491
0.48,174,-0.004871073036439109
0.48,175,0.0033093767530987593
0.48,176,0.004901208815866737
0.48,177,0.007636229922829661
0.48,178,0.004415757394728443
0.48,179,-0.0016346872290430032
0.48,180,-0.0028288558859716115
0.48,181,-0.0024301302953437655
0.48,182,0.00031582012545779196
0.48,183,-0.0006570518059862249
0.48,184,0.00808160756025087
0.48,185,0.01871237060745347
0.48,186,0.008965948011992627
0.48,187,-0.0003171085821426556
0.48,188,0.0037311891893687067
0.48,189,0.002989289536082124
0.48,190,0.015310826759727614
0.48,191,-0.03153472053132896
0.48,192,0.5273814518484514
0.48,193,0.007947916511643368
0.48,194,0.0030469328656335696
0.48,195,-0.0019558192226699347
0.48,196,0.0003438803519929556
0.48,197,0.0006656745453132006
0.48,198,0.0006362165426241299
0.49,intercept,0.010575634197879573
0.49,1,0.002322072872681993
0.49,2,0.0035298236520067347
0.49,3,-0.0005817272872186452
0.49,4,0.004108466599376586
0.49,5,-0.002264917877040994
0.49,6,0.0016594141665364486
0.49,7,0.000449375574169323
0.49,8,0.0023935554371217237
0.49,9,0.0013760452356299806
0.49,10,0.0007229425714919418
0.49,11,-0.001952116629578565
0.49,12,0.00037802398275256326
0.49,13,-0.00168809507164942
0.49,14,-3.0050549120705973e-5
0.49,15,0.001591220074969385
0.49,16,-0.0006469107015416467
0.49,17,0.0004392989889394516
0.49,18,-0.0009138132862119313
0.49,19,0.0012053479248529584
0.49,20,-0.0015451515839816636
0.49,21,0.00024488496215306535
0.49,22,-0.0017563900953231444
0.49,23,-0.0007217066932959622
0.49,24,-0.0014837262850655663
0.49,25,0.001394372399639867
0.49,26,0.0022915057717460014
0.49,27,-0.0028206910941426786
0.49,28,5.782165265913501e-5
0.49,29,-0.0010159253643609938
0.49,30,0.0030811662570370112
0.49,31,-0.001976018704489391
0.49,32,0.002685137100099658
0.49,33,1.4168801870353889e-5
0.49,34,0.000426638938453546
0.49,35,-0.0009601263639612451
0.49,36,-0.0019403434227974648
0.49,37,-0.00038195847090086155
0.49,38,0.002050126687364014
0.49,39,0.0011837948545748963
0.49,40,-0.0027478158501675672
0.49,41,0.0021276188709751956
0.49,42,0.0003642234476091207
0.49,43,-0.0007493953001664921
0.49,44,-0.0014540661168505286
0.49,45,0.0007007726895206
0.49,46,0.0010738585215858774
0.49,47,-0.0032121825261602253
0.49,48,0.0023516738202041614
0.49,49,0.0004310427615511956
0.49,50,0.00042286213555928003
0.49,51,-0.0017032127616541301
0.49,52,0.0006289384612018925
0.49,53,0.0007447471128960864
0.49,54,0.0019103339593700924
0.49,55,-0.001451629157636631
0.49,56,0.001796415662322164
0.49,57,0.001355409072148348
0.49,58,0.0005576493336650321
0.49,59,0.0014360417654667437
0.49,60,-0.00022477606958409743
0.49,61,0.003087367095790378
0.49,62,0.00023562828005349926
0.49,63,0.0034277214354945427
0.49,64,-0.0035663128804432347
0.49,65,0.0020295807732587995
0.49,66,0.000600051643648189
0.49,67,0.0005499431253874223
0.49,68,-0.001545801461998143
0.49,69,0.0010128934240345275
0.49,70,-0.0007421826315131975
0.49,71,-0.00116453289362474
0.49,72,4.3035620584119e-5
0.49,73,-7.475981426933823e-5
0.49,74,-0.0006751184248568808
0.49,75,0.00033896598077766307
0.49,76,-0.0014058395286242428
0.49,77,-0.0003746811243732568
0.49,78,-0.0017523193384375482
0.49,79,0.002200149007249666
0.49,80,-0.001376903334288513
0.49,81,-0.0002778569987858512
0.49,82,-0.0010865337024711702
0.49,83,-0.00043433612191885696
0.49,84,0.002255977695598216
0.49,85,0.0013648154045429956
0.49,86,0.0008238602922832725
0.49,87,0.0023959365872958955
0.49,88,-0.0028717214881832575
0.49,89,0.0017820597333783876
0.49,90,0.001496765822960286
0.49,91,-0.0018337584467821503
0.49,92,-3.5854573031223654e-5
0.49,93,0.0016251209880909433
0.49,94,0.0008192326535426878
0.49,95,-0.0040194666622420635
0.49,96,-0.0016975155928379583
0.49,97,0.003140177548127555
0.49,98,0.00356491156662081
0.49,99,0.00192273005594102
0.49,100,3.421237642538846e-5
0.49,101,-0.00018557309318754743
0.49,102,0.002669279411482584
0.49,103,0.0010165272240804666
0.49,104,0.002749202877815506
0.49,105,0.0017542327705657873
0.49,106,0.0015569740005443801
0.49,107,0.001344740871078836
0.49,108,-0.0015027622333117932
0.49,109,0.0007133446140572828
0.49,110,-0.001270127513214153
0.49,111,0.00017641190936334243
0.49,112,-0.002300587701833237
0.49,113,0.0013903627962151225
0.49,114,0.0018117198215968728
0.49,115,0.0010125047445525236
0.49,116,0.0008321707597940597
0.49,117,0.0029088886780683446
0.49,118,-0.003658371192496409
0.49,119,0.00045532709690772436
0.49,120,-0.0011441342712995967
0.49,121,-0.0003513851982910934
0.49,122,0.00012719752959082614
0.49,123,0.00027100005821780897
0.49,124,0.002735515232765614
0.49,125,-0.002181855106010554
0.49,126,0.0008777354141560601
0.49,127,-0.0011667999146139293
0.49,128,0.00021676731549765335
0.49,129,-0.0014128019728687031
0.49,130,0.0023102991307036524
0.49,131,0.001572852053510564
0.49,132,-0.0006265939526662826
0.49,133,-0.00011373477901218117
0.49,134,-0.001280314146982284
0.49,135,0.0016683789630044887
0.49,136,-0.0019070891981719678
0.49,137,0.002719314236569509
0.49,138,0.0013672808070421723
0.49,139,-0.0014128207556328822
0.49,140,0.0003040772001256099
0.49,141,-0.00018245808094224375
0.49,142,0.00018490291449422132
0.49,143,-0.0008638245512770327
0.49,144,0.0013228205782227318
0.49,145,0.000568569021784388
0.49,146,0.0017683222470014387
0.49,147,-0.00032837709521008773
0.49,148,0.00012321130091910517
0.49,149,-0.0013468932377590757
0.49,150,0.0019113368073157676
0.49,151,-0.0011957617520216561
0.49,152,0.0012058535013285613
0.49,153,0.0026873922928864736
0.49,154,0.0007590487596120783
0.49,155,0.0015182823817529918
0.49,156,-0.0008102743742912914
0.49,157,-0.0005941956559808294
0.49,158,0.001396351603300365
0.49,159,0.001302540554761205
0.49,160,0.0011625390767776203
0.49,161,0.000386730788322769
0.49,162,0.0007747200026897557
0.49,163,-0.001619476176741765
0.49,164,-0.001941372148887969
0.49,165,-0.00022931298391606526
0.49,166,-0.001402146079638894
0.49,167,0.00046159163833481086
0.49,168,0.0018322738794050444
0.49,169,0.00467223110681677
0.49,170,0.0012610840715709525
0.49,171,-0.0007497207184900523
0.49,172,-0.006724216657602178
0.49,173,-0.0006018373107390842
0.49,174,-0.004506594834549546
0.49,175,0.0028422103894141294
0.49,176,0.004389754899534492
0.49,177,0.007856623595094104
0.49,178,0.004881151984701731
0.49,179,-0.0019936666654615113
0.49,180,-0.0026223785235808426
0.49,181,-0.002859549559451926
0.49,182,0.0003687105741808363
0.49,183,-0.0011898688083551163
0.49,184,0.007801242810996939
0.49,185,0.019966610694951103
0.49,186,0.008135128100896366
0.49,187,0.00021206582714577247
0.49,188,0.0034240059867046524
0.49,189,0.002871444777701551
0.49,190,0.014311047128096147
0.49,191,-0.03093328708456531
0.49,192,0.5438183218220111
0.49,193,0.008305025579339912
0.49,194,0.002692798315503955
0.49,195,-0.0018975070355092627
0.49,196,0.0002737930206541679
0.49,197,0.0006101048295019083
0.49,198,0.0006146830194512481
0.5,intercept,0.010540012083052703
0.5,1,0.0026889212661944813
0.5,2,0.0036493305571729754
0.5,3,-0.000716837322185127
0.5,4,0.0038908617553372023
0.5,5,-0.001763551898750647
0.5,6,0.001006226148031333
0.5,7,0.0006927675273838236
0.5,8,0.002435239017363811
0.5,9,0.001296134834715124
0.5,10,0.000994821453606779
0.5,11,-0.00207629166700538
0.5,12,0.0005727851880580165
0.5,13,-0.0013855548860893492
0.5,14,8.602745118670194e-5
0.5,15,0.0010116696729034005
0.5,16,-0.0005320271969302886
0.5,17,0.000525230998566515
0.5,18,-0.0008995782601413224
0.5,19,0.0009972573694843811
0.5,20,-0.001548980296138757
0.5,21,0.0005170941916684832
0.5,22,-0.0020698118345371403
0.5,23,-0.0008947538965126878
0.5,24,-0.0009228736051199873
0.5,25,0.0010095916222064793
0.5,26,0.002225397048613088
0.5,27,-0.0027494238823755636
0.5,28,0.00016214841838879998
0.5,29,-0.0011380841043639256
0.5,30,0.0032014013940104623
0.5,31,-0.001999480959796262
0.5,32,0.0022151718468253517
0.5,33,0.00016590578311855917
0.5,34,0.0003767694685329829
0.5,35,-0.0007905820422975498
0.5,36,-0.0020636366639620197
0.5,37,-0.0003933800075035141
0.5,38,0.00196896201283107
0.5,39,0.0010534198892320013
0.5,40,-0.0028966114068905363
0.5,41,0.002253865651105649
0.5,42,0.0005154917302352526
0.5,43,-0.0011513022856681782
0.5,44,-0.0015764420057280432
0.5,45,0.000897165888954131
0.5,46,0.0010154183607953237
0.5,47,-0.0032146203340557983
0.5,48,0.00215603827428909
0.5,49,0.0009290137424852043
0.5,50,0.0003849199558944765
0.5,51,-0.0019003699082751318
0.5,52,0.0005900643850822048
0.5,53,0.0004785642824054559
0.5,54,0.0023699468863835013
0.5,55,-0.0015096515623070725
0.5,56,0.0015784405010308914
0.5,57,0.0017677917985805408
0.5,58,0.00028038168286178617
0.5,59,0.0013897525419822305
0.5,60,-0.0004553729083852114
0.5,61,0.002788993854330875
0.5,62,0.0009980493591649029
0.5,63,0.003406574218145243
0.5,64,-0.0034689196419295525
0.5,65,0.0019424999156174073
0.5,66,0.0005691484581068402
0.5,67,0.0005755434537922983
0.5,68,-0.0014418009212707865
0.5,69,0.0011231744164721064
0.5,70,-0.001265394448541099
0.5,71,-0.000559606825427595
0.5,72,-9.426471443557045e-5
0.5,73,-0.0008203175883437076
0.5,74,-3.3702692109049024e-5
0.5,75,-0.00016997652429603637
0.5,76,-0.0013960755405285658
0.5,77,-0.0005481460205093517
0.5,78,-0.0016122586984105673
0.5,79,0.002623465735450768
0.5,80,-0.0017537674633805404
0.5,81,0.00042296045834819913
0.5,82,-0.0015010315631684109
0.5,83,-0.0003764682068313249
0.5,84,0.001986767778441264
0.5,85,0.0015288448603820934
0.5,86,0.0008846138629781182
0.5,87,0.002598734256818156
0.5,88,-0.0032101946262972077
0.5,89,0.002209711368815693
0.5,90,0.001497038642784059
0.5,91,-0.0024302373893702305
0.5,92,0.000467875248214447
0.5,93,0.0017318627642392709
0.5,94,0.0003790045926498841
0.5,95,-0.004140961738360279
0.5,96,-0.00084531060875763
0.5,97,0.002374596300945648
0.5,98,0.003395484515679791
0.5,99,0.0020949747593491555
0.5,100,0.00019284865756306785
0.5,101,-3.1022827433919134e-5
0.5,102,0.0027720145172536264
0.5,103,0.0006869805014103169
0.5,104,0.0024571559592206976
0.5,105,0.0014983104988930199
0.5,106,0.0018936170475602507
0.5,107,0.0011978171043192326
0.5,108,-0.0012106656623430197
0.5,109,3.143733219311235e-5
0.5,110,-0.0005887835847420917
0.5,111,4.3505787655191244e-5
0.5,112,-0.002591154116858411
0.5,113,0.001828597933634594
0.5,114,0.0016140899278162017
0.5,115,0.0016110077201854102
0.5,116,0.0005250242343007879
0.5,117,0.0024260502323977125
0.5,118,-0.0033124724530764343
0.5,119,-3.572638407744189e-5
0.5,120,-0.0008098214092555112
0.5,121,-0.0003213644602278463
0.5,122,9.44084734226243e-5
0.5,123,0.00039378101115410656
0.5,124,0.0027439567805966282
0.5,125,-0.002633379932639168
0.5,126,0.0008546394806558396
0.5,127,-0.0012926510747139615
0.5,128,0.0004866626401613901
0.5,129,-0.0011132037123332522
0.5,130,0.002220076186568281
0.5,131,0.0015492270026321153
0.5,132,-0.0009949261369535324
0.5,133,0.00018999225055372538
0.5,134,-0.0009276960445285637
0.5,135,0.0013848556355684168
0.5,136,-0.002285436354360189
0.5,137,0.0030752011385511914
0.5,138,0.001181824829028463
0.5,139,-0.0014014584365285372
0.5,140,0.00026914240885480124
0.5,141,0.0002196114246310183
0.5,142,2.2088189507221428e-5
0.5,143,-0.0008045191861591211
0.5,144,0.0011215199491972955
0.5,145,0.0005646779424679464
0.5,146,0.001376216215310064
0.5,147,-4.2464183640924284e-5
0.5,148,0.0003439125644041318
0.5,149,-0.0014297431238052096
0.5,150,0.0017203130314849045
0.5,151,-0.0008142737756999466
0.5,152,0.0005860656736585718
0.5,153,0.0028278991477450324
0.5,154,0.00046970835179358173
0.5,155,0.0020140318597592697
0.5,156,-0.0013644878481301446
0.5,157,0.00013141883864727284
0.5,158,0.0013066383009981647
0.5,159,0.0015196864219644624
0.5,160,0.0010136787798556857
0.5,161,0.000352671974451084
0.5,162,0.0010094226157898436
0.5,163,-0.001538740552196147
0.5,164,-0.001466738409383339
0.5,165,-0.00040782692173564237
0.5,166,-0.0016735549829562997
0.5,167,0.000487805974397924
0.5,168,0.0018738775004096472
0.5,169,0.004447113591895688
0.5,170,0.0011061665409102242
0.5,171,-0.00048131616221027584
0.5,172,-0.007016517627922906
0.5,173,-0.0006273277483785757
0.5,174,-0.004558686885452445
0.5,175,0.0030003268297862304
0.5,176,0.0038676114702061778
0.5,177,0.008071501427395726
0.5,178,0.005254269666614409
0.5,179,-0.0021126870822988355
0.5,180,-0.0018490003847046609
0.5,181,-0.00361928898311145
0.5,182,0.0002922742317632958
0.5,183,-0.001648467234500072
0.5,184,0.007705851196239008
0.5,185,0.020019143168138007
0.5,186,0.008400491212369956
0.5,187,0.00017640087227895662
0.5,188,0.0035082552440584246
0.5,189,0.002604442310320453
0.5,190,0.014208071432540215
0.5,191,-0.031397539320113646
0.5,192,0.5534598777846939
0.5,193,0.008555491184868426
0.5,194,0.0031705771171211205
0.5,195,-0.001818257293837
0.5,196,0.00026001941649941276
0.5,197,0.0005788053262296214
0.5,198,0.0005995684350177446
0.51,intercept,0.01043254506245455
0.51,1,0.0023989734462469036
0.51,2,0.003423857576616674
0.51,3,-0.0008608551460385625
0.51,4,0.004450063963194816
0.51,5,-0.0019159007033290616
0.51,6,0.000782809083775072
0.51,7,0.0011580537778805172
0.51,8,0.0021407191161456132
0.51,9,0.0017120712882056149
0.51,10,0.0009860206321087518
0.51,11,-0.0020510475968588755
0.51,12,0.0006472431909475796
0.51,13,-0.0019490531653047515
0.51,14,0.00016787739383478217
0.51,15,0.000986278968512364
0.51,16,-0.0004052910170768793
0.51,17,0.0001626349608226768
0.51,18,-0.0005891090291886399
0.51,19,0.0008439316097812337
0.51,20,-0.0017566357723262738
0.51,21,0.0007508770498139214
0.51,22,-0.002180838869041707
0.51,23,-0.0011308881933141278
0.51,24,-0.0006979617729039946
0.51,25,0.0008139352729432264
0.51,26,0.002231031432580892
0.51,27,-0.0029867272993755038
0.51,28,0.0003541271810034978
0.51,29,-0.0012840248672512638
0.51,30,0.0033137105716662257
0.51,31,-0.0019357368349005551
0.51,32,0.0019314625846643973
0.51,33,-6.680289311487459e-5
0.51,34,0.0007047276590183079
0.51,35,-0.0008034136571171388
0.51,36,-0.0018256552268880117
0.51,37,-0.00045569861357007765
0.51,38,0.0017045861854227567
0.51,39,0.0010188517948159974
0.51,40,-0.0029436663110813887
0.51,41,0.0020034695899670382
0.51,42,0.0004811866848457526
0.51,43,-0.0008261446500028793
0.51,44,-0.0018326025268508822
0.51,45,0.0010161789311370249
0.51,46,0.00048151325899800055
0.51,47,-0.0029090556069725445
0.51,48,0.001880955367550299
0.51,49,0.0010759615650230258
0.51,50,0.0006014359502610334
0.51,51,-0.0016095706008846904
0.51,52,0.000442243459928295
0.51,53,0.0006383619741047417
0.51,54,0.0018363509989504387
0.51,55,-0.001248132412090009
0.51,56,0.001792485658936098
0.51,57,0.0013047098622224452
0.51,58,0.0005746676217838345
0.51,59,0.0015176424559280542
0.51,60,-0.0007641199677817814
0.51,61,0.0034148892545612136
0.51,62,0.000743183775156197
0.51,63,0.0034926144866354323
0.51,64,-0.0033623432976045914
0.51,65,0.00189597313010066
0.51,66,0.00016503774443205304
0.51,67,0.0004236424690991851
0.51,68,-0.0011570726522949206
0.51,69,0.0007555796897338181
0.51,70,-0.0011155047619617754
0.51,71,-0.0005745637476252043
0.51,72,-0.0004064641005872602
0.51,73,-0.0005972036681069566
0.51,74,-0.00016515636577845588
0.51,75,-0.00010121946127026087
0.51,76,-0.0014141385413982733
0.51,77,-0.0002769517744412262
0.51,78,-0.002061643047171117
0.51,79,0.0023650798732862076
0.51,80,-0.0011125129583003908
0.51,81,0.00033557069513681734
0.51,82,-0.0015784997943985456
0.51,83,-0.00024574262792912685
0.51,84,0.0016877375351647336
0.51,85,0.001668738324465451
0.51,86,0.0008815635713616696
0.51,87,0.002831381558601849
0.51,88,-0.003342384179533065
0.51,89,0.0019842533821652904
0.51,90,0.0015025108130222
0.51,91,-0.0022432822226605095
0.51,92,0.00011864148928938362
0.51,93,0.002366045788296931
0.51,94,0.00045824885334364013
0.51,95,-0.004809664321777309
0.51,96,-0.0005278653182753748
0.51,97,0.00168982734871986
0.51,98,0.003285227663073122
0.51,99,0.002537753847204285
0.51,100,0.00044245663632837647
0.51,101,-0.0004310767086963773
0.51,102,0.003032744645775078
0.51,103,0.0006356015286636194
0.51,104,0.0024696546723999287
0.51,105,0.0012606845778420474
0.51,106,0.0022701265094889553
0.51,107,0.0010867748488725217
0.51,108,-0.0011186965138754582
0.51,109,0.0002672104840210388
0.51,110,-0.00028907302654664985
0.51,111,0.0001069614057161024
0.51,112,-0.0026554921105682895
0.51,113,0.0021381544011510783
0.51,114,0.0010698590203687185
0.51,115,0.001979778848222413
0.51,116,-0.0004224937906492511
0.51,117,0.002889799393615525
0.51,118,-0.0032963558255006305
0.51,119,4.656231822066351e-5
0.51,120,-0.0009390148144464433
0.51,121,0.0005287518476370926
0.51,122,-0.00032899508333090446
0.51,123,0.000967800396631032
0.51,124,0.002758968469541911
0.51,125,-0.0026467384571652345
0.51,126,0.0009326506589550631
0.51,127,-0.0012793902726698832
0.51,128,0.0009227274309131013
0.51,129,-0.0012244765963967965
0.51,130,0.0023360838889867376
0.51,131,0.001168219106932911
0.51,132,-0.0006312079761563944
0.51,133,7.313939121591014e-5
0.51,134,-0.0007443116795882395
0.51,135,0.001565721390750384
0.51,136,-0.002682666415363222
0.51,137,0.003139596503091107
0.51,138,0.0012364500573544962
0.51,139,-0.001526646522144067
0.51,140,0.0001299874442660507
0.51,141,0.00023305321902943938
0.51,142,9.323701662195337e-5
0.51,143,-0.001281252540136432
0.51,144,0.0011552936570916644
0.51,145,0.0007900635960275189
0.51,146,0.0011430015313301507
0.51,147,-0.0002582646898185074
0.51,148,0.0005822031900975042
0.51,149,-0.0010803243095790821
0.51,150,0.0009947577727885259
0.51,151,-0.0004836447733009382
0.51,152,0.00030586021505469224
0.51,153,0.003091120674652213
0.51,154,0.00021159937602796243
0.51,155,0.0016765018353520139
0.51,156,-0.0012554589051244412
0.51,157,-0.00012116528442607816
0.51,158,0.0016290571927304355
0.51,159,0.000972373328459454
0.51,160,0.0007587108926526325
0.51,161,-0.00017149815415609803
0.51,162,0.0016754315807948148
0.51,163,-0.001960612219569066
0.51,164,-0.0012816496048285405
0.51,165,-0.00046137428277838704
0.51,166,-0.0015348313488376703
0.51,167,0.0009731960331081861
0.51,168,0.0018001303298544812
0.51,169,0.003491671238279355
0.51,170,0.0013732474158586778
0.51,171,9.522502189923686e-5
0.51,172,-0.0076069394446853615
0.51,173,-0.00044574939201712623
0.51,174,-0.004187025668060346
0.51,175,0.003228322085734338
0.51,176,0.00360500870805709
0.51,177,0.00812692529951099
0.51,178,0.005407830469602581
0.51,179,-0.0024439263232167467
0.51,180,-0.0008008815829577171
0.51,181,-0.003354254076312924
0.51,182,-0.00013014110887688698
0.51,183,-0.0017155130213364989
0.51,184,0.007143838195408624
0.51,185,0.020363577804418873
0.51,186,0.008460055928367377
0.51,187,0.00015464624536189195
0.51,188,0.003380661413963777
0.51,189,0.0034376914844998292
0.51,190,0.013806780881349177
0.51,191,-0.030809954516755986
0.51,192,0.5646286627589037
0.51,193,0.008947200216206373
0.51,194,0.003204053397180163
0.51,195,-0.0017572704269508514
0.51,196,0.000277312154818706
0.51,197,0.0005456414665721825
0.51,198,0.0005712016998032489
0.52,intercept,0.010249421745987057
0.52,1,0.0020028022125313945
0.52,2,0.0033603620560820353
0.52,3,-0.0005133406706122684
0.52,4,0.0044679222795431
0.52,5,-0.002092477137276576
0.52,6,0.0005274654484972563
0.52,7,0.0017390687060417178
0.52,8,0.0015474436646255344
0.52,9,0.002038553332379215
0.52,10,0.0007521202723939222
0.52,11,-0.00214227272100525
0.52,12,0.0005146154202082402
0.52,13,-0.0022362215187796187
0.52,14,0.0007332079689468581
0.52,15,0.000967697531539983
0.52,16,-0.0004249679347848178
0.52,17,9.808635478456155e-5
0.52,18,-0.000624439763515935
0.52,19,0.0008718434753059749
0.52,20,-0.001231774201244592
0.52,21,0.0003577853031859859
0.52,22,-0.0022730375684930316
0.52,23,-0.000853350936378012
0.52,24,-0.001064792356763011
0.52,25,0.0008636760399147365
0.52,26,0.0021853146322280705
0.52,27,-0.003262933555487095
0.52,28,0.000632528419323663
0.52,29,-0.0015879870499090586
0.52,30,0.003176389819488746
0.52,31,-0.0016611364892926105
0.52,32,0.0016139252640930272
0.52,33,0.0003144637831082807
0.52,34,0.0007481362119514777
0.52,35,-0.0007963934294097568
0.52,36,-0.001755885693770473
0.52,37,-0.0004565542179410434
0.52,38,0.0017724233142508376
0.52,39,0.0008702284149606568
0.52,40,-0.0030800514720838623
0.52,41,0.0017976215799650034
0.52,42,0.00047670526934515817
0.52,43,-0.0007366348480621538
0.52,44,-0.002179784382654016
0.52,45,0.0012052984801047795
0.52,46,0.00031307843633913155
0.52,47,-0.0029711829073180347
0.52,48,0.0016222440032085425
0.52,49,0.0013462340647544776
0.52,50,0.0003663797731962897
0.52,51,-0.0018120314783246607
0.52,52,0.0004792180526022896
0.52,53,0.0011643547829029797
0.52,54,0.001403281654267921
0.52,55,-0.001288374576025045
0.52,56,0.0019605467869533537
0.52,57,0.0009888939849259947
0.52,58,0.0008879498589469499
0.52,59,0.0016229061029734435
0.52,60,-0.0009130339877723003
0.52,61,0.003247492350014414
0.52,62,0.0006944532927665929
0.52,63,0.0033381722763933656
0.52,64,-0.0033629339573608644
0.52,65,0.002253355752042144
0.52,66,-1.1206475519917529e-5
0.52,67,-4.2429270956719636e-5
0.52,68,-0.0009334360878536577
0.52,69,0.0009460883023490745
0.52,70,-0.0011257977241250915
0.52,71,-0.000460300536749418
0.52,72,-0.0007831451111175401
0.52,73,-0.0007429171752149624
0.52,74,0.00011023600453297738
0.52,75,4.6412011824310854e-5
0.52,76,-0.0014472064028119946
0.52,77,-1.7093489778309442e-5
0.52,78,-0.0018009656999267718
0.52,79,0.0018776894358260162
0.52,80,-0.0006479801518771132
0.52,81,-0.00028030056552654387
0.52,82,-0.0016130384199308007
0.52,83,-0.00010654810804719354
0.52,84,0.0016612249294953318
0.52,85,0.0016351667346008968
0.52,86,0.0011248714378867546
0.52,87,0.0029388484310745523
0.52,88,-0.003856131186467966
0.52,89,0.002426003381337593
0.52,90,0.0011243655476997692
0.52,91,-0.0022567683247933876
0.52,92,-0.0001537900838750126
0.52,93,0.002563129486756435
0.52,94,0.00022195406019559307
0.52,95,-0.004701694833849184
0.52,96,-0.0009222755361087475
0.52,97,0.0019990019463366933
0.52,98,0.003162185724543967
0.52,99,0.0029715668341365672
0.52,100,0.0006016678604186262
0.52,101,-0.0005541066548129545
0.52,102,0.0031965529763318696
0.52,103,0.0007170877235869363
0.52,104,0.0020259943767941156
0.52,105,0.0010949736788709275
0.52,106,0.0028403616071786403
0.52,107,0.001315623796538936
0.52,108,-0.0013127302084884219
0.52,109,0.000525513979651534
0.52,110,-0.0005232998708096347
0.52,111,-0.0002679340091203806
0.52,112,-0.0019261095541094038
0.52,113,0.0012678113176972762
0.52,114,0.0013349488771303981
0.52,115,0.001892985234886783
0.52,116,-0.0005561365506600895
0.52,117,0.0031243859125767923
0.52,118,-0.0032813393941421676
0.52,119,-0.0001463214959330723
0.52,120,-0.0005002529007211177
0.52,121,0.0005271894901973445
0.52,122,-0.0007364109054300606
0.52,123,0.0013084118412054568
0.52,124,0.002563096139525113
0.52,125,-0.002229281153685885
0.52,126,0.0004707521398371251
0.52,127,-0.0007054905743428054
0.52,128,0.000989146447706743
0.52,129,-0.0013652103429092296
0.52,130,0.0028557733548885147
0.52,131,0.0009645735710720125
0.52,132,-0.0003862424529891272
0.52,133,-0.00016645623112844082
0.52,134,-0.0009767078658273558
0.52,135,0.0015380975412483031
0.52,136,-0.002820387314583772
0.52,137,0.003137527393448855
0.52,138,0.0011008320519729998
0.52,139,-0.0012734300204498578
0.52,140,-0.00041590566640186397
0.52,141,0.0006732121807713665
0.52,142,0.00036559765808645946
0.52,143,-0.0013063626631750797
0.52,144,0.001097546936579638
0.52,145,0.0007287806912730475
0.52,146,0.0011704771979045225
0.52,147,-4.568749947751847e-6
0.52,148,0.0003628887073890158
0.52,149,-0.0011415774084044983
0.52,150,0.0008929022253214211
0.52,151,-0.00015537642540684084
0.52,152,0.0007056436504603624
0.52,153,0.0026412257956298533
0.52,154,9.168322697938468e-5
0.52,155,0.0015113698963129302
0.52,156,-0.0007297329662353166
0.52,157,-0.0006833894122801941
0.52,158,0.0017723563960929112
0.52,159,0.0008717621111834611
0.52,160,0.0007487553394779235
0.52,161,3.152994221098779e-5
0.52,162,0.0019526927199380072
0.52,163,-0.0015515390927817179
0.52,164,-0.0014692577261526097
0.52,165,-0.0004922598250472244
0.52,166,-0.0008345665002745955
0.52,167,0.0007456812380530206
0.52,168,0.0018332736752242034
0.52,169,0.0033686955903860054
0.52,170,0.001912499441128838
0.52,171,-0.00022654243474588205
0.52,172,-0.0073990425786973355
0.52,173,-0.0008858959680530578
0.52,174,-0.004043176445043349
0.52,175,0.0034944389826098237
0.52,176,0.0034055454011107226
0.52,177,0.008180468088507893
0.52,178,0.0050939061125797845
0.52,179,-0.00285956619015461
0.52,180,9.528255138063685e-5
0.52,181,-0.0039595878878396626
0.52,182,0.0003054550834525813
0.52,183,-0.0020692185997637402
0.52,184,0.007071981088470969
0.52,185,0.019839087497812734
0.52,186,0.008704906295294728
0.52,187,0.00030343192916068275
0.52,188,0.003807844028195966
0.52,189,0.0027212951386978135
0.52,190,0.013280099643627469
0.52,191,-0.0307998485192943
0.52,192,0.57857372336439
0.52,193,0.00880420198055527
0.52,194,0.0038575776718653173
0.52,195,-0.001670611324198916
0.52,196,0.0002493630305465317
0.52,197,0.0004976209993141079
0.52,198,0.0005073875368416282
0.53,intercept,0.010159046015543429
0.53,1,0.002517281941481012
0.53,2,0.0029107630566085445
0.53,3,-0.0004316818103615366
0.53,4,0.005026843166771041
0.53,5,-0.0026614821760741936
0.53,6,0.0010209091983251408
0.53,7,0.001584592270097025
0.53,8,0.0012612320777994812
0.53,9,0.0020516818245510096
0.53,10,0.0006255157787090762
0.53,11,-0.0020243516474853307
0.53,12,-1.9236587861184424e-5
0.53,13,-0.0022582842180402327
0.53,14,0.0006476057083882045
0.53,15,0.0011496269515344777
0.53,16,-0.0005981791225806996
0.53,17,0.00015822484272531452
0.53,18,-0.0003762142937746319
0.53,19,0.0004336506648085854
0.53,20,-0.0008586413499527273
0.53,21,0.0001868902776443541
0.53,22,-0.002581707529003666
0.53,23,-7.32075161260811e-5
0.53,24,-0.0011457569569616089
0.53,25,0.0010188782608437997
0.53,26,0.0024023362890780134
0.53,27,-0.0036889968325925625
0.53,28,0.0010567493745783983
0.53,29,-0.0021795881700454375
0.53,30,0.0036357984452101088
0.53,31,-0.001615807591536891
0.53,32,0.0017092761146161152
0.53,33,0.00028664334835119045
0.53,34,0.0006516159239553218
0.53,35,-0.0010103144940835922
0.53,36,-0.0018584594174922953
0.53,37,-0.00016641617776867084
0.53,38,0.0015876581547885392
0.53,39,0.0008362771002792552
0.53,40,-0.00322127628628483
0.53,41,0.0017864435664775174
0.53,42,0.0006534736870955065
0.53,43,-0.0008282112941450393
0.53,44,-0.0022098705934645263
0.53,45,0.0016942996041886022
0.53,46,-9.737908546649649e-5
0.53,47,-0.0029362923941195058
0.53,48,0.0014352925173905613
0.53,49,0.0011391478823991163
0.53,50,0.0006609869894990992
0.53,51,-0.001723690235741417
0.53,52,0.0005231894841910873
0.53,53,0.0011272501411020007
0.53,54,0.0012649749883213563
0.53,55,-0.00122018936079531
0.53,56,0.002286059232043238
0.53,57,0.001045445832013462
0.53,58,0.0009749651016632583
0.53,59,0.001397819488588665
0.53,60,-0.0007413708097403045
0.53,61,0.0034457281242185906
0.53,62,0.00032233277825647304
0.53,63,0.0032625224429464303
0.53,64,-0.002953442243444788
0.53,65,0.002323491915156959
0.53,66,0.00017256250482374004
0.53,67,-0.0003526005741163793
0.53,68,-0.0004937840921040083
0.53,69,0.0004512591322299957
0.53,70,-0.0009451677908391941
0.53,71,-0.0005376922321911674
0.53,72,-0.00035422287164126113
0.53,73,-0.0007174482903069582
0.53,74,6.223865852666562e-5
0.53,75,-0.000358232292825054
0.53,76,-0.0010104185587395192
0.53,77,-0.0007712681037798759
0.53,78,-0.0015568949083688186
0.53,79,0.0017372444552469638
0.53,80,6.201020184491246e-5
0.53,81,-0.00044196738625828835
0.53,82,-0.0016280788685661051
0.53,83,-2.100125555334586e-5
0.53,84,0.001102232750301922
0.53,85,0.0016962722689080974
0.53,86,0.0012515567343390041
0.53,87,0.002831315879447212
0.53,88,-0.00397855707050322
0.53,89,0.002701382431928334
0.53,90,0.0010803066587694228
0.53,91,-0.0027563095172054015
0.53,92,0.0005103991292079757
0.53,93,0.0025278412858006226
0.53,94,-0.00041734021420103764
0.53,95,-0.004021705860740134
0.53,96,-0.001335490890184184
0.53,97,0.001773179186860426
0.53,98,0.00333988786168994
0.53,99,0.0028405138984349907
0.53,100,0.00042441940304098014
0.53,101,-0.00018575945039474076
0.53,102,0.003273683135385533
0.53,103,0.0009347676551899409
0.53,104,0.00210551840368044
0.53,105,0.0010952481292823744
0.53,106,0.0023833872746075796
0.53,107,0.0017706994655741514
0.53,108,-0.0015115450231704712
0.53,109,0.0007073582806064438
0.53,110,-0.0011024172893696236
0.53,111,3.02627906367838e-5
0.53,112,-0.0020573011290664065
0.53,113,0.0012502783971177311
0.53,114,0.0013048635494646054
0.53,115,0.0020981031179610463
0.53,116,-0.0007193350778112348
0.53,117,0.0032411615968301892
0.53,118,-0.0035499505448247683
0.53,119,4.8274692101918716e-5
0.53,120,-0.0007480605060443827
0.53,121,0.0007781768333248189
0.53,122,-0.0008740903775404556
0.53,123,0.0014200042949796628
0.53,124,0.002517148135654999
0.53,125,-0.0022724146452119892
0.53,126,0.0005290091866822588
0.53,127,-0.0010939674488786263
0.53,128,0.0015181386050158205
0.53,129,-0.0013292764078708644
0.53,130,0.0026581467558655972
0.53,131,0.001148487437460271
0.53,132,-0.0005159745162709099
0.53,133,-0.00016996629132546038
0.53,134,-0.0006493104823118729
0.53,135,0.000861903017815823
0.53,136,-0.002424791766957032
0.53,137,0.002726449777758716
0.53,138,0.0014000810192308071
0.53,139,-0.0016911910757377686
0.53,140,-0.00011448420074255701
0.53,141,0.0008419577316405085
0.53,142,-0.00018599030607260275
0.53,143,-0.0010931712228186108
0.53,144,0.0007867103824755812
0.53,145,0.0014098653413891975
0.53,146,0.0005560569821166298
0.53,147,0.00031937519762090976
0.53,148,0.0005130539831861514
0.53,149,-0.0014185290738998938
0.53,150,0.0009272483417579869
0.53,151,-0.0003707819805449298
0.53,152,0.00019603157817928745
0.53,153,0.002530107095781265
0.53,154,0.0002126944800704717
0.53,155,0.0014577099615787354
0.53,156,-0.0008545642441065941
0.53,157,-0.0008282142644556172
0.53,158,0.0017194657802127606
0.53,159,0.0006686185826824939
0.53,160,0.0006920364095128621
0.53,161,0.00021073814685842738
0.53,162,0.0019599219265744724
0.53,163,-0.0016368247156918244
0.53,164,-0.0015351309552958706
0.53,165,-4.2514313511599846e-5
0.53,166,-0.0008606361058302623
0.53,167,0.00037596666370781547
0.53,168,0.002251403237300273
0.53,169,0.0031776532190813498
0.53,170,0.002236170493357474
0.53,171,0.0001825711868312561
0.53,172,-0.007562851746354189
0.53,173,-0.0006441335009904145
0.53,174,-0.0040427170902829785
0.53,175,0.0032470819897953496
0.53,176,0.002888671894741637
0.53,177,0.008899885391381765
0.53,178,0.005451494163265343
0.53,179,-0.003508630374373225
0.53,180,0.00026841530203255395
0.53,181,-0.0034120773694164743
0.53,182,0.0001932504908398713
0.53,183,-0.0023491949640774604
0.53,184,0.006783658191078872
0.53,185,0.020806608119875544
0.53,186,0.008170795153168901
0.53,187,-4.666211594042558e-5
0.53,188,0.00418022221028295
0.53,189,0.0027665812229458633
0.53,190,0.012484517468884083
0.53,191,-0.030122046296466292
0.53,192,0.5882311076510602
0.53,193,0.009170933929088194
0.53,194,0.003892811332043396
0.53,195,-0.0015737330442575426
0.53,196,0.00022013626617736125
0.53,197,0.0004702134989107362
0.53,198,0.0005008851463265997
0.54,intercept,0.010144399113641666
0.54,1,0.0026230983333603883
0.54,2,0.0029150797704222088
0.54,3,-0.0004051231552317652
0.54,4,0.004734948084596054
0.54,5,-0.003064189405819477
0.54,6,0.0010566952717704638
0.54,7,0.00138479266852164
0.54,8,0.0013004594937306695
0.54,9,0.0019876086629867368
0.54,10,0.0008705348345091473
0.54,11,-0.0016792976387674126
0.54,12,-0.0006036203794029081
0.54,13,-0.002238465285075235
0.54,14,0.000736507723496684
0.54,15,0.001035018937100987
0.54,16,-0.0004472474013659303
0.54,17,0.0001771116841496193
0.54,18,-0.0004255917333216711
0.54,19,0.0004962470350206866
0.54,20,-0.0011309540318519343
0.54,21,0.00017584779612669395
0.54,22,-0.0021301120370749776
0.54,23,2.4959831330043497e-5
0.54,24,-0.0013305528158889714
0.54,25,0.0009670650946840094
0.54,26,0.002256108179487329
0.54,27,-0.003641656507232655
0.54,28,0.0015137420684529538
0.54,29,-0.0022221059868560043
0.54,30,0.0033034139443763218
0.54,31,-0.0016657447875307462
0.54,32,0.001634486713341316
0.54,33,0.0001241308567424194
0.54,34,0.0004822732653595395
0.54,35,-0.0007714127660433858
0.54,36,-0.0022127674934296713
0.54,37,-0.00011326494337493361
0.54,38,0.0015400911719113328
0.54,39,0.0010470352475370915
0.54,40,-0.003627830575157044
0.54,41,0.0016068769223987255
0.54,42,0.0008514375924043859
0.54,43,-0.0006605606750246708
0.54,44,-0.0024318192765232847
0.54,45,0.001676506956842047
0.54,46,5.789393209495999e-5
0.54,47,-0.0029207993714298296
0.54,48,0.0015728273930459057
0.54,49,0.0008448564452627208
0.54,50,0.0007427833973112321
0.54,51,-0.002075841091832006
0.54,52,0.0005457977350459893
0.54,53,0.0007622193723262659
0.54,54,0.0019823691047955775
0.54,55,-0.001076919915019269
0.54,56,0.0021291712616923137
0.54,57,0.0009335393893097314
0.54,58,0.0009282523271841407
0.54,59,0.0012292654889328465
0.54,60,-0.0009795376842134799
0.54,61,0.002926398445810424
0.54,62,0.0004386014600412394
0.54,63,0.0035201172699766818
0.54,64,-0.002760855980610032
0.54,65,0.0020951139428579397
0.54,66,4.6418894510662124e-5
0.54,67,-0.0001908305004166373
0.54,68,-0.0005590120298506417
0.54,69,0.0009805899563343331
0.54,70,-0.0013538752986248116
0.54,71,-0.0006184525013487745
0.54,72,-0.00011201487859435755
0.54,73,-0.0013392863336788286
0.54,74,0.0008373754873759596
0.54,75,-0.0007203413006479272
0.54,76,-0.0010622499669148489
0.54,77,-0.0009092271401334518
0.54,78,-0.0015903484115338728
0.54,79,0.0016194089729717018
0.54,80,0.0006938229334331173
0.54,81,-0.00023866307480038191
0.54,82,-0.001812283134676332
0.54,83,-0.00030982845294849723
0.54,84,0.0012228271472250155
0.54,85,0.0017980077445386765
0.54,86,0.001253913117917238
0.54,87,0.002152038771948754
0.54,88,-0.0034773876581900153
0.54,89,0.002220907264719615
0.54,90,0.0003975283220824133
0.54,91,-0.00185658040267976
0.54,92,0.0005459311435873296
0.54,93,0.0024065133025211135
0.54,94,-0.0006389724515354086
0.54,95,-0.003344985464743121
0.54,96,-0.0008615046172842901
0.54,97,0.0012329209746736339
0.54,98,0.0036940946020998645
0.54,99,0.002559232332836134
0.54,100,0.0005613429138543121
0.54,101,-0.0003203348843362087
0.54,102,0.003608570457307554
0.54,103,0.0007633794935096184
0.54,104,0.0023353427212116527
0.54,105,0.000753007078290742
0.54,106,0.002357749540927537
0.54,107,0.002144721459678551
0.54,108,-0.0018206576838057243
0.54,109,0.0013224707237737931
0.54,110,-0.0013189555856176047
0.54,111,0.0005752771378579177
0.54,112,-0.0024994239850554476
0.54,113,0.0014867773388472344
0.54,114,0.0008562111685982826
0.54,115,0.0023477245110260225
0.54,116,-0.0010136515372178702
0.54,117,0.003423060916329272
0.54,118,-0.003807962125520791
0.54,119,0.00027164898656918614
0.54,120,-0.0009615634166182958
0.54,121,0.000683011864593019
0.54,122,-0.0009851667531016108
0.54,123,0.0015255717610896105
0.54,124,0.002144419991470064
0.54,125,-0.0020597861623738688
0.54,126,0.000732211661628141
0.54,127,-0.0009412719116317763
0.54,128,0.0018528184980174454
0.54,129,-0.001498015924254009
0.54,130,0.0022113422000840928
0.54,131,0.0020486841245923137
0.54,132,-0.000794461171747082
0.54,133,-0.00021415007609419637
0.54,134,-0.0006150824836962419
0.54,135,0.0007270181058524144
0.54,136,-0.0026875015171649334
0.54,137,0.0033273478184154904
0.54,138,0.001145906928519912
0.54,139,-0.0017518649119665974
0.54,140,-0.00022333580320615124
0.54,141,0.0011549879704437728
0.54,142,-0.000447086818452087
0.54,143,-0.0008444819906690907
0.54,144,0.0002998740428371685
0.54,145,0.001787963921733573
0.54,146,0.0007383152591750061
0.54,147,6.345997539340682e-5
0.54,148,0.0004721301703118161
0.54,149,-0.0013599055179598573
0.54,150,0.0008273774395873095
0.54,151,-0.000512608611411274
0.54,152,-0.00026869461948719677
0.54,153,0.0029372474677595082
0.54,154,0.00010126676546783018
0.54,155,0.001661678846028885
0.54,156,-0.001360747692420136
0.54,157,-0.0002813061106112413
0.54,158,0.001399863445650162
0.54,159,0.0010986274055861337
0.54,160,0.0003869698928813768
0.54,161,0.0001348986849697518
0.54,162,0.00211782380683495
0.54,163,-0.001752637418357173
0.54,164,-0.0012480793757289137
0.54,165,-0.0005067511864887028
0.54,166,-0.000788015838435661
0.54,167,0.0004605762310145704
0.54,168,0.001391908791546928
0.54,169,0.003562073642464596
0.54,170,0.0022752715094683748
0.54,171,0.0005700595826710883
0.54,172,-0.007850174891170902
0.54,173,-0.0006363532428181409
0.54,174,-0.0038280814295841652
0.54,175,0.0026349088174967596
0.54,176,0.0026330464988349868
0.54,177,0.009175549533481521
0.54,178,0.005575784328977464
0.54,179,-0.003371378692474076
0.54,180,0.0003716080526019342
0.54,181,-0.003532735026183129
0.54,182,-7.487495139458315e-5
0.54,183,-0.002486650525260713
0.54,184,0.006529072731704172
0.54,185,0.02011605987895364
0.54,186,0.008862977015810545
0.54,187,0.0001270744013199672
0.54,188,0.003921946805387578
0.54,189,0.0019863605476023575
0.54,190,0.01235473328878085
0.54,191,-0.030569604260574562
0.54,192,0.6022145077617715
0.54,193,0.00924262027837409
0.54,194,0.003881261007039905
0.54,195,-0.001609698360042885
0.54,196,0.00020474755867528065
0.54,197,0.00045906319432706226
0.54,198,0.00048100796129176395
0.55,intercept,0.010081379115118066
0.55,1,0.002975361786426409
0.55,2,0.002996298123080018
0.55,3,-0.00033765627190485614
0.55,4,0.004197263659388092
0.55,5,-0.0028443287264674146
0.55,6,0.0010910562123911558
0.55,7,0.0014193125827537318
0.55,8,0.0014025824012906466
0.55,9,0.0023604884920995503
0.55,10,0.0006874394120975634
0.55,11,-0.001869164747734287
0.55,12,-0.0006783492257748207
0.55,13,-0.0018696233776972638
0.55,14,0.00029694605163430943
0.55,15,0.0010642906998192348
0.55,16,-0.0006564847000000243
0.55,17,0.00020008317851956243
0.55,18,-0.0006203225471693736
0.55,19,0.0007723524743400564
0.55,20,-0.001424042798004015
0.55,21,0.0006899233183343366
0.55,22,-0.0023728117488840757
0.55,23,0.0002482209969797553
0.55,24,-0.0015063344048923048
0.55,25,0.0013284306687426025
0.55,26,0.0017551611068246443
0.55,27,-0.0031333381204629905
0.55,28,0.0016712979832025393
0.55,29,-0.0023937286875148883
0.55,30,0.002994806823753086
0.55,31,-0.0011169737736141316
0.55,32,0.0016007898300119565
0.55,33,2.157686099002067e-5
0.55,34,8.196795432366147e-5
0.55,35,-0.0010088830191240532
0.55,36,-0.0013779223401926906
0.55,37,-0.00045702441304406227
0.55,38,0.0018071215278382714
0.55,39,0.0007999636753084775
0.55,40,-0.003507706183042562
0.55,41,0.0017794431707442116
0.55,42,0.0007033164291929035
0.55,43,-0.0007594493449732281
0.55,44,-0.0026601051841952162
0.55,45,0.0017784176644076689
0.55,46,3.2774676285608564e-5
0.55,47,-0.0026942682238157343
0.55,48,0.001562194592241405
0.55,49,0.0006152214803345991
0.55,50,0.0007336648632701425
0.55,51,-0.001544098962048023
0.55,52,-6.914766539868619e-6
0.55,53,0.0009269174781406848
0.55,54,0.0015529490784783352
0.55,55,-0.0006059642941344941
0.55,56,0.0018724564365181354
0.55,57,0.0011607671946261377
0.55,58,0.0006933893917543334
0.55,59,0.0013491941965968032
0.55,60,-0.0013866618758069293
0.55,61,0.003237265696466339
0.55,62,0.00010592967632643635
0.55,63,0.0036073038021787697
0.55,64,-0.002700514334117883
0.55,65,0.0020938908219439584
0.55,66,-3.2652504523537812e-6
0.55,67,-0.00018362262651671938
0.55,68,-0.0005648043500640286
0.55,69,0.00045248575162828503
0.55,70,-0.0010754069253078283
0.55,71,3.3998124318910832e-6
0.55,72,-0.0006451652670720341
0.55,73,-0.0013638831887298115
0.55,74,0.0008288791311567681
0.55,75,-0.00020427770579720117
0.55,76,-0.0009043486644078254
0.55,77,-0.0014236133200173189
0.55,78,-0.000637027901903392
0.55,79,0.0013059932174460723
0.55,80,0.0008263609067725039
0.55,81,-0.00032136567254115953
0.55,82,-0.0014510017515094451
0.55,83,-0.0008501677522437239
0.55,84,0.0017287371750194674
0.55,85,0.0010353020324963132
0.55,86,0.0013339234167199566
0.55,87,0.0024431311929823084
0.55,88,-0.0034447426489479754
0.55,89,0.00220969152284134
0.55,90,0.00015059550399327146
0.55,91,-0.0022910041084055225
0.55,92,0.0002808731369193306
0.55,93,0.002750639358717118
0.55,94,-0.0007261583274724904
0.55,95,-0.0032658195239609836
0.55,96,-0.0005677599263432936
0.55,97,0.0010392685999844505
0.55,98,0.003874129832701074
0.55,99,0.00265498689165854
0.55,100,0.0007990128139100959
0.55,101,-0.00026124846100549084
0.55,102,0.003490572656605893
0.55,103,0.0004879343495554794
0.55,104,0.002335889706217192
0.55,105,0.0009919167833820788
0.55,106,0.002264353581380359
0.55,107,0.002096500543464733
0.55,108,-0.0018378906010111055
0.55,109,0.0015367590821727983
0.55,110,-0.0012713600428548757
0.55,111,0.00016389827808439137
0.55,112,-0.002245542582045217
0.55,113,0.0013028251203989886
0.55,114,0.00048264644927996315
0.55,115,0.00244742046407263
0.55,116,-0.000650904266321961
0.55,117,0.00329845806166416
0.55,118,-0.0038894434833510526
0.55,119,0.000579789555951699
0.55,120,-0.0009498786344718693
0.55,121,0.0003997673346236737
0.55,122,-0.0009873243361649539
0.55,123,0.0014090579910819565
0.55,124,0.002191393992889863
0.55,125,-0.0018743035795325378
0.55,126,0.0005285863622439153
0.55,127,-0.0008804506210004476
0.55,128,0.002109386816740436
0.55,129,-0.0019874865828355803
0.55,130,0.002244146437869123
0.55,131,0.001986654951896304
0.55,132,-0.0003963607397332134
0.55,133,-0.00016367272980957095
0.55,134,-0.0003388460778532625
0.55,135,0.000560339779444451
0.55,136,-0.003018193369120534
0.55,137,0.0035955641032330596
0.55,138,0.0006384074226875124
0.55,139,-0.0014791717789019144
0.55,140,-0.0002660884523459363
0.55,141,0.0014144821411285525
0.55,142,-0.00040435274097285975
0.55,143,-0.0007095861462106626
0.55,144,0.00031052613384251545
0.55,145,0.0017495765298327286
0.55,146,0.0005907599294480122
0.55,147,0.00018501713834281541
0.55,148,0.0005882823814897745
0.55,149,-0.0011333355467896338
0.55,150,0.0009763298500286481
0.55,151,-0.00041832267674590936
0.55,152,-0.0007823970573422002
0.55,153,0.0029596124620161774
0.55,154,9.034151349894334e-5
0.55,155,0.0017876858881114967
0.55,156,-0.0016450334347676283
0.55,157,-7.048036579411406e-5
0.55,158,0.001385668496520859
0.55,159,0.0010450899238273823
0.55,160,0.0006053399907792519
0.55,161,0.0002746639622186524
0.55,162,0.00259340163709796
0.55,163,-0.0018525876304889505
0.55,164,-0.001223683225672627
0.55,165,-0.0009083347056211221
0.55,166,-0.0004716437469639004
0.55,167,7.052048938351704e-5
0.55,168,0.0013292407626326608
0.55,169,0.003513000391420034
0.55,170,0.0024636198219256545
0.55,171,0.0004622248706255123
0.55,172,-0.007799610501553376
0.55,173,-0.00046358095501151237
0.55,174,-0.003884258023782098
0.55,175,0.0024530838108038867
0.55,176,0.002300929529803089
0.55,177,0.009028452662069524
0.55,178,0.005577543328060194
0.55,179,-0.0034004619056966267
0.55,180,0.00012194981693772181
0.55,181,-0.0036581171376258085
0.55,182,-0.0003925894821702218
0.55,183,-0.0027402765993351443
0.55,184,0.006706652985403041
0.55,185,0.019808543547669064
0.55,186,0.009414613398787148
0.55,187,9.863471084000987e-5
0.55,188,0.0036458309358965335
0.55,189,0.002431221794588375
0.55,190,0.011796023008793772
0.55,191,-0.029829283558422223
0.55,192,0.6110593395717219
0.55,193,0.009221339214587553
0.55,194,0.0038116139753915745
0.55,195,-0.0016213168448404563
0.55,196,0.00018089263671000648
0.55,197,0.00040325358759732075
0.55,198,0.00047584927349255367
0.56,intercept,0.009916427100554955
0.56,1,0.0035521191235893257
0.56,2,0.0025374758861992034
0.56,3,-0.0005205646558883401
0.56,4,0.00394870429089131
0.56,5,-0.0022240363416323396
0.56,6,0.000692855324988841
0.56,7,0.001367924040267065
0.56,8,0.0013753707191210066
0.56,9,0.0022592901760172947
0.56,10,0.0005199321153570357
0.56,11,-0.0016350749203130168
0.56,12,-0.00013332840428683466
0.56,13,-0.002042713960661017
0.56,14,0.0002222695299144986
0.56,15,0.0008949929673646223
0.56,16,-0.0007127576229159439
0.56,17,0.0007944521334746448
0.56,18,-0.00012013889770321575
0.56,19,0.0006887502108302755
0.56,20,-0.0015255228860681167
0.56,21,0.0008856180705145325
0.56,22,-0.002304947460781269
0.56,23,-0.00013374187912519115
0.56,24,-0.0014432556268909754
0.56,25,0.0011731193058231192
0.56,26,0.0019708083700633603
0.56,27,-0.0031597874072274686
0.56,28,0.0014700743755667206
0.56,29,-0.0020058131920324147
0.56,30,0.0030390403850955503
0.56,31,-0.0015545281733729463
0.56,32,0.001911494713754514
0.56,33,-0.0002983134726738678
0.56,34,0.0006056724604942329
0.56,35,-0.001175994151678065
0.56,36,-0.001237692020503622
0.56,37,-0.00047971690788302585
0.56,38,0.0017427753085931597
0.56,39,0.0011173131948782286
0.56,40,-0.0036018820350455024
0.56,41,0.0015014808735060925
0.56,42,0.0011390294595009182
0.56,43,-0.0007746398013581156
0.56,44,-0.0029485416246711254
0.56,45,0.002178207802596103
0.56,46,-0.00021526911129973928
0.56,47,-0.0024192999643997018
0.56,48,0.0015688986514764936
0.56,49,0.0005213845450105963
0.56,50,0.0007662334260955925
0.56,51,-0.0017911464822614829
0.56,52,5.6425839190155615e-5
0.56,53,0.0008770721703646357
0.56,54,0.0013875842303281585
0.56,55,-0.0008038545218220647
0.56,56,0.001734346598106938
0.56,57,0.0010868220734942264
0.56,58,0.0007025957178638485
0.56,59,0.0016328736908739442
0.56,60,-0.0015712709467900084
0.56,61,0.003406371788178765
0.56,62,1.659441487554962e-5
0.56,63,0.003503263279495316
0.56,64,-0.002530690833764201
0.56,65,0.0017341340619801602
0.56,66,0.00029320126055083323
0.56,67,2.4957815357974875e-5
0.56,68,-0.0006980785940585225
0.56,69,0.0007355794062538291
0.56,70,-0.001275285778991622
0.56,71,-3.6259433726808545e-6
0.56,72,-0.0008789583203922093
0.56,73,-0.0010748047433223416
0.56,74,0.0012037028733682092
0.56,75,-0.00032203840137091537
0.56,76,-0.000890760761016533
0.56,77,-0.0020445725212634427
0.56,78,-1.0946161002047326e-5
0.56,79,0.0006895333670272348
0.56,80,0.0012387885117815054
0.56,81,-0.0004789854804253469
0.56,82,-0.001559315264736807
0.56,83,-0.0007142188045000425
0.56,84,0.001499870841473321
0.56,85,0.0014205485371632128
0.56,86,0.0012864456284935348
0.56,87,0.002341691987540555
0.56,88,-0.0033441655945696497
0.56,89,0.0020595399513390366
0.56,90,0.0003724996202373315
0.56,91,-0.0029778981002569305
0.56,92,0.0006081689819478403
0.56,93,0.002688801740677436
0.56,94,-0.0006010609572467111
0.56,95,-0.003943475160559031
0.56,96,-4.169158204272112e-5
0.56,97,0.0013805244276162685
0.56,98,0.004665360185967273
0.56,99,0.0022475536876333108
0.56,100,0.0005522681629800222
0.56,101,8.817128288987474e-5
0.56,102,0.0033230259665987774
0.56,103,0.00027857777237064396
0.56,104,0.002292616447076424
0.56,105,0.001215301635178567
0.56,106,0.0022027309765848607
0.56,107,0.0018767494713379136
0.56,108,-0.0016739387835325529
0.56,109,0.0014579815824206754
0.56,110,-0.0011136704666118542
0.56,111,0.0004063276674014133
0.56,112,-0.002475198109056262
0.56,113,0.0012091937825290285
0.56,114,0.0003177674186127534
0.56,115,0.0030240241627980955
0.56,116,-0.0011608334448068296
0.56,117,0.003261900963066017
0.56,118,-0.003944637017979887
0.56,119,0.0006914059387671547
0.56,120,-0.0015217410119988794
0.56,121,0.0007275977474705419
0.56,122,-0.0006608666483794899
0.56,123,0.001173552288909574
0.56,124,0.0024030640609948206
0.56,125,-0.0019954807853977386
0.56,126,0.000945828905784257
0.56,127,-0.001032943863248847
0.56,128,0.0016988958332908109
0.56,129,-0.0016923953351922236
0.56,130,0.0023884992282062613
0.56,131,0.0022198762743764603
0.56,132,-0.0007035207585259927
0.56,133,7.785478466111139e-5
0.56,134,-0.0006670300448495729
0.56,135,0.0005048062295530762
0.56,136,-0.0031618077877810184
0.56,137,0.003798351808052135
0.56,138,0.0004721762855180162
0.56,139,-0.0015168298528268052
0.56,140,-0.000272597395823665
0.56,141,0.0015229704252763135
0.56,142,-0.00042070450127754117
0.56,143,-0.0010018780004527213
0.56,144,0.000398916675495639
0.56,145,0.001688607364171456
0.56,146,0.00037283853961824235
0.56,147,0.00029803271703979505
0.56,148,0.00075603323398022
0.56,149,-0.0012261004769418438
0.56,150,0.0009257718709204619
0.56,151,-0.0007113767204207535
0.56,152,-0.0003258533913977063
0.56,153,0.0027044607317498587
0.56,154,0.0002871567771331422
0.56,155,0.001953050600349619
0.56,156,-0.001956420644567657
0.56,157,2.3040058187500834e-5
0.56,158,0.0015240109787594573
0.56,159,0.0014158536530268263
0.56,160,0.00022272480019752198
0.56,161,0.00025957392133372457
0.56,162,0.002676352063777215
0.56,163,-0.0013613612229212064
0.56,164,-0.0014794999390039905
0.56,165,-0.0010164558124371409
0.56,166,-0.0003887963646943283
0.56,167,7.645977476445623e-6
0.56,168,0.001245811658496199
0.56,169,0.0036717100061138186
0.56,170,0.0021291091814820864
0.56,171,0.0011635521626072783
0.56,172,-0.007495633110917528
0.56,173,-0.0003161575416625708
0.56,174,-0.004250081666348803
0.56,175,0.002500845092444469
0.56,176,0.00227750293621906
0.56,177,0.009008887351444572
0.56,178,0.0056539932718162435
0.56,179,-0.002733733890506489
0.56,180,-0.0005233925052002321
0.56,181,-0.0036615868175805906
0.56,182,-9.618349826224177e-5
0.56,183,-0.0031313648394204726
0.56,184,0.006426356021297371
0.56,185,0.01944744832582151
0.56,186,0.009908813547744363
0.56,187,-0.0003719967316412516
0.56,188,0.003996955480449858
0.56,189,0.003663855653253635
0.56,190,0.010585519912617577
0.56,191,-0.028856443405434456
0.56,192,0.6203087281868137
0.56,193,0.009205998376214896
0.56,194,0.0037362081616717146
0.56,195,-0.0015585132411222726
0.56,196,0.0001423815937564101
0.56,197,0.0003752844539911884
0.56,198,0.0004104763335685728
0.57,intercept,0.009717181363103324
0.57,1,0.0045296338036498835
0.57,2,0.002259948197871322
0.57,3,-0.0005428053877952153
0.57,4,0.003571921804597184
0.57,5,-0.001837084777241903
0.57,6,0.0007782751147111155
0.57,7,0.0015777818693330935
0.57,8,0.0012310829476144143
0.57,9,0.002286252292585298
0.57,10,0.0008701478446955528
0.57,11,-0.0017769222540563324
0.57,12,-0.0003968394278038182
0.57,13,-0.0017918963596954237
0.57,14,-0.00010209380103689346
0.57,15,0.0015042916232866558
0.57,16,-0.0010203075069871782
0.57,17,0.0006881911370004869
0.57,18,0.00033135583938863426
0.57,19,0.0005182877543792619
0.57,20,-0.0016306227280979187
0.57,21,0.0011678474569716659
0.57,22,-0.00226324897665604
0.57,23,-0.0004698060004164797
0.57,24,-0.0016262155348884385
0.57,25,0.0010251759940795668
0.57,26,0.0022429177767092747
0.57,27,-0.0033296078497458107
0.57,28,0.0013821103045059083
0.57,29,-0.0017459606537949053
0.57,30,0.0028438018302194877
0.57,31,-0.0013911989090889443
0.57,32,0.0018486660258133338
0.57,33,-0.00011250634145142955
0.57,34,0.00019544956228276402
0.57,35,-0.0006691858103866067
0.57,36,-0.001294952054225141
0.57,37,-0.00046444794947220024
0.57,38,0.0017232945757705185
0.57,39,0.0014614286054089782
0.57,40,-0.0037156705170453995
0.57,41,0.0012806874146566122
0.57,42,0.0014411939636593146
0.57,43,-0.0007640260165953864
0.57,44,-0.0024974968186396943
0.57,45,0.0016601878055816732
0.57,46,-0.0004261647486558658
0.57,47,-0.002014510436466558
0.57,48,0.0015693700575518097
0.57,49,0.0004294118773760678
0.57,50,0.0007927001314400919
0.57,51,-0.0018314361400080306
0.57,52,0.0005533810636773852
0.57,53,0.0005173397601482593
0.57,54,0.0014650587996466956
0.57,55,-0.0011899412298681704
0.57,56,0.0024683787958948754
0.57,57,0.0008918901895923986
0.57,58,0.0009513838625320665
0.57,59,0.0013932599570049672
0.57,60,-0.0016527500285558835
0.57,61,0.002898225615121623
0.57,62,0.0003569163853924638
0.57,63,0.003182617841934299
0.57,64,-0.0023214092105804046
0.57,65,0.0014883967017664552
0.57,66,0.00043199248163152933
0.57,67,0.00038327929110814913
0.57,68,-0.0011712885682513751
0.57,69,0.0010243144630468005
0.57,70,-0.001328471237353404
0.57,71,-0.000298084536126039
0.57,72,-0.0006690505498772604
0.57,73,-0.0013928291994077602
0.57,74,0.0010903013402597103
0.57,75,-0.0006404245332735826
0.57,76,-0.000426524979628094
0.57,77,-0.0017406113114341241
0.57,78,-0.0008137912785083578
0.57,79,0.0011457086361619385
0.57,80,0.0011173765453577345
0.57,81,-0.0008896022260043939
0.57,82,-0.0012996374870835627
0.57,83,-0.0008346658636275861
0.57,84,0.0017167207079571846
0.57,85,0.0012205903938212095
0.57,86,0.0014853539084323894
0.57,87,0.002540525114171761
0.57,88,-0.0031379464370982495
0.57,89,0.0020266196233567828
0.57,90,0.0004585143630434663
0.57,91,-0.0031417908880940286
0.57,92,0.0003938887713698844
0.57,93,0.0025748196470774757
0.57,94,-0.001007779390497449
0.57,95,-0.003823136870746848
0.57,96,-0.00043565665487064586
0.57,97,0.0011398314209477539
0.57,98,0.005297986368449874
0.57,99,0.002121714649731834
0.57,100,0.0008514801882108033
0.57,101,-0.000227206968197976
0.57,102,0.00345750375504574
0.57,103,-0.0002904819391441733
0.57,104,0.0028234065251743815
0.57,105,0.00145431136575644
0.57,106,0.002061747566085103
0.57,107,0.0015196112252975635
0.57,108,-0.0015672626648685687
0.57,109,0.0016330316855176974
0.57,110,-0.0016244650579698965
0.57,111,0.0008467554275505815
0.57,112,-0.0024516058386573887
0.57,113,0.0010062388805646175
0.57,114,0.00023571180676964013
0.57,115,0.0028771888540473
0.57,116,-0.0015130768128828209
0.57,117,0.0032957297924150184
0.57,118,-0.004295152666514658
0.57,119,0.0012825748121552696
0.57,120,-0.0013753260300752217
0.57,121,0.0006232707975545402
0.57,122,-0.0007493582499682301
0.57,123,0.001749224523875662
0.57,124,0.0019234903530900172
0.57,125,-0.0017215523638389276
0.57,126,0.0008877063274382921
0.57,127,-0.00041721521613570295
0.57,128,0.0014157746364127921
0.57,129,-0.0018738737571610106
0.57,130,0.0028333468919242077
0.57,131,0.0020786290793029833
0.57,132,-0.0007509214055956008
0.57,133,0.00015818007906314346
0.57,134,-0.0006554173932684143
0.57,135,0.0006991000939898678
0.57,136,-0.0033816729881732967
0.57,137,0.0035811423663625356
0.57,138,0.0009732451742432893
0.57,139,-0.0014936663649406305
0.57,140,-0.0008244040203811663
0.57,141,0.0015692336329198953
0.57,142,-0.00040524652524842
0.57,143,-0.0008736064182756798
0.57,144,0.0005708526255373308
0.57,145,0.0016509952226038006
0.57,146,0.00010723936539232577
0.57,147,0.0008105509158540782
0.57,148,0.0006203747473630929
0.57,149,-0.0008001430252951578
0.57,150,0.0006079368229973557
0.57,151,-0.0010577066367045724
0.57,152,-0.0002598110373066066
0.57,153,0.0025487822489526453
0.57,154,0.00021914141776687376
0.57,155,0.0020056157853359526
0.57,156,-0.0021086966486277346
0.57,157,0.00034555267140935856
0.57,158,0.0015395629970833375
0.57,159,0.0011443272744423043
0.57,160,0.00010742763604846837
0.57,161,0.0006203502022288288
0.57,162,0.0023239627241224783
0.57,163,-0.0012319032357942126
0.57,164,-0.0015045592061034123
0.57,165,-0.0013122492847923415
0.57,166,-0.0007298603165393582
0.57,167,0.00017576842719626293
0.57,168,0.0010103537034601504
0.57,169,0.0037327487740552467
0.57,170,0.0024552999523151263
0.57,171,0.0006892818107682632
0.57,172,-0.006841682635785998
0.57,173,-0.0005085708492666561
0.57,174,-0.0040658682353579305
0.57,175,0.002497104299950165
0.57,176,0.001986406850193774
0.57,177,0.008563770332268178
0.57,178,0.006083415093397214
0.57,179,-0.0023070330115280415
0.57,180,-0.0008734414101750756
0.57,181,-0.003134883888697433
0.57,182,-9.323440136404765e-5
0.57,183,-0.003568257722521476
0.57,184,0.0059971883087196285
0.57,185,0.019694517599209566
0.57,186,0.0096017590634461
0.57,187,-0.0001805229914518268
0.57,188,0.0031260491786443047
0.57,189,0.004229845026490362
0.57,190,0.009544366769008704
0.57,191,-0.027969257787453912
0.57,192,0.6334801159686614
0.57,193,0.009750099169757866
0.57,194,0.0037767898686703284
0.57,195,-0.001550251003387824
0.57,196,0.00012085221948228166
0.57,197,0.000327227752311806
0.57,198,0.0003728736399986987
0.58,intercept,0.009536425319696333
0.58,1,0.00443152534519427
0.58,2,0.0016943141825344593
0.58,3,-0.0008750684621782916
0.58,4,0.0043462827172622434
0.58,5,-0.0024896572964915493
0.58,6,0.000588917593800297
0.58,7,0.0021517446885879225
0.58,8,0.0010207704804147905
0.58,9,0.0022460932259325507
0.58,10,0.0009346959806466535
0.58,11,-0.001258108292516178
0.58,12,-0.0007610210796518965
0.58,13,-0.001965880649910726
0.58,14,0.0003360905442766821
0.58,15,0.001611919877257708
0.58,16,-0.0014450464932914211
0.58,17,0.0006393318788219251
0.58,18,0.0005464495306777946
0.58,19,0.00039658911884251773
0.58,20,-0.001549001626596854
0.58,21,0.0010082183650463492
0.58,22,-0.0022912479786174954
0.58,23,-0.0008618576312730697
0.58,24,-0.0013774796972247786
0.58,25,0.001329947400808223
0.58,26,0.0020877877344315796
0.58,27,-0.0034203270892905436
0.58,28,0.0012012833948412576
0.58,29,-0.0013404711161294379
0.58,30,0.002633455116765684
0.58,31,-0.0011015787156251934
0.58,32,0.001895683216133862
0.58,33,-0.00042946316852486566
0.58,34,4.221554700459733e-5
0.58,35,-0.000687832885580546
0.58,36,-0.0012973324722623805
0.58,37,-0.0005838672984409712
0.58,38,0.0018904296056434708
0.58,39,0.0012260695400959057
0.58,40,-0.003328513739390992
0.58,41,0.0009711347670987014
0.58,42,0.0014562625486380578
0.58,43,-0.0004441456377402485
0.58,44,-0.0028338932050106917
0.58,45,0.0023033801959336797
0.58,46,-0.0007945540037472617
0.58,47,-0.001990980169400039
0.58,48,0.0015306294931673801
0.58,49,0.0006501047298282015
0.58,50,0.0009996964365698335
0.58,51,-0.0019185802813364505
0.58,52,0.0005610555333094405
0.58,53,-0.00015250019747511525
0.58,54,0.0017231640482877177
0.58,55,-0.0012073756746013651
0.58,56,0.0026974227332873415
0.58,57,0.0010822705838119443
0.58,58,0.0005513649802779166
0.58,59,0.0012267192338264704
0.58,60,-0.001840926986992583
0.58,61,0.002823481796712363
0.58,62,0.00053240063255677
0.58,63,0.0032919405522001378
0.58,64,-0.0022154348513935803
0.58,65,0.0010424581071852288
0.58,66,0.001124514275215483
0.58,67,0.0005807551185713897
0.58,68,-0.0017433732078264465
0.58,69,0.0011992318209384095
0.58,70,-0.0013943936248285156
0.58,71,-0.00038162667108286786
0.58,72,-0.00013982502798634889
0.58,73,-0.001484353771792279
0.58,74,0.0012029457651185744
0.58,75,-0.0008100029819176744
0.58,76,-0.00027232442911256677
0.58,77,-0.0020194511749345185
0.58,78,-0.0011758465896231963
0.58,79,0.001836396563122372
0.58,80,0.0008233507842829957
0.58,81,-0.0009320245541860545
0.58,82,-0.00108733087499865
0.58,83,-0.001330601384418029
0.58,84,0.0019179146443141974
0.58,85,0.0015076366898723725
0.58,86,0.001567049224270319
0.58,87,0.0019516748387833622
0.58,88,-0.002363768707543436
0.58,89,0.0018390050136445802
0.58,90,-4.7045741284799116e-5
0.58,91,-0.002972557493847167
0.58,92,0.0002499228813985138
0.58,93,0.0025025611259019824
0.58,94,-0.0011267553952973644
0.58,95,-0.004019762686980779
0.58,96,0.00012261119916605093
0.58,97,0.0008647089762822338
0.58,98,0.0047537034067592285
0.58,99,0.002930570948809055
0.58,100,2.79766050962605e-6
0.58,101,0.0004454095635416905
0.58,102,0.00305937980193949
0.58,103,-0.00012052245856331969
0.58,104,0.00252351503677699
0.58,105,0.001959147757776355
0.58,106,0.0016462206016551529
0.58,107,0.0018668382050789176
0.58,108,-0.0019752191001616887
0.58,109,0.0015746594136926222
0.58,110,-0.0015001973931759863
0.58,111,0.0010642626909323407
0.58,112,-0.0021601938129247426
0.58,113,0.0005810480215390495
0.58,114,0.0003769201764886125
0.58,115,0.0022438834634823076
0.58,116,-0.0011807641082347393
0.58,117,0.0029536096165571507
0.58,118,-0.0038400198922028954
0.58,119,0.0011511546529802896
0.58,120,-0.0014579780181144264
0.58,121,0.0008730022664642895
0.58,122,-0.0006347368588184921
0.58,123,0.0015250509453437896
0.58,124,0.0027722359099213024
0.58,125,-0.0016999957555592579
0.58,126,0.0006309931356956817
0.58,127,-0.0006225008073872755
0.58,128,0.0013505807920915433
0.58,129,-0.002377425799454126
0.58,130,0.0031647217269818923
0.58,131,0.0024167753887730393
0.58,132,-0.0010820910232557028
0.58,133,0.00036402596740191706
0.58,134,-0.0005851227388193195
0.58,135,0.0004322047814660854
0.58,136,-0.0033476975521238325
0.58,137,0.003642288542386065
0.58,138,0.0011293137470815547
0.58,139,-0.0016270079520690592
0.58,140,-0.0009225152519211668
0.58,141,0.0020243499138397126
0.58,142,-4.970420786291243e-5
0.58,143,-0.0015564579543198083
0.58,144,0.0006238025651446395
0.58,145,0.0014110605983344779
0.58,146,0.0006907404119800973
0.58,147,0.0006818098868822752
0.58,148,0.0006120546241764692
0.58,149,-0.0005422867703126222
0.58,150,0.0002994165277523684
0.58,151,-0.0013801428414768333
0.58,152,0.0001463305893367117
0.58,153,0.0022673896377806767
0.58,154,0.0004177168476984818
0.58,155,0.001684326102467693
0.58,156,-0.001846029053473488
0.58,157,0.00010094690984389905
0.58,158,0.0018345226107065811
0.58,159,0.0010184248643750702
0.58,160,0.00011556940135048089
0.58,161,0.0002781386569199998
0.58,162,0.0021548478819500365
0.58,163,-0.001352477678974994
0.58,164,-0.0013545790102728532
0.58,165,-0.0009059670809914058
0.58,166,-0.0011098038791724947
0.58,167,0.0005624215989186272
0.58,168,0.0009718938179729715
0.58,169,0.0033174478752757567
0.58,170,0.0029094419448674152
0.58,171,0.00033370279458529064
0.58,172,-0.0064325430287779884
0.58,173,-0.0010273056349670916
0.58,174,-0.0038587189837139286
0.58,175,0.0024573976021997662
0.58,176,0.00155090706435942
0.58,177,0.008617461267914975
0.58,178,0.006483971037714685
0.58,179,-0.002472538751218129
0.58,180,-0.0005383979147080049
0.58,181,-0.002945272492434672
0.58,182,-0.00013846012643254133
0.58,183,-0.00402366999522501
0.58,184,0.005935304635795945
0.58,185,0.01971787815467525
0.58,186,0.008872835759852888
0.58,187,-0.0004552541522459553
0.58,188,0.004313653311503318
0.58,189,0.004353476053834868
0.58,190,0.008313003096496126
0.58,191,-0.02828901006073206
0.58,192,0.6490388187826465
0.58,193,0.009519876345892212
0.58,194,0.004755498523709748
0.58,195,-0.001525632471459338
0.58,196,8.364562985004109e-5
0.58,197,0.00034279410705020594
0.58,198,0.00035275680421991383
0.59,intercept,0.009480827203397213
0.59,1,0.004344177363874832
0.59,2,0.0020950932967346873
0.59,3,-0.0009263140801898843
0.59,4,0.0040982432599493655
0.59,5,-0.0014365017003409248
0.59,6,0.0001438792424981548
0.59,7,0.0021311926268995285
0.59,8,0.0008730449285263285
0.59,9,0.0020094571140232384
0.59,10,0.0009512315878544684
0.59,11,-0.0013752939662924984
0.59,12,-0.00038046240001728777
0.59,13,-0.0021732930101158545
0.59,14,0.0003542988882566446
0.59,15,0.0014852927479042986
0.59,16,-0.0015325480649876397
0.59,17,0.0006007833036123333
0.59,18,0.0005045927174480355
0.59,19,0.000453124591564089
0.59,20,-0.001386993545225042
0.59,21,0.0010160661843772489
0.59,22,-0.002260911844890272
0.59,23,-0.0009093754919051782
0.59,24,-0.0016830117688558938
0.59,25,0.0013823772995523985
0.59,26,0.0030146009810026702
0.59,27,-0.0038189697947209546
0.59,28,0.0011034970720319138
0.59,29,-0.0015141385895353723
0.59,30,0.002878136278666019
0.59,31,-0.0011600408728263567
0.59,32,0.0020561893300185623
0.59,33,-0.0009463947849867515
0.59,34,-4.7598266512982955e-5
0.59,35,-0.0004787027126982941
0.59,36,-0.0016886085038233575
0.59,37,9.365087880233055e-5
0.59,38,0.0015974026477650273
0.59,39,0.0011625318623183565
0.59,40,-0.003492216240123953
0.59,41,0.0013824179127424367
0.59,42,0.001500572016173079
0.59,43,-0.0008891277151400122
0.59,44,-0.002540519355090476
0.59,45,0.002308354125078983
0.59,46,-0.0007778993941893224
0.59,47,-0.002127928002230351
0.59,48,0.0017976119286008542
0.59,49,0.0002737432694919448
0.59,50,0.0011305696964484379
0.59,51,-0.0018190606300686916
0.59,52,0.0005682114042815674
0.59,53,-0.0004584859810066652
0.59,54,0.0020497306340243127
0.59,55,-0.001075481289126532
0.59,56,0.002407599814636512
0.59,57,0.0009435276444221847
0.59,58,0.0006846657112227467
0.59,59,0.0017198106254153315
0.59,60,-0.002599240783919643
0.59,61,0.0029061345747491084
0.59,62,0.0007016168110547899
0.59,63,0.0036111329264650596
0.59,64,-0.002281991979774499
0.59,65,0.0005031857406266917
0.59,66,0.0014153902668667898
0.59,67,0.00044860071534999897
0.59,68,-0.001735120011392606
0.59,69,0.0010983555445039836
0.59,70,-0.0013159001572141539
0.59,71,-0.000320376750417154
0.59,72,-0.00039066991382527566
0.59,73,-0.0013223696952835945
0.59,74,0.0012554276991632988
0.59,75,-0.0011168204501886866
0.59,76,0.00023109422931421914
0.59,77,-0.0023643613715157437
0.59,78,-0.000945819221812156
0.59,79,0.0020472260810536704
0.59,80,0.0007945533625599513
0.59,81,-0.0007711090547131635
0.59,82,-0.0010284494900270724
0.59,83,-0.0015388132585208226
0.59,84,0.001413139615382706
0.59,85,0.0019757969816162095
0.59,86,0.001167246553446903
0.59,87,0.0024702904397681208
0.59,88,-0.002225213972162479
0.59,89,0.0013078596437888373
0.59,90,0.0003196622479798768
0.59,91,-0.003323770495026847
0.59,92,0.00029003912764514783
0.59,93,0.0023454031266897245
0.59,94,-0.0014995111160807499
0.59,95,-0.004121327787775419
0.59,96,0.00016121114493693932
0.59,97,0.0010655774100167598
0.59,98,0.004047470056267012
0.59,99,0.003706894428134693
0.59,100,-0.00016996757749502322
0.59,101,0.00024879518718140775
0.59,102,0.0030048436851792017
0.59,103,5.550519377187172e-5
0.59,104,0.002445565707311319
0.59,105,0.0020085776071119667
0.59,106,0.001996986927539222
0.59,107,0.0016896572950277453
0.59,108,-0.001973957493971487
0.59,109,0.0021882364921962873
0.59,110,-0.0019871158907906364
0.59,111,0.0012401426307446586
0.59,112,-0.001898193194788989
0.59,113,0.00042007089445014013
0.59,114,0.0005355384183278381
0.59,115,0.0019124171741387013
0.59,116,-0.0010891877286347113
0.59,117,0.0025832848432072006
0.59,118,-0.0038791132183741556
0.59,119,0.0009684822066689704
0.59,120,-0.0014610086348582785
0.59,121,0.0017485869386250634
0.59,122,-0.0007129370943029676
0.59,123,0.001434857233628118
0.59,124,0.002565687954084971
0.59,125,-0.0020809750937573306
0.59,126,0.0009207413705057517
0.59,127,-0.0007025532372545332
0.59,128,0.0015189601003239273
0.59,129,-0.0019986719857572484
0.59,130,0.0026222660457650812
0.59,131,0.002422409145187257
0.59,132,-0.0008359607848304732
0.59,133,0.0007186395369309986
0.59,134,-0.0007660344014283443
0.59,135,0.0002046468010785425
0.59,136,-0.003042556015458104
0.59,137,0.0034479117668666415
0.59,138,0.0008708244191822384
0.59,139,-0.0012159916648538018
0.59,140,-0.0010968926957494562
0.59,141,0.0019851849796424246
0.59,142,-0.00030798455123952063
0.59,143,-0.0011886522965184295
0.59,144,0.00042019602417318116
0.59,145,0.0012155412982555358
0.59,146,0.0008686462510380249
0.59,147,0.0006476445313872341
0.59,148,0.0004584618681512224
0.59,149,-0.0006389434800307526
0.59,150,0.0003639287172171656
0.59,151,-0.0008325682197105498
0.59,152,0.0002663911797734277
0.59,153,0.002205380380322087
0.59,154,0.0005529584461002598
0.59,155,0.0011522999439486901
0.59,156,-0.0018025762869325428
0.59,157,0.0003506766106601278
0.59,158,0.0019148680160780125
0.59,159,0.0008889125656564099
0.59,160,-3.4079534796212676e-5
0.59,161,0.00015598373510172081
0.59,162,0.002890924365531495
0.59,163,-0.001893347972976264
0.59,164,-0.0012648120273204449
0.59,165,-0.0005682868134754692
0.59,166,-0.0014474349398958186
0.59,167,0.0003806721177148896
0.59,168,0.0014010073961588005
0.59,169,0.003359524982257928
0.59,170,0.0025599180431378193
0.59,171,0.0004604857878305087
0.59,172,-0.006579719892160288
0.59,173,-0.0009282146495172638
0.59,174,-0.0046818481986108
0.59,175,0.0025688940480678843
0.59,176,0.0011135508504257
0.59,177,0.008955990321002102
0.59,178,0.006222329159519471
0.59,179,-0.0020357442786479133
0.59,180,-0.0011337523979189528
0.59,181,-0.002622810273539273
0.59,182,-0.00024583799216328176
0.59,183,-0.004206652889098279
0.59,184,0.0063843892726679966
0.59,185,0.019250762603326473
0.59,186,0.009051128343769902
0.59,187,-0.000286496410485578
0.59,188,0.00451511050739606
0.59,189,0.004395050235423783
0.59,190,0.008160215498451192
0.59,191,-0.02761655935135499
0.59,192,0.6575625957841111
0.59,193,0.009817065484506053
0.59,194,0.005193809200530411
0.59,195,-0.0015064307246636338
0.59,196,3.077226028860505e-5
0.59,197,0.0003579015705287552
0.59,198,0.00032278685306860386
0.6,intercept,0.009323447659161922
0.6,1,0.00385007349119861
0.6,2,0.0020582985582969743
0.6,3,-0.00029882929108238364
0.6,4,0.003896124757283322
0.6,5,-0.00119689592319807
0.6,6,-5.021377807955103e-6
0.6,7,0.0022894010895553015
0.6,8,0.0008739526607461844
0.6,9,0.0017545526358432825
0.6,10,0.0007748698019899128
0.6,11,-0.0014281841031985756
0.6,12,6.025450059138246e-6
0.6,13,-0.00265507444887848
0.6,14,0.0013041294004487109
0.6,15,0.001450924349432783
0.6,16,-0.0018497549654359821
0.6,17,0.0007093087798052681
0.6,18,0.000839360311485461
0.6,19,0.0004501882523008449
0.6,20,-0.0014778733135075574
0.6,21,0.0012217009001562475
0.6,22,-0.0022653318366134103
0.6,23,-0.0005211449877799524
0.6,24,-0.002403872737161412
0.6,25,0.00202409028035261
0.6,26,0.002753873713644378
0.6,27,-0.003978432410594985
0.6,28,0.0010657966337974474
0.6,29,-0.0010833931811461653
0.6,30,0.002654444245929741
0.6,31,-0.0014970310732365256
0.6,32,0.0026378227816893983
0.6,33,-0.001492717528245696
0.6,34,0.00022602278914043086
0.6,35,-0.0005517444706727355
0.6,36,-0.0018794982716719315
0.6,37,0.0002566956117472757
0.6,38,0.001345488207128319
0.6,39,0.001316612492215397
0.6,40,-0.0035933100179308957
0.6,41,0.0019054712098289638
0.6,42,0.0008843125535629282
0.6,43,-0.0006756602151631807
0.6,44,-0.0026204274969455106
0.6,45,0.0020492559117397603
0.6,46,-0.0006730015520675807
0.6,47,-0.0021702049240722257
0.6,48,0.0016482358016849433
0.6,49,0.0003044299815531852
0.6,50,0.0012894811796035888
0.6,51,-0.0019386146654389324
0.6,52,0.0007857057432530381
0.6,53,-0.0006441136532215983
0.6,54,0.0021701095012953485
0.6,55,-0.0014070741764309362
0.6,56,0.0021093180100041054
0.6,57,0.0012550606045667256
0.6,58,0.0006514097515752635
0.6,59,0.001359822693649483
0.6,60,-0.0026909840044843274
0.6,61,0.003012388219175516
0.6,62,0.0012848514210228106
0.6,63,0.0030373343824208403
0.6,64,-0.0022735913654688303
0.6,65,0.000396391146348994
0.6,66,0.002192211710604483
0.6,67,0.0002920624245270835
0.6,68,-0.0016459372401340868
0.6,69,0.0012475948341079685
0.6,70,-0.0015861452659429419
0.6,71,-0.00048178241179455656
0.6,72,3.4451933008177776e-5
0.6,73,-0.0010529415924726056
0.6,74,0.001045961125929165
0.6,75,-0.001564741167108803
0.6,76,0.0004473554436954775
0.6,77,-0.002325963195601021
0.6,78,-0.000865745931946594
0.6,79,0.001918373726676412
0.6,80,0.0008220445193673681
0.6,81,-0.0008030155255959433
0.6,82,-0.0014074903850324898
0.6,83,-0.0014956368770239804
0.6,84,0.0015553682627887822
0.6,85,0.0018247778995877351
0.6,86,0.0014240581914416479
0.6,87,0.0021098304413424067
0.6,88,-0.0020660948715965142
0.6,89,0.0012208027578743579
0.6,90,0.00037760311672275154
0.6,91,-0.0038105159159039534
0.6,92,0.0001697341050735184
0.6,93,0.0027687860197514757
0.6,94,-0.0018091114960993532
0.6,95,-0.004439776060635007
0.6,96,8.73608417646288e-5
0.6,97,0.0019757640415089253
0.6,98,0.003938790647481342
0.6,99,0.004081563375561762
0.6,100,-7.908390596098653e-5
0.6,101,0.0003685230002060322
0.6,102,0.0025924204140446113
0.6,103,-0.00029937161033648235
0.6,104,0.00258837539985925
0.6,105,0.002001815825229167
0.6,106,0.0014714964282050108
0.6,107,0.00239058345696235
0.6,108,-0.0021896852322288046
0.6,109,0.0026820544301785847
0.6,110,-0.002351063390597244
0.6,111,0.0015271565260282117
0.6,112,-0.00202167381064907
0.6,113,0.0003644605020652549
0.6,114,0.0004978161636792283
0.6,115,0.0017392892473621867
0.6,116,-0.0011540261275725205
0.6,117,0.0025781225237680645
0.6,118,-0.003672840355670748
0.6,119,0.0006319782336359637
0.6,120,-0.0007715317152284785
0.6,121,0.0012863811122258199
0.6,122,-0.000605679430692781
0.6,123,0.0012297687943115527
0.6,124,0.0022757682567951126
0.6,125,-0.0025095855951244002
0.6,126,0.0008412316321203753
0.6,127,-6.973135763959913e-5
0.6,128,0.0013822564429730889
0.6,129,-0.0015761191785257848
0.6,130,0.0025881587505706093
0.6,131,0.0024118511650675105
0.6,132,-0.0008887911014221389
0.6,133,0.0012025970434475484
0.6,134,-0.001117802217418154
0.6,135,0.00028444775683728605
0.6,136,-0.00324948853401357
0.6,137,0.003253386137695175
0.6,138,0.0006447247074577332
0.6,139,-0.0012863503828376215
0.6,140,-0.0011366662700197816
0.6,141,0.0018910847030833091
0.6,142,-9.040467013813343e-5
0.6,143,-0.001199259696587091
0.6,144,0.0005133626137807385
0.6,145,0.0009349652409012079
0.6,146,0.0004903884167699364
0.6,147,0.0014535262764908783
0.6,148,-0.00015062318415523518
0.6,149,-0.0004665482120291955
0.6,150,0.0005305378997046483
0.6,151,-0.0011963674261097378
0.6,152,0.0006363342501392764
0.6,153,0.0019226792947480216
0.6,154,0.0007784128471338793
0.6,155,0.0009435353173646685
0.6,156,-0.0020171281970088432
0.6,157,0.0007697721322049445
0.6,158,0.0017307152025651518
0.6,159,0.0006190447125489041
0.6,160,0.00016720605233312173
0.6,161,6.394662839692815e-5
0.6,162,0.002880800230609041
0.6,163,-0.002155522803277639
0.6,164,-0.001347187340191601
0.6,165,-0.0002771064333777779
0.6,166,-0.0016299842727220564
0.6,167,0.0002812679345328974
0.6,168,0.001238972097502938
0.6,169,0.003390097622610147
0.6,170,0.002731165106538711
0.6,171,0.0002664006987546736
0.6,172,-0.006117471789072709
0.6,173,-0.0006896145299701431
0.6,174,-0.0047442825985503975
0.6,175,0.002580529908034357
0.6,176,0.0006767539226829918
0.6,177,0.009563045681374512
0.6,178,0.006284077244036402
0.6,179,-0.001860409888240251
0.6,180,-0.0017671613998687906
0.6,181,-0.002210976751214418
0.6,182,-0.00030859230493067213
0.6,183,-0.00452089748002526
0.6,184,0.006223979981405173
0.6,185,0.01999118263457778
0.6,186,0.008967556249412919
0.6,187,-0.0002212153404593152
0.6,188,0.004608858376226591
0.6,189,0.0047231640706628586
0.6,190,0.007823211312967062
0.6,191,-0.02612774685329269
0.6,192,0.6684124114882897
0.6,193,0.009782574780391188
0.6,194,0.005665468430399391
0.6,195,-0.0014155891459746786
0.6,196,-6.703721693522305e-6
0.6,197,0.00035186374931552543
0.6,198,0.0002709208673294856
0.61,intercept,0.009157206918215166
0.61,1,0.004034047069027107
0.61,2,0.002231092716446243
0.61,3,-0.0005809272425191006
0.61,4,0.0038698339470768363
0.61,5,-0.0011436172862917889
0.61,6,-5.3937473694571593e-5
0.61,7,0.002327730111207606
0.61,8,0.0005825181620907623
0.61,9,0.001442994470851737
0.61,10,0.0007427062318790399
0.61,11,-0.0010928169252768932
0.61,12,-0.0003828077663338372
0.61,13,-0.0027244396638408347
0.61,14,0.001969374494738681
0.61,15,0.0011338532539071902
0.61,16,-0.0013653488374732886
0.61,17,0.0004094080312158445
0.61,18,0.0010286448662263396
0.61,19,0.00018846341941023556
0.61,20,-0.0010774362146853387
0.61,21,0.0004453371846345511
0.61,22,-0.0017147104767079317
0.61,23,-0.00132820272864539
0.61,24,-0.0021879155212496436
0.61,25,0.0016696236036698332
0.61,26,0.003141482695237785
0.61,27,-0.0038854958660812567
0.61,28,0.0011135573326878881
0.61,29,-0.0009770466235298043
0.61,30,0.002842633939549396
0.61,31,-0.0015632169329921543
0.61,32,0.00232116128710693
0.61,33,-0.0005364537984036187
0.61,34,-0.00030075218178993266
0.61,35,-0.00044096433211839736
0.61,36,-0.001847460540982728
0.61,37,0.0002578884825579783
0.61,38,0.0017379065846952117
0.61,39,0.0012226075166953338
0.61,40,-0.003690734686596385
0.61,41,0.0021436804266854494
0.61,42,0.0009446009087423237
0.61,43,-0.000713328684263779
0.61,44,-0.0030960943016856385
0.61,45,0.0022320451214794157
0.61,46,-0.0007212764183312814
0.61,47,-0.00209074254111495
0.61,48,0.001564540045163666
0.61,49,0.000499925233287617
0.61,50,0.0011357049820807045
0.61,51,-0.0019275700440399709
0.61,52,0.0007068679409543267
0.61,53,-0.0009516103641986159
0.61,54,0.0021932691711523916
0.61,55,-0.0012111452355639363
0.61,56,0.001683494611010646
0.61,57,0.0012162525900732445
0.61,58,0.00048427063297961834
0.61,59,0.0021303936676868316
0.61,60,-0.0025330845756957256
0.61,61,0.0027656402750188837
0.61,62,0.001047682878690332
0.61,63,0.0033212030364494533
0.61,64,-0.002310831737373657
0.61,65,0.0001429784777552008
0.61,66,0.0024163629428539633
0.61,67,0.00013566847942307018
0.61,68,-0.0011972691633561827
0.61,69,0.0008480324855494575
0.61,70,-0.0013341135874127858
0.61,71,-0.0006246970373874411
0.61,72,-0.00013686595712016444
0.61,73,-0.0006536077960970059
0.61,74,0.001205539734166948
0.61,75,-0.0016445684949233862
0.61,76,0.00038866131832397026
0.61,77,-0.002032067015386909
0.61,78,-0.0006207698654518399
0.61,79,0.0014538637550276857
0.61,80,0.0008153471153830432
0.61,81,-0.0006520347057978055
0.61,82,-0.0015036455499070269
0.61,83,-0.0012190131259837633
0.61,84,0.0012312078295037066
0.61,85,0.001994188293390885
0.61,86,0.0015290888495101966
0.61,87,0.0017893189353951188
0.61,88,-0.0017396754063706446
0.61,89,0.0008527850496099015
0.61,90,0.0007170009836547081
0.61,91,-0.004130065684375228
0.61,92,2.1222584960438016e-5
0.61,93,0.0031780003652041827
0.61,94,-0.0018266760166051447
0.61,95,-0.0041165877785931
0.61,96,-7.106706129978442e-5
0.61,97,0.00228337021006905
0.61,98,0.0042297625254727415
0.61,99,0.003958524864771703
0.61,100,-0.0003965742336876888
0.61,101,0.00028380411743348803
0.61,102,0.0022078741849238174
0.61,103,-0.0001057831771925722
0.61,104,0.002399105439700831
0.61,105,0.0019563990874813253
0.61,106,0.0013768747784740657
0.61,107,0.0023659397202480323
0.61,108,-0.0018463773128567105
0.61,109,0.0024021598005865476
0.61,110,-0.0021156297760521812
0.61,111,0.0013648928096329067
0.61,112,-0.002246549311729484
0.61,113,0.0006629278455256119
0.61,114,0.0010606242210610285
0.61,115,0.001090379441547849
0.61,116,-0.0010106088633917007
0.61,117,0.0027802930127287452
0.61,118,-0.004048661867072667
0.61,119,0.0006828837577416806
0.61,120,-0.0005455441751231607
0.61,121,0.0010910453985732266
0.61,122,-0.0006628830072299922
0.61,123,0.0011540936406515964
0.61,124,0.0023120892829372745
0.61,125,-0.002532325840602083
0.61,126,0.001201108777503541
0.61,127,-0.00023427198237794682
0.61,128,0.001364691646342432
0.61,129,-0.0014602477023604131
0.61,130,0.0029116500330447445
0.61,131,0.0019752872110745706
0.61,132,-0.0008317663156763657
0.61,133,0.0009696888759386075
0.61,134,-0.0010998798759909102
0.61,135,3.106463537800206e-5
0.61,136,-0.0028806892377730158
0.61,137,0.002898001148757468
0.61,138,0.0011202646024042326
0.61,139,-0.001414460775283709
0.61,140,-0.0014304030014380506
0.61,141,0.002165743305488247
0.61,142,-0.0002874599626473968
0.61,143,-0.0014598395972335362
0.61,144,0.0009292517458761739
0.61,145,0.0007780785383680683
0.61,146,0.0005050748579398922
0.61,147,0.0014136336861917936
0.61,148,-6.573991441608863e-5
0.61,149,-0.0005037868118631128
0.61,150,0.0007630537289482723
0.61,151,-0.001189025991365355
0.61,152,0.00043565193994439956
0.61,153,0.0017898575284469897
0.61,154,0.0011956902954445253
0.61,155,0.0007543724513097077
0.61,156,-0.0020384955412923083
0.61,157,0.001101204443682897
0.61,158,0.0016515683577176836
0.61,159,0.00025931124453276976
0.61,160,0.0002676121473487352
0.61,161,0.000418460295247409
0.61,162,0.0030088486608429274
0.61,163,-0.002622918156929586
0.61,164,-0.0009382766008373916
0.61,165,-0.0004388958541963375
0.61,166,-0.0015822959999286842
0.61,167,0.0005320712813471205
0.61,168,0.0013540805019308338
0.61,169,0.0037182203766500453
0.61,170,0.002261116716016626
0.61,171,0.00034005480629583333
0.61,172,-0.0059239631763055665
0.61,173,-0.000533384745210798
0.61,174,-0.004744385528946146
0.61,175,0.0024235381419250098
0.61,176,0.0008556549665913909
0.61,177,0.009103648935381873
0.61,178,0.0064524217266670545
0.61,179,-0.0028750919299544335
0.61,180,-0.001077077690024457
0.61,181,-0.0016065549436577236
0.61,182,-0.00030688240114723145
0.61,183,-0.004990532075558288
0.61,184,0.005644896764999804
0.61,185,0.019748788901955742
0.61,186,0.008730602213068126
0.61,187,-0.0001753383520493574
0.61,188,0.004463992691806959
0.61,189,0.004252976418624183
0.61,190,0.009002772870338129
0.61,191,-0.02728365038064816
0.61,192,0.680909653757808
0.61,193,0.00994665076896097
0.61,194,0.005853184896616045
0.61,195,-0.0013445636125118828
0.61,196,-9.663493312746624e-5
0.61,197,0.00030882768804813693
0.61,198,0.0002452524991065144
0.62,intercept,0.009082866337299515
0.62,1,0.004537488764114374
0.62,2,0.0014273241478374324
0.62,3,-0.0003365399688759943
0.62,4,0.0035617364052424523
0.62,5,-0.000777567776789223
0.62,6,0.00013406101355778618
0.62,7,0.0022982579486767927
0.62,8,0.0009895396561416655
0.62,9,0.0012883227632560675
0.62,10,0.0005357270383316558
0.62,11,-0.00112077319367714
0.62,12,-0.0003567424522390566
0.62,13,-0.002761030855424592
0.62,14,0.001999659195080868
0.62,15,0.001053735135879913
0.62,16,-0.0018416450733360291
0.62,17,0.001002604538747741
0.62,18,0.001038602602220733
0.62,19,-0.0002663033993717425
0.62,20,-0.0013909110773708392
0.62,21,0.0009813285832160473
0.62,22,-0.0021279527703964066
0.62,23,-0.0012283199222834443
0.62,24,-0.0016719974674453415
0.62,25,0.0016408230728999988
0.62,26,0.0026041762404611295
0.62,27,-0.004179188563389234
0.62,28,0.0018370439764279634
0.62,29,-0.0012696941501053707
0.62,30,0.0029807821152402878
0.62,31,-0.0018357952407814595
0.62,32,0.00270058310416616
0.62,33,-0.0005083849331173879
0.62,34,-0.00013995579207703667
0.62,35,-0.00047523190248622914
0.62,36,-0.001753792216584657
0.62,37,0.00041491282303578387
0.62,38,0.001280721491644068
0.62,39,0.0012524469929511156
0.62,40,-0.00359742049879552
0.62,41,0.0020771002812408875
0.62,42,0.0007410708381998198
0.62,43,3.799631795799481e-5
0.62,44,-0.003077378918936991
0.62,45,0.002145290361196046
0.62,46,-0.000806530404975543
0.62,47,-0.0014215792971925966
0.62,48,0.0012802930238965259
0.62,49,0.0002931564341899033
0.62,50,0.0014275754285846029
0.62,51,-0.0017870567366688442
0.62,52,0.0005737115204657304
0.62,53,-0.0007070702437727503
0.62,54,0.0021204025807325306
0.62,55,-0.0012930476738410885
0.62,56,0.0018366018968749885
0.62,57,0.0013154294749838501
0.62,58,0.00029809006701045604
0.62,59,0.0023451778924679615
0.62,60,-0.0027837228504421613
0.62,61,0.0026590990913835134
0.62,62,0.0009450329471398674
0.62,63,0.0033138432461411885
0.62,64,-0.0022938937481625553
0.62,65,0.0003509378209979164
0.62,66,0.00196165041954494
0.62,67,0.00033657571218281173
0.62,68,-0.0012794397977824658
0.62,69,0.0006750553313347733
0.62,70,-0.000743837562104119
0.62,71,-0.001051276873738302
0.62,72,-0.00016900931363787936
0.62,73,-0.0004359953210770396
0.62,74,0.0009624968914663645
0.62,75,-0.0020819553230989017
0.62,76,0.0011048669767855126
0.62,77,-0.0025153414748949328
0.62,78,-0.0002159278089745287
0.62,79,0.0009930560278682001
0.62,80,0.0012246602826104826
0.62,81,-0.0008810224678057087
0.62,82,-0.001355730094678887
0.62,83,-0.0010599561924497314
0.62,84,0.0008406682215220301
0.62,85,0.0023802152584945914
0.62,86,0.0012462544317599098
0.62,87,0.001628260002747611
0.62,88,-0.001973736608873524
0.62,89,0.0013288823166076292
0.62,90,0.00030033287622674757
0.62,91,-0.004162164831333368
0.62,92,0.0005218342086869443
0.62,93,0.0028399452542072637
0.62,94,-0.0014684119397218147
0.62,95,-0.0044113040560081525
0.62,96,0.00030362741446005764
0.62,97,0.0015457004173578125
0.62,98,0.004996511489403436
0.62,99,0.0040359611940038
0.62,100,-0.0005912745897802653
0.62,101,3.876075570276663e-5
0.62,102,0.002953911289493373
0.62,103,-0.00016818939753519417
0.62,104,0.0021000092066368915
0.62,105,0.0018548313580246585
0.62,106,0.0012148583477262713
0.62,107,0.0020660487968866812
0.62,108,-0.0012818482255316308
0.62,109,0.002208465479187248
0.62,110,-0.002074794981497088
0.62,111,0.0017670507456191283
0.62,112,-0.002439218822953186
0.62,113,0.00031563395261351135
0.62,114,0.0008105423392413478
0.62,115,0.0012313449596295157
0.62,116,-0.0006112960672123636
0.62,117,0.0025640629017868993
0.62,118,-0.004096061718856255
0.62,119,0.0010814775039862138
0.62,120,-0.000812735457549985
0.62,121,0.000794844832635099
0.62,122,-0.0007089450600840595
0.62,123,0.0010595509151951682
0.62,124,0.0030089504233962094
0.62,125,-0.002529563183184732
0.62,126,0.0011019129337543215
0.62,127,-0.00029033634505657086
0.62,128,0.001064352004530605
0.62,129,-0.0015542569486330662
0.62,130,0.0029294030892069935
0.62,131,0.00195765987559881
0.62,132,-0.0006545052248179369
0.62,133,0.0011954921708636683
0.62,134,-0.0014837198035233526
0.62,135,5.1865654001848364e-6
0.62,136,-0.0032225440211851417
0.62,137,0.003625257056065485
0.62,138,0.001289859850558285
0.62,139,-0.0017243455189943134
0.62,140,-0.0014334314028548677
0.62,141,0.001737343329589097
0.62,142,1.577485751436118e-5
0.62,143,-0.001509189794226686
0.62,144,0.0009599492876672893
0.62,145,0.000620543895457877
0.62,146,0.0007872414410358333
0.62,147,0.0010171205997447945
0.62,148,-4.819455402491318e-5
0.62,149,-0.000262056076153072
0.62,150,0.0006294244553390823
0.62,151,-0.0008770882198157652
0.62,152,0.0004890986203930032
0.62,153,0.0016578839473487534
0.62,154,0.0013789668591817196
0.62,155,0.0011181074970417208
0.62,156,-0.0024403050958162484
0.62,157,0.0010083587285255116
0.62,158,0.0022393282923872503
0.62,159,0.0002462697009126402
0.62,160,-0.00011733579137670375
0.62,161,0.0005605193865751523
0.62,162,0.0026305707426268112
0.62,163,-0.0026490958868817193
0.62,164,-0.0009351687501512836
0.62,165,-0.0004219248634019978
0.62,166,-0.001999063454658406
0.62,167,0.0006917027558646322
0.62,168,0.0012081913578712927
0.62,169,0.003702445600699737
0.62,170,0.002118761469738734
0.62,171,0.0009123733327139887
0.62,172,-0.006188848304158893
0.62,173,0.0004357715024235436
0.62,174,-0.005373718038058063
0.62,175,0.0024875493625880034
0.62,176,0.000587369427253234
0.62,177,0.009523227028384701
0.62,178,0.006606566031236266
0.62,179,-0.0027440077003538007
0.62,180,-0.0012262421285022362
0.62,181,-0.0015578875073040867
0.62,182,-0.0008139164815982339
0.62,183,-0.005205304127535068
0.62,184,0.005406815916978361
0.62,185,0.02061149617901034
0.62,186,0.008409313911460306
0.62,187,0.0001181238953873928
0.62,188,0.00438590644898532
0.62,189,0.0040159454635043225
0.62,190,0.009334247240104093
0.62,191,-0.027069028105887998
0.62,192,0.688700953851247
0.62,193,0.010212360573879193
0.62,194,0.0059505356970692555
0.62,195,-0.0013189356064999816
0.62,196,-0.00015374436208136962
0.62,197,0.0002559325537990764
0.62,198,0.00023393944555988137
0.63,intercept,0.00897178916129194
0.63,1,0.004211348134244525
0.63,2,0.0015093849704981982
0.63,3,-0.00023001702968067415
0.63,4,0.003409915081419556
0.63,5,-0.0011886146804884446
0.63,6,0.0003787923845711521
0.63,7,0.0021214172557638
0.63,8,0.0012042928695445378
0.63,9,0.0014967830424948772
0.63,10,0.0008216717852133713
0.63,11,-0.0010413839010750092
0.63,12,-0.0009186975134827588
0.63,13,-0.0023753515592307268
0.63,14,0.0018759136818652037
0.63,15,0.0008853708400648137
0.63,16,-0.0019684860163685625
0.63,17,0.0010474972386902964
0.63,18,0.0010084652281957273
0.63,19,-0.0006352992984775738
0.63,20,-0.001987635957646037
0.63,21,0.0015243889276854003
0.63,22,-0.00226894345936129
0.63,23,-0.0016052843414163592
0.63,24,-0.001648499026014938
0.63,25,0.0018385544334548374
0.63,26,0.0029597441199332285
0.63,27,-0.004062105016101249
0.63,28,0.0018889588638302615
0.63,29,-0.0015686886008218922
0.63,30,0.003123702009136611
0.63,31,-0.002231334186712974
0.63,32,0.002530800768740072
0.63,33,-0.000659291414972247
0.63,34,0.00010471806914655087
0.63,35,-0.00016239004408536984
0.63,36,-0.0016341893314580985
0.63,37,0.00034759777280152335
0.63,38,0.0013289859374408187
0.63,39,0.000801781946366392
0.63,40,-0.0031668615213758756
0.63,41,0.0018363460607157824
0.63,42,0.0006002043094979831
0.63,43,7.784382319857851e-5
0.63,44,-0.0033842327068434063
0.63,45,0.002113614974184672
0.63,46,-0.0008702164833450128
0.63,47,-0.0014217379199466273
0.63,48,0.00097370550383079
0.63,49,-0.00015983337342157202
0.63,50,0.0017363876453288087
0.63,51,-0.0015176819701692111
0.63,52,0.0001600706277462456
0.63,53,-0.00045435071036280977
0.63,54,0.0018755452272741803
0.63,55,-0.0005189805303852949
0.63,56,0.0012946962449126931
0.63,57,0.001156018208880163
0.63,58,0.00022581774536420158
0.63,59,0.0023794732594587527
0.63,60,-0.0027014687210690637
0.63,61,0.0023611481066177944
0.63,62,0.0011298928905906877
0.63,63,0.0035237901377559873
0.63,64,-0.0025375818517596573
0.63,65,-0.00012873306129364528
0.63,66,0.002465579097154173
0.63,67,0.0004518117472721201
0.63,68,-0.0015285556838996806
0.63,69,0.0012397918027390123
0.63,70,-0.0009769161931237984
0.63,71,-0.000986408310027302
0.63,72,-0.00014034556953066717
0.63,73,-8.255159953580208e-5
0.63,74,0.0005408956887162485
0.63,75,-0.0018569406620759965
0.63,76,0.0009616245244078334
0.63,77,-0.0024256560179819805
0.63,78,-0.0005047749671859135
0.63,79,0.0012327677636362997
0.63,80,0.0008648937460727178
0.63,81,-0.0011142843573236536
0.63,82,-0.0007850076958505075
0.63,83,-0.0015182380569342545
0.63,84,0.0006235311052450696
0.63,85,0.002833479957121218
0.63,86,0.0011190627767642893
0.63,87,0.002283706357525056
0.63,88,-0.0024705832615628657
0.63,89,0.0010549561370196568
0.63,90,0.0007778552633067595
0.63,91,-0.004246052789706527
0.63,92,0.0007244174223741929
0.63,93,0.002302369772868229
0.63,94,-0.0012592117455352246
0.63,95,-0.005030990310332551
0.63,96,0.0008017713255084973
0.63,97,0.001211196333223091
0.63,98,0.00565564976516848
0.63,99,0.0035813684581621165
0.63,100,-0.0007276417132663439
0.63,101,0.000291630817779243
0.63,102,0.0031866427389706676
0.63,103,-0.0002574008345931168
0.63,104,0.002363704406902714
0.63,105,0.0016027150401900778
0.63,106,0.0008051007427871801
0.63,107,0.001832348652119145
0.63,108,-0.0008355136617937531
0.63,109,0.002147963126523838
0.63,110,-0.0020998288248227906
0.63,111,0.0019691764889751833
0.63,112,-0.0021227518899327087
0.63,113,-2.9874632460552428e-5
0.63,114,0.001233003681935708
0.63,115,0.0017594729555454826
0.63,116,-0.0011610286183949604
0.63,117,0.002962863213819866
0.63,118,-0.004117722372359775
0.63,119,0.000698946482368897
0.63,120,-0.00047600451748699616
0.63,121,0.0007613007002412309
0.63,122,-0.0009456168270883464
0.63,123,0.0009254936859992972
0.63,124,0.0034189525984249505
0.63,125,-0.002948165287232607
0.63,126,0.0014630757910781144
0.63,127,-0.0005091967829062233
0.63,128,0.0008608112034047405
0.63,129,-0.0017421309559770516
0.63,130,0.003547730551975209
0.63,131,0.0013396340190776892
0.63,132,-0.00020293807231314034
0.63,133,0.0011297419858458829
0.63,134,-0.0014666636288941015
0.63,135,0.00046161533299286084
0.63,136,-0.0033609870758375816
0.63,137,0.0033560273809782183
0.63,138,0.0011817655612606339
0.63,139,-0.001480391626120232
0.63,140,-0.0013498957857389767
0.63,141,0.0022322375671283813
0.63,142,-0.0003630455867814139
0.63,143,-0.0011745342313715203
0.63,144,0.0009733620351717854
0.63,145,0.00036647920358105003
0.63,146,0.0009238753178796467
0.63,147,0.0006468636394369834
0.63,148,0.000401269741140385
0.63,149,-0.0008597568798855768
0.63,150,0.000811080835536757
0.63,151,-0.0003586751989659215
0.63,152,0.00021423319161164577
0.63,153,0.001851165169785179
0.63,154,0.0009740726015294869
0.63,155,0.0008852439725040054
0.63,156,-0.0023477315767132215
0.63,157,0.0007758015026750218
0.63,158,0.0027044747468464815
0.63,159,0.0001772358128108448
0.63,160,-0.00033689098241063446
0.63,161,0.0006039161700739809
0.63,162,0.002742118246573845
0.63,163,-0.002778254991843948
0.63,164,-0.0006083592269753045
0.63,165,-0.0009187504043312751
0.63,166,-0.0018780539901816081
0.63,167,0.0005980484559463461
0.63,168,0.0013232757868492941
0.63,169,0.003691093619016478
0.63,170,0.0017950339086208213
0.63,171,0.0009744282112863244
0.63,172,-0.006246998252549165
0.63,173,0.00026633394879878314
0.63,174,-0.005443605420133726
0.63,175,0.0027946740810287068
0.63,176,0.0007314352813049536
0.63,177,0.008629304566467186
0.63,178,0.006793592130503974
0.63,179,-0.0026718354788996977
0.63,180,-0.0012483739548021608
0.63,181,-0.001113889094718541
0.63,182,-0.0010380934190661153
0.63,183,-0.005175447141202839
0.63,184,0.0047747430764306775
0.63,185,0.021116115841601533
0.63,186,0.009122949939174719
0.63,187,0.0004726159775452948
0.63,188,0.004344102930002752
0.63,189,0.0033778951091426763
0.63,190,0.009501572624986061
0.63,191,-0.027244885265548514
0.63,192,0.7033088793364645
0.63,193,0.009692401641382508
0.63,194,0.005914550093454594
0.63,195,-0.0011984267175521718
0.63,196,-0.00017761061433341465
0.63,197,0.0002243149315757447
0.63,198,0.00020524347117713805
0.64,intercept,0.008772146234910655
0.64,1,0.004618235887121033
0.64,2,0.0018883019607754254
0.64,3,-0.0008378240219452529
0.64,4,0.0037222238430963507
0.64,5,-0.001609988110476745
0.64,6,0.0005933715455280392
0.64,7,0.001506975821714555
0.64,8,0.001932252161457839
0.64,9,0.001210933498238598
0.64,10,0.0008642487634032819
0.64,11,-0.0014453526529765027
0.64,12,-0.0007078681226338531
0.64,13,-0.002126437876716245
0.64,14,0.001489506978788244
0.64,15,0.0011882195939039405
0.64,16,-0.002408097488264663
0.64,17,0.0012231860794003904
0.64,18,0.0011523932772752705
0.64,19,-0.0011222677693612127
0.64,20,-0.001745624735618771
0.64,21,0.0016115113879070187
0.64,22,-0.002055539248955567
0.64,23,-0.001937051716066313
0.64,24,-0.0016696972605311378
0.64,25,0.0016552581816955453
0.64,26,0.002582047333788187
0.64,27,-0.003143105167141625
0.64,28,0.002167114755994976
0.64,29,-0.001784099518643126
0.64,30,0.0032021425306876256
0.64,31,-0.0022493264596654553
0.64,32,0.002142816681473315
0.64,33,-0.00028057027939933115
0.64,34,0.0005611006561719265
0.64,35,-0.0005974989985211568
0.64,36,-0.0017779667565750593
0.64,37,-3.1151830715200168e-6
0.64,38,0.0014647289294963163
0.64,39,0.0008435560644265679
0.64,40,-0.0030644564194710557
0.64,41,0.00247006749641056
0.64,42,0.0003095447527795305
0.64,43,0.00046459170023270324
0.64,44,-0.0038883329813821366
0.64,45,0.0024549715752322757
0.64,46,-0.0006473202484586499
0.64,47,-0.0013801871994915786
0.64,48,0.0008449343776467051
0.64,49,0.0002778861813764274
0.64,50,0.0018392837575866025
0.64,51,-0.0020005442615986324
0.64,52,0.00039707751908555966
0.64,53,-0.00023167232323276338
0.64,54,0.001746919615111382
0.64,55,-0.00035688099703614246
0.64,56,0.0010186097718136713
0.64,57,0.0008141594568096478
0.64,58,-2.0167714052603716e-5
0.64,59,0.002482151103826787
0.64,60,-0.0028322271233074156
0.64,61,0.002351753931946347
0.64,62,0.0015088992693413777
0.64,63,0.003364066598570824
0.64,64,-0.0022975399893141487
0.64,65,-0.0006437803417787242
0.64,66,0.00222157170976607
0.64,67,0.0006659213634005937
0.64,68,-0.000882535379506649
0.64,69,0.000499944084079293
0.64,70,-0.0008372372439763095
0.64,71,-0.0007272640382048918
0.64,72,-0.00033124637867641525
0.64,73,-1.4474614556952152e-5
0.64,74,0.0008170108889071677
0.64,75,-0.0014450325656086317
0.64,76,0.0008263243448937244
0.64,77,-0.002825048041054882
0.64,78,-8.894144917266296e-5
0.64,79,0.000828129126361502
0.64,80,0.0008319645422299759
0.64,81,-0.0006948191067352294
0.64,82,-0.0014868580569913723
0.64,83,-0.0012477434793229073
0.64,84,0.00024628268808996127
0.64,85,0.0029116883363131205
0.64,86,0.0011338658275390518
0.64,87,0.00275180873341313
0.64,88,-0.0027340243060500103
0.64,89,0.0009004030894307769
0.64,90,0.0008678287446360196
0.64,91,-0.0038410546417923827
0.64,92,0.00017867351329860557
0.64,93,0.00274985886615612
0.64,94,-0.000484175199649244
0.64,95,-0.005257260295223817
0.64,96,0.00015546681387354675
0.64,97,0.001724988087081311
0.64,98,0.005547818897561804
0.64,99,0.0030025016706609338
0.64,100,-0.0007374505965031272
0.64,101,0.0004279530310051666
0.64,102,0.002923603048981579
0.64,103,-0.0005544232441221891
0.64,104,0.002858694349530404
0.64,105,0.0011727397756352567
0.64,106,0.00076840527517068
0.64,107,0.00182314985188201
0.64,108,-0.0003817176993784274
0.64,109,0.0015722371255143688
0.64,110,-0.0019747352507793405
0.64,111,0.0016171949536251031
0.64,112,-0.002382937826619329
0.64,113,4.783181301261822e-5
0.64,114,0.0010092426212552164
0.64,115,0.00216884827486168
0.64,116,-0.0010864069643116675
0.64,117,0.0026808266416648197
0.64,118,-0.004073421236068819
0.64,119,0.0006057691796657227
0.64,120,-0.0002448548043486451
0.64,121,0.0011780757732901112
0.64,122,-0.0011934062018508025
0.64,123,0.0008116657336421906
0.64,124,0.003027431588673584
0.64,125,-0.002618352514997342
0.64,126,0.0014357800803944379
0.64,127,-0.0004994903005346339
0.64,128,0.0008604816937297843
0.64,129,-0.0018277065018903543
0.64,130,0.003615786863556905
0.64,131,0.001546623000954174
0.64,132,-0.0005683563643595769
0.64,133,0.0009845211023793584
0.64,134,-0.0009156694662240179
0.64,135,0.0003309204820216704
0.64,136,-0.003580937647934923
0.64,137,0.0034556851954882823
0.64,138,0.0010372716823318522
0.64,139,-0.001561057903134459
0.64,140,-0.0015654659661072932
0.64,141,0.002312600077223781
0.64,142,0.000512547089646815
0.64,143,-0.001835560849200235
0.64,144,0.0016264459596457466
0.64,145,6.473834410354281e-5
0.64,146,0.0011837844739392518
0.64,147,0.0008563794264102891
0.64,148,0.00021234706193877393
0.64,149,-0.0009596688121581492
0.64,150,0.0008096000848290532
0.64,151,-4.076256970461692e-5
0.64,152,-0.00011648853055247644
0.64,153,0.0023302417138436966
0.64,154,0.0009876064860500217
0.64,155,0.0005763774614185214
0.64,156,-0.002454573000869321
0.64,157,0.0009500094634885476
0.64,158,0.003096972167199063
0.64,159,-0.000348101106972285
0.64,160,-0.0002322772885091663
0.64,161,0.0008091986174038034
0.64,162,0.002186991517541633
0.64,163,-0.002778885760336486
0.64,164,-0.00023583574975962723
0.64,165,-0.0010185424533880158
0.64,166,-0.001985964893600561
0.64,167,0.0005578665124161896
0.64,168,0.0012475211231906557
0.64,169,0.003726085709627579
0.64,170,0.0018846585002184934
0.64,171,0.0013159751163579184
0.64,172,-0.006336243110244526
0.64,173,4.5462146749337806e-5
0.64,174,-0.004768049387380671
0.64,175,0.0023197173120377097
0.64,176,0.000634406903985482
0.64,177,0.008687319437345664
0.64,178,0.007049547043932791
0.64,179,-0.002962513938191626
0.64,180,-0.0007429080380372549
0.64,181,-0.0011212448569084255
0.64,182,-0.000553654428680035
0.64,183,-0.005674099213713708
0.64,184,0.004693783757909893
0.64,185,0.02017391474109773
0.64,186,0.009845589762545598
0.64,187,-0.0003713206118329062
0.64,188,0.005017398674263148
0.64,189,0.0029679502872478674
0.64,190,0.008218255945841753
0.64,191,-0.025460116313542686
0.64,192,0.7167464456346979
0.64,193,0.009994217422185469
0.64,194,0.0059850334560436255
0.64,195,-0.0011383845856855178
0.64,196,-0.0002334760698974972
0.64,197,0.0001732625331202116
0.64,198,0.00018510677509861497
0.65,intercept,0.008644000546722897
0.65,1,0.005396210010545324
0.65,2,0.0011276087722703282
0.65,3,-0.00022749525658057499
0.65,4,0.0042902280092169285
0.65,5,-0.0019124964725220888
0.65,6,0.0003927233770352033
0.65,7,0.001123231023230606
0.65,8,0.0018481403901737011
0.65,9,0.0012468747692364907
0.65,10,0.0007906752415072067
0.65,11,-0.0007682273946659476
0.65,12,-0.000557721884413405
0.65,13,-0.0026024396195232858
0.65,14,0.0015859271442632663
0.65,15,0.0014756373375840973
0.65,16,-0.0030056059081266253
0.65,17,0.0010020649533170956
0.65,18,0.0010392359408358846
0.65,19,-0.0009937326421836116
0.65,20,-0.0015927011800048326
0.65,21,0.0016067197307608177
0.65,22,-0.0021639748745751635
0.65,23,-0.002416281207641131
0.65,24,-0.0010540775422648132
0.65,25,0.0012572445087152668
0.65,26,0.002545288851825137
0.65,27,-0.00299388445056781
0.65,28,0.0027711491324723296
0.65,29,-0.002211474846122534
0.65,30,0.0038427928794300976
0.65,31,-0.0020434276600942883
0.65,32,0.0013213242405393098
0.65,33,0.0007265727381149684
0.65,34,0.0002229223976494882
0.65,35,-0.0003520670022701166
0.65,36,-0.0019829117874031106
0.65,37,0.0003138439484551121
0.65,38,0.0012264070374635458
0.65,39,0.0006354264406287165
0.65,40,-0.003392780573897979
0.65,41,0.0023668812679082155
0.65,42,0.00015463809885340026
0.65,43,0.0009521665849922499
0.65,44,-0.0037200110710394335
0.65,45,0.0019670772406654856
0.65,46,-0.0004512625995560777
0.65,47,-0.0009642103560633612
0.65,48,0.0006514130270544137
0.65,49,0.0003029392456263388
0.65,50,0.0017235261438250358
0.65,51,-0.0019509560734177274
0.65,52,-0.0005114104120981388
0.65,53,0.0008919820476566207
0.65,54,0.0014851209866931466
0.65,55,-0.0005264688950473427
0.65,56,0.0008258823974750748
0.65,57,0.0006226396366701494
0.65,58,0.0003873088645105289
0.65,59,0.002254223852294882
0.65,60,-0.003309986616088619
0.65,61,0.0032140945087731987
0.65,62,0.0011703742670345382
0.65,63,0.0038751776424801997
0.65,64,-0.0024770229372077937
0.65,65,-0.0006278686187210687
0.65,66,0.0020419842776877514
0.65,67,0.0006006643621930095
0.65,68,-0.0008048778091097236
0.65,69,0.00043608672670810783
0.65,70,-0.0008753373440496855
0.65,71,-0.0007165756111236619
0.65,72,-0.0004842399199046749
0.65,73,0.00026888752518242445
0.65,74,0.0003444027407819369
0.65,75,-0.0013043776611300522
0.65,76,0.0005734705187372849
0.65,77,-0.002378652872750645
0.65,78,8.778098101594052e-5
0.65,79,0.000783038545889865
0.65,80,0.0011732403713543597
0.65,81,-0.0008186594579037005
0.65,82,-0.0016347555894471284
0.65,83,-0.0011725213060891505
0.65,84,0.0003396736777604247
0.65,85,0.002665542458541327
0.65,86,0.0014565475884883094
0.65,87,0.0023387126527406447
0.65,88,-0.0023784908330122235
0.65,89,0.0006886110894952187
0.65,90,0.0014017900615898686
0.65,91,-0.004298161467726707
0.65,92,0.00019616441160912843
0.65,93,0.0029769113961196866
0.65,94,-0.0011815470622800932
0.65,95,-0.004995286029301654
0.65,96,0.00044615188360038724
0.65,97,0.0016388420154590084
0.65,98,0.005425896069634424
0.65,99,0.0033324901788346316
0.65,100,-0.00041915885391818734
0.65,101,0.0004247102987039677
0.65,102,0.0031478807919561634
0.65,103,-0.0012829142267139204
0.65,104,0.003417917525626476
0.65,105,0.0010407317838481251
0.65,106,0.0001975817395160491
0.65,107,0.0019051612265251524
0.65,108,-9.046093985810903e-5
0.65,109,0.0014857242598484241
0.65,110,-0.0023490130752306286
0.65,111,0.002045941777688572
0.65,112,-0.002346067328589411
0.65,113,-0.00047751398316844124
0.65,114,0.0012067329794464697
0.65,115,0.002403299177459311
0.65,116,-0.0007706876490052558
0.65,117,0.00274403559265985
0.65,118,-0.0040250601780504
0.65,119,0.0007142234197185318
0.65,120,-0.00032027214901320404
0.65,121,0.00117086168294715
0.65,122,-0.0011770073882659666
0.65,123,0.0004184963936188051
0.65,124,0.0036356511306239975
0.65,125,-0.0026685162646850917
0.65,126,0.0012355369402989168
0.65,127,-0.00027218609576960947
0.65,128,0.00035415753419136857
0.65,129,-0.001806668133145723
0.65,130,0.0035600810252974778
0.65,131,0.0020671477909648284
0.65,132,-0.0006092255599647916
0.65,133,0.0007073444004871161
0.65,134,-0.0007299082997641363
0.65,135,-4.655752623290904e-5
0.65,136,-0.0037211533568155685
0.65,137,0.0034568366679317668
0.65,138,0.0014271510588538734
0.65,139,-0.0013493710077570335
0.65,140,-0.001539086888325344
0.65,141,0.002077410551480962
0.65,142,0.000621958775920606
0.65,143,-0.0014968198901938756
0.65,144,0.0010209535417317782
0.65,145,0.00017631491212684102
0.65,146,0.0010378740344392165
0.65,147,0.0010098774511655218
0.65,148,-0.00010091160347077319
0.65,149,-0.0009574960078445657
0.65,150,0.0011190029093940286
0.65,151,-0.0006992323630832798
0.65,152,5.0987099465551916e-5
0.65,153,0.0023753995310995465
0.65,154,0.0009315058252634096
0.65,155,3.1587868989092016e-5
0.65,156,-0.0021988636607666364
0.65,157,0.0007802688751208479
0.65,158,0.0034360041232736
0.65,159,-0.0007569745905943492
0.65,160,-0.00010218470686652793
0.65,161,0.0006625489772117908
0.65,162,0.002165948976580815
0.65,163,-0.002820923403942738
0.65,164,9.67183998679396e-5
0.65,165,-0.0009639523210638549
0.65,166,-0.0018764036999169953
0.65,167,0.0006627327466141575
0.65,168,0.0013508743646723383
0.65,169,0.0035315571596930355
0.65,170,0.0014473479495860754
0.65,171,0.0020600745647549115
0.65,172,-0.006107725985273417
0.65,173,-7.755031294536739e-5
0.65,174,-0.005161831742199232
0.65,175,0.002327177024049586
0.65,176,5.3754924231402044e-5
0.65,177,0.009217658161067498
0.65,178,0.007427943216937953
0.65,179,-0.003338215942822172
0.65,180,-0.0009159849131685266
0.65,181,-0.0009413102765471321
0.65,182,-0.000778822109346357
0.65,183,-0.006355971202385959
0.65,184,0.005005010225349888
0.65,185,0.020904260557847016
0.65,186,0.009659136953028887
0.65,187,-0.00023382762097554367
0.65,188,0.005150997268298879
0.65,189,0.0031404937382978025
0.65,190,0.008292920844342752
0.65,191,-0.026413194906857423
0.65,192,0.7277109944509046
0.65,193,0.010084494597793163
0.65,194,0.006570338192878245
0.65,195,-0.0010590820138118538
0.65,196,-0.00026846569933750583
0.65,197,0.00015328041504547945
0.65,198,0.00021290698876029604
0.66,intercept,0.00866128803578382
0.66,1,0.0059757959077397105
0.66,2,0.0009263930016517312
0.66,3,-1.6208324634554052e-5
0.66,4,0.0035859224368513746
0.66,5,-0.0014062176673930026
0.66,6,5.922362282806414e-5
0.66,7,0.0009649661539228785
0.66,8,0.0019297659103257227
0.66,9,0.0015788513181790404
0.66,10,0.0008468048905461989
0.66,11,-0.0009023733806815134
0.66,12,-0.0005860248530173191
0.66,13,-0.0027092060415575994
0.66,14,0.0017707473016174598
0.66,15,0.0012506882183857151
0.66,16,-0.0032507649736674992
0.66,17,0.0011768113612559284
0.66,18,0.0004326632670505582
0.66,19,-0.0006705114838342031
0.66,20,-0.002104315901544518
0.66,21,0.0022177422968730457
0.66,22,-0.0022690665938526053
0.66,23,-0.0018976718924668273
0.66,24,-0.0013996529671027732
0.66,25,0.0012842625489234802
0.66,26,0.001875181340318811
0.66,27,-0.002132672731983104
0.66,28,0.0024320375128865594
0.66,29,-0.0019712792121032528
0.66,30,0.003612612612022134
0.66,31,-0.0021324306225148195
0.66,32,0.001629949573530654
0.66,33,0.0006061893238247138
0.66,34,-0.00010136509216128073
0.66,35,-0.0003164719580047199
0.66,36,-0.0019867307930891724
0.66,37,0.00014318198903007744
0.66,38,0.0013427521966060357
0.66,39,0.0006422004524525128
0.66,40,-0.0027922617869780516
0.66,41,0.002077719427126145
0.66,42,-0.00011220956423364731
0.66,43,0.0011909805757662417
0.66,44,-0.0038962459753097804
0.66,45,0.002372327842588085
0.66,46,-0.0008056679642077778
0.66,47,-0.0009138128569997375
0.66,48,0.0003124733210528339
0.66,49,0.0005340434489474453
0.66,50,0.002068435527823943
0.66,51,-0.002447915187280994
0.66,52,-0.0004912591909845289
0.66,53,0.0011777096466196106
0.66,54,0.0010567487843735136
0.66,55,-0.0005583651258983719
0.66,56,0.0008997098963746205
0.66,57,0.0009224330431226935
0.66,58,0.00020587988589908032
0.66,59,0.002349256676039189
0.66,60,-0.0036182045666403235
0.66,61,0.003458860606699541
0.66,62,0.0009481264585661971
0.66,63,0.00392634677291281
0.66,64,-0.002660564434869773
0.66,65,-0.00042148939079476275
0.66,66,0.001905630786384828
0.66,67,0.0003772146584014213
0.66,68,-0.0008130624984542279
0.66,69,0.0004107961908892793
0.66,70,-0.0005839294510695283
0.66,71,-0.00041142542084239613
0.66,72,-0.0007810853437756535
0.66,73,0.00034340219762001316
0.66,74,0.0003379299053436452
0.66,75,-0.0008083411489583436
0.66,76,0.00010449438006418651
0.66,77,-0.002098593823711461
0.66,78,0.00045303005729687687
0.66,79,0.0004667249386433938
0.66,80,0.001192103384344021
0.66,81,-0.0005888617412220124
0.66,82,-0.002168614091773359
0.66,83,-0.00047460712010764913
0.66,84,-0.0003670936621157962
0.66,85,0.0030289973143568846
0.66,86,0.0009488611751023427
0.66,87,0.002450861349870858
0.66,88,-0.0023747020499641147
0.66,89,0.0009622103087449629
0.66,90,0.0010208635843765642
0.66,91,-0.00434022321359216
0.66,92,0.0006482324778910629
0.66,93,0.0024462346699646396
0.66,94,-0.0008217546975845633
0.66,95,-0.005373604603321259
0.66,96,0.00030616305303665404
0.66,97,0.0013029518257673893
0.66,98,0.005970969264502752
0.66,99,0.0037915179016580008
0.66,100,-0.001112889706469121
0.66,101,0.0005482521890508163
0.66,102,0.003101875879031194
0.66,103,-0.0017354141174727247
0.66,104,0.0037128996373053387
0.66,105,0.0008255142192515947
0.66,106,0.0003003261244617677
0.66,107,0.001565454371772403
0.66,108,-9.743597810424264e-5
0.66,109,0.0016883138906123479
0.66,110,-0.002657804213622461
0.66,111,0.002447276240431576
0.66,112,-0.0026104397498426892
0.66,113,-0.0002739205428806327
0.66,114,0.001184890419463626
0.66,115,0.002096152013386978
0.66,116,-0.0010598551847211032
0.66,117,0.0030062958614889886
0.66,118,-0.004227192544032597
0.66,119,0.0006535208692474802
0.66,120,-0.00012536407263235953
0.66,121,0.0008973968525860347
0.66,122,-0.0010126474205918081
0.66,123,0.0004984264131645975
0.66,124,0.003328021644890279
0.66,125,-0.002365026021890884
0.66,126,0.0012693819569503568
0.66,127,-0.0002917139839908242
0.66,128,9.062501995777692e-5
0.66,129,-0.0014998680342018956
0.66,130,0.0032839408739201814
0.66,131,0.0021036524724221727
0.66,132,-0.0006399941306869534
0.66,133,0.0008999411722554712
0.66,134,-0.000562764496696064
0.66,135,-0.00021356777559688328
0.66,136,-0.0035880001346442368
0.66,137,0.0032956709179596776
0.66,138,0.00116086843152297
0.66,139,-0.0012272778954986814
0.66,140,-0.0014184169238165097
0.66,141,0.002125311583951623
0.66,142,0.0005294421947352214
0.66,143,-0.0006509969359102211
0.66,144,0.001025842884446789
0.66,145,7.4801825763586036e-6
0.66,146,0.0011624559679844985
0.66,147,0.0010262702159182038
0.66,148,-0.0003019227991746876
0.66,149,-0.0009584391789135925
0.66,150,0.0014062507926755879
0.66,151,-0.0012766654503083559
0.66,152,6.849638771088045e-5
0.66,153,0.0022711832209793073
0.66,154,0.0013603702774040614
0.66,155,-0.0007045722846851337
0.66,156,-0.0019294640624515328
0.66,157,0.0008736148885225437
0.66,158,0.0033638520639808155
0.66,159,-0.0006326573065887417
0.66,160,2.8521607320735857e-5
0.66,161,0.0004466670857187481
0.66,162,0.0024340931050833904
0.66,163,-0.0029526387728164736
0.66,164,0.00028948130041184526
0.66,165,-0.0011954782022977515
0.66,166,-0.0016819837047371076
0.66,167,0.0003197682843741641
0.66,168,0.0012815226596830486
0.66,169,0.0036323078756130786
0.66,170,0.001346638580688125
0.66,171,0.002074516599242337
0.66,172,-0.005913244049220979
0.66,173,-0.00022153307898706303
0.66,174,-0.004860322133255088
0.66,175,0.0022711744924072018
0.66,176,-0.00042944520795028983
0.66,177,0.009080163275840956
0.66,178,0.007466305525110154
0.66,179,-0.003231248576505459
0.66,180,-0.0011688646874710603
0.66,181,-0.00043022160666645655
0.66,182,-0.0001192218843743681
0.66,183,-0.006754865917373651
0.66,184,0.004524424382863319
0.66,185,0.021494314891682357
0.66,186,0.009421911779747359
0.66,187,1.0741520906777552e-5
0.66,188,0.004429403530976214
0.66,189,0.003983228193116068
0.66,190,0.007874113997462196
0.66,191,-0.02784310797721911
0.66,192,0.7381402626625508
0.66,193,0.010368785926282355
0.66,194,0.006859980276922644
0.66,195,-0.0009931684865772353
0.66,196,-0.00033057232307154896
0.66,197,8.891968327734724e-5
0.66,198,0.00021702371144275649
0.67,intercept,0.008509240232570258
0.67,1,0.0056540168023270585
0.67,2,0.0013027073343876
0.67,3,2.066179414714747e-5
0.67,4,0.0035121693785666835
0.67,5,-0.0016631841718524013
0.67,6,0.00043211399092376175
0.67,7,0.0007144516039155753
0.67,8,0.0014249470854551074
0.67,9,0.0022109238358163073
0.67,10,0.0006849048356374802
0.67,11,-0.001012688145902426
0.67,12,-0.0005041180715297181
0.67,13,-0.002547993676295141
0.67,14,0.0013967331949212493
0.67,15,0.0014015666491935827
0.67,16,-0.0031767704400004664
0.67,17,0.00112541259787614
0.67,18,0.0005884999699032822
0.67,19,-0.0010344870098187122
0.67,20,-0.0024047818262996398
0.67,21,0.0024510895295585763
0.67,22,-0.0022909120437128857
0.67,23,-0.001684198040374561
0.67,24,-0.0009568708091690369
0.67,25,0.0009231902298638885
0.67,26,0.0018034278743912712
0.67,27,-0.0020204570632936865
0.67,28,0.002132538559506762
0.67,29,-0.0020030356556059495
0.67,30,0.003930030208860608
0.67,31,-0.0024681307807697473
0.67,32,0.0021203433123160582
0.67,33,0.00037018249392434336
0.67,34,-0.00017787444566445322
0.67,35,-0.0005762323769902448
0.67,36,-0.0021448605470818704
0.67,37,0.00034332169290642825
0.67,38,0.0011920227015154554
0.67,39,0.0007078392431012995
0.67,40,-0.0027720601426866522
0.67,41,0.0021625126855767678
0.67,42,0.0004201634772156573
0.67,43,0.001073324262019589
0.67,44,-0.003969983754169352
0.67,45,0.001755979657897497
0.67,46,-0.0004136185474190604
0.67,47,-0.0008429551757649826
0.67,48,0.00031917213394802335
0.67,49,0.0005641097814380478
0.67,50,0.002353741136943711
0.67,51,-0.002375720871549337
0.67,52,-0.000674164211978257
0.67,53,0.0008905517709419075
0.67,54,0.0006895420107796304
0.67,55,-0.00026722068117103286
0.67,56,0.0008528562658672815
0.67,57,0.0008888686084460665
0.67,58,0.0002404357096916222
0.67,59,0.0020050176869354365
0.67,60,-0.00331396524960247
0.67,61,0.0030768066371119865
0.67,62,0.0013546734651746443
0.67,63,0.0038232579931182413
0.67,64,-0.002736827138176455
0.67,65,-0.00016756142543785
0.67,66,0.0018290626433357098
0.67,67,0.00047332473995030547
0.67,68,-0.0012435624975022483
0.67,69,0.0010592372802700654
0.67,70,-0.001076660558480365
0.67,71,0.0002452748804607437
0.67,72,-0.0005440819059763489
0.67,73,0.00041330271070078343
0.67,74,1.169508909453198e-5
0.67,75,-0.0009333759559401283
0.67,76,0.0007411269256474005
0.67,77,-0.002486346195233515
0.67,78,0.0008426381053106105
0.67,79,0.00018350441650055786
0.67,80,0.0012394364518051653
0.67,81,-0.0008178052410060569
0.67,82,-0.0019399941485227978
0.67,83,-0.0005691448502725317
0.67,84,-0.00040502932065164353
0.67,85,0.0028199294077380244
0.67,86,0.000818963755963038
0.67,87,0.0025904713259534075
0.67,88,-0.002651280821281765
0.67,89,0.0009167587396075038
0.67,90,0.0009419393375593955
0.67,91,-0.004538189024494004
0.67,92,0.00042132184951978227
0.67,93,0.0028421810356196115
0.67,94,-0.0006957020156024245
0.67,95,-0.0050554022393504506
0.67,96,0.0003204222707308109
0.67,97,0.002167404829165083
0.67,98,0.006246657619442119
0.67,99,0.0033699987735673776
0.67,100,-0.00083654994666671
0.67,101,-0.0004064151870766984
0.67,102,0.0036245418444404336
0.67,103,-0.0014633502727233185
0.67,104,0.0033031463100659073
0.67,105,0.0007825409220132804
0.67,106,0.0006205754311176837
0.67,107,0.001387075363029603
0.67,108,-0.0002872868928847253
0.67,109,0.0016908922515100808
0.67,110,-0.0026599932138910965
0.67,111,0.0022310378134542553
0.67,112,-0.0024668626347665117
0.67,113,-0.00042956401469045156
0.67,114,0.00044194418830006315
0.67,115,0.0021913917322300648
0.67,116,-0.0013924600331325582
0.67,117,0.0031171418740175137
0.67,118,-0.004085110860741716
0.67,119,0.0016769954419666067
0.67,120,-0.0004578772225730413
0.67,121,0.001232573380283099
0.67,122,-0.0015420828250591763
0.67,123,0.0010352221462583886
0.67,124,0.003233148998648139
0.67,125,-0.0023598985486628097
0.67,126,0.0014046811483059824
0.67,127,-0.0006191790699487501
0.67,128,0.0007551715778497095
0.67,129,-0.001801951627341654
0.67,130,0.00279213190561493
0.67,131,0.0022459404564225496
0.67,132,-0.001023786366369201
0.67,133,0.0012176559239116245
0.67,134,-0.0013096260877620669
0.67,135,0.0008581559427255352
0.67,136,-0.003796786310441282
0.67,137,0.0028589426129284655
0.67,138,0.0014353144028344366
0.67,139,-0.0015575303040389677
0.67,140,-0.0012126015009341579
0.67,141,0.0019535707041801165
0.67,142,0.0009994062827076424
0.67,143,-0.0010643925314547152
0.67,144,0.0009197030544144774
0.67,145,0.00023503848081715404
0.67,146,0.00047052269327957336
0.67,147,0.0012317927329192665
0.67,148,-0.0001327245497086094
0.67,149,-0.0006671537986535807
0.67,150,0.0012009463432952328
0.67,151,-0.0009581408697723444
0.67,152,-0.0002826310342512314
0.67,153,0.0020393547991643785
0.67,154,0.0014489762038077953
0.67,155,-0.0006143092714208177
0.67,156,-0.0020580593762408368
0.67,157,0.0007903228599111563
0.67,158,0.0032826579913876035
0.67,159,-0.0006428070800684711
0.67,160,-0.0004844019801881977
0.67,161,0.0008250021819236362
0.67,162,0.0024668523863655323
0.67,163,-0.0034148765947525283
0.67,164,0.0004575269623636596
0.67,165,-0.0014443089120305572
0.67,166,-0.002148689246359027
0.67,167,0.0009612234738027735
0.67,168,0.0010233373776917392
0.67,169,0.0037954690936671106
0.67,170,0.0008537892596938041
0.67,171,0.002678853102328235
0.67,172,-0.006106627843616417
0.67,173,-0.00038644673750414606
0.67,174,-0.0048915639454912545
0.67,175,0.002146592762452724
0.67,176,-0.0005011240929533157
0.67,177,0.008720229871062765
0.67,178,0.007384760135341654
0.67,179,-0.002695249726880304
0.67,180,-0.0015212532092282595
0.67,181,-0.0004648549799923445
0.67,182,7.9438237919219e-5
0.67,183,-0.007365988939283965
0.67,184,0.004192743832914905
0.67,185,0.02112965298046913
0.67,186,0.010660448151269269
0.67,187,-0.0009870044800471488
0.67,188,0.005874300789209996
0.67,189,0.0039534952159468945
0.67,190,0.0072423547313378465
0.67,191,-0.029137976709312563
0.67,192,0.7538470751248257
0.67,193,0.010964439373136925
0.67,194,0.007574891987689072
0.67,195,-0.0009116291274390034
0.67,196,-0.0003885475591927755
0.67,197,8.09545752590863e-5
0.67,198,0.00016212129376783253
0.68,intercept,0.008386298231517039
0.68,1,0.005502182089326835
0.68,2,0.0014697575237444778
0.68,3,-0.00024597325259855587
0.68,4,0.003475599103434856
0.68,5,-0.0015726860944726125
0.68,6,0.0003356919944947669
0.68,7,0.0004017071407736419
0.68,8,0.0010456682057795037
0.68,9,0.002653125124900322
0.68,10,0.00039012831666866677
0.68,11,-0.0008928347489624645
0.68,12,-0.0008961721788995551
0.68,13,-0.002570372911425696
0.68,14,0.0009115189630556805
0.68,15,0.0021582586722939273
0.68,16,-0.0031039176242760188
0.68,17,0.0014671595148353822
0.68,18,0.0005184711017374963
0.68,19,-0.0008412087203187031
0.68,20,-0.0028572079620209534
0.68,21,0.003045835087442785
0.68,22,-0.0027987632351790625
0.68,23,-0.001694277596292603
0.68,24,-0.0008845415066600303
0.68,25,0.0007971510381475205
0.68,26,0.0016151944746318014
0.68,27,-0.001799616413152492
0.68,28,0.0026906811088742515
0.68,29,-0.0024584843095839057
0.68,30,0.003865497752639543
0.68,31,-0.0023207357764318186
0.68,32,0.0023076976842643948
0.68,33,-2.5625503272568506e-5
0.68,34,0.00014920237654368173
0.68,35,0.00010461257769123158
0.68,36,-0.0028686904010770814
0.68,37,0.0009842124103154274
0.68,38,0.001088061605708996
0.68,39,0.0005463142839457197
0.68,40,-0.0030597272330068455
0.68,41,0.0021540934421603927
0.68,42,0.0009085104697985052
0.68,43,0.0007243153176223751
0.68,44,-0.003625244402392503
0.68,45,0.0014249892300745597
0.68,46,-0.0001565675727195196
0.68,47,-0.0013020601297684107
0.68,48,0.0007847473700703937
0.68,49,0.00026716575447407494
0.68,50,0.002014878980586456
0.68,51,-0.0025308434350792258
0.68,52,-5.743616536718398e-6
0.68,53,0.00032212485201924473
0.68,54,0.0014173290118143283
0.68,55,-0.0005019656218703318
0.68,56,0.0008133467647847444
0.68,57,0.0007689140998077492
0.68,58,-0.00010669170522832607
0.68,59,0.0019490792387206791
0.68,60,-0.0035911429995730197
0.68,61,0.002531633523774297
0.68,62,0.0018855050694628602
0.68,63,0.0040882755134267505
0.68,64,-0.0031577128061015445
0.68,65,-7.4702383804780535e-6
0.68,66,0.0014638145702595055
0.68,67,0.0007782908044942449
0.68,68,-0.0009864382091467135
0.68,69,0.0006995131019796756
0.68,70,-0.0014821034701488838
0.68,71,0.0002012862191487817
0.68,72,-0.00019311905284695937
0.68,73,-0.00042064779450719437
0.68,74,0.0008778457982741609
0.68,75,-0.0007617381244179937
0.68,76,0.0008328318818070061
0.68,77,-0.0028129623177659407
0.68,78,0.0007254355437424192
0.68,79,-0.00033679373959852825
0.68,80,0.001624736723578925
0.68,81,-0.00048562546272968795
0.68,82,-0.0014946156034479148
0.68,83,-0.0002765363489103366
0.68,84,-0.0002171830291426977
0.68,85,0.002034826641780946
0.68,86,0.00030492082412612295
0.68,87,0.0031577697147864136
0.68,88,-0.003024638037628376
0.68,89,0.00074010544914473
0.68,90,0.0010981064000629677
0.68,91,-0.004667971468909508
0.68,92,0.0008017998404996615
0.68,93,0.0021138080322148627
0.68,94,-0.0005509941903280766
0.68,95,-0.005366531289095429
0.68,96,0.0017457732963616942
0.68,97,0.0008046092955184476
0.68,98,0.006867962708640736
0.68,99,0.003483666387729339
0.68,100,-0.001019641662477313
0.68,101,-0.0003253317986829116
0.68,102,0.0032818042093944837
0.68,103,-0.0011907695766971685
0.68,104,0.0026693166927013543
0.68,105,0.0012269552271996806
0.68,106,0.00047822675599890334
0.68,107,0.0006281154580826619
0.68,108,0.0005636396950027639
0.68,109,0.0014032656674487353
0.68,110,-0.002876713586026218
0.68,111,0.002089237628581334
0.68,112,-0.002072984916392785
0.68,113,-0.0007312556176574732
0.68,114,0.0006158449492500233
0.68,115,0.0021085906963747613
0.68,116,-0.0008400612261478587
0.68,117,0.0032318171825148237
0.68,118,-0.0038963595437453247
0.68,119,0.0018746560689476084
0.68,120,-0.0004508302422323216
0.68,121,0.0007152278448037165
0.68,122,-0.0012597948178792492
0.68,123,0.0005886029926380058
0.68,124,0.0030042037350051926
0.68,125,-0.00223354556047843
0.68,126,0.0012456451450825556
0.68,127,-0.00024850371305055763
0.68,128,0.0004083277645472683
0.68,129,-0.0013943031151600403
0.68,130,0.002991651711100215
0.68,131,0.0017833773992831823
0.68,132,-0.0008685393994811769
0.68,133,0.0013779035119900272
0.68,134,-0.0012209788154936376
0.68,135,0.0006864717485756885
0.68,136,-0.0029951195610384944
0.68,137,0.0023681352817631783
0.68,138,0.001261711998464573
0.68,139,-0.0009182483975109701
0.68,140,-0.0010090984110842503
0.68,141,0.0009272695677625206
0.68,142,0.0015831631626094548
0.68,143,-0.0009894842459502063
0.68,144,0.0005898700122384158
0.68,145,-9.715136964518269e-5
0.68,146,0.00016693684997706054
0.68,147,0.0014098245089472995
0.68,148,-0.0003456795564264459
0.68,149,-0.00026830910132089384
0.68,150,0.0010873342105508135
0.68,151,-0.0011118182798890428
0.68,152,-0.00036137037776474626
0.68,153,0.0021342458265915442
0.68,154,0.0015423703344795555
0.68,155,-0.0012548884678071494
0.68,156,-0.0017308018984235664
0.68,157,0.00017449174382708243
0.68,158,0.0033373609118389365
0.68,159,-0.0008656013626592845
0.68,160,0.00023048368522964039
0.68,161,-9.548853873454193e-5
0.68,162,0.002744510167168187
0.68,163,-0.0028064484910794783
0.68,164,-0.000260036339582511
0.68,165,-0.0011804832560748345
0.68,166,-0.0023511155665595423
0.68,167,0.0012807548797738218
0.68,168,0.0008227477945126531
0.68,169,0.0033445090856167006
0.68,170,0.0011691016209203896
0.68,171,0.0024703770861880456
0.68,172,-0.005787410347245879
0.68,173,-0.0001342433222490739
0.68,174,-0.005275387938306954
0.68,175,0.0018759567963337845
0.68,176,-0.00034043891982326967
0.68,177,0.008585903309108488
0.68,178,0.006742424112052553
0.68,179,-0.002202312980578171
0.68,180,-0.001749387696175344
0.68,181,-0.00013906525234641867
0.68,182,-0.00048529814635102776
0.68,183,-0.0073650365122060945
0.68,184,0.003784834543108132
0.68,185,0.022339972981034482
0.68,186,0.010286850587423724
0.68,187,-0.0007378884275520814
0.68,188,0.006834098009300158
0.68,189,0.003903563018154783
0.68,190,0.006738624837510734
0.68,191,-0.029858672061823896
0.68,192,0.771584690142246
0.68,193,0.011224537234667714
0.68,194,0.007782453705512052
0.68,195,-0.0008573769021841966
0.68,196,-0.00042187402129851594
0.68,197,1.264377603570066e-5
0.68,198,0.0001634044871915482
0.69,intercept,0.008305651029129172
0.69,1,0.005466739749087924
0.69,2,0.0013118417186672574
0.69,3,4.2735023138872576e-5
0.69,4,0.0038790569807910413
0.69,5,-0.001577194190600193
0.69,6,-0.00020243658103392205
0.69,7,0.0004809049231917552
0.69,8,0.00048124405006580765
0.69,9,0.002811100853455734
0.69,10,0.0007769614685535481
0.69,11,-0.0011354571547972797
0.69,12,-0.0012100576583697036
0.69,13,-0.002736036896924517
0.69,14,0.000949904558775122
0.69,15,0.0022832285530170957
0.69,16,-0.0027105097832046034
0.69,17,0.001258617368943882
0.69,18,2.28866441034258e-5
0.69,19,-0.0009398717539991786
0.69,20,-0.002229533554041506
0.69,21,0.0027592313882006197
0.69,22,-0.00288647284622479
0.69,23,-0.0010054800426049452
0.69,24,-0.0009748489208312477
0.69,25,0.000649631007522069
0.69,26,0.001881022241553224
0.69,27,-0.0025224478662573004
0.69,28,0.003501109461748802
0.69,29,-0.002545880844953147
0.69,30,0.0037331996189699083
0.69,31,-0.002310805059721495
0.69,32,0.00225479354288079
0.69,33,-0.000118975125716386
0.69,34,8.392597632310913e-5
0.69,35,-0.00014623227433009062
0.69,36,-0.002851406225152966
0.69,37,0.0012130978132253451
0.69,38,0.0011037727519375784
0.69,39,0.0005823615880895017
0.69,40,-0.002759541432008233
0.69,41,0.0019409921111973054
0.69,42,0.001108089246013361
0.69,43,-0.00014889981296367793
0.69,44,-0.0034971190666421687
0.69,45,0.0018038525293776898
0.69,46,-0.0001738434270223582
0.69,47,-0.0013655916281029366
0.69,48,0.0012934804824893521
0.69,49,-0.00013278843205089842
0.69,50,0.002218639406548955
0.69,51,-0.0025832594876781904
0.69,52,-1.2053091184514735e-5
0.69,53,9.532535984393664e-5
0.69,54,0.0018215047738962895
0.69,55,6.529658973782791e-5
0.69,56,0.000609571283372408
0.69,57,0.0006271499240862092
0.69,58,-0.00010158264096864428
0.69,59,0.0015431065334631376
0.69,60,-0.0035051091156861084
0.69,61,0.0024138360618558294
0.69,62,0.00203306016835622
0.69,63,0.004292687353154736
0.69,64,-0.00371019372347008
0.69,65,0.00012683703670136092
0.69,66,0.001234906229166362
0.69,67,0.0012955486703076732
0.69,68,-0.0010782703994937134
0.69,69,0.0004411869591937344
0.69,70,-0.0018510961820823206
0.69,71,0.0005567736852831118
0.69,72,-0.00013330624794002198
0.69,73,0.00012959619807196177
0.69,74,0.0007622106790899254
0.69,75,-0.0004889814084296869
0.69,76,0.000837102853999783
0.69,77,-0.00292958059652244
0.69,78,0.000461445397472964
0.69,79,3.0140372639956685e-5
0.69,80,0.0011939555208314292
0.69,81,-0.00015951623893772137
0.69,82,-0.0018255870911371998
0.69,83,0.0003128657416564382
0.69,84,-0.0002470178479872236
0.69,85,0.002192743603195843
0.69,86,-0.00023500493331573712
0.69,87,0.0032139315305288883
0.69,88,-0.0030825919245002272
0.69,89,0.0007274312607688584
0.69,90,0.0005739328759239924
0.69,91,-0.0042392421949353125
0.69,92,0.0003479840693877344
0.69,93,0.0009259660698383526
0.69,94,0.0001369569096063461
0.69,95,-0.00532831616663427
0.69,96,0.0010663514678020296
0.69,97,0.000773655532280537
0.69,98,0.007284602890989905
0.69,99,0.00342420056242502
0.69,100,-0.0008066934959729487
0.69,101,-0.0006770845441816131
0.69,102,0.0027025395293862418
0.69,103,-0.0001945506488499959
0.69,104,0.002127050093662884
0.69,105,0.0014434549033773823
0.69,106,0.0006612455061490156
0.69,107,0.0008436987417034693
0.69,108,0.0005263130962154363
0.69,109,0.0013069160229751409
0.69,110,-0.0033359511674368545
0.69,111,0.0027481274801758526
0.69,112,-0.0022948813297151934
0.69,113,-0.0005393781782367443
0.69,114,-0.00014282675004539337
0.69,115,0.0028953181852461873
0.69,116,-0.000923210901153543
0.69,117,0.0033868166440016593
0.69,118,-0.0038959091041375566
0.69,119,0.0016975766667421085
0.69,120,-0.000176332290405733
0.69,121,0.00048159676395294153
0.69,122,-0.001484554607824841
0.69,123,0.0006732689063293852
0.69,124,0.002744512946196374
0.69,125,-0.001823726340593937
0.69,126,0.0014066449183428671
0.69,127,-0.0007306323858114541
0.69,128,0.001250303729211936
0.69,129,-0.0017439141244451888
0.69,130,0.003079748266235527
0.69,131,0.002064218450404161
0.69,132,-0.0014094689114979013
0.69,133,0.0010417639763178883
0.69,134,-0.0009800047670586402
0.69,135,0.0005411992523553343
0.69,136,-0.0028514867253310004
0.69,137,0.002564499161465715
0.69,138,0.0015845369322219469
0.69,139,-0.0012510354999519862
0.69,140,-0.0012819549735315992
0.69,141,0.0011200290481875232
0.69,142,0.0015641662477568845
0.69,143,-0.0008362870980138701
0.69,144,-5.101754233616794e-5
0.69,145,0.00023794229310672638
0.69,146,0.00044303454757229027
0.69,147,0.0010181459993777394
0.69,148,-0.0002544365882166987
0.69,149,-0.00019094313250024296
0.69,150,0.0012172269229495606
0.69,151,-0.0012583319712093732
0.69,152,-0.0001953779402444625
0.69,153,0.0018501440726396876
0.69,154,0.001421943823367482
0.69,155,-0.00045085549860069334
0.69,156,-0.0022398819209836617
0.69,157,0.00047698209323746395
0.69,158,0.003053341930983128
0.69,159,-0.0013040606036625359
0.69,160,0.00016177177202966246
0.69,161,0.0002768524519702196
0.69,162,0.0021878399805117642
0.69,163,-0.0025981183368851656
0.69,164,5.0179182792757224e-5
0.69,165,-0.0015076173722192768
0.69,166,-0.0022266856646817866
0.69,167,0.0008525356533413275
0.69,168,0.0010720135299789335
0.69,169,0.003443506440296134
0.69,170,0.0009455150313432798
0.69,171,0.0028591253971787713
0.69,172,-0.005749418795075215
0.69,173,0.00024104689236713502
0.69,174,-0.005093686505420592
0.69,175,0.0015747374436935215
0.69,176,-0.0010464262706329152
0.69,177,0.008893649045557542
0.69,178,0.006019981336973148
0.69,179,-0.002069488924176962
0.69,180,-0.0019940055979802947
0.69,181,0.00023358482968097714
0.69,182,-8.74166165665105e-5
0.69,183,-0.007901052657721635
0.69,184,0.005126387446245704
0.69,185,0.021020756700577705
0.69,186,0.010228821834816555
0.69,187,0.00032959347535427476
0.69,188,0.006663321007849478
0.69,189,0.003786671341505432
0.69,190,0.0073966281541654666
0.69,191,-0.03150622647687807
0.69,192,0.7848389871416115
0.69,193,0.011691965081157975
0.69,194,0.008347684576323042
0.69,195,-0.0008101486378089854
0.69,196,-0.0005069136047796348
0.69,197,-6.203544912444792e-6
0.69,198,9.701326947245378e-5
0.7,intercept,0.008322964617422096
0.7,1,0.005561317731240743
0.7,2,0.0013667311172261179
0.7,3,-0.000684817634879496
0.7,4,0.004533000805413971
0.7,5,-0.001771542912611642
0.7,6,0.0006168220416700307
0.7,7,0.0003534190209051861
0.7,8,0.00013460743561460536
0.7,9,0.0031474675284256437
0.7,10,0.0007663912406053227
0.7,11,-0.001122706886035756
0.7,12,-0.0014810928522023734
0.7,13,-0.003213476672872186
0.7,14,0.0013643379194706927
0.7,15,0.0022267748600078344
0.7,16,-0.0025677419845074306
0.7,17,0.0009190193288241015
0.7,18,0.00017407929498121588
0.7,19,-0.0015602964998280451
0.7,20,-0.0015976168533319624
0.7,21,0.0028073225710033055
0.7,22,-0.002909874751360993
0.7,23,-0.0014207802954372272
0.7,24,-0.0007286626724540326
0.7,25,0.00016690168411921083
0.7,26,0.0020844371345567166
0.7,27,-0.002723171950303482
0.7,28,0.003858813754252723
0.7,29,-0.0030466701690336773
0.7,30,0.004396504467867069
0.7,31,-0.0026358299238778524
0.7,32,0.0019023915146468959
0.7,33,0.0008264729901462863
0.7,34,-0.0001001070450773292
0.7,35,0.00010354199975767295
0.7,36,-0.00306476360503367
0.7,37,0.0009640146952319677
0.7,38,0.0015696762839672008
0.7,39,0.000359220932986494
0.7,40,-0.00268878085824591
0.7,41,0.0015047330052893868
0.7,42,0.0009951269719548285
0.7,43,3.665890843479553e-5
0.7,44,-0.0036108090872423427
0.7,45,0.001634467713444461
0.7,46,-4.6810837389167496e-5
0.7,47,-0.001562825594515292
0.7,48,0.0009491085298740668
0.7,49,-5.299486709714035e-5
0.7,50,0.0020672889109523474
0.7,51,-0.0024167829117390164
0.7,52,4.513378977184772e-5
0.7,53,0.0005067144652404682
0.7,54,0.001295554395582388
0.7,55,6.091671027294602e-5
0.7,56,0.0008770959909536729
0.7,57,0.0007297796527645119
0.7,58,-0.00024179586376208917
0.7,59,0.0016658981079378781
0.7,60,-0.003415734696295436
0.7,61,0.0020107929398639245
0.7,62,0.0024516238225634275
0.7,63,0.004074596885354745
0.7,64,-0.003422143331285347
0.7,65,-0.00014390600500330567
0.7,66,0.0008605132633339608
0.7,67,0.0014582449839514531
0.7,68,-0.0004931072160585906
0.7,69,0.0008135204251897159
0.7,70,-0.0027109428770431725
0.7,71,0.001407988374524028
0.7,72,-0.0006854117776191362
0.7,73,0.0005703402882414177
0.7,74,0.0002837500595304742
0.7,75,-0.0005358748305000456
0.7,76,0.0007205881693972837
0.7,77,-0.002535691566191828
0.7,78,-0.00012298485079591256
0.7,79,0.00046441535902441526
0.7,80,0.0008770542024326822
0.7,81,-0.00011719553413056396
0.7,82,-0.0018456539452964436
0.7,83,-2.991663206888849e-5
0.7,84,0.0002404954923540564
0.7,85,0.0018314021234105526
0.7,86,0.00036141339337083796
0.7,87,0.003046458058185547
0.7,88,-0.003546355838244613
0.7,89,0.0009052787762812388
0.7,90,0.0005821171902786323
0.7,91,-0.003605868107045818
0.7,92,-0.0011353034392715545
0.7,93,0.0021678502282353206
0.7,94,-0.0010161113798974643
0.7,95,-0.004517290868941048
0.7,96,0.00030153556125739865
0.7,97,0.0009678133119828706
0.7,98,0.007121398833474339
0.7,99,0.0031618250429385365
0.7,100,0.00029976017153424887
0.7,101,-0.00045830434359779093
0.7,102,0.0023021962914020937
0.7,103,-0.0003373423167642274
0.7,104,0.0024423072962614593
0.7,105,0.0013803865463822406
0.7,106,0.0004902825991202282
0.7,107,0.0017206728721622085
0.7,108,5.3705894653517266e-5
0.7,109,0.0010680735400125842
0.7,110,-0.003146611216467266
0.7,111,0.002216783541703275
0.7,112,-0.002050511197657359
0.7,113,-0.0007050371149253557
0.7,114,-0.0001481412460158903
0.7,115,0.0026969412715320737
0.7,116,-0.001311166073695925
0.7,117,0.0038757979501560717
0.7,118,-0.004123068229584988
0.7,119,0.0017485789695261722
0.7,120,-0.00021682841725276561
0.7,121,0.0010036123412978932
0.7,122,-0.002113401777597235
0.7,123,0.0010775763693051427
0.7,124,0.0020888050557298925
0.7,125,-0.001415011307094159
0.7,126,0.0011772454772914314
0.7,127,-0.00045103918810620604
0.7,128,0.0008459144589852808
0.7,129,-0.0015424051753649972
0.7,130,0.002912443565977228
0.7,131,0.0017317842667002373
0.7,132,-0.0010204635826733487
0.7,133,0.0005113799326122093
0.7,134,-0.0005449359222770459
0.7,135,0.00027949549261792567
0.7,136,-0.0028251755983361216
0.7,137,0.0027009735442736133
0.7,138,0.0020814037560756356
0.7,139,-0.0019367996480268456
0.7,140,-0.0010006740023360992
0.7,141,0.0012314084519713534
0.7,142,0.0017418834626490795
0.7,143,-0.0009886386927915748
0.7,144,-0.0003436882767087609
0.7,145,-0.00013281201308010663
0.7,146,0.0012611296688491609
0.7,147,0.0007512517987717387
0.7,148,0.00013248818350856603
0.7,149,-0.0003227704233638759
0.7,150,0.001174596860032813
0.7,151,-0.001482382280100278
0.7,152,-0.0004903737686162582
0.7,153,0.0020225311995152023
0.7,154,0.001435630939190226
0.7,155,-0.0002617110829562316
0.7,156,-0.002401867097863608
0.7,157,0.0004351800422238701
0.7,158,0.0024374864225530893
0.7,159,-0.0008175535492564361
0.7,160,0.00012969956254127319
0.7,161,0.00044342736860532674
0.7,162,0.0017253949466829622
0.7,163,-0.0017922953671618664
0.7,164,-0.00046564080819254654
0.7,165,-0.0014258081555165209
0.7,166,-0.0019480542262266544
0.7,167,0.0011498550009583321
0.7,168,0.001702895409747766
0.7,169,0.0034765336659425224
0.7,170,0.0014363352577117313
0.7,171,0.0027153147065490926
0.7,172,-0.005916813028901175
0.7,173,0.00047760912097844237
0.7,174,-0.005842457155646781
0.7,175,0.002637354216729739
0.7,176,-0.0015600518770871818
0.7,177,0.008838088606562846
0.7,178,0.006585641816027667
0.7,179,-0.0028070246744252704
0.7,180,-0.0004942925266551687
0.7,181,-0.0006098074830421251
0.7,182,-6.65295981854097e-5
0.7,183,-0.008351518248346953
0.7,184,0.005461440594705033
0.7,185,0.021196573942205223
0.7,186,0.0100169391299093
0.7,187,0.0006976723357466453
0.7,188,0.0065491471851897454
0.7,189,0.0033034697858850518
0.7,190,0.00799777797215485
0.7,191,-0.032291761733457096
0.7,192,0.7954443685969267
0.7,193,0.011396863377754076
0.7,194,0.00873305496087226
0.7,195,-0.0007460915955704126
0.7,196,-0.0006115718759761133
0.7,197,3.1792734081562135e-6
0.7,198,7.90782600593818e-5
0.71,intercept,0.008260197246282394
0.71,1,0.006084279890986937
0.71,2,0.001981174468440352
0.71,3,-0.00028335061182369487
0.71,4,0.004065937505277678
0.71,5,-0.0015455592608624924
0.71,6,-4.0332108418396974e-5
0.71,7,0.00027137393379206824
0.71,8,0.0002109611580543865
0.71,9,0.0032624404063250115
0.71,10,0.0006991588768484508
0.71,11,-0.001124682978414946
0.71,12,-0.0017447019253968438
0.71,13,-0.0033549840126951866
0.71,14,0.0010949477516435998
0.71,15,0.0018942317088182408
0.71,16,-0.002701812040947079
0.71,17,0.0008075651945589554
0.71,18,0.00039086950175736614
0.71,19,-0.0015651765224287731
0.71,20,-0.0014546551524508293
0.71,21,0.0027344623131408687
0.71,22,-0.0023965337757950113
0.71,23,-0.001291730111893055
0.71,24,-0.001210369413609373
0.71,25,0.00025579757623527764
0.71,26,0.002356135897656398
0.71,27,-0.0023124943199047134
0.71,28,0.003699719651698543
0.71,29,-0.0027973755935018388
0.71,30,0.004269750072395662
0.71,31,-0.0028713599716481695
0.71,32,0.0021014360006987734
0.71,33,0.0004338834014975698
0.71,34,0.0005987145117189111
0.71,35,-0.0006509990070590267
0.71,36,-0.002573977683626636
0.71,37,0.0005642575699598257
0.71,38,0.0018805401748395447
0.71,39,-6.681467397608592e-5
0.71,40,-0.0026680555648177094
0.71,41,0.0018534985417847211
0.71,42,0.0008110027073960103
0.71,43,0.00029612252240675404
0.71,44,-0.003907851208923531
0.71,45,0.001792062917522603
0.71,46,-1.4386994245016338e-5
0.71,47,-0.001095903694778224
0.71,48,0.0007970470404108871
0.71,49,0.0002681733537268078
0.71,50,0.0013845144335796005
0.71,51,-0.0022236412132985712
0.71,52,0.0006166047317855921
0.71,53,-0.00020489923220908435
0.71,54,0.0007883798789414956
0.71,55,0.00044661086453661136
0.71,56,0.0008260832986011874
0.71,57,0.00031184078598776556
0.71,58,-0.00010643888790747907
0.71,59,0.0021624188420744468
0.71,60,-0.0038824058398481123
0.71,61,0.002193133815626133
0.71,62,0.0021740962198669115
0.71,63,0.0038910529529489553
0.71,64,-0.002891837195695721
0.71,65,-0.00010881627355159049
0.71,66,0.0005202370066577336
0.71,67,0.0018987991930988748
0.71,68,-0.00035135805948555767
0.71,69,0.0009915898041480775
0.71,70,-0.003138680324969006
0.71,71,0.0019988257728840025
0.71,72,-0.0011544812520114251
0.71,73,0.0008845509721814684
0.71,74,0.00010304756696906605
0.71,75,-0.0010522408435075655
0.71,76,0.00106581795046491
0.71,77,-0.002994316423193098
0.71,78,0.0003968208725291357
0.71,79,-0.00032170376730079436
0.71,80,0.0010494570396803358
0.71,81,-0.00015407164512566291
0.71,82,-0.0012616681964074481
0.71,83,-0.000739433882040437
0.71,84,0.0003299290033528934
0.71,85,0.00180437874595373
0.71,86,0.00015788384391521128
0.71,87,0.0033955047677796443
0.71,88,-0.0042667944297936095
0.71,89,0.0015246898877715252
0.71,90,0.0003093940961978709
0.71,91,-0.004025999245300539
0.71,92,-0.0017382364142564848
0.71,93,0.0031430952735652753
0.71,94,-0.0011132439091015162
0.71,95,-0.0048883841506798574
0.71,96,0.0016086507379608757
0.71,97,0.0004913321861354764
0.71,98,0.0075464995116327266
0.71,99,0.0028371127275058257
0.71,100,0.001047185789769002
0.71,101,-0.0007442089460782338
0.71,102,0.002451106426699075
0.71,103,0.00021047220260852402
0.71,104,0.0022204532484716246
0.71,105,0.0009967785270040212
0.71,106,0.00036299740331414683
0.71,107,0.0013371782290777252
0.71,108,0.00044346745630193
0.71,109,0.00014362974038476876
0.71,110,-0.002601228840498164
0.71,111,0.0018157947405616672
0.71,112,-0.0019533049337167978
0.71,113,-0.0006116717515856608
0.71,114,0.00012725080188700122
0.71,115,0.002778903585208102
0.71,116,-0.001475898889968368
0.71,117,0.004021682790356782
0.71,118,-0.00458674446933148
0.71,119,0.0032453139802238783
0.71,120,-0.0016952819656992266
0.71,121,0.0017887998349151292
0.71,122,-0.0028965208001172993
0.71,123,0.0018861380986044524
0.71,124,0.0012285069924642283
0.71,125,-0.0007854746584732032
0.71,126,0.001131110922431096
0.71,127,-0.00047099415398643653
0.71,128,0.00036640872214249373
0.71,129,-0.0008639170226837688
0.71,130,0.00281262011614069
0.71,131,0.0019995795871122334
0.71,132,-0.0012137424476835338
0.71,133,0.00022872893041485826
0.71,134,-0.0004985564519264319
0.71,135,7.568667402651844e-5
0.71,136,-0.002766659827962045
0.71,137,0.0028041357626467592
0.71,138,0.002012399810286269
0.71,139,-0.0020884149866113814
0.71,140,-0.0003408732858631442
0.71,141,0.0012968202479256726
0.71,142,0.0012728667439919777
0.71,143,-0.0006705809665144473
0.71,144,-0.0002164917054079608
0.71,145,-0.0003083907674472643
0.71,146,0.0008676008015079696
0.71,147,0.0012824799368055322
0.71,148,0.0003012616702131338
0.71,149,-0.0005805421622450406
0.71,150,0.0011248853821597036
0.71,151,-0.0016950462105392034
0.71,152,-0.000550146189991905
0.71,153,0.002386274874648749
0.71,154,0.0010420255639264813
0.71,155,8.794630084097975e-5
0.71,156,-0.0025740232152204243
0.71,157,0.0001645765403229212
0.71,158,0.0025789535141834243
0.71,159,-0.0014918559813567292
0.71,160,0.0011075080339374224
0.71,161,0.0005508670323504127
0.71,162,0.0011646009955737745
0.71,163,-0.0017722903959149208
0.71,164,-0.0009675431722209994
0.71,165,-0.0006735564041186953
0.71,166,-0.0026701991538139944
0.71,167,0.0015197165221837972
0.71,168,0.001503496582738782
0.71,169,0.004547320863608272
0.71,170,0.001007854144655542
0.71,171,0.002505927651185325
0.71,172,-0.005818731603495492
0.71,173,0.0010760248531361397
0.71,174,-0.006373106107323978
0.71,175,0.0028750817323757094
0.71,176,-0.0019148468318019964
0.71,177,0.009240822848746427
0.71,178,0.0067267422813041735
0.71,179,-0.0027766082266068816
0.71,180,-0.0001360748321662926
0.71,181,-0.0006562838754481862
0.71,182,5.971630417978748e-5
0.71,183,-0.009034027029831367
0.71,184,0.004882497373490711
0.71,185,0.02156040825725183
0.71,186,0.010431698532902284
0.71,187,0.0004845032931193485
0.71,188,0.00857471359152734
0.71,189,0.0026300169789985
0.71,190,0.007510579263364649
0.71,191,-0.033086098138171594
0.71,192,0.8064442745951496
0.71,193,0.011671248350280737
0.71,194,0.009342426579876157
0.71,195,-0.0007120954215941741
0.71,196,-0.0007121581313664011
0.71,197,-1.4817213608461083e-5
0.71,198,5.700671497209028e-5
0.72,intercept,0.007996213454886596
0.72,1,0.00571217929940433
0.72,2,0.003221321293490788
0.72,3,6.933538497956982e-5
0.72,4,0.0035954456477391315
0.72,5,-0.0014986794691033399
0.72,6,-0.00013921552725272774
0.72,7,0.0006939820011534106
0.72,8,-0.0001418297753424042
0.72,9,0.0028585117971722824
0.72,10,0.0012384899834155924
0.72,11,-0.0011225508669081403
0.72,12,-0.001610987709644816
0.72,13,-0.0035426208744637577
0.72,14,0.001166837349448973
0.72,15,0.0019840134222020235
0.72,16,-0.0030939310247325874
0.72,17,0.0009970722888665163
0.72,18,5.60973897218428e-5
0.72,19,-0.0017161786050127123
0.72,20,-0.0010896879730551985
0.72,21,0.0021931908921849095
0.72,22,-0.0017616127819826584
0.72,23,-0.0008760613056254098
0.72,24,-0.0018989729485227064
0.72,25,0.0005314069623583596
0.72,26,0.002470024281289597
0.72,27,-0.002632856120711602
0.72,28,0.0035450636965375266
0.72,29,-0.002770870867528257
0.72,30,0.0039677020929767244
0.72,31,-0.002989499132621674
0.72,32,0.001606883097817454
0.72,33,0.0010824139905142522
0.72,34,0.0009311906695551515
0.72,35,-0.0004789443500746684
0.72,36,-0.002969802249044042
0.72,37,0.0008041222505777697
0.72,38,0.0016060973421030084
0.72,39,3.789741453842759e-5
0.72,40,-0.0026266605787477124
0.72,41,0.0013783041989414867
0.72,42,0.0013002572197926973
0.72,43,0.00048104045876580585
0.72,44,-0.0038775991797757522
0.72,45,0.0013178976570310766
0.72,46,0.0003572400774175037
0.72,47,-0.0012338196836166192
0.72,48,0.0003071056682836533
0.72,49,0.0005620661708305169
0.72,50,0.0014662977892508126
0.72,51,-0.0026780902783218284
0.72,52,0.00019051715112922165
0.72,53,5.92432414137287e-5
0.72,54,0.0008591900089671642
0.72,55,7.631412681257391e-5
0.72,56,0.001223597440538705
0.72,57,0.00034601992907128126
0.72,58,-0.0003360011175370436
0.72,59,0.0023373699545417206
0.72,60,-0.004161435937113073
0.72,61,0.0026775679538549443
0.72,62,0.001779702391698516
0.72,63,0.0039101180620007515
0.72,64,-0.0028734393803643097
0.72,65,0.0004873430883575688
0.72,66,-0.00018826721330306766
0.72,67,0.002518125105817683
0.72,68,-0.001671580693773995
0.72,69,0.002386608226460008
0.72,70,-0.0037550545142551765
0.72,71,0.0024048563677489016
0.72,72,-0.001208774872433091
0.72,73,0.0009530828511337051
0.72,74,-0.00043249208651279235
0.72,75,-0.0011906365994385666
0.72,76,0.0017400957653062859
0.72,77,-0.0032721134757833425
0.72,78,0.0005886851834176287
0.72,79,-0.0003512630603538793
0.72,80,0.0008014131620649794
0.72,81,-0.0001761431198013625
0.72,82,-0.001271187282903379
0.72,83,-0.0010461276857867898
0.72,84,0.00027090493955260253
0.72,85,0.0018010766172467175
0.72,86,2.6989859265812066e-5
0.72,87,0.0032303812514054777
0.72,88,-0.00431680423901971
0.72,89,0.001231236253371464
0.72,90,-0.0003887611118822551
0.72,91,-0.0028529737616856824
0.72,92,-0.002587074165641899
0.72,93,0.0034584992485553077
0.72,94,-0.0009763383510864582
0.72,95,-0.00494347881334638
0.72,96,0.0019374274592915527
0.72,97,0.0004338664020395402
0.72,98,0.008111239093337394
0.72,99,0.002801372852491232
0.72,100,0.0012359541275609122
0.72,101,-0.000652639600719427
0.72,102,0.0024172069834582973
0.72,103,9.724925706269869e-5
0.72,104,0.0028697842054368978
0.72,105,-0.000243466693182292
0.72,106,0.0011409896534589508
0.72,107,0.0007164259003117638
0.72,108,0.0009804126268485765
0.72,109,0.00028977926561976565
0.72,110,-0.002860271284833952
0.72,111,0.0019988909579939642
0.72,112,-0.0022809305980409276
0.72,113,-0.00034379070519984043
0.72,114,-0.00043777718481651645
0.72,115,0.003173488702772591
0.72,116,-0.001881850353148891
0.72,117,0.0040738056660030615
0.72,118,-0.00434453410796271
0.72,119,0.002972804649700416
0.72,120,-0.0013456473649103146
0.72,121,0.0013999812590355265
0.72,122,-0.002754790277729042
0.72,123,0.0017180838146270386
0.72,124,0.0015183668138591042
0.72,125,-0.0013554893301477033
0.72,126,0.0013925898217357145
0.72,127,-0.0007490199703775465
0.72,128,0.0002246460248472626
0.72,129,-0.00047290904873225264
0.72,130,0.002609621928990698
0.72,131,0.00200453410232001
0.72,132,-0.0011602918822013989
0.72,133,-0.00030919068083619996
0.72,134,5.728070622405419e-5
0.72,135,3.9696942846022726e-5
0.72,136,-0.0026439005603723447
0.72,137,0.0019460900984433268
0.72,138,0.0027279902329708713
0.72,139,-0.0021587887307424935
0.72,140,-8.132119277359903e-5
0.72,141,0.0013736517935755979
0.72,142,0.0011666704817424167
0.72,143,-0.000797593332013408
0.72,144,-0.0006643857473851495
0.72,145,0.0002848532280321925
0.72,146,0.0007398885728650746
0.72,147,0.0013625921662216737
0.72,148,0.0007612919838805903
0.72,149,-0.0005773696311508932
0.72,150,0.0014200795500670005
0.72,151,-0.0022135813732212014
0.72,152,-0.0005915941011405696
0.72,153,0.002566773734298769
0.72,154,0.0007238411207280203
0.72,155,9.421492312068711e-5
0.72,156,-0.0028314765478023736
0.72,157,0.0006427327892593418
0.72,158,0.002001078189115544
0.72,159,-0.001090871540842958
0.72,160,0.0007812370306663993
0.72,161,0.00040587110638741665
0.72,162,0.002120095321157296
0.72,163,-0.002443219562747137
0.72,164,-0.0006851711064344032
0.72,165,-0.0012012844662138015
0.72,166,-0.0019862591138695707
0.72,167,0.0016383836863844087
0.72,168,0.0005933458341575527
0.72,169,0.005540037355209604
0.72,170,0.0008001480919987816
0.72,171,0.003080881411646019
0.72,172,-0.006306022991770768
0.72,173,0.0010454815105977264
0.72,174,-0.005537888864052303
0.72,175,0.001902853650218121
0.72,176,-0.0013777633597350984
0.72,177,0.008951829096936412
0.72,178,0.007063076964498289
0.72,179,-0.0027502402637946573
0.72,180,-9.663167270651182e-5
0.72,181,-0.0005650499711697163
0.72,182,-0.00029313695637378604
0.72,183,-0.009184291051248447
0.72,184,0.004247805297316749
0.72,185,0.02240247137011138
0.72,186,0.01122059338902348
0.72,187,0.0006426013482783362
0.72,188,0.008414762763556185
0.72,189,0.0027990364412315244
0.72,190,0.006853786435706804
0.72,191,-0.03457691707341846
0.72,192,0.8262447974776119
0.72,193,0.01123971492192625
0.72,194,0.009368557438755221
0.72,195,-0.0006200465854731921
0.72,196,-0.0007825608400303048
0.72,197,-5.557628705873778e-5
0.72,198,-3.570247627040324e-5
0.73,intercept,0.007913305875056391
0.73,1,0.006292914944847738
0.73,2,0.0029308674728069366
0.73,3,-0.00019376100699447241
0.73,4,0.0035224536244264273
0.73,5,-0.0018752838641666154
0.73,6,-0.00016678248978405801
0.73,7,0.0013003228152738055
0.73,8,-0.00025144850288280564
0.73,9,0.002450860980772683
0.73,10,0.0011721970194056215
0.73,11,-0.0006087590236872795
0.73,12,-0.0019027849540917238
0.73,13,-0.0034028201842484663
0.73,14,0.0008059383006384988
0.73,15,0.0022029845635114466
0.73,16,-0.002954176485347727
0.73,17,0.0008760387841568509
0.73,18,-9.08574656306846e-5
0.73,19,-0.0016775236231529277
0.73,20,-0.0013994173512190096
0.73,21,0.0025532319670319146
0.73,22,-0.0014897018736467291
0.73,23,-0.0010650469649945084
0.73,24,-0.002028288066807609
0.73,25,0.00045280985756073464
0.73,26,0.0022407742451742044
0.73,27,-0.0016428497498407755
0.73,28,0.0030682759661618073
0.73,29,-0.002591555594209257
0.73,30,0.004014023256548599
0.73,31,-0.00304875311437954
0.73,32,0.0012638230610067264
0.73,33,0.0008176880340625453
0.73,34,0.000690398357867062
0.73,35,0.0003207734280565201
0.73,36,-0.003147799399359895
0.73,37,0.00037145084129740886
0.73,38,0.0016543872567746233
0.73,39,0.0003698416302159346
0.73,40,-0.003028131899222811
0.73,41,0.0014388356045215692
0.73,42,0.0012674422148681455
0.73,43,0.0009289995196359078
0.73,44,-0.003855784938945368
0.73,45,0.0016665593908299333
0.73,46,-0.00024681803120387563
0.73,47,-0.001559555616189595
0.73,48,-0.0002102687246287752
0.73,49,0.000711065486413232
0.73,50,0.0014044626371073256
0.73,51,-0.0024739320935199785
0.73,52,-0.00036574073839435844
0.73,53,0.0006653809506481715
0.73,54,0.0009461397315375086
0.73,55,-0.0005589393024847956
0.73,56,0.0011845419144438328
0.73,57,0.0009544296152606511
0.73,58,-0.0009219282224161028
0.73,59,0.002281181282717427
0.73,60,-0.003720093930228734
0.73,61,0.0026917819509859916
0.73,62,0.0009949109982299832
0.73,63,0.004547582344763218
0.73,64,-0.0027657350467810426
0.73,65,0.0002147523663899978
0.73,66,-0.00043841037331916364
0.73,67,0.0029395339143842786
0.73,68,-0.001891031121847474
0.73,69,0.0032023455393906134
0.73,70,-0.00343418643315553
0.73,71,0.0026955502685092974
0.73,72,-0.0018052095978166244
0.73,73,0.0013536982539845753
0.73,74,-0.0003595466883277669
0.73,75,-0.0011659920125626005
0.73,76,0.0018493822950706599
0.73,77,-0.003340698416486506
0.73,78,0.0010870980733526361
0.73,79,-0.0006563043080315837
0.73,80,0.0006428360781081648
0.73,81,-0.0006462638369277977
0.73,82,-0.0014676506275321435
0.73,83,-0.0011514610788389864
0.73,84,0.0005486139042040588
0.73,85,0.0009113464692494963
0.73,86,0.0007887134473482585
0.73,87,0.0032077663012044424
0.73,88,-0.00441990165554998
0.73,89,0.0009472199532400513
0.73,90,-0.000622040073530372
0.73,91,-0.0028017586893583106
0.73,92,-0.0022544223371088246
0.73,93,0.0030451242015510417
0.73,94,-0.000819160505225532
0.73,95,-0.004793386888780635
0.73,96,0.0027097545593280357
0.73,97,0.0004910626928115402
0.73,98,0.008123366696061472
0.73,99,0.0029046232552055705
0.73,100,0.0015197504280290153
0.73,101,-0.0008020653980166133
0.73,102,0.002284081193237799
0.73,103,0.0009025360043374991
0.73,104,0.0025883447398406287
0.73,105,-0.000363129879600457
0.73,106,0.0009476923767156957
0.73,107,0.0005470263542252648
0.73,108,0.0004946040072602313
0.73,109,0.000287554057476596
0.73,110,-0.0023712706189565327
0.73,111,0.0016234058191136758
0.73,112,-0.002506179104920335
0.73,113,-0.00023409426377643037
0.73,114,-4.193276255570681e-5
0.73,115,0.0031996259914411247
0.73,116,-0.0020339682442610096
0.73,117,0.00442653583725812
0.73,118,-0.004628694414573494
0.73,119,0.003342289039748248
0.73,120,-0.0018642691025254796
0.73,121,0.001586638216969231
0.73,122,-0.0027767698721500823
0.73,123,0.0018103299388248912
0.73,124,0.0014161739067887415
0.73,125,-0.001541661808189517
0.73,126,0.001022885099308095
0.73,127,-0.0008546506360989521
0.73,128,-5.213732986805404e-5
0.73,129,-0.0005255541707469354
0.73,130,0.003074868784332616
0.73,131,0.0018327409640065651
0.73,132,-0.0010897211876007712
0.73,133,-0.0010152994220622457
0.73,134,4.896188967817244e-5
0.73,135,0.0006505222869462888
0.73,136,-0.0031315448362039524
0.73,137,0.002295694079573986
0.73,138,0.002385547556182102
0.73,139,-0.0022499363187667965
0.73,140,0.000177016495867003
0.73,141,0.0016896821129578075
0.73,142,0.0016549780707028894
0.73,143,-0.00039206748924583185
0.73,144,-0.0008742222190511817
0.73,145,1.6032222809047357e-5
0.73,146,0.0012292814402080406
0.73,147,0.0013548856072391079
0.73,148,0.00044962853146166844
0.73,149,-0.0005210698410623327
0.73,150,0.001264523928704797
0.73,151,-0.0024811704495354484
0.73,152,-0.00020650701291186264
0.73,153,0.002218673373355612
0.73,154,0.0007418571018174042
0.73,155,8.559507602739661e-5
0.73,156,-0.0029781027579093644
0.73,157,0.00022273691683304903
0.73,158,0.0021958797917319963
0.73,159,-0.0013897311382860946
0.73,160,0.0006204969759244654
0.73,161,0.00016571477302081359
0.73,162,0.0017853230015957675
0.73,163,-0.002240524021838471
0.73,164,-0.0007508169016730895
0.73,165,-0.0007053236742714762
0.73,166,-0.0013967867383411778
0.73,167,0.00020244158631035105
0.73,168,0.001506504926679199
0.73,169,0.004777866733998591
0.73,170,0.0008326290896517937
0.73,171,0.0032703580114591237
0.73,172,-0.00640531428388736
0.73,173,0.0006017518379788196
0.73,174,-0.005383288115175193
0.73,175,0.001147817006727743
0.73,176,-0.0012883019121182134
0.73,177,0.008627530510667822
0.73,178,0.007152865052522519
0.73,179,-0.0028364543358433266
0.73,180,0.0005313931377748437
0.73,181,-0.0009296496658243599
0.73,182,-0.00019777099023849152
0.73,183,-0.0087930200875757
0.73,184,0.0032064728480561727
0.73,185,0.023333081443993712
0.73,186,0.011478171576942156
0.73,187,0.0006760653427655678
0.73,188,0.0094957186039704
0.73,189,0.0036653383502166267
0.73,190,0.005678949800819222
0.73,191,-0.03545639097417001
0.73,192,0.8419855201111056
0.73,193,0.011266450153056346
0.73,194,0.010578151106906143
0.73,195,-0.0005195529082819789
0.73,196,-0.0008081776828226533
0.73,197,-9.938367711821716e-5
0.73,198,-6.349290479564617e-5
0.74,intercept,0.00785367085095478
0.74,1,0.006893278498897195
0.74,2,0.0031185588142600153
0.74,3,0.000276279347011963
0.74,4,0.0032635724193400668
0.74,5,-0.0017892145640474207
0.74,6,-0.0005936740496796115
0.74,7,0.0016971683041920997
0.74,8,-0.00021235088836572737
0.74,9,0.0018278141895340003
0.74,10,0.001213940219553479
0.74,11,-0.0007287196017178262
0.74,12,-0.002355687492070647
0.74,13,-0.002939605342971626
0.74,14,0.0005844857481205798
0.74,15,0.0022118995479772836
0.74,16,-0.0030350700639028175
0.74,17,0.0013864702122723801
0.74,18,6.409019530548265e-5
0.74,19,-0.0015308183088143363
0.74,20,-0.00161849121460055
0.74,21,0.00251631529322794
0.74,22,-0.0020756231243296446
0.74,23,-0.0012861129245323223
0.74,24,-0.0021410099504303864
0.74,25,0.00036726071438176604
0.74,26,0.001923821066514368
0.74,27,-0.0008137337809901515
0.74,28,0.002757491186762198
0.74,29,-0.002093908549317904
0.74,30,0.0035412528005450182
0.74,31,-0.003013444518924452
0.74,32,0.0014897813977833593
0.74,33,0.00014711510028317702
0.74,34,0.0007030081018005504
0.74,35,0.0006293014323957346
0.74,36,-0.003375171194181417
0.74,37,0.0005319247037388951
0.74,38,0.0014175807701453987
0.74,39,0.0005314648078559812
0.74,40,-0.0033442267206089094
0.74,41,0.001554545284496159
0.74,42,0.0018909925733628938
0.74,43,0.0009004170569483082
0.74,44,-0.0043558467394261835
0.74,45,0.0024845016334218263
0.74,46,-0.00026125076538507735
0.74,47,-0.0012293461419184738
0.74,48,0.00034415722194740803
0.74,49,0.00010112738603081148
0.74,50,0.0012273142348898358
0.74,51,-0.002757641143757705
0.74,52,-0.00024538710297221665
0.74,53,0.00017902081327304448
0.74,54,0.0010475776719623161
0.74,55,-0.0006074551252946385
0.74,56,0.0011881159003501811
0.74,57,0.00122413633564787
0.74,58,-0.0007401277168480976
0.74,59,0.0015565408938856386
0.74,60,-0.0035338153695989465
0.74,61,0.002589201360700555
0.74,62,0.0005511654405833322
0.74,63,0.005046937864833825
0.74,64,-0.0025271669886839255
0.74,65,2.548188603449852e-5
0.74,66,-0.000533890203254606
0.74,67,0.0031210778818095367
0.74,68,-0.0013237847294514092
0.74,69,0.0026534355346274287
0.74,70,-0.0037818227143137273
0.74,71,0.002967404811443143
0.74,72,-0.0020931074046290775
0.74,73,0.0014695797879066752
0.74,74,-0.0005689761366540441
0.74,75,-0.0005941796722093967
0.74,76,0.0016713953703215991
0.74,77,-0.003393312571773821
0.74,78,0.0012610962449003476
0.74,79,-0.001098693602955006
0.74,80,0.0007218907793697184
0.74,81,-0.000367410077630762
0.74,82,-0.0019007183896635595
0.74,83,-0.0010696224412190941
0.74,84,0.00047962411512557644
0.74,85,0.0008317198921186132
0.74,86,0.0011949801835154786
0.74,87,0.002929598152548253
0.74,88,-0.004386173596046051
0.74,89,0.0005468038014120548
0.74,90,-0.0003707846654792998
0.74,91,-0.003317397108864546
0.74,92,-0.0027136188616460415
0.74,93,0.003445452217209007
0.74,94,-0.0008041244401564042
0.74,95,-0.005441331245384399
0.74,96,0.0038210303871994518
0.74,97,-0.00016115032861330498
0.74,98,0.00846056391080035
0.74,99,0.0029216615638245186
0.74,100,0.0014879018548912546
0.74,101,-0.000670968110738481
0.74,102,0.002021384027167456
0.74,103,0.0005174133593866839
0.74,104,0.0034803552007244623
0.74,105,-0.0006284201079497657
0.74,106,0.0009935236606392537
0.74,107,0.00041156728843006477
0.74,108,0.0002068330732709013
0.74,109,0.0007511745751135842
0.74,110,-0.00266500258262091
0.74,111,0.001503872359450238
0.74,112,-0.002853388751946617
0.74,113,-5.925773476772986e-5
0.74,114,0.0006186537226908006
0.74,115,0.0029408711475993644
0.74,116,-0.0021354286331358233
0.74,117,0.004833740470850957
0.74,118,-0.004137510215513128
0.74,119,0.0027936565257813753
0.74,120,-0.0019713456015028664
0.74,121,0.001836498531767753
0.74,122,-0.0027331268995521765
0.74,123,0.0012860458427970476
0.74,124,0.001752366300552549
0.74,125,-0.0014113576663963942
0.74,126,0.00038402927157868937
0.74,127,-0.00045520708334878643
0.74,128,-0.00022831246544265996
0.74,129,-0.0008531784559834845
0.74,130,0.003160546092071842
0.74,131,0.001329807461474846
0.74,132,-0.0005767493198690828
0.74,133,-0.0012515260181242176
0.74,134,-8.588208757961213e-5
0.74,135,0.0008140494943380876
0.74,136,-0.0031325844777590007
0.74,137,0.0023066751262576925
0.74,138,0.0019406898963343316
0.74,139,-0.0016914545210442024
0.74,140,0.0006385878001778884
0.74,141,0.0018643935366216963
0.74,142,0.0010266130945825415
0.74,143,-0.00016387922011596332
0.74,144,-0.0012979149790024376
0.74,145,0.00029296741583406314
0.74,146,0.0010334662416897904
0.74,147,0.0011119182091706807
0.74,148,0.0008639457082793461
0.74,149,-0.0012143742613314366
0.74,150,0.0015916899022411714
0.74,151,-0.0027446570032840603
0.74,152,0.0001277855862917312
0.74,153,0.0018874976785815088
0.74,154,0.0006831850569502798
0.74,155,1.5230409335803937e-5
0.74,156,-0.003023163840642511
0.74,157,7.246009442395487e-5
0.74,158,0.0023021929140904537
0.74,159,-0.001271375507041517
0.74,160,0.0005627976714327645
0.74,161,0.00035802601159438344
0.74,162,0.0009436010220334926
0.74,163,-0.0015631754688861025
0.74,164,-0.0013719680822439429
0.74,165,-0.0007206943673535429
0.74,166,-0.0019874882769494715
0.74,167,0.0007872777872755521
0.74,168,0.0011367788725907475
0.74,169,0.004781066672314556
0.74,170,0.0012294312947673193
0.74,171,0.003727031390463163
0.74,172,-0.006428694400073267
0.74,173,0.0003212234309266412
0.74,174,-0.005235653994910246
0.74,175,0.0011741944210313686
0.74,176,-0.0015719457122810026
0.74,177,0.00820053669049292
0.74,178,0.007291693567440989
0.74,179,-0.0025198357365063305
0.74,180,-0.0004958687361184754
0.74,181,-0.0013673738188041623
0.74,182,0.0012607021376772054
0.74,183,-0.009160345468826001
0.74,184,0.0027125150688467594
0.74,185,0.023378785055602404
0.74,186,0.011945577631189397
0.74,187,-0.0003407762430295398
0.74,188,0.010733712603995232
0.74,189,0.0047061858257575594
0.74,190,0.0061399973462942375
0.74,191,-0.03631788507417585
0.74,192,0.8552377375531468
0.74,193,0.012365455896614906
0.74,194,0.011423339424986915
0.74,195,-0.00040056753286139607
0.74,196,-0.0008581638576356655
0.74,197,-0.00011677854471575828
0.74,198,-7.009381983306973e-5
0.75,intercept,0.007633369937074715
0.75,1,0.007201232928242154
0.75,2,0.0035503930111167366
0.75,3,-0.00022878778472670518
0.75,4,0.0033928045966456497
0.75,5,-0.0019010598287543445
0.75,6,-0.0002492801263827727
0.75,7,0.0013382008218304022
0.75,8,-0.0003372829319877903
0.75,9,0.002161688916475354
0.75,10,0.0008143830076677217
0.75,11,-0.0008608858389034679
0.75,12,-0.00258409347687066
0.75,13,-0.0027860969084100126
0.75,14,0.0009628266799696982
0.75,15,0.0018427055785114393
0.75,16,-0.0019273706712253607
0.75,17,0.000847368197224121
0.75,18,0.00041748798845793765
0.75,19,-0.001971750272088766
0.75,20,-0.0005019577041404487
0.75,21,0.0016889071165463526
0.75,22,-0.0019184281196737974
0.75,23,-0.0014048449477720168
0.75,24,-0.001944190317299062
0.75,25,0.00012959928779855483
0.75,26,0.00241728987747009
0.75,27,-0.0010859521313777364
0.75,28,0.0029958761772700716
0.75,29,-0.0026779674428504784
0.75,30,0.003713010781438043
0.75,31,-0.0027537717183767512
0.75,32,0.0009249734053307727
0.75,33,0.0009925761368076284
0.75,34,0.00033131273938270735
0.75,35,0.0005456819377555287
0.75,36,-0.003626874531177478
0.75,37,0.0007040995853150577
0.75,38,0.0014338903305315775
0.75,39,-2.8028340650363146e-5
0.75,40,-0.00303705753515969
0.75,41,0.0013944974735778505
0.75,42,0.0020576387237718034
0.75,43,0.0007400014529187531
0.75,44,-0.004296021110858027
0.75,45,0.002279437775054867
0.75,46,-0.00016298907781136008
0.75,47,-0.0014592076092208802
0.75,48,7.797927153703959e-5
0.75,49,0.0003788783322850979
0.75,50,0.000927321683489718
0.75,51,-0.002560971558450462
0.75,52,-0.000605781427867393
0.75,53,0.0009582067360589696
0.75,54,0.0008605077799463838
0.75,55,-0.0007614691863623002
0.75,56,0.0012588393153472612
0.75,57,0.0013506019329263001
0.75,58,-0.0008531486825028119
0.75,59,0.0020127604511250724
0.75,60,-0.0034863671866630598
0.75,61,0.0026572618039006927
0.75,62,0.0009355560563827364
0.75,63,0.0052931823382065665
0.75,64,-0.0029813458290704965
0.75,65,-0.0006365432979413085
0.75,66,-0.0006438334783076035
0.75,67,0.0037606447506358717
0.75,68,-0.0019966570754034797
0.75,69,0.002527057687638034
0.75,70,-0.003645140309135903
0.75,71,0.003033283804635107
0.75,72,-0.002959815543283425
0.75,73,0.0025255039589762007
0.75,74,-0.0011168128890055727
0.75,75,-0.00014613441128073236
0.75,76,0.001360175832355827
0.75,77,-0.0029957740750780476
0.75,78,0.0006419074564050863
0.75,79,-0.0010010732745868057
0.75,80,0.0009956884732848748
0.75,81,-0.0006140155517378575
0.75,82,-0.0022997984867464023
0.75,83,-0.0018354225387346708
0.75,84,0.001235289660655518
0.75,85,0.0014136790963137247
0.75,86,0.0007055953322587384
0.75,87,0.0037109801579592733
0.75,88,-0.004982195894054738
0.75,89,0.0009520179991805411
0.75,90,-0.0004179419981296278
0.75,91,-0.003440622183996515
0.75,92,-0.0030773937232846187
0.75,93,0.003198932880528764
0.75,94,-0.0015081991369814921
0.75,95,-0.004458472182742886
0.75,96,0.003916142722156016
0.75,97,0.00018600290566405617
0.75,98,0.008210497072490098
0.75,99,0.0031686493258083564
0.75,100,0.0010435937970388542
0.75,101,-2.814106484921212e-5
0.75,102,0.0011973430911373056
0.75,103,0.0006291516074447082
0.75,104,0.003941105397024418
0.75,105,-0.0013436436700072836
0.75,106,0.0017372725700167727
0.75,107,0.0007029767831224715
0.75,108,0.00041940309485624286
0.75,109,0.00045878250197785265
0.75,110,-0.002158919347015017
0.75,111,0.0020845987495957735
0.75,112,-0.0033345128352030282
0.75,113,0.00024300425984348576
0.75,114,0.0005264018740967799
0.75,115,0.0029472884083779753
0.75,116,-0.0023538018444485094
0.75,117,0.00450539672845652
0.75,118,-0.004093557589269378
0.75,119,0.002946808881209622
0.75,120,-0.0018306830404205483
0.75,121,0.001795440578302124
0.75,122,-0.0022727621301918723
0.75,123,0.0005944099980334203
0.75,124,0.0018157734588697021
0.75,125,-0.0014013558477954692
0.75,126,0.00030034650731730194
0.75,127,-0.0003536725324012364
0.75,128,0.00015423101581232075
0.75,129,-0.0007621203193797827
0.75,130,0.003064312319167248
0.75,131,0.0014906653591416357
0.75,132,-0.0006760013545242782
0.75,133,-0.0011632893459977934
0.75,134,-0.00010229370462359536
0.75,135,0.000697716505915889
0.75,136,-0.0027455836141509053
0.75,137,0.0018249104539914817
0.75,138,0.001782351450134518
0.75,139,-0.0016666480488177987
0.75,140,0.0012766575495842102
0.75,141,0.0014790034158752513
0.75,142,0.0014051405957151218
0.75,143,-0.00014566928013953995
0.75,144,-0.0011608061698883821
0.75,145,0.0001428695171160108
0.75,146,0.0008211757533467497
0.75,147,0.0011304251148517132
0.75,148,0.0007041493350360208
0.75,149,-0.0008288446782011138
0.75,150,0.0009127561915724182
0.75,151,-0.0022001850214599075
0.75,152,0.0003291764013097388
0.75,153,0.0014530367847715741
0.75,154,0.00013995829319283666
0.75,155,-0.00022144225493194884
0.75,156,-0.0024843511875029724
0.75,157,-0.0008274334228956661
0.75,158,0.0031112495200951934
0.75,159,-0.0012746963816252532
0.75,160,0.0008152437727010793
0.75,161,0.0004590713304005456
0.75,162,0.0008916889734886427
0.75,163,-0.0020193745701059585
0.75,164,-0.0010055004566936893
0.75,165,-0.001162618849906126
0.75,166,-0.0018405475723516644
0.75,167,0.0020463473502914764
0.75,168,0.0011644311050931862
0.75,169,0.004450154184137359
0.75,170,0.0019238500329656434
0.75,171,0.003719089763709751
0.75,172,-0.006060043635404377
0.75,173,-0.00015022565797772033
0.75,174,-0.004751728469170522
0.75,175,0.0007457380724676044
0.75,176,-0.0014833970838636296
0.75,177,0.0075548945786210265
0.75,178,0.0074600588065462485
0.75,179,-0.0021633917974439665
0.75,180,-0.00011727045516248713
0.75,181,-0.0027883629584550757
0.75,182,0.0019887461330492864
0.75,183,-0.008935334238954146
0.75,184,0.0019237277285569755
0.75,185,0.025736128550588735
0.75,186,0.011654279383383521
0.75,187,0.001084933053747635
0.75,188,0.01195094011891594
0.75,189,0.004707184113391111
0.75,190,0.005955639617086531
0.75,191,-0.03728493912558702
0.75,192,0.8631663800740808
0.75,193,0.012727442426236638
0.75,194,0.013317578197554004
0.75,195,-0.00038004446702555913
0.75,196,-0.0008624875583424198
0.75,197,-0.00013403842002299854
0.75,198,-8.259594352397898e-5
0.76,intercept,0.007308453770232807
0.76,1,0.007713996271420755
0.76,2,0.0033186043280123093
0.76,3,0.00015986806067030534
0.76,4,0.0031156308350972265
0.76,5,-0.0011598767008477546
0.76,6,-0.0010159032429579928
0.76,7,0.001353959165642578
0.76,8,-0.0008833537510397232
0.76,9,0.002187601007963092
0.76,10,0.0011199089978331297
0.76,11,-0.000620342510206441
0.76,12,-0.002228398119832067
0.76,13,-0.0025544942281135056
0.76,14,0.0003018084063652059
0.76,15,0.0017549724601447691
0.76,16,-0.0008329937065497
0.76,17,0.0005048159786681299
0.76,18,-0.00019517630790561325
0.76,19,-0.0012380890931931489
0.76,20,-0.0005713468997395344
0.76,21,0.0013991430517235738
0.76,22,-0.002478238890797745
0.76,23,-0.0008067878108113249
0.76,24,-0.0022195517613960857
0.76,25,-5.1298772810278406e-5
0.76,26,0.002817534503645988
0.76,27,6.748071753342048e-5
0.76,28,0.002014392166209097
0.76,29,-0.002373883535348375
0.76,30,0.002971930191443665
0.76,31,-0.0022780309655669943
0.76,32,0.0009629576208961819
0.76,33,0.0002760503766293101
0.76,34,0.0006864041830138984
0.76,35,0.0006708555788266569
0.76,36,-0.003965959153208132
0.76,37,0.001605799384245577
0.76,38,0.0007870076596746533
0.76,39,0.0003735186817246438
0.76,40,-0.0029962387642179676
0.76,41,0.0015782591400385728
0.76,42,0.0017515477249455936
0.76,43,0.0005084444712901238
0.76,44,-0.004071314883250689
0.76,45,0.003233376265144173
0.76,46,-0.0009008311072204082
0.76,47,-0.0013152473447916972
0.76,48,0.00015757715370287746
0.76,49,0.00022087940957166
0.76,50,0.0010077115114061619
0.76,51,-0.0026744996873847436
0.76,52,-0.0006636906424313213
0.76,53,0.0008926212882342027
0.76,54,0.0005556914366664283
0.76,55,-0.00021946174566631196
0.76,56,0.0008754894970921963
0.76,57,0.001091210257881954
0.76,58,-0.0005120995815441246
0.76,59,0.0012548720755562349
0.76,60,-0.002847898368759773
0.76,61,0.0022546638608271813
0.76,62,0.0012406116204827739
0.76,63,0.005074019890178935
0.76,64,-0.003290396724186553
0.76,65,-0.00040939217587226647
0.76,66,-0.0009255821232572735
0.76,67,0.003642240155285305
0.76,68,-0.0025017249949883386
0.76,69,0.00408177875961371
0.76,70,-0.003340875125628936
0.76,71,0.003021589450791968
0.76,72,-0.003243020454860523
0.76,73,0.003043425677180517
0.76,74,-0.0016636767870697815
0.76,75,0.00020760738476179044
0.76,76,0.0018393131864374627
0.76,77,-0.0024376448670544986
0.76,78,-2.3812078229179233e-5
0.76,79,-0.0008182319022412931
0.76,80,0.0005100017712662633
0.76,81,-0.00023812065136804032
0.76,82,-0.002617558044499919
0.76,83,-0.0014397960622394416
0.76,84,0.0010644796181561325
0.76,85,0.0014735136253904357
0.76,86,-0.00010355465923157255
0.76,87,0.0042404818598422945
0.76,88,-0.0053321965792759085
0.76,89,0.0010065606497054826
0.76,90,-0.0017122260795436953
0.76,91,-0.0013156973195870157
0.76,92,-0.004325867402135764
0.76,93,0.0031639167537772643
0.76,94,-0.0009996553471690924
0.76,95,-0.0045774063837889815
0.76,96,0.0027653695015466217
0.76,97,0.0017968102287053245
0.76,98,0.00865964454106314
0.76,99,0.002856848987224604
0.76,100,0.0009243167312345869
0.76,101,0.0006364803035448897
0.76,102,0.0008707871497074766
0.76,103,0.0004677140360655736
0.76,104,0.00423623600736941
0.76,105,-0.0011915958984997986
0.76,106,0.001267581593377856
0.76,107,-0.00043807963279924146
0.76,108,0.001031091875638054
0.76,109,9.993976101920877e-5
0.76,110,-0.0019128697956265403
0.76,111,0.002519159550745527
0.76,112,-0.004036760006852397
0.76,113,0.0005005072979232164
0.76,114,-4.68841870685253e-5
0.76,115,0.0032845791016361562
0.76,116,-0.002115498575279611
0.76,117,0.004618887900056657
0.76,118,-0.004719390428454898
0.76,119,0.0037378604866151115
0.76,120,-0.0030023060681209387
0.76,121,0.002098043356477133
0.76,122,-0.002532985207160025
0.76,123,0.0005058766405475868
0.76,124,0.0029159996973922844
0.76,125,-0.001345116525504934
0.76,126,-8.459840296467779e-5
0.76,127,-0.0001071228171937862
0.76,128,-0.00011434954321472124
0.76,129,-0.0004896033682262872
0.76,130,0.0026797609633542985
0.76,131,0.0014975698566015423
0.76,132,-0.0003994480771888768
0.76,133,-0.0008690993146201856
0.76,134,-0.00017457964219062767
0.76,135,0.0006360916866352938
0.76,136,-0.0026213776229149083
0.76,137,0.0018349286310336496
0.76,138,0.001561230245529563
0.76,139,-0.0019088856622209154
0.76,140,0.001501965527163131
0.76,141,0.0020484409567937747
0.76,142,0.000270144117725846
0.76,143,0.0007027445971419819
0.76,144,-0.0018465671817300916
0.76,145,0.00030852500613275764
0.76,146,0.0004728119533760082
0.76,147,0.0013052966245875961
0.76,148,0.0006927263012626302
0.76,149,-0.0014208653133228732
0.76,150,0.001649638289109348
0.76,151,-0.0021598424355279327
0.76,152,-0.0002137102473663801
0.76,153,0.0016671757206204454
0.76,154,0.0005154266819421924
0.76,155,-4.66923859939487e-5
0.76,156,-0.0027916185120901004
0.76,157,-0.0007855098826879275
0.76,158,0.002995999096968584
0.76,159,-0.0010786314701770653
0.76,160,0.0006378696792786979
0.76,161,0.0005148480032625947
0.76,162,0.0008385020799140405
0.76,163,-0.0019013485877918132
0.76,164,-0.0007349601386718602
0.76,165,-0.0013266006879915342
0.76,166,-0.001562620072726161
0.76,167,0.001982201479325753
0.76,168,0.0009934045759094202
0.76,169,0.004295223175322945
0.76,170,0.002229666695285508
0.76,171,0.0032674748414669723
0.76,172,-0.00574229747246108
0.76,173,-0.0007402527980810231
0.76,174,-0.004484397000012098
0.76,175,0.0010840586169173522
0.76,176,-0.0017634985021801497
0.76,177,0.007989988422152053
0.76,178,0.007075171084294775
0.76,179,-0.002037422339658156
0.76,180,-0.00032739609258390444
0.76,181,-0.0026347394418867165
0.76,182,0.00210752868707386
0.76,183,-0.0095180526914195
0.76,184,0.0008955870870520641
0.76,185,0.027426213679864787
0.76,186,0.0130829968982982
0.76,187,0.0014361758855760453
0.76,188,0.013076858329139142
0.76,189,0.0038457154123080982
0.76,190,0.005879601910540728
0.76,191,-0.03923800696470774
0.76,192,0.879747685634707
0.76,193,0.01454340287502976
0.76,194,0.01407517140955503
0.76,195,-0.0002589409153366948
0.76,196,-0.0009248497213179401
0.76,197,-0.00012697161782072777
0.76,198,-0.00013200880320244466
0.77,intercept,0.0070458074215755595
0.77,1,0.007769079378276851
0.77,2,0.0034054226610227846
0.77,3,0.000537698005100211
0.77,4,0.0025794319477994263
0.77,5,-0.0018922865928284033
0.77,6,-0.0002692472410477668
0.77,7,0.0012488579020943492
0.77,8,-0.000601792532469142
0.77,9,0.002160230085732673
0.77,10,0.0009636985687023685
0.77,11,-0.0007862214549305653
0.77,12,-0.0019464285906442464
0.77,13,-0.003062512181561284
0.77,14,0.00017700071419582717
0.77,15,0.0016657958975355197
0.77,16,-0.001415907257786643
0.77,17,0.001379352593507881
0.77,18,-0.0005401072770466331
0.77,19,-0.000967017405536196
0.77,20,-0.0011223553280679999
0.77,21,0.0021404111870404726
0.77,22,-0.0024738363770789146
0.77,23,-0.001485927075032723
0.77,24,-0.0016265554540790884
0.77,25,-0.0003187255917575314
0.77,26,0.0026611692121157604
0.77,27,-0.0004980550690835499
0.77,28,0.0027497035335370514
0.77,29,-0.0031726540603554234
0.77,30,0.003795536505980776
0.77,31,-0.0024853162419179935
0.77,32,0.0009924832960282804
0.77,33,0.00011663690763100169
0.77,34,0.0016401380838067918
0.77,35,0.0002916186996354559
0.77,36,-0.003865150258478548
0.77,37,0.0010728416096026643
0.77,38,0.0003527907120375381
0.77,39,0.0008434280701165984
0.77,40,-0.002840880709719535
0.77,41,0.0012171927964643536
0.77,42,0.0018848182512498017
0.77,43,0.0003545832109704274
0.77,44,-0.004333500574314129
0.77,45,0.0033018129963075524
0.77,46,-0.0009191021632770971
0.77,47,-0.0015835318423314325
0.77,48,0.0005749785034255243
0.77,49,0.00037005901753661165
0.77,50,0.0012414777186353714
0.77,51,-0.0025807137361912504
0.77,52,-0.0014313835315370989
0.77,53,0.001092229097070924
0.77,54,0.0006569727519679141
0.77,55,-0.0005515718483195068
0.77,56,0.0004808725136396123
0.77,57,0.0011757170536963269
0.77,58,-0.00042771002533634764
0.77,59,0.0016479847596797593
0.77,60,-0.0031911411939479213
0.77,61,0.002304430432825838
0.77,62,0.0014850035643094437
0.77,63,0.004704055860440448
0.77,64,-0.003490070787415819
0.77,65,-7.272391079268258e-5
0.77,66,-0.0007716794186480009
0.77,67,0.004060692264759607
0.77,68,-0.0021391462829297653
0.77,69,0.003564057077672899
0.77,70,-0.0028834805172680495
0.77,71,0.0031302676838943643
0.77,72,-0.002969272335830674
0.77,73,0.0028191147799691263
0.77,74,-0.0013255028102859285
0.77,75,0.0007126855957182018
0.77,76,0.0009071483276222349
0.77,77,-0.0018461637902132998
0.77,78,3.515726383931845e-5
0.77,79,-0.0007610271841388843
0.77,80,0.0002455137669485183
0.77,81,-0.0001823404605954602
0.77,82,-0.002412270177213373
0.77,83,-0.0024241746519740735
0.77,84,0.0003345063155037816
0.77,85,0.0019913675190282895
0.77,86,-0.0003526399254769808
0.77,87,0.003802440811683434
0.77,88,-0.005064137780087868
0.77,89,0.0013366219021106877
0.77,90,-0.0015000645752880925
0.77,91,-0.0021796403527366286
0.77,92,-0.0044163249278999965
0.77,93,0.0032821712446790417
0.77,94,-0.0005282441170546327
0.77,95,-0.004405970222281842
0.77,96,0.0028292944291333846
0.77,97,0.0017711938321334857
0.77,98,0.008749425710282834
0.77,99,0.0018504309760041433
0.77,100,0.003931126080718336
0.77,101,-0.00010867866496724543
0.77,102,0.0010269758797459149
0.77,103,0.0005816864740220659
0.77,104,0.0035311840608450136
0.77,105,-0.001839322676247023
0.77,106,0.0013118660937367077
0.77,107,0.0005896163459113447
0.77,108,0.0008070649883832092
0.77,109,7.105237853588375e-5
0.77,110,-0.0018388620015028854
0.77,111,0.0024219642657603074
0.77,112,-0.003837361984204525
0.77,113,0.000118116898723605
0.77,114,8.106303301873157e-5
0.77,115,0.003185545274473671
0.77,116,-0.0017561613526597348
0.77,117,0.004262809663542452
0.77,118,-0.004328078363027433
0.77,119,0.0037126927488225782
0.77,120,-0.0031436024662299116
0.77,121,0.0028105284357873377
0.77,122,-0.00294942473321429
0.77,123,2.7649149943782182e-5
0.77,124,0.0021451377877936954
0.77,125,-0.001010229654334657
0.77,126,0.0003077648503963026
0.77,127,-0.0006290340183793191
0.77,128,-0.0003619888865984146
0.77,129,-0.00011953646392323766
0.77,130,0.0024369538129993115
0.77,131,0.0012327015782301774
0.77,132,-0.0002661729543261164
0.77,133,-0.0007023744357133037
0.77,134,-5.4607474371830636e-5
0.77,135,0.0007688997132211321
0.77,136,-0.0025908389859973157
0.77,137,0.0017241662908911877
0.77,138,0.0011865284376278483
0.77,139,-0.0010546976311449849
0.77,140,0.001537900310565034
0.77,141,0.0023513279687058086
0.77,142,5.219483536805538e-7
0.77,143,9.870795677548955e-5
0.77,144,-0.0007343626142430535
0.77,145,-0.0003813994672970436
0.77,146,0.0007130333266037491
0.77,147,-5.2479464307287344e-5
0.77,148,0.0017847195660916225
0.77,149,-0.0019430970794477472
0.77,150,0.0014371816215993254
0.77,151,-0.001773598660766054
0.77,152,-0.00021203091870823155
0.77,153,0.0016259437848712727
0.77,154,0.0011059064747753883
0.77,155,-0.0006839916991710915
0.77,156,-0.0029525344085761427
0.77,157,-0.0002933435407980126
0.77,158,0.0025493194483504527
0.77,159,-0.0005066533347424931
0.77,160,0.0005342841500852647
0.77,161,0.0009277941933243398
0.77,162,-0.00029195856102246756
0.77,163,-0.0008501922025202436
0.77,164,-0.0009508517700461564
0.77,165,-0.0012482107673281431
0.77,166,-0.0013196167722183286
0.77,167,0.001547471219886774
0.77,168,0.0014986124468070584
0.77,169,0.0033912917446221914
0.77,170,0.0031645588353615265
0.77,171,0.0031228397488374266
0.77,172,-0.006197117359018258
0.77,173,-0.0012028082694832657
0.77,174,-0.004502088957400881
0.77,175,0.0006880739303679503
0.77,176,-0.0012155154189784642
0.77,177,0.007240853658912009
0.77,178,0.007455866502198164
0.77,179,-0.0024801544762929396
0.77,180,0.0008792504621343483
0.77,181,-0.0029405373852272646
0.77,182,0.0007422707367324864
0.77,183,-0.00949359978179824
0.77,184,0.0002475879711354446
0.77,185,0.02488920066591953
0.77,186,0.014247907817646904
0.77,187,0.002215251224326933
0.77,188,0.015960389243572827
0.77,189,0.0024080423344556325
0.77,190,0.004350050964856503
0.77,191,-0.03895518220778348
0.77,192,0.9036897281583158
0.77,193,0.014030058737426973
0.77,194,0.014970657710262066
0.77,195,-0.0001897922403677235
0.77,196,-0.0010182827980544451
0.77,197,-0.00018235361191681204
0.77,198,-0.00018826867511025387
0.78,intercept,0.006779020877437282
0.78,1,0.009207167651406984
0.78,2,0.002669054270568333
0.78,3,-0.00020461288673237396
0.78,4,0.003068330705030417
0.78,5,-0.002069174536975581
0.78,6,0.00017333997240180944
0.78,7,0.0013498692900970628
0.78,8,-0.0011179625112258083
0.78,9,0.0023492401427697095
0.78,10,0.0007332844000451451
0.78,11,-0.0016837279242465815
0.78,12,-0.0017977549123327193
0.78,13,-0.0024475929045698203
0.78,14,0.00021087548668683505
0.78,15,0.00146997966569792
0.78,16,-0.001598360550515189
0.78,17,0.0017355024226035371
0.78,18,-0.0003826730582969632
0.78,19,-0.001048805424566195
0.78,20,-0.0008033636604705764
0.78,21,0.002807698591610279
0.78,22,-0.002706179389708295
0.78,23,-0.001078059169450466
0.78,24,-0.001924948845155814
0.78,25,-4.2434596467103404e-5
0.78,26,0.002714739138688668
0.78,27,-0.0009538634573385392
0.78,28,0.002876850866914577
0.78,29,-0.0031593401488840015
0.78,30,0.0038906352927682596
0.78,31,-0.0027663810616913686
0.78,32,0.0008392727167741461
0.78,33,-0.00020953040494441714
0.78,34,0.0017584229591985309
0.78,35,7.100773731011102e-5
0.78,36,-0.004224282599406076
0.78,37,0.0020417639655415125
0.78,38,-0.0001115945558779922
0.78,39,0.0011529192952718008
0.78,40,-0.003151180031475285
0.78,41,0.0016912918618516772
0.78,42,0.0016462588938875606
0.78,43,0.00033509546150255784
0.78,44,-0.0042281878345962545
0.78,45,0.0030459046607718586
0.78,46,-0.0004690118850172715
0.78,47,-0.0023552302647530006
0.78,48,0.0011466175752186075
0.78,49,0.0003340912789288118
0.78,50,0.0014922096787184462
0.78,51,-0.0027814392763167266
0.78,52,-0.0014240897308148773
0.78,53,0.0008644972630409123
0.78,54,0.00052985592715061
0.78,55,-0.0007267666391023159
0.78,56,0.00099959467171324
0.78,57,0.0011176465560306201
0.78,58,-0.00043717270953193824
0.78,59,0.001124388418789654
0.78,60,-0.003472962344975139
0.78,61,0.0021865841605504164
0.78,62,0.00141667781200274
0.78,63,0.004464739369932149
0.78,64,-0.0036776292083192533
0.78,65,0.0006479334310448896
0.78,66,-0.00037254317489684524
0.78,67,0.0037698259768151566
0.78,68,-0.0015213987058533094
0.78,69,0.003058489454955063
0.78,70,-0.0021867473245927673
0.78,71,0.0025843062194276082
0.78,72,-0.0027540056851938105
0.78,73,0.0027250179324133407
0.78,74,-0.0011816345211912377
0.78,75,0.0011344170280019603
0.78,76,0.0010432316418703255
0.78,77,-0.0018628329765420632
0.78,78,-0.0001461175362576295
0.78,79,-0.00041292242635530374
0.78,80,-0.00020363564974256544
0.78,81,0.0005758352022594445
0.78,82,-0.0031234937816110595
0.78,83,-0.0026729306863715586
0.78,84,0.00013621193003336227
0.78,85,0.0018973614405217055
0.78,86,-0.0005181147753219218
0.78,87,0.0033737939408020126
0.78,88,-0.005363104749336748
0.78,89,0.0015599188663356668
0.78,90,-0.0010818463086176892
0.78,91,-0.0027233579442378863
0.78,92,-0.0045394545065296586
0.78,93,0.00321778155746195
0.78,94,-0.0015777152897803002
0.78,95,-0.003608580319510599
0.78,96,0.0035250680390725916
0.78,97,0.0015734113702797119
0.78,98,0.009237437756111912
0.78,99,0.002383703185200584
0.78,100,0.003639658608024798
0.78,101,0.0005813347264978664
0.78,102,0.00046700966401422604
0.78,103,0.0009780871060175948
0.78,104,0.0038210271044669523
0.78,105,-0.002200963930117138
0.78,106,0.0011213857730671558
0.78,107,0.0008714567418927954
0.78,108,0.0015440674884148213
0.78,109,-0.0005199109456171123
0.78,110,-0.002433532795139972
0.78,111,0.0031559525731725143
0.78,112,-0.004306253652670657
0.78,113,0.0002881103048636731
0.78,114,-0.00020246800611424393
0.78,115,0.0033977171559220394
0.78,116,-0.002072227894869597
0.78,117,0.004136780311378215
0.78,118,-0.003824853248290634
0.78,119,0.002955928621322605
0.78,120,-0.0032528639270633687
0.78,121,0.003266215284038554
0.78,122,-0.002880576842466982
0.78,123,0.00047866448259448934
0.78,124,0.002391096264068006
0.78,125,-0.0015429752278662498
0.78,126,0.00031121372551238055
0.78,127,-0.0010703738895637138
0.78,128,-0.00019110554260279143
0.78,129,0.0002161089021644665
0.78,130,0.0023762055593337925
0.78,131,0.0013186914717601924
0.78,132,-0.00014704959697041305
0.78,133,-0.0004871255179368696
0.78,134,-0.00015608818537772324
0.78,135,0.00011927756188568367
0.78,136,-0.0017012061484700405
0.78,137,0.0011192888770304825
0.78,138,0.0011396184958812478
0.78,139,0.00013390440856383626
0.78,140,0.0014564911833975973
0.78,141,0.0017114314167642555
0.78,142,-0.00021015745744832278
0.78,143,0.0006847473717854364
0.78,144,-0.000949704344305196
0.78,145,-0.0003690405559420114
0.78,146,0.0005349290383753173
0.78,147,-0.00023157964334054144
0.78,148,0.0018389393666215026
0.78,149,-0.0014815634123318629
0.78,150,0.0009133985388092442
0.78,151,-0.0013146137934212793
0.78,152,-0.0006170044421378941
0.78,153,0.0015556493218560731
0.78,154,0.0009669263555074034
0.78,155,-2.6904506324087263e-5
0.78,156,-0.003205714918045408
0.78,157,-0.0001981829216215145
0.78,158,0.0026466213639464004
0.78,159,-0.0007723015314609326
0.78,160,0.0013008942821689962
0.78,161,0.00048827182368222543
0.78,162,-0.0005435364407025161
0.78,163,-0.00015746553937298258
0.78,164,-0.0013629132949058034
0.78,165,-0.0007957501407725547
0.78,166,-0.0016252631304873738
0.78,167,0.0014513987164285788
0.78,168,0.0012069374766116787
0.78,169,0.0034558604169747163
0.78,170,0.002770917574172624
0.78,171,0.003320242564668802
0.78,172,-0.005791465596898067
0.78,173,-0.0012292499940676908
0.78,174,-0.0050255204219746856
0.78,175,0.0014049945697999907
0.78,176,-0.001601255979492208
0.78,177,0.007086624654652865
0.78,178,0.006282736976023803
0.78,179,-0.0017659927014731496
0.78,180,0.0007543191583436499
0.78,181,-0.003440900660988261
0.78,182,0.0002975096039937226
0.78,183,-0.009718665538269201
0.78,184,-0.0008091805611310973
0.78,185,0.02820270047271437
0.78,186,0.01739492394336105
0.78,187,0.002713390674310026
0.78,188,0.017440280403435034
0.78,189,0.0027168968541190545
0.78,190,0.003238692284510846
0.78,191,-0.04131983595321735
0.78,192,0.9179644338288326
0.78,193,0.015347649744434366
0.78,194,0.014998894123282844
0.78,195,-0.0001545924153936328
0.78,196,-0.0010526781339475339
0.78,197,-0.00021918309465353975
0.78,198,-0.0002642231178239193
0.79,intercept,0.0065393691915469196
0.79,1,0.00970158831278811
0.79,2,0.003710866258956173
0.79,3,-4.222751574985295e-6
0.79,4,0.0034422207395896558
0.79,5,-0.002684246886373635
0.79,6,-0.0009033272452143543
0.79,7,0.0024918179572155147
0.79,8,-0.0012660925577575896
0.79,9,0.00187844664126217
0.79,10,0.0012178654139349554
0.79,11,-0.001973890374689727
0.79,12,-0.001617262011723624
0.79,13,-0.0023417444325619682
0.79,14,0.00026877077648542277
0.79,15,0.0018161734788821244
0.79,16,-0.001605964741945296
0.79,17,0.0016910738291875203
0.79,18,-0.0010728894424758826
0.79,19,-0.0005318720018147781
0.79,20,-0.0007926800834088159
0.79,21,0.0024478386806589744
0.79,22,-0.002913139531088585
0.79,23,-0.000655424999285453
0.79,24,-0.001808160856350459
0.79,25,-2.7646999451433228e-5
0.79,26,0.0019288672244506277
0.79,27,-0.0008205558749656677
0.79,28,0.00282460923968029
0.79,29,-0.0027161160698828766
0.79,30,0.004277430078070286
0.79,31,-0.003144235925179889
0.79,32,0.0013918863315560217
0.79,33,-0.0010574863051173427
0.79,34,0.0018496603203126136
0.79,35,-0.00011415920636325349
0.79,36,-0.003730159321675221
0.79,37,0.0020295867812745736
0.79,38,-0.00011051079688043535
0.79,39,0.0013221975499264705
0.79,40,-0.0033687060524079594
0.79,41,0.0016005406988975747
0.79,42,0.001523055531640015
0.79,43,0.00036431391979439257
0.79,44,-0.004582611976696791
0.79,45,0.003317746984186342
0.79,46,-0.0002958969777075188
0.79,47,-0.0021735807252367674
0.79,48,0.001105439034379117
0.79,49,3.352130509327858e-5
0.79,50,0.0016166881528035363
0.79,51,-0.0027406921211001137
0.79,52,-0.001966768173479674
0.79,53,0.0005463967704129966
0.79,54,0.00042327013432859437
0.79,55,-0.0009271744255893604
0.79,56,0.0009959753144318522
0.79,57,0.0010210002922297547
0.79,58,-0.001000118594677929
0.79,59,0.001476597589836868
0.79,60,-0.0030901457064270994
0.79,61,0.0018317583675435164
0.79,62,0.0012784382750805445
0.79,63,0.004611608834363229
0.79,64,-0.004060697527853053
0.79,65,0.0013566134543882217
0.79,66,-0.0008301975540462362
0.79,67,0.004230805848308061
0.79,68,-0.001456160155513326
0.79,69,0.0033026827422097172
0.79,70,-0.0021078163441393414
0.79,71,0.002139253088319629
0.79,72,-0.002495108427581241
0.79,73,0.0028763845401784923
0.79,74,-0.0007118808744804595
0.79,75,0.00032567265896591156
0.79,76,0.0022716070834669353
0.79,77,-0.0021200865210676463
0.79,78,-0.0004243648998234568
0.79,79,-0.0010354880752725022
0.79,80,9.787957726082369e-5
0.79,81,0.000703039556354836
0.79,82,-0.00336250458726962
0.79,83,-0.0028890677963241455
0.79,84,0.00047051365401263353
0.79,85,0.0026003056635896193
0.79,86,-0.000998705614650117
0.79,87,0.0030611891846286815
0.79,88,-0.005902137707716032
0.79,89,0.0012033892149391366
0.79,90,-0.001293143902117125
0.79,91,-0.0025401076131858105
0.79,92,-0.0049843059045274855
0.79,93,0.00354523516228217
0.79,94,-0.0021352081411235616
0.79,95,-0.00220169074044663
0.79,96,0.0024945154211042935
0.79,97,0.0018372912095189556
0.79,98,0.009362292575059354
0.79,99,0.0032174216427479432
0.79,100,0.00308728905722916
0.79,101,-7.437639688432245e-5
0.79,102,0.0005837964855682732
0.79,103,0.0006719301179320028
0.79,104,0.0038790606591252107
0.79,105,-0.0019003558739665275
0.79,106,0.001035136269996584
0.79,107,0.0008621364632421336
0.79,108,0.0015211991916937572
0.79,109,0.00024272311478790263
0.79,110,-0.0031276574023385577
0.79,111,0.0026350178500184054
0.79,112,-0.00416818534458733
0.79,113,0.000484578086806709
0.79,114,0.000406376141521428
0.79,115,0.0031447159915302626
0.79,116,-0.002068559260719121
0.79,117,0.0037723038822366785
0.79,118,-0.003773837289835218
0.79,119,0.002259525938823668
0.79,120,-0.0025672436074351706
0.79,121,0.0033214256752473422
0.79,122,-0.0023623937474159954
0.79,123,8.239241477356915e-5
0.79,124,0.002981789722539597
0.79,125,-0.0012052934407818707
0.79,126,-0.00025349492621345223
0.79,127,-0.0004427718393246182
0.79,128,-0.0005844007197747406
0.79,129,0.0005267221499126028
0.79,130,0.0028251330833262197
0.79,131,0.0012004868567358413
0.79,132,-0.000765264232854191
0.79,133,-0.0007041542061030906
0.79,134,-0.00019208352429834772
0.79,135,0.0003857463887577952
0.79,136,-0.0020215330838645675
0.79,137,0.0008968516177725078
0.79,138,0.0013181619973048199
0.79,139,5.861258990025696e-6
0.79,140,0.0005085914450870474
0.79,141,0.0022122326828162816
0.79,142,-0.00028967649752341813
0.79,143,0.0006892020256820125
0.79,144,-0.0012170434376611481
0.79,145,-0.0004946518830719589
0.79,146,0.0004888124269932949
0.79,147,0.00012981064668515714
0.79,148,0.0018562562157939547
0.79,149,-0.0013882761944987241
0.79,150,0.00016245407299443534
0.79,151,6.0338046508718084e-5
0.79,152,-0.001185835519740828
0.79,153,0.0012771785507847077
0.79,154,0.0017628834253053112
0.79,155,-0.00022076833789673808
0.79,156,-0.0024925123904346435
0.79,157,-0.0004381977401982414
0.79,158,0.0022423519599311216
0.79,159,-0.0003024138359213762
0.79,160,0.0008024663294967615
0.79,161,0.0015274540187827396
0.79,162,-0.001267478425465151
0.79,163,-0.00040885305480950517
0.79,164,-0.00066262485430804
0.79,165,-0.001597463965548928
0.79,166,-0.0017998987859342611
0.79,167,0.0014630214153770248
0.79,168,0.0009079238715441697
0.79,169,0.0031421887540491974
0.79,170,0.003311581696417351
0.79,171,0.0032071034104479545
0.79,172,-0.005553925466876093
0.79,173,-0.0002073770764031316
0.79,174,-0.005049587021854363
0.79,175,0.0018081701124561752
0.79,176,-0.0023807903066374193
0.79,177,0.008665220204342485
0.79,178,0.005873234327783839
0.79,179,-0.0018999220433801218
0.79,180,0.00012918511812183304
0.79,181,-0.003795971847725804
0.79,182,0.0005895043076318616
0.79,183,-0.01052017340913612
0.79,184,-0.0016844023430197805
0.79,185,0.029315008736122514
0.79,186,0.020334655969028958
0.79,187,0.002821782153675485
0.79,188,0.01957048832692486
0.79,189,0.0017995570525386685
0.79,190,0.006117216309760795
0.79,191,-0.044680704312762866
0.79,192,0.9294800566514847
0.79,193,0.016551863808466155
0.79,194,0.01710248621718942
0.79,195,-8.68708893513182e-5
0.79,196,-0.00107673744453383
0.79,197,-0.00026373682893039707
0.79,198,-0.000285814426048535
0.8,intercept,0.006246410805270736
0.8,1,0.011287810021875053
0.8,2,0.0034403697931401495
0.8,3,0.0007533752492539541
0.8,4,0.0039655619537517705
0.8,5,-0.0027936889755472926
0.8,6,-0.0013339084976258856
0.8,7,0.0017020165700878818
0.8,8,-0.0017031501738495516
0.8,9,0.0025335321059357548
0.8,10,0.0014505748088086317
0.8,11,-0.0024614782637559407
0.8,12,-0.0014063146382789222
0.8,13,-0.0023654857092025934
0.8,14,0.0006732071285498776
0.8,15,0.0018083388462490164
0.8,16,-0.0020401545821882917
0.8,17,0.0014494225150843206
0.8,18,0.00011006529466685775
0.8,19,-0.0007157694063182761
0.8,20,-0.0017639080331199525
0.8,21,0.0033418545178367388
0.8,22,-0.00338355402565817
0.8,23,-0.0006005822190853424
0.8,24,-0.0023981732915366403
0.8,25,0.0011192922299662037
0.8,26,0.0013041806567964122
0.8,27,-0.00047547034725798135
0.8,28,0.0026758353996934408
0.8,29,-0.0033423154837507576
0.8,30,0.0054657419141730165
0.8,31,-0.0039246322232096694
0.8,32,0.0016423222085832163
0.8,33,-0.0013688565942020288
0.8,34,0.0019305415155829201
0.8,35,-2.7784482389871666e-5
0.8,36,-0.004351737458462946
0.8,37,0.002066499610913625
0.8,38,0.0004579891136398627
0.8,39,0.0013982409151823557
0.8,40,-0.003953395264382622
0.8,41,0.0017160167461951036
0.8,42,0.0011904345963636043
0.8,43,0.00047052305569567315
0.8,44,-0.004581999404060252
0.8,45,0.0033549217710405993
0.8,46,-9.528449225531356e-5
0.8,47,-0.002218494367705936
0.8,48,0.000768754309972697
0.8,49,0.00022169769729594402
0.8,50,0.0015061471743444135
0.8,51,-0.003287758158379309
0.8,52,-0.0019517000026081106
0.8,53,0.0009959847147030677
0.8,54,-2.922389875568493e-5
0.8,55,-0.00018714896697380421
0.8,56,0.00033701444620831656
0.8,57,0.0015435347521096097
0.8,58,-0.0017705542228499314
0.8,59,0.0027613031450142173
0.8,60,-0.004469076469918905
0.8,61,0.0027729948667222608
0.8,62,0.0006780411015035451
0.8,63,0.0050894669668268685
0.8,64,-0.004533429567218208
0.8,65,0.0020942745059210326
0.8,66,-0.0016659742802258672
0.8,67,0.004326683178203101
0.8,68,-0.0015154665315241524
0.8,69,0.003005682532525134
0.8,70,-0.001438623025199031
0.8,71,0.002360633623421135
0.8,72,-0.002183825999237124
0.8,73,0.002452312477612688
0.8,74,-0.00018856044366750643
0.8,75,-0.0009399968012997544
0.8,76,0.0034104435640728084
0.8,77,-0.001736900654802389
0.8,78,-0.0009554223541033297
0.8,79,-0.0006918132723779467
0.8,80,5.191685397065987e-5
0.8,81,0.0008501498314084741
0.8,82,-0.00362857928387671
0.8,83,-0.0030760465897690993
0.8,84,-0.00040561656868053216
0.8,85,0.003483725579082217
0.8,86,-0.0011182089400897655
0.8,87,0.0029665212108564818
0.8,88,-0.006668625122979812
0.8,89,0.0017020769875201367
0.8,90,-0.0016662372887252092
0.8,91,-0.003439501740155266
0.8,92,-0.004729905291405881
0.8,93,0.0032672577679311765
0.8,94,-0.0018826627630624906
0.8,95,-0.002102372338425554
0.8,96,0.002841444303775248
0.8,97,0.0035291745886310414
0.8,98,0.007221340720950199
0.8,99,0.004667632087856836
0.8,100,0.00314146275497847
0.8,101,-0.00031606069188954095
0.8,102,0.0010126490658671162
0.8,103,3.218326702952923e-5
0.8,104,0.0037874568958037587
0.8,105,-0.0011866203633827082
0.8,106,0.0014960455265347642
0.8,107,0.0007449744602677894
0.8,108,0.0014880810987823053
0.8,109,-0.0003681694235255459
0.8,110,-0.002900927756913459
0.8,111,0.002736784932572714
0.8,112,-0.0041445892630940255
0.8,113,0.00022610238370703915
0.8,114,0.0008334519014631429
0.8,115,0.002484248919304386
0.8,116,-0.0020748023091255704
0.8,117,0.003547272386701455
0.8,118,-0.003654340269846934
0.8,119,0.002302777143367209
0.8,120,-0.0024131544534157973
0.8,121,0.002707730934065073
0.8,122,-0.0018084516916951731
0.8,123,-0.0002727245022371264
0.8,124,0.0034094485939003623
0.8,125,-0.0014207480854611088
0.8,126,-0.00024908433328118304
0.8,127,-0.00023781152213319455
0.8,128,-0.000980701833244172
0.8,129,0.0008010398235932921
0.8,130,0.0029342095631135524
0.8,131,0.001022833445911782
0.8,132,-0.0010070535088251798
0.8,133,-0.001094199410983821
0.8,134,0.0007285542353016256
0.8,135,7.937290823527526e-5
0.8,136,-0.0017979400000148718
0.8,137,0.0011870573968602604
0.8,138,0.000855807302711671
0.8,139,4.77034374261711e-5
0.8,140,-1.7153184161077996e-5
0.8,141,0.0031548598703940362
0.8,142,-0.000493568230806772
0.8,143,0.0005789232860423646
0.8,144,-0.001588934692188577
0.8,145,-0.00014501150833549207
0.8,146,0.00025083999918045283
0.8,147,-0.0002779399215593438
0.8,148,0.0029045108708867853
0.8,149,-0.0018633460573882071
0.8,150,0.0005350223259718147
0.8,151,-0.0004726963901794435
0.8,152,-0.0004585291977234511
0.8,153,0.0004071698009565633
0.8,154,0.0017061182216229335
0.8,155,-0.0003590048491360031
0.8,156,-0.0024794722780065396
0.8,157,0.00014307739834815231
0.8,158,0.0020873794681384775
0.8,159,0.00018231349741874926
0.8,160,0.0005071348203565327
0.8,161,0.0018589455919695772
0.8,162,-0.001446697376395078
0.8,163,-0.0009165981679488413
0.8,164,-0.0002588354387644311
0.8,165,-0.0012501164230156253
0.8,166,-0.0021458383001625005
0.8,167,0.001558835995055144
0.8,168,0.0010154042569312334
0.8,169,0.0024905789844165255
0.8,170,0.0024931821300865397
0.8,171,0.0028800482184076818
0.8,172,-0.00422452256801595
0.8,173,-0.00024016860496077955
0.8,174,-0.005319462035209092
0.8,175,0.001392576761133988
0.8,176,-0.0020693661048764222
0.8,177,0.0081407187811992
0.8,178,0.0055456003013366235
0.8,179,-0.0019055137759666299
0.8,180,0.0002989211185761586
0.8,181,-0.00390582422057065
0.8,182,0.0005709724227192249
0.8,183,-0.012293726860934615
0.8,184,-0.0009141453981875776
0.8,185,0.029109271398530458
0.8,186,0.02188783519674887
0.8,187,0.004421711662127895
0.8,188,0.023930097961613064
0.8,189,-1.626409526214545e-5
0.8,190,0.005225315705008746
0.8,191,-0.042143160293460435
0.8,192,0.9428802605562229
0.8,193,0.018041032922874303
0.8,194,0.018771953630895934
0.8,195,-3.6541026248958215e-5
0.8,196,-0.0011131951463901725
0.8,197,-0.00028990787394346
0.8,198,-0.000298014344409746
0.81,intercept,0.005971753311906499
0.81,1,0.013135905485849992
0.81,2,0.0033418325718461315
0.81,3,0.00029548750916752703
0.81,4,0.004421827503080354
0.81,5,-0.004183908934572062
0.81,6,-0.0005382489775130681
0.81,7,0.0014644113909331516
0.81,8,-0.001468570331522394
0.81,9,0.0018264736562264659
0.81,10,0.0014398919938704822
0.81,11,-0.0032581333335200574
0.81,12,-0.0010658975285140224
0.81,13,-0.0023827567736843945
0.81,14,0.0007696929241148571
0.81,15,0.0013951028526080888
0.81,16,-0.001987149374638889
0.81,17,0.0016298783092203778
0.81,18,0.0004349021241626481
0.81,19,-0.0008093297803939291
0.81,20,-0.0019828951078260182
0.81,21,0.003194993668444764
0.81,22,-0.0031156798460712618
0.81,23,-0.0006539659425976428
0.81,24,-0.002726460946341002
0.81,25,0.0012900754909353231
0.81,26,0.001928335410786916
0.81,27,-0.0010128465407678218
0.81,28,0.003183566702816584
0.81,29,-0.0035010338917632823
0.81,30,0.005701598820328573
0.81,31,-0.004322511549434417
0.81,32,0.001973205880413809
0.81,33,-0.0020005840118791484
0.81,34,0.0022789069842198413
0.81,35,5.0209469391274506e-5
0.81,36,-0.0037906243691900312
0.81,37,0.0012774641698796603
0.81,38,0.0010764206506357862
0.81,39,0.0010974303829648952
0.81,40,-0.004141901100649707
0.81,41,0.001303752245219583
0.81,42,0.0013397072250559952
0.81,43,0.000711500850303347
0.81,44,-0.005051092613091662
0.81,45,0.004079238130732581
0.81,46,-6.177918881842534e-5
0.81,47,-0.0020642447172468962
0.81,48,0.0001322885489922698
0.81,49,0.00034527357935999005
0.81,50,0.0008737427588268551
0.81,51,-0.003092488851136016
0.81,52,-0.002193825177072339
0.81,53,0.0012576666130053916
0.81,54,-0.0004958935905209711
0.81,55,0.0004851271555586798
0.81,56,-0.0004866781124338602
0.81,57,0.0017092813810102607
0.81,58,-0.0021179313434714167
0.81,59,0.002418136243743047
0.81,60,-0.0036249312609267052
0.81,61,0.002198014713970426
0.81,62,0.0013128236738883167
0.81,63,0.0049836328969159755
0.81,64,-0.004141036685022124
0.81,65,0.002330005547400295
0.81,66,-0.0010226279713194265
0.81,67,0.0041508531909288425
0.81,68,-0.0017432935789647459
0.81,69,0.003317168175644018
0.81,70,-0.0008126010143577418
0.81,71,0.0016441507702689825
0.81,72,-0.0019847158056112623
0.81,73,0.0017178019528432498
0.81,74,0.00128283295825463
0.81,75,-0.001369638635707988
0.81,76,0.003699287086956215
0.81,77,-0.002200605040932296
0.81,78,-0.0006374949692427494
0.81,79,-0.0012156249588602677
0.81,80,-0.000395331549953302
0.81,81,0.001093358673671507
0.81,82,-0.0039419667938249935
0.81,83,-0.0027057901805873016
0.81,84,-0.00021514025491372482
0.81,85,0.002674866807849106
0.81,86,-0.0014225116394010727
0.81,87,0.0033618600980167487
0.81,88,-0.007323559224884217
0.81,89,0.002638468474234363
0.81,90,-0.001609656983658373
0.81,91,-0.003987029899702841
0.81,92,-0.004908026630316621
0.81,93,0.0025564517695884194
0.81,94,-0.0009809549013699713
0.81,95,-0.002867584012644517
0.81,96,0.003489917923303022
0.81,97,0.004975017730032333
0.81,98,0.007579403243608303
0.81,99,0.004375949211212117
0.81,100,0.003821348872278259
0.81,101,-0.0002950750847166916
0.81,102,0.0014390716744981324
0.81,103,-0.0007459016090188038
0.81,104,0.004250856735854228
0.81,105,-0.0015176874124218842
0.81,106,0.0010262000436598803
0.81,107,0.001288871191664676
0.81,108,0.001999127623518566
0.81,109,-0.00048352159694509274
0.81,110,-0.002944246045040154
0.81,111,0.003617447910875039
0.81,112,-0.004426382036029565
0.81,113,5.276380155567012e-5
0.81,114,0.0007379832052089796
0.81,115,0.002337353390592192
0.81,116,-0.0023508872008043565
0.81,117,0.0035079254134890454
0.81,118,-0.004149559705734665
0.81,119,0.0025095351768216253
0.81,120,-0.0024875174940263197
0.81,121,0.003189887237926344
0.81,122,-0.0016126445612753022
0.81,123,-0.0008943678415789702
0.81,124,0.0030229341626633066
0.81,125,-0.0016020690094705338
0.81,126,0.0006352982911669325
0.81,127,-3.493641014225528e-5
0.81,128,-0.001371925148604929
0.81,129,0.0009556914619232048
0.81,130,0.003693559229151733
0.81,131,0.0006628674817275637
0.81,132,-0.0012745060710399065
0.81,133,-0.0008983722989177797
0.81,134,0.00014225746190341102
0.81,135,0.0007674906602929705
0.81,136,-0.002411892672163908
0.81,137,0.0011852662762639101
0.81,138,2.6757856373070762e-5
0.81,139,0.0004943503814789112
0.81,140,6.357928662794091e-5
0.81,141,0.0032203473594635094
0.81,142,-0.0001980060177315234
0.81,143,0.0005129004610372483
0.81,144,-0.0013250489847221676
0.81,145,-5.0678754014770345e-5
0.81,146,-8.084745876339284e-5
0.81,147,2.1666191465823053e-5
0.81,148,0.001999975744226365
0.81,149,-0.0004866913588881785
0.81,150,-4.3822948686445124e-5
0.81,151,-0.0001919082250675642
0.81,152,-0.0008204307442035581
0.81,153,0.000720614389594447
0.81,154,0.0009562818711654212
0.81,155,0.0004589647918637774
0.81,156,-0.0022919875052493078
0.81,157,-0.0003245024910807532
0.81,158,0.0016351572622208066
0.81,159,0.0014900785586342553
0.81,160,0.0010095139092703908
0.81,161,0.0018211686914673087
0.81,162,-0.001960481463773181
0.81,163,-0.0016617388579326167
0.81,164,0.0006067943545882447
0.81,165,-0.0011506549591422724
0.81,166,-0.0026237841290555506
0.81,167,0.0009469007318913064
0.81,168,0.0011256368394288714
0.81,169,0.0025017158309455514
0.81,170,0.0026050563580535886
0.81,171,0.0019188843012545194
0.81,172,-0.003550579429293982
0.81,173,-0.0005949693852722284
0.81,174,-0.004495694646537446
0.81,175,0.0010974700276524696
0.81,176,-0.002469149390011942
0.81,177,0.00887648178434641
0.81,178,0.005098858597473851
0.81,179,-0.0015850322474023264
0.81,180,0.0005019263189220773
0.81,181,-0.004392806786264302
0.81,182,0.0005843885492095505
0.81,183,-0.01164685228117515
0.81,184,-0.003536330011680036
0.81,185,0.034956637422248034
0.81,186,0.022266541299467823
0.81,187,0.007625584341113063
0.81,188,0.023934832995115753
0.81,189,0.00045961331588039746
0.81,190,0.002403405925688392
0.81,191,-0.042403728036041935
0.81,192,0.9517774840182189
0.81,193,0.020371263510817195
0.81,194,0.020244418757079875
0.81,195,1.6619615740858625e-5
0.81,196,-0.0012382025844322117
0.81,197,-0.0003106724447794878
0.81,198,-0.00030911604753219683
0.82,intercept,0.005554587310679692
0.82,1,0.014330968712552955
0.82,2,0.0035767475584610035
0.82,3,-0.0009999317839470693
0.82,4,0.006939740573374913
0.82,5,-0.005594418873401952
0.82,6,-0.0011657890540636075
0.82,7,0.0018275963876578385
0.82,8,-0.0005872265609592464
0.82,9,0.0012798868049576455
0.82,10,0.0024364173780694128
0.82,11,-0.0043740697406064
0.82,12,-0.0006291780868788909
0.82,13,-0.0027174599182320743
0.82,14,0.0009721273939717398
0.82,15,0.00039047034662646074
0.82,16,-0.0007011747498005334
0.82,17,0.0015216106013381944
0.82,18,-4.591293478131177e-5
0.82,19,-0.0011842350674514048
0.82,20,-0.002958539528149207
0.82,21,0.00405492353981766
0.82,22,-0.0028500295230232398
0.82,23,0.00019794882019586038
0.82,24,-0.003664459014850047
0.82,25,0.0020739215576268794
0.82,26,0.001764352657791492
0.82,27,-0.0005554368635548882
0.82,28,0.0031814521838064084
0.82,29,-0.0033715314916807756
0.82,30,0.006001737329204433
0.82,31,-0.0047546062835977015
0.82,32,0.002254523012277368
0.82,33,-0.0016757693540147929
0.82,34,0.0013384529819293056
0.82,35,-6.811129351163527e-5
0.82,36,-0.003488179747784343
0.82,37,0.001192852106988265
0.82,38,8.379070467614878e-5
0.82,39,0.0012335026832348335
0.82,40,-0.0039043178918590857
0.82,41,0.002431392376031035
0.82,42,0.0012245507617917434
0.82,43,0.00037508184210579914
0.82,44,-0.005527792953890179
0.82,45,0.00416537645646177
0.82,46,-0.00014156764015982014
0.82,47,-0.0022966043386765606
0.82,48,0.0002172753726416915
0.82,49,0.0005882424942136243
0.82,50,0.00033911697563455365
0.82,51,-0.0032446117181521455
0.82,52,-0.002133959897520164
0.82,53,0.0010728345781980326
0.82,54,-0.00018926533339018995
0.82,55,0.0006899577217735021
0.82,56,-0.0017582211544441492
0.82,57,0.00221478698361721
0.82,58,-0.0022630366076346435
0.82,59,0.002278681194398711
0.82,60,-0.0027150197978419613
0.82,61,0.0019614105813894524
0.82,62,0.0015497118314686936
0.82,63,0.005530731717418999
0.82,64,-0.0044741329169711635
0.82,65,0.0028065085412297425
0.82,66,-0.0005162264567889529
0.82,67,0.004919192049276869
0.82,68,-0.0022112054635021723
0.82,69,0.0035918230905573065
0.82,70,-0.0014334764363756213
0.82,71,0.0026136603144266287
0.82,72,-0.002709512428766916
0.82,73,0.0016230849465484942
0.82,74,0.0008149750913490524
0.82,75,-0.0007745109591075587
0.82,76,0.003030303044334978
0.82,77,-0.0012885096717340004
0.82,78,-7.283582068232166e-5
0.82,79,-0.0016846721478566316
0.82,80,-0.0003098819887451897
0.82,81,0.001258390508914533
0.82,82,-0.0037604808767041547
0.82,83,-0.0037714077803154057
0.82,84,-0.0006456441684158258
0.82,85,0.004697562362336169
0.82,86,-0.001489007015797074
0.82,87,0.002543574827358492
0.82,88,-0.00655871471142708
0.82,89,0.002311053867313903
0.82,90,-0.0031866511006687017
0.82,91,-0.0038250773865995723
0.82,92,-0.005192893836466959
0.82,93,0.0029532179082190717
0.82,94,-0.00296228252164257
0.82,95,-0.0010717814440386621
0.82,96,0.002112865189925872
0.82,97,0.006405345317915922
0.82,98,0.007712439248251105
0.82,99,0.006109938229734474
0.82,100,0.004077005289926927
0.82,101,-0.0005509144829793996
0.82,102,0.0018588491222072418
0.82,103,0.00026321997730989884
0.82,104,0.004529896374961976
0.82,105,-0.002052917035375369
0.82,106,0.0015195144117354244
0.82,107,0.00038531245754442744
0.82,108,0.0021493948254796467
0.82,109,5.295610225508592e-6
0.82,110,-0.00349008924699484
0.82,111,0.0041303093275665385
0.82,112,-0.0048560887863027145
0.82,113,0.00021426221726891605
0.82,114,0.0004918421365036581
0.82,115,0.0013996104484914006
0.82,116,-0.0022447721059264043
0.82,117,0.0030774880518407463
0.82,118,-0.0029139842457417417
0.82,119,0.002253053362311625
0.82,120,-0.0027950257613751374
0.82,121,0.0023817032937433784
0.82,122,-0.0008730038593879847
0.82,123,-0.001154573009471781
0.82,124,0.0030295437183212987
0.82,125,-0.0018018499369233732
0.82,126,0.001400003329023258
0.82,127,-0.0003700642070204726
0.82,128,-0.0010326838198133112
0.82,129,0.0013211763368095914
0.82,130,0.004001153884048814
0.82,131,0.00021733899931197667
0.82,132,-0.0011280999350577656
0.82,133,-0.0011664933312517571
0.82,134,0.00026815019846682667
0.82,135,0.0006999194257663648
0.82,136,-0.00242221969958246
0.82,137,0.0009759403169000607
0.82,138,0.0007815876101591018
0.82,139,0.00020595506963355572
0.82,140,-0.0003161174562415884
0.82,141,0.0027107740653627673
0.82,142,0.0005251356522603911
0.82,143,0.00023200584808333053
0.82,144,-0.0011568458342064965
0.82,145,-0.0007516926615623315
0.82,146,0.0005610298264132448
0.82,147,-0.0007133968928545372
0.82,148,0.001736336506491012
0.82,149,0.00040326230758720423
0.82,150,-0.00017511599530816322
0.82,151,-0.0004730632374046705
0.82,152,-0.0007265378477558808
0.82,153,0.0007896161057529596
0.82,154,0.0005636197973013378
0.82,155,-9.905051867039939e-5
0.82,156,-0.0020082873599215393
0.82,157,-0.0009086639177480245
0.82,158,0.002317727570055253
0.82,159,0.00022256447449326032
0.82,160,0.001819113322029452
0.82,161,0.0018300296314108103
0.82,162,-0.0014201800612906967
0.82,163,-0.001815861818068072
0.82,164,0.00039854016705382316
0.82,165,-0.001515003954312451
0.82,166,-0.0010170528649292429
0.82,167,0.001266241044217723
0.82,168,0.0005153657193112135
0.82,169,0.0025398833205717087
0.82,170,0.0043868436832748174
0.82,171,0.001453438736122533
0.82,172,-0.0038717625852640724
0.82,173,-0.0012207404328629724
0.82,174,-0.00443106932115614
0.82,175,0.0008306910862921858
0.82,176,-0.0016899050905654152
0.82,177,0.009310875466955111
0.82,178,0.0043605568257875605
0.82,179,-0.0022557536256109455
0.82,180,0.0013453982022107634
0.82,181,-0.00636089743857888
0.82,182,0.0038088493498818223
0.82,183,-0.013554158125109364
0.82,184,-0.002414971456973754
0.82,185,0.03476437074981682
0.82,186,0.023696294114269403
0.82,187,0.007558345974702325
0.82,188,0.026913005236154957
0.82,189,-0.0010945302857508848
0.82,190,0.0004557373400395029
0.82,191,-0.03951881385744714
0.82,192,0.9630165001142608
0.82,193,0.02513468358196553
0.82,194,0.02308834460024817
0.82,195,9.063838116213612e-5
0.82,196,-0.0013458384093507322
0.82,197,-0.0003956966841701321
0.82,198,-0.00036785702416869187
0.83,intercept,0.005039313165476225
0.83,1,0.017194385679258174
0.83,2,0.0034433249260870475
0.83,3,-0.0009517077196570424
0.83,4,0.008162435304352714
0.83,5,-0.006345498355895786
0.83,6,-0.0017426678443798877
0.83,7,0.0012612723915468684
0.83,8,-0.0009810445406102952
0.83,9,0.0016759815053789548
0.83,10,0.002637278963122462
0.83,11,-0.004160566895965697
0.83,12,1.3527786537095843e-5
0.83,13,-0.003151051221745572
0.83,14,-0.00021505926511770242
0.83,15,0.0019863165374458614
0.83,16,-0.0008312143533521128
0.83,17,0.0005223139449189499
0.83,18,7.698166963010955e-5
0.83,19,-0.0007200062104214136
0.83,20,-0.0031115131881587874
0.83,21,0.004341855012150248
0.83,22,-0.003290529058326208
0.83,23,4.254304402246873e-5
0.83,24,-0.0042243333544395726
0.83,25,0.001976934053833498
0.83,26,0.0025593997251479295
0.83,27,-0.00013484810546645075
0.83,28,0.0031999373082920793
0.83,29,-0.0034105922530074015
0.83,30,0.006487749021678251
0.83,31,-0.004806822600129929
0.83,32,0.002052002429050927
0.83,33,-0.0014884207286798244
0.83,34,0.0006113110971817904
0.83,35,2.5251897484741306e-5
0.83,36,-0.003698573131762642
0.83,37,0.0009552621869523396
0.83,38,-2.2483169758287808e-5
0.83,39,0.0011664397463582862
0.83,40,-0.003555834338081495
0.83,41,0.0025470035387456626
0.83,42,0.0015354026104802013
0.83,43,0.0006454752145205264
0.83,44,-0.006046832639953163
0.83,45,0.004787501221223568
0.83,46,-0.00025091882792235295
0.83,47,-0.0019141386225187886
0.83,48,-0.0005791986510824238
0.83,49,0.001084894510222351
0.83,50,-0.00029857752663483574
0.83,51,-0.0027040381222140364
0.83,52,-0.002636192360495063
0.83,53,0.0016650273264298251
0.83,54,-0.0005078728313855338
0.83,55,0.0010115011300833457
0.83,56,-0.0020972754011970482
0.83,57,0.0012024673840118597
0.83,58,-0.001476377434653354
0.83,59,0.0017335297828091898
0.83,60,-0.002283679846838889
0.83,61,0.0018926496965539178
0.83,62,0.0013761891295567456
0.83,63,0.005174046789427302
0.83,64,-0.004373955948231314
0.83,65,0.00219706020811135
0.83,66,5.724593866694723e-5
0.83,67,0.004692188431419113
0.83,68,-0.0031408707076188394
0.83,69,0.0040418481663052645
0.83,70,-0.0018867087262273538
0.83,71,0.0024486660825937603
0.83,72,-0.0029181395950707385
0.83,73,0.0016652873750518605
0.83,74,-0.00010788829201025652
0.83,75,-0.001072355794390539
0.83,76,0.004823283411703893
0.83,77,-0.002132335889626438
0.83,78,-0.00032274315541632343
0.83,79,-0.0006926436545421642
0.83,80,-0.00032785247943022475
0.83,81,0.0009291939990618446
0.83,82,-0.0035642257093074278
0.83,83,-0.0035542669774136807
0.83,84,-0.0003278144491670417
0.83,85,0.003773893393337102
0.83,86,-0.0021974463721997415
0.83,87,0.0028744769041768137
0.83,88,-0.007313422007065048
0.83,89,0.0017747164963727994
0.83,90,-0.0022569636292107285
0.83,91,-0.004412666805714602
0.83,92,-0.006167325078183184
0.83,93,0.0022193205554201802
0.83,94,-0.0042564183611442825
0.83,95,-0.0006564507510128857
0.83,96,0.005450034042753744
0.83,97,0.007889713050568561
0.83,98,0.006697239012992698
0.83,99,0.0074495690682932405
0.83,100,0.005913770984196686
0.83,101,-0.0006935859790190068
0.83,102,0.0010513071469110168
0.83,103,0.0009414157428164179
0.83,104,0.004308337460138391
0.83,105,-0.0032949983627255084
0.83,106,0.003088516099311465
0.83,107,-0.00041149435289184827
0.83,108,0.002666189931384382
0.83,109,-0.0011353919827139626
0.83,110,-0.0030698838490727854
0.83,111,0.004647584407683335
0.83,112,-0.005076352239241638
0.83,113,-0.00013295906217010488
0.83,114,-8.64133000081887e-5
0.83,115,0.00154030125782557
0.83,116,-0.002911350933631882
0.83,117,0.0041756457912086155
0.83,118,-0.0036438821444323834
0.83,119,0.002994919215101168
0.83,120,-0.002556954694800238
0.83,121,0.0023611013495779217
0.83,122,-0.0014388888065469444
0.83,123,-0.0019824561297008716
0.83,124,0.004172694558477011
0.83,125,-0.0023843994157603746
0.83,126,0.0017841330939873336
0.83,127,-0.0013621499091788264
0.83,128,-2.4126675223776583e-5
0.83,129,0.001688754716334982
0.83,130,0.00328631862449519
0.83,131,0.00027374563555731195
0.83,132,-0.0008691044079047034
0.83,133,-0.0007761574963399971
0.83,134,-0.00021678718409772862
0.83,135,0.000989481684556488
0.83,136,-0.0028152981177860365
0.83,137,0.000536181612205907
0.83,138,0.0011715891565459453
0.83,139,7.986948852580778e-5
0.83,140,5.5164441133104684e-5
0.83,141,0.0014387632978384434
0.83,142,0.0007076128187989228
0.83,143,0.0005458746972921589
0.83,144,-0.001656955355303566
0.83,145,-0.00045855941841498396
0.83,146,0.0007189426313077681
0.83,147,-0.0008619980199740596
0.83,148,0.0015932342443809643
0.83,149,0.00025347261113583543
0.83,150,-0.00012578564401060602
0.83,151,0.00010704043204337217
0.83,152,-0.0021379045976392327
0.83,153,0.0009416423768344173
0.83,154,0.00016202828742173543
0.83,155,-0.0005084385293180442
0.83,156,-0.0019687211020606834
0.83,157,-0.0002708829457688256
0.83,158,0.001492519607901563
0.83,159,0.0015520471988372828
0.83,160,0.00020223364599267142
0.83,161,0.002633086471691527
0.83,162,-0.0008350543855479629
0.83,163,-0.002110755459640779
0.83,164,-0.00010019408854921867
0.83,165,-0.0005901490649541229
0.83,166,-0.0008118493141090279
0.83,167,0.000981857684397727
0.83,168,0.0005530182895510889
0.83,169,0.0031539841560099618
0.83,170,0.004173881143334957
0.83,171,0.001169440536438757
0.83,172,-0.0038371687806115252
0.83,173,-0.0019479745998563977
0.83,174,-0.0035519414478842803
0.83,175,6.767813152608719e-5
0.83,176,-0.0024149134940005816
0.83,177,0.007382541931809926
0.83,178,0.006762701300024335
0.83,179,-0.0027893428949418704
0.83,180,0.001990715506217633
0.83,181,-0.007086698085938255
0.83,182,0.0031019529476857166
0.83,183,-0.011934582987213109
0.83,184,-0.004380453749142894
0.83,185,0.03948032054556552
0.83,186,0.029198052963122896
0.83,187,0.009200549003524582
0.83,188,0.032236841475530825
0.83,189,-0.0018010398069493265
0.83,190,0.0012315389209567513
0.83,191,-0.04412019985830845
0.83,192,0.9810450687969463
0.83,193,0.029316642395062223
0.83,194,0.023070911523793317
0.83,195,0.00023343017321880878
0.83,196,-0.001435017479928707
0.83,197,-0.0004958000375131126
0.83,198,-0.0003026681060383629
0.84,intercept,0.004515226861738675
0.84,1,0.01851877115302668
0.84,2,0.0016085247697050478
0.84,3,0.0013114732315625405
0.84,4,0.007929699417524343
0.84,5,-0.005360046919395067
0.84,6,-0.002646806121149292
0.84,7,0.00010186979702305741
0.84,8,0.0008229573998404591
0.84,9,0.0011653275865565788
0.84,10,0.002751722826322067
0.84,11,-0.0036144796501023915
0.84,12,-0.00011861807770137412
0.84,13,-0.003049711242620119
0.84,14,6.004912838013118e-5
0.84,15,0.0020593699693312395
0.84,16,-0.0016091838229428236
0.84,17,0.001270953682757495
0.84,18,0.0006801491263520568
0.84,19,-0.0018527495474425515
0.84,20,-0.003069062211931645
0.84,21,0.004185009765925586
0.84,22,-0.004129778897199341
0.84,23,0.0009670221622880309
0.84,24,-0.004851543427074284
0.84,25,0.001985893149544585
0.84,26,0.0017809020040997893
0.84,27,0.0005706327415002986
0.84,28,0.003372614685774135
0.84,29,-0.00359737505247463
0.84,30,0.006584190967246415
0.84,31,-0.004939444671694999
0.84,32,0.002056183435708159
0.84,33,-0.0012183120992587922
0.84,34,0.0007963360150696481
0.84,35,0.0002376201832984473
0.84,36,-0.0032628099679483085
0.84,37,0.0003934627812717772
0.84,38,0.00019536324112986038
0.84,39,0.00024065930250316474
0.84,40,-0.003404699840234817
0.84,41,0.002272394282035694
0.84,42,0.0015229862853125573
0.84,43,-0.0002293371631107388
0.84,44,-0.005370984845836417
0.84,45,0.004648100910897897
0.84,46,-0.00020703431417025238
0.84,47,-0.0013457954648148976
0.84,48,-0.0007469507778903016
0.84,49,0.0005103232285851725
0.84,50,-0.0002944673902747199
0.84,51,-0.002618776660947277
0.84,52,-0.0030527708619887957
0.84,53,0.0016756651641653306
0.84,54,-0.0013099784239247172
0.84,55,0.0012713309793138676
0.84,56,-0.0020942751809838772
0.84,57,0.0018854704414187858
0.84,58,-0.0018345311379451348
0.84,59,0.001921865112025682
0.84,60,-0.002494006390276493
0.84,61,0.0025663997070497968
0.84,62,0.0008750021757060816
0.84,63,0.005314542219122295
0.84,64,-0.0034867513317797592
0.84,65,0.002324161610228104
0.84,66,-7.93257632745292e-5
0.84,67,0.004441195747150443
0.84,68,-0.003593181532497252
0.84,69,0.00456452807789827
0.84,70,-0.0015876688982857574
0.84,71,0.0014064717715396588
0.84,72,-0.002302784702518305
0.84,73,0.0008062697833358678
0.84,74,0.00013095458799746042
0.84,75,0.00039349749816633016
0.84,76,0.004809075388894382
0.84,77,-0.002535805114728205
0.84,78,-0.00024288438678507601
0.84,79,0.0005011977848912888
0.84,80,-0.002123061687172265
0.84,81,0.001170720702485799
0.84,82,-0.003552871801330935
0.84,83,-0.003964971666259091
0.84,84,0.0003788041315594848
0.84,85,0.002713762653098456
0.84,86,-0.0021666493292888493
0.84,87,0.0021956668877818417
0.84,88,-0.008102057580567461
0.84,89,0.0029445459989080967
0.84,90,-0.0025504516018607384
0.84,91,-0.004592683315006668
0.84,92,-0.007045931438159611
0.84,93,0.003052234687365921
0.84,94,-0.005666323509824362
0.84,95,-0.00011313552153518278
0.84,96,0.006217972297233822
0.84,97,0.008412409014507521
0.84,98,0.007370294479446032
0.84,99,0.010099454325719364
0.84,100,0.005454652641134293
0.84,101,-0.0018071094780281807
0.84,102,0.0013098893851862085
0.84,103,0.00012255827847618473
0.84,104,0.005094951325308657
0.84,105,-0.0030371790929064487
0.84,106,0.0028744733692079418
0.84,107,-0.000811309761387865
0.84,108,0.0020921414941055694
0.84,109,-0.0012005006624961918
0.84,110,-0.0035836859373451443
0.84,111,0.005685845373051676
0.84,112,-0.005265324144399926
0.84,113,-0.00042543542117058376
0.84,114,0.0002671847748439411
0.84,115,0.0006008786298388157
0.84,116,-0.0026192577191108944
0.84,117,0.00414247658573585
0.84,118,-0.0039873564672339955
0.84,119,0.003292134798027329
0.84,120,-0.002273034741138967
0.84,121,0.0010252684131772502
0.84,122,-0.0005973624416488021
0.84,123,-0.0013468223570086725
0.84,124,0.0023732427311291505
0.84,125,-0.001852111665685163
0.84,126,0.0023687820824533678
0.84,127,-0.0016467225183410487
0.84,128,0.0005054398999620714
0.84,129,0.0019613859395401795
0.84,130,0.003172474236904882
0.84,131,0.0003220720587172716
0.84,132,-0.000626958812844018
0.84,133,-0.0007089608224267302
0.84,134,-0.0004491535722030776
0.84,135,0.0013731709050728105
0.84,136,-0.0028112593741321436
0.84,137,-0.00022014434415882034
0.84,138,0.0009453485664897503
0.84,139,0.00020502795158937087
0.84,140,0.0002848707329031517
0.84,141,0.0007071472629369813
0.84,142,0.0010832877914763066
0.84,143,0.001066785726746795
0.84,144,-0.0020589229173324304
0.84,145,-0.0009362290976008407
0.84,146,0.001349693924319901
0.84,147,-0.0014307617352830237
0.84,148,0.0018540102520527499
0.84,149,0.0001023688054932859
0.84,150,-0.00035364777499630895
0.84,151,9.911168724818294e-5
0.84,152,-0.0016224750354726484
0.84,153,0.00034792612807767897
0.84,154,0.0004470991179328256
0.84,155,-3.5514922568188516e-5
0.84,156,-0.0017911150947176845
0.84,157,-0.0012230979329288046
0.84,158,0.0026724579500660766
0.84,159,0.0026869315824936536
0.84,160,-0.0008703392815568456
0.84,161,0.003042826798786312
0.84,162,-0.001075721607241178
0.84,163,-0.003013314877166459
0.84,164,0.0004599583062132657
0.84,165,-0.0011416243114179205
0.84,166,-0.0013476395525395322
0.84,167,0.0020830121019479943
0.84,168,0.0012887964548949392
0.84,169,0.003409620367762896
0.84,170,0.003064422392511207
0.84,171,0.0018114597023903038
0.84,172,-0.004215358703498486
0.84,173,-0.002628416770792153
0.84,174,-0.002797549507563337
0.84,175,0.000559612645112212
0.84,176,-0.0027388295710194604
0.84,177,0.006486836737011099
0.84,178,0.007962600672992934
0.84,179,-0.0029589918024920383
0.84,180,0.0034134804318681385
0.84,181,-0.008492331169332614
0.84,182,0.004094078970968227
0.84,183,-0.013230504139398467
0.84,184,-0.005148936273004961
0.84,185,0.042614957859149656
0.84,186,0.02962526999189807
0.84,187,0.006311691542688496
0.84,188,0.044899598808714816
0.84,189,-0.0017859647910770584
0.84,190,-0.0011204697331406422
0.84,191,-0.0449348877463763
0.84,192,0.9937857602321453
0.84,193,0.03545211996205135
0.84,194,0.02604332819986425
0.84,195,0.0004118764629142535
0.84,196,-0.0016164428402955899
0.84,197,-0.0006209610753319939
0.84,198,-0.000394816341903745
0.85,intercept,0.0037458384848500547
0.85,1,0.022479072095740998
0.85,2,0.001977868398255095
0.85,3,-0.00017848555330311327
0.85,4,0.010133478144239455
0.85,5,-0.00709920310874081
0.85,6,-0.0023979861150449765
0.85,7,0.0017056156505627052
0.85,8,-0.000290117567228671
0.85,9,-0.00030206607268022797
0.85,10,0.004016660057143573
0.85,11,-0.0034765426858971507
0.85,12,0.0005953502089372066
0.85,13,-0.0034471857546797004
0.85,14,0.0004145766718597461
0.85,15,0.002213085915587901
0.85,16,-0.0014997892627656739
0.85,17,0.00033119187005495527
0.85,18,0.0002122667228995474
0.85,19,-0.0016575418974113672
0.85,20,-0.003042825743613562
0.85,21,0.0038924933606931493
0.85,22,-0.003979011733097889
0.85,23,0.0010045601892702731
0.85,24,-0.005163361703802373
0.85,25,0.0017896785985935255
0.85,26,0.0017618114420882014
0.85,27,0.0005167029630872525
0.85,28,0.004182471444321355
0.85,29,-0.004479861599637424
0.85,30,0.0076129008978159576
0.85,31,-0.004625535749463894
0.85,32,0.001501049142556606
0.85,33,-0.0002804111053899699
0.85,34,0.0012504636828278655
0.85,35,-0.00014861787952454177
0.85,36,-0.002579709567411198
0.85,37,0.00025174363033234466
0.85,38,-0.0006959295344693274
0.85,39,0.00087574168156699
0.85,40,-0.0041279267229325295
0.85,41,0.0023778055846418907
0.85,42,0.0017086813114438638
0.85,43,0.0003111981502308757
0.85,44,-0.005361506170704405
0.85,45,0.003940379280976106
0.85,46,0.00021830649216577353
0.85,47,-0.0017322038920209628
0.85,48,-0.0012788958773647882
0.85,49,0.0010878971099044965
0.85,50,0.00020960448398151004
0.85,51,-0.003392463116982019
0.85,52,-0.0027211428302257555
0.85,53,0.0013830403951415238
0.85,54,-0.0012881060236957596
0.85,55,0.001305137735553796
0.85,56,-0.0022292194189113272
0.85,57,0.0016110477598734485
0.85,58,-0.0020870556336695027
0.85,59,0.0015242549261758182
0.85,60,-0.0022682796042625894
0.85,61,0.0023628777878287838
0.85,62,0.00014552869823126574
0.85,63,0.005484776688556377
0.85,64,-0.0034963649758194865
0.85,65,0.0026627471131110175
0.85,66,-0.0011868062892191875
0.85,67,0.005944379753967286
0.85,68,-0.00393498532554463
0.85,69,0.00477032624202271
0.85,70,-0.0006233732063420292
0.85,71,0.0010551276884731699
0.85,72,-0.003213214958680751
0.85,73,0.0016320766355870792
0.85,74,0.00047747756113756157
0.85,75,0.0003144761394055762
0.85,76,0.005812980748629005
0.85,77,-0.002216185879422713
0.85,78,-0.0010196764306631262
0.85,79,0.0012423112675147027
0.85,80,-0.0020752055939205296
0.85,81,-6.172151562907702e-5
0.85,82,-0.0033196886713779917
0.85,83,-0.0049560818092878
0.85,84,0.0014132020248867267
0.85,85,0.0021454410854134845
0.85,86,-0.0021646490936418437
0.85,87,0.001876112863174812
0.85,88,-0.008473267674216111
0.85,89,0.0029995601410501946
0.85,90,-0.0017929128149403535
0.85,91,-0.004920840634773065
0.85,92,-0.008212570539198102
0.85,93,0.0027547995640191452
0.85,94,-0.004461205970564651
0.85,95,-0.0008494827944396493
0.85,96,0.008210013799750752
0.85,97,0.010356303855158535
0.85,98,0.006535166690996656
0.85,99,0.011389983487721866
0.85,100,0.005258060342510764
0.85,101,0.0014123075013067774
0.85,102,0.001534095706345776
0.85,103,0.0001650072907581886
0.85,104,0.003764500201454385
0.85,105,-0.0034232134281729732
0.85,106,0.002075271928391376
0.85,107,2.1317062367462322e-5
0.85,108,0.0009851764908949357
0.85,109,0.0002946459868194299
0.85,110,-0.004128221446005649
0.85,111,0.005729365576265793
0.85,112,-0.005499658355621142
0.85,113,-0.00024259809359508642
0.85,114,0.0009147956750238775
0.85,115,0.0008120980572056148
0.85,116,-0.002601799633620264
0.85,117,0.00399682776414523
0.85,118,-0.003705321991445583
0.85,119,0.0028841324639335975
0.85,120,-0.0022858647379344873
0.85,121,0.0004491068211039437
0.85,122,-0.000758035623765772
0.85,123,-0.0012593143809966894
0.85,124,0.0024040763427727405
0.85,125,-0.002719961008224979
0.85,126,0.0026545631597091903
0.85,127,-0.002375056294925695
0.85,128,0.0006897351110196119
0.85,129,0.002347654816093838
0.85,130,0.002966701416359215
0.85,131,0.0012439526388251228
0.85,132,-0.0013364887039903968
0.85,133,-0.001062393317759096
0.85,134,-0.0003891205586591813
0.85,135,0.0016958718807161
0.85,136,-0.0032047703891612254
0.85,137,-0.00019338872794910704
0.85,138,0.0019373272483287163
0.85,139,-0.0001952904874583401
0.85,140,0.00073473425575183
0.85,141,0.00036801194706235157
0.85,142,0.0014016381988920725
0.85,143,0.0003508572278761094
0.85,144,-0.001783374186986338
0.85,145,-0.0010749659820041815
0.85,146,0.0016759690225219763
0.85,147,-0.001373405750205829
0.85,148,0.0019644006680434195
0.85,149,-0.00017541823465196428
0.85,150,-0.0009039914091628856
0.85,151,0.0009115973459277578
0.85,152,-0.0017249687243050106
0.85,153,7.274822284919972e-5
0.85,154,0.001182694992849545
0.85,155,-0.0005185553025057808
0.85,156,-0.0019577837821021685
0.85,157,-0.0014601466862357478
0.85,158,0.003660120220923976
0.85,159,0.002913900519770596
0.85,160,8.933769754124139e-5
0.85,161,0.0027352359036639288
0.85,162,-0.001905644940291755
0.85,163,-0.0032772565464149156
0.85,164,0.0010541248316168997
0.85,165,-0.0010595958811560364
0.85,166,-0.0021349932421679376
0.85,167,0.0015906365381858623
0.85,168,0.002139612285553232
0.85,169,0.004004941378527662
0.85,170,0.0031355858759689334
0.85,171,0.0012031064878282429
0.85,172,-0.005335987525723141
0.85,173,-0.0016489154647586178
0.85,174,-0.0025060327142160214
0.85,175,0.00023114997546718486
0.85,176,-0.0035349339719260133
0.85,177,0.006598245948865224
0.85,178,0.0072793959860051405
0.85,179,-0.0032440492551210863
0.85,180,0.0027738465592283003
0.85,181,-0.007635334195262574
0.85,182,0.003555303823566098
0.85,183,-0.015076203410553931
0.85,184,-0.00413436290473261
0.85,185,0.044432320342218355
0.85,186,0.029003936569530483
0.85,187,0.0065314101278484684
0.85,188,0.059864691220331515
0.85,189,-0.003219992997452065
0.85,190,-0.0016135583048824428
0.85,191,-0.04736681525489536
0.85,192,1.0073653940559422
0.85,193,0.03891968030536769
0.85,194,0.030110402742119267
0.85,195,0.00048251689879788475
0.85,196,-0.001787585545746406
0.85,197,-0.0007497147079918739
0.85,198,-0.0004015726892576243
0.86,intercept,0.0026670888734394355
0.86,1,0.027079619226996244
0.86,2,0.003563781543749972
0.86,3,0.0005236655301817345
0.86,4,0.009664535001249844
0.86,5,-0.008341969130627234
0.86,6,-0.002013927751612291
0.86,7,0.0015273611862285847
0.86,8,-0.0012657160184635294
0.86,9,0.000919144893855308
0.86,10,0.0021062555453350475
0.86,11,-0.0034266671516558346
0.86,12,0.0014155697116266272
0.86,13,-0.004439728449246197
0.86,14,0.000846201286163311
0.86,15,0.0022054747455077565
0.86,16,-0.001771786075140921
0.86,17,0.0009822698474358104
0.86,18,0.00010002587587271948
0.86,19,-0.002567072590776437
0.86,20,-0.002665105664292358
0.86,21,0.004658563559375539
0.86,22,-0.0042405899293092705
0.86,23,0.000597595566572613
0.86,24,-0.004496172275930404
0.86,25,0.0010204865044906328
0.86,26,0.0016705095547235554
0.86,27,0.0008179541917065395
0.86,28,0.003926740522885807
0.86,29,-0.005183851637458739
0.86,30,0.008769665475614977
0.86,31,-0.004880035373303952
0.86,32,0.001887879349954157
0.86,33,-0.0014385720714576399
0.86,34,0.0019063521686516235
0.86,35,-0.00046853508278102337
0.86,36,-0.0020591778636205793
0.86,37,2.9915807675443505e-5
0.86,38,-0.0013397219902490053
0.86,39,0.0012226682515653112
0.86,40,-0.0039059564335830787
0.86,41,0.0019265908518753508
0.86,42,0.0017602440403871374
0.86,43,0.0004526285211981512
0.86,44,-0.005202439441688819
0.86,45,0.0033752062002377612
0.86,46,-5.93559831406239e-5
0.86,47,-0.0015419647564482932
0.86,48,-0.001369795368590338
0.86,49,0.0008330992314656197
0.86,50,0.0008891723131058423
0.86,51,-0.0037144626691998114
0.86,52,-0.0034229869852925587
0.86,53,0.0012503271659145207
0.86,54,-0.0014038452275389574
0.86,55,0.0003215713147024653
0.86,56,-0.0016264081221890171
0.86,57,0.001691550031871285
0.86,58,-0.0021753090416471578
0.86,59,0.0015342222810622351
0.86,60,-0.0031135276261484712
0.86,61,0.004119894466906619
0.86,62,-0.00038269540093448804
0.86,63,0.004473477045670209
0.86,64,-0.003350262654526648
0.86,65,0.003628966081282832
0.86,66,-0.0029787766308089336
0.86,67,0.007943204153171539
0.86,68,-0.004197250194134739
0.86,69,0.0040637544374093155
0.86,70,-0.0011789658215775056
0.86,71,0.0014521068721375851
0.86,72,-0.0022320063946220294
0.86,73,0.0012183543673748908
0.86,74,0.0009976642013227025
0.86,75,0.0007562268635834324
0.86,76,0.00633552787183731
0.86,77,-0.0028385784552151204
0.86,78,-0.001402148679429376
0.86,79,0.0018130399082363089
0.86,80,-0.002615596893754243
0.86,81,0.00021355598548216604
0.86,82,-0.003662834047963402
0.86,83,-0.005730839503170309
0.86,84,0.0016462764614232682
0.86,85,0.0016980201341179899
0.86,86,-0.0030892680604252994
0.86,87,0.0014216721447304276
0.86,88,-0.008038071794911238
0.86,89,0.0035774941884725384
0.86,90,-0.0016507227653178205
0.86,91,-0.0075560198557911625
0.86,92,-0.006483863945003558
0.86,93,0.0035518966602248554
0.86,94,-0.006186280385792459
0.86,95,-0.00013567595721308105
0.86,96,0.009370717459229547
0.86,97,0.010882715259678651
0.86,98,0.013592819859509981
0.86,99,0.012736505011232253
0.86,100,0.00561455352257752
0.86,101,0.001914081333491948
0.86,102,-0.00011178323789648917
0.86,103,0.0005868578121541177
0.86,104,0.0037427473701487444
0.86,105,-0.0038955708579175028
0.86,106,0.0013224573317512148
0.86,107,0.000483111769007482
0.86,108,0.00026507729316119043
0.86,109,0.0004791832569545757
0.86,110,-0.004219633066561713
0.86,111,0.005111565730572016
0.86,112,-0.0049367449542296535
0.86,113,-0.00096400286285556
0.86,114,0.00037825363547119807
0.86,115,0.0016395777195890064
0.86,116,-0.0026164536503957606
0.86,117,0.0041665216994409135
0.86,118,-0.004541811648707587
0.86,119,0.00435640312072176
0.86,120,-0.002425828000566555
0.86,121,0.0001539830569486802
0.86,122,-0.00017303959599310396
0.86,123,-0.0017079487635421075
0.86,124,0.002427512220574253
0.86,125,-0.0031751803174168373
0.86,126,0.003048266157156589
0.86,127,-0.002644591467628912
0.86,128,0.0005635701662784538
0.86,129,0.0022267656625894533
0.86,130,0.0036437068350366054
0.86,131,0.0016240939043728185
0.86,132,-0.0022527030991674117
0.86,133,-0.0005184328495638224
0.86,134,-0.00034747041315384046
0.86,135,0.0009156760079966356
0.86,136,-0.002554109182389749
0.86,137,-0.0003158235670162407
0.86,138,0.001137608006406239
0.86,139,0.0007824242718030903
0.86,140,0.0004027061012119986
0.86,141,-0.0003703659651800739
0.86,142,0.0020715137903119904
0.86,143,-0.00043447893829394446
0.86,144,-0.0017209512702992106
0.86,145,-0.0011410256803892772
0.86,146,0.001706448166855977
0.86,147,-0.0018462844314980694
0.86,148,0.001928420245255939
0.86,149,-0.0007569050496707891
0.86,150,-0.000901666917590547
0.86,151,0.0005370947295592109
0.86,152,-0.002025271423676834
0.86,153,-0.00023665952301853325
0.86,154,0.0002725147390804016
0.86,155,-0.0005241849341981196
0.86,156,-0.0012104007066117359
0.86,157,-0.0017406900465356662
0.86,158,0.0037955767730774147
0.86,159,0.002929605632504177
0.86,160,-5.34725170916789e-5
0.86,161,0.002805053872549443
0.86,162,-0.002304560161565613
0.86,163,-0.001912732852293743
0.86,164,0.0013975620603487511
0.86,165,-0.0012465960603638719
0.86,166,-0.0018023120180223687
0.86,167,0.0015599247334690848
0.86,168,0.0031198164456948774
0.86,169,0.003326834166584935
0.86,170,0.0033370634682229764
0.86,171,-2.6500286127550175e-5
0.86,172,-0.003213203522259605
0.86,173,-0.0030956558367558223
0.86,174,-0.0008717260381340389
0.86,175,-0.0011377309630193743
0.86,176,-0.004640100898476286
0.86,177,0.005867251158774865
0.86,178,0.00975313216677111
0.86,179,-0.005360784657185317
0.86,180,0.0033528227010778734
0.86,181,-0.008587460688173155
0.86,182,0.003653054270548819
0.86,183,-0.01652593432992993
0.86,184,-0.004649238375813919
0.86,185,0.041139025622037806
0.86,186,0.03215498646607444
0.86,187,0.0031675603571119557
0.86,188,0.08271925493885039
0.86,189,-0.00554695088461752
0.86,190,-0.005856732038643573
0.86,191,-0.048393334855834746
0.86,192,1.0330573087159136
0.86,193,0.04498188877874746
0.86,194,0.04196789027300606
0.86,195,0.0007344135937947219
0.86,196,-0.0020267339123580764
0.86,197,-0.0009506576798950075
0.86,198,-0.0004365216984918191
0.87,intercept,0.0016145839470592368
0.87,1,0.03208837817227514
0.87,2,0.004310961740787775
0.87,3,-0.0012093472928775095
0.87,4,0.010876638883182944
0.87,5,-0.00938278790538153
0.87,6,-0.0028101620579582564
0.87,7,0.0005397570077563249
0.87,8,-0.0006530428211677283
0.87,9,0.0017158120411990482
0.87,10,0.001103042880729524
0.87,11,-0.0038412126398771123
0.87,12,-0.00018221764313883964
0.87,13,-0.003853438495267591
0.87,14,0.00015235765014280856
0.87,15,0.00346386605766379
0.87,16,-0.003067363065846958
0.87,17,0.002467883432613998
0.87,18,0.0006757692783376225
0.87,19,-0.0033757537689081715
0.87,20,-0.003852184065393099
0.87,21,0.006541229530945095
0.87,22,-0.0032090264220726904
0.87,23,0.00023558784943469407
0.87,24,-0.005490928387379816
0.87,25,0.0014234458661100758
0.87,26,0.00067071791131204
0.87,27,0.0011032568791907143
0.87,28,0.005311423962058278
0.87,29,-0.005333477268995814
0.87,30,0.00835589135681769
0.87,31,-0.005110048527212343
0.87,32,0.0015389679956355304
0.87,33,-0.0015944921841866573
0.87,34,0.0013892000945675983
0.87,35,0.0001659346832161429
0.87,36,-0.00180890398865356
0.87,37,-0.0008071558898947997
0.87,38,-0.0010739438517031548
0.87,39,0.0016053580003414568
0.87,40,-0.0045051732157617465
0.87,41,0.00252315951671342
0.87,42,0.0018699438671638874
0.87,43,0.0004715208161994481
0.87,44,-0.005867430148223215
0.87,45,0.003459325424318805
0.87,46,0.0006697915978856962
0.87,47,-0.00323002743117874
0.87,48,-0.0010307254052877757
0.87,49,0.0009585185586672511
0.87,50,0.0005243924470090994
0.87,51,-0.0029992700434565093
0.87,52,-0.004291015368085857
0.87,53,0.0011493132828949008
0.87,54,-0.0013577149291835431
0.87,55,0.0012517894607125201
0.87,56,-0.0021323590372714345
0.87,57,0.0011953298343687735
0.87,58,-0.0026256291483580667
0.87,59,0.0018571354722264814
0.87,60,-0.003245116786760621
0.87,61,0.0039836913303364935
0.87,62,-0.00022964887960245218
0.87,63,0.004554540677604384
0.87,64,-0.004132175752302641
0.87,65,0.00420424613722594
0.87,66,-0.00245081270181447
0.87,67,0.007708679137322415
0.87,68,-0.0046128655719009605
0.87,69,0.004425668762951006
0.87,70,-0.001286959745277616
0.87,71,0.0020637116786997598
0.87,72,-0.0028066489518533163
0.87,73,0.0008205606857774315
0.87,74,0.0008098479983982335
0.87,75,0.0010541366070575516
0.87,76,0.006446067806603775
0.87,77,-0.003256417730177833
0.87,78,-0.0017670039735296057
0.87,79,0.001498969755578601
0.87,80,-0.0017997104945688613
0.87,81,-0.0013195909498159102
0.87,82,-0.003229160092187922
0.87,83,-0.005058810639552246
0.87,84,3.858367332730305e-5
0.87,85,0.002777221898526443
0.87,86,-0.002757495783600674
0.87,87,0.0004867929913226882
0.87,88,-0.009277898057494995
0.87,89,0.004858997976174228
0.87,90,0.0011135789225432278
0.87,91,-0.011183078609549823
0.87,92,-0.0059873163034404485
0.87,93,0.0036540335787885055
0.87,94,-0.007089839943093123
0.87,95,-0.0029766857382677327
0.87,96,0.015036168580326198
0.87,97,0.014919870233992041
0.87,98,0.01575792219193346
0.87,99,0.01625692579911428
0.87,100,0.008010463283690922
0.87,101,-0.00020394951053930347
0.87,102,0.0013736055741709844
0.87,103,0.00048496719412276175
0.87,104,0.00306564177787029
0.87,105,-0.0032040616058338885
0.87,106,0.00034377997110854986
0.87,107,0.00016870301375088934
0.87,108,0.0006820357822504446
0.87,109,-0.00017856889931541846
0.87,110,-0.004736455268026278
0.87,111,0.005508695578800417
0.87,112,-0.006188614640192587
0.87,113,-0.0014912441018375968
0.87,114,0.00013254948783356693
0.87,115,0.001019667626476526
0.87,116,-0.0029866067007764644
0.87,117,0.005383798820886889
0.87,118,-0.005065384739795119
0.87,119,0.00369018020447826
0.87,120,-0.001435138353387976
0.87,121,-5.938292879622384e-5
0.87,122,0.0007084120268465503
0.87,123,-0.002247281463623356
0.87,124,0.003165853831071712
0.87,125,-0.003503191759202631
0.87,126,0.0033150157088056706
0.87,127,-0.002399374517707295
0.87,128,5.735027561700431e-5
0.87,129,0.0033582581904062726
0.87,130,0.003569576280823327
0.87,131,0.0007941183793063297
0.87,132,-0.001431903437532546
0.87,133,0.0002981725808642627
0.87,134,-0.0012849451783260302
0.87,135,0.0008685472189162165
0.87,136,-0.0016848113139980112
0.87,137,-0.0012432141234898044
0.87,138,0.000981361421815461
0.87,139,0.00048786964465779144
0.87,140,0.0002866416243272853
0.87,141,-0.0002945612665246792
0.87,142,0.0022383161611530126
0.87,143,-0.0007001553842041904
0.87,144,-0.0016852960311043174
0.87,145,-0.001717307951126142
0.87,146,0.002039060809813327
0.87,147,-0.002716709408881221
0.87,148,0.002749101906010901
0.87,149,-0.00024856275456050546
0.87,150,-0.0011550153615880927
0.87,151,0.0005728030900273598
0.87,152,-0.0021023640461721987
0.87,153,-0.0010526207907824885
0.87,154,-0.0008718993965494312
0.87,155,-0.0005735595256826795
0.87,156,-0.00041530566274229267
0.87,157,-0.0023256727666619123
0.87,158,0.00378862640328282
0.87,159,0.0034848816336468954
0.87,160,-0.00025737703600717287
0.87,161,0.0035502159626023687
0.87,162,-0.002898222785819332
0.87,163,-0.0018905495613078026
0.87,164,0.002580959176378605
0.87,165,-0.0019151972625779078
0.87,166,-0.0004304757782985611
0.87,167,0.001946346405102306
0.87,168,0.0020459031855324236
0.87,169,0.004457610458866523
0.87,170,0.0035106969062915576
0.87,171,-0.0003688750314568475
0.87,172,-0.003590816141671149
0.87,173,-0.004134802307424879
0.87,174,0.0014316684806105278
0.87,175,-0.0030665918783067455
0.87,176,-0.003972882230207462
0.87,177,0.006188557563469873
0.87,178,0.008970772096183898
0.87,179,-0.004583743255329461
0.87,180,0.0037144115126594756
0.87,181,-0.00795665245782481
0.87,182,0.0018746735797660256
0.87,183,-0.016481259111172254
0.87,184,-0.006142882788873423
0.87,185,0.03912218640146297
0.87,186,0.03772383753085127
0.87,187,-0.00047022975379745367
0.87,188,0.09903805582555907
0.87,189,-0.00868673868956924
0.87,190,-0.00603939175366645
0.87,191,-0.05504143408365088
0.87,192,1.0594265427934582
0.87,193,0.0544752482076442
0.87,194,0.05128413941753235
0.87,195,0.0009482381560251812
0.87,196,-0.00235516295911934
0.87,197,-0.0011355487019430394
0.87,198,-0.0003821439782996293
0.88,intercept,0.00013492444237279036
0.88,1,0.03852691969798895
0.88,2,0.007909160098372357
0.88,3,-0.006384440146362183
0.88,4,0.014747979363307483
0.88,5,-0.009875034639048177
0.88,6,-0.0032160367305566102
0.88,7,0.0007676615903548706
0.88,8,-0.0028294485007040147
0.88,9,0.0025659108730473066
0.88,10,0.0009287710103769552
0.88,11,-0.0026152950816401817
0.88,12,-0.00023153436339563534
0.88,13,-0.004406580543838436
0.88,14,-0.0014884695740777856
0.88,15,0.0037036771119661745
0.88,16,-0.004699090297769784
0.88,17,0.0007716062891455793
0.88,18,0.00018787493720421678
0.88,19,-0.004571681873044723
0.88,20,-0.0038238923168214998
0.88,21,0.005492854168431116
0.88,22,-0.000757387613381077
0.88,23,-0.00032641410953166794
0.88,24,-0.0055147801299053134
0.88,25,0.0008626487405335186
0.88,26,0.002958432921469044
0.88,27,0.0012932959388157845
0.88,28,0.0040109598888600564
0.88,29,-0.004805252864075823
0.88,30,0.008993251436771056
0.88,31,-0.006782097910233618
0.88,32,0.002407134600174351
0.88,33,-0.002059373696076044
0.88,34,0.0014494290969014718
0.88,35,-0.00028946861374299233
0.88,36,-6.500378225134282e-5
0.88,37,-0.0016561843733937892
0.88,38,0.00027384630929595095
0.88,39,0.0012853334517953492
0.88,40,-0.004613075615140938
0.88,41,0.004432848824001695
0.88,42,0.002012910730081884
0.88,43,-5.2878686166305786e-5
0.88,44,-0.007133392703876169
0.88,45,0.00362185231853852
0.88,46,0.0010990411078247995
0.88,47,-0.003933566749059809
0.88,48,-0.0004173692411485666
0.88,49,0.0010361550292139247
0.88,50,0.0011217479838943002
0.88,51,-0.003669768035569205
0.88,52,-0.004595023644017827
0.88,53,0.0016928398053950944
0.88,54,-0.0005940558088227095
0.88,55,0.0007327310955412081
0.88,56,-0.003278975146575277
0.88,57,0.001704933557659822
0.88,58,-0.002813247465115977
0.88,59,0.001226961632493016
0.88,60,-0.0027245677661588137
0.88,61,0.004136839462171564
0.88,62,-0.0019431127561862485
0.88,63,0.005813638714433295
0.88,64,-0.005687937201647428
0.88,65,0.00640697799498407
0.88,66,-0.002761935377177187
0.88,67,0.008283474531333823
0.88,68,-0.005030301576489332
0.88,69,0.005385714854997548
0.88,70,-0.0015058268015390062
0.88,71,0.002170340659622826
0.88,72,-0.0042340055926065115
0.88,73,0.0024204086375707134
0.88,74,-0.0007354431946584095
0.88,75,-8.355826096537975e-5
0.88,76,0.0060426091531541135
0.88,77,-0.003113279287609327
0.88,78,-0.001390422703337805
0.88,79,0.0005898394933332324
0.88,80,-0.0025279301856195218
0.88,81,-0.0010889753562731324
0.88,82,-0.0041023009220972255
0.88,83,-0.002645295742689927
0.88,84,-0.0006047672188097267
0.88,85,0.0019001168138409897
0.88,86,-0.0023667584490216086
0.88,87,-0.0012065207400660373
0.88,88,-0.008876120687105558
0.88,89,0.005529352541030738
0.88,90,0.001401622496602955
0.88,91,-0.012869610188267691
0.88,92,-0.007921891062665715
0.88,93,0.005488540789340755
0.88,94,-0.008992697259670928
0.88,95,-0.002900717513622036
0.88,96,0.01814246117119018
0.88,97,0.01656522146067865
0.88,98,0.013475857451057775
0.88,99,0.016500161909144488
0.88,100,0.013832814862496174
0.88,101,-0.0017060167413423906
0.88,102,0.0014408902764634997
0.88,103,0.0014103715914202694
0.88,104,0.003358234120197204
0.88,105,-0.00237328572086353
0.88,106,-0.000901363916670934
0.88,107,0.0002988657025115658
0.88,108,0.0012770578886448728
0.88,109,-0.0010682224707547583
0.88,110,-0.006032394209220796
0.88,111,0.005925521820058909
0.88,112,-0.0046177079864612525
0.88,113,-0.0016629052649286922
0.88,114,-0.001006593079217652
0.88,115,0.0019168057376377416
0.88,116,-0.004176251492158955
0.88,117,0.007852520647391
0.88,118,-0.005230275204839623
0.88,119,0.0008785682159559299
0.88,120,-0.0002464653310084396
0.88,121,0.0014567289080139126
0.88,122,-0.0014103446736974917
0.88,123,-0.00426305313797945
0.88,124,0.006295076222123993
0.88,125,-0.003602890092816317
0.88,126,0.0028514487093395918
0.88,127,-0.004062403676412908
0.88,128,0.0015686963365762034
0.88,129,0.0043779794862763115
0.88,130,0.00284498467236906
0.88,131,0.0023948501569111746
0.88,132,-0.00258701500093651
0.88,133,-0.0005522746531773062
0.88,134,-0.0014169364473993417
0.88,135,0.002090172795799769
0.88,136,-0.001851328116368598
0.88,137,-0.0016165845375763804
0.88,138,0.002127038731068259
0.88,139,0.0017768646083173834
0.88,140,-0.0012433394406536223
0.88,141,-0.0008460219172111506
0.88,142,0.0036312702419640723
0.88,143,-0.0016752745323562598
0.88,144,-0.0015718305253695538
0.88,145,-0.0024684620772246813
0.88,146,0.002772346159045438
0.88,147,-0.003929815567209766
0.88,148,0.003116595937066712
0.88,149,-0.0010500136301254093
0.88,150,-0.0002548618570431465
0.88,151,-0.0002570025519852686
0.88,152,-0.0024725730530574374
0.88,153,-0.0004475019057450336
0.88,154,-0.0008346291382772086
0.88,155,2.5486573400877154e-5
0.88,156,-0.0008488084187236621
0.88,157,-0.002315772882994524
0.88,158,0.004396723497914861
0.88,159,0.0038673319406167784
0.88,160,-0.00025383848860649944
0.88,161,0.003262948602437827
0.88,162,-0.0036890656078225107
0.88,163,-0.001242337431628889
0.88,164,0.0014579983150274224
0.88,165,6.93131308576842e-5
0.88,166,-0.0006197756795232257
0.88,167,0.001998524139230253
0.88,168,0.0018317678215751464
0.88,169,0.006174199436395034
0.88,170,0.0033772050051837014
0.88,171,-0.000711380881858634
0.88,172,-0.003618909516045972
0.88,173,-0.004737905537264638
0.88,174,0.0011701644778925623
0.88,175,-0.003020663142923508
0.88,176,-0.004033887717669029
0.88,177,0.006633244130642142
0.88,178,0.01058250297826046
0.88,179,-0.004476126897311091
0.88,180,0.0013932839697704926
0.88,181,-0.007121884373377645
0.88,182,4.2803860209105115e-5
0.88,183,-0.017639463251744255
0.88,184,-0.008229486046578513
0.88,185,0.0455092748983691
0.88,186,0.03857130230446969
0.88,187,-0.003103264032325566
0.88,188,0.14440854752354582
0.88,189,-0.012754454922590412
0.88,190,-0.01067547927166303
0.88,191,-0.057568941954059996
0.88,192,1.0875427173061851
0.88,193,0.056041692219818744
0.88,194,0.05940889743855812
0.88,195,0.0010938631693165714
0.88,196,-0.0028560950867459233
0.88,197,-0.0013105011014217238
0.88,198,-0.0005579130386016273
0.89,intercept,-0.0024101019913310723
0.89,1,0.043689003001654736
0.89,2,0.009489193232851446
0.89,3,-0.0073508716696982215
0.89,4,0.021617449819328404
0.89,5,-0.015297675877918911
0.89,6,-0.0016422506919802175
0.89,7,0.00039876213617755967
0.89,8,-0.0031190264332121164
0.89,9,0.002635479555237395
0.89,10,0.0020292356920575912
0.89,11,-0.002433080991852238
0.89,12,-0.0005674091570532936
0.89,13,-0.004750738761865988
0.89,14,-0.001040450833150269
0.89,15,0.0022919328364519494
0.89,16,-0.004772222715451246
0.89,17,0.0009238169035148822
0.89,18,-0.0002212823369063134
0.89,19,-0.006019396686919537
0.89,20,-0.0038483091513655137
0.89,21,0.004493929846550224
0.89,22,0.0003262107640815841
0.89,23,-0.001338901126444953
0.89,24,-0.006142559494931142
0.89,25,0.0014964198335387857
0.89,26,0.0034050444604209694
0.89,27,0.002564896298424863
0.89,28,0.004159686323802031
0.89,29,-0.0061853351540861485
0.89,30,0.00974650389695468
0.89,31,-0.007337761793551457
0.89,32,0.0018722370122920612
0.89,33,-0.0013297894131979239
0.89,34,0.003157151695451999
0.89,35,0.00017390964339912906
0.89,36,-0.0008153128954202449
0.89,37,-0.002292377243739168
0.89,38,0.0005799474855137089
0.89,39,0.0006533316369275802
0.89,40,-0.003592542932587102
0.89,41,0.004435543120082352
0.89,42,0.001883383907663786
0.89,43,-0.000764261439645669
0.89,44,-0.006322812722595336
0.89,45,0.003210699183735895
0.89,46,0.0011950943139393782
0.89,47,-0.004524442355048701
0.89,48,8.219361079666707e-5
0.89,49,0.0004027123845569691
0.89,50,0.0008643327007636825
0.89,51,-0.0027561836544021854
0.89,52,-0.006128673327270809
0.89,53,0.0011092540606382805
0.89,54,0.0017005091195595593
0.89,55,-0.0008547830956058725
0.89,56,-0.001908258184568666
0.89,57,6.341890492107943e-5
0.89,58,-0.0037916169900804706
0.89,59,0.0019310705422752744
0.89,60,-0.001970253544030906
0.89,61,0.004675232068667237
0.89,62,-0.00318344170932001
0.89,63,0.005897150012384286
0.89,64,-0.006792565226889069
0.89,65,0.006754018025364631
0.89,66,-0.0034151713946360997
0.89,67,0.008174979925875351
0.89,68,-0.004328593514027758
0.89,69,0.004984942798513495
0.89,70,-0.0016899444863067712
0.89,71,0.002149168952857766
0.89,72,-0.003346227155285752
0.89,73,0.002369835540320798
0.89,74,-0.0006791277655586326
0.89,75,0.00015106579981074926
0.89,76,0.005544567000899816
0.89,77,-0.0024169634639851167
0.89,78,-0.0021536042444034596
0.89,79,-0.00017861679066975445
0.89,80,-0.0025319924350195935
0.89,81,-0.00010221785207023115
0.89,82,-0.00433650157130866
0.89,83,-0.003550535212842558
0.89,84,-0.0019200681827028787
0.89,85,0.0027596151585297535
0.89,86,-0.0029566047809588586
0.89,87,-0.0011779074358648414
0.89,88,-0.009476288323995294
0.89,89,0.005572289315187214
0.89,90,0.00017232038976750416
0.89,91,-0.013225994068574743
0.89,92,-0.007291212632187946
0.89,93,0.002093684231701302
0.89,94,-0.010485403167518139
0.89,95,0.001681982258895349
0.89,96,0.01753263358967479
0.89,97,0.014317896412369557
0.89,98,0.00861377877784612
0.89,99,0.02232577008093735
0.89,100,0.014703446524231235
0.89,101,-0.0021061655502194825
0.89,102,0.0021431499881539983
0.89,103,0.0011480007823460481
0.89,104,0.005994296845840891
0.89,105,-0.004845840247833738
0.89,106,0.0007708565577859123
0.89,107,0.000754193372319213
0.89,108,-0.002204033974633904
0.89,109,-0.00038906757971695396
0.89,110,-0.006690684359701422
0.89,111,0.008924503138830352
0.89,112,-0.006101508217090674
0.89,113,-0.0002364432407735874
0.89,114,-0.0008196830161703861
0.89,115,0.00042482885775751354
0.89,116,-0.0049929963715656086
0.89,117,0.008371451580244885
0.89,118,-0.005798256793432741
0.89,119,0.0019101458442065725
0.89,120,-0.001606777295614525
0.89,121,0.0032739362639942382
0.89,122,-0.0009140826312987802
0.89,123,-0.0057067135045446755
0.89,124,0.007889452446826793
0.89,125,-0.0045111416689754295
0.89,126,0.0022669301145678343
0.89,127,-0.0045805291334817255
0.89,128,0.004133426154614374
0.89,129,0.003873561340620919
0.89,130,0.003815122676595724
0.89,131,0.0012691880436932871
0.89,132,-0.001513421258079401
0.89,133,-0.001423648249593456
0.89,134,-0.0018348887326973358
0.89,135,0.0008597930432215449
0.89,136,-0.0010906662344116786
0.89,137,-0.002443914677104251
0.89,138,0.0009914375802572107
0.89,139,0.0007127908109959439
0.89,140,0.00140537251994364
0.89,141,-0.000988414955429931
0.89,142,0.003337380628054497
0.89,143,-0.001437749998248166
0.89,144,-0.0012780754062102972
0.89,145,-0.0029394933873950176
0.89,146,0.0030362471541722554
0.89,147,-0.004561508418192831
0.89,148,0.004832436558808713
0.89,149,-0.0016635696514077122
0.89,150,0.0002350991231115761
0.89,151,-0.0015108213393045283
0.89,152,-0.0017655834606989692
0.89,153,-0.0019620169617537244
0.89,154,-0.0012996390338383213
0.89,155,-0.00040836152556155493
0.89,156,-0.00040737859042368847
0.89,157,-0.0021331170735759118
0.89,158,0.004804178611376762
0.89,159,0.0043720805435221305
0.89,160,-0.0006906938379655656
0.89,161,0.005573940056707128
0.89,162,-0.005003834783168115
0.89,163,-0.0007078976481993017
0.89,164,0.002830439856256534
0.89,165,-0.00044837903937401083
0.89,166,0.0002565316244610967
0.89,167,0.0017594795095707586
0.89,168,0.0010337779093633288
0.89,169,0.007989003344739308
0.89,170,0.0043824772578728395
0.89,171,-0.0015391394102894297
0.89,172,-0.0056735159583396946
0.89,173,-0.0042714419718454955
0.89,174,0.0032966354117170823
0.89,175,-0.004441505371404019
0.89,176,-0.0035205155011266216
0.89,177,0.00553119415545293
0.89,178,0.010342046470022575
0.89,179,-0.0036536692795918558
0.89,180,-0.00023002049243070583
0.89,181,-0.007448155309680125
0.89,182,0.0010276630270604117
0.89,183,-0.019766601793055262
0.89,184,-0.008686052381534035
0.89,185,0.05183948768122121
0.89,186,0.03646137740237482
0.89,187,0.007809323374928325
0.89,188,0.191751828987617
0.89,189,-0.014971437888595574
0.89,190,-0.016910148645559668
0.89,191,-0.05922726790917543
0.89,192,1.1250714559822512
0.89,193,0.07423087454022337
0.89,194,0.06982829720197166
0.89,195,0.0013828530441423582
0.89,196,-0.0034675587932668744
0.89,197,-0.0016242831429629147
0.89,198,-0.0006892065501861026
0.9,intercept,-0.004299368041803157
0.9,1,0.050478625629524945
0.9,2,0.005971537759739983
0.9,3,-0.0008801583591009954
0.9,4,0.017669769311697368
0.9,5,-0.01421767926915967
0.9,6,-0.0035004725313861353
0.9,7,0.00036571945738249204
0.9,8,-0.003421345504995197
0.9,9,0.0008253150635892523
0.9,10,0.002760886545937796
0.9,11,-0.00348028910950556
0.9,12,-0.0010253713394496396
0.9,13,-0.004811075779872893
0.9,14,0.00036473765942075575
0.9,15,0.0023951961951915596
0.9,16,-0.0067677089018521866
0.9,17,0.0012220998376119385
0.9,18,0.00044488161297628274
0.9,19,-0.005114161011063775
0.9,20,-0.004234594005573645
0.9,21,0.003372806573851755
0.9,22,0.0006457795110634509
0.9,23,-0.0029608161178001757
0.9,24,-0.005983525740943567
0.9,25,0.0022537058564640025
0.9,26,0.0045925681634825756
0.9,27,0.003818815292040825
0.9,28,0.003062645666308232
0.9,29,-0.0042217916849125086
0.9,30,0.01044581658659704
0.9,31,-0.009321203189406794
0.9,32,0.0028141730301669324
0.9,33,-0.0028360732881247213
0.9,34,0.0042160162586466045
0.9,35,-0.0006375110097694523
0.9,36,-0.0006255972774466205
0.9,37,-0.001327664634389384
0.9,38,0.0013565963523896917
0.9,39,-0.0002843549068216127
0.9,40,-0.004707788830027243
0.9,41,0.006848973157818812
0.9,42,0.00226633086471346
0.9,43,-0.0010757004496472807
0.9,44,-0.006356054286692674
0.9,45,0.003493893112025838
0.9,46,0.0018068011299468758
0.9,47,-0.00517880812302812
0.9,48,-0.00040547877929278603
0.9,49,-0.00022499660515310228
0.9,50,0.0013922118325848385
0.9,51,-0.003853855853135461
0.9,52,-0.005735913392734665
0.9,53,0.0017265068157433772
0.9,54,0.0009309190852281277
0.9,55,-0.0009422253960747107
0.9,56,-0.0030315036055420684
0.9,57,-1.8930336143570403e-5
0.9,58,-0.003341685832426559
0.9,59,0.0005558855155809725
0.9,60,-0.0011792137463830107
0.9,61,0.0046760641545924245
0.9,62,-0.003330845092394206
0.9,63,0.005406493283411457
0.9,64,-0.006743774124074482
0.9,65,0.006576307872107628
0.9,66,-0.0015951046849611097
0.9,67,0.0077074505418565685
0.9,68,-0.0037225860188506957
0.9,69,0.005650008181463657
0.9,70,-0.0010132317968434596
0.9,71,0.0019078696209793617
0.9,72,-0.004319107801091025
0.9,73,0.00348669392283204
0.9,74,-0.00025930149392965627
0.9,75,-0.0015272735530685328
0.9,76,0.00843585344656228
0.9,77,-0.002989202047494635
0.9,78,-0.00394507688662658
0.9,79,0.0005995397837497841
0.9,80,-0.0004796073545658425
0.9,81,-0.001774327831135917
0.9,82,-0.003941555201968615
0.9,83,-0.005851136630968731
0.9,84,-0.0018770050203622726
0.9,85,0.000196258122878178
0.9,86,-0.0007422489689416622
0.9,87,-0.0043100855441078004
0.9,88,-0.009134224239232812
0.9,89,0.0055309743620399286
0.9,90,0.0009524882198954565
0.9,91,-0.0123437152569208
0.9,92,-0.009466757397273373
0.9,93,0.0017714404730383678
0.9,94,-0.0126092604786175
0.9,95,0.004565927549666765
0.9,96,0.017245603565617388
0.9,97,0.02165733478830714
0.9,98,0.014053191847653664
0.9,99,0.020918368099137493
0.9,100,0.01881498367654785
0.9,101,-0.0039117696526707055
0.9,102,0.005628707650454162
0.9,103,-0.00016133188218100846
0.9,104,0.004657795178820863
0.9,105,-0.003625455922431044
0.9,106,-0.0012264582385199084
0.9,107,0.0034806356302358576
0.9,108,-0.00287598667777941
0.9,109,-0.00014304164427845936
0.9,110,-0.008523967401533444
0.9,111,0.01065980181636856
0.9,112,-0.007562909393027261
0.9,113,-0.0008839675142927158
0.9,114,0.0005051261782220468
0.9,115,0.0008792064067728993
0.9,116,-0.005118244345178148
0.9,117,0.0048286895323804225
0.9,118,-0.004285311152852871
0.9,119,0.0015185502679654626
0.9,120,-0.0027164097428351783
0.9,121,0.003168189078203877
0.9,122,-0.0001222030775250681
0.9,123,-0.005292406987221743
0.9,124,0.009088567910957614
0.9,125,-0.003930327294675662
0.9,126,0.0016679579060955134
0.9,127,-0.005135145218627341
0.9,128,0.005012982641915687
0.9,129,0.002367454869163618
0.9,130,0.0032006891613424633
0.9,131,0.0018954692126245333
0.9,132,-0.003461582245434061
0.9,133,-0.0016490143597672452
0.9,134,-0.0011724199127505662
0.9,135,0.0023239015956730623
0.9,136,-0.0032364831910680508
0.9,137,-0.0018145859415469477
0.9,138,0.0004806949607355487
0.9,139,0.0011424637896763393
0.9,140,0.0023408767837508277
0.9,141,-0.0013175327029022218
0.9,142,0.003828240910954346
0.9,143,-0.0007656658021963587
0.9,144,-0.0020894453489998465
0.9,145,-0.002376975272873922
0.9,146,0.002445951065330693
0.9,147,-0.004930277806154194
0.9,148,0.0036285361081806783
0.9,149,0.00013256756325922517
0.9,150,-0.0008894395171066093
0.9,151,-0.002006045099563453
0.9,152,-0.001410607425299779
0.9,153,-0.0019279639721544318
0.9,154,-0.001703234482011555
0.9,155,-6.628356278118198e-5
0.9,156,-0.0025263269548713744
0.9,157,-0.001040293903079665
0.9,158,0.005890136607401933
0.9,159,0.00408629057797075
0.9,160,-0.001694123522577686
0.9,161,0.005261970432300961
0.9,162,-0.0048519409297440586
0.9,163,-0.0009149787110745308
0.9,164,0.0029396148289967854
0.9,165,0.002108668944071811
0.9,166,-0.0007456470665471256
0.9,167,0.0019442702632140151
0.9,168,0.001777934068117751
0.9,169,0.008870311649705195
0.9,170,0.004802334192976205
0.9,171,-0.002669860004572439
0.9,172,-0.005406859090663175
0.9,173,-0.0031576160775300165
0.9,174,0.004029115345094909
0.9,175,-0.0067415361540165185
0.9,176,-0.0036467470476946083
0.9,177,0.009018569123389162
0.9,178,0.009291186924654284
0.9,179,-0.002608981232221889
0.9,180,-0.0014198467953605728
0.9,181,-0.007697549308220295
0.9,182,-0.0018215081511011326
0.9,183,-0.020831130526861794
0.9,184,-0.006582508702298501
0.9,185,0.04546426417478783
0.9,186,0.0411298795861121
0.9,187,0.00012808777290099804
0.9,188,0.2381865346181622
0.9,189,-0.026030649293875944
0.9,190,-0.014917055802854304
0.9,191,-0.05688448220473862
0.9,192,1.1500587729784875
0.9,193,0.08864723791139553
0.9,194,0.08593504248203993
0.9,195,0.0015628473622063626
0.9,196,-0.00391816809035733
0.9,197,-0.0019050061369553577
0.9,198,-0.0008515344791006326
0.91,intercept,-0.00662962776656079
0.91,1,0.052812743436921016
0.91,2,0.007488097867012733
0.91,3,-0.002310340568272497
0.91,4,0.021270232178841275
0.91,5,-0.017186998445528668
0.91,6,-0.0005048004760954656
0.91,7,-0.0007573746091283608
0.91,8,-0.0056454003271153245
0.91,9,0.0007491351365986146
0.91,10,0.003370318966545767
0.91,11,-0.004161084013818405
0.91,12,-0.005053577183381319
0.91,13,-0.0013162809734607657
0.91,14,0.0008880582536081579
0.91,15,0.002192577869064705
0.91,16,-0.007193361293703672
0.91,17,0.0018708082426808358
0.91,18,0.00034131755112721206
0.91,19,-0.0051447949099320805
0.91,20,-0.004819936479559435
0.91,21,0.0034702566455048598
0.91,22,-0.0007267124083742487
0.91,23,-0.0025152162045100654
0.91,24,-0.006208674097621894
0.91,25,0.00020226773120066125
0.91,26,0.007441097863866155
0.91,27,0.004470703757747568
0.91,28,0.0031142873257710767
0.91,29,-0.005622120929772683
0.91,30,0.010264943205980268
0.91,31,-0.010462965492754215
0.91,32,0.0017334984010267233
0.91,33,-0.0030208347617590755
0.91,34,0.007295544004261246
0.91,35,-0.0013980730722052046
0.91,36,0.0008801993063781272
0.91,37,-0.0009732902582045385
0.91,38,0.0013954336844120678
0.91,39,-0.0009525766441226417
0.91,40,-0.005191221709855901
0.91,41,0.005493423279435203
0.91,42,0.00479317202991796
0.91,43,-0.0030359134640930755
0.91,44,-0.005783067090519076
0.91,45,0.004177831343188639
0.91,46,0.00040957594379492125
0.91,47,-0.004777195130144032
0.91,48,8.955177022077946e-5
0.91,49,-0.0007098103105305272
0.91,50,0.0019654042974244393
0.91,51,-0.00381095078753711
0.91,52,-0.005564277286604953
0.91,53,0.0019300776734341967
0.91,54,0.00051267456529204
0.91,55,-0.0013172759708717752
0.91,56,-0.0036845591618105238
0.91,57,0.001654617114159838
0.91,58,-0.005316763297139545
0.91,59,0.0005506876086397101
0.91,60,-0.0018322780136440222
0.91,61,0.0055013926321434954
0.91,62,-0.003369774129752295
0.91,63,0.004792170807752137
0.91,64,-0.0045814311130069505
0.91,65,0.006308845863442187
0.91,66,-0.002273438420736117
0.91,67,0.008999439823814315
0.91,68,-0.0016103617173970194
0.91,69,0.004756888968353665
0.91,70,0.00043075922098578947
0.91,71,-0.0007678896873075299
0.91,72,-0.0047879766115382265
0.91,73,0.004620920023187281
0.91,74,0.0011261121514694848
0.91,75,-0.004158421146504425
0.91,76,0.011042532769363515
0.91,77,-0.004272791092016541
0.91,78,-0.0024018152991872525
0.91,79,0.001194867857799632
0.91,80,0.00012864404967779424
0.91,81,-0.002766340562863702
0.91,82,-0.0029973098129771744
0.91,83,-0.010213872856143898
0.91,84,0.004097927406903858
0.91,85,-0.0010891708825686152
0.91,86,-0.0032586575009884277
0.91,87,-0.004929569229951388
0.91,88,-0.009928370682575363
0.91,89,0.005238734989791199
0.91,90,0.00045622178653411126
0.91,91,-0.01327377891220559
0.91,92,-0.013261424367540235
0.91,93,0.0014513223048845379
0.91,94,-0.00979588349880347
0.91,95,0.008660204639792222
0.91,96,0.01849397155015111
0.91,97,0.02633222929571325
0.91,98,0.018936334135138514
0.91,99,0.022579067066898474
0.91,100,0.022692623140379186
0.91,101,-0.007458293423368045
0.91,102,0.01126761102057158
0.91,103,-0.0023926022588987078
0.91,104,0.006146556746096638
0.91,105,-0.008233985795510037
0.91,106,0.0003539304786192035
0.91,107,0.005544013717520709
0.91,108,-0.0028038135677468726
0.91,109,-0.000710148656288093
0.91,110,-0.0057697508530507174
0.91,111,0.007792675761316502
0.91,112,-0.008769827618865137
0.91,113,-0.0006175368178901781
0.91,114,-0.0006902183437154582
0.91,115,0.0014248272676396147
0.91,116,-0.0056864298050521385
0.91,117,0.003922302137570162
0.91,118,-0.0028391182709505062
0.91,119,0.0009906593324738697
0.91,120,-0.003914202565817798
0.91,121,0.0029838171058999326
0.91,122,0.0003666360933243335
0.91,123,-0.005619117014379089
0.91,124,0.009478765532666118
0.91,125,-0.002620521151072832
0.91,126,0.0041373425151278115
0.91,127,-0.006202799466385111
0.91,128,0.006047136590554833
0.91,129,0.0022010190362681706
0.91,130,0.0019293509498879027
0.91,131,0.001739456514152901
0.91,132,-0.002501806618670939
0.91,133,-0.005158215364576973
0.91,134,-4.999093144882664e-5
0.91,135,0.002832944542319164
0.91,136,-0.0010911121285302268
0.91,137,-0.0029590200328501923
0.91,138,0.0013447525925830623
0.91,139,0.0021457474496703846
0.91,140,0.004050076834052925
0.91,141,-0.003946668518877
0.91,142,0.005886528956755671
0.91,143,-0.0027809863064203496
0.91,144,-0.0005920691772476307
0.91,145,-0.0037178167380565517
0.91,146,0.003627977759775646
0.91,147,-0.007470991989312662
0.91,148,0.0025163326826181877
0.91,149,0.0027110165241898106
0.91,150,-0.0002215203479932377
0.91,151,-0.003253200048051522
0.91,152,-0.0029637411083804953
0.91,153,-0.0023792110130563216
0.91,154,-0.0005504288469243649
0.91,155,-0.001513453871752444
0.91,156,-0.003329936617773079
0.91,157,0.00026281800686153706
0.91,158,0.005873314127979915
0.91,159,0.0024178387708152726
0.91,160,-0.0005189399568297414
0.91,161,0.005132707980194559
0.91,162,-0.004266229495661103
0.91,163,-0.003071329937931674
0.91,164,0.004806710939491618
0.91,165,0.0017640544350954663
0.91,166,0.0033096171139419335
0.91,167,7.876510526309862e-5
0.91,168,0.0038600547966209744
0.91,169,0.010631107588253398
0.91,170,0.003805796055475143
0.91,171,-0.0026729447151436618
0.91,172,-0.0052533493390063074
0.91,173,-0.0026528788261987344
0.91,174,0.0011388431330218577
0.91,175,-0.0045975541869979104
0.91,176,-0.003119570107985647
0.91,177,0.009912147342115997
0.91,178,0.011571930753087253
0.91,179,-0.007229562641461747
0.91,180,-0.00019568022393119875
0.91,181,-0.010160610781905471
0.91,182,-0.00309707064849813
0.91,183,-0.02083396951334651
0.91,184,-0.008007865090017947
0.91,185,0.054346522348615464
0.91,186,0.02578105325036569
0.91,187,0.008915627411325136
0.91,188,0.27689909625450404
0.91,189,-0.024245391866987268
0.91,190,-0.02399441165799619
0.91,191,-0.059447396553377156
0.91,192,1.1888543052432858
0.91,193,0.10032338204364005
0.91,194,0.11276668903843212
0.91,195,0.0017429943132525503
0.91,196,-0.004814546142109232
0.91,197,-0.002301904250037262
0.91,198,-0.001114088817768918
0.92,intercept,-0.009004874024060684
0.92,1,0.06968970875822925
0.92,2,0.012947910081906825
0.92,3,-0.0028714174029401017
0.92,4,0.024171776922769235
0.92,5,-0.014767632793328996
0.92,6,-0.00682332800506451
0.92,7,0.0009367248481442192
0.92,8,-0.006622578135792051
0.92,9,0.00022499318512929912
0.92,10,0.0022548048235232934
0.92,11,-0.0011637878660713259
0.92,12,-0.0038671433764780327
0.92,13,-0.003455783633365417
0.92,14,-0.0001334105586912227
0.92,15,0.004941102921440464
0.92,16,-0.009082625411673902
0.92,17,0.0007860503099648322
0.92,18,-0.001655221610072467
0.92,19,-0.005482829162935476
0.92,20,-0.008844283626803572
0.92,21,0.004225509530188745
0.92,22,-0.0005461240241251711
0.92,23,-0.002688767072948441
0.92,24,-0.008318713526210037
0.92,25,0.0030210150948832685
0.92,26,0.008005177445007162
0.92,27,0.004387697831145856
0.92,28,0.0029343763102836684
0.92,29,-0.0064738736239911224
0.92,30,0.012424693007106333
0.92,31,-0.012003384528113024
0.92,32,0.003354192753831438
0.92,33,-0.003179844278409426
0.92,34,0.006494185543761728
0.92,35,-0.0001342107276029499
0.92,36,0.001282151793510208
0.92,37,-0.0020961200433079756
0.92,38,0.0016399469045495032
0.92,39,-0.00044450143451741985
0.92,40,-0.004888343862503654
0.92,41,0.004085342571489887
0.92,42,0.005730264075802594
0.92,43,-0.0035490817874815474
0.92,44,-0.0059711057070960544
0.92,45,0.003687633725377683
0.92,46,0.0025404241990889644
0.92,47,-0.006250934254003646
0.92,48,0.000375066818694692
0.92,49,-0.002023112244226698
0.92,50,0.003651860940537025
0.92,51,-0.0037903817769619906
0.92,52,-0.006074467356053076
0.92,53,0.0014779505024889335
0.92,54,0.0023466269996941765
0.92,55,-0.0022834711203448374
0.92,56,-0.004484863130284123
0.92,57,0.0014957972297129126
0.92,58,-0.0062594924802174745
0.92,59,-0.0006060989347663532
0.92,60,-0.0015833215971675424
0.92,61,0.006071584642601316
0.92,62,-0.0040118892314954585
0.92,63,0.003854707775487288
0.92,64,-0.004328968572462334
0.92,65,0.009509024081240275
0.92,66,-0.006841256991232244
0.92,67,0.01212554754827941
0.92,68,-0.0002890153436202358
0.92,69,0.0053084801809198815
0.92,70,0.0011028228178106383
0.92,71,-0.00046412777193375823
0.92,72,-0.005153320396479317
0.92,73,0.006478950505020416
0.92,74,-0.0003471511386196032
0.92,75,-0.0032164439113555655
0.92,76,0.013010831000749698
0.92,77,-0.004995341848590064
0.92,78,-0.002521075207061952
0.92,79,0.00026848738834909613
0.92,80,-0.0017034330697089563
0.92,81,-0.003925938551607712
0.92,82,-0.004035234203733855
0.92,83,-0.008780542696950427
0.92,84,0.0051923844637995036
0.92,85,-0.0020147337919853557
0.92,86,-0.005045649367185344
0.92,87,-0.004641032865650962
0.92,88,-0.00923057948870204
0.92,89,5.301677336708291e-5
0.92,90,-0.0012809256151123756
0.92,91,-0.013318251759763691
0.92,92,-0.01528433380610004
0.92,93,-0.002255633715131346
0.92,94,-0.0058466390967026995
0.92,95,0.008621339640709482
0.92,96,0.02315681686952179
0.92,97,0.033212274965422554
0.92,98,0.033703913002526065
0.92,99,0.02346074410289747
0.92,100,0.03880204276915537
0.92,101,-0.010821089451368802
0.92,102,0.014085450846485536
0.92,103,-0.008435662109449946
0.92,104,0.009957413686414297
0.92,105,-0.009521786383955544
0.92,106,7.447659607084024e-5
0.92,107,0.009776770590339412
0.92,108,-0.0045103537061459715
0.92,109,-0.0020434445589564126
0.92,110,-0.006207862265133074
0.92,111,0.00888961119007111
0.92,112,-0.007612663225882737
0.92,113,-0.0018364162185421826
0.92,114,-0.002414451666736249
0.92,115,0.0010560595772074696
0.92,116,-0.007466190446442631
0.92,117,0.004579767918374248
0.92,118,-0.0027399846299963194
0.92,119,0.0005474292274469318
0.92,120,-0.004169531548623343
0.92,121,0.0033656010860301368
0.92,122,8.126955820925218e-5
0.92,123,-0.005310830522686852
0.92,124,0.009857849066128254
0.92,125,-0.002561432850775581
0.92,126,0.0033445236130223138
0.92,127,-0.005538437785767514
0.92,128,0.004947112326955179
0.92,129,0.005858538018586501
0.92,130,0.0002700537054364328
0.92,131,0.002848635133156029
0.92,132,-0.004565347387434025
0.92,133,-0.0038305155091350497
0.92,134,-0.0014052178111523743
0.92,135,0.006356221983718663
0.92,136,-0.003645435737153099
0.92,137,-0.0015989039197435242
0.92,138,0.0028160612127177535
0.92,139,7.297148432045698e-5
0.92,140,0.004911498973721266
0.92,141,-0.00391167085696222
0.92,142,0.004382001507550882
0.92,143,-0.0013466381795508046
0.92,144,-5.252951230867425e-5
0.92,145,-0.0040909845771280855
0.92,146,0.0037134507837773825
0.92,147,-0.007247613827971101
0.92,148,0.001338205541711548
0.92,149,0.0028492080553427653
0.92,150,-0.0009352276828614347
0.92,151,-0.002209183303182388
0.92,152,-0.0051117692230031615
0.92,153,-0.0021557172479356474
0.92,154,-0.0009343628787340256
0.92,155,-0.00012213532976224723
0.92,156,-0.003990845429398719
0.92,157,0.0018892257879371194
0.92,158,0.005574817768130515
0.92,159,0.0007663840965693863
0.92,160,-0.0008509200090311981
0.92,161,0.007158019557600724
0.92,162,-0.005662896228499308
0.92,163,-0.0036662578985737523
0.92,164,0.003927863937222785
0.92,165,0.00297262498979997
0.92,166,0.0033906087370608722
0.92,167,0.00042331214684407934
0.92,168,0.004330658401352857
0.92,169,0.009801921985915339
0.92,170,0.0037874500186523435
0.92,171,-0.005556475505029458
0.92,172,-0.002868563580815483
0.92,173,-0.005873667427903425
0.92,174,0.002114975203624737
0.92,175,-0.006379329866695336
0.92,176,-0.0020837521723617845
0.92,177,0.00816044274551017
0.92,178,0.012982965419235683
0.92,179,-0.010119792381850479
0.92,180,-0.00013307893951653875
0.92,181,-0.01055666336369728
0.92,182,-0.005016369944281562
0.92,183,-0.019555889757116775
0.92,184,-0.014163368754724634
0.92,185,0.05016148323260326
0.92,186,0.055831202936105405
0.92,187,-0.005900965965608587
0.92,188,0.30798972525481894
0.92,189,-0.023540773721908083
0.92,190,-0.025482809754917915
0.92,191,-0.057349599155958345
0.92,192,1.2286108311465607
0.92,193,0.10494919820701672
0.92,194,0.1267164552047089
0.92,195,0.001983593502729616
0.92,196,-0.005554312078969995
0.92,197,-0.002692747553462841
0.92,198,-0.0013559384632576
0.93,intercept,-0.01225711990566573
0.93,1,0.07184439800862487
0.93,2,0.030650416798799096
0.93,3,-0.008520988815704327
0.93,4,0.036363815761844304
0.93,5,-0.01701218431716796
0.93,6,-0.006215120281561822
0.93,7,0.0013846919420954624
0.93,8,-0.012307896344333895
0.93,9,0.0015682924938395409
0.93,10,0.002716172485317565
0.93,11,-0.0013164608244045665
0.93,12,-0.009966852220041062
0.93,13,-0.0006472099986523228
0.93,14,-0.001983863776133955
0.93,15,0.004537886210533768
0.93,16,-0.010906906903084702
0.93,17,-0.0013688851004864857
0.93,18,-0.0005926568254107645
0.93,19,-0.007049807194255993
0.93,20,-0.009758658071126023
0.93,21,0.00430261321190735
0.93,22,0.0023152087876005087
0.93,23,-0.0038776018175537574
0.93,24,-0.007664745501749691
0.93,25,0.0010635760641578274
0.93,26,0.00957277893999404
0.93,27,0.002130794059498011
0.93,28,0.0028866896463462265
0.93,29,-0.005677435936093227
0.93,30,0.014342645909295286
0.93,31,-0.013142160755590977
0.93,32,0.0054318688557450975
0.93,33,-0.007048404550716952
0.93,34,0.007206036979480047
0.93,35,-0.0016087505168159706
0.93,36,0.0035882621376170493
0.93,37,-0.0057401185087346835
0.93,38,0.0054196988942252266
0.93,39,-0.0004184557298364856
0.93,40,-0.005828710610217074
0.93,41,0.0027793299912451963
0.93,42,0.006560059192898572
0.93,43,-0.0038752144967697
0.93,44,-0.0068169616442307806
0.93,45,0.0036066265121485436
0.93,46,0.0037625644437525637
0.93,47,-0.006231467696617127
0.93,48,-0.001282729583910012
0.93,49,-0.0013925461416384997
0.93,50,0.001392249463142241
0.93,51,-0.0030768764368621763
0.93,52,-0.005316050231693912
0.93,53,0.0034516744220408745
0.93,54,0.0005717816010041741
0.93,55,-0.0016330275714790676
0.93,56,-0.004321293027527836
0.93,57,0.0018993705093391991
0.93,58,-0.008448135251302166
0.93,59,8.217851755790842e-5
0.93,60,0.000544337509535651
0.93,61,0.0030779755734097317
0.93,62,-0.003544758341241317
0.93,63,0.0037791310114455834
0.93,64,-0.0034546030126704867
0.93,65,0.00892920966004311
0.93,66,-0.006774670954430196
0.93,67,0.01219756560494914
0.93,68,0.0025666350847992373
0.93,69,0.006086524672343689
0.93,70,0.0015249813859210932
0.93,71,-0.000941790741150234
0.93,72,-0.0036994300654798738
0.93,73,0.004902139549038465
0.93,74,-0.0034331873294290494
0.93,75,-0.00031779011001731663
0.93,76,0.017470989924557253
0.93,77,-0.006434217510939329
0.93,78,-0.005066976798521604
0.93,79,0.0035320796326863413
0.93,80,-0.002130112503984246
0.93,81,-0.00586881275051916
0.93,82,-0.006175851645567841
0.93,83,-0.00772227001310891
0.93,84,0.005655932999305286
0.93,85,-0.005538569056792571
0.93,86,-0.004668767355246989
0.93,87,-0.005892889021389328
0.93,88,-0.010531781988219791
0.93,89,-0.004630900753899284
0.93,90,0.0005573382553917722
0.93,91,-0.013428886044119898
0.93,92,-0.019305722670042828
0.93,93,-0.002213278282386524
0.93,94,-0.012145657034983399
0.93,95,0.02389340015401709
0.93,96,0.02845147113931412
0.93,97,0.05861705611556308
0.93,98,0.02793359028629864
0.93,99,0.030905364918528185
0.93,100,0.05027126566044856
0.93,101,-0.008056105215703475
0.93,102,0.01448183962148482
0.93,103,-0.012295839374219547
0.93,104,0.02293476020105915
0.93,105,-0.020543093021983965
0.93,106,0.01293843843668727
0.93,107,0.009986811226508668
0.93,108,-0.00261645959537285
0.93,109,-0.006183733143621274
0.93,110,-0.004463632671588382
0.93,111,0.004115176423829667
0.93,112,-0.00693566693617685
0.93,113,-0.0005466977054993536
0.93,114,-0.003067888190788967
0.93,115,-0.00015821083013588995
0.93,116,-0.009832450840453895
0.93,117,0.002814953640760985
0.93,118,-0.002131689596387782
0.93,119,-0.0017773895107904422
0.93,120,-0.0028695912233806663
0.93,121,0.004732414709420271
0.93,122,0.002283519984958807
0.93,123,-0.006777518334188748
0.93,124,0.009074212411774146
0.93,125,0.00041964388831653825
0.93,126,0.0024296272429092576
0.93,127,-0.005212430548157715
0.93,128,0.004649488738488303
0.93,129,0.007268696021990439
0.93,130,0.0015240367684393344
0.93,131,0.0027139995867019365
0.93,132,-0.005209866943786764
0.93,133,-0.005568096654997078
0.93,134,-0.00034806397458324274
0.93,135,0.010156889124899088
0.93,136,-0.005855696421619946
0.93,137,-0.0026341757198073182
0.93,138,0.002931621566457796
0.93,139,-0.0005506095312322849
0.93,140,0.005990894523117109
0.93,141,-0.006143822828677814
0.93,142,0.006837403402431792
0.93,143,-0.0028291847393787577
0.93,144,0.0006948968721282493
0.93,145,-0.004860776173363973
0.93,146,0.0033374552149180205
0.93,147,-0.00815232361826961
0.93,148,-0.0008902092270130376
0.93,149,0.004532461259666072
0.93,150,-0.00241344173960105
0.93,151,-1.6730766013495026e-6
0.93,152,-0.005495738389988067
0.93,153,-0.005363667216925816
0.93,154,0.001770765534176627
0.93,155,0.0008577019101900066
0.93,156,-0.005696807650734311
0.93,157,-5.933516095999361e-5
0.93,158,0.005948406901897892
0.93,159,-0.0004181501648611816
0.93,160,0.0024254537519360674
0.93,161,0.004480106163043148
0.93,162,-0.004538717876435581
0.93,163,-0.004688546114148808
0.93,164,0.0038798920197262387
0.93,165,0.0043460729134452685
0.93,166,0.004564694025049533
0.93,167,0.0012688427463584896
0.93,168,0.0025023835767772943
0.93,169,0.017384000188428908
0.93,170,0.00253700530025956
0.93,171,-0.005051565524949715
0.93,172,-0.0032018127557172818
0.93,173,-0.005828304701732756
0.93,174,0.005902112830787236
0.93,175,-0.009891475784400397
0.93,176,0.0008985140539754818
0.93,177,0.006869866753598553
0.93,178,0.013412962998208985
0.93,179,-0.009051558644183475
0.93,180,-0.006268490451555573
0.93,181,-0.010301985484658188
0.93,182,-0.007196012083674223
0.93,183,-0.022471990439512736
0.93,184,-0.00922281902052931
0.93,185,0.049620147873750374
0.93,186,0.04470310561312744
0.93,187,0.004127651834692173
0.93,188,0.3807044391503179
0.93,189,-0.03959539123159575
0.93,190,-0.021553693683208974
0.93,191,-0.06506925099574357
0.93,192,1.2683128235566128
0.93,193,0.13749600867902245
0.93,194,0.1264921337908714
0.93,195,0.002180798152415506
0.93,196,-0.006727605014537672
0.93,197,-0.003332474304886736
0.93,198,-0.0016296734872667936
0.94,intercept,-0.014698119578873266
0.94,1,0.07300099198513466
0.94,2,0.0633587151185924
0.94,3,-0.01683732719415844
0.94,4,0.045662476919898644
0.94,5,-0.022510444160129265
0.94,6,-0.008303115318494099
0.94,7,0.002563291730303876
0.94,8,-0.012523854500262716
0.94,9,0.00016866532924804498
0.94,10,0.0013128027802556514
0.94,11,-0.000625460331359331
0.94,12,-0.011569278754201913
0.94,13,-0.0011877128403549335
0.94,14,-0.0030424607721783736
0.94,15,0.00838186218682406
0.94,16,-0.010242790617914646
0.94,17,-0.0035024170055879458
0.94,18,-0.0022612095537531316
0.94,19,-0.008187381067819317
0.94,20,-0.007788436991075724
0.94,21,0.005490406076518802
0.94,22,-0.0008534250117692595
0.94,23,-0.0051821199500711795
0.94,24,-0.006059899030345356
0.94,25,-0.0028062346434947175
0.94,26,0.011633106177275733
0.94,27,0.001934487744596824
0.94,28,0.001930475287212727
0.94,29,-0.007184356097429177
0.94,30,0.015944517772934853
0.94,31,-0.011890212941302858
0.94,32,0.004771690734152065
0.94,33,-0.006689634338363838
0.94,34,0.007164753836189102
0.94,35,-0.002183220298444694
0.94,36,0.007248143691185445
0.94,37,-0.009495524818353375
0.94,38,0.010296425441181664
0.94,39,-0.0013069251240071442
0.94,40,-0.00474967251537255
0.94,41,0.0008201888364026065
0.94,42,0.008705641790666394
0.94,43,-0.004987103817534909
0.94,44,-0.009581332698485384
0.94,45,0.006269293796247379
0.94,46,0.0049252228393533125
0.94,47,-0.007546871792232154
0.94,48,-5.145373961008069e-5
0.94,49,-0.0017764453547912643
0.94,50,0.0012333567608462295
0.94,51,-0.0055178685862390334
0.94,52,-0.00703927673546569
0.94,53,0.005348902999002892
0.94,54,0.00022819788801390603
0.94,55,0.0006617600159435293
0.94,56,-0.007827965844562
0.94,57,0.005061647599110469
0.94,58,-0.009236396482369326
0.94,59,-0.0022098169902422396
0.94,60,0.001021778684177711
0.94,61,0.003149677609346152
0.94,62,-0.0033100227219419556
0.94,63,0.0030906260355254163
0.94,64,-0.0023754090820232066
0.94,65,0.007035974470100096
0.94,66,-0.0069890956577167785
0.94,67,0.01588667539473792
0.94,68,0.006293531997585807
0.94,69,0.007312568083229284
0.94,70,0.002603214424475394
0.94,71,0.0018636385835699835
0.94,72,-0.003957624822359612
0.94,73,0.004836336705354009
0.94,74,-0.003031854707267316
0.94,75,-0.0021142680799053626
0.94,76,0.01905727547701967
0.94,77,-0.004416615469760996
0.94,78,-0.007767138487086891
0.94,79,0.0016298372337139864
0.94,80,-0.0016884225468811638
0.94,81,-0.006726175541187322
0.94,82,-0.006486562195389026
0.94,83,-0.009206745915469793
0.94,84,0.007030859417306065
0.94,85,-0.011808734439677058
0.94,86,-0.0060623348683746785
0.94,87,-0.004463180706043458
0.94,88,-0.015248859558066848
0.94,89,-0.0008424052014468338
0.94,90,-0.007727087910919692
0.94,91,-0.008163861793472626
0.94,92,-0.024610986602953806
0.94,93,0.002629335228178033
0.94,94,-0.019081110175050243
0.94,95,0.026419399748331466
0.94,96,0.032144251892982346
0.94,97,0.050718250933058096
0.94,98,0.033478052291521
0.94,99,0.06240731365515677
0.94,100,0.0659467893753406
0.94,101,-0.013820138991913245
0.94,102,0.01924224497640573
0.94,103,-0.017687090630814185
0.94,104,0.02736060032240768
0.94,105,-0.02149998444212114
0.94,106,0.010795122667943595
0.94,107,0.00819729954482773
0.94,108,-0.0024253076815646995
0.94,109,-0.003661698948184942
0.94,110,-0.008970798143793195
0.94,111,0.0039449694840709955
0.94,112,-0.009163583043909782
0.94,113,0.002352763460866771
0.94,114,-0.0035532460799181796
0.94,115,0.0010974047542788184
0.94,116,-0.012765867743933464
0.94,117,0.008651204901000726
0.94,118,-0.008503500451053102
0.94,119,-0.00043725108811925624
0.94,120,-0.0024350741702883955
0.94,121,0.008358303052663246
0.94,122,-0.0011692522359401743
0.94,123,-0.004164502042957477
0.94,124,0.007639741129748064
0.94,125,-0.0010175785055023892
0.94,126,0.0030343814168529272
0.94,127,-0.0035173552042183902
0.94,128,0.0029671165498838066
0.94,129,0.0043884215802535665
0.94,130,0.006506514578885516
0.94,131,0.0012367092312083156
0.94,132,-0.007058312172906001
0.94,133,-0.007054082714359996
0.94,134,-0.00047442172701780034
0.94,135,0.015337959886752066
0.94,136,-0.0047115294606780486
0.94,137,0.0010900582384206427
0.94,138,0.0026095706742663813
0.94,139,-0.0018748758925663334
0.94,140,0.00864343999841482
0.94,141,-0.008092473413121786
0.94,142,0.007435464619483106
0.94,143,-0.002502437830478717
0.94,144,0.0009757553210382104
0.94,145,-0.005366706453548853
0.94,146,0.004485630141359185
0.94,147,-0.008972666543616382
0.94,148,-0.0018937935199466658
0.94,149,0.0032704513501802305
0.94,150,-0.0049150561922892706
0.94,151,0.0008698197343670985
0.94,152,-0.009103035502561462
0.94,153,-0.0057386607826876365
0.94,154,0.0027252766638415885
0.94,155,0.00017269617934692743
0.94,156,-0.004801171205330625
0.94,157,-0.002397351912733558
0.94,158,0.005230733242276497
0.94,159,-0.0003799873363552443
0.94,160,0.0009053097678099061
0.94,161,0.006491587584928889
0.94,162,-0.003680255229819604
0.94,163,-0.008528925531852385
0.94,164,0.008791762792375877
0.94,165,0.0038751993303415932
0.94,166,0.0017247867537858866
0.94,167,0.0035856444121425976
0.94,168,0.0003181257732927692
0.94,169,0.01253865718094362
0.94,170,0.004717674141098213
0.94,171,-0.007981261425382679
0.94,172,-0.0025364898922107955
0.94,173,-0.005978038944431421
0.94,174,0.009972558085754148
0.94,175,-0.010558256270830214
0.94,176,-0.0019953068386163236
0.94,177,0.010051700501648149
0.94,178,0.021270175601473162
0.94,179,-0.00634988172993931
0.94,180,-0.009376232008143418
0.94,181,-0.00919209862618725
0.94,182,-0.01183119153336527
0.94,183,-0.023870246490744738
0.94,184,-0.014636971435458668
0.94,185,0.06003344911052099
0.94,186,0.024634596652989366
0.94,187,0.014894122631970243
0.94,188,0.43323485397456324
0.94,189,-0.03728350824431928
0.94,190,-0.028320493406709134
0.94,191,-0.0711263200722233
0.94,192,1.330625611432538
0.94,193,0.15641239681576605
0.94,194,0.1341866217502791
0.94,195,0.002545603382509149
0.94,196,-0.008298139090596667
0.94,197,-0.0040268845714272975
0.94,198,-0.001884569346590469
0.95,intercept,-0.01737634590338896
0.95,1,0.08038644143481978
0.95,2,0.09072514930638878
0.95,3,-0.020411972443222806
0.95,4,0.05139221729453256
0.95,5,-0.026985312990570304
0.95,6,-0.011005393427463397
0.95,7,0.005263508093672501
0.95,8,-0.017650466272226165
0.95,9,0.00993301869036885
0.95,10,-0.005302229581469659
0.95,11,-0.0018687690067365095
0.95,12,-0.013809634657656425
0.95,13,-0.003325283812406624
0.95,14,-0.002658905514474873
0.95,15,0.008972785362462064
0.95,16,-0.00950703973820262
0.95,17,-0.006102005597382443
0.95,18,-0.0018355352210309827
0.95,19,-0.009264827899077512
0.95,20,-0.011458076098934643
0.95,21,0.010989443940613457
0.95,22,-0.006070819123813771
0.95,23,-0.0021218821149406727
0.95,24,-0.01035718955879477
0.95,25,0.0013437383726084568
0.95,26,0.004675953623302123
0.95,27,0.0064040537098040105
0.95,28,0.004510928799817954
0.95,29,-0.011465501637962235
0.95,30,0.01525210885268132
0.95,31,-0.005930437163470822
0.95,32,-5.8564001557360113e-5
0.95,33,-0.004102062574222999
0.95,34,0.002474764611466181
0.95,35,0.0020204541336881162
0.95,36,0.00296266031698304
0.95,37,-0.006424174881195811
0.95,38,0.010586715772737452
0.95,39,-0.0027858726928068523
0.95,40,-0.001209112502336372
0.95,41,-0.0004916107404120046
0.95,42,0.010921452622567305
0.95,43,-0.004591551324352448
0.95,44,-0.011117465652773708
0.95,45,0.006690572796132919
0.95,46,0.005153712015776297
0.95,47,-0.005263593174636616
0.95,48,-0.004283376108624046
0.95,49,-0.0019266177578845455
0.95,50,0.0030135136104878437
0.95,51,-0.003786107637393399
0.95,52,-0.008508480346430832
0.95,53,0.0054786156621359095
0.95,54,0.0026553611863684295
0.95,55,-0.0016531977842774385
0.95,56,-0.009146707263502819
0.95,57,0.0050430792685382956
0.95,58,-0.013769230448830041
0.95,59,0.0003564198647929131
0.95,60,0.0011954909240946994
0.95,61,0.005122351510483751
0.95,62,-0.00414670438048843
0.95,63,0.0011520678922359914
0.95,64,-0.0022145757944011407
0.95,65,0.006159989532201382
0.95,66,-0.008569668481843382
0.95,67,0.020089659142619263
0.95,68,0.012336542106171081
0.95,69,0.001313185984669575
0.95,70,0.004656366098748729
0.95,71,-0.0036724288893117004
0.95,72,-0.0018535226729371951
0.95,73,0.00402623438948007
0.95,74,-0.003928804868262025
0.95,75,-0.0033748416010686076
0.95,76,0.01601706875035573
0.95,77,0.0020201183941864387
0.95,78,-0.014219723518320864
0.95,79,0.004928984167525427
0.95,80,-0.005639879589984319
0.95,81,-0.0045008580567248045
0.95,82,-0.006891158353280562
0.95,83,-0.014046672531580696
0.95,84,0.003748755966721151
0.95,85,-0.010219721351672062
0.95,86,-0.010398393322520821
0.95,87,-0.005316533024043955
0.95,88,-0.016734018818465396
0.95,89,-0.006954660594258335
0.95,90,-0.0033860968425373293
0.95,91,-0.011872529320020296
0.95,92,-0.018091554517563502
0.95,93,0.00032381687730900544
0.95,94,-0.027019014005968303
0.95,95,0.06299292781827535
0.95,96,0.016780190113380573
0.95,97,0.08004091004662084
0.95,98,0.031307527723625266
0.95,99,0.06908711189936907
0.95,100,0.08504475639784341
0.95,101,0.0037931932424244237
0.95,102,0.0010268715976976437
0.95,103,-0.02233379656858395
0.95,104,0.040975805884066484
0.95,105,-0.025888338648927284
0.95,106,0.0072697767179370895
0.95,107,0.008859691021781826
0.95,108,-0.00024025569496107928
0.95,109,-0.001430284376394265
0.95,110,-0.017825716467096794
0.95,111,0.013416041361264314
0.95,112,-0.016201267202940427
0.95,113,0.0011850252109509296
0.95,114,-0.0065481843307571685
0.95,115,0.00619528183729468
0.95,116,-0.017787492989614403
0.95,117,0.010109570138062332
0.95,118,-0.006866625839736544
0.95,119,-0.0033805081711916853
0.95,120,-0.0010154894559234085
0.95,121,0.013692311300794149
0.95,122,-0.005171393457834024
0.95,123,-0.008370392556279683
0.95,124,0.006694406771212342
0.95,125,0.006184473014498772
0.95,126,0.0005394417325810389
0.95,127,-0.004729277996036394
0.95,128,0.0037446623039133907
0.95,129,0.010353620277623514
0.95,130,0.0072070489070087465
0.95,131,0.0017360348545523482
0.95,132,-0.00783712726244187
0.95,133,-0.007166042560637849
0.95,134,-0.0031620679427341886
0.95,135,0.02030520178473693
0.95,136,-0.0001921308159281908
0.95,137,0.0051491862724248215
0.95,138,-0.0006256799571359152
0.95,139,0.0004578709838971203
0.95,140,0.008994412668661089
0.95,141,-0.007954729904528763
0.95,142,0.006723381687977915
0.95,143,-0.000624179122399901
0.95,144,-0.00014647540426913262
0.95,145,-0.004507376386261574
0.95,146,0.0012008585062235457
0.95,147,-0.011444050611162932
0.95,148,0.0020286290609264073
0.95,149,0.0010810841607596352
0.95,150,-0.0037236953730877473
0.95,151,0.0001484174585712628
0.95,152,-0.008830715826268813
0.95,153,-0.010810266049238699
0.95,154,0.002012979532685327
0.95,155,0.002579513965318683
0.95,156,-0.009694577393444117
0.95,157,-0.0031827713453716007
0.95,158,0.011960992589521139
0.95,159,0.0028258399273346927
0.95,160,-0.0036202780519417567
0.95,161,0.007040904782125367
0.95,162,-0.0037598374866455054
0.95,163,-0.012280219820905365
0.95,164,0.01984984351032592
0.95,165,0.0003832732346752356
0.95,166,-0.00020836093306745887
0.95,167,0.01024491081610469
0.95,168,0.0030121802106209275
0.95,169,0.007963238106079143
0.95,170,0.00397841933525745
0.95,171,-0.005281351466909545
0.95,172,-0.004661832211043847
0.95,173,-0.0009453519577554733
0.95,174,0.0065230803417977755
0.95,175,-0.004658717924218108
0.95,176,-0.004163801420452832
0.95,177,0.014141102580483612
0.95,178,0.020420541418021448
0.95,179,-0.007612986807857309
0.95,180,-0.0031156694030917706
0.95,181,-0.010627057868838634
0.95,182,-0.013807848979553516
0.95,183,-0.023729794079345414
0.95,184,-0.025064824696263515
0.95,185,0.08343321014313386
0.95,186,0.019587309745181768
0.95,187,0.021554111499548726
0.95,188,0.4802465046735499
0.95,189,-0.04205092629629918
0.95,190,-0.0331365461217837
0.95,191,-0.07170175026094046
0.95,192,1.3639066986459818
0.95,193,0.1815245848853961
0.95,194,0.15803383136876317
0.95,195,0.002689280834730905
0.95,196,-0.010874708571939996
0.95,197,-0.004799070611353179
0.95,198,-0.002298655861232011
0.96,intercept,-0.01896197565624428
0.96,1,0.1239740154216958
0.96,2,0.07666297915704738
0.96,3,-0.031601450146538014
0.96,4,0.09743325740131692
0.96,5,-0.039678150005336595
0.96,6,0.013040956234635664
0.96,7,0.0030750749833259716
0.96,8,-0.015413710010776887
0.96,9,0.009429054747617478
0.96,10,-0.00951274653412703
0.96,11,-0.0030039862171585313
0.96,12,-0.014541582274770844
0.96,13,-0.009898673366469688
0.96,14,-0.001614401190748149
0.96,15,0.011633337154075357
0.96,16,-0.008745752189051085
0.96,17,-0.01001676988188537
0.96,18,-0.004180143486250093
0.96,19,-0.013733156773939622
0.96,20,-0.019700659152315645
0.96,21,0.025375480077569887
0.96,22,-0.01641949055644991
0.96,23,-0.00014905969135552835
0.96,24,-0.007731976793213064
0.96,25,0.0002806556974346469
0.96,26,0.0021397109148734677
0.96,27,0.013544647843636667
0.96,28,-0.0016254451118963413
0.96,29,-0.007203661435220314
0.96,30,0.016939563979234316
0.96,31,-0.007264270387149139
0.96,32,-0.003739786599322509
0.96,33,-0.000335126984637447
0.96,34,-0.005846859441511502
0.96,35,0.005125637667518568
0.96,36,0.0015257685612921632
0.96,37,-0.0069579100910856515
0.96,38,0.00983165844148559
0.96,39,0.002282800946752937
0.96,40,-0.005627229394499405
0.96,41,-0.0011769989151361436
0.96,42,0.012225561670923323
0.96,43,-0.0029369635544922237
0.96,44,-0.013183325876188461
0.96,45,0.003372058257860096
0.96,46,0.00855131135233034
0.96,47,-0.008270118765031371
0.96,48,-0.004417602674958638
0.96,49,-0.003022776237790839
0.96,50,-0.0007602969489966037
0.96,51,-0.001779758968724305
0.96,52,-0.004975158178305665
0.96,53,0.0042296766764762135
0.96,54,0.0037487474173277576
0.96,55,-0.0035596406568091724
0.96,56,-0.01069120101538294
0.96,57,0.00456469199736493
0.96,58,-0.013536811823959166
0.96,59,0.0020939193911879584
0.96,60,-0.007594844297182496
0.96,61,0.009502780236765504
0.96,62,-0.0029317191272119885
0.96,63,0.00437684018046359
0.96,64,-0.006275205156798846
0.96,65,0.005681578608094863
0.96,66,-0.005286835525430692
0.96,67,0.017793355698265557
0.96,68,0.017145626543794402
0.96,69,-0.0004947063225714881
0.96,70,0.010523197543493427
0.96,71,-0.010981149968446088
0.96,72,-0.0002756339807661616
0.96,73,0.005926800933913544
0.96,74,-0.010626907802393514
0.96,75,0.010910450482773747
0.96,76,0.009879052362261408
0.96,77,0.007740573483118277
0.96,78,-0.017658119468831352
0.96,79,0.013331692334685879
0.96,80,-0.011396648298410106
0.96,81,0.0011965828293029738
0.96,82,-0.008652488728174276
0.96,83,-0.015635799380959256
0.96,84,0.0013353423052963826
0.96,85,-0.012109436429913939
0.96,86,-0.0188853462583141
0.96,87,-0.008587606573120398
0.96,88,-0.02813437926567008
0.96,89,0.010576947872319883
0.96,90,-0.005460661186886802
0.96,91,-0.01248520730093584
0.96,92,-0.02183753942383227
0.96,93,0.0066661841945538074
0.96,94,-0.05134073724338771
0.96,95,0.05747553442103773
0.96,96,0.046361847049060226
0.96,97,0.11868489710326026
0.96,98,-0.004749284680683048
0.96,99,0.06811243809335232
0.96,100,0.13413275017248616
0.96,101,-0.022145895340767646
0.96,102,0.03598273577897738
0.96,103,-0.042007406693909746
0.96,104,0.05649039840886087
0.96,105,-0.0390527798777911
0.96,106,0.008903187567750161
0.96,107,0.002294858253750578
0.96,108,0.007182701641224489
0.96,109,-0.01727775630872157
0.96,110,-0.011110752605400386
0.96,111,0.014107757009458119
0.96,112,-0.026512221598300575
0.96,113,0.0008468453459960988
0.96,114,-0.006336919168918899
0.96,115,0.013184665348440901
0.96,116,-0.025723074989927503
0.96,117,0.00908336460603764
0.96,118,-0.004338755625851228
0.96,119,0.001335834446339603
0.96,120,-0.01438646324424234
0.96,121,0.021573342942075396
0.96,122,-0.003037395753915863
0.96,123,-0.007451496122516508
0.96,124,0.018699064190442868
0.96,125,-0.004484588444019689
0.96,126,0.0014477481973820083
0.96,127,0.007586651040592409
0.96,128,0.0015607440689521623
0.96,129,0.009397716688606556
0.96,130,0.008082287316353983
0.96,131,0.0033683309729286535
0.96,132,-0.011091756709974832
0.96,133,-0.012239716828107042
0.96,134,-0.0023942318516298948
0.96,135,0.023569922321193516
0.96,136,0.0047031344460900185
0.96,137,0.0007281355969602834
0.96,138,0.0008595288491812068
0.96,139,0.00038604719403259716
0.96,140,0.012207441995728485
0.96,141,-0.010649262144762115
0.96,142,0.00923817234169698
0.96,143,-0.0011104104447805176
0.96,144,0.003569418982543955
0.96,145,-0.006825052488110304
0.96,146,-0.0008721330165816501
0.96,147,-0.013516045254994422
0.96,148,-0.0035797752757514623
0.96,149,0.008561667566595998
0.96,150,-0.006852964121450179
0.96,151,-0.0001555547077079558
0.96,152,-0.01083668455857793
0.96,153,-0.01021733344103076
0.96,154,0.0019082825432317238
0.96,155,0.004646356276005195
0.96,156,-0.018143669225212048
0.96,157,0.003793799297677611
0.96,158,0.007161972889785248
0.96,159,0.0017361649596927835
0.96,160,0.002229061832752567
0.96,161,0.009849659231617437
0.96,162,-0.007204063317329692
0.96,163,-0.01787624733704477
0.96,164,0.03072382521670897
0.96,165,-0.0012559650469081876
0.96,166,0.005328733711373722
0.96,167,0.011644757518751006
0.96,168,0.005050593442329223
0.96,169,0.011866477259134384
0.96,170,0.0008730630961034302
0.96,171,-0.006373665132458979
0.96,172,0.003408689239559836
0.96,173,-0.0007329485019717805
0.96,174,0.0050782681874329445
0.96,175,-0.011794886058603904
0.96,176,-0.006148967856266665
0.96,177,0.016333210736263974
0.96,178,0.013656433284755961
0.96,179,-0.0018130515152684093
0.96,180,-0.017188224382773974
0.96,181,0.001747007205799118
0.96,182,-0.021787838266574825
0.96,183,-0.02131727937912574
0.96,184,-0.036409751212402974
0.96,185,0.07876115972650438
0.96,186,0.03257478590037879
0.96,187,0.025321384109659062
0.96,188,0.5399790272878113
0.96,189,-0.03569396426484843
0.96,190,-0.05283251975625645
0.96,191,-0.07741503671983381
0.96,192,1.462821941683161
0.96,193,0.2175329676739379
0.96,194,0.1979475153834792
0.96,195,0.002280599695044439
0.96,196,-0.015775584319447974
0.96,197,-0.0058513377347483
0.96,198,-0.0024122611638885162
0.97,intercept,-0.010636138207928565
0.97,1,0.14008263504284882
0.97,2,0.0615484965982407
0.97,3,0.023246361972797898
0.97,4,0.12763610022619226
0.97,5,-0.01000619846826988
0.97,6,0.018606745413382572
0.97,7,-0.020277729208250616
0.97,8,-0.003142508639764997
0.97,9,-0.005972882722327634
0.97,10,-0.011472921251818242
0.97,11,-0.015810741397941468
0.97,12,-0.013702138540294848
0.97,13,-0.010158573297063397
0.97,14,-0.007406870942307728
0.97,15,0.007299492994533961
0.97,16,-0.011450305467951718
0.97,17,-0.011523931607048368
0.97,18,-0.007117580157186431
0.97,19,-0.0019317849188717237
0.97,20,-0.02977932597424204
0.97,21,0.026251381853635767
0.97,22,-0.014545764939525155
0.97,23,0.004781046579471112
0.97,24,-0.020106433003398677
0.97,25,0.005489180795705127
0.97,26,0.01633906425335464
0.97,27,0.014142448704409394
0.97,28,0.0038190505132067146
0.97,29,-0.018493014318283273
0.97,30,0.03967050095535359
0.97,31,-0.012253187875034505
0.97,32,-0.012780023229350906
0.97,33,0.0008388456551206039
0.97,34,-0.006903734222585955
0.97,35,0.0031613843087291518
0.97,36,0.007823696860650176
0.97,37,-0.006299974134961833
0.97,38,0.012415454690449535
0.97,39,-0.000539998752970715
0.97,40,-0.0031120304302265957
0.97,41,-0.004816346454249426
0.97,42,0.012770240337553359
0.97,43,-0.0011399631578791012
0.97,44,-0.018906979020611746
0.97,45,0.0046952711151890545
0.97,46,0.016188855637899544
0.97,47,-0.01798106703705073
0.97,48,-0.004494361752022491
0.97,49,-0.0004913899805646863
0.97,50,0.003674982002835171
0.97,51,-0.01072542080359161
0.97,52,-0.00349157546125434
0.97,53,0.009878569302915521
0.97,54,0.01236271407802439
0.97,55,-0.012843810187013882
0.97,56,-0.003763975344537798
0.97,57,0.005364119832921295
0.97,58,-0.01943483609240489
0.97,59,3.2449747086838106e-5
0.97,60,-0.009657131196948714
0.97,61,0.010180111999941111
0.97,62,0.00454919621625325
0.97,63,-0.0011029743897238192
0.97,64,-0.0016163542499787796
0.97,65,0.009546711963967575
0.97,66,-0.004670160630147304
0.97,67,0.009152881185878333
0.97,68,0.014296512663023064
0.97,69,0.0013120888198305616
0.97,70,0.0036116899252461214
0.97,71,-0.004110686585240565
0.97,72,-0.000265429905601283
0.97,73,0.008694682764945807
0.97,74,-0.013675065516938983
0.97,75,0.009591703765197676
0.97,76,0.013034988047422251
0.97,77,0.012159085299552452
0.97,78,-0.0170400417776793
0.97,79,0.005959654412664037
0.97,80,-0.0074720540391120084
0.97,81,-0.006192237010144962
0.97,82,0.00012638685226946055
0.97,83,-0.03717734652337873
0.97,84,-0.0024326607935020775
0.97,85,-0.014910596392541511
0.97,86,-0.028785528098127934
0.97,87,-0.01968984303739293
0.97,88,-0.03628934992340419
0.97,89,0.03573877714819021
0.97,90,-0.05251769299166892
0.97,91,0.032037681950058086
0.97,92,-0.049980159053457235
0.97,93,0.05052752255028168
0.97,94,-0.08369235948472142
0.97,95,0.08331413163599574
0.97,96,-0.009307581518795186
0.97,97,0.1586990239072539
0.97,98,0.033512386488816305
0.97,99,0.0608527249375749
0.97,100,0.1585046889824165
0.97,101,-0.04450413072518886
0.97,102,0.02321982610865477
0.97,103,-0.03846163436836718
0.97,104,0.04988567488904382
0.97,105,-0.029489167908894214
0.97,106,-0.0013230963484980223
0.97,107,0.004651704170283009
0.97,108,-0.009722214279480067
0.97,109,-0.008063839909011019
0.97,110,-0.017466458304122624
0.97,111,0.011734962503129274
0.97,112,-0.025717694489132394
0.97,113,-0.002653298665749234
0.97,114,-0.010058020666442373
0.97,115,0.016175939033126533
0.97,116,-0.03316490924295617
0.97,117,0.005051114892859633
0.97,118,-0.001705204789693798
0.97,119,-0.0052642507462156455
0.97,120,-0.019642019342615356
0.97,121,0.023687292242876846
0.97,122,-0.0036593954015264555
0.97,123,-0.015602406270939262
0.97,124,0.029885011015546133
0.97,125,-0.009123841878094289
0.97,126,0.022053946746485992
0.97,127,0.00961226916946746
0.97,128,-0.006770721703313459
0.97,129,0.014321213412550873
0.97,130,0.015312943138149264
0.97,131,-0.0038389076283770296
0.97,132,-0.010054038138176574
0.97,133,-0.01623101892666884
0.97,134,-0.0008740080736328375
0.97,135,0.016360014263894395
0.97,136,0.020871873386726077
0.97,137,0.0031239885293041507
0.97,138,-0.001877524628212457
0.97,139,-0.0013727084300905468
0.97,140,0.015693528027167544
0.97,141,-0.006626943657887911
0.97,142,0.0023406099475085534
0.97,143,0.012442622221637846
0.97,144,-0.0008239134537855972
0.97,145,-0.008589916342024556
0.97,146,0.0012477305160644814
0.97,147,-0.01697545596694979
0.97,148,0.00025037767848799737
0.97,149,0.013452348849993866
0.97,150,-0.011209107549957926
0.97,151,-0.003231792002725905
0.97,152,-0.011525750272712278
0.97,153,-0.01264970448251804
0.97,154,0.0038329073855369535
0.97,155,0.0035136729933206347
0.97,156,-0.01862290333714711
0.97,157,-0.0017640223107423417
0.97,158,0.014042488051155712
0.97,159,0.0024185375661100843
0.97,160,-0.004407777359553299
0.97,161,0.006351500828189089
0.97,162,-0.0029423367488564927
0.97,163,-0.01958896243697015
0.97,164,0.029389893818981428
0.97,165,0.002036669532527194
0.97,166,0.0047320626639306635
0.97,167,0.009180057320961823
0.97,168,-0.00027064976308507595
0.97,169,0.005424564078398911
0.97,170,0.011759043604477703
0.97,171,-0.0023758502085151874
0.97,172,0.010549822159866997
0.97,173,-0.011524445287027096
0.97,174,0.009540805478799182
0.97,175,-0.027852087486344435
0.97,176,0.006737991001573276
0.97,177,0.0054894294462174975
0.97,178,0.01898615451086751
0.97,179,-0.020651964888679403
0.97,180,0.010169927923047724
0.97,181,0.00543840670448244
0.97,182,-0.01794182490173097
0.97,183,-0.03682428222807265
0.97,184,-0.030506541155902647
0.97,185,0.048989154130486066
0.97,186,0.049096922453174326
0.97,187,0.030943091799342168
0.97,188,0.5932693082812416
0.97,189,-0.065924819778866
0.97,190,-0.07277476101697591
0.97,191,-0.07939159343247207
0.97,192,1.4897648748510852
0.97,193,0.2663019780640548
0.97,194,0.2552640601304763
0.97,195,-0.0007083651091232536
0.97,196,-0.025616851213126863
0.97,197,-0.0061456685661272995
0.97,198,-0.0024548236861330164
0.98,intercept,0.005871040502564118
0.98,1,0.14245006966647814
0.98,2,0.04778612351067609
0.98,3,0.08339378165400904
0.98,4,0.09699530981088726
0.98,5,0.02581620673506156
0.98,6,0.05196776285933326
0.98,7,-0.06018518365363369
0.98,8,-0.023868286505610056
0.98,9,0.006015054574279731
0.98,10,-0.03314232081026824
0.98,11,-0.02922704798339709
0.98,12,0.00418406547630414
0.98,13,-0.019704902414064807
0.98,14,-0.02413581628512177
0.98,15,0.012567912959434062
0.98,16,-0.01824942816310333
0.98,17,-0.01577684638212115
0.98,18,-0.02512592561096216
0.98,19,0.006938590552713302
0.98,20,-0.03163288097309638
0.98,21,0.01297830142721952
0.98,22,-0.014043352817883333
0.98,23,0.022016152818623177
0.98,24,-0.03334124307488523
0.98,25,-0.015535374459891857
0.98,26,0.019989791144464863
0.98,27,0.013897867822173055
0.98,28,-0.0076552679836422366
0.98,29,-0.015791226422360576
0.98,30,0.05294221427815578
0.98,31,-0.0038837437299136094
0.98,32,-0.01890406342405773
0.98,33,-0.0013503324074828895
0.98,34,-0.008553864744802383
0.98,35,0.01879284829448186
0.98,36,0.0010664369908920484
0.98,37,-0.001370553435819237
0.98,38,0.015187349101404856
0.98,39,-8.299397766218967e-5
0.98,40,-0.01102844000991482
0.98,41,0.0020435476417325236
0.98,42,0.008522693635719157
0.98,43,-0.008794676105243409
0.98,44,-0.017141046224622366
0.98,45,0.000688536152704944
0.98,46,0.030020048059564874
0.98,47,-0.02599668745657848
0.98,48,-0.000725734228917365
0.98,49,0.0036921508119305926
0.98,50,0.0059241095985700515
0.98,51,-0.008683090924451603
0.98,52,0.0005563779985769868
0.98,53,0.008502506268459078
0.98,54,0.01621860684797485
0.98,55,-0.021584677875512076
0.98,56,0.006823623164243479
0.98,57,0.0010953261391881885
0.98,58,-0.019870949653824545
0.98,59,-0.0005277306280454151
0.98,60,-0.011860394506955169
0.98,61,-0.0001852940887755243
0.98,62,0.010059193666992977
0.98,63,-0.011544364183163836
0.98,64,0.0013919422352820334
0.98,65,0.0165546874547227
0.98,66,-0.01424668241423657
0.98,67,0.013679751836505227
0.98,68,0.013979040039791637
0.98,69,-0.005308474059595417
0.98,70,0.014572299013714356
0.98,71,-0.011915281037013588
0.98,72,0.015700640003785914
0.98,73,-0.004321627474540392
0.98,74,-0.01637732691298123
0.98,75,0.01114264339996926
0.98,76,0.012061152777395159
0.98,77,0.01682619982907006
0.98,78,-0.021922149528425926
0.98,79,0.003989741305153242
0.98,80,-0.02226801556386705
0.98,81,-0.01443589469577182
0.98,82,0.019336935550945997
0.98,83,-0.04260121381482015
0.98,84,-0.009576127495082808
0.98,85,-0.03127181336941828
0.98,86,-0.0050832081456166096
0.98,87,-0.03512939883925854
0.98,88,-0.040680382025413915
0.98,89,0.05242129997738322
0.98,90,-0.06277164630364857
0.98,91,0.008614324121118939
0.98,92,-0.06546840734926737
0.98,93,0.07888261107076075
0.98,94,-0.11820121941963226
0.98,95,0.14984034164903465
0.98,96,-0.07024339132184208
0.98,97,0.2606044689116825
0.98,98,0.11443981597858534
0.98,99,0.0645266928160219
0.98,100,0.11833582855672584
0.98,101,-0.0016398754744114906
0.98,102,0.04339597103578017
0.98,103,-0.01143795627517487
0.98,104,0.0475981547967946
0.98,105,-0.0023117213290416794
0.98,106,-0.030884532511903012
0.98,107,0.009171685517724723
0.98,108,-0.0011106256495332155
0.98,109,-0.04106005632237514
0.98,110,-0.025080478041753635
0.98,111,-0.0058096271609537065
0.98,112,-0.017142009002345384
0.98,113,-0.028016343004949807
0.98,114,0.005429900697573099
0.98,115,0.023339415476842516
0.98,116,-0.040912554059709616
0.98,117,-0.011752705389297537
0.98,118,-0.00027263799383013673
0.98,119,0.04788429739116902
0.98,120,-0.047574374904454056
0.98,121,0.022831827355277123
0.98,122,0.006218073255254397
0.98,123,-0.027127800059566522
0.98,124,0.04164480086228987
0.98,125,0.004721900525595223
0.98,126,-0.0030332124117472582
0.98,127,0.006354679302581902
0.98,128,-0.0053672432337121155
0.98,129,0.02104778612964786
0.98,130,0.022506255439150583
0.98,131,0.006759033701390551
0.98,132,-0.01673755475438703
0.98,133,-0.016238860842215718
0.98,134,-2.0763275406396786e-5
0.98,135,0.015080055062586353
0.98,136,0.03235348503889686
0.98,137,-0.008856870176196834
0.98,138,0.01077394172012466
0.98,139,-0.014164251020698777
0.98,140,0.03473689311593271
0.98,141,-0.019139718321106187
0.98,142,0.027276464160021625
0.98,143,-0.010498928225317493
0.98,144,0.011104884566686185
0.98,145,-0.013446994753001726
0.98,146,-0.004124036499833383
0.98,147,-0.016801613103405222
0.98,148,-0.0041463834472377555
0.98,149,0.02657965269662277
0.98,150,-0.015611733371799325
0.98,151,-0.0049508172182665825
0.98,152,-0.016722139438392323
0.98,153,-0.014584246492231542
0.98,154,0.003660073504526772
0.98,155,0.0030874889945681785
0.98,156,-0.0341767853645518
0.98,157,0.009649393289595123
0.98,158,0.03620301842802503
0.98,159,-0.013004957657452243
0.98,160,0.014094155144060051
0.98,161,-0.0032907801429120616
0.98,162,0.004125323703595114
0.98,163,-0.03313419136537744
0.98,164,0.05105888032363834
0.98,165,0.013029452548607715
0.98,166,0.01742303799050296
0.98,167,0.006207671349268764
0.98,168,0.014742768461946864
0.98,169,0.01184069865171632
0.98,170,-0.005247309597280264
0.98,171,0.021084820054029146
0.98,172,-0.001566405303424669
0.98,173,0.0011577157568680011
0.98,174,-0.006153602491509024
0.98,175,-0.022295329679499855
0.98,176,0.013916485919518985
0.98,177,-0.005326527123299578
0.98,178,0.012160073379099167
0.98,179,-0.027874631681056625
0.98,180,0.01763551222823287
0.98,181,-0.022077286395648377
0.98,182,-0.02265212263728051
0.98,183,-0.03780385958435755
0.98,184,0.03797286878445569
0.98,185,0.06628560336756736
0.98,186,-0.0075433858119549925
0.98,187,0.049548504431313534
0.98,188,0.6167984150583524
0.98,189,-0.05357958262916096
0.98,190,-0.09249628566215791
0.98,191,-0.09972504809376148
0.98,192,1.5577643798923202
0.98,193,0.2572097655155457
0.98,194,0.2585102726348255
0.98,195,-0.0018320156061360014
0.98,196,-0.04492065613666908
0.98,197,-0.005747644309255414
0.98,198,-0.003785423484674299
0.99,intercept,0.04777337125117753
0.99,1,0.1524527187803072
0.99,2,0.13598350738496498
0.99,3,0.10936089341580467
0.99,4,0.15291953579699388
0.99,5,0.023627774238951942
0.99,6,0.018549959760207915
0.99,7,-0.0884200933246114
0.99,8,-0.02444589280884991
0.99,9,-0.0032632811022194597
0.99,10,-0.06104916466159557
0.99,11,-0.033624492513386915
0.99,12,0.0033871174072301296
0.99,13,0.019378464008518684
0.99,14,-0.04665307820855282
0.99,15,0.0002776130330623121
0.99,16,-0.007522823858424447
0.99,17,-0.022778034831229192
0.99,18,-0.012531804393879862
0.99,19,-0.027546137309338553
0.99,20,-0.026638633085343023
0.99,21,-0.0006463938991689473
0.99,22,-0.015173860854522138
0.99,23,-0.0027412326851061464
0.99,24,-0.021068806151189227
0.99,25,-0.03301075407906987
0.99,26,0.04104435139153965
0.99,27,-0.027378773332215015
0.99,28,-0.01609345154920926
0.99,29,-0.03725266119367851
0.99,30,0.15090836799777543
0.99,31,-0.005678797826307792
0.99,32,-0.01764513922647105
0.99,33,-0.0004037237410360903
0.99,34,-0.011984614817397626
0.99,35,0.011473235832799196
0.99,36,0.04434418199541338
0.99,37,-0.01632951371431009
0.99,38,-0.014711210938586603
0.99,39,0.03822897561507678
0.99,40,-0.042211771627496446
0.99,41,0.003946070854637665
0.99,42,0.0011205354005819018
0.99,43,-0.00017060969193764754
0.99,44,-0.022584667127763646
0.99,45,-0.02211870385383429
0.99,46,0.06778061125360833
0.99,47,-0.011517118454053793
0.99,48,-0.02672431285251584
0.99,49,-0.004341465241038419
0.99,50,0.04660843756479207
0.99,51,-0.042105165012501486
0.99,52,0.05465044727999169
0.99,53,-0.002397863981079556
0.99,54,0.04084618920569203
0.99,55,-0.027401741978001336
0.99,56,0.0007584321692972978
0.99,57,-0.0006029576630731112
0.99,58,-0.02576086438001255
0.99,59,0.0007200587119501943
0.99,60,-0.006406302276562544
0.99,61,0.035968654790906364
0.99,62,-0.027404271650190985
0.99,63,-0.015637243202717453
0.99,64,-0.002920367970729974
0.99,65,0.036739712366473096
0.99,66,-0.02423610599306776
0.99,67,0.02101036968694126
0.99,68,0.024834237709011216
0.99,69,-0.02990851469617991
0.99,70,0.034348232663050364
0.99,71,-0.019094565922320516
0.99,72,0.014037990654784392
0.99,73,-0.015720069607220204
0.99,74,-0.010531813810221417
0.99,75,0.0028912577410521723
0.99,76,0.029092774091153028
0.99,77,0.010186195500508569
0.99,78,-0.004892096977869304
0.99,79,0.0282294539291994
0.99,80,-0.018100025960323608
0.99,81,-0.06219368439674897
0.99,82,0.0265315404695855
0.99,83,-0.05776901375124996
0.99,84,-0.0483894555333612
0.99,85,-0.07860307802347445
0.99,86,0.04285683409448496
0.99,87,-0.05374112247927231
0.99,88,-0.052359315397097074
0.99,89,0.03998185107194938
0.99,90,-0.07425641508692432
0.99,91,0.068506940546833
0.99,92,-0.14000752305046724
0.99,93,0.18076083297606255
0.99,94,-0.14927020810144898
0.99,95,0.1891570908739339
0.99,96,-0.09876599880787414
0.99,97,0.3384690804547457
0.99,98,0.038210378466881946
0.99,99,0.04062825345383539
0.99,100,0.13083975332658143
0.99,101,0.06461825342500292
0.99,102,0.10106316967564112
0.99,103,-0.10470859570865992
0.99,104,0.04888856967026892
0.99,105,-0.011472065750204265
0.99,106,-0.028576707638490344
0.99,107,-0.039820810131626534
0.99,108,0.12195744292081227
0.99,109,-0.03962862067766923
0.99,110,-0.0628488167555859
0.99,111,-0.01477364602209577
0.99,112,-0.012005383646746505
0.99,113,-0.041420804227206315
0.99,114,0.04366933144654501
0.99,115,-0.03917699018827525
0.99,116,0.000841928327895074
0.99,117,-0.027727413413323406
0.99,118,0.04124470230651989
0.99,119,0.010466948042801164
0.99,120,-0.05905993639455581
0.99,121,0.013683039558528697
0.99,122,-0.0031169191621184043
0.99,123,-0.0028540655854533423
0.99,124,0.018656473223659594
0.99,125,0.011659189931084672
0.99,126,0.025141108559420856
0.99,127,-0.020077544576398466
0.99,128,-0.02612792431674113
0.99,129,0.06711213683108716
0.99,130,-0.0062371478339652165
0.99,131,-0.00974617948734827
0.99,132,-0.01841986907946108
0.99,133,-0.012061204198538823
0.99,134,0.06220841709868478
0.99,135,-0.0001329151463842178
0.99,136,0.03987540670328843
0.99,137,-0.033092407775515656
0.99,138,0.03607728837165364
0.99,139,-0.022815804739897055
0.99,140,0.0853520221678721
0.99,141,-0.03655389445940162
0.99,142,0.0238636099527917
0.99,143,-0.029650528514813597
0.99,144,0.014543436563708712
0.99,145,-0.040172415830671965
0.99,146,0.01163692048641462
0.99,147,-0.02513170833073082
0.99,148,0.011739785695669816
0.99,149,0.00438718407211013
0.99,150,0.02503467396200938
0.99,151,-0.037119831930364305
0.99,152,-0.0059830504040528365
0.99,153,-0.0015052405558933762
0.99,154,-0.009630660415328092
0.99,155,0.004568454184724606
0.99,156,-0.04979938281538811
0.99,157,0.08726076047903768
0.99,158,0.020033049762423278
0.99,159,-0.018896532713659382
0.99,160,0.020115056824703426
0.99,161,-0.0009280703161005972
0.99,162,-0.02649273174124711
0.99,163,0.01986717399551726
0.99,164,0.04821126776597373
0.99,165,0.010946158088979745
0.99,166,2.281005250760268e-5
0.99,167,-0.01407671659603413
0.99,168,0.03646393073930887
0.99,169,0.018789981962434168
0.99,170,-0.026730494068552324
0.99,171,0.08247573226252763
0.99,172,-0.033233292998783234
0.99,173,0.046042955246375285
0.99,174,-0.034250157003205245
0.99,175,-0.020443940806245193
0.99,176,0.028924882358328814
0.99,177,-0.029562768906354425
0.99,178,0.0163945497779465
0.99,179,0.10610675997956452
0.99,180,-0.006904076303995256
0.99,181,-0.05768791905845058
0.99,182,-0.036055208513981876
0.99,183,-0.0003674007220896632
0.99,184,0.10503354665937945
0.99,185,-0.06886879252753117
0.99,186,0.16807313657123957
0.99,187,-0.0009157471524964548
0.99,188,0.5124316668511398
0.99,189,-0.09529758385457025
0.99,190,-0.09081391429001001
0.99,191,-0.15075330160398617
0.99,192,1.7331327236794325
0.99,193,0.20983926740825393
0.99,194,0.27585977064685024
0.99,195,-0.014509142083222563
0.99,196,-0.08663224969350296
0.99,197,-0.005647975380411674
0.99,198,-0.007019302433457469
