VarA,VarB,Value
0.01,intercept,0.009123908683156882
0.01,1,0.00039639953541194934
0.01,2,0.0032611842050579765
0.01,3,-0.000999843682069275
0.01,4,0.0003557547995976147
0.01,5,0.002335158531227152
0.01,6,-0.0015006043417025796
0.01,7,0.0012559839562996016
0.01,8,0.0011823636904623705
0.01,9,0.0008183921511919853
0.01,10,-0.0017674285355225943
0.01,11,-0.00033193131563667515
0.01,12,-0.0014275639989844758
0.01,13,0.0009631909045822156
0.01,14,0.0012983029473019748
0.01,15,0.0014857376490304192
0.01,16,0.001439350486680393
0.01,17,-0.0009929439571378278
0.01,18,0.0020635787546898934
0.01,19,-0.003758287059514688
0.01,20,0.0012661431586341323
0.01,21,0.00042446797567645113
0.01,22,-7.403534356102817e-5
0.01,23,-0.0018193273065637801
0.01,24,0.0006355553265338687
0.01,25,-0.00015311096331650496
0.01,26,-0.003111633558564283
0.01,27,0.0029167243878662104
0.01,28,-0.0008648590555481941
0.01,29,4.153620847951158e-5
0.01,30,0.002370684575809918
0.01,31,-0.002592458884786478
0.01,32,0.002773420857470381
0.01,33,-0.0028020506917658867
0.01,34,0.0010811925025542137
0.01,35,-8.029351351405552e-5
0.01,36,0.0009746178314566445
0.01,37,0.003032355745410259
0.01,38,-0.0020427984013467707
0.01,39,-0.0029407128836284914
0.01,40,-0.0009100079835485855
0.01,41,0.0019123939876205455
0.01,42,0.0008911655421986992
0.01,43,0.0003015396749126552
0.01,44,-7.071222987664213e-5
0.01,45,0.0006142881383310265
0.01,46,0.0003251054550979063
0.01,47,0.001637736078487533
0.01,48,-0.0026778811086151195
0.01,49,0.0014259545688962028
0.01,50,-0.00047017088570604253
0.01,51,0.001370589310927711
0.01,52,0.00037188460211260414
0.01,53,0.0003108316865875092
0.01,54,0.0014751984592511203
0.01,55,-0.0002869867740106353
0.01,56,0.00028036239827656097
0.01,57,0.0006724861480377246
0.01,58,-0.00042976764093157014
0.01,59,-0.00027554083947773554
0.01,60,0.0009824026577278987
0.01,61,0.003255074827693243
0.01,62,-0.0005810656149208609
0.01,63,-0.0005965331008407521
0.01,64,0.000223251501654727
0.01,65,-0.001161508048913528
0.01,66,0.0012061772546688608
0.01,67,-0.0011537433752659486
0.01,68,3.2310165031585464e-5
0.01,69,0.00014222990491657988
0.01,70,-0.004465445158948399
0.01,71,0.0034475062330569773
0.01,72,-0.0005554105184648251
0.01,73,-0.0006978938171248127
0.01,74,0.0026246895626678645
0.01,75,-0.0013361119911797633
0.01,76,6.202585018604108e-5
0.01,77,-0.0003242476511752633
0.01,78,0.00010327279563823372
0.01,79,4.1993682172372494e-5
0.01,80,-0.0016926299544860574
0.01,81,0.0030925194499939732
0.01,82,-0.0007393056587592635
0.01,83,0.000527639261813704
0.01,84,-0.0014371863490632185
0.01,85,0.0012965627415080267
0.01,86,0.0005304513212456679
0.01,87,-0.0016954365528463562
0.01,88,0.0016704007512362046
0.01,89,-0.0001622009232862995
0.01,90,0.0001962030631342388
0.01,91,0.001364596797256874
0.01,92,-0.0030143826772855856
0.01,93,0.002021530576608015
0.01,94,0.0010035049174998726
0.01,95,0.003842540130335601
0.01,96,-0.0009838555437927349
0.01,97,0.0007754206852781816
0.01,98,-0.00012252034058207381
0.01,99,0.0014715457962952746
0.01,100,-0.0006329516731952008
0.01,101,-0.0016244893719768413
0.01,102,0.0020925122002608248
0.01,103,-0.0001543387262228828
0.01,104,9.374434433823044e-5
0.01,105,-0.0014812827670978555
0.01,106,-0.0012412352350238533
0.01,107,0.004429489861857487
0.01,108,-0.0012065856183528139
0.01,109,0.0007128283031819592
0.01,110,-0.00024128248833540596
0.01,111,0.0015142095883404593
0.01,112,0.00020460397882789616
0.01,113,0.00026899357873138305
0.01,114,0.00013618062249599145
0.01,115,0.0004120792476625744
0.01,116,-0.0010510529214995958
0.01,117,0.0026346172248566994
0.01,118,-0.0013196004760558347
0.01,119,-0.002338743120852257
0.01,120,0.00036745245912534727
0.01,121,-0.000931455654834921
0.01,122,-0.0013243879546859887
0.01,123,0.0025970748072254263
0.01,124,-0.002251234304411367
0.01,125,0.0014860257887998468
0.01,126,-0.00045023288896291734
0.01,127,-0.0011696253524000712
0.01,128,2.0651063414599644e-5
0.01,129,-0.0005415517310633823
0.01,130,0.001756058195417861
0.01,131,-0.001662588158394717
0.01,132,-0.00109748167676158
0.01,133,-0.0007012947883230999
0.01,134,0.0020159702827208664
0.01,135,-0.0013138024847719706
0.01,136,0.0011419677079542812
0.01,137,0.002872643415307216
0.01,138,-0.0016737528408453058
0.01,139,-0.0013103734552762304
0.01,140,-6.887049269204929e-5
0.01,141,-0.0004969013764924804
0.01,142,0.0027408637475648005
0.01,143,-0.00032268859280731247
0.01,144,-0.00021743955003063369
0.01,145,0.002359260805517321
0.01,146,-0.0012972343121876418
0.01,147,0.00029861765887347167
0.01,148,0.00205118823522416
0.01,149,0.000592021295722134
0.01,150,0.0005083433740800293
0.01,151,0.0005039984029166305
0.01,152,-4.684161012009465e-5
0.01,153,0.0021436827961340073
0.01,154,-0.00011005349322725591
0.01,155,8.196937005966546e-5
0.01,156,0.0020159015661676215
0.01,157,-0.00266347563692768
0.01,158,0.0007172692280043598
0.01,159,0.0021994145468016836
0.01,160,-0.0009139807550543772
0.01,161,-0.0017608510937849756
0.01,162,-0.002853383967226672
0.01,163,0.002129884712223857
0.01,164,-0.0013990570989622852
0.01,165,0.002220136678040425
0.01,166,-0.002599653315800686
0.01,167,0.0003852975664201876
0.01,168,-3.112486591568675e-5
0.01,169,0.0009292790369158495
0.01,170,0.00020449904591723312
0.01,171,-0.000446636122145478
0.01,172,-8.716937351615002e-5
0.01,173,0.0018193884724247414
0.01,174,-0.0015976945998582982
0.01,175,0.002007270833823663
0.01,176,-0.0013265930402176199
0.01,177,0.003331956157748594
0.01,178,-0.003912585350477833
0.01,179,0.0015356398440652414
0.01,180,0.005592555823391916
0.01,181,-8.426173605969158e-5
0.01,182,0.0027188833204510195
0.01,183,-0.0026390826916695624
0.01,184,0.0029826476176221628
0.01,185,-0.003984003538576696
0.01,186,0.0013564456928791696
0.01,187,0.0064285255135205785
0.01,188,-0.0003285476804396839
0.01,189,0.0012132916317211496
0.01,190,0.009287276480462365
0.01,191,0.0006974005007210778
0.01,192,0.05543440527926312
0.01,193,0.0029684479191665757
0.01,194,0.004537258847989241
0.01,195,-0.0007740974906323764
0.01,196,7.939007191871577e-5
0.01,197,-0.00030871108491732727
0.01,198,0.0002649080266044494
0.02,intercept,0.009942668221497577
0.02,1,0.0009926262845488957
0.02,2,0.00315487635399391
0.02,3,0.0003095935560714809
0.02,4,0.0015398022145203946
0.02,5,0.002290121179515434
0.02,6,-0.0006057406346550425
0.02,7,0.0008453132397961124
0.02,8,0.001327325294068095
0.02,9,-0.0004488227628604112
0.02,10,-0.000887869376380361
0.02,11,0.001389562317569066
0.02,12,-0.002208927963272042
0.02,13,0.0005920685912610454
0.02,14,-0.0009751684456830947
0.02,15,0.0030644711986491597
0.02,16,0.0007013864534879485
0.02,17,8.270251681969554e-5
0.02,18,0.0005496946527691536
0.02,19,-0.0025633437301787274
0.02,20,-0.0012682779760407495
0.02,21,0.0017219138106900778
0.02,22,8.138363425412532e-5
0.02,23,1.1117588002721819e-5
0.02,24,-0.0007677228068411715
0.02,25,-0.0007342908884305248
0.02,26,-0.002063083540279232
0.02,27,0.0014530030808596304
0.02,28,-0.0012179847242127185
0.02,29,0.0027757342229265698
0.02,30,-0.00026636370124790185
0.02,31,-6.625912481148775e-5
0.02,32,0.0013847420751586011
0.02,33,-0.0020817982895120885
0.02,34,-0.00021678845999747608
0.02,35,0.0014059919337573387
0.02,36,0.0011185749925200722
0.02,37,0.0018500038579474553
0.02,38,-0.002292995058342872
0.02,39,-0.0010463206659892495
0.02,40,-0.002001135657636291
0.02,41,0.003002607005129962
0.02,42,-0.0009023911132027941
0.02,43,0.0007563270349241319
0.02,44,0.0006790282802930901
0.02,45,0.00017568223473469374
0.02,46,0.001497477721668479
0.02,47,-0.0007023239952716337
0.02,48,0.0006883664565144075
0.02,49,-0.0003244571110150583
0.02,50,0.0005858988918376151
0.02,51,0.002042834715955046
0.02,52,0.0011462458720084827
0.02,53,-0.0013606583051358969
0.02,54,0.001251728179640238
0.02,55,0.0008023576140000834
0.02,56,0.0005662515710819498
0.02,57,0.00020649254694298405
0.02,58,0.0017176221458028173
0.02,59,0.00021993418042188788
0.02,60,0.000981770261922833
0.02,61,0.0007002785848384943
0.02,62,0.0010167100517030408
0.02,63,-0.0018967061180948242
0.02,64,0.000720153951798355
0.02,65,0.0005572199218369619
0.02,66,0.0007321666884338854
0.02,67,0.00024385408731065323
0.02,68,-0.00041724349354913486
0.02,69,-0.00042267331683102066
0.02,70,-0.0036455513933787097
0.02,71,0.002628993900786927
0.02,72,-0.001841382006339657
0.02,73,-0.0009171073486569599
0.02,74,0.0008710383415478641
0.02,75,0.00020364978976737173
0.02,76,0.0006176507933855374
0.02,77,-0.000958255545147615
0.02,78,-0.0011552375899801521
0.02,79,-0.0004007287324992939
0.02,80,0.00042153161386404103
0.02,81,0.0029096352351601702
0.02,82,-6.873608274414026e-5
0.02,83,0.00011078986831969926
0.02,84,-0.0024351617339171535
0.02,85,0.00041813030438860824
0.02,86,0.000988370387642971
0.02,87,-0.002602276291442299
0.02,88,0.0024326685318137964
0.02,89,0.0005529931998105204
0.02,90,0.0014209107396608743
0.02,91,0.0013065059606734244
0.02,92,-0.0016342684158809628
0.02,93,0.0006600876846733456
0.02,94,0.0010136124922415033
0.02,95,0.005241188333187309
0.02,96,-0.0031583155868483313
0.02,97,0.0006294874412406059
0.02,98,-4.4330483902927024e-5
0.02,99,-0.0007104203977044913
0.02,100,0.001224817261081194
0.02,101,-0.0013030101078755434
0.02,102,0.0017008322701410465
0.02,103,-0.0008233529648857661
0.02,104,0.00013703962587793947
0.02,105,-0.0012568178025405777
0.02,106,0.00011656866796115205
0.02,107,0.001978462468147167
0.02,108,0.0009374310511070719
0.02,109,0.0012987953574085688
0.02,110,-0.00043843973722024996
0.02,111,0.0022606777643533415
0.02,112,-0.0011496716639722905
0.02,113,-0.00027609063756594865
0.02,114,0.0007996637802259303
0.02,115,-0.0016001888019027575
0.02,116,0.0004520257666205737
0.02,117,-0.001615107863288119
0.02,118,0.0014728174073510801
0.02,119,-0.0025981439231117197
0.02,120,-0.0008666656413107611
0.02,121,-0.0009393155802407084
0.02,122,-0.0005947054700977844
0.02,123,0.0009342009680808926
0.02,124,-0.001977732504060783
0.02,125,0.0024695251816734065
0.02,126,-0.0001497394573654958
0.02,127,-0.0013762390921683405
0.02,128,0.0005172927653049542
0.02,129,0.0006299531913214155
0.02,130,0.0010939425533717977
0.02,131,-0.0005929304406637406
0.02,132,-0.0011990386823182853
0.02,133,0.00042358340141828625
0.02,134,0.0009125438497681152
0.02,135,-0.000570573607487675
0.02,136,0.0010526346743533314
0.02,137,0.0017958882954646881
0.02,138,-0.0005636656805488667
0.02,139,-0.003151905014563964
0.02,140,0.000734749168151719
0.02,141,-0.001236736832407696
0.02,142,0.002350824280503238
0.02,143,0.0011715637642467996
0.02,144,-0.0010941195926601104
0.02,145,0.002313622660012023
0.02,146,0.0002597979271008062
0.02,147,-0.0008413897360264973
0.02,148,0.003248358112897066
0.02,149,-0.0007734763657167135
0.02,150,0.0021047054300010076
0.02,151,-4.376497529143175e-5
0.02,152,0.0012834291661236806
0.02,153,-0.0006525441141644365
0.02,154,0.00037931242250232157
0.02,155,-0.00033843890226139823
0.02,156,0.0025721944028959604
0.02,157,-0.0015204866128849265
0.02,158,0.0004139228416098553
0.02,159,0.002025222292411718
0.02,160,0.0007478885448450809
0.02,161,-0.002465247328919599
0.02,162,-0.0005664158816538979
0.02,163,-0.00027918248740754005
0.02,164,2.7023268524097823e-5
0.02,165,-1.6191768872187355e-5
0.02,166,-0.0006537861337307774
0.02,167,-0.0010951349050434512
0.02,168,0.00045896637743721017
0.02,169,0.0009006314441081781
0.02,170,-0.0012003516834322584
0.02,171,0.0006665587066571061
0.02,172,-0.00016752951245454934
0.02,173,0.002052942502645042
0.02,174,0.000977990764768827
0.02,175,0.0002745779091914914
0.02,176,-0.0016512854013378984
0.02,177,0.002643534941557967
0.02,178,-0.0030421423527357385
0.02,179,0.002518035546282934
0.02,180,0.004430013715094033
0.02,181,0.000934191982946433
0.02,182,0.0002571778872731348
0.02,183,-0.0018563979676616475
0.02,184,0.003138552624184723
0.02,185,-0.0018842092002356535
0.02,186,0.0017675815583591545
0.02,187,0.005938909210285802
0.02,188,-0.0017938714500904342
0.02,189,0.0005215160205266135
0.02,190,0.009920248725259722
0.02,191,0.000599539752947662
0.02,192,0.06538404181749909
0.02,193,0.005031252147399639
0.02,194,0.005673375109338022
0.02,195,-0.0015251037863142822
0.02,196,-4.601120120782317e-5
0.02,197,-0.000463374200818187
0.02,198,0.00013657668569811712
0.03,intercept,0.011048662502471936
0.03,1,3.051984302861839e-5
0.03,2,0.00369420404685454
0.03,3,0.0007377079356589779
0.03,4,0.0009405959798673952
0.03,5,0.0024066785692351852
0.03,6,0.0006180671091625117
0.03,7,-0.0012759643093152404
0.03,8,0.004062471371921753
0.03,9,-0.0006124906223381932
0.03,10,-0.00039273661088367473
0.03,11,0.0026482413578422194
0.03,12,-0.0027896256133778325
0.03,13,0.0003691243808993497
0.03,14,-8.476503889216151e-5
0.03,15,0.0010002825795303255
0.03,16,0.0018924928693338325
0.03,17,-4.140414544939225e-5
0.03,18,0.0004754464150077088
0.03,19,-0.002548021010306832
0.03,20,-0.0027524639258601656
0.03,21,0.0017764217904193771
0.03,22,0.00043393617847483767
0.03,23,-0.0007717461329489601
0.03,24,-0.0003661572817320002
0.03,25,-0.0010956653050460245
0.03,26,-0.0030328294616289455
0.03,27,0.00040189107497006496
0.03,28,-0.00050436147691158
0.03,29,0.0027392821403845365
0.03,30,0.0006127041913811587
0.03,31,0.0004607950076445768
0.03,32,0.0005307989883500337
0.03,33,-0.0008199866670941401
0.03,34,-0.0002764168928431605
0.03,35,0.0011146497013531688
0.03,36,0.0006840671380817201
0.03,37,0.001059142965143582
0.03,38,-0.001733349557984105
0.03,39,-0.0009515232222953324
0.03,40,-0.0022516483020381295
0.03,41,0.0028308516201337097
0.03,42,-0.0010621322164825913
0.03,43,0.0006501286396968432
0.03,44,0.0011114222069856855
0.03,45,0.0005975463083840389
0.03,46,3.2855783125839645e-5
0.03,47,-0.00018136538436064705
0.03,48,0.0006885284769562568
0.03,49,0.0007071231286972188
0.03,50,0.0010026947101857322
0.03,51,0.00043295491869078576
0.03,52,0.0017985235059534072
0.03,53,-0.0008665850860493122
0.03,54,0.00023648540477868955
0.03,55,0.002129883152672738
0.03,56,0.0007027727187899237
0.03,57,-0.0005374797063396029
0.03,58,0.0025522478439905256
0.03,59,-0.0008881302926154042
0.03,60,0.0020309534324936857
0.03,61,0.0012396325339804842
0.03,62,-8.711980970118912e-5
0.03,63,-0.0011315693588588535
0.03,64,0.0005927848991049633
0.03,65,-3.7843388346136834e-5
0.03,66,9.816511005805054e-6
0.03,67,0.00032691270769849687
0.03,68,-0.0004863434147750263
0.03,69,-0.0014530073270774292
0.03,70,-0.00046514406583576535
0.03,71,0.0008582538776221731
0.03,72,-0.001418765427710586
0.03,73,-0.002160617846630829
0.03,74,0.000647063800569486
0.03,75,0.0007985016393633268
0.03,76,-0.00015893379903278822
0.03,77,-0.0005735105949408114
0.03,78,-0.0011480445927254657
0.03,79,0.0005162235621532573
0.03,80,-0.0008083032489606469
0.03,81,0.0022330509061716975
0.03,82,0.0006466910469902761
0.03,83,0.0004341786030759183
0.03,84,-0.00035089904976327656
0.03,85,0.0004863645913811222
0.03,86,0.00019271275610698577
0.03,87,-0.0011726036698850861
0.03,88,0.0023654438468553784
0.03,89,0.0013997796289933636
0.03,90,0.001222583982816407
0.03,91,0.0007985510912819434
0.03,92,-0.0003995893357193839
0.03,93,0.0021980890889396498
0.03,94,0.00025388062893297303
0.03,95,0.00546342824698261
0.03,96,-0.0027343417159936957
0.03,97,0.0013117772404952893
0.03,98,-0.0013728570441155449
0.03,99,0.00018364735133189457
0.03,100,0.0006124345429054039
0.03,101,-0.0008605656227863027
0.03,102,0.0005651382808042561
0.03,103,0.00046596364592625515
0.03,104,-0.0004060112104092147
0.03,105,-0.00013350789713725519
0.03,106,-0.00039186288228845923
0.03,107,0.0010582001089029808
0.03,108,0.002110318476902666
0.03,109,0.0002906380408847301
0.03,110,-5.42599604821273e-6
0.03,111,0.0016323943556410302
0.03,112,-0.0012887376629449627
0.03,113,0.00041695339225648756
0.03,114,-0.001020733858417983
0.03,115,0.0002958272640997721
0.03,116,0.0002865307402588823
0.03,117,-0.0006537362562429042
0.03,118,-0.0005180954980403112
0.03,119,-0.0021423439185262226
0.03,120,-0.0012159082417893868
0.03,121,-0.0003840144200596239
0.03,122,-1.7675331447527864e-5
0.03,123,0.00011929846784267567
0.03,124,-0.0010425396834798939
0.03,125,0.0009782900280466366
0.03,126,-0.000456129539875398
0.03,127,-0.0005726283871828788
0.03,128,-0.000625657600900517
0.03,129,0.002319939863868639
0.03,130,0.0008313408872995923
0.03,131,-0.00047760711036007005
0.03,132,-0.001921754757016628
0.03,133,0.0008270506759293063
0.03,134,0.0007843983067371803
0.03,135,-3.1025556715703887e-5
0.03,136,0.0006519648221741543
0.03,137,0.0012143031336167866
0.03,138,-0.0006498460416838569
0.03,139,-0.002590259056974346
0.03,140,0.0017688738251408576
0.03,141,-0.0009887759175503778
0.03,142,0.0018971062926786385
0.03,143,0.0016264913467687497
0.03,144,-0.0015806623553823495
0.03,145,0.0018709159477012514
0.03,146,0.0008381434891941543
0.03,147,-0.0008154538096356459
0.03,148,0.002665449853135966
0.03,149,-0.0012515499141121079
0.03,150,0.002182977940882587
0.03,151,-0.0008763446333492841
0.03,152,0.001137404800672275
0.03,153,-0.0015694379298321142
0.03,154,0.0005265936169765729
0.03,155,-5.0896397350611394e-5
0.03,156,0.0013790923868255817
0.03,157,-0.0009217924916507615
0.03,158,0.0006382213455274064
0.03,159,0.003052956364861628
0.03,160,0.00050782482799772
0.03,161,-0.0034395887426140214
0.03,162,0.001264277593741937
0.03,163,-0.0019093318351727075
0.03,164,0.0007559718022724788
0.03,165,0.0006789885467443789
0.03,166,-0.0014422051624197122
0.03,167,-0.0009591717525678914
0.03,168,0.0009385433184137563
0.03,169,0.0006671631371106634
0.03,170,-0.001958689537517573
0.03,171,-0.0003631546925137167
0.03,172,0.0018724124242258343
0.03,173,-0.00022716131252672697
0.03,174,0.0013805204999864356
0.03,175,-0.0022943665520431538
0.03,176,-0.00028187786042473356
0.03,177,0.001754262953762536
0.03,178,0.0004387954180118644
0.03,179,0.0028437094999166157
0.03,180,0.0020282833242681797
0.03,181,0.0013786985146870562
0.03,182,-0.0004892253298064843
0.03,183,-0.0007881819407245903
0.03,184,0.0016536056246341556
0.03,185,-0.0008793870738748969
0.03,186,0.0010811188224677918
0.03,187,0.004195631791634515
0.03,188,-0.000899076481050058
0.03,189,0.001237222178240124
0.03,190,0.009573027610030071
0.03,191,0.00248116025902987
0.03,192,0.07186516620280965
0.03,193,0.005026514968311803
0.03,194,0.0044360060366478785
0.03,195,-0.0017379701149392323
0.03,196,7.830138294497371e-5
0.03,197,-0.0008105872911130641
0.03,198,-0.0001553160600312256
0.04,intercept,0.012222293558902642
0.04,1,-0.00010117079763860094
0.04,2,0.0026957664528935313
0.04,3,0.0015933601572155815
0.04,4,-0.0003272028523835628
0.04,5,0.0026778846400592514
0.04,6,0.0007215438687724188
0.04,7,-0.0016665725147924312
0.04,8,0.002613582860802381
0.04,9,0.0011380543633698198
0.04,10,-0.0005118416465645769
0.04,11,0.0015858117406052996
0.04,12,-0.00215929035833137
0.04,13,-4.145351346476086e-5
0.04,14,0.0004381414505087603
0.04,15,0.0009328026623060148
0.04,16,0.001239796554849657
0.04,17,0.0005556338574613857
0.04,18,-0.0006847967907783369
0.04,19,-0.002220896941809434
0.04,20,-0.002290247689328604
0.04,21,0.0007022564922151071
0.04,22,0.0005486991590473535
0.04,23,-0.00040963088769792566
0.04,24,-0.00037556888241043737
0.04,25,-0.0011009344953033446
0.04,26,-0.0029837195290910988
0.04,27,0.0009966083649266774
0.04,28,-0.0009286791293843477
0.04,29,0.002804704684067333
0.04,30,0.0008077896112832984
0.04,31,0.0005133377464895299
0.04,32,0.00011903411015687785
0.04,33,-0.0008190447421254938
0.04,34,0.00029372239418708884
0.04,35,0.001276358033281829
0.04,36,0.00025772059627302636
0.04,37,9.75744578669692e-5
0.04,38,-0.0017013506054073188
0.04,39,-0.0008096066028029746
0.04,40,-0.0021843697741519776
0.04,41,0.0018345389386810204
0.04,42,0.0006189138631824936
0.04,43,-3.5199406584820654e-5
0.04,44,0.0009920380907705662
0.04,45,-0.0002198566915828005
0.04,46,-0.00017256485652306777
0.04,47,0.0005318670654671989
0.04,48,0.000985453521694773
0.04,49,0.0008792750100394211
0.04,50,0.0003668489716800472
0.04,51,0.00164258516502447
0.04,52,0.0015790867294344269
0.04,53,0.00013189078669128656
0.04,54,0.0008603955680733648
0.04,55,0.0005290622613175895
0.04,56,0.0009898486674853524
0.04,57,-0.0004170305559407376
0.04,58,0.0023684070117288773
0.04,59,8.049380753800946e-5
0.04,60,0.0008614587316213691
0.04,61,0.001461300000081777
0.04,62,-0.0002956119364492655
0.04,63,-0.001072434702855339
0.04,64,0.0015152394116471478
0.04,65,-0.0008742299963742754
0.04,66,0.0002496279961841957
0.04,67,-0.00026681049300193434
0.04,68,-0.000209326076471311
0.04,69,-0.0012729017653568713
0.04,70,-0.0006743874701097891
0.04,71,0.0008960690971133534
0.04,72,-0.0017906407825813173
0.04,73,-0.0019673976346034623
0.04,74,-5.1661493448600196e-5
0.04,75,0.001135612118983104
0.04,76,-0.0002928313642099825
0.04,77,-0.0004377493928364559
0.04,78,-0.0008332293734005108
0.04,79,-0.00023978574183279662
0.04,80,0.00028119469086249435
0.04,81,0.0003842557044050871
0.04,82,0.002510637460681419
0.04,83,-0.0012574960803818725
0.04,84,0.0004638951258840015
0.04,85,-0.00013561173312009965
0.04,86,0.00015093679592388933
0.04,87,-0.0007512636371728067
0.04,88,0.0016401874013398407
0.04,89,0.0014887908993868738
0.04,90,-0.00017076686914073018
0.04,91,0.002231809927831093
0.04,92,-0.0014122205130413779
0.04,93,0.0024390970449449352
0.04,94,0.0010992156985293552
0.04,95,0.004655342912470307
0.04,96,-0.0027146831036096
0.04,97,0.00253444139857824
0.04,98,-0.0013471981040148572
0.04,99,0.00037193687214975943
0.04,100,0.0009491817974892488
0.04,101,-0.000600194965542667
0.04,102,0.0006328262631008626
0.04,103,-0.0004263443774610766
0.04,104,0.0006711569092949934
0.04,105,0.000591262883579893
0.04,106,-0.0014322110586275764
0.04,107,0.0019511332709907566
0.04,108,0.0015148001793345227
0.04,109,-0.00014849850215517183
0.04,110,0.00040611804422720986
0.04,111,0.0011016840406909729
0.04,112,-0.0012065687980880313
0.04,113,0.0011650057939163606
0.04,114,-0.0008247608183719272
0.04,115,0.0003681364102195203
0.04,116,-0.0008754992536724235
0.04,117,-0.0007327021345400359
0.04,118,-0.00020196750121964307
0.04,119,-0.0016075542127020747
0.04,120,-0.0010478434306956776
0.04,121,-0.00025922772423388245
0.04,122,-0.0005565984743317653
0.04,123,-7.246761532406459e-5
0.04,124,-0.0002432149398270388
0.04,125,0.0004376649605389503
0.04,126,-0.0011412893438200041
0.04,127,-0.0007762213882908009
0.04,128,-0.0010199055010640253
0.04,129,0.0028073310998196883
0.04,130,0.0009064228336163885
0.04,131,-0.0006773078376432509
0.04,132,-0.0014843837863057685
0.04,133,0.0007374285047449729
0.04,134,-0.0005286914352682178
0.04,135,0.0003765828153384476
0.04,136,0.0005787390126337885
0.04,137,0.0007994816472828597
0.04,138,-0.001226295872051376
0.04,139,-0.0005052018674876622
0.04,140,0.0007113963682198233
0.04,141,-0.0005425270704086937
0.04,142,0.0016853418996330704
0.04,143,5.551215067300563e-5
0.04,144,0.00022112857122431458
0.04,145,0.001021913511359911
0.04,146,-6.073028399777336e-5
0.04,147,-0.0008891761651244356
0.04,148,0.0035566844757413357
0.04,149,-0.00015277379535561506
0.04,150,0.00125858012037327
0.04,151,-0.00011814317725928559
0.04,152,0.0006485472288510084
0.04,153,-0.0008569592763541475
0.04,154,-0.0001125450774134031
0.04,155,0.0008913530106279417
0.04,156,0.0005694794207042725
0.04,157,-0.0011934413097306625
0.04,158,0.0005695165836687904
0.04,159,0.003731733569188298
0.04,160,-0.0006674620938837896
0.04,161,-0.0028950418072616266
0.04,162,0.0014223020388918301
0.04,163,-0.003235147309378905
0.04,164,0.0014115312717119968
0.04,165,0.0022216853713073145
0.04,166,-0.0034380438816138293
0.04,167,-0.0004797261054133263
0.04,168,0.0003824662356261717
0.04,169,0.0010879205974027308
0.04,170,-0.0019308449421795994
0.04,171,-0.0011848721788544126
0.04,172,0.0015943346283174196
0.04,173,0.0008070117293207713
0.04,174,0.001708986426075678
0.04,175,-0.0027851746258466853
0.04,176,-0.0010797895780925038
0.04,177,0.002315114867659852
0.04,178,-0.0003187619147565798
0.04,179,0.0035578221886853603
0.04,180,0.000757774630008601
0.04,181,0.0009920494458940188
0.04,182,0.0005779757307656515
0.04,183,-0.0008314700004191714
0.04,184,0.0014716664214959399
0.04,185,7.974010995653646e-6
0.04,186,0.00029490084369666804
0.04,187,0.005852810930101409
0.04,188,-0.0013832832040330087
0.04,189,0.002663714055169868
0.04,190,0.009569853296194067
0.04,191,0.0007158875831120422
0.04,192,0.07936321220749092
0.04,193,0.004815959083065371
0.04,194,0.004260591670482989
0.04,195,-0.001912999422260333
0.04,196,2.440445585225933e-5
0.04,197,-0.0008941062566313853
0.04,198,-0.00030438667938944425
0.05,intercept,0.013127340450873208
0.05,1,9.956272754609315e-5
0.05,2,0.002744610996947286
0.05,3,0.0014944674096782759
0.05,4,0.0005409808957946999
0.05,5,0.002057706520688178
0.05,6,0.0007889877526892639
0.05,7,-0.0009252362845652497
0.05,8,0.0017091825814576484
0.05,9,0.0014593838698869995
0.05,10,0.0004975808098742286
0.05,11,-0.00018209471757260127
0.05,12,-0.0017831997853849423
0.05,13,-0.00026236538787153895
0.05,14,0.0005073226014858988
0.05,15,0.0008858497671413698
0.05,16,0.0009650793344001668
0.05,17,0.0008496242977421976
0.05,18,-0.0008974766187739963
0.05,19,-0.0016989309718969758
0.05,20,-0.0030051542371589864
0.05,21,0.0021716192230791464
0.05,22,0.00031265035439516516
0.05,23,-0.000502139569423807
0.05,24,-0.0007309399709963198
0.05,25,-0.0010994290487593675
0.05,26,-0.0036906511358101306
0.05,27,0.0010378881931208553
0.05,28,-0.0008946440793300903
0.05,29,0.002685063391468309
0.05,30,0.00037087116846731426
0.05,31,0.00025499705459193706
0.05,32,6.064597275858102e-5
0.05,33,-0.0006827011316717179
0.05,34,-4.831140714016664e-5
0.05,35,0.0010397388334532412
0.05,36,0.0007716226926010458
0.05,37,1.9033591978848803e-5
0.05,38,-0.001964142850273719
0.05,39,-0.0005128357519847507
0.05,40,-0.0017870478082818433
0.05,41,0.001018477582730843
0.05,42,0.00012215786476500832
0.05,43,0.0004893711945250983
0.05,44,0.0009666579068789984
0.05,45,0.0004127465149643687
0.05,46,-0.00033288998881955933
0.05,47,0.0007857129011947748
0.05,48,0.0008743267804016843
0.05,49,0.0004998307459554707
0.05,50,-2.2157493403291987e-5
0.05,51,0.0015617172657692061
0.05,52,0.0019071358247299745
0.05,53,-0.0008276109409268908
0.05,54,0.0012397861031814698
0.05,55,0.0007761675711362234
0.05,56,0.0006132841025505152
0.05,57,-5.811657839881247e-5
0.05,58,0.0018001510175987684
0.05,59,-8.260519670628055e-5
0.05,60,0.00030124285247358295
0.05,61,0.0011249980465585646
0.05,62,-0.00028658156984044236
0.05,63,-0.001474169928477627
0.05,64,0.0014662071572885506
0.05,65,-0.000871195920420509
0.05,66,0.0011095744720897936
0.05,67,-0.000659395190221685
0.05,68,-5.408936476720656e-5
0.05,69,-0.0017692720555464024
0.05,70,-5.4116927203956885e-5
0.05,71,0.0005118764522985536
0.05,72,-0.0015337388863310136
0.05,73,-0.0011101934625373417
0.05,74,-0.001210137234861297
0.05,75,0.001337144718282767
0.05,76,-0.0005695138156475984
0.05,77,-0.0006774777588228465
0.05,78,-0.0011487471992810922
0.05,79,-0.0006449993080329268
0.05,80,0.000793069417046416
0.05,81,9.121996779519507e-5
0.05,82,0.0016970112849116255
0.05,83,-0.0006479015917370653
0.05,84,0.0005912554031379328
0.05,85,-7.756545870764982e-5
0.05,86,0.0006312559739695779
0.05,87,-0.000976770399163679
0.05,88,0.0018096772087800377
0.05,89,0.0008150781806124199
0.05,90,-0.0008557614189936889
0.05,91,0.003233132340005279
0.05,92,-0.002150956820479182
0.05,93,0.0021824286986444844
0.05,94,0.0015376948865641828
0.05,95,0.003989732342000518
0.05,96,-0.002358862578617406
0.05,97,0.0040715545639192895
0.05,98,-0.0020592750977388133
0.05,99,0.0003789517376441001
0.05,100,0.0016149111882211
0.05,101,-0.0014567096781035213
0.05,102,0.0004736871848973398
0.05,103,-5.735253748035852e-5
0.05,104,0.00031283372669667234
0.05,105,1.9996820448492354e-5
0.05,106,0.000441271786706766
0.05,107,0.0006931393928086118
0.05,108,0.0014792412129225874
0.05,109,9.696317610515823e-5
0.05,110,0.00047373512675914276
0.05,111,0.001035907563177984
0.05,112,-8.343442788427204e-5
0.05,113,0.000466734902362407
0.05,114,-0.0007180416264625308
0.05,115,0.00020428862454277636
0.05,116,-0.0012273826362783848
0.05,117,-0.0015931680297519679
0.05,118,0.0005987132779469506
0.05,119,-0.0013348105021865973
0.05,120,-0.0011814282654498995
0.05,121,6.21573592810868e-5
0.05,122,-0.0005883025952278828
0.05,123,-0.00042150820089018206
0.05,124,-7.309008720947874e-5
0.05,125,4.448479317781526e-5
0.05,126,0.00023327473451885075
0.05,127,-0.002139031734690768
0.05,128,0.0002768325706896599
0.05,129,0.0017788062691664538
0.05,130,0.0010939442117588148
0.05,131,0.0003457229220162666
0.05,132,-0.0015429732846195426
0.05,133,0.00012840027100153112
0.05,134,-0.001297415669775013
0.05,135,0.0007186835833169684
0.05,136,0.0007750131244583113
0.05,137,-0.00020679347998819823
0.05,138,-0.0012284566096433026
0.05,139,0.0007787196266867167
0.05,140,0.00013585140085313748
0.05,141,-0.00010212785064526814
0.05,142,0.0012141601053801648
0.05,143,0.0007666244051695839
0.05,144,-5.915585933326342e-5
0.05,145,0.0011072098687656528
0.05,146,-0.00044152781758429024
0.05,147,-0.0008167284131898909
0.05,148,0.0033523931402822333
0.05,149,-0.00024838612056720066
0.05,150,0.001289011725699508
0.05,151,0.0005492882213225735
0.05,152,-0.00023062450439437213
0.05,153,0.0012154341122884856
0.05,154,-0.00023578098205180286
0.05,155,0.0009451490903342306
0.05,156,0.0005746782284980847
0.05,157,-0.0015646150335717505
0.05,158,0.0004371448065679758
0.05,159,0.003679047520579094
0.05,160,-0.0012174605792950066
0.05,161,-0.0027610837093063226
0.05,162,0.0009566278572526868
0.05,163,-0.0027642592099488064
0.05,164,0.000580572718410574
0.05,165,0.002502132701474926
0.05,166,-0.0032164345365101018
0.05,167,-0.0002580394140574438
0.05,168,-7.508212132885152e-5
0.05,169,0.0015297566812925228
0.05,170,-0.0016782280661041052
0.05,171,-0.0016287096419510295
0.05,172,0.0013584833341155533
0.05,173,9.440012009915267e-5
0.05,174,0.002806637123964156
0.05,175,-0.0029705147735722545
0.05,176,-0.0008157260581740167
0.05,177,0.0022374105167593437
0.05,178,0.0007049430518492897
0.05,179,0.0025759978910909896
0.05,180,0.0012854916674235174
0.05,181,0.0001490588628413742
0.05,182,0.0011854152018410588
0.05,183,-0.0022670181862156384
0.05,184,0.001631622218649502
0.05,185,-0.0012038554906952578
0.05,186,0.001292202976899147
0.05,187,0.00511140495790189
0.05,188,-0.0005645836081676769
0.05,189,0.0037171010555436482
0.05,190,0.009354016660614901
0.05,191,0.0014119007839167618
0.05,192,0.08654277550407484
0.05,193,0.004756072243951753
0.05,194,0.005255683523877216
0.05,195,-0.00194113684681786
0.05,196,0.00027626360587152283
0.05,197,-0.0008749654406303726
0.05,198,-0.00032627260980037665
0.06,intercept,0.01388182406329764
0.06,1,0.0007248475860827213
0.06,2,0.0020586155938480113
0.06,3,0.0014064181559910736
0.06,4,0.0007156185924858629
0.06,5,0.0018482202791872337
0.06,6,0.0010834672219725405
0.06,7,-0.0011010863425143542
0.06,8,0.0019438964163068578
0.06,9,0.0010954715093395065
0.06,10,0.0004558657761201929
0.06,11,-1.629124274987161e-5
0.06,12,-0.0015251702282232835
0.06,13,-7.85711385295403e-5
0.06,14,-0.0002253571248716858
0.06,15,0.0010113859261077598
0.06,16,0.00047082610754641864
0.06,17,0.00039322694919393183
0.06,18,-0.00028624299738646257
0.06,19,-0.0023864444396095546
0.06,20,-0.0027758633896894642
0.06,21,0.0012207880530792472
0.06,22,0.00024381761503355405
0.06,23,5.6823866413053066e-5
0.06,24,-0.0007327695804604295
0.06,25,-0.0012191135532240544
0.06,26,-0.0028468834542382847
0.06,27,0.0012985293611262035
0.06,28,-0.0007449868914709429
0.06,29,0.002403946697459252
0.06,30,0.001075090219314967
0.06,31,-0.0009210503282458783
0.06,32,0.0001329837519275599
0.06,33,-0.0005156178776953918
0.06,34,0.00010637962004352427
0.06,35,0.00025451094714960343
0.06,36,0.0009092635751755173
0.06,37,-0.00024522250900997254
0.06,38,-0.0020340633727736943
0.06,39,-0.0004447287653610123
0.06,40,-0.00167980325166563
0.06,41,0.0008704362763618677
0.06,42,-0.0008518127345515078
0.06,43,0.001627321107443099
0.06,44,0.0004539271710442007
0.06,45,0.00042146363304832824
0.06,46,-0.00024586395377235247
0.06,47,-0.00020847601663991492
0.06,48,0.0011965322731601082
0.06,49,0.00032886149517647253
0.06,50,0.0003982528661155474
0.06,51,0.0010627514304738664
0.06,52,0.0010431005734043931
0.06,53,0.00011693646252598564
0.06,54,0.0008336117183950232
0.06,55,0.0009965550365554391
0.06,56,7.175218996295574e-5
0.06,57,-0.00014627818457390793
0.06,58,0.001384775146454693
0.06,59,-0.00040056901880290317
0.06,60,-1.3074205332766944e-5
0.06,61,0.000827150927652633
0.06,62,0.00039404193410234634
0.06,63,-0.000989559073098195
0.06,64,0.0011160506797629314
0.06,65,-0.0004980516431329799
0.06,66,0.0007104332195224385
0.06,67,-0.0005267414600103261
0.06,68,-0.0002640589400573086
0.06,69,-6.270108782887222e-5
0.06,70,-0.0005241066394612862
0.06,71,0.0013840654793057102
0.06,72,-0.0016961671970589813
0.06,73,-0.0007284208379749292
0.06,74,-0.0019161820522646403
0.06,75,0.0008374236794530121
0.06,76,-0.00014079629289169242
0.06,77,-0.0005839867333865777
0.06,78,-0.0013197151862279768
0.06,79,-0.0009890604523500309
0.06,80,0.001004176283025918
0.06,81,-0.0004606978177698924
0.06,82,0.0016748698842603117
0.06,83,-0.0002237496451083642
0.06,84,0.00015917711579935156
0.06,85,-1.777863731064013e-5
0.06,86,0.00021636043672305265
0.06,87,-0.0010412155426925388
0.06,88,0.002165263287286747
0.06,89,0.0017871232852804658
0.06,90,-0.0015285617285555224
0.06,91,0.0026475021448294014
0.06,92,-0.0013474594295054855
0.06,93,0.0009561706065324629
0.06,94,0.00259663930921862
0.06,95,0.003614736900570084
0.06,96,-0.0029924306080819528
0.06,97,0.004337820517533334
0.06,98,-0.001774542379966505
0.06,99,0.0001939913324475624
0.06,100,0.0019346854527225582
0.06,101,-0.0019281411573241695
0.06,102,0.0006448630673902207
0.06,103,-0.00035187081951128864
0.06,104,0.0009311292412004132
0.06,105,0.00014954585742903495
0.06,106,0.0003383963642946667
0.06,107,0.001443796840255375
0.06,108,0.0008665660710784107
0.06,109,0.000438270171715556
0.06,110,-0.00024199188631717609
0.06,111,0.001360308538385808
0.06,112,4.816804991581944e-5
0.06,113,9.044524761338386e-5
0.06,114,-0.0003151070509326418
0.06,115,4.4470807418917126e-5
0.06,116,-0.0009480821932094717
0.06,117,-0.0009661735217853643
0.06,118,0.0007236925981986886
0.06,119,-0.0009418883166191257
0.06,120,-0.0022123197228412672
0.06,121,0.00017188716386623576
0.06,122,-1.6845181211856625e-5
0.06,123,-0.0006614528935725204
0.06,124,-0.0005464232215016169
0.06,125,0.0003076925792328982
0.06,126,5.468754901314822e-6
0.06,127,-0.0019188388295626878
0.06,128,0.0004433408990985897
0.06,129,0.0020820638630325177
0.06,130,0.0005715564368351518
0.06,131,-0.000628080000458269
0.06,132,-0.0007347250002032845
0.06,133,-0.0001680933255794676
0.06,134,-0.0012944808526098382
0.06,135,0.0010895415442148167
0.06,136,0.0002988592014438572
0.06,137,-0.0006539741839761805
0.06,138,-0.00010863851284040781
0.06,139,0.0002826628452817135
0.06,140,-0.0003466586072273843
0.06,141,0.00042367804481876136
0.06,142,0.0014709507922461152
0.06,143,0.0003717529516683213
0.06,144,-0.00023316623294190175
0.06,145,0.0005808092027148855
0.06,146,9.289895883546833e-5
0.06,147,-0.00018713492827437833
0.06,148,0.0029945936884541147
0.06,149,-0.0002954481463218422
0.06,150,0.0007057415990009716
0.06,151,0.0005585037767223452
0.06,152,0.00020901772121674188
0.06,153,0.0010333795429362251
0.06,154,0.00040810867626097047
0.06,155,0.0012668837898827847
0.06,156,-0.0003818681519900713
0.06,157,4.2866200421342634e-6
0.06,158,-0.0008003642873827865
0.06,159,0.0038662330217077976
0.06,160,-0.0015864193631242125
0.06,161,-0.0017460407760236168
0.06,162,-0.00034932479171405226
0.06,163,-0.0028347112194969447
0.06,164,0.0009336982386308314
0.06,165,0.0011375811301465883
0.06,166,-0.0023749548359569554
0.06,167,-0.0005407007071879454
0.06,168,0.00024954009632767194
0.06,169,0.0008615973832570784
0.06,170,-0.0008193864639696549
0.06,171,-0.0022758663203059078
0.06,172,0.0017694805968493559
0.06,173,-0.0005022433381511403
0.06,174,0.0022566212361453276
0.06,175,-0.0021620449330101805
0.06,176,-0.0011533559001563236
0.06,177,0.0024035943419493835
0.06,178,0.0014662205378370152
0.06,179,0.001898245430887748
0.06,180,0.0016677271896733193
0.06,181,-4.501555489338054e-5
0.06,182,0.0014656089655213159
0.06,183,-0.0030481309088171253
0.06,184,0.0028343977448095645
0.06,185,-0.0024145691227799478
0.06,186,0.0023695531370334323
0.06,187,0.005368044916937939
0.06,188,-0.000759697272447408
0.06,189,0.004803744644666749
0.06,190,0.009285347345558182
0.06,191,0.0009111492690948186
0.06,192,0.09135246677234359
0.06,193,0.004811080650521359
0.06,194,0.005419902776418652
0.06,195,-0.0019251119826847382
0.06,196,0.00041951583040209954
0.06,197,-0.0007593551658978265
0.06,198,-0.00042148562402844777
0.07,intercept,0.014225533035151882
0.07,1,0.0003591436331429496
0.07,2,0.00202455573686262
0.07,3,0.0006669513994897821
0.07,4,0.0018517891659991382
0.07,5,0.0010112480447740685
0.07,6,0.001414740862864099
0.07,7,-0.0008976621984659385
0.07,8,0.001040369088700134
0.07,9,0.001860936277622967
0.07,10,0.00033720341222654755
0.07,11,0.00013158570029227895
0.07,12,-0.0010725373512457496
0.07,13,-0.0012739659865375833
0.07,14,0.0010952623623625773
0.07,15,0.0004381773705015667
0.07,16,0.0005983569192675513
0.07,17,0.0005671453175115768
0.07,18,-0.00031284090808804914
0.07,19,-0.0023671797940039386
0.07,20,-0.002674767146021636
0.07,21,0.0017209417717488863
0.07,22,-0.0007095153938873764
0.07,23,0.00029867558440522347
0.07,24,-0.0008547524069677747
0.07,25,-0.00045049087835322935
0.07,26,-0.0033024432044657364
0.07,27,0.0010404513630532608
0.07,28,-0.0005747073258662341
0.07,29,0.0018335542635759072
0.07,30,0.0011738837009639606
0.07,31,-0.0009009284019326622
0.07,32,0.00021221190376668924
0.07,33,4.055290172164364e-5
0.07,34,2.0792766914785373e-5
0.07,35,0.00046398363527679065
0.07,36,-1.3947569422884946e-5
0.07,37,-0.00017474778721367605
0.07,38,-0.001860228419182886
0.07,39,-0.00043666939948474464
0.07,40,-0.0016074591620644366
0.07,41,0.0007933156523613739
0.07,42,-0.0011113870698556635
0.07,43,0.00149495705298369
0.07,44,0.00021658921757923905
0.07,45,0.0005899831835720564
0.07,46,3.6608689754367276e-5
0.07,47,-0.00015370927287298736
0.07,48,0.0004357945374672816
0.07,49,0.0011015579617189685
0.07,50,2.909042062388711e-6
0.07,51,0.001453249987743269
0.07,52,0.000786154026024335
0.07,53,0.0003950835071177416
0.07,54,0.0007041766091253545
0.07,55,0.0005530713756502177
0.07,56,0.0007080181312411955
0.07,57,8.927662952683366e-5
0.07,58,0.0010914421992316945
0.07,59,-0.0003110010652556171
0.07,60,1.1727128475687391e-5
0.07,61,0.0008988273641945323
0.07,62,-0.00039776872437196086
0.07,63,-0.00028139896939247133
0.07,64,0.001450062290630756
0.07,65,3.275882849543579e-5
0.07,66,0.00029446972296688254
0.07,67,-0.0006539739574093263
0.07,68,6.078453154878687e-5
0.07,69,-6.074955038390244e-5
0.07,70,-0.00041442697922386147
0.07,71,0.0011579226683434375
0.07,72,-0.00244479385172041
0.07,73,0.00010440240311766888
0.07,74,-0.002819731389572193
0.07,75,0.0016724047220272834
0.07,76,-0.00020761267872427725
0.07,77,0.00012107119436225288
0.07,78,-0.0020242555358865057
0.07,79,-0.0013750188075182337
0.07,80,0.0017632226532290724
0.07,81,-0.000836486972783095
0.07,82,0.0011229147153933245
0.07,83,-0.00033169743547485886
0.07,84,0.0003622739904631796
0.07,85,-0.00046009164136117487
0.07,86,0.0013435181405297232
0.07,87,-0.0017743433098111941
0.07,88,0.00233957828656062
0.07,89,0.0015547617394341686
0.07,90,-0.0006249770443237918
0.07,91,0.0025120149593256653
0.07,92,-0.0018405462464100826
0.07,93,0.002036248655190667
0.07,94,0.001918502485846821
0.07,95,0.003973141943772236
0.07,96,-0.001794514589629508
0.07,97,0.005138770019816778
0.07,98,-0.0023115370111645777
0.07,99,0.0009777048672998444
0.07,100,0.0014409950923417803
0.07,101,-0.0011191720224613278
0.07,102,-5.528362132751842e-5
0.07,103,0.0006483055991881002
0.07,104,0.0002570353208944994
0.07,105,0.00018022569461970624
0.07,106,-0.0008445304939600159
0.07,107,0.00176516036374756
0.07,108,0.00048370296395781166
0.07,109,0.0009213779686089897
0.07,110,-0.0005251381941632065
0.07,111,0.0009119808755721835
0.07,112,-0.00018255023321362787
0.07,113,0.0005575627432180383
0.07,114,-0.00034167846390030423
0.07,115,0.00017962727936634605
0.07,116,-0.0013018666559912041
0.07,117,-0.0011086082578234306
0.07,118,0.0010221758487568484
0.07,119,-0.0006255979421909633
0.07,120,-0.0030247781008643313
0.07,121,0.0009049111614755495
0.07,122,-0.0006879018718406524
0.07,123,-0.0009811914623773284
0.07,124,-0.00035393083095354737
0.07,125,-1.7520428050835614e-6
0.07,126,-0.00032298398456426366
0.07,127,-0.0016590434559959858
0.07,128,0.0008421567833032242
0.07,129,0.0010423729513403725
0.07,130,0.0008066160963412104
0.07,131,-0.0008594223252587309
0.07,132,-0.0004707428318626305
0.07,133,0.0001304552573096661
0.07,134,-0.001610985682592534
0.07,135,0.0015783712967896723
0.07,136,0.00017905886799956643
0.07,137,-0.0004856970054649928
0.07,138,-0.0008297786002238375
0.07,139,0.00030185017429027654
0.07,140,-0.000818980300814974
0.07,141,0.0008018558430598104
0.07,142,0.0014900904389984434
0.07,143,-0.0003547454090972082
0.07,144,0.0007185318198620679
0.07,145,0.00016057046501073355
0.07,146,0.000392236626010654
0.07,147,-0.0003874297143156731
0.07,148,0.002954878933184735
0.07,149,-0.000376921715335043
0.07,150,0.0006285537476267995
0.07,151,0.0009612719023206509
0.07,152,0.0008851327284289555
0.07,153,0.00046456341839633676
0.07,154,0.0003592160533385721
0.07,155,0.0007551570611892615
0.07,156,0.0004069308360510763
0.07,157,-0.00037559761547464816
0.07,158,-0.0006475043935078849
0.07,159,0.0030960788889411108
0.07,160,-0.0005455068162153682
0.07,161,-0.002415371403494426
0.07,162,0.0006529973762095606
0.07,163,-0.0028865362067920725
0.07,164,0.000671622024261629
0.07,165,0.0012431389409005061
0.07,166,-0.002284579094170587
0.07,167,-0.0003600544321439939
0.07,168,0.00023306147339972134
0.07,169,0.0003304500384370831
0.07,170,-0.00023085314280326088
0.07,171,-0.0026843557033025068
0.07,172,0.0012135209004712306
0.07,173,0.00030622413591260963
0.07,174,0.002267693469243151
0.07,175,-0.0013836384880887343
0.07,176,-0.0009707975901318999
0.07,177,0.002436494192262385
0.07,178,0.0006809349629078128
0.07,179,0.00224246448982428
0.07,180,0.0016987910055061043
0.07,181,0.0001657105783568706
0.07,182,0.0008424606034693911
0.07,183,-0.0014791853166855886
0.07,184,0.001714723413566202
0.07,185,-0.0027542829142871163
0.07,186,0.003072096621359325
0.07,187,0.004204604216002052
0.07,188,-0.0007726379709449095
0.07,189,0.004302115063312874
0.07,190,0.010105138577755067
0.07,191,2.386082401472479e-5
0.07,192,0.098800330424361
0.07,193,0.005993493505125866
0.07,194,0.0051449720705148754
0.07,195,-0.0017228869461998653
0.07,196,0.0003203866433812124
0.07,197,-0.0007540412807304528
0.07,198,-0.0005645671823271628
0.08,intercept,0.014621963200399057
0.08,1,0.0008153659593151154
0.08,2,0.002056172218499187
0.08,3,0.0010482404358609157
0.08,4,0.002352498635580833
0.08,5,0.0014201074151454283
0.08,6,0.0013944800127082921
0.08,7,-0.0008442874499369145
0.08,8,0.0006483379512046462
0.08,9,0.0015215646692310647
0.08,10,-0.00048233366055867155
0.08,11,0.0009825482100948618
0.08,12,-0.0013312360629033227
0.08,13,-0.0010241455232361547
0.08,14,0.0005646373506459484
0.08,15,-3.935057117634847e-5
0.08,16,0.00023588396040226747
0.08,17,0.0006407600344424187
0.08,18,-8.9041310404226e-5
0.08,19,-0.002737764156304259
0.08,20,-0.0014125479142438422
0.08,21,0.0005617671451344802
0.08,22,-0.00043023093911109
0.08,23,0.00032909144133071974
0.08,24,-0.0009687378873077313
0.08,25,-0.001085879083127175
0.08,26,-0.002652826177531654
0.08,27,0.00042883901657611616
0.08,28,2.2131940983576454e-5
0.08,29,0.0014110170690546323
0.08,30,0.0011030434248223118
0.08,31,-0.0013555883222525927
0.08,32,0.0006002848575247807
0.08,33,-0.0003745667425034171
0.08,34,0.0008587102108626954
0.08,35,2.71230782742014e-5
0.08,36,-0.00020134848085948047
0.08,37,-0.00037784326783186204
0.08,38,-0.0014874541751428065
0.08,39,-0.00110910276408968
0.08,40,-0.0018091654153565328
0.08,41,0.0005439159743672027
0.08,42,-0.0011376925834789273
0.08,43,0.0017164606202614767
0.08,44,0.0004158889789231072
0.08,45,0.0002007177055967407
0.08,46,-0.00019002174917098628
0.08,47,0.0003356275012758252
0.08,48,0.0005755048811628176
0.08,49,0.001145144547041627
0.08,50,0.0002904755663743418
0.08,51,0.0009483750372165764
0.08,52,0.0007112333060174603
0.08,53,0.00041578946376377913
0.08,54,0.0006652455747273793
0.08,55,0.00026539423991836926
0.08,56,0.000714831582205618
0.08,57,0.0002431039996828405
0.08,58,0.000906584333831959
0.08,59,8.634681108913294e-5
0.08,60,-0.0006781771171410157
0.08,61,0.0010640240054152475
0.08,62,-0.0006455164545436361
0.08,63,-0.0004522197306413617
0.08,64,0.0013396281423116226
0.08,65,0.00017293254098964424
0.08,66,0.000266402896359575
0.08,67,-0.0005068376276395838
0.08,68,0.0006498574847841797
0.08,69,-0.0002487929570707439
0.08,70,-0.0007270601276833744
0.08,71,0.00027030658863872944
0.08,72,-0.0019446370937540687
0.08,73,0.000744760015239813
0.08,74,-0.0037154391350913913
0.08,75,0.0021384510233883767
0.08,76,-0.0008923246116549409
0.08,77,0.00040127397441793984
0.08,78,-0.0016162251108939208
0.08,79,-0.000967642214887018
0.08,80,0.0009729656080155064
0.08,81,-0.00037878006109606777
0.08,82,0.0008755385722892311
0.08,83,0.00040469979620719984
0.08,84,0.00048498011106455125
0.08,85,-0.0006977386443493513
0.08,86,0.0018592639887165558
0.08,87,-0.0022427387041296506
0.08,88,0.0025219243630286298
0.08,89,0.0010239220354104689
0.08,90,-0.0007988989124405874
0.08,91,0.003134582125558557
0.08,92,-0.0018511047235514843
0.08,93,0.001941424640104727
0.08,94,0.0017863955617826832
0.08,95,0.004171969941411609
0.08,96,-0.0024494593920774063
0.08,97,0.005485699836560556
0.08,98,-0.001339505412561533
0.08,99,0.00018619460235924006
0.08,100,0.0015447635343397424
0.08,101,-0.0008852183158726858
0.08,102,-0.0006671311349241248
0.08,103,0.0009641730712052805
0.08,104,0.0013158729702973575
0.08,105,1.9670698639951907e-5
0.08,106,-0.0008182469696662043
0.08,107,0.0022260224461920783
0.08,108,-0.00012033276611156683
0.08,109,0.0007769996221612937
0.08,110,-0.00047264937024560556
0.08,111,0.0007142852137887591
0.08,112,0.00032784133584326807
0.08,113,0.0002700559890320751
0.08,114,-8.125384258509562e-5
0.08,115,-0.0005484529262044838
0.08,116,-0.0009487318703726914
0.08,117,-0.0008453718451077169
0.08,118,0.0012151679596086934
0.08,119,-0.0006427128175961351
0.08,120,-0.003139895024717732
0.08,121,0.0014294972949458844
0.08,122,-0.0010434351432177997
0.08,123,-0.0006057244683426587
0.08,124,-0.00028767872659125193
0.08,125,-0.00038579891847906746
0.08,126,-0.00014622924668426248
0.08,127,-0.0014750255561967129
0.08,128,0.0008317201591527122
0.08,129,0.0005838565587839105
0.08,130,0.0010862715407049307
0.08,131,-0.0005264568706402134
0.08,132,-0.0007841535636587162
0.08,133,0.00030780845389108484
0.08,134,-0.002120457503606668
0.08,135,0.001429931153105172
0.08,136,0.0007295711477616941
0.08,137,-0.0008196631815862135
0.08,138,-0.0002272803858695455
0.08,139,0.0005681577053109045
0.08,140,-0.0013348511353853635
0.08,141,0.000938915799171697
0.08,142,0.0010063263576692205
0.08,143,2.48198951904212e-5
0.08,144,0.00025838639660379857
0.08,145,0.0004493599777153502
0.08,146,0.0004458472387273276
0.08,147,-0.000452553901147079
0.08,148,0.003284511832277506
0.08,149,-0.0008570090737121831
0.08,150,0.00126517668964492
0.08,151,0.0006192992716253922
0.08,152,0.00018144236848765706
0.08,153,0.0010664061121833258
0.08,154,0.0003715310075362195
0.08,155,0.0011203796030064418
0.08,156,0.0005007697704778869
0.08,157,-0.0013414429680331044
0.08,158,0.00040822319842315707
0.08,159,0.0026081115032190122
0.08,160,-0.00038638042355602947
0.08,161,-0.00200323771506153
0.08,162,0.00011840566596987945
0.08,163,-0.0021476616003161413
0.08,164,0.00020717643029196164
0.08,165,0.0012295812883249436
0.08,166,-0.002488313605633469
0.08,167,5.6264467916884095e-5
0.08,168,0.0004165315528946721
0.08,169,-0.00022761021406440064
0.08,170,-1.0475325031759603e-5
0.08,171,-0.002746144410193957
0.08,172,0.000998420187963021
0.08,173,-0.00016773289926266176
0.08,174,0.0025985825453089927
0.08,175,-0.0011302151350950798
0.08,176,-0.0008459028714469692
0.08,177,0.0022905611165763545
0.08,178,6.621970242406055e-5
0.08,179,0.0020584741120768203
0.08,180,0.001167290469108311
0.08,181,0.001059287268884819
0.08,182,0.0003737436636327586
0.08,183,-0.0010362987029204217
0.08,184,0.0009477008435522113
0.08,185,-0.0013576264389730873
0.08,186,0.0020126273216224014
0.08,187,0.006279779356910751
0.08,188,-0.0007905954739920095
0.08,189,0.004306263563335876
0.08,190,0.011741682376055225
0.08,191,-0.0023151665283535077
0.08,192,0.10517934124789982
0.08,193,0.006207597531738765
0.08,194,0.004608044308347884
0.08,195,-0.001692358340848159
0.08,196,0.00029163904387119927
0.08,197,-0.0007359037394590004
0.08,198,-0.0006071250381299541
0.09,intercept,0.014929179208278702
0.09,1,0.0008883374476044536
0.09,2,0.0029484490831952876
0.09,3,0.0009403147693976459
0.09,4,0.0020514265841804196
0.09,5,0.0011825921589484047
0.09,6,0.0017102454806413574
0.09,7,-0.0011029403382650275
0.09,8,0.0010002548924871707
0.09,9,0.0005915064436760183
0.09,10,0.0003309606409277845
0.09,11,0.0006918398921799245
0.09,12,-0.0011097911189357184
0.09,13,-0.0007401520945807176
0.09,14,0.0007740286834677547
0.09,15,1.64487465892274e-5
0.09,16,0.0005048647631245946
0.09,17,0.0008906854590766012
0.09,18,-0.0010170090045580702
0.09,19,-0.00258249910929628
0.09,20,-0.0007491568471014225
0.09,21,-0.0001348022585305395
0.09,22,-0.0007368611021928036
0.09,23,0.0002601669668654364
0.09,24,-0.0010650757251151018
0.09,25,-0.0008346025499147758
0.09,26,-0.0026405676650051078
0.09,27,0.00022597320500842817
0.09,28,0.00038775044731064145
0.09,29,0.001012928604943302
0.09,30,0.0007892301926972462
0.09,31,-0.0011295370967665226
0.09,32,0.0006507583143666485
0.09,33,-0.0007572532973820816
0.09,34,0.0011981054957871178
0.09,35,-0.000136717564531541
0.09,36,-0.0005041363700466154
0.09,37,-0.0003062932873681064
0.09,38,-0.001512244940854638
0.09,39,-0.0014763423503648748
0.09,40,-0.0014665230840067735
0.09,41,0.00012647527719691096
0.09,42,-0.0009762949576756808
0.09,43,0.0014026443244926931
0.09,44,0.0005957473579297391
0.09,45,0.0005725199111705483
0.09,46,-0.0001613148747505007
0.09,47,0.0004984745741420838
0.09,48,0.0002245009225347533
0.09,49,0.0012749166822686373
0.09,50,0.00012929001532291248
0.09,51,0.0010298050568927665
0.09,52,0.0007656509397587869
0.09,53,0.0006720192263653217
0.09,54,0.0006213306137507433
0.09,55,0.0004598656325829753
0.09,56,0.00028887786014985666
0.09,57,0.001062101769735701
0.09,58,0.0005862385858926186
0.09,59,0.0005283431781884777
0.09,60,-0.000843144448236813
0.09,61,0.0009413398879417256
0.09,62,-0.0005581167577610461
0.09,63,-0.0006380490463810978
0.09,64,0.0012766963479155802
0.09,65,-0.00015658162492537733
0.09,66,0.0005134081656509387
0.09,67,-0.0006999148130498958
0.09,68,0.0010921770158185218
0.09,69,-0.0007393442572270223
0.09,70,-0.0008030230790725328
0.09,71,8.857349278794254e-6
0.09,72,-0.0018081831871382473
0.09,73,0.0005988083705454414
0.09,74,-0.003965777901828573
0.09,75,0.002010460275771188
0.09,76,-0.0007951390500756443
0.09,77,0.000897676497318294
0.09,78,-0.0017757080436848634
0.09,79,-0.0015279029337701676
0.09,80,0.001684018514230402
0.09,81,7.898645073404323e-5
0.09,82,0.001001999224449506
0.09,83,0.0005037955825346466
0.09,84,0.0008085747733366521
0.09,85,-0.0007711750370297532
0.09,86,0.002053103175335696
0.09,87,-0.002326878242306078
0.09,88,0.002352751184489906
0.09,89,0.0011352735391003516
0.09,90,-0.0010380723230181185
0.09,91,0.0031424601071690164
0.09,92,-0.0013041946872710546
0.09,93,0.0017977516503926581
0.09,94,0.0013965264266418698
0.09,95,0.0048771876518391875
0.09,96,-0.0015862536965078136
0.09,97,0.00475460420456243
0.09,98,-0.0007649810238694877
0.09,99,0.0003195611484898602
0.09,100,0.0014664690773358304
0.09,101,-0.00030636086920361695
0.09,102,-0.00034924463854811225
0.09,103,0.0007438478931982358
0.09,104,0.0011220970498005043
0.09,105,3.6554646868242554e-5
0.09,106,-0.0009464488841019254
0.09,107,0.001531515408028165
0.09,108,0.000379345344901081
0.09,109,0.0003320954470196882
0.09,110,-7.971777708513121e-5
0.09,111,0.0005500862457351096
0.09,112,0.0007065856153512687
0.09,113,-0.00034268986184547067
0.09,114,0.00011416788234901833
0.09,115,-0.0010197665968294332
0.09,116,-0.0009947724458305297
0.09,117,-0.0008477315589344287
0.09,118,0.0005895735765794
0.09,119,-0.0008026326831750525
0.09,120,-0.002638727695473634
0.09,121,0.0010779509981289495
0.09,122,-0.0012880231034268178
0.09,123,-0.0005910392623678926
0.09,124,-0.0005725691337460348
0.09,125,6.173187936937737e-5
0.09,126,-0.0008531397687235485
0.09,127,-0.0012297385599190005
0.09,128,0.0013588678424081074
0.09,129,0.0001334984038896149
0.09,130,0.0014609710004235912
0.09,131,-0.0007557815898310016
0.09,132,-0.00035787718307260877
0.09,133,2.292739695240558e-5
0.09,134,-0.0023750367162812644
0.09,135,0.0018806695764747592
0.09,136,0.0008051111074723599
0.09,137,-0.0006991473331548587
0.09,138,0.00017152794350530168
0.09,139,-0.0004545513863406868
0.09,140,-0.0012888960777212696
0.09,141,0.001076922697944975
0.09,142,0.0010159367549755543
0.09,143,-4.081631646070092e-5
0.09,144,0.000533352896747441
0.09,145,0.00014812680445919736
0.09,146,0.0004476688684176217
0.09,147,-0.0003219941142465137
0.09,148,0.0026222143279717005
0.09,149,-0.0003018371584709002
0.09,150,0.0017121337799117127
0.09,151,0.0005856922108270172
0.09,152,-0.0002955787832774236
0.09,153,0.0013274187054785511
0.09,154,0.000555640170129823
0.09,155,0.0010557522618709048
0.09,156,0.001167922462955263
0.09,157,-0.002083398152308727
0.09,158,0.0008115783834471128
0.09,159,0.001724254718229558
0.09,160,0.00029151399174062915
0.09,161,-0.0023428783669519216
0.09,162,-0.00011156071978628747
0.09,163,-0.001577982392369014
0.09,164,-6.380982067662765e-5
0.09,165,0.0008455283246669816
0.09,166,-0.0015840818380536178
0.09,167,0.00013626277211385238
0.09,168,-6.638590723169183e-6
0.09,169,0.0003117387602196483
0.09,170,0.00017580098414713267
0.09,171,-0.0027470381924982403
0.09,172,0.000284904127464853
0.09,173,-2.10405719960103e-5
0.09,174,0.002572525250409613
0.09,175,-0.0007316638093325599
0.09,176,-0.0010231009201097383
0.09,177,0.0017989725025402347
0.09,178,0.0001936922929575382
0.09,179,0.0027359645585967925
0.09,180,0.00024494592148444517
0.09,181,0.0016166880470076962
0.09,182,-1.2215576884391369e-5
0.09,183,-0.0024843385650651986
0.09,184,0.002235148976768637
0.09,185,-0.0012046533375815204
0.09,186,0.001241108617307606
0.09,187,0.006061041087351675
0.09,188,-8.85877567156887e-5
0.09,189,0.00395353986063925
0.09,190,0.01223857830070262
0.09,191,-0.0016672530788212007
0.09,192,0.10918541798996298
0.09,193,0.00620884041114534
0.09,194,0.00528297875861187
0.09,195,-0.0016526774772299764
0.09,196,0.00029294936855609453
0.09,197,-0.0007837913902589873
0.09,198,-0.0005800334615375306
0.1,intercept,0.015216026868010667
0.1,1,0.000869581628788683
0.1,2,0.0034113354188471706
0.1,3,0.0008582275908618648
0.1,4,0.0017547259504139452
0.1,5,0.0011067986604602544
0.1,6,0.0015312733329186376
0.1,7,-0.0013603147859662004
0.1,8,0.0006939064515257445
0.1,9,0.0016964646856107528
0.1,10,3.147333815104768e-5
0.1,11,0.000865894310844196
0.1,12,-0.00033017241714772624
0.1,13,-0.001012805409064769
0.1,14,0.000506113758428169
0.1,15,-4.975613815100961e-5
0.1,16,0.00036834165874537016
0.1,17,0.0007455038743495657
0.1,18,-0.0009850675646488423
0.1,19,-0.0023691012623370724
0.1,20,-0.0012698697154600721
0.1,21,0.00025370865091333696
0.1,22,-0.0010669729577521894
0.1,23,0.0006324133805407891
0.1,24,-0.0011870049879042365
0.1,25,-0.000554438812310903
0.1,26,-0.002182051672092183
0.1,27,-0.0001879981277299444
0.1,28,-4.589902650792807e-5
0.1,29,0.0012467846954112244
0.1,30,0.000321246032538805
0.1,31,-0.000963274073916911
0.1,32,0.00041353983850704184
0.1,33,-0.0007494300943826571
0.1,34,0.0009727351596185321
0.1,35,-2.5021693419179593e-5
0.1,36,-0.00023764747392369576
0.1,37,-0.0008454320400557996
0.1,38,-0.0011304713433723116
0.1,39,-0.0014621498583354167
0.1,40,-0.0014662481030095792
0.1,41,0.000418054945354265
0.1,42,-0.0013564124548729054
0.1,43,0.0013881644286026186
0.1,44,0.0006770326740994773
0.1,45,0.000539029619950359
0.1,46,-0.0004227654746459836
0.1,47,0.0007566734342026422
0.1,48,0.00047657341872406615
0.1,49,0.001189238423555182
0.1,50,0.00023886627127727643
0.1,51,0.0011034319173185087
0.1,52,0.00048498565949207955
0.1,53,0.0003590903605113957
0.1,54,0.0004110655732269516
0.1,55,0.0008916742775485663
0.1,56,0.0006151955908231477
0.1,57,0.00044807898050080205
0.1,58,0.0010917512597077403
0.1,59,0.00042074723101564576
0.1,60,-0.0011097458606564232
0.1,61,0.0013059305711863119
0.1,62,-7.406051797146099e-5
0.1,63,-0.0013026458329148567
0.1,64,0.0015326646770561043
0.1,65,-0.00024659556245056486
0.1,66,0.0008890751139418906
0.1,67,-0.0007038851556191864
0.1,68,0.0012302090628563101
0.1,69,-0.000759735395016075
0.1,70,-0.0007722453691081557
0.1,71,-0.0005390341299341072
0.1,72,-0.001382639091435579
0.1,73,-0.00024468940480919585
0.1,74,-0.003552690839101751
0.1,75,0.0015667954691312126
0.1,76,-0.0009652556946839318
0.1,77,0.0002984295636829817
0.1,78,-0.0010305304995262294
0.1,79,-0.001654082413434985
0.1,80,0.0019239890230997032
0.1,81,0.000512231593330354
0.1,82,0.0010878497066826045
0.1,83,0.00021567301174440376
0.1,84,0.0006054309277897154
0.1,85,-0.0011241846657508406
0.1,86,0.0023097466387365195
0.1,87,-0.0017490720617479934
0.1,88,0.0019470701567663505
0.1,89,0.0012140091084617982
0.1,90,-0.0014350951107901513
0.1,91,0.00294897632784556
0.1,92,-0.0010042780596158445
0.1,93,0.0016144240986209824
0.1,94,0.0012646652072772562
0.1,95,0.00520481154189569
0.1,96,-0.0013385312978118832
0.1,97,0.005383491330828562
0.1,98,-0.0012190616646535492
0.1,99,0.0008060275215720664
0.1,100,0.0015761154647131383
0.1,101,-0.00022730359495107497
0.1,102,-2.763456445209006e-5
0.1,103,0.0011931938797562747
0.1,104,0.0007817348198859125
0.1,105,0.00019957415952168424
0.1,106,-0.001211620524750519
0.1,107,0.0011570125447971148
0.1,108,0.0010794960962113404
0.1,109,0.00024751199070645807
0.1,110,-0.00022520716723257116
0.1,111,0.0005498995615091482
0.1,112,0.0007717959609423452
0.1,113,-0.0007044982864420488
0.1,114,0.0003434504899381575
0.1,115,-0.0015727998162808207
0.1,116,-0.0008162165714196546
0.1,117,-0.000596432308064444
0.1,118,0.0007054961758506098
0.1,119,-0.001144018048642437
0.1,120,-0.0026169884647171495
0.1,121,0.0009522825999651313
0.1,122,-0.0015123874213971023
0.1,123,-0.0003358520987475763
0.1,124,-0.00015681383185089134
0.1,125,-0.00011386873836538481
0.1,126,-0.001134314934392841
0.1,127,-0.0009222769022351688
0.1,128,0.0012911609464598202
0.1,129,-1.598930123838784e-5
0.1,130,0.0009145984600562647
0.1,131,-0.0002717372770839484
0.1,132,-0.0005283098233899471
0.1,133,-0.00018897818292484828
0.1,134,-0.0021698253675414784
0.1,135,0.0012604297707448158
0.1,136,0.0015209715379127535
0.1,137,-0.0006945535558980237
0.1,138,0.0002927293314533017
0.1,139,-0.0006062748641027531
0.1,140,-0.0012400615799966737
0.1,141,0.0016108804627367845
0.1,142,0.0012367961503458053
0.1,143,0.00013493665240430625
0.1,144,0.00022454763004404798
0.1,145,0.0004528862089091867
0.1,146,0.0003930730932106986
0.1,147,-0.0005155167302547845
0.1,148,0.002638429021513993
0.1,149,-0.000251143253056264
0.1,150,0.0018014000038678085
0.1,151,0.0009239961428576231
0.1,152,-0.0002998692317581881
0.1,153,0.0012965200129944694
0.1,154,0.0002977485343161941
0.1,155,0.0009616387478080722
0.1,156,0.001007172765439336
0.1,157,-0.0015599102664549335
0.1,158,0.0006268264004014004
0.1,159,0.0016851637229820678
0.1,160,0.0001355055836698426
0.1,161,-0.0025233078103205956
0.1,162,0.0006094553280576318
0.1,163,-0.0019471263657656192
0.1,164,1.9582213299423778e-5
0.1,165,0.00032001419033542654
0.1,166,-0.001541843299653049
0.1,167,-0.00014047202166084268
0.1,168,-9.006607284022086e-6
0.1,169,0.0004971726870779784
0.1,170,0.00011309062822904496
0.1,171,-0.0029240359817260405
0.1,172,0.0002205448009210342
0.1,173,-0.00032312370040758396
0.1,174,0.003417314583568702
0.1,175,-0.00131513842985473
0.1,176,-0.0006398850186788214
0.1,177,0.002346802299822512
0.1,178,0.0006445149935175457
0.1,179,0.0027749673287378357
0.1,180,0.0005520484890933621
0.1,181,0.001048694813351527
0.1,182,-0.00025116157904823933
0.1,183,-0.0022595927176471573
0.1,184,0.0010342512078510612
0.1,185,0.00010837960513622474
0.1,186,0.0006696281910057983
0.1,187,0.006659725205682215
0.1,188,-0.0013228007147558893
0.1,189,0.0049700727670182005
0.1,190,0.012509427477895957
0.1,191,-0.0025047399236975696
0.1,192,0.1135286054067772
0.1,193,0.006194940499019489
0.1,194,0.00515615534024478
0.1,195,-0.0017444505453470462
0.1,196,0.00026272229239165457
0.1,197,-0.0007536933787627362
0.1,198,-0.0005115943738310579
0.11,intercept,0.015422390046628971
0.11,1,0.0010370641833511583
0.11,2,0.0035736293238064275
0.11,3,0.0009309159868425692
0.11,4,0.0014699898800854812
0.11,5,0.0011766803686054604
0.11,6,0.0011771773055936111
0.11,7,-0.0013013962776142684
0.11,8,0.0004528764419451868
0.11,9,0.0019711469370084713
0.11,10,0.000174300814702077
0.11,11,0.000582538445402372
0.11,12,-0.0004704691435285059
0.11,13,-0.0012983760503748843
0.11,14,0.0006537767401848685
0.11,15,-0.00021214438189928218
0.11,16,0.0005947499038971455
0.11,17,0.00032191222403099774
0.11,18,-0.00030518410598713276
0.11,19,-0.002561604985530595
0.11,20,-0.0013169358909083623
0.11,21,0.00036147653320244406
0.11,22,-0.001455881476940898
0.11,23,0.0005687417826374629
0.11,24,-0.0012946450098161436
0.11,25,-0.0006758780003245596
0.11,26,-0.0019521648996502505
0.11,27,-0.0003603185730105206
0.11,28,0.00039552521843934656
0.11,29,0.0011608179844322783
0.11,30,0.0010051319647133054
0.11,31,-0.0013125487011490342
0.11,32,0.0005547478949664461
0.11,33,-0.0007650510455406933
0.11,34,0.000686109542056557
0.11,35,-1.899363760150463e-5
0.11,36,-8.130386523965764e-5
0.11,37,-0.0013953756991613479
0.11,38,-0.000924868248481099
0.11,39,-0.0012774891963058359
0.11,40,-0.0011438979919278385
0.11,41,0.0002362811958887223
0.11,42,-0.0009343486280545608
0.11,43,0.001330951603692553
0.11,44,0.0006018131220028918
0.11,45,0.000681147193928583
0.11,46,-0.0007142968436875556
0.11,47,0.0008052942754498077
0.11,48,-0.0003294893315807428
0.11,49,0.001784288686248017
0.11,50,0.00017057382041769651
0.11,51,0.0010789823499662483
0.11,52,0.0008407165654413772
0.11,53,-0.0002315691158318085
0.11,54,0.00012876352856214438
0.11,55,0.0016101016100868281
0.11,56,-0.00013457443973956094
0.11,57,0.0008673438472552221
0.11,58,0.0006376755259727715
0.11,59,0.0007390385594469898
0.11,60,-0.0007540023171501274
0.11,61,0.0008630139116855317
0.11,62,0.0002119880155040243
0.11,63,-0.0016361348098769511
0.11,64,0.001736076762074191
0.11,65,0.00015360744622291568
0.11,66,0.00039990844681093583
0.11,67,-0.0005254739342297653
0.11,68,0.0004862999362436026
0.11,69,-0.00036476312115889996
0.11,70,-0.0010430406699836101
0.11,71,-0.0006033316177473878
0.11,72,-0.0013819216925205996
0.11,73,-0.00021921423973810054
0.11,74,-0.0035207576395998898
0.11,75,0.0014559042378333158
0.11,76,-0.0012382680144167437
0.11,77,-7.686848999533925e-5
0.11,78,-0.0006368872112398723
0.11,79,-0.0018144480298855148
0.11,80,0.0021888732056075306
0.11,81,0.0005069890794767114
0.11,82,0.0012258206383347272
0.11,83,5.725684727831955e-6
0.11,84,0.00012322961155716668
0.11,85,-0.000576690011096199
0.11,86,0.00236349466259566
0.11,87,-0.001332564500098672
0.11,88,0.001937190459121338
0.11,89,0.000730056958756572
0.11,90,-0.0020431412250629267
0.11,91,0.0025712331878483766
0.11,92,-0.00011951234823449205
0.11,93,0.000993857322975796
0.11,94,0.0024527912004099705
0.11,95,0.004834054836547179
0.11,96,-0.0013672186953814878
0.11,97,0.005282291323385021
0.11,98,-0.0009599619261408708
0.11,99,0.0003532817288825975
0.11,100,0.0019156023872748027
0.11,101,0.0003285702609701236
0.11,102,-0.0007033600999434227
0.11,103,0.0013438496274100276
0.11,104,0.00028627178080486374
0.11,105,0.0007467608273881898
0.11,106,-0.0010258091250207983
0.11,107,0.0011762007842769306
0.11,108,0.0017682114891792043
0.11,109,-0.00033318440666121126
0.11,110,9.370730938113423e-5
0.11,111,0.00010238642894219572
0.11,112,0.0004114480485319312
0.11,113,-0.0001914413218277314
0.11,114,0.0003380477391268203
0.11,115,-0.0012570499291139191
0.11,116,-0.0008259908287989456
0.11,117,-0.0010999159855325325
0.11,118,0.0012375133722189288
0.11,119,-0.001576416326769697
0.11,120,-0.002523120326466359
0.11,121,0.0005229261407860041
0.11,122,-0.0018393420938654873
0.11,123,-0.00037511356175115986
0.11,124,-0.0004296635992590395
0.11,125,-0.0003178659540721057
0.11,126,-0.0006669619828283796
0.11,127,-0.001507207572383834
0.11,128,0.0010826554492694086
0.11,129,0.00034040785445500066
0.11,130,0.0008953240913203645
0.11,131,-0.0006954266881331349
0.11,132,-0.0003369163276774764
0.11,133,-6.875066993015312e-5
0.11,134,-0.0022210332231492685
0.11,135,0.0010832431378897858
0.11,136,0.0017865589610081955
0.11,137,-0.0014103388557960958
0.11,138,0.001301891951929011
0.11,139,-0.0012604570413491283
0.11,140,-0.0005194754758198414
0.11,141,0.000909185309404357
0.11,142,0.001519437028591735
0.11,143,0.00010495023724795983
0.11,144,0.00019608551625637871
0.11,145,4.516761586351918e-5
0.11,146,0.0009219711450371854
0.11,147,-0.000597318554684811
0.11,148,0.0023590812514137655
0.11,149,0.00041147274286332816
0.11,150,0.001473669491127357
0.11,151,0.0005300393586569422
0.11,152,0.0005572672850147718
0.11,153,0.001568079540362333
0.11,154,0.0003573270257827708
0.11,155,0.0005685090339307481
0.11,156,0.001425488691018197
0.11,157,-0.0016411756764512508
0.11,158,0.0007943711647600738
0.11,159,0.001801018740772567
0.11,160,0.00013090788344994285
0.11,161,-0.0023305291174185424
0.11,162,0.0006253389070932394
0.11,163,-0.0016079418698954962
0.11,164,-0.0003591397408356987
0.11,165,-6.348261735469882e-7
0.11,166,-0.0008806919781907263
0.11,167,-0.0005310063064421467
0.11,168,-0.00013763397240765742
0.11,169,0.0004048212973997119
0.11,170,-0.00034949295439346104
0.11,171,-0.002642192310370717
0.11,172,-0.00014228114768051158
0.11,173,-0.00016013078802220364
0.11,174,0.004018521453513346
0.11,175,-0.0018167516143216991
0.11,176,-0.00039006537971142906
0.11,177,0.0021203864002200252
0.11,178,0.0013610721788416377
0.11,179,0.002721693456768814
0.11,180,0.0006873033096799658
0.11,181,0.0007843691290691478
0.11,182,-0.00018273718878019713
0.11,183,-0.0011499258549486364
0.11,184,0.0006530945976504374
0.11,185,0.0002745727966064049
0.11,186,0.0009141342052326711
0.11,187,0.006243331229995074
0.11,188,-0.0005334534339068409
0.11,189,0.004970748314966097
0.11,190,0.013436421032943109
0.11,191,-0.003395028014661571
0.11,192,0.11901151629088437
0.11,193,0.006645200973913962
0.11,194,0.00523546919201142
0.11,195,-0.001728515760743262
0.11,196,0.00023920626316096473
0.11,197,-0.0006871525611319915
0.11,198,-0.0004666030441437877
0.12,intercept,0.015603878381903932
0.12,1,0.001153752591193043
0.12,2,0.0033068809537727508
0.12,3,0.0017028032079508446
0.12,4,0.0006975533243874601
0.12,5,0.0016074738578723945
0.12,6,0.0010721837965977923
0.12,7,-0.0013859140601747459
0.12,8,9.192309835509407e-5
0.12,9,0.0018197648678852352
0.12,10,2.9485993986829582e-5
0.12,11,0.0007115595120294017
0.12,12,-0.000841743103802169
0.12,13,-0.001257242947391858
0.12,14,0.0008532781897177032
0.12,15,-0.00036169192670582826
0.12,16,0.0014425948648541338
0.12,17,-0.00016540945732340355
0.12,18,-0.00035876910405764325
0.12,19,-0.0018945673626505313
0.12,20,-0.0015647644121440582
0.12,21,0.0007143152708262701
0.12,22,-0.0017625843739362637
0.12,23,0.0008087511461686792
0.12,24,-0.001616274743219101
0.12,25,-0.0007140615073295426
0.12,26,-0.0016180555167450961
0.12,27,-0.0007260443729005671
0.12,28,0.00030355408664750524
0.12,29,0.0011426955764492286
0.12,30,0.0006837031686147033
0.12,31,-0.0015181538794191193
0.12,32,0.0005234038942428083
0.12,33,-0.00034243747176013374
0.12,34,0.00032161765268359826
0.12,35,0.00022092521954229682
0.12,36,-0.00017033433832065688
0.12,37,-0.0015862803779912176
0.12,38,-0.0006679183948847641
0.12,39,-0.0020818400629544808
0.12,40,-0.0011094751629445255
0.12,41,0.00034872372134497106
0.12,42,-0.0009060788332936916
0.12,43,0.0014607903189490883
0.12,44,0.00041229825922204895
0.12,45,0.0005871139028151069
0.12,46,-0.0008082448470376984
0.12,47,0.0011023942313186856
0.12,48,-0.00036051582481649874
0.12,49,0.0018731360943517346
0.12,50,-1.8684377743570367e-5
0.12,51,0.0009100994643368975
0.12,52,0.0009976603813563135
0.12,53,-0.0006335861921162422
0.12,54,0.0002529937234625335
0.12,55,0.001885863781252024
0.12,56,-0.0004276618605694089
0.12,57,0.0011702832211547562
0.12,58,0.0005605970056886472
0.12,59,0.0008175627184974676
0.12,60,-0.0005265830300121619
0.12,61,0.0010344878134280555
0.12,62,0.00013590113897181643
0.12,63,-0.0013661635537393758
0.12,64,0.0011079478645574647
0.12,65,0.00039183664994259265
0.12,66,0.00010320179006912971
0.12,67,-0.0003869548635453792
0.12,68,0.00022712898745383357
0.12,69,-0.00031541487597174807
0.12,70,-0.000449867248499652
0.12,71,-0.0012019787703592482
0.12,72,-0.0009658722933396147
0.12,73,-0.0007268936793456155
0.12,74,-0.0036350014508689456
0.12,75,0.0015680120788842571
0.12,76,-0.0014040894655235774
0.12,77,-0.00017449198398801158
0.12,78,-0.0001722454562427216
0.12,79,-0.0019007143662141469
0.12,80,0.0014313228624498275
0.12,81,0.0010263304325898248
0.12,82,0.0004727220811509398
0.12,83,0.00011483905439798636
0.12,84,0.0009281786636422255
0.12,85,-0.00031597493464948786
0.12,86,0.0019430358140914725
0.12,87,-0.0010700628245727767
0.12,88,0.0018059261847186636
0.12,89,0.0008840751354856376
0.12,90,-0.0020238862101854766
0.12,91,0.002590982286505416
0.12,92,0.0006516089143143751
0.12,93,0.001012285965714827
0.12,94,0.0025115178030012276
0.12,95,0.004940131620984897
0.12,96,-0.0010167325486810403
0.12,97,0.004819648941310791
0.12,98,-7.734049737759477e-5
0.12,99,-0.00019075401055676947
0.12,100,0.0022971697018043333
0.12,101,5.5394411873537926e-5
0.12,102,-0.000517472383335475
0.12,103,0.0012628203729651468
0.12,104,0.0004854740482146898
0.12,105,0.0007819835855557501
0.12,106,-0.0011695177164545967
0.12,107,0.0012767461693199552
0.12,108,0.0013172028386255826
0.12,109,9.37023939983154e-5
0.12,110,-2.3804870790590024e-5
0.12,111,6.448745686679592e-5
0.12,112,0.0001283223194835202
0.12,113,-0.00020527098301263667
0.12,114,0.00013576973377104224
0.12,115,-0.0013559884838953216
0.12,116,-0.0008558693484182464
0.12,117,-0.0012967094758055808
0.12,118,0.001195223026647003
0.12,119,-0.001161915048157588
0.12,120,-0.0029460199028958343
0.12,121,0.00028979910266737344
0.12,122,-0.0018564806869116447
0.12,123,-0.0005674292169340339
0.12,124,-5.2133777458796855e-5
0.12,125,-0.00025148114618304995
0.12,126,-0.0008439233794800869
0.12,127,-0.0015890867102635689
0.12,128,0.0012885085741468764
0.12,129,-0.00016518066817437636
0.12,130,0.0010339682519758307
0.12,131,-0.0005967863559758665
0.12,132,-6.89989975657409e-5
0.12,133,-0.0007853150978900277
0.12,134,-0.0015151136391444767
0.12,135,0.0009673832636419067
0.12,136,0.0017586912311899384
0.12,137,-0.0014478891543367358
0.12,138,0.0012390310638463475
0.12,139,-0.0011501320266427161
0.12,140,-0.00010791243956859926
0.12,141,0.0008643777985906087
0.12,142,0.0013473573686164243
0.12,143,0.0002407098397280759
0.12,144,-0.00014124881110235912
0.12,145,0.0005809235040014379
0.12,146,0.001223375975478299
0.12,147,-8.388051698209054e-5
0.12,148,0.0020918602537062393
0.12,149,0.00025547268628609075
0.12,150,0.0016981532360420808
0.12,151,0.0004335241495269178
0.12,152,-1.060202248770899e-5
0.12,153,0.002918511692716512
0.12,154,-0.00038446057025412874
0.12,155,0.0012097555337721617
0.12,156,0.0007231735365097451
0.12,157,-0.0012218824310716288
0.12,158,0.0006564585685208972
0.12,159,0.0017824106141540032
0.12,160,-3.850761085648109e-5
0.12,161,-0.0017853579339506323
0.12,162,0.0001171957653321109
0.12,163,-0.0012311751105725085
0.12,164,-7.681809724788343e-5
0.12,165,-0.0003718539175584175
0.12,166,-0.0010765051356620018
0.12,167,-0.0004921727329167158
0.12,168,-0.0004515907135748535
0.12,169,7.288622386694517e-5
0.12,170,0.0001807965656608137
0.12,171,-0.003130686901036398
0.12,172,-0.00013350615981849574
0.12,173,-2.2450225298374304e-5
0.12,174,0.0039001717114190066
0.12,175,-0.0021583681214826737
0.12,176,3.45509492981247e-5
0.12,177,0.0017245964234019813
0.12,178,0.0018178403904108515
0.12,179,0.002342981704992881
0.12,180,0.00014141872186981168
0.12,181,0.0014570390155275827
0.12,182,-0.0001966314988575631
0.12,183,0.0004506558252084717
0.12,184,0.0001541978172652196
0.12,185,-2.1079334220973704e-5
0.12,186,0.0009493820699763152
0.12,187,0.0066682318472002355
0.12,188,-0.001025663946841244
0.12,189,0.0061324402625601866
0.12,190,0.013036344309521155
0.12,191,-0.004059031511724244
0.12,192,0.12593721939803315
0.12,193,0.006078920218926449
0.12,194,0.005766585583604288
0.12,195,-0.0017891135575283784
0.12,196,0.0002672801149293584
0.12,197,-0.000650301955245963
0.12,198,-0.00041396374546283886
0.13,intercept,0.015485169066375861
0.13,1,0.0012792203920941856
0.13,2,0.003283292166632883
0.13,3,0.0011664793078166689
0.13,4,0.0008271420020073217
0.13,5,0.0012418634189916716
0.13,6,0.001829269654240487
0.13,7,-0.0018904847706151674
0.13,8,0.00015223401345811665
0.13,9,0.0018475568932790254
0.13,10,0.0006317786991536331
0.13,11,0.0007915937923686295
0.13,12,-0.0010730874125459294
0.13,13,-0.0006777005623041574
0.13,14,0.0005391340813158208
0.13,15,-7.932119942181522e-5
0.13,16,0.0014690262107979089
0.13,17,-0.00043082423574873505
0.13,18,7.753694163297796e-5
0.13,19,-0.002018857404195815
0.13,20,-0.0020371498407955606
0.13,21,0.0007201389825776607
0.13,22,-0.001818031258757012
0.13,23,0.0008433726344073705
0.13,24,-0.0013899041997099096
0.13,25,-0.0009761395375252229
0.13,26,-0.0015883257757546621
0.13,27,-0.0004506022392129796
0.13,28,0.0003187137837519297
0.13,29,0.0009698870147566037
0.13,30,0.0013070282430746305
0.13,31,-0.0017625763092711676
0.13,32,0.0006497240219727118
0.13,33,-0.0008099118784527956
0.13,34,-5.778424838196099e-5
0.13,35,-0.0002153482186718647
0.13,36,0.000744526263726182
0.13,37,-0.0018493076751551177
0.13,38,-0.0006583921967011447
0.13,39,-0.002465210198733921
0.13,40,-0.0009526498254177065
0.13,41,0.00032259893336269215
0.13,42,-0.0011595128264229326
0.13,43,0.002057992712146913
0.13,44,-0.0002467533228509049
0.13,45,0.0014943857651600189
0.13,46,-0.0016940306432034586
0.13,47,0.001352583851053975
0.13,48,-0.000353198699104948
0.13,49,0.0017626263894822125
0.13,50,7.996947514707362e-5
0.13,51,0.0007370906293606472
0.13,52,0.0011890896689499444
0.13,53,-0.00032500562313009034
0.13,54,-0.00022804286537135232
0.13,55,0.0018563411251161532
0.13,56,-0.00011272553491784509
0.13,57,0.0012568773737600349
0.13,58,0.0005995798180423127
0.13,59,0.0010144003375889387
0.13,60,-0.0005287213169391842
0.13,61,0.001093663342089952
0.13,62,0.0005890260901532726
0.13,63,-0.0018917468541077365
0.13,64,0.0011633445187055498
0.13,65,0.00031878391032549234
0.13,66,0.0008047230476209948
0.13,67,-0.0006292145126753376
0.13,68,0.0006562515837035818
0.13,69,-0.0003677570301199792
0.13,70,-0.000669818367575263
0.13,71,-0.0015614405800473813
0.13,72,-0.0010386729140919521
0.13,73,-0.0008718280305243492
0.13,74,-0.0033450117404919973
0.13,75,0.0019686665665833345
0.13,76,-0.001927615586632567
0.13,77,0.000639568475206856
0.13,78,-0.0005628277753210495
0.13,79,-0.0016935103887136765
0.13,80,0.0013134124092543983
0.13,81,0.0013129766772305659
0.13,82,0.0002603826117200112
0.13,83,9.288723269976472e-5
0.13,84,0.0008243862336000807
0.13,85,-0.0002408844325580699
0.13,86,0.0016014741516228472
0.13,87,-0.0012577995101808795
0.13,88,0.0018524861627222508
0.13,89,0.00044767408940598724
0.13,90,-0.0006659532884729459
0.13,91,0.0027479746036553933
0.13,92,0.0008737531631998492
0.13,93,0.0004912713546482402
0.13,94,0.002444306688757878
0.13,95,0.004718482747780486
0.13,96,-0.0007209175843252642
0.13,97,0.005343864853618676
0.13,98,-0.00028458937172188946
0.13,99,0.00023508180705691828
0.13,100,0.002482901077350952
0.13,101,0.00020608207605189615
0.13,102,-0.0010621267608602845
0.13,103,0.0016515801348153153
0.13,104,0.0005031229017585683
0.13,105,0.00032427840096986696
0.13,106,-0.0013603571525736791
0.13,107,0.0012156182908464057
0.13,108,0.0016059556869341114
0.13,109,-0.0004006260918453236
0.13,110,0.0010678896190092122
0.13,111,-0.0001589311182775991
0.13,112,1.5575398421774013e-5
0.13,113,-0.00032344700756922165
0.13,114,0.0003094769426848229
0.13,115,-0.001083877241763697
0.13,116,-0.0006031251223490706
0.13,117,-0.0014029346360497617
0.13,118,0.0013246641342535496
0.13,119,-0.001309423888201323
0.13,120,-0.002400356829168161
0.13,121,4.281426335385846e-5
0.13,122,-0.00222921041758519
0.13,123,-0.00027109921846249236
0.13,124,0.00015701736962096173
0.13,125,-0.0005534577229882544
0.13,126,-0.0010998819873690058
0.13,127,-0.0014484108268102856
0.13,128,0.0015642467207266939
0.13,129,-0.0005597222128040333
0.13,130,0.0009614427551672227
0.13,131,-0.0007991450143235673
0.13,132,-0.00022349130115777502
0.13,133,-0.0007453249913522676
0.13,134,-0.0012606707661071634
0.13,135,0.001136799104223247
0.13,136,0.001832998637153942
0.13,137,-0.0012394783741924568
0.13,138,0.0011255434947042308
0.13,139,-0.0010272912019917552
0.13,140,-0.00011979446033979604
0.13,141,0.0004838282770813195
0.13,142,0.0020976225815865215
0.13,143,0.00016888023580810326
0.13,144,-8.998462013742199e-5
0.13,145,0.0004757821847413581
0.13,146,0.0013592028722264127
0.13,147,0.00033144881813696624
0.13,148,0.0018778619603193453
0.13,149,0.0008152840897116671
0.13,150,0.0011541428429374361
0.13,151,0.0006763937219867765
0.13,152,-0.0002463241609587464
0.13,153,0.002908822807461509
0.13,154,-0.00025505554190469827
0.13,155,0.0010634314787457127
0.13,156,0.0006285778655332025
0.13,157,-0.0013566361931018382
0.13,158,0.001510855082403206
0.13,159,0.0017946860281315155
0.13,160,-0.0003075596002846937
0.13,161,-0.001643225335684725
0.13,162,-0.0005754603444234897
0.13,163,-0.0009923737605884648
0.13,164,-8.186557736758235e-5
0.13,165,-0.000624605876185937
0.13,166,-0.0011424460788817742
0.13,167,-0.0006473771186419023
0.13,168,-0.0005498206774734673
0.13,169,0.00012837033405936493
0.13,170,-0.00015995422914784357
0.13,171,-0.002911168688439389
0.13,172,0.00018061072008208185
0.13,173,-0.000269792724712084
0.13,174,0.003832354482010408
0.13,175,-0.002173846070707933
0.13,176,0.0009364960293182697
0.13,177,0.0010495007715849202
0.13,178,0.002280318528602987
0.13,179,0.0021264271362958936
0.13,180,0.00010599243839164575
0.13,181,0.0011537655753516766
0.13,182,0.00048504732807593855
0.13,183,0.0006403539398031663
0.13,184,-0.00013165885959507973
0.13,185,-6.331957038498124e-5
0.13,186,0.0015884129916857463
0.13,187,0.00601951454083972
0.13,188,-0.0008988950193069869
0.13,189,0.005440247823025853
0.13,190,0.014152743811153931
0.13,191,-0.004422478246916895
0.13,192,0.13325462968553867
0.13,193,0.0062246965834300855
0.13,194,0.006296843085297028
0.13,195,-0.0017678298843672004
0.13,196,0.0003022175336799757
0.13,197,-0.000665981678733529
0.13,198,-0.000411035459594542
0.14,intercept,0.01564971983347433
0.14,1,0.0017995824101363586
0.14,2,0.00280852757483309
0.14,3,0.0013923630110875295
0.14,4,0.0012973788108418623
0.14,5,0.0012154956285549978
0.14,6,0.001723612990089209
0.14,7,-0.002022123070809354
0.14,8,0.00014405544803509893
0.14,9,0.0014595211890825039
0.14,10,0.0010539697924708065
0.14,11,0.0006138372756402322
0.14,12,-0.0007261625166691409
0.14,13,-0.0009621503031607254
0.14,14,0.000191302783181749
0.14,15,0.00019014112108305315
0.14,16,0.0008956096737777161
0.14,17,8.086542134959068e-5
0.14,18,4.766704517099651e-5
0.14,19,-0.001665592574456134
0.14,20,-0.0023452771339855507
0.14,21,0.0004529173232226836
0.14,22,-0.0013457063363816546
0.14,23,0.0004877933949234759
0.14,24,-0.0019900471114101415
0.14,25,-0.0009163750029095151
0.14,26,-0.001907788294354319
0.14,27,-0.00011038809398677085
0.14,28,0.0002125523658693731
0.14,29,0.0007458809485607163
0.14,30,0.001580074650857044
0.14,31,-0.0019009545450881804
0.14,32,0.0002808563643638037
0.14,33,-0.00026019463062218256
0.14,34,-0.00047681628733499165
0.14,35,0.00019293181661532278
0.14,36,0.0002042794098647845
0.14,37,-0.0012978581391885318
0.14,38,-0.0010454206940628543
0.14,39,-0.0026135081335080597
0.14,40,-0.0005877383462973478
0.14,41,0.00020340009008752905
0.14,42,-0.001649156677532542
0.14,43,0.0025573080418094473
0.14,44,-0.000609267728961856
0.14,45,0.0021075068581199426
0.14,46,-0.001800517903503828
0.14,47,0.001328072847740568
0.14,48,-0.0006536957289747675
0.14,49,0.0016056025415548433
0.14,50,0.00010026453094699226
0.14,51,0.0010419777612074841
0.14,52,0.0012658481600975548
0.14,53,-0.00016412474732438394
0.14,54,0.0006428512951567757
0.14,55,0.0015796512719667755
0.14,56,0.00024023582877655752
0.14,57,0.001021475630922613
0.14,58,0.00060508091183546
0.14,59,0.0007779386005968529
0.14,60,-0.0005409931832556982
0.14,61,0.0010465341617284024
0.14,62,0.001150009763203371
0.14,63,-0.00215108810411894
0.14,64,0.0012715420417965435
0.14,65,-5.7285871309335355e-5
0.14,66,0.0005623005731982035
0.14,67,-0.000637645742640124
0.14,68,0.0006271483811233276
0.14,69,-0.0007563658499958084
0.14,70,-0.0002221942987313765
0.14,71,-0.002287448619731364
0.14,72,-0.000644867749424673
0.14,73,-0.0009634258717946315
0.14,74,-0.003404228514867057
0.14,75,0.0017363983508175015
0.14,76,-0.0020338273234682645
0.14,77,0.0009105640896447094
0.14,78,-0.0008028681242762661
0.14,79,-0.0013832040764137866
0.14,80,0.0006281896304879522
0.14,81,0.00200140211249748
0.14,82,0.0003681692414379877
0.14,83,2.8553738147148096e-5
0.14,84,0.0007107983003191028
0.14,85,-0.0003011738041684802
0.14,86,0.0014809758575153112
0.14,87,-0.001564071185426778
0.14,88,0.002446289649306844
0.14,89,0.0003768739859833087
0.14,90,-0.0009072127942525267
0.14,91,0.0032905081055250966
0.14,92,0.0008500248623472844
0.14,93,0.00039731627112049464
0.14,94,0.0025358910444769887
0.14,95,0.0048944179545289575
0.14,96,-0.0013540505827771081
0.14,97,0.005655606909745759
0.14,98,-8.640974177158417e-5
0.14,99,0.00015327524116555963
0.14,100,0.0021311750173723825
0.14,101,-0.00015871704841173518
0.14,102,-0.00033282562376077575
0.14,103,0.002388641279844329
0.14,104,0.00025841987978257494
0.14,105,0.00022211288071482117
0.14,106,-0.001988129928431125
0.14,107,0.0017909621459435293
0.14,108,0.0011631523810279143
0.14,109,-0.0006161307872458806
0.14,110,0.0008978326227749935
0.14,111,7.498573518562763e-5
0.14,112,4.729408834245182e-5
0.14,113,-0.0005186399123881505
0.14,114,-9.686359368863761e-5
0.14,115,-0.0011194349131350184
0.14,116,-0.00025361388984659504
0.14,117,-0.000913729790152163
0.14,118,0.0010730639984572572
0.14,119,-0.0015771255955064742
0.14,120,-0.00207704322669823
0.14,121,-0.00023090650645819273
0.14,122,-0.001965656958110851
0.14,123,-0.0005890856230579654
0.14,124,0.00035012856679208625
0.14,125,-0.0008756543628768263
0.14,126,-0.00039337252140423805
0.14,127,-0.002001689832833349
0.14,128,0.0011153711996178379
0.14,129,-0.00034090316201739406
0.14,130,0.0007294328836315437
0.14,131,-0.0007795383657811057
0.14,132,0.0003079373138403581
0.14,133,-0.0010936791943120634
0.14,134,-0.0012543534374143388
0.14,135,0.0014551163765320792
0.14,136,0.0011039574703553983
0.14,137,-0.0007306441666082384
0.14,138,0.0008436891990434716
0.14,139,-0.0011370537003528327
0.14,140,-8.73995805207858e-5
0.14,141,0.0009481133081780021
0.14,142,0.0019434465278663127
0.14,143,-0.00014764551015789665
0.14,144,0.0003863883561895512
0.14,145,9.755913101572224e-5
0.14,146,0.0010533089606452218
0.14,147,0.0009904859415959743
0.14,148,0.002846447992963783
0.14,149,0.0001466818113594708
0.14,150,0.001312638504954306
0.14,151,0.00047194333212381283
0.14,152,-0.0003138706432154485
0.14,153,0.0027932962096022867
0.14,154,-0.0003501912655590099
0.14,155,0.0015462223677272936
0.14,156,-0.00011866608087452881
0.14,157,-0.0008672786422412387
0.14,158,0.000746885627973311
0.14,159,0.002070418536225432
0.14,160,-7.61596187291788e-5
0.14,161,-0.0020414289072377308
0.14,162,-4.9105277435924255e-5
0.14,163,-0.0013330485687953664
0.14,164,-0.0003771841261815709
0.14,165,-0.0003105436123324812
0.14,166,-0.0011163206025985655
0.14,167,-0.0006890888936368306
0.14,168,-0.00037050448490171423
0.14,169,-1.2459745162755545e-5
0.14,170,-0.0007140507558083507
0.14,171,-0.0021530297625935216
0.14,172,-0.0006124297219246856
0.14,173,6.716307942706064e-5
0.14,174,0.0036628172184530556
0.14,175,-0.0016372306219240096
0.14,176,0.001182229942814529
0.14,177,0.0013157669871824767
0.14,178,0.0023051506057938874
0.14,179,0.0022813901522120545
0.14,180,-0.00019285234812031063
0.14,181,0.0016364296578231976
0.14,182,0.0006524233170712211
0.14,183,0.0006308553411427306
0.14,184,-2.6821358601041683e-5
0.14,185,-0.00011638463758014163
0.14,186,0.0025560278376351316
0.14,187,0.005543913980411171
0.14,188,-0.0007797262698810957
0.14,189,0.006186840732714804
0.14,190,0.01429535256281443
0.14,191,-0.00548217546898453
0.14,192,0.14082343830268543
0.14,193,0.006607069591332889
0.14,194,0.006113271288788398
0.14,195,-0.0017818357028778508
0.14,196,0.00031782898170397796
0.14,197,-0.0006151092297288748
0.14,198,-0.00031671050572823836
0.15,intercept,0.015643068096376667
0.15,1,0.0018906444332945378
0.15,2,0.0033077254966940206
0.15,3,0.0008086732194837923
0.15,4,0.0018165572723509477
0.15,5,0.000435413306692503
0.15,6,0.0016086047246069567
0.15,7,-0.0014959592213334599
0.15,8,0.00018862159824833865
0.15,9,0.0016045925097932102
0.15,10,0.0011089722587163833
0.15,11,0.0010303370813950715
0.15,12,-0.0008850755341137316
0.15,13,-0.0007215389771306733
0.15,14,0.00035013942873105816
0.15,15,-0.0002833050424232351
0.15,16,0.0007888092367146332
0.15,17,8.493300351350146e-5
0.15,18,0.00042727128532793213
0.15,19,-0.0019240383306837376
0.15,20,-0.002328127333615361
0.15,21,0.0005678278864884776
0.15,22,-0.0012154716574763755
0.15,23,0.0006436375743469321
0.15,24,-0.0021419419258973736
0.15,25,-0.0009971935810073236
0.15,26,-0.0019152013359677602
0.15,27,-0.00041935510062346507
0.15,28,0.00033425324105015305
0.15,29,0.00046611543315290636
0.15,30,0.0012699498303869335
0.15,31,-0.001728310006399616
0.15,32,0.0002703070526417298
0.15,33,-0.0004885586262064125
0.15,34,-0.0005915984295585314
0.15,35,0.00016519552675499063
0.15,36,0.0007285244555348192
0.15,37,-0.0016265117909343315
0.15,38,-0.0014822741133601036
0.15,39,-0.0022899728253443223
0.15,40,-0.0004326637907839978
0.15,41,0.0005255482102916645
0.15,42,-0.0018371926435949474
0.15,43,0.0020827004049415684
0.15,44,-0.00042043314654742166
0.15,45,0.002282030943651301
0.15,46,-0.0018289764684869436
0.15,47,0.0016056319575390365
0.15,48,-0.0006075305017018028
0.15,49,0.002250644562783558
0.15,50,-0.00024515534986719814
0.15,51,0.001200675925214188
0.15,52,0.0010314107539150684
0.15,53,-9.14076031550068e-5
0.15,54,0.0003244002691948892
0.15,55,0.001196355371215688
0.15,56,0.00040090809414658794
0.15,57,0.002161745301782764
0.15,58,0.00031502989946291337
0.15,59,0.0005841995266924895
0.15,60,-0.0007437582572649183
0.15,61,0.0008298712788658936
0.15,62,0.0018474302676909707
0.15,63,-0.0023057038934327337
0.15,64,0.0006276855428865751
0.15,65,0.0004610263001813599
0.15,66,0.0006133002677824462
0.15,67,-0.0012315275047494341
0.15,68,0.0012157927036194258
0.15,69,-0.0006862847397173472
0.15,70,0.00021114121944892133
0.15,71,-0.0022167147747128063
0.15,72,-0.0009039647222479027
0.15,73,-0.0011488368701159332
0.15,74,-0.003088011357626815
0.15,75,0.0014549971206905816
0.15,76,-0.0015620882532280378
0.15,77,0.00020798408585458807
0.15,78,4.238062137072171e-5
0.15,79,-0.0010667693228514172
0.15,80,2.1849264938854764e-5
0.15,81,0.0021097775364437095
0.15,82,-5.937624890347517e-5
0.15,83,0.0003896979438145954
0.15,84,0.000778704878801365
0.15,85,-0.00017032925296180123
0.15,86,0.0013075417922565177
0.15,87,-0.0017668581367439311
0.15,88,0.002450053402148653
0.15,89,0.0003491447842615857
0.15,90,-0.0008256742262569618
0.15,91,0.003211356270435897
0.15,92,0.001117745311747855
0.15,93,0.0015550451125182158
0.15,94,0.0018427087492591408
0.15,95,0.004236054881876162
0.15,96,-0.0008001766589830966
0.15,97,0.005958315227620076
0.15,98,-0.00023160240533443192
0.15,99,0.0007119162873876299
0.15,100,0.0018026785702233196
0.15,101,0.0008506236327159785
0.15,102,-0.00040041505334666736
0.15,103,0.002024531509789942
0.15,104,0.0002660274720393547
0.15,105,0.0004939026851585492
0.15,106,-0.0020728141731991543
0.15,107,0.00169348962112797
0.15,108,0.0009234008720170266
0.15,109,-0.0010175354001756424
0.15,110,0.001150151395328679
0.15,111,0.00041978060791976343
0.15,112,2.892227405553161e-5
0.15,113,-0.0009114549829002904
0.15,114,0.0003666851391709643
0.15,115,-0.0012993908746088934
0.15,116,-0.0004659537842629276
0.15,117,-0.0012982496717433877
0.15,118,0.0009265906123030591
0.15,119,-0.0013473420256541718
0.15,120,-0.0019081847912236073
0.15,121,-0.0004747673505253827
0.15,122,-0.0017969360125517902
0.15,123,-0.0008538815648484364
0.15,124,0.0004146211373635933
0.15,125,-0.0002743419671017099
0.15,126,-0.0010606601970674972
0.15,127,-0.0016555642245429227
0.15,128,0.0013949510894035878
0.15,129,-0.0004362189113777375
0.15,130,0.0009484580040889162
0.15,131,-0.0011041077635614257
0.15,132,0.00011278858493338462
0.15,133,-0.0003932024233378167
0.15,134,-0.0018566451591868359
0.15,135,0.001725847535106933
0.15,136,0.0008895917528614854
0.15,137,-0.0007086732845323735
0.15,138,0.001010145553780614
0.15,139,-0.0011101680007837317
0.15,140,0.00031391135679005816
0.15,141,0.0007672458363393041
0.15,142,0.00215480313624793
0.15,143,0.00011452441989811652
0.15,144,0.00048364910919313804
0.15,145,-9.216225085914813e-5
0.15,146,0.0013657173292070022
0.15,147,0.00077825032474954
0.15,148,0.0024641299276264915
0.15,149,0.00044187612206168217
0.15,150,0.0012108762051772275
0.15,151,0.0009324960005246316
0.15,152,-0.000575308532537912
0.15,153,0.002952306101909761
0.15,154,-0.0002200326634449695
0.15,155,0.001603186490108291
0.15,156,-0.0006187858825788374
0.15,157,-0.0005610318828507373
0.15,158,0.0007556598098134297
0.15,159,0.002060320342796139
0.15,160,-0.00019386897372099173
0.15,161,-0.0016784550707191434
0.15,162,-0.0007244997519641572
0.15,163,-0.0008570235310801257
0.15,164,-0.0009829661550031594
0.15,165,-0.00014889344579025731
0.15,166,-0.0012498155282857674
0.15,167,-0.0010336115400689167
0.15,168,-0.00024538774694423483
0.15,169,-8.562090045525502e-5
0.15,170,-0.0004703540901680148
0.15,171,-0.0020140916541166033
0.15,172,-0.00040903354029473555
0.15,173,0.0001059531965513199
0.15,174,0.0031680560306846716
0.15,175,-0.0012763234576711362
0.15,176,0.0011680321510737551
0.15,177,0.000772718130404351
0.15,178,0.0024311492663716115
0.15,179,0.0023696773599633995
0.15,180,-0.001010515179124352
0.15,181,0.0010711462384592734
0.15,182,0.0006374355827772558
0.15,183,0.0006632682411980907
0.15,184,-0.00017721477728227967
0.15,185,0.00018130419039974496
0.15,186,0.0028187257126691487
0.15,187,0.004813956677288774
0.15,188,0.0006364039730856623
0.15,189,0.005668410443130143
0.15,190,0.015128194810337142
0.15,191,-0.007318711615452214
0.15,192,0.14987413724887963
0.15,193,0.0066962441565257365
0.15,194,0.006430041517049487
0.15,195,-0.0018718753336152535
0.15,196,0.00036425781425113466
0.15,197,-0.0005812882719553256
0.15,198,-0.000253581180950771
0.16,intercept,0.015775021723685542
0.16,1,0.002141982080390961
0.16,2,0.003228229709807775
0.16,3,0.0009496906590538304
0.16,4,0.0017621422405224101
0.16,5,7.206556767251664e-5
0.16,6,0.0017973617037354457
0.16,7,-0.002134074985357389
0.16,8,0.0008538490897832972
0.16,9,0.0009724774646243474
0.16,10,0.0012831908551961264
0.16,11,0.000951611184031322
0.16,12,-0.0009305502815791762
0.16,13,-0.0006330159891771528
0.16,14,0.00031891822691820104
0.16,15,-0.0002615668415071989
0.16,16,0.001387454437536753
0.16,17,-0.00041832895860870493
0.16,18,2.7834220344193356e-5
0.16,19,-0.002112822297135916
0.16,20,-0.002220933396274461
0.16,21,0.0002571654198579826
0.16,22,-0.0010357350977950393
0.16,23,0.0007158451575976564
0.16,24,-0.002278313552091313
0.16,25,-0.0009760123558291287
0.16,26,-0.0016724057906262206
0.16,27,0.00013807121064495076
0.16,28,-5.16808629621222e-5
0.16,29,0.0005818405573363739
0.16,30,0.0015247417454761958
0.16,31,-0.001965386628721267
0.16,32,6.032514308070294e-5
0.16,33,-0.0005359885602423663
0.16,34,-0.00047336033928189737
0.16,35,-1.3489889619283678e-5
0.16,36,0.0009341995407820223
0.16,37,-0.0013970430235798496
0.16,38,-0.0017274363666730341
0.16,39,-0.0020706826375238
0.16,40,-0.0006063888904848661
0.16,41,0.00043935777755360785
0.16,42,-0.0016397798403573862
0.16,43,0.001983258263678665
0.16,44,-0.0004417772562197979
0.16,45,0.0020565951858852152
0.16,46,-0.0016865147985585466
0.16,47,0.0016721528292826808
0.16,48,-0.00017742269875437933
0.16,49,0.001980435550952881
0.16,50,-0.0004371202977226594
0.16,51,0.0013013411650438776
0.16,52,0.0008701987472437327
0.16,53,0.00010322546421394575
0.16,54,-0.00032344340423937307
0.16,55,0.001321558346657207
0.16,56,0.0005992311138669814
0.16,57,0.0024528582313145145
0.16,58,0.0003421111178812594
0.16,59,0.0008618930069589295
0.16,60,-0.0016529983928085727
0.16,61,0.000769551703172382
0.16,62,0.002047781057243787
0.16,63,-0.0020683377851720298
0.16,64,0.00019868443032372378
0.16,65,0.0006040217188263185
0.16,66,0.0002954493531520949
0.16,67,-0.0007476480928060921
0.16,68,0.0008187579076613194
0.16,69,-0.0009958401126852951
0.16,70,0.000374186773941681
0.16,71,-0.001939185670436189
0.16,72,-0.0011544841808367211
0.16,73,-0.0009850032662719254
0.16,74,-0.002924791582266374
0.16,75,0.0013404833333506595
0.16,76,-0.0013094849523245628
0.16,77,-0.00022814305114993817
0.16,78,0.0001945906291021979
0.16,79,-0.0016724403121430192
0.16,80,0.0005960763503323444
0.16,81,0.0020588548634085787
0.16,82,-8.768098427578168e-5
0.16,83,2.041883202303129e-5
0.16,84,0.001354487689911191
0.16,85,-0.00016274852593059006
0.16,86,0.0014609291362398039
0.16,87,-0.0017325003549375148
0.16,88,0.0020551447076524575
0.16,89,0.00032370484204420375
0.16,90,-1.7239170977365985e-5
0.16,91,0.0026536730017290614
0.16,92,0.0014807212695018277
0.16,93,0.0010017188423526917
0.16,94,0.002541146118291284
0.16,95,0.0038988485553295067
0.16,96,9.166340315126451e-5
0.16,97,0.005256610269331523
0.16,98,0.000691833059862897
0.16,99,-0.00012147791991758452
0.16,100,0.001963098902952509
0.16,101,0.0012837433161395789
0.16,102,-0.0006274109547957943
0.16,103,0.002267345853019799
0.16,104,0.0005025216775031914
0.16,105,5.283170710916554e-5
0.16,106,-0.0019314838530428632
0.16,107,0.001654860526396811
0.16,108,0.0012432935224256734
0.16,109,-0.0009824733940487905
0.16,110,0.000936816863882678
0.16,111,0.00036241306769347275
0.16,112,7.719869954381433e-5
0.16,113,-0.0007316204095684177
0.16,114,0.000679262916183126
0.16,115,-0.0015644516649812982
0.16,116,-0.0006078437325785735
0.16,117,-0.0014546622284726033
0.16,118,0.001319926329430239
0.16,119,-0.0017316150959723045
0.16,120,-0.0016042734761095069
0.16,121,-0.000870364769473643
0.16,122,-0.002009908039308702
0.16,123,-0.000549242521203733
0.16,124,0.00042894894531973006
0.16,125,-0.0001466310524932413
0.16,126,-0.0008596677331496898
0.16,127,-0.0019513514581457176
0.16,128,0.0011853362634830019
0.16,129,-0.0003114423110527506
0.16,130,0.0009539361191234625
0.16,131,-0.0010013548500026424
0.16,132,0.0003957973043673208
0.16,133,-0.0008060905502240255
0.16,134,-0.0019163029070850168
0.16,135,0.0025934847605023174
0.16,136,0.000147981354139803
0.16,137,-0.0006110724729106547
0.16,138,0.001295319611428168
0.16,139,-0.0011534400615014573
0.16,140,-0.00015369966329273495
0.16,141,0.0009427788978620897
0.16,142,0.0019111076815177218
0.16,143,0.00019265143358689147
0.16,144,0.0006642578483362516
0.16,145,-0.00012309063112601743
0.16,146,0.0015244006070949492
0.16,147,0.0006108180428658176
0.16,148,0.0027357127923251685
0.16,149,2.915033399445129e-5
0.16,150,0.0014804156877546556
0.16,151,0.0004966005692814082
0.16,152,-0.00010569229291105784
0.16,153,0.003123104969486661
0.16,154,-0.0010812431875431442
0.16,155,0.0023172067076108697
0.16,156,-0.0006580238087155472
0.16,157,-0.0009566587270082197
0.16,158,0.0012830477199299896
0.16,159,0.0018461116236520897
0.16,160,0.00033260269139216995
0.16,161,-0.001933924291408177
0.16,162,-0.0008048246712300995
0.16,163,-0.0002645479866630805
0.16,164,-0.00099948860291509
0.16,165,-0.0004893037998507215
0.16,166,-0.0018544221524693784
0.16,167,-0.0007452285959611408
0.16,168,-4.883646729562002e-5
0.16,169,-0.00047877173661417733
0.16,170,4.858902407963792e-5
0.16,171,-0.002017482543899783
0.16,172,-0.00033241926183164505
0.16,173,0.00046115744738742796
0.16,174,0.003093180209597755
0.16,175,-0.0017574161602434632
0.16,176,0.0020012524966461576
0.16,177,0.0006345027697528534
0.16,178,0.002006950137232378
0.16,179,0.002117494712190201
0.16,180,-0.0001775511321170227
0.16,181,0.0007344560198344062
0.16,182,0.0004494769013757946
0.16,183,0.0005126435346139119
0.16,184,0.00024701141769890666
0.16,185,0.0003870532461104262
0.16,186,0.0028060905513492183
0.16,187,0.004977876494550398
0.16,188,0.0004195475500232421
0.16,189,0.005127886357972391
0.16,190,0.016471823569960964
0.16,191,-0.008708235299584324
0.16,192,0.15675562497499543
0.16,193,0.006332648032906683
0.16,194,0.0069601845720968095
0.16,195,-0.001928715676999725
0.16,196,0.0004058988137410608
0.16,197,-0.0005413575558086874
0.16,198,-0.0001469313939352762
0.17,intercept,0.01595813407554411
0.17,1,0.0022118649862711355
0.17,2,0.0030729070300690195
0.17,3,0.001330157511345482
0.17,4,0.0015100685621487826
0.17,5,-6.926901498153942e-5
0.17,6,0.0016541448189978736
0.17,7,-0.001966124697339291
0.17,8,0.0010921717962920356
0.17,9,0.0008098477403680049
0.17,10,0.0012379139193292627
0.17,11,0.0009820349056007334
0.17,12,-0.0005112843477604397
0.17,13,-0.0006539784111096919
0.17,14,0.0003435966373987437
0.17,15,-8.832695363750648e-5
0.17,16,0.001681438436356657
0.17,17,-0.0005778244156531924
0.17,18,-4.2697834230416444e-5
0.17,19,-0.0018993749464250532
0.17,20,-0.0022611993534709814
0.17,21,0.00023144502750396624
0.17,22,-0.0011498361581437544
0.17,23,0.00055308775462605
0.17,24,-0.0022196297264464536
0.17,25,-0.0008962089864830501
0.17,26,-0.001892644308509779
0.17,27,8.096840351842117e-5
0.17,28,-0.00031666462324722274
0.17,29,0.00020490309055239575
0.17,30,0.0014493741470247034
0.17,31,-0.0016155253411553254
0.17,32,0.0001455868591037554
0.17,33,-0.0004480230280882761
0.17,34,-0.000879895353415382
0.17,35,-5.521781745805171e-5
0.17,36,0.0007466782517145366
0.17,37,-0.00046354623419878646
0.17,38,-0.00227340627763151
0.17,39,-0.001769994775676451
0.17,40,-0.0006227651201270178
0.17,41,0.00021756654323160717
0.17,42,-0.0016255086423504525
0.17,43,0.0017064134040585207
0.17,44,-0.0002897068635181906
0.17,45,0.0023597193437866547
0.17,46,-0.0016447192607727563
0.17,47,0.0014027535086876396
0.17,48,-0.00048675907433064447
0.17,49,0.0023084071690028414
0.17,50,-0.0005817227895139512
0.17,51,0.00099786181865255
0.17,52,0.0008586455262789763
0.17,53,0.00028633758751146857
0.17,54,-0.0004950247947434385
0.17,55,0.0016660126725111214
0.17,56,0.00033714583767765897
0.17,57,0.002760735034979473
0.17,58,0.0002005160946769379
0.17,59,0.000680157013936479
0.17,60,-0.0017424666204719915
0.17,61,0.0012631658576781378
0.17,62,0.002189305132124584
0.17,63,-0.002094980169102773
0.17,64,2.2806465421672114e-5
0.17,65,0.0005180206569978519
0.17,66,0.0003325802365575215
0.17,67,-0.0006530143087350059
0.17,68,0.0007283183663104084
0.17,69,-0.001599883285386536
0.17,70,0.0012701392254555422
0.17,71,-0.0018535547669600097
0.17,72,-0.0010897126231693708
0.17,73,-0.00133785705032381
0.17,74,-0.002696063902172049
0.17,75,0.0016213590345320248
0.17,76,-0.0015312746483519925
0.17,77,-0.0006781516238028736
0.17,78,0.00025188553801964607
0.17,79,-0.0022585910824587927
0.17,80,0.0016351730387263708
0.17,81,0.0015706838001606205
0.17,82,-0.00022829597843503375
0.17,83,-0.00034860940910973925
0.17,84,0.0018178650108089229
0.17,85,0.0003837012016283084
0.17,86,0.0009459240622705776
0.17,87,-0.0017518144411580378
0.17,88,0.0020776654728783405
0.17,89,0.0003968687123922493
0.17,90,-2.6627229819078503e-5
0.17,91,0.0027616282134396955
0.17,92,0.0014799372141111196
0.17,93,0.001184043286099407
0.17,94,0.0019913026120445894
0.17,95,0.004344087497246102
0.17,96,-0.000470515660594021
0.17,97,0.00590764340654377
0.17,98,0.0002100162676205068
0.17,99,-0.00035877001148541565
0.17,100,0.002482689842821183
0.17,101,0.0011402053193008146
0.17,102,-0.0009021367192615256
0.17,103,0.0023449719696551144
0.17,104,0.0004074983569288138
0.17,105,6.549324265294092e-5
0.17,106,-0.001711750250309912
0.17,107,0.0016483138228613671
0.17,108,0.0006087473226511061
0.17,109,-0.0010594782032149637
0.17,110,0.0014187163547086559
0.17,111,-0.0001452499750641027
0.17,112,0.0003780911156988909
0.17,113,-0.0007598405402060889
0.17,114,0.0008907115437673154
0.17,115,-0.0019921951912474627
0.17,116,-0.0005830468790328353
0.17,117,-0.0013598051789545094
0.17,118,0.0017128411722187051
0.17,119,-0.0016341829588596927
0.17,120,-0.0018698371863097255
0.17,121,-0.00036909730237949805
0.17,122,-0.0023224712800435743
0.17,123,-0.0005514801180132139
0.17,124,0.000415037248987311
0.17,125,0.00030006516870383207
0.17,126,-0.0012223953539536466
0.17,127,-0.0022994211003679686
0.17,128,0.0012777779364222075
0.17,129,6.74024180191353e-5
0.17,130,0.0005630931360665468
0.17,131,-0.0006494055283004689
0.17,132,0.0005279359932586209
0.17,133,-0.0010445245009458287
0.17,134,-0.0016265227799471624
0.17,135,0.0025949762683024013
0.17,136,0.0002216780407412731
0.17,137,-0.0007157675226434218
0.17,138,0.0013055520429503475
0.17,139,-0.0011524559695505533
0.17,140,-0.0004869806068543801
0.17,141,0.0010155152244914908
0.17,142,0.0015398363724921822
0.17,143,0.00030782561483900096
0.17,144,0.0005293704891058471
0.17,145,0.00036474383713485504
0.17,146,0.0014434433648005034
0.17,147,0.0009449346067752465
0.17,148,0.0021681586533694986
0.17,149,0.00037599056886296556
0.17,150,0.0011918136090114798
0.17,151,0.00016893263849784016
0.17,152,0.00025968733476242745
0.17,153,0.0029919124007059933
0.17,154,-0.0010532632967641272
0.17,155,0.0017214084906330403
0.17,156,-0.0003836985149182109
0.17,157,-0.0005116853476294431
0.17,158,0.0008547029971089569
0.17,159,0.002452143490980643
0.17,160,0.0004360083514535907
0.17,161,-0.0018509124277845753
0.17,162,-0.00042154335289134616
0.17,163,-0.0007331490825238961
0.17,164,-0.000742294549129735
0.17,165,-0.0007529862558476526
0.17,166,-0.0018259513639099884
0.17,167,-0.00010281200781532303
0.17,168,-0.0007946725984394614
0.17,169,-9.539271415306383e-5
0.17,170,-0.0005758526436850775
0.17,171,-0.0017587098060398885
0.17,172,-0.0002352199569073131
0.17,173,0.0002961438720535349
0.17,174,0.003005252201239399
0.17,175,-0.0017609653979413999
0.17,176,0.0016725858880242647
0.17,177,0.001251153609434021
0.17,178,0.0016632345683306176
0.17,179,0.002118560485758772
0.17,180,-0.0005009834082756434
0.17,181,0.0007988801671687179
0.17,182,0.0010050697374180794
0.17,183,0.0004420847916036795
0.17,184,-0.00037967505278887597
0.17,185,9.510297399350287e-5
0.17,186,0.0025934215640760223
0.17,187,0.004815378218927294
0.17,188,0.0015173809752010799
0.17,189,0.004344678995054415
0.17,190,0.017735935389075815
0.17,191,-0.008923442028022806
0.17,192,0.1648684338773013
0.17,193,0.006048581905126219
0.17,194,0.006748811928614683
0.17,195,-0.0020317421516965594
0.17,196,0.00040447991806741605
0.17,197,-0.0004562442060675794
0.17,198,-0.00010056748462112909
0.18,intercept,0.01604671966008269
0.18,1,0.0019950045176632698
0.18,2,0.0034524289010682526
0.18,3,0.001382704814210992
0.18,4,0.0014883509035875696
0.18,5,0.0002923227366621143
0.18,6,0.0015321772568214135
0.18,7,-0.0022022315327923075
0.18,8,0.0011902669089474344
0.18,9,0.0002921968229119485
0.18,10,0.002501758841768165
0.18,11,0.00041955547488820656
0.18,12,0.00013895761397723105
0.18,13,-0.000979248954473641
0.18,14,0.0002023211242431207
0.18,15,-0.0001261526558817167
0.18,16,0.0012013270112991275
0.18,17,-0.0004334018141896929
0.18,18,-0.0002038153067146658
0.18,19,-0.0015138841512236385
0.18,20,-0.0021643929227522763
0.18,21,-1.331664493789063e-5
0.18,22,-0.0009648328259751981
0.18,23,0.00021506945213881017
0.18,24,-0.002183520967677166
0.18,25,-0.0006916561980477548
0.18,26,-0.001399426941413999
0.18,27,-0.00045670836855534304
0.18,28,-8.960638992864342e-5
0.18,29,-0.00047206878012338453
0.18,30,0.0015652221534943297
0.18,31,-0.0014108550203948986
0.18,32,-1.0274538057097907e-5
0.18,33,0.00010115049468023134
0.18,34,-0.0011554159331937715
0.18,35,-0.0003236412769520035
0.18,36,0.0007982003000479089
0.18,37,-4.084534283942947e-5
0.18,38,-0.0025777506332802943
0.18,39,-0.00186172278561326
0.18,40,-0.0005733189417460095
0.18,41,0.00021655155246727743
0.18,42,-0.0012798693296020471
0.18,43,0.0014614705808600414
0.18,44,0.0002658403957125786
0.18,45,0.0019034221593321908
0.18,46,-0.0017569922697160546
0.18,47,0.001366824389753879
0.18,48,-0.0005276119619661928
0.18,49,0.0025995675308942414
0.18,50,-0.00034522167955665253
0.18,51,0.0006835671031636115
0.18,52,0.0007873056608168979
0.18,53,-8.207550286265426e-5
0.18,54,-0.00029163872752125514
0.18,55,0.002229200226379534
0.18,56,0.0001848360853583217
0.18,57,0.003067283340898407
0.18,58,-0.00010566874836718274
0.18,59,0.0010090066388208925
0.18,60,-0.0019199687794530023
0.18,61,0.0012589430732635079
0.18,62,0.0025106872595318307
0.18,63,-0.002607687726507675
0.18,64,0.00011223694588060286
0.18,65,0.0007606688042064842
0.18,66,0.00011464852364287493
0.18,67,-0.0007244998473860371
0.18,68,0.0007454901762562008
0.18,69,-0.001982423169448319
0.18,70,0.0012041541515378077
0.18,71,-0.0015220599515590354
0.18,72,-0.0008573846224678851
0.18,73,-0.0013342398490863061
0.18,74,-0.0027252088981802405
0.18,75,0.0016548129876157777
0.18,76,-0.0020443059790930785
0.18,77,-0.0004429036512384163
0.18,78,-0.00038326735725827463
0.18,79,-0.0020207687298672296
0.18,80,0.0013810700186041558
0.18,81,0.0012946731068974205
0.18,82,0.00024927776727974474
0.18,83,-0.00047598161239708004
0.18,84,0.001885621073428806
0.18,85,0.0006970195490108655
0.18,86,0.0010363368263573097
0.18,87,-0.0019743454465015907
0.18,88,0.0014887549484351786
0.18,89,0.0007814809706546904
0.18,90,0.0001411816393892266
0.18,91,0.0025215602314903394
0.18,92,0.0016317118342202962
0.18,93,0.000557026060138805
0.18,94,0.002515764526331963
0.18,95,0.0038853322200630568
0.18,96,-0.0011692072927295112
0.18,97,0.006352844562222049
0.18,98,0.00012585349936113595
0.18,99,-0.0004147276722238072
0.18,100,0.0024193806516341
0.18,101,0.0015278560177606462
0.18,102,-0.001600737380903649
0.18,103,0.0028801544578014758
0.18,104,0.00018721138308012188
0.18,105,-0.0002549872815966209
0.18,106,-0.001445700532121763
0.18,107,0.001957037643307571
0.18,108,0.001159569497542931
0.18,109,-0.0009030745381007162
0.18,110,0.0012066973650945816
0.18,111,-6.085787315630819e-5
0.18,112,0.0003228882602706943
0.18,113,-0.0012253794077692322
0.18,114,0.0014876637666487525
0.18,115,-0.002251213969550793
0.18,116,-0.0005049675470555074
0.18,117,-0.0010692409856971465
0.18,118,0.0015950299436411678
0.18,119,-0.0016342430250516097
0.18,120,-0.0018241847193609245
0.18,121,-0.0005882473956449137
0.18,122,-0.00162334610122356
0.18,123,-0.0012891205941040012
0.18,124,0.00044770428536127584
0.18,125,0.0002313452885496165
0.18,126,-0.0014235519614085952
0.18,127,-0.0018193314929198224
0.18,128,0.000818676963653719
0.18,129,0.00047017564279771255
0.18,130,-0.00021576062119134018
0.18,131,-0.00036440188392846816
0.18,132,0.0005162289406015264
0.18,133,-0.0007565168923380242
0.18,134,-0.00169724288405542
0.18,135,0.0025885129185269857
0.18,136,0.0006556924874352267
0.18,137,-0.000860783316905971
0.18,138,0.0011828098785344077
0.18,139,-0.00104311888221202
0.18,140,-0.0004570648262014993
0.18,141,0.0009029936115661425
0.18,142,0.001482568865993621
0.18,143,0.0005598985493835166
0.18,144,0.0002980847204375291
0.18,145,0.0009360954888101815
0.18,146,0.0010247752219528367
0.18,147,0.001280504751551674
0.18,148,0.0016363258196990687
0.18,149,0.0007508765795730805
0.18,150,0.0009082056701130785
0.18,151,0.000277171325596342
0.18,152,-0.00045153436469021603
0.18,153,0.003708139975781059
0.18,154,-0.0011771169533997304
0.18,155,0.0020915148779368166
0.18,156,-0.000724794803820508
0.18,157,-0.00013222582832570276
0.18,158,0.0003192704842678061
0.18,159,0.002718557896556199
0.18,160,0.000171609719248074
0.18,161,-0.0009236668532837251
0.18,162,-0.0008536934966776558
0.18,163,-0.000843970476769635
0.18,164,-0.0004465192206596085
0.18,165,-0.0007163343992515685
0.18,166,-0.0022553960614499326
0.18,167,0.0002992244986977107
0.18,168,-0.0006255768010322916
0.18,169,-0.00037891755722482915
0.18,170,-0.0006119105248399587
0.18,171,-0.0015089779217009438
0.18,172,6.977411488910684e-5
0.18,173,0.0003078154668872477
0.18,174,0.0027108778018260058
0.18,175,-0.001547776182960927
0.18,176,0.0013196258619874804
0.18,177,0.0006850117372976036
0.18,178,0.0025124041980271105
0.18,179,0.0011465973242050374
0.18,180,0.000478388266443568
0.18,181,0.0006361660572404104
0.18,182,0.0016597070158858149
0.18,183,0.00023694867051716543
0.18,184,-0.0006767244212458297
0.18,185,0.00031811855801624844
0.18,186,0.0031081586616951993
0.18,187,0.0044946024840134945
0.18,188,0.0019303122393152083
0.18,189,0.004316515551712036
0.18,190,0.017595619667079145
0.18,191,-0.009851867059244318
0.18,192,0.17306364320323078
0.18,193,0.005917060899367209
0.18,194,0.006826894608350594
0.18,195,-0.0021374675606403866
0.18,196,0.0003971706061566834
0.18,197,-0.0004044504538953135
0.18,198,-4.750618139474916e-5
0.19,intercept,0.016016165697764307
0.19,1,0.00213882870029356
0.19,2,0.0032936429006426363
0.19,3,0.001445434549066086
0.19,4,0.001843118819156871
0.19,5,0.00042308097829451034
0.19,6,0.0015367082857222474
0.19,7,-0.001980332356235671
0.19,8,0.0010895268152956881
0.19,9,0.0005021989961470619
0.19,10,0.002341965492856707
0.19,11,0.0008695873206010388
0.19,12,4.924574532074297e-5
0.19,13,-0.000926889420083887
0.19,14,0.0005160949792006958
0.19,15,-0.0005415547718506007
0.19,16,0.0011764396505683878
0.19,17,-0.00043982389256818277
0.19,18,-0.0005370193145648755
0.19,19,-0.0011818444150491919
0.19,20,-0.001729636786081449
0.19,21,-0.0002097358162211259
0.19,22,-0.0011840694736513172
0.19,23,0.00022250449654784746
0.19,24,-0.0024336844855766485
0.19,25,-0.0006398942337895367
0.19,26,-0.0012359845343289206
0.19,27,-0.00046606027601323876
0.19,28,-0.00027278384663994464
0.19,29,-0.00046788693217894285
0.19,30,0.001554579417314504
0.19,31,-0.0012484643686241734
0.19,32,-0.0002950605019074637
0.19,33,0.00018950254531914152
0.19,34,-0.001397289411674781
0.19,35,-0.00017390502077697188
0.19,36,0.00042934414073014196
0.19,37,8.98072550373606e-5
0.19,38,-0.0029734490318724656
0.19,39,-0.001649438541757462
0.19,40,-0.0005326277683793643
0.19,41,3.3260288742899006e-5
0.19,42,-0.001230255487603633
0.19,43,0.0015103898969755663
0.19,44,0.0005778382820315515
0.19,45,0.0016924704196462062
0.19,46,-0.0014163195289238492
0.19,47,0.0011397010125467394
0.19,48,-0.0003878413666561394
0.19,49,0.002499770932192976
0.19,50,-0.00011389910918998088
0.19,51,0.0009943232465154674
0.19,52,0.0011395836227311587
0.19,53,1.0881679948657568e-6
0.19,54,-0.0007062760340148277
0.19,55,0.0021073778718188954
0.19,56,8.604407003948394e-5
0.19,57,0.003165136400674931
0.19,58,3.0401729502131377e-6
0.19,59,0.0009675907783196435
0.19,60,-0.002115444434174868
0.19,61,0.0012927273098384145
0.19,62,0.002423244531215869
0.19,63,-0.002372683695961732
0.19,64,0.00027056095240442853
0.19,65,0.00045109096707546037
0.19,66,-6.011533526778103e-5
0.19,67,-0.0005816081678873524
0.19,68,0.0009617565311724464
0.19,69,-0.0023791584485447215
0.19,70,0.0019173357623378233
0.19,71,-0.0019395849516477195
0.19,72,-0.0010482022513611214
0.19,73,-0.0011880992211153571
0.19,74,-0.0027774387793157796
0.19,75,0.001562689692605912
0.19,76,-0.0022409138417806423
0.19,77,-0.0004826523921040245
0.19,78,-0.000335218698322211
0.19,79,-0.0017207033990843965
0.19,80,0.000954019313845781
0.19,81,0.0014409395027497685
0.19,82,0.0002589548173952133
0.19,83,0.00035811679193244856
0.19,84,0.0016239782858667798
0.19,85,0.0009767620595898406
0.19,86,0.001143395835033654
0.19,87,-0.0017936997620612218
0.19,88,0.0013439690755039327
0.19,89,0.0008170270136842784
0.19,90,0.00040565632492496064
0.19,91,0.002157788473473168
0.19,92,0.002037208840787754
0.19,93,0.0005482780626560224
0.19,94,0.002740445004650955
0.19,95,0.003754538873522937
0.19,96,-0.0014098077623841024
0.19,97,0.0065152025998491524
0.19,98,0.0003339323061625541
0.19,99,-0.0004987685018303232
0.19,100,0.002059085913220973
0.19,101,0.0017490954355201553
0.19,102,-0.001541639819729639
0.19,103,0.0025561342788651418
0.19,104,-0.00038684576707558846
0.19,105,6.77599560971797e-5
0.19,106,-0.001902805911467278
0.19,107,0.002040200494635413
0.19,108,0.0008077616234325576
0.19,109,-0.00023591834382851156
0.19,110,0.0013298546837800587
0.19,111,2.854646487355495e-5
0.19,112,0.00032316574349795584
0.19,113,-0.0014803326353638835
0.19,114,0.0018123050580682283
0.19,115,-0.0021946795511406264
0.19,116,-0.0008791396211549815
0.19,117,-0.001250723252598202
0.19,118,0.0015670873365580124
0.19,119,-0.002024988525951939
0.19,120,-0.0015538080072287435
0.19,121,-0.00045913395186691366
0.19,122,-0.0017225099007763345
0.19,123,-0.0013390521085297263
0.19,124,0.0004849101713662424
0.19,125,9.12965102435704e-5
0.19,126,-0.0016756820621329903
0.19,127,-0.0016410953267793527
0.19,128,0.0010016819199039513
0.19,129,0.0007111169892957347
0.19,130,-0.00020208593363709124
0.19,131,-0.0008281281621688664
0.19,132,0.0011933583379200381
0.19,133,-0.001305929729505705
0.19,134,-0.0012777392079624862
0.19,135,0.0024820968777796632
0.19,136,0.000805953289190078
0.19,137,-0.0009472276952256694
0.19,138,0.0015833786250073242
0.19,139,-0.001022855386249292
0.19,140,-0.0005611170121979025
0.19,141,0.0008852501091544645
0.19,142,0.0016784339309609381
0.19,143,7.333202256953594e-5
0.19,144,0.0004515017443221749
0.19,145,0.0012335151365703925
0.19,146,0.0004838240370132224
0.19,147,0.001253211438061003
0.19,148,0.0016539099736335304
0.19,149,0.00027727371687699724
0.19,150,0.0012195386152794307
0.19,151,-7.358797816251005e-5
0.19,152,-0.00020899848685665997
0.19,153,0.003554286488318962
0.19,154,-0.0014845301294193682
0.19,155,0.0022689991697989044
0.19,156,-0.0008726542789848282
0.19,157,-0.00028638656990344206
0.19,158,0.0005174102500442976
0.19,159,0.0028321325252809383
0.19,160,0.00020332756276753835
0.19,161,-0.001120389748264134
0.19,162,-0.0005334717740474094
0.19,163,-0.0007557585181540162
0.19,164,-0.0007614962867527765
0.19,165,-0.0006455212330393197
0.19,166,-0.0026371611696479496
0.19,167,0.0003684175386068179
0.19,168,-0.00036651641868745656
0.19,169,-0.0006947204061832359
0.19,170,-0.00032325793211389727
0.19,171,-0.0020407898024298616
0.19,172,0.0007747916968541355
0.19,173,0.0001532645640774732
0.19,174,0.0027046694948462823
0.19,175,-0.001250621183367866
0.19,176,0.001009536396636828
0.19,177,0.0006303445526554749
0.19,178,0.002713609612419428
0.19,179,0.0005555778669528531
0.19,180,0.0018729465703764053
0.19,181,-0.000189311100011693
0.19,182,0.0023564861484845073
0.19,183,-9.806495904389989e-5
0.19,184,-0.0006533581124612935
0.19,185,0.0002484634043352735
0.19,186,0.0026007216328612424
0.19,187,0.004772706556486373
0.19,188,0.0011444685238643458
0.19,189,0.004296697778290053
0.19,190,0.018759486852349076
0.19,191,-0.011210028470813082
0.19,192,0.1846565581081953
0.19,193,0.005917735709924225
0.19,194,0.0070293350213398225
0.19,195,-0.0020963166349320292
0.19,196,0.00042198029436138837
0.19,197,-0.00035706706266594484
0.19,198,-3.018905707943137e-5
0.2,intercept,0.016072994855880447
0.2,1,0.002438678379394255
0.2,2,0.002827127760046032
0.2,3,0.0012137915704753621
0.2,4,0.001930159145966295
0.2,5,0.00012082836833575934
0.2,6,0.0016789342397754777
0.2,7,-0.0019674029225822454
0.2,8,0.0007834059404967533
0.2,9,0.0008390801772924878
0.2,10,0.0019519623540639477
0.2,11,0.0012423118716567716
0.2,12,0.00033160026502991477
0.2,13,-0.0008803297537224174
0.2,14,0.0007458630355517755
0.2,15,-0.0009563378900003238
0.2,16,0.001293271521308909
0.2,17,-0.0008708998443975244
0.2,18,-0.0003824522364305216
0.2,19,-0.0011801729947895306
0.2,20,-0.0017018841731730825
0.2,21,-0.00040289977833272473
0.2,22,-0.0016063983631807506
0.2,23,0.000771800743370994
0.2,24,-0.0024737631022507416
0.2,25,-0.0006389946883002627
0.2,26,-0.0015653677186677312
0.2,27,-0.00016375889145652206
0.2,28,-0.0006049123184342822
0.2,29,-0.000600631117575784
0.2,30,0.0016486533964605438
0.2,31,-0.0010026536374587627
0.2,32,-7.872052543797727e-5
0.2,33,-0.00010649791436570704
0.2,34,-0.001153183774152536
0.2,35,-0.0005215100545696933
0.2,36,0.0005921249673997115
0.2,37,6.44413214670373e-5
0.2,38,-0.0030523356309403045
0.2,39,-0.0015023934528926453
0.2,40,-0.0010277202803384295
0.2,41,0.0003556165192806667
0.2,42,-0.0011400863575767842
0.2,43,0.001694098036906044
0.2,44,0.0006949650714862746
0.2,45,0.0016649912159801756
0.2,46,-0.0010294966078578307
0.2,47,0.0005493653404191613
0.2,48,-2.3266954512950664e-5
0.2,49,0.002328632877962367
0.2,50,-7.710670083974324e-5
0.2,51,0.0009078821487173125
0.2,52,0.0005085596275709068
0.2,53,0.0006702993609188714
0.2,54,-0.0011349120730176202
0.2,55,0.0025065620080216727
0.2,56,0.0004214929528211657
0.2,57,0.0026905999070071652
0.2,58,0.00041088713805953475
0.2,59,0.0004564432895116233
0.2,60,-0.0021101312649426723
0.2,61,0.0013549727557836703
0.2,62,0.0026557172580843344
0.2,63,-0.002505467958052315
0.2,64,0.0001320796244050945
0.2,65,0.0005455791919438009
0.2,66,-0.00024599344797707174
0.2,67,-0.0006436098568318203
0.2,68,0.0010534705914306563
0.2,69,-0.0024790699625121346
0.2,70,0.001485611716206723
0.2,71,-0.0011833396091481564
0.2,72,-0.0011730809623963924
0.2,73,-0.0016661258457450158
0.2,74,-0.0020073178750517778
0.2,75,0.001521253915091031
0.2,76,-0.0020214872174773584
0.2,77,-0.0009337421963227281
0.2,78,-4.613022034288376e-5
0.2,79,-0.002373340108990253
0.2,80,0.0015264852627345433
0.2,81,0.0013098673899644923
0.2,82,8.07875015054816e-5
0.2,83,0.00025449363105920956
0.2,84,0.0015928849576784638
0.2,85,0.001975320738227418
0.2,86,0.0007373215380910607
0.2,87,-0.001394015595542535
0.2,88,0.0013806624185392262
0.2,89,0.000614241124882959
0.2,90,0.0005277863870784932
0.2,91,0.001803210142545371
0.2,92,0.0018311457209097867
0.2,93,0.0004757042814419359
0.2,94,0.0031916415435071285
0.2,95,0.0038411483169741726
0.2,96,-0.001660867095649264
0.2,97,0.006216077801484747
0.2,98,0.00017407785781188226
0.2,99,-0.00010664726184904124
0.2,100,0.001716854085459067
0.2,101,0.0019799000044452677
0.2,102,-0.0016426748300196533
0.2,103,0.0027465683478448666
0.2,104,-9.789203257446154e-5
0.2,105,-0.0001985642962272589
0.2,106,-0.0016028958594623106
0.2,107,0.0016152455095269783
0.2,108,0.001157579613195996
0.2,109,-0.0005923146350907034
0.2,110,0.0015190227058165995
0.2,111,0.00010988427060403546
0.2,112,0.0003377950576692287
0.2,113,-0.0013740158225805617
0.2,114,0.001405418823035175
0.2,115,-0.0019182920186764714
0.2,116,-0.000957889807316992
0.2,117,-0.0013779992353184498
0.2,118,0.001551323635391514
0.2,119,-0.001658546739218819
0.2,120,-0.0015856990084408382
0.2,121,-0.0006699745114446061
0.2,122,-0.0016388825876980067
0.2,123,-0.0011476447650277722
0.2,124,-2.1698193101571904e-5
0.2,125,0.0003485865361602463
0.2,126,-0.0017110680719557329
0.2,127,-0.0019621342356851866
0.2,128,0.0013651176087534874
0.2,129,0.0010455754979335832
0.2,130,-0.00035721844196765363
0.2,131,-0.0008211366562313919
0.2,132,0.0009537472442037908
0.2,133,-0.001000503486023985
0.2,134,-0.0010712429709497239
0.2,135,0.0016111613702525928
0.2,136,0.001640260015018084
0.2,137,-0.0012948283621119785
0.2,138,0.0014180568583796517
0.2,139,-0.00074507315860413
0.2,140,-0.00047844782954436973
0.2,141,0.0006653569738467473
0.2,142,0.0013515347702259999
0.2,143,-0.00010577961365573836
0.2,144,0.0011186036507491446
0.2,145,0.0011210082711937714
0.2,146,0.00041206183535904325
0.2,147,0.0013379023164019554
0.2,148,0.0022269798837707393
0.2,149,-4.087137091267725e-5
0.2,150,0.0013187506229807627
0.2,151,-0.0002544822151196176
0.2,152,-9.755619457226838e-5
0.2,153,0.0032987759966150386
0.2,154,-0.0018163471636740583
0.2,155,0.0025068850465990913
0.2,156,-0.0008535944096016613
0.2,157,-0.00017050094582088033
0.2,158,0.00019156792005261037
0.2,159,0.0028947867736302483
0.2,160,-9.298625182284413e-5
0.2,161,-0.0007053094484325678
0.2,162,-0.0006205339718153114
0.2,163,-0.0006946969573173407
0.2,164,-0.0007145418835007009
0.2,165,-0.0006611043513579774
0.2,166,-0.001624246498511742
0.2,167,-0.0005946274937836064
0.2,168,-0.00017596150195314062
0.2,169,-0.001356214475233508
0.2,170,-0.00046279202532801633
0.2,171,-0.0015362302205430564
0.2,172,0.0009658447574290324
0.2,173,4.465890136053014e-5
0.2,174,0.0024897539589425646
0.2,175,-0.0015958795393728083
0.2,176,0.0011077685349728703
0.2,177,0.001024556371511813
0.2,178,0.0027220369503431928
0.2,179,0.0006419402935318578
0.2,180,0.0018173914358974915
0.2,181,-0.0007469657405315507
0.2,182,0.0026936865986083294
0.2,183,-0.0002387779375327084
0.2,184,-0.0007561253340326676
0.2,185,0.001161085601951585
0.2,186,0.0024172783738515744
0.2,187,0.004981680561547932
0.2,188,0.0017157445587451614
0.2,189,0.00517595657521813
0.2,190,0.018055156959850428
0.2,191,-0.01140076563887378
0.2,192,0.19217461782417988
0.2,193,0.006190885287758886
0.2,194,0.007043565379084483
0.2,195,-0.0020369538412148176
0.2,196,0.0004317125954457811
0.2,197,-0.0003038192644139459
0.2,198,2.490059662201005e-5
0.21,intercept,0.016142156256614783
0.21,1,0.002735679486163811
0.21,2,0.002697206483082684
0.21,3,0.0014716731871465764
0.21,4,0.0015448618515850531
0.21,5,0.000291837209693179
0.21,6,0.001646281665452816
0.21,7,-0.0019234922539231854
0.21,8,0.0008279307590042757
0.21,9,0.0006824441137029503
0.21,10,0.0016849017040292678
0.21,11,0.0012963008631555726
0.21,12,8.950619921059708e-5
0.21,13,-0.0004311977280833545
0.21,14,0.0005997312625078496
0.21,15,-0.001024417534762291
0.21,16,0.0011721095070349663
0.21,17,-0.0007388160468570882
0.21,18,-0.0002358274010978091
0.21,19,-0.0013745942443472588
0.21,20,-0.001699734969730209
0.21,21,-0.0007325403025247681
0.21,22,-0.0014382662845861427
0.21,23,0.0002517427678135981
0.21,24,-0.0020807512514283213
0.21,25,-0.0010355568490987286
0.21,26,-0.0013217010552564802
0.21,27,-0.0007522728600059717
0.21,28,-0.0006236825594909779
0.21,29,-0.0005376661454379759
0.21,30,0.0015377574749998713
0.21,31,-0.0008329747927891625
0.21,32,-0.00034653262714637057
0.21,33,-1.5330113934977857e-5
0.21,34,-0.0011857513618399374
0.21,35,-0.0003445288254728905
0.21,36,0.00013896738448643706
0.21,37,2.7367872625730753e-5
0.21,38,-0.002935755075883493
0.21,39,-0.0014931232815585597
0.21,40,-0.0006774137324323691
0.21,41,0.0003425104556871555
0.21,42,-0.0008169969853451869
0.21,43,0.001796684682221552
0.21,44,0.0002442154612541743
0.21,45,0.0020889044131291476
0.21,46,-0.0013476351564751686
0.21,47,0.000812373827275823
0.21,48,-0.0001825555261408124
0.21,49,0.0021653100498246316
0.21,50,5.883475797555934e-5
0.21,51,0.0007890011209134854
0.21,52,0.00043065442581702426
0.21,53,0.0006560801979115763
0.21,54,-0.001131742958003709
0.21,55,0.0021284888096934507
0.21,56,0.0006137599784307386
0.21,57,0.002816738572734933
0.21,58,0.0005469022865284218
0.21,59,0.0004442133759669723
0.21,60,-0.002360279806229212
0.21,61,0.0012550026638937807
0.21,62,0.0027418526379544774
0.21,63,-0.0021075996113009672
0.21,64,-1.6893832444107538e-5
0.21,65,0.0004085801962902688
0.21,66,-0.0003410292289605258
0.21,67,-0.000735932594302203
0.21,68,0.0012741583021392453
0.21,69,-0.002592865117464086
0.21,70,0.0012504560356130254
0.21,71,-0.0013603987621249392
0.21,72,-0.00040363108897385595
0.21,73,-0.001814992216133115
0.21,74,-0.0018970330002489415
0.21,75,0.0012977793582940244
0.21,76,-0.0023982637569613056
0.21,77,-0.00021748441449891836
0.21,78,-0.00043440105384045857
0.21,79,-0.0022643124213419723
0.21,80,0.001394130202555614
0.21,81,0.0013373902527199788
0.21,82,-0.00032942833959514355
0.21,83,0.0005542932349894555
0.21,84,0.001074898803396546
0.21,85,0.0022015372560213204
0.21,86,0.00113794831140803
0.21,87,-0.001526913911262767
0.21,88,0.0012421633768453632
0.21,89,0.0012394836184800747
0.21,90,0.00017098018048266112
0.21,91,0.0017619698860581096
0.21,92,0.0016948476108029204
0.21,93,0.0005119208049527353
0.21,94,0.003490733747663944
0.21,95,0.003252301770238461
0.21,96,-0.0013125117319760437
0.21,97,0.006099609818672949
0.21,98,-3.3299140790697386e-5
0.21,99,0.0002990144267131723
0.21,100,0.0016236366718629632
0.21,101,0.002201973592972383
0.21,102,-0.001609411403633442
0.21,103,0.0023030907173097743
0.21,104,-6.754388770471944e-5
0.21,105,-8.373361604076242e-5
0.21,106,-0.0016922277637184606
0.21,107,0.0016013764044969737
0.21,108,0.0015218128378853214
0.21,109,-0.0006748193194550868
0.21,110,0.0012500951137463952
0.21,111,0.00042804810910221716
0.21,112,0.00020252577686463038
0.21,113,-0.0012446672699529596
0.21,114,0.0010830491604958818
0.21,115,-0.0013972754199774718
0.21,116,-0.0011533718141130418
0.21,117,-0.0013585636644724485
0.21,118,0.001497825181118622
0.21,119,-0.0018774533974987755
0.21,120,-0.0010639728313027042
0.21,121,-0.000821818247365761
0.21,122,-0.0014748830382347894
0.21,123,-0.0009554506781432509
0.21,124,1.3248114474316417e-5
0.21,125,0.0002317008685851999
0.21,126,-0.0015519454375994834
0.21,127,-0.0017509566660057398
0.21,128,0.0013269334355828985
0.21,129,0.0010579116277992296
0.21,130,-0.0002774046927855177
0.21,131,-0.0006975453312576209
0.21,132,0.0006073058824117896
0.21,133,-0.00034063806621084354
0.21,134,-0.0006125315928060831
0.21,135,0.0016428490140854635
0.21,136,0.0011732645714264964
0.21,137,-0.0010067530359123254
0.21,138,0.0012875456859369819
0.21,139,-0.0004120271792913394
0.21,140,-0.00026780993525216075
0.21,141,0.00014630451293135165
0.21,142,0.0011115024086427764
0.21,143,-0.0001527497190686291
0.21,144,0.0010131816876097516
0.21,145,0.0011780409733751225
0.21,146,0.0004075535044090735
0.21,147,0.0010753352216661168
0.21,148,0.002170736601215747
0.21,149,0.00034417888011194816
0.21,150,0.0012037199873534798
0.21,151,-0.0005221930116257001
0.21,152,-0.0003290397220505437
0.21,153,0.0035114721427906242
0.21,154,-0.002007250554717733
0.21,155,0.0023706524754216795
0.21,156,-0.001381625739433193
0.21,157,2.2179858758009137e-5
0.21,158,0.00013124830595972353
0.21,159,0.002700184261579034
0.21,160,-7.189169152646545e-5
0.21,161,-0.0004471869616758868
0.21,162,-0.0006306010904462678
0.21,163,-0.0007486402512226722
0.21,164,-0.0004538031420951096
0.21,165,-0.0009364081072543791
0.21,166,-0.0017355927551595514
0.21,167,-0.00022666351673681216
0.21,168,-0.0003985226929176501
0.21,169,-0.001129107561783219
0.21,170,-0.00031265678782328043
0.21,171,-0.0010777463619179692
0.21,172,0.0006438379079057484
0.21,173,0.00023473127629226675
0.21,174,0.0023864142432789403
0.21,175,-0.0014607628625147382
0.21,176,0.0008478777599978968
0.21,177,0.0013598586593812332
0.21,178,0.002324771083933755
0.21,179,0.000480065430834364
0.21,180,0.001978121946904081
0.21,181,-0.0007778422544484522
0.21,182,0.002585654883820467
0.21,183,-0.00026335362309113123
0.21,184,-0.0008125787091855653
0.21,185,0.0014812492945724617
0.21,186,0.0019880162482943968
0.21,187,0.0052042769700882
0.21,188,0.0015757808883759448
0.21,189,0.005035846569880728
0.21,190,0.018811751567613718
0.21,191,-0.012239787383958294
0.21,192,0.20169902329052147
0.21,193,0.005930514361990137
0.21,194,0.007622690537280919
0.21,195,-0.0020693775417642696
0.21,196,0.00048636045932955803
0.21,197,-0.00024761422256507765
0.21,198,0.00010995572126692414
0.22,intercept,0.016169454942915756
0.22,1,0.0030348430118943342
0.22,2,0.0024875442059820543
0.22,3,0.0015887163301790883
0.22,4,0.0008622180364442912
0.22,5,0.0006398671212049619
0.22,6,0.0014105966174119149
0.22,7,-0.00152967950947283
0.22,8,0.0006273657398079678
0.22,9,0.0008809336525852158
0.22,10,0.0014974528145244206
0.22,11,0.0016598307332441776
0.22,12,-9.419911361070992e-5
0.22,13,-0.0005911737491135381
0.22,14,0.0012499885814582128
0.22,15,-0.0015056147146212515
0.22,16,0.001042333980396287
0.22,17,-0.0013324886382789216
0.22,18,-9.954147561820961e-5
0.22,19,-0.0014274343218898611
0.22,20,-0.0016413851068699734
0.22,21,-0.00026485851962519224
0.22,22,-0.002195394364014335
0.22,23,0.0006593457079131852
0.22,24,-0.0023434148723218756
0.22,25,-0.0006719109219391035
0.22,26,-0.0016295038496049238
0.22,27,-0.0009962328231738892
0.22,28,-0.0008851624974969192
0.22,29,-0.0003283047082932514
0.22,30,0.00138742658563769
0.22,31,-0.0006352607596883807
0.22,32,-0.00040633133835421445
0.22,33,0.00023628297333821142
0.22,34,-0.0012998779358484112
0.22,35,-0.00011169956869213973
0.22,36,-8.755770303454174e-6
0.22,37,-1.5421391990460416e-5
0.22,38,-0.002987226195768806
0.22,39,-0.0013547678391261898
0.22,40,-0.0005198451999490547
0.22,41,5.708394835080301e-5
0.22,42,-0.0003915867078724906
0.22,43,0.0014991374340715157
0.22,44,0.0006325977651937353
0.22,45,0.0021525040802476206
0.22,46,-0.0014809392187562582
0.22,47,0.0011177322690063584
0.22,48,-0.0001842706029584669
0.22,49,0.00216591709242061
0.22,50,-0.000495173657830432
0.22,51,0.0012955611774926445
0.22,52,-9.09062461925567e-5
0.22,53,0.0011239816195974354
0.22,54,-0.00142269363426523
0.22,55,0.002348020883364598
0.22,56,0.0007455293972350702
0.22,57,0.002490613987147883
0.22,58,0.0010257780081643143
0.22,59,0.00047191043305744323
0.22,60,-0.002498729004356505
0.22,61,0.0010128978216572525
0.22,62,0.0027724587149294813
0.22,63,-0.0020755030154037267
0.22,64,0.0002338291165708877
0.22,65,0.00038502437229689213
0.22,66,-0.000766524980952176
0.22,67,-0.00042018408172823793
0.22,68,0.00039642874523135107
0.22,69,-0.002139854388357647
0.22,70,0.0010167224553399418
0.22,71,-0.0013437678799741134
0.22,72,-0.00040776383779970885
0.22,73,-0.001408582433409822
0.22,74,-0.0015469655857917426
0.22,75,0.0006879497217127043
0.22,76,-0.002207891363920405
0.22,77,0.00021532476572255483
0.22,78,-0.0007235975005147794
0.22,79,-0.002377876422013296
0.22,80,0.0012608085866516745
0.22,81,0.0012972461523687226
0.22,82,-0.0005524084731947007
0.22,83,0.00042738594816620366
0.22,84,0.0006056774287285175
0.22,85,0.002570379443443116
0.22,86,0.0009778169870640425
0.22,87,-0.0017972202805003608
0.22,88,0.0011964222086503985
0.22,89,0.0013336070902255236
0.22,90,0.00012865423516802778
0.22,91,0.0016740782497195895
0.22,92,0.0017292248297260955
0.22,93,0.00046046119098251215
0.22,94,0.004178986047876859
0.22,95,0.0026169835511192425
0.22,96,-0.0011163596609099506
0.22,97,0.006575489932123489
0.22,98,-0.0005197663997303425
0.22,99,0.00013552906383436228
0.22,100,0.002183644920014798
0.22,101,0.001353628989049128
0.22,102,-0.0013424628639918908
0.22,103,0.0024772393768968995
0.22,104,-0.0003139270730576081
0.22,105,4.7109124145866675e-5
0.22,106,-0.001322983649434748
0.22,107,0.0012057018641259882
0.22,108,0.0017199514838450805
0.22,109,-0.0009355819239955779
0.22,110,0.0012777324504986028
0.22,111,0.0006070814896468877
0.22,112,0.00013655089513414062
0.22,113,-0.0012513390207764875
0.22,114,0.001516062257797691
0.22,115,-0.0017990613499210156
0.22,116,-0.0015706540287317614
0.22,117,-0.0014706609510088623
0.22,118,0.001534949735435004
0.22,119,-0.0017579589475125743
0.22,120,-0.0006845713753370504
0.22,121,-0.0006647666117978432
0.22,122,-0.001989070521595727
0.22,123,-0.0008954240763163743
0.22,124,6.748438658490342e-5
0.22,125,3.034461936500466e-5
0.22,126,-0.0010831566677607719
0.22,127,-0.0021778351501385304
0.22,128,0.001527549570848264
0.22,129,0.0009104087562391356
0.22,130,8.047364713889464e-5
0.22,131,-0.0012964918207550456
0.22,132,0.0005542497032762348
0.22,133,-0.0003719591197222661
0.22,134,-0.0005065386021117785
0.22,135,0.0017654603877858906
0.22,136,0.0015148871836408967
0.22,137,-0.0016085511568530919
0.22,138,0.0013486273021718078
0.22,139,-0.0004868001701326823
0.22,140,-0.0005858344366134105
0.22,141,3.4519587027988326e-6
0.22,142,0.0015000690999208027
0.22,143,-0.0004571378257741448
0.22,144,0.0014776978163262584
0.22,145,0.0006195280275063677
0.22,146,0.000882704270787749
0.22,147,0.0008438955018619684
0.22,148,0.0023729140704936806
0.22,149,0.0004142506325606753
0.22,150,0.001585696585291618
0.22,151,-0.00040917397747610373
0.22,152,-0.0002260734857056886
0.22,153,0.0029921727807702527
0.22,154,-0.0018574087336034077
0.22,155,0.0025871783476247223
0.22,156,-0.0007603806907976339
0.22,157,-0.0006167127556939271
0.22,158,0.0005720621112205645
0.22,159,0.00250586081456835
0.22,160,-0.00013453392877657184
0.22,161,-7.137629759826851e-5
0.22,162,-0.0010402831069948756
0.22,163,-0.00021474051766011862
0.22,164,-0.0007794325985076221
0.22,165,-0.000669033835285032
0.22,166,-0.0016575251985552783
0.22,167,0.00021730556064498226
0.22,168,-0.000551411907368781
0.22,169,-0.0016018501983406166
0.22,170,-9.703479777616527e-5
0.22,171,-0.00035004572904406996
0.22,172,0.00011031374899003743
0.22,173,-7.43469956502059e-5
0.22,174,0.0024895357219508864
0.22,175,-0.0014184983092064708
0.22,176,0.0008994927501215409
0.22,177,0.0015250239797081212
0.22,178,0.002012502131677309
0.22,179,0.0004705112230314588
0.22,180,0.002486672556127499
0.22,181,-0.0008045014239361286
0.22,182,0.002636412174142703
0.22,183,-0.0007611251076968169
0.22,184,-0.0002604110766639555
0.22,185,0.0015475384091376107
0.22,186,0.0020043794528802213
0.22,187,0.005303174727528505
0.22,188,0.001657821267368419
0.22,189,0.005444081668780397
0.22,190,0.018896575603594465
0.22,191,-0.015486500283014605
0.22,192,0.2161019500580916
0.22,193,0.006072701286462982
0.22,194,0.0077054403389121414
0.22,195,-0.0021105714269520105
0.22,196,0.0004530689469566965
0.22,197,-0.0002046762350011673
0.22,198,0.0001984901032601183
0.23,intercept,0.016173944518428712
0.23,1,0.0032415638912087204
0.23,2,0.0024939025314479747
0.23,3,0.001350906482255593
0.23,4,0.0007749846550058944
0.23,5,0.0006014053474856821
0.23,6,0.0015747867902277982
0.23,7,-0.0012918958462243078
0.23,8,0.0007869256983735995
0.23,9,0.0009358109289635304
0.23,10,0.0016065887313142409
0.23,11,0.0016613331650610766
0.23,12,-0.0003425760732489753
0.23,13,2.103949314956196e-5
0.23,14,0.0010397390209840453
0.23,15,-0.0015127762147497247
0.23,16,0.0007998520069651589
0.23,17,-0.0015057844289701008
0.23,18,-6.25855518097932e-5
0.23,19,-0.0015353984228528652
0.23,20,-0.001177673280266743
0.23,21,-0.0005270116902026111
0.23,22,-0.0019347212404252695
0.23,23,0.0006594857217950338
0.23,24,-0.002248302169118554
0.23,25,-0.0008730208744872994
0.23,26,-0.0015595656520223555
0.23,27,-0.0006737999683919989
0.23,28,-0.000599923162134597
0.23,29,-0.0004512427390371116
0.23,30,0.001615013213850683
0.23,31,-0.0007216173866026918
0.23,32,-6.335211691486383e-5
0.23,33,1.5832414542983606e-5
0.23,34,-0.0014565522474913513
0.23,35,-0.00016248085739660378
0.23,36,3.851006443675517e-5
0.23,37,6.002394456749411e-5
0.23,38,-0.00295623312952797
0.23,39,-0.001776058765445968
0.23,40,-0.00022532979725585863
0.23,41,-0.00017117474708515924
0.23,42,-0.0004815001605706239
0.23,43,0.0018940775603349571
0.23,44,0.0006639840424875137
0.23,45,0.0021963550392274465
0.23,46,-0.0008790048663877125
0.23,47,0.001393864748025669
0.23,48,-0.0004908747245645249
0.23,49,0.002259874277434947
0.23,50,-0.0007699384869252886
0.23,51,0.0009180869935263362
0.23,52,0.00012989814674464073
0.23,53,0.0009967857256829443
0.23,54,-0.0019442548315396868
0.23,55,0.0026503494845773177
0.23,56,0.000851309963184678
0.23,57,0.0022108355390513383
0.23,58,0.00066737169658866
0.23,59,0.0003353453255939271
0.23,60,-0.002442317838306182
0.23,61,0.00102836161582409
0.23,62,0.0029727249854318875
0.23,63,-0.002203710692855542
0.23,64,0.000725240129974889
0.23,65,0.00012587756481449226
0.23,66,-0.0009462599758437498
0.23,67,-8.559456660677637e-5
0.23,68,0.0001410810352481013
0.23,69,-0.002139900846642273
0.23,70,0.0007713739422353424
0.23,71,-0.0009717955688757986
0.23,72,-0.0004558350220109616
0.23,73,-0.0012273166679693296
0.23,74,-0.0019660494970538127
0.23,75,0.001450411493020393
0.23,76,-0.0023998791436535606
0.23,77,0.00012381423295891318
0.23,78,-0.0002912764625899663
0.23,79,-0.002595832128769123
0.23,80,0.0014545915182015677
0.23,81,0.0007299747915726488
0.23,82,-0.00023195615389151947
0.23,83,0.00035636940736670253
0.23,84,0.0009638226917311003
0.23,85,0.0021463926513570833
0.23,86,0.0010287089712249756
0.23,87,-0.0020479520079539847
0.23,88,0.0009879817841153007
0.23,89,0.001433132663514746
0.23,90,-6.596393699198277e-5
0.23,91,0.0018803010995627715
0.23,92,0.0016329389970421429
0.23,93,0.0003872594204740584
0.23,94,0.00408107639567745
0.23,95,0.0023089724801360336
0.23,96,-0.00026785069565778087
0.23,97,0.00670146120352363
0.23,98,-0.00036423172602484595
0.23,99,-7.140078719972932e-6
0.23,100,0.001954944676647531
0.23,101,0.001980879153728254
0.23,102,-0.0011506435538588071
0.23,103,0.0019538158709739247
0.23,104,-0.0003961706037185408
0.23,105,0.00017900438876436933
0.23,106,-0.0011005641579477795
0.23,107,0.0010255716222860303
0.23,108,0.0017148862897419395
0.23,109,-0.0005268600064924354
0.23,110,0.001194197859221601
0.23,111,0.00015860154960133793
0.23,112,0.0001951273903390762
0.23,113,-0.0016542668180856976
0.23,114,0.0017542239689239928
0.23,115,-0.0020805649849378357
0.23,116,-0.0014574388685862601
0.23,117,-0.0013692110077742467
0.23,118,0.0013561639170266752
0.23,119,-0.0019309710647982825
0.23,120,-0.0006387654012914024
0.23,121,-0.0010661336764446062
0.23,122,-0.002388261486603894
0.23,123,-0.0005624500764947721
0.23,124,-2.3692390365541388e-5
0.23,125,-0.0002514474041531077
0.23,126,-0.0008819784129531645
0.23,127,-0.0020366635187513017
0.23,128,0.0014467247003666773
0.23,129,0.00123380563452983
0.23,130,0.00017553181436103085
0.23,131,-0.001729745918345638
0.23,132,0.000685273473707711
0.23,133,-4.68678698980038e-6
0.23,134,-0.0009865598997835145
0.23,135,0.0019613279052433114
0.23,136,0.001253125546363829
0.23,137,-0.00153374083684745
0.23,138,0.0010956619468894355
0.23,139,-0.0002531538631579576
0.23,140,-0.0008493769002150907
0.23,141,0.0002256161910657828
0.23,142,0.0015096903312325622
0.23,143,-0.0002934400807638474
0.23,144,0.0013523111722958901
0.23,145,0.0010443645805346298
0.23,146,0.000875314723145883
0.23,147,0.0009582846293565735
0.23,148,0.0022003607313659753
0.23,149,0.0007171022111962203
0.23,150,0.0012592597479488354
0.23,151,-0.0004987120564148202
0.23,152,-0.00036774053496681214
0.23,153,0.002875726993457699
0.23,154,-0.0017776483016332452
0.23,155,0.0025157510591944533
0.23,156,-0.0006982389530470466
0.23,157,-0.0006438129269698662
0.23,158,0.0005500958568508931
0.23,159,0.0023253810649370025
0.23,160,-0.00012143836520324648
0.23,161,-0.00045983373374944883
0.23,162,-0.0004288998048827918
0.23,163,-0.0006132023194983007
0.23,164,-0.0007075415506602945
0.23,165,-0.00048235510315057436
0.23,166,-0.0010731272979551646
0.23,167,-0.0006916886209945872
0.23,168,1.4946145264561323e-5
0.23,169,-0.001643340411915368
0.23,170,-0.00039369124205792557
0.23,171,-0.0005392783296756298
0.23,172,0.0006156408505069014
0.23,173,-0.0002847969213254244
0.23,174,0.0021074169681931545
0.23,175,-0.0012879571657481534
0.23,176,0.0008507767582558119
0.23,177,0.0015619642483992024
0.23,178,0.0017406735743548012
0.23,179,0.0006062137088585544
0.23,180,0.002145532835147336
0.23,181,-0.000760220207286742
0.23,182,0.002645406661282789
0.23,183,-0.00030062055071917613
0.23,184,-0.00010664519139699388
0.23,185,0.0016565877005284616
0.23,186,0.002649188725142379
0.23,187,0.0054335055712503525
0.23,188,0.0014567807599240536
0.23,189,0.005758957774960018
0.23,190,0.019183086268349275
0.23,191,-0.016919025890124655
0.23,192,0.2253016277850298
0.23,193,0.0065751913049370316
0.23,194,0.007306520315567114
0.23,195,-0.0020829004124170167
0.23,196,0.0005140643067943581
0.23,197,-0.00019224188579807685
0.23,198,0.00021688916275618633
0.24,intercept,0.01604371076232183
0.24,1,0.003075449737222097
0.24,2,0.0027715156699192364
0.24,3,0.0014800655418412965
0.24,4,0.0008256707655238556
0.24,5,0.00023540151708506521
0.24,6,0.0017652267752506737
0.24,7,-0.0011874262354935046
0.24,8,0.00017390545387106508
0.24,9,0.0007864833684127253
0.24,10,0.0013298690724799704
0.24,11,0.0018040126493434987
0.24,12,-0.0005255544336419114
0.24,13,0.00021745895033163857
0.24,14,0.000687004236714033
0.24,15,-0.0009446395248354088
0.24,16,0.0005261300300434538
0.24,17,-0.001908665758278779
0.24,18,0.00021792820553382584
0.24,19,-0.0012700451335876134
0.24,20,-0.0018485566646591737
0.24,21,-0.0003330642797602838
0.24,22,-0.0017620023405489473
0.24,23,0.001042103221159107
0.24,24,-0.0024265869956317356
0.24,25,-0.00091676174672374
0.24,26,-0.001293688635223204
0.24,27,-0.0006233103001641787
0.24,28,-0.0007169068887528824
0.24,29,-0.0006020098651506165
0.24,30,0.0016290370439064653
0.24,31,-0.0005737272238077938
0.24,32,-3.3070273452877163e-5
0.24,33,-0.0002786018874880871
0.24,34,-0.001021434177181851
0.24,35,-0.00046511034451653365
0.24,36,0.0002094190124746316
0.24,37,-0.00019878397427994365
0.24,38,-0.002697785327171826
0.24,39,-0.0016237321392205393
0.24,40,-0.000682048479634294
0.24,41,0.00016548005551873565
0.24,42,-0.0006274093852236064
0.24,43,0.0019133737732782913
0.24,44,0.0003824046520793403
0.24,45,0.0024798135515209153
0.24,46,-0.0009251324926732808
0.24,47,0.00139703450338294
0.24,48,-0.0003893336319973247
0.24,49,0.0019241312164972023
0.24,50,-0.00037963614160599395
0.24,51,0.0007410217992499087
0.24,52,0.00025589972223734434
0.24,53,0.0010255874226473875
0.24,54,-0.001541887642392563
0.24,55,0.0020143337118579516
0.24,56,0.001047854054780238
0.24,57,0.0020117536718154486
0.24,58,0.0006067585742544903
0.24,59,0.0007999650949742527
0.24,60,-0.002222516647883012
0.24,61,0.0008322736701854309
0.24,62,0.002708190736413637
0.24,63,-0.0020949378669355527
0.24,64,0.00034859571962144874
0.24,65,4.9564360783291455e-5
0.24,66,-0.0008272030050355626
0.24,67,-5.065720293368324e-5
0.24,68,0.00019227360997487936
0.24,69,-0.0016086394635445257
0.24,70,0.0007697523098137441
0.24,71,-0.0006065514556235241
0.24,72,-0.0010284987908165282
0.24,73,-0.0009237353323604845
0.24,74,-0.001873652916855774
0.24,75,0.0010827996639575987
0.24,76,-0.0023868282757915373
0.24,77,0.00037317164222168083
0.24,78,0.0001765227791211799
0.24,79,-0.0029753480062996384
0.24,80,0.0006199530860020794
0.24,81,0.0007463243360516636
0.24,82,0.0006077857131932236
0.24,83,0.00024507057852026957
0.24,84,0.0015236850014471101
0.24,85,0.0014954041716776932
0.24,86,0.0013194342733026216
0.24,87,-0.0026613017011578623
0.24,88,0.0011156583200663025
0.24,89,0.002034942017365809
0.24,90,-0.0003906281327996632
0.24,91,0.0020155825899860745
0.24,92,0.0017490413520065394
0.24,93,0.0003820581505686054
0.24,94,0.0035694875028978307
0.24,95,0.0017880052233543707
0.24,96,-0.00017173126787777077
0.24,97,0.00721529792322502
0.24,98,-0.00023851064584203994
0.24,99,-0.0006783428404288703
0.24,100,0.0021155525893172523
0.24,101,0.0017239995322409704
0.24,102,-0.00101279521796854
0.24,103,0.0018015610987235262
0.24,104,-1.8539157327271392e-5
0.24,105,0.00016154400450051512
0.24,106,-0.0014706765310900016
0.24,107,0.001390159904590427
0.24,108,0.0013950157748208209
0.24,109,-0.00017085462038483935
0.24,110,0.0009790914172897128
0.24,111,3.154416826528928e-5
0.24,112,0.0003487040850705732
0.24,113,-0.0017354237924201187
0.24,114,0.0015838043759340112
0.24,115,-0.0019500419536981474
0.24,116,-0.0009683660928546678
0.24,117,-0.0015916601376940414
0.24,118,0.0015267171692768262
0.24,119,-0.0018977479838787972
0.24,120,-0.0003458997578929922
0.24,121,-0.0014832283849754509
0.24,122,-0.0023468739364357234
0.24,123,-0.00023125713085854388
0.24,124,-0.0003709668009311612
0.24,125,-0.000273534695877139
0.24,126,-0.0007459662128226332
0.24,127,-0.0020578766887205573
0.24,128,0.0012299409440732513
0.24,129,0.001298230912667166
0.24,130,0.0001417229753202207
0.24,131,-0.0017515935625380442
0.24,132,0.0006316504803963082
0.24,133,-4.9808579628549186e-5
0.24,134,-0.0008525866985426563
0.24,135,0.0017849115233438144
0.24,136,0.0011888570763403427
0.24,137,-0.0010596523445267558
0.24,138,0.0008179266117473729
0.24,139,-8.535988585773448e-5
0.24,140,-0.0007966621983110238
0.24,141,0.0004086344254599056
0.24,142,0.0016129636172785974
0.24,143,-0.000516809956194033
0.24,144,0.0014637954720925802
0.24,145,0.0003460385510921823
0.24,146,0.0012284818772670372
0.24,147,0.0011618937104525971
0.24,148,0.001828584947031171
0.24,149,0.00040696037155234726
0.24,150,0.0018096091722260756
0.24,151,-0.0005963288637107005
0.24,152,-0.0002189933743481502
0.24,153,0.0024849437429682363
0.24,154,-0.0015107839497308178
0.24,155,0.002682582293895071
0.24,156,-0.0007668693356651168
0.24,157,-0.000435779258047883
0.24,158,0.0005693399592878239
0.24,159,0.0028367150553934304
0.24,160,-5.760981519810677e-5
0.24,161,0.00022327045899823208
0.24,162,-0.0006594876250698219
0.24,163,-0.0012114458720132967
0.24,164,-0.0004420618017379725
0.24,165,-0.0003994572897968921
0.24,166,-0.0010039458056956402
0.24,167,-0.0006091822082398505
0.24,168,0.00022475573828322054
0.24,169,-0.001887764530546649
0.24,170,-0.0002852787797580533
0.24,171,-0.0003731034227664957
0.24,172,0.0006382693428157284
0.24,173,-0.0007012369215917494
0.24,174,0.0025382118244432128
0.24,175,-0.0012266173839446451
0.24,176,0.0006249981475810708
0.24,177,0.0019029773143519506
0.24,178,0.0014409552896548414
0.24,179,0.00037300660343782233
0.24,180,0.002216886733252342
0.24,181,-0.00028015714006839623
0.24,182,0.0024674851061737414
0.24,183,-0.00031920807653590665
0.24,184,-0.0006672221055695299
0.24,185,0.002391383465971888
0.24,186,0.00266696334239414
0.24,187,0.004958806564552238
0.24,188,0.0014394029573301845
0.24,189,0.006007180750660783
0.24,190,0.02039290888607579
0.24,191,-0.019378796447793088
0.24,192,0.2376411109755099
0.24,193,0.006687706959206737
0.24,194,0.007579791649976817
0.24,195,-0.0020775671862857292
0.24,196,0.00044596590529081143
0.24,197,-0.00014553793225057648
0.24,198,0.0001855178739243301
0.25,intercept,0.016145248026857302
0.25,1,0.003143928731524491
0.25,2,0.002663756121760949
0.25,3,0.001416912671293385
0.25,4,0.0008360934685965115
0.25,5,0.00025626564616508063
0.25,6,0.001280655615589908
0.25,7,-0.0004582286118515013
0.25,8,0.0004173162969782956
0.25,9,0.0004164690766092023
0.25,10,0.001467582675097995
0.25,11,0.0019680378185218095
0.25,12,-0.0006841116539839255
0.25,13,0.00041760054682226944
0.25,14,0.0006042605443284936
0.25,15,-0.001146572767124847
0.25,16,0.0003372510742631376
0.25,17,-0.0017246973864390753
0.25,18,0.0002798810751400485
0.25,19,-0.0012079258660893776
0.25,20,-0.0013440458536599104
0.25,21,-0.00017012125797441683
0.25,22,-0.0018806194849120337
0.25,23,0.0011019386986405317
0.25,24,-0.002501228366920627
0.25,25,-0.0009724695548098053
0.25,26,-0.0014885208394134503
0.25,27,-0.0005143587858975259
0.25,28,-0.0008469425056624868
0.25,29,-0.0008742066388753618
0.25,30,0.0017405141303995664
0.25,31,-0.00016725367810714852
0.25,32,-0.0005064774675674953
0.25,33,0.00022355034337088314
0.25,34,-0.0010835724628781252
0.25,35,-0.0008360910051797994
0.25,36,0.00019730373000480096
0.25,37,-5.96383832863399e-5
0.25,38,-0.002679257947034884
0.25,39,-0.0014468811477443932
0.25,40,-0.0010781816956066807
0.25,41,0.0002634668122112794
0.25,42,-0.00012055055358067127
0.25,43,0.0015938757157661124
0.25,44,0.0008845326448205021
0.25,45,0.0023605179605866835
0.25,46,-0.0010259868442393928
0.25,47,0.001786139850817127
0.25,48,-0.0010874704337769131
0.25,49,0.0020169069866710467
0.25,50,-0.00023193737382625376
0.25,51,0.00120552280652621
0.25,52,-0.00019710254626086098
0.25,53,0.001311151277206952
0.25,54,-0.0015205949589293863
0.25,55,0.002192425645022413
0.25,56,0.0011506743297792995
0.25,57,0.0017476818794733364
0.25,58,0.0005064231449918759
0.25,59,0.0008722846666332336
0.25,60,-0.0020893909025074264
0.25,61,0.000484280500068778
0.25,62,0.002554157819324009
0.25,63,-0.0017947399844833079
0.25,64,4.237203453698644e-5
0.25,65,0.0003689243112346786
0.25,66,-0.0013361141348472551
0.25,67,0.00017499144873174175
0.25,68,6.854525700871324e-5
0.25,69,-0.001637395893099399
0.25,70,0.0002334470780839686
0.25,71,-0.00022297254643975127
0.25,72,-0.0008919900662263845
0.25,73,-0.0010057560182628682
0.25,74,-0.0016081691109699418
0.25,75,0.0008026287602080513
0.25,76,-0.0027249999179201714
0.25,77,0.000343378165245269
0.25,78,-2.7404560715770436e-5
0.25,79,-0.0023733981162036436
0.25,80,0.000696553182643503
0.25,81,0.0007439354482917933
0.25,82,0.001076605083968565
0.25,83,0.0006207972100356193
0.25,84,0.0014136417833266362
0.25,85,0.0011880716170660892
0.25,86,0.000911317461223709
0.25,87,-0.002440570262544941
0.25,88,0.001323860671689591
0.25,89,0.002127628679278854
0.25,90,-0.0008920827878960674
0.25,91,0.0028048853195319695
0.25,92,0.0014397210065360685
0.25,93,0.0008065230209051648
0.25,94,0.0032131623732889964
0.25,95,0.002262681284764899
0.25,96,-0.0008396285498314536
0.25,97,0.007071045612289361
0.25,98,-0.000117472975466143
0.25,99,-0.000822370130190107
0.25,100,0.0020908478981970934
0.25,101,0.0019739666665624313
0.25,102,-0.0012128335261294377
0.25,103,0.001936075281818211
0.25,104,-7.849680519043615e-5
0.25,105,-0.00028498882460783966
0.25,106,-0.0008439459659097072
0.25,107,0.0005510864835748087
0.25,108,0.002167753640842612
0.25,109,-0.0005626501836393681
0.25,110,0.001186340119512022
0.25,111,-0.0005533196818630366
0.25,112,0.0006407499624076348
0.25,113,-0.000984895471911942
0.25,114,0.0006512833288293881
0.25,115,-0.0014904130324861645
0.25,116,-0.000667191854989252
0.25,117,-0.0017346153665752186
0.25,118,0.001590169833552781
0.25,119,-0.001921245735320017
0.25,120,-0.0005598620483507594
0.25,121,-0.0015907949890440587
0.25,122,-0.002581733313972752
0.25,123,-0.00015903709008406814
0.25,124,-0.0005079993273055674
0.25,125,-0.00021482934969487436
0.25,126,-0.0009937992119291325
0.25,127,-0.0020063901932133566
0.25,128,0.0012365442934329075
0.25,129,0.0007977000421652456
0.25,130,0.0003045157831092277
0.25,131,-0.001921566821295397
0.25,132,0.0006632845950517279
0.25,133,-0.0002747541718967694
0.25,134,-0.0008366541277403509
0.25,135,0.002053357900429851
0.25,136,0.0006540466456695324
0.25,137,-0.0007880142516733978
0.25,138,0.00040801934059098334
0.25,139,0.00023773025346209614
0.25,140,-0.0008627277607994295
0.25,141,-0.00015423021785503186
0.25,142,0.0017393619159065798
0.25,143,-0.00037025518162546396
0.25,144,0.001662293701752771
0.25,145,0.00043672686457020684
0.25,146,0.0012579503852451464
0.25,147,0.0009210192460151872
0.25,148,0.0018409406584678951
0.25,149,0.0007642309087432935
0.25,150,0.00150149887224679
0.25,151,-0.0005184292174152179
0.25,152,-0.0003691887763440751
0.25,153,0.0022975603866351476
0.25,154,-0.0013597649404696952
0.25,155,0.0026524466838965498
0.25,156,-0.001075355582638226
0.25,157,0.00013971730242292818
0.25,158,3.616714843188419e-5
0.25,159,0.0029866665927532465
0.25,160,-0.0001653476153968236
0.25,161,0.0001880312772445817
0.25,162,-0.0006588303156413829
0.25,163,-0.0008440830430704712
0.25,164,-0.0005722372620350242
0.25,165,-0.0005293414687921788
0.25,166,-0.00026136715008021717
0.25,167,-0.0006704864357057129
0.25,168,0.00037184287319170313
0.25,169,-0.002156954925813481
0.25,170,-2.798518837362671e-5
0.25,171,-0.0007365441036549836
0.25,172,0.000950713296640211
0.25,173,-0.0010234772095826428
0.25,174,0.0024345755093562326
0.25,175,-0.0012580894905134202
0.25,176,0.0011660604310486256
0.25,177,0.001513149553963162
0.25,178,0.0010310659100188646
0.25,179,0.0004068141569933001
0.25,180,0.0020713146162612216
0.25,181,-0.00027452113372887846
0.25,182,0.00230724711320667
0.25,183,-9.671939599807773e-5
0.25,184,-0.00037104077383474503
0.25,185,0.002383745747760763
0.25,186,0.002451119947568185
0.25,187,0.005052597876919782
0.25,188,0.0015752837322412802
0.25,189,0.006123141137861382
0.25,190,0.02147829287821109
0.25,191,-0.021378847951521986
0.25,192,0.24700913979504582
0.25,193,0.006760723554746136
0.25,194,0.007669108268324898
0.25,195,-0.0020475004934859668
0.25,196,0.0005038374366663898
0.25,197,-0.0001075549695890056
0.25,198,0.0002445026495524333
0.26,intercept,0.015961090723408986
0.26,1,0.0030183772910705488
0.26,2,0.002338552038532109
0.26,3,0.001716114555163687
0.26,4,0.0009566187526236399
0.26,5,-9.943496663624143e-5
0.26,6,0.0013291334988306393
0.26,7,-0.0003780566783119342
0.26,8,0.0004996388078042793
0.26,9,0.0002522378013639572
0.26,10,0.0012507565542739928
0.26,11,0.002132120614288808
0.26,12,-0.0010510193719057012
0.26,13,0.0005981084895070321
0.26,14,0.0010370796098743717
0.26,15,-0.0013671834094709017
0.26,16,0.00046005396264100286
0.26,17,-0.0018707002287956563
0.26,18,0.0001482061288002847
0.26,19,-0.0013078475945714145
0.26,20,-0.0012664373669692053
0.26,21,0.00023855796320474166
0.26,22,-0.001912620306879205
0.26,23,0.0006858132815361887
0.26,24,-0.0027672303660642066
0.26,25,-0.0005844137663378375
0.26,26,-0.0017029069075278165
0.26,27,-0.0003892369251781938
0.26,28,-0.000902633858279023
0.26,29,-0.0006844217330220491
0.26,30,0.0017972849539852663
0.26,31,-0.00023950304495933984
0.26,32,-0.00031336229701584613
0.26,33,-0.00021122887679763283
0.26,34,-0.0013169219901806568
0.26,35,-0.0002958922076555144
0.26,36,-0.00021272197884510092
0.26,37,0.0002702956697452218
0.26,38,-0.003236319809309661
0.26,39,-0.0011318350018140967
0.26,40,-0.0009946275896781634
0.26,41,0.00018536094316226644
0.26,42,3.6072928559559094e-5
0.26,43,0.0014281630317681242
0.26,44,0.0010621983836103194
0.26,45,0.0021311766652181876
0.26,46,-0.0011544699657041666
0.26,47,0.001945888875178817
0.26,48,-0.001054785050936283
0.26,49,0.001846776673298072
0.26,50,0.00021279674256188843
0.26,51,0.0014537261563641129
0.26,52,-8.630205672563955e-5
0.26,53,0.0008958460687981083
0.26,54,-0.0009529067968209355
0.26,55,0.002247730216369008
0.26,56,0.0011710829101134947
0.26,57,0.0015062470434336964
0.26,58,0.0006569631513959954
0.26,59,0.0009069439542121232
0.26,60,-0.0021286704782536975
0.26,61,0.000511626190179564
0.26,62,0.0025080572294664183
0.26,63,-0.0016077616359866705
0.26,64,-1.4624044228640526e-5
0.26,65,0.00036953189535355425
0.26,66,-0.0011978463931799107
0.26,67,-0.000414625205011624
0.26,68,0.0003037587794268221
0.26,69,-0.0014958345254674772
0.26,70,-1.7292426550233736e-5
0.26,71,-6.048656573631942e-6
0.26,72,-0.0013408602839867104
0.26,73,-0.0003082658648418195
0.26,74,-0.0015700697386048313
0.26,75,0.0004203517500047093
0.26,76,-0.0029660210911762446
0.26,77,0.00036357992794047153
0.26,78,-0.00029446023159763866
0.26,79,-0.0016106050844132758
0.26,80,-4.6534271806867566e-5
0.26,81,0.0010262656769074615
0.26,82,0.0009444061427004304
0.26,83,0.00044857861676188645
0.26,84,0.0017358262977883495
0.26,85,0.0011893524650052748
0.26,86,0.001335822155244952
0.26,87,-0.0020225466130292563
0.26,88,0.000759218993328943
0.26,89,0.002062310247539828
0.26,90,-0.0012456672200497612
0.26,91,0.0027206380472369973
0.26,92,0.0016167268132818698
0.26,93,0.0009503895098024219
0.26,94,0.002773004472754085
0.26,95,0.002323443936879636
0.26,96,-0.0010520155519175944
0.26,97,0.006889486157469207
0.26,98,0.00016164908070029498
0.26,99,-0.0005787683873146731
0.26,100,0.0014027389318498106
0.26,101,0.0021345273032629297
0.26,102,-0.0007945112690199724
0.26,103,0.001905117288241967
0.26,104,0.00012173847085623556
0.26,105,-7.392435824271629e-5
0.26,106,-0.0006455702358882846
0.26,107,0.00030760246536649087
0.26,108,0.0020086569690566354
0.26,109,-0.0001665821765766728
0.26,110,0.0010086495391913354
0.26,111,-0.00018937877600362995
0.26,112,0.0007457628045917733
0.26,113,-0.0013104277240689299
0.26,114,0.0005492914231573345
0.26,115,-0.0014560079657933158
0.26,116,-0.000768377837363912
0.26,117,-0.001541879787215287
0.26,118,0.00138362193084497
0.26,119,-0.0017980184414050143
0.26,120,-0.0003887367950072321
0.26,121,-0.001707051295663839
0.26,122,-0.0027583090093899346
0.26,123,-0.00021008555691571536
0.26,124,-0.00029957670756619093
0.26,125,-8.32728989408822e-5
0.26,126,-0.0009881513765697123
0.26,127,-0.0015828432015046108
0.26,128,0.00098756626035825
0.26,129,0.0007884947008754945
0.26,130,0.0002871807785581795
0.26,131,-0.0020207552371770228
0.26,132,0.0007389015710687275
0.26,133,-2.8155508107426912e-5
0.26,134,-0.0009664031728944313
0.26,135,0.001892412327168699
0.26,136,0.000629894003777791
0.26,137,-0.0007205138761253099
0.26,138,0.00036893934076861513
0.26,139,0.00022124582689066538
0.26,140,-0.0007113320503582251
0.26,141,-0.00016372225074919166
0.26,142,0.0015322002736286016
0.26,143,-0.00012767403938223742
0.26,144,0.0017791450645211573
0.26,145,0.00017376613876266724
0.26,146,0.0015547069889230753
0.26,147,0.0007054874910905432
0.26,148,0.001784374737764726
0.26,149,0.00032216177901661224
0.26,150,0.001245639017932583
0.26,151,8.464876095038753e-5
0.26,152,-0.0002401283817741724
0.26,153,0.0022524489457713295
0.26,154,-0.0010340193671012844
0.26,155,0.0026815615145528273
0.26,156,-0.0010535586280632032
0.26,157,0.0002930017319475692
0.26,158,6.774949104695896e-5
0.26,159,0.002449271297665328
0.26,160,0.0005659732948806134
0.26,161,-0.00021882353555948607
0.26,162,-0.0003061104665055043
0.26,163,-0.0009230092607895569
0.26,164,-0.00016137795380248023
0.26,165,-0.0011634792925830036
0.26,166,0.00016755617188612973
0.26,167,-0.0012612662202489992
0.26,168,0.000533718115777132
0.26,169,-0.002128789406719972
0.26,170,-0.00046270579332691306
0.26,171,-0.00019084701886072576
0.26,172,0.0010545427382631144
0.26,173,-0.00019636347867303468
0.26,174,0.00239608483067559
0.26,175,-0.0014826778332731063
0.26,176,0.0012025133532668972
0.26,177,0.0015268091950241798
0.26,178,0.0008472908821939325
0.26,179,0.0006483058282955908
0.26,180,0.0018990308497306915
0.26,181,-0.0001786267317046288
0.26,182,0.001870352657177225
0.26,183,-0.0001538767688476062
0.26,184,-0.00024766254502272346
0.26,185,0.0018898071835957667
0.26,186,0.002813875341180064
0.26,187,0.004987249827022903
0.26,188,0.0017618195616171636
0.26,189,0.00569835437041251
0.26,190,0.02244698614954471
0.26,191,-0.022594189423072713
0.26,192,0.25862333722707814
0.26,193,0.00720842512874069
0.26,194,0.007978906725454548
0.26,195,-0.002045661282493545
0.26,196,0.00046483384909103197
0.26,197,-5.9923033171080387e-5
0.26,198,0.00025652436561230535
0.27,intercept,0.01588594254783715
0.27,1,0.0031123678782858425
0.27,2,0.0022047755612104873
0.27,3,0.002053453751262751
0.27,4,0.0005893695732010928
0.27,5,2.203078207583859e-5
0.27,6,0.0013078030646267857
0.27,7,-0.0002548911696652074
0.27,8,0.00025395874574659245
0.27,9,0.00029463114934382496
0.27,10,0.0009560029308245663
0.27,11,0.0023553992793839914
0.27,12,-0.0010733846025691334
0.27,13,0.0006264631750592113
0.27,14,0.0010078960002722797
0.27,15,-0.0014217966656009922
0.27,16,0.0003688444948389402
0.27,17,-0.0020108368059592657
0.27,18,0.00023147612621599224
0.27,19,-0.0014096493848392347
0.27,20,-0.0015539607105973274
0.27,21,0.0003734064022429801
0.27,22,-0.0014473043012287999
0.27,23,-0.00010536196146939104
0.27,24,-0.002187773879522371
0.27,25,-0.0009086289321685038
0.27,26,-0.0013414402826841519
0.27,27,-0.0007690176829220851
0.27,28,-0.0009318276466955359
0.27,29,-0.00031980458726625394
0.27,30,0.0016708152709530649
0.27,31,-0.00014263014905954323
0.27,32,-0.0003375765236995957
0.27,33,-4.739905686778555e-5
0.27,34,-0.0012284288606416373
0.27,35,-0.0002240236504881207
0.27,36,-0.0001249834434339454
0.27,37,0.0005019798490325682
0.27,38,-0.0034856971244418703
0.27,39,-0.0010751230713540243
0.27,40,-0.0011048033621541237
0.27,41,0.0003571801211834069
0.27,42,0.00013602939303216312
0.27,43,0.001113045398442897
0.27,44,0.0015467922391182564
0.27,45,0.001910566616513563
0.27,46,-0.0011475948780994864
0.27,47,0.0017751718674722838
0.27,48,-0.0009180626919374788
0.27,49,0.0016945068645775486
0.27,50,0.0001055357101499938
0.27,51,0.0013955530210967694
0.27,52,-0.00030215021135737057
0.27,53,0.0009337950129590142
0.27,54,-0.0006037356890447709
0.27,55,0.0021867685632788025
0.27,56,0.0011176125175535565
0.27,57,0.0015455972905544918
0.27,58,0.0007227627895370842
0.27,59,0.0007297113456257354
0.27,60,-0.0021655992003100106
0.27,61,0.00044615355864577403
0.27,62,0.0025837245145160946
0.27,63,-0.0014313179820045934
0.27,64,-9.466727643105127e-5
0.27,65,-8.798528718499344e-5
0.27,66,-0.0008400230401786019
0.27,67,-0.0010404013789545494
0.27,68,0.00015652600675331567
0.27,69,-0.0009082322311699396
0.27,70,4.499167824760438e-5
0.27,71,9.986385772584401e-6
0.27,72,-0.0008984343226843994
0.27,73,-0.0007858543501856416
0.27,74,-0.0017005177847766956
0.27,75,0.0006659276531216021
0.27,76,-0.003078925587286471
0.27,77,0.0005012771787649945
0.27,78,-0.0007137584807617158
0.27,79,-0.0010488501112095496
0.27,80,-0.00037044232264344805
0.27,81,0.001659591332366415
0.27,82,0.0009193994913374279
0.27,83,0.0003516115496578213
0.27,84,0.0017415173958277676
0.27,85,0.0012837336225159665
0.27,86,0.0010694249724159223
0.27,87,-0.0019685522600706475
0.27,88,0.0006617251600993049
0.27,89,0.002154492865786678
0.27,90,-0.0009712273037840396
0.27,91,0.0024220371882146216
0.27,92,0.0019045936549690497
0.27,93,0.0009717560438275268
0.27,94,0.0024513589172223313
0.27,95,0.002042505193233291
0.27,96,-0.0009507184022775934
0.27,97,0.007053900465299992
0.27,98,6.0650482974455775e-5
0.27,99,-0.0003107378254507743
0.27,100,0.0014798184628991467
0.27,101,0.0017737510731900415
0.27,102,-0.000676766389071283
0.27,103,0.0019614729296711848
0.27,104,0.0001515347742514906
0.27,105,-0.00014693112124819133
0.27,106,-0.0006798843631631524
0.27,107,0.0007502697626175746
0.27,108,0.0018563448592984753
0.27,109,-0.00035612627128634426
0.27,110,0.0008599125819700617
0.27,111,2.6665110746620743e-5
0.27,112,0.0006207218578252448
0.27,113,-0.0012937217948755901
0.27,114,0.0006653684510674711
0.27,115,-0.0015485764482729696
0.27,116,-0.0007922036290896464
0.27,117,-0.0017056532558077382
0.27,118,0.0013474490060696172
0.27,119,-0.002068116776673129
0.27,120,-0.0002536868793623679
0.27,121,-0.0018865606656401116
0.27,122,-0.002618822493199994
0.27,123,-0.00011061292846549712
0.27,124,-0.0002924411796224934
0.27,125,0.0002266637703338875
0.27,126,-0.0010575782863413569
0.27,127,-0.0017435832170246356
0.27,128,0.0009445514479131953
0.27,129,0.0007807220376519456
0.27,130,-9.716568287868842e-5
0.27,131,-0.0016436354398657494
0.27,132,0.0007037142872898465
0.27,133,6.803479418808419e-5
0.27,134,-0.0009026072188305391
0.27,135,0.0017193928988807948
0.27,136,0.0003620799796929589
0.27,137,-0.0005833931064386301
0.27,138,-4.8815987383100255e-5
0.27,139,0.00043130700883427535
0.27,140,-0.00047458521397104474
0.27,141,-0.00021597561735348022
0.27,142,0.0014268233147931122
0.27,143,0.00010283290215072735
0.27,144,0.0014852785205235316
0.27,145,0.00044322015391717336
0.27,146,0.0016551518412375418
0.27,147,0.0006306897939981481
0.27,148,0.0015097326222615404
0.27,149,0.0006839072354569566
0.27,150,0.0008101303896880293
0.27,151,0.00040488903363173164
0.27,152,-0.00041871349898063326
0.27,153,0.0025386664012909993
0.27,154,-0.0008924052628533625
0.27,155,0.002404031320200919
0.27,156,-0.0007892680315160047
0.27,157,0.00020311260927734697
0.27,158,9.519279889063807e-5
0.27,159,0.002339190249247697
0.27,160,0.00041492420973705916
0.27,161,-1.2166092726051277e-5
0.27,162,-0.0002647861666486229
0.27,163,-0.0009404436436948191
0.27,164,-0.00013435053605155236
0.27,165,-0.0016302345074534672
0.27,166,0.0004778857159079526
0.27,167,-0.0012268464458420208
0.27,168,7.703314827137153e-5
0.27,169,-0.002179840956474537
0.27,170,-0.0006814441788970171
0.27,171,0.000124938203635646
0.27,172,0.0012397256760698987
0.27,173,-0.00014393356159105605
0.27,174,0.0022194401946749034
0.27,175,-0.0016487660273521577
0.27,176,0.0013050737052010689
0.27,177,0.001517772515430401
0.27,178,0.0008967213884549314
0.27,179,0.0003377342054622296
0.27,180,0.002224457167555579
0.27,181,-0.00028992720277547126
0.27,182,0.0019360382226970526
0.27,183,-0.00015052174138076408
0.27,184,-0.00048616878761073296
0.27,185,0.0022996946787352817
0.27,186,0.002671235296616012
0.27,187,0.004745109193144318
0.27,188,0.0023486979578345754
0.27,189,0.006598893510672526
0.27,190,0.0228814564806752
0.27,191,-0.024455914194711673
0.27,192,0.26955356863061103
0.27,193,0.007591672735820132
0.27,194,0.008512736272858477
0.27,195,-0.0020209867813798747
0.27,196,0.00045238335068610873
0.27,197,-2.9313500215451954e-5
0.27,198,0.0003419453881816602
0.28,intercept,0.015707132992619704
0.28,1,0.0034496246338216988
0.28,2,0.002303427116977163
0.28,3,0.0020512660701191483
0.28,4,0.0008264001077321344
0.28,5,4.6278258121694266e-5
0.28,6,0.001056503117196359
0.28,7,-5.685239469482896e-5
0.28,8,7.272524720782999e-5
0.28,9,0.00011950743504490993
0.28,10,0.0009960321518396448
0.28,11,0.0024434345447951625
0.28,12,-0.0008440575570506329
0.28,13,0.00031922857297583373
0.28,14,0.0002627364018540445
0.28,15,-0.0005893786108378507
0.28,16,0.0002643356002393487
0.28,17,-0.0021961837507027447
0.28,18,0.00021380738892823884
0.28,19,-0.0007944169480986131
0.28,20,-0.0016616653702899817
0.28,21,0.00047220999350552646
0.28,22,-0.0017735905510902563
0.28,23,0.00010047655456372577
0.28,24,-0.0022509530543679546
0.28,25,-0.0007143516911708547
0.28,26,-0.0015052963079491396
0.28,27,-0.0008983836115571088
0.28,28,-0.0010971557717772635
0.28,29,0.0002777319714446319
0.28,30,0.0020039655626891417
0.28,31,3.0348801660378364e-5
0.28,32,-0.0007017889951594776
0.28,33,0.00021547959280008796
0.28,34,-0.0013468686110673647
0.28,35,-0.00010104248718343934
0.28,36,1.0979437688562325e-5
0.28,37,-7.073765164134917e-5
0.28,38,-0.003189844998567245
0.28,39,-0.0011059633722700715
0.28,40,-0.0012239439457833376
0.28,41,0.00015647131855758546
0.28,42,0.0006219604286642613
0.28,43,0.0008737206902422631
0.28,44,0.001647680500061843
0.28,45,0.0016454055228009867
0.28,46,-0.0007584353702936391
0.28,47,0.0017265558059968939
0.28,48,-0.0006510166034897498
0.28,49,0.0014229466515316026
0.28,50,5.488736175040151e-5
0.28,51,0.0013821373462658787
0.28,52,-0.00034254689988668643
0.28,53,0.0009186610216702023
0.28,54,-0.0009326521341591947
0.28,55,0.0022268734698164187
0.28,56,0.0007021837214369681
0.28,57,0.0012741059606362214
0.28,58,0.000983310954745329
0.28,59,0.00042240711029213813
0.28,60,-0.0019433066000585824
0.28,61,0.0005922061133294671
0.28,62,0.0018730375344313279
0.28,63,-0.0011472628562690357
0.28,64,1.2353554473462987e-5
0.28,65,-9.516696612551298e-5
0.28,66,-8.099503915121847e-5
0.28,67,-0.0009471682152370726
0.28,68,0.00012112997847205944
0.28,69,-0.001079084645237667
0.28,70,0.00031897043055133115
0.28,71,-0.000412659615741133
0.28,72,-0.0008169260667117041
0.28,73,-0.0013942609763222832
0.28,74,-0.0013812974570781118
0.28,75,0.0007442549140048048
0.28,76,-0.0027969191465602333
0.28,77,0.0001592548693376501
0.28,78,-0.0005606719752063775
0.28,79,-0.0012992423859582516
0.28,80,-0.0002671760774743212
0.28,81,0.001828116275494961
0.28,82,0.0011390662282717418
0.28,83,-0.00014736019700764907
0.28,84,0.0019392312548580431
0.28,85,0.0014081408903572248
0.28,86,0.0007572364609426447
0.28,87,-0.002340280297856644
0.28,88,0.001060558618492403
0.28,89,0.0017520599790548702
0.28,90,-0.0005303701575161325
0.28,91,0.0023053325236467447
0.28,92,0.0015929672657499611
0.28,93,0.0012367354921945424
0.28,94,0.002389148494801216
0.28,95,0.0020087078326385716
0.28,96,-0.0006125957064457921
0.28,97,0.006800699486519157
0.28,98,0.0003966211637922281
0.28,99,-0.0010153727342189763
0.28,100,0.0011922344019386793
0.28,101,0.0019396436823947906
0.28,102,-0.0006908835730802841
0.28,103,0.0020085760521661765
0.28,104,0.00031726426174682104
0.28,105,-8.748154336728975e-5
0.28,106,-0.0006897476892955411
0.28,107,0.0009819135423056052
0.28,108,0.0017011425306469377
0.28,109,-0.0005192227563754138
0.28,110,0.0012731496351611527
0.28,111,0.0001892831022697055
0.28,112,0.0004939387019199104
0.28,113,-0.000955723770041444
0.28,114,0.0005054969060984343
0.28,115,-0.0017375833124243052
0.28,116,-0.0004501140400871543
0.28,117,-0.0018666848538367198
0.28,118,0.0010462420556633027
0.28,119,-0.001603451781053375
0.28,120,-0.0002852152898896149
0.28,121,-0.0022326070294392303
0.28,122,-0.0027022241575294583
0.28,123,-9.962999169296035e-5
0.28,124,-0.0002329463644387767
0.28,125,0.00013195155088445112
0.28,126,-0.0006493214724622109
0.28,127,-0.0020245924928983523
0.28,128,0.0009886824089327475
0.28,129,0.0007481065085108749
0.28,130,4.895574179502657e-5
0.28,131,-0.0016000188904406912
0.28,132,0.0009368121235622294
0.28,133,-0.00022566287169934596
0.28,134,-0.0006106419796431392
0.28,135,0.001398841129549397
0.28,136,0.0004623937475874882
0.28,137,-0.0005904327773136429
0.28,138,0.00020158253713555124
0.28,139,3.600375619855674e-5
0.28,140,-0.0006452561127299359
0.28,141,0.0003098112103707546
0.28,142,0.0010391041298137584
0.28,143,0.00017091732136773852
0.28,144,0.0011772633518611145
0.28,145,0.0002810328975746827
0.28,146,0.0019156779006558405
0.28,147,0.0007602060248340981
0.28,148,0.0012511494941410835
0.28,149,0.0011260896026875282
0.28,150,0.0006465133668738796
0.28,151,0.0009372408447091646
0.28,152,-0.0005651948755977182
0.28,153,0.0027958104409547273
0.28,154,-0.001035831157486414
0.28,155,0.0025683734248454263
0.28,156,-0.0008028751888427596
0.28,157,9.728431173367704e-5
0.28,158,0.00020806478734849374
0.28,159,0.0020573956451507354
0.28,160,0.0005412663002970913
0.28,161,-2.4628871971522004e-5
0.28,162,-0.00015166960777066238
0.28,163,-0.0009912885840229538
0.28,164,-0.00013242990919359255
0.28,165,-0.0015166618687955068
0.28,166,0.00033315327983219196
0.28,167,-0.00048376858842532196
0.28,168,-0.000528639696187159
0.28,169,-0.001752639484083731
0.28,170,-0.0005442782974152082
0.28,171,0.0005607321854366342
0.28,172,0.0012290146273232752
0.28,173,-0.00032264988619150835
0.28,174,0.001812314249233171
0.28,175,-0.0012780397808802159
0.28,176,0.0009911177625275634
0.28,177,0.0016890708367642544
0.28,178,0.0008632464063396896
0.28,179,0.0005718264257022973
0.28,180,0.0016542432021680736
0.28,181,-4.227981892804772e-5
0.28,182,0.0017174780512180013
0.28,183,-0.0005290019637015058
0.28,184,-3.5307242936321944e-5
0.28,185,0.002466252626563278
0.28,186,0.001898210474003939
0.28,187,0.00568610447229047
0.28,188,0.002372752719857918
0.28,189,0.006467686471731765
0.28,190,0.023974160142707365
0.28,191,-0.026120367388302083
0.28,192,0.28093781672876866
0.28,193,0.00761964501571945
0.28,194,0.008674129218015246
0.28,195,-0.0020758319936024223
0.28,196,0.0005015022566241235
0.28,197,-2.698526508984611e-6
0.28,198,0.000345962945904027
0.29,intercept,0.01572775503639523
0.29,1,0.004119810244165323
0.29,2,0.0017785072947688484
0.29,3,0.0020337174401785624
0.29,4,0.0010471711857745279
0.29,5,-7.970546689402931e-6
0.29,6,0.0010007947721442515
0.29,7,-0.00020767189624988833
0.29,8,0.0004365862882629256
0.29,9,0.00023744961919594382
0.29,10,0.0010939936492416987
0.29,11,0.002315432882960493
0.29,12,-0.00040148645736092127
0.29,13,-3.805782026981838e-5
0.29,14,0.0003967367545741955
0.29,15,-0.0006283562040981079
0.29,16,-4.13690744985371e-5
0.29,17,-0.0022472427066601163
0.29,18,0.0002883975396906853
0.29,19,-0.0005390537911302353
0.29,20,-0.0018754753055420636
0.29,21,0.0004656775580113132
0.29,22,-0.0016883811025810715
0.29,23,-0.0004394539446340217
0.29,24,-0.001702605560849193
0.29,25,-0.0006854248062864407
0.29,26,-0.0019224324243396268
0.29,27,-0.0007135523165144354
0.29,28,-0.0011017933815917935
0.29,29,0.00019455558465875038
0.29,30,0.0020750746129048203
0.29,31,-5.557054255762012e-5
0.29,32,-0.0005145616263249516
0.29,33,0.0001549341854508958
0.29,34,-0.001229059033001106
0.29,35,-0.0003122143682185864
0.29,36,0.00029168634420431206
0.29,37,7.212963069268787e-5
0.29,38,-0.002921719909353099
0.29,39,-0.0011228062612775843
0.29,40,-0.0013805963774668204
0.29,41,-0.00035381941883521066
0.29,42,0.0007740182668494264
0.29,43,0.0011185930823309066
0.29,44,0.0016240788183528605
0.29,45,0.0012750090429209237
0.29,46,-0.0007390041253542675
0.29,47,0.0018886338253170985
0.29,48,-0.0009382237102801355
0.29,49,0.0013932385420813362
0.29,50,1.4370818546583923e-7
0.29,51,0.001407729660121161
0.29,52,-4.0791250558658534e-5
0.29,53,0.0006341853295288469
0.29,54,-0.0005780032082162333
0.29,55,0.0019463305962635347
0.29,56,0.0007236592580812273
0.29,57,0.0008263113556291087
0.29,58,0.0011212114731476877
0.29,59,0.0003954807613151377
0.29,60,-0.0020003269850681887
0.29,61,0.00042101719988265376
0.29,62,0.0017250795553243818
0.29,63,-0.0009207254193012411
0.29,64,3.44348950000055e-5
0.29,65,0.00015027928093732144
0.29,66,-0.00020840650724527935
0.29,67,-0.000978111935214892
0.29,68,0.00015748036930359328
0.29,69,-0.0009763388808647558
0.29,70,0.00023518024389785645
0.29,71,-0.0008339826482692605
0.29,72,-0.0007078190693513292
0.29,73,-0.0012227434302761525
0.29,74,-0.0010924702191967865
0.29,75,0.00016453123799345355
0.29,76,-0.0021022886089449733
0.29,77,-0.00011745185231484626
0.29,78,-0.0004919843431153072
0.29,79,-0.001284289812929873
0.29,80,-0.0003204888669712765
0.29,81,0.0017676237367576222
0.29,82,0.0011007660035487414
0.29,83,0.00036476448166136255
0.29,84,0.0016793398111027316
0.29,85,0.0013421668220372175
0.29,86,0.001167927487097433
0.29,87,-0.002655997247727206
0.29,88,0.0017662010687098737
0.29,89,0.0015594063940704026
0.29,90,-0.0004174478291592853
0.29,91,0.0019997214452348025
0.29,92,0.001790310557800157
0.29,93,0.0008677438943087151
0.29,94,0.0021707691483592163
0.29,95,0.0022235588561511223
0.29,96,-0.0007556604678389612
0.29,97,0.007010116783200215
0.29,98,0.00024347433103391353
0.29,99,-0.0006376624548138474
0.29,100,0.0011727941594805958
0.29,101,0.0017717955611461493
0.29,102,-0.00117859589323569
0.29,103,0.002370718003737259
0.29,104,-4.386609040564764e-5
0.29,105,-0.00014349912234121754
0.29,106,-0.0006704602925843107
0.29,107,0.0010606557850911297
0.29,108,0.001409130509462574
0.29,109,-0.0005171665349625696
0.29,110,0.0014498368092424599
0.29,111,0.00042209832063161933
0.29,112,0.00016706465433066902
0.29,113,-0.0007846726111325644
0.29,114,0.00020653670236377934
0.29,115,-0.0014328070370246727
0.29,116,-0.0005245033908032347
0.29,117,-0.001847673675350857
0.29,118,0.0007907925933948243
0.29,119,-0.0015523894328959666
0.29,120,-0.0002552779778028644
0.29,121,-0.0024296292519791073
0.29,122,-0.0029233123341019995
0.29,123,-0.0002052372020713728
0.29,124,-0.0001302687864919833
0.29,125,0.00026033523771954353
0.29,126,-0.000986056264816245
0.29,127,-0.002138924137728574
0.29,128,0.0009045823543876783
0.29,129,0.0008066460880665983
0.29,130,0.00047718368413699765
0.29,131,-0.001726436481419707
0.29,132,0.0008729866000181684
0.29,133,-0.00023757460149916962
0.29,134,-0.0004599327968839316
0.29,135,0.0009497320006003859
0.29,136,0.0007802808919030361
0.29,137,-0.0006460284240465027
0.29,138,9.128449615592436e-5
0.29,139,0.0002944262377063479
0.29,140,-0.0012748399016939617
0.29,141,0.0007912244319384509
0.29,142,0.0012686649638560211
0.29,143,0.0002653049955968536
0.29,144,0.0007316463882349703
0.29,145,0.000405932273041008
0.29,146,0.001418202588306054
0.29,147,0.0006198967866158404
0.29,148,0.0012893553426649416
0.29,149,0.0010333743557556132
0.29,150,0.0008228494315619399
0.29,151,0.0010462669303100143
0.29,152,-0.0008401786863866713
0.29,153,0.0026338734860443963
0.29,154,-0.000916251392625481
0.29,155,0.002686456449296411
0.29,156,-0.0011731155264405456
0.29,157,0.00024068554122664472
0.29,158,0.0005142990410849529
0.29,159,0.0019090860489930264
0.29,160,0.00044196744266464537
0.29,161,0.00014294406773527945
0.29,162,8.632038483868227e-5
0.29,163,-0.0008592592783403206
0.29,164,-0.00018754352373279759
0.29,165,-0.0012437848904217241
0.29,166,0.0005637817257101509
0.29,167,-0.0005435397663959865
0.29,168,-0.0004335296883120479
0.29,169,-0.0014521731004905772
0.29,170,-0.0006663052531215607
0.29,171,0.00013736937990097445
0.29,172,0.001279496896105421
0.29,173,0.00012010604095571524
0.29,174,0.0020557512406523095
0.29,175,-0.0013464094407423409
0.29,176,0.0011577589252942907
0.29,177,0.0018241938940495367
0.29,178,0.00022750509610955683
0.29,179,0.0011845632455253243
0.29,180,0.001580644626332117
0.29,181,-0.00017563439204338173
0.29,182,0.0008010310226144952
0.29,183,0.000488814049390279
0.29,184,-0.0002631616039778146
0.29,185,0.002806392884983367
0.29,186,0.001814533429718521
0.29,187,0.005681042549007742
0.29,188,0.0025168503665640267
0.29,189,0.005936594994643985
0.29,190,0.024831175619798185
0.29,191,-0.02708703620751047
0.29,192,0.29070654913143706
0.29,193,0.007486509655058445
0.29,194,0.008516178467393873
0.29,195,-0.001987551987642785
0.29,196,0.000493893791958565
0.29,197,5.2733806631975744e-5
0.29,198,0.00038007048136277525
0.3,intercept,0.01564885495494575
0.3,1,0.003750199970232344
0.3,2,0.0016434433300134914
0.3,3,0.002126263270131907
0.3,4,0.0011080465361709875
0.3,5,-0.0001886324812849099
0.3,6,0.0015704062523251743
0.3,7,-4.5610533443450056e-5
0.3,8,-8.491564958544122e-6
0.3,9,0.0006871095678719555
0.3,10,0.0010292223351697548
0.3,11,0.0021991285256415
0.3,12,-0.0001798006208888677
0.3,13,-0.00012519248437087107
0.3,14,0.0007408092392772681
0.3,15,-0.0006323323421828241
0.3,16,-0.00017855070970117026
0.3,17,-0.001860231473890398
0.3,18,-2.627829806737311e-6
0.3,19,-0.00041301756476450416
0.3,20,-0.0019317960935273455
0.3,21,0.00043724831227843775
0.3,22,-0.001631558567460689
0.3,23,-0.00034604630350171386
0.3,24,-0.0017265115880017042
0.3,25,-0.0012262879480372717
0.3,26,-0.001497700668211059
0.3,27,-0.0006505889443515159
0.3,28,-0.0011421665263905668
0.3,29,0.0005455325467295142
0.3,30,0.0017849247185017878
0.3,31,-6.672568731058336e-5
0.3,32,-0.0005534774150079167
0.3,33,0.000297744584644906
0.3,34,-0.0012948157147001963
0.3,35,0.00012929231052590456
0.3,36,0.00029598569321139055
0.3,37,-0.0002653745280409984
0.3,38,-0.002613404186269217
0.3,39,-0.0009870339238768537
0.3,40,-0.0015557845829751364
0.3,41,-0.00012663978773834103
0.3,42,0.0005494325529652798
0.3,43,0.0014089436764503226
0.3,44,0.001297614991271311
0.3,45,0.0014256618262109449
0.3,46,-0.0006151207378618954
0.3,47,0.0018743930432336413
0.3,48,-0.0010667248233430832
0.3,49,0.0014990925654430416
0.3,50,-9.54560758274906e-5
0.3,51,0.000837837609986652
0.3,52,0.0007861121732707603
0.3,53,0.0004341505444190247
0.3,54,-0.0005666304895816717
0.3,55,0.0020072988880621674
0.3,56,0.00044526942931047154
0.3,57,0.0008321798340465848
0.3,58,0.001713943422413272
0.3,59,0.0004055770625425649
0.3,60,-0.0019234615435180231
0.3,61,0.0002232725370015122
0.3,62,0.0020308041750358224
0.3,63,-0.00133112720538849
0.3,64,-0.00011072171377624284
0.3,65,0.0005029712306277617
0.3,66,-0.000592878764968888
0.3,67,-0.0012890030609874602
0.3,68,-5.5516433926785476e-5
0.3,69,-0.0009016025595704495
0.3,70,0.0005182273729199269
0.3,71,-0.0008779329312452945
0.3,72,-0.0009717855349367901
0.3,73,-0.0009943898919659584
0.3,74,-0.0012845543737532075
0.3,75,0.0002536389639134313
0.3,76,-0.0022258657110074947
0.3,77,0.0002925765633274624
0.3,78,-0.0007404834877660155
0.3,79,-0.0007226102813158256
0.3,80,-0.0008023195908751796
0.3,81,0.0018393884242552177
0.3,82,0.0012067068405659546
0.3,83,0.0002620248567929278
0.3,84,0.0022392486251083597
0.3,85,0.0017361188976747345
0.3,86,0.00041588156846146876
0.3,87,-0.0023814109652258125
0.3,88,0.001837340153693548
0.3,89,0.0008831331489716698
0.3,90,0.000293892216811223
0.3,91,0.0017326569360076023
0.3,92,0.0017024518107668217
0.3,93,0.0010229634319330327
0.3,94,0.002095239846628875
0.3,95,0.002413424997886324
0.3,96,-0.0007626428039604333
0.3,97,0.006936287859606605
0.3,98,0.0005436720880698069
0.3,99,-0.0008234450284318356
0.3,100,0.0016816780506174536
0.3,101,0.0009954143705170387
0.3,102,-0.00035290979287599673
0.3,103,0.0023696076725715255
0.3,104,-0.00022497873197877525
0.3,105,-0.0004504610382507719
0.3,106,-0.0004840233174951178
0.3,107,0.001112117302285482
0.3,108,0.0011589496967284716
0.3,109,-0.0004441621014811798
0.3,110,0.001172293260346969
0.3,111,0.0001976615176427235
0.3,112,-0.00016173217671074336
0.3,113,-0.0006459851141398572
0.3,114,0.0002540243956758171
0.3,115,-0.0013455688382557225
0.3,116,-0.0008190832066561164
0.3,117,-0.001818998505056725
0.3,118,0.0009474976253477176
0.3,119,-0.0014751179571751802
0.3,120,-0.00041815412952453455
0.3,121,-0.0015109934191623656
0.3,122,-0.0027672221799018844
0.3,123,5.463584593052635e-5
0.3,124,-0.00023499228548147071
0.3,125,0.0003726862825223513
0.3,126,-0.0008228457263300803
0.3,127,-0.0018698502980024872
0.3,128,0.0007385396349992301
0.3,129,0.0010883605665663102
0.3,130,9.694667624103893e-5
0.3,131,-0.0014157159076665113
0.3,132,0.0006543267291823763
0.3,133,-0.0004886518908230284
0.3,134,-0.0003036689926218841
0.3,135,0.0008260142358640311
0.3,136,0.0006785742191224989
0.3,137,-0.0008504828131194627
0.3,138,-0.00017450156622973059
0.3,139,0.0005664645825435832
0.3,140,-0.0011381709343761077
0.3,141,0.0009314924526865161
0.3,142,0.0008082945890996995
0.3,143,0.0003280040124594597
0.3,144,0.0006540109303067176
0.3,145,0.0005761527417986046
0.3,146,0.00105961663810717
0.3,147,0.0006761065599231905
0.3,148,0.0013735754325577157
0.3,149,0.0009477220847870128
0.3,150,0.0005649697416626447
0.3,151,0.0009604180252731455
0.3,152,-0.000547544664084083
0.3,153,0.002387729805668203
0.3,154,-0.0008573849721617934
0.3,155,0.0021389152081786266
0.3,156,-0.000734188620132868
0.3,157,0.00010485002689860424
0.3,158,0.00032192521371715365
0.3,159,0.0016599422863723741
0.3,160,0.0008347763144274816
0.3,161,-0.00021727313232005298
0.3,162,0.00021362574580084345
0.3,163,-0.0005168757552414652
0.3,164,-0.00016359303773305398
0.3,165,-0.0008098447524210925
0.3,166,0.0005513061959365769
0.3,167,-0.0007848597195238967
0.3,168,-0.0003301651104927142
0.3,169,-0.0012829008715225592
0.3,170,-0.0005617674847518552
0.3,171,-0.00013011869280843115
0.3,172,0.0009948198024440922
0.3,173,0.00036504900237036063
0.3,174,0.0020540499611440594
0.3,175,-0.001129594098301341
0.3,176,0.00123487652714991
0.3,177,0.0017471990154782908
0.3,178,3.9308718696796185e-5
0.3,179,0.0014560163712658788
0.3,180,0.001598706091417272
0.3,181,9.359427027397101e-5
0.3,182,0.0006738858741911192
0.3,183,0.00014305092024572002
0.3,184,-0.00015158540207482112
0.3,185,0.0031204414513419506
0.3,186,0.0022359899688478113
0.3,187,0.00548781022681707
0.3,188,0.002281598424000231
0.3,189,0.005518007448214854
0.3,190,0.02606708574361457
0.3,191,-0.028695043649839186
0.3,192,0.2991063617792037
0.3,193,0.007334915234669328
0.3,194,0.008495123411432439
0.3,195,-0.0020018597754780255
0.3,196,0.0005170923750422287
0.3,197,4.651046245885207e-5
0.3,198,0.0003914788813379668
0.31,intercept,0.01552103862018997
0.31,1,0.003999196452602889
0.31,2,0.0017484990887329487
0.31,3,0.0017264787341189664
0.31,4,0.0012500866932573954
0.31,5,-0.0003921807370035954
0.31,6,0.001536019619779927
0.31,7,0.0004457736449496941
0.31,8,-0.0004988942785227009
0.31,9,0.0009236322158476237
0.31,10,0.0009619137214200662
0.31,11,0.002372075554441886
0.31,12,0.000422208553328961
0.31,13,-0.00048424170085033724
0.31,14,0.0011118715155504872
0.31,15,-0.0009457558226129902
0.31,16,-0.00022171589618350668
0.31,17,-0.0013976111259887897
0.31,18,-0.00045873933060945794
0.31,19,-0.0003038626089347687
0.31,20,-0.0021725109801287094
0.31,21,0.000386201156049913
0.31,22,-0.0014055053265525051
0.31,23,-0.0006644506165548154
0.31,24,-0.0017932930962532723
0.31,25,-0.0011147297110278937
0.31,26,-0.0017210114749635454
0.31,27,-0.00025070927382980535
0.31,28,-0.0011323491492813307
0.31,29,0.0007555128291213048
0.31,30,0.00164564745508323
0.31,31,0.00017853101616586466
0.31,32,-0.0009418003417617472
0.31,33,0.000309095588879063
0.31,34,-0.001180106732666487
0.31,35,-0.000225623839394446
0.31,36,0.00048157936592393524
0.31,37,-0.00026863319045421604
0.31,38,-0.0026910805504343042
0.31,39,-0.0006638937879485696
0.31,40,-0.0016790666654313648
0.31,41,7.131510959980267e-5
0.31,42,0.00033403354759513934
0.31,43,0.0015292956694113768
0.31,44,0.0011947904062370677
0.31,45,0.0013479014723178327
0.31,46,-0.00039541689468213783
0.31,47,0.0015718568677402741
0.31,48,-0.0009276012470750377
0.31,49,0.0012681896668294028
0.31,50,2.4879701898690784e-5
0.31,51,0.0008445723681998665
0.31,52,0.0009414587935939641
0.31,53,0.0002904400501872907
0.31,54,-0.0006054418540608435
0.31,55,0.0019814306761095388
0.31,56,0.00043569485281874263
0.31,57,0.0006937016705276447
0.31,58,0.0017204975660349245
0.31,59,0.0004324693756740935
0.31,60,-0.0019749770312020216
0.31,61,-0.0001589098317004391
0.31,62,0.0021012994756529203
0.31,63,-0.0011173158918217655
0.31,64,-4.083806355729835e-5
0.31,65,0.0005832196564759053
0.31,66,-0.0007840894403111878
0.31,67,-0.0013309953872670801
0.31,68,1.0502243371852834e-6
0.31,69,-0.000810602346395905
0.31,70,0.0004891948330297085
0.31,71,-0.0011389270272785447
0.31,72,-0.0006987970131554424
0.31,73,-0.001366173280961387
0.31,74,-0.0010733052193062447
0.31,75,0.00034936226495959764
0.31,76,-0.002178238449874338
0.31,77,0.0001728944504060704
0.31,78,-0.0007816827740297758
0.31,79,-0.0006329893323800289
0.31,80,-0.00046607986423292946
0.31,81,0.0016057996543512017
0.31,82,0.0012531193230844642
0.31,83,7.10048875972272e-5
0.31,84,0.001998880478789427
0.31,85,0.002019695117436665
0.31,86,2.851139208301233e-5
0.31,87,-0.0018049285684942629
0.31,88,0.0017534683685830135
0.31,89,0.0007947944459341277
0.31,90,0.000765724516319448
0.31,91,0.0015791453170285773
0.31,92,0.0015408365629599123
0.31,93,0.0009399087362672094
0.31,94,0.002032121116045997
0.31,95,0.0025253745635398536
0.31,96,-0.0011068239394948069
0.31,97,0.007161197742918003
0.31,98,0.000627345866620023
0.31,99,-0.000973352552075027
0.31,100,0.001941809145071633
0.31,101,0.0010685773413564256
0.31,102,-0.0005521743308815512
0.31,103,0.0025579047573544987
0.31,104,0.00017243698582821725
0.31,105,-0.0006112650893155006
0.31,106,-0.00036219557867989014
0.31,107,0.0008336253948728492
0.31,108,0.0009056274718363065
0.31,109,-2.6969489524168118e-5
0.31,110,0.0010453122778006085
0.31,111,1.9462123654404446e-5
0.31,112,-0.00013030942950560513
0.31,113,-0.0008513388202638691
0.31,114,0.00040495034678219254
0.31,115,-0.0014247184681306642
0.31,116,-0.0007637531556599888
0.31,117,-0.001853989556070363
0.31,118,0.0008783793556709452
0.31,119,-0.0015623120696899183
0.31,120,-0.000529311440011299
0.31,121,-0.0013785556699063568
0.31,122,-0.002554369729448359
0.31,123,-3.311007940028368e-5
0.31,124,-0.0002740033766683076
0.31,125,0.00016329325513358492
0.31,126,-0.00036608751688602624
0.31,127,-0.0016062960728027978
0.31,128,0.0003962252822743386
0.31,129,0.0011666808995034095
0.31,130,-6.238775642501611e-6
0.31,131,-0.0015818233758332326
0.31,132,0.0007267174059070615
0.31,133,-0.0004486568502281534
0.31,134,-0.00015874621294036995
0.31,135,0.0009850565470804257
0.31,136,0.00025972936548686304
0.31,137,-0.0005252793866129581
0.31,138,-7.003557751005603e-5
0.31,139,0.0005509009751131508
0.31,140,-0.0010617418508614919
0.31,141,0.0009198536640917536
0.31,142,0.0006639424541206177
0.31,143,-2.8778865161431725e-7
0.31,144,0.0009188731858781735
0.31,145,0.0005269021025873485
0.31,146,0.0013127962256884063
0.31,147,0.0004793696518965768
0.31,148,0.0009902390628531927
0.31,149,0.0008974620864150534
0.31,150,0.0005773389814516214
0.31,151,0.0008669804542351559
0.31,152,-0.0004218458168015784
0.31,153,0.002271348720178158
0.31,154,-0.0008163922778554634
0.31,155,0.0019327849089465796
0.31,156,-0.000419270781363953
0.31,157,0.00022250664736783767
0.31,158,0.0007177250623983596
0.31,159,0.0012011473473927847
0.31,160,0.0007880382207735552
0.31,161,-1.8375042826763267e-5
0.31,162,0.00025391137578405763
0.31,163,-0.0002838603462075049
0.31,164,-0.0006655799767922989
0.31,165,-0.0008428733803456409
0.31,166,0.0007689103739505866
0.31,167,-0.000865737015613764
0.31,168,-0.00035712196943386403
0.31,169,-0.0013683841691742439
0.31,170,-0.00044421369766256996
0.31,171,-0.0006695462115524963
0.31,172,0.0010145528709822708
0.31,173,0.0006641747708229662
0.31,174,0.0018566022038671163
0.31,175,-0.0010057132778874414
0.31,176,0.0005027552013299704
0.31,177,0.002037962700379295
0.31,178,-0.00026173435143463943
0.31,179,0.0019697638057750134
0.31,180,0.0018364872990507613
0.31,181,-0.0002907601546437689
0.31,182,0.0007660429299767004
0.31,183,0.0003606299599054394
0.31,184,-0.0003182685172370805
0.31,185,0.003350638071937129
0.31,186,0.0019209764532196587
0.31,187,0.005583744576496513
0.31,188,0.0027387408925213207
0.31,189,0.004879183135473859
0.31,190,0.02639743866488996
0.31,191,-0.029882982788876664
0.31,192,0.31346901271561894
0.31,193,0.00719569433877475
0.31,194,0.008009918488121543
0.31,195,-0.0019785131102571032
0.31,196,0.0005007591855707155
0.31,197,6.798274356453055e-5
0.31,198,0.0004303092944627756
0.32,intercept,0.015324568571249619
0.32,1,0.003986613714385634
0.32,2,0.0013335045479157992
0.32,3,0.0017873391007058967
0.32,4,0.0017313029372584229
0.32,5,-7.935542317658321e-5
0.32,6,0.0016965911262846569
0.32,7,0.0003444965238824641
0.32,8,-0.00040758106404834374
0.32,9,0.0013242693580917267
0.32,10,0.000676054159626293
0.32,11,0.0026172114778504154
0.32,12,0.00020755260233815804
0.32,13,-0.0003037006326344024
0.32,14,0.0009716535069793598
0.32,15,-0.0010597578415848256
0.32,16,-0.0005287991348205682
0.32,17,-0.0011753317457021462
0.32,18,-0.0009085868004273255
0.32,19,0.0003248768511260766
0.32,20,-0.00291060243736994
0.32,21,0.0006466470352585289
0.32,22,-0.0014345104324537384
0.32,23,-0.00027748063178032557
0.32,24,-0.0016034877026145933
0.32,25,-0.001166915038764996
0.32,26,-0.0017402810868479446
0.32,27,7.1838988541000865e-6
0.32,28,-0.00145059551587406
0.32,29,0.0006655942409228779
0.32,30,0.001969361279008987
0.32,31,-4.1189717565989566e-5
0.32,32,-0.00029358287071457647
0.32,33,-0.0004966655075219526
0.32,34,-0.0009075393964586677
0.32,35,-0.0001168149069147601
0.32,36,0.0007036180224986337
0.32,37,-0.0004088943052263947
0.32,38,-0.0029592957433266158
0.32,39,-0.000678467259278733
0.32,40,-0.0013906734415849123
0.32,41,0.0004254815791610122
0.32,42,0.0002398160675853562
0.32,43,0.0011468222416167518
0.32,44,0.0013859942651881243
0.32,45,0.0013449166956976061
0.32,46,-0.0002398304355473059
0.32,47,0.001384769966365955
0.32,48,-0.0007438746250248803
0.32,49,0.0010981114279346865
0.32,50,-0.0001119749158840051
0.32,51,0.000465089303457833
0.32,52,0.0009116036694101715
0.32,53,0.0005518427175894868
0.32,54,-0.0007295439732763696
0.32,55,0.0018285089115129844
0.32,56,0.00045086899726011487
0.32,57,0.0007980943191780653
0.32,58,0.0018034695720474784
0.32,59,-0.00011496926473405177
0.32,60,-0.001342013649278252
0.32,61,-0.00027485069700734094
0.32,62,0.00180816945702076
0.32,63,-0.0011339243805040787
0.32,64,-0.0001713394889371681
0.32,65,0.0007244100274628302
0.32,66,-0.0006711945243322245
0.32,67,-0.0011966758874378234
0.32,68,0.00041144295455060575
0.32,69,-0.0009461986415794012
0.32,70,0.00026074968061876817
0.32,71,-0.0009893151014908896
0.32,72,-0.000724092431966995
0.32,73,-0.0013076118752312004
0.32,74,-0.0013400915707544234
0.32,75,0.0005261353593365772
0.32,76,-0.0024343315979913583
0.32,77,0.0002167396583046418
0.32,78,-0.0011351376058758315
0.32,79,-0.00033744174648748013
0.32,80,-0.0005967587461160368
0.32,81,0.0017865469139104367
0.32,82,0.0014453423539188678
0.32,83,-0.0003074629128843074
0.32,84,0.0021997897547031244
0.32,85,0.0018369652814076319
0.32,86,2.8526136377044458e-5
0.32,87,-0.0014649458921515443
0.32,88,0.0017827193034864756
0.32,89,0.0008273117842236806
0.32,90,0.0007621387905861419
0.32,91,0.001149929479191933
0.32,92,0.0019574521984242164
0.32,93,0.0005343656475513824
0.32,94,0.002536086506460405
0.32,95,0.0017218677739912975
0.32,96,-0.0008969440358782923
0.32,97,0.007070854719248946
0.32,98,0.0013006436235224147
0.32,99,-0.0006658052149937474
0.32,100,0.0016754008320470925
0.32,101,0.0012415780117823532
0.32,102,-0.000678025118957924
0.32,103,0.002952648804839172
0.32,104,-0.00011824042873667639
0.32,105,-0.000329498669893937
0.32,106,-0.0005269651989312713
0.32,107,0.0009235559084529076
0.32,108,0.0009152619967929794
0.32,109,-0.00013882045417284858
0.32,110,0.0009485542057322264
0.32,111,0.00010384709497220309
0.32,112,-0.0003250804979410133
0.32,113,5.943038571926347e-5
0.32,114,-0.00016637814201971395
0.32,115,-0.0016799126183388246
0.32,116,-0.0008588949688027169
0.32,117,-0.0016586628449429732
0.32,118,0.0006112490481050953
0.32,119,-0.001024348171942206
0.32,120,-0.0008696551776537985
0.32,121,-0.0011433074257989116
0.32,122,-0.0029258840677589895
0.32,123,-4.309214377533466e-5
0.32,124,-0.0008097005587728076
0.32,125,0.0002243183757574596
0.32,126,-0.0005274613411040633
0.32,127,-0.0008927820672590076
0.32,128,9.653550450314077e-5
0.32,129,0.0010058735544910841
0.32,130,-0.00018430198024006931
0.32,131,-0.0008894598391682686
0.32,132,0.00018363695934936505
0.32,133,-0.0003249433149774816
0.32,134,-0.00047344456158082265
0.32,135,0.0008508062592655403
0.32,136,0.0004999137286708665
0.32,137,-0.0006593079431708943
0.32,138,0.0002854472820245834
0.32,139,-4.873421610580839e-5
0.32,140,-0.00034745185148632305
0.32,141,0.0008648233349710579
0.32,142,0.0007737500673596989
0.32,143,0.00039229405102629496
0.32,144,0.0006911948442664854
0.32,145,0.0001604558506126785
0.32,146,0.0014592244048969737
0.32,147,0.0003080616224245724
0.32,148,0.0015129109923878643
0.32,149,0.0007534497463955653
0.32,150,0.0003934588744825672
0.32,151,0.0012995950548327737
0.32,152,-0.0009357815403006902
0.32,153,0.0025674718247846932
0.32,154,-0.0003456302996168392
0.32,155,0.001714708113969201
0.32,156,-0.0001224388963014864
0.32,157,7.432823017245882e-5
0.32,158,0.0004285498923569895
0.32,159,0.0013914581976814605
0.32,160,0.0007520069491309312
0.32,161,-9.309924055395837e-6
0.32,162,0.00027396314316443935
0.32,163,-0.000800071915787064
0.32,164,-0.0001372193712124888
0.32,165,-0.0008331271861712268
0.32,166,0.0009110794541041179
0.32,167,-0.0015095143958878535
0.32,168,6.685957548378995e-5
0.32,169,-0.0015359858749994138
0.32,170,-8.256059825897277e-5
0.32,171,-0.0005451113018962551
0.32,172,0.00082059203645314
0.32,173,0.0007238792373327325
0.32,174,0.002095110052305372
0.32,175,-0.000625440354292453
0.32,176,0.0002237265519317282
0.32,177,0.0015021478162875546
0.32,178,-0.00022814475322420057
0.32,179,0.0021358780666813054
0.32,180,0.0022845357032277597
0.32,181,-0.00044480444479932224
0.32,182,0.00042767016916479817
0.32,183,0.0006224095179443291
0.32,184,-0.00043467268628978253
0.32,185,0.0037726441379349355
0.32,186,0.001686115090953419
0.32,187,0.005618633328960521
0.32,188,0.002410334316197139
0.32,189,0.004700435177297109
0.32,190,0.02713894560044181
0.32,191,-0.03092051920629419
0.32,192,0.32657915559132933
0.32,193,0.00719832777421463
0.32,194,0.008092170972257654
0.32,195,-0.0019606320851467294
0.32,196,0.0004906839816329671
0.32,197,0.00010184123448573067
0.32,198,0.0004499138274335901
0.33,intercept,0.015182648882732915
0.33,1,0.0038533701149440812
0.33,2,0.0012830797725641152
0.33,3,0.001860623384320309
0.33,4,0.0018560481398440765
0.33,5,-0.00032460547410420116
0.33,6,0.0017249834899436248
0.33,7,7.778590027312231e-5
0.33,8,-0.0002719634253769176
0.33,9,0.001235282607255982
0.33,10,0.00029079048068715493
0.33,11,0.0030525764877347952
0.33,12,9.639307868710644e-5
0.33,13,-0.00019147541635700083
0.33,14,0.0006621482236998361
0.33,15,-0.0009267517282832458
0.33,16,-0.0003467492700856382
0.33,17,-0.000973106063505833
0.33,18,-0.0010961677813843384
0.33,19,5.308863533963472e-5
0.33,20,-0.0026893746271536944
0.33,21,0.000470318687122786
0.33,22,-0.0010118659991660952
0.33,23,-0.00035465944367400596
0.33,24,-0.0015003658482946184
0.33,25,-0.0013024474775280165
0.33,26,-0.0014134186557777874
0.33,27,-0.0004932826259258379
0.33,28,-0.0014317559255933835
0.33,29,0.000735198370484356
0.33,30,0.0019367049423730494
0.33,31,1.6840970624312666e-6
0.33,32,-0.00017737796933948216
0.33,33,-0.00041605689238075717
0.33,34,-0.0008046231166375354
0.33,35,-0.0004777479858280968
0.33,36,0.0010201987233373249
0.33,37,-0.0005293139040067259
0.33,38,-0.002903754915147828
0.33,39,-0.0008871789626318917
0.33,40,-0.0009543961589456553
0.33,41,0.00037014947049963877
0.33,42,0.0001711502672341125
0.33,43,0.0009821007165363672
0.33,44,0.0014487844832468365
0.33,45,0.001258108418982819
0.33,46,-0.0006560429103346983
0.33,47,0.0015503240519595468
0.33,48,-0.0005924538978764937
0.33,49,0.0008027360919250886
0.33,50,0.00015608815130099493
0.33,51,0.00033333731965966686
0.33,52,0.0008827389498676168
0.33,53,0.0004911602138091445
0.33,54,-0.00041716535006452776
0.33,55,0.0018417093251800328
0.33,56,0.0001886066610161107
0.33,57,0.0009673784720549868
0.33,58,0.0017413486941377703
0.33,59,0.00017614154804546355
0.33,60,-0.0013778501168735958
0.33,61,-0.00012826778693632025
0.33,62,0.0014764405114583484
0.33,63,-0.0010409426982872583
0.33,64,-0.0002309405365623062
0.33,65,0.0005160271098628902
0.33,66,-0.0002561707731617944
0.33,67,-0.0009917141634463533
0.33,68,-2.515945849373278e-6
0.33,69,-0.0009546411204451955
0.33,70,0.00029905013760626664
0.33,71,-0.0006536587453046735
0.33,72,-0.001114055830520239
0.33,73,-0.0005419604255093728
0.33,74,-0.0015581677940296257
0.33,75,0.0002429077045441587
0.33,76,-0.002163125830452839
0.33,77,0.00018280145768968554
0.33,78,-0.0011281894273132127
0.33,79,-0.0005154811064579026
0.33,80,-0.00036839760336250125
0.33,81,0.0017204187961980927
0.33,82,0.0017036366550857347
0.33,83,-0.000493973645536528
0.33,84,0.0019741792923338003
0.33,85,0.0016270062674654327
0.33,86,0.00021068121496795457
0.33,87,-0.0012022678842017235
0.33,88,0.0017041971751256537
0.33,89,0.001136882347217977
0.33,90,0.0007883291778511088
0.33,91,0.000804891665212231
0.33,92,0.0019087925355335998
0.33,93,0.00043740375768733404
0.33,94,0.0026748907984494356
0.33,95,0.0014887789121286773
0.33,96,-0.0007296144789237577
0.33,97,0.006574311445814989
0.33,98,0.0018133296169379062
0.33,99,-0.0005202276719851306
0.33,100,0.0014294284426752384
0.33,101,0.0013791951607774106
0.33,102,-0.0008762218397498631
0.33,103,0.003122501412059303
0.33,104,-0.00019935254267569935
0.33,105,-0.0005294257121233092
0.33,106,-0.0004146747234425095
0.33,107,0.0008373331398906183
0.33,108,0.0006687596956558685
0.33,109,0.00016220192757103086
0.33,110,0.00031486413401251104
0.33,111,0.0008805064483973794
0.33,112,-0.0004899105426729258
0.33,113,-0.00019817107890104875
0.33,114,-0.00022679623673309084
0.33,115,-0.001621366062775689
0.33,116,-0.0005812269809363871
0.33,117,-0.0018155791028406911
0.33,118,0.0007243465712148942
0.33,119,-0.0015180377849314784
0.33,120,-0.000372667823063319
0.33,121,-0.0015013577968186287
0.33,122,-0.00276703923125335
0.33,123,0.00011070269948936428
0.33,124,-0.0012770863265375416
0.33,125,0.0003985919350403657
0.33,126,-0.00034945052056174964
0.33,127,-0.001074651493239855
0.33,128,0.00024298188892049054
0.33,129,0.0011372473442525237
0.33,130,-0.0001683471026969531
0.33,131,-0.0007636789262653054
0.33,132,-6.343660870549143e-5
0.33,133,-0.00035456693325132497
0.33,134,-0.0006988832911698607
0.33,135,0.001159603189022389
0.33,136,0.0004185827190780371
0.33,137,-0.0008532009710933076
0.33,138,0.0005385457733110252
0.33,139,-0.00016206527049814935
0.33,140,0.00016471464141572709
0.33,141,0.0005158503113571147
0.33,142,0.0007127092633508852
0.33,143,0.0006612983006866668
0.33,144,0.00045665099824436934
0.33,145,0.0006442371887794473
0.33,146,0.0012155347817681052
0.33,147,0.0002702116133027317
0.33,148,0.0012187988445895867
0.33,149,0.0009292912989070436
0.33,150,0.0006012836234931536
0.33,151,0.000697549424726605
0.33,152,-0.0009267486411489771
0.33,153,0.0022732964103268525
0.33,154,0.0002743265154576601
0.33,155,0.001561706345128728
0.33,156,-0.0006206929633585812
0.33,157,0.00027655911594552755
0.33,158,0.0003312883867180047
0.33,159,0.0015341740631356277
0.33,160,0.0008065691396021927
0.33,161,0.00011199942524133657
0.33,162,-0.00018921784747714796
0.33,163,-0.0008146403252405716
0.33,164,5.2602887267072045e-5
0.33,165,-0.0008775103855319748
0.33,166,0.0008204175392062984
0.33,167,-0.0014379937937756793
0.33,168,-5.350152442140389e-6
0.33,169,-0.0016951943919475338
0.33,170,0.000559851151258169
0.33,171,-0.0006108223772817657
0.33,172,0.0011302052627677535
0.33,173,0.0006860218105744943
0.33,174,0.00211028303938172
0.33,175,-0.000909119928617416
0.33,176,0.00028225893109599774
0.33,177,0.0011507223531908616
0.33,178,-0.0005736528068036778
0.33,179,0.0020730022080719347
0.33,180,0.0030621211101036013
0.33,181,-0.00042996181902689754
0.33,182,0.0006066240316719659
0.33,183,0.00028120098767433983
0.33,184,7.392825630833096e-5
0.33,185,0.003551708846960145
0.33,186,0.0013964703442533501
0.33,187,0.005901183346264796
0.33,188,0.0021525495365254457
0.33,189,0.005478045869624229
0.33,190,0.02743515563038474
0.33,191,-0.03185931334455621
0.33,192,0.33926762970777435
0.33,193,0.00714944045621794
0.33,194,0.007939278856780555
0.33,195,-0.0019825791408054415
0.33,196,0.0004750616462874123
0.33,197,0.0001159732357672182
0.33,198,0.0004654504416618209
0.34,intercept,0.015031384705250487
0.34,1,0.0040078478004180185
0.34,2,0.0013104672277769664
0.34,3,0.0021108500719627236
0.34,4,0.0015069979871290267
0.34,5,-0.0004026108580095297
0.34,6,0.0018914548452168653
0.34,7,-0.00016021618363673987
0.34,8,-0.00013060363741313597
0.34,9,0.001200036155990691
0.34,10,0.00012477498352590907
0.34,11,0.0029199574199955686
0.34,12,0.000208239457378547
0.34,13,-0.0003584945943242449
0.34,14,0.0011709321439035112
0.34,15,-0.0006984090025093403
0.34,16,-0.0008526236387680224
0.34,17,-0.0004328608235408454
0.34,18,-0.000908038660460521
0.34,19,-6.742167795354524e-5
0.34,20,-0.002941872628823342
0.34,21,0.0002662739463381643
0.34,22,-0.0005580585177632832
0.34,23,-0.0007775899352744783
0.34,24,-0.00131155435531366
0.34,25,-0.0013507703258438233
0.34,26,-0.0013335144428018421
0.34,27,-0.00012008148490198004
0.34,28,-0.001254211478378861
0.34,29,0.00041238791457178816
0.34,30,0.0018707411795161704
0.34,31,-0.0002828840782787149
0.34,32,-0.00023470455559572646
0.34,33,-0.0004985026860349686
0.34,34,-0.000774912269912513
0.34,35,-0.0005004575949573262
0.34,36,0.0007738787352687231
0.34,37,-0.0006349711009810597
0.34,38,-0.002815578848695987
0.34,39,-0.0006102901786482285
0.34,40,-0.000889259890332216
0.34,41,0.00017893944702165353
0.34,42,6.980904074351671e-5
0.34,43,0.001247667098472859
0.34,44,0.0013440125113099947
0.34,45,0.0016922170187531835
0.34,46,-0.0009497666205301195
0.34,47,0.0015147486961456004
0.34,48,-0.000386458599186948
0.34,49,0.0008411957503633717
0.34,50,-7.223315347599656e-5
0.34,51,0.0005448114239267009
0.34,52,0.0007438050429315029
0.34,53,0.0008871772858706007
0.34,54,-0.0008597996048767786
0.34,55,0.0019245919882170024
0.34,56,7.65040146919301e-5
0.34,57,0.0008530626550277449
0.34,58,0.0015573954833273944
0.34,59,0.0004900450121431033
0.34,60,-0.0010897233341894306
0.34,61,-0.00035085774743252054
0.34,62,0.0014424841347699853
0.34,63,-0.001138484445088441
0.34,64,-4.699513700336045e-5
0.34,65,0.00025051137933511223
0.34,66,-0.000625032810750704
0.34,67,-0.0009915722113702603
0.34,68,0.0001948821717351202
0.34,69,-0.0009880130749528736
0.34,70,0.0008300731721508583
0.34,71,-0.0007924727066401751
0.34,72,-0.001266366056211099
0.34,73,-0.0005052747915843068
0.34,74,-0.0011961476004538458
0.34,75,3.0976032686420495e-5
0.34,76,-0.0016730580875537646
0.34,77,2.733962719477595e-5
0.34,78,-0.001135727770632269
0.34,79,-0.00042019596110299737
0.34,80,0.00022254229126730614
0.34,81,0.0010743649774944645
0.34,82,0.00208131067117121
0.34,83,-0.0005993414809797883
0.34,84,0.0019942371187087727
0.34,85,0.001244745115583455
0.34,86,0.000467657816429281
0.34,87,-0.001190280205589711
0.34,88,0.0015350890885359753
0.34,89,0.001608247122186924
0.34,90,0.00033233849177030845
0.34,91,0.00032760549838137617
0.34,92,0.0019290373532572015
0.34,93,0.00025074633770423777
0.34,94,0.003251729511220586
0.34,95,0.0013502926878438603
0.34,96,-0.00051191288109342
0.34,97,0.0066529961608341815
0.34,98,0.0014841893517279741
0.34,99,-0.0008241524973886506
0.34,100,0.00115544895055461
0.34,101,0.0019388126516771645
0.34,102,-0.0012463759463510154
0.34,103,0.003195324639973513
0.34,104,0.0004311534301549599
0.34,105,-0.0006909467669641273
0.34,106,-0.00026855546995553544
0.34,107,0.00046344417667436907
0.34,108,0.0007833715883176701
0.34,109,0.00030104945768031374
0.34,110,0.0003451598410088989
0.34,111,0.0007495668051107676
0.34,112,-0.0003495457450297725
0.34,113,-0.0002723578016021512
0.34,114,-0.0006484971372917737
0.34,115,-0.001049195752477083
0.34,116,-0.0004552096707135257
0.34,117,-0.001636152786720504
0.34,118,0.0002944443454702542
0.34,119,-0.0014996396088209306
0.34,120,0.00015521862604377226
0.34,121,-0.001975876667978432
0.34,122,-0.0024195350573485925
0.34,123,-0.0005083972236585172
0.34,124,-0.0010237703200896072
0.34,125,0.0002448005478078948
0.34,126,-0.00021784034130146616
0.34,127,-0.0010548249171173718
0.34,128,0.00012998742565949469
0.34,129,0.0013449224952126468
0.34,130,-0.00029768407430757105
0.34,131,-0.0004726297728424396
0.34,132,-5.4055001644221675e-5
0.34,133,-0.00034757205501701426
0.34,134,-0.0008302030882795898
0.34,135,0.0016296221507026579
0.34,136,7.340363187433495e-6
0.34,137,-0.0007724086135317489
0.34,138,0.0004490309145721387
0.34,139,-0.00021779863043177376
0.34,140,0.0005329609839798131
0.34,141,8.358257412565453e-5
0.34,142,0.0009137783547746202
0.34,143,0.0009852649344848732
0.34,144,0.0002713395495289881
0.34,145,0.0007489673010527557
0.34,146,0.0008533810959177717
0.34,147,-1.7935562875601272e-6
0.34,148,0.0013137574082677298
0.34,149,0.0007600007784171997
0.34,150,0.0008179386632400762
0.34,151,0.0006025244198799159
0.34,152,-0.0006609469335211124
0.34,153,0.002408686543078543
0.34,154,-2.1429865052551005e-5
0.34,155,0.0012794573463256393
0.34,156,-0.0002220606390986394
0.34,157,-8.97982123363884e-6
0.34,158,0.0005507582953046942
0.34,159,0.0012690473159571098
0.34,160,0.0007138324217903104
0.34,161,0.00010158236239676125
0.34,162,-0.00018048405979738814
0.34,163,-0.0006072842239137494
0.34,164,-3.663299370606073e-5
0.34,165,-0.0008965857512070452
0.34,166,0.0010759769711879712
0.34,167,-0.0014859884210406918
0.34,168,-0.0001872649823552962
0.34,169,-0.0014665374657764111
0.34,170,0.0006686632179342012
0.34,171,-0.000926031201413999
0.34,172,0.0011982548194738806
0.34,173,0.0005966833307114317
0.34,174,0.002315638764292629
0.34,175,-0.0011449028666970207
0.34,176,6.169775874714262e-5
0.34,177,0.0016307137824065586
0.34,178,-0.0007334371969929967
0.34,179,0.0019907903866750046
0.34,180,0.00293434227294269
0.34,181,-0.0005396211085635575
0.34,182,0.0008565626523420867
0.34,183,-0.00016696507790496783
0.34,184,0.00036320036051613354
0.34,185,0.0034790548884331834
0.34,186,0.0012208529144179072
0.34,187,0.006276202574819455
0.34,188,0.0022753785032008276
0.34,189,0.005737889633978557
0.34,190,0.027831048132906724
0.34,191,-0.03314253610460782
0.34,192,0.3507744958216527
0.34,193,0.007155144839199621
0.34,194,0.008131256750306686
0.34,195,-0.0019466448850075533
0.34,196,0.000470604309009389
0.34,197,0.00010392755876465626
0.34,198,0.0004692825358796303
0.35,intercept,0.0149763812901092
0.35,1,0.004124508545406313
0.35,2,0.0014278147390298795
0.35,3,0.00191512514956662
0.35,4,0.0016051643163159102
0.35,5,-0.00040806657237466275
0.35,6,0.001382602578306104
0.35,7,-0.00041856118484331266
0.35,8,0.0004153026309975988
0.35,9,0.0010771853422069258
0.35,10,0.0004783187957010834
0.35,11,0.002497008673213905
0.35,12,0.0004269018866122172
0.35,13,-0.0006284483774447639
0.35,14,0.0010051534065213241
0.35,15,-0.0006841602572174168
0.35,16,-0.000799144261118854
0.35,17,-0.0003592044680392774
0.35,18,-0.0013011205898646534
0.35,19,0.00028860506882860535
0.35,20,-0.0032545838071172777
0.35,21,0.00028954385509062094
0.35,22,-0.00048661468228544777
0.35,23,-0.000748264916380554
0.35,24,-0.0010197264171082872
0.35,25,-0.0015559566586370325
0.35,26,-0.0009848273784178003
0.35,27,0.00012841491951581918
0.35,28,-0.0018663122320388646
0.35,29,0.0005573661775530312
0.35,30,0.0019250461530976118
0.35,31,-0.0005097622426390376
0.35,32,-5.76713793336022e-5
0.35,33,-0.0007101570993946322
0.35,34,-0.0008514220848513508
0.35,35,-0.00034695646388310255
0.35,36,0.001058900484110219
0.35,37,-0.0008114421824326884
0.35,38,-0.002393221483604572
0.35,39,-0.0005445086961373181
0.35,40,-0.000970162706311725
0.35,41,0.00010333889588639207
0.35,42,0.0002358505930212785
0.35,43,0.0011827365685096885
0.35,44,0.0008634052331149468
0.35,45,0.0020231442234775127
0.35,46,-0.0013217908515359242
0.35,47,0.0016119289058536498
0.35,48,-0.00044979155572285234
0.35,49,0.0008445403936242667
0.35,50,-5.580829715584222e-5
0.35,51,0.0006015185701759198
0.35,52,0.0006074420910550684
0.35,53,0.0005343686189821509
0.35,54,-0.0005749654375118688
0.35,55,0.0018197624020681307
0.35,56,8.558790242599909e-5
0.35,57,0.001194580320496042
0.35,58,0.001043425492910444
0.35,59,0.0006852444984816177
0.35,60,-0.0006285980207338962
0.35,61,-0.0005907285108207154
0.35,62,0.0013609919115081617
0.35,63,-0.0011272659167702414
0.35,64,0.000528702664178083
0.35,65,5.2039495731938525e-5
0.35,66,-0.0008762780931041166
0.35,67,-0.0010790658069958167
0.35,68,-2.3986935618565943e-5
0.35,69,-0.0008742326138176939
0.35,70,0.0008355747290830797
0.35,71,-0.0007369979440995807
0.35,72,-0.0014496054593653945
0.35,73,-0.0005284398335443128
0.35,74,-0.0013354793590061762
0.35,75,0.0003283150186505555
0.35,76,-0.00197171871998717
0.35,77,-4.7574467310269e-5
0.35,78,-0.001247168987683065
0.35,79,-0.0006323894939430324
0.35,80,0.000378421822009322
0.35,81,0.001159946569840664
0.35,82,0.0021103396343090325
0.35,83,0.00011562914077192548
0.35,84,0.00146099507588385
0.35,85,0.001714384027022674
0.35,86,-0.00020236903270817315
0.35,87,-0.0008007190344602282
0.35,88,0.0011343108557061831
0.35,89,0.0016817825686487398
0.35,90,0.0005724914766556573
0.35,91,0.00023322738226982386
0.35,92,0.0021018451416260795
0.35,93,-5.323930774736763e-5
0.35,94,0.0034168490009564884
0.35,95,0.001670897862132872
0.35,96,-0.00018086259693967939
0.35,97,0.006365614291602443
0.35,98,0.0021120797159111995
0.35,99,-0.0009771030338203734
0.35,100,0.0012699907189374954
0.35,101,0.0015428055853591173
0.35,102,-0.0008797675495621518
0.35,103,0.0034075930900828704
0.35,104,0.000305988479625179
0.35,105,-0.0006865954624642323
0.35,106,-0.0006050186975872854
0.35,107,0.0005174832147122121
0.35,108,0.0010310863874779706
0.35,109,0.00012423398877428802
0.35,110,-4.159316996178811e-6
0.35,111,0.0012198410642504428
0.35,112,-0.0005316732459465232
0.35,113,-0.0002764412483765211
0.35,114,-0.0008989023461875378
0.35,115,-0.0008410705471812648
0.35,116,-0.00048681551664266217
0.35,117,-0.0013513379414265025
0.35,118,0.00012859612113181739
0.35,119,-0.0017345463079857545
0.35,120,0.0003262440919503275
0.35,121,-0.001959614326593009
0.35,122,-0.0021234227841676057
0.35,123,-0.00016465383956580578
0.35,124,-0.001214266657036523
0.35,125,0.0004526998116176213
0.35,126,-9.41676939572046e-5
0.35,127,-0.0011059941473561918
0.35,128,3.632773890419478e-5
0.35,129,0.001254504742226916
0.35,130,3.142807809015756e-5
0.35,131,-0.0006025259228219025
0.35,132,-1.792109609551904e-5
0.35,133,-0.0004979802376666765
0.35,134,-0.0006696446655617649
0.35,135,0.0014320727355319758
0.35,136,-0.00024214074307074985
0.35,137,-0.00017065004481254503
0.35,138,0.00021575214757736403
0.35,139,-0.00028319574487227945
0.35,140,0.00025830763194209527
0.35,141,0.00012192572590498099
0.35,142,0.0007029360316694712
0.35,143,0.0011200589429360872
0.35,144,0.00013384763394102314
0.35,145,0.0009275826035955047
0.35,146,0.0008301812673011355
0.35,147,-0.00023589687811742822
0.35,148,0.0014340394626405283
0.35,149,0.0006969313394301365
0.35,150,0.0007482312241741583
0.35,151,0.0007076161244529431
0.35,152,-0.001045861024287144
0.35,153,0.0029071919176417954
0.35,154,-0.00024848851929211034
0.35,155,0.001101117326263195
0.35,156,-0.0003699124064507416
0.35,157,0.00012042209245217587
0.35,158,0.0004747433441760194
0.35,159,0.0010428630134550726
0.35,160,0.0006548549371860641
0.35,161,6.016995605321456e-5
0.35,162,-0.0001577651205404446
0.35,163,-0.0005726038286406837
0.35,164,-0.00023600371314357578
0.35,165,-0.0008822310557025067
0.35,166,0.001091425963500871
0.35,167,-0.0016402473797165833
0.35,168,-9.339722691866535e-5
0.35,169,-0.0014168208190885562
0.35,170,0.0005478303969816165
0.35,171,-0.0010999086984439463
0.35,172,0.001678916109720454
0.35,173,0.0008682948970906122
0.35,174,0.0019435781346208707
0.35,175,-0.001398822267610812
0.35,176,0.0001626502084721912
0.35,177,0.001795124394408232
0.35,178,-0.0008949646389953953
0.35,179,0.0023728588519383695
0.35,180,0.0027576568543495124
0.35,181,-0.00048456346010879045
0.35,182,0.0005837494312155203
0.35,183,0.00015823333348792822
0.35,184,0.0008153946724087772
0.35,185,0.003496950475934223
0.35,186,0.000904370716484234
0.35,187,0.006283541978544341
0.35,188,0.0021852163131592887
0.35,189,0.005550969314584396
0.35,190,0.02724181944497594
0.35,191,-0.033047340336344884
0.35,192,0.3626279566748554
0.35,193,0.007514653774902046
0.35,194,0.007782090263594127
0.35,195,-0.001957703365602415
0.35,196,0.0005013847430460731
0.35,197,0.00014538833586192745
0.35,198,0.0004936699429897884
0.36,intercept,0.014661075830053761
0.36,1,0.004163798962871788
0.36,2,0.0008655901596445329
0.36,3,0.0020609859066584046
0.36,4,0.0016550461174711286
0.36,5,-0.0005629354915874798
0.36,6,0.0016290147457035584
0.36,7,-0.0004722537047395352
0.36,8,0.0004358164002064751
0.36,9,0.0010657884006908436
0.36,10,0.00033678886843762685
0.36,11,0.002643853507874332
0.36,12,0.00036573632050646357
0.36,13,-0.0009291863913692287
0.36,14,0.0009887532368861
0.36,15,-0.0007466380517600179
0.36,16,-0.0008968350411592976
0.36,17,-6.909567924394116e-5
0.36,18,-0.0011712739286070348
0.36,19,0.0003198064569672101
0.36,20,-0.003180556407049851
0.36,21,3.446088728090937e-5
0.36,22,-0.0004707673408332409
0.36,23,-0.0009274922206149193
0.36,24,-0.0003645362750188743
0.36,25,-0.0019080475615007603
0.36,26,-0.00079449383499702
0.36,27,0.0002502447268031116
0.36,28,-0.0016408194361819447
0.36,29,0.0006854392758765331
0.36,30,0.0020118939394988275
0.36,31,-0.0006132292723734377
0.36,32,-0.000428229469591158
0.36,33,3.204686445650634e-5
0.36,34,-0.0010024714248626952
0.36,35,-0.0006385737064119252
0.36,36,0.0010413573121291376
0.36,37,-0.0006936004062477317
0.36,38,-0.0024519275534845082
0.36,39,-0.00016153965173344633
0.36,40,-0.001117088553161673
0.36,41,0.0006367333532688618
0.36,42,2.942229528666095e-5
0.36,43,0.001031831348516967
0.36,44,0.0010769272109037082
0.36,45,0.0018984981931347172
0.36,46,-0.0012149515043041368
0.36,47,0.0013114886149764035
0.36,48,-0.00011410766895656191
0.36,49,0.0009121473272401257
0.36,50,-0.0001481589703829199
0.36,51,0.00045854802921069606
0.36,52,0.0008097395224667377
0.36,53,0.0004034064917517445
0.36,54,-0.00030358611518162997
0.36,55,0.001964286550766492
0.36,56,-0.0002017227611100922
0.36,57,0.0013631086501787997
0.36,58,0.000933035146824426
0.36,59,0.0006888922060756444
0.36,60,-0.0007672799968290531
0.36,61,-0.0001556477686798787
0.36,62,0.0011802781246759598
0.36,63,-0.0011400219336393205
0.36,64,0.0003866747931697712
0.36,65,-0.00019128477048654298
0.36,66,-0.00044209242896813553
0.36,67,-0.0014822837215536764
0.36,68,0.0002809017853144458
0.36,69,-0.0011659649761677719
0.36,70,0.0007777030611512261
0.36,71,-0.0007012810629312499
0.36,72,-0.001534659876814267
0.36,73,-0.0005955699799081118
0.36,74,-0.001594004491858813
0.36,75,0.00047146353439573495
0.36,76,-0.0020411068538657333
0.36,77,0.00031387240472110616
0.36,78,-0.001023910711624724
0.36,79,-0.0006204528521613809
0.36,80,0.000738324289426837
0.36,81,0.0009054859952718556
0.36,82,0.0018344300903481428
0.36,83,0.00029411379538289007
0.36,84,0.0010686773623327219
0.36,85,0.0017591178553678965
0.36,86,-0.00013491446526733264
0.36,87,-0.0008174960574464518
0.36,88,0.0009344016083821183
0.36,89,0.00230677736724303
0.36,90,0.0007242005064124329
0.36,91,-0.0002606238411191949
0.36,92,0.0023104660405222294
0.36,93,-0.00032017043275302487
0.36,94,0.003589872832470726
0.36,95,0.0015694948956619815
0.36,96,-0.0005369958620449617
0.36,97,0.006706013702313744
0.36,98,0.00189259177405803
0.36,99,-0.0003212945651644458
0.36,100,0.0009196404281944954
0.36,101,0.0012688020543045984
0.36,102,-0.0005863423028583195
0.36,103,0.0033667988121637623
0.36,104,0.0005429668452387498
0.36,105,-0.0006525318824827256
0.36,106,-0.000886458211770574
0.36,107,0.0006531661533887773
0.36,108,0.0007481838411843862
0.36,109,0.000644347764676025
0.36,110,-0.0003329474782936626
0.36,111,0.0018114417941643294
0.36,112,-0.0007932578116467904
0.36,113,-0.00027129630619807446
0.36,114,-0.001121432724479952
0.36,115,-0.0006795293878958776
0.36,116,-0.0003501819360696463
0.36,117,-0.0012407753443380934
0.36,118,0.0003237234935818413
0.36,119,-0.0019080823898994716
0.36,120,0.00030872900351880004
0.36,121,-0.0016480794752607628
0.36,122,-0.002260134258051621
0.36,123,-9.814267377900229e-5
0.36,124,-0.0015934139601143935
0.36,125,0.0006228894495297031
0.36,126,0.0002849507514384555
0.36,127,-0.0014460770614279509
0.36,128,3.184332471923815e-7
0.36,129,0.0012340960013603255
0.36,130,-5.530645717619867e-5
0.36,131,-0.001007564110673993
0.36,132,0.0001468323631786622
0.36,133,-0.0005982903180816945
0.36,134,-0.0004235509175347174
0.36,135,0.0015280213013688835
0.36,136,-0.0002959241641064063
0.36,137,-0.00020453770596123792
0.36,138,0.0004699749955372719
0.36,139,-9.834174654172708e-5
0.36,140,3.750524841583464e-5
0.36,141,-3.452932313095343e-5
0.36,142,0.0007182982534192474
0.36,143,0.0010742825275545608
0.36,144,0.0002174623081844136
0.36,145,0.0008967398718374377
0.36,146,0.0006406232385356022
0.36,147,-4.512836625485347e-5
0.36,148,0.0012697832755618047
0.36,149,0.00063917031330816
0.36,150,0.0007612336061607546
0.36,151,0.0008450224681041248
0.36,152,-0.0015519148887597773
0.36,153,0.0033883026023150886
0.36,154,-0.0006744220813419067
0.36,155,0.001593111330770978
0.36,156,-0.0007622841834281284
0.36,157,0.00013372212485341056
0.36,158,0.0004335878967396618
0.36,159,0.0012137964544445773
0.36,160,0.000674827873022595
0.36,161,0.0003999987578108542
0.36,162,-0.00015513349946601144
0.36,163,-0.0005444469564736163
0.36,164,-0.00024405769884563644
0.36,165,-0.00103754344353226
0.36,166,0.0011241122827389326
0.36,167,-0.0018856890300385453
0.36,168,4.587286557852363e-5
0.36,169,-0.0014870390353038914
0.36,170,0.0005655074830874349
0.36,171,-0.0012489965412689548
0.36,172,0.00238462692491935
0.36,173,0.0006668749841448129
0.36,174,0.002081356570413715
0.36,175,-0.0016482468258175748
0.36,176,0.0002935198961543681
0.36,177,0.0018243788371133354
0.36,178,-0.0011770724823461985
0.36,179,0.0019481256216615547
0.36,180,0.0032227303256394044
0.36,181,-0.00046950291953857165
0.36,182,0.00036138197504457825
0.36,183,0.0007422319249739389
0.36,184,0.0007401031622508731
0.36,185,0.0035990028650049375
0.36,186,0.0011134737353316261
0.36,187,0.006098388646326102
0.36,188,0.002266031971751495
0.36,189,0.0058607436657934844
0.36,190,0.02691497315318469
0.36,191,-0.03378669722205422
0.36,192,0.37541923170698066
0.36,193,0.0076370894604620935
0.36,194,0.00822262268113655
0.36,195,-0.001933326046532744
0.36,196,0.0004911431077364073
0.36,197,0.0001172680416767621
0.36,198,0.000478603716065484
0.37,intercept,0.014500840697781098
0.37,1,0.003921433043370644
0.37,2,0.0009293832818006635
0.37,3,0.0019337428325075538
0.37,4,0.0017749095537919301
0.37,5,-0.0003284296836904396
0.37,6,0.0013819427907236195
0.37,7,-0.00039860883547381746
0.37,8,0.0005023223955800634
0.37,9,0.0012667082257852727
0.37,10,0.00023704618584063802
0.37,11,0.0025885916416472808
0.37,12,0.00038850730438463605
0.37,13,-0.0009615318458590733
0.37,14,0.0007631798000990431
0.37,15,-0.0004337867041232339
0.37,16,-0.0009975289139248624
0.37,17,-9.843138465696151e-5
0.37,18,-0.0015797535367453144
0.37,19,0.00035784225055260073
0.37,20,-0.0031819439881010936
0.37,21,-0.00012990873140746894
0.37,22,-0.0004782043094454922
0.37,23,-0.0006537042723356167
0.37,24,2.0900743639413496e-6
0.37,25,-0.0017794697844341323
0.37,26,-0.0006824955238096813
0.37,27,8.363495224676411e-5
0.37,28,-0.0018213071118209586
0.37,29,0.0008779678028264811
0.37,30,0.0019210641585482534
0.37,31,-0.0005210026109881247
0.37,32,-0.0004424559651117627
0.37,33,-0.0005390675811231807
0.37,34,-0.0008739491224510837
0.37,35,-0.000613510771109676
0.37,36,0.0011082605171437105
0.37,37,-0.000273321178316576
0.37,38,-0.0026373251501358268
0.37,39,-0.00017722873697610897
0.37,40,-0.0005984569286586303
0.37,41,0.00030884618477121806
0.37,42,-3.073380217513383e-5
0.37,43,0.0009860612423444025
0.37,44,0.0011778894621986748
0.37,45,0.0018714639392439407
0.37,46,-0.0011004312367441282
0.37,47,0.001416161836520509
0.37,48,-0.0005194106433343508
0.37,49,0.001182183952725441
0.37,50,-3.353215405710344e-5
0.37,51,0.00037200081377204507
0.37,52,0.0006063502232272171
0.37,53,0.000525069601246685
0.37,54,-0.0004462334087795445
0.37,55,0.0022572099412260225
0.37,56,0.00011812444650696597
0.37,57,0.0011611395847446076
0.37,58,0.0011722390904166605
0.37,59,0.0001777161763330367
0.37,60,-0.0003272802503120278
0.37,61,-0.0003299086522243363
0.37,62,0.0006992645224237462
0.37,63,-0.0007425633127105689
0.37,64,0.0004698002854178543
0.37,65,1.018227049633075e-5
0.37,66,-0.000937007187266695
0.37,67,-0.0010660093339713607
0.37,68,0.0001464348231649984
0.37,69,-0.0011795745409752807
0.37,70,0.0006664240872743827
0.37,71,-0.0003348085447171372
0.37,72,-0.0015549061718246075
0.37,73,-0.0005322969648328144
0.37,74,-0.0016723889993175947
0.37,75,0.00040494570185388293
0.37,76,-0.0021990444554075383
0.37,77,0.0006951954049586824
0.37,78,-0.0013987262206693635
0.37,79,-0.0007321791633524513
0.37,80,0.0005986963217511915
0.37,81,0.0010639354219760706
0.37,82,0.0012676962054099395
0.37,83,0.000233640340343315
0.37,84,0.0013117272695803476
0.37,85,0.0016302446394416577
0.37,86,0.0001785752317719055
0.37,87,-0.0008192234608060041
0.37,88,0.0008015489527561755
0.37,89,0.002026362505777342
0.37,90,0.0007107210318212703
0.37,91,-0.00024913479300291987
0.37,92,0.0023746053753987274
0.37,93,-0.00027006935417706897
0.37,94,0.003490139134582582
0.37,95,0.0013953431892188139
0.37,96,-0.0010562598342840693
0.37,97,0.007131261615984047
0.37,98,0.0017891915538025473
0.37,99,-0.00010681775924738795
0.37,100,0.0009576089635313997
0.37,101,0.000994086465769004
0.37,102,-0.0005706735464855461
0.37,103,0.003250033712285204
0.37,104,0.0007416693816563297
0.37,105,-0.0006392295857382365
0.37,106,-0.0006654837801257967
0.37,107,0.000872487217638092
0.37,108,0.0005869198698000592
0.37,109,0.0007921997978212261
0.37,110,-0.00029123230733732724
0.37,111,0.0016600465895446645
0.37,112,-0.0009084417801134689
0.37,113,-0.00019854232039528117
0.37,114,-0.0009567270817368883
0.37,115,-0.0007482653117387252
0.37,116,-0.0005211337946442421
0.37,117,-0.0010944528388452304
0.37,118,0.00023751263791169856
0.37,119,-0.0021147912991213063
0.37,120,0.00017337668364036056
0.37,121,-0.0014768257066392712
0.37,122,-0.0020382602820520524
0.37,123,-3.814991841040908e-5
0.37,124,-0.0015493571427811362
0.37,125,0.00024238085410257983
0.37,126,0.00048326167846750426
0.37,127,-0.0015448721089210235
0.37,128,6.977725621533698e-5
0.37,129,0.0008978424884302933
0.37,130,-0.0002928079753409009
0.37,131,-0.0005959672625314368
0.37,132,0.0002449878044653697
0.37,133,-0.0006231829604358052
0.37,134,-0.00010652897647205883
0.37,135,0.001815000187696857
0.37,136,-0.00020913984989143425
0.37,137,-0.0002941244252937626
0.37,138,0.00020180102485232448
0.37,139,-9.753185807023542e-6
0.37,140,-0.00021269926010805977
0.37,141,0.00022508538624161728
0.37,142,0.0010554725329842089
0.37,143,0.000841303953637595
0.37,144,0.0001488822079240205
0.37,145,0.0007579158410188884
0.37,146,0.0005438412641047776
0.37,147,0.000196230097929699
0.37,148,0.0011275812034035337
0.37,149,0.0007193075734760358
0.37,150,0.0004944648612566873
0.37,151,0.001101252149444789
0.37,152,-0.0015810453431050104
0.37,153,0.0030317356533364156
0.37,154,-0.0007657603183399739
0.37,155,0.0016864841151346742
0.37,156,-0.0008388028483492649
0.37,157,0.00039019579200296183
0.37,158,0.00029751812066612486
0.37,159,0.001220481096587143
0.37,160,0.000872914438466734
0.37,161,0.000197213433223227
0.37,162,2.1980951368012274e-6
0.37,163,-0.000672601957153897
0.37,164,-0.0002585739977294838
0.37,165,-0.001021001015124142
0.37,166,0.001443865873062178
0.37,167,-0.0022135256503992068
0.37,168,-7.498783487270257e-6
0.37,169,-0.001477954707196398
0.37,170,0.0008836836287363464
0.37,171,-0.0015591511984937995
0.37,172,0.002476658580227792
0.37,173,0.0004037760675836415
0.37,174,0.0018717838168578896
0.37,175,-0.0012183162198963358
0.37,176,0.00024587873386455077
0.37,177,0.0018285390778325188
0.37,178,-0.0010861677724074558
0.37,179,0.0021100721103779877
0.37,180,0.002847108238293205
0.37,181,1.4355131783824807e-5
0.37,182,0.00046331557057079293
0.37,183,0.00024105233396843248
0.37,184,0.001595557482274174
0.37,185,0.002937412918274139
0.37,186,0.001785958285424757
0.37,187,0.005824923169569824
0.37,188,0.0024437786774816656
0.37,189,0.005454385408750002
0.37,190,0.026750281652383447
0.37,191,-0.03465598977796038
0.37,192,0.3884938952699075
0.37,193,0.007982687830050936
0.37,194,0.008101983170807734
0.37,195,-0.00197318323561982
0.37,196,0.0004900397173037338
0.37,197,0.00011756832776584243
0.37,198,0.0004829048040358216
0.38,intercept,0.01431285679504599
0.38,1,0.003934331403986696
0.38,2,0.0008678943674725592
0.38,3,0.0024388624554417485
0.38,4,0.0014604970837474494
0.38,5,-0.0001373886541035484
0.38,6,0.0013199824957155937
0.38,7,-0.0002781599537958547
0.38,8,0.0002880859026339175
0.38,9,0.0012056950417815313
0.38,10,0.0003006085076400721
0.38,11,0.002498947069195258
0.38,12,0.000255200090048037
0.38,13,-0.0009091167058695081
0.38,14,0.0007553476795998461
0.38,15,-0.0006039367433250972
0.38,16,-0.0007367352838200563
0.38,17,-1.8153923202266913e-5
0.38,18,-0.0014840216497016428
0.38,19,0.00017578263533337606
0.38,20,-0.0031432443039682858
0.38,21,-0.00034910788893643925
0.38,22,-0.0004313206987401111
0.38,23,-0.0006580192841575545
0.38,24,0.0004496971302653178
0.38,25,-0.002013679404015203
0.38,26,-0.000502416939760775
0.38,27,-7.345336976011222e-5
0.38,28,-0.0015929562265861032
0.38,29,0.0007873669054455183
0.38,30,0.0020550969741638505
0.38,31,-0.0007902199016433728
0.38,32,-0.0004470244442752572
0.38,33,-0.00044159656920609924
0.38,34,-0.0008570892614894048
0.38,35,-0.0008634358090922598
0.38,36,0.0009604521994112736
0.38,37,0.0002693075667558173
0.38,38,-0.0027208309345393214
0.38,39,6.614147473546786e-5
0.38,40,-0.0007264002801485695
0.38,41,0.00044134751585856694
0.38,42,0.0001831208409564229
0.38,43,0.0008310477830636838
0.38,44,0.0013632113529446783
0.38,45,0.001927420509762465
0.38,46,-0.0010900957393790776
0.38,47,0.0013795222244385786
0.38,48,-0.0006539780985042271
0.38,49,0.0012117349585914117
0.38,50,-0.0001721915896145309
0.38,51,0.000368496273551007
0.38,52,0.0004682258720324242
0.38,53,0.00081718126591572
0.38,54,-0.000615702940084591
0.38,55,0.0024299696712821012
0.38,56,-0.00010342295517689213
0.38,57,0.001204686728548767
0.38,58,0.0007645678745743728
0.38,59,0.0005042969231644441
0.38,60,-0.0006127818803653234
0.38,61,-0.0002201294041619943
0.38,62,0.0007828643964868995
0.38,63,-0.00027871118715901437
0.38,64,7.578348197291365e-5
0.38,65,8.348050024969687e-5
0.38,66,-0.0006710345611693219
0.38,67,-0.0012667420078405712
0.38,68,-3.119621049160287e-5
0.38,69,-0.0008437578735844598
0.38,70,0.00046685476264744124
0.38,71,-0.0004975541196170589
0.38,72,-0.0012876817692198984
0.38,73,-0.0006902242224988867
0.38,74,-0.0015230795168582826
0.38,75,8.825697727598808e-5
0.38,76,-0.0020298269890972422
0.38,77,0.0006110203417640665
0.38,78,-0.0013297297483402225
0.38,79,-0.0006126972083103273
0.38,80,0.0005088982705149478
0.38,81,0.00134442663266094
0.38,82,0.001214712653773468
0.38,83,5.389460783687792e-5
0.38,84,0.0015105993643275333
0.38,85,0.0018920004458982099
0.38,86,-0.0002133121646636323
0.38,87,-0.0008214243583726441
0.38,88,0.0012644611839264187
0.38,89,0.0015318438620237041
0.38,90,0.0007615610981551575
0.38,91,-0.0006064283816253017
0.38,92,0.0023204975208697518
0.38,93,-6.75255133450585e-5
0.38,94,0.003085317438713139
0.38,95,0.002309354169066444
0.38,96,-0.0013803194730956064
0.38,97,0.007485491534355303
0.38,98,0.001380599726261129
0.38,99,0.00024591982116407406
0.38,100,0.0005971210640351478
0.38,101,0.001031770112615226
0.38,102,-0.0005066425790255682
0.38,103,0.003026755063851219
0.38,104,0.0006613783287687889
0.38,105,-0.000686956725697344
0.38,106,-0.0007944084751280613
0.38,107,0.0008029543211189923
0.38,108,0.0005837067711164032
0.38,109,0.0005417699320887632
0.38,110,-0.0002020907691942073
0.38,111,0.0016334574516510614
0.38,112,-0.0007788959402968594
0.38,113,-0.00030369770044656367
0.38,114,-0.0007713889996055406
0.38,115,-0.0006514595737176042
0.38,116,-0.0006160806441492147
0.38,117,-0.000759726686578904
0.38,118,-4.160113405567829e-5
0.38,119,-0.0020014524514502903
0.38,120,0.00039513041122313117
0.38,121,-0.0016886372899650429
0.38,122,-0.0017216980247596332
0.38,123,-0.0004524282156387068
0.38,124,-0.00127044122998079
0.38,125,5.025456548932514e-5
0.38,126,0.000490878137709547
0.38,127,-0.0011345025815795496
0.38,128,0.0004788369450925601
0.38,129,0.00047331035380436016
0.38,130,-0.00017403743271591612
0.38,131,-0.00046516645748741154
0.38,132,0.00025012058859258087
0.38,133,-0.0005580232192832793
0.38,134,-0.00013239331638147095
0.38,135,0.001895408045389609
0.38,136,-0.00027926237637600795
0.38,137,-0.00026136069735118464
0.38,138,9.049306728874752e-5
0.38,139,-3.599007819867728e-5
0.38,140,-0.00025369914694202243
0.38,141,0.00011342380608937745
0.38,142,0.0010820418186048963
0.38,143,0.0007648140767617559
0.38,144,-0.0001243681058303714
0.38,145,0.0005668783153635187
0.38,146,0.0010191679870675946
0.38,147,-0.00025267163614557734
0.38,148,0.0014880713336717778
0.38,149,0.0007896145144749208
0.38,150,0.00036483803230723515
0.38,151,0.0011806390669855788
0.38,152,-0.001750240650225129
0.38,153,0.0030050534077751593
0.38,154,-0.0007455331686644513
0.38,155,0.001566432080884195
0.38,156,-0.0009187835639890126
0.38,157,0.00029283976741707626
0.38,158,0.0004731790427354718
0.38,159,0.0014781559714620296
0.38,160,0.0007755425183326413
0.38,161,-0.00015388114187686472
0.38,162,0.0004997478625884643
0.38,163,-0.0008184088709217966
0.38,164,-0.0004240313499775791
0.38,165,-0.0008803708281115601
0.38,166,0.0016608967563926608
0.38,167,-0.0021720751407787752
0.38,168,-9.986940359361326e-5
0.38,169,-0.0014934398449166593
0.38,170,0.000926549556439251
0.38,171,-0.0013574731590527698
0.38,172,0.002314373410739201
0.38,173,0.00046256734445694365
0.38,174,0.001987482991159691
0.38,175,-0.001413777332428802
0.38,176,0.00010800702286301438
0.38,177,0.0018495280446186493
0.38,178,-0.001224545960207091
0.38,179,0.002395483680756793
0.38,180,0.002535303620832258
0.38,181,-0.00024053312208977646
0.38,182,0.0006574077779414361
0.38,183,-0.00016450637784609282
0.38,184,0.0016744477242807883
0.38,185,0.0029293903441278686
0.38,186,0.001231141221197896
0.38,187,0.005837429162810221
0.38,188,0.003256057706779787
0.38,189,0.0057464533626758775
0.38,190,0.027495842226781808
0.38,191,-0.035485280779299695
0.38,192,0.39999589865079876
0.38,193,0.00792838127685332
0.38,194,0.008087597751575427
0.38,195,-0.002000904857617718
0.38,196,0.0004572716886000814
0.38,197,9.64948507919437e-5
0.38,198,0.0005078548040445725
0.39,intercept,0.014019569928961795
0.39,1,0.0038442509673475133
0.39,2,0.0010143029716438998
0.39,3,0.002608802968980092
0.39,4,0.0012511773203931443
0.39,5,0.00013541023268543898
0.39,6,0.0008547020650083152
0.39,7,1.4258506512786469e-5
0.39,8,0.00033746253083635807
0.39,9,0.0012831455799615626
0.39,10,-0.00018788018074201543
0.39,11,0.0027116427473923826
0.39,12,0.0006670304149699067
0.39,13,-0.0007227603448315576
0.39,14,0.0008065395804528227
0.39,15,-0.0006825170922989018
0.39,16,-0.0013889568171390498
0.39,17,0.00033559835480212295
0.39,18,-0.0014575896785202023
0.39,19,0.0007838243935153981
0.39,20,-0.003435735742354475
0.39,21,-0.00015314481721762373
0.39,22,-0.0004214437443476237
0.39,23,-0.0003583582434480831
0.39,24,0.00038454302848667905
0.39,25,-0.002176122209838563
0.39,26,-0.0005740898588090644
0.39,27,0.00012865378371616974
0.39,28,-0.0014320812035716604
0.39,29,0.0002236783684737071
0.39,30,0.0021369939285226327
0.39,31,-0.0006989476404957177
0.39,32,-0.00028129273252088443
0.39,33,-0.0008318596040257377
0.39,34,-0.0009315280935485295
0.39,35,-0.0009911916923175555
0.39,36,0.0014346645684896113
0.39,37,6.424617876862906e-5
0.39,38,-0.0022852552467086014
0.39,39,0.0006277561175275734
0.39,40,-0.0010785769327169294
0.39,41,0.0005083656453411034
0.39,42,6.095131642709285e-5
0.39,43,0.0009213129447953539
0.39,44,0.0014547989331283688
0.39,45,0.0016012761738354712
0.39,46,-0.000915294768617076
0.39,47,0.0008874787170207774
0.39,48,-0.00037884776701697443
0.39,49,0.0010742731028361195
0.39,50,-2.3232848349905313e-5
0.39,51,0.00020662036205749103
0.39,52,0.00036039970572634234
0.39,53,0.0009021013302213491
0.39,54,-0.0007046153739146441
0.39,55,0.002219199542753926
0.39,56,-0.0002631052689557631
0.39,57,0.0015604499573299646
0.39,58,0.0009757534634683109
0.39,59,0.00043265194895639923
0.39,60,-0.0005622485552768682
0.39,61,-0.0003011609176518244
0.39,62,0.0010536777285629368
0.39,63,-0.00037159327797243487
0.39,64,0.00011277955566621803
0.39,65,-0.00022410312402783032
0.39,66,-0.00038754550770264576
0.39,67,-0.001617090035707796
0.39,68,0.000199723128628598
0.39,69,-0.0009121077198861549
0.39,70,0.0005288109157622064
0.39,71,-0.00031743405906001996
0.39,72,-0.001182347663729617
0.39,73,-0.0010005173510761137
0.39,74,-0.0017506071224028285
0.39,75,0.00019124826259017428
0.39,76,-0.001824314056069545
0.39,77,0.0008272785904625045
0.39,78,-0.0015230113111641393
0.39,79,-0.00022265110279650994
0.39,80,0.00014723360391429585
0.39,81,0.0013198018179342253
0.39,82,0.00127626420249752
0.39,83,0.00048670224754624163
0.39,84,0.001046504511112114
0.39,85,0.0021889940203677636
0.39,86,9.476029833046582e-5
0.39,87,-0.0008469458852244215
0.39,88,0.0011904231721369001
0.39,89,0.001142732308400597
0.39,90,0.0007434840060064009
0.39,91,-0.00013694906511973651
0.39,92,0.002105209544613272
0.39,93,0.000336387649960876
0.39,94,0.0028194324039820854
0.39,95,0.0025074748250866106
0.39,96,-0.0017855525001698827
0.39,97,0.007989704978683065
0.39,98,0.0014186315012782473
0.39,99,0.00023833474516391363
0.39,100,0.0005033406511672352
0.39,101,0.0010054419094734151
0.39,102,-0.00039583274135330143
0.39,103,0.002743736787066545
0.39,104,0.0007404765603762507
0.39,105,-0.0011205265801445383
0.39,106,-0.001084518815808267
0.39,107,0.0010596772326486132
0.39,108,0.00043803260865099146
0.39,109,0.0004561130131304424
0.39,110,-0.0006867543097216884
0.39,111,0.001758926772175606
0.39,112,-0.0006930133552598037
0.39,113,-0.0002480141505036777
0.39,114,-0.0008806994803116464
0.39,115,1.7219935852564225e-5
0.39,116,-0.0007799610513943825
0.39,117,-0.0005961921405971558
0.39,118,0.00016042503659199266
0.39,119,-0.002084722289067396
0.39,120,0.0004411532975639906
0.39,121,-0.0017299274286852048
0.39,122,-0.0016909821012062406
0.39,123,-0.0007031681153836012
0.39,124,-0.0014530568948485894
0.39,125,0.0002776535604973117
0.39,126,0.0002928058343726573
0.39,127,-0.0011943460917741237
0.39,128,0.0005775269487191304
0.39,129,0.0005049004422549384
0.39,130,-0.0001228797218878751
0.39,131,-6.318632783507887e-5
0.39,132,-0.0002628103470877334
0.39,133,-0.0003311416340395132
0.39,134,-0.0003628659643332755
0.39,135,0.0018254671648596068
0.39,136,-0.00011705969517811462
0.39,137,-0.0003077048144779391
0.39,138,0.00014830590809995604
0.39,139,-0.0003446531542465116
0.39,140,-0.0001294450217231859
0.39,141,-7.349736986144811e-5
0.39,142,0.0010677831413443979
0.39,143,0.0007190430771524944
0.39,144,-0.00020806127875088845
0.39,145,0.0008043167055248937
0.39,146,0.0007702248912729172
0.39,147,-5.158276146576511e-6
0.39,148,0.0015693949670755832
0.39,149,0.0005421132499558101
0.39,150,0.00036212367060900995
0.39,151,0.0012352477001682496
0.39,152,-0.0016854626135004048
0.39,153,0.002907826071259266
0.39,154,-0.0008586760548470223
0.39,155,0.0017115956046248866
0.39,156,-0.0009087441282113589
0.39,157,0.0005281928263698487
0.39,158,2.480564303017668e-5
0.39,159,0.0015055023379961154
0.39,160,0.0003545614450448795
0.39,161,-0.0002384053468177089
0.39,162,0.0006093752118104825
0.39,163,-0.0006920982124677945
0.39,164,-0.00027331434727385424
0.39,165,-0.000229710792062478
0.39,166,0.0011492580055236742
0.39,167,-0.0019986412416451603
0.39,168,0.00010066233483568635
0.39,169,-0.0015254885852624145
0.39,170,0.0009443211556307839
0.39,171,-0.0009672123992304926
0.39,172,0.002131588797870306
0.39,173,0.0007733487283273665
0.39,174,0.0020525404491917236
0.39,175,-0.0018356213182090639
0.39,176,0.00035810248308933645
0.39,177,0.0018426588168106398
0.39,178,-0.0008976983902427151
0.39,179,0.0020418039223851566
0.39,180,0.002852208128126487
0.39,181,-0.0005482074311755332
0.39,182,0.0006946845024090032
0.39,183,-0.0004986204329853293
0.39,184,0.001633312970523671
0.39,185,0.0034641407850632354
0.39,186,0.0012326569933087865
0.39,187,0.005660994524402252
0.39,188,0.003341579708254507
0.39,189,0.005473762080065434
0.39,190,0.028066850413451538
0.39,191,-0.03567488556474743
0.39,192,0.41266921825273484
0.39,193,0.008203014678593926
0.39,194,0.007892775072907176
0.39,195,-0.0019463168196428254
0.39,196,0.000437990839267428
0.39,197,7.71320654419233e-5
0.39,198,0.0004925533376749867
0.4,intercept,0.013738487386849707
0.4,1,0.0041442477543124434
0.4,2,0.000850974344832292
0.4,3,0.002562007348267404
0.4,4,0.0008495339568360848
0.4,5,0.0001869835777197154
0.4,6,0.0009523492046006046
0.4,7,-8.752937043222948e-5
0.4,8,0.0004962895920946675
0.4,9,0.0010090085526824031
0.4,10,-8.703112649173549e-5
0.4,11,0.0028189104446095536
0.4,12,0.001208323504312622
0.4,13,-0.0007755674599511363
0.4,14,0.0007778479981518031
0.4,15,-0.0006084371041232419
0.4,16,-0.0016757715083903209
0.4,17,0.0007113727609484838
0.4,18,-0.0013447620642975215
0.4,19,0.0011888912082455546
0.4,20,-0.0035726153349574245
0.4,21,-0.00017417558581539006
0.4,22,-0.00047894614591839396
0.4,23,-0.0006709767996361716
0.4,24,0.00039667930762607537
0.4,25,-0.002044059167412239
0.4,26,-0.0006177900882215091
0.4,27,0.0003323261533596524
0.4,28,-0.0017018637186263594
0.4,29,0.0007332767555206768
0.4,30,0.0022007512719638264
0.4,31,-0.0008169703020721033
0.4,32,-0.00037592904388908876
0.4,33,-0.0006641781054711899
0.4,34,-0.001161160694244928
0.4,35,-0.000688289490463852
0.4,36,0.001745644613279082
0.4,37,-4.348130556633788e-5
0.4,38,-0.002145303522123277
0.4,39,0.00037290616656440734
0.4,40,-0.0011314943131979188
0.4,41,0.0006715659906481211
0.4,42,-0.0002754659173846445
0.4,43,0.0008924623127237154
0.4,44,0.0014389177742691636
0.4,45,0.001665203763776169
0.4,46,-0.0007661719911228596
0.4,47,0.0008728650768882346
0.4,48,-0.0005470928815154779
0.4,49,0.0009989585837383006
0.4,50,0.00014497522553855846
0.4,51,6.500868051672401e-5
0.4,52,0.0005770462797272365
0.4,53,0.0010240304519984402
0.4,54,-0.0007379750958321262
0.4,55,0.002127656987598979
0.4,56,-0.00044226459049455917
0.4,57,0.0019213800925891279
0.4,58,0.0008483130393678411
0.4,59,0.00024589904488141103
0.4,60,-0.0005375335882391159
0.4,61,-0.00011282777859291881
0.4,62,0.001107223206912802
0.4,63,-0.0002495114046838663
0.4,64,-0.00016285143939657196
0.4,65,-7.132223956372982e-5
0.4,66,2.241012523014987e-5
0.4,67,-0.0016587775606517641
0.4,68,0.00014769421356727834
0.4,69,-0.000976750298134804
0.4,70,0.00037366123755962845
0.4,71,-0.0003711647852141283
0.4,72,-0.0011541464524985033
0.4,73,-0.0008452090834409684
0.4,74,-0.0018665249853413305
0.4,75,0.00031678763134417303
0.4,76,-0.0017957934691444908
0.4,77,0.0007442546778434426
0.4,78,-0.0012302754392603417
0.4,79,-0.00023615544208513216
0.4,80,4.310482761390608e-6
0.4,81,0.0011152802481886935
0.4,82,0.0012454139307741833
0.4,83,0.0004128351524254853
0.4,84,0.0010617769888209409
0.4,85,0.0021411230386657516
0.4,86,2.0424895094004477e-5
0.4,87,-0.0005283958570646151
0.4,88,0.0015631232961623644
0.4,89,0.0008423932088225686
0.4,90,0.00030555664029612923
0.4,91,0.0005606215966674703
0.4,92,0.0018680590044643718
0.4,93,0.0006032099907491608
0.4,94,0.002289880371326055
0.4,95,0.0025332518624099176
0.4,96,-0.0013641169090884053
0.4,97,0.007616035722237932
0.4,98,0.0015872396003584325
0.4,99,-0.00012640067440853372
0.4,100,0.0009512181508345922
0.4,101,0.0006418433072178352
0.4,102,9.826407259617754e-5
0.4,103,0.002826335019132234
0.4,104,0.0005716354840040529
0.4,105,-0.0012489595143123434
0.4,106,-0.0007379825358892725
0.4,107,0.0009633477430575419
0.4,108,-0.0001674483484113984
0.4,109,0.0008434992616093469
0.4,110,-0.0005333583334494012
0.4,111,0.0016018585370833676
0.4,112,-0.0004966383064011805
0.4,113,-0.0004098148890049102
0.4,114,-0.0009202643843625929
0.4,115,9.932080307442688e-5
0.4,116,-0.0008814062315518692
0.4,117,-0.0005895050090920854
0.4,118,-4.3863608552797e-5
0.4,119,-0.002045710750414912
0.4,120,0.0005536886501398577
0.4,121,-0.0016683964843936965
0.4,122,-0.001403255946230002
0.4,123,-0.0011243994317711886
0.4,124,-0.0011288535594465336
0.4,125,7.506483813836059e-5
0.4,126,0.00043291919364121383
0.4,127,-0.0012765420477446646
0.4,128,0.0006600629718722746
0.4,129,0.0006650735121942056
0.4,130,-5.940195279996646e-5
0.4,131,-0.00027140782138910326
0.4,132,-0.0003509298304411792
0.4,133,-0.00019964094006432747
0.4,134,-0.0005194638138328543
0.4,135,0.0016743853706322031
0.4,136,6.174938419491046e-5
0.4,137,-0.0005025405754946229
0.4,138,0.00033800557463078707
0.4,139,-0.0006012101180547321
0.4,140,-0.0001652662352548793
0.4,141,-0.0005025428797574207
0.4,142,0.0015240050356233146
0.4,143,0.0006016420305123463
0.4,144,-0.00029707396775597276
0.4,145,0.0007452115845673523
0.4,146,0.0006071117055355646
0.4,147,-0.00010216643139160375
0.4,148,0.001569902295360413
0.4,149,0.0005057596695025771
0.4,150,0.00031495973186879166
0.4,151,0.0016517959299327239
0.4,152,-0.001914188203391373
0.4,153,0.003097515011558443
0.4,154,-0.000633332889290075
0.4,155,0.001685609461568043
0.4,156,-0.0011264050969701962
0.4,157,0.0003448455456781515
0.4,158,-7.873091735899517e-7
0.4,159,0.0012245437168596192
0.4,160,0.0004716425526144013
0.4,161,-0.00020760776014385385
0.4,162,0.0005077587937739638
0.4,163,-0.00046863876158972304
0.4,164,-0.0006139678861332076
0.4,165,-0.0001971049839590599
0.4,166,0.0013854576045673962
0.4,167,-0.0018054356280104407
0.4,168,-2.4691245997564737e-5
0.4,169,-0.0017183017494262506
0.4,170,0.0007942366235240454
0.4,171,-0.0010856187278447864
0.4,172,0.002308664296812997
0.4,173,0.0006875899466250446
0.4,174,0.0020339952827995666
0.4,175,-0.001734222128499366
0.4,176,0.0002444543674095898
0.4,177,0.0017149428852524116
0.4,178,-0.0012184441972707884
0.4,179,0.0021173778739278283
0.4,180,0.003548077442775394
0.4,181,-0.00074281657134674
0.4,182,0.00039826342170415504
0.4,183,-0.00042498481995538646
0.4,184,0.001980238068067506
0.4,185,0.0032739561055270035
0.4,186,0.0010598924488977157
0.4,187,0.005492800190858258
0.4,188,0.003239759374113641
0.4,189,0.005633359294089001
0.4,190,0.028047839688340882
0.4,191,-0.036691386041508775
0.4,192,0.42839171599094855
0.4,193,0.008243747687756384
0.4,194,0.008158038389310314
0.4,195,-0.0019227943641850053
0.4,196,0.00043844104675762997
0.4,197,7.034743655123799e-5
0.4,198,0.0005328555994535862
0.41,intercept,0.013495369825805343
0.41,1,0.004507777031652332
0.41,2,0.0009244161410298759
0.41,3,0.002486146878376817
0.41,4,0.0007067829122532943
0.41,5,0.0004681667573970874
0.41,6,0.0006869346752371754
0.41,7,2.9642293690173525e-5
0.41,8,0.00018110815286763603
0.41,9,0.0013860381251961618
0.41,10,-0.0009458664590377285
0.41,11,0.0033996001158971534
0.41,12,0.0013290449860499653
0.41,13,-0.001149094021120166
0.41,14,0.0008065722481267149
0.41,15,-0.0005414275715555035
0.41,16,-0.0016312601063368242
0.41,17,0.0007445882495154859
0.41,18,-0.0012323531601312707
0.41,19,0.0012862368215705814
0.41,20,-0.003400692404843867
0.41,21,-0.0002229931712321322
0.41,22,-0.0004822077034473315
0.41,23,-0.0004799194219148515
0.41,24,2.3173230251365388e-5
0.41,25,-0.0018235606776331357
0.41,26,-0.0005279744107802401
0.41,27,0.00027504511695616976
0.41,28,-0.001357947082637856
0.41,29,0.00045472082364533866
0.41,30,0.0020998829294074464
0.41,31,-0.0007099441289838996
0.41,32,-0.0007112925374620012
0.41,33,-0.0005597508801223731
0.41,34,-0.001205111906796559
0.41,35,-0.0002656212575661892
0.41,36,0.0014562505496429731
0.41,37,0.00017863184918181227
0.41,38,-0.001751345510383605
0.41,39,0.000165763401487421
0.41,40,-0.0010308170651817702
0.41,41,0.0007834821259734274
0.41,42,-0.0004408969849394637
0.41,43,0.0008769774729170198
0.41,44,0.001797333174423195
0.41,45,0.0017117945972320511
0.41,46,-0.0010840982368346727
0.41,47,0.0009672591247135361
0.41,48,-0.00012795435631360213
0.41,49,0.0006153588425264531
0.41,50,0.000317526522995117
0.41,51,-8.08509170504302e-5
0.41,52,0.0005972864058774195
0.41,53,0.0011093662758026696
0.41,54,-0.000741932280020423
0.41,55,0.001974147159067347
0.41,56,-0.0003421181553653127
0.41,57,0.0020294821064422283
0.41,58,0.000356359545759856
0.41,59,0.000669198606498311
0.41,60,-0.000697516851060248
0.41,61,-1.486430587983263e-5
0.41,62,0.0012719092400174034
0.41,63,-0.00024784645216083934
0.41,64,-0.0003855411553246923
0.41,65,-0.00021964555113727967
0.41,66,1.1686261480687676e-5
0.41,67,-0.0018021295377824978
0.41,68,0.0006901550142832142
0.41,69,-0.001214138037667354
0.41,70,0.0004683874813078408
0.41,71,-0.00019017712154848588
0.41,72,-0.0012386728509221768
0.41,73,-0.000937178367365812
0.41,74,-0.001590422899586801
0.41,75,9.671598356115427e-5
0.41,76,-0.0018355520349739246
0.41,77,0.0007274696450307513
0.41,78,-0.0007998318913018841
0.41,79,-0.0007364690511501684
0.41,80,0.0004939947538802184
0.41,81,0.0009743733505557814
0.41,82,0.0011720000701350502
0.41,83,0.0005091149266397446
0.41,84,0.001069992075010846
0.41,85,0.0019595213578435153
0.41,86,-8.392718345640747e-5
0.41,87,-0.00011607211259878923
0.41,88,0.001159772662135784
0.41,89,0.0005873370036227048
0.41,90,0.0002038500399256342
0.41,91,0.0006744545050395412
0.41,92,0.0016547776198238436
0.41,93,0.000540086463796911
0.41,94,0.0022786729378485994
0.41,95,0.0019331499595314835
0.41,96,-0.001045243997452132
0.41,97,0.007610021954121076
0.41,98,0.0015243058689158291
0.41,99,-0.00022375445296808085
0.41,100,0.0012614149268905753
0.41,101,0.0005852645048352271
0.41,102,-1.8321341031686566e-5
0.41,103,0.0031120803096730933
0.41,104,0.0003849050372431451
0.41,105,-0.001223869949487808
0.41,106,-0.0005182791779346761
0.41,107,0.0006731249516441354
0.41,108,-8.613462672811397e-5
0.41,109,0.0009825977970186388
0.41,110,-0.000650736352063285
0.41,111,0.0015309736272838407
0.41,112,-0.0002939515530550714
0.41,113,-0.0007541420949926665
0.41,114,-0.000746346233459246
0.41,115,9.367098787219253e-5
0.41,116,-0.0007721782841621889
0.41,117,-0.00044803902056204324
0.41,118,-0.00024647274386782603
0.41,119,-0.0020510740764931876
0.41,120,0.0007378981043987418
0.41,121,-0.0015838225019885184
0.41,122,-0.001061612826149916
0.41,123,-0.0011196425616977993
0.41,124,-0.0008577277716630932
0.41,125,-0.00043506736505458083
0.41,126,0.0007072948532052644
0.41,127,-0.0013787092080011366
0.41,128,0.0006993351497175841
0.41,129,0.0005132824718647948
0.41,130,-8.116208566596569e-5
0.41,131,-0.0004005999566800855
0.41,132,-0.00036761035730925595
0.41,133,-0.00031592234119486224
0.41,134,-0.0004614815140031819
0.41,135,0.0015565502388281839
0.41,136,-4.3158213783641346e-5
0.41,137,-0.00044041561272670037
0.41,138,0.0005230322959881515
0.41,139,-0.0009458653248976595
0.41,140,2.165246020592691e-5
0.41,141,-0.0004336561827559341
0.41,142,0.0019121711189219665
0.41,143,7.368555132895356e-5
0.41,144,-0.00011792680863938033
0.41,145,0.0006784086355071168
0.41,146,0.000896747052050757
0.41,147,-0.0002649816664918977
0.41,148,0.0017674548607650444
0.41,149,8.019193058039962e-5
0.41,150,0.0004239066974425464
0.41,151,0.0016961343370080915
0.41,152,-0.0020514682975325744
0.41,153,0.0033467537482495505
0.41,154,-0.0010090739558295527
0.41,155,0.0019060960611963528
0.41,156,-0.0013042327785781132
0.41,157,0.0006215986362019876
0.41,158,-9.364326482533e-5
0.41,159,0.001387154158035018
0.41,160,0.00045756565656942285
0.41,161,-3.243226923414823e-5
0.41,162,0.0006800619736389667
0.41,163,-0.00032564817455235407
0.41,164,-0.0006201157834490351
0.41,165,-5.6452498162437314e-5
0.41,166,0.0013396307112883263
0.41,167,-0.0018745919245495859
0.41,168,-0.00013752623709035864
0.41,169,-0.0017663455470662845
0.41,170,0.0010680983626020642
0.41,171,-0.0007982998255183864
0.41,172,0.0016892771777514647
0.41,173,0.0005531695412136197
0.41,174,0.0020606386901201837
0.41,175,-0.0015834271034207564
0.41,176,0.00036197137526220043
0.41,177,0.0015889249483971852
0.41,178,-0.0015142272462994395
0.41,179,0.0020308638436728694
0.41,180,0.0037229847965906753
0.41,181,-0.001136363241166954
0.41,182,0.0003630575280233931
0.41,183,-0.00011853804773662063
0.41,184,0.0021538623804065655
0.41,185,0.0034215174753983914
0.41,186,0.0008070222027482075
0.41,187,0.006139964986223791
0.41,188,0.002854567108336858
0.41,189,0.006338399433145173
0.41,190,0.02726782465132531
0.41,191,-0.03567603552404557
0.41,192,0.4390122045040822
0.41,193,0.008664579860664509
0.41,194,0.008036292761833664
0.41,195,-0.0019385710205967813
0.41,196,0.00041428377963177135
0.41,197,9.330989572133193e-5
0.41,198,0.0005136814406230227
0.42,intercept,0.013380595787784859
0.42,1,0.004738759731359108
0.42,2,0.0005865145681360294
0.42,3,0.002392447421509581
0.42,4,0.0008228494209738052
0.42,5,0.0005627816470071712
0.42,6,0.0007934669365604962
0.42,7,1.4282765512106818e-6
0.42,8,2.2258187585644645e-6
0.42,9,0.0012268970697261875
0.42,10,-0.001089528597897739
0.42,11,0.003480295521794797
0.42,12,0.0010858833675224024
0.42,13,-0.001074879013873665
0.42,14,0.0007580222844479608
0.42,15,-0.00040268284683345006
0.42,16,-0.0018124622762639082
0.42,17,0.0006750433584730313
0.42,18,-0.0013360690032898992
0.42,19,0.0012268024858627202
0.42,20,-0.0031846555159098155
0.42,21,-0.00018160943155905973
0.42,22,-0.0006351878805083167
0.42,23,-0.0007160763822757982
0.42,24,0.0003516504598518158
0.42,25,-0.0020874458911719213
0.42,26,-0.0005412325940735688
0.42,27,0.00021956031929817074
0.42,28,-0.0015259729695384617
0.42,29,0.0009546143813884874
0.42,30,0.002011566591881035
0.42,31,-0.0009908908540842078
0.42,32,-0.000490159498624168
0.42,33,-0.0007692178536072562
0.42,34,-0.0013587623054809534
0.42,35,-7.81633223469603e-5
0.42,36,0.0011782400845424274
0.42,37,0.0004263568220946167
0.42,38,-0.0015598510099902015
0.42,39,-7.366358357543699e-5
0.42,40,-0.0007071622657207041
0.42,41,0.0005173503904642227
0.42,42,-0.0003470626683707793
0.42,43,0.0007239763198297327
0.42,44,0.0019631195802384325
0.42,45,0.0015804879309572954
0.42,46,-0.0010375671936448956
0.42,47,0.001010911875860083
0.42,48,-0.00019567353970374173
0.42,49,0.0006691425754539078
0.42,50,0.0001521107135187067
0.42,51,-5.32179828091112e-5
0.42,52,0.0008711798583821011
0.42,53,0.0009020933946342598
0.42,54,-0.0004450684098646268
0.42,55,0.0020235690789026125
0.42,56,-0.0003685735998392888
0.42,57,0.001839874094583354
0.42,58,0.0005134954540006316
0.42,59,0.000597665118905678
0.42,60,-0.0008100706672991549
0.42,61,-0.00015000428015041298
0.42,62,0.0013850967300869082
0.42,63,-4.097494629407619e-6
0.42,64,-0.00044075038311302585
0.42,65,-0.0005907816491618255
0.42,66,3.582521516214913e-5
0.42,67,-0.0021032794850679745
0.42,68,0.0009823194687854538
0.42,69,-0.001438036312467031
0.42,70,0.0005727298860758629
0.42,71,-8.09635161388981e-5
0.42,72,-0.001476547730325259
0.42,73,-0.00030510723781936776
0.42,74,-0.0018431211119386117
0.42,75,9.531039150127852e-5
0.42,76,-0.0019881628638095377
0.42,77,0.0009225133105108495
0.42,78,-0.0006398531457673765
0.42,79,-0.0008773906902434141
0.42,80,0.00029392170728251955
0.42,81,0.000535769295047716
0.42,82,0.0013978996423040387
0.42,83,0.00040516288765491727
0.42,84,0.00045984611494416397
0.42,85,0.0021927138310568976
0.42,86,0.00010037879603416401
0.42,87,-0.0005566889850916689
0.42,88,0.0015654621817175116
0.42,89,0.0006411673312937093
0.42,90,6.385545014600945e-5
0.42,91,0.0005256819086382712
0.42,92,0.001849382214745192
0.42,93,0.00043594724838455604
0.42,94,0.0021935958568003807
0.42,95,0.0019727274646531637
0.42,96,-0.000988502027635475
0.42,97,0.007440089367544658
0.42,98,0.0013961680175940488
0.42,99,9.48628033229242e-5
0.42,100,0.0009893676436587189
0.42,101,0.0008760134333674863
0.42,102,-0.00040822602491088025
0.42,103,0.003108679340002431
0.42,104,0.000494335884669139
0.42,105,-0.0010490811878664228
0.42,106,-0.00011119207363856972
0.42,107,0.0006348626880559714
0.42,108,-8.580388322156366e-6
0.42,109,0.0007946372653097096
0.42,110,-0.0005828719758077418
0.42,111,0.0014386481798762676
0.42,112,-0.00034051813115876174
0.42,113,-0.0008888603302536391
0.42,114,-0.0006368896771546206
0.42,115,0.0005266219085267925
0.42,116,-0.0011717570276306172
0.42,117,-0.00015485634126731541
0.42,118,-0.00034685504221722735
0.42,119,-0.0019713048636010827
0.42,120,0.0004796856939724953
0.42,121,-0.0014474010177655447
0.42,122,-0.0008710591056646349
0.42,123,-0.0012272042493026531
0.42,124,-0.0005694543966455958
0.42,125,-0.0005318380653380432
0.42,126,0.0006240637668512325
0.42,127,-0.0012806390014088254
0.42,128,0.0007274381746278968
0.42,129,0.0005663309898699361
0.42,130,-6.773316007362662e-5
0.42,131,-0.0004327725639115478
0.42,132,-0.0005267031170904173
0.42,133,-0.0002894030420865
0.42,134,-0.0005777915465211173
0.42,135,0.0017504811124381113
0.42,136,-3.0350021880951944e-5
0.42,137,-0.00015722363122943147
0.42,138,0.00010604780793176553
0.42,139,-0.000703350383995529
0.42,140,-0.00024361740724551152
0.42,141,-0.00045811415736383
0.42,142,0.0019161900220333438
0.42,143,-3.5080847231266225e-5
0.42,144,-0.00043911266341761297
0.42,145,0.0006322419594664561
0.42,146,0.0008794788389566908
0.42,147,-0.0002546709512712095
0.42,148,0.00155758650152346
0.42,149,0.0006206759582334546
0.42,150,0.00028553350041708074
0.42,151,0.001537995558420991
0.42,152,-0.0016471214042214069
0.42,153,0.0031802233016905014
0.42,154,-0.0010215683908027624
0.42,155,0.001990672042219607
0.42,156,-0.0010885989814041967
0.42,157,0.0007422421809021704
0.42,158,-0.00026806377590019644
0.42,159,0.001266271260847597
0.42,160,0.0003117041189261218
0.42,161,-0.00013232111650865965
0.42,162,0.001241643816825119
0.42,163,-0.00040167690226355235
0.42,164,-0.0009251801829726015
0.42,165,0.0002917458150165257
0.42,166,0.0010231291268457648
0.42,167,-0.0017228186138058333
0.42,168,-0.00036267823510105235
0.42,169,-0.001863660984179869
0.42,170,0.0012811483586230063
0.42,171,-0.00045234218896071773
0.42,172,0.0014936202719038672
0.42,173,0.0005616775219538775
0.42,174,0.002195798103469888
0.42,175,-0.0014731689434965033
0.42,176,0.00018255850017071388
0.42,177,0.001346296100701618
0.42,178,-0.0014305781493512604
0.42,179,0.0022101346972138035
0.42,180,0.003986252826901548
0.42,181,-0.0012298913462037903
0.42,182,7.852413509214603e-5
0.42,183,-0.00010569287656761997
0.42,184,0.002185720692672002
0.42,185,0.0035467145491713935
0.42,186,0.0010080702888713075
0.42,187,0.006277226441153926
0.42,188,0.0032734290015894005
0.42,189,0.006499717618624944
0.42,190,0.02808068978654228
0.42,191,-0.0368459390020582
0.42,192,0.45137806377474876
0.42,193,0.00848923117726919
0.42,194,0.00811361656006775
0.42,195,-0.001949346449377267
0.42,196,0.0003865599177460192
0.42,197,0.00010515027133047028
0.42,198,0.0005133308400856827
0.43,intercept,0.013178843842718287
0.43,1,0.0046005532822334305
0.43,2,0.0002713059181863747
0.43,3,0.002383557799596882
0.43,4,0.0007386526873686633
0.43,5,0.0007911954571022713
0.43,6,0.000482659813367008
0.43,7,4.101489367344659e-5
0.43,8,-0.00037874886537215543
0.43,9,0.0020497656150267733
0.43,10,-0.0013482041070948987
0.43,11,0.0037692660618360674
0.43,12,0.0008045262546683249
0.43,13,-0.000672261406968137
0.43,14,0.0007810306862361865
0.43,15,-0.0006987228593060212
0.43,16,-0.0014579522098338495
0.43,17,0.0005755096896980746
0.43,18,-0.0007777762467307048
0.43,19,0.0011162945392184755
0.43,20,-0.003294814654239946
0.43,21,-0.00033861058867511607
0.43,22,-7.46062533368524e-5
0.43,23,-0.0008469954899661843
0.43,24,1.595660753748335e-5
0.43,25,-0.002158357719840109
0.43,26,-0.0005784206196931137
0.43,27,0.00023514061236131124
0.43,28,-0.001556119486996429
0.43,29,0.0014965967242614722
0.43,30,0.001859094868563953
0.43,31,-0.0009699411026175493
0.43,32,-0.00048323572542240914
0.43,33,-0.0009830978424407281
0.43,34,-0.0011974589391082807
0.43,35,-0.00027657307379865036
0.43,36,0.0013756970627844052
0.43,37,-8.938230914077417e-5
0.43,38,-0.0012310310070030312
0.43,39,-0.00034004778706801315
0.43,40,-0.000490678070043805
0.43,41,0.0007982440354973923
0.43,42,-0.0004935672800681041
0.43,43,0.0007978465585843592
0.43,44,0.0022239113424143476
0.43,45,0.0010593163818805212
0.43,46,-0.0011117341315944
0.43,47,0.0012602170033173094
0.43,48,-0.00022219071881706185
0.43,49,0.001029261941861188
0.43,50,0.00014187969852204376
0.43,51,0.00023576806514874718
0.43,52,0.0008684979394828637
0.43,53,0.0007293573699947686
0.43,54,-0.00016436963090326392
0.43,55,0.0015590371116974999
0.43,56,-0.0001040295764645938
0.43,57,0.001667205203549943
0.43,58,0.0004292631767289537
0.43,59,0.000488872454402738
0.43,60,-0.0009944894541013835
0.43,61,6.61949640946933e-5
0.43,62,0.0015055528837246953
0.43,63,-0.000214775002765623
0.43,64,-7.06165698754799e-5
0.43,65,-0.0008810324904525727
0.43,66,0.0003312580360565999
0.43,67,-0.0021737543391900085
0.43,68,0.0009090469279617326
0.43,69,-0.0012833271020235098
0.43,70,0.0002874698818343455
0.43,71,3.0148672211809538e-5
0.43,72,-0.00159074816818656
0.43,73,-0.00014295554427659222
0.43,74,-0.001804282037305212
0.43,75,8.481375963662369e-6
0.43,76,-0.0018039639085631108
0.43,77,0.0011116935124921871
0.43,78,-0.0009003891983739903
0.43,79,-0.00025540058010517947
0.43,80,-0.0002971794360353873
0.43,81,0.0007117935398455227
0.43,82,0.0014932095767203842
0.43,83,0.00031506171896247663
0.43,84,0.0007507728805930549
0.43,85,0.0019419158760194722
0.43,86,0.00015262819315311883
0.43,87,-0.00043272890352355145
0.43,88,0.0015636165437554125
0.43,89,0.0003891614741315653
0.43,90,0.0002551886255218826
0.43,91,0.000493780684685047
0.43,92,0.0021279717565327763
0.43,93,4.689475555576251e-5
0.43,94,0.0025333808761380445
0.43,95,0.0018855931098042025
0.43,96,-0.0013682186355003794
0.43,97,0.008044844156597846
0.43,98,0.0013568731075349577
0.43,99,-5.637820780602863e-5
0.43,100,0.0016919392931537276
0.43,101,-7.714839339857172e-5
0.43,102,-0.00014373528488278707
0.43,103,0.0032179197144671756
0.43,104,0.0005434208820592736
0.43,105,-0.0009616447321157402
0.43,106,8.091193313485647e-5
0.43,107,0.0007938176108517375
0.43,108,-0.00018419793022617553
0.43,109,0.000682096611341506
0.43,110,-0.0006369266757421495
0.43,111,0.0012746116048834336
0.43,112,-0.0004325591700979135
0.43,113,-0.0007527564078474929
0.43,114,-0.00023214282158790905
0.43,115,-5.463517808383335e-5
0.43,116,-0.001115529057244496
0.43,117,-0.0002917892496594943
0.43,118,-0.00028256998532650527
0.43,119,-0.0019773741614859783
0.43,120,0.00022715598347812778
0.43,121,-0.0014969036596022528
0.43,122,-0.0005138966754936901
0.43,123,-0.0014155189023503207
0.43,124,-0.0001691248862584084
0.43,125,-0.0005912906802241467
0.43,126,0.0006871031014190985
0.43,127,-0.0012997270583127007
0.43,128,0.0008557135362765448
0.43,129,0.0007004654595813243
0.43,130,-7.967518742076997e-5
0.43,131,-0.0005062771744821349
0.43,132,-0.00031334896565809144
0.43,133,-0.0001756112850111667
0.43,134,-0.00042320817187110996
0.43,135,0.0014353833816193658
0.43,136,0.0003619354682115083
0.43,137,-0.0005639496473528071
0.43,138,0.00036514684666414716
0.43,139,-0.0010525778914984758
0.43,140,0.0002184686809877275
0.43,141,-0.000547881630209005
0.43,142,0.001923830872777676
0.43,143,0.00027107727040549936
0.43,144,-0.0006463890107933155
0.43,145,0.0007312809969008779
0.43,146,0.00031277057242981094
0.43,147,-1.527866815077755e-5
0.43,148,0.0011938038638898763
0.43,149,0.0009069060540428163
0.43,150,0.00023402382823212536
0.43,151,0.001402212436671736
0.43,152,-0.001633551677882952
0.43,153,0.002963761343484581
0.43,154,-0.0007999727371861314
0.43,155,0.0022907097631935315
0.43,156,-0.0015095502977075072
0.43,157,0.0007656958721223736
0.43,158,8.872372287579393e-5
0.43,159,0.0012585315193515154
0.43,160,0.00033049084607772054
0.43,161,0.0002454635614694471
0.43,162,0.001001160667795302
0.43,163,-0.000350910023055798
0.43,164,-0.0011643522204169369
0.43,165,0.0004975776637196585
0.43,166,0.0010887937367673568
0.43,167,-0.0018389901989533442
0.43,168,-0.0006395774971091018
0.43,169,-0.0018283548651905966
0.43,170,0.0009720851808719636
0.43,171,-8.122585265802484e-5
0.43,172,0.0014308474064323058
0.43,173,0.0006671860206497572
0.43,174,0.0016304602147865519
0.43,175,-0.0013709053386962648
0.43,176,0.0001936246998737429
0.43,177,0.0011646306108229277
0.43,178,-0.001491213814611358
0.43,179,0.002161934128803518
0.43,180,0.00380131050423807
0.43,181,-0.0011023699216595635
0.43,182,-0.000337850511582379
0.43,183,-0.00023520511820630864
0.43,184,0.0023858777889409345
0.43,185,0.003356918853795737
0.43,186,0.0014113199528532328
0.43,187,0.0065897580221773696
0.43,188,0.003290942683118339
0.43,189,0.006720932277745043
0.43,190,0.028005865150575935
0.43,191,-0.03792942104112545
0.43,192,0.4637834160725751
0.43,193,0.008612724501320107
0.43,194,0.007777007661320797
0.43,195,-0.0019712022054246283
0.43,196,0.00031597670967393256
0.43,197,8.511454839440352e-5
0.43,198,0.0005005973934911236
0.44,intercept,0.013014951469776296
0.44,1,0.0047389310891065685
0.44,2,0.0006730825075496573
0.44,3,0.0023855781525536613
0.44,4,0.0003170404280558397
0.44,5,0.0010166440719567673
0.44,6,0.0006807731849197019
0.44,7,-2.8785036926241893e-5
0.44,8,-0.000582013017784715
0.44,9,0.0021353097823651568
0.44,10,-0.0010936565951997314
0.44,11,0.0036059230389749314
0.44,12,0.0008067326252340776
0.44,13,-0.0007116401121216156
0.44,14,0.0008499324737564451
0.44,15,-0.00049564534830156
0.44,16,-0.0016571293107367146
0.44,17,0.0007774553161530553
0.44,18,-0.00046618019613467866
0.44,19,0.00042611005756354274
0.44,20,-0.002883345688171676
0.44,21,-0.0005836435102941333
0.44,22,-0.00017627809213854046
0.44,23,-0.0010307274468709911
0.44,24,0.0001020226092017932
0.44,25,-0.0021081395791415934
0.44,26,-0.0004482201366269593
0.44,27,-0.00035489592161259075
0.44,28,-0.0014753010243666238
0.44,29,0.001332330801869655
0.44,30,0.0018342144236281536
0.44,31,-0.0011834280187566506
0.44,32,9.013793166013261e-6
0.44,33,-0.0013143343701169756
0.44,34,-0.0010285379015353357
0.44,35,-7.931980806291289e-5
0.44,36,0.0013629124208798978
0.44,37,-5.302581061174885e-5
0.44,38,-0.0016170454672299924
0.44,39,-0.00017975249587764877
0.44,40,-0.0005605073591495018
0.44,41,0.0010405647071355345
0.44,42,-0.0007208329913086268
0.44,43,0.0008397140158274063
0.44,44,0.0022027731203052786
0.44,45,0.0011584154756541557
0.44,46,-0.0010258766881747377
0.44,47,0.001082047055157846
0.44,48,-0.000390667121349829
0.44,49,0.0008973490567991374
0.44,50,0.00017564226632536136
0.44,51,0.00030772922045069765
0.44,52,0.0011888256082424923
0.44,53,0.00047997054141872086
0.44,54,-0.00021266975483729845
0.44,55,0.0016630812560400237
0.44,56,-8.918656238643106e-6
0.44,57,0.001390300348280646
0.44,58,0.0008176955561773361
0.44,59,0.00018031392397658134
0.44,60,-0.00020173818515000844
0.44,61,5.962910294690641e-5
0.44,62,0.0014746523997429721
0.44,63,-0.00027186738875000334
0.44,64,0.000222737615850143
0.44,65,-0.0010498606167355842
0.44,66,0.00021306369101237378
0.44,67,-0.0015704144706436697
0.44,68,0.0003563756735784178
0.44,69,-0.0010355927362696064
0.44,70,0.00039448961180184365
0.44,71,-0.0003950108070585437
0.44,72,-0.001515011351412479
0.44,73,-0.00045420387507224777
0.44,74,-0.001857674266043829
0.44,75,-0.00017266664876806396
0.44,76,-0.0016668857875290505
0.44,77,0.001098690633609631
0.44,78,-0.000992314829887608
0.44,79,-0.0002653101523478069
0.44,80,-9.726076399989136e-5
0.44,81,0.0004055559031438084
0.44,82,0.0018079962885374186
0.44,83,-0.00010173202925473073
0.44,84,0.0009305459348950928
0.44,85,0.002143734499732123
0.44,86,0.00021112891754530142
0.44,87,-0.000828792966208178
0.44,88,0.0020492542500893923
0.44,89,0.00023455198102915445
0.44,90,0.0004987120375682329
0.44,91,0.00037358804736275884
0.44,92,0.002389731553756395
0.44,93,-0.00036938484323914767
0.44,94,0.002659636312625295
0.44,95,0.0018630994433154714
0.44,96,-0.0015735519171746527
0.44,97,0.008250731829549824
0.44,98,0.0017333896487368862
0.44,99,-0.0002575677942734744
0.44,100,0.002344172458368179
0.44,101,-0.0002816737449813915
0.44,102,-0.00043782245740310783
0.44,103,0.003378485541862238
0.44,104,0.0005842352433321857
0.44,105,-0.0010473254917324163
0.44,106,4.7443580008178035e-5
0.44,107,0.0008924995231772146
0.44,108,0.00014648087472813475
0.44,109,0.00028649202371052
0.44,110,-0.0008378346038727818
0.44,111,0.0013022726666986767
0.44,112,-0.00037986592945629005
0.44,113,-0.000691798675867903
0.44,114,-0.00016458723729865046
0.44,115,-0.00023774964425929098
0.44,116,-0.0010830452212867863
0.44,117,-0.00037615018172463047
0.44,118,-8.641397510387628e-5
0.44,119,-0.002083686879647763
0.44,120,0.00042965976725698216
0.44,121,-0.001294324018578468
0.44,122,-0.0008468651611431113
0.44,123,-0.001260710279880967
0.44,124,-0.00020110693413467176
0.44,125,-0.00044652614088678644
0.44,126,0.000752480324438578
0.44,127,-0.0011700529564895449
0.44,128,0.0006993130457951261
0.44,129,0.0005590407678492598
0.44,130,-0.00029467492222184693
0.44,131,-0.00010038185119674343
0.44,132,-0.0006243749948977796
0.44,133,0.00013879536656591859
0.44,134,-0.00044983420473174157
0.44,135,0.0012474514695226084
0.44,136,0.0005034572352670499
0.44,137,-0.0005593006670733679
0.44,138,0.000435590247336003
0.44,139,-0.0008726492165193396
0.44,140,-5.000412644352416e-5
0.44,141,-0.00046990224292552693
0.44,142,0.002113974666697501
0.44,143,0.0003049764724344314
0.44,144,-0.0005584118800985643
0.44,145,0.00048097591292510354
0.44,146,0.0004425659793772663
0.44,147,0.00021170390864026572
0.44,148,0.0009103078239206598
0.44,149,0.0007065588318605548
0.44,150,0.00046011629537878165
0.44,151,0.0010068591858014423
0.44,152,-0.0015979074315192227
0.44,153,0.0028481089968595886
0.44,154,-0.0007417619627884762
0.44,155,0.0024310033706676035
0.44,156,-0.0017214030387826692
0.44,157,0.00048090405905742143
0.44,158,0.0005157508436538006
0.44,159,0.0012096574682115297
0.44,160,0.00010181206794551765
0.44,161,0.00024256622703693683
0.44,162,0.0009687667344891465
0.44,163,-0.0002448775491475871
0.44,164,-0.0011858920678967713
0.44,165,0.000555556902580859
0.44,166,0.0010636423535825951
0.44,167,-0.0018367112826303802
0.44,168,-0.0006090231213619178
0.44,169,-0.0018944743059778786
0.44,170,0.0010899613524911417
0.44,171,4.019948868240454e-5
0.44,172,0.0014911248902075313
0.44,173,0.0005293375042391189
0.44,174,0.001886349079642784
0.44,175,-0.0013898188071851403
0.44,176,1.195044013771582e-5
0.44,177,0.0012620933601654753
0.44,178,-0.0013993383059836121
0.44,179,0.002064043419293121
0.44,180,0.003942986678516464
0.44,181,-0.0016077404840692804
0.44,182,1.9667301034251874e-5
0.44,183,-0.0002603555656934418
0.44,184,0.001969489840489286
0.44,185,0.0037038680163699014
0.44,186,0.001229645053297561
0.44,187,0.006749591815929898
0.44,188,0.003781159436589111
0.44,189,0.00663299873618405
0.44,190,0.028031894534990838
0.44,191,-0.03755396577245501
0.44,192,0.474274348430009
0.44,193,0.008520877388757106
0.44,194,0.007807881081488153
0.44,195,-0.0019711133289378705
0.44,196,0.0003333540099065959
0.44,197,5.0454470037008795e-5
0.44,198,0.0004880091201441561
0.45,intercept,0.013021579665532678
0.45,1,0.004690172916845383
0.45,2,0.0008975495854602197
0.45,3,0.002226416439766134
0.45,4,8.418034201273172e-5
0.45,5,0.0011955708579366882
0.45,6,0.0009150306028920995
0.45,7,-0.0002615893385878491
0.45,8,-0.0008774979690154649
0.45,9,0.002384151810279871
0.45,10,-0.0010230971798707916
0.45,11,0.003354016628641353
0.45,12,0.001192441655172192
0.45,13,-0.0005954565020388975
0.45,14,0.00041589970033479
0.45,15,-0.0002604034226928486
0.45,16,-0.0019501786277788015
0.45,17,0.0011305004472541202
0.45,18,-0.00042068902013349207
0.45,19,0.00030016815688667565
0.45,20,-0.0024504519205466556
0.45,21,-0.0007932024120958617
0.45,22,-0.0006295332201585864
0.45,23,-0.0007918498177951145
0.45,24,-0.0001375101881271274
0.45,25,-0.0017741659755920675
0.45,26,-0.0002042533818738713
0.45,27,-0.00014449534223795064
0.45,28,-0.001732237220408903
0.45,29,0.0014826519379434683
0.45,30,0.0018144640156940095
0.45,31,-0.0012413598442063863
0.45,32,4.1960149523851645e-5
0.45,33,-0.0010450451113721568
0.45,34,-0.0015741648607734407
0.45,35,8.794482220642406e-5
0.45,36,0.0014365103097765738
0.45,37,0.0003145238696045043
0.45,38,-0.0019510547395276228
0.45,39,-0.0003842327394844364
0.45,40,-0.0003448077514076715
0.45,41,0.000985555833101874
0.45,42,-0.0006663676637979328
0.45,43,0.0006210334620989969
0.45,44,0.002132196781445766
0.45,45,0.0011125973225935147
0.45,46,-0.0010673295204948442
0.45,47,0.0014581367669257086
0.45,48,-0.0001811072592924443
0.45,49,0.0005744435962885562
0.45,50,0.00023094470631043686
0.45,51,0.00024355449265171526
0.45,52,0.0010271138552537626
0.45,53,0.00046970428389829104
0.45,54,-0.00039836321371145364
0.45,55,0.0017892660696991391
0.45,56,-0.00014766934992235247
0.45,57,0.0011681767274142163
0.45,58,0.0005264205290522668
0.45,59,0.0005962021397525214
0.45,60,4.781634019133215e-5
0.45,61,0.0002273478471378869
0.45,62,0.0013160352597335488
0.45,63,-0.0004201065841794578
0.45,64,0.00028840363455598096
0.45,65,-0.001372856734909349
0.45,66,6.233557645123153e-5
0.45,67,-0.001355274463444183
0.45,68,0.00021568146009965812
0.45,69,-0.0010034616127768921
0.45,70,0.00041274881018896426
0.45,71,-0.0003156783938959111
0.45,72,-0.0013531839293132518
0.45,73,-0.0006834827152537289
0.45,74,-0.001631607800029565
0.45,75,-0.0002627080791052849
0.45,76,-0.001109445129725607
0.45,77,0.0008270443802154295
0.45,78,-0.0008185355177937707
0.45,79,-0.00081900136946083
0.45,80,0.0004657484568591284
0.45,81,-0.0001644125932645265
0.45,82,0.0017583762706190346
0.45,83,0.00011517298630610867
0.45,84,0.001038073449982901
0.45,85,0.0019866376095480846
0.45,86,-2.5433280062256923e-5
0.45,87,-0.0006502985721407892
0.45,88,0.0019254307826871377
0.45,89,0.0004461427436153362
0.45,90,0.00046044701367469403
0.45,91,0.00031820824819346567
0.45,92,0.0024860406455725413
0.45,93,-0.000890726954977146
0.45,94,0.003225250661094578
0.45,95,0.0010325837746038868
0.45,96,-0.0012670937604885614
0.45,97,0.008444475607009316
0.45,98,0.0012501090024060596
0.45,99,0.00013949415131046895
0.45,100,0.001986776880738118
0.45,101,0.0001487127773158413
0.45,102,-0.0004928560515717354
0.45,103,0.003282649236716376
0.45,104,0.0005988927139174907
0.45,105,-0.0013076604956822843
0.45,106,0.00022246141372351795
0.45,107,0.001048291680724138
0.45,108,-0.00036725346616465777
0.45,109,0.000554068324081382
0.45,110,-0.0007047339282158253
0.45,111,0.0010773432580691404
0.45,112,2.692970447447982e-5
0.45,113,-0.0008461733700662273
0.45,114,-0.000485116804245332
0.45,115,-0.00023663639939551048
0.45,116,-0.0010073028583638725
0.45,117,-0.00015138176510294166
0.45,118,-0.0001033693171889876
0.45,119,-0.0023590623077077914
0.45,120,0.0005743999517115537
0.45,121,-0.0016915229318850112
0.45,122,-0.0003975695127928481
0.45,123,-0.0013559710329333439
0.45,124,-0.00022758855259325794
0.45,125,-0.00034721665958006934
0.45,126,0.0006986064655321741
0.45,127,-0.0011364669584910424
0.45,128,0.0005103360555949363
0.45,129,0.000427605309408894
0.45,130,-0.0001313723976458119
0.45,131,-0.00012933135494707512
0.45,132,-0.000813622574256242
0.45,133,0.0005127635570204136
0.45,134,-0.0006379446554628447
0.45,135,0.001363275293391556
0.45,136,0.00036435243783474255
0.45,137,-0.00022540995655651004
0.45,138,1.1356038077116166e-5
0.45,139,-0.0007541457176634917
0.45,140,0.00010350192338734666
0.45,141,-0.000498498041842679
0.45,142,0.002248129382576418
0.45,143,0.00012730646388905932
0.45,144,-0.0004142855738260213
0.45,145,0.00024741090682947386
0.45,146,0.00041975783436662656
0.45,147,0.00027603800931468497
0.45,148,0.0007431874745468302
0.45,149,0.0010829797796349824
0.45,150,0.0004133811909297775
0.45,151,0.0008068607114594561
0.45,152,-0.0018358902181854558
0.45,153,0.0029922144168458577
0.45,154,-0.0007942481506452507
0.45,155,0.0021564887197930223
0.45,156,-0.0014857049600506098
0.45,157,0.00033607598014626317
0.45,158,0.0005134861697361257
0.45,159,0.0014279974328766508
0.45,160,0.00011419823089024989
0.45,161,-0.00029483364856325864
0.45,162,0.0010956533621656384
0.45,163,1.1641351405674622e-5
0.45,164,-0.001165775637575021
0.45,165,0.00023921657487575154
0.45,166,0.0011917916953667958
0.45,167,-0.0015530926122570329
0.45,168,-0.0005539166829211957
0.45,169,-0.0019251472437639046
0.45,170,0.0009162081904815952
0.45,171,-0.00021908330236719187
0.45,172,0.0021272119091251544
0.45,173,-2.006762079327523e-5
0.45,174,0.0027331148380155385
0.45,175,-0.001779745147136548
0.45,176,0.0002064319007278805
0.45,177,0.0008771540035170477
0.45,178,-0.0012043311630947388
0.45,179,0.001785803410454768
0.45,180,0.0037455008215091816
0.45,181,-0.001623818938104232
0.45,182,0.00042500523833154927
0.45,183,-0.0005966441615284988
0.45,184,0.0020981141879291673
0.45,185,0.003538565695157895
0.45,186,0.0005791363502847924
0.45,187,0.007041994815985151
0.45,188,0.003894749660684319
0.45,189,0.007247698269372247
0.45,190,0.029211421875525962
0.45,191,-0.03776524693482757
0.45,192,0.4831281533182519
0.45,193,0.008624740434380239
0.45,194,0.007889114773921872
0.45,195,-0.001980898324719535
0.45,196,0.00033035175460479363
0.45,197,5.891612642035596e-5
0.45,198,0.0005018500317776203
0.46,intercept,0.012923550348705421
0.46,1,0.004411774007091764
0.46,2,0.0012525274030500896
0.46,3,0.002069858963628738
0.46,4,-0.0001607062227392344
0.46,5,0.0012697485006380915
0.46,6,0.0009785245872316304
0.46,7,-0.00032051928447869983
0.46,8,-0.0006187691044465739
0.46,9,0.002205739849805374
0.46,10,-0.0008713246598450197
0.46,11,0.003268128858886204
0.46,12,0.0013500019627268277
0.46,13,-0.0008489006411402254
0.46,14,0.0005419660335274429
0.46,15,-0.00022986869821795106
0.46,16,-0.0019481855064989793
0.46,17,0.0012764711886469268
0.46,18,-0.0007072445948613624
0.46,19,0.000457566754177745
0.46,20,-0.0022776562119616144
0.46,21,-0.0009296870234931294
0.46,22,-0.0006497602068173738
0.46,23,-0.0010109654400107145
0.46,24,0.0001877847514451018
0.46,25,-0.0013074641723206696
0.46,26,-0.0006800592197978489
0.46,27,1.4244064277007051e-5
0.46,28,-0.0018995947456128407
0.46,29,0.001429490649506688
0.46,30,0.0018025050940883407
0.46,31,-0.001130548536252314
0.46,32,-0.00044669386202581766
0.46,33,-0.0008176343140014576
0.46,34,-0.0015576979299838686
0.46,35,-8.406707088505482e-5
0.46,36,0.001926191656324771
0.46,37,0.0004743390524224631
0.46,38,-0.002122686022832184
0.46,39,-0.0003277909200388682
0.46,40,-0.00017050619640785212
0.46,41,0.000928468138585891
0.46,42,-0.0005396685417184591
0.46,43,0.0005460861203459291
0.46,44,0.0020652751277961197
0.46,45,0.001045075708610585
0.46,46,-0.0007285473372476881
0.46,47,0.0014218862566098627
0.46,48,-0.0004232366260648389
0.46,49,0.0005486713009784703
0.46,50,0.00017362478295621114
0.46,51,0.0003824228790206738
0.46,52,0.0012228317745603746
0.46,53,0.0006837800420583118
0.46,54,-0.0006845707034814056
0.46,55,0.0019213878181302698
0.46,56,-0.00022318516571193423
0.46,57,0.0011191387094231042
0.46,58,0.0007445913597324942
0.46,59,0.000799109180815916
0.46,60,-6.912973640443128e-5
0.46,61,4.9149095511096875e-5
0.46,62,0.0011043063268455602
0.46,63,-4.293854423663253e-5
0.46,64,0.00010311208407277297
0.46,65,-0.0013213703463407585
0.46,66,0.00014978922884915542
0.46,67,-0.001214378512775578
0.46,68,0.0002616638060361938
0.46,69,-0.0013646307975995944
0.46,70,0.0005376063321677129
0.46,71,7.46624302607377e-5
0.46,72,-0.001627531471312855
0.46,73,-0.0009630215322930369
0.46,74,-0.0015829701312998878
0.46,75,-5.846609450338123e-5
0.46,76,-0.0012610994626777367
0.46,77,0.0007698730528633047
0.46,78,-0.0006863929487877641
0.46,79,-0.0009992026268447966
0.46,80,0.0007712605264863959
0.46,81,-0.00026569699816059465
0.46,82,0.001724087556746671
0.46,83,1.1380091530989654e-5
0.46,84,0.0011704629357270136
0.46,85,0.001980199798465231
0.46,86,-0.00041960792038895646
0.46,87,-0.0008438687909369967
0.46,88,0.001979415582299748
0.46,89,0.0006872048337258368
0.46,90,-7.872396915939065e-5
0.46,91,0.00043134575179965164
0.46,92,0.002707537465686148
0.46,93,-0.0012475271185005373
0.46,94,0.0035687776593772013
0.46,95,0.0011507694883304473
0.46,96,-0.0015688885246562501
0.46,97,0.008869507633668533
0.46,98,0.0011047825171783042
0.46,99,0.0001640747426413861
0.46,100,0.0020869696988365842
0.46,101,-7.262728468381952e-5
0.46,102,-0.0003385697964875118
0.46,103,0.003687213140980218
0.46,104,0.0005856263143691032
0.46,105,-0.0014125277179856198
0.46,106,0.0001633411456253444
0.46,107,0.0008161945076396643
0.46,108,-0.0007774899326595012
0.46,109,0.0007692899387674489
0.46,110,-0.0005725600551937265
0.46,111,0.0008585064524820973
0.46,112,-5.570132656770014e-5
0.46,113,-0.0009536354881286307
0.46,114,-0.0004328991437405563
0.46,115,-0.0003845749138429375
0.46,116,-0.001143585760760414
0.46,117,-0.0002823568242439753
0.46,118,-7.520261792538744e-5
0.46,119,-0.0020471798762834617
0.46,120,0.0005571463662416605
0.46,121,-0.001535345242895838
0.46,122,-0.0006418077249496002
0.46,123,-0.0011587002907524967
0.46,124,-0.00047413242836947557
0.46,125,-0.000415172324035571
0.46,126,0.0011466413256688726
0.46,127,-0.0012688739382929724
0.46,128,0.0006371358991102982
0.46,129,0.0006865182402928154
0.46,130,-0.00014794931554129294
0.46,131,-0.0003018179564925184
0.46,132,-0.00105841018826293
0.46,133,0.0007406605404334861
0.46,134,-0.000560275638303453
0.46,135,0.001231773674581183
0.46,136,0.0003307011651239223
0.46,137,-0.0002544086382930019
0.46,138,0.0002814371272465967
0.46,139,-0.0009096050530903111
0.46,140,0.00019650645122695298
0.46,141,-0.0006091087808223508
0.46,142,0.001947483290907118
0.46,143,0.00028194741034525105
0.46,144,-0.00014420039414047686
0.46,145,0.0001437600085716131
0.46,146,0.00027887840102774235
0.46,147,0.0003294040823859369
0.46,148,0.0009514357309232518
0.46,149,0.0007675542885052178
0.46,150,0.00046742370129056415
0.46,151,0.000919592670277114
0.46,152,-0.001920988657992413
0.46,153,0.002985428009145332
0.46,154,-0.0006893096890146721
0.46,155,0.0023414094573373347
0.46,156,-0.0014840766824115866
0.46,157,7.131153150113023e-5
0.46,158,0.000556164231714409
0.46,159,0.0013644067193629079
0.46,160,9.04644148996696e-5
0.46,161,-0.00024712493928758314
0.46,162,0.0008940480421044703
0.46,163,-7.812053692801539e-5
0.46,164,-0.0010087678962684382
0.46,165,0.0001529770108090775
0.46,166,0.0010970714174423893
0.46,167,-0.0015293212252350027
0.46,168,-0.000739284828251787
0.46,169,-0.0017973420651489246
0.46,170,0.0011183749860863123
0.46,171,1.2160252244040988e-5
0.46,172,0.002012977969089982
0.46,173,0.00023985516627479534
0.46,174,0.002904406965919952
0.46,175,-0.0019051074900532231
0.46,176,0.00038862729007552686
0.46,177,0.0006809829297254092
0.46,178,-0.0012019139345532958
0.46,179,0.0019478136552818527
0.46,180,0.004319661370280072
0.46,181,-0.0014501838341182982
0.46,182,0.00033208773790395984
0.46,183,-0.0008316632013279949
0.46,184,0.0020262175524691
0.46,185,0.0032969227965403795
0.46,186,0.0008196564261828152
0.46,187,0.007148278813257179
0.46,188,0.0036482642260832862
0.46,189,0.007073800607120126
0.46,190,0.029321722377833568
0.46,191,-0.03821994827622779
0.46,192,0.4925760802131732
0.46,193,0.008729590613210362
0.46,194,0.007989353699253987
0.46,195,-0.001958404269582157
0.46,196,0.00024987613207598335
0.46,197,9.538838538680504e-6
0.46,198,0.0005157303567747372
0.47,intercept,0.01276254723640884
0.47,1,0.004474438285109617
0.47,2,0.000994525537621833
0.47,3,0.0020737001846525766
0.47,4,-0.00033541164657703055
0.47,5,0.0013624589704200254
0.47,6,0.0008656889356212235
0.47,7,-5.6410829486445436e-5
0.47,8,-0.0005212288978294333
0.47,9,0.0020966428699566698
0.47,10,-0.0007394666487897427
0.47,11,0.0030843824907892422
0.47,12,0.001543582239886987
0.47,13,-0.0014032879680608804
0.47,14,0.0007084763315686349
0.47,15,-0.00019608560886174109
0.47,16,-0.0018583542109876633
0.47,17,0.001079138487603041
0.47,18,-0.00028066827202675277
0.47,19,0.00029579878645193835
0.47,20,-0.002060113467317077
0.47,21,-0.001110822169476494
0.47,22,-0.0008112806420211214
0.47,23,-0.0007176206119462981
0.47,24,0.00015142187222009197
0.47,25,-0.0012947155045824337
0.47,26,-0.0005766040691403031
0.47,27,-0.00035689318933394246
0.47,28,-0.0015040857117224605
0.47,29,0.001392111301837575
0.47,30,0.0018279510773226244
0.47,31,-0.000982774833850301
0.47,32,-0.0006413821175372943
0.47,33,-0.00040443562451222457
0.47,34,-0.0014521385026518463
0.47,35,-0.0003073889472637281
0.47,36,0.0018045827050370388
0.47,37,8.321922391829418e-5
0.47,38,-0.001827098276148257
0.47,39,-0.000633806673254978
0.47,40,-0.00017795632920016537
0.47,41,0.0009418831940402066
0.47,42,-0.00036520765190744544
0.47,43,0.00037893956464845274
0.47,44,0.0021345284096386105
0.47,45,0.0005217644509220927
0.47,46,-0.0005170812102308679
0.47,47,0.001277296852171553
0.47,48,-0.00039149260333960604
0.47,49,0.0005960673416087762
0.47,50,0.00015440923714466213
0.47,51,0.0004916435793673819
0.47,52,0.0013505733465796685
0.47,53,0.001045090260283392
0.47,54,-0.0011843268596154768
0.47,55,0.0018252392310381042
0.47,56,0.00016450000403797586
0.47,57,0.0008014768430123205
0.47,58,0.0007131788886936147
0.47,59,0.0006423414893461432
0.47,60,-3.578033550945881e-5
0.47,61,-9.247765166769689e-5
0.47,62,0.0012638210287369126
0.47,63,-6.910175693653959e-6
0.47,64,6.538603401941623e-5
0.47,65,-0.0011200719735113473
0.47,66,0.00013579162706747695
0.47,67,-0.0012072465419204596
0.47,68,0.00012654636986670218
0.47,69,-0.0012247647735538602
0.47,70,0.0006927226878776312
0.47,71,0.0003674969898027481
0.47,72,-0.0020853754542433673
0.47,73,-0.0008769237036536703
0.47,74,-0.001969575748358187
0.47,75,-0.00015936770854381685
0.47,76,-0.0006726007882665776
0.47,77,0.00030662877660448464
0.47,78,-0.0006286293937023421
0.47,79,-0.0012351371829480264
0.47,80,0.001136056698407275
0.47,81,-0.0005077843337090563
0.47,82,0.0019778847218623386
0.47,83,-0.0002557593799572327
0.47,84,0.001385974274977436
0.47,85,0.0015553128670056865
0.47,86,9.192708970995599e-5
0.47,87,-0.0007130777691439254
0.47,88,0.0015213419996019577
0.47,89,0.0011973680727051209
0.47,90,-0.00034906390076248537
0.47,91,0.0006845807696746988
0.47,92,0.002677203138777942
0.47,93,-0.0021318443621451896
0.47,94,0.003985292885877325
0.47,95,0.0010481297208780609
0.47,96,-0.001613668733708566
0.47,97,0.008705248148935016
0.47,98,0.001131491230862843
0.47,99,0.00028335207983167394
0.47,100,0.0017911702224994964
0.47,101,-0.00025956497408879427
0.47,102,-5.24151421216315e-5
0.47,103,0.003962512666122744
0.47,104,0.0004983259797982214
0.47,105,-0.0013327417026042648
0.47,106,-0.0001860219751142024
0.47,107,0.0009768900031711842
0.47,108,-0.0007455547816518124
0.47,109,0.0008799192671620688
0.47,110,-0.0008888887737885575
0.47,111,0.0011062229297946413
0.47,112,0.00032127298091774183
0.47,113,-0.0012411377286553561
0.47,114,-0.0005952498775598388
0.47,115,-0.0004552278225165712
0.47,116,-0.0010842630000315275
0.47,117,-0.0001974115746224562
0.47,118,0.0003840639712193211
0.47,119,-0.0024671772634198277
0.47,120,0.0009832181772312975
0.47,121,-0.001888679451922462
0.47,122,-0.0006767315907192433
0.47,123,-0.0009369895214848484
0.47,124,-0.000931213945997943
0.47,125,-4.158965296402124e-5
0.47,126,0.0009657935319499004
0.47,127,-0.0012029184763359363
0.47,128,0.0005575388595937216
0.47,129,0.0006201427515689783
0.47,130,0.0003430041878577813
0.47,131,-0.00040799157506738837
0.47,132,-0.0005445790810215688
0.47,133,0.00037026020720932914
0.47,134,-0.0006016488006031297
0.47,135,0.0013771620707457792
0.47,136,0.00047804486584824613
0.47,137,-0.0005788935854611375
0.47,138,0.000675639726654649
0.47,139,-0.000941381888410927
0.47,140,0.00014571566720447178
0.47,141,-0.0002628201977508893
0.47,142,0.0014382583492269373
0.47,143,0.0003565938055551051
0.47,144,0.000159808766754786
0.47,145,-0.0002747866758810054
0.47,146,0.0007857726844323289
0.47,147,-0.00013309507708278694
0.47,148,0.0008564640183089853
0.47,149,0.0005452939322458332
0.47,150,0.0007960166943523402
0.47,151,0.0005902453949528325
0.47,152,-0.0018001806809431473
0.47,153,0.0032702385419734327
0.47,154,-0.0009971526879494442
0.47,155,0.002188729365998952
0.47,156,-0.001183160739663243
0.47,157,-0.0003047014184818384
0.47,158,0.0007580821590496623
0.47,159,0.0010972938459211518
0.47,160,0.00033662494030733996
0.47,161,-0.0006393928016519333
0.47,162,0.0013920407547978553
0.47,163,-4.914429104069005e-5
0.47,164,-0.0007924729840610176
0.47,165,0.00043430530973226545
0.47,166,0.0008039723579596715
0.47,167,-0.0016166493636491318
0.47,168,-0.0005585767941768533
0.47,169,-0.0017612819635145285
0.47,170,0.001262805778957069
0.47,171,-0.00028893124497248737
0.47,172,0.0023486722930891207
0.47,173,0.00018503034547306084
0.47,174,0.0032744331653860644
0.47,175,-0.002069345643477547
0.47,176,0.00030297407067825303
0.47,177,0.0007503103723446873
0.47,178,-0.0011545375244564145
0.47,179,0.0021448298511925275
0.47,180,0.003990637539852136
0.47,181,-0.0012920417747360946
0.47,182,3.9211112995793475e-5
0.47,183,-0.0006737740869056447
0.47,184,0.002517077928981726
0.47,185,0.0026262773329642484
0.47,186,0.0012494888273462134
0.47,187,0.006900600905520103
0.47,188,0.003989167287723234
0.47,189,0.00650040031987453
0.47,190,0.029767380128623303
0.47,191,-0.038113411556751665
0.47,192,0.5030041106682099
0.47,193,0.00953454293156776
0.47,194,0.007640167193625223
0.47,195,-0.0019239499282980117
0.47,196,0.00022892074319936367
0.47,197,8.300433940007725e-6
0.47,198,0.00048391796929384397
0.48,intercept,0.012592337272662742
0.48,1,0.004098462362345213
0.48,2,0.0013985744309200736
0.48,3,0.0017201797924859814
0.48,4,-0.0003966025669829847
0.48,5,0.001652077241074267
0.48,6,0.0006722597454682709
0.48,7,-6.939247812104975e-5
0.48,8,-0.0004923574755859801
0.48,9,0.0016299135004047267
0.48,10,-0.0004690092783079257
0.48,11,0.0031963707450655475
0.48,12,0.0011598306015410521
0.48,13,-0.0008549052997988787
0.48,14,0.00018503306617277698
0.48,15,-0.00010808734553387504
0.48,16,-0.0015511320163544085
0.48,17,0.0006702505927572444
0.48,18,4.47703711690162e-5
0.48,19,0.000255341436525246
0.48,20,-0.0018506046917855868
0.48,21,-0.0011318526002145764
0.48,22,-0.00014688801835477662
0.48,23,-0.0009135876518950946
0.48,24,-0.00019337729786098566
0.48,25,-0.0011924511611683208
0.48,26,-0.0006757116945925982
0.48,27,-0.0002901489719623521
0.48,28,-0.0016162337057512896
0.48,29,0.0012827903746405176
0.48,30,0.0018659103481877047
0.48,31,-0.0011547946232652137
0.48,32,-0.00047392413865131474
0.48,33,-0.0005150784373278887
0.48,34,-0.001401213418803002
0.48,35,-0.0004101086969538747
0.48,36,0.0020399690804550593
0.48,37,-0.0001120527557278362
0.48,38,-0.0016017221719175306
0.48,39,-0.0008889626733209263
0.48,40,-0.0003580547384524235
0.48,41,0.001049207513422322
0.48,42,-0.00032755567310944854
0.48,43,0.00038645282945941697
0.48,44,0.0018954100433007325
0.48,45,0.0008844829709743878
0.48,46,-0.0007293263366827969
0.48,47,0.001322672900058827
0.48,48,-0.00024753793240519416
0.48,49,0.0006245407514930623
0.48,50,8.738678182362944e-5
0.48,51,0.0004387769182980832
0.48,52,0.0013507658891930962
0.48,53,0.0008988892848060732
0.48,54,-0.0013320892418829905
0.48,55,0.0019307923910773922
0.48,56,0.00016916558466178273
0.48,57,0.0009018996367111639
0.48,58,0.0006631366837083917
0.48,59,0.0004469848235364457
0.48,60,0.00017934452254222524
0.48,61,-0.00010773276146957354
0.48,62,0.0012382108279768145
0.48,63,-0.00011015975131323035
0.48,64,0.00016506944957673448
0.48,65,-0.0014582937024847573
0.48,66,7.819068678228188e-5
0.48,67,-0.0010079285812072457
0.48,68,0.00011918838376845366
0.48,69,-0.001612701609811762
0.48,70,0.0008600979098528394
0.48,71,0.0005102542797400865
0.48,72,-0.0020411435587131843
0.48,73,-0.0006063786946306358
0.48,74,-0.0017316675664513883
0.48,75,-0.00036516237111796095
0.48,76,-0.0006363714119067809
0.48,77,0.0003389294241253606
0.48,78,-0.0006154689827453971
0.48,79,-0.0009715338672717627
0.48,80,0.000995395439402441
0.48,81,-0.00014457346317639275
0.48,82,0.0018046815987906202
0.48,83,-0.0003219958911961281
0.48,84,0.0015615379833723785
0.48,85,0.0015443213503297305
0.48,86,-6.568280040148873e-5
0.48,87,-0.0007975105478829232
0.48,88,0.001570421882499109
0.48,89,0.0010957165173415301
0.48,90,-0.00030254175542991174
0.48,91,0.00047309748122331235
0.48,92,0.0027112370640374004
0.48,93,-0.002526510619449975
0.48,94,0.004017740620903057
0.48,95,0.0014187780763482633
0.48,96,-0.0012582330436633458
0.48,97,0.00834303646614118
0.48,98,0.000893484754279969
0.48,99,0.0002907852232478345
0.48,100,0.0018517356580759958
0.48,101,-8.984853980134247e-5
0.48,102,7.494006874103015e-5
0.48,103,0.004008912829509422
0.48,104,0.00015490304547197963
0.48,105,-0.0010703990829661165
0.48,106,-0.00027527183904413013
0.48,107,0.0008400265848801981
0.48,108,-0.0004201403240863245
0.48,109,0.0007040568327740183
0.48,110,-0.0007203270338094596
0.48,111,0.001101075325152858
0.48,112,0.00038728604374699456
0.48,113,-0.0010274504044414843
0.48,114,-0.0006818372552790208
0.48,115,-0.00043916812890708415
0.48,116,-0.0012283813495219658
0.48,117,-0.0002364263184119483
0.48,118,0.0003830026992255311
0.48,119,-0.002185802132035494
0.48,120,0.0010863277572369587
0.48,121,-0.0019225304656235855
0.48,122,-0.000556122034633893
0.48,123,-0.0010280877535373126
0.48,124,-0.0008908938193927771
0.48,125,0.00018515529485934717
0.48,126,0.000849121347999409
0.48,127,-0.0012650507132112498
0.48,128,0.0006613325540826798
0.48,129,0.0005882398846310589
0.48,130,0.00032903605215432085
0.48,131,-0.0005365013082836015
0.48,132,-0.00048235016877589874
0.48,133,0.00043560725917057364
0.48,134,-0.0006683274833094987
0.48,135,0.0013718934632817674
0.48,136,0.00037665103414570193
0.48,137,-0.0005844242065522461
0.48,138,0.000544192958992678
0.48,139,-0.0003850050206151
0.48,140,-9.186064220653192e-6
0.48,141,-0.0003824228685801413
0.48,142,0.0014183768328300422
0.48,143,0.0004231903093713156
0.48,144,3.870507656756029e-5
0.48,145,-5.098843959501779e-5
0.48,146,0.000602077964134203
0.48,147,-0.0004733532677954185
0.48,148,0.0011954304743558924
0.48,149,0.0003681236397570975
0.48,150,0.0005780531064466499
0.48,151,0.0007737857770860495
0.48,152,-0.0019894934534408775
0.48,153,0.0033816867042739717
0.48,154,-0.00145027637557079
0.48,155,0.0026902084570740816
0.48,156,-0.0014413867721468456
0.48,157,-0.000218494236207042
0.48,158,0.0005898068623206371
0.48,159,0.0011952885931213564
0.48,160,0.0005113148985092814
0.48,161,-0.0009573359341927975
0.48,162,0.0017560643434926073
0.48,163,-0.00024147600127729865
0.48,164,-0.0007296084356683131
0.48,165,0.0008079621539432392
0.48,166,0.000754361624964218
0.48,167,-0.0016016529452672296
0.48,168,-0.00035590949928962
0.48,169,-0.0014897987213735376
0.48,170,0.000997016355760977
0.48,171,-0.0003412114381205647
0.48,172,0.002171203244259917
0.48,173,6.085939737219008e-5
0.48,174,0.0031888066447132535
0.48,175,-0.0020958817061826973
0.48,176,0.0002763453490753887
0.48,177,0.0006178174730142813
0.48,178,-0.0012513767024402674
0.48,179,0.0022090741670740387
0.48,180,0.003792261236865957
0.48,181,-0.0009463336268511712
0.48,182,-5.039623430825842e-5
0.48,183,-0.0008705287251521359
0.48,184,0.0028465611654201707
0.48,185,0.0021186005002033436
0.48,186,0.0013240430539153629
0.48,187,0.006970249240318526
0.48,188,0.004199701399136399
0.48,189,0.005691018115451006
0.48,190,0.03040732262049488
0.48,191,-0.03792831108492972
0.48,192,0.5141941300523244
0.48,193,0.00974700772868218
0.48,194,0.008089471249110051
0.48,195,-0.0019187890735821256
0.48,196,0.00020318118863447054
0.48,197,2.131887212303285e-5
0.48,198,0.0005050713917761525
0.49,intercept,0.012455925675593936
0.49,1,0.003912091630380716
0.49,2,0.0015114822665838461
0.49,3,0.0011825210122288934
0.49,4,-0.00023438491912169238
0.49,5,0.0018034911976849818
0.49,6,0.0005602337139740556
0.49,7,2.7300093712404057e-5
0.49,8,-0.00010956333819883612
0.49,9,0.0011852373933778776
0.49,10,-0.0004212857024023238
0.49,11,0.003124872327563766
0.49,12,0.0010769635144303438
0.49,13,-0.0004356509504610088
0.49,14,4.004055143669148e-5
0.49,15,-0.00011822982744404478
0.49,16,-0.0016038140578367914
0.49,17,0.0011342255210710726
0.49,18,-2.3349145938137557e-6
0.49,19,0.000181964069140729
0.49,20,-0.0016531681967857364
0.49,21,-0.0012077395638970564
0.49,22,-0.00041869604104793917
0.49,23,-0.0004601399638036356
0.49,24,-0.00036560720818194
0.49,25,-0.0011657284177474388
0.49,26,-0.0009045648540910779
0.49,27,3.7707568285930775e-5
0.49,28,-0.0019208690394439951
0.49,29,0.0017508218376761711
0.49,30,0.0018097966093374314
0.49,31,-0.001350084244625132
0.49,32,-0.0004527048217398067
0.49,33,-0.0005978523523226332
0.49,34,-0.0011983948872956861
0.49,35,-0.0005840253161027646
0.49,36,0.0018961948985901941
0.49,37,5.233400182592686e-5
0.49,38,-0.0015628145610972163
0.49,39,-0.0006210023999173639
0.49,40,-0.0005313816581877737
0.49,41,0.0008114619794124415
0.49,42,-0.00014094412317751774
0.49,43,5.557730238469054e-5
0.49,44,0.0016709823647395343
0.49,45,0.001031527592433204
0.49,46,-0.000478984486948308
0.49,47,0.0010374095612682948
0.49,48,9.435608622466241e-5
0.49,49,9.880714904845377e-5
0.49,50,0.0003293011879762168
0.49,51,0.0001918040430396708
0.49,52,0.001322866972881817
0.49,53,0.0008371160181715853
0.49,54,-0.0015542693102068576
0.49,55,0.0019689789890121995
0.49,56,0.00010102854431267151
0.49,57,0.0009364045528461794
0.49,58,0.0008809145996711691
0.49,59,0.0003375833866769375
0.49,60,0.00046990231766588667
0.49,61,-0.00036314456583523043
0.49,62,0.0013679556613370846
0.49,63,-0.0003808139259000653
0.49,64,0.0004993211664639607
0.49,65,-0.0016421575866035912
0.49,66,0.00011051789194553176
0.49,67,-0.0007560631390917314
0.49,68,-2.403307574554629e-5
0.49,69,-0.001417025701339824
0.49,70,0.0007087322988482114
0.49,71,0.0005081384246508106
0.49,72,-0.002161476707295296
0.49,73,-1.913634796204208e-5
0.49,74,-0.0019389724252895817
0.49,75,-0.0006864136144632343
0.49,76,-0.000330071152730024
0.49,77,0.0001383329559018591
0.49,78,-0.0003842541153282525
0.49,79,-0.001259912598769772
0.49,80,0.0009590504600799799
0.49,81,-0.00010791517851137265
0.49,82,0.0014492935517884773
0.49,83,-0.0002941083891978959
0.49,84,0.0016887096022590233
0.49,85,0.001131790917251945
0.49,86,-0.0002933212602124091
0.49,87,-0.0007248342139547077
0.49,88,0.0017262140207024755
0.49,89,0.0010585575402732486
0.49,90,-0.0005808971885251824
0.49,91,0.0007175718785639096
0.49,92,0.002302658402101201
0.49,93,-0.0024524387856509925
0.49,94,0.004147501582548537
0.49,95,0.0013685980999246174
0.49,96,-0.0010820354157355244
0.49,97,0.008374932373093514
0.49,98,0.0006647947435593629
0.49,99,0.0010427931497843047
0.49,100,0.0018587807013286492
0.49,101,1.893134406102861e-5
0.49,102,-0.00023974528595323722
0.49,103,0.0037792884842141384
0.49,104,-6.227554315552573e-5
0.49,105,-0.00086535024303184
0.49,106,-6.12622391842365e-5
0.49,107,0.0003198337251376634
0.49,108,-0.00027859051842794776
0.49,109,0.0005958749757759067
0.49,110,-0.0006014232638925454
0.49,111,0.0010020887735116167
0.49,112,0.0005131121918597636
0.49,113,-0.0011118994511866978
0.49,114,-0.0004165135812461752
0.49,115,-0.0006274501621802691
0.49,116,-0.0011316890361812355
0.49,117,-0.00018612715382445091
0.49,118,0.00011653335828954805
0.49,119,-0.0023477990751862177
0.49,120,0.0011234178373169122
0.49,121,-0.0017595442010420355
0.49,122,-0.0005310994498415387
0.49,123,-0.0009076900363640055
0.49,124,-0.0006495443730389335
0.49,125,-9.553204901868394e-6
0.49,126,0.0008893506835302607
0.49,127,-0.001256007230570209
0.49,128,0.0003277106752888257
0.49,129,0.000556549264525854
0.49,130,0.00032357221827806126
0.49,131,-0.00041382785628241695
0.49,132,-0.0005379777342026627
0.49,133,0.0004186442348414707
0.49,134,-0.0006821305092399548
0.49,135,0.0013504528583327216
0.49,136,0.000385640753147064
0.49,137,-0.0006675315739735817
0.49,138,0.0006533515592913758
0.49,139,-0.00035553305401509497
0.49,140,0.00019898892447772507
0.49,141,-0.0003013407967635854
0.49,142,0.0012201376952676727
0.49,143,0.0005074203874529463
0.49,144,-0.00017081228326767576
0.49,145,0.00025273531039543643
0.49,146,0.00046971068028405004
0.49,147,-0.0004574901364130336
0.49,148,0.0011426098562387099
0.49,149,0.0007675749417986711
0.49,150,0.00046725159466323615
0.49,151,0.0007386944931932863
0.49,152,-0.0024075164997293718
0.49,153,0.003639423526163688
0.49,154,-0.0016903479640117973
0.49,155,0.002727116750582311
0.49,156,-0.0014478644988262046
0.49,157,-0.0004025239197112084
0.49,158,0.000485030366136947
0.49,159,0.0010820100590511828
0.49,160,0.0008978934906407555
0.49,161,-0.0006735029661493493
0.49,162,0.001509836556569702
0.49,163,-0.0002165422851680089
0.49,164,-0.0008720523767066916
0.49,165,0.0007653124531327558
0.49,166,0.0007160397066791501
0.49,167,-0.001736291812973596
0.49,168,-0.0005354705917720405
0.49,169,-0.0011734447483186688
0.49,170,0.000905545215173613
0.49,171,0.00018154353622881493
0.49,172,0.001485559302671516
0.49,173,0.000655845759548078
0.49,174,0.0024047507780285424
0.49,175,-0.0011812793175439416
0.49,176,-0.00021920946883049542
0.49,177,0.0011521046780663207
0.49,178,-0.0015019103471335929
0.49,179,0.0021826066440580392
0.49,180,0.003671027271358359
0.49,181,-0.0007823922935959037
0.49,182,0.0007030331708722836
0.49,183,-0.0008492078065828516
0.49,184,0.0030132599256765835
0.49,185,0.0018438756458773083
0.49,186,0.0015379566058213606
0.49,187,0.0066359768707768
0.49,188,0.0045678846432483464
0.49,189,0.0059143848360320595
0.49,190,0.02981466648750853
0.49,191,-0.03670148806825545
0.49,192,0.5249646094543622
0.49,193,0.01012002504988728
0.49,194,0.008175640704569274
0.49,195,-0.001872594869716175
0.49,196,0.00023955494863955133
0.49,197,-2.8861624494226432e-6
0.49,198,0.0005682556102170663
0.5,intercept,0.012219279616858342
0.5,1,0.003578317912010127
0.5,2,0.0015620330875551227
0.5,3,0.001213910682508211
0.5,4,-0.00024048639282367036
0.5,5,0.001725878000511357
0.5,6,0.0005244226062306149
0.5,7,0.0002269474442874358
0.5,8,0.00016158055472512964
0.5,9,0.0006027911825988579
0.5,10,-0.00024395284258801395
0.5,11,0.003029316859380981
0.5,12,0.0011248325242686876
0.5,13,-0.000387693020081404
0.5,14,9.85869286870234e-5
0.5,15,-0.0002001770980399237
0.5,16,-0.00163298514744055
0.5,17,0.001354869298617081
0.5,18,-5.539822257776397e-5
0.5,19,0.000372730536892782
0.5,20,-0.0016085939462461027
0.5,21,-0.0009425597392883658
0.5,22,-0.0006024745748138701
0.5,23,-0.00035529840654498115
0.5,24,-0.0004967525730958988
0.5,25,-0.0007141465390932576
0.5,26,-0.0009273874620255226
0.5,27,0.00019757380246035293
0.5,28,-0.002272749728375326
0.5,29,0.0018108141162534515
0.5,30,0.0019115279815153222
0.5,31,-0.0014034079105526309
0.5,32,-0.00043513606864669334
0.5,33,-0.0009201157180226354
0.5,34,-0.0008674680360000272
0.5,35,-0.0008290496812394974
0.5,36,0.0021998577421507687
0.5,37,0.00011722486968857791
0.5,38,-0.0017268112565734122
0.5,39,-0.0004741580502199222
0.5,40,-0.0008666008016155051
0.5,41,0.0008995416115890961
0.5,42,-0.00022979947903500954
0.5,43,2.7501388889944966e-5
0.5,44,0.0017145055507111178
0.5,45,0.000708750506118062
0.5,46,-0.00014556238217523006
0.5,47,0.0008983319772419334
0.5,48,-7.76999761009719e-6
0.5,49,0.00019463705046047892
0.5,50,0.00037184603396784227
0.5,51,0.00023248414063886544
0.5,52,0.001080042237742289
0.5,53,0.0007698131439404618
0.5,54,-0.0014275668259165182
0.5,55,0.0020716665933563274
0.5,56,-0.00022911538322948634
0.5,57,0.00112110225018267
0.5,58,0.0007106581971993282
0.5,59,0.0004709856074962882
0.5,60,0.0003279542532209379
0.5,61,-0.0007667670525334794
0.5,62,0.0015269773192349231
0.5,63,-0.00017892010347338795
0.5,64,0.0005966977624306748
0.5,65,-0.0015349372577331815
0.5,66,-1.9580978232959357e-6
0.5,67,-0.0004044427724195941
0.5,68,-0.00013992150851348308
0.5,69,-0.001662569996933164
0.5,70,0.0006051209765894714
0.5,71,0.00041084944779000817
0.5,72,-0.002184043903893201
0.5,73,7.824232776780372e-5
0.5,74,-0.0019951681207404123
0.5,75,-0.0007733302284322436
0.5,76,-0.0004972497066903522
0.5,77,9.837042107229981e-5
0.5,78,-4.9306846770141484e-5
0.5,79,-0.0014419850616838189
0.5,80,0.0007874801197849424
0.5,81,-8.349410982689252e-5
0.5,82,0.0012187213520640037
0.5,83,-0.0004042882220157498
0.5,84,0.0015087241424812763
0.5,85,0.0013476945896392359
0.5,86,-0.0004945942171936195
0.5,87,-0.00042858699364990694
0.5,88,0.0012598639431554489
0.5,89,0.0008907084358957194
0.5,90,-0.0005478301761571927
0.5,91,0.0006271111312725739
0.5,92,0.002551874019005399
0.5,93,-0.0026325172726343574
0.5,94,0.004478492308522772
0.5,95,0.0008969209922762933
0.5,96,-0.0009548866851097188
0.5,97,0.008424448982535077
0.5,98,0.00043950360556652325
0.5,99,0.0015608324659328542
0.5,100,0.001794127903804474
0.5,101,-0.00012919321983365854
0.5,102,-9.423239823517203e-5
0.5,103,0.0036514214743042354
0.5,104,-0.0003806618097913266
0.5,105,-0.00041540444370219784
0.5,106,0.00018452202184458913
0.5,107,0.0004684057065152469
0.5,108,-0.00019988620176678658
0.5,109,0.00043595648155054763
0.5,110,-0.0004759919293204389
0.5,111,0.0011903431207736118
0.5,112,0.00031633608224844977
0.5,113,-0.001063991053392342
0.5,114,-0.00023584876156654803
0.5,115,-0.0008459943196210991
0.5,116,-0.001083489980630751
0.5,117,-2.594266978391232e-5
0.5,118,1.1411224973866128e-5
0.5,119,-0.00256651969901774
0.5,120,0.0010497841611067729
0.5,121,-0.0015431362719453157
0.5,122,-9.098720264388124e-5
0.5,123,-0.0010017568709550333
0.5,124,-0.0005160370025610601
0.5,125,-9.212939336259022e-5
0.5,126,0.0010622064108773155
0.5,127,-0.0011062836061178677
0.5,128,1.2934268812596855e-5
0.5,129,0.0009570404468110728
0.5,130,0.00046540252948645567
0.5,131,-0.0007387788530776226
0.5,132,-0.0002880439919409361
0.5,133,0.00038609521391981115
0.5,134,-0.0006240880882358396
0.5,135,0.0014740243681794468
0.5,136,0.0002104166368395003
0.5,137,-0.000810164145445144
0.5,138,0.0006787845823449785
0.5,139,-3.935026161504109e-5
0.5,140,0.00020154533283854397
0.5,141,-6.236224391578898e-5
0.5,142,0.0012670063755419036
0.5,143,0.0004949868799618579
0.5,144,-0.00026440235875076326
0.5,145,0.0003757166518863511
0.5,146,0.00026991374496148225
0.5,147,-0.0003285284856155071
0.5,148,0.0007937642087479679
0.5,149,0.0009321415872002515
0.5,150,0.000702297804342299
0.5,151,0.00041181625839453566
0.5,152,-0.0023206627832778495
0.5,153,0.003544878068389563
0.5,154,-0.0017346362321577031
0.5,155,0.0023693084959349494
0.5,156,-0.0011172294981147432
0.5,157,-0.00039451091185108557
0.5,158,0.00019886464459938687
0.5,159,0.0012654648468031588
0.5,160,0.0009508000139281774
0.5,161,-0.0009752751285837357
0.5,162,0.0019294795648040952
0.5,163,-0.0008787250790353157
0.5,164,-0.0005461219452210672
0.5,165,0.0011639721962331576
0.5,166,0.0005219252151392626
0.5,167,-0.0015155456567419743
0.5,168,-0.0006788931515911076
0.5,169,-0.0009801039935945766
0.5,170,0.0005367874489835472
0.5,171,7.1132582490686366e-6
0.5,172,0.0015753299627015542
0.5,173,0.0008838693507195488
0.5,174,0.0022756228007785296
0.5,175,-0.0008842047832879512
0.5,176,-0.0001659565391396027
0.5,177,0.0009149403689473883
0.5,178,-0.0015461210557190658
0.5,179,0.001939121995172164
0.5,180,0.003984083027766007
0.5,181,-0.0004484199503036636
0.5,182,0.00016166800403220595
0.5,183,-0.0005691354522550927
0.5,184,0.0031156664333155466
0.5,185,0.0017501729999397952
0.5,186,0.0018083939442698745
0.5,187,0.006813405384166828
0.5,188,0.005339874088478606
0.5,189,0.005538714274682286
0.5,190,0.029468494312940203
0.5,191,-0.037081780850336345
0.5,192,0.5386593848946661
0.5,193,0.009997700856250584
0.5,194,0.008062727859783946
0.5,195,-0.0018932236155685632
0.5,196,0.0002127229919449546
0.5,197,-2.485824337066717e-5
0.5,198,0.000574276567345898
0.51,intercept,0.012017166070823104
0.51,1,0.003949313398300808
0.51,2,0.0015728655832243984
0.51,3,0.0014225784173222558
0.51,4,-0.00044759248274534166
0.51,5,0.0017936883100486273
0.51,6,0.000509366077456858
0.51,7,5.621678742940877e-5
0.51,8,0.0004637888987650279
0.51,9,0.0005075798197271375
0.51,10,-0.0001570016717249415
0.51,11,0.002937443211473561
0.51,12,0.0010274274320376292
0.51,13,-0.0001492997595555341
0.51,14,-0.00019295136943963604
0.51,15,-0.00010979256605110285
0.51,16,-0.0015865320126455548
0.51,17,0.0011041324507002953
0.51,18,0.00026117275702604325
0.51,19,0.00012066592481399768
0.51,20,-0.0017807165019781224
0.51,21,-0.0006477322689802097
0.51,22,-0.0005554556418538697
0.51,23,-0.00028502883918240585
0.51,24,-0.00045441152747926225
0.51,25,-0.0009281482099711471
0.51,26,-0.0007705508549986913
0.51,27,3.8521858445341124e-5
0.51,28,-0.00203380872598431
0.51,29,0.0016799252946856412
0.51,30,0.0016598367481119767
0.51,31,-0.0013620391307178647
0.51,32,-0.0002923952218900348
0.51,33,-0.0008731839990840046
0.51,34,-0.0009385187998741217
0.51,35,-0.0008849904128238868
0.51,36,0.002281322381179102
0.51,37,4.069675079187881e-5
0.51,38,-0.0016407479612457563
0.51,39,-0.0006687956612015157
0.51,40,-0.0005246982903776795
0.51,41,0.0006291622469430608
0.51,42,-0.00029048613911934084
0.51,43,0.0003135574854917336
0.51,44,0.00144349548999304
0.51,45,0.0007410029585898798
0.51,46,0.0001730687070111411
0.51,47,0.0005243899240414047
0.51,48,0.0003050623012517091
0.51,49,-2.8636800732441156e-5
0.51,50,0.00012690073579049312
0.51,51,0.00035392768531347733
0.51,52,0.0010173460386955929
0.51,53,0.0008990172641935023
0.51,54,-0.0013909546035333596
0.51,55,0.002044749199911556
0.51,56,-0.00027489073399796746
0.51,57,0.0011720621595722048
0.51,58,0.0004343737127244756
0.51,59,0.0005524618058049309
0.51,60,0.00037558219575216026
0.51,61,-0.0006943664494172795
0.51,62,0.001499563253597405
0.51,63,-0.00018485448761395193
0.51,64,0.0003665334987240967
0.51,65,-0.001584063168970234
0.51,66,6.792447733772556e-5
0.51,67,-0.0008350338175769165
0.51,68,0.00010041612366553324
0.51,69,-0.0017812104231654342
0.51,70,0.0006429653234854198
0.51,71,0.000293114753372021
0.51,72,-0.002089423910074074
0.51,73,-0.00047235074955160076
0.51,74,-0.0016966392154465458
0.51,75,-0.000966280898546096
0.51,76,-0.000527274943222695
0.51,77,0.00048566038131216284
0.51,78,0.00020304741585959124
0.51,79,-0.001905456567980207
0.51,80,0.0007093228034440832
0.51,81,0.00016339612753383915
0.51,82,0.0008888038398561302
0.51,83,-0.0001173254802316696
0.51,84,0.0015446510600357736
0.51,85,0.001602895485194331
0.51,86,-0.00043565375838835704
0.51,87,-0.00044838742238240945
0.51,88,0.0010027756458263631
0.51,89,0.0012538872333082728
0.51,90,-0.00043466980645530715
0.51,91,0.0006498296612712023
0.51,92,0.0024204709760154266
0.51,93,-0.00268725709456448
0.51,94,0.004832844613186198
0.51,95,0.0005773964043821248
0.51,96,-0.0008212390813243423
0.51,97,0.008440295208922482
0.51,98,0.0002230301246965813
0.51,99,0.0017074147009545795
0.51,100,0.0018837452704982807
0.51,101,-0.00010573909872223854
0.51,102,-0.00033316844263813476
0.51,103,0.0034888785728167406
0.51,104,-0.00035449308201220757
0.51,105,-0.0003615305646631125
0.51,106,0.0003295474466758389
0.51,107,0.00023193033503679733
0.51,108,-5.2368403184579064e-5
0.51,109,0.00013506554485513269
0.51,110,-0.0003676001036059852
0.51,111,0.0014543438441688887
0.51,112,0.00030953528923747674
0.51,113,-0.0010021518710220845
0.51,114,-0.00037610120432094606
0.51,115,-0.0008745256812450455
0.51,116,-0.0012221712358741084
0.51,117,9.412709419268812e-6
0.51,118,-0.00033164944023115654
0.51,119,-0.002337575687567678
0.51,120,0.0007540427396877775
0.51,121,-0.0016047585252350219
0.51,122,-0.00024204481859998884
0.51,123,-0.0007413248338279162
0.51,124,-0.00032417551761850866
0.51,125,4.268674798451866e-5
0.51,126,0.0013454793978067254
0.51,127,-0.0012699875290220876
0.51,128,0.00015229033863430044
0.51,129,0.0006208643178430089
0.51,130,0.0010719716058524432
0.51,131,-0.0011372323153997074
0.51,132,-0.00019926086507366547
0.51,133,0.00028099901285697724
0.51,134,-0.0004090519614179912
0.51,135,0.001637383272298638
0.51,136,0.00025526503630723507
0.51,137,-0.001113075994748591
0.51,138,0.0007178695057555079
0.51,139,-3.716519969862684e-5
0.51,140,0.0002903501877000673
0.51,141,-0.0004226500252321877
0.51,142,0.001230024989493807
0.51,143,0.00037153194611417906
0.51,144,-0.00022159510697254966
0.51,145,0.00016099298845568324
0.51,146,0.00045275620680026903
0.51,147,-0.0005496068306273626
0.51,148,0.0008723081956247918
0.51,149,0.000710093899124159
0.51,150,0.0007781356642215595
0.51,151,0.0005049113826847722
0.51,152,-0.0023643970262044356
0.51,153,0.003454618739873023
0.51,154,-0.001527510853401973
0.51,155,0.002344716286214702
0.51,156,-0.001212869706553366
0.51,157,-0.00018197482125463518
0.51,158,-2.2451195763876307e-5
0.51,159,0.001565137555471876
0.51,160,0.0006143294739803942
0.51,161,-0.0012888200408306802
0.51,162,0.002469771606003729
0.51,163,-0.0004666013233053456
0.51,164,-0.0005617789934919164
0.51,165,0.001145573911954452
0.51,166,0.0004056517447181421
0.51,167,-0.001457830696010904
0.51,168,-0.0007573116508661683
0.51,169,-0.0007680674475902808
0.51,170,0.00016914794995680064
0.51,171,5.9303749188182484e-5
0.51,172,0.0012658929207211788
0.51,173,0.0009267913441933343
0.51,174,0.0022900552339884107
0.51,175,-0.001053082127001472
0.51,176,0.00011311703264065128
0.51,177,0.0009271391211894989
0.51,178,-0.0015268050062801435
0.51,179,0.0014564786039825486
0.51,180,0.00407535251729543
0.51,181,-0.00010486877179525071
0.51,182,-7.478089335243167e-5
0.51,183,-0.000650726834292918
0.51,184,0.0035700220561660024
0.51,185,0.0014811852110617732
0.51,186,0.002012769733279878
0.51,187,0.007062415354010561
0.51,188,0.005470415423794396
0.51,189,0.005511824822920952
0.51,190,0.0300139942500164
0.51,191,-0.03722976275737293
0.51,192,0.551109440958816
0.51,193,0.010007237715761662
0.51,194,0.008081013391377075
0.51,195,-0.0018416654572717126
0.51,196,0.00019422599748040165
0.51,197,-1.520451918352722e-6
0.51,198,0.0006039808986195465
0.52,intercept,0.011803533612785355
0.52,1,0.004179007680321988
0.52,2,0.0014850723869948262
0.52,3,0.0013442837748862603
0.52,4,-0.00023209888109655948
0.52,5,0.0017521084985454621
0.52,6,0.00034137326685103824
0.52,7,-8.740504973226412e-5
0.52,8,0.0005350028363280042
0.52,9,0.001057262731798677
0.52,10,-0.000170709606259357
0.52,11,0.002775585381588505
0.52,12,0.0006470899291413703
0.52,13,0.0001753210402449077
0.52,14,-5.843427888556354e-5
0.52,15,-5.7421623364441417e-5
0.52,16,-0.0016785612925650608
0.52,17,0.0014980414666361794
0.52,18,4.876866728341569e-6
0.52,19,0.00024681307781098007
0.52,20,-0.0018698320969716528
0.52,21,-0.00044097376063467693
0.52,22,-0.0003534843631685961
0.52,23,-0.0006200699477839678
0.52,24,-0.00027897054585392155
0.52,25,-0.0009928761762768275
0.52,26,-0.0009581099506179564
0.52,27,0.0005458893976220727
0.52,28,-0.0024024560724021536
0.52,29,0.0018414802691162243
0.52,30,0.0019314827773522264
0.52,31,-0.001330012405790241
0.52,32,-0.0004899937164777852
0.52,33,-0.0007882760154990755
0.52,34,-0.0009312042773466552
0.52,35,-0.0008280929689715713
0.52,36,0.0020584853546392477
0.52,37,2.4900212385722293e-5
0.52,38,-0.0014669272445655983
0.52,39,-0.0008040438911706428
0.52,40,-0.0004146101558641186
0.52,41,0.0003605980521528568
0.52,42,-0.00010498093944040852
0.52,43,-4.285479226237323e-5
0.52,44,0.0013282317682722904
0.52,45,0.0006830957867201677
0.52,46,0.00017303937357578974
0.52,47,0.0005339240576375436
0.52,48,0.0005195640107558298
0.52,49,-2.6440177036126865e-5
0.52,50,-0.00012758834117678237
0.52,51,0.0004920240869534158
0.52,52,0.0004903931048542374
0.52,53,0.0011943423976138888
0.52,54,-0.0013920140236037676
0.52,55,0.0020945373024101608
0.52,56,-0.00044543921709095166
0.52,57,0.0013051606295679515
0.52,58,0.00048313750175896404
0.52,59,0.00028415381218586835
0.52,60,0.0007284224435335732
0.52,61,-0.0007618742560164652
0.52,62,0.0012437268461770075
0.52,63,-0.00035536942746179943
0.52,64,0.00037037595951431776
0.52,65,-0.0013868180190183392
0.52,66,0.00022981547722475485
0.52,67,-0.0005956792192201611
0.52,68,-9.389412994293512e-5
0.52,69,-0.0019129776166245751
0.52,70,0.0008163256199411594
0.52,71,0.00026950930578181276
0.52,72,-0.0019733858543368506
0.52,73,-0.0005543277693350778
0.52,74,-0.001752833617909288
0.52,75,-0.0012589489346115257
0.52,76,-0.00035093783514626427
0.52,77,0.0005407852793739157
0.52,78,0.0002360430708742088
0.52,79,-0.002123732488823505
0.52,80,0.0006480706379794835
0.52,81,0.0002919886755201479
0.52,82,0.0007717856398948894
0.52,83,-0.0004195913993354852
0.52,84,0.0015721392947817983
0.52,85,0.0018726789542947504
0.52,86,-0.00024162940914482898
0.52,87,-0.0002999170955128522
0.52,88,0.0006967234680468871
0.52,89,0.0009120389171243862
0.52,90,-0.0003983710423444981
0.52,91,0.00046574720329106044
0.52,92,0.002976080403875089
0.52,93,-0.002667262149908642
0.52,94,0.005303445529323717
0.52,95,4.39572075906737e-5
0.52,96,-0.000460402845543532
0.52,97,0.00830531861464064
0.52,98,0.00022277986964413613
0.52,99,0.0012628136831565027
0.52,100,0.0019619860937738825
0.52,101,0.00010541673927689344
0.52,102,0.00016186634221338758
0.52,103,0.002860202084462135
0.52,104,-0.00032836110124936295
0.52,105,-4.7896493352263376e-5
0.52,106,0.00012813513997124665
0.52,107,0.0004400971328016079
0.52,108,0.0003339085732781565
0.52,109,-0.00015220677636844477
0.52,110,-0.000499706967786516
0.52,111,0.0015924700958063448
0.52,112,0.00010036727381051899
0.52,113,-0.0008928434978595564
0.52,114,-0.0006508541962246369
0.52,115,-0.000927304327539293
0.52,116,-0.0008621292744907568
0.52,117,-0.0006389821476480176
0.52,118,0.00029263013230141683
0.52,119,-0.0024270313123391733
0.52,120,0.0006711150004885202
0.52,121,-0.0018020352728583264
0.52,122,-0.00017552431350636454
0.52,123,-0.0006593605828826409
0.52,124,-0.0005352120287539097
0.52,125,0.00014576782411425588
0.52,126,0.001264805026368797
0.52,127,-0.0009688104026794538
0.52,128,4.6217577166867437e-7
0.52,129,0.0007667600380371143
0.52,130,0.001006881612779956
0.52,131,-0.0010190873134822292
0.52,132,-0.00028066017410054075
0.52,133,0.0002664289459397013
0.52,134,-0.0003782050568454386
0.52,135,0.0016416964251066135
0.52,136,0.0001688664677669312
0.52,137,-0.0010845190326120053
0.52,138,0.0007326457872235697
0.52,139,0.00011062991707933114
0.52,140,2.84640414976747e-5
0.52,141,-0.0001386061790483734
0.52,142,0.0011432430903907146
0.52,143,0.0002707062930584248
0.52,144,-0.0002411331608381257
0.52,145,0.00013280760401912598
0.52,146,0.0003113257858578398
0.52,147,-0.00038021281552743074
0.52,148,0.0007892195241054083
0.52,149,0.0007915912005975093
0.52,150,0.0008775646299961086
0.52,151,0.00030199740105142533
0.52,152,-0.002381096917239461
0.52,153,0.003562975001291045
0.52,154,-0.0014913055476093754
0.52,155,0.0021678119381826283
0.52,156,-0.0009255428897511906
0.52,157,-0.0006062168383160058
0.52,158,0.00035437814479904106
0.52,159,0.0014412391283288406
0.52,160,0.0010938040391990167
0.52,161,-0.0017416933472114834
0.52,162,0.002698288560193376
0.52,163,-0.00028474225199297997
0.52,164,-0.0006084012244103105
0.52,165,0.0010274924519675086
0.52,166,0.0004545959133719946
0.52,167,-0.0014897524514920152
0.52,168,-0.0006595656472340103
0.52,169,-0.000514463618281697
0.52,170,-0.00012742653886292375
0.52,171,-0.0001394898395914888
0.52,172,0.0013982344292704917
0.52,173,0.0006583992940339512
0.52,174,0.0027442536305749437
0.52,175,-0.0013257071454898307
0.52,176,0.000298284832657854
0.52,177,0.0008928548151012672
0.52,178,-0.0014444577974024788
0.52,179,0.001593441606661836
0.52,180,0.004019919509544462
0.52,181,-0.0002592972902151177
0.52,182,-0.0005834220719177561
0.52,183,-0.0003212577401583674
0.52,184,0.003655159803421102
0.52,185,0.0012833950367760133
0.52,186,0.0021090889779754136
0.52,187,0.007407990000919611
0.52,188,0.005265481372864291
0.52,189,0.005550759295988212
0.52,190,0.030429807634914922
0.52,191,-0.036976104112957264
0.52,192,0.5623460149331844
0.52,193,0.010086282478851655
0.52,194,0.008077147890394931
0.52,195,-0.001831712123297891
0.52,196,0.00017094883452304025
0.52,197,5.255352011246552e-7
0.52,198,0.0006369128348197861
0.53,intercept,0.011628615472999882
0.53,1,0.00433068490584475
0.53,2,0.0013823038674430786
0.53,3,0.0009372592261215231
0.53,4,0.0006162255603067577
0.53,5,0.0009526415882908994
0.53,6,0.0006469063678992323
0.53,7,-0.0004839763068766028
0.53,8,0.00119389140383807
0.53,9,0.0008825515490389632
0.53,10,-0.0003614433658104174
0.53,11,0.00284268001457343
0.53,12,0.0009903727469655098
0.53,13,0.00012260860792882272
0.53,14,-0.00036193543021430507
0.53,15,-9.685710788411754e-5
0.53,16,-0.001798445254766774
0.53,17,0.0014600098798419625
0.53,18,-0.00010907278571852185
0.53,19,8.524484948194949e-5
0.53,20,-0.0018149543060346706
0.53,21,-0.0006362686666852655
0.53,22,-0.000274271369057397
0.53,23,-0.0003962671196230861
0.53,24,-0.00026633857402330016
0.53,25,-0.0012732072604881462
0.53,26,-0.0006177851107240101
0.53,27,0.0007326637996584018
0.53,28,-0.002618062230695066
0.53,29,0.0018598925810885893
0.53,30,0.0017609882973859375
0.53,31,-0.0008666596711553973
0.53,32,-0.0005404050238274688
0.53,33,-0.001007984729135493
0.53,34,-0.0006327698451227185
0.53,35,-0.0006004495439231777
0.53,36,0.0021699157528274797
0.53,37,4.662577804236898e-5
0.53,38,-0.0010449276479158071
0.53,39,-0.001076487055274794
0.53,40,-0.00032661088649782775
0.53,41,0.00048009061481761356
0.53,42,-0.00019275540573083594
0.53,43,7.567632431553684e-5
0.53,44,0.0008704796103474892
0.53,45,0.0008939773272352675
0.53,46,0.0002869454403455524
0.53,47,0.0005921347561604376
0.53,48,0.00025356237776297095
0.53,49,4.979399203618224e-6
0.53,50,-0.00022794414009196258
0.53,51,0.0005991370581632227
0.53,52,0.0006596830296638533
0.53,53,0.001250120197905578
0.53,54,-0.0016600246939148947
0.53,55,0.0022540019193886354
0.53,56,-0.0005605526368033225
0.53,57,0.0013420769697877286
0.53,58,0.0004182938099103227
0.53,59,0.00019448169742002723
0.53,60,0.000743223081491936
0.53,61,-0.0009502665832635316
0.53,62,0.0012171759788913619
0.53,63,-0.0002259975996212926
0.53,64,0.0005908174321255602
0.53,65,-0.0020110740820455087
0.53,66,0.00016242981967205217
0.53,67,-0.0005857189001281141
0.53,68,0.00024372545552868772
0.53,69,-0.0020835503150270227
0.53,70,0.0008855147080498177
0.53,71,-5.843371171390497e-5
0.53,72,-0.0017922189614324416
0.53,73,-0.001025503152637265
0.53,74,-0.0015066382079127903
0.53,75,-0.001105070188083882
0.53,76,-0.0004888217112355636
0.53,77,0.0004664226685819533
0.53,78,0.0003801498747638255
0.53,79,-0.0023523146226066293
0.53,80,0.0007368827906956273
0.53,81,0.0006151556581822794
0.53,82,0.0003968714781822327
0.53,83,-0.0009021277327829427
0.53,84,0.002135812541632117
0.53,85,0.0013878645834629157
0.53,86,-0.0001003298483123352
0.53,87,-0.00040295159014315507
0.53,88,0.000132408332406683
0.53,89,0.0014653334649191118
0.53,90,-0.0005816116278260489
0.53,91,0.0005650463231284017
0.53,92,0.0026543814511349826
0.53,93,-0.0021489849218568487
0.53,94,0.005719580291304918
0.53,95,-0.00034453401806267843
0.53,96,-0.00035803940638673074
0.53,97,0.008390889123520427
0.53,98,0.00029499916373482745
0.53,99,0.0013115756083729908
0.53,100,0.0018709462435773172
0.53,101,0.0005291066654087572
0.53,102,5.63947577867075e-5
0.53,103,0.0034188991704345705
0.53,104,-0.0006318349931275112
0.53,105,0.0002876011576335752
0.53,106,-6.436984073715716e-5
0.53,107,0.0003178915739660408
0.53,108,-0.00010219803418767481
0.53,109,-4.058092507933859e-5
0.53,110,-0.0006634272383387699
0.53,111,0.0018667244994400641
0.53,112,-0.00010893256673809555
0.53,113,-0.00075820812762562
0.53,114,-0.0006962786115787797
0.53,115,-0.0008135076685274866
0.53,116,-0.0010861995197731747
0.53,117,-0.0006376467327522819
0.53,118,0.0005028658557098535
0.53,119,-0.0021174464415266315
0.53,120,0.0005290170426374916
0.53,121,-0.0017608170499651265
0.53,122,-0.00041782940366962105
0.53,123,-0.0004499658603687909
0.53,124,-0.0010112694574571264
0.53,125,0.0003941540371615606
0.53,126,0.0011479577854598031
0.53,127,-0.001217037498935274
0.53,128,-3.500640317782945e-5
0.53,129,0.0007182869243638995
0.53,130,0.0011504732303840404
0.53,131,-0.0009988204085117334
0.53,132,-0.00037335855235248283
0.53,133,0.00033692518898589363
0.53,134,-0.00018388923532085857
0.53,135,0.001492306308758731
0.53,136,0.000526828272211036
0.53,137,-0.0013206771622111802
0.53,138,0.0008672675651436879
0.53,139,-0.00015567790928900532
0.53,140,0.00021480560680208898
0.53,141,0.00010567265244005538
0.53,142,0.00126282954984747
0.53,143,6.85368154557004e-5
0.53,144,-0.0003063163463132664
0.53,145,-0.00011722842185958029
0.53,146,0.0008174813910840784
0.53,147,-0.0003323358818416283
0.53,148,0.0009295539075557902
0.53,149,0.0006768803790659724
0.53,150,0.001022277849987924
0.53,151,0.00026722832160359764
0.53,152,-0.00270501597925048
0.53,153,0.00382314596972091
0.53,154,-0.0014319716625203326
0.53,155,0.0022938282071840433
0.53,156,-0.000794803349161629
0.53,157,-0.0007069956313618992
0.53,158,-0.00014828302232168546
0.53,159,0.0019293068505106081
0.53,160,0.0008583836496780853
0.53,161,-0.0016538408205079055
0.53,162,0.002523465973911058
0.53,163,-0.0005446467008248553
0.53,164,-0.0006685984108321533
0.53,165,0.0011033079945815926
0.53,166,0.0005860068514863589
0.53,167,-0.0017331557872441459
0.53,168,-0.0005594855848534134
0.53,169,-0.0002645165197611846
0.53,170,-0.0005300318784273509
0.53,171,0.0004963613924821513
0.53,172,0.0009702228693761057
0.53,173,0.0006588723775879797
0.53,174,0.0031995398717081028
0.53,175,-0.001439338933128328
0.53,176,0.0003160171126245254
0.53,177,0.0005945401518293862
0.53,178,-0.0016298125263514503
0.53,179,0.0015735067935116409
0.53,180,0.004338595554180928
0.53,181,-0.00021202297116890167
0.53,182,-0.00037782061808366423
0.53,183,-0.00029152434695457784
0.53,184,0.0039798023113170175
0.53,185,0.0012662024953463463
0.53,186,0.002496959968894598
0.53,187,0.007286681946255013
0.53,188,0.004795225853312907
0.53,189,0.0055873914086021735
0.53,190,0.03127496026958774
0.53,191,-0.0376399360283387
0.53,192,0.5731138894418919
0.53,193,0.010061165405180506
0.53,194,0.008166149527101959
0.53,195,-0.0018138460832507956
0.53,196,0.00016032469700134007
0.53,197,1.0392308610910825e-5
0.53,198,0.000667826257920336
0.54,intercept,0.011355373435780518
0.54,1,0.004558465162159582
0.54,2,0.0019260244233429142
0.54,3,0.0006046092279883447
0.54,4,0.0010105945106956627
0.54,5,0.0006960233187533435
0.54,6,0.0005859520396748153
0.54,7,-0.00029666328696336655
0.54,8,0.00150388511253254
0.54,9,0.000755539480862902
0.54,10,-0.0003959671538554324
0.54,11,0.0026673284685460774
0.54,12,0.0006965842145398764
0.54,13,0.0003739526031242471
0.54,14,-0.0002783658756523911
0.54,15,-0.00037267044682635025
0.54,16,-0.0015040242174150116
0.54,17,0.0011874336083451042
0.54,18,1.8255260966440971e-6
0.54,19,-2.3138577612722695e-5
0.54,20,-0.0019220560556103164
0.54,21,-0.0004980079528165854
0.54,22,-0.0002576133812342727
0.54,23,-0.00021325512437774208
0.54,24,-0.0002945860161410367
0.54,25,-0.0009061270604316476
0.54,26,-0.0009392580443958746
0.54,27,0.001101831054906525
0.54,28,-0.0025886519320490963
0.54,29,0.0013348018217368212
0.54,30,0.002205915574006447
0.54,31,-0.0009551762783537716
0.54,32,-0.000970896154876465
0.54,33,-0.0007569485569579759
0.54,34,-0.0007486104945228511
0.54,35,-0.0007729781297908695
0.54,36,0.002336786239448833
0.54,37,0.0001487963354853159
0.54,38,-0.0009182641580385008
0.54,39,-0.0011495757581655463
0.54,40,-0.0002508999648686345
0.54,41,0.0004240157572671928
0.54,42,-5.1570550277053324e-5
0.54,43,-0.00013468511072837192
0.54,44,0.0007444406103246863
0.54,45,0.0009009951820036711
0.54,46,0.0003943620214864633
0.54,47,0.0007453789580363168
0.54,48,6.569270557777183e-5
0.54,49,4.605378442581287e-5
0.54,50,-2.7755391133232913e-5
0.54,51,0.0007233171985821046
0.54,52,0.000852181575784247
0.54,53,0.0012296064864912469
0.54,54,-0.0018145237926538353
0.54,55,0.00199561636632069
0.54,56,-0.0003629706639392649
0.54,57,0.0013792368049009107
0.54,58,0.0002219123411982416
0.54,59,0.000624946406247479
0.54,60,0.0001857824127664114
0.54,61,-0.0009330804595460762
0.54,62,0.001401352893586592
0.54,63,-0.0006284920984375828
0.54,64,0.0006582979935316022
0.54,65,-0.0023765839286853303
0.54,66,0.0004646259022623492
0.54,67,-0.00068165342925746
0.54,68,0.00027403345223739697
0.54,69,-0.0019960197359339
0.54,70,0.0008304815511945076
0.54,71,0.00035802377685520707
0.54,72,-0.0017344350105389348
0.54,73,-0.001498431063834015
0.54,74,-0.001108517698786368
0.54,75,-0.0013241614360206362
0.54,76,-0.0006711690370009239
0.54,77,0.0006612283570774336
0.54,78,0.00025121172620667064
0.54,79,-0.0020376212807358893
0.54,80,0.0003467972794413892
0.54,81,0.0007088104413398187
0.54,82,0.000286165186516859
0.54,83,-0.0006159647218807857
0.54,84,0.0021370021956151775
0.54,85,0.0012680983554201539
0.54,86,0.00015059841625027182
0.54,87,-0.0006248084859909127
0.54,88,5.296356244100882e-5
0.54,89,0.0011673350615123777
0.54,90,-0.00031746415217530095
0.54,91,0.00019942632158814175
0.54,92,0.002501085678445385
0.54,93,-0.0016317801159045561
0.54,94,0.005687931223521418
0.54,95,-0.0007395328174835668
0.54,96,-0.0001689820519756616
0.54,97,0.008933212025400664
0.54,98,0.00010983450488292344
0.54,99,0.0016011143056599616
0.54,100,0.0016691368545530866
0.54,101,0.0006283782172774768
0.54,102,0.0003807198126643089
0.54,103,0.0031504598937567496
0.54,104,-0.0008132942159394706
0.54,105,0.0005565378592589551
0.54,106,-0.00036049248496816124
0.54,107,0.00033574599746469366
0.54,108,0.00019182731050557727
0.54,109,4.328715310622619e-5
0.54,110,-0.0007062487358814846
0.54,111,0.0019287777771104726
0.54,112,-0.0005290944890491278
0.54,113,-0.0003672626547678371
0.54,114,-0.0009607741653401327
0.54,115,-0.0007547674594611115
0.54,116,-0.0013477096641721796
0.54,117,-0.00076192928186755
0.54,118,0.0005038615796419377
0.54,119,-0.0018736863555315058
0.54,120,0.00019241317802201675
0.54,121,-0.001264039544259189
0.54,122,-0.0006072504159840133
0.54,123,-0.0005165900395209255
0.54,124,-0.0012109825062215165
0.54,125,0.0005635398954202509
0.54,126,0.0012495018852964343
0.54,127,-0.0013819361164614005
0.54,128,5.8717031784701675e-5
0.54,129,0.000687899802031381
0.54,130,0.0013076822613160774
0.54,131,-0.0010559984465595812
0.54,132,-0.0002472523852361672
0.54,133,0.0005424436282660931
0.54,134,-0.0003014748123966236
0.54,135,0.0014530857298685634
0.54,136,0.0007496231939238163
0.54,137,-0.0014946729826673761
0.54,138,0.0007308271160819373
0.54,139,-3.931113840449494e-5
0.54,140,0.00024837303503193046
0.54,141,8.026652887132528e-5
0.54,142,0.0011967492838518886
0.54,143,-9.46306780850263e-5
0.54,144,-0.0004014706910031222
0.54,145,2.3424068254012188e-5
0.54,146,0.0005980035725227169
0.54,147,-0.00029791164574220904
0.54,148,0.0008998587434188408
0.54,149,0.0007267639235148284
0.54,150,0.0007687712150137665
0.54,151,0.00028769076379007996
0.54,152,-0.00260895093474379
0.54,153,0.0036609520688954704
0.54,154,-0.0011301285265465978
0.54,155,0.0020984728773240425
0.54,156,-0.0005598072737653036
0.54,157,-0.0005941431431171051
0.54,158,-0.00012693742557062142
0.54,159,0.0016221467697478554
0.54,160,0.0008839161859580474
0.54,161,-0.001581813813854012
0.54,162,0.002276546750096785
0.54,163,-0.00034626870622317965
0.54,164,-0.00044028578449147087
0.54,165,0.0007382775609744575
0.54,166,0.0008164526228983895
0.54,167,-0.0020009580106082865
0.54,168,-0.0007766691545247096
0.54,169,-0.00035324648327873695
0.54,170,-0.0008044306748918343
0.54,171,0.0008061509184045594
0.54,172,0.0010072050487882466
0.54,173,0.0010948593829073663
0.54,174,0.003092111034965051
0.54,175,-0.0014540734426215013
0.54,176,0.00022209377816754118
0.54,177,0.0006748491465762359
0.54,178,-0.0013701041061067731
0.54,179,0.0013809528380726258
0.54,180,0.004734626824390589
0.54,181,-0.0002591143432925589
0.54,182,-0.00048770603986005354
0.54,183,-0.00018200706840731752
0.54,184,0.004365258779603745
0.54,185,0.0013898127036128475
0.54,186,0.002386361727334787
0.54,187,0.006815617619658101
0.54,188,0.005872734646719201
0.54,189,0.005192613025365526
0.54,190,0.03175471938458167
0.54,191,-0.03821673094617638
0.54,192,0.5856826712386972
0.54,193,0.010183963713911474
0.54,194,0.008055101788033509
0.54,195,-0.0018149001385901176
0.54,196,0.00021147845277378577
0.54,197,-2.4409713228950424e-5
0.54,198,0.0006793084723256942
0.55,intercept,0.011084099373749696
0.55,1,0.004598380364135107
0.55,2,0.0019431999039436069
0.55,3,0.00044260049289898825
0.55,4,0.0010400101174160836
0.55,5,0.0007588450918096412
0.55,6,0.0003731317261734713
0.55,7,-8.611726715846965e-5
0.55,8,0.0015126814628469165
0.55,9,0.0006008428110173738
0.55,10,-0.0004974597410537173
0.55,11,0.0026383734339293706
0.55,12,0.0010399980957196458
0.55,13,7.451153864049078e-5
0.55,14,-0.00010510598228223612
0.55,15,-0.000859169997096516
0.55,16,-0.0011795596809794685
0.55,17,0.0010653943166149152
0.55,18,-0.00028234377330009437
0.55,19,-6.024228090290859e-5
0.55,20,-0.0018161153389735373
0.55,21,-0.0008147828936028415
0.55,22,0.00012060345680309882
0.55,23,-0.00030344691660416347
0.55,24,-0.0002523581429047071
0.55,25,-0.0010717547347883507
0.55,26,-0.0003402510748585667
0.55,27,0.0004913865845147683
0.55,28,-0.002249816076066352
0.55,29,0.0010916898528542866
0.55,30,0.002111513327496023
0.55,31,-0.000939829329085976
0.55,32,-0.000887991387541203
0.55,33,-0.000953127481338738
0.55,34,-0.0006154258847240244
0.55,35,-0.0008803362020824984
0.55,36,0.002362359680211857
0.55,37,6.307648874156079e-5
0.55,38,-0.0008437156595480047
0.55,39,-0.0009577185244762998
0.55,40,-0.00036695987384489383
0.55,41,0.00017545045669952326
0.55,42,-5.226633062240571e-6
0.55,43,-0.00018531603978905057
0.55,44,0.0008970214779284956
0.55,45,0.0007826550894215525
0.55,46,0.0005628459103395279
0.55,47,0.0006568589685217705
0.55,48,0.000256253451527546
0.55,49,0.0001567311818548975
0.55,50,0.00018558687981800562
0.55,51,0.00031586030198791585
0.55,52,0.0012172163102617793
0.55,53,0.001361682378520778
0.55,54,-0.0019642913343247085
0.55,55,0.0018427023949953046
0.55,56,-0.0002579356175797736
0.55,57,0.0011716751366130855
0.55,58,0.00032822855529838596
0.55,59,0.00029977720816658156
0.55,60,0.00021171326302771995
0.55,61,-0.0008404055009740901
0.55,62,0.0013049761900270989
0.55,63,-0.0007173979376185502
0.55,64,0.0005957449395345422
0.55,65,-0.0021499707586927616
0.55,66,0.0004512826262957858
0.55,67,-0.0007988027967972157
0.55,68,0.0004075692692839449
0.55,69,-0.0020981131534112867
0.55,70,0.00046945744010816085
0.55,71,0.0003981196810300395
0.55,72,-0.001686087402226724
0.55,73,-0.0017213318868991487
0.55,74,-0.0007974614496527234
0.55,75,-0.0012456356624368113
0.55,76,-0.0009564911267906061
0.55,77,0.00043474199531707967
0.55,78,0.000873584732973396
0.55,79,-0.0021145767027023975
0.55,80,0.00032799908722125386
0.55,81,0.0010894819643778556
0.55,82,0.0001562528750729641
0.55,83,-0.0007927930068659933
0.55,84,0.0021642582278062457
0.55,85,0.0014779030275237622
0.55,86,0.0003657572027597797
0.55,87,-0.0006392777450385491
0.55,88,0.0001900123542311468
0.55,89,0.0009750945685770956
0.55,90,-5.6026802854284866e-5
0.55,91,0.00014650218608568857
0.55,92,0.0023675698005069233
0.55,93,-0.0018261964188313526
0.55,94,0.005446586157048079
0.55,95,-0.0007964661821300321
0.55,96,-5.49034899731386e-5
0.55,97,0.009326462714815303
0.55,98,1.0791459976430408e-6
0.55,99,0.0014991335476121916
0.55,100,0.0018008852786786458
0.55,101,0.0007529517240103161
0.55,102,0.00026389927559843703
0.55,103,0.0026802865098532447
0.55,104,1.681915215572212e-5
0.55,105,0.0003751715343772142
0.55,106,-0.0003521057872495669
0.55,107,0.0003528672487534844
0.55,108,0.0005813433443959005
0.55,109,-0.00018214595412220625
0.55,110,-0.0006811135413652804
0.55,111,0.002251220544959399
0.55,112,-0.0005472327282109068
0.55,113,-0.0002580109372548053
0.55,114,-0.0009926781170825137
0.55,115,-0.0006856684920762011
0.55,116,-0.0015995934037738484
0.55,117,-0.0007530354628430706
0.55,118,0.0008277038830483383
0.55,119,-0.0019361549007923065
0.55,120,0.0003416351849106951
0.55,121,-0.0013919466154914226
0.55,122,-0.0006111097913006646
0.55,123,-0.0005755042868110935
0.55,124,-0.0009270610992868263
0.55,125,0.0007655186758462253
0.55,126,0.0014087956779416314
0.55,127,-0.001735889344681018
0.55,128,0.00026971234709148877
0.55,129,0.0007269598546923502
0.55,130,0.0013926539333307237
0.55,131,-0.0009178286735148736
0.55,132,-0.0004418617782417853
0.55,133,0.0005851580007314871
0.55,134,-0.00035308568110089476
0.55,135,0.0015989532151110585
0.55,136,0.0005159632731008843
0.55,137,-0.0015550991283723318
0.55,138,0.0006504268994395659
0.55,139,-2.9322220655196346e-5
0.55,140,0.0001850305413088846
0.55,141,0.00022149027488932294
0.55,142,0.0010229853016014163
0.55,143,-0.00014128126408889208
0.55,144,-0.00037538470419518603
0.55,145,8.221830656199313e-5
0.55,146,0.0005862010737075694
0.55,147,-0.0001110587592181154
0.55,148,0.0006302934774368369
0.55,149,0.0009193330287612253
0.55,150,0.0006087107509126774
0.55,151,0.00047229719031864517
0.55,152,-0.0026780716180903673
0.55,153,0.0037910176687877785
0.55,154,-0.0017500504913508948
0.55,155,0.0023596843246502636
0.55,156,-0.00033433910684847854
0.55,157,-0.0006337250757043825
0.55,158,-0.00030645555473017403
0.55,159,0.0013087285863273147
0.55,160,0.0012490720723509223
0.55,161,-0.0015791700910169862
0.55,162,0.0021200162787613345
0.55,163,-0.00033253008965206826
0.55,164,-0.0005764815341182037
0.55,165,0.0008805341695578682
0.55,166,0.0009799981464052561
0.55,167,-0.0019357268429739856
0.55,168,-0.0009606736569396714
0.55,169,-0.00021687985448051072
0.55,170,-0.0013109444835973927
0.55,171,0.000935607917900942
0.55,172,0.0015536260028124712
0.55,173,0.0010921845682270958
0.55,174,0.002835111861417684
0.55,175,-0.0018067089800278048
0.55,176,0.0003953806065829089
0.55,177,0.00041845372753999505
0.55,178,-0.0008523993877911152
0.55,179,0.000964748739714497
0.55,180,0.004796981288908827
0.55,181,-0.0002098440091370853
0.55,182,-0.0002705334702190011
0.55,183,-1.5606439658528411e-6
0.55,184,0.004282671386935927
0.55,185,0.0018825462677768653
0.55,186,0.0025644269632570786
0.55,187,0.007141947068904966
0.55,188,0.005383354820470145
0.55,189,0.004961486399545831
0.55,190,0.031243776868886367
0.55,191,-0.038173050862111924
0.55,192,0.5994288519168482
0.55,193,0.010275077118348647
0.55,194,0.007821986329149197
0.55,195,-0.0017423721059364758
0.55,196,0.0001768897784474899
0.55,197,-1.4823670732431148e-5
0.55,198,0.0006713871908996475
0.56,intercept,0.010685850698303774
0.56,1,0.0047794519673914
0.56,2,0.0016973098422258912
0.56,3,0.0005187793020300988
0.56,4,0.000997331998659435
0.56,5,0.0011986894704639514
0.56,6,0.0001881441384069804
0.56,7,9.828021467802152e-5
0.56,8,0.0012808034149177842
0.56,9,0.0001150633584526023
0.56,10,-0.00016836726837614034
0.56,11,0.002338773510210409
0.56,12,0.001356614237435759
0.56,13,-0.000247718765376998
0.56,14,-8.354964518578678e-5
0.56,15,-0.0009365882817061186
0.56,16,-0.0011004546357640042
0.56,17,0.0014329765433775984
0.56,18,-5.479021635338464e-5
0.56,19,-0.00013087555420063156
0.56,20,-0.0017732867363203946
0.56,21,-0.0010345011887006644
0.56,22,0.00032252446829030083
0.56,23,-0.00046496160021782093
0.56,24,-0.00018660144301438367
0.56,25,-0.0011481622176593262
0.56,26,-7.662150317718003e-5
0.56,27,0.0006487832278069827
0.56,28,-0.002658377637124349
0.56,29,0.001452189769742628
0.56,30,0.001966285012813061
0.56,31,-0.0009385732947624767
0.56,32,-0.0009260844692501165
0.56,33,-0.000644307043267589
0.56,34,-0.0006310556977920989
0.56,35,-0.0008650086042358952
0.56,36,0.0020464725186967324
0.56,37,0.0005429749272813434
0.56,38,-0.001019271230898771
0.56,39,-0.000779475083092229
0.56,40,-0.00034875147699987515
0.56,41,5.1501231770774245e-5
0.56,42,7.722381602051744e-5
0.56,43,-0.0006186465428367237
0.56,44,0.0009311581971271723
0.56,45,0.0007393334360717692
0.56,46,0.00033849873850140495
0.56,47,0.0006750553179121973
0.56,48,0.00032855626709322317
0.56,49,0.000356958678579075
0.56,50,0.00016369422891691473
0.56,51,0.00028669599002957764
0.56,52,0.0012317537337835026
0.56,53,0.0013120700629773534
0.56,54,-0.0018434906773470742
0.56,55,0.0020553525548443704
0.56,56,-0.0007274113358617927
0.56,57,0.0009354473164817944
0.56,58,0.0004182639577820538
0.56,59,0.0002224981181863838
0.56,60,0.00030938850947586266
0.56,61,-0.001261058762183271
0.56,62,0.001419176631208173
0.56,63,-0.00039411719284727985
0.56,64,0.0003020333155519925
0.56,65,-0.00212849364094783
0.56,66,0.0004982299489831041
0.56,67,-0.0006780990527797292
0.56,68,0.0003886857735711295
0.56,69,-0.001867653958313245
0.56,70,0.0003886369012741557
0.56,71,0.00011911521171667525
0.56,72,-0.0012906215225507536
0.56,73,-0.0018963498922182067
0.56,74,-0.000595708692228063
0.56,75,-0.001124579387859702
0.56,76,-0.0011227175184809848
0.56,77,0.00029138828510410825
0.56,78,0.0009961612752993128
0.56,79,-0.0023800912321168084
0.56,80,0.0006272496507839116
0.56,81,0.0011207636802734282
0.56,82,0.00044243876605150833
0.56,83,-0.0010172874465061322
0.56,84,0.0023378744466356475
0.56,85,0.0012531994553156391
0.56,86,0.0008462543541307437
0.56,87,-0.001062529143811195
0.56,88,-0.00016257453078007475
0.56,89,0.0008252889643302406
0.56,90,0.00030573835759091744
0.56,91,-0.0001877919299693546
0.56,92,0.002422209118324906
0.56,93,-0.0016470640526429993
0.56,94,0.005013369754053537
0.56,95,-0.0005791215949028507
0.56,96,-0.0004976409349407596
0.56,97,0.009886792877571101
0.56,98,6.777490182342712e-5
0.56,99,0.0016256368653269867
0.56,100,0.001947591943850134
0.56,101,0.0008153121790827153
0.56,102,0.00016712497971958844
0.56,103,0.0022264236454494013
0.56,104,0.00016248500717824145
0.56,105,0.0008909547852816745
0.56,106,-0.0008565232343721467
0.56,107,0.0008236975924947621
0.56,108,0.0002558926350717528
0.56,109,0.0001119859766809493
0.56,110,-0.0006315119551387918
0.56,111,0.002243083090526822
0.56,112,-0.0007747875930903748
0.56,113,-0.0004031172717784875
0.56,114,-0.0006520570550919057
0.56,115,-0.0007617785952972282
0.56,116,-0.0009545128741791755
0.56,117,-0.0010351206969346873
0.56,118,0.0008394345346713538
0.56,119,-0.002238083576429817
0.56,120,0.0005268485939803113
0.56,121,-0.001336045301640137
0.56,122,-0.0003382837956193175
0.56,123,-0.0004417528762991322
0.56,124,-0.0008747793152711503
0.56,125,0.0005325836886018014
0.56,126,0.0015572742715603935
0.56,127,-0.0018623862753008806
0.56,128,0.0006248425355366369
0.56,129,0.0006174573687875012
0.56,130,0.0009914204504131916
0.56,131,-0.0005888353955831448
0.56,132,-0.00012599371963730263
0.56,133,0.00021191752217071137
0.56,134,-0.00011576534747694399
0.56,135,0.0019104642938732898
0.56,136,0.000269250369031896
0.56,137,-0.001159380185093672
0.56,138,0.0004992842002920553
0.56,139,-0.000234180918776514
0.56,140,-2.4861702642670764e-6
0.56,141,0.0005264551111094207
0.56,142,0.0007568365171227582
0.56,143,-2.3270227015468323e-5
0.56,144,-0.0005280174791933122
0.56,145,-0.00017750876532748313
0.56,146,0.0002419953681620739
0.56,147,1.3132147195375923e-5
0.56,148,0.00044905625385574505
0.56,149,0.0009767868542557723
0.56,150,0.0008122208405717086
0.56,151,0.0006860016219853713
0.56,152,-0.0023220210308742277
0.56,153,0.003479262247466158
0.56,154,-0.001631741986058866
0.56,155,0.002560472994137176
0.56,156,-0.0005099602336493848
0.56,157,-0.0009097005589352434
0.56,158,1.6753644839222154e-5
0.56,159,0.0014157735653367283
0.56,160,0.0012240496008200834
0.56,161,-0.0015405132961588144
0.56,162,0.0022542872506279084
0.56,163,-7.5221268606438e-5
0.56,164,-0.0008326654729286058
0.56,165,0.001158725585601636
0.56,166,0.0011400997233893346
0.56,167,-0.002105642063412272
0.56,168,-0.0007971854640136416
0.56,169,-0.000204585835317161
0.56,170,-0.0008659765587947429
0.56,171,0.0007609025317761606
0.56,172,0.00172519351510914
0.56,173,0.0011748633026781917
0.56,174,0.002538241790559679
0.56,175,-0.001955453893908687
0.56,176,0.0003026609339563454
0.56,177,0.000566620356427176
0.56,178,-0.0008961374558190083
0.56,179,0.0006743110457487074
0.56,180,0.004753768578067622
0.56,181,0.0002328867575487599
0.56,182,-0.0004959981576403662
0.56,183,-0.00020630750221326514
0.56,184,0.004892838972879366
0.56,185,0.001422241800861557
0.56,186,0.0027738551527246805
0.56,187,0.007204200502743951
0.56,188,0.005561617506821973
0.56,189,0.004223598016509569
0.56,190,0.03087433997152716
0.56,191,-0.03870515295843645
0.56,192,0.6147345754511473
0.56,193,0.01067815450587403
0.56,194,0.007950345325327438
0.56,195,-0.001731795050880025
0.56,196,0.00012627166201275718
0.56,197,-7.134756449596758e-6
0.56,198,0.0006592499379051639
0.57,intercept,0.010612975631736203
0.57,1,0.00505281786708315
0.57,2,0.0014409219432450547
0.57,3,0.0004567901820482808
0.57,4,0.0011496102680133328
0.57,5,0.0008160306741135877
0.57,6,-7.043445743747146e-5
0.57,7,0.0002284398457497737
0.57,8,0.0008101672866003202
0.57,9,0.00044927597583102743
0.57,10,-0.00030713332712720327
0.57,11,0.0027886252428288363
0.57,12,0.0011417079162114475
0.57,13,-0.0005276980199389759
0.57,14,0.00025426267673050074
0.57,15,-0.0011274964301885141
0.57,16,-0.0008268568474523801
0.57,17,0.0013746116880536015
0.57,18,-0.0002643421456461264
0.57,19,-0.0002057053231034483
0.57,20,-0.0017856865795565066
0.57,21,-0.0010766464018053656
0.57,22,0.00024491489935500626
0.57,23,-0.00026488198410726737
0.57,24,-0.0006105864757622797
0.57,25,-0.0008839734598417898
0.57,26,-0.0004990044099847918
0.57,27,0.0008441512339116416
0.57,28,-0.0024108036626537834
0.57,29,0.0013520808860570746
0.57,30,0.002050444271501144
0.57,31,-0.0012171108750191615
0.57,32,-0.0005768435811306062
0.57,33,-0.0007746004966606222
0.57,34,-0.00043055221833094697
0.57,35,-0.0009920425085649745
0.57,36,0.0026707895064704127
0.57,37,0.0003844579180769001
0.57,38,-0.0012438052155752369
0.57,39,-0.0008324044728887277
0.57,40,-0.0005535552247194047
0.57,41,-0.0002267790123787852
0.57,42,0.00014548551235219904
0.57,43,-0.0006938870408016556
0.57,44,0.0009133256167450068
0.57,45,0.0006475311414265479
0.57,46,9.411657213760471e-5
0.57,47,0.0008902237774451564
0.57,48,0.00035346598476182587
0.57,49,0.00017216902212884922
0.57,50,0.00025054962897452104
0.57,51,0.0003712957253509653
0.57,52,0.0011285320230578118
0.57,53,0.0015827113613180223
0.57,54,-0.0021210638910737884
0.57,55,0.0021978885828044456
0.57,56,-0.000991326289094905
0.57,57,0.0011925200211147713
0.57,58,0.00022138596620490314
0.57,59,0.00045558657275461165
0.57,60,0.00013339673813570087
0.57,61,-0.0011170985716281872
0.57,62,0.0015367987412390313
0.57,63,-0.0005331343216505481
0.57,64,0.0004901342027483138
0.57,65,-0.0023585097919819084
0.57,66,0.0006198247057691374
0.57,67,-0.0007012713956099276
0.57,68,0.000690101353150244
0.57,69,-0.0020370153892412765
0.57,70,0.00022134248102991872
0.57,71,0.00039763191220247834
0.57,72,-0.0014706410818196827
0.57,73,-0.0020986579457921034
0.57,74,-0.0008576677647968649
0.57,75,-0.0008516287166377938
0.57,76,-0.0012576238998813242
0.57,77,0.00015162917852144456
0.57,78,0.00147399194942968
0.57,79,-0.0028393595181660097
0.57,80,0.0010696037276697464
0.57,81,0.000886009651306177
0.57,82,0.0007195520053934229
0.57,83,-0.0009668000842501548
0.57,84,0.0023102514486864046
0.57,85,0.0011942656859806316
0.57,86,0.0005680788645276633
0.57,87,-0.001169359995696081
0.57,88,-0.0002939299030109017
0.57,89,0.0009643948453237061
0.57,90,0.00017521739075097224
0.57,91,-0.0004712494779668715
0.57,92,0.0026316960426193184
0.57,93,-0.0013888482546522867
0.57,94,0.0051533823632477615
0.57,95,-0.0010233638833424142
0.57,96,-0.00024530354889432674
0.57,97,0.009732774621622992
0.57,98,0.0007748767565145834
0.57,99,0.0018664265199336172
0.57,100,0.0020292940847037835
0.57,101,0.0005612045327910055
0.57,102,0.0004980925053937059
0.57,103,0.0022573618904766354
0.57,104,9.629955820109993e-5
0.57,105,0.0005141274491841179
0.57,106,-0.0007617799546025763
0.57,107,0.0011723302341555475
0.57,108,-0.00011021194689267819
0.57,109,0.00044138554795044086
0.57,110,-0.0006835184913435181
0.57,111,0.0020440899514047495
0.57,112,-0.0006884701190177063
0.57,113,-0.000574820387473877
0.57,114,-0.0006107585528575777
0.57,115,-0.0010031188266519029
0.57,116,-0.0005467325163069641
0.57,117,-0.0012866473161212877
0.57,118,0.0011865671455312042
0.57,119,-0.002551248380446419
0.57,120,0.0007483466138980205
0.57,121,-0.0016820084123226101
0.57,122,0.0002929631669028408
0.57,123,-0.00034948657314930404
0.57,124,-0.0010996737078422924
0.57,125,0.0006098254186477148
0.57,126,0.001459272947430682
0.57,127,-0.0014302683887251627
0.57,128,0.000374410702924207
0.57,129,0.0009659983182271835
0.57,130,0.0008285612586988463
0.57,131,-0.0007691272040320946
0.57,132,-0.0002928878963685602
0.57,133,0.0003481604238519729
0.57,134,-0.0003609284279281742
0.57,135,0.002358502374202978
0.57,136,4.6233845338694995e-5
0.57,137,-0.0011244603732623684
0.57,138,0.000647292610676402
0.57,139,-0.0006338566350905274
0.57,140,0.00034477081022234966
0.57,141,0.0003972633207592401
0.57,142,0.0006448858914784184
0.57,143,4.682114480647149e-5
0.57,144,-0.0004282176981520966
0.57,145,-0.00028943328924015696
0.57,146,8.876390570520707e-5
0.57,147,0.00021200956757072394
0.57,148,0.00033257789149293755
0.57,149,0.0008117546862453779
0.57,150,0.0008125525680834873
0.57,151,0.0010084409735222934
0.57,152,-0.002513489064481398
0.57,153,0.0034728284847317247
0.57,154,-0.0017091084438409477
0.57,155,0.0024530982197072575
0.57,156,-0.0005783542854386088
0.57,157,-0.0009379783475751893
0.57,158,0.0001546521348015793
0.57,159,0.001464298795213925
0.57,160,0.0013827754765026465
0.57,161,-0.001294838280414836
0.57,162,0.0019124117746748277
0.57,163,0.00016725328536903287
0.57,164,-0.0006227692116868535
0.57,165,0.0008757914627890365
0.57,166,0.0013905275340566198
0.57,167,-0.00218071098128732
0.57,168,-0.0006489027915331346
0.57,169,-0.0003466132588316575
0.57,170,-0.0008865922285401421
0.57,171,0.0006003828899011302
0.57,172,0.001827343582145474
0.57,173,0.0008476322964207998
0.57,174,0.002953793204048139
0.57,175,-0.0023822325460871596
0.57,176,0.0004402394998718973
0.57,177,0.000643476145660818
0.57,178,-0.0012749618358802585
0.57,179,0.0010497783745636068
0.57,180,0.004345735733472254
0.57,181,-4.820234857689654e-5
0.57,182,-0.0006313584595880688
0.57,183,-2.3083234811114047e-5
0.57,184,0.004823437989206141
0.57,185,0.0015771688873824905
0.57,186,0.002920518055417519
0.57,187,0.006924203328616107
0.57,188,0.005419648066761528
0.57,189,0.004032536973872449
0.57,190,0.031506877885532185
0.57,191,-0.03987068262457629
0.57,192,0.6274241939166277
0.57,193,0.010664607323193787
0.57,194,0.007910098567521633
0.57,195,-0.0017049426117290674
0.57,196,6.512327802216685e-5
0.57,197,3.585409282543449e-5
0.57,198,0.0006706473845148818
0.58,intercept,0.010494747723726005
0.58,1,0.005353463792101688
0.58,2,0.0009950528111158246
0.58,3,0.0008252688094988523
0.58,4,0.0007710286979092397
0.58,5,0.000767860384099155
0.58,6,-0.0002796162078994536
0.58,7,0.0002628171630534516
0.58,8,0.0007577739882429674
0.58,9,0.0003394949071964268
0.58,10,-0.00018677063587827495
0.58,11,0.0028860276582273916
0.58,12,0.0006759394668156632
0.58,13,-0.0003722300357809752
0.58,14,0.0006998663117966724
0.58,15,-0.0013044230555934884
0.58,16,-0.001173019867234269
0.58,17,0.001139113302970985
0.58,18,1.6184914854052834e-5
0.58,19,-0.00031975021101733484
0.58,20,-0.0017049040378889005
0.58,21,-0.0008374221302092408
0.58,22,-5.8551288489074266e-5
0.58,23,-0.0001025561419191639
0.58,24,-0.00044017034650683016
0.58,25,-0.0014496677738492522
0.58,26,-7.316531439551763e-5
0.58,27,0.00031248356994760274
0.58,28,-0.0020724039942058834
0.58,29,0.0014695722681791492
0.58,30,0.001984062666692263
0.58,31,-0.0013231784968956992
0.58,32,-0.0008473817840728232
0.58,33,-0.0006285048925711329
0.58,34,-0.0003198274189780296
0.58,35,-0.0009541069383645955
0.58,36,0.002816307155527669
0.58,37,8.45343588918817e-5
0.58,38,-0.0010934188787223764
0.58,39,-0.0008989079876397859
0.58,40,-0.00047022650756671687
0.58,41,-0.00039549417672281426
0.58,42,-0.0003163152029304237
0.58,43,-0.0004212147415068791
0.58,44,0.0009225154558428397
0.58,45,0.0005028148724108062
0.58,46,0.00018143711951120413
0.58,47,0.0005871630257843205
0.58,48,0.0003798939672288959
0.58,49,0.0003821753962973472
0.58,50,9.386090643072728e-5
0.58,51,0.00047124715720461694
0.58,52,0.0009287465567394134
0.58,53,0.0015903361206774302
0.58,54,-0.0021061003640918956
0.58,55,0.002169848980355702
0.58,56,-0.0008805936647126589
0.58,57,0.0011713627823191802
0.58,58,0.0002428990628519749
0.58,59,0.00040181196654503207
0.58,60,8.878304738595156e-5
0.58,61,-0.0009854952188030899
0.58,62,0.0012256635311252892
0.58,63,-0.0006181706534124992
0.58,64,0.0004318392245139195
0.58,65,-0.00234158282889746
0.58,66,0.0009537597833114774
0.58,67,-0.001035711724619181
0.58,68,0.0007389158664923404
0.58,69,-0.0022743907701069503
0.58,70,0.00024868763329206065
0.58,71,0.0004948517444756705
0.58,72,-0.0012840563046287766
0.58,73,-0.002137764394601386
0.58,74,-0.0009483969447957618
0.58,75,-0.000692003248750174
0.58,76,-0.0016708844441110148
0.58,77,0.00027002304179465784
0.58,78,0.0014272616453223038
0.58,79,-0.0028334795794071523
0.58,80,0.0011371543415772277
0.58,81,0.0004965980308271125
0.58,82,0.0007924788007440904
0.58,83,-0.001003916020067921
0.58,84,0.002177557886190922
0.58,85,0.0012676448067413795
0.58,86,0.0007442061231707436
0.58,87,-0.0010446166125446768
0.58,88,-0.0003888317135825927
0.58,89,0.0008096912877896588
0.58,90,0.0003635972154613454
0.58,91,-0.0007975204640813271
0.58,92,0.0021562314820545193
0.58,93,-0.001093504688002425
0.58,94,0.004847674136090841
0.58,95,-0.0010093392611204115
0.58,96,4.71779742454033e-5
0.58,97,0.009659435068191337
0.58,98,0.0006864805299495633
0.58,99,0.0022555404605807943
0.58,100,0.0025834066505942416
0.58,101,0.0005994145524950903
0.58,102,0.0004704227337199929
0.58,103,0.0025949632724939077
0.58,104,-0.00017684723233096704
0.58,105,0.0006795294045050289
0.58,106,-0.000890851386453511
0.58,107,0.001231284532867574
0.58,108,8.087990298566199e-5
0.58,109,0.0002991622198909719
0.58,110,-0.0006632724111414457
0.58,111,0.0020074924410589867
0.58,112,-0.0010336854508196784
0.58,113,-0.00036816329897537085
0.58,114,-0.0009398001914142855
0.58,115,-0.0007578450172060999
0.58,116,-0.0002723504320623672
0.58,117,-0.0017442040231525201
0.58,118,0.0015385200699511844
0.58,119,-0.0018400760426642343
0.58,120,0.0004107211769749983
0.58,121,-0.0015308646449380427
0.58,122,4.19653765541961e-5
0.58,123,-0.0002208154887998191
0.58,124,-0.0009898400750064209
0.58,125,0.0005741787932667613
0.58,126,0.0012437199312440056
0.58,127,-0.0012680098992982657
0.58,128,6.215473618911209e-5
0.58,129,0.0010886210624632634
0.58,130,0.0008361250372413661
0.58,131,-0.0006903765077712641
0.58,132,-0.000278666616254045
0.58,133,0.00035676516891024423
0.58,134,-0.0003135252372550335
0.58,135,0.0024485464646503176
0.58,136,-6.947797448261683e-5
0.58,137,-0.0011073494024361477
0.58,138,0.0005956155090296765
0.58,139,-0.0004780356164352554
0.58,140,0.00021380181053700712
0.58,141,0.00020784979673395702
0.58,142,0.0007015115084183725
0.58,143,4.1251373884134395e-5
0.58,144,-0.0002787109632542503
0.58,145,-0.00032758308163055626
0.58,146,0.0001979014620023614
0.58,147,7.049208970629594e-5
0.58,148,-2.3214872681716833e-5
0.58,149,0.0008704027052713118
0.58,150,0.0008317889293710291
0.58,151,0.0008115973363855814
0.58,152,-0.002530961695785188
0.58,153,0.0035406673158903824
0.58,154,-0.0014977224590659657
0.58,155,0.0025259876489696852
0.58,156,-0.0007197676236149221
0.58,157,-0.0010466336049912274
0.58,158,0.0004503955861745093
0.58,159,0.0011484768474424856
0.58,160,0.0015076871158061368
0.58,161,-0.0013104035818142122
0.58,162,0.001955125216379685
0.58,163,0.00015202868370224956
0.58,164,-0.0012361683489094258
0.58,165,0.0015029138274647515
0.58,166,0.0009387214922809703
0.58,167,-0.001824984639741539
0.58,168,-0.0006501053992633354
0.58,169,-0.00018187131033148233
0.58,170,-0.00044097241722975414
0.58,171,0.0004946124406824849
0.58,172,0.0016224593049921335
0.58,173,0.0010964711404666356
0.58,174,0.002912585131788441
0.58,175,-0.0021704785083800676
0.58,176,-8.332681393210929e-5
0.58,177,0.0012972555228770808
0.58,178,-0.0012245411572578018
0.58,179,0.0009756006483932684
0.58,180,0.004040276113888791
0.58,181,-0.00013212061663209494
0.58,182,-0.0006517670950948792
0.58,183,-0.00038307006244909413
0.58,184,0.005483729977282046
0.58,185,0.0010398524363169175
0.58,186,0.0038603178587755405
0.58,187,0.00656509321164046
0.58,188,0.005289222556554023
0.58,189,0.003817888925172765
0.58,190,0.03219662360542724
0.58,191,-0.0388362518241959
0.58,192,0.6388786734328165
0.58,193,0.010684059239481857
0.58,194,0.008070793052049684
0.58,195,-0.0016525202058486636
0.58,196,5.443086813223803e-5
0.58,197,2.211874513214529e-5
0.58,198,0.0006627396423582697
0.59,intercept,0.010239354244389027
0.59,1,0.005273258989977835
0.59,2,0.0015841664756109232
0.59,3,0.00051289760137713
0.59,4,0.0008967062998611743
0.59,5,0.0006799675601073846
0.59,6,-0.00038119169630752755
0.59,7,0.0005320105280655321
0.59,8,8.312352937754851e-5
0.59,9,0.00042484962270338146
0.59,10,-4.9600342169647115e-5
0.59,11,0.002814619273619134
0.59,12,0.0003806746915297081
0.59,13,-9.897090775872451e-5
0.59,14,0.0007806420732607179
0.59,15,-0.0015818393881875956
0.59,16,-0.0009999237637680037
0.59,17,0.0015274487647829516
0.59,18,-0.0002000349477118371
0.59,19,-0.0002342035335452435
0.59,20,-0.001489436159864519
0.59,21,-0.0006384013377668438
0.59,22,-9.780922891850074e-5
0.59,23,-5.860972584444823e-6
0.59,24,-0.00031744285025807627
0.59,25,-0.0011511783905834379
0.59,26,-0.00040434542183557224
0.59,27,0.0006678793731801657
0.59,28,-0.0025395785950568
0.59,29,0.0015734851682278322
0.59,30,0.001988610420593844
0.59,31,-0.0010110276513178788
0.59,32,-0.0009702458089205584
0.59,33,-0.0003604357148228955
0.59,34,-0.00044971489497690274
0.59,35,-0.0007200341879567268
0.59,36,0.002749939447513489
0.59,37,0.00015245915511453794
0.59,38,-0.0011390423389527515
0.59,39,-0.000838382269815451
0.59,40,-0.00036578732321026407
0.59,41,-0.0006917234091031437
0.59,42,-0.0003266370656181332
0.59,43,-0.00037514593301038354
0.59,44,0.0012910991848049736
0.59,45,0.00041304174965446216
0.59,46,0.00023317589251421102
0.59,47,0.0005681775475506463
0.59,48,0.0003538383722361851
0.59,49,0.0001509592394000388
0.59,50,0.0002200941990576737
0.59,51,0.0005113604047012178
0.59,52,0.0009614304459053315
0.59,53,0.001005280767168601
0.59,54,-0.0018751329336042974
0.59,55,0.002070163922082494
0.59,56,-0.0006030109483370472
0.59,57,0.0011747460280286588
0.59,58,0.00011342445494310335
0.59,59,0.00033890328339918426
0.59,60,6.615723978535277e-5
0.59,61,-0.0007114243463553083
0.59,62,0.0010941457844653574
0.59,63,-0.0009518195541597204
0.59,64,0.0003254977260795384
0.59,65,-0.0020517318342150688
0.59,66,0.001171556298702736
0.59,67,-0.0011549698514982656
0.59,68,0.0007239556311643145
0.59,69,-0.0023695515017575063
0.59,70,0.00040567676294237345
0.59,71,0.0005942442372038389
0.59,72,-0.0012427058187565896
0.59,73,-0.0025677507477771273
0.59,74,-0.0005386048262194394
0.59,75,-0.0007727117752661119
0.59,76,-0.0016631754696261997
0.59,77,0.00018198747068419132
0.59,78,0.001329255978231876
0.59,79,-0.0025689141660607214
0.59,80,0.0012591554600380197
0.59,81,0.0002973372406881227
0.59,82,0.0009159594927222906
0.59,83,-0.0012193484340281265
0.59,84,0.0018938443996805603
0.59,85,0.0014605958861931285
0.59,86,0.001001474325831845
0.59,87,-0.0007839304317521968
0.59,88,-0.0003380301476452999
0.59,89,0.00026978535041835485
0.59,90,0.0002887186153952311
0.59,91,-0.0010611016723613672
0.59,92,0.0024843033764833265
0.59,93,-0.001584468993336781
0.59,94,0.004585122027442768
0.59,95,-0.0006948613992559815
0.59,96,-0.0007146348628056144
0.59,97,0.011306050448488716
0.59,98,0.0007539414721832787
0.59,99,0.0017677999209171817
0.59,100,0.002911941931456224
0.59,101,0.0002213762759715283
0.59,102,0.0006537821957179202
0.59,103,0.0023277446842270345
0.59,104,-0.00016785254080122188
0.59,105,0.0004369296417162896
0.59,106,-0.0007210668243741637
0.59,107,0.0009469766002259828
0.59,108,0.00018499979759993153
0.59,109,0.0007589097814913709
0.59,110,-0.000850223947031827
0.59,111,0.0020230825818153284
0.59,112,-0.0005007999128859825
0.59,113,-0.0007474074198312072
0.59,114,-5.222407558306188e-6
0.59,115,-0.0007559545450153171
0.59,116,-0.0004272779220681842
0.59,117,-0.0016254197487663082
0.59,118,0.001677681542239122
0.59,119,-0.0017693227831021038
0.59,120,0.0001793307182268606
0.59,121,-0.0015956670700123146
0.59,122,0.0001337722033830127
0.59,123,-8.670688376631388e-5
0.59,124,-0.0013597440200148814
0.59,125,0.0007520587380867262
0.59,126,0.001050722982859118
0.59,127,-0.0013252911394110284
0.59,128,-0.00013447128975522371
0.59,129,0.0010250881454996945
0.59,130,0.0007683845862567224
0.59,131,-0.00018221326875160154
0.59,132,-0.0006612530878823468
0.59,133,0.0006381899808911178
0.59,134,-0.00026178677038349654
0.59,135,0.0023787734793587647
0.59,136,-0.0001528360222822244
0.59,137,-0.0008189546545681967
0.59,138,0.0004004036291096439
0.59,139,4.5766413643067574e-5
0.59,140,-0.0002994324123478829
0.59,141,0.00017295734213432652
0.59,142,0.0008018350175123716
0.59,143,-0.00012168337346940164
0.59,144,-0.00027826727438906237
0.59,145,-0.00027398135981330916
0.59,146,0.0002067949503576578
0.59,147,-0.00015181875011262204
0.59,148,3.3544269889727425e-5
0.59,149,0.0010574885286857485
0.59,150,0.0005543804212285408
0.59,151,0.0008770676744390079
0.59,152,-0.0025987722897452986
0.59,153,0.0031232852634572594
0.59,154,-0.001287840926556522
0.59,155,0.0026780277927278533
0.59,156,-0.0011091332691859233
0.59,157,-0.001194430609666642
0.59,158,0.0006635415189995535
0.59,159,0.0008308186593890996
0.59,160,0.0018658199006856625
0.59,161,-0.0013070857779398132
0.59,162,0.0017098133777704463
0.59,163,0.00010478154090711894
0.59,164,-0.0013482935101375166
0.59,165,0.0014503264099828789
0.59,166,0.0014735825209216135
0.59,167,-0.0019704785830014808
0.59,168,-0.000597347051336303
0.59,169,-0.00035933683443481533
0.59,170,-0.0004629084212964368
0.59,171,0.0005510750839525362
0.59,172,0.0016947396390158565
0.59,173,0.0008943147779451169
0.59,174,0.0029667660453480352
0.59,175,-0.0021691538389757973
0.59,176,0.00016976925294840523
0.59,177,0.0009931247689298492
0.59,178,-0.0010885748720155515
0.59,179,0.0006555436651965873
0.59,180,0.0040869029149556155
0.59,181,-4.909637969700966e-5
0.59,182,-0.0004897190578923717
0.59,183,-0.0009680706613101838
0.59,184,0.006091962500443458
0.59,185,0.0006728994116174016
0.59,186,0.004118292159277289
0.59,187,0.0070550364332552335
0.59,188,0.005034231420716136
0.59,189,0.005489479785632889
0.59,190,0.03238804524763084
0.59,191,-0.03928710986855991
0.59,192,0.648824667366373
0.59,193,0.01191473181648911
0.59,194,0.008460754626833327
0.59,195,-0.0016629223437278349
0.59,196,3.144207004390136e-5
0.59,197,7.49652408431143e-5
0.59,198,0.0006830141727404396
0.6,intercept,0.009852059973904669
0.6,1,0.005915903541550422
0.6,2,0.0016004253576116915
0.6,3,0.0001755251952230648
0.6,4,0.0007673156837325535
0.6,5,0.0006931153555581016
0.6,6,-0.00026245028600930154
0.6,7,0.0004678722422275102
0.6,8,0.00011085389248694037
0.6,9,0.0006715870805201183
0.6,10,-3.624945712165133e-5
0.6,11,0.003000200245128417
0.6,12,4.8391349655135024e-5
0.6,13,-0.0001490590223105761
0.6,14,0.0008639141000523596
0.6,15,-0.0018737610835519347
0.6,16,-0.00047535480456233515
0.6,17,0.001233851774509612
0.6,18,0.0001461446220490547
0.6,19,-0.0006391069868733317
0.6,20,-0.001603559618867574
0.6,21,-0.000747532990647678
0.6,22,-0.00017862695420420993
0.6,23,0.0001278535535405491
0.6,24,-0.00020504202957147172
0.6,25,-0.0011615890117689762
0.6,26,-0.000538432174602418
0.6,27,0.0005705019507381564
0.6,28,-0.0022537294489347478
0.6,29,0.001894795594302973
0.6,30,0.0019905779551062223
0.6,31,-0.0011363375795511075
0.6,32,-0.0007954654370603713
0.6,33,-0.0006882699683185157
0.6,34,-0.0003486543450577881
0.6,35,-0.0007812089531355066
0.6,36,0.0028262663956969314
0.6,37,3.408559530385769e-5
0.6,38,-0.0011335338189812517
0.6,39,-0.001050026398342611
0.6,40,-2.232346849113992e-5
0.6,41,-0.0009429663796651504
0.6,42,-9.882592575350947e-5
0.6,43,-0.0002668022613840205
0.6,44,0.0010444337338704004
0.6,45,0.0004116320766213929
0.6,46,0.00024096608179500229
0.6,47,0.00040991310819259847
0.6,48,0.0004041288694310157
0.6,49,0.0002627520583141989
0.6,50,0.00018202737497523803
0.6,51,0.0001938116208347732
0.6,52,0.001045812200729329
0.6,53,0.0008161244467813805
0.6,54,-0.0018149117615529837
0.6,55,0.0023700462387383917
0.6,56,-0.0009173706997091206
0.6,57,0.001159802035254674
0.6,58,4.2820269734036444e-5
0.6,59,0.0005206151931116132
0.6,60,-6.04956238553877e-5
0.6,61,-0.0004667032974467847
0.6,62,0.0010496105875434432
0.6,63,-0.0009964913672122005
0.6,64,-9.277931451163282e-5
0.6,65,-0.0016516190686523431
0.6,66,0.0010153942321425122
0.6,67,-0.0013026432223814288
0.6,68,0.001188370007679429
0.6,69,-0.002525244080070537
0.6,70,0.00047960622544895436
0.6,71,0.00039410764667038286
0.6,72,-0.0011381344573489114
0.6,73,-0.00288982981765306
0.6,74,-0.00022318828836725665
0.6,75,-0.001064339285511828
0.6,76,-0.001668092500104247
0.6,77,0.0003377213333477692
0.6,78,0.0014639723125919476
0.6,79,-0.0030736545518728828
0.6,80,0.0013177940461881529
0.6,81,3.438231072307741e-5
0.6,82,0.0007043257292160952
0.6,83,-0.0008170278184732612
0.6,84,0.0019337574744067248
0.6,85,0.0014709717912889891
0.6,86,0.0005849386739452086
0.6,87,-0.0005704648781713169
0.6,88,-0.0003100154103809578
0.6,89,0.00027932127670748366
0.6,90,-9.722602228679877e-5
0.6,91,-0.0007985144610338393
0.6,92,0.0026264089147548233
0.6,93,-0.001391771684313839
0.6,94,0.003901667589993158
0.6,95,-0.0009092237350723399
0.6,96,-0.0005636755764588875
0.6,97,0.012002792768737988
0.6,98,0.0006020836520475772
0.6,99,0.0021477897843677446
0.6,100,0.0028813546893095613
0.6,101,6.0225646338503294e-5
0.6,102,0.0007812991139445716
0.6,103,0.002132766984161117
0.6,104,0.0002528047153571914
0.6,105,0.0005692906808217895
0.6,106,-0.0010638660970378928
0.6,107,0.00133322622811024
0.6,108,-0.0004197106997637905
0.6,109,0.0011045302899399855
0.6,110,-0.0009820298574104108
0.6,111,0.002273121981950716
0.6,112,-0.000428261064633252
0.6,113,-0.0006946886703012834
0.6,114,7.266047505624005e-5
0.6,115,-0.000483447380886365
0.6,116,-0.00048004606594400197
0.6,117,-0.001445058351863612
0.6,118,0.0018817744103038609
0.6,119,-0.0016548708965632769
0.6,120,2.48558555748849e-5
0.6,121,-0.0012388279366461522
0.6,122,-1.383161442084519e-5
0.6,123,-6.302393683238528e-5
0.6,124,-0.0013062097003657452
0.6,125,0.0007572698130607896
0.6,126,0.0010185617818191212
0.6,127,-0.0012487074510770866
0.6,128,-0.0003376337289728907
0.6,129,0.0012480651167156465
0.6,130,0.0007829823375239745
0.6,131,-0.0001572467528824008
0.6,132,-0.0007702873858478651
0.6,133,0.0005123616720317528
0.6,134,3.438399144118473e-5
0.6,135,0.002440925933377983
0.6,136,-0.00011603038385778095
0.6,137,-0.0007295479602264769
0.6,138,0.0004919749206161431
0.6,139,7.9672482092549e-5
0.6,140,-6.369820601621041e-5
0.6,141,0.0001249775375610189
0.6,142,0.0012079443193793176
0.6,143,-0.0006128740965125856
0.6,144,-0.0002711702074372928
0.6,145,-0.00038366842034878913
0.6,146,0.00022552028346683081
0.6,147,-0.0004284144102462851
0.6,148,0.00033354015712458446
0.6,149,0.0010704261519512803
0.6,150,0.0004146427662737125
0.6,151,0.0006784764115772847
0.6,152,-0.0022024835783964495
0.6,153,0.0030682833649849453
0.6,154,-0.0014029690038678316
0.6,155,0.002737405865205619
0.6,156,-0.001106090659662842
0.6,157,-0.0013236974098028971
0.6,158,0.0005061478405273096
0.6,159,0.0006844177976855305
0.6,160,0.0027151782488095107
0.6,161,-0.0015372135699585079
0.6,162,0.0015463044923557235
0.6,163,-0.0001243752977924581
0.6,164,-0.0012762873298954142
0.6,165,0.0010223826506591928
0.6,166,0.0016550182075634227
0.6,167,-0.0017902034819184175
0.6,168,-0.0005417369946103989
0.6,169,1.7353138689451169e-6
0.6,170,-0.0009877506319710943
0.6,171,0.000648688382021403
0.6,172,0.0016856780835104905
0.6,173,0.0009482062001181608
0.6,174,0.0032437974663577385
0.6,175,-0.002442408790980527
0.6,176,0.00019289499507971767
0.6,177,0.0011125199050372196
0.6,178,-0.0009139030687407377
0.6,179,0.0002560152083689378
0.6,180,0.004477607141872315
0.6,181,-0.0001472349749391621
0.6,182,-0.00029546417075391817
0.6,183,-0.0007479384160340934
0.6,184,0.005776945129511421
0.6,185,0.00017978106466532166
0.6,186,0.00504135971789671
0.6,187,0.007286090019342749
0.6,188,0.004707397751324167
0.6,189,0.005564930874407336
0.6,190,0.033169503324026274
0.6,191,-0.03920333622847097
0.6,192,0.6609949907682954
0.6,193,0.012553719726968941
0.6,194,0.008848622870451546
0.6,195,-0.001591121940234548
0.6,196,-1.3140929117766019e-5
0.6,197,7.983712793519643e-5
0.6,198,0.0006413525657959179
0.61,intercept,0.009708709244343533
0.61,1,0.005790630315765022
0.61,2,0.0014965332472182378
0.61,3,-6.531692676868291e-5
0.61,4,0.0007576694500555685
0.61,5,0.0009591619181908344
0.61,6,-0.00027919538632938725
0.61,7,0.00011006854618387798
0.61,8,0.00044981049817282556
0.61,9,0.0005830950987610354
0.61,10,-0.0002875836618921149
0.61,11,0.003008171919039916
0.61,12,-0.00021845735437145728
0.61,13,4.6974329927043484e-5
0.61,14,0.0003940296096031104
0.61,15,-0.0012966150963260627
0.61,16,-0.0012241679181267551
0.61,17,0.001644813021739924
0.61,18,-0.00023436130172424996
0.61,19,-0.0005428399027722991
0.61,20,-0.0014560949856963876
0.61,21,-0.00024876534118943924
0.61,22,-0.000537325357939026
0.61,23,0.0004167574021849952
0.61,24,-0.0004993371530883206
0.61,25,-0.0006068655677560655
0.61,26,-0.00038688966176748225
0.61,27,0.0004524543202909503
0.61,28,-0.0023130939445367756
0.61,29,0.0018779708629944076
0.61,30,0.0020414933993877765
0.61,31,-0.0013664370196686405
0.61,32,-0.0007744016754603974
0.61,33,-0.0009011614293675432
0.61,34,0.00038150179817757044
0.61,35,-0.0010994944386433993
0.61,36,0.002833510332451944
0.61,37,-5.91749720428112e-5
0.61,38,-0.0010509282578238784
0.61,39,-0.0009737579622301034
0.61,40,-5.0758108580244064e-5
0.61,41,-0.0010609880069695197
0.61,42,-0.00013360273906762437
0.61,43,-0.00046593609825989
0.61,44,0.001179744925959865
0.61,45,0.00023442454274674393
0.61,46,0.0002734799984447825
0.61,47,0.0003163751870167684
0.61,48,0.0008667443625879712
0.61,49,0.00044679275323207697
0.61,50,-0.00010416962914562211
0.61,51,0.00020348098800584448
0.61,52,0.0008098301923046902
0.61,53,0.0014072642441405425
0.61,54,-0.002002016507004528
0.61,55,0.0022987398221973087
0.61,56,-0.001137250664555614
0.61,57,0.0012037834386409948
0.61,58,0.00046772831801598767
0.61,59,0.00037871715834049034
0.61,60,-7.824043894192019e-5
0.61,61,-0.0008329532455497594
0.61,62,0.001322626550512515
0.61,63,-0.0008926286363277447
0.61,64,-0.00017102531173678333
0.61,65,-0.0015646162299395873
0.61,66,0.0011097619590977824
0.61,67,-0.001440769018376209
0.61,68,0.0010285324910428843
0.61,69,-0.0026160376422267036
0.61,70,0.0006022371630004441
0.61,71,0.0008850104845855453
0.61,72,-0.0011641380055849547
0.61,73,-0.0030586897476491104
0.61,74,-0.00011866204739357798
0.61,75,-0.0011958447626479218
0.61,76,-0.0019355279218607375
0.61,77,0.0006486997290761795
0.61,78,0.001017711257499577
0.61,79,-0.0031163867654569757
0.61,80,0.0013174994835682618
0.61,81,-0.00014945022833051373
0.61,82,0.0008263076188661758
0.61,83,-0.0010048837242701753
0.61,84,0.0017139428076145366
0.61,85,0.001642943397036296
0.61,86,0.0006291231387051067
0.61,87,-0.0004989960567034467
0.61,88,-0.000841104546114245
0.61,89,0.0008213893569514034
0.61,90,-5.3010467251643175e-5
0.61,91,-0.0009319006866895555
0.61,92,0.002544336570310343
0.61,93,-0.001652644028106667
0.61,94,0.003720150407754524
0.61,95,-0.0010650767217312267
0.61,96,-0.0005702078843669733
0.61,97,0.0136254204079449
0.61,98,0.000359183450777597
0.61,99,0.002491569496553166
0.61,100,0.0033233031669741885
0.61,101,-0.000430563555224727
0.61,102,0.0012489594925219208
0.61,103,0.001893379275720754
0.61,104,0.0005216580909251603
0.61,105,0.0006521019217303385
0.61,106,-0.0013160651162043907
0.61,107,0.001365885796511886
0.61,108,-0.000509570311822036
0.61,109,0.0010255593053026966
0.61,110,-0.0007861946741143892
0.61,111,0.0018715505375823595
0.61,112,-0.0001253714545114483
0.61,113,-0.0006932538580488299
0.61,114,0.00019752424220216886
0.61,115,-0.0003156471232349388
0.61,116,-0.0007939867073244404
0.61,117,-0.0014106643454682673
0.61,118,0.0019533989824432585
0.61,119,-0.001552520690159252
0.61,120,0.0003150628946756541
0.61,121,-0.0014843389686215432
0.61,122,0.00015710939660910068
0.61,123,-6.752811440397694e-5
0.61,124,-0.00129901784389993
0.61,125,0.0007053795598875473
0.61,126,0.0011325517383480486
0.61,127,-0.0011259739075974657
0.61,128,-0.00046305892590838476
0.61,129,0.0009084219649996144
0.61,130,0.0009242064079851876
0.61,131,-3.3587258740252465e-5
0.61,132,-0.0008660539539012805
0.61,133,0.0006789721055743025
0.61,134,9.786103452440634e-5
0.61,135,0.0022687126310325678
0.61,136,2.259955154773045e-5
0.61,137,-0.0008597551221889656
0.61,138,0.0004930004867362024
0.61,139,0.00042743805189717025
0.61,140,-4.313517745489306e-5
0.61,141,-0.0001830986269074273
0.61,142,0.0012582027404404882
0.61,143,-0.0007692708623145558
0.61,144,-0.00019926779483392891
0.61,145,-0.00042088926946414677
0.61,146,-3.6379350524791015e-5
0.61,147,-0.0004241833009062755
0.61,148,-6.55689062982684e-5
0.61,149,0.0013475700583983525
0.61,150,0.00039346761611298636
0.61,151,0.0004438813619532567
0.61,152,-0.002122819214028204
0.61,153,0.003107828843688394
0.61,154,-0.00158514251208175
0.61,155,0.002751464434469408
0.61,156,-0.0014174032917685655
0.61,157,-0.001217803289559116
0.61,158,0.000332673858442916
0.61,159,0.001175278663337176
0.61,160,0.0025275175183383292
0.61,161,-0.00167366691728353
0.61,162,0.0012431811949768486
0.61,163,7.813928849898535e-5
0.61,164,-0.00104196565479091
0.61,165,0.0012138743642969246
0.61,166,0.0010644814577428134
0.61,167,-0.001276727269064915
0.61,168,-0.0005945886333366143
0.61,169,0.0002678432756373822
0.61,170,-0.0013153631833493216
0.61,171,0.0010611783833471657
0.61,172,0.0018745256801800116
0.61,173,0.0006633148558230993
0.61,174,0.003910421577463047
0.61,175,-0.0034309713502267123
0.61,176,0.00046575112348830935
0.61,177,0.0009639620560612767
0.61,178,-0.000664092604858978
0.61,179,0.0005026870183731912
0.61,180,0.004402024514027677
0.61,181,-0.0001097815085950601
0.61,182,-0.0003749325504451093
0.61,183,-0.0013285908239501819
0.61,184,0.00658981536721385
0.61,185,-0.0002161609821524902
0.61,186,0.004664513370204832
0.61,187,0.0076213054545502725
0.61,188,0.0046422921460763465
0.61,189,0.005087388974799697
0.61,190,0.035252310929000004
0.61,191,-0.04035219291009091
0.61,192,0.6728561948083203
0.61,193,0.012346050847672329
0.61,194,0.009058955202475804
0.61,195,-0.0015846722978476095
0.61,196,-8.266466393547101e-5
0.61,197,5.9813712533452953e-5
0.61,198,0.0006524878804946648
0.62,intercept,0.009555886055759017
0.62,1,0.005841221501380424
0.62,2,0.0012232868474669916
0.62,3,-0.00022102219566036188
0.62,4,0.0006651974098125779
0.62,5,0.0012726508492482771
0.62,6,-0.0005541321097559408
0.62,7,0.00026557964007879113
0.62,8,0.00022045260650112192
0.62,9,0.0007862039154671363
0.62,10,-0.0005295882238794817
0.62,11,0.002906615863926077
0.62,12,-6.220519828066361e-5
0.62,13,0.000204206500231241
0.62,14,0.0003120077275256218
0.62,15,-0.0010859915715403423
0.62,16,-0.0007874319111628705
0.62,17,0.001667284600650944
0.62,18,-0.00021374046986423684
0.62,19,-0.0006425380922257015
0.62,20,-0.0016182981673206732
0.62,21,-0.00011242209569108045
0.62,22,-0.0006802957258860873
0.62,23,0.0008007555066321187
0.62,24,-0.000840729203151468
0.62,25,-0.0004951690105267873
0.62,26,-0.0008010734630955821
0.62,27,0.0005407757793598656
0.62,28,-0.0022675683758106913
0.62,29,0.0024211416471626632
0.62,30,0.0018043610187116934
0.62,31,-0.001325113472389588
0.62,32,-0.00043695017481434434
0.62,33,-0.0005577186016066884
0.62,34,0.00013957848138024446
0.62,35,-0.0013339963263262842
0.62,36,0.00294552838001923
0.62,37,-1.27534892507904e-5
0.62,38,-0.0009873424688373212
0.62,39,-0.0008431551309571031
0.62,40,-0.00029424099844923
0.62,41,-0.0009997926907735386
0.62,42,-9.699357273745985e-5
0.62,43,-0.0007892630033982993
0.62,44,0.0013358114187320385
0.62,45,0.0001403555842475098
0.62,46,0.00021138291416611092
0.62,47,0.00026792344503066373
0.62,48,0.0010028353387898398
0.62,49,0.00041502851331799283
0.62,50,0.00024471712642564093
0.62,51,-5.6031312840297144e-5
0.62,52,0.0006428327133872481
0.62,53,0.0011927520643818918
0.62,54,-0.0016976215478129674
0.62,55,0.0025686888440519242
0.62,56,-0.0012298219885767629
0.62,57,0.001037493450857123
0.62,58,0.00028770032713053663
0.62,59,0.00045108725077252495
0.62,60,0.0002070350113719827
0.62,61,-0.0009572418073469942
0.62,62,0.001236918685319677
0.62,63,-0.0010492098830780703
0.62,64,-0.0003315101099161656
0.62,65,-0.001273697090153048
0.62,66,0.001030740752480258
0.62,67,-0.001323420508812385
0.62,68,0.0008523282651540271
0.62,69,-0.0023853881503272906
0.62,70,0.000452390749377116
0.62,71,0.0010409318689913443
0.62,72,-0.0012797589468052796
0.62,73,-0.003581859956695142
0.62,74,-6.314062552825348e-5
0.62,75,-0.0008434593619914546
0.62,76,-0.0020525935118480033
0.62,77,0.0005041826767852665
0.62,78,0.0009141146362274039
0.62,79,-0.0029224568535933405
0.62,80,0.0014913706808632819
0.62,81,-0.00036193657059612367
0.62,82,0.0010984092439281267
0.62,83,-0.0012862963637072277
0.62,84,0.0016097510748411142
0.62,85,0.002099763848031447
0.62,86,-0.00028477817185144363
0.62,87,0.00039062045519951247
0.62,88,-0.001254219492297987
0.62,89,0.001246371615383615
0.62,90,-0.0006718053577850754
0.62,91,-0.00036076366887080347
0.62,92,0.002510726904182793
0.62,93,-0.0020351261373625943
0.62,94,0.003414188064480025
0.62,95,-0.0009968431858546675
0.62,96,-0.0004999748933689486
0.62,97,0.014568538765179247
0.62,98,0.00013108671321404144
0.62,99,0.002561159588306518
0.62,100,0.0028345824176575357
0.62,101,-0.00019444270454958306
0.62,102,0.0010310803564532063
0.62,103,0.0022926988091236038
0.62,104,0.00036630811115809713
0.62,105,0.00045778321124789284
0.62,106,-0.001785655041853261
0.62,107,0.0017060148686690755
0.62,108,-0.000903475670644241
0.62,109,0.0012984318928345709
0.62,110,-0.0009223963937638871
0.62,111,0.002155742449539989
0.62,112,-0.0002322468206278686
0.62,113,-0.0005881236540528305
0.62,114,0.00037808736717347233
0.62,115,-0.0001133156132103114
0.62,116,-0.0005364987465620811
0.62,117,-0.0013768451102544555
0.62,118,0.0015618885557622693
0.62,119,-0.001254372065489972
0.62,120,0.0002803227010521742
0.62,121,-0.0008653588014829525
0.62,122,-0.0001111700109017172
0.62,123,-0.0001771267165637429
0.62,124,-0.000914482337047032
0.62,125,0.00037567620461161294
0.62,126,0.000933208746151739
0.62,127,-0.0010467083520918192
0.62,128,-0.00024312640927002158
0.62,129,0.0009119970334657515
0.62,130,0.0007043408346663169
0.62,131,8.764168229771359e-5
0.62,132,-0.0011016266019425037
0.62,133,0.0007904709623421366
0.62,134,0.00018696062877962728
0.62,135,0.002219547029553426
0.62,136,-0.00015415070700888393
0.62,137,-0.0009649510242366456
0.62,138,0.0005900863251584029
0.62,139,0.0004884175533232566
0.62,140,-0.0002654481113221863
0.62,141,0.00020119640466343105
0.62,142,0.0009250422646664188
0.62,143,-0.0006745838965454468
0.62,144,0.00012028192258045011
0.62,145,-0.0004279733753524218
0.62,146,-0.00022719203802178624
0.62,147,-0.0005411713606972442
0.62,148,1.3396364377877147e-5
0.62,149,0.0008965365732585071
0.62,150,0.0006235144013345805
0.62,151,0.00046270710419530335
0.62,152,-0.002301673942393037
0.62,153,0.00293330519020861
0.62,154,-0.0010550686537785685
0.62,155,0.0025573751301691257
0.62,156,-0.0014043747798342839
0.62,157,-0.001382479983694552
0.62,158,0.0003439857179654186
0.62,159,0.0009076673615394526
0.62,160,0.0027814866499960298
0.62,161,-0.0016527212843200766
0.62,162,0.0013151630717938435
0.62,163,0.00010625977893218302
0.62,164,-0.001653435304894001
0.62,165,0.0016175116585667609
0.62,166,0.001326128112017199
0.62,167,-0.001282175536468432
0.62,168,-0.0007274335571884588
0.62,169,0.00016048751176154393
0.62,170,-0.0011502166485258113
0.62,171,0.0006849130377358463
0.62,172,0.0019324053955334217
0.62,173,0.0009885043188371213
0.62,174,0.0037473050335278665
0.62,175,-0.0028664615223092825
0.62,176,2.116430773692914e-5
0.62,177,0.0009168670781332503
0.62,178,-0.0004757928894829791
0.62,179,0.0008644892605385645
0.62,180,0.004266872678634526
0.62,181,0.0001410309606941674
0.62,182,-0.0007517027446618433
0.62,183,-0.0010404588517648123
0.62,184,0.006402147993492618
0.62,185,-0.00044742598188770384
0.62,186,0.004801337479242325
0.62,187,0.008334748275474564
0.62,188,0.004946748468070978
0.62,189,0.0053840448024682
0.62,190,0.03690757175774273
0.62,191,-0.04132858125006769
0.62,192,0.6808479619386505
0.62,193,0.013287534761550819
0.62,194,0.008843279583706077
0.62,195,-0.0015550744926127358
0.62,196,-0.0001472823759792148
0.62,197,4.773570336121663e-5
0.62,198,0.0006831082864160835
0.63,intercept,0.00929210236666937
0.63,1,0.005622728648222103
0.63,2,0.0012576511465717875
0.63,3,-0.00018942877905682746
0.63,4,0.0006229920362019915
0.63,5,0.0010706556530882332
0.63,6,-0.0008670832641321803
0.63,7,0.00042088719627994347
0.63,8,-7.5103809355220096e-6
0.63,9,0.0008774589936900679
0.63,10,-0.0002931884847072406
0.63,11,0.0026570735510693696
0.63,12,-0.00022338769403547058
0.63,13,0.0009743557517891469
0.63,14,4.238602457702759e-5
0.63,15,-0.001482018093269504
0.63,16,-0.0008262879215531168
0.63,17,0.001781530160786526
0.63,18,-0.00010074671890544184
0.63,19,-0.0007246642281282325
0.63,20,-0.0017116176447952098
0.63,21,-0.00018101464018203058
0.63,22,-0.0006403210214657907
0.63,23,0.0010647193867726022
0.63,24,-0.0010308072933761197
0.63,25,-0.00011041746476296913
0.63,26,-0.0007668405947591083
0.63,27,0.0003293299086882366
0.63,28,-0.00245870420803157
0.63,29,0.0029120209424039227
0.63,30,0.0017573850419868471
0.63,31,-0.0011851073599832953
0.63,32,-0.0005694145498668974
0.63,33,-0.0006302391277476616
0.63,34,0.00041127399831461373
0.63,35,-0.0015030538296213244
0.63,36,0.0028647146169188484
0.63,37,0.00012819063132957247
0.63,38,-0.0009349228808271644
0.63,39,-0.0010430035540491722
0.63,40,-0.00032633443782008385
0.63,41,-0.0009164909270687331
0.63,42,-0.0003129382566789248
0.63,43,-0.0006245845857625595
0.63,44,0.0010823301348256925
0.63,45,0.00020428842588418743
0.63,46,0.0004255133297245973
0.63,47,0.00013961090453971087
0.63,48,0.0007411850500235929
0.63,49,0.0006827571279912658
0.63,50,-0.0001506292142441945
0.63,51,6.41061454042522e-5
0.63,52,0.0007641389143178877
0.63,53,0.0010247181433938135
0.63,54,-0.0017186966302439766
0.63,55,0.002634810781937295
0.63,56,-0.001270039249249702
0.63,57,0.0012072649353331503
0.63,58,0.0001957775376772005
0.63,59,9.274780367826769e-5
0.63,60,0.0005369100311435903
0.63,61,-0.0014186322914600323
0.63,62,0.001109193247871361
0.63,63,-0.000953894149131189
0.63,64,-0.00018914555802602257
0.63,65,-0.0013623807517442379
0.63,66,0.001175466526596104
0.63,67,-0.0016346986409404977
0.63,68,0.0012566501559495872
0.63,69,-0.0024748777396125174
0.63,70,0.0005453091425337166
0.63,71,0.000946845197431331
0.63,72,-0.001304815163176013
0.63,73,-0.0035473731604935745
0.63,74,-0.00015221766232271423
0.63,75,-0.00022087739028925954
0.63,76,-0.002016010312993991
0.63,77,0.000233633748579435
0.63,78,0.0011414830136253422
0.63,79,-0.0027147321531383194
0.63,80,0.0012846198401188884
0.63,81,4.385670724488173e-5
0.63,82,0.0011649930933199056
0.63,83,-0.0015679745931416866
0.63,84,0.001796988817803988
0.63,85,0.0022335919260789198
0.63,86,0.0002056775910622592
0.63,87,6.58421972118026e-5
0.63,88,-0.0011255811191331693
0.63,89,0.0005550773927462113
0.63,90,-0.00020830031891734592
0.63,91,0.0003043315282745925
0.63,92,0.002345416057150879
0.63,93,-0.0021645147681384285
0.63,94,0.00346396306052575
0.63,95,-0.0007372033766407193
0.63,96,-0.00028972285033141977
0.63,97,0.014569591232913619
0.63,98,0.00017527332521430748
0.63,99,0.002708165128889078
0.63,100,0.0031143659636353464
0.63,101,-0.0006435213383958779
0.63,102,0.0013400516336078516
0.63,103,0.0021899950372244164
0.63,104,0.00016352082603312374
0.63,105,0.000560725445095669
0.63,106,-0.0018509018458966527
0.63,107,0.0013843209043402102
0.63,108,-0.00036000930088569055
0.63,109,0.0015501924495161224
0.63,110,-0.0008086944735150649
0.63,111,0.0021895668793853076
0.63,112,-0.0005684889173590413
0.63,113,-9.892982084588813e-5
0.63,114,-8.813141138596682e-5
0.63,115,-0.00021681461377790807
0.63,116,-0.00029012990374155005
0.63,117,-0.0011984348506028613
0.63,118,0.0013033091008988111
0.63,119,-0.0011443243242224466
0.63,120,-2.6765216693507327e-5
0.63,121,-0.0004773607282773095
0.63,122,-0.000102448584497882
0.63,123,3.283539077032801e-5
0.63,124,-0.0011873473256377607
0.63,125,0.0007788401256731789
0.63,126,0.000564352397451853
0.63,127,-0.0010865229375831681
0.63,128,-0.00046398208648552175
0.63,129,0.0010299950112535824
0.63,130,0.0006144560229236484
0.63,131,0.00017311954602751474
0.63,132,-0.0008051909860989216
0.63,133,0.0003250608485887536
0.63,134,0.00039287962832735635
0.63,135,0.002193869732962246
0.63,136,6.416671999894212e-5
0.63,137,-0.001058475840350988
0.63,138,0.00035979487810520083
0.63,139,0.0007062989947736355
0.63,140,-0.0006002422427349444
0.63,141,0.00034870602374813535
0.63,142,0.0007165638003380436
0.63,143,-0.0006847181267422748
0.63,144,0.00016568233145817306
0.63,145,-0.0008200379532348177
0.63,146,6.479939273743303e-5
0.63,147,-0.0007074511233864591
0.63,148,0.0002436251156166291
0.63,149,0.0007415277637540571
0.63,150,0.0010963622247725105
0.63,151,0.0003824174408577469
0.63,152,-0.002432349360284294
0.63,153,0.0029095798995509596
0.63,154,-0.0010165174572861375
0.63,155,0.002800016217682338
0.63,156,-0.0018214836368674054
0.63,157,-0.0013423313434674745
0.63,158,1.5908745828743783e-5
0.63,159,0.000739109161878334
0.63,160,0.002613188303962329
0.63,161,-0.0017000954826575164
0.63,162,0.0014512210668608248
0.63,163,0.00021445561185997074
0.63,164,-0.0012605184678213014
0.63,165,0.001509738626996573
0.63,166,0.0009976641870988701
0.63,167,-0.0008392145481857201
0.63,168,-0.0010521686894269288
0.63,169,0.00033286520079783247
0.63,170,-0.001340787249694121
0.63,171,0.0010591955087358585
0.63,172,0.0017045452314908306
0.63,173,0.000830489047551878
0.63,174,0.004022500867842176
0.63,175,-0.0028854631254835233
0.63,176,-6.629613502294807e-5
0.63,177,0.0013886129760250319
0.63,178,-0.001002967725554217
0.63,179,0.001075497084020888
0.63,180,0.004163233330024803
0.63,181,0.000205211903115628
0.63,182,-0.0011686913702934642
0.63,183,-0.0008232041242661177
0.63,184,0.005853052201926334
0.63,185,0.0002733577430380629
0.63,186,0.004664561126709195
0.63,187,0.009098060301655803
0.63,188,0.0042186925752492575
0.63,189,0.00613899450358067
0.63,190,0.03811214390171165
0.63,191,-0.04253626996705688
0.63,192,0.6919496805100152
0.63,193,0.01350161644585674
0.63,194,0.009596385351842518
0.63,195,-0.0014651828266417988
0.63,196,-0.00017318510327299518
0.63,197,4.41649153867657e-5
0.63,198,0.0006795443542615253
0.64,intercept,0.00908649202433448
0.64,1,0.00631932914385096
0.64,2,0.0010320044027398538
0.64,3,-0.00027777489360738975
0.64,4,0.000568392381032112
0.64,5,0.0006402494462441486
0.64,6,-0.0007882942815331937
0.64,7,0.0005695650780978958
0.64,8,0.00029285554319460053
0.64,9,0.0008568512631057798
0.64,10,-0.0007159917570254406
0.64,11,0.002729509929807926
0.64,12,-0.0003385628917118141
0.64,13,0.00043082793433111817
0.64,14,0.0008561315772615424
0.64,15,-0.0018948536815450315
0.64,16,-0.0006686702707406296
0.64,17,0.0016643697674422699
0.64,18,-0.0002456146613224141
0.64,19,-0.000683085163149024
0.64,20,-0.0012260972511704952
0.64,21,-5.950468746854845e-5
0.64,22,-0.0005245485193568855
0.64,23,0.0009955341664658617
0.64,24,-0.000963859033086191
0.64,25,-0.00012024410299524772
0.64,26,-0.000595332000186995
0.64,27,0.00029057743564436415
0.64,28,-0.002569878476100933
0.64,29,0.003017498579030344
0.64,30,0.0017967914099108308
0.64,31,-0.0014808091147663148
0.64,32,-0.0004874326678614711
0.64,33,-0.0001891495840989828
0.64,34,0.0001993852462146529
0.64,35,-0.0011822823821427304
0.64,36,0.002872758599479034
0.64,37,5.651099763466383e-5
0.64,38,-0.0006745443525073812
0.64,39,-0.0012766702873703642
0.64,40,-0.0003616455461256375
0.64,41,-0.00092561778565956
0.64,42,-0.0001456570497942541
0.64,43,-0.0009636464373840167
0.64,44,0.0013943937069826793
0.64,45,-3.636948406988345e-5
0.64,46,0.0003576894316054531
0.64,47,0.0002793164241431957
0.64,48,0.0004728112251072728
0.64,49,0.0008301061645504506
0.64,50,-0.00014694916058880823
0.64,51,0.0003248363705248489
0.64,52,0.00043313328029078254
0.64,53,0.001101092135751126
0.64,54,-0.002081341532545909
0.64,55,0.0026570060569529566
0.64,56,-0.001316796985030228
0.64,57,0.0011741447529168996
0.64,58,0.0001561745930908557
0.64,59,0.0004095627222728474
0.64,60,5.758511533537386e-5
0.64,61,-0.001442218211516946
0.64,62,0.0011494399088296877
0.64,63,-0.0005434206317927218
0.64,64,-0.0002644011578037175
0.64,65,-0.0014433180617711503
0.64,66,0.0014471805328618102
0.64,67,-0.002029495826743169
0.64,68,0.0016444526096616291
0.64,69,-0.0025854613973324008
0.64,70,0.0004337618739629811
0.64,71,0.0010720024451679152
0.64,72,-0.0013683085685895304
0.64,73,-0.0036969503302542485
0.64,74,-1.5862484923178877e-5
0.64,75,-4.153003381053777e-5
0.64,76,-0.002455669165032879
0.64,77,-0.00018437665710937688
0.64,78,0.0014637440582468653
0.64,79,-0.0029880904549020476
0.64,80,0.0012613764107029357
0.64,81,0.00016837069087943744
0.64,82,0.0009363867527963932
0.64,83,-0.0015652575853543215
0.64,84,0.0016516637848778097
0.64,85,0.0025251917065671385
0.64,86,0.0007422941924237962
0.64,87,-0.0005826524514580173
0.64,88,-0.0007242137886162316
0.64,89,0.000683652678740717
0.64,90,-0.00030824343090814585
0.64,91,-2.3144917595894704e-5
0.64,92,0.0030164742776560127
0.64,93,-0.0026485769666211283
0.64,94,0.003245040183798379
0.64,95,-0.0008226208792897098
0.64,96,-0.0010700305934192409
0.64,97,0.01526839176871729
0.64,98,0.00012644519176849124
0.64,99,0.002541954716198715
0.64,100,0.0037480465524515286
0.64,101,-0.0009535920355626743
0.64,102,0.0015203280288542582
0.64,103,0.0021377376432913783
0.64,104,0.0004920569443473666
0.64,105,-0.00016479222213732563
0.64,106,-0.0017542215052752165
0.64,107,0.0013863383360195264
0.64,108,-0.00014060210253082197
0.64,109,0.0017884248478897077
0.64,110,-0.0010740618719738866
0.64,111,0.002376511243920712
0.64,112,-0.00048275557378255925
0.64,113,-4.595873676749359e-5
0.64,114,-0.00013639605645977644
0.64,115,0.00015648760877022636
0.64,116,-0.0009356251167516531
0.64,117,-0.0007707653439620131
0.64,118,0.0009178279546676379
0.64,119,-0.0012820419305845546
0.64,120,0.000361423677304882
0.64,121,-0.000670288404573206
0.64,122,0.0001632099466211953
0.64,123,-0.00024158039369729297
0.64,124,-0.0006809967531700382
0.64,125,0.0003254826565004464
0.64,126,0.0006967000784098176
0.64,127,-0.0012391539599056348
0.64,128,-0.00027244409582396166
0.64,129,0.000932103086368289
0.64,130,0.0007397982487560276
0.64,131,-0.00016776434486265397
0.64,132,-0.0005621702139707486
0.64,133,0.0006545518694186962
0.64,134,7.238425336606774e-5
0.64,135,0.0022231971094046517
0.64,136,-4.262282022375299e-5
0.64,137,-0.0011227768284744375
0.64,138,0.000626630058795555
0.64,139,0.00038665696797250774
0.64,140,-0.0005210968338334174
0.64,141,0.0005046210319448664
0.64,142,0.00037387172351406367
0.64,143,-0.0003300383284431673
0.64,144,0.0002202197954509548
0.64,145,-0.0009583546909393964
0.64,146,-0.00010513441884841946
0.64,147,-0.0008114776182894229
0.64,148,0.0005391529958589931
0.64,149,0.00045908061587910255
0.64,150,0.0010974490359838263
0.64,151,0.0004307658972124888
0.64,152,-0.002135043064684919
0.64,153,0.002853561375709232
0.64,154,-0.001003321761881519
0.64,155,0.0026760731973258785
0.64,156,-0.002020647772086446
0.64,157,-0.0007691876117312737
0.64,158,-0.00048270943939287474
0.64,159,0.0010001431406418486
0.64,160,0.002627467116791201
0.64,161,-0.0015010888526827955
0.64,162,0.0014798504929580208
0.64,163,0.0003519381163556202
0.64,164,-0.001698667825596397
0.64,165,0.0018893632903241601
0.64,166,0.0007001005677113492
0.64,167,-0.0004838053012462839
0.64,168,-0.0008421286275215818
0.64,169,4.441863877074277e-5
0.64,170,-0.0012444342700841638
0.64,171,0.001130027422870769
0.64,172,0.0016207982349337588
0.64,173,0.001482540817913927
0.64,174,0.003720767603055983
0.64,175,-0.002806851809760897
0.64,176,-0.00048183532585342894
0.64,177,0.001716370256069429
0.64,178,-0.0010560605302154964
0.64,179,0.0008051732468884258
0.64,180,0.004424595825695546
0.64,181,-0.000148909461064659
0.64,182,-0.0014163811759196525
0.64,183,-0.0003172862961699856
0.64,184,0.0049153797035618625
0.64,185,0.0009416246374442109
0.64,186,0.0053597491737591265
0.64,187,0.008836078183248462
0.64,188,0.005409412075216459
0.64,189,0.006007168664636472
0.64,190,0.038946368314191716
0.64,191,-0.04336392268960144
0.64,192,0.7016552688937512
0.64,193,0.014156548105006524
0.64,194,0.00995630944149399
0.64,195,-0.001422847738503189
0.64,196,-0.00021701365240316183
0.64,197,1.1218326568122818e-5
0.64,198,0.000627599378141214
0.65,intercept,0.008800527579067635
0.65,1,0.0062371734271737915
0.65,2,0.0013128362872418906
0.65,3,-0.0008052236224149943
0.65,4,0.00048683449920375435
0.65,5,0.0003889762166922545
0.65,6,-0.00097731917008294
0.65,7,0.0007289188625338771
0.65,8,0.00039884142548608564
0.65,9,0.0007563163030367241
0.65,10,-0.0005313676633418526
0.65,11,0.0024134810397286066
0.65,12,8.933318891739354e-6
0.65,13,-1.694342330371351e-5
0.65,14,0.0010068729348881526
0.65,15,-0.002155178552525146
0.65,16,-0.00060044278572954
0.65,17,0.0016370082840647328
0.65,18,0.0001972183431943649
0.65,19,-0.0008987366398484261
0.65,20,-0.0013301200953416334
0.65,21,0.00028270587708549273
0.65,22,-0.0008427605154460939
0.65,23,0.0013018596991107184
0.65,24,-0.0010704532060348676
0.65,25,-0.0004076234803418113
0.65,26,-0.0004828485249492788
0.65,27,0.0003815671451709175
0.65,28,-0.0023200305588411347
0.65,29,0.003098884852967358
0.65,30,0.001598717703629329
0.65,31,-0.000851448043075551
0.65,32,-0.0005125192835202903
0.65,33,-0.0005682517022710318
0.65,34,0.00048372148551179824
0.65,35,-0.0012145629946725752
0.65,36,0.003046238478334527
0.65,37,0.00010146252794731323
0.65,38,-0.0005424794228524733
0.65,39,-0.001554649897679992
0.65,40,-0.0005898275021345614
0.65,41,-0.0006293475004285502
0.65,42,-0.00034936478810148914
0.65,43,-0.0007329905550703052
0.65,44,0.0010468806398610145
0.65,45,0.0003779831220212047
0.65,46,7.260225387064335e-5
0.65,47,0.0004906194733821342
0.65,48,0.00025789230554196073
0.65,49,0.0004936647641439342
0.65,50,0.00040725906575160727
0.65,51,-0.0001313403768520393
0.65,52,0.000504042225948439
0.65,53,0.0010293102904837118
0.65,54,-0.0018742782121826341
0.65,55,0.0023986940640048976
0.65,56,-0.0012331968358720877
0.65,57,0.0011944832413182099
0.65,58,0.0003386702305386229
0.65,59,0.0002870630391743734
0.65,60,9.655949521040093e-5
0.65,61,-0.0018035806896838375
0.65,62,0.0009750344410984775
0.65,63,-0.00033276689164020695
0.65,64,-0.0007486965059817602
0.65,65,-0.001320320221628458
0.65,66,0.0012124080713035803
0.65,67,-0.0013877753925980796
0.65,68,0.0013728907485649731
0.65,69,-0.002615287654810426
0.65,70,0.0004193982269591838
0.65,71,0.001464093680773097
0.65,72,-0.0014162035212561374
0.65,73,-0.003985885187769283
0.65,74,0.0003721552009697381
0.65,75,-0.00016070594077444207
0.65,76,-0.002431422512010414
0.65,77,2.6189496349019566e-5
0.65,78,0.0015673095420888025
0.65,79,-0.003012444118243655
0.65,80,0.001280958381104821
0.65,81,6.81449801600797e-5
0.65,82,0.0008772295949609452
0.65,83,-0.001220031050601932
0.65,84,0.0018074292671076827
0.65,85,0.0032750196567340557
0.65,86,0.00013291955918913554
0.65,87,-0.0004705874884031994
0.65,88,-0.0006521684245007753
0.65,89,1.2318859830326442e-5
0.65,90,5.85408855464257e-5
0.65,91,-0.00025190998919143745
0.65,92,0.0028922057071127686
0.65,93,-0.003083426587126772
0.65,94,0.003369448458984032
0.65,95,-0.000702361771105109
0.65,96,-0.0015417667852751233
0.65,97,0.016351108193578393
0.65,98,5.265791443669133e-5
0.65,99,0.0023195766582822003
0.65,100,0.00440136407023367
0.65,101,-0.0008702364464480241
0.65,102,0.001431076873757321
0.65,103,0.001343506200658475
0.65,104,0.001135251916260072
0.65,105,-1.9411157938646842e-5
0.65,106,-0.002069960620679347
0.65,107,0.0012837607049481945
0.65,108,-0.00018075856574224832
0.65,109,0.0018992570027207738
0.65,110,-0.0007905179160118277
0.65,111,0.0023140534517052513
0.65,112,-0.000527336792793075
0.65,113,-7.023766391729733e-5
0.65,114,-9.694694532396436e-5
0.65,115,0.00011758986236624391
0.65,116,-0.0009684525788234322
0.65,117,-0.0005853190415360844
0.65,118,0.0008480155016386937
0.65,119,-0.0012637094032949714
0.65,120,0.00025343313906086407
0.65,121,-0.0007130799480610929
0.65,122,0.00021782333575011927
0.65,123,-0.0001363208668459108
0.65,124,-0.0008207861078348803
0.65,125,0.00047209808945059163
0.65,126,0.0006772948210254572
0.65,127,-0.0011913009050540776
0.65,128,-9.563972800920507e-5
0.65,129,0.0011262629500951194
0.65,130,0.000969817374158304
0.65,131,-0.00039092036872853594
0.65,132,-0.00034670885661911455
0.65,133,0.00021566253045555655
0.65,134,0.00018856238645614126
0.65,135,0.002526015537478085
0.65,136,-0.000716132484296973
0.65,137,-0.0006588309367943112
0.65,138,0.0002639390728823337
0.65,139,0.0008535290386256869
0.65,140,-0.0005743472197676673
0.65,141,0.00035968463356771775
0.65,142,0.0004711791127903627
0.65,143,-0.0002770213567901974
0.65,144,0.00027063133597728085
0.65,145,-0.0012283556911362218
0.65,146,-7.645906630354549e-5
0.65,147,-0.0011813086371708058
0.65,148,0.0005125101657556114
0.65,149,0.0006719719890522706
0.65,150,0.0008255314975728666
0.65,151,0.0009950146876144545
0.65,152,-0.0020754150718475996
0.65,153,0.0023865623846382757
0.65,154,-0.0010116647497471327
0.65,155,0.002898463662783895
0.65,156,-0.002063538673496965
0.65,157,-0.0011123523924143354
0.65,158,-0.0006325482352861203
0.65,159,0.0011679923916764667
0.65,160,0.0026733347963350754
0.65,161,-0.0014058548721065562
0.65,162,0.0012754020574457902
0.65,163,0.0006054971385895878
0.65,164,-0.0017047988021399335
0.65,165,0.0020179945052065267
0.65,166,0.0003361369984464029
0.65,167,-0.00021478488039763967
0.65,168,-0.0006631748323928712
0.65,169,-0.00010070138565561527
0.65,170,-0.0015693354418560065
0.65,171,0.0010977188124658658
0.65,172,0.0013116542390421038
0.65,173,0.0015788230106087637
0.65,174,0.0038231298744107723
0.65,175,-0.0026442986433994043
0.65,176,-0.000235505812093762
0.65,177,0.0016031855842101068
0.65,178,-0.001297910348791622
0.65,179,0.0007544011740611908
0.65,180,0.004663475931778535
0.65,181,-0.0008862351788191145
0.65,182,-0.0009973906447903818
0.65,183,-0.0011002625852870845
0.65,184,0.0048684709160169886
0.65,185,0.001573469586256989
0.65,186,0.00464039453080389
0.65,187,0.010086209336619086
0.65,188,0.006109931201044425
0.65,189,0.0068376922370949516
0.65,190,0.04162290881748399
0.65,191,-0.04458597653699893
0.65,192,0.7121048475885686
0.65,193,0.014797810416504237
0.65,194,0.010125550719411038
0.65,195,-0.0013800634227742728
0.65,196,-0.0003029125946834398
0.65,197,4.467649062599166e-5
0.65,198,0.0006097997752581628
0.66,intercept,0.008636653612018083
0.66,1,0.006486481422619036
0.66,2,0.001641639402953495
0.66,3,-0.0006662544565032766
0.66,4,0.00042565183428007036
0.66,5,0.0007160077202393938
0.66,6,-0.0009520334048178943
0.66,7,0.0004028237790159385
0.66,8,0.0002613208570302334
0.66,9,0.0002457140227350415
0.66,10,-0.00019997663070278442
0.66,11,0.002613514317375424
0.66,12,0.000259645767449332
0.66,13,-0.0006811284179875056
0.66,14,0.0010855834975282246
0.66,15,-0.0017470908528026867
0.66,16,-8.624813715911267e-5
0.66,17,0.0014845647163215915
0.66,18,0.00012493829296777588
0.66,19,-0.0006827782288664025
0.66,20,-0.0013045042526960084
0.66,21,0.00031589082414417206
0.66,22,-0.0007940696020427026
0.66,23,0.0013212835888104268
0.66,24,-0.0013278740216813468
0.66,25,8.090704807127984e-5
0.66,26,-0.0004971795705996558
0.66,27,0.0001240758780520838
0.66,28,-0.002674030246148174
0.66,29,0.003124030755524969
0.66,30,0.0016253625807726895
0.66,31,-0.0008018079236888985
0.66,32,-0.00022220543916729536
0.66,33,-0.0007521717821725127
0.66,34,0.0005763787067037298
0.66,35,-0.0015669687011324533
0.66,36,0.002945590086356734
0.66,37,0.00011732266286149852
0.66,38,-0.0009551313443102086
0.66,39,-0.0010671545773403642
0.66,40,-0.0006046560130944695
0.66,41,-0.0005533977050701872
0.66,42,-0.0002621565197119894
0.66,43,-0.0007614466380762498
0.66,44,0.0010675685216481822
0.66,45,0.000593216906592137
0.66,46,0.00012400393543981325
0.66,47,0.00024387288894123823
0.66,48,0.00010098238928578693
0.66,49,0.000712086408553713
0.66,50,0.00018246782171318384
0.66,51,-0.0002682139823414673
0.66,52,0.0006397733292586791
0.66,53,0.0013849131408876184
0.66,54,-0.0018302609731570855
0.66,55,0.001958257084028067
0.66,56,-0.0013375830318708597
0.66,57,0.0014715561151244878
0.66,58,0.000463536439136909
0.66,59,0.000277296075217921
0.66,60,-0.00023596872026424696
0.66,61,-0.0017308810963793126
0.66,62,0.000981526178095607
0.66,63,-0.0004572011871625309
0.66,64,-0.0007635248460598276
0.66,65,-0.001646317496462484
0.66,66,0.0014086943928584123
0.66,67,-0.0013518204361720216
0.66,68,0.0014560055010584274
0.66,69,-0.0029432122919543008
0.66,70,0.0007493136148283705
0.66,71,0.0014751515519284026
0.66,72,-0.0014678339478300063
0.66,73,-0.004115570246072803
0.66,74,0.0005695996977599033
0.66,75,6.062250102887049e-5
0.66,76,-0.002568945924115379
0.66,77,-0.00018475956201917862
0.66,78,0.0016994317366248192
0.66,79,-0.0030822715848480794
0.66,80,0.0012471605277027164
0.66,81,0.0002819380667013568
0.66,82,0.0007811755053212637
0.66,83,-0.0014462743126500408
0.66,84,0.0015727494144490038
0.66,85,0.003614577478743704
0.66,86,0.00019448676225402526
0.66,87,-0.00048728055172403244
0.66,88,-0.000912101394982363
0.66,89,0.00026894093340293254
0.66,90,0.0003665250378710089
0.66,91,-0.00044597419318229484
0.66,92,0.0032755360287398875
0.66,93,-0.0036925401057597736
0.66,94,0.0037190311293450224
0.66,95,-0.0003738978195477447
0.66,96,-0.0022126735263773268
0.66,97,0.01671847739367308
0.66,98,4.734763997857867e-5
0.66,99,0.0027486481865431765
0.66,100,0.0040588732099164715
0.66,101,-0.0009021375343630021
0.66,102,0.0012961531240335746
0.66,103,0.001317018486671559
0.66,104,0.0008564709281560083
0.66,105,-4.357871844780124e-5
0.66,106,-0.0016100787674657897
0.66,107,0.0006358201858646733
0.66,108,-0.00013779104537197986
0.66,109,0.0015414073142332417
0.66,110,-0.0007239665133746227
0.66,111,0.0024772107632029523
0.66,112,-0.0008210244031045945
0.66,113,-0.00021843107436641718
0.66,114,-3.737332140433321e-5
0.66,115,-4.646685941092864e-6
0.66,116,-0.0007176923870852077
0.66,117,-0.0008059073711398488
0.66,118,0.001559415062413646
0.66,119,-0.0018767274172370948
0.66,120,0.0006526615990629324
0.66,121,-0.0005728329380068404
0.66,122,0.00012719206596745365
0.66,123,0.000220678310055294
0.66,124,-0.0008449995621461649
0.66,125,0.0002520845064572481
0.66,126,0.0007730575313266202
0.66,127,-0.00140606616849831
0.66,128,0.00015606634285655598
0.66,129,0.0011625400184993293
0.66,130,0.000933183516070527
0.66,131,-0.00027693818592114595
0.66,132,-0.0002880920898618455
0.66,133,0.00029298187000755606
0.66,134,9.54029403165544e-5
0.66,135,0.0025687463827258356
0.66,136,-0.0008616508376101624
0.66,137,-0.0005342204686228037
0.66,138,-7.073861844586787e-5
0.66,139,0.0010216899477754418
0.66,140,-0.0006593487915991803
0.66,141,0.0005424904101649104
0.66,142,0.0006762688620050005
0.66,143,-0.00039711548968360884
0.66,144,0.0005869754752492984
0.66,145,-0.0016433637105420153
0.66,146,0.00011372844431447702
0.66,147,-0.001139122873020306
0.66,148,0.000821144489967505
0.66,149,0.0008040275469489666
0.66,150,0.0005548224711108781
0.66,151,0.0014460946260457998
0.66,152,-0.001906074014346306
0.66,153,0.002185865847168585
0.66,154,-0.000726172215970574
0.66,155,0.0025830170353179117
0.66,156,-0.0019546763505070867
0.66,157,-0.0010969100670860826
0.66,158,-0.0007426776560362828
0.66,159,0.0011475006289137217
0.66,160,0.002518907989957128
0.66,161,-0.001612995732980688
0.66,162,0.0014057098679850202
0.66,163,0.0006320866564737606
0.66,164,-0.0014603201254755652
0.66,165,0.0017317398146237807
0.66,166,0.00045334111407321936
0.66,167,-0.00015344256228527896
0.66,168,-0.0008536651403098441
0.66,169,-0.00041375507909709825
0.66,170,-0.0015906668094327432
0.66,171,0.0015711706949614714
0.66,172,0.000740359242694688
0.66,173,0.0020203827711320448
0.66,174,0.003437754575020999
0.66,175,-0.0019815079630501773
0.66,176,-0.0008463206417793965
0.66,177,0.001781736423729096
0.66,178,-0.0009618267754509368
0.66,179,0.0006454235408292557
0.66,180,0.004441008817310236
0.66,181,-0.0008911970361239059
0.66,182,-0.000841800023199672
0.66,183,-0.001111539875548194
0.66,184,0.004793193373385016
0.66,185,0.0017592187829051523
0.66,186,0.003959468337360742
0.66,187,0.0109021142855925
0.66,188,0.006014961502035442
0.66,189,0.006568724772630031
0.66,190,0.042061631032218265
0.66,191,-0.045353288442729636
0.66,192,0.7236994258118237
0.66,193,0.015052557777378548
0.66,194,0.009990524301777659
0.66,195,-0.001317400490334249
0.66,196,-0.00036430635014484823
0.66,197,6.921258118852171e-5
0.66,198,0.0006147884605655369
0.67,intercept,0.008435321617593805
0.67,1,0.006321360883118904
0.67,2,0.0017538663721127317
0.67,3,-0.0002792596440088877
0.67,4,0.00010690253544154687
0.67,5,0.0005633637753961604
0.67,6,-0.0013613067411062717
0.67,7,0.001023468739107736
0.67,8,0.0002922551218612465
0.67,9,-0.000141196314993347
0.67,10,-9.25184987416004e-5
0.67,11,0.002751469411184578
0.67,12,0.0006492400265407102
0.67,13,-0.0011474598103206467
0.67,14,0.001028411173172654
0.67,15,-0.0015042382034418421
0.67,16,9.284169696737903e-5
0.67,17,0.0016849477025823417
0.67,18,-0.00026035698145574767
0.67,19,-0.0008043288984636758
0.67,20,-0.0009517668943131124
0.67,21,0.0007548614255319299
0.67,22,-0.0009927512412099527
0.67,23,0.0013628714218598078
0.67,24,-0.0012442528261142256
0.67,25,0.0004321342698083008
0.67,26,-0.0010082186934583827
0.67,27,0.0008513606323186435
0.67,28,-0.002327974827461616
0.67,29,0.0025680776286053893
0.67,30,0.0017160203563582994
0.67,31,-0.0012080117458307708
0.67,32,7.851662762204582e-5
0.67,33,-0.0008041312445352061
0.67,34,0.0003655550348402077
0.67,35,-0.0013964436556801098
0.67,36,0.00274708578240743
0.67,37,0.00013499304865336717
0.67,38,-0.0007915333023470961
0.67,39,-0.0015519379869388785
0.67,40,-0.0004443898923698277
0.67,41,-0.0007358346367517845
0.67,42,0.00038318406460716804
0.67,43,-0.001170353492097447
0.67,44,0.0010441588987550512
0.67,45,0.0007460187693425467
0.67,46,-0.0001864591259389836
0.67,47,0.0003724507198173314
0.67,48,0.00016501810213874965
0.67,49,0.0008525141243483418
0.67,50,0.00014352160063984583
0.67,51,-0.0003662760730383865
0.67,52,0.0004740109753620986
0.67,53,0.0011629314537291806
0.67,54,-0.0021405633285328
0.67,55,0.0020046769682127595
0.67,56,-0.0015439467581801912
0.67,57,0.0016531949081747715
0.67,58,0.0004954199349196857
0.67,59,0.00042072189013506726
0.67,60,-8.491385329639156e-5
0.67,61,-0.002038307865763095
0.67,62,0.001386965176490706
0.67,63,-0.0007616236833881109
0.67,64,-0.0004534386502870016
0.67,65,-0.001968957425147262
0.67,66,0.002131035299896937
0.67,67,-0.0017655901099557273
0.67,68,0.0019155754206432198
0.67,69,-0.003485139796428023
0.67,70,0.0006370300128174962
0.67,71,0.0019172148973443264
0.67,72,-0.0016199234739832642
0.67,73,-0.0036947371059575713
0.67,74,0.00033357318950997356
0.67,75,0.00010326753554279015
0.67,76,-0.003080518714919963
0.67,77,-0.00017469214031380116
0.67,78,0.0020714391052104376
0.67,79,-0.002986989626530356
0.67,80,0.001567685389368657
0.67,81,-0.000620165808502724
0.67,82,0.00047166621830440464
0.67,83,-0.0010301590022877515
0.67,84,0.0014136573803143367
0.67,85,0.003614565793497639
0.67,86,-0.0005141930603765133
0.67,87,-7.184917549055089e-5
0.67,88,-0.0006112151448687099
0.67,89,-4.444534075523771e-5
0.67,90,0.0007372351982144761
0.67,91,-0.0014988729570881902
0.67,92,0.0037262350862296875
0.67,93,-0.004223678167459292
0.67,94,0.004641201248023628
0.67,95,3.5106313682262625e-5
0.67,96,-0.002589689908572869
0.67,97,0.01680878111799749
0.67,98,0.00017781395707988664
0.67,99,0.002680808050799942
0.67,100,0.004155562255964852
0.67,101,-0.0007237270746355342
0.67,102,0.0011799197755223223
0.67,103,0.0011360381594770314
0.67,104,0.00096323899318407
0.67,105,0.000141125390604054
0.67,106,-0.002395257566921815
0.67,107,0.00019661236025554597
0.67,108,-9.248417406402774e-5
0.67,109,0.0020926719830519445
0.67,110,-0.0011480090140425173
0.67,111,0.002658884796550902
0.67,112,-0.001253696519337025
0.67,113,0.00021147609988436894
0.67,114,1.524850268075372e-5
0.67,115,0.0001412223070891963
0.67,116,-0.0008322833416095514
0.67,117,-0.0009716739532227987
0.67,118,0.0018243383428861444
0.67,119,-0.0022869330412411755
0.67,120,0.00035049096684348306
0.67,121,6.47985661209944e-5
0.67,122,0.0002059883365407458
0.67,123,-0.0002540325889956009
0.67,124,-0.000812801604749579
0.67,125,-0.00011364975808607817
0.67,126,0.0013248133574184577
0.67,127,-0.0014798303042259408
0.67,128,0.0004694947564618025
0.67,129,0.0015282427525972456
0.67,130,0.0008771030587051518
0.67,131,-0.00024679293487731035
0.67,132,-0.000354744553195644
0.67,133,0.0006591042793384428
0.67,134,-6.407213787485729e-5
0.67,135,0.002350554808880089
0.67,136,-0.0006711248664753776
0.67,137,-0.0008702271044757244
0.67,138,7.778185621738906e-5
0.67,139,0.0008115520535084596
0.67,140,-0.0004353912606168008
0.67,141,0.0008398756485551117
0.67,142,0.0008865917561785769
0.67,143,-0.00020060616035906138
0.67,144,0.0001323112853792758
0.67,145,-0.0016793487375947433
0.67,146,0.00019120775193739534
0.67,147,-0.001090913781369867
0.67,148,0.0006238065057002128
0.67,149,0.0011683317289063644
0.67,150,0.0001444123299482101
0.67,151,0.0009491433942739414
0.67,152,-0.0017143489910624175
0.67,153,0.002305773750147782
0.67,154,-0.0012305596337272272
0.67,155,0.002302495451759857
0.67,156,-0.0017926097967196684
0.67,157,-0.0008997830909515662
0.67,158,-0.001016652144117139
0.67,159,0.0013465813195510563
0.67,160,0.0021142238803183917
0.67,161,-0.001498973217328543
0.67,162,0.0018530704262852376
0.67,163,0.0007989987664468857
0.67,164,-0.0013339656481357184
0.67,165,0.0014021396110544702
0.67,166,0.0004102069705205138
0.67,167,0.0007062231087468415
0.67,168,-0.0007968689483806187
0.67,169,-0.00039759714125627634
0.67,170,-0.0017110825420422646
0.67,171,0.001331083594676437
0.67,172,0.00034784892963470976
0.67,173,0.0024611962606037522
0.67,174,0.0028459686695721403
0.67,175,-0.0019038881585767466
0.67,176,-0.0006005232522928853
0.67,177,0.0015058226686010107
0.67,178,-0.0013281206049176849
0.67,179,0.0006930799448119235
0.67,180,0.004640790842601171
0.67,181,-0.0004710238673838814
0.67,182,-0.0006912627971849259
0.67,183,-0.0009372457110722151
0.67,184,0.004860786485329153
0.67,185,0.0024283989526474115
0.67,186,0.0029865446503444834
0.67,187,0.011396607913299063
0.67,188,0.0072703198161319545
0.67,189,0.004918509117108435
0.67,190,0.04584445393104735
0.67,191,-0.04841803067780864
0.67,192,0.7374688100133425
0.67,193,0.01588315696317589
0.67,194,0.010032078679545468
0.67,195,-0.001265717213616919
0.67,196,-0.00048005737756301285
0.67,197,0.0001142700395613018
0.67,198,0.0006052304005125801
0.68,intercept,0.008030924762905883
0.68,1,0.006806373736847452
0.68,2,0.0018233972324727464
0.68,3,-0.0005827794357845331
0.68,4,-0.0005570464799983304
0.68,5,0.0015647618945715282
0.68,6,-0.0015158701682650383
0.68,7,0.00040746868464439567
0.68,8,0.00041826722391845344
0.68,9,0.00013396102448618423
0.68,10,-0.000335396264888339
0.68,11,0.003945889357557033
0.68,12,0.0001342268793355241
0.68,13,-0.001227134937847172
0.68,14,0.0008460974854363395
0.68,15,-0.0012989758310524855
0.68,16,0.00016631141611868073
0.68,17,0.0011356438200939587
0.68,18,0.0004224439474108699
0.68,19,-0.00037300472327104486
0.68,20,-0.0008916274344554587
0.68,21,0.0009245243404122702
0.68,22,-0.0013338985628470433
0.68,23,0.0013183809145693233
0.68,24,-0.0008361027664291461
0.68,25,0.00015064800055424995
0.68,26,-0.0006780086583037992
0.68,27,0.0008076441164964972
0.68,28,-0.0028884816001207713
0.68,29,0.002903070537997301
0.68,30,0.0015079530345166097
0.68,31,-0.0011730178893127187
0.68,32,-0.00025090792435477667
0.68,33,-0.0005087902979814423
0.68,34,0.00038302162988894124
0.68,35,-0.0013784835545932368
0.68,36,0.002817944825516695
0.68,37,0.00027480665792002456
0.68,38,-0.00086716318244902
0.68,39,-0.001504783402120358
0.68,40,-0.00024023280857882233
0.68,41,-0.000872807773825356
0.68,42,0.00038041905155870403
0.68,43,-0.0014313349687838102
0.68,44,0.0013416772839569644
0.68,45,0.0005785644797153077
0.68,46,-0.00021515450175308454
0.68,47,0.00026184673810013487
0.68,48,0.00030427006029544397
0.68,49,0.0008874649920328784
0.68,50,-0.0003012450246925734
0.68,51,-0.0002575352412435209
0.68,52,0.000603693150255466
0.68,53,0.0006728006409824576
0.68,54,-0.001119272999203047
0.68,55,0.0019077876044885594
0.68,56,-0.0015094923259094657
0.68,57,0.0019241034618553369
0.68,58,0.00013522182282659547
0.68,59,0.0005136651609850854
0.68,60,-0.00048311474504703447
0.68,61,-0.001962025568989248
0.68,62,0.0011189797774873193
0.68,63,-0.0007646183950620212
0.68,64,-0.0003283649197814703
0.68,65,-0.0021661713132363394
0.68,66,0.002918336555554284
0.68,67,-0.002001403872306537
0.68,68,0.0019516305655599019
0.68,69,-0.003767410928209642
0.68,70,0.0007813320386163997
0.68,71,0.001750790434944658
0.68,72,-0.0012273007508721335
0.68,73,-0.004012765914350491
0.68,74,0.00018972715568124943
0.68,75,0.00012020162989729159
0.68,76,-0.002946258083841836
0.68,77,-0.0005092108482225862
0.68,78,0.0021070086326403646
0.68,79,-0.002543913294455011
0.68,80,0.0013085346713907517
0.68,81,-0.0007538498936499241
0.68,82,-5.145203331470951e-5
0.68,83,-0.0010292384103772919
0.68,84,0.0018859202199262453
0.68,85,0.003699932024652456
0.68,86,-0.0007435657712553669
0.68,87,-0.0005464641743911717
0.68,88,-0.0007545685677648482
0.68,89,0.0004760101541785353
0.68,90,0.0008964190409965648
0.68,91,-0.0019038089256272082
0.68,92,0.0041893664158621025
0.68,93,-0.004920089197071696
0.68,94,0.004678126989465042
0.68,95,-0.0004202628611963832
0.68,96,-0.0023475622559201623
0.68,97,0.016733547230873808
0.68,98,0.00022669133972575998
0.68,99,0.0028026464375630372
0.68,100,0.004719498830416526
0.68,101,-0.0008790601006176911
0.68,102,0.0014590419427379538
0.68,103,0.001739060856900298
0.68,104,0.00039557137102976653
0.68,105,-0.0002738293381780249
0.68,106,-0.0014614145724700075
0.68,107,-0.0002859815041145337
0.68,108,0.0003987709021925643
0.68,109,0.002096102066927732
0.68,110,-0.0018513994227380784
0.68,111,0.00285088416017173
0.68,112,-0.0012241988299042297
0.68,113,-0.00014931026415890145
0.68,114,9.430917586551742e-5
0.68,115,-9.046163406711964e-5
0.68,116,-0.0003764855826419761
0.68,117,-0.0005566721721920009
0.68,118,0.0020239844258874845
0.68,119,-0.0026297602276422983
0.68,120,0.00025851123704475763
0.68,121,0.0002931945696786769
0.68,122,-0.0004792675817012401
0.68,123,0.0004351531751916155
0.68,124,-0.0006436076958282444
0.68,125,0.00021412419878211438
0.68,126,0.0010278528013375025
0.68,127,-0.0017145451522703485
0.68,128,0.0002734822712087039
0.68,129,0.0015538433297878965
0.68,130,0.0009184575112837945
0.68,131,-4.3482442740560876e-5
0.68,132,-0.0002392650991679454
0.68,133,0.0008057927799852484
0.68,134,-0.00032448421322295795
0.68,135,0.0024967147907953
0.68,136,-0.0009994012831323884
0.68,137,-0.0008881520980711336
0.68,138,-0.00010493123719769381
0.68,139,0.0011268432965218594
0.68,140,-0.0004244582198661171
0.68,141,0.0006788036638671394
0.68,142,0.0009893777279502895
0.68,143,-0.0005700717134010353
0.68,144,0.0003900824674783335
0.68,145,-0.0019180527694909184
0.68,146,0.0001972206350320679
0.68,147,-0.0007400565660775674
0.68,148,5.4270793608235125e-5
0.68,149,0.001309964186384371
0.68,150,0.00037689692645924314
0.68,151,0.0005395060670832254
0.68,152,-0.001850125639215771
0.68,153,0.0021774342556116237
0.68,154,-0.0016237169044071933
0.68,155,0.0026805222663713
0.68,156,-0.002119152086939515
0.68,157,-0.001091977487333653
0.68,158,-0.0009241037470279534
0.68,159,0.0015250638291505162
0.68,160,0.002265805509456395
0.68,161,-0.0019138519106718576
0.68,162,0.0021872788287525063
0.68,163,0.0010855974670307671
0.68,164,-0.00151958292588622
0.68,165,0.0010950859094933493
0.68,166,0.000561269410951665
0.68,167,0.0007363961686628246
0.68,168,-0.0008821786143814303
0.68,169,0.00022111510403765168
0.68,170,-0.0021478171126367704
0.68,171,0.0019984571456074444
0.68,172,-0.00034827678894997627
0.68,173,0.003645433171860955
0.68,174,0.002323343833468209
0.68,175,-0.0021115761454613825
0.68,176,-0.0003202626811237498
0.68,177,0.00132856193575745
0.68,178,-0.0011017967690936643
0.68,179,0.0010460066476885518
0.68,180,0.0038706698831274143
0.68,181,-0.0003200640591370831
0.68,182,-0.0008072114283588784
0.68,183,-0.0002464888279962992
0.68,184,0.004760689847321947
0.68,185,0.002389573006044195
0.68,186,0.0028390455440258358
0.68,187,0.011237365238442047
0.68,188,0.007978918934243422
0.68,189,0.005365244314823614
0.68,190,0.04788722177515216
0.68,191,-0.0493624447488273
0.68,192,0.7517235872763839
0.68,193,0.01675951368885851
0.68,194,0.011060586568682345
0.68,195,-0.0011947361898338804
0.68,196,-0.0005309408288957236
0.68,197,0.00010123742842449435
0.68,198,0.000573097764470851
0.69,intercept,0.007688668201994184
0.69,1,0.006901324909099205
0.69,2,0.00156708088637888
0.69,3,-0.00034577814049744645
0.69,4,3.2640855648439206e-5
0.69,5,0.0010023571661972217
0.69,6,-0.0009940773139731423
0.69,7,-9.798229713588903e-5
0.69,8,0.0006465575192403292
0.69,9,-3.760246031799878e-5
0.69,10,-0.0006816928575611027
0.69,11,0.0031194994587071426
0.69,12,0.0006451570211961712
0.69,13,-0.0013573266000871406
0.69,14,0.0007163260623261558
0.69,15,-0.0013743615041086588
0.69,16,0.00016604405715807738
0.69,17,0.0012781729213000937
0.69,18,0.0006352152467746085
0.69,19,-0.0003262870667628772
0.69,20,-0.0006518904020227258
0.69,21,0.0006698238219781284
0.69,22,-0.0011419761334605604
0.69,23,0.001462760066689514
0.69,24,-0.0009135155318660078
0.69,25,0.0001230212658657866
0.69,26,-0.000526157146475535
0.69,27,0.0007783768585268311
0.69,28,-0.0033206833371809035
0.69,29,0.0034408975146621645
0.69,30,0.001006358010056483
0.69,31,-0.0007874880483116109
0.69,32,-0.0001985767525666684
0.69,33,-0.0008286796391788772
0.69,34,0.00043453590742413247
0.69,35,-0.001311422400472214
0.69,36,0.002340828103805335
0.69,37,0.00015372194293811987
0.69,38,-0.0008058141947267821
0.69,39,-0.0014448847175364589
0.69,40,-0.00022948126384086126
0.69,41,-0.00051916052749656
0.69,42,8.517528220322834e-5
0.69,43,-0.0012507852938205084
0.69,44,0.001110730567298704
0.69,45,0.0008561075368881385
0.69,46,-0.0003654515814280472
0.69,47,-0.00012450736408416976
0.69,48,0.0005797995206305713
0.69,49,0.0009928948311801352
0.69,50,-0.0005442735811825146
0.69,51,-0.0003786959263185004
0.69,52,0.00028545953842506637
0.69,53,0.0006161157914251195
0.69,54,-0.0010002209676144092
0.69,55,0.002002316925634815
0.69,56,-0.0016885797965956338
0.69,57,0.002234195877252014
0.69,58,9.798812611387044e-6
0.69,59,0.0002957729591700498
0.69,60,-0.00025622955513728685
0.69,61,-0.002193720169200767
0.69,62,0.0010825846634051131
0.69,63,-0.0005860230394371036
0.69,64,-0.0004941767926986393
0.69,65,-0.0021050458703858526
0.69,66,0.0030641514284870165
0.69,67,-0.002650965118636818
0.69,68,0.0024343399003615464
0.69,69,-0.004163095966411755
0.69,70,0.0006146962519365902
0.69,71,0.002520222259875906
0.69,72,-0.0015661091493662804
0.69,73,-0.004139033693155616
0.69,74,3.701983698175693e-5
0.69,75,-0.0004352252758596229
0.69,76,-0.002881878598194477
0.69,77,-0.00022593155007745384
0.69,78,0.0019434357401222097
0.69,79,-0.0025925082017745245
0.69,80,0.0012068571701715572
0.69,81,-0.0007530588179534485
0.69,82,0.00018333144872758537
0.69,83,-0.0008724967225746677
0.69,84,0.001606049975267744
0.69,85,0.003932219160528935
0.69,86,-0.0012610787220789653
0.69,87,-0.0007218875190322636
0.69,88,2.2424661007912916e-5
0.69,89,-0.00029382053890169874
0.69,90,0.0009317544072186992
0.69,91,-0.002325797069842907
0.69,92,0.004241923487624075
0.69,93,-0.005329661110460233
0.69,94,0.004477136381561797
0.69,95,0.00031204770282676887
0.69,96,-0.003272637010304117
0.69,97,0.01791441047045896
0.69,98,3.0535991290825485e-5
0.69,99,0.0026380786807906264
0.69,100,0.005157318999728956
0.69,101,-0.00037056241940191354
0.69,102,0.0012672963958224738
0.69,103,0.0027259077553447434
0.69,104,0.00013163212149913713
0.69,105,0.00019238643818641132
0.69,106,-0.0010612715151469354
0.69,107,0.00038338140907217703
0.69,108,-0.0005734651254291414
0.69,109,0.001964351626640899
0.69,110,-0.0019525014286503517
0.69,111,0.002801476005534578
0.69,112,-0.0015419971491138866
0.69,113,0.0002567514961959721
0.69,114,8.108754682616034e-5
0.69,115,0.00013507037543531027
0.69,116,-0.000565602550940166
0.69,117,-0.0005226052464499253
0.69,118,0.002418955819173542
0.69,119,-0.003146379396063634
0.69,120,0.00045142449093567554
0.69,121,0.0004273635466216263
0.69,122,-0.00023565310641699832
0.69,123,4.974817347387966e-5
0.69,124,-3.383545623413167e-5
0.69,125,1.1236363731772414e-5
0.69,126,0.0012468302592367087
0.69,127,-0.0020042335624467717
0.69,128,0.0007295294421189081
0.69,129,0.0016709318500993827
0.69,130,0.0009277830660305932
0.69,131,-1.7498618809487776e-5
0.69,132,-0.0002411740189129802
0.69,133,0.0009080673498492696
0.69,134,-0.00039854054262864413
0.69,135,0.00208954530419941
0.69,136,-0.0004961886717952403
0.69,137,-0.001048508289628414
0.69,138,9.462494016642814e-5
0.69,139,0.0015993555915312478
0.69,140,-0.0003543233816759344
0.69,141,0.0006771596927919271
0.69,142,0.0012671626623055807
0.69,143,-0.00048547589257712183
0.69,144,0.0004094919208543572
0.69,145,-0.002125031335246233
0.69,146,-4.6273472963329704e-5
0.69,147,-0.0009869561186470355
0.69,148,2.8016442967520985e-5
0.69,149,0.001555338358824986
0.69,150,0.00040326579585695947
0.69,151,0.0004602009532791303
0.69,152,-0.001683051843936069
0.69,153,0.002110909738729713
0.69,154,-0.0015325808857430936
0.69,155,0.0027356887852843592
0.69,156,-0.0026195244803603455
0.69,157,-0.0006840655301449168
0.69,158,-0.0013124902835078107
0.69,159,0.0017526775963049642
0.69,160,0.0019879244469430844
0.69,161,-0.0017225282806649833
0.69,162,0.0020032154431594076
0.69,163,0.001131611101379606
0.69,164,-0.001758229497613965
0.69,165,0.0014952390357204257
0.69,166,0.00027946187277917684
0.69,167,0.001013855459751296
0.69,168,-0.0002474154306404135
0.69,169,-0.00039596942302397227
0.69,170,-0.001868183350815694
0.69,171,0.0020371046296913838
0.69,172,-0.00035536202999496004
0.69,173,0.0034556954604007695
0.69,174,0.0028466723155933537
0.69,175,-0.002343006591664997
0.69,176,-0.00022081195142846445
0.69,177,0.0017855632701521793
0.69,178,-0.0009840926444381573
0.69,179,0.001028782438446188
0.69,180,0.0037619909150221485
0.69,181,-0.0010314853439822925
0.69,182,-0.000143513689824274
0.69,183,-0.0005826737184722084
0.69,184,0.004005896754723157
0.69,185,0.0022923137789504287
0.69,186,0.003949950798457772
0.69,187,0.010517358098216013
0.69,188,0.00948778912615954
0.69,189,0.004766894217046631
0.69,190,0.05051111381233257
0.69,191,-0.05038051079953935
0.69,192,0.762463549023239
0.69,193,0.019040270485336342
0.69,194,0.011898871658212755
0.69,195,-0.0011885607726831024
0.69,196,-0.0005803724151557003
0.69,197,0.00015218303634772796
0.69,198,0.0005659798737809275
0.7,intercept,0.0073644788468853785
0.7,1,0.007261960234694429
0.7,2,0.0011956533607087715
0.7,3,-0.0005520141035540103
0.7,4,0.00037663782876540454
0.7,5,0.0012187670794968526
0.7,6,-0.0007431794922346925
0.7,7,0.00010742413832331945
0.7,8,0.0007224232257288269
0.7,9,-0.00013697504940230664
0.7,10,-0.0004894369155041531
0.7,11,0.002786655444161201
0.7,12,0.0006993650601547682
0.7,13,-0.0013450202597608165
0.7,14,0.0010334722191706854
0.7,15,-0.0018090793924932654
0.7,16,0.00015100430744186327
0.7,17,0.000813572105848762
0.7,18,0.0005819860776047405
0.7,19,0.00016213781929983056
0.7,20,-0.0009596276085796489
0.7,21,0.00041686187798262603
0.7,22,-0.0009626927635642495
0.7,23,0.0020183389902920824
0.7,24,-0.0011221461865961759
0.7,25,0.0005696024690473013
0.7,26,-0.0010299316648308629
0.7,27,0.0011211873192241014
0.7,28,-0.0032713905933732463
0.7,29,0.0033472661368160253
0.7,30,0.001321482649886314
0.7,31,-0.0010692786230158886
0.7,32,-9.168778960580998e-5
0.7,33,-0.0009043813095822139
0.7,34,0.00042527511159828966
0.7,35,-0.0012067351322996127
0.7,36,0.002124561684583683
0.7,37,0.00039962151921819834
0.7,38,-0.0012243745496361724
0.7,39,-0.0013368851873568023
0.7,40,0.0001599117694088443
0.7,41,-0.0007324037259368665
0.7,42,0.0006059880396846
0.7,43,-0.002247892677705434
0.7,44,0.0012244534799698546
0.7,45,0.001530952512507268
0.7,46,-0.0008593873998977983
0.7,47,0.0002420980248838819
0.7,48,0.0005184156564211342
0.7,49,0.0002698500847522379
0.7,50,-0.00011501087666694935
0.7,51,-0.0006092997904776459
0.7,52,0.0007015290352716517
0.7,53,0.0001805959998580773
0.7,54,-0.0010332172238652635
0.7,55,0.0025412379782874008
0.7,56,-0.002181841152853829
0.7,57,0.0022134084419855576
0.7,58,3.396829777820671e-5
0.7,59,8.896912049654024e-5
0.7,60,-0.00019138077346211283
0.7,61,-0.0026233835493394866
0.7,62,0.001375932732127505
0.7,63,-0.0004119433463783139
0.7,64,-0.0006114813688591112
0.7,65,-0.001794101701923225
0.7,66,0.002910202494483045
0.7,67,-0.0024826643810903094
0.7,68,0.0021550261793215853
0.7,69,-0.0042219434122556946
0.7,70,0.0008362559958458566
0.7,71,0.0026085792544880207
0.7,72,-0.0015571579655519053
0.7,73,-0.0042510894378416705
0.7,74,-9.230256960861074e-5
0.7,75,-0.0005347404281505312
0.7,76,-0.0027372994327264596
0.7,77,-0.0005781548800819796
0.7,78,0.001663930097273453
0.7,79,-0.0017557528384178462
0.7,80,0.0008668955077477488
0.7,81,-0.0006698127366002026
0.7,82,-0.00022458815960105423
0.7,83,-0.00045204739927582
0.7,84,0.000992594526696236
0.7,85,0.004219726442404108
0.7,86,-0.0016804115988504759
0.7,87,-0.000741389188907749
0.7,88,-6.0157547035239454e-5
0.7,89,-1.919498298616758e-5
0.7,90,0.0010299634066399982
0.7,91,-0.003550270574454027
0.7,92,0.005768419444405057
0.7,93,-0.006121347441994104
0.7,94,0.004164478179062328
0.7,95,0.00082958310949869
0.7,96,-0.003976182875254596
0.7,97,0.01869799573960164
0.7,98,0.00012177486957275843
0.7,99,0.003767655706937621
0.7,100,0.004215509282450552
0.7,101,-0.0003770808124928485
0.7,102,0.0012666876028676515
0.7,103,0.0026880391752560195
0.7,104,0.0006548933884220809
0.7,105,-0.0006286923832892474
0.7,106,-0.0005152213164866481
0.7,107,-0.00011051907037501966
0.7,108,-0.0004564391843819416
0.7,109,0.0018654250631508812
0.7,110,-0.0018430376753777683
0.7,111,0.0027384255557539624
0.7,112,-0.002101404643672791
0.7,113,0.0002848824806734188
0.7,114,0.000370598406313958
0.7,115,-4.677151591981851e-5
0.7,116,-0.0006327384653125874
0.7,117,-0.0005420099682763283
0.7,118,0.002568477073187728
0.7,119,-0.003338999294712835
0.7,120,0.0004531062409852613
0.7,121,0.0007562045147758304
0.7,122,-0.0003195281996809018
0.7,123,0.000393983849210955
0.7,124,0.00021913932924545222
0.7,125,0.0002665758558012028
0.7,126,0.0013065935347459398
0.7,127,-0.0018836201172683779
0.7,128,0.0009334741468250252
0.7,129,0.0013488603608455918
0.7,130,0.0008636408563206689
0.7,131,0.0003369894503561682
0.7,132,-0.0006969505918979148
0.7,133,0.0014773791435835544
0.7,134,-0.0007863432876606103
0.7,135,0.00264143588530699
0.7,136,-0.00045733322624047626
0.7,137,-0.0011106563737953805
0.7,138,7.508736805104818e-5
0.7,139,0.001976732246561865
0.7,140,-0.0007065486191519555
0.7,141,0.001037250473512886
0.7,142,0.0013650782515569498
0.7,143,-0.0005685152244418832
0.7,144,0.0003650828949076454
0.7,145,-0.002156657102631304
0.7,146,-0.00018656167357293838
0.7,147,-0.0011357326366178554
0.7,148,0.00048289771216991607
0.7,149,0.0008819713270634096
0.7,150,0.0004660837496354755
0.7,151,0.00023536613239319172
0.7,152,-0.0016134220667876767
0.7,153,0.002140895238797611
0.7,154,-0.0019354590200566675
0.7,155,0.002620660499915741
0.7,156,-0.0024193944603791047
0.7,157,-0.0007330275988341227
0.7,158,-0.0009236072273605685
0.7,159,0.0014386707467980552
0.7,160,0.0013155732959908646
0.7,161,-0.0008348188735800765
0.7,162,0.0018292445923972758
0.7,163,0.0009867379106421222
0.7,164,-0.0014400456860750254
0.7,165,0.0018040161539835517
0.7,166,0.0003388301011550441
0.7,167,0.0013237307695800437
0.7,168,-0.00011986294567271896
0.7,169,-0.0005604221656753418
0.7,170,-0.0020202082362143843
0.7,171,0.0018912328027212023
0.7,172,-0.00018270115165070904
0.7,173,0.003570195738391372
0.7,174,0.002909691906757938
0.7,175,-0.0027256260672249063
0.7,176,-0.0006358490700828552
0.7,177,0.0023392761418818317
0.7,178,-0.0014714410266719463
0.7,179,0.0015849275254131215
0.7,180,0.004153646257268821
0.7,181,-0.0011331844635985744
0.7,182,-0.000140217755544206
0.7,183,-0.0009604119278190355
0.7,184,0.003919084352164332
0.7,185,0.0026708931700040626
0.7,186,0.0046290186646367965
0.7,187,0.010962382779480315
0.7,188,0.010721410135488451
0.7,189,0.005925968636113566
0.7,190,0.052652745232491534
0.7,191,-0.05177020823290448
0.7,192,0.7717858966118258
0.7,193,0.02108194584241911
0.7,194,0.011909656561589457
0.7,195,-0.0011711780744398865
0.7,196,-0.0006670390164735047
0.7,197,0.00012768898546325867
0.7,198,0.0005629650076715053
0.71,intercept,0.00706759919703987
0.71,1,0.007511029002551633
0.71,2,0.0021470053233558694
0.71,3,-0.0012756433821153148
0.71,4,0.0008805124298047948
0.71,5,0.0009569087441383778
0.71,6,-0.0006314414839846563
0.71,7,-0.00033264612367937514
0.71,8,0.000795086558695655
0.71,9,-0.00026636410121089936
0.71,10,-0.0007025839058950559
0.71,11,0.002278580564259557
0.71,12,0.0010143358393737807
0.71,13,-0.001771339563453246
0.71,14,0.0011127609928235729
0.71,15,-0.0016359022013282614
0.71,16,-5.3129279621067524e-5
0.71,17,0.0006346459420828331
0.71,18,0.0006628174283861898
0.71,19,-0.00024046185506310905
0.71,20,-0.0004037102920123346
0.71,21,0.0004981514904252183
0.71,22,-0.00022649982460768757
0.71,23,0.002101340858433171
0.71,24,-0.0013386090112062767
0.71,25,0.0006910807392913224
0.71,26,-0.0012958160488779865
0.71,27,0.0012438625506505853
0.71,28,-0.0031497368571264898
0.71,29,0.0030183735059773884
0.71,30,0.001571143637806061
0.71,31,-0.0008333728721892048
0.71,32,-0.00030206883600137133
0.71,33,-0.0006682790115487312
0.71,34,0.00037204900453865526
0.71,35,-0.001318387781419317
0.71,36,0.0023566091489017043
0.71,37,0.00038947785277780356
0.71,38,-0.0017030048059001298
0.71,39,-0.0006539701658055312
0.71,40,-4.099826089812707e-6
0.71,41,-0.001235520611447224
0.71,42,0.0008399054469078107
0.71,43,-0.002291281298969566
0.71,44,0.0015752201931073394
0.71,45,0.0014179536982644996
0.71,46,-0.0006732843486101622
0.71,47,0.00016904038861027037
0.71,48,0.0001312046274163094
0.71,49,0.0004673847673740797
0.71,50,-0.0005767900445154591
0.71,51,-0.0006854119266418753
0.71,52,0.0010639782093220622
0.71,53,0.0003553440355012483
0.71,54,-0.0012548665960617831
0.71,55,0.002462510858292256
0.71,56,-0.0023326826416321497
0.71,57,0.0025694717530179365
0.71,58,-1.8340033472726012e-5
0.71,59,-0.00025484221825170265
0.71,60,0.00014532225805774122
0.71,61,-0.002794296188262776
0.71,62,0.001161334317774235
0.71,63,-0.0004925422576852098
0.71,64,-0.0005566279229761224
0.71,65,-0.0020101928394187104
0.71,66,0.0034974419888198468
0.71,67,-0.0023540571339100737
0.71,68,0.0021060607348763563
0.71,69,-0.003918963993873646
0.71,70,0.0008247434022162661
0.71,71,0.0023089486903618735
0.71,72,-0.0016106594718802885
0.71,73,-0.004713728360490505
0.71,74,0.00017977306458496302
0.71,75,-0.00035131726066624816
0.71,76,-0.0029887502722169812
0.71,77,-0.00016657594540172457
0.71,78,0.0013092250867967822
0.71,79,-0.0017754678240548862
0.71,80,0.0002772121759519337
0.71,81,-0.0007184582650421231
0.71,82,-0.00016492918917027273
0.71,83,-0.00020408119467653845
0.71,84,0.0010683431457888947
0.71,85,0.004301284238707961
0.71,86,-0.001599198206689437
0.71,87,-0.0012131852326723468
0.71,88,-0.0005761046469698137
0.71,89,0.0005811350935613898
0.71,90,0.0002910272314771199
0.71,91,-0.003381294756885061
0.71,92,0.005226001603250924
0.71,93,-0.006028295525426787
0.71,94,0.004162039925310865
0.71,95,0.0007513442410854294
0.71,96,-0.003924827661438515
0.71,97,0.01976084915354548
0.71,98,0.0005381362420169526
0.71,99,0.003271312589531006
0.71,100,0.004973578029743376
0.71,101,-0.00017906581122237867
0.71,102,0.001056620096564098
0.71,103,0.002894874609011457
0.71,104,0.0008505798679784071
0.71,105,-0.0009725022677863687
0.71,106,-0.0004882928518584414
0.71,107,0.0002837152132585182
0.71,108,-0.0007348819321825416
0.71,109,0.0016922095919656682
0.71,110,-0.002151081549892093
0.71,111,0.002827084032028625
0.71,112,-0.002083555434652787
0.71,113,0.00036198481742662187
0.71,114,0.0002136389598022808
0.71,115,0.00015373732757199428
0.71,116,-0.0005616393407184494
0.71,117,-0.0006123109713013585
0.71,118,0.0026403483112667605
0.71,119,-0.003431725390881783
0.71,120,0.00026653483738039275
0.71,121,0.0007964731474449544
0.71,122,-7.810618650073253e-5
0.71,123,0.00014082099089933852
0.71,124,0.00034889462066279913
0.71,125,0.0004911737121217496
0.71,126,0.0010175482644042364
0.71,127,-0.001935882971495077
0.71,128,0.000898093098453727
0.71,129,0.0017716777087340603
0.71,130,0.0004925323934078727
0.71,131,0.0003914768726307506
0.71,132,-4.2866647305333145e-6
0.71,133,0.0014729357376366131
0.71,134,-0.0008719121597567348
0.71,135,0.0021290640470322145
0.71,136,-8.072145944121308e-5
0.71,137,-0.0005279409208703575
0.71,138,-0.0001787172394644904
0.71,139,0.0016677057493206507
0.71,140,-0.0007763048007753264
0.71,141,0.0009091044414236275
0.71,142,0.001213656998749887
0.71,143,-0.0006043524036610597
0.71,144,0.0006585238083654609
0.71,145,-0.0022251794646884933
0.71,146,-0.000136360819452078
0.71,147,-0.0003026387927654115
0.71,148,-7.39547948212121e-5
0.71,149,0.0005878845551038371
0.71,150,0.0006102921163713529
0.71,151,-7.442087730195806e-6
0.71,152,-0.001381168396740904
0.71,153,0.0022053182784194498
0.71,154,-0.002332673006949829
0.71,155,0.003356695629061625
0.71,156,-0.002450507899692826
0.71,157,-0.0004383460560014303
0.71,158,-0.0013101560965245024
0.71,159,0.0019023111995372967
0.71,160,0.0012891123700716678
0.71,161,-0.0013030159897381658
0.71,162,0.002334061850015867
0.71,163,0.0007983316955555576
0.71,164,-0.0014788859338890452
0.71,165,0.0024513025300781427
0.71,166,0.0005452375499932993
0.71,167,0.0010817229008732681
0.71,168,-0.00028223789293782553
0.71,169,-0.0007536942185645563
0.71,170,-0.0020094369421228163
0.71,171,0.002192750267066025
0.71,172,-8.559160630032719e-5
0.71,173,0.003303425016802442
0.71,174,0.0030157066060274547
0.71,175,-0.0019584182056648102
0.71,176,-0.0006374346523844107
0.71,177,0.0024354817298357662
0.71,178,-0.0012997824815328147
0.71,179,0.0011118655328272598
0.71,180,0.004520287101618543
0.71,181,-0.0019647677524225657
0.71,182,1.6385494694284793e-5
0.71,183,-0.0015440360528364253
0.71,184,0.004311059897246696
0.71,185,0.0021151318431096963
0.71,186,0.0045869393413577935
0.71,187,0.01168615090570667
0.71,188,0.011700108092939265
0.71,189,0.005576951174203755
0.71,190,0.05658361744713235
0.71,191,-0.05326186360577066
0.71,192,0.7830151059769335
0.71,193,0.022815334881963537
0.71,194,0.011505734498209222
0.71,195,-0.001056787473053436
0.71,196,-0.0008836204853985007
0.71,197,0.0001720070089386858
0.71,198,0.0004968049393592257
0.72,intercept,0.0068913099472006824
0.72,1,0.007482625951647948
0.72,2,0.0015875902599020455
0.72,3,-0.0015689452269020928
0.72,4,0.00047392520721589303
0.72,5,0.0009190766625628708
0.72,6,-0.0004453596063754879
0.72,7,-0.0006219511001123057
0.72,8,0.0005916517421186747
0.72,9,-5.515256271904966e-5
0.72,10,-0.0005849275898093159
0.72,11,0.0019957192573977585
0.72,12,0.0010948548569069967
0.72,13,-0.002279446640928345
0.72,14,0.0012803177798184644
0.72,15,-0.0015839345746639134
0.72,16,-0.0005711883422244308
0.72,17,0.0010738229738850387
0.72,18,0.0003190377281027672
0.72,19,-9.952285023668469e-5
0.72,20,-0.00027239223666461514
0.72,21,0.0007888314219604847
0.72,22,-0.0003780571866999756
0.72,23,0.0019351289642869465
0.72,24,-0.0010290331727931931
0.72,25,0.0007295742506986744
0.72,26,-0.0012520020940513911
0.72,27,0.000874998406654223
0.72,28,-0.002967162946778178
0.72,29,0.0034203597160947894
0.72,30,0.0012520622258453797
0.72,31,-0.0007251335737238945
0.72,32,-0.00014766370068340756
0.72,33,-0.0008950190433518689
0.72,34,0.0002444179167072827
0.72,35,-0.0015201862629635045
0.72,36,0.002438075546543302
0.72,37,0.00035938872373600053
0.72,38,-0.002047822611174271
0.72,39,-0.0005313428983179014
0.72,40,0.00014024222162434724
0.72,41,-0.0011443107085337152
0.72,42,0.0011922783193408777
0.72,43,-0.0026644177095798147
0.72,44,0.0015866778324907847
0.72,45,0.0015412181403521995
0.72,46,-0.0009727291597234158
0.72,47,0.0009344651395423201
0.72,48,-0.0003067322799796259
0.72,49,0.0005984212044502726
0.72,50,-0.000687030994161143
0.72,51,-0.001231896078505565
0.72,52,0.0013010718569792098
0.72,53,0.00031502621953581676
0.72,54,-0.0012696025973688804
0.72,55,0.002155161066978535
0.72,56,-0.0020233516519564255
0.72,57,0.002125456637056885
0.72,58,0.0006506577318624969
0.72,59,-0.0008450854848923594
0.72,60,0.0002185392929746143
0.72,61,-0.0027100844830096013
0.72,62,0.0013700224843656336
0.72,63,-0.00023591567219927615
0.72,64,-0.0008935597157930185
0.72,65,-0.001601127385511838
0.72,66,0.003169631373466581
0.72,67,-0.0022462310112090393
0.72,68,0.0022514686848358425
0.72,69,-0.0040142965727490995
0.72,70,0.0008455706381749534
0.72,71,0.002572877268880213
0.72,72,-0.001687892772032092
0.72,73,-0.004721612908363464
0.72,74,0.0005200723876781921
0.72,75,-0.0005810797885146935
0.72,76,-0.0032957457124717523
0.72,77,0.0001492110913274594
0.72,78,0.001330853885447481
0.72,79,-0.001826098876717246
0.72,80,0.00021232991461778839
0.72,81,-0.0010972736641331206
0.72,82,-0.0003036188827329167
0.72,83,0.0002116115664031782
0.72,84,0.0008761027020668468
0.72,85,0.004060875824663535
0.72,86,-0.0016457328596664767
0.72,87,-0.0018025585077541804
0.72,88,-0.00027880867658054497
0.72,89,0.0007586572504761935
0.72,90,0.0009522465145412383
0.72,91,-0.0030956154925649458
0.72,92,0.004303154370014391
0.72,93,-0.0067191682222787685
0.72,94,0.004215651009359959
0.72,95,0.0018908555042023837
0.72,96,-0.005202943448735746
0.72,97,0.020827639009401225
0.72,98,0.0011192423685405823
0.72,99,0.0024669497085368234
0.72,100,0.004592308153138155
0.72,101,0.0002757939046656172
0.72,102,0.0015891464123271918
0.72,103,0.002345652912139068
0.72,104,0.0015625469291390794
0.72,105,-0.0010244396358063718
0.72,106,4.2745954215634633e-5
0.72,107,-0.00011251255381249322
0.72,108,-0.0005698468197576905
0.72,109,0.0015740585937468095
0.72,110,-0.002391582694852761
0.72,111,0.0030341685299590405
0.72,112,-0.0017440804723701678
0.72,113,0.0004062223113339734
0.72,114,0.0005702839984496522
0.72,115,0.00013928377992506618
0.72,116,-0.0007953199341272254
0.72,117,5.50938845244587e-5
0.72,118,0.002108025967936727
0.72,119,-0.0027163944671761047
0.72,120,0.0002781750977610699
0.72,121,0.0014490060750090646
0.72,122,-0.0007377423057487287
0.72,123,0.0008358827282235064
0.72,124,0.0005205391569242731
0.72,125,0.00012836993087586977
0.72,126,0.0012481279994960863
0.72,127,-0.0019506596473958752
0.72,128,0.0008833392281666143
0.72,129,0.0019574673597013265
0.72,130,0.0003554781959840038
0.72,131,0.0007178997719117484
0.72,132,-9.773698929623217e-6
0.72,133,0.0011499283485511573
0.72,134,-0.0007467490513402926
0.72,135,0.002222548353797785
0.72,136,-0.00011014336895702111
0.72,137,-0.00040263406917806076
0.72,138,-0.0003084088489456628
0.72,139,0.0016068514007298548
0.72,140,-0.0007105540768718953
0.72,141,0.0011528942077188497
0.72,142,0.0013481472423016543
0.72,143,-0.0006218216389163508
0.72,144,0.00044008676650846555
0.72,145,-0.001987846011689295
0.72,146,-0.0003932345123437281
0.72,147,0.00012010497510602757
0.72,148,-0.0005695583375412849
0.72,149,0.0007258370151949449
0.72,150,0.0006684250611399051
0.72,151,-0.00028832891183751605
0.72,152,-0.0015788805454172291
0.72,153,0.0026239408006529267
0.72,154,-0.0025544543851209432
0.72,155,0.003259706830366223
0.72,156,-0.0025815562938736785
0.72,157,-0.0005783295383248503
0.72,158,-0.0013600603052752382
0.72,159,0.001878541579486931
0.72,160,0.0009628798804856729
0.72,161,-0.0009460798332827597
0.72,162,0.0025608511769043196
0.72,163,0.0007111387813991606
0.72,164,-0.0010807548508390155
0.72,165,0.002452636262316738
0.72,166,0.0007229186580780459
0.72,167,0.001049135909654037
0.72,168,-7.563810350026364e-5
0.72,169,-0.0009886076257124613
0.72,170,-0.001990075814651776
0.72,171,0.0022625602179060615
0.72,172,-0.0005928279939005522
0.72,173,0.003112018394258934
0.72,174,0.003252409488233103
0.72,175,-0.0021300333446773716
0.72,176,-0.0006780462240167577
0.72,177,0.001834120882205355
0.72,178,-0.001132424469604829
0.72,179,0.000654341667029101
0.72,180,0.004872292290498337
0.72,181,-0.0020854128070250917
0.72,182,-0.00043727402488455663
0.72,183,-0.0019334852867922258
0.72,184,0.004636866298375497
0.72,185,0.0025656408636022597
0.72,186,0.005946795495311949
0.72,187,0.01145396902815145
0.72,188,0.011466516785366043
0.72,189,0.004690308305224493
0.72,190,0.06024834229601737
0.72,191,-0.05583130341553931
0.72,192,0.7951701871689871
0.72,193,0.025890080002951333
0.72,194,0.011546100843883344
0.72,195,-0.0010732006339707024
0.72,196,-0.0010532082058945292
0.72,197,0.00021482154882469275
0.72,198,0.0005014138936069688
0.73,intercept,0.006313525995307023
0.73,1,0.007896746935408528
0.73,2,0.001000685470978238
0.73,3,-0.0010037505319526842
0.73,4,9.958508799736162e-6
0.73,5,0.0015982680298964103
0.73,6,-0.0007580483180918945
0.73,7,-0.0008247671620244594
0.73,8,0.0008577650056325006
0.73,9,0.0002618262270381676
0.73,10,-0.0006539256194549611
0.73,11,0.0017426191016506301
0.73,12,0.001598120304499899
0.73,13,-0.0025227978678109397
0.73,14,0.0016049198841396907
0.73,15,-0.0017445751525806948
0.73,16,-0.00015623644765002385
0.73,17,0.00041672349924368017
0.73,18,0.0010094703998647344
0.73,19,-0.00024416022811783354
0.73,20,9.987339940237567e-5
0.73,21,0.0003279069687074091
0.73,22,-1.4007295370032044e-5
0.73,23,0.0013213560138023374
0.73,24,-0.0009108627328054087
0.73,25,0.0012552469189644746
0.73,26,-0.0016633473755511198
0.73,27,0.0010691557193490508
0.73,28,-0.0027662680877546804
0.73,29,0.003739114614719919
0.73,30,0.0005694960213030003
0.73,31,-0.00046600212298368094
0.73,32,-0.0001144916997144686
0.73,33,-0.0008611170321201624
0.73,34,0.0005696809980120028
0.73,35,-0.001729509639477424
0.73,36,0.0024705520304461152
0.73,37,0.00033185491695837845
0.73,38,-0.001930480171197206
0.73,39,-0.00041357856584598476
0.73,40,-0.0004690395512179136
0.73,41,-0.0009863753866201095
0.73,42,0.0012829968183640501
0.73,43,-0.0025100155146609376
0.73,44,0.0010332890508851804
0.73,45,0.0021568265410186727
0.73,46,-0.0014551470867939058
0.73,47,0.0008948612293872577
0.73,48,-0.0005963602019591136
0.73,49,0.0010598276157750186
0.73,50,-0.0007792812938784961
0.73,51,-0.0010395120519442861
0.73,52,0.0013862627278221308
0.73,53,0.000296211169345474
0.73,54,-0.001514733659617384
0.73,55,0.0021885049674760116
0.73,56,-0.0018552577881986356
0.73,57,0.0021835090307278007
0.73,58,-7.664353712631226e-5
0.73,59,-0.0009355555733525852
0.73,60,0.0005683629788243176
0.73,61,-0.0027626876413553336
0.73,62,0.0015546356051568122
0.73,63,-0.00037341037662907603
0.73,64,-0.001171911588261315
0.73,65,-0.001507133854497126
0.73,66,0.003401275602670707
0.73,67,-0.0018949372404183315
0.73,68,0.001758162551896655
0.73,69,-0.003617547190382832
0.73,70,0.0011952943316469596
0.73,71,0.00204347248537472
0.73,72,-0.001221519460960243
0.73,73,-0.00452962318636144
0.73,74,-0.00013640970488646592
0.73,75,-0.0004728344956960346
0.73,76,-0.003772357035722115
0.73,77,0.0003063514205244847
0.73,78,0.0014077502525528258
0.73,79,-0.002278695905955744
0.73,80,-0.0003147489392207048
0.73,81,-0.000492991867330819
0.73,82,-0.0010040982364109877
0.73,83,0.00048465328000834044
0.73,84,0.0015801508610900751
0.73,85,0.004559659519240126
0.73,86,-0.0025187710640010258
0.73,87,-0.001909390840508324
0.73,88,0.000543035141342671
0.73,89,0.0003547995475021145
0.73,90,0.0020605782410053368
0.73,91,-0.0034235904998543955
0.73,92,0.004030551918323125
0.73,93,-0.00620015610918611
0.73,94,0.0022559736450964195
0.73,95,0.002572405625392128
0.73,96,-0.0064951275219780336
0.73,97,0.023902923913573938
0.73,98,0.0011259065166991057
0.73,99,0.0028216288952002196
0.73,100,0.004745914038983501
0.73,101,0.000775140361811188
0.73,102,0.0014567135112078195
0.73,103,0.0026501544774804996
0.73,104,0.000786608791035202
0.73,105,-0.0011194628651133589
0.73,106,0.00034909373256229205
0.73,107,0.0004130328997913268
0.73,108,-0.0009315942609645198
0.73,109,0.001094018428990211
0.73,110,-0.0024530569603306743
0.73,111,0.003284516693470291
0.73,112,-0.0021060158404714448
0.73,113,0.0004972970492218491
0.73,114,0.0005652376017626405
0.73,115,-0.000347045168039505
0.73,116,-0.0005926919238233921
0.73,117,-0.0004506000938726391
0.73,118,0.002673082647610722
0.73,119,-0.0031122206406579266
0.73,120,0.0007852986145850112
0.73,121,0.0014934212858505713
0.73,122,-0.0008200823374828435
0.73,123,0.0015950599638780481
0.73,124,0.0007079448055471384
0.73,125,6.325613821741408e-5
0.73,126,0.0016342783769269745
0.73,127,-0.00235618924662027
0.73,128,0.0008742501641011709
0.73,129,0.0017786428743271805
0.73,130,-8.102788904200174e-5
0.73,131,0.0011207680941252413
0.73,132,-0.0005923937652830081
0.73,133,0.0015701587901292408
0.73,134,-0.0010612945379598379
0.73,135,0.0023168925158737522
0.73,136,0.00024391958071431235
0.73,137,-0.00037715654933710767
0.73,138,-0.0002994945654863493
0.73,139,0.0016051507186605042
0.73,140,-0.0013833990611271136
0.73,141,0.0018083794225519866
0.73,142,0.0009333733644211179
0.73,143,-0.0007314574576203011
0.73,144,0.0006713952264137311
0.73,145,-0.0019070889837847973
0.73,146,8.645980488711194e-5
0.73,147,-0.00039741649558594456
0.73,148,-0.0005016413795997645
0.73,149,0.0005907802388060721
0.73,150,0.0004234780009410016
0.73,151,-2.4174422304742712e-5
0.73,152,-0.0018387675964415121
0.73,153,0.0025706950986272166
0.73,154,-0.0024096102506913474
0.73,155,0.0036929971701637034
0.73,156,-0.0022932958189249247
0.73,157,-0.0008874918328055084
0.73,158,-0.001662991077571118
0.73,159,0.0015265910650769814
0.73,160,0.0009099686922696082
0.73,161,-0.0008606461053866524
0.73,162,0.0027750765745138566
0.73,163,0.0002756971695116172
0.73,164,-0.0013325030703096857
0.73,165,0.00262694158635948
0.73,166,0.000907296264144385
0.73,167,0.0011806357069280456
0.73,168,-0.0002892545421300259
0.73,169,-0.0014183946491696552
0.73,170,-0.0008517260593096708
0.73,171,0.0011188597094934076
0.73,172,-0.00036017710698602555
0.73,173,0.0030174558053929594
0.73,174,0.0031134506623463364
0.73,175,-0.0020364869434493648
0.73,176,-0.0005819541741297951
0.73,177,0.0021877211218383086
0.73,178,-0.00035342949261696186
0.73,179,0.0002684107350408706
0.73,180,0.004444970673917077
0.73,181,-0.0016610603848307922
0.73,182,-0.0005653017532341455
0.73,183,-0.0014938988443600038
0.73,184,0.0035981883292363083
0.73,185,0.0032457579383036515
0.73,186,0.005833062076919036
0.73,187,0.01230385599976859
0.73,188,0.0117571034170525
0.73,189,0.006120030244578129
0.73,190,0.06478255199166162
0.73,191,-0.05741548942804808
0.73,192,0.8082741243360981
0.73,193,0.028941260506895366
0.73,194,0.012310520709191551
0.73,195,-0.0009139806534735631
0.73,196,-0.0010907621979697852
0.73,197,0.00022271446899192228
0.73,198,0.0005559266305249385
0.74,intercept,0.005814683138731281
0.74,1,0.01003462065459151
0.74,2,0.0009413440314435765
0.74,3,-0.0011593394232694515
0.74,4,-0.0003996656111494779
0.74,5,0.0008704541089547642
0.74,6,0.0003132246739076463
0.74,7,-0.001279511700621526
0.74,8,0.0006829662505280518
0.74,9,0.0002864877731483917
0.74,10,-0.0010372363673125933
0.74,11,0.0027306707358029842
0.74,12,0.0011501412887586957
0.74,13,-0.0031626752991647487
0.74,14,0.0024727914134507027
0.74,15,-0.001495564489488831
0.74,16,-0.00020467174666146442
0.74,17,0.00020088208574446547
0.74,18,0.0009411585309036835
0.74,19,5.917206905985672e-5
0.74,20,0.00023154623643039618
0.74,21,0.00010828512144572434
0.74,22,-0.000732208376776347
0.74,23,0.0017976889687120303
0.74,24,-0.0010591387060757548
0.74,25,0.0012247403783691882
0.74,26,-0.001891937728664268
0.74,27,0.0013545796288904346
0.74,28,-0.003009362416331582
0.74,29,0.004030585496488724
0.74,30,0.0008766831956817044
0.74,31,-0.0008635177400165308
0.74,32,0.0002656930501207272
0.74,33,-0.001383556120891779
0.74,34,0.0006723445397276173
0.74,35,-0.001655624135390588
0.74,36,0.002314903385830115
0.74,37,0.00025071805418309354
0.74,38,-0.0014779039381264518
0.74,39,-0.0006815796143427226
0.74,40,-0.0004302792011800839
0.74,41,-0.0011780365661935544
0.74,42,0.0012524581606624078
0.74,43,-0.0030062744483519087
0.74,44,0.0012972048278431115
0.74,45,0.002160423937945485
0.74,46,-0.0021619439679719586
0.74,47,0.001133733881354411
0.74,48,-0.00047328775734860264
0.74,49,0.0010834344618908922
0.74,50,-0.0007978783104963306
0.74,51,-0.0012564479827640918
0.74,52,0.0012762714894489929
0.74,53,0.0004174024036921121
0.74,54,-0.0017264344940010324
0.74,55,0.002133335935673301
0.74,56,-0.002238814885377545
0.74,57,0.0026781160836968393
0.74,58,-0.0004046679492493942
0.74,59,-0.0011898945987352935
0.74,60,0.0006958539311652034
0.74,61,-0.0033215613649147917
0.74,62,0.0019249326557874474
0.74,63,-0.00041785443048831367
0.74,64,-0.0014846076319377966
0.74,65,-0.0016990853531149781
0.74,66,0.0032313496362134458
0.74,67,-0.0010118336278877908
0.74,68,0.001753103102145142
0.74,69,-0.0033305406048719714
0.74,70,0.0008142839737430472
0.74,71,0.0020906567533079553
0.74,72,-0.0013201932814824867
0.74,73,-0.0038773208596520983
0.74,74,0.00037052021695969424
0.74,75,-0.0005123476525891927
0.74,76,-0.0038824982634105094
0.74,77,0.0001655137696725857
0.74,78,0.0014449031522069263
0.74,79,-0.003015744008265078
0.74,80,0.0002989101258383386
0.74,81,-0.0011122345290919579
0.74,82,-0.0008692952809560469
0.74,83,0.0006015190611220112
0.74,84,0.0005749281346801555
0.74,85,0.005710737659950195
0.74,86,-0.0032160024536115645
0.74,87,-0.0026827147821507458
0.74,88,0.0005782801680720125
0.74,89,0.001511093854530681
0.74,90,0.0015384736739097798
0.74,91,-0.0031573524606149377
0.74,92,0.003707111988581232
0.74,93,-0.007073504177352797
0.74,94,0.0027489303769501587
0.74,95,0.0017366992954203266
0.74,96,-0.006981627986769367
0.74,97,0.025492501892334665
0.74,98,0.0014310366287511216
0.74,99,0.004321049933851596
0.74,100,0.0036881943274717985
0.74,101,0.001535904636961118
0.74,102,0.0011210290358248203
0.74,103,0.0025293416939463475
0.74,104,0.0015810718688894006
0.74,105,-0.0017344666768825717
0.74,106,0.0003990151382241391
0.74,107,0.0005177060282914996
0.74,108,-0.0010128518257051596
0.74,109,0.0004643134370758323
0.74,110,-0.002534871914393906
0.74,111,0.0038034926485397092
0.74,112,-0.0017301183878157876
0.74,113,-0.0001992384751453602
0.74,114,0.0012113234015597978
0.74,115,-0.0005229010269748765
0.74,116,-0.0005502675277581317
0.74,117,-0.00017929070877530516
0.74,118,0.0028310804734181347
0.74,119,-0.0033883870854201003
0.74,120,0.0008753655732290937
0.74,121,0.001711579307278837
0.74,122,-0.0013229368010331975
0.74,123,0.00226673891501824
0.74,124,0.0005727342491936402
0.74,125,0.0003902884578346604
0.74,126,0.0011321190474140493
0.74,127,-0.001838984092333973
0.74,128,0.0007448603643798962
0.74,129,0.0017404583259162118
0.74,130,0.00013014413797863254
0.74,131,0.0015368154445608042
0.74,132,-0.0005748145913528186
0.74,133,0.0019148390017967175
0.74,134,-0.0010646294593568701
0.74,135,0.002280999933920918
0.74,136,-9.260939708002568e-6
0.74,137,0.0002793913910676186
0.74,138,-0.0002788124559411511
0.74,139,0.0010866470293991654
0.74,140,-0.0009386336842414969
0.74,141,0.0014713276738443268
0.74,142,0.001388134725157348
0.74,143,-0.0005988399899267368
0.74,144,0.0005606458601913845
0.74,145,-0.0021131225046615394
0.74,146,3.928570017658733e-5
0.74,147,-0.00023133436796609477
0.74,148,-0.00048405817954568506
0.74,149,0.00046354600507302664
0.74,150,0.00039019237697748507
0.74,151,-0.0002864770304459894
0.74,152,-0.0014966534940393382
0.74,153,0.002096372517986618
0.74,154,-0.0022163089669505775
0.74,155,0.0032916033131425966
0.74,156,-0.0025274983375997875
0.74,157,-0.0008054863537028594
0.74,158,-0.0013631290653510037
0.74,159,0.00133499028575215
0.74,160,0.0005148725825647738
0.74,161,-0.0010001502337416408
0.74,162,0.00345959163791642
0.74,163,0.00021830430049477086
0.74,164,-0.0006795524358078328
0.74,165,0.0015495193673367425
0.74,166,0.0017849273897939913
0.74,167,0.0008138560424945722
0.74,168,-0.00047229270792245457
0.74,169,-0.0020793841827760067
0.74,170,-0.00029749898765813127
0.74,171,0.0012467481398841106
0.74,172,-0.00022235903537377185
0.74,173,0.002985701129059976
0.74,174,0.00364522264711025
0.74,175,-0.003201585616252204
0.74,176,-3.978253158220199e-5
0.74,177,0.002066785782503966
0.74,178,-0.00011317435508816404
0.74,179,-5.457788571909255e-5
0.74,180,0.0043995764306886485
0.74,181,-0.0014839628619384261
0.74,182,-0.0007507325364798635
0.74,183,-0.0015826906098118207
0.74,184,0.00359357448124284
0.74,185,0.004759902783977184
0.74,186,0.005684439286883367
0.74,187,0.011921157349209498
0.74,188,0.014365966466620573
0.74,189,0.007119771435134974
0.74,190,0.0671124387706117
0.74,191,-0.06126878257921299
0.74,192,0.8240235262458411
0.74,193,0.032996367887528556
0.74,194,0.012779343416133382
0.74,195,-0.0008931833966228153
0.74,196,-0.0011623175936099535
0.74,197,0.00017995289626087887
0.74,198,0.0005192444734375369
0.75,intercept,0.005429293235502822
0.75,1,0.010836761909949337
0.75,2,0.000737129009375642
0.75,3,-0.001415953025726413
0.75,4,0.00038177535149176885
0.75,5,0.0010433561674672753
0.75,6,-0.0005681681464755827
0.75,7,-0.0010748426507380996
0.75,8,-0.00014394591142967824
0.75,9,0.0012093312920128687
0.75,10,-0.0014799655458826609
0.75,11,0.0024390378646024892
0.75,12,0.0010299308804668434
0.75,13,-0.003339270068467529
0.75,14,0.0022703366503719945
0.75,15,-0.0014235691785129787
0.75,16,-0.00027450136667150096
0.75,17,0.0004526532495428404
0.75,18,0.0006670504580835837
0.75,19,0.0001471162735306073
0.75,20,0.0005914807983561803
0.75,21,3.300888910139951e-6
0.75,22,-0.0006339809685326079
0.75,23,0.002224631289806453
0.75,24,-0.0012290966133214397
0.75,25,0.0016528322498359897
0.75,26,-0.001987166751402638
0.75,27,0.0016418238402440342
0.75,28,-0.0032972742904482833
0.75,29,0.004331623038423609
0.75,30,0.0011912660984565028
0.75,31,-0.0007580090401839433
0.75,32,0.0002789689263470492
0.75,33,-0.0015205465132478034
0.75,34,0.0007136526982011038
0.75,35,-0.0018733920562826237
0.75,36,0.0019499019592981687
0.75,37,0.0008003604981103244
0.75,38,-0.0017934676399625664
0.75,39,-0.0003652876337719024
0.75,40,-0.0005357440820102322
0.75,41,-0.0015578585807277474
0.75,42,0.001339636865901818
0.75,43,-0.0033283632013969464
0.75,44,0.0014609425071396604
0.75,45,0.002058049135941793
0.75,46,-0.0015291478237654357
0.75,47,0.000231695203653544
0.75,48,9.886292637799484e-5
0.75,49,0.0003956187329059535
0.75,50,-0.00043466449691630706
0.75,51,-0.0009049318792333044
0.75,52,0.0010054717798496122
0.75,53,0.00037565063286898584
0.75,54,-0.0020018481532196666
0.75,55,0.0019764461045008474
0.75,56,-0.0022443581324349186
0.75,57,0.0020602368131991335
0.75,58,1.8800826766587832e-5
0.75,59,-0.0007487512690812943
0.75,60,8.104112773647878e-5
0.75,61,-0.003176063507802801
0.75,62,0.0020697611187557516
0.75,63,-0.0007848559246165536
0.75,64,-0.0016647631462390565
0.75,65,-0.001449698468223278
0.75,66,0.003456519153832331
0.75,67,-0.000589115087610843
0.75,68,0.0013092116333869792
0.75,69,-0.0031268996760195015
0.75,70,0.0010176773022339746
0.75,71,0.0019819586115041262
0.75,72,-0.0010060546956467836
0.75,73,-0.003842705939743357
0.75,74,0.0010849633144704828
0.75,75,-0.0002568258436869089
0.75,76,-0.0036626931979787574
0.75,77,0.00022883826911097104
0.75,78,0.0014951855349741342
0.75,79,-0.0029954734712906387
0.75,80,2.0017701270111433e-5
0.75,81,-0.0007513363375879544
0.75,82,-0.0013468638568254756
0.75,83,0.0009578404337215044
0.75,84,-8.097100839537632e-5
0.75,85,0.005715153316425391
0.75,86,-0.003469120398404312
0.75,87,-0.0028965226451200202
0.75,88,0.0008710922496658674
0.75,89,0.0011844851337606272
0.75,90,0.001686925467433439
0.75,91,-0.003914896508213344
0.75,92,0.003869231423177547
0.75,93,-0.007673670374354376
0.75,94,0.002437503496383375
0.75,95,0.0016152059267261968
0.75,96,-0.008583744696938664
0.75,97,0.029421008239429145
0.75,98,0.002120093239115772
0.75,99,0.004250105697512412
0.75,100,0.0038000971168322757
0.75,101,0.0019469185145041508
0.75,102,2.834286862512881e-5
0.75,103,0.0022854648842146846
0.75,104,0.0020437839877849727
0.75,105,-0.0015644527201876858
0.75,106,0.00047209456935487027
0.75,107,0.0007734621749034454
0.75,108,-0.000934835367758019
0.75,109,0.00027386501557716595
0.75,110,-0.002471619589469048
0.75,111,0.003660732975049269
0.75,112,-0.002110864897994504
0.75,113,0.0001507616003294819
0.75,114,0.001718733300861878
0.75,115,-0.0009553579246352519
0.75,116,-0.00014422055619029128
0.75,117,0.0005275171337133863
0.75,118,0.0026934576647220736
0.75,119,-0.0028244257303715447
0.75,120,0.0008819526256868736
0.75,121,0.001802678427473455
0.75,122,-0.0012458969428720214
0.75,123,0.002421635699750188
0.75,124,0.0007213620425752534
0.75,125,0.0004804283499177673
0.75,126,0.0005591649787225232
0.75,127,-0.0015545275671662783
0.75,128,0.00024787688933760053
0.75,129,0.0022064745517116693
0.75,130,0.0004571209352304045
0.75,131,0.0017906847743881927
0.75,132,-0.0006532122378284669
0.75,133,0.0019261990001409686
0.75,134,-0.001382001161696823
0.75,135,0.0029917177490321576
0.75,136,-0.0004669789496257064
0.75,137,0.000901854312088618
0.75,138,8.248865171657358e-5
0.75,139,0.0007344748492156439
0.75,140,-0.0010866946519357869
0.75,141,0.001164554866951531
0.75,142,0.0020209754070209464
0.75,143,-0.00033000740745782166
0.75,144,0.0008051622656101616
0.75,145,-0.0024867475472293947
0.75,146,0.00019435618148304723
0.75,147,-0.0005399253882965936
0.75,148,-0.0004941869667846699
0.75,149,0.0003511533699406657
0.75,150,-7.461104791561795e-5
0.75,151,-0.00022735900007817618
0.75,152,-0.001095580088554134
0.75,153,0.002345286673472329
0.75,154,-0.0018766719074719417
0.75,155,0.0028841585811888015
0.75,156,-0.0021032894421099757
0.75,157,-0.0006839781851084195
0.75,158,-0.0017904591592656758
0.75,159,0.00147891651234596
0.75,160,0.00017216599747137468
0.75,161,-0.0009460016840561505
0.75,162,0.004152060060324344
0.75,163,-0.0003692797325678142
0.75,164,-0.0009616097156767915
0.75,165,0.001952194979937295
0.75,166,0.001169467587952396
0.75,167,0.00038834153967863446
0.75,168,0.0004034128067186183
0.75,169,-0.0016967790237720996
0.75,170,-0.0012446023888745515
0.75,171,0.0013637339239920942
0.75,172,-0.0006762764219672994
0.75,173,0.0024491425331779723
0.75,174,0.003403683981601904
0.75,175,-0.0031712570087220207
0.75,176,0.0002649413781969859
0.75,177,0.0020558511598248517
0.75,178,-0.0010590704128614484
0.75,179,-0.00037635805019368534
0.75,180,0.004730597589442149
0.75,181,-0.0009485413832116757
0.75,182,-0.00047465109388700134
0.75,183,-0.0016884926770917347
0.75,184,0.003104398767992591
0.75,185,0.0044064826652040565
0.75,186,0.006688761359898677
0.75,187,0.010958120526917614
0.75,188,0.01576358287726534
0.75,189,0.007052871135041163
0.75,190,0.07120019846821907
0.75,191,-0.06331117967817612
0.75,192,0.836216934452748
0.75,193,0.0352371002638834
0.75,194,0.014889152764022204
0.75,195,-0.0009013417758886533
0.75,196,-0.0013851590704261898
0.75,197,0.0002714323975734187
0.75,198,0.0005669805986349202
0.76,intercept,0.004738545344407528
0.76,1,0.011782012036057141
0.76,2,0.0009090800176704157
0.76,3,-0.0023377606290890755
0.76,4,0.0007840512716673509
0.76,5,0.0001521161730163959
0.76,6,-0.0005639360253544066
0.76,7,-0.0015490501375312609
0.76,8,0.0007470333459868867
0.76,9,0.00112594757831423
0.76,10,-0.0018365333341185828
0.76,11,0.0030133227145645977
0.76,12,0.001449370027726499
0.76,13,-0.0033072755097345702
0.76,14,0.002191241766860055
0.76,15,-0.0014077313478825988
0.76,16,-0.0010301948144277105
0.76,17,0.000989029076502608
0.76,18,0.0004072346542796313
0.76,19,0.0008753388730139924
0.76,20,0.00036576517009661295
0.76,21,0.0003999026670143954
0.76,22,-0.0010253709296813645
0.76,23,0.0029974902413764442
0.76,24,-0.0015812742034889715
0.76,25,0.0013242726106049497
0.76,26,-0.0020382035544958977
0.76,27,0.0015311350258520255
0.76,28,-0.0025310021765517156
0.76,29,0.0036498227350605216
0.76,30,0.0016618762358701436
0.76,31,-0.0009577834102558569
0.76,32,0.0005572481610363958
0.76,33,-0.0018719868243110393
0.76,34,0.0009026331983629418
0.76,35,-0.0016941930639245522
0.76,36,0.0013543951799492957
0.76,37,0.0009484443690540957
0.76,38,-0.0014693788139641434
0.76,39,-0.00043904504088341254
0.76,40,-0.00027201724897005756
0.76,41,-0.0015027970916310972
0.76,42,0.0006493530379838
0.76,43,-0.0029183203171658932
0.76,44,0.0013558597690533582
0.76,45,0.002353486307932329
0.76,46,-0.0014945140418430901
0.76,47,-0.0004330685546627591
0.76,48,0.00024545649387165447
0.76,49,0.0008592535956560452
0.76,50,-0.00022660883498587032
0.76,51,-0.001784803347522836
0.76,52,0.001349459631876544
0.76,53,-6.044517484958614e-5
0.76,54,-0.0020086574667658483
0.76,55,0.0017747867740365935
0.76,56,-0.0026105806902489517
0.76,57,0.0025925890151606897
0.76,58,-0.0006214093824778519
0.76,59,-0.0009489312097902238
0.76,60,-8.652648806071385e-5
0.76,61,-0.0032211350920458136
0.76,62,0.0019748180406026473
0.76,63,-8.52664087117552e-5
0.76,64,-0.0015611263934618494
0.76,65,-0.0014800306685070035
0.76,66,0.004470587449467136
0.76,67,-0.0006609092893024407
0.76,68,0.0004398514326582646
0.76,69,-0.0024895230936085376
0.76,70,0.0006955753677906582
0.76,71,0.0027617552011605733
0.76,72,-0.0019463086387519351
0.76,73,-0.003427882049911435
0.76,74,0.0003962008988621775
0.76,75,0.0004505159167947455
0.76,76,-0.00464521841382221
0.76,77,0.0006390209317778837
0.76,78,0.0020179695510511592
0.76,79,-0.0023995031951111368
0.76,80,-1.836260661812819e-6
0.76,81,-0.0013768099128198999
0.76,82,-0.0006783697211600202
0.76,83,0.0005225902391349519
0.76,84,-0.000564061071264497
0.76,85,0.006393158007911653
0.76,86,-0.003322634747476455
0.76,87,-0.0025517632924410083
0.76,88,1.9438230707661726e-6
0.76,89,0.002437294173374056
0.76,90,0.00034099942747968124
0.76,91,-0.0035574354610852896
0.76,92,0.0031401319344752173
0.76,93,-0.00788263330222329
0.76,94,0.002215090120823677
0.76,95,0.0013407990533581913
0.76,96,-0.011085269924291527
0.76,97,0.034165862707458826
0.76,98,0.00337673695761549
0.76,99,0.005546024873816767
0.76,100,0.0038350510443290312
0.76,101,0.0030608547085701396
0.76,102,0.0006182961713265695
0.76,103,0.0025763922570036435
0.76,104,0.0015054827344562266
0.76,105,-0.0017109553420211845
0.76,106,0.0007166408249441809
0.76,107,0.0005178042778930613
0.76,108,-0.0009727166638393518
0.76,109,-0.00029212159998580394
0.76,110,-0.002978515167908701
0.76,111,0.004207818091040297
0.76,112,-0.002614725676066008
0.76,113,0.0006117114611783577
0.76,114,0.0012720196106892835
0.76,115,-0.0014173603705633516
0.76,116,-0.0002542594866565369
0.76,117,6.157044194895296e-5
0.76,118,0.003261115111318274
0.76,119,-0.002772564775910247
0.76,120,0.0014343392087480845
0.76,121,0.0013126721793395798
0.76,122,-0.000636576277339402
0.76,123,0.002175228255249603
0.76,124,0.000999884428929311
0.76,125,0.000279502595222579
0.76,126,0.0007665982724603789
0.76,127,-0.0013905541726432458
0.76,128,0.0006690346054164029
0.76,129,0.0014256958334160688
0.76,130,8.238111159582492e-5
0.76,131,0.0015993820317942143
0.76,132,-4.166028747015308e-5
0.76,133,0.001727216517732546
0.76,134,-0.0010172135317897543
0.76,135,0.003623266114223748
0.76,136,-0.0006793653177345275
0.76,137,0.0008024807711539958
0.76,138,4.301395716180496e-5
0.76,139,0.0002872955980551306
0.76,140,-0.00048212089780988405
0.76,141,0.0004318677099357046
0.76,142,0.0023258091873914182
0.76,143,-0.00028812965143609396
0.76,144,0.0005796567202402351
0.76,145,-0.0022674967913286063
0.76,146,1.2971059848242983e-5
0.76,147,-0.0005533050656432336
0.76,148,-0.00043901536213071404
0.76,149,0.0003148659993447752
0.76,150,-0.00021847913310620463
0.76,151,-0.0003613449628622049
0.76,152,-0.0010831548679845167
0.76,153,0.002432017560982445
0.76,154,-0.002282482297076187
0.76,155,0.00322673792266653
0.76,156,-0.002577017177528005
0.76,157,-0.0007491521770636271
0.76,158,-0.0022362569020140865
0.76,159,0.001221895706768065
0.76,160,0.0013835879141694462
0.76,161,-0.0013290123292902577
0.76,162,0.0041857408136849565
0.76,163,-0.0007418350704640374
0.76,164,-0.0010893075876665468
0.76,165,0.0020153193260063137
0.76,166,0.0005694721065089214
0.76,167,0.0012018015384354867
0.76,168,-0.00025079575550908417
0.76,169,-0.0014225566490592419
0.76,170,-0.0009196392092556091
0.76,171,0.0022204039706065827
0.76,172,-0.0008729432069047201
0.76,173,0.0023876143797984424
0.76,174,0.0033332845670604834
0.76,175,-0.0023814509203736772
0.76,176,-0.000387915509039796
0.76,177,0.0023667351088713963
0.76,178,-0.001964031022098444
0.76,179,-0.0006488215697188312
0.76,180,0.005588710755458975
0.76,181,-0.002571085529994592
0.76,182,6.27579043370181e-5
0.76,183,-0.0022609245175684105
0.76,184,0.0045839971225733805
0.76,185,0.005990260870986492
0.76,186,0.007803756086003823
0.76,187,0.01117257878706726
0.76,188,0.014576195164900784
0.76,189,0.008654213557990344
0.76,190,0.07698125024411549
0.76,191,-0.06498181310966474
0.76,192,0.8457194115698498
0.76,193,0.04057415427600554
0.76,194,0.017606478522837105
0.76,195,-0.0007807515075616655
0.76,196,-0.0015120084486540928
0.76,197,0.00028026834463159526
0.76,198,0.0004916336632828748
0.77,intercept,0.0040221307673880425
0.77,1,0.011041946830439861
0.77,2,0.0014409822860504036
0.77,3,-0.0032406490215629393
0.77,4,0.0019305971462076665
0.77,5,-2.8022164883428515e-5
0.77,6,-0.0008197164667811034
0.77,7,-0.002152652763495126
0.77,8,0.0009644179465704921
0.77,9,0.0010439430939871515
0.77,10,-0.0020111938720457855
0.77,11,0.004053386184899755
0.77,12,0.0011017844906220102
0.77,13,-0.003290222944206587
0.77,14,0.0020454106871479593
0.77,15,-0.0009582513063788461
0.77,16,-0.0013896687910243696
0.77,17,0.002119368083943607
0.77,18,-0.00024804597657232687
0.77,19,0.0003778034685236038
0.77,20,0.0003960888973596715
0.77,21,0.0004913426073200262
0.77,22,-0.0012203944810209172
0.77,23,0.003478476174953079
0.77,24,-0.0018830003892339635
0.77,25,0.0015791955067226277
0.77,26,-0.002130283626174209
0.77,27,0.0012759557497349226
0.77,28,-0.0026922743107799805
0.77,29,0.004310847126881337
0.77,30,0.0020810021897141933
0.77,31,-0.0011001594400047257
0.77,32,0.0008526948584191732
0.77,33,-0.0020112669715892945
0.77,34,0.0008888884528309242
0.77,35,-0.0014338432184789907
0.77,36,0.0010528290972819645
0.77,37,0.0009567170990686706
0.77,38,-0.0017847888480853132
0.77,39,-0.0005532137459063075
0.77,40,0.00045866393232361647
0.77,41,-0.0012652000348520142
0.77,42,0.00019140025891104155
0.77,43,-0.0027538619259406313
0.77,44,0.0010057733564915717
0.77,45,0.0023443837231425816
0.77,46,-0.0010439000078813726
0.77,47,-0.0007612557062618409
0.77,48,0.0003181048347891981
0.77,49,0.001019760257835137
0.77,50,-0.0001570709273018338
0.77,51,-0.002023134134324149
0.77,52,0.0008741671457070668
0.77,53,0.00015881075545331018
0.77,54,-0.0017683554015365285
0.77,55,0.0013585597341446137
0.77,56,-0.0020148474530087453
0.77,57,0.0020817369564134934
0.77,58,-0.0002987473559466972
0.77,59,-0.0008039318170513223
0.77,60,-0.0004781358877254302
0.77,61,-0.0030610264481281293
0.77,62,0.0010356587348613157
0.77,63,0.00066229548962041
0.77,64,-0.002101123329106807
0.77,65,-0.0016445508801010414
0.77,66,0.00513291363858418
0.77,67,-0.001409647790059914
0.77,68,0.0011385701501831008
0.77,69,-0.0034318097616902786
0.77,70,0.0011332827369810723
0.77,71,0.0024645405010291417
0.77,72,-0.001579406331593105
0.77,73,-0.0036487298478829733
0.77,74,0.00043469044272001863
0.77,75,0.0007911226426294478
0.77,76,-0.003805603669491396
0.77,77,0.0007555232514618861
0.77,78,0.0017254105415870791
0.77,79,-0.0024660953156410595
0.77,80,0.00011215032586768391
0.77,81,-0.0021909509387661335
0.77,82,-9.076835518611665e-5
0.77,83,0.00034682456632300734
0.77,84,-0.001045343410353689
0.77,85,0.007790589730031025
0.77,86,-0.0038333360717178453
0.77,87,-0.0025867182178571225
0.77,88,-0.0008476411963280921
0.77,89,0.003453451846663899
0.77,90,-7.661394490965766e-5
0.77,91,-0.003889178514026606
0.77,92,0.003130836104057375
0.77,93,-0.00820296485561195
0.77,94,0.0030593145222390303
0.77,95,0.000664615373672921
0.77,96,-0.009525026724867628
0.77,97,0.037919573963613215
0.77,98,0.0036327340759973307
0.77,99,0.006923691548264991
0.77,100,0.004053856467121005
0.77,101,0.002393159623185438
0.77,102,0.0010618337158834965
0.77,103,0.0028187984153303413
0.77,104,0.0012065512272307509
0.77,105,-0.001266115667512908
0.77,106,0.0005598719418056925
0.77,107,-0.00036170647611132126
0.77,108,-0.000312186822491937
0.77,109,-0.00025257866358067873
0.77,110,-0.0035675975671254443
0.77,111,0.005235635316690523
0.77,112,-0.0022539280764938764
0.77,113,0.0003824378364150628
0.77,114,0.0017733946723778695
0.77,115,-0.0010562842367044464
0.77,116,0.00017430345827330006
0.77,117,-0.00015041646390475668
0.77,118,0.004428392525699192
0.77,119,-0.002980492080250201
0.77,120,0.000940809858139551
0.77,121,0.001717627851430258
0.77,122,-0.00036374121384551784
0.77,123,0.0021531908634195712
0.77,124,0.0006844799048601102
0.77,125,-0.00010524498626469342
0.77,126,0.0003948720490441333
0.77,127,-0.0011020145337564413
0.77,128,0.000431856662091349
0.77,129,0.0019940609544546626
0.77,130,0.00023331813384719528
0.77,131,0.0013222124996982837
0.77,132,-0.00019820807123327618
0.77,133,0.002267879116973536
0.77,134,-0.0010955968910845227
0.77,135,0.003781888437977378
0.77,136,-0.00022514170720806565
0.77,137,2.5182114977223218e-5
0.77,138,3.5985814380330074e-5
0.77,139,0.00013472033434932246
0.77,140,-0.0003182550833881547
0.77,141,0.00026551277441698413
0.77,142,0.002084223877913747
0.77,143,-0.00024328103310537562
0.77,144,0.0004137165146250354
0.77,145,-0.0021194576105046867
0.77,146,0.0003304855060419508
0.77,147,-0.0011582905499990827
0.77,148,0.0003305974471129145
0.77,149,-0.00015686045545959575
0.77,150,-0.0002012901267626194
0.77,151,-0.000749830885347694
0.77,152,-0.0011270562438358666
0.77,153,0.0025242349173157643
0.77,154,-0.002455567631115595
0.77,155,0.0038356988747782527
0.77,156,-0.00289306954289183
0.77,157,-0.00037939256042524944
0.77,158,-0.002997245371499768
0.77,159,0.0016794072866549458
0.77,160,0.0013846803980869717
0.77,161,-0.0014133454060648023
0.77,162,0.004581501907959023
0.77,163,-0.0014455422557401703
0.77,164,-0.0005719122870812622
0.77,165,0.0022299686062719616
0.77,166,0.00022916769141450652
0.77,167,0.001276983142623939
0.77,168,-0.00014765239186983865
0.77,169,-0.0016169765909047785
0.77,170,-0.00023006279115734434
0.77,171,0.0016327627700361228
0.77,172,-0.0010151744391048271
0.77,173,0.0025580473886950205
0.77,174,0.003479582981058697
0.77,175,-0.002386926772264801
0.77,176,-9.110931495014661e-5
0.77,177,0.0025974704802279552
0.77,178,-0.0027067025419884117
0.77,179,0.0001577603308825889
0.77,180,0.00397690445315282
0.77,181,-0.0029145747968021053
0.77,182,0.0012355808312579995
0.77,183,-0.0028295773988410646
0.77,184,0.004377098070802006
0.77,185,0.006506584606561965
0.77,186,0.008040196774609617
0.77,187,0.010980863105762684
0.77,188,0.01651112931213896
0.77,189,0.010255009411527847
0.77,190,0.080797589016982
0.77,191,-0.06925158213767642
0.77,192,0.857615730409082
0.77,193,0.045504961914661496
0.77,194,0.018587736680973063
0.77,195,-0.0006295457170399645
0.77,196,-0.001682527689322623
0.77,197,0.00031317392246188176
0.77,198,0.0005173482916609736
0.78,intercept,0.003469486614420843
0.78,1,0.011053816702372469
0.78,2,0.0017945321218208168
0.78,3,-0.003503342706911311
0.78,4,0.001961873019719648
0.78,5,7.557017768697747e-5
0.78,6,-0.000811001969591816
0.78,7,-0.0025617961657095453
0.78,8,0.0015826475098641639
0.78,9,0.0014593506517544136
0.78,10,-0.002072961095734817
0.78,11,0.0035835241270764746
0.78,12,0.0016875560168041262
0.78,13,-0.004093542255383047
0.78,14,0.002976223474505753
0.78,15,-0.001474791418713052
0.78,16,-0.0003779897173458789
0.78,17,0.0015480742395981432
0.78,18,0.0002146608811035422
0.78,19,0.00045093703166816554
0.78,20,0.0006641143150426279
0.78,21,0.0008564124676425914
0.78,22,-0.0011347058870826055
0.78,23,0.0028662592922492837
0.78,24,-0.0014479540808298031
0.78,25,0.001613162410973561
0.78,26,-0.0019423324904163783
0.78,27,0.0014006828099423347
0.78,28,-0.003071034283997479
0.78,29,0.0040523244677864
0.78,30,0.002856104389686566
0.78,31,-0.0016450694495704914
0.78,32,0.000836497211732563
0.78,33,-0.0015042190205696304
0.78,34,0.0009111977796618538
0.78,35,-0.002010562982788644
0.78,36,0.0014531731960570379
0.78,37,0.0008202337347776133
0.78,38,-0.001535256199864275
0.78,39,-0.00042094347414390926
0.78,40,0.000792247954525283
0.78,41,-0.0019428243877523718
0.78,42,0.0005738865695486915
0.78,43,-0.0028380032841343046
0.78,44,0.0008629229412317334
0.78,45,0.0022331483433869013
0.78,46,-0.0013548377326943729
0.78,47,-0.0004752897612565528
0.78,48,0.0005909916797712001
0.78,49,0.00017888627963968785
0.78,50,3.668127120146679e-5
0.78,51,-0.0026410317729498693
0.78,52,0.000983360401832684
0.78,53,0.0007537949421392351
0.78,54,-0.0023608026867502946
0.78,55,0.0018578706639107315
0.78,56,-0.002505234629697334
0.78,57,0.0018555483901460323
0.78,58,-0.00011300002981364195
0.78,59,-0.0016073382285618273
0.78,60,0.0005197172252351006
0.78,61,-0.0035559685505190796
0.78,62,0.0014077246853196352
0.78,63,0.0008513869282566214
0.78,64,-0.0017516085853890298
0.78,65,-0.0018450271631002195
0.78,66,0.00471842082498962
0.78,67,-0.0011060395698159204
0.78,68,0.0015860733328826025
0.78,69,-0.004227529499438389
0.78,70,0.0019526164167395334
0.78,71,0.002118123240357179
0.78,72,-0.0019071689556833294
0.78,73,-0.0036762525004920233
0.78,74,0.0002298022492161286
0.78,75,0.0008597183876450532
0.78,76,-0.003868095839952041
0.78,77,0.0004926692265570245
0.78,78,0.002308067484140636
0.78,79,-0.00337633518184492
0.78,80,-0.00022043433025079043
0.78,81,-0.0017723538341577357
0.78,82,-6.497558017126487e-6
0.78,83,0.0004679345823799857
0.78,84,-0.0010039186108302424
0.78,85,0.007887893789341975
0.78,86,-0.004091686826770861
0.78,87,-0.0023896657734434642
0.78,88,-0.0017943525377719053
0.78,89,0.004508468549523488
0.78,90,-0.0006771512861517446
0.78,91,-0.004535661370393109
0.78,92,0.004325804671218774
0.78,93,-0.007918835865664062
0.78,94,0.0024176191359911504
0.78,95,0.00045486141582276536
0.78,96,-0.011267103488008877
0.78,97,0.04376376059041286
0.78,98,0.0037715786103276216
0.78,99,0.008297721376065338
0.78,100,0.003511252208600079
0.78,101,0.0023494378011483154
0.78,102,7.322049179946193e-5
0.78,103,0.0039006539742908997
0.78,104,0.00044123015463850104
0.78,105,-0.0016297160589184268
0.78,106,0.0006818363189597953
0.78,107,-0.0010523558564268331
0.78,108,0.00034623292075369635
0.78,109,-0.0006098993941584195
0.78,110,-0.003573515222486495
0.78,111,0.00491231753841336
0.78,112,-0.0020556305136219064
0.78,113,-9.68333531869854e-5
0.78,114,0.001907213015447965
0.78,115,-0.001555597628502304
0.78,116,0.00025817544431392303
0.78,117,0.00019060766228817358
0.78,118,0.00426673439021932
0.78,119,-0.003553413419093744
0.78,120,0.0011218507106070122
0.78,121,0.0018606934806247298
0.78,122,0.00016448529931352519
0.78,123,0.002006327472146032
0.78,124,0.0018510658871142597
0.78,125,-0.0006668602578924995
0.78,126,0.0006214445741729117
0.78,127,-0.000719159894981044
0.78,128,4.741843067086292e-5
0.78,129,0.002483900122245039
0.78,130,0.0002613041149227462
0.78,131,0.0016523031607453705
0.78,132,-0.0007493088202671031
0.78,133,0.0027169498633659982
0.78,134,-0.0014333282705449488
0.78,135,0.003775827812262073
0.78,136,-0.00028880481206272743
0.78,137,0.0006568104681230709
0.78,138,8.636670068857501e-5
0.78,139,0.00017180568307669338
0.78,140,-0.00031321539488128873
0.78,141,0.0006220626383926049
0.78,142,0.0018947148865723434
0.78,143,-0.000555520687817556
0.78,144,0.000343193483325771
0.78,145,-0.002250096713177766
0.78,146,0.000387972017358991
0.78,147,-0.0008010302267753984
0.78,148,-0.00027793243692204314
0.78,149,-0.0003092740827626463
0.78,150,-8.405298332221264e-5
0.78,151,-0.0010837419732606533
0.78,152,-0.0006697098781510997
0.78,153,0.0018699937302435537
0.78,154,-0.0025246530724593154
0.78,155,0.0037964505432449475
0.78,156,-0.0029324768184807457
0.78,157,-0.0010560912923888574
0.78,158,-0.002596147047123118
0.78,159,0.0021833920804722674
0.78,160,0.0012740019947305016
0.78,161,-0.0008981566571455961
0.78,162,0.004393823525046468
0.78,163,-0.0008375198383249895
0.78,164,-0.0001671109021201778
0.78,165,0.0017023735858871878
0.78,166,0.00033506968103422767
0.78,167,0.0016242696440137542
0.78,168,-0.0002250960503988396
0.78,169,-0.002318537127139717
0.78,170,0.0002317206610715695
0.78,171,0.0009963491161346166
0.78,172,-0.0011116571400767085
0.78,173,0.002917562881828408
0.78,174,0.004793494088276324
0.78,175,-0.0023741065207941755
0.78,176,7.190890377929355e-5
0.78,177,0.0021940691787185147
0.78,178,-0.0028189879702298264
0.78,179,-0.0001770866934824258
0.78,180,0.0032426447061187275
0.78,181,-0.003755751454064921
0.78,182,0.0018413032367861114
0.78,183,-0.0029758523067706277
0.78,184,0.004593197424818721
0.78,185,0.0063235870692304715
0.78,186,0.0106012233785868
0.78,187,0.012610210654478636
0.78,188,0.01544475444200258
0.78,189,0.012241052446402747
0.78,190,0.08356538797704131
0.78,191,-0.07069498216541698
0.78,192,0.8635217081728297
0.78,193,0.054005243784322254
0.78,194,0.019894011423497362
0.78,195,-0.0005156501197461274
0.78,196,-0.0019024874167668329
0.78,197,0.0003274227481033774
0.78,198,0.0005390612063865152
0.79,intercept,0.002888982318047261
0.79,1,0.012428000263755276
0.79,2,0.0007099541228405973
0.79,3,-0.0038022989392157546
0.79,4,0.0012351378140318312
0.79,5,0.001320614036946658
0.79,6,-0.002040579616582312
0.79,7,-0.002516970664877456
0.79,8,0.002476620068602585
0.79,9,0.0010471572535676072
0.79,10,-0.0028233977591615098
0.79,11,0.00340506385915434
0.79,12,0.0013425439797271864
0.79,13,-0.004216325815961452
0.79,14,0.003059292445103398
0.79,15,-0.0013705126498382851
0.79,16,0.0003812446453265033
0.79,17,0.0017839910483093144
0.79,18,0.00023009549249350985
0.79,19,0.0005255440776857472
0.79,20,0.0006635213171073273
0.79,21,0.0007208539838751104
0.79,22,-0.0009040554179845662
0.79,23,0.0023145928236549904
0.79,24,-0.0009827637635859414
0.79,25,0.001784739333399775
0.79,26,-0.001925627711138334
0.79,27,0.0009311502204833048
0.79,28,-0.0031761126003406297
0.79,29,0.0034997240433986684
0.79,30,0.0037930207751269073
0.79,31,-0.001729684963959322
0.79,32,0.0006667093802558704
0.79,33,-0.0016490940961066734
0.79,34,0.0010524856422066122
0.79,35,-0.0011419686681882497
0.79,36,0.0016618715702607302
0.79,37,0.0008838542610427926
0.79,38,-0.0012635575720746236
0.79,39,-0.0006935581818425294
0.79,40,0.00125857070575085
0.79,41,-0.002330107450140398
0.79,42,0.0011832620576559046
0.79,43,-0.0037936700710574814
0.79,44,0.0011141301824490453
0.79,45,0.0019324495319775973
0.79,46,-0.001506001387829817
0.79,47,-0.0007291519394655954
0.79,48,0.0005754609647444163
0.79,49,4.985510197608213e-5
0.79,50,2.0443405681970785e-5
0.79,51,-0.0024017482481293847
0.79,52,0.0009440762476946052
0.79,53,0.00021166824095263285
0.79,54,-0.0020433155677749802
0.79,55,0.0018571052456544809
0.79,56,-0.002205014590574031
0.79,57,0.0015416917374734918
0.79,58,-0.00021377663344698876
0.79,59,-0.001801430990178488
0.79,60,0.0008194648739436459
0.79,61,-0.0025287149118874003
0.79,62,0.0003357433771061132
0.79,63,0.0011784957136267865
0.79,64,-0.002143543039745366
0.79,65,-0.0016863823618220952
0.79,66,0.00464148667929799
0.79,67,-0.00037411308955483536
0.79,68,0.001248222296660368
0.79,69,-0.0036994648864157017
0.79,70,0.002019544569236903
0.79,71,0.001995680546628353
0.79,72,-0.0017009859608802178
0.79,73,-0.0038946725520960608
0.79,74,0.00014974734222250052
0.79,75,-0.000939130238237757
0.79,76,-0.0031251116823855707
0.79,77,-5.700481119194936e-6
0.79,78,0.0017673190034137286
0.79,79,-0.0029797689090553716
0.79,80,0.00016597532040631087
0.79,81,-0.0026943368833211444
0.79,82,0.00021326622869555968
0.79,83,0.0006359400275255066
0.79,84,-0.0012289013994823987
0.79,85,0.008405495699374495
0.79,86,-0.005063214640754658
0.79,87,-0.001939650500727853
0.79,88,-0.002947229863468067
0.79,89,0.005217704329704334
0.79,90,0.00033663746702437066
0.79,91,-0.004816689790980418
0.79,92,0.0039010865375873342
0.79,93,-0.006394616057184123
0.79,94,0.00041045590500099217
0.79,95,0.0008159724469206291
0.79,96,-0.013411783251004996
0.79,97,0.051317882738572844
0.79,98,0.006168028580412869
0.79,99,0.007302685507931504
0.79,100,0.002822483224155016
0.79,101,0.0018303077678135313
0.79,102,0.0014045899263303101
0.79,103,0.004027326951454402
0.79,104,-0.00017925637221989272
0.79,105,-0.0014817187316786672
0.79,106,3.9689072896970855e-5
0.79,107,-0.0011665655405642275
0.79,108,0.0006214414343953399
0.79,109,-0.0006680626934845183
0.79,110,-0.0029790650964718357
0.79,111,0.005233145620614525
0.79,112,-0.0020179247105151445
0.79,113,0.00017685279954808198
0.79,114,0.0015001897623411534
0.79,115,-0.00121521762985615
0.79,116,0.0005424544956418163
0.79,117,0.0011652830246408293
0.79,118,0.0039588224979517994
0.79,119,-0.0038120960911007325
0.79,120,0.0021964328421912975
0.79,121,0.0022046870414806673
0.79,122,0.00019139225169490504
0.79,123,0.0024717219511158715
0.79,124,0.0021865539833065984
0.79,125,-0.0011344482889065408
0.79,126,0.0007129287199846696
0.79,127,-0.0004490278707328983
0.79,128,-0.0005905042103445374
0.79,129,0.002827434650841567
0.79,130,0.00042869249807478123
0.79,131,0.0014602734876461073
0.79,132,-0.0005216935983302819
0.79,133,0.0020881389236658966
0.79,134,-0.0008027289903550276
0.79,135,0.004344905610077876
0.79,136,-0.0009625359435774739
0.79,137,0.0010093445743198084
0.79,138,-0.00047085652138158956
0.79,139,0.00010060383769182213
0.79,140,-0.0006042909762789952
0.79,141,0.0004571164683274854
0.79,142,0.00258784902845249
0.79,143,-0.0010296012831962948
0.79,144,0.0001141978322272118
0.79,145,-0.0020306806125045575
0.79,146,0.0002905454750392408
0.79,147,-0.0007202379442808548
0.79,148,-0.001083953101283321
0.79,149,-0.0004114060926626764
0.79,150,8.0291454478211e-5
0.79,151,-0.0013284971298584624
0.79,152,-0.0008665498598054798
0.79,153,0.0015850815157753288
0.79,154,-0.002671436307333544
0.79,155,0.0035826259365896802
0.79,156,-0.0027394310252745013
0.79,157,-0.0008251727649359184
0.79,158,-0.003211904751673756
0.79,159,0.002450361772542757
0.79,160,0.0007033054076693358
0.79,161,-0.0008939243432915728
0.79,162,0.004361055854459883
0.79,163,-0.00012833298999161773
0.79,164,-0.001089128593448696
0.79,165,0.002024044688051594
0.79,166,-2.383937826869085e-5
0.79,167,0.0024468438245030316
0.79,168,-0.0005584946977207773
0.79,169,-0.0013885784145960393
0.79,170,1.8088619622941294e-5
0.79,171,0.0015238886279093484
0.79,172,-0.0008693935525396361
0.79,173,0.001896108043762067
0.79,174,0.004856738234947325
0.79,175,-0.003226383579172242
0.79,176,-9.465771960240575e-5
0.79,177,0.0022371407064304674
0.79,178,-0.0033390166811750354
0.79,179,-0.0005895919333045795
0.79,180,0.0030020652913226855
0.79,181,-0.0019975536926037465
0.79,182,0.001328994217182509
0.79,183,-0.00237159153827636
0.79,184,0.004274316338574097
0.79,185,0.006527276780509673
0.79,186,0.012131072104772147
0.79,187,0.012425035569608807
0.79,188,0.01786364539468848
0.79,189,0.014320735457202412
0.79,190,0.08926765073468526
0.79,191,-0.07671020185981292
0.79,192,0.8792208584408435
0.79,193,0.05835670822048129
0.79,194,0.022490848332390897
0.79,195,-0.0004072231032938145
0.79,196,-0.00220465161955274
0.79,197,0.0004447675878070487
0.79,198,0.0004929617762315978
0.8,intercept,0.0018763696106925897
0.8,1,0.012294254816735184
0.8,2,-5.145819794363926e-5
0.8,3,-0.004987225326331902
0.8,4,0.00042447718964298847
0.8,5,0.0033649169401115528
0.8,6,-0.0017822642601273042
0.8,7,-0.002417862216840972
0.8,8,0.0031403081766181473
0.8,9,0.0004298499769109449
0.8,10,-0.0034721552006123754
0.8,11,0.004532901173970236
0.8,12,0.0018271760751360534
0.8,13,-0.004496705452951602
0.8,14,0.0030086586775830634
0.8,15,-0.0015825453167003633
0.8,16,0.00024872519222143304
0.8,17,0.0031438762105745594
0.8,18,-0.00020363310808631577
0.8,19,0.0013775863605949873
0.8,20,0.00040241380795274357
0.8,21,0.0007883159670123358
0.8,22,-0.0014686788110200616
0.8,23,0.003664915139194579
0.8,24,-0.0015740437511040394
0.8,25,0.0022258254841483957
0.8,26,-0.001953736776274604
0.8,27,0.0012753001742108496
0.8,28,-0.0036170438779304956
0.8,29,0.0033884752066402064
0.8,30,0.003970255684233554
0.8,31,-0.001560576420379671
0.8,32,0.0007499226286122226
0.8,33,-0.001723543158710118
0.8,34,0.0018000638975035205
0.8,35,-0.0015949073696000316
0.8,36,0.0011957208937749925
0.8,37,0.0013602550429337413
0.8,38,-0.001438295941834567
0.8,39,-0.000956187314414994
0.8,40,0.0017111595455278177
0.8,41,-0.002193897059325885
0.8,42,0.0009339761580555718
0.8,43,-0.003378110728645838
0.8,44,0.0008134590240719261
0.8,45,0.0020185181229188972
0.8,46,-0.0010128944056774405
0.8,47,-0.0013651520925269938
0.8,48,0.001126765029002799
0.8,49,0.00042235063534180265
0.8,50,-0.0002031536696836517
0.8,51,-0.0021427708999178893
0.8,52,0.00017071267266083738
0.8,53,0.0006888782263206958
0.8,54,-0.0024271226796224363
0.8,55,0.0015428982096713183
0.8,56,-0.002567511060424886
0.8,57,0.001054229409081853
0.8,58,0.0006488274554072045
0.8,59,-0.0015894795428367937
0.8,60,-0.00029625605950742227
0.8,61,-0.0027161929723376684
0.8,62,0.0003299486535318421
0.8,63,0.0009175809673453283
0.8,64,-0.0022469652765030775
0.8,65,-0.0013919141067658687
0.8,66,0.004641804957733593
0.8,67,-0.000997853839803912
0.8,68,0.0014983210312959688
0.8,69,-0.003268819167420187
0.8,70,0.0015092857270398432
0.8,71,0.0032832436401002874
0.8,72,-0.0020471635318582435
0.8,73,-0.004437694166634621
0.8,74,0.0006102672112949069
0.8,75,-0.0017908287255681819
0.8,76,-0.002290543351934553
0.8,77,-0.0005294204468436679
0.8,78,0.0009709990164072222
0.8,79,-0.0019084207241729689
0.8,80,-0.0006252171049523971
0.8,81,-0.0029772222577571818
0.8,82,0.0010972143090693621
0.8,83,-0.00034760632763892313
0.8,84,-0.0008778687225743422
0.8,85,0.007944667009951703
0.8,86,-0.005352789153389274
0.8,87,-0.0017378009847557271
0.8,88,-0.0032876230487956367
0.8,89,0.0044125480426800605
0.8,90,0.0010462277381264487
0.8,91,-0.005160333087837673
0.8,92,0.005787745752847254
0.8,93,-0.008452831470002845
0.8,94,-0.0005925297145037472
0.8,95,0.0009290978261155961
0.8,96,-0.0161594052184391
0.8,97,0.060259311190261684
0.8,98,0.009801796555287342
0.8,99,0.008312809183018386
0.8,100,0.00417515838757798
0.8,101,0.0016025377801526487
0.8,102,-0.00028893012018896817
0.8,103,0.00529839726245345
0.8,104,-0.0019487843608095867
0.8,105,-0.0006851397847132181
0.8,106,0.0009546318717750241
0.8,107,-0.002925042622708153
0.8,108,0.0008041917817100277
0.8,109,-9.83393114546695e-5
0.8,110,-0.0031745758608816657
0.8,111,0.005668313948309184
0.8,112,-0.0023409463698506653
0.8,113,-0.00019609339278169133
0.8,114,0.002156684500035097
0.8,115,-0.0017297130860057027
0.8,116,0.0014959020736945979
0.8,117,0.0019549737271094916
0.8,118,0.004057598782573499
0.8,119,-0.003519206149774427
0.8,120,0.0017472473753619535
0.8,121,0.003296947324449098
0.8,122,-0.0006543979190482352
0.8,123,0.002972184099932795
0.8,124,0.0028834951256765952
0.8,125,-0.0010806990662025873
0.8,126,0.0006122468139746589
0.8,127,-0.000475916412884349
0.8,128,-5.997560761876871e-5
0.8,129,0.002338745894761692
0.8,130,0.0010490097553079634
0.8,131,0.0004895972934393397
0.8,132,-0.00010704968472604612
0.8,133,0.0024910303638814467
0.8,134,-0.0002243429623012952
0.8,135,0.003776998145317627
0.8,136,-0.0002932382368062381
0.8,137,0.0006703091941411564
0.8,138,4.234277336444823e-5
0.8,139,-0.0004444615626664346
0.8,140,-0.0011135007019424862
0.8,141,0.0008541833579229896
0.8,142,0.002449800230837892
0.8,143,-0.0006067750952415396
0.8,144,-5.7332967531635714e-5
0.8,145,-0.0025989396614144846
0.8,146,0.0005656907301040848
0.8,147,-0.0006863509327009741
0.8,148,-0.0013906485340494476
0.8,149,7.488323833094756e-5
0.8,150,-0.0006705950942880697
0.8,151,-0.0011340808636235056
0.8,152,-0.0002890854685603669
0.8,153,0.0017562539613558326
0.8,154,-0.0028935622089141817
0.8,155,0.003963280370700909
0.8,156,-0.0015635196476009273
0.8,157,-0.001598206800979342
0.8,158,-0.0029374284501311253
0.8,159,0.0019278563835869271
0.8,160,0.0007629245126251575
0.8,161,-0.0008536041905657312
0.8,162,0.004818084638455552
0.8,163,-0.0013069236378221594
0.8,164,-0.0012056560021485988
0.8,165,0.0025723889500486197
0.8,166,-0.0003629803657606417
0.8,167,0.0020564566430113862
0.8,168,0.0006139511085945448
0.8,169,-0.001693212053578445
0.8,170,0.00014116732084421015
0.8,171,0.001950880532445952
0.8,172,-0.0009568201651748764
0.8,173,0.001283018297147277
0.8,174,0.005933579921566606
0.8,175,-0.004745675723765506
0.8,176,8.289586752040303e-5
0.8,177,0.002869505707790773
0.8,178,-0.00395695589932599
0.8,179,-0.0007078549903047428
0.8,180,0.0032204710753485745
0.8,181,-0.002401340122473759
0.8,182,0.0006676173693231742
0.8,183,-0.004525805465203951
0.8,184,0.0062532023663518874
0.8,185,0.005309922483708909
0.8,186,0.013315724541050193
0.8,187,0.013568895383628557
0.8,188,0.017732560378853967
0.8,189,0.015218101716805175
0.8,190,0.09131141475391613
0.8,191,-0.0797034132426335
0.8,192,0.890725093128172
0.8,193,0.06917781066040697
0.8,194,0.030510182896311
0.8,195,-0.00033323191454870036
0.8,196,-0.0023784821841294776
0.8,197,0.0004535206140460328
0.8,198,0.0004504643976568146
0.81,intercept,0.0007349962183079679
0.81,1,0.012257757053160553
0.81,2,0.000809013234864563
0.81,3,-0.005754964642240472
0.81,4,0.0008900927003302766
0.81,5,0.001978044624004815
0.81,6,-0.0008770573315096385
0.81,7,-0.0028859538714218662
0.81,8,0.004282495338834421
0.81,9,0.0006229627229081444
0.81,10,-0.0038467887533521527
0.81,11,0.004183944244876517
0.81,12,0.002981602485352619
0.81,13,-0.005654994159292457
0.81,14,0.002476410689046646
0.81,15,-0.0018073328302779525
0.81,16,0.0006055745236938395
0.81,17,0.0032838620946094594
0.81,18,0.0003953958975051408
0.81,19,0.000728570814930294
0.81,20,0.0009785733078284137
0.81,21,0.0003114250404113488
0.81,22,-0.0010186739617077559
0.81,23,0.003457245030887708
0.81,24,-0.0019380204222712665
0.81,25,0.003004486159917728
0.81,26,-0.0026827884225823235
0.81,27,0.002263484995398107
0.81,28,-0.004663459292963844
0.81,29,0.0042058860399408265
0.81,30,0.003772944936774557
0.81,31,-0.0009432807437023252
0.81,32,0.0008614866432911813
0.81,33,-0.001988230224515926
0.81,34,0.002054138077533587
0.81,35,-0.0015782232345449734
0.81,36,0.0013253624829940882
0.81,37,0.0011472737231978016
0.81,38,-0.001790505366923556
0.81,39,-0.001541846130017415
0.81,40,0.0024298880981566007
0.81,41,-0.002543737432317449
0.81,42,0.000650251616553355
0.81,43,-0.003318013341475518
0.81,44,0.0005783483851948137
0.81,45,0.0031804777979236023
0.81,46,-0.001199137945974436
0.81,47,-0.001194201779429434
0.81,48,0.001065302158070828
0.81,49,-0.0001719380936154729
0.81,50,-0.0004678693226954021
0.81,51,-0.0017387887241770295
0.81,52,-0.0003704385809832417
0.81,53,0.0007949579775451009
0.81,54,-0.0021840974038739554
0.81,55,0.0017524656063517558
0.81,56,-0.002862193328107887
0.81,57,0.0014652080836869692
0.81,58,0.00032704820010339336
0.81,59,-0.0015089728793776468
0.81,60,-0.0006096989322651623
0.81,61,-0.0029170525052336035
0.81,62,0.0007821659940280139
0.81,63,0.00017611281722016962
0.81,64,-0.0023730356640495488
0.81,65,-0.0007728486862300659
0.81,66,0.005134704433137326
0.81,67,-0.001263598230236474
0.81,68,0.0019077780583788813
0.81,69,-0.0036615692256555185
0.81,70,0.0017440111134069893
0.81,71,0.0036064812356650234
0.81,72,-0.001397994257696553
0.81,73,-0.004587867502070379
0.81,74,0.0007053602640197779
0.81,75,-0.0009424162577500119
0.81,76,-0.00282774820506553
0.81,77,-0.0011601472308855497
0.81,78,0.0009390953403298663
0.81,79,-0.0019086900561115234
0.81,80,-0.0013212137943969602
0.81,81,-0.0035455039843480542
0.81,82,0.0005005828876646185
0.81,83,0.0007473499635332391
0.81,84,-0.0014478071608858346
0.81,85,0.008693706825948878
0.81,86,-0.006166030386725786
0.81,87,-0.0013826581577174746
0.81,88,-0.004061469232494502
0.81,89,0.00584770174841096
0.81,90,-0.00018299803582031348
0.81,91,-0.005424964932536778
0.81,92,0.005851025417927861
0.81,93,-0.010450511061784552
0.81,94,-0.0014508594359949557
0.81,95,0.002113751013803039
0.81,96,-0.019772841280835503
0.81,97,0.07236253150325947
0.81,98,0.008222008109141714
0.81,99,0.011835655548267472
0.81,100,0.00516673242964523
0.81,101,0.0023741177818413913
0.81,102,-0.002163749405651501
0.81,103,0.006182805931987966
0.81,104,-0.0021012639835354487
0.81,105,-0.000245698585083879
0.81,106,0.0009208364208186002
0.81,107,-0.003448062544187384
0.81,108,0.0010665449172187046
0.81,109,0.0004636993854322671
0.81,110,-0.003930144930793758
0.81,111,0.0065247179786094385
0.81,112,-0.0029451779993822642
0.81,113,0.00037878178172174275
0.81,114,0.002097233940552296
0.81,115,-0.0017606173435863381
0.81,116,0.0018186934269728988
0.81,117,0.001985975011806985
0.81,118,0.004480461243782812
0.81,119,-0.003203264449550875
0.81,120,0.001992671946622034
0.81,121,0.0031624584159082735
0.81,122,0.0004135303166396162
0.81,123,0.0029846520173217473
0.81,124,0.0030266224024176843
0.81,125,-0.0006364638099787572
0.81,126,-0.00013881550957420039
0.81,127,0.0004700915516583286
0.81,128,0.00017537947543923649
0.81,129,0.001963332101348237
0.81,130,0.0006884671598999357
0.81,131,0.0006080254381748116
0.81,132,0.000939248098929113
0.81,133,0.0019016250849761339
0.81,134,8.628969112437053e-5
0.81,135,0.004049752292694712
0.81,136,-6.285237810525433e-5
0.81,137,-0.00024615336836012977
0.81,138,0.0014140621089222137
0.81,139,-0.0011409810030990045
0.81,140,-0.002324318469100263
0.81,141,0.0013892527881698151
0.81,142,0.0026763712128444546
0.81,143,-0.0005546092927365057
0.81,144,-0.0008990671592903314
0.81,145,-0.002328102220206685
0.81,146,0.0009499991664549428
0.81,147,-0.0016252359954158236
0.81,148,-0.0010768390478156607
0.81,149,0.0005037583346674363
0.81,150,-0.0011259056874176174
0.81,151,-0.002028896607911471
0.81,152,0.00045712884841182994
0.81,153,0.002029497662675569
0.81,154,-0.0037442079452429298
0.81,155,0.0043204587581236005
0.81,156,-0.0025359338247187024
0.81,157,-0.0009822655732442782
0.81,158,-0.003204298688976101
0.81,159,0.0023667475136558615
0.81,160,0.0004564904120822464
0.81,161,-0.0006938537244975336
0.81,162,0.004237670582270529
0.81,163,-0.0002934001551438503
0.81,164,-0.0007538949143755766
0.81,165,0.0022568653038053995
0.81,166,-0.0005314915550363616
0.81,167,0.0020426261442846707
0.81,168,0.0005615098791279024
0.81,169,-0.0016107858796178703
0.81,170,0.0005151357146393479
0.81,171,0.0011252668671491949
0.81,172,-0.0011701642709273858
0.81,173,0.002448685376319735
0.81,174,0.0062176911645605015
0.81,175,-0.004130013957075206
0.81,176,0.00032382828538729335
0.81,177,0.003223832793161985
0.81,178,-0.004452276996856701
0.81,179,-0.0007047380782734613
0.81,180,0.0028863208903658314
0.81,181,-0.0036282671463065542
0.81,182,0.0007429060958603447
0.81,183,-0.005078452267507089
0.81,184,0.007063821811530316
0.81,185,0.004618347960318168
0.81,186,0.017895323023057762
0.81,187,0.013731257295471418
0.81,188,0.020958783853555964
0.81,189,0.018144264058930014
0.81,190,0.10131654076828303
0.81,191,-0.08596089316567612
0.81,192,0.8972358128487494
0.81,193,0.0764397505437265
0.81,194,0.038072968130195915
0.81,195,-0.00026289495260126556
0.81,196,-0.0026672463753867224
0.81,197,0.0005080451467943739
0.81,198,0.00033666590790193114
0.82,intercept,-0.0009327033041960091
0.82,1,0.01217301778925703
0.82,2,0.002033030329032075
0.82,3,-0.007171570673174589
0.82,4,-0.00011077347336009807
0.82,5,0.003007554702804226
0.82,6,2.5463972720409703e-5
0.82,7,-0.003636533089552418
0.82,8,0.003332399151179698
0.82,9,-0.0003342876221978723
0.82,10,-0.004443792267328242
0.82,11,0.005213553084554501
0.82,12,0.0026174026775864926
0.82,13,-0.006080800350121142
0.82,14,0.0022626949035807055
0.82,15,-0.002823742343888559
0.82,16,0.0023323384409693155
0.82,17,0.0034975060757570743
0.82,18,0.00031135366665950814
0.82,19,0.0014224231677760243
0.82,20,0.00043842051941633787
0.82,21,0.0012521228747965094
0.82,22,-0.00069059891895936
0.82,23,0.004166688171229909
0.82,24,-0.0012853484429087535
0.82,25,0.0027145649022531967
0.82,26,-0.0034949565865332226
0.82,27,0.0027251086708339634
0.82,28,-0.004538466064055241
0.82,29,0.003364543653458788
0.82,30,0.005635571025494007
0.82,31,-0.0027396180835461445
0.82,32,0.0015518572734577749
0.82,33,-0.0016128055736178376
0.82,34,0.0016882585053946484
0.82,35,-0.0012821670044000412
0.82,36,0.0017373262730747251
0.82,37,0.0008375569759361451
0.82,38,-0.0016473806241149652
0.82,39,-0.0019564059512959557
0.82,40,0.0027573554048807253
0.82,41,-0.0032738121164125485
0.82,42,0.001583311141639242
0.82,43,-0.003602052977095838
0.82,44,0.0009989010693581997
0.82,45,0.002674533430156515
0.82,46,-0.0016715889741660617
0.82,47,-0.0012603554776333009
0.82,48,0.0019099677416768936
0.82,49,-0.0011574405556260452
0.82,50,5.062794549961661e-5
0.82,51,-0.0028964214836363178
0.82,52,-0.00045198719572594917
0.82,53,0.0012295733687884166
0.82,54,-0.0027825523552989285
0.82,55,0.002297289570275472
0.82,56,-0.003398980261785731
0.82,57,0.001880742251899892
0.82,58,0.0006888629485977422
0.82,59,-0.0020367767333794016
0.82,60,0.000326848980988342
0.82,61,-0.004331934955797673
0.82,62,0.002440022758442405
0.82,63,-0.0008355992065416166
0.82,64,-0.0023876500622461018
0.82,65,0.00022568856819960137
0.82,66,0.004556967470838702
0.82,67,-0.0010023737858760793
0.82,68,0.0014906379627046304
0.82,69,-0.0027216852671687066
0.82,70,0.001910969061668218
0.82,71,0.002464825531999989
0.82,72,-0.0011147805424333724
0.82,73,-0.004753262031471923
0.82,74,0.0008941037592072251
0.82,75,-0.000747180985273577
0.82,76,-0.0034374163666393326
0.82,77,-0.0005091000861487429
0.82,78,0.0008701900286089563
0.82,79,-0.0016318997623360483
0.82,80,-0.001402226599216323
0.82,81,-0.003086192997395565
0.82,82,-0.0001600872167562206
0.82,83,-1.5469840036561074e-5
0.82,84,-0.0011436131598132127
0.82,85,0.008372119004406443
0.82,86,-0.00628153568535836
0.82,87,-0.001058365911744182
0.82,88,-0.00577338745147785
0.82,89,0.005743522959952831
0.82,90,-0.00023712590534216154
0.82,91,-0.005868199865819141
0.82,92,0.00505325540093077
0.82,93,-0.010735654112096791
0.82,94,-0.003034860215485829
0.82,95,0.0038096347409549594
0.82,96,-0.023022114488702877
0.82,97,0.08228136731915867
0.82,98,0.009918614332661366
0.82,99,0.014501251785582456
0.82,100,0.007166543004031814
0.82,101,0.0015672565527568643
0.82,102,-0.0022856020397610936
0.82,103,0.0076590017526145995
0.82,104,-0.0027835286589352223
0.82,105,-0.0006451695023766601
0.82,106,0.0005031946197400323
0.82,107,-0.004645265878743524
0.82,108,0.003258698730185288
0.82,109,0.000136901635664205
0.82,110,-0.0034651160103900385
0.82,111,0.007866874617785218
0.82,112,-0.0043067905774855225
0.82,113,0.0007069899878418211
0.82,114,0.002196371358118194
0.82,115,-0.0021275247090051927
0.82,116,0.0028831789431027492
0.82,117,0.0018717891455233822
0.82,118,0.005647401226958495
0.82,119,-0.003859511692152426
0.82,120,0.0029126436796336336
0.82,121,0.0024586516246609706
0.82,122,0.0015535460423132313
0.82,123,0.002731154861142148
0.82,124,0.0031489128677341526
0.82,125,0.00017357896285656702
0.82,126,0.00040481002739580017
0.82,127,-0.0002385072077207854
0.82,128,0.0008302618331547283
0.82,129,0.001438040765939236
0.82,130,0.001433921351235127
0.82,131,0.0004953435292720239
0.82,132,0.0012786199423336238
0.82,133,0.0023205105546688833
0.82,134,0.00018642129224741419
0.82,135,0.004820417106192775
0.82,136,-0.0003170074339426539
0.82,137,-0.0010164542849306654
0.82,138,0.0018948122920240409
0.82,139,-0.0014339102427003234
0.82,140,-0.0018713309051959955
0.82,141,0.0012706033113272395
0.82,142,0.0022890659068747995
0.82,143,-0.0006279866048800588
0.82,144,-0.0012200885611351985
0.82,145,-0.002036079189302414
0.82,146,0.0007304018179914506
0.82,147,-0.0015630118447847563
0.82,148,-0.00021377064380071804
0.82,149,-0.000300155673975949
0.82,150,-0.001263406142883775
0.82,151,-0.002205874253551453
0.82,152,0.0005789511637616525
0.82,153,0.0017290164707807808
0.82,154,-0.003515738353806171
0.82,155,0.0036209939640932257
0.82,156,-0.002069728970334633
0.82,157,-0.0016655620852999754
0.82,158,-0.002304608537761575
0.82,159,0.0020859593962123733
0.82,160,0.00046191341207123287
0.82,161,-0.0012231517035537045
0.82,162,0.00631163084535314
0.82,163,-0.000977363425397568
0.82,164,-0.00021806294201750766
0.82,165,0.0021948079752703263
0.82,166,-0.0004910959379457672
0.82,167,0.001735860963432135
0.82,168,0.0005462802062668496
0.82,169,-0.0016685308450149704
0.82,170,-2.63748424833527e-5
0.82,171,-6.914230309394302e-5
0.82,172,-0.0007428246358171934
0.82,173,0.0018411339058905477
0.82,174,0.0060857357077841075
0.82,175,-0.003708694498705686
0.82,176,0.00030461497118692464
0.82,177,0.003617421651095509
0.82,178,-0.003827355387146839
0.82,179,-0.0016011708740308948
0.82,180,0.002381923174141249
0.82,181,-0.0035593556662680977
0.82,182,0.0017434699338981306
0.82,183,-0.005091368237385322
0.82,184,0.006701496783202395
0.82,185,0.0034170552812433797
0.82,186,0.02388065654574537
0.82,187,0.01608931097219889
0.82,188,0.018975393189367674
0.82,189,0.028811833083614243
0.82,190,0.1076704045463385
0.82,191,-0.0896267092381192
0.82,192,0.9043272974357754
0.82,193,0.09454667621171342
0.82,194,0.04459479759040803
0.82,195,-0.00018979636058925236
0.82,196,-0.002971994185893245
0.82,197,0.0005361407375771042
0.82,198,0.0003338217136060615
0.83,intercept,-0.002847777998616226
0.83,1,0.014022504939049536
0.83,2,0.004686684012953973
0.83,3,-0.00679654849772485
0.83,4,8.111968521476174e-5
0.83,5,0.0021375161418463262
0.83,6,0.00012108016938382003
0.83,7,-0.0030191805763475576
0.83,8,0.003821896154194102
0.83,9,6.617438741631433e-5
0.83,10,-0.005361456555756707
0.83,11,0.005558257536135353
0.83,12,0.0023030175538664597
0.83,13,-0.007106628021009412
0.83,14,0.0018022555726835924
0.83,15,-0.0022340006209329326
0.83,16,0.0028108799550592197
0.83,17,0.0035983003334219862
0.83,18,0.00033474275035930997
0.83,19,0.0016754977000686927
0.83,20,4.494068270032885e-5
0.83,21,0.0019687361775151267
0.83,22,-0.0018613942684660503
0.83,23,0.005955864174258388
0.83,24,-0.0009640961840201956
0.83,25,0.003003739753871036
0.83,26,-0.003633446930732404
0.83,27,0.0040240110131118945
0.83,28,-0.005329838336232163
0.83,29,0.003437961253970748
0.83,30,0.005717424170136942
0.83,31,-0.002512129281659951
0.83,32,0.0010715789586799467
0.83,33,-0.0015267966653194443
0.83,34,0.0019457354998107558
0.83,35,-0.0005515440688720654
0.83,36,0.0016102973202724944
0.83,37,0.0010632618927307515
0.83,38,-0.0020255406973542847
0.83,39,-0.0014586367891861933
0.83,40,0.0030180896900696285
0.83,41,-0.004163005094506991
0.83,42,0.0023789773544741592
0.83,43,-0.0037707254250404047
0.83,44,0.0012639340790423495
0.83,45,0.0019009211510936904
0.83,46,-0.0010069535013739286
0.83,47,-0.001929570846086962
0.83,48,0.002496389471212754
0.83,49,-0.00130975401946269
0.83,50,-0.0008501588843898549
0.83,51,-0.0027875434867541153
0.83,52,-0.0014350467548202924
0.83,53,0.0013843953864762838
0.83,54,-0.003672675672350241
0.83,55,0.0033939712177649415
0.83,56,-0.002797473216361389
0.83,57,0.0002833290710898035
0.83,58,0.0010974962311930078
0.83,59,-0.002113791379344766
0.83,60,0.00032916411700530964
0.83,61,-0.003840759184882867
0.83,62,0.0024902654287276573
0.83,63,-0.0008886561798619243
0.83,64,-0.0025454496645994757
0.83,65,0.00042518595043093785
0.83,66,0.004508776471032654
0.83,67,-0.0021645775245611007
0.83,68,0.0031617858273312906
0.83,69,-0.0035714422079939
0.83,70,0.0029432459214862676
0.83,71,0.0016985054806690479
0.83,72,-0.0007655312236433847
0.83,73,-0.005412292534138727
0.83,74,0.001065944948496378
0.83,75,-0.00038302836173369594
0.83,76,-0.0016192530482745202
0.83,77,-0.0011201233680898305
0.83,78,0.001140613458885627
0.83,79,-0.003009327574546935
0.83,80,0.0006564295824626393
0.83,81,-0.004497894158570911
0.83,82,0.001455643735034232
0.83,83,-0.0023864503338676484
0.83,84,-0.00055879574942119
0.83,85,0.00825014364555321
0.83,86,-0.006558982733767917
0.83,87,-0.0013484066433498366
0.83,88,-0.005751317298795739
0.83,89,0.004802227385932821
0.83,90,-0.0010623050418531194
0.83,91,-0.005803689641868264
0.83,92,0.005176304077164935
0.83,93,-0.00944621050651979
0.83,94,-0.005996955977076831
0.83,95,0.005543197684101108
0.83,96,-0.027708699377778923
0.83,97,0.09586220841928673
0.83,98,0.011556273824058938
0.83,99,0.017880129186507315
0.83,100,0.008258316118721425
0.83,101,0.0015212915360728228
0.83,102,-0.0026076546247280606
0.83,103,0.0068830837145128585
0.83,104,-0.0025160947575644612
0.83,105,-0.0009034993144532862
0.83,106,0.00039513695641099915
0.83,107,-0.004551809119719948
0.83,108,0.002611321600530907
0.83,109,0.0025110637601651804
0.83,110,-0.003241490024943038
0.83,111,0.008037113412531067
0.83,112,-0.0039016133687247785
0.83,113,0.001048060293612979
0.83,114,0.0024627409174246915
0.83,115,-0.0020280771306985185
0.83,116,0.0021323545648027744
0.83,117,0.002250612809299801
0.83,118,0.00591740431630717
0.83,119,-0.004292995166721211
0.83,120,0.0037081211164944022
0.83,121,0.0029431842547749994
0.83,122,0.001727088106258705
0.83,123,0.003006523619445329
0.83,124,0.003127938094246731
0.83,125,0.00022772592358548925
0.83,126,0.0015109362929200613
0.83,127,-0.0006485134709407399
0.83,128,0.0010479029118091092
0.83,129,0.0017294890955493435
0.83,130,0.0015873047089489567
0.83,131,0.00045929798744355146
0.83,132,0.0021293518485860736
0.83,133,0.0024831273206589954
0.83,134,0.0009148244145142841
0.83,135,0.004700755151556652
0.83,136,0.0006642596563666742
0.83,137,-0.001279408795543167
0.83,138,0.0016654496451788822
0.83,139,-0.0017359071295262605
0.83,140,-0.0016744384892522144
0.83,141,0.0006156403711045665
0.83,142,0.004056784872122093
0.83,143,-0.0017984991153520017
0.83,144,-0.0012395259264583942
0.83,145,-0.00107496905153343
0.83,146,-0.00012363277224524378
0.83,147,-0.0011954738951963542
0.83,148,0.0001890667064584487
0.83,149,-0.0005388055083887686
0.83,150,-0.002528748750462962
0.83,151,-0.0012731919243067044
0.83,152,0.0001614190681968386
0.83,153,0.001296744572524769
0.83,154,-0.0035391886107972777
0.83,155,0.003696842959408986
0.83,156,-0.0032779660440805038
0.83,157,-0.002263499399638807
0.83,158,-0.0029173761219660603
0.83,159,0.0016709211002342295
0.83,160,-0.00010726388420559201
0.83,161,-0.00118279367945179
0.83,162,0.006373677184851451
0.83,163,-0.0009681481721036447
0.83,164,-0.0010164365843166455
0.83,165,0.003585823995875104
0.83,166,0.00016176109787545154
0.83,167,0.0016342274900265359
0.83,168,-0.0003852028545095887
0.83,169,-0.0009221543090014294
0.83,170,0.0001719874493012812
0.83,171,-0.0007478950387605919
0.83,172,-0.0006569139968475855
0.83,173,0.0020484912328120938
0.83,174,0.007015427164818226
0.83,175,-0.004037824691904931
0.83,176,2.4048601504301297e-5
0.83,177,0.004931806166297433
0.83,178,-0.0048154370131837385
0.83,179,-0.0022308944666969205
0.83,180,0.0015223548823621819
0.83,181,-0.0031668544554324107
0.83,182,0.002735731615749668
0.83,183,-0.004876888460163973
0.83,184,0.0059264554737598635
0.83,185,0.005085470740565859
0.83,186,0.02790175156272786
0.83,187,0.017813108772838152
0.83,188,0.017059315878300722
0.83,189,0.03622622147520721
0.83,190,0.11582632661901136
0.83,191,-0.09372418386314435
0.83,192,0.9070758973101933
0.83,193,0.10919076746429539
0.83,194,0.05694954322380343
0.83,195,-8.797090549881585e-5
0.83,196,-0.003265488587860384
0.83,197,0.0005855624465161023
0.83,198,0.0004270153300995913
0.84,intercept,-0.00476638216419315
0.84,1,0.015222284448662922
0.84,2,0.004096521199140311
0.84,3,-0.00884684014463055
0.84,4,0.0005283790022692569
0.84,5,0.004689615328646515
0.84,6,-0.001903053263506712
0.84,7,-0.0029501673170201055
0.84,8,0.004629389454339996
0.84,9,0.0006096696564948723
0.84,10,-0.0053817762333218805
0.84,11,0.006398984178024374
0.84,12,0.0025214644104676167
0.84,13,-0.006716026345427979
0.84,14,0.0019046788796583225
0.84,15,-0.0031586010732885363
0.84,16,0.002634554297232309
0.84,17,0.004284108914482278
0.84,18,0.0014781146471926545
0.84,19,0.00048817677733850725
0.84,20,0.0005556419150411608
0.84,21,0.00172010647497058
0.84,22,-0.002103937289986098
0.84,23,0.006262967523286942
0.84,24,-0.0018204936170506368
0.84,25,0.0028000934210208324
0.84,26,-0.0030108089625918823
0.84,27,0.003699945459671258
0.84,28,-0.005268538612027922
0.84,29,0.004170542504956174
0.84,30,0.0049493415160924694
0.84,31,-0.001485378727656742
0.84,32,0.001617256231317149
0.84,33,-0.0019170704765613538
0.84,34,0.0018147053309241234
0.84,35,-0.0007718983221436464
0.84,36,0.002672090969586982
0.84,37,0.0006482133435123729
0.84,38,-0.0018952563906106208
0.84,39,0.0001919654461602575
0.84,40,0.0033209158612057497
0.84,41,-0.004635333810484877
0.84,42,0.0025059194119655525
0.84,43,-0.004322568710495772
0.84,44,0.0019277381933484295
0.84,45,0.0021842609060157394
0.84,46,-0.0011525517227915444
0.84,47,-0.00306980835475047
0.84,48,0.0018603726692700115
0.84,49,-0.0009133522737113143
0.84,50,-0.0005883565122793668
0.84,51,-0.0032122171825867784
0.84,52,-0.0009349138388997255
0.84,53,0.0005538970299591899
0.84,54,-0.004014580480774647
0.84,55,0.002900111070769437
0.84,56,-0.0029604925481268893
0.84,57,0.0003489528796248941
0.84,58,0.0013235106805842814
0.84,59,-0.0018984823632604993
0.84,60,0.0012006733675205212
0.84,61,-0.004528086813592353
0.84,62,0.002262301659322553
0.84,63,-0.0008084984645172621
0.84,64,-0.0033570891466222544
0.84,65,0.00042937839375159644
0.84,66,0.004170740069479295
0.84,67,-0.0018308665180448926
0.84,68,0.0031571609976924512
0.84,69,-0.003156803962436705
0.84,70,0.002948829348686059
0.84,71,0.0021271683943886763
0.84,72,-0.0015923578989010352
0.84,73,-0.00438424460031887
0.84,74,-3.555445381563782e-5
0.84,75,0.00032300859528518145
0.84,76,-0.001172089150617692
0.84,77,-0.0036228715336414498
0.84,78,0.003771529550568354
0.84,79,-0.0035463377591482778
0.84,80,0.0023163023146940426
0.84,81,-0.005247968209439947
0.84,82,0.0006557195437807438
0.84,83,-0.0009345312743209758
0.84,84,-0.0024142197426322456
0.84,85,0.008620691568391098
0.84,86,-0.006405980419665993
0.84,87,-0.0025445194712218956
0.84,88,-0.006282341101331256
0.84,89,0.0065165874965479285
0.84,90,-0.0019806055627534236
0.84,91,-0.0051820137883595956
0.84,92,0.004653372426784514
0.84,93,-0.010340280382342972
0.84,94,-0.009657880264220133
0.84,95,0.011037176461693544
0.84,96,-0.03294034342755509
0.84,97,0.1043672890309851
0.84,98,0.015214284305013835
0.84,99,0.019016648937577648
0.84,100,0.012406152691271826
0.84,101,0.0007113226335315362
0.84,102,-0.0018638084046127719
0.84,103,0.007955391777561336
0.84,104,-0.004961753569184911
0.84,105,0.0010647899134640715
0.84,106,0.0004412128543509935
0.84,107,-0.005580851994384224
0.84,108,0.002934414739571537
0.84,109,0.0009373324050569792
0.84,110,-0.003921508062869479
0.84,111,0.011087756414723548
0.84,112,-0.0018775732670858931
0.84,113,0.0012599024888846862
0.84,114,0.0014785477041506746
0.84,115,-0.0002274070484370303
0.84,116,0.0016724908932762264
0.84,117,0.0036277715492649284
0.84,118,0.00671760161901455
0.84,119,-0.004241456827534559
0.84,120,0.004577417058627806
0.84,121,0.002833488189644567
0.84,122,0.0005882261516890036
0.84,123,0.004580136451886249
0.84,124,0.0028145576999667405
0.84,125,0.00025067049966083754
0.84,126,0.00315530479153533
0.84,127,-0.0014816577269267364
0.84,128,0.0008915508144461368
0.84,129,0.0015284601115436406
0.84,130,0.0020712410064588883
0.84,131,-0.0011807419117551192
0.84,132,0.0028808016325718258
0.84,133,0.0021903238899630296
0.84,134,0.0011398595360082014
0.84,135,0.0038982319803886525
0.84,136,0.001337624561183342
0.84,137,-0.0022837284698342276
0.84,138,0.0023019324943851713
0.84,139,-0.0019141641445564374
0.84,140,-0.00126046484523528
0.84,141,0.0011737440336087698
0.84,142,0.00390441332530881
0.84,143,-0.002119235608500694
0.84,144,-0.001041123681102217
0.84,145,-0.00219582395817546
0.84,146,0.001056995081228877
0.84,147,-0.0028600601513951427
0.84,148,0.00040874493607942356
0.84,149,7.928460311054758e-6
0.84,150,-0.0029938834235000676
0.84,151,-0.0019380727718472882
0.84,152,2.9507815920679646e-5
0.84,153,0.0018077938816737902
0.84,154,-0.0031919474180204153
0.84,155,0.0036639258455633482
0.84,156,-0.0036362721485977676
0.84,157,-0.0010997674546176738
0.84,158,-0.003722112043303783
0.84,159,0.0019205093455134743
0.84,160,0.0003946667031201423
0.84,161,-0.0023629351077685315
0.84,162,0.006246185936723214
0.84,163,-0.0013726954836275518
0.84,164,-0.0010668870242117135
0.84,165,0.0031785035909873785
0.84,166,0.002290527693667134
0.84,167,0.001053250068895575
0.84,168,-0.0013011132404021567
0.84,169,-0.0004147594524740893
0.84,170,0.0001818159846666195
0.84,171,0.0004748958294078599
0.84,172,0.000286077007844263
0.84,173,0.002274912615866822
0.84,174,0.008225273813910475
0.84,175,-0.005368577737013686
0.84,176,-0.0013113471601491446
0.84,177,0.006809234525718979
0.84,178,-0.006709058792370661
0.84,179,-0.0016332509847042118
0.84,180,0.0040105172507247586
0.84,181,-0.006352261162916226
0.84,182,0.003642462400847621
0.84,183,-0.005019372136190898
0.84,184,0.005661579259993436
0.84,185,0.005452162146034122
0.84,186,0.03695409493592991
0.84,187,0.019545305750532427
0.84,188,0.013567717020026624
0.84,189,0.04683306248589476
0.84,190,0.1216069967440697
0.84,191,-0.0996572525714335
0.84,192,0.9121190371365484
0.84,193,0.1257039747360289
0.84,194,0.06855458738049063
0.84,195,0.00010138623418697
0.84,196,-0.0036517089942273606
0.84,197,0.000620972388521697
0.84,198,0.0003141920367975889
0.85,intercept,-0.006328301700662458
0.85,1,0.015816926008738217
0.85,2,0.003653029860093653
0.85,3,-0.007130948927290353
0.85,4,-0.0025857231044725992
0.85,5,0.003351670594791699
0.85,6,-0.0015212757329971054
0.85,7,-0.0032859521305096703
0.85,8,0.005376433893867681
0.85,9,-0.0004221056379367345
0.85,10,-0.0048398325053231085
0.85,11,0.007667672927070343
0.85,12,0.0013593289536244868
0.85,13,-0.005830529941379839
0.85,14,0.0007659115032202062
0.85,15,-0.0026487182089022948
0.85,16,0.0026083961296653334
0.85,17,0.004650426068060089
0.85,18,0.001925086070008582
0.85,19,0.0008533210037861552
0.85,20,0.0005851104060874339
0.85,21,0.0010826311218769037
0.85,22,-0.002959518484984119
0.85,23,0.006737734794600738
0.85,24,-0.0006067245126382127
0.85,25,0.0030540803475418514
0.85,26,-0.0036167394934819
0.85,27,0.002660529885175159
0.85,28,-0.004372288213792062
0.85,29,0.005061310078167202
0.85,30,0.004753474902819379
0.85,31,-0.0008196774843314829
0.85,32,0.0018449113563370075
0.85,33,-0.0013438566068428779
0.85,34,0.0007478136515010942
0.85,35,-0.0002873338204738252
0.85,36,0.002637637786292179
0.85,37,0.002194760280103486
0.85,38,-0.002428222358105485
0.85,39,0.0008087449955539318
0.85,40,0.0025344868693782554
0.85,41,-0.003482408261960407
0.85,42,0.002477135548309947
0.85,43,-0.004624048083423233
0.85,44,0.0004908517413535336
0.85,45,0.0036550753989009485
0.85,46,-0.0017066408549561939
0.85,47,-0.0024515214914472144
0.85,48,0.0010782638259104558
0.85,49,-0.0013121292860710128
0.85,50,-0.0010633559820685003
0.85,51,-0.0029965513748433435
0.85,52,-0.0020736297033113744
0.85,53,0.0008343728443924606
0.85,54,-0.004274064318295475
0.85,55,0.002743744812340865
0.85,56,-0.0022645545973410323
0.85,57,-0.00034226969555699695
0.85,58,0.0016777229008767076
0.85,59,-0.0018671864966467572
0.85,60,0.0014560406289223086
0.85,61,-0.003536133563470586
0.85,62,0.001416911111890876
0.85,63,-0.0010389049236314285
0.85,64,-0.0032262960663491783
0.85,65,0.0016379990637239053
0.85,66,0.0031063066978406734
0.85,67,-0.0013952947112309789
0.85,68,0.002968255286286891
0.85,69,-0.0017724672139563403
0.85,70,0.0020017486794941816
0.85,71,0.0015306980881517691
0.85,72,-0.0018873720756517596
0.85,73,-0.004345537560049223
0.85,74,0.001045183558839709
0.85,75,0.0008895660727710947
0.85,76,-0.00011452105125193624
0.85,77,-0.005471450024593261
0.85,78,0.005356354337251202
0.85,79,-0.004302685058149343
0.85,80,0.002745840934244967
0.85,81,-0.007265408295236047
0.85,82,0.0019878167709063187
0.85,83,-0.0012734232963190495
0.85,84,-0.0029656453703455835
0.85,85,0.009573294531907979
0.85,86,-0.0066841047656165595
0.85,87,-0.003484126859701594
0.85,88,-0.005841324771850544
0.85,89,0.006227010626869202
0.85,90,-0.0021944084456333715
0.85,91,-0.004719838516551729
0.85,92,0.0034568914899248604
0.85,93,-0.010781026286179052
0.85,94,-0.012251548150642198
0.85,95,0.012362219106195843
0.85,96,-0.035956544079800805
0.85,97,0.11489428022989351
0.85,98,0.02400996186661933
0.85,99,0.01858835643193491
0.85,100,0.01581599648060998
0.85,101,-2.7367375395837436e-5
0.85,102,-0.001562514334905894
0.85,103,0.006791041863804425
0.85,104,-0.006291815173510959
0.85,105,0.000980624462358137
0.85,106,-0.0006623171899103915
0.85,107,-0.006155021446294314
0.85,108,0.004644815584464675
0.85,109,-0.000571547418864777
0.85,110,-0.00442426451770472
0.85,111,0.011123585276054773
0.85,112,-0.0011172221398688788
0.85,113,-0.000314446396712943
0.85,114,0.0019883157088791265
0.85,115,0.0010225513215631654
0.85,116,0.0021450215660241685
0.85,117,0.0033393295858662746
0.85,118,0.00882867794798153
0.85,119,-0.0046402533843903065
0.85,120,0.006053835641459208
0.85,121,0.002420257509974035
0.85,122,0.0017139983504443309
0.85,123,0.0021581886486312265
0.85,124,0.004144718020793834
0.85,125,0.0010537692998746982
0.85,126,0.0027045290699682484
0.85,127,-0.0008052248438547388
0.85,128,0.0001495329025624214
0.85,129,0.0019526789261755104
0.85,130,0.00351501322839402
0.85,131,-0.0026048061630531004
0.85,132,0.003819275839409286
0.85,133,0.001360460814764268
0.85,134,0.0010113878171027389
0.85,135,0.004386311780561727
0.85,136,0.0004289628743867146
0.85,137,-0.0014700088890383144
0.85,138,0.0007052161375709244
0.85,139,-0.001153933432033859
0.85,140,-0.000482622911621857
0.85,141,0.0008122519972076108
0.85,142,0.0038038629255122878
0.85,143,-0.001755191370748289
0.85,144,-0.0010362835969523105
0.85,145,-0.0026404971316173836
0.85,146,0.001320887592709205
0.85,147,-0.0031952948753208713
0.85,148,-0.00040273175644865835
0.85,149,0.0005326177147454647
0.85,150,-0.003969599926824881
0.85,151,-0.0018673927621628242
0.85,152,-0.0012518641767100742
0.85,153,0.00344634651466398
0.85,154,-0.004177326351158319
0.85,155,0.0019707284438457207
0.85,156,-0.0029650391693305193
0.85,157,-0.0016609158260359688
0.85,158,-0.0031627683554256458
0.85,159,0.0017353800659528882
0.85,160,0.0007437887496533135
0.85,161,-0.0029131548565270666
0.85,162,0.0074369567809963125
0.85,163,-0.0024876367965135527
0.85,164,0.00018559871153169848
0.85,165,0.003376763331911365
0.85,166,0.001957070640369694
0.85,167,0.0023708282848125153
0.85,168,-0.0030287706330956055
0.85,169,0.0003368079847809765
0.85,170,-0.0003138032544646441
0.85,171,0.001252941257541695
0.85,172,0.00027138141400560975
0.85,173,0.004374961981387944
0.85,174,0.008241712300925451
0.85,175,-0.0057763114948019
0.85,176,-0.0007315543457888395
0.85,177,0.007003554822890207
0.85,178,-0.008271498678014024
0.85,179,-0.0004944533964166028
0.85,180,0.007790838322486394
0.85,181,-0.006760201926340971
0.85,182,0.004198639905426709
0.85,183,-0.0025362356867216773
0.85,184,0.0038379803886259287
0.85,185,0.005452656461850142
0.85,186,0.042036979434547435
0.85,187,0.018308430750440533
0.85,188,0.013338374453397231
0.85,189,0.05795934234966927
0.85,190,0.1288027768272611
0.85,191,-0.10628643798588117
0.85,192,0.9127756329359344
0.85,193,0.14845234737903798
0.85,194,0.08540498286742929
0.85,195,0.000347187286069531
0.85,196,-0.004566594349687769
0.85,197,0.0006853294386328493
0.85,198,0.00025618427770046984
0.86,intercept,-0.008984532971505818
0.86,1,0.020886049053483065
0.86,2,0.008701145442238744
0.86,3,-0.01120336872919134
0.86,4,-0.000599934194399551
0.86,5,0.007407785267166958
0.86,6,-0.0016397636400333538
0.86,7,-0.005837308105464455
0.86,8,0.0027871529348278672
0.86,9,-0.00035597117779887226
0.86,10,-0.005561797571488862
0.86,11,0.007766728981451367
0.86,12,0.0028537753950163267
0.86,13,-0.007861369624115749
0.86,14,0.0024639398830925328
0.86,15,-0.004377571253147158
0.86,16,0.005299796120299342
0.86,17,0.007572430334488317
0.86,18,0.0014626919526596319
0.86,19,0.0014683476987264017
0.86,20,-0.0016094872865522912
0.86,21,0.0032835849569352715
0.86,22,-0.00425763236044445
0.86,23,0.007337894412394441
0.86,24,-0.0014460356742835583
0.86,25,0.003316808157711098
0.86,26,-0.0043311235252418935
0.86,27,0.0024891256414485046
0.86,28,-0.004054399074491844
0.86,29,0.00534143290932797
0.86,30,0.005043662719577028
0.86,31,-0.000660560687511174
0.86,32,0.0016393846470356558
0.86,33,-0.0013624599705460419
0.86,34,0.0014397014521276095
0.86,35,-0.0009920685433639311
0.86,36,0.0018684941955650807
0.86,37,0.002995281525712396
0.86,38,-0.0032754451230779494
0.86,39,0.0012524598953618808
0.86,40,0.0022920857562661566
0.86,41,-0.0034173124399497095
0.86,42,0.002658562510626656
0.86,43,-0.00506336143808732
0.86,44,0.00107299357799854
0.86,45,0.0032210371921173445
0.86,46,-0.0015227945225426386
0.86,47,-0.001750854336433512
0.86,48,3.963104249947621e-5
0.86,49,-0.0004455217977934597
0.86,50,-0.002087721150261685
0.86,51,-0.0024850343719835105
0.86,52,-0.0010856062543799908
0.86,53,5.147853353076571e-5
0.86,54,-0.004215971778529085
0.86,55,0.0017669752506225837
0.86,56,-0.0007568589654089061
0.86,57,-0.0013084345219024703
0.86,58,0.0008485112499218467
0.86,59,-0.003354859100220426
0.86,60,0.0031087198659063625
0.86,61,-0.00400716915033744
0.86,62,0.0010955836201658321
0.86,63,-0.0018027778604701044
0.86,64,-0.0023044078142069996
0.86,65,0.001061774099953004
0.86,66,0.0029850626205307038
0.86,67,-0.0011769080315369442
0.86,68,0.0036537009864017075
0.86,69,-0.0025688477547211883
0.86,70,0.0012223597887937993
0.86,71,0.0017925515284932898
0.86,72,-0.0013203140341913524
0.86,73,-0.005536491385738509
0.86,74,0.0032903848862043754
0.86,75,0.0022353365518592784
0.86,76,0.00012789331938440972
0.86,77,-0.006209750053128177
0.86,78,0.00803151561715872
0.86,79,-0.005949889580792559
0.86,80,0.0029014379545397513
0.86,81,-0.007794013935404506
0.86,82,0.002284113565430999
0.86,83,-0.0007935724811048561
0.86,84,-0.0029346698212443924
0.86,85,0.006034257386356148
0.86,86,-0.004302521863759301
0.86,87,-0.005305434229185208
0.86,88,-0.004965832659437328
0.86,89,0.00743810194237445
0.86,90,-0.005835690495169824
0.86,91,-0.003919353665913845
0.86,92,0.00280361016643998
0.86,93,-0.011819144109174139
0.86,94,-0.010067532735271128
0.86,95,0.008975684435397271
0.86,96,-0.04076366234037819
0.86,97,0.13873354802026966
0.86,98,0.03390325504937801
0.86,99,0.022523017167664694
0.86,100,0.014129415304305837
0.86,101,-0.00012131630191995983
0.86,102,0.0003578976194866157
0.86,103,0.006537132477786844
0.86,104,-0.006795735835667168
0.86,105,-0.0013528378899824072
0.86,106,-0.00038385347984935104
0.86,107,-0.005249524365187121
0.86,108,0.004823620362618725
0.86,109,0.0019746424665230355
0.86,110,-0.006593690069032797
0.86,111,0.01258169131243422
0.86,112,-0.0020522215954448413
0.86,113,-0.0002147444131373099
0.86,114,0.0018884890283249996
0.86,115,0.0018718449700250456
0.86,116,0.002122989470965439
0.86,117,0.004438149672947686
0.86,118,0.00975810915048542
0.86,119,-0.006481108498246173
0.86,120,0.007114531788854964
0.86,121,0.0018730113493382748
0.86,122,0.0014248343091742052
0.86,123,0.0029913226896546587
0.86,124,0.005619870572814529
0.86,125,0.0012922611589458665
0.86,126,0.00273834842360771
0.86,127,-8.395452595519485e-5
0.86,128,-5.497353064982715e-5
0.86,129,0.0033038188302504014
0.86,130,0.002362181186364467
0.86,131,-0.0021499528010800084
0.86,132,0.002197887271396552
0.86,133,0.001930680171342365
0.86,134,4.347483337258298e-5
0.86,135,0.005358419121156497
0.86,136,-0.0003939765066160654
0.86,137,3.4820773083097974e-5
0.86,138,0.000419862790924074
0.86,139,-0.0015914310265740855
0.86,140,0.00038785844012315183
0.86,141,0.0007998614339527449
0.86,142,0.003159273082538672
0.86,143,-0.0015577384558587853
0.86,144,-0.0014370295775212555
0.86,145,-0.0028825848009728285
0.86,146,0.0009969076869002945
0.86,147,-0.004123545282793604
0.86,148,-0.00027615382696271766
0.86,149,0.00036883887517028555
0.86,150,-0.00391643478590427
0.86,151,-0.002383639469235732
0.86,152,-2.102212263341131e-5
0.86,153,0.0038376587328121004
0.86,154,-0.004548099881835759
0.86,155,0.000725262673323107
0.86,156,-0.002394726226585091
0.86,157,-0.0014569426306051095
0.86,158,-0.0032422837312903272
0.86,159,0.0022727463357916536
0.86,160,0.000515297326758127
0.86,161,-0.005227555891521837
0.86,162,0.007973656359456141
0.86,163,-0.002228105693745923
0.86,164,0.0004367359195924916
0.86,165,0.003892560769980199
0.86,166,0.0023647823407857782
0.86,167,0.0032854127294974673
0.86,168,-0.003819254132404398
0.86,169,9.383051565306846e-5
0.86,170,0.00023395303495792622
0.86,171,0.0017140842650483937
0.86,172,-0.0024675574756937726
0.86,173,0.006546570025109409
0.86,174,0.007632350246390998
0.86,175,-0.005573567624188085
0.86,176,0.00030954512955310353
0.86,177,0.005165832637126867
0.86,178,-0.007762154121436057
0.86,179,-0.0014473992114596478
0.86,180,0.008283024754568628
0.86,181,-0.0060628471023763675
0.86,182,0.004847170972116014
0.86,183,-0.003727046033935794
0.86,184,0.0025240219702808687
0.86,185,0.009472821646602994
0.86,186,0.05060880854473939
0.86,187,0.01852243342086702
0.86,188,0.009381316029091024
0.86,189,0.06812160110615657
0.86,190,0.15119582429025047
0.86,191,-0.11432780677743387
0.86,192,0.91953052966329
0.86,193,0.1631187797065666
0.86,194,0.10329459466534016
0.86,195,0.0008572642202167544
0.86,196,-0.005036540276127658
0.86,197,0.0006368188356959072
0.86,198,0.0002910416581499952
0.87,intercept,-0.012086365457381218
0.87,1,0.025293790445279057
0.87,2,0.009137750550986133
0.87,3,-0.010597921020815141
0.87,4,-0.0013084585258891879
0.87,5,0.007960992350806537
0.87,6,-0.004836331905907104
0.87,7,-0.007789657998893466
0.87,8,0.005746018906971705
0.87,9,-0.002728838640804933
0.87,10,-0.0051861243851248915
0.87,11,0.008658314212550878
0.87,12,0.002285537481471921
0.87,13,-0.006787171902307601
0.87,14,0.0018883014591975313
0.87,15,-0.005832623052188108
0.87,16,0.00812214130720544
0.87,17,0.007922786160220005
0.87,18,0.003564197333092628
0.87,19,-0.0010042114133682655
0.87,20,-0.0003245940589573132
0.87,21,0.0032914148228391114
0.87,22,-0.005178612253745752
0.87,23,0.010290050360262653
0.87,24,-0.003671470980897675
0.87,25,0.0050292191776917265
0.87,26,-0.0050479496956978955
0.87,27,0.001768581549964867
0.87,28,-0.0046508351339670465
0.87,29,0.006018886995812978
0.87,30,0.005203009156854162
0.87,31,-0.0016965248044239017
0.87,32,0.001980381435553407
0.87,33,-0.0018360469859233241
0.87,34,0.0010451191101903518
0.87,35,-0.0007453347585434415
0.87,36,0.0017585664635889559
0.87,37,0.00350675594548344
0.87,38,-0.004529643671372003
0.87,39,0.0022450489660170805
0.87,40,0.0007995533557685645
0.87,41,-0.001981109298077495
0.87,42,0.003452705044915528
0.87,43,-0.005486472899153493
0.87,44,0.0016006132922136754
0.87,45,0.003224798502737913
0.87,46,-0.001857931134867613
0.87,47,-0.0012297610147915428
0.87,48,-0.0005084457099584303
0.87,49,-0.0008951435714067285
0.87,50,-0.0016470524764028126
0.87,51,-0.0015324435158414517
0.87,52,-0.001745825844110263
0.87,53,0.0008093052855937022
0.87,54,-0.004815704403424839
0.87,55,0.0022751354968047377
0.87,56,-0.001306710075323004
0.87,57,-0.0010099640867583123
0.87,58,0.0005107514621041939
0.87,59,-0.004425013510920017
0.87,60,0.001887942635223852
0.87,61,-0.004875750674572317
0.87,62,0.0014713385526313157
0.87,63,-0.0026587787139226477
0.87,64,-0.001052815210918345
0.87,65,0.002765541253380586
0.87,66,0.0025354799355494528
0.87,67,-0.002275879675947113
0.87,68,0.003033536390963369
0.87,69,-0.00025907886715226166
0.87,70,0.0004623266294586856
0.87,71,0.0010890728811483916
0.87,72,-0.00017398469294839337
0.87,73,-0.005976830483940295
0.87,74,0.002823274704095752
0.87,75,0.004247943784228397
0.87,76,-0.00012815712119764952
0.87,77,-0.0074399424110423995
0.87,78,0.008202394177075823
0.87,79,-0.005252956705985289
0.87,80,0.0036763273507421077
0.87,81,-0.008785052561919417
0.87,82,0.0009463572729744112
0.87,83,0.0008212559365406215
0.87,84,-0.001384379576924906
0.87,85,0.005113721278900981
0.87,86,-0.005100804248891098
0.87,87,-0.004647346951727956
0.87,88,-0.003918072076892151
0.87,89,0.004806408922254993
0.87,90,-0.00662746549457281
0.87,91,-0.005977670310429992
0.87,92,0.004796590356352274
0.87,93,-0.012780751571180577
0.87,94,-0.010540857882801624
0.87,95,0.010914434511660109
0.87,96,-0.048244794391877906
0.87,97,0.1700458729120052
0.87,98,0.0405742053775853
0.87,99,0.02125207159797995
0.87,100,0.01443532895544611
0.87,101,-0.0012043631066798641
0.87,102,0.002567699065104752
0.87,103,0.005731234028025526
0.87,104,-0.006507471790374688
0.87,105,0.0014064101121000888
0.87,106,-0.0005800185061631076
0.87,107,-0.005193547330753778
0.87,108,0.0072500493881410685
0.87,109,0.0016734037746413371
0.87,110,-0.006805712830333136
0.87,111,0.015858903279074923
0.87,112,-0.003131093734559537
0.87,113,-0.0025459363095618787
0.87,114,0.0011980420115488973
0.87,115,0.0038123576378241326
0.87,116,0.001099144982199667
0.87,117,0.007029057367255241
0.87,118,0.009131416150444945
0.87,119,-0.007704901707567859
0.87,120,0.007888644442909154
0.87,121,0.0017887149856083986
0.87,122,0.003046790255708888
0.87,123,0.0036111194830850337
0.87,124,0.006790121814691953
0.87,125,0.0016242029794784315
0.87,126,0.002976333724886212
0.87,127,-0.0007590397971564297
0.87,128,0.0006333777039681495
0.87,129,0.003444068764864281
0.87,130,0.002755548309234377
0.87,131,-0.002850520192448473
0.87,132,0.00280134819352829
0.87,133,0.00180857641237009
0.87,134,-7.171524911059022e-5
0.87,135,0.006093998579292804
0.87,136,0.0003905868923654828
0.87,137,-0.0014250838237112407
0.87,138,0.001054180222859774
0.87,139,-0.002232674519188127
0.87,140,0.00035089124281291196
0.87,141,0.0005604373544423544
0.87,142,0.0026792575175706287
0.87,143,-0.0011342539831858758
0.87,144,-0.0010678058967774308
0.87,145,-0.004074088341815436
0.87,146,0.0006783892459654761
0.87,147,-0.004020763238263483
0.87,148,0.000631889106826846
0.87,149,0.0001599367294922834
0.87,150,-0.004773146582901096
0.87,151,-0.0013801699547480214
0.87,152,-0.0015441859968638417
0.87,153,0.004885544804492128
0.87,154,-0.004366892196221303
0.87,155,0.0002891950327402682
0.87,156,-0.001698276065752482
0.87,157,-0.002941816215205511
0.87,158,-0.002669809169074273
0.87,159,0.0018694422755984698
0.87,160,-0.00017555254679859787
0.87,161,-0.004898151256228417
0.87,162,0.007909938417414894
0.87,163,-0.0022074212319636226
0.87,164,-1.8164177084365723e-5
0.87,165,0.0018911465820755024
0.87,166,0.005082404600384306
0.87,167,0.002263759817819461
0.87,168,-0.0017048337962417158
0.87,169,-0.0004904186362455095
0.87,170,-0.00014614650557774988
0.87,171,0.003155556382253401
0.87,172,-0.001528024562896456
0.87,173,0.004700470920035301
0.87,174,0.009164799763992725
0.87,175,-0.005284389792099594
0.87,176,0.0006260146414639257
0.87,177,0.0071248092729764
0.87,178,-0.010155373153700712
0.87,179,0.002884627579101827
0.87,180,0.00534390053314462
0.87,181,-0.00839108882837285
0.87,182,0.007119792671819701
0.87,183,-0.007248044322155141
0.87,184,0.01081632436352074
0.87,185,0.010777455574941905
0.87,186,0.0476793640552635
0.87,187,0.028083644571696268
0.87,188,0.010963719844730692
0.87,189,0.06886338379820266
0.87,190,0.15554240426463425
0.87,191,-0.12034269798806793
0.87,192,0.9258689452327847
0.87,193,0.19513767365819815
0.87,194,0.1285538007705316
0.87,195,0.0016256400465537821
0.87,196,-0.005857757961378092
0.87,197,0.0007155378275531562
0.87,198,0.00020155439736781015
0.88,intercept,-0.013790004542426943
0.88,1,0.042008600703545985
0.88,2,0.008539928178035516
0.88,3,-0.011236893545235622
0.88,4,-0.004616752030152905
0.88,5,0.008499666114177497
0.88,6,-0.007424852244907738
0.88,7,-0.008803295482913458
0.88,8,0.010968869769408779
0.88,9,-0.005580492131442166
0.88,10,-0.011028383666963815
0.88,11,0.011121022313365475
0.88,12,-9.662204153864431e-5
0.88,13,-0.005166677150738052
0.88,14,0.0015296312362890515
0.88,15,-0.006763987238470824
0.88,16,0.008243796823004489
0.88,17,0.008307273314847229
0.88,18,0.004903096096993273
0.88,19,0.0005067619671062591
0.88,20,-0.00022780519026961487
0.88,21,0.002727233684126469
0.88,22,-0.006828823495033656
0.88,23,0.012148333258865853
0.88,24,-0.003793479888723063
0.88,25,0.004722121759069108
0.88,26,-0.004839089600604082
0.88,27,0.0016053681189018862
0.88,28,-0.005142763825176579
0.88,29,0.006083774665372815
0.88,30,0.006086681940458019
0.88,31,-0.0014419636558011496
0.88,32,0.0013315529405113393
0.88,33,-0.001871068678548556
0.88,34,0.0010310326229153715
0.88,35,-0.0017043198620339214
0.88,36,0.0023735455229860654
0.88,37,0.003714200033971112
0.88,38,-0.004463577930506512
0.88,39,0.0018874315709758549
0.88,40,0.0004948202298919696
0.88,41,-0.0004932124442087548
0.88,42,0.002244536036926557
0.88,43,-0.005588478464386542
0.88,44,0.001418797201150404
0.88,45,0.003189543167688157
0.88,46,-0.002464214079574329
0.88,47,-0.0003359351641585768
0.88,48,-0.001156535277275702
0.88,49,-0.00040254638354811974
0.88,50,-0.00235300865451436
0.88,51,-0.0013419274508408826
0.88,52,-0.0028591519380050893
0.88,53,0.0010356465103980236
0.88,54,-0.003967631643419835
0.88,55,0.0023683700062329055
0.88,56,-0.0037029941731905975
0.88,57,0.0015428277165236543
0.88,58,5.680208714504968e-5
0.88,59,-0.005513897147874693
0.88,60,0.0027805068321970854
0.88,61,-0.003911386171959689
0.88,62,0.00011770194462874064
0.88,63,-0.0014713228488592912
0.88,64,-0.0010108597018223934
0.88,65,0.00227983353038426
0.88,66,0.003722276067644561
0.88,67,-0.0024622861917629403
0.88,68,0.003073420827896869
0.88,69,0.0004374453076115267
0.88,70,0.0004047519116141517
0.88,71,0.0010389415576993629
0.88,72,-0.002479825133181444
0.88,73,-0.004680502136428724
0.88,74,0.0028888525952315454
0.88,75,0.0027126862881453806
0.88,76,-0.00026894879623059077
0.88,77,-0.010171184535669143
0.88,78,0.011897844118654658
0.88,79,-0.007038338384434296
0.88,80,0.00529707136333117
0.88,81,-0.011951124605639924
0.88,82,0.002937401580166564
0.88,83,0.0025305926004849663
0.88,84,-0.004621437872249172
0.88,85,0.008528727619003416
0.88,86,-0.007199583692315439
0.88,87,-0.003411997273451557
0.88,88,-0.0075813774624353455
0.88,89,0.005191112162162369
0.88,90,-0.0041374915868455835
0.88,91,-0.009464331621360728
0.88,92,0.00908268970325922
0.88,93,-0.010153483364484892
0.88,94,-0.01662866425959423
0.88,95,0.013779124768255057
0.88,96,-0.05054612641004598
0.88,97,0.19987584770070707
0.88,98,0.04236250286865132
0.88,99,0.024538373185623994
0.88,100,0.013181499175731769
0.88,101,-0.004253204351551224
0.88,102,0.0038861246300780036
0.88,103,0.007684113131454279
0.88,104,-0.010490338505540082
0.88,105,0.0019384164109915586
0.88,106,0.003868681390636738
0.88,107,-0.008266025624891538
0.88,108,0.00930125286207246
0.88,109,-0.0013770521868461687
0.88,110,-0.006378157120689215
0.88,111,0.015770717366942157
0.88,112,-0.0015206788133379373
0.88,113,-0.0033706094900346787
0.88,114,0.002479435427247461
0.88,115,0.003689613004218471
0.88,116,0.0015865075967023178
0.88,117,0.006330772363899223
0.88,118,0.01089865669895981
0.88,119,-0.00960721179979307
0.88,120,0.008953032669733577
0.88,121,0.0015193682975237137
0.88,122,0.0026789049229755464
0.88,123,0.0036179518951705695
0.88,124,0.005229200110663548
0.88,125,0.0035498495628037453
0.88,126,0.0033916359079153423
0.88,127,0.0017985687215406998
0.88,128,-0.0009989737029257764
0.88,129,0.004370367177905205
0.88,130,0.0022102990294659186
0.88,131,-0.0030334464534195783
0.88,132,0.005981865013170027
0.88,133,0.0023214245551392365
0.88,134,-4.359646899677348e-5
0.88,135,0.007342764241356518
0.88,136,6.381894659410298e-6
0.88,137,-0.0011251675603299064
0.88,138,0.0005237149271615881
0.88,139,-0.0013465786580933476
0.88,140,0.0004834197495345483
0.88,141,0.0006277396158205974
0.88,142,0.0038232354839912715
0.88,143,-0.001126225091954731
0.88,144,-0.0018582403740417062
0.88,145,-0.004582424478544442
0.88,146,0.0008530669884407894
0.88,147,-0.0038564489028082034
0.88,148,0.0006541443790118574
0.88,149,-0.0004450755910382398
0.88,150,-0.005517847677266387
0.88,151,-0.002261683449294539
0.88,152,-5.604734833181395e-5
0.88,153,0.0032820418682235923
0.88,154,-0.003993918244724442
0.88,155,0.000743401984663878
0.88,156,-0.0021678714977572543
0.88,157,-0.0013883692679370276
0.88,158,-0.004687586931055316
0.88,159,0.0032628405137523765
0.88,160,-0.0017656825927239404
0.88,161,-0.002491848661374172
0.88,162,0.008610235703836632
0.88,163,-0.0026257644902224738
0.88,164,-0.0003669420089250063
0.88,165,0.00034630987829225825
0.88,166,0.008212393673118663
0.88,167,0.0014482166795951588
0.88,168,-0.002697199034865406
0.88,169,-0.0017149546869962985
0.88,170,0.0009645800478251
0.88,171,0.0026560366254172072
0.88,172,0.0009167792233618049
0.88,173,0.0038080865458886655
0.88,174,0.009325204513422948
0.88,175,-0.0031394889575678806
0.88,176,3.8054615665082987e-5
0.88,177,0.010829857459891507
0.88,178,-0.011028224388854235
0.88,179,-0.00023477096335124077
0.88,180,0.004257092520979421
0.88,181,-0.009112607794427002
0.88,182,0.003661511546773229
0.88,183,-0.006468484761971435
0.88,184,0.021719690807321994
0.88,185,0.014412237077795884
0.88,186,0.04913528012224125
0.88,187,0.034860118893686246
0.88,188,0.005294108779004967
0.88,189,0.07389279483673208
0.88,190,0.16475298432026322
0.88,191,-0.13298506050072972
0.88,192,0.9393947699818914
0.88,193,0.21301504901601548
0.88,194,0.14926976231357017
0.88,195,0.0020606874082599873
0.88,196,-0.007653160200111144
0.88,197,0.00058915787304409
0.88,198,0.00015386106152848883
0.89,intercept,-0.013897108348634167
0.89,1,0.0539621189375989
0.89,2,0.0015900278514126983
0.89,3,-0.01316026343596973
0.89,4,-0.006359650969402065
0.89,5,0.005972966134133721
0.89,6,-0.013166954293875145
0.89,7,-0.0059544501292672905
0.89,8,0.008717503941417518
0.89,9,-0.002172644888243956
0.89,10,-0.012156700021677685
0.89,11,0.011503059341049282
0.89,12,-0.0014764546734589265
0.89,13,-0.0023503547056863234
0.89,14,0.0038981626077875054
0.89,15,-0.008720363369358804
0.89,16,0.010859846023456939
0.89,17,0.00851882831110005
0.89,18,0.007462795679973314
0.89,19,-0.0009153667863795606
0.89,20,-0.0017764895865251759
0.89,21,0.004048070382861706
0.89,22,-0.008723874824956273
0.89,23,0.014826467858264589
0.89,24,-0.0061951359104474215
0.89,25,0.005045304751238317
0.89,26,-0.00334412069276233
0.89,27,0.001537408973892609
0.89,28,-0.004468821390714832
0.89,29,0.0069533252523742844
0.89,30,0.007051360961251857
0.89,31,-0.002293993646417472
0.89,32,0.0012092846684924217
0.89,33,-0.001807865559691445
0.89,34,0.0019267826351829016
0.89,35,-0.002415851610331218
0.89,36,0.0009702802992309553
0.89,37,0.004078732276081418
0.89,38,-0.0032467046384163363
0.89,39,0.000508295194414758
0.89,40,0.0009019896990044583
0.89,41,-0.0007021819756074066
0.89,42,0.0013812594527541427
0.89,43,-0.004731361380212273
0.89,44,0.0025625328235359644
0.89,45,0.0034092494552781533
0.89,46,-0.002361010887183131
0.89,47,0.0002557596128799078
0.89,48,-0.001056663516540342
0.89,49,-0.00048717401062906414
0.89,50,-0.00105539392405667
0.89,51,-0.0012917566974358203
0.89,52,-0.0034066808187382795
0.89,53,0.00021013769491532193
0.89,54,-0.0029828261378336057
0.89,55,0.0038258972306961397
0.89,56,-0.005515079748313429
0.89,57,0.0019753382099960666
0.89,58,0.0008582897966191565
0.89,59,-0.00578997675759144
0.89,60,0.004490740530372197
0.89,61,-0.0064350001797465126
0.89,62,-0.002009270542713599
0.89,63,-0.0003132287041269696
0.89,64,-0.001349023089623801
0.89,65,0.0017231870217718544
0.89,66,0.003969394436444355
0.89,67,-0.0012936990164587393
0.89,68,0.0021063350095861196
0.89,69,0.00044469050647366897
0.89,70,-0.0037572388911797836
0.89,71,0.004229575406552755
0.89,72,-0.002356727388686692
0.89,73,-0.006066361453124496
0.89,74,0.005080839798832497
0.89,75,0.0014198221732793356
0.89,76,-0.0010728256989374267
0.89,77,-0.010173450043521484
0.89,78,0.012690697614728404
0.89,79,-0.00588743388759887
0.89,80,0.006209299966602422
0.89,81,-0.012362967701712567
0.89,82,0.0018603933205435688
0.89,83,0.004170347391065826
0.89,84,-0.004884277658156971
0.89,85,0.007551783843213964
0.89,86,-0.007620635670172567
0.89,87,-0.005908954935212352
0.89,88,-0.008932063623390262
0.89,89,0.006636818197715787
0.89,90,-0.0070815366212775436
0.89,91,-0.011708218112842679
0.89,92,0.00969881124239154
0.89,93,-0.012674156310322503
0.89,94,-0.016322983442173183
0.89,95,0.013744273147669558
0.89,96,-0.056698010431003136
0.89,97,0.21541164229274692
0.89,98,0.05750726930401318
0.89,99,0.02765554644160729
0.89,100,0.010831824059386402
0.89,101,-0.0030095133614110436
0.89,102,0.009133735346245076
0.89,103,0.009051126920458761
0.89,104,-0.011110578158576197
0.89,105,0.0007533955082684879
0.89,106,0.003935199665160871
0.89,107,-0.01172049398310213
0.89,108,0.011878710143315591
0.89,109,-0.0029643993340489707
0.89,110,-0.005340628076381358
0.89,111,0.016269953185786116
0.89,112,-0.0021360880945182877
0.89,113,-0.004511132751383792
0.89,114,0.0046813560419444854
0.89,115,0.00471794868059508
0.89,116,0.0009747069033271651
0.89,117,0.008988917198487587
0.89,118,0.009985184400646314
0.89,119,-0.011408237781239087
0.89,120,0.011680457424532166
0.89,121,-0.000764917300290947
0.89,122,0.006599639984246251
0.89,123,0.0038401051498955317
0.89,124,0.006519531787780034
0.89,125,0.004716846627996542
0.89,126,0.006658663600684208
0.89,127,0.0029841352512154076
0.89,128,-0.0011763353561921517
0.89,129,0.004298200411043328
0.89,130,0.0021131081961463178
0.89,131,-0.004372614033247817
0.89,132,0.00787973349595794
0.89,133,0.0019066464978009477
0.89,134,0.002541392925444759
0.89,135,0.005130100279571983
0.89,136,0.0007541424981215139
0.89,137,-0.001581277999782819
0.89,138,0.0018643144775756257
0.89,139,-0.0026999333368288568
0.89,140,0.001002330006050876
0.89,141,-0.00018210859475657445
0.89,142,0.004421323200192405
0.89,143,-0.0005907563731563313
0.89,144,-0.0018558430797405577
0.89,145,-0.004148338602941139
0.89,146,0.0023797108950206905
0.89,147,-0.00505159150579576
0.89,148,0.0006853648364354875
0.89,149,-0.00038840841393298606
0.89,150,-0.005308752676003035
0.89,151,-0.002405776744888882
0.89,152,0.0016705089372097703
0.89,153,0.002144649794584167
0.89,154,-0.003575996144858469
0.89,155,-0.00033729837740219975
0.89,156,-0.002836201440477304
0.89,157,-0.0005070184889024479
0.89,158,-0.006652358477109384
0.89,159,0.004719343627759036
0.89,160,-0.0027114273281520322
0.89,161,-0.0038590591616077495
0.89,162,0.01021257611363688
0.89,163,-0.0016197213695197923
0.89,164,-0.001018284631856214
0.89,165,-0.0006029794641196608
0.89,166,0.011539459714217985
0.89,167,0.000757077118996889
0.89,168,-0.0014929129619504465
0.89,169,-0.004610888368908909
0.89,170,0.0033127284819776787
0.89,171,-9.20788119208739e-5
0.89,172,0.0017664983472274218
0.89,173,0.004300614440067906
0.89,174,0.009677250723627726
0.89,175,-0.003364682864580105
0.89,176,-0.0014635330662787337
0.89,177,0.012423822804614066
0.89,178,-0.006127182699121861
0.89,179,-0.004260538138566043
0.89,180,0.005733665070014043
0.89,181,-0.008866785595202502
0.89,182,0.005397957226663673
0.89,183,-0.00230052018308554
0.89,184,0.025224563978503933
0.89,185,0.011441285824918938
0.89,186,0.05772128179616202
0.89,187,0.04890653486646197
0.89,188,-0.013008380854543934
0.89,189,0.08889089216686517
0.89,190,0.16855092720417575
0.89,191,-0.1408692142847281
0.89,192,0.9441985810317096
0.89,193,0.22046399839464428
0.89,194,0.16415207640742377
0.89,195,0.001267217772170463
0.89,196,-0.010523344738937101
0.89,197,0.00037006469524090833
0.89,198,-6.203302742063272e-5
0.9,intercept,-0.014772890359090698
0.9,1,0.07594813326381618
0.9,2,-0.0023126637508426424
0.9,3,-0.02062059351931003
0.9,4,-0.005423365223792856
0.9,5,0.00489941450470476
0.9,6,-0.009661464766518664
0.9,7,-0.00799052147145739
0.9,8,0.013038884940070028
0.9,9,-0.0035722369291825208
0.9,10,-0.01151138856858902
0.9,11,0.009420618414697558
0.9,12,6.828788384841834e-5
0.9,13,-0.0063830347163618744
0.9,14,0.0022626249791642184
0.9,15,-0.001210044632526937
0.9,16,0.010696751340354374
0.9,17,0.01173210784206114
0.9,18,0.009021927923517054
0.9,19,0.0002309480824113743
0.9,20,-0.00031528235572885144
0.9,21,0.0029152757143816508
0.9,22,-0.009035662488267395
0.9,23,0.017188887020257563
0.9,24,-0.009224070127291107
0.9,25,0.004811643227047422
0.9,26,-0.002877138250210759
0.9,27,0.0013936824590445789
0.9,28,-0.005345997566067389
0.9,29,0.006644259974383398
0.9,30,0.007755145422574448
0.9,31,-0.004574774510971344
0.9,32,0.001735757187500108
0.9,33,-0.0021364898391144213
0.9,34,0.0007303394701759798
0.9,35,-0.003363367073897618
0.9,36,0.00037269434178665114
0.9,37,0.0029492911173517127
0.9,38,-0.0016875002371321292
0.9,39,0.001658368799473313
0.9,40,-0.0011876714297430677
0.9,41,-0.0007523929858009031
0.9,42,0.0021032283018343834
0.9,43,-0.005457483940793268
0.9,44,0.004272078802467091
0.9,45,0.004057150408502471
0.9,46,3.869599274988235e-5
0.9,47,-0.0024451400808642534
0.9,48,0.000448749867807698
0.9,49,-0.0019445370061384763
0.9,50,0.0007097123744563446
0.9,51,-0.0025341611348779236
0.9,52,-0.002686586882002438
0.9,53,-2.5268498644285686e-5
0.9,54,-0.004094965933868046
0.9,55,0.0037266256361921384
0.9,56,-0.00681724798863277
0.9,57,0.0038965543522838804
0.9,58,0.0026898570135359266
0.9,59,-0.004320345274294969
0.9,60,0.003478197432226423
0.9,61,-0.007039149540937758
0.9,62,-0.002606100044526708
0.9,63,-0.0009557621394005811
0.9,64,-0.0020671576007792038
0.9,65,0.003143142765169652
0.9,66,0.002501525644915075
0.9,67,-0.0008339764405500368
0.9,68,0.0022216048990043214
0.9,69,0.0013598004856394041
0.9,70,-0.003414871939350893
0.9,71,0.00459257575417533
0.9,72,-0.002310613218359866
0.9,73,-0.0075042055497396235
0.9,74,0.0077199612472734665
0.9,75,0.0015450679685761837
0.9,76,0.0010451792410824975
0.9,77,-0.011320780586610254
0.9,78,0.011370550027942107
0.9,79,-0.00813660518928722
0.9,80,0.00956416776089502
0.9,81,-0.012156911438474314
0.9,82,0.00042095833348795674
0.9,83,0.0030027119991236123
0.9,84,-0.009186005492141248
0.9,85,0.008273713475084803
0.9,86,-0.0077052382966247565
0.9,87,-0.007057310557050257
0.9,88,-0.009389147165613735
0.9,89,-0.0007164351791988682
0.9,90,-0.0060693281960915125
0.9,91,-0.01283928056400644
0.9,92,0.015221983644121887
0.9,93,-0.019930146964474045
0.9,94,-0.015520378220400373
0.9,95,0.021036354324131857
0.9,96,-0.0662099374588515
0.9,97,0.233634627286743
0.9,98,0.05733522741942598
0.9,99,0.04652708869331129
0.9,100,0.012818486333024407
0.9,101,-0.000332728945989803
0.9,102,0.008127132396807745
0.9,103,0.01824973785548308
0.9,104,-0.01478333304019247
0.9,105,0.0005826646119855307
0.9,106,0.004510924633858529
0.9,107,-0.013451955225542985
0.9,108,0.010017963514637948
0.9,109,0.0006497740398394472
0.9,110,-0.01012282407854071
0.9,111,0.01883871843943183
0.9,112,-0.0013967469989455712
0.9,113,-0.007682379279686543
0.9,114,0.009232933296927422
0.9,115,0.005637699661924688
0.9,116,0.0028486475541716766
0.9,117,0.008912820557384077
0.9,118,0.009413947871699838
0.9,119,-0.012586749822987539
0.9,120,0.010381793164851168
0.9,121,0.001147724062288414
0.9,122,0.005629275664194141
0.9,123,0.004524566167777433
0.9,124,0.006822935917056777
0.9,125,0.002412017213398092
0.9,126,0.010965956406547878
0.9,127,0.0024933679443130347
0.9,128,0.00023657768349232038
0.9,129,0.005891415030905182
0.9,130,-1.4154888715590742e-5
0.9,131,-0.004255091736659969
0.9,132,0.009357653501044404
0.9,133,0.003788899965922669
0.9,134,0.0027661928094027646
0.9,135,0.005012758582579224
0.9,136,-0.0004911509958910956
0.9,137,-4.075757766078877e-5
0.9,138,0.0006102870146780381
0.9,139,-0.0014188137745020934
0.9,140,0.00047317285801177226
0.9,141,0.00012386178591692555
0.9,142,0.006244426524170681
0.9,143,-0.0010558544954274037
0.9,144,-0.0009690005748859492
0.9,145,-0.005458891847040233
0.9,146,0.0033682336939176555
0.9,147,-0.005842206639699754
0.9,148,0.0017711172240074534
0.9,149,-0.0009823303593147238
0.9,150,-0.006690996705121825
0.9,151,-0.0009608948649673058
0.9,152,-0.0009067070369347801
0.9,153,0.0044459459005814096
0.9,154,-0.0037460160494046327
0.9,155,-0.0013806680909355699
0.9,156,-0.0023418427862264696
0.9,157,-0.0015084246437569702
0.9,158,-0.006588419871888269
0.9,159,0.004621067208052268
0.9,160,-0.004807816961067124
0.9,161,-0.001992668847542397
0.9,162,0.009980268549187906
0.9,163,-0.003693150073693982
0.9,164,-0.003334224297098517
0.9,165,-0.00038155132318636487
0.9,166,0.014204224582558073
0.9,167,0.00039909405620888955
0.9,168,-0.0010533290169375236
0.9,169,-0.006170079600787559
0.9,170,0.005123282059334831
0.9,171,0.0011855162836708695
0.9,172,-0.001848220982358229
0.9,173,0.012699081232264074
0.9,174,0.006133071466839793
0.9,175,-0.004225108124323361
0.9,176,-0.001694277703580256
0.9,177,0.011517215989821045
0.9,178,-0.0039483753035347
0.9,179,-0.003232803380611787
0.9,180,0.01361043848216407
0.9,181,-0.01348263947408322
0.9,182,0.008929840026660573
0.9,183,-0.006756693802163771
0.9,184,0.03957312525420116
0.9,185,0.01666655239295372
0.9,186,0.05869718171571427
0.9,187,0.0572576855030004
0.9,188,-0.021752392992412564
0.9,189,0.09013702619480046
0.9,190,0.17448679094077962
0.9,191,-0.15310778487690993
0.9,192,0.9597971529600495
0.9,193,0.24915939684593733
0.9,194,0.1680021244947395
0.9,195,0.0014133007376807849
0.9,196,-0.013359160746801123
0.9,197,0.0003623660299582176
0.9,198,-0.0002613282447439695
0.91,intercept,-0.012143378634703546
0.91,1,0.08276301860634641
0.91,2,0.004733648592254387
0.91,3,-0.028549812756690583
0.91,4,-0.007779609964938395
0.91,5,0.007565312660744254
0.91,6,-0.007019383456951066
0.91,7,-0.005338621170209811
0.91,8,0.01571053693520581
0.91,9,-0.0036600974471281953
0.91,10,-0.014161799954978934
0.91,11,0.007626387020781087
0.91,12,-0.0025715007472472563
0.91,13,-0.0018256151483100431
0.91,14,0.0038647448788376045
0.91,15,-0.0034973096557096594
0.91,16,0.011099165679402221
0.91,17,0.011855049119166686
0.91,18,0.004653672652446769
0.91,19,-0.004914480408502929
0.91,20,0.007155530152384157
0.91,21,0.0028464458893749474
0.91,22,-0.00949047422078793
0.91,23,0.015448797029620652
0.91,24,-0.00827328653243315
0.91,25,0.0027644178005290904
0.91,26,-0.0045260968698510136
0.91,27,0.006934532917222316
0.91,28,-0.006901853398547642
0.91,29,0.005305169168602718
0.91,30,0.008772001931801924
0.91,31,-0.004097331306613766
0.91,32,6.148184286036949e-5
0.91,33,-0.0003676705745644335
0.91,34,0.0024743221599153385
0.91,35,-0.005861305752684744
0.91,36,-0.0006700601666744953
0.91,37,0.0036457145266567165
0.91,38,-0.0021419565190187936
0.91,39,0.0019695090362327134
0.91,40,0.0010242203792032152
0.91,41,-0.0022998690457753236
0.91,42,0.001496007718555669
0.91,43,-0.006753138019098085
0.91,44,0.00669989819347213
0.91,45,0.003791337428007593
0.91,46,0.001082521194892361
0.91,47,-0.0021149627276495675
0.91,48,-0.003520864704663209
0.91,49,0.003541430893619176
0.91,50,-0.0003119149253979959
0.91,51,-0.004168687587289049
0.91,52,-0.0029503885470953586
0.91,53,0.0017766452348093851
0.91,54,-0.004710239955996445
0.91,55,0.004991480310364285
0.91,56,-0.009768449314842515
0.91,57,0.006581583767135635
0.91,58,0.0003714284173477496
0.91,59,-0.004192056189849064
0.91,60,0.001963477278143525
0.91,61,-0.007482038545218109
0.91,62,-0.0037790913570839983
0.91,63,-0.00042139709759247263
0.91,64,-0.001883862574015184
0.91,65,-0.0002356143396456075
0.91,66,0.007279573337155589
0.91,67,-0.0009699092058478051
0.91,68,0.001586705748701029
0.91,69,0.0020748068120779836
0.91,70,-0.0023285460153539012
0.91,71,0.004483391366158992
0.91,72,-0.004087984535357422
0.91,73,-0.011049834346893921
0.91,74,0.011682357075342348
0.91,75,-0.003272734303656122
0.91,76,0.00394351090873067
0.91,77,-0.013586101817049386
0.91,78,0.016681680109465323
0.91,79,-0.011017760730665023
0.91,80,0.013605599275241886
0.91,81,-0.015389880253038802
0.91,82,0.003968561675674467
0.91,83,0.0007738944878622121
0.91,84,-0.0047037314779674
0.91,85,0.006889951997855147
0.91,86,-0.01452406049389714
0.91,87,-0.007365252646892143
0.91,88,-0.009199230693066229
0.91,89,-2.7457985164789612e-5
0.91,90,-0.0029319939566451883
0.91,91,-0.018763712905858706
0.91,92,0.0188699624636567
0.91,93,-0.026430472901209506
0.91,94,-0.012427324488814331
0.91,95,0.025838830884884402
0.91,96,-0.07282445356738391
0.91,97,0.2588952211996666
0.91,98,0.06500815918093272
0.91,99,0.051405633422917124
0.91,100,0.016812710021200987
0.91,101,-0.0035219714296518723
0.91,102,0.006348043531645752
0.91,103,0.015955728756211644
0.91,104,-0.014886202445876196
0.91,105,3.9491175075895816e-5
0.91,106,0.00464520805709332
0.91,107,-0.008720287960244615
0.91,108,0.005741291757935374
0.91,109,-0.002399238328090516
0.91,110,-0.009399543733499586
0.91,111,0.01823057115630803
0.91,112,0.0016442821824601782
0.91,113,-0.0059731022671883575
0.91,114,0.013166128126960771
0.91,115,0.008292499476613927
0.91,116,-0.0026991735329388433
0.91,117,0.011120543506226621
0.91,118,0.009431141581631297
0.91,119,-0.01278365207043371
0.91,120,0.01190800557997034
0.91,121,0.0023234976026346413
0.91,122,0.004490087702356773
0.91,123,0.006109506495809735
0.91,124,0.003725665234763978
0.91,125,0.004506145358282403
0.91,126,0.013344394428289467
0.91,127,0.003038823101402092
0.91,128,0.0022116824097844086
0.91,129,0.0050619503617472476
0.91,130,0.0008674599342310098
0.91,131,-0.005967098189367354
0.91,132,0.012075197006002916
0.91,133,0.003465588057951886
0.91,134,0.0015509746219829663
0.91,135,0.006275430455769209
0.91,136,-0.0019046781425136072
0.91,137,0.0016390276704787512
0.91,138,-0.0005216556991461671
0.91,139,-0.002995795188077291
0.91,140,0.0020818713212425407
0.91,141,0.0017484850155399408
0.91,142,0.004885181322334369
0.91,143,-0.0013654046482268175
0.91,144,0.0006224051113720555
0.91,145,-0.004031961565261443
0.91,146,0.0024253477132667456
0.91,147,-0.0038144399042731162
0.91,148,0.001567498822762175
0.91,149,-0.0010449418441475402
0.91,150,-0.005251347632180322
0.91,151,-0.004730453805702956
0.91,152,-7.5915104438957e-5
0.91,153,0.004703851095286909
0.91,154,-0.004516292723762716
0.91,155,-0.0024970503321039873
0.91,156,-0.003479803805425707
0.91,157,-0.00023946661556488856
0.91,158,-0.008148654779932794
0.91,159,0.005594961162972015
0.91,160,-0.008688762046640347
0.91,161,-0.00012657390007493683
0.91,162,0.012821901529564009
0.91,163,-0.0061776620567646845
0.91,164,-0.0009797941428601616
0.91,165,-0.004316642773630349
0.91,166,0.01683526939469322
0.91,167,-0.00023391432689399397
0.91,168,-0.00348261531293162
0.91,169,-0.004205853945721177
0.91,170,0.0053207641342197
0.91,171,0.001961087163039177
0.91,172,-0.0012425242227355258
0.91,173,0.012894382764369855
0.91,174,0.006507554458506499
0.91,175,-0.005950144047208888
0.91,176,-0.00048790385593059326
0.91,177,0.013484101545416724
0.91,178,-0.004825365971215913
0.91,179,-6.48122321720075e-5
0.91,180,0.01338388390157781
0.91,181,-0.01171127719256356
0.91,182,0.010564735650538596
0.91,183,-0.006539339633672844
0.91,184,0.03592525068993502
0.91,185,0.0241342142775626
0.91,186,0.07125496078908204
0.91,187,0.058347488830492386
0.91,188,-0.030211699802027342
0.91,189,0.10458653145295765
0.91,190,0.17536905080219653
0.91,191,-0.16571961105914604
0.91,192,0.9803685200881472
0.91,193,0.262419358949725
0.91,194,0.1670308810195106
0.91,195,0.000605998664559166
0.91,196,-0.018470435734169954
0.91,197,0.0001970532140858558
0.91,198,-0.00031173391260357715
0.92,intercept,-0.007976129604765422
0.92,1,0.10096849175382347
0.92,2,0.0015383887192006195
0.92,3,-0.03990709918524427
0.92,4,-0.0014632976233041994
0.92,5,0.01332122735657073
0.92,6,-0.006114829481245213
0.92,7,-0.0011069011655246432
0.92,8,0.026391106947007022
0.92,9,-0.008761341353252043
0.92,10,-0.010784831939912875
0.92,11,0.003725373270144461
0.92,12,2.0582810734376243e-5
0.92,13,-0.0055909833375834515
0.92,14,0.005728530568851966
0.92,15,0.006147519924208155
0.92,16,0.012283118072046104
0.92,17,0.011979518760981165
0.92,18,0.008545377338911978
0.92,19,0.0012750074406076928
0.92,20,0.0006814119033494556
0.92,21,0.007112182160843507
0.92,22,-0.009505828258806479
0.92,23,0.01637795876955009
0.92,24,-0.004362366922793104
0.92,25,-0.00373674455639361
0.92,26,-0.00123077929606081
0.92,27,0.005204441189510453
0.92,28,-0.004237592867609928
0.92,29,0.0020330982295746233
0.92,30,0.014877828833570708
0.92,31,-0.0066844596093037275
0.92,32,-0.0018733700659633598
0.92,33,0.00327453397556542
0.92,34,-0.0017347046161675201
0.92,35,-0.005044618948487288
0.92,36,3.307633533682511e-5
0.92,37,0.0038655908307601494
0.92,38,-0.0022742645187181173
0.92,39,0.004006716524897967
0.92,40,-1.7072143688475064e-5
0.92,41,0.0004553506731142065
0.92,42,0.0018106427458050903
0.92,43,-0.008211978456245946
0.92,44,0.006728776586713553
0.92,45,0.006286643778944893
0.92,46,-0.00019818256849764496
0.92,47,-0.004166688905950446
0.92,48,-0.000846566402828561
0.92,49,0.002694792714253769
0.92,50,-0.0013189329995942913
0.92,51,-0.005238771238791318
0.92,52,-0.0012291506539440357
0.92,53,0.0011033134516922232
0.92,54,-0.004845659996596843
0.92,55,0.007973340000387637
0.92,56,-0.012374091447316467
0.92,57,0.004685125070080116
0.92,58,0.002958281928835328
0.92,59,-0.0060021231355573525
0.92,60,0.005514885473936185
0.92,61,-0.006377124477434617
0.92,62,-0.0005716265974779533
0.92,63,-0.004074747640587901
0.92,64,-0.0010585256045050893
0.92,65,-0.0010563495620943433
0.92,66,0.006383070319631399
0.92,67,0.0027009500822960295
0.92,68,-0.0017821767426897364
0.92,69,0.002125161413746932
0.92,70,0.0015346054173203953
0.92,71,0.002921616714759814
0.92,72,-0.0029862060413102425
0.92,73,-0.013248975153325857
0.92,74,0.01498065302436567
0.92,75,-0.004578123986326444
0.92,76,0.0040909831373381654
0.92,77,-0.013053923284233484
0.92,78,0.017225059778748237
0.92,79,-0.010429454577229075
0.92,80,0.0073279095057117135
0.92,81,-0.01150319714859818
0.92,82,0.004674919083986221
0.92,83,-0.003460352806009943
0.92,84,-0.003011819727699147
0.92,85,0.003840891261644623
0.92,86,-0.014511035292550475
0.92,87,-0.011301452567164087
0.92,88,-0.007854114532743118
0.92,89,0.0051139991388283864
0.92,90,-0.009619394431991031
0.92,91,-0.010321463654237036
0.92,92,0.007742182193290641
0.92,93,-0.03611270023428971
0.92,94,-0.007747043108887048
0.92,95,0.025581126708730542
0.92,96,-0.06948158871695186
0.92,97,0.23932796253065924
0.92,98,0.09440055462665888
0.92,99,0.05443530907583657
0.92,100,0.02012883538248122
0.92,101,-0.009723555702601692
0.92,102,-0.0018821009963905268
0.92,103,0.0058426953888970935
0.92,104,-0.020370801275245452
0.92,105,0.001730872405352905
0.92,106,0.005043190684427171
0.92,107,-0.008128607484961184
0.92,108,0.0031186787902438835
0.92,109,0.005022871928988774
0.92,110,-0.012339204384737826
0.92,111,0.008249380994516449
0.92,112,0.0041388854375598114
0.92,113,-0.005020490633026331
0.92,114,0.012571130548521497
0.92,115,0.007650494111770266
0.92,116,-0.00440442935977229
0.92,117,0.016456133646555602
0.92,118,0.006208829276960571
0.92,119,-0.011204068116142609
0.92,120,0.010684076681135767
0.92,121,0.003152684172320235
0.92,122,0.005442037990015652
0.92,123,0.007763774775649129
0.92,124,-0.0007516431479665976
0.92,125,0.002806102015524901
0.92,126,0.01495748270407066
0.92,127,0.0064664994163241875
0.92,128,0.0016641071221396573
0.92,129,0.007414658251925768
0.92,130,-0.00017262901166034697
0.92,131,-0.00464109604894363
0.92,132,0.01224219288773205
0.92,133,0.0068618769166038625
0.92,134,-0.0017460878684632296
0.92,135,0.010516815368616768
0.92,136,-0.0019601533912552436
0.92,137,0.002843782356193533
0.92,138,-0.00034608388760408725
0.92,139,-0.0030852025004857193
0.92,140,0.0031402600699209126
0.92,141,-0.0007380646834584597
0.92,142,0.007235757693145779
0.92,143,0.001114826721754113
0.92,144,0.0011365283515088463
0.92,145,-0.003882909012135585
0.92,146,0.0012993201429607043
0.92,147,-0.002319720052087155
0.92,148,0.0007477818095243319
0.92,149,-0.0017942667015294323
0.92,150,-0.003050243907892517
0.92,151,-0.006662484594169102
0.92,152,-0.00018936825369910356
0.92,153,0.007936480543911347
0.92,154,-0.006860526963242717
0.92,155,-0.00036800321982298625
0.92,156,-0.005212733851763108
0.92,157,-0.003999484337334983
0.92,158,-0.007075387117859232
0.92,159,0.007404572385525738
0.92,160,-0.01196054094028002
0.92,161,0.0017089978311911212
0.92,162,0.010475399762253259
0.92,163,-0.009214597385698011
0.92,164,0.0025618488637514916
0.92,165,-0.0023334613765552837
0.92,166,0.016084282078581164
0.92,167,0.0018762848815641144
0.92,168,-0.008546870046526505
0.92,169,-0.0010236133765215362
0.92,170,0.004893974767786712
0.92,171,0.00179702893884685
0.92,172,-0.0015400802223878881
0.92,173,0.018881931437845167
0.92,174,0.007311915948475403
0.92,175,-0.003304590151737006
0.92,176,-0.005217037910287266
0.92,177,0.01033148730733078
0.92,178,-0.002745963103083026
0.92,179,-0.0034117972528543068
0.92,180,0.01649623847777173
0.92,181,-0.008748254032787168
0.92,182,0.01942613941101941
0.92,183,-0.005664902171283937
0.92,184,0.04975780105240109
0.92,185,0.014495102013998973
0.92,186,0.07912513678625491
0.92,187,0.049937244391538314
0.92,188,-0.035111113344255
0.92,189,0.12040998534388417
0.92,190,0.18977655203649402
0.92,191,-0.17709540893741849
0.92,192,0.9817157606089472
0.92,193,0.28182640108473184
0.92,194,0.17937710260655051
0.92,195,-0.0017139660898175964
0.92,196,-0.025818944595075888
0.92,197,-0.000102592363060466
0.92,198,-0.0007668728824669303
0.93,intercept,-0.0007593682211212494
0.93,1,0.0999347380184226
0.93,2,0.010560412735230418
0.93,3,-0.037715866829698685
0.93,4,0.001119433479277108
0.93,5,0.0014629216049399083
0.93,6,0.0010087697044502443
0.93,7,-0.013835093500147822
0.93,8,0.03152077259361336
0.93,9,-0.005040578419040691
0.93,10,-0.007956498688036419
0.93,11,0.007594617517843427
0.93,12,-0.004011332369412176
0.93,13,-0.0070453268562111464
0.93,14,0.00228326933448735
0.93,15,0.0035769893282797467
0.93,16,0.014365015445970854
0.93,17,0.009094486846391818
0.93,18,0.017459892324444375
0.93,19,0.0032134899612780384
0.93,20,-0.0016757387115237108
0.93,21,0.006138114408046822
0.93,22,-0.014202309244795161
0.93,23,0.016544923425779116
0.93,24,-0.008871281707298763
0.93,25,-0.00680488205837151
0.93,26,0.002439717724704926
0.93,27,0.0010523716089989152
0.93,28,-0.00045406604880667467
0.93,29,0.001190806101378179
0.93,30,0.017187572885498367
0.93,31,-0.00703528450915575
0.93,32,-0.004350774434613874
0.93,33,0.0020375966494201652
0.93,34,-0.0010238488082896058
0.93,35,-0.004486190937956129
0.93,36,-0.0016145706714242283
0.93,37,-0.0002891525235415264
0.93,38,-0.0029846101863811115
0.93,39,0.004934376807052653
0.93,40,0.0005464998196095225
0.93,41,-4.1427016667169464e-5
0.93,42,0.003245685592845397
0.93,43,-0.008888186574460345
0.93,44,0.009377344214195732
0.93,45,0.00618205909045676
0.93,46,-0.0014900384032660347
0.93,47,-0.0035665166286567894
0.93,48,-0.0007365665999077166
0.93,49,0.005225447562116374
0.93,50,-0.002793937762087969
0.93,51,-0.005723029353545186
0.93,52,-4.9386197398506955e-5
0.93,53,-0.0020693946600135065
0.93,54,0.0009913340078763781
0.93,55,0.005765506171830498
0.93,56,-0.013479556784402085
0.93,57,0.0030067831315676507
0.93,58,0.005397424760265155
0.93,59,-0.005960212724382976
0.93,60,0.007392919465830543
0.93,61,-0.008799845985590651
0.93,62,-0.0003030142050475851
0.93,63,-0.0040266084194989366
0.93,64,-0.002370230651403067
0.93,65,-0.0033925658516457007
0.93,66,0.00916823440926794
0.93,67,0.0025026703372505944
0.93,68,-3.709042302339531e-5
0.93,69,0.0004894400186634692
0.93,70,0.006123382352950019
0.93,71,-0.001260084500369563
0.93,72,-0.005031457433893336
0.93,73,-0.016561583954327445
0.93,74,0.024332936405542106
0.93,75,-0.009580435503867652
0.93,76,0.007210242703689382
0.93,77,-0.01673786908731366
0.93,78,0.022916168977696032
0.93,79,-0.01016342859684151
0.93,80,0.002314374687060256
0.93,81,-0.002208002266328817
0.93,82,-0.0009229190493267381
0.93,83,-0.00897395055592313
0.93,84,-0.0003982830678823865
0.93,85,7.981783038890399e-5
0.93,86,-0.019697764321016116
0.93,87,-0.015498543513694688
0.93,88,0.003567732836665484
0.93,89,0.003925006410634302
0.93,90,-0.015519460732600989
0.93,91,-0.01111981759524693
0.93,92,0.011361747671352682
0.93,93,-0.03131174595410326
0.93,94,-0.019505158976990337
0.93,95,0.0279109230182786
0.93,96,-0.07475243764029828
0.93,97,0.24111955714948247
0.93,98,0.12197318282927351
0.93,99,0.05097423470563719
0.93,100,0.03168114719854923
0.93,101,-0.0025683623238788355
0.93,102,-0.011008955565980583
0.93,103,0.011889791407444894
0.93,104,-0.015925421498671356
0.93,105,-0.007287139884113763
0.93,106,0.011772917742516402
0.93,107,-0.013899299713043461
0.93,108,-0.002887836802689311
0.93,109,0.008026596512862413
0.93,110,-0.00547297966038162
0.93,111,0.011254897203011219
0.93,112,-0.003395925078281791
0.93,113,-0.0014638272746952308
0.93,114,0.00695031256644059
0.93,115,0.0029190755948079513
0.93,116,-0.0023575598932766696
0.93,117,0.013002387566593965
0.93,118,0.00921019348252169
0.93,119,-0.01373435766838259
0.93,120,0.01355300178694647
0.93,121,-0.001255895616818703
0.93,122,0.004541190442296835
0.93,123,0.010366394849830693
0.93,124,-7.099551719328903e-5
0.93,125,0.002310084989963266
0.93,126,0.016708066501050618
0.93,127,0.008631808561650503
0.93,128,0.001297837435070953
0.93,129,0.009099603322458514
0.93,130,-0.00161902726294066
0.93,131,-0.006015318141697021
0.93,132,0.012495662287772163
0.93,133,0.007884936774130323
0.93,134,0.0005368326300725204
0.93,135,0.012938863278517565
0.93,136,-0.0006082757386819752
0.93,137,0.004720273512213018
0.93,138,-0.00480373880641578
0.93,139,-0.0009299358411226476
0.93,140,0.0031808388458976797
0.93,141,-0.0025630265247297613
0.93,142,0.010901380862516285
0.93,143,0.002642303450956927
0.93,144,-0.002016932120994293
0.93,145,-0.004914518345422572
0.93,146,0.00274833079322084
0.93,147,-0.004169699088663943
0.93,148,0.003719802358120003
0.93,149,-0.0014615629117006818
0.93,150,-0.0004939960688837088
0.93,151,-0.011941751133595595
0.93,152,0.007304803388482744
0.93,153,0.004808116015880743
0.93,154,-0.0047252465572787845
0.93,155,-0.0014155644876828258
0.93,156,-0.011760156884338051
0.93,157,-0.0008755060073413532
0.93,158,-0.004904187033180377
0.93,159,0.007000281860452566
0.93,160,-0.012798853380240893
0.93,161,-0.0026966180617569633
0.93,162,0.016952674795152986
0.93,163,-0.011048900956239824
0.93,164,0.004096643779545624
0.93,165,-0.0007351353751592798
0.93,166,0.00963705396035768
0.93,167,0.0029505073126719528
0.93,168,-0.004731541709048543
0.93,169,0.007219113577190758
0.93,170,-0.00790722938120991
0.93,171,0.01540303851233928
0.93,172,-0.012907666792513015
0.93,173,0.02830909808466669
0.93,174,0.004924751221050303
0.93,175,-0.011963047043571009
0.93,176,0.0005189337225619898
0.93,177,0.011039735235750383
0.93,178,-0.006203734880795397
0.93,179,-0.004906556253275867
0.93,180,0.03001746145612788
0.93,181,-0.010944557482814032
0.93,182,0.022107757158851046
0.93,183,-0.005363750117514919
0.93,184,0.024659002490083185
0.93,185,0.0573527965304289
0.93,186,0.08429106654715089
0.93,187,0.04081937911105798
0.93,188,-0.03400708846057694
0.93,189,0.12409702491010333
0.93,190,0.18672916738928447
0.93,191,-0.19066712787766082
0.93,192,1.002205046630022
0.93,193,0.29015196635095025
0.93,194,0.18008208395867667
0.93,195,-0.004315718252602885
0.93,196,-0.0332354928542359
0.93,197,-0.00018445748959692768
0.93,198,-0.0010585341974412856
0.94,intercept,0.01180094290270717
0.94,1,0.10466376061340447
0.94,2,0.029353931222964164
0.94,3,-0.043726268246759806
0.94,4,0.005787898431304782
0.94,5,-0.005860239354839408
0.94,6,0.0040418668812027
0.94,7,-0.027707700811242512
0.94,8,0.027443122377024363
0.94,9,-0.008836055389756656
0.94,10,-0.010411546860559279
0.94,11,0.010717150642588609
0.94,12,-0.008131375857935587
0.94,13,-0.011537466735662411
0.94,14,0.013555192434086854
0.94,15,0.001474847781842774
0.94,16,0.01569430202931731
0.94,17,0.009268073227419554
0.94,18,0.019919937716073605
0.94,19,-0.0014295492865709462
0.94,20,0.0013466831804322163
0.94,21,0.004244883799098877
0.94,22,-0.01645579897460226
0.94,23,0.023445020233844302
0.94,24,-0.014895572321854464
0.94,25,-0.008183204648131883
0.94,26,0.003297807857031769
0.94,27,-0.00020794651356484595
0.94,28,-0.0008371352560901855
0.94,29,0.003231876544520539
0.94,30,0.015623148971438173
0.94,31,-0.01106286101663551
0.94,32,-0.004769704652105063
0.94,33,0.0008210581470048505
0.94,34,-8.983305287725994e-5
0.94,35,-0.0046455315425043015
0.94,36,-0.003115956045573437
0.94,37,0.001648518307725588
0.94,38,-0.0016891375281271874
0.94,39,0.0041857286936771146
0.94,40,-0.0017738083943120413
0.94,41,0.0011226151592364222
0.94,42,0.0037484676048088477
0.94,43,-0.011220844023026639
0.94,44,0.012172107373977798
0.94,45,0.0035503696686983105
0.94,46,0.0033603602206080186
0.94,47,-0.005936645600219114
0.94,48,-0.004081779301723526
0.94,49,0.006580005011517321
0.94,50,-0.004605615732141655
0.94,51,-0.005546576441850839
0.94,52,-3.583659608573413e-5
0.94,53,-0.007694498527068112
0.94,54,0.006220069300563098
0.94,55,-0.0003686906228149078
0.94,56,-0.01261496586162321
0.94,57,0.005191490831007869
0.94,58,0.005736926613459533
0.94,59,-0.0074241647868573775
0.94,60,0.012760248376967421
0.94,61,-0.007728539664599535
0.94,62,0.0002745696338688314
0.94,63,-0.004579729048550616
0.94,64,0.004518533320371062
0.94,65,-0.013011799417642668
0.94,66,0.015964081004270433
0.94,67,0.0031392203532348067
0.94,68,-7.414405813056376e-5
0.94,69,-4.717879336237263e-5
0.94,70,0.0010114055703555232
0.94,71,0.0025258980546363275
0.94,72,-0.0038177736918400267
0.94,73,-0.029026617122919374
0.94,74,0.03717910310226401
0.94,75,-0.020868806955321093
0.94,76,0.013082886943787144
0.94,77,-0.021648712209209584
0.94,78,0.027774526112631766
0.94,79,-0.0068010332216616115
0.94,80,0.0005982788862540502
0.94,81,0.005535918112553157
0.94,82,-0.0028086296865584607
0.94,83,-0.013321376127870021
0.94,84,-0.00655104840887926
0.94,85,0.003869008600004385
0.94,86,-0.024648920305740805
0.94,87,-0.01595740788180208
0.94,88,0.011011306349613772
0.94,89,-0.010158513497270805
0.94,90,-0.02196306943624783
0.94,91,-0.016956635319467627
0.94,92,0.034010087248664465
0.94,93,-0.03805001116786403
0.94,94,-0.017406357034228853
0.94,95,0.023699424212014958
0.94,96,-0.07438310745959582
0.94,97,0.21493831541842714
0.94,98,0.1399098919035942
0.94,99,0.06531413269564497
0.94,100,0.014918306426653568
0.94,101,0.010478267479902919
0.94,102,-0.02123240039349517
0.94,103,0.02914151293493876
0.94,104,-0.011256748669015347
0.94,105,-0.013155131439256647
0.94,106,0.01347118911764099
0.94,107,-0.020383781398182504
0.94,108,-0.005652728431516672
0.94,109,0.006044824559558557
0.94,110,-0.0003997604273127902
0.94,111,0.011442510375943507
0.94,112,-0.001086499183901412
0.94,113,-0.0016646396981855036
0.94,114,0.009837027163919298
0.94,115,-0.0008410899489885914
0.94,116,-0.005109573590896102
0.94,117,0.007612614037358572
0.94,118,0.014289093487814427
0.94,119,-0.019431097769250883
0.94,120,0.01890693737418073
0.94,121,-0.0008930874044234772
0.94,122,0.0034431158666055903
0.94,123,0.012968674660979557
0.94,124,0.004915110447372948
0.94,125,0.006856998678057275
0.94,126,0.018718018646115317
0.94,127,0.009243077300642995
0.94,128,0.001042633525033279
0.94,129,0.006181072029354116
0.94,130,-0.0018340002174312517
0.94,131,-0.0026844164756460137
0.94,132,0.007777087605591536
0.94,133,0.009355318674929489
0.94,134,-0.0036064261405293614
0.94,135,0.013692718615630678
0.94,136,-0.004207522171976026
0.94,137,0.009324132863342207
0.94,138,-0.001425701890771285
0.94,139,0.0022698669458359856
0.94,140,0.007149580044450751
0.94,141,-0.010188284117888548
0.94,142,0.016633516280204163
0.94,143,0.0069800412777018105
0.94,144,0.0002742964444257975
0.94,145,-0.0036008437176479223
0.94,146,-0.0005602946072786635
0.94,147,-0.0010432835621106348
0.94,148,0.0036932533636816743
0.94,149,-0.0009355648636164662
0.94,150,0.004516094195905118
0.94,151,-0.011811177904571205
0.94,152,0.001688545013223425
0.94,153,0.00813789580015451
0.94,154,-0.005167465208398978
0.94,155,-0.005824988121653152
0.94,156,-0.014809216799382562
0.94,157,0.005958477814155562
0.94,158,-0.014936312088763042
0.94,159,0.009466257957394454
0.94,160,-0.013337651947289482
0.94,161,-0.004894903516703045
0.94,162,0.02300371681184479
0.94,163,-0.015166675391546298
0.94,164,0.006486970971876807
0.94,165,-0.00644859153334995
0.94,166,0.017558825852374144
0.94,167,-0.0003366230368811822
0.94,168,-0.007834392796157597
0.94,169,0.016945086820436973
0.94,170,-0.011835924847921637
0.94,171,0.013014184761185833
0.94,172,-0.021978088003884323
0.94,173,0.028341691617774566
0.94,174,0.008699572384267053
0.94,175,-0.02385223774601777
0.94,176,0.0034157186229716225
0.94,177,0.021269517405968993
0.94,178,-0.00698266618328033
0.94,179,-0.00816192262780303
0.94,180,0.04237714164173644
0.94,181,-0.016750264360555173
0.94,182,0.06192954504058407
0.94,183,0.0004704996683865806
0.94,184,0.017865159003293895
0.94,185,0.05811238745378568
0.94,186,0.08024969290227912
0.94,187,0.023926190033252907
0.94,188,-0.03746172921590146
0.94,189,0.12128890325642021
0.94,190,0.1953052478650134
0.94,191,-0.21093676207885392
0.94,192,1.010587725174783
0.94,193,0.3171528840398212
0.94,194,0.1889737632596887
0.94,195,-0.008831811210051601
0.94,196,-0.04385098315237512
0.94,197,-0.000761005025765839
0.94,198,-0.001077645703763513
0.95,intercept,0.017293974974328396
0.95,1,0.09558244086411923
0.95,2,0.06231916235937555
0.95,3,-0.0630123096497099
0.95,4,0.004511435262272317
0.95,5,0.009356619671519167
0.95,6,-0.010412843172133843
0.95,7,-0.0033498908130377854
0.95,8,0.016236429295828456
0.95,9,-0.009397803587082946
0.95,10,0.00020038707936395001
0.95,11,0.0014270801359936593
0.95,12,-0.01261683926520468
0.95,13,-0.014371858694257302
0.95,14,0.017815544995185804
0.95,15,0.0040552588298611875
0.95,16,0.021526287326672375
0.95,17,0.00450565511468548
0.95,18,0.01554245471939725
0.95,19,-0.005169344811342267
0.95,20,-0.0015763408173074525
0.95,21,0.0050659711383698805
0.95,22,-0.023854739360047138
0.95,23,0.029736626115095255
0.95,24,-0.017632701176799388
0.95,25,-0.004653664542022781
0.95,26,-0.002446934847222792
0.95,27,-0.00405010249127176
0.95,28,0.0020909598449322855
0.95,29,0.0066413031776825495
0.95,30,0.01897904218871984
0.95,31,-0.008288469008734927
0.95,32,-0.007256864909485141
0.95,33,0.001009664107327111
0.95,34,0.0008894436849305902
0.95,35,-0.007174272214747781
0.95,36,-0.005952212618576608
0.95,37,0.003290460473903022
0.95,38,-0.004717045623667146
0.95,39,0.004505576471079583
0.95,40,-0.006494897642568505
0.95,41,0.004455665595402513
0.95,42,-0.0012052441934420892
0.95,43,-0.010901886907322774
0.95,44,0.016714507666797374
0.95,45,0.006622331531962727
0.95,46,0.006936181098991013
0.95,47,-0.013567611984516094
0.95,48,0.00425292436101781
0.95,49,0.003645468367507094
0.95,50,0.0016009623764330191
0.95,51,-0.010172723753546343
0.95,52,0.0003221167701605032
0.95,53,-0.0075017244339505304
0.95,54,0.016058970000714302
0.95,55,-0.007338899784333114
0.95,56,-0.01188366846181572
0.95,57,0.005057839184174506
0.95,58,0.011995916906634319
0.95,59,-0.009354115436947596
0.95,60,0.02281727562792938
0.95,61,-0.01691011328452183
0.95,62,0.0039468143071413764
0.95,63,-0.007732254581913333
0.95,64,0.0003901596286826257
0.95,65,-0.012573974513015979
0.95,66,0.0177098496160168
0.95,67,0.004614973723919706
0.95,68,0.006852788642162661
0.95,69,0.0019359612925903484
0.95,70,-0.004057764332958645
0.95,71,0.008144921449646243
0.95,72,-0.005549887226189434
0.95,73,-0.03801096525366978
0.95,74,0.042663429660209855
0.95,75,-0.023139645065602545
0.95,76,0.0070301352339116555
0.95,77,-0.013899919395742557
0.95,78,0.02828556951224604
0.95,79,-0.015322245557398086
0.95,80,0.008222919822730176
0.95,81,-0.004501756520001294
0.95,82,-0.004891469578328585
0.95,83,-0.014290889968763648
0.95,84,-0.008514855170775047
0.95,85,0.005296792187210856
0.95,86,-0.029984248572950116
0.95,87,-0.023500194601455613
0.95,88,0.029169469721710015
0.95,89,-0.027327176153427245
0.95,90,-0.02134535989265076
0.95,91,-0.010543403893128186
0.95,92,0.037078930597225127
0.95,93,-0.029125458853632536
0.95,94,-0.02542717463999517
0.95,95,0.04228194880996959
0.95,96,-0.07718568668350405
0.95,97,0.20947773177558482
0.95,98,0.1266006177733927
0.95,99,0.09072262139678434
0.95,100,0.0273693023015423
0.95,101,0.023020501655095275
0.95,102,-0.01599642414590654
0.95,103,0.028980143626464644
0.95,104,-0.001063009975410421
0.95,105,-0.018531753910291767
0.95,106,0.005591114821638453
0.95,107,-0.01013573641945329
0.95,108,-0.008603797955456897
0.95,109,0.013669864604136233
0.95,110,0.005416299394181867
0.95,111,0.011256663413900475
0.95,112,-0.003708390269488482
0.95,113,0.002975429759036079
0.95,114,0.006049380553301936
0.95,115,-0.004395678253900648
0.95,116,-0.0015164619707716668
0.95,117,0.011635752151222348
0.95,118,0.015132158910828548
0.95,119,-0.026418153095209965
0.95,120,0.014496653009742184
0.95,121,0.00187255335622347
0.95,122,0.0052933897279703055
0.95,123,0.021293517501814834
0.95,124,0.008251694065103768
0.95,125,0.008364576445409413
0.95,126,0.02739851092327338
0.95,127,0.0069639675308304045
0.95,128,0.005008168822011618
0.95,129,0.003289491393210515
0.95,130,-0.0075772674731873196
0.95,131,-0.005622624809419375
0.95,132,0.008918851361213315
0.95,133,0.007055865965623146
0.95,134,-0.0017752493594467209
0.95,135,0.010991743384740476
0.95,136,-0.010559419557971954
0.95,137,0.015495131596189019
0.95,138,-0.001919955503831611
0.95,139,0.006488619334279592
0.95,140,0.007589351786138769
0.95,141,-0.01354018220720975
0.95,142,0.020634179941757876
0.95,143,0.010329433212257006
0.95,144,-0.0011613466915969262
0.95,145,0.001333129102974518
0.95,146,0.001978853144301198
0.95,147,0.004629135541186197
0.95,148,-0.0017747046495509762
0.95,149,-0.0014432175039753906
0.95,150,0.00999685697389461
0.95,151,-0.01443517207954243
0.95,152,0.004200746942430301
0.95,153,0.015243777904577021
0.95,154,-0.005653524071105212
0.95,155,-0.0074930939243534585
0.95,156,-0.0140158834799232
0.95,157,0.007421048514499435
0.95,158,-0.01333738600037059
0.95,159,0.005420485522644281
0.95,160,-0.016871621282729704
0.95,161,-0.009784788913149904
0.95,162,0.03573970123800384
0.95,163,-0.014788867178024802
0.95,164,0.00694660084241902
0.95,165,-0.012269997254941198
0.95,166,0.017872977585939646
0.95,167,0.0015046734929255149
0.95,168,-0.007108755250866643
0.95,169,0.03266058301654133
0.95,170,-0.019892061094867443
0.95,171,0.02725251996347714
0.95,172,-0.02927128939182113
0.95,173,0.028950188714467952
0.95,174,0.010582532723155055
0.95,175,-0.02750514582846695
0.95,176,0.020919142631446466
0.95,177,0.010802326734439413
0.95,178,-0.00021929630080906639
0.95,179,-0.01880239826817881
0.95,180,0.04179083171347602
0.95,181,-0.024995259097365826
0.95,182,0.09072618384256986
0.95,183,0.0015382671411018523
0.95,184,0.0135628967749701
0.95,185,0.07404206566544845
0.95,186,0.07619685565840809
0.95,187,0.0074733578349668655
0.95,188,-0.033411631229031215
0.95,189,0.12243137688798277
0.95,190,0.21755952545064483
0.95,191,-0.24132480166525191
0.95,192,1.037142168081922
0.95,193,0.3255245186968386
0.95,194,0.1945225444466802
0.95,195,-0.012712105793124682
0.95,196,-0.05307567444633932
0.95,197,-0.0016085414314694671
0.95,198,-0.00293225278662489
0.96,intercept,0.02748341702609578
0.96,1,0.07944540632675963
0.96,2,0.08148363772086298
0.96,3,-0.06991896025072207
0.96,4,0.00830429790833899
0.96,5,0.015861516137103127
0.96,6,0.016284522941747846
0.96,7,-0.0064517858043060036
0.96,8,0.024567127598623676
0.96,9,-0.01019135338760715
0.96,10,-0.0006546307265251732
0.96,11,-0.003056168395124098
0.96,12,-0.02399409286599608
0.96,13,-0.0023017330581947917
0.96,14,0.013064643549595719
0.96,15,0.030030361947133242
0.96,16,0.008410944375393893
0.96,17,0.013919250914825066
0.96,18,0.003473198061540899
0.96,19,0.0037135372942336442
0.96,20,-0.009986965966766155
0.96,21,0.011066251526564803
0.96,22,-0.028419263437673512
0.96,23,0.02471965764862448
0.96,24,-0.008292243420166913
0.96,25,-0.009666880946635552
0.96,26,0.0077618092267321545
0.96,27,-0.006346704951903312
0.96,28,-0.0018074476504335818
0.96,29,0.020987475727169396
0.96,30,0.01209779506506683
0.96,31,-0.007715245467533928
0.96,32,-0.01068807563261916
0.96,33,0.0015285050950106264
0.96,34,-0.0013003627627481392
0.96,35,-0.0008568660954547898
0.96,36,-0.010976467068232867
0.96,37,0.0032418988798849496
0.96,38,-0.00011720943366143553
0.96,39,0.0017748818066705594
0.96,40,-0.0024073983796045646
0.96,41,-0.00545482060190974
0.96,42,0.008300002024321223
0.96,43,-0.01371820869055821
0.96,44,0.010833227756757284
0.96,45,0.011949968788212275
0.96,46,0.009238224627919666
0.96,47,-0.013439084174323919
0.96,48,-0.0015306796025446633
0.96,49,0.010243360533702289
0.96,50,-0.0019989394366442615
0.96,51,-0.007801929651963055
0.96,52,-0.0060166269183962295
0.96,53,-0.004322406019302566
0.96,54,0.01956310395421273
0.96,55,-0.010428415263625198
0.96,56,-0.017575888318050608
0.96,57,0.02178487942645909
0.96,58,0.012843867632472854
0.96,59,-0.01864298290355908
0.96,60,0.03335315884095446
0.96,61,-0.017448894346755273
0.96,62,-0.0002616041161276155
0.96,63,-0.01140456582708131
0.96,64,-0.000543322424942832
0.96,65,-0.0217660592734179
0.96,66,0.03587691661944619
0.96,67,-0.0034671094958898534
0.96,68,0.014301959065317118
0.96,69,-0.001047851358369003
0.96,70,-0.010466183656036932
0.96,71,0.02411109981046902
0.96,72,-0.012872319641552539
0.96,73,-0.044717122184092115
0.96,74,0.04607052727938249
0.96,75,-0.031199497224179536
0.96,76,0.005008471168069961
0.96,77,-0.0040420009210252236
0.96,78,0.0033715596107356627
0.96,79,-0.013025833007233797
0.96,80,0.029378013388645107
0.96,81,-0.0048657077293831385
0.96,82,-0.008668095587668838
0.96,83,-0.0011786711276641965
0.96,84,-0.008153751885931234
0.96,85,-0.001652142812512701
0.96,86,-0.023466570912252915
0.96,87,-0.043159410963737745
0.96,88,0.035887349605467016
0.96,89,-0.00698327321773792
0.96,90,-0.022417442246195535
0.96,91,-0.03735154372403825
0.96,92,0.04008589282480425
0.96,93,-0.03449448670335619
0.96,94,-0.013488371097762684
0.96,95,0.04408713994683328
0.96,96,-0.07529568473968604
0.96,97,0.2146321364935652
0.96,98,0.10912128641402546
0.96,99,0.1185832488035886
0.96,100,0.009669555250284076
0.96,101,0.03178244056752039
0.96,102,-0.03509580534710199
0.96,103,0.029924620037512468
0.96,104,0.004632457064379601
0.96,105,-0.035210858259235985
0.96,106,0.020083371977657236
0.96,107,-0.014309546979174047
0.96,108,-0.01292818306821933
0.96,109,0.01687253607556078
0.96,110,0.018900754230772282
0.96,111,0.008555106939078745
0.96,112,-0.00024353864010964315
0.96,113,0.026487461716390864
0.96,114,-0.0035412936070451603
0.96,115,-0.01253135553964009
0.96,116,0.012472017399484605
0.96,117,0.005634732587608116
0.96,118,0.008157706912816396
0.96,119,-0.03768900678402053
0.96,120,0.03143747743632975
0.96,121,0.011284953008653016
0.96,122,-0.0027837997095446244
0.96,123,0.022105654004307106
0.96,124,0.007381862100012848
0.96,125,0.005119956166711736
0.96,126,0.02440089184747714
0.96,127,0.00562964110763451
0.96,128,0.005560861372486584
0.96,129,0.004906112552826923
0.96,130,-0.0138709356564397
0.96,131,-0.0018275795015609952
0.96,132,-0.0009689321694689157
0.96,133,0.016245864204353377
0.96,134,-0.010795354727955984
0.96,135,0.020244280288593958
0.96,136,-0.018990877003655694
0.96,137,0.018044546009315925
0.96,138,0.0022407530869827386
0.96,139,0.013422033896833998
0.96,140,0.016167326189637836
0.96,141,-0.023380531847178303
0.96,142,0.02254553690138465
0.96,143,0.05175495161117256
0.96,144,-0.010953724533272735
0.96,145,0.0070108927257929495
0.96,146,0.0005043783798549954
0.96,147,0.0011580648832407298
0.96,148,0.005479976493028084
0.96,149,-0.005717155963742163
0.96,150,0.017500135936260854
0.96,151,-0.01805772308350912
0.96,152,0.016173788755753864
0.96,153,0.018095455706771027
0.96,154,-0.005584038067547546
0.96,155,-0.011438860111826953
0.96,156,-0.00885416484699118
0.96,157,0.01015951947619953
0.96,158,-0.020243777562012698
0.96,159,0.008290952660763252
0.96,160,-0.02038941291714637
0.96,161,-0.008549516640552045
0.96,162,0.036915127813478665
0.96,163,-0.012310091762867474
0.96,164,-0.0016256341421907077
0.96,165,-0.011158333439307512
0.96,166,0.01969185983919391
0.96,167,-0.0008856848241454227
0.96,168,-0.01993646251034902
0.96,169,0.03798247576577765
0.96,170,-0.02555136081856422
0.96,171,0.027564334937998352
0.96,172,-0.029631090973366
0.96,173,0.04222149977074512
0.96,174,0.020346554195183553
0.96,175,-0.028569396310125433
0.96,176,0.041369763877049374
0.96,177,-0.008007974336121552
0.96,178,-0.001521670597392201
0.96,179,-0.027851391968629784
0.96,180,0.05183606139273005
0.96,181,-0.008314536202245329
0.96,182,0.08434437757490323
0.96,183,-0.010058802681952233
0.96,184,0.011010054007638277
0.96,185,0.08236465567455833
0.96,186,0.06337138864833192
0.96,187,0.019949509075438642
0.96,188,-0.03347548338383958
0.96,189,0.13735410247283825
0.96,190,0.2005296998988297
0.96,191,-0.26429820684242056
0.96,192,1.0452957508196221
0.96,193,0.32845388380698004
0.96,194,0.20766332461242643
0.96,195,-0.01834141743673119
0.96,196,-0.06379475704327614
0.96,197,-0.001993734578379397
0.96,198,-0.004617709937458879
0.97,intercept,0.047412318966029224
0.97,1,0.0615754074046925
0.97,2,0.09364333185056897
0.97,3,-0.07798926778660661
0.97,4,0.008020982449454366
0.97,5,0.0164373735343608
0.97,6,-0.0024097849490802054
0.97,7,-0.006755970263153754
0.97,8,0.059215330295468306
0.97,9,-0.018667627862420093
0.97,10,-0.014503203163570181
0.97,11,-0.006580600348018581
0.97,12,-0.01685538669149186
0.97,13,0.004551464932385871
0.97,14,-0.0019320273932814385
0.97,15,0.08576780368343219
0.97,16,0.0023868277470506807
0.97,17,0.00827201347234468
0.97,18,0.009790459714863657
0.97,19,-0.004715080458859651
0.97,20,-0.019280644718123855
0.97,21,0.022204955824459676
0.97,22,-0.04160395900258838
0.97,23,0.034017162972864244
0.97,24,-0.002184870157640608
0.97,25,-0.034543466664079814
0.97,26,-0.010237505620874455
0.97,27,0.00021380464331570564
0.97,28,-0.007620551356324523
0.97,29,0.030180503084397618
0.97,30,0.0043605057610024
0.97,31,3.1049916248313595e-6
0.97,32,-0.013878010613475543
0.97,33,0.006266739407075808
0.97,34,-0.006507113912821331
0.97,35,-0.000969620216404737
0.97,36,-0.017142341229025308
0.97,37,0.0015167623404581097
0.97,38,-0.010204936258799415
0.97,39,0.0028433856702503777
0.97,40,0.010942778345392626
0.97,41,-0.003287075207664325
0.97,42,0.009710945071850368
0.97,43,-0.010095674169678487
0.97,44,0.00647031622796054
0.97,45,0.04185130693795397
0.97,46,-0.0160136951242873
0.97,47,-0.0065894096835014855
0.97,48,-0.007221262173405171
0.97,49,0.0076536653122552
0.97,50,0.0048547994165341855
0.97,51,-0.018296016106665085
0.97,52,-0.007736558789735525
0.97,53,0.010531757531548813
0.97,54,0.03672951453579122
0.97,55,-0.01495717989628968
0.97,56,-0.03601258487033825
0.97,57,0.0471206362150752
0.97,58,0.001266932724402536
0.97,59,-0.024908683989308476
0.97,60,0.04439792580124804
0.97,61,-0.017583128096163757
0.97,62,-0.00820561203951895
0.97,63,-0.004869232631719592
0.97,64,-0.006241153218674403
0.97,65,-0.035882046797959505
0.97,66,0.04656028914008956
0.97,67,-0.011423059347180737
0.97,68,0.02990929082576043
0.97,69,0.002594673876844608
0.97,70,-0.0007342414592616151
0.97,71,0.010669583907322299
0.97,72,-0.012238772076791722
0.97,73,-0.06731349325127937
0.97,74,0.10871202971435294
0.97,75,-0.038405179329408394
0.97,76,-0.004252047359755054
0.97,77,-0.013107075679676112
0.97,78,-0.009008586714760817
0.97,79,0.004985784976376648
0.97,80,0.04198814577455174
0.97,81,-0.0006132177611238592
0.97,82,-0.003917177564181619
0.97,83,-0.009268242651501835
0.97,84,-0.01289147981405455
0.97,85,-0.036526574855248475
0.97,86,0.009392460816588961
0.97,87,-0.06877047415325582
0.97,88,0.018570323733626465
0.97,89,-0.0066922202394123645
0.97,90,-0.03278984275163958
0.97,91,-0.04146269755695156
0.97,92,0.02594499169403334
0.97,93,-0.04303498252741242
0.97,94,-0.0008179754040770568
0.97,95,0.06160788036735493
0.97,96,-0.09845064358429174
0.97,97,0.24119890004950797
0.97,98,0.13032457432392938
0.97,99,0.10782950126937234
0.97,100,0.034794227288606774
0.97,101,0.02305084895214282
0.97,102,-0.0031167153672183004
0.97,103,0.026941570493340075
0.97,104,-0.011013474651985052
0.97,105,-0.04518229888052354
0.97,106,0.019958317099880177
0.97,107,-0.03757885528969834
0.97,108,-0.018979152344372557
0.97,109,0.008916581323462926
0.97,110,0.05343647520189396
0.97,111,-0.00705052194732112
0.97,112,0.007988622959585629
0.97,113,0.03453731774376985
0.97,114,0.002694724962900749
0.97,115,-0.0035349646480905485
0.97,116,0.0019279139834854195
0.97,117,0.010827134978122065
0.97,118,-0.0048215934608619995
0.97,119,-0.009484615780718653
0.97,120,0.020261915651764176
0.97,121,-0.010623818450175434
0.97,122,0.017663675368821952
0.97,123,0.010879532335976933
0.97,124,0.02633341936180959
0.97,125,0.007912230871471769
0.97,126,0.04310005300921596
0.97,127,0.014423801170360169
0.97,128,0.015914104242490137
0.97,129,-0.005314178478952897
0.97,130,-0.023110886364115
0.97,131,0.011217273138830487
0.97,132,-0.011729396887984344
0.97,133,0.029157284903949254
0.97,134,-0.036056077539654466
0.97,135,0.05053696632217529
0.97,136,-0.030228664721941606
0.97,137,0.03452450707906382
0.97,138,-0.013226861114751317
0.97,139,0.01783835201786461
0.97,140,0.011185044536253026
0.97,141,-0.033044834616723806
0.97,142,0.06685595817679521
0.97,143,0.0355726189403764
0.97,144,-0.010436758936959525
0.97,145,0.0034572854605116657
0.97,146,-0.0009713873223257841
0.97,147,-0.0034481737641336367
0.97,148,0.03186039413949417
0.97,149,-0.004423038358295578
0.97,150,0.028726368879780917
0.97,151,-0.019612908319788375
0.97,152,0.011903440489302058
0.97,153,0.01665615847786466
0.97,154,0.0012753298151070816
0.97,155,-0.014985272799040696
0.97,156,-0.019408919308529993
0.97,157,0.01801583284250686
0.97,158,-0.0296094005349843
0.97,159,0.0022141151031141535
0.97,160,-0.028231675614456234
0.97,161,-0.003100408730728741
0.97,162,0.04165657099495214
0.97,163,-0.013349493892375356
0.97,164,-0.020963286635308137
0.97,165,-0.011740988889744656
0.97,166,0.03289758412720218
0.97,167,0.02336015766444404
0.97,168,-0.030662968732410305
0.97,169,0.03468527524158988
0.97,170,-0.03053113211203074
0.97,171,0.007813527349121122
0.97,172,-0.003951916967601566
0.97,173,0.032415184576330074
0.97,174,0.046012344958952796
0.97,175,-0.04318360466321614
0.97,176,0.037120491711159186
0.97,177,-0.00551837547135314
0.97,178,-0.0058733601181999275
0.97,179,-0.01141767481224391
0.97,180,0.0669712813456228
0.97,181,-0.02980913669586067
0.97,182,0.1181724908545344
0.97,183,-0.013828569305432834
0.97,184,0.011648756974312913
0.97,185,0.07247202071009001
0.97,186,0.055759044901196285
0.97,187,0.013959398001201995
0.97,188,-0.03936458907206192
0.97,189,0.1485636041117214
0.97,190,0.19296300692098964
0.97,191,-0.2702697612149941
0.97,192,1.0631136400584964
0.97,193,0.3214034722441463
0.97,194,0.18388895559004645
0.97,195,-0.024779844987519582
0.97,196,-0.07597179811372917
0.97,197,-0.0001468973635579615
0.97,198,-0.006292507929427801
0.98,intercept,0.07414265619828339
0.98,1,0.0804944353924358
0.98,2,0.10475456026179021
0.98,3,-0.11886508231470261
0.98,4,0.03836039797999904
0.98,5,0.02713503293271802
0.98,6,-0.027084700507483715
0.98,7,-0.027986321205630733
0.98,8,0.046696115852373744
0.98,9,-0.016627650330479405
0.98,10,0.007497962386002936
0.98,11,-0.02981176055673421
0.98,12,-0.04853571034208153
0.98,13,0.048127750307133836
0.98,14,-0.021878537999036374
0.98,15,0.11990237713605244
0.98,16,-0.002907175060899068
0.98,17,0.025788578579241772
0.98,18,-0.012586897287510746
0.98,19,0.003050340321791216
0.98,20,-0.043529221869414575
0.98,21,0.013086160172694507
0.98,22,-0.026328473043032943
0.98,23,0.007341680606838176
0.98,24,0.0152281456634066
0.98,25,-0.06822347790844988
0.98,26,0.030976152534080047
0.98,27,0.0081185170655436
0.98,28,-0.018714779326615867
0.98,29,0.02626744014654673
0.98,30,-0.003150087476878973
0.98,31,0.019289385020106672
0.98,32,-0.013397196758546613
0.98,33,0.003003662243491667
0.98,34,-0.01210678823460587
0.98,35,0.0025301113405833443
0.98,36,-0.01848597039646465
0.98,37,-0.0009189457510243688
0.98,38,-0.01823203770805065
0.98,39,-0.0037449369245197736
0.98,40,0.03171248263823339
0.98,41,-0.01932272756614648
0.98,42,0.024593889594825856
0.98,43,-0.0244445874904951
0.98,44,-0.008284142276607457
0.98,45,0.08003248807595428
0.98,46,-0.018776901081696745
0.98,47,0.0062240561121947886
0.98,48,-0.021406301733035638
0.98,49,0.006303205846349171
0.98,50,0.013407184888931941
0.98,51,-0.011684611744617863
0.98,52,0.0009919517443442067
0.98,53,-0.0033446198267680525
0.98,54,0.02308354167905213
0.98,55,0.003740711221959983
0.98,56,-0.046578915081263036
0.98,57,0.036738990449619334
0.98,58,-0.009268794486226901
0.98,59,-0.02734124991323208
0.98,60,0.08401776541853118
0.98,61,-0.032711364859661085
0.98,62,0.003529017068189923
0.98,63,-0.012802654339448624
0.98,64,-0.012202422578700953
0.98,65,-0.020799567639774447
0.98,66,0.04730265712386864
0.98,67,-0.03180487525307822
0.98,68,0.045576087164008426
0.98,69,-0.012080249747149708
0.98,70,0.020329495819976055
0.98,71,-0.02522959486122645
0.98,72,-0.012018780970440185
0.98,73,-0.08342889350944807
0.98,74,0.13146532905405642
0.98,75,-0.04145631403232118
0.98,76,-0.00257367201126038
0.98,77,-0.02368859117259148
0.98,78,0.006351163289759184
0.98,79,0.03065796562486199
0.98,80,0.04410536964205977
0.98,81,0.004098389152337149
0.98,82,-0.01330912069827763
0.98,83,-0.002705532378568144
0.98,84,-0.03432527848186118
0.98,85,-0.07820215721004908
0.98,86,0.05743581568431573
0.98,87,-0.08663863505117897
0.98,88,0.02264030515065434
0.98,89,0.009788075185452256
0.98,90,-0.05420019907261981
0.98,91,-0.02735194243445885
0.98,92,0.006836559265587113
0.98,93,-0.03584648988834692
0.98,94,0.043863423687444225
0.98,95,0.03500265795497971
0.98,96,-0.11905096847642253
0.98,97,0.23714076834425657
0.98,98,0.11040918312310713
0.98,99,0.1496831349506565
0.98,100,0.01715834147368536
0.98,101,0.003306640615769459
0.98,102,0.02313382278445626
0.98,103,0.03528213153078367
0.98,104,0.0018068189803114696
0.98,105,-0.047231164407883316
0.98,106,-0.026430698633303034
0.98,107,-0.05716966751089123
0.98,108,-0.003962916207854285
0.98,109,-0.01502754792410241
0.98,110,0.09975174709017058
0.98,111,-0.03785756299496508
0.98,112,-0.007680086630283986
0.98,113,0.0750264525239472
0.98,114,-0.007266566666322266
0.98,115,0.005607216706215513
0.98,116,0.006012844920013469
0.98,117,0.017458234905769657
0.98,118,0.004854220967387989
0.98,119,-0.020826331803711018
0.98,120,0.008425713855632658
0.98,121,-0.0033490542701956256
0.98,122,0.03734711271636573
0.98,123,-0.014186616445674288
0.98,124,0.03857614619314386
0.98,125,0.027809207927629268
0.98,126,0.027161763196698427
0.98,127,0.015814467185208195
0.98,128,0.004758889664118697
0.98,129,0.0017310143070685422
0.98,130,-0.008517391853365247
0.98,131,-0.006314229362737474
0.98,132,-0.01917238570488709
0.98,133,0.026359768917574335
0.98,134,-0.05586175590276962
0.98,135,0.08294837998932571
0.98,136,-0.04186249659410058
0.98,137,0.029983268243968644
0.98,138,-0.01229535197848267
0.98,139,0.02470813267637296
0.98,140,0.009997437903131488
0.98,141,-0.02763348657081944
0.98,142,0.09139448130368938
0.98,143,0.04136188919826515
0.98,144,0.031827955399027316
0.98,145,-0.0066113116851545745
0.98,146,-0.009561971801257493
0.98,147,-0.008911245230662852
0.98,148,0.04440987217832393
0.98,149,0.012286274250196757
0.98,150,0.035650441330599726
0.98,151,-0.029639045671851626
0.98,152,0.032944178871288435
0.98,153,0.038927853269210916
0.98,154,-0.034134143135069635
0.98,155,-0.015997283081904515
0.98,156,-0.03142303165423414
0.98,157,0.028809580479472525
0.98,158,-0.03368611410469775
0.98,159,0.04178740377558959
0.98,160,-0.04124961846000067
0.98,161,0.006101258456370599
0.98,162,0.031335495122888316
0.98,163,-0.021055332398274056
0.98,164,-0.03491787638841261
0.98,165,0.0011502564777801313
0.98,166,0.024633819393727694
0.98,167,0.022996242427411048
0.98,168,-0.027930309147169558
0.98,169,0.032684428153959076
0.98,170,-0.057972931165206555
0.98,171,0.0009658985324767894
0.98,172,-0.015586516454472964
0.98,173,0.003935247511535921
0.98,174,0.07841632807872771
0.98,175,-0.005076939500863756
0.98,176,0.03020499598765446
0.98,177,0.02484454675039345
0.98,178,-0.02815120556901752
0.98,179,-0.04637692602348652
0.98,180,0.10070763897375408
0.98,181,-0.02840378916910683
0.98,182,0.140618187825842
0.98,183,-0.019821581898927035
0.98,184,0.028655800822165234
0.98,185,0.061298506581988065
0.98,186,0.06308057286895913
0.98,187,0.02200948134164138
0.98,188,-0.04347696011039875
0.98,189,0.125007983626735
0.98,190,0.2384509731260458
0.98,191,-0.31672764201160053
0.98,192,1.1188385755561805
0.98,193,0.3348894781889106
0.98,194,0.20668070106261688
0.98,195,-0.03066636815140817
0.98,196,-0.09189435137645856
0.98,197,-0.0019355888192081616
0.98,198,-0.011041044602770646
0.99,intercept,0.14752843249757552
0.99,1,0.10729175515613362
0.99,2,0.03871771645616753
0.99,3,-0.128853294888432
0.99,4,0.07062718728335868
0.99,5,0.02121433889493979
0.99,6,-0.07053131624228455
0.99,7,-0.0365507129813396
0.99,8,-0.0705848582982887
0.99,9,0.09059362420522585
0.99,10,0.04522266068165144
0.99,11,-0.08115684479982026
0.99,12,-0.03678283352054932
0.99,13,0.06105718548705109
0.99,14,-0.04612036659455574
0.99,15,0.22425333810200754
0.99,16,-0.035518726396148975
0.99,17,0.006040399674613362
0.99,18,0.0020286171184886927
0.99,19,-0.02182818624255649
0.99,20,-0.033389764782903744
0.99,21,-0.023028288020498205
0.99,22,-0.0348156809473095
0.99,23,0.008810288969768652
0.99,24,-0.0065705864654207555
0.99,25,-0.08213762749739367
0.99,26,0.06695109119573946
0.99,27,-0.02644992929166438
0.99,28,-0.034340787982672226
0.99,29,0.0010882358807067865
0.99,30,0.018507198422833427
0.99,31,-0.028533572049688958
0.99,32,0.02442010264608832
0.99,33,-0.03965350893602162
0.99,34,0.02230324373312215
0.99,35,0.01652111922629967
0.99,36,-0.0078845198361746
0.99,37,-0.02959052417595678
0.99,38,-0.004850222934856754
0.99,39,-0.010038978083696689
0.99,40,0.03313524690303731
0.99,41,-0.05736172451557509
0.99,42,0.04398826734662674
0.99,43,-0.04554855018274542
0.99,44,0.01028573841090293
0.99,45,0.05823625355700757
0.99,46,0.000956776929598143
0.99,47,-0.011544685158490138
0.99,48,-0.030312619763718258
0.99,49,-0.009264680639990109
0.99,50,-0.018815009720621948
0.99,51,0.05280902705430294
0.99,52,-0.0323374360704546
0.99,53,0.03321281938281055
0.99,54,-0.016772221194230812
0.99,55,0.02402185640730512
0.99,56,-0.03751512570526902
0.99,57,0.03285679757623619
0.99,58,0.028208431160098274
0.99,59,-0.06121882058645579
0.99,60,0.10097410341534399
0.99,61,-0.08403100559558305
0.99,62,0.004257453428734552
0.99,63,-0.00919865716708666
0.99,64,-0.011005871138379263
0.99,65,-0.06735822821172721
0.99,66,0.10491034796575899
0.99,67,-0.012752976162553088
0.99,68,0.019311559408069064
0.99,69,0.03755310280279485
0.99,70,0.005206188390929456
0.99,71,0.006823523269796352
0.99,72,-0.06173695206297204
0.99,73,-0.06448049936866579
0.99,74,0.1321095040042441
0.99,75,-0.03677793332380209
0.99,76,-0.026106114216371233
0.99,77,-0.02107314687588701
0.99,78,-0.011635947393270143
0.99,79,-0.0035033719845886904
0.99,80,0.055385330246332895
0.99,81,0.013440475099887385
0.99,82,-0.023096291274872813
0.99,83,0.024531744209533517
0.99,84,-0.07817519734193377
0.99,85,-0.04995626588728631
0.99,86,0.08925882650754713
0.99,87,-0.09789657050344001
0.99,88,-0.042547006443705744
0.99,89,0.13245008099349706
0.99,90,-0.18278297637597005
0.99,91,0.013155591181108369
0.99,92,0.01346551404902392
0.99,93,-0.014855523770745487
0.99,94,0.029250686670769705
0.99,95,0.003775610270174119
0.99,96,-0.14040914601892077
0.99,97,0.2613511747386735
0.99,98,0.07302701950616212
0.99,99,0.19099758205218326
0.99,100,-0.043328041214270675
0.99,101,0.06546905051358295
0.99,102,-0.02491953243911263
0.99,103,0.17535587111654752
0.99,104,0.026913577357386337
0.99,105,-0.12630755615519673
0.99,106,0.04955633978305376
0.99,107,-0.05265151812972072
0.99,108,-0.07760089609381832
0.99,109,0.04354082025288149
0.99,110,0.08252087539800344
0.99,111,-0.06241935462538878
0.99,112,-0.0590157990789264
0.99,113,0.08721768631409473
0.99,114,-0.014227060598773277
0.99,115,0.004531942149960734
0.99,116,-0.02266897010709677
0.99,117,0.08420113959726427
0.99,118,-0.01984304504538837
0.99,119,-0.019438459089612226
0.99,120,-0.025819597331823877
0.99,121,0.002105295985507831
0.99,122,0.055346459699157635
0.99,123,-0.04975051147133387
0.99,124,0.09069797924327158
0.99,125,-0.0009680514292962545
0.99,126,0.07290763167919331
0.99,127,-0.021594844821914476
0.99,128,0.021061146076760906
0.99,129,0.019997382589287637
0.99,130,-0.03871387978226978
0.99,131,0.026999969568280328
0.99,132,-0.03461661024450989
0.99,133,0.018899354606320314
0.99,134,-0.07097850450386387
0.99,135,0.03917187414188121
0.99,136,-0.008654746611885658
0.99,137,0.04575519207696357
0.99,138,-0.03692144140885053
0.99,139,0.04576272044874217
0.99,140,0.017036346667343036
0.99,141,-0.0009204333286572944
0.99,142,0.13349436776242202
0.99,143,-0.005278646991171944
0.99,144,0.1015038055083755
0.99,145,-0.0555202010904918
0.99,146,-1.8995797036453048e-6
0.99,147,-0.047001238602632105
0.99,148,0.12439496908487234
0.99,149,-0.03457167110121771
0.99,150,0.025718826628775757
0.99,151,-0.023501826594241517
0.99,152,0.027265944108577998
0.99,153,0.14443540925854068
0.99,154,-0.052175807303709416
0.99,155,0.09359013148985694
0.99,156,-0.08094483494309895
0.99,157,0.06019526208831934
0.99,158,-0.030572975600612427
0.99,159,0.07610233071122542
0.99,160,-0.010820799273707004
0.99,161,-0.03858369721928631
0.99,162,0.047076556782924245
0.99,163,-0.03729887217511307
0.99,164,-0.0642324431306749
0.99,165,-0.007346562994470161
0.99,166,0.00034987490887495643
0.99,167,0.020671530752122316
0.99,168,-0.015426420479802205
0.99,169,0.012678244650635672
0.99,170,-0.07138250329016677
0.99,171,-0.004240063330364648
0.99,172,0.02359646926409916
0.99,173,0.047432431743582186
0.99,174,0.013490259816029193
0.99,175,0.08228585274486533
0.99,176,-0.06260154610695964
0.99,177,0.058752928870386266
0.99,178,-0.00972491552903118
0.99,179,-0.0968247130728458
0.99,180,0.02047814159455251
0.99,181,0.04483779638609434
0.99,182,0.3448955681376906
0.99,183,-0.1296451028073085
0.99,184,0.12342996331539603
0.99,185,0.056678066771243055
0.99,186,0.14366986168782658
0.99,187,-0.0362278872857085
0.99,188,-0.00305744351751604
0.99,189,0.18777831433821074
0.99,190,0.18364288988573896
0.99,191,-0.313657067320618
0.99,192,1.084253570578557
0.99,193,0.2834793478144285
0.99,194,0.12696982675391724
0.99,195,-0.031029808577377787
0.99,196,-0.12414845125320262
0.99,197,-0.005535864352245656
0.99,198,-0.01827693618076631
