VarA,VarB,Value
0.01,intercept,0.021430537184209616
0.01,1,0.005080327094745461
0.01,2,-0.0035954498870379276
0.01,3,0.0009748327945107779
0.01,4,0.001661676666228775
0.01,5,-0.0007370851538180616
0.01,6,0.002281494800644719
0.01,7,-0.002004590199664771
0.01,8,0.005277289699699754
0.01,9,-0.0018420431870672766
0.01,10,0.004808386560803859
0.01,11,-0.002698589529847939
0.01,12,-0.0014959234426428075
0.01,13,-4.8441419926208985e-5
0.01,14,0.002006182077639216
0.01,15,-0.005073560783222994
0.01,16,0.001278372790748903
0.01,17,-0.0040200672471023295
0.01,18,0.0003484553405298808
0.01,19,-0.0001618498068502443
0.01,20,3.8938446119857865e-5
0.01,21,-0.0002969985654595376
0.01,22,-0.001808259305254585
0.01,23,0.0017367609779363282
0.01,24,-0.0019213850559131735
0.01,25,7.004908172966395e-5
0.01,26,-0.0021073227330649963
0.01,27,0.002697144708853661
0.01,28,0.0013152537237315562
0.01,29,0.002549231516110648
0.01,30,-0.0010265742813243958
0.01,31,0.00013385691904094427
0.01,32,-0.000768574056791367
0.01,33,-0.0013131223113923614
0.01,34,-0.0012198450150657702
0.01,35,0.00013690399833869168
0.01,36,0.0012063479817994152
0.01,37,-0.0003061790170411435
0.01,38,-0.002579588318366727
0.01,39,-0.0008129665084019907
0.01,40,7.754040627920919e-5
0.01,41,0.0009218661620921209
0.01,42,-0.0013291315044002862
0.01,43,0.0025592721201505597
0.01,44,-0.0017832287571816984
0.01,45,0.0005542213735406336
0.01,46,0.0008932510348854874
0.01,47,-0.0015517935970818188
0.01,48,0.0011125549916405873
0.01,49,-0.0003997822312669964
0.01,50,-0.0018072269002169024
0.01,51,-0.00016121725290007053
0.01,52,0.00164489667798659
0.01,53,-0.0002553218699068908
0.01,54,-0.0007489636422267873
0.01,55,0.002002980776464521
0.01,56,0.002863181586937916
0.01,57,-0.0032780055652744237
0.01,58,0.002334046928530413
0.01,59,-0.002423127368053286
0.01,60,0.006091508143893554
0.01,61,0.0019087091829075667
0.01,62,-0.0006886025559216644
0.01,63,-0.0005680100522803836
0.01,64,-0.0030802870559025848
0.01,65,-0.00015861091249428532
0.01,66,0.00012244279887967352
0.01,67,0.0025493988296804025
0.01,68,0.00020587192932239272
0.01,69,0.001481574289997179
0.01,70,0.0010167472767014165
0.01,71,-0.0029729745200652554
0.01,72,-0.0023416840374327706
0.01,73,0.0026276525075972198
0.01,74,-0.00021592155721722513
0.01,75,0.0029689949265147325
0.01,76,0.0015849601574942414
0.01,77,-0.0006263539364948879
0.01,78,0.0005000789362957027
0.01,79,-0.0022551496086243147
0.01,80,-0.0007890983675030298
0.01,81,-0.0011853754612678722
0.01,82,-0.004377591229943559
0.01,83,-0.002724626302271951
0.01,84,0.0059660401685524885
0.01,85,0.0021409901450473814
0.01,86,0.00043745967736895304
0.01,87,0.004297260423885044
0.01,88,-0.004304099419091514
0.01,89,0.00016191276573995262
0.01,90,0.0026970010170332733
0.01,91,-0.0017513731186417462
0.01,92,0.003072368595861025
0.01,93,0.0016050013977338025
0.01,94,0.0006910782772381588
0.01,95,-0.0001316552278030362
0.01,96,0.0009165589777700397
0.01,97,-0.0012262751479540856
0.01,98,0.003560468270742905
0.01,99,-0.00536179692127746
0.01,100,0.004300911626202423
0.01,101,-0.00013219811858376015
0.01,102,0.0036883268835736275
0.01,103,-0.0015849928283002282
0.01,104,0.0038566940793159296
0.01,105,-0.0019621819385901022
0.01,106,0.0009911240287989757
0.01,107,0.0024414164680329076
0.01,108,1.6160964500829794e-5
0.01,109,0.0007140430453010855
0.01,110,0.0016545665146390743
0.01,111,-0.002317109640760766
0.01,112,0.001917933119095698
0.01,113,-0.0011110332496899074
0.01,114,0.0018883954985168152
0.01,115,-0.0005810178375460903
0.01,116,0.00041028869098146234
0.01,117,-0.0013055620423559006
0.01,118,0.0006822728141737074
0.01,119,-0.004228811477902507
0.01,120,0.002458044809868222
0.01,121,0.0010457064959843957
0.01,122,-0.0012001166706798023
0.01,123,0.0035640656331167708
0.01,124,-0.002024491206886534
0.01,125,0.0005263549622632302
0.01,126,-0.0019179884731757967
0.01,127,0.0034684890546695223
0.01,128,-0.0020971694654361153
0.01,129,-0.001668270856747065
0.01,130,-0.00206823108788698
0.01,131,-0.0009229201651408209
0.01,132,-0.0033433580076674555
0.01,133,0.0008774196045347255
0.01,134,-0.0004210806683620728
0.01,135,0.0011840818832032566
0.01,136,-0.001954886681527074
0.01,137,0.0019986816734428375
0.01,138,-0.0024481058054789994
0.01,139,-0.00033279116787389006
0.01,140,-0.00018749054068837004
0.01,141,-0.0004559720884127494
0.01,142,-0.0011146218815361133
0.01,143,0.00549565323481521
0.01,144,-0.003094258808498745
0.01,145,0.0020488929890444436
0.01,146,-0.0003426723323099892
0.01,147,-0.0014796895945537955
0.01,148,-0.0019070719561958696
0.01,149,-0.001512212200402443
0.01,150,0.0017670022025774283
0.01,151,-0.0004531071570832749
0.01,152,-0.0010052006380513875
0.01,153,0.0030449595219515383
0.01,154,0.00412559127801803
0.01,155,-0.00040101831670996197
0.01,156,-0.0006808752013491665
0.01,157,0.0030067148401374875
0.01,158,0.003289662817106473
0.01,159,-0.00027010730581222115
0.01,160,9.692985238175495e-5
0.01,161,0.001828704231349271
0.01,162,-0.0014348296088401654
0.01,163,0.003973539595710828
0.01,164,-0.0015386442087048278
0.01,165,0.004125736022741285
0.01,166,-0.0016462885020422336
0.01,167,-0.001919662365339386
0.01,168,-0.003981445003204814
0.01,169,0.0036579431547116344
0.01,170,0.0010411789565954797
0.01,171,0.0007677961313839427
0.01,172,-0.0031686802484552335
0.01,173,0.004779488647787755
0.01,174,-0.00029053404318325174
0.01,175,-0.0010582147583199366
0.01,176,0.0018112681484041709
0.01,177,0.001164357766693623
0.01,178,0.005122657646820259
0.01,179,0.0077242728343317356
0.01,180,-0.001080765113402498
0.01,181,-0.0022263008566983295
0.01,182,-0.004526072623531054
0.01,183,0.0008232280915903194
0.01,184,0.001205526813675692
0.01,185,-0.003666998564803575
0.01,186,-0.0034420921327355703
0.01,187,0.007829347100506336
0.01,188,0.0066403088270968295
0.01,189,-0.0048169916482325055
0.01,190,0.013992153919409884
0.01,191,0.0061769601100555935
0.01,192,0.059826445338088285
0.01,193,0.003113794739460661
0.01,194,0.000721896573660579
0.01,195,9.044269153944325e-5
0.01,196,0.00018551148441536472
0.01,197,0.0013705672482791705
0.01,198,0.0015846650598568268
0.02,intercept,0.022360495083532737
0.02,1,0.00687358122506948
0.02,2,-0.0012730991661813104
0.02,3,0.0013335709341316798
0.02,4,-0.0007171477659074683
0.02,5,0.0009951221633796963
0.02,6,0.002531610456430144
0.02,7,-0.0018342013877264654
0.02,8,0.00485788926954789
0.02,9,-0.0009697191849393607
0.02,10,0.0030686516259235143
0.02,11,-0.0014870948165261778
0.02,12,-0.002710569673056295
0.02,13,-0.0009189347033027705
0.02,14,-0.0009659114547765094
0.02,15,0.0005609835220417047
0.02,16,-0.0014310097714087878
0.02,17,-0.0019504468908828109
0.02,18,-0.0018499535907839644
0.02,19,0.0003985018735301175
0.02,20,0.001147130070274125
0.02,21,-0.001417301137430718
0.02,22,-0.0019248002887412108
0.02,23,0.0024557249896110696
0.02,24,-0.0020538702814085364
0.02,25,0.0008191495390863579
0.02,26,-0.0020162825268843078
0.02,27,0.002425202936559343
0.02,28,-0.00041544866074999287
0.02,29,0.002334660162303046
0.02,30,-0.0007034427000669814
0.02,31,0.0015016466251387098
0.02,32,-0.0016610379458839547
0.02,33,-0.0025767925194934605
0.02,34,-0.0015843032447807627
0.02,35,-0.002000310923261567
0.02,36,0.0019312473946036573
0.02,37,-0.0026175139836974093
0.02,38,-0.002406937275917594
0.02,39,-0.002284430847322065
0.02,40,0.0010292152641964386
0.02,41,0.0031576643673718813
0.02,42,-0.0017597279997344213
0.02,43,0.0035474708158358416
0.02,44,-0.0027081292067266676
0.02,45,-0.0007652449236482005
0.02,46,0.0006162320282017628
0.02,47,0.0003944926300405863
0.02,48,0.0001640114430834189
0.02,49,0.0006528632686210245
0.02,50,-0.00015174593803331368
0.02,51,0.00034268635167629483
0.02,52,0.0012260854794764163
0.02,53,-0.0002541049598777586
0.02,54,-0.001614423942903379
0.02,55,6.372142466635294e-5
0.02,56,0.0015880174746304974
0.02,57,-0.0006825694332940045
0.02,58,0.0025126488217009696
0.02,59,0.0005732489219839785
0.02,60,0.0026400426092509028
0.02,61,0.0032003465175484743
0.02,62,-0.0009544846248568305
0.02,63,-0.0025452753359305373
0.02,64,-0.002149362834348769
0.02,65,-0.001200655047832243
0.02,66,-0.0005734543264707105
0.02,67,0.0014737532290854073
0.02,68,0.004653489076344082
0.02,69,0.0004166953319604714
0.02,70,-1.0086127302250516e-5
0.02,71,-0.003144248910241213
0.02,72,-0.0015876655034480292
0.02,73,0.0036014115961239455
0.02,74,0.002803139210132135
0.02,75,0.003077990785296683
0.02,76,-0.003537480584241024
0.02,77,-0.001124910861854752
0.02,78,0.0030612009009271276
0.02,79,-0.0010961319132357298
0.02,80,0.00023339496236090917
0.02,81,-0.002763414276454719
0.02,82,-0.00295998190737448
0.02,83,-0.004919844944520408
0.02,84,0.008885495437293355
0.02,85,-0.0012919996592017828
0.02,86,0.0010691489919616127
0.02,87,0.0024996586589255193
0.02,88,-0.005558538340574246
0.02,89,0.0021377975352042523
0.02,90,0.0020885452677198105
0.02,91,0.0023279914780832875
0.02,92,-0.00165186868153984
0.02,93,0.00555771913332591
0.02,94,-0.0005220683303962899
0.02,95,-0.0022419863196142067
0.02,96,0.005980644768883255
0.02,97,-0.001429553323565167
0.02,98,0.005854653685658238
0.02,99,-0.004956836251291693
0.02,100,0.009435493832522282
0.02,101,-0.00045175602590286713
0.02,102,0.002846978567288792
0.02,103,0.0023199243962111612
0.02,104,0.0007419112858199277
0.02,105,0.0028252392951458177
0.02,106,-0.001711175369931268
0.02,107,-0.002018506541411557
0.02,108,0.0020888418333365687
0.02,109,-0.0013842695578128443
0.02,110,0.0006186082998873583
0.02,111,-1.1410203345747075e-5
0.02,112,-0.0007331484351013668
0.02,113,0.0007901823502811094
0.02,114,0.0014666727887024465
0.02,115,-0.0005256398115969212
0.02,116,0.0015640260457208113
0.02,117,-0.0026863183359155094
0.02,118,-0.0018649225740501362
0.02,119,-0.005280019490456208
0.02,120,0.0031510160318580925
0.02,121,-0.0008569977408016767
0.02,122,0.0014916898293146567
0.02,123,0.0025041191288199638
0.02,124,-0.0025809328031261534
0.02,125,0.00394458522067362
0.02,126,-0.0010391949572563554
0.02,127,0.002282637645539246
0.02,128,-0.0013647611495329393
0.02,129,-0.004289410629912077
0.02,130,-0.0030327835956958653
0.02,131,-0.0021794667477512616
0.02,132,-0.0005613661812960322
0.02,133,-0.0013155905006758239
0.02,134,0.00038932101603743764
0.02,135,0.000684407791426679
0.02,136,-0.00121048231954919
0.02,137,-0.0010262387642511574
0.02,138,0.0016309254578894896
0.02,139,-0.003975953105940145
0.02,140,-0.00041285821229481676
0.02,141,-0.0005980329730150986
0.02,142,-0.00032488168193144426
0.02,143,0.0024119269125160406
0.02,144,-0.0008013532862055727
0.02,145,0.0008788893396918485
0.02,146,-0.0014902849210486585
0.02,147,-0.00082524584169115
0.02,148,-0.0036741220791747515
0.02,149,-0.00013698338606919118
0.02,150,0.0005355963310975867
0.02,151,0.0006680193559758737
0.02,152,0.0005794204933136547
0.02,153,0.0014220792189985785
0.02,154,0.005521843586279739
0.02,155,-0.0013763141596837716
0.02,156,0.0034926579445653857
0.02,157,0.002223815795347384
0.02,158,0.002970941176762594
0.02,159,0.005064884334918957
0.02,160,-0.0011736640754975091
0.02,161,0.006543192415017201
0.02,162,-0.006185203168508156
0.02,163,0.0035226580166766875
0.02,164,3.779588285408057e-5
0.02,165,0.0020966107558794745
0.02,166,-0.0041418442477916696
0.02,167,-0.002238757961128309
0.02,168,-0.0035525093653764983
0.02,169,-0.0004010093553358036
0.02,170,0.000692937548129034
0.02,171,-0.0027537566995208705
0.02,172,-0.0005302997979792415
0.02,173,0.005645851607424189
0.02,174,-0.0026178119078487283
0.02,175,0.001125477046292818
0.02,176,0.0031827595231817313
0.02,177,0.0015702263943980167
0.02,178,0.00885924168693854
0.02,179,0.004512866752479359
0.02,180,0.0013219512727686111
0.02,181,-0.005925198068970218
0.02,182,-0.0036890280432611534
0.02,183,0.0013711959345466692
0.02,184,-0.0007633409685456101
0.02,185,0.004194109398505456
0.02,186,-0.0017402110342373503
0.02,187,0.009327744177624085
0.02,188,0.005179445763824764
0.02,189,-0.006324712727617841
0.02,190,0.018585597628972248
0.02,191,0.003431694353929029
0.02,192,0.07540854806313227
0.02,193,0.002553823945206827
0.02,194,0.002035678601781264
0.02,195,0.0004141618682093715
0.02,196,0.0007750116535511643
0.02,197,0.002702478966053018
0.02,198,0.0031515669827899898
0.03,intercept,0.0228510837143998
0.03,1,0.00213154489843284
0.03,2,0.0016916030309061044
0.03,3,-0.0020730382971546773
0.03,4,0.0017206105830676562
0.03,5,0.00032905960058852713
0.03,6,0.0027928418879058334
0.03,7,0.001231960825908106
0.03,8,0.0025498130105726393
0.03,9,-0.0006776545185440699
0.03,10,0.0010034702239913556
0.03,11,0.002800987499012287
0.03,12,-0.00348599171078411
0.03,13,0.0006890115823676692
0.03,14,0.0005297485204637625
0.03,15,0.00047660233977548424
0.03,16,-0.0003590571295608498
0.03,17,-0.0021540922636280623
0.03,18,-0.001200961201958392
0.03,19,-0.0001279661329331118
0.03,20,0.00026923540080495785
0.03,21,-0.0006589609506575687
0.03,22,-0.0027065298959658528
0.03,23,0.001703422185918015
0.03,24,-0.0021774941795734415
0.03,25,0.0022677818359397484
0.03,26,-0.002722144482687675
0.03,27,0.0011924859604688272
0.03,28,0.0013320949469663476
0.03,29,0.0018588454996708097
0.03,30,-0.0006031296057783711
0.03,31,-0.00029282532504605347
0.03,32,4.0187169910075775e-5
0.03,33,-0.003547401348662159
0.03,34,-0.002759677936308712
0.03,35,-0.003166481757502049
0.03,36,0.0007552995808388649
0.03,37,-0.0005537269716410357
0.03,38,-0.0032949481144678196
0.03,39,0.00019410352013275834
0.03,40,-0.001407391186079204
0.03,41,0.003416290500332532
0.03,42,-0.0010249830213060296
0.03,43,0.002307677434942472
0.03,44,-0.0024138539778122384
0.03,45,0.0001551563072734274
0.03,46,0.0004903561673702182
0.03,47,-0.0008087784919680327
0.03,48,0.0004965497253111522
0.03,49,0.0009351847376075575
0.03,50,0.0002963596579153042
0.03,51,0.0007202249247929592
0.03,52,-1.4448680234974998e-5
0.03,53,-0.0007830852162684881
0.03,54,-0.001882155569135806
0.03,55,0.003162675268022053
0.03,56,-0.0012450288516325763
0.03,57,-0.0006544184534007562
0.03,58,-1.5593378695493178e-5
0.03,59,0.0029915713409965007
0.03,60,0.0023423023959189336
0.03,61,0.0022059002981136278
0.03,62,-0.0016949869005777696
0.03,63,-0.0005728646471847677
0.03,64,-0.002166756200163777
0.03,65,0.00021737024788155967
0.03,66,-0.0025629028205581255
0.03,67,0.003012779494960655
0.03,68,0.0027009576664018793
0.03,69,0.0007054917260436765
0.03,70,-0.0005879648915399681
0.03,71,0.0014773074340757495
0.03,72,-0.0008362781678952788
0.03,73,0.002757025829150343
0.03,74,0.002272859059788723
0.03,75,0.0011419137520857167
0.03,76,-0.0025778494445137324
0.03,77,0.0011036411878306775
0.03,78,0.0018012656109002905
0.03,79,-0.004321740916112841
0.03,80,0.0036231938331108523
0.03,81,-0.005501234953767337
0.03,82,-0.002473258330331591
0.03,83,-0.0034376900220054346
0.03,84,0.0042700005383191795
0.03,85,0.0011123954373484942
0.03,86,0.002185910540574577
0.03,87,0.00405260127245547
0.03,88,-0.004746867760142998
0.03,89,-0.003187289481960423
0.03,90,0.0032467466136996926
0.03,91,0.00010779528419295965
0.03,92,0.0006803853627049312
0.03,93,0.005988904279447521
0.03,94,-0.0018773293144273568
0.03,95,-0.0016737892827580962
0.03,96,0.007424511768931079
0.03,97,-0.0025284884061917375
0.03,98,0.004397404573285808
0.03,99,-0.004101567873542261
0.03,100,0.009308654593431305
0.03,101,-0.0006632701759747261
0.03,102,4.1060619410167156e-5
0.03,103,0.0007559033462640959
0.03,104,0.0016932869738211314
0.03,105,0.004325208431307636
0.03,106,-0.0011994169358322587
0.03,107,0.0007429147002654342
0.03,108,0.0006329280708338493
0.03,109,-0.0019311189703292183
0.03,110,0.002739086620772331
0.03,111,-0.0008915584504810293
0.03,112,0.00014161428563829313
0.03,113,0.0009321654989143818
0.03,114,0.001736805525639892
0.03,115,-0.0012579833096198908
0.03,116,0.001218562607248116
0.03,117,-0.0026762279772167327
0.03,118,-0.0024337654615025177
0.03,119,-3.1777465529199144e-5
0.03,120,0.002361551326482522
0.03,121,-0.0017004390383967543
0.03,122,0.00227104136349474
0.03,123,-0.0005264187462439663
0.03,124,-0.001310571213309908
0.03,125,0.0008803121947049236
0.03,126,0.0004157306502445052
0.03,127,0.001737923617664956
0.03,128,-0.001928414968393726
0.03,129,0.0002634276218723525
0.03,130,-0.0021671915555676277
0.03,131,-0.0026294091276826185
0.03,132,-0.001115869456353662
0.03,133,2.2216548735601058e-5
0.03,134,-0.00046734177025106646
0.03,135,0.00031827653974752276
0.03,136,-0.0016385008171669897
0.03,137,0.0004202901083149201
0.03,138,-0.0012668577991298655
0.03,139,0.0001832592351998862
0.03,140,-0.0005961409199129333
0.03,141,0.0004999299777789486
0.03,142,-0.002327477960429292
0.03,143,0.00043782254430513106
0.03,144,0.0008162019184637803
0.03,145,0.0020058348953027605
0.03,146,-0.0011982088747419278
0.03,147,-0.001386890905918119
0.03,148,-0.00266857623172859
0.03,149,0.0004814199452079832
0.03,150,-0.00011217856297437568
0.03,151,-0.0016479457913246669
0.03,152,0.0012697132663715932
0.03,153,0.0033017179737856303
0.03,154,0.0031451852943356873
0.03,155,-0.0007701133000894403
0.03,156,0.002752668458040078
0.03,157,0.004456134944279886
0.03,158,0.0023691378553438915
0.03,159,0.00281602381332945
0.03,160,0.0012131897260932872
0.03,161,0.005770274380388808
0.03,162,-0.0035693599357528695
0.03,163,0.002837606886769664
0.03,164,0.0004722082225570856
0.03,165,0.0006305174377669823
0.03,166,-0.004038935102625285
0.03,167,-7.072918122626264e-5
0.03,168,-0.0069444381039709974
0.03,169,0.0020918390256742404
0.03,170,-0.0004989607974220713
0.03,171,-0.003786411277116313
0.03,172,-0.000904804251224126
0.03,173,0.007492328834467962
0.03,174,-0.0025446807583328138
0.03,175,0.0011789990733419805
0.03,176,0.0050334961236628345
0.03,177,2.6871157938449568e-5
0.03,178,0.007476552290480689
0.03,179,0.007024695285213905
0.03,180,0.002302477147314401
0.03,181,-0.004732044785212176
0.03,182,-0.00801490906259856
0.03,183,0.0008381270332873253
0.03,184,0.00013088018917905523
0.03,185,0.0054936175154464174
0.03,186,-0.0047886454272867435
0.03,187,0.008062722619629344
0.03,188,0.008818926076511168
0.03,189,-0.004962176954046986
0.03,190,0.020962887152340983
0.03,191,-0.00398570608222357
0.03,192,0.09834844585736698
0.03,193,0.0014105831193795908
0.03,194,0.002801822770266768
0.03,195,0.00015128263554411276
0.03,196,0.0007035233514858671
0.03,197,0.003071999421528783
0.03,198,0.003789110500089749
0.04,intercept,0.022953596195433384
0.04,1,-3.258603228309904e-5
0.04,2,0.0019232151662277978
0.04,3,0.0023240027898098
0.04,4,-0.0008498338288817395
0.04,5,0.002166384401829417
0.04,6,0.0006415430733877674
0.04,7,0.002353111020397811
0.04,8,0.0026889993411800014
0.04,9,-0.0002575310040311101
0.04,10,-0.00022844963784724454
0.04,11,0.0014947383216954474
0.04,12,-0.0010701980803774869
0.04,13,0.0005556994522809658
0.04,14,0.0001954817033424336
0.04,15,0.0010798155666140797
0.04,16,-0.0007899755279098182
0.04,17,-0.0007192868334646892
0.04,18,-0.0013759430110866619
0.04,19,-0.0014130757544177403
0.04,20,0.0009245323030072964
0.04,21,0.0003487561423669361
0.04,22,-0.0038698786757441115
0.04,23,0.0009598951602392079
0.04,24,-0.001826265936029955
0.04,25,0.0010197889795971204
0.04,26,-0.00175312182818328
0.04,27,0.002122532411000523
0.04,28,9.338712771469439e-5
0.04,29,0.001441154399841
0.04,30,-0.0006645737581090142
0.04,31,-0.0008701387712213766
0.04,32,0.00011588086996881016
0.04,33,-0.0017719566565127965
0.04,34,-0.003184226146740001
0.04,35,-0.002397102270278513
0.04,36,0.0007424717382770965
0.04,37,-0.00011825329902613397
0.04,38,-0.0011138405315355717
0.04,39,-0.0013617115396598381
0.04,40,-0.0012082097038774448
0.04,41,0.0013588374362045084
0.04,42,-0.0004894347930964571
0.04,43,0.001351540949284074
0.04,44,-0.0008511143828496615
0.04,45,0.000863818254298047
0.04,46,0.0009836940487862069
0.04,47,-0.0007116407902933658
0.04,48,-2.495067372162518e-5
0.04,49,0.0005430525959521526
0.04,50,0.0004546093644161723
0.04,51,-0.0007461347274818815
0.04,52,0.0010839723308103792
0.04,53,-0.0011235588528247656
0.04,54,-0.0005731793467938762
0.04,55,0.0018832536590408704
0.04,56,-0.0013123597990993636
0.04,57,-0.0003839975396778597
0.04,58,0.00016813538417929165
0.04,59,0.0018030141195451608
0.04,60,0.0025676205175853813
0.04,61,0.00028976888324312256
0.04,62,-0.0010072707538496977
0.04,63,0.0009404163641183495
0.04,64,-0.0018162089211799359
0.04,65,0.0004617737876014737
0.04,66,-0.0037404072222027482
0.04,67,0.0037161107689702706
0.04,68,0.0010406159585184833
0.04,69,0.002133442278138454
0.04,70,0.00018407429948517315
0.04,71,0.0005838384570849365
0.04,72,-0.001399423261706474
0.04,73,0.0017784450301709348
0.04,74,0.002348580688822969
0.04,75,0.0037015034321873403
0.04,76,-0.005787986356616551
0.04,77,0.0010849822043744158
0.04,78,0.0012761351956547993
0.04,79,-0.0027955088913005992
0.04,80,0.00023461634761903652
0.04,81,-0.003673834231838363
0.04,82,-0.0016904986776229201
0.04,83,-0.0014284419980848853
0.04,84,0.005730184340794124
0.04,85,-0.0004903738217997101
0.04,86,0.0015001176373992374
0.04,87,0.0015460389384218919
0.04,88,-0.003601073867335806
0.04,89,-0.0025447328292752167
0.04,90,0.0024347688996643937
0.04,91,0.00020533614772774808
0.04,92,0.0013578976382902985
0.04,93,0.0035381855799296326
0.04,94,0.0011781088621079334
0.04,95,-0.001643642040062815
0.04,96,0.0037074571977333964
0.04,97,-0.0008692495165200608
0.04,98,0.005488173761249708
0.04,99,-0.002164710820353307
0.04,100,0.006320341834799171
0.04,101,1.0408219250660175e-5
0.04,102,0.0007972222050006681
0.04,103,0.00032099595730577
0.04,104,0.0008434610553635272
0.04,105,0.006168258977819083
0.04,106,-0.0030642834607498017
0.04,107,0.001091608786478507
0.04,108,0.0020490533423488375
0.04,109,-0.000925507924577132
0.04,110,1.8171442123620185e-6
0.04,111,-1.2991201834285137e-5
0.04,112,0.00100004541640922
0.04,113,0.003079247862813574
0.04,114,-0.0011698194430776606
0.04,115,-0.0006704337115482886
0.04,116,0.002473547203089597
0.04,117,-0.0032694756317552215
0.04,118,-0.000755326533133964
0.04,119,0.0012531675859359939
0.04,120,0.0010081626301118342
0.04,121,-0.00023468552755301215
0.04,122,0.0004150309299687112
0.04,123,0.0017335776236591684
0.04,124,-0.0031357002938568724
0.04,125,0.0020033169955284537
0.04,126,-0.00012188385165451301
0.04,127,0.0014347825915218399
0.04,128,-0.003303864647254606
0.04,129,0.0013829121102841414
0.04,130,-0.003197893194070134
0.04,131,-0.0019841937123617477
0.04,132,-0.001987040471475759
0.04,133,-0.0004184730932720369
0.04,134,-0.00040924673035677565
0.04,135,0.0006597120039722785
0.04,136,-0.0007096691394007939
0.04,137,0.0005667486879522765
0.04,138,-0.0018265149091743645
0.04,139,0.0004792203416137319
0.04,140,-0.0014511783150422623
0.04,141,0.0005665566308559643
0.04,142,-0.001242395497452255
0.04,143,0.0012119395124537303
0.04,144,-0.0006021497206802395
0.04,145,0.0012864112456245156
0.04,146,0.0004957670226372417
0.04,147,-0.0006606102085052351
0.04,148,-0.0019264008398903244
0.04,149,0.00028869866965809996
0.04,150,-0.0008223900399219721
0.04,151,-0.001421800387312567
0.04,152,0.0018897483142893035
0.04,153,0.002322375663007228
0.04,154,0.003183692710926262
0.04,155,0.0002630822623029505
0.04,156,0.001739323249695951
0.04,157,0.003934229884438229
0.04,158,0.002099654032184734
0.04,159,0.004615709499366344
0.04,160,0.0005872247529050776
0.04,161,0.004579240981658065
0.04,162,-0.001720930474977545
0.04,163,0.003248461359393423
0.04,164,0.0003917024617072866
0.04,165,-0.0009673921593459883
0.04,166,-0.0016749388283135767
0.04,167,0.0013828758997668528
0.04,168,-0.007654338114560586
0.04,169,0.0014019399793681695
0.04,170,-0.00015976339386381634
0.04,171,-0.003867779225442719
0.04,172,0.00040203865218535863
0.04,173,0.006011773493001398
0.04,174,-0.001925954868279839
0.04,175,5.420633605896748e-5
0.04,176,0.006298348799587162
0.04,177,0.002009269079779863
0.04,178,0.0063629333867693
0.04,179,0.0032990242892238612
0.04,180,0.0016943248285939923
0.04,181,-0.00547236378562267
0.04,182,-0.0019041330756157035
0.04,183,7.452714932236498e-5
0.04,184,-0.0008677497041915973
0.04,185,0.00441145879684715
0.04,186,-0.0029299165782093917
0.04,187,0.007305856780232067
0.04,188,0.007819789191157632
0.04,189,-0.005390674318786085
0.04,190,0.026404763794201598
0.04,191,-0.007946769785023572
0.04,192,0.11224934915471023
0.04,193,0.0015790386569373453
0.04,194,0.0015413753376354459
0.04,195,-0.00021553711188407752
0.04,196,0.00047514065377448944
0.04,197,0.003037781117271581
0.04,198,0.003932229539265291
0.05,intercept,0.022485711659864707
0.05,1,0.0011130642231058695
0.05,2,0.0005173437698363308
0.05,3,0.003497479001283304
0.05,4,-0.0006568334739947813
0.05,5,0.0029882409268280033
0.05,6,-0.00040187160963806127
0.05,7,0.002633419368027603
0.05,8,0.002868385606682345
0.05,9,0.00019800224691622704
0.05,10,0.0006681095125868013
0.05,11,0.001769554406600998
0.05,12,-0.0022352053706695416
0.05,13,0.0004857932904005644
0.05,14,-0.000532762548730586
0.05,15,0.003196439805868407
0.05,16,-0.0008648620661314432
0.05,17,-0.0006664327092656237
0.05,18,-0.0022456337919358202
0.05,19,0.0009968427056208822
0.05,20,-0.000344698526863828
0.05,21,0.00013675711490541333
0.05,22,-0.003485926074434414
0.05,23,0.0005151328752759387
0.05,24,-0.001213631649182213
0.05,25,-0.00013978667407280935
0.05,26,-0.002655885348221833
0.05,27,0.0028828664610089645
0.05,28,0.0013102245645159529
0.05,29,0.00042074993626726293
0.05,30,-0.0007393541047921317
0.05,31,-0.0012068797563551746
0.05,32,0.0005941310634810576
0.05,33,-0.0024521099948435414
0.05,34,-0.003418532693767144
0.05,35,-0.0017020654086600734
0.05,36,0.0010228959369399018
0.05,37,-0.0019914360375444693
0.05,38,0.0010776302019078908
0.05,39,-0.0010845015252491455
0.05,40,-0.0005931375256741765
0.05,41,0.0008865154033663732
0.05,42,-0.00032781978874943407
0.05,43,0.0010924506840669977
0.05,44,-0.0008946914076088429
0.05,45,0.0010980205572869795
0.05,46,0.0003384154646095132
0.05,47,-0.0002494465142407742
0.05,48,-0.0006043667150375091
0.05,49,0.0012818202101864981
0.05,50,0.0013388771378214
0.05,51,-0.0015524663234948433
0.05,52,0.0013485625709610551
0.05,53,-0.0016216726412291872
0.05,54,0.0010084292540037674
0.05,55,0.000540958850478519
0.05,56,-0.0008933645067684863
0.05,57,-0.0004248134383485629
0.05,58,0.00046681803427775964
0.05,59,0.0020794299194029624
0.05,60,0.0022857246033310733
0.05,61,0.0007687446297770401
0.05,62,-0.0010128470934763084
0.05,63,0.0014496208486146317
0.05,64,-0.002030612149696459
0.05,65,0.00034060818605259374
0.05,66,-0.0037080472183157573
0.05,67,0.0038713925798042675
0.05,68,-0.00028915724775391744
0.05,69,0.002112718578114245
0.05,70,-0.000933536021643288
0.05,71,0.0007110427697632419
0.05,72,-0.00041499649291824663
0.05,73,-1.106389530050991e-5
0.05,74,0.0029354557256825904
0.05,75,0.0023748822418202874
0.05,76,-0.00489163988901204
0.05,77,0.0030355665536145175
0.05,78,-0.0009086464610929775
0.05,79,-0.0016956586305300794
0.05,80,-0.002583954904432687
0.05,81,-0.0010035033969778685
0.05,82,-0.0016380567290111554
0.05,83,-0.0016870199503702151
0.05,84,0.005025468665308855
0.05,85,-0.0003824079650373491
0.05,86,0.0006070113927841294
0.05,87,0.0009278004789333359
0.05,88,-0.0039012995827297074
0.05,89,-0.0022652747998976263
0.05,90,0.002470915620160236
0.05,91,-0.0002916976011653224
0.05,92,0.0003521325167062614
0.05,93,0.0038691040066136943
0.05,94,0.0006660520447342146
0.05,95,-0.000739559243418481
0.05,96,0.0021210805342266894
0.05,97,0.0007233233067303111
0.05,98,0.00623164796701098
0.05,99,-0.002554307093518275
0.05,100,0.004849637641379951
0.05,101,0.0016500787780370039
0.05,102,0.0007772794282330346
0.05,103,0.0007970810753859074
0.05,104,0.0009830955056313777
0.05,105,0.0047958736137653744
0.05,106,-0.0022341334842815234
0.05,107,0.002678332430541373
0.05,108,0.0014114550048638498
0.05,109,0.00044411743503879574
0.05,110,-0.0007506015119151041
0.05,111,0.0007839847269808734
0.05,112,0.0013141374895050443
0.05,113,0.0020549333675047893
0.05,114,-0.001064209304006942
0.05,115,-0.0002411493045002948
0.05,116,0.0017808172251181868
0.05,117,-0.003493708411476101
0.05,118,-0.002727279322857096
0.05,119,0.0019460083467362987
0.05,120,0.0009780139564323446
0.05,121,0.0005784718372360249
0.05,122,-0.00033186192560443617
0.05,123,0.0011535345044109805
0.05,124,-0.0024356940093133027
0.05,125,0.0015877502089934104
0.05,126,5.449953253602058e-5
0.05,127,-4.75294524571418e-5
0.05,128,-0.0031604350526296962
0.05,129,0.0013305653509009412
0.05,130,-0.002844336789692225
0.05,131,-0.0013627730063569335
0.05,132,-0.0019467109726440444
0.05,133,-0.0005191176347901112
0.05,134,-0.00014364277007022073
0.05,135,0.0010572896845381088
0.05,136,-0.0006045233674140557
0.05,137,0.00024211028659674712
0.05,138,-0.0011012429181193782
0.05,139,0.0003215290100332373
0.05,140,-0.0008278605008853453
0.05,141,-0.00032692048326185867
0.05,142,-8.77248573507894e-5
0.05,143,0.001868088892314267
0.05,144,-0.0009457814236131931
0.05,145,0.00041021061468654043
0.05,146,-0.0006378752955234036
0.05,147,-0.0008782360749128142
0.05,148,-4.627754869805483e-5
0.05,149,-0.0012922621207631067
0.05,150,0.00047665865786087117
0.05,151,-0.0014487182840611339
0.05,152,0.002459483333288044
0.05,153,0.0020647619112146207
0.05,154,0.0028734080151723265
0.05,155,0.000504583745300123
0.05,156,0.0023377545215240232
0.05,157,0.00458820902170029
0.05,158,0.0026467254510423167
0.05,159,0.0039192675605550275
0.05,160,0.0019952828506062934
0.05,161,0.0037125863069144174
0.05,162,-0.0022880898823335384
0.05,163,0.0035095728946110414
0.05,164,0.0006078003446443523
0.05,165,-0.0006760788375147112
0.05,166,-0.0008239856772760739
0.05,167,0.0011704060938653067
0.05,168,-0.0042755536720608285
0.05,169,0.001134844875214042
0.05,170,-0.0008864058026983319
0.05,171,-0.0017070551055491118
0.05,172,-0.0016227495856298837
0.05,173,0.004945148247315863
0.05,174,-0.0006666828218591688
0.05,175,0.0011230867130431282
0.05,176,0.0071967710701329795
0.05,177,0.00013456224731522452
0.05,178,0.006342578678336252
0.05,179,0.0020977311576125287
0.05,180,0.0004073113446542412
0.05,181,-0.00415584522676758
0.05,182,-0.0010490931855553541
0.05,183,0.0014194555256192298
0.05,184,-0.0014850941792510708
0.05,185,0.004143773849013632
0.05,186,-0.0020032104424860006
0.05,187,0.007059006455179172
0.05,188,0.0076088118004740595
0.05,189,-0.0035778423972000137
0.05,190,0.03025052916610887
0.05,191,-0.011287851344707243
0.05,192,0.12705964348664767
0.05,193,0.0021017385464809513
0.05,194,0.00032392766056927637
0.05,195,-0.00046375813391028384
0.05,196,0.0004397509875795154
0.05,197,0.002952452211756681
0.05,198,0.0038865527767786606
0.06,intercept,0.021693961303263756
0.06,1,-0.0004383089329500696
0.06,2,0.0009203452670660272
0.06,3,0.004096358602863863
0.06,4,0.00012793952519256
0.06,5,0.003403796688317562
0.06,6,-0.001361452747104944
0.06,7,0.002098715039716777
0.06,8,0.0031469534593231356
0.06,9,0.0006957566062657767
0.06,10,0.0007647697460607027
0.06,11,0.0015547047688440547
0.06,12,-0.0016011834901070174
0.06,13,-1.2737556102304222e-5
0.06,14,-0.0006907986543339351
0.06,15,0.00244594899142327
0.06,16,-0.0005357794295613954
0.06,17,-0.0010832472152289745
0.06,18,-0.0013317462359770126
0.06,19,0.0008526415194693754
0.06,20,-0.0005600952345047022
0.06,21,0.0005031857240347163
0.06,22,-0.0032811133978743676
0.06,23,0.00028447383488758776
0.06,24,-0.0009361156278538477
0.06,25,-0.0010551339256251475
0.06,26,-0.001937041143365746
0.06,27,0.0023704961713319297
0.06,28,0.0016779097321674926
0.06,29,0.001088045697834947
0.06,30,-0.0011049128725474332
0.06,31,-0.000786795865128589
0.06,32,-0.00034774923960944075
0.06,33,-0.0017082854683341075
0.06,34,-0.003430778769319493
0.06,35,-0.0012672636778680198
0.06,36,0.0005379742114175139
0.06,37,-0.001832915606480923
0.06,38,0.001558455468785251
0.06,39,-0.0013763202444110607
0.06,40,-0.0003258537404023698
0.06,41,0.0010532594544444285
0.06,42,-0.0007084901031288755
0.06,43,0.0015384636073473442
0.06,44,-0.0011965135473266668
0.06,45,0.0009061448193910109
0.06,46,0.00012162940610386044
0.06,47,-0.0005615663994484188
0.06,48,0.0007767828478121573
0.06,49,0.0003043480743333893
0.06,50,0.002223077457988103
0.06,51,-0.002141206433648756
0.06,52,0.0014958354050360653
0.06,53,-0.0013131557219267598
0.06,54,0.002366153334494658
0.06,55,-0.0001287009228131895
0.06,56,-0.0008816715622675357
0.06,57,1.1645009889497007e-5
0.06,58,0.00042947921835715763
0.06,59,0.0019095588189485015
0.06,60,0.0027294802295655977
0.06,61,0.0010972851034172755
0.06,62,-0.0009372040301055776
0.06,63,0.0006174970425278451
0.06,64,-0.0009725936418119931
0.06,65,-0.001620931118239305
0.06,66,-0.0005589970763762138
0.06,67,0.0034162535251695612
0.06,68,0.00018571436193767156
0.06,69,0.0021373361205159194
0.06,70,-0.0007300976238686879
0.06,71,-0.0005988091142092872
0.06,72,-0.0007761862129952708
0.06,73,-0.0010297827879485386
0.06,74,0.0025251289704290164
0.06,75,0.0026122047383099548
0.06,76,-0.004785519873589279
0.06,77,0.002471104124973637
0.06,78,0.0004441238030845634
0.06,79,-0.0023056409335352962
0.06,80,-0.0017275512156480323
0.06,81,-0.0007693316815581479
0.06,82,-0.0014421787673400946
0.06,83,-0.0015478916822560193
0.06,84,0.005210113343216864
0.06,85,-0.0019518419842197668
0.06,86,4.729212707225012e-5
0.06,87,0.0017194690663501803
0.06,88,-0.003201175027583637
0.06,89,-0.002485764447029015
0.06,90,0.00280854725329105
0.06,91,0.0018447009081199314
0.06,92,-0.0002874304952136661
0.06,93,0.003539904656499705
0.06,94,0.0009731900879014571
0.06,95,0.0008531226618565231
0.06,96,0.0005280908480466905
0.06,97,0.002528018973700439
0.06,98,0.0046954421907022224
0.06,99,-0.0009475763683728184
0.06,100,0.005601541924743565
0.06,101,0.0018552551532503073
0.06,102,0.000963415784974948
0.06,103,-0.0008205468785084718
0.06,104,0.0020925761792021215
0.06,105,0.004133707798630801
0.06,106,-0.0018994795883456159
0.06,107,0.001937235363571736
0.06,108,0.00105043327447169
0.06,109,0.0010845348157926514
0.06,110,-0.0011484651206907035
0.06,111,0.0009735253584742642
0.06,112,0.0010194489448105803
0.06,113,0.0015349961417186412
0.06,114,-0.0008315366213590486
0.06,115,0.00010001407946051618
0.06,116,0.0013556764184147932
0.06,117,-0.0026804952569351474
0.06,118,-0.0008804459265628848
0.06,119,0.0011177372061239314
0.06,120,0.00034159395025537824
0.06,121,-4.573907057775197e-5
0.06,122,0.0008346097450601871
0.06,123,0.0009581242856997893
0.06,124,-0.0017959098546704614
0.06,125,0.0026926807630218074
0.06,126,-0.0008454263153550761
0.06,127,-0.00030776222139751734
0.06,128,-0.0018797621379609978
0.06,129,0.0005490593437153105
0.06,130,-0.0022485416909662553
0.06,131,-0.0015415814539494858
0.06,132,-0.0016755278710485816
0.06,133,-0.00010532612553284813
0.06,134,-0.0008768597548763046
0.06,135,0.001134610022092313
0.06,136,-0.002174180565880362
0.06,137,0.0013781492226105738
0.06,138,-0.0011325204523284498
0.06,139,0.0012575456365465116
0.06,140,-0.0009458250491982253
0.06,141,-0.0001933218072195142
0.06,142,-0.000244736359949733
0.06,143,0.0008379433672295309
0.06,144,-0.0006556564129499566
0.06,145,0.0002056732689233322
0.06,146,-0.0008398083161263645
0.06,147,0.001125306314414815
0.06,148,-0.000477224806943595
0.06,149,-0.0009898886099613154
0.06,150,-6.953231430892575e-5
0.06,151,-0.00021997807462403372
0.06,152,0.0025115183019441185
0.06,153,0.0018756023417548773
0.06,154,0.0029802405770659626
0.06,155,0.0005989381722188294
0.06,156,0.0025036923058310147
0.06,157,0.004699476659525744
0.06,158,0.0018219776380339703
0.06,159,0.0037891054754623436
0.06,160,0.003955936412802162
0.06,161,0.003484787837245712
0.06,162,-0.002706445992260282
0.06,163,0.0022153790659978634
0.06,164,0.0015673241101205819
0.06,165,-0.002538519015264318
0.06,166,0.0010251286635676452
0.06,167,0.001295011318169188
0.06,168,-0.004030856835067083
0.06,169,-0.00031086983510175687
0.06,170,0.003029388824146095
0.06,171,-0.0033618138369939546
0.06,172,-0.0008040456460715666
0.06,173,0.0037501865358037854
0.06,174,-0.0007251792354528332
0.06,175,0.0018187532981831277
0.06,176,0.007851993994248976
0.06,177,-0.0014283396985980907
0.06,178,0.00706602243688728
0.06,179,0.0016371576810953411
0.06,180,-0.0003277116312250458
0.06,181,-0.0026009720482584706
0.06,182,-0.0022902431063867774
0.06,183,0.0015361719245632448
0.06,184,-0.0018105828639749582
0.06,185,0.00753930409729546
0.06,186,-0.0029662986104418074
0.06,187,0.007461839270976526
0.06,188,0.00666727702998882
0.06,189,-0.002577713911850601
0.06,190,0.031037550779397273
0.06,191,-0.012128682266856821
0.06,192,0.14136678436545483
0.06,193,0.0015891442448988389
0.06,194,-2.4464365500957372e-5
0.06,195,-0.0006360529226144815
0.06,196,0.0003503338375629235
0.06,197,0.002732524328530026
0.06,198,0.0037635254729237837
0.07,intercept,0.020722216743620063
0.07,1,0.0010109978120333026
0.07,2,0.0016099130016039927
0.07,3,0.00419522878784793
0.07,4,-0.0006265715631421947
0.07,5,0.0022150729616262363
0.07,6,-0.0008046192759450729
0.07,7,0.0028731817309379545
0.07,8,0.002389902412626437
0.07,9,0.0017457775472395228
0.07,10,0.0008313835745438885
0.07,11,0.0022433437390226114
0.07,12,-0.0023390639720490005
0.07,13,0.00024056385839404755
0.07,14,-0.0007727363391818585
0.07,15,0.0021902989431942296
0.07,16,0.001474256561578769
0.07,17,-0.0020694490339408303
0.07,18,-0.0013671078754259748
0.07,19,0.0010929017253392382
0.07,20,-0.0008078348190053056
0.07,21,0.0009485175422250552
0.07,22,-0.00311820453250232
0.07,23,7.142331048113425e-5
0.07,24,-0.0006899785263488972
0.07,25,-0.0015494447924797774
0.07,26,-0.0010721852789655015
0.07,27,0.00217678281138255
0.07,28,0.0011032201150005326
0.07,29,0.001145990644070338
0.07,30,-0.00025607848567986516
0.07,31,-0.00130067467477429
0.07,32,-0.0006393702623495389
0.07,33,-0.0011473846770588153
0.07,34,-0.002765445817897806
0.07,35,-0.0013140399856729627
0.07,36,0.0011886209678350502
0.07,37,-0.0017865201112261997
0.07,38,0.0008533069763985692
0.07,39,-0.0011957402559511724
0.07,40,-0.0007009561784240641
0.07,41,0.0005411836017247059
0.07,42,0.00013454626017560652
0.07,43,0.0006186814062817537
0.07,44,-0.0011592572906862072
0.07,45,0.0006941899451470684
0.07,46,0.0004661151252074663
0.07,47,-0.0004964148991740809
0.07,48,0.0005435985093764938
0.07,49,0.0006830532850128483
0.07,50,0.0022337054133949575
0.07,51,-0.0020742022386541206
0.07,52,0.0015266493252744518
0.07,53,-0.0007137869968098734
0.07,54,0.0020675065759312044
0.07,55,0.0001803888759106009
0.07,56,-0.0002927902169302879
0.07,57,7.919443265206264e-5
0.07,58,0.0005126718587275795
0.07,59,0.0030256787085630667
0.07,60,0.001697105697629662
0.07,61,0.001156826670675148
0.07,62,-0.0014376697696718197
0.07,63,0.0006495514098577058
0.07,64,-0.001049153962423955
0.07,65,-0.0012945857423196673
0.07,66,-0.0005342714138042016
0.07,67,0.0029042192492830486
0.07,68,0.0012262310710040277
0.07,69,0.00021500564783563124
0.07,70,-0.00011816045558162727
0.07,71,-0.00043088278591505244
0.07,72,-0.001281345519986992
0.07,73,-0.00021530410742318828
0.07,74,0.0015117085957385527
0.07,75,0.0019369545771010968
0.07,76,-0.0035422927208952127
0.07,77,0.0007976972318005717
0.07,78,0.0026753365610735352
0.07,79,-0.00371999222037798
0.07,80,-0.0004185105968269501
0.07,81,-0.0023819510453269724
0.07,82,-0.00025257868197516514
0.07,83,-0.0011792186542985083
0.07,84,0.0039639616920332296
0.07,85,-0.0008305577382001403
0.07,86,-0.0009283726043094607
0.07,87,0.0017395983353664698
0.07,88,-0.0030119863724567732
0.07,89,-0.0023745293167788304
0.07,90,0.0018764955335252291
0.07,91,0.002269082930183383
0.07,92,-0.0010133910297112855
0.07,93,0.0038261240778229796
0.07,94,0.0024936990102391358
0.07,95,0.0014487767663191218
0.07,96,0.0003996087018101325
0.07,97,0.0023742811478159316
0.07,98,0.005912743123462782
0.07,99,-0.0012292120336234763
0.07,100,0.004464573288482488
0.07,101,0.0022721057990885882
0.07,102,0.0033897936345196064
0.07,103,-0.0015003866625143787
0.07,104,0.0020439490481699964
0.07,105,0.0024019194901900016
0.07,106,0.000934614149843258
0.07,107,0.0008502647651889994
0.07,108,0.0021927021849822985
0.07,109,0.0007611667120432958
0.07,110,-0.002194677212397027
0.07,111,0.0013807161402472816
0.07,112,0.0007226812647926658
0.07,113,0.0020393419514388835
0.07,114,-0.0019933440668508232
0.07,115,0.0005966894466313138
0.07,116,0.002264763834474723
0.07,117,-0.0033089005309654986
0.07,118,-0.0014648202397310505
0.07,119,0.0015282874791897557
0.07,120,0.00010448835867945076
0.07,121,0.0008121324641779147
0.07,122,-0.0004335822835983135
0.07,123,0.0017771371893271443
0.07,124,-0.0026316144584330723
0.07,125,0.0025982524409634295
0.07,126,-0.0012540900607939194
0.07,127,0.00027732887166525015
0.07,128,-0.0013314110851040345
0.07,129,0.0012113668117635682
0.07,130,-0.0018771422122942191
0.07,131,-0.0014666690777845786
0.07,132,-0.001949180868830757
0.07,133,-0.00024982591638685373
0.07,134,-0.0007000992729842331
0.07,135,0.0008661110395251656
0.07,136,-0.002397138457816984
0.07,137,0.0012329750037752317
0.07,138,-0.0008529635022230235
0.07,139,0.0012551817081569447
0.07,140,-0.0010850475742578468
0.07,141,0.0006951643381483925
0.07,142,-7.580860143320389e-5
0.07,143,3.478342286361865e-5
0.07,144,-3.833598910329275e-5
0.07,145,-0.00012728897805957623
0.07,146,-0.0005167534237681249
0.07,147,0.0006815768572253551
0.07,148,-0.0005426647650799727
0.07,149,-0.0011124677213621072
0.07,150,0.0003128264793359012
0.07,151,0.0002690070079268219
0.07,152,0.0025505735999755345
0.07,153,0.0024012875780960374
0.07,154,0.0024478280301134707
0.07,155,0.0008054892351644049
0.07,156,0.001566472796002822
0.07,157,0.004999078603236236
0.07,158,0.0020469449712750398
0.07,159,0.004465416587713202
0.07,160,0.004601061095846152
0.07,161,0.003243610081598164
0.07,162,-0.0013758890056514812
0.07,163,0.0010737715974722466
0.07,164,0.0008674116454202383
0.07,165,-0.003133394415405656
0.07,166,0.0026919293916388212
0.07,167,6.397800236751267e-5
0.07,168,-0.003834628769726714
0.07,169,-0.0018741546384311483
0.07,170,0.003200299021240009
0.07,171,-0.004097546006598375
0.07,172,0.0010862277711352686
0.07,173,0.002413720570992781
0.07,174,-0.00026368775985767
0.07,175,0.0022270334572492335
0.07,176,0.007640377335682764
0.07,177,-0.0018038451985642006
0.07,178,0.006248295988067345
0.07,179,0.002473120124984037
0.07,180,0.0014864162577549046
0.07,181,-0.0011056430477710806
0.07,182,-0.003614038334484754
0.07,183,0.0025551177416804002
0.07,184,-0.0025136253863742735
0.07,185,0.005905070034909136
0.07,186,-0.0006973706343316005
0.07,187,0.0069205102227413865
0.07,188,0.009240744357459854
0.07,189,-0.0031849465579337054
0.07,190,0.03074679936995846
0.07,191,-0.014013288765201021
0.07,192,0.16037162986535133
0.07,193,0.004055355727829506
0.07,194,-0.00043060660566457236
0.07,195,-0.0006943262400449334
0.07,196,0.00040521460585137795
0.07,197,0.002614363305940618
0.07,198,0.003586286267560733
0.08,intercept,0.019898821802765507
0.08,1,-0.00013455850533889205
0.08,2,0.002316618419153019
0.08,3,0.002879586155866203
0.08,4,0.0011098176221031584
0.08,5,0.002846171976877508
0.08,6,-0.0003165312826638457
0.08,7,0.003490045867813972
0.08,8,0.0036113828857748673
0.08,9,0.0007114885825598182
0.08,10,0.0011412115679519785
0.08,11,0.0015246449405676118
0.08,12,-0.0025723148647580833
0.08,13,0.000412585698424727
0.08,14,-0.0007622468406295063
0.08,15,0.001608879965617526
0.08,16,0.001625237312685831
0.08,17,-0.0013091530159190239
0.08,18,-0.002121028693931645
0.08,19,0.0009060731296575786
0.08,20,-0.0004476524399711643
0.08,21,0.0002795598375673746
0.08,22,-0.0017444310856801505
0.08,23,-0.0009122391311084225
0.08,24,-4.8523216272833026e-5
0.08,25,-0.0017561470060423448
0.08,26,-0.0010858317790837695
0.08,27,0.001739170683402562
0.08,28,0.0013800818860237594
0.08,29,0.0006122341700876912
0.08,30,-0.0008819065790765543
0.08,31,-0.00010032105743697551
0.08,32,-0.0008347580914584251
0.08,33,-0.0012758301959576287
0.08,34,-0.0023194266835154815
0.08,35,-0.0008843124866578114
0.08,36,0.0006856738089379462
0.08,37,-0.0016268563037641435
0.08,38,0.00040667973267780814
0.08,39,-0.001119350227779182
0.08,40,-0.00018887602718100935
0.08,41,0.0010455501867808995
0.08,42,-0.00021410030792099485
0.08,43,0.0005887881099351196
0.08,44,-0.0008733252039401204
0.08,45,0.0002682626922633766
0.08,46,0.000546985482587402
0.08,47,-0.0004774138269061329
0.08,48,0.0008213396428271726
0.08,49,0.0004901541466352653
0.08,50,0.0023333801921143166
0.08,51,-0.0021998302783713575
0.08,52,0.001466169870764662
0.08,53,-0.00029744309945349724
0.08,54,0.001878901233640154
0.08,55,0.00046319042773148124
0.08,56,0.0006292529896637418
0.08,57,0.0011369274234645514
0.08,58,0.0005902363503209072
0.08,59,0.001926628471673734
0.08,60,0.002932495572046782
0.08,61,4.132994193691178e-5
0.08,62,-0.00042836254431093113
0.08,63,-0.0005880493199864114
0.08,64,-0.00043249239976836856
0.08,65,-0.001232286549497977
0.08,66,0.0002370692330135269
0.08,67,0.002409588523503801
0.08,68,0.0004962349111139624
0.08,69,-4.065924703410794e-5
0.08,70,0.000554312614110528
0.08,71,-0.0010351643032002723
0.08,72,-0.00048305294309275925
0.08,73,-0.00032018677409788787
0.08,74,0.0012783888713512454
0.08,75,0.001675194801377767
0.08,76,-0.0029178024865866028
0.08,77,-0.0002693100730260946
0.08,78,0.0016930303675348956
0.08,79,-0.002338077738431931
0.08,80,-0.0006585334151757033
0.08,81,-0.0026827558665194293
0.08,82,-0.0016142490056141026
0.08,83,-0.00025128301792844956
0.08,84,0.003494261614577995
0.08,85,-0.0011312020818885944
0.08,86,-0.0006478489814827351
0.08,87,0.0012486944052646847
0.08,88,-0.0024462312863365457
0.08,89,-0.002361808594580179
0.08,90,0.003285613404779173
0.08,91,0.0020021943445898954
0.08,92,-0.0007327598421318026
0.08,93,0.004356813538006315
0.08,94,0.0009305934994816037
0.08,95,0.0008410680305152299
0.08,96,7.970859583932259e-5
0.08,97,0.002563502074846355
0.08,98,0.005650172513181615
0.08,99,-0.0001514253640693082
0.08,100,0.003432720944091001
0.08,101,0.002948219639029903
0.08,102,0.0023363815099116053
0.08,103,-0.00014413887595326433
0.08,104,0.0013969817239032616
0.08,105,0.0037670442238467595
0.08,106,-0.0005960843780650662
0.08,107,0.0023790374698383775
0.08,108,0.0003323979553029882
0.08,109,0.002043561967391688
0.08,110,-0.0018058859906412616
0.08,111,0.0024159602594964213
0.08,112,-0.00031787335602512993
0.08,113,0.002062802595638036
0.08,114,-0.001897104497036493
0.08,115,0.0005170697168158124
0.08,116,0.0015623907186229282
0.08,117,-0.0030364464146472423
0.08,118,-0.0015201057560097688
0.08,119,0.001987713786271738
0.08,120,-0.00015665521366902354
0.08,121,0.0005631424815203448
0.08,122,0.00033729028076761713
0.08,123,0.0009224335013373109
0.08,124,-0.0019767498648855437
0.08,125,0.0023658139216182423
0.08,126,-0.00040168040278657765
0.08,127,-0.00029693263667814783
0.08,128,-0.001341143906301945
0.08,129,0.0014136964511852273
0.08,130,-0.0013765385113344885
0.08,131,-0.0018916317147843304
0.08,132,-0.0017356437023547814
0.08,133,-0.0006687391531500143
0.08,134,0.00021309059140033854
0.08,135,0.0005616551451346571
0.08,136,-0.0010512469540223338
0.08,137,0.00046288118517668524
0.08,138,-0.0006433717157335533
0.08,139,0.0014113063205151892
0.08,140,-0.00035308379405006287
0.08,141,-0.00037603304671357025
0.08,142,-0.00010292268925017873
0.08,143,-0.00025797288720442476
0.08,144,-0.0008054111444862507
0.08,145,-0.0005439539981825074
0.08,146,-1.4373003289416826e-6
0.08,147,0.0014501662305339402
0.08,148,-0.0008423077872295765
0.08,149,-0.0002605790648840765
0.08,150,0.0001977262771626299
0.08,151,0.0005144720686486045
0.08,152,0.002650520465923952
0.08,153,0.002381988946495085
0.08,154,0.0026360006892502965
0.08,155,0.0012304589799641262
0.08,156,0.0015513062024143868
0.08,157,0.004347526003668603
0.08,158,0.002384484558084133
0.08,159,0.0044771146736064076
0.08,160,0.00472652374224472
0.08,161,0.0031561327003383883
0.08,162,-0.0011515866121295701
0.08,163,0.0012531879834674097
0.08,164,0.0009110196420120466
0.08,165,-0.0020241950880312836
0.08,166,0.0012777887570633742
0.08,167,0.0005612366902621502
0.08,168,-0.00441962650750657
0.08,169,-0.002278310847003575
0.08,170,0.004021848382349152
0.08,171,-0.003083388082963468
0.08,172,0.0009438957829716615
0.08,173,0.0016552353463510931
0.08,174,0.000623744385954646
0.08,175,0.003001038669253146
0.08,176,0.005172353110830157
0.08,177,0.001424857244067014
0.08,178,0.005526000009544145
0.08,179,0.002713054531444807
0.08,180,0.0012976817859977894
0.08,181,-0.0017866993557486097
0.08,182,-0.0034305543535731514
0.08,183,0.001343177123932927
0.08,184,-0.0012763619544651213
0.08,185,0.005522927348374681
0.08,186,4.993976160707053e-5
0.08,187,0.008455520174365608
0.08,188,0.008470900617500663
0.08,189,-5.783146166039863e-5
0.08,190,0.029849857552292525
0.08,191,-0.015885003728842318
0.08,192,0.1780968824015319
0.08,193,0.005040832513951668
0.08,194,-0.00021431125092568
0.08,195,-0.0008477791397302654
0.08,196,0.00043361011020334115
0.08,197,0.0024691135694722144
0.08,198,0.0033856129478611998
0.09,intercept,0.019292455042376623
0.09,1,-0.00048179084380304605
0.09,2,0.004682977454446719
0.09,3,0.002031499606789981
0.09,4,0.001123704071935252
0.09,5,0.001972987798571933
0.09,6,-0.00045280777679358253
0.09,7,0.0032806854522140446
0.09,8,0.004858196731759097
0.09,9,0.00014513114115307152
0.09,10,0.0011948345452565052
0.09,11,0.00039315237351189044
0.09,12,-0.001609762706894132
0.09,13,0.00016218215013012467
0.09,14,0.0003655878119918091
0.09,15,0.0007916013886887726
0.09,16,0.0014436113989013078
0.09,17,-0.0008588109273825608
0.09,18,-0.0029241693480460684
0.09,19,0.0008113418670561723
0.09,20,-7.475605608012796e-5
0.09,21,0.00047767251414436733
0.09,22,-0.0023507054326750818
0.09,23,-0.0006687887865525269
0.09,24,0.0004094693226383447
0.09,25,-0.0017419134870811067
0.09,26,-0.001217971303547749
0.09,27,0.0012518951739613612
0.09,28,0.0011349262035149354
0.09,29,0.0007907265966444305
0.09,30,-0.001449326709560366
0.09,31,0.00014157472442058761
0.09,32,-0.0004945295221088716
0.09,33,-0.0018399842131757926
0.09,34,-0.0006444257381712787
0.09,35,-0.0014946598509431928
0.09,36,-0.0002543943979312626
0.09,37,-0.0007347353568016577
0.09,38,8.902493455503645e-5
0.09,39,0.00024309969262330014
0.09,40,-0.001210323593369442
0.09,41,0.0014071360222947902
0.09,42,-0.000378565521748885
0.09,43,0.0006087435347069218
0.09,44,-0.00031407465298835947
0.09,45,-0.00010975275717567967
0.09,46,0.0008586067138123077
0.09,47,0.00021513291968145072
0.09,48,0.0006019859872435455
0.09,49,0.00016972380307245344
0.09,50,0.0021733833256294592
0.09,51,-0.0019192540489853622
0.09,52,0.0011772416635783848
0.09,53,7.9500445664156e-5
0.09,54,0.0013770580207157217
0.09,55,0.0013530267014053151
0.09,56,-0.0004267673994447507
0.09,57,0.0016420700189576647
0.09,58,0.0013472480945320516
0.09,59,0.0009486107923665037
0.09,60,0.0025880437177225927
0.09,61,0.001010329415523436
0.09,62,-0.0005987411094822946
0.09,63,-0.0002360384893463291
0.09,64,-0.0009944979949926163
0.09,65,0.00013386481737665074
0.09,66,-0.0003846829293024121
0.09,67,0.0029391751858174357
0.09,68,0.00037684012450666526
0.09,69,0.0003630790288945783
0.09,70,0.00021249645742198723
0.09,71,-0.0010597432990118517
0.09,72,0.0011654429817773884
0.09,73,-0.00042539806767294717
0.09,74,0.0013417885400902022
0.09,75,-0.00018635032492769763
0.09,76,-0.001773376660562228
0.09,77,0.0003515758051211221
0.09,78,0.0014760980956186442
0.09,79,-0.0013992869911949582
0.09,80,-0.0009385572533207801
0.09,81,-0.004030486262954689
0.09,82,-0.0008652162213777285
0.09,83,-1.8160198726897916e-5
0.09,84,0.001347680111517792
0.09,85,-0.0007389745229967925
0.09,86,-0.0015163579211655732
0.09,87,0.001202621499908696
0.09,88,-0.0018336530527521039
0.09,89,-0.001085983109481563
0.09,90,0.002896414482326808
0.09,91,0.003962595904345395
0.09,92,-0.0021625590564351067
0.09,93,0.0035209248607111464
0.09,94,0.0017352630042121234
0.09,95,0.0009422779267745164
0.09,96,-0.000556801922124309
0.09,97,0.0026638689695735636
0.09,98,0.003243477111590696
0.09,99,0.002585404298704652
0.09,100,0.0030965034320483997
0.09,101,0.0036042940730452635
0.09,102,0.003143944231054532
0.09,103,-0.0015593344036515353
0.09,104,0.0021792896760751096
0.09,105,0.00332702202565073
0.09,106,-0.0003151296246888996
0.09,107,0.0021720013100942743
0.09,108,0.0005519305084513852
0.09,109,0.002422419334060406
0.09,110,-0.001857619644158095
0.09,111,0.0026413364196540257
0.09,112,-0.0008625048897568153
0.09,113,0.0021006405995923193
0.09,114,-8.764152045902798e-5
0.09,115,-0.0006379113397712025
0.09,116,0.0017665534236713518
0.09,117,-0.002311206020751309
0.09,118,-0.00158296729757443
0.09,119,0.0016586480253928532
0.09,120,-0.0001989238349645948
0.09,121,-0.0001759636044059725
0.09,122,0.0010999376150117378
0.09,123,0.0008560058556382277
0.09,124,-0.0024495997112145527
0.09,125,0.0021352190659259668
0.09,126,-0.0007240112928776231
0.09,127,-0.00021606937897755032
0.09,128,-0.0008969143687580628
0.09,129,0.0009299891868873321
0.09,130,-0.0014875023986388183
0.09,131,-0.002168886371033266
0.09,132,-0.0016073265990169873
0.09,133,-0.0005874049391338651
0.09,134,0.0005469860773476777
0.09,135,0.000247291841010843
0.09,136,-0.0009351003155481523
0.09,137,0.00043419787959457355
0.09,138,-0.00011473101407512066
0.09,139,0.0009588899632697116
0.09,140,1.0413336893153082e-5
0.09,141,-0.0007770711376227743
0.09,142,0.00024005139932558992
0.09,143,-0.00028729857820515304
0.09,144,-0.00028892772187553284
0.09,145,-0.0007202881803377798
0.09,146,0.0001550313491891682
0.09,147,0.0013222337313363308
0.09,148,-0.0011368219723426264
0.09,149,-0.00016913055080827182
0.09,150,0.0009971719429556945
0.09,151,0.00042147716704682507
0.09,152,0.0028766071871211846
0.09,153,0.0022642213059700703
0.09,154,0.002031969086513082
0.09,155,0.0015181620421450658
0.09,156,0.0026350118717077273
0.09,157,0.003714516453144175
0.09,158,0.003420986386820176
0.09,159,0.003524447079244104
0.09,160,0.004308959607156072
0.09,161,0.003045390109685843
0.09,162,-0.0011769492831314383
0.09,163,0.0022776403726716002
0.09,164,-0.00036926710571104235
0.09,165,-0.0007867879538411174
0.09,166,0.0009738450349085305
0.09,167,0.0006019769311476381
0.09,168,-0.0044434845036716245
0.09,169,-0.002327611969929787
0.09,170,0.0038243573149049463
0.09,171,-0.0031312213071071487
0.09,172,0.001502791201219532
0.09,173,0.0009188275072685715
0.09,174,0.0018656882545263992
0.09,175,0.002491389873363601
0.09,176,0.0042921130341218965
0.09,177,0.001610481730544723
0.09,178,0.0059878070172961415
0.09,179,0.002143942996438258
0.09,180,0.0019363873670622926
0.09,181,-0.0011863903663828315
0.09,182,-0.002382449976652145
0.09,183,0.001469069189486766
0.09,184,-0.00021510829406990147
0.09,185,0.004160901962313897
0.09,186,-0.0002705855030509694
0.09,187,0.008604383537445914
0.09,188,0.008490745026162158
0.09,189,0.0019716141091005025
0.09,190,0.02981860098382208
0.09,191,-0.014110451389367368
0.09,192,0.18844416289313862
0.09,193,0.004836385100620572
0.09,194,0.00044789006939251414
0.09,195,-0.0009681947699398818
0.09,196,0.00042106234093893224
0.09,197,0.00234625608329999
0.09,198,0.00323994609860265
0.1,intercept,0.01858509105975221
0.1,1,0.0007687335938711989
0.1,2,0.003777335733091692
0.1,3,0.0015108816420876042
0.1,4,0.0013116906084538547
0.1,5,0.002134235722989894
0.1,6,-0.0007029892464890891
0.1,7,0.004040436500777396
0.1,8,0.005038991798694138
0.1,9,-0.0010456629996340309
0.1,10,0.002084881383725101
0.1,11,-0.0007483136081335943
0.1,12,-0.0008555564885848048
0.1,13,-4.4387884923030477e-5
0.1,14,0.0003783617629862962
0.1,15,0.0006470730625318469
0.1,16,0.0009238237736097851
0.1,17,0.0002222398332364611
0.1,18,-0.0025212184169349913
0.1,19,0.0006759350440410254
0.1,20,-8.248343975962103e-5
0.1,21,0.00019407176846149667
0.1,22,-0.002059115404184928
0.1,23,-0.0012735169172172387
0.1,24,0.00012388894477803475
0.1,25,-0.0010817606508205877
0.1,26,-0.0013627393744890836
0.1,27,0.0010383182509849738
0.1,28,0.0011483130488865734
0.1,29,0.0009795330189497423
0.1,30,-0.0019526549959213186
0.1,31,0.0006601743994502821
0.1,32,-0.0012475399678121247
0.1,33,-0.001505439648541792
0.1,34,-0.0003131097784231881
0.1,35,-0.0018415879731560152
0.1,36,0.0002619460577517778
0.1,37,-0.0012618314855886033
0.1,38,0.0007200602055106462
0.1,39,-7.340478286220675e-5
0.1,40,-0.0009114321478003395
0.1,41,0.001326282672598503
0.1,42,-0.0012177401924019936
0.1,43,0.0012598928735551452
0.1,44,-0.0007216065287572862
0.1,45,-0.0003553672767851707
0.1,46,0.0018981911662013901
0.1,47,0.0005590225726913655
0.1,48,0.00044559564656753906
0.1,49,2.3015118081370977e-5
0.1,50,0.0017113309733868406
0.1,51,-0.0012924165662979146
0.1,52,0.0010588843877916067
0.1,53,-5.974462565186977e-5
0.1,54,0.0021995177231104307
0.1,55,0.0007498547527712782
0.1,56,-0.00040152355105921344
0.1,57,0.0017736954843384119
0.1,58,0.000987446054358715
0.1,59,0.001158295873618089
0.1,60,0.002895303727236047
0.1,61,0.0008563168934829002
0.1,62,0.00018655354980636884
0.1,63,-0.0006916801267777838
0.1,64,-0.0005928440647797428
0.1,65,-0.0005163301546687036
0.1,66,-0.0003578714390567651
0.1,67,0.0026274237503793115
0.1,68,0.0003743594953157248
0.1,69,0.001524292052657712
0.1,70,-0.0005858307813730278
0.1,71,-0.0010782742406820914
0.1,72,0.0016225223895931064
0.1,73,-0.0013511734714460476
0.1,74,0.0023123602880832424
0.1,75,-0.0011667508584729184
0.1,76,-0.0012274661335349045
0.1,77,-8.884980816648331e-5
0.1,78,0.0017248508171388423
0.1,79,-0.0003982029266911165
0.1,80,-0.001459308270771024
0.1,81,-0.004926147902523535
0.1,82,-0.0002202983053566611
0.1,83,0.0003227759718066467
0.1,84,-0.0007704247410252611
0.1,85,7.257305734829296e-5
0.1,86,-0.001492550375921408
0.1,87,0.0008863789016352063
0.1,88,-0.0008607665328366252
0.1,89,-0.0020524161597769066
0.1,90,0.002965114036895054
0.1,91,0.00496800428900006
0.1,92,-0.0018295615524489912
0.1,93,0.002965444505077264
0.1,94,0.0021231215355698957
0.1,95,-0.00021545194594812945
0.1,96,0.0015901859065149883
0.1,97,0.0028399044818487556
0.1,98,0.0023924522169486827
0.1,99,0.004594621253641396
0.1,100,0.002386794169038555
0.1,101,0.004162707209740369
0.1,102,0.00343134709418458
0.1,103,-0.0009480411536706618
0.1,104,0.0019557446456535408
0.1,105,0.0027340137905033307
0.1,106,0.000207979534334429
0.1,107,0.0016471810127600143
0.1,108,0.0009222290175196431
0.1,109,0.0019707596768657916
0.1,110,-0.0012153604516891188
0.1,111,0.00259767951291617
0.1,112,-0.0016827919476601256
0.1,113,0.002771004031235226
0.1,114,-0.00048294841927309164
0.1,115,-0.00032158687399271144
0.1,116,0.0009357991070335987
0.1,117,-0.0012924406773539298
0.1,118,-0.0013790840628328026
0.1,119,0.0014014692194401566
0.1,120,-0.00030067514050328905
0.1,121,0.0006803759923915461
0.1,122,-1.858393580933576e-5
0.1,123,0.00119076780762929
0.1,124,-0.002491864144660834
0.1,125,0.0016641734966240049
0.1,126,-0.00028527107595374213
0.1,127,-0.00043326181598300707
0.1,128,-0.00031360484361708373
0.1,129,0.0007280855652724565
0.1,130,-0.0012804220565819668
0.1,131,-0.0021793418866924144
0.1,132,-0.0011295209219431364
0.1,133,-0.0006433608868074283
0.1,134,2.4222468384271165e-6
0.1,135,0.0006017332552554792
0.1,136,-0.0009146512816069981
0.1,137,0.0005934139691115056
0.1,138,3.3939017956102434e-5
0.1,139,0.0005645352784921381
0.1,140,0.0002623801984244911
0.1,141,-0.0011087428224346742
0.1,142,0.0008103256226468864
0.1,143,-0.00071604486502035
0.1,144,0.0007483267992467314
0.1,145,-0.0015190462201565714
0.1,146,0.0001317024220359708
0.1,147,0.0007785788241992195
0.1,148,-0.00021590506376756302
0.1,149,-2.7959188608333366e-5
0.1,150,0.0007745068298416918
0.1,151,0.0010323189092676975
0.1,152,0.002108219351204773
0.1,153,0.002740434988160412
0.1,154,0.0009183015475310615
0.1,155,0.0019322486000346326
0.1,156,0.003774947648012456
0.1,157,0.0033269621550859954
0.1,158,0.0034851999834219806
0.1,159,0.00467014166807291
0.1,160,0.002939725874009926
0.1,161,0.004562121059169846
0.1,162,-0.0020698538046021206
0.1,163,0.0029102718283332166
0.1,164,-0.00011512485605285327
0.1,165,-0.0012001145524761325
0.1,166,0.0024024555242732927
0.1,167,0.00016320686523209547
0.1,168,-0.004462202747858968
0.1,169,-0.0020027074876737584
0.1,170,0.002770413737284717
0.1,171,-0.003144012138421271
0.1,172,0.0013940474118802617
0.1,173,0.0012133467593406833
0.1,174,0.001110745279368642
0.1,175,0.003493767530454627
0.1,176,0.003839249037590278
0.1,177,0.0007585173663499135
0.1,178,0.006470975952316468
0.1,179,0.0025581792009698027
0.1,180,0.002112760942410786
0.1,181,-0.002003505488675386
0.1,182,-0.002064017806958318
0.1,183,0.0013584805828864338
0.1,184,0.0014506498557298488
0.1,185,0.0020130489321956574
0.1,186,-0.000322652346240364
0.1,187,0.008874222222393402
0.1,188,0.00937234049720344
0.1,189,0.002336022252330806
0.1,190,0.031006224467707115
0.1,191,-0.014843797753714295
0.1,192,0.20455389468247553
0.1,193,0.004223483126475781
0.1,194,0.0013080938877015622
0.1,195,-0.0010648558918654424
0.1,196,0.00043936220153022073
0.1,197,0.002247069088849824
0.1,198,0.0030650807345032356
0.11,intercept,0.018099821459932296
0.11,1,0.0010883141081532426
0.11,2,0.0027860869010913297
0.11,3,0.003003224086853292
0.11,4,0.0013854458106473844
0.11,5,0.00198556918018286
0.11,6,-0.0005891490443152231
0.11,7,0.003267661606343309
0.11,8,0.004715325340373223
0.11,9,5.543392869108606e-5
0.11,10,0.0018948083378372111
0.11,11,-0.0011368994969488129
0.11,12,-0.0007919586198343257
0.11,13,9.924849799134096e-5
0.11,14,4.6722496388667237e-7
0.11,15,0.001147910929550393
0.11,16,0.0008563743141342771
0.11,17,0.00020702718274921074
0.11,18,-0.0021997609461953697
0.11,19,-4.3399235394297806e-5
0.11,20,0.0006211221602454278
0.11,21,-5.5318172113757235e-5
0.11,22,-0.0023106594111903926
0.11,23,-0.0012270044419306696
0.11,24,-2.249497831214835e-5
0.11,25,-0.0005812037087885954
0.11,26,-0.002180548642228509
0.11,27,0.0015440249400939948
0.11,28,0.00045586646594152834
0.11,29,0.0018377082099898722
0.11,30,-0.0026015505955402697
0.11,31,0.0010136057685050175
0.11,32,-0.001304193229848835
0.11,33,-0.0013894211538893141
0.11,34,-5.632271935352588e-5
0.11,35,-0.00256853793610878
0.11,36,0.0006880397799576682
0.11,37,-0.002066883554871048
0.11,38,0.0012442968173276626
0.11,39,-0.0009186695979328121
0.11,40,-0.0008523569933510183
0.11,41,0.002009728898545432
0.11,42,-0.0015735609668141198
0.11,43,0.002091404484873878
0.11,44,-0.0016098390949196772
0.11,45,0.0004542734834313906
0.11,46,0.0015814254158674158
0.11,47,0.00043729534468246674
0.11,48,0.0010922700957932906
0.11,49,-1.2966645715648568e-5
0.11,50,0.0015630013545907325
0.11,51,-0.000715583238366216
0.11,52,0.0014155519226381433
0.11,53,-0.0001014190199503427
0.11,54,0.001484259010455486
0.11,55,0.0011673925626037958
0.11,56,-6.276626958127527e-5
0.11,57,0.0026120252818335556
0.11,58,0.000836540619493208
0.11,59,0.0015149651006253972
0.11,60,0.0025005394469211684
0.11,61,0.001002895826412866
0.11,62,0.0007050439764776502
0.11,63,-0.0014850845478571967
0.11,64,0.00013541398702476685
0.11,65,-0.0007357258626301466
0.11,66,-0.0008383401313672858
0.11,67,0.0024577443958009523
0.11,68,0.0005398500952843808
0.11,69,0.0003308016821869151
0.11,70,-0.0005796405287359439
0.11,71,0.0004646124378965978
0.11,72,0.0008868274299107255
0.11,73,-0.0006514101445094671
0.11,74,0.002056218605877443
0.11,75,-0.00173393343989221
0.11,76,-0.001013387949308506
0.11,77,0.000743392812864463
0.11,78,0.0026726586903915435
0.11,79,-0.002388555194818401
0.11,80,-0.001296624984822571
0.11,81,-0.005725141925041617
0.11,82,-0.00024765597702613507
0.11,83,0.0008233911055409448
0.11,84,-0.0017785131938009653
0.11,85,0.0008999623364833269
0.11,86,-0.002013888649291774
0.11,87,0.0013121745703538576
0.11,88,-0.0007158435999546118
0.11,89,-0.000974148842363829
0.11,90,0.002267965832976339
0.11,91,0.0047622340658495755
0.11,92,-0.001581412511075858
0.11,93,0.0025371951406437947
0.11,94,0.0016181631280245499
0.11,95,8.114973753745344e-5
0.11,96,0.0016991734473470854
0.11,97,0.003075789043059046
0.11,98,0.0029842036291988644
0.11,99,0.00373933592685071
0.11,100,0.00344659597629016
0.11,101,0.004635703432327965
0.11,102,0.0028656191517742037
0.11,103,0.0002305459282149241
0.11,104,0.0011011871714966476
0.11,105,0.0035059236181330462
0.11,106,0.0005359043283810935
0.11,107,0.0007991999947325997
0.11,108,0.001393370300950224
0.11,109,0.0007732091107415726
0.11,110,0.00016793501644896168
0.11,111,0.0012882918816508931
0.11,112,-0.0012316250801950156
0.11,113,0.002745313651891732
0.11,114,-0.0007942211152101444
0.11,115,-0.00023152292783557707
0.11,116,0.0010853032230822618
0.11,117,-0.0007475187412253323
0.11,118,-0.0010118284298911014
0.11,119,0.000752438247670522
0.11,120,0.00015863164924230158
0.11,121,0.0003721693257085329
0.11,122,3.875994895591593e-5
0.11,123,0.0005728212273990289
0.11,124,-0.0019871291609580457
0.11,125,0.001143133293441093
0.11,126,0.00023117731498399383
0.11,127,-0.0006795230317602093
0.11,128,-8.919190926674133e-5
0.11,129,0.0002404668250398613
0.11,130,-0.001309273486172579
0.11,131,-0.0022353365257485338
0.11,132,-0.0011722978730953116
0.11,133,-0.0008388173674374755
0.11,134,-0.00036167297765017116
0.11,135,0.0006234684944571175
0.11,136,-0.0007867766965927173
0.11,137,0.0012962240094037713
0.11,138,-0.00015684887044105093
0.11,139,0.0007311603969300263
0.11,140,-8.519509579307825e-5
0.11,141,6.700165153414484e-5
0.11,142,-8.703170772920269e-5
0.11,143,-0.0002657857683121771
0.11,144,0.0003916063195286806
0.11,145,-0.0013851690577937087
0.11,146,-9.828217730705164e-5
0.11,147,0.001631373988065476
0.11,148,-0.0008115880678864569
0.11,149,0.00024149919901806215
0.11,150,7.977995491279244e-5
0.11,151,0.0009017725257596562
0.11,152,0.0024474847615005317
0.11,153,0.002574216716800111
0.11,154,0.0008741569249311586
0.11,155,0.0022561990299003005
0.11,156,0.0034879790297264283
0.11,157,0.0033239840479302105
0.11,158,0.003165759070611414
0.11,159,0.0050175925113143775
0.11,160,0.0020770819206710842
0.11,161,0.005959536276115575
0.11,162,-0.0013969578182153899
0.11,163,0.0030470606065136053
0.11,164,-0.0003810967957377265
0.11,165,-0.0009630685029718876
0.11,166,0.0010763103570867955
0.11,167,0.000641596158614767
0.11,168,-0.003567479864883453
0.11,169,-0.0018169488388263364
0.11,170,0.001642810246412585
0.11,171,-0.003057307246095447
0.11,172,0.0024390175505142942
0.11,173,-0.0003670187101049328
0.11,174,0.001228109580974842
0.11,175,0.004518217545942781
0.11,176,0.0030581717720420975
0.11,177,0.0009057610429492363
0.11,178,0.006251726656928882
0.11,179,0.0031224025377147593
0.11,180,0.001875861785825424
0.11,181,-0.0021364377243933094
0.11,182,-0.0015118488956383993
0.11,183,0.0010282782172060362
0.11,184,0.0015464254206352095
0.11,185,0.0008676436321330054
0.11,186,0.0021582974013069902
0.11,187,0.008920598971781608
0.11,188,0.010305415430852085
0.11,189,0.0008501965826334026
0.11,190,0.030301651941907416
0.11,191,-0.015353931605853658
0.11,192,0.2229474101831425
0.11,193,0.004162822742888366
0.11,194,0.001169762536680279
0.11,195,-0.0011990378887376126
0.11,196,0.0004316162781904906
0.11,197,0.002137080379702977
0.11,198,0.0028879549373469113
0.12,intercept,0.01780116698211932
0.12,1,0.0011596196110255337
0.12,2,0.002340104223754275
0.12,3,0.003468355827336882
0.12,4,0.0009245130780051864
0.12,5,0.0026806829530790243
0.12,6,0.0009109124598193326
0.12,7,0.0022575302058671465
0.12,8,0.004539944587555987
0.12,9,0.0016462377322277583
0.12,10,0.0005323505034093631
0.12,11,7.983017671632836e-5
0.12,12,-0.0004741405929209982
0.12,13,-0.0001810435801939774
0.12,14,0.0005598362664783815
0.12,15,0.0012645037910867067
0.12,16,7.531595627966314e-5
0.12,17,0.0005964825069268354
0.12,18,-0.002188059119149057
0.12,19,2.1558789638418234e-5
0.12,20,0.000804322707188914
0.12,21,-0.0003922797796653279
0.12,22,-0.0019575260146440566
0.12,23,-0.0015015095204270893
0.12,24,-2.2802283221968677e-5
0.12,25,-0.000990463787731043
0.12,26,-0.0014666876213179996
0.12,27,0.0014239400277874616
0.12,28,0.00022004838303806687
0.12,29,0.001009014131209612
0.12,30,-0.0025100866854488417
0.12,31,0.00123699600570787
0.12,32,-0.0010559884146266612
0.12,33,-0.0010212503532022758
0.12,34,9.859575846270052e-5
0.12,35,-0.0025782059563923963
0.12,36,0.0011071037822630997
0.12,37,-0.002479802914108577
0.12,38,0.0012430998289803662
0.12,39,-0.0002068636171007522
0.12,40,-0.000989747652259386
0.12,41,0.0014439001443679903
0.12,42,-0.0011897345333841923
0.12,43,0.002106194924678426
0.12,44,-0.0016857750373265885
0.12,45,0.00028221358372411285
0.12,46,0.001998413252373367
0.12,47,0.0001989585088629717
0.12,48,0.0005046416678405554
0.12,49,1.1287736791733995e-5
0.12,50,0.0016661782636796154
0.12,51,-0.0005436083528377088
0.12,52,0.0014712337436713868
0.12,53,-9.401622168433738e-5
0.12,54,0.0023023514532031246
0.12,55,0.0007537782905387177
0.12,56,-0.00019736486116234435
0.12,57,0.0024251868076617267
0.12,58,0.0012995596435228633
0.12,59,0.0010897613544755093
0.12,60,0.0033785573426674707
0.12,61,0.000599040546288929
0.12,62,0.00071046449412573
0.12,63,-0.0015322075450506195
0.12,64,4.587972382315357e-5
0.12,65,-0.00010419696146453316
0.12,66,-0.0016404652964781186
0.12,67,0.0031987313743390773
0.12,68,0.0002619627353310019
0.12,69,0.0013276889956705192
0.12,70,-0.001521200570759042
0.12,71,0.0012243512805170684
0.12,72,0.0012747405645618284
0.12,73,-0.0005641552680827862
0.12,74,0.0019092433357833917
0.12,75,-0.0013694442706986237
0.12,76,-0.0024962539806351615
0.12,77,0.00129573703890789
0.12,78,0.0011763258681163399
0.12,79,-0.0017805398975185313
0.12,80,-0.0009114038444804855
0.12,81,-0.0051072158053036484
0.12,82,-0.000750129182985974
0.12,83,-0.00021117865950084601
0.12,84,-0.00038906948449668065
0.12,85,-5.9342677440858105e-5
0.12,86,4.6212341611112964e-5
0.12,87,0.0013191589989796268
0.12,88,0.0005875415992766654
0.12,89,-0.0014979528595552348
0.12,90,0.0029248562358871835
0.12,91,0.004084978921031562
0.12,92,-0.0014903392493672849
0.12,93,0.0017036396688015216
0.12,94,0.0025271039039058848
0.12,95,-0.00021827867291037968
0.12,96,0.0009165341305324475
0.12,97,0.003344848486207141
0.12,98,0.004494039364235914
0.12,99,0.002965528599560119
0.12,100,0.0037232121735875654
0.12,101,0.004019406623572022
0.12,102,0.002829801231043485
0.12,103,0.00011588091576441823
0.12,104,0.0005141798801892852
0.12,105,0.0034624123812140783
0.12,106,0.0008774432693383953
0.12,107,0.00039055394751739676
0.12,108,0.0019344225428592561
0.12,109,0.001032548128626896
0.12,110,-0.0001371412508837314
0.12,111,0.0002643653133539558
0.12,112,-0.0009244128983865408
0.12,113,0.002313760513243527
0.12,114,-0.0005988537852515889
0.12,115,0.0011278938304272472
0.12,116,0.0005214754174574882
0.12,117,-0.0012067660872199116
0.12,118,-0.0010492196038212353
0.12,119,0.0006005991510950088
0.12,120,0.0003730279863960457
0.12,121,0.0003397448046001207
0.12,122,-0.0001184270281700757
0.12,123,0.0006404695595826975
0.12,124,-0.0025177480427608376
0.12,125,0.0014316838106608434
0.12,126,-0.00021387711150672466
0.12,127,-0.0004511117596938775
0.12,128,-0.0005729637704736515
0.12,129,0.00043919887547718377
0.12,130,-0.001222037284362925
0.12,131,-0.0020873987207029564
0.12,132,-0.0014213922347061615
0.12,133,-0.0005363748021129455
0.12,134,-0.0002503995097463204
0.12,135,0.00023824611600069997
0.12,136,-0.0004729387130112701
0.12,137,0.0019629811191143234
0.12,138,-0.0002379133743451911
0.12,139,6.775774351061616e-5
0.12,140,0.00020031536579375042
0.12,141,-0.00012813678684676542
0.12,142,0.0004242581503725149
0.12,143,-0.0008518274129766363
0.12,144,0.0010961942973021666
0.12,145,-0.0016817859982934378
0.12,146,0.0005186853658981118
0.12,147,0.0007792563823976588
0.12,148,-0.0007381058190254255
0.12,149,0.0006308348530564814
0.12,150,0.0005795037151345873
0.12,151,0.0007611811456134691
0.12,152,0.0025959357669518273
0.12,153,0.0013402771740751909
0.12,154,0.0020174487732811963
0.12,155,0.002608225510278944
0.12,156,0.004568151561562677
0.12,157,0.00283269684271517
0.12,158,0.0032060442909357806
0.12,159,0.004319124787952421
0.12,160,0.0020208183527916316
0.12,161,0.005612055603071608
0.12,162,-0.00042077587671142267
0.12,163,0.0032682095453832826
0.12,164,-2.0552166184902976e-5
0.12,165,-0.0014325893421745853
0.12,166,0.00018741126082383953
0.12,167,0.00036164143008114567
0.12,168,-0.0024280204585133934
0.12,169,-0.0017244255762560586
0.12,170,0.0006041382088288069
0.12,171,-0.003445396473820221
0.12,172,0.003410206966023599
0.12,173,-0.0013189310436459948
0.12,174,0.0013813485709386144
0.12,175,0.004448055488990362
0.12,176,0.003117009749598965
0.12,177,-6.602408223999063e-5
0.12,178,0.006748222783163237
0.12,179,0.002425028081231154
0.12,180,0.0009946193291944074
0.12,181,-0.0011005434404268847
0.12,182,-0.0018133466050847247
0.12,183,0.0014728767629262232
0.12,184,0.00034800794702389686
0.12,185,0.001753663035148643
0.12,186,0.0018847183822921943
0.12,187,0.00867699479494455
0.12,188,0.010553987136330985
0.12,189,0.0013328639769980462
0.12,190,0.03053703192333557
0.12,191,-0.016196707516200087
0.12,192,0.23401504365624254
0.12,193,0.004049733844968392
0.12,194,0.001098852743619884
0.12,195,-0.0012799392890024241
0.12,196,0.00037982991980824545
0.12,197,0.00201807561180432
0.12,198,0.002782937458561438
0.13,intercept,0.01764219696595225
0.13,1,0.0023704089389788084
0.13,2,0.0016810450243564179
0.13,3,0.004417708991787289
0.13,4,0.0007920445596101303
0.13,5,0.003310632406397022
0.13,6,0.0005926390809743936
0.13,7,0.0018400997103859083
0.13,8,0.004927221052835659
0.13,9,0.0021397615736074905
0.13,10,-0.00021157340443822618
0.13,11,0.00024414938551544784
0.13,12,-0.0003793479869292308
0.13,13,0.00026398112597695553
0.13,14,0.0005716172394741033
0.13,15,0.0014800919213573257
0.13,16,-0.0011962978631996687
0.13,17,0.0013768362475162204
0.13,18,-0.0035848013204587614
0.13,19,0.00035687053242601605
0.13,20,0.0004553278936649281
0.13,21,-0.000300767023804794
0.13,22,-0.0020470983140925417
0.13,23,-0.0020483114651391335
0.13,24,0.0004679488979199086
0.13,25,-0.0002537615425780804
0.13,26,-0.0018030003678144938
0.13,27,0.0015355446155245248
0.13,28,6.113294136205699e-5
0.13,29,0.001446640493703503
0.13,30,-0.0025004292153670417
0.13,31,0.0014928817085302195
0.13,32,-0.001216776532125547
0.13,33,-0.0008927898043668759
0.13,34,-0.00030061333184478215
0.13,35,-0.002593372889470816
0.13,36,0.0015030855308140886
0.13,37,-0.0029960858356021876
0.13,38,0.0009919322316767846
0.13,39,-0.00016993008720399025
0.13,40,-0.0011847100427498098
0.13,41,0.0017387962271488504
0.13,42,-0.0015590009465946237
0.13,43,0.0023098666524137734
0.13,44,-0.0015419947981836113
0.13,45,0.00032434511708589504
0.13,46,0.002126760507371896
0.13,47,6.451216394383962e-5
0.13,48,0.00043386998620191725
0.13,49,0.00028569820566909983
0.13,50,0.0016667670295566301
0.13,51,-0.0007958258036345426
0.13,52,0.0013878221526706547
0.13,53,-0.0005726999729445505
0.13,54,0.0018923080025646114
0.13,55,0.0017397669365094507
0.13,56,-0.0006197528065469851
0.13,57,0.001706917913050125
0.13,58,0.0016427275774296094
0.13,59,0.0007961254592014831
0.13,60,0.0031178229890049267
0.13,61,0.0008971865286857365
0.13,62,0.0007232368589083416
0.13,63,-0.001459991904474736
0.13,64,-0.0003915372626623128
0.13,65,-0.0005810244702866996
0.13,66,-0.0010363806564530449
0.13,67,0.002880055051007566
0.13,68,0.0006228718922472906
0.13,69,0.00035090259640536406
0.13,70,-0.00018530973357576799
0.13,71,0.0010485105904482752
0.13,72,0.0015030423446554162
0.13,73,-0.0003513619852925366
0.13,74,0.0021039751363390907
0.13,75,-0.0018997010043971447
0.13,76,-0.0031818395639829104
0.13,77,0.001730736800118189
0.13,78,-0.0004791805073115306
0.13,79,-0.0006239882473423863
0.13,80,0.00017166328574033803
0.13,81,-0.005766328121982787
0.13,82,-0.00018206469537479717
0.13,83,0.00041812968548742116
0.13,84,-0.0020405191958851846
0.13,85,8.101735423314088e-5
0.13,86,1.9932694238535184e-5
0.13,87,0.00121979567032277
0.13,88,6.096851097698706e-5
0.13,89,8.433255701554105e-6
0.13,90,0.002258046702036225
0.13,91,0.005698235092607213
0.13,92,-0.0018419120503497398
0.13,93,0.001213110661176059
0.13,94,0.0023723001986846455
0.13,95,0.00045430573171434207
0.13,96,0.0003451460610078765
0.13,97,0.003190466283419464
0.13,98,0.004371114257330088
0.13,99,0.002334832419117155
0.13,100,0.00476305214644434
0.13,101,0.003184727774444886
0.13,102,0.003473148495853822
0.13,103,-0.00028297568862205254
0.13,104,0.000296807891951193
0.13,105,0.003776058831347057
0.13,106,0.00034622004068801145
0.13,107,0.00024233573304617865
0.13,108,0.0015595422678147345
0.13,109,0.0007953345823568748
0.13,110,0.0004933239872840841
0.13,111,0.0005524578062939223
0.13,112,-0.000660294510000228
0.13,113,0.0016981536070025003
0.13,114,-2.8144340262547054e-5
0.13,115,0.00016682108327384482
0.13,116,0.0009720143344704736
0.13,117,-0.00182877148670806
0.13,118,-0.0009155622962020162
0.13,119,0.0009277558940997671
0.13,120,0.00039336962083312473
0.13,121,0.0005289127589281138
0.13,122,-0.0002822676190899967
0.13,123,0.0009614677729246033
0.13,124,-0.00271719644437977
0.13,125,0.0016897760319178302
0.13,126,-0.0007325197573526858
0.13,127,-0.0003545812434848428
0.13,128,-0.0009229820404797073
0.13,129,0.0002837253312599524
0.13,130,-0.0016378066841001588
0.13,131,-0.0013501771441727446
0.13,132,-0.0014288522777344442
0.13,133,-0.0002491779570456293
0.13,134,-0.00019883366393807028
0.13,135,1.9292293697923604e-5
0.13,136,-5.7977223310880425e-5
0.13,137,0.0010851437913347293
0.13,138,-2.6480145955334977e-5
0.13,139,-4.7255080712354817e-5
0.13,140,0.0004749983095564896
0.13,141,-0.00034539722547181917
0.13,142,0.0005267805883670106
0.13,143,-0.0009474230166804587
0.13,144,0.00032227642891490644
0.13,145,-0.0011986024400891544
0.13,146,0.0006207367226189805
0.13,147,0.0006473836785094314
0.13,148,9.934701023234569e-5
0.13,149,0.0005920264807542417
0.13,150,0.0011893133043621238
0.13,151,0.00048749425184088787
0.13,152,0.0023100120974832686
0.13,153,0.0019088761800499822
0.13,154,0.002976923642110151
0.13,155,0.0019577487748924953
0.13,156,0.004408756136337434
0.13,157,0.003149820966435763
0.13,158,0.0023776344046168175
0.13,159,0.004645308245466318
0.13,160,0.0029399225420138554
0.13,161,0.006128403109603164
0.13,162,-0.0014916705041313778
0.13,163,0.004469550612413093
0.13,164,-0.00022452729393220534
0.13,165,-0.0016108219034935579
0.13,166,-7.801314936944128e-5
0.13,167,-0.0005376720850514007
0.13,168,-0.0010279253028853167
0.13,169,-0.0025403475724337142
0.13,170,-0.00017308311339169248
0.13,171,-0.0028752108304145787
0.13,172,0.002114165785511383
0.13,173,-0.0010094035261956798
0.13,174,0.0024103681738155626
0.13,175,0.005151052923267004
0.13,176,0.002576035512622771
0.13,177,-0.0009333126707448091
0.13,178,0.007587435963911236
0.13,179,0.0008722695818226212
0.13,180,0.0009102076980311665
0.13,181,-0.0008347741897753625
0.13,182,3.1025325269198446e-5
0.13,183,0.0011956888777939789
0.13,184,-0.0004508545619226775
0.13,185,0.0026043534741499773
0.13,186,0.0018685948152790141
0.13,187,0.01015494707692876
0.13,188,0.008350661650807164
0.13,189,0.0023057946567730907
0.13,190,0.0312881701488198
0.13,191,-0.01640757597191085
0.13,192,0.2469767326631916
0.13,193,0.004314385350154895
0.13,194,0.0003558281324881207
0.13,195,-0.0014197303105837012
0.13,196,0.00035871566960901365
0.13,197,0.001916927488834437
0.13,198,0.0026770602701150087
0.14,intercept,0.017520531221958773
0.14,1,0.002444550429795268
0.14,2,0.002145748637792027
0.14,3,0.003240308976177774
0.14,4,0.0014200266619685195
0.14,5,0.0031124603059669966
0.14,6,0.0006585407593789532
0.14,7,0.0026996729274690514
0.14,8,0.004119909567550337
0.14,9,0.002418268772661182
0.14,10,-0.0006792557882185688
0.14,11,0.0008763944883120834
0.14,12,-0.00039040415352144833
0.14,13,0.00013512340539536809
0.14,14,0.00016330472635392657
0.14,15,0.0019707008767359557
0.14,16,-0.001585566846233834
0.14,17,0.0013217421123363285
0.14,18,-0.003435816716874782
0.14,19,0.00011961053194594347
0.14,20,0.00021832545222933583
0.14,21,-0.00013096623784233805
0.14,22,-0.0022293330571961415
0.14,23,-0.0015187433492516258
0.14,24,-0.0002586193584232415
0.14,25,8.474660670556426e-5
0.14,26,-0.0019392463296216938
0.14,27,0.001779668493622651
0.14,28,0.00028543944894715085
0.14,29,0.0011103188219926004
0.14,30,-0.0022549390643450615
0.14,31,0.0004530431418166176
0.14,32,-0.0003463308324190217
0.14,33,-0.0007363307325979469
0.14,34,-0.00037783468329364276
0.14,35,-0.0032437684322767324
0.14,36,0.0018105915468790744
0.14,37,-0.0030685935465095057
0.14,38,0.0011561988144702844
0.14,39,-0.0006096618301485288
0.14,40,-0.0005736846367846824
0.14,41,0.0020249269898274815
0.14,42,-0.0008275158289037408
0.14,43,0.002307865947182089
0.14,44,-0.0013711374617233897
0.14,45,0.0008011736863505674
0.14,46,0.002656023873123189
0.14,47,-0.0004313960129476518
0.14,48,-0.0001413026662272646
0.14,49,0.00014767450007164561
0.14,50,0.002096265209930742
0.14,51,-0.000696897121258921
0.14,52,0.001187490929414311
0.14,53,-0.0005049653632879945
0.14,54,0.0013061774606142678
0.14,55,0.0016160181195130205
0.14,56,0.00014609923402036213
0.14,57,0.001318500996997586
0.14,58,0.0019370189719625365
0.14,59,0.0008552358007750517
0.14,60,0.002648694766144152
0.14,61,0.0004662666061196669
0.14,62,0.00029975254615059363
0.14,63,-0.0007235949798430761
0.14,64,-0.00035619601570637747
0.14,65,-0.0004321151900915336
0.14,66,-0.0014784668235843393
0.14,67,0.0026859081212941447
0.14,68,0.0005229503059092798
0.14,69,0.00024620432557663556
0.14,70,-0.00021296119388515206
0.14,71,0.0013279659877307288
0.14,72,0.001809809500288666
0.14,73,-0.0008351147882659613
0.14,74,0.0019989088430538314
0.14,75,-0.0019153149888589736
0.14,76,-0.003610356997756856
0.14,77,0.0015652643195576907
0.14,78,-0.0006157906375966784
0.14,79,-0.0006766899462947478
0.14,80,0.00126073026634107
0.14,81,-0.007100963452991055
0.14,82,0.0003005127088506435
0.14,83,1.553211740068962e-5
0.14,84,-0.001087579922020596
0.14,85,0.0001074810363502901
0.14,86,-0.0005857472550941421
0.14,87,0.0007860480667649787
0.14,88,0.0007989906075224245
0.14,89,-5.6608089466334674e-5
0.14,90,0.0020704017525978776
0.14,91,0.0063067003824788985
0.14,92,-0.0017892923385443825
0.14,93,0.0013355743332669342
0.14,94,0.002682071450653422
0.14,95,-0.0002755869078810668
0.14,96,0.0008765690988676309
0.14,97,0.00267528413189256
0.14,98,0.004334838818901954
0.14,99,0.00222533942931849
0.14,100,0.005079254292345242
0.14,101,0.003070732141743455
0.14,102,0.002639048286646777
0.14,103,0.0014041483724234463
0.14,104,-0.0006200273737386971
0.14,105,0.004456336482089448
0.14,106,-0.0003980205979543183
0.14,107,-0.0002265457197740914
0.14,108,0.002453211179271205
0.14,109,0.002234551820238452
0.14,110,-0.00030956971948859364
0.14,111,0.000468546009683556
0.14,112,-0.0010683367713779264
0.14,113,0.0025027728994670975
0.14,114,0.00028116989057295545
0.14,115,-0.0003180205424457101
0.14,116,0.0009852833346504506
0.14,117,-0.0021737435794091393
0.14,118,-0.0005031144198461942
0.14,119,0.000986419906210267
0.14,120,0.0010261007368915628
0.14,121,0.0006750509733723542
0.14,122,-0.00025291906368977117
0.14,123,0.0009605634016253406
0.14,124,-0.003102681090622152
0.14,125,0.001588680515958919
0.14,126,-0.0005366127860725979
0.14,127,-0.0010016832336773548
0.14,128,-0.0007870647119455372
0.14,129,-0.00022804142569890818
0.14,130,-0.000760431471051293
0.14,131,-0.001491462559995829
0.14,132,-0.0012775633366321334
0.14,133,-5.972230255858501e-5
0.14,134,6.342468396811875e-5
0.14,135,9.171657528776688e-6
0.14,136,-0.000330350040448896
0.14,137,0.001977323130666258
0.14,138,0.00021412688335205543
0.14,139,-0.0005049246340397584
0.14,140,0.00010135995968821364
0.14,141,-0.0003568613869992529
0.14,142,-0.00015451422002198592
0.14,143,-0.0004323495300077853
0.14,144,-0.00022945921669328148
0.14,145,-0.000463118635479867
0.14,146,-0.00018904213392802234
0.14,147,0.0012440540179126686
0.14,148,-0.00018708076047984138
0.14,149,0.0004168001587734818
0.14,150,0.001467766771617945
0.14,151,0.00033234792576394747
0.14,152,0.0028329549264569905
0.14,153,0.0015316890589330224
0.14,154,0.0036098889980072098
0.14,155,0.0015697799582896517
0.14,156,0.004173008625862679
0.14,157,0.0037293384634156067
0.14,158,0.0018088082942176893
0.14,159,0.0046767258671326205
0.14,160,0.0029607281879353237
0.14,161,0.005333709718382174
0.14,162,-0.00010152002954579501
0.14,163,0.0040324154960319535
0.14,164,0.0006607592094939633
0.14,165,-0.002357442460573721
0.14,166,-0.0005092435477381873
0.14,167,-0.0008393447434119662
0.14,168,-0.0007298035275828653
0.14,169,-0.0012150010753308126
0.14,170,-0.0016671844142549823
0.14,171,-0.0018648331521028188
0.14,172,0.0011747587429271678
0.14,173,-7.450972841110063e-5
0.14,174,0.0021648715925365715
0.14,175,0.004780737663154846
0.14,176,0.00288134132741353
0.14,177,-0.0010767273648669598
0.14,178,0.007639325577870367
0.14,179,0.0009267590853171563
0.14,180,2.8134361205772576e-5
0.14,181,-0.0017509925792006825
0.14,182,5.501549244643499e-5
0.14,183,0.0006326020765463637
0.14,184,-0.00043974007145883813
0.14,185,0.002454757414932597
0.14,186,0.0033807487832863757
0.14,187,0.009370996299029996
0.14,188,0.006990842064271536
0.14,189,0.004643636260982976
0.14,190,0.030507847680193708
0.14,191,-0.01067498191793866
0.14,192,0.2526245381495902
0.14,193,0.004240553741583897
0.14,194,-0.0001542563501826833
0.14,195,-0.001523581697336611
0.14,196,0.0004395960807244688
0.14,197,0.0018342165647100075
0.14,198,0.002536306954145652
0.15,intercept,0.01736187928958247
0.15,1,0.003062462493328371
0.15,2,0.0014327938292515875
0.15,3,0.0031764289638928443
0.15,4,0.0004378456338075161
0.15,5,0.0038048188553399765
0.15,6,0.00016957200551831196
0.15,7,0.0031968580585421793
0.15,8,0.0038111796173651204
0.15,9,0.002601247096082341
0.15,10,-0.00125862168436943
0.15,11,0.0021627149012255382
0.15,12,-0.0007585027451424227
0.15,13,-0.00027051934351666064
0.15,14,0.0005600242371485081
0.15,15,0.0018238663544531528
0.15,16,-0.0011860670633109028
0.15,17,0.0012962218947589882
0.15,18,-0.003371421873120535
0.15,19,-4.844528438925272e-5
0.15,20,0.0003271259749289011
0.15,21,-6.016025799724163e-6
0.15,22,-0.002206045908214919
0.15,23,-0.0020348788580606784
0.15,24,-0.0005319722312311253
0.15,25,0.0007423491834782967
0.15,26,-0.0021999328335580875
0.15,27,0.001839332919591971
0.15,28,0.00011974441939049335
0.15,29,0.0008079650926726851
0.15,30,-0.0020915870608837804
0.15,31,0.000819446518974108
0.15,32,0.000303806552639585
0.15,33,-0.0007674769983442944
0.15,34,-0.000793023887213573
0.15,35,-0.0029316552888663094
0.15,36,0.0014516371493083116
0.15,37,-0.0033773560383165055
0.15,38,0.0008659293547891015
0.15,39,-0.00034142594180941606
0.15,40,-0.0002010788498716579
0.15,41,0.0025419656650069295
0.15,42,-0.0005195678235314552
0.15,43,0.0018353416398664238
0.15,44,-0.0004512520285795345
0.15,45,0.0008391172158587298
0.15,46,0.0017945769146902315
0.15,47,5.931774967860368e-5
0.15,48,-0.00043312506439083253
0.15,49,0.0003027610845981171
0.15,50,0.001791067272451369
0.15,51,-0.0007417824818680164
0.15,52,0.0010564255166309263
0.15,53,-0.0006291073339424818
0.15,54,0.0014227921250950565
0.15,55,0.0015696989592272924
0.15,56,-9.39446651940007e-5
0.15,57,0.001253024188461813
0.15,58,0.0016879846407435281
0.15,59,0.0009437493917185082
0.15,60,0.0025209206722556308
0.15,61,0.000220982524589453
0.15,62,0.00048116944415900264
0.15,63,-0.0007789482954351614
0.15,64,0.00027114607871077064
0.15,65,-0.00042959889609478697
0.15,66,-0.0016153902551187698
0.15,67,0.003092542736110411
0.15,68,2.817273683062999e-5
0.15,69,0.0006154655472615478
0.15,70,-0.0006883804796914014
0.15,71,0.0015777240942350436
0.15,72,0.002094324227671702
0.15,73,-0.0010276490662765626
0.15,74,0.0018316775448588476
0.15,75,-0.0025110151965910656
0.15,76,-0.0028031232977340547
0.15,77,0.0011741446138506715
0.15,78,-0.0019209916294635429
0.15,79,0.0011545579299889394
0.15,80,0.0009520589896408503
0.15,81,-0.007060873128306724
0.15,82,-0.00017031043497990188
0.15,83,-0.0007092265302637976
0.15,84,-0.0004972743422537826
0.15,85,-0.0008603165712662835
0.15,86,0.00011164541783133723
0.15,87,0.0003477369940256565
0.15,88,0.0018085686061714104
0.15,89,-0.0009239935477996816
0.15,90,0.002107540500866924
0.15,91,0.005812902669596223
0.15,92,-0.0010857632111542321
0.15,93,0.001547314789172686
0.15,94,0.0009197463104327966
0.15,95,0.0012397543804756226
0.15,96,0.0001583311660719848
0.15,97,0.003874617807080045
0.15,98,0.005632870075736809
0.15,99,0.0012842895679965876
0.15,100,0.004767788788778777
0.15,101,0.003463807400321774
0.15,102,0.0019550059552792954
0.15,103,0.0026951470548110625
0.15,104,-0.0015104107428467156
0.15,105,0.004287961655585064
0.15,106,8.810767820553725e-5
0.15,107,-0.0001543179899299884
0.15,108,0.0027326042596678753
0.15,109,0.001340843368910944
0.15,110,-0.00013094598222332716
0.15,111,0.0003490148305227756
0.15,112,-0.0008270544652221652
0.15,113,0.002451413449384945
0.15,114,0.0002149194648152668
0.15,115,-0.0005912670128143093
0.15,116,0.0014015854550616157
0.15,117,-0.0019371696205237154
0.15,118,-0.0009540095624312948
0.15,119,0.0015101460514034906
0.15,120,0.001130726874967467
0.15,121,0.0006922214693421192
0.15,122,-0.0008814288148092491
0.15,123,0.0009626943221786673
0.15,124,-0.0026466564773907192
0.15,125,0.0013883092058364305
0.15,126,-0.0006627272091605654
0.15,127,-0.0011095107882954942
0.15,128,-0.0008858871161344676
0.15,129,-9.710211630839008e-5
0.15,130,-0.0009922514930606591
0.15,131,-0.001387635717432686
0.15,132,-0.0014706201039378522
0.15,133,0.00017677112539624682
0.15,134,-0.00016255128835426783
0.15,135,0.0003049727034443302
0.15,136,-0.00024787361635658043
0.15,137,0.0017480854354998516
0.15,138,0.0002971949050577713
0.15,139,-0.00014247300936027726
0.15,140,-0.00016272088418706884
0.15,141,-0.00024453991713722776
0.15,142,5.023669945685401e-5
0.15,143,-0.0001197116940157461
0.15,144,-0.0010020537314194438
0.15,145,-0.00034140217454376164
0.15,146,9.7125939837273e-6
0.15,147,0.0006066589698453562
0.15,148,0.001322647067020685
0.15,149,0.00019450147851357723
0.15,150,0.0012159812849438976
0.15,151,-6.468021386364759e-5
0.15,152,0.0025653598440211266
0.15,153,0.0021147273726588992
0.15,154,0.003671374019775664
0.15,155,0.0018801054067177471
0.15,156,0.003693369073726642
0.15,157,0.0033140551635429285
0.15,158,0.0019541762130327643
0.15,159,0.004880980661827917
0.15,160,0.0024514866908377825
0.15,161,0.006249770032537203
0.15,162,-0.0009243076032443357
0.15,163,0.003221689418060216
0.15,164,0.001164527196768631
0.15,165,-0.0022994779518017766
0.15,166,-0.0007306633481094901
0.15,167,-0.0020634604058978067
0.15,168,-0.0007248045158006641
0.15,169,0.00039685091211057877
0.15,170,-0.0027546514350740917
0.15,171,-0.000993273563733999
0.15,172,0.0008361646348038063
0.15,173,0.0006392395125152745
0.15,174,0.002651066235933685
0.15,175,0.004210085395816486
0.15,176,0.0015837489811728709
0.15,177,-0.0002362445606710568
0.15,178,0.007243165349706798
0.15,179,0.00014302437158266942
0.15,180,0.0001565190550781938
0.15,181,-0.00033445429864601876
0.15,182,0.0005682820547504228
0.15,183,0.00022335860979597367
0.15,184,0.00024068245772332646
0.15,185,0.003516398241973531
0.15,186,0.0022582317823942014
0.15,187,0.00867800976372036
0.15,188,0.007497757880900174
0.15,189,0.004859183777690559
0.15,190,0.031073136446186974
0.15,191,-0.011578001512206759
0.15,192,0.26493699094107637
0.15,193,0.004796398936407805
0.15,194,-0.0003369440616027363
0.15,195,-0.001639282053953495
0.15,196,0.00044228934010049465
0.15,197,0.0017555959263573714
0.15,198,0.002418413235713805
0.16,intercept,0.01724450541106759
0.16,1,0.003240598980706866
0.16,2,0.0015881766188282646
0.16,3,0.0025934271688527223
0.16,4,0.0008887949740211846
0.16,5,0.004418613692030107
0.16,6,-0.00017495766577252739
0.16,7,0.003202786841000652
0.16,8,0.0037954774394188895
0.16,9,0.0028457344230532955
0.16,10,-0.0010805768182918115
0.16,11,0.001429838749547986
0.16,12,-0.0010234414225597376
0.16,13,-0.0004213538563098486
0.16,14,0.0007202941227769292
0.16,15,0.0017945460925272738
0.16,16,-0.0007718775571816071
0.16,17,0.0014567798446382177
0.16,18,-0.0037041303436974125
0.16,19,-0.0006431081729453609
0.16,20,0.0007257538337525749
0.16,21,-0.0005716328030131765
0.16,22,-0.001296914360120985
0.16,23,-0.0028299941931063896
0.16,24,-0.00019511483571622897
0.16,25,0.0005224157149553226
0.16,26,-0.002035442830978473
0.16,27,0.0018533246635304805
0.16,28,-0.00026678500483775104
0.16,29,0.000876888505695318
0.16,30,-0.002038354681084049
0.16,31,0.0007962596623239943
0.16,32,0.0004076989023099928
0.16,33,-0.0005645982069631364
0.16,34,-0.0006292152476092874
0.16,35,-0.003323312096685271
0.16,36,0.0013336912776757176
0.16,37,-0.002960745214332212
0.16,38,0.0006771737127294553
0.16,39,2.4837888432317612e-5
0.16,40,-0.0003683477768759895
0.16,41,0.002477712353416123
0.16,42,-6.648895704834691e-5
0.16,43,0.001352725537188845
0.16,44,-0.00041851063664730955
0.16,45,0.0012155623048740107
0.16,46,0.0016314541138428827
0.16,47,0.0002877554138139452
0.16,48,0.0001578015874928108
0.16,49,-0.00015297827276699336
0.16,50,0.0017807433505033963
0.16,51,-0.0013435246930005025
0.16,52,0.0010943116765886635
0.16,53,7.515229387330464e-5
0.16,54,0.0011283525244068704
0.16,55,0.0019643262722965358
0.16,56,3.97548787534183e-5
0.16,57,0.0013665421882027517
0.16,58,0.0013380751656062737
0.16,59,0.0009377458049590298
0.16,60,0.00271658994986138
0.16,61,0.00019881458829429572
0.16,62,5.042463040193981e-5
0.16,63,-0.0005665508072214243
0.16,64,-0.0003523999000041763
0.16,65,-0.0010359098210802828
0.16,66,-0.0012267116987621921
0.16,67,0.002895811915866542
0.16,68,-5.655444188448375e-5
0.16,69,0.0010515541698165795
0.16,70,-0.0008379413835332898
0.16,71,0.0014139654997945062
0.16,72,0.0028341540034212596
0.16,73,-0.0021876231260919868
0.16,74,0.0029223375513194086
0.16,75,-0.002959699663840274
0.16,76,-0.0025538122493609147
0.16,77,0.0008054891021147272
0.16,78,-0.001268952656720077
0.16,79,0.000925334730012266
0.16,80,0.0007589982307555792
0.16,81,-0.007407277525806429
0.16,82,0.0001686028047869376
0.16,83,-0.0010965119064523477
0.16,84,0.00026267556866015453
0.16,85,-0.0015372094647303166
0.16,86,-0.00014028048577599718
0.16,87,-0.00010269574819920912
0.16,88,0.001862149699321572
0.16,89,-0.0009171092653666859
0.16,90,0.0016018778653752307
0.16,91,0.005942933111067746
0.16,92,-0.0011486783727974747
0.16,93,0.0013326013788617823
0.16,94,0.0024330805329814353
0.16,95,-0.00016398785097708078
0.16,96,0.0007961528160461859
0.16,97,0.004017349002723778
0.16,98,0.004987662139537625
0.16,99,0.002177809131827762
0.16,100,0.005255173441562486
0.16,101,0.0036550595189235083
0.16,102,0.001102900094437942
0.16,103,0.0035065723658464667
0.16,104,-0.0010541876259368493
0.16,105,0.003811386628290431
0.16,106,0.00014234226416565558
0.16,107,0.0008071036628149999
0.16,108,0.0020173212673023767
0.16,109,0.001862703699136423
0.16,110,-0.0005329553764718782
0.16,111,0.0004344776699205215
0.16,112,-0.0005786823967819226
0.16,113,0.0024066130016832527
0.16,114,-0.00017947199588068052
0.16,115,-0.0003133941557223798
0.16,116,0.000838082111396262
0.16,117,-0.0014110125978232383
0.16,118,-0.0010241155365083331
0.16,119,0.0017375333430984532
0.16,120,0.000520128528249634
0.16,121,0.0013752361542105512
0.16,122,-0.0010164054160570594
0.16,123,0.001004169282042028
0.16,124,-0.002373296984565388
0.16,125,0.0013430399076261553
0.16,126,-0.0009579738429918953
0.16,127,-0.00022351297032302642
0.16,128,-0.0015347049323241138
0.16,129,-3.567789041856736e-5
0.16,130,-0.0013766216818958397
0.16,131,-0.0006654658827759282
0.16,132,-0.0019744924927197188
0.16,133,0.0006294504919049336
0.16,134,-0.00018430126641078007
0.16,135,0.0003090208620099897
0.16,136,-0.00038020373017719694
0.16,137,0.0013590512706415157
0.16,138,0.0008291263789646006
0.16,139,-0.00012475497768397575
0.16,140,5.5836631999438005e-5
0.16,141,-0.0006621970399958881
0.16,142,0.0010052319546776914
0.16,143,-0.00034717751245431027
0.16,144,-0.0009076776834899712
0.16,145,-0.0008785749802792934
0.16,146,0.0002148330038491399
0.16,147,0.0004636483374127243
0.16,148,0.0006369118548691995
0.16,149,0.0010569786820930306
0.16,150,-0.0001058849419988033
0.16,151,0.0010281906048318608
0.16,152,0.0014851822728600707
0.16,153,0.0027108933093656
0.16,154,0.0028806356289034873
0.16,155,0.002118788790872784
0.16,156,0.003988903279440213
0.16,157,0.0026064666792204737
0.16,158,0.002605634062521855
0.16,159,0.0050398521466927726
0.16,160,0.002008334927823192
0.16,161,0.006788624011030257
0.16,162,-0.0015890204284690814
0.16,163,0.00343431870614635
0.16,164,9.994868228333026e-5
0.16,165,-0.001401453410182112
0.16,166,-0.0013012545483653776
0.16,167,-0.0015532747434023847
0.16,168,-0.000761685351793118
0.16,169,-0.00035311286610962287
0.16,170,-0.002251522825627307
0.16,171,-0.0003190216899635363
0.16,172,0.0017549877731833914
0.16,173,-0.00013834995839076777
0.16,174,0.0022787689522177166
0.16,175,0.003764344675696773
0.16,176,0.002701444378856058
0.16,177,-0.0012948402523114205
0.16,178,0.007842833455184573
0.16,179,-0.000116378695703927
0.16,180,0.00029228095993445323
0.16,181,-0.0012642875116260564
0.16,182,-6.130371828122213e-7
0.16,183,-0.0007320131370971815
0.16,184,0.0003857438146070853
0.16,185,0.00372639678578974
0.16,186,0.0024937737281343648
0.16,187,0.008731089288653255
0.16,188,0.006743704744537218
0.16,189,0.005124171713407491
0.16,190,0.03224740657877651
0.16,191,-0.01342327908576464
0.16,192,0.2792418779348095
0.16,193,0.004224731917570782
0.16,194,2.2285469614776263e-5
0.16,195,-0.0017499065423584336
0.16,196,0.00046854819104596843
0.16,197,0.0016897417606183754
0.16,198,0.002317805871860339
0.17,intercept,0.017041575515399913
0.17,1,0.0024366863622229534
0.17,2,0.002078555052572998
0.17,3,0.002315107586033178
0.17,4,0.0017399421665103933
0.17,5,0.003804392758647722
0.17,6,-3.447306927137617e-5
0.17,7,0.0026339662009727052
0.17,8,0.003212744739032273
0.17,9,0.00316748467232249
0.17,10,-0.0002722764576088452
0.17,11,0.0014516391180600268
0.17,12,-0.0011826823253611707
0.17,13,-0.0002796318357052751
0.17,14,-0.000248404231135511
0.17,15,0.0021994735879841128
0.17,16,-0.0006386119931067158
0.17,17,0.0014064637842727704
0.17,18,-0.0036099872877281805
0.17,19,-0.0012537520777293485
0.17,20,0.0012570022964340979
0.17,21,-0.0005208594875201749
0.17,22,-0.0012894098287958144
0.17,23,-0.0026179271650165928
0.17,24,-0.00015169323179084983
0.17,25,-0.00018221859066355352
0.17,26,-0.0011637890140273244
0.17,27,0.0012882265820664967
0.17,28,-0.00013430218943575632
0.17,29,0.00028281097111536275
0.17,30,-0.0019328776698750185
0.17,31,0.0009534051495713342
0.17,32,0.0004301403051466843
0.17,33,-0.0010335433836668186
0.17,34,-0.0005331415963745079
0.17,35,-0.00338174222642623
0.17,36,0.001576096981292304
0.17,37,-0.0026398847195813675
0.17,38,0.0007690822515592245
0.17,39,-0.0002347831331313178
0.17,40,9.988998862145704e-5
0.17,41,0.002065293225269452
0.17,42,0.0005961666992928639
0.17,43,0.0005889450270190745
0.17,44,-0.00013482206254271395
0.17,45,0.000715857556327181
0.17,46,0.0015935633924226483
0.17,47,0.0007092681713331576
0.17,48,-0.0007702784947181759
0.17,49,0.0007070393385094706
0.17,50,0.0020940896287394654
0.17,51,-0.0012344448197468855
0.17,52,0.0009267906556817499
0.17,53,-0.00018785649408033578
0.17,54,0.0012425810685632041
0.17,55,0.0015398574429975526
0.17,56,0.0004234191856339015
0.17,57,0.0012370899796749683
0.17,58,0.001176011093030692
0.17,59,0.0011030230729069097
0.17,60,0.0026553359233384135
0.17,61,9.183177289625147e-5
0.17,62,0.00014401397217972948
0.17,63,-0.0004217171101318349
0.17,64,-0.0006638033719350802
0.17,65,-0.0010950452569049311
0.17,66,-0.0012168901815162608
0.17,67,0.003878846521431621
0.17,68,-0.00019025586030796686
0.17,69,0.0005475173406149301
0.17,70,-0.0006848308040623955
0.17,71,0.0012722526032424722
0.17,72,0.0026493921499163285
0.17,73,-0.00253492021612648
0.17,74,0.003012211641476649
0.17,75,-0.003162735942541453
0.17,76,-0.0027277509315453614
0.17,77,0.00022636496398610476
0.17,78,-0.0009367204728606664
0.17,79,0.002218140296815741
0.17,80,-3.9699123523940656e-5
0.17,81,-0.0075139904390381365
0.17,82,0.00025161115601596106
0.17,83,-0.0011630638784590154
0.17,84,0.00024695255213717825
0.17,85,-0.0015795650752678393
0.17,86,1.642416019811948e-5
0.17,87,0.000294322326330684
0.17,88,0.001781893961269451
0.17,89,-0.0007001076576803494
0.17,90,0.0008843003904889387
0.17,91,0.006062580123838885
0.17,92,-0.00022914455882556522
0.17,93,0.00011340718985454367
0.17,94,0.0026169187760764264
0.17,95,0.00033569998812185627
0.17,96,0.0007109708095010526
0.17,97,0.004430606731247495
0.17,98,0.0037062583634742408
0.17,99,0.002641763345088877
0.17,100,0.005983390002789435
0.17,101,0.0038425190179948742
0.17,102,0.000653946348072175
0.17,103,0.0037840395605533033
0.17,104,-0.001147137192159451
0.17,105,0.003936844898709176
0.17,106,0.00011257481340546346
0.17,107,0.0003181749650024839
0.17,108,0.0029522158394247153
0.17,109,0.0008848979906573042
0.17,110,-0.0002033929057867859
0.17,111,0.0006026821341131533
0.17,112,-0.0005599556171565378
0.17,113,0.0019961924572011276
0.17,114,-6.652495252902701e-5
0.17,115,-0.00027269076437674226
0.17,116,0.0008066911747911965
0.17,117,-0.0012270060737046692
0.17,118,-0.000277831322313044
0.17,119,0.0015759742811134153
0.17,120,0.0008572075596405668
0.17,121,0.0009657303520513861
0.17,122,-0.0008035381502687309
0.17,123,0.00034632573461574126
0.17,124,-0.001904087810683964
0.17,125,0.0012914624547483659
0.17,126,-0.001156020521628859
0.17,127,0.0003176033515030264
0.17,128,-0.0016240792504276648
0.17,129,-0.00017497377530430712
0.17,130,-0.0019135582197820544
0.17,131,-2.6806318991119052e-5
0.17,132,-0.0018574213489421835
0.17,133,0.00028564192354005324
0.17,134,-0.0005599705566266812
0.17,135,0.00044744155618482164
0.17,136,0.00030538336905800307
0.17,137,0.0007608065841545774
0.17,138,0.0011588118098634739
0.17,139,-0.00034005126552594413
0.17,140,-1.1741695615406918e-5
0.17,141,-0.0007510073693351487
0.17,142,0.0012501773025645738
0.17,143,-0.00036499926659069165
0.17,144,-0.0006082002808390499
0.17,145,-0.0013864305196774837
0.17,146,0.0003441726678476164
0.17,147,0.0007070596597683769
0.17,148,0.0008660796023452985
0.17,149,0.0009480559586697011
0.17,150,-0.00015129687093718723
0.17,151,0.0008796610418492102
0.17,152,0.0011969367183056973
0.17,153,0.002750589807021435
0.17,154,0.002749639176760888
0.17,155,0.0029048118728328244
0.17,156,0.0038181445349345835
0.17,157,0.0033550503257538875
0.17,158,0.0023720981876509764
0.17,159,0.004044828037164493
0.17,160,0.0022584943309022425
0.17,161,0.006464089894566727
0.17,162,-0.0015681260623787918
0.17,163,0.0035984451661746557
0.17,164,-0.000927751907412375
0.17,165,-0.0014974020697974362
0.17,166,-0.0011362896876354175
0.17,167,-0.0014116350248493308
0.17,168,-0.00043852956237192507
0.17,169,-0.00018286622226713873
0.17,170,-0.0019793030844250307
0.17,171,-4.51659175116792e-5
0.17,172,0.0005810563897667669
0.17,173,0.0005850757760511637
0.17,174,0.002305814005698063
0.17,175,0.003637788195313407
0.17,176,0.0024184244911476995
0.17,177,-0.0007020975541649963
0.17,178,0.007835115857589873
0.17,179,-0.0004141014353000402
0.17,180,-0.0006737983546774424
0.17,181,0.00021136231287965931
0.17,182,-0.00172191056322776
0.17,183,0.001382303746029006
0.17,184,-0.0006591019262411089
0.17,185,0.0036130119525444736
0.17,186,0.0018696442517811733
0.17,187,0.00932519553510052
0.17,188,0.0061568947791290326
0.17,189,0.005043208197812381
0.17,190,0.033697699537532357
0.17,191,-0.012314568230611805
0.17,192,0.2905310876649082
0.17,193,0.004081791304758252
0.17,194,0.0008598512217545971
0.17,195,-0.0018008200245159315
0.17,196,0.0005178174400963801
0.17,197,0.0016090190128517795
0.17,198,0.0021844985001092487
0.18,intercept,0.016954538117933113
0.18,1,0.003474902009673121
0.18,2,0.00086605831780648
0.18,3,0.0032768861334561777
0.18,4,0.001168479556535369
0.18,5,0.003392753209009
0.18,6,-0.00031762599706754873
0.18,7,0.002554387353850391
0.18,8,0.0036163025242786423
0.18,9,0.0030439899143752335
0.18,10,0.0004566139487908376
0.18,11,0.0015144228417174528
0.18,12,-0.001905190852257621
0.18,13,7.533899338049064e-6
0.18,14,-0.0005764511123674921
0.18,15,0.002597618016416094
0.18,16,-0.0009407731799652819
0.18,17,0.001662529849487132
0.18,18,-0.004626668674485381
0.18,19,-0.0007033266219058279
0.18,20,0.001149512381974622
0.18,21,-0.0004710375911792621
0.18,22,-0.0014088573691804784
0.18,23,-0.002577239500462144
0.18,24,-5.817471549782183e-5
0.18,25,-0.0002706157228572091
0.18,26,-0.0010111015092311004
0.18,27,0.0007271336654529824
0.18,28,-0.00023968488450320466
0.18,29,0.0010953506158945595
0.18,30,-0.0027454082461167827
0.18,31,0.0010689031746686875
0.18,32,8.767399440735034e-5
0.18,33,-0.0008403559098742172
0.18,34,-0.0005965063830195012
0.18,35,-0.002995259814353356
0.18,36,0.0015814335519241714
0.18,37,-0.0026114460559005085
0.18,38,0.0007263152842419869
0.18,39,-0.0006935880833432471
0.18,40,0.0001506213571087911
0.18,41,0.0018290968096836516
0.18,42,0.0013158715753789798
0.18,43,0.0004554739640386268
0.18,44,1.9572906931998165e-5
0.18,45,0.0008621871288524372
0.18,46,0.0015178748614190767
0.18,47,9.986967903768643e-5
0.18,48,-0.0006787341191124285
0.18,49,0.0008222827343163585
0.18,50,0.0018772294710914475
0.18,51,-0.0010987931865352268
0.18,52,0.0006712033230311184
0.18,53,-0.0005667792960668822
0.18,54,0.001468718753441095
0.18,55,0.0019240481310753672
0.18,56,0.00051194743428326
0.18,57,0.0011253358451245676
0.18,58,0.0007499386178592781
0.18,59,0.0013240006624716894
0.18,60,0.002319740523351167
0.18,61,0.00023616130253562037
0.18,62,0.000669601664700253
0.18,63,-0.0013349672602475677
0.18,64,-0.00015014545800059672
0.18,65,-0.0011382060681011377
0.18,66,-0.0020165498311961647
0.18,67,0.005151849078471012
0.18,68,-0.0009761023014500968
0.18,69,0.0006416778944168925
0.18,70,-0.0008670003350786593
0.18,71,0.0011866879922468189
0.18,72,0.0025188348959914583
0.18,73,-0.002670913164499293
0.18,74,0.003337565603616226
0.18,75,-0.003704914288056035
0.18,76,-0.0018591804569552976
0.18,77,-0.0005815405595462521
0.18,78,-0.0007703742400244921
0.18,79,0.0023239385422270174
0.18,80,-5.640738973023916e-5
0.18,81,-0.008279667871827785
0.18,82,0.00020351568088324142
0.18,83,-0.000975338458915498
0.18,84,0.0010775630904919706
0.18,85,-0.002789840230028392
0.18,86,0.0004134712437246433
0.18,87,0.0003812764113732847
0.18,88,0.0027836149856218725
0.18,89,-0.00053458037214623
0.18,90,0.0011972303929745076
0.18,91,0.005581058555067737
0.18,92,-0.00024923707288469104
0.18,93,-0.0003275372087009865
0.18,94,0.002628787363972691
0.18,95,0.0014654213451310788
0.18,96,0.0008915217885740182
0.18,97,0.004402534683696868
0.18,98,0.0031689254989019262
0.18,99,0.0031519177895056954
0.18,100,0.005664712635668719
0.18,101,0.004869976803234348
0.18,102,-0.00046065614479070936
0.18,103,0.004338453463722867
0.18,104,-0.0020496494582588707
0.18,105,0.004963500556423809
0.18,106,-0.0006414340610464822
0.18,107,0.0007140074660100588
0.18,108,0.002815823506089729
0.18,109,0.0006963914908200619
0.18,110,0.0003649500938091407
0.18,111,-5.368140753338954e-6
0.18,112,-0.00026761690801418384
0.18,113,0.0014775918583029087
0.18,114,-8.075667613169292e-5
0.18,115,5.970906481816696e-6
0.18,116,0.00031289918762770526
0.18,117,-0.0005889433410358788
0.18,118,-0.0003772657886152817
0.18,119,0.001542954023976539
0.18,120,0.0006955808515879536
0.18,121,0.0008230850036492663
0.18,122,-0.0003818188649494902
0.18,123,0.00043656049319301866
0.18,124,-0.0020312680182515484
0.18,125,0.0013742177522885622
0.18,126,-0.0012263896209848749
0.18,127,0.00043102678426019486
0.18,128,-0.0015311999521530778
0.18,129,-0.000540957405172636
0.18,130,-0.0020749304952337086
0.18,131,0.00014300982226342866
0.18,132,-0.0019019548219971415
0.18,133,0.0004843707402115415
0.18,134,-0.000951640657774265
0.18,135,0.0006031527520876169
0.18,136,0.0006859330811959483
0.18,137,0.00042450956070656554
0.18,138,0.001343111048633376
0.18,139,1.804447134946408e-5
0.18,140,0.000174326540903228
0.18,141,-0.0010709435014589147
0.18,142,0.0009093070809729706
0.18,143,0.00010448425703528737
0.18,144,-0.0005884524784320845
0.18,145,-0.001025188345868354
0.18,146,-0.00015980259962470675
0.18,147,0.0007521427932803195
0.18,148,0.0004055724318147324
0.18,149,0.001471986010497441
0.18,150,-6.429955168708244e-5
0.18,151,0.0013874606189416296
0.18,152,0.0007655810563819992
0.18,153,0.0025316717658335156
0.18,154,0.002962408396673227
0.18,155,0.003188170382055924
0.18,156,0.004042637132887178
0.18,157,0.003053326910267675
0.18,158,0.0021098606616079597
0.18,159,0.0036833815700320835
0.18,160,0.0027213251956338513
0.18,161,0.006735251621673643
0.18,162,-0.0018675360296048441
0.18,163,0.0029753070982393155
0.18,164,-0.0007634724605279278
0.18,165,-0.0020700921437651447
0.18,166,-0.0005852591065835404
0.18,167,-0.0017086707152352827
0.18,168,-0.0005757125214299248
0.18,169,0.0003214869589529049
0.18,170,-0.00225690019052145
0.18,171,4.660142022293023e-5
0.18,172,0.0008931189503361137
0.18,173,-0.00010631967503502539
0.18,174,0.0022337826636658195
0.18,175,0.0038620855231282928
0.18,176,0.0018299656547479612
0.18,177,-0.00021097842617292826
0.18,178,0.007904990688000728
0.18,179,-0.0013677043618666347
0.18,180,0.00014241764603837963
0.18,181,0.0008072795552514645
0.18,182,-0.0023647141001442297
0.18,183,0.0027482116213512777
0.18,184,-0.0014881323925108876
0.18,185,0.0032613316159702675
0.18,186,0.003152720204574986
0.18,187,0.009049140618535146
0.18,188,0.006611227087326488
0.18,189,0.006087764966576517
0.18,190,0.033362881643130664
0.18,191,-0.01363885771793246
0.18,192,0.3004432499351273
0.18,193,0.004178021652288898
0.18,194,0.0010853008151146472
0.18,195,-0.0018173902612634775
0.18,196,0.0005888975974902451
0.18,197,0.001474585523186668
0.18,198,0.002063077459478672
0.19,intercept,0.01682558855396317
0.19,1,0.003647575918229308
0.19,2,0.0010359056710955172
0.19,3,0.0030486082857916715
0.19,4,0.0014626640074298064
0.19,5,0.0031270389237940547
0.19,6,7.031465101889632e-5
0.19,7,0.0021727774939286175
0.19,8,0.003475119492907381
0.19,9,0.00247171679707992
0.19,10,0.001143841102274629
0.19,11,0.001098415060475061
0.19,12,-0.0015837732063137188
0.19,13,-5.103359485411074e-5
0.19,14,-0.0010952015254362861
0.19,15,0.0028202253132655025
0.19,16,-0.0008191575390276684
0.19,17,0.0013521829267877652
0.19,18,-0.0034835171994970684
0.19,19,-0.0002829480083443666
0.19,20,0.0004109718308371795
0.19,21,1.197333761730719e-5
0.19,22,-0.0014603024237034449
0.19,23,-0.002027268558720026
0.19,24,-0.0003904073019602246
0.19,25,-1.9768854834085087e-5
0.19,26,-0.0009572630303246653
0.19,27,0.0010695987162447742
0.19,28,-0.000357881856061601
0.19,29,0.0008248245029339879
0.19,30,-0.0026166991254752635
0.19,31,0.0007916952762630005
0.19,32,0.0002608195997138199
0.19,33,-0.0017952823897021606
0.19,34,3.6395107297290323e-6
0.19,35,-0.002940449667040668
0.19,36,0.0019677960109816474
0.19,37,-0.002537319679101535
0.19,38,0.001205382358322585
0.19,39,-0.0009259145719183031
0.19,40,5.855048493046527e-5
0.19,41,0.0016366628874567215
0.19,42,0.0016087796987210442
0.19,43,0.0004575083957788409
0.19,44,6.030314712503109e-5
0.19,45,0.0007440861960865626
0.19,46,0.0011450763406255218
0.19,47,4.140932694248319e-5
0.19,48,-0.00022064572719879123
0.19,49,0.000351142234891353
0.19,50,0.0022690230184759363
0.19,51,-0.0015827668262818834
0.19,52,0.001087955256381596
0.19,53,-0.0010071559688997751
0.19,54,0.0010268815916837394
0.19,55,0.0024662043886834245
0.19,56,0.0006202537048556124
0.19,57,0.0006016448981272316
0.19,58,0.001745130052657238
0.19,59,0.0007078031396416047
0.19,60,0.0026419715574933947
0.19,61,0.00022152482592477832
0.19,62,0.00021790427910897732
0.19,63,-0.0012841035822163992
0.19,64,-0.0006457776633835694
0.19,65,-0.0007323983085786233
0.19,66,-0.0023805021711716997
0.19,67,0.005062466028403301
0.19,68,-0.0006864791966666245
0.19,69,-5.7614603055896894e-5
0.19,70,0.00045445380047963484
0.19,71,0.0010052680088630686
0.19,72,0.0020962578287204003
0.19,73,-0.00255000318645326
0.19,74,0.0029362974747453
0.19,75,-0.0034952908711506315
0.19,76,-0.001550165312896277
0.19,77,-0.001042270010035815
0.19,78,0.0004434544536222087
0.19,79,0.0014275219562617926
0.19,80,-0.0007122550859859067
0.19,81,-0.008335232737870797
0.19,82,0.000590443196512862
0.19,83,-0.0010733807351258938
0.19,84,0.0014546211965457967
0.19,85,-0.0033678383693179826
0.19,86,0.0006880695912682403
0.19,87,0.00045673143153024024
0.19,88,0.002987449316146843
0.19,89,-0.00030502752452756665
0.19,90,0.0012136065149410242
0.19,91,0.0044788876366798165
0.19,92,0.00030657457410709465
0.19,93,-0.0008908166607720177
0.19,94,0.003621230275131308
0.19,95,0.0007995905865807988
0.19,96,0.0016023710808632
0.19,97,0.00346915370297136
0.19,98,0.0031545429247298233
0.19,99,0.0029369656119585274
0.19,100,0.005714078338858204
0.19,101,0.004694233874826175
0.19,102,-0.00045627657936644515
0.19,103,0.003975393065109696
0.19,104,-0.0011356997605628234
0.19,105,0.0047315561850587275
0.19,106,0.00013130374366265732
0.19,107,0.0006724076908197388
0.19,108,0.0026096322187907717
0.19,109,0.00017263302350314038
0.19,110,0.0002751876814675563
0.19,111,-0.0005556758632754411
0.19,112,0.0005176257694605243
0.19,113,0.0013396436272761515
0.19,114,-7.788341903739726e-6
0.19,115,-0.0001438535397747
0.19,116,0.0008532131415312704
0.19,117,-0.001540075850967191
0.19,118,-0.00020626769225299144
0.19,119,0.001447402175576618
0.19,120,0.00048425113506774274
0.19,121,0.0008466458813254712
0.19,122,-8.043429443165024e-5
0.19,123,-0.00011684634062292151
0.19,124,-0.0017124648567420034
0.19,125,0.0012350651266087173
0.19,126,-0.0009393882303272762
0.19,127,-0.00022461296862431429
0.19,128,-0.0014728793112601234
0.19,129,0.0002980903364790342
0.19,130,-0.0026750981390089184
0.19,131,0.0003961175253171164
0.19,132,-0.002183533150962021
0.19,133,0.00024616282852748937
0.19,134,-0.0007820658483780949
0.19,135,0.0007587760808879118
0.19,136,0.0008461075801957529
0.19,137,0.0002722247221837864
0.19,138,0.001070818374090741
0.19,139,-0.0001062338159935789
0.19,140,0.0007186487627234685
0.19,141,-0.0011747881106236302
0.19,142,0.0011822918196823006
0.19,143,-0.00012983199584861382
0.19,144,-0.000641743285759323
0.19,145,-0.0013275003417694028
0.19,146,3.7168469419704982e-6
0.19,147,0.00047738758027764827
0.19,148,0.00096818682540165
0.19,149,0.0011985419342467288
0.19,150,-0.0003769172163305732
0.19,151,0.0009909128375589437
0.19,152,0.0010423565438880363
0.19,153,0.0025230960347165632
0.19,154,0.0024738566642327976
0.19,155,0.00353821902263821
0.19,156,0.003549705004406516
0.19,157,0.0034478535697336356
0.19,158,0.0026509754394320583
0.19,159,0.003946392796227624
0.19,160,0.0015781324822089096
0.19,161,0.00633249905049373
0.19,162,-0.001460087301786416
0.19,163,0.003003731132435732
0.19,164,-0.0008074735160721231
0.19,165,-0.001819004669573151
0.19,166,-0.0005228111270914541
0.19,167,-0.002569157464538683
0.19,168,-9.744593263271194e-5
0.19,169,0.00025669481994551184
0.19,170,-0.002687351701936371
0.19,171,-0.0005599016279560061
0.19,172,0.0011499206157011394
0.19,173,0.0004762716733489483
0.19,174,0.0019041361252054624
0.19,175,0.0038276676572161082
0.19,176,0.0017084028823767105
0.19,177,-4.931373875122805e-5
0.19,178,0.0069821476239867505
0.19,179,-0.000831507215726903
0.19,180,-7.682269754434061e-5
0.19,181,0.000416011991967387
0.19,182,-0.0018200739790898378
0.19,183,0.002810479709674971
0.19,184,-0.001482042808909249
0.19,185,0.0034139080821380006
0.19,186,0.0021983059948596888
0.19,187,0.008674155568126424
0.19,188,0.006609901614907566
0.19,189,0.005647424009706778
0.19,190,0.03320198559762639
0.19,191,-0.012890333919174183
0.19,192,0.31694281039175387
0.19,193,0.003863277308625625
0.19,194,0.0009757068575501107
0.19,195,-0.0018247256992452547
0.19,196,0.0006234641374177952
0.19,197,0.0013819518075821522
0.19,198,0.0019211348263621225
0.2,intercept,0.017138434573875743
0.2,1,0.0034632622665599503
0.2,2,0.0007754819648331007
0.2,3,0.0030856277562472945
0.2,4,0.0011902452543155967
0.2,5,0.0033745944651645044
0.2,6,-0.00028534047561056236
0.2,7,0.0028414676063179107
0.2,8,0.003015046957070287
0.2,9,0.0021856434287307377
0.2,10,0.0007707075199370996
0.2,11,0.0007501165807396464
0.2,12,0.00023360427307925896
0.2,13,-0.00042525063781092886
0.2,14,-0.0012640800104011499
0.2,15,0.0023155934370536905
0.2,16,-0.0008463067199718615
0.2,17,0.001629723988940802
0.2,18,-0.0037304012680415524
0.2,19,-0.0003832791822488396
0.2,20,7.682865457695589e-5
0.2,21,4.487503105209546e-5
0.2,22,-0.0015406832613213666
0.2,23,-0.0019122161204101632
0.2,24,-0.0005056437847394486
0.2,25,9.999146956419097e-5
0.2,26,-0.0010424905839712078
0.2,27,0.0011364794818638211
0.2,28,-0.0005594296332864445
0.2,29,0.0010285112450793676
0.2,30,-0.0030040043453521126
0.2,31,0.0010632930791451582
0.2,32,0.0002426116424000949
0.2,33,-0.0021535621998135276
0.2,34,0.00010118016838296472
0.2,35,-0.0023376323872155483
0.2,36,0.0018812417832169775
0.2,37,-0.0025219668277436146
0.2,38,0.0011060898162834568
0.2,39,-0.0011155655441854996
0.2,40,4.735781500606545e-5
0.2,41,0.0017765960723896456
0.2,42,0.0014344961838035843
0.2,43,0.0005737142413268501
0.2,44,-0.0004852426808010996
0.2,45,0.0006975832708156154
0.2,46,0.0012972138297950389
0.2,47,0.000546655507834734
0.2,48,-0.00025894309549618315
0.2,49,-2.5548242123157275e-5
0.2,50,0.001797565943168764
0.2,51,-0.0011556640493506963
0.2,52,0.0009044582328227133
0.2,53,-0.0007544399960481593
0.2,54,0.0005860787380194949
0.2,55,0.002415593550643603
0.2,56,0.0001641292197923557
0.2,57,0.000696900731381605
0.2,58,0.0025301234043030607
0.2,59,0.0004579577123641226
0.2,60,0.0024860317634628035
0.2,61,-4.452318255932552e-5
0.2,62,0.0003676089634473836
0.2,63,-0.001196819965949812
0.2,64,-0.0005897597864333451
0.2,65,-0.0011885365229157142
0.2,66,-0.0024840730364507828
0.2,67,0.004814223899005839
0.2,68,-0.0008114918469063618
0.2,69,0.0004080904758679936
0.2,70,0.00025962735703575937
0.2,71,0.0011709036656662448
0.2,72,0.0017321469040208004
0.2,73,-0.0018648632203181665
0.2,74,0.0028025085334965377
0.2,75,-0.004197945883974108
0.2,76,-0.0007332965605622181
0.2,77,-0.0018100873560699597
0.2,78,0.000392278676094371
0.2,79,0.0019217243409645822
0.2,80,0.0004979131042560546
0.2,81,-0.008346451869085152
0.2,82,-0.00022294974598054495
0.2,83,-0.0001739440180219112
0.2,84,0.001766481973000222
0.2,85,-0.003654722914918597
0.2,86,0.00033364056891243583
0.2,87,0.0004842337452925179
0.2,88,0.0023223675455870062
0.2,89,-0.0007583149994945335
0.2,90,0.0019874883683845407
0.2,91,0.00413039521578179
0.2,92,0.00010160696400265136
0.2,93,-0.0011169656439950731
0.2,94,0.004085869464077198
0.2,95,0.0010640750219101439
0.2,96,0.0007748421910596293
0.2,97,0.0039008726642617707
0.2,98,0.0030502810239143446
0.2,99,0.0029360677449770055
0.2,100,0.005826875941956459
0.2,101,0.004554206016180232
0.2,102,1.7010519184907592e-5
0.2,103,0.0036692464282083777
0.2,104,-0.0004338783803378163
0.2,105,0.004486720912681317
0.2,106,0.00031320164975334893
0.2,107,0.0007204710130665034
0.2,108,0.002439234890938223
0.2,109,5.064980345102532e-6
0.2,110,0.0003524454097822904
0.2,111,-0.0007728664952544395
0.2,112,0.0005053431873984015
0.2,113,0.00225893208820128
0.2,114,-0.00035106075324867957
0.2,115,-0.0006877371973733107
0.2,116,0.0013664172595446613
0.2,117,-0.0013723619866867233
0.2,118,-0.000444902681017612
0.2,119,0.0013550020859485548
0.2,120,0.0004391491155391881
0.2,121,0.0010381885005376057
0.2,122,-0.0002678377453095059
0.2,123,0.0003099162420855446
0.2,124,-0.001938841574247778
0.2,125,0.0011382054677761659
0.2,126,-0.0009340768454380584
0.2,127,0.0003349867722127471
0.2,128,-0.0018164727334315013
0.2,129,-5.562866542855166e-6
0.2,130,-0.0022384379018713656
0.2,131,0.00030854468589696656
0.2,132,-0.002314311620334315
0.2,133,0.0003993599801571158
0.2,134,-0.0006749414978305633
0.2,135,0.0009753254789080835
0.2,136,0.00019227920694938228
0.2,137,0.0002602512708696321
0.2,138,0.0009352674480825413
0.2,139,-0.0005875467749067706
0.2,140,0.0010302240864714183
0.2,141,-0.00134800531991515
0.2,142,0.0015949718321543436
0.2,143,-0.0005262133240503346
0.2,144,-0.0009594684902464042
0.2,145,-0.0009877149550183162
0.2,146,4.977430409571629e-5
0.2,147,0.00039144691686292916
0.2,148,0.0008639571405802816
0.2,149,0.0008149360638956063
0.2,150,-0.0004634242877696129
0.2,151,0.0014694992412572511
0.2,152,0.0002356557700319786
0.2,153,0.0025813499122956086
0.2,154,0.0027109771530262465
0.2,155,0.004046686700547054
0.2,156,0.002437904813556135
0.2,157,0.003612685297179485
0.2,158,0.0018595940460637518
0.2,159,0.004282977301060926
0.2,160,0.0013319404545092319
0.2,161,0.006034509562255665
0.2,162,-0.0013372956463436844
0.2,163,0.0026823433466133784
0.2,164,-0.0007319521329224155
0.2,165,-0.0010236002490042729
0.2,166,-0.000602224838231873
0.2,167,-0.002649099260491626
0.2,168,-0.00034674376881152047
0.2,169,0.00021746313646949907
0.2,170,-0.002751414975611516
0.2,171,-0.0007436365714553268
0.2,172,0.0008842744838040635
0.2,173,0.00029228017511247667
0.2,174,0.0014108088144765781
0.2,175,0.003818659268816062
0.2,176,0.002342133250149588
0.2,177,-0.00024228975551330027
0.2,178,0.0063924372329908635
0.2,179,-0.0009675928053763756
0.2,180,-0.0010928760035503922
0.2,181,0.0004706887846638617
0.2,182,-0.0021910860409073713
0.2,183,0.002561299989103529
0.2,184,-0.0008845404608000487
0.2,185,0.0045384047707542055
0.2,186,0.0015563241224842044
0.2,187,0.00881594039071399
0.2,188,0.006409404952328261
0.2,189,0.004800701143558556
0.2,190,0.03543652020552206
0.2,191,-0.013827874519815864
0.2,192,0.3258476755724603
0.2,193,0.0036479793622933234
0.2,194,0.0008122484535326379
0.2,195,-0.0018921037215938572
0.2,196,0.0006453547893840383
0.2,197,0.0012782861754354303
0.2,198,0.0018654092545227277
0.21,intercept,0.01724796612805788
0.21,1,0.00318970626633256
0.21,2,0.0012337002998213638
0.21,3,0.0025384556734222765
0.21,4,0.0007856780385914306
0.21,5,0.003726415545891156
0.21,6,-0.00026384510905231077
0.21,7,0.0037713790405235724
0.21,8,0.0021339631980908883
0.21,9,0.0017831143765330716
0.21,10,0.0011140537775351006
0.21,11,0.00011839435979555666
0.21,12,0.0005696115726418207
0.21,13,-0.001088963358790917
0.21,14,-0.0014722735517657887
0.21,15,0.003275698316978241
0.21,16,-0.0007709405084939362
0.21,17,0.0014472659741284269
0.21,18,-0.004236121198838378
0.21,19,-0.0005566584970884295
0.21,20,0.0009563462021911812
0.21,21,-0.0007707237244643117
0.21,22,-0.00100288451501033
0.21,23,-0.0017989680795454696
0.21,24,-0.00013212453897216682
0.21,25,-0.00016785843952181966
0.21,26,-0.0010917876437054844
0.21,27,0.001306198194785567
0.21,28,-0.0003240389234368111
0.21,29,0.0007080865790446762
0.21,30,-0.0025931110734398783
0.21,31,0.0011035396372022508
0.21,32,-7.573737054830883e-5
0.21,33,-0.0017634955638663513
0.21,34,-0.00082229423269356
0.21,35,-0.0015882124004491587
0.21,36,0.0015259190587648742
0.21,37,-0.0023497204913855356
0.21,38,0.000929902568520626
0.21,39,-0.0013708085841927034
0.21,40,-0.00015937288889174536
0.21,41,0.002006147015122606
0.21,42,0.0018853993886583527
0.21,43,-5.83877866066523e-5
0.21,44,-0.0001694572216901678
0.21,45,0.0008853022041998467
0.21,46,0.000870488256708091
0.21,47,0.0003041992618255237
0.21,48,-0.00024451748082855197
0.21,49,-0.00011380234493869209
0.21,50,0.0017954951822228506
0.21,51,-0.0008309369877816206
0.21,52,0.0007827919426174134
0.21,53,-0.00045826773799372954
0.21,54,0.00068897427143564
0.21,55,0.0027462420760791598
0.21,56,-0.0003943692451896443
0.21,57,0.0006533136793048541
0.21,58,0.0026407077688084726
0.21,59,-4.1535553659506575e-5
0.21,60,0.0028143639956575515
0.21,61,-0.0006189277443970117
0.21,62,0.0007115922897967565
0.21,63,-0.0012002511060114044
0.21,64,-0.0005029390801692616
0.21,65,-0.001306836659297739
0.21,66,-0.0014527882425237036
0.21,67,0.0034445146748021843
0.21,68,0.00020612921703604971
0.21,69,-0.00010430443088294866
0.21,70,0.0006130537787488607
0.21,71,-6.86801773092681e-5
0.21,72,0.002420589502073179
0.21,73,-0.0018810808880622165
0.21,74,0.0025706995332551758
0.21,75,-0.004499643346069838
0.21,76,-0.00023540177230717648
0.21,77,-0.0023425453329674437
0.21,78,0.0009804012971889025
0.21,79,0.0013401573344715314
0.21,80,0.001099841302711255
0.21,81,-0.008721505365951928
0.21,82,0.0008991828306885526
0.21,83,-0.0010488347248718611
0.21,84,0.0022860024838871743
0.21,85,-0.004011986726452079
0.21,86,0.0007469348206153584
0.21,87,0.0005786290919410341
0.21,88,0.0016566146547869441
0.21,89,-0.0005817356233460822
0.21,90,0.001909519289265998
0.21,91,0.003672685542621713
0.21,92,0.0001035023670184489
0.21,93,-0.0012792589141254146
0.21,94,0.0043196867847436204
0.21,95,0.0006475053249924443
0.21,96,0.001153511061617745
0.21,97,0.0034101627013759747
0.21,98,0.0029558761407050237
0.21,99,0.0026439604857993997
0.21,100,0.00595927838060511
0.21,101,0.004283109408201715
0.21,102,0.0005108184099691331
0.21,103,0.0036602485393301956
0.21,104,0.0002082984004938822
0.21,105,0.0038591251383824922
0.21,106,-0.0002477807220556129
0.21,107,0.0016191005373779083
0.21,108,0.0021553465021040613
0.21,109,0.00011061203921331236
0.21,110,3.3141279216011857e-5
0.21,111,-0.0007910539883089897
0.21,112,0.0008003893573188302
0.21,113,0.0020976835459765
0.21,114,-0.00044916501231107643
0.21,115,-0.0010192592644139454
0.21,116,0.0013466388249823353
0.21,117,-0.0014303797604600895
0.21,118,6.939497223087969e-5
0.21,119,0.0008776099621811062
0.21,120,0.000705446533988956
0.21,121,0.0006244482100191629
0.21,122,0.00026146453890870693
0.21,123,-0.00044889633798794525
0.21,124,-0.0010827807621388264
0.21,125,0.0008420449983740087
0.21,126,-0.0011439226443738936
0.21,127,4.929869070776328e-5
0.21,128,-0.0017900855695050033
0.21,129,0.0004622996807740871
0.21,130,-0.0024634842850882158
0.21,131,-0.0003102299825929296
0.21,132,-0.0017803663306378227
0.21,133,0.0005600649585009904
0.21,134,-0.0004420751302996139
0.21,135,0.0007069617443065728
0.21,136,0.00043383330747574127
0.21,137,0.00012074827371796578
0.21,138,0.0010034839887147564
0.21,139,-0.00043117269650059994
0.21,140,0.0011076902389099096
0.21,141,-0.0015334025206369085
0.21,142,0.0017741361265920864
0.21,143,-0.0005985169336251715
0.21,144,-0.0003148952696173554
0.21,145,-0.0009344526247508797
0.21,146,-0.00017844225718699627
0.21,147,-0.0002732582097629765
0.21,148,0.000924378781037803
0.21,149,0.0010051025263587406
0.21,150,-0.00032779602502420866
0.21,151,0.0013211259713254118
0.21,152,0.0005412984778853447
0.21,153,0.0026031991688806283
0.21,154,0.0023804860610961488
0.21,155,0.004306488971385455
0.21,156,0.002107454139241385
0.21,157,0.0033417299039522354
0.21,158,0.0017128754041370888
0.21,159,0.004467600614399035
0.21,160,0.0013423602336536291
0.21,161,0.005672546470099004
0.21,162,-0.0016632370558372369
0.21,163,0.002637505555085081
0.21,164,-0.0005367077842869671
0.21,165,-0.0008546470135243403
0.21,166,-0.0003115208875569826
0.21,167,-0.0030347711335113286
0.21,168,-0.00041350829698686667
0.21,169,-7.944561272572203e-5
0.21,170,-0.002900363974830789
0.21,171,-0.0007601557474356023
0.21,172,0.0007930359298569013
0.21,173,-0.0001698856623086526
0.21,174,0.0015591448844069827
0.21,175,0.0039855447312100245
0.21,176,0.0019080150961777106
0.21,177,-0.00032726493961142725
0.21,178,0.006495229497269208
0.21,179,-0.0011078259321854193
0.21,180,-0.000630471156636951
0.21,181,0.00048435133885749935
0.21,182,-0.0028967677762934013
0.21,183,0.0028754303228821524
0.21,184,-0.0020751179009085565
0.21,185,0.004655220060354186
0.21,186,0.0024220932676551673
0.21,187,0.00823129826389939
0.21,188,0.006714515377842279
0.21,189,0.004157761774294866
0.21,190,0.03553405573009642
0.21,191,-0.014181704648249483
0.21,192,0.3376342753943253
0.21,193,0.00382935954137042
0.21,194,0.0009384290375560992
0.21,195,-0.001949806597603952
0.21,196,0.0006594564922422434
0.21,197,0.001192714349522719
0.21,198,0.0017693075098908825
0.22,intercept,0.017165000508244252
0.22,1,0.002737708028750768
0.22,2,0.0011979143731414364
0.22,3,0.0021049042036213337
0.22,4,0.0011734306577100883
0.22,5,0.0031579610943982196
0.22,6,0.00021985295658121285
0.22,7,0.003825073989898906
0.22,8,0.0012814929614390763
0.22,9,0.002177496399143153
0.22,10,0.0012104916381313767
0.22,11,-0.00031721857001043704
0.22,12,0.0012452665530872126
0.22,13,-0.0014270078568564112
0.22,14,-0.0004633675042324559
0.22,15,0.002467527018795106
0.22,16,-0.0011643091192461113
0.22,17,0.002165952394306313
0.22,18,-0.0046222855173193005
0.22,19,5.90254031605023e-5
0.22,20,0.0004390487028139496
0.22,21,-0.0006132548854156091
0.22,22,-0.000654429853075747
0.22,23,-0.001501950728055734
0.22,24,-0.0005763806343824722
0.22,25,-5.139300991107546e-5
0.22,26,-0.0007564400179291545
0.22,27,0.0005682516047451761
0.22,28,3.3931679732158374e-5
0.22,29,-3.0875694592185755e-5
0.22,30,-0.00237960381332561
0.22,31,0.0008602145035964671
0.22,32,-0.00018904747238448374
0.22,33,-0.0014627274096852977
0.22,34,-0.0010170487678276365
0.22,35,-0.0008061165399553897
0.22,36,0.0007355298401858657
0.22,37,-0.0017632876410573735
0.22,38,0.0006198027639597613
0.22,39,-0.0012411065784144208
0.22,40,-0.00039059633949230623
0.22,41,0.0013592103437116377
0.22,42,0.002369508897724096
0.22,43,-0.0003280335559422077
0.22,44,-0.0002251370939786473
0.22,45,0.0008095581744165023
0.22,46,0.0007823833643753797
0.22,47,0.0007963325762647048
0.22,48,-0.0004159037373527388
0.22,49,-0.00041410236838738707
0.22,50,0.0015507230092269805
0.22,51,-0.0007573589575966177
0.22,52,0.0003835769557985644
0.22,53,0.00018331303099278497
0.22,54,0.0002475172492323868
0.22,55,0.0027442944787376636
0.22,56,-0.0002555735598634171
0.22,57,0.0011159490176695487
0.22,58,0.002057095199015381
0.22,59,0.00021104826992134735
0.22,60,0.0027239070262510883
0.22,61,-0.00031238812547283094
0.22,62,0.00015742362445358852
0.22,63,-0.0011580839390656708
0.22,64,3.1930466437715716e-5
0.22,65,-0.0017307068670775947
0.22,66,-0.0010467945731631124
0.22,67,0.0028272767708642055
0.22,68,0.00019281652251417654
0.22,69,-0.00014611458620549463
0.22,70,0.0008244368189650295
0.22,71,-8.140758131443906e-5
0.22,72,0.0022441121886116896
0.22,73,-0.0016955557664413143
0.22,74,0.002484765054134415
0.22,75,-0.004460527688897192
0.22,76,-0.0005191204765302295
0.22,77,-0.0009054635252862877
0.22,78,0.0008089204285192604
0.22,79,0.0012267569755724944
0.22,80,0.0008559679942453449
0.22,81,-0.00760331387244985
0.22,82,0.0004285075606185714
0.22,83,-0.0005066037417440004
0.22,84,0.002144294336701996
0.22,85,-0.003395817073661604
0.22,86,0.0004286401420474668
0.22,87,0.0010715749606458695
0.22,88,0.0005833196692767262
0.22,89,-0.0005816644607759647
0.22,90,0.0017708558346551904
0.22,91,0.0038718609781880704
0.22,92,-0.00014254865538503657
0.22,93,-0.0013308724711312064
0.22,94,0.004098263488146565
0.22,95,0.0006986319679891473
0.22,96,0.0012541787756270744
0.22,97,0.0029229391731213712
0.22,98,0.002847100588248648
0.22,99,0.0033135862526458607
0.22,100,0.005308789348475817
0.22,101,0.004477882252163225
0.22,102,0.0005546470725074351
0.22,103,0.0035488840202058053
0.22,104,-0.0003271489136751677
0.22,105,0.004722708448581263
0.22,106,-0.0007038373819380207
0.22,107,0.0017190152632867784
0.22,108,0.00125699250232061
0.22,109,0.0009331679495206795
0.22,110,-0.0006773829310858586
0.22,111,0.00028546805731456156
0.22,112,0.0007663736806044704
0.22,113,0.0012260496224752808
0.22,114,4.495844343864673e-5
0.22,115,-0.0013017128830892738
0.22,116,0.0012763694271114303
0.22,117,-0.0012800768495755896
0.22,118,-0.0001237010494339582
0.22,119,0.001302641625446327
0.22,120,0.0005198997691246138
0.22,121,0.0005929631452466837
0.22,122,0.0001885602459602382
0.22,123,-0.00013810727540558107
0.22,124,-0.0012094876064769487
0.22,125,0.0010973826570658677
0.22,126,-0.0011987995597250688
0.22,127,-0.0001225692365839701
0.22,128,-0.001761242288516149
0.22,129,4.446296839179746e-5
0.22,130,-0.002167464920532829
0.22,131,-0.0007250263826184843
0.22,132,-0.0012644085672925867
0.22,133,0.00011944979760803978
0.22,134,-0.0003656660415542896
0.22,135,0.00044538743556891297
0.22,136,0.0006072739738040781
0.22,137,0.0006865555420563986
0.22,138,0.0006135258184728884
0.22,139,0.00022115343364851394
0.22,140,0.0006829374650367117
0.22,141,-0.0013312382775393134
0.22,142,0.0016282052592362483
0.22,143,-0.00012794624735870807
0.22,144,-0.0009058976459065646
0.22,145,-0.0004524347584067257
0.22,146,-0.0003117433196666756
0.22,147,-0.0005059741347610094
0.22,148,0.0006625181179109597
0.22,149,0.0014489925938000509
0.22,150,-0.00025526933121080593
0.22,151,0.0012585212516579942
0.22,152,0.0003187951546800118
0.22,153,0.0021567853535377005
0.22,154,0.0022304184033961547
0.22,155,0.004318309280732289
0.22,156,0.0019477145271020965
0.22,157,0.0030966415794009194
0.22,158,0.0016362605673079765
0.22,159,0.004287699693283862
0.22,160,0.00151304797037625
0.22,161,0.005521865865908937
0.22,162,-0.0016286932649216684
0.22,163,0.002290376466023105
0.22,164,-0.0008864486166035722
0.22,165,3.9932595868677333e-5
0.22,166,-0.0007198409257927169
0.22,167,-0.0025508470518535906
0.22,168,-0.0016992301199880671
0.22,169,0.0008562354063879618
0.22,170,-0.0035367879797666216
0.22,171,-0.0005034573158046461
0.22,172,0.0009127341172989981
0.22,173,-0.00047106950931507624
0.22,174,0.0015951836296736045
0.22,175,0.0032484076289928613
0.22,176,0.0027845906480559856
0.22,177,-0.00048070606489619683
0.22,178,0.006829495593164016
0.22,179,-0.0015907533036597721
0.22,180,0.0009724354811071335
0.22,181,-0.0011345735239236489
0.22,182,-0.0022858137613598947
0.22,183,0.0016261150776818818
0.22,184,-0.0004663020703922194
0.22,185,0.0037874754958951064
0.22,186,0.003244137938722603
0.22,187,0.007224991868033087
0.22,188,0.007724772629627405
0.22,189,0.003245419727880077
0.22,190,0.03579618128357152
0.22,191,-0.015549268003010371
0.22,192,0.35236388284380404
0.22,193,0.004044708828217674
0.22,194,0.0008164887288810031
0.22,195,-0.0018581922630221727
0.22,196,0.0006263136475602994
0.22,197,0.0010880269829377266
0.22,198,0.0016635408027651927
0.23,intercept,0.017359519780557425
0.23,1,0.00271475585986268
0.23,2,0.0013955018188247816
0.23,3,0.0015692708496375884
0.23,4,0.002251811903992948
0.23,5,0.002893641648702729
0.23,6,0.0006104194520284
0.23,7,0.0029985885333473146
0.23,8,0.0014044295714576223
0.23,9,0.001664544608211869
0.23,10,0.0010218719394677848
0.23,11,0.00015929731031047402
0.23,12,0.0008742133651413824
0.23,13,-0.001078761417344175
0.23,14,-0.000909115483818905
0.23,15,0.002644959963443598
0.23,16,-0.001359037969950763
0.23,17,0.0022196825332279103
0.23,18,-0.004266314954101101
0.23,19,-2.0065161783653777e-5
0.23,20,0.0002932024924878015
0.23,21,-0.00015573759888599042
0.23,22,-0.0009425076262068307
0.23,23,-0.001284729816159109
0.23,24,-0.00024948084521783377
0.23,25,-0.00026808205236632487
0.23,26,-0.0005623040269922596
0.23,27,0.0001942288856295272
0.23,28,0.00032986785880572165
0.23,29,-2.6608419421606037e-6
0.23,30,-0.0021968738264428905
0.23,31,0.000891000049216276
0.23,32,-0.0005308484980338604
0.23,33,-0.0014451305708081082
0.23,34,-0.0009667087931769755
0.23,35,-0.0004635143736968379
0.23,36,0.00018151403572838406
0.23,37,-0.0017345818204365267
0.23,38,0.0005696621092921245
0.23,39,-0.0013128737302967747
0.23,40,-0.000214803667542252
0.23,41,0.0013328129999552263
0.23,42,0.001766155897447507
0.23,43,-0.00018606693011092082
0.23,44,-0.0006139446616377783
0.23,45,0.001715221017934495
0.23,46,0.0009171928262740071
0.23,47,0.00039343278168623086
0.23,48,-0.00020344955482173282
0.23,49,-0.0008163688113539403
0.23,50,0.0018044266368294612
0.23,51,-0.0012394264496273944
0.23,52,0.0009209010793610136
0.23,53,-3.9908282549033085e-5
0.23,54,-5.502666203186141e-5
0.23,55,0.0030113108805986367
0.23,56,-0.0004021455246904527
0.23,57,0.0010843738026408596
0.23,58,0.0016927860571542015
0.23,59,0.00042343127377809974
0.23,60,0.00234832680811008
0.23,61,-0.0006774060677081787
0.23,62,0.00012463875080243985
0.23,63,-0.0010111743149317986
0.23,64,0.0004936135682891182
0.23,65,-0.0020368615672810464
0.23,66,-0.001112687957829368
0.23,67,0.002258390018862595
0.23,68,0.0008398602057819329
0.23,69,-0.0011949322889839035
0.23,70,0.0016654361527411133
0.23,71,-9.75160623545429e-5
0.23,72,0.0018552374386124964
0.23,73,-0.0011931704660468805
0.23,74,0.0019537076391848555
0.23,75,-0.00425577390968409
0.23,76,-0.0004985773151372543
0.23,77,-0.0010391417670525954
0.23,78,0.0008778483824968831
0.23,79,0.0007364692557169338
0.23,80,0.0009297535163596292
0.23,81,-0.007545440732097309
0.23,82,0.0004245272342955727
0.23,83,-0.0005723133878002189
0.23,84,0.002497733944221655
0.23,85,-0.003145139958218023
0.23,86,0.0006097888767262686
0.23,87,-0.00016714415361296725
0.23,88,0.0013001763982255752
0.23,89,-0.00032381158329210154
0.23,90,0.0019574963381908325
0.23,91,0.003614391664042433
0.23,92,-0.0003959728366254235
0.23,93,-0.0013277402333673049
0.23,94,0.004244688538955217
0.23,95,0.000240014908579557
0.23,96,0.0016721325936490071
0.23,97,0.002805976193869493
0.23,98,0.002528263045571171
0.23,99,0.0035659259328886385
0.23,100,0.005191448507147538
0.23,101,0.00415382227198358
0.23,102,3.726503307493734e-5
0.23,103,0.003937636264803619
0.23,104,-0.0005959497396461222
0.23,105,0.004592193671544452
0.23,106,-0.001023250522635571
0.23,107,0.0015976899112930235
0.23,108,0.0011334347934745554
0.23,109,0.0012056240766496352
0.23,110,-0.0005876966334818379
0.23,111,-0.00010222708105811783
0.23,112,0.0004575296215817946
0.23,113,0.0016540405770589387
0.23,114,-0.00014834634923752602
0.23,115,-0.0013863658757540677
0.23,116,0.002137292879732108
0.23,117,-0.0019171336683022734
0.23,118,0.00030029147255889767
0.23,119,0.0006726210803289298
0.23,120,0.00038290247994322813
0.23,121,0.00041869854070006226
0.23,122,0.00046902133921371085
0.23,123,-0.0002809933933851693
0.23,124,-0.0006776961077301314
0.23,125,0.000790970994356718
0.23,126,-0.00100573204189662
0.23,127,-0.0001938925953257661
0.23,128,-0.0013429558282061983
0.23,129,-0.00019207710408777635
0.23,130,-0.0018839551877594097
0.23,131,-0.0007441385869572143
0.23,132,-0.0014452171339808444
0.23,133,-5.6512060915890256e-5
0.23,134,-0.0004841310240942463
0.23,135,0.0003775451975717824
0.23,136,0.0012447041558970137
0.23,137,5.54436209476224e-5
0.23,138,0.0007743832983044486
0.23,139,-0.00033305498903728653
0.23,140,0.0013755769699989595
0.23,141,-0.0013488336573564076
0.23,142,0.0011720329986111525
0.23,143,-0.0006125017412861255
0.23,144,-0.0007810290748331748
0.23,145,-0.0005816007639273253
0.23,146,-0.00028173386803843794
0.23,147,-0.00043318300417146235
0.23,148,0.00023703273378185234
0.23,149,0.0014733973368845832
0.23,150,-0.00036628568177035045
0.23,151,0.0016634076644554186
0.23,152,1.2863120594281806e-5
0.23,153,0.002252180671563061
0.23,154,0.0017924353113650269
0.23,155,0.004231525363447063
0.23,156,0.002379336015870956
0.23,157,0.0027951693907531765
0.23,158,0.002490103422801838
0.23,159,0.0038343572386786645
0.23,160,0.001176787577449437
0.23,161,0.005543774262593522
0.23,162,-0.0022703712023102516
0.23,163,0.002478208901071714
0.23,164,-0.0009011261101817736
0.23,165,0.00013059731552576617
0.23,166,-0.0009015836603189378
0.23,167,-0.002851061268398121
0.23,168,-0.0021224842856995387
0.23,169,0.0006509775711675585
0.23,170,-0.003149046417845581
0.23,171,0.0002087839315634728
0.23,172,0.001262359391776199
0.23,173,-0.0007689689337293321
0.23,174,0.0015107947969341645
0.23,175,0.003148573626506554
0.23,176,0.003165577359881319
0.23,177,-0.00012109495068633466
0.23,178,0.0066131469958646055
0.23,179,-0.0016019378207797978
0.23,180,0.0009684558833690766
0.23,181,-0.001531662822047555
0.23,182,-0.0021268991129623992
0.23,183,0.0022847996235835113
0.23,184,-0.0010831409079705284
0.23,185,0.0036647318232704024
0.23,186,0.002596644260747852
0.23,187,0.007801507081295224
0.23,188,0.007090407552704487
0.23,189,0.004109880399751884
0.23,190,0.03502662848249158
0.23,191,-0.015779650496223135
0.23,192,0.36223206270402547
0.23,193,0.003677300830846969
0.23,194,0.001253984945460948
0.23,195,-0.0018281134713688633
0.23,196,0.0006684981145414497
0.23,197,0.0010055077302940675
0.23,198,0.0015633005939074277
0.24,intercept,0.01728611686533328
0.24,1,0.0022788038285787293
0.24,2,0.0016914439482788068
0.24,3,0.0016580472897294812
0.24,4,0.001886282288321616
0.24,5,0.002619162781327931
0.24,6,0.0006082102376971944
0.24,7,0.003110243617541566
0.24,8,0.0016168165366747052
0.24,9,0.0007749282957513923
0.24,10,0.0015063521697324235
0.24,11,-0.0008725232122708152
0.24,12,0.0017400211803381457
0.24,13,-0.0008639351162350687
0.24,14,-0.0008609804390801595
0.24,15,0.002752917289375973
0.24,16,-0.0010950292148624943
0.24,17,0.0019406230084704137
0.24,18,-0.004383924985972434
0.24,19,-0.0003325966673071443
0.24,20,0.00041062453542827106
0.24,21,7.619206037560135e-5
0.24,22,-0.000993902007241711
0.24,23,-0.0014393155155754804
0.24,24,0.00013701146646584333
0.24,25,-0.000689753464629699
0.24,26,-0.00022594202730608475
0.24,27,-8.665348375165822e-5
0.24,28,0.00011279370010373981
0.24,29,-0.0001161343677077345
0.24,30,-0.002107511059039273
0.24,31,0.0008941069691438365
0.24,32,-0.0008687097993680728
0.24,33,-0.001014452175822238
0.24,34,-0.001162858668302651
0.24,35,-0.0002957208551349128
0.24,36,0.00011268489590171492
0.24,37,-0.0021216726620594804
0.24,38,0.0007669440014755552
0.24,39,-0.0015537294177182584
0.24,40,2.0123453354340807e-5
0.24,41,0.0010946482367507927
0.24,42,0.0018815045756977696
0.24,43,-0.0002445963763229949
0.24,44,-0.00027272813542818334
0.24,45,0.002073618428952995
0.24,46,0.000768280430302924
0.24,47,9.468596417490156e-5
0.24,48,-0.0004798266363018656
0.24,49,-0.0007003954144930019
0.24,50,0.0018695400595737412
0.24,51,-0.000844915325515144
0.24,52,0.0009661275382909999
0.24,53,-0.00023646700004178396
0.24,54,0.0002348524310225636
0.24,55,0.002706993436050833
0.24,56,0.0003755823768235934
0.24,57,0.0002919079359047039
0.24,58,0.0017651815707501013
0.24,59,9.916149619891134e-5
0.24,60,0.0022499135584273825
0.24,61,-0.000411663747677308
0.24,62,-4.712943423824654e-5
0.24,63,-0.0010968489479669396
0.24,64,0.0006042930306393478
0.24,65,-0.002560458489406669
0.24,66,-0.0007945553324583836
0.24,67,0.0015374928381787552
0.24,68,0.0010934667918288453
0.24,69,-0.0009295334133938647
0.24,70,0.001411769611562956
0.24,71,5.814369791852129e-5
0.24,72,0.0014911065863512244
0.24,73,-0.0013695399165602846
0.24,74,0.0025994860486328922
0.24,75,-0.0049812088288057514
0.24,76,0.00021268021238366334
0.24,77,-0.0013197010675733052
0.24,78,0.001293646290272993
0.24,79,8.506380815983224e-5
0.24,80,0.0011112318607023196
0.24,81,-0.006814265675783271
0.24,82,-0.00014818310797154872
0.24,83,6.100910172284656e-5
0.24,84,0.0018891899257806885
0.24,85,-0.003160320306229873
0.24,86,-8.310012144790824e-6
0.24,87,-1.2277551753468153e-5
0.24,88,0.0014692546905138782
0.24,89,-0.00028042269792268395
0.24,90,0.00156975360852858
0.24,91,0.003684863784231179
0.24,92,-0.0012277188622941148
0.24,93,-0.0004537629673874571
0.24,94,0.003768304619584916
0.24,95,8.749831208452677e-5
0.24,96,0.0021590916138679926
0.24,97,0.0024079533929264553
0.24,98,0.0029087966414014796
0.24,99,0.004124617092987012
0.24,100,0.00517760615476305
0.24,101,0.004030361168739348
0.24,102,-0.00011518022382514291
0.24,103,0.004200293077127573
0.24,104,-0.0010666281944983049
0.24,105,0.005454564346681801
0.24,106,-0.0011062473845839444
0.24,107,0.001137003086744788
0.24,108,0.0011283985569251042
0.24,109,0.0010157039791768737
0.24,110,-0.0006695353655160635
0.24,111,-1.7946777113259983e-5
0.24,112,-3.149549999194283e-5
0.24,113,0.0018358925483299465
0.24,114,-0.0006526109666466375
0.24,115,-0.0009312683187577933
0.24,116,0.0019525792677457816
0.24,117,-0.0018683541596449633
0.24,118,0.0003667024404142115
0.24,119,0.0003239736275755296
0.24,120,0.00016817358941200318
0.24,121,0.0011250175862554637
0.24,122,3.602980016873753e-7
0.24,123,-0.00023228357496717328
0.24,124,-0.00046320761130225994
0.24,125,0.0007365008611871487
0.24,126,-0.0007430269113683574
0.24,127,-0.000367863513650189
0.24,128,-0.001265260194462827
0.24,129,3.342322389894659e-5
0.24,130,-0.002043971900277688
0.24,131,-0.0006806370950905392
0.24,132,-0.0014417860652227276
0.24,133,-0.0003279866222246667
0.24,134,-0.0006009758191455589
0.24,135,0.000641108383487621
0.24,136,0.0011999938654006378
0.24,137,2.544961916147983e-5
0.24,138,0.00046959761377918116
0.24,139,-0.0004302919709827677
0.24,140,0.001350458071201207
0.24,141,-0.0015728491354004778
0.24,142,0.0019283795944712394
0.24,143,-0.0011635736784740773
0.24,144,-0.0005001244429753741
0.24,145,-0.000614444278558557
0.24,146,-0.00036470369086506884
0.24,147,-0.0001602912145608394
0.24,148,-0.00011949042569739327
0.24,149,0.0017359157276761823
0.24,150,-0.0007268687695552941
0.24,151,0.0013895401726045592
0.24,152,0.00027692845998216387
0.24,153,0.0017383302049727972
0.24,154,0.0020555272936619877
0.24,155,0.003999322050588623
0.24,156,0.002524008452349169
0.24,157,0.002951046783332488
0.24,158,0.002354936830046519
0.24,159,0.003906560937294573
0.24,160,0.0004990826601128831
0.24,161,0.005689429928952506
0.24,162,-0.0022111243585517222
0.24,163,0.002217224228023766
0.24,164,-0.0005910519103654555
0.24,165,-0.0002825953764192932
0.24,166,-0.0005612083164804613
0.24,167,-0.002914679336410867
0.24,168,-0.00206013425755905
0.24,169,0.0003635658579292497
0.24,170,-0.003923228823840354
0.24,171,0.0005967600160348114
0.24,172,0.0014545227346594615
0.24,173,0.0006846464471943987
0.24,174,0.0008619657759623252
0.24,175,0.004158516177211234
0.24,176,0.003243886513512293
0.24,177,-0.0011058650913025158
0.24,178,0.006664857688007255
0.24,179,-0.00163658957308218
0.24,180,0.001423225392798088
0.24,181,-0.0022975402920840425
0.24,182,-0.0011445430659523259
0.24,183,0.0023383324276453846
0.24,184,-0.0011874256918436438
0.24,185,0.0033011251423771637
0.24,186,0.0018973611550165946
0.24,187,0.008200968768488576
0.24,188,0.007785760601219848
0.24,189,0.002521460053277353
0.24,190,0.03707474169166592
0.24,191,-0.01633727615120408
0.24,192,0.37326955703727605
0.24,193,0.0037323394680585423
0.24,194,0.0018598990514993952
0.24,195,-0.0017970602562339974
0.24,196,0.0006854980421076882
0.24,197,0.0009114580578594572
0.24,198,0.0015186160648013622
0.25,intercept,0.01727490289841881
0.25,1,0.002657138516471729
0.25,2,0.0014301112544059223
0.25,3,0.0013408134648141097
0.25,4,0.0011202405410315887
0.25,5,0.0029634450391227076
0.25,6,0.0006794079700352527
0.25,7,0.004037804682602229
0.25,8,0.001044491760145733
0.25,9,0.0008780927353874222
0.25,10,0.0012104317558458955
0.25,11,-0.0003605937091263876
0.25,12,0.001521495247824249
0.25,13,-0.0005267994303370891
0.25,14,-0.001526685364092536
0.25,15,0.002951873689468064
0.25,16,-0.0012869261101709892
0.25,17,0.0018197170908545374
0.25,18,-0.004110862310249674
0.25,19,8.621885515929646e-5
0.25,20,0.0002636989931084546
0.25,21,0.00012063496354851826
0.25,22,-0.0013085526376433408
0.25,23,-0.0008540956648512423
0.25,24,0.00020573244033087268
0.25,25,-0.0008557335132269684
0.25,26,-5.662499592971902e-5
0.25,27,-8.657617956036304e-5
0.25,28,-0.00017479524065358392
0.25,29,-0.00042614767640625434
0.25,30,-0.0017184061549286565
0.25,31,0.0009977097496321418
0.25,32,-0.0010020644736374227
0.25,33,-0.001045268936969418
0.25,34,-0.001056349399306572
0.25,35,-0.00039847207710302544
0.25,36,0.00011277725880680714
0.25,37,-0.0018477613057108378
0.25,38,0.0003631332511426898
0.25,39,-0.0011320914870873852
0.25,40,0.0005345102493246332
0.25,41,0.0006389660462769784
0.25,42,0.0012880620686567452
0.25,43,-0.0001609796211678974
0.25,44,0.0003291254353589778
0.25,45,0.0017357336151462828
0.25,46,0.00041676243155661807
0.25,47,0.0001244612495237346
0.25,48,-0.00031589207468612677
0.25,49,-0.0010289070599653078
0.25,50,0.0018732495021052972
0.25,51,-0.0008628416465911456
0.25,52,0.0006751400256043037
0.25,53,0.00010120998720994809
0.25,54,-0.00011827853276192623
0.25,55,0.002962397385272493
0.25,56,7.196076388396594e-5
0.25,57,0.0011226913202823346
0.25,58,0.001204572912703231
0.25,59,0.00024662362116435505
0.25,60,0.0017774129463594885
0.25,61,-6.30300771063977e-5
0.25,62,0.00017367672574912274
0.25,63,-0.0007792878104625894
0.25,64,-0.0005309693406363173
0.25,65,-0.002004162544187209
0.25,66,-0.001684119484102647
0.25,67,0.0022415949846149564
0.25,68,0.0006913894191886324
0.25,69,-0.0008466395913639448
0.25,70,0.0013416854274857835
0.25,71,-0.0004246600155385659
0.25,72,0.0017316693007672183
0.25,73,-0.0014800326702759912
0.25,74,0.0022344095507670822
0.25,75,-0.004524318765366964
0.25,76,-0.0003721605446151476
0.25,77,-0.0007880908172748193
0.25,78,0.0004422817466963882
0.25,79,0.00046604800015831823
0.25,80,0.0011414303185078745
0.25,81,-0.006491045210329645
0.25,82,-0.00012029133663201288
0.25,83,4.336199872217535e-5
0.25,84,0.00236987920314384
0.25,85,-0.003499007165366118
0.25,86,-0.00013846512245123415
0.25,87,-0.0004716418318460022
0.25,88,0.0012515971676438286
0.25,89,-0.0003646609572368752
0.25,90,0.0012826048256193365
0.25,91,0.0038131887105995158
0.25,92,-0.0016276600731235933
0.25,93,-0.00073871927925982
0.25,94,0.003966682180136881
0.25,95,0.000567928528531488
0.25,96,0.0027350763647334886
0.25,97,0.0021840835859541744
0.25,98,0.0024214222446881065
0.25,99,0.004557707810260666
0.25,100,0.005013551522945701
0.25,101,0.003967789584661928
0.25,102,0.00034930782083869073
0.25,103,0.0032083511054872703
0.25,104,-0.0013117186908156678
0.25,105,0.00532837692505227
0.25,106,-0.000765340274266386
0.25,107,0.0012242707916837398
0.25,108,0.0005285074720905772
0.25,109,0.001356344754562495
0.25,110,-0.0009078657934740843
0.25,111,0.00040948692115236324
0.25,112,-0.0005786404164983969
0.25,113,0.001882790622803171
0.25,114,-0.0003018360052214222
0.25,115,-0.001569774172914023
0.25,116,0.002557505225093546
0.25,117,-0.002245301406073762
0.25,118,0.0006049341379513359
0.25,119,0.000945798507414453
0.25,120,-0.0005607911004132532
0.25,121,0.0016495857206949092
0.25,122,-0.0005275578681302969
0.25,123,0.00030412013886446974
0.25,124,-0.0007148342536753549
0.25,125,0.0008705442918446645
0.25,126,-0.000655794501821041
0.25,127,0.0002742627017634466
0.25,128,-0.0018315211801700141
0.25,129,4.8161877069768075e-6
0.25,130,-0.0018828409454187
0.25,131,-0.00046735820070974897
0.25,132,-0.0016195673942979532
0.25,133,-0.0005554600611756636
0.25,134,-0.00039872016825384616
0.25,135,0.0009622185329958132
0.25,136,0.0010927307564300643
0.25,137,0.0005737333424377848
0.25,138,0.0003395141007566639
0.25,139,0.000116064922446595
0.25,140,0.0006827310529869911
0.25,141,-0.0011291108333191314
0.25,142,0.0016128339525295148
0.25,143,-0.000917646474260745
0.25,144,-0.000686870140282901
0.25,145,-0.0005243738126963145
0.25,146,-0.0006460318684649572
0.25,147,-0.0004460590658996169
0.25,148,-0.0006300920789265174
0.25,149,0.0018107371183711811
0.25,150,-0.0003965802883502739
0.25,151,0.0008581435851920604
0.25,152,0.0007005130403046414
0.25,153,0.0015286683109559532
0.25,154,0.0020957989749468054
0.25,155,0.003854778771302484
0.25,156,0.0018005454352027362
0.25,157,0.003340145253651322
0.25,158,0.0023141103690654976
0.25,159,0.003840998518239979
0.25,160,0.000324174534742282
0.25,161,0.005395834472509231
0.25,162,-0.002308946172411863
0.25,163,0.002144673987039959
0.25,164,-0.0006688072557955979
0.25,165,-0.0003312937394813193
0.25,166,-0.0006750682045120157
0.25,167,-0.0024939241209889626
0.25,168,-0.0022739847570986058
0.25,169,-0.0002680641215479434
0.25,170,-0.0034597093147285362
0.25,171,0.0005610323981804354
0.25,172,0.0013332338685291382
0.25,173,0.0007814082193620625
0.25,174,0.0006329816703026464
0.25,175,0.0043486606242436185
0.25,176,0.003073744349740453
0.25,177,-0.0017306741272911884
0.25,178,0.0064371127907035496
0.25,179,-0.001508705227593773
0.25,180,0.0019410110944845516
0.25,181,-0.0018302600336807676
0.25,182,-0.0008611944351497136
0.25,183,0.002022049751970169
0.25,184,-0.001270902753770379
0.25,185,0.003765788599275306
0.25,186,0.001430234517664566
0.25,187,0.008845392778371812
0.25,188,0.0074070973659784815
0.25,189,0.0033833326288239323
0.25,190,0.03646388117459727
0.25,191,-0.015770312034140574
0.25,192,0.38410294245429044
0.25,193,0.003925614054297188
0.25,194,0.0018138752415310557
0.25,195,-0.0018079757559796297
0.25,196,0.0007041768219553222
0.25,197,0.0008513507974388865
0.25,198,0.001411041950759673
0.26,intercept,0.017108286768588624
0.26,1,0.0028915581504607296
0.26,2,0.0011564998442992543
0.26,3,0.0012033450860545179
0.26,4,0.001504505786904516
0.26,5,0.0022830498679076764
0.26,6,0.001010638764763976
0.26,7,0.004431329261655511
0.26,8,0.001150344100509576
0.26,9,0.0010047965702400657
0.26,10,0.0011939006766580542
0.26,11,-0.0005730352129986537
0.26,12,0.001638119863475751
0.26,13,-0.0009026169803271035
0.26,14,-0.001292700022404258
0.26,15,0.0026871471526887175
0.26,16,-0.0009753908284499941
0.26,17,0.0013173668150252595
0.26,18,-0.0035052324618778546
0.26,19,-0.00035906622957763935
0.26,20,0.0006697463050566732
0.26,21,-0.0004263411928537186
0.26,22,-0.0006339057400219263
0.26,23,-0.0010859444801621149
0.26,24,-2.8659507555196976e-5
0.26,25,-0.0006189830408793083
0.26,26,-0.00034106198499872975
0.26,27,-3.9160707097231046e-5
0.26,28,-0.000299521102800929
0.26,29,-0.0006344073212818553
0.26,30,-0.0012724971026827718
0.26,31,0.0011372002874465654
0.26,32,-0.0009812071905080638
0.26,33,-0.0014193653442613518
0.26,34,-0.0007414021115517676
0.26,35,-0.0005350673537097831
0.26,36,6.0190917083981805e-5
0.26,37,-0.0016567832751434414
0.26,38,0.0004739660505480359
0.26,39,-0.0011905351722956063
0.26,40,0.0005961001026299036
0.26,41,0.0004404645504053695
0.26,42,0.0015555029278668852
0.26,43,-0.0003948102700812355
0.26,44,7.932587662361467e-5
0.26,45,0.0019109822032391652
0.26,46,0.0004812753587169456
0.26,47,0.00015504789124098204
0.26,48,-0.00013294745671750004
0.26,49,-0.001255281595036767
0.26,50,0.0014352910266757957
0.26,51,-0.0005033087266711184
0.26,52,0.0006740372208491395
0.26,53,0.0005156703141637754
0.26,54,-0.0007991746287239228
0.26,55,0.0029879062191436098
0.26,56,-0.00016031656158213466
0.26,57,0.0010341542572423466
0.26,58,0.0012722459429977224
0.26,59,0.0006434950834263794
0.26,60,0.001759374485201107
0.26,61,-0.0002509999887586314
0.26,62,0.00020062798410533868
0.26,63,-0.0011661774918803245
0.26,64,-0.0004927213131305501
0.26,65,-0.001646706284412753
0.26,66,-0.0013851492718277942
0.26,67,0.0019382810597774478
0.26,68,0.0004459779440953631
0.26,69,-0.0008491861533266588
0.26,70,0.001351191534872613
0.26,71,0.00012639576236457618
0.26,72,0.0016722754286610385
0.26,73,-0.0016831488923538392
0.26,74,0.001701349736626561
0.26,75,-0.0039358329750870885
0.26,76,-0.0005166464737637046
0.26,77,-0.0009761212492590762
0.26,78,0.0005893194038744561
0.26,79,0.0008536257252163698
0.26,80,0.0008191319923362514
0.26,81,-0.0066267854111483875
0.26,82,-2.193104297042384e-5
0.26,83,-0.0002697801176142739
0.26,84,0.0023065674942335432
0.26,85,-0.0035575753083849702
0.26,86,0.00022647858518240385
0.26,87,-0.00019444994941492094
0.26,88,0.0020745292473512427
0.26,89,-0.0007080440577986412
0.26,90,0.0017569707139010859
0.26,91,0.0035341801512301495
0.26,92,-0.0016947865360529234
0.26,93,-0.00031723361801902803
0.26,94,0.0035371763926757877
0.26,95,0.0004663173601827361
0.26,96,0.0031524307907419688
0.26,97,0.0016453201811471362
0.26,98,0.002555016342570074
0.26,99,0.0055411109488007265
0.26,100,0.00497340296855272
0.26,101,0.003665516726930153
0.26,102,0.0006524387379193709
0.26,103,0.002392444758412837
0.26,104,-0.0004492426650975277
0.26,105,0.004818698865662163
0.26,106,-0.001164105041938018
0.26,107,0.0007832555306735228
0.26,108,0.0012400681223272358
0.26,109,0.0015031730169460895
0.26,110,-0.0012565872580326061
0.26,111,6.674795733332802e-5
0.26,112,-0.0006380754664787142
0.26,113,0.0023008529640916606
0.26,114,-0.0005725556320681527
0.26,115,-0.0017090838174472825
0.26,116,0.002730734266452559
0.26,117,-0.0025080209369094087
0.26,118,0.0011508238766299158
0.26,119,0.0004695393786235218
0.26,120,-4.3547523138540145e-5
0.26,121,0.001270817797529128
0.26,122,-0.0005230122536460694
0.26,123,0.00036838509062690755
0.26,124,-0.001037388941112855
0.26,125,0.0010446850821178354
0.26,126,-0.00045564149115143035
0.26,127,0.00045476638481890195
0.26,128,-0.002140994621195879
0.26,129,-0.0002949277326308109
0.26,130,-0.0019176508781506311
0.26,131,-0.0007464722642507154
0.26,132,-0.001765156629520537
0.26,133,-0.00046533331652115473
0.26,134,-0.0005325176605903729
0.26,135,0.0012199368528863985
0.26,136,0.000682091372206969
0.26,137,0.0006369291452654374
0.26,138,0.00022368912750691465
0.26,139,0.00039961973660147424
0.26,140,0.0006855013987851358
0.26,141,-0.0004712368096105429
0.26,142,0.0012440427031849605
0.26,143,-0.0011398207121468074
0.26,144,-0.00035823903684900507
0.26,145,-0.000503543950504159
0.26,146,-0.0010254510537427866
0.26,147,2.328781247403193e-5
0.26,148,-0.0011633267313872343
0.26,149,0.0020896764072275685
0.26,150,-0.00090862585367084
0.26,151,0.0010104447851876858
0.26,152,0.0007572954834344604
0.26,153,0.0015308923265289207
0.26,154,0.002250463751412283
0.26,155,0.003472851075975496
0.26,156,0.002141939605032216
0.26,157,0.002987742566296977
0.26,158,0.002420756782523533
0.26,159,0.003679694986929546
0.26,160,0.0005394813778547832
0.26,161,0.0050394382533009785
0.26,162,-0.002342438935040592
0.26,163,0.002261846237704265
0.26,164,-0.00048042171113128084
0.26,165,9.368916852747698e-5
0.26,166,-0.0010804388389567769
0.26,167,-0.0024032027360801835
0.26,168,-0.0027568401354754767
0.26,169,-0.00022007166117192297
0.26,170,-0.0033923216274853634
0.26,171,0.0010373349887125773
0.26,172,0.0012756335114050765
0.26,173,0.0006774644917809756
0.26,174,0.0006211793071066349
0.26,175,0.003901250959930388
0.26,176,0.0030442342320727497
0.26,177,-0.0013691604610036215
0.26,178,0.005923403582167753
0.26,179,-0.001216137982682542
0.26,180,0.002372533296016078
0.26,181,-0.0015677581620914742
0.26,182,-0.0019570664306425125
0.26,183,0.0026536726883627086
0.26,184,-0.001538898786199011
0.26,185,0.004352221721713021
0.26,186,0.0010120676221647034
0.26,187,0.0079896441274198
0.26,188,0.008183628174600787
0.26,189,0.0035792678692290318
0.26,190,0.03771107254188735
0.26,191,-0.016492057417699896
0.26,192,0.39244281809762255
0.26,193,0.003856855832741338
0.26,194,0.0023686439872833208
0.26,195,-0.001734545059205147
0.26,196,0.0007219400381171905
0.26,197,0.0007824121283680763
0.26,198,0.0013631308507205057
0.27,intercept,0.01673402994379074
0.27,1,0.003270662592572321
0.27,2,0.00029817744811970313
0.27,3,0.0014529244616453794
0.27,4,0.0018448182417641536
0.27,5,0.001700229413338124
0.27,6,0.0013511182704706124
0.27,7,0.004807990922813174
0.27,8,0.0008661340391193655
0.27,9,0.0008695036203346189
0.27,10,0.001570470208188775
0.27,11,-0.0006158752944399294
0.27,12,0.0015866769397232874
0.27,13,-0.001297739558989176
0.27,14,-0.0008827842372235674
0.27,15,0.0019449167942114961
0.27,16,-0.00043394363591404815
0.27,17,0.0010966051199331344
0.27,18,-0.003495898925286801
0.27,19,-0.00021161486086467956
0.27,20,0.0005316018600214864
0.27,21,-0.0007361306910876048
0.27,22,-0.0003462295361335962
0.27,23,-0.0009295125704225988
0.27,24,1.1493276227019048e-5
0.27,25,-0.0005820733555513417
0.27,26,-0.0006614153775901972
0.27,27,0.00028887147587690614
0.27,28,-0.00037358247437759516
0.27,29,-0.0008065909711475862
0.27,30,-0.0008948400301263327
0.27,31,0.0011311682614881845
0.27,32,-0.0011438552858945993
0.27,33,-0.0014897168874117852
0.27,34,-0.0007620538571185192
0.27,35,-0.0006887735902490593
0.27,36,0.00016437082192310962
0.27,37,-0.0012240423138797684
0.27,38,-0.0002469599494235668
0.27,39,-0.0006642810393843832
0.27,40,0.0006712978878418742
0.27,41,0.00044577414596091004
0.27,42,0.0015362762428276148
0.27,43,-0.0005597134664916115
0.27,44,0.00013716666960749807
0.27,45,0.0020798211650416188
0.27,46,0.00038871402909754644
0.27,47,0.00038556201064944703
0.27,48,-0.00037015865204696773
0.27,49,-0.0008070739603363392
0.27,50,0.0010372433114327958
0.27,51,-0.000182100829681657
0.27,52,0.00030159759493564845
0.27,53,0.0010033739705151117
0.27,54,-0.0007777005624427597
0.27,55,0.0026212694175382916
0.27,56,-1.9264275559449076e-5
0.27,57,0.0010090048583766102
0.27,58,0.001407861756056396
0.27,59,0.0001902199559250088
0.27,60,0.0028467122545151346
0.27,61,-0.000858563800171504
0.27,62,0.0003939379350200357
0.27,63,-0.001703628718533907
0.27,64,-0.0003122577377946707
0.27,65,-0.0019655813337538675
0.27,66,-0.0012767112936871792
0.27,67,0.001942368275796332
0.27,68,0.0007542613706409007
0.27,69,-0.0013241115692676803
0.27,70,0.001297385550087048
0.27,71,0.00046310507148498965
0.27,72,0.0017377351008382943
0.27,73,-0.001619321891727568
0.27,74,0.0012259513126049678
0.27,75,-0.0035600236636247236
0.27,76,-0.0002325970827849887
0.27,77,-0.0006221730165033813
0.27,78,-0.00044251424828884806
0.27,79,0.0016311332760414285
0.27,80,0.0007524909134280877
0.27,81,-0.005885737924452832
0.27,82,-0.0007427559472917815
0.27,83,0.00019925845213021725
0.27,84,0.001439137595358648
0.27,85,-0.0030441136616312925
0.27,86,1.2736513894897639e-5
0.27,87,-3.743968910021892e-5
0.27,88,0.0018701408090848546
0.27,89,9.799838479525881e-5
0.27,90,0.001358663035919766
0.27,91,0.0034666083610554975
0.27,92,-0.0022462901164129797
0.27,93,-0.0004194953990284845
0.27,94,0.003133231862937173
0.27,95,0.0009349555694599574
0.27,96,0.002792514685169293
0.27,97,0.0021582642053453176
0.27,98,0.0019354328003763034
0.27,99,0.005419712345297443
0.27,100,0.005437650762395837
0.27,101,0.0035374182097974863
0.27,102,0.000675330967008895
0.27,103,0.0027078310453207523
0.27,104,-0.0008461909134622421
0.27,105,0.004721167976775763
0.27,106,-0.0013684416529732622
0.27,107,0.0006380896482774441
0.27,108,0.0017087833912223962
0.27,109,0.0007780537395759892
0.27,110,-0.001073319706163783
0.27,111,-0.00019217960462530463
0.27,112,-0.0004016427744567584
0.27,113,0.0017924147291522668
0.27,114,-0.0002915526914442894
0.27,115,-0.0017723003903308153
0.27,116,0.002718915510454662
0.27,117,-0.0022436854562536525
0.27,118,0.001061281962862893
0.27,119,0.0006119006157245723
0.27,120,-0.0001865779393649279
0.27,121,0.0015151894922236407
0.27,122,-0.0008959409470403763
0.27,123,0.00020718153702811625
0.27,124,-0.0007865492512690842
0.27,125,0.0007415898388775251
0.27,126,-0.0002454531446861645
0.27,127,-8.126330329673332e-5
0.27,128,-0.002219609690870863
0.27,129,-8.899862700533169e-5
0.27,130,-0.0015266125622653921
0.27,131,-0.0008486201306179746
0.27,132,-0.0019190047505390914
0.27,133,-0.0007207538955299473
0.27,134,-9.774754448224224e-5
0.27,135,0.0008903595976993096
0.27,136,0.0010036385429366163
0.27,137,0.0007772160494887032
0.27,138,0.00012559624652373072
0.27,139,0.00022055685124222995
0.27,140,0.0005457548028801561
0.27,141,-0.0005956823403253618
0.27,142,0.0013254853717750772
0.27,143,-0.0008582635965414063
0.27,144,-0.0005007349159627988
0.27,145,-0.00040348548022763406
0.27,146,-0.001007934696876705
0.27,147,-0.0003004009885454437
0.27,148,-0.0008185896035805462
0.27,149,0.0017964333714481102
0.27,150,-0.0007656522153973878
0.27,151,0.0010231678054859695
0.27,152,0.0006460933373509685
0.27,153,0.001441021267919474
0.27,154,0.002204899279480166
0.27,155,0.0041411577346039865
0.27,156,0.0016436838922902779
0.27,157,0.003172395041831152
0.27,158,0.0024374258538133586
0.27,159,0.003290556797279517
0.27,160,0.000288363587152646
0.27,161,0.004862106624960782
0.27,162,-0.001601532237952787
0.27,163,0.0020327340697345593
0.27,164,-0.0004027952182086365
0.27,165,-0.0002354288301311734
0.27,166,-0.0008104353524560905
0.27,167,-0.0028373907203782735
0.27,168,-0.0025555802617381177
0.27,169,-0.00039424022567703107
0.27,170,-0.0031476079763893706
0.27,171,0.001797687687028498
0.27,172,0.0006530019168574963
0.27,173,0.0005043438626597938
0.27,174,0.0007850062473206662
0.27,175,0.0032070434873145786
0.27,176,0.004175505170493496
0.27,177,-0.0013232408494702537
0.27,178,0.005836078990644085
0.27,179,-0.0006725318938197696
0.27,180,0.0017917605202442126
0.27,181,-0.0006384890587779127
0.27,182,-0.0027945086838870336
0.27,183,0.0030578498874872864
0.27,184,-0.0017024195484460164
0.27,185,0.004577763741117464
0.27,186,0.002436207123732089
0.27,187,0.006612529964822588
0.27,188,0.008754706468901603
0.27,189,0.0035416406583811877
0.27,190,0.03693136216132702
0.27,191,-0.01698065359613469
0.27,192,0.4064627472048118
0.27,193,0.004277461067051646
0.27,194,0.0024621815202917996
0.27,195,-0.0017067748764806046
0.27,196,0.0006878027778880435
0.27,197,0.0007483632206522761
0.27,198,0.001289135045751533
0.28,intercept,0.01650562861686635
0.28,1,0.0031978547555025594
0.28,2,0.0006460984186664929
0.28,3,0.0019279023187415236
0.28,4,0.0019148480473447185
0.28,5,0.001851199296547013
0.28,6,0.0009712102467133876
0.28,7,0.004696236133293959
0.28,8,0.0008809529791806411
0.28,9,0.0008567755987999509
0.28,10,0.001291411648147708
0.28,11,-0.0008484720305548139
0.28,12,0.0014046218448051761
0.28,13,-0.0011315957426578825
0.28,14,-0.0007343180484016423
0.28,15,0.0013398754408401007
0.28,16,0.0003245703876430032
0.28,17,0.0008453339378761629
0.28,18,-0.0032568290671366826
0.28,19,-0.0004998376126906478
0.28,20,0.0006711164731094549
0.28,21,-0.0008008369586671438
0.28,22,-0.00014486996340798015
0.28,23,-0.0008694360025725189
0.28,24,0.00016309784720933517
0.28,25,-0.0006437379661197706
0.28,26,-0.001078856052381052
0.28,27,0.0003784522709022462
0.28,28,-0.00017343579603430932
0.28,29,-0.0009273791049341136
0.28,30,-0.0008900665212401081
0.28,31,0.0011708978128781868
0.28,32,-0.0012915408484137796
0.28,33,-0.0012240279650011139
0.28,34,-0.000497659321457247
0.28,35,-0.0012035879577185677
0.28,36,-3.403965217592454e-5
0.28,37,-0.0009271980130711692
0.28,38,-0.0006921777330096291
0.28,39,-0.000413978146844768
0.28,40,0.00043702476816750985
0.28,41,0.0005116028421940608
0.28,42,0.0013406574638578509
0.28,43,-0.0007572388530109575
0.28,44,0.00033821882067887994
0.28,45,0.0023518434351287665
0.28,46,9.99678252598168e-5
0.28,47,0.0010990223946178077
0.28,48,-0.0007557734266549905
0.28,49,-0.0007066770366215375
0.28,50,0.001271176663486829
0.28,51,-0.00038425672532553886
0.28,52,0.0005698765170275564
0.28,53,0.0007293652115232229
0.28,54,-0.0009325488766042345
0.28,55,0.002903426515762658
0.28,56,-0.00044359500584592067
0.28,57,0.001054098809796474
0.28,58,0.001316085003034037
0.28,59,-0.00013224900598671845
0.28,60,0.0029902048877108373
0.28,61,-0.0009072648578922533
0.28,62,0.0005082745229829871
0.28,63,-0.0019009308028143444
0.28,64,-0.00010728941299065663
0.28,65,-0.001935825689009942
0.28,66,-0.0011096945808979793
0.28,67,0.0012223254451116435
0.28,68,0.0013350426140691025
0.28,69,-0.0016820815318822028
0.28,70,0.0014750508723383692
0.28,71,0.0004478189468297942
0.28,72,0.0015132170104998001
0.28,73,-0.0018478714317501986
0.28,74,0.0012123150521419612
0.28,75,-0.003440644642551544
0.28,76,-0.0005632152732220171
0.28,77,-3.3094732169281365e-5
0.28,78,-0.0009038137584282383
0.28,79,0.001856938527055689
0.28,80,0.001013053570843988
0.28,81,-0.0055739162509812505
0.28,82,4.668845884261583e-5
0.28,83,-0.0004418615903724694
0.28,84,0.0009325265862669858
0.28,85,-0.0032593121809966477
0.28,86,3.567451214626269e-5
0.28,87,-3.445008663968783e-5
0.28,88,0.002141716765405275
0.28,89,0.0004706844142355664
0.28,90,0.0010652917011586144
0.28,91,0.0033286555172076585
0.28,92,-0.002591418990190714
0.28,93,-0.0006258577134148819
0.28,94,0.0033251400413891485
0.28,95,0.0005754951646040511
0.28,96,0.00262453334052782
0.28,97,0.002544776313868498
0.28,98,0.0022088507431233897
0.28,99,0.005039770066828107
0.28,100,0.0050648162893403926
0.28,101,0.003419071103343265
0.28,102,0.0005557418944581887
0.28,103,0.0028657496813590177
0.28,104,-0.0012341213058813456
0.28,105,0.004832179790118429
0.28,106,-0.000984836468896851
0.28,107,0.00013566898440345974
0.28,108,0.0017260979212368628
0.28,109,0.0011660697916347554
0.28,110,-0.0008645338834090154
0.28,111,-0.0005490014999788053
0.28,112,-0.0003024778785790534
0.28,113,0.0011976548637538053
0.28,114,0.0001074247208385325
0.28,115,-0.0019574888578724734
0.28,116,0.00270484441127284
0.28,117,-0.0020417561739573143
0.28,118,0.0009601925344272393
0.28,119,0.0006827467785955434
0.28,120,-0.0005168915436622789
0.28,121,0.0015427358882750446
0.28,122,-0.0009682137847142022
0.28,123,0.000318299121995203
0.28,124,-0.0004865048677884603
0.28,125,0.00036237505953011853
0.28,126,-0.00022978526321395948
0.28,127,-0.00015060905447807847
0.28,128,-0.0016214940633118187
0.28,129,-0.00044095876305537125
0.28,130,-0.0011639911452283771
0.28,131,-0.0008814526198118153
0.28,132,-0.001810961846035793
0.28,133,-0.00037320828581752376
0.28,134,-9.071394925904719e-5
0.28,135,0.0009728160500674411
0.28,136,0.0007180199308712192
0.28,137,0.0011422404246569692
0.28,138,-0.000321528364600643
0.28,139,0.0003565320325543398
0.28,140,0.00044922920200852015
0.28,141,-0.0007460111209976456
0.28,142,0.0013994041923248795
0.28,143,-0.0010187551193661356
0.28,144,-0.0006384470269958491
0.28,145,-0.00022130264321008916
0.28,146,-0.0013068776071976352
0.28,147,-0.00010840756082661083
0.28,148,-0.0013210115503407857
0.28,149,0.00187806826557311
0.28,150,-0.0008707972188772406
0.28,151,0.0009530183147526065
0.28,152,0.000932337210341793
0.28,153,0.0012352235575111728
0.28,154,0.002767481930111333
0.28,155,0.0038713689445224256
0.28,156,0.0017718805408619182
0.28,157,0.0028745211915290943
0.28,158,0.0026007533465519867
0.28,159,0.0028593254893848983
0.28,160,0.0008102859217965496
0.28,161,0.004963658679450962
0.28,162,-0.0019806894958239387
0.28,163,0.0023320580025452575
0.28,164,-0.0004189307381387895
0.28,165,-0.00012278388348685877
0.28,166,-0.0013005193097873568
0.28,167,-0.0027584855105764828
0.28,168,-0.002476718680372138
0.28,169,0.00010102099049351783
0.28,170,-0.002336953748867215
0.28,171,0.000972271374554816
0.28,172,0.0006830535238462534
0.28,173,0.0003264579618035467
0.28,174,0.0008742014702215382
0.28,175,0.0030782228838388942
0.28,176,0.004470179675142098
0.28,177,-0.0016680235184902874
0.28,178,0.005812602611452376
0.28,179,-3.992150847930024e-5
0.28,180,0.001846592927615258
0.28,181,-0.001188150593723753
0.28,182,-0.0020047132130285622
0.28,183,0.002500700485353887
0.28,184,-0.0016711958895930087
0.28,185,0.003405714717866443
0.28,186,0.003989143102807346
0.28,187,0.006584289393947547
0.28,188,0.008297820568197332
0.28,189,0.003070170149017232
0.28,190,0.03678825930424945
0.28,191,-0.017365952255910932
0.28,192,0.41975905307890043
0.28,193,0.0039047911239107145
0.28,194,0.0025725766869654962
0.28,195,-0.001654890101315673
0.28,196,0.000666976607743981
0.28,197,0.0007137714559450996
0.28,198,0.001216260069920842
0.29,intercept,0.016076283707443552
0.29,1,0.003287564964987918
0.29,2,0.0006391076344817889
0.29,3,0.0017311389565155893
0.29,4,0.0019590318706603975
0.29,5,0.0017555204387166836
0.29,6,0.0011800033261449047
0.29,7,0.004719521014442662
0.29,8,0.0013003815059412435
0.29,9,0.0007808619832116559
0.29,10,0.001121360430133861
0.29,11,-0.0009185522924231661
0.29,12,0.0017657010639477795
0.29,13,-0.0008445462501336669
0.29,14,-0.0008426885531998007
0.29,15,0.0014882373683589392
0.29,16,0.0004150868958396514
0.29,17,0.0009115002614045522
0.29,18,-0.0028026495415595537
0.29,19,-0.0009436820447071005
0.29,20,0.0010232528046388327
0.29,21,-0.0013138158845728512
0.29,22,-0.00011304189421531003
0.29,23,-0.0012328205310029375
0.29,24,0.0003720676136523441
0.29,25,-0.001018592938507746
0.29,26,-0.0005445916724470324
0.29,27,7.566339425482084e-6
0.29,28,5.4447523393268656e-5
0.29,29,-0.0013506664940773961
0.29,30,-0.0002759925311657818
0.29,31,0.0007143214872698859
0.29,32,-0.0008796083253619667
0.29,33,-0.0016075574002120073
0.29,34,-0.0006563649994831845
0.29,35,-0.0010434400665679134
0.29,36,5.364042732704066e-5
0.29,37,-0.000979009075015699
0.29,38,-0.0008059480834594405
0.29,39,-5.78808427032834e-5
0.29,40,6.0349378197235804e-5
0.29,41,0.000558775468451386
0.29,42,0.0011788216936629951
0.29,43,-0.0011257909476408612
0.29,44,0.0011342264637643374
0.29,45,0.0022055126763808547
0.29,46,0.00017472014415460487
0.29,47,0.0012960332996108884
0.29,48,-0.0009278864655405317
0.29,49,-0.0009378169672374241
0.29,50,0.0010715042948149962
0.29,51,-0.0002505777317432739
0.29,52,0.0008944388678549703
0.29,53,0.0005857140509215291
0.29,54,-0.0013161327170328778
0.29,55,0.0029767570390715867
0.29,56,-0.0003765754772009259
0.29,57,0.0015297374527214725
0.29,58,0.0011918456895412223
0.29,59,-0.00020416074154252663
0.29,60,0.002642637140483482
0.29,61,-0.0007228050852400442
0.29,62,0.000498917221264856
0.29,63,-0.002080915567418718
0.29,64,-0.00032328161284363106
0.29,65,-0.001723010352117056
0.29,66,-0.0011887065755093924
0.29,67,0.0015836580239464919
0.29,68,0.0011383252261927875
0.29,69,-0.0014167737936086808
0.29,70,0.0007053321929801619
0.29,71,0.0003777836502861979
0.29,72,0.0016181797440441043
0.29,73,-0.0015658937893490365
0.29,74,0.0018381837357447348
0.29,75,-0.0032525026472861387
0.29,76,-0.0005363201320099971
0.29,77,-5.765698193622549e-5
0.29,78,-0.001064694972656144
0.29,79,0.0018712441095277523
0.29,80,0.001089758591006226
0.29,81,-0.0056006195992848425
0.29,82,7.372103754617691e-5
0.29,83,-0.00011888303805356566
0.29,84,0.0009237570470958658
0.29,85,-0.0030604517292696144
0.29,86,-0.0002401623596118261
0.29,87,-0.00038635950344197953
0.29,88,0.0023076852700449567
0.29,89,0.0014229750153877084
0.29,90,0.0006002345501495703
0.29,91,0.003045016003163359
0.29,92,-0.002599187971547607
0.29,93,0.00011998533586398002
0.29,94,0.0028730498671954833
0.29,95,0.0004698316384653003
0.29,96,0.0031717909446432146
0.29,97,0.0025743019474393346
0.29,98,0.0012268752253357367
0.29,99,0.005408854682710633
0.29,100,0.004626396593398495
0.29,101,0.004022564389948052
0.29,102,0.0007493343402169269
0.29,103,0.0031705400882325535
0.29,104,-0.001918335521359197
0.29,105,0.00476880633835493
0.29,106,-0.0016220540650645713
0.29,107,0.0003614955538094333
0.29,108,0.00211938842499546
0.29,109,0.000556487200468274
0.29,110,-0.0003997709793229804
0.29,111,-0.0002940198555398193
0.29,112,-0.0007357972403730152
0.29,113,0.0017475258311391545
0.29,114,-0.00016988283455484206
0.29,115,-0.002281253311092636
0.29,116,0.002931130019063373
0.29,117,-0.0024446954979347557
0.29,118,0.0010357053817257648
0.29,119,0.00019131388829786536
0.29,120,0.00019777924747529802
0.29,121,0.0014567497895290875
0.29,122,-0.0005901235893580202
0.29,123,0.0001503540687607822
0.29,124,-0.00031391166275714164
0.29,125,-1.7722412091251362e-5
0.29,126,-0.00034989922322077084
0.29,127,-0.00010781879775066611
0.29,128,-0.0015698526988463947
0.29,129,-0.00022739885806977397
0.29,130,-0.0013680883031780527
0.29,131,-0.0008167940128179486
0.29,132,-0.0020266678207119526
0.29,133,-0.00019084526838544178
0.29,134,-0.00032994370909764564
0.29,135,0.0009314862388021843
0.29,136,0.0007888343251472716
0.29,137,0.0007154597255812617
0.29,138,2.3950422983489573e-5
0.29,139,0.00015328566283912757
0.29,140,0.0011299188722267632
0.29,141,-0.0015205331149651122
0.29,142,0.0017300152339050818
0.29,143,-0.0012917226627744143
0.29,144,-0.0007509946426478355
0.29,145,-0.00036301252278157477
0.29,146,-0.0007776931157292684
0.29,147,7.293347766187418e-5
0.29,148,-0.0017604811754557599
0.29,149,0.0018833203678534406
0.29,150,-0.0008581238944894386
0.29,151,0.0012812202822225882
0.29,152,0.00045083045411095055
0.29,153,0.0013403848689417183
0.29,154,0.0027566089039964175
0.29,155,0.003593022243165738
0.29,156,0.001971547399115706
0.29,157,0.002781175870775526
0.29,158,0.0027692336165249043
0.29,159,0.002929334552321842
0.29,160,0.0007883645086450766
0.29,161,0.005049367317074635
0.29,162,-0.0017113236457922177
0.29,163,0.002271293779590489
0.29,164,-0.000565851349306468
0.29,165,-1.4223927015335918e-5
0.29,166,-0.0015553505955489264
0.29,167,-0.0027777011701878955
0.29,168,-0.0021156603990462293
0.29,169,-0.00011493838011775052
0.29,170,-0.0022598851800263793
0.29,171,0.0010449307388297505
0.29,172,0.0011286184708729195
0.29,173,0.00033593567384394726
0.29,174,0.0007714164860334437
0.29,175,0.002580174798218695
0.29,176,0.005119446831286312
0.29,177,-0.0020149414572459817
0.29,178,0.005464145644647341
0.29,179,0.000504459718239816
0.29,180,0.001796672412232531
0.29,181,-0.0009637150969520876
0.29,182,-0.0014613125883430448
0.29,183,0.0021648504620735416
0.29,184,-0.002010860103491742
0.29,185,0.0029278294994960815
0.29,186,0.003220620295750037
0.29,187,0.007158391603295577
0.29,188,0.009093073115593658
0.29,189,0.0025667161804171085
0.29,190,0.035563569320304335
0.29,191,-0.01666079682510223
0.29,192,0.4339991690255493
0.29,193,0.0035612573113019824
0.29,194,0.002943810392555638
0.29,195,-0.0015972177473064881
0.29,196,0.000661913367780067
0.29,197,0.0006884179236261306
0.29,198,0.0011564493430684887
0.3,intercept,0.01578784261404331
0.3,1,0.0034709611861884608
0.3,2,0.0007720323725093223
0.3,3,0.0016348752044369821
0.3,4,0.0013399685516341515
0.3,5,0.002765191598329998
0.3,6,0.0006580137112608814
0.3,7,0.004688707586098223
0.3,8,0.000725024368833263
0.3,9,0.0004433709898433443
0.3,10,0.0013673966613593261
0.3,11,-0.0007288759893998472
0.3,12,0.0021987226544365377
0.3,13,-0.0014021029058128053
0.3,14,-0.0005743075394436219
0.3,15,0.0011736184178814018
0.3,16,0.0003323075734119593
0.3,17,0.0007897348015668702
0.3,18,-0.0028294562053648815
0.3,19,-0.0010884059063533803
0.3,20,0.0010097441653107062
0.3,21,-0.0014423808512017012
0.3,22,2.519223389722758e-5
0.3,23,-0.0009254113646345751
0.3,24,0.00032967445733877803
0.3,25,-0.0009243257249706973
0.3,26,-0.0007028858223433992
0.3,27,-5.518914917498794e-5
0.3,28,-1.5097795269748128e-5
0.3,29,-0.001159504130829063
0.3,30,-0.0005037248837133023
0.3,31,0.0009219569505136235
0.3,32,-0.001138357593736827
0.3,33,-0.0013739367476618787
0.3,34,-0.0006474303356681068
0.3,35,-0.0008896143899271564
0.3,36,-0.00012325114811007683
0.3,37,-0.000581025934362433
0.3,38,-0.0009516518495270138
0.3,39,-0.00019484774444852317
0.3,40,4.475432773777004e-6
0.3,41,0.0006512627966673982
0.3,42,0.0013387918851615551
0.3,43,-0.0009477003870332617
0.3,44,0.0009148353839679742
0.3,45,0.002207056735496831
0.3,46,5.803645746160696e-5
0.3,47,0.0011499643726996013
0.3,48,-0.0005899646101209954
0.3,49,-0.0008693608046515193
0.3,50,0.000933666514242491
0.3,51,-0.0002698164498214838
0.3,52,0.0006347308624798699
0.3,53,0.000705918576831988
0.3,54,-0.0008684964225629943
0.3,55,0.0022495342100021217
0.3,56,-0.0007064246494144599
0.3,57,0.0015688190679161934
0.3,58,0.0011291054748660302
0.3,59,-0.00015485875711536813
0.3,60,0.0022987097963060887
0.3,61,-0.0007554116614452237
0.3,62,-7.18603374703514e-5
0.3,63,-0.001669019248463629
0.3,64,-0.0004204501915563976
0.3,65,-0.0010427693091415826
0.3,66,-0.0015262434521859365
0.3,67,0.0014833607177540424
0.3,68,0.0012183669028415633
0.3,69,-0.0014975913268449226
0.3,70,0.00048203810674473643
0.3,71,0.00022378756744620887
0.3,72,0.0017833817354529799
0.3,73,-0.0020464568343490593
0.3,74,0.002410673750904846
0.3,75,-0.003579674576332265
0.3,76,-0.0003520393340888134
0.3,77,-0.0007758022165571987
0.3,78,-0.0008927613186354874
0.3,79,0.002137263316946613
0.3,80,0.000805989396976594
0.3,81,-0.004829330009326996
0.3,82,-0.00017578460548360424
0.3,83,-4.5464657675289436e-5
0.3,84,0.000993602008702652
0.3,85,-0.0034084908503716873
0.3,86,0.00025713306378725894
0.3,87,-0.0009445163353577303
0.3,88,0.0023675452748984725
0.3,89,0.0013159757991173292
0.3,90,0.0009339630055616991
0.3,91,0.0026347834502789933
0.3,92,-0.0028332324092746456
0.3,93,-0.0003681632883679226
0.3,94,0.0035105169902282522
0.3,95,0.00039272918914434784
0.3,96,0.004085100144904212
0.3,97,0.002122931411564381
0.3,98,0.0006989710768189625
0.3,99,0.005025730454471555
0.3,100,0.005605014483838505
0.3,101,0.004037147834896965
0.3,102,0.0010508209889468847
0.3,103,0.002708642631101938
0.3,104,-0.0013024860261390057
0.3,105,0.003926821836167622
0.3,106,-0.0012886986714725854
0.3,107,0.0005340394549303129
0.3,108,0.002169537634210719
0.3,109,0.0003334021020440108
0.3,110,-0.0011378220743610188
0.3,111,-0.0007186478375941199
0.3,112,0.000603490414680222
0.3,113,0.0010977792393859981
0.3,114,-3.2337538484271e-5
0.3,115,-0.0019146288725643366
0.3,116,0.002678137484506887
0.3,117,-0.001987174665540031
0.3,118,0.0008538115668400537
0.3,119,0.000471036475522211
0.3,120,-0.0003866323300013627
0.3,121,0.0017371298515544416
0.3,122,-0.0007203077441757576
0.3,123,0.0004302771759595991
0.3,124,-0.0007496487124893532
0.3,125,0.0002708983875696719
0.3,126,-0.0003684854027413213
0.3,127,-0.00016680378269981342
0.3,128,-0.0012040401024569819
0.3,129,0.00017398766169343693
0.3,130,-0.0014457016703122018
0.3,131,-0.0009661964115068029
0.3,132,-0.0015041772130680352
0.3,133,-0.00046127353696796597
0.3,134,-0.00030987921665684036
0.3,135,0.0007334016587128376
0.3,136,0.0006404856996492387
0.3,137,0.0007420858061238262
0.3,138,0.0003926620854945261
0.3,139,0.0003444885229015464
0.3,140,0.0008464902849931138
0.3,141,-0.0018756056810503637
0.3,142,0.0016097010249891245
0.3,143,-0.0012863583296379916
0.3,144,-0.0003383212492417437
0.3,145,-0.0002944166721062588
0.3,146,-0.0009138737889403914
0.3,147,9.070684094424253e-5
0.3,148,-0.0017442345831970162
0.3,149,0.0016650129033761952
0.3,150,-0.0007541237214308889
0.3,151,0.001348505605237188
0.3,152,-2.7676357891321373e-5
0.3,153,0.0016031346521580784
0.3,154,0.0026857539192070164
0.3,155,0.003693181316581998
0.3,156,0.001940677012980412
0.3,157,0.0026139890678645705
0.3,158,0.00228834390590835
0.3,159,0.002414895649722219
0.3,160,0.0011290598852712877
0.3,161,0.004787878631954149
0.3,162,-0.0016855851947350736
0.3,163,0.002355147032087936
0.3,164,-0.0005383235439402591
0.3,165,-0.00015211219000784868
0.3,166,-0.00118557133680598
0.3,167,-0.0029832398656913068
0.3,168,-0.0019478036839297031
0.3,169,-0.0003553291728449165
0.3,170,-0.0026015387725171818
0.3,171,0.0015241921319084325
0.3,172,0.0010878678056212893
0.3,173,0.0005733048288642917
0.3,174,0.0017906528019233506
0.3,175,0.0025262916276940525
0.3,176,0.00464211612920054
0.3,177,-0.00149747893832817
0.3,178,0.004788643618118622
0.3,179,0.002430492456242525
0.3,180,0.0003102351450546322
0.3,181,-0.00039520235766716367
0.3,182,-0.0018037698952072696
0.3,183,0.0020774921140798955
0.3,184,-0.0021157964696032774
0.3,185,0.0027540591853846314
0.3,186,0.002651884628335249
0.3,187,0.006422590197160429
0.3,188,0.008660373263662187
0.3,189,0.0032428868298295128
0.3,190,0.03392732682296307
0.3,191,-0.01685753274353951
0.3,192,0.45133162289562817
0.3,193,0.0033501038489363475
0.3,194,0.0029580578145481516
0.3,195,-0.0015533008799607478
0.3,196,0.0006406989032154193
0.3,197,0.0006352620084895157
0.3,198,0.001091632775539579
0.31,intercept,0.015424681477754654
0.31,1,0.0030913028229046825
0.31,2,0.0010446224616915969
0.31,3,0.0013091172461842414
0.31,4,0.0017163783621160526
0.31,5,0.0022522829514139632
0.31,6,0.001327444641339727
0.31,7,0.004515330518445866
0.31,8,0.000666685233074807
0.31,9,8.82484787360631e-5
0.31,10,0.0015710015980388598
0.31,11,-0.000620929569152262
0.31,12,0.002214213463128527
0.31,13,-0.001842200087032445
0.31,14,-0.0004850595810040546
0.31,15,0.0009370402124138505
0.31,16,0.0006903209963787546
0.31,17,-3.0438118750545945e-5
0.31,18,-0.002068280079909139
0.31,19,-0.0014651055502012693
0.31,20,0.0014476668048428135
0.31,21,-0.0014218781594407765
0.31,22,3.773453201890694e-5
0.31,23,-0.0009325789897460364
0.31,24,0.0003453141801298364
0.31,25,-0.0008362696288344427
0.31,26,-0.0008785068635083956
0.31,27,-0.00015799167025302876
0.31,28,0.0001243360758498173
0.31,29,-0.0010263660472740086
0.31,30,-0.0010576083527317115
0.31,31,0.0014368291403421653
0.31,32,-0.0012837132168520365
0.31,33,-0.001371755407499794
0.31,34,-0.0008972584622436103
0.31,35,-0.0008886082088286982
0.31,36,-5.520503485029527e-6
0.31,37,-0.000525153438264386
0.31,38,-0.0012738370175644337
0.31,39,-4.043173735824181e-5
0.31,40,-6.051161410965787e-5
0.31,41,0.0008883227676864479
0.31,42,0.0017558396829199644
0.31,43,-0.0013701185755100804
0.31,44,0.0011712014688026013
0.31,45,0.0020663605676864176
0.31,46,0.0002730198457314585
0.31,47,0.0007364041734745701
0.31,48,-0.0002817760270031041
0.31,49,-0.0013106818828398968
0.31,50,0.0011552920574485607
0.31,51,-0.0004142072782066072
0.31,52,0.001182934564269546
0.31,53,0.0006648479506325329
0.31,54,-0.0011623944319905206
0.31,55,0.0024399042140597397
0.31,56,-0.0003459162866726461
0.31,57,0.001316794970135789
0.31,58,0.0009661093158135073
0.31,59,-0.0004072087703458374
0.31,60,0.0028710610962388084
0.31,61,-0.0012728047702491284
0.31,62,-0.0001902918837257702
0.31,63,-0.0018424230441893617
0.31,64,-0.00046523745962478167
0.31,65,-0.00031019122201536185
0.31,66,-0.0020022484679636738
0.31,67,0.0016008588510894053
0.31,68,0.0007501795768704412
0.31,69,-0.001719149640998937
0.31,70,0.0005637695901171333
0.31,71,0.00020156043119520464
0.31,72,0.0019572370380071943
0.31,73,-0.001990093041190331
0.31,74,0.0018434362408242693
0.31,75,-0.00297580479104761
0.31,76,-0.0007772888484452876
0.31,77,0.00017936013604098953
0.31,78,-0.0010757489944197625
0.31,79,0.002032564395854376
0.31,80,0.000583454575480684
0.31,81,-0.005343405506696467
0.31,82,0.0001589501150091405
0.31,83,-0.000523095532301035
0.31,84,0.0016303394526073593
0.31,85,-0.0031626080835982736
0.31,86,0.00017019997044385104
0.31,87,-0.0011590807282249164
0.31,88,0.0021521027398551554
0.31,89,0.0016239255233928968
0.31,90,0.000737213741126147
0.31,91,0.0023076611046759033
0.31,92,-0.002445670880150795
0.31,93,-0.0005813118495531242
0.31,94,0.003464987037300401
0.31,95,0.0008131936413339237
0.31,96,0.004789911352143176
0.31,97,0.002303770002416335
0.31,98,0.0014422700521537258
0.31,99,0.004454819114172513
0.31,100,0.005361828157213001
0.31,101,0.003936061643579007
0.31,102,0.0008377938205354462
0.31,103,0.002818731681830081
0.31,104,-0.0010259542548762483
0.31,105,0.004292485209940912
0.31,106,-0.0019449600488747976
0.31,107,0.00027387877558929653
0.31,108,0.002376919473346784
0.31,109,0.00017949515983368676
0.31,110,-0.0005935494775737803
0.31,111,-0.0005540624481450263
0.31,112,0.0003423637895229684
0.31,113,0.0012781083840980418
0.31,114,-3.8862814177792997e-5
0.31,115,-0.001965163257818931
0.31,116,0.0030937285268152286
0.31,117,-0.0021199276578687375
0.31,118,0.0009180241085508309
0.31,119,0.000489719334614608
0.31,120,-0.0010292834045851958
0.31,121,0.0020916549300060414
0.31,122,-0.0009153591276741994
0.31,123,0.00056876884947742
0.31,124,-0.0005236144491447076
0.31,125,3.905361821279537e-5
0.31,126,-0.000660490815499132
0.31,127,-0.00018949437779288645
0.31,128,-0.0010999949722067472
0.31,129,3.5961089177490933e-6
0.31,130,-0.0014261288522720793
0.31,131,-0.0009507286814485935
0.31,132,-0.0010918733377697683
0.31,133,-0.0008376864167559686
0.31,134,-0.0003585436957644297
0.31,135,0.0007915817244486845
0.31,136,0.000985506988945803
0.31,137,0.0007825583369788225
0.31,138,0.00047555968630288135
0.31,139,1.2350480669699051e-6
0.31,140,0.0010382864297836271
0.31,141,-0.0020181807171841333
0.31,142,0.0016137534506686355
0.31,143,-0.0010874857801756804
0.31,144,-0.0005185380183522451
0.31,145,-0.0003343383966204969
0.31,146,-0.0009788296021298706
0.31,147,0.00024569617058903026
0.31,148,-0.0020571510490602378
0.31,149,0.0018807842865977134
0.31,150,-0.001055028779637657
0.31,151,0.0014511481344651003
0.31,152,-7.445940185065181e-5
0.31,153,0.001510726368953043
0.31,154,0.0027405193608458136
0.31,155,0.003232303246970459
0.31,156,0.0023804474314712692
0.31,157,0.0024645493099946596
0.31,158,0.002944353815807376
0.31,159,0.0021526442137795214
0.31,160,0.001543990771350121
0.31,161,0.004660375585122012
0.31,162,-0.0017566857294178191
0.31,163,0.0024374774408396217
0.31,164,-0.0005451806355619329
0.31,165,-0.0007538333351098441
0.31,166,-0.0008570857493394212
0.31,167,-0.0026538472091158574
0.31,168,-0.002203805113984517
0.31,169,5.729044074569162e-5
0.31,170,-0.0033987095590871067
0.31,171,0.002848764056341657
0.31,172,0.000984648596702431
0.31,173,7.112458946912353e-5
0.31,174,0.002058475499911604
0.31,175,0.002655685184767079
0.31,176,0.0042786318057439045
0.31,177,-0.001959036036240837
0.31,178,0.0050507873513804665
0.31,179,0.0025695767776099895
0.31,180,-0.0002628043131629803
0.31,181,0.00038913235172406474
0.31,182,-0.002364441485918445
0.31,183,0.0030648008471264006
0.31,184,-0.00287609010978098
0.31,185,0.003219642595634096
0.31,186,0.0023398130189225845
0.31,187,0.005946740559241901
0.31,188,0.009261380282996638
0.31,189,0.0031470548315931175
0.31,190,0.0330546102253372
0.31,191,-0.015809355012289493
0.31,192,0.46304344167327866
0.31,193,0.003312023462064021
0.31,194,0.0031680748121598644
0.31,195,-0.0015666052945717504
0.31,196,0.0006284267230021101
0.31,197,0.0006370409250559123
0.31,198,0.0011008361137584601
0.32,intercept,0.015035955143784639
0.32,1,0.0027494352127697312
0.32,2,0.0016981919640705182
0.32,3,0.0013151614779311196
0.32,4,0.0015628990139612807
0.32,5,0.0019485342936241955
0.32,6,0.00109906238298797
0.32,7,0.003931503009580598
0.32,8,0.001227802381446825
0.32,9,0.0002006595487577426
0.32,10,0.0015684986668423866
0.32,11,-0.0004398617362450535
0.32,12,0.001856139890408204
0.32,13,-0.001473243205923061
0.32,14,-0.0009329267318731129
0.32,15,0.0007953628088835991
0.32,16,0.0006106711800822342
0.32,17,8.416169567947158e-6
0.32,18,-0.0020708199222298804
0.32,19,-0.001530426413891144
0.32,20,0.0016066316656582666
0.32,21,-0.002019791035999757
0.32,22,0.0008177442781782367
0.32,23,-0.00136534791037463
0.32,24,0.0005845806451730772
0.32,25,-0.001065939073038233
0.32,26,-0.000768522164486282
0.32,27,-0.0002182961464845569
0.32,28,9.812425121341457e-5
0.32,29,-0.0009369145463138718
0.32,30,-0.000693946142788787
0.32,31,0.0012243982642229675
0.32,32,-0.0010855850279018536
0.32,33,-0.0013700884001876178
0.32,34,-0.0010097994260226024
0.32,35,-0.0008525577042983613
0.32,36,-0.00012181922770919726
0.32,37,-0.0002935948913798181
0.32,38,-0.001513988668063467
0.32,39,0.00037210368815000186
0.32,40,-0.0002615646263904462
0.32,41,0.0012257295595352008
0.32,42,0.0017016361625812988
0.32,43,-0.0015044042814408311
0.32,44,0.0011625185034538847
0.32,45,0.00210386117103427
0.32,46,-2.7338404763547493e-5
0.32,47,0.0008406642227929725
0.32,48,-0.0008246061240193584
0.32,49,-0.0008238161185853114
0.32,50,0.000916469179890596
0.32,51,-0.00040790031265918424
0.32,52,0.001117545748421625
0.32,53,0.0007473646875267718
0.32,54,-0.0004362202354630493
0.32,55,0.0017777377744839108
0.32,56,0.00012249433666232346
0.32,57,0.0007936936355553699
0.32,58,0.00110043373685524
0.32,59,-8.956579555503958e-5
0.32,60,0.0027860048421499434
0.32,61,-0.0010802229283965725
0.32,62,-0.0005009646983742533
0.32,63,-0.0019008127564547255
0.32,64,-0.00048046425543520933
0.32,65,-0.0001749695611688272
0.32,66,-0.0022012122804085134
0.32,67,0.0016755261756802317
0.32,68,0.0007516014891342398
0.32,69,-0.001647212889971403
0.32,70,0.0003813581781719711
0.32,71,0.00038820131583078965
0.32,72,0.001734465334451816
0.32,73,-0.0020852905674171307
0.32,74,0.001797856470240468
0.32,75,-0.0027926724960114836
0.32,76,-0.0005068310279258547
0.32,77,-4.086945493555646e-5
0.32,78,-0.0008816012844840102
0.32,79,0.0019857917331905527
0.32,80,0.0005331009941587891
0.32,81,-0.0055741992587928875
0.32,82,-9.697669067765454e-5
0.32,83,-0.0003454623647429416
0.32,84,0.0018797221972643783
0.32,85,-0.003094800339014249
0.32,86,4.59694419609935e-5
0.32,87,-0.0010023591676434726
0.32,88,0.002112970521689478
0.32,89,0.0016775745759929947
0.32,90,0.0006450225183682388
0.32,91,0.001347472974628484
0.32,92,-0.0021345112843759607
0.32,93,-0.00035047002228836275
0.32,94,0.0035804608150629314
0.32,95,0.0007772133104739295
0.32,96,0.0046936509229175485
0.32,97,0.0027554430284005287
0.32,98,0.0011913348702003441
0.32,99,0.0046036906591411355
0.32,100,0.005195694264057924
0.32,101,0.003928499675214624
0.32,102,0.0006907979559228742
0.32,103,0.0034694772737949553
0.32,104,-0.0013551638700123713
0.32,105,0.0044669945027356935
0.32,106,-0.0019363242875095148
0.32,107,0.0005912950578462232
0.32,108,0.0021599114757360743
0.32,109,6.46575324710353e-5
0.32,110,-0.0006398984359257927
0.32,111,-0.0009737333809900352
0.32,112,0.0006122677610047015
0.32,113,0.0008581973260264517
0.32,114,3.431337559305349e-5
0.32,115,-0.0016363840364997581
0.32,116,0.002996257229642032
0.32,117,-0.002347684489590583
0.32,118,0.001408388540598938
0.32,119,0.0005263812631052722
0.32,120,-0.0010518646811098992
0.32,121,0.0017845981680626678
0.32,122,-0.0006298986733393518
0.32,123,0.0006063123203238224
0.32,124,-0.0006758515553834619
0.32,125,-9.554071064774682e-5
0.32,126,-0.000639866261726
0.32,127,-0.00020396697137264934
0.32,128,-0.0011352783549220939
0.32,129,-2.1040951722531223e-5
0.32,130,-0.001157395059930719
0.32,131,-0.0010342206697293767
0.32,132,-0.0011592278531728278
0.32,133,-0.0008495366104055515
0.32,134,-0.00014296624057866958
0.32,135,0.0005745280321567558
0.32,136,0.0012000461421657266
0.32,137,0.0009552303209815339
0.32,138,0.0006378755639845197
0.32,139,0.00014804525479958618
0.32,140,0.0006070699473805098
0.32,141,-0.0017493718870462889
0.32,142,0.0013705227930017226
0.32,143,-0.0006764095526844195
0.32,144,-0.0006410446190452603
0.32,145,-0.00039656964310199884
0.32,146,-0.0015402522858905395
0.32,147,0.0005234020663187587
0.32,148,-0.001987458327110669
0.32,149,0.0016534638641067404
0.32,150,-0.0008305325733172662
0.32,151,0.0010838021933339838
0.32,152,0.00017623644418767663
0.32,153,0.001428579579701958
0.32,154,0.0023506705767451204
0.32,155,0.0032821007144513666
0.32,156,0.0015421051878040273
0.32,157,0.004290308207288563
0.32,158,0.0022565256180805027
0.32,159,0.002463923686658689
0.32,160,0.0013365638573232474
0.32,161,0.004236076362472785
0.32,162,-0.0011822552318971613
0.32,163,0.0022715028387254262
0.32,164,-0.0008576783871096386
0.32,165,-0.0002818526068412242
0.32,166,-0.0013906204563618936
0.32,167,-0.0023866343318687437
0.32,168,-0.003004029584134374
0.32,169,0.000776523815128489
0.32,170,-0.0037219392365505787
0.32,171,0.0036860793526437992
0.32,172,0.00041762706778041166
0.32,173,0.00038624013343854937
0.32,174,0.001519910806767645
0.32,175,0.0025646958747606707
0.32,176,0.004184888254526036
0.32,177,-0.001694872585554788
0.32,178,0.004606434658592931
0.32,179,0.0028834356739763176
0.32,180,-0.00028684989140174375
0.32,181,-0.00012271013486054701
0.32,182,-0.0023063752948490283
0.32,183,0.0033157661384900622
0.32,184,-0.003143279849288002
0.32,185,0.003428212690929994
0.32,186,0.002123233107465138
0.32,187,0.005875346806945203
0.32,188,0.00916512653632926
0.32,189,0.0021864179828042637
0.32,190,0.03394587010678729
0.32,191,-0.016176222693102805
0.32,192,0.47804094558911314
0.32,193,0.0034513024384518433
0.32,194,0.003227566196977219
0.32,195,-0.0015135125781563152
0.32,196,0.0006205796347115983
0.32,197,0.0005952969756491972
0.32,198,0.0010559635155278704
0.33,intercept,0.014600189588301598
0.33,1,0.0028530931597603422
0.33,2,0.0020511548248367106
0.33,3,0.0013140405401812839
0.33,4,0.0021524601117586637
0.33,5,0.0015954134669591078
0.33,6,0.0014927734937040893
0.33,7,0.003516626858090775
0.33,8,0.0016887633266163792
0.33,9,0.0005521690143350368
0.33,10,0.0015674404636754659
0.33,11,4.827136494561181e-5
0.33,12,0.0011954711121417209
0.33,13,-0.0016564039167099912
0.33,14,-0.0005858437740005009
0.33,15,0.0008545658200205792
0.33,16,0.0002745177563698057
0.33,17,-8.598636660317066e-5
0.33,18,-0.0020281690193177985
0.33,19,-0.001688519873420083
0.33,20,0.0012349752658543135
0.33,21,-0.0017753630475966754
0.33,22,0.0006715596282076018
0.33,23,-0.0013223884512128519
0.33,24,0.0005334382433722369
0.33,25,-0.0008093367022897191
0.33,26,-0.0006977114876923955
0.33,27,-0.0005886150725560905
0.33,28,6.843774317388347e-5
0.33,29,-0.0009445570886738679
0.33,30,-0.0005738227529944656
0.33,31,0.0010483412769566667
0.33,32,-0.0012780109469608164
0.33,33,-0.001406943287860901
0.33,34,-0.001293731425825694
0.33,35,-0.0008390225682647058
0.33,36,-6.760434875754354e-5
0.33,37,-0.0004176129861236497
0.33,38,-0.0016215556109994897
0.33,39,0.00030053785921408424
0.33,40,9.648971658387026e-5
0.33,41,0.0011537525296967089
0.33,42,0.0014736280400703494
0.33,43,-0.0011849827533732048
0.33,44,0.0009859255124621065
0.33,45,0.002235351398665356
0.33,46,0.0002994532771015588
0.33,47,0.0005557316837542204
0.33,48,-0.0005029169839649297
0.33,49,-0.0007589465918024626
0.33,50,0.0010883275250931192
0.33,51,-0.0005875561652407152
0.33,52,0.000984060702313527
0.33,53,0.0004130412539751036
0.33,54,-0.0005242278957790657
0.33,55,0.0020245030089591724
0.33,56,-0.00010089704134821875
0.33,57,0.0009321068835644018
0.33,58,0.0011730368459372143
0.33,59,-0.0002688672256395197
0.33,60,0.002909187855694355
0.33,61,-0.0007324139174418433
0.33,62,-0.0004886589974491455
0.33,63,-0.0020574942997224665
0.33,64,-0.00038859743254795136
0.33,65,6.0791319076749656e-5
0.33,66,-0.0023969381085722705
0.33,67,0.0014700154127559918
0.33,68,0.0003795821682620754
0.33,69,-0.0013058333093030885
0.33,70,0.00034110359311704467
0.33,71,0.00041530513869211436
0.33,72,0.0018284941218420859
0.33,73,-0.002625180376389451
0.33,74,0.0017819382180349129
0.33,75,-0.0024008475255436054
0.33,76,-0.0006669009944627386
0.33,77,0.0003703432452789081
0.33,78,-0.0008898299871670252
0.33,79,0.001382951050447213
0.33,80,0.001145123824727615
0.33,81,-0.005666511444300031
0.33,82,-0.00020695304954889906
0.33,83,-0.0008002030981914916
0.33,84,0.0017364954929528094
0.33,85,-0.0024840362608661774
0.33,86,-0.0009010290752830258
0.33,87,-0.0005675655549585924
0.33,88,0.0027276685452376995
0.33,89,0.0008673984846490653
0.33,90,0.0004401153631679939
0.33,91,0.001305199328801233
0.33,92,-0.0020546836665307653
0.33,93,-0.00021066558402479797
0.33,94,0.003920010596387196
0.33,95,0.0006521028426314653
0.33,96,0.0038378313999945877
0.33,97,0.0038849737417694366
0.33,98,0.00165853892814537
0.33,99,0.004454024774033681
0.33,100,0.004683050833765686
0.33,101,0.004474284592937806
0.33,102,0.0006824058986444844
0.33,103,0.0036571066167964575
0.33,104,-0.0018059728892593674
0.33,105,0.005143997828793041
0.33,106,-0.0019833124854859076
0.33,107,0.0004357478471081949
0.33,108,0.0017333424829243966
0.33,109,0.0005650625317612718
0.33,110,-0.0010346800128006753
0.33,111,-0.000638327609808314
0.33,112,0.0008180592481787834
0.33,113,0.0008443854500479726
0.33,114,-0.00029748484514824163
0.33,115,-0.0016791945342725806
0.33,116,0.003528759808984442
0.33,117,-0.002505596698998512
0.33,118,0.0015766319125659397
0.33,119,5.287279421845292e-6
0.33,120,-0.0009583163017035849
0.33,121,0.0017053072032946674
0.33,122,-0.0004431423608012975
0.33,123,9.278904161912217e-5
0.33,124,-0.00020987434411168213
0.33,125,-7.451337147480343e-5
0.33,126,-0.0004901690091676945
0.33,127,-0.0005037001365018683
0.33,128,-0.001005358990837148
0.33,129,-2.2028983029541577e-5
0.33,130,-0.0013576421084360367
0.33,131,-0.0008234136296115269
0.33,132,-0.0010279885926914682
0.33,133,-0.0007758957336891789
0.33,134,-0.00019530021251829035
0.33,135,0.0004394984596061362
0.33,136,0.0011336370662521984
0.33,137,0.0007737246814819445
0.33,138,0.0008005783676674869
0.33,139,6.540985321125132e-5
0.33,140,0.0005085977581231513
0.33,141,-0.0014213441522804148
0.33,142,0.0013780825784063247
0.33,143,-0.0009018220036012293
0.33,144,-0.0006169997884104135
0.33,145,-0.00036186985689653985
0.33,146,-0.001472195943851671
0.33,147,0.00039541570291139866
0.33,148,-0.0021772309330447192
0.33,149,0.0016556293303756258
0.33,150,-0.0008287111929625006
0.33,151,0.0008353502180620784
0.33,152,-2.850717129423612e-5
0.33,153,0.0013711271931366284
0.33,154,0.002288044135232522
0.33,155,0.0035856343689978872
0.33,156,0.0015995447926647718
0.33,157,0.004084776214959739
0.33,158,0.002920890046326927
0.33,159,0.0028205373363235356
0.33,160,0.0005916981121963437
0.33,161,0.0047021649617888656
0.33,162,-0.0013118476662690873
0.33,163,0.0027716891541072664
0.33,164,-0.0005973521213513634
0.33,165,-0.0006322803359710264
0.33,166,-0.0014232402323447909
0.33,167,-0.0028792869766184454
0.33,168,-0.0022080811842757893
0.33,169,0.00022316820426506774
0.33,170,-0.0026523462668726866
0.33,171,0.0030711024768888245
0.33,172,8.129070687539696e-5
0.33,173,-8.156086423459342e-5
0.33,174,0.0018618578578683495
0.33,175,0.0027908892615842187
0.33,176,0.004596727574864556
0.33,177,-0.0015395272380665365
0.33,178,0.004521899100976187
0.33,179,0.002370192899207054
0.33,180,-0.00011299045780110714
0.33,181,0.0004588572264713352
0.33,182,-0.00317419432387501
0.33,183,0.0037295223603734796
0.33,184,-0.0027619559977651825
0.33,185,0.002683343260746041
0.33,186,0.001908882629030078
0.33,187,0.005868608148158001
0.33,188,0.010101928852830044
0.33,189,0.0017095451703250644
0.33,190,0.033259765508966435
0.33,191,-0.01717552591492872
0.33,192,0.49203882751511435
0.33,193,0.003619123604041005
0.33,194,0.0035762895139228638
0.33,195,-0.0014710367480103464
0.33,196,0.0006239961845783128
0.33,197,0.0006080024598138084
0.33,198,0.0010493468395511606
0.34,intercept,0.014091829765086663
0.34,1,0.0031209009456098632
0.34,2,0.002179127814808892
0.34,3,0.0019418771133313754
0.34,4,0.0019444292571182164
0.34,5,0.001396432317368348
0.34,6,0.0012204070558601483
0.34,7,0.0035279960112193057
0.34,8,0.0019332555571223273
0.34,9,0.0004968320197789527
0.34,10,0.0018364068010128176
0.34,11,-3.9900738095619035e-5
0.34,12,0.0014143097990738317
0.34,13,-0.0017306205201450546
0.34,14,-0.0007741426570074362
0.34,15,0.0007716901587332027
0.34,16,0.0001966319732495549
0.34,17,-6.17527843538856e-5
0.34,18,-0.0014440842458750946
0.34,19,-0.0015991344877105845
0.34,20,0.0009671039607749326
0.34,21,-0.0016753129416418925
0.34,22,0.00010060588281540828
0.34,23,-0.000977997442016831
0.34,24,0.0002699001555367958
0.34,25,-0.0005007352070605504
0.34,26,-0.001259031978538598
0.34,27,-8.25121561766251e-6
0.34,28,-0.00013769447131052023
0.34,29,-0.00048748184556230594
0.34,30,-0.0007407239180167905
0.34,31,0.0007851435892991686
0.34,32,-0.0011620348341906295
0.34,33,-0.0012474367486292673
0.34,34,-0.0015220999255678947
0.34,35,-0.0007615872369608985
0.34,36,-9.121871167366601e-5
0.34,37,-0.00033807843832395695
0.34,38,-0.0012448702055132387
0.34,39,2.8824281869935362e-5
0.34,40,-3.1798033902166837e-5
0.34,41,0.0010868552855293316
0.34,42,0.0014378389414087466
0.34,43,-0.0009212642891525707
0.34,44,0.0008033597873899966
0.34,45,0.002255019947239824
0.34,46,0.00014187959417820298
0.34,47,0.0005844973754735175
0.34,48,-0.000456242403666152
0.34,49,-0.0005664005013691328
0.34,50,0.0013207106010931296
0.34,51,-0.0006608482648502655
0.34,52,0.0011403359623939355
0.34,53,4.324066073836181e-5
0.34,54,-0.0003627492009560925
0.34,55,0.0022819097769319614
0.34,56,-2.218399214680805e-5
0.34,57,0.000762032021394635
0.34,58,0.0012251442446373293
0.34,59,-0.000267091581622616
0.34,60,0.0024264483705955385
0.34,61,-0.00047537025621477777
0.34,62,-8.004560744823435e-6
0.34,63,-0.0022246497761910294
0.34,64,-0.0007191171445651183
0.34,65,0.00014734274639767835
0.34,66,-0.0018363385889425222
0.34,67,0.0009342931050342826
0.34,68,0.0003170204124008043
0.34,69,-0.0012213978887203436
0.34,70,0.00024850551265887113
0.34,71,0.0002681128502932107
0.34,72,0.0018709863786647595
0.34,73,-0.0026058348153632565
0.34,74,0.0017807954743083254
0.34,75,-0.0026533545278752168
0.34,76,-0.00039930185943200524
0.34,77,0.0006822595251333398
0.34,78,-0.0012670564699380626
0.34,79,0.0013729983373209364
0.34,80,0.0015614915913055626
0.34,81,-0.005262282844986734
0.34,82,-0.00025623699398818627
0.34,83,-0.0015041930541853758
0.34,84,0.0017626173242616264
0.34,85,-0.0023205770680961965
0.34,86,-0.00029810714355073725
0.34,87,-0.0009947009531793213
0.34,88,0.003446851258305393
0.34,89,0.00026902019669239937
0.34,90,0.0005405671365295829
0.34,91,0.0009122928497255588
0.34,92,-0.002229414632166548
0.34,93,-0.0004870677557629019
0.34,94,0.0040612344005915854
0.34,95,0.00035066274714603884
0.34,96,0.004324530070845705
0.34,97,0.0033677577392220415
0.34,98,0.0016704172515792928
0.34,99,0.004428823292034527
0.34,100,0.004434815909904052
0.34,101,0.005304902950276814
0.34,102,0.0002743925963855827
0.34,103,0.004155538619978937
0.34,104,-0.00226684744492962
0.34,105,0.005477203552238167
0.34,106,-0.0019919776548702273
0.34,107,0.0009249322213863485
0.34,108,0.0014797139894895672
0.34,109,0.0012287156996822492
0.34,110,-0.0016168075535269602
0.34,111,-0.0011012641506088611
0.34,112,0.0010961873628583328
0.34,113,0.000707874391657329
0.34,114,-0.0005609094756868772
0.34,115,-0.0013548697068308394
0.34,116,0.0038393548146660626
0.34,117,-0.002878593181898876
0.34,118,0.0014035660746369795
0.34,119,8.120948676363984e-5
0.34,120,-0.0012249325161994764
0.34,121,0.001709464883161302
0.34,122,-0.0003176672815588416
0.34,123,8.797728656159304e-6
0.34,124,-0.00023635467911908232
0.34,125,-0.00023161832066347947
0.34,126,-0.0006374017470419912
0.34,127,-0.00015419288863552716
0.34,128,-0.0013331206057723855
0.34,129,-0.00015160382786022435
0.34,130,-0.0012849221703685831
0.34,131,-0.0004489715507294933
0.34,132,-0.001097789132821439
0.34,133,-0.0005604656116796441
0.34,134,-0.000665660442238933
0.34,135,0.0010651268579662191
0.34,136,0.000962768909894314
0.34,137,0.0005354984239937939
0.34,138,0.0008833606102619782
0.34,139,0.00034502949379942036
0.34,140,0.00031222760731969604
0.34,141,-0.0008224177421797202
0.34,142,0.0009814759676596188
0.34,143,-0.0005840775151982489
0.34,144,-0.0008479233277012414
0.34,145,-0.00035153386776075974
0.34,146,-0.001538890263949371
0.34,147,0.00034512708639438826
0.34,148,-0.0021537125773157975
0.34,149,0.0015057830587119163
0.34,150,-0.0009331737523485578
0.34,151,0.0010308510489245063
0.34,152,0.0005481119370419946
0.34,153,0.0011767822106512724
0.34,154,0.0019317417705742076
0.34,155,0.0034257298256302427
0.34,156,0.0019661158367032337
0.34,157,0.003946180636754709
0.34,158,0.003272374347505417
0.34,159,0.002420632304891722
0.34,160,0.0007466241794076762
0.34,161,0.004649798764890866
0.34,162,-0.0008800916965194366
0.34,163,0.0024068843697456
0.34,164,-0.0008175328338674128
0.34,165,-0.0008539068641027659
0.34,166,-0.0009635988909660652
0.34,167,-0.0023653098439568813
0.34,168,-0.0018624803055107178
0.34,169,-0.00023304708918435904
0.34,170,-0.002431502533101785
0.34,171,0.0026957771444085167
0.34,172,0.00048654530583891123
0.34,173,-0.00014610884520787726
0.34,174,0.0016721612157100131
0.34,175,0.0032823384607400187
0.34,176,0.004315531452993705
0.34,177,-0.0017281025549753769
0.34,178,0.004358976130912442
0.34,179,0.0020390469923977856
0.34,180,0.001180103870666964
0.34,181,0.0004291179884643463
0.34,182,-0.002710830798476445
0.34,183,0.0033604510471911763
0.34,184,-0.002912803212957467
0.34,185,0.0023875530028174942
0.34,186,0.0017338690944952437
0.34,187,0.006039694829163735
0.34,188,0.010044811466601807
0.34,189,0.0013420250580484321
0.34,190,0.03305192826807659
0.34,191,-0.018295036640339886
0.34,192,0.5066846509017521
0.34,193,0.003416890919055923
0.34,194,0.003624651187716732
0.34,195,-0.001415315645140802
0.34,196,0.0005907946908020196
0.34,197,0.0005751824103832019
0.34,198,0.0009767678080756022
0.35,intercept,0.013622244868792915
0.35,1,0.0033338012580485907
0.35,2,0.0021502161808270148
0.35,3,0.0013021033075913317
0.35,4,0.002125261669994403
0.35,5,0.0019376841376772165
0.35,6,0.0011140554509703512
0.35,7,0.00384399169150271
0.35,8,0.0013039417693438717
0.35,9,0.0008424504828985023
0.35,10,0.001724109549674123
0.35,11,-0.0003777234342331239
0.35,12,0.0018307962958087685
0.35,13,-0.0019548860735086526
0.35,14,-0.00048277154515960865
0.35,15,0.0005489558593401858
0.35,16,7.455783900849119e-5
0.35,17,0.00019502925187646472
0.35,18,-0.0017078916437084782
0.35,19,-0.0014149756459413874
0.35,20,0.000683020734143304
0.35,21,-0.0013908719794844223
0.35,22,-6.243242251642758e-5
0.35,23,-0.0012117269378117777
0.35,24,0.0005128027206122289
0.35,25,-0.0006561624735491217
0.35,26,-0.0009448119069046138
0.35,27,-0.00017088396038354538
0.35,28,-0.00020769279985696117
0.35,29,-0.0006644731757105527
0.35,30,-0.0007721025919899982
0.35,31,0.0009157743536338639
0.35,32,-0.001390637032076009
0.35,33,-0.001068084288521398
0.35,34,-0.0015304175745941178
0.35,35,-0.0006100211246653811
0.35,36,-0.00015812605303196938
0.35,37,-0.00023846403258835595
0.35,38,-0.0012125867948139287
0.35,39,-0.0001469352294372641
0.35,40,0.00015389189239185556
0.35,41,0.0012995118865538862
0.35,42,0.0010453852153852442
0.35,43,-0.0005187817156861091
0.35,44,0.000818603855611426
0.35,45,0.0022588327882480173
0.35,46,-7.33478656817817e-5
0.35,47,0.0011513364608758412
0.35,48,-0.0008544164176693627
0.35,49,-0.00026687874945706375
0.35,50,0.001281635426521983
0.35,51,-0.0006697487095788804
0.35,52,0.0008276497914611327
0.35,53,8.048159937877303e-5
0.35,54,-0.0005506262463532888
0.35,55,0.002470203595751221
0.35,56,4.3442892726049546e-5
0.35,57,0.00037555430202858823
0.35,58,0.0011303382612828752
0.35,59,-0.00018723775067738037
0.35,60,0.0024889297181604347
0.35,61,-0.0005973914064402863
0.35,62,-0.0005481143054093564
0.35,63,-0.002037895785715099
0.35,64,0.0004042499686875281
0.35,65,-0.0005395662157613194
0.35,66,-0.0013341848541470103
0.35,67,0.0006233588371827364
0.35,68,0.00021085520729201862
0.35,69,-0.0010827081607925908
0.35,70,0.0005437788810191602
0.35,71,-0.00031030318020790237
0.35,72,0.0016936575173093177
0.35,73,-0.0024213811446249993
0.35,74,0.0021636492503503088
0.35,75,-0.00298638231747671
0.35,76,0.000301115554189444
0.35,77,0.00015478871026832055
0.35,78,-0.0012670779008943237
0.35,79,0.001700665503770738
0.35,80,0.001113412001328697
0.35,81,-0.004719328637707
0.35,82,-0.00015931417218305682
0.35,83,-0.0011208070812113759
0.35,84,0.0012080166761929165
0.35,85,-0.0015637775411284694
0.35,86,-0.0009625437735990732
0.35,87,-0.00043733537223669905
0.35,88,0.003155861403292794
0.35,89,0.00041866926159481416
0.35,90,-6.614454907258048e-5
0.35,91,0.0017325016908053552
0.35,92,-0.002599464642855507
0.35,93,-0.0002334898810970443
0.35,94,0.0036598270844809297
0.35,95,0.0006313647628651435
0.35,96,0.0036463433917730244
0.35,97,0.003169377698282957
0.35,98,0.001928452324551172
0.35,99,0.004439498539533525
0.35,100,0.00425936800270596
0.35,101,0.00538141187706802
0.35,102,-0.00010282393188881769
0.35,103,0.00409015252310491
0.35,104,-0.002237460419622367
0.35,105,0.0050062056254214105
0.35,106,-0.0014572277489422834
0.35,107,0.0006822437912021707
0.35,108,0.0017561740351146736
0.35,109,0.001075064798892156
0.35,110,-0.0009803197521977064
0.35,111,-0.0012402443205521765
0.35,112,0.0013011475188530726
0.35,113,0.0008441757528480655
0.35,114,-0.0005231098241867239
0.35,115,-0.0015217072068082873
0.35,116,0.004277965369305758
0.35,117,-0.002542324735989034
0.35,118,0.0010654359325562657
0.35,119,-1.7371378799899694e-7
0.35,120,-0.0014578569776287679
0.35,121,0.0017376376650706518
0.35,122,-0.0004115757238556311
0.35,123,9.11217208654863e-5
0.35,124,-5.120730865870812e-5
0.35,125,-0.00021626607524481557
0.35,126,-0.0008485740276497565
0.35,127,-2.1670468151423742e-5
0.35,128,-0.0012775612487266421
0.35,129,-0.0003207968194040841
0.35,130,-0.0010677679276573555
0.35,131,-0.0005595850848285414
0.35,132,-0.0012034318017471813
0.35,133,-0.00047266403980417246
0.35,134,-0.0007063995283599454
0.35,135,0.0010376331670568135
0.35,136,0.001173442541170618
0.35,137,0.0003210892158300597
0.35,138,0.0008233968422555325
0.35,139,0.000205251975968823
0.35,140,1.5944807680922332e-5
0.35,141,-0.00031912479532566145
0.35,142,0.000615450948311041
0.35,143,-8.062327336842924e-5
0.35,144,-0.0009716374043179148
0.35,145,-0.0006388341343084728
0.35,146,-0.0019046809250906546
0.35,147,0.0006288434847205289
0.35,148,-0.0023100372857177503
0.35,149,0.001492521729847406
0.35,150,-0.000602512361213604
0.35,151,0.0008876573073572655
0.35,152,0.0005047044834840693
0.35,153,0.0013526779412431987
0.35,154,0.001815890729810633
0.35,155,0.0030425563899673337
0.35,156,0.0016079589299778263
0.35,157,0.003940715071921951
0.35,158,0.0034098018536258957
0.35,159,0.002385304665223442
0.35,160,0.00023292981860713804
0.35,161,0.004812364508782672
0.35,162,-0.0006497333973172743
0.35,163,0.00243750879465
0.35,164,-0.000733751699922127
0.35,165,-0.00077859636756326
0.35,166,-0.0013818914085740918
0.35,167,-0.002000428857220931
0.35,168,-0.0018066601807313063
0.35,169,-0.00036511254621357183
0.35,170,-0.00223511781657485
0.35,171,0.0029256000969230247
0.35,172,0.0013101518663476846
0.35,173,-0.00043200867575828874
0.35,174,0.0013629962190274331
0.35,175,0.003300631067790691
0.35,176,0.004511284932353345
0.35,177,-0.001709434903820669
0.35,178,0.004535448566231618
0.35,179,0.001974917150003657
0.35,180,0.0011288351452904393
0.35,181,0.00010001718119808798
0.35,182,-0.002814216522261838
0.35,183,0.0033900157110835602
0.35,184,-0.003120340608282992
0.35,185,0.0017550834673553273
0.35,186,0.0014566240592838323
0.35,187,0.005817487539357332
0.35,188,0.009632211108063534
0.35,189,0.00111687879725331
0.35,190,0.03341609422069079
0.35,191,-0.017804871292896384
0.35,192,0.5226027992933787
0.35,193,0.0032603960289490364
0.35,194,0.0035688097325952766
0.35,195,-0.0013690412502547899
0.35,196,0.0005644615082068565
0.35,197,0.0005542339973303913
0.35,198,0.0009410049942756363
0.36,intercept,0.013168384312290515
0.36,1,0.0035874767753985327
0.36,2,0.002119543879583044
0.36,3,0.0011191837975238579
0.36,4,0.0023126982653042727
0.36,5,0.0018908995134349104
0.36,6,0.0010502118658726896
0.36,7,0.003882002046784352
0.36,8,0.001489471144813607
0.36,9,0.0011016200505672663
0.36,10,0.0015610401648956916
0.36,11,-0.000677072834363375
0.36,12,0.0018620392785625834
0.36,13,-0.002360070959910669
0.36,14,-0.00039753789472762483
0.36,15,0.0007508391285353768
0.36,16,-0.0004521785617095398
0.36,17,0.00034501086936878316
0.36,18,-0.0016770762448824247
0.36,19,-0.0006638013989593812
0.36,20,-8.923942370614163e-5
0.36,21,-0.0011242190585869546
0.36,22,-0.00043806393842870127
0.36,23,-0.0010963276134057247
0.36,24,0.00034219768343271816
0.36,25,-0.0009799504515811464
0.36,26,-0.0007204779626875864
0.36,27,-0.000643950917890968
0.36,28,0.00023669756125384523
0.36,29,-0.0005620636966578836
0.36,30,-0.000756045431081594
0.36,31,0.0005924440934376268
0.36,32,-0.0014691724169662386
0.36,33,-0.0010601432371120894
0.36,34,-0.0017298408659717592
0.36,35,-0.00041282516156240724
0.36,36,2.9112231098218242e-8
0.36,37,-1.3503011450165819e-5
0.36,38,-0.0016598004287872062
0.36,39,0.00013198293289295307
0.36,40,-0.00010148178713647251
0.36,41,0.001267128970069406
0.36,42,0.0012394951108168288
0.36,43,-0.00047036287295770097
0.36,44,0.0013246110233953176
0.36,45,0.001881665498936093
0.36,46,0.00024041685082122762
0.36,47,0.0005096662778824644
0.36,48,-0.0003677794806353655
0.36,49,-0.00045847413527038956
0.36,50,0.0010778667013886395
0.36,51,-0.0009599148303005633
0.36,52,0.0015288959668064194
0.36,53,-7.105979629334912e-5
0.36,54,-0.0007357734996201124
0.36,55,0.0028211028218483305
0.36,56,-0.0003078478618803406
0.36,57,0.00022173233836037442
0.36,58,0.0011820285243340902
0.36,59,-4.1730035143120166e-5
0.36,60,0.0026520650235152634
0.36,61,-0.0004307163260509189
0.36,62,-0.0014289555023566294
0.36,63,-0.001465234078797586
0.36,64,5.019528939195474e-5
0.36,65,-0.0006069688916189897
0.36,66,-0.0013427801561743233
0.36,67,0.0005964865069107523
0.36,68,0.00022467540257410372
0.36,69,-0.001081063056652269
0.36,70,0.00033492118950829194
0.36,71,-3.3736471884979744e-5
0.36,72,0.0020003267340029263
0.36,73,-0.0018631402394653168
0.36,74,0.0021687643639306314
0.36,75,-0.003079309652558987
0.36,76,0.00032407011685458057
0.36,77,0.0001190996213788327
0.36,78,-0.0017656234497262875
0.36,79,0.0019936455460366287
0.36,80,0.0017525000318158789
0.36,81,-0.004539953103207859
0.36,82,-0.0010530714131818985
0.36,83,-0.00010904406946285758
0.36,84,0.0006350014696099459
0.36,85,-0.0017839411760349315
0.36,86,-0.0012459782911102115
0.36,87,-0.0003681249490040217
0.36,88,0.0033921611009023627
0.36,89,0.0004533111347542172
0.36,90,-0.0005978981293801427
0.36,91,0.0014015654210654052
0.36,92,-0.0029573671006217013
0.36,93,0.0004299547326868631
0.36,94,0.0037987850676764277
0.36,95,0.0004697586117319613
0.36,96,0.003763852524046372
0.36,97,0.0028552194695111825
0.36,98,0.0017522549687277772
0.36,99,0.0044622449693177005
0.36,100,0.003747558563815498
0.36,101,0.00536203188239278
0.36,102,8.643994284615395e-5
0.36,103,0.004617289704171729
0.36,104,-0.0019391156275875671
0.36,105,0.0045285540749617605
0.36,106,-0.001331358690507817
0.36,107,0.0009224305402901241
0.36,108,0.002177969081164807
0.36,109,0.00024289104573840996
0.36,110,-8.70911735642821e-5
0.36,111,-0.0014875252891826429
0.36,112,0.0016065575878846225
0.36,113,0.0007519396583205351
0.36,114,-0.0003487744433044307
0.36,115,-0.0015317779228247246
0.36,116,0.004280146403917877
0.36,117,-0.00264879669753511
0.36,118,0.0014737553895368015
0.36,119,-0.00011549918530424203
0.36,120,-0.0011279242381423604
0.36,121,0.0014905224768149768
0.36,122,-0.00047501077489962845
0.36,123,4.799137958195879e-5
0.36,124,-6.118951296479523e-5
0.36,125,0.00010889317658988699
0.36,126,-0.0008478428545989423
0.36,127,-0.00011811105907855073
0.36,128,-0.0014957707939377328
0.36,129,-0.0003067140896790735
0.36,130,-0.0010230663972712966
0.36,131,-0.0005684208551419481
0.36,132,-0.001247961846451067
0.36,133,-0.0006346600742288098
0.36,134,-0.0008408980689031828
0.36,135,0.0012880009622522435
0.36,136,0.0013532170615003598
0.36,137,0.0003241972953875216
0.36,138,0.0013169469174089763
0.36,139,8.771723260227532e-5
0.36,140,7.031697969287058e-5
0.36,141,-0.00045747660279162365
0.36,142,0.0006577653020080766
0.36,143,-0.00038371092795377095
0.36,144,-0.0006823253688962366
0.36,145,-0.0007392786327061479
0.36,146,-0.002275322656488806
0.36,147,0.0006122254061654862
0.36,148,-0.0021534031605926094
0.36,149,0.0011945797821309462
0.36,150,-0.00036212620732285517
0.36,151,0.0008979928507013681
0.36,152,0.0003381758500937963
0.36,153,0.0016744365262975221
0.36,154,0.0015786409866279652
0.36,155,0.002858558438059625
0.36,156,0.001404187457883223
0.36,157,0.004053796465239184
0.36,158,0.0033745571530412804
0.36,159,0.0022096956306513565
0.36,160,0.00013466659314316759
0.36,161,0.004909678858821396
0.36,162,-0.0006671505087014523
0.36,163,0.0029510519653950357
0.36,164,-0.0007469081297550843
0.36,165,-0.0009104290015750489
0.36,166,-0.0017327939307219306
0.36,167,-0.0018540072617952645
0.36,168,-0.0012646896134084526
0.36,169,-0.00035399077760753434
0.36,170,-0.0017270504141376243
0.36,171,0.002922713343630169
0.36,172,0.0010677381303860459
0.36,173,-0.0002004071720067568
0.36,174,0.0011769423777982931
0.36,175,0.0034202518143986145
0.36,176,0.0039121791004277625
0.36,177,-0.001305674494511566
0.36,178,0.004002325989947939
0.36,179,0.0025740776695234945
0.36,180,0.0010443898007066422
0.36,181,-0.0002015710749988334
0.36,182,-0.0029015142051442245
0.36,183,0.0027036368371418
0.36,184,-0.0028200005570546524
0.36,185,0.002330106300637399
0.36,186,0.00078299236578992
0.36,187,0.005761076156279562
0.36,188,0.008866752244877882
0.36,189,0.002025698943422614
0.36,190,0.033049545749673
0.36,191,-0.018148464242044002
0.36,192,0.5382099076358815
0.36,193,0.0031837369906305537
0.36,194,0.0033331392648078143
0.36,195,-0.001338147537523019
0.36,196,0.0005380656457674163
0.36,197,0.0005401206200555606
0.36,198,0.0009342887571266792
0.37,intercept,0.01276116796107715
0.37,1,0.0037470393447593983
0.37,2,0.002028617213657254
0.37,3,0.0009639001003502329
0.37,4,0.002252418815267055
0.37,5,0.0016241194238210005
0.37,6,0.0012679202626074341
0.37,7,0.003487860846971313
0.37,8,0.001729957608425869
0.37,9,0.0006630474170193719
0.37,10,0.0017974810941900825
0.37,11,-0.0004770673920098258
0.37,12,0.0017962390043714934
0.37,13,-0.002621072789303273
0.37,14,-0.0005501175465350062
0.37,15,0.0011836316997936422
0.37,16,-0.0004182279645249378
0.37,17,0.00032995500373379376
0.37,18,-0.0014809054663932689
0.37,19,-0.0006948370764568945
0.37,20,0.00029289002460907896
0.37,21,-0.0016060050965348766
0.37,22,-0.00035547669871108917
0.37,23,-0.0007691791940593342
0.37,24,0.00029805249124255893
0.37,25,-0.00079161698926549
0.37,26,-0.0008935280686303768
0.37,27,-0.0006987948856251944
0.37,28,0.00028425886240876394
0.37,29,-0.0006259202422538398
0.37,30,-0.000687173855715621
0.37,31,0.0007238612455847055
0.37,32,-0.0012761305183213107
0.37,33,-0.0014225659637300925
0.37,34,-0.00156525907318776
0.37,35,-0.00031789638384036354
0.37,36,-0.00023863263534124485
0.37,37,2.8715568486161217e-5
0.37,38,-0.0012975500974389445
0.37,39,-7.97010767359208e-5
0.37,40,-4.235724443249872e-5
0.37,41,0.0011210667076696167
0.37,42,0.0011545643463524598
0.37,43,-0.00047426946010291647
0.37,44,0.0016740586607376972
0.37,45,0.0017791394772822004
0.37,46,0.0003231547803041214
0.37,47,0.0004394436605384531
0.37,48,-0.00025255250373878947
0.37,49,-0.0005551107371721731
0.37,50,0.0016511860692835355
0.37,51,-0.0012615006580711649
0.37,52,0.0016912987917397236
0.37,53,-0.0004445155935397794
0.37,54,-0.0005403027751270075
0.37,55,0.002527119036877302
0.37,56,-0.00048301357993607493
0.37,57,0.00012874859784337074
0.37,58,0.0015064284968264114
0.37,59,-0.00032978365903982786
0.37,60,0.00278333372968901
0.37,61,-0.0007139973231559035
0.37,62,-0.001119673184235869
0.37,63,-0.0017483401299034805
0.37,64,4.282343924232455e-5
0.37,65,-0.0007923037320643966
0.37,66,-0.0009465764135951364
0.37,67,0.0005883106863709498
0.37,68,0.0003233410488665482
0.37,69,-0.0011445529082313123
0.37,70,0.00022537566807472395
0.37,71,-0.00015275723443711051
0.37,72,0.002158950219927142
0.37,73,-0.0021758928665831703
0.37,74,0.0022672743303356435
0.37,75,-0.0034668473433989906
0.37,76,0.0007565458036954732
0.37,77,-6.0623441684696256e-5
0.37,78,-0.0017381771855012184
0.37,79,0.0021795467028709204
0.37,80,0.0012791975246203874
0.37,81,-0.003918880960392213
0.37,82,-0.0013631031727916968
0.37,83,-0.00023713778463316335
0.37,84,0.0005535851694485266
0.37,85,-0.0016785588574928251
0.37,86,-0.0011126974135372396
0.37,87,0.0006013861421315408
0.37,88,0.0027792857777972474
0.37,89,0.0005638045981164539
0.37,90,-0.0011307111696972055
0.37,91,0.001548060441471617
0.37,92,-0.002865501860217567
0.37,93,0.00034650999916261235
0.37,94,0.003959116211463946
0.37,95,0.00047044340973944183
0.37,96,0.0035488045140288963
0.37,97,0.0024845226161641005
0.37,98,0.001877687315980573
0.37,99,0.004448834731774003
0.37,100,0.0034694821606007504
0.37,101,0.0052688005431670735
0.37,102,0.0005613768332398295
0.37,103,0.004819952627912765
0.37,104,-0.0019520773757324547
0.37,105,0.004915288757641548
0.37,106,-0.001382698103985747
0.37,107,0.0008426659098480147
0.37,108,0.0019260947190554308
0.37,109,0.00019590124661030258
0.37,110,-0.00013326487067767386
0.37,111,-0.0015712618633784339
0.37,112,0.0018619150153857244
0.37,113,0.0006715346374005066
0.37,114,-0.0002673298299206613
0.37,115,-0.001752415201810071
0.37,116,0.004418348986535444
0.37,117,-0.002390003297223382
0.37,118,0.0010931677608320483
0.37,119,-0.00010927008864607568
0.37,120,-0.0010561103319600214
0.37,121,0.001287285497190514
0.37,122,-0.0006256003094623132
0.37,123,0.00048112123188162755
0.37,124,-0.0005112769297929921
0.37,125,3.807985700747565e-5
0.37,126,-0.0009040517033547995
0.37,127,-9.561031093939206e-5
0.37,128,-0.0013917777496270576
0.37,129,-0.00047654020667599925
0.37,130,-0.0007143267722655854
0.37,131,-0.0007185318722345479
0.37,132,-0.0010170484239496133
0.37,133,-0.0006518902963091785
0.37,134,-0.0008980591308193058
0.37,135,0.0012079643072540915
0.37,136,0.0019526415633945664
0.37,137,6.382958898020818e-5
0.37,138,0.0013804785622534017
0.37,139,-7.960872936363332e-5
0.37,140,0.00030157075022303585
0.37,141,-0.0006485362453388143
0.37,142,0.0007362504259207712
0.37,143,-0.00043828509451111574
0.37,144,-0.0007888743326329933
0.37,145,-0.0009382294846269484
0.37,146,-0.002456841322764747
0.37,147,0.0007622450825794001
0.37,148,-0.0020047057306879098
0.37,149,0.0009965461263108353
0.37,150,-0.0003068267364829876
0.37,151,0.001056311936353533
0.37,152,0.0006303249160986515
0.37,153,0.0015442545231020874
0.37,154,0.0016580116690930841
0.37,155,0.002682537729614264
0.37,156,0.0015750465949586133
0.37,157,0.003618799213193173
0.37,158,0.003449054906376214
0.37,159,0.002203675015703181
0.37,160,-5.852573095160832e-5
0.37,161,0.004912277409043153
0.37,162,-0.0008400429305338355
0.37,163,0.0032963153232863627
0.37,164,-0.0005674254408050103
0.37,165,-0.0012795245531631093
0.37,166,-0.0014113761302214462
0.37,167,-0.002108661651908063
0.37,168,-0.0008053439636842467
0.37,169,-1.5498106127791867e-5
0.37,170,-0.0012279421152389272
0.37,171,0.0025002928507083834
0.37,172,0.0005781397688826995
0.37,173,0.0001916434406839649
0.37,174,0.0011152471216207284
0.37,175,0.0032392188366964438
0.37,176,0.0036688525586621463
0.37,177,-0.0006358810756897002
0.37,178,0.003890661669363396
0.37,179,0.002510666168561721
0.37,180,0.0017978562048880013
0.37,181,-0.000816980763519904
0.37,182,-0.002996178530089931
0.37,183,0.0022431719489113973
0.37,184,-0.002931174479376715
0.37,185,0.0029230877602664223
0.37,186,0.0006954711775045906
0.37,187,0.006047739226394916
0.37,188,0.008985622521018203
0.37,189,0.0013981815792532574
0.37,190,0.032237949049553495
0.37,191,-0.01830090469153348
0.37,192,0.5517561342972328
0.37,193,0.0031603879448869826
0.37,194,0.0031674708784384152
0.37,195,-0.0013091660431531478
0.37,196,0.0004945125756738569
0.37,197,0.000498181722673411
0.37,198,0.000916491442911213
0.38,intercept,0.012468515926007557
0.38,1,0.003705151900862483
0.38,2,0.0022298873693798074
0.38,3,0.0010685028600826718
0.38,4,0.0019915173002331152
0.38,5,0.001635085959311952
0.38,6,0.0015133005164162546
0.38,7,0.0028691042829535993
0.38,8,0.0020720623638279044
0.38,9,0.0005708443420781412
0.38,10,0.001861112826399822
0.38,11,-9.417969688933633e-5
0.38,12,0.0019298158461120327
0.38,13,-0.00297849973599343
0.38,14,-0.0007417692754354779
0.38,15,0.0011150784429957016
0.38,16,-0.00044263687330877235
0.38,17,0.0003688066433598467
0.38,18,-0.0019582330341381357
0.38,19,-0.0007477167271891241
0.38,20,0.0007183593909805805
0.38,21,-0.0013685649751786631
0.38,22,-0.0006742165682161901
0.38,23,-0.0001858437111391386
0.38,24,-3.240080174253353e-5
0.38,25,-0.0009219110176780216
0.38,26,-0.0010239075922244655
0.38,27,-0.000427618194952633
0.38,28,-0.00010960770324443588
0.38,29,-9.013310240969317e-5
0.38,30,-0.0011121453192365028
0.38,31,0.0009732273619919947
0.38,32,-0.0014311803919997551
0.38,33,-0.0012800689262896369
0.38,34,-0.0018775556518368058
0.38,35,-0.00015602043708517072
0.38,36,-0.0003990602351943934
0.38,37,0.00037386024998658184
0.38,38,-0.0016636676618948271
0.38,39,0.000668759617616076
0.38,40,-0.00036918550006666495
0.38,41,0.0013571895378570412
0.38,42,0.0012832625476790669
0.38,43,-0.0005138757148360159
0.38,44,0.0018251769701811455
0.38,45,0.0015718803984658338
0.38,46,0.0004065810201879851
0.38,47,0.0003596853386066315
0.38,48,-0.0005641515307769664
0.38,49,-0.00038361102072340776
0.38,50,0.001402439591810129
0.38,51,-0.0011169130727450296
0.38,52,0.001633497984017817
0.38,53,-0.0007880897175709923
0.38,54,-0.00016430317033006735
0.38,55,0.0022575529712931955
0.38,56,-0.0005505511479399664
0.38,57,0.0002872761380476197
0.38,58,0.001540519194402768
0.38,59,-3.766975865283126e-5
0.38,60,0.0027341425375071744
0.38,61,-0.0009145211715126291
0.38,62,-0.0010222384966583177
0.38,63,-0.0019000180650402742
0.38,64,2.424503210535274e-5
0.38,65,-0.0009770665816555878
0.38,66,-0.0009487965278454301
0.38,67,0.0009494289618206888
0.38,68,-6.16341945957611e-5
0.38,69,-0.0008731695275421463
0.38,70,-0.0001980102193775598
0.38,71,8.652023838406755e-5
0.38,72,0.0023154026714539686
0.38,73,-0.0017566411083979145
0.38,74,0.0015809796334360323
0.38,75,-0.002925878923942405
0.38,76,0.0004452520259744309
0.38,77,-0.00014987538276580413
0.38,78,-0.0017627161490511893
0.38,79,0.0022906530281645923
0.38,80,0.0017298794047940712
0.38,81,-0.004204415197738223
0.38,82,-0.0008694154291106782
0.38,83,-0.0007446786980198775
0.38,84,0.0004852493267064772
0.38,85,-0.001321876265556723
0.38,86,-0.001084795755378433
0.38,87,-0.00037135253266604
0.38,88,0.003309099324746795
0.38,89,0.0001246358137132604
0.38,90,-0.0011993225500601986
0.38,91,0.0019908762962457666
0.38,92,-0.0022683383514483135
0.38,93,0.0002197164177914735
0.38,94,0.0036734816229579983
0.38,95,0.0002496721706387152
0.38,96,0.004128276857313554
0.38,97,0.0023508671314033205
0.38,98,0.0015779023628134509
0.38,99,0.004879974428870611
0.38,100,0.0035114648782501546
0.38,101,0.005594682093442431
0.38,102,0.0009172325012151601
0.38,103,0.004397117937527515
0.38,104,-0.0017948831806927216
0.38,105,0.004775051398912031
0.38,106,-0.0019430806797091451
0.38,107,0.0017915472382428713
0.38,108,0.0018159409604798186
0.38,109,0.00015384609596582702
0.38,110,-4.458613245262921e-5
0.38,111,-0.0016169685506361952
0.38,112,0.00202154634644037
0.38,113,0.0007772556123014201
0.38,114,-0.0009344027039560691
0.38,115,-0.0012545287830705617
0.38,116,0.004380998590013428
0.38,117,-0.002364228131157356
0.38,118,0.001275777733395974
0.38,119,-0.00028058175337154924
0.38,120,-0.0012146031446088
0.38,121,0.001493595240321146
0.38,122,-0.000739898665516793
0.38,123,0.0004898406382559719
0.38,124,-0.0006494491955587788
0.38,125,0.0003069538383591609
0.38,126,-0.0011247615863114067
0.38,127,6.300107965412741e-5
0.38,128,-0.001646392973171099
0.38,129,-0.0002623248205664486
0.38,130,-0.0008340472928315745
0.38,131,-0.0005933919352338944
0.38,132,-0.0011697517696449473
0.38,133,-6.820472661287939e-5
0.38,134,-0.0011381360203674667
0.38,135,0.0012833004713534227
0.38,136,0.0023585306078706073
0.38,137,-0.00020268837777064871
0.38,138,0.0014590043831132322
0.38,139,-0.00017056723850877075
0.38,140,0.0005663253335688985
0.38,141,-0.0006549578131244356
0.38,142,0.00044198795413727073
0.38,143,-0.00011356464104932488
0.38,144,-0.0011008234469201347
0.38,145,-0.0010776642397470934
0.38,146,-0.0026431020618020783
0.38,147,0.0011183861501713338
0.38,148,-0.0017670491332858946
0.38,149,0.0005311928840982559
0.38,150,1.6834357540064482e-5
0.38,151,0.0011062930568021263
0.38,152,0.00045568248253700206
0.38,153,0.001409645000431165
0.38,154,0.001929555270179878
0.38,155,0.00305604999036793
0.38,156,0.0013521972338761052
0.38,157,0.003405772831846081
0.38,158,0.0032585182766214082
0.38,159,0.002384312972784939
0.38,160,-7.214213149785544e-5
0.38,161,0.004914647571231101
0.38,162,-0.0012612763333884132
0.38,163,0.0034792590152062566
0.38,164,-0.0007996068526848454
0.38,165,-0.000934985779546119
0.38,166,-0.0011904083411978473
0.38,167,-0.0021774490164378196
0.38,168,-0.0006640561277449378
0.38,169,0.00018992747230816906
0.38,170,-0.001261974522963238
0.38,171,0.002538898532793462
0.38,172,0.00029048024758084235
0.38,173,-0.00016281899377678605
0.38,174,0.0012843925734517159
0.38,175,0.003719078666750641
0.38,176,0.003678240531910786
0.38,177,-0.0007450874646417895
0.38,178,0.004160600027316372
0.38,179,0.002189330787467631
0.38,180,0.0017177204531373595
0.38,181,-0.0005464641482179059
0.38,182,-0.003113974475558974
0.38,183,0.0023138629646864708
0.38,184,-0.003053731737632917
0.38,185,0.0026086440640828604
0.38,186,0.00035062917845158384
0.38,187,0.006034638788621657
0.38,188,0.008850150846671073
0.38,189,0.0013992760283661812
0.38,190,0.03217897116967057
0.38,191,-0.01707523837591184
0.38,192,0.5594277076986733
0.38,193,0.0033031908515166867
0.38,194,0.0030918201105817277
0.38,195,-0.0012942959063150159
0.38,196,0.0004545727607438993
0.38,197,0.0004908842946362678
0.38,198,0.0009146361655011613
0.39,intercept,0.012009895145532138
0.39,1,0.003780295259473708
0.39,2,0.002154871455241141
0.39,3,0.0010019928852077879
0.39,4,0.0019675613108414043
0.39,5,0.0014911470898393857
0.39,6,0.001160304387017364
0.39,7,0.0027334497635977052
0.39,8,0.0022862502852718358
0.39,9,0.0004898936604142924
0.39,10,0.0018565066244565695
0.39,11,-0.00011320203226316296
0.39,12,0.0019424508537752353
0.39,13,-0.0029024456333642387
0.39,14,-0.00072337689647184
0.39,15,0.0012750449399721597
0.39,16,-0.00044603880735665473
0.39,17,0.00012671705847945662
0.39,18,-0.002069004828335227
0.39,19,-0.0007419041590904339
0.39,20,0.0009030575288915905
0.39,21,-0.0015182298382117564
0.39,22,-0.00025012663578692634
0.39,23,-0.00044641522905269123
0.39,24,0.0001819020440980946
0.39,25,-0.0013634978191753755
0.39,26,-0.0010128981577082273
0.39,27,-0.0006482134384910785
0.39,28,0.00032587190476107263
0.39,29,-0.00026916624870060345
0.39,30,-0.0010550559769250496
0.39,31,0.0009168554315056033
0.39,32,-0.0014937834326667354
0.39,33,-0.0010137857257479625
0.39,34,-0.001959458213410442
0.39,35,-5.9760187898035574e-5
0.39,36,-0.0005998777380131631
0.39,37,0.00019083716262233982
0.39,38,-0.0014968628188642395
0.39,39,0.0005089114962892988
0.39,40,-9.842028341048692e-5
0.39,41,0.001478902404020854
0.39,42,0.0013516486254872297
0.39,43,-0.00047894387864181665
0.39,44,0.0017851551863827357
0.39,45,0.0016552429523007802
0.39,46,9.645143943324884e-5
0.39,47,0.00043402839280549634
0.39,48,-0.0004909160086729993
0.39,49,-0.00029663114822577367
0.39,50,0.0016446687420526786
0.39,51,-0.0014125482850654639
0.39,52,0.0013286776937169633
0.39,53,-0.0008383279502591864
0.39,54,0.00018533319971753904
0.39,55,0.001935269034523284
0.39,56,-0.0005115860341338086
0.39,57,0.00013183079588707824
0.39,58,0.001404864443949861
0.39,59,-5.378028076663847e-5
0.39,60,0.003012537640792033
0.39,61,-0.0012033180240140719
0.39,62,-0.0008243680946329817
0.39,63,-0.0021842815332087273
0.39,64,0.00023474162328946361
0.39,65,-0.0011338389882582036
0.39,66,-0.0008276766132472583
0.39,67,0.0009860393254303836
0.39,68,-0.0001260089407388866
0.39,69,-0.0008460213797322913
0.39,70,-7.533693331191609e-5
0.39,71,0.00033034958313031304
0.39,72,0.002120203340076548
0.39,73,-0.0014997256356096354
0.39,74,0.0018814318150850102
0.39,75,-0.003036488129407519
0.39,76,0.0003862409159822772
0.39,77,-0.0002472358550319626
0.39,78,-0.001726867307854809
0.39,79,0.002049298556065736
0.39,80,0.0015764777278316669
0.39,81,-0.003738175136391033
0.39,82,-0.0008030865144058441
0.39,83,-0.0007259268802194229
0.39,84,0.0007792940130395547
0.39,85,-0.0016854976345561238
0.39,86,-0.0007707783998481683
0.39,87,-0.000196731293051615
0.39,88,0.0030233073146220596
0.39,89,0.0003062564556709997
0.39,90,-0.0012245301558165885
0.39,91,0.0019937149378588554
0.39,92,-0.002917635579967304
0.39,93,4.6524149545998066e-5
0.39,94,0.004192516308350734
0.39,95,0.00034039028849994506
0.39,96,0.0038619222999756284
0.39,97,0.002666773425531228
0.39,98,0.00129557392093466
0.39,99,0.005435260537970594
0.39,100,0.002977003000916519
0.39,101,0.005516778178021399
0.39,102,0.0007883337980443239
0.39,103,0.003959622124690608
0.39,104,-0.0010840888475617046
0.39,105,0.004577213111876453
0.39,106,-0.0017884231383199522
0.39,107,0.0019023759238896492
0.39,108,0.001685746089986541
0.39,109,-5.320535468115433e-5
0.39,110,-0.00011956605751425653
0.39,111,-0.001273383455255393
0.39,112,0.0020309312868551925
0.39,113,0.0007269491969216536
0.39,114,-0.0008883693124096172
0.39,115,-0.0009762024855535716
0.39,116,0.003873425148963755
0.39,117,-0.00217524269873643
0.39,118,0.0013892105131924428
0.39,119,-0.0002422921852018899
0.39,120,-0.0009154882942586525
0.39,121,0.0013182438348507497
0.39,122,-0.0008117061504402056
0.39,123,0.0003923981544656162
0.39,124,-0.0007978464860430647
0.39,125,0.0002475886462114394
0.39,126,-0.0010394446335198861
0.39,127,5.523832137386762e-5
0.39,128,-0.00120993552836416
0.39,129,-0.00033544829902219667
0.39,130,-0.0008639993642116779
0.39,131,-0.0005633834447541975
0.39,132,-0.0009959909756897423
0.39,133,-0.00013970229988553634
0.39,134,-0.0016506341924166204
0.39,135,0.0015942087955450504
0.39,136,0.002179551687244568
0.39,137,1.5211944221404749e-5
0.39,138,0.0008944283812434137
0.39,139,-8.102353357086621e-5
0.39,140,0.0005372028996561167
0.39,141,-0.0004824239655163858
0.39,142,0.0002797876674238691
0.39,143,2.4812015779636175e-5
0.39,144,-0.0012571285793210232
0.39,145,-0.0010966594012175484
0.39,146,-0.002714269784725722
0.39,147,0.0009232856309590277
0.39,148,-0.0014919903343288464
0.39,149,0.0004633583270702288
0.39,150,0.00010598000211562727
0.39,151,0.001075595341621033
0.39,152,0.00024297253881235128
0.39,153,0.0016257659455116147
0.39,154,0.0018436028929584127
0.39,155,0.0029069819330352653
0.39,156,0.0014504958945183095
0.39,157,0.002981186142963904
0.39,158,0.0031474119694625963
0.39,159,0.002515434051403204
0.39,160,-0.0004040907800109878
0.39,161,0.005039599339811397
0.39,162,-0.0012930595146575469
0.39,163,0.004044645757396708
0.39,164,-0.0010585154124681713
0.39,165,-0.0010349345770777306
0.39,166,-0.00036920173043783456
0.39,167,-0.0024091643041575642
0.39,168,-0.0006555012890757907
0.39,169,0.0006500126888502739
0.39,170,-0.002056127968116172
0.39,171,0.002411233599338971
0.39,172,0.0005202426306753849
0.39,173,-0.00023092329524620082
0.39,174,0.0018444640190930287
0.39,175,0.0033863317395021355
0.39,176,0.003359633081204778
0.39,177,-0.0003270272141758098
0.39,178,0.00446470927609221
0.39,179,0.0018601240955682132
0.39,180,0.0017117388728647212
0.39,181,-0.00140696590118932
0.39,182,-0.002495034156323634
0.39,183,0.0017101961200013211
0.39,184,-0.0032434585965989853
0.39,185,0.002406164310716734
0.39,186,0.0009442988941271007
0.39,187,0.00493903897341046
0.39,188,0.009689917215538654
0.39,189,0.0019798562130582194
0.39,190,0.032266613640773587
0.39,191,-0.01693671599694863
0.39,192,0.5742051819761463
0.39,193,0.003162010244178158
0.39,194,0.002823336071114011
0.39,195,-0.0012099376030578716
0.39,196,0.0004194257831435645
0.39,197,0.0004848465832433136
0.39,198,0.0008709746549513263
0.4,intercept,0.011509012854271649
0.4,1,0.0035516657177197004
0.4,2,0.0018962463019866432
0.4,3,0.0011290627878034864
0.4,4,0.0016351471640057606
0.4,5,0.0017442416425796584
0.4,6,0.0007526390666687494
0.4,7,0.002937623339064678
0.4,8,0.0025570101157467552
0.4,9,-0.0005178586600091115
0.4,10,0.002733108338123529
0.4,11,-0.00023176457047859744
0.4,12,0.0026351202662627214
0.4,13,-0.003303280079067542
0.4,14,-0.0006619946106082492
0.4,15,0.0010475893982494584
0.4,16,-0.00027890841674317726
0.4,17,0.00017414121288908798
0.4,18,-0.0019020949018277852
0.4,19,-0.0010659848149042897
0.4,20,0.0012136785538611604
0.4,21,-0.0017337226921242167
0.4,22,-2.461847336528898e-5
0.4,23,-0.0002735460943416837
0.4,24,8.265001243038302e-5
0.4,25,-0.0014350193940832333
0.4,26,-0.0007679309891792327
0.4,27,-0.0007476012128577646
0.4,28,0.0005079694664700635
0.4,29,-0.0006187740243491834
0.4,30,-0.0007563693562095591
0.4,31,0.001057912393272106
0.4,32,-0.0013669602806034799
0.4,33,-0.0012222093969170103
0.4,34,-0.001845129970790523
0.4,35,-0.00024714942402782544
0.4,36,-0.0008508294650667678
0.4,37,0.0005268778567121432
0.4,38,-0.0016568930609848836
0.4,39,0.0008834407386905635
0.4,40,-0.00039261301274605496
0.4,41,0.0014769087491891106
0.4,42,0.0012380323027024757
0.4,43,-0.00018832704931635307
0.4,44,0.0016647832860923006
0.4,45,0.0017247334148871116
0.4,46,0.0002472540263240651
0.4,47,0.0004613201817154236
0.4,48,-0.0004992181787981136
0.4,49,-0.00011888735342209813
0.4,50,0.0011772781492822887
0.4,51,-0.0007226833174735027
0.4,52,0.0009943323138100466
0.4,53,-0.00039931886611720054
0.4,54,-0.00019215157990540454
0.4,55,0.0019458012181245306
0.4,56,-0.0003733871042310653
0.4,57,-0.00013691171975924453
0.4,58,0.0012382602769773674
0.4,59,1.2533373680509211e-5
0.4,60,0.0026287587578982456
0.4,61,-0.0010862514424882304
0.4,62,-0.0005271151720246788
0.4,63,-0.0023105032093957956
0.4,64,-0.00016115041624610455
0.4,65,-0.0004285867614497392
0.4,66,-0.0010500561191845329
0.4,67,0.0012754827074412695
0.4,68,-0.000692379841691085
0.4,69,-0.000655340260898078
0.4,70,0.00031513287629674337
0.4,71,-8.78433488973734e-5
0.4,72,0.00232941195721609
0.4,73,-0.0016864453920146496
0.4,74,0.002328974897926882
0.4,75,-0.0030673703358018245
0.4,76,0.00029794354125774625
0.4,77,-0.0008199859384566459
0.4,78,-0.0020213108741945277
0.4,79,0.0026417515258209605
0.4,80,0.001908460592079216
0.4,81,-0.0037920237996322114
0.4,82,-0.0007708885921938135
0.4,83,-0.00019601189146563412
0.4,84,5.849933509880375e-5
0.4,85,-0.000893262044440668
0.4,86,-0.0011815103234801012
0.4,87,0.00016198696255668023
0.4,88,0.002481346218804229
0.4,89,0.00018063354390014606
0.4,90,-0.0010218646309636517
0.4,91,0.0015497944069016627
0.4,92,-0.0019577714684832362
0.4,93,-0.0001197324910066335
0.4,94,0.0035928700370346294
0.4,95,0.0005788581642132488
0.4,96,0.0038900420361940467
0.4,97,0.002390003308804523
0.4,98,0.0013662881160479176
0.4,99,0.005460585381882293
0.4,100,0.0028893040557102026
0.4,101,0.005587195727118944
0.4,102,0.000426658026061337
0.4,103,0.004011174648535794
0.4,104,-0.0002687612072689577
0.4,105,0.00443429921221672
0.4,106,-0.0018057565055448414
0.4,107,0.001356965991532667
0.4,108,0.0024022341813368007
0.4,109,-0.0003592945240331826
0.4,110,0.00025661062536142123
0.4,111,-0.001801882807015496
0.4,112,0.00207437030652263
0.4,113,0.001102480493962722
0.4,114,-0.0010245068324774202
0.4,115,-0.0015007390733465596
0.4,116,0.00416577123560976
0.4,117,-0.00199919998145167
0.4,118,0.00081639627862144
0.4,119,-8.647499005922223e-5
0.4,120,-0.001029157212838136
0.4,121,0.001395768492841527
0.4,122,-0.0006670804324955718
0.4,123,0.00023747895132965297
0.4,124,-0.0007315003937213997
0.4,125,0.00011369635993809364
0.4,126,-0.001206845630994486
0.4,127,0.00016400506739358605
0.4,128,-0.0012637958660003939
0.4,129,-0.0003489821771741446
0.4,130,-0.0006062040494748812
0.4,131,-0.0005913495394610741
0.4,132,-0.0007333300547127771
0.4,133,-0.00014624360923672653
0.4,134,-0.001474598686035039
0.4,135,0.0014013548104452394
0.4,136,0.0019533847141613107
0.4,137,-0.00029738532445522104
0.4,138,0.0013359579427820267
0.4,139,0.00013441744113385225
0.4,140,0.0006965076391934315
0.4,141,-0.00047563578155348975
0.4,142,0.00019571423281386692
0.4,143,0.00014765500504172537
0.4,144,-0.00156089008162249
0.4,145,-0.0011627154173852843
0.4,146,-0.002732191538656196
0.4,147,0.00052341282415244
0.4,148,-0.0011517918389426865
0.4,149,0.0002517398478862347
0.4,150,-4.114138061831184e-5
0.4,151,0.0015733605288335735
0.4,152,0.00024234294238297715
0.4,153,0.0011863645538429215
0.4,154,0.0020252079215153703
0.4,155,0.00269648570935981
0.4,156,0.0013157765158173594
0.4,157,0.0031927313125197317
0.4,158,0.003665004115795658
0.4,159,0.002440164782951254
0.4,160,-0.00047266020824278995
0.4,161,0.004829125926868688
0.4,162,-0.0013026278624556332
0.4,163,0.00408639193767787
0.4,164,-0.0007205879171043837
0.4,165,-0.0015084320000889235
0.4,166,-0.0009765436246997779
0.4,167,-0.00202059656265907
0.4,168,-0.00048494334329883516
0.4,169,0.000824945496264586
0.4,170,-0.0020566923870431486
0.4,171,0.002819361338967699
0.4,172,0.00026814840698069297
0.4,173,-0.0002841186827705544
0.4,174,0.0017808951017413215
0.4,175,0.0033424469278516286
0.4,176,0.003239449802691941
0.4,177,-0.00041150426198463644
0.4,178,0.004351626900071079
0.4,179,0.0021979474391326933
0.4,180,0.001859918398145496
0.4,181,-0.0011087012845419086
0.4,182,-0.002168128928158136
0.4,183,0.001640339524576168
0.4,184,-0.0032995189176935748
0.4,185,0.0027752807487181337
0.4,186,0.0006760514812777159
0.4,187,0.004496375931717389
0.4,188,0.010049620346440457
0.4,189,0.0021765571821583105
0.4,190,0.031808552894184806
0.4,191,-0.01625015131085418
0.4,192,0.5866864612421765
0.4,193,0.0029826670540202844
0.4,194,0.0030069324219829325
0.4,195,-0.0011838813342599165
0.4,196,0.0004116106195474425
0.4,197,0.0004406040675585185
0.4,198,0.000848719529818899
0.41,intercept,0.011071629646716182
0.41,1,0.003752292361455892
0.41,2,0.0018834793414130887
0.41,3,0.0010179731195479878
0.41,4,0.0011730464075145805
0.41,5,0.0020447229991204185
0.41,6,0.0004488646951025523
0.41,7,0.003116781317401522
0.41,8,0.0021062406273595316
0.41,9,-0.0005446123459542114
0.41,10,0.0027921745173512726
0.41,11,-0.0006019345163682629
0.41,12,0.002754817317536488
0.41,13,-0.003416630634881514
0.41,14,-0.0003926000405355658
0.41,15,0.0010442563709250903
0.41,16,-0.0003038362061468461
0.41,17,-6.22099642804566e-5
0.41,18,-0.001363385249353414
0.41,19,-0.0012394070676843669
0.41,20,0.0011087390138590071
0.41,21,-0.0015861703619931393
0.41,22,-3.2576896002573536e-5
0.41,23,9.980005606106471e-5
0.41,24,-9.459248227383536e-5
0.41,25,-0.001635037413311302
0.41,26,-0.0006563315927408106
0.41,27,-0.000641415116306446
0.41,28,0.00039853426365387497
0.41,29,-0.0003164687849683163
0.41,30,-0.0009032968833567603
0.41,31,0.0011052656870934117
0.41,32,-0.0014396391875346015
0.41,33,-0.0009475731889635349
0.41,34,-0.001908598635098149
0.41,35,-0.00020399513124587306
0.41,36,-0.0006371277475370785
0.41,37,0.0004245738546121222
0.41,38,-0.0011357689652643048
0.41,39,0.0005071832036243474
0.41,40,-0.0004747275446940398
0.41,41,0.0014755273266040423
0.41,42,0.0013687869734818666
0.41,43,-0.0003103983525842533
0.41,44,0.0013890558289844622
0.41,45,0.001665653167389575
0.41,46,0.0004704737720214536
0.41,47,0.0008636846288347492
0.41,48,-0.0007236632751103756
0.41,49,0.00041461106485486817
0.41,50,0.0005356700102216791
0.41,51,-0.0002891312171686249
0.41,52,0.0007089726392021494
0.41,53,-0.0004198437525063077
0.41,54,-0.00026660098547896317
0.41,55,0.0020210833172124984
0.41,56,-6.048433713154155e-5
0.41,57,-0.0004542235563154057
0.41,58,0.001104982721119211
0.41,59,-0.00017893362094530287
0.41,60,0.002562004622375588
0.41,61,-0.001274010981488907
0.41,62,-0.000617103630160832
0.41,63,-0.001803268193339568
0.41,64,-0.00015976557280693936
0.41,65,-0.00030925303431687795
0.41,66,-0.001048482719774658
0.41,67,0.001003802981330681
0.41,68,-0.0008261353715144061
0.41,69,-0.0004112962980483481
0.41,70,-0.00010142868435860901
0.41,71,0.00025441652131226054
0.41,72,0.002379287182420758
0.41,73,-0.001776308107120454
0.41,74,0.0030053191502684403
0.41,75,-0.0037121294241024916
0.41,76,0.0008408026160315054
0.41,77,-0.0009921133086345732
0.41,78,-0.0017671898817104052
0.41,79,0.0024980369969575277
0.41,80,0.002189735170514833
0.41,81,-0.002942612827046141
0.41,82,-0.0013750090892867622
0.41,83,0.0004480065096307513
0.41,84,-0.0003982419790586512
0.41,85,-0.0008294465956288625
0.41,86,-0.0016629204873915714
0.41,87,-0.00016103032068446067
0.41,88,0.0025751361109875265
0.41,89,-0.00013831606837437502
0.41,90,-0.001134311202639829
0.41,91,0.001155080388420973
0.41,92,-0.0015457825216291775
0.41,93,-0.0002653578031809351
0.41,94,0.0033058162531459
0.41,95,0.0007390764083835462
0.41,96,0.004116544145627792
0.41,97,0.0023394558371649947
0.41,98,0.00144246817668635
0.41,99,0.005174557666394371
0.41,100,0.0033341341848504885
0.41,101,0.005179056796828456
0.41,102,0.0006524031462548783
0.41,103,0.004082441514966541
0.41,104,-2.625644301561825e-5
0.41,105,0.0038214115806455853
0.41,106,-0.0011557085847110106
0.41,107,0.0015664857199351038
0.41,108,0.0020905932762991944
0.41,109,-0.00027374263077897446
0.41,110,0.00034148171167176186
0.41,111,-0.0015997521273816901
0.41,112,0.001923591497069688
0.41,113,0.0010449322451064576
0.41,114,-0.0010329724240629925
0.41,115,-0.0019114504123722475
0.41,116,0.004380700320459479
0.41,117,-0.002333135256412075
0.41,118,0.0011764593812835802
0.41,119,-0.0002662384823468857
0.41,120,-0.0011998270775351776
0.41,121,0.0014881091642068543
0.41,122,-0.000824794058624053
0.41,123,0.00012101565630024541
0.41,124,-0.0007430498275505874
0.41,125,0.00014410615596682972
0.41,126,-0.0012250228516253485
0.41,127,0.00018576954011463486
0.41,128,-0.001206518869063383
0.41,129,-0.0002917699379278329
0.41,130,-0.0004121647540669726
0.41,131,-0.000596212764151091
0.41,132,-0.0007760413616996449
0.41,133,-0.000290164836108902
0.41,134,-0.001714637739550681
0.41,135,0.0015291145073576579
0.41,136,0.0018261902489046433
0.41,137,-0.0006554728440353625
0.41,138,0.0016662143178374459
0.41,139,0.000349074202074642
0.41,140,0.0006082366844154419
0.41,141,-0.00011089966801869358
0.41,142,7.947314499223396e-5
0.41,143,-2.956560865935969e-5
0.41,144,-0.001442009606478803
0.41,145,-0.00139696047379009
0.41,146,-0.0026388482080794712
0.41,147,0.0005606428849228835
0.41,148,-0.0014613154705111302
0.41,149,0.0003286046839196601
0.41,150,0.00011066278051360922
0.41,151,0.0014319518386706092
0.41,152,0.0005552149722762219
0.41,153,0.0012153958819605814
0.41,154,0.0019311744579496271
0.41,155,0.002261567418996671
0.41,156,0.0018495620120919172
0.41,157,0.0029173420219091774
0.41,158,0.00391571541811356
0.41,159,0.0017679540051043106
0.41,160,-0.0005211778577271761
0.41,161,0.0050800913173284865
0.41,162,-0.0013096256978701176
0.41,163,0.004202310621806817
0.41,164,-0.0005169194641042405
0.41,165,-0.0015389833188245144
0.41,166,-0.0004243916093241918
0.41,167,-0.0024729685390133655
0.41,168,-0.00015711292940064067
0.41,169,0.0009786033180004127
0.41,170,-0.0020782103893880128
0.41,171,0.002612025944985623
0.41,172,-0.00012735705022719784
0.41,173,-0.0001399596345163362
0.41,174,0.0011605540543062265
0.41,175,0.0033910612530183982
0.41,176,0.0030099407201335435
0.41,177,-0.0005886694900765158
0.41,178,0.004175080937575074
0.41,179,0.0020226972180423524
0.41,180,0.002625544205189402
0.41,181,-0.0015282754818869957
0.41,182,-0.001986438912434186
0.41,183,0.0012819162664653265
0.41,184,-0.002917461664505251
0.41,185,0.0032714383665866384
0.41,186,0.0002954171220619358
0.41,187,0.00450745522186515
0.41,188,0.00920541956273529
0.41,189,0.0013025977866160767
0.41,190,0.03190308356674674
0.41,191,-0.01670465201309874
0.41,192,0.6032368059746188
0.41,193,0.003087031277333912
0.41,194,0.0027792959379543732
0.41,195,-0.0011623932929767742
0.41,196,0.00037470782347243006
0.41,197,0.0004433076131229261
0.41,198,0.0008439823753680353
0.42,intercept,0.010723337397392473
0.42,1,0.0032639453011989966
0.42,2,0.001898135276737155
0.42,3,0.001384863092797644
0.42,4,0.00116406650020552
0.42,5,0.0016865256944721698
0.42,6,0.000582064202676945
0.42,7,0.002823881933213076
0.42,8,0.0021003532606339815
0.42,9,-0.0006254923050928767
0.42,10,0.0025802042432550632
0.42,11,-0.0010248088758828438
0.42,12,0.0033096726241429743
0.42,13,-0.0029693256313684173
0.42,14,-0.000725622254589137
0.42,15,0.001094523703828695
0.42,16,-0.0005955274761394313
0.42,17,-0.00023962050757343582
0.42,18,-0.0011874983608277671
0.42,19,-0.001274067746716421
0.42,20,0.0012809965278431342
0.42,21,-0.0015613234704935281
0.42,22,-0.00022352193721957638
0.42,23,0.00035187750067968365
0.42,24,-6.938593449071943e-5
0.42,25,-0.0016210972555705488
0.42,26,-0.0007879243608547117
0.42,27,-0.0006245876372342158
0.42,28,0.0006273900669658386
0.42,29,-0.0004086556372329952
0.42,30,-0.0007853463737626531
0.42,31,0.0010742505170737654
0.42,32,-0.0013239003317573562
0.42,33,-0.0008713694264160501
0.42,34,-0.0020936431638765907
0.42,35,-0.0002090358119930063
0.42,36,-0.00041029012114137276
0.42,37,0.00045204227727054734
0.42,38,-0.001322817505240037
0.42,39,0.0005616215741081604
0.42,40,-0.0007738347291342702
0.42,41,0.0020396309361124985
0.42,42,0.001235708462959546
0.42,43,-0.0003116665126463927
0.42,44,0.0014385457003081815
0.42,45,0.0018527459519510458
0.42,46,0.0005144169952100578
0.42,47,0.0009549319988903955
0.42,48,-0.0006488857868401523
0.42,49,0.00020423649131014922
0.42,50,0.000705934611555048
0.42,51,-0.0005263128287617101
0.42,52,0.0007138879522076018
0.42,53,-0.0006757579748398403
0.42,54,-0.0002457342925815463
0.42,55,0.0019809627539296984
0.42,56,-3.1314531081029263e-5
0.42,57,-0.0005225574590236772
0.42,58,0.0012764470208853768
0.42,59,-0.000182405061446714
0.42,60,0.002543684449245123
0.42,61,-0.0011133618328555955
0.42,62,-0.0007373574156103076
0.42,63,-0.001638144889602067
0.42,64,-0.0001818272684316996
0.42,65,-0.0003550214051364951
0.42,66,-0.0010657800173454845
0.42,67,0.0009462913707991156
0.42,68,-0.0007599022365256364
0.42,69,-0.00048661750376544717
0.42,70,-0.0004129622968278888
0.42,71,0.0002672201855031177
0.42,72,0.0023643224732591422
0.42,73,-0.0015652740092348713
0.42,74,0.0029384276826948325
0.42,75,-0.0035271049670908827
0.42,76,0.0008517270918756043
0.42,77,-0.0006530266625635502
0.42,78,-0.0017677451595208636
0.42,79,0.0025109637832535178
0.42,80,0.001524668235548027
0.42,81,-0.0027531673104806797
0.42,82,-0.001201285890227605
0.42,83,8.833488615497106e-6
0.42,84,0.0006379168682689812
0.42,85,-0.0014459091184426762
0.42,86,-0.001614548951057684
0.42,87,-0.0006879132910764399
0.42,88,0.0029239439757599486
0.42,89,-0.0008887738166526488
0.42,90,-0.0007106374909673487
0.42,91,0.0010501650203767908
0.42,92,-0.00189102677507583
0.42,93,-0.00016037601452380547
0.42,94,0.0035272666143164803
0.42,95,0.000261359786097421
0.42,96,0.003975742965429277
0.42,97,0.0032635039456878944
0.42,98,0.0015757516645492305
0.42,99,0.005016539301104652
0.42,100,0.00360514886753973
0.42,101,0.0037291786663021125
0.42,102,0.0019712111728273874
0.42,103,0.0046669304939965925
0.42,104,-0.0006312706354754563
0.42,105,0.0038900787049145165
0.42,106,-0.0010634942889265904
0.42,107,0.001647703619067225
0.42,108,0.0015621276591455382
0.42,109,-0.00014770944459935204
0.42,110,-1.992492090090035e-5
0.42,111,-0.0013490248639606989
0.42,112,0.0019235722573364483
0.42,113,0.001101720281402508
0.42,114,-0.00039903344911918783
0.42,115,-0.0025411683861456635
0.42,116,0.0042449129025126965
0.42,117,-0.0025246475873795704
0.42,118,0.0014194746707352857
0.42,119,-0.00028923771906456117
0.42,120,-0.0011693940640489704
0.42,121,0.001427247076595644
0.42,122,-0.0006919893715256733
0.42,123,-9.7874305859955e-5
0.42,124,-0.0005895114777875332
0.42,125,-7.05274841425224e-5
0.42,126,-0.0011493507430599729
0.42,127,1.4117109945631111e-5
0.42,128,-0.0007797270471082363
0.42,129,-0.00027981384658671876
0.42,130,-0.0005512528902980881
0.42,131,-0.0007061070272455339
0.42,132,-0.0006008704956018439
0.42,133,-0.00021679910023367108
0.42,134,-0.0016491683777157334
0.42,135,0.0014044258457526107
0.42,136,0.0017047348000311026
0.42,137,-0.0005856843799793484
0.42,138,0.0015767319509193344
0.42,139,0.00044973003024083747
0.42,140,0.0006071804042610948
0.42,141,-0.0002669495868481977
0.42,142,0.0001057116134670382
0.42,143,0.00028572362021819667
0.42,144,-0.0017530638484736661
0.42,145,-0.0013837467443759193
0.42,146,-0.0026569650701858414
0.42,147,0.0006190170690404755
0.42,148,-0.0016418127083636272
0.42,149,0.00029905480718773374
0.42,150,-4.485517984340756e-5
0.42,151,0.0014181365596637138
0.42,152,0.0005749905039485975
0.42,153,0.0012094072140103416
0.42,154,0.0018513684635975897
0.42,155,0.0020670628651540944
0.42,156,0.0016829691659977389
0.42,157,0.0030769511646344967
0.42,158,0.003903671293327476
0.42,159,0.0018682791049785855
0.42,160,-0.00037849131207674027
0.42,161,0.005137029642368652
0.42,162,-0.0016613446426192828
0.42,163,0.003917517630024971
0.42,164,-0.00018755085671661787
0.42,165,-0.0012528218213063323
0.42,166,-0.0004888387971681106
0.42,167,-0.0023593541216557533
0.42,168,2.196877255344345e-5
0.42,169,0.0011270665396969416
0.42,170,-0.002289133811112172
0.42,171,0.002479778458089414
0.42,172,-0.00014123382208783687
0.42,173,-0.00026321862152021383
0.42,174,0.001274194219686
0.42,175,0.0029448527531522996
0.42,176,0.003102234043492971
0.42,177,-0.00033134222700714283
0.42,178,0.004173873529625951
0.42,179,0.0015471630285666103
0.42,180,0.0025829638626817366
0.42,181,-0.001351375409297513
0.42,182,-0.002294090068532243
0.42,183,0.001432432123677007
0.42,184,-0.0030960970638694964
0.42,185,0.0031860813808656727
0.42,186,0.000205778441419991
0.42,187,0.004361964021723207
0.42,188,0.008917698119427603
0.42,189,0.0008152109885226322
0.42,190,0.03201360553379687
0.42,191,-0.017558641642300872
0.42,192,0.6193696710376128
0.42,193,0.0031124127913562923
0.42,194,0.00211821076809161
0.42,195,-0.001113769470637375
0.42,196,0.00032561590525434926
0.42,197,0.00043148742674276735
0.42,198,0.0008254437985800132
0.43,intercept,0.010264911946905842
0.43,1,0.003151140596747358
0.43,2,0.0017777872704436354
0.43,3,0.0017178853120095343
0.43,4,0.0012844672327720034
0.43,5,0.0018576773485815862
0.43,6,0.00010184255210292515
0.43,7,0.0033282981098341187
0.43,8,0.0019643270284068646
0.43,9,-0.0005531263468135332
0.43,10,0.002638603138496441
0.43,11,-0.0010718765054100797
0.43,12,0.0032950799623834535
0.43,13,-0.0028488415860740022
0.43,14,-0.0005877399682805112
0.43,15,0.0009465978035963897
0.43,16,-0.0007228846037756889
0.43,17,-0.0005040073149647691
0.43,18,-0.0011339149268996807
0.43,19,-0.0014116475704696347
0.43,20,0.0011120305651938563
0.43,21,-0.001523943810339679
0.43,22,0.00024529056135318367
0.43,23,0.00013498016145298972
0.43,24,0.00017812691506210966
0.43,25,-0.001592179868333846
0.43,26,-0.0009646511675929035
0.43,27,-0.0007558562430806682
0.43,28,0.0006830221547712679
0.43,29,-0.0007275347839661511
0.43,30,-0.0011081868985862234
0.43,31,0.001151819131748084
0.43,32,-0.0011465703315744643
0.43,33,-0.0006236001330773011
0.43,34,-0.0020744054313495295
0.43,35,-0.000378667776860246
0.43,36,-0.0006408442789929161
0.43,37,0.0005869996752141105
0.43,38,-0.001120591933564854
0.43,39,0.0003355430766669309
0.43,40,-0.001156851092889075
0.43,41,0.0023058888242489303
0.43,42,0.001189678179321117
0.43,43,-0.0002914370460890806
0.43,44,0.0014573360464668493
0.43,45,0.001660853999542794
0.43,46,0.0005972640140006428
0.43,47,0.0009413658091332087
0.43,48,-6.577185174093905e-5
0.43,49,-0.0002082394198482686
0.43,50,0.0007084042273656329
0.43,51,-0.0004437185105256115
0.43,52,0.0007499124680607995
0.43,53,-0.000511235468198489
0.43,54,-0.0004518495666805
0.43,55,0.002411725444914743
0.43,56,-0.000641076923627363
0.43,57,-9.251265869063755e-5
0.43,58,0.001298878505203701
0.43,59,-0.0002746280638965185
0.43,60,0.002197408791339776
0.43,61,-0.0004399924255991738
0.43,62,-0.0010514382605391291
0.43,63,-0.0015383923531443484
0.43,64,-0.000315019686553536
0.43,65,-3.188034714873161e-5
0.43,66,-0.0011120702473872092
0.43,67,0.0008711473240513215
0.43,68,-0.0004096615882085887
0.43,69,2.7709224584621203e-5
0.43,70,-0.0007679056561499387
0.43,71,0.0009004174039592304
0.43,72,0.0018078094745092707
0.43,73,-0.001414930393783076
0.43,74,0.0029297618757571924
0.43,75,-0.0038649951921144927
0.43,76,0.0008401738453503576
0.43,77,-0.0012488200387142142
0.43,78,-0.00116105588624651
0.43,79,0.002766090290174159
0.43,80,0.0015025413905928203
0.43,81,-0.002682744800413411
0.43,82,-0.000829453681148549
0.43,83,-0.00020342323933958154
0.43,84,0.0005225327643030754
0.43,85,-0.001849447869561763
0.43,86,-0.001636993266399675
0.43,87,-1.7041556370913067e-5
0.43,88,0.0031268450791278883
0.43,89,-0.0009979661875650473
0.43,90,-0.0007274499735029585
0.43,91,0.0005038845600878272
0.43,92,-0.001919318459459406
0.43,93,0.0006317691685116643
0.43,94,0.0026753805784147174
0.43,95,0.00036434589551284137
0.43,96,0.004001575305991333
0.43,97,0.0029575269949070004
0.43,98,0.00145158744645163
0.43,99,0.00534610523960063
0.43,100,0.003317854553627001
0.43,101,0.003464651819624964
0.43,102,0.00197890029332988
0.43,103,0.004490535093574544
0.43,104,-6.391145098642589e-6
0.43,105,0.004082512411220198
0.43,106,-0.000984678649677406
0.43,107,0.001977814312670883
0.43,108,0.0012360704971678693
0.43,109,-0.000600176694968515
0.43,110,-0.0005523760377580246
0.43,111,-0.0008598521542633545
0.43,112,0.0025067813983395398
0.43,113,0.0008471927100703164
0.43,114,-0.00031471401998900574
0.43,115,-0.0026959776588506472
0.43,116,0.004445725887442996
0.43,117,-0.002373247857141453
0.43,118,0.0014213293636756135
0.43,119,-0.00019357499531048303
0.43,120,-0.0013798725670791546
0.43,121,0.0017864718820713795
0.43,122,-0.0007081155847544049
0.43,123,-6.068315355448052e-5
0.43,124,-0.0003001119394717067
0.43,125,-0.00018052533845526318
0.43,126,-0.0012057884607572858
0.43,127,0.00013067052093216385
0.43,128,-0.0010239834666432059
0.43,129,-0.0002124308709210789
0.43,130,-0.0007961011457350862
0.43,131,-0.0006152052222112542
0.43,132,-0.0006481437598141642
0.43,133,0.00010120062352900876
0.43,134,-0.0016157105714061039
0.43,135,0.0008966973068082645
0.43,136,0.0020172221828748333
0.43,137,-0.0010564719846655635
0.43,138,0.0013645531949875195
0.43,139,0.0013691823880568462
0.43,140,0.0005255332458442485
0.43,141,-0.00011078567913528855
0.43,142,-8.013428123919175e-5
0.43,143,0.0004614149060398112
0.43,144,-0.0018311749694152589
0.43,145,-0.0013918620033567572
0.43,146,-0.0027891306514318836
0.43,147,0.00036986227079967873
0.43,148,-0.0014882273448274914
0.43,149,0.0005031109295304827
0.43,150,-0.0002850690123132724
0.43,151,0.00128969256030472
0.43,152,0.0011861497423886996
0.43,153,0.0009137468876111099
0.43,154,0.0019529494512544958
0.43,155,0.0016476629603929653
0.43,156,0.0023763265322111096
0.43,157,0.002894366764643155
0.43,158,0.003556690127141076
0.43,159,0.0015467771978818555
0.43,160,-0.00022126322366675837
0.43,161,0.004759780602035371
0.43,162,-0.0016141649717586056
0.43,163,0.003714227849886597
0.43,164,2.288953272449358e-5
0.43,165,-0.0012683398344088916
0.43,166,-0.0006289746561419584
0.43,167,-0.002224752442276277
0.43,168,-0.0003616994350233354
0.43,169,0.0013306200745177368
0.43,170,-0.0016163111342475894
0.43,171,0.002015334243595736
0.43,172,-0.0001916791211599583
0.43,173,0.00037421449001514916
0.43,174,0.0011690610585977715
0.43,175,0.0033014743914235698
0.43,176,0.0026992192113706875
0.43,177,-0.0005981494313927455
0.43,178,0.0037612536791202084
0.43,179,0.0022832996027096174
0.43,180,0.002832250429070823
0.43,181,-0.0014056607859329457
0.43,182,-0.0020677890000199875
0.43,183,0.0007957596520237535
0.43,184,-0.0024836377600009054
0.43,185,0.002796248892862925
0.43,186,0.000676484855030525
0.43,187,0.003623999411470104
0.43,188,0.00954454344106892
0.43,189,0.000361979404101209
0.43,190,0.03081969742162727
0.43,191,-0.01631668846716113
0.43,192,0.6312925951525222
0.43,193,0.00330990469066262
0.43,194,0.0020320456957226667
0.43,195,-0.001084772539050395
0.43,196,0.0003028172462108317
0.43,197,0.00043900331613832937
0.43,198,0.0008275288865133903
0.44,intercept,0.009831910554674717
0.44,1,0.003011003831937391
0.44,2,0.0020892087953147224
0.44,3,0.0015148816226178002
0.44,4,0.0017110153432717346
0.44,5,0.0015420063075676713
0.44,6,-0.00035003386282883955
0.44,7,0.003185671284648972
0.44,8,0.002533159645903579
0.44,9,-0.00042654701831288744
0.44,10,0.002464867339403398
0.44,11,-0.0010182814163512252
0.44,12,0.0028591189185158523
0.44,13,-0.0026140920394219142
0.44,14,-0.0004370787935519591
0.44,15,0.0007333661114627294
0.44,16,-0.0009098011290023222
0.44,17,-0.0006938555312444845
0.44,18,-0.0009809369778406682
0.44,19,-0.0011702866786953913
0.44,20,0.000948656901288218
0.44,21,-0.0014813077283291887
0.44,22,0.00014024894511681705
0.44,23,0.0002480002229397323
0.44,24,0.00016208189575822406
0.44,25,-0.0017532693591112661
0.44,26,-0.0011739771121553858
0.44,27,-0.0007144310482032439
0.44,28,0.0007173974185612778
0.44,29,-0.0005234694703323653
0.44,30,-0.0009698289232554713
0.44,31,0.0012856409229318189
0.44,32,-0.001296687859045712
0.44,33,-0.0009319323020063581
0.44,34,-0.0020370350342031277
0.44,35,-0.00013793655377103195
0.44,36,-0.0006639406306563153
0.44,37,0.0005665286883790046
0.44,38,-0.0010961113668300022
0.44,39,0.0003368118921781915
0.44,40,-0.0009688462135617948
0.44,41,0.0023434550294864236
0.44,42,0.0010287814952844514
0.44,43,0.00020922167250834905
0.44,44,0.0010987869635116375
0.44,45,0.0019394148584097736
0.44,46,0.0007163659373648155
0.44,47,0.0007816762984040692
0.44,48,-0.00018001106672642608
0.44,49,0.00011278351648402771
0.44,50,0.00043299248428479205
0.44,51,7.470901244501035e-5
0.44,52,0.00025772071944911266
0.44,53,-0.0008121937714789353
0.44,54,2.3594536862947085e-5
0.44,55,0.0022837425197369953
0.44,56,-0.0007343456385403636
0.44,57,-3.088439407502462e-5
0.44,58,0.0011510946704147579
0.44,59,-0.00029850200402682783
0.44,60,0.0023839532079955057
0.44,61,-0.0003779852664376192
0.44,62,-0.0007941032051040131
0.44,63,-0.001702702171200243
0.44,64,-0.000496536654843938
0.44,65,-0.00010872397444666096
0.44,66,-0.0010506172804206307
0.44,67,0.0006997377520071132
0.44,68,-0.00015087077545946725
0.44,69,-0.0002660178962873735
0.44,70,-0.000552285020741875
0.44,71,0.0011711753234914246
0.44,72,0.001370915261876415
0.44,73,-0.0013518608794715278
0.44,74,0.002604564084208873
0.44,75,-0.0033585584011327886
0.44,76,0.0006370108465665548
0.44,77,-0.001214450170592364
0.44,78,-0.0015441032778247944
0.44,79,0.00284704007266357
0.44,80,0.001902006987100816
0.44,81,-0.0024865857073468433
0.44,82,-0.0009681505143078992
0.44,83,-0.00040248838771861253
0.44,84,0.0008449361901983839
0.44,85,-0.001809785613837958
0.44,86,-0.001381212228144102
0.44,87,-0.00037674946838011546
0.44,88,0.0029948404091448807
0.44,89,-0.0010778863499530402
0.44,90,-0.0006138458262031224
0.44,91,0.00037684776361379343
0.44,92,-0.0019683026847975606
0.44,93,0.00035769651059515336
0.44,94,0.003463430976087061
0.44,95,0.00011385060986093533
0.44,96,0.0037314147454652817
0.44,97,0.0030411736193313534
0.44,98,0.0020825624121243885
0.44,99,0.004957884643645781
0.44,100,0.0026442631284342944
0.44,101,0.0036762750812315515
0.44,102,0.003049020445613383
0.44,103,0.0040735817114089445
0.44,104,0.0004722724042273532
0.44,105,0.0041112008397321586
0.44,106,-0.001444222011026177
0.44,107,0.002498110959899088
0.44,108,0.001037062485068617
0.44,109,-0.0005643408666608823
0.44,110,-0.0005420203734343266
0.44,111,-0.00045774150213008784
0.44,112,0.002348837169087263
0.44,113,0.0005386091809656024
0.44,114,-0.00016200562408812694
0.44,115,-0.002639486587909656
0.44,116,0.004086660299101484
0.44,117,-0.001982799764312256
0.44,118,0.0008472140958689073
0.44,119,0.00012943187803369247
0.44,120,-0.0013936977459933606
0.44,121,0.0016508865042656217
0.44,122,-0.0005293499899779528
0.44,123,-0.0002043141808887766
0.44,124,-0.00030774415721475536
0.44,125,-5.464629086268253e-5
0.44,126,-0.0012218396806720866
0.44,127,0.0005788004826130525
0.44,128,-0.0013557596137823691
0.44,129,-4.667635344439997e-5
0.44,130,-0.0009068006898241162
0.44,131,-0.0008412634176268623
0.44,132,-0.0007247376014514094
0.44,133,0.000376171956445925
0.44,134,-0.0012109375258304122
0.44,135,0.0009956922639271153
0.44,136,0.0017966006882763513
0.44,137,-0.0005156208274568094
0.44,138,0.0009435013716080315
0.44,139,0.0014297431962474445
0.44,140,0.0005986098523548653
0.44,141,-0.00023663523341713728
0.44,142,-0.0001796213492900518
0.44,143,0.0005123478730083023
0.44,144,-0.0018429363453261367
0.44,145,-0.0014025326865267644
0.44,146,-0.002745529882069907
0.44,147,0.0007624697081075932
0.44,148,-0.0015349361995851286
0.44,149,0.0005250479318144124
0.44,150,-0.00046520003769043696
0.44,151,0.0013179157150538104
0.44,152,0.0013557752341857331
0.44,153,0.000750512317864303
0.44,154,0.002249477502384049
0.44,155,0.001254958737065553
0.44,156,0.0024047985083780637
0.44,157,0.002920820244924219
0.44,158,0.0034997833060100327
0.44,159,0.0012190376895999885
0.44,160,0.00021461701643748154
0.44,161,0.004298942381456149
0.44,162,-0.0016138275754068055
0.44,163,0.003628278534281858
0.44,164,-0.00018927032840822087
0.44,165,-0.001133409537389018
0.44,166,-0.0009273015414236746
0.44,167,-0.0020251802969379127
0.44,168,-0.0002872723865787601
0.44,169,0.0012470276122320593
0.44,170,-0.0018452030458056708
0.44,171,0.0018766136497808496
0.44,172,-0.00021946442486829042
0.44,173,-0.00013368679732436722
0.44,174,0.0014690133973243196
0.44,175,0.004024095216113111
0.44,176,0.002467764530345208
0.44,177,-0.0009281033063024813
0.44,178,0.0035605949177361026
0.44,179,0.0023794552147114855
0.44,180,0.0022951710789793738
0.44,181,-0.0008119510273479928
0.44,182,-0.0021138766189171755
0.44,183,0.0006993238794994162
0.44,184,-0.0012360978661410194
0.44,185,0.0015554598537621837
0.44,186,0.0009535564150330197
0.44,187,0.003120379488664089
0.44,188,0.009271163375797656
0.44,189,0.0005437137582448426
0.44,190,0.029853254980933278
0.44,191,-0.016116128184265666
0.44,192,0.6445923481485158
0.44,193,0.0032445718827434217
0.44,194,0.002275897343369903
0.44,195,-0.001055393311961191
0.44,196,0.0002752244350352263
0.44,197,0.0004153457312224011
0.44,198,0.0008066255567141816
0.45,intercept,0.009513204921560343
0.45,1,0.0030338011263070313
0.45,2,0.0028811693773653
0.45,3,0.0013529569210134283
0.45,4,0.0020804574379635625
0.45,5,0.0011404076298828815
0.45,6,-0.001109287527772056
0.45,7,0.0033799945926957452
0.45,8,0.0026370541732954056
0.45,9,-0.00034019514578376755
0.45,10,0.0020947258334881327
0.45,11,-0.0007596251147534099
0.45,12,0.0030743004843819684
0.45,13,-0.0028270807237370486
0.45,14,-0.0006503866333263018
0.45,15,0.0011781677302135946
0.45,16,-0.0011758377842003614
0.45,17,-0.000685021378750863
0.45,18,-0.001295555150519765
0.45,19,-0.0008988648033657789
0.45,20,0.0007032370150881874
0.45,21,-0.001555906768534651
0.45,22,0.00021413505294493455
0.45,23,0.00020346785075452342
0.45,24,0.00021781097850699554
0.45,25,-0.001967613267194302
0.45,26,-0.0010431369810552545
0.45,27,-0.0006515124432143209
0.45,28,0.0007485058591250406
0.45,29,-0.0005603182265106336
0.45,30,-0.0011760427980488884
0.45,31,0.0014788820878110518
0.45,32,-0.0014069687827813237
0.45,33,-0.001116170849961844
0.45,34,-0.0015625919764067813
0.45,35,-0.0003668796590285241
0.45,36,-0.0008191123473652149
0.45,37,0.000507684231267912
0.45,38,-0.001078410169549392
0.45,39,0.0003174378166143543
0.45,40,-0.0008314124979631501
0.45,41,0.0023384356880096395
0.45,42,0.0009382511594185578
0.45,43,0.00024088056633501028
0.45,44,0.0013436276698211294
0.45,45,0.001827839978937692
0.45,46,0.0007464422206471748
0.45,47,0.0009792144332923414
0.45,48,-0.00031390830151246815
0.45,49,7.022810115142773e-6
0.45,50,0.0005281214555170358
0.45,51,4.011842486774827e-5
0.45,52,0.00020590924362723083
0.45,53,-0.00069510358335644
0.45,54,-0.00012462963325734182
0.45,55,0.002366123929340273
0.45,56,-0.0008195856302797128
0.45,57,0.00010458605437985308
0.45,58,0.0005863365133684733
0.45,59,-5.006060388074903e-5
0.45,60,0.002441517962167151
0.45,61,-0.0005052416025530769
0.45,62,-0.000687954403035716
0.45,63,-0.001887670467350276
0.45,64,-0.0006308594397879115
0.45,65,7.116154308303378e-5
0.45,66,-0.0009245979688298166
0.45,67,0.0009378933848612483
0.45,68,-0.0004526104749877549
0.45,69,-0.0003632455222513544
0.45,70,-0.0002977252017358348
0.45,71,0.0008801035726223372
0.45,72,0.0014980982368824629
0.45,73,-0.001351991391345885
0.45,74,0.002342980875986277
0.45,75,-0.0035288554694233336
0.45,76,0.0007031963512695417
0.45,77,-0.0010955320623315637
0.45,78,-0.0014453976273479578
0.45,79,0.0026505404850387694
0.45,80,0.0019777691812005722
0.45,81,-0.0020697626347197192
0.45,82,-0.0012053285873289273
0.45,83,-0.00045325330419363857
0.45,84,0.000528504696758315
0.45,85,-0.0018686121905139253
0.45,86,-0.001370964313325515
0.45,87,-0.000425009391709045
0.45,88,0.002773377163271868
0.45,89,-0.0007724923431395223
0.45,90,-0.0009443559552010013
0.45,91,0.00015705433139139363
0.45,92,-0.0017382351383570071
0.45,93,0.0003095576023335511
0.45,94,0.003355560393993109
0.45,95,-0.0001211324827319356
0.45,96,0.0036167313154794227
0.45,97,0.0034930898007038123
0.45,98,0.0025180491887164644
0.45,99,0.004387137812664258
0.45,100,0.0026695319288433305
0.45,101,0.0030782845517796447
0.45,102,0.0030664397573327536
0.45,103,0.0043074107846697894
0.45,104,0.0001694742724045229
0.45,105,0.004350322240771801
0.45,106,-0.0014852516749108435
0.45,107,0.0019419582529670242
0.45,108,0.0013239776890942932
0.45,109,-0.00047649030541261066
0.45,110,-0.0006377662461853474
0.45,111,-8.241873866679191e-5
0.45,112,0.0016559432306068173
0.45,113,0.0011791707192292246
0.45,114,-0.0005089007306597357
0.45,115,-0.002012321332164734
0.45,116,0.003818715806237046
0.45,117,-0.0013386653107770857
0.45,118,0.000816530097190845
0.45,119,1.92735905823543e-5
0.45,120,-0.0016041068014066
0.45,121,0.0019976271632485216
0.45,122,-0.0006980991990688658
0.45,123,1.761756795151371e-5
0.45,124,-0.00016198770464298577
0.45,125,-0.00015848083421739337
0.45,126,-0.0012678915234218917
0.45,127,0.0007264945783584604
0.45,128,-0.0014564590448869694
0.45,129,0.00022316554548230567
0.45,130,-0.0011859076916022051
0.45,131,-0.0006228324405567517
0.45,132,-0.0007294748426127827
0.45,133,0.0005817623185102211
0.45,134,-0.0014406112516484164
0.45,135,0.0009079559315550679
0.45,136,0.0016976831972987938
0.45,137,-0.0006840115615994264
0.45,138,0.0011215867787068266
0.45,139,0.0014805262728086188
0.45,140,0.0003228928930643704
0.45,141,-0.0002747141344320604
0.45,142,-0.0003135724554924387
0.45,143,0.0006797494866295603
0.45,144,-0.0018989019600081463
0.45,145,-0.0015088626274681926
0.45,146,-0.0022616151555753996
0.45,147,0.00044300594295602094
0.45,148,-0.0017320492972385572
0.45,149,0.00065057605351241
0.45,150,-0.0007684891584181368
0.45,151,0.001284730357990573
0.45,152,0.0012120687368338328
0.45,153,0.0005961733690229666
0.45,154,0.002951772070738372
0.45,155,0.0007105742294562412
0.45,156,0.0026154893119448787
0.45,157,0.002732121083098339
0.45,158,0.0034327480918002065
0.45,159,0.0013945165601076564
0.45,160,6.754336850023304e-5
0.45,161,0.0042311989533040835
0.45,162,-0.0019135630520539775
0.45,163,0.0037414942070981305
0.45,164,-0.00016450759228936812
0.45,165,-0.000910575261074393
0.45,166,-0.0010073596525536444
0.45,167,-0.00172972760166909
0.45,168,-7.787864034529137e-6
0.45,169,0.0009723946882549759
0.45,170,-0.0019170622919220095
0.45,171,0.002972600482312367
0.45,172,-0.0007559965098907883
0.45,173,0.00011779919888242515
0.45,174,0.0015273348201700078
0.45,175,0.003530615627030693
0.45,176,0.00201892919528562
0.45,177,-0.0008289703999139393
0.45,178,0.0038020117902067864
0.45,179,0.002587308695388821
0.45,180,0.002134823430460067
0.45,181,-0.000809763080538188
0.45,182,-0.0023156785412875285
0.45,183,0.0004576321384643563
0.45,184,-0.0007765564289726026
0.45,185,0.0017013299506818205
0.45,186,0.0007421085088070164
0.45,187,0.0028489748030638053
0.45,188,0.009040393727580679
0.45,189,6.217973756792872e-5
0.45,190,0.030457283166013992
0.45,191,-0.016753160604277305
0.45,192,0.6577863087357595
0.45,193,0.003093840769995993
0.45,194,0.0023707765420202718
0.45,195,-0.0010250978220768478
0.45,196,0.0002739704516801477
0.45,197,0.00044011202069739117
0.45,198,0.0008254071307802653
0.46,intercept,0.009112988194001399
0.46,1,0.0026298095730445644
0.46,2,0.002964425947978322
0.46,3,0.0009345734198386856
0.46,4,0.0017140523899164867
0.46,5,0.0014041645293804196
0.46,6,-0.0013383187096587788
0.46,7,0.003399164680019366
0.46,8,0.00233383425401928
0.46,9,4.58504027656349e-6
0.46,10,0.0017330930233222903
0.46,11,-0.0006972457641264141
0.46,12,0.0027652729155835856
0.46,13,-0.0026404508980864224
0.46,14,-0.0005873242877465286
0.46,15,0.0011221282669606808
0.46,16,-0.0013223785434410328
0.46,17,-0.0006161364198957484
0.46,18,-0.0016167347901186505
0.46,19,-0.0005645888452390252
0.46,20,0.0005281447525059058
0.46,21,-0.0009670827458597175
0.46,22,-0.0003210774915237904
0.46,23,0.0006961418996812794
0.46,24,1.75852678932501e-6
0.46,25,-0.0019510785019896876
0.46,26,-0.0011053047237177416
0.46,27,-0.0005622248585721019
0.46,28,0.0006282599542995572
0.46,29,-0.0003412426768298783
0.46,30,-0.0012123467513653812
0.46,31,0.001455704529791831
0.46,32,-0.0014970402928488897
0.46,33,-0.0007030461049688266
0.46,34,-0.001707441662417669
0.46,35,-0.0005329345743041103
0.46,36,-0.0005918506224637212
0.46,37,8.595212018227608e-5
0.46,38,-0.0004915291212780407
0.46,39,0.00025410074483902455
0.46,40,-0.0008255249302294612
0.46,41,0.0024435518401508894
0.46,42,0.0009374260506873059
0.46,43,7.581373130912984e-5
0.46,44,0.0016438439894024912
0.46,45,0.0019980834275709156
0.46,46,0.0004949953013248121
0.46,47,0.0009108419318925319
0.46,48,-0.0003829003794495773
0.46,49,0.0001940047395654899
0.46,50,0.00038752984130677306
0.46,51,5.274305575781843e-5
0.46,52,8.129827412091262e-5
0.46,53,-0.0006902541071557207
0.46,54,0.00014255311078896949
0.46,55,0.002099129582858637
0.46,56,-0.00043748995119302
0.46,57,0.00022492728239807992
0.46,58,0.0007403387937265118
0.46,59,-0.00024293629065628536
0.46,60,0.0021978237887847114
0.46,61,-0.00019333678317087576
0.46,62,-0.0006877209468498336
0.46,63,-0.002270769560078091
0.46,64,-0.0007040495743225097
0.46,65,0.00028041893169307105
0.46,66,-0.0010352246529467643
0.46,67,0.0009687035755432262
0.46,68,-0.0002177181279918197
0.46,69,-0.0005840657938250439
0.46,70,-0.00020783293035697082
0.46,71,0.0008975918968206752
0.46,72,0.001603416720547385
0.46,73,-0.0015585956006580058
0.46,74,0.0023800851069924866
0.46,75,-0.003512562236075006
0.46,76,0.0007740873852515298
0.46,77,-0.0011292881821250535
0.46,78,-0.0010757252847536797
0.46,79,0.0024818591982046032
0.46,80,0.002113286856692113
0.46,81,-0.0020703377578888005
0.46,82,-0.00136882128881623
0.46,83,-0.0005732151992473053
0.46,84,0.0011332855730390677
0.46,85,-0.0021022679348619115
0.46,86,-0.0012263402458706622
0.46,87,-0.0007092388847113908
0.46,88,0.0031461733315193276
0.46,89,-0.0011092646244897206
0.46,90,-0.0007774965177585951
0.46,91,0.00045221971803985106
0.46,92,-0.002060480846615608
0.46,93,0.0013762959624540572
0.46,94,0.0029236999022625577
0.46,95,-0.0003802420683532911
0.46,96,0.002973137738991047
0.46,97,0.0032313571865523433
0.46,98,0.003243610485522733
0.46,99,0.004662426582359327
0.46,100,0.002574836710309979
0.46,101,0.0034238983262314857
0.46,102,0.003151089339586448
0.46,103,0.004752728330459184
0.46,104,0.00022245603664260776
0.46,105,0.004347714659952108
0.46,106,-0.0018501899733413159
0.46,107,0.001807162618766424
0.46,108,0.001890655229971349
0.46,109,-0.0007744369543830409
0.46,110,-0.00046338798583478344
0.46,111,0.00011022892516704306
0.46,112,0.0007171776093592575
0.46,113,0.0014637308368720754
0.46,114,-0.0004942606236097168
0.46,115,-0.0016641626230392559
0.46,116,0.0038036575864739677
0.46,117,-0.0017552728313573712
0.46,118,0.0011609818055403646
0.46,119,-0.00023178079047807574
0.46,120,-0.0016102793757078256
0.46,121,0.002019468910814637
0.46,122,-0.0006989829381007667
0.46,123,0.0005528751508316154
0.46,124,-0.0005731536382157671
0.46,125,0.00018097982451840776
0.46,126,-0.0013066338595884347
0.46,127,0.0005536563852169444
0.46,128,-0.0013030048887061516
0.46,129,5.8840808527586834e-5
0.46,130,-0.0009430996449211924
0.46,131,-0.0008480243673157806
0.46,132,-0.0007606660391690285
0.46,133,0.0010633918234555198
0.46,134,-0.0019560131353620483
0.46,135,0.0010319774503576567
0.46,136,0.0015681097391196522
0.46,137,-0.000567329238414822
0.46,138,0.0011236571245374883
0.46,139,0.0012607067488142577
0.46,140,0.00026344993299094147
0.46,141,-0.0001236098471813629
0.46,142,-0.00026172978507437344
0.46,143,0.0006315278988342161
0.46,144,-0.0020137142951324335
0.46,145,-0.0013176101938291687
0.46,146,-0.0022454571053366133
0.46,147,0.00037307354003594155
0.46,148,-0.001551232872852652
0.46,149,0.00041905537779395784
0.46,150,-0.0008899826416983725
0.46,151,0.0013008596386051205
0.46,152,0.0012008694831084723
0.46,153,0.0006125552201993749
0.46,154,0.002907263171514831
0.46,155,0.0005875717900278894
0.46,156,0.003003817592453921
0.46,157,0.0026968904573179443
0.46,158,0.003649852936143628
0.46,159,0.0009434885437254031
0.46,160,-0.00019227142877895602
0.46,161,0.004098654210387668
0.46,162,-0.001346732653636176
0.46,163,0.0033222943171375453
0.46,164,-9.578051781820954e-5
0.46,165,-0.0009275810395617099
0.46,166,-0.0012553813093568976
0.46,167,-0.0009149674886511239
0.46,168,-0.0002480920632045763
0.46,169,0.0012444090263770905
0.46,170,-0.002076839203035379
0.46,171,0.0023905897516755753
0.46,172,-0.0007209607780052086
0.46,173,-8.241693898811013e-5
0.46,174,0.001983844915508954
0.46,175,0.0039743992939748965
0.46,176,0.0023922470575910505
0.46,177,-0.0005898589892168885
0.46,178,0.0033447553701411864
0.46,179,0.0024017145024623856
0.46,180,0.0022521093035720407
0.46,181,-0.0009102721655401477
0.46,182,-0.002470917155007608
0.46,183,0.0002092869461960507
0.46,184,-0.0009333008246820081
0.46,185,0.0023675865796244323
0.46,186,0.0009100175653527281
0.46,187,0.0026157417566244185
0.46,188,0.00843710693164703
0.46,189,0.000911224579250135
0.46,190,0.029627152554770688
0.46,191,-0.015387986211802158
0.46,192,0.6676324027086408
0.46,193,0.0029070250622450374
0.46,194,0.0024673730577887236
0.46,195,-0.0009710175301937729
0.46,196,0.000231280082401692
0.46,197,0.00043177760276311497
0.46,198,0.0008098129856681699
0.47,intercept,0.008707898126414449
0.47,1,0.0024747780983201705
0.47,2,0.003831968903996858
0.47,3,0.00022120779868562538
0.47,4,0.001820889304535234
0.47,5,0.0012642432176513988
0.47,6,-0.0013994386964682386
0.47,7,0.0028263317261936847
0.47,8,0.0023323376576637775
0.47,9,0.0005821537910238372
0.47,10,0.0013524550596950517
0.47,11,-0.00042017191551752973
0.47,12,0.0024619248674884906
0.47,13,-0.002253895203672288
0.47,14,-0.0009498139771907871
0.47,15,0.0014729330805039393
0.47,16,-0.0011765406962893229
0.47,17,-0.0006234405915753657
0.47,18,-0.0015498501149787624
0.47,19,-0.0005906576895173331
0.47,20,0.00048815821997107536
0.47,21,-0.001138547240503435
0.47,22,-0.00017792206250862413
0.47,23,0.0005979336002116625
0.47,24,-0.00015613925581078574
0.47,25,-0.001956915921023809
0.47,26,-0.0009506216625118225
0.47,27,-0.0004046561329607215
0.47,28,0.00023714220525849266
0.47,29,-0.00015740454884421504
0.47,30,-0.0014220827474390287
0.47,31,0.0018269536671534428
0.47,32,-0.0019913576462488197
0.47,33,-0.0001639910400438166
0.47,34,-0.0020767202052389246
0.47,35,-0.00012667961183173066
0.47,36,-0.0005608962122116159
0.47,37,-7.8193039284745e-5
0.47,38,-0.000707088260575229
0.47,39,0.00011637422120798575
0.47,40,-0.00045539512204764184
0.47,41,0.002154885924383503
0.47,42,0.0010806486593562007
0.47,43,0.00025581558953319467
0.47,44,0.0013773747703087007
0.47,45,0.0016698439323181034
0.47,46,0.0004918602321129267
0.47,47,0.0010317707496397305
0.47,48,-0.00037122223896925903
0.47,49,0.0005529756972588497
0.47,50,7.934551721087293e-5
0.47,51,0.00022939178227340847
0.47,52,0.00015837459881598128
0.47,53,-0.0007196881283733373
0.47,54,8.109299465376669e-5
0.47,55,0.0019351340789535692
0.47,56,-0.0006251693038923653
0.47,57,0.00019567000121038707
0.47,58,0.0007647816717695795
0.47,59,2.9902556734085085e-5
0.47,60,0.0020352025584210636
0.47,61,5.971069212392342e-5
0.47,62,-0.0009277331277154974
0.47,63,-0.0020227706571140226
0.47,64,-0.0005684626955743734
0.47,65,0.0002887901976359713
0.47,66,-0.0011541341695106375
0.47,67,0.0010200051631869284
0.47,68,-0.00039393587977181637
0.47,69,-0.00030928936671128273
0.47,70,-9.893985468879585e-6
0.47,71,0.0009011015049722054
0.47,72,0.0016407156436770974
0.47,73,-0.001098944325599063
0.47,74,0.0019649309745798696
0.47,75,-0.003474607530578548
0.47,76,0.00045367952182808163
0.47,77,-0.0005789832934410866
0.47,78,-0.0012932346354122318
0.47,79,0.0022960037358064774
0.47,80,0.0017341454782811396
0.47,81,-0.002218753166002093
0.47,82,-0.0007522856581696108
0.47,83,-0.0006633357972394507
0.47,84,0.0011643141599421768
0.47,85,-0.002452432367962795
0.47,86,-0.00016515109200348262
0.47,87,-0.0008636270982181162
0.47,88,0.003005795452861825
0.47,89,-0.0013002715004941793
0.47,90,-0.00024261801356925314
0.47,91,1.9348701598015008e-5
0.47,92,-0.0015240304283938506
0.47,93,0.0012435771195740636
0.47,94,0.0031557018681457796
0.47,95,-0.0006599277581397274
0.47,96,0.0029197687017329015
0.47,97,0.0028729282444468875
0.47,98,0.004076053114254755
0.47,99,0.003989660078064142
0.47,100,0.0026319883236720697
0.47,101,0.0031166373796418915
0.47,102,0.0036315695940323297
0.47,103,0.004791255221603011
0.47,104,7.0341835096219955e-6
0.47,105,0.0046185818638834
0.47,106,-0.001636559992881522
0.47,107,0.0012089113137860477
0.47,108,0.0014456914303330223
0.47,109,-0.00016185163955763154
0.47,110,-0.000789209759027214
0.47,111,0.00022574585417242728
0.47,112,0.00016651646366576338
0.47,113,0.0017917634589775175
0.47,114,-0.0006986634999158475
0.47,115,-0.0010724554439222374
0.47,116,0.0038034162688665458
0.47,117,-0.0015958108035853517
0.47,118,0.0010613675653790185
0.47,119,-0.0006158891673345908
0.47,120,-0.0013038227769968356
0.47,121,0.0019582577609708737
0.47,122,-0.0007206956974257351
0.47,123,0.0005569498521615785
0.47,124,-0.0006706608295309174
0.47,125,0.00021649613040057255
0.47,126,-0.0010595736782991996
0.47,127,0.00018820086039960968
0.47,128,-0.0011274825722197269
0.47,129,0.00016692661237112442
0.47,130,-0.0011031230865902976
0.47,131,-0.0006464394104531071
0.47,132,-0.0007583390253275724
0.47,133,0.0009602441886470656
0.47,134,-0.001827660764948481
0.47,135,0.0008604370663441587
0.47,136,0.0015862565809753048
0.47,137,-0.0004705587835271151
0.47,138,0.0011415394745236027
0.47,139,0.0010617557997292656
0.47,140,0.0004916305578525704
0.47,141,-0.00018368882328047558
0.47,142,-3.654127840736043e-5
0.47,143,0.0006212791555415135
0.47,144,-0.0023067841719093874
0.47,145,-0.0012697560301146611
0.47,146,-0.002425951061795103
0.47,147,0.00033350759155721524
0.47,148,-0.001500507020658902
0.47,149,0.0004726200057556987
0.47,150,-0.0005207369467394558
0.47,151,0.0009221469356216797
0.47,152,0.0008073175663381828
0.47,153,0.0008261956691579716
0.47,154,0.0028760092919002033
0.47,155,0.0006061470654733445
0.47,156,0.0029240732051122667
0.47,157,0.0026136967731071195
0.47,158,0.003072946737441758
0.47,159,0.0014972992415488097
0.47,160,-0.0004281747857832382
0.47,161,0.004107933134781964
0.47,162,-0.0008935663836276051
0.47,163,0.0031863016832245233
0.47,164,-0.0004772831105998376
0.47,165,-0.0007297561916324927
0.47,166,-0.0012744475687205738
0.47,167,-0.00040456435634038195
0.47,168,-0.0003710273217697741
0.47,169,0.0010073502456522017
0.47,170,-0.0019439738835243608
0.47,171,0.0028690092060758405
0.47,172,-0.00018627960021038275
0.47,173,-0.0004493810597067198
0.47,174,0.0012629877791011717
0.47,175,0.00491215769525038
0.47,176,0.0019035095790894954
0.47,177,-0.0002491069224669821
0.47,178,0.0027020429663741157
0.47,179,0.0021486817527808667
0.47,180,0.001911991791662313
0.47,181,-0.0005492767245573655
0.47,182,-0.001859744504032783
0.47,183,-0.0003667600295300427
0.47,184,-0.0007327402673158207
0.47,185,0.0016221506773083651
0.47,186,0.0013542584214721479
0.47,187,0.0026820539689447445
0.47,188,0.008777077203988118
0.47,189,0.0005227513420233081
0.47,190,0.02946776425630509
0.47,191,-0.0143188372122169
0.47,192,0.6794040803329632
0.47,193,0.002757924722078951
0.47,194,0.002211711615705204
0.47,195,-0.0009385799618271302
0.47,196,0.00018735678676259917
0.47,197,0.0004440762331176795
0.47,198,0.0008218083855503305
0.48,intercept,0.008389340873578316
0.48,1,0.002421482735352374
0.48,2,0.0032654432351760902
0.48,3,-4.876706451917659e-5
0.48,4,0.0017638656242636018
0.48,5,0.001525961603767194
0.48,6,-0.0014269519819248419
0.48,7,0.002503830352899397
0.48,8,0.002425676087949501
0.48,9,0.00047131275999306554
0.48,10,0.0015281297007356369
0.48,11,-0.0006009581782548863
0.48,12,0.0025049973834660715
0.48,13,-0.0024265602615314
0.48,14,-0.00044648312476658857
0.48,15,0.0014812277139876944
0.48,16,-0.000883993822022166
0.48,17,-0.0011099214628695374
0.48,18,-0.0013594866204564274
0.48,19,-0.0005788677067485439
0.48,20,0.0009099640517038072
0.48,21,-0.0012436933491944972
0.48,22,6.341151887678363e-5
0.48,23,0.0002018098320129722
0.48,24,0.00022438932816959184
0.48,25,-0.0020648349534910767
0.48,26,-0.0009108955110521191
0.48,27,-0.0004448768206372287
0.48,28,-0.00015753241253942785
0.48,29,-0.00012358633138036772
0.48,30,-0.0014855479850289744
0.48,31,0.0020961102703734914
0.48,32,-0.002044693218555855
0.48,33,-0.00020400351062172328
0.48,34,-0.0018175331412176438
0.48,35,-0.0003064310951349549
0.48,36,-0.00043240815640793257
0.48,37,-0.0003749130721049644
0.48,38,-0.00041353613435487254
0.48,39,-2.1290094573706655e-5
0.48,40,6.492714345196729e-5
0.48,41,0.0018397862190689693
0.48,42,0.000889889085221331
0.48,43,0.0003238817348928056
0.48,44,0.0014765090785970757
0.48,45,0.0014086339711966989
0.48,46,0.00036705264762342676
0.48,47,0.0008395940647714358
0.48,48,-0.0003036659577019579
0.48,49,0.0008941932950651272
0.48,50,0.00028830414374461465
0.48,51,-4.7350109381819485e-5
0.48,52,0.000282433459252797
0.48,53,-0.0005592472837038435
0.48,54,7.669070977688521e-5
0.48,55,0.0016547495763915053
0.48,56,-0.0007646539817542106
0.48,57,5.866828591610243e-6
0.48,58,0.00047595799186745226
0.48,59,0.0001676677773775185
0.48,60,0.0020839917973429524
0.48,61,-7.959090785126625e-5
0.48,62,-0.0008903860652570493
0.48,63,-0.002193951267197951
0.48,64,-0.0003612536215651798
0.48,65,-4.996927267651011e-5
0.48,66,-0.0003403253969343427
0.48,67,0.00045292348571992835
0.48,68,-9.779162577199042e-5
0.48,69,-0.00017560249319829654
0.48,70,-3.181398567856368e-5
0.48,71,0.0005713211673090686
0.48,72,0.0014740586684578783
0.48,73,-0.0014203504747907576
0.48,74,0.0021642008443827645
0.48,75,-0.00278241406411838
0.48,76,0.0003766333486786849
0.48,77,-0.00041633708513901733
0.48,78,-0.0017324841517724911
0.48,79,0.0022773674591169296
0.48,80,0.0021321051518813695
0.48,81,-0.0022123764231310687
0.48,82,-0.0008190379233118801
0.48,83,-4.4362965311900265e-5
0.48,84,0.0012015152230079853
0.48,85,-0.002492194366191499
0.48,86,-0.00031426406895789243
0.48,87,-0.0011205941474692173
0.48,88,0.0032585366463216228
0.48,89,-0.0014414092268216854
0.48,90,9.384704787779579e-5
0.48,91,-0.0002445540349984739
0.48,92,-0.00118763359423225
0.48,93,0.0007867838150382359
0.48,94,0.00345964831683331
0.48,95,-0.00019974563678584278
0.48,96,0.0023134504134547616
0.48,97,0.0027547336023779215
0.48,98,0.004056262412191678
0.48,99,0.003842204379436211
0.48,100,0.002460433709412102
0.48,101,0.0030858557117852577
0.48,102,0.003486827143117709
0.48,103,0.004834941791573415
0.48,104,0.00014853663480531576
0.48,105,0.003973077981372988
0.48,106,-0.0012690540685019863
0.48,107,0.0010660267477925988
0.48,108,0.002040272806516391
0.48,109,-0.0008891077670752358
0.48,110,-0.0005002345479260841
0.48,111,6.618765055684286e-5
0.48,112,9.060623459739416e-5
0.48,113,0.002121013869308605
0.48,114,-0.001176316119543993
0.48,115,-0.0005635338401889545
0.48,116,0.0034169654933556993
0.48,117,-0.0011671332065145061
0.48,118,0.0007034050447413379
0.48,119,-0.00037742633591233916
0.48,120,-0.001261612663454483
0.48,121,0.0017874882442672736
0.48,122,-0.0008196250884971949
0.48,123,0.000699535970218312
0.48,124,-0.0009099549958194219
0.48,125,0.0005063012386718323
0.48,126,-0.0008676853214645501
0.48,127,-1.975774849002804e-5
0.48,128,-0.0011058503348385883
0.48,129,0.0002697772988513962
0.48,130,-0.0012404816507117773
0.48,131,-0.0005174060813744906
0.48,132,-0.0009409008293052584
0.48,133,0.0013518611281902128
0.48,134,-0.0015346996534758757
0.48,135,0.0008089768966104071
0.48,136,0.0012069281144717354
0.48,137,-0.00026748267513938394
0.48,138,0.0012960209181305303
0.48,139,0.000971179043811412
0.48,140,0.0004346568786464382
0.48,141,-0.00021710499805895346
0.48,142,6.99742750195187e-5
0.48,143,0.0007463703380123376
0.48,144,-0.0022401927407683163
0.48,145,-0.001216426753370234
0.48,146,-0.0026560357822620322
0.48,147,0.0004991272485602246
0.48,148,-0.0016211296671919272
0.48,149,0.0005063487813828012
0.48,150,-0.00028235012326685463
0.48,151,0.0006079366764501019
0.48,152,0.0006706143480812417
0.48,153,0.0005714784044358839
0.48,154,0.0026922023256356494
0.48,155,0.000539793707122968
0.48,156,0.0030812357196448943
0.48,157,0.0023457542568745744
0.48,158,0.002793778457696726
0.48,159,0.002043172772670289
0.48,160,-0.000647897353254511
0.48,161,0.0039186638992186025
0.48,162,-0.0010399580529788929
0.48,163,0.00300362724224941
0.48,164,-7.552184228012586e-6
0.48,165,-0.0007760816753701439
0.48,166,-0.0012561833669921148
0.48,167,-0.0006356490743481566
0.48,168,-0.00044220221210315453
0.48,169,0.001593801092468507
0.48,170,-0.0017304641807111532
0.48,171,0.002363834147665548
0.48,172,-0.000485910069279608
0.48,173,0.00014345886285236828
0.48,174,0.000848064807361871
0.48,175,0.004746380916406427
0.48,176,0.0013650731303758168
0.48,177,-0.00015981924151637912
0.48,178,0.0026243117146749163
0.48,179,0.002153865847185395
0.48,180,0.00184333059956691
0.48,181,-0.0007710969293807002
0.48,182,-0.001680821570106746
0.48,183,-0.00028528865515801044
0.48,184,-0.001401458115827616
0.48,185,0.001964253737151063
0.48,186,0.0013076759854109602
0.48,187,0.002756985097488807
0.48,188,0.008397349811962959
0.48,189,0.0005914184620373489
0.48,190,0.028416287951448835
0.48,191,-0.01312637106569757
0.48,192,0.6929662179650308
0.48,193,0.002502929541354059
0.48,194,0.0021428595108866056
0.48,195,-0.0009065544094811525
0.48,196,0.0001609078555749885
0.48,197,0.0004361316078460558
0.48,198,0.0008324343169837607
0.49,intercept,0.00798112399729659
0.49,1,0.0020441994037924704
0.49,2,0.00403307559948522
0.49,3,-0.0008816975730709762
0.49,4,0.002748456858906902
0.49,5,0.0009633358788476287
0.49,6,-0.0012156958423301897
0.49,7,0.002383471402919627
0.49,8,0.0023999338972351485
0.49,9,0.0006844934775797481
0.49,10,0.0010608740727276688
0.49,11,-0.0010898245258118156
0.49,12,0.0031446900338888252
0.49,13,-0.0029341868011518403
0.49,14,0.00042437477639269356
0.49,15,0.0006630868414240565
0.49,16,-4.1245602974083426e-5
0.49,17,-0.0015620546757593391
0.49,18,-0.0013320164671767967
0.49,19,-0.0005448237743742921
0.49,20,0.000790962320145558
0.49,21,-0.0008182965631556448
0.49,22,-7.833100221269898e-6
0.49,23,0.00015450924051660665
0.49,24,-0.00013177036673658635
0.49,25,-0.0018578703677632098
0.49,26,-0.0008659059414832237
0.49,27,-0.000620030455708887
0.49,28,0.00027916348226486235
0.49,29,-0.0004025435173292323
0.49,30,-0.0013236368577773914
0.49,31,0.0017388483591960215
0.49,32,-0.002006678629383378
0.49,33,-9.577292467514268e-5
0.49,34,-0.0020591353559934696
0.49,35,0.00024103568378564108
0.49,36,-0.0006523802853781596
0.49,37,-0.00026833992047913083
0.49,38,-0.0002895263098507015
0.49,39,-0.0003629684071959365
0.49,40,0.00024929335155528633
0.49,41,0.0020101101450979452
0.49,42,0.000724590776057818
0.49,43,0.0008470082907749868
0.49,44,0.0010569924700446589
0.49,45,0.0013553345376132648
0.49,46,0.0004865771479864019
0.49,47,0.0008469741562027894
0.49,48,-0.0004256320790543755
0.49,49,0.0004661872387305149
0.49,50,0.0005001089505825018
0.49,51,8.051355424637936e-5
0.49,52,0.0004014252212108477
0.49,53,-0.0006431502516653324
0.49,54,-0.00033258221438993245
0.49,55,0.001740100826078537
0.49,56,-0.0006934490798991039
0.49,57,2.8394705146624315e-6
0.49,58,0.0005053289082336009
0.49,59,7.458930522671138e-5
0.49,60,0.001831055706115533
0.49,61,-0.00020380860308457751
0.49,62,-0.0006930566553185049
0.49,63,-0.0022741525822526885
0.49,64,-0.00040053254404509846
0.49,65,0.0001331271951678296
0.49,66,-0.0007349019677595726
0.49,67,0.0008948847463141106
0.49,68,6.844904304897218e-5
0.49,69,-0.00030011438031532755
0.49,70,-9.129190308007421e-5
0.49,71,0.00044595663222327255
0.49,72,0.0010946477586185807
0.49,73,-0.0015799797558981763
0.49,74,0.002439977033370316
0.49,75,-0.0028638727876365943
0.49,76,0.0003236500172675204
0.49,77,7.69884927896528e-8
0.49,78,-0.0016895561523376796
0.49,79,0.0017816897816156892
0.49,80,0.0018696076004656728
0.49,81,-0.001841897090402288
0.49,82,-0.00042226592404502123
0.49,83,2.1571322020217597e-5
0.49,84,0.0008257098980384106
0.49,85,-0.0025688101882958697
0.49,86,-0.0002050048197364129
0.49,87,-0.0012658391929906716
0.49,88,0.0034783830769467283
0.49,89,-0.001448255250010215
0.49,90,-0.00020043931225760555
0.49,91,0.00021823992343926547
0.49,92,-0.0009062730560922586
0.49,93,0.0006236063332062797
0.49,94,0.0021996407022272864
0.49,95,0.0005630738317881209
0.49,96,0.0021524533273320143
0.49,97,0.003818495211789533
0.49,98,0.0027401922984702383
0.49,99,0.003714768982411115
0.49,100,0.0018867081460885653
0.49,101,0.0044127671102670955
0.49,102,0.003123776724782788
0.49,103,0.005526599564157229
0.49,104,-0.0007443653081432338
0.49,105,0.004071973895858195
0.49,106,-0.002176267237374334
0.49,107,0.002648543915221555
0.49,108,0.001437521373006237
0.49,109,-0.0008503524624863766
0.49,110,-0.00036718789607391417
0.49,111,-0.00016631551562238064
0.49,112,0.0008301126042152618
0.49,113,0.0017024088656727686
0.49,114,-0.0009085736686449689
0.49,115,-0.0009761537500847282
0.49,116,0.0034236408655199152
0.49,117,-0.001030501062107361
0.49,118,0.00040536146288283164
0.49,119,-0.00017099778105816947
0.49,120,-0.0011426636001369674
0.49,121,0.0017471313839536435
0.49,122,-0.0006261829465901605
0.49,123,0.0007082987039601369
0.49,124,-0.0011223144797263432
0.49,125,0.0008206840618836917
0.49,126,-0.0012490592833623525
0.49,127,0.00021817252443552516
0.49,128,-0.0010315439412206145
0.49,129,0.00019504929900128644
0.49,130,-0.0010357727474606692
0.49,131,-0.0005439574272971439
0.49,132,-0.0009830877642085182
0.49,133,0.001192383371450217
0.49,134,-0.0014071339102918045
0.49,135,0.0009983813623407217
0.49,136,0.0009676263221328374
0.49,137,-0.00031171177704751807
0.49,138,0.00129133287153377
0.49,139,0.0011366764474760034
0.49,140,0.0007584142546366268
0.49,141,-0.0004080313707599579
0.49,142,0.0003637502811723657
0.49,143,0.0010206048910167188
0.49,144,-0.0024197122730622296
0.49,145,-0.0011454112262608272
0.49,146,-0.0028132780880330706
0.49,147,0.0005482994683764908
0.49,148,-0.0015240380110871897
0.49,149,0.00018335256336255074
0.49,150,-0.0003375119809144656
0.49,151,0.0008072556774696868
0.49,152,0.0003256216975012581
0.49,153,0.0007086032017576511
0.49,154,0.002638777969641112
0.49,155,0.0005080170216024923
0.49,156,0.0032277398854760136
0.49,157,0.0017503740888574078
0.49,158,0.0029904587090087862
0.49,159,0.002073679790189734
0.49,160,-0.0007142810255740636
0.49,161,0.003875640532902099
0.49,162,-0.0007919726855449786
0.49,163,0.002899515089785822
0.49,164,-0.0006876545006525673
0.49,165,-0.0006068857972404433
0.49,166,-0.000817183000674284
0.49,167,-0.0007460219035365635
0.49,168,-0.0006745093124817549
0.49,169,0.0017037700521394708
0.49,170,-0.002062005919387118
0.49,171,0.0020819639816692837
0.49,172,-0.0003214485288372015
0.49,173,0.000451786350724228
0.49,174,0.0009118857853208914
0.49,175,0.0038380218413677646
0.49,176,0.001036005445805748
0.49,177,0.0003300509081569628
0.49,178,0.0028614676333502146
0.49,179,0.002066609872940037
0.49,180,0.0015696630268662002
0.49,181,-0.0003393464093671199
0.49,182,-0.0012819917839833497
0.49,183,-0.0006662707479922656
0.49,184,-0.0005744473144781776
0.49,185,0.001258844344457276
0.49,186,0.0014082113452551287
0.49,187,0.002369446692029455
0.49,188,0.008747780183195783
0.49,189,0.0003667115957577569
0.49,190,0.027338010916692686
0.49,191,-0.01296379820779136
0.49,192,0.7070848686033916
0.49,193,0.002593270651258478
0.49,194,0.00222926497458884
0.49,195,-0.0008669170690879692
0.49,196,0.00015847257789809382
0.49,197,0.0004469157987941723
0.49,198,0.0008305077874117667
0.5,intercept,0.007725696431625771
0.5,1,0.001844016423725246
0.5,2,0.0044956694871205
0.5,3,-0.0012992541655080419
0.5,4,0.002907649367775214
0.5,5,0.000460997741816388
0.5,6,-0.0005664924391115168
0.5,7,0.0024932046176238563
0.5,8,0.002103231612350801
0.5,9,0.0007389609782000717
0.5,10,0.0008852561961681952
0.5,11,-0.0011282020365072196
0.5,12,0.00321659917935926
0.5,13,-0.002778769246275863
0.5,14,0.0003493055275974772
0.5,15,0.0005247943365301979
0.5,16,-0.00012046722025400594
0.5,17,-0.0014552579345187622
0.5,18,-0.0012586525946601478
0.5,19,-0.0006337344092990101
0.5,20,0.0008001610868632062
0.5,21,-0.0007799206461528865
0.5,22,0.0003612147266023579
0.5,23,1.650121550357998e-6
0.5,24,-3.599770699862191e-6
0.5,25,-0.0018125350604741345
0.5,26,-0.0012111685165311751
0.5,27,-0.0003324876232187141
0.5,28,7.895257571097996e-5
0.5,29,-0.0002452349863260957
0.5,30,-0.0015569529655111187
0.5,31,0.0020079341865857727
0.5,32,-0.0018417933677418346
0.5,33,-0.00023718779139252302
0.5,34,-0.0020571304981487387
0.5,35,8.446328407804664e-5
0.5,36,-0.000595839756641705
0.5,37,-2.0500788564995445e-6
0.5,38,-0.0005119196940918169
0.5,39,-0.00016515769146293338
0.5,40,0.0002004636968007385
0.5,41,0.002000896540490106
0.5,42,0.0006084823012164233
0.5,43,0.0006368193017606173
0.5,44,0.0008523072511494375
0.5,45,0.0015114310719567539
0.5,46,0.0002491405934568236
0.5,47,0.0008361802804705573
0.5,48,-0.0005912825068485301
0.5,49,0.0006961150273496373
0.5,50,0.0004321861878682289
0.5,51,-0.00010564214087005107
0.5,52,0.0004224183078441138
0.5,53,-0.00034519497350204466
0.5,54,-0.00010389389211815903
0.5,55,0.0016332341120605354
0.5,56,-0.0006290271537750465
0.5,57,-0.00018334203702161157
0.5,58,0.0004915702681506725
0.5,59,0.00011086981836704308
0.5,60,0.0016252967498254056
0.5,61,-0.00029756000430560903
0.5,62,-0.000889772165705545
0.5,63,-0.0024152174275667636
0.5,64,2.8725608262206933e-5
0.5,65,0.00016584885451371612
0.5,66,-0.0007751059130565539
0.5,67,0.0007608494318288415
0.5,68,0.0001080632461152229
0.5,69,8.1543548263096e-6
0.5,70,1.5712594023355093e-5
0.5,71,0.0002236467017082095
0.5,72,0.0011491856992812152
0.5,73,-0.00181490243523196
0.5,74,0.0025684274082551943
0.5,75,-0.0026813857336027824
0.5,76,0.00021260965632979487
0.5,77,5.469163447574836e-5
0.5,78,-0.0012638618978317838
0.5,79,0.001525646217767639
0.5,80,0.001994592152020394
0.5,81,-0.002081655025455912
0.5,82,-0.00030950296895906914
0.5,83,8.946631655281798e-5
0.5,84,0.0005107416577403247
0.5,85,-0.0022345587151534375
0.5,86,-0.0003731351027627832
0.5,87,-0.0013712276765807478
0.5,88,0.0035672503945310317
0.5,89,-0.0015376957929845309
0.5,90,-0.00017989738377981572
0.5,91,-0.00013673664128894226
0.5,92,-0.0006922479979072885
0.5,93,0.0006188771886301836
0.5,94,0.0016172771681730494
0.5,95,0.0005683836753442987
0.5,96,0.00208116567672622
0.5,97,0.004157086871283073
0.5,98,0.0029087430378251025
0.5,99,0.004005697550992258
0.5,100,0.001648355806978547
0.5,101,0.004437015989440278
0.5,102,0.0031401356513735493
0.5,103,0.005236881288131708
0.5,104,-0.0009588212499858776
0.5,105,0.0048148035869619455
0.5,106,-0.0021810040889618867
0.5,107,0.0024426044205680592
0.5,108,0.0015834679558677906
0.5,109,-0.0007626668491427184
0.5,110,-0.0005260415153949194
0.5,111,0.00010261439047294077
0.5,112,0.0008655093192234703
0.5,113,0.0017595467301326983
0.5,114,-0.0005570807547739998
0.5,115,-0.0011325150852986793
0.5,116,0.003464904556761738
0.5,117,-0.0011690197511323329
0.5,118,0.00023581627836165593
0.5,119,-5.9842121349707905e-5
0.5,120,-0.001167166430733269
0.5,121,0.00184762463819241
0.5,122,-0.0007609837909805201
0.5,123,0.0006422411874992413
0.5,124,-0.001154523147104336
0.5,125,0.0008520177557986019
0.5,126,-0.0013949916872377402
0.5,127,3.700059667943204e-5
0.5,128,-0.000989247755784112
0.5,129,0.0001014095328886651
0.5,130,-0.0009554312622968015
0.5,131,-0.0004306567174982431
0.5,132,-0.0009916215428725443
0.5,133,0.0011735693114248845
0.5,134,-0.0015565311633882904
0.5,135,0.0011212401554417115
0.5,136,0.0007661843979079926
0.5,137,-0.00012644555401572486
0.5,138,0.001100605294964082
0.5,139,0.0010491149687753753
0.5,140,0.0008598646524933403
0.5,141,-8.119902659906054e-5
0.5,142,8.489925340060826e-5
0.5,143,0.0009167411146882235
0.5,144,-0.0020483279009997973
0.5,145,-0.0014455961793960208
0.5,146,-0.0026220297622306654
0.5,147,0.0006811426261176052
0.5,148,-0.0015343283823883367
0.5,149,1.786087521892248e-5
0.5,150,-0.00035808365796077775
0.5,151,0.0007909054656764948
0.5,152,0.0005209597991940301
0.5,153,0.0006900298332241407
0.5,154,0.0027466829054026577
0.5,155,0.00014643002311656378
0.5,156,0.003258602091992798
0.5,157,0.0014711539716785473
0.5,158,0.0033738853589707894
0.5,159,0.0015557545561338407
0.5,160,-0.00040581782552604953
0.5,161,0.0034268684251917312
0.5,162,-0.0006697770781028395
0.5,163,0.0025086446678337
0.5,164,-4.367986335878807e-5
0.5,165,-0.0005715827227057677
0.5,166,-0.0010455796181754807
0.5,167,-0.0008223107148384525
0.5,168,-0.0008761645112737359
0.5,169,0.0017445009887475636
0.5,170,-0.0020310483432680756
0.5,171,0.001971509115339889
0.5,172,-0.000291032428131656
0.5,173,0.00011704131072421646
0.5,174,0.0009646704661758612
0.5,175,0.004012652887193297
0.5,176,0.001069505681811471
0.5,177,0.0004931078948498708
0.5,178,0.002678838545977525
0.5,179,0.0018660780143405812
0.5,180,0.001657213372416132
0.5,181,-0.00012117026106238241
0.5,182,-0.0008069660442187257
0.5,183,-0.0010711462546650467
0.5,184,-1.4137639311753673e-7
0.5,185,0.0009631957882501922
0.5,186,0.001173439596437455
0.5,187,0.0028408514615044693
0.5,188,0.008146868570596377
0.5,189,0.0008726346531087533
0.5,190,0.026906449808841056
0.5,191,-0.013488521472263714
0.5,192,0.7176035396354956
0.5,193,0.0026158142597469975
0.5,194,0.0020647538375800955
0.5,195,-0.000835291045959157
0.5,196,0.0001457114787364949
0.5,197,0.00045870584459303376
0.5,198,0.0008382270557950001
0.51,intercept,0.007470360586832402
0.51,1,0.0012784446974908649
0.51,2,0.004891438178128688
0.51,3,-0.0011896650798167861
0.51,4,0.0030476638660143457
0.51,5,0.0003996540523594322
0.51,6,-0.0007906509368646007
0.51,7,0.0030668830717039105
0.51,8,0.0018506053408446368
0.51,9,0.0008041724039367697
0.51,10,0.0002842003457208727
0.51,11,-0.0007227841236767417
0.51,12,0.003098081724742136
0.51,13,-0.00173552220308995
0.51,14,2.0579915305117206e-5
0.51,15,0.0005520900108049612
0.51,16,-0.0005954842458880284
0.51,17,-0.0008897124884556598
0.51,18,-0.001502823342478398
0.51,19,-0.0006909177655110905
0.51,20,0.0008286386959320073
0.51,21,-0.0008642635574911187
0.51,22,0.0005032945547237169
0.51,23,0.00032050401348885537
0.51,24,-3.329111949228603e-5
0.51,25,-0.0018518998447519198
0.51,26,-0.0011281446517632536
0.51,27,-0.00036717291442863776
0.51,28,-1.0874815267249509e-5
0.51,29,0.00012257424625093845
0.51,30,-0.0017423867332779358
0.51,31,0.0022752794699288322
0.51,32,-0.002176310784351041
0.51,33,-8.931546436664554e-6
0.51,34,-0.002151092261561314
0.51,35,0.00032485952394205417
0.51,36,-0.0008671589738624758
0.51,37,4.502667545139823e-5
0.51,38,-0.00041892520030324204
0.51,39,3.881941383797399e-5
0.51,40,0.00022649841751241483
0.51,41,0.0018575547410934813
0.51,42,0.00046551034852874615
0.51,43,0.0005162355422198926
0.51,44,0.0008050979551841634
0.51,45,0.0014475578471370859
0.51,46,4.031578040959544e-5
0.51,47,0.0008353636848220298
0.51,48,-0.0003340345989541069
0.51,49,0.0007958718611629348
0.51,50,0.00037943136606278995
0.51,51,-2.6178930658165864e-5
0.51,52,0.0003206017080136787
0.51,53,-0.0002701225328294985
0.51,54,-9.265233084968301e-5
0.51,55,0.0016095559908324067
0.51,56,-0.0007682498981465264
0.51,57,-0.0006990665732578344
0.51,58,0.0007021349169558245
0.51,59,0.0003175354997666331
0.51,60,0.0018995520474479222
0.51,61,-0.0001941754853093401
0.51,62,-0.0010474448500793895
0.51,63,-0.0024902753936606055
0.51,64,0.0002418722325254161
0.51,65,0.00016474935135156007
0.51,66,-0.0010259169733009641
0.51,67,0.0008380560892384164
0.51,68,0.00014469464881350155
0.51,69,-3.9906771318503764e-5
0.51,70,-3.882928150695458e-5
0.51,71,8.230632225274848e-6
0.51,72,0.001313592357757761
0.51,73,-0.002037460544638563
0.51,74,0.002667365328870404
0.51,75,-0.0030099474366547104
0.51,76,3.6763359932972614e-5
0.51,77,0.0001594335241409233
0.51,78,-0.0006187522817307458
0.51,79,0.0011330780109523014
0.51,80,0.001823313534736144
0.51,81,-0.0018959203025600915
0.51,82,-0.00033217248787721263
0.51,83,-7.218745047762365e-5
0.51,84,0.00030082484305766176
0.51,85,-0.001357466682286747
0.51,86,-0.0008739033410986954
0.51,87,-0.001065843866390716
0.51,88,0.00351932636268786
0.51,89,-0.0014279858587892592
0.51,90,-0.0003225222803943199
0.51,91,-0.0003349982720142354
0.51,92,-0.00015868169990649754
0.51,93,0.0003301505139800734
0.51,94,0.0013760364235499247
0.51,95,0.0001415755557204978
0.51,96,0.002778492387649009
0.51,97,0.003852218081419265
0.51,98,0.003541623903521846
0.51,99,0.003428577448941451
0.51,100,0.0015569647102308775
0.51,101,0.00421310687124278
0.51,102,0.0034665220071086614
0.51,103,0.004945793420609734
0.51,104,-0.000876836484037673
0.51,105,0.004704431978190936
0.51,106,-0.0022348054000458336
0.51,107,0.0023242427368531946
0.51,108,0.0010216867756187497
0.51,109,-0.00017997440780918083
0.51,110,-0.0003575305689797832
0.51,111,0.00014327931592226703
0.51,112,0.0008244462686700139
0.51,113,0.001700868571653316
0.51,114,-0.0006719525189989654
0.51,115,-0.0008370242629542126
0.51,116,0.0033849981069387822
0.51,117,-0.0013630557994986484
0.51,118,0.0001512687703850422
0.51,119,0.00015158493698281853
0.51,120,-0.0013399244137664822
0.51,121,0.0016897986384526854
0.51,122,-0.0009489630455781869
0.51,123,0.0007528595977541867
0.51,124,-0.0006384716112501601
0.51,125,0.0009916909893495655
0.51,126,-0.0016122915633694419
0.51,127,-0.00010030631644509026
0.51,128,-0.0010444335693068868
0.51,129,0.0004035347761820972
0.51,130,-0.0011636364820137787
0.51,131,-0.00039730863922874754
0.51,132,-0.0009255378221653853
0.51,133,0.001063685628581175
0.51,134,-0.0016933772213342344
0.51,135,0.0009138662947629921
0.51,136,0.0007063355003758927
0.51,137,-0.00020556280878989054
0.51,138,0.001469073693791234
0.51,139,0.0007469273237132541
0.51,140,0.0008519592654021321
0.51,141,-0.0002737994132129376
0.51,142,-4.786434544748355e-6
0.51,143,0.0009039287980747738
0.51,144,-0.0021590217758252444
0.51,145,-0.0013105087194304624
0.51,146,-0.002435214867183037
0.51,147,0.0006950508449867014
0.51,148,-0.0014951470835490228
0.51,149,2.3924269047715876e-5
0.51,150,-0.00034046808755832324
0.51,151,0.0009981100452069742
0.51,152,0.0009187615540896415
0.51,153,0.00027150771283901556
0.51,154,0.0026913541766815942
0.51,155,0.0001732873905304246
0.51,156,0.0029939751626247074
0.51,157,0.0016211994762453704
0.51,158,0.002972869654367442
0.51,159,0.0016608234136005532
0.51,160,-0.0006031940714828118
0.51,161,0.0033305977175651824
0.51,162,-0.0005155159618002567
0.51,163,0.002253999950103781
0.51,164,0.0001712944768800623
0.51,165,-0.00021971660113892982
0.51,166,-0.001159746049531447
0.51,167,-0.0007593260827187607
0.51,168,-0.0007849756753811044
0.51,169,0.0015632894780104561
0.51,170,-0.002085316150425481
0.51,171,0.002070359777239771
0.51,172,-0.0006055160920705499
0.51,173,3.898575601095884e-5
0.51,174,0.0010886774153620082
0.51,175,0.0045515214156530304
0.51,176,0.0008869142006957194
0.51,177,0.0014729452589069196
0.51,178,0.0027283688944000116
0.51,179,0.001184068724126341
0.51,180,0.0022536093148939557
0.51,181,4.3031769241346364e-5
0.51,182,-0.0008987377398348458
0.51,183,-0.0006470157533876499
0.51,184,-0.0006961825986437625
0.51,185,0.0008239789937998584
0.51,186,0.000899804574972643
0.51,187,0.003226064399937335
0.51,188,0.008912650119296735
0.51,189,0.0004841963304237394
0.51,190,0.027993951784768413
0.51,191,-0.01399244679211721
0.51,192,0.7248370526257771
0.51,193,0.0024508041845704735
0.51,194,0.002244790880845304
0.51,195,-0.0008096559228389514
0.51,196,0.00012750945904992905
0.51,197,0.0004742503464875156
0.51,198,0.0008597399461634236
0.52,intercept,0.007201610367573842
0.52,1,0.0011027749513172703
0.52,2,0.0050046283755351825
0.52,3,-0.0008283458616422029
0.52,4,0.002433146666405804
0.52,5,0.00101633315662254
0.52,6,-0.0009259859392343322
0.52,7,0.003474927347674194
0.52,8,0.0014900717915280364
0.52,9,0.0004693889545434126
0.52,10,9.309787521448574e-5
0.52,11,-0.00030147255040342596
0.52,12,0.0032638782744275536
0.52,13,-0.001381002078774333
0.52,14,-0.000382981179242096
0.52,15,0.0006117485915988543
0.52,16,-0.00043463416106489253
0.52,17,-0.0006026298305091937
0.52,18,-0.0016107574955089906
0.52,19,-0.0006919361869690112
0.52,20,0.0006926678768496569
0.52,21,-0.0006109486480324752
0.52,22,0.00027438457449818857
0.52,23,0.0005365791139247685
0.52,24,-6.635738944672038e-5
0.52,25,-0.0016169002589722125
0.52,26,-0.001208161038217275
0.52,27,-0.00025282929381498687
0.52,28,-0.00012311883931856064
0.52,29,3.2735227981308986e-5
0.52,30,-0.0017421984439471984
0.52,31,0.0022343150686126357
0.52,32,-0.0019010459001607373
0.52,33,-0.00039669521129393815
0.52,34,-0.001981749642035791
0.52,35,0.0004833314307991331
0.52,36,-0.0006756075552942364
0.52,37,9.947850097063765e-5
0.52,38,-0.0005162782912408263
0.52,39,9.865515281376333e-7
0.52,40,0.00019920714974445367
0.52,41,0.0016423244892169637
0.52,42,0.0004669839545184456
0.52,43,0.00034740695379198173
0.52,44,0.0008561121505129035
0.52,45,0.001139935664714815
0.52,46,9.332550356126282e-5
0.52,47,0.0005781276048063408
0.52,48,-0.00010542429450780302
0.52,49,0.0008250252890039309
0.52,50,0.00023936479400830802
0.52,51,-0.0001757329804485334
0.52,52,0.0003128671725332422
0.52,53,-0.0003945765425222406
0.52,54,0.00013358196605082318
0.52,55,0.0014985726101006572
0.52,56,-0.000578455301995742
0.52,57,-0.0002662649181405481
0.52,58,0.00027971192434309456
0.52,59,0.0005396526627269898
0.52,60,0.0015588373714602883
0.52,61,-0.00020147033945034843
0.52,62,-0.0009341521520938935
0.52,63,-0.0022792242214189997
0.52,64,6.679144521202445e-5
0.52,65,0.0001838938053295254
0.52,66,-0.001061626148394164
0.52,67,0.001142514664382584
0.52,68,-0.0002951045987845269
0.52,69,0.0002771298065123876
0.52,70,9.006275588249515e-6
0.52,71,-0.00010442591320921265
0.52,72,0.001538886609475248
0.52,73,-0.002162629427625068
0.52,74,0.002866526534689255
0.52,75,-0.002991823504734428
0.52,76,-0.00024211257874182565
0.52,77,-0.00014514256870046366
0.52,78,-0.0006274164606185384
0.52,79,0.001419166284734251
0.52,80,0.0023770951828958387
0.52,81,-0.0018257844425195848
0.52,82,2.2806462250644566e-5
0.52,83,-0.0005730545959639579
0.52,84,0.0005293183359638067
0.52,85,-0.0009312919041005245
0.52,86,-0.0012465440697923289
0.52,87,-0.0008396097154372565
0.52,88,0.0032543588991877552
0.52,89,-0.0013376576692685274
0.52,90,-0.0005989431914810585
0.52,91,-0.0005665534491964847
0.52,92,-5.888114607381969e-5
0.52,93,0.00016938579221102563
0.52,94,0.001930083720151611
0.52,95,0.0003016069638647474
0.52,96,0.0021580409929630204
0.52,97,0.00390247221673106
0.52,98,0.003642077502148923
0.52,99,0.004067694493573103
0.52,100,0.0009681143443479277
0.52,101,0.005052477388036638
0.52,102,0.0025329386805806875
0.52,103,0.00540502502926733
0.52,104,-0.0007373675403385011
0.52,105,0.004478640782869845
0.52,106,-0.002310580323993337
0.52,107,0.0021266508707303094
0.52,108,0.0012193782499346241
0.52,109,-0.00034012086541165723
0.52,110,-0.0008129291712363552
0.52,111,0.0007987296557175653
0.52,112,0.0008746830539589997
0.52,113,0.0013514985184349638
0.52,114,-0.000379500499316547
0.52,115,-0.0007784008422373474
0.52,116,0.003236709457533561
0.52,117,-0.001070413425395377
0.52,118,-0.0001494496312310541
0.52,119,0.00028514944220450327
0.52,120,-0.0013624303210125921
0.52,121,0.0016714811531267915
0.52,122,-0.0009867189633531394
0.52,123,0.0007860471411420956
0.52,124,-0.0006909809073188469
0.52,125,0.000992450458655493
0.52,126,-0.0011700361121384283
0.52,127,-0.0003203520982037206
0.52,128,-0.0009165621144679564
0.52,129,0.00027858596326700775
0.52,130,-0.0013090965613600544
0.52,131,-0.00029902310989420136
0.52,132,-0.0008210865533606386
0.52,133,0.0007436974574887026
0.52,134,-0.0014587854766889986
0.52,135,0.0009377582307853703
0.52,136,0.0006562272405910862
0.52,137,-0.0002787492080442229
0.52,138,0.0012772206146603447
0.52,139,0.000798144259523357
0.52,140,0.0008952263577108775
0.52,141,-0.0004742351264941014
0.52,142,0.0002240698892468669
0.52,143,0.000782213326181508
0.52,144,-0.0024084581844411083
0.52,145,-0.0012016183435494838
0.52,146,-0.002271371173902597
0.52,147,0.0007624977507008446
0.52,148,-0.0013527382395754006
0.52,149,-5.973771058504281e-5
0.52,150,-0.0005642283541312043
0.52,151,0.0009395789423010695
0.52,152,0.0011959599975310358
0.52,153,4.189971458161356e-5
0.52,154,0.0023958490371628633
0.52,155,0.00032418251224060557
0.52,156,0.003169590265867204
0.52,157,0.0014904789669946544
0.52,158,0.002709765419227854
0.52,159,0.0011868526537250638
0.52,160,-0.0003304492064616412
0.52,161,0.0032356090382734248
0.52,162,-0.00040939511971465193
0.52,163,0.0018196532558077305
0.52,164,6.26653316599502e-5
0.52,165,-0.0003192376794642652
0.52,166,-0.000948432326185515
0.52,167,-0.0008725917458672707
0.52,168,-0.0007325798587267927
0.52,169,0.001517809071635153
0.52,170,-0.001985374155562568
0.52,171,0.0024410024593793517
0.52,172,-0.0008539052961383437
0.52,173,0.00016494111681224598
0.52,174,0.0006408742150021797
0.52,175,0.005220911812624396
0.52,176,0.0005789470636315962
0.52,177,0.0011103731288895275
0.52,178,0.0032748942117887415
0.52,179,0.0006680687341250088
0.52,180,0.0023506566034123227
0.52,181,1.536251149117674e-5
0.52,182,-0.0009917794922713555
0.52,183,-0.0005081423327662851
0.52,184,-0.00044874500345715916
0.52,185,0.0008252977861174346
0.52,186,0.0005548300538054437
0.52,187,0.003211025010333357
0.52,188,0.008886122224944778
0.52,189,0.0002625883579281047
0.52,190,0.02872888722354605
0.52,191,-0.015342666469077051
0.52,192,0.7353082567279314
0.52,193,0.0020292975139013965
0.52,194,0.002221083470946512
0.52,195,-0.0007625239089575441
0.52,196,0.00010483559508958505
0.52,197,0.00047349799353573266
0.52,198,0.0008687189888293839
0.53,intercept,0.006961018312366753
0.53,1,0.0011304868027862966
0.53,2,0.005062397929148258
0.53,3,-0.0009276500086441813
0.53,4,0.002591319708334662
0.53,5,0.0006409320534663556
0.53,6,-0.000904838382243251
0.53,7,0.00364441455076825
0.53,8,0.0013740506643418703
0.53,9,0.0009582316755325366
0.53,10,0.0007304319448412601
0.53,11,-0.00046208991690780825
0.53,12,0.0034227797115644523
0.53,13,-0.001282790872218628
0.53,14,-0.0007997853610245324
0.53,15,0.0008655814603449702
0.53,16,-0.0006038182719236844
0.53,17,-0.00041466622950169646
0.53,18,-0.0016400058000444683
0.53,19,-0.0006917317062479783
0.53,20,0.00037562518123352573
0.53,21,-0.0003257041526853771
0.53,22,0.00030759954714313595
0.53,23,0.0005559686259619178
0.53,24,3.676028761426713e-5
0.53,25,-0.0016412296167568432
0.53,26,-0.001121415298873148
0.53,27,-0.00040052900981937394
0.53,28,-0.0002857434689837682
0.53,29,-4.510232609592266e-5
0.53,30,-0.0015207112952161097
0.53,31,0.0019228964055400784
0.53,32,-0.0013228402094416936
0.53,33,-0.0004914483119834267
0.53,34,-0.001792123506260914
0.53,35,0.00039570873350971205
0.53,36,-0.0002061341588090703
0.53,37,5.704089533790214e-5
0.53,38,-0.000446933381731174
0.53,39,-3.4696961324249263e-6
0.53,40,2.7522588836533677e-6
0.53,41,0.001627707044550412
0.53,42,0.0004180536368461756
0.53,43,0.00023114190696297635
0.53,44,0.000962481125684698
0.53,45,0.0009571572032874739
0.53,46,0.00010320616201465149
0.53,47,0.00011460558368020694
0.53,48,3.302374874062376e-5
0.53,49,0.0008918802446308407
0.53,50,0.0003866689186141556
0.53,51,-0.0002481343411656774
0.53,52,0.0004136274776570655
0.53,53,-0.0005027296905657327
0.53,54,0.00014969961464720227
0.53,55,0.001359237892537455
0.53,56,-0.0002651433719749521
0.53,57,-0.000772576657639195
0.53,58,0.0005625930696184177
0.53,59,0.0002769593294123714
0.53,60,0.0017394013207886268
0.53,61,-0.00038837637974192314
0.53,62,-0.0010059681659721495
0.53,63,-0.0018922879599742048
0.53,64,-0.00020532720658208558
0.53,65,0.0003622086718294462
0.53,66,-0.0010744964139045186
0.53,67,0.0010316597440184726
0.53,68,-0.00046108382814328294
0.53,69,9.422198109984479e-5
0.53,70,0.00012639058903201383
0.53,71,0.0001913854880456657
0.53,72,0.0007818090276645695
0.53,73,-0.0015766025932495663
0.53,74,0.0026328260060647876
0.53,75,-0.0027719905620212804
0.53,76,4.535892495534986e-6
0.53,77,-0.00013438403358403432
0.53,78,-0.00044055032599050776
0.53,79,0.001105237380278471
0.53,80,0.0023603996072651553
0.53,81,-0.0015651492406699662
0.53,82,-8.467415486825527e-5
0.53,83,-0.0006312491537164759
0.53,84,0.000605481325044156
0.53,85,-0.0007780905048931123
0.53,86,-0.0011836175560088172
0.53,87,-0.0009436317984786295
0.53,88,0.0029979078525555446
0.53,89,-0.0011007845819810105
0.53,90,-0.0005831686916162129
0.53,91,-0.0007166932208844505
0.53,92,-2.3933214956584877e-5
0.53,93,2.447576199956454e-5
0.53,94,0.0019031935720900505
0.53,95,0.00023237038404897635
0.53,96,0.0015243915574481874
0.53,97,0.004162894694208344
0.53,98,0.003810521523591748
0.53,99,0.004064134083663526
0.53,100,0.0019488955615361027
0.53,101,0.004821504277270417
0.53,102,0.0025105323795809945
0.53,103,0.0050295406523537195
0.53,104,-0.00033558550766207086
0.53,105,0.004058867718749994
0.53,106,-0.0022461958274501382
0.53,107,0.0019346539379435637
0.53,108,0.0015059808254220537
0.53,109,-0.0007739881698256562
0.53,110,-0.0005457275980908454
0.53,111,0.0009403307440384171
0.53,112,0.0007929077248881529
0.53,113,0.0011190173512762964
0.53,114,-0.00011325868915076779
0.53,115,-0.0007800477202974793
0.53,116,0.002943818053732073
0.53,117,-0.0006639748750463133
0.53,118,-0.0003825182820168112
0.53,119,7.095524863353477e-5
0.53,120,-0.00122047850352985
0.53,121,0.001826986582977968
0.53,122,-0.0010712936808745094
0.53,123,0.0007967877970790505
0.53,124,-0.0006214728975930577
0.53,125,0.0012385549779268998
0.53,126,-0.0011269794320899577
0.53,127,-0.0004707475690659188
0.53,128,-0.0010420684043302127
0.53,129,0.00013999389140976635
0.53,130,-0.0013275492937974908
0.53,131,-0.00022202721214910335
0.53,132,-0.0008980442583782409
0.53,133,0.0008600781489106477
0.53,134,-0.0013667253086815673
0.53,135,0.0007898439364929375
0.53,136,0.00061484846337563
0.53,137,-0.0003826905462947602
0.53,138,0.0012220025159132696
0.53,139,0.0010462037711557754
0.53,140,0.001033836024345479
0.53,141,-0.0005999541278656498
0.53,142,5.077175195382155e-5
0.53,143,0.0007728566160685428
0.53,144,-0.002280657161947299
0.53,145,-0.0012662887060758755
0.53,146,-0.0023195567429166904
0.53,147,0.0007928213421679588
0.53,148,-0.0013163290022471506
0.53,149,1.4782148913730397e-6
0.53,150,-0.0005701864223333674
0.53,151,0.0008617859267612981
0.53,152,0.0013882889932487008
0.53,153,-2.5743855934056478e-5
0.53,154,0.002239399395316344
0.53,155,0.00033971525127711466
0.53,156,0.0027183819110753694
0.53,157,0.001419166582146266
0.53,158,0.0027294651358702104
0.53,159,0.001105090617672824
0.53,160,-0.00015972035266687972
0.53,161,0.003104152017964205
0.53,162,-0.00019090899945902799
0.53,163,0.001752286502271504
0.53,164,0.00010988855697574726
0.53,165,-0.00024617284288871023
0.53,166,-0.0009818118210680254
0.53,167,-0.0007721255384408224
0.53,168,-0.0006648399852856577
0.53,169,0.0015523866831423923
0.53,170,-0.0018827294167284992
0.53,171,0.0022533999754779923
0.53,172,-0.0005801791550196696
0.53,173,-0.00016876114084532343
0.53,174,0.0009042752777847091
0.53,175,0.005035596537826214
0.53,176,0.0010545919960958734
0.53,177,0.0009011393617783743
0.53,178,0.002677402209223462
0.53,179,0.0012623488698768064
0.53,180,0.00218090562030282
0.53,181,0.00026481385102456503
0.53,182,-0.0015065686997254876
0.53,183,-0.0005971837577507644
0.53,184,-0.0006532608730871353
0.53,185,0.0006910142586685504
0.53,186,0.0008700867729262186
0.53,187,0.0038077832440277107
0.53,188,0.008540935667099325
0.53,189,0.0012386673861980032
0.53,190,0.028694032880288246
0.53,191,-0.015145847496954265
0.53,192,0.7412905366443243
0.53,193,0.002136336176363703
0.53,194,0.0022563496829727794
0.53,195,-0.0007328709628045019
0.53,196,9.294036789042281e-5
0.53,197,0.0004812366796442865
0.53,198,0.0008663898815630625
0.54,intercept,0.006735965401256895
0.54,1,0.0012005353274127267
0.54,2,0.004829227743456186
0.54,3,-0.00020074388516541785
0.54,4,0.0021552471885789635
0.54,5,0.0011982731948918053
0.54,6,-0.0015899105334468892
0.54,7,0.003666445783933453
0.54,8,0.001626227093054637
0.54,9,0.0006446099368799095
0.54,10,0.001559382061397945
0.54,11,-0.0010019792088350576
0.54,12,0.0030488806549923875
0.54,13,-0.0009314990940391773
0.54,14,-0.0005782503100748341
0.54,15,0.0006581278174929044
0.54,16,-0.0007535300446793709
0.54,17,-0.0005509940090647904
0.54,18,-0.0012903274406933132
0.54,19,-0.0008087995765200327
0.54,20,0.0003720004967367085
0.54,21,-0.00046156247954018246
0.54,22,0.0005240547126349573
0.54,23,0.0004752889353508105
0.54,24,-2.175242368883064e-5
0.54,25,-0.0015462110183535824
0.54,26,-0.0013122436570149284
0.54,27,-0.00019953467190297525
0.54,28,-0.0004368059404374887
0.54,29,-7.253985915745818e-5
0.54,30,-0.0016418471223447796
0.54,31,0.001912489241162316
0.54,32,-0.0013193628399120567
0.54,33,-0.0004140397192069736
0.54,34,-0.0016784999750459257
0.54,35,0.0004363989722368529
0.54,36,-0.0001739354254540566
0.54,37,0.00015446709687227223
0.54,38,-0.0006253207808747641
0.54,39,0.00014807589781352958
0.54,40,4.215333867953124e-5
0.54,41,0.0016353964163398765
0.54,42,7.454474116230889e-5
0.54,43,0.00015723248681985904
0.54,44,0.0008680318289938253
0.54,45,0.0006513989800872574
0.54,46,0.00015978778349514964
0.54,47,-6.265099015014444e-5
0.54,48,0.000275779644317318
0.54,49,0.0008312810595941641
0.54,50,0.0004207086432883521
0.54,51,-0.0003136523730069268
0.54,52,0.0005465657651544677
0.54,53,-0.0004714674358400299
0.54,54,6.249175753332912e-5
0.54,55,0.0012146576842987844
0.54,56,-0.00010929113345230343
0.54,57,-0.0009076584758872961
0.54,58,0.0003286578883002772
0.54,59,0.00016836613988618546
0.54,60,0.001647754314686409
0.54,61,-0.0002543252180722895
0.54,62,-0.0011603343650795814
0.54,63,-0.0017296095572302006
0.54,64,-0.00023840250447222647
0.54,65,0.000493277001137199
0.54,66,-0.001003393429804996
0.54,67,0.0009465121338669522
0.54,68,-0.0004917309485413169
0.54,69,0.00016583483072876712
0.54,70,0.00028885733953554356
0.54,71,0.00015405922079721608
0.54,72,0.0006147399793312712
0.54,73,-0.0016125290824876458
0.54,74,0.0026228719048614992
0.54,75,-0.002462124499737357
0.54,76,0.0006436022906916342
0.54,77,-0.0005794530596149155
0.54,78,-0.0004961685943570152
0.54,79,0.0013039221180481111
0.54,80,0.0018670976996577118
0.54,81,-0.0013410178857597907
0.54,82,-0.00029586462351685545
0.54,83,-0.0007406398095816251
0.54,84,0.0011156019076537173
0.54,85,-0.0005690600438771566
0.54,86,-0.0018769152025949348
0.54,87,-0.0005539046842328267
0.54,88,0.0025979790333928695
0.54,89,-0.0011500094985476127
0.54,90,-0.00046431296454421743
0.54,91,-0.000692241483405401
0.54,92,0.0005714927182195853
0.54,93,-6.884510582707694e-5
0.54,94,0.0017545113293212112
0.54,95,7.829759415524247e-5
0.54,96,0.0021439815278186465
0.54,97,0.003984038466563643
0.54,98,0.004060764614731141
0.54,99,0.0035624461927893586
0.54,100,0.002424634064557156
0.54,101,0.004242291183483195
0.54,102,0.0035168732468852347
0.54,103,0.0046667172917285275
0.54,104,-0.0004601629198601017
0.54,105,0.003576654888987653
0.54,106,-0.001905215245539035
0.54,107,0.002043242518526937
0.54,108,0.0012118964999900004
0.54,109,-0.0009315217348013641
0.54,110,-0.0005068388192399173
0.54,111,0.0013327451994442846
0.54,112,0.0007796112714917566
0.54,113,0.0010397499555128034
0.54,114,1.172659853244806e-5
0.54,115,-0.0007048398808227819
0.54,116,0.0030025988943050866
0.54,117,-0.0008330719760402402
0.54,118,-0.00027636865474263953
0.54,119,1.361479130480668e-5
0.54,120,-0.0012005006019593998
0.54,121,0.00182867371936954
0.54,122,-0.0012771626185267024
0.54,123,0.0007387795873693891
0.54,124,-0.0006496700875465951
0.54,125,0.001097147657614991
0.54,126,-0.0008825063594885819
0.54,127,-0.0005547092637515807
0.54,128,-0.0010328661746385876
0.54,129,0.00032032157436054045
0.54,130,-0.0013928374948817747
0.54,131,-0.00026802457350610053
0.54,132,-0.0008132813938240318
0.54,133,0.0010670701858067218
0.54,134,-0.0015763329942657682
0.54,135,0.0010797318711086796
0.54,136,0.0005293744497360503
0.54,137,-0.000144273515965695
0.54,138,0.001012687835537219
0.54,139,0.0007306776187401162
0.54,140,0.0012840985655097857
0.54,141,-0.0007439248939364301
0.54,142,0.0003251784882141812
0.54,143,0.00043175829352628186
0.54,144,-0.0020548848680027893
0.54,145,-0.0016287054447763276
0.54,146,-0.002032398816398815
0.54,147,0.0008465197761050178
0.54,148,-0.0012758397499982152
0.54,149,4.3685545733747403e-5
0.54,150,-0.0004982402360174821
0.54,151,0.0010202908220717673
0.54,152,0.0013244405465427198
0.54,153,-0.0001730381715496649
0.54,154,0.0021152839368894488
0.54,155,0.0001527431810027445
0.54,156,0.0027630616248144114
0.54,157,0.0010451431288110763
0.54,158,0.0027531903290666177
0.54,159,0.0007672288398234725
0.54,160,0.00019363481016933723
0.54,161,0.002958244594845271
0.54,162,-0.00020783739624728926
0.54,163,0.001605020640247402
0.54,164,9.477718953427332e-5
0.54,165,-0.00016925713364218512
0.54,166,-0.0010533282513532488
0.54,167,-0.00072125830592863
0.54,168,-0.0006165935068436121
0.54,169,0.0018071725084097753
0.54,170,-0.0020132760505831245
0.54,171,0.0022825219757265413
0.54,172,-0.0007382858109375663
0.54,173,-0.00023781674968985765
0.54,174,0.0010703037519379096
0.54,175,0.00482752921399754
0.54,176,0.0017121995855525199
0.54,177,0.0004580809823534337
0.54,178,0.0028610823187981455
0.54,179,0.000817074047928097
0.54,180,0.0027671825084851394
0.54,181,-0.00038246351387465625
0.54,182,-0.0012666225118189156
0.54,183,-0.0004194446418607933
0.54,184,-0.0010179526613911876
0.54,185,0.0011012672438892887
0.54,186,0.0005250975417962845
0.54,187,0.003770299220021928
0.54,188,0.008141985836157476
0.54,189,0.0010481836924323927
0.54,190,0.02897787649342101
0.54,191,-0.01336723037805173
0.54,192,0.7479979585245141
0.54,193,0.0020754140634218223
0.54,194,0.0022183717568623165
0.54,195,-0.0006972879467011917
0.54,196,8.678709671687533e-5
0.54,197,0.00048704392476685635
0.54,198,0.0008807609635662593
0.55,intercept,0.006312141854854222
0.55,1,0.0012967897872263941
0.55,2,0.004772373325448792
0.55,3,-0.00020185793906500225
0.55,4,0.002021504863168644
0.55,5,0.0013204308287912728
0.55,6,-0.0014057046425180917
0.55,7,0.0033155934075074864
0.55,8,0.0018053689127440064
0.55,9,0.0006666979347888547
0.55,10,0.001162214875087262
0.55,11,-0.0003669984615125942
0.55,12,0.002562311252997913
0.55,13,-0.0007383318435672598
0.55,14,-0.0008284672792607419
0.55,15,0.0009690107085099658
0.55,16,-0.001256315424875139
0.55,17,-0.0002621316715886086
0.55,18,-0.0011649733480265747
0.55,19,-0.0005085806912506336
0.55,20,-9.31081256999627e-5
0.55,21,-0.00038689695974887707
0.55,22,0.0006173620149497083
0.55,23,0.00046352533080352363
0.55,24,-0.00027224765895648024
0.55,25,-0.0012553715819297803
0.55,26,-0.001460955683968614
0.55,27,0.0001493160994364419
0.55,28,-0.0006247095606051806
0.55,29,-7.672293703043315e-5
0.55,30,-0.0015489086978406328
0.55,31,0.001870777490106872
0.55,32,-0.00110814911469037
0.55,33,-0.00014480291010350523
0.55,34,-0.0015039942073934354
0.55,35,0.00031520648410792644
0.55,36,-0.00016904687931722516
0.55,37,0.00023858357992442893
0.55,38,-0.0006553186166816995
0.55,39,-7.151078563595062e-5
0.55,40,-0.00020094684192490091
0.55,41,0.001671971732868093
0.55,42,0.00010033518627334425
0.55,43,0.00018477588919165564
0.55,44,0.000619911798245177
0.55,45,0.000959990209033207
0.55,46,-1.4176062192146777e-5
0.55,47,-3.5830829360629334e-5
0.55,48,0.0001967945614830962
0.55,49,0.0007277573535898668
0.55,50,0.00048524169650683585
0.55,51,-0.0003848908968837699
0.55,52,0.0006079602450044461
0.55,53,-0.00041203869598316914
0.55,54,9.816165502929118e-5
0.55,55,0.0010274642617044063
0.55,56,0.00017123749310527506
0.55,57,-0.001108058442495815
0.55,58,0.0005967960335251989
0.55,59,-3.681792091792161e-5
0.55,60,0.001604591740056093
0.55,61,-0.0003666603758631236
0.55,62,-0.0011809365790374509
0.55,63,-0.0013921003801482593
0.55,64,-0.0004579180059020277
0.55,65,0.00040193307840714323
0.55,66,-0.0008715309229729176
0.55,67,0.0007199027314901465
0.55,68,-0.000272301177247481
0.55,69,1.7667747097588687e-5
0.55,70,0.0003195590905282835
0.55,71,0.00020337104070443905
0.55,72,0.0006028015418851939
0.55,73,-0.0015922566974530012
0.55,74,0.002399726732607004
0.55,75,-0.0020977074454490564
0.55,76,0.00033758296151067176
0.55,77,-0.0002297991184862418
0.55,78,-0.00036644351297281943
0.55,79,0.0013907698589110946
0.55,80,0.001806851874366178
0.55,81,-0.0011229830366759185
0.55,82,-0.0007869972124723712
0.55,83,-0.0005730822482965788
0.55,84,0.0008273780215472194
0.55,85,-2.9339996860420397e-5
0.55,86,-0.0021166084396743224
0.55,87,-0.0007367983430446481
0.55,88,0.002603099541470462
0.55,89,-0.0009146870639329351
0.55,90,-0.00032442037738858145
0.55,91,-0.0010289278505132592
0.55,92,0.0006002903293583503
0.55,93,-0.00011216864669970232
0.55,94,0.0017186014185420733
0.55,95,-2.3212507340728887e-5
0.55,96,0.0022427811761513987
0.55,97,0.003980243237779416
0.55,98,0.004163327879361657
0.55,99,0.00354745683701339
0.55,100,0.003023201749639291
0.55,101,0.003848514421694852
0.55,102,0.003937874563477406
0.55,103,0.004751430244976648
0.55,104,-0.00022181141928383138
0.55,105,0.003634897736185407
0.55,106,-0.0019070568385734263
0.55,107,0.0020027790529714394
0.55,108,0.0015240855912133395
0.55,109,-0.0006699137879411913
0.55,110,-0.0007237118993549883
0.55,111,0.0017160941583865396
0.55,112,0.0005623508456641368
0.55,113,0.000966833106011808
0.55,114,3.396287328552922e-5
0.55,115,-0.00039848323786791974
0.55,116,0.002716631103563149
0.55,117,-0.000532454909977485
0.55,118,-0.0005024860832587702
0.55,119,6.169460051259332e-5
0.55,120,-0.0012402954573286135
0.55,121,0.001734265225670143
0.55,122,-0.0013026013648251545
0.55,123,0.0006149956973751439
0.55,124,-0.00041852003189480816
0.55,125,0.0009931397306623057
0.55,126,-0.0006831485218819014
0.55,127,-0.0005267830892186319
0.55,128,-0.0008802190879625451
0.55,129,0.00026699649906670233
0.55,130,-0.0016052653291803384
0.55,131,0.00014575787024400353
0.55,132,-0.0007961593297234476
0.55,133,0.0011808665915442398
0.55,134,-0.00157256284396412
0.55,135,0.0009841750206539765
0.55,136,0.00033969492753822134
0.55,137,-2.6101148198732714e-5
0.55,138,0.0010687458656473492
0.55,139,0.0005123603821278397
0.55,140,0.0012677024599934924
0.55,141,-0.0008522687030551093
0.55,142,0.0003795641581406987
0.55,143,0.0004670228739349511
0.55,144,-0.002007829089927233
0.55,145,-0.001690205202170835
0.55,146,-0.002002622065812879
0.55,147,0.0008949318674938815
0.55,148,-0.0011882765241835616
0.55,149,0.00014748251202200443
0.55,150,-0.0006762670490576537
0.55,151,0.0013003669478283842
0.55,152,0.0013239409499125633
0.55,153,-9.879128959487104e-5
0.55,154,0.0017484148455688344
0.55,155,-7.593049832612594e-5
0.55,156,0.0026299625717751875
0.55,157,0.0011967293004761642
0.55,158,0.002315349370517688
0.55,159,0.0008111855769645679
0.55,160,0.0006687515282139753
0.55,161,0.0025922704542328135
0.55,162,-0.00031175109863669536
0.55,163,0.0015014894770817176
0.55,164,0.00022688119898340195
0.55,165,-4.8334505315732605e-5
0.55,166,-0.0011699673109669881
0.55,167,-0.0006927823226531561
0.55,168,-0.0007048245067146302
0.55,169,0.0015248584224396464
0.55,170,-0.0017853791898163978
0.55,171,0.0018704823667467564
0.55,172,-0.00017691865748782984
0.55,173,-0.0002815871194827761
0.55,174,0.0008003853164759027
0.55,175,0.00502952396637817
0.55,176,0.0017190719111832898
0.55,177,0.00020783181594823702
0.55,178,0.0030086209661706
0.55,179,0.0006219835256663657
0.55,180,0.0029580463822551305
0.55,181,-0.00034227940885456914
0.55,182,-0.0014146187121464304
0.55,183,-0.0006428994257368689
0.55,184,-0.0006827146745527001
0.55,185,0.0004628090696066622
0.55,186,0.0005899952122011467
0.55,187,0.003452517468454324
0.55,188,0.00882288774499983
0.55,189,0.000490519550698255
0.55,190,0.029054991127917363
0.55,191,-0.012105975314727641
0.55,192,0.7572207442019268
0.55,193,0.0019906386873257275
0.55,194,0.0023379117444269288
0.55,195,-0.0006435649805365308
0.55,196,6.783126699988923e-5
0.55,197,0.0004998247680686628
0.55,198,0.0008389072939430971
0.56,intercept,0.005982849662508501
0.56,1,0.0009331199329249459
0.56,2,0.005106205931683354
0.56,3,-8.053637759008243e-5
0.56,4,0.0017821851039645643
0.56,5,0.0016557715134008458
0.56,6,-0.0018159284241017358
0.56,7,0.0036488385913369024
0.56,8,0.00198896003447992
0.56,9,0.00041679091550418147
0.56,10,0.0015764521560571708
0.56,11,-0.0002754177199765368
0.56,12,0.002383343466065424
0.56,13,-0.0003046470604089719
0.56,14,-0.0011000384188850864
0.56,15,0.0008613786367361049
0.56,16,-0.0012784366973689018
0.56,17,-0.00017925802750756213
0.56,18,-0.0013470107702358376
0.56,19,-0.0002581928677582803
0.56,20,-0.00021476620585434008
0.56,21,-0.0002546868859279652
0.56,22,0.0007000448207429144
0.56,23,8.561927877316533e-5
0.56,24,-0.0003116273064808832
0.56,25,-0.0006572740865388969
0.56,26,-0.0013891494175733413
0.56,27,-0.00020789480525293494
0.56,28,-0.0001306982227321828
0.56,29,-0.00016027380630040608
0.56,30,-0.001621419127442016
0.56,31,0.0018754402468612538
0.56,32,-0.0009498424164585093
0.56,33,-2.351584519834614e-5
0.56,34,-0.001664567784144836
0.56,35,0.0002955220471225397
0.56,36,-1.1218779080703918e-5
0.56,37,0.00035900933025683596
0.56,38,-0.0008114060105816726
0.56,39,0.00017044485277259154
0.56,40,2.0388369677682104e-5
0.56,41,0.0017750328936169543
0.56,42,0.0001271510681167837
0.56,43,9.12509141117636e-5
0.56,44,0.0007133308205699342
0.56,45,0.0008718450193166098
0.56,46,-1.1361130833261127e-5
0.56,47,7.62882547081407e-5
0.56,48,0.0001107315149998542
0.56,49,0.0005785458507436325
0.56,50,0.000606348788819787
0.56,51,-0.0004630996560568371
0.56,52,0.0009077810910409288
0.56,53,-0.0005873937786457477
0.56,54,0.00014430400880621706
0.56,55,0.0007052213053322262
0.56,56,0.0003253592160707481
0.56,57,-0.0010804449997620011
0.56,58,0.0004717600322814848
0.56,59,0.00014409867301879892
0.56,60,0.0014330324695581843
0.56,61,-0.0004601615084545171
0.56,62,-0.0009131944175132591
0.56,63,-0.0015212891582871636
0.56,64,-0.0002974615543865284
0.56,65,-0.0002526679228438214
0.56,66,-0.0005530626343710268
0.56,67,0.0002395271427204769
0.56,68,0.00015510445615764444
0.56,69,0.00016963202227757745
0.56,70,3.0690507610019365e-5
0.56,71,0.0004725799689948815
0.56,72,0.000480826348753112
0.56,73,-0.0016706524560769057
0.56,74,0.0022509699921081927
0.56,75,-0.0022723336373691077
0.56,76,0.00044887873640373134
0.56,77,-4.179062222164585e-5
0.56,78,-8.361510065880901e-5
0.56,79,0.0013143117709215682
0.56,80,0.001314174986043285
0.56,81,-0.0008392490350953276
0.56,82,-0.0013187058565896726
0.56,83,-0.0003117083148026148
0.56,84,0.0007532935155517011
0.56,85,0.0001994629553301139
0.56,86,-0.0022047468875646633
0.56,87,-0.0008081948347603363
0.56,88,0.0022868500421064928
0.56,89,-0.0002796240898734621
0.56,90,-0.00021907387135174547
0.56,91,-0.0014004741520757882
0.56,92,0.00038231543207003794
0.56,93,0.00024351929931284362
0.56,94,0.0017604875954432976
0.56,95,6.094661217958893e-6
0.56,96,0.002234268158157607
0.56,97,0.003840267143311475
0.56,98,0.003965854888375479
0.56,99,0.0037326876114636273
0.56,100,0.0023535827860300647
0.56,101,0.004272652454225833
0.56,102,0.004323539065737669
0.56,103,0.004260188502293464
0.56,104,-0.00017625396824657306
0.56,105,0.003420640367232907
0.56,106,-0.0017076925883427712
0.56,107,0.0019992536550407377
0.56,108,0.0016864129140065796
0.56,109,-0.0005274821633236628
0.56,110,-0.0008730665899546456
0.56,111,0.0017834202916529934
0.56,112,0.0009071120487544879
0.56,113,0.0010367378675449751
0.56,114,0.0002463315518712067
0.56,115,-0.00041081315065066967
0.56,116,0.0024707225910266316
0.56,117,-0.0002767812625284924
0.56,118,-0.0005958555969909023
0.56,119,-8.00999175323636e-5
0.56,120,-0.0014619403033182916
0.56,121,0.0018919737511710077
0.56,122,-0.0011649187469244644
0.56,123,0.0005233558283343973
0.56,124,-0.0003209118355414762
0.56,125,0.0006899946237619434
0.56,126,-0.0006290437118734889
0.56,127,-0.0006446020205365263
0.56,128,-0.0006396186548423842
0.56,129,4.7458816439641796e-5
0.56,130,-0.0012262036704228981
0.56,131,8.540887157895968e-6
0.56,132,-0.0008584319008704132
0.56,133,0.0010823387457680352
0.56,134,-0.0015318243169304695
0.56,135,0.0011637864683696972
0.56,136,0.0001478223657930662
0.56,137,0.0002490712046773975
0.56,138,0.0008667295566940474
0.56,139,0.0005914232834386658
0.56,140,0.0009496048785825576
0.56,141,-0.0005273765025830907
0.56,142,0.0003546237800115248
0.56,143,0.00020561949617054528
0.56,144,-0.0017610868219393267
0.56,145,-0.001779538536582399
0.56,146,-0.0019584826142963452
0.56,147,0.0008674754386549853
0.56,148,-0.0011399946229568164
0.56,149,0.0003421456336825511
0.56,150,-0.0009353239183457322
0.56,151,0.0014553842337910192
0.56,152,0.0011854553912720928
0.56,153,-8.563506632288526e-5
0.56,154,0.001620003231178955
0.56,155,2.0921093711193733e-6
0.56,156,0.0026141634345694716
0.56,157,0.0010041393063763687
0.56,158,0.002139007591985346
0.56,159,0.0004956685180746886
0.56,160,0.0007872019907256724
0.56,161,0.0026648674944870043
0.56,162,-0.00048460130064835406
0.56,163,0.0013564523174303855
0.56,164,0.0002911021403887837
0.56,165,-0.00015255713043095978
0.56,166,-0.0006244321052472064
0.56,167,-0.0006959338339778457
0.56,168,-0.0010374794715276787
0.56,169,0.0015133515240493222
0.56,170,-0.0016293443051435118
0.56,171,0.0019521639446731136
0.56,172,5.330170090941043e-5
0.56,173,-0.0007829140275084052
0.56,174,0.0016808397006977068
0.56,175,0.004220085404238439
0.56,176,0.00184380571246109
0.56,177,0.00023060675665922202
0.56,178,0.002952748691463827
0.56,179,0.001163630986536588
0.56,180,0.0027653582373876016
0.56,181,-0.00030631130596174447
0.56,182,-0.0016628299101533494
0.56,183,-0.000580866857529739
0.56,184,-0.0002157714734891439
0.56,185,0.00043126025271319015
0.56,186,0.0006765007052289513
0.56,187,0.0033172410020465407
0.56,188,0.008589481486099651
0.56,189,0.00045250018420288027
0.56,190,0.02923836798262114
0.56,191,-0.012114818557946296
0.56,192,0.7650542326602223
0.56,193,0.002002795905269997
0.56,194,0.0020985181470487874
0.56,195,-0.0006315516835488867
0.56,196,5.699772536928858e-5
0.56,197,0.0005032736706911487
0.56,198,0.0008065909992425718
0.57,intercept,0.005590089494344444
0.57,1,0.0007785812370763317
0.57,2,0.005301835032635271
0.57,3,-0.0004222657818289858
0.57,4,0.0017797472912258893
0.57,5,0.0016036058663580065
0.57,6,-0.002111975998186165
0.57,7,0.0036706596470071837
0.57,8,0.0014890278990213619
0.57,9,0.000882249674099586
0.57,10,0.0018125140337251116
0.57,11,-0.00024002067416555606
0.57,12,0.0023145409317641328
0.57,13,-0.0004358538787990509
0.57,14,-0.0007314879061972798
0.57,15,0.0009163083059616127
0.57,16,-0.001320858415119033
0.57,17,-0.00020776434363732518
0.57,18,-0.001490171229719818
0.57,19,-0.00016317601482242425
0.57,20,-0.0002767124273750402
0.57,21,-0.00029146750941564986
0.57,22,0.0005289129294651532
0.57,23,0.0003350858589148893
0.57,24,-0.00047010102023045707
0.57,25,-0.0006205987857420296
0.57,26,-0.0009970120214217463
0.57,27,-0.0004388936730279419
0.57,28,-0.00034312141538684905
0.57,29,-0.000205511636677176
0.57,30,-0.0013309703741518299
0.57,31,0.0016858843115682928
0.57,32,-0.00106438287453534
0.57,33,0.0003740094254906532
0.57,34,-0.0016537510238748827
0.57,35,0.0004561147947330124
0.57,36,-0.0002238922431516383
0.57,37,0.0005112753542763265
0.57,38,-0.0009153850933115871
0.57,39,0.00012232777429298873
0.57,40,-6.8759177514875e-5
0.57,41,0.0018581697925433424
0.57,42,0.00018129363530874811
0.57,43,6.525176478647634e-5
0.57,44,0.000575983033908733
0.57,45,0.0009300234317970669
0.57,46,-7.019096579275257e-5
0.57,47,4.735139515742013e-6
0.57,48,7.068278570591184e-5
0.57,49,0.0005067747590074488
0.57,50,0.0008805283078445887
0.57,51,-0.0006210268438868473
0.57,52,0.0007167212044774277
0.57,53,-0.00019844140225066867
0.57,54,-0.00011039925022280322
0.57,55,0.0006593184975214921
0.57,56,0.0003159046113928229
0.57,57,-0.0009816711580773391
0.57,58,0.00026527973657986903
0.57,59,0.0001201275368403421
0.57,60,0.0012464766543633086
0.57,61,-0.0001420221060395524
0.57,62,-0.000717027156902253
0.57,63,-0.0016152081739588937
0.57,64,-0.00042455482362610704
0.57,65,0.00020059107566075134
0.57,66,-0.0005192717669575309
0.57,67,7.912749706457294e-5
0.57,68,0.00026315746679822597
0.57,69,0.00011110444720601827
0.57,70,-1.2331098907286306e-6
0.57,71,0.0005744687227585988
0.57,72,0.0006851078998164498
0.57,73,-0.001965432700233163
0.57,74,0.002544149949892168
0.57,75,-0.0021538595156208344
0.57,76,0.00039815841348329303
0.57,77,-0.0004601705681377827
0.57,78,0.00034273472952063176
0.57,79,0.001234634345465961
0.57,80,0.0018149115040220383
0.57,81,-0.0011178923582818227
0.57,82,-0.0013805399569581205
0.57,83,-0.0002712325395053033
0.57,84,0.0009024040993129903
0.57,85,0.000457743538383264
0.57,86,-0.0021553448636712495
0.57,87,-0.0009388099602524984
0.57,88,0.002012305121314296
0.57,89,-0.0003453527516312899
0.57,90,-0.0006910103781000383
0.57,91,-0.001078682963072827
0.57,92,0.00033397803929952465
0.57,93,0.00026403643645636475
0.57,94,0.001124526072576032
0.57,95,0.00014222201216755362
0.57,96,0.0024316716726757053
0.57,97,0.0043259975145968285
0.57,98,0.004314883435470795
0.57,99,0.003910610098012564
0.57,100,0.0030323104314444837
0.57,101,0.003837984399904982
0.57,102,0.004094182775772294
0.57,103,0.004618195889093293
0.57,104,-0.0003085663586416503
0.57,105,0.0032663083468938417
0.57,106,-0.0017076869242485312
0.57,107,0.0018902615036416818
0.57,108,0.0017787219655548369
0.57,109,-0.00030195110534393833
0.57,110,-0.0010008192754619764
0.57,111,0.002327436736747752
0.57,112,0.0008024446334495139
0.57,113,0.0010957004538763432
0.57,114,0.0002774921765435382
0.57,115,-0.0003332825287547861
0.57,116,0.0027811132208947565
0.57,117,-0.0005217363545433662
0.57,118,-0.00043055910489174547
0.57,119,-0.0003188385342937317
0.57,120,-0.0014522842303282962
0.57,121,0.002041652032860651
0.57,122,-0.0010649032658016336
0.57,123,0.0006297480849015054
0.57,124,-0.00036120935813226205
0.57,125,0.0007590753883969288
0.57,126,-0.0006926092334739716
0.57,127,-0.000751986996352818
0.57,128,-0.0007211647475439682
0.57,129,7.877710302552193e-5
0.57,130,-0.0012151567920627262
0.57,131,-0.00021407562777115167
0.57,132,-0.0005877273008027255
0.57,133,0.0008951855171407274
0.57,134,-0.0013632372401877954
0.57,135,0.0009053315835182892
0.57,136,0.0002520383035772976
0.57,137,0.0002761959824396139
0.57,138,0.0007794979646289157
0.57,139,0.0007356825220227255
0.57,140,0.0007957432413128048
0.57,141,-0.00034896313078831425
0.57,142,0.0003259484333473596
0.57,143,-2.618329500127256e-5
0.57,144,-0.001521351175750262
0.57,145,-0.0017827442807763765
0.57,146,-0.0016444939887339132
0.57,147,0.0005482312787171728
0.57,148,-0.0011395360365513657
0.57,149,0.0003414962015848505
0.57,150,-0.0009005325570870155
0.57,151,0.0014852810223835067
0.57,152,0.0009167286667229064
0.57,153,5.326955783987015e-6
0.57,154,0.001212699458471936
0.57,155,4.212993606840647e-5
0.57,156,0.0023614452605175158
0.57,157,0.0010489637878807524
0.57,158,0.002097650969074483
0.57,159,0.00010099183473609887
0.57,160,0.0008050747726279506
0.57,161,0.0026929128415680023
0.57,162,-0.000458643052717595
0.57,163,0.0015661968625561536
0.57,164,5.236970818200634e-5
0.57,165,-0.00026394049019754136
0.57,166,-0.00048684779091710795
0.57,167,-0.0006309296829181842
0.57,168,-0.0011216971314738583
0.57,169,0.0014824405572527902
0.57,170,-0.001629028537127821
0.57,171,0.0016640727601335535
0.57,172,0.0002005447785608197
0.57,173,-0.0007461542985771806
0.57,174,0.0011099931217232893
0.57,175,0.0041641734837561
0.57,176,0.0022966360972662293
0.57,177,0.00015491014858532278
0.57,178,0.0033219700002337735
0.57,179,0.001030539034616448
0.57,180,0.003002155751185961
0.57,181,-0.0007308192636928532
0.57,182,-0.0012111848709351909
0.57,183,-0.0008139730138343834
0.57,184,-0.00029350164925279795
0.57,185,0.00018486944038684144
0.57,186,0.0007034888889091511
0.57,187,0.004001270573862865
0.57,188,0.008461129986359141
0.57,189,-0.0006194362025651596
0.57,190,0.02991956541006207
0.57,191,-0.012065258130790112
0.57,192,0.7749175556069463
0.57,193,0.0021429105013641416
0.57,194,0.0019781182590522333
0.57,195,-0.0006081307163168534
0.57,196,4.581315605853968e-5
0.57,197,0.0004905716056865603
0.57,198,0.000768157168576588
0.58,intercept,0.005203863293294551
0.58,1,0.0010732940474950995
0.58,2,0.004602419436614025
0.58,3,0.0006343912503788344
0.58,4,0.0012133950381230752
0.58,5,0.0017049908791727882
0.58,6,-0.0024450075032135875
0.58,7,0.0038905651820758183
0.58,8,0.0015487861957211926
0.58,9,0.0007877308376992032
0.58,10,0.001930248296666176
0.58,11,-4.3850933045624556e-5
0.58,12,0.002080807836692339
0.58,13,-0.000516361207438922
0.58,14,-0.0003947472127847107
0.58,15,0.0009755246926358731
0.58,16,-0.00132746038421129
0.58,17,-0.00020539254097871459
0.58,18,-0.0014669570438734412
0.58,19,-0.00015456737459262765
0.58,20,-8.792527309470878e-5
0.58,21,-0.00037682070294698994
0.58,22,0.0006514442528931129
0.58,23,3.468315606548431e-5
0.58,24,-0.00028995967873416534
0.58,25,-0.0005690473206876857
0.58,26,-0.0008293299805841159
0.58,27,-0.00044804828808401876
0.58,28,-0.0001918129286237464
0.58,29,-0.000400661564457334
0.58,30,-0.0009884551848859523
0.58,31,0.0013483945579419476
0.58,32,-0.0005879668992669225
0.58,33,6.278309742914488e-5
0.58,34,-0.0012512820948449004
0.58,35,0.00015158381961416994
0.58,36,-3.901988117840186e-5
0.58,37,0.00048649218159789226
0.58,38,-0.0007935678802338025
0.58,39,8.279196362814829e-5
0.58,40,-0.00011848759236459526
0.58,41,0.0018534365825060358
0.58,42,0.00028131059504108216
0.58,43,-0.00012146385754495055
0.58,44,0.0006206597631720745
0.58,45,0.0008161029902461065
0.58,46,-0.00011091239137507048
0.58,47,-0.0001978873015620344
0.58,48,0.00035610680450729197
0.58,49,0.0002561851021662214
0.58,50,0.0009351201931459247
0.58,51,-0.0005611828916729488
0.58,52,0.0007817854126949136
0.58,53,-0.0003762356827209136
0.58,54,0.00016565085828002676
0.58,55,0.0004375596522059361
0.58,56,0.0003103981923204065
0.58,57,-0.0008088571324207323
0.58,58,6.270761498461477e-5
0.58,59,0.00014323819121589627
0.58,60,0.001177567373322648
0.58,61,-0.00010403376005204715
0.58,62,-0.0006752937805952392
0.58,63,-0.0016232358250594101
0.58,64,-0.0006402793721073215
0.58,65,0.00041084481400487
0.58,66,-0.0008108498748062923
0.58,67,0.0004306853460427329
0.58,68,0.0004580990442558657
0.58,69,-8.603943320467478e-5
0.58,70,-0.00017023957320223577
0.58,71,0.0004904959319625707
0.58,72,0.0008237325476686257
0.58,73,-0.002006323617545398
0.58,74,0.0027381556390003218
0.58,75,-0.003042310905038371
0.58,76,0.0011837760487655815
0.58,77,-0.0006148383157366148
0.58,78,0.00035476744135140516
0.58,79,0.0008439811345356371
0.58,80,0.0018676351870427863
0.58,81,-0.0011207982471811177
0.58,82,-0.0012341152329361045
0.58,83,-0.0004053036883758592
0.58,84,0.001102700415045257
0.58,85,0.0005340565103638903
0.58,86,-0.0017405155116842425
0.58,87,-0.0009575695852995429
0.58,88,0.0019280268353405391
0.58,89,-0.0003990232472235981
0.58,90,-0.0008314238206436723
0.58,91,-0.0012035898379187198
0.58,92,0.0008538173457024091
0.58,93,0.00014869999224289198
0.58,94,0.001205286316625389
0.58,95,8.954304360366323e-5
0.58,96,0.0027448812829162852
0.58,97,0.0043605519112675855
0.58,98,0.00505752712334282
0.58,99,0.0034727227622562357
0.58,100,0.003045252152179381
0.58,101,0.004357379934560983
0.58,102,0.004090967384031272
0.58,103,0.00513888730395174
0.58,104,-0.0007853760044620402
0.58,105,0.0031639399039258445
0.58,106,-0.0014330470515562697
0.58,107,0.0016815010072239232
0.58,108,0.0020362943263871106
0.58,109,0.00015980249027659744
0.58,110,-0.0012384096865669936
0.58,111,0.0022082570107505696
0.58,112,0.0005831200795714819
0.58,113,0.0008699262361483644
0.58,114,0.0005830256065024583
0.58,115,-0.00037072110996629574
0.58,116,0.0026946280907541283
0.58,117,-0.0006451102960039516
0.58,118,-0.000498771402860589
0.58,119,-0.0004315014392310414
0.58,120,-0.0013597507935626657
0.58,121,0.0019272179930024864
0.58,122,-0.0010240889948523815
0.58,123,0.0008259288497747997
0.58,124,-0.0005226792012485438
0.58,125,0.0007994723444157814
0.58,126,-0.0007273006287479267
0.58,127,-0.0007234093105638951
0.58,128,-0.0006918458022521219
0.58,129,0.0002573783608424167
0.58,130,-0.0012021694771820167
0.58,131,-0.00011953789506925126
0.58,132,-0.0007349646809725073
0.58,133,0.0010129716353972675
0.58,134,-0.0015583307537027676
0.58,135,0.0008856172114059152
0.58,136,0.00026267350202116
0.58,137,0.0005216892179980551
0.58,138,0.0006400595186607934
0.58,139,0.0005241647783309288
0.58,140,0.0006629652923777345
0.58,141,-0.0003163244088428003
0.58,142,4.332636107316236e-6
0.58,143,-1.1939175880910194e-6
0.58,144,-0.001421639344063169
0.58,145,-0.0014866288274381523
0.58,146,-0.0017351466568130962
0.58,147,0.0008134748428152333
0.58,148,-0.0013617363414798063
0.58,149,0.000388096067110887
0.58,150,-0.0010978728367571227
0.58,151,0.0016328597666307838
0.58,152,0.0009003054711907686
0.58,153,-1.4745993231078979e-5
0.58,154,0.000964598837811249
0.58,155,0.00018174670031066307
0.58,156,0.0022585255644357897
0.58,157,0.0008863978693827453
0.58,158,0.0023152712821483414
0.58,159,-7.77249644989384e-5
0.58,160,0.0005117859936174131
0.58,161,0.0025843727748146614
0.58,162,-0.0002508202755147103
0.58,163,0.0013662452714896668
0.58,164,0.0004116508189000032
0.58,165,-0.0005712190347198296
0.58,166,-0.00014538970552095145
0.58,167,-0.0010978157950465085
0.58,168,-0.0007892009125937487
0.58,169,0.0015111920486202916
0.58,170,-0.0017142814654178703
0.58,171,0.0014260520677185455
0.58,172,0.0007172716927655335
0.58,173,-0.00034958212618783923
0.58,174,0.0008949944212143765
0.58,175,0.004145845471752022
0.58,176,0.0026183561163185915
0.58,177,-0.0003813547211860789
0.58,178,0.004190564272207315
0.58,179,0.0006757822455350123
0.58,180,0.002890097548921665
0.58,181,-0.00020956585233271397
0.58,182,-0.0013209469536636233
0.58,183,-0.0011645333614901316
0.58,184,-4.0510570075983385e-5
0.58,185,0.00028446728783836875
0.58,186,0.00046063512756380895
0.58,187,0.0033325798453423426
0.58,188,0.009020375793430586
0.58,189,-0.0006091264638008087
0.58,190,0.03107331169135463
0.58,191,-0.012357282588422492
0.58,192,0.7817635117529015
0.58,193,0.0025260268005971053
0.58,194,0.0017222348455127492
0.58,195,-0.0005882822446367062
0.58,196,2.5710007145474668e-5
0.58,197,0.000478590079349305
0.58,198,0.0007348688812883945
0.59,intercept,0.004790449871461125
0.59,1,0.0015866127410965067
0.59,2,0.0040411858758575
0.59,3,0.0013807802829305655
0.59,4,0.0013139813050304858
0.59,5,0.001491735815100721
0.59,6,-0.0024917180022907795
0.59,7,0.003873500124294842
0.59,8,0.0019508905246689045
0.59,9,0.0008035625161266836
0.59,10,0.0018636022404821772
0.59,11,1.0020722790485894e-6
0.59,12,0.0019089252707701694
0.59,13,-0.0006168516293345646
0.59,14,6.866956828814738e-5
0.59,15,0.0008893663422052853
0.59,16,-0.0014587373073037739
0.59,17,0.00024948614165315686
0.59,18,-0.0015167856997177413
0.59,19,3.8453038689013594e-5
0.59,20,-0.0005094348810035313
0.59,21,-0.00011837301547743495
0.59,22,0.0003740550438847791
0.59,23,-6.60954131983414e-5
0.59,24,-0.0001710124114742941
0.59,25,-0.00075096404659524
0.59,26,-0.0005129949765328031
0.59,27,-0.0006381981235887888
0.59,28,-3.81906263085946e-5
0.59,29,-0.0005338066267586787
0.59,30,-0.0007575329648871066
0.59,31,0.0011581097159060762
0.59,32,-0.0005281914136091232
0.59,33,-6.116403310888168e-5
0.59,34,-0.0012662741533322032
0.59,35,0.00032145929574579684
0.59,36,-9.01025766803571e-5
0.59,37,0.0005130324188363012
0.59,38,-0.0007492859487156107
0.59,39,-0.00010473000603385975
0.59,40,0.00019860104079402535
0.59,41,0.0015737703705657705
0.59,42,0.00029602709415432326
0.59,43,-0.0001728688191933965
0.59,44,0.0006797166766657654
0.59,45,0.0007189210357943285
0.59,46,-0.00025997099619407986
0.59,47,4.5787381080285716e-5
0.59,48,0.0003022823382179424
0.59,49,0.0003885880239738989
0.59,50,0.000632791510131917
0.59,51,-0.0005178847789263944
0.59,52,0.0008706200169324186
0.59,53,-0.00024710791447488307
0.59,54,0.00016359959806677504
0.59,55,0.0003626813449535415
0.59,56,0.0001503174729992082
0.59,57,-0.001015420861891529
0.59,58,-8.16238336457629e-5
0.59,59,0.00010760094907536199
0.59,60,0.001116895045399468
0.59,61,-0.0003365166195275582
0.59,62,-0.0004236630880675041
0.59,63,-0.0017336615090810823
0.59,64,-0.00018646421335962663
0.59,65,0.00018535439314743094
0.59,66,-0.0010800327628596297
0.59,67,0.0005570286524523636
0.59,68,0.0001321894203226722
0.59,69,-0.00013325411692753227
0.59,70,2.408430215132587e-5
0.59,71,0.0005810902772079039
0.59,72,0.0005442080528288349
0.59,73,-0.001681557089322627
0.59,74,0.0023946691327091174
0.59,75,-0.002758731892905748
0.59,76,0.0017011188419886135
0.59,77,-0.0008908885958362334
0.59,78,0.0007059527043306835
0.59,79,0.0006174487926831503
0.59,80,0.0017219799983166442
0.59,81,-0.0014118220993666144
0.59,82,-0.0007784762352070035
0.59,83,-0.0006431612785648526
0.59,84,0.0011920371513251594
0.59,85,0.0007011675291986971
0.59,86,-0.0018242977293023307
0.59,87,-0.0009880717170347708
0.59,88,0.0019856121543363825
0.59,89,-0.00016194360685596552
0.59,90,-0.0009179139174430531
0.59,91,-0.0012178440987994953
0.59,92,0.0003738658690719605
0.59,93,0.00014145791939226054
0.59,94,0.0009958419581676263
0.59,95,0.000748079443325935
0.59,96,0.002640276627435867
0.59,97,0.004913574147721494
0.59,98,0.005082576200258816
0.59,99,0.0035425462490745094
0.59,100,0.00309800442003995
0.59,101,0.0048864070511240405
0.59,102,0.0037733418232493154
0.59,103,0.005144066446660196
0.59,104,-0.0010334397030615156
0.59,105,0.0037603963436751682
0.59,106,-0.0014586034586984932
0.59,107,0.0018966064771696988
0.59,108,0.0019890094900148433
0.59,109,1.4028581010348103e-5
0.59,110,-0.0008991457574204438
0.59,111,0.0021198961655420055
0.59,112,0.00030631299947229864
0.59,113,0.0012029025056788875
0.59,114,0.00025923070490399525
0.59,115,-0.0003796239049337008
0.59,116,0.0028436685031082744
0.59,117,-0.0005715715381020861
0.59,118,-0.0005579634467009181
0.59,119,-0.0005814484766003839
0.59,120,-0.0008799733577569934
0.59,121,0.0015663288098103792
0.59,122,-0.0008852668372394696
0.59,123,0.0006901379014128535
0.59,124,-0.0005022041996947135
0.59,125,0.0007966870835927936
0.59,126,-0.0008060403067701321
0.59,127,-0.0003760711763751995
0.59,128,-0.00041601254445528533
0.59,129,8.820867181889776e-5
0.59,130,-0.0011282174409671581
0.59,131,-0.00029303955695445726
0.59,132,-0.0007078611506548087
0.59,133,0.000619334426948987
0.59,134,-0.0012410155487657928
0.59,135,0.0008332476869950986
0.59,136,0.00023445252152760776
0.59,137,0.00046072272827212327
0.59,138,0.0007063830342697846
0.59,139,0.000764192620546191
0.59,140,0.00045324669878766876
0.59,141,-0.0003204602525554108
0.59,142,-1.2079894084892508e-7
0.59,143,0.00017798766509686154
0.59,144,-0.0011560409164221856
0.59,145,-0.0013084631296442922
0.59,146,-0.001732293520841608
0.59,147,0.0009722292602917091
0.59,148,-0.0012679381657919875
0.59,149,0.0002688799442181742
0.59,150,-0.0010709527117169194
0.59,151,0.0015791288202443275
0.59,152,0.0008632109100103882
0.59,153,-8.472708792232291e-5
0.59,154,0.001000191716013469
0.59,155,0.0001418977669078013
0.59,156,0.002388419551148042
0.59,157,0.00047015832665851435
0.59,158,0.0023329771306054084
0.59,159,-0.0005030662577079387
0.59,160,0.001067214231820496
0.59,161,0.002540684271399936
0.59,162,-0.00042907268474661197
0.59,163,0.001113535345218137
0.59,164,0.0007343949380130256
0.59,165,-0.0008503711606889884
0.59,166,0.0001669859852473953
0.59,167,-0.0010459246273401093
0.59,168,-0.0007631449901113965
0.59,169,0.000977131288765952
0.59,170,-0.002060835758249807
0.59,171,0.0017425984822715334
0.59,172,0.0002649249583092827
0.59,173,-0.00042652895206137355
0.59,174,0.0006688225072543819
0.59,175,0.004830201851769417
0.59,176,0.0025676825174723423
0.59,177,-0.0003237398699642915
0.59,178,0.004230452201041475
0.59,179,0.0004806635681355589
0.59,180,0.002910434919304657
0.59,181,-0.00012917182356389105
0.59,182,-0.0015946450084151414
0.59,183,-0.0006323029729347725
0.59,184,0.00025338722403074013
0.59,185,0.0006321796180149087
0.59,186,0.0001275330450849754
0.59,187,0.003144130488423865
0.59,188,0.008734066878818383
0.59,189,-0.0001338295626128449
0.59,190,0.030850003475477904
0.59,191,-0.012914326889077862
0.59,192,0.7911910087146681
0.59,193,0.002177170837743242
0.59,194,0.0016830411400024915
0.59,195,-0.000576744378907275
0.59,196,2.440370035807117e-5
0.59,197,0.00046972009926089797
0.59,198,0.0007058470804909558
0.6,intercept,0.004209187555660352
0.6,1,0.001673557186513198
0.6,2,0.0039030789457005664
0.6,3,0.0016755089207862442
0.6,4,0.0011391986982198805
0.6,5,0.001532309034917215
0.6,6,-0.0026694860717614093
0.6,7,0.004426364851372673
0.6,8,0.0018536070030264178
0.6,9,0.0005566892720661398
0.6,10,0.001536526482563496
0.6,11,0.00012074590357425423
0.6,12,0.0014874545481854695
0.6,13,-0.000510653417219418
0.6,14,0.0002085593115209231
0.6,15,0.0011521122337302063
0.6,16,-0.0017343343083957474
0.6,17,0.0007514304591604085
0.6,18,-0.0014113671355037271
0.6,19,8.003949220457167e-5
0.6,20,-0.000510134979614712
0.6,21,-0.00011596116505248939
0.6,22,0.00011915367464509576
0.6,23,0.00012095186400997496
0.6,24,-0.00021341330543657777
0.6,25,-0.0006785576465093428
0.6,26,-0.0006316472050061275
0.6,27,-0.00041289078874316503
0.6,28,-0.00022519082417259882
0.6,29,-0.0002103129562238546
0.6,30,-0.0006535124972625955
0.6,31,0.00105085925252656
0.6,32,-0.0005644596658475106
0.6,33,4.981877937742203e-6
0.6,34,-0.0009675075918174934
0.6,35,0.00032757173699200445
0.6,36,-0.0002741682913509463
0.6,37,0.0007866269676510372
0.6,38,-0.0006764381013613606
0.6,39,-0.00019728565619778562
0.6,40,-0.00010497432570118032
0.6,41,0.0017319658963293259
0.6,42,3.3775083963754184e-5
0.6,43,-0.00011820107954861886
0.6,44,0.0006191442736348709
0.6,45,0.0004921563100998911
0.6,46,-0.00012672260513046878
0.6,47,8.766899534845042e-5
0.6,48,0.0004079586736147507
0.6,49,4.561480469435237e-5
0.6,50,0.0008404667512674203
0.6,51,-0.0005764313502340429
0.6,52,0.0009017805556921081
0.6,53,-0.00015942246811022622
0.6,54,0.00018040719656180432
0.6,55,0.0003930963426024611
0.6,56,-9.081160172091113e-5
0.6,57,-0.0010879132170417908
0.6,58,2.909366746157602e-5
0.6,59,-0.00014866614689549467
0.6,60,0.0009298690737791751
0.6,61,-0.0003075166602624238
0.6,62,-0.0005924613868723193
0.6,63,-0.0017024107499575382
0.6,64,-0.00021689344257359375
0.6,65,0.0002103990174425041
0.6,66,-0.0011743596891298212
0.6,67,0.0005320568095936461
0.6,68,2.6478104481529077e-5
0.6,69,-0.0003104563300665325
0.6,70,0.0001438289343976264
0.6,71,0.0006036498368572175
0.6,72,0.00025400182350050255
0.6,73,-0.0015325574569966737
0.6,74,0.002296029754068537
0.6,75,-0.002677421220153904
0.6,76,0.0017961679127975277
0.6,77,-0.0009271277328690318
0.6,78,0.0010596267330362915
0.6,79,0.00040110773780138167
0.6,80,0.0016824683455624748
0.6,81,-0.001388089014983753
0.6,82,-0.0010795297158239354
0.6,83,-0.0005256066733266452
0.6,84,0.0011839935695678466
0.6,85,0.0013631525305503667
0.6,86,-0.0020927539134575125
0.6,87,-0.0010399041247983907
0.6,88,0.0016994787831443746
0.6,89,-0.0002249217708060495
0.6,90,-0.0012798312824838015
0.6,91,-0.0011086638407613535
0.6,92,0.000438618455185463
0.6,93,0.0002453691432322054
0.6,94,0.0008948745263179786
0.6,95,0.0008469217438855736
0.6,96,0.0028944589131353654
0.6,97,0.004640549646237025
0.6,98,0.0047238850792706046
0.6,99,0.004633965519127291
0.6,100,0.0035141355336207655
0.6,101,0.004629045800606978
0.6,102,0.004016212907796927
0.6,103,0.005472548198166636
0.6,104,-0.0008781162340479265
0.6,105,0.0038735340018769488
0.6,106,-0.0012926553019014628
0.6,107,0.0018111625829976387
0.6,108,0.0018953565382589658
0.6,109,-0.0002666742030530055
0.6,110,-0.0009908526450141406
0.6,111,0.0019468512014003355
0.6,112,0.0004556592913390581
0.6,113,0.0013410729999038503
0.6,114,0.0007076304612352336
0.6,115,-0.0006870755513105337
0.6,116,0.0030326585829994995
0.6,117,-0.0007903650810486739
0.6,118,-0.0005374960556384802
0.6,119,-0.000511016719089596
0.6,120,-0.0009585910914738503
0.6,121,0.0014635039846035095
0.6,122,-0.0008104789715029111
0.6,123,0.0007083361243109899
0.6,124,-0.00039527868902000126
0.6,125,0.0007527509085644592
0.6,126,-0.0007244157023867288
0.6,127,-0.0004448455037890342
0.6,128,-0.0005150123678908787
0.6,129,0.0003545093032625159
0.6,130,-0.0012894976435228397
0.6,131,-2.1193633173775975e-5
0.6,132,-0.0008491336101759074
0.6,133,0.0008016300598302554
0.6,134,-0.0012581206709964693
0.6,135,0.0009442924922789935
0.6,136,4.567022649893123e-5
0.6,137,0.0007067071794651436
0.6,138,0.0006715941605122831
0.6,139,0.000707392211443005
0.6,140,0.00036429753541097383
0.6,141,-6.142299435515911e-5
0.6,142,-0.00014947517376325375
0.6,143,0.00022612030506772538
0.6,144,-0.0008827360789031783
0.6,145,-0.0012254357519077329
0.6,146,-0.0017225383289101333
0.6,147,0.0007799956277912082
0.6,148,-0.0008907419637840472
0.6,149,0.00025568429919614307
0.6,150,-0.0010019510240117692
0.6,151,0.0012599098376377164
0.6,152,0.0008917290591070404
0.6,153,-0.000351858574066958
0.6,154,0.0010862934299914067
0.6,155,0.000209068907792899
0.6,156,0.002004775223121828
0.6,157,0.00015075109165072642
0.6,158,0.002239977019784019
0.6,159,-0.0004413561377554989
0.6,160,0.00072722168566301
0.6,161,0.0024812801657193772
0.6,162,-0.0001869385015724489
0.6,163,0.0007383960183161975
0.6,164,0.0005716926160255732
0.6,165,-0.0009320668187847962
0.6,166,0.00022376227905063825
0.6,167,-0.0007156596116885958
0.6,168,-0.0007615243062626921
0.6,169,0.0010905881507401523
0.6,170,-0.0018580180234719923
0.6,171,0.0011324891916753002
0.6,172,0.0012916368615308756
0.6,173,-0.0006666008649989401
0.6,174,0.00013192729869462155
0.6,175,0.005846346553943632
0.6,176,0.0024171197852812403
0.6,177,-0.00041499161373851273
0.6,178,0.0040020420589176155
0.6,179,0.0007424443319161319
0.6,180,0.0028865734409427466
0.6,181,0.00032571136135441916
0.6,182,-0.0016440063011283043
0.6,183,-0.0006647294335805047
0.6,184,-0.000173542202444917
0.6,185,0.0008777049394245571
0.6,186,-0.00022514499567786666
0.6,187,0.00377344893868974
0.6,188,0.008342827301977569
0.6,189,-0.0009926586134503615
0.6,190,0.03167733051541616
0.6,191,-0.011716802135100223
0.6,192,0.8024923748311515
0.6,193,0.002558511875729113
0.6,194,0.00153040211308147
0.6,195,-0.0005409354369265918
0.6,196,1.490342257567309e-5
0.6,197,0.00043817233211118373
0.6,198,0.0006589564602984414
0.61,intercept,0.0038918263403791187
0.61,1,0.0015785699081788036
0.61,2,0.004897975901609687
0.61,3,0.0015463166908617754
0.61,4,0.001649923174244871
0.61,5,0.0009415768365679184
0.61,6,-0.0019221917630915732
0.61,7,0.004680829145029917
0.61,8,0.002210818711356937
0.61,9,-5.6049058245575075e-5
0.61,10,0.002041616497128765
0.61,11,-2.230940644041227e-5
0.61,12,0.0015695375811850998
0.61,13,-0.0008087440108482538
0.61,14,0.0004175717088416128
0.61,15,0.0010659386598441713
0.61,16,-0.0017073578365395011
0.61,17,0.0009835859519692573
0.61,18,-0.0014874566915686325
0.61,19,0.00027538804749066776
0.61,20,-0.00023163963919241938
0.61,21,-0.00021961775594710363
0.61,22,9.274849233824011e-5
0.61,23,5.6243336533883155e-5
0.61,24,-8.621210452380058e-5
0.61,25,-0.0006503499084339223
0.61,26,-0.000762874297790123
0.61,27,-0.0005150738848391963
0.61,28,-2.5830432637839337e-5
0.61,29,-0.0001962727533621055
0.61,30,-0.0007331793060986791
0.61,31,0.0010210605226155548
0.61,32,-0.0007355403425339448
0.61,33,0.00022193352528802603
0.61,34,-0.0009580108043290781
0.61,35,0.00033332807371015796
0.61,36,-0.0003325544570939152
0.61,37,0.0008468998629084361
0.61,38,-0.0006177883519725548
0.61,39,-0.0003118004223106112
0.61,40,0.00011733131878855011
0.61,41,0.0014034070153430742
0.61,42,0.0001811826751186759
0.61,43,-0.00010602384537234856
0.61,44,0.0006049653053791943
0.61,45,0.00023580771675035545
0.61,46,-4.9240832460292414e-5
0.61,47,0.00021863609757656277
0.61,48,0.00038847264304413856
0.61,49,0.00015697629412776188
0.61,50,0.0005511473127990463
0.61,51,-0.00031589609284565133
0.61,52,0.0006388276005204662
0.61,53,-0.0001905601954939997
0.61,54,-1.2262990774274437e-6
0.61,55,0.0005495680357754747
0.61,56,-0.00013981696786385272
0.61,57,-0.0011433162066167872
0.61,58,-3.398017323662449e-5
0.61,59,-0.0001465160888925227
0.61,60,0.0012498814856759717
0.61,61,-0.0005189319534485564
0.61,62,-0.0003929033919633249
0.61,63,-0.0020811427389506075
0.61,64,-6.666557881227352e-7
0.61,65,4.764426282701975e-5
0.61,66,-0.0009677120350480334
0.61,67,0.0002377284945929967
0.61,68,0.00043664907238731657
0.61,69,-0.0004489224649433486
0.61,70,0.00026231741965356095
0.61,71,0.00022542063508088902
0.61,72,0.0002694612917656889
0.61,73,-0.0014139354234614548
0.61,74,0.002405177902932301
0.61,75,-0.0027888058004373033
0.61,76,0.0015368044216158944
0.61,77,-0.0006159939195726474
0.61,78,0.001054979193952953
0.61,79,0.0007529668690450851
0.61,80,0.001832903148358551
0.61,81,-0.0018238307871900625
0.61,82,-0.0012551595740921452
0.61,83,-0.00034004401800264366
0.61,84,0.00129383158284327
0.61,85,0.0013024072435751867
0.61,86,-0.002210249388351233
0.61,87,-0.000969772434790455
0.61,88,0.0022258058648869606
0.61,89,-0.000471909551064644
0.61,90,-0.0013234191798948702
0.61,91,-0.0013444820403254107
0.61,92,0.000909468811834509
0.61,93,-0.000123536751541266
0.61,94,0.0006820897446661036
0.61,95,0.0009592266494296362
0.61,96,0.0022671887056163313
0.61,97,0.005871922856076802
0.61,98,0.004564728255498643
0.61,99,0.004826517942153725
0.61,100,0.003659080197613087
0.61,101,0.004573684368286259
0.61,102,0.004659234406653115
0.61,103,0.005313450004187471
0.61,104,-0.0013811944043199645
0.61,105,0.004119395254837882
0.61,106,-0.001163391064013234
0.61,107,0.0018112290725859192
0.61,108,0.0018585978207456516
0.61,109,-0.00030682332787159756
0.61,110,-0.0010924723550467062
0.61,111,0.0022103320410814522
0.61,112,0.0009166725417289863
0.61,113,0.001140774282984135
0.61,114,0.000782848774123849
0.61,115,-0.0006466234024960074
0.61,116,0.002904292702520748
0.61,117,-0.0008711129213709393
0.61,118,-0.00010837466482844715
0.61,119,-0.0005444042763292413
0.61,120,-0.0007908897297657818
0.61,121,0.0013935757403053324
0.61,122,-0.0007448353690123463
0.61,123,0.0006102286960798408
0.61,124,-0.000327778438761559
0.61,125,0.0008042932153794689
0.61,126,-0.000536168026120061
0.61,127,-0.00045612196651721905
0.61,128,-0.000543164182958421
0.61,129,0.0004080583588798812
0.61,130,-0.001239774372749733
0.61,131,-0.00018621875041172764
0.61,132,-0.000830397823596574
0.61,133,0.000619272584467081
0.61,134,-0.0012297696367872671
0.61,135,0.0011389494609532417
0.61,136,0.0001749090783672216
0.61,137,0.0004560789352115002
0.61,138,0.0004167768621475976
0.61,139,0.0006525145370310276
0.61,140,0.0004586027051995163
0.61,141,7.910353869947615e-5
0.61,142,-0.00023515788390025998
0.61,143,0.00034453123892670966
0.61,144,-0.0011243089164385278
0.61,145,-0.001202943076037345
0.61,146,-0.0013471429106469506
0.61,147,0.0005110453726843307
0.61,148,-0.0007332270651859215
0.61,149,0.00020863908999905939
0.61,150,-0.0010699963665186446
0.61,151,0.0012607783247693743
0.61,152,0.0008844199886336528
0.61,153,-1.9831625322001777e-5
0.61,154,0.0007364454912878283
0.61,155,0.00017182418262228047
0.61,156,0.002374761201175362
0.61,157,-2.4736326101449367e-5
0.61,158,0.001887247444366491
0.61,159,-0.00047072909368288076
0.61,160,0.0009941242762878594
0.61,161,0.00238467961401593
0.61,162,-0.0003017081082385805
0.61,163,0.0006743609422705889
0.61,164,0.0007248332256343117
0.61,165,-0.0011859749931486824
0.61,166,0.00030347508280711613
0.61,167,-0.000643758269420037
0.61,168,-0.0010572486508109663
0.61,169,0.0012179653732497045
0.61,170,-0.0018827852961826354
0.61,171,0.0016349346994905755
0.61,172,0.0012602822120207457
0.61,173,-0.0007003902441932136
0.61,174,0.0003424376751121158
0.61,175,0.0057743492076471415
0.61,176,0.0022468460354428585
0.61,177,-0.00019235828936324303
0.61,178,0.004079904952219309
0.61,179,0.0004937912392264445
0.61,180,0.002850935571228144
0.61,181,0.0004973404362703983
0.61,182,-0.0018988505118581254
0.61,183,-0.00030513947327499846
0.61,184,8.739021490109466e-5
0.61,185,0.0009415810549314976
0.61,186,-0.0006892429636644833
0.61,187,0.003876112020899957
0.61,188,0.007821385395910128
0.61,189,0.0004174420597240765
0.61,190,0.03230873733675532
0.61,191,-0.012137580305401033
0.61,192,0.8057805140190749
0.61,193,0.0026556524457195365
0.61,194,0.0013602831577382891
0.61,195,-0.0005503137541333816
0.61,196,1.5225396919949443e-6
0.61,197,0.00042558289830496544
0.61,198,0.0006398968522058472
0.62,intercept,0.0035822522552010076
0.62,1,0.0015296889349042887
0.62,2,0.005076632497797341
0.62,3,0.0011838440766214528
0.62,4,0.0016376616614506147
0.62,5,0.001675597438004337
0.62,6,-0.0023454997840071288
0.62,7,0.005556704044504805
0.62,8,0.0019906259881284556
0.62,9,9.406687042498853e-5
0.62,10,0.002137039105860025
0.62,11,-0.00026288832817683447
0.62,12,0.001727788595381531
0.62,13,-0.0009058596724027699
0.62,14,0.0005477991319909964
0.62,15,0.0011194884228290574
0.62,16,-0.0018421054719132176
0.62,17,0.0012403574418934494
0.62,18,-0.0013540275456568216
0.62,19,0.0001679942743569489
0.62,20,-4.9280789955658025e-5
0.62,21,-0.00047207327942825006
0.62,22,0.00012736039952451598
0.62,23,0.00018195756703051153
0.62,24,2.0983093065854016e-5
0.62,25,-0.0009255309225163559
0.62,26,-0.0005650043426652171
0.62,27,-0.00047255656755909787
0.62,28,-3.655944454280974e-5
0.62,29,-0.00026603614971706
0.62,30,-0.0008393650497228252
0.62,31,0.0010742411079242926
0.62,32,-0.0005830665209677967
0.62,33,8.418192293752617e-6
0.62,34,-0.0005567515043454294
0.62,35,0.0002835055227340829
0.62,36,-0.0004037831337632251
0.62,37,0.0007045369065321525
0.62,38,-0.0004098888299982077
0.62,39,-0.00047599159174194526
0.62,40,0.00020266311451355265
0.62,41,0.0013411317484654346
0.62,42,0.00027318459562078283
0.62,43,-0.0004219915787062763
0.62,44,0.0005817786527170752
0.62,45,0.0003234477897806303
0.62,46,-8.705388241157305e-5
0.62,47,0.0001377131901933864
0.62,48,0.0005315737056481522
0.62,49,-3.795728735754603e-5
0.62,50,0.0007412525083463624
0.62,51,-0.00036573985044823296
0.62,52,0.0006185678514767558
0.62,53,-0.0003123795148403606
0.62,54,-9.97938738650943e-6
0.62,55,0.0005340737679253053
0.62,56,-0.00018217286431836534
0.62,57,-0.001016399083166381
0.62,58,-0.00012571228599582502
0.62,59,5.4532982504123e-5
0.62,60,0.001228100472129571
0.62,61,-0.0007065343112423147
0.62,62,-0.00039924129105290004
0.62,63,-0.0021192129815121603
0.62,64,0.00040823129595020456
0.62,65,-0.0005044239256172954
0.62,66,-0.0006622356002720249
0.62,67,8.36821077334045e-5
0.62,68,0.00043373746831538393
0.62,69,-0.00016908580977945288
0.62,70,4.582232734470049e-5
0.62,71,9.90529748057424e-5
0.62,72,0.00044266432630736525
0.62,73,-0.0012297702070356153
0.62,74,0.002386908981104235
0.62,75,-0.0029614448135912934
0.62,76,0.0013036008051082926
0.62,77,-0.000599172380282907
0.62,78,0.0013605289493328425
0.62,79,0.0007787582585771263
0.62,80,0.0015752796973857403
0.62,81,-0.001968948021983004
0.62,82,-0.0009919590796762154
0.62,83,-0.0006487686983933292
0.62,84,0.0018582736199415637
0.62,85,0.0009761736846479231
0.62,86,-0.0020909720384057868
0.62,87,-0.0008069843356601936
0.62,88,0.0019531231050133944
0.62,89,-0.00036669819483587724
0.62,90,-0.0013235166344130443
0.62,91,-0.0013398813941808085
0.62,92,0.0005963245757385246
0.62,93,-0.00038237152339471597
0.62,94,0.0010912076090482277
0.62,95,0.0007700033849210798
0.62,96,0.0021406572663578596
0.62,97,0.005151164349254729
0.62,98,0.005489633457988806
0.62,99,0.004784339882892817
0.62,100,0.0032624384851428923
0.62,101,0.005427604685799127
0.62,102,0.0038342980988399387
0.62,103,0.005828348852170177
0.62,104,-0.0014129135057150898
0.62,105,0.004028249330165023
0.62,106,-0.001128624448015772
0.62,107,0.0016756873274092782
0.62,108,0.001977034784289526
0.62,109,-0.00016845544288692706
0.62,110,-0.0010734673684898134
0.62,111,0.0021468148073186606
0.62,112,0.001038942225405905
0.62,113,0.000983732913674702
0.62,114,0.0009150871590816215
0.62,115,-0.000209753273377439
0.62,116,0.00254622140228747
0.62,117,-0.0008016630734119947
0.62,118,-0.0002037958622353889
0.62,119,-0.00033004973177647157
0.62,120,-0.0010061040055212144
0.62,121,0.0015596026141709454
0.62,122,-0.0007091170084785936
0.62,123,0.0006330788763827349
0.62,124,-0.0003874275383203379
0.62,125,0.0008529725106144016
0.62,126,-0.0006688066998866206
0.62,127,-0.0004954425575874907
0.62,128,-0.0004597300796720591
0.62,129,0.00038651614429687284
0.62,130,-0.001186608752393724
0.62,131,-0.00023016821624121484
0.62,132,-0.000753919925148244
0.62,133,0.0006261501034895541
0.62,134,-0.001371305702081847
0.62,135,0.0011056500553946404
0.62,136,0.00033217309293351587
0.62,137,0.0002515120575668316
0.62,138,0.0005672163689623989
0.62,139,0.00047450200475968366
0.62,140,0.000430376796473564
0.62,141,0.0001912145296425719
0.62,142,-0.0003016113071455726
0.62,143,8.606376236490899e-5
0.62,144,-0.0007122926104143825
0.62,145,-0.0014857171957626226
0.62,146,-0.001329470944288278
0.62,147,0.0008468897991657045
0.62,148,-0.000899137940911845
0.62,149,0.0002247245253616289
0.62,150,-0.0009831631219432747
0.62,151,0.000933603338681853
0.62,152,0.0009819929295743388
0.62,153,5.756954919199242e-5
0.62,154,0.0008515410469200911
0.62,155,7.283934277268156e-5
0.62,156,0.002259611546908203
0.62,157,-0.00016088897903922795
0.62,158,0.0020763136202748464
0.62,159,-0.0007146290040919918
0.62,160,0.0009118287514159638
0.62,161,0.00246722457769737
0.62,162,-0.0007438956471701562
0.62,163,0.0005839453437237662
0.62,164,0.0007753949167418589
0.62,165,-0.0009679162763057725
0.62,166,0.0004884087006761101
0.62,167,-0.0007622783704247427
0.62,168,-0.0009143935095928873
0.62,169,0.0012622745552358392
0.62,170,-0.0016403147496790228
0.62,171,0.001577401012470837
0.62,172,0.0010887370505880617
0.62,173,-0.00021594551435056265
0.62,174,-0.00011107646696706273
0.62,175,0.006047682783891265
0.62,176,0.0020123292026623914
0.62,177,-0.0003950078242541747
0.62,178,0.004382669105324285
0.62,179,0.0009662883591289945
0.62,180,0.0026768231167545653
0.62,181,0.0008391830316481226
0.62,182,-0.0018862568510996237
0.62,183,-0.0007744629855533788
0.62,184,0.0006018170166030807
0.62,185,0.0007923519359347432
0.62,186,-0.0007689696106476348
0.62,187,0.004456171907452639
0.62,188,0.007525955141364066
0.62,189,-0.00029633274791595785
0.62,190,0.0338885596936818
0.62,191,-0.012888054124434422
0.62,192,0.8115627790950948
0.62,193,0.003252485524094807
0.62,194,0.001416104367291156
0.62,195,-0.0005408911364041675
0.62,196,-1.8131436331312437e-5
0.62,197,0.00042917542922665634
0.62,198,0.0006104969146064304
0.63,intercept,0.0031943511149498103
0.63,1,0.0021107770634439887
0.63,2,0.004693971241421486
0.63,3,0.0019605499618566224
0.63,4,0.001917279392899668
0.63,5,0.0014934718871652036
0.63,6,-0.00229980089328833
0.63,7,0.006338797417465628
0.63,8,0.0015158774322823953
0.63,9,1.2294547733135128e-5
0.63,10,0.002358925378135077
0.63,11,-0.0007091298718986703
0.63,12,0.0021862185565348635
0.63,13,-0.000847522793863023
0.63,14,0.000510804117180176
0.63,15,0.001303807803210809
0.63,16,-0.0020277435996508314
0.63,17,0.001320976516338042
0.63,18,-0.0012574410789243486
0.63,19,0.00024921089371050765
0.63,20,-1.8874949307092607e-5
0.63,21,-0.000605125615189278
0.63,22,0.0001952395490453837
0.63,23,8.735018391866115e-5
0.63,24,-2.775600102045855e-5
0.63,25,-0.001073570026057491
0.63,26,-0.00047791711323915174
0.63,27,-0.0004154345885991412
0.63,28,-1.1869596301968763e-5
0.63,29,-0.000309719487012218
0.63,30,-0.0007530400075947986
0.63,31,0.0010261967102980867
0.63,32,-0.00047583039186095336
0.63,33,7.322861631884707e-5
0.63,34,-0.0003805094790061762
0.63,35,0.000268797100108874
0.63,36,-1.7397963872066644e-5
0.63,37,0.0005305715619423786
0.63,38,-0.000439431817328821
0.63,39,-0.0005391604057987774
0.63,40,0.00028821472548219956
0.63,41,0.0013389943862001554
0.63,42,0.000129928257619913
0.63,43,-0.00021410341170036943
0.63,44,0.00039857328563940595
0.63,45,0.0002846756824009501
0.63,46,7.727676698845987e-5
0.63,47,-2.5327013607684793e-5
0.63,48,0.00035499460133443485
0.63,49,5.5672138585198674e-5
0.63,50,0.0006119533306424552
0.63,51,-0.00022389444770457739
0.63,52,0.0006184243114466373
0.63,53,-0.00034354049677810713
0.63,54,-0.00018399397009262274
0.63,55,0.00034703219993852244
0.63,56,-8.19471724419224e-5
0.63,57,-0.0005970992280349174
0.63,58,-8.203709903768033e-5
0.63,59,0.00018549516130883403
0.63,60,0.0007402037367828167
0.63,61,-0.0007057289248385971
0.63,62,-0.00038756943973376984
0.63,63,-0.0020536029566793645
0.63,64,0.00021560296399280066
0.63,65,-0.0005073653749592539
0.63,66,-0.0005821551485850428
0.63,67,0.00015073730336495538
0.63,68,0.00018500997738140842
0.63,69,-0.0001867570622280589
0.63,70,-1.7368624457276663e-5
0.63,71,0.000144310644958976
0.63,72,0.0009930481705051578
0.63,73,-0.001743758037858489
0.63,74,0.002399019594921781
0.63,75,-0.002715815960869304
0.63,76,0.0013597090803021744
0.63,77,-0.0009412702701343292
0.63,78,0.001484596852765888
0.63,79,0.0007878440328295956
0.63,80,0.0013325601916962702
0.63,81,-0.0020778958554944597
0.63,82,-0.0007285362507002258
0.63,83,-0.0007548125558693566
0.63,84,0.0020148277527729254
0.63,85,0.0012333533518462095
0.63,86,-0.002002459689119024
0.63,87,-0.0010498631491947762
0.63,88,0.0021321985221811933
0.63,89,-0.0003608593068184309
0.63,90,-0.0015318757985046847
0.63,91,-0.0009492389545727978
0.63,92,0.0005978685589261171
0.63,93,-0.0004742979288152165
0.63,94,0.0011788133139765808
0.63,95,0.00010096103388629625
0.63,96,0.0023043959609499527
0.63,97,0.005029729083541817
0.63,98,0.005663380158762036
0.63,99,0.005654049083023778
0.63,100,0.002969273724272487
0.63,101,0.005536678443304431
0.63,102,0.004056759785786425
0.63,103,0.005999038814430286
0.63,104,-0.0016208066346959974
0.63,105,0.004197723260874016
0.63,106,-0.0012282422584567968
0.63,107,0.001324697865833334
0.63,108,0.002203199462118644
0.63,109,-0.00034469840491865297
0.63,110,-0.00012257396674996383
0.63,111,0.0015190239193263943
0.63,112,0.0013596463525286505
0.63,113,0.0011683296130345234
0.63,114,0.0008126328460904491
0.63,115,-0.0003200401170053192
0.63,116,0.0025659381332148565
0.63,117,-0.000753335981365957
0.63,118,-0.00027405445017547565
0.63,119,3.684528474180074e-5
0.63,120,-0.0010039661630221039
0.63,121,0.001241185124647974
0.63,122,-0.0005241990992122027
0.63,123,0.0008721276107648524
0.63,124,-0.0005626589464634957
0.63,125,0.0009078130469021766
0.63,126,-0.0006922238834330073
0.63,127,-0.0005729781718089859
0.63,128,-0.0003460588237791912
0.63,129,0.0003326288172246389
0.63,130,-0.0011348481197657057
0.63,131,-0.00011382567152991078
0.63,132,-0.0005595167935568754
0.63,133,0.0004518085523122139
0.63,134,-0.0008006985615415407
0.63,135,0.000806801122987735
0.63,136,0.00042048497020663014
0.63,137,0.00026981727791915004
0.63,138,0.00046783651674512397
0.63,139,0.0007029605089097105
0.63,140,0.0005173033353904577
0.63,141,0.00013173466923468592
0.63,142,-0.0002225681900768623
0.63,143,-4.0322275582956735e-5
0.63,144,-0.0006087880291395387
0.63,145,-0.0014831300288572155
0.63,146,-0.001295065287905791
0.63,147,0.0007502509562903017
0.63,148,-0.0009245983058854003
0.63,149,0.0005492948434940126
0.63,150,-0.0010816265682160116
0.63,151,0.0012101706497622284
0.63,152,0.0005148122561566843
0.63,153,-1.4730835360283405e-5
0.63,154,0.0011826265799380056
0.63,155,0.00018116044776593694
0.63,156,0.0017331629530421794
0.63,157,-0.0002831402539309766
0.63,158,0.001771091975418373
0.63,159,-0.00016528431728470987
0.63,160,0.0005410049262705273
0.63,161,0.0028560937642198208
0.63,162,-0.0006719465541871911
0.63,163,0.0006678606535174492
0.63,164,0.0002263865961040152
0.63,165,-0.0006299473585272525
0.63,166,0.0006402471153900787
0.63,167,-0.0004969923992095344
0.63,168,-0.0006882501831275372
0.63,169,0.0008283362305893446
0.63,170,-0.001556794544326408
0.63,171,0.0014630779252404805
0.63,172,0.0010092938267798398
0.63,173,0.00011498668043219216
0.63,174,-0.0007371070304094913
0.63,175,0.006409477777484154
0.63,176,0.0019808051102381836
0.63,177,-6.669119793795477e-5
0.63,178,0.004875036505367858
0.63,179,0.00016795226535365444
0.63,180,0.0030620921031724022
0.63,181,0.0007286471376572336
0.63,182,-0.001199302983897237
0.63,183,-0.0009796442534386622
0.63,184,0.00012983409781374336
0.63,185,0.001089907086188647
0.63,186,-0.0006505004428700275
0.63,187,0.003688686253825026
0.63,188,0.007605656260599051
0.63,189,-0.00033762341783771994
0.63,190,0.03494267286348151
0.63,191,-0.012706869849151939
0.63,192,0.8157965355553704
0.63,193,0.003534215411407661
0.63,194,0.0012588645110253012
0.63,195,-0.0005523474094067498
0.63,196,-5.56216740853439e-5
0.63,197,0.0004201536816900664
0.63,198,0.0005601358030205765
0.64,intercept,0.002875956532040417
0.64,1,0.0023352177238088966
0.64,2,0.005467169828350557
0.64,3,0.0014600844738127266
0.64,4,0.001566479541335397
0.64,5,0.0011785770876501234
0.64,6,-0.0017389191357233868
0.64,7,0.005673581392488042
0.64,8,0.0019333631327387503
0.64,9,4.926027662911181e-6
0.64,10,0.0024418277483561047
0.64,11,-0.001069116529389444
0.64,12,0.0026745224110421443
0.64,13,-0.0007696628257617764
0.64,14,0.0009514214581877009
0.64,15,0.0012837456366708746
0.64,16,-0.0018946624136093088
0.64,17,0.0011155898697214443
0.64,18,-0.0012137599579802438
0.64,19,0.00033177117420201953
0.64,20,-5.9581638668234256e-5
0.64,21,-0.0007622833341607915
0.64,22,0.0002869704892211506
0.64,23,-8.498485613938967e-5
0.64,24,-3.6608944549366697e-6
0.64,25,-0.0010133378360537924
0.64,26,-0.000586563968929534
0.64,27,6.449375170519773e-5
0.64,28,-0.0004286938458592994
0.64,29,-4.885626068987982e-5
0.64,30,-0.0009554204290222952
0.64,31,0.0011330267855925336
0.64,32,-0.0002887652453422151
0.64,33,-1.566939154359479e-5
0.64,34,-0.00017405571479791639
0.64,35,0.00023864980229104665
0.64,36,-0.00017197978070219563
0.64,37,0.0007245602368716167
0.64,38,-0.0004594670635534719
0.64,39,-0.00031106398226655546
0.64,40,0.00013336506141703864
0.64,41,0.0013640361022997606
0.64,42,0.00020140857861432546
0.64,43,-0.00014185940587274713
0.64,44,0.00031138703421518303
0.64,45,0.00025786717676832177
0.64,46,-8.592964495039689e-5
0.64,47,-0.00015942099837166522
0.64,48,0.0003048708153000625
0.64,49,0.0002453030988673821
0.64,50,0.0006404980761411654
0.64,51,-0.00028990099175198804
0.64,52,0.0005070267708920726
0.64,53,-0.0002934151267394171
0.64,54,-8.162768185713901e-5
0.64,55,0.00029388607079455385
0.64,56,-0.00012846229805009126
0.64,57,-0.0008012295798666237
0.64,58,-6.2234715626414265e-6
0.64,59,0.00015532449250377892
0.64,60,0.0010140084441443442
0.64,61,-0.000862943726769813
0.64,62,-0.0004405981388337249
0.64,63,-0.0018773400822390733
0.64,64,4.453413897004837e-5
0.64,65,-0.00019337386097531455
0.64,66,-0.0007060876907911861
0.64,67,0.00011731187451620719
0.64,68,-0.0002239088690804454
0.64,69,2.630548361949915e-5
0.64,70,2.347033695171915e-6
0.64,71,0.0004047057928702535
0.64,72,0.0006934537587870201
0.64,73,-0.001653377081992308
0.64,74,0.0024544315621609393
0.64,75,-0.0025041812372037626
0.64,76,0.0010395008311928418
0.64,77,-0.0004901306333875919
0.64,78,0.0012956587494678859
0.64,79,0.0009374203621371116
0.64,80,0.0009943991133747423
0.64,81,-0.0019108615189697602
0.64,82,-0.0009148540489075679
0.64,83,-0.0005457168457199017
0.64,84,0.0020440201748635435
0.64,85,0.0008977026504357079
0.64,86,-0.0016490625250713143
0.64,87,-0.0017426536635441814
0.64,88,0.002593939141216184
0.64,89,-0.0007830436588935927
0.64,90,-0.0008368078843041805
0.64,91,-0.000984283425918934
0.64,92,0.0010541312272436957
0.64,93,-0.0009527535470965153
0.64,94,0.001252109595177247
0.64,95,-0.0004821376908060159
0.64,96,0.0020876345238295597
0.64,97,0.005838431632065122
0.64,98,0.005781028177391028
0.64,99,0.005646464284386863
0.64,100,0.002226346865928388
0.64,101,0.005739558014403616
0.64,102,0.00420619192471886
0.64,103,0.006611696278594913
0.64,104,-0.0020901272220158313
0.64,105,0.004392796003898654
0.64,106,-0.0011838008662780363
0.64,107,0.0015516612630262145
0.64,108,0.0019573161518734493
0.64,109,7.388756016146584e-5
0.64,110,-0.00031381386778138096
0.64,111,0.0016993315844314693
0.64,112,0.0014910558776036855
0.64,113,0.0010350599727996965
0.64,114,0.0008514561035936918
0.64,115,-0.0004765971684495249
0.64,116,0.002558976447188837
0.64,117,-0.0008671746831568243
0.64,118,-0.00023826422872611503
0.64,119,-3.553320752753467e-5
0.64,120,-0.0005741954123972685
0.64,121,0.0011170129479560146
0.64,122,-0.0007027217604963306
0.64,123,0.0009511722706653223
0.64,124,-0.0007062625777684335
0.64,125,0.0008262571672378545
0.64,126,-0.0006503954423636931
0.64,127,-0.000641233295676306
0.64,128,-0.00029729644433707105
0.64,129,0.0003445391731159905
0.64,130,-0.000824859946637345
0.64,131,-0.0003148707596694864
0.64,132,-0.0005829153818593048
0.64,133,0.0005553187828407682
0.64,134,-0.0007978266896169736
0.64,135,0.0008403432230125538
0.64,136,0.00022096074077538984
0.64,137,0.0004719505228381911
0.64,138,0.0004475763798724561
0.64,139,0.0007387423484432611
0.64,140,0.0006014860993963614
0.64,141,8.337269883105712e-5
0.64,142,-0.00021675571889241024
0.64,143,0.00021173577283810835
0.64,144,-0.0009137240432945533
0.64,145,-0.0013531524691494908
0.64,146,-0.0012450703267654509
0.64,147,0.0007489250288344234
0.64,148,-0.0008357406525424888
0.64,149,0.0005398461896836922
0.64,150,-0.0012465004280931532
0.64,151,0.0010561644678224373
0.64,152,0.0005992084061357822
0.64,153,-0.0001494939181080245
0.64,154,0.0014088828686302302
0.64,155,9.87963238456631e-5
0.64,156,0.0018509904875927896
0.64,157,-0.00037259295115677887
0.64,158,0.001611125673103555
0.64,159,-0.00024168676637632142
0.64,160,0.0007017335588041362
0.64,161,0.0026410022527146777
0.64,162,-0.0006456697259014835
0.64,163,0.0006971644861259224
0.64,164,-2.0169606568121238e-5
0.64,165,-0.0004260367227763941
0.64,166,0.0005986118210612964
0.64,167,-0.0005335284053615803
0.64,168,-0.0005759884488470373
0.64,169,0.000644478378982559
0.64,170,-0.0014479822721105552
0.64,171,0.0010370574706618553
0.64,172,0.0012020357715646888
0.64,173,0.0004340979516352499
0.64,174,-0.0005000804110057922
0.64,175,0.006158756091105246
0.64,176,0.0014964224109967235
0.64,177,0.0002194792385030228
0.64,178,0.005332896131991782
0.64,179,-0.00025775455490851764
0.64,180,0.003684091048483103
0.64,181,0.0009401609684103947
0.64,182,-0.0009106676351193613
0.64,183,-0.0008372525931125014
0.64,184,0.0003063874319281229
0.64,185,0.0012333440769287276
0.64,186,-0.0006343199393947779
0.64,187,0.00307979530840086
0.64,188,0.008118041240289746
0.64,189,-0.00084881338791935
0.64,190,0.035168681729011934
0.64,191,-0.01353450185725325
0.64,192,0.82251213079796
0.64,193,0.003638924893647818
0.64,194,0.001132336264711001
0.64,195,-0.0005434409494169183
0.64,196,-0.00012051830038403188
0.64,197,0.00041567341014029594
0.64,198,0.0005324757038542238
0.65,intercept,0.0025099824519990072
0.65,1,0.001996975630431655
0.65,2,0.006613228221258451
0.65,3,0.0011190267279650842
0.65,4,0.0017267580123431644
0.65,5,0.0017323182673213147
0.65,6,-0.0019248380338419849
0.65,7,0.005138216750593556
0.65,8,0.0025838694216332348
0.65,9,0.0002144500139801802
0.65,10,0.0025973040156763772
0.65,11,-0.0009714878352496697
0.65,12,0.0026428683189000236
0.65,13,-0.0006803188057692155
0.65,14,0.0007965121276622997
0.65,15,0.0013391855736193273
0.65,16,-0.0016553445772058335
0.65,17,0.0007051620672974834
0.65,18,-0.0008324233558296793
0.65,19,0.0001746878736664207
0.65,20,2.7170950205979827e-5
0.65,21,-0.0007319687234836643
0.65,22,0.0006163655977179735
0.65,23,6.973312534507456e-5
0.65,24,-0.00014649637498835024
0.65,25,-0.001227837361491336
0.65,26,-0.0004115230250337745
0.65,27,-9.522526554246501e-5
0.65,28,-0.0004970825985460772
0.65,29,8.834874258855046e-7
0.65,30,-0.0008237759684275715
0.65,31,0.0011661327652186697
0.65,32,-0.00034789411464393347
0.65,33,0.00010093137425712704
0.65,34,-0.00024143120961982913
0.65,35,0.00023678174491624846
0.65,36,-3.5148922198930036e-5
0.65,37,0.0006797911309625926
0.65,38,-0.00045146407866158636
0.65,39,-0.00013744547970809525
0.65,40,0.00032711426165346385
0.65,41,0.0011808803193866766
0.65,42,0.0001320986551330223
0.65,43,-0.00019780000552528093
0.65,44,0.0002634441314792736
0.65,45,0.0001917209164429659
0.65,46,-0.0001553548948194561
0.65,47,-0.00019875081804325762
0.65,48,0.0003638926852523095
0.65,49,0.0002733449848002977
0.65,50,0.0005676340209535619
0.65,51,-0.0003682689198285214
0.65,52,0.0006062593565870026
0.65,53,-0.000626809142305851
0.65,54,0.00013030288445286395
0.65,55,0.000280964850576474
0.65,56,-1.5152418410255617e-5
0.65,57,-0.0010781076402403863
0.65,58,-3.3700763563429085e-6
0.65,59,-0.00014889369132333957
0.65,60,0.0013099225054773334
0.65,61,-0.0007960339868778462
0.65,62,-0.0003984620766099072
0.65,63,-0.0019536208122163286
0.65,64,3.065403656222371e-5
0.65,65,-0.00022784610616155765
0.65,66,-0.0007006297896705706
0.65,67,0.00023897451495781048
0.65,68,-0.0005116715538745504
0.65,69,0.0001873561938026088
0.65,70,-0.00019109624105879226
0.65,71,0.0006507329413103111
0.65,72,0.00023765158779369053
0.65,73,-0.001431862125629213
0.65,74,0.0021951271388638413
0.65,75,-0.001698993697388167
0.65,76,0.0004579570939365101
0.65,77,-0.00046787967778768967
0.65,78,0.0008675120635887447
0.65,79,0.0015151381452420175
0.65,80,0.000641556131698516
0.65,81,-0.0017548748299049722
0.65,82,-0.0009072179525399424
0.65,83,-7.096739145433788e-5
0.65,84,0.002431330772195061
0.65,85,0.00023362224560871908
0.65,86,-0.0015060975869410978
0.65,87,-0.0021125813306926656
0.65,88,0.003130432286380031
0.65,89,-0.0009158197226450392
0.65,90,-0.0005877279460292299
0.65,91,-0.0013047442946093918
0.65,92,0.0010874095800993313
0.65,93,-0.0007649429085103012
0.65,94,0.0012984317396465789
0.65,95,-0.0011031590701658055
0.65,96,0.002565244645154707
0.65,97,0.0057880419348307205
0.65,98,0.005895017508896917
0.65,99,0.005381552325604922
0.65,100,0.002434392659133558
0.65,101,0.005364618177017842
0.65,102,0.00480453382496684
0.65,103,0.006513132546087611
0.65,104,-0.0015097074406355793
0.65,105,0.004218215097226594
0.65,106,-0.001339280382227141
0.65,107,0.001680078036953592
0.65,108,0.0020321012346563145
0.65,109,0.0001521749618868538
0.65,110,-0.00020081616495103583
0.65,111,0.0016748703468523788
0.65,112,0.0015581626720939494
0.65,113,0.0010933247554750073
0.65,114,0.0007450968179140529
0.65,115,-0.0005611818785454463
0.65,116,0.0029742382053454465
0.65,117,-0.0010879442818776696
0.65,118,-0.00027420536067346627
0.65,119,4.472062288795254e-5
0.65,120,-0.0006697767971906963
0.65,121,0.0012507510636823697
0.65,122,-0.0007150141570915961
0.65,123,0.0012935583811537355
0.65,124,-0.0009241328675242475
0.65,125,0.0009354074284900287
0.65,126,-0.0008141368446746333
0.65,127,-0.0007491854528177824
0.65,128,-7.258039134920356e-6
0.65,129,0.00031062252322908623
0.65,130,-0.0008385444080837507
0.65,131,-0.00022361739600530516
0.65,132,-0.0006546852590621285
0.65,133,0.0005413193547784145
0.65,134,-0.0005958213166108151
0.65,135,0.0008435964662571444
0.65,136,0.0003444559829400804
0.65,137,0.0002558197480414477
0.65,138,0.0005483327945153436
0.65,139,0.0008183731440298648
0.65,140,0.0007967459640853294
0.65,141,4.44717331952837e-5
0.65,142,-7.72439813957051e-6
0.65,143,0.00011941805268878678
0.65,144,-0.0009081561975856623
0.65,145,-0.001249836557278187
0.65,146,-0.001123381990099878
0.65,147,0.0006682966466439695
0.65,148,-0.0007627411696820228
0.65,149,0.00039299752083217103
0.65,150,-0.001325391837007511
0.65,151,0.001094347088383698
0.65,152,0.0006609486468017402
0.65,153,-0.0003439059962236533
0.65,154,0.0013448329606101162
0.65,155,-7.001925691193293e-5
0.65,156,0.0016583188755627174
0.65,157,-0.00026501468989079016
0.65,158,0.0017005008702742088
0.65,159,-0.00018302945770523222
0.65,160,0.000632829836333559
0.65,161,0.002694060823390679
0.65,162,-0.0008134200386300983
0.65,163,0.0005597081531159236
0.65,164,6.406312745349879e-5
0.65,165,-0.0002034439445690816
0.65,166,0.000784514153395883
0.65,167,-0.0007473856385831132
0.65,168,-0.0004778852491389035
0.65,169,0.0003096323889616132
0.65,170,-0.0014577656129989571
0.65,171,0.0011563254012087012
0.65,172,0.0010891031434451504
0.65,173,0.0002063638208989543
0.65,174,-0.0002958875981249314
0.65,175,0.006506482472569933
0.65,176,0.001178129027426408
0.65,177,0.0006417535098578574
0.65,178,0.005046440291759558
0.65,179,-0.00034919892427797344
0.65,180,0.0031198472887795457
0.65,181,0.0017639546369975726
0.65,182,-0.0012790159023404136
0.65,183,-0.0007626974657951702
0.65,184,4.894580609062459e-6
0.65,185,0.0027373801459941484
0.65,186,-0.00132754915035976
0.65,187,0.0035793553365760056
0.65,188,0.007176860786057941
0.65,189,0.00021023207829388876
0.65,190,0.03524761345306606
0.65,191,-0.014336388537459558
0.65,192,0.8277511220486801
0.65,193,0.004225509593956617
0.65,194,0.0014548278352159393
0.65,195,-0.0005626914883795831
0.65,196,-0.00015340454538533924
0.65,197,0.00038774355220026193
0.65,198,0.0004938387842690247
0.66,intercept,0.002244777951918521
0.66,1,0.0016752350008055192
0.66,2,0.006734942218912356
0.66,3,0.001122071858112425
0.66,4,0.0017723948394372684
0.66,5,0.0019916584150874174
0.66,6,-0.002432129854827312
0.66,7,0.0052118826324347904
0.66,8,0.00323295576949018
0.66,9,-0.0008407667553533186
0.66,10,0.0037839496099401244
0.66,11,-0.0011962777127350053
0.66,12,0.0026865771275325634
0.66,13,-0.0005985988347797838
0.66,14,0.0006777282589809547
0.66,15,0.0011583893634801686
0.66,16,-0.0016483011425832928
0.66,17,0.0008701133913027525
0.66,18,-0.0006322334308898382
0.66,19,0.0004740980499975713
0.66,20,0.00028671326612561207
0.66,21,-0.0008783584160964537
0.66,22,0.0005803981382945789
0.66,23,0.00019057594093246244
0.66,24,-0.00037628933359081207
0.66,25,-0.0008323214377761047
0.66,26,-0.0005758043040602928
0.66,27,-0.00012531365871559433
0.66,28,-0.0006099720364788433
0.66,29,-2.2903364620882946e-5
0.66,30,-0.0010405409818297058
0.66,31,0.001458506557318839
0.66,32,-0.0006985608424951121
0.66,33,0.0005631330896166903
0.66,34,-0.00019706865493029544
0.66,35,0.00020386977942501321
0.66,36,5.793508821804419e-5
0.66,37,0.0008416206381906762
0.66,38,-0.0006574673899538099
0.66,39,-0.000136552936566843
0.66,40,0.0003663581525012452
0.66,41,0.0011642748119344215
0.66,42,-3.5558310410728874e-5
0.66,43,-0.00032970544509686693
0.66,44,0.0005889873168831991
0.66,45,8.515158080281235e-5
0.66,46,-7.352612573156364e-5
0.66,47,-0.0003648871926688737
0.66,48,0.00040262802292341824
0.66,49,0.00014375662722006848
0.66,50,0.000531382914516055
0.66,51,-0.0005196471754807473
0.66,52,0.000771624690411678
0.66,53,-0.0007406088775655654
0.66,54,2.7303318039762423e-5
0.66,55,0.00013144359451267506
0.66,56,0.00010222828128665804
0.66,57,-0.0013537865101157904
0.66,58,0.00012187703096431897
0.66,59,-0.00012437270633626596
0.66,60,0.0014949800509691537
0.66,61,-0.0007675262644434817
0.66,62,-0.00048800667854706427
0.66,63,-0.0020616993882783324
0.66,64,3.16114187650283e-5
0.66,65,-0.00036611086926016624
0.66,66,-0.0007176618043996261
0.66,67,0.0005189704860104218
0.66,68,-0.0006885916675244012
0.66,69,0.0004921164161418547
0.66,70,-8.100527848503125e-5
0.66,71,0.00035278992247358206
0.66,72,3.9824042333812044e-5
0.66,73,-0.0012115203419370709
0.66,74,0.0021539448616641125
0.66,75,-0.001717848000334246
0.66,76,0.00039061765509580524
0.66,77,-0.0006833852873275282
0.66,78,0.0009255210026296501
0.66,79,0.0013033767086958867
0.66,80,0.0011406376717897028
0.66,81,-0.0022872155801826584
0.66,82,-0.0008206271602644952
0.66,83,-0.00022130587313365214
0.66,84,0.0024556512972293935
0.66,85,3.334433756301907e-5
0.66,86,-0.001549060141951113
0.66,87,-0.002175428391498002
0.66,88,0.002615134713607273
0.66,89,-0.0006257084007312571
0.66,90,-0.0001828961210753708
0.66,91,-0.0012876971050087634
0.66,92,0.001336625885194091
0.66,93,-0.0011884327236283622
0.66,94,0.0012271219031156258
0.66,95,-0.0008342335490861792
0.66,96,0.002547735630883307
0.66,97,0.006085528385405968
0.66,98,0.005308182747910291
0.66,99,0.005996223423411212
0.66,100,0.0026296768486884655
0.66,101,0.0043266473984815085
0.66,102,0.005743374597726148
0.66,103,0.006966855111144508
0.66,104,-0.0013059850461322649
0.66,105,0.0040918281751665675
0.66,106,-0.0008546285772465122
0.66,107,0.0012171683233831155
0.66,108,0.0025526264129217425
0.66,109,0.000652093417084802
0.66,110,-0.0005356967620925785
0.66,111,0.0016404442446830171
0.66,112,0.0011045682364841424
0.66,113,0.001628332288365925
0.66,114,0.0004014561859994322
0.66,115,-0.00021726113839384766
0.66,116,0.0027507706835055734
0.66,117,-0.0009933180868541933
0.66,118,-0.0003408323486097226
0.66,119,0.0001387016008165285
0.66,120,-0.0006780057669257117
0.66,121,0.0014441797042448472
0.66,122,-0.0009214303453289948
0.66,123,0.001389655128500709
0.66,124,-0.0009473819672320512
0.66,125,0.0010971068170772572
0.66,126,-0.0007585947429118129
0.66,127,-0.000580398885295599
0.66,128,-0.0004150302436138179
0.66,129,0.0007049341850143121
0.66,130,-0.0010586154327066923
0.66,131,-5.613573422373676e-5
0.66,132,-0.0005003541738566974
0.66,133,0.00029923884969564366
0.66,134,-0.00037354220755886857
0.66,135,0.0007419154975272326
0.66,136,0.0004916897759989553
0.66,137,0.00013898206435297795
0.66,138,0.0007510074233123485
0.66,139,0.0005048625920399708
0.66,140,0.0008029482137578988
0.66,141,-4.9100587886878366e-5
0.66,142,0.00010870225135237207
0.66,143,0.00016459331121654607
0.66,144,-0.0007491887673736217
0.66,145,-0.0011862211068901962
0.66,146,-0.0013255933910093624
0.66,147,0.0006767420847124031
0.66,148,-0.0008705576399694034
0.66,149,0.0003428786295902126
0.66,150,-0.0011526812952256367
0.66,151,0.0009292417969230005
0.66,152,0.0004018049970308531
0.66,153,-0.0003850291444125269
0.66,154,0.0014506095448827115
0.66,155,2.575403463358482e-5
0.66,156,0.0014556461328127282
0.66,157,-0.00019168544632965827
0.66,158,0.0014310077948205832
0.66,159,-0.00022248335251392513
0.66,160,0.0005078535926649945
0.66,161,0.00244979947932867
0.66,162,-0.000987661681816099
0.66,163,0.00039897277292538975
0.66,164,0.00029204213349970435
0.66,165,-0.00018419615180800337
0.66,166,0.00127760381968042
0.66,167,-0.001027715544206145
0.66,168,-0.0004889891759360057
0.66,169,0.00013195677463923914
0.66,170,-0.0013347790666944001
0.66,171,0.0010076323605091287
0.66,172,0.0009627080819282708
0.66,173,0.000195379129069308
0.66,174,6.095575781124739e-5
0.66,175,0.006999650223911587
0.66,176,0.0005537407136074033
0.66,177,0.0008467604164917653
0.66,178,0.005053315646040836
0.66,179,0.0002565001242209788
0.66,180,0.003505862015344387
0.66,181,0.0019339758609649709
0.66,182,-0.001655154075792166
0.66,183,-0.0002616209129321032
0.66,184,0.0007391951229225317
0.66,185,0.0023867484825257994
0.66,186,-0.0023866530675041007
0.66,187,0.003872002394029747
0.66,188,0.0074186391131934905
0.66,189,-0.00010953271816325118
0.66,190,0.03495979363277675
0.66,191,-0.014851866448078344
0.66,192,0.8350605195961629
0.66,193,0.0043902826016153675
0.66,194,0.001509809629111984
0.66,195,-0.0005976260015803898
0.66,196,-0.00021839472513777213
0.66,197,0.00041095570312195927
0.66,198,0.0004731504713078698
0.67,intercept,0.0018516812443332491
0.67,1,0.0016143423020182773
0.67,2,0.007464152193543811
0.67,3,0.0010788325296468466
0.67,4,0.0017571741693053068
0.67,5,0.0015754455987391691
0.67,6,-0.002360084767872471
0.67,7,0.005494633682403379
0.67,8,0.0032824472484288434
0.67,9,-0.000510862149450474
0.67,10,0.003920288265517478
0.67,11,-0.001178531964843867
0.67,12,0.0028953458834813733
0.67,13,-0.0009911673272936323
0.67,14,0.0014437152196159204
0.67,15,0.0007413853138988208
0.67,16,-0.0015579099971060565
0.67,17,0.000759481894869686
0.67,18,-0.0003426851742416903
0.67,19,0.00036330469955215357
0.67,20,0.0007083771626343086
0.67,21,-0.0012009625118415922
0.67,22,0.000903533536402865
0.67,23,-0.00010775248842898882
0.67,24,-0.00024246915515105247
0.67,25,-0.0008924802622496096
0.67,26,-0.0007826413099633688
0.67,27,4.4466753114647655e-5
0.67,28,-0.0004979314493512078
0.67,29,-7.912992830344909e-5
0.67,30,-0.0011388308567424749
0.67,31,0.0012266761653218355
0.67,32,-0.0007024854464760524
0.67,33,0.0007403568421937168
0.67,34,-9.968024576563014e-5
0.67,35,0.00010845896870303445
0.67,36,-1.8298758058624133e-5
0.67,37,0.001032664546542659
0.67,38,-0.0007100367500596835
0.67,39,2.255658259286294e-5
0.67,40,0.0001604897743391459
0.67,41,0.001190914141857075
0.67,42,1.9689759221100587e-5
0.67,43,-0.0001699011251489737
0.67,44,0.0005348186157883128
0.67,45,0.0001238684898644482
0.67,46,1.5607197693787906e-5
0.67,47,-0.0006329468686712252
0.67,48,0.0005844359001179049
0.67,49,0.00027287741004366865
0.67,50,0.0005416257699960695
0.67,51,-0.0005869949676929013
0.67,52,0.000800017734326028
0.67,53,-0.000566964265357865
0.67,54,-0.00018634654062686494
0.67,55,0.0003433586881674026
0.67,56,-0.00010087782522085727
0.67,57,-0.0013722053348563822
0.67,58,0.00014061842240850058
0.67,59,-0.0001549902759213473
0.67,60,0.0014230898379992444
0.67,61,-0.0007870178918869564
0.67,62,-0.0005480552667394758
0.67,63,-0.0019472298243088382
0.67,64,-0.00028862418026766697
0.67,65,-0.00035372719352706685
0.67,66,-0.0008526292320716858
0.67,67,0.0009741300680447909
0.67,68,-0.0007090345193879595
0.67,69,0.0006769057903360823
0.67,70,0.00014831915011178276
0.67,71,6.230713018355442e-5
0.67,72,-2.06872424393548e-5
0.67,73,-0.0011778927519423693
0.67,74,0.003013031980956849
0.67,75,-0.0022387167926701495
0.67,76,0.00023007962541917568
0.67,77,-0.0014446173140485867
0.67,78,0.0013818924375210153
0.67,79,0.0012846708165642365
0.67,80,0.0011755731433122111
0.67,81,-0.0020889903049219494
0.67,82,-0.0011573172045732606
0.67,83,0.0003446190919579974
0.67,84,0.0022616487433997907
0.67,85,0.0006984378214350837
0.67,86,-0.0018587150088429703
0.67,87,-0.002238277679989781
0.67,88,0.0018469248622273748
0.67,89,-0.00023165837139696696
0.67,90,-0.0006232818587488744
0.67,91,-0.0012868667003106714
0.67,92,0.000947183497705216
0.67,93,-0.0010290758709974267
0.67,94,0.0014710382188694486
0.67,95,-0.0006223207061711656
0.67,96,0.0025796967067085825
0.67,97,0.007041314537314074
0.67,98,0.004076922259790637
0.67,99,0.006105270830019198
0.67,100,0.0034648638219227017
0.67,101,0.004714694492768598
0.67,102,0.005601769497435765
0.67,103,0.006612392949787229
0.67,104,-0.00022501809662832883
0.67,105,0.0030254324432473063
0.67,106,9.545368351830447e-5
0.67,107,0.0007718801006499904
0.67,108,0.002112386416287979
0.67,109,0.0013514212442268453
0.67,110,-0.00027480078367443195
0.67,111,0.001656398205196407
0.67,112,0.0008536445581784996
0.67,113,0.0020795023584067865
0.67,114,0.00022385961366976905
0.67,115,-0.00017798874595107136
0.67,116,0.0026832658276909
0.67,117,-0.0009590794780487519
0.67,118,-0.0003193647276734555
0.67,119,9.050196044697323e-5
0.67,120,-0.001076890070070212
0.67,121,0.0018554784196121155
0.67,122,-0.0011762902460328525
0.67,123,0.001362932996995112
0.67,124,-0.0011318862246804205
0.67,125,0.0014232391134106613
0.67,126,-0.0010989033762036134
0.67,127,-0.0003814713217575052
0.67,128,-0.0005261255097026552
0.67,129,0.0007671405946820714
0.67,130,-0.0008765088688210675
0.67,131,-9.685186980225551e-5
0.67,132,-0.0003170828874034705
0.67,133,0.0004840034230160259
0.67,134,-0.0007264341678769749
0.67,135,0.0011436360613019101
0.67,136,0.0006612263768904642
0.67,137,-0.00017505200331274776
0.67,138,0.0009068427053437888
0.67,139,0.0005383965836602146
0.67,140,0.0009609561184777885
0.67,141,-2.1792367008894366e-5
0.67,142,0.0002818923817557116
0.67,143,0.00038744438595817425
0.67,144,-0.0007632943375319548
0.67,145,-0.0010793987932038952
0.67,146,-0.0015061242940420901
0.67,147,0.0005910041598400624
0.67,148,-0.0008517869085098296
0.67,149,0.00039033394844939566
0.67,150,-0.0012874732087238886
0.67,151,0.0011366610005963682
0.67,152,0.00015353875271202028
0.67,153,-0.0004828169582213759
0.67,154,0.0015998461347454973
0.67,155,-0.0002818952748883376
0.67,156,0.0016941832656296118
0.67,157,-0.0002500053191692685
0.67,158,0.0014994505301163166
0.67,159,-0.00043465676605590714
0.67,160,0.0006236329873932036
0.67,161,0.002940451752810823
0.67,162,-0.0015788125595801855
0.67,163,0.0005110337374669129
0.67,164,0.0003655246032800518
0.67,165,7.837296396966693e-6
0.67,166,0.001735913000100296
0.67,167,-0.0008474177357682021
0.67,168,-0.0002903844562034168
0.67,169,-0.00014898748783915568
0.67,170,-0.0015616893786089682
0.67,171,0.0009776195856876781
0.67,172,0.0007835213033929877
0.67,173,-0.0001926281426772004
0.67,174,-7.787689462479663e-5
0.67,175,0.008344414627396306
0.67,176,0.0006426646522130633
0.67,177,0.0007587990323301607
0.67,178,0.004919632601203726
0.67,179,0.0009143526045907485
0.67,180,0.003501237248311834
0.67,181,0.0019258773915569053
0.67,182,-0.0008089648969843056
0.67,183,-0.00024061085097625354
0.67,184,0.00028265611094235665
0.67,185,0.0026918176931471144
0.67,186,-0.0023974005950937985
0.67,187,0.004549471267294222
0.67,188,0.0064565476903160855
0.67,189,-0.0008549656846538507
0.67,190,0.03779668122726975
0.67,191,-0.015070631634083972
0.67,192,0.8370917254244991
0.67,193,0.004828252671131534
0.67,194,0.0018218117720990004
0.67,195,-0.0006023932458894794
0.67,196,-0.0002999515067575924
0.67,197,0.0004093695424752114
0.67,198,0.00041028920569553774
0.68,intercept,0.001413742289099362
0.68,1,0.0021504254698253827
0.68,2,0.007866190334319647
0.68,3,0.001634133824603283
0.68,4,0.001642393538212625
0.68,5,0.0009051052488055664
0.68,6,-0.0014243990423899802
0.68,7,0.005867743979032559
0.68,8,0.002876583406564431
0.68,9,0.0004258868571030993
0.68,10,0.0031877729691175637
0.68,11,-0.0011820182883708996
0.68,12,0.002490385299988032
0.68,13,-0.0006374886147022741
0.68,14,0.0014660107047784494
0.68,15,0.0007026805369718418
0.68,16,-0.0017198854195016836
0.68,17,0.0007538240361661835
0.68,18,-0.00010901273048942717
0.68,19,4.673087607180799e-5
0.68,20,0.0011045838105323605
0.68,21,-0.0009685760520555725
0.68,22,0.0007952632525544929
0.68,23,-0.00019758890912866217
0.68,24,-0.00011697949415285853
0.68,25,-0.0010770197871116944
0.68,26,-0.0006119133006441178
0.68,27,-8.528223961819513e-5
0.68,28,-0.00028759248111001774
0.68,29,-0.00012338471076012638
0.68,30,-0.0007724902240143414
0.68,31,0.0009934661720245245
0.68,32,-0.0005441445243783461
0.68,33,0.0004542817024761555
0.68,34,0.00019911256073963597
0.68,35,-5.635312047326805e-5
0.68,36,8.81799205746676e-5
0.68,37,0.0008671875085048337
0.68,38,-0.0006211535846387269
0.68,39,-6.882589542533638e-5
0.68,40,0.00011929655454592397
0.68,41,0.00148541390386286
0.68,42,-0.0002602988294708494
0.68,43,-0.00027586883564352543
0.68,44,0.00040760083581271563
0.68,45,-3.0552682114820385e-5
0.68,46,7.578040265920654e-5
0.68,47,-0.0004049455884687995
0.68,48,0.0004457954048670735
0.68,49,0.0004785480443100346
0.68,50,0.0006602510624976215
0.68,51,-0.0004624538113799904
0.68,52,0.0008368850641214339
0.68,53,-0.0006648962554686012
0.68,54,-0.00021135802012712854
0.68,55,0.0005607844774818196
0.68,56,-0.00024992912107153585
0.68,57,-0.0011113179161459698
0.68,58,-0.0001304803410676991
0.68,59,-0.0001417173208399956
0.68,60,0.0016567293743962623
0.68,61,-0.0008363480986780545
0.68,62,-0.0005561958229208073
0.68,63,-0.002042388542971871
0.68,64,-0.00045109238393578637
0.68,65,-0.0002418212616782499
0.68,66,-0.0008764700978952281
0.68,67,0.0010891823516069724
0.68,68,-0.0007889289866032409
0.68,69,4.59121681044195e-6
0.68,70,0.0005088787936172613
0.68,71,0.00015170617260218915
0.68,72,0.00011201904123561613
0.68,73,-0.001259772611168099
0.68,74,0.0030080704281875855
0.68,75,-0.0017301918190571978
0.68,76,-3.128041102805501e-5
0.68,77,-0.0015539044826206054
0.68,78,0.0014057257370577677
0.68,79,0.0010323779982022313
0.68,80,0.0014899212328017347
0.68,81,-0.0022075810208991567
0.68,82,-0.0013554943915296644
0.68,83,0.00041619194170024914
0.68,84,0.0016609804567476085
0.68,85,0.0008460779168070555
0.68,86,-0.001871062863031452
0.68,87,-0.0018765010932319142
0.68,88,0.0012510277764733269
0.68,89,5.1266277284360674e-5
0.68,90,-0.00027089683758787635
0.68,91,-0.001321368647965632
0.68,92,-0.0003644794457548229
0.68,93,-0.0007821718939691406
0.68,94,0.0017767785794933564
0.68,95,-0.00030909445118714086
0.68,96,0.002701369071443855
0.68,97,0.007840943493480787
0.68,98,0.003968406024494454
0.68,99,0.005925018154364425
0.68,100,0.0037854279073474997
0.68,101,0.004461645047532681
0.68,102,0.005736066209943321
0.68,103,0.007140082909516001
0.68,104,-3.7864610089819635e-5
0.68,105,0.003871368630609881
0.68,106,-0.0009128766661089522
0.68,107,0.000841243535959629
0.68,108,0.0019533371126965156
0.68,109,0.0017688775750610353
0.68,110,-0.00033160928256412375
0.68,111,0.002128011236711659
0.68,112,0.00033483449439606055
0.68,113,0.0026379472757020843
0.68,114,0.0004443883178554111
0.68,115,-0.0004641621410122702
0.68,116,0.00290774108089652
0.68,117,-0.001203810508721893
0.68,118,-5.5482679208486744e-5
0.68,119,-5.505291322613522e-5
0.68,120,-0.0008591730037281565
0.68,121,0.0019492638904313017
0.68,122,-0.001302827445096735
0.68,123,0.001407359841234116
0.68,124,-0.0009990400615718599
0.68,125,0.0014735854013309033
0.68,126,-0.0010699939276274874
0.68,127,-0.00024310206064190998
0.68,128,-0.000507023448861234
0.68,129,0.0007291918353947287
0.68,130,-0.0006361816914067497
0.68,131,-0.00028195317783461416
0.68,132,-0.0003572203647890131
0.68,133,0.0005179088835975965
0.68,134,-0.0006415087984587741
0.68,135,0.0006934526370526307
0.68,136,0.0007204281659128945
0.68,137,-0.00033788076344922917
0.68,138,0.0011870293160648425
0.68,139,0.0003561949557740447
0.68,140,0.0012997944979183567
0.68,141,-0.0005086385298534456
0.68,142,0.0007203809146417801
0.68,143,0.0004003946198195942
0.68,144,-0.0006173345971894193
0.68,145,-0.0006926321165188573
0.68,146,-0.0019054370786214976
0.68,147,0.0009943048442477155
0.68,148,-0.0008266686852409329
0.68,149,0.0003215977076078262
0.68,150,-0.001217704703947671
0.68,151,0.0011185693512185651
0.68,152,7.535211673723906e-5
0.68,153,-0.0009177746373640898
0.68,154,0.0015600181248691246
0.68,155,-0.0006384460765205114
0.68,156,0.0017418132031652904
0.68,157,-0.0003018721559100156
0.68,158,0.0019549854331736834
0.68,159,-0.0007759490877347746
0.68,160,0.0006143140172834878
0.68,161,0.0028115874489978853
0.68,162,-0.0016136736854561208
0.68,163,0.0007828793735760062
0.68,164,0.0004402120822501532
0.68,165,-0.00024865856245845597
0.68,166,0.0015792338094916402
0.68,167,-0.0005926851508455962
0.68,168,-0.00021614220898809918
0.68,169,-0.0003241800666110743
0.68,170,-0.0014880963162187944
0.68,171,0.001234559560895725
0.68,172,0.0007851068427348101
0.68,173,-0.0004477831579623293
0.68,174,7.742536614353957e-5
0.68,175,0.008645680802475223
0.68,176,0.0005614022771682594
0.68,177,0.0005875414117501972
0.68,178,0.004854560775878146
0.68,179,0.0016847183179662189
0.68,180,0.0027210484284757256
0.68,181,0.0028871723458676474
0.68,182,-0.0010382243899902308
0.68,183,-0.0006591712684026705
0.68,184,0.0009383863769146463
0.68,185,0.0019263147869897758
0.68,186,-0.0022182704005630862
0.68,187,0.004136841084602339
0.68,188,0.0072962846327380105
0.68,189,-0.0008397732573548787
0.68,190,0.03817823351908405
0.68,191,-0.014276712882343723
0.68,192,0.8422039979226393
0.68,193,0.00497961903664401
0.68,194,0.0020398728488513385
0.68,195,-0.000637141314768947
0.68,196,-0.0003531999866026191
0.68,197,0.0004156642738196159
0.68,198,0.0003649635218903298
0.69,intercept,0.001102897034782895
0.69,1,0.002300879519091381
0.69,2,0.007868160563458336
0.69,3,0.001689381531991712
0.69,4,0.0018649612334993946
0.69,5,0.0010359713736322828
0.69,6,-0.002060668560119713
0.69,7,0.0068792791998443055
0.69,8,0.0021140563848443088
0.69,9,0.00037018585921974086
0.69,10,0.003568861061643798
0.69,11,-0.0014138992718469587
0.69,12,0.0025903139112642974
0.69,13,-0.00011687229680069555
0.69,14,0.0011617209669870833
0.69,15,0.0006907544457376196
0.69,16,-0.001591247412763579
0.69,17,0.0006249155791805094
0.69,18,0.00035115312254905987
0.69,19,0.00025234562669423363
0.69,20,0.0006016259820824131
0.69,21,-0.0008650546751597654
0.69,22,0.0006646562150407089
0.69,23,0.00014626457050562178
0.69,24,-0.00034706224192639675
0.69,25,-0.0006844062772981649
0.69,26,-0.0006051806234644191
0.69,27,-0.0001742796031353015
0.69,28,-0.00023271027630593873
0.69,29,-0.0002532122817675646
0.69,30,-0.0005582093091252583
0.69,31,0.001066251342762173
0.69,32,-0.0005206029435923372
0.69,33,0.00020895894544426967
0.69,34,0.00013547791908283824
0.69,35,0.00010080286667265407
0.69,36,0.00026366061111386094
0.69,37,0.0006953654756310705
0.69,38,-0.0004414266513477767
0.69,39,-0.0001995535189217546
0.69,40,0.00011920820144110463
0.69,41,0.0017586744997691542
0.69,42,-0.0006664409705346841
0.69,43,-0.00018372724086415315
0.69,44,0.0002962714595938871
0.69,45,0.00035794409805307755
0.69,46,-9.730758476725855e-5
0.69,47,-0.00013817138301346887
0.69,48,0.0005145522138311989
0.69,49,0.0001412915238590399
0.69,50,0.0008098199548039876
0.69,51,-0.0008938749150108308
0.69,52,0.0012029110302112542
0.69,53,-0.0010357904773067269
0.69,54,0.0003615000426734295
0.69,55,0.0004364875822953025
0.69,56,0.00022413204669257376
0.69,57,-0.00161566483679297
0.69,58,-6.291957303399673e-5
0.69,59,-0.000251754375248676
0.69,60,0.001811602706571245
0.69,61,-0.0009125529105708835
0.69,62,-0.000678159553437976
0.69,63,-0.0022299970867899342
0.69,64,-0.00048553425514307846
0.69,65,2.743951775406527e-5
0.69,66,-0.001116465324058749
0.69,67,0.00110220920340325
0.69,68,-0.0006701364442345371
0.69,69,-0.00041690829832478454
0.69,70,0.0008254591881429157
0.69,71,-0.0003576216127540418
0.69,72,0.0004718147896166515
0.69,73,-0.0013034200807394503
0.69,74,0.003181287814417655
0.69,75,-0.001611535973466928
0.69,76,-0.00040398771597548226
0.69,77,-0.0014392306804946293
0.69,78,0.0011915815974496847
0.69,79,0.0011248967103382364
0.69,80,0.0017949760103547834
0.69,81,-0.002767338426237954
0.69,82,-0.0014674725148859972
0.69,83,0.0007077009858658116
0.69,84,0.0015841716509016894
0.69,85,0.0004227185432400956
0.69,86,-0.0019459039837335062
0.69,87,-0.0016783337796506706
0.69,88,0.001998143872808162
0.69,89,0.00017124226674772455
0.69,90,0.0002657548899203135
0.69,91,-0.0015898421574529918
0.69,92,-0.000991596345726749
0.69,93,-0.0007166838024999898
0.69,94,0.001816414001695239
0.69,95,4.495722552603225e-5
0.69,96,0.0027425025401088925
0.69,97,0.007004621289752651
0.69,98,0.005227462606963737
0.69,99,0.005958228301104498
0.69,100,0.005490208629995683
0.69,101,0.0040661816022811775
0.69,102,0.005082570871005676
0.69,103,0.008278610064392965
0.69,104,-0.0005997230183506277
0.69,105,0.004194911650369213
0.69,106,-0.001064454585214236
0.69,107,0.0007630009746076657
0.69,108,0.0023737961699288736
0.69,109,0.0019784075713736196
0.69,110,-0.0006278630209112021
0.69,111,0.0018779416534162369
0.69,112,9.342046395623923e-5
0.69,113,0.0032318493709274135
0.69,114,0.0007902350427067794
0.69,115,-0.0005710844502311827
0.69,116,0.002697579426576572
0.69,117,-0.0009500348626089192
0.69,118,-0.00026285754699660585
0.69,119,-3.8860459725400005e-5
0.69,120,-0.0012504973353782995
0.69,121,0.0023434110743682643
0.69,122,-0.001536744781169468
0.69,123,0.0017282429185243244
0.69,124,-0.0015050545719036612
0.69,125,0.0019816187574068452
0.69,126,-0.001232225891142453
0.69,127,-9.916657354610643e-5
0.69,128,-0.0007905893917820457
0.69,129,0.0009793381678374691
0.69,130,-0.000644394920158142
0.69,131,-0.00032471335210747227
0.69,132,-0.0001827887287935292
0.69,133,0.000133889862740519
0.69,134,-0.000383443132219206
0.69,135,0.00048747679660186925
0.69,136,0.0008662935975797824
0.69,137,-0.0001855264446986402
0.69,138,0.0011811615190625317
0.69,139,0.00031720730087507617
0.69,140,0.0015146465578004932
0.69,141,-0.0005473159543177018
0.69,142,0.0010946230881256152
0.69,143,-0.0001582112409004198
0.69,144,-0.00023654738436645952
0.69,145,-0.0010085871445905704
0.69,146,-0.0017541699412530114
0.69,147,0.0008509979814211109
0.69,148,-0.0007601855493861989
0.69,149,0.00017008278390112294
0.69,150,-0.001106628009793927
0.69,151,0.0009891452566865241
0.69,152,-1.8336563834915675e-5
0.69,153,-0.0009927153308514202
0.69,154,0.0015943176679209493
0.69,155,-0.0005708758945443203
0.69,156,0.00198275058334575
0.69,157,-0.0004173346878484756
0.69,158,0.0020632385677637763
0.69,159,-0.0009550531034893387
0.69,160,0.0005076098772196432
0.69,161,0.002787719138992016
0.69,162,-0.0018199573556389498
0.69,163,0.0013356584275545681
0.69,164,2.2382328755788787e-5
0.69,165,0.00037485292961965785
0.69,166,0.0012912835305327183
0.69,167,-0.00047739300798863715
0.69,168,-6.77385585870102e-5
0.69,169,-0.0005760833526645604
0.69,170,-0.0013387632907119092
0.69,171,0.0011841061877001723
0.69,172,0.001171137326589696
0.69,173,-0.0010424203194251437
0.69,174,0.0007980785663000281
0.69,175,0.00833612459598512
0.69,176,0.00026614610182806154
0.69,177,0.0009215016149100253
0.69,178,0.005296034969829638
0.69,179,0.0016691111439302853
0.69,180,0.0030364494317219565
0.69,181,0.0029174035879679767
0.69,182,-0.001268974338211275
0.69,183,-0.0007050117579752868
0.69,184,0.001198565860041843
0.69,185,0.0020718527364555596
0.69,186,-0.0021950507343449976
0.69,187,0.0038346226798674564
0.69,188,0.008725441734990309
0.69,189,-0.0027682224566550145
0.69,190,0.03962949708056174
0.69,191,-0.014463888094767475
0.69,192,0.8460073124284399
0.69,193,0.005135833111099637
0.69,194,0.002058715697319787
0.69,195,-0.0006730689910173043
0.69,196,-0.0004373233945188534
0.69,197,0.0004245065510552401
0.69,198,0.00034181198316932343
0.7,intercept,0.0007550134882579295
0.7,1,0.002026879099046008
0.7,2,0.007568587438240584
0.7,3,0.0023115458937460246
0.7,4,0.0020966873322665652
0.7,5,0.0010375680982982688
0.7,6,-0.001716217435264896
0.7,7,0.006284175406082881
0.7,8,0.003064091484125544
0.7,9,-0.00036101444689669494
0.7,10,0.004132399710924086
0.7,11,-0.001855741925808893
0.7,12,0.0024890235255648134
0.7,13,0.0005322633170725795
0.7,14,0.0008648079363899569
0.7,15,0.0008173660532927296
0.7,16,-0.0015088458760351066
0.7,17,0.0005171875110648991
0.7,18,0.00019435876954800653
0.7,19,5.0219860554498464e-5
0.7,20,0.0006333254451675463
0.7,21,-0.0008332649256970794
0.7,22,0.0011665530468775377
0.7,23,-0.00022355811277665003
0.7,24,-6.20291672381924e-6
0.7,25,-0.0008576126866768398
0.7,26,-0.0006335636871037022
0.7,27,-0.00021489932781772192
0.7,28,-1.5607199697194946e-5
0.7,29,-0.0003392342231318545
0.7,30,-0.0006282921590148793
0.7,31,0.001180215384867329
0.7,32,-0.000540932760272453
0.7,33,0.0001354369916262576
0.7,34,0.0003609275412153856
0.7,35,-0.0001084213838582335
0.7,36,0.0003143559932514262
0.7,37,0.0005753766480986134
0.7,38,-0.00035480991684180634
0.7,39,-0.0002511510564479137
0.7,40,8.661645008928497e-5
0.7,41,0.0017543783842712613
0.7,42,-0.000362704601648208
0.7,43,-0.0002545197541018542
0.7,44,0.0003994671053118823
0.7,45,0.00022330664080539228
0.7,46,-0.00017737543411673265
0.7,47,-6.77250831412426e-5
0.7,48,0.0003794830383139938
0.7,49,0.0005769707318483326
0.7,50,0.0008750293569264878
0.7,51,-0.0006705505773326045
0.7,52,0.0007645880722741222
0.7,53,-0.0010587601264894246
0.7,54,0.0003690850195044344
0.7,55,0.0005471780819439069
0.7,56,0.00017077087157063426
0.7,57,-0.001388976200614983
0.7,58,-6.2649538813198e-5
0.7,59,-0.0002955154391939185
0.7,60,0.0014827494895458542
0.7,61,-0.0010448986037375904
0.7,62,-0.00042098074801324417
0.7,63,-0.002553824362172428
0.7,64,-0.0005893955917191094
0.7,65,0.000137107428542854
0.7,66,-0.0013105982126564364
0.7,67,0.0011366657028148944
0.7,68,-0.0008352453785411588
0.7,69,-0.0004540568524683909
0.7,70,0.0011686191847887556
0.7,71,-0.00038813304368515546
0.7,72,0.0006578572056322252
0.7,73,-0.001944716144222433
0.7,74,0.0035902458752386595
0.7,75,-0.001498028137548259
0.7,76,-0.0003148226085121921
0.7,77,-0.0016729818717362796
0.7,78,0.0016007935235540737
0.7,79,0.0010015831088151486
0.7,80,0.002096301212542004
0.7,81,-0.0034607043727751287
0.7,82,-0.001213569142056368
0.7,83,3.9758649411663694e-5
0.7,84,0.001735461624787714
0.7,85,0.0007112802050400851
0.7,86,-0.002208594063994069
0.7,87,-0.0013797812606299099
0.7,88,0.0016079859830635294
0.7,89,0.0008529438683393249
0.7,90,-2.2781705668503616e-5
0.7,91,-0.0013176440617210154
0.7,92,-0.0018094209305769835
0.7,93,-0.00022037013269347186
0.7,94,0.0023222050054907566
0.7,95,-0.00013543687816113028
0.7,96,0.002722791562992514
0.7,97,0.007456648772569568
0.7,98,0.005090331780358712
0.7,99,0.005375824897829425
0.7,100,0.005103434564545844
0.7,101,0.005233026437845914
0.7,102,0.004683158496639503
0.7,103,0.00878101257816398
0.7,104,-0.0007154204980362887
0.7,105,0.004873368253872817
0.7,106,-0.0010724068003361118
0.7,107,0.0010275808753831932
0.7,108,0.0022077242627623907
0.7,109,0.002647483636365503
0.7,110,-0.000967337180693691
0.7,111,0.0018278429623411567
0.7,112,-0.00024031048108483403
0.7,113,0.003529992113447517
0.7,114,0.0005246348111318983
0.7,115,-0.00040890420522586904
0.7,116,0.0030045968419290282
0.7,117,-0.000782192142144241
0.7,118,-0.00010599024189632088
0.7,119,-0.00043471922728032593
0.7,120,-0.0011092334887147582
0.7,121,0.0027255351782161604
0.7,122,-0.0016742262814843823
0.7,123,0.001592635108825809
0.7,124,-0.0015792402697284926
0.7,125,0.0019687230069226386
0.7,126,-0.0011213107225338202
0.7,127,-6.743600781611246e-5
0.7,128,-0.0008163137342939023
0.7,129,0.0011060889597362662
0.7,130,-0.0007660912003532519
0.7,131,-0.00028685056048049855
0.7,132,-0.00038189661839329534
0.7,133,0.00026495233821051796
0.7,134,-0.0004890982372448913
0.7,135,0.0008620863741301773
0.7,136,0.0011186700853657579
0.7,137,-0.00032850156217466666
0.7,138,0.0014258017918022912
0.7,139,8.435817551311554e-5
0.7,140,0.001806362201086138
0.7,141,-0.00041907518789030106
0.7,142,0.0012226528947947993
0.7,143,-0.00031424857425868557
0.7,144,-0.000424835103813915
0.7,145,-0.0006635508843938569
0.7,146,-0.0018543720016238221
0.7,147,0.0006968215973232051
0.7,148,-0.0005598054103783094
0.7,149,-5.012080021640329e-5
0.7,150,-0.0009735173628490967
0.7,151,0.0007899670850556488
0.7,152,4.399823113017026e-6
0.7,153,-0.001203149162141065
0.7,154,0.0016692689079760054
0.7,155,-0.00019587742389020287
0.7,156,0.0014883914342056852
0.7,157,-0.0003474613775993436
0.7,158,0.0018140645613422231
0.7,159,-0.0006453083292743153
0.7,160,0.00024110795812901418
0.7,161,0.003216023121007119
0.7,162,-0.0022275140836665254
0.7,163,0.001606058860648365
0.7,164,0.0002615156835594516
0.7,165,0.00027139797485332924
0.7,166,0.0019797744921387483
0.7,167,-0.0005877679285400081
0.7,168,-0.00016308085313991388
0.7,169,-0.0005120993365673706
0.7,170,-0.0015783004048036185
0.7,171,0.0010995621105549694
0.7,172,0.0010681725901079107
0.7,173,-0.0012686586065001487
0.7,174,0.000983288153006634
0.7,175,0.008308127420939728
0.7,176,1.9222828219736923e-5
0.7,177,0.0005690884144547185
0.7,178,0.006619423243950278
0.7,179,0.0014009152728739177
0.7,180,0.0037644025030545048
0.7,181,0.0028695877036179723
0.7,182,-0.0013987718346425283
0.7,183,-0.0006680110302198261
0.7,184,0.0010660326290274859
0.7,185,0.0020845233657340615
0.7,186,-0.002231612686738957
0.7,187,0.0038309860973616302
0.7,188,0.009296610176341662
0.7,189,-0.0035343120575639353
0.7,190,0.039779744638422536
0.7,191,-0.014717430099600411
0.7,192,0.851602084090283
0.7,193,0.006384290632896934
0.7,194,0.0015087910732145583
0.7,195,-0.0007065463393998473
0.7,196,-0.0005428833602627737
0.7,197,0.00043653261603036854
0.7,198,0.0002980207289082376
0.71,intercept,0.0005102767653642746
0.71,1,0.0015336729033285444
0.71,2,0.009000058166333896
0.71,3,0.002002324411508645
0.71,4,0.001488590727589275
0.71,5,0.0012802853546184832
0.71,6,-0.0023607592934283554
0.71,7,0.007021385085348527
0.71,8,0.0024576357339380684
0.71,9,0.00020215181369557768
0.71,10,0.0034809087261094694
0.71,11,-0.0007044087316906689
0.71,12,0.0017389588545356509
0.71,13,0.00152918471173532
0.71,14,6.707401390251345e-6
0.71,15,0.0011393528830399482
0.71,16,-0.0016872739907544012
0.71,17,0.000729650562829488
0.71,18,0.00035586078409445283
0.71,19,6.739544379491742e-5
0.71,20,0.0004250297220486509
0.71,21,-0.0007015183714421698
0.71,22,0.0011444044666414426
0.71,23,-0.00035979198956470355
0.71,24,0.00031179704532338605
0.71,25,-0.0008656687882628044
0.71,26,-0.0004464799704495562
0.71,27,-0.0004719839269904247
0.71,28,-8.278414680606549e-5
0.71,29,-0.0002501007593252673
0.71,30,-0.0006268992483164036
0.71,31,0.0013697460869051812
0.71,32,-0.0006736163188032327
0.71,33,0.000246680640175471
0.71,34,0.00046801804692230226
0.71,35,-0.00017565816139555507
0.71,36,0.0004691150256813475
0.71,37,0.0004373159485899607
0.71,38,-0.0004663130514682241
0.71,39,-6.496189711920538e-5
0.71,40,-2.5642179278947695e-5
0.71,41,0.001976824704962813
0.71,42,-0.0004351487647364429
0.71,43,-0.0002283597926042596
0.71,44,0.0003672500179890197
0.71,45,0.0002848146652324525
0.71,46,-0.0002438461509008478
0.71,47,0.00033140340801005025
0.71,48,0.00029176332834783997
0.71,49,0.000453638962570403
0.71,50,0.0008150817310622863
0.71,51,-0.0006815857052235757
0.71,52,0.0004488413109047289
0.71,53,-0.0008535102341472631
0.71,54,0.0002984763668010506
0.71,55,0.000671685434827127
0.71,56,-0.00016283137676806564
0.71,57,-0.0014637938473007913
0.71,58,0.00028424506380076055
0.71,59,-0.0007065574532149334
0.71,60,0.0017138368918409312
0.71,61,-0.0010560582037703833
0.71,62,-0.0003589930457979677
0.71,63,-0.0028646886652088726
0.71,64,-0.0003200428871383359
0.71,65,2.188882566481336e-5
0.71,66,-0.0013049800488438988
0.71,67,0.0019594288859297857
0.71,68,-0.0009853371487896574
0.71,69,-0.0008810947063212227
0.71,70,0.0012835951524935256
0.71,71,4.914202325265307e-5
0.71,72,0.0003482452197871259
0.71,73,-0.0019490749064313196
0.71,74,0.0036810972610846113
0.71,75,-0.001640733570032866
0.71,76,-0.0004272439353253482
0.71,77,-0.0018349688675465491
0.71,78,0.0016083413216023779
0.71,79,0.00036309610503008747
0.71,80,0.0023175252212725736
0.71,81,-0.003957064972232621
0.71,82,-0.0007841283273679914
0.71,83,-3.3942637968328937e-5
0.71,84,0.003062381315156876
0.71,85,0.00014616348029693129
0.71,86,-0.0017013394900975058
0.71,87,-0.002098429902372133
0.71,88,0.0024045793688174675
0.71,89,-0.0004988254524779847
0.71,90,0.0007705609299831123
0.71,91,-0.0015254809126794195
0.71,92,-0.002426580631459682
0.71,93,-0.0004736247606430318
0.71,94,0.002753941831222798
0.71,95,0.00010636784236486771
0.71,96,0.0029504318658819554
0.71,97,0.008832851746475778
0.71,98,0.004344706963334986
0.71,99,0.00569254511012124
0.71,100,0.004982145001400111
0.71,101,0.005002291628891205
0.71,102,0.005247939841960135
0.71,103,0.008607755974654775
0.71,104,0.00022219080652737417
0.71,105,0.004046868515683449
0.71,106,-0.0008070518841001103
0.71,107,0.0008397918969851499
0.71,108,0.0029003610667195827
0.71,109,0.002520902738973198
0.71,110,-0.0005018070843104661
0.71,111,0.002132450537074387
0.71,112,-0.0007636392601458446
0.71,113,0.004425437542741995
0.71,114,-0.00012310900920136863
0.71,115,-0.0005134151481261221
0.71,116,0.002963536786243573
0.71,117,-0.0007268134783285137
0.71,118,-0.00016019448324246558
0.71,119,-0.00038467877205508697
0.71,120,-0.0015182295711483695
0.71,121,0.003349033686289839
0.71,122,-0.0018973037393335396
0.71,123,0.0021421679214040667
0.71,124,-0.0018021697178392405
0.71,125,0.002095926242622584
0.71,126,-0.0012760495463560535
0.71,127,-0.00013690394664925832
0.71,128,-0.001144119460870974
0.71,129,0.0012711921441563186
0.71,130,-0.0010450273346185217
0.71,131,0.00010823523974764345
0.71,132,-0.0007871282006354464
0.71,133,0.0007113787354652666
0.71,134,-0.0008793610541195023
0.71,135,0.0015690755829935467
0.71,136,0.001155145610845739
0.71,137,-0.0006587613270147549
0.71,138,0.0017621891919122662
0.71,139,-0.00033676082314217673
0.71,140,0.0023127391324575283
0.71,141,-0.0004008091686090136
0.71,142,0.0017182964159905216
0.71,143,-0.00033620704246193993
0.71,144,-0.0005649760786235182
0.71,145,-0.0007290027440853311
0.71,146,-0.0018432446470823935
0.71,147,0.0012462648762816325
0.71,148,-0.0003447428072015686
0.71,149,-0.00025118693948901233
0.71,150,-0.001090310375489622
0.71,151,0.0008532790837214472
0.71,152,-2.421492647405823e-5
0.71,153,-0.0012023445322321283
0.71,154,0.001524264655554563
0.71,155,-0.00015631091044797593
0.71,156,0.0013491411317742368
0.71,157,-0.0006324204428019577
0.71,158,0.0018187936873030484
0.71,159,-0.0004633717394131876
0.71,160,-5.1293894179518696e-5
0.71,161,0.003291641481053131
0.71,162,-0.0024606241292663765
0.71,163,0.0017138968119802397
0.71,164,0.0002613000319220999
0.71,165,0.0004966856533591064
0.71,166,0.0019657373831537023
0.71,167,-0.0007754879886025563
0.71,168,-0.00045303465357911455
0.71,169,-0.0006426429663740548
0.71,170,-0.0016802694418129706
0.71,171,0.0011459889334299593
0.71,172,0.0011019697736370248
0.71,173,-0.001460224764127475
0.71,174,0.0008991350006977011
0.71,175,0.008764691130664989
0.71,176,6.438866699573844e-6
0.71,177,0.00035858528194031443
0.71,178,0.0069693452136493925
0.71,179,0.0013218182869727923
0.71,180,0.0049252404840767535
0.71,181,0.002479530330699143
0.71,182,-0.0016009840187148979
0.71,183,-0.0002043978481997057
0.71,184,0.0017246385046487372
0.71,185,0.0011594256588299636
0.71,186,-0.0015598282630956593
0.71,187,0.003049708741656214
0.71,188,0.009410679736345955
0.71,189,-0.004224782290721137
0.71,190,0.03989667201249548
0.71,191,-0.015040161030648171
0.71,192,0.8574714622496309
0.71,193,0.006216230905505333
0.71,194,0.0012351836240778837
0.71,195,-0.000745659090086373
0.71,196,-0.0006748637250907006
0.71,197,0.0004593584210586689
0.71,198,0.0002631914490439446
0.72,intercept,0.00015019253661369055
0.72,1,0.001673985159487643
0.72,2,0.008329873378672994
0.72,3,0.004072040592223417
0.72,4,0.0006346914496894823
0.72,5,0.001808133863681663
0.72,6,-0.003169783434741821
0.72,7,0.008115618246545789
0.72,8,0.0024724535596092625
0.72,9,0.00028125567514372224
0.72,10,0.004086220720809977
0.72,11,-0.0016697033863535438
0.72,12,0.002131904184022912
0.72,13,0.0017823928797180335
0.72,14,-0.0009938924614281907
0.72,15,0.0016786214849449485
0.72,16,-0.0021132316402956526
0.72,17,0.0007713527451715795
0.72,18,0.00038778997762589656
0.72,19,-0.0002340777834265717
0.72,20,0.0007235380191276564
0.72,21,-0.0007530592310074163
0.72,22,0.0010121384533622164
0.72,23,-0.00015291945074313507
0.72,24,-0.0001248769897010729
0.72,25,-0.0004513877826682849
0.72,26,-0.000331691201547248
0.72,27,-0.0006520772082817007
0.72,28,0.00030102403397191203
0.72,29,-0.0005558523041317193
0.72,30,-0.0007288125411545433
0.72,31,0.0015075316613267966
0.72,32,-0.0010538407339943877
0.72,33,0.00031670451605047835
0.72,34,0.0004530834658806174
0.72,35,-0.0004599389323036426
0.72,36,0.0006405468796000722
0.72,37,0.0005151874663246597
0.72,38,-0.00055076915858751
0.72,39,0.00031598469323061273
0.72,40,-0.00010131352776360511
0.72,41,0.0019619441135361347
0.72,42,-0.00017756523815253843
0.72,43,-0.0003461614122312559
0.72,44,0.0002844310101615813
0.72,45,0.00013531893066263425
0.72,46,-0.0001780350067272604
0.72,47,0.0002441891178937233
0.72,48,0.0007329675030567773
0.72,49,0.0002823586508930142
0.72,50,0.0009360793699473526
0.72,51,-0.0007701396883214645
0.72,52,0.0005609683920680126
0.72,53,-0.0007268054314285342
0.72,54,0.00014190950056155188
0.72,55,0.0008340557534097121
0.72,56,-0.00033858377750350493
0.72,57,-0.0015005678723699846
0.72,58,0.00033418814060011864
0.72,59,-0.0009393904261185743
0.72,60,0.0018845596152952497
0.72,61,-0.001355550643633431
0.72,62,6.335404451860909e-5
0.72,63,-0.0034249081070878828
0.72,64,-0.0005761538859561502
0.72,65,5.23066424881825e-5
0.72,66,-0.001129004428058519
0.72,67,0.002011859927924086
0.72,68,-0.00048222193923039454
0.72,69,-0.001200927403713077
0.72,70,0.0013119690525333673
0.72,71,1.0670932918008973e-5
0.72,72,0.00014842547621546007
0.72,73,-0.0016437889216029344
0.72,74,0.003941227869969601
0.72,75,-0.0021058012271645203
0.72,76,-0.0001483487275763578
0.72,77,-0.0015971744547552743
0.72,78,0.0011996173245932705
0.72,79,0.00043749760425523923
0.72,80,0.0023594115236629377
0.72,81,-0.003921010647438104
0.72,82,-0.0010152442927223529
0.72,83,0.00044744142091861705
0.72,84,0.0029971401067714937
0.72,85,-0.00045084095757477185
0.72,86,-0.0015585562188136523
0.72,87,-0.001978464445594673
0.72,88,0.0027232156657925684
0.72,89,-0.0006390406482366934
0.72,90,0.0006907678811772758
0.72,91,-0.00151478651301423
0.72,92,-0.002198771143821768
0.72,93,-0.0005416264454257006
0.72,94,0.0018272272847388148
0.72,95,0.00036857336160898806
0.72,96,0.0031780934900625876
0.72,97,0.008396903674344244
0.72,98,0.006041058600845925
0.72,99,0.005862983429203472
0.72,100,0.004598527302188711
0.72,101,0.004658605329894836
0.72,102,0.006208956250172828
0.72,103,0.009615824681952292
0.72,104,0.0007415582669904578
0.72,105,0.0030913473384591877
0.72,106,-0.0002969534429609936
0.72,107,0.0013559880433511476
0.72,108,0.0028997684519087904
0.72,109,0.0018935858280437854
0.72,110,0.0005608342150389531
0.72,111,0.0021188770499557187
0.72,112,-0.001480593570252824
0.72,113,0.005045178858419892
0.72,114,-0.0001550107548372176
0.72,115,-0.0006412325002054489
0.72,116,0.003310974032467574
0.72,117,-0.00019540975951093552
0.72,118,-0.00038778437132108853
0.72,119,-0.0006951812400042354
0.72,120,-0.00118167523685809
0.72,121,0.0033007417256544526
0.72,122,-0.0022304879727071112
0.72,123,0.0023569323694112025
0.72,124,-0.001677793460946438
0.72,125,0.0019367992697346644
0.72,126,-0.000910220601080986
0.72,127,-0.000282286561771478
0.72,128,-0.001022635865185329
0.72,129,0.0011962848303404196
0.72,130,-0.000946453168343819
0.72,131,0.000312254402568677
0.72,132,-0.0006981661774704944
0.72,133,0.0007395177448970424
0.72,134,-0.0007727811845440458
0.72,135,0.0014903608221437377
0.72,136,0.0011923064857112505
0.72,137,-0.00034268732837703335
0.72,138,0.0016977635608973844
0.72,139,-0.0002074417722254491
0.72,140,0.002104102961310353
0.72,141,-0.00025708535099431954
0.72,142,0.0015019284032803519
0.72,143,-3.2963834349489254e-5
0.72,144,-0.0006926231548949487
0.72,145,-0.0009111394136538417
0.72,146,-0.001772408879138208
0.72,147,0.0012415204489261934
0.72,148,-0.00043287951574902834
0.72,149,8.847478928201955e-5
0.72,150,-0.0011947773163566795
0.72,151,0.0006162200890156937
0.72,152,9.869991515152646e-5
0.72,153,-0.001387454446153119
0.72,154,0.0019474886684641257
0.72,155,-0.00035199645892204705
0.72,156,0.0012861816711473369
0.72,157,-0.0008525880870152056
0.72,158,0.0016952430308096158
0.72,159,-0.0007380112953340482
0.72,160,0.00031420206322736846
0.72,161,0.0031472390557532185
0.72,162,-0.0030373515140688302
0.72,163,0.0024205403616937653
0.72,164,0.0004706038147679959
0.72,165,0.0008218352045238745
0.72,166,0.0018091728370741075
0.72,167,-0.0011118666835071202
0.72,168,-0.000454261815501941
0.72,169,-0.0003066289260049491
0.72,170,-0.001817407845961138
0.72,171,0.0013010555138828672
0.72,172,0.0007313141797836493
0.72,173,-0.0013067774504705485
0.72,174,0.0009349528066238535
0.72,175,0.008795576164206103
0.72,176,0.000834082364749843
0.72,177,7.090954636816046e-6
0.72,178,0.0068032427708676225
0.72,179,0.0016450512054968821
0.72,180,0.004856441020879563
0.72,181,0.003471111743776467
0.72,182,-0.0025448418531537577
0.72,183,-0.00020336225525884933
0.72,184,0.0016094568364678698
0.72,185,0.0017469031186234049
0.72,186,-0.0016120115169709055
0.72,187,0.002177327119010103
0.72,188,0.010542125262807999
0.72,189,-0.004735488623335834
0.72,190,0.04043479133741186
0.72,191,-0.016278510035897756
0.72,192,0.8636776647711452
0.72,193,0.006551620912181661
0.72,194,0.0007714770233846742
0.72,195,-0.0007530210429298941
0.72,196,-0.0008285045253425063
0.72,197,0.0004672182766825604
0.72,198,0.0002003319645481888
0.73,intercept,-0.00016805596383325587
0.73,1,0.0015333182017000827
0.73,2,0.008192195544961409
0.73,3,0.0036916845926509385
0.73,4,0.00032389851800037765
0.73,5,0.0015930888021145004
0.73,6,-0.002486486988368411
0.73,7,0.006812883227954255
0.73,8,0.0036516485229938596
0.73,9,0.0012617170035548215
0.73,10,0.004511174551065964
0.73,11,-0.002978418117016923
0.73,12,0.0028217770845928537
0.73,13,0.002495586134011007
0.73,14,-0.0008471099625031529
0.73,15,0.0015647767815200342
0.73,16,-0.001775371566525274
0.73,17,0.0005501103482082304
0.73,18,0.0006514059756037071
0.73,19,-0.0005302958216723275
0.73,20,0.0007724581546635217
0.73,21,-0.0007882899269725473
0.73,22,0.0008420643741406002
0.73,23,2.6488722543395366e-5
0.73,24,-3.601545322384808e-5
0.73,25,-0.000787882173377499
0.73,26,-0.0008877040286260212
0.73,27,-0.0005232942212579888
0.73,28,0.00024857810698576053
0.73,29,-0.0004886100216508563
0.73,30,-0.0005321525776055886
0.73,31,0.0014508466573885867
0.73,32,-0.001069587411575216
0.73,33,0.00022415812103012325
0.73,34,0.0005437031918111145
0.73,35,-0.0004801591127467868
0.73,36,0.0005373895593043174
0.73,37,0.0006929678924056096
0.73,38,-0.0005531921937183221
0.73,39,0.0004588306297335395
0.73,40,-0.000437508759033656
0.73,41,0.002582844104007461
0.73,42,-0.00031453768227680026
0.73,43,-0.00026741112059413234
0.73,44,8.821107617569099e-5
0.73,45,0.00032440999457774574
0.73,46,-7.836014531171432e-5
0.73,47,0.00014224052174420976
0.73,48,0.0007858545188803615
0.73,49,0.00032905719057300405
0.73,50,0.0009643531572180362
0.73,51,-0.0011615785964298505
0.73,52,0.0007653435693026262
0.73,53,-0.0009066751477364524
0.73,54,0.0002894593692130325
0.73,55,0.0007940692100534994
0.73,56,-0.00016613410968440546
0.73,57,-0.0017027613380449797
0.73,58,0.00011551629373431227
0.73,59,-0.0004113875541883556
0.73,60,0.0017176518490067234
0.73,61,-0.0012300601690115
0.73,62,-0.00011687775057086884
0.73,63,-0.003255865760914116
0.73,64,-0.0006581743641203568
0.73,65,-0.0002090917971250196
0.73,66,-0.0009063409567346736
0.73,67,0.0019999076558189547
0.73,68,-0.00045429508896575416
0.73,69,-0.0012625389200674277
0.73,70,0.0009550155343263581
0.73,71,0.0004070774381105863
0.73,72,0.00013905935564015572
0.73,73,-0.0019511775948751094
0.73,74,0.00408278397506267
0.73,75,-0.002044773885352501
0.73,76,-0.0005188155721623484
0.73,77,-0.0017838133616886848
0.73,78,0.0007340466771059845
0.73,79,0.0007602245047778296
0.73,80,0.002293148420021465
0.73,81,-0.004157112122143347
0.73,82,-0.000482698465946946
0.73,83,0.0008297218561735265
0.73,84,0.0023434589802620014
0.73,85,-0.0008699664088306955
0.73,86,-0.0017737022483948685
0.73,87,-0.0022318366110510687
0.73,88,0.003795949065900648
0.73,89,-0.001108494464816965
0.73,90,0.0003103398577882114
0.73,91,-0.0013349911717442059
0.73,92,-0.0028976941416881214
0.73,93,-0.0007044525739863401
0.73,94,0.0020922862088783144
0.73,95,0.0002638479003698081
0.73,96,0.002422977197096231
0.73,97,0.009756423968281606
0.73,98,0.006445956612081424
0.73,99,0.005601508687321017
0.73,100,0.005224124454360507
0.73,101,0.0037796864044246314
0.73,102,0.006552468079509044
0.73,103,0.01104594338801666
0.73,104,0.0003170459372225368
0.73,105,0.0028401659714566174
0.73,106,-0.0008925402310846202
0.73,107,0.0028021166134836024
0.73,108,0.00264768514518546
0.73,109,0.0021972187948446705
0.73,110,0.0007515767916982986
0.73,111,0.0021534850719653158
0.73,112,-0.001838569449398168
0.73,113,0.005562248204850383
0.73,114,-0.00013344803920486905
0.73,115,-0.0009429508045303889
0.73,116,0.003392050760749191
0.73,117,-0.0004182707600568825
0.73,118,-0.00042161900829118526
0.73,119,-0.0008552940978645689
0.73,120,-0.0011135819008216352
0.73,121,0.003376259747987138
0.73,122,-0.0016307719294169562
0.73,123,0.002208105496106901
0.73,124,-0.0018750217422166839
0.73,125,0.0019273157196331829
0.73,126,-0.0010359130679840653
0.73,127,9.369972045852559e-5
0.73,128,-0.0011519410452783976
0.73,129,0.0012975711394574093
0.73,130,-0.0010459228132598528
0.73,131,0.0002631777860061883
0.73,132,-0.0005205483254648577
0.73,133,0.0005553746076518519
0.73,134,-0.0009638486176803336
0.73,135,0.0017066055126565903
0.73,136,0.0011829811383244476
0.73,137,-0.00028586532105417733
0.73,138,0.0017245317200464759
0.73,139,-0.00017675404948906627
0.73,140,0.002301227068875662
0.73,141,-0.00033536433209571307
0.73,142,0.001185043315674067
0.73,143,0.0005050507843173122
0.73,144,-0.0008413185441086058
0.73,145,-0.0012621288567015835
0.73,146,-0.0014856543526964162
0.73,147,0.0011722566977058339
0.73,148,-0.0001219680359813468
0.73,149,-0.00014635107635337948
0.73,150,-0.0006980626622165127
0.73,151,0.0003945876654842527
0.73,152,0.00030171441707930893
0.73,153,-0.0018441732887120978
0.73,154,0.001981512936948352
0.73,155,-0.000288238195232248
0.73,156,0.0013368390679017288
0.73,157,-0.0012998886758701367
0.73,158,0.0018284018991930385
0.73,159,-0.0007421076782818027
0.73,160,0.0007452753747727455
0.73,161,0.002949336666835124
0.73,162,-0.003424359053488112
0.73,163,0.0023629924755987296
0.73,164,0.0010730038011732199
0.73,165,0.0008988359129373412
0.73,166,0.0018946254726412818
0.73,167,-0.0008959657240366428
0.73,168,-0.0009618048642794216
0.73,169,0.0004664684684997524
0.73,170,-0.0021020845424350025
0.73,171,0.0009604989475980063
0.73,172,0.0006344635166305294
0.73,173,-0.0014220235338846354
0.73,174,0.0007824971454848996
0.73,175,0.009484475821387929
0.73,176,-0.0001454442680876114
0.73,177,0.0006316661337293934
0.73,178,0.007052082750480102
0.73,179,0.0006591651820590033
0.73,180,0.006859100241781353
0.73,181,0.0036175864859298644
0.73,182,-0.002411353711502372
0.73,183,-0.00021204031312218718
0.73,184,0.001343749179487386
0.73,185,0.001677167869608365
0.73,186,-0.0023611328728144546
0.73,187,0.0029949349132360734
0.73,188,0.00997139761692784
0.73,189,-0.0048235804223047424
0.73,190,0.039859462856078894
0.73,191,-0.017732668596615653
0.73,192,0.8745700650031852
0.73,193,0.006298750746485622
0.73,194,0.00098434866572386
0.73,195,-0.0008189348620470805
0.73,196,-0.0009928660623401888
0.73,197,0.000467064110245949
0.73,198,0.00015004162894084172
0.74,intercept,-0.0003746491166463327
0.74,1,0.0013595510610484945
0.74,2,0.008108297506250505
0.74,3,0.0034245413059741953
0.74,4,0.00027476874643756995
0.74,5,0.00156257500007569
0.74,6,-0.0020797878967956825
0.74,7,0.005289706433235297
0.74,8,0.005079519568781423
0.74,9,0.000981291824127458
0.74,10,0.004782367449144636
0.74,11,-0.003998780804919594
0.74,12,0.0038725221375363566
0.74,13,0.0013959388508889546
0.74,14,-0.0007841918164839189
0.74,15,0.002395584725730493
0.74,16,-0.0022093109625470246
0.74,17,-0.000116208264545601
0.74,18,0.001241751821402135
0.74,19,-0.0007779785646198843
0.74,20,0.0008659572190571671
0.74,21,-0.000933513935901245
0.74,22,0.0009549159707526421
0.74,23,0.00010416032365920772
0.74,24,-4.8842383759714745e-5
0.74,25,-0.00047814330199740337
0.74,26,-0.0008739995260946136
0.74,27,-0.0007245554161981729
0.74,28,9.535547887914006e-5
0.74,29,-0.00024147771961039062
0.74,30,-0.0007945729916395514
0.74,31,0.0016260159663832735
0.74,32,-0.0010590231421022114
0.74,33,0.0001396090867940628
0.74,34,0.00046985427297817676
0.74,35,-0.0006095333720339295
0.74,36,0.0006298806850044488
0.74,37,0.0005597372599530446
0.74,38,-0.0006801021527148561
0.74,39,0.0007002668925590997
0.74,40,-0.0005621308373623639
0.74,41,0.0028790181083497837
0.74,42,-0.0002722536330870505
0.74,43,-0.0005297312623452553
0.74,44,0.00039291712781355613
0.74,45,0.0002862844821628119
0.74,46,-0.00019006347502494494
0.74,47,0.00015824747715914467
0.74,48,0.0005807066716825986
0.74,49,0.00035944290001596217
0.74,50,0.0009238449474287915
0.74,51,-0.0012633760645415324
0.74,52,0.0012320765904214558
0.74,53,-0.0010495521929927553
0.74,54,0.00023418301681135694
0.74,55,0.0007225183739232825
0.74,56,-0.0003301644058579169
0.74,57,-0.0016450837953775226
0.74,58,-0.00024870701711104693
0.74,59,-0.00025663043257132613
0.74,60,0.0017196841661977769
0.74,61,-0.0015398930884261849
0.74,62,-0.0002729041953513834
0.74,63,-0.003429576745749145
0.74,64,-0.0006855190945218824
0.74,65,-0.00016965860239260747
0.74,66,-0.0010207721224601842
0.74,67,0.0019391510576599717
0.74,68,-0.0004864455417605745
0.74,69,-0.0010864632993661338
0.74,70,0.0007653219851542527
0.74,71,4.836943512343931e-5
0.74,72,0.0010026923230597752
0.74,73,-0.0025925500955198545
0.74,74,0.0048427768172123525
0.74,75,-0.0014679883928706901
0.74,76,-0.0004307509718370557
0.74,77,-0.002193805706025331
0.74,78,0.0005261876654859493
0.74,79,0.0004119799862903292
0.74,80,0.0018978688481462943
0.74,81,-0.003987402841202774
0.74,82,-0.00038113107824394815
0.74,83,0.0010525007211751698
0.74,84,0.002477888708395549
0.74,85,-0.0016293103534008176
0.74,86,-0.0018429903217743009
0.74,87,-0.0020700132213358905
0.74,88,0.0045216423219605366
0.74,89,-0.0009796895707092563
0.74,90,-0.0005891639756571462
0.74,91,-0.0014808593623999043
0.74,92,-0.0031492418126970382
0.74,93,0.0006772234627140132
0.74,94,0.0019662775583782397
0.74,95,0.0007121423049079081
0.74,96,0.0013159746379428506
0.74,97,0.011358207866347404
0.74,98,0.005705507580277485
0.74,99,0.00590909520099451
0.74,100,0.006560289281859947
0.74,101,0.0024809224367623108
0.74,102,0.00752442087589615
0.74,103,0.01029605394855207
0.74,104,0.00011478879769778927
0.74,105,0.004126602252609639
0.74,106,-0.0013841758965925245
0.74,107,0.003518569820388298
0.74,108,0.0029467604442610096
0.74,109,0.001610265587411598
0.74,110,0.0015367052280354707
0.74,111,0.001980853578889446
0.74,112,-0.0016788299087416205
0.74,113,0.005881548048783117
0.74,114,-0.0007556937041131307
0.74,115,-0.0007564401924273846
0.74,116,0.0034323104547656427
0.74,117,-0.0004417704334165706
0.74,118,-0.0007798599762977893
0.74,119,-0.0011033873341729653
0.74,120,-0.0007163850682441043
0.74,121,0.0035546879030599167
0.74,122,-0.0014581507255985377
0.74,123,0.0019075950600246894
0.74,124,-0.0015927914090562187
0.74,125,0.002774132472009753
0.74,126,-0.0010565596965632562
0.74,127,5.3680560950089304e-5
0.74,128,-0.0012546643198301406
0.74,129,0.001428421568025784
0.74,130,-0.000683364146762826
0.74,131,-8.48748322254645e-5
0.74,132,-0.0004084573218746036
0.74,133,0.0004837185584017347
0.74,134,-0.0011484647215077761
0.74,135,0.00199704664493147
0.74,136,0.0009866219522852995
0.74,137,-3.196308794070732e-5
0.74,138,0.0014485861680476005
0.74,139,0.0003588414296201103
0.74,140,0.002301188751048567
0.74,141,-0.0006969509832183077
0.74,142,0.0015160953414043933
0.74,143,0.00040078530538056244
0.74,144,-0.0009356792436551323
0.74,145,-0.0015801575883089302
0.74,146,-0.0011712704596368308
0.74,147,0.000863987060524888
0.74,148,0.00024818013220897567
0.74,149,-0.00018590086898634446
0.74,150,-0.0005490521778154794
0.74,151,0.00018254726102927445
0.74,152,0.00011869370586465085
0.74,153,-0.0014838068535912884
0.74,154,0.0017560426170854803
0.74,155,-0.0005582364503598075
0.74,156,0.0016296639472089787
0.74,157,-0.0011358392117082894
0.74,158,0.0017766669618535355
0.74,159,-0.001115618015769384
0.74,160,0.0008814965472776333
0.74,161,0.002812151573924172
0.74,162,-0.0039500372360820445
0.74,163,0.0024540843551987455
0.74,164,0.0011240493006752748
0.74,165,0.0010406276591162253
0.74,166,0.0025197181823472725
0.74,167,-0.0007957644304356632
0.74,168,-0.00140691283777845
0.74,169,0.0016474890998890278
0.74,170,-0.0024324620048874193
0.74,171,0.0011684372872327372
0.74,172,4.445897624133021e-5
0.74,173,-0.0011075835724502915
0.74,174,0.0008640510450805154
0.74,175,0.009860094545866435
0.74,176,-0.0001461783164117261
0.74,177,-0.0003032358700622919
0.74,178,0.007512062594573924
0.74,179,0.0017823147920637283
0.74,180,0.007012205215059308
0.74,181,0.003237590306497731
0.74,182,-0.0019666475327339583
0.74,183,0.00017216785022833628
0.74,184,0.0011352225153550965
0.74,185,0.0010553735650423942
0.74,186,-0.00319261015757224
0.74,187,0.003313829846899893
0.74,188,0.009692867650992342
0.74,189,-0.005487683147194215
0.74,190,0.04235196928526502
0.74,191,-0.016369720560606777
0.74,192,0.8781778991680608
0.74,193,0.007379211672064412
0.74,194,0.0006243515267498833
0.74,195,-0.0008338092741410784
0.74,196,-0.0011858322006683421
0.74,197,0.0005093846491739651
0.74,198,0.00010475101742220098
0.75,intercept,-0.0007514866420160012
0.75,1,0.0013048405797108228
0.75,2,0.008398780566295437
0.75,3,0.004860446797535254
0.75,4,-0.0003015265596289802
0.75,5,0.001497090765861809
0.75,6,-0.0024944272049498956
0.75,7,0.0053037199556571395
0.75,8,0.004858954339159754
0.75,9,0.0009050058812523649
0.75,10,0.005137097162003969
0.75,11,-0.00433785611693389
0.75,12,0.004197408048003748
0.75,13,0.0012562416085781505
0.75,14,-0.0004532005477839602
0.75,15,0.002411594216227899
0.75,16,-0.002181689711038596
0.75,17,-0.0006406915388908518
0.75,18,0.002037844024545124
0.75,19,-0.0011715768723565448
0.75,20,0.0015807343715626885
0.75,21,-0.0016156890061243595
0.75,22,0.0016982210206961349
0.75,23,0.00014365017949480378
0.75,24,-0.0003033236437490651
0.75,25,-0.0001696736967296403
0.75,26,-0.0010883624543302495
0.75,27,-0.0007765967212712801
0.75,28,8.80215560664322e-5
0.75,29,9.247781601199713e-5
0.75,30,-0.0009554085298361244
0.75,31,0.0015610994527376592
0.75,32,-0.0009702246999092984
0.75,33,0.00040299150266998805
0.75,34,-0.00010551177020088934
0.75,35,-0.0006316031278498648
0.75,36,0.0007796642123750997
0.75,37,0.0007787259282828032
0.75,38,-0.0010222446296713691
0.75,39,0.0007703606965259218
0.75,40,-0.0007459836882824388
0.75,41,0.0033304299026364003
0.75,42,-0.00041409790533181797
0.75,43,-0.0003177199827995398
0.75,44,0.00029794887459302824
0.75,45,0.00042495235967680844
0.75,46,-0.00046106181026213963
0.75,47,0.000501722315832898
0.75,48,0.0007749302138722538
0.75,49,0.0003010686191097279
0.75,50,0.0009642708837425729
0.75,51,-0.001567574539814343
0.75,52,0.0015700707098821917
0.75,53,-0.0012603385755654514
0.75,54,0.00020750134127698144
0.75,55,0.0007543529733491517
0.75,56,-0.0004272879011604777
0.75,57,-0.0018206154928257646
0.75,58,-0.00013181296841736863
0.75,59,2.2610918431050954e-5
0.75,60,0.0019613555990267654
0.75,61,-0.0017135613722586804
0.75,62,-0.00014799824083223148
0.75,63,-0.0035492769007307128
0.75,64,-0.0006465208223771293
0.75,65,8.518535542203506e-5
0.75,66,-0.0009557956044364822
0.75,67,0.001700611833166194
0.75,68,-0.00074302311559497
0.75,69,-0.0012758572058013565
0.75,70,0.001421709105977719
0.75,71,0.00010553548806226677
0.75,72,0.000965756242711205
0.75,73,-0.002102801284824503
0.75,74,0.0043783090523701485
0.75,75,-0.0013496128166883888
0.75,76,-0.0008981951755204111
0.75,77,-0.0015197966192637743
0.75,78,0.0005821490718093004
0.75,79,-0.0004113993722258418
0.75,80,0.0032616166156670097
0.75,81,-0.004707355568807904
0.75,82,-0.0005538602843441257
0.75,83,0.0009370599562858691
0.75,84,0.004137213646755936
0.75,85,-0.0026431511005540914
0.75,86,-0.0015979968975476262
0.75,87,-0.0030724804982013815
0.75,88,0.004868215659320531
0.75,89,-0.0002658149493612986
0.75,90,0.00024295288806531776
0.75,91,-0.002448871742432478
0.75,92,-0.0038964082892464346
0.75,93,-0.0004206734687421402
0.75,94,0.004179757877545597
0.75,95,0.00011240671510236783
0.75,96,0.0029918477491457434
0.75,97,0.01007530546301462
0.75,98,0.005978411190632734
0.75,99,0.0034525799016470837
0.75,100,0.008508002685737596
0.75,101,0.004125463867808277
0.75,102,0.006671152656013528
0.75,103,0.012300202141368214
0.75,104,-0.0004037266967341449
0.75,105,0.004251160997376743
0.75,106,-0.0012975512439277468
0.75,107,0.004464056534489668
0.75,108,0.002152261093803496
0.75,109,0.0011565066643385237
0.75,110,0.0009058527669547231
0.75,111,0.0032885278645561167
0.75,112,-0.0020237525971021817
0.75,113,0.006273462387890536
0.75,114,-0.001740882572663068
0.75,115,-0.0010593594894847823
0.75,116,0.004449051848888726
0.75,117,-0.0003230411382914364
0.75,118,-0.0011052973109654117
0.75,119,-0.0012326382698042984
0.75,120,-0.0013030541485212258
0.75,121,0.004480479671706883
0.75,122,-0.0016189836580085117
0.75,123,0.0019248427868618534
0.75,124,-0.0009765399107251712
0.75,125,0.0024246182745556837
0.75,126,-0.0007100735475250889
0.75,127,-0.0001586458215777592
0.75,128,-0.0012631809625544546
0.75,129,0.0015138895576668609
0.75,130,-0.0013043827610250969
0.75,131,0.0005462626221002341
0.75,132,-0.0002782175709271748
0.75,133,0.000739318248853942
0.75,134,-0.0012547575621926954
0.75,135,0.0011754491490251404
0.75,136,0.0017752694219389349
0.75,137,5.964801482784566e-5
0.75,138,0.001339261116038486
0.75,139,0.0006103254889353064
0.75,140,0.0018677774667549712
0.75,141,-0.00032483456492693246
0.75,142,0.0018650117467840421
0.75,143,0.0008761609739014858
0.75,144,-0.0013931917550132423
0.75,145,-0.0015953363441566285
0.75,146,-0.001168903871646553
0.75,147,0.000826133634844041
0.75,148,0.00039155353344502307
0.75,149,-4.100472727025184e-5
0.75,150,-0.0007301838624256499
0.75,151,9.98093307654011e-5
0.75,152,0.00035283176350089365
0.75,153,-0.0019577855210016625
0.75,154,0.001553543390078263
0.75,155,-0.0005471304421446551
0.75,156,0.001541525016891349
0.75,157,-0.001182172725813829
0.75,158,0.0016292952049069159
0.75,159,-0.0014515525145669685
0.75,160,0.0017316993048945458
0.75,161,0.002193812161922592
0.75,162,-0.004010097931779365
0.75,163,0.0025230368840733703
0.75,164,0.0015194837962660376
0.75,165,0.0007773314782632117
0.75,166,0.002558252500150124
0.75,167,-0.00021686201340650162
0.75,168,-0.00230279996800315
0.75,169,0.003097569303129021
0.75,170,-0.0030341387778905766
0.75,171,0.0020862027865045972
0.75,172,9.738114250252583e-5
0.75,173,-0.001529753264152282
0.75,174,0.0009108632195496345
0.75,175,0.009513604510614499
0.75,176,4.028353037144595e-5
0.75,177,-0.0005185893749545924
0.75,178,0.007762156800131968
0.75,179,0.0010252285498557215
0.75,180,0.007513879916050485
0.75,181,0.0032711770422749874
0.75,182,-0.001046966871600715
0.75,183,-0.00042541838047839364
0.75,184,0.0016835234140329912
0.75,185,6.184758545256995e-5
0.75,186,-0.0029250803786048446
0.75,187,0.0030591160117708115
0.75,188,0.010111489403285314
0.75,189,-0.007395067247905567
0.75,190,0.046878713208062035
0.75,191,-0.01807341382774674
0.75,192,0.8844149026159915
0.75,193,0.006556790026862672
0.75,194,0.0006192845874399105
0.75,195,-0.0008309802514848229
0.75,196,-0.0014312844221009895
0.75,197,0.0005328374670817504
0.75,198,1.479887303397617e-5
0.76,intercept,-0.0010523525433560207
0.76,1,0.0007322229289658817
0.76,2,0.009163712762642056
0.76,3,0.004607450216293196
0.76,4,-0.00019906225944274738
0.76,5,0.0017972496585000693
0.76,6,-0.002990489041723317
0.76,7,0.005858302110445941
0.76,8,0.00432699938570529
0.76,9,0.0007329805317068862
0.76,10,0.004440521528506217
0.76,11,-0.004059170744234015
0.76,12,0.0033544406657694645
0.76,13,0.002061993799530345
0.76,14,-0.0013335302612716067
0.76,15,0.002486823300944391
0.76,16,-0.0021530373247759162
0.76,17,-0.0007017925415559787
0.76,18,0.0024089782930663446
0.76,19,-0.0011541778083083549
0.76,20,0.0020002008268314255
0.76,21,-0.0021100008923823008
0.76,22,0.0021640044873561352
0.76,23,0.0002674579436711082
0.76,24,-0.00024168733577302644
0.76,25,-0.000595332323934378
0.76,26,-0.0008370139389105864
0.76,27,-0.0007156658534530945
0.76,28,-0.00015763498141113918
0.76,29,3.1495138782670444e-5
0.76,30,-0.0013046231299588497
0.76,31,0.0019146525197379022
0.76,32,-0.001296067414566787
0.76,33,0.0006055236415822372
0.76,34,-0.0002731177085942815
0.76,35,-0.00043324293227493945
0.76,36,0.0006365456668273633
0.76,37,0.0010142715156332147
0.76,38,-0.001495064194471964
0.76,39,0.000947525568220394
0.76,40,-0.000793874638212328
0.76,41,0.0032143544725460587
0.76,42,-7.847817211645888e-5
0.76,43,-0.0009226652166108227
0.76,44,0.00041402384751167436
0.76,45,0.00045557365576555695
0.76,46,-0.00017674189820629578
0.76,47,0.0006188373199433005
0.76,48,0.0008941994557923857
0.76,49,0.0001754351191574356
0.76,50,0.0009739999625589731
0.76,51,-0.0016262437421132412
0.76,52,0.0016038381168002017
0.76,53,-0.0009772827060532236
0.76,54,0.00022605168388368745
0.76,55,0.000637453006001201
0.76,56,-0.0001312151089418641
0.76,57,-0.0019067092618706497
0.76,58,-0.0001476378289680416
0.76,59,-0.00045604862403608466
0.76,60,0.002389460029656713
0.76,61,-0.002071992208511117
0.76,62,4.963701847299848e-5
0.76,63,-0.0038499458810097036
0.76,64,-0.0005109489677205894
0.76,65,-0.0002569855196175818
0.76,66,-0.0006021938990966078
0.76,67,0.0017073479067867166
0.76,68,-0.0007266099027826911
0.76,69,-0.0015402376639651076
0.76,70,0.0010599934849061428
0.76,71,-0.0002910529531468669
0.76,72,0.0016475213044054896
0.76,73,-0.0018871239484417601
0.76,74,0.004086643590010149
0.76,75,-0.0021473317388341303
0.76,76,-0.00017393753876209962
0.76,77,-0.002125369934716057
0.76,78,0.000980560113411088
0.76,79,-0.00086640859671111
0.76,80,0.003752206748936942
0.76,81,-0.005286636788666556
0.76,82,-0.0010926740340532087
0.76,83,0.0019691844845748305
0.76,84,0.0036885684340719053
0.76,85,-0.0030427614899570456
0.76,86,-0.0020653160701401304
0.76,87,-0.0026582848408613596
0.76,88,0.004975167777828669
0.76,89,-0.00046020922287009716
0.76,90,-0.000488328799978349
0.76,91,-0.0016048770708587527
0.76,92,-0.004681738456996696
0.76,93,-0.0003590010485099559
0.76,94,0.006303092668442975
0.76,95,-0.00045176900691501666
0.76,96,0.003973835972873661
0.76,97,0.008648376270827937
0.76,98,0.00509084721189635
0.76,99,0.005060878212448197
0.76,100,0.00948025134375764
0.76,101,0.005193182072983352
0.76,102,0.005408049590409117
0.76,103,0.013306697386428592
0.76,104,-0.0019138591333240952
0.76,105,0.0047591311138189055
0.76,106,-0.002093534763986296
0.76,107,0.0051677925063694004
0.76,108,0.0017229658779198953
0.76,109,0.0008593325705062274
0.76,110,0.0014198854035728636
0.76,111,0.00415644433278699
0.76,112,-0.0014007440463575638
0.76,113,0.005748545517440502
0.76,114,-0.0011759840123170607
0.76,115,-0.001450560900574325
0.76,116,0.004744370506028891
0.76,117,-0.0007867250208369972
0.76,118,-0.0010901748138194003
0.76,119,-0.0011364288097023148
0.76,120,-0.0017116880199472251
0.76,121,0.004846686156480603
0.76,122,-0.00184258684050748
0.76,123,0.002598893538338823
0.76,124,-0.0012707924989296088
0.76,125,0.0028958995753296073
0.76,126,-0.0005242477641936909
0.76,127,-0.0004640360219380748
0.76,128,-0.0013376945858765235
0.76,129,0.0015186635073552116
0.76,130,-0.0014038926821993594
0.76,131,0.0007268326270804152
0.76,132,-0.00030405423235441755
0.76,133,0.0002236490193455675
0.76,134,-0.0008072707177252112
0.76,135,0.0013914028984798573
0.76,136,0.0019958053862903307
0.76,137,-0.0001466943675661462
0.76,138,0.0015940399411793907
0.76,139,0.0012897693782831599
0.76,140,0.0013976976146143584
0.76,141,5.9356661269208315e-5
0.76,142,0.001151225059401822
0.76,143,0.0014041173374464986
0.76,144,-0.002031065926916955
0.76,145,-0.0011308207128850622
0.76,146,-0.001775714479243927
0.76,147,0.0019149629100893928
0.76,148,-0.0005684282947285191
0.76,149,0.0007771450885314506
0.76,150,-0.0013609381002344227
0.76,151,0.00011566632881945144
0.76,152,0.0003006860418064973
0.76,153,-0.0018396975760683265
0.76,154,0.0014137029237397225
0.76,155,-0.0008355607861011762
0.76,156,0.001450791821333063
0.76,157,-0.0012631495514735245
0.76,158,0.001906530915557737
0.76,159,-0.0011905737298652747
0.76,160,0.0010493897113322665
0.76,161,0.0026638296368350026
0.76,162,-0.003459823138800575
0.76,163,0.0034005184913168504
0.76,164,0.0007478159089893978
0.76,165,0.001514907315197274
0.76,166,0.0027305648150422112
0.76,167,-0.00038647242516017303
0.76,168,-0.0025725132705793487
0.76,169,0.004693636613215527
0.76,170,-0.003293110725719822
0.76,171,0.0027305562122152123
0.76,172,-0.0004916343647991083
0.76,173,-0.001919483308446443
0.76,174,0.0004415207513129614
0.76,175,0.009442363597874707
0.76,176,-7.006903059932037e-5
0.76,177,-0.0005488113978429249
0.76,178,0.008382590807180667
0.76,179,0.0018217027669244264
0.76,180,0.007303823905245568
0.76,181,0.005468959998102152
0.76,182,-0.0015734630128049385
0.76,183,-0.0004756318982016537
0.76,184,0.00090910302132964
0.76,185,0.0006806888331522609
0.76,186,-0.00392443524444356
0.76,187,0.0037655996768213274
0.76,188,0.010023634893700152
0.76,189,-0.007865154712511986
0.76,190,0.048530481975877955
0.76,191,-0.019447879094592203
0.76,192,0.8926020862376957
0.76,193,0.006821417060458863
0.76,194,0.0009695979274010133
0.76,195,-0.0008690832148690688
0.76,196,-0.0016206593596548365
0.76,197,0.0005765419798298727
0.76,198,-7.316236742148198e-5
0.77,intercept,-0.0013218474733303885
0.77,1,0.0004651110422914345
0.77,2,0.009993214163432029
0.77,3,0.003579792262657221
0.77,4,-0.0005280946051485295
0.77,5,0.0013959327839771895
0.77,6,-0.002286015848795652
0.77,7,0.004498094077444666
0.77,8,0.006181922747670943
0.77,9,0.0004757300280257907
0.77,10,0.006455675293357751
0.77,11,-0.006115002043821574
0.77,12,0.004163861652619248
0.77,13,0.001475163759201295
0.77,14,-0.001465742964023515
0.77,15,0.0027623242486074237
0.77,16,-0.0019810390156769705
0.77,17,0.00018699104595004025
0.77,18,0.001999515444393022
0.77,19,-0.0006401392878550283
0.77,20,0.0017742150432237638
0.77,21,-0.0018846722383024297
0.77,22,0.0025668236038548535
0.77,23,0.00019624358977029594
0.77,24,9.32378314137111e-5
0.77,25,-0.0012442474067931944
0.77,26,-0.0008778029618913832
0.77,27,-0.0006072240024455706
0.77,28,-0.0005140906246114125
0.77,29,0.00021662152960678075
0.77,30,-0.0017477475393547067
0.77,31,0.0022611051891277484
0.77,32,-0.001779308554608986
0.77,33,0.0008474701217540528
0.77,34,-0.00041940828537875504
0.77,35,-0.0005914588437090753
0.77,36,0.0009771897132814162
0.77,37,0.0004779368344984207
0.77,38,-0.0011610352071386887
0.77,39,0.0006173822611925842
0.77,40,-0.00044191885098954475
0.77,41,0.0033757440042458376
0.77,42,0.00014000855434827104
0.77,43,-0.0012631183715161752
0.77,44,0.001152653113543332
0.77,45,9.692748542150382e-5
0.77,46,-0.0002869957053415963
0.77,47,0.00038892750994378496
0.77,48,0.0009701911231282844
0.77,49,0.00038048201440503085
0.77,50,0.000581395494831769
0.77,51,-0.0014694813196255083
0.77,52,0.001463381517347083
0.77,53,-0.0005499090580271869
0.77,54,0.00012579873368255307
0.77,55,0.00044261572147005784
0.77,56,-0.00026522890498729843
0.77,57,-0.0018472700862243313
0.77,58,-0.0008070047545140665
0.77,59,0.00010131629168558097
0.77,60,0.0028656442913179933
0.77,61,-0.002363977382274778
0.77,62,0.00020938576859388364
0.77,63,-0.00404303220869182
0.77,64,-0.0009800099872969347
0.77,65,0.00040396408420735564
0.77,66,-0.0004287548731189122
0.77,67,0.0015047367151130606
0.77,68,-0.0006757982365496203
0.77,69,-0.0017154008096029495
0.77,70,0.0007971751450718806
0.77,71,-1.2620975322245411e-5
0.77,72,0.0017727265412153309
0.77,73,-0.002425230062093852
0.77,74,0.0046731573930311665
0.77,75,-0.0025007209452755615
0.77,76,-0.000187734915552283
0.77,77,-0.00247628627330554
0.77,78,0.0004656980485653892
0.77,79,-0.0005278837886847754
0.77,80,0.004275937505088743
0.77,81,-0.004923012357274271
0.77,82,-0.002682326886508798
0.77,83,0.0033898977998764067
0.77,84,0.00321154231141991
0.77,85,-0.0024299594154868613
0.77,86,-0.002577795068089509
0.77,87,-0.002112175918411348
0.77,88,0.005133443120168655
0.77,89,-0.0003573275377063146
0.77,90,-0.000567990123014622
0.77,91,-0.0010199474507457632
0.77,92,-0.0054353245439020745
0.77,93,-0.0006702733784594029
0.77,94,0.00667302885540416
0.77,95,-0.0013612779391257448
0.77,96,0.004138550089761331
0.77,97,0.009051237161830183
0.77,98,0.005592271406584056
0.77,99,0.005206611347204756
0.77,100,0.0118898426570244
0.77,101,0.0033468720346283825
0.77,102,0.006642216868321476
0.77,103,0.01213610608162036
0.77,104,-0.0014223832783845528
0.77,105,0.0029373802796617706
0.77,106,-0.0016943728992964387
0.77,107,0.0068341426480603975
0.77,108,0.0015182836905639503
0.77,109,0.0008475789698409856
0.77,110,0.0008069274428327113
0.77,111,0.004307930360361012
0.77,112,-0.001711718051058962
0.77,113,0.006779393971174497
0.77,114,-0.0013414618011552428
0.77,115,-0.0017642781197781965
0.77,116,0.005421083296925241
0.77,117,-0.0015756165364974137
0.77,118,-0.0010725551633945331
0.77,119,-0.0014004502809226499
0.77,120,-0.0013407121239542561
0.77,121,0.005388795430953496
0.77,122,-0.0022743252914393655
0.77,123,0.003350055461766876
0.77,124,-0.002300932638449452
0.77,125,0.0032831367716514574
0.77,126,-0.0004175837679992369
0.77,127,-0.0010196202640771152
0.77,128,-0.0005400266774441678
0.77,129,0.0009620622820125982
0.77,130,-0.0011841165521112153
0.77,131,0.0006554964807275608
0.77,132,-0.0004100344651023788
0.77,133,-5.37528850146788e-5
0.77,134,-0.0010329152869712006
0.77,135,0.0017701217314389005
0.77,136,0.0018715427796263803
0.77,137,7.917540935100523e-5
0.77,138,0.0010412889232897496
0.77,139,0.0014271468040733843
0.77,140,0.0015101404184636885
0.77,141,-0.00019263824479402446
0.77,142,0.0014414735722448153
0.77,143,0.0012655808649514157
0.77,144,-0.0015949955527490547
0.77,145,-0.0008789322059718249
0.77,146,-0.0011345606868042439
0.77,147,0.0014096528678107575
0.77,148,-0.0004163554192924804
0.77,149,0.001050543324280486
0.77,150,-0.0020200204624536483
0.77,151,0.0007611919545271356
0.77,152,0.00031216125728243075
0.77,153,-0.00164598373832827
0.77,154,0.001336668180716802
0.77,155,-0.0011412299003723456
0.77,156,0.0014635521418739094
0.77,157,-0.001509898538084779
0.77,158,0.0022502866183947137
0.77,159,-0.0012734210318000895
0.77,160,0.0010296000974960155
0.77,161,0.002730418201128727
0.77,162,-0.003821269041004539
0.77,163,0.00400832570412304
0.77,164,0.001296940713065678
0.77,165,0.0007773697546896113
0.77,166,0.002661208349325731
0.77,167,-0.00019883227926852556
0.77,168,-0.002961135912046604
0.77,169,0.0054054479203857865
0.77,170,-0.003964710027455115
0.77,171,0.003990281937035533
0.77,172,-0.0010071910625696233
0.77,173,-0.0019560711533348368
0.77,174,-0.0005288926483508861
0.77,175,0.009768916681256274
0.77,176,-0.0007316065041841931
0.77,177,-0.0004938281046015611
0.77,178,0.010083621342908742
0.77,179,0.0020502309311568605
0.77,180,0.007973006191771437
0.77,181,0.0044489970447179825
0.77,182,-0.0005490968131014267
0.77,183,-0.0017358539674826308
0.77,184,0.0011509485792907605
0.77,185,-0.000605449557443063
0.77,186,-0.0037034693007858104
0.77,187,0.003798882030097583
0.77,188,0.010468628422233492
0.77,189,-0.009347315968214625
0.77,190,0.05217314988861931
0.77,191,-0.020553595336804936
0.77,192,0.9007996065999467
0.77,193,0.006740594967995457
0.77,194,0.0016825970715297848
0.77,195,-0.0008851363762840287
0.77,196,-0.0018834341700620185
0.77,197,0.0005901699746569136
0.77,198,-0.00014526416183228237
0.78,intercept,-0.0015775663896909048
0.78,1,0.0005473997414999597
0.78,2,0.009661351526628415
0.78,3,0.0034653525652559203
0.78,4,0.0016480959314964978
0.78,5,0.0013407724086010246
0.78,6,-0.003804112061507076
0.78,7,0.004203102475449191
0.78,8,0.007464238692137889
0.78,9,0.00041100736438977255
0.78,10,0.006208106730118491
0.78,11,-0.006229799600531061
0.78,12,0.0033970936148507067
0.78,13,0.0028377811779048624
0.78,14,-0.0015128948979620542
0.78,15,0.0021218931840436017
0.78,16,-0.0020420924943925513
0.78,17,0.00034989482634787
0.78,18,0.0004651019291882491
0.78,19,0.0004397687874553935
0.78,20,0.0021340722312804708
0.78,21,-0.0019774050760080824
0.78,22,0.002487438009389195
0.78,23,0.0003988275502655967
0.78,24,-0.0003201379194832252
0.78,25,-0.0008876065829068455
0.78,26,-0.0006179378727401137
0.78,27,-0.001196246719612949
0.78,28,-0.00047233197527689715
0.78,29,-0.000145684802592978
0.78,30,-0.0016250856137244054
0.78,31,0.0021381809311861724
0.78,32,-0.0018101157249985188
0.78,33,0.0009741426021862704
0.78,34,-0.0009723586124940703
0.78,35,0.00014177326718758137
0.78,36,0.0004903382382677971
0.78,37,0.0010654759886740068
0.78,38,-0.001388113178424461
0.78,39,0.0008062288921234964
0.78,40,-0.00014039398002592006
0.78,41,0.003307487259500688
0.78,42,0.0002564317995782
0.78,43,-0.0012271154292101795
0.78,44,0.001095619091849313
0.78,45,3.661087990411198e-5
0.78,46,-0.0005331140299441252
0.78,47,0.0004421543025484411
0.78,48,0.0009540786795307192
0.78,49,-1.2021024709611579e-6
0.78,50,0.0017109551585345805
0.78,51,-0.0022750928749820567
0.78,52,0.0016127160892507872
0.78,53,-4.3118028871990285e-5
0.78,54,-3.9982079199535125e-5
0.78,55,0.0004526712563039562
0.78,56,0.0002992824256480666
0.78,57,-0.002234754424324241
0.78,58,-0.0006659076012858464
0.78,59,0.0001476548592318124
0.78,60,0.003295824996405738
0.78,61,-0.003049489150429577
0.78,62,-0.0001440630458886809
0.78,63,-0.004046667049281418
0.78,64,-0.0009702627848672321
0.78,65,-5.764035929950506e-5
0.78,66,-0.00024908516344192353
0.78,67,0.0013146696773456896
0.78,68,-0.001159477051333857
0.78,69,-0.0012968930279642344
0.78,70,0.0006342296483030986
0.78,71,-0.0006843636926570951
0.78,72,0.001467182146054021
0.78,73,-0.0011596144565541391
0.78,74,0.00469209855102717
0.78,75,-0.003217292435058456
0.78,76,0.0003643943363901292
0.78,77,-0.002877206599854959
0.78,78,0.0005154985236319752
0.78,79,-0.0012310015921457246
0.78,80,0.005939025240742756
0.78,81,-0.00458908648768461
0.78,82,-0.0027677580503230543
0.78,83,0.002695056968204976
0.78,84,0.0036407565394262252
0.78,85,-0.0032454407010212407
0.78,86,-0.0017379753982978
0.78,87,-0.003586920974088897
0.78,88,0.00568229245125179
0.78,89,-0.0008436977268865433
0.78,90,-0.0002232995021862489
0.78,91,-0.002290814457866553
0.78,92,-0.0040823059297477905
0.78,93,-0.001616415013302453
0.78,94,0.007273622147829785
0.78,95,-0.0005090509683919904
0.78,96,0.004731658373901689
0.78,97,0.00643596482678231
0.78,98,0.0057745903245392536
0.78,99,0.006144469424385985
0.78,100,0.011304231320242292
0.78,101,0.004928380940348762
0.78,102,0.007221099765535119
0.78,103,0.009814060955465723
0.78,104,-0.0010947378989664665
0.78,105,0.002865240841951761
0.78,106,-0.0012223205463327796
0.78,107,0.006586930841371032
0.78,108,0.003096524351838585
0.78,109,0.0013967188767415094
0.78,110,0.002497187034057935
0.78,111,0.005195548737669258
0.78,112,-0.002244226318013902
0.78,113,0.007159493065427618
0.78,114,-0.0021331109721098884
0.78,115,-0.0016888604483429217
0.78,116,0.005224602850192717
0.78,117,-0.001935318336797196
0.78,118,-0.0011367001190683054
0.78,119,-0.001319262280303083
0.78,120,-0.0010185270360843247
0.78,121,0.004803047267603099
0.78,122,-0.0022219929264042973
0.78,123,0.003476053976983729
0.78,124,-0.002293312725234521
0.78,125,0.003590693113031412
0.78,126,-0.0004962684114013397
0.78,127,-0.0010838010836517853
0.78,128,-0.00038564805458731475
0.78,129,0.0016117032529713736
0.78,130,-0.0017682751881881445
0.78,131,0.0007351207642659918
0.78,132,-0.00035831023928499967
0.78,133,-0.0002697246226415545
0.78,134,-0.0018596149870526804
0.78,135,0.0026362668445161423
0.78,136,0.0018531729955599586
0.78,137,8.379854346549544e-5
0.78,138,0.0011485606040417783
0.78,139,0.0018436324985401523
0.78,140,0.0010005684464388445
0.78,141,0.00039754669666538297
0.78,142,0.0013862983862886619
0.78,143,0.0016504571681740419
0.78,144,-0.0018385393657361423
0.78,145,-0.0009908153107623901
0.78,146,-0.0016776125247303056
0.78,147,0.0016164974396939123
0.78,148,-0.0004887756554610838
0.78,149,0.0012498787111199566
0.78,150,-0.0023036618517105153
0.78,151,0.0010035597964605225
0.78,152,-0.00020547023424160953
0.78,153,-0.0013426665645593933
0.78,154,0.0009661554652632736
0.78,155,-0.0013784941530593927
0.78,156,0.0009211448443103209
0.78,157,-0.0016195248153913922
0.78,158,0.0023354425997694746
0.78,159,-0.00027027830605948964
0.78,160,0.0008647286849080992
0.78,161,0.003559337630032049
0.78,162,-0.004402015355406422
0.78,163,0.003687629259464876
0.78,164,0.00201186954923867
0.78,165,0.0009550740820332622
0.78,166,0.0023035281182750425
0.78,167,0.0009926713160802614
0.78,168,-0.004072559202581454
0.78,169,0.005722067125323214
0.78,170,-0.0046406799864995305
0.78,171,0.0048894192399710455
0.78,172,-0.0014138530699980415
0.78,173,-0.0014386776246137541
0.78,174,-0.0015005459703753164
0.78,175,0.009585342262121802
0.78,176,0.0001083908838114252
0.78,177,0.000327703850664387
0.78,178,0.010884853959676833
0.78,179,0.002635633422077406
0.78,180,0.009984548205026455
0.78,181,0.002567695154411572
0.78,182,-0.0005210121833995412
0.78,183,-0.0034605582132138804
0.78,184,0.00341909108764465
0.78,185,-0.0018977919095050089
0.78,186,-0.0033376090577659674
0.78,187,0.0025099927658890765
0.78,188,0.009409356143329268
0.78,189,-0.010499934193158079
0.78,190,0.05689285978788123
0.78,191,-0.018213414210056685
0.78,192,0.9056118414927357
0.78,193,0.007525673471097845
0.78,194,0.0012820439417324265
0.78,195,-0.0008646428924340434
0.78,196,-0.002139317441615583
0.78,197,0.0005951881921238084
0.78,198,-0.00020613881523558805
0.79,intercept,-0.002067250781968994
0.79,1,-0.0004922262695971445
0.79,2,0.01140322783037989
0.79,3,0.002367465257914576
0.79,4,0.00428244035843892
0.79,5,-0.0006614926849054978
0.79,6,-0.004473653984938416
0.79,7,0.0024038407351803424
0.79,8,0.009689617489495766
0.79,9,0.0012218477984044939
0.79,10,0.006601659942000029
0.79,11,-0.006884999217329445
0.79,12,0.0037404757541269706
0.79,13,0.0028739183055209146
0.79,14,-0.0010368081456292226
0.79,15,0.0022862417001374476
0.79,16,-0.0019032309734164294
0.79,17,0.00012726841262116734
0.79,18,-0.0004436490225545941
0.79,19,0.0006683567462201864
0.79,20,0.0033337792646784222
0.79,21,-0.0026860178966728117
0.79,22,0.001901156721774496
0.79,23,0.002483077594951159
0.79,24,-0.0015841119220447004
0.79,25,-0.0003325516469051635
0.79,26,-0.0014918878521356668
0.79,27,-0.0012749617463277464
0.79,28,-0.00021899803275083615
0.79,29,-0.00028151008357845157
0.79,30,-0.0017332206032642547
0.79,31,0.001888009455155887
0.79,32,-0.0017246856525952668
0.79,33,0.0005847231988286441
0.79,34,-0.0010321502030004042
0.79,35,0.000145871961059322
0.79,36,0.0001115330093317019
0.79,37,0.0018677410475957687
0.79,38,-0.0010249147248512953
0.79,39,0.00019832787407352343
0.79,40,0.0012674469269875785
0.79,41,0.002857594284566021
0.79,42,0.0005591483466184974
0.79,43,-0.0013865414320717406
0.79,44,0.0012954050716126536
0.79,45,0.00026380536580983694
0.79,46,-0.0008451379650732935
0.79,47,0.000462260762564604
0.79,48,0.0012472858076871243
0.79,49,-9.707508190451793e-5
0.79,50,0.0023643880247279096
0.79,51,-0.00254498426289019
0.79,52,0.00228437856457222
0.79,53,-0.0011901949088317324
0.79,54,7.98961830437458e-6
0.79,55,5.7393569009023226e-5
0.79,56,0.0009158047535156879
0.79,57,-0.0021589403060687943
0.79,58,-0.0007785497497607115
0.79,59,-2.3207688005192433e-5
0.79,60,0.003674972230519584
0.79,61,-0.003386326039079904
0.79,62,-5.523593604313819e-5
0.79,63,-0.004432216088514858
0.79,64,-0.0006022391787566114
0.79,65,-0.0007663350350507549
0.79,66,0.00023971701426085402
0.79,67,0.0012905249571480823
0.79,68,-0.00020025270253207504
0.79,69,-0.0019508907223685103
0.79,70,0.0005343462561048514
0.79,71,-0.0007990925024637559
0.79,72,0.0022316364250201267
0.79,73,-0.0021127360667782037
0.79,74,0.005196528077585587
0.79,75,-0.003387145614269163
0.79,76,0.00017191447062620682
0.79,77,-0.0025503880029050826
0.79,78,0.0001390977083438786
0.79,79,-0.00043573399889603137
0.79,80,0.004674130757842123
0.79,81,-0.003925208142428479
0.79,82,-0.0035044617205463057
0.79,83,0.003424831436408395
0.79,84,0.003352732973091373
0.79,85,-0.0028547467009045523
0.79,86,-0.0017348707503105985
0.79,87,-0.0035926779602462604
0.79,88,0.004675608238348666
0.79,89,0.000908148654942479
0.79,90,-0.0011980394467593957
0.79,91,-0.0009870064224678636
0.79,92,-0.005090660207633711
0.79,93,-0.0013878106198502388
0.79,94,0.006766523117664191
0.79,95,-0.001051693954564897
0.79,96,0.005764012495254587
0.79,97,0.006764653862857196
0.79,98,0.004216755697952927
0.79,99,0.0067824091051917
0.79,100,0.011642981430479187
0.79,101,0.003117467814078364
0.79,102,0.008032733775089862
0.79,103,0.008937414126720455
0.79,104,-0.000443596259531148
0.79,105,0.0028422550345338976
0.79,106,-0.0003981290684923479
0.79,107,0.007204045658764446
0.79,108,0.0022564902268686383
0.79,109,0.001993321386427457
0.79,110,0.0014911837239249273
0.79,111,0.007179526068342365
0.79,112,-0.002709475126258698
0.79,113,0.0068324400664586254
0.79,114,-0.0017119551336903065
0.79,115,-0.0025766476429495426
0.79,116,0.006720149342122822
0.79,117,-0.0025816532376248128
0.79,118,-0.0006578285244825836
0.79,119,-0.0016578785801124461
0.79,120,-0.0008241813989105259
0.79,121,0.0046574410034690905
0.79,122,-0.002357901475418114
0.79,123,0.004233837420201926
0.79,124,-0.0033283023949151076
0.79,125,0.0045076550947595944
0.79,126,-0.0008576150412275764
0.79,127,-0.0009366548808356849
0.79,128,-0.000537391621196653
0.79,129,0.0019085122624502742
0.79,130,-0.001905965751457665
0.79,131,0.0005022722699701137
0.79,132,-0.00026675318835202
0.79,133,-0.00101223999945292
0.79,134,-0.001268987779262442
0.79,135,0.002068675664389439
0.79,136,0.0025511823008759794
0.79,137,-0.00046333511491485996
0.79,138,0.0013284434513432396
0.79,139,0.0020138833598019714
0.79,140,0.000771923816860992
0.79,141,0.0015163796686417865
0.79,142,0.0005355899820330877
0.79,143,0.0023471852965003042
0.79,144,-0.0023125794338385735
0.79,145,-0.0004234914107245697
0.79,146,-0.001637083291170741
0.79,147,0.00181739922707929
0.79,148,-0.00025988078674179014
0.79,149,0.0008945014909246111
0.79,150,-0.0021252535669836433
0.79,151,0.0012374082645112327
0.79,152,-0.000878502275626209
0.79,153,-0.0015610333063568614
0.79,154,0.0016284731647406364
0.79,155,-0.0018033757033434645
0.79,156,0.0008694050577328506
0.79,157,-0.001383710829619349
0.79,158,0.0021509415419834208
0.79,159,0.0001453263572910072
0.79,160,0.00025839197752593716
0.79,161,0.005835109288818376
0.79,162,-0.004805380679580894
0.79,163,0.0028957221790995
0.79,164,0.0021912383340342585
0.79,165,0.00046354173886042877
0.79,166,0.002113530714843622
0.79,167,0.0014581651104018944
0.79,168,-0.0041367188656858
0.79,169,0.005875095873331805
0.79,170,-0.005326269609900921
0.79,171,0.0053776942199577765
0.79,172,-0.00111361870060735
0.79,173,-0.0017232447725487484
0.79,174,-0.0007682331568612589
0.79,175,0.010637745575553584
0.79,176,0.0004141404174169471
0.79,177,0.0005682857723525424
0.79,178,0.010359034398665899
0.79,179,0.0026166934167548748
0.79,180,0.009593173747833233
0.79,181,0.002539782190605459
0.79,182,-0.0006320210417323782
0.79,183,-0.0018607714705274974
0.79,184,0.002743145450301381
0.79,185,-0.0011656648099479968
0.79,186,-0.004842931255019998
0.79,187,0.0008342054241709583
0.79,188,0.009102958351743604
0.79,189,-0.009387130099927674
0.79,190,0.059966698860174326
0.79,191,-0.020987285870770544
0.79,192,0.916265468713857
0.79,193,0.008170042560794406
0.79,194,0.0035368264409750224
0.79,195,-0.0008122545307655993
0.79,196,-0.0024579610583394386
0.79,197,0.0005864393601592842
0.79,198,-0.0003067838177076689
0.8,intercept,-0.0025313532342883206
0.8,1,-0.0014002779213484603
0.8,2,0.013034065595024824
0.8,3,0.002551444709976796
0.8,4,0.003218897143210432
0.8,5,0.00014312520246592954
0.8,6,-0.00536890885431082
0.8,7,0.002175844701978814
0.8,8,0.009692406887611157
0.8,9,0.0010462568243292303
0.8,10,0.007908111059465978
0.8,11,-0.006845387002016596
0.8,12,0.0036228557300176357
0.8,13,0.004128531800406818
0.8,14,-0.001731878989617608
0.8,15,0.0033911383019406024
0.8,16,-0.0018128373320280928
0.8,17,0.001149386261212683
0.8,18,-0.002400496594135603
0.8,19,0.002217294175594
0.8,20,0.003140194984970069
0.8,21,-0.00315535661964913
0.8,22,0.0018858353250708706
0.8,23,0.0033243117184872557
0.8,24,-0.001378983621662527
0.8,25,8.463332030726427e-5
0.8,26,-0.0025245629829067544
0.8,27,-0.0007937958084314069
0.8,28,-0.0002806877003457403
0.8,29,-0.00033989569410017994
0.8,30,-0.0018451324777303294
0.8,31,0.0021179646205526656
0.8,32,-0.00199424050364141
0.8,33,0.0009652136890985743
0.8,34,-0.0017393328165807313
0.8,35,0.0005856785256727033
0.8,36,0.0003598912249750114
0.8,37,0.0017140912736600502
0.8,38,-0.0015423373524584766
0.8,39,0.0009301434130349222
0.8,40,0.0005238586885391122
0.8,41,0.00287729910427396
0.8,42,0.001091245754504183
0.8,43,-0.0010957079569653622
0.8,44,0.0007279073342546907
0.8,45,-0.00078941909892348
0.8,46,-5.61932435378139e-5
0.8,47,0.00019542722449029278
0.8,48,0.0016441562404223178
0.8,49,0.00019759389856931244
0.8,50,0.0023557508355548026
0.8,51,-0.002518925755277027
0.8,52,0.0022542504527915674
0.8,53,-0.00036977663350968237
0.8,54,-0.0006046250456220773
0.8,55,0.000942805370382919
0.8,56,0.0009020192737238438
0.8,57,-0.002652169765855762
0.8,58,-0.0007901629362433002
0.8,59,-0.0003526746970513647
0.8,60,0.003925222144591485
0.8,61,-0.003713257119790409
0.8,62,0.0001395036479419576
0.8,63,-0.004845635565451247
0.8,64,-0.0008411515566931677
0.8,65,-0.0010392896713684856
0.8,66,0.0004575872547978581
0.8,67,0.0012743133668582864
0.8,68,-0.0004892655086956622
0.8,69,-0.0019378337083008246
0.8,70,0.0010904076959126676
0.8,71,-0.000729661500765718
0.8,72,0.002519490104707863
0.8,73,-0.002034581902306555
0.8,74,0.005350237964471065
0.8,75,-0.0032645028802444367
0.8,76,-0.0010561742691081871
0.8,77,-0.001996797580316335
0.8,78,-0.0007926416601480909
0.8,79,0.001179061075413618
0.8,80,0.003332373993036715
0.8,81,-0.0036242591218152305
0.8,82,-0.004296165517907289
0.8,83,0.003915545310344471
0.8,84,0.0037091937958748863
0.8,85,-0.002554569708470782
0.8,86,-0.0021559829550386956
0.8,87,-0.0011431759020274516
0.8,88,0.003241774107482268
0.8,89,0.0009146218882130392
0.8,90,-0.0015448972183009463
0.8,91,-0.000849687082279382
0.8,92,-0.005958130597061847
0.8,93,-0.00134227820883835
0.8,94,0.005157204932805647
0.8,95,-0.001330641863888673
0.8,96,0.0063246311717635945
0.8,97,0.00776909644398477
0.8,98,0.0038359283934040526
0.8,99,0.006668491305701739
0.8,100,0.010902432169372592
0.8,101,0.0027260049826570423
0.8,102,0.008833175875790283
0.8,103,0.008023045545605335
0.8,104,-0.001788398656778313
0.8,105,0.005045000005917297
0.8,106,-0.00036618137409472534
0.8,107,0.00543298488684781
0.8,108,0.0033851591545130968
0.8,109,0.002173115716097704
0.8,110,0.0012717277322472401
0.8,111,0.007471639671258571
0.8,112,-0.0027245657289096292
0.8,113,0.006938944228116958
0.8,114,-0.0027794733852029006
0.8,115,-0.0015851519245323792
0.8,116,0.006534700028912111
0.8,117,-0.002158994625766288
0.8,118,-0.0021794612102971327
0.8,119,-0.0010527221860590504
0.8,120,-0.0010494601326565798
0.8,121,0.0055309617014363465
0.8,122,-0.003382678213734212
0.8,123,0.0048466153676519205
0.8,124,-0.0028251924766088746
0.8,125,0.004386672645477523
0.8,126,-0.0010356618358256812
0.8,127,-0.001161667092611397
0.8,128,0.00016900710713115658
0.8,129,0.001861124821916688
0.8,130,-0.0020637023278931316
0.8,131,0.0004484103715487504
0.8,132,-0.00012114521727000054
0.8,133,-0.0011139553747025162
0.8,134,-0.0013445619101409433
0.8,135,0.0023938720797058656
0.8,136,0.0028140751448786643
0.8,137,0.00010238807793167709
0.8,138,0.0014019711412242583
0.8,139,0.0015321408641669556
0.8,140,0.0016047060828322125
0.8,141,0.0017966075567038245
0.8,142,-7.710635844790069e-5
0.8,143,0.0019578952266212455
0.8,144,-0.001351025111680925
0.8,145,-0.00012742241762686186
0.8,146,-0.0017764005094306346
0.8,147,0.0020519922289429404
0.8,148,0.0009987028930333105
0.8,149,0.0003298906976827265
0.8,150,-0.0019723901886956855
0.8,151,0.000655703013254139
0.8,152,-0.0011251634441286538
0.8,153,-0.0017803723672605684
0.8,154,0.0013298108800155225
0.8,155,-0.0017589549881922332
0.8,156,0.0004253338291416743
0.8,157,-0.001376879737549926
0.8,158,0.0010045123904276337
0.8,159,0.0009414164237239528
0.8,160,0.0009865308600328726
0.8,161,0.00600642417231869
0.8,162,-0.00517939796805143
0.8,163,0.0022336288495015486
0.8,164,0.0023945090953449927
0.8,165,0.0016013300237641913
0.8,166,0.0020509716844727814
0.8,167,0.0011606317867414713
0.8,168,-0.004952284004492402
0.8,169,0.006266999953392303
0.8,170,-0.005885493134157853
0.8,171,0.0069896434615101385
0.8,172,-0.002464675112730784
0.8,173,-0.0014369449788324837
0.8,174,0.0016761659299471456
0.8,175,0.009928897653883209
0.8,176,0.0007829872035765482
0.8,177,0.0009048846845373191
0.8,178,0.009547303153401961
0.8,179,0.000505241047270544
0.8,180,0.01100057135282088
0.8,181,0.0016331803845537917
0.8,182,0.001631952558401353
0.8,183,-0.0015465744698066877
0.8,184,0.003395693649136871
0.8,185,-0.0007286615917129688
0.8,186,-0.0062164417713428816
0.8,187,0.0011894904800656345
0.8,188,0.009034636846199762
0.8,189,-0.010823223385421942
0.8,190,0.06307028490086673
0.8,191,-0.023056265042863264
0.8,192,0.9309531624696161
0.8,193,0.008112236822995158
0.8,194,0.0036159759059297015
0.8,195,-0.0008492388665594233
0.8,196,-0.002745229017328557
0.8,197,0.0005900455656786593
0.8,198,-0.0003978647446346035
0.81,intercept,-0.003161375504036831
0.81,1,-0.00034403101866298626
0.81,2,0.01306032216122051
0.81,3,0.0039004629001323722
0.81,4,0.002934563023779681
0.81,5,0.0001188459787233157
0.81,6,-0.0064995940312798095
0.81,7,0.0019377791716137173
0.81,8,0.008933115277041414
0.81,9,0.0005726492763650628
0.81,10,0.009334062005627964
0.81,11,-0.007680911902591153
0.81,12,0.0043687709336864096
0.81,13,0.0033731357869308145
0.81,14,-0.000737810877521014
0.81,15,0.003988328292972051
0.81,16,-0.0029085773737400596
0.81,17,0.0011889397465263375
0.81,18,-0.00182793520633114
0.81,19,0.0021458696261995747
0.81,20,0.0037104721616422823
0.81,21,-0.003925897336559673
0.81,22,0.002662911982871614
0.81,23,0.002275236613875898
0.81,24,-0.0008516832956810683
0.81,25,-0.0006332989159382758
0.81,26,-0.0023695899069465305
0.81,27,-0.0009284952791302783
0.81,28,-0.0005261123034741719
0.81,29,2.9806017745149885e-5
0.81,30,-0.0015433719307819018
0.81,31,0.002109450323515009
0.81,32,-0.0015565707859982868
0.81,33,0.0009533708081163893
0.81,34,-0.0026672875220176673
0.81,35,0.00041583317037111733
0.81,36,0.00031632431228655283
0.81,37,0.0019914385671999696
0.81,38,-0.001312078456159546
0.81,39,0.0004556346079129171
0.81,40,0.0005529729874579415
0.81,41,0.0025849714632805226
0.81,42,0.001836086905724226
0.81,43,-0.0015416344411062193
0.81,44,0.0006775913269530118
0.81,45,-0.0005412534163253509
0.81,46,0.0008574851523333528
0.81,47,1.7856867871738176e-5
0.81,48,0.0009505266554123879
0.81,49,0.0004759467718525488
0.81,50,0.0018651477758737961
0.81,51,-0.0022916777013403194
0.81,52,0.0022792564302303994
0.81,53,-0.0006425667652469239
0.81,54,-0.0006309516256042967
0.81,55,0.0009126684894653407
0.81,56,0.0004364861448989439
0.81,57,-0.002531823573387108
0.81,58,3.09769868875096e-5
0.81,59,-0.0006749131577879698
0.81,60,0.003558317540807386
0.81,61,-0.002951813034707547
0.81,62,-0.00036530698908615036
0.81,63,-0.004837953402102602
0.81,64,-0.0018831529237528927
0.81,65,-0.0006100261796991073
0.81,66,0.0010762902807526689
0.81,67,0.0007043061099502633
0.81,68,-0.0009772578589805853
0.81,69,-0.0019175281499504554
0.81,70,0.0016002317957544187
0.81,71,0.00038274736743411044
0.81,72,0.0011268384756429094
0.81,73,-0.0021192300697046086
0.81,74,0.004623317485511688
0.81,75,-0.002669977844290018
0.81,76,-0.0008248547503750824
0.81,77,-0.001995251621170082
0.81,78,-0.0015379925186661597
0.81,79,0.0020067890900891876
0.81,80,0.0023890282251852494
0.81,81,-0.002684636764846342
0.81,82,-0.005039931045106567
0.81,83,0.004494510098547284
0.81,84,0.003887956117754797
0.81,85,-0.003903054656487295
0.81,86,-0.0020984149306313084
0.81,87,-0.0018864563699969826
0.81,88,0.003830249659914501
0.81,89,0.0023067793615725307
0.81,90,-0.0003629844652182347
0.81,91,-0.002565283924766892
0.81,92,-0.0064218716790470825
0.81,93,-0.0035750609902964556
0.81,94,0.005922315187701138
0.81,95,-0.0011565118326159237
0.81,96,0.005399757699629083
0.81,97,0.0074730667091030155
0.81,98,0.004998004200899256
0.81,99,0.0057410382139096
0.81,100,0.013551802244485527
0.81,101,0.0031450177747596535
0.81,102,0.009312822925387352
0.81,103,0.006198567550186363
0.81,104,-0.0011532332072118072
0.81,105,0.00344602175220254
0.81,106,0.0010469129314635579
0.81,107,0.0070520040734248285
0.81,108,0.0034631023543898395
0.81,109,0.0005192273201206461
0.81,110,0.0010277924536111933
0.81,111,0.010814405776146424
0.81,112,-0.0043650398728078505
0.81,113,0.00948613936852432
0.81,114,-0.0040527967389404045
0.81,115,-0.001871381625843727
0.81,116,0.007690664958611815
0.81,117,-0.002307794065062012
0.81,118,-0.0023838895061982428
0.81,119,-0.0013326193695988842
0.81,120,-0.0008278876956407862
0.81,121,0.005503542453781966
0.81,122,-0.0037764353203801793
0.81,123,0.005364198261415759
0.81,124,-0.003397761843792835
0.81,125,0.005426836375902152
0.81,126,-0.0008535352054063168
0.81,127,-0.001274578006458779
0.81,128,-5.909620128867658e-5
0.81,129,0.0015835643716261266
0.81,130,-0.0016582167684625268
0.81,131,0.0004100949826025086
0.81,132,-0.00013260452238441923
0.81,133,-0.0015681979855709767
0.81,134,-0.0005424021499953346
0.81,135,0.002513776865838245
0.81,136,0.0029498595393703466
0.81,137,0.0013570270287366136
0.81,138,0.0008999047265099765
0.81,139,0.0015440213695074023
0.81,140,0.0011736309244138015
0.81,141,0.0028667514297158587
0.81,142,-0.0002487770793134339
0.81,143,0.002286768467410563
0.81,144,-0.002053543285199225
0.81,145,0.00045865321009080614
0.81,146,-0.00210787139361917
0.81,147,0.0024420557123433534
0.81,148,0.0008507634866194249
0.81,149,0.0003883323438994697
0.81,150,-0.0020626955898353067
0.81,151,-0.00015319439195105847
0.81,152,-0.0009583463604968074
0.81,153,-0.0027162429327850903
0.81,154,0.002288982581609809
0.81,155,-0.002457101709844443
0.81,156,9.283024399834643e-5
0.81,157,-0.0010039543594673869
0.81,158,0.0006005626406034545
0.81,159,0.0009966558995764786
0.81,160,0.000955902571082604
0.81,161,0.006115316997181343
0.81,162,-0.005662499192364662
0.81,163,0.0024439226485032228
0.81,164,0.0021603821356025485
0.81,165,0.003057446586150685
0.81,166,0.0017414059542795249
0.81,167,0.000859662641761045
0.81,168,-0.00414371787629941
0.81,169,0.007062809924831058
0.81,170,-0.006385087803286979
0.81,171,0.006311912712552289
0.81,172,-0.003309785621082785
0.81,173,5.797779418972701e-5
0.81,174,0.0007039520545198522
0.81,175,0.011922608087110365
0.81,176,6.563405781487473e-5
0.81,177,0.0009276936699102309
0.81,178,0.009581717702650504
0.81,179,-0.0006568638398205092
0.81,180,0.013118200944330976
0.81,181,0.004429558506568685
0.81,182,0.0014302941863344205
0.81,183,-0.002542069681889051
0.81,184,0.003611743435792416
0.81,185,-0.0006057605299311723
0.81,186,-0.006713852775172493
0.81,187,0.00037470421868264416
0.81,188,0.0084773519016125
0.81,189,-0.012899810529231406
0.81,190,0.06907309334454349
0.81,191,-0.024121653928838672
0.81,192,0.9459415142151971
0.81,193,0.007949477686780143
0.81,194,0.00412396448572889
0.81,195,-0.0008730410527711008
0.81,196,-0.002982241009967117
0.81,197,0.0005971882536627819
0.81,198,-0.0005010028261401276
0.82,intercept,-0.0034041654481199598
0.82,1,1.60207868054367e-5
0.82,2,0.014456908165126868
0.82,3,0.002730701082819396
0.82,4,0.004590674386932675
0.82,5,-0.0009915300272641924
0.82,6,-0.006755017801993286
0.82,7,0.002257270879444393
0.82,8,0.00894609566620903
0.82,9,-0.0006489934745678057
0.82,10,0.010622643465605744
0.82,11,-0.007873052562792969
0.82,12,0.0038618036601255116
0.82,13,0.0037264533969618807
0.82,14,-0.00047328152922780707
0.82,15,0.004164329452844845
0.82,16,-0.0029780523269494646
0.82,17,0.0001558595857219937
0.82,18,-0.0008550596912085791
0.82,19,0.0021850144367525273
0.82,20,0.002398178171717451
0.82,21,-0.003117558762160079
0.82,22,0.0017901349724709357
0.82,23,0.0017377772722484534
0.82,24,-0.0013680226675570363
0.82,25,0.0008888562861755042
0.82,26,-0.003193356323807284
0.82,27,-0.0006344143366622633
0.82,28,-0.0009271061355968542
0.82,29,0.00016800796089340374
0.82,30,-0.0018693244442433187
0.82,31,0.002450551149494923
0.82,32,-0.0023406453341125112
0.82,33,0.001944751298437188
0.82,34,-0.003040862401918523
0.82,35,0.0004029233242727448
0.82,36,-0.00012669049366924624
0.82,37,0.0022328382349347886
0.82,38,-0.0017453806758421398
0.82,39,0.0005935533282550612
0.82,40,0.0013255497180172445
0.82,41,0.001729875939133119
0.82,42,0.0022747581203424803
0.82,43,-0.0016399684733467263
0.82,44,0.00028239052355556624
0.82,45,0.00034845450385024586
0.82,46,0.0002461759463093244
0.82,47,0.0005097562077602203
0.82,48,0.0007233698353747022
0.82,49,4.991270183228657e-5
0.82,50,0.003547403067249117
0.82,51,-0.0028064997867628984
0.82,52,0.002390768440475833
0.82,53,-0.0012171711881419434
0.82,54,-0.0005301599621705621
0.82,55,0.0007621771820925068
0.82,56,0.000507657447685648
0.82,57,-0.002767626335270852
0.82,58,-0.00011227143617528928
0.82,59,-0.0010055098534185835
0.82,60,0.003541060426339383
0.82,61,-0.003455993960899306
0.82,62,-0.0006887526650921352
0.82,63,-0.004508202164955625
0.82,64,-0.002176505988527526
0.82,65,-0.00026072841062404497
0.82,66,0.0016652965440643866
0.82,67,-2.0125097780701215e-6
0.82,68,-0.0002461242908328298
0.82,69,-0.001779461684402988
0.82,70,0.0013997980932235244
0.82,71,0.0010789588148357513
0.82,72,0.000769216189224564
0.82,73,-0.00233478742970391
0.82,74,0.00463906375812688
0.82,75,-0.003112794968599372
0.82,76,-0.0005635397728929599
0.82,77,-0.0033827769725235813
0.82,78,-0.0010710412406989122
0.82,79,0.0025207151905379437
0.82,80,0.0026019406817825524
0.82,81,-0.003430161476161853
0.82,82,-0.004086223173944499
0.82,83,0.002799980261627243
0.82,84,0.005074337728703716
0.82,85,-0.004263335660204111
0.82,86,-0.0004202668309789739
0.82,87,-0.0025599914300316697
0.82,88,0.003185646350602934
0.82,89,0.002589706018107204
0.82,90,0.0023808838236006515
0.82,91,-0.004002807509782112
0.82,92,-0.006167153829761414
0.82,93,-0.00433933073778893
0.82,94,0.005212772271199826
0.82,95,-0.002867207420145629
0.82,96,0.010090232669971819
0.82,97,0.0065725482792962555
0.82,98,0.004153941250846595
0.82,99,0.004368032594905218
0.82,100,0.017256148873570968
0.82,101,0.0014712601279390056
0.82,102,0.009706718877787138
0.82,103,0.004864612503014059
0.82,104,0.00016984242584705656
0.82,105,0.002307949749297699
0.82,106,0.0004809214193846116
0.82,107,0.006981044381169727
0.82,108,0.004897147802859849
0.82,109,4.243535019035544e-5
0.82,110,-0.0004797685393446137
0.82,111,0.014057629936542667
0.82,112,-0.006293456159246436
0.82,113,0.011375235310731549
0.82,114,-0.00437698656644233
0.82,115,-0.0015872523012639124
0.82,116,0.007057300411553037
0.82,117,-0.0028898069048194273
0.82,118,-0.001894352628422969
0.82,119,-0.0015025749543661445
0.82,120,-0.0012439121378007745
0.82,121,0.006374671534699334
0.82,122,-0.0035706173359103207
0.82,123,0.005514274874087809
0.82,124,-0.003979988242207113
0.82,125,0.006410664084764196
0.82,126,-0.0013849480897386028
0.82,127,-0.000861093421604586
0.82,128,-0.0005798985276124928
0.82,129,0.0015683278056956307
0.82,130,-0.0021183080051434444
0.82,131,0.0004488594088292611
0.82,132,5.625743925448901e-5
0.82,133,-0.0014530398787044947
0.82,134,-0.0003771128972194873
0.82,135,0.0020957706979728777
0.82,136,0.004200685853019281
0.82,137,0.001304261046052825
0.82,138,0.0014583358515707664
0.82,139,0.0008096771014392635
0.82,140,0.002296331627581694
0.82,141,0.00235463758832436
0.82,142,-0.00023400245552781588
0.82,143,0.0017907271237602802
0.82,144,-0.0014785343526316195
0.82,145,0.00040373962295825233
0.82,146,-0.0025150341476482757
0.82,147,0.0036770560598060847
0.82,148,-0.000532067436059673
0.82,149,0.0020093092009523857
0.82,150,-0.002877025572848979
0.82,151,-0.0006889417810778364
0.82,152,-0.001261535625736244
0.82,153,-0.0024338139219046355
0.82,154,0.0022371296591777736
0.82,155,-0.00210736840234897
0.82,156,0.00039473448907814007
0.82,157,-0.0015868737355364106
0.82,158,-1.5340646232801147e-5
0.82,159,0.0005300440481638043
0.82,160,0.0008607572931948517
0.82,161,0.0073878557668116875
0.82,162,-0.006465496330762286
0.82,163,0.0036122736699092614
0.82,164,0.0012690000738980946
0.82,165,0.0030463069360048296
0.82,166,0.0023477592661171483
0.82,167,0.001533847121282034
0.82,168,-0.004591953431137593
0.82,169,0.007459259564688521
0.82,170,-0.006707287647168795
0.82,171,0.005740864592393203
0.82,172,-0.0030925853580528453
0.82,173,-0.0011528112008445776
0.82,174,0.00046362836002131907
0.82,175,0.013723104454487144
0.82,176,0.001207445873412322
0.82,177,-0.00019677310731186265
0.82,178,0.009983719587487542
0.82,179,0.0013632302943200085
0.82,180,0.013572836585435876
0.82,181,0.0036969955422413267
0.82,182,0.0028656636541321157
0.82,183,-0.0030674113066235893
0.82,184,0.0034481282662363593
0.82,185,-0.00023834615400915928
0.82,186,-0.008765293503450679
0.82,187,0.003149046613940991
0.82,188,0.008562893872906952
0.82,189,-0.01358665806074309
0.82,190,0.07255731902487227
0.82,191,-0.02561105387512929
0.82,192,0.9545691305838857
0.82,193,0.00805140303611751
0.82,194,0.0031267228469039556
0.82,195,-0.0008055010331783889
0.82,196,-0.0032980858899604266
0.82,197,0.0005662661504603622
0.82,198,-0.000532000566530084
0.83,intercept,-0.003564285348196625
0.83,1,-0.0002761434108462197
0.83,2,0.014460465368047511
0.83,3,0.002650860113557124
0.83,4,0.004747498248003219
0.83,5,-0.0019239354580686105
0.83,6,-0.00886962778486272
0.83,7,0.004162624120263149
0.83,8,0.009092827844367816
0.83,9,-0.0013316584705124219
0.83,10,0.011615830343649405
0.83,11,-0.009252524881037017
0.83,12,0.005267716879439006
0.83,13,0.004435808142698133
0.83,14,-0.0017249344108182844
0.83,15,0.006752235046382449
0.83,16,-0.0046847392971230955
0.83,17,-0.0004008074787475923
0.83,18,-1.7554086169213896e-5
0.83,19,0.001278723201597837
0.83,20,0.003196239369870722
0.83,21,-0.0027596687155042733
0.83,22,0.0016386787558450712
0.83,23,0.0013517111546795533
0.83,24,-0.001054067262634307
0.83,25,0.0008531889500075093
0.83,26,-0.0033290507322313624
0.83,27,-0.0007549522979974797
0.83,28,-0.0006525098720034256
0.83,29,-0.00013953068249159271
0.83,30,-0.0021416100084368063
0.83,31,0.003353840980554299
0.83,32,-0.0026142061829987333
0.83,33,0.0025603205347005968
0.83,34,-0.0029657884272669874
0.83,35,-0.00034322289794481276
0.83,36,0.000506966840063575
0.83,37,0.0022000614241340314
0.83,38,-0.002086093153070805
0.83,39,0.0010763097957316576
0.83,40,0.001404601354855451
0.83,41,0.002097926093246345
0.83,42,0.0023046626418099527
0.83,43,-0.001986568946276064
0.83,44,0.00045323717647982305
0.83,45,-0.0007782283838601252
0.83,46,0.0008194836755285903
0.83,47,-0.00010765071663760896
0.83,48,0.0013228196203356828
0.83,49,-0.0004914531334771823
0.83,50,0.004088530924172717
0.83,51,-0.0022834483643742764
0.83,52,0.0014258413411844767
0.83,53,-0.0017178952358384305
0.83,54,-0.0009652138391278193
0.83,55,0.002217680958477875
0.83,56,-0.0004278856394356785
0.83,57,-0.003131756672089002
0.83,58,-7.086810927681611e-5
0.83,59,-0.0006733235370963486
0.83,60,0.003908340504924991
0.83,61,-0.004072922498233768
0.83,62,-0.0013301710946300425
0.83,63,-0.00440378943422116
0.83,64,-0.0020629626056790674
0.83,65,-5.703514435159103e-5
0.83,66,0.0016159379366918656
0.83,67,0.00024068886843819096
0.83,68,-0.0002687262257384553
0.83,69,-0.002345639480923915
0.83,70,0.0018235530629940645
0.83,71,0.0002867964327857795
0.83,72,0.0007718731980901533
0.83,73,-0.0014554565073022277
0.83,74,0.0038719666387633405
0.83,75,-0.003401642691625099
0.83,76,-0.001251176190435686
0.83,77,-0.0027298316228074673
0.83,78,-0.00036093321850804767
0.83,79,0.001289408424251096
0.83,80,0.002989135094417191
0.83,81,-0.003573448375096237
0.83,82,-0.0014242721446768815
0.83,83,0.0016886498838089782
0.83,84,0.0034091412507669706
0.83,85,-0.0022214642298513847
0.83,86,0.00042376338975236955
0.83,87,-0.0023705215294556247
0.83,88,0.003178902740453646
0.83,89,0.004784964304017456
0.83,90,0.0019706720576612075
0.83,91,-0.0030691002511979617
0.83,92,-0.008250366999302074
0.83,93,-0.0034389498295742523
0.83,94,0.004704796494364893
0.83,95,-0.0027773141376491056
0.83,96,0.010376721559399818
0.83,97,0.00794918754558501
0.83,98,0.0032488662679885177
0.83,99,0.004254777081040766
0.83,100,0.018701621733497632
0.83,101,-0.00016761673519849354
0.83,102,0.011323424079261334
0.83,103,0.0037890515124819513
0.83,104,-0.00083821304895576
0.83,105,0.000395606808878742
0.83,106,0.0021893575395493144
0.83,107,0.005118329041639424
0.83,108,0.005076072546325062
0.83,109,0.0028799446335438
0.83,110,-0.0006727292138556961
0.83,111,0.013717534686134857
0.83,112,-0.007069994278650092
0.83,113,0.011887501033868875
0.83,114,-0.004356775100487551
0.83,115,-0.0016590640623017905
0.83,116,0.007065321403066293
0.83,117,-0.0031599606709534446
0.83,118,-0.002156127670870034
0.83,119,-0.0016397500713115551
0.83,120,-0.0006826482795688112
0.83,121,0.006823815128880335
0.83,122,-0.004770682405380599
0.83,123,0.005555263640662195
0.83,124,-0.0042886734423715645
0.83,125,0.006604851015668497
0.83,126,-0.002351109647597046
0.83,127,-0.0006729175031775985
0.83,128,-0.000430968303937366
0.83,129,0.002106514813180729
0.83,130,-0.002484570144444146
0.83,131,0.0007363557424964129
0.83,132,-0.0006278651065350481
0.83,133,7.174615425807353e-6
0.83,134,-0.0005974312526182351
0.83,135,0.0015784971809703837
0.83,136,0.005272058074482209
0.83,137,0.0018566118928292786
0.83,138,0.0009832216945673217
0.83,139,0.00035923851406754423
0.83,140,0.0020215968555517116
0.83,141,0.00234592085455405
0.83,142,-0.00011282009421655176
0.83,143,0.0014075174948222965
0.83,144,4.15238900606307e-5
0.83,145,8.501589529065118e-5
0.83,146,-0.0017487596417337708
0.83,147,0.003406559509422575
0.83,148,-0.0010351747347238822
0.83,149,0.002057584880367113
0.83,150,-0.0028595401230658945
0.83,151,-0.0007884079891954553
0.83,152,-0.0008753758170799893
0.83,153,-0.0033904651477621134
0.83,154,0.0026443885925934623
0.83,155,-0.0023034262380243254
0.83,156,-0.00027461599976990567
0.83,157,-0.0019662638974082647
0.83,158,0.0003626229272167147
0.83,159,-0.00016384983635471165
0.83,160,0.0018730343188191772
0.83,161,0.006929931660464181
0.83,162,-0.006870972789994279
0.83,163,0.004999715188662202
0.83,164,0.00177728006661256
0.83,165,0.0028566100545641252
0.83,166,0.0009515534086043763
0.83,167,0.0018203926027115026
0.83,168,-0.004377177619240649
0.83,169,0.007475277645474002
0.83,170,-0.007002504629105982
0.83,171,0.007155242626280012
0.83,172,-0.005244704899765525
0.83,173,-0.00011414817757022992
0.83,174,-0.002523975489711038
0.83,175,0.015686008407551855
0.83,176,0.0018421314584607172
0.83,177,-0.00028758485031614775
0.83,178,0.01053730911346348
0.83,179,1.3557753239320442e-5
0.83,180,0.012757706110262695
0.83,181,0.0060760766045223884
0.83,182,0.0015159136821942549
0.83,183,-0.0032850372691925183
0.83,184,0.003930671385124059
0.83,185,-0.0005027813570549478
0.83,186,-0.009018197034612645
0.83,187,0.0030536564487718375
0.83,188,0.010404651387047633
0.83,189,-0.017751767111480736
0.83,190,0.07844002997696849
0.83,191,-0.029124079956802013
0.83,192,0.9727073550678564
0.83,193,0.008520008686301964
0.83,194,0.0024740115464023634
0.83,195,-0.0008089548993569929
0.83,196,-0.0037073374673540745
0.83,197,0.00048088231714958597
0.83,198,-0.0006132536750704299
0.84,intercept,-0.0038382010417710197
0.84,1,0.000690517105474731
0.84,2,0.014095260084901645
0.84,3,0.0022708902255993554
0.84,4,0.008526514078312446
0.84,5,-0.004878336724231119
0.84,6,-0.008869271274253302
0.84,7,0.0031469218372114464
0.84,8,0.008302763220668634
0.84,9,-0.00017146927427338763
0.84,10,0.011646034241046124
0.84,11,-0.008277303357914748
0.84,12,0.003477617797678386
0.84,13,0.006530984343190128
0.84,14,-0.002226534516709933
0.84,15,0.0059305785929370585
0.84,16,-0.004032821113149493
0.84,17,-0.0008753354744240684
0.84,18,0.000973292773691109
0.84,19,0.0015577404995130335
0.84,20,0.003037106245046687
0.84,21,-0.0035153140813069966
0.84,22,0.002931054626027456
0.84,23,0.001059409011934091
0.84,24,-0.0018842698012241348
0.84,25,0.001267800480553418
0.84,26,-0.0034859885184272267
0.84,27,-0.000615514367749737
0.84,28,-0.0003112311997242766
0.84,29,-0.0004619716880136668
0.84,30,-0.0028519079949601307
0.84,31,0.004192436445233044
0.84,32,-0.0023703635270599854
0.84,33,0.00317864957440338
0.84,34,-0.0035128953839503544
0.84,35,0.0004442376984497456
0.84,36,0.0008820292774920795
0.84,37,0.0015180915192071285
0.84,38,-0.002368812911123089
0.84,39,0.0014851332084840697
0.84,40,0.0012046317835699102
0.84,41,0.0022763813990370188
0.84,42,0.002355678996250087
0.84,43,-0.002348495987210911
0.84,44,0.0007496936037505691
0.84,45,-0.001127576503744929
0.84,46,0.001488784820188894
0.84,47,-0.0004772112473688742
0.84,48,0.0011375187732434338
0.84,49,0.0003280903798471123
0.84,50,0.004098781210394179
0.84,51,-0.0026107578202869
0.84,52,0.0018565522617866718
0.84,53,-0.0025783440314108173
0.84,54,-0.0005632840753538517
0.84,55,0.0013558822638844383
0.84,56,-0.00026768595181108235
0.84,57,-0.003456015857964624
0.84,58,-0.000448448608099621
0.84,59,-0.0005154985412027265
0.84,60,0.004266025303321284
0.84,61,-0.005246018418754674
0.84,62,-0.0003689479081170132
0.84,63,-0.00445782668781627
0.84,64,-0.002648268329580125
0.84,65,-0.00045257355834440446
0.84,66,0.0010674156531914967
0.84,67,-1.7234764329933985e-5
0.84,68,0.00032204534561744414
0.84,69,-0.0014041123267029725
0.84,70,0.0010980989760069394
0.84,71,-1.2534991073211582e-5
0.84,72,0.0009645536070418002
0.84,73,-0.00177292401936787
0.84,74,0.003957429520315175
0.84,75,-0.0038914007951329492
0.84,76,-0.0003435732151652759
0.84,77,-0.004533486978074032
0.84,78,-0.0006971973318914076
0.84,79,0.0011946194967399426
0.84,80,0.004314479793638894
0.84,81,-0.005534381638290954
0.84,82,5.2069604528361024e-5
0.84,83,0.003922548192302355
0.84,84,0.0025492742969747506
0.84,85,-0.0011408733542597528
0.84,86,8.402461090687922e-5
0.84,87,-0.0019500766785590696
0.84,88,0.0029998133722985033
0.84,89,0.00322969895128146
0.84,90,0.0036668589115271617
0.84,91,-0.004518063860762184
0.84,92,-0.009259852100852067
0.84,93,-0.004330287115394204
0.84,94,0.006722009313690862
0.84,95,-0.0022356074140481305
0.84,96,0.012111674586716699
0.84,97,0.008088146126681618
0.84,98,-0.0001743741673804927
0.84,99,0.00745222583756372
0.84,100,0.016559088369374704
0.84,101,0.0011769238205127717
0.84,102,0.007723312039975123
0.84,103,0.004687521197836844
0.84,104,0.00041999752952328137
0.84,105,0.001158397096343815
0.84,106,0.005055310607902534
0.84,107,0.004665701608080588
0.84,108,0.0029462413152153153
0.84,109,0.002199570554213858
0.84,110,-0.0006086757258531594
0.84,111,0.01530343840086643
0.84,112,-0.00866602309020941
0.84,113,0.01271977329324228
0.84,114,-0.004656610067659556
0.84,115,-0.0019478286516448249
0.84,116,0.007922926831027969
0.84,117,-0.003981132251169748
0.84,118,-0.00210549731404684
0.84,119,-0.0013700493064139289
0.84,120,-0.0012787280354035488
0.84,121,0.007493293488185443
0.84,122,-0.005034286147292821
0.84,123,0.0066109144265075965
0.84,124,-0.004796380362486159
0.84,125,0.006955598660865967
0.84,126,-0.0023713633846389405
0.84,127,-0.0010400523764117276
0.84,128,-0.00038849655698857885
0.84,129,0.0023279535126354495
0.84,130,-0.002682129208895872
0.84,131,0.0006185799777835353
0.84,132,0.000183909243843991
0.84,133,-0.0005771969216028979
0.84,134,0.00038186667537994025
0.84,135,0.0013526374203323608
0.84,136,0.0067258203519609825
0.84,137,0.0007630285659053827
0.84,138,-0.00016227469385154286
0.84,139,0.0017322431377000342
0.84,140,0.0006823943307936292
0.84,141,0.0035618757876441334
0.84,142,-0.0002927168640069507
0.84,143,0.0012026628910687305
0.84,144,0.000873879990184973
0.84,145,0.000129519556462405
0.84,146,-0.0018267311735624338
0.84,147,0.002926318926560607
0.84,148,-0.0006714563734325454
0.84,149,0.001524783425970548
0.84,150,-0.00317512213736692
0.84,151,-0.0006933509234031735
0.84,152,-0.001251262005803121
0.84,153,-0.002841373864612602
0.84,154,0.002145530111873739
0.84,155,-0.002627086424768585
0.84,156,-0.00017555852161597177
0.84,157,-0.002112263010116888
0.84,158,0.0003099336376504139
0.84,159,-3.377102886149748e-5
0.84,160,0.001912312668956291
0.84,161,0.006773849736679708
0.84,162,-0.0075059621317102405
0.84,163,0.0048222931627718
0.84,164,0.0010209730743896792
0.84,165,0.0029713443180652854
0.84,166,0.0006769018885604674
0.84,167,0.002571161411606854
0.84,168,-0.004465505317799371
0.84,169,0.007946856216869011
0.84,170,-0.006747427005098623
0.84,171,0.007123558314908965
0.84,172,-0.00558009775064158
0.84,173,-0.0009511343822880814
0.84,174,-0.0008520405530487542
0.84,175,0.014436425586018712
0.84,176,0.001911412933111402
0.84,177,0.0006619896575302996
0.84,178,0.011853321315243746
0.84,179,-0.0008616862721656848
0.84,180,0.014621492333277733
0.84,181,0.006858193147881589
0.84,182,0.0012505250833986013
0.84,183,-0.004493466431997239
0.84,184,0.003948224770068157
0.84,185,0.0032946810385008425
0.84,186,-0.010950921208118481
0.84,187,0.0008988003896865976
0.84,188,0.010837680423863393
0.84,189,-0.019122072303982905
0.84,190,0.08584528216083322
0.84,191,-0.03308587071779481
0.84,192,0.984760192644312
0.84,193,0.010070521120454003
0.84,194,0.003486596561534493
0.84,195,-0.0007878446409806219
0.84,196,-0.004091978098123681
0.84,197,0.000480517243266016
0.84,198,-0.000650081842056193
0.85,intercept,-0.004149899342483848
0.85,1,0.005981598584082428
0.85,2,0.011066442018890447
0.85,3,0.004450714784127966
0.85,4,0.008370894998012584
0.85,5,-0.0034889683437259707
0.85,6,-0.010077955392064072
0.85,7,0.001777984957840416
0.85,8,0.008590979175273992
0.85,9,-0.0014123261426404092
0.85,10,0.015656017613417242
0.85,11,-0.010283214451791332
0.85,12,0.005093581413827612
0.85,13,0.006946676546785778
0.85,14,-0.0027231310960353244
0.85,15,0.006616329141661338
0.85,16,-0.0033373346801403247
0.85,17,-0.0010644773324025658
0.85,18,0.00014121900060937994
0.85,19,0.0017944262352873304
0.85,20,0.004154317860872071
0.85,21,-0.004365887719443678
0.85,22,0.004039182595209638
0.85,23,-0.0005396779801982271
0.85,24,-0.0016006503908423842
0.85,25,0.0013085172749472648
0.85,26,-0.003139350184309611
0.85,27,-0.0002666714429265736
0.85,28,0.00020499260317037392
0.85,29,-0.001045510381984467
0.85,30,-0.0035906359168334442
0.85,31,0.004667887182940433
0.85,32,-0.0023568107331582
0.85,33,0.002340848762755479
0.85,34,-0.003498260825088798
0.85,35,0.0012265356251688758
0.85,36,0.0006581912629788934
0.85,37,0.0009953340782100592
0.85,38,-0.0018217711321547442
0.85,39,0.002353094085692922
0.85,40,0.0011695612034358397
0.85,41,0.002147432113678083
0.85,42,0.0018442628639641697
0.85,43,-0.00203748249047581
0.85,44,0.0016239619106012831
0.85,45,-0.0016410697935905314
0.85,46,0.001841824850189099
0.85,47,7.331291471331312e-5
0.85,48,0.0005904730433826421
0.85,49,0.00020972944154566318
0.85,50,0.004303637611526017
0.85,51,-0.0028084312347414243
0.85,52,0.0013132818157373055
0.85,53,-0.0023440478810003366
0.85,54,-0.0012691425193045245
0.85,55,0.0022330321878754915
0.85,56,-0.0005679461953100832
0.85,57,-0.0031636637291933786
0.85,58,-0.0003420640951148779
0.85,59,-0.00018165112543395883
0.85,60,0.0048821818151279905
0.85,61,-0.0060248986546418285
0.85,62,-0.0007360791989322455
0.85,63,-0.004729590035255398
0.85,64,-0.0026596742533285455
0.85,65,-4.127502090965735e-5
0.85,66,0.0010423660655279785
0.85,67,0.00028465126232339296
0.85,68,-0.0016007880530292352
0.85,69,-0.0004025071038612395
0.85,70,0.0016271297208229922
0.85,71,-0.0004196903547111625
0.85,72,0.0002849965693857692
0.85,73,-0.0003745516391273
0.85,74,0.002636581042341576
0.85,75,-0.003622282489073382
0.85,76,0.0005339570170161671
0.85,77,-0.0029746305166137113
0.85,78,-0.0008593327993087047
0.85,79,0.0015522869968856152
0.85,80,0.0035955988696048428
0.85,81,-0.0037485622257517085
0.85,82,-0.0003593074650080812
0.85,83,0.003966404912929914
0.85,84,0.0018921439148558395
0.85,85,-0.0015964575329446788
0.85,86,0.00025201014721578204
0.85,87,-0.003896095297753535
0.85,88,0.004826385484469656
0.85,89,0.0034226994898510165
0.85,90,0.0038905250583936074
0.85,91,-0.004578009128682226
0.85,92,-0.011456847058027667
0.85,93,-0.0035854256769005345
0.85,94,0.004379515832626414
0.85,95,-0.0025308919712281864
0.85,96,0.00871258092324617
0.85,97,0.016483804400641386
0.85,98,-0.003282315535380883
0.85,99,0.011371767702889942
0.85,100,0.013592849967355637
0.85,101,0.0030379624458746796
0.85,102,0.00672359226569206
0.85,103,0.005815472254095737
0.85,104,-0.002498835111202192
0.85,105,0.002430623661339862
0.85,106,0.0025528486642551465
0.85,107,0.0060300938335304905
0.85,108,0.0017879439030640569
0.85,109,0.0035265641296587154
0.85,110,0.002635419158442238
0.85,111,0.011342228921535689
0.85,112,-0.006925912372424018
0.85,113,0.011526253460532218
0.85,114,-0.005032091464750953
0.85,115,-0.001371939455168854
0.85,116,0.008035790913195201
0.85,117,-0.004384374743991949
0.85,118,-0.0029429609986945816
0.85,119,-0.0017283481203478387
0.85,120,-0.0013243608703643916
0.85,121,0.0074529398975788815
0.85,122,-0.0055624094079573866
0.85,123,0.007702463127236873
0.85,124,-0.004708403558872096
0.85,125,0.006791637049568815
0.85,126,-0.002164790185403139
0.85,127,-0.0008361866700796302
0.85,128,-0.0007116421801870804
0.85,129,0.002144200835973298
0.85,130,-0.002262851354240587
0.85,131,-5.915530156896051e-5
0.85,132,6.0779335699261516e-5
0.85,133,-0.0004735819379536233
0.85,134,0.0010690821906039585
0.85,135,0.0007176279196124426
0.85,136,0.007841085392196617
0.85,137,0.0006488163243421435
0.85,138,0.0002656521112781407
0.85,139,0.0014560313861032305
0.85,140,0.0009374317387442674
0.85,141,0.0029838854914508777
0.85,142,-2.420404776218249e-5
0.85,143,0.0011875396429525985
0.85,144,0.0015851280231545487
0.85,145,0.00016622498694082504
0.85,146,-0.0018229064937203077
0.85,147,0.0030460859022519117
0.85,148,-0.0008030762585222225
0.85,149,0.0024372642672465697
0.85,150,-0.0041560362918592044
0.85,151,-0.0011022360726780443
0.85,152,-0.0013893899444830976
0.85,153,-0.0033813829290610317
0.85,154,0.00288211263585799
0.85,155,-0.002792045648600929
0.85,156,-0.0010379009661860335
0.85,157,-0.0023033213634864125
0.85,158,4.725825504075728e-5
0.85,159,0.0007842193045636055
0.85,160,0.0016156153965197404
0.85,161,0.005951605336559973
0.85,162,-0.006748644189120643
0.85,163,0.0036354825133940896
0.85,164,0.002284615180347353
0.85,165,0.0010457632926289412
0.85,166,0.0008050256953293111
0.85,167,0.002186902196337843
0.85,168,-0.004657430315879786
0.85,169,0.008109166789468518
0.85,170,-0.006325169479671023
0.85,171,0.007177292350331147
0.85,172,-0.005485641308469704
0.85,173,-0.0014610617742032944
0.85,174,-0.0009351757294379636
0.85,175,0.01580116103264983
0.85,176,-0.0012906893094838986
0.85,177,0.004331601534682156
0.85,178,0.010619981261310136
0.85,179,-0.002007742674155293
0.85,180,0.016508557405871673
0.85,181,0.0074118979405038005
0.85,182,0.0012420749811927947
0.85,183,-0.005647155689463494
0.85,184,0.004566017503615783
0.85,185,0.0033044683319135857
0.85,186,-0.011567035567443573
0.85,187,0.00080124001570869
0.85,188,0.010855324558393298
0.85,189,-0.022322027767024005
0.85,190,0.09938838836172308
0.85,191,-0.035922201962880186
0.85,192,0.9978663253810738
0.85,193,0.010069475467762816
0.85,194,0.0017936578351669644
0.85,195,-0.0006963396774829428
0.85,196,-0.004577047300584392
0.85,197,0.00044508008345396687
0.85,198,-0.0007384751427536159
0.86,intercept,-0.004713074574440746
0.86,1,0.0054292559992401125
0.86,2,0.01394155275384687
0.86,3,0.003087891379201516
0.86,4,0.010135597199230432
0.86,5,-0.005312261514665803
0.86,6,-0.013309635048433178
0.86,7,0.007270678827865469
0.86,8,0.007968811174045822
0.86,9,-0.002130481330472817
0.86,10,0.01656134282246242
0.86,11,-0.013515566717996117
0.86,12,0.008397816752961322
0.86,13,0.004021309229617665
0.86,14,-0.0009510678844995496
0.86,15,0.006766131963069897
0.86,16,-0.0032106918497538588
0.86,17,-0.0035573592260454315
0.86,18,0.0007635176133429655
0.86,19,0.0021527362017615794
0.86,20,0.005235512155827324
0.86,21,-0.004668036299860943
0.86,22,0.0034434487590737587
0.86,23,0.00012126465998789899
0.86,24,-0.0011358994201134522
0.86,25,-0.0006731027629676383
0.86,26,-0.0027671117335729173
0.86,27,-0.0005961787564392943
0.86,28,0.00042693048707569483
0.86,29,-0.0013674820803190107
0.86,30,-0.003446950222599736
0.86,31,0.004962337710890032
0.86,32,-0.002903645147088845
0.86,33,0.00468742752406691
0.86,34,-0.004550481846724281
0.86,35,0.0017252946312344799
0.86,36,9.01903891673532e-5
0.86,37,0.0017017838920811658
0.86,38,-0.002389808669158432
0.86,39,0.0026323021685078453
0.86,40,0.0008564392564413241
0.86,41,0.0011196155519497455
0.86,42,0.002894243285385772
0.86,43,-0.0024339595575549613
0.86,44,0.0009088484471978683
0.86,45,-0.0014879648762073287
0.86,46,0.0018482539739104534
0.86,47,0.000333515982688051
0.86,48,0.0004978661032374265
0.86,49,0.00028518797610801435
0.86,50,0.004732473509163111
0.86,51,-0.0031610301910911564
0.86,52,0.0020938915554998463
0.86,53,-0.002191367719496622
0.86,54,-0.0006538905053148575
0.86,55,0.0011737360319987583
0.86,56,-0.0011938892082356044
0.86,57,-0.003147305812761709
0.86,58,0.0011720170067612441
0.86,59,-0.0011621385806809981
0.86,60,0.005914124529945401
0.86,61,-0.00666348710009768
0.86,62,-0.000989343883809868
0.86,63,-0.00393190681524051
0.86,64,-0.004227117816489199
0.86,65,0.00033033010317049205
0.86,66,0.0017486055123533387
0.86,67,-0.0009453916796241039
0.86,68,0.0016016051863759603
0.86,69,-0.001506548695784494
0.86,70,0.0017906873295679253
0.86,71,-2.9847988533983956e-5
0.86,72,-0.0005935992199420517
0.86,73,-0.0016976133427612124
0.86,74,0.005206325668675664
0.86,75,-0.0038006668989040687
0.86,76,0.0011598263303637724
0.86,77,-0.0036937296253752665
0.86,78,0.00016542341718390533
0.86,79,-2.1454676654582455e-5
0.86,80,0.004330479792932586
0.86,81,-0.00452592260223194
0.86,82,0.0032519876887868748
0.86,83,0.0016781176505582186
0.86,84,0.0016017752491261992
0.86,85,-0.003982317942465259
0.86,86,-0.00013932961910744748
0.86,87,-0.0028946486976567966
0.86,88,0.005932142846569808
0.86,89,0.00199136875003905
0.86,90,0.0019585593961556533
0.86,91,-0.004548109744171914
0.86,92,-0.012027443558349378
0.86,93,-0.0048979006147937005
0.86,94,0.004359010981485099
0.86,95,-0.0004864922118418802
0.86,96,0.0030692001639392548
0.86,97,0.020810343078144288
0.86,98,-0.0026258685151358194
0.86,99,0.012467236687371425
0.86,100,0.014487176973388069
0.86,101,0.002146434611654752
0.86,102,0.009735758607582738
0.86,103,0.005038165152211228
0.86,104,-0.004516113447708263
0.86,105,0.0026065587051721656
0.86,106,0.003736558842395818
0.86,107,0.00543103877415816
0.86,108,0.0025702503548421154
0.86,109,0.0026067054470889717
0.86,110,0.004315556867792834
0.86,111,0.01017968232436114
0.86,112,-0.007871456682830123
0.86,113,0.012176499143621927
0.86,114,-0.0051317235247263695
0.86,115,-0.000999321568220769
0.86,116,0.009977821197412242
0.86,117,-0.006688597766204974
0.86,118,-0.0016078258901127782
0.86,119,-0.004242028057655746
0.86,120,0.0005037540132255769
0.86,121,0.007578494912610165
0.86,122,-0.005414056829524502
0.86,123,0.008482901818004368
0.86,124,-0.002352397310429629
0.86,125,0.005220367430950033
0.86,126,-0.0030154269388952223
0.86,127,0.00011696286304493994
0.86,128,-0.0013888210461579318
0.86,129,0.00319528489560535
0.86,130,-0.003723362433720242
0.86,131,0.0002873120529728217
0.86,132,0.0007394974340979363
0.86,133,-0.0012505752539442062
0.86,134,0.0016313910019461184
0.86,135,0.0008892292136988612
0.86,136,0.007287359961252942
0.86,137,0.0003135671449393825
0.86,138,-0.0012277434894113536
0.86,139,0.002372725694284447
0.86,140,0.000794848405521889
0.86,141,0.0036821317311831856
0.86,142,0.00020523664975950377
0.86,143,0.002219148889467072
0.86,144,0.0003409569279436919
0.86,145,0.000666846131156157
0.86,146,-0.0014590540953697494
0.86,147,0.0021867060842702727
0.86,148,-0.0009653373222753654
0.86,149,0.0023372013447894423
0.86,150,-0.004164515577528704
0.86,151,-0.00033334019113044877
0.86,152,-0.0011897332162685897
0.86,153,-0.0035671512557354265
0.86,154,0.0020860040542486774
0.86,155,-0.0022839934573239276
0.86,156,-0.002038468086025344
0.86,157,-0.0025217163418050875
0.86,158,0.000211157798305079
0.86,159,0.0007982794324631902
0.86,160,0.0007278119526453875
0.86,161,0.005715501197271815
0.86,162,-0.006914452376201725
0.86,163,0.00223291154642736
0.86,164,0.0036389525398192093
0.86,165,0.0008587670398746659
0.86,166,0.0006363221552979023
0.86,167,0.002487004031780217
0.86,168,-0.0038658013868297595
0.86,169,0.006927188971757699
0.86,170,-0.008569192663899685
0.86,171,0.009007229408111552
0.86,172,-0.006187978487674026
0.86,173,-0.002473086517739539
0.86,174,0.0008693890763003494
0.86,175,0.015281144078329898
0.86,176,0.0006165205778919527
0.86,177,0.005732898076186153
0.86,178,0.008808068050953629
0.86,179,-0.0015327986712720015
0.86,180,0.017415406962011742
0.86,181,0.008687410974476643
0.86,182,0.0012684238746579815
0.86,183,-0.005324547071239842
0.86,184,0.005504053317521586
0.86,185,0.004592492461091044
0.86,186,-0.013950188033675535
0.86,187,0.0011711036324936997
0.86,188,0.009238656401010757
0.86,189,-0.022654923806577965
0.86,190,0.10854554880230297
0.86,191,-0.038962210677706784
0.86,192,1.015083390667958
0.86,193,0.010590019958404152
0.86,194,0.0056224273240051
0.86,195,-0.0004910191553257491
0.86,196,-0.004987731562449393
0.86,197,0.00038973433538727604
0.86,198,-0.000801657309855975
0.87,intercept,-0.004969501021514954
0.87,1,0.011588724639335746
0.87,2,0.014141300673701257
0.87,3,0.004094079216569877
0.87,4,0.0060780978515785665
0.87,5,-0.0019581558017408994
0.87,6,-0.013679075385995082
0.87,7,0.0037918200154355946
0.87,8,0.006128036403141466
0.87,9,-0.004596800239768549
0.87,10,0.01867891891253844
0.87,11,-0.013230944246451538
0.87,12,0.0068635283690943565
0.87,13,0.005878397181296684
0.87,14,-0.0009072344708560984
0.87,15,0.006894725362255901
0.87,16,-0.003792824176811358
0.87,17,-0.001653499157539409
0.87,18,0.0008865322860952392
0.87,19,0.0008766232957724523
0.87,20,0.007381091629735453
0.87,21,-0.005282793409448349
0.87,22,0.004665439105848719
0.87,23,-0.0011960801503306568
0.87,24,-0.0008154256986664852
0.87,25,-1.3864187539590162e-5
0.87,26,-0.0023440046850715336
0.87,27,-0.0026360913964336655
0.87,28,0.002694663398521384
0.87,29,-0.0028095188776790098
0.87,30,-0.002361411666863716
0.87,31,0.0031610714756401636
0.87,32,-0.0013543028157986196
0.87,33,0.0059177384658912575
0.87,34,-0.005850943009573049
0.87,35,0.0026948642557341196
0.87,36,-0.00016921100900510358
0.87,37,0.0011369468028650193
0.87,38,-0.0018071327345917131
0.87,39,0.0005335971884835069
0.87,40,0.0009267331945838603
0.87,41,0.0017144151095236334
0.87,42,0.0019954235882892798
0.87,43,-0.002476945568475783
0.87,44,-0.00034850122765961753
0.87,45,-0.0009282756495351463
0.87,46,0.003529771004104586
0.87,47,6.735220662210712e-5
0.87,48,0.0002327703922115487
0.87,49,-0.00045269364882971646
0.87,50,0.0053243191430983735
0.87,51,-0.0037971153854139852
0.87,52,0.003260855587074492
0.87,53,-0.0030434672515789194
0.87,54,0.0003378141830967115
0.87,55,-0.00077794177155601
0.87,56,0.00018417112706454108
0.87,57,-0.004121042763984999
0.87,58,0.0008780619853189561
0.87,59,-0.0012871540470610404
0.87,60,0.005202576141297881
0.87,61,-0.006060512620749592
0.87,62,-0.0022812058584975935
0.87,63,-0.0033314257347970898
0.87,64,-0.0042045784154211546
0.87,65,0.0002590053743867975
0.87,66,0.0024154500098204014
0.87,67,-0.002332380890098815
0.87,68,0.0010159529350557926
0.87,69,-0.0013976848242897178
0.87,70,0.0019050207857730865
0.87,71,0.0007778310416920331
0.87,72,-0.0015532522921427865
0.87,73,-0.00040996246617128293
0.87,74,0.004931226579793298
0.87,75,-0.0042560073847475784
0.87,76,0.0019454326720299256
0.87,77,-0.003002767440954156
0.87,78,-0.00025735704557788624
0.87,79,0.0008639268951117971
0.87,80,0.004094959533780217
0.87,81,-0.0018256778716727424
0.87,82,0.0022439345079377994
0.87,83,0.003368314887650118
0.87,84,0.00029789206168516377
0.87,85,-0.0021866991540848897
0.87,86,-0.0029068328792481927
0.87,87,-0.0033379515090400293
0.87,88,0.005416786947998225
0.87,89,0.0022725353566361273
0.87,90,-0.00010784277050111941
0.87,91,-0.0043946801819538224
0.87,92,-0.011901077665867694
0.87,93,-0.005501986705132479
0.87,94,0.005219439304103338
0.87,95,-0.0020815353816702113
0.87,96,0.006331248256362562
0.87,97,0.01972863500916894
0.87,98,-0.0023225952321652035
0.87,99,0.012326805858459971
0.87,100,0.014191202157025344
0.87,101,0.0034584344370308935
0.87,102,0.008040110718535392
0.87,103,0.0059783059743875825
0.87,104,-0.007636072144302649
0.87,105,0.004157510424936891
0.87,106,0.005342404702887912
0.87,107,0.00339710056378765
0.87,108,0.0059343675084342976
0.87,109,0.0003325900116577491
0.87,110,0.005060313662103525
0.87,111,0.008895068144514726
0.87,112,-0.004377175380241125
0.87,113,0.012322880789316988
0.87,114,-0.006654621841487726
0.87,115,-0.0006291943648102539
0.87,116,0.0090655309212176
0.87,117,-0.006747537279272728
0.87,118,-0.0018086467608077088
0.87,119,-0.004203539332822285
0.87,120,0.001298864796558632
0.87,121,0.006192898864343245
0.87,122,-0.004909676840820961
0.87,123,0.008415392631156598
0.87,124,-0.002579509704709797
0.87,125,0.006379270882167864
0.87,126,-0.00278235404203303
0.87,127,-0.0004158104323169391
0.87,128,-0.0005244693874748745
0.87,129,0.002686521847299501
0.87,130,-0.0037910365466167378
0.87,131,0.0007263586341443425
0.87,132,0.0009815332824629562
0.87,133,-0.00090575345157822
0.87,134,0.0022988390788517984
0.87,135,-0.0007477322181600639
0.87,136,0.00808601087809629
0.87,137,-0.000935280582178247
0.87,138,-0.00021139663159782594
0.87,139,0.001405107633973533
0.87,140,0.000627581448931887
0.87,141,0.004056894479294479
0.87,142,0.00048501055153357523
0.87,143,0.001004476102461106
0.87,144,0.0012352695719519777
0.87,145,0.0007429909723172913
0.87,146,-0.0021948781850295424
0.87,147,0.002402180856212073
0.87,148,-0.0012447539841500801
0.87,149,0.0024620080144794336
0.87,150,-0.004642539961669276
0.87,151,-0.00017089271480426747
0.87,152,-0.0012023090294540802
0.87,153,-0.0054443077357399115
0.87,154,0.003610804732137484
0.87,155,-0.0023363750636578016
0.87,156,-0.0034479329826918215
0.87,157,-0.0014492014311283175
0.87,158,-0.00043427213859364896
0.87,159,0.0008295018097473237
0.87,160,0.0005634645197581984
0.87,161,0.005086268553732283
0.87,162,-0.007978569477870647
0.87,163,0.0019289195376878741
0.87,164,0.005972806676677137
0.87,165,-0.000419761592977755
0.87,166,-0.00018013073739800192
0.87,167,0.0024933806477924806
0.87,168,-0.004085924335090457
0.87,169,0.00632992501619401
0.87,170,-0.006589352274430231
0.87,171,0.00925637933088843
0.87,172,-0.006957560165035911
0.87,173,-0.002870309101355374
0.87,174,6.777497965034434e-5
0.87,175,0.01851115734075705
0.87,176,-0.0010378438277878431
0.87,177,0.0072486335468647965
0.87,178,0.011726548274227054
0.87,179,-0.003127760941120663
0.87,180,0.022363321651607437
0.87,181,0.011202443578932167
0.87,182,0.0020087966351637304
0.87,183,-0.008483480236107278
0.87,184,0.007557986044292661
0.87,185,0.0038813601064666037
0.87,186,-0.013189401158209742
0.87,187,-0.001182928850833998
0.87,188,0.005566257482542483
0.87,189,-0.02444411033009525
0.87,190,0.12123730500905791
0.87,191,-0.04246804251989427
0.87,192,1.0346729933986076
0.87,193,0.0074460173316105915
0.87,194,0.00588966479135338
0.87,195,-0.00032695477732741263
0.87,196,-0.005507962586106523
0.87,197,0.00037166334288020567
0.87,198,-0.0008177453178041093
0.88,intercept,-0.005442037613578102
0.88,1,0.01523885785135034
0.88,2,0.01380276146728775
0.88,3,0.003758787037308739
0.88,4,0.003947247646429234
0.88,5,-0.0018078400718938095
0.88,6,-0.016053054359328987
0.88,7,0.0016269563862378747
0.88,8,0.004497612785280317
0.88,9,-0.0029577503962146473
0.88,10,0.019328892642159586
0.88,11,-0.012839232186204752
0.88,12,0.004184617027611434
0.88,13,0.008015062464708945
0.88,14,-0.0010282575377512009
0.88,15,0.009685992828643884
0.88,16,-0.004813569722017596
0.88,17,-0.002265382360277944
0.88,18,-0.0008234373148831
0.88,19,0.0030160472606086523
0.88,20,0.004691759123612464
0.88,21,-0.0033701775256520347
0.88,22,0.006639866656997046
0.88,23,-0.0020387866280524923
0.88,24,-0.001316231932528829
0.88,25,-1.175497790097957e-5
0.88,26,-0.0019784696179455737
0.88,27,-0.003491999932724445
0.88,28,0.0033642305885868444
0.88,29,-0.002601818213047659
0.88,30,-0.0020309780841711316
0.88,31,0.002532507709152674
0.88,32,-0.0017678604548685656
0.88,33,0.006308364871034948
0.88,34,-0.005018304230211505
0.88,35,0.0016670407326574745
0.88,36,-0.0007919702649925259
0.88,37,0.002005751283868523
0.88,38,-0.002368712157384862
0.88,39,0.0012635356886805521
0.88,40,0.00013564581822529543
0.88,41,0.0018442848435878902
0.88,42,0.0005235947864943905
0.88,43,-0.0015273854983431554
0.88,44,-0.0012842112675199692
0.88,45,-0.0004632037958195659
0.88,46,0.003058531806941591
0.88,47,0.00020042595101996553
0.88,48,0.00145274034401115
0.88,49,-0.0011935145216328332
0.88,50,0.006461054001372778
0.88,51,-0.004502382372059371
0.88,52,0.0039011322900342183
0.88,53,-0.0035175447697873095
0.88,54,0.00015745287531263177
0.88,55,-0.0017418475434863344
0.88,56,0.00029298282207285733
0.88,57,-0.004259271105304364
0.88,58,0.0003541127072210418
0.88,59,-0.0006138629017734526
0.88,60,0.004847793772016097
0.88,61,-0.006172270504760632
0.88,62,-0.0020463311362273516
0.88,63,-0.0032924679907010397
0.88,64,-0.004544159609209185
0.88,65,0.002966371542610552
0.88,66,0.0026393423978932403
0.88,67,-0.002596248529547308
0.88,68,0.0017349082709462863
0.88,69,-0.0031986580941272672
0.88,70,0.002078867088344272
0.88,71,0.0022397131485835655
0.88,72,0.00253392588378806
0.88,73,-0.0037535110774537567
0.88,74,0.0053456692654149165
0.88,75,-0.006476918316262973
0.88,76,0.006464392055190173
0.88,77,-0.003017040120987202
0.88,78,-0.003198287940273419
0.88,79,0.001815972674551456
0.88,80,0.0032829565416207683
0.88,81,-0.0034373944554981495
0.88,82,0.0019131113372083735
0.88,83,0.006961655349223868
0.88,84,-0.0013300968426304225
0.88,85,0.0007413751951430256
0.88,86,-0.005928431237200243
0.88,87,-0.002916932886430368
0.88,88,0.010304840590893578
0.88,89,0.003035312788912818
0.88,90,-0.0030013514051097433
0.88,91,-0.004939714724203482
0.88,92,-0.014981533985571147
0.88,93,-0.0053271604955141575
0.88,94,0.005762063970447523
0.88,95,-0.0023397987899230225
0.88,96,0.009625351450580615
0.88,97,0.022779966618374763
0.88,98,-0.006246336216615139
0.88,99,0.018752263979362
0.88,100,0.013934051028960694
0.88,101,0.004404325402748986
0.88,102,0.007705309896062091
0.88,103,0.00567289218580491
0.88,104,-0.005689839088268868
0.88,105,0.003157533557617344
0.88,106,0.006122768251098648
0.88,107,-0.00025397640963459485
0.88,108,0.011017134539679264
0.88,109,-0.0003161554298462007
0.88,110,0.003673198735039341
0.88,111,0.008750737666134687
0.88,112,-0.0057503726864338925
0.88,113,0.014053859661953891
0.88,114,-0.007559058351181019
0.88,115,-0.0006191298501908602
0.88,116,0.010420313654314615
0.88,117,-0.005973537072636622
0.88,118,-0.00443689770467017
0.88,119,-0.002963130182719678
0.88,120,0.002111584639564251
0.88,121,0.0045340254104182555
0.88,122,-0.0039061848079546403
0.88,123,0.007069829774959839
0.88,124,-0.0029573034971293304
0.88,125,0.008255039882863977
0.88,126,-0.004090343135610258
0.88,127,0.0007062123935941069
0.88,128,-0.001821741321367789
0.88,129,0.004043771931469861
0.88,130,-0.0035048146162046114
0.88,131,0.0012313646110706502
0.88,132,0.0008706408492170641
0.88,133,-0.0004775934460622777
0.88,134,0.0027321963028697715
0.88,135,-0.0008303100380601093
0.88,136,0.0064794775777988235
0.88,137,0.0006228222993556212
0.88,138,-0.0008917070673366075
0.88,139,0.001997437466435765
0.88,140,0.00038869764636163655
0.88,141,0.005164388802430877
0.88,142,-0.0003725395781083706
0.88,143,0.002194074210425325
0.88,144,0.00026567884881947216
0.88,145,0.00015538587107239593
0.88,146,-0.0028511295416904837
0.88,147,0.0033089391426731605
0.88,148,-0.0016280891831545292
0.88,149,0.003598830096291131
0.88,150,-0.004718407325269078
0.88,151,-0.0009517741787213673
0.88,152,-0.001293704464583487
0.88,153,-0.0044807900690736445
0.88,154,0.0027623992757255327
0.88,155,-0.001521471161227097
0.88,156,-0.004895458225750592
0.88,157,-0.001581845469592746
0.88,158,-0.0013628825803292137
0.88,159,0.00126749070453804
0.88,160,0.0011542778278056383
0.88,161,0.0037253737426354216
0.88,162,-0.008196478782233677
0.88,163,0.00047737546092931044
0.88,164,0.0063329135882304165
0.88,165,0.00033227751697268137
0.88,166,0.0005402683107314193
0.88,167,0.0019316253376145652
0.88,168,-0.0035987558119117565
0.88,169,0.003056154154010359
0.88,170,-0.005825900872824209
0.88,171,0.009782896939648242
0.88,172,-0.006756868834263483
0.88,173,-0.004309670310635082
0.88,174,0.0009864820561322363
0.88,175,0.019080886895292026
0.88,176,-0.0018076098030981552
0.88,177,0.010251506107414233
0.88,178,0.010929356658914887
0.88,179,-0.003657452696224659
0.88,180,0.019243685052836187
0.88,181,0.010613561714554378
0.88,182,0.0016715647743195947
0.88,183,-0.010058464450027574
0.88,184,0.011329373764095683
0.88,185,0.004470868070293825
0.88,186,-0.012174509031148547
0.88,187,-0.002877293419872147
0.88,188,0.00489136403780783
0.88,189,-0.027073635404802746
0.88,190,0.13754915018791755
0.88,191,-0.046851360819577144
0.88,192,1.053969914119141
0.88,193,0.008238509210808341
0.88,194,0.0056745208299903375
0.88,195,-0.00011234411084199351
0.88,196,-0.006216640439845746
0.88,197,0.00032461253646291766
0.88,198,-0.0009639311361383535
0.89,intercept,-0.006366007459389233
0.89,1,0.014224477311204957
0.89,2,0.01822575665968441
0.89,3,0.004932412739351671
0.89,4,0.004419819651403457
0.89,5,0.002440691950779765
0.89,6,-0.017448738788895912
0.89,7,0.0024883581763674276
0.89,8,-7.0879386342129e-5
0.89,9,-0.003425181772816046
0.89,10,0.021080443676052076
0.89,11,-0.009089778815978618
0.89,12,-0.0019930381961702137
0.89,13,0.009455230695401502
0.89,14,-0.004250698774589966
0.89,15,0.017313920785637534
0.89,16,-0.005973636188032857
0.89,17,-0.003990744161892136
0.89,18,0.0003632153087362907
0.89,19,0.0021831767248156005
0.89,20,0.0030724603214815857
0.89,21,-0.0017935260639505284
0.89,22,0.007208485589619194
0.89,23,-0.00011569630127079314
0.89,24,-0.003177671957299113
0.89,25,-2.4121016911322696e-5
0.89,26,-0.0014057557734407815
0.89,27,-0.0026245644102675285
0.89,28,0.0019378159193233892
0.89,29,-0.001069101467920669
0.89,30,-0.003043922880540126
0.89,31,0.0029768445131546713
0.89,32,-0.0018023757440385644
0.89,33,0.004370498643683642
0.89,34,-0.004801669349157236
0.89,35,0.002282470340107555
0.89,36,0.0012809319655609126
0.89,37,0.0016633296529263094
0.89,38,-0.0015174002092843558
0.89,39,0.0012735456816586326
0.89,40,-0.00012715067635103467
0.89,41,0.004798869406933074
0.89,42,-0.0021092705103777413
0.89,43,-0.00028912599917996164
0.89,44,-0.0016982717485250715
0.89,45,-0.00021858350172273403
0.89,46,0.003043132084446158
0.89,47,-0.00031511394327994445
0.89,48,0.0006823719967500438
0.89,49,-0.0006622541620064884
0.89,50,0.007584608792160714
0.89,51,-0.004874193549519453
0.89,52,0.002920855292760649
0.89,53,-0.0045232857485307575
0.89,54,-0.0006170422278422863
0.89,55,-0.0008523808426612997
0.89,56,0.0003249425573684851
0.89,57,-0.004982799976942246
0.89,58,0.00017640271995386357
0.89,59,-0.00035362255651034247
0.89,60,0.004470090982845012
0.89,61,-0.006443370734013546
0.89,62,-0.0009588018917415435
0.89,63,-0.003958893416182798
0.89,64,-0.004068302244522224
0.89,65,0.0028428689862054087
0.89,66,0.003812123996981692
0.89,67,-0.003927031230658117
0.89,68,0.0010322559759764198
0.89,69,-0.0038534770138777845
0.89,70,0.0019162469267085497
0.89,71,0.004554928235100471
0.89,72,0.002697588210710034
0.89,73,-0.0035524322685658804
0.89,74,0.0019995158682967347
0.89,75,-0.006904618768710206
0.89,76,0.0071658938795260375
0.89,77,-0.002471282792414307
0.89,78,-0.0053970515694749185
0.89,79,0.00616361081303289
0.89,80,0.009544907023379639
0.89,81,-0.007347098419350226
0.89,82,0.0041498512847108196
0.89,83,0.003969966098458257
0.89,84,-6.841964042609026e-5
0.89,85,0.002824115866050144
0.89,86,-0.008003648204630164
0.89,87,-0.00652580154729512
0.89,88,0.01289805271820104
0.89,89,0.0033570412402783574
0.89,90,-0.0023506502735580652
0.89,91,-0.005701603814441363
0.89,92,-0.012208013768806052
0.89,93,-0.006867340125040789
0.89,94,0.0085567242432755
0.89,95,-0.0018691610909740712
0.89,96,0.007144724259125882
0.89,97,0.025655405811010022
0.89,98,-0.012580744495377215
0.89,99,0.023119305102025516
0.89,100,0.01410381565740466
0.89,101,0.003968528989116825
0.89,102,0.01046590646658208
0.89,103,0.00582156005862017
0.89,104,0.0009473786151119384
0.89,105,-0.0019346492589025473
0.89,106,0.007127090063651659
0.89,107,-0.0019906634403889967
0.89,108,0.010491595539186696
0.89,109,0.0014457848355727187
0.89,110,-0.0008592179229903625
0.89,111,0.01134720148315877
0.89,112,-0.007800697250120016
0.89,113,0.01887116149427773
0.89,114,-0.00882981086878932
0.89,115,-0.0008194531653038688
0.89,116,0.01130035249777635
0.89,117,-0.009411668549065723
0.89,118,-0.003182418533851946
0.89,119,-0.0029074655547295025
0.89,120,0.000725176947497235
0.89,121,0.0037174812328550615
0.89,122,-0.0008588376615965113
0.89,123,0.006409501202926895
0.89,124,-0.003649897968618712
0.89,125,0.009642630318026191
0.89,126,-0.005834033914028228
0.89,127,0.0016810234779793779
0.89,128,-0.0024644497531964254
0.89,129,0.004821377980328947
0.89,130,-0.00417075609440396
0.89,131,0.0010128645386076464
0.89,132,0.0007741950338960835
0.89,133,9.587886032066878e-5
0.89,134,0.003221730080725494
0.89,135,-0.00042958483057122155
0.89,136,0.005665738366635846
0.89,137,7.571216355894537e-5
0.89,138,-0.0002742701136429183
0.89,139,0.0015617523501770315
0.89,140,-2.4353241283592368e-5
0.89,141,0.00559190723108844
0.89,142,-0.0012757263010243695
0.89,143,0.0030230554840042167
0.89,144,-0.0005691108933176679
0.89,145,0.0008944479040684341
0.89,146,-0.002950561880898048
0.89,147,0.00464656424670281
0.89,148,-0.0013627733012081266
0.89,149,0.002976777694918965
0.89,150,-0.0061294004117913555
0.89,151,-0.0017731424201682658
0.89,152,-0.0018139599732807385
0.89,153,-0.005049108982554812
0.89,154,0.003984575790957556
0.89,155,-0.002576536802307574
0.89,156,-0.004184700391071077
0.89,157,-0.0018858285528014537
0.89,158,-0.003497448108809682
0.89,159,0.0015237533654993954
0.89,160,0.00027223412727700794
0.89,161,0.0037199060179729684
0.89,162,-0.006370894209976587
0.89,163,-0.0005490591309717416
0.89,164,0.006539700353116259
0.89,165,0.00044876259081023045
0.89,166,-9.450723608436734e-5
0.89,167,0.006027940627846508
0.89,168,-0.005248983167998823
0.89,169,0.004697898050385278
0.89,170,-0.007627967943908217
0.89,171,0.012651764652933058
0.89,172,-0.0072988772096071325
0.89,173,-0.006831481069465264
0.89,174,0.004453550661565452
0.89,175,0.013231343181937806
0.89,176,-0.0030646301005759977
0.89,177,0.009263231818032439
0.89,178,0.020042680288963634
0.89,179,-0.00567887042010335
0.89,180,0.023532190064961933
0.89,181,0.004813030506430976
0.89,182,0.0038461398921915612
0.89,183,-0.008886277882409695
0.89,184,0.014833465677015663
0.89,185,-0.0010512806120577711
0.89,186,-0.007260764881321011
0.89,187,-0.010557109031881735
0.89,188,0.0094764629567759
0.89,189,-0.0321232081563796
0.89,190,0.15845840608743264
0.89,191,-0.04954228021255036
0.89,192,1.0637952213115704
0.89,193,0.00920737630515539
0.89,194,0.006570415169612142
0.89,195,-2.7289440428381723e-6
0.89,196,-0.006793907257026065
0.89,197,0.00017121724096634192
0.89,198,-0.001141441846468529
0.9,intercept,-0.007654657674777047
0.9,1,0.01956911698262418
0.9,2,0.02067377836204104
0.9,3,0.004423752143530995
0.9,4,0.0012024154949467128
0.9,5,0.0020426213286558756
0.9,6,-0.018895835852600174
0.9,7,0.00594217799645282
0.9,8,-0.0014102380948494556
0.9,9,-0.0055196032738537605
0.9,10,0.023493106362492477
0.9,11,-0.006063969281604937
0.9,12,-0.004333795072899226
0.9,13,0.010696161150894912
0.9,14,-0.003638031937921292
0.9,15,0.016388277606128654
0.9,16,-0.012038066458152669
0.9,17,0.0012896484536254746
0.9,18,-0.0034047217041280552
0.9,19,0.0039447602079238685
0.9,20,0.0006271778987054575
0.9,21,0.00019137516700537243
0.9,22,0.007301374011241197
0.9,23,0.00010135340859053887
0.9,24,-0.0027634789289299817
0.9,25,-0.0017307540633618877
0.9,26,-0.0007695506944044987
0.9,27,-0.004299687734857104
0.9,28,0.002035690402591076
0.9,29,-0.0017077705705095135
0.9,30,-0.0023287133786642827
0.9,31,0.003723333930659673
0.9,32,-0.002161326082701276
0.9,33,0.0045179029274872076
0.9,34,-0.004518991199562193
0.9,35,0.0016698432660103722
0.9,36,0.0010338306267328671
0.9,37,0.002996098417894323
0.9,38,-0.0012502741000467344
0.9,39,-0.0006439977657911824
0.9,40,0.0010889667442939837
0.9,41,0.004212081785942412
0.9,42,-0.001996849804153489
0.9,43,0.0003826160610568187
0.9,44,-0.0007611851055100187
0.9,45,-0.0019482485036051147
0.9,46,0.002800706532267582
0.9,47,0.0001524018645629762
0.9,48,-0.0004366933688670188
0.9,49,7.779853291222612e-5
0.9,50,0.008535079555825303
0.9,51,-0.004690643829667748
0.9,52,0.0034886770139167388
0.9,53,-0.005075292080379321
0.9,54,-0.0010391513788259234
0.9,55,-0.0008844644273525396
0.9,56,0.0016114730002725842
0.9,57,-0.005545712136005747
0.9,58,0.0014243235433934044
0.9,59,-0.0009350698534349208
0.9,60,0.003405858677162821
0.9,61,-0.005797460535991566
0.9,62,2.131609801638385e-5
0.9,63,-0.003053033937110695
0.9,64,-0.006262499651764124
0.9,65,0.0021631902643887467
0.9,66,0.004304839010499864
0.9,67,-0.002679081393176883
0.9,68,0.0006790980052772028
0.9,69,-0.0034845961859611392
0.9,70,0.0034567611432417904
0.9,71,0.002925204817722604
0.9,72,0.005594738200618382
0.9,73,-0.0067493012287773236
0.9,74,0.0040654257164801115
0.9,75,-0.007818539934380787
0.9,76,0.007419889617396769
0.9,77,-0.006288751234621742
0.9,78,-0.0014457836863476683
0.9,79,0.0007307068713210309
0.9,80,0.013439887549613528
0.9,81,-0.007422122374348371
0.9,82,0.006204818304819969
0.9,83,0.0032681502645886566
0.9,84,0.005231664377945452
0.9,85,-0.0008042192612279592
0.9,86,-0.008737401055118015
0.9,87,-0.009253975545852217
0.9,88,0.016211938215655964
0.9,89,0.0052354663894562635
0.9,90,-0.004465507626928095
0.9,91,-0.008473647064144468
0.9,92,-0.013952740570925862
0.9,93,-0.007934715646406987
0.9,94,0.009925764538099568
0.9,95,0.0016455399971413204
0.9,96,0.004738291790454921
0.9,97,0.024310518235678605
0.9,98,-0.00821655603597627
0.9,99,0.02742203994705275
0.9,100,0.016979133105491
0.9,101,0.0038451679359026167
0.9,102,0.012645282946250188
0.9,103,0.003236066531352075
0.9,104,0.002159401812595714
0.9,105,-0.0033247444337579216
0.9,106,0.0052798523717064675
0.9,107,-0.0026634202548059694
0.9,108,0.007570727835711603
0.9,109,0.004684136365418882
0.9,110,-0.0028506820140928413
0.9,111,0.009538578471437598
0.9,112,-0.00966495757829414
0.9,113,0.02069728774861002
0.9,114,-0.009865250104801855
0.9,115,-0.002233659702636083
0.9,116,0.012328258673315676
0.9,117,-0.010871447963513886
0.9,118,-0.0023122210969006214
0.9,119,-0.003354623185018002
0.9,120,0.0012264321577478722
0.9,121,0.0027471206413479184
0.9,122,-0.002500752587412881
0.9,123,0.006845486406538865
0.9,124,-0.0034845439640610438
0.9,125,0.009479805025629753
0.9,126,-0.006086290266855915
0.9,127,0.0022065919041887485
0.9,128,-0.0022919617369418265
0.9,129,0.0041845870337144
0.9,130,-0.00278702237500785
0.9,131,2.080883225610078e-5
0.9,132,0.0005229606938909814
0.9,133,0.0006770074295777232
0.9,134,0.0016276975558559485
0.9,135,0.00021989097575449967
0.9,136,0.004826625546944048
0.9,137,0.0007092551670336073
0.9,138,-1.3511525480139782e-5
0.9,139,-0.00041052354499306406
0.9,140,0.0031501555783190025
0.9,141,0.005861903921424033
0.9,142,-0.0006516219762767994
0.9,143,0.0022743129567410494
0.9,144,-0.0017066904906445188
0.9,145,0.0002647010118813971
0.9,146,-0.002535251635285745
0.9,147,0.005180819806849804
0.9,148,-0.0003152974940598247
0.9,149,0.002467725346197823
0.9,150,-0.005910570505231214
0.9,151,-0.004297779857403831
0.9,152,-0.0013267353542798887
0.9,153,-0.00558569375216067
0.9,154,0.004716103266702654
0.9,155,-0.002849123286656629
0.9,156,-0.004924608146497539
0.9,157,-0.0017068711203914707
0.9,158,-0.004770823457575908
0.9,159,0.0022905305625081016
0.9,160,-0.0006523904692056778
0.9,161,0.004427741621445201
0.9,162,-0.007826161132773136
0.9,163,0.00021270747960622872
0.9,164,0.005276673770365615
0.9,165,-0.0008531289584407152
0.9,166,0.00015090847906534832
0.9,167,0.008971269236597823
0.9,168,-0.004930621401430022
0.9,169,0.004301655368603821
0.9,170,-0.00912043955689999
0.9,171,0.013093120949675987
0.9,172,-0.006473296706616349
0.9,173,-0.008881857763295715
0.9,174,0.005440885895696432
0.9,175,0.0066964575792825675
0.9,176,0.0017026759983150054
0.9,177,0.012101263818721068
0.9,178,0.021038596864052097
0.9,179,-0.006588057836583072
0.9,180,0.029512932751563515
0.9,181,0.0015220341624867342
0.9,182,0.006328130204856046
0.9,183,-0.00709099419244296
0.9,184,0.018121391424323806
0.9,185,0.0008414101916962436
0.9,186,-0.006588727545570186
0.9,187,-0.010774578642717638
0.9,188,0.007906408176068797
0.9,189,-0.03266579353371673
0.9,190,0.1831440471044568
0.9,191,-0.057024450828591505
0.9,192,1.0912470310407174
0.9,193,0.012396274626125837
0.9,194,0.006718144449629931
0.9,195,0.0004296580933184828
0.9,196,-0.007588928082594169
0.9,197,-9.933110355009322e-5
0.9,198,-0.0014138550519871736
0.91,intercept,-0.008087250892949885
0.91,1,0.020240874667863926
0.91,2,0.02216250719435728
0.91,3,0.00579354644876295
0.91,4,-0.0018852754687115607
0.91,5,0.003238991969206829
0.91,6,-0.02219303299849423
0.91,7,0.004005004326848226
0.91,8,-0.0018883249181369244
0.91,9,-0.005640720410343262
0.91,10,0.03257088949378851
0.91,11,-0.009215089433614095
0.91,12,-0.0019757493099987014
0.91,13,0.003190317590120949
0.91,14,-0.006892188064197389
0.91,15,0.018141384444821395
0.91,16,-0.008549393008214487
0.91,17,0.0004652646051175102
0.91,18,-0.005033065621973574
0.91,19,0.004579648418600914
0.91,20,0.0024478490933952336
0.91,21,-0.00015353504896552543
0.91,22,0.006611430061517292
0.91,23,-0.0010611795532771424
0.91,24,-0.005028541193328284
0.91,25,-0.002097013561871316
0.91,26,-0.0003583796734347473
0.91,27,-0.005060383626949852
0.91,28,0.003141321381474929
0.91,29,-0.0014060010246244774
0.91,30,-0.0006849199050717374
0.91,31,0.002580899590448613
0.91,32,0.0029863479071068786
0.91,33,0.0028924429166505413
0.91,34,-0.0032431878022010988
0.91,35,0.0018779623524541736
0.91,36,0.0013520099868112416
0.91,37,0.0010162196144259358
0.91,38,0.0007326273279019648
0.91,39,-0.0009219041266467048
0.91,40,0.0007626176751811791
0.91,41,0.002803492461341993
0.91,42,-9.581463449884423e-5
0.91,43,-3.842751523285449e-5
0.91,44,-0.0008504818248878183
0.91,45,-0.0020715778607904205
0.91,46,0.004416524458021976
0.91,47,-0.002639844264843156
0.91,48,0.0012079180809146408
0.91,49,-0.002712279755078798
0.91,50,0.00836387195279096
0.91,51,-0.004580697641673081
0.91,52,0.0037164011844107413
0.91,53,-0.00563948560635511
0.91,54,-0.0026063773989097832
0.91,55,0.0010079235076587121
0.91,56,0.0008851225580166307
0.91,57,-0.0059610457638567494
0.91,58,0.0010351140207550086
0.91,59,-0.0011979107918719705
0.91,60,0.002561521562228833
0.91,61,-0.005238319590803866
0.91,62,0.00012100478413985489
0.91,63,-0.0027623934754385533
0.91,64,-0.0071710317018890656
0.91,65,0.0010108361748118143
0.91,66,0.0030071122165447584
0.91,67,-0.0019275692554663545
0.91,68,0.0029143062961220095
0.91,69,-0.005056459522629302
0.91,70,0.003295675777077678
0.91,71,0.0010498801076969683
0.91,72,0.006089386071588941
0.91,73,-0.008137831119118194
0.91,74,0.0037896619621013514
0.91,75,-0.007069451243696653
0.91,76,0.008741169768782326
0.91,77,-0.006911802189007901
0.91,78,-0.004125022901868696
0.91,79,0.0037957762243774093
0.91,80,0.0135378230577761
0.91,81,-0.00486111212849871
0.91,82,0.012973803685616916
0.91,83,-0.0008098308002518595
0.91,84,0.0060919440135558806
0.91,85,-0.0030285542954499823
0.91,86,-0.006820840975210815
0.91,87,-0.007752282777985524
0.91,88,0.013542910198834504
0.91,89,0.01764552468956805
0.91,90,-0.012137037270790374
0.91,91,-0.006075369946126392
0.91,92,-0.01846584581456477
0.91,93,-0.00708874986340382
0.91,94,0.016621517009632145
0.91,95,0.000673900653002566
0.91,96,0.005695556555810813
0.91,97,0.019317755767198918
0.91,98,-0.011535483034335813
0.91,99,0.029328579929788073
0.91,100,0.01638726865537379
0.91,101,0.001739446327145006
0.91,102,0.010897894238928273
0.91,103,0.0031509739390835124
0.91,104,0.0039773828486738185
0.91,105,-0.010604428701210502
0.91,106,0.0047692515753372305
0.91,107,-0.0009399818975474126
0.91,108,0.006159614646685702
0.91,109,0.005879214450202289
0.91,110,0.0067780239625621075
0.91,111,0.008267690482963918
0.91,112,-0.010241528472758972
0.91,113,0.02449799644907719
0.91,114,-0.010630506999001131
0.91,115,-0.004433270153645244
0.91,116,0.006884067938498497
0.91,117,-0.006568922132952675
0.91,118,-0.0051106698446104675
0.91,119,-0.001455227797879021
0.91,120,0.00018594245437727523
0.91,121,0.005451954110956932
0.91,122,-0.003139047223265564
0.91,123,0.0070454780081343074
0.91,124,-0.005207907708270572
0.91,125,0.01245336974966147
0.91,126,-0.00556872081556704
0.91,127,0.0027637939954484733
0.91,128,-0.0037900812331148194
0.91,129,0.005937146217708121
0.91,130,-0.003222392242590212
0.91,131,0.00010748366585964818
0.91,132,-0.00030583005527209467
0.91,133,0.0021367602005073613
0.91,134,0.0018611582239247341
0.91,135,0.0002687816054177315
0.91,136,0.0038905800812946566
0.91,137,0.0022922959683481033
0.91,138,-0.00012909862309220887
0.91,139,-0.0010715132817147378
0.91,140,0.0021088278643089614
0.91,141,0.007348409771914618
0.91,142,-0.0009389712173178838
0.91,143,0.001287643861334146
0.91,144,-0.0011140468961815576
0.91,145,-0.0015873932907649597
0.91,146,-0.003017402729339145
0.91,147,0.005498937112952628
0.91,148,0.00042209224567618653
0.91,149,0.0019360759134903595
0.91,150,-0.006675681865699154
0.91,151,-0.0026636037183640155
0.91,152,-0.0038446683314446437
0.91,153,-0.004085987011619366
0.91,154,0.004621982920426437
0.91,155,-0.0036148073060900945
0.91,156,-0.004725830531704862
0.91,157,-0.001188485635046366
0.91,158,-0.004718724693827081
0.91,159,0.00083852620514579
0.91,160,0.002495531433063325
0.91,161,0.003873175367084104
0.91,162,-0.006122846647294902
0.91,163,-0.003578595349309906
0.91,164,0.010709824761242458
0.91,165,9.389065593471423e-5
0.91,166,0.0012529935287656467
0.91,167,0.005617810840302569
0.91,168,-0.00814362027057878
0.91,169,0.004965480320229282
0.91,170,-0.007762095362918872
0.91,171,0.012025159403859126
0.91,172,-0.006157046055293758
0.91,173,-0.010215720119935665
0.91,174,0.0072443164419108185
0.91,175,0.006203021445539008
0.91,176,-0.0012720542560906657
0.91,177,0.011397880556978287
0.91,178,0.021828320850485146
0.91,179,-0.004956968863231995
0.91,180,0.030258060068550693
0.91,181,-0.002875512923252664
0.91,182,0.018367521823646996
0.91,183,-0.013689530227075636
0.91,184,0.023710305413902323
0.91,185,-0.007057570638615336
0.91,186,-0.0010701115012656194
0.91,187,-0.013720984214951945
0.91,188,0.00573213758330962
0.91,189,-0.037422962413274405
0.91,190,0.19932895840532333
0.91,191,-0.06454254871622675
0.91,192,1.132695433184261
0.91,193,0.017573285193888122
0.91,194,0.007720452749881409
0.91,195,0.0006483707058377757
0.91,196,-0.009056225887852648
0.91,197,-0.0003363379721758042
0.91,198,-0.001621400728262369
0.92,intercept,-0.008749085817703768
0.92,1,0.017307016244050264
0.92,2,0.028367782479325625
0.92,3,-0.002057278655885441
0.92,4,-0.0013103992592667722
0.92,5,0.004292109201987218
0.92,6,-0.023940654902352334
0.92,7,0.007676537904681863
0.92,8,0.0011691395371369925
0.92,9,-0.005214258101303883
0.92,10,0.030601671080363987
0.92,11,-0.008921201315189864
0.92,12,-0.0005277299336140834
0.92,13,-0.0010521087636916936
0.92,14,-0.003430443124639997
0.92,15,0.017246652113665554
0.92,16,-0.012423327084884766
0.92,17,0.0021323591734034087
0.92,18,-0.002794279184227066
0.92,19,0.010032005091917508
0.92,20,0.0029574080369509466
0.92,21,-0.0030937799434157002
0.92,22,0.0055108455547555465
0.92,23,-0.0035643055772362126
0.92,24,-0.00255018540682434
0.92,25,-0.0012732577910920628
0.92,26,0.0018019919517807007
0.92,27,-0.005965933420129962
0.92,28,0.0017082041886779106
0.92,29,-0.0005341707584774678
0.92,30,-0.0029328715400060096
0.92,31,0.007217855287957418
0.92,32,0.000733017045884345
0.92,33,0.002705703023159539
0.92,34,-0.0027622035598489168
0.92,35,0.003480089575572742
0.92,36,-0.0005051211762242284
0.92,37,0.00256332539979933
0.92,38,0.0008101788975179234
0.92,39,-0.0032957023566993907
0.92,40,0.0015344459411787438
0.92,41,0.0019244216983689882
0.92,42,0.0010795357314275181
0.92,43,-0.0012404755106541021
0.92,44,-0.0010140284441311626
0.92,45,-0.0009544807277730559
0.92,46,0.004923757316853155
0.92,47,-0.001740983412746186
0.92,48,0.00021172712170620904
0.92,49,-0.002319868011740555
0.92,50,0.010139423420107922
0.92,51,-0.004595133604756408
0.92,52,0.002255353864997486
0.92,53,-0.005254156484939854
0.92,54,-0.002158990016811793
0.92,55,0.0018186655210807772
0.92,56,0.0015818357363998553
0.92,57,-0.0058835577696241745
0.92,58,-0.0012493294004562248
0.92,59,-0.002770984784894713
0.92,60,0.0022909107075267336
0.92,61,-0.001400881686166722
0.92,62,-0.0023477723871380683
0.92,63,-0.0037404405469431802
0.92,64,-0.00816119435208331
0.92,65,0.0026037001615591185
0.92,66,0.005192345137638784
0.92,67,-0.0036706968364349714
0.92,68,0.0045170980816767485
0.92,69,-0.0032615024786031913
0.92,70,-0.0001801621522047572
0.92,71,0.002485447708869298
0.92,72,0.004153680379104785
0.92,73,-0.007504866438241391
0.92,74,0.002036533124820905
0.92,75,-0.008809198831857394
0.92,76,0.010731941337081826
0.92,77,-0.006692698149127702
0.92,78,-0.008909110863771991
0.92,79,0.010845424557926446
0.92,80,0.010458363328540379
0.92,81,-0.004388264314167087
0.92,82,0.0135772013328576
0.92,83,0.0006605816318065209
0.92,84,0.004151332043963307
0.92,85,-0.00025450898037751335
0.92,86,-0.0011667718338896126
0.92,87,-0.015183287179810124
0.92,88,0.012182592109641925
0.92,89,0.015371786385723807
0.92,90,-0.008841455607470673
0.92,91,-0.007321954042154869
0.92,92,-0.022919638227215176
0.92,93,-0.0004085550058416263
0.92,94,0.008497634319482722
0.92,95,0.004719497756251951
0.92,96,0.0025955802316019565
0.92,97,0.017057390092356284
0.92,98,-0.008877684806496509
0.92,99,0.027944910873849028
0.92,100,0.00499959017523113
0.92,101,0.0092366755663203
0.92,102,0.005415217144603276
0.92,103,0.008214739057558453
0.92,104,-0.0015330775781746528
0.92,105,-0.006095784530714135
0.92,106,-0.00016317781502818787
0.92,107,-0.0004454250744031692
0.92,108,0.005032368441378816
0.92,109,0.006714010005287095
0.92,110,0.008624077746018548
0.92,111,0.008064616546952319
0.92,112,-0.009236421389389344
0.92,113,0.021802713290157684
0.92,114,-0.009979258325971177
0.92,115,-0.007442852356320906
0.92,116,0.009462656450564112
0.92,117,-0.005088608880128566
0.92,118,-0.008463185386573724
0.92,119,0.001309553615730484
0.92,120,0.001791763210073362
0.92,121,0.003130199037189403
0.92,122,-0.0041901689166414765
0.92,123,0.008994929748054905
0.92,124,-0.008160891883968797
0.92,125,0.014187670527336056
0.92,126,-0.004517197165974744
0.92,127,0.0030901962597456923
0.92,128,-0.004815741386431423
0.92,129,0.006578715130564749
0.92,130,-0.002002710353346874
0.92,131,0.0004955007093975929
0.92,132,-0.0011850647595873414
0.92,133,0.002104903190645371
0.92,134,0.0017068292321026357
0.92,135,0.0013931399602553965
0.92,136,0.0003823477507683759
0.92,137,0.003466800105931904
0.92,138,-0.00018795766252852623
0.92,139,6.107265694206554e-5
0.92,140,0.002904907785102344
0.92,141,0.005571427837594272
0.92,142,-0.001461809354948366
0.92,143,0.0022065544861342777
0.92,144,-0.0034887252868305617
0.92,145,-0.002551494824197969
0.92,146,-0.0026904267982858815
0.92,147,0.00605052834537336
0.92,148,-0.00024883275257638006
0.92,149,0.0010376513204901042
0.92,150,-0.0061619794361718475
0.92,151,-0.003418390066194952
0.92,152,-0.004750276336802131
0.92,153,-0.0034470334946313857
0.92,154,0.0039007894975478623
0.92,155,-0.0041858588558131285
0.92,156,-0.0017663073397226538
0.92,157,-0.004146014364315231
0.92,158,-0.004311415079223474
0.92,159,-0.00013894992806939475
0.92,160,0.0024233924922713347
0.92,161,0.002784040866202803
0.92,162,-0.00838188550648207
0.92,163,-0.0011222832748401254
0.92,164,0.011880987816514879
0.92,165,-0.0031582797334805874
0.92,166,0.00284820540126252
0.92,167,0.00458945878029334
0.92,168,-0.009316325380187666
0.92,169,0.007063701573729661
0.92,170,-0.006735745007227752
0.92,171,0.012993567198765876
0.92,172,-0.007100687000981271
0.92,173,-0.010957695756632496
0.92,174,0.006117960918061381
0.92,175,0.00433637180055752
0.92,176,0.00016059646393159653
0.92,177,0.014787732116217023
0.92,178,0.019659458019845515
0.92,179,-0.009111774459186432
0.92,180,0.041723725895666704
0.92,181,-0.006069442454057307
0.92,182,0.017100398955306538
0.92,183,-0.015387884220347887
0.92,184,0.03339428685937986
0.92,185,-0.002288074294420644
0.92,186,-0.0064219878370185375
0.92,187,-0.017783642690359834
0.92,188,0.006922264788167724
0.92,189,-0.04382335297891068
0.92,190,0.24739976428740482
0.92,191,-0.06928800233777083
0.92,192,1.1736405690962892
0.92,193,0.01810931861832566
0.92,194,0.004929657228464437
0.92,195,0.0007677014499856966
0.92,196,-0.01024648111172945
0.92,197,-0.000531215669037043
0.92,198,-0.0018945187668334956
0.93,intercept,-0.009327179499662108
0.93,1,0.022473440071491192
0.93,2,0.04058139928124856
0.93,3,-0.00429411278629698
0.93,4,-0.008536154737384739
0.93,5,0.008156652557515704
0.93,6,-0.02531351450713501
0.93,7,0.008812806911374255
0.93,8,-0.0024995534018658443
0.93,9,-0.012537889760451768
0.93,10,0.035573662522906536
0.93,11,-0.00928013381959781
0.93,12,-0.004216451782232582
0.93,13,0.00047928799050504187
0.93,14,-0.0036769093182069577
0.93,15,0.013433803715519036
0.93,16,-0.013602521525934575
0.93,17,0.0030487077105368038
0.93,18,-0.002637378560797472
0.93,19,0.010762927156839491
0.93,20,0.004214413272228602
0.93,21,0.0009027014260667076
0.93,22,0.003512132538424879
0.93,23,-0.004327031978666637
0.93,24,-0.0027904902812455057
0.93,25,0.003660746089206663
0.93,26,-0.0006515432973677452
0.93,27,-0.005977707389585403
0.93,28,0.0008210160825294367
0.93,29,0.00010077619059073589
0.93,30,0.00041145079870970916
0.93,31,0.005765553011835561
0.93,32,0.0007801876499934631
0.93,33,0.0031836113248383266
0.93,34,-0.0016072082714854014
0.93,35,0.004203437367396668
0.93,36,-0.0034485972487999935
0.93,37,0.0038838828467887524
0.93,38,-0.00042784371394962475
0.93,39,-0.0025701847784129813
0.93,40,0.0033286049531692594
0.93,41,-0.0009096896564365094
0.93,42,0.0015971734629918945
0.93,43,0.0012186318481125385
0.93,44,-0.001987196603279558
0.93,45,-0.0024359543731613006
0.93,46,0.005625230900921098
0.93,47,-0.0003935955723896745
0.93,48,0.0006971298164250699
0.93,49,-0.003095795215812564
0.93,50,0.009522949389974476
0.93,51,-0.006142612850598893
0.93,52,0.0011844660576213464
0.93,53,-0.004073628301329503
0.93,54,-0.0025328927041315197
0.93,55,0.002456505417902129
0.93,56,0.000897323920942523
0.93,57,-0.0067101601788323835
0.93,58,-0.0008815594491284636
0.93,59,-0.0024010671714885506
0.93,60,0.0005739164668350508
0.93,61,-0.0016759072704868505
0.93,62,0.00033729133607751806
0.93,63,-0.004517834296031872
0.93,64,-0.008129320526848343
0.93,65,-0.003497618195509002
0.93,66,0.0038924306966809557
0.93,67,-0.00014559459826457696
0.93,68,0.004567925356563428
0.93,69,-0.007708924159214398
0.93,70,0.003393745811215688
0.93,71,0.0003335636144318511
0.93,72,0.009385603614802425
0.93,73,-0.008652485120875401
0.93,74,-0.001214136936738679
0.93,75,-0.00850156953345541
0.93,76,0.014856537634693133
0.93,77,-0.007061014967790399
0.93,78,-0.011740260247958642
0.93,79,0.010651883970212418
0.93,80,0.00815370862818969
0.93,81,-0.004850757134848258
0.93,82,0.012793192420384873
0.93,83,-0.00459252124758916
0.93,84,0.01072024445183351
0.93,85,-0.00208543473810532
0.93,86,0.0012924355776467355
0.93,87,-0.020486731477700144
0.93,88,0.033847491448253546
0.93,89,0.015471869279103403
0.93,90,-0.012314542244336304
0.93,91,-0.013144459356384374
0.93,92,-0.019455338608880414
0.93,93,-0.0071716372046220925
0.93,94,0.0093132531067811
0.93,95,0.007080327585828558
0.93,96,-0.005631427753771292
0.93,97,0.020807554735433394
0.93,98,-0.019507382270990963
0.93,99,0.03696691816331108
0.93,100,0.012135163475670438
0.93,101,0.013306587777388405
0.93,102,-0.0014408927566226608
0.93,103,0.01693165223597273
0.93,104,-0.009340341585460394
0.93,105,-0.007462052593969963
0.93,106,-0.003334880285844116
0.93,107,0.007653197539620849
0.93,108,-0.002697993936635449
0.93,109,0.009640301524353105
0.93,110,0.010057189319318004
0.93,111,0.0030952389677532176
0.93,112,-0.009822446479098823
0.93,113,0.019463637600673163
0.93,114,-0.010708329603119935
0.93,115,-0.007718388519847716
0.93,116,0.011362722773611866
0.93,117,-0.0025443384545554993
0.93,118,-0.012745261097717075
0.93,119,0.005055172889980409
0.93,120,-0.0012384003020826395
0.93,121,0.0037433535291550657
0.93,122,-0.001935271264336342
0.93,123,0.007838242737904134
0.93,124,-0.009446079419389204
0.93,125,0.020861608982716745
0.93,126,-0.009824073063502317
0.93,127,0.007432774312655209
0.93,128,-0.0069628175633882185
0.93,129,0.007891609355091986
0.93,130,-0.0029600154610809294
0.93,131,0.005497905640703517
0.93,132,-0.005549854552537594
0.93,133,0.004182900442955316
0.93,134,-0.00249451352759277
0.93,135,0.0027469915305634992
0.93,136,-0.0017491085327059367
0.93,137,0.004575668071634802
0.93,138,0.0006907060671636378
0.93,139,-0.0024577977874541065
0.93,140,0.0031154238734520515
0.93,141,0.0052796565122495654
0.93,142,0.00043793235927717277
0.93,143,-4.599897449362213e-5
0.93,144,-0.003064302360274629
0.93,145,-0.0007038324369782713
0.93,146,-0.002816861129164322
0.93,147,0.007946434871547128
0.93,148,-0.0017953343530714716
0.93,149,0.0018187566072071578
0.93,150,-0.0072288827481129785
0.93,151,-0.0011348868577801719
0.93,152,-0.008329317836550188
0.93,153,-0.0027524703210139324
0.93,154,0.0024387701687438104
0.93,155,-0.000230732632826995
0.93,156,-0.003821672922464648
0.93,157,-0.00341843303613151
0.93,158,-0.006265909065310242
0.93,159,0.0010184916799552194
0.93,160,0.0025753343016734743
0.93,161,0.0022115568389227858
0.93,162,-0.010210009519859283
0.93,163,0.0010525746082636874
0.93,164,0.011471380304960402
0.93,165,-0.0014550520919727145
0.93,166,0.0029907252740081908
0.93,167,0.0029373952864006
0.93,168,-0.0089348675056717
0.93,169,0.004025492946592085
0.93,170,-0.0054406968729809055
0.93,171,0.019313330914203473
0.93,172,-0.005555157825898969
0.93,173,-0.01586548528033657
0.93,174,0.015343800906126501
0.93,175,-0.0009755827536982311
0.93,176,0.008553740294747187
0.93,177,0.01639450818279831
0.93,178,0.019764224027923355
0.93,179,-0.016838322024710854
0.93,180,0.0489659753286149
0.93,181,-0.008568016849007026
0.93,182,0.01458723154858088
0.93,183,-0.011300267243530145
0.93,184,0.027289094924319707
0.93,185,0.0023937609169870123
0.93,186,-0.010139019603808289
0.93,187,-0.016817026557863796
0.93,188,0.008832871089785406
0.93,189,-0.05437267242735588
0.93,190,0.2843135748286937
0.93,191,-0.07414442759560298
0.93,192,1.2062618260900793
0.93,193,0.019602118654646387
0.93,194,0.010883213458351818
0.93,195,0.0011844168808835013
0.93,196,-0.01221375323650195
0.93,197,-0.0009729427234130608
0.93,198,-0.0022989943780160516
0.94,intercept,-0.01006605317483546
0.94,1,0.028016321183574416
0.94,2,0.04648484137104488
0.94,3,-0.02023441939927291
0.94,4,0.005108304608470393
0.94,5,0.008822823403430519
0.94,6,-0.023981042115499982
0.94,7,0.00975668116613446
0.94,8,-0.006394570274749175
0.94,9,-0.023490615687874996
0.94,10,0.04439944694644994
0.94,11,-0.005737077555403314
0.94,12,-0.010686256727833156
0.94,13,0.004695552935649903
0.94,14,-0.005365338826093028
0.94,15,0.013802530331621944
0.94,16,-0.01234861761697174
0.94,17,0.0017289140769705506
0.94,18,-0.003684770445089334
0.94,19,0.006063427651300128
0.94,20,0.004551549705346657
0.94,21,0.0018859768277407324
0.94,22,-0.0016268269153476953
0.94,23,-0.0006140126622771506
0.94,24,-0.00754069008421447
0.94,25,0.008560205199103174
0.94,26,0.0016081560986790746
0.94,27,-0.00536566989665577
0.94,28,-0.002984044581073727
0.94,29,0.001694174321622163
0.94,30,-0.000512800730322286
0.94,31,0.009028333618782426
0.94,32,-0.003937765796086439
0.94,33,0.00727981100276854
0.94,34,-0.0025225288292539
0.94,35,0.004023781765203287
0.94,36,-0.0027892561185316254
0.94,37,0.007484942646051612
0.94,38,-0.0010616122648613628
0.94,39,-0.0006157454193130381
0.94,40,-0.0013217042512949674
0.94,41,0.0007222510139207257
0.94,42,0.00030520947485070636
0.94,43,0.0014998296148432133
0.94,44,-0.0006623560925625654
0.94,45,-0.005373434418494049
0.94,46,0.007242787850688148
0.94,47,0.000990765641677211
0.94,48,0.0006597266274924248
0.94,49,-0.006029617799483018
0.94,50,0.011378640593252224
0.94,51,-0.0054830431677067165
0.94,52,-0.0014154180383451496
0.94,53,-0.002861509593740264
0.94,54,-0.0011670097824968862
0.94,55,0.001041477503971197
0.94,56,0.000408221113766052
0.94,57,-0.008593242708521716
0.94,58,-0.0016334738838275206
0.94,59,-0.0011112831131843664
0.94,60,0.0007319270267215461
0.94,61,-0.0026131256145733965
0.94,62,0.0019578374492949255
0.94,63,-0.008777770965943893
0.94,64,-0.010062302548472315
0.94,65,-0.004327933043701382
0.94,66,0.0013559641842763657
0.94,67,0.0032239783363046397
0.94,68,0.0014288828940685098
0.94,69,-0.003023918857701251
0.94,70,-0.00027796064164985136
0.94,71,-0.0007663779104428926
0.94,72,0.008082810133050105
0.94,73,-0.004177651328697255
0.94,74,-0.0030970289592918317
0.94,75,-0.013780067680487663
0.94,76,0.020736585755419763
0.94,77,-0.010241107720746245
0.94,78,-0.013546931405014331
0.94,79,0.017248773092147642
0.94,80,0.005885735058858968
0.94,81,-0.003429157956300811
0.94,82,0.0020633885406556992
0.94,83,-0.0020296864457577312
0.94,84,0.010344194526215328
0.94,85,0.0034221118889812665
0.94,86,0.006302234114765999
0.94,87,-0.03193814399273885
0.94,88,0.04378881824498544
0.94,89,0.004786342742885665
0.94,90,-0.01767036012277265
0.94,91,-0.0037000826959738614
0.94,92,-0.017313573125033746
0.94,93,-0.009947308768750296
0.94,94,0.006760981446868233
0.94,95,0.00387420461800449
0.94,96,-0.013449624793856498
0.94,97,0.029357197393716047
0.94,98,-0.02277892117717145
0.94,99,0.05849912437555452
0.94,100,-0.0006225238632571385
0.94,101,0.003193284051882499
0.94,102,0.011465683585476507
0.94,103,0.007818815934482852
0.94,104,-0.004147618642742899
0.94,105,-0.014279480120478591
0.94,106,-0.0027917509126113792
0.94,107,0.004107474719485505
0.94,108,0.00310883886931776
0.94,109,0.008894690641194141
0.94,110,0.008888582415214147
0.94,111,-0.0023090597087385163
0.94,112,-0.0007998770224445213
0.94,113,0.010694126805375471
0.94,114,-0.007995387616933405
0.94,115,-0.015190174241817109
0.94,116,0.020727647029372517
0.94,117,-0.010662175015092697
0.94,118,-0.007319064188816138
0.94,119,0.0026990243558963653
0.94,120,-0.0029847436908951915
0.94,121,0.006063110196731893
0.94,122,0.00024968686989984524
0.94,123,0.009303139634711357
0.94,124,-0.01185799542557584
0.94,125,0.022062863807004483
0.94,126,-0.006438542144373429
0.94,127,0.004424788396820527
0.94,128,-0.0052668835213700756
0.94,129,0.007839078118933668
0.94,130,-0.0022238061770558652
0.94,131,0.004113426194629746
0.94,132,-0.002791966238660182
0.94,133,-0.00047041047416999845
0.94,134,-0.0021292651950317997
0.94,135,0.0012305887349877112
0.94,136,0.00018233089444214199
0.94,137,0.00292770029647138
0.94,138,0.0003632746477858883
0.94,139,-0.0013009086634197947
0.94,140,0.0001714721483141788
0.94,141,0.007651032341265276
0.94,142,0.001357898298973531
0.94,143,0.0007839062244570016
0.94,144,-0.0034487702849663004
0.94,145,-0.002377331158027052
0.94,146,-0.002833828492460593
0.94,147,0.009915117208127605
0.94,148,-0.0036278749643207605
0.94,149,0.001496065380796557
0.94,150,-0.007277519369058087
0.94,151,-0.0011645109558387331
0.94,152,-0.0074038108761189285
0.94,153,-0.006203802912384823
0.94,154,0.0026789185371181544
0.94,155,0.00193368049853824
0.94,156,-0.004663914424433775
0.94,157,-0.0016499836481056068
0.94,158,-0.008195253349668953
0.94,159,0.0011685262752256017
0.94,160,-0.0028726815350909466
0.94,161,0.007566673245942814
0.94,162,-0.013719699820297245
0.94,163,0.006842353076433687
0.94,164,0.010734889237273079
0.94,165,0.00016018140180038375
0.94,166,0.0014195788691025208
0.94,167,0.0007581385089818371
0.94,168,-0.0034359145890017827
0.94,169,0.0022399668778011897
0.94,170,-0.0035816817553087736
0.94,171,0.0159818990326077
0.94,172,-0.004489272648741374
0.94,173,-0.022726593513433316
0.94,174,0.01647030001159746
0.94,175,-0.0070373971134226505
0.94,176,0.01001703386625423
0.94,177,0.016407317402639256
0.94,178,0.021532845363118565
0.94,179,-0.025459810358738896
0.94,180,0.06412527834535313
0.94,181,-0.015423721213224495
0.94,182,0.027178406673325654
0.94,183,-0.02016525865764551
0.94,184,0.03263793320816028
0.94,185,0.012035581345889619
0.94,186,-0.014284075569248503
0.94,187,-0.02513588423901009
0.94,188,0.023573880964031145
0.94,189,-0.0675888024572415
0.94,190,0.3520016374714633
0.94,191,-0.09136153751524691
0.94,192,1.2840899274382847
0.94,193,0.019153539851385695
0.94,194,0.015209873343545876
0.94,195,0.0007946832640733226
0.94,196,-0.014538571557931005
0.94,197,-0.001292572135740694
0.94,198,-0.0027334061179389597
0.95,intercept,-0.01097512064409662
0.95,1,0.02559288129061515
0.95,2,0.04853257066797342
0.95,3,-0.01665726956072864
0.95,4,0.0055565656330856545
0.95,5,0.010743890148290955
0.95,6,-0.029387027715990364
0.95,7,-0.006201936990008637
0.95,8,0.0021165615746675474
0.95,9,-0.02148452200232381
0.95,10,0.043248105468996295
0.95,11,0.0007565591396330278
0.95,12,-0.02172932656442174
0.95,13,0.027216364624935648
0.95,14,-0.006046198362032353
0.95,15,-0.001543505503999704
0.95,16,-0.012370530116813112
0.95,17,-0.004853049954702372
0.95,18,0.014912064043009331
0.95,19,-0.0028856122306662366
0.95,20,0.006208208656042367
0.95,21,0.0012958088700157284
0.95,22,0.0007680623140791195
0.95,23,0.0003227743255508419
0.95,24,-0.007586113996709007
0.95,25,0.004877175609313109
0.95,26,-0.0008357067581387491
0.95,27,-0.0032097884312461034
0.95,28,-0.005794589353270146
0.95,29,0.007266830539420877
0.95,30,0.001627305878331594
0.95,31,0.00649011736330791
0.95,32,-0.0054912641651897335
0.95,33,0.006787165527251838
0.95,34,0.0041350926498671
0.95,35,-0.0023894938564821165
0.95,36,0.0021178177577590076
0.95,37,0.008771394797673634
0.95,38,-0.0007700966796278277
0.95,39,-0.004251999925562413
0.95,40,0.003512499580919484
0.95,41,0.0023674484826418747
0.95,42,-0.0010291790180197613
0.95,43,-0.001192962531404903
0.95,44,0.0024375865954488003
0.95,45,-0.008317526529619026
0.95,46,0.00854799650164778
0.95,47,0.0009208027336898067
0.95,48,0.0002284038646598828
0.95,49,-0.007026984460096811
0.95,50,0.013421787453011336
0.95,51,-0.0067526205585325474
0.95,52,-0.0006114796972219386
0.95,53,-0.0028406049943748984
0.95,54,0.0012048440184452907
0.95,55,-0.000984506645259624
0.95,56,0.0010863470576751913
0.95,57,-0.010092029901323803
0.95,58,-0.0026422358944709788
0.95,59,-0.0005414065829280146
0.95,60,-0.0004207002811985047
0.95,61,-0.0008788750354806217
0.95,62,-0.00210044328673461
0.95,63,-0.00797730357823874
0.95,64,-0.010031735129903397
0.95,65,-0.00383923276980014
0.95,66,0.001608789425161606
0.95,67,-0.002261364762540684
0.95,68,0.0021091581984125623
0.95,69,-0.0021221411250234696
0.95,70,0.001919494469986064
0.95,71,-0.0004648306017209809
0.95,72,0.006292643387069398
0.95,73,-0.012599717529753139
0.95,74,0.004274843239009274
0.95,75,-0.00998832423737018
0.95,76,0.02480496018933827
0.95,77,-0.025294814310754393
0.95,78,-0.0028489928064810337
0.95,79,0.012915342724752693
0.95,80,0.0030957267744315146
0.95,81,-0.0027492364973532414
0.95,82,0.003813924557817863
0.95,83,-0.01823786846632177
0.95,84,0.0234843005101928
0.95,85,0.013888021481466195
0.95,86,0.0015769984431677798
0.95,87,-0.023564921673329
0.95,88,0.029645002616472564
0.95,89,0.002204875198467097
0.95,90,-0.01584863472582183
0.95,91,0.00891650512318582
0.95,92,-0.019074936831034017
0.95,93,-0.014451088975789192
0.95,94,0.003951645455665063
0.95,95,0.00634878257665732
0.95,96,-0.014714253862945798
0.95,97,0.01998770474644738
0.95,98,-0.018844298751621757
0.95,99,0.07150646112307976
0.95,100,-0.00836428032103865
0.95,101,-0.01790231658416385
0.95,102,0.03507355497079955
0.95,103,0.005412609297329348
0.95,104,-0.014694507322074496
0.95,105,-0.00640393819243134
0.95,106,0.0035245687498179933
0.95,107,0.00857053405996637
0.95,108,0.0051222048439385015
0.95,109,-0.009727208357270234
0.95,110,0.016729776648391224
0.95,111,-0.009226545883221396
0.95,112,0.006462101340129634
0.95,113,0.0010487772528993363
0.95,114,-0.01464815208431297
0.95,115,-0.012653381796669316
0.95,116,0.022906341319305506
0.95,117,-0.010078962768230622
0.95,118,-0.008073419238133116
0.95,119,0.004128230522465406
0.95,120,-0.008321999998974743
0.95,121,0.007370728356560871
0.95,122,0.0005730326451261004
0.95,123,0.008886924505831275
0.95,124,-0.012204247912497322
0.95,125,0.021995125880158225
0.95,126,-0.008866410826951892
0.95,127,0.007312036574257002
0.95,128,-0.0018557287120700284
0.95,129,0.0053177520064173105
0.95,130,-0.001945398509434097
0.95,131,0.0043178077514423275
0.95,132,0.0009454600883486968
0.95,133,0.00221601434351609
0.95,134,-0.0070241366167040865
0.95,135,0.005728284118767093
0.95,136,0.00047227746304050135
0.95,137,0.004488864841896752
0.95,138,-0.002048692982579092
0.95,139,0.0002627922364666047
0.95,140,-0.003839510552114273
0.95,141,0.009569370241137378
0.95,142,-0.0002638672952242888
0.95,143,-0.0002031628604596289
0.95,144,-0.0034832464454708175
0.95,145,-0.0027561445273175888
0.95,146,-0.005699060865975443
0.95,147,0.014905457173439919
0.95,148,-0.010912643381167495
0.95,149,0.008083915755464426
0.95,150,-0.010022620217164654
0.95,151,-5.2661831488121705e-5
0.95,152,-0.010446655005621287
0.95,153,-0.004969399512660419
0.95,154,0.0003833205711519743
0.95,155,0.007323421600338886
0.95,156,-0.006819787287328244
0.95,157,-0.0020312691801350133
0.95,158,-0.009241106494855605
0.95,159,0.004644197600409804
0.95,160,-0.007936340450683742
0.95,161,0.010232706703232855
0.95,162,-0.010816576526085867
0.95,163,0.005289342229920926
0.95,164,0.006454105981268368
0.95,165,0.006148093024717442
0.95,166,-0.007242858688906337
0.95,167,0.005793460468214426
0.95,168,-0.007197421956544847
0.95,169,0.0038882960080431636
0.95,170,-0.008505406779291201
0.95,171,0.024116298359915942
0.95,172,-0.0044443265587016615
0.95,173,-0.025659896118856412
0.95,174,0.012703304098426694
0.95,175,0.00128803528636441
0.95,176,0.019757322858745627
0.95,177,0.026713757925481002
0.95,178,0.010633644139816602
0.95,179,-0.02369483092447648
0.95,180,0.054215404421914
0.95,181,0.003935188624227927
0.95,182,0.03376288762517725
0.95,183,-0.018882719549783156
0.95,184,0.024248761399819158
0.95,185,0.012128329138159885
0.95,186,-0.02425648310041722
0.95,187,-0.031288140810022846
0.95,188,0.05908838695760783
0.95,189,-0.09251125248031147
0.95,190,0.41286478182672204
0.95,191,-0.11560972727175552
0.95,192,1.3549436751048014
0.95,193,0.03128478192835389
0.95,194,0.023782943223508966
0.95,195,0.0011982220890688206
0.95,196,-0.018347779987224856
0.95,197,-0.0018942835569428825
0.95,198,-0.003136183776672039
0.96,intercept,-0.013037536249602745
0.96,1,0.06264495561562791
0.96,2,0.04603928721425916
0.96,3,-0.0025813394085122216
0.96,4,-0.0026975519606498135
0.96,5,0.0190653915113111
0.96,6,-0.038528208822854335
0.96,7,-0.012324490099187279
0.96,8,-0.002053363272183754
0.96,9,-0.01547545230433364
0.96,10,0.03750701366452199
0.96,11,-0.009080393236534406
0.96,12,-0.010321608667725834
0.96,13,0.04317941370363215
0.96,14,-0.027922199689465157
0.96,15,0.008399864916218304
0.96,16,-0.024768501908440536
0.96,17,0.0040778789555078335
0.96,18,0.012911967941395779
0.96,19,0.007139031435559097
0.96,20,-0.01194980485497596
0.96,21,0.014008406782432096
0.96,22,-0.006853038135466112
0.96,23,0.0073995711502382756
0.96,24,-0.012444305436538043
0.96,25,0.01030919489400765
0.96,26,-0.007515245415089492
0.96,27,-0.0018057706258018508
0.96,28,-0.005511515528256153
0.96,29,0.00814645412442861
0.96,30,0.0032823275168621445
0.96,31,0.006442738950206864
0.96,32,-0.0032558066036290994
0.96,33,0.004680551217833734
0.96,34,0.0020467398925631927
0.96,35,-0.005292510260037764
0.96,36,-0.000498120262537077
0.96,37,0.011295530216462868
0.96,38,-0.003564025891954243
0.96,39,-0.004536457625782466
0.96,40,0.004516525205007042
0.96,41,0.002110500230512037
0.96,42,-0.0020479088398205154
0.96,43,0.000935051420000661
0.96,44,0.000680768481549444
0.96,45,-0.006062470585809087
0.96,46,0.006958722589497882
0.96,47,-0.0007352562508462164
0.96,48,0.0007405350713798593
0.96,49,-0.004512147460706203
0.96,50,0.012775581988681473
0.96,51,-0.003955871160189632
0.96,52,-0.005686908538233763
0.96,53,0.0005756179646046358
0.96,54,0.0004681862766214948
0.96,55,-0.003719780227754934
0.96,56,0.0007477755341175856
0.96,57,-0.009329376237896396
0.96,58,-0.006538700916843863
0.96,59,-0.0002946079705838089
0.96,60,0.0002003045376028036
0.96,61,-0.00495521523564047
0.96,62,0.00285877190206408
0.96,63,-0.014080994004148016
0.96,64,-0.009809823666428918
0.96,65,-0.0001327017358756818
0.96,66,-0.0018776605853916058
0.96,67,0.002704925620132614
0.96,68,0.00022898477849656333
0.96,69,-0.0013974977812948068
0.96,70,0.010579180265458031
0.96,71,0.0015035247086052468
0.96,72,0.01014247523947081
0.96,73,-0.020933217878510678
0.96,74,0.0060949916074539935
0.96,75,-0.008972433560713047
0.96,76,0.02433854068958081
0.96,77,-0.033710617132723164
0.96,78,-0.007312131277500707
0.96,79,0.015594577331226055
0.96,80,0.018410191172330094
0.96,81,-0.009595008363800178
0.96,82,-0.010230362911928024
0.96,83,-0.01502439973563291
0.96,84,0.018832714766623782
0.96,85,0.03973529368789834
0.96,86,0.0003033065555778725
0.96,87,-0.026613515406617792
0.96,88,0.057740735457415676
0.96,89,-0.0038961016480757046
0.96,90,-0.023730356902528803
0.96,91,0.010927899920449763
0.96,92,-0.017832129911190965
0.96,93,-0.01669612390262926
0.96,94,-0.009380962161810428
0.96,95,0.0070321347186415575
0.96,96,-0.017538207261738773
0.96,97,0.030796501174231744
0.96,98,0.0025639612555421565
0.96,99,0.033362686019218595
0.96,100,0.01862741206989281
0.96,101,-0.03210411879035102
0.96,102,0.04964136985857045
0.96,103,-0.018256239578006844
0.96,104,-0.01763087404703524
0.96,105,0.013616071135892981
0.96,106,0.015019591339393634
0.96,107,-0.0010365767811393069
0.96,108,0.001805772918441328
0.96,109,-0.018892353207896694
0.96,110,0.01750717318709411
0.96,111,-0.016544302507773386
0.96,112,0.014384954185113102
0.96,113,-0.01138720401940486
0.96,114,-0.008311031842669146
0.96,115,-0.018972982844220734
0.96,116,0.03056662051718356
0.96,117,-0.01358438563400782
0.96,118,-0.006017267215070555
0.96,119,0.0032288861484241873
0.96,120,-0.015148740409202685
0.96,121,0.011383976001113193
0.96,122,-0.012245490161034845
0.96,123,0.008953965720704149
0.96,124,-0.009653479165914844
0.96,125,0.022549929386696307
0.96,126,-0.008437023402784702
0.96,127,0.002229934164685691
0.96,128,0.004438828924961929
0.96,129,0.00029570275927362835
0.96,130,-0.004648106395072546
0.96,131,0.007716845292394264
0.96,132,0.0025026515187448724
0.96,133,0.0029728628162474222
0.96,134,-0.008677561950584398
0.96,135,0.005180794619788515
0.96,136,0.005355328024909675
0.96,137,0.004370621657844
0.96,138,-0.0031868876291931557
0.96,139,-0.0020764482571599798
0.96,140,-0.004040285487608132
0.96,141,0.010510075964908121
0.96,142,-0.005567384421178115
0.96,143,0.001356667990126248
0.96,144,6.509755479699872e-5
0.96,145,-0.006582273741288422
0.96,146,-0.004206761778276267
0.96,147,0.009785908197275756
0.96,148,-0.010192431647369268
0.96,149,0.004525076447763296
0.96,150,-0.010027267154942917
0.96,151,0.005774888486326056
0.96,152,-0.01666429789510329
0.96,153,-0.001349946940317473
0.96,154,-0.003360715921272411
0.96,155,0.009856576500095384
0.96,156,-0.009363021009405453
0.96,157,-0.0018961010427931675
0.96,158,-0.014245013386177355
0.96,159,0.006889155862126628
0.96,160,-0.009531386376015069
0.96,161,0.017623484944862808
0.96,162,-0.012928459705443653
0.96,163,0.0062604459505382955
0.96,164,0.009150566183656058
0.96,165,0.003891089649441957
0.96,166,-0.008764725751646964
0.96,167,0.01566211015262994
0.96,168,-0.01741309394732136
0.96,169,0.011883763544932865
0.96,170,-0.01926111421460799
0.96,171,0.029300154583979644
0.96,172,0.005297439418992525
0.96,173,-0.03408806806440932
0.96,174,0.011020944044752113
0.96,175,-0.00971753042493519
0.96,176,0.03802869349661928
0.96,177,0.028466152539420538
0.96,178,0.007575560322580551
0.96,179,-0.02861434360150104
0.96,180,0.05507315515064095
0.96,181,-0.010656493586989573
0.96,182,0.06577188871510599
0.96,183,-0.0376929256904756
0.96,184,0.02330680735476613
0.96,185,0.013973271255857444
0.96,186,-0.0344232636014729
0.96,187,0.005563676041555245
0.96,188,0.09177107076977654
0.96,189,-0.10463358618310503
0.96,190,0.4705164576992231
0.96,191,-0.14885167656921938
0.96,192,1.4523709815589152
0.96,193,0.05115242109734305
0.96,194,0.016499296271358266
0.96,195,0.002210136824336659
0.96,196,-0.022643938112679837
0.96,197,-0.0025303533713854492
0.96,198,-0.004709737032277445
0.97,intercept,-0.00944498396425838
0.97,1,0.06561048101390038
0.97,2,0.05744766461758177
0.97,3,0.026854215455160382
0.97,4,-0.033910347442315344
0.97,5,0.032566449439004115
0.97,6,-0.05062459445667631
0.97,7,0.0056575629721234
0.97,8,-0.021322399799232238
0.97,9,-0.01240723330575914
0.97,10,0.003163948159572256
0.97,11,0.018053538512386984
0.97,12,-0.04197609494939119
0.97,13,0.08254785570679843
0.97,14,-0.04117893835733241
0.97,15,0.010907576820424425
0.97,16,-0.03307206804903984
0.97,17,-0.0007114790665511754
0.97,18,0.03177819568023766
0.97,19,-0.0006497550337790256
0.97,20,-0.022228040619205646
0.97,21,0.02067652810921026
0.97,22,-0.005505475128150564
0.97,23,0.0027975957332432876
0.97,24,-0.019516094201952213
0.97,25,0.005567954468654259
0.97,26,-0.00035241458284715287
0.97,27,0.0013046758641319528
0.97,28,-0.005480697523918455
0.97,29,0.019515569276090147
0.97,30,0.004300515550240512
0.97,31,0.011221095028663225
0.97,32,0.008426148942822927
0.97,33,-0.0009770704348156017
0.97,34,0.0016147922914367676
0.97,35,-0.004607278431787189
0.97,36,0.002711909715201756
0.97,37,0.004303221945250428
0.97,38,-0.002314066232506297
0.97,39,-0.0030354404262018346
0.97,40,0.010002496147361034
0.97,41,0.00021927571736058367
0.97,42,-0.005374660121624173
0.97,43,0.0005773361279568174
0.97,44,-0.006817003896738152
0.97,45,-0.0031786268592727336
0.97,46,0.00645127889076011
0.97,47,-0.0004509301019223328
0.97,48,0.0032686500507626264
0.97,49,-0.0022713927301508297
0.97,50,0.016896894437873827
0.97,51,-0.0046217890202796975
0.97,52,-0.006025234454942178
0.97,53,9.846963978691384e-6
0.97,54,-0.0002311651849505134
0.97,55,-0.009249181358877097
0.97,56,-0.0006877236309864678
0.97,57,-0.008282252548319923
0.97,58,-0.004339896092893248
0.97,59,-0.00344418100088601
0.97,60,-0.0024317077030325323
0.97,61,-0.0020702598325265894
0.97,62,9.932158182869704e-5
0.97,63,-0.012615316666904686
0.97,64,-0.018818241825818142
0.97,65,0.009288669299796187
0.97,66,0.006705731161339856
0.97,67,0.0009852965838093469
0.97,68,0.0013870311284805046
0.97,69,-0.010960583350053453
0.97,70,0.014350822684410633
0.97,71,0.012658367087644612
0.97,72,0.01576526445771183
0.97,73,-0.026179291085219384
0.97,74,-0.0008825805175073834
0.97,75,-0.007062587354962513
0.97,76,0.02866884703465473
0.97,77,-0.03532609288011669
0.97,78,0.004496425492500215
0.97,79,-0.003423000063864038
0.97,80,0.012981430030633923
0.97,81,-0.015066920623016773
0.97,82,-0.0180533410414431
0.97,83,-0.017359093682673632
0.97,84,0.02913489471402599
0.97,85,0.025754930547843443
0.97,86,0.003476379165194781
0.97,87,-0.006607363882667934
0.97,88,0.061604503228477984
0.97,89,-0.01966677652076717
0.97,90,-0.025412120768153648
0.97,91,0.028464278733818855
0.97,92,-0.014782399966444643
0.97,93,-0.008830919435859903
0.97,94,-0.000711738574731043
0.97,95,0.01794608781785829
0.97,96,-0.06065676004127088
0.97,97,0.04998040179294388
0.97,98,0.004294809983045331
0.97,99,-0.01064109082626339
0.97,100,0.07356762305188487
0.97,101,-0.03950384589098797
0.97,102,0.02087016963990229
0.97,103,0.02866592750269135
0.97,104,-0.053983693179049067
0.97,105,0.02086400661821993
0.97,106,0.006967546532106232
0.97,107,0.007914650064600553
0.97,108,-0.011296880329709259
0.97,109,-0.015572214633667904
0.97,110,0.019266832461274502
0.97,111,-0.024511346802345353
0.97,112,0.024487623642708938
0.97,113,-0.020963223220214194
0.97,114,-0.007455992269853395
0.97,115,-0.018208475353755835
0.97,116,0.03586384627683226
0.97,117,-0.02046677690014657
0.97,118,-0.011974421098820775
0.97,119,0.004678140278785632
0.97,120,-0.020036168002785567
0.97,121,0.017460630303350346
0.97,122,-0.02609494179542843
0.97,123,0.012750277204361685
0.97,124,-0.012857273576309275
0.97,125,0.03431412322928176
0.97,126,-0.025543378543808223
0.97,127,0.013614205662775266
0.97,128,-0.0032120691037049666
0.97,129,0.00041984834513369686
0.97,130,-0.0010181595152130689
0.97,131,0.005369978029881711
0.97,132,0.002277790310225927
0.97,133,0.003229448054566147
0.97,134,-0.010662805309794555
0.97,135,0.00814676136866156
0.97,136,-0.0033495005350112628
0.97,137,0.01235165815429457
0.97,138,-0.0024366662637479823
0.97,139,-0.0032429385320913284
0.97,140,-0.004629067656262522
0.97,141,0.010966235812777723
0.97,142,-0.0010158962134013674
0.97,143,-0.0021752167269140383
0.97,144,0.0010141589770580135
0.97,145,-0.010899988727690095
0.97,146,-0.0029648484446726277
0.97,147,0.005980040224416272
0.97,148,-0.005324670649029845
0.97,149,0.005132323099903355
0.97,150,-0.013774996674083342
0.97,151,0.008729618231421026
0.97,152,-0.016917375704155666
0.97,153,0.0020763593961036007
0.97,154,-0.007495981405985943
0.97,155,0.004698226984317144
0.97,156,-0.009637003263057204
0.97,157,-0.003771490623077005
0.97,158,-0.024272091557732495
0.97,159,0.004343344430684916
0.97,160,-0.011753897267491847
0.97,161,0.033718306230373085
0.97,162,-0.013022346656074405
0.97,163,0.00955686755696826
0.97,164,0.016869410979602067
0.97,165,0.00899539313529542
0.97,166,-0.013181762958608746
0.97,167,0.02407434904194406
0.97,168,-0.02466561786840064
0.97,169,0.011656027565684911
0.97,170,-0.008911745707295067
0.97,171,0.022208910110796065
0.97,172,0.021827332472532955
0.97,173,-0.053142702405962874
0.97,174,0.019782288882449057
0.97,175,-0.004764891459332139
0.97,176,0.07144167914187159
0.97,177,-0.01229308112974816
0.97,178,0.028575463689786886
0.97,179,-0.03514581028242427
0.97,180,0.06033257606399656
0.97,181,0.0428877361016237
0.97,182,0.07941289156837829
0.97,183,-0.060919335673848746
0.97,184,0.03556819276338835
0.97,185,-0.013562075662217591
0.97,186,-0.04029942400178137
0.97,187,0.045466655521836645
0.97,188,0.11559353552074503
0.97,189,-0.1330022738127868
0.97,190,0.5385496738218523
0.97,191,-0.20228149525744848
0.97,192,1.5262151686968157
0.97,193,0.07902096533508866
0.97,194,0.002187917676015238
0.97,195,0.002436834916857051
0.97,196,-0.03322844074897513
0.97,197,-0.004277677817288729
0.97,198,-0.006173976224106702
0.98,intercept,-0.009688516316337324
0.98,1,0.024065108899468408
0.98,2,0.12467936554008865
0.98,3,0.06645658451543894
0.98,4,-0.09599511790799181
0.98,5,0.09990173026599335
0.98,6,-0.0936814698012252
0.98,7,0.025260647631796238
0.98,8,-0.038444162022039124
0.98,9,-0.007024042873109698
0.98,10,-0.012648487964435942
0.98,11,0.040993925839898984
0.98,12,-0.05892221907182934
0.98,13,0.1340829451330272
0.98,14,-0.08693592856882436
0.98,15,0.03509255622429014
0.98,16,0.0008705005733662162
0.98,17,-0.04661923342932567
0.98,18,0.046433941586663585
0.98,19,0.01841977423364218
0.98,20,-0.01644768410975501
0.98,21,0.0005957564823211907
0.98,22,-0.0028036930443503605
0.98,23,0.00885906446977553
0.98,24,-0.034655340592602
0.98,25,-0.0018080075081538672
0.98,26,-0.003840023699827705
0.98,27,0.023805743179815465
0.98,28,-0.012775347635392493
0.98,29,0.0293768516320086
0.98,30,-0.012782487042784561
0.98,31,0.030176942436703706
0.98,32,0.0020141416938994523
0.98,33,-5.035057360401714e-5
0.98,34,0.007063502212897704
0.98,35,-0.0030432122361731067
0.98,36,-0.004265336135268309
0.98,37,-0.002850143002300246
0.98,38,0.002991729209524531
0.98,39,-0.005979792951385676
0.98,40,0.01907623330773768
0.98,41,-0.008643533283940722
0.98,42,0.0030753459107074393
0.98,43,0.0019272610735603082
0.98,44,-0.0004539576762279491
0.98,45,-0.008189775556358194
0.98,46,0.010784651658919713
0.98,47,-0.008244144181846184
0.98,48,0.002343849069924297
0.98,49,-0.003051038369173141
0.98,50,0.03637005929189256
0.98,51,-0.01005736718300943
0.98,52,0.008852739560310125
0.98,53,-0.012337932934475413
0.98,54,-0.005611002957943078
0.98,55,-0.004172860931062032
0.98,56,-0.004403730612558051
0.98,57,-0.020472733799049382
0.98,58,0.006175121934886448
0.98,59,-0.01342749233338368
0.98,60,-0.00865389376109822
0.98,61,-0.006837583507630821
0.98,62,0.004889120630418162
0.98,63,-0.016472633253112892
0.98,64,-0.02328332058841762
0.98,65,0.0060399913427134876
0.98,66,0.01762074685868722
0.98,67,0.006083287204969286
0.98,68,-0.0031261616322181772
0.98,69,-0.019534635282863998
0.98,70,0.010475043379304374
0.98,71,-9.878650334394477e-5
0.98,72,0.01668353385922246
0.98,73,-0.00032148780850734394
0.98,74,-0.013244163791172981
0.98,75,0.005920343898060929
0.98,76,0.068703021340175
0.98,77,-0.05507405559120971
0.98,78,0.022212415571100014
0.98,79,-0.014384053615291171
0.98,80,-0.0011558224534395413
0.98,81,-0.0008803649839324825
0.98,82,-0.0034842593918364174
0.98,83,-0.00696010841270022
0.98,84,-0.023941264546658552
0.98,85,0.08996251914149099
0.98,86,-0.006586136702391677
0.98,87,-0.021542077881640746
0.98,88,0.09992867081667893
0.98,89,-0.022894157536281445
0.98,90,-0.042095627844203454
0.98,91,-0.029685459954847126
0.98,92,-0.002709986479329677
0.98,93,0.03183977477317776
0.98,94,0.022279758365836618
0.98,95,0.04650058388060638
0.98,96,-0.12516428095154822
0.98,97,0.07204520645309476
0.98,98,0.02011671597311213
0.98,99,-0.04105284559661532
0.98,100,0.09472229009657088
0.98,101,-0.0852690634858496
0.98,102,0.06140820128034401
0.98,103,0.12222072284169447
0.98,104,-0.08052280759295802
0.98,105,-0.01017419724291569
0.98,106,0.03737198294977083
0.98,107,-0.006837390958321028
0.98,108,-0.012831491949723793
0.98,109,-0.03496271697882273
0.98,110,-0.003684696136275266
0.98,111,0.01833673674549784
0.98,112,0.027417224734702376
0.98,113,-0.02717481791478871
0.98,114,-0.03590580597300312
0.98,115,-0.0001199764422674788
0.98,116,0.023305200882030735
0.98,117,-0.022320462017893346
0.98,118,-0.012789050545504157
0.98,119,0.002327304252764252
0.98,120,-0.01884432509698282
0.98,121,0.01436552563665685
0.98,122,-0.019353920473714956
0.98,123,0.006530480578225311
0.98,124,-0.021444498091519992
0.98,125,0.041480369623872235
0.98,126,-0.03462467797688491
0.98,127,0.020598148229735175
0.98,128,0.004105950126310105
0.98,129,0.009994866255311116
0.98,130,-0.02213052832321068
0.98,131,0.00813572470666028
0.98,132,-0.0036365725572615856
0.98,133,0.013946992054841428
0.98,134,-0.012425454009977247
0.98,135,0.013124169703224116
0.98,136,0.005270507104685567
0.98,137,0.0168588766957903
0.98,138,-0.005341425353499907
0.98,139,-0.013558961530370396
0.98,140,-0.0028430008431712516
0.98,141,0.008070158575780194
0.98,142,0.003028353559962813
0.98,143,-0.010600472467950255
0.98,144,0.003801383230946653
0.98,145,-0.018704712318500856
0.98,146,-0.005250406251228849
0.98,147,0.0011335305965147384
0.98,148,-0.0006254004592334571
0.98,149,0.011353030655784493
0.98,150,-0.013533420355396078
0.98,151,0.008801944274776475
0.98,152,-0.02279417930159587
0.98,153,0.0039742102181005825
0.98,154,-0.0143400863127562
0.98,155,0.0051686934446477425
0.98,156,-0.0009545805380507532
0.98,157,-0.016464641304479187
0.98,158,-0.010454143319447553
0.98,159,-0.012010187867782894
0.98,160,-0.009503817881567803
0.98,161,0.02634030237910134
0.98,162,-0.007539168305649929
0.98,163,0.00046254292905564495
0.98,164,0.03880803165055891
0.98,165,0.002332878594561475
0.98,166,-0.011417899256563169
0.98,167,0.038423391814143434
0.98,168,-0.030125813378409118
0.98,169,0.0293060647069432
0.98,170,-0.01911594137418659
0.98,171,0.0544603404523898
0.98,172,0.010534938722303214
0.98,173,-0.06868298046730408
0.98,174,0.025399386094790873
0.98,175,-0.03203004796324039
0.98,176,0.11688729121409061
0.98,177,0.03613719892257252
0.98,178,-0.027573412041576453
0.98,179,-0.03583169984187278
0.98,180,0.012041503841217311
0.98,181,0.06868892150011212
0.98,182,0.14238243251611143
0.98,183,-0.06544373360049255
0.98,184,0.07937062069663899
0.98,185,-0.000490441742117977
0.98,186,-0.10879955861185832
0.98,187,0.12508057269788278
0.98,188,0.09678260939993913
0.98,189,-0.1137758935218123
0.98,190,0.5644740997024864
0.98,191,-0.21916462205981546
0.98,192,1.55533065749324
0.98,193,0.10739000038980241
0.98,194,0.041646474397819176
0.98,195,0.0038439954993071705
0.98,196,-0.04725179234134735
0.98,197,-0.006591406940669535
0.98,198,-0.008512703553658216
0.99,intercept,0.006891541444197863
0.99,1,0.09021737009168253
0.99,2,0.12568515258567242
0.99,3,0.0018175109256700535
0.99,4,-0.10714424716104144
0.99,5,0.1285164396571612
0.99,6,-0.11968124095019401
0.99,7,0.03965406831083334
0.99,8,-0.06450796266440284
0.99,9,0.017572385566245928
0.99,10,-0.06327559191381855
0.99,11,0.03343502204525383
0.99,12,-0.023133048027171667
0.99,13,0.1945725363745143
0.99,14,-0.14347978769216382
0.99,15,0.0888163798135852
0.99,16,-0.04220181791886362
0.99,17,-0.0403654511845178
0.99,18,0.014616811040998094
0.99,19,0.03924852327083253
0.99,20,-0.01606627032576534
0.99,21,-0.029636741057621718
0.99,22,0.018308860481198168
0.99,23,-0.022007468142397853
0.99,24,-0.0017274559174122247
0.99,25,-0.02486291021169787
0.99,26,0.007684225036602286
0.99,27,0.01627636940185632
0.99,28,0.008940866377761337
0.99,29,-0.011628703925609244
0.99,30,0.023183808431135232
0.99,31,0.012750070644962915
0.99,32,0.008276880102538275
0.99,33,-0.0018688339801985806
0.99,34,-0.0024164793949686815
0.99,35,-0.005778858127475743
0.99,36,0.007962152765107457
0.99,37,-0.028289783786384182
0.99,38,0.010222247516970961
0.99,39,-0.011924476070111552
0.99,40,0.03868071808658606
0.99,41,-0.010035179505124493
0.99,42,0.003118142809928348
0.99,43,0.014015150294036724
0.99,44,-0.022343937959853857
0.99,45,0.0005548406066651471
0.99,46,0.004834767389937476
0.99,47,0.002388237830322113
0.99,48,-0.002010325434142436
0.99,49,0.0039313484763941475
0.99,50,0.01978165563693345
0.99,51,-0.012758109446294094
0.99,52,0.019221033735854955
0.99,53,-0.015159992661819822
0.99,54,-0.007255994689087283
0.99,55,-0.024775713750780335
0.99,56,-0.008003664276264364
0.99,57,-0.001964783510915449
0.99,58,0.024991955682240427
0.99,59,-0.008615228199987989
0.99,60,-0.03876276286573664
0.99,61,7.521466460685788e-5
0.99,62,0.014080586749994404
0.99,63,-0.009584352115831918
0.99,64,-0.043545556984419795
0.99,65,0.015674075885098542
0.99,66,0.03229315252822018
0.99,67,0.01078065370943518
0.99,68,-0.002474961235493254
0.99,69,-0.034951629360520244
0.99,70,0.00382930746412782
0.99,71,0.007803719860409728
0.99,72,0.026282743310993933
0.99,73,-0.014598342898659586
0.99,74,0.02755615536125642
0.99,75,-0.06733718161263863
0.99,76,0.05252568284697122
0.99,77,-0.02698551047312243
0.99,78,0.0427632738926804
0.99,79,0.012384355887400349
0.99,80,-0.02398883652180594
0.99,81,-0.03848048478218526
0.99,82,-0.0004107280463855018
0.99,83,-0.009664554772559519
0.99,84,-0.008018882396643535
0.99,85,0.015132692433025383
0.99,86,-0.02434226669593094
0.99,87,-0.001261730379255926
0.99,88,0.18645852406578042
0.99,89,-0.038800109127211484
0.99,90,-0.005131214241392318
0.99,91,-0.04826809638890249
0.99,92,-0.052063815658304445
0.99,93,0.08361841005425516
0.99,94,-0.1260273694852506
0.99,95,0.2067829506070512
0.99,96,-0.1176181619053418
0.99,97,0.07646213970091036
0.99,98,-0.09569929768661006
0.99,99,-0.07239028454758305
0.99,100,0.11029580050545966
0.99,101,-0.05578258530029893
0.99,102,0.05320214451326327
0.99,103,0.14457655065932845
0.99,104,-0.15176901420560274
0.99,105,-0.004518658159349828
0.99,106,0.11646532040929106
0.99,107,-0.08032804598409948
0.99,108,0.09634106606047443
0.99,109,0.05057321783028372
0.99,110,0.03410560167462032
0.99,111,0.00495121435245333
0.99,112,-0.022238676235340978
0.99,113,0.06011843649542315
0.99,114,-0.09644698496504193
0.99,115,0.05989977362894669
0.99,116,-0.02907227707065828
0.99,117,0.025489779124771354
0.99,118,-0.07507581099331158
0.99,119,0.024350736093693634
0.99,120,-0.010340332841386054
0.99,121,0.008675042870207327
0.99,122,-0.0053536618009492895
0.99,123,0.014375995811852971
0.99,124,-0.03490655613739642
0.99,125,0.061000057281727374
0.99,126,-0.06165730252788914
0.99,127,0.04394573187449
0.99,128,0.0017324794985970607
0.99,129,0.015636348977076938
0.99,130,-0.03923201242077088
0.99,131,0.028957935268396674
0.99,132,0.010091546706968064
0.99,133,-0.008418038161997763
0.99,134,-0.013047520639975461
0.99,135,0.03358622118274373
0.99,136,-0.00403052144907056
0.99,137,0.02247899319234173
0.99,138,0.018859363147542066
0.99,139,-0.02521786169859926
0.99,140,-0.002036497498958948
0.99,141,2.4337002159874114e-5
0.99,142,0.008331434128762869
0.99,143,-0.010208613801869148
0.99,144,0.015267768356413629
0.99,145,-0.030476227507804845
0.99,146,-0.01878461062680476
0.99,147,0.004524846633823559
0.99,148,-0.00591587736853915
0.99,149,0.018476654007011813
0.99,150,-0.03842681667530499
0.99,151,0.03768093616734251
0.99,152,-0.026260785039186635
0.99,153,-0.0008497399199199869
0.99,154,-0.00166037311092365
0.99,155,-0.012468289985968854
0.99,156,0.011116641397578371
0.99,157,-0.006128339211760317
0.99,158,-0.00872418250861794
0.99,159,-0.013257914997071747
0.99,160,-0.005277537177692647
0.99,161,0.013548762692197269
0.99,162,0.00040537032285414853
0.99,163,-0.020515916354871277
0.99,164,0.04322171853980576
0.99,165,-0.006949234103263848
0.99,166,0.008442835672102949
0.99,167,0.01485708750520097
0.99,168,-0.03038159172756189
0.99,169,0.01941739501544985
0.99,170,-0.027848800684985235
0.99,171,0.11305538141313523
0.99,172,0.05818949104636074
0.99,173,-0.10529639443202168
0.99,174,0.0036013856604203394
0.99,175,-0.049497930409143465
0.99,176,0.014417271921847247
0.99,177,0.14985170673891454
0.99,178,-0.06489684043949488
0.99,179,-0.04697876039986685
0.99,180,0.11238186514680805
0.99,181,-0.01801542500726976
0.99,182,0.3574530168305043
0.99,183,-0.1317213718980657
0.99,184,0.21830662750431787
0.99,185,-0.009592772486107466
0.99,186,-0.22000594872844573
0.99,187,0.17948713369711536
0.99,188,0.17950601118595144
0.99,189,-0.17839167509838158
0.99,190,0.5923007251120542
0.99,191,-0.2369827252537785
0.99,192,1.6390495780931578
0.99,193,0.1381411526859683
0.99,194,0.06352296936497426
0.99,195,-0.0016387172687052677
0.99,196,-0.07594081281038186
0.99,197,-0.010004237600908659
0.99,198,-0.007634783226971151
