VarA,VarB,Value
0.01,intercept,0.007227076375984557
0.01,1,0.002826057381495585
0.01,2,0.00032173673360811044
0.01,3,0.0008640527469728253
0.01,4,0.0010100807105653967
0.01,5,-0.00011717481757290521
0.01,6,0.0009174444505768068
0.01,7,-0.0008244883231188872
0.01,8,0.0019802875934496512
0.01,9,-0.00047768094588529714
0.01,10,0.0019957364762173014
0.01,11,-0.0013646583491017698
0.01,12,-0.000342161005263653
0.01,13,0.0006154841435913862
0.01,14,-0.0012021447172117631
0.01,15,0.0008045983733066507
0.01,16,-0.0010313669696445898
0.01,17,-0.0004949103574075303
0.01,18,0.0014037083418870068
0.01,19,0.0012019036418666018
0.01,20,0.0019776910240127048
0.01,21,-0.0006131740546056592
0.01,22,-0.000806136520960606
0.01,23,0.0011726681328580587
0.01,24,-0.0005976233994669603
0.01,25,0.00043978572440337647
0.01,26,-0.0003164847210620727
0.01,27,0.0006624047499853945
0.01,28,8.636532938769148e-5
0.01,29,-0.0004837515431936263
0.01,30,0.0005801610397557885
0.01,31,-0.0008710224232425127
0.01,32,0.000852600541098237
0.01,33,0.0002807380658681233
0.01,34,0.0005219991550786011
0.01,35,-0.0008886087240535429
0.01,36,0.0006206564509071218
0.01,37,0.0015562486943751
0.01,38,-0.0009360331074028318
0.01,39,0.000652530238864623
0.01,40,-0.003431041397905411
0.01,41,0.001664391191871238
0.01,42,-0.0029011808668593583
0.01,43,0.004465147685139255
0.01,44,2.1486916774434495e-5
0.01,45,-1.73629950523275e-6
0.01,46,-0.0005167215141604296
0.01,47,-3.637873633570288e-5
0.01,48,0.001702936151579263
0.01,49,-0.0007692251903776066
0.01,50,-0.00013602621302105753
0.01,51,0.001042906947015313
0.01,52,-0.0016342355219918414
0.01,53,0.0012981650261512825
0.01,54,-0.0009127133857006264
0.01,55,0.0012950383916335148
0.01,56,0.0007551131752055703
0.01,57,0.0014574027050198674
0.01,58,-0.00010329026222684982
0.01,59,-0.00026751225021298957
0.01,60,0.0009669984704584061
0.01,61,-0.0013489939943730855
0.01,62,0.0024294992547183114
0.01,63,-0.0011794267901520205
0.01,64,0.0004982602140396817
0.01,65,-0.0001821933839819926
0.01,66,4.262201765527806e-5
0.01,67,-0.0009062440796487096
0.01,68,0.0008728846879470089
0.01,69,-0.00015348511831661792
0.01,70,-0.0002907136769304551
0.01,71,0.002708688181018833
0.01,72,-0.0007261236803661404
0.01,73,-0.0014610262951871076
0.01,74,-0.001667622658512479
0.01,75,0.0030737254151884993
0.01,76,-0.002675997960731107
0.01,77,0.0027399747648143968
0.01,78,-0.0017410589925013246
0.01,79,0.0026575698734973992
0.01,80,-0.0028283735829610465
0.01,81,6.51433615425717e-5
0.01,82,0.0022291860503521072
0.01,83,0.0005462053301801663
0.01,84,-0.00107686604465152
0.01,85,-0.0011952771081190114
0.01,86,-0.0009205889433628763
0.01,87,0.002157706644112711
0.01,88,-0.000416143487283441
0.01,89,0.00011352087560944932
0.01,90,-0.0011983750065112065
0.01,91,2.4613413379867947e-5
0.01,92,-0.0011999422811916037
0.01,93,-7.823980936598925e-6
0.01,94,0.0004173983978893473
0.01,95,0.0011676605822759937
0.01,96,-0.0005154536062522557
0.01,97,-0.0014402634591836768
0.01,98,0.002063303012735129
0.01,99,0.0006156945649093509
0.01,100,0.002272932298967851
0.01,101,0.0002339501131535927
0.01,102,0.0018760904943140612
0.01,103,-0.0017742052072027374
0.01,104,0.0017146106173858088
0.01,105,0.0010846779869266839
0.01,106,-0.0014564781348260338
0.01,107,0.00030268916355047696
0.01,108,0.0008409540942543257
0.01,109,-0.00040962761693403833
0.01,110,0.0015899461895443358
0.01,111,0.00046740314772976806
0.01,112,0.0006363551076245829
0.01,113,0.0010030836068039783
0.01,114,-0.00029577513217665294
0.01,115,0.00019451912616741103
0.01,116,0.0019207976762737416
0.01,117,-0.002551963036842051
0.01,118,0.001597878549173554
0.01,119,0.00014864116226580984
0.01,120,0.0017439604547567075
0.01,121,0.00023572900348568432
0.01,122,-0.00022668258123882605
0.01,123,0.002377225653192925
0.01,124,-0.0005962169688942175
0.01,125,0.0010882361053943463
0.01,126,-0.0008389298486415146
0.01,127,-3.699057545623698e-5
0.01,128,-0.0004884367012352322
0.01,129,0.00045131757973127933
0.01,130,0.001064923909281675
0.01,131,-0.000989309446758961
0.01,132,-0.0015675717759252802
0.01,133,0.0013923633562598502
0.01,134,0.00037165121494776697
0.01,135,0.00256099770650438
0.01,136,0.0009570785179479668
0.01,137,-0.0020220329559030603
0.01,138,0.001759762650558002
0.01,139,-0.00011737865675901752
0.01,140,0.002331929053182811
0.01,141,2.4385873243500796e-5
0.01,142,0.0005576143812417188
0.01,143,-0.0014147920265063473
0.01,144,2.936453122895625e-5
0.01,145,0.00041482833352966976
0.01,146,-0.0005343417867933041
0.01,147,0.001550165527816038
0.01,148,-0.0008140391777338962
0.01,149,0.0011051460667806786
0.01,150,-0.0004735642825884392
0.01,151,0.0008535354303555482
0.01,152,-0.00016036688892008452
0.01,153,0.0013185726212384915
0.01,154,-4.963025390486671e-5
0.01,155,0.00022436181816001943
0.01,156,0.00036875817976297063
0.01,157,-8.000486335014214e-5
0.01,158,0.00022814813921619945
0.01,159,-0.001409077397168913
0.01,160,-0.0005265862335920052
0.01,161,0.00018557139384853385
0.01,162,0.003817551093904137
0.01,163,-0.003578505739931671
0.01,164,0.0027420988583265866
0.01,165,-0.002266300359451635
0.01,166,0.002895271236026733
0.01,167,-0.00019604436986105867
0.01,168,0.001461151251632192
0.01,169,0.00048315958510122955
0.01,170,0.0012637968149216648
0.01,171,-0.0014315185517859471
0.01,172,-0.00039976509232712685
0.01,173,0.001725134460931572
0.01,174,-0.0005747353552266307
0.01,175,0.0001995804914935249
0.01,176,-0.0005476362767103623
0.01,177,-0.0009001574780199499
0.01,178,0.003009927485456892
0.01,179,-0.0010452633174753351
0.01,180,0.0007312844543666394
0.01,181,0.0019184649321461224
0.01,182,1.510519327743738e-6
0.01,183,0.002832576271550416
0.01,184,0.0021867939820542103
0.01,185,-0.0028596670211228593
0.01,186,-0.0013732523651044557
0.01,187,0.002726120339984386
0.01,188,-0.0015937444616187701
0.01,189,0.006385482802021188
0.01,190,0.016829851203651533
0.01,191,-0.001204532767352177
0.01,192,0.06319209160771858
0.01,193,0.0030269173186900154
0.01,194,0.00039018027123690155
0.01,195,-0.0004714802763945472
0.01,196,0.00047200326824464164
0.01,197,-1.9074616880123657e-5
0.01,198,0.000551829591478304
0.02,intercept,0.005214938589739378
0.02,1,0.0031243394584430924
0.02,2,1.8045584094590522e-5
0.02,3,0.0017286808070515688
0.02,4,0.0008078970941293899
0.02,5,0.0010032576244255237
0.02,6,0.0002465427118490389
0.02,7,0.0012953153761785126
0.02,8,0.0014793819985330877
0.02,9,0.00017242167579362185
0.02,10,0.0014367557146274686
0.02,11,-0.0018572387074486435
0.02,12,7.531463948680852e-5
0.02,13,-0.0011976311341984653
0.02,14,-0.00040307566544663895
0.02,15,0.002218337401088036
0.02,16,-0.0009029556126712962
0.02,17,-0.0017636549863059643
0.02,18,0.0026289004315098413
0.02,19,-0.00039066362085047967
0.02,20,0.0035438398028333753
0.02,21,-0.0018204633768851622
0.02,22,0.00044552685613245005
0.02,23,0.0012217789730101538
0.02,24,0.0010209754904000477
0.02,25,-0.0012087052991919288
0.02,26,0.001277535350456847
0.02,27,-5.178265398908134e-5
0.02,28,-0.0006508509032820265
0.02,29,0.00011623216414695629
0.02,30,-0.0001474572386750905
0.02,31,-0.00030352611246964637
0.02,32,0.00026184426743599507
0.02,33,0.0009059798332461278
0.02,34,-0.00019270546319101646
0.02,35,-0.0006739095967666371
0.02,36,0.0008029320075805354
0.02,37,0.0007269811714314162
0.02,38,-0.00022531466637732689
0.02,39,0.0004158340556710268
0.02,40,-0.0008861457809145743
0.02,41,-0.0009820953644107209
0.02,42,-0.0011165169740901216
0.02,43,0.003694496296756879
0.02,44,-0.0006719806171278028
0.02,45,0.00013179267330385949
0.02,46,0.001272050423955798
0.02,47,-0.00010587402365074043
0.02,48,0.0011883301181419641
0.02,49,-0.0010074822739295497
0.02,50,-0.00041725674459206554
0.02,51,0.0008078212917425362
0.02,52,5.745919569930539e-5
0.02,53,0.0002146329413760525
0.02,54,-0.0005534139514319173
0.02,55,0.0014113852836786201
0.02,56,3.2752026689886176e-5
0.02,57,0.0009891827700087047
0.02,58,0.00011515240919993643
0.02,59,-0.00010950707125162723
0.02,60,0.0009087521511732344
0.02,61,0.00036851456863578355
0.02,62,0.00040810505904523026
0.02,63,-9.478679897313614e-5
0.02,64,0.001408289154340354
0.02,65,-0.0021384306017261795
0.02,66,0.001043274733650561
0.02,67,0.0017410213556843515
0.02,68,-0.00135452933537147
0.02,69,0.0014742915414941258
0.02,70,0.0003979284713743048
0.02,71,0.001823571330169013
0.02,72,0.00027352994855257395
0.02,73,-0.002701020533177024
0.02,74,-0.00021514187987206704
0.02,75,0.00278826180397922
0.02,76,-0.0048080497676311704
0.02,77,0.0015526550311925206
0.02,78,-0.0005319922449357534
0.02,79,0.003209402173795445
0.02,80,-0.0023344407955464396
0.02,81,-0.0010141204644119447
0.02,82,0.002443277354323287
0.02,83,-0.0017199681405696177
0.02,84,0.0004592273667794214
0.02,85,-0.0010007092256848467
0.02,86,0.00035221922050321716
0.02,87,0.0025264954968600194
0.02,88,-0.0007675379450695635
0.02,89,-0.0008104679118439003
0.02,90,-0.0004939196878541602
0.02,91,-0.00211086344453171
0.02,92,0.0011253284169944516
0.02,93,0.0007637207232101938
0.02,94,-0.00021456624861571292
0.02,95,3.513556865416177e-5
0.02,96,-0.00032443197151533636
0.02,97,0.0017612418150191728
0.02,98,0.0020761307451465506
0.02,99,0.0028362438236414116
0.02,100,-0.0009229828920601654
0.02,101,0.0020118983781620627
0.02,102,0.0003582058912420472
0.02,103,-0.0014074604019708682
0.02,104,0.001822677252509129
0.02,105,0.0022908668057836303
0.02,106,-0.002093632042118527
0.02,107,0.0022197317176266755
0.02,108,-0.0012322509685573294
0.02,109,0.0007138238667287851
0.02,110,0.001420557959638189
0.02,111,0.0017065997386819958
0.02,112,-0.00028504352874047774
0.02,113,0.00011093088618973986
0.02,114,-0.001877046485613547
0.02,115,0.000638312053230876
0.02,116,0.002710564261404292
0.02,117,-0.0013278494225424915
0.02,118,0.0009707764157792089
0.02,119,0.0006714283172040969
0.02,120,0.0012009187988112503
0.02,121,0.000990424382705787
0.02,122,0.0011963563683675192
0.02,123,0.002171482674881247
0.02,124,0.00024996828885504523
0.02,125,0.0008614547206645277
0.02,126,0.00019085977766753243
0.02,127,0.002005835580442111
0.02,128,-0.0013474210549521716
0.02,129,-0.0010656807448465914
0.02,130,0.0012547737269132705
0.02,131,-0.0010310140039156662
0.02,132,-0.0007125732551606906
0.02,133,0.001553081425193854
0.02,134,0.0007431437252230904
0.02,135,0.0018924276440732846
0.02,136,0.0014011215713888015
0.02,137,-0.0018311475586393435
0.02,138,0.002090309519340508
0.02,139,-0.0004133748937739231
0.02,140,0.0014041050328082764
0.02,141,0.0007476011470191001
0.02,142,-0.0005707587536193553
0.02,143,-0.0014142428055520897
0.02,144,0.0005763195567958294
0.02,145,0.000235469930066693
0.02,146,-0.0006134910001738264
0.02,147,0.0002851132515933686
0.02,148,-0.00013666278479763138
0.02,149,-0.0001547315977641211
0.02,150,0.0007758958087720387
0.02,151,0.0007092068262547272
0.02,152,7.7981048210092e-5
0.02,153,0.0008239804256793175
0.02,154,-0.0006008582503461664
0.02,155,0.0004879371922941528
0.02,156,1.482199493541863e-5
0.02,157,0.0016184143109785009
0.02,158,-0.0005881814858805085
0.02,159,0.0005518848690233314
0.02,160,-0.00269762439278775
0.02,161,0.0019415920048128723
0.02,162,0.0018025460209828142
0.02,163,-0.00021138198456313156
0.02,164,0.0012506386512515554
0.02,165,-0.0002741180171359596
0.02,166,0.002480786340370462
0.02,167,-0.00019176114150201823
0.02,168,0.001780551300551145
0.02,169,-0.00035702990276886365
0.02,170,0.002680735867439096
0.02,171,0.000342929047951236
0.02,172,-0.0018841366439510646
0.02,173,0.004288608215034828
0.02,174,-0.0012832167385968152
0.02,175,-0.0013279882799900483
0.02,176,-0.0006764684398119928
0.02,177,-0.00292787961687104
0.02,178,0.002188983896533905
0.02,179,0.0026212673149866006
0.02,180,0.002292919784766892
0.02,181,0.0009884205169716003
0.02,182,0.00011616929552360279
0.02,183,0.0025109099632387904
0.02,184,0.0039052404481759737
0.02,185,-0.004064673864626984
0.02,186,0.0017481395612530632
0.02,187,0.0029122893680948933
0.02,188,-0.0008733503528287844
0.02,189,0.0076896040775866915
0.02,190,0.028479101232843446
0.02,191,1.5914592062071164e-7
0.02,192,0.09125919976454742
0.02,193,0.005180790403933341
0.02,194,0.0013278272767601467
0.02,195,-0.0005921223433988988
0.02,196,0.0005041152527102481
0.02,197,0.0001956903929611507
0.02,198,0.0003409066332365943
0.03,intercept,0.002369489084693311
0.03,1,0.0042043023612105095
0.03,2,4.4131855509849636e-5
0.03,3,0.0024554055425656494
0.03,4,0.0011797665009527338
0.03,5,0.0016480876564166948
0.03,6,0.0005330219312381268
0.03,7,0.0013607258447059223
0.03,8,0.002221331848139906
0.03,9,0.0004968932297324524
0.03,10,0.0008172365931985395
0.03,11,-0.0019307620281049118
0.03,12,0.000160353816311486
0.03,13,-0.0009425984555771409
0.03,14,0.0005721459248221674
0.03,15,0.0007951235428815851
0.03,16,-2.2067831916982673e-5
0.03,17,-0.002475099077638062
0.03,18,0.002596477959152085
0.03,19,3.20330207011044e-5
0.03,20,0.0028191475067048783
0.03,21,-0.0024675666267104423
0.03,22,0.0011778437073599883
0.03,23,-0.0009169277120442473
0.03,24,0.0028592480045821368
0.03,25,-0.001561231712814578
0.03,26,0.0014859643391772492
0.03,27,0.00024313257506063628
0.03,28,-0.0002383056759446103
0.03,29,0.0007810552565553392
0.03,30,-0.0009720933610109858
0.03,31,0.000346390068510063
0.03,32,-0.0004497792492302283
0.03,33,0.001077065559949914
0.03,34,1.7252572255994026e-5
0.03,35,-0.00044614069762762996
0.03,36,0.0010396453595736214
0.03,37,0.0010990286168276004
0.03,38,-0.0007599066201785912
0.03,39,-0.0010017904339279808
0.03,40,0.00043601168854044746
0.03,41,-0.000556011463837461
0.03,42,-0.0012993727769838685
0.03,43,0.003930668456148993
0.03,44,-0.000754580954920949
0.03,45,0.0002548209150717301
0.03,46,0.0018410463427912468
0.03,47,-1.4785167089686037e-5
0.03,48,0.00215165436915792
0.03,49,-0.0005619187310377912
0.03,50,0.00013680770672000486
0.03,51,-0.0025300553271878482
0.03,52,0.002156881963064803
0.03,53,-0.0008927869412627285
0.03,54,-0.0001873256824349954
0.03,55,0.002468225685046006
0.03,56,-0.0005351601370164587
0.03,57,0.0017738462175460254
0.03,58,-0.0011088553376209318
0.03,59,0.0025905559088772474
0.03,60,0.0011867129553125636
0.03,61,-0.0014237031724944492
0.03,62,0.0003358691729966574
0.03,63,0.0009698391655251175
0.03,64,0.0007110287947952399
0.03,65,-0.0021394867450810354
0.03,66,0.00021056414685658996
0.03,67,0.002984909605282263
0.03,68,-0.002323729533257547
0.03,69,0.0020445941459350347
0.03,70,0.0017273061567414784
0.03,71,0.0021504917293101544
0.03,72,-0.0011861223825687642
0.03,73,0.0006514528370690349
0.03,74,-0.004718200891832803
0.03,75,0.0037281760836756247
0.03,76,-0.00546708757663659
0.03,77,0.002622108814215972
0.03,78,1.828298788052558e-5
0.03,79,0.0018746020390850845
0.03,80,-0.0028888008505269167
0.03,81,0.0006625628931866989
0.03,82,0.001506669394695305
0.03,83,0.0006931372426423344
0.03,84,0.0007459832154906258
0.03,85,-0.0029313622371934956
0.03,86,-0.0003729858614242244
0.03,87,0.0029519633577036663
0.03,88,-0.002205855652447002
0.03,89,0.0015430132906675467
0.03,90,-0.0031386374779610047
0.03,91,-7.383838181381008e-5
0.03,92,0.0002522768836835036
0.03,93,0.0007453691985992736
0.03,94,0.0009622126003953435
0.03,95,6.942120415737437e-5
0.03,96,-0.0012870321142370805
0.03,97,0.002643242512340623
0.03,98,0.0038672366298349997
0.03,99,0.0046244110585434315
0.03,100,-0.0006083506271961161
0.03,101,0.0029633791990338926
0.03,102,2.2086519324204095e-5
0.03,103,-0.0007245097952520527
0.03,104,0.0015145499770154414
0.03,105,0.0011428901985698814
0.03,106,-0.0009252196588695945
0.03,107,0.0035108933129830554
0.03,108,-0.002385793245718466
0.03,109,0.002132979081466209
0.03,110,0.0016416509585466172
0.03,111,0.0007316106428083902
0.03,112,-1.3875531436982739e-6
0.03,113,0.0027381017384874784
0.03,114,-0.002775968362971645
0.03,115,0.0027825372330184447
0.03,116,-5.318554501137552e-5
0.03,117,0.0003310327176708972
0.03,118,0.0009471245377320421
0.03,119,0.0013849995804416382
0.03,120,0.0007227549946385497
0.03,121,0.0018476211819314719
0.03,122,0.0020441482598391168
0.03,123,0.0002281880586332687
0.03,124,0.0009206331316544788
0.03,125,0.0010792482166036535
0.03,126,0.00018943077863333566
0.03,127,0.0007227137145455677
0.03,128,1.6742154057267536e-5
0.03,129,4.195200822955879e-5
0.03,130,0.0010731955166136933
0.03,131,-0.001764650283468512
0.03,132,-9.208211678266086e-5
0.03,133,0.0012419202960697925
0.03,134,0.0014743789906329304
0.03,135,0.001159283533703411
0.03,136,0.0014418471572690262
0.03,137,-0.0014252072057459873
0.03,138,0.0019374491611637847
0.03,139,-0.0011387545663054293
0.03,140,0.0019179641704190331
0.03,141,0.001088589349425364
0.03,142,-3.593738094127707e-5
0.03,143,-0.000992399797056176
0.03,144,0.002150682950614819
0.03,145,-0.0008796732003106695
0.03,146,-0.0007942071302085818
0.03,147,-0.001179815379738391
0.03,148,0.0006416817527384261
0.03,149,-0.0008326993960948963
0.03,150,0.0007637584517556839
0.03,151,6.476955910117884e-5
0.03,152,0.0009240006274570978
0.03,153,9.248049316064654e-5
0.03,154,-0.0017059352783142386
0.03,155,0.0011440385830890818
0.03,156,0.00048507664268928935
0.03,157,0.001299493555507451
0.03,158,0.0019308738193794964
0.03,159,0.00031802552353556667
0.03,160,-0.0005315845037963985
0.03,161,0.0006775530003685327
0.03,162,0.004259579652841817
0.03,163,-0.00044112798451266413
0.03,164,0.0013974504639405474
0.03,165,-0.0008062812880738415
0.03,166,0.0029758502953164782
0.03,167,0.0013039040800167036
0.03,168,0.0020776061046463112
0.03,169,-0.0014041366292112804
0.03,170,0.003538855810860588
0.03,171,0.0004720301818683233
0.03,172,-0.002168963298119017
0.03,173,0.004407243336844304
0.03,174,-0.002152217494188908
0.03,175,0.0008333374517685023
0.03,176,-0.0006886520549647402
0.03,177,-0.0023348630924565654
0.03,178,0.0021018547399663497
0.03,179,0.00175819158693689
0.03,180,0.004075364330133285
0.03,181,0.002488144791087727
0.03,182,0.001035478400473175
0.03,183,0.002208143685026173
0.03,184,0.006110686796168497
0.03,185,-0.006736290304710306
0.03,186,0.004519253676540115
0.03,187,0.004304928752625679
0.03,188,-0.0002994158805547968
0.03,189,0.014694317703756987
0.03,190,0.03446897882868219
0.03,191,0.0022086358227644412
0.03,192,0.12263583674093255
0.03,193,0.0074480778327945365
0.03,194,0.003694569844040418
0.03,195,-0.0006779212921030658
0.03,196,0.0005227372141263491
0.03,197,0.00033269728428657645
0.03,198,8.566065271922892e-5
0.04,intercept,0.00030997236983382946
0.04,1,0.004901367176341151
0.04,2,0.00015458836533451697
0.04,3,0.003638487980415555
0.04,4,0.0007610853396376653
0.04,5,0.0025695740836039075
0.04,6,0.0016760485286669987
0.04,7,0.0012201648252615574
0.04,8,0.0013817602779744814
0.04,9,0.00015110492573547205
0.04,10,0.001272289500548132
0.04,11,-0.002788333891839572
0.04,12,0.00041155213559904635
0.04,13,0.00042975179290121184
0.04,14,-0.00029656132778206005
0.04,15,0.00035837225120601983
0.04,16,0.00044655424308958155
0.04,17,-0.003588717763380502
0.04,18,0.0036772556143625664
0.04,19,7.828800833657509e-5
0.04,20,0.003871282888872966
0.04,21,-0.0015969190654032755
0.04,22,0.00021065015143224454
0.04,23,-0.0005708452490609605
0.04,24,0.0026649008777427244
0.04,25,-0.0015894773415301058
0.04,26,0.002976545166840462
0.04,27,-0.000645087316494889
0.04,28,0.0008446424886393539
0.04,29,0.0008580836354851276
0.04,30,-0.0006954242743611341
0.04,31,0.00014297827664796616
0.04,32,-0.001287598188732433
0.04,33,0.00146064220524335
0.04,34,0.0011332876731840519
0.04,35,-0.0005337434941743545
0.04,36,0.0007145433000419286
0.04,37,0.0004351369130204192
0.04,38,-0.00016906306364899076
0.04,39,-0.0007992471352393527
0.04,40,0.00013890764035415907
0.04,41,-0.0016931206212068748
0.04,42,-0.0008635267714599461
0.04,43,0.004132187446193921
0.04,44,-0.0009229530094813615
0.04,45,0.0029301820298853324
0.04,46,0.0006241278742496252
0.04,47,0.00015200519998610613
0.04,48,0.0013576474143365876
0.04,49,0.0007527307689955585
0.04,50,0.0008225426468948641
0.04,51,-0.0027486566910975498
0.04,52,0.0011947167145437106
0.04,53,-0.0012452767380478308
0.04,54,0.0006439748080244029
0.04,55,0.0016898291159813577
0.04,56,-0.0009240061704498697
0.04,57,0.0012539429515825119
0.04,58,-0.0018882115449066804
0.04,59,0.0019420519350277503
0.04,60,0.0017409170953425603
0.04,61,-0.00032925395068384496
0.04,62,0.0011975637576406798
0.04,63,6.859640037545525e-5
0.04,64,0.0011018672172978202
0.04,65,-0.0008879610088231569
0.04,66,-0.00024612177826277
0.04,67,0.003682107393303613
0.04,68,-0.001345356082202844
0.04,69,0.0031405466319528027
0.04,70,0.0007947044413328417
0.04,71,0.0034539653066990124
0.04,72,-0.0020624081479349485
0.04,73,0.0005282566283176587
0.04,74,-0.0039457259332104895
0.04,75,0.004120096296030505
0.04,76,-0.005649236370297505
0.04,77,0.0016915694810816166
0.04,78,-0.00157624467843101
0.04,79,0.0021390456063635566
0.04,80,-0.0031410096921731952
0.04,81,0.0019520885387416418
0.04,82,0.0016529669451054482
0.04,83,-0.0009717354359448987
0.04,84,0.0016112771071411325
0.04,85,-0.001871816033799793
0.04,86,-0.0014371085266864168
0.04,87,0.003372671728916255
0.04,88,-0.002605732195054319
0.04,89,0.0008291911069706046
0.04,90,-0.0024375062299179556
0.04,91,-0.0013318898276141885
0.04,92,0.001362338390299493
0.04,93,0.0008330108196839449
0.04,94,0.0016900004809940314
0.04,95,0.0005617922317700847
0.04,96,-0.0015535516238846358
0.04,97,0.0025875899592701533
0.04,98,0.005195536456141854
0.04,99,0.004523026405790725
0.04,100,0.000189989295837386
0.04,101,0.002494348391269218
0.04,102,0.0026519095325857702
0.04,103,-0.0015600715589094856
0.04,104,0.0036103678149431227
0.04,105,0.0003374395248833926
0.04,106,-8.941647949580824e-5
0.04,107,0.003360429858548543
0.04,108,-0.0018993918832242958
0.04,109,0.0019993839127952088
0.04,110,0.0015744133978464728
0.04,111,0.001118034926259207
0.04,112,-0.000494187389377016
0.04,113,0.002552905032548127
0.04,114,-0.002130462943392872
0.04,115,0.0013024230773355577
0.04,116,0.0016828055587001288
0.04,117,-0.0002817722350041362
0.04,118,0.0022979856999381064
0.04,119,0.0010382009644658826
0.04,120,0.0007655864313947051
0.04,121,0.0014366389292266048
0.04,122,0.0013968367257992916
0.04,123,0.0011912838024096314
0.04,124,0.00022264396839884575
0.04,125,0.0011231725512541538
0.04,126,0.00043234228497390635
0.04,127,0.000982835517529437
0.04,128,-0.001693013623198852
0.04,129,0.00042573374278616447
0.04,130,0.0008789335619830744
0.04,131,-0.0006285299102621714
0.04,132,-0.001766447728018061
0.04,133,0.0021369654604773535
0.04,134,0.0015521809115779058
0.04,135,0.0014902505492594125
0.04,136,0.00198584124005532
0.04,137,-0.0011529610501660233
0.04,138,0.0017120021717074703
0.04,139,-0.002533166170974741
0.04,140,0.003678878148333021
0.04,141,0.0015883031163026347
0.04,142,-0.00044509512164622007
0.04,143,-0.0004722765713909313
0.04,144,0.0016482020287034158
0.04,145,-0.001314970425010359
0.04,146,0.00020468325683873934
0.04,147,-0.0016796490726710734
0.04,148,0.0003158758418522056
0.04,149,-0.0015899031329387487
0.04,150,-0.00030227268687407923
0.04,151,-0.00027514422313011286
0.04,152,0.001457042586344316
0.04,153,0.0001715546343791146
0.04,154,-0.00029228093961547333
0.04,155,0.0006377338947320443
0.04,156,0.0013523060735905704
0.04,157,-0.0007909033752088883
0.04,158,0.0024204636321094055
0.04,159,0.0011539015587849822
0.04,160,-0.00023463189635506118
0.04,161,0.0006630177523565214
0.04,162,0.005089214196769148
0.04,163,-0.001296939207780218
0.04,164,0.003957610609054715
0.04,165,-0.0013217378272511408
0.04,166,0.00291846119651429
0.04,167,0.0022671920637632624
0.04,168,0.001808195265305992
0.04,169,-0.0016352028444550058
0.04,170,0.004555318937048097
0.04,171,-0.002067864672797678
0.04,172,-0.002111487341472904
0.04,173,0.005947965028648821
0.04,174,-0.00347576871286296
0.04,175,0.0014310169731112726
0.04,176,-0.0009970283358885267
0.04,177,-0.0010314179590308792
0.04,178,0.0027377981191050002
0.04,179,0.0014808203100620772
0.04,180,0.00393401835725454
0.04,181,0.004398199815485961
0.04,182,0.0009887208671023058
0.04,183,0.005250785940205427
0.04,184,0.007162471392481239
0.04,185,-0.006528937417233761
0.04,186,0.006825989628163625
0.04,187,0.00790272955452865
0.04,188,-0.0018164673116974417
0.04,189,0.020022615719304696
0.04,190,0.03766870206294384
0.04,191,0.0072092118461750745
0.04,192,0.1432220717023721
0.04,193,0.009517726247038822
0.04,194,0.006239241251332301
0.04,195,-0.0006000374832106168
0.04,196,0.0007014231911501476
0.04,197,0.00042622629993668376
0.04,198,-4.4131313292172087e-5
0.05,intercept,-0.0013180002580716545
0.05,1,0.004429692901211913
0.05,2,0.0019605196576410982
0.05,3,0.0034767793684192744
0.05,4,0.0022458217381549493
0.05,5,0.0025029493686109165
0.05,6,0.0011490411870731972
0.05,7,0.0012356681571376938
0.05,8,0.0013709501661794163
0.05,9,0.002023475751122182
0.05,10,0.00012941916758315284
0.05,11,-0.0015013691303848253
0.05,12,0.00022308722823003336
0.05,13,0.0014757438646819047
0.05,14,-0.00109861393401309
0.05,15,0.0012415445574926473
0.05,16,-0.00048359574170029853
0.05,17,-0.0010770772007211887
0.05,18,0.0034087239766787164
0.05,19,-0.0003487117397516195
0.05,20,0.003376839732767228
0.05,21,-0.0016433925568687486
0.05,22,0.0006049437277706545
0.05,23,-2.8716662883792258e-5
0.05,24,0.0018747409087287164
0.05,25,-0.002140799546007726
0.05,26,0.0024725323236491218
0.05,27,-6.41142372118612e-5
0.05,28,0.0015533778357887647
0.05,29,0.0007937450478913369
0.05,30,-0.0010290872879330738
0.05,31,-0.00038390479756452936
0.05,32,-0.0007288412407272547
0.05,33,0.0008131867656626597
0.05,34,0.0011290224777613504
0.05,35,-0.00020983396570039672
0.05,36,4.5996674860926864e-5
0.05,37,0.001924133888003589
0.05,38,-0.0015116642012790392
0.05,39,-8.75091203002628e-5
0.05,40,0.0005648955214290374
0.05,41,-0.0022337233452919022
0.05,42,-0.0008663493179149657
0.05,43,0.003992405844180774
0.05,44,-0.0009554204520715255
0.05,45,0.002749413099805463
0.05,46,0.0012399954960655205
0.05,47,0.00018593940574153036
0.05,48,0.0018643222650706003
0.05,49,0.0008116939115656798
0.05,50,0.001296700845234295
0.05,51,-0.0042788203460066305
0.05,52,0.002470586341096536
0.05,53,-0.0015735041835271725
0.05,54,0.0011911153363658828
0.05,55,0.00041862207407158025
0.05,56,0.0009261855590742515
0.05,57,-0.00037734083107164536
0.05,58,-0.0015428638030650275
0.05,59,0.0015903935094008015
0.05,60,0.0020956140045178353
0.05,61,-0.00031393588851176817
0.05,62,0.0013230785823513424
0.05,63,0.0012545286873811435
0.05,64,0.00047361666770216336
0.05,65,-0.0002117301002088795
0.05,66,0.0005135984043779707
0.05,67,0.0027020360257122046
0.05,68,-0.0006835112827748688
0.05,69,0.0027402555566795506
0.05,70,0.00014076477892705928
0.05,71,0.004901647433469535
0.05,72,-0.001968496419429312
0.05,73,-0.0029273581703638833
0.05,74,-0.000879627758282972
0.05,75,0.002287703152210518
0.05,76,-0.00525574716444354
0.05,77,0.0023126406361052747
0.05,78,-0.0021716553808508745
0.05,79,0.001189544319887537
0.05,80,-0.0016450714564277523
0.05,81,0.0019845598329713086
0.05,82,0.002002772404302649
0.05,83,-0.0038788020653187146
0.05,84,0.0025682020188285398
0.05,85,-0.0013806804776171726
0.05,86,8.698792842740284e-5
0.05,87,0.0017978063852476056
0.05,88,-0.001953713268756143
0.05,89,0.0009643244382984763
0.05,90,-0.0009756278184619031
0.05,91,-0.0030617243966792828
0.05,92,0.0027221196706149163
0.05,93,-0.00012103936339793608
0.05,94,0.0026755771688925195
0.05,95,0.0008112509768575074
0.05,96,-0.0004465059161877217
0.05,97,0.0029183917461182945
0.05,98,0.004912278038657882
0.05,99,0.004720912582686431
0.05,100,0.001830881583942541
0.05,101,0.0009475503842881081
0.05,102,0.003244757330572462
0.05,103,-0.0019369097801435714
0.05,104,0.0038309687702378927
0.05,105,-0.0002703216603530082
0.05,106,0.0014245455464489104
0.05,107,0.002551938983411064
0.05,108,-0.0005069036893066241
0.05,109,0.0010084054385174391
0.05,110,0.002563082464765912
0.05,111,0.0015261124844833263
0.05,112,-0.000306159916987496
0.05,113,0.0031350869630719876
0.05,114,-0.002696760681951405
0.05,115,0.0007019904587187568
0.05,116,0.0012396084288479625
0.05,117,-1.303412234724306e-7
0.05,118,0.002065649377602029
0.05,119,0.0015526187809099042
0.05,120,-0.0008994478394556348
0.05,121,0.002998518436360934
0.05,122,0.00040809687404927804
0.05,123,0.0021356590246644166
0.05,124,0.000348793003564468
0.05,125,0.0011183610644266604
0.05,126,0.001464187882380883
0.05,127,0.0016216303523407698
0.05,128,-0.0021874771943253416
0.05,129,-0.0007558697529010518
0.05,130,0.001169754763493602
0.05,131,-0.0010175874476636142
0.05,132,-0.0016577367288256452
0.05,133,0.002449017222259589
0.05,134,0.0009686375164410642
0.05,135,0.00040003699840849026
0.05,136,0.002343181388305638
0.05,137,-0.001309209966217788
0.05,138,0.00200373191177055
0.05,139,-0.0014180960637820061
0.05,140,0.002954579935223473
0.05,141,0.0018962558005775419
0.05,142,-0.00032895552616358105
0.05,143,0.0011304097853644794
0.05,144,0.0018026920019298077
0.05,145,-0.0008563681277731122
0.05,146,-0.0008517937207562326
0.05,147,-0.0022389229999487154
0.05,148,-0.000373610832033006
0.05,149,-0.002236735486932028
0.05,150,0.00032302409370482487
0.05,151,-0.0012924331145336245
0.05,152,0.00181782409658432
0.05,153,0.0009195305956230626
0.05,154,-0.000806431356997765
0.05,155,0.00025517395957127257
0.05,156,0.0020618599943438213
0.05,157,-0.0015564818014807392
0.05,158,0.0034676898290226395
0.05,159,0.0024032409495658297
0.05,160,-0.00047874621669556617
0.05,161,0.0005546523466265791
0.05,162,0.005547298598895782
0.05,163,-0.002007403453847547
0.05,164,0.004470720767896489
0.05,165,-0.0007671384684069517
0.05,166,0.004749335107295429
0.05,167,0.0021557006870960064
0.05,168,0.0031807917521926637
0.05,169,-0.0021161222496452223
0.05,170,0.003194033479207894
0.05,171,-0.0012920419606235667
0.05,172,2.7464422999239392e-5
0.05,173,0.005413871820002183
0.05,174,-0.004169942526757957
0.05,175,0.0006663555926277929
0.05,176,-0.0013105096269211383
0.05,177,-0.00038991052332170464
0.05,178,0.002651225127815488
0.05,179,0.0006949616862472712
0.05,180,0.0049666151045013734
0.05,181,0.004403999939076121
0.05,182,-0.00019717888966748668
0.05,183,0.008944677919645502
0.05,184,0.006446009863757132
0.05,185,-0.0062356248239273234
0.05,186,0.006312707939614929
0.05,187,0.011374677546690967
0.05,188,0.0004932796095030691
0.05,189,0.022917033298865373
0.05,190,0.04317146022425182
0.05,191,0.008019826636685663
0.05,192,0.165701188375095
0.05,193,0.010795572439655446
0.05,194,0.008970384883282324
0.05,195,-0.0006213620188565094
0.05,196,0.0008356731511461884
0.05,197,0.0005767080586741634
0.05,198,-0.0001435772723877766
0.06,intercept,-0.0031403126893047827
0.06,1,0.004177538677257098
0.06,2,0.00296529247340189
0.06,3,0.004556851581852896
0.06,4,0.002209426770284164
0.06,5,0.0028256425053409945
0.06,6,0.0002562774136429211
0.06,7,0.002207514299410081
0.06,8,0.0014582119501849857
0.06,9,0.0034242750528451654
0.06,10,-8.104710344003141e-5
0.06,11,-0.0012939101149763677
0.06,12,0.0012435393686624008
0.06,13,0.0011150790193382694
0.06,14,-0.0009794108570690095
0.06,15,0.00036647891012848185
0.06,16,0.0004842980412735871
0.06,17,-0.0008767621914099667
0.06,18,0.0031209345725412983
0.06,19,0.000434263016309524
0.06,20,0.003701197352485745
0.06,21,-0.0017648875032809236
0.06,22,-0.0006486579849114502
0.06,23,0.0018522353359747155
0.06,24,0.001565452055216665
0.06,25,-0.0014198032021359214
0.06,26,0.002663199497626635
0.06,27,0.0002795786961102777
0.06,28,-4.9903711386513045e-5
0.06,29,0.0014087883276478524
0.06,30,-0.0009089480437332264
0.06,31,-0.0004484440772357288
0.06,32,-0.00046511579916900256
0.06,33,0.001714703739738589
0.06,34,0.0007826881359069135
0.06,35,0.0007621410675242202
0.06,36,0.0007285825966627874
0.06,37,0.0014437756816836106
0.06,38,-0.001168213218827737
0.06,39,-0.001227008287779561
0.06,40,0.0021039888991572905
0.06,41,-0.0030965723931805343
0.06,42,0.000390158117018878
0.06,43,0.0031031117542090823
0.06,44,-0.0016608837349765737
0.06,45,0.004302202571964546
0.06,46,-0.0001761290809364742
0.06,47,0.0001649157850377469
0.06,48,0.0022656013328618465
0.06,49,0.0002103204679667884
0.06,50,0.001697697370125865
0.06,51,-0.0036106469741239125
0.06,52,0.001235073050908717
0.06,53,-0.0003806724181189044
0.06,54,0.0010144483338362551
0.06,55,0.0006138287165230901
0.06,56,0.0013906730463173163
0.06,57,-0.0006342369770263555
0.06,58,-0.0016886937882906376
0.06,59,0.0019276611558687001
0.06,60,0.0024224660499563527
0.06,61,-0.000869026263765995
0.06,62,0.0015753980035618093
0.06,63,0.0007879403017178594
0.06,64,0.0008865152813945039
0.06,65,-0.0011583334288554161
0.06,66,0.002056910848540033
0.06,67,0.0023632892229256213
0.06,68,0.00035639226316007237
0.06,69,0.001772607447988467
0.06,70,0.0006635055288186176
0.06,71,0.004233305410738222
0.06,72,-0.0007485630615669661
0.06,73,-0.0031754824930570274
0.06,74,-0.0007481398933642106
0.06,75,0.0021734691825647766
0.06,76,-0.006666962074096859
0.06,77,0.0014626170075387507
0.06,78,-0.0011433817344776724
0.06,79,0.0016590702668685688
0.06,80,-0.001559825241225749
0.06,81,0.0020423733788325726
0.06,82,0.0024758636569539136
0.06,83,-0.003144288014018467
0.06,84,0.0015431801954294512
0.06,85,-0.0007110609362187947
0.06,86,3.4475114538295506e-5
0.06,87,0.0011696298119181553
0.06,88,-0.001994465225237944
0.06,89,-0.0006346713865697628
0.06,90,0.00029431565069344695
0.06,91,-0.0036096667575500328
0.06,92,0.0034127370398111456
0.06,93,0.001702858032155945
0.06,94,0.0028087731474591977
0.06,95,0.0007196675798101916
0.06,96,-0.0003820154805374445
0.06,97,0.0033318656833748483
0.06,98,0.00526044646896268
0.06,99,0.006529061452416839
0.06,100,0.0016397031310123045
0.06,101,0.0016035727053821452
0.06,102,0.002421644079311451
0.06,103,-0.0008669229498976628
0.06,104,0.004905711504037849
0.06,105,-0.0010528805493796704
0.06,106,0.002219509267933831
0.06,107,0.0021615870138689177
0.06,108,0.0003332122244045377
0.06,109,0.0007419451599020805
0.06,110,0.0032801858872645584
0.06,111,0.000860963661527237
0.06,112,0.000424653321703127
0.06,113,0.003388004185816263
0.06,114,-0.0030933171318561254
0.06,115,0.0014424003988004993
0.06,116,0.00040638805914321413
0.06,117,0.00012779047352007723
0.06,118,0.002231228305429819
0.06,119,0.0014255623610800758
0.06,120,-0.000962055115614487
0.06,121,0.0041630036534009715
0.06,122,0.0005102813311159797
0.06,123,0.0009807970153920217
0.06,124,0.0008443895081280857
0.06,125,0.0008689462033341311
0.06,126,0.001551786969996418
0.06,127,0.0013674152454073198
0.06,128,-0.0017412268749116605
0.06,129,-0.0006940847811549406
0.06,130,0.0002736294383716326
0.06,131,-0.0015603490131667742
0.06,132,-0.0004933040589685395
0.06,133,0.002918421273811534
0.06,134,0.0001013449724036422
0.06,135,0.00023298983135040655
0.06,136,0.0020132696707837495
0.06,137,-0.00047295361250096723
0.06,138,0.001732304540388203
0.06,139,-0.0017431084654777585
0.06,140,0.003448267103876968
0.06,141,0.0014978127615067666
0.06,142,-5.725572176334923e-5
0.06,143,0.0008721436171690271
0.06,144,0.0024686953763437824
0.06,145,-0.0007671200304627681
0.06,146,-0.0008491969969252354
0.06,147,-0.0015841591388921865
0.06,148,-0.0021345907673265213
0.06,149,-0.0021941139240615397
0.06,150,-0.00048004234149159506
0.06,151,-0.00043270885014671704
0.06,152,0.001578204718002024
0.06,153,0.002392938855590503
0.06,154,-0.002528359072297474
0.06,155,0.0007517631714608808
0.06,156,0.0025072592430875817
0.06,157,-0.0020283330485636364
0.06,158,0.005319758406215312
0.06,159,0.00189609555650987
0.06,160,0.0004424687632660123
0.06,161,-3.0133985221023085e-5
0.06,162,0.0074470903534905744
0.06,163,-0.0014734615159044937
0.06,164,0.005113563142026609
0.06,165,-0.0008284950165910648
0.06,166,0.004524552515897784
0.06,167,0.0011187119972471788
0.06,168,0.0033706864052996176
0.06,169,-0.0014061332020158352
0.06,170,0.0029069626605712972
0.06,171,-0.001700846695656949
0.06,172,0.0021602767653246422
0.06,173,0.00417474682519003
0.06,174,-0.003208277094550455
0.06,175,0.00046185705753156044
0.06,176,-0.000942549547892701
0.06,177,0.0009358628182291298
0.06,178,0.0014732372671398518
0.06,179,0.0011173328162008467
0.06,180,0.005057974411650603
0.06,181,0.005295187276886683
0.06,182,-0.00031870850607486594
0.06,183,0.00840701578945758
0.06,184,0.007591647408276989
0.06,185,-0.006078897061553696
0.06,186,0.006843852154232161
0.06,187,0.013896271984163846
0.06,188,0.0046862749035097235
0.06,189,0.023642039380379367
0.06,190,0.043756695404861566
0.06,191,0.007752912605291548
0.06,192,0.18429414347281847
0.06,193,0.012759931824607048
0.06,194,0.010586459180108018
0.06,195,-0.0006556671300049095
0.06,196,0.000990247291681847
0.06,197,0.0006375053555801938
0.06,198,-0.0002951653170891128
0.07,intercept,-0.003899407933427193
0.07,1,0.004045320359964232
0.07,2,0.0033559205677903114
0.07,3,0.004414336928872935
0.07,4,0.0029181643465343737
0.07,5,0.0030399867853782053
0.07,6,0.000608461822724488
0.07,7,0.0015015343679943179
0.07,8,0.0018091477302217198
0.07,9,0.003673714802897541
0.07,10,-3.202452389509849e-5
0.07,11,-0.001662871317802086
0.07,12,0.0021732553176500935
0.07,13,0.0013242994268213954
0.07,14,-0.0018424284750470788
0.07,15,0.0013807610451170027
0.07,16,-0.0004064094737719493
0.07,17,-0.0007461918935337614
0.07,18,0.0026837304011235875
0.07,19,0.0007800381570652668
0.07,20,0.0030438893813207646
0.07,21,-0.00203905497130828
0.07,22,0.00043444118229199393
0.07,23,0.0015034155391792695
0.07,24,0.0012494128974643488
0.07,25,-0.0005406443526762914
0.07,26,0.0037371570274698693
0.07,27,-0.0011244964618916857
0.07,28,0.0011646269235115905
0.07,29,0.0008432301832488016
0.07,30,-0.0010715247206025192
0.07,31,-0.0007896953752867767
0.07,32,-0.00035192465394010995
0.07,33,0.0006733264092264096
0.07,34,0.0009362391768307506
0.07,35,0.0005501137526976695
0.07,36,0.0003876124529064529
0.07,37,0.001381056143150384
0.07,38,-0.0010372378500860646
0.07,39,0.0003822832372387537
0.07,40,0.000697848184577796
0.07,41,-0.0024907846947721736
0.07,42,0.001397200479794799
0.07,43,0.002573527154065619
0.07,44,-0.001773175035222504
0.07,45,0.004567468865868269
0.07,46,-0.00033625552118378063
0.07,47,0.0006532405522595314
0.07,48,0.0024182024960621926
0.07,49,-0.0009946676684650152
0.07,50,0.0025064788175823173
0.07,51,-0.004249311944730432
0.07,52,0.001490992695921403
0.07,53,-0.0017090198740017577
0.07,54,0.002361868079669238
0.07,55,0.00031978876975696053
0.07,56,0.002018243263385318
0.07,57,-0.0009229681109493576
0.07,58,-0.0017515803978908335
0.07,59,0.0019963723801329557
0.07,60,0.0011008166437701588
0.07,61,-0.0008346151819459813
0.07,62,0.0023622546227602035
0.07,63,0.000914376154889453
0.07,64,0.0013141905872649565
0.07,65,-0.0006217437548695713
0.07,66,0.0003611322608309875
0.07,67,0.003888520080397885
0.07,68,-0.0013457720302254192
0.07,69,0.003201941101959602
0.07,70,-0.0011598565221078373
0.07,71,0.006377737174316203
0.07,72,-0.003114888305677215
0.07,73,-0.0012771858464193998
0.07,74,-0.0015550438698938931
0.07,75,0.0012874394253881288
0.07,76,-0.005536001181141243
0.07,77,-4.2348980571703474e-5
0.07,78,-0.0002815388814100627
0.07,79,0.0011542590967938342
0.07,80,-0.0002351842802307264
0.07,81,0.0007747651817639004
0.07,82,0.002417176408957813
0.07,83,-0.002459411287527386
0.07,84,0.0004978682424451177
0.07,85,-0.0005229721559927621
0.07,86,-0.0008988206982673995
0.07,87,0.0007983046872399463
0.07,88,-0.0008461325418938739
0.07,89,-0.00036210726301981385
0.07,90,-6.769339532389785e-5
0.07,91,-0.0023223972253882293
0.07,92,0.003071289045885845
0.07,93,0.0022419530765108065
0.07,94,0.0025096772381363844
0.07,95,0.0015538344152278463
0.07,96,-0.0012843910864832673
0.07,97,0.006503564366522444
0.07,98,0.004167156793584417
0.07,99,0.006303077393675534
0.07,100,0.002213063906135811
0.07,101,0.0018723622699775093
0.07,102,0.002119690200292957
0.07,103,-9.128446811331272e-5
0.07,104,0.004871547144072446
0.07,105,-0.00019682629862663057
0.07,106,0.0024590192212709744
0.07,107,0.0015090990262000114
0.07,108,0.0008432574812795705
0.07,109,-0.0002164641829879842
0.07,110,0.0035901863229081277
0.07,111,0.0007133596547672701
0.07,112,0.00028520932763427016
0.07,113,0.0033238495862432994
0.07,114,-0.0032295662777157225
0.07,115,0.0020997987413810936
0.07,116,9.512163151713756e-5
0.07,117,0.0012961229750938798
0.07,118,0.0017030623556821768
0.07,119,0.001410279735001585
0.07,120,-0.001714884693648916
0.07,121,0.00445822582908173
0.07,122,1.1076538149206077e-5
0.07,123,0.0016710663861898675
0.07,124,0.0017404532262742993
0.07,125,0.00026049616054158614
0.07,126,0.0013849856107874617
0.07,127,0.0010269519788526427
0.07,128,-0.001948947996307553
0.07,129,-0.0012603864829765121
0.07,130,0.0007932087531282363
0.07,131,-0.0014302321591715848
0.07,132,0.0004890114854557742
0.07,133,0.0017554999030810691
0.07,134,-0.0008812654106485831
0.07,135,0.0003167882797672371
0.07,136,0.0024378313791414362
0.07,137,-0.0004999679202191708
0.07,138,0.0022534503606932614
0.07,139,-0.0009758152025952136
0.07,140,0.002150687557905613
0.07,141,0.0024869918175974234
0.07,142,-0.00027100731432957986
0.07,143,0.001397024291231081
0.07,144,0.0027977532817338746
0.07,145,-0.000853077227164179
0.07,146,-0.0003536002012798954
0.07,147,-0.003184579258313116
0.07,148,-0.0006534120059811078
0.07,149,-0.002955497399393891
0.07,150,-0.000782634650101925
0.07,151,-0.0022012500787463645
0.07,152,0.0028878242956465244
0.07,153,0.0015680081704943824
0.07,154,-0.001551921647398696
0.07,155,0.0016416110618255263
0.07,156,0.002813513524991668
0.07,157,-0.0034859691250712834
0.07,158,0.005661159562573067
0.07,159,0.0012852394690962491
0.07,160,0.001791799639833013
0.07,161,-0.0009103814818999174
0.07,162,0.009562206320306514
0.07,163,-0.0014590591926344552
0.07,164,0.005379784792834531
0.07,165,-0.000886703606607648
0.07,166,0.0046837261916696585
0.07,167,0.0021560895958880506
0.07,168,0.0031797018499895163
0.07,169,-0.0017011082398926593
0.07,170,0.0019384332388823467
0.07,171,-0.0016521073587584855
0.07,172,0.002000599082295636
0.07,173,0.003097295391725533
0.07,174,-0.003455744933793265
0.07,175,0.00044960961392384314
0.07,176,0.0005740871612735278
0.07,177,-0.00042528825121704544
0.07,178,0.003561353484459493
0.07,179,-0.0004186491646026497
0.07,180,0.005874344121746281
0.07,181,0.006084572295475474
0.07,182,0.0012915203660161688
0.07,183,0.007848450117587807
0.07,184,0.00893275890987204
0.07,185,-0.004837652849141957
0.07,186,0.007303171535758866
0.07,187,0.015427252598263774
0.07,188,0.003199964536699794
0.07,189,0.028070829031407698
0.07,190,0.042842132303746866
0.07,191,0.006976437420088454
0.07,192,0.20761756638257942
0.07,193,0.01332216963283371
0.07,194,0.01248245240350365
0.07,195,-0.0006875668298627229
0.07,196,0.0011949807432431166
0.07,197,0.0006699704210945128
0.07,198,-0.00029447455359452295
0.08,intercept,-0.00425174999302315
0.08,1,0.0038691431413845003
0.08,2,0.003827330636473893
0.08,3,0.004999261042656384
0.08,4,0.002002998029608948
0.08,5,0.002456547727409718
0.08,6,0.0013376197937876278
0.08,7,0.0021811840767023204
0.08,8,0.0007128749950402669
0.08,9,0.0038445651041408603
0.08,10,-0.0004810288592236807
0.08,11,0.00012060662906615623
0.08,12,0.001886174735977595
0.08,13,0.0013934270963711472
0.08,14,-0.001528406798944728
0.08,15,0.00013369520891046366
0.08,16,0.0005776984914043845
0.08,17,-0.00034578682195790994
0.08,18,0.0020976525336206114
0.08,19,0.00038050082367301893
0.08,20,0.003423700170929371
0.08,21,-0.0012186375210052924
0.08,22,0.0001749217922218736
0.08,23,0.0024003990645894324
0.08,24,-9.954082278104234e-5
0.08,25,-0.0009068428290001163
0.08,26,0.004412592420781522
0.08,27,-0.002343464466971955
0.08,28,0.0008057766111700646
0.08,29,0.0012245005718696063
0.08,30,0.0006300884542284258
0.08,31,-0.00226600899305462
0.08,32,-0.0003246516994045617
0.08,33,0.0009998322970401355
0.08,34,0.0007365513748045697
0.08,35,0.0002243264083312859
0.08,36,0.000166072810675087
0.08,37,0.000986612319716511
0.08,38,-0.0011041824573986914
0.08,39,0.00066494610606982
0.08,40,0.0007577069048422613
0.08,41,-0.0020648550582021297
0.08,42,0.0015463167665989638
0.08,43,0.0027532651240225006
0.08,44,-0.0021247656330879157
0.08,45,0.004068830284665484
0.08,46,-0.0002913844595758917
0.08,47,0.0011037073242206779
0.08,48,0.0012138569144342674
0.08,49,-0.0009366256919021534
0.08,50,0.0016396774251023585
0.08,51,-0.0025360194264438165
0.08,52,0.0012472077650212106
0.08,53,-0.00046298633921964773
0.08,54,0.0018854842693113983
0.08,55,-6.0253650240971975e-5
0.08,56,0.0014333918704909784
0.08,57,-0.0023463512795226455
0.08,58,-0.0006676054842636777
0.08,59,0.002144293802199535
0.08,60,0.0006205197611743934
0.08,61,0.0004092369079072485
0.08,62,0.0007868606095362122
0.08,63,0.0013517160389428053
0.08,64,0.001099898285844937
0.08,65,0.0013692357493336612
0.08,66,-0.0002835240664136107
0.08,67,0.003622497033850051
0.08,68,-0.000756211040315757
0.08,69,0.002629646449040494
0.08,70,-0.0008102169313507692
0.08,71,0.005568869638106043
0.08,72,-0.002643334453593895
0.08,73,-0.0014279591881278214
0.08,74,-0.00033877654463125746
0.08,75,-0.0016325984908374758
0.08,76,-0.0018499643141050987
0.08,77,-0.0023425512997858663
0.08,78,0.0003944882429243887
0.08,79,0.0014562790900258945
0.08,80,-0.0011859752284877057
0.08,81,0.0007203677672500488
0.08,82,0.0011735576594457025
0.08,83,-0.0013881215400040386
0.08,84,0.0011361388208780956
0.08,85,-0.0005672129005932888
0.08,86,-0.0011815584333448733
0.08,87,-0.0003407433199877147
0.08,88,0.0009917792268384282
0.08,89,-0.00040112437008079087
0.08,90,-0.0003419575995002835
0.08,91,-0.0018460770082963838
0.08,92,0.003870484388992207
0.08,93,0.0004694504788625852
0.08,94,0.0026976368408152696
0.08,95,0.0015343470003597406
0.08,96,-0.0015662605623169821
0.08,97,0.006889942923809914
0.08,98,0.004686142455687696
0.08,99,0.006776202664731293
0.08,100,0.002104912435638796
0.08,101,0.0033567935953374263
0.08,102,0.0030205219234760816
0.08,103,-0.0007087560587121999
0.08,104,0.0047137577257482305
0.08,105,7.899609578197677e-5
0.08,106,0.0029734238973790805
0.08,107,0.001298792732477078
0.08,108,0.0013298796128626282
0.08,109,0.000590343408190842
0.08,110,0.004275660778390255
0.08,111,0.00034169471116738504
0.08,112,0.0008125966269321499
0.08,113,0.0034820150377301144
0.08,114,-0.0037835592997900237
0.08,115,0.0019847519042487083
0.08,116,0.0004224258920638262
0.08,117,0.001833417823544995
0.08,118,0.001288222917136599
0.08,119,0.0013853405032501665
0.08,120,-0.000941778556273705
0.08,121,0.004680000781165651
0.08,122,-0.0012182904446517604
0.08,123,0.0019027728448604143
0.08,124,0.0013813905343621924
0.08,125,5.846015920896002e-5
0.08,126,0.0014595396006249687
0.08,127,0.0015391863886060606
0.08,128,-0.003248823543102106
0.08,129,-0.00040021768578910077
0.08,130,0.00018637304991465703
0.08,131,-0.0008983857185367472
0.08,132,0.0004908410804384955
0.08,133,0.0021068937482679943
0.08,134,-0.0012840801376397747
0.08,135,-0.00026928024532646015
0.08,136,0.0028489106743036525
0.08,137,-0.0007642024413774922
0.08,138,0.0026459115000398003
0.08,139,-0.0012908123355256569
0.08,140,0.0015856676935254864
0.08,141,0.00249516417243914
0.08,142,0.00038453836018143673
0.08,143,0.0009535346977971904
0.08,144,0.002520449029073523
0.08,145,-0.00047479978443823174
0.08,146,-0.0011955091633048442
0.08,147,-0.002090450641160001
0.08,148,-0.0015093283618340305
0.08,149,-0.003263343189057604
0.08,150,-0.0001266399322527162
0.08,151,-0.0020905403009396973
0.08,152,0.0019706115630456853
0.08,153,0.002696252455258912
0.08,154,-0.0036765988801625623
0.08,155,0.0024973050132233426
0.08,156,0.002686157593452782
0.08,157,-0.002339425105911731
0.08,158,0.005022551702840851
0.08,159,0.0011603820210010925
0.08,160,0.0028577315877411423
0.08,161,-0.00023128205534403277
0.08,162,0.008672556288896138
0.08,163,-0.00030130998963494207
0.08,164,0.0038132562536910856
0.08,165,0.0004337964839574538
0.08,166,0.004547135111238234
0.08,167,0.0018979244368737226
0.08,168,0.003271281106383229
0.08,169,-0.0006030693600676399
0.08,170,0.0008050127954088534
0.08,171,-0.0014583548941911374
0.08,172,0.0011720510827402657
0.08,173,0.0030190007330193583
0.08,174,-0.003039368057007191
0.08,175,0.0017419752795215402
0.08,176,0.0007013137374002208
0.08,177,4.749181212947484e-5
0.08,178,0.0022191471881059612
0.08,179,-0.0002447715381749406
0.08,180,0.005301998414129099
0.08,181,0.007632990156053235
0.08,182,-0.0001579829539620484
0.08,183,0.008635340425204845
0.08,184,0.0075147365288026425
0.08,185,-0.0034719958566930497
0.08,186,0.00646036647890534
0.08,187,0.01609574935093299
0.08,188,0.006274921190889547
0.08,189,0.030396084983169685
0.08,190,0.044274000023034214
0.08,191,0.0035875367913435104
0.08,192,0.23039552859445006
0.08,193,0.013588803533481653
0.08,194,0.012697958772407736
0.08,195,-0.0006879174399136383
0.08,196,0.0013133942379741814
0.08,197,0.0006545032862557693
0.08,198,-0.0003208919954066757
0.09,intercept,-0.004442143367178965
0.09,1,0.0034950882475153853
0.09,2,0.004691165587242736
0.09,3,0.0037434318438729504
0.09,4,0.0033849719729386993
0.09,5,0.0014913068115909407
0.09,6,0.003084950509501205
0.09,7,0.0005253090391071311
0.09,8,0.0023563049574428277
0.09,9,0.005064840472176781
0.09,10,-0.00024506139316109144
0.09,11,0.0003839840056739762
0.09,12,0.0010271987676405859
0.09,13,0.0009220715373739597
0.09,14,-0.002366141233618524
0.09,15,0.0013609790265152791
0.09,16,-0.0003795118838797849
0.09,17,0.00013928813753637812
0.09,18,0.0020774541824039863
0.09,19,0.0008588798567041451
0.09,20,0.00243359673007696
0.09,21,-0.000790562899079209
0.09,22,0.0006373912104595635
0.09,23,0.0015940064195886223
0.09,24,0.0003604792334754513
0.09,25,-0.000738700662528046
0.09,26,0.0038028078747750086
0.09,27,-0.0019982925182598743
0.09,28,0.000601353844890146
0.09,29,0.0007271619717369403
0.09,30,6.953122718800256e-5
0.09,31,-0.002104883486918445
0.09,32,-0.0006297092981940977
0.09,33,0.000501934565861439
0.09,34,0.00027582640964992494
0.09,35,0.0005048240800825331
0.09,36,0.0004781738982255907
0.09,37,0.001324410759329991
0.09,38,-0.0011044601497564573
0.09,39,-3.180759854473654e-5
0.09,40,0.0023617029355732597
0.09,41,-0.002186475816202684
0.09,42,0.0019343370116563854
0.09,43,0.0022692629200170068
0.09,44,-0.0022462757287389818
0.09,45,0.003420021547507121
0.09,46,-0.00025374651437611663
0.09,47,0.001709696255409019
0.09,48,0.0008262430215463095
0.09,49,-0.0013947487851640578
0.09,50,0.00030469244444960387
0.09,51,-0.0010342034095676051
0.09,52,0.00043666240324028317
0.09,53,-0.00017623537784254578
0.09,54,0.0026272131122887566
0.09,55,-0.0004013996002671815
0.09,56,0.001977850762423735
0.09,57,-0.0017256256919004048
0.09,58,-0.0014449997269224057
0.09,59,0.0021393377256740853
0.09,60,4.572869238292513e-5
0.09,61,0.0002756247946514671
0.09,62,0.0017442130545810436
0.09,63,0.0016210893748234108
0.09,64,6.091935427900248e-6
0.09,65,0.0017807685376846
0.09,66,0.00018459220061459706
0.09,67,0.0030672988222275664
0.09,68,-0.00025289784392674796
0.09,69,0.0024392698103371277
0.09,70,0.00037411810417183094
0.09,71,0.004924476929394425
0.09,72,-0.0027140112899583044
0.09,73,-0.00017996000680029194
0.09,74,2.5328321517802022e-5
0.09,75,-0.001276047583570044
0.09,76,-0.0028003656043315266
0.09,77,-0.002369646000055134
0.09,78,0.0006603694967472622
0.09,79,-0.00043063748206577076
0.09,80,0.00018825237988745952
0.09,81,2.309286446814783e-5
0.09,82,0.000981874558145601
0.09,83,-0.0017664710155030126
0.09,84,0.0007112707729108332
0.09,85,0.0006978542838899451
0.09,86,-0.002361069197000691
0.09,87,0.0012415074015662835
0.09,88,0.0005854611899871529
0.09,89,1.3286083656196585e-5
0.09,90,-0.0012935954653126574
0.09,91,-0.0016901123639344194
0.09,92,0.003103219333398391
0.09,93,0.0006330586549987552
0.09,94,0.0036015693771280026
0.09,95,0.0007325015024932008
0.09,96,-0.0004933997055015946
0.09,97,0.006569174033496333
0.09,98,0.005006280853297341
0.09,99,0.006546437279860859
0.09,100,0.002557428899416952
0.09,101,0.004017673352643623
0.09,102,0.0041028888517601865
0.09,103,-0.0014486886816643598
0.09,104,0.004797279124945554
0.09,105,-0.00046809709567010167
0.09,106,0.002729824597767895
0.09,107,0.0009350020380175739
0.09,108,0.001950576132031875
0.09,109,-0.00011498271553524221
0.09,110,0.0035170129971983225
0.09,111,0.000455277814305578
0.09,112,0.0004092288174592093
0.09,113,0.0036643733194658408
0.09,114,-0.0033121150351556176
0.09,115,0.0014165406770177736
0.09,116,0.0006813301966346592
0.09,117,0.0009995158117757153
0.09,118,0.0019488761814543535
0.09,119,0.0007355177821375814
0.09,120,0.00034396527899773513
0.09,121,0.0031686394344244417
0.09,122,0.0007039190781990086
0.09,123,0.0010698073614129175
0.09,124,0.0016292675535750179
0.09,125,0.00013763102517410394
0.09,126,0.0015625520382568363
0.09,127,0.0005628749371968683
0.09,128,-0.003052460980559938
0.09,129,-0.0012181484671522848
0.09,130,0.00039733224376657124
0.09,131,0.0007306404496317197
0.09,132,-7.852664597796096e-5
0.09,133,0.0019515490429044316
0.09,134,-0.0016741326712454065
0.09,135,-0.00020195550575566993
0.09,136,0.003209235001445092
0.09,137,-0.0019751716754552724
0.09,138,0.0027807299108497043
0.09,139,-0.0020543667441993334
0.09,140,0.0023333264695941
0.09,141,0.0014921055728415223
0.09,142,0.0009973933612949617
0.09,143,0.0008875811182435544
0.09,144,0.00313180954762892
0.09,145,-0.00018844811432646425
0.09,146,-0.0008207286813382492
0.09,147,-0.002980655084665123
0.09,148,-0.001266891442220423
0.09,149,-0.0030119425382392853
0.09,150,0.0001470728969949016
0.09,151,-0.0032831205798958232
0.09,152,0.0017676900230149902
0.09,153,0.004016073664213711
0.09,154,-0.0043473987172105545
0.09,155,0.003777433567301372
0.09,156,0.002421953044934695
0.09,157,-0.002638456126274003
0.09,158,0.004763302075333716
0.09,159,0.002096905340669159
0.09,160,0.0021709060485478
0.09,161,-6.869257949196758e-5
0.09,162,0.008624919261512902
0.09,163,2.5883714171869845e-5
0.09,164,0.004126146555241606
0.09,165,-0.00027753436327173514
0.09,166,0.005266926008095945
0.09,167,0.002077033906254339
0.09,168,0.002090305074329369
0.09,169,-0.00028819282741974215
0.09,170,0.0008495261040565072
0.09,171,-0.00040705507670245734
0.09,172,-0.00036661138352077306
0.09,173,0.004745315231245398
0.09,174,-0.004890443827736751
0.09,175,0.0028772943086954506
0.09,176,-0.0014014867894843617
0.09,177,0.0007988890674847263
0.09,178,0.0021757855763132354
0.09,179,0.000159533933953008
0.09,180,0.006403125649415195
0.09,181,0.008073851617991758
0.09,182,-0.000678702168684491
0.09,183,0.010550185927907288
0.09,184,0.007192436291122548
0.09,185,-0.0026845633545766684
0.09,186,0.007459419513548655
0.09,187,0.014991132197211356
0.09,188,0.00783311268947484
0.09,189,0.029332480250700312
0.09,190,0.04837794760864138
0.09,191,0.0019303388084408932
0.09,192,0.24858465607869337
0.09,193,0.0149086580442636
0.09,194,0.012733028943422235
0.09,195,-0.0007510190251965695
0.09,196,0.0012128610320502953
0.09,197,0.0006766101876867865
0.09,198,-0.0002487544300180458
0.1,intercept,-0.004420025150404655
0.1,1,0.0031017865490216225
0.1,2,0.005768785596477982
0.1,3,0.003472825806323542
0.1,4,0.002544363536455363
0.1,5,0.0012438568327661807
0.1,6,0.002749272137569936
0.1,7,0.0013329985766010258
0.1,8,0.0025547396453068885
0.1,9,0.004421609323380913
0.1,10,-0.0013078154201951009
0.1,11,0.0005950213135594911
0.1,12,0.0012874208787307855
0.1,13,0.0007804041508396687
0.1,14,-0.002111248068735006
0.1,15,0.0007854812334368283
0.1,16,-0.00022909092672090435
0.1,17,8.089333062507684e-5
0.1,18,0.0018170327661858545
0.1,19,0.0017708345405578424
0.1,20,0.0018243955129713736
0.1,21,0.0001448241380862751
0.1,22,5.634787744824252e-5
0.1,23,0.0014740043899446297
0.1,24,-0.00037365424509470897
0.1,25,-0.0007558347253718093
0.1,26,0.004501186818937616
0.1,27,-0.0024344932258511796
0.1,28,0.0011277151200351258
0.1,29,0.0010943774033166979
0.1,30,0.0013278706567436958
0.1,31,-0.0032061175353617615
0.1,32,-9.96969954025217e-6
0.1,33,-0.0009447455329336039
0.1,34,0.0014325972591053826
0.1,35,9.008161137010936e-5
0.1,36,0.00025611393977193196
0.1,37,0.0006124790645250179
0.1,38,-0.0007383652578923475
0.1,39,-0.0006592718693651529
0.1,40,0.002383156904874865
0.1,41,-0.0015083507744212638
0.1,42,0.0015205132407209144
0.1,43,0.0033166801482887773
0.1,44,-0.0031187333731547916
0.1,45,0.004892299185976071
0.1,46,-0.001901821106205438
0.1,47,0.0017319112172121873
0.1,48,0.00046517650073206414
0.1,49,-0.0017890089155190362
0.1,50,0.00042203395841911376
0.1,51,-0.0006281018984384267
0.1,52,0.0008412631781203722
0.1,53,-0.0002971090853672689
0.1,54,0.001803850471627435
0.1,55,-0.0002822259840734151
0.1,56,0.0016262895562877198
0.1,57,-0.001789908737645203
0.1,58,-0.001690414302225432
0.1,59,0.002356525854770349
0.1,60,0.00020975208334467606
0.1,61,0.0014673837689274472
0.1,62,0.0006134016114076996
0.1,63,0.0034355881853008912
0.1,64,-0.0009215553763634103
0.1,65,0.0017771661650748446
0.1,66,-8.638748105163566e-5
0.1,67,0.003791154435483311
0.1,68,-0.0003798682473846233
0.1,69,0.00266143319349528
0.1,70,0.0001361816407276375
0.1,71,0.005261201400016542
0.1,72,-0.0034283101481011424
0.1,73,0.00019689349013042305
0.1,74,0.0013196235512257877
0.1,75,-0.0015526154325653109
0.1,76,-0.005173795174051398
0.1,77,-0.0004947312515825326
0.1,78,5.7473943282464634e-5
0.1,79,-0.0012292438256505448
0.1,80,0.0016383547924433174
0.1,81,0.0004584750018204748
0.1,82,-0.0005324654199874262
0.1,83,-0.0031032340342068204
0.1,84,0.0021140259487790252
0.1,85,7.223551257161857e-5
0.1,86,-0.0006430749148574503
0.1,87,-0.0005840017986699855
0.1,88,-9.030332252172094e-5
0.1,89,0.0005848298794564783
0.1,90,-0.0006851831139258966
0.1,91,-0.0015103728053887553
0.1,92,0.002373492803268369
0.1,93,0.0014236006661210415
0.1,94,0.0036766264251428013
0.1,95,-0.0006135708915981019
0.1,96,-0.0002898201642850751
0.1,97,0.006521061813230147
0.1,98,0.005288099027339942
0.1,99,0.005963070478480319
0.1,100,0.002866274603920765
0.1,101,0.003963415917618196
0.1,102,0.003915383444195456
0.1,103,0.0007739272459005925
0.1,104,0.0036243019993636347
0.1,105,0.0011300001380102494
0.1,106,0.00305374752484218
0.1,107,0.0005155472717616285
0.1,108,0.0019153105096780434
0.1,109,0.00011141846231531729
0.1,110,0.0031018000487898893
0.1,111,0.0003065130275377832
0.1,112,0.0007747170935669794
0.1,113,0.0029830937101345146
0.1,114,-0.0035731864560488856
0.1,115,0.0009000549289712788
0.1,116,0.0015376465118969846
0.1,117,-0.0004910430199253642
0.1,118,0.0028013509543405647
0.1,119,0.00030169138423648853
0.1,120,0.0010640577367815578
0.1,121,0.0021523160245816297
0.1,122,0.0013147952057766296
0.1,123,0.0012154344731109023
0.1,124,0.0009139120867492952
0.1,125,0.00037705584469243584
0.1,126,0.0010877113637933642
0.1,127,0.0020912491305754353
0.1,128,-0.004178794899269958
0.1,129,-0.0007615485203573601
0.1,130,-0.0006547460346132556
0.1,131,0.0010383052658682287
0.1,132,-0.0007084061943688855
0.1,133,0.001772092034033275
0.1,134,-0.0016839378627948058
0.1,135,-5.795824063741669e-5
0.1,136,0.004019324667565449
0.1,137,-0.0022677103443074173
0.1,138,0.002650591496099955
0.1,139,-0.0017081003966266167
0.1,140,0.002006248733977885
0.1,141,0.002059481524684817
0.1,142,0.001521083741898551
0.1,143,0.0003875622090294117
0.1,144,0.0020157844067359987
0.1,145,7.217676755279278e-5
0.1,146,-0.0011175559872115242
0.1,147,-0.001344426096788349
0.1,148,-0.000724725097590826
0.1,149,-0.005062642715725513
0.1,150,0.0013147907194855286
0.1,151,-0.004874257222978206
0.1,152,0.0031947060064201694
0.1,153,0.003545553640784507
0.1,154,-0.0035721113271225792
0.1,155,0.0033325768978471944
0.1,156,0.0030321200701068207
0.1,157,-0.002779100080132613
0.1,158,0.00404067487415518
0.1,159,0.0019946248048861234
0.1,160,0.003258311506995229
0.1,161,-0.00112636958501716
0.1,162,0.009299153043679804
0.1,163,-4.841190029873243e-5
0.1,164,0.00506655898738196
0.1,165,-0.0009565305357334251
0.1,166,0.004890584959432189
0.1,167,0.0029275901373328984
0.1,168,0.0008270525261167514
0.1,169,0.0002331715856855668
0.1,170,0.0002925804135150386
0.1,171,-0.00042104921915730125
0.1,172,-0.0014568392652717197
0.1,173,0.004413848100373161
0.1,174,-0.005327829329546595
0.1,175,0.0036494468990432584
0.1,176,-0.0009090478862639425
0.1,177,0.0022421956406093045
0.1,178,0.0025545438884128765
0.1,179,8.565723976381257e-5
0.1,180,0.005359117275765295
0.1,181,0.007542921146606677
0.1,182,0.0006423670920852936
0.1,183,0.009403607220164166
0.1,184,0.007790416678103063
0.1,185,-0.004994804636498757
0.1,186,0.012041370313503462
0.1,187,0.0140396245981133
0.1,188,0.009462524671935788
0.1,189,0.030112387351743715
0.1,190,0.048937108292352524
0.1,191,0.004711733518299441
0.1,192,0.26817670525048465
0.1,193,0.014048214138573434
0.1,194,0.013260676398509674
0.1,195,-0.0009394534705505818
0.1,196,0.0012273334926915117
0.1,197,0.0006873390323844284
0.1,198,-0.00019096335865001045
0.11,intercept,-0.004457103482472773
0.11,1,0.0032956126061380194
0.11,2,0.0062237911490068635
0.11,3,0.0032156698606771662
0.11,4,0.00356953903363146
0.11,5,0.0023779321238815896
0.11,6,0.0017405252822341453
0.11,7,0.0017304876298584247
0.11,8,0.0027246282720740133
0.11,9,0.0035488543187996947
0.11,10,-0.00150617667226898
0.11,11,3.862558098088513e-5
0.11,12,0.0022639068085963834
0.11,13,-0.00012188622163098385
0.11,14,-0.000618819837217074
0.11,15,0.0006774021633081203
0.11,16,-0.0012057469621044052
0.11,17,-0.0008020702718915275
0.11,18,0.0024972039442633107
0.11,19,0.001397677873937779
0.11,20,0.0014030717411189378
0.11,21,-0.0003874821956009064
0.11,22,0.0013555002081007922
0.11,23,0.0011799324070427331
0.11,24,-0.00032466624163656285
0.11,25,-0.0004101840065756597
0.11,26,0.004451436834359062
0.11,27,-0.0031052033853430643
0.11,28,0.0024505386537455767
0.11,29,0.0006373992124533692
0.11,30,0.000604849370944762
0.11,31,-0.0024925187278116516
0.11,32,5.338409551551778e-5
0.11,33,-0.0016180644879724407
0.11,34,0.001320375293599109
0.11,35,-0.0005701357955865435
0.11,36,0.0008646682227799296
0.11,37,0.00021734372074979822
0.11,38,-0.0004778580503066018
0.11,39,-0.0025088754028682963
0.11,40,0.004180639447282576
0.11,41,-0.002059562112933031
0.11,42,0.0027696884593531967
0.11,43,0.0019163951558857962
0.11,44,-0.0018666053117095975
0.11,45,0.003355331174153808
0.11,46,-0.0005194455689167746
0.11,47,0.0011986728407385684
0.11,48,0.0007821849604479061
0.11,49,-0.0025442053289467855
0.11,50,0.0019974586813596043
0.11,51,-0.0016409892157412363
0.11,52,0.0008936327411559173
0.11,53,-0.00039144159704545514
0.11,54,0.0016349242532038468
0.11,55,-0.0013836096923365525
0.11,56,0.0017000191118847006
0.11,57,-0.001409254003326179
0.11,58,-0.0012446496839574452
0.11,59,0.003053588877491027
0.11,60,-0.0007597991038207891
0.11,61,0.0019461995017844087
0.11,62,-0.0002846754480393342
0.11,63,0.003871436096249295
0.11,64,-0.0009517262700609326
0.11,65,0.003447784478907522
0.11,66,-0.0009416060359038323
0.11,67,0.0036210197080163414
0.11,68,-0.0008407292527029437
0.11,69,0.002668069619694536
0.11,70,0.0002267702547862537
0.11,71,0.00545130051872146
0.11,72,-0.003317541721500829
0.11,73,-0.0005066914412275369
0.11,74,0.0017975121144593405
0.11,75,-0.002204029828936834
0.11,76,-0.004991476494578344
0.11,77,-0.0008069586934797207
0.11,78,-6.979524180339554e-5
0.11,79,-0.0016230278327390632
0.11,80,0.001877174365806304
0.11,81,-0.000602672004971278
0.11,82,0.00020661980540555308
0.11,83,-0.0017623863111252977
0.11,84,0.0001861770356780601
0.11,85,-0.0006255451671864438
0.11,86,0.000395204350154353
0.11,87,0.0005292449307689255
0.11,88,-0.0009705270938633535
0.11,89,0.0030899246208696404
0.11,90,-0.0010806807015007816
0.11,91,-0.0013068607429809022
0.11,92,0.0014403778816912743
0.11,93,0.0011610622363272048
0.11,94,0.0040858734905206305
0.11,95,-0.0014822676531051522
0.11,96,-3.5861441332118726e-5
0.11,97,0.007611621810504326
0.11,98,0.006344502539689533
0.11,99,0.005701759602657757
0.11,100,0.004306977931836426
0.11,101,0.003722331725725446
0.11,102,0.0022611722279568206
0.11,103,0.0024904039776659213
0.11,104,0.0025926571847978723
0.11,105,0.0009430084661073299
0.11,106,0.003456999402018419
0.11,107,0.0011247068008694455
0.11,108,0.0008101003955254796
0.11,109,0.0005696544084050064
0.11,110,0.002393303463986868
0.11,111,0.0006203972429301222
0.11,112,0.0007529463426178165
0.11,113,0.0018838367033737619
0.11,114,-0.0025965308271832
0.11,115,0.0009189575692365713
0.11,116,0.0010495662756880473
0.11,117,0.00014179035123947436
0.11,118,0.0018150869925865876
0.11,119,0.0010120608364947864
0.11,120,-0.0001058601826864318
0.11,121,0.0026261583879899296
0.11,122,0.0009144711997974756
0.11,123,0.0010901107824831861
0.11,124,0.0008436023833944153
0.11,125,0.0005745400586091371
0.11,126,0.000609598383653206
0.11,127,0.0022041906068081137
0.11,128,-0.0036559030028463562
0.11,129,-0.001221126584923653
0.11,130,-4.457718166057877e-6
0.11,131,0.0007965440814035101
0.11,132,-0.0010822957889161948
0.11,133,0.0017761853837643348
0.11,134,-0.0013704702589446593
0.11,135,0.0004114855983060045
0.11,136,0.00443596542978745
0.11,137,-0.0025797250515766654
0.11,138,0.003554519708174154
0.11,139,-0.0030579422188341115
0.11,140,0.0024297780973409518
0.11,141,0.0017501737772191795
0.11,142,0.0014219023405695444
0.11,143,5.114458035548853e-5
0.11,144,0.0011831805885469796
0.11,145,0.0002950190339176218
0.11,146,-0.0006941888231572358
0.11,147,-0.002355995903685335
0.11,148,0.0004334984342098402
0.11,149,-0.005046920654885947
0.11,150,0.0014608951961187435
0.11,151,-0.004634444198254879
0.11,152,0.004287658170027546
0.11,153,0.00248742822444571
0.11,154,-0.0021065506199846175
0.11,155,0.002544490381977462
0.11,156,0.0030123247125137384
0.11,157,-0.0031665088696879026
0.11,158,0.004810418709350804
0.11,159,0.0014304439233748093
0.11,160,0.003455731801440201
0.11,161,-0.0031598391129609507
0.11,162,0.011635292407006137
0.11,163,-0.00014097697170825362
0.11,164,0.004647254414057343
0.11,165,-0.0010604273385255646
0.11,166,0.006030257105657839
0.11,167,0.0027422196543309177
0.11,168,0.0007071683092905243
0.11,169,0.0005676921577814271
0.11,170,-0.0006552693358551953
0.11,171,0.0007030551234581558
0.11,172,-0.002502836560599959
0.11,173,0.004616997805438102
0.11,174,-0.004337653100595779
0.11,175,0.0020272597366029757
0.11,176,0.0012108946174064251
0.11,177,0.001635938758794566
0.11,178,0.0027861711448794245
0.11,179,-0.00046392334432493915
0.11,180,0.006073704253535648
0.11,181,0.006440056628561014
0.11,182,0.0006678720158566577
0.11,183,0.009433087040465951
0.11,184,0.008747969603992621
0.11,185,-0.0045827638548572415
0.11,186,0.01128501686797364
0.11,187,0.014732954767134042
0.11,188,0.010024158272523747
0.11,189,0.02922450634648617
0.11,190,0.05237745183061803
0.11,191,0.002402335361271252
0.11,192,0.2869741309886015
0.11,193,0.01445078153003587
0.11,194,0.013217804263548025
0.11,195,-0.0010696717332560623
0.11,196,0.0012430829551475214
0.11,197,0.0007051801211069155
0.11,198,-0.00015373051421704864
0.12,intercept,-0.004708223737721656
0.12,1,0.004519900583842789
0.12,2,0.004599361534087502
0.12,3,0.0047429520134622425
0.12,4,0.0020507311363335986
0.12,5,0.003294751686651646
0.12,6,0.00030448581711357023
0.12,7,0.0025856467465539008
0.12,8,0.00339338769051209
0.12,9,0.004282278683923322
0.12,10,-0.0010177303144835944
0.12,11,-0.0005596184146154187
0.12,12,0.0024525600562291645
0.12,13,-0.0006218481835086885
0.12,14,-0.0006347719265180963
0.12,15,0.0007050660362746844
0.12,16,-0.0010369418246634107
0.12,17,-0.0010642252554823766
0.12,18,0.0019383922805700604
0.12,19,0.0010500582301813726
0.12,20,0.001852306926164974
0.12,21,0.00025499065954945587
0.12,22,0.001027265085911211
0.12,23,0.0011597277623146347
0.12,24,-0.0007896600590056148
0.12,25,0.0004043230256380243
0.12,26,0.004428940474158405
0.12,27,-0.0033489260275538124
0.12,28,0.0029795550927743247
0.12,29,-0.0004921325739823157
0.12,30,0.0010464099975012356
0.12,31,-0.0026866689728320685
0.12,32,0.00046585822880942197
0.12,33,-0.001459381057576893
0.12,34,0.0003557726360251727
0.12,35,-0.0008739116992893876
0.12,36,6.803620479714251e-5
0.12,37,0.0016198221486607325
0.12,38,-0.0013388122752073415
0.12,39,-0.0009588784618041715
0.12,40,0.0031195430250841854
0.12,41,-0.0016422265567098183
0.12,42,0.0025636735298125266
0.12,43,0.0019241510807533394
0.12,44,-0.0012201995523503323
0.12,45,0.0037101037786863413
0.12,46,-0.00011421233526013507
0.12,47,0.0007767774277321287
0.12,48,-0.00020385456762087422
0.12,49,-0.0020688719898210644
0.12,50,0.0012434786068834995
0.12,51,-0.001982293163066581
0.12,52,0.0005051159506335974
0.12,53,-0.0002566533332821962
0.12,54,0.0023784148820080774
0.12,55,-0.001476885950782024
0.12,56,0.0018039666458887146
0.12,57,0.00010932310975285375
0.12,58,-0.0031850752870480827
0.12,59,0.003346875458473671
0.12,60,-0.00026379594812024073
0.12,61,0.0017083627536840177
0.12,62,-0.0009952901444232262
0.12,63,0.0039334282312627755
0.12,64,0.0011581230706005866
0.12,65,0.0028633651561744042
0.12,66,-0.00022500696984393707
0.12,67,0.002368278864825779
0.12,68,-0.0005669284159159712
0.12,69,0.002332778973861848
0.12,70,-0.0005563539855945805
0.12,71,0.005887772967278974
0.12,72,-0.0022200206610570954
0.12,73,-0.0016530779520934125
0.12,74,0.0024077653098309934
0.12,75,-0.0035773113695043057
0.12,76,-0.004663746352630687
0.12,77,0.00012192448670762298
0.12,78,-0.00027011932358666526
0.12,79,-0.0005941258006200024
0.12,80,0.001030049098384418
0.12,81,0.0002115253389180711
0.12,82,-0.0010185988750741155
0.12,83,-0.001127188539053338
0.12,84,0.0001482990675675305
0.12,85,-0.0009293522873482344
0.12,86,-0.001075453768240408
0.12,87,0.0016860911613670298
0.12,88,-0.0007279030126147957
0.12,89,0.0024881772714415583
0.12,90,-0.0007876120626316417
0.12,91,-0.00196054456967125
0.12,92,0.0021524911609536253
0.12,93,0.0020886595293734675
0.12,94,0.00449849479312726
0.12,95,-0.0013984663462228571
0.12,96,0.0003185310374534888
0.12,97,0.008010763851006308
0.12,98,0.006716196323307899
0.12,99,0.006252594915245447
0.12,100,0.003302195373637499
0.12,101,0.003816592217601963
0.12,102,0.0021348054906374556
0.12,103,0.0029460715477827313
0.12,104,0.002592379985109657
0.12,105,0.0007669409273317883
0.12,106,0.003948482835167016
0.12,107,0.0007421521180019276
0.12,108,0.0005403561852602773
0.12,109,0.0011994252977226524
0.12,110,0.0023013103606592845
0.12,111,9.318865464492627e-5
0.12,112,0.0012671892887218806
0.12,113,0.0012115379517213885
0.12,114,-0.0022913806673466285
0.12,115,0.0010579988241357354
0.12,116,0.0008172622974640527
0.12,117,0.0005275118954808477
0.12,118,0.0011095225555256504
0.12,119,0.0017291282469410463
0.12,120,-0.0010172706110061912
0.12,121,0.0024506960860171266
0.12,122,0.0005251889781115875
0.12,123,0.0015659982547288646
0.12,124,0.00038659788140586325
0.12,125,0.00020634009026091198
0.12,126,0.0007698226679229789
0.12,127,0.0014537353413453175
0.12,128,-0.002795584561852963
0.12,129,-0.0011825586204543166
0.12,130,-0.00045969339066669025
0.12,131,0.0012076349594643682
0.12,132,-0.0013368027754367005
0.12,133,0.002022326819073879
0.12,134,-0.001749267263040932
0.12,135,-9.04662393706609e-5
0.12,136,0.004634440309636286
0.12,137,-0.003076335472812482
0.12,138,0.003741433800436676
0.12,139,-0.0025059690351215418
0.12,140,0.0013397617883799374
0.12,141,0.0020830723978486156
0.12,142,0.0006392173375836665
0.12,143,0.0010683718992499011
0.12,144,0.001087172180872888
0.12,145,0.00022469517139868741
0.12,146,-0.0005428822406761141
0.12,147,-0.0015155909942736118
0.12,148,0.00017891442954770813
0.12,149,-0.004460512980166081
0.12,150,0.00014678463832707252
0.12,151,-0.00391322477566223
0.12,152,0.0034473694042778664
0.12,153,0.0033227284623529264
0.12,154,-0.002067139709529418
0.12,155,0.0037935535855062497
0.12,156,0.003050978843685185
0.12,157,-0.004722544698377426
0.12,158,0.006917259634120822
0.12,159,0.0011764205519083977
0.12,160,0.0033086330221875973
0.12,161,-0.001752870604557947
0.12,162,0.010230207551635903
0.12,163,-0.0007987462943426392
0.12,164,0.004668872600554394
0.12,165,0.0005722895624457243
0.12,166,0.005323136461129308
0.12,167,0.003632682074282586
0.12,168,-0.0010052549000590162
0.12,169,0.0008869240327417386
0.12,170,-0.0005353441732027703
0.12,171,0.0004153339643820383
0.12,172,-0.0018764095180516052
0.12,173,0.005639610147342183
0.12,174,-0.007205261081394913
0.12,175,0.00284616040961948
0.12,176,0.00045076233996300523
0.12,177,0.0018612287257760993
0.12,178,0.00484484809450446
0.12,179,-0.00021460134393377052
0.12,180,0.00546472828188737
0.12,181,0.006875766096051238
0.12,182,9.17423734306456e-5
0.12,183,0.00915247276421476
0.12,184,0.009629311213718976
0.12,185,-0.004924793357941827
0.12,186,0.012073326904018128
0.12,187,0.0137535112274803
0.12,188,0.011519664552672424
0.12,189,0.027616758318773287
0.12,190,0.053993264745078116
0.12,191,0.0030367581617632197
0.12,192,0.30583158987000036
0.12,193,0.01498094504970305
0.12,194,0.013701185597384133
0.12,195,-0.0010398335027739225
0.12,196,0.0012178875993598612
0.12,197,0.0006912988085390712
0.12,198,-0.0002548691575167848
0.13,intercept,-0.0045817970365953815
0.13,1,0.004879509406266197
0.13,2,0.004440724267645844
0.13,3,0.004202162043804629
0.13,4,0.0025978808100301626
0.13,5,0.003232014402737972
0.13,6,0.0010328818081630782
0.13,7,0.0013394709404300684
0.13,8,0.00397965987892611
0.13,9,0.003718354615041509
0.13,10,-0.0009225502164669233
0.13,11,-0.0007309258950860699
0.13,12,0.002193519027014026
0.13,13,-6.434116692324501e-5
0.13,14,-0.00018330816297848528
0.13,15,-0.00023693901562949236
0.13,16,-0.0004588658376559225
0.13,17,-0.0010988133105108758
0.13,18,0.002377620595595612
0.13,19,0.0005131622809221855
0.13,20,0.0016081773652064778
0.13,21,-0.0004647522931983685
0.13,22,0.0021526244879795545
0.13,23,0.0002780822277658915
0.13,24,-0.00017193181886517847
0.13,25,0.00013210470760740322
0.13,26,0.0039938566430859235
0.13,27,-0.002928832829410774
0.13,28,0.0032064717112297095
0.13,29,-0.0003654629451403164
0.13,30,0.0005930081289941013
0.13,31,-0.0033409530642581676
0.13,32,0.0004664198739210101
0.13,33,-0.00105674793595662
0.13,34,-8.448183994108865e-5
0.13,35,-0.0007382040262985748
0.13,36,-0.0003452343132997424
0.13,37,0.0015343602556707715
0.13,38,-0.0011939249781787293
0.13,39,-0.0004716874359070845
0.13,40,0.003327350998837612
0.13,41,-0.0016933422235450727
0.13,42,0.002936079288640642
0.13,43,0.0014363753745890654
0.13,44,-0.0005383162260473337
0.13,45,0.0027442558842729506
0.13,46,-0.00014041911726354924
0.13,47,0.0010521723504729175
0.13,48,-0.0009440271417029081
0.13,49,-0.0014267805775861344
0.13,50,0.0007076036950404577
0.13,51,-0.0024580357396668836
0.13,52,0.0009424787309361516
0.13,53,-0.0002751171367602241
0.13,54,0.002132360561346362
0.13,55,-0.001394709095298977
0.13,56,0.0018831630014495622
0.13,57,-0.0003529831017525933
0.13,58,-0.0011982781067489529
0.13,59,0.0024421443720137946
0.13,60,-0.00021333287642708092
0.13,61,0.001380265681486594
0.13,62,-0.0009350189242083372
0.13,63,0.004812210257814262
0.13,64,0.0005738779494431213
0.13,65,0.003329280558767472
0.13,66,-0.0006680379694664876
0.13,67,0.0025263993569302357
0.13,68,-0.00021378049327366058
0.13,69,0.001805487043742441
0.13,70,-0.0002561433088399869
0.13,71,0.005310985341145939
0.13,72,-0.0020710471825457592
0.13,73,-0.001411410496191361
0.13,74,0.0017705331887754969
0.13,75,-0.003400423396398185
0.13,76,-0.003842983686367491
0.13,77,0.0004055831912501925
0.13,78,-0.0005866621543643243
0.13,79,-0.0014257539485778696
0.13,80,0.0011600682155880624
0.13,81,-0.0006066675085448997
0.13,82,-0.0008164066916237117
0.13,83,0.00015722240819532337
0.13,84,-0.0004022630404256828
0.13,85,-0.0006325209947159165
0.13,86,-0.00029277090776502046
0.13,87,0.0016968513705353924
0.13,88,-0.0007547917489397067
0.13,89,0.001825204945025001
0.13,90,-0.0013795942476705428
0.13,91,-0.000698471649265242
0.13,92,0.002542775684529487
0.13,93,0.0028537563579297803
0.13,94,0.004565220888025888
0.13,95,-0.000724257782199481
0.13,96,0.0005762810355619924
0.13,97,0.007798684796285599
0.13,98,0.0067392386631645405
0.13,99,0.00532347198836509
0.13,100,0.004692591203756301
0.13,101,0.0038198635979959246
0.13,102,0.002076091832683603
0.13,103,0.002683672756172068
0.13,104,0.0023432300769750413
0.13,105,0.00045298591775375796
0.13,106,0.004204814915717276
0.13,107,-4.5279870354429686e-5
0.13,108,0.0017314875322782908
0.13,109,0.0007285618630213806
0.13,110,0.0022250156718035406
0.13,111,0.0004598499530727558
0.13,112,0.0006887721722550491
0.13,113,0.0008102818327834886
0.13,114,-0.0026305202683240946
0.13,115,0.000750004613859678
0.13,116,0.0023633393031752704
0.13,117,0.00013082952337233302
0.13,118,0.0011103554560201396
0.13,119,0.0014759099116863675
0.13,120,-0.0013444512000384675
0.13,121,0.0020272648851238184
0.13,122,0.0009005781249828658
0.13,123,0.0019503384584262005
0.13,124,-0.0002716584520526022
0.13,125,0.0005235316676695293
0.13,126,0.00094673614991802
0.13,127,0.0006658346142841059
0.13,128,-0.002253634042237261
0.13,129,-0.0017221818605761751
0.13,130,-0.0005493983739483958
0.13,131,0.000633359479068541
0.13,132,-0.0004963805109837175
0.13,133,0.0011718726614169876
0.13,134,-0.0014895531931295783
0.13,135,-0.0003435175876381
0.13,136,0.004126830468395477
0.13,137,-0.0027767337614261443
0.13,138,0.003250395553676558
0.13,139,-0.0016410632611881708
0.13,140,0.0011633452787542886
0.13,141,0.0033360863586517522
0.13,142,-0.00045147367957667795
0.13,143,0.0016703217949822055
0.13,144,0.0017581851562060073
0.13,145,-0.00045782342381600285
0.13,146,-0.00044298763914351957
0.13,147,-0.001981031932704912
0.13,148,-0.00033550890469010624
0.13,149,-0.003299386124679574
0.13,150,-0.0003173188636895978
0.13,151,-0.004478958487183647
0.13,152,0.003162765660458918
0.13,153,0.0028885667554532824
0.13,154,-0.0009121397241950108
0.13,155,0.004285710590454679
0.13,156,0.002784835547974157
0.13,157,-0.004369601329871941
0.13,158,0.006824717235911867
0.13,159,0.0006907965990676859
0.13,160,0.0027703872278201543
0.13,161,-0.0023912223204055625
0.13,162,0.01207977120298261
0.13,163,-0.0011691562451086363
0.13,164,0.005304380653994692
0.13,165,0.0009790793134298148
0.13,166,0.004570253191927687
0.13,167,0.003047172281309161
0.13,168,-0.000477707388555442
0.13,169,9.803370564703934e-5
0.13,170,-6.468476848372985e-5
0.13,171,-0.00047446147196533934
0.13,172,-0.0015996141425458127
0.13,173,0.005144821972283307
0.13,174,-0.006380090041774534
0.13,175,0.00262223758325134
0.13,176,0.0006782628920497998
0.13,177,0.0019155849183613643
0.13,178,0.005586941594834906
0.13,179,0.0010947121311784993
0.13,180,0.004539443106210232
0.13,181,0.006336793414070078
0.13,182,-0.0010458003154112118
0.13,183,0.008691918315376138
0.13,184,0.01001376488831515
0.13,185,-0.0035432140863141583
0.13,186,0.013011585212856754
0.13,187,0.015239435016001363
0.13,188,0.009865110455467691
0.13,189,0.02668685764931718
0.13,190,0.05736820531572698
0.13,191,0.0043348251877269334
0.13,192,0.31423097470534084
0.13,193,0.015365288861900164
0.13,194,0.013042602303889159
0.13,195,-0.0010300811997164872
0.13,196,0.0011192034696183267
0.13,197,0.0007048526116542599
0.13,198,-0.00022294068668591606
0.14,intercept,-0.004452193028881278
0.14,1,0.005146638914327096
0.14,2,0.0056375735207597165
0.14,3,0.0038904317430948757
0.14,4,0.002003871563533261
0.14,5,0.002869566927928781
0.14,6,0.000324573748688247
0.14,7,0.0020662897755601563
0.14,8,0.003516833366941977
0.14,9,0.004634642543908488
0.14,10,-0.0015159074392403443
0.14,11,-0.0009013409949395012
0.14,12,0.0023724297909251337
0.14,13,-0.0006809388731936587
0.14,14,-0.0005014088902906413
0.14,15,0.000902079380310631
0.14,16,-0.0010673229762444573
0.14,17,-0.001212736456284692
0.14,18,0.0015649816036493358
0.14,19,0.0016008790219871317
0.14,20,0.0011922152961269783
0.14,21,0.000344239574800799
0.14,22,0.001928419668887685
0.14,23,-0.0003414027259789814
0.14,24,-9.726557427578702e-5
0.14,25,0.00040287608700545474
0.14,26,0.0035320173433205705
0.14,27,-0.0028160151586127937
0.14,28,0.00274673514449505
0.14,29,-0.00013918941617529435
0.14,30,-0.0003170322727584596
0.14,31,-0.003073241074544456
0.14,32,0.0006852423147204082
0.14,33,-0.001476675702057618
0.14,34,0.0002645969547503788
0.14,35,-0.0015103673691887003
0.14,36,0.0009333021299911435
0.14,37,0.0007607288729743322
0.14,38,-0.000984230085037798
0.14,39,-0.00046349775493627636
0.14,40,0.0029103861305602727
0.14,41,-0.001967698248889507
0.14,42,0.003183875723480055
0.14,43,0.0009547765937450968
0.14,44,-0.00033404315570518216
0.14,45,0.0020681243608964765
0.14,46,0.00016782855026614628
0.14,47,0.0014877526100319624
0.14,48,-0.0008670616995803112
0.14,49,-0.002353960126970925
0.14,50,0.00045801652662100104
0.14,51,-0.001868540728354314
0.14,52,0.0002586945293894413
0.14,53,0.00010091951070812717
0.14,54,0.0017363294158732271
0.14,55,-0.0001823384016502482
0.14,56,0.001488932172051012
0.14,57,-0.0008022460517235027
0.14,58,-0.00024090222394818983
0.14,59,0.000879816419097647
0.14,60,0.00025538222998882585
0.14,61,0.0017224418988092654
0.14,62,-0.0010061354589644292
0.14,63,0.00502815722080865
0.14,64,0.0014795517033346537
0.14,65,0.0027507095056192796
0.14,66,-0.0004121551344445516
0.14,67,0.002639875608673867
0.14,68,0.0002139223109959831
0.14,69,0.0014713242797582996
0.14,70,-0.00048319150891817567
0.14,71,0.004190143208478658
0.14,72,-0.0011778003051489184
0.14,73,-0.0015076348117781652
0.14,74,0.0010852998738600256
0.14,75,-0.0033310937718585964
0.14,76,-0.0035788152445192494
0.14,77,0.00045527458552142315
0.14,78,-0.001304696780719221
0.14,79,-0.0017233825859097698
0.14,80,0.0017880211307829317
0.14,81,-0.0005027236682346338
0.14,82,0.00032038099251453393
0.14,83,-0.0012672933370555483
0.14,84,-6.584426134840984e-6
0.14,85,0.0006434666096334953
0.14,86,-0.00048027070858525594
0.14,87,0.0011706953225968193
0.14,88,-0.0005435253123955736
0.14,89,0.001330255906339862
0.14,90,-0.0016758124133726584
0.14,91,-0.0003398630862765848
0.14,92,0.0027066780435209305
0.14,93,0.003911530839746581
0.14,94,0.0033720529712092467
0.14,95,-0.0005320144560804549
0.14,96,0.0004459251627385667
0.14,97,0.006358875615795382
0.14,98,0.008110233278134777
0.14,99,0.005203430340943674
0.14,100,0.0062601761964616205
0.14,101,0.003311330289217161
0.14,102,0.0017024709905578855
0.14,103,0.003186621822573439
0.14,104,0.0025690084753634047
0.14,105,0.0007464140033415507
0.14,106,0.00408572892681594
0.14,107,-0.0001831925600593415
0.14,108,0.001705034260045223
0.14,109,0.00035812355272492796
0.14,110,0.0018943136070609637
0.14,111,0.0007426578618039091
0.14,112,0.000906448937361744
0.14,113,0.0008629379265479386
0.14,114,-0.0025239931341465393
0.14,115,-3.149778054356034e-5
0.14,116,0.002181181935247642
0.14,117,-0.00042225319776129333
0.14,118,0.0016728678495902083
0.14,119,0.0014409371729235646
0.14,120,-0.0011555690891827133
0.14,121,0.001963337473639408
0.14,122,0.0010180631382253652
0.14,123,0.0017886025236804218
0.14,124,-0.00048250511858221955
0.14,125,0.00021862733194731644
0.14,126,0.0013656253495506463
0.14,127,8.076590222093185e-5
0.14,128,-0.0019135740499101265
0.14,129,-0.001981510502452041
0.14,130,-0.0009634599085582184
0.14,131,0.00025543017924313353
0.14,132,4.699736263926289e-5
0.14,133,0.0008482998243356672
0.14,134,-0.0007495066301036414
0.14,135,-0.0005867230809218278
0.14,136,0.004128275950613833
0.14,137,-0.0029671025270042784
0.14,138,0.0034007965346543947
0.14,139,-0.0017220148702568807
0.14,140,0.0008768536461052481
0.14,141,0.004377489124871436
0.14,142,-0.0006664327459425616
0.14,143,0.002016224372540362
0.14,144,0.0011394004937283723
0.14,145,-0.0005549502586426906
0.14,146,-0.0005846220397972921
0.14,147,-0.000946345051970594
0.14,148,-0.0015135001307379227
0.14,149,-0.00217746012670062
0.14,150,-0.002195322113706065
0.14,151,-0.002023031903390087
0.14,152,0.0025179115331516013
0.14,153,0.0037323173744771903
0.14,154,-0.0017919246930104492
0.14,155,0.004633016594314915
0.14,156,0.001977932494004965
0.14,157,-0.003343232304176095
0.14,158,0.00691654317503521
0.14,159,0.0007512508865018802
0.14,160,0.003096454520068611
0.14,161,-0.003056635090173864
0.14,162,0.01130453952854015
0.14,163,-0.001102262999989094
0.14,164,0.005083408426777918
0.14,165,0.001973368837796114
0.14,166,0.0037601382470491326
0.14,167,0.004159257474167737
0.14,168,-0.0026944397255485447
0.14,169,0.003993765915559807
0.14,170,-0.0013430094381463396
0.14,171,-0.0007818517227741687
0.14,172,-0.0007254454622926655
0.14,173,0.003086958001101337
0.14,174,-0.004236174837778368
0.14,175,0.0025516409095502073
0.14,176,0.001096125836852218
0.14,177,0.0021471595436697005
0.14,178,0.0057062588021906625
0.14,179,0.0002341824861758838
0.14,180,0.004276379221819499
0.14,181,0.005919985030688991
0.14,182,-0.00010234706838220647
0.14,183,0.007136398049208861
0.14,184,0.012132146097011742
0.14,185,-0.003620216909682226
0.14,186,0.013793192791156527
0.14,187,0.012325144685959757
0.14,188,0.011519758579953845
0.14,189,0.02819261306413798
0.14,190,0.05887035858060349
0.14,191,0.004763481573854332
0.14,192,0.32880687705323036
0.14,193,0.014699090195338138
0.14,194,0.012509286660042052
0.14,195,-0.0011808195897645044
0.14,196,0.0009490819694199251
0.14,197,0.000731127949396987
0.14,198,-0.00011444031687884645
0.15,intercept,-0.00442710779779631
0.15,1,0.004957201876708465
0.15,2,0.00471619442160047
0.15,3,0.005370721882704658
0.15,4,0.0019698690954212793
0.15,5,0.00354484404508821
0.15,6,0.00026772027976836623
0.15,7,0.002402051532223397
0.15,8,0.0031679060005764606
0.15,9,0.0039889392858694795
0.15,10,-0.0008749409979888083
0.15,11,-0.0016621833239927593
0.15,12,0.0024929559185895775
0.15,13,-0.0015190587877652218
0.15,14,0.00035017567654286236
0.15,15,-1.054174095751764e-5
0.15,16,-0.0004975840087736145
0.15,17,-0.00044284215146768
0.15,18,0.0011210841120047313
0.15,19,0.0014948961522942953
0.15,20,0.0015211145786138466
0.15,21,0.0005746940864380936
0.15,22,0.0019885137991506557
0.15,23,-0.0011976157094666638
0.15,24,0.00046501813911987435
0.15,25,-0.00015707119585069986
0.15,26,0.0035551524860063734
0.15,27,-0.0026764399364852002
0.15,28,0.0025802220745044526
0.15,29,5.4759079404749074e-5
0.15,30,-0.0009724512097794848
0.15,31,-0.0031540730911812026
0.15,32,8.0650844128583e-5
0.15,33,-0.0008384244098742814
0.15,34,-0.0010751516547565947
0.15,35,-0.0006086813857879817
0.15,36,0.0008442907052547551
0.15,37,0.0007340077638491228
0.15,38,-0.0013231962706581218
0.15,39,-0.00021251174223810556
0.15,40,0.0032086894351903966
0.15,41,-0.0020079247204087465
0.15,42,0.0036042484446572364
0.15,43,0.0006167476048577145
0.15,44,-0.0007010676974610081
0.15,45,0.0024155349836331628
0.15,46,0.0008076538898214084
0.15,47,0.000395487748047143
0.15,48,-0.0003578530311154961
0.15,49,-0.0026013459790713927
0.15,50,-5.13148741442475e-5
0.15,51,-0.0015979660910329662
0.15,52,-0.00026574587942968116
0.15,53,0.00046284440544776007
0.15,54,0.001528554579376081
0.15,55,-0.00017699131754374798
0.15,56,0.0013510312370033633
0.15,57,0.0004932859350680327
0.15,58,-0.0003696644945512987
0.15,59,0.0009917567732117612
0.15,60,0.000931590905320176
0.15,61,0.0007763951991699583
0.15,62,0.0004821702574941458
0.15,63,0.003355996704697097
0.15,64,0.0028640390410258005
0.15,65,0.0016745011499824545
0.15,66,-0.0005867397425491971
0.15,67,0.0029729838109539717
0.15,68,-2.287595353816141e-5
0.15,69,0.0024386302195593458
0.15,70,-0.0005416630684825918
0.15,71,0.0036204748759955277
0.15,72,-0.0004076502456243104
0.15,73,-0.0021032684601393664
0.15,74,-9.352975296781966e-5
0.15,75,-0.0027162098339797614
0.15,76,-0.0032129558652623643
0.15,77,0.0008170245831723652
0.15,78,-0.00234866313652269
0.15,79,1.5234352662234915e-6
0.15,80,0.00028344338797865244
0.15,81,-0.00032955429530602017
0.15,82,-2.8074510398764905e-5
0.15,83,-0.0007314748522306763
0.15,84,0.0006850522965911244
0.15,85,1.2583612565718008e-5
0.15,86,-0.00051058365652727
0.15,87,0.0022889627936732706
0.15,88,-0.002904898179140584
0.15,89,0.0014409124826573207
0.15,90,-0.0008274989698578949
0.15,91,0.0011534952337370933
0.15,92,0.002218527047474896
0.15,93,0.0029478248617523994
0.15,94,0.00293172586243466
0.15,95,0.0008591785340160433
0.15,96,-0.000512397040908885
0.15,97,0.007575486274873629
0.15,98,0.007684147787653707
0.15,99,0.005692657495785703
0.15,100,0.005686598198975249
0.15,101,0.003245058862766044
0.15,102,0.0012723952589080954
0.15,103,0.003952041598114501
0.15,104,0.0009995369980838331
0.15,105,0.0022078277056589326
0.15,106,0.0030247235715245187
0.15,107,0.00012912612535068287
0.15,108,0.001372531796522508
0.15,109,0.0008573699445655913
0.15,110,0.0010395657629115962
0.15,111,0.001098891909335264
0.15,112,0.001270933471680642
0.15,113,0.0009233091442462317
0.15,114,-0.002791491730550992
0.15,115,0.0003389853918159746
0.15,116,0.0018514341795331322
0.15,117,-0.0005080145775569376
0.15,118,0.0020654758160367176
0.15,119,0.0011367827761294494
0.15,120,-0.0008183578641451813
0.15,121,0.0014693608636700433
0.15,122,0.0015486429052421272
0.15,123,0.0016366401544285255
0.15,124,0.0002682091731224801
0.15,125,-0.00031221365263650575
0.15,126,0.0005120588875306657
0.15,127,0.001159701147879079
0.15,128,-0.0028736034346179564
0.15,129,-0.0017275639411724704
0.15,130,-0.0014811204163058102
0.15,131,0.0006720697666032631
0.15,132,-0.0005390264982599534
0.15,133,0.0005020533844897783
0.15,134,-0.0011298574739432487
0.15,135,-0.0005446096154383154
0.15,136,0.003536680774230389
0.15,137,-0.0015693046050564558
0.15,138,0.0026991799349001633
0.15,139,-0.0013012627158384157
0.15,140,0.0016872720485595243
0.15,141,0.0033919986731598168
0.15,142,0.0002618797718927605
0.15,143,0.002251540470458333
0.15,144,0.0009574242510359446
0.15,145,-6.27590532485e-5
0.15,146,-0.0010899387403289342
0.15,147,-0.000758429389673296
0.15,148,-0.0012208146291171572
0.15,149,-0.0014214535484303105
0.15,150,-0.0031204869883969108
0.15,151,-0.002128641067264631
0.15,152,0.0021791276480819166
0.15,153,0.0031258458515028022
0.15,154,-0.0012360099958179326
0.15,155,0.0040639987595460425
0.15,156,0.0016871044701949338
0.15,157,-0.0021163745794919083
0.15,158,0.0064052198256571305
0.15,159,0.0016067697396544354
0.15,160,0.0031003904797419148
0.15,161,-0.002476111632049343
0.15,162,0.011301740807994653
0.15,163,-0.0019608618334103255
0.15,164,0.006337267570625976
0.15,165,-1.306288855912654e-5
0.15,166,0.004021737011217708
0.15,167,0.004739316915251636
0.15,168,-0.002713430648497573
0.15,169,0.004349148659781163
0.15,170,-0.0009457815125962982
0.15,171,-0.001744221689326415
0.15,172,0.0003844304266038211
0.15,173,0.0030239173374971107
0.15,174,-0.004128036138281606
0.15,175,0.002267779544596283
0.15,176,0.0010795355726316432
0.15,177,0.0012136091857961485
0.15,178,0.005410568476945046
0.15,179,0.0004114158398492335
0.15,180,0.004962805593272582
0.15,181,0.006980087329699523
0.15,182,0.00011150718311413787
0.15,183,0.006350854252315153
0.15,184,0.01137821579996984
0.15,185,-0.0028926023464114227
0.15,186,0.012524186336900958
0.15,187,0.01492884113900858
0.15,188,0.011889723770511675
0.15,189,0.029310969625292768
0.15,190,0.057844328764909934
0.15,191,0.006547206865876303
0.15,192,0.3406604814636765
0.15,193,0.014621286501644234
0.15,194,0.01246474467276235
0.15,195,-0.0012625521090480706
0.15,196,0.0008968016218991186
0.15,197,0.0007176456813354289
0.15,198,-5.7608588917405085e-5
0.16,intercept,-0.004405403908306139
0.16,1,0.004548552066825345
0.16,2,0.004722543578673577
0.16,3,0.004729943671210845
0.16,4,0.0030110112252749693
0.16,5,0.0033134617906266936
0.16,6,-0.0002150662107166367
0.16,7,0.0027769831336871414
0.16,8,0.0028328094808739704
0.16,9,0.004145029621877238
0.16,10,-0.0005437760003421411
0.16,11,-0.0015136795954563474
0.16,12,0.002133621982679632
0.16,13,-0.000860400477434728
0.16,14,-0.0005082311552249613
0.16,15,0.00028009151810947194
0.16,16,-7.660860956629056e-5
0.16,17,-1.8636766342576588e-5
0.16,18,0.001715692747944542
0.16,19,0.0011140110867756342
0.16,20,0.0024679489838972286
0.16,21,-0.0005516985973780297
0.16,22,0.002050734483900577
0.16,23,-0.00025730508780268704
0.16,24,-0.00037097707507859767
0.16,25,-2.0159623652102086e-5
0.16,26,0.003111838719886302
0.16,27,-0.0030545793633127466
0.16,28,0.003100624608134098
0.16,29,-0.0005296407241438095
0.16,30,-0.001149131310745469
0.16,31,-0.0026994930174789704
0.16,32,-0.0005739161365530218
0.16,33,0.0008074081340232732
0.16,34,-0.0018039739276537153
0.16,35,5.785423844160047e-5
0.16,36,0.0004417164876490158
0.16,37,0.00029768573573446544
0.16,38,-0.0011558719897984346
0.16,39,-0.0007443561714752016
0.16,40,0.003920895066320299
0.16,41,-0.0017256677457362973
0.16,42,0.002329983419309571
0.16,43,0.0019571296883315863
0.16,44,-0.0012821538102732724
0.16,45,0.0034844275691324872
0.16,46,-0.0006242812567577125
0.16,47,0.0007252100618462256
0.16,48,-0.0004886830380216987
0.16,49,-0.0023301175016782827
0.16,50,9.471656712212627e-5
0.16,51,-0.001899184882404862
0.16,52,-0.00048753320705480614
0.16,53,-0.0002865394632978574
0.16,54,0.001594702571712084
0.16,55,-0.000987101930444918
0.16,56,0.002235469290174237
0.16,57,0.00011225377722964448
0.16,58,0.0012816486012023152
0.16,59,-0.0002029050733661759
0.16,60,0.002004971665058539
0.16,61,-0.0012147219687671464
0.16,62,0.002560944388832546
0.16,63,0.0021872553794355072
0.16,64,0.0025045546047881787
0.16,65,0.0032125531856256623
0.16,66,-0.000659499624243699
0.16,67,0.0029195467285514204
0.16,68,0.000249294760397125
0.16,69,0.0016304402396058707
0.16,70,0.00020647128331618023
0.16,71,0.0033776851650153027
0.16,72,-0.0005491667285665286
0.16,73,-0.00220324874463434
0.16,74,-0.00037716593968634127
0.16,75,-0.0021546042002875635
0.16,76,-0.0036979085246698937
0.16,77,0.001066513949486153
0.16,78,-0.0038320680302199608
0.16,79,0.00041793414789295826
0.16,80,5.982564948143439e-6
0.16,81,-0.000497991097732813
0.16,82,-0.0005987376612571341
0.16,83,0.0006143106874871014
0.16,84,-0.0008527597459478829
0.16,85,0.0005224572178162826
0.16,86,0.00020770744866766962
0.16,87,0.002061314561911174
0.16,88,-0.0019421801172338172
0.16,89,0.0013245278716528652
0.16,90,-0.0010334535767755212
0.16,91,0.0012162761710425216
0.16,92,0.0017921617936867917
0.16,93,0.003774933664256208
0.16,94,0.0026334778085208926
0.16,95,0.001375046129710014
0.16,96,8.145032065494569e-5
0.16,97,0.007855672950396266
0.16,98,0.007738027933239048
0.16,99,0.005458064465694323
0.16,100,0.005292327578875201
0.16,101,0.0035177489337980994
0.16,102,0.0013757134954875737
0.16,103,0.0038480701385777893
0.16,104,0.001530713125413032
0.16,105,0.0021153873052876027
0.16,106,0.0030791961032912768
0.16,107,-2.1958786112524853e-6
0.16,108,0.0009941803009772942
0.16,109,0.001027326424531483
0.16,110,0.00029112867002622546
0.16,111,0.0011293936493958314
0.16,112,0.001222285686415435
0.16,113,0.0018923430715734812
0.16,114,-0.003661082054046549
0.16,115,0.0017815840929840587
0.16,116,0.0013840491989415228
0.16,117,-0.0010473291570440779
0.16,118,0.002072070041217001
0.16,119,0.0016843541627820054
0.16,120,-0.0011651494418973372
0.16,121,0.0017425891907598314
0.16,122,0.0017637620546205027
0.16,123,0.0007840154525861987
0.16,124,0.0008640823091356519
0.16,125,-0.0010397003517724698
0.16,126,0.0005634822357523025
0.16,127,0.0009484770041434122
0.16,128,-0.003354002076419413
0.16,129,-0.0017629145522304768
0.16,130,-0.0015439972977867931
0.16,131,-7.08287165335512e-5
0.16,132,-0.00034386576830280484
0.16,133,0.0008758317850995981
0.16,134,-0.0017036504394848063
0.16,135,3.430182931530168e-5
0.16,136,0.003407091121965749
0.16,137,-0.002000116140775591
0.16,138,0.002730483062953973
0.16,139,-0.0010993434550381506
0.16,140,0.0012154260675284602
0.16,141,0.0032698817259923965
0.16,142,-0.0003327160739554266
0.16,143,0.0019755700743303473
0.16,144,0.0005412570853443287
0.16,145,0.0010076301412026438
0.16,146,-0.0008916053329236622
0.16,147,-0.0002759867306474927
0.16,148,-0.0014163668236245905
0.16,149,-0.001287727322611181
0.16,150,-0.003403366888990345
0.16,151,-0.0018356206132759125
0.16,152,0.0032144688375637517
0.16,153,0.0015631485795643892
0.16,154,-0.0004491588712315966
0.16,155,0.0030894462417329718
0.16,156,0.0018021113099720076
0.16,157,-0.0011755836592701851
0.16,158,0.004817382104859092
0.16,159,0.0011670412949977649
0.16,160,0.003479691467570751
0.16,161,-0.002163516455335456
0.16,162,0.011068896628591242
0.16,163,-0.002319505836232717
0.16,164,0.008067232394696224
0.16,165,-0.001214991649145478
0.16,166,0.004934390535639252
0.16,167,0.00394220895910432
0.16,168,-0.0026668532129496287
0.16,169,0.004511072598105345
0.16,170,-0.0003924176422749851
0.16,171,-0.0037130702155097803
0.16,172,-8.104315796223004e-5
0.16,173,0.003939881886530968
0.16,174,-0.0036008686587672926
0.16,175,0.0023376779719146076
0.16,176,0.0018864512952325079
0.16,177,-0.0003733216594151884
0.16,178,0.006139663993921077
0.16,179,0.0018722783199481019
0.16,180,0.004497154128448416
0.16,181,0.006944155812210118
0.16,182,-5.1569715266683055e-5
0.16,183,0.006082425719599685
0.16,184,0.010737338584918455
0.16,185,-0.002333556617975449
0.16,186,0.011843979698554457
0.16,187,0.01590226974999925
0.16,188,0.01126478064987989
0.16,189,0.030651814455404557
0.16,190,0.060014754149892
0.16,191,0.00888214992340691
0.16,192,0.35483514060504273
0.16,193,0.014277262417575242
0.16,194,0.012390988944681939
0.16,195,-0.00128186260586771
0.16,196,0.000937676597859738
0.16,197,0.0006618302179736222
0.16,198,-4.0680380180791766e-5
0.17,intercept,-0.004394589157720735
0.17,1,0.004700818281853268
0.17,2,0.004305594575826115
0.17,3,0.0060380535814894614
0.17,4,0.0018467567579789701
0.17,5,0.003349291290983807
0.17,6,0.0007487673440921753
0.17,7,0.0026307987809137917
0.17,8,0.0031994750011429198
0.17,9,0.003564133058879342
0.17,10,-0.00021816217427957747
0.17,11,-0.001629713387313793
0.17,12,0.0016317618621915718
0.17,13,-0.00029445806817236044
0.17,14,-0.0006922722586225916
0.17,15,-0.00015496343431704762
0.17,16,-0.00023694123377053278
0.17,17,0.0005459685620348063
0.17,18,0.002119252129951151
0.17,19,0.0013379322027416939
0.17,20,0.0011795116223267405
0.17,21,0.0001263757338173397
0.17,22,0.0014539120446720197
0.17,23,-0.0003702477193726251
0.17,24,0.00045252303969002755
0.17,25,-0.0009293238086909689
0.17,26,0.003219847441769858
0.17,27,-0.002926534223435602
0.17,28,0.0030157874453031744
0.17,29,-0.000242097293005721
0.17,30,-0.0020777627003994714
0.17,31,-0.0022588675500694296
0.17,32,-0.0011312135504983588
0.17,33,0.00053308218847723
0.17,34,-0.0009390735713015796
0.17,35,-0.00017747460549736454
0.17,36,0.00041834283686034793
0.17,37,0.00022390048740417206
0.17,38,-0.0007463456011101357
0.17,39,-0.0007624762104027294
0.17,40,0.0036901474867086204
0.17,41,-0.0017524792444753524
0.17,42,0.00250879335308063
0.17,43,0.0014408180848352946
0.17,44,-0.0012678034553836417
0.17,45,0.0037353038475682354
0.17,46,-0.0010390898171538173
0.17,47,0.0008195614688424507
0.17,48,-0.0011267196870836424
0.17,49,-0.00226838455030676
0.17,50,-0.0006795753779748982
0.17,51,-0.0012070057742781509
0.17,52,-0.0007474197757359974
0.17,53,-0.000254189308121344
0.17,54,0.0016239047331463724
0.17,55,-0.00035033757192014025
0.17,56,0.0019347089303369325
0.17,57,0.0003001587029177958
0.17,58,0.0012015175156817823
0.17,59,-7.469503870198147e-5
0.17,60,0.0028178156484244448
0.17,61,-0.002079159057753261
0.17,62,0.0027916610137824456
0.17,63,0.0021481738958693424
0.17,64,0.002391098817219584
0.17,65,0.003242611103539015
0.17,66,-0.0008960407091605121
0.17,67,0.0028387722982842647
0.17,68,3.286440774664659e-5
0.17,69,0.0011007913701362947
0.17,70,0.0009343867332397233
0.17,71,0.003573089135566784
0.17,72,-0.0013178609249785223
0.17,73,-0.002089414024675424
0.17,74,-0.00015663872171673454
0.17,75,-0.0024372058792772994
0.17,76,-0.0032582404178876255
0.17,77,0.0009764113418582623
0.17,78,-0.003424097617898057
0.17,79,0.00038807466109520644
0.17,80,0.00013800724614051178
0.17,81,-0.0005601495376871988
0.17,82,0.000293772580925927
0.17,83,0.0007858138183583244
0.17,84,-0.00046684769273814695
0.17,85,-2.0622909220203992e-5
0.17,86,0.00015107904789438858
0.17,87,0.0018576046216415294
0.17,88,-0.002650928251944065
0.17,89,0.0006316051972072368
0.17,90,0.0012503859871782403
0.17,91,-0.00014279464990246771
0.17,92,0.002664388967119728
0.17,93,0.0024643066136398866
0.17,94,0.0027023297731342123
0.17,95,0.001852558268108187
0.17,96,8.460358331468655e-5
0.17,97,0.007958287467176086
0.17,98,0.0073841573742903606
0.17,99,0.005250590991509058
0.17,100,0.005955638964428508
0.17,101,0.0036543332446178807
0.17,102,0.0022065585932740045
0.17,103,0.0038745002142588645
0.17,104,0.0007464586240636611
0.17,105,0.0024856294889669278
0.17,106,0.0028116954998003963
0.17,107,7.487432930893842e-5
0.17,108,0.0008790805731320738
0.17,109,0.0005871813120238428
0.17,110,0.00021601306601900445
0.17,111,0.0013797607385474633
0.17,112,0.0018115132248912383
0.17,113,0.001938700060968979
0.17,114,-0.00304681666580768
0.17,115,0.0013641008889480168
0.17,116,0.0015419162423324201
0.17,117,-0.0012187318632519244
0.17,118,0.0017996965261426647
0.17,119,0.0012442056109100285
0.17,120,-0.0008571738180794218
0.17,121,0.0015240541777312724
0.17,122,0.0019671654032922896
0.17,123,0.0008220226419508212
0.17,124,0.001106056910017423
0.17,125,-0.0010449794339701503
0.17,126,0.0003276557357849464
0.17,127,0.0008304662912620635
0.17,128,-0.0035585047939399785
0.17,129,-0.0013605793475608868
0.17,130,-0.002030835399636423
0.17,131,-0.00012001377412840434
0.17,132,0.00011653876018059679
0.17,133,0.0006994073669534744
0.17,134,-0.0025828766149851245
0.17,135,0.0010664289548333932
0.17,136,0.002760577603390164
0.17,137,-0.0017443700155990107
0.17,138,0.00323962098476577
0.17,139,-0.0014917068179143389
0.17,140,0.0014666600087770388
0.17,141,0.0027905509068719327
0.17,142,-0.0008115472242207687
0.17,143,0.002710680717415714
0.17,144,0.0012308630099709882
0.17,145,0.00010805463905910658
0.17,146,-0.000441044207712305
0.17,147,-0.0008434060649342273
0.17,148,-0.00109975280029628
0.17,149,-0.0014087922791587181
0.17,150,-0.003299314542590909
0.17,151,-0.00189157358148931
0.17,152,0.002636326952856628
0.17,153,0.0015855548097580088
0.17,154,-0.00011935869195058329
0.17,155,0.0032376593073642265
0.17,156,0.0014893714022301394
0.17,157,-0.0015775365763939864
0.17,158,0.0044142060906874414
0.17,159,0.003782247287929683
0.17,160,0.0017390945317946333
0.17,161,-0.0011721927406918038
0.17,162,0.010398298289264876
0.17,163,-0.0028548421893287083
0.17,164,0.008516417076690564
0.17,165,-0.0011279490146116188
0.17,166,0.004550717593463184
0.17,167,0.004633087859623474
0.17,168,-0.0023085021533152867
0.17,169,0.004143379059809257
0.17,170,-0.0012083089292165958
0.17,171,-0.0027831982088413107
0.17,172,-0.0001968003521149762
0.17,173,0.0034632988529802312
0.17,174,-0.0032899919222982655
0.17,175,0.0020434456291174258
0.17,176,0.003047699244124607
0.17,177,-0.0012102756325743712
0.17,178,0.006690129580061954
0.17,179,0.0027404283006540386
0.17,180,0.004307988044868291
0.17,181,0.0064535116788836284
0.17,182,-9.914042052221002e-5
0.17,183,0.00570894113763046
0.17,184,0.010685217017440395
0.17,185,-0.0023507064705114984
0.17,186,0.012317954352406667
0.17,187,0.016748871997156068
0.17,188,0.010680014096164153
0.17,189,0.029789999729266915
0.17,190,0.06121703218931604
0.17,191,0.008550029338660671
0.17,192,0.36889339675254823
0.17,193,0.013861848888122424
0.17,194,0.012255241346558511
0.17,195,-0.0012366062524804527
0.17,196,0.0008593443294765111
0.17,197,0.0006291148088019951
0.17,198,-1.5084980022594605e-5
0.18,intercept,-0.004355659326011988
0.18,1,0.004959042039410002
0.18,2,0.004158432501718039
0.18,3,0.0063973915795404596
0.18,4,0.0022141645204709834
0.18,5,0.003583826050524889
0.18,6,0.0010245003609545612
0.18,7,0.002702831248010246
0.18,8,0.0027036362257442034
0.18,9,0.003498672570775889
0.18,10,-0.0010253433597680521
0.18,11,-0.0009155478677850005
0.18,12,0.0014156320128040844
0.18,13,-0.00025653109194754826
0.18,14,0.0004129055364748735
0.18,15,-0.0015767722032949153
0.18,16,-0.0005453731132582026
0.18,17,0.0010734646159850055
0.18,18,0.0020371005319940044
0.18,19,0.0014433831737539436
0.18,20,0.0008336300764805775
0.18,21,0.000242419258834177
0.18,22,0.0011686348820833597
0.18,23,-0.00025811194838223217
0.18,24,-0.0005020016809532206
0.18,25,-0.0008181424337587042
0.18,26,0.0031361256344596584
0.18,27,-0.0030421011932683572
0.18,28,0.002951044165749713
0.18,29,0.00023849767018369446
0.18,30,-0.0030553795054546976
0.18,31,-0.0011753467394059686
0.18,32,-0.0016627691327743643
0.18,33,0.0009046499442521839
0.18,34,-0.0008049361370850164
0.18,35,0.0003164545222119202
0.18,36,-0.0002793815617891756
0.18,37,0.0008405709089973545
0.18,38,-0.0013949183774195732
0.18,39,-0.0010228410921660736
0.18,40,0.004156760419657495
0.18,41,-0.002411974959349623
0.18,42,0.002634590920691973
0.18,43,0.0005618495600689201
0.18,44,-0.00034877737535683186
0.18,45,0.0031455238854225455
0.18,46,-0.001155144301546703
0.18,47,0.000850002110273584
0.18,48,-0.001223046021972321
0.18,49,-0.0014436569593681808
0.18,50,-0.0008420899763316196
0.18,51,-0.00019332081480161181
0.18,52,-0.0011606332255865545
0.18,53,-0.00039296494031134294
0.18,54,0.0017384566151955137
0.18,55,-0.0010087050383727062
0.18,56,0.0024761033928765567
0.18,57,-0.00030723020548244337
0.18,58,0.0015451156513721451
0.18,59,0.0001353726648596432
0.18,60,0.0024520706376351654
0.18,61,-0.002251976885689175
0.18,62,0.002238243628786063
0.18,63,0.0014509776116564971
0.18,64,0.002767431614257739
0.18,65,0.0033198349200521345
0.18,66,-0.0009995223728690242
0.18,67,0.003564432065332185
0.18,68,-0.00030840445980283217
0.18,69,0.0005791779615749887
0.18,70,0.0007180664381323377
0.18,71,0.003703151980674516
0.18,72,-0.001156075262710344
0.18,73,-0.001992499793476909
0.18,74,-7.178998933787524e-5
0.18,75,-0.0015483135219760678
0.18,76,-0.002932241266361945
0.18,77,-8.044749631312151e-5
0.18,78,-0.002995066246992302
0.18,79,0.00030009250779412474
0.18,80,-0.0007023603167517883
0.18,81,-0.0005730207418133912
0.18,82,0.0007636846240561548
0.18,83,0.0002551737770896577
0.18,84,0.0005074323129711813
0.18,85,-0.0002192220628126805
0.18,86,0.0003752442356906134
0.18,87,0.0008951433801596713
0.18,88,-0.0022006142789981055
0.18,89,0.001096022352922512
0.18,90,0.0017243578957455846
0.18,91,3.014339181472854e-5
0.18,92,0.0025869237762572205
0.18,93,0.001835548177834085
0.18,94,0.0023609543689072443
0.18,95,0.0010244015933868168
0.18,96,0.001263168619952927
0.18,97,0.0071811524701790325
0.18,98,0.007920482658459389
0.18,99,0.005766129656595332
0.18,100,0.005770686699362769
0.18,101,0.0035821840010264463
0.18,102,0.0023920582535121335
0.18,103,0.0039202929783554875
0.18,104,0.0005139905351485943
0.18,105,0.0035106958718741682
0.18,106,0.0028144642106471642
0.18,107,-0.0007873657583683518
0.18,108,0.0018183634971955375
0.18,109,0.00023100557568117084
0.18,110,0.0002859853969984591
0.18,111,0.001166598863998211
0.18,112,0.0021087321334498847
0.18,113,0.0018102463278197175
0.18,114,-0.0029259501372445474
0.18,115,0.0013610935826435513
0.18,116,0.0013157011838967805
0.18,117,-0.0011405444370791518
0.18,118,0.0017951920204812481
0.18,119,0.0010708118481579365
0.18,120,-0.00031360497442847
0.18,121,0.00138440001492631
0.18,122,0.0017484000677763438
0.18,123,-1.3861924433263396e-5
0.18,124,0.0018529821617624895
0.18,125,-0.0011214983189078126
0.18,126,1.0902197712141248e-5
0.18,127,0.001300454680642644
0.18,128,-0.0037956779348673063
0.18,129,-0.0014502055356804535
0.18,130,-0.0016692511772832366
0.18,131,-0.0006934658210490827
0.18,132,0.00026281548778617317
0.18,133,6.495096811851151e-5
0.18,134,-0.0019871657754622876
0.18,135,0.0004998072491159444
0.18,136,0.002777392667724999
0.18,137,-0.0013391475937294798
0.18,138,0.003286906481984336
0.18,139,-0.0021743383366603928
0.18,140,0.0018027085811159454
0.18,141,0.002963405729875164
0.18,142,-0.0006038780385531883
0.18,143,0.0024728600072985185
0.18,144,0.0014318443167758133
0.18,145,0.0001927216041435529
0.18,146,-0.0011249764332989702
0.18,147,-0.0016225935314577058
0.18,148,-0.0007183768003266572
0.18,149,-0.0016025959358853688
0.18,150,-0.002499718083131675
0.18,151,-0.0018312516761344387
0.18,152,0.0023468874864407876
0.18,153,0.0019592221674301392
0.18,154,0.000443688496655144
0.18,155,0.0033303786994741762
0.18,156,0.001758694290848073
0.18,157,-0.0020819327556686573
0.18,158,0.0050854839533629025
0.18,159,0.003050994385200233
0.18,160,0.0018645426096237478
0.18,161,-0.001328177317655981
0.18,162,0.009764829143282876
0.18,163,-0.002185721823625147
0.18,164,0.008156994724475631
0.18,165,-0.00033370288823422533
0.18,166,0.0047841175672301
0.18,167,0.004154043108579454
0.18,168,-0.0028234703965822833
0.18,169,0.004623011095571496
0.18,170,-0.0013104805902369265
0.18,171,-0.0034052593821812145
0.18,172,-0.00016910508117149668
0.18,173,0.0033058849488906863
0.18,174,-0.0027995280068615486
0.18,175,0.003265835725975973
0.18,176,0.0018466674570273571
0.18,177,-0.00041391766966712603
0.18,178,0.006611239485399382
0.18,179,0.0025862284805739212
0.18,180,0.004235159209814964
0.18,181,0.006138195825542893
0.18,182,0.001012876670958439
0.18,183,0.005105056277365439
0.18,184,0.010273475193755505
0.18,185,-0.0021706743242634993
0.18,186,0.01097954067779759
0.18,187,0.017224925747153494
0.18,188,0.011281081936706166
0.18,189,0.028292987861596154
0.18,190,0.061844276151912715
0.18,191,0.009093055155657467
0.18,192,0.38622082340343356
0.18,193,0.013441367518017007
0.18,194,0.011709344951148781
0.18,195,-0.0012684676655478856
0.18,196,0.0007819811618611199
0.18,197,0.0006097734621849478
0.18,198,6.53030399663807e-5
0.19,intercept,-0.00440319868303354
0.19,1,0.00509183310449963
0.19,2,0.0035334905166050333
0.19,3,0.0064322875474940025
0.19,4,0.0026243598439148474
0.19,5,0.0038192431081741033
0.19,6,0.0012216050870638734
0.19,7,0.0026508698788897203
0.19,8,0.0027785459456961263
0.19,9,0.003134719511601912
0.19,10,-0.0012583395174555166
0.19,11,0.00013234177230209986
0.19,12,0.001163113511839389
0.19,13,-0.00018490917070666587
0.19,14,-7.168117051415479e-5
0.19,15,-0.001241916246837463
0.19,16,-0.00073190877240547
0.19,17,0.0009136448017050682
0.19,18,0.0016514024919878523
0.19,19,0.0018566275532926526
0.19,20,0.0007925123942032993
0.19,21,0.0016303316500737189
0.19,22,7.17284523077997e-5
0.19,23,0.00022484804614803723
0.19,24,-0.001752206057203258
0.19,25,4.610786219694203e-7
0.19,26,0.002598785913345568
0.19,27,-0.0026255318217717617
0.19,28,0.003181788705781211
0.19,29,0.0004826295580193476
0.19,30,-0.0033055046545038117
0.19,31,-0.001370647602247631
0.19,32,-0.0017799151275512824
0.19,33,0.0009485638024619702
0.19,34,-0.0010752861658287378
0.19,35,0.0005164700293749197
0.19,36,-0.0005718406416132723
0.19,37,0.0007597501251914343
0.19,38,-0.0014101270092688363
0.19,39,-0.0006450802647605849
0.19,40,0.003983158724888408
0.19,41,-0.0023511024826367785
0.19,42,0.00255715852075754
0.19,43,0.0009616553014687909
0.19,44,-0.0008619956623901447
0.19,45,0.004397483769651678
0.19,46,-0.002094060696691946
0.19,47,0.00088962991613802
0.19,48,-0.0024916171689587986
0.19,49,-0.001220497655808797
0.19,50,-0.0007537421893831219
0.19,51,0.00034960728534593605
0.19,52,-0.0010579298950555123
0.19,53,-0.00040734999447814273
0.19,54,0.0015779088948180285
0.19,55,-0.0001748259922504229
0.19,56,0.0012441132439945555
0.19,57,-0.000494397088901128
0.19,58,0.0012485371971612852
0.19,59,0.0004144644900887417
0.19,60,0.001962356159719008
0.19,61,-0.0011136743450746508
0.19,62,0.0021477251844037046
0.19,63,0.0011875842389196822
0.19,64,0.002775226517239058
0.19,65,0.0033581605572661054
0.19,66,-0.00189557189951972
0.19,67,0.0038092297192989038
0.19,68,-0.00032193062261971176
0.19,69,0.0007491313204522693
0.19,70,0.0009739180391150991
0.19,71,0.0031805321826160853
0.19,72,-0.001171703102953012
0.19,73,-0.0013773661448329662
0.19,74,0.0004251314459154478
0.19,75,-0.0024258303883809796
0.19,76,-0.0022423282493665457
0.19,77,-0.0007445739396637716
0.19,78,-0.0019885145386396743
0.19,79,-0.00018047698629977197
0.19,80,-0.0015297842281010298
0.19,81,-7.90953432661812e-5
0.19,82,0.0005008791703254662
0.19,83,0.0019904278841174415
0.19,84,-0.00027942420674708713
0.19,85,-0.0009748913783321574
0.19,86,0.001024672553900133
0.19,87,0.00135741031295969
0.19,88,-0.003486044410566305
0.19,89,0.0012463415068111588
0.19,90,0.0022795410354418512
0.19,91,-0.0007402045334864109
0.19,92,0.002930618598489837
0.19,93,0.0011637715853205955
0.19,94,0.002330627442360203
0.19,95,0.0009129901597559865
0.19,96,0.0012889842790209415
0.19,97,0.008432941535017365
0.19,98,0.007139597407513629
0.19,99,0.006221135644550717
0.19,100,0.006142106333895042
0.19,101,0.00257486895376648
0.19,102,0.002624968828047095
0.19,103,0.00362661160213047
0.19,104,0.001037073464540419
0.19,105,0.0032495509625390727
0.19,106,0.0029116483963725166
0.19,107,-0.0009873219880116818
0.19,108,0.0017365381969105312
0.19,109,0.0007146703393199588
0.19,110,0.00016870747380645046
0.19,111,2.712983765236022e-5
0.19,112,0.0028235895154129615
0.19,113,0.0017087753984718083
0.19,114,-0.003162215073779838
0.19,115,0.0016687979450234495
0.19,116,0.0007937138197087793
0.19,117,-0.0009033643252354316
0.19,118,0.0023103962248730466
0.19,119,0.00038289020256218555
0.19,120,-0.0007074068702883813
0.19,121,0.0020972336744601297
0.19,122,0.0009003299065074036
0.19,123,8.733395150242748e-5
0.19,124,0.0014482472098483802
0.19,125,-0.0011859630365327828
0.19,126,0.00013970028448977905
0.19,127,0.0012401549078179387
0.19,128,-0.0033605977097451367
0.19,129,-0.0014072670572044621
0.19,130,-0.0014845772874599718
0.19,131,-0.0002755782600052459
0.19,132,-0.0005368003510246353
0.19,133,0.00043572293668855543
0.19,134,-0.002117411433309846
0.19,135,0.00042087225426556653
0.19,136,0.00338203122924174
0.19,137,-0.0014926855724622017
0.19,138,0.0034092329022886144
0.19,139,-0.0019144366506708937
0.19,140,0.0007178826289034044
0.19,141,0.002830597669934258
0.19,142,-0.00011824580067546193
0.19,143,0.0018166919114811595
0.19,144,0.0012940381722735578
0.19,145,0.0008798689772275451
0.19,146,-0.0017121502113154464
0.19,147,-0.0018173377846923428
0.19,148,-5.274031911596012e-5
0.19,149,-0.0023090851516983004
0.19,150,-0.0019605375403876474
0.19,151,-0.002175534619936211
0.19,152,0.0019928771006985507
0.19,153,0.0020590385569295906
0.19,154,0.00039481825621832977
0.19,155,0.0030576170450182607
0.19,156,0.001516715895708092
0.19,157,-0.0008703472952056736
0.19,158,0.006304034792549731
0.19,159,0.0029470354656920095
0.19,160,0.0018022709774747146
0.19,161,-0.002299906495441214
0.19,162,0.009824118671655948
0.19,163,-0.0009996160335807255
0.19,164,0.007391661806893672
0.19,165,0.00010417575274842931
0.19,166,0.004504006355219841
0.19,167,0.00384692148809921
0.19,168,-0.003574511219946374
0.19,169,0.004946307248807597
0.19,170,-0.0018227187377031085
0.19,171,-0.003095770104176891
0.19,172,0.0002708123795339701
0.19,173,0.0028052839241175433
0.19,174,-0.001821972460703941
0.19,175,0.003008522585680801
0.19,176,0.0025832372922402237
0.19,177,-0.0007181875536884701
0.19,178,0.006441505966880389
0.19,179,0.002413550290130375
0.19,180,0.00445205972096296
0.19,181,0.004731342345102684
0.19,182,0.0016221972595708083
0.19,183,0.005573108581979447
0.19,184,0.01063180725603805
0.19,185,-0.0024543617437890004
0.19,186,0.01017262216501835
0.19,187,0.016905526834459284
0.19,188,0.011029997125056869
0.19,189,0.029421451589195787
0.19,190,0.06396174127503138
0.19,191,0.00563805492507715
0.19,192,0.4068099773665932
0.19,193,0.013449508502285427
0.19,194,0.011293919593131618
0.19,195,-0.0011991748729009567
0.19,196,0.0006438151550745895
0.19,197,0.0005829476949226262
0.19,198,6.467910027077757e-5
0.2,intercept,-0.004455337132044578
0.2,1,0.005185031069864363
0.2,2,0.0033396991343979665
0.2,3,0.006049737223838105
0.2,4,0.002369640576503226
0.2,5,0.0037694815667735494
0.2,6,0.002366506766141528
0.2,7,0.00307315712167749
0.2,8,0.002319493014127366
0.2,9,0.0029316718084678346
0.2,10,-0.0011046340530069454
0.2,11,0.000804722049229878
0.2,12,0.0007472997652431817
0.2,13,-0.0015074524403860293
0.2,14,-0.0006021588924024946
0.2,15,-0.00045053837951242913
0.2,16,-8.510147048384154e-5
0.2,17,0.00047081792459097106
0.2,18,0.0026856097489262516
0.2,19,0.0009821292635117905
0.2,20,0.0011737753291436255
0.2,21,0.0018421581700613378
0.2,22,-0.0005438093210401253
0.2,23,0.0006222770832993209
0.2,24,-0.0021670089189196134
0.2,25,-0.0005535890558997649
0.2,26,0.0028596510884604798
0.2,27,-0.002709434960094633
0.2,28,0.0028067960828407055
0.2,29,0.0015504244592482574
0.2,30,-0.0037246767152726446
0.2,31,-0.0007692660598508168
0.2,32,-0.0022716288728955726
0.2,33,0.0013042590044013997
0.2,34,-0.001512234916286706
0.2,35,0.0004701545747435105
0.2,36,-0.0011579221583519126
0.2,37,0.0014502327027675734
0.2,38,-0.0011549340057501517
0.2,39,-0.0007112498906507112
0.2,40,0.0035020437654227107
0.2,41,-0.0019148611465253187
0.2,42,0.0019213834355775983
0.2,43,0.0012101785225104296
0.2,44,-0.000944786624173752
0.2,45,0.003680558854172974
0.2,46,-0.0014524646251920018
0.2,47,-0.0001129839320129613
0.2,48,-0.001861555613529111
0.2,49,-0.0011756853646989927
0.2,50,-0.000307426397427724
0.2,51,-7.0174916220537e-5
0.2,52,-0.0009478006632504149
0.2,53,-0.0011634688743209663
0.2,54,0.00209818168239215
0.2,55,0.00019706907065831814
0.2,56,0.0011483668290927492
0.2,57,-0.0009218231163219056
0.2,58,0.0007643206319026972
0.2,59,0.0011132329190728096
0.2,60,0.0019200086309382567
0.2,61,-0.0007930787895241973
0.2,62,0.002760348494173238
0.2,63,0.00033787109294135037
0.2,64,0.002577743766182692
0.2,65,0.0033635042424836614
0.2,66,-0.00223272226490176
0.2,67,0.003737577490449279
0.2,68,0.0002329429140131462
0.2,69,0.0005971545226550689
0.2,70,0.0013298493428410033
0.2,71,0.0033564708207358893
0.2,72,-0.002093728885971863
0.2,73,-0.00013454092787437257
0.2,74,-0.0008148446080045342
0.2,75,-0.00331565695569323
0.2,76,-0.001091355030692091
0.2,77,-0.0016959763651388285
0.2,78,-0.000800405715179988
0.2,79,-0.0003679669012228822
0.2,80,-0.0010101886096226544
0.2,81,-3.7097017430472634e-5
0.2,82,-0.0007222311044702554
0.2,83,0.002473644726546682
0.2,84,0.000738936533715505
0.2,85,-0.0014645591703915265
0.2,86,0.0011950796823535488
0.2,87,0.001057634597448527
0.2,88,-0.002899716681834809
0.2,89,-6.114348554778113e-5
0.2,90,0.002562729849501316
0.2,91,-0.0010307004407515991
0.2,92,0.002458463062348518
0.2,93,0.0015163025551681623
0.2,94,0.0022028219977887373
0.2,95,0.001119074384260426
0.2,96,0.002007582539092591
0.2,97,0.008293624358633301
0.2,98,0.006791735445782499
0.2,99,0.007068548583924202
0.2,100,0.005255552040389423
0.2,101,0.0020908807436761283
0.2,102,0.004658621174409259
0.2,103,0.003389585669736287
0.2,104,0.0013101656006411864
0.2,105,0.002625175044466434
0.2,106,0.002984325311893032
0.2,107,-0.0010998760325282892
0.2,108,0.002650702597134712
0.2,109,0.00027594729978451716
0.2,110,0.0008643748679053996
0.2,111,0.0004729305474459481
0.2,112,0.0027483873828101956
0.2,113,0.0008418035005842431
0.2,114,-0.003016669460019335
0.2,115,0.0012832870722862177
0.2,116,0.0011864896077325962
0.2,117,-0.0014359718054831703
0.2,118,0.002259601842264364
0.2,119,0.00019160011128730806
0.2,120,-0.001004584178732525
0.2,121,0.002869000345156035
0.2,122,0.000409544323920226
0.2,123,0.00018215120365303579
0.2,124,0.0009038565145596915
0.2,125,-0.0009842541360850486
0.2,126,0.0006433661938525037
0.2,127,0.0005066315087123375
0.2,128,-0.002967404234949444
0.2,129,-0.0018539122742385942
0.2,130,-0.0003211176443477744
0.2,131,-0.000862283902591509
0.2,132,-0.00017563620146210024
0.2,133,-0.00011500833009734237
0.2,134,-0.0017169462160922205
0.2,135,0.0006737914492482324
0.2,136,0.0025322075205615213
0.2,137,-0.0010376585244224197
0.2,138,0.002455289409382059
0.2,139,-0.0020120309114995574
0.2,140,0.001068425094301573
0.2,141,0.0031281031097451536
0.2,142,-0.0010069685285795462
0.2,143,0.002512188535318719
0.2,144,0.0014455528169792856
0.2,145,0.0006114553207695588
0.2,146,-0.0013998495647542662
0.2,147,-0.001805875024241829
0.2,148,-0.0005046372361798037
0.2,149,-0.0018685877173471239
0.2,150,-0.0012283497813932848
0.2,151,-0.0020132430693597264
0.2,152,0.0016958097512077244
0.2,153,0.001829238362513712
0.2,154,0.00042601316790684456
0.2,155,0.003287824670320895
0.2,156,0.0008232202356089691
0.2,157,-0.0011187347315965044
0.2,158,0.007196129465019542
0.2,159,0.0024002225401385316
0.2,160,0.0017797079486271
0.2,161,-0.002213947919035606
0.2,162,0.010211166076378519
0.2,163,-0.001422838006248093
0.2,164,0.007459759179916245
0.2,165,-0.0004903525428702289
0.2,166,0.004389831235799534
0.2,167,0.0035783552525076438
0.2,168,-0.003468062640173154
0.2,169,0.0054768699748434894
0.2,170,-0.002608585277593954
0.2,171,-0.0013053698865394588
0.2,172,-0.0012904534653597455
0.2,173,0.003123674298875383
0.2,174,-0.001302277571637444
0.2,175,0.0023111990628884482
0.2,176,0.0031834098154084013
0.2,177,-0.00045806040239475254
0.2,178,0.005890123991414658
0.2,179,0.0016236841335760424
0.2,180,0.005249431174646149
0.2,181,0.0037454093369726376
0.2,182,0.001242844010525777
0.2,183,0.006635108610886837
0.2,184,0.010226120593189027
0.2,185,-0.0018578382953050863
0.2,186,0.009402197838005506
0.2,187,0.01794116652940428
0.2,188,0.010889249199427931
0.2,189,0.027628847927983476
0.2,190,0.06415468268843659
0.2,191,0.005628539935085863
0.2,192,0.42811034893130057
0.2,193,0.012690085760500106
0.2,194,0.010589271255165268
0.2,195,-0.001136868425005911
0.2,196,0.0006197825516822806
0.2,197,0.0005810158716193464
0.2,198,8.716126527220794e-5
0.21,intercept,-0.004422502398410474
0.21,1,0.00515828043416009
0.21,2,0.0035835659559459213
0.21,3,0.006297455583286844
0.21,4,0.002081051592558265
0.21,5,0.0036518457357346957
0.21,6,0.0026035927708847515
0.21,7,0.002990284605962015
0.21,8,0.0021935740652569754
0.21,9,0.0027849508510563825
0.21,10,-0.0008315906280140931
0.21,11,0.0013282999308086745
0.21,12,0.0005458743192044859
0.21,13,-0.001258525357288293
0.21,14,-0.00030584760559366055
0.21,15,4.2811596726968654e-5
0.21,16,3.0067404052316564e-5
0.21,17,0.00043105950424393016
0.21,18,0.0027776074356858247
0.21,19,0.0006240255830689391
0.21,20,0.0010658621437176722
0.21,21,0.0015576515838460227
0.21,22,-7.790053124000656e-5
0.21,23,0.0006774678743210351
0.21,24,-0.0025739025008113758
0.21,25,0.00044702008885770544
0.21,26,0.0022308277255338738
0.21,27,-0.002815918745356633
0.21,28,0.0029653614384573907
0.21,29,0.0013943463714066022
0.21,30,-0.0032865202640838913
0.21,31,-0.0010580519019270105
0.21,32,-0.0019814417280320717
0.21,33,0.0014418446576358519
0.21,34,-0.0016808834974151427
0.21,35,0.0003630078100540504
0.21,36,-0.0013944995640225346
0.21,37,0.0013244821802151675
0.21,38,-0.00021701677138360906
0.21,39,-0.001524108526266174
0.21,40,0.004044691402881148
0.21,41,-0.0018286938040277766
0.21,42,0.0019807746160828217
0.21,43,0.0005078204234004785
0.21,44,-0.001195442505339691
0.21,45,0.003496707225540607
0.21,46,-0.0021964214959855574
0.21,47,-9.475122996432346e-5
0.21,48,-0.0015115343277715453
0.21,49,-0.0010934914885865113
0.21,50,-8.397330462934214e-5
0.21,51,-0.00012964230846086253
0.21,52,-0.0018405388884912136
0.21,53,-0.0008102328613940739
0.21,54,0.0020919312691688005
0.21,55,0.0005453388881986216
0.21,56,0.0008268353717102208
0.21,57,-0.00052714726649772
0.21,58,0.0005115836665688264
0.21,59,0.00141698818398948
0.21,60,0.001575953283736462
0.21,61,-0.0013584335239644257
0.21,62,0.0027717351931468657
0.21,63,0.0003242908712878404
0.21,64,0.0031007418550155707
0.21,65,0.003753949798797595
0.21,66,-0.0017250083454593906
0.21,67,0.0033768737571956875
0.21,68,-0.0006735318175564243
0.21,69,0.00030200398838214345
0.21,70,0.0010322711645068766
0.21,71,0.003356870475838121
0.21,72,-0.002117144572281132
0.21,73,0.0005870019025034612
0.21,74,-0.0016719708417829895
0.21,75,-0.002832087390527887
0.21,76,-0.00022318717141114183
0.21,77,-0.002009209897552679
0.21,78,-0.0012734864987151823
0.21,79,0.0002608258341769395
0.21,80,-0.0004212536822435085
0.21,81,-0.00043731107535445837
0.21,82,-0.0011295749517907963
0.21,83,0.0033959427970318085
0.21,84,-0.00014501180011674942
0.21,85,-0.0007186025373298473
0.21,86,0.0006369223352764651
0.21,87,0.0003699971851856829
0.21,88,-0.0022719006334476536
0.21,89,4.2145057190464404e-5
0.21,90,0.002539016916377143
0.21,91,-0.0014346909105864907
0.21,92,0.002605115811439391
0.21,93,0.0012370436387684743
0.21,94,0.0019019028577893326
0.21,95,0.0005689117969553814
0.21,96,0.0021224039397530095
0.21,97,0.008361239067626106
0.21,98,0.006241479320992493
0.21,99,0.007988409413962986
0.21,100,0.005021670910072281
0.21,101,0.0020601951461016945
0.21,102,0.004980753564222813
0.21,103,0.0033262843400914148
0.21,104,0.0016739337337515943
0.21,105,0.002925546758713526
0.21,106,0.002933603924013243
0.21,107,-0.0009460186359420027
0.21,108,0.0033628732434493004
0.21,109,-0.00013779520186451953
0.21,110,0.001028623929776917
0.21,111,-8.303523393616187e-5
0.21,112,0.002942818952605339
0.21,113,0.0006213503220547485
0.21,114,-0.0032205674636325873
0.21,115,0.001446793665678174
0.21,116,0.0010288562474759868
0.21,117,-0.0011831056000893595
0.21,118,0.0025104461098192604
0.21,119,2.38266506349422e-5
0.21,120,-0.0018308198836443676
0.21,121,0.00200261908922797
0.21,122,0.0013259403645819758
0.21,123,-0.0002807614043071561
0.21,124,0.0007421635040429047
0.21,125,-0.001189245351604155
0.21,126,0.0008319216494383334
0.21,127,0.00025164762046060805
0.21,128,-0.002686583875789745
0.21,129,-0.0016379262030024545
0.21,130,-0.0006361006704801646
0.21,131,-0.0005547144627792624
0.21,132,-0.0010714101732569716
0.21,133,0.0004252262912111329
0.21,134,-0.0016375387680565355
0.21,135,0.0008388063710907135
0.21,136,0.002610181327649477
0.21,137,-0.001327651518295878
0.21,138,0.0029250204152413053
0.21,139,-0.002602425036933395
0.21,140,0.0016009623144750064
0.21,141,0.0032407068423993615
0.21,142,-0.0016994430061460521
0.21,143,0.002707925674108942
0.21,144,0.0008342682113906445
0.21,145,0.0016221001394706063
0.21,146,-0.002198213381391572
0.21,147,-0.0016720630518302086
0.21,148,-0.0008672421800957941
0.21,149,-0.0015435725836724053
0.21,150,-0.0011576489279775744
0.21,151,-0.0018950199975192516
0.21,152,0.0020817031644163766
0.21,153,0.0021867644305037176
0.21,154,0.0011304197610175193
0.21,155,0.00278971801152086
0.21,156,0.0002096886809330637
0.21,157,-0.0005901881434703801
0.21,158,0.006341616937202172
0.21,159,0.002243418072850343
0.21,160,0.002575660105323701
0.21,161,-0.002628101140498897
0.21,162,0.00923264991845006
0.21,163,-0.0011724819213004124
0.21,164,0.008455381767851475
0.21,165,-0.0009705080173150752
0.21,166,0.005050901843987051
0.21,167,0.003074425421007283
0.21,168,-0.003883393996057963
0.21,169,0.005489756946364532
0.21,170,-0.0024306025950139973
0.21,171,-0.0009168560611271392
0.21,172,-0.0018313756128553599
0.21,173,0.0024894037363349148
0.21,174,-0.0013827288054962471
0.21,175,0.0022817891237605155
0.21,176,0.0036607449484556067
0.21,177,-0.0004959723356759994
0.21,178,0.006573789351123774
0.21,179,0.001229383165780399
0.21,180,0.004344583669930275
0.21,181,0.005104552796692357
0.21,182,0.0011123920599804854
0.21,183,0.007594554429826451
0.21,184,0.009971900263461746
0.21,185,-0.0025168622681913597
0.21,186,0.008467299012877986
0.21,187,0.017159309875971963
0.21,188,0.012050096177913576
0.21,189,0.027997125146688184
0.21,190,0.06440550884352214
0.21,191,0.003958252987511138
0.21,192,0.44439956080803966
0.21,193,0.012966961419502834
0.21,194,0.0100005183564922
0.21,195,-0.0010810935015702263
0.21,196,0.0005989729647835977
0.21,197,0.0005399446889454351
0.21,198,0.00018934371294838416
0.22,intercept,-0.004397903381818987
0.22,1,0.005197568082752062
0.22,2,0.0037158972330928156
0.22,3,0.006544354833683935
0.22,4,0.001727443777702862
0.22,5,0.0034337238226729203
0.22,6,0.0025871792271846806
0.22,7,0.0031532310162879834
0.22,8,0.0022366990756045985
0.22,9,0.0028272131303322305
0.22,10,-0.0006721619442328395
0.22,11,0.0010171795089407845
0.22,12,0.00041738164053756974
0.22,13,-0.0016894092549742717
0.22,14,-0.000337894070954573
0.22,15,0.0004783253631856374
0.22,16,0.0005159712900875474
0.22,17,-1.448176821100804e-5
0.22,18,0.0029245365821379964
0.22,19,-0.0003254631270690622
0.22,20,0.0014122275937554216
0.22,21,0.0010832852078778885
0.22,22,1.5893113479441737e-5
0.22,23,0.0009197072408439255
0.22,24,-0.0023655377465282156
0.22,25,0.00078679071812956
0.22,26,0.0021319690230289087
0.22,27,-0.0029027216811957296
0.22,28,0.0030712092215894387
0.22,29,0.0010517153001946727
0.22,30,-0.0026142000432061445
0.22,31,-0.00112358037940347
0.22,32,-0.0011758356033491845
0.22,33,0.001427813602423968
0.22,34,-0.002206570188878174
0.22,35,0.00019042452546582143
0.22,36,-0.001116417255555806
0.22,37,0.0011390059327132298
0.22,38,-0.00026251368967240276
0.22,39,-0.001627072482912215
0.22,40,0.004035401436807189
0.22,41,-0.0019727263034909214
0.22,42,0.0022153570468439886
0.22,43,6.835855327073539e-5
0.22,44,-0.0008112682468406248
0.22,45,0.003333631591994169
0.22,46,-0.0028110148456402784
0.22,47,0.0007118365047792823
0.22,48,-0.0019008853800065082
0.22,49,-0.0016132768153982713
0.22,50,0.00048730549257075426
0.22,51,-0.00034814333210720434
0.22,52,-0.0022583710814485874
0.22,53,-7.291880773052833e-6
0.22,54,0.0011057592989343274
0.22,55,0.000722075745610119
0.22,56,0.0006044352095864963
0.22,57,-0.0004591008779981545
0.22,58,0.0010163553377859449
0.22,59,0.0019385472291621052
0.22,60,0.001249813392022972
0.22,61,-0.0012783022728799105
0.22,62,0.0028311285236101024
0.22,63,-4.8019261981964845e-5
0.22,64,0.0030230079956566945
0.22,65,0.003865278098356637
0.22,66,-0.0008324674391675309
0.22,67,0.0029207851496095556
0.22,68,-0.0009246574337925025
0.22,69,0.00016682823950457245
0.22,70,0.001232730863914881
0.22,71,0.003671989592340118
0.22,72,-0.0021910020715083535
0.22,73,0.0007685608754028771
0.22,74,-0.002319743466609287
0.22,75,-0.0030664518110799397
0.22,76,0.00042016287568508116
0.22,77,-0.002749744400186183
0.22,78,-0.00012890552879094326
0.22,79,-0.00029822106065322733
0.22,80,0.00045717348026403146
0.22,81,-0.0012571035715346866
0.22,82,-0.00034780310753060095
0.22,83,0.0027961283461539277
0.22,84,-0.00042885364567464334
0.22,85,-0.00016020587759173058
0.22,86,0.00018432227082530492
0.22,87,-0.00023971449215452333
0.22,88,-0.0015052156192293686
0.22,89,-0.0006085367337131492
0.22,90,0.0032856694544771956
0.22,91,-0.002136293018797132
0.22,92,0.003560815848922179
0.22,93,0.0005814462822025385
0.22,94,0.002314247294098892
0.22,95,0.00020543203058116566
0.22,96,0.0024879180533357997
0.22,97,0.008340332735258192
0.22,98,0.005549215613950721
0.22,99,0.008966677773789093
0.22,100,0.0052158356646982065
0.22,101,0.002243665864900138
0.22,102,0.004216992927023013
0.22,103,0.0035874430190663813
0.22,104,0.0012512766609056674
0.22,105,0.0038885507748362426
0.22,106,0.0027590616308874
0.22,107,-0.0010972325280407531
0.22,108,0.00317170689767515
0.22,109,0.0001787405656719863
0.22,110,0.0009817548124463863
0.22,111,3.8244894846319894e-7
0.22,112,0.003205376987015665
0.22,113,0.00043901786435533724
0.22,114,-0.0031330892943336186
0.22,115,0.0014690233086708951
0.22,116,0.000619387918392953
0.22,117,-0.0009453121164262027
0.22,118,0.0020475936141427717
0.22,119,-7.815584625623752e-5
0.22,120,-0.0016723271609869457
0.22,121,0.002048016628628099
0.22,122,0.001234798047116275
0.22,123,-0.0002440827746520864
0.22,124,2.023394549939568e-5
0.22,125,-0.001072633407229883
0.22,126,0.0003671387970827527
0.22,127,0.00046383227692399005
0.22,128,-0.00273962265872455
0.22,129,-0.001720237496261688
0.22,130,-0.00064688227867826
0.22,131,-0.0001459501695465163
0.22,132,-0.0020056714854422117
0.22,133,0.001152138525967634
0.22,134,-0.002288634386073622
0.22,135,0.0014301407771177155
0.22,136,0.001998804188273839
0.22,137,-0.001122334435080286
0.22,138,0.002779017622105616
0.22,139,-0.002715516213996905
0.22,140,0.001729220071395588
0.22,141,0.0034409993586170624
0.22,142,-0.0013085940139736937
0.22,143,0.002601920685323529
0.22,144,0.0008489975454208695
0.22,145,0.001601025193627347
0.22,146,-0.002506821909764619
0.22,147,-0.0017678044214386192
0.22,148,-0.0003053902443122018
0.22,149,-0.0018605094493276107
0.22,150,-0.0013916872265923117
0.22,151,-0.0019085370547514708
0.22,152,0.002125004037591913
0.22,153,0.0023995619843136086
0.22,154,0.0014697593390969128
0.22,155,0.0024572591026058715
0.22,156,-0.00026446065031374686
0.22,157,-0.0007153064097180537
0.22,158,0.0061387803722762185
0.22,159,0.002278612882409751
0.22,160,0.002146603935687563
0.22,161,-0.0013998273144850103
0.22,162,0.00941534858644563
0.22,163,-0.0016821977726890122
0.22,164,0.007988187456876903
0.22,165,-0.001368323713451615
0.22,166,0.005152312823923876
0.22,167,0.0036144724231167388
0.22,168,-0.00389781393189277
0.22,169,0.006049073030842738
0.22,170,-0.0019506653941825814
0.22,171,-0.001776711918858007
0.22,172,-0.001979048592424526
0.22,173,0.0024993804387391924
0.22,174,-0.001053130517230352
0.22,175,0.0019103292972171087
0.22,176,0.004249543988155534
0.22,177,-0.0005493396055593998
0.22,178,0.00650700908529364
0.22,179,0.0014452261970108946
0.22,180,0.0037570525921663237
0.22,181,0.004857783639933153
0.22,182,0.0003760121099918463
0.22,183,0.007664178706218222
0.22,184,0.010747496938431075
0.22,185,-0.00334455739172287
0.22,186,0.007673524949158128
0.22,187,0.01849938630026265
0.22,188,0.01122901308994526
0.22,189,0.028087158950138018
0.22,190,0.06561634419085896
0.22,191,0.0016535589092280774
0.22,192,0.4599640947932937
0.22,193,0.012875103590627445
0.22,194,0.009614683071013142
0.22,195,-0.0010883864548094698
0.22,196,0.0005686813472502876
0.22,197,0.0005684163221854932
0.22,198,0.00019365500383992668
0.23,intercept,-0.004318120075459705
0.23,1,0.004797273407463161
0.23,2,0.0039327424009814186
0.23,3,0.005985459939515554
0.23,4,0.001939840655506806
0.23,5,0.0039652975061215505
0.23,6,0.0019028443449724064
0.23,7,0.0031771450111193313
0.23,8,0.00264454631389616
0.23,9,0.0022996478192183196
0.23,10,-0.0008219796512970683
0.23,11,0.0014090209856908256
0.23,12,-0.00012200535977671036
0.23,13,-1.5377572142467527e-6
0.23,14,-0.0011533325861914495
0.23,15,0.0006657325862837232
0.23,16,-0.0008543506685403584
0.23,17,0.0006952186468807699
0.23,18,0.002429852123535567
0.23,19,5.830092702220291e-5
0.23,20,0.001372309923081127
0.23,21,0.0011916231580916968
0.23,22,0.001210766376284907
0.23,23,0.00010591657545741737
0.23,24,-0.0019117205984589215
0.23,25,7.77759380741698e-6
0.23,26,0.0021892968792661138
0.23,27,-0.0030404600885337854
0.23,28,0.00331940821760671
0.23,29,0.0002433945718639787
0.23,30,-0.0027087401301287973
0.23,31,-0.0011074139737651402
0.23,32,-0.0017592180535653046
0.23,33,0.002312938218896226
0.23,34,-0.002129416634124275
0.23,35,-0.0002697965382387924
0.23,36,-0.0005778818696296692
0.23,37,0.0010947126712369717
0.23,38,-0.0005605489593551266
0.23,39,-0.0014457837743608965
0.23,40,0.0038410977510991554
0.23,41,-0.0020062363979267057
0.23,42,0.0024583172056255606
0.23,43,-0.000790926205693498
0.23,44,-0.0007850253947108019
0.23,45,0.0033890940258964842
0.23,46,-0.0022297597996236485
0.23,47,0.0010868045099626934
0.23,48,-0.0032072136009710403
0.23,49,-0.0006506671600814262
0.23,50,0.000150725109506417
0.23,51,-0.0010608104212543044
0.23,52,-0.0016881219578267505
0.23,53,-0.00040547528708166565
0.23,54,0.0012938850429674573
0.23,55,0.00025849778725300416
0.23,56,0.0011159370440547783
0.23,57,-0.0003370872972502993
0.23,58,0.0012278160349369542
0.23,59,0.0017279349761075667
0.23,60,0.002082316604577858
0.23,61,-0.0022029850787146383
0.23,62,0.0023747505981567855
0.23,63,0.0004933478663662199
0.23,64,0.0017710341881487415
0.23,65,0.00429284347694006
0.23,66,-0.0006981816459437554
0.23,67,0.0025463257689241217
0.23,68,-0.000519932099184402
0.23,69,-0.00014584680564352605
0.23,70,0.0016219166590055152
0.23,71,0.0035828383142225855
0.23,72,-0.0012460585523146799
0.23,73,0.00048136725415011747
0.23,74,-0.0030366380814927777
0.23,75,-0.002475623965927997
0.23,76,0.00025032717122440423
0.23,77,-0.002229134284375374
0.23,78,0.0001266107547374118
0.23,79,-0.0006744378344015938
0.23,80,-3.6621865108374945e-5
0.23,81,-0.0013966872395799726
0.23,82,-0.001011529639419057
0.23,83,0.002878544383771713
0.23,84,8.058681949521172e-6
0.23,85,-0.0002393487546110791
0.23,86,0.00033275324207246394
0.23,87,-0.0011462100685546849
0.23,88,-0.00012214659311360926
0.23,89,-0.0004498101085689921
0.23,90,0.002975875876996474
0.23,91,-0.0016173744459574745
0.23,92,0.0037969922286469854
0.23,93,0.0016410919094823142
0.23,94,0.0013532374710993045
0.23,95,0.000598456724875146
0.23,96,0.001059969889648459
0.23,97,0.009063258242483852
0.23,98,0.005253003971124424
0.23,99,0.00861129486437505
0.23,100,0.006092441870350205
0.23,101,0.002058572063796573
0.23,102,0.004439665315246787
0.23,103,0.003646240766928644
0.23,104,0.000993429714869245
0.23,105,0.004511715585942353
0.23,106,0.003293829840979138
0.23,107,-0.0017849160842746824
0.23,108,0.0029847525530661283
0.23,109,0.000776078235335
0.23,110,0.000868570012673179
0.23,111,0.00032952196336174237
0.23,112,0.00308185193451308
0.23,113,0.0002730255650264403
0.23,114,-0.002965972788146981
0.23,115,0.0014102425202689186
0.23,116,0.00017357413140933596
0.23,117,-0.001432783048149507
0.23,118,0.002114123381358264
0.23,119,0.00011074137127012652
0.23,120,-0.001401787154211933
0.23,121,0.0017844521781867006
0.23,122,0.0005309229459913934
0.23,123,0.0005260961375473643
0.23,124,-0.00013271830830661292
0.23,125,-0.0015442529086775085
0.23,126,0.0011774325921404885
0.23,127,0.00030337316374746547
0.23,128,-0.0026293009260999387
0.23,129,-0.0020678021218443108
0.23,130,-0.0005729652751341005
0.23,131,-0.0005127437516443704
0.23,132,-0.0014384077003100008
0.23,133,0.0007464414591934308
0.23,134,-0.0026516741548619363
0.23,135,0.0013368966744801377
0.23,136,0.0019965717518821086
0.23,137,-0.0005732587748375763
0.23,138,0.0022411145854445455
0.23,139,-0.0025648274054944943
0.23,140,0.0012178156905164013
0.23,141,0.0031538459639461973
0.23,142,-0.0005303939818654404
0.23,143,0.002104807415279096
0.23,144,0.0010092925543048435
0.23,145,0.0016491919310385958
0.23,146,-0.0025200761922653707
0.23,147,-0.0021883456922613693
0.23,148,-0.0002074864908445743
0.23,149,-0.0017497646276374162
0.23,150,-0.001693202885897686
0.23,151,-0.001149296539740223
0.23,152,0.0015637575968696497
0.23,153,0.0031426059196210236
0.23,154,0.0015466884352402254
0.23,155,0.0019965873314830053
0.23,156,-0.0010091373051402926
0.23,157,-0.0008874935188206128
0.23,158,0.006357829862774411
0.23,159,0.0013556267561321102
0.23,160,0.003067824943910972
0.23,161,-0.0009851827853237841
0.23,162,0.008741505802768642
0.23,163,-0.0005316754949915419
0.23,164,0.0071868882188081485
0.23,165,-0.0012146832650012146
0.23,166,0.006467758364574695
0.23,167,0.0025304938170348803
0.23,168,-0.0014382354447638756
0.23,169,0.004292281099848248
0.23,170,-0.0020216085427603183
0.23,171,-0.0028563586753581837
0.23,172,-0.0010055180095851406
0.23,173,0.0020303689346976616
0.23,174,-0.0008263399282749192
0.23,175,0.0019748600612501882
0.23,176,0.00365376784190872
0.23,177,-0.000539121428787868
0.23,178,0.0056037260084927975
0.23,179,0.0009695303694822888
0.23,180,0.004128294742775051
0.23,181,0.004565603086127893
0.23,182,0.0009458499280800863
0.23,183,0.006629296557896152
0.23,184,0.011556918605422977
0.23,185,-0.002861109703982921
0.23,186,0.006247238960612467
0.23,187,0.01948481293270314
0.23,188,0.009394043825553996
0.23,189,0.02889063982158912
0.23,190,0.06522539012982496
0.23,191,0.0024155505669831647
0.23,192,0.47631918848619587
0.23,193,0.012826051682756467
0.23,194,0.009195582280713252
0.23,195,-0.0010525485972185857
0.23,196,0.0005010944438722662
0.23,197,0.0005550278730206658
0.23,198,0.0002660186492712468
0.24,intercept,-0.004317584207033997
0.24,1,0.005459553155271415
0.24,2,0.003780571451748814
0.24,3,0.005787441464531966
0.24,4,0.0016874363770610912
0.24,5,0.0039490823148435215
0.24,6,0.001197354164689851
0.24,7,0.0034180096527751773
0.24,8,0.003004554620478289
0.24,9,0.0011566118413388555
0.24,10,-0.0007484863167555557
0.24,11,0.002396793542163716
0.24,12,-0.000450151788714148
0.24,13,-0.00010228698934290058
0.24,14,-0.0007279820285626504
0.24,15,0.00048284548620081645
0.24,16,-0.00034699212296046
0.24,17,0.0008758632145282864
0.24,18,0.002931461504048903
0.24,19,-0.0004196354227824317
0.24,20,0.0009435295286827426
0.24,21,0.0016570909991029798
0.24,22,0.000264320771422325
0.24,23,0.0005323462911901489
0.24,24,-0.0019710726889008226
0.24,25,-0.0001008571275102627
0.24,26,0.0028490699229432046
0.24,27,-0.0033189584187392884
0.24,28,0.003279649289342572
0.24,29,-0.0004102669973433134
0.24,30,-0.002554870586802386
0.24,31,-0.001136223119383425
0.24,32,-0.0016357600472803623
0.24,33,0.002655869907352374
0.24,34,-0.0029158717434325902
0.24,35,0.00022726354459193745
0.24,36,-0.00032186166708984116
0.24,37,0.0007356092954036094
0.24,38,-0.0009808919150203867
0.24,39,-0.001197460833666884
0.24,40,0.0036838727302294324
0.24,41,-0.0024060039388575333
0.24,42,0.002491412582641148
0.24,43,-0.0013427916728579131
0.24,44,-0.0009011272956462409
0.24,45,0.0034016469101504536
0.24,46,-0.0023245703645183246
0.24,47,0.002593375141303824
0.24,48,-0.0035558236702053006
0.24,49,-0.00040913361048280477
0.24,50,0.0002170388284619909
0.24,51,-0.00156794974419342
0.24,52,-0.0022175222966043396
0.24,53,-0.00015238160301295507
0.24,54,0.0017902226772314926
0.24,55,-0.0003410917901328714
0.24,56,0.0013110214528713466
0.24,57,-0.0003966275590958586
0.24,58,0.0007710906635880738
0.24,59,0.00226869114899714
0.24,60,0.0018385445284195433
0.24,61,-0.002596071259777843
0.24,62,0.002790758012635075
0.24,63,0.00016010509286676879
0.24,64,0.0034384679880287206
0.24,65,0.003771935538596166
0.24,66,-0.0006793678446290171
0.24,67,0.0017178079205415581
0.24,68,-0.00018585432973745148
0.24,69,0.00046571486443128165
0.24,70,0.0010721982683663228
0.24,71,0.0034931218667220115
0.24,72,-0.0011720082252459222
0.24,73,-0.0007177766594871904
0.24,74,-0.0028247816967207694
0.24,75,-0.0015239174489557897
0.24,76,7.678793315872996e-5
0.24,77,-0.002163817523603136
0.24,78,0.00042751874129738675
0.24,79,0.0010774278487198298
0.24,80,-0.0011879247105102807
0.24,81,-0.000535960737031265
0.24,82,-0.0025442062395158904
0.24,83,0.0028390163608779414
0.24,84,-0.0008965876988611822
0.24,85,0.0003058363504256351
0.24,86,0.00012877648792704408
0.24,87,-0.001248928890184617
0.24,88,5.162196714046508e-5
0.24,89,-0.0007401643343441883
0.24,90,0.002207729462878234
0.24,91,-0.0015846043470081391
0.24,92,0.004279180307269846
0.24,93,0.0010743475301410851
0.24,94,0.002358068551919672
0.24,95,0.0006966305117953321
0.24,96,0.0007510986464355249
0.24,97,0.009575817023154637
0.24,98,0.005974350476179432
0.24,99,0.008359740146620099
0.24,100,0.0057923568973000305
0.24,101,0.002528455973703265
0.24,102,0.004070306202033604
0.24,103,0.004476318180636771
0.24,104,0.00044057445767025207
0.24,105,0.005290692612336773
0.24,106,0.002554822653362982
0.24,107,-0.0016988044360568876
0.24,108,0.0027856214632374023
0.24,109,0.001011415259306114
0.24,110,0.0009678642381281992
0.24,111,0.0008435561883806279
0.24,112,0.0029363525418152035
0.24,113,-0.0001743433967222959
0.24,114,-0.002807153860958213
0.24,115,0.0014502115966021486
0.24,116,-4.67508493971478e-5
0.24,117,-0.0014642530796359153
0.24,118,0.002364907063976461
0.24,119,0.00019107204802452558
0.24,120,-0.0010104457640703606
0.24,121,0.001370475260213626
0.24,122,0.0004942072538780943
0.24,123,0.00037953001005608454
0.24,124,-0.0004909406893390954
0.24,125,-0.0014348519156715174
0.24,126,0.000984386760999257
0.24,127,0.0005617929261870564
0.24,128,-0.0025094079427905145
0.24,129,-0.0017863000944726615
0.24,130,-0.0009351618346800713
0.24,131,-0.0001854415263348058
0.24,132,-0.0022019295808825105
0.24,133,0.0012442856436021552
0.24,134,-0.0029152595297266735
0.24,135,0.001364057449122607
0.24,136,0.0020325753778965457
0.24,137,-0.0008099068044756401
0.24,138,0.0027831114781021876
0.24,139,-0.0033572855065746826
0.24,140,0.00195797302206632
0.24,141,0.0024156759567478367
0.24,142,0.0002641031753810313
0.24,143,0.0014992044706785652
0.24,144,0.0015015644116966158
0.24,145,0.000598853038510032
0.24,146,-0.0027245974432122525
0.24,147,-0.0016890292731596198
0.24,148,-0.0003331042698913606
0.24,149,-0.0005925857577437903
0.24,150,-0.002220404465669022
0.24,151,-0.0012101971806179363
0.24,152,0.0019845298223713083
0.24,153,0.0030095039731030146
0.24,154,0.0011778733903493733
0.24,155,0.0026719088296691
0.24,156,-0.0006506663975540563
0.24,157,-0.0007840650126775354
0.24,158,0.00549932920225872
0.24,159,0.0013281115584797135
0.24,160,0.0026268464189255054
0.24,161,-0.0010789450369743745
0.24,162,0.008420874405837133
0.24,163,-0.0010063538771898051
0.24,164,0.007062824014393854
0.24,165,-0.0008544241655547295
0.24,166,0.0058692786879617756
0.24,167,0.0034208031024810723
0.24,168,-0.0015868722805537942
0.24,169,0.004720275691815072
0.24,170,-0.0015135830297570304
0.24,171,-0.0030975525425318874
0.24,172,-0.0009593836801277539
0.24,173,0.0015509250864101083
0.24,174,-0.0005690751264050572
0.24,175,0.0013842820235896516
0.24,176,0.00398771691961043
0.24,177,-0.0005031177002107388
0.24,178,0.0044310255853679155
0.24,179,0.0023592389204711763
0.24,180,0.0026699716730488694
0.24,181,0.004793601666136731
0.24,182,0.0014007663480196698
0.24,183,0.00620359689613181
0.24,184,0.011686432473329055
0.24,185,-0.0027382946170526443
0.24,186,0.004959461468748883
0.24,187,0.020390204612757288
0.24,188,0.008629937406299746
0.24,189,0.02873054310050253
0.24,190,0.06772691551818918
0.24,191,0.00414349092125806
0.24,192,0.48889663290001556
0.24,193,0.012126147432030776
0.24,194,0.009057731742140536
0.24,195,-0.0010256655284194467
0.24,196,0.0005173722326836965
0.24,197,0.0005406470922538873
0.24,198,0.0002772039633522186
0.25,intercept,-0.004260294233328182
0.25,1,0.005631346413596122
0.25,2,0.0035747911350511178
0.25,3,0.005243642097133103
0.25,4,0.001556448984480296
0.25,5,0.0038626625319068213
0.25,6,0.0008060070503164241
0.25,7,0.004187318933977243
0.25,8,0.0025130194732667695
0.25,9,0.0015596903284236558
0.25,10,-0.0005508820886302386
0.25,11,0.002017171037565398
0.25,12,-0.00019057200676189106
0.25,13,0.0002850491172932902
0.25,14,-0.0007857657794458738
0.25,15,0.0008410175102731828
0.25,16,-0.0006515216702217585
0.25,17,0.0008405507130741831
0.25,18,0.002374326070807694
0.25,19,0.00011699995354299338
0.25,20,0.0006613473969826799
0.25,21,0.0017016265533228334
0.25,22,-6.023286340777491e-7
0.25,23,0.00047955438179335646
0.25,24,-0.0018709242353099269
0.25,25,0.00021101291834790735
0.25,26,0.002709186624059045
0.25,27,-0.0033771746843219617
0.25,28,0.0032780711492014993
0.25,29,-0.0003412949275663729
0.25,30,-0.0025125539434387657
0.25,31,-0.0015623460964892565
0.25,32,-0.0013932899482710821
0.25,33,0.0024142269881236565
0.25,34,-0.002872787554593974
0.25,35,0.00013204291764742871
0.25,36,-0.0007593401366779717
0.25,37,0.0011279229286783098
0.25,38,-0.0013773192250654382
0.25,39,-0.0007629833549228097
0.25,40,0.0035311432352415676
0.25,41,-0.002380850827284431
0.25,42,0.002693285356450146
0.25,43,-0.001774243894745305
0.25,44,-0.0011683369900392531
0.25,45,0.0030694047342470477
0.25,46,-0.002967971677910703
0.25,47,0.003043069555522
0.25,48,-0.0038019880922284767
0.25,49,-5.8440761579428864e-5
0.25,50,-0.0003381082357397314
0.25,51,-0.0011281131439608123
0.25,52,-0.0022278379984706077
0.25,53,0.00021482552978610537
0.25,54,0.001747197609455556
0.25,55,-0.0009966632240910624
0.25,56,0.002336338796954052
0.25,57,-0.000727699145697908
0.25,58,0.0013145624015268402
0.25,59,0.0017639432410163382
0.25,60,0.0013723728607318072
0.25,61,-0.002697343422316984
0.25,62,0.0026012281896971175
0.25,63,-0.00041848616997193467
0.25,64,0.003996186744697791
0.25,65,0.003390839680697724
0.25,66,0.00011201180588490096
0.25,67,0.0024739542907243894
0.25,68,-0.000775098140107378
0.25,69,0.001001311069059653
0.25,70,0.001108773247696779
0.25,71,0.002119244567046185
0.25,72,-0.00041177824889637054
0.25,73,-0.0006490602755105772
0.25,74,-0.0018630088014280866
0.25,75,-0.0026772548982084083
0.25,76,-5.267925826458769e-5
0.25,77,-0.0017558354231770764
0.25,78,5.727067098486669e-6
0.25,79,0.001547564162893579
0.25,80,-0.001190184802068448
0.25,81,-0.0001652202703769803
0.25,82,-0.0023444901506956975
0.25,83,0.0027059096125251936
0.25,84,-0.0009632436814800028
0.25,85,-0.00012528376373364123
0.25,86,0.00066842251092399
0.25,87,-0.002658210858923268
0.25,88,0.0007919864455618262
0.25,89,-0.0002582063696421481
0.25,90,0.002174328720142404
0.25,91,-0.002248511254554227
0.25,92,0.004452667126126664
0.25,93,0.0016555933110077839
0.25,94,0.002513410712431545
0.25,95,0.001258948452155413
0.25,96,0.0007083310080161414
0.25,97,0.00822796636099713
0.25,98,0.007495961053791873
0.25,99,0.008624356193922034
0.25,100,0.005331321676767962
0.25,101,0.0027859058571815362
0.25,102,0.0036479657762176973
0.25,103,0.005143559745533263
0.25,104,-0.0002879145487654911
0.25,105,0.005337983541403765
0.25,106,0.0025922113355165105
0.25,107,-0.0017420100513173974
0.25,108,0.0034171277650748007
0.25,109,0.0003068111982443679
0.25,110,0.0013632089318946542
0.25,111,0.0008337792912539079
0.25,112,0.00237171932618678
0.25,113,-0.00026503647884451657
0.25,114,-0.003041397346263624
0.25,115,0.0015527692762470565
0.25,116,-0.0002304332133493905
0.25,117,-0.0019579568849324466
0.25,118,0.002423538541355194
0.25,119,-0.00024404722119436537
0.25,120,-0.0006758568472386367
0.25,121,0.0009171991202913231
0.25,122,0.0007804781582187476
0.25,123,0.00034189469976021074
0.25,124,-0.0005647509932288691
0.25,125,-0.0017785403434618684
0.25,126,0.0010852752452258497
0.25,127,0.000757945621222305
0.25,128,-0.0026178488258414632
0.25,129,-0.0016182261468313886
0.25,130,-0.0011673893184264833
0.25,131,-6.945213926114154e-5
0.25,132,-0.002611205730026383
0.25,133,0.0009678055715263107
0.25,134,-0.0022531505028317946
0.25,135,0.0017917598421227463
0.25,136,0.002180715488790559
0.25,137,-0.0007918299924083534
0.25,138,0.0023211598914277642
0.25,139,-0.0034306101939175007
0.25,140,0.002125737545989119
0.25,141,0.0021385246498968388
0.25,142,0.0010777365202999216
0.25,143,0.001144856000732677
0.25,144,0.0008582651677186189
0.25,145,0.0007876004421841521
0.25,146,-0.0025941664384582673
0.25,147,-0.0014734032747508576
0.25,148,-0.0009620199636919576
0.25,149,-0.0001526513753192027
0.25,150,-0.0022250450315547377
0.25,151,-0.0017529400584329175
0.25,152,0.002101821489621192
0.25,153,0.0019966099908749
0.25,154,0.0017539017113078778
0.25,155,0.0024222292762921902
0.25,156,0.00017251138330070186
0.25,157,-0.0007130102057325583
0.25,158,0.005958649369824147
0.25,159,0.0010378843307258308
0.25,160,0.0021072396121424165
0.25,161,-0.0005350028242177626
0.25,162,0.00795974649296045
0.25,163,-0.0008686448924056615
0.25,164,0.0070111316202896325
0.25,165,-0.0002033458024230592
0.25,166,0.00455251143773311
0.25,167,0.003597408246350652
0.25,168,-0.0019234197784708954
0.25,169,0.004719484091438543
0.25,170,-0.0011108175425671865
0.25,171,-0.003049901828600196
0.25,172,-0.0005558477842370357
0.25,173,0.001381688168722795
0.25,174,-0.0008247839141076546
0.25,175,0.0011836294848153307
0.25,176,0.0036485910785194
0.25,177,-0.0002166003673093457
0.25,178,0.0034035325216841055
0.25,179,0.002306809622224278
0.25,180,0.0029355142064597193
0.25,181,0.0054962863013599
0.25,182,0.0011122958278173194
0.25,183,0.005166311852419236
0.25,184,0.013074432904200349
0.25,185,-0.003151932146757018
0.25,186,0.004723304204417388
0.25,187,0.02060960815765761
0.25,188,0.009531379706543885
0.25,189,0.02616642511739928
0.25,190,0.06846316898217707
0.25,191,0.006909146872274826
0.25,192,0.5027481195684076
0.25,193,0.011496891345030453
0.25,194,0.008896059496753412
0.25,195,-0.0009745826602060989
0.25,196,0.0004942872856961639
0.25,197,0.0005546447447974474
0.25,198,0.0003080508308525117
0.26,intercept,-0.00424121351233339
0.26,1,0.00690956338492178
0.26,2,0.002587723843858885
0.26,3,0.005404060987450107
0.26,4,0.0024328667198188192
0.26,5,0.0031005190378416755
0.26,6,0.0011553196626490397
0.26,7,0.0042003839581255175
0.26,8,0.0026015326771173415
0.26,9,0.0012451335240173426
0.26,10,-0.00036641300599333826
0.26,11,0.0024121098744373168
0.26,12,-0.00034708123852057
0.26,13,0.00036976597610568595
0.26,14,-0.000737322395899227
0.26,15,-7.578287641443363e-6
0.26,16,6.556235485480932e-5
0.26,17,0.0005324835714532513
0.26,18,0.0025293563137046317
0.26,19,4.5429947565840274e-5
0.26,20,0.000710985881148812
0.26,21,0.0019039950128474767
0.26,22,-0.00016077835319073722
0.26,23,0.0007086039140451667
0.26,24,-0.0024953190782633513
0.26,25,0.0005490362105631784
0.26,26,0.001974481884769429
0.26,27,-0.0029455887921039183
0.26,28,0.003413965038434901
0.26,29,-0.0009868930550404784
0.26,30,-0.0019736511563551934
0.26,31,-0.002330230931664917
0.26,32,-0.0004036327594802415
0.26,33,0.0021492023011160264
0.26,34,-0.003113274431963461
0.26,35,0.00023636587015148832
0.26,36,-0.0011060738894289532
0.26,37,0.0014759903458918394
0.26,38,-0.0015695204225373526
0.26,39,-0.00044937766291288495
0.26,40,0.0034552003161146512
0.26,41,-0.0021383032638469233
0.26,42,0.0024323603971771347
0.26,43,-0.0019061312961064438
0.26,44,-0.001193892368436721
0.26,45,0.003133224505864689
0.26,46,-0.003086935368549584
0.26,47,0.0022143331375836803
0.26,48,-0.002822227033104119
0.26,49,-0.00023643674173446608
0.26,50,-0.000507881153099487
0.26,51,-0.0008827132805496195
0.26,52,-0.0020837361599818516
0.26,53,0.0004610062484451511
0.26,54,0.0016192827759576298
0.26,55,-0.0012878938118249773
0.26,56,0.002498268988681818
0.26,57,-0.0009495065212278482
0.26,58,0.001452045727675631
0.26,59,0.0016626445206393379
0.26,60,0.0013444150955296192
0.26,61,-0.002948758578541252
0.26,62,0.0026094075338153537
0.26,63,-0.00041488273485979133
0.26,64,0.003986250320182391
0.26,65,0.003227155435287912
0.26,66,0.0001654865101336837
0.26,67,0.0026680585080956134
0.26,68,-0.001134298439532507
0.26,69,0.0011140939418571873
0.26,70,0.001311398319397832
0.26,71,0.0014285275232903069
0.26,72,-0.00031358878112642104
0.26,73,2.978390930824288e-6
0.26,74,-0.002175418456398204
0.26,75,-0.0026172741709258917
0.26,76,3.566072832122571e-5
0.26,77,-0.002190107141916842
0.26,78,-4.6527203889649044e-5
0.26,79,0.0018700139450365453
0.26,80,-0.0020510009104194576
0.26,81,0.0001533402062371491
0.26,82,-0.0028718623178203536
0.26,83,0.0031059201679156426
0.26,84,-0.0011524798080695031
0.26,85,-0.000584891554745453
0.26,86,0.0020676130576829195
0.26,87,-0.0028512331342415193
0.26,88,0.0007705911165711374
0.26,89,-0.0003382353275812014
0.26,90,0.0016329833079073868
0.26,91,-0.0008730550096034053
0.26,92,0.003694641815224699
0.26,93,0.0016436846466071112
0.26,94,0.0033003797646002195
0.26,95,0.0011656740747909733
0.26,96,0.0004887182212898669
0.26,97,0.00843102764960065
0.26,98,0.006694670659813172
0.26,99,0.008030571702762118
0.26,100,0.00512991081560178
0.26,101,0.002440196078861266
0.26,102,0.0043430387220509984
0.26,103,0.004991084210322474
0.26,104,-0.0005513627455983487
0.26,105,0.006215046632922847
0.26,106,0.0021632953694818327
0.26,107,-0.00047466872438160855
0.26,108,0.0029778656057906213
0.26,109,0.0005539876307354217
0.26,110,0.0009068470119487043
0.26,111,0.0007893390075857169
0.26,112,0.002303486386309186
0.26,113,-0.0004322325418781645
0.26,114,-0.0028717774712089363
0.26,115,0.0012915125910822629
0.26,116,5.4566793452603634e-5
0.26,117,-0.0018472180359204236
0.26,118,0.0020913142289058478
0.26,119,-0.000509366648418661
0.26,120,-0.00042986561251592283
0.26,121,0.000747983274583147
0.26,122,0.0009561245473985412
0.26,123,0.0006525959995716649
0.26,124,-0.0004442854296498147
0.26,125,-0.001984043838521053
0.26,126,0.0009984749986369768
0.26,127,0.0010260625759706977
0.26,128,-0.0025956491297089335
0.26,129,-0.0014370894209744084
0.26,130,-0.0009109893355747628
0.26,131,-1.1162104004259251e-5
0.26,132,-0.0030404276313860507
0.26,133,0.0013234026068249893
0.26,134,-0.0028206487124641444
0.26,135,0.0018915955524730062
0.26,136,0.00186542609188537
0.26,137,2.2151059827368688e-6
0.26,138,0.0019201144116542078
0.26,139,-0.0031982544180110257
0.26,140,0.001612668073093095
0.26,141,0.0027433694196042197
0.26,142,0.0004732957441607635
0.26,143,0.001393697157081826
0.26,144,0.000905892140410656
0.26,145,0.0006673831735779357
0.26,146,-0.0023483815921566138
0.26,147,-0.0020710539006734753
0.26,148,0.00010104847015460187
0.26,149,-0.0008484034871513439
0.26,150,-0.001720481919858555
0.26,151,-0.0016587277661297276
0.26,152,0.0021933984238250615
0.26,153,0.0013432232291666797
0.26,154,0.0022143182750016793
0.26,155,0.002323692577267555
0.26,156,0.00031683785660116857
0.26,157,-0.000920268099589596
0.26,158,0.005149487074839543
0.26,159,0.0019070996531394126
0.26,160,0.0022769360545229675
0.26,161,0.00027529053559188635
0.26,162,0.007246370489877982
0.26,163,-0.0015974449740493906
0.26,164,0.0071812948914885015
0.26,165,-0.00030089994340183195
0.26,166,0.005031295754007236
0.26,167,0.003668067411381939
0.26,168,-0.0016392499899151485
0.26,169,0.004085149874792101
0.26,170,-0.0005985266259409736
0.26,171,-0.003776952651145916
0.26,172,-0.0003828894207952672
0.26,173,0.002126913949350227
0.26,174,-0.0016873214359762378
0.26,175,0.0019892237616595267
0.26,176,0.002725360639785663
0.26,177,-0.000599079680658845
0.26,178,0.0030327241217605375
0.26,179,0.0033611263047237014
0.26,180,0.002207544333480455
0.26,181,0.006293842520288913
0.26,182,0.0006500086510711641
0.26,183,0.00521473489502594
0.26,184,0.012387119508154305
0.26,185,-0.004248585379306161
0.26,186,0.005000126053299602
0.26,187,0.019910286728051785
0.26,188,0.008883510065756042
0.26,189,0.02500268823956128
0.26,190,0.06950414341320965
0.26,191,0.008906747582867589
0.26,192,0.5150626299822113
0.26,193,0.0111835515579909
0.26,194,0.00874869939554854
0.26,195,-0.0009915662922877415
0.26,196,0.0005238600930389583
0.26,197,0.0005385375913160685
0.26,198,0.0002886844073164991
0.27,intercept,-0.004190916201094629
0.27,1,0.006401506369897273
0.27,2,0.0033561836915325916
0.27,3,0.004705648292234339
0.27,4,0.0032116812433130816
0.27,5,0.002584646357017349
0.27,6,0.0012796539852307613
0.27,7,0.00441589408186043
0.27,8,0.002703252428485669
0.27,9,0.000662994045916098
0.27,10,-0.0004585846101620633
0.27,11,0.0027153873395937477
0.27,12,-0.00013883173156504057
0.27,13,0.001084008296475334
0.27,14,-0.001558233324370178
0.27,15,0.00023507137108256946
0.27,16,-0.00018481644139959082
0.27,17,0.00013454736787103544
0.27,18,0.0022450260632377707
0.27,19,0.00017915564441473215
0.27,20,0.0005378632661236759
0.27,21,0.0019717359556233782
0.27,22,-0.0001487402876443861
0.27,23,0.0006255224594795184
0.27,24,-0.0021232256855745557
0.27,25,6.6453820372396e-5
0.27,26,0.0020137002612448445
0.27,27,-0.0028430908067941262
0.27,28,0.003004443653075292
0.27,29,-0.000669161714102072
0.27,30,-0.0018800263121205823
0.27,31,-0.0022180142526801797
0.27,32,-0.0005709036991017314
0.27,33,0.0022108301220799095
0.27,34,-0.0032455054433875846
0.27,35,8.84198933190457e-5
0.27,36,-0.0013459263054758392
0.27,37,0.001981688226458364
0.27,38,-0.001564905141049927
0.27,39,-0.0007773881963798851
0.27,40,0.0035378855198006463
0.27,41,-0.0023179490012006604
0.27,42,0.002382997843138861
0.27,43,-0.001653693976328082
0.27,44,-0.0010283425237154634
0.27,45,0.0029762379752213686
0.27,46,-0.003505198149241033
0.27,47,0.0021115279681050386
0.27,48,-0.002577819945181177
0.27,49,0.00037971126449669573
0.27,50,-0.0010636948186560219
0.27,51,0.00033626992950614977
0.27,52,-0.003033561076602416
0.27,53,0.00039310124051004247
0.27,54,0.0016650892921865196
0.27,55,-0.0009717647412706848
0.27,56,0.0019095068521729206
0.27,57,-0.00045730896937766936
0.27,58,0.001626087176019617
0.27,59,0.0011697524494978175
0.27,60,0.0011462096213761918
0.27,61,-0.002492951965551759
0.27,62,0.0015688456299460607
0.27,63,1.1724841921198468e-5
0.27,64,0.0036662061864216333
0.27,65,0.0034081980761811992
0.27,66,0.0010580630565194039
0.27,67,0.002506879640268948
0.27,68,-0.0016152544836544828
0.27,69,0.0014248757411884213
0.27,70,0.0014972887441953358
0.27,71,0.00043066950457205775
0.27,72,5.817442371787222e-5
0.27,73,-0.001062926699298031
0.27,74,-0.001993117099791674
0.27,75,-0.0026309292228999695
0.27,76,0.00041462863738048645
0.27,77,-0.0020550081380995523
0.27,78,0.0004242112700594537
0.27,79,0.0010303615335179447
0.27,80,-0.0015802107139911527
0.27,81,6.38197452418408e-5
0.27,82,-0.002676736806937777
0.27,83,0.0032688036578773345
0.27,84,-0.00159804162336695
0.27,85,-0.0007753695251139452
0.27,86,0.0026104669838294407
0.27,87,-0.0029271829733789672
0.27,88,0.0003327153545125328
0.27,89,-0.00014078855744746382
0.27,90,0.0029582594202873496
0.27,91,-0.0009580650671244047
0.27,92,0.003203819797329653
0.27,93,0.0014900679477041477
0.27,94,0.0034687851381920414
0.27,95,0.0015811338054766107
0.27,96,9.196283567576705e-6
0.27,97,0.008057347294598899
0.27,98,0.006260894131517679
0.27,99,0.009424279289817646
0.27,100,0.004337395224438419
0.27,101,0.0025269216754869495
0.27,102,0.004571604124649874
0.27,103,0.005135570077007416
0.27,104,-0.0008108476348749394
0.27,105,0.0054363192271318205
0.27,106,0.0022482589614673614
0.27,107,-0.0005030404549668829
0.27,108,0.004086094776198231
0.27,109,-0.0005306771618532835
0.27,110,0.0015648498639494663
0.27,111,0.0005626446286420677
0.27,112,0.002396783170231058
0.27,113,-0.0005591027156697091
0.27,114,-0.002371041928362568
0.27,115,0.0010824414128623972
0.27,116,-2.897159074527991e-5
0.27,117,-0.0023917964497838554
0.27,118,0.0023029879434576126
0.27,119,-0.0005856193888879884
0.27,120,-0.0002512986826990664
0.27,121,0.0003754969077085551
0.27,122,0.0005721899388772639
0.27,123,0.0009167831609369788
0.27,124,-0.0007842732342291062
0.27,125,-0.0018211044342534754
0.27,126,0.0014442009932563555
0.27,127,0.0013048274154714215
0.27,128,-0.003356379166079757
0.27,129,-0.0015891567244269902
0.27,130,-0.0007003903918001086
0.27,131,6.185156670441209e-5
0.27,132,-0.0029539227320322216
0.27,133,0.001714515531608693
0.27,134,-0.0029210644324895053
0.27,135,0.0024909254801588486
0.27,136,0.0018293994123272585
0.27,137,-0.00014828081538347497
0.27,138,0.0019217287215008245
0.27,139,-0.0028123846439181022
0.27,140,0.0014165024235084616
0.27,141,0.0027147432461832677
0.27,142,0.0008165585620432444
0.27,143,0.0008709057845964287
0.27,144,0.0008362563199744658
0.27,145,0.0008244668638139061
0.27,146,-0.002463646252890267
0.27,147,-0.0013062445474512083
0.27,148,-0.00029152610336580155
0.27,149,-0.0008011064281937414
0.27,150,-0.0008840699476204699
0.27,151,-0.0020450963010369937
0.27,152,0.001732804797233457
0.27,153,0.0018184910305857683
0.27,154,0.0019357489603389893
0.27,155,0.0020806191214681716
0.27,156,0.00025152942378767093
0.27,157,-0.0008287339508538463
0.27,158,0.004432703622984657
0.27,159,0.002592772623194275
0.27,160,0.001695841543480265
0.27,161,0.0008885078105948569
0.27,162,0.005876080914595484
0.27,163,-0.0004552878317397339
0.27,164,0.006540901719392898
0.27,165,4.0051085033805884e-5
0.27,166,0.004709967610047275
0.27,167,0.0032390164392531095
0.27,168,-0.0016008668515470146
0.27,169,0.005421728095981115
0.27,170,-0.0008011580255786856
0.27,171,-0.004212285845665995
0.27,172,0.0001163074591352418
0.27,173,0.0011835324023580418
0.27,174,-0.0008085167789612992
0.27,175,0.0011628882868608735
0.27,176,0.0031912386595756123
0.27,177,-0.00038054883173936426
0.27,178,0.002217207117095538
0.27,179,0.003734312510890658
0.27,180,0.001693144889475865
0.27,181,0.006003682565417281
0.27,182,0.00038833120046218484
0.27,183,0.0052578695478773495
0.27,184,0.01228343417531331
0.27,185,-0.005113321215859781
0.27,186,0.004962350033184893
0.27,187,0.020559643832933915
0.27,188,0.008658990224120476
0.27,189,0.02491255274898669
0.27,190,0.06972777225084971
0.27,191,0.010350414554268484
0.27,192,0.5266387119465058
0.27,193,0.010780383226984021
0.27,194,0.008675028441904256
0.27,195,-0.0009572029071613732
0.27,196,0.000531182207009425
0.27,197,0.0005265936589535971
0.27,198,0.00031345727184026054
0.28,intercept,-0.004099659931117351
0.28,1,0.0068105874031939885
0.28,2,0.0032915520008698074
0.28,3,0.004705224241828429
0.28,4,0.003196078913803329
0.28,5,0.0024419328154269013
0.28,6,0.0016314301253976529
0.28,7,0.004565486237976408
0.28,8,0.002698776477296143
0.28,9,1.3883745891739015e-5
0.28,10,-0.0005874548983636809
0.28,11,0.003714511755209152
0.28,12,-0.0005568420591217798
0.28,13,0.000589349593601525
0.28,14,-0.0011859356096537658
0.28,15,0.0003175219535557238
0.28,16,-3.596599196055235e-5
0.28,17,0.0002646791052590233
0.28,18,0.001448601868132437
0.28,19,0.00026373952294259263
0.28,20,0.0003678480999844329
0.28,21,0.0023233881271095226
0.28,22,-0.0002712150937802735
0.28,23,0.0009065236519347398
0.28,24,-0.0020814575834815618
0.28,25,-9.384318266890637e-5
0.28,26,0.0019525505002349428
0.28,27,-0.003067850910029788
0.28,28,0.0028022640580984363
0.28,29,-0.0009711508558394864
0.28,30,-0.0018493571962955359
0.28,31,-0.0018669651125554497
0.28,32,-0.0007899605967711118
0.28,33,0.002057432043418898
0.28,34,-0.003682740386752649
0.28,35,0.0001714448642699547
0.28,36,-0.001318122154719507
0.28,37,0.002020832289493706
0.28,38,-0.0018110865101677437
0.28,39,-0.0007512435072926369
0.28,40,0.0034993320702450237
0.28,41,-0.002184010288471995
0.28,42,0.002842305645707595
0.28,43,-0.0015521988729283861
0.28,44,-0.001103167418169409
0.28,45,0.002791644183048825
0.28,46,-0.0031273801465407217
0.28,47,0.0017009803889575395
0.28,48,-0.002587120104935984
0.28,49,0.0003173309762308642
0.28,50,-0.0018157197977495653
0.28,51,0.0006094321227890317
0.28,52,-0.003388116781982132
0.28,53,0.0008989610922927607
0.28,54,0.0018394579848714137
0.28,55,-0.0008508125712983243
0.28,56,0.001445716418738462
0.28,57,-0.00015854421855409734
0.28,58,0.0019426734296230958
0.28,59,0.0009721117861497274
0.28,60,0.001253041494036727
0.28,61,-0.0027850632958067475
0.28,62,0.0015143133013209684
0.28,63,0.00014196737877084285
0.28,64,0.004147542758958985
0.28,65,0.0030160666186264474
0.28,66,0.0007799814953174586
0.28,67,0.0023653372556051767
0.28,68,-0.0011655909905896034
0.28,69,0.0019360610292293021
0.28,70,0.001178436686972448
0.28,71,0.0008151290912841766
0.28,72,-0.0006348319724111039
0.28,73,-0.0008981940977438775
0.28,74,-0.001811836803135279
0.28,75,-0.0022155822386927767
0.28,76,3.609424300807255e-5
0.28,77,-0.0022739117441109126
0.28,78,0.00030345100294075316
0.28,79,0.0008739978233106834
0.28,80,-0.0014731730143484612
0.28,81,-0.0004325988955015517
0.28,82,-0.00224890634121467
0.28,83,0.002566879594733713
0.28,84,-0.001127715914327382
0.28,85,-0.0007906419899809721
0.28,86,0.003086486555177031
0.28,87,-0.0030961026139496297
0.28,88,0.0004687397010568886
0.28,89,-0.00045247873326549967
0.28,90,0.0029527104513883385
0.28,91,-0.0010391963295678446
0.28,92,0.002775132879786988
0.28,93,0.001228960501659027
0.28,94,0.0033476712977354426
0.28,95,0.0012615801646493556
0.28,96,0.002299118449879852
0.28,97,0.00747411341075221
0.28,98,0.005905219286948241
0.28,99,0.009443801690100919
0.28,100,0.004699979647806348
0.28,101,0.0023163377413061323
0.28,102,0.004848227676100496
0.28,103,0.005363925347996277
0.28,104,-0.0007957271486652291
0.28,105,0.004667694308388223
0.28,106,0.0020710713463551605
0.28,107,-0.00014979343452938126
0.28,108,0.0039024864525944157
0.28,109,0.00029977956649463464
0.28,110,0.0008680268494768983
0.28,111,0.0008576461377278862
0.28,112,0.0019716266034577948
0.28,113,-0.0005774443009486025
0.28,114,-0.002060532523139363
0.28,115,0.0004684224392869224
0.28,116,0.00042628912198404905
0.28,117,-0.002556941834464842
0.28,118,0.002238753301635711
0.28,119,-0.0006733533144285134
0.28,120,9.307115396096007e-5
0.28,121,0.00010263010502262188
0.28,122,0.0005471927945891753
0.28,123,0.000942244913687152
0.28,124,-0.0009588484776490913
0.28,125,-0.0020263908465773185
0.28,126,0.0014052400454841556
0.28,127,0.0013749907637872006
0.28,128,-0.0033235169950953628
0.28,129,-0.0016433531894876625
0.28,130,-0.00032357005750490244
0.28,131,-0.0006795710619520897
0.28,132,-0.0024174719559817595
0.28,133,0.0015262067640100805
0.28,134,-0.0026252765237047867
0.28,135,0.0026245969092493432
0.28,136,0.0020292522647504772
0.28,137,-0.00039399764613195896
0.28,138,0.0019867678030072635
0.28,139,-0.0030573968793230766
0.28,140,0.0012148405699757888
0.28,141,0.002786982756195754
0.28,142,0.0011674113168965753
0.28,143,0.0005937653187739078
0.28,144,0.0009452554318090564
0.28,145,0.0003999739561445937
0.28,146,-0.0023514459507165517
0.28,147,-0.0016138431609008094
0.28,148,0.0003937477449788337
0.28,149,-0.0012993556378256203
0.28,150,-0.001200355040209628
0.28,151,-0.001654376229331569
0.28,152,0.00192574217312458
0.28,153,0.000936981612270016
0.28,154,0.002107634037944058
0.28,155,0.002238160800431739
0.28,156,0.000798264925604223
0.28,157,-0.000626333580427594
0.28,158,0.004085638440994411
0.28,159,0.0023762080900037803
0.28,160,0.0013381911202108362
0.28,161,0.0016628497149741841
0.28,162,0.005564211678277902
0.28,163,-0.0009677374120764553
0.28,164,0.006331085993587734
0.28,165,0.00025099532323292665
0.28,166,0.00496090865677213
0.28,167,0.002544274576918185
0.28,168,-0.0005475962810768307
0.28,169,0.005104501422764252
0.28,170,-0.0009487261620318816
0.28,171,-0.004060332435167585
0.28,172,0.00040522542065880526
0.28,173,0.0014133509169401834
0.28,174,-0.001271821059790333
0.28,175,0.0004190840678849887
0.28,176,0.003744190434711793
0.28,177,-0.0001575084609889139
0.28,178,0.0023334742485330603
0.28,179,0.002525318736861982
0.28,180,0.0019138511787438423
0.28,181,0.005595209227199139
0.28,182,0.0008202016502885141
0.28,183,0.0064597786903916625
0.28,184,0.011653363922459737
0.28,185,-0.004517998454605683
0.28,186,0.004494366848273627
0.28,187,0.020513448303653727
0.28,188,0.008351670576499604
0.28,189,0.02494451036118648
0.28,190,0.07230268093839617
0.28,191,0.012169376313248291
0.28,192,0.5325840245636876
0.28,193,0.010566899139023226
0.28,194,0.008484058595509231
0.28,195,-0.0009334801277271871
0.28,196,0.0005078721602562984
0.28,197,0.0005165774609932269
0.28,198,0.00033479537911937623
0.29,intercept,-0.003999832920407694
0.29,1,0.0065170978497123225
0.29,2,0.0024594353052900557
0.29,3,0.004656233716997673
0.29,4,0.0036686916475258454
0.29,5,0.002757776867404027
0.29,6,0.002182783094022473
0.29,7,0.003944527504210703
0.29,8,0.0019440498506748908
0.29,9,0.0004634810434194155
0.29,10,-0.001212346649018245
0.29,11,0.004423765745410568
0.29,12,-0.001009144521195517
0.29,13,0.0012129746077078358
0.29,14,-0.0015879393762773986
0.29,15,0.0003583258166428165
0.29,16,-0.0010562308598967042
0.29,17,0.0013374191834208094
0.29,18,0.0008390093414669365
0.29,19,0.0007204748206580349
0.29,20,6.469429778158192e-7
0.29,21,0.0029342665516688955
0.29,22,-3.3515971016934624e-5
0.29,23,0.00042477433554240896
0.29,24,-0.0016677565038665384
0.29,25,-1.2297971041037005e-5
0.29,26,0.0014740896260927875
0.29,27,-0.0033178519957779277
0.29,28,0.0027307293717234453
0.29,29,-0.0011049238195243577
0.29,30,-0.0020700861563779788
0.29,31,-0.0010040509608684447
0.29,32,-0.0010094402809605022
0.29,33,0.0018590710693269996
0.29,34,-0.003449231470280922
0.29,35,4.007942114962262e-5
0.29,36,-0.0016140298109630642
0.29,37,0.0027607080098496534
0.29,38,-0.001939672248427257
0.29,39,-0.00127472176308011
0.29,40,0.004087006583474477
0.29,41,-0.002452514057943662
0.29,42,0.0025773018158612125
0.29,43,-0.0011387961877674824
0.29,44,-0.000527525144212016
0.29,45,0.002062313703417694
0.29,46,-0.002831000205094382
0.29,47,0.0010742847984508577
0.29,48,-0.002437935437030487
0.29,49,0.0004564896588427485
0.29,50,-0.0017941178094821497
0.29,51,0.0002513116373543946
0.29,52,-0.0037204469385945737
0.29,53,0.001278041192384851
0.29,54,0.002328300712514651
0.29,55,-0.0010370437343621888
0.29,56,0.0011464686403910795
0.29,57,0.00017487915022465817
0.29,58,0.0018165490076294973
0.29,59,0.0010453809084317706
0.29,60,0.0005542381122982912
0.29,61,-0.0024458546829580615
0.29,62,0.0012425604485095296
0.29,63,0.00034522744321066796
0.29,64,0.003880895178906129
0.29,65,0.0033161066189137966
0.29,66,0.0008722656813738165
0.29,67,0.0019303463649371925
0.29,68,-0.0007402084587448557
0.29,69,0.0009413845841171997
0.29,70,0.0018114266051203391
0.29,71,-0.00020354460538416785
0.29,72,0.0002986224522185256
0.29,73,-0.0010032789198927085
0.29,74,-0.0011911914054019038
0.29,75,-0.002864907524353145
0.29,76,0.0007612418375679301
0.29,77,-0.003213132375359239
0.29,78,0.000424100094737732
0.29,79,-0.0004437255655281955
0.29,80,-0.0008104031423892558
0.29,81,-0.0003219501128027681
0.29,82,-0.00207041169664447
0.29,83,0.0019194334092137607
0.29,84,-0.000986541974083822
0.29,85,-0.0014079163867894522
0.29,86,0.002945152076517422
0.29,87,-0.003006342755755734
0.29,88,0.0008236151638198795
0.29,89,-0.0003114675459717548
0.29,90,0.003261489735675282
0.29,91,-0.001275708649019492
0.29,92,0.0034617354791934016
0.29,93,0.0009197168451896434
0.29,94,0.003333453729921997
0.29,95,0.0010404832316530709
0.29,96,0.002283609001916374
0.29,97,0.007566704150600072
0.29,98,0.005621809178207934
0.29,99,0.009532882176082233
0.29,100,0.0051053195706469495
0.29,101,0.0028017918045351287
0.29,102,0.003715459152000635
0.29,103,0.006153381598002864
0.29,104,-0.0011459004178677862
0.29,105,0.004536485069630401
0.29,106,0.0027570052999158056
0.29,107,-0.000748525164542725
0.29,108,0.003962732424571611
0.29,109,-0.00012273501767264827
0.29,110,0.0006523213106332729
0.29,111,0.0009290429983501281
0.29,112,0.0015587408488751178
0.29,113,-0.0004613533050136515
0.29,114,-0.0015193038155477873
0.29,115,0.0001770683840099871
0.29,116,0.000807713184999706
0.29,117,-0.0023130077637892295
0.29,118,0.0011872089019865112
0.29,119,-0.00042992286440914177
0.29,120,0.0003348166669186568
0.29,121,-3.672317237677137e-5
0.29,122,0.0005031731117995309
0.29,123,0.0008654108907855617
0.29,124,-0.0013194079537833941
0.29,125,-0.0021056546256120563
0.29,126,0.0019397512786014873
0.29,127,0.0012010810971502307
0.29,128,-0.003522634324684581
0.29,129,-0.001422816580424864
0.29,130,0.00010606191003911728
0.29,131,-0.0011422024028376304
0.29,132,-0.0019410485401116517
0.29,133,0.000957043696147768
0.29,134,-0.002266367921803912
0.29,135,0.002413664933527004
0.29,136,0.001923090992078985
0.29,137,-0.0005961252912934702
0.29,138,0.0026883567385108617
0.29,139,-0.003703436514086319
0.29,140,0.0015995692097292306
0.29,141,0.0026745459917602173
0.29,142,0.0010775017628003724
0.29,143,0.00041278204338194386
0.29,144,0.0008468958079645742
0.29,145,0.0005283382215375521
0.29,146,-0.0017120437798011357
0.29,147,-0.002073299353846209
0.29,148,0.00045533947132678926
0.29,149,-0.0016856081717738969
0.29,150,-0.0008388472039141263
0.29,151,-0.0012398319377982772
0.29,152,0.001741397050043759
0.29,153,0.0008374042781518893
0.29,154,0.002499169366168875
0.29,155,0.001248246337617642
0.29,156,0.0008484971428802434
0.29,157,-0.0008280463919722161
0.29,158,0.003168954924832436
0.29,159,0.002670322389664223
0.29,160,0.0015228746766309397
0.29,161,0.0024136934301182233
0.29,162,0.004728699603261182
0.29,163,-0.0008032825560830854
0.29,164,0.006429950904724415
0.29,165,0.0002749425642760129
0.29,166,0.005508603518096479
0.29,167,0.001017148111490637
0.29,168,0.0005906047814046958
0.29,169,0.0038057832971545398
0.29,170,-0.0006067197703927355
0.29,171,-0.004389468803670544
0.29,172,0.0009759838715943475
0.29,173,0.0014247236884458465
0.29,174,-0.0012235548150161713
0.29,175,-0.00025408881108076096
0.29,176,0.003912601466376078
0.29,177,0.0010834613382172244
0.29,178,0.000981933667913313
0.29,179,0.0033060942859315036
0.29,180,0.0015581030792887584
0.29,181,0.0057671396792636385
0.29,182,0.00033855246477918524
0.29,183,0.0069630717750378155
0.29,184,0.01122707861944176
0.29,185,-0.004671602522735791
0.29,186,0.0039323358774508675
0.29,187,0.020302571183906905
0.29,188,0.00852008102322171
0.29,189,0.02371178126495141
0.29,190,0.07296496584267717
0.29,191,0.017635604936330894
0.29,192,0.5421478390479074
0.29,193,0.011729418748883272
0.29,194,0.008340469577939052
0.29,195,-0.0009101600085952932
0.29,196,0.0006063745186538813
0.29,197,0.000493380401921548
0.29,198,0.00039935094739532336
0.3,intercept,-0.003959775645200286
0.3,1,0.007021211336854264
0.3,2,0.002422419897914837
0.3,3,0.005054913529327117
0.3,4,0.002536806275499659
0.3,5,0.003599967168458882
0.3,6,0.0013990352546724707
0.3,7,0.004618659892399882
0.3,8,0.0018373559264647037
0.3,9,-0.0002673891045950415
0.3,10,-0.0004574686959275811
0.3,11,0.004915913260919757
0.3,12,-0.0015227195166101306
0.3,13,0.001776370992202448
0.3,14,-0.0015515319314152135
0.3,15,0.0004314633348898243
0.3,16,-0.001414608914088134
0.3,17,0.0012619652806636792
0.3,18,0.000842852117360723
0.3,19,0.000946128308392987
0.3,20,0.00022657543558376607
0.3,21,0.0025834974008447477
0.3,22,-0.0005322482909645429
0.3,23,0.0010376527716808568
0.3,24,-0.001414408361230359
0.3,25,-0.00012497687200542878
0.3,26,0.0008808657929018221
0.3,27,-0.0035096085674106354
0.3,28,0.002798556316790116
0.3,29,-0.0009103284896977634
0.3,30,-0.002177200576730758
0.3,31,-0.0006770367766831601
0.3,32,-0.0010954427082670742
0.3,33,0.0011312295500728467
0.3,34,-0.0028453802901682018
0.3,35,-0.000486215194417796
0.3,36,-0.0012579535272519424
0.3,37,0.0022129397521615294
0.3,38,-0.0017526940598541197
0.3,39,-0.00129255848529418
0.3,40,0.00411489009427186
0.3,41,-0.0022347902767398268
0.3,42,0.002260833541156807
0.3,43,-0.0005971220768338607
0.3,44,-0.0012710475491928002
0.3,45,0.0022040133777445703
0.3,46,-0.0025994664309675806
0.3,47,0.0007629161104936569
0.3,48,-0.0025853754867592666
0.3,49,0.0010807272701391863
0.3,50,-0.001922793899995376
0.3,51,0.0003789295865235353
0.3,52,-0.003540555405868259
0.3,53,0.0011781585147779203
0.3,54,0.0021802633664940534
0.3,55,-0.0015525923393807086
0.3,56,0.0007176096933293649
0.3,57,0.0006466429631681663
0.3,58,0.002278673352158417
0.3,59,0.0009234395506187179
0.3,60,0.0012596637646111347
0.3,61,-0.0032135604732747027
0.3,62,0.0011485725253879127
0.3,63,0.000736428906077483
0.3,64,0.003779967858433238
0.3,65,0.00317877160911664
0.3,66,0.0005388815173603305
0.3,67,0.0019012024871529582
0.3,68,7.056788128216567e-5
0.3,69,0.0006011027867385877
0.3,70,0.0019644961094645
0.3,71,0.00047276887175403526
0.3,72,-0.0003508952951751288
0.3,73,-0.0010196710411994995
0.3,74,-0.0016939073261754915
0.3,75,-0.002281401745405141
0.3,76,0.0007918430045493947
0.3,77,-0.0025946342764666713
0.3,78,0.00015924310516797353
0.3,79,-0.0005043901666575414
0.3,80,-0.0003097002824597819
0.3,81,-0.0012667627635311845
0.3,82,-0.0017192295074522931
0.3,83,0.0022596457249010626
0.3,84,-0.0013648996605008267
0.3,85,-0.0013546813796879913
0.3,86,0.0026106083943740403
0.3,87,-0.0033645092295304393
0.3,88,0.001537091313600312
0.3,89,-0.001115590256843474
0.3,90,0.003612919784091975
0.3,91,-0.0013281319640172594
0.3,92,0.002997009551423784
0.3,93,0.0008854642910975467
0.3,94,0.0027558565033422248
0.3,95,0.0018369102715016224
0.3,96,0.0025275230989561318
0.3,97,0.007289930845434032
0.3,98,0.0057906414605218785
0.3,99,0.009110951966765828
0.3,100,0.006157535432817124
0.3,101,0.0019366576205961663
0.3,102,0.004157925339385994
0.3,103,0.0049240256311444235
0.3,104,-0.0009568608952906781
0.3,105,0.004435555962322768
0.3,106,0.0030958898260810093
0.3,107,-0.0004893068752279329
0.3,108,0.0038439032854267856
0.3,109,0.00019102301614521485
0.3,110,0.000623627780270893
0.3,111,0.0006327033610092071
0.3,112,0.0016488670848676932
0.3,113,-0.0005914783261941059
0.3,114,-0.0011583473885491621
0.3,115,0.0003979776564541298
0.3,116,0.0007088302173594789
0.3,117,-0.002776944279138705
0.3,118,0.0016639652586056953
0.3,119,-0.0006580137393786062
0.3,120,-0.00032500324258350377
0.3,121,0.00043169155601503436
0.3,122,0.00037825177758352716
0.3,123,0.0005885295702238725
0.3,124,-0.0011711238827871709
0.3,125,-0.0022411619582682635
0.3,126,0.002259075129072018
0.3,127,0.0012101163055776986
0.3,128,-0.0035541022214664055
0.3,129,-0.0012886534336122813
0.3,130,0.00018715540136269885
0.3,131,-0.0013409832299001822
0.3,132,-0.0018789046287570575
0.3,133,0.0008559293455691868
0.3,134,-0.0016690986111252762
0.3,135,0.0021745940869390148
0.3,136,0.001452751029330543
0.3,137,-0.000767241487772687
0.3,138,0.0033413756653852423
0.3,139,-0.003875210176614152
0.3,140,0.0018099599376552556
0.3,141,0.0031345531470196694
0.3,142,0.00017745236422942462
0.3,143,0.0008950581572916613
0.3,144,0.0007847199951882955
0.3,145,0.00013164239146774105
0.3,146,-0.0026407725941442715
0.3,147,-0.0015970564858139098
0.3,148,0.00023680455518064163
0.3,149,-0.0013789418915085784
0.3,150,-0.0007272990679033679
0.3,151,-0.0006127011038767938
0.3,152,0.0005860779924588451
0.3,153,0.0018195731406911875
0.3,154,0.002451762693650879
0.3,155,0.001082776823687028
0.3,156,0.0008923980161976919
0.3,157,-0.0005541942535764715
0.3,158,0.0027715186149753898
0.3,159,0.0026828501339253583
0.3,160,0.0011638108826106939
0.3,161,0.0025829681182130398
0.3,162,0.0042012704191867764
0.3,163,-0.0007113048905439884
0.3,164,0.006028133313883107
0.3,165,0.00011187654578539347
0.3,166,0.005928587276719402
0.3,167,0.0007079241504874967
0.3,168,0.0015304750561518224
0.3,169,0.003402904501024792
0.3,170,-0.00042455224802305416
0.3,171,-0.004067238602355286
0.3,172,0.00036226981158330064
0.3,173,0.0012985151872943437
0.3,174,-0.00153607012823782
0.3,175,-0.0005965730599743725
0.3,176,0.004439688173530729
0.3,177,0.0012332196590727647
0.3,178,0.0002666323164233056
0.3,179,0.0030436294973269894
0.3,180,0.0015614354407284354
0.3,181,0.005783132897196663
0.3,182,0.0002384718490440382
0.3,183,0.007640466544970367
0.3,184,0.010651647788591064
0.3,185,-0.005228055287316519
0.3,186,0.004067380040175532
0.3,187,0.0200087835529023
0.3,188,0.008130897863528882
0.3,189,0.023102929170971006
0.3,190,0.07598918127089904
0.3,191,0.016877276376679858
0.3,192,0.553170264378545
0.3,193,0.011827058959564818
0.3,194,0.008456424437322543
0.3,195,-0.000953646337136191
0.3,196,0.0006636263414295497
0.3,197,0.0004751410540162551
0.3,198,0.0003740625453089435
0.31,intercept,-0.003844413696289706
0.31,1,0.006893180932647224
0.31,2,0.0022637819799228814
0.31,3,0.004814077222402567
0.31,4,0.0032169899517854364
0.31,5,0.0034868650943530874
0.31,6,0.0011664076628811106
0.31,7,0.00506037980010783
0.31,8,0.0017916974318995483
0.31,9,-0.0003297109905691286
0.31,10,0.00013519186686706004
0.31,11,0.004194559797086576
0.31,12,-0.001575162860744268
0.31,13,0.0016535893264079714
0.31,14,-0.0008485340773835871
0.31,15,0.0006309936695564023
0.31,16,-0.0015096393811031847
0.31,17,0.0006219978043189449
0.31,18,0.001324337475697201
0.31,19,0.0009311061163157353
0.31,20,-0.00024885435826139826
0.31,21,0.0027958510762285797
0.31,22,-0.0007563461567201643
0.31,23,0.0007912900718721943
0.31,24,-0.001341607606317634
0.31,25,-4.2772326225185845e-5
0.31,26,0.0012865737959137443
0.31,27,-0.003889850397522937
0.31,28,0.0033129176946315305
0.31,29,-0.0012717940407921365
0.31,30,-0.0022931542280982334
0.31,31,-0.0005667690743553346
0.31,32,-0.0012683176890806772
0.31,33,0.0008939462347902814
0.31,34,-0.0024266223734900594
0.31,35,-0.0005408091081974654
0.31,36,-0.0012565459486546147
0.31,37,0.0018676847251665805
0.31,38,-0.00123015109179395
0.31,39,-0.0014981743938622496
0.31,40,0.004440912618739155
0.31,41,-0.002856821071766653
0.31,42,0.002239662649768782
0.31,43,-0.00022238934036796342
0.31,44,-0.0014012435873445221
0.31,45,0.0022285894568204556
0.31,46,-0.002486306376263971
0.31,47,0.0004627543495557728
0.31,48,-0.0025701613473758903
0.31,49,0.00044545438200847056
0.31,50,-0.0013337501687830128
0.31,51,0.0008784251745754998
0.31,52,-0.003760100486488532
0.31,53,0.0009710089404555538
0.31,54,0.0012605975337129298
0.31,55,-0.0002453624398427786
0.31,56,0.0008438653443359948
0.31,57,0.00021178075764741267
0.31,58,0.001717884023187108
0.31,59,0.00029217270519746617
0.31,60,0.0016749546228456095
0.31,61,-0.0025760291787139265
0.31,62,0.0014649861465246728
0.31,63,0.0002278311478601655
0.31,64,0.00396298927908565
0.31,65,0.002819247158895224
0.31,66,0.0005210174194243949
0.31,67,0.001349741559369231
0.31,68,0.0013101722406003709
0.31,69,1.1595356629323574e-5
0.31,70,0.00209539106904883
0.31,71,0.0007341122372924657
0.31,72,-0.0011125034951672804
0.31,73,-0.0007208219357033112
0.31,74,-0.0019202454209922097
0.31,75,-0.0026848050192247682
0.31,76,0.0011611009108230361
0.31,77,-0.0024087510086124335
0.31,78,0.0007167561259293942
0.31,79,-0.0010450112481349585
0.31,80,-0.00021796595282321828
0.31,81,-0.0009373694902176758
0.31,82,-0.0023704754761791143
0.31,83,0.002837002908470899
0.31,84,-0.001315371624456147
0.31,85,-0.000586572701942181
0.31,86,0.0020434986583662165
0.31,87,-0.003296198816512473
0.31,88,0.001583412913135814
0.31,89,-0.0004846444986064908
0.31,90,0.002660214272479327
0.31,91,-0.0012128705442614872
0.31,92,0.0024783757142871976
0.31,93,0.0015786918494494243
0.31,94,0.0029218341003546286
0.31,95,0.001518913226772731
0.31,96,0.002071603224348103
0.31,97,0.007120746585196352
0.31,98,0.005479401596467051
0.31,99,0.009388916495806282
0.31,100,0.006555726208101592
0.31,101,0.00200392720822188
0.31,102,0.00394294082778469
0.31,103,0.004330793893879549
0.31,104,-0.0009718028862187983
0.31,105,0.004899071296223476
0.31,106,0.0023614951634213202
0.31,107,0.0003897681806804027
0.31,108,0.003607558260655664
0.31,109,0.00015323524139815932
0.31,110,0.0008278994270586947
0.31,111,0.0004929581361262737
0.31,112,0.0014123243960123197
0.31,113,-0.0005368551421704906
0.31,114,-0.001707199281925823
0.31,115,0.00025582242635463525
0.31,116,0.001320842845310438
0.31,117,-0.002663564548010916
0.31,118,0.0019077488946474715
0.31,119,-0.0004011374791454031
0.31,120,-0.0009606482626542864
0.31,121,0.00044596492013808034
0.31,122,-0.00033708968692530017
0.31,123,0.0006804998418607903
0.31,124,-0.001258888230730368
0.31,125,-0.0014572315562421433
0.31,126,0.0020629911872404043
0.31,127,0.0008508386123517793
0.31,128,-0.003570974086464034
0.31,129,-0.0016068297047048322
0.31,130,0.0008179338824053473
0.31,131,-0.001250780642660551
0.31,132,-0.0020689174354244612
0.31,133,0.0008522983919623371
0.31,134,-0.001883605205535146
0.31,135,0.002660277727777917
0.31,136,0.0011030565060681115
0.31,137,-0.00020617969777332582
0.31,138,0.0032518562144475075
0.31,139,-0.004127442858762055
0.31,140,0.002091476549092004
0.31,141,0.0028212985766404696
0.31,142,0.0006464424542619393
0.31,143,0.0001951143370524368
0.31,144,0.0008334738527799851
0.31,145,-0.00018173175727088958
0.31,146,-0.002378493642127823
0.31,147,-0.0008723297409153375
0.31,148,0.00026351761099158583
0.31,149,-0.0010052458749053629
0.31,150,-0.0010807880330835904
0.31,151,-0.001184147123582832
0.31,152,0.00039979616505604956
0.31,153,0.0020178607944145925
0.31,154,0.0017142940498519471
0.31,155,0.0015412097484952868
0.31,156,0.000519639250462697
0.31,157,-0.0005854792056002817
0.31,158,0.0027770778709005294
0.31,159,0.0026207100955880163
0.31,160,0.0013634341734943929
0.31,161,0.0023054876476032355
0.31,162,0.004648768795858448
0.31,163,-0.0015788113561011484
0.31,164,0.005879170683101383
0.31,165,0.0008504007701433278
0.31,166,0.0051308442486979145
0.31,167,0.0012032232607641807
0.31,168,0.0019343028380638878
0.31,169,0.003151914342380885
0.31,170,-0.0005483645795752801
0.31,171,-0.004738804050407087
0.31,172,0.0009116225679512671
0.31,173,0.0011391372631396146
0.31,174,-0.0017503955670925427
0.31,175,-0.0008922404911749281
0.31,176,0.004203683059064724
0.31,177,0.0016097383787974178
0.31,178,0.0001269170043054132
0.31,179,0.0031674476146617836
0.31,180,0.0009228173847190877
0.31,181,0.005966873264269884
0.31,182,-8.31057951257114e-5
0.31,183,0.0077942807258080775
0.31,184,0.010623690706109395
0.31,185,-0.006124691107844732
0.31,186,0.00419389195387934
0.31,187,0.019874275346985087
0.31,188,0.009171933652149085
0.31,189,0.020210251873288693
0.31,190,0.0789429265987498
0.31,191,0.020025237893919714
0.31,192,0.5607718379626547
0.31,193,0.011789212907106683
0.31,194,0.00825968465838108
0.31,195,-0.0009473783935518308
0.31,196,0.0007286213033048578
0.31,197,0.00042769910188147453
0.31,198,0.0003801408372246006
0.32,intercept,-0.003735786069372689
0.32,1,0.006273319835338092
0.32,2,0.002426771480167368
0.32,3,0.004921496817196862
0.32,4,0.003228904668285731
0.32,5,0.003742366594703541
0.32,6,0.0019317290497995034
0.32,7,0.004635495351689144
0.32,8,0.0018154422684177323
0.32,9,-0.0005035192885291945
0.32,10,-0.00040664539740250453
0.32,11,0.004372783315318594
0.32,12,-0.0014835721459972582
0.32,13,0.001564610194311869
0.32,14,-0.0004640505815232909
0.32,15,0.00041962823779832337
0.32,16,-0.0013984186386228163
0.32,17,0.0009379009240721483
0.32,18,0.0007907603202861511
0.32,19,0.00105675826503965
0.32,20,-0.0003756330392472718
0.32,21,0.002595565733771118
0.32,22,0.00016814137514752154
0.32,23,1.7105356584261254e-5
0.32,24,-0.0010057111974593295
0.32,25,-0.00027979500726400927
0.32,26,0.000981799487927129
0.32,27,-0.0036483265989253892
0.32,28,0.0028892279372629425
0.32,29,-0.0007465144104027125
0.32,30,-0.002290467626643252
0.32,31,-0.0006081603637406056
0.32,32,-0.0009182663538726739
0.32,33,0.00043400927776111875
0.32,34,-0.0026832454629107335
0.32,35,-0.00016925385482388685
0.32,36,-0.0013234111112918607
0.32,37,0.0015145241276606559
0.32,38,-0.0005140498574341952
0.32,39,-0.001795013282850624
0.32,40,0.0046934253269438
0.32,41,-0.0035448568408921843
0.32,42,0.002444009838443162
0.32,43,-0.0003498541618719553
0.32,44,-0.0009358719473398962
0.32,45,0.0017743668864758136
0.32,46,-0.0021239565483902488
0.32,47,0.0005722771329379916
0.32,48,-0.002898850385054627
0.32,49,0.0008314623615732571
0.32,50,-0.002233472580804808
0.32,51,0.0016303913063876949
0.32,52,-0.004041661647527511
0.32,53,0.0008808011116347807
0.32,54,0.001226147304558149
0.32,55,-0.0007180166150206102
0.32,56,0.001261120106956808
0.32,57,0.0006388109238592405
0.32,58,0.00142352201807569
0.32,59,3.334558948161744e-5
0.32,60,0.0018841992834936051
0.32,61,-0.0029227682531633606
0.32,62,0.0014382798205268463
0.32,63,0.0007509369458661007
0.32,64,0.0034540258117154838
0.32,65,0.00251476135655984
0.32,66,0.0008036003031959897
0.32,67,0.0021530724523017132
0.32,68,0.0011107329170851406
0.32,69,0.0006985514029816557
0.32,70,0.0012804680049285876
0.32,71,0.00103323440715134
0.32,72,-0.0019166003749246099
0.32,73,0.00022029977914407104
0.32,74,-0.0023669769725425177
0.32,75,-0.0027496160380601495
0.32,76,0.001039036421384079
0.32,77,-0.00259260362737206
0.32,78,0.0002902312808515402
0.32,79,-0.0006720119572726777
0.32,80,0.0002930781385712989
0.32,81,-0.0013203527789137804
0.32,82,-0.0021043010342060397
0.32,83,0.002318029437315376
0.32,84,-0.0014153039892918948
0.32,85,-0.0006127602327688325
0.32,86,0.00197734506989508
0.32,87,-0.0029057554566178246
0.32,88,0.0014187695684478264
0.32,89,-0.001059382666679838
0.32,90,0.003075681284027773
0.32,91,-0.0018013894521132882
0.32,92,0.002261438208380911
0.32,93,0.0013629599598196933
0.32,94,0.003551203910052941
0.32,95,0.001194172109629707
0.32,96,0.0032323673123875025
0.32,97,0.006694084735839256
0.32,98,0.005444994133738682
0.32,99,0.009417104796429591
0.32,100,0.006319957823639112
0.32,101,0.0020545259295162003
0.32,102,0.004222886631315092
0.32,103,0.004808625949125025
0.32,104,-0.0016214093693892814
0.32,105,0.004241253859161846
0.32,106,0.0027353501589049115
0.32,107,0.0007624558189485507
0.32,108,0.003489268555382883
0.32,109,0.00032302646893432916
0.32,110,0.0003064265535152065
0.32,111,0.0008806911034838602
0.32,112,0.0013990424857932982
0.32,113,-0.000454953124283231
0.32,114,-0.0011666047943226976
0.32,115,-0.00024644025386773045
0.32,116,0.001462109106324828
0.32,117,-0.0024093221266492364
0.32,118,0.0015509583003373555
0.32,119,-0.0006530318595510959
0.32,120,-0.0006682487896038829
0.32,121,0.0002859884752477833
0.32,122,-0.0002837085688975004
0.32,123,5.604178320210581e-5
0.32,124,-0.0006651767466389148
0.32,125,-0.001102888818775043
0.32,126,0.0017407733551458083
0.32,127,0.0008644556878946699
0.32,128,-0.003950828671997727
0.32,129,-0.0009377555285552136
0.32,130,0.0002931816883549685
0.32,131,-0.001337663824587903
0.32,132,-0.0014117393587657462
0.32,133,0.0003711738825941209
0.32,134,-0.0016261009792756227
0.32,135,0.0026391922864569405
0.32,136,0.0012294258554165576
0.32,137,-0.00020976161491714798
0.32,138,0.002840446470947663
0.32,139,-0.0039081408950466644
0.32,140,0.0016053081664561648
0.32,141,0.003261298178329641
0.32,142,0.00044347925658964107
0.32,143,0.0006942665872372246
0.32,144,0.0009346240452681965
0.32,145,-0.0005517925440475489
0.32,146,-0.0024575788531664847
0.32,147,-0.001106580931608775
0.32,148,0.0003112957075213808
0.32,149,-0.0007385853592921374
0.32,150,-0.001373792382517493
0.32,151,-0.0006868104473944583
0.32,152,-0.00012852945271721672
0.32,153,0.000942096927790521
0.32,154,0.0024264370164321742
0.32,155,0.0017586241100272992
0.32,156,0.0007887198388759067
0.32,157,0.00012711379171818303
0.32,158,0.002339409304504022
0.32,159,0.002918867315605455
0.32,160,0.001443872015031864
0.32,161,0.002282706909560991
0.32,162,0.0037409979056043097
0.32,163,-0.0011018241937921043
0.32,164,0.00532976403278954
0.32,165,0.0014126907464238874
0.32,166,0.004418705068056875
0.32,167,0.0014075856952196191
0.32,168,0.0018541459349617976
0.32,169,0.003007831643276908
0.32,170,-0.0004135789849254518
0.32,171,-0.005286144552657534
0.32,172,0.0016721271571920476
0.32,173,-0.0005705552573166492
0.32,174,-0.001160787467256395
0.32,175,-0.0012913289640438458
0.32,176,0.004836814649784222
0.32,177,0.0016539321715336773
0.32,178,6.0384362126634116e-5
0.32,179,0.0033145908048936054
0.32,180,0.00053728781173672
0.32,181,0.005994527523351943
0.32,182,-0.0003531883637295976
0.32,183,0.007842241650440061
0.32,184,0.01012250174053165
0.32,185,-0.007135096629086249
0.32,186,0.006012803044211635
0.32,187,0.019953642646258943
0.32,188,0.008030863683660159
0.32,189,0.021741798405895258
0.32,190,0.07997454904959592
0.32,191,0.019532002563705873
0.32,192,0.5700376400731648
0.32,193,0.011895102614773207
0.32,194,0.008121942391343387
0.32,195,-0.001007005396371827
0.32,196,0.000817931133809134
0.32,197,0.0003749422355182141
0.32,198,0.00032360719146973683
0.33,intercept,-0.0035806180158328253
0.33,1,0.006217801474877443
0.33,2,0.0029030736632899533
0.33,3,0.0040645789523958056
0.33,4,0.0037269782165159663
0.33,5,0.003489948067304677
0.33,6,0.0019455592414403123
0.33,7,0.004700377750005332
0.33,8,0.002065941098170349
0.33,9,-0.00040065890869916265
0.33,10,-0.00040840597655579145
0.33,11,0.0044287867291707955
0.33,12,-0.0018345254047239853
0.33,13,0.0016295519486987282
0.33,14,-0.000579136581752167
0.33,15,5.06962171314159e-5
0.33,16,-0.0010051396843649594
0.33,17,0.0008214172982968799
0.33,18,0.000601561832983303
0.33,19,0.0013475290362541454
0.33,20,-0.0006169161466573087
0.33,21,0.0024313829386879214
0.33,22,0.0005914564389659526
0.33,23,-0.00015484727927802784
0.33,24,-0.0011957694402745934
0.33,25,-4.640042285250548e-5
0.33,26,0.0009542173882302883
0.33,27,-0.004162326292667246
0.33,28,0.0029253851863397674
0.33,29,-0.0009076245938417204
0.33,30,-0.0022315631616240416
0.33,31,-0.00037531821581167785
0.33,32,-0.000545880860567994
0.33,33,0.00020916024147339164
0.33,34,-0.0034184600139565043
0.33,35,-6.09213923186686e-5
0.33,36,-0.0011884306340276052
0.33,37,0.0011603555452185468
0.33,38,0.0002548642876380256
0.33,39,-0.0020123623635807143
0.33,40,0.004922512955255816
0.33,41,-0.0035612477423831237
0.33,42,0.0027270570738714937
0.33,43,-0.0007167708741535786
0.33,44,-0.0006956755294320684
0.33,45,0.0016399952253098999
0.33,46,-0.001994362477677891
0.33,47,0.0008690370955373093
0.33,48,-0.003113565122031674
0.33,49,0.00014074734546723017
0.33,50,-0.0021350390674864887
0.33,51,0.0020905303367017257
0.33,52,-0.0036339887382706147
0.33,53,0.0007199917604851565
0.33,54,0.001269891739897579
0.33,55,-8.948158950034048e-5
0.33,56,0.0008482785668818349
0.33,57,0.000457591649050608
0.33,58,0.0005560330753281759
0.33,59,0.0012897629882070545
0.33,60,0.001545784614791001
0.33,61,-0.002868461053647599
0.33,62,0.0016220530221761388
0.33,63,0.0012314281073297541
0.33,64,0.0033186674516970296
0.33,65,0.0021944132709085786
0.33,66,0.00035024108741711613
0.33,67,0.0021289072893496967
0.33,68,0.0007478760633737842
0.33,69,0.0009745119908940294
0.33,70,0.001845528947832762
0.33,71,0.0005757937255845703
0.33,72,-0.0019959376810463796
0.33,73,-0.00038409317874722656
0.33,74,-0.0019930842090533393
0.33,75,-0.0025482894011477847
0.33,76,0.0010240127864949164
0.33,77,-0.002536330165409034
0.33,78,-0.00011425200123846104
0.33,79,-0.000816735729917542
0.33,80,0.0007987468185805246
0.33,81,-0.0012440969106533436
0.33,82,-0.0015577557673046353
0.33,83,0.0016116489114780554
0.33,84,-0.0007367004149366
0.33,85,-0.001158635095989858
0.33,86,0.0016048261767881683
0.33,87,-0.0018147237022418273
0.33,88,0.0005706852000095857
0.33,89,-0.0004071323444474759
0.33,90,0.0022631694870845474
0.33,91,-0.0012112133406012482
0.33,92,0.0012759408203162942
0.33,93,0.0015713761581335787
0.33,94,0.003063273282814915
0.33,95,0.001318070987322093
0.33,96,0.0032377841500580143
0.33,97,0.006693415328958547
0.33,98,0.0048312227571571265
0.33,99,0.009193873621558914
0.33,100,0.0059600533271427355
0.33,101,0.0028457627927473868
0.33,102,0.004085349452808431
0.33,103,0.004964712407957721
0.33,104,-0.0009737124138593004
0.33,105,0.00403324778512324
0.33,106,0.0026773053773237626
0.33,107,0.0009642858133014474
0.33,108,0.0029174914845292023
0.33,109,-1.1660292554732644e-5
0.33,110,0.0007069053469721364
0.33,111,0.0006979974388665394
0.33,112,0.0016911255312796326
0.33,113,-0.0006515976978067749
0.33,114,-0.0015985849599599309
0.33,115,-0.00045996472671646374
0.33,116,0.0010721688006738353
0.33,117,-0.002221773287941159
0.33,118,0.0019979064094521725
0.33,119,-0.0006173285916977347
0.33,120,-0.001112301507301912
0.33,121,0.0008563338430739497
0.33,122,-0.0007023964788508096
0.33,123,2.1223825954968072e-5
0.33,124,-0.0009340574600266969
0.33,125,-0.0006427077505000553
0.33,126,0.0011627853881244394
0.33,127,0.0006368095209910035
0.33,128,-0.0030999863149123786
0.33,129,-0.0015531613404960027
0.33,130,0.0003454887798519229
0.33,131,-0.0013305586085988843
0.33,132,-0.0013278222879325747
0.33,133,0.0005535210728097107
0.33,134,-0.0012885248643703332
0.33,135,0.0022715246850129904
0.33,136,0.0014360192666991105
0.33,137,-0.0010477815283160738
0.33,138,0.0032131342413907918
0.33,139,-0.003918463615548985
0.33,140,0.0014947330370299998
0.33,141,0.002968764680346993
0.33,142,0.0002723826618092551
0.33,143,0.00015508582160974582
0.33,144,0.002314886933968614
0.33,145,-0.0010299771000775585
0.33,146,-0.002181875541866604
0.33,147,-0.0018675141654559413
0.33,148,0.0007722950383097121
0.33,149,-0.0011972902121252385
0.33,150,-0.0017076403140649143
0.33,151,-2.5845885424461808e-5
0.33,152,0.00011338028937622395
0.33,153,0.0008656829996551613
0.33,154,0.0019970693023993974
0.33,155,0.0016284196172961386
0.33,156,0.001937054012615942
0.33,157,-0.0013890847481272223
0.33,158,0.0023732107046197885
0.33,159,0.0024405890243205984
0.33,160,0.001977679912415977
0.33,161,0.0027410750011217194
0.33,162,0.003541184014558303
0.33,163,-0.00021743368126511206
0.33,164,0.004868040762366213
0.33,165,0.000626708574479872
0.33,166,0.004516118962552036
0.33,167,0.001866856578340265
0.33,168,0.0016736455687661152
0.33,169,0.003227368983961244
0.33,170,-0.0004762173930539022
0.33,171,-0.005111639566735559
0.33,172,0.0018227346950443967
0.33,173,-0.0003657606882035951
0.33,174,-0.0014819560053879874
0.33,175,-0.0010951710990828225
0.33,176,0.0044406902517236755
0.33,177,0.0015801180651755582
0.33,178,-0.0005953485887304386
0.33,179,0.0036091943013153867
0.33,180,0.00040277672360336254
0.33,181,0.005833960538873512
0.33,182,-0.001017675454047261
0.33,183,0.008746693692517423
0.33,184,0.009571197524013227
0.33,185,-0.007821512972581901
0.33,186,0.006123391687638086
0.33,187,0.020666627952026475
0.33,188,0.008435884258600463
0.33,189,0.02103973511440778
0.33,190,0.08428664946700803
0.33,191,0.01922374714221013
0.33,192,0.5784123883597236
0.33,193,0.011204589283712936
0.33,194,0.007606473988688697
0.33,195,-0.0010500066152356123
0.33,196,0.0007966883343273048
0.33,197,0.000328371387997229
0.33,198,0.0003075093131101785
0.34,intercept,-0.0033266506693196704
0.34,1,0.006425068048683488
0.34,2,0.0035507678574457856
0.34,3,0.004514398081968222
0.34,4,0.0034390794050066314
0.34,5,0.003776795479365702
0.34,6,0.002028947395515088
0.34,7,0.0040348906196975955
0.34,8,0.002458385770007296
0.34,9,-0.0005768548022636959
0.34,10,-0.0001676259705345409
0.34,11,0.00423675034901088
0.34,12,-0.001906545853903147
0.34,13,0.0015778037867576961
0.34,14,-0.00047599976677423054
0.34,15,3.603479244576404e-5
0.34,16,-0.0014475602041070011
0.34,17,0.0009905942537576852
0.34,18,0.0005690916574977191
0.34,19,0.0014362324510283982
0.34,20,-0.0009427381698985413
0.34,21,0.0029072740058218526
0.34,22,0.00019906088312569213
0.34,23,-0.0004370986753207687
0.34,24,-0.0012194062794840584
0.34,25,-0.00011445027210960425
0.34,26,0.0014869722400704484
0.34,27,-0.0045189822536430896
0.34,28,0.003082793065782523
0.34,29,-0.0010692513287218685
0.34,30,-0.0025309602670117387
0.34,31,-0.00044392219439513993
0.34,32,-0.0008268868101715646
0.34,33,9.849263621174765e-5
0.34,34,-0.003425997003651278
0.34,35,0.0002202614062233317
0.34,36,-0.0008905175425153755
0.34,37,0.0009474622637599753
0.34,38,0.00017704640875897403
0.34,39,-0.0017728871110050748
0.34,40,0.004357429608367039
0.34,41,-0.003404125542106297
0.34,42,0.002477034394322076
0.34,43,-0.00021809261161727524
0.34,44,-0.0009025694889191023
0.34,45,0.001581557875083218
0.34,46,-0.0028077160122181866
0.34,47,0.0009574946024949186
0.34,48,-0.003478112039079991
0.34,49,0.0013069506006586885
0.34,50,-0.0025859847298825393
0.34,51,0.002577135737906246
0.34,52,-0.003935975078987127
0.34,53,0.0004512150769789141
0.34,54,0.0014375441279047179
0.34,55,-6.333064893647356e-5
0.34,56,0.0007773288170261885
0.34,57,0.0006001998458936287
0.34,58,0.0002991013429012198
0.34,59,0.0008359093112444693
0.34,60,0.002004065977710792
0.34,61,-0.00289243786869857
0.34,62,0.001315296953325142
0.34,63,0.0014899044933742484
0.34,64,0.003015499840113031
0.34,65,0.002126977444390532
0.34,66,0.00017585423784038145
0.34,67,0.002319830093837786
0.34,68,0.0002595984935246944
0.34,69,0.0013534138067229423
0.34,70,0.0012272832897353408
0.34,71,0.0011816496553088876
0.34,72,-0.0025447859460765586
0.34,73,-0.0007273747660771042
0.34,74,-0.0017696379504783164
0.34,75,-0.002300977997973708
0.34,76,0.0008960102126246263
0.34,77,-0.002627066068304202
0.34,78,0.0001059272177745272
0.34,79,-0.0011066939684124019
0.34,80,0.0005805841888744666
0.34,81,-0.0014851442432945623
0.34,82,-0.0008007737155958218
0.34,83,0.0010097121895013476
0.34,84,-9.715123888411523e-5
0.34,85,-0.001700269069238658
0.34,86,0.0016832601973061551
0.34,87,-0.0014015548911346873
0.34,88,0.0002824649571853231
0.34,89,7.981707626985203e-5
0.34,90,0.0016494859381636026
0.34,91,-0.00105269774973473
0.34,92,0.0011305586771356763
0.34,93,0.0023107194532033153
0.34,94,0.0026000654230597456
0.34,95,0.0010204465077451826
0.34,96,0.0029782626398003674
0.34,97,0.00633527065513863
0.34,98,0.005246622442226417
0.34,99,0.009102469886139464
0.34,100,0.005534373632161111
0.34,101,0.00326128366542806
0.34,102,0.0037305820173730406
0.34,103,0.004681899668612726
0.34,104,-0.0004711236661867778
0.34,105,0.004100444186181665
0.34,106,0.0027536790226451386
0.34,107,0.0005093817618476976
0.34,108,0.0028659442063785345
0.34,109,-0.00010495876718899832
0.34,110,0.0011035280921919926
0.34,111,0.00027775969901907785
0.34,112,0.0026776649361420395
0.34,113,-0.0010361401718874232
0.34,114,-0.0015245798717965283
0.34,115,-0.00044847272285694715
0.34,116,0.0011687340170389029
0.34,117,-0.002392886266118876
0.34,118,0.0018087543118593514
0.34,119,-0.0002627746745617845
0.34,120,-0.0013879174924479216
0.34,121,0.0009107778969439917
0.34,122,-0.0005738127573522958
0.34,123,-0.00023808208187865682
0.34,124,-0.0005320979333526435
0.34,125,-0.000744703956009936
0.34,126,0.001338516237993205
0.34,127,7.302897539143378e-5
0.34,128,-0.0032036886453950353
0.34,129,-0.0015835528732001324
0.34,130,0.0007699358634813264
0.34,131,-0.0014485359314996495
0.34,132,-0.0011069138707303949
0.34,133,0.00022436762488708153
0.34,134,-0.0011875263304002408
0.34,135,0.002721385367604016
0.34,136,0.0011071787152037152
0.34,137,-0.0012851552445771253
0.34,138,0.0029514459416233882
0.34,139,-0.0038108767631766056
0.34,140,0.0011102450581538703
0.34,141,0.0032868072502503396
0.34,142,0.000992531168498774
0.34,143,-0.0003354738533241
0.34,144,0.0025264209956632013
0.34,145,-0.0010800897761883317
0.34,146,-0.002735753280794111
0.34,147,-0.0017306741568799222
0.34,148,0.0008390984294697508
0.34,149,-0.0008365142644050469
0.34,150,-0.0016420418594181687
0.34,151,-4.181376763559298e-5
0.34,152,-0.0006985659145290968
0.34,153,0.0020720010524953605
0.34,154,0.001199313701710299
0.34,155,0.0017201049319665108
0.34,156,0.001191294188733055
0.34,157,-0.00021574833336680197
0.34,158,0.0014022094167392407
0.34,159,0.0025497157454227827
0.34,160,0.0023625959439543907
0.34,161,0.002975936844671758
0.34,162,0.003361591553637679
0.34,163,-0.00017090106660694023
0.34,164,0.004566747944926164
0.34,165,-7.22877882472261e-6
0.34,166,0.0047090719499208455
0.34,167,0.0012350393879628926
0.34,168,0.0019089239133482725
0.34,169,0.0038000270063078493
0.34,170,-0.001129903942621463
0.34,171,-0.0044313928752216965
0.34,172,0.0021089375937250352
0.34,173,-0.00046052951925212653
0.34,174,-0.0015258653949853838
0.34,175,-0.0016036683505719397
0.34,176,0.004454423228870591
0.34,177,0.001279536473808786
0.34,178,-0.0008994576473124992
0.34,179,0.004291824339501114
0.34,180,0.0005700430354273154
0.34,181,0.005632426062137732
0.34,182,-0.0009952767511531646
0.34,183,0.009122488168725748
0.34,184,0.008438349630353247
0.34,185,-0.008492196570245263
0.34,186,0.007375773625321833
0.34,187,0.019815700238624966
0.34,188,0.00782930914525849
0.34,189,0.020710815848405374
0.34,190,0.08587649255926016
0.34,191,0.018209606394909185
0.34,192,0.5874434217164587
0.34,193,0.011373637754560727
0.34,194,0.007705228193065938
0.34,195,-0.0010123454707077725
0.34,196,0.0008314633720219374
0.34,197,0.00034165755501915833
0.34,198,0.0003926470514738923
0.35,intercept,-0.003151269478563004
0.35,1,0.00663222403495199
0.35,2,0.0038537833963853785
0.35,3,0.003930654006000136
0.35,4,0.004068725146199303
0.35,5,0.003584003157457517
0.35,6,0.0022826813366304257
0.35,7,0.003900891130241429
0.35,8,0.0022041668340574824
0.35,9,-0.00036523783905748677
0.35,10,-0.0001240465759665704
0.35,11,0.003804409275750265
0.35,12,-0.0015027705288673315
0.35,13,0.0015340804132000737
0.35,14,-0.0003643729397339428
0.35,15,-0.00030361790715372405
0.35,16,-0.0009827655132838772
0.35,17,0.001052164695874248
0.35,18,-2.9227566081503992e-5
0.35,19,0.0009817748310116678
0.35,20,-0.0005839233420336984
0.35,21,0.003501755759151782
0.35,22,0.000125339706935891
0.35,23,-0.0009048163394833749
0.35,24,-0.0007317881009336718
0.35,25,-0.0007881783028712476
0.35,26,0.001996924331459051
0.35,27,-0.004818417978988538
0.35,28,0.0034513627380372753
0.35,29,-0.0013743320759358264
0.35,30,-0.0025472627300056824
0.35,31,-0.000901036220201987
0.35,32,6.10392954362238e-6
0.35,33,-0.0003550052840564995
0.35,34,-0.0037733996922774157
0.35,35,0.0005609549253339041
0.35,36,-0.0014054942294031362
0.35,37,0.0010649570482555903
0.35,38,0.0005229116627126685
0.35,39,-0.002293607687430116
0.35,40,0.004397113838111324
0.35,41,-0.003534835202498427
0.35,42,0.002017707914684661
0.35,43,-0.00020234311101220497
0.35,44,-0.0011218459373866587
0.35,45,0.0016007219270225675
0.35,46,-0.002498085142652227
0.35,47,0.0008502992347201317
0.35,48,-0.0030650194087566036
0.35,49,0.001219706858334905
0.35,50,-0.0024158630351165554
0.35,51,0.0024732519911612023
0.35,52,-0.003933174608662331
0.35,53,0.0005567599554224403
0.35,54,0.0012643680827578428
0.35,55,-0.00027182870953169756
0.35,56,0.0001646214140471468
0.35,57,0.0011221786827999732
0.35,58,-4.6074667614799323e-7
0.35,59,0.0010980430571967557
0.35,60,0.0025189341140455694
0.35,61,-0.0027576612937652623
0.35,62,0.0005337940344414515
0.35,63,0.0017468850494205674
0.35,64,0.0025815418221584877
0.35,65,0.0015168534333703698
0.35,66,0.0012244697417930757
0.35,67,0.001657856835568537
0.35,68,0.0006082138346128015
0.35,69,0.0013203582727394888
0.35,70,0.0013020875913330862
0.35,71,0.0015509884869120169
0.35,72,-0.003009023626585775
0.35,73,-0.0004152104247946417
0.35,74,-0.0010828989290054885
0.35,75,-0.0025632349554929436
0.35,76,0.0005989775861211452
0.35,77,-0.0030447891205140983
0.35,78,0.0003947594380134145
0.35,79,-0.0019443703190702732
0.35,80,0.001078062404492319
0.35,81,-0.0015702584800384534
0.35,82,-0.0006727059049989105
0.35,83,0.001162422350901408
0.35,84,-0.0007389285074333193
0.35,85,-0.0009793933017075468
0.35,86,0.0019388774494116417
0.35,87,-0.00138763102188117
0.35,88,-0.0005240623222244003
0.35,89,0.0009719594182322911
0.35,90,0.000985921612008615
0.35,91,-0.0008446276434641596
0.35,92,0.0008164541800195475
0.35,93,0.0021138044716390554
0.35,94,0.0025117237632636463
0.35,95,0.0010591061746869927
0.35,96,0.003669615519531383
0.35,97,0.005949712628328867
0.35,98,0.004664678264384134
0.35,99,0.00931826272945768
0.35,100,0.005811146030750891
0.35,101,0.0035389750760126027
0.35,102,0.003875070606990575
0.35,103,0.004011112479053008
0.35,104,-0.00014382647595438365
0.35,105,0.003403457139237868
0.35,106,0.0029059549431568604
0.35,107,0.00031896887631541383
0.35,108,0.0030600860532496387
0.35,109,-0.00042563665710363996
0.35,110,0.0012693440511859669
0.35,111,3.1436207405873395e-5
0.35,112,0.0025673031449606467
0.35,113,-0.0013958164341603453
0.35,114,-0.0007818229658537173
0.35,115,0.00019666624278706263
0.35,116,0.0006413261102929256
0.35,117,-0.0024282022688843084
0.35,118,0.0020422866799299656
0.35,119,-0.0006433245175886769
0.35,120,-0.001312109253337625
0.35,121,0.0005586766710728235
0.35,122,-0.00104209152696919
0.35,123,5.158044815935609e-5
0.35,124,5.6329800347348964e-5
0.35,125,-0.0010278861553497272
0.35,126,0.0017615302414723552
0.35,127,-0.00030151035709889766
0.35,128,-0.0022970576074876144
0.35,129,-0.0024430869422945394
0.35,130,0.0012557104843614782
0.35,131,-0.001479530458299028
0.35,132,-0.0011134484518450197
0.35,133,0.00015462655041845872
0.35,134,-0.0009115150101491881
0.35,135,0.002574592803319939
0.35,136,0.00038038269805465056
0.35,137,-0.0007636899938051934
0.35,138,0.003042710503088579
0.35,139,-0.004257234310731109
0.35,140,0.0018486711645081034
0.35,141,0.003102379526469382
0.35,142,0.001685910101870709
0.35,143,-0.0004937423167126816
0.35,144,0.0020296349863663976
0.35,145,-0.001090866504574912
0.35,146,-0.0030156686775276963
0.35,147,-0.002285094214825079
0.35,148,0.001493851219936346
0.35,149,-0.000929271906161268
0.35,150,-0.0013820018020655306
0.35,151,-0.0004504894987210732
0.35,152,-0.0006830365562085902
0.35,153,0.0019552036831104428
0.35,154,0.002280379485963219
0.35,155,0.0012113288515436353
0.35,156,0.00019881827420693376
0.35,157,0.00017189151378521755
0.35,158,0.0011813904709778666
0.35,159,0.0027417094574172553
0.35,160,0.0016575950982172822
0.35,161,0.0032485188333093743
0.35,162,0.0035662961716515103
0.35,163,-0.0002996957074994397
0.35,164,0.004513472090588993
0.35,165,-0.0006616953442768483
0.35,166,0.004922006407239422
0.35,167,0.0006603934978805878
0.35,168,0.0019623127232784214
0.35,169,0.0035522811926119633
0.35,170,-0.0007991161241609933
0.35,171,-0.00416546895460887
0.35,172,0.0025037272259712936
0.35,173,-0.0007498152730151446
0.35,174,-0.001198449410651526
0.35,175,-0.0020214023463061385
0.35,176,0.004438759606497148
0.35,177,0.0009758085410788652
0.35,178,-0.0004940307463432627
0.35,179,0.0038708180004125283
0.35,180,0.0007418029441565877
0.35,181,0.005465427671868277
0.35,182,-0.0014969005197729881
0.35,183,0.00962594118336297
0.35,184,0.007448612831268413
0.35,185,-0.009111906079421125
0.35,186,0.007553983635754312
0.35,187,0.01951283313663447
0.35,188,0.007177108054503747
0.35,189,0.019293611323758907
0.35,190,0.09035762718202077
0.35,191,0.01819424546201913
0.35,192,0.5978451184922542
0.35,193,0.011139994725741068
0.35,194,0.007208937595004744
0.35,195,-0.0009982321618454324
0.35,196,0.0008376148200218702
0.35,197,0.0002983441820767176
0.35,198,0.00037697952053047153
0.36,intercept,-0.0029650938173661967
0.36,1,0.0064336331328737235
0.36,2,0.004705506174592073
0.36,3,0.0032775849934863653
0.36,4,0.0037360922851099095
0.36,5,0.003643765637263482
0.36,6,0.002187572351721057
0.36,7,0.003762019267175185
0.36,8,0.002076827501742859
0.36,9,-0.0004999588317946504
0.36,10,-9.696258887384483e-6
0.36,11,0.003642956017466617
0.36,12,-0.001352049111782806
0.36,13,0.0016302367641323247
0.36,14,-0.0005358733556493979
0.36,15,-5.740026303111604e-5
0.36,16,-0.001375658491582987
0.36,17,0.0013759123055661175
0.36,18,0.00020533177478797255
0.36,19,0.0006299921445899638
0.36,20,-0.000111207291708854
0.36,21,0.0031126508932313164
0.36,22,0.00030483191916696355
0.36,23,-0.0009440772265372913
0.36,24,-0.0012034923209728091
0.36,25,-0.0010715409229247067
0.36,26,0.0018123472377552853
0.36,27,-0.004784416597019739
0.36,28,0.003302759119453482
0.36,29,-0.0009774627083864033
0.36,30,-0.0014159723868612509
0.36,31,-0.0013338811820462226
0.36,32,0.0003276626706265128
0.36,33,-0.0008022245330744017
0.36,34,-0.003386716472835633
0.36,35,0.00047282973157954637
0.36,36,-0.0006874867763547822
0.36,37,0.0010486248140501712
0.36,38,8.677749309876764e-5
0.36,39,-0.0020404418866317737
0.36,40,0.003854770786533711
0.36,41,-0.0033590266653212527
0.36,42,0.002053508696782472
0.36,43,-0.00029406113141604886
0.36,44,-0.0010581839131612797
0.36,45,0.0016877309418428404
0.36,46,-0.0032616015602018305
0.36,47,0.001127677588296465
0.36,48,-0.003124419382384214
0.36,49,0.0009508783205702489
0.36,50,-0.002597807213922787
0.36,51,0.0026428533469485464
0.36,52,-0.0036696984172283173
0.36,53,0.00037876050790351987
0.36,54,0.0014406993284636466
0.36,55,-0.000802260424326965
0.36,56,0.0008437214025384784
0.36,57,0.001349230568701262
0.36,58,0.0006187327421031096
0.36,59,0.00044170455863768853
0.36,60,0.002400718557353527
0.36,61,-0.0024621946758413035
0.36,62,0.0003199827890125791
0.36,63,0.002194295558656507
0.36,64,0.0023056979528964026
0.36,65,0.0010723496926920786
0.36,66,0.00145258813899095
0.36,67,0.0014269638059223044
0.36,68,0.0008561094801238511
0.36,69,0.001450968289143303
0.36,70,0.0008797879273740112
0.36,71,0.001733023341940093
0.36,72,-0.0027958198904830035
0.36,73,-0.0010253954834452373
0.36,74,-0.0007996376701433687
0.36,75,-0.002623623067671393
0.36,76,0.0008779661041163029
0.36,77,-0.0026145914682821044
0.36,78,0.0003434646049866755
0.36,79,-0.0021719424577169998
0.36,80,0.0007962318527120399
0.36,81,-0.0012693493302244371
0.36,82,-0.0006880811807883826
0.36,83,0.0010293543262668147
0.36,84,-2.403004831478433e-5
0.36,85,-0.001359353638769889
0.36,86,0.0024121981253782785
0.36,87,-0.0018850070490057942
0.36,88,-0.0004641398576642603
0.36,89,0.0002493010540814658
0.36,90,0.0012469377174542885
0.36,91,-0.0007509520433301913
0.36,92,0.00088882984067164
0.36,93,0.0015700201142351759
0.36,94,0.003051221503641035
0.36,95,0.00036817650118848623
0.36,96,0.004493608411917054
0.36,97,0.005880446439495096
0.36,98,0.0046810935597465415
0.36,99,0.00906186471917805
0.36,100,0.005900940085855304
0.36,101,0.003483174911827861
0.36,102,0.004069226853440111
0.36,103,0.004066318781268564
0.36,104,-2.3395503904340487e-5
0.36,105,0.0033836869963167833
0.36,106,0.0024557437935059023
0.36,107,-0.0003040700955864769
0.36,108,0.003682260100059855
0.36,109,-0.0007866646177999594
0.36,110,0.0013635184803857262
0.36,111,-8.7510924632585e-5
0.36,112,0.0028323538129178282
0.36,113,-0.0015911412743216656
0.36,114,-0.0011235425466478838
0.36,115,0.00035310577802124876
0.36,116,0.0006974344058566469
0.36,117,-0.002333315891172986
0.36,118,0.001451688938533442
0.36,119,-0.0005306991530436029
0.36,120,-0.0011598031943694594
0.36,121,0.0004501801074245531
0.36,122,-0.0008690785854466567
0.36,123,1.039536310781741e-5
0.36,124,-0.0002667518759645414
0.36,125,-0.0009489725796709031
0.36,126,0.0016798657421038428
0.36,127,-0.00017405824553168113
0.36,128,-0.002687724357444214
0.36,129,-0.002269638715312767
0.36,130,0.00106866582413845
0.36,131,-0.0016222830813187148
0.36,132,-0.0007939522738030889
0.36,133,-9.707069484338916e-5
0.36,134,-0.0011771693435494402
0.36,135,0.002578644200830614
0.36,136,0.0007642993255384913
0.36,137,-0.0009544390119150903
0.36,138,0.003195645579388772
0.36,139,-0.0049076243558122375
0.36,140,0.002490657872536006
0.36,141,0.002884712410498617
0.36,142,0.001434673648068074
0.36,143,-0.00014879433781337097
0.36,144,0.0018562620059132304
0.36,145,-0.001087507224029338
0.36,146,-0.0031844307674497147
0.36,147,-0.0020907449711460597
0.36,148,0.0011522506345685562
0.36,149,-0.0007487336123517335
0.36,150,-0.0009887708224543248
0.36,151,-0.00013147561484325843
0.36,152,-0.00121301301033295
0.36,153,0.001490407973039061
0.36,154,0.002465817116232984
0.36,155,0.0010629184758189569
0.36,156,1.3359654277592801e-5
0.36,157,0.0005702117708549078
0.36,158,0.0009004964459926978
0.36,159,0.00295737277703765
0.36,160,0.0017231706571316063
0.36,161,0.0025558116070404013
0.36,162,0.0033341542011688157
0.36,163,-0.0003919878344289633
0.36,164,0.004728677167051205
0.36,165,-0.0005677375274523111
0.36,166,0.004983210889090962
0.36,167,0.0003635431995367815
0.36,168,0.0018217461545326598
0.36,169,0.003359270542986655
0.36,170,-0.0004856508817222847
0.36,171,-0.004101620314417899
0.36,172,0.002067698264890523
0.36,173,-0.00044025969504551363
0.36,174,-0.001519977649343592
0.36,175,-0.0017178750490346477
0.36,176,0.004250777044365951
0.36,177,0.0007448559007466766
0.36,178,-0.0003980733546264068
0.36,179,0.0027662251010405316
0.36,180,0.0012415808708390677
0.36,181,0.005518935349532098
0.36,182,-0.0017701866590704677
0.36,183,0.0091866758010425
0.36,184,0.007379675189299911
0.36,185,-0.009555348774014368
0.36,186,0.007692518139329098
0.36,187,0.020529769720799472
0.36,188,0.007769236599452493
0.36,189,0.018841789255111742
0.36,190,0.09152949776362024
0.36,191,0.016596758237600793
0.36,192,0.6087715024082776
0.36,193,0.010513932844156776
0.36,194,0.006918267207622492
0.36,195,-0.0009786789136535241
0.36,196,0.0008294931606542052
0.36,197,0.0002522784631577295
0.36,198,0.00038068086326360946
0.37,intercept,-0.002783050344780684
0.37,1,0.0061560774553458
0.37,2,0.0046925203013249445
0.37,3,0.0029319330912386775
0.37,4,0.004670871048738069
0.37,5,0.003405918513310091
0.37,6,0.002833781108415938
0.37,7,0.0031677113306375296
0.37,8,0.0022800763704251235
0.37,9,-0.0008016003795101048
0.37,10,0.0004484124370259374
0.37,11,0.00351374898275965
0.37,12,-0.0016498896593151204
0.37,13,0.0014590317819928673
0.37,14,-0.00031954691546309246
0.37,15,-0.00037664200328283326
0.37,16,-0.0016043674913950071
0.37,17,0.0013540053841214188
0.37,18,0.00046804396105628736
0.37,19,0.0005409546431994816
0.37,20,-9.023347441393788e-5
0.37,21,0.0032304332203934726
0.37,22,0.000308730050969695
0.37,23,-0.0008075001144866689
0.37,24,-0.0014824872840461607
0.37,25,-0.0010526835591387175
0.37,26,0.0018069901209381662
0.37,27,-0.004989788052810785
0.37,28,0.003084683902881594
0.37,29,-0.000449688027154201
0.37,30,-0.0011005100449367911
0.37,31,-0.0018337657794793457
0.37,32,0.0009271414631557549
0.37,33,-0.0009956234366879995
0.37,34,-0.0034830477429222124
0.37,35,6.920042699436775e-5
0.37,36,4.0334793906913867e-5
0.37,37,2.3173533440503256e-5
0.37,38,0.0007839190888862049
0.37,39,-0.0022365978468369906
0.37,40,0.003797908445520756
0.37,41,-0.0034776447794115056
0.37,42,0.002098497774496482
0.37,43,-0.00029874173645961637
0.37,44,-0.0008706235940070129
0.37,45,0.001676015383820095
0.37,46,-0.0031977039657416027
0.37,47,0.0008239003279803946
0.37,48,-0.003552737524132741
0.37,49,0.0018504840711434458
0.37,50,-0.0036592421902135446
0.37,51,0.0030158780274734073
0.37,52,-0.0034395076650396493
0.37,53,0.0007126316182227436
0.37,54,0.0010610215120296048
0.37,55,-0.0005992652499360408
0.37,56,0.0004447209870421865
0.37,57,0.0015425103210095449
0.37,58,0.00015546650223184974
0.37,59,0.00038512549990963186
0.37,60,0.0022333185430537337
0.37,61,-0.002173165406335489
0.37,62,7.378603316801524e-5
0.37,63,0.002719476219412332
0.37,64,0.0016964277863998135
0.37,65,0.0015550600959145804
0.37,66,0.0017417814253236972
0.37,67,0.0012589068002662985
0.37,68,0.0009903701640010755
0.37,69,0.0006864365067284086
0.37,70,0.0014144122454260795
0.37,71,0.001533648075997323
0.37,72,-0.0029793284513884325
0.37,73,-0.001146170977641386
0.37,74,-0.0005709040279282473
0.37,75,-0.0028219096240852995
0.37,76,0.0007750556703833261
0.37,77,-0.0024268032183438265
0.37,78,0.0001606320785370225
0.37,79,-0.0020215666960427922
0.37,80,0.0004665334797792708
0.37,81,-0.0011378385229070744
0.37,82,-0.0010052271256823454
0.37,83,0.0015393403571684332
0.37,84,-9.366864986101365e-5
0.37,85,-0.0010454127883095445
0.37,86,0.0024665240521867435
0.37,87,-0.002167965356730685
0.37,88,0.00016557837434741992
0.37,89,-0.0004246009579120136
0.37,90,0.0014831102194674615
0.37,91,-0.0010643489711185017
0.37,92,0.0008003036629951551
0.37,93,0.0015831271583771514
0.37,94,0.002956909742361151
0.37,95,0.00026121392946502333
0.37,96,0.004191119603104424
0.37,97,0.005812866336591054
0.37,98,0.005371984295760989
0.37,99,0.008570371425962488
0.37,100,0.005679610821599979
0.37,101,0.0031423409225594025
0.37,102,0.003815858965580599
0.37,103,0.004271280434995722
0.37,104,-3.2957004670270535e-5
0.37,105,0.0032180728516462125
0.37,106,0.002529854817622395
0.37,107,-0.00017186172580434343
0.37,108,0.003474075085147578
0.37,109,-0.0009706047262888322
0.37,110,0.0015600475541151476
0.37,111,0.0003251711582047312
0.37,112,0.0027795514896481336
0.37,113,-0.002028370728395742
0.37,114,-0.0008760929350515442
0.37,115,0.00015870797380915583
0.37,116,0.0006605086043539537
0.37,117,-0.0021989491751468197
0.37,118,0.001339907947377479
0.37,119,-0.0008317270682159314
0.37,120,-0.0007164070970702996
0.37,121,0.00023586011284521517
0.37,122,-0.00041925564154730866
0.37,123,-0.0004025457248360363
0.37,124,-0.000531372125897285
0.37,125,-0.000551911490240833
0.37,126,0.001314834881342167
0.37,127,-3.628797054535247e-5
0.37,128,-0.002665051635041353
0.37,129,-0.0018111930035246838
0.37,130,0.0006622888785337709
0.37,131,-0.0017326414895308233
0.37,132,-0.001270654163253559
0.37,133,5.540899201125076e-5
0.37,134,-0.001160038283775969
0.37,135,0.0029948923430210437
0.37,136,0.0004760064484387139
0.37,137,-0.000558394747733896
0.37,138,0.0026699261335347553
0.37,139,-0.0044615048704290975
0.37,140,0.0025775063019230385
0.37,141,0.002621772531717297
0.37,142,0.0015016385110684033
0.37,143,-0.0004090257846174785
0.37,144,0.0020077961405589317
0.37,145,-0.0012302776062283432
0.37,146,-0.002844570034906564
0.37,147,-0.0020769162972451923
0.37,148,0.0008712568821978002
0.37,149,0.00013794025933946407
0.37,150,-0.0010482604137394347
0.37,151,-0.0004560073944128166
0.37,152,-0.0012226643726417695
0.37,153,0.0014876205048645007
0.37,154,0.002756619764989829
0.37,155,0.001468894990312911
0.37,156,-4.894676640282918e-5
0.37,157,0.0007709905215690744
0.37,158,0.00038752959794348526
0.37,159,0.0030163552272734844
0.37,160,0.001529045937377281
0.37,161,0.0027189890038738273
0.37,162,0.0027547875463500306
0.37,163,-0.0005428226216286084
0.37,164,0.004235457189069924
0.37,165,-0.00027123811809778376
0.37,166,0.004745616658343866
0.37,167,0.0009635915917258869
0.37,168,0.0010403766064291256
0.37,169,0.003539222504344446
0.37,170,-0.0001354055449169823
0.37,171,-0.0037277842534655208
0.37,172,0.002074826901827238
0.37,173,-0.0009620561496048056
0.37,174,-0.00151197177289243
0.37,175,-0.0015127933930922483
0.37,176,0.003936745711350197
0.37,177,0.0009760166077667432
0.37,178,-0.0008372215658487753
0.37,179,0.0023058013611892713
0.37,180,0.0020454251273163814
0.37,181,0.005722164392173286
0.37,182,-0.0028854410925547944
0.37,183,0.008948243241430417
0.37,184,0.006386541940362435
0.37,185,-0.008851922921828972
0.37,186,0.007792185859372969
0.37,187,0.02155869532018949
0.37,188,0.006650804669709766
0.37,189,0.019617576895853164
0.37,190,0.0917269361490027
0.37,191,0.015304936413958498
0.37,192,0.6183069072694368
0.37,193,0.010232860292431773
0.37,194,0.007034155357932173
0.37,195,-0.000985815302325728
0.37,196,0.0008347811006643623
0.37,197,0.00023014177258323318
0.37,198,0.0003683728873677284
0.38,intercept,-0.0026134306004550164
0.38,1,0.005482977541303223
0.38,2,0.0049675863340658
0.38,3,0.003143568174667056
0.38,4,0.003844259734917463
0.38,5,0.00370623917900485
0.38,6,0.003283789443555449
0.38,7,0.0029713458731699593
0.38,8,0.0018942693286012442
0.38,9,-0.0005905827304213393
0.38,10,0.0006350905472997698
0.38,11,0.003368837824247446
0.38,12,-0.0015778486492359503
0.38,13,0.0015952453829403731
0.38,14,-0.00034950892505259524
0.38,15,-0.00038959370531743595
0.38,16,-0.0015552607508457117
0.38,17,0.00149866263750383
0.38,18,1.7284169211971745e-5
0.38,19,0.0007010893724790097
0.38,20,0.0003199811607899478
0.38,21,0.00311716475878385
0.38,22,8.267253085262372e-5
0.38,23,-0.0011991518319154357
0.38,24,-0.001310132233544273
0.38,25,-0.000771557212465895
0.38,26,0.002015942496108779
0.38,27,-0.004905498329301204
0.38,28,0.0024322753421720565
0.38,29,-0.0009095047516592059
0.38,30,-0.0009034314186902704
0.38,31,-0.001423165608968658
0.38,32,0.0008339031576491272
0.38,33,-0.0004370920190315615
0.38,34,-0.003911731594453113
0.38,35,0.0004898296126489938
0.38,36,0.00017278189648022382
0.38,37,-0.00033699790550475935
0.38,38,0.0007626045112720338
0.38,39,-0.001798332571466607
0.38,40,0.0036212052733634735
0.38,41,-0.00330249759876119
0.38,42,0.002320329542976239
0.38,43,-0.0006452709312155989
0.38,44,-0.0009396560454193618
0.38,45,0.0014978451990405933
0.38,46,-0.0038288547463384503
0.38,47,0.0009138719055016777
0.38,48,-0.003320670237263034
0.38,49,0.0017925663191330748
0.38,50,-0.0032234101490684355
0.38,51,0.0025765827141339044
0.38,52,-0.002763137433659133
0.38,53,0.00016204063565695645
0.38,54,0.0008334612680885273
0.38,55,-0.0013012551721311176
0.38,56,0.0011389221713636894
0.38,57,0.0012583452910501006
0.38,58,0.0012005399446116353
0.38,59,-0.00047939561556579823
0.38,60,0.002963870757968702
0.38,61,-0.002376207787024659
0.38,62,-0.00020077568485409305
0.38,63,0.0027008723921742367
0.38,64,0.0016007104148756013
0.38,65,0.0011821897378285992
0.38,66,0.0023941120996397607
0.38,67,0.001340152916126167
0.38,68,0.0005547909884290135
0.38,69,0.00042362320009491474
0.38,70,0.0017631128011056844
0.38,71,0.0020777847786372697
0.38,72,-0.002868309426291935
0.38,73,-0.0018251016910983263
0.38,74,6.428661245501291e-5
0.38,75,-0.0031796147630913157
0.38,76,0.00022120129193446282
0.38,77,-0.001982962016427518
0.38,78,-8.120970019695745e-5
0.38,79,-0.0023191668726801045
0.38,80,0.00015401728777691753
0.38,81,-0.0009645065013748869
0.38,82,-0.0009531550008128781
0.38,83,0.0016555638984241386
0.38,84,-0.00014340832092786805
0.38,85,-0.0006021891014443048
0.38,86,0.0023371915439548436
0.38,87,-0.002529259704145351
0.38,88,0.00015435609817003983
0.38,89,-0.0004059672295200128
0.38,90,0.0015679257155947637
0.38,91,-0.00097205770344677
0.38,92,0.0008994279631198393
0.38,93,0.0013462181776256591
0.38,94,0.002597704592620959
0.38,95,-3.462590381664634e-5
0.38,96,0.005086632760074548
0.38,97,0.005157021922421024
0.38,98,0.005641236979781538
0.38,99,0.008449164152654782
0.38,100,0.005633424735026788
0.38,101,0.003268112449969533
0.38,102,0.0032039688532848726
0.38,103,0.004495531261748076
0.38,104,-0.00033660930450771367
0.38,105,0.0037553067087031716
0.38,106,0.0023464109070538766
0.38,107,-0.00047462912619024175
0.38,108,0.0033720586260906154
0.38,109,-0.0015227816058321006
0.38,110,0.0021577827308164985
0.38,111,0.00010553300490210947
0.38,112,0.0025478716747299136
0.38,113,-0.0022585860686130717
0.38,114,-0.0006821211360731716
0.38,115,-0.00016494387330283472
0.38,116,0.0009002603210523121
0.38,117,-0.0020881395694853535
0.38,118,0.0013379269176024896
0.38,119,-0.0004599862520702019
0.38,120,-0.0008454932520251322
0.38,121,8.875959926524742e-5
0.38,122,-4.648214712226744e-5
0.38,123,-0.0008946491619333815
0.38,124,-0.00013648562446002218
0.38,125,-0.0004889049220247741
0.38,126,0.0011809125465967226
0.38,127,-0.00017688372345099726
0.38,128,-0.0027128254108191975
0.38,129,-0.0020512537897009867
0.38,130,0.0008555433883297566
0.38,131,-0.001799795161469679
0.38,132,-0.0011105370208939445
0.38,133,-0.0003238070227751119
0.38,134,-0.0008376565477742475
0.38,135,0.0023948043435666664
0.38,136,0.0009358883297913212
0.38,137,-0.0009322382772885909
0.38,138,0.003136823335132437
0.38,139,-0.005157946550952521
0.38,140,0.0030066260391446186
0.38,141,0.0026559345792646553
0.38,142,0.0014019389043940832
0.38,143,-0.0002961757191115781
0.38,144,0.0019392693547480382
0.38,145,-0.0011803083026824517
0.38,146,-0.0023960956650001517
0.38,147,-0.002245625197747395
0.38,148,0.0009968570195133357
0.38,149,-0.00014639846913934275
0.38,150,-0.0009233990942314118
0.38,151,-0.000426459501873561
0.38,152,-0.0011612433154612053
0.38,153,0.0012952673098686341
0.38,154,0.0027086935327999846
0.38,155,0.0014404631934866728
0.38,156,-0.0002521862012705147
0.38,157,0.0007110142357618448
0.38,158,0.0003109081553880857
0.38,159,0.0035783159522113665
0.38,160,0.0013151172607133706
0.38,161,0.0024490921173544026
0.38,162,0.002766216151145342
0.38,163,-0.0004161682497685644
0.38,164,0.004518248613912815
0.38,165,-0.0012189683390894748
0.38,166,0.00466047382076727
0.38,167,0.0006574602615818257
0.38,168,0.001546099857139021
0.38,169,0.0036981113520598097
0.38,170,-0.0003908117300521159
0.38,171,-0.002822029152581844
0.38,172,0.0018579818851691312
0.38,173,-0.0005488800093579614
0.38,174,-0.0019671158630491545
0.38,175,-0.000880574906519712
0.38,176,0.0039694689600239304
0.38,177,0.0008789522005426066
0.38,178,-0.0014158325574193725
0.38,179,0.002907055723802615
0.38,180,0.0016387605205898164
0.38,181,0.004815218325352694
0.38,182,-0.0014556865241170133
0.38,183,0.008134518787658354
0.38,184,0.006304056471304873
0.38,185,-0.009462979056049065
0.38,186,0.007253151209958762
0.38,187,0.02242410841118648
0.38,188,0.005939658083510453
0.38,189,0.01969648125473113
0.38,190,0.09389953938276706
0.38,191,0.013601100452982755
0.38,192,0.626980130559471
0.38,193,0.01033280935934348
0.38,194,0.006937111758522306
0.38,195,-0.000991957032441591
0.38,196,0.00077888344399185
0.38,197,0.00018945332717338692
0.38,198,0.00035657530332441163
0.39,intercept,-0.0023916221427971434
0.39,1,0.005539910236882042
0.39,2,0.004218178495830352
0.39,3,0.004108177172532651
0.39,4,0.003246869301367067
0.39,5,0.0035908557306560175
0.39,6,0.003213466028039939
0.39,7,0.0027521450702060538
0.39,8,0.0019609536101833215
0.39,9,-0.0007048291531867442
0.39,10,0.001219969943003852
0.39,11,0.0030320784507564527
0.39,12,-0.001185387590085767
0.39,13,0.0012380510863852297
0.39,14,-0.0001347730172495041
0.39,15,-0.0008240285645116256
0.39,16,-0.0008194505991077734
0.39,17,0.001143357118162424
0.39,18,-0.00022698861828890438
0.39,19,0.00020451684426238788
0.39,20,0.0003545042253496971
0.39,21,0.0023963396415428296
0.39,22,0.0004983661073648895
0.39,23,-0.000982862162088333
0.39,24,-0.0012764875657951143
0.39,25,-0.0007320880510170145
0.39,26,0.0017757854872114138
0.39,27,-0.004442219725169943
0.39,28,0.002426467695231926
0.39,29,-0.0010537312794964072
0.39,30,-0.0005836781585154818
0.39,31,-0.0019602549191835733
0.39,32,0.0014540680846555794
0.39,33,-0.0008451176199178875
0.39,34,-0.00385177744755723
0.39,35,0.0006488319053559722
0.39,36,-0.00011521478134614737
0.39,37,-0.00032287827690551015
0.39,38,0.000733377996758921
0.39,39,-0.0017721684142323452
0.39,40,0.0034496810007705373
0.39,41,-0.0032179741916024468
0.39,42,0.0022419800848352853
0.39,43,-0.000612797510578348
0.39,44,-0.0010569238819711688
0.39,45,0.0016155243179162932
0.39,46,-0.003462986953075363
0.39,47,0.0009866309790324554
0.39,48,-0.003230585013169602
0.39,49,0.0017735412070391345
0.39,50,-0.002751723291405217
0.39,51,0.00227424990000636
0.39,52,-0.002700946915384843
0.39,53,-0.000135155547822311
0.39,54,0.001155734626527987
0.39,55,-0.001823167144097402
0.39,56,0.001489019679894491
0.39,57,0.0004567383050519431
0.39,58,0.0016124732402512233
0.39,59,-0.0006192396410001252
0.39,60,0.0029116399806002388
0.39,61,-0.002769947253588034
0.39,62,-0.0006344195728677579
0.39,63,0.0031773480301725537
0.39,64,0.002434296689518546
0.39,65,0.001123282106862109
0.39,66,0.0026168214619567173
0.39,67,0.0014992086514748137
0.39,68,0.0005226031870194807
0.39,69,0.0001752021584054772
0.39,70,0.001307565076906179
0.39,71,0.0025302944581375364
0.39,72,-0.002608762676297483
0.39,73,-0.0026033850487080677
0.39,74,0.0005716991305183589
0.39,75,-0.0033504777239847694
0.39,76,0.0005315312280399793
0.39,77,-0.002124385589658832
0.39,78,-0.00019534586695645268
0.39,79,-0.0017284602799312412
0.39,80,-0.00023175274295407633
0.39,81,-0.0005899265681165775
0.39,82,-0.0008883603302848917
0.39,83,0.0015217965198231341
0.39,84,7.130001432282686e-5
0.39,85,-0.0005963663511381981
0.39,86,0.001858184543132045
0.39,87,-0.0024803811664843435
0.39,88,-0.0002916250252061698
0.39,89,-0.00014468497578294263
0.39,90,0.0013723313888937137
0.39,91,-0.0010525797214974526
0.39,92,0.0009318478763531623
0.39,93,0.0014235387780717223
0.39,94,0.002033059640158053
0.39,95,0.0005000753768902923
0.39,96,0.005150122182844924
0.39,97,0.004369158373273945
0.39,98,0.005622948208722445
0.39,99,0.007995974305133087
0.39,100,0.0061843865950142645
0.39,101,0.003364565594706497
0.39,102,0.0027298758766670403
0.39,103,0.00438164157186698
0.39,104,-0.0004834146485530467
0.39,105,0.004082218732880095
0.39,106,0.00267152893586653
0.39,107,-0.00045117765235263283
0.39,108,0.0032695770887254294
0.39,109,-0.0014742700389456327
0.39,110,0.0013812872045497653
0.39,111,0.0004702143596569357
0.39,112,0.002494052382109059
0.39,113,-0.0021464286371886934
0.39,114,-0.0007309541775477696
0.39,115,0.00036674302747824987
0.39,116,0.0012701473859483069
0.39,117,-0.0026854206423396086
0.39,118,0.0012016309224441625
0.39,119,-0.0004871028709536658
0.39,120,-0.0010027370077595854
0.39,121,-2.0126579691623978e-5
0.39,122,0.000157389916418512
0.39,123,-0.0009309855372589266
0.39,124,-8.854737069041554e-5
0.39,125,-0.0007477321183217374
0.39,126,0.0010295221151012059
0.39,127,-0.0002912540814396285
0.39,128,-0.0021649187590990927
0.39,129,-0.0017171794283340302
0.39,130,0.0004221874123674419
0.39,131,-0.0019609990198788375
0.39,132,-0.0017644280440685955
0.39,133,0.0007100752682206739
0.39,134,-0.0012383156096613247
0.39,135,0.002622164703744564
0.39,136,0.0004819307381809679
0.39,137,-0.0006661925891763211
0.39,138,0.002945037244285123
0.39,139,-0.005157418073117945
0.39,140,0.0029808805246441922
0.39,141,0.0025273651689270765
0.39,142,0.0017963651936612791
0.39,143,-0.0007302707913108944
0.39,144,0.00253929732241736
0.39,145,-0.0014109398721440598
0.39,146,-0.00280042975713685
0.39,147,-0.001981598275847076
0.39,148,0.0006471416193726438
0.39,149,0.00026505908192428306
0.39,150,-0.0013905265025009317
0.39,151,-0.0004787630319653256
0.39,152,-0.00022779456402241994
0.39,153,0.0009970297797523256
0.39,154,0.0025293414222240865
0.39,155,0.001916576099863405
0.39,156,0.0001098316517976155
0.39,157,0.00027867649188199667
0.39,158,7.334573973172701e-5
0.39,159,0.003251619715764019
0.39,160,0.001317241350171057
0.39,161,0.00232512049185231
0.39,162,0.0024858364094604733
0.39,163,-1.2294042121165003e-5
0.39,164,0.0043802401601207575
0.39,165,-0.0009216031742083515
0.39,166,0.004504768567440981
0.39,167,-0.00020869995940733143
0.39,168,0.002096514700606314
0.39,169,0.0031555015896439715
0.39,170,-0.0006555659837387606
0.39,171,-0.002863021855535551
0.39,172,0.0012957851913589578
0.39,173,-0.00038088525122159086
0.39,174,-0.0019255933521571476
0.39,175,-0.0006722464923388818
0.39,176,0.0045070320161532985
0.39,177,0.0007124657801944109
0.39,178,-0.001491760592076836
0.39,179,0.002821796982285322
0.39,180,0.001622151264206887
0.39,181,0.003983791779476432
0.39,182,-0.0011516284317249397
0.39,183,0.007846586532289677
0.39,184,0.006027656326327593
0.39,185,-0.00910215532372888
0.39,186,0.006760171649618619
0.39,187,0.022127494884759593
0.39,188,0.004494433062920466
0.39,189,0.020522142406188635
0.39,190,0.09452698554347327
0.39,191,0.012399159369883091
0.39,192,0.6383774848577437
0.39,193,0.009473684991051935
0.39,194,0.006969043304457638
0.39,195,-0.000991824335444594
0.39,196,0.0007791068658290527
0.39,197,0.00015938883371780215
0.39,198,0.00035100652880564603
0.4,intercept,-0.002237139189377625
0.4,1,0.005198347528529542
0.4,2,0.005116809185084075
0.4,3,0.004356396718479762
0.4,4,0.0024717892901427153
0.4,5,0.0040150358391149825
0.4,6,0.0028319920199925655
0.4,7,0.002884198195078346
0.4,8,0.0018132201822479614
0.4,9,-0.0008414844487896167
0.4,10,0.0010936104833407987
0.4,11,0.0028235286742260887
0.4,12,-0.0014166786418329516
0.4,13,0.0017463734890075557
0.4,14,-0.0004899599642868603
0.4,15,-0.0005417988387253438
0.4,16,-0.0005952870048655036
0.4,17,0.001089455196813219
0.4,18,-0.00031122935326903756
0.4,19,-0.00037458066381469083
0.4,20,-7.794518619273065e-5
0.4,21,0.002830824606372375
0.4,22,0.00032273343007828897
0.4,23,-0.00031590128760001585
0.4,24,-0.0015899336030831927
0.4,25,-0.0004351187520870293
0.4,26,0.0014565844009462637
0.4,27,-0.004550157869118517
0.4,28,0.002411102086743004
0.4,29,-0.001054913539273431
0.4,30,-0.0009560529633829549
0.4,31,-0.0018730455272175969
0.4,32,0.0010548543597696611
0.4,33,-0.000718070691634588
0.4,34,-0.003189087748095251
0.4,35,0.0007852406038459764
0.4,36,0.00038378410610411434
0.4,37,-0.0005875512693862131
0.4,38,0.0005152931812187937
0.4,39,-0.002224061226140207
0.4,40,0.0035810017807489194
0.4,41,-0.003123041904968501
0.4,42,0.002399033591618537
0.4,43,-0.0011083072657988684
0.4,44,-0.0008134787642667379
0.4,45,0.0016531569353974301
0.4,46,-0.003328089038233593
0.4,47,0.001339912835997349
0.4,48,-0.0034579049416278112
0.4,49,0.0018411114758247807
0.4,50,-0.003062028472666595
0.4,51,0.002152135392549657
0.4,52,-0.0027697049090615678
0.4,53,0.0002248054014357053
0.4,54,0.0008592939311238263
0.4,55,-0.001932496203652403
0.4,56,0.0019214522808922074
0.4,57,0.000392695666612035
0.4,58,0.001389063850753444
0.4,59,-0.0006743421323628392
0.4,60,0.002519272188275642
0.4,61,-0.0027514110952583165
0.4,62,-0.000928103474148414
0.4,63,0.003351794791965227
0.4,64,0.0022626126360136274
0.4,65,0.001572982827360013
0.4,66,0.002748142289576569
0.4,67,0.0014249094599182266
0.4,68,-6.506509611095383e-5
0.4,69,0.00014399129285198108
0.4,70,0.0020385942194444157
0.4,71,0.0019974087575481835
0.4,72,-0.002602399645722028
0.4,73,-0.0026386294376203718
0.4,74,0.0008824926062200298
0.4,75,-0.0036597663746392333
0.4,76,0.0006169051367216318
0.4,77,-0.002240767122024196
0.4,78,3.5790948309472618e-6
0.4,79,-0.0020415543673897797
0.4,80,-0.000388043778527268
0.4,81,-0.00029693510241556167
0.4,82,-0.0012840550918224057
0.4,83,0.0012467301404422942
0.4,84,1.737083714874245e-5
0.4,85,-0.0004773232052254325
0.4,86,0.0028431543481150707
0.4,87,-0.0025563038539438863
0.4,88,-0.000680297754839775
0.4,89,0.0005020044121603312
0.4,90,0.0020480364769368056
0.4,91,-0.0018708687302777778
0.4,92,0.0010599606102990628
0.4,93,0.0003852594688434886
0.4,94,0.002516127338461917
0.4,95,-0.0002792039618634484
0.4,96,0.005303298895879012
0.4,97,0.004554037519461942
0.4,98,0.005152532617943769
0.4,99,0.00847014350419666
0.4,100,0.006219166231487964
0.4,101,0.0029559424551897032
0.4,102,0.0024228310473439893
0.4,103,0.0050640989753959285
0.4,104,-0.000377970765038796
0.4,105,0.003656719864681641
0.4,106,0.0028286202001001955
0.4,107,-0.0006932577031360014
0.4,108,0.0032398635077291404
0.4,109,-0.0012738708234591657
0.4,110,0.001523718478168651
0.4,111,0.00032815653563717455
0.4,112,0.002276403034880936
0.4,113,-0.0020418601386628992
0.4,114,-0.0002067240852326464
0.4,115,0.00027329657993391076
0.4,116,0.0014888310834964928
0.4,117,-0.002629813485054456
0.4,118,0.0011545497061215741
0.4,119,-0.0003527927142624093
0.4,120,-0.0011373476653248969
0.4,121,-0.0004341610732633871
0.4,122,0.00014441107358147362
0.4,123,-0.0009111371169455152
0.4,124,-1.2654079232441125e-5
0.4,125,-0.0010216014884410608
0.4,126,0.001141814588842672
0.4,127,3.471806550433665e-5
0.4,128,-0.002133182768499274
0.4,129,-0.0019034625291044676
0.4,130,0.000726862967944385
0.4,131,-0.0021318377626345637
0.4,132,-0.0017608991197552912
0.4,133,0.0006073605475695993
0.4,134,-0.0010524488191624877
0.4,135,0.002893887439243408
0.4,136,0.0009090842181730548
0.4,137,-0.0007519201443990666
0.4,138,0.002692485865653321
0.4,139,-0.00496651376173429
0.4,140,0.002830965772461338
0.4,141,0.0023047380698064624
0.4,142,0.0023667615904059427
0.4,143,-0.0009129423992341449
0.4,144,0.0017614300119616392
0.4,145,-0.001361816131973899
0.4,146,-0.0027707959492348287
0.4,147,-0.002171494917605355
0.4,148,0.0012222233983225739
0.4,149,0.00022902629562926495
0.4,150,-0.0009392622037198675
0.4,151,-0.0006799872675221641
0.4,152,-0.0003119649331539209
0.4,153,0.0012814633122712781
0.4,154,0.0014683516310175697
0.4,155,0.0022681606170432468
0.4,156,-0.0003397761645600767
0.4,157,0.0007632610177241788
0.4,158,-4.764985411440847e-5
0.4,159,0.0028825369114107943
0.4,160,0.0012542794103463802
0.4,161,0.0020829795665246722
0.4,162,0.003057115057140088
0.4,163,0.00013109286266539325
0.4,164,0.003994746842132259
0.4,165,-0.0009092702283317896
0.4,166,0.004614681111588904
0.4,167,-0.0004428668482358331
0.4,168,0.0021395454938592036
0.4,169,0.003659283134119871
0.4,170,-0.0012091316623235565
0.4,171,-0.0025935313655271325
0.4,172,0.0011615142068477273
0.4,173,-0.0003079603471330211
0.4,174,-0.002672172422571717
0.4,175,-0.0005458631398570667
0.4,176,0.004921732550062683
0.4,177,3.64277309403469e-5
0.4,178,-0.0009170339403227077
0.4,179,0.00250574418963268
0.4,180,0.001966735781772614
0.4,181,0.004187987408048167
0.4,182,-0.002107969021191889
0.4,183,0.007770914453865701
0.4,184,0.005921274857079893
0.4,185,-0.00921008212507133
0.4,186,0.006836609040304327
0.4,187,0.02261781648853124
0.4,188,0.0029324789128309086
0.4,189,0.020663512274962666
0.4,190,0.09428352221980868
0.4,191,0.013295847690017782
0.4,192,0.6473325401405777
0.4,193,0.00938840235904155
0.4,194,0.006628589598015801
0.4,195,-0.0010101481695176792
0.4,196,0.0007683096690949808
0.4,197,0.00013182891442851735
0.4,198,0.00033644624229948257
0.41,intercept,-0.00198672850492833
0.41,1,0.00552697844828524
0.41,2,0.00509770749356468
0.41,3,0.004128491767563974
0.41,4,0.0027568112205261365
0.41,5,0.0039670456565519775
0.41,6,0.0021960336163843646
0.41,7,0.0029988557541052777
0.41,8,0.0013238936467567753
0.41,9,-0.0004504911077009889
0.41,10,0.0009261076593555264
0.41,11,0.002930956573375644
0.41,12,-0.0014381822020575453
0.41,13,0.0014843956971773355
0.41,14,-0.0002077682696421871
0.41,15,-0.00048226733499949715
0.41,16,-0.0007368409235872185
0.41,17,0.0009644457097493483
0.41,18,-0.00062889653859572
0.41,19,0.0004943732859921553
0.41,20,-0.0005640472905641055
0.41,21,0.0025254488383668525
0.41,22,2.2307409195230073e-5
0.41,23,0.00018490045543121663
0.41,24,-0.0019064409510892852
0.41,25,-0.00033282456344091915
0.41,26,0.0015655233190506913
0.41,27,-0.00456752133438855
0.41,28,0.002409421424572503
0.41,29,-0.0006683701566535136
0.41,30,-0.000970186745258435
0.41,31,-0.001783619408762352
0.41,32,0.000800792145923154
0.41,33,-0.0007237656564117574
0.41,34,-0.0031569022377644423
0.41,35,0.0007919488024636238
0.41,36,8.14633912233739e-6
0.41,37,-0.0006974875967457157
0.41,38,0.0007250527805388037
0.41,39,-0.002258322087748771
0.41,40,0.003310486893755957
0.41,41,-0.003289830868146006
0.41,42,0.002177273057218262
0.41,43,-0.0008060222017754135
0.41,44,-0.0007254499243418936
0.41,45,0.0013291080619235486
0.41,46,-0.002988353178652764
0.41,47,0.0017658180956426216
0.41,48,-0.0031702098886775727
0.41,49,0.0017590561805580752
0.41,50,-0.0034334012026817403
0.41,51,0.0023041041381000383
0.41,52,-0.002469860482529935
0.41,53,2.3038725308878023e-5
0.41,54,0.0014977191150112904
0.41,55,-0.002432353116321608
0.41,56,0.0020599658074062256
0.41,57,-0.0002472885800828273
0.41,58,0.0017810260425073527
0.41,59,-0.0010962579524446939
0.41,60,0.0020526086583473662
0.41,61,-0.0024642629819686245
0.41,62,-0.0011776077044725122
0.41,63,0.0030112263644962458
0.41,64,0.0026388178291708903
0.41,65,0.0012435292395648644
0.41,66,0.003135042541305843
0.41,67,0.0017452279927926524
0.41,68,-0.0006971651939009895
0.41,69,2.5575152910309257e-5
0.41,70,0.0020105216763184274
0.41,71,0.002173217053451605
0.41,72,-0.0024899189471219337
0.41,73,-0.0024892648542726398
0.41,74,0.0006998919420996687
0.41,75,-0.003819741453907247
0.41,76,0.0008029312081971977
0.41,77,-0.002325339564486384
0.41,78,0.00021307976310404723
0.41,79,-0.002219823006476887
0.41,80,-0.0004869783059592724
0.41,81,-0.0004059365237766478
0.41,82,-0.0009640762065395358
0.41,83,0.001602716160151347
0.41,84,-0.00043777754443364084
0.41,85,-4.0288080946944444e-5
0.41,86,0.0030867638682480847
0.41,87,-0.0032531911876153394
0.41,88,0.00022968318193840933
0.41,89,0.00028951838479213896
0.41,90,0.002064125086302483
0.41,91,-0.0021849354740934492
0.41,92,0.0006349139658514612
0.41,93,0.00040711874742522825
0.41,94,0.0019999641142057437
0.41,95,-0.00034193424490815334
0.41,96,0.005707448033003003
0.41,97,0.004455837383378667
0.41,98,0.005110097085215842
0.41,99,0.008050857693739612
0.41,100,0.006701171637442805
0.41,101,0.002494093043463823
0.41,102,0.003036937925596382
0.41,103,0.004695665591782408
0.41,104,-0.0003180696619289619
0.41,105,0.004009674038521672
0.41,106,0.0017432725611434123
0.41,107,-0.00018800209169478763
0.41,108,0.0031993377366435717
0.41,109,-0.0008151009204872479
0.41,110,0.0013907434542564875
0.41,111,0.0007970985386110802
0.41,112,0.0021222246822246633
0.41,113,-0.0023879933894382977
0.41,114,-0.0002959305177316079
0.41,115,-1.5197275301583156e-5
0.41,116,0.0017001924433617743
0.41,117,-0.0029116308363240973
0.41,118,0.0017239491771371181
0.41,119,-0.0006079471227786856
0.41,120,-0.0010126551996517672
0.41,121,-0.00038622196467314753
0.41,122,-0.0002099171722192644
0.41,123,-0.0004873429086647986
0.41,124,-0.0005710270774672427
0.41,125,-0.000932052282140911
0.41,126,0.0009697737844674738
0.41,127,0.0001281202583709046
0.41,128,-0.002146222964588881
0.41,129,-0.001681888838119883
0.41,130,0.0006714337430812699
0.41,131,-0.0017061148433621714
0.41,132,-0.0022705490334603198
0.41,133,0.0007512627626289837
0.41,134,-0.0007807760514433244
0.41,135,0.0025577316454122034
0.41,136,0.0008673426888107798
0.41,137,-0.00048199900299638346
0.41,138,0.0023526116321087175
0.41,139,-0.005469189114899454
0.41,140,0.0028640970095098217
0.41,141,0.0024630783457280214
0.41,142,0.002194531909557571
0.41,143,-0.00028555274815148153
0.41,144,0.0015824539800679423
0.41,145,-0.001446975513420256
0.41,146,-0.003117746262934545
0.41,147,-0.0019459471199910524
0.41,148,0.0009122967707873847
0.41,149,0.0004673410424974561
0.41,150,-0.0005659836385989935
0.41,151,-0.0010337824337401415
0.41,152,0.0002340522761575915
0.41,153,0.0007840016902444078
0.41,154,0.0019492056650837692
0.41,155,0.002252191631230665
0.41,156,-0.0008653730347503512
0.41,157,0.0008336191328742413
0.41,158,0.00022449659357016305
0.41,159,0.0024807940581610304
0.41,160,0.0015798923216923623
0.41,161,0.0017496843661752737
0.41,162,0.0032956777895455204
0.41,163,0.00011398622026710705
0.41,164,0.004041303034385878
0.41,165,-0.0014349913515104874
0.41,166,0.004660176237978801
0.41,167,-0.0003304882157631112
0.41,168,0.002641833706215885
0.41,169,0.0031238151723685333
0.41,170,-0.000836950473861188
0.41,171,-0.002857282110520702
0.41,172,0.0016372252333518367
0.41,173,-0.0002293584067749157
0.41,174,-0.003528491874243162
0.41,175,-9.892892518295833e-7
0.41,176,0.004313263142768494
0.41,177,0.00024229754141408169
0.41,178,-0.0009760939083630287
0.41,179,0.002608801326596911
0.41,180,0.0021198295874798536
0.41,181,0.0038804200910759513
0.41,182,-0.0027200725654783
0.41,183,0.007841063035150867
0.41,184,0.00556447074923121
0.41,185,-0.00922764687148582
0.41,186,0.006615476610800185
0.41,187,0.022826690105084375
0.41,188,0.0024189343077361475
0.41,189,0.02034894054792386
0.41,190,0.0954643134649516
0.41,191,0.011970654875695944
0.41,192,0.6556360269840099
0.41,193,0.008863909894445004
0.41,194,0.006414981852345752
0.41,195,-0.001014600965185285
0.41,196,0.0006842110457341341
0.41,197,0.00011282911408285736
0.41,198,0.00031710485008235685
0.42,intercept,-0.0018429717290147204
0.42,1,0.0057632911414654585
0.42,2,0.005056376903882708
0.42,3,0.003953357337292944
0.42,4,0.0030895131700564597
0.42,5,0.0033854287616400724
0.42,6,0.002495653774237165
0.42,7,0.002624444968905903
0.42,8,0.0010341691507064741
0.42,9,-0.0003495082305727161
0.42,10,0.0009130510880568524
0.42,11,0.0026839719946114347
0.42,12,-0.0010645919628964797
0.42,13,0.0018339546520366025
0.42,14,-0.00035023889123440334
0.42,15,-0.0008033583388784525
0.42,16,-0.0010237637801589598
0.42,17,0.0012186613847846247
0.42,18,-0.0004486956411745688
0.42,19,0.0007072329631021872
0.42,20,-0.000977298410754703
0.42,21,0.002781615216808129
0.42,22,-0.0002483962352598556
0.42,23,-2.19290738071889e-5
0.42,24,-0.001552780837758612
0.42,25,-0.0004898415974279704
0.42,26,0.0015198073243833136
0.42,27,-0.004443572014292985
0.42,28,0.0022012136143140684
0.42,29,-0.0008894305094668752
0.42,30,-0.0007947488837930531
0.42,31,-0.0020650302647733302
0.42,32,0.0009742621980543037
0.42,33,-0.0007791050970250399
0.42,34,-0.0031008942540793755
0.42,35,0.0012748080112959634
0.42,36,-7.363603295814767e-6
0.42,37,-0.0009312138517005575
0.42,38,0.0007523614294025057
0.42,39,-0.002477387700537048
0.42,40,0.003060557477654243
0.42,41,-0.003717474552007862
0.42,42,0.002869515191982731
0.42,43,-0.0007284280542541188
0.42,44,-0.0006957197415331155
0.42,45,0.001215685638242898
0.42,46,-0.0028192291644521645
0.42,47,0.0020958562542603603
0.42,48,-0.0030794402573022803
0.42,49,0.0014460224298287632
0.42,50,-0.0031550836150936986
0.42,51,0.0017898690208147025
0.42,52,-0.00257950031941765
0.42,53,-7.244615243397314e-5
0.42,54,0.0012984534921790336
0.42,55,-0.0019260779600060235
0.42,56,0.0019991179002976
0.42,57,-0.00014279676689474166
0.42,58,0.0016004364354134778
0.42,59,-0.0015873570520755255
0.42,60,0.002487235894060735
0.42,61,-0.0026340031001925853
0.42,62,-0.0011975052427119306
0.42,63,0.0030150065177871567
0.42,64,0.002996420992710172
0.42,65,0.001049545757046552
0.42,66,0.0028204104049515152
0.42,67,0.0017888849310421359
0.42,68,-0.0008263822890755249
0.42,69,0.0003149864504306657
0.42,70,0.0020464577648767286
0.42,71,0.0019215913266044493
0.42,72,-0.0023717045695746245
0.42,73,-0.0026132486501013706
0.42,74,9.31175716280624e-5
0.42,75,-0.0030834378326847892
0.42,76,0.0008470379681909528
0.42,77,-0.0019216296229314141
0.42,78,0.00041110171179625093
0.42,79,-0.001925247210034123
0.42,80,-0.0003888322910595817
0.42,81,-0.0008841644044881785
0.42,82,-0.0009711726894774988
0.42,83,0.0011870666905564517
0.42,84,-0.0005796901812732446
0.42,85,9.7517737980134e-5
0.42,86,0.003298584977546537
0.42,87,-0.003800399326844529
0.42,88,0.00015897330166397022
0.42,89,0.0004681208704856294
0.42,90,0.0017940019451207808
0.42,91,-0.0026501330962106213
0.42,92,0.0010438304322230936
0.42,93,0.00020887063674454798
0.42,94,0.002331344112113309
0.42,95,-0.0007160726093361271
0.42,96,0.0064397446552366434
0.42,97,0.004392223378429068
0.42,98,0.005086674313428774
0.42,99,0.007924649600037349
0.42,100,0.006291124745737383
0.42,101,0.0026393525221616605
0.42,102,0.0028968398944574925
0.42,103,0.0048439875462389734
0.42,104,-0.0002771790987470466
0.42,105,0.003202535204261675
0.42,106,0.001899838850456957
0.42,107,0.0002942203599392769
0.42,108,0.0027313031299731907
0.42,109,-0.0005095003750023896
0.42,110,0.0009197941227597424
0.42,111,0.0010535096195954205
0.42,112,0.001862413353140522
0.42,113,-0.0021957720643394937
0.42,114,-0.0001174876174479954
0.42,115,-0.0006774693300551339
0.42,116,0.002572002810454561
0.42,117,-0.0033917385089260238
0.42,118,0.0020247345688525985
0.42,119,-0.0008419000000604247
0.42,120,-0.0010228964799603062
0.42,121,-0.0005274922190718659
0.42,122,-0.0005974190311635561
0.42,123,-0.000291018123704764
0.42,124,-0.00037676387245139147
0.42,125,-0.00045040507868612464
0.42,126,0.0005797376506081155
0.42,127,0.00025169063075555423
0.42,128,-0.001977543739099916
0.42,129,-0.0016105011708017832
0.42,130,0.0004926345446133582
0.42,131,-0.0017769854071750643
0.42,132,-0.0021793000055481205
0.42,133,0.0009801798749713255
0.42,134,-0.0008929544390514545
0.42,135,0.002235467360852112
0.42,136,0.0011820342756810212
0.42,137,-0.0015706141878494729
0.42,138,0.002833603133147526
0.42,139,-0.0055401249942285315
0.42,140,0.0031303296622809153
0.42,141,0.002707483236277413
0.42,142,0.001974611226315455
0.42,143,-0.00017647545601627202
0.42,144,0.0017401208866702532
0.42,145,-0.0016374718046859426
0.42,146,-0.003073849909739645
0.42,147,-0.0021117238673860413
0.42,148,0.0008009879893359556
0.42,149,0.0008128556087071205
0.42,150,-0.00042582509223728846
0.42,151,-0.0010279052101891863
0.42,152,-0.00010094320969777748
0.42,153,0.000895292528359124
0.42,154,0.002009927948200257
0.42,155,0.0019035281594957897
0.42,156,-0.0011875576009350896
0.42,157,0.0010657422837750626
0.42,158,0.00013607956364528604
0.42,159,0.002433980712167823
0.42,160,0.0018987092556678393
0.42,161,0.0014794309991026382
0.42,162,0.003552594979528244
0.42,163,1.9749331417578714e-5
0.42,164,0.003998802381826244
0.42,165,-0.001797395520305929
0.42,166,0.004466295483646403
0.42,167,-0.0004992789352382524
0.42,168,0.0031156949331478606
0.42,169,0.0030007519998281607
0.42,170,-0.0005802576992929838
0.42,171,-0.0033970941688192926
0.42,172,0.00133325359106426
0.42,173,-0.00028338450296622213
0.42,174,-0.0034453280618944883
0.42,175,0.00017485595265941223
0.42,176,0.004350578074012336
0.42,177,0.00024876805360942665
0.42,178,-0.000967228975970955
0.42,179,0.0027270380757274896
0.42,180,0.0017138180442225863
0.42,181,0.0038880637081454383
0.42,182,-0.0025172057678008023
0.42,183,0.007533162769821835
0.42,184,0.005968757410656131
0.42,185,-0.01020767043824474
0.42,186,0.007286695294754421
0.42,187,0.022979811248387584
0.42,188,0.0017808470197056801
0.42,189,0.018598603040263326
0.42,190,0.09870580413284608
0.42,191,0.011031345609325187
0.42,192,0.6633322170498022
0.42,193,0.008885733438300226
0.42,194,0.006664928025099143
0.42,195,-0.000973489902814377
0.42,196,0.000622652500533898
0.42,197,0.00011166446943201044
0.42,198,0.00030512197513865596
0.43,intercept,-0.001703115537291291
0.43,1,0.005880869359603593
0.43,2,0.0049378866789905355
0.43,3,0.003915047734371396
0.43,4,0.0031647517741135527
0.43,5,0.003279663341933678
0.43,6,0.0017917903456932433
0.43,7,0.002321991088592209
0.43,8,0.0016554001536842724
0.43,9,-0.0006355162889482283
0.43,10,0.001400917458736101
0.43,11,0.00287242207216937
0.43,12,-0.0012105733861443168
0.43,13,0.0015684431508793668
0.43,14,-2.0950603703828387e-5
0.43,15,-0.0009135042917040934
0.43,16,-0.001532542780434473
0.43,17,0.0012298704289580263
0.43,18,-0.00018886767232614523
0.43,19,0.0008598584216747131
0.43,20,-0.0011603262859902186
0.43,21,0.0028746143717871563
0.43,22,0.00013058270303067438
0.43,23,-0.00021840823598346474
0.43,24,-0.0016132521412554224
0.43,25,-0.00026752970394668
0.43,26,0.0012830317353554395
0.43,27,-0.004298353337559959
0.43,28,0.00188294902867603
0.43,29,-0.0008478711364639737
0.43,30,-0.00037341141805181027
0.43,31,-0.0022839670050159456
0.43,32,0.0006548913172782831
0.43,33,-0.0006191330164744765
0.43,34,-0.00334930367977054
0.43,35,0.0010411878253354086
0.43,36,-7.542578858560256e-5
0.43,37,-0.0010881257103741396
0.43,38,0.0007267482641969232
0.43,39,-0.0018470083898103789
0.43,40,0.0032329409690821475
0.43,41,-0.0035758084559228973
0.43,42,0.0024249584678624207
0.43,43,-0.0006173227057900069
0.43,44,-0.0009697179964020036
0.43,45,0.0009816195889550629
0.43,46,-0.0021199293799127614
0.43,47,0.0016961889433866175
0.43,48,-0.003096239374016536
0.43,49,0.0015888339387116431
0.43,50,-0.003345920564927559
0.43,51,0.0018132282154719418
0.43,52,-0.0026152221001191985
0.43,53,0.0002819487340527605
0.43,54,0.0012033614152418663
0.43,55,-0.0011787918205263372
0.43,56,0.00171998844606942
0.43,57,0.0004983632150006103
0.43,58,0.0011660707367144774
0.43,59,-0.0020457364704831852
0.43,60,0.0025026713689559627
0.43,61,-0.002299433201157065
0.43,62,-0.001196368013497113
0.43,63,0.0028066692710968784
0.43,64,0.0029693401958954995
0.43,65,0.0009553329335104154
0.43,66,0.0027933381059850946
0.43,67,0.0018697409370509468
0.43,68,-0.0018907226898435033
0.43,69,0.001411958740780848
0.43,70,0.001494496497246361
0.43,71,0.0021502615334637884
0.43,72,-0.002323367848615463
0.43,73,-0.0023858884607228575
0.43,74,-0.0005376611631228033
0.43,75,-0.0027920985585220435
0.43,76,0.0010147422128103222
0.43,77,-0.001514291944402252
0.43,78,0.00015914121451077813
0.43,79,-0.0018732588114968663
0.43,80,-0.00042553693966865784
0.43,81,-0.0011773015199200794
0.43,82,-0.0010715819692933618
0.43,83,0.0008520249499523227
0.43,84,-0.00033975819415743254
0.43,85,0.00016679068865819917
0.43,86,0.0034060375012791083
0.43,87,-0.0033181923711825003
0.43,88,-0.0005336936058965933
0.43,89,0.0010020591404080448
0.43,90,0.0006414489843399318
0.43,91,-0.0023843421892975254
0.43,92,0.001205030687971815
0.43,93,0.0007113232494084595
0.43,94,0.0019100591800114437
0.43,95,-0.00035959614639379054
0.43,96,0.00608628731260464
0.43,97,0.0044954601573265
0.43,98,0.00509594594327605
0.43,99,0.008149189645250077
0.43,100,0.005746950683599857
0.43,101,0.0023569120895742166
0.43,102,0.0031810261913014517
0.43,103,0.004437417757152042
0.43,104,-0.00022403778020444492
0.43,105,0.00399726509497933
0.43,106,0.0020547597239387377
0.43,107,-0.0002657501537473142
0.43,108,0.0024644449892253194
0.43,109,-0.0005475675924379979
0.43,110,0.0005130472541564529
0.43,111,0.0010431881117232802
0.43,112,0.0019296250060385
0.43,113,-0.0017163891856323366
0.43,114,-0.0007140094091175973
0.43,115,-0.00043416801790267486
0.43,116,0.0024184868004934867
0.43,117,-0.003334365390689768
0.43,118,0.001689425306066291
0.43,119,-0.0003451417801881334
0.43,120,-0.0011206181840246368
0.43,121,-0.0004659362878009541
0.43,122,-0.0006740701454063071
0.43,123,-0.0003606647329988052
0.43,124,-0.0002896027323467309
0.43,125,-0.0003964258821315844
0.43,126,8.358401247942436e-5
0.43,127,0.00039049626283948834
0.43,128,-0.0019241503293809397
0.43,129,-0.0016287294800331727
0.43,130,0.0003020010501523508
0.43,131,-0.0014089128571040058
0.43,132,-0.002231281308880443
0.43,133,0.0012415347320088828
0.43,134,-0.001108355128426237
0.43,135,0.0022005879485331166
0.43,136,0.0012805933816173241
0.43,137,-0.001602747650481415
0.43,138,0.002615987537051062
0.43,139,-0.0055386008004654355
0.43,140,0.0027693392487018885
0.43,141,0.00297277424583759
0.43,142,0.0015949489818574516
0.43,143,3.5943322518419074e-5
0.43,144,0.001594447434230939
0.43,145,-0.001452475499285011
0.43,146,-0.0027555477669630904
0.43,147,-0.0019713975890166724
0.43,148,0.0007015149122792284
0.43,149,0.0007636577297988699
0.43,150,-0.0006213253547300039
0.43,151,-0.0010425319158799905
0.43,152,-0.000148082880653832
0.43,153,0.0005315387704945889
0.43,154,0.0020878141277205532
0.43,155,0.0018229735379587829
0.43,156,-0.0011045174301506908
0.43,157,0.0007311250424504129
0.43,158,0.000549462459378675
0.43,159,0.0022252884639339483
0.43,160,0.0015587538565685348
0.43,161,0.0009999881786339451
0.43,162,0.004055873315180117
0.43,163,0.00015224371106713455
0.43,164,0.0043680685925178405
0.43,165,-0.002079860079512722
0.43,166,0.004527661214137808
0.43,167,-0.0005740971934888783
0.43,168,0.003456878835709886
0.43,169,0.002859236619214255
0.43,170,-0.000552752092301166
0.43,171,-0.00340215297314218
0.43,172,0.0018498778902155766
0.43,173,-0.0005649946960229281
0.43,174,-0.003175281410295909
0.43,175,-0.00018161185200794538
0.43,176,0.004176552233866219
0.43,177,3.5178399353289405e-5
0.43,178,-0.0007670644331598854
0.43,179,0.002395380700404489
0.43,180,0.001761255099627674
0.43,181,0.004370105113773554
0.43,182,-0.002684204019266727
0.43,183,0.007290243216593547
0.43,184,0.005479633317009833
0.43,185,-0.010784082478707246
0.43,186,0.008957526452611277
0.43,187,0.02295175410092318
0.43,188,0.000867184813377785
0.43,189,0.019279949681829646
0.43,190,0.10011810140554142
0.43,191,0.009059632245178908
0.43,192,0.6700484573995968
0.43,193,0.009332385787499491
0.43,194,0.006386901953777963
0.43,195,-0.0009476593053025369
0.43,196,0.0005557003381583901
0.43,197,9.904301824783228e-5
0.43,198,0.00027636782124909446
0.44,intercept,-0.0015763917981832729
0.44,1,0.006080347047233736
0.44,2,0.004272631296401077
0.44,3,0.004086796894182638
0.44,4,0.002957333114650604
0.44,5,0.0031607852389158595
0.44,6,0.0017491020501036192
0.44,7,0.001918526982185187
0.44,8,0.0015190643635025866
0.44,9,-0.0010006471893869691
0.44,10,0.001894315263008809
0.44,11,0.002671914781919759
0.44,12,-0.0009787200464904295
0.44,13,0.0015897148058428674
0.44,14,0.00018181642308098153
0.44,15,-0.0009664582988465497
0.44,16,-0.0016000762688225512
0.44,17,0.0014387205427185247
0.44,18,-0.000641599863834631
0.44,19,0.001025156252384603
0.44,20,-0.0012551441235977884
0.44,21,0.002660314497902914
0.44,22,0.0005704021626243866
0.44,23,-0.00010877588019649355
0.44,24,-0.001923855363637323
0.44,25,-0.0005101251406853952
0.44,26,0.0011812542795987676
0.44,27,-0.0037185950287578905
0.44,28,0.0017953436102997708
0.44,29,-0.0007217407869787038
0.44,30,-0.00039212486930604825
0.44,31,-0.0024445954221378016
0.44,32,0.0002999051355089958
0.44,33,-0.000615616045881382
0.44,34,-0.003125101053741171
0.44,35,0.0009308964830282375
0.44,36,0.0003165138750087195
0.44,37,-0.0014123618280745638
0.44,38,0.0005325794272116942
0.44,39,-0.0014329310227282428
0.44,40,0.002974136137685565
0.44,41,-0.0035167288394184143
0.44,42,0.002189361415402931
0.44,43,-0.0008913803220356721
0.44,44,-0.0006482172964469446
0.44,45,0.0009972415252717077
0.44,46,-0.0021841856215048566
0.44,47,0.0018180793289744382
0.44,48,-0.0036743269784050223
0.44,49,0.002500067805898511
0.44,50,-0.0035596884756952476
0.44,51,0.001963157618544666
0.44,52,-0.0028996867170425007
0.44,53,0.00047235184613547677
0.44,54,0.0008396538978678531
0.44,55,-0.0005069826526950906
0.44,56,0.0013814471329628298
0.44,57,0.0008209689709891902
0.44,58,0.00103403891541227
0.44,59,-0.0023027762613235573
0.44,60,0.002305364141251986
0.44,61,-0.0018748416883460327
0.44,62,-0.0012431015763554364
0.44,63,0.0031047187174707653
0.44,64,0.002500862339922829
0.44,65,0.0006659504824036488
0.44,66,0.0022143772225783624
0.44,67,0.001982123885826093
0.44,68,-0.0015349715137924183
0.44,69,0.0014187076845405976
0.44,70,0.001380652166143509
0.44,71,0.0021296499319966734
0.44,72,-0.0027930658008246258
0.44,73,-0.0018644638638414214
0.44,74,-0.0004278966411246929
0.44,75,-0.002389317564366695
0.44,76,0.0007674470690501351
0.44,77,-0.0012308779201420839
0.44,78,-0.0001913310191897058
0.44,79,-0.0018080759841575765
0.44,80,-0.0002418744521416205
0.44,81,-0.0012036693512627928
0.44,82,-0.00045805527723912626
0.44,83,0.0008187418836821744
0.44,84,-9.864321414440461e-5
0.44,85,0.0004259426169787869
0.44,86,0.002043426650522664
0.44,87,-0.003110183921999468
0.44,88,-0.0008608418219568856
0.44,89,0.0011069688210588178
0.44,90,0.0007066604761293329
0.44,91,-0.0022869667738894925
0.44,92,0.0006254198119215426
0.44,93,0.0009802888462119843
0.44,94,0.0020926806205754534
0.44,95,-0.0007240340402727954
0.44,96,0.006258255211734681
0.44,97,0.003808639922849645
0.44,98,0.005005629545226308
0.44,99,0.00820019170084129
0.44,100,0.00546300276623742
0.44,101,0.002766656288051523
0.44,102,0.0031425726852740248
0.44,103,0.00477067506657948
0.44,104,0.00022383509348905515
0.44,105,0.003478158297068741
0.44,106,0.002276301200024377
0.44,107,-0.0004353107527850887
0.44,108,0.0026956363383601033
0.44,109,-0.00023855162647398156
0.44,110,0.0002646674032121589
0.44,111,0.0015099470699376856
0.44,112,0.0011313842728999227
0.44,113,-0.0012643174797160686
0.44,114,-0.0008017616276668213
0.44,115,-0.0001805107407230684
0.44,116,0.002270715789220583
0.44,117,-0.0033739646946306244
0.44,118,0.0013005812932832574
0.44,119,2.4884852507234166e-5
0.44,120,-0.0012877589843992413
0.44,121,-0.000803501460554687
0.44,122,-0.0009221616837047505
0.44,123,-0.00013093750375833772
0.44,124,-0.0002725064199019158
0.44,125,1.6510102302153676e-5
0.44,126,0.0004479814020240082
0.44,127,4.955556354645441e-6
0.44,128,-0.0021610663675307117
0.44,129,-0.0013213529957043259
0.44,130,-7.603189511527196e-5
0.44,131,-0.001520440197137809
0.44,132,-0.001986806070322121
0.44,133,0.0008023294823751101
0.44,134,-0.0006809222670396364
0.44,135,0.0020007612442273894
0.44,136,0.0012100117294048581
0.44,137,-0.0012018689056814689
0.44,138,0.0024936495686614306
0.44,139,-0.005472939675519762
0.44,140,0.002719989431718334
0.44,141,0.002823684218256783
0.44,142,0.001561809130292823
0.44,143,0.000246331769914513
0.44,144,0.0013336845808137308
0.44,145,-0.0013496386747756505
0.44,146,-0.0026155633335371705
0.44,147,-0.0016333087364141696
0.44,148,0.0005690498135357857
0.44,149,0.000985341045841601
0.44,150,-0.000998012980198034
0.44,151,-0.0003696647160962861
0.44,152,-0.0005434123691760688
0.44,153,0.0005663421088572285
0.44,154,0.0018669332017504593
0.44,155,0.002078909730088296
0.44,156,-0.0012501309230545398
0.44,157,0.0004573855130826057
0.44,158,0.00033930398489037477
0.44,159,0.0028633116016983417
0.44,160,0.0012991447284395475
0.44,161,0.0010958776320100043
0.44,162,0.0037867216309770014
0.44,163,9.063080629670593e-5
0.44,164,0.0038120817945256507
0.44,165,-0.0008806578909704817
0.44,166,0.0036252727251132573
0.44,167,-0.00039552761228831397
0.44,168,0.0036438274534960446
0.44,169,0.0020738050659742328
0.44,170,-0.0006363636914139178
0.44,171,-0.002497901431333538
0.44,172,0.0011678144098553086
0.44,173,0.0001469103161514545
0.44,174,-0.0030246348717323478
0.44,175,-0.0006379365551749003
0.44,176,0.004960457805459286
0.44,177,-0.0004229503328571806
0.44,178,-0.0009320487752271943
0.44,179,0.0022143855032067767
0.44,180,0.0012940115298870855
0.44,181,0.004563103880030135
0.44,182,-0.002745265362578334
0.44,183,0.006932033430644126
0.44,184,0.005114961512539789
0.44,185,-0.010720699622323068
0.44,186,0.009111368101893837
0.44,187,0.023098361001645758
0.44,188,0.0009156675812603531
0.44,189,0.019394910472756204
0.44,190,0.10184110725597768
0.44,191,0.006784684401629348
0.44,192,0.6789942493054103
0.44,193,0.008757840112949836
0.44,194,0.0060483209894165915
0.44,195,-0.0009342027038865391
0.44,196,0.0005221638801169429
0.44,197,9.105345104578184e-5
0.44,198,0.0002813744816093819
0.45,intercept,-0.0014444443435863488
0.45,1,0.006546745551796285
0.45,2,0.004152786511943467
0.45,3,0.004226494288395947
0.45,4,0.00307904466079239
0.45,5,0.0027828087865246804
0.45,6,0.0017357198613137802
0.45,7,0.0018471475816794348
0.45,8,0.000896104062701874
0.45,9,-0.0008782891223512867
0.45,10,0.0021555724330608516
0.45,11,0.0027275338626379783
0.45,12,-0.0010497986922612362
0.45,13,0.001313749576230578
0.45,14,0.00026855738285489617
0.45,15,-0.000824121744824185
0.45,16,-0.0016306681479124525
0.45,17,0.001327233574646065
0.45,18,-0.0003142300822993697
0.45,19,0.0015193159386963986
0.45,20,-0.0013105866424017337
0.45,21,0.002141446189864107
0.45,22,0.0006378616421748481
0.45,23,-0.00032230671340311443
0.45,24,-0.0017554073815473788
0.45,25,-0.0004487463587977042
0.45,26,0.00161290379040791
0.45,27,-0.0039845134985158365
0.45,28,0.0015875556953700877
0.45,29,-0.0007550612894061202
0.45,30,-0.0005513207504709328
0.45,31,-0.0021554923822145098
0.45,32,0.000620015682060354
0.45,33,-0.0008047424373050292
0.45,34,-0.00288349674327162
0.45,35,0.0007701806798278523
0.45,36,0.000450632351690245
0.45,37,-0.0015095319447490387
0.45,38,0.000384191751134729
0.45,39,-0.0014544311388026998
0.45,40,0.0028932372977138296
0.45,41,-0.0032416222166242047
0.45,42,0.0020810264731379014
0.45,43,-0.0008958639918995242
0.45,44,-0.0008764512569155795
0.45,45,0.001504420648847911
0.45,46,-0.0023863516643314333
0.45,47,0.0014011376918430353
0.45,48,-0.003779908348300256
0.45,49,0.0027545541195372293
0.45,50,-0.0034400259919668487
0.45,51,0.001308281720733997
0.45,52,-0.00241487561528201
0.45,53,0.0003443487857509099
0.45,54,0.0008075741860838737
0.45,55,-0.00045642243262874967
0.45,56,0.0013386599932777791
0.45,57,0.0004092331406230455
0.45,58,0.0008957115845237574
0.45,59,-0.001988545009200002
0.45,60,0.0018513867058562198
0.45,61,-0.0008617907080106549
0.45,62,-0.001267420796987509
0.45,63,0.0024913318286578588
0.45,64,0.0024925501170271545
0.45,65,0.000555718427453011
0.45,66,0.002410018589494035
0.45,67,0.0016230338076824683
0.45,68,-0.001453877980566769
0.45,69,0.0013759944340681347
0.45,70,0.0016004268680756915
0.45,71,0.001413900316320007
0.45,72,-0.002675032638699851
0.45,73,-0.0018913581428783147
0.45,74,1.867645065082607e-5
0.45,75,-0.0027813277206600205
0.45,76,0.00124619433485408
0.45,77,-0.0017221027750279263
0.45,78,6.683939667184171e-5
0.45,79,-0.0019134308196447484
0.45,80,0.0003143839564016521
0.45,81,-0.0011819089544654923
0.45,82,-0.0009260842054364731
0.45,83,0.0006784704694024749
0.45,84,-0.0004452231441207383
0.45,85,0.0007583137943619487
0.45,86,0.0028011837866508977
0.45,87,-0.0031756248855464185
0.45,88,-0.000850899631876008
0.45,89,0.0011231718341951221
0.45,90,0.0012515334983562003
0.45,91,-0.0028492059065280445
0.45,92,0.0007523042576861027
0.45,93,0.0005576657925311982
0.45,94,0.0020249571497718945
0.45,95,-0.0008315423380567445
0.45,96,0.006327235281278019
0.45,97,0.003520920572647027
0.45,98,0.005330577486595279
0.45,99,0.0075297770932583235
0.45,100,0.006109272732524278
0.45,101,0.002536594835458446
0.45,102,0.0030910367874665604
0.45,103,0.004510752851586056
0.45,104,0.0005400246471319456
0.45,105,0.0029338725542753627
0.45,106,0.002424335035512495
0.45,107,-0.0002648642750211192
0.45,108,0.0024137994648261575
0.45,109,-0.0005844951138783974
0.45,110,0.00025188956362685
0.45,111,0.001349989229040802
0.45,112,0.001178536991740068
0.45,113,-0.001249849871523758
0.45,114,-0.0004873031339839971
0.45,115,-0.0003670910407152116
0.45,116,0.002259942037256098
0.45,117,-0.0034139635849565544
0.45,118,0.0014386165160580847
0.45,119,-0.0004635012695753054
0.45,120,-0.0007602861090196436
0.45,121,-0.0012246005842288202
0.45,122,-0.00027976227056539466
0.45,123,-0.00017230965303358366
0.45,124,6.501049296431046e-5
0.45,125,-0.00023135246308596545
0.45,126,0.0004210316895266331
0.45,127,-0.0003035966924567157
0.45,128,-0.0019601161146608234
0.45,129,-0.001130342639476734
0.45,130,0.00010112055454354786
0.45,131,-0.0016206178614818576
0.45,132,-0.0015940824480707094
0.45,133,7.205032543650008e-5
0.45,134,0.00013831154463654285
0.45,135,0.0020039745960596872
0.45,136,0.000793483832054003
0.45,137,-0.0010551811010439396
0.45,138,0.00212433218449645
0.45,139,-0.005082024890760401
0.45,140,0.0026661974984575425
0.45,141,0.002549633170797937
0.45,142,0.0019550686349881752
0.45,143,0.00016171335502899073
0.45,144,0.0012741013052996208
0.45,145,-0.0014606516213087018
0.45,146,-0.0022918390303671154
0.45,147,-0.0010824137327771109
0.45,148,0.00034493975341625213
0.45,149,0.001244818557347601
0.45,150,-0.001470225646233664
0.45,151,-2.802986897834699e-5
0.45,152,-0.0008380602736447891
0.45,153,0.0008485479485168568
0.45,154,0.0014548434291287583
0.45,155,0.0017931314627063894
0.45,156,-0.0011779367233186095
0.45,157,0.0007341791965796695
0.45,158,-0.00039995381639878157
0.45,159,0.00347539922141102
0.45,160,0.0005543561423938996
0.45,161,0.001162800922979243
0.45,162,0.0038912267562879435
0.45,163,-0.00048674270641974304
0.45,164,0.004223370638484989
0.45,165,-0.0010371238909889803
0.45,166,0.0034124227291192216
0.45,167,0.0002205345684173365
0.45,168,0.0029561227339763283
0.45,169,0.0023708670672193633
0.45,170,-0.0009778825940447052
0.45,171,-0.0022948786046924565
0.45,172,0.0015983024333511135
0.45,173,-0.0006500697001046938
0.45,174,-0.0024486067254326956
0.45,175,-0.001208451934186127
0.45,176,0.004931373340977353
0.45,177,-0.0006530424631781632
0.45,178,-0.0009261400696896794
0.45,179,0.003163398609149975
0.45,180,0.0005044830551914146
0.45,181,0.004478420520853631
0.45,182,-0.003364448813887944
0.45,183,0.006556429408736386
0.45,184,0.005488309221402346
0.45,185,-0.01149164552362442
0.45,186,0.010342723141037033
0.45,187,0.022425352213586106
0.45,188,0.0008195891253508483
0.45,189,0.01867850892225366
0.45,190,0.10259171792192914
0.45,191,0.007000229682151802
0.45,192,0.6856116168611193
0.45,193,0.008971546574673635
0.45,194,0.006150772157302213
0.45,195,-0.000877550964592394
0.45,196,0.0005367008552640065
0.45,197,9.211054441403865e-5
0.45,198,0.00029416073498399886
0.46,intercept,-0.0013152932400345002
0.46,1,0.006817907247048436
0.46,2,0.0041348946456030294
0.46,3,0.004212536648675975
0.46,4,0.0024509114077165264
0.46,5,0.002928166701464205
0.46,6,0.0017772237858712033
0.46,7,0.0014759066357052414
0.46,8,0.0013545491675067125
0.46,9,-0.0009035203611799345
0.46,10,0.002145525623462207
0.46,11,0.001999497395760082
0.46,12,-0.0009318285590413669
0.46,13,0.001135267654363058
0.46,14,0.0006797986158426099
0.46,15,-0.0013558925497622102
0.46,16,-0.0007829882580583437
0.46,17,0.0014795568218632846
0.46,18,-0.0004038815472771146
0.46,19,0.0013643598980552245
0.46,20,-0.0011718267715065955
0.46,21,0.0016004372496253682
0.46,22,0.0010615970899402708
0.46,23,-0.0005838819307839647
0.46,24,-0.0015882234118150002
0.46,25,-0.0003552463300437889
0.46,26,0.001343725211912594
0.46,27,-0.0029872888084282994
0.46,28,0.0011578073577481387
0.46,29,-0.0005826551385222481
0.46,30,-0.0006306852020568224
0.46,31,-0.0019724972193382435
0.46,32,0.0008941374002434645
0.46,33,-0.001040707741916491
0.46,34,-0.0029407533308018416
0.46,35,0.0005591809646050308
0.46,36,0.000436694144228363
0.46,37,-0.0015057489817982665
0.46,38,0.00014164848588945662
0.46,39,-0.0014412314756061227
0.46,40,0.0030308098247283123
0.46,41,-0.0029572320308931107
0.46,42,0.0018332145440781546
0.46,43,-0.0010901335847577544
0.46,44,-0.0009071103512423375
0.46,45,0.001603807192039253
0.46,46,-0.00215947563445197
0.46,47,0.0009117559816970296
0.46,48,-0.003011508905692719
0.46,49,0.0023450916520212444
0.46,50,-0.003267083717770576
0.46,51,0.000984812976923621
0.46,52,-0.001769622834639685
0.46,53,-0.00013440019791387055
0.46,54,0.000733531388252491
0.46,55,-3.621043465350837e-5
0.46,56,0.0012816244443232614
0.46,57,0.0004163037512748885
0.46,58,0.0013611324319607431
0.46,59,-0.0019984539608520965
0.46,60,0.0014929152457326222
0.46,61,-0.0008478230579818832
0.46,62,-0.0013108448518967372
0.46,63,0.002427686188004353
0.46,64,0.002352431462877999
0.46,65,0.00021794979595290918
0.46,66,0.002289827665737729
0.46,67,0.0014758682922081812
0.46,68,-0.0016017473848220249
0.46,69,0.0016597817411344931
0.46,70,0.001437932146590085
0.46,71,0.001565228614681489
0.46,72,-0.0024034785543179467
0.46,73,-0.002254408570488066
0.46,74,0.00013783086491718754
0.46,75,-0.002291562626642712
0.46,76,0.0024559009625342246
0.46,77,-0.002845573559103871
0.46,78,0.00038437128337364106
0.46,79,-0.0020903566231639
0.46,80,-1.2736120444228467e-5
0.46,81,-0.0009332101434708634
0.46,82,-0.0006338154283795551
0.46,83,0.0005118983728644189
0.46,84,-0.0005026319583185372
0.46,85,0.0009361094651637885
0.46,86,0.0019222898255836737
0.46,87,-0.0022805573661706085
0.46,88,-0.0014127835828443998
0.46,89,0.001223257817740313
0.46,90,0.0014855336471270482
0.46,91,-0.0030640924002725777
0.46,92,0.0010257745345414629
0.46,93,0.00019930848415478596
0.46,94,0.0022270570920445137
0.46,95,-0.001168197441855944
0.46,96,0.005721384539023511
0.46,97,0.003164209500240215
0.46,98,0.005939760477241457
0.46,99,0.007149252254456926
0.46,100,0.007241417219183151
0.46,101,0.00198322726777927
0.46,102,0.0032110306286112604
0.46,103,0.004405313615906389
0.46,104,0.0004992738691610035
0.46,105,0.0033306170462236643
0.46,106,0.0018992139485512016
0.46,107,0.00015034698498326787
0.46,108,0.00206877607088056
0.46,109,-0.0002823063643379826
0.46,110,8.621342080891245e-5
0.46,111,0.0014963893177086874
0.46,112,0.0011457460909403334
0.46,113,-0.0013636806954081197
0.46,114,-0.0007642728399530281
0.46,115,-0.0003823064001930379
0.46,116,0.0024497163409092286
0.46,117,-0.003701546045901161
0.46,118,0.0012877593592658628
0.46,119,-0.00038776471544111095
0.46,120,-0.0006956016571826763
0.46,121,-0.0011941907786633202
0.46,122,-0.0001991841434266131
0.46,123,-0.000498070781570054
0.46,124,0.00029466454579683203
0.46,125,-0.00039101392041374804
0.46,126,0.0004998207955738501
0.46,127,-0.0005173497176779052
0.46,128,-0.002009013823513375
0.46,129,-0.0010412386048608893
0.46,130,-0.0003292851055753605
0.46,131,-0.001259740220655647
0.46,132,-0.0014471556664633377
0.46,133,9.999183078976092e-5
0.46,134,-8.035752245034558e-5
0.46,135,0.0019041110671860198
0.46,136,0.0011846544054588248
0.46,137,-0.0013109131325612353
0.46,138,0.002280970932061578
0.46,139,-0.004363369906626207
0.46,140,0.0024831196295729313
0.46,141,0.0020494047154713895
0.46,142,0.002059348482890164
0.46,143,-0.0001537123858694975
0.46,144,0.0011469977832210476
0.46,145,-0.001080512070870328
0.46,146,-0.0023547050019585834
0.46,147,-0.0008450498590907437
0.46,148,-0.00018655737598702297
0.46,149,0.0015417029565694877
0.46,150,-0.0012746732994269436
0.46,151,-0.0002616550625063232
0.46,152,-0.0010898543779174943
0.46,153,0.0014255616972752678
0.46,154,0.000785073375824482
0.46,155,0.0022686599783558027
0.46,156,-0.0012655660053587385
0.46,157,0.0007397874633242137
0.46,158,-0.0004281561895401441
0.46,159,0.0027356311031007732
0.46,160,0.0009891121546671856
0.46,161,0.0012302423703444828
0.46,162,0.003541404670394867
0.46,163,-0.000564944026532816
0.46,164,0.005011439161304023
0.46,165,-0.0018631953522517868
0.46,166,0.0042647816320653875
0.46,167,0.00020374803721188956
0.46,168,0.0027149817457659945
0.46,169,0.002384353453290061
0.46,170,-0.0012832154831245674
0.46,171,-0.002488333879869424
0.46,172,0.0014689949574074495
0.46,173,-0.0005873261723691608
0.46,174,-0.00213883096803866
0.46,175,-0.0009801703328180767
0.46,176,0.004228191164881498
0.46,177,-0.0006511958255427242
0.46,178,-0.001301451909160166
0.46,179,0.0032371543494473126
0.46,180,0.0006448780723148855
0.46,181,0.004821051854242526
0.46,182,-0.0038810973235089605
0.46,183,0.007117963263747225
0.46,184,0.0052284305432479155
0.46,185,-0.011527170028620859
0.46,186,0.011090966942511828
0.46,187,0.021221437452128462
0.46,188,-0.0006930539201844288
0.46,189,0.017788260027167876
0.46,190,0.10380289874150717
0.46,191,0.0043632015322549915
0.46,192,0.6957680370085471
0.46,193,0.008592980509094928
0.46,194,0.006058600640929905
0.46,195,-0.0008658416646063599
0.46,196,0.0004958721580637373
0.46,197,7.018515532924334e-5
0.46,198,0.0002400344838536136
0.47,intercept,-0.0011711264230339395
0.47,1,0.0066238429214080866
0.47,2,0.0039009660391314217
0.47,3,0.0039849753042806675
0.47,4,0.002965180023036086
0.47,5,0.0021454146428544372
0.47,6,0.0025481175466278622
0.47,7,0.00107096893554658
0.47,8,0.001319830617038729
0.47,9,-0.0005291065820369062
0.47,10,0.002050685796984625
0.47,11,0.0018363644436716028
0.47,12,-0.0009244575356649171
0.47,13,0.0005422007197104812
0.47,14,0.0012646967781033394
0.47,15,-0.0013962528968843087
0.47,16,-0.0006767152002687569
0.47,17,0.0015406471486423268
0.47,18,-0.0009353131241182781
0.47,19,0.0014126397989400726
0.47,20,-0.0013824825482323941
0.47,21,0.0014804910161496485
0.47,22,0.0012542235260130166
0.47,23,-0.0004843924576409665
0.47,24,-0.0015506832260515904
0.47,25,0.00014084906887798032
0.47,26,0.0012038181927730626
0.47,27,-0.0029416871323503803
0.47,28,0.0015146423759872293
0.47,29,-0.0007664488479472445
0.47,30,-0.0005815575930688155
0.47,31,-0.0020506698921955667
0.47,32,0.0009587624682326647
0.47,33,-0.0013732017777263854
0.47,34,-0.003102815763147805
0.47,35,0.0011777552450246052
0.47,36,1.1956071152174808e-5
0.47,37,-0.0016141455239768552
0.47,38,0.00012199697887971912
0.47,39,-0.0015006178746459818
0.47,40,0.0031558293166300236
0.47,41,-0.0030143192290675402
0.47,42,0.0022114211996484227
0.47,43,-0.0012968866652689846
0.47,44,-0.0011651873839857532
0.47,45,0.0011585239971570044
0.47,46,-0.0011847678841436678
0.47,47,0.0007343813308280316
0.47,48,-0.0024673494582376845
0.47,49,0.0019015786918626107
0.47,50,-0.0027911115925995994
0.47,51,0.0008146686156150519
0.47,52,-0.0010992744026861992
0.47,53,-0.0005783718255978369
0.47,54,0.0005258252897624347
0.47,55,-0.0005274350818564419
0.47,56,0.0013365519176633802
0.47,57,0.0003810170119310976
0.47,58,0.001357066977108607
0.47,59,-0.0017740886528163368
0.47,60,0.0021453947296175653
0.47,61,-0.0014138151522435998
0.47,62,-0.0006765316932413732
0.47,63,0.0016944259538452552
0.47,64,0.002139834511619999
0.47,65,-0.00036008342345620936
0.47,66,0.0024407359643080742
0.47,67,0.0011907011317062622
0.47,68,-0.0012213351029994872
0.47,69,0.001318087921478786
0.47,70,0.0014335017813617605
0.47,71,0.0016958619065125088
0.47,72,-0.0023253473074004204
0.47,73,-0.0019406679733016494
0.47,74,-0.00020224649864400058
0.47,75,-0.0019773962827026727
0.47,76,0.0023510541452967906
0.47,77,-0.0031144920521280397
0.47,78,0.0004849657354030156
0.47,79,-0.0019822565664330983
0.47,80,-0.00021987560577971287
0.47,81,-0.0009138698041481939
0.47,82,-0.00034780739150201066
0.47,83,0.0005000017246141113
0.47,84,-0.0008609509203084605
0.47,85,0.001416096568898748
0.47,86,0.001389398530890121
0.47,87,-0.002386036183209564
0.47,88,-0.0007808016987300499
0.47,89,0.0006334097393120722
0.47,90,0.0017184879367665975
0.47,91,-0.0027302352145219012
0.47,92,0.0006912562296010374
0.47,93,-0.00017669689694385505
0.47,94,0.0023851020789117435
0.47,95,-0.0012986238029285783
0.47,96,0.005808277546549156
0.47,97,0.0031002351762557455
0.47,98,0.0058993067753696435
0.47,99,0.0070058559091241935
0.47,100,0.006596786615990267
0.47,101,0.0020160903234500305
0.47,102,0.0035334550248436064
0.47,103,0.004079446768972026
0.47,104,0.0006051391379580621
0.47,105,0.00306949410549787
0.47,106,0.002054771768783245
0.47,107,-7.171160608607258e-5
0.47,108,0.002364034498105845
0.47,109,-0.0007347801039830897
0.47,110,0.0001499644411353728
0.47,111,0.0015534526577904084
0.47,112,0.0007415474942501347
0.47,113,-0.0007959744001688974
0.47,114,-0.00033326226824329213
0.47,115,-0.0005080083807873981
0.47,116,0.0022794664463854464
0.47,117,-0.0034498721624501303
0.47,118,0.0009883112660000282
0.47,119,-0.0005374815372469817
0.47,120,-0.0006048625346406396
0.47,121,-0.0010790940238182497
0.47,122,-0.0002618092956687414
0.47,123,-0.00048116559059711237
0.47,124,-0.00020468852899949518
0.47,125,0.00014001801519062756
0.47,126,-0.00017399657053024413
0.47,127,0.0001367338235821108
0.47,128,-0.0020584300147510177
0.47,129,-0.0008537197986602346
0.47,130,-0.00047813254798771703
0.47,131,-0.0010244055150187951
0.47,132,-0.0016251999076601468
0.47,133,-0.0003635149057193204
0.47,134,0.0003741706722482031
0.47,135,0.0012628732654699744
0.47,136,0.001669453131149049
0.47,137,-0.0017338015951352235
0.47,138,0.0028346466728100574
0.47,139,-0.004662405012862067
0.47,140,0.0025667323069232927
0.47,141,0.002110742776389769
0.47,142,0.0017712271501561158
0.47,143,0.0002496194627338418
0.47,144,0.0005493886748782998
0.47,145,-0.0011868816006796357
0.47,146,-0.001965306465398193
0.47,147,-0.0005378903014726234
0.47,148,-0.00034525541522896383
0.47,149,0.001742319306902844
0.47,150,-0.0015933142166137339
0.47,151,-0.00015971773300378986
0.47,152,-0.0013381942755195829
0.47,153,0.001554980653900123
0.47,154,0.0006390480461550689
0.47,155,0.002235384362237565
0.47,156,-0.0011138669294159115
0.47,157,0.0005482377299658671
0.47,158,-0.0003984529091786831
0.47,159,0.0029250616763695217
0.47,160,0.0011330832004205966
0.47,161,0.001534706524964422
0.47,162,0.00258427054040074
0.47,163,-0.00016551995172865263
0.47,164,0.0045146284972561734
0.47,165,-0.001532308720919368
0.47,166,0.0035879287153798086
0.47,167,0.0009489228447867184
0.47,168,0.002026723296601851
0.47,169,0.0023359646806088447
0.47,170,-0.0013863730002120081
0.47,171,-0.0023605269258187133
0.47,172,0.00119206154080409
0.47,173,0.00014108307102523812
0.47,174,-0.0026424221740850035
0.47,175,-0.00017861427276286843
0.47,176,0.003490155750010212
0.47,177,-0.0002744548946344523
0.47,178,-0.001570973430857908
0.47,179,0.003507803499115382
0.47,180,0.00025470328511939777
0.47,181,0.004727487386680518
0.47,182,-0.0033300228744155033
0.47,183,0.006603459176660881
0.47,184,0.005313068175189132
0.47,185,-0.011596461243818695
0.47,186,0.010828917575083096
0.47,187,0.020820406613977355
0.47,188,-0.001359848052600898
0.47,189,0.0159572904329623
0.47,190,0.10703041425232637
0.47,191,0.0012002374494860797
0.47,192,0.7056765727346636
0.47,193,0.008624097289472351
0.47,194,0.00604530550689412
0.47,195,-0.0008176111899727998
0.47,196,0.00048804231730398474
0.47,197,4.287136700211044e-5
0.47,198,0.0002112008627498274
0.48,intercept,-0.0010531578543521503
0.48,1,0.00615194503941519
0.48,2,0.0042500382335436265
0.48,3,0.004173763515114679
0.48,4,0.0029516596234276846
0.48,5,0.00219712110259163
0.48,6,0.0015824802697583346
0.48,7,0.0020882408720253316
0.48,8,0.0011236261473584201
0.48,9,-0.000438997255297469
0.48,10,0.0023629149185416813
0.48,11,0.001285225659188219
0.48,12,-0.0001904959231767959
0.48,13,0.00044776342419747196
0.48,14,0.0009887673542698177
0.48,15,-0.0014953722485331541
0.48,16,-0.0006649895936572176
0.48,17,0.0013436901425913606
0.48,18,-0.0007615016901954698
0.48,19,0.0011003858000950076
0.48,20,-0.0009429033908061644
0.48,21,0.00159131480058785
0.48,22,0.0012219856023073174
0.48,23,-0.0004526499436452025
0.48,24,-0.0015561441855214218
0.48,25,0.00024224362310561342
0.48,26,0.000758518998704585
0.48,27,-0.0024833638824971454
0.48,28,0.0017247811563127274
0.48,29,-0.0009969124996154926
0.48,30,-0.0003438222021824776
0.48,31,-0.0017199017679569587
0.48,32,0.0006496170639921962
0.48,33,-0.0016459870248330187
0.48,34,-0.00278685077545642
0.48,35,0.0008712751390179751
0.48,36,0.00028596751537632764
0.48,37,-0.0015375970991398221
0.48,38,0.00013708028597981208
0.48,39,-0.0020043721621385603
0.48,40,0.00355138286801705
0.48,41,-0.0032970495202316284
0.48,42,0.002203735013956666
0.48,43,-0.0010625794423585887
0.48,44,-0.0013280680006202367
0.48,45,0.000952845190928742
0.48,46,-0.000979250467494555
0.48,47,0.0007419750040890392
0.48,48,-0.0026843727602289943
0.48,49,0.0013893650602067181
0.48,50,-0.00223732778707831
0.48,51,0.0005588196694247706
0.48,52,-0.00047745656178642653
0.48,53,-0.0012659061242742719
0.48,54,0.001656327200810384
0.48,55,-0.0011626902754069224
0.48,56,0.0013356925223786905
0.48,57,0.00030837536300541013
0.48,58,0.0011285314237063835
0.48,59,-0.0008334457758623209
0.48,60,0.0017695443556837002
0.48,61,-0.0013900514945129996
0.48,62,-0.001192052951626203
0.48,63,0.0014440896095418718
0.48,64,0.0022543125858202778
0.48,65,-0.0002783648152949075
0.48,66,0.0022951479285182865
0.48,67,0.0012844858164201946
0.48,68,-0.001424753718448438
0.48,69,0.001478616912081518
0.48,70,0.001284654060502646
0.48,71,0.001117247507176173
0.48,72,-0.0016439247688872715
0.48,73,-0.0020853017397688546
0.48,74,-0.00021259831839846958
0.48,75,-0.001559080071745729
0.48,76,0.0020152285480405053
0.48,77,-0.0031008739026916706
0.48,78,0.0002202528553391478
0.48,79,-0.002120372024080842
0.48,80,-0.00015456595700959511
0.48,81,-0.0006547971254435056
0.48,82,-0.0004712630730725371
0.48,83,0.0010106653837222352
0.48,84,-0.0012292681496095855
0.48,85,0.0017302915401173952
0.48,86,0.0011893181819176717
0.48,87,-0.002208366990946898
0.48,88,-0.0009074345798603922
0.48,89,0.001099563488676693
0.48,90,0.0014447461973943236
0.48,91,-0.0027423653266165633
0.48,92,0.0007871405940738197
0.48,93,-0.0004360800287879701
0.48,94,0.002279562267222741
0.48,95,-0.0013760906793267912
0.48,96,0.005780267158206994
0.48,97,0.0030873037217434584
0.48,98,0.0056014070672729165
0.48,99,0.007375883168715722
0.48,100,0.006290033708901888
0.48,101,0.0018651563706702007
0.48,102,0.003597181535474543
0.48,103,0.004095798367389875
0.48,104,0.0002697780336639716
0.48,105,0.003214189608136582
0.48,106,0.002076811531108124
0.48,107,0.0005248302329648151
0.48,108,0.0022426215555450316
0.48,109,-0.00025313358669015214
0.48,110,-0.0005203303103068471
0.48,111,0.0016468404414994964
0.48,112,0.0008675206453713758
0.48,113,-0.0006559765262544151
0.48,114,-0.000748433782257259
0.48,115,-0.0004214307919238229
0.48,116,0.002102384907773699
0.48,117,-0.0035869125562652906
0.48,118,0.0005908764889062305
0.48,119,-8.045301704224434e-5
0.48,120,0.00016785289266080217
0.48,121,-0.0008975629088301049
0.48,122,-0.0006198307513856912
0.48,123,-0.000785841028720863
0.48,124,-0.000216500167378942
0.48,125,-0.00013447495836512463
0.48,126,-0.0002685977235957089
0.48,127,0.00040890041728762494
0.48,128,-0.0022623774176603194
0.48,129,-0.000804094354624894
0.48,130,-0.00048604296440257733
0.48,131,-0.0009830134880899487
0.48,132,-0.0019860859851794452
0.48,133,0.000290518964429628
0.48,134,0.00041126644666294364
0.48,135,0.0010712490348157564
0.48,136,0.0016989495858759668
0.48,137,-0.001596506715743511
0.48,138,0.002989377098545615
0.48,139,-0.004302649293545202
0.48,140,0.002948252780073255
0.48,141,0.002067218687444678
0.48,142,0.0015127098988834443
0.48,143,0.00027761328644019677
0.48,144,0.00010591461249503043
0.48,145,-0.001221522453535827
0.48,146,-0.0020703152590071635
0.48,147,0.0002225252290694064
0.48,148,-0.0006231684760909556
0.48,149,0.0021873358012124196
0.48,150,-0.0018438046852642545
0.48,151,-0.0009404623061020935
0.48,152,-0.0006991519495887035
0.48,153,0.0011127007309624105
0.48,154,0.0007621713146326907
0.48,155,0.002427629065861886
0.48,156,-0.0011745706087402492
0.48,157,0.0009478130564018266
0.48,158,-0.0006071452392775009
0.48,159,0.0028381109382244435
0.48,160,0.0009614928470221702
0.48,161,0.0011425105315493098
0.48,162,0.0023744583724493863
0.48,163,0.0004376531981840492
0.48,164,0.0046771583495459025
0.48,165,-0.0016129195261227664
0.48,166,0.003382222997333363
0.48,167,0.0008932064537693751
0.48,168,0.0020949323272933433
0.48,169,0.002049990315993302
0.48,170,-0.0007400097994726692
0.48,171,-0.002513542405722518
0.48,172,0.0012972345642038223
0.48,173,-0.0002571004444842496
0.48,174,-0.002763112000623171
0.48,175,-0.0004073589786948841
0.48,176,0.0031606617250701987
0.48,177,-0.0003009156056153587
0.48,178,-0.0018451100785749277
0.48,179,0.0037559747655244334
0.48,180,0.00028787425792746056
0.48,181,0.004510548195097365
0.48,182,-0.003431676575943142
0.48,183,0.006656985491438683
0.48,184,0.004965716681546312
0.48,185,-0.010873392312247895
0.48,186,0.011192509220013159
0.48,187,0.02029718094950331
0.48,188,-0.0021334493282871726
0.48,189,0.016518506738871345
0.48,190,0.10859070154518854
0.48,191,-0.0008910316741926571
0.48,192,0.7117441495956303
0.48,193,0.008224149508816038
0.48,194,0.005685896570232363
0.48,195,-0.0008162221159317914
0.48,196,0.0004894043979485117
0.48,197,1.906425956442289e-5
0.48,198,0.00016049166933590877
0.49,intercept,-0.000988286901136569
0.49,1,0.0057616427188807605
0.49,2,0.0043591485704294886
0.49,3,0.0039035746685422102
0.49,4,0.0026706153965881433
0.49,5,0.0016828059030443412
0.49,6,0.0018098036606301563
0.49,7,0.0018222815180697412
0.49,8,0.001514967616242793
0.49,9,0.00014758097049904974
0.49,10,0.001892768208948425
0.49,11,0.001397016515907572
0.49,12,-5.6332682237945264e-5
0.49,13,0.000604898813877129
0.49,14,0.0006241199265474365
0.49,15,-0.001876099790098655
0.49,16,-0.0005663215202087992
0.49,17,0.0013989931051179047
0.49,18,-0.0008072975294338587
0.49,19,0.000983088180045409
0.49,20,-0.000641824225848339
0.49,21,0.0019071259442146418
0.49,22,0.0009883387070625815
0.49,23,-0.0003804446999515579
0.49,24,-0.0017708165048433138
0.49,25,0.00027503952459820557
0.49,26,0.0008054640376802373
0.49,27,-0.002185309520225646
0.49,28,0.0015690025658049323
0.49,29,-0.0008017866283612931
0.49,30,-0.0009231897518298203
0.49,31,-0.0010368076612818687
0.49,32,0.0006167738092081584
0.49,33,-0.001255616144358412
0.49,34,-0.0030704665008161884
0.49,35,0.0005403426088196632
0.49,36,0.0003211347930247875
0.49,37,-0.0017312780127403927
0.49,38,-3.9414232286087045e-5
0.49,39,-0.0016349089395813134
0.49,40,0.003310657800777097
0.49,41,-0.003253532095328971
0.49,42,0.002252013679768325
0.49,43,-0.0013667651174484178
0.49,44,-0.001186902207815691
0.49,45,0.001028869942638654
0.49,46,-0.000896993971719826
0.49,47,0.0008219357249875735
0.49,48,-0.0026593878784810267
0.49,49,0.0008703440694295235
0.49,50,-0.0017536266432266394
0.49,51,0.0008388700759226265
0.49,52,-0.000492673090797273
0.49,53,-0.0014396764723380584
0.49,54,0.0020531975897935444
0.49,55,-0.001448315101274742
0.49,56,0.0011747800431656961
0.49,57,3.4204929210955e-5
0.49,58,0.0011061333335287127
0.49,59,-0.0008687391643588962
0.49,60,0.0016330587130815165
0.49,61,-0.0013853641329295498
0.49,62,-0.000671837475734611
0.49,63,0.0012894089209192162
0.49,64,0.0020488111369791773
0.49,65,0.00029457763415525616
0.49,66,0.001909575452342418
0.49,67,0.0018312066934007096
0.49,68,-0.0015530239398579809
0.49,69,0.0013397084207700473
0.49,70,0.000876190588658844
0.49,71,0.0014525241639495865
0.49,72,-0.001682791182544732
0.49,73,-0.0018586608932889051
0.49,74,-0.00034885453132091777
0.49,75,-0.001941125244125245
0.49,76,0.0020532419964693436
0.49,77,-0.002966582986264905
0.49,78,0.0007926442999892659
0.49,79,-0.0013737430194321833
0.49,80,-0.0006309355910464118
0.49,81,-0.001009229528443181
0.49,82,-0.0005233315614202431
0.49,83,0.0008002886282930287
0.49,84,-0.0017040857856284296
0.49,85,0.002603556975699376
0.49,86,0.0005652846738303173
0.49,87,-0.0022133067289359745
0.49,88,-0.0007611317210491838
0.49,89,0.0012400142907057733
0.49,90,0.0015056679033538082
0.49,91,-0.0027231931288041107
0.49,92,0.0009250997008014409
0.49,93,-0.0011051438351341702
0.49,94,0.0023065212670371872
0.49,95,-0.0015627513744644883
0.49,96,0.00575192470003122
0.49,97,0.0028801105762837472
0.49,98,0.00594899065124307
0.49,99,0.007696541543242343
0.49,100,0.006526242596547414
0.49,101,0.0016891952047235312
0.49,102,0.003637579655870357
0.49,103,0.003783772591351249
0.49,104,0.0008798776802984411
0.49,105,0.002718779296917011
0.49,106,0.0022614586952217066
0.49,107,0.00014732470966686214
0.49,108,0.002024963888714084
0.49,109,-9.322928436562237e-5
0.49,110,-0.0005042697402476311
0.49,111,0.002012086182237282
0.49,112,0.0010923437267452898
0.49,113,-0.0007658588750039855
0.49,114,-0.0008079194850346785
0.49,115,-1.927912714605615e-5
0.49,116,0.001815876979830607
0.49,117,-0.003717095435041637
0.49,118,0.0005741452733655653
0.49,119,0.00021245076447781573
0.49,120,-0.0002430611661330614
0.49,121,-0.0009995218295845859
0.49,122,-0.0007481616342100676
0.49,123,-0.0008840462062230358
0.49,124,0.00037083241716906636
0.49,125,-0.00016521005562129728
0.49,126,-0.0003422070278166553
0.49,127,8.914434561754706e-5
0.49,128,-0.0020790049751648644
0.49,129,-0.0007357626070848441
0.49,130,-0.0005158375419363467
0.49,131,-0.000780920867953171
0.49,132,-0.0027375391644064487
0.49,133,0.0008851130959579084
0.49,134,0.0007874042286510061
0.49,135,0.000894748811085095
0.49,136,0.001419106817901888
0.49,137,-0.0017889161438014087
0.49,138,0.002930192282333625
0.49,139,-0.0037369199177766732
0.49,140,0.0026840765719964225
0.49,141,0.0017174714599615785
0.49,142,0.0018458981979772823
0.49,143,5.738386970552063e-5
0.49,144,0.0008119307026954857
0.49,145,-0.0016159519395633683
0.49,146,-0.0015129845125676936
0.49,147,5.51816603022123e-5
0.49,148,-0.0006842102515155499
0.49,149,0.001983819275683602
0.49,150,-0.0017052409322883258
0.49,151,-0.0006782550231926429
0.49,152,-0.0008984421551332608
0.49,153,0.0012637133020207646
0.49,154,0.0002776284941670019
0.49,155,0.0027933180559562175
0.49,156,-0.0016637568974549378
0.49,157,0.0015426784363804682
0.49,158,-0.0004295216099023329
0.49,159,0.0028549628060394227
0.49,160,0.0005714873771808484
0.49,161,0.0007992153120598157
0.49,162,0.002389568683905703
0.49,163,0.0006836367283322002
0.49,164,0.004543182409408021
0.49,165,-0.0009859908948562821
0.49,166,0.0032312893523095605
0.49,167,0.0004270629736852694
0.49,168,0.0019511138840808493
0.49,169,0.00211108708481958
0.49,170,-0.0012082054673766445
0.49,171,-0.0025537702191280984
0.49,172,0.001618767236465468
0.49,173,-0.00025071378873697575
0.49,174,-0.002180040100148982
0.49,175,-0.0005405295054382687
0.49,176,0.003271712973873017
0.49,177,-0.0004717624787902687
0.49,178,-0.0018656965554449986
0.49,179,0.004019602515409464
0.49,180,-0.00048002242187181876
0.49,181,0.004805115324722845
0.49,182,-0.004022514696945403
0.49,183,0.0074261827031755785
0.49,184,0.0048049442318965725
0.49,185,-0.011578191650906308
0.49,186,0.011305582674851654
0.49,187,0.019468689170391393
0.49,188,-0.0024221054898808025
0.49,189,0.016964526457958314
0.49,190,0.11153877755190143
0.49,191,-0.004226017783808466
0.49,192,0.7185978642300386
0.49,193,0.00828987728518208
0.49,194,0.005535156690966807
0.49,195,-0.000810980946336177
0.49,196,0.00046949672661755743
0.49,197,-6.171065883681668e-6
0.49,198,9.457458915525761e-5
0.5,intercept,-0.0008368300829044219
0.5,1,0.005429299440205007
0.5,2,0.004383188949154743
0.5,3,0.004079400360671383
0.5,4,0.0028540266317694275
0.5,5,0.0013783183533493952
0.5,6,0.0018465606853016836
0.5,7,0.0013499806938644808
0.5,8,0.001954606473403666
0.5,9,-3.0297680319387097e-5
0.5,10,0.0014428879686975624
0.5,11,0.0017446312913568108
0.5,12,-3.416147886843554e-5
0.5,13,0.0009153155967489957
0.5,14,8.66640189227611e-5
0.5,15,-0.0012643208405380686
0.5,16,-0.001145982629867936
0.5,17,0.001537051975373479
0.5,18,-0.0007819315186494258
0.5,19,0.0008283084699249907
0.5,20,-0.0007153418296383074
0.5,21,0.0023684628748848933
0.5,22,0.001086068329597639
0.5,23,-0.0008202794012046701
0.5,24,-0.001879398905222222
0.5,25,7.85056631327706e-5
0.5,26,0.0008506585750933815
0.5,27,-0.0020955314985359754
0.5,28,0.0017732687930128023
0.5,29,-0.0007196467808780323
0.5,30,-0.0011923916103024977
0.5,31,-0.0010018375499170977
0.5,32,0.00028011983338584737
0.5,33,-0.0012083442181886513
0.5,34,-0.002728250329632714
0.5,35,0.000756457715247206
0.5,36,0.00044751328093964933
0.5,37,-0.001981456419513855
0.5,38,4.597720102896284e-5
0.5,39,-0.0016041161923200289
0.5,40,0.003507563187543695
0.5,41,-0.0036761919911429512
0.5,42,0.0027257535978213988
0.5,43,-0.001565695744506891
0.5,44,-0.0012940490888589372
0.5,45,0.0008877452991265318
0.5,46,-0.0009232710259737965
0.5,47,0.0008916263488260821
0.5,48,-0.0029002130292560104
0.5,49,0.0009441843053207144
0.5,50,-0.0017617293974261162
0.5,51,0.0007010179969534173
0.5,52,-0.0007383605246721153
0.5,53,-0.0013611484213689145
0.5,54,0.00176154700965643
0.5,55,-0.0013149671683472855
0.5,56,0.0019492124426896298
0.5,57,-0.0003537986634293272
0.5,58,0.0013482012263753029
0.5,59,-0.0011471372464369742
0.5,60,0.0014581957722380676
0.5,61,-0.0009074990784333259
0.5,62,-0.0015008147992004275
0.5,63,0.0021042219339315136
0.5,64,0.0016053679452770133
0.5,65,0.0006846287051109307
0.5,66,0.0019691179144816964
0.5,67,0.001962380768080461
0.5,68,-0.002083366797893772
0.5,69,0.0015016870710409165
0.5,70,0.0007630045944621268
0.5,71,0.0017069243536113122
0.5,72,-0.001632435689873858
0.5,73,-0.0018920404453323248
0.5,74,-0.00023604582763801343
0.5,75,-0.002131534210562063
0.5,76,0.0017964570784013095
0.5,77,-0.0023885862545943125
0.5,78,0.0009758729862148312
0.5,79,-0.001973417969958211
0.5,80,-0.0007988862273559738
0.5,81,-0.001112260077953422
0.5,82,-0.0008009412836547506
0.5,83,0.0008529602307370178
0.5,84,-0.0018656987408048518
0.5,85,0.002602259650676587
0.5,86,0.0007671781326300937
0.5,87,-0.002390028940228467
0.5,88,-0.0006642706859914879
0.5,89,0.0018806320602566364
0.5,90,0.0012682997211104308
0.5,91,-0.002872722740294012
0.5,92,0.000430767132175105
0.5,93,-0.0012271406905337995
0.5,94,0.0021113024993806148
0.5,95,-0.0017550950368638528
0.5,96,0.0059143292650330696
0.5,97,0.002685184728867429
0.5,98,0.007031760838381304
0.5,99,0.008000710846133421
0.5,100,0.0064624368320478145
0.5,101,0.0016325003686004599
0.5,102,0.0034209753688546527
0.5,103,0.003906402243348295
0.5,104,0.0008712448931988099
0.5,105,0.0026963127024170583
0.5,106,0.002625046473563367
0.5,107,-0.00020233920733102965
0.5,108,0.0020423438007883617
0.5,109,0.0001431558652292831
0.5,110,0.00012471348476713047
0.5,111,0.0014633465792123393
0.5,112,0.0009974702148978448
0.5,113,-0.0004974736589791329
0.5,114,-0.0011898711724805792
0.5,115,4.072876502017251e-5
0.5,116,0.00135839914530366
0.5,117,-0.003432581511773896
0.5,118,0.0010650368142566997
0.5,119,-0.00037202403953827753
0.5,120,0.00014138260074898467
0.5,121,-0.0015494343232823715
0.5,122,-0.0005139587619029341
0.5,123,-0.0005962939195280627
0.5,124,0.0003830037408731004
0.5,125,-0.0002061172490071973
0.5,126,-0.00048114183701918116
0.5,127,-0.00019421546583597718
0.5,128,-0.001966071846485457
0.5,129,-0.0009983332091079715
0.5,130,-0.0005535290766712451
0.5,131,-0.0008505576388443148
0.5,132,-0.00246975048063392
0.5,133,0.001082652773928949
0.5,134,0.0005839148309164386
0.5,135,0.0009364034849921333
0.5,136,0.0010734730438256863
0.5,137,-0.001527020414376725
0.5,138,0.0027524227897452462
0.5,139,-0.0035514927188242365
0.5,140,0.0023275310735653885
0.5,141,0.0020688998736045575
0.5,142,0.0016262020906214728
0.5,143,0.0001008891593541628
0.5,144,0.00033149639371324926
0.5,145,-0.000513197323902532
0.5,146,-0.0018653071946012117
0.5,147,0.00017807082979978122
0.5,148,-0.0009606518608427102
0.5,149,0.0022294470505189773
0.5,150,-0.00190896878026013
0.5,151,-0.0007447163653515676
0.5,152,-0.00047936732792034915
0.5,153,0.0011677992759301997
0.5,154,0.00029478130356989864
0.5,155,0.0029323753107517374
0.5,156,-0.0014240805501384577
0.5,157,0.0007468634870538899
0.5,158,0.00017054777385495858
0.5,159,0.002529955833905632
0.5,160,0.0006685423037264902
0.5,161,-2.5000039842383527e-5
0.5,162,0.0021011205286088352
0.5,163,0.0006572922494590231
0.5,164,0.004025417666283977
0.5,165,-4.790058790628718e-5
0.5,166,0.0029091078770774226
0.5,167,0.0012648635994124123
0.5,168,0.0011425807788250917
0.5,169,0.002401386271823936
0.5,170,-0.0017699760234076401
0.5,171,-0.0023556564331000504
0.5,172,0.0012036507768367279
0.5,173,-0.0002410767610205169
0.5,174,-0.001517735852694641
0.5,175,-0.0010331216133648605
0.5,176,0.0038969345972053506
0.5,177,-0.0005256892228849206
0.5,178,-0.0011200387980860942
0.5,179,0.0035532937314679018
0.5,180,-0.0009782905604191526
0.5,181,0.004703340780535611
0.5,182,-0.0040323795194053685
0.5,183,0.007222491967762684
0.5,184,0.004818682766639816
0.5,185,-0.012142198243778445
0.5,186,0.01264569773156642
0.5,187,0.017961495599186045
0.5,188,-0.002379567196454912
0.5,189,0.01647675373250061
0.5,190,0.11086195332911698
0.5,191,-0.005824413130598508
0.5,192,0.7279986658576425
0.5,193,0.007924007594732588
0.5,194,0.005406121780139791
0.5,195,-0.0007529980074514618
0.5,196,0.00044412550498063735
0.5,197,-8.206046201354236e-6
0.5,198,0.00011623049320964385
0.51,intercept,-0.00071451179213933
0.51,1,0.005798623882120387
0.51,2,0.004246307968866065
0.51,3,0.004201410374527615
0.51,4,0.0028046179183581644
0.51,5,0.0008603376160344797
0.51,6,0.001801455441415713
0.51,7,0.0012647575970282001
0.51,8,0.0022272252770484803
0.51,9,-0.00012067866365908653
0.51,10,0.0012904388210464516
0.51,11,0.001940727608175968
0.51,12,0.0001199143529444162
0.51,13,0.0010367754090215041
0.51,14,0.000541899370431437
0.51,15,-0.0016464426216278524
0.51,16,-0.0007083824613408359
0.51,17,0.0016021127031040413
0.51,18,-0.0010251517898278513
0.51,19,0.0009525976007043668
0.51,20,-0.0010221573004812387
0.51,21,0.0024666565974640594
0.51,22,0.0009625058430777517
0.51,23,-0.0009283503506761067
0.51,24,-0.0021390149664040972
0.51,25,0.00038120760562887387
0.51,26,0.001064757440876346
0.51,27,-0.0020858748429225904
0.51,28,0.002360382095995842
0.51,29,-0.0009678082670669781
0.51,30,-0.0010567564927154085
0.51,31,-0.00150832713133326
0.51,32,0.00030718006097935226
0.51,33,-0.001083731855894011
0.51,34,-0.002664623032137076
0.51,35,0.0007777551009785686
0.51,36,0.00035137635135104925
0.51,37,-0.0017478791908004017
0.51,38,-0.00020785357885291499
0.51,39,-0.0011319999154289812
0.51,40,0.003464324548516396
0.51,41,-0.003584180779101479
0.51,42,0.0026525289403466195
0.51,43,-0.001969836372703156
0.51,44,-0.0008128910384986738
0.51,45,0.0007409256053437402
0.51,46,-0.0008884568791723958
0.51,47,0.0010840962550819758
0.51,48,-0.0027482423616112662
0.51,49,0.0013348426867776707
0.51,50,-0.0021688610127935676
0.51,51,0.0006400590922766308
0.51,52,-0.0012347764826505388
0.51,53,-0.0009160850147135598
0.51,54,0.0014528172850758942
0.51,55,-0.0009498779473936494
0.51,56,0.0017152993327085677
0.51,57,-0.0006404689299148467
0.51,58,0.0013347585299161027
0.51,59,-0.0012870572568014667
0.51,60,0.00196021673993291
0.51,61,-0.0012086220709043743
0.51,62,-0.0015369997835397462
0.51,63,0.0025322348052917495
0.51,64,0.0011151405528404678
0.51,65,0.0008996809059596943
0.51,66,0.0008729937046288614
0.51,67,0.0029050067495231214
0.51,68,-0.0024149858958415395
0.51,69,0.0013604114713210785
0.51,70,0.0011805620393313548
0.51,71,0.001064236104136453
0.51,72,-0.001451955356686365
0.51,73,-0.0013492184451622882
0.51,74,-0.000681687859579273
0.51,75,-0.0014253454172793788
0.51,76,0.001337494748631581
0.51,77,-0.0021580908366725837
0.51,78,0.0003581814885298774
0.51,79,-0.0012320366845182387
0.51,80,-0.0007002832181068906
0.51,81,-0.001355103290459269
0.51,82,-0.0007786991744063818
0.51,83,0.0008702822115720595
0.51,84,-0.0024283363440997865
0.51,85,0.0031311830363147724
0.51,86,0.0007271504666019456
0.51,87,-0.0024626003057355455
0.51,88,-0.0003834568394897746
0.51,89,0.0013502484292269691
0.51,90,0.0009716504659023737
0.51,91,-0.002380692024182533
0.51,92,-0.0003294749562718688
0.51,93,-0.00045946321999528866
0.51,94,0.0019156233434255887
0.51,95,-0.0014876625622201442
0.51,96,0.005694733793229097
0.51,97,0.002864556255828701
0.51,98,0.005919665225059877
0.51,99,0.008560973158262698
0.51,100,0.005730023207448337
0.51,101,0.0020028772591520953
0.51,102,0.0026788261489389454
0.51,103,0.004186520868028704
0.51,104,0.0011803656650448075
0.51,105,0.0027435649936143006
0.51,106,0.002199439318957776
0.51,107,-0.00023932555830071794
0.51,108,0.001912808250109095
0.51,109,6.71358441984555e-5
0.51,110,-4.4794526425596404e-5
0.51,111,0.0018894564665281064
0.51,112,0.0009470211765489713
0.51,113,-0.0006023870728276203
0.51,114,-0.0008741576720671028
0.51,115,-0.00021734953782121487
0.51,116,0.0014724360490049194
0.51,117,-0.003445834784302906
0.51,118,0.0010081430175102907
0.51,119,-9.965934831090258e-5
0.51,120,0.00012328730387873216
0.51,121,-0.0014669843988823856
0.51,122,-0.00042610889609179166
0.51,123,-0.0008389040406223811
0.51,124,0.0003958285174568894
0.51,125,-0.0003223080918177435
0.51,126,-0.0007624736087172851
0.51,127,0.000651137140582867
0.51,128,-0.002550042385329602
0.51,129,-0.0006996993010366617
0.51,130,-0.00021185910509626638
0.51,131,-0.0014081796471899564
0.51,132,-0.0023853194420546493
0.51,133,0.0009205221174497273
0.51,134,0.0003389133941276748
0.51,135,0.000977667709480771
0.51,136,0.0014239908227984112
0.51,137,-0.0017268605422515696
0.51,138,0.0027650690097256723
0.51,139,-0.003640771501006858
0.51,140,0.002241590538125025
0.51,141,0.0025246921758461543
0.51,142,0.001631669130978035
0.51,143,-9.002575026874609e-5
0.51,144,0.00036826943581183736
0.51,145,-0.0005834844474748969
0.51,146,-0.0018994203208127524
0.51,147,0.0003087823019019237
0.51,148,-0.0014062787527404242
0.51,149,0.002346855271623841
0.51,150,-0.0025408982996173207
0.51,151,6.004744879849118e-5
0.51,152,-0.0008775277308066915
0.51,153,0.001215334850487786
0.51,154,0.0005442917542641151
0.51,155,0.00280477030342017
0.51,156,-0.0019130452314294138
0.51,157,0.0013244980929287213
0.51,158,-0.00038424290689162486
0.51,159,0.0032113158123598332
0.51,160,0.0004591787890754008
0.51,161,0.00014693733195771035
0.51,162,0.002056856035702578
0.51,163,0.00037858704226920387
0.51,164,0.004202453167536077
0.51,165,-0.00044133481203491716
0.51,166,0.003426949620289532
0.51,167,0.0018179009802470293
0.51,168,0.0005811745107274675
0.51,169,0.0024942342568063523
0.51,170,-0.0018236615857862909
0.51,171,-0.0025481224399402577
0.51,172,0.0016596038097039854
0.51,173,-0.0008020428730768407
0.51,174,-0.0013557089140255275
0.51,175,-0.0014093659325242092
0.51,176,0.003892182225686224
0.51,177,-0.0006215086439551496
0.51,178,-0.0008652600113586344
0.51,179,0.0034397746469146677
0.51,180,-0.0009480496610266569
0.51,181,0.004662258615707853
0.51,182,-0.004686969454161641
0.51,183,0.008078439819762126
0.51,184,0.003873324537252338
0.51,185,-0.011701599616467337
0.51,186,0.012001258212481844
0.51,187,0.01787179107803175
0.51,188,-0.002669868786452816
0.51,189,0.015203657909448763
0.51,190,0.11240720164957976
0.51,191,-0.008497062030253143
0.51,192,0.7372668797288016
0.51,193,0.0075874266297092045
0.51,194,0.0050836452935374265
0.51,195,-0.0007403089300924062
0.51,196,0.0004343945262344022
0.51,197,-1.9788857828959092e-5
0.51,198,9.925700950370528e-5
0.52,intercept,-0.0006181157749899955
0.52,1,0.0054755725943077625
0.52,2,0.004470587804266255
0.52,3,0.0038536311591608474
0.52,4,0.0024913434955360454
0.52,5,0.0009311684362616066
0.52,6,0.002136223232923375
0.52,7,0.0013101229856764438
0.52,8,0.0019762571295589724
0.52,9,0.00028334787926795275
0.52,10,0.0012152626968537745
0.52,11,0.0018905859691777454
0.52,12,0.0004989273711614171
0.52,13,0.0010714908321138674
0.52,14,0.00042215110276551583
0.52,15,-0.0018757680025366934
0.52,16,-0.0006822548490474094
0.52,17,0.001820378081428197
0.52,18,-0.0013358586418296076
0.52,19,0.0007849039580629334
0.52,20,-0.001066731664748632
0.52,21,0.003008506612792743
0.52,22,0.00028525043744084057
0.52,23,-0.00030142956848190264
0.52,24,-0.0019727082834744597
0.52,25,0.0003303642522083389
0.52,26,0.001167275299463231
0.52,27,-0.002115857068521407
0.52,28,0.0025313316041371027
0.52,29,-0.0009994342010681567
0.52,30,-0.0013155674470623014
0.52,31,-0.0017025279914423298
0.52,32,0.0006961614138127323
0.52,33,-0.0007110134737115896
0.52,34,-0.002378773529809051
0.52,35,0.0008175902521820577
0.52,36,-0.00022593354073719235
0.52,37,-0.0011685092303006443
0.52,38,-0.0003062566848633496
0.52,39,-0.001207171961101346
0.52,40,0.00302091604435716
0.52,41,-0.0033595895523143306
0.52,42,0.002627715814747121
0.52,43,-0.0014376347189004953
0.52,44,-0.0010403818152818875
0.52,45,0.0007869568275012701
0.52,46,-0.0009631317494911694
0.52,47,0.0012027545114455744
0.52,48,-0.0029073330215958894
0.52,49,0.001237021798145052
0.52,50,-0.0017966771322894591
0.52,51,-0.00043667449894921323
0.52,52,-0.00025637902339392584
0.52,53,-0.0013476191630817599
0.52,54,0.0011851727611733786
0.52,55,-0.0003586241718207986
0.52,56,0.000946433945637659
0.52,57,-0.00029580207444109707
0.52,58,0.0015082024365749907
0.52,59,-0.001306905024826062
0.52,60,0.001994532129284108
0.52,61,-0.0016016148313253782
0.52,62,-0.0012599384975502215
0.52,63,0.0024507007033158054
0.52,64,0.0004694103508502798
0.52,65,0.001468205809330899
0.52,66,0.0007821859662060829
0.52,67,0.0028359689473867584
0.52,68,-0.002741441565314107
0.52,69,0.0015420363905064068
0.52,70,0.0009675090365428201
0.52,71,0.0013368307551617795
0.52,72,-0.0016177511294729351
0.52,73,-0.001268260869009941
0.52,74,-0.001000284224714284
0.52,75,-0.000558040834679221
0.52,76,0.0008553426186759371
0.52,77,-0.0020172885498590566
0.52,78,-0.00012496274521622185
0.52,79,-0.0013134565019423596
0.52,80,-0.0001884828210939978
0.52,81,-0.0012443682550950389
0.52,82,-0.0006966061276542729
0.52,83,0.0008982850593165628
0.52,84,-0.0024712160519578695
0.52,85,0.003739124251975481
0.52,86,0.0004217013209616238
0.52,87,-0.002771055468749132
0.52,88,-0.0006225387263913462
0.52,89,0.0013586580479763093
0.52,90,0.0007404577819674059
0.52,91,-0.0013630341013599943
0.52,92,-0.00043618933025133644
0.52,93,-0.0002790462052347904
0.52,94,0.001559144632482102
0.52,95,-0.0018187679945137923
0.52,96,0.00543965327646415
0.52,97,0.0035545287137797813
0.52,98,0.0055541525848304745
0.52,99,0.008581326998553724
0.52,100,0.006161889592970758
0.52,101,0.0018965409249257076
0.52,102,0.0021216655227044444
0.52,103,0.0045698932288704515
0.52,104,0.0010995922527913587
0.52,105,0.0030122013208079856
0.52,106,0.0017608426245664447
0.52,107,-0.000491813474507342
0.52,108,0.002373266146615478
0.52,109,0.00031821231428578333
0.52,110,-0.00014845706065813051
0.52,111,0.0015110215746931542
0.52,112,0.0013067162714848514
0.52,113,-0.0009097656591646935
0.52,114,-0.0003563796246193253
0.52,115,-0.0006448044485902158
0.52,116,0.001592297941902167
0.52,117,-0.002964809059488688
0.52,118,0.0005796051470330219
0.52,119,0.00012505065677143216
0.52,120,-8.38591351432962e-5
0.52,121,-0.0011705996819293153
0.52,122,-0.0004191385690327901
0.52,123,-0.0009553403479268985
0.52,124,0.0001983128801208365
0.52,125,-0.0001460319094706646
0.52,126,-0.0007881679981458696
0.52,127,0.0006292827390299447
0.52,128,-0.0020714521712873507
0.52,129,-0.000977439433320637
0.52,130,-0.00028209136916700534
0.52,131,-0.0014630658907339702
0.52,132,-0.002193924227453844
0.52,133,0.0009591651738853
0.52,134,0.0007448520800236878
0.52,135,0.0005975347099984318
0.52,136,0.001525813614789133
0.52,137,-0.0023466819150382285
0.52,138,0.002836246498457337
0.52,139,-0.003775890564850117
0.52,140,0.0023352650085021135
0.52,141,0.002703909376843978
0.52,142,0.0015575997910387913
0.52,143,8.084999903297891e-5
0.52,144,0.0006128389460444207
0.52,145,-0.0009641098812684394
0.52,146,-0.001829241244647461
0.52,147,-0.00023609136343822387
0.52,148,-0.001116880073327391
0.52,149,0.0025382272244085595
0.52,150,-0.0025237858557830358
0.52,151,0.00047960250682083
0.52,152,-0.001422526926013147
0.52,153,0.0013243499914379567
0.52,154,0.0007989714105940418
0.52,155,0.002646003607643805
0.52,156,-0.001578300568647686
0.52,157,0.0015056696616899492
0.52,158,-0.0010387844197061635
0.52,159,0.003506855492670646
0.52,160,-0.000513878955399995
0.52,161,0.00036562277738406735
0.52,162,0.002530078106292934
0.52,163,0.0004757376948397737
0.52,164,0.0041652512464937985
0.52,165,-0.0006408500925714181
0.52,166,0.0034599888991505233
0.52,167,0.0022114396416563573
0.52,168,-0.00034128439559670277
0.52,169,0.003181186163121982
0.52,170,-0.0025505823379459165
0.52,171,-0.0021392695581568667
0.52,172,0.0011735726652893424
0.52,173,-0.0007177901745357036
0.52,174,-0.0007796647123010184
0.52,175,-0.001770828458771303
0.52,176,0.004671141775136935
0.52,177,-0.0009390192805460397
0.52,178,-0.0012838448469906668
0.52,179,0.004241238259884305
0.52,180,-0.0017152058383720294
0.52,181,0.004640332042537107
0.52,182,-0.004246962034355775
0.52,183,0.007347406178563841
0.52,184,0.003735797112363692
0.52,185,-0.011626139286703344
0.52,186,0.0118093960583159
0.52,187,0.017211781105345835
0.52,188,-0.0029353255318345433
0.52,189,0.013906861757630415
0.52,190,0.11553555430454866
0.52,191,-0.010910908090596194
0.52,192,0.7434694599585498
0.52,193,0.007099387763502136
0.52,194,0.004994199913373752
0.52,195,-0.000719319659438125
0.52,196,0.000409377292987683
0.52,197,-1.9712776804387162e-5
0.52,198,6.427442691484225e-5
0.53,intercept,-0.00043279736760343755
0.53,1,0.005210900414227916
0.53,2,0.004433222579522605
0.53,3,0.003579867702554882
0.53,4,0.002408955605224987
0.53,5,0.0008962319778020079
0.53,6,0.0022435945278779477
0.53,7,0.00108457483509247
0.53,8,0.0025700209713104038
0.53,9,0.0001978861972697981
0.53,10,0.0010972952873801144
0.53,11,0.0014875887044150551
0.53,12,0.0011981546707252309
0.53,13,0.00015175805405111695
0.53,14,0.0009329014196459423
0.53,15,-0.001947077649044761
0.53,16,0.0001779525437828865
0.53,17,0.0013453446292471104
0.53,18,-0.0007806426025633178
0.53,19,1.7787374332741553e-5
0.53,20,-6.705848167314407e-5
0.53,21,0.0025635679175083762
0.53,22,0.0003712295870359079
0.53,23,6.488691263780418e-5
0.53,24,-0.0021232239723065678
0.53,25,0.0005057549114151058
0.53,26,0.000859500034104352
0.53,27,-0.001790619585392833
0.53,28,0.0017961276942729846
0.53,29,-0.0008872216481957237
0.53,30,-0.0013766453870564918
0.53,31,-0.0016013604994094298
0.53,32,0.0013290705164659912
0.53,33,-0.0014010608180992736
0.53,34,-0.002344874102395513
0.53,35,0.000636117467641442
0.53,36,-0.0001814103683616887
0.53,37,-0.00061668219549893
0.53,38,-0.000802918846087846
0.53,39,-0.0007914484206891323
0.53,40,0.0029354982209582646
0.53,41,-0.0035157549362897617
0.53,42,0.002880154926371206
0.53,43,-0.0019108761168799171
0.53,44,-0.0007209096091501405
0.53,45,0.0005821398617106345
0.53,46,-0.0006373733895271513
0.53,47,0.0009099009906118353
0.53,48,-0.002989268854014065
0.53,49,0.0011060995970691883
0.53,50,-0.0016941387369902032
0.53,51,-0.00039256445431567593
0.53,52,-0.0005621565692381083
0.53,53,-0.0011918427353302423
0.53,54,0.0011122057729096187
0.53,55,-1.4079186562334171e-5
0.53,56,0.0011229765828033417
0.53,57,-0.0006269848330194276
0.53,58,0.0014678056392647646
0.53,59,-0.0016023980619590938
0.53,60,0.002862102981187698
0.53,61,-0.0019247391858906344
0.53,62,-0.0007889082325866643
0.53,63,0.0020286654079312108
0.53,64,6.862625947431293e-5
0.53,65,0.0011803206910455113
0.53,66,0.0010139702034263863
0.53,67,0.002913648616635015
0.53,68,-0.0026850488804439367
0.53,69,0.0010129451664625682
0.53,70,0.001298840006708905
0.53,71,0.0016552169258827274
0.53,72,-0.0019055441377188915
0.53,73,-0.0013280003662496888
0.53,74,-0.0011821367192928805
0.53,75,-0.0009971543729768832
0.53,76,0.00117405591254246
0.53,77,-0.002333473078703551
0.53,78,0.0008302799856683236
0.53,79,-0.0013681896842698158
0.53,80,-6.493385852313682e-5
0.53,81,-0.0011670780358695406
0.53,82,-0.0013432548558779068
0.53,83,0.0005298869491630147
0.53,84,-0.002149804977571923
0.53,85,0.004075955348081673
0.53,86,0.0001540096128148139
0.53,87,-0.0028992206433353213
0.53,88,-0.00047961656883535576
0.53,89,0.0008218353416829672
0.53,90,0.0006400434544418005
0.53,91,-0.0009850659200213623
0.53,92,-0.0002347955724527353
0.53,93,-0.0005935622753541244
0.53,94,0.0020616742461316935
0.53,95,-0.002292904457712376
0.53,96,0.005222069185619093
0.53,97,0.003324781468608021
0.53,98,0.006331481113860548
0.53,99,0.008763945458835949
0.53,100,0.005612626214239727
0.53,101,0.0014564933294989807
0.53,102,0.0014703717011285843
0.53,103,0.004957445344830521
0.53,104,0.0008946179717426774
0.53,105,0.003229974177761931
0.53,106,0.0018540451104879117
0.53,107,-0.0009041386202283796
0.53,108,0.0025388985478115287
0.53,109,0.00010478189802417519
0.53,110,0.00017831828904508554
0.53,111,0.001634860724213267
0.53,112,0.0010258737260792983
0.53,113,-0.00089504287536699
0.53,114,-0.00047164878966010675
0.53,115,-0.0005208352584032464
0.53,116,0.0018655618254758456
0.53,117,-0.0030788018700925353
0.53,118,0.000416066716866995
0.53,119,4.681210994050542e-5
0.53,120,-0.00029750158730956777
0.53,121,-0.0009109016061022727
0.53,122,6.124182297815821e-6
0.53,123,-0.0010281147912885155
0.53,124,0.00016094453823493307
0.53,125,-0.0001475474442271116
0.53,126,-0.0007408164294776837
0.53,127,0.001066666141323097
0.53,128,-0.002043503518860614
0.53,129,-0.0009934596064965935
0.53,130,-7.809269337595558e-5
0.53,131,-0.0015158311871295341
0.53,132,-0.002348481094753233
0.53,133,0.0008221468458965811
0.53,134,0.0005387231576840449
0.53,135,0.0004975980186882
0.53,136,0.0017804165306637603
0.53,137,-0.002493638704315744
0.53,138,0.003222036890942627
0.53,139,-0.0037963799368940683
0.53,140,0.0021645857729544766
0.53,141,0.0026317449121168275
0.53,142,0.0014266014503188033
0.53,143,-3.5565791109841545e-5
0.53,144,0.0007289475962611919
0.53,145,-0.0013925032974279256
0.53,146,-0.0014063817793412198
0.53,147,-0.00033627528922761015
0.53,148,-0.0011972621517437698
0.53,149,0.0027943564186657783
0.53,150,-0.0027604490109369518
0.53,151,0.001142463253407469
0.53,152,-0.0013988948748944925
0.53,153,0.0015325876220525678
0.53,154,0.001055863217982692
0.53,155,0.001957692337294231
0.53,156,-0.0014710489456281864
0.53,157,0.001300546925853119
0.53,158,-5.714487272680841e-5
0.53,159,0.0031794492692584987
0.53,160,-0.00031498861358168626
0.53,161,-0.00010578416900183683
0.53,162,0.002771688711822012
0.53,163,0.0004322668141147204
0.53,164,0.003699725893298555
0.53,165,-0.0004840035271824923
0.53,166,0.0032239865796832674
0.53,167,0.0012994274717914582
0.53,168,0.00036528935502137534
0.53,169,0.0035606791202742187
0.53,170,-0.0027845281924527105
0.53,171,-0.002026596102629996
0.53,172,0.001172761782975677
0.53,173,-0.0006112791801526946
0.53,174,-8.399141776185103e-5
0.53,175,-0.002224352899061115
0.53,176,0.004356752151587509
0.53,177,-0.0009613164695025155
0.53,178,-0.001267217264464713
0.53,179,0.0038365036510283556
0.53,180,-0.0018367507012527987
0.53,181,0.004242832193898257
0.53,182,-0.0035159671511911543
0.53,183,0.007261962075529355
0.53,184,0.0036490041921534333
0.53,185,-0.011943455276896072
0.53,186,0.011964204454397847
0.53,187,0.01698204215377462
0.53,188,-0.003257591223847737
0.53,189,0.013251335660822308
0.53,190,0.11696212602039009
0.53,191,-0.014901613399730514
0.53,192,0.7510215377894253
0.53,193,0.006774498856093512
0.53,194,0.004973164720804871
0.53,195,-0.0007079786081271906
0.53,196,0.0004044903298891315
0.53,197,-5.759463766870539e-6
0.53,198,9.738833766441673e-5
0.54,intercept,-0.00037369928741172405
0.54,1,0.005110046991299048
0.54,2,0.004855779339145558
0.54,3,0.0036024038100227578
0.54,4,0.0016198254846107136
0.54,5,0.0007805921849200779
0.54,6,0.0029949930526486364
0.54,7,0.0011375380165092285
0.54,8,0.0023504933935095743
0.54,9,-0.0002350120301715011
0.54,10,0.0014743956274443843
0.54,11,0.0010246653964163933
0.54,12,0.0010884843119983423
0.54,13,0.00021079391042632827
0.54,14,0.0009898295436897837
0.54,15,-0.002161823644742418
0.54,16,0.0004904949917782967
0.54,17,0.0013395726380585355
0.54,18,-0.0008016716809900147
0.54,19,-0.00010860915535309831
0.54,20,0.00011317883325533893
0.54,21,0.0019404712467646645
0.54,22,0.0006041984286270892
0.54,23,-0.00036780012886494437
0.54,24,-0.002334162764304308
0.54,25,0.0006020219256198917
0.54,26,0.0007988030842146388
0.54,27,-0.0009318773546557927
0.54,28,0.0014882192217147664
0.54,29,-0.0008099283805000025
0.54,30,-0.0014838899620051695
0.54,31,-0.0011900106415465256
0.54,32,0.001209140119410367
0.54,33,-0.0013583657275350125
0.54,34,-0.002076650686524672
0.54,35,0.0005950522870783759
0.54,36,-0.00022524861129723359
0.54,37,-0.0006826235662789835
0.54,38,-0.0007357842086755963
0.54,39,-0.0009171444092282006
0.54,40,0.0032975276842772978
0.54,41,-0.003970712965688578
0.54,42,0.003052976603398852
0.54,43,-0.0018547762295284087
0.54,44,-0.0006709787034522037
0.54,45,0.0006888904292139636
0.54,46,-0.0002316550478446548
0.54,47,0.000447070568962498
0.54,48,-0.002795617187862574
0.54,49,0.0009025600929400176
0.54,50,-0.0018326930328573443
0.54,51,-0.0002927058974023342
0.54,52,-0.0008054437486093058
0.54,53,-0.0013626583851751015
0.54,54,0.0019339681702945242
0.54,55,0.00010696850019238822
0.54,56,0.0008959277364292609
0.54,57,-0.0007088640104513364
0.54,58,0.001441697890498944
0.54,59,-0.0018928281629979982
0.54,60,0.0026794180023207896
0.54,61,-0.0014792870370262834
0.54,62,-0.0010211235087720179
0.54,63,0.002382462405876175
0.54,64,0.0001227635059743386
0.54,65,0.0007248328447675899
0.54,66,0.0008506364489452003
0.54,67,0.0027816014418341442
0.54,68,-0.002742490547474065
0.54,69,0.0005576690523847005
0.54,70,0.002006375875235107
0.54,71,0.0012297703927035646
0.54,72,-0.0015141675990900183
0.54,73,-0.0005349442631074646
0.54,74,-0.0019023513587698641
0.54,75,-0.0005904385056558911
0.54,76,0.0009567416767688734
0.54,77,-0.002641272102764324
0.54,78,0.0011662590336957118
0.54,79,-0.0017052608899038404
0.54,80,-0.00010754742678250961
0.54,81,-0.0010469042167989251
0.54,82,-0.0008510667074906284
0.54,83,8.201020944628152e-5
0.54,84,-0.002147105739673012
0.54,85,0.004319436314386174
0.54,86,-0.0001678786812417738
0.54,87,-0.0026102221299681566
0.54,88,-0.0011121520353929311
0.54,89,0.0007747218358068375
0.54,90,0.0011062431741818415
0.54,91,-0.0012942496239422715
0.54,92,0.0007480190278060858
0.54,93,-0.0009317796170734033
0.54,94,0.0018705377036886787
0.54,95,-0.0023914403248978286
0.54,96,0.005293117394274599
0.54,97,0.0027299155513855872
0.54,98,0.006834305795423425
0.54,99,0.0075919455070559425
0.54,100,0.0059751619148818306
0.54,101,0.0012119491754192995
0.54,102,0.0010291940676195894
0.54,103,0.006174608394815972
0.54,104,0.0005167079765782807
0.54,105,0.003607625418284377
0.54,106,0.0022649488287193177
0.54,107,-0.0011711758653867794
0.54,108,0.002251622739296591
0.54,109,8.371139054628567e-5
0.54,110,0.0005203050643162071
0.54,111,0.0014005603295752097
0.54,112,0.0017959336900040164
0.54,113,-0.001230293902533737
0.54,114,-0.0006694883311598114
0.54,115,0.00012178809432758647
0.54,116,0.0015376934889643858
0.54,117,-0.0032801900864034197
0.54,118,0.0007883151192761047
0.54,119,-0.00045427568411276624
0.54,120,6.73709956784429e-5
0.54,121,-0.0012445913327619412
0.54,122,-0.00010799240491054984
0.54,123,-0.00041625350574740327
0.54,124,-0.0004479710806756817
0.54,125,9.742170319972077e-5
0.54,126,-0.0005809580283491714
0.54,127,0.0008198545989431476
0.54,128,-0.0019129598911162844
0.54,129,-0.0005278441782508225
0.54,130,-0.0004164340960090856
0.54,131,-0.0011003680575160809
0.54,132,-0.0030435022896290677
0.54,133,0.001314379502822308
0.54,134,3.616295665073743e-5
0.54,135,0.0007959479147765512
0.54,136,0.001672139071853518
0.54,137,-0.002615096981521274
0.54,138,0.003575590472319256
0.54,139,-0.003925918727808604
0.54,140,0.0022519028815214796
0.54,141,0.0028741663004532483
0.54,142,0.0012322944561057045
0.54,143,-4.0124325710917056e-5
0.54,144,0.00017779602930334998
0.54,145,-0.0005968519200806812
0.54,146,-0.0018128610138179188
0.54,147,-0.0003816270008882907
0.54,148,-0.0010933217823605379
0.54,149,0.0025181972668674737
0.54,150,-0.0029294982757555295
0.54,151,0.0015546187651269473
0.54,152,-0.0018317889290896797
0.54,153,0.002178668510283213
0.54,154,0.0016075484433178975
0.54,155,0.0014349293483899505
0.54,156,-0.0015188454176300516
0.54,157,0.0013347843038313243
0.54,158,-0.0003306694409920038
0.54,159,0.0034339923277701824
0.54,160,-0.0005700529615426674
0.54,161,-0.00032873172554734694
0.54,162,0.002961453710401784
0.54,163,0.00032436666372275723
0.54,164,0.0033668188221493618
0.54,165,0.00026316400482304596
0.54,166,0.002918299866508643
0.54,167,0.001176429985768548
0.54,168,0.0005171197919510877
0.54,169,0.003917949748629579
0.54,170,-0.002370292601651807
0.54,171,-0.0022565625846686058
0.54,172,0.0009414932010252743
0.54,173,-0.0009046640353256229
0.54,174,0.00021587242625410488
0.54,175,-0.002519329265524015
0.54,176,0.00465973423781075
0.54,177,-0.0009780828783097259
0.54,178,-0.000979146447132795
0.54,179,0.0032658517298028086
0.54,180,-0.0012545098255364328
0.54,181,0.003558197582019276
0.54,182,-0.0033068688917854278
0.54,183,0.00767165996278106
0.54,184,0.0030530244066995253
0.54,185,-0.012013310190768558
0.54,186,0.012683903380835368
0.54,187,0.01572332480478949
0.54,188,-0.0036246369502564778
0.54,189,0.013507176302871729
0.54,190,0.11985974668246398
0.54,191,-0.01839907062664156
0.54,192,0.7565207740991251
0.54,193,0.007326136480552468
0.54,194,0.004644478289592962
0.54,195,-0.0006920662532841011
0.54,196,0.00036394637709628164
0.54,197,-4.294407566238177e-5
0.54,198,4.488396382545365e-5
0.55,intercept,-0.0002205479244659469
0.55,1,0.00494880338924933
0.55,2,0.004779492199362428
0.55,3,0.0032480320132417407
0.55,4,0.0013954827071645315
0.55,5,0.001024067863633869
0.55,6,0.003898372258441421
0.55,7,0.0014333926569857598
0.55,8,0.0019928333931428805
0.55,9,-0.00023134021936184677
0.55,10,0.0008431051128463023
0.55,11,0.0010651711645613023
0.55,12,0.001116755626990212
0.55,13,0.0005376101560564371
0.55,14,0.0012105696375741964
0.55,15,-0.0022107324463037036
0.55,16,0.0010013781905876579
0.55,17,0.0011045216318155656
0.55,18,-0.0011591227954817081
0.55,19,-0.0001444016231917295
0.55,20,-0.00041470891146001056
0.55,21,0.0024385677312927156
0.55,22,0.0005961404569087076
0.55,23,-0.00041338025640683834
0.55,24,-0.0021956963457735474
0.55,25,0.00039983946187512184
0.55,26,0.0008143616331613407
0.55,27,-0.0012980761994973884
0.55,28,0.0014531394117873074
0.55,29,-0.0007701306172211516
0.55,30,-0.0017959252281624528
0.55,31,-0.0007700307182286309
0.55,32,0.0010152075099607502
0.55,33,-0.001447011042810461
0.55,34,-0.0019146539363884328
0.55,35,0.0004919605368313619
0.55,36,0.00025324495073060824
0.55,37,-0.0010377672615472923
0.55,38,-0.0008941936139888007
0.55,39,-0.0004118168885976883
0.55,40,0.003220778498935171
0.55,41,-0.0038674090062528264
0.55,42,0.0026258639031541543
0.55,43,-0.0009476942548564048
0.55,44,-0.0007931533292651786
0.55,45,0.0002477545067936136
0.55,46,-4.539390516058434e-5
0.55,47,0.0004101080464285878
0.55,48,-0.002423907304942785
0.55,49,0.0006097925031900229
0.55,50,-0.001984324473947034
0.55,51,2.315450575548111e-5
0.55,52,-0.001562601432650706
0.55,53,-0.0008476329235492516
0.55,54,0.0022633570452624207
0.55,55,0.00030815297783472304
0.55,56,0.0008334735366397998
0.55,57,-0.0002523951616370891
0.55,58,0.0013565898513720038
0.55,59,-0.002028347466106668
0.55,60,0.002855516873847781
0.55,61,-0.0017345722163884544
0.55,62,-0.0006697454968238218
0.55,63,0.0018488825300730825
0.55,64,-0.00022098008326634208
0.55,65,0.00013594076351197112
0.55,66,0.0014302685182278176
0.55,67,0.0029272537634114993
0.55,68,-0.00284886356103849
0.55,69,0.0009774180515198915
0.55,70,0.002130845587769468
0.55,71,0.0007880510743942663
0.55,72,-0.0016745062814384907
0.55,73,-0.0009391442352797931
0.55,74,-0.0019153702168738357
0.55,75,-0.000747759152654213
0.55,76,0.000865778763470726
0.55,77,-0.0031424498149202652
0.55,78,0.0014575900360860475
0.55,79,-0.001125102508451529
0.55,80,0.00032946866184845
0.55,81,-0.0010066576269766989
0.55,82,-0.0013566871116176811
0.55,83,0.0006899513186671958
0.55,84,-0.0025115716518791533
0.55,85,0.004447666220025333
0.55,86,-4.3005953060899114e-5
0.55,87,-0.0024124221020187186
0.55,88,-0.0009613487285530876
0.55,89,0.00013124045327441206
0.55,90,0.0013863018459318566
0.55,91,-0.001210411125069454
0.55,92,0.0005944442218140357
0.55,93,-0.00065403150392505
0.55,94,0.0012345338886300277
0.55,95,-0.0023240669998441537
0.55,96,0.005068410132107435
0.55,97,0.003534887676125652
0.55,98,0.006795416138340591
0.55,99,0.0076035011665237535
0.55,100,0.006048756119327517
0.55,101,0.0007530169844454971
0.55,102,0.0006631828079455013
0.55,103,0.006101200566101672
0.55,104,0.0005445717517406518
0.55,105,0.0037532852045231648
0.55,106,0.0019662663712270313
0.55,107,-0.0011678486056205342
0.55,108,0.002158335040159203
0.55,109,0.0004289068897905985
0.55,110,0.00029500020115868873
0.55,111,0.001778564362831087
0.55,112,0.0016236107764300122
0.55,113,-0.0007993364161340477
0.55,114,-0.0009864487952403924
0.55,115,0.0003874706645267979
0.55,116,0.0015045949764368948
0.55,117,-0.003672109720657032
0.55,118,0.0008900696501704889
0.55,119,-0.0004130121212153523
0.55,120,0.0001916105977966991
0.55,121,-0.0016744698411334743
0.55,122,0.0001909478384884551
0.55,123,-0.0002554955575944544
0.55,124,-0.0006166096802475275
0.55,125,8.572354819336325e-5
0.55,126,-0.0006296938916907881
0.55,127,0.0010068450650243493
0.55,128,-0.0019430926842782879
0.55,129,-0.0004943395004968558
0.55,130,-0.0003149824718591113
0.55,131,-0.0013538957361612283
0.55,132,-0.0029974191269341
0.55,133,0.0017540443176226781
0.55,134,0.00018171918908511998
0.55,135,0.0007168077791131201
0.55,136,0.0015293505748718414
0.55,137,-0.0023340106115251414
0.55,138,0.0031598875237479345
0.55,139,-0.004047158393724384
0.55,140,0.002532167382066447
0.55,141,0.002694839783062129
0.55,142,0.0007319715609615808
0.55,143,6.76963119215329e-5
0.55,144,0.0004091862904937503
0.55,145,-0.0006514107757286603
0.55,146,-0.0014431863682475422
0.55,147,-0.00030422569457770474
0.55,148,-0.0014191960263240555
0.55,149,0.002084665166140425
0.55,150,-0.0027244443693392544
0.55,151,0.001442658654617394
0.55,152,-0.0017934129615096992
0.55,153,0.0022994804506129844
0.55,154,0.0014458671538950501
0.55,155,0.0016310060308604409
0.55,156,-0.0020733935487626236
0.55,157,0.0014225073120379575
0.55,158,0.00019989648003792545
0.55,159,0.0035948292561915392
0.55,160,-0.0005362069731032755
0.55,161,-0.0005955606150038716
0.55,162,0.002472795083836164
0.55,163,0.00030558199842130334
0.55,164,0.0033988076237104797
0.55,165,1.0463926971769416e-5
0.55,166,0.0034327129136860752
0.55,167,0.00036731428614377115
0.55,168,0.001076786944703886
0.55,169,0.003911326183431017
0.55,170,-0.0019128851567632164
0.55,171,-0.0022535619138891252
0.55,172,0.0009657704567742691
0.55,173,-0.0008607178390052625
0.55,174,-5.851362698647931e-5
0.55,175,-0.002121876713475294
0.55,176,0.004663177740971062
0.55,177,-0.0010203999720930447
0.55,178,-0.0011476654325955045
0.55,179,0.003184404916977959
0.55,180,-0.00141945336294474
0.55,181,0.0035446438240247027
0.55,182,-0.002937147772699568
0.55,183,0.007467071412681467
0.55,184,0.00250581987157934
0.55,185,-0.0123184125027521
0.55,186,0.013104669816876439
0.55,187,0.015082762769755882
0.55,188,-0.003855526823104183
0.55,189,0.013083632596430842
0.55,190,0.12252351255287212
0.55,191,-0.021078449375535848
0.55,192,0.760922928372553
0.55,193,0.006933697613433638
0.55,194,0.005273606758190609
0.55,195,-0.0006900863797549246
0.55,196,0.0003545610753351533
0.55,197,-5.927256404241906e-5
0.55,198,6.531616879091012e-5
0.56,intercept,-6.83040224399803e-5
0.56,1,0.005074017781220387
0.56,2,0.004855159012400722
0.56,3,0.002753594315532474
0.56,4,0.0010009359440736327
0.56,5,0.0017461268784010294
0.56,6,0.003435162116377705
0.56,7,0.0018526418818428547
0.56,8,0.0017584924202374865
0.56,9,-3.2226577713493823e-6
0.56,10,0.0008736047169198214
0.56,11,0.0009423801309882628
0.56,12,0.0005967233179109632
0.56,13,0.0010947326223485325
0.56,14,0.0015717427591944045
0.56,15,-0.0018638519960962397
0.56,16,0.00042363555897272824
0.56,17,0.001315784106999702
0.56,18,-0.0009939406636816593
0.56,19,-0.00011881721915813875
0.56,20,-0.0004999729823021394
0.56,21,0.0024961147778455846
0.56,22,0.0004859960777181513
0.56,23,-0.000379902380009316
0.56,24,-0.002408918064746505
0.56,25,0.0009137543524174065
0.56,26,0.0005498756792863878
0.56,27,-0.0016672347709040885
0.56,28,0.0021963936097554454
0.56,29,-0.0010116836247385723
0.56,30,-0.001604803105439499
0.56,31,-0.001014742309127588
0.56,32,0.001194100477582132
0.56,33,-0.001400752848567852
0.56,34,-0.0021444404076156522
0.56,35,0.0003969834964261264
0.56,36,0.00013113397050479694
0.56,37,-0.0008978195476072055
0.56,38,-0.0015759470936265983
0.56,39,0.0005257955298708959
0.56,40,0.0033736719282834596
0.56,41,-0.0035906404901214274
0.56,42,0.0018784663836347688
0.56,43,-0.000676199309701522
0.56,44,-0.0010792977001297822
0.56,45,0.0004712547420035763
0.56,46,1.7824502903986264e-5
0.56,47,0.00042750141453531373
0.56,48,-0.0025230057874502036
0.56,49,0.0006836125784288515
0.56,50,-0.0023657181023365044
0.56,51,0.0003992719259649311
0.56,52,-0.0021296884266133686
0.56,53,-0.0011335010750943616
0.56,54,0.0021726996959482055
0.56,55,0.0007072116155668817
0.56,56,0.0011569636624949697
0.56,57,-0.0002649540369032725
0.56,58,0.0013826478041362457
0.56,59,-0.002168139868509747
0.56,60,0.0031650019671188444
0.56,61,-0.0022573328262943493
0.56,62,-0.00011259592694474312
0.56,63,0.0017843886225847514
0.56,64,-0.00023211992159993453
0.56,65,-0.0001962365437377942
0.56,66,0.0009013435220499542
0.56,67,0.002814332056439279
0.56,68,-0.002917514072265059
0.56,69,0.0011124392868031732
0.56,70,0.0018489314279599765
0.56,71,0.001362533499452173
0.56,72,-0.001563737142913568
0.56,73,-0.0006060779371868268
0.56,74,-0.001867165507855661
0.56,75,-0.0005137677664638075
0.56,76,0.0012027915973823627
0.56,77,-0.0026708209831869936
0.56,78,0.0004979710068303061
0.56,79,-0.0009483689898623417
0.56,80,7.125633993397707e-5
0.56,81,-0.0017443686728042082
0.56,82,-0.0008318454319186631
0.56,83,0.0003379339623465395
0.56,84,-0.002259273375855822
0.56,85,0.004145475040825059
0.56,86,-6.244582215116856e-5
0.56,87,-0.002383139373491044
0.56,88,-0.0005761214493447446
0.56,89,2.1147703779744815e-5
0.56,90,0.001210408188511144
0.56,91,-0.0011170282483430121
0.56,92,0.00012961990222197373
0.56,93,-0.0008322867375702234
0.56,94,0.0011342290964212129
0.56,95,-0.0021907536620930407
0.56,96,0.005636506340575805
0.56,97,0.0033641129821880456
0.56,98,0.006765150369630774
0.56,99,0.008126590039836927
0.56,100,0.005691555270359172
0.56,101,0.0005034210649354229
0.56,102,0.0009025099339012882
0.56,103,0.0056462541689983195
0.56,104,-0.00024882669180148085
0.56,105,0.004744245982689181
0.56,106,0.0017871706147249836
0.56,107,-0.00031721136119895646
0.56,108,0.0023980802737672163
0.56,109,0.00017995910258019346
0.56,110,0.0005263169848214406
0.56,111,0.0012925558276924115
0.56,112,0.0019978907552014955
0.56,113,-0.0009751809286972702
0.56,114,-0.0015093630727977126
0.56,115,0.0007390510752630543
0.56,116,0.0012336038209475751
0.56,117,-0.003541805439267777
0.56,118,0.0010546830493822804
0.56,119,-0.000584321711680064
0.56,120,6.146188731267285e-6
0.56,121,-0.0014867266822895322
0.56,122,-0.00020682732469335353
0.56,123,-0.0001636744770005566
0.56,124,-0.0005158131270948968
0.56,125,0.00039105430822966933
0.56,126,-0.0005642209043547053
0.56,127,0.0009284926699503399
0.56,128,-0.0016346829455693816
0.56,129,-0.0012036950800432885
0.56,130,0.0003977346411108627
0.56,131,-0.0017102103669308325
0.56,132,-0.003226822678305108
0.56,133,0.001990995274502863
0.56,134,0.0006192741097563281
0.56,135,0.0008178388941460083
0.56,136,0.0012361614326071141
0.56,137,-0.0020269775998324703
0.56,138,0.003237430824945305
0.56,139,-0.004334854830417884
0.56,140,0.002529921724006663
0.56,141,0.0027092406087437628
0.56,142,0.0006384144385005397
0.56,143,0.0003374082525359201
0.56,144,0.0001783775461361686
0.56,145,-0.001187865895133629
0.56,146,-0.0005368940810034174
0.56,147,-0.0005414571649880596
0.56,148,-0.0011522169357931372
0.56,149,0.0015212703889393284
0.56,150,-0.0028275640883953387
0.56,151,0.0014270834858364178
0.56,152,-0.0019889782055822107
0.56,153,0.0022570004646395303
0.56,154,0.0011214252371090957
0.56,155,0.001816593479847968
0.56,156,-0.001788966732358611
0.56,157,0.0016171354017636636
0.56,158,0.00010627595028708013
0.56,159,0.0030618949093055114
0.56,160,-0.0004175620500364839
0.56,161,-0.0013387256854629484
0.56,162,0.002662571304820524
0.56,163,0.0009876675274015805
0.56,164,0.00316630833233933
0.56,165,3.2738599340983456e-5
0.56,166,0.0031026131937678617
0.56,167,0.000152205489288585
0.56,168,0.0008598917271642654
0.56,169,0.004006148833743761
0.56,170,-0.0024324516197299162
0.56,171,-0.002664769081190701
0.56,172,0.0026278262826052714
0.56,173,-0.0015885196342439293
0.56,174,0.0007484020368454022
0.56,175,-0.002680739799610259
0.56,176,0.0047898011787230995
0.56,177,-0.0011876324647686432
0.56,178,-0.0016513299800245316
0.56,179,0.003631973388261939
0.56,180,-0.0016526883003358168
0.56,181,0.0034200537571043997
0.56,182,-0.002722631582373536
0.56,183,0.007292196545589012
0.56,184,0.002618672449875753
0.56,185,-0.012402747361517011
0.56,186,0.014391650273591839
0.56,187,0.013805208244194126
0.56,188,-0.004077638199178439
0.56,189,0.012486883549863518
0.56,190,0.12333771960679814
0.56,191,-0.024610564645420024
0.56,192,0.7688726848975006
0.56,193,0.006558438420425254
0.56,194,0.005513163294562811
0.56,195,-0.0006460898969809723
0.56,196,0.00034070773363561503
0.56,197,-8.525151211873181e-5
0.56,198,8.109312413090188e-5
0.57,intercept,1.557466296733602e-5
0.57,1,0.004931770143349937
0.57,2,0.005206619886183353
0.57,3,0.002431509884568679
0.57,4,0.0007867159302909187
0.57,5,0.001791270435347111
0.57,6,0.0036456469265031075
0.57,7,0.001972717523419543
0.57,8,0.0022411016478565545
0.57,9,-0.0005772685543722063
0.57,10,0.0006585450660954313
0.57,11,0.0015603183609966813
0.57,12,0.0005699490088606233
0.57,13,0.0009454584418232125
0.57,14,0.001827410770531566
0.57,15,-0.001992460408301188
0.57,16,0.0003531069785042953
0.57,17,0.0010360611866167646
0.57,18,-0.0008706735210042844
0.57,19,-0.00022147045382686127
0.57,20,-0.0002094160001246382
0.57,21,0.0019496179290559386
0.57,22,0.0007327920268566302
0.57,23,-0.00020676184850442592
0.57,24,-0.0023535143233740273
0.57,25,0.0009334401671224469
0.57,26,0.0002332493925312074
0.57,27,-0.0016274467073779072
0.57,28,0.0022428508759721154
0.57,29,-0.00093556240405658
0.57,30,-0.001903737439541333
0.57,31,-0.0011138969062317668
0.57,32,0.0015988865009550122
0.57,33,-0.0015794349086564166
0.57,34,-0.001746114931391713
0.57,35,0.00034664784201476954
0.57,36,0.0002478071992806333
0.57,37,-0.0010035695724788982
0.57,38,-0.0018594548023593835
0.57,39,0.0008695132424853376
0.57,40,0.0031300556695798907
0.57,41,-0.003702836350346457
0.57,42,0.0020183913082246637
0.57,43,-0.0009865470328654744
0.57,44,0.00034602729862429017
0.57,45,-0.00023331812657208652
0.57,46,0.0006828677771792634
0.57,47,1.8125963725902128e-5
0.57,48,-0.002412070726905006
0.57,49,0.0008928903597227271
0.57,50,-0.0021746592048856143
0.57,51,-0.00019325510064516476
0.57,52,-0.0019314185989641667
0.57,53,-0.0012647637278994988
0.57,54,0.0020163509858285053
0.57,55,0.0008710233569718022
0.57,56,0.0006852169389945287
0.57,57,-0.00010753064218550797
0.57,58,0.0016304079913895023
0.57,59,-0.002373468884953488
0.57,60,0.003527074900946455
0.57,61,-0.0028213018790995323
0.57,62,0.0002569983583330973
0.57,63,0.0012394265657136028
0.57,64,-0.00037143024297122215
0.57,65,0.0004389185257888828
0.57,66,0.00038713915455801054
0.57,67,0.0036537303762391796
0.57,68,-0.0031779822077041163
0.57,69,8.647508894331306e-5
0.57,70,0.002268730333711328
0.57,71,0.0011205013420802195
0.57,72,-0.001582129402376306
0.57,73,-5.308161149594055e-5
0.57,74,-0.002397199672259673
0.57,75,-0.0004997140274002212
0.57,76,0.0013017284983282077
0.57,77,-0.0022057453822458316
0.57,78,0.00032864073133929777
0.57,79,-0.0007779926240440507
0.57,80,-0.00032472727490007994
0.57,81,-0.0013677126076891374
0.57,82,-0.0009596381635096279
0.57,83,0.00043584345761604884
0.57,84,-0.00217811323591934
0.57,85,0.003738016159277349
0.57,86,0.0004937926965378241
0.57,87,-0.0023466754877904876
0.57,88,-0.0002971007357745736
0.57,89,-0.00012426155248427097
0.57,90,0.0016996607728023629
0.57,91,-0.002318293000560531
0.57,92,0.0005560018869642515
0.57,93,-0.001738793119591238
0.57,94,0.0016533489497967675
0.57,95,-0.0018003022412330448
0.57,96,0.005582901851077298
0.57,97,0.0030787683206598424
0.57,98,0.006818184196853781
0.57,99,0.00792647213264282
0.57,100,0.0054562498184489204
0.57,101,0.0003194085830500707
0.57,102,0.0010634974425704448
0.57,103,0.006301990979340516
0.57,104,-0.0008042726570952989
0.57,105,0.004796739229844761
0.57,106,0.0017675431329180636
0.57,107,-0.0005002643496813575
0.57,108,0.0029917568265990036
0.57,109,-0.0007887498365690237
0.57,110,0.0011515262760923156
0.57,111,0.0014218087878843488
0.57,112,0.0018383954464740108
0.57,113,-0.0010251475574963663
0.57,114,-0.001523792778755312
0.57,115,0.0008493603273619202
0.57,116,0.0012739962276198385
0.57,117,-0.0032712909830023133
0.57,118,0.001149303396660735
0.57,119,-0.0004711158875458345
0.57,120,-0.0001351087346374727
0.57,121,-0.0012537125527693688
0.57,122,-0.0006772140914514537
0.57,123,0.0002138713582941025
0.57,124,-0.0010854118469329787
0.57,125,0.0009672263100512317
0.57,126,-0.0009195788974039706
0.57,127,0.0009352205941305933
0.57,128,-0.0014790342860871366
0.57,129,-0.0013382833187507216
0.57,130,0.0008875055807318188
0.57,131,-0.0019131481216860195
0.57,132,-0.003136781645887047
0.57,133,0.001428428527196097
0.57,134,0.0004921734456373207
0.57,135,0.0013013805917197402
0.57,136,0.0013665397556746918
0.57,137,-0.0019188774123753414
0.57,138,0.00291293271321728
0.57,139,-0.004061152309574452
0.57,140,0.0024317823080297414
0.57,141,0.0027441974945777116
0.57,142,0.0005416469960290272
0.57,143,2.1379546825504538e-5
0.57,144,0.000788863959272132
0.57,145,-0.001614240028941733
0.57,146,0.00010001263154411096
0.57,147,-0.0009481309692791744
0.57,148,-0.0011052613594996034
0.57,149,0.0010582490991315843
0.57,150,-0.0026406260839271735
0.57,151,0.0013665633844974425
0.57,152,-0.0017061000514781797
0.57,153,0.001844106722190748
0.57,154,0.0016808017331625907
0.57,155,0.0019391173348620868
0.57,156,-0.0014270978982105099
0.57,157,0.0021212291765600045
0.57,158,-0.0007098914382430409
0.57,159,0.0029823700445134717
0.57,160,-0.0014704983011934872
0.57,161,-0.0007376580238199746
0.57,162,0.0022541312067709406
0.57,163,0.0011043527542303941
0.57,164,0.003660242109879682
0.57,165,0.0001643547210478341
0.57,166,0.003312269975000927
0.57,167,-0.00019327748326135866
0.57,168,0.0008548694686899593
0.57,169,0.003950749596524122
0.57,170,-0.002860320863409403
0.57,171,-0.002932049837809048
0.57,172,0.0031187392769286525
0.57,173,-0.0017547820843295506
0.57,174,0.0007057595358984634
0.57,175,-0.002387158542593365
0.57,176,0.004047229772959513
0.57,177,-0.0009847316659251056
0.57,178,-0.002162883708102264
0.57,179,0.003941840395440713
0.57,180,-0.0026073526099331945
0.57,181,0.0030734318789612173
0.57,182,-0.0025680788145937146
0.57,183,0.007194390518012209
0.57,184,0.002410064264319146
0.57,185,-0.012237590535269151
0.57,186,0.015008306680934199
0.57,187,0.012724965740399729
0.57,188,-0.004073232227635057
0.57,189,0.011948479016693398
0.57,190,0.12657001803620654
0.57,191,-0.02718920159075367
0.57,192,0.7746146724611672
0.57,193,0.006701373396919864
0.57,194,0.005917052226805916
0.57,195,-0.0006576296003096222
0.57,196,0.0003804891387483631
0.57,197,-0.00012351633504312814
0.57,198,3.430412266587308e-5
0.58,intercept,0.0002116849718623855
0.58,1,0.005293183681769981
0.58,2,0.004827423173167715
0.58,3,0.002940040897387306
0.58,4,0.00026221235095027747
0.58,5,0.0016851243178724312
0.58,6,0.0031596080321876887
0.58,7,0.002455810568759673
0.58,8,0.002118628249249776
0.58,9,-0.0007295496736030129
0.58,10,0.0005468895153275591
0.58,11,0.002180458572469415
0.58,12,0.00038608595423279184
0.58,13,0.0010981404490290711
0.58,14,0.00226781724041352
0.58,15,-0.0023823636716513354
0.58,16,0.0007217203204799936
0.58,17,0.0008328074903949022
0.58,18,-0.001046764943376517
0.58,19,0.0001583455147815149
0.58,20,-0.0005718661992938739
0.58,21,0.0013462717313737955
0.58,22,0.0015039766951789359
0.58,23,-0.0005546967074853801
0.58,24,-0.002079914459429847
0.58,25,0.0009092712364301959
0.58,26,0.0005165191931212468
0.58,27,-0.002036180536595719
0.58,28,0.0024169869844783993
0.58,29,-0.0008505058409686927
0.58,30,-0.0019718910670710427
0.58,31,-0.0010542050270845272
0.58,32,0.0011773918108746728
0.58,33,-0.0018631579167871343
0.58,34,-0.0014090367018349738
0.58,35,0.00045019554535490714
0.58,36,5.5876807846738735e-5
0.58,37,-0.0007318801503614573
0.58,38,-0.0025041566763444943
0.58,39,0.001448031990065095
0.58,40,0.0030678684198061244
0.58,41,-0.0033249900397824606
0.58,42,0.0015279627970847982
0.58,43,-0.0007459179940675093
0.58,44,6.046611638923353e-5
0.58,45,2.837646278048318e-5
0.58,46,0.000621491459423938
0.58,47,-0.00016320898306152194
0.58,48,-0.002468433508134131
0.58,49,0.0010209830829444964
0.58,50,-0.0021768511270568772
0.58,51,-0.00016042641069583872
0.58,52,-0.00219635896372577
0.58,53,-0.0016493218819161294
0.58,54,0.0019221259438898148
0.58,55,0.0007013570539128593
0.58,56,0.0017495922112627487
0.58,57,-0.00018887202584425152
0.58,58,0.0018120878678721303
0.58,59,-0.0026789175887640113
0.58,60,0.0032964553231173317
0.58,61,-0.0022666368227754956
0.58,62,-0.000232363368797563
0.58,63,0.00110814873644865
0.58,64,-0.00039776794214342777
0.58,65,0.0002995493505833565
0.58,66,0.0006815455566909525
0.58,67,0.0032410289651614043
0.58,68,-0.003205298717039309
0.58,69,8.854272578851965e-5
0.58,70,0.0024707371280962525
0.58,71,0.0005831881137029089
0.58,72,-0.001475078719057626
0.58,73,-7.962892754942174e-5
0.58,74,-0.0026377703754018197
0.58,75,-0.00038068266982925865
0.58,76,0.0005042645608683966
0.58,77,-0.002022908345182853
0.58,78,0.0006561723824635912
0.58,79,8.463988829084564e-5
0.58,80,-0.0005366463429747222
0.58,81,-0.0018591494812008318
0.58,82,-0.0009044551186810222
0.58,83,0.00026447431630923445
0.58,84,-0.0022768724542778654
0.58,85,0.00416952237721269
0.58,86,0.00023720348164835947
0.58,87,-0.002134506683593634
0.58,88,-9.443904480976797e-5
0.58,89,-0.0003356575939939699
0.58,90,0.0028317279148296673
0.58,91,-0.00315976334233544
0.58,92,0.0007242894354175822
0.58,93,-0.002128684056108065
0.58,94,0.0013477932131068762
0.58,95,-0.0016338509186676505
0.58,96,0.006263868544665004
0.58,97,0.0020794076934727104
0.58,98,0.006734684770916915
0.58,99,0.007610391297589208
0.58,100,0.005370720045500421
0.58,101,4.644126793863686e-5
0.58,102,0.0014598149930995306
0.58,103,0.006586970436104699
0.58,104,-0.0010938047810832069
0.58,105,0.005423246714985945
0.58,106,0.0016584882813015615
0.58,107,-0.00048578506135572776
0.58,108,0.002863781312091235
0.58,109,-0.000758549603424005
0.58,110,0.0014851828487979243
0.58,111,0.0012408679810600913
0.58,112,0.0021380234616435916
0.58,113,-0.0017420421868325966
0.58,114,-0.0007372611992737282
0.58,115,0.000804554629251062
0.58,116,0.0007826502148479027
0.58,117,-0.003259082829962799
0.58,118,0.0009035256788500856
0.58,119,-0.00013434942285975226
0.58,120,-0.0002508199270366744
0.58,121,-0.0013197429642230456
0.58,122,-0.0008908491520508366
0.58,123,0.00036792763840593997
0.58,124,-0.0010681745219286107
0.58,125,0.0011546486119510318
0.58,126,-0.000691554944781434
0.58,127,0.0004386242151828379
0.58,128,-0.0012669463576032245
0.58,129,-0.0010071421185887898
0.58,130,0.0005553896264547528
0.58,131,-0.0018414908595063458
0.58,132,-0.003037949264328774
0.58,133,0.0019230559288904423
0.58,134,0.0003519619030519754
0.58,135,0.0009261365326070506
0.58,136,0.001777219128145433
0.58,137,-0.0017539569720271487
0.58,138,0.0030323201351868693
0.58,139,-0.004232043976779398
0.58,140,0.002161732971485218
0.58,141,0.002990131844140295
0.58,142,0.0007061512381818886
0.58,143,0.00010900238244502165
0.58,144,0.00023903929543972683
0.58,145,-0.0010100603364070243
0.58,146,-0.0005594992091484385
0.58,147,-0.00043227230746674107
0.58,148,-0.0011708611940284925
0.58,149,0.0012073772613282149
0.58,150,-0.0026340304430746203
0.58,151,0.0016071985127004064
0.58,152,-0.0016588158591363852
0.58,153,0.0017945135675103163
0.58,154,0.0013466562406417527
0.58,155,0.0016475366218963706
0.58,156,-0.0011338594444617218
0.58,157,0.002319541530380588
0.58,158,-0.0004934018380503164
0.58,159,0.0026636402435101926
0.58,160,-0.001961269576999597
0.58,161,-0.00023701161442096677
0.58,162,0.0025168751943390006
0.58,163,0.001223276185646786
0.58,164,0.0034586407361469535
0.58,165,-0.0005102849854040906
0.58,166,0.004026168536066276
0.58,167,-0.000895010348543398
0.58,168,0.001439874798205748
0.58,169,0.003196708154199675
0.58,170,-0.002435461533633268
0.58,171,-0.002187950029003889
0.58,172,0.002311059594708401
0.58,173,-0.001776260301049303
0.58,174,0.0009135877566865182
0.58,175,-0.003019265637564773
0.58,176,0.005257342828199875
0.58,177,-0.0019290681397181734
0.58,178,-0.002105815403477925
0.58,179,0.0037009087133671307
0.58,180,-0.0018590632014854425
0.58,181,0.0016682173865110168
0.58,182,-0.0014361342752905251
0.58,183,0.006773852278661887
0.58,184,0.0019249261677372394
0.58,185,-0.012480127626465751
0.58,186,0.016024156738429742
0.58,187,0.012125824304539397
0.58,188,-0.004685185354065097
0.58,189,0.012098320353709353
0.58,190,0.12879062338442804
0.58,191,-0.028338639404245355
0.58,192,0.777142243279427
0.58,193,0.0069647182316163155
0.58,194,0.005806689941538613
0.58,195,-0.0006711110697178288
0.58,196,0.0003958132323557284
0.58,197,-0.00011834212603729395
0.58,198,6.818987588783495e-5
0.59,intercept,0.00030852921586497367
0.59,1,0.004806571602151852
0.59,2,0.00565686813519106
0.59,3,0.002932912711259594
0.59,4,-0.0005102575686109498
0.59,5,0.0022685519754868278
0.59,6,0.003078629102725811
0.59,7,0.00218479277317577
0.59,8,0.003180962906361419
0.59,9,-0.0014860921642525736
0.59,10,0.0005075257713890825
0.59,11,0.0022067933362454324
0.59,12,0.00047405391512286
0.59,13,0.0010821570294230307
0.59,14,0.0030571812302013775
0.59,15,-0.002443278399004298
0.59,16,0.00030759289623993316
0.59,17,0.0012776809941000215
0.59,18,-0.0013892346257758474
0.59,19,-6.484106820311874e-5
0.59,20,-0.0006897713453276284
0.59,21,0.0012141229883174084
0.59,22,0.0019106897206778585
0.59,23,-0.000674772576115064
0.59,24,-0.0019763544834766537
0.59,25,0.0014451438480272071
0.59,26,0.00017081242583374243
0.59,27,-0.0014736881763257892
0.59,28,0.0019901217832378653
0.59,29,-0.0009138262502799986
0.59,30,-0.0020594230794283297
0.59,31,-0.0013300847703860482
0.59,32,0.0018078770465988422
0.59,33,-0.002129665589521991
0.59,34,-0.0018086662590568188
0.59,35,0.0007052268796621326
0.59,36,-0.00023412360217150245
0.59,37,-0.0005068129583903024
0.59,38,-0.0024117036929628757
0.59,39,0.0012689528034274357
0.59,40,0.003368254668166422
0.59,41,-0.00342401348651685
0.59,42,0.0016202932476826765
0.59,43,-0.0006016815508113898
0.59,44,-0.00011565616811353388
0.59,45,0.0003508525595180663
0.59,46,0.0006343162440030659
0.59,47,-0.00021528426673400426
0.59,48,-0.0024665452032022832
0.59,49,0.0012099872801520249
0.59,50,-0.0022150618552798183
0.59,51,-9.925642297150507e-5
0.59,52,-0.0019937726561475477
0.59,53,-0.0017107257777784707
0.59,54,0.0016031640145468126
0.59,55,0.0005518424259540344
0.59,56,0.002110966422678768
0.59,57,0.00014758317722197496
0.59,58,0.0009743047549652541
0.59,59,-0.002095700581778399
0.59,60,0.003431260228655322
0.59,61,-0.0025659220517651902
0.59,62,-0.00033974623951843366
0.59,63,0.0012309358181939844
0.59,64,-0.0005530595580348626
0.59,65,0.00031649320172769466
0.59,66,0.0008087774025543102
0.59,67,0.003660960593714346
0.59,68,-0.003717168129892187
0.59,69,2.3513682442702833e-5
0.59,70,0.0019402895952995171
0.59,71,0.0006832715032037952
0.59,72,-0.0010835719246741482
0.59,73,-0.00032491603826996697
0.59,74,-0.0022455381492510196
0.59,75,-0.00024205875192014645
0.59,76,0.0006325799192049878
0.59,77,-0.002282654704786671
0.59,78,0.00040413011208081245
0.59,79,-0.0008552104289750286
0.59,80,0.00011980437256370788
0.59,81,-0.002150774315173943
0.59,82,-0.0006517828956460225
0.59,83,0.00019291391443097453
0.59,84,-0.0022207272556810003
0.59,85,0.0039734474988311575
0.59,86,0.0004043939568938422
0.59,87,-0.002074017477479988
0.59,88,-0.0005012938194810133
0.59,89,0.0005255361462984887
0.59,90,0.0028760194922835365
0.59,91,-0.0032677919612889364
0.59,92,0.00021028150064948705
0.59,93,-0.002428497254836502
0.59,94,0.001365612604281267
0.59,95,-0.0017347016344175896
0.59,96,0.006007242288031414
0.59,97,0.0027423114006752515
0.59,98,0.005894350555818728
0.59,99,0.008007648577328724
0.59,100,0.0045519182893196675
0.59,101,-0.0006554563685835969
0.59,102,0.001366006215650016
0.59,103,0.006989077037559504
0.59,104,-0.0009505639152114522
0.59,105,0.0054318134402507965
0.59,106,0.0019026444997187772
0.59,107,-0.0006823713574425273
0.59,108,0.0029041162186750668
0.59,109,-0.0014332521515461134
0.59,110,0.0018183584051615763
0.59,111,0.0025255429389598174
0.59,112,0.0017699187706696976
0.59,113,-0.001751293972899523
0.59,114,-0.0009740836785554945
0.59,115,0.001069034535687504
0.59,116,0.0008985020474995848
0.59,117,-0.003547387136626886
0.59,118,0.0013219990351349279
0.59,119,-0.00031217551733418047
0.59,120,-0.0003662758089130052
0.59,121,-0.0010753014927751261
0.59,122,-0.0007997415830815409
0.59,123,0.0005921196595384633
0.59,124,-0.0013773602150385078
0.59,125,0.0012629559694256522
0.59,126,-0.000508532960905916
0.59,127,0.0002548012678973885
0.59,128,-0.0012475752226353957
0.59,129,-0.0007501258298229996
0.59,130,0.0011346884274168328
0.59,131,-0.0022252876615491963
0.59,132,-0.0025404858097513297
0.59,133,0.0016738626003461035
0.59,134,1.6088549109162826e-5
0.59,135,0.0013579387442412387
0.59,136,0.0018113601751752642
0.59,137,-0.0023893323720940783
0.59,138,0.0037978843209095026
0.59,139,-0.004716651239615961
0.59,140,0.0021591405994119328
0.59,141,0.0030589602151872186
0.59,142,0.0008862856475965049
0.59,143,-0.0003355403464049076
0.59,144,0.0008195303343050455
0.59,145,-0.0010545585091340942
0.59,146,-0.000744896539661275
0.59,147,-0.0002326032309864553
0.59,148,-0.0015412767105846086
0.59,149,0.0014148782059976506
0.59,150,-0.0023569987890131616
0.59,151,0.0013325053694910407
0.59,152,-0.0014778668081867755
0.59,153,0.0011087099263659172
0.59,154,0.0015469295977286175
0.59,155,0.0019010298464401392
0.59,156,-0.0006867852394829442
0.59,157,0.002080441562206776
0.59,158,-0.0005858962566002584
0.59,159,0.0027448967388703375
0.59,160,-0.0026081898330875186
0.59,161,7.338509139878967e-7
0.59,162,0.002263638049155751
0.59,163,0.0014198302950786646
0.59,164,0.0032729652626074393
0.59,165,-0.0002175246714205479
0.59,166,0.003900968755716985
0.59,167,-0.000542242296595923
0.59,168,0.0011781831721787022
0.59,169,0.00286310627818175
0.59,170,-0.002405443809680947
0.59,171,-0.0028068112345385416
0.59,172,0.0026052613558767627
0.59,173,-0.0014116612650740359
0.59,174,0.0009617749941066043
0.59,175,-0.0032749037702937767
0.59,176,0.005660601127857643
0.59,177,-0.002339632036987866
0.59,178,-0.0013559533184120728
0.59,179,0.0036380962199417115
0.59,180,-0.0023781409591369295
0.59,181,0.0012929474104864515
0.59,182,-0.0013838852012251822
0.59,183,0.0061875704958610995
0.59,184,0.0013972703401809268
0.59,185,-0.012409267212835836
0.59,186,0.01564608188901996
0.59,187,0.011753892744871266
0.59,188,-0.004821232240829004
0.59,189,0.010972124489184895
0.59,190,0.13253134870580768
0.59,191,-0.03211490237118691
0.59,192,0.7840489985000685
0.59,193,0.007121295192939379
0.59,194,0.005882816228715478
0.59,195,-0.0006914490999532266
0.59,196,0.00043730533310955104
0.59,197,-0.0001339040281805747
0.59,198,6.517523313657645e-6
0.6,intercept,0.0005112140308079868
0.6,1,0.005200276903745483
0.6,2,0.005124512071432263
0.6,3,0.0027944231374823886
0.6,4,-0.0004190623749490223
0.6,5,0.0024694426826634085
0.6,6,0.002723104004946347
0.6,7,0.0023680084724002673
0.6,8,0.0032115443504284464
0.6,9,-0.0020784802757437613
0.6,10,0.0008341900848586511
0.6,11,0.002541084615396922
0.6,12,0.0005713321499180797
0.6,13,0.0013385196867734394
0.6,14,0.0028072721716476427
0.6,15,-0.0023372173850859258
0.6,16,0.0007998391647039365
0.6,17,0.001079745207221677
0.6,18,-0.0016249568458783841
0.6,19,-0.0002932851337543607
0.6,20,-6.052885859037556e-5
0.6,21,0.0011508684431551029
0.6,22,0.0014805909959049591
0.6,23,0.0003368932271087084
0.6,24,-0.0019761075280176565
0.6,25,0.001317519048534129
0.6,26,7.456623450093891e-5
0.6,27,-0.0017948394757478822
0.6,28,0.001960737647253243
0.6,29,-0.0012100701213035088
0.6,30,-0.0022940574577406227
0.6,31,-0.0016252800638757406
0.6,32,0.002931844717416359
0.6,33,-0.0021056466241858125
0.6,34,-0.0019944834984350094
0.6,35,0.0012866931173804877
0.6,36,-0.0005570262309083016
0.6,37,-0.0006702722296182149
0.6,38,-0.0024705602771624502
0.6,39,0.0014475014509305476
0.6,40,0.0031851638824336344
0.6,41,-0.003436404155539135
0.6,42,0.0016532600030722897
0.6,43,-0.0008712901365289041
0.6,44,-0.00011894736123551649
0.6,45,0.0003180573168212951
0.6,46,0.0003908587635030272
0.6,47,0.00012103476553670844
0.6,48,-0.0026689281895102587
0.6,49,0.001777739062016303
0.6,50,-0.002486471958314345
0.6,51,-0.00024207398711148002
0.6,52,-0.0020162063620800634
0.6,53,-0.0015890341173791513
0.6,54,0.0012948092497276993
0.6,55,0.0010550700848964575
0.6,56,0.0021470347988294565
0.6,57,0.00046907883181134306
0.6,58,0.00012914704743449346
0.6,59,-0.0021348228377998414
0.6,60,0.002995362219291213
0.6,61,-0.0018106825251244507
0.6,62,-0.0011129686862161087
0.6,63,0.002270239689705531
0.6,64,-0.0009748471766692137
0.6,65,1.521728619318907e-5
0.6,66,0.001064002598576465
0.6,67,0.0034211348401766485
0.6,68,-0.0035617944477074194
0.6,69,0.0003051445166100952
0.6,70,0.0013409209409437762
0.6,71,0.0013923570435727696
0.6,72,-0.0014220345020377727
0.6,73,-0.00018116343207893573
0.6,74,-0.0022812248148290537
0.6,75,-0.0003011392806491167
0.6,76,0.00039780165100649983
0.6,77,-0.0024544221022815126
0.6,78,0.0008285443197446692
0.6,79,-0.0011368928468114877
0.6,80,-7.993587609408091e-5
0.6,81,-0.001965988366264214
0.6,82,-0.0012293715166192193
0.6,83,0.0009057237338755149
0.6,84,-0.002448210783761904
0.6,85,0.0034845694774750116
0.6,86,0.0011851130817873317
0.6,87,-0.0023958391059174813
0.6,88,-0.0004739151195982362
0.6,89,0.00045286988393221627
0.6,90,0.0022969121721359395
0.6,91,-0.003553092675869648
0.6,92,0.0009672473217538217
0.6,93,-0.0029417368795909738
0.6,94,0.0016651297949227834
0.6,95,-0.001367282944930291
0.6,96,0.005526306638442009
0.6,97,0.0029109158620364904
0.6,98,0.0059248130112877955
0.6,99,0.008418610434696381
0.6,100,0.003794665509971245
0.6,101,-0.0009066480435430878
0.6,102,0.0009192461467953827
0.6,103,0.007057495648490689
0.6,104,-0.0006231231715950952
0.6,105,0.005266988870751552
0.6,106,0.002346582062769379
0.6,107,-0.0007581568050852119
0.6,108,0.00260293285660758
0.6,109,-0.0003580178781448293
0.6,110,0.0011284295114512635
0.6,111,0.003043398832693949
0.6,112,0.0014996274239794777
0.6,113,-0.0017376531420030897
0.6,114,-0.0012382192144923421
0.6,115,0.001337945232485508
0.6,116,0.0009303460300855044
0.6,117,-0.0035695659696958703
0.6,118,0.0014909336767267817
0.6,119,-3.5994181158262085e-5
0.6,120,-0.0007210705009543977
0.6,121,-0.0013496914099094168
0.6,122,-0.0007574513080674356
0.6,123,0.0006010582665184434
0.6,124,-0.00132023868458792
0.6,125,0.00106049538812664
0.6,126,-3.7708738004986365e-5
0.6,127,0.00011405764210655385
0.6,128,-0.001587139904770833
0.6,129,-0.00047668051288886647
0.6,130,0.0007689257214917208
0.6,131,-0.0023308921027308596
0.6,132,-0.0022263325971290386
0.6,133,0.0019609240034002616
0.6,134,-0.00016824068865268376
0.6,135,0.0014740892803753983
0.6,136,0.002299782389926803
0.6,137,-0.002394875235672126
0.6,138,0.0036485206234023785
0.6,139,-0.004486355720450794
0.6,140,0.0023607956846662206
0.6,141,0.002904346666674185
0.6,142,0.00023541064447819276
0.6,143,-0.00012599192173453166
0.6,144,0.0007177057989045929
0.6,145,-0.0010253247690783507
0.6,146,-0.0009191482159041868
0.6,147,-0.0005696921144660558
0.6,148,-0.000850401713805792
0.6,149,0.0013079416092896888
0.6,150,-0.0024422400548992245
0.6,151,0.0018672091575860788
0.6,152,-0.0018195259367417074
0.6,153,0.0012781544390630052
0.6,154,0.001996723273310448
0.6,155,0.001006234064568754
0.6,156,-0.0004701504793148609
0.6,157,0.0018852368518114246
0.6,158,-0.0001216097519370241
0.6,159,0.002613397214593181
0.6,160,-0.0025665149908654355
0.6,161,-0.0001582166371619289
0.6,162,0.002174973592433114
0.6,163,0.0017939683400173712
0.6,164,0.0030182885890059777
0.6,165,-0.0001434731591451243
0.6,166,0.0028757186819993994
0.6,167,1.7765989076154197e-5
0.6,168,0.0010825453143077173
0.6,169,0.002597773413452963
0.6,170,-0.0024162495455673843
0.6,171,-0.00299370170407245
0.6,172,0.00293561438706389
0.6,173,-0.0014827400995239721
0.6,174,0.0008636057657973048
0.6,175,-0.0034159954456004517
0.6,176,0.00567324290816089
0.6,177,-0.002031137948100273
0.6,178,-0.0010791065612453712
0.6,179,0.003553704768055979
0.6,180,-0.002067759800466625
0.6,181,-2.3464034319583133e-5
0.6,182,-0.0007716149085451682
0.6,183,0.005934047780566144
0.6,184,0.001811455021903602
0.6,185,-0.01256344867937759
0.6,186,0.01563324665203264
0.6,187,0.011590473255573608
0.6,188,-0.005171848113432805
0.6,189,0.011092827643039918
0.6,190,0.1336030685609705
0.6,191,-0.03518593031157161
0.6,192,0.7892565998084611
0.6,193,0.006956479415973198
0.6,194,0.006058584937028725
0.6,195,-0.0007178807181766326
0.6,196,0.00045366962536093515
0.6,197,-0.000140603454112253
0.6,198,1.0925779330679588e-5
0.61,intercept,0.0007394659831091767
0.61,1,0.005627758865787301
0.61,2,0.005294542691950101
0.61,3,0.002390687652271746
0.61,4,-0.000793096237482873
0.61,5,0.0024589311057111587
0.61,6,0.0023460471751087166
0.61,7,0.0024278949135007207
0.61,8,0.0028440651360897005
0.61,9,-0.001629376384157458
0.61,10,0.001174213730021956
0.61,11,0.002450124278924421
0.61,12,0.00043285274711749684
0.61,13,0.001654257653770703
0.61,14,0.0022177423482448518
0.61,15,-0.0013830974692157535
0.61,16,0.0004850828132781001
0.61,17,0.0012936551100038815
0.61,18,-0.0016538222030424347
0.61,19,-0.0001254044715212862
0.61,20,-7.812926829791043e-5
0.61,21,0.0010766983033001526
0.61,22,0.002198560230240576
0.61,23,-0.00032811960740808686
0.61,24,-0.0016951048473115439
0.61,25,0.001342221214948144
0.61,26,0.0001265303729036788
0.61,27,-0.0018433737951613495
0.61,28,0.002217977768913394
0.61,29,-0.0014948796184772876
0.61,30,-0.0021747686734730565
0.61,31,-0.0014028541989957123
0.61,32,0.0025969355929479233
0.61,33,-0.002145291718806438
0.61,34,-0.002206359646842653
0.61,35,0.0013504966381773136
0.61,36,-0.00026866228056409645
0.61,37,-0.0009926462841718699
0.61,38,-0.0021253571475713675
0.61,39,0.0011528412334930987
0.61,40,0.0034305491931971104
0.61,41,-0.004052958882558515
0.61,42,0.0022158311428738804
0.61,43,-0.0007437812335719378
0.61,44,0.0003578003924107799
0.61,45,-6.542733305157122e-5
0.61,46,0.0005432463303371271
0.61,47,-5.7866924144624234e-5
0.61,48,-0.003006494648439907
0.61,49,0.0023152827831251738
0.61,50,-0.0026539574040128065
0.61,51,-0.0003920427086285513
0.61,52,-0.002124025211699874
0.61,53,-0.0016993984302375407
0.61,54,0.0009477200946117254
0.61,55,0.0014816281245325525
0.61,56,0.0012601453746482144
0.61,57,0.0017095458811524084
0.61,58,-0.000961721804419037
0.61,59,-0.0015273186759334467
0.61,60,0.0024243411499900018
0.61,61,-0.002157580691600633
0.61,62,0.0002497322320350304
0.61,63,0.0022066301485764777
0.61,64,-0.0013069307928098655
0.61,65,-4.8784872651926834e-5
0.61,66,0.0006083579206869497
0.61,67,0.0034046603045469613
0.61,68,-0.0033955152685461246
0.61,69,0.00010363248856037027
0.61,70,0.0014478854073105545
0.61,71,0.0009684458565522952
0.61,72,-0.001257915714975056
0.61,73,-0.00033622662708324944
0.61,74,-0.0020570276301059972
0.61,75,-0.0006156024512408028
0.61,76,0.0004185088467387519
0.61,77,-0.002341319134148075
0.61,78,6.736143172181704e-5
0.61,79,-0.0003912355634909192
0.61,80,-0.0003730660183812243
0.61,81,-0.0018068572437286998
0.61,82,-0.0019016770768970962
0.61,83,0.0010460471295634937
0.61,84,-0.0027934095185028138
0.61,85,0.004077232354909344
0.61,86,0.0006179847131036272
0.61,87,-0.002507753395586918
0.61,88,-0.0007889629423260007
0.61,89,0.00016810488686488782
0.61,90,0.002426948781101588
0.61,91,-0.003860790533664893
0.61,92,0.001195147721385073
0.61,93,-0.002416463020089932
0.61,94,0.002356917314679917
0.61,95,-0.0010017036732424436
0.61,96,0.0049792601483478385
0.61,97,0.0027184614114518137
0.61,98,0.0056604299958518366
0.61,99,0.008709800691200744
0.61,100,0.0038962363357601944
0.61,101,-0.001080929040285961
0.61,102,0.0011431447468748272
0.61,103,0.0067857191725368355
0.61,104,-0.0012217703470721003
0.61,105,0.005616379963661076
0.61,106,0.0022848051919429607
0.61,107,-0.0005191790633171905
0.61,108,0.0019441423011905383
0.61,109,-0.0002525647307761006
0.61,110,0.0009582308457383422
0.61,111,0.0032434842441247114
0.61,112,0.0014758090250545823
0.61,113,-0.0019886761078282463
0.61,114,-0.0015479622493710474
0.61,115,0.0017443524903549554
0.61,116,0.0009890154491707032
0.61,117,-0.0033632439543537914
0.61,118,0.0016189879218100433
0.61,119,-0.00026189096737818876
0.61,120,-0.0009482702674681625
0.61,121,-0.0011509931012269724
0.61,122,-0.0009589581429275457
0.61,123,0.0011032974182979985
0.61,124,-0.0018886029285880331
0.61,125,0.0014357447356511857
0.61,126,-0.0004952268842290038
0.61,127,0.0004428117772352905
0.61,128,-0.0013250699817706085
0.61,129,-0.0006695610751552785
0.61,130,0.0012030268254141336
0.61,131,-0.002442285882515299
0.61,132,-0.002044521446219837
0.61,133,0.0017125235389405294
0.61,134,-0.0003209171011560533
0.61,135,0.0012486832811287548
0.61,136,0.0022759119463718683
0.61,137,-0.0020505920942296306
0.61,138,0.0035416599767413245
0.61,139,-0.0045848941951305575
0.61,140,0.0028637667254749997
0.61,141,0.0027811903823047033
0.61,142,-4.906017386163301e-5
0.61,143,0.0004417500429641428
0.61,144,0.0004144411725680719
0.61,145,-0.0012894570577673783
0.61,146,-0.0015333912022766094
0.61,147,0.0006545706257587665
0.61,148,-0.0016753477605313714
0.61,149,0.002146962940485453
0.61,150,-0.0024218336601436216
0.61,151,0.0013873012081139138
0.61,152,-0.0011029387289224056
0.61,153,0.0011857664939702382
0.61,154,0.001897978981782285
0.61,155,0.001141231936734982
0.61,156,-0.0006709396768419655
0.61,157,0.00233217913978211
0.61,158,-1.4834070498217421e-5
0.61,159,0.002212534019209075
0.61,160,-0.0027500050686573153
0.61,161,-0.0004443007091404475
0.61,162,0.002021885458651543
0.61,163,0.0015130010817301666
0.61,164,0.003453514819635239
0.61,165,5.658646152993075e-5
0.61,166,0.003100570076630271
0.61,167,-6.697558012757444e-5
0.61,168,0.000544989423443404
0.61,169,0.0021769239955609183
0.61,170,-0.0022042428308713287
0.61,171,-0.003390202146227617
0.61,172,0.004236741437100062
0.61,173,-0.0018487371366716573
0.61,174,0.0006450419573143602
0.61,175,-0.002730188202620875
0.61,176,0.006110193286118088
0.61,177,-0.0017856678104727819
0.61,178,-0.0018784627345527344
0.61,179,0.003835245638719725
0.61,180,-0.002466184666178326
0.61,181,0.00024723565035857553
0.61,182,-0.00067734347674196
0.61,183,0.00672737518103309
0.61,184,0.001048426427250795
0.61,185,-0.012716038749172683
0.61,186,0.015825629646060872
0.61,187,0.010532167392266175
0.61,188,-0.004479777931895692
0.61,189,0.00973885320261177
0.61,190,0.1346092196145146
0.61,191,-0.039873712388722254
0.61,192,0.7980784935484077
0.61,193,0.006789230674772789
0.61,194,0.00580249970421978
0.61,195,-0.0007756724113608036
0.61,196,0.0004569850647314121
0.61,197,-0.00012704481199545111
0.61,198,4.542050666600511e-6
0.62,intercept,0.0009720096708380364
0.62,1,0.0056187862390167116
0.62,2,0.005929951830787677
0.62,3,0.0021535394200503204
0.62,4,-0.0008485840504270674
0.62,5,0.0027865516778366813
0.62,6,0.002210216408362999
0.62,7,0.0024792121527034837
0.62,8,0.003065571209715051
0.62,9,-0.0013372621902939766
0.62,10,0.0004232405169098783
0.62,11,0.0024678179116545667
0.62,12,0.00029105413668418595
0.62,13,0.0014115090246492375
0.62,14,0.0026728459980843813
0.62,15,-0.0016913858835204193
0.62,16,0.0006666986565658267
0.62,17,0.001178700949304286
0.62,18,-0.0007742096575560981
0.62,19,-0.0004868876255536202
0.62,20,0.0002062991481025009
0.62,21,0.0011719229118252283
0.62,22,0.0020953248833853948
0.62,23,-0.0002894169347734381
0.62,24,-0.001768885596134469
0.62,25,0.001474078312202501
0.62,26,8.17761460180868e-7
0.62,27,-0.0021608927029833627
0.62,28,0.002474443436880813
0.62,29,-0.0014939203077384334
0.62,30,-0.002317929691157653
0.62,31,-0.00166543251953522
0.62,32,0.0028201403397240727
0.62,33,-0.0026009787833820176
0.62,34,-0.0022733812718627546
0.62,35,0.0007502409717514602
0.62,36,0.0003464738943883553
0.62,37,-0.0013537473323885513
0.62,38,-0.0017599221852671572
0.62,39,0.0012175562994222121
0.62,40,0.003810141953633854
0.62,41,-0.004307864349926868
0.62,42,0.0022646178092339125
0.62,43,-0.0007548394454598356
0.62,44,0.0005450879733126414
0.62,45,-0.00019901317257132924
0.62,46,0.0008364565425845215
0.62,47,-0.00044346368846406663
0.62,48,-0.0028217761649564606
0.62,49,0.0020209138353451607
0.62,50,-0.002631628949175985
0.62,51,-0.00011517874517384652
0.62,52,-0.0024792723639417715
0.62,53,-0.0013814437789099725
0.62,54,0.0008763653447487148
0.62,55,0.0014325705297502966
0.62,56,0.0007122410919832584
0.62,57,0.0017030650617691412
0.62,58,-0.00029100875951203697
0.62,59,-0.0022975614553333037
0.62,60,0.0028285697033615643
0.62,61,-0.0023746912902067796
0.62,62,0.00040110472435825946
0.62,63,0.0016748971582683204
0.62,64,-0.0007793705571584184
0.62,65,-0.0003735548746878574
0.62,66,0.0011627515798835828
0.62,67,0.0031273944757616787
0.62,68,-0.004012456280566594
0.62,69,0.00027115201460065747
0.62,70,0.0016464646066660122
0.62,71,0.0009961657248710879
0.62,72,-0.001770628901856192
0.62,73,0.00014605393576370355
0.62,74,-0.0022286280087303414
0.62,75,-0.0008642047020199282
0.62,76,0.001085388132498722
0.62,77,-0.002953060242140219
0.62,78,0.0001641120450779882
0.62,79,-0.0008994011138836167
0.62,80,-0.0003343856729185456
0.62,81,-0.002088426839230234
0.62,82,-0.0015314904323802377
0.62,83,0.0009707194856369978
0.62,84,-0.0028560253031968083
0.62,85,0.0039347513092742705
0.62,86,0.0010164946945817725
0.62,87,-0.002359092185396179
0.62,88,-0.0011107099185640001
0.62,89,0.0004036846573739917
0.62,90,0.0014414324967721354
0.62,91,-0.003483597942834772
0.62,92,0.0018376240077977505
0.62,93,-0.0026929355953470707
0.62,94,0.0027800313304314614
0.62,95,-0.001369179923820373
0.62,96,0.004447838784705475
0.62,97,0.0026589405280730114
0.62,98,0.0060869609941114336
0.62,99,0.00882356142664771
0.62,100,0.003517270932552671
0.62,101,-0.0009532023651606411
0.62,102,0.0009600712431236938
0.62,103,0.006357830197404201
0.62,104,-0.001421584195408893
0.62,105,0.005954123952349935
0.62,106,0.002404908289035831
0.62,107,-0.0007247732787649575
0.62,108,0.002690766475736762
0.62,109,-0.001289718676537319
0.62,110,0.0013685475238383656
0.62,111,0.0036973662160571428
0.62,112,0.0011164935941034644
0.62,113,-0.0021289090530042984
0.62,114,-0.001765803595131736
0.62,115,0.0014139773448987964
0.62,116,0.0006913662271162619
0.62,117,-0.003235831947975135
0.62,118,0.0013813536955896222
0.62,119,0.00045903518107771695
0.62,120,-0.0013456666458732088
0.62,121,-0.0008035875174845372
0.62,122,-0.0011595909359648818
0.62,123,0.0013582657063396651
0.62,124,-0.001678469017780928
0.62,125,0.001627168032535579
0.62,126,-0.0005183260780058677
0.62,127,0.0003537692451566837
0.62,128,-0.0008851257432321176
0.62,129,-0.0013393738710905168
0.62,130,0.0015438551753290584
0.62,131,-0.0030249663361710047
0.62,132,-0.0014681992796528526
0.62,133,0.0018737526212271405
0.62,134,-0.0008384410860334672
0.62,135,0.0017832696875034844
0.62,136,0.0026179447813878018
0.62,137,-0.0029104518348851316
0.62,138,0.004489888887494407
0.62,139,-0.004607029587851919
0.62,140,0.003345283657575087
0.62,141,0.002872687657053754
0.62,142,-0.0004923628674934998
0.62,143,0.0011035182850659513
0.62,144,0.00026834809638882136
0.62,145,-0.0009934650484526443
0.62,146,-0.0014861412743216722
0.62,147,0.0009043677126132456
0.62,148,-0.0016462166255651752
0.62,149,0.0023347713002040385
0.62,150,-0.0025138065294631274
0.62,151,0.0010469528984581842
0.62,152,-0.0011390675356999407
0.62,153,0.001378062932614347
0.62,154,0.0015543244893602328
0.62,155,0.002096848385112842
0.62,156,-0.000828548982966497
0.62,157,0.0020159020349854655
0.62,158,0.0003767671468111196
0.62,159,0.0011352035315789657
0.62,160,-0.0026553000399097137
0.62,161,-7.551172997043555e-5
0.62,162,0.0017171480873293633
0.62,163,0.0012594921232673272
0.62,164,0.0037648221969829258
0.62,165,0.0005706642870811296
0.62,166,0.0025188439200052324
0.62,167,-0.0001937123524794933
0.62,168,0.0008238920810030578
0.62,169,0.0011733879790317904
0.62,170,-0.0013154109924137394
0.62,171,-0.004127267306111673
0.62,172,0.0045826797140163
0.62,173,-0.0014014109253671857
0.62,174,-8.958373274491279e-5
0.62,175,-0.0015892749224223034
0.62,176,0.005770996609482755
0.62,177,-0.0020177717371235096
0.62,178,-0.0019988186955022286
0.62,179,0.003445406012752877
0.62,180,-0.0026147163869547703
0.62,181,-0.0002344772072618122
0.62,182,-0.0007664281049938928
0.62,183,0.00754168319008324
0.62,184,0.0005331744184117852
0.62,185,-0.013136792421194076
0.62,186,0.01626796039139067
0.62,187,0.009799653060912345
0.62,188,-0.004583864358326651
0.62,189,0.009075658597277913
0.62,190,0.13763694840074953
0.62,191,-0.04303534743936621
0.62,192,0.8034563228951389
0.62,193,0.006639379229680479
0.62,194,0.005489527676124106
0.62,195,-0.0008456437874908512
0.62,196,0.0004695725324815842
0.62,197,-0.00012665385221638964
0.62,198,5.244307875443125e-5
0.63,intercept,0.0012230550015725164
0.63,1,0.005693837612856263
0.63,2,0.005764745884403769
0.63,3,0.0021427064199220163
0.63,4,-0.0012792956342076154
0.63,5,0.002747041211747715
0.63,6,0.0024297463776357955
0.63,7,0.0027100514928176072
0.63,8,0.0034874638051012336
0.63,9,-0.0015755564325811732
0.63,10,0.0004598404701954756
0.63,11,0.0022731856345780703
0.63,12,0.0001517788681051964
0.63,13,0.001652032432859313
0.63,14,0.002194847156263905
0.63,15,-0.001748788728140124
0.63,16,0.0011764937883168441
0.63,17,0.001207389132032395
0.63,18,-0.000933964772930174
0.63,19,-0.0004373329063364895
0.63,20,0.00022796320404939164
0.63,21,0.0011504007026302753
0.63,22,0.0021459397361445116
0.63,23,-0.0004889484597926032
0.63,24,-0.002056860602336948
0.63,25,0.001949062187030711
0.63,26,-0.00034088847740354976
0.63,27,-0.001971640810621134
0.63,28,0.0028519278294234303
0.63,29,-0.0018898099527881187
0.63,30,-0.00193586008964182
0.63,31,-0.0015567307945604648
0.63,32,0.0025528780113058262
0.63,33,-0.002596584434149707
0.63,34,-0.002043443915090517
0.63,35,0.0002459639539703863
0.63,36,0.0009467348591360214
0.63,37,-0.001626854753094071
0.63,38,-0.0019653743440212063
0.63,39,0.0016819217525253735
0.63,40,0.0039422822944815954
0.63,41,-0.004720713714413851
0.63,42,0.0028203104315991266
0.63,43,-0.0012036021507335955
0.63,44,0.0006902871025147748
0.63,45,-0.000311726766019843
0.63,46,0.0011841106681726309
0.63,47,-0.0008708711363684958
0.63,48,-0.002670429079149424
0.63,49,0.0017567906328515158
0.63,50,-0.0028199155495664727
0.63,51,0.0005967077214571342
0.63,52,-0.0025660131731198065
0.63,53,-0.0012465799552575567
0.63,54,0.0008985998644146205
0.63,55,0.0011559744244898178
0.63,56,0.0011108406140218389
0.63,57,0.0016015898079454697
0.63,58,-0.000328296815879511
0.63,59,-0.0022255158381552977
0.63,60,0.0021591379113639394
0.63,61,-0.002443013776352961
0.63,62,0.0007676435059079604
0.63,63,0.0014682022529830913
0.63,64,-0.0007079241349934162
0.63,65,-0.0011910387515734876
0.63,66,0.002079078533506474
0.63,67,0.0030331074949874292
0.63,68,-0.004310840182526788
0.63,69,0.00034445084856081216
0.63,70,0.0020634882088461266
0.63,71,0.00048312880368408894
0.63,72,-0.0017058863654840258
0.63,73,0.0005647427012271949
0.63,74,-0.0023955718304466945
0.63,75,-0.00043128209447127597
0.63,76,0.0004882432130359447
0.63,77,-0.0027608171600354233
0.63,78,-0.00010602000569423571
0.63,79,-0.0010579150655431056
0.63,80,0.0008434191108136833
0.63,81,-0.0028420866127889266
0.63,82,-0.0014357177557638911
0.63,83,0.001019094015097346
0.63,84,-0.002558691320350941
0.63,85,0.004066375333926909
0.63,86,0.0013832816294796005
0.63,87,-0.0022497419646862584
0.63,88,-0.0022544638339978555
0.63,89,0.0012078459276626745
0.63,90,0.0006162156465487498
0.63,91,-0.003113226460920197
0.63,92,0.0014938510784666468
0.63,93,-0.0028444738130178845
0.63,94,0.0027331304043995675
0.63,95,-0.0010945793784888662
0.63,96,0.004162794248342846
0.63,97,0.0020457019135916165
0.63,98,0.006576093378650907
0.63,99,0.008976327724773227
0.63,100,0.003684663767235954
0.63,101,-0.0013819948097124638
0.63,102,0.000672563346817019
0.63,103,0.0061124485072617495
0.63,104,-0.0023700132998042485
0.63,105,0.006441279156127366
0.63,106,0.0029070864835775826
0.63,107,-0.0010547703819191508
0.63,108,0.0034311220296542023
0.63,109,-0.001329227176968814
0.63,110,0.0013590745945869884
0.63,111,0.0037779096749609013
0.63,112,0.0005563216142958323
0.63,113,-0.0014574192737171535
0.63,114,-0.0019917615918123538
0.63,115,0.0017166888145738533
0.63,116,0.0004926479186467507
0.63,117,-0.0032459395689345546
0.63,118,0.001367537157057483
0.63,119,0.000907323714482255
0.63,120,-0.0017781511665119713
0.63,121,-0.0006820830624358896
0.63,122,-0.0016430857307688028
0.63,123,0.0018929096327087668
0.63,124,-0.0017273835187888093
0.63,125,0.0017578167733148307
0.63,126,-0.0003393442690494267
0.63,127,0.00018246551809686858
0.63,128,-0.0009785749242068663
0.63,129,-0.0012864192974998835
0.63,130,0.0017808909260443005
0.63,131,-0.003265110085316819
0.63,132,-0.001541821106259012
0.63,133,0.002161446444404502
0.63,134,-0.0010760915737740675
0.63,135,0.0016892174511599748
0.63,136,0.002161632950566522
0.63,137,-0.0032663483776317163
0.63,138,0.004890898007104144
0.63,139,-0.004692317591324625
0.63,140,0.002893839284739181
0.63,141,0.0034260826111414716
0.63,142,-0.00042401652284680165
0.63,143,0.0013488606267670557
0.63,144,0.0001146302123364746
0.63,145,-0.0013164035396772363
0.63,146,-0.001233319436145242
0.63,147,0.000996427494434822
0.63,148,-0.001594394251925504
0.63,149,0.0017202027979291161
0.63,150,-0.002003835474116446
0.63,151,0.00088706671477231
0.63,152,-0.001443095338708087
0.63,153,0.00175991509787313
0.63,154,0.0009197899606342365
0.63,155,0.002699314848280588
0.63,156,-0.0014090017067661816
0.63,157,0.0026311254373434885
0.63,158,-0.00032054037076255316
0.63,159,0.0024394093744119216
0.63,160,-0.0031121335326180373
0.63,161,-0.00015013089704649508
0.63,162,0.001698791668336294
0.63,163,0.0010997309796928426
0.63,164,0.003704884758973084
0.63,165,0.0005674862677293187
0.63,166,0.0024719323569680506
0.63,167,-0.0003324260514257654
0.63,168,0.0010584660606967728
0.63,169,0.0014739153290900281
0.63,170,-0.0015099038531084456
0.63,171,-0.003538429938538089
0.63,172,0.003935546403709909
0.63,173,-0.0008637207123572006
0.63,174,3.6401618834944774e-5
0.63,175,-0.0016104464326255994
0.63,176,0.0050945628334924855
0.63,177,-0.0018712405009493915
0.63,178,-0.002475077124190501
0.63,179,0.0038161692391746656
0.63,180,-0.0026701102237131577
0.63,181,-0.0006802359443257363
0.63,182,-0.00113380995943961
0.63,183,0.008382320059039711
0.63,184,-0.00029951730503285717
0.63,185,-0.013365235796520518
0.63,186,0.016842943282987726
0.63,187,0.00859706125151027
0.63,188,-0.004932929107122727
0.63,189,0.00924658741740101
0.63,190,0.14029797762474594
0.63,191,-0.04504409527612181
0.63,192,0.8076543212707604
0.63,193,0.006457169395762468
0.63,194,0.005192017895220139
0.63,195,-0.0009030058985529366
0.63,196,0.0004186542352446799
0.63,197,-0.00011793895148209097
0.63,198,4.221202320958055e-5
0.64,intercept,0.0015253024614108853
0.64,1,0.005230822739134389
0.64,2,0.005596006077424102
0.64,3,0.002107799285322534
0.64,4,-0.0007092209694826993
0.64,5,0.0025175436982568704
0.64,6,0.0024510912724872804
0.64,7,0.0024660558369534015
0.64,8,0.003649162925753487
0.64,9,-0.0020446850153046977
0.64,10,0.0013449777848192261
0.64,11,0.0016026619265494093
0.64,12,0.0001013292697687712
0.64,13,0.002034684548590456
0.64,14,0.0015844438991786621
0.64,15,-0.001717260888037256
0.64,16,0.0015246615095650237
0.64,17,0.0010402237694471898
0.64,18,-0.0012324760184938518
0.64,19,-0.00017523892553257886
0.64,20,0.00046175226968487193
0.64,21,0.001104971212407683
0.64,22,0.0018892969308045488
0.64,23,-0.0004434753824138431
0.64,24,-0.0019013921978683298
0.64,25,0.0019947800507962707
0.64,26,-0.0007804668143369929
0.64,27,-0.0019584137351043207
0.64,28,0.0026860627178041207
0.64,29,-0.0018383362170089276
0.64,30,-0.0020818898791975697
0.64,31,-0.0013265032918247438
0.64,32,0.002281584386244811
0.64,33,-0.002586986558006088
0.64,34,-0.0026770000841011376
0.64,35,0.0006492591938025971
0.64,36,0.0014259553214084624
0.64,37,-0.0016242492960349799
0.64,38,-0.001468710943859251
0.64,39,0.0012442793056126555
0.64,40,0.00429313969881611
0.64,41,-0.005094188549534121
0.64,42,0.002874709337930229
0.64,43,-0.0016157278632131175
0.64,44,0.0010584591404905576
0.64,45,-0.0007192633453570403
0.64,46,0.0008681800319612277
0.64,47,9.254474337975187e-5
0.64,48,-0.002127644329164949
0.64,49,0.0014549747647121384
0.64,50,-0.002945307091348153
0.64,51,0.0003634194628578425
0.64,52,-0.002466820823493158
0.64,53,-0.0011507368585596577
0.64,54,0.0010423937123636773
0.64,55,0.0010751160264457938
0.64,56,0.0010415499278427606
0.64,57,0.001987633755513937
0.64,58,-0.00013419755211854458
0.64,59,-0.0025319177447339697
0.64,60,0.0017835911820287187
0.64,61,-0.002310897879401929
0.64,62,0.0005787789085207361
0.64,63,0.0018746486542128133
0.64,64,-0.0009846541262165899
0.64,65,-0.002081595332495812
0.64,66,0.0021264908744764595
0.64,67,0.0027100764014716047
0.64,68,-0.004161580459578443
0.64,69,0.0012953568154184445
0.64,70,0.0017951475779230841
0.64,71,0.0008914912087319683
0.64,72,-0.0014650387542703197
0.64,73,0.0003727658938775294
0.64,74,-0.0029975948052667137
0.64,75,-0.0003918748387299289
0.64,76,0.0011859933258599525
0.64,77,-0.0034091959574036944
0.64,78,0.00025974797664448437
0.64,79,-0.0019108570515171195
0.64,80,0.001064919806659381
0.64,81,-0.0032483235515800794
0.64,82,-0.0010646367436705458
0.64,83,0.00043840992368356514
0.64,84,-0.0026298823144388643
0.64,85,0.003695883347554903
0.64,86,0.0025869419830020493
0.64,87,-0.002727220539953501
0.64,88,-0.0017220514810066003
0.64,89,0.0011358632284541744
0.64,90,0.0003434002453000969
0.64,91,-0.003135576355701045
0.64,92,0.0012589064846852181
0.64,93,-0.003020996560451158
0.64,94,0.0030023870103373113
0.64,95,-0.0011766099626837614
0.64,96,0.0032889102405932475
0.64,97,0.0032033883197054996
0.64,98,0.006055038435838059
0.64,99,0.00908149492834861
0.64,100,0.0030149009929963796
0.64,101,-0.0014667778934858977
0.64,102,0.0013328993536525873
0.64,103,0.005841068007010614
0.64,104,-0.0028362035904068448
0.64,105,0.006380661536481697
0.64,106,0.002359298269678992
0.64,107,-0.0009840283725047637
0.64,108,0.0030079371071370198
0.64,109,0.00029167964211770415
0.64,110,0.0008521511730775139
0.64,111,0.004462051284203944
0.64,112,-0.00036255154444521154
0.64,113,-0.000816928727924318
0.64,114,-0.0025441920007045894
0.64,115,0.0021665802312747454
0.64,116,-2.2470560232204093e-5
0.64,117,-0.0024795902552571746
0.64,118,0.00043630888483758986
0.64,119,0.0008641956001243519
0.64,120,-0.001601070011831194
0.64,121,-0.00046505708200639305
0.64,122,-0.001885589153756553
0.64,123,0.0024471171986950504
0.64,124,-0.0018431665991310354
0.64,125,0.0017582986487747606
0.64,126,0.0001842222452223609
0.64,127,-3.4850597008632424e-5
0.64,128,-0.0005392178533703111
0.64,129,-0.0016381035406840645
0.64,130,0.001683796557187722
0.64,131,-0.0031694581251291124
0.64,132,-0.0017432773308028308
0.64,133,0.0021975701726998876
0.64,134,-0.0011252254098749873
0.64,135,0.002248634283994465
0.64,136,0.0019433567487088332
0.64,137,-0.002880726938816318
0.64,138,0.004254342510206856
0.64,139,-0.00516841952586344
0.64,140,0.0036268664156040692
0.64,141,0.0028833759166555597
0.64,142,-0.00017701052730610537
0.64,143,0.0013929058813690655
0.64,144,0.0002875750506992698
0.64,145,-0.0012111393581732866
0.64,146,-0.0012038478281806231
0.64,147,0.0014887139323631737
0.64,148,-0.0012982629503076177
0.64,149,0.00144507768287966
0.64,150,-0.0015636043015729954
0.64,151,0.0005382968871000111
0.64,152,-0.001081639093039667
0.64,153,0.0013360906373412992
0.64,154,0.0006094730627827518
0.64,155,0.003309631007388339
0.64,156,-0.002064732925993892
0.64,157,0.0026354717927187495
0.64,158,0.00014857367662137095
0.64,159,0.0025177355974679077
0.64,160,-0.0034464485140570677
0.64,161,0.0001649319117312482
0.64,162,0.0010591856239618067
0.64,163,0.0017361187858985748
0.64,164,0.002998292997161885
0.64,165,0.0006736579368353719
0.64,166,0.002438979885588533
0.64,167,-0.0002572423688737797
0.64,168,0.0009153467828216128
0.64,169,0.002033923166288655
0.64,170,-0.0015798667049517954
0.64,171,-0.0036633808207617354
0.64,172,0.0037841273261948792
0.64,173,-0.0005705777262498671
0.64,174,-0.0002112576728655024
0.64,175,-0.0021684922820349047
0.64,176,0.005298818847935678
0.64,177,-0.0022711749310147756
0.64,178,-0.002461202345379753
0.64,179,0.0037453521352080405
0.64,180,-0.002169049808195599
0.64,181,-0.001084063132509238
0.64,182,-0.001194913684198166
0.64,183,0.008039671096785756
0.64,184,0.00022404543963282122
0.64,185,-0.013861105628653884
0.64,186,0.017269585220693957
0.64,187,0.007632024388712658
0.64,188,-0.0049568828356013695
0.64,189,0.008007549715153741
0.64,190,0.14210510950325636
0.64,191,-0.047485461304497205
0.64,192,0.8146641798790069
0.64,193,0.006460715534477979
0.64,194,0.004799162824558349
0.64,195,-0.000980074839274265
0.64,196,0.00040130134756222836
0.64,197,-9.781914382408184e-5
0.64,198,-1.2794665231813536e-5
0.65,intercept,0.00188431268731918
0.65,1,0.005257799247042627
0.65,2,0.005311662533038369
0.65,3,0.002563426447573543
0.65,4,1.0167389089620221e-5
0.65,5,0.003003004952433949
0.65,6,0.001903725517118057
0.65,7,0.0025191939643695997
0.65,8,0.0035599875343265007
0.65,9,-0.002385190536311357
0.65,10,0.001101313215085851
0.65,11,0.0009710719033255252
0.65,12,1.8315770151904605e-5
0.65,13,0.0014884064060128922
0.65,14,0.0020089659652852802
0.65,15,-0.0019120483208358617
0.65,16,0.001684815172667789
0.65,17,0.0017974181348322995
0.65,18,-0.0016831812693665254
0.65,19,0.0003288301798240833
0.65,20,3.6216457157486156e-5
0.65,21,0.0013503551406305295
0.65,22,0.0018734595940759198
0.65,23,-0.0002611740642167801
0.65,24,-0.0020788798153160647
0.65,25,0.0021420730637012634
0.65,26,-0.0012419347381893732
0.65,27,-0.0017608733606382224
0.65,28,0.002900878088312581
0.65,29,-0.0018758425823894051
0.65,30,-0.001969378000804056
0.65,31,-0.001362025303750297
0.65,32,0.0026726846832340182
0.65,33,-0.0034453318371176667
0.65,34,-0.002343849958958544
0.65,35,0.0006365007284608127
0.65,36,0.0010847397310909718
0.65,37,-0.0014362563963814603
0.65,38,-0.0014457439236497107
0.65,39,0.001276029871712588
0.65,40,0.004338955950429882
0.65,41,-0.005336216342617244
0.65,42,0.0031595902711916207
0.65,43,-0.0020697237395827135
0.65,44,0.00159118958200826
0.65,45,-0.0005919468688157609
0.65,46,0.0003859820459159412
0.65,47,0.0006170357811721424
0.65,48,-0.0023930146876661763
0.65,49,0.00116261462515
0.65,50,-0.0031671343069458132
0.65,51,0.0001313289469523382
0.65,52,-0.0024560290502089904
0.65,53,-0.0009000800367595737
0.65,54,0.0007534760469591484
0.65,55,0.0019512321900386118
0.65,56,0.0016297890071055904
0.65,57,0.0008684711669668778
0.65,58,-0.0005373300431587331
0.65,59,-0.002170431442710418
0.65,60,0.0029010900317392356
0.65,61,-0.002493995900541351
0.65,62,0.00018759544557922316
0.65,63,0.0014040877090985542
0.65,64,-0.0008353454993625482
0.65,65,-0.0022627274834158954
0.65,66,0.0029082565674847893
0.65,67,0.002967422027797275
0.65,68,-0.0045666176292671785
0.65,69,0.0016178736200749971
0.65,70,0.0016873925649615246
0.65,71,0.0012568549329985343
0.65,72,-0.002413123143189725
0.65,73,0.0005856929427952092
0.65,74,-0.0026537790057407484
0.65,75,-0.0005357732990098776
0.65,76,0.0010129564996053286
0.65,77,-0.003624623534823539
0.65,78,0.00021329499615135815
0.65,79,-0.001032736456415531
0.65,80,0.0010475967894761945
0.65,81,-0.0029065011113599683
0.65,82,-0.001120856985623824
0.65,83,-0.00038194148798482394
0.65,84,-0.002492778057214328
0.65,85,0.0033590332858743897
0.65,86,0.0024611762308628963
0.65,87,-0.0032036707918001823
0.65,88,-0.001753832416922482
0.65,89,0.0020391014443245877
0.65,90,-0.00013783076545101402
0.65,91,-0.0036306227363782197
0.65,92,0.0012538589970250596
0.65,93,-0.0031693633724804303
0.65,94,0.0032713805285311624
0.65,95,-0.0009978916272055402
0.65,96,0.004049236632556131
0.65,97,0.002553693617818071
0.65,98,0.00617628094869042
0.65,99,0.00829576801310383
0.65,100,0.003395910174903027
0.65,101,-0.0009590666955795315
0.65,102,0.0005247347741045331
0.65,103,0.006399260973126954
0.65,104,-0.002660157365479811
0.65,105,0.006511652138181734
0.65,106,0.0024769793278956323
0.65,107,-0.0007615394977251191
0.65,108,0.00235206749794389
0.65,109,0.0005622992015890752
0.65,110,0.0004677952863925482
0.65,111,0.004715496347801787
0.65,112,-0.00041237982599170097
0.65,113,-0.0013840641441238571
0.65,114,-0.0021581977082144226
0.65,115,0.0017936889121559594
0.65,116,0.00024605673774940066
0.65,117,-0.002793074410395351
0.65,118,0.0006584721215696552
0.65,119,0.0005407686402869788
0.65,120,-0.0015925618273289568
0.65,121,-0.00046823053349804737
0.65,122,-0.001484133510528502
0.65,123,0.0023175902138326196
0.65,124,-0.001962653006758949
0.65,125,0.0016407893859748622
0.65,126,0.0008477857515688915
0.65,127,-0.0003008998425587687
0.65,128,-0.000677121894077922
0.65,129,-0.0009474810951379315
0.65,130,0.0008619433211983031
0.65,131,-0.0031488228535946064
0.65,132,-0.0012846952396306768
0.65,133,0.0025008098895813635
0.65,134,-0.0014070917659713023
0.65,135,0.0023416565259080364
0.65,136,0.0011898134146321956
0.65,137,-0.0025852665921470334
0.65,138,0.0044815422970850135
0.65,139,-0.005216077258360739
0.65,140,0.003812617215453732
0.65,141,0.0031555034132367526
0.65,142,-0.0007013237927320299
0.65,143,0.0014772552178572
0.65,144,0.00041665657287233226
0.65,145,-0.0008022365776741298
0.65,146,-0.0009484434442191389
0.65,147,0.0011427091765501547
0.65,148,-0.0006038526747509394
0.65,149,0.0008896870287556903
0.65,150,-0.0012139017111187423
0.65,151,0.0006619641880994294
0.65,152,-0.001486580565374431
0.65,153,0.0010171124271732893
0.65,154,0.0009494100814024316
0.65,155,0.0023503416238966264
0.65,156,-0.0015499411924883519
0.65,157,0.002725537828555049
0.65,158,-0.0001818300581804001
0.65,159,0.0025877783752671145
0.65,160,-0.0034430099092196986
0.65,161,-0.00010210894948872602
0.65,162,0.0008092421562016225
0.65,163,0.001567702387724712
0.65,164,0.003764060915524403
0.65,165,0.0005514569959678527
0.65,166,0.0025561638960714286
0.65,167,-0.0008658504208148637
0.65,168,0.00045104545457280324
0.65,169,0.0020030226737846987
0.65,170,-0.001521951056273812
0.65,171,-0.0028918980888992443
0.65,172,0.0031895095100923825
0.65,173,-0.0007003559995324996
0.65,174,0.0006797673801381987
0.65,175,-0.002451174869087355
0.65,176,0.005285036383109705
0.65,177,-0.0025303949500786894
0.65,178,-0.002922271065597231
0.65,179,0.0040877114292404435
0.65,180,-0.0017313626936557142
0.65,181,-0.0013178660588565902
0.65,182,-0.0011598637939393302
0.65,183,0.008500277653075771
0.65,184,-0.0006992540192475694
0.65,185,-0.013217791262565287
0.65,186,0.01697993717358014
0.65,187,0.0071498699696876345
0.65,188,-0.005314870014856959
0.65,189,0.007366593597340972
0.65,190,0.14602228222662447
0.65,191,-0.04966035601877312
0.65,192,0.8174486005790594
0.65,193,0.006113736794888521
0.65,194,0.004411158357713516
0.65,195,-0.0010391328620134636
0.65,196,0.00034900977543848117
0.65,197,-0.00010427349369262085
0.65,198,-6.278410138947361e-5
0.66,intercept,0.002203598303415597
0.66,1,0.005100737104055393
0.66,2,0.0051660035763308985
0.66,3,0.0028663713182028867
0.66,4,-0.00010211676160585134
0.66,5,0.003438686218427418
0.66,6,0.0012821712605282974
0.66,7,0.002874055460840837
0.66,8,0.002896089986611395
0.66,9,-0.0021876826152721486
0.66,10,0.001106230439960891
0.66,11,0.0004196270976829994
0.66,12,0.0004968737163393514
0.66,13,0.0010432113730778363
0.66,14,0.0020661810172709397
0.66,15,-0.002074784668470362
0.66,16,0.0021017777573994344
0.66,17,0.0012351437203172656
0.66,18,-0.0012519060930771995
0.66,19,0.0001176092417262096
0.66,20,0.00036496800560764094
0.66,21,0.0011666919103646921
0.66,22,0.0016484659380113361
0.66,23,-0.00035450491818084543
0.66,24,-0.002257577784517172
0.66,25,0.002543822586826881
0.66,26,-0.0013195050550319457
0.66,27,-0.001836498848488646
0.66,28,0.0031283162201020884
0.66,29,-0.0024567666398207415
0.66,30,-0.0015938535360082472
0.66,31,-0.0017662639109903584
0.66,32,0.002751156102460262
0.66,33,-0.0033925141908008626
0.66,34,-0.0023041263740769054
0.66,35,0.0005569840189989736
0.66,36,0.0007774177527004241
0.66,37,-0.00101663251228388
0.66,38,-0.0015618845324678774
0.66,39,0.0014670342344738432
0.66,40,0.0045842546076951055
0.66,41,-0.005807056191619125
0.66,42,0.003307974890459449
0.66,43,-0.0018261032601761217
0.66,44,0.0010611318695522914
0.66,45,-0.001135152003484409
0.66,46,0.0005987584742095319
0.66,47,0.0013269590935045
0.66,48,-0.0028554599116958623
0.66,49,0.0013550701137205988
0.66,50,-0.003428386768637702
0.66,51,0.0007529226731796648
0.66,52,-0.0026808152960737263
0.66,53,-0.0004782338889418928
0.66,54,0.0014833999300608758
0.66,55,0.002016841139117738
0.66,56,0.0013306994643169138
0.66,57,0.0003164515884458841
0.66,58,7.658726966435373e-5
0.66,59,-0.002984806502955142
0.66,60,0.0032961712285455268
0.66,61,-0.0025323329807088483
0.66,62,0.00020440395806656196
0.66,63,0.0009395647263997953
0.66,64,-0.0007987587095119479
0.66,65,-0.0023416100803536613
0.66,66,0.002581693741073725
0.66,67,0.003683935269479066
0.66,68,-0.005239674491193907
0.66,69,0.001368287210698465
0.66,70,0.0025069060699416754
0.66,71,0.0013159095241310852
0.66,72,-0.0024592135648746224
0.66,73,0.0004229287052955091
0.66,74,-0.0029649154262577273
0.66,75,-0.0002199063423938221
0.66,76,0.0003040232491109219
0.66,77,-0.0027791930777031526
0.66,78,7.480465761135943e-5
0.66,79,-0.0016042862498305216
0.66,80,0.0017785361473046518
0.66,81,-0.0036359260585734614
0.66,82,-0.0005267601460891463
0.66,83,-0.0012347755986013324
0.66,84,-0.002587391263372252
0.66,85,0.004087730346091509
0.66,86,0.0011555754497352116
0.66,87,-0.0021945865127345424
0.66,88,-0.0012084120330965104
0.66,89,0.002088518592273032
0.66,90,0.00015294144423678307
0.66,91,-0.004111653176178316
0.66,92,0.0007277326690127793
0.66,93,-0.0033665488452781114
0.66,94,0.003669511185416496
0.66,95,-6.617140538969085e-6
0.66,96,0.0032257280073466864
0.66,97,0.002542295432819188
0.66,98,0.005621190109323933
0.66,99,0.008383718841423827
0.66,100,0.003361408050633991
0.66,101,-0.0010773536802935648
0.66,102,0.001517922007385539
0.66,103,0.00662670125852411
0.66,104,-0.002841873891943957
0.66,105,0.0062230232198144326
0.66,106,0.0023094998719925437
0.66,107,-0.0008810418026967709
0.66,108,0.0017685445508526497
0.66,109,0.0004692493387447289
0.66,110,0.0014239321665564478
0.66,111,0.004978810031357602
0.66,112,-0.00019525494148167692
0.66,113,-0.0013120097509600496
0.66,114,-0.002574157717404354
0.66,115,0.0018415735916657743
0.66,116,0.0008911038038728858
0.66,117,-0.0035429674272827987
0.66,118,0.0008942289020679671
0.66,119,2.9648008899311685e-5
0.66,120,-0.0014701161550549529
0.66,121,-0.0010809094393800858
0.66,122,-0.0011619466386609825
0.66,123,0.0025549696492947025
0.66,124,-0.001769644805861239
0.66,125,0.0019526055036549585
0.66,126,0.0007900036218590264
0.66,127,-0.00035507881308719094
0.66,128,-0.0008517513961975874
0.66,129,-0.00042880381277237843
0.66,130,0.0008488109864957526
0.66,131,-0.003223906559038784
0.66,132,-0.0013904947510326646
0.66,133,0.002308773358878411
0.66,134,-0.0010623252987322404
0.66,135,0.0021056581750007316
0.66,136,0.0005312457954791785
0.66,137,-0.001383767950997318
0.66,138,0.004460037200167157
0.66,139,-0.004522159153037138
0.66,140,0.0033272091279206457
0.66,141,0.003260205739330506
0.66,142,-0.0006514012475421087
0.66,143,0.000924387049167163
0.66,144,0.0002949569301063352
0.66,145,-8.786088046434281e-5
0.66,146,-0.000721883787355041
0.66,147,0.001295034417624115
0.66,148,-0.0009277969336983932
0.66,149,0.0013060752001975364
0.66,150,-0.0013741204252580273
0.66,151,0.0009151595064882718
0.66,152,-0.0007375898544104278
0.66,153,-0.0002946427124837484
0.66,154,0.0015310448623899642
0.66,155,0.0019096994024423491
0.66,156,-0.0012914241375482577
0.66,157,0.0034219402069287836
0.66,158,-0.0009892500283577605
0.66,159,0.002577044022679326
0.66,160,-0.0033740248828069497
0.66,161,-0.00053457988194188
0.66,162,0.0014406467873792862
0.66,163,0.0009758859635891215
0.66,164,0.0039313242515767515
0.66,165,0.00032332624667232474
0.66,166,0.002063735604624588
0.66,167,-0.0010315706193952084
0.66,168,0.0009855760165121534
0.66,169,0.002704335166836804
0.66,170,-0.0015317452441760565
0.66,171,-0.0032053185798491465
0.66,172,0.0026069537024093065
0.66,173,-0.000859260162205807
0.66,174,0.001379149027737308
0.66,175,-0.003076993106749616
0.66,176,0.005808325429023352
0.66,177,-0.0032791593055207266
0.66,178,-0.0014945859671552102
0.66,179,0.00337816126580171
0.66,180,-0.001303011813264426
0.66,181,-0.0014716364775855285
0.66,182,-0.000917418689894504
0.66,183,0.007072062304381755
0.66,184,0.0002526959260338871
0.66,185,-0.014825059701317238
0.66,186,0.01760375601535506
0.66,187,0.006362277530742176
0.66,188,-0.005689847422523697
0.66,189,0.00786875878780384
0.66,190,0.14527504512461653
0.66,191,-0.051912907799233694
0.66,192,0.8243488445153988
0.66,193,0.005663840841035632
0.66,194,0.004265038618599458
0.66,195,-0.0011665718408079933
0.66,196,0.0003651987054418569
0.66,197,-0.00013253802955444258
0.66,198,-8.63065846651934e-5
0.67,intercept,0.002545598768885761
0.67,1,0.004476774484766384
0.67,2,0.004785461793500902
0.67,3,0.0026661179546663212
0.67,4,0.0009377945716599335
0.67,5,0.0030056979428893854
0.67,6,0.0017215107255302837
0.67,7,0.002297738149677375
0.67,8,0.003347449877189636
0.67,9,-0.001965736340422176
0.67,10,0.0007690080666679853
0.67,11,0.0006867784299444648
0.67,12,0.0007873002400908081
0.67,13,0.001160813720111055
0.67,14,0.0013582851408402623
0.67,15,-0.002058036722599265
0.67,16,0.0021927996787570723
0.67,17,0.001142852126274788
0.67,18,-0.0014664955932182353
0.67,19,9.380625110367598e-5
0.67,20,0.0008134068102762872
0.67,21,0.0006272811897514456
0.67,22,0.002507982426983634
0.67,23,-0.0007163032269143373
0.67,24,-0.002037584557394103
0.67,25,0.0027124952717627908
0.67,26,-0.0018631675444982898
0.67,27,-0.001789037174264541
0.67,28,0.0029231669529167915
0.67,29,-0.0022216088224827216
0.67,30,-0.0014908288950544486
0.67,31,-0.001873916368082197
0.67,32,0.0028113859663514472
0.67,33,-0.0036381562957916985
0.67,34,-0.0024295202977398156
0.67,35,0.0010627775673924052
0.67,36,0.0006898932580470518
0.67,37,-0.0014592943056966766
0.67,38,-0.0016407012434385114
0.67,39,0.0013023904842191189
0.67,40,0.004929361257695849
0.67,41,-0.005927529789585678
0.67,42,0.003641262103649578
0.67,43,-0.0022842471066858217
0.67,44,0.0013993629223430558
0.67,45,-0.0013092596751657702
0.67,46,0.00046872226207068544
0.67,47,0.0017386081963727431
0.67,48,-0.00332505975975458
0.67,49,0.0019253339495853147
0.67,50,-0.003170903788712288
0.67,51,0.000544001714745147
0.67,52,-0.003327290584725189
0.67,53,-5.333127380829886e-5
0.67,54,0.0011557374442162998
0.67,55,0.0023125003736756034
0.67,56,0.0011219124754133305
0.67,57,-0.00022487668273856717
0.67,58,-0.00023313453779998518
0.67,59,-0.0025500830646229345
0.67,60,0.003092778111518362
0.67,61,-0.0014223977909150125
0.67,62,0.00032094730271939667
0.67,63,0.0005533079736564721
0.67,64,-0.0008255024515605958
0.67,65,-0.0023543651691892912
0.67,66,0.0027321782611461824
0.67,67,0.0032803473987643265
0.67,68,-0.005366269231635252
0.67,69,0.001798079069952394
0.67,70,0.00197150561870314
0.67,71,0.0012215133754683984
0.67,72,-0.0026380073255100308
0.67,73,0.0006090896206590432
0.67,74,-0.0033169589071344522
0.67,75,-0.00011413439716591026
0.67,76,0.00018708211904245982
0.67,77,-0.0027659606255670136
0.67,78,0.00011236313875247492
0.67,79,-0.0017794566309944537
0.67,80,0.0018451216881017177
0.67,81,-0.0034173733800034493
0.67,82,-6.68389856886382e-5
0.67,83,-0.0015963476590882947
0.67,84,-0.002039606920566126
0.67,85,0.0035241926235672406
0.67,86,0.0013357266553803886
0.67,87,-0.0018638650518706453
0.67,88,-0.0013773940877231984
0.67,89,0.0018975903339618974
0.67,90,8.033894271479563e-5
0.67,91,-0.0036489523986646955
0.67,92,2.4463226221692743e-6
0.67,93,-0.0032100656915597632
0.67,94,0.003116356942468337
0.67,95,0.000711683141795705
0.67,96,0.0027498735774124515
0.67,97,0.0024473328225200095
0.67,98,0.005119513288729621
0.67,99,0.008347205734524637
0.67,100,0.0034980320439545274
0.67,101,-0.0013267867622080184
0.67,102,0.0018861025711315045
0.67,103,0.006625779570688969
0.67,104,-0.0030792869193307024
0.67,105,0.006565067083934886
0.67,106,0.002385332509957808
0.67,107,-0.0014173339581739306
0.67,108,0.002165920862466021
0.67,109,-2.749997675184142e-5
0.67,110,0.0022238585549066176
0.67,111,0.004828804870498199
0.67,112,-7.900713406339062e-5
0.67,113,-0.0014095552454304252
0.67,114,-0.0025880834575188255
0.67,115,0.002521963458321145
0.67,116,0.0004264078637961182
0.67,117,-0.0034872988528537622
0.67,118,0.0008445458208969367
0.67,119,0.0002629498669119069
0.67,120,-0.0015764763600592706
0.67,121,-0.0012074042748808826
0.67,122,-0.0013219581989552462
0.67,123,0.0025036975266138155
0.67,124,-0.0015716720162165087
0.67,125,0.0018919877900592285
0.67,126,0.00020960884777903221
0.67,127,0.0005512980683665896
0.67,128,-0.0011369658607837537
0.67,129,-0.00021469756977181116
0.67,130,0.0005048553482290838
0.67,131,-0.003665314899780459
0.67,132,-0.00040467720848850385
0.67,133,0.0021573261634710533
0.67,134,-0.0009349295298869484
0.67,135,0.0013433276264176318
0.67,136,0.0006912703988064342
0.67,137,-0.0017783307363249561
0.67,138,0.005154212041847455
0.67,139,-0.004373385382542126
0.67,140,0.0033192234429370053
0.67,141,0.0031300137268309167
0.67,142,-0.0005300421022296919
0.67,143,0.0005892952133960198
0.67,144,0.0007922662001073685
0.67,145,-0.0004821704820332277
0.67,146,-0.0003089782129911977
0.67,147,0.0013085691313473025
0.67,148,-0.0007323721301652075
0.67,149,0.0011975511643708078
0.67,150,-0.0013639353388466798
0.67,151,0.0005676645968926799
0.67,152,-0.0008554980501305794
0.67,153,0.0002525498884560912
0.67,154,0.0004432959934025422
0.67,155,0.0027503084917950183
0.67,156,-0.0015534288174487117
0.67,157,0.0029111502767564454
0.67,158,-0.000371814021785246
0.67,159,0.0019161668622316966
0.67,160,-0.0023907311260884033
0.67,161,-0.0011018785000029715
0.67,162,0.0018081742529822656
0.67,163,0.0001844707065395675
0.67,164,0.0046201962567206795
0.67,165,-0.00034298931406864883
0.67,166,0.002402017335517068
0.67,167,-0.001693886932226649
0.67,168,0.0014118094162587226
0.67,169,0.002093173406360704
0.67,170,-0.001228759528182361
0.67,171,-0.003590950405830306
0.67,172,0.0030525390375741343
0.67,173,-0.0014937174285645405
0.67,174,0.002247450897250542
0.67,175,-0.0024739896211270485
0.67,176,0.004663168861548397
0.67,177,-0.0030553131860196316
0.67,178,-0.0011319999663489608
0.67,179,0.003611818399525316
0.67,180,-0.001336869232055501
0.67,181,-0.0015455982429906383
0.67,182,-0.001176314139451044
0.67,183,0.007627438161849759
0.67,184,-0.0017069397789940082
0.67,185,-0.013821779996227745
0.67,186,0.01792003492481439
0.67,187,0.006236542087692438
0.67,188,-0.006533483755301321
0.67,189,0.007487815688113889
0.67,190,0.14621504670875107
0.67,191,-0.053972678690636475
0.67,192,0.830068194379668
0.67,193,0.00569075743844716
0.67,194,0.00402145423362486
0.67,195,-0.0011829772501886762
0.67,196,0.0002936693495020393
0.67,197,-0.0001491010236279579
0.67,198,-8.679130172450922e-5
0.68,intercept,0.0029479598506742533
0.68,1,0.004157476504376365
0.68,2,0.004583171910035247
0.68,3,0.004107736303296065
0.68,4,-0.00017647909763786077
0.68,5,0.0032913037307891234
0.68,6,0.0014490836648346946
0.68,7,0.0017906341796512498
0.68,8,0.0033228080466604876
0.68,9,-0.002062892754249769
0.68,10,0.0013619979241927772
0.68,11,0.0002266258986669363
0.68,12,0.0003854926201220705
0.68,13,0.0008723782596716902
0.68,14,0.0028085533311610032
0.68,15,-0.0024306729121633757
0.68,16,0.0028787380881402113
0.68,17,0.0014750955511252147
0.68,18,-0.001980320994952975
0.68,19,-4.5604497577831814e-5
0.68,20,0.0009033809234171223
0.68,21,0.0009467622056514717
0.68,22,0.001932888800652518
0.68,23,-0.0013624216979391784
0.68,24,-0.0017591026147929895
0.68,25,0.002824163755189157
0.68,26,-0.001090171910662166
0.68,27,-0.0025971391311312205
0.68,28,0.003274368100294256
0.68,29,-0.002508328931157594
0.68,30,-0.0012691838924007719
0.68,31,-0.0012329147941635018
0.68,32,0.002690213228848449
0.68,33,-0.004262887545527656
0.68,34,-0.002163330845770983
0.68,35,0.0008322402817366694
0.68,36,0.0011876934584314576
0.68,37,-0.0013156505226403295
0.68,38,-0.0014466551199569674
0.68,39,0.0010816767214388617
0.68,40,0.004856474935291837
0.68,41,-0.006301728553052056
0.68,42,0.005159390654561422
0.68,43,-0.003038199317751638
0.68,44,0.0016166406205740166
0.68,45,-0.0012887557872382606
0.68,46,0.00048433056718964615
0.68,47,0.001902425993923354
0.68,48,-0.0035794366790577875
0.68,49,0.002227525321301223
0.68,50,-0.0037050852088127586
0.68,51,0.00046114254282750267
0.68,52,-0.002166898573596866
0.68,53,-0.0009176765726498216
0.68,54,0.0021327625047582142
0.68,55,0.0015381402980325178
0.68,56,0.0019160740188090511
0.68,57,-0.0009447167271089273
0.68,58,0.0004314181414120608
0.68,59,-0.002584498035867183
0.68,60,0.0034983892892550914
0.68,61,-0.0021024276888889797
0.68,62,0.00039104825424286327
0.68,63,0.00045297016200441435
0.68,64,-0.0005947735035263823
0.68,65,-0.002151614716756818
0.68,66,0.0022240435940228103
0.68,67,0.003692732468019369
0.68,68,-0.006276523605106521
0.68,69,0.0020763809348652035
0.68,70,0.001436699070384473
0.68,71,0.0010308643059835688
0.68,72,-0.002371572518232066
0.68,73,0.0006313153995460923
0.68,74,-0.0028304561282100713
0.68,75,-0.00041464844429162567
0.68,76,-0.00024619423695902015
0.68,77,-0.0023753995454196077
0.68,78,0.00010050834026685215
0.68,79,-0.0020894062705554615
0.68,80,0.0017808342992963698
0.68,81,-0.002374445052962847
0.68,82,-0.0003409676900734403
0.68,83,-0.0017135058424948833
0.68,84,-0.002031368716285809
0.68,85,0.0024833761634500827
0.68,86,0.0016789397724982155
0.68,87,-0.0018468527461969475
0.68,88,-0.0009019928687336868
0.68,89,0.0013296284837763332
0.68,90,0.00028833739742414335
0.68,91,-0.003707562783105036
0.68,92,-0.0005143424209644187
0.68,93,-0.0033441081469298617
0.68,94,0.0024624668830471254
0.68,95,0.0014776339998085978
0.68,96,0.002774416634871332
0.68,97,0.00331679960649234
0.68,98,0.004260349335010014
0.68,99,0.008861497040540633
0.68,100,0.003063253304941185
0.68,101,-0.0010798047528985263
0.68,102,0.0013817210246321382
0.68,103,0.006315059666145622
0.68,104,-0.003160457334413137
0.68,105,0.006752069812593435
0.68,106,0.0017216984259352992
0.68,107,-0.001308447220908687
0.68,108,0.0017729717874619268
0.68,109,0.0005051545544440642
0.68,110,0.0011630720480537557
0.68,111,0.004903169401001998
0.68,112,0.0006786000925008413
0.68,113,-0.0014370895868543046
0.68,114,-0.002224406978865546
0.68,115,0.0020271148042915682
0.68,116,0.0009001288208611291
0.68,117,-0.0035785025848143813
0.68,118,0.0007526795075782868
0.68,119,0.0005378727117915984
0.68,120,-0.002162593216924442
0.68,121,-0.0009737120700862385
0.68,122,-0.0014539633657706214
0.68,123,0.003589944501899325
0.68,124,-0.0025873152042680146
0.68,125,0.0022537508469579353
0.68,126,-0.00028718521550361205
0.68,127,0.0005786283439853401
0.68,128,-0.0006935527044811386
0.68,129,-0.0004128594976382686
0.68,130,0.000677171477020573
0.68,131,-0.0036800701425961273
0.68,132,-0.00042233339714681077
0.68,133,0.002941992876347285
0.68,134,-0.0018002857075925065
0.68,135,0.0013517545819057752
0.68,136,0.0013942008195753021
0.68,137,-0.0016660976187698765
0.68,138,0.004858878186340226
0.68,139,-0.0045377373907218846
0.68,140,0.0025814179972193717
0.68,141,0.003583412779519762
0.68,142,-0.000261823571302211
0.68,143,0.0018943462758057904
0.68,144,0.0007474120371356919
0.68,145,-0.0012945401651834963
0.68,146,-0.0007019089774400495
0.68,147,0.0015987336617314044
0.68,148,-0.0012727240501220732
0.68,149,0.001533020119143998
0.68,150,-0.0011299811789503092
0.68,151,0.0006981256032340248
0.68,152,-0.0007406439519236924
0.68,153,-0.0003978503417903846
0.68,154,0.0003651231424941793
0.68,155,0.00240956383395333
0.68,156,-0.0015575940017150745
0.68,157,0.003681586576277763
0.68,158,7.339153548238374e-5
0.68,159,0.0015042335482488122
0.68,160,-0.003108039830439158
0.68,161,-0.0002883525281443736
0.68,162,0.0011153919314392607
0.68,163,0.00013465483574680946
0.68,164,0.004209578371087349
0.68,165,0.00043402660265205235
0.68,166,0.0019231149633783756
0.68,167,-0.001152068484093783
0.68,168,0.0020447632116004067
0.68,169,0.000882533008983425
0.68,170,-0.0009306402389115755
0.68,171,-0.004237339505640296
0.68,172,0.0035204095769345773
0.68,173,-0.0017593270970386796
0.68,174,0.002397891640819992
0.68,175,-0.002091681982507918
0.68,176,0.00391582416114119
0.68,177,-0.002996437322186379
0.68,178,-0.0009251576467965285
0.68,179,0.002677409958979698
0.68,180,-0.0005742187874418151
0.68,181,-0.0013611862182009154
0.68,182,-0.000584520324229225
0.68,183,0.006406010560070601
0.68,184,-0.0015430595660796099
0.68,185,-0.013393630918923255
0.68,186,0.01836891145281138
0.68,187,0.006144579402914665
0.68,188,-0.007632433828369622
0.68,189,0.006409258357264489
0.68,190,0.14545851604166216
0.68,191,-0.05909837628337665
0.68,192,0.8405853556968594
0.68,193,0.00497366652855712
0.68,194,0.0043940136605889555
0.68,195,-0.0012685342636849875
0.68,196,0.0003193169221022305
0.68,197,-0.00018534171860638013
0.68,198,-0.00014619712954021174
0.69,intercept,0.0033032774521122073
0.69,1,0.004555511873214206
0.69,2,0.004397706291603472
0.69,3,0.0035379628510343766
0.69,4,-0.0005255990358743578
0.69,5,0.0030080012927596387
0.69,6,0.0010742087669551646
0.69,7,0.0017683033444935402
0.69,8,0.003921778885160532
0.69,9,-0.002437418591096677
0.69,10,0.0023970899149857246
0.69,11,0.0003554152985121495
0.69,12,0.0005231167644534412
0.69,13,0.000854380483843245
0.69,14,0.002126012837200299
0.69,15,-0.0016921074339155816
0.69,16,0.0024635091261420577
0.69,17,0.0018615906592974172
0.69,18,-0.0018180940377697285
0.69,19,-0.00014115622333755345
0.69,20,0.00044442855784189087
0.69,21,0.0017141078630547328
0.69,22,0.0018721107691505143
0.69,23,-0.002134490849165545
0.69,24,-0.0021443073706149886
0.69,25,0.00322695819448811
0.69,26,-0.0006207898437499801
0.69,27,-0.0028517422976085827
0.69,28,0.0030465901432573583
0.69,29,-0.0024144727724227603
0.69,30,-0.0012258204840685733
0.69,31,-0.0014024982926506113
0.69,32,0.004013221491654109
0.69,33,-0.0054484227391040415
0.69,34,-0.0018314879437621187
0.69,35,0.0014635898197182214
0.69,36,0.0007054506292482909
0.69,37,-0.0013841123665519158
0.69,38,-0.0009863251710722678
0.69,39,0.001276518647567421
0.69,40,0.005039588008283469
0.69,41,-0.006064897647481236
0.69,42,0.004625166416821747
0.69,43,-0.002883081042266572
0.69,44,0.0007694775189291511
0.69,45,-0.0007707289460184417
0.69,46,5.1834265665159216e-5
0.69,47,0.0031041654177551615
0.69,48,-0.00423489105994851
0.69,49,0.0027607868112830094
0.69,50,-0.00341792828867329
0.69,51,0.0006123533171331425
0.69,52,-0.0027126510838921146
0.69,53,-0.0013587689851535043
0.69,54,0.001497711370434592
0.69,55,0.0026093083163215417
0.69,56,0.001741135443251468
0.69,57,-0.0009269148268274954
0.69,58,0.00016208826940739593
0.69,59,-0.003010100903013176
0.69,60,0.003285349751329234
0.69,61,-0.0016206168577485118
0.69,62,4.922947133073992e-5
0.69,63,0.001346666547885741
0.69,64,-0.0001548706119889552
0.69,65,-0.0025222909376016863
0.69,66,0.002035702698015182
0.69,67,0.003996876780186251
0.69,68,-0.006789705001131522
0.69,69,0.0031314205246488792
0.69,70,0.0011718250954233303
0.69,71,0.0009137613746943348
0.69,72,-0.0017341174036019918
0.69,73,-0.00020804560908872156
0.69,74,-0.00280748008830105
0.69,75,-0.0009748400943496054
0.69,76,-0.00010934337223168847
0.69,77,-0.0026007070815003133
0.69,78,0.0003354226341606137
0.69,79,-0.002440039327920588
0.69,80,0.0018377958082280083
0.69,81,-0.00238750419278287
0.69,82,-0.0011701040375655435
0.69,83,-0.0015980603472641208
0.69,84,-0.0014099432857965688
0.69,85,0.003105525592446164
0.69,86,0.001229440314862001
0.69,87,-0.001578941973452261
0.69,88,-0.00151918289994027
0.69,89,0.0015963600573951787
0.69,90,0.0003793971023464165
0.69,91,-0.0037567482164735967
0.69,92,0.000337256261909693
0.69,93,-0.003953754022415146
0.69,94,0.002727125696998231
0.69,95,0.0008222403522199223
0.69,96,0.0031322225938592903
0.69,97,0.0032718447720654358
0.69,98,0.004505258694953625
0.69,99,0.00817505459446484
0.69,100,0.0035610415570578903
0.69,101,-0.00043743252563366395
0.69,102,0.000637044548230112
0.69,103,0.005788138752833102
0.69,104,-0.0029265068589266518
0.69,105,0.006502364151178674
0.69,106,0.0017626008991146783
0.69,107,-0.0016841682030850397
0.69,108,0.0016434559469499014
0.69,109,0.001020362126904844
0.69,110,0.0006307010577267042
0.69,111,0.004668549982519676
0.69,112,0.0008307183089450656
0.69,113,-0.0020421565621086928
0.69,114,-0.0021208637991969558
0.69,115,0.0023855129971535175
0.69,116,0.0013050118928363526
0.69,117,-0.0034451560439355895
0.69,118,0.0009856370760405492
0.69,119,0.0003328631061939929
0.69,120,-0.0020322669711137576
0.69,121,-0.0013118350737972438
0.69,122,-0.001374853869370789
0.69,123,0.003477873301158754
0.69,124,-0.002519034982518406
0.69,125,0.002087785266210155
0.69,126,-0.0007001278565154711
0.69,127,0.0013284595429974048
0.69,128,-0.001039366646134218
0.69,129,0.0001124711884471019
0.69,130,0.00016365583264678953
0.69,131,-0.0031499556627809355
0.69,132,-0.0009707085478427408
0.69,133,0.002635506305171063
0.69,134,-0.0016366396390829943
0.69,135,0.0013684133681684649
0.69,136,0.0014881995121411385
0.69,137,-0.0015283415399734847
0.69,138,0.005123422254361493
0.69,139,-0.004866055664004832
0.69,140,0.002587893565315448
0.69,141,0.0037791567954253607
0.69,142,0.0007760518839678417
0.69,143,0.0009791074877603177
0.69,144,0.0012223769309902843
0.69,145,-0.001391506541848547
0.69,146,-0.0006618228887167167
0.69,147,0.001446635023048043
0.69,148,-0.0010845531544033471
0.69,149,0.0014503773164387355
0.69,150,-0.0013533664422052736
0.69,151,0.000699447368009895
0.69,152,-0.0010956486529963673
0.69,153,-6.570057361200479e-5
0.69,154,-2.4916542414751268e-5
0.69,155,0.0029181551719922663
0.69,156,-0.00289420596258508
0.69,157,0.005495468262195781
0.69,158,-0.0009381412524823462
0.69,159,0.001788763807390219
0.69,160,-0.002228016911509772
0.69,161,-0.0010296770901863806
0.69,162,0.0011742456307500195
0.69,163,0.00026550108259702597
0.69,164,0.0034538981046439367
0.69,165,0.00018070965294052026
0.69,166,0.001811910880428539
0.69,167,-0.0011050603539598325
0.69,168,0.0026292050056945736
0.69,169,0.0005002915266593235
0.69,170,-0.0012561229425095575
0.69,171,-0.0037259784005836166
0.69,172,0.002717998554881524
0.69,173,-0.001620596745399993
0.69,174,0.0021868235319395897
0.69,175,-0.0018256220813237314
0.69,176,0.004645426658390627
0.69,177,-0.0027627959864426907
0.69,178,-0.0013794220053614068
0.69,179,0.003125545240773475
0.69,180,-0.0017225257875510538
0.69,181,-0.0016257408269329083
0.69,182,-0.0007171762097758847
0.69,183,0.007741718322128776
0.69,184,-0.0031048380642364217
0.69,185,-0.013500161558955963
0.69,186,0.018313500619179704
0.69,187,0.004717750465386715
0.69,188,-0.006124958591609678
0.69,189,0.005834500431170191
0.69,190,0.14673294205299972
0.69,191,-0.061255913683253685
0.69,192,0.8455630383341645
0.69,193,0.00497372891598023
0.69,194,0.004166394655669968
0.69,195,-0.001295456780669874
0.69,196,0.00024578100121442064
0.69,197,-0.0002524000544660604
0.69,198,-0.00018058236605125602
0.7,intercept,0.0036893780962594202
0.7,1,0.004460513459602092
0.7,2,0.00407654018559303
0.7,3,0.0033249048759921426
0.7,4,-0.0005404676312821937
0.7,5,0.002878793528192787
0.7,6,0.0010326533272051125
0.7,7,0.0014210833003072672
0.7,8,0.003916488580460185
0.7,9,-0.002501190585767215
0.7,10,0.0017090290894780519
0.7,11,0.0011721155281649819
0.7,12,0.00040796860287224473
0.7,13,0.000961842085935182
0.7,14,0.0021273804598626266
0.7,15,-0.0014712885471946477
0.7,16,0.002779355626603021
0.7,17,0.0017096609806910878
0.7,18,-0.0024355168791545105
0.7,19,0.0002528037470252402
0.7,20,0.00018728725871867597
0.7,21,0.0020176658197959127
0.7,22,0.002092775663183523
0.7,23,-0.0023652677480402594
0.7,24,-0.002434778656526993
0.7,25,0.003215312912501828
0.7,26,-0.0005539868276329548
0.7,27,-0.003305664669683017
0.7,28,0.004465898834143799
0.7,29,-0.003038955694785844
0.7,30,-0.0013933674238441104
0.7,31,-0.0014293794711944601
0.7,32,0.004028551674035201
0.7,33,-0.005377341303997435
0.7,34,-0.0020256312124365124
0.7,35,0.0020043806323447556
0.7,36,0.00014936186859192216
0.7,37,-0.0009381234202417203
0.7,38,-6.480896302434548e-5
0.7,39,0.001130422295533326
0.7,40,0.0050401090924272075
0.7,41,-0.00637628749301398
0.7,42,0.00469114413092466
0.7,43,-0.002835922711027401
0.7,44,0.0008704803386586994
0.7,45,-0.0005668081437826931
0.7,46,-9.765744893136035e-6
0.7,47,0.003056625031149188
0.7,48,-0.0042087671709875344
0.7,49,0.0019055290666566398
0.7,50,-0.0027786983324919485
0.7,51,0.0008566386777343774
0.7,52,-0.0025347698769659787
0.7,53,-0.00138760606483114
0.7,54,0.001797731995449994
0.7,55,0.0023367940607622183
0.7,56,0.0015002016016845501
0.7,57,-0.0008824023033521863
0.7,58,0.00048111161095659434
0.7,59,-0.0037886999371163728
0.7,60,0.0033684080750266115
0.7,61,-0.0015906250951036908
0.7,62,-0.0003096606837633281
0.7,63,0.0015679771573932062
0.7,64,-0.0007535728561826628
0.7,65,-0.0023894764643259078
0.7,66,0.0015219934644224934
0.7,67,0.003715578595986357
0.7,68,-0.00667212061770224
0.7,69,0.003916624903479385
0.7,70,0.0012407099658565822
0.7,71,0.0004719157433048767
0.7,72,-0.0015902728494932847
0.7,73,-0.000465636187119813
0.7,74,-0.0034932616017055666
0.7,75,-0.0009234805722186414
0.7,76,-0.0002112517092054366
0.7,77,-0.0020210200708480714
0.7,78,0.0001762447097731793
0.7,79,-0.0030455587588318345
0.7,80,0.002925930689669844
0.7,81,-0.0034972834322752663
0.7,82,0.0003397997051273219
0.7,83,-0.0024613871768277614
0.7,84,-0.001234234356218554
0.7,85,0.0028969006468546688
0.7,86,0.0011483514896572541
0.7,87,-0.0012138399596121478
0.7,88,-0.0015041174195452862
0.7,89,0.0018613128645618535
0.7,90,-0.0004997542346345644
0.7,91,-0.003107270904279673
0.7,92,0.000350992159807252
0.7,93,-0.004478144991425008
0.7,94,0.0027698277980444308
0.7,95,-0.00011135588622062636
0.7,96,0.0040676463882653524
0.7,97,0.002129233250956362
0.7,98,0.005199489027128937
0.7,99,0.007940163632193
0.7,100,0.0037718560231195623
0.7,101,-0.0001914978123625553
0.7,102,0.0009316767313529243
0.7,103,0.00499008575801316
0.7,104,-0.0019644218933816894
0.7,105,0.0051321761259392725
0.7,106,0.002558162484152154
0.7,107,-0.001343825749982919
0.7,108,0.00164610983667847
0.7,109,0.001315449892380855
0.7,110,0.0005270845485896492
0.7,111,0.004107067601357103
0.7,112,0.0008171450153204275
0.7,113,-0.001955305755958542
0.7,114,-0.0018476330984152378
0.7,115,0.0020468620474851404
0.7,116,0.0012495594979377031
0.7,117,-0.003792503798053418
0.7,118,0.0011820129166059434
0.7,119,0.00020010627308285534
0.7,120,-0.002361541767517685
0.7,121,-0.0008215903718919792
0.7,122,-0.001157069433653038
0.7,123,0.0029125737873732503
0.7,124,-0.002356561806750313
0.7,125,0.002191528197025087
0.7,126,-0.0012706856338060035
0.7,127,0.0020094381661698454
0.7,128,-0.0011392447861285366
0.7,129,0.00045762874722210967
0.7,130,7.396781673741543e-5
0.7,131,-0.0024525911558235794
0.7,132,-0.0014952346156579227
0.7,133,0.002275080945275328
0.7,134,-0.0015903358949327447
0.7,135,0.0016942151910357846
0.7,136,0.0014266012474180689
0.7,137,-0.001326637489134542
0.7,138,0.00471190987319296
0.7,139,-0.004706302440390375
0.7,140,0.002034115296211453
0.7,141,0.003676384619517166
0.7,142,0.0009993573372100923
0.7,143,0.0010459390023308474
0.7,144,0.0018148972121635677
0.7,145,-0.0015625438748851379
0.7,146,-0.0005050005051380727
0.7,147,0.0010907346155014839
0.7,148,-0.0007581013146987469
0.7,149,0.0013599537004989194
0.7,150,-0.001590717734419685
0.7,151,0.0007942328206194269
0.7,152,-0.0007730374120219783
0.7,153,-0.00015313079195946664
0.7,154,-0.0004294652443827368
0.7,155,0.003283638747924601
0.7,156,-0.0024724717755533693
0.7,157,0.005757755012527318
0.7,158,-0.001123903537499046
0.7,159,0.0012250842259980545
0.7,160,-0.0025815003390884006
0.7,161,-0.0005948389817116505
0.7,162,0.0016060879867120562
0.7,163,-0.00018103718760021666
0.7,164,0.0027651051488425194
0.7,165,0.0003402174327381075
0.7,166,0.0023019558054300717
0.7,167,-0.0008053234068750217
0.7,168,0.002612084919400205
0.7,169,0.0006089463603409461
0.7,170,-0.0014513728130106944
0.7,171,-0.003991979238714587
0.7,172,0.002792900369364872
0.7,173,-0.0020987554803195987
0.7,174,0.001775108233985263
0.7,175,-0.001701627093490191
0.7,176,0.005870184874095572
0.7,177,-0.0031327291664554574
0.7,178,-0.0012457185616031078
0.7,179,0.002873055376832039
0.7,180,-0.0014201058121956222
0.7,181,-0.0020587773750933586
0.7,182,-0.0002903901830358398
0.7,183,0.007250160585615982
0.7,184,-0.0029863211955104465
0.7,185,-0.013815931691805844
0.7,186,0.017809590901207137
0.7,187,0.00466847564658442
0.7,188,-0.006748847150437091
0.7,189,0.005426344380622346
0.7,190,0.1459189083886587
0.7,191,-0.0629777703675713
0.7,192,0.852629813301666
0.7,193,0.0049531725360533576
0.7,194,0.004374535857353868
0.7,195,-0.0013484491631954082
0.7,196,0.00019197584830435077
0.7,197,-0.0002777739333448071
0.7,198,-0.00020221373466329054
0.71,intercept,0.004096359463564119
0.71,1,0.0038143430227344246
0.71,2,0.003813559146615872
0.71,3,0.0035285128642124027
0.71,4,-0.0009364499541888111
0.71,5,0.002250884045533058
0.71,6,0.001251048576365623
0.71,7,0.0017224826717072358
0.71,8,0.004388529919070712
0.71,9,-0.003052850534073545
0.71,10,0.001884388018260904
0.71,11,0.0019687555846197116
0.71,12,0.00034155952006469065
0.71,13,2.7359035760914995e-5
0.71,14,0.002773523453279408
0.71,15,-0.0025042962114749418
0.71,16,0.003551120595630457
0.71,17,0.0015186222437733473
0.71,18,-0.0031361962876770197
0.71,19,0.0007076127501864605
0.71,20,-0.00016155581471885872
0.71,21,0.002646123043853313
0.71,22,0.001721579814191529
0.71,23,-0.002801233067303924
0.71,24,-0.00221678136701531
0.71,25,0.0040511881764380055
0.71,26,-0.001091066573033995
0.71,27,-0.0028115724474879725
0.71,28,0.004375114534505654
0.71,29,-0.0030872006777960767
0.71,30,-0.001961978615117954
0.71,31,-0.001378721163190168
0.71,32,0.0046203392497261055
0.71,33,-0.005678054038498144
0.71,34,-0.001929026432887553
0.71,35,0.0022328319620387826
0.71,36,0.00047667288006981653
0.71,37,-0.0011820208095243065
0.71,38,-0.00011847465619603679
0.71,39,0.0012575800483833706
0.71,40,0.004864655452613289
0.71,41,-0.006646151746433623
0.71,42,0.004858240713648201
0.71,43,-0.0032121873853200675
0.71,44,0.0006008008304160149
0.71,45,0.0004946425591141613
0.71,46,0.0003788389019283623
0.71,47,0.0024925955631299136
0.71,48,-0.0035776428692272833
0.71,49,0.0015589894229484514
0.71,50,-0.0025862344611124995
0.71,51,0.000651368782142133
0.71,52,-0.0026818851846501764
0.71,53,-0.0008080527539616179
0.71,54,0.0016847477677812079
0.71,55,0.0017512639546046144
0.71,56,0.0010700997993344336
0.71,57,-0.0010354129596788588
0.71,58,0.0008521084321099023
0.71,59,-0.0037083093610452535
0.71,60,0.0032686449579065057
0.71,61,-0.0011500264013963423
0.71,62,-0.000594273639663018
0.71,63,0.0011218270159617332
0.71,64,0.00039858324297658047
0.71,65,-0.002900000077677166
0.71,66,0.0020568400987022828
0.71,67,0.0026404752807138426
0.71,68,-0.0063449768672538725
0.71,69,0.004200539845784215
0.71,70,0.001281242075323564
0.71,71,0.0001858322789398991
0.71,72,-0.0012343123210698246
0.71,73,-0.0007753095139342587
0.71,74,-0.003525331670290475
0.71,75,-0.0009268252170048955
0.71,76,0.00022588391680512505
0.71,77,-0.002183520263450222
0.71,78,0.0003882406117645112
0.71,79,-0.003019716184145973
0.71,80,0.0024612168862469643
0.71,81,-0.003955490159061873
0.71,82,-3.49525445446034e-5
0.71,83,-0.002676431879421174
0.71,84,-0.0015631972000886988
0.71,85,0.003291944471743887
0.71,86,0.0014893434058159743
0.71,87,-0.0002121063593156505
0.71,88,-0.0017709823157554426
0.71,89,0.0015743904284779512
0.71,90,-0.0012556340193630637
0.71,91,-0.0030970204085061428
0.71,92,0.0006641148611008001
0.71,93,-0.0047845885049117454
0.71,94,0.0027237294887108377
0.71,95,0.0005346816021923261
0.71,96,0.0032685373680048824
0.71,97,0.002233513540370721
0.71,98,0.004635599484334738
0.71,99,0.007942303781089111
0.71,100,0.004193592075335252
0.71,101,-0.0006158038136349308
0.71,102,0.001251270402227885
0.71,103,0.004450749314178943
0.71,104,-0.0014839389097014296
0.71,105,0.004408212630366821
0.71,106,0.002783251681043384
0.71,107,-0.0016451740474131367
0.71,108,0.0019175292435290154
0.71,109,0.0011363177954132444
0.71,110,0.0011222532519918873
0.71,111,0.0037830822839304092
0.71,112,0.0005370754691366948
0.71,113,-0.0019672569649538062
0.71,114,-0.002351410024128821
0.71,115,0.0022812862230825967
0.71,116,0.0015492829472386765
0.71,117,-0.0037084311190821945
0.71,118,0.000816518306982687
0.71,119,0.0001352713992968756
0.71,120,-0.0013768726338064968
0.71,121,-0.001556709989038136
0.71,122,-0.0011388976674938753
0.71,123,0.0025865250829702428
0.71,124,-0.00258462083797332
0.71,125,0.0023700321860968742
0.71,126,-0.0012348776663660074
0.71,127,0.0019037762794819645
0.71,128,-0.000964540209899315
0.71,129,0.000676199871146445
0.71,130,-0.00022993374540227098
0.71,131,-0.00266622702212877
0.71,132,-0.001701611970119727
0.71,133,0.002819639059147328
0.71,134,-0.0018472751340880816
0.71,135,0.0021536589244426597
0.71,136,0.0016859102347716126
0.71,137,-9.662513953689644e-6
0.71,138,0.003953678114228481
0.71,139,-0.004730278374846876
0.71,140,0.0018025301506463
0.71,141,0.0037663183576854306
0.71,142,0.0006660148615846916
0.71,143,0.0017731540264085736
0.71,144,0.001078230841234585
0.71,145,-0.0016902502532220886
0.71,146,-0.0004603503687220794
0.71,147,0.001546742427592087
0.71,148,-0.0007667158274955646
0.71,149,0.0017610484330795938
0.71,150,-0.002247193759563357
0.71,151,0.0010864941215705372
0.71,152,-0.0013106226256818841
0.71,153,-0.00017771612677708356
0.71,154,-0.0004703386461919102
0.71,155,0.003608117978139891
0.71,156,-0.002202218605490456
0.71,157,0.0058226109623879035
0.71,158,-0.0015860609484163106
0.71,159,0.0022587145123518244
0.71,160,-0.0026555202755847622
0.71,161,-0.0011486767556425546
0.71,162,0.001705714514236677
0.71,163,-0.0009184105097658745
0.71,164,0.002880910322035159
0.71,165,0.0008045456049242848
0.71,166,0.0018066535103708765
0.71,167,5.179848251189188e-5
0.71,168,0.001774621967351293
0.71,169,0.0014562598826771867
0.71,170,-0.0016589648288573243
0.71,171,-0.0043591290962607665
0.71,172,0.003122733095758345
0.71,173,-0.002202750611259633
0.71,174,0.001797273101272089
0.71,175,-0.0023907362463531463
0.71,176,0.006695452968395598
0.71,177,-0.0037017111624824102
0.71,178,-0.0009519377018779183
0.71,179,0.0025206459379258834
0.71,180,-0.0006323702980094995
0.71,181,-0.0027748754046029067
0.71,182,-0.00029306704554678807
0.71,183,0.0076211810520776056
0.71,184,-0.004422244651923785
0.71,185,-0.013531539632174688
0.71,186,0.018093364968648867
0.71,187,0.0031435410030031612
0.71,188,-0.006396322881810611
0.71,189,0.0055826082213007635
0.71,190,0.14487664842355774
0.71,191,-0.06361974197260693
0.71,192,0.8593026483394165
0.71,193,0.004974232810873818
0.71,194,0.004673294859969774
0.71,195,-0.0013459505555152979
0.71,196,0.00011421757748646332
0.71,197,-0.00030446495066006776
0.71,198,-0.00023498592735991287
0.72,intercept,0.004472455454032132
0.72,1,0.0037746011898207718
0.72,2,0.004033683608355228
0.72,3,0.0033206960754162476
0.72,4,-0.0008661453344570475
0.72,5,0.00309135616814568
0.72,6,0.000547663640272512
0.72,7,0.0011791855189269066
0.72,8,0.004197490013982304
0.72,9,-0.0031138215236010953
0.72,10,0.002183845797149216
0.72,11,0.0018359391716140285
0.72,12,0.0004170191052551345
0.72,13,-5.993209928934497e-5
0.72,14,0.002142246712326032
0.72,15,-0.0026518683384706694
0.72,16,0.0037858572761338754
0.72,17,0.0018401096570075247
0.72,18,-0.003286639445539367
0.72,19,0.0007618909340593993
0.72,20,-0.00015625509717398083
0.72,21,0.0034407468635628507
0.72,22,0.0015693301721450984
0.72,23,-0.0029603211692083406
0.72,24,-0.001837600644458782
0.72,25,0.003658114121319548
0.72,26,-0.0011794474589076843
0.72,27,-0.002089986136927998
0.72,28,0.003941226882195372
0.72,29,-0.002889519968057691
0.72,30,-0.002959716742803774
0.72,31,0.0004216551088100673
0.72,32,0.0036788929456864437
0.72,33,-0.0045146013754338065
0.72,34,-0.003356657520683071
0.72,35,0.0030771561994331056
0.72,36,0.00010798173230035349
0.72,37,-0.0009881786364684293
0.72,38,0.0007600182188254205
0.72,39,0.0008873947723625555
0.72,40,0.00530907735514442
0.72,41,-0.007369357998774037
0.72,42,0.004380452591385342
0.72,43,-0.002585434558322466
0.72,44,-0.00032702975764851413
0.72,45,0.0007202090813559186
0.72,46,0.000522005845871992
0.72,47,0.003219181934637716
0.72,48,-0.003823288500933439
0.72,49,0.0012437587106982125
0.72,50,-0.0021506538265177004
0.72,51,0.000664462742125242
0.72,52,-0.002670136059430779
0.72,53,-0.00017420042640764068
0.72,54,0.0008200735394116177
0.72,55,0.0013428191212257825
0.72,56,0.0013610562679851317
0.72,57,-0.0017250842495207894
0.72,58,0.0012331526229443677
0.72,59,-0.0034953796279290615
0.72,60,0.002816437624821246
0.72,61,-0.001703723371299435
0.72,62,0.00013135969656683104
0.72,63,0.001001337667264549
0.72,64,0.0008343274615166828
0.72,65,-0.0036588553890537162
0.72,66,0.002150941885692663
0.72,67,0.0026702816984007817
0.72,68,-0.00550481891996576
0.72,69,0.0035962468445313424
0.72,70,0.0015999212516760771
0.72,71,0.00015278923457651532
0.72,72,-0.0009919247387164597
0.72,73,-0.0009820009619144513
0.72,74,-0.0038360481685911995
0.72,75,-0.0005777124967150395
0.72,76,0.0004505956092918071
0.72,77,-0.001629659757715291
0.72,78,0.0003734848975915229
0.72,79,-0.0028224906846083865
0.72,80,0.002525399090759789
0.72,81,-0.004229841966315421
0.72,82,8.407403862882226e-5
0.72,83,-0.002879869398159501
0.72,84,-0.001329059574176632
0.72,85,0.0033124279694953344
0.72,86,0.0014615858248774303
0.72,87,-0.0012022009393636251
0.72,88,-0.0009907478878014024
0.72,89,0.0011895121459645011
0.72,90,-0.001404943980128477
0.72,91,-0.002907146969489383
0.72,92,0.000637285837813523
0.72,93,-0.005302582485499707
0.72,94,0.0024467530321208605
0.72,95,0.001205381988509519
0.72,96,0.0033549850480287264
0.72,97,0.002158224955127145
0.72,98,0.004012807783986691
0.72,99,0.008338477631470071
0.72,100,0.004923434203823815
0.72,101,-0.0009523141787873478
0.72,102,0.0011788916649621115
0.72,103,0.004017585599711541
0.72,104,-0.0015823020523876013
0.72,105,0.0039714452167626535
0.72,106,0.0021126613471604333
0.72,107,-0.0009870245400259662
0.72,108,0.0023704958055102443
0.72,109,0.0005628966045209109
0.72,110,0.0017715244504485118
0.72,111,0.0027606916353337253
0.72,112,0.0013080185257133262
0.72,113,-0.001989025497268964
0.72,114,-0.0033055395757395295
0.72,115,0.0034683425175673134
0.72,116,0.0017342119730256312
0.72,117,-0.004604766026352716
0.72,118,0.0012349338348315545
0.72,119,0.00030865036791182513
0.72,120,-0.001525292381644706
0.72,121,-0.002182626986628745
0.72,122,-0.00018056377365380222
0.72,123,0.0016571490624136922
0.72,124,-0.002531754530661326
0.72,125,0.0026628448941232977
0.72,126,-0.0012428375988832773
0.72,127,0.0020318292589949273
0.72,128,-0.0008203097036516246
0.72,129,0.0011073243467217982
0.72,130,-0.0006973436794079365
0.72,131,-0.0030670453553221936
0.72,132,-0.0015285332105117923
0.72,133,0.002459342026700701
0.72,134,-0.0020424523694761343
0.72,135,0.0028788506610199684
0.72,136,0.0009692220432724308
0.72,137,0.0006525217099013101
0.72,138,0.003701242819446136
0.72,139,-0.004534455294798227
0.72,140,0.0017818714227235853
0.72,141,0.00354134502708082
0.72,142,0.0008706771206731575
0.72,143,0.001605239499872178
0.72,144,0.0005744325082728411
0.72,145,-0.0005309870771601609
0.72,146,-0.0014581574360726364
0.72,147,0.0016780723471230036
0.72,148,-0.000307600966627589
0.72,149,0.001567399978038347
0.72,150,-0.0020208622135956134
0.72,151,0.0013166211093386558
0.72,152,-0.0021861908525745706
0.72,153,-0.00033917246533493275
0.72,154,-9.375203748294064e-6
0.72,155,0.0033206622250202306
0.72,156,-0.0013860685228988378
0.72,157,0.004704923847535378
0.72,158,-0.0008850436719192883
0.72,159,0.0010358472152870433
0.72,160,-0.0015464205554749822
0.72,161,-0.002048779178106771
0.72,162,0.0017896948835275349
0.72,163,-0.0012319440112308609
0.72,164,0.002615066868387327
0.72,165,0.0010600500572147825
0.72,166,0.0011523272668271098
0.72,167,0.00030047353395240144
0.72,168,0.0020265457692836626
0.72,169,0.0014390213150834957
0.72,170,-0.0015228695456669646
0.72,171,-0.0043222422798669365
0.72,172,0.0034066091910909904
0.72,173,-0.0018447212871728074
0.72,174,0.0021280811232846472
0.72,175,-0.002240349027025048
0.72,176,0.006394127484189181
0.72,177,-0.0042905949036785625
0.72,178,-0.0005146442310149039
0.72,179,0.0017427605493867092
0.72,180,-0.00024235084926682926
0.72,181,-0.003339121149532357
0.72,182,0.0002275000646888445
0.72,183,0.007172624954676071
0.72,184,-0.00423863061859933
0.72,185,-0.013851150073832865
0.72,186,0.01786346147442054
0.72,187,0.0020286831272091597
0.72,188,-0.006219977551481923
0.72,189,0.005155104853295871
0.72,190,0.14318597386009105
0.72,191,-0.06648628639164686
0.72,192,0.869039107803259
0.72,193,0.004518788426456334
0.72,194,0.004881290191862244
0.72,195,-0.001290724581574605
0.72,196,3.318943216369959e-5
0.72,197,-0.00033156256603755806
0.72,198,-0.00022634319136246222
0.73,intercept,0.004826113575714744
0.73,1,0.004664199368654308
0.73,2,0.0037782007728388335
0.73,3,0.0029018381189288953
0.73,4,-0.0016364124855134349
0.73,5,0.003978241865820079
0.73,6,-5.308785892151814e-5
0.73,7,0.0016310601914374281
0.73,8,0.0046476588043354115
0.73,9,-0.0038256375845728834
0.73,10,0.001737689894158095
0.73,11,0.0030710218265245686
0.73,12,-0.00041313398044210645
0.73,13,0.0005690219788996442
0.73,14,0.003491690244292155
0.73,15,-0.003887986524385086
0.73,16,0.00410753796427402
0.73,17,0.001958835105087318
0.73,18,-0.0035063772217974673
0.73,19,0.0007602506154350991
0.73,20,-9.531967668947319e-5
0.73,21,0.0032941480394451574
0.73,22,0.0009693121286603922
0.73,23,-0.002376213717274039
0.73,24,-0.0021531312703078204
0.73,25,0.0043293020571828185
0.73,26,-0.0017902139292138182
0.73,27,-0.0020590400458481346
0.73,28,0.0037445492972044024
0.73,29,-0.002254852456976738
0.73,30,-0.0032150134406195934
0.73,31,0.0008002581177522552
0.73,32,0.003150917416590832
0.73,33,-0.004102614278644391
0.73,34,-0.0033666172414454397
0.73,35,0.002919173789585403
0.73,36,-0.0003520040488815606
0.73,37,-0.0011532625057965793
0.73,38,0.00029604811620758753
0.73,39,0.001543469713632036
0.73,40,0.005522408398440539
0.73,41,-0.0077035199150763565
0.73,42,0.00456669500672726
0.73,43,-0.002862953190199062
0.73,44,-0.0006822752881276876
0.73,45,0.0011091653819222593
0.73,46,0.0004977482473251743
0.73,47,0.003244235723188045
0.73,48,-0.0035093278827362357
0.73,49,0.0009137617409967529
0.73,50,-0.001974859208371877
0.73,51,0.0006309050954371398
0.73,52,-0.0031931262664647696
0.73,53,0.0006990810155076701
0.73,54,-2.757268244292869e-5
0.73,55,0.0015115610513315348
0.73,56,0.0014601484063674422
0.73,57,-0.001630926589424001
0.73,58,0.0008272004753779352
0.73,59,-0.0026027632595706464
0.73,60,0.002628130845130906
0.73,61,-0.00223270895355235
0.73,62,0.0001348962255839118
0.73,63,0.0009282776746404175
0.73,64,0.001765068045116715
0.73,65,-0.003666855643764732
0.73,66,0.002313401977209573
0.73,67,0.002671987776998435
0.73,68,-0.005920414523108641
0.73,69,0.0032982791257652653
0.73,70,0.002403137086184609
0.73,71,-0.0007491123264599265
0.73,72,-0.0005879641919384429
0.73,73,-0.0012549444483653095
0.73,74,-0.003687180539685915
0.73,75,-0.0003472423697034688
0.73,76,0.0007301199481186715
0.73,77,-0.002145429022408227
0.73,78,-8.460691035944075e-5
0.73,79,-0.002408729807161397
0.73,80,0.0017780421017825232
0.73,81,-0.0034994885350069682
0.73,82,-0.000212551854491784
0.73,83,-0.002479093416574702
0.73,84,-0.0008790652606807054
0.73,85,0.0032483437850544133
0.73,86,0.0012949028360081675
0.73,87,-0.001046956323756493
0.73,88,-0.0006447478170230671
0.73,89,0.00032950328003269395
0.73,90,-0.0007546854068369864
0.73,91,-0.0033303289209811507
0.73,92,-0.000565543488225395
0.73,93,-0.00398673774249793
0.73,94,0.0027765582144633713
0.73,95,0.0006147011559695253
0.73,96,0.003612287185197421
0.73,97,0.002515911453047558
0.73,98,0.003329845237057948
0.73,99,0.009220095889823546
0.73,100,0.0044541828542960325
0.73,101,-0.0012634236607083063
0.73,102,0.0011711435170831653
0.73,103,0.003382271078994698
0.73,104,-0.00164335245132686
0.73,105,0.004000480726213964
0.73,106,0.0020466163704595053
0.73,107,-0.001966047271806327
0.73,108,0.0027048170565023176
0.73,109,0.0003395919396579194
0.73,110,0.002254984506818773
0.73,111,0.002306312608240563
0.73,112,0.0009843432797707254
0.73,113,-0.0009669506248406051
0.73,114,-0.003608101164744549
0.73,115,0.003435966850474221
0.73,116,0.0016546239877697777
0.73,117,-0.004632848901002429
0.73,118,0.001227249911770499
0.73,119,3.5985560474026736e-5
0.73,120,-0.001006528847240999
0.73,121,-0.001990607331859549
0.73,122,0.0006576508646595124
0.73,123,0.0014610123637561175
0.73,124,-0.0023682052957194485
0.73,125,0.0021782463607969674
0.73,126,-0.0018194821764591104
0.73,127,0.002972544875471729
0.73,128,-0.0014740042001751908
0.73,129,0.0019120359232438961
0.73,130,-0.0006944327535821684
0.73,131,-0.003294093045112812
0.73,132,-0.001814216840318275
0.73,133,0.0029679334290393265
0.73,134,-0.0023062624750443154
0.73,135,0.0024280576641823163
0.73,136,0.0016422978923510004
0.73,137,0.00011682593513422764
0.73,138,0.004396864787579971
0.73,139,-0.004357779092299345
0.73,140,0.001838664545564938
0.73,141,0.0032047965056971467
0.73,142,0.0013131927184404008
0.73,143,0.001421308989687765
0.73,144,0.0005097538986063454
0.73,145,-0.0005034607061383808
0.73,146,-0.001948910861799475
0.73,147,0.0023020416079706832
0.73,148,-0.0003903986947711423
0.73,149,0.0014857763070135362
0.73,150,-0.0010273412770098358
0.73,151,0.0004004650943276811
0.73,152,-0.0020667093424193176
0.73,153,-4.2354143970274783e-5
0.73,154,-0.0007895790902878438
0.73,155,0.004392099294381266
0.73,156,-0.002387977970016681
0.73,157,0.005052758029420909
0.73,158,-0.00171441170424377
0.73,159,0.001958095177692629
0.73,160,-0.0026324768133685083
0.73,161,-0.002275215176205743
0.73,162,0.0018182805247828073
0.73,163,-0.0014242800506919714
0.73,164,0.002382381182641714
0.73,165,0.0015738489459773252
0.73,166,0.0011604391841437064
0.73,167,0.00039632515254034456
0.73,168,0.002119087160849562
0.73,169,5.331352941428781e-5
0.73,170,0.0002507275688784499
0.73,171,-0.005585832944873556
0.73,172,0.003966390041653032
0.73,173,-0.0017669330323864087
0.73,174,0.002623068751133478
0.73,175,-0.0021812727438107423
0.73,176,0.006108050867866484
0.73,177,-0.004331370079183742
0.73,178,-0.0004814160019901947
0.73,179,0.0017193177213830186
0.73,180,-0.000532946547137556
0.73,181,-0.0029230762851680603
0.73,182,-0.0001890081873062474
0.73,183,0.0065591197077827
0.73,184,-0.0043240149406173255
0.73,185,-0.014223817227454043
0.73,186,0.017213681741643422
0.73,187,0.002398829986041934
0.73,188,-0.006581449180557787
0.73,189,0.005351887362311593
0.73,190,0.14366145433849026
0.73,191,-0.06797172080978844
0.73,192,0.8739813493042038
0.73,193,0.004585412726790657
0.73,194,0.004879912582148488
0.73,195,-0.0012481849775604205
0.73,196,-2.022216282281979e-5
0.73,197,-0.0004224720664298673
0.73,198,-0.00029527971183623966
0.74,intercept,0.005271810683659665
0.74,1,0.004079523065961051
0.74,2,0.003299269833113634
0.74,3,0.0033998721527678764
0.74,4,-0.0015528166518741248
0.74,5,0.003206538860822488
0.74,6,-6.661801747650592e-5
0.74,7,0.001930120136079849
0.74,8,0.004596452027210094
0.74,9,-0.0035857782280832497
0.74,10,0.0011748755070661982
0.74,11,0.0037298011778230406
0.74,12,-4.4391171285505394e-5
0.74,13,0.0004658257437214135
0.74,14,0.003990556359670676
0.74,15,-0.005062162306278846
0.74,16,0.004591717602287435
0.74,17,0.0019006206852633907
0.74,18,-0.0036880712262769054
0.74,19,0.0008742638279801367
0.74,20,-0.0012069772438721193
0.74,21,0.004983729608818986
0.74,22,0.0003591394852009038
0.74,23,-0.0016671038382504372
0.74,24,-0.0027615934165726172
0.74,25,0.004466572927081187
0.74,26,-0.001744907243406217
0.74,27,-0.0015635016956668639
0.74,28,0.0038162847523591863
0.74,29,-0.002136791809164865
0.74,30,-0.0031241158939401535
0.74,31,0.0007632545336152128
0.74,32,0.0035626469739723976
0.74,33,-0.004798007568806179
0.74,34,-0.00231120624974957
0.74,35,0.0021968195801908607
0.74,36,-0.0002698816344818522
0.74,37,-0.0010875618559446423
0.74,38,-0.0001839673461598499
0.74,39,0.0019265236527207237
0.74,40,0.005642767199035726
0.74,41,-0.007549859488547337
0.74,42,0.004429822716967197
0.74,43,-0.0027593576040919683
0.74,44,-0.0009481309179975259
0.74,45,0.0012793624242705285
0.74,46,-0.00020077338167396837
0.74,47,0.004016064090102651
0.74,48,-0.0033957223790150176
0.74,49,0.00046476447132384415
0.74,50,-0.0017813707818383733
0.74,51,-0.00024834701640903944
0.74,52,-0.0030300683987840296
0.74,53,0.0006584242785616473
0.74,54,-0.00023463530585124512
0.74,55,0.0012531195165319416
0.74,56,0.0022956402738384283
0.74,57,-0.0023975222208627613
0.74,58,0.0009874299638707828
0.74,59,-0.0027189891566074985
0.74,60,0.0025957797901023155
0.74,61,-0.002784422123102421
0.74,62,0.00041248301782206484
0.74,63,0.001366308592490232
0.74,64,0.0017077593183188126
0.74,65,-0.003940898308599874
0.74,66,0.0027066746017148945
0.74,67,0.0022562741179650986
0.74,68,-0.006413721797375079
0.74,69,0.003893898827622854
0.74,70,0.002154093543006134
0.74,71,-0.001198771631379357
0.74,72,-0.0002456156084564317
0.74,73,-0.0009015349910585351
0.74,74,-0.003303729194866236
0.74,75,-0.0005399354764154914
0.74,76,0.00014081159283824732
0.74,77,-0.0017354071306971244
0.74,78,-0.001055084336854589
0.74,79,-0.001453412415468623
0.74,80,0.0010366831044967574
0.74,81,-0.002087685682603687
0.74,82,0.00020738188890422738
0.74,83,-0.0030584588515074674
0.74,84,-0.0016386025713311827
0.74,85,0.0032515559654539426
0.74,86,0.001339180735093079
0.74,87,-0.0011043035368072463
0.74,88,0.00017228647503837619
0.74,89,-7.720852258066225e-5
0.74,90,-0.0008233970317605895
0.74,91,-0.003906824550291668
0.74,92,-0.0009604997183419901
0.74,93,-0.0036551662171010564
0.74,94,0.002081850523463399
0.74,95,0.0015673110048224025
0.74,96,0.00393852480673626
0.74,97,0.0012607203130679877
0.74,98,0.003141567043562164
0.74,99,0.008955863888506587
0.74,100,0.00497929604070696
0.74,101,-0.0009872854566088142
0.74,102,0.0018433747801440469
0.74,103,0.0031969822545058844
0.74,104,-0.0016269827925928103
0.74,105,0.0033881929292393963
0.74,106,0.0017370427103586426
0.74,107,-0.00166469002098329
0.74,108,0.0023046318583734753
0.74,109,0.0009297128537969373
0.74,110,0.0006491440280481554
0.74,111,0.002849750176283003
0.74,112,0.0011286603715029118
0.74,113,-0.0017333280398295079
0.74,114,-0.0028952960268717053
0.74,115,0.0021678631296096654
0.74,116,0.0027003504098955335
0.74,117,-0.005607011013665961
0.74,118,0.0018260773393413842
0.74,119,-0.00022153747383382813
0.74,120,-0.0012318818443055306
0.74,121,-0.001015410656828464
0.74,122,0.0001422242515812256
0.74,123,0.0015754984970653104
0.74,124,-0.0030185214416098487
0.74,125,0.0019057576158673548
0.74,126,-0.0017022855810047666
0.74,127,0.002967635818471073
0.74,128,-0.0013380174932052216
0.74,129,0.0022609827149105786
0.74,130,-0.0012050521704213227
0.74,131,-0.0028665147783231387
0.74,132,-0.001885859145632961
0.74,133,0.002052897986712742
0.74,134,-0.000793516220444437
0.74,135,0.0007512071561165651
0.74,136,0.0024342298494908657
0.74,137,-0.000203055034400363
0.74,138,0.0057200650966172314
0.74,139,-0.005069024359736428
0.74,140,0.0029420004171770613
0.74,141,0.0021142214588420714
0.74,142,0.0018636107238496884
0.74,143,0.0010634832203073644
0.74,144,0.00021604933696547097
0.74,145,-0.0005233261167724408
0.74,146,-0.0018718036672480743
0.74,147,0.0022356674502490817
0.74,148,-0.0007445832685488709
0.74,149,0.001745539751935912
0.74,150,-0.000708840147582484
0.74,151,0.0007313101665282671
0.74,152,-0.0015383898850496744
0.74,153,0.0006151600606786609
0.74,154,-0.00024269727112572403
0.74,155,0.0031692553334826522
0.74,156,-0.0020552685226208275
0.74,157,0.005431539146872922
0.74,158,-0.0014412804171599954
0.74,159,0.0012105545480857738
0.74,160,-0.0026345304231153105
0.74,161,-0.002190064735941598
0.74,162,0.001594432419183449
0.74,163,-0.001088120449634996
0.74,164,0.0016437761913770477
0.74,165,0.0009435335744743712
0.74,166,0.0016625971066975703
0.74,167,0.0005626162300418942
0.74,168,0.0020090711026426265
0.74,169,0.00019086687872630457
0.74,170,0.0009332457516884717
0.74,171,-0.00555781926537866
0.74,172,0.00428728496917457
0.74,173,-0.0031287891998737004
0.74,174,0.0032438710864642413
0.74,175,-0.002710561409324619
0.74,176,0.00597579486648064
0.74,177,-0.005040253263657072
0.74,178,0.0002893993979309223
0.74,179,0.0009277245067576396
0.74,180,-0.00010335725410123915
0.74,181,-0.0023616187735436183
0.74,182,-0.0007513884831195283
0.74,183,0.006178845984607163
0.74,184,-0.005109768776596418
0.74,185,-0.013720842417883143
0.74,186,0.01773302701342014
0.74,187,0.0017890514812667349
0.74,188,-0.006051969177590239
0.74,189,0.0050642512121086445
0.74,190,0.14033612178948826
0.74,191,-0.06800090359268286
0.74,192,0.8830464808440848
0.74,193,0.00440713803613586
0.74,194,0.004546400083790782
0.74,195,-0.0011851768312055775
0.74,196,-9.99061438825794e-5
0.74,197,-0.0004212424988459338
0.74,198,-0.00029045272292714704
0.75,intercept,0.005670991108482077
0.75,1,0.0041684136761157295
0.75,2,0.002134567408900959
0.75,3,0.003983955294725028
0.75,4,-0.0024213177219176863
0.75,5,0.0039503483554234305
0.75,6,-0.000289491022777051
0.75,7,0.00161964389433828
0.75,8,0.004598628479167273
0.75,9,-0.0030056021138713945
0.75,10,0.000779015163758313
0.75,11,0.0031738140322862705
0.75,12,-0.0005613278307874199
0.75,13,0.0007606602198078806
0.75,14,0.003599223301599076
0.75,15,-0.003627160832234899
0.75,16,0.004214566583897999
0.75,17,0.0020116802406460743
0.75,18,-0.0027533235186283974
0.75,19,-0.00040074151399105656
0.75,20,-0.00138344376221868
0.75,21,0.005124339081740624
0.75,22,0.0009680703303423366
0.75,23,-0.0016510193500763137
0.75,24,-0.0020636921675619923
0.75,25,0.0035344346540959947
0.75,26,-0.0011620548493505108
0.75,27,-0.001726626776942763
0.75,28,0.0040988936771547205
0.75,29,-0.002154052554041108
0.75,30,-0.0030535246556564004
0.75,31,0.0010846538435129666
0.75,32,0.003142449225226272
0.75,33,-0.0050267156770290216
0.75,34,-0.003107093633355019
0.75,35,0.0026797840782287813
0.75,36,-0.0008151770525888802
0.75,37,-0.001180803040044748
0.75,38,-0.0008426854626750074
0.75,39,0.002467975249502126
0.75,40,0.005744421949856168
0.75,41,-0.007616609500424089
0.75,42,0.0045976946092979275
0.75,43,-0.003125164717113101
0.75,44,-0.0008357861030188659
0.75,45,0.0008532345112125831
0.75,46,-0.0002015416824085112
0.75,47,0.00422816736416873
0.75,48,-0.0035333102483805904
0.75,49,0.00034344339336588785
0.75,50,-0.000682209372402594
0.75,51,-0.0008025905466970144
0.75,52,-0.002447991491935866
0.75,53,0.00029674077865468926
0.75,54,-0.0002588270652936838
0.75,55,0.00173436912331738
0.75,56,0.0015636502157218564
0.75,57,-0.002485565085502515
0.75,58,0.0012580075941607141
0.75,59,-0.0027223225505886585
0.75,60,0.002298496096421163
0.75,61,-0.003288234927648254
0.75,62,8.484997474624813e-5
0.75,63,0.0027123380089257476
0.75,64,0.0013725079071157111
0.75,65,-0.0043483085059817204
0.75,66,0.0028228608926256673
0.75,67,0.0020877686303754257
0.75,68,-0.00677572564704538
0.75,69,0.0040840220685017725
0.75,70,0.0016444457216308688
0.75,71,-0.0009322805304532771
0.75,72,3.7587223713759246e-5
0.75,73,-0.001346106416535259
0.75,74,-0.003016166236752079
0.75,75,-0.0008063682433636292
0.75,76,0.0010825413068127128
0.75,77,-0.0021132069780384457
0.75,78,-0.0006759812835355409
0.75,79,-0.002652572687165305
0.75,80,0.0016950729666427428
0.75,81,-0.0023246341282045315
0.75,82,-0.000263915278100362
0.75,83,-0.002348852442794426
0.75,84,-0.002189021295360075
0.75,85,0.00272392061330076
0.75,86,0.0016055412280659958
0.75,87,-0.0011325860930510043
0.75,88,0.00019119483655359972
0.75,89,0.0002419371948508606
0.75,90,-0.001348220014936025
0.75,91,-0.0031228959235472093
0.75,92,-0.0018196216981739462
0.75,93,-0.0043976288471398815
0.75,94,0.002956551983294991
0.75,95,0.0013924718450873085
0.75,96,0.004479141482343129
0.75,97,0.0011273394886954413
0.75,98,0.0023598612773344215
0.75,99,0.010182835685427362
0.75,100,0.005080480898520003
0.75,101,-0.0010560371978741256
0.75,102,0.0013249805759163766
0.75,103,0.002517271935479399
0.75,104,-0.0009558897012544245
0.75,105,0.00314945928405434
0.75,106,0.001968027327068162
0.75,107,-0.0029014684208898338
0.75,108,0.0037386280894791285
0.75,109,0.0011378641819343352
0.75,110,0.0006396485130014953
0.75,111,0.0032350326614700798
0.75,112,0.0008022319524005659
0.75,113,-0.001515175339120113
0.75,114,-0.002053473139129062
0.75,115,0.001169778876717416
0.75,116,0.0034495215321053295
0.75,117,-0.006908680389192316
0.75,118,0.0025699417333586968
0.75,119,-0.0010375823310371328
0.75,120,-0.00035951246579034557
0.75,121,-0.0020134385777776675
0.75,122,3.827185757949378e-5
0.75,123,0.0018275558744267738
0.75,124,-0.002672290489778201
0.75,125,0.002045880575840594
0.75,126,-0.0018962255725861836
0.75,127,0.0034219768902593395
0.75,128,-0.0004488224110345055
0.75,129,0.001878212349125498
0.75,130,-0.0006716374817320898
0.75,131,-0.003944734448165393
0.75,132,-0.0010089116089996482
0.75,133,0.0012378609015174576
0.75,134,-2.7920789772461287e-5
0.75,135,0.00022755722456158195
0.75,136,0.0025728868328610127
0.75,137,-0.00032727930875510534
0.75,138,0.005966024379052637
0.75,139,-0.00514742807801179
0.75,140,0.002857553273038291
0.75,141,0.002510474274832794
0.75,142,0.0016250145078045791
0.75,143,0.001702330161096043
0.75,144,0.0002866493208137467
0.75,145,-0.0008740768270343248
0.75,146,-0.002207992902487089
0.75,147,0.0020240109298837014
0.75,148,-0.0016121220672036612
0.75,149,0.002052562975397114
0.75,150,-0.0008222560587506757
0.75,151,0.0011711152013067461
0.75,152,-0.0006130661951386224
0.75,153,9.596798492390545e-5
0.75,154,-0.0003973516930992977
0.75,155,0.0027327937663446994
0.75,156,-0.002271364615944691
0.75,157,0.005776278842324486
0.75,158,-0.0011689664494879167
0.75,159,0.0007914844651031853
0.75,160,-0.0029256997343172645
0.75,161,-0.00145631553211779
0.75,162,0.0008656527578304279
0.75,163,-0.0014506026657119988
0.75,164,0.002257459438509138
0.75,165,0.0006126185780532296
0.75,166,0.0017381163195452191
0.75,167,-0.0002035627639979264
0.75,168,0.0034397309377652906
0.75,169,0.00014769887574446063
0.75,170,0.0010830525511326425
0.75,171,-0.006019694851560752
0.75,172,0.004665844960000463
0.75,173,-0.0027507774871670314
0.75,174,0.002803539951163114
0.75,175,-0.002316608893294184
0.75,176,0.0057550766787940934
0.75,177,-0.005553503989200482
0.75,178,0.0005569910720490484
0.75,179,0.0002239410077950771
0.75,180,-0.00047965042220342584
0.75,181,-0.0017123476876979792
0.75,182,-0.0010752944147365238
0.75,183,0.006363512663723401
0.75,184,-0.005581949618877919
0.75,185,-0.014041892075498687
0.75,186,0.018460295309855306
0.75,187,0.0013217694119101433
0.75,188,-0.00664148468495866
0.75,189,0.005167283063132497
0.75,190,0.1388483502290383
0.75,191,-0.06975883277154983
0.75,192,0.89183559120979
0.75,193,0.00497039572500601
0.75,194,0.004246933037660488
0.75,195,-0.0011005441414483601
0.75,196,-0.00013573020060214005
0.75,197,-0.00044892737152163855
0.75,198,-0.00034205908370442926
0.76,intercept,0.006087384124623191
0.76,1,0.003393350576657918
0.76,2,0.0019345774383197015
0.76,3,0.00440547767178242
0.76,4,-0.0017094078763711597
0.76,5,0.0033411756673107115
0.76,6,-0.00034765366428888146
0.76,7,0.0011961660502961405
0.76,8,0.004497687124480078
0.76,9,-0.0032808223979231637
0.76,10,0.0004246192113136708
0.76,11,0.0035656513141115054
0.76,12,-0.000853200609697661
0.76,13,0.00044830876148782746
0.76,14,0.0028796095258526284
0.76,15,-0.0033071852326830983
0.76,16,0.004049315047467131
0.76,17,0.002659197588818101
0.76,18,-0.0022760487950325967
0.76,19,-0.0005650486502890186
0.76,20,-0.0020647732460536603
0.76,21,0.0049120429246834385
0.76,22,0.0012857220148704872
0.76,23,-0.0015086749586619903
0.76,24,-0.0016542399853634543
0.76,25,0.0036058661081752224
0.76,26,-0.0016615131470017368
0.76,27,-0.0010188561540760274
0.76,28,0.0035351404497930617
0.76,29,-0.0021528079680431865
0.76,30,-0.0034067070241398886
0.76,31,0.0013366402386472546
0.76,32,0.0031139068517641007
0.76,33,-0.004877248231992607
0.76,34,-0.003251152651086368
0.76,35,0.0029888801040719734
0.76,36,-0.0015438202414884243
0.76,37,-0.0010944868479404522
0.76,38,-0.000581875110298766
0.76,39,0.0021030302380348692
0.76,40,0.0059838226147087125
0.76,41,-0.008030836243870538
0.76,42,0.005000194225666391
0.76,43,-0.0034342913520657675
0.76,44,-0.0002840733185242058
0.76,45,0.0005516624846493095
0.76,46,8.913549767751035e-5
0.76,47,0.004196116245621193
0.76,48,-0.004270639936210763
0.76,49,0.0012834365855836011
0.76,50,-0.0015710529253631195
0.76,51,0.00037949262101465495
0.76,52,-0.003456159109037655
0.76,53,0.0014852830765799516
0.76,54,-0.0007968525245706243
0.76,55,0.00171070811812043
0.76,56,0.001183020010204319
0.76,57,-0.0016930212088793705
0.76,58,-9.681293846136935e-5
0.76,59,-0.001961774258510739
0.76,60,0.0024023953971307166
0.76,61,-0.0034689690013356947
0.76,62,0.0002854738641776043
0.76,63,0.002383680993015581
0.76,64,0.0012198850067678174
0.76,65,-0.004265094040979787
0.76,66,0.002339230541474672
0.76,67,0.0014253887442029975
0.76,68,-0.006156994593172862
0.76,69,0.004439763395185508
0.76,70,0.0010359582963770542
0.76,71,-0.00017327890322758503
0.76,72,-0.0009660473921092703
0.76,73,-0.0020438592464538385
0.76,74,-0.002551835610977059
0.76,75,-0.0010718757249517361
0.76,76,0.0014601405179507777
0.76,77,-0.0010616298905093279
0.76,78,-0.001909200010436222
0.76,79,-0.002133719241129806
0.76,80,0.002162952714675224
0.76,81,-0.0015762248147231568
0.76,82,-0.0008970547900830027
0.76,83,-0.0027317871370307555
0.76,84,-0.0017917974665209847
0.76,85,0.002574381643051033
0.76,86,0.0017594056865340643
0.76,87,-0.0016012306415679764
0.76,88,0.0011245044006888412
0.76,89,-0.0006500375037429886
0.76,90,-0.0008375630895133384
0.76,91,-0.003640925182401792
0.76,92,-0.0016397641544303653
0.76,93,-0.004634789624779716
0.76,94,0.002027450320735619
0.76,95,0.0025815857566010535
0.76,96,0.003283539375473415
0.76,97,0.0008482695319020735
0.76,98,0.0024940807533333272
0.76,99,0.010982722808206629
0.76,100,0.005656515627063528
0.76,101,-0.0012753354068553856
0.76,102,0.0011674548431787287
0.76,103,0.0018426851615052618
0.76,104,-0.0006785435603246865
0.76,105,0.003066175048395876
0.76,106,0.0028217563169885777
0.76,107,-0.00321805820455256
0.76,108,0.003410517118374925
0.76,109,0.0011097218887810617
0.76,110,0.0010042146292727617
0.76,111,0.0030945521468732484
0.76,112,0.0007044921770570229
0.76,113,-0.00021676459663740234
0.76,114,-0.0020135870769789595
0.76,115,0.0012318794034060418
0.76,116,0.002589818292407449
0.76,117,-0.005275160944241
0.76,118,0.0018403716581000232
0.76,119,-0.0005695552312836141
0.76,120,-0.0012420373022251317
0.76,121,-0.0017329557718625003
0.76,122,-3.2346176248416596e-5
0.76,123,0.0016143366525805721
0.76,124,-0.0020405854477453826
0.76,125,0.0017983656851749139
0.76,126,-0.0022587846055377213
0.76,127,0.0031433607093419593
0.76,128,0.000685604312802634
0.76,129,0.0016392864051458706
0.76,130,-0.0005423186361323012
0.76,131,-0.00430236921251971
0.76,132,-0.0006226676255134284
0.76,133,0.0008164279361304732
0.76,134,0.000734869713498154
0.76,135,0.00015904009030594653
0.76,136,0.0024103830892196697
0.76,137,0.000238165036138236
0.76,138,0.005834615563369091
0.76,139,-0.004081807448475645
0.76,140,0.00287044029661905
0.76,141,0.002483139494958378
0.76,142,-7.322973968329483e-6
0.76,143,0.0016836247091092731
0.76,144,0.0006987508692000709
0.76,145,-0.0007470837498437505
0.76,146,-0.0018587484879256998
0.76,147,0.0018885920366954543
0.76,148,-0.0012042859733099975
0.76,149,0.0013191884843795152
0.76,150,2.887613039971897e-5
0.76,151,0.000536054700577131
0.76,152,-0.0003792604890644014
0.76,153,-0.0010058390598107337
0.76,154,0.00011495624324333006
0.76,155,0.002388244138470223
0.76,156,-0.001592218097772859
0.76,157,0.005032062272579338
0.76,158,-0.00090452561861496
0.76,159,0.0007532968215795684
0.76,160,-0.0033486109238527882
0.76,161,-0.0011777873970907967
0.76,162,0.0010760183991265172
0.76,163,-0.002041917770917576
0.76,164,0.0027795977146423023
0.76,165,0.00011686023093512198
0.76,166,0.0018747211419185932
0.76,167,-0.0002720774016429917
0.76,168,0.0036298257235997896
0.76,169,-0.0012035947498605212
0.76,170,0.0020932114744538527
0.76,171,-0.006959832788518679
0.76,172,0.005900833283248383
0.76,173,-0.003338990927893666
0.76,174,0.003442314852378831
0.76,175,-0.002912366171481156
0.76,176,0.00543437603400032
0.76,177,-0.004352732923878449
0.76,178,-0.00020293506125058453
0.76,179,0.0010065355970710957
0.76,180,-0.0009255656066556301
0.76,181,-0.0016019355537810675
0.76,182,-0.0015974091489444147
0.76,183,0.0062611243127703295
0.76,184,-0.006710610577879831
0.76,185,-0.013869337593063965
0.76,186,0.017425729583026673
0.76,187,0.0009540226342284717
0.76,188,-0.006570259369636848
0.76,189,0.005673124516283613
0.76,190,0.13817250379900653
0.76,191,-0.07027051428664556
0.76,192,0.8983472749312911
0.76,193,0.00459055732685152
0.76,194,0.004702686024402458
0.76,195,-0.0010431802332412667
0.76,196,-0.0001387263140867781
0.76,197,-0.0005052815258649241
0.76,198,-0.00030347238569235734
0.77,intercept,0.006564753600649142
0.77,1,0.0025062467357257587
0.77,2,0.002665148213015759
0.77,3,0.003199515180006836
0.77,4,-0.0019458237950808355
0.77,5,0.0033963692282822106
0.77,6,0.00045074328240759484
0.77,7,0.0014903364277883962
0.77,8,0.004365789819664655
0.77,9,-0.004607135008533655
0.77,10,0.0018845548750946648
0.77,11,0.002491389294471256
0.77,12,-0.000426241045723887
0.77,13,-7.118283419508478e-5
0.77,14,0.003241220929575563
0.77,15,-0.0028220341133322027
0.77,16,0.0031582879899060634
0.77,17,0.0031596097605804323
0.77,18,-0.002733108464273628
0.77,19,-0.00018955559536054387
0.77,20,-0.002112960371043012
0.77,21,0.006011877842562693
0.77,22,0.0010550708395074071
0.77,23,-0.0015383628603081523
0.77,24,-0.0022802849205449767
0.77,25,0.003944273772163997
0.77,26,-0.001874481326934985
0.77,27,-0.00024895853019060564
0.77,28,0.00295183353020773
0.77,29,-0.0024989538608523577
0.77,30,-0.003224741556181784
0.77,31,0.002837258494466437
0.77,32,0.0031495846358118927
0.77,33,-0.005405988792433577
0.77,34,-0.0029042089625783067
0.77,35,0.002495489060976744
0.77,36,-0.0011781052422235113
0.77,37,-0.0010635738230536803
0.77,38,-0.001049710879311222
0.77,39,0.0030705272096024742
0.77,40,0.006431787821138331
0.77,41,-0.008606415901730141
0.77,42,0.005689869384668687
0.77,43,-0.004105952993090305
0.77,44,-0.0006474326045178912
0.77,45,0.0012682002223463383
0.77,46,-0.00051111295902323
0.77,47,0.004394260142755281
0.77,48,-0.00408375425762137
0.77,49,0.0007699637579083588
0.77,50,-0.0014993017615502562
0.77,51,0.00043811478113042345
0.77,52,-0.0038043196465200884
0.77,53,0.002816466117951875
0.77,54,-0.0016266767677881415
0.77,55,0.0016499271461649391
0.77,56,0.0015972211215878292
0.77,57,-0.0029289811759485892
0.77,58,0.0008208844897217687
0.77,59,-0.0026068628225366652
0.77,60,0.0036018284469789877
0.77,61,-0.003712438213400459
0.77,62,-0.00044323749715058375
0.77,63,0.0022087758728730165
0.77,64,0.0010956144610423499
0.77,65,-0.0049640323553103655
0.77,66,0.0025341217590346206
0.77,67,0.002061372709559151
0.77,68,-0.006635888117660955
0.77,69,0.004812170403694949
0.77,70,0.0006018659697391852
0.77,71,-9.825596051940319e-5
0.77,72,-0.0014995411641533277
0.77,73,-0.0018836677960292413
0.77,74,-0.0021006994559508198
0.77,75,-0.00043410102814577135
0.77,76,0.0009073172918739962
0.77,77,-0.0006201621106636424
0.77,78,-0.0025685178647957465
0.77,79,-0.0012039964394790906
0.77,80,0.0018486218518728407
0.77,81,-0.001085226374443013
0.77,82,-0.001078189216133612
0.77,83,-0.0036011405609805186
0.77,84,-0.0018832883001767553
0.77,85,0.0029205423220962138
0.77,86,0.0008939480269172238
0.77,87,-0.0015080515637406365
0.77,88,0.0020860652198558195
0.77,89,-0.0004027274167117071
0.77,90,-0.001060198188020215
0.77,91,-0.0035137369160067817
0.77,92,-0.001384445584170475
0.77,93,-0.005270988127817751
0.77,94,0.0027674771458851004
0.77,95,0.0023012209378345467
0.77,96,0.0032277150832931123
0.77,97,-1.2301678979081612e-5
0.77,98,0.0023511176601230858
0.77,99,0.012563431481551854
0.77,100,0.005826018984963199
0.77,101,-0.0012620227128362607
0.77,102,0.0012405960086666321
0.77,103,0.001022245988360526
0.77,104,-0.0007695375233800077
0.77,105,0.0027432604604021786
0.77,106,0.0034873888820735974
0.77,107,-0.0024937832698035257
0.77,108,0.0030875608459755084
0.77,109,0.001039120055370321
0.77,110,0.0007237938679740361
0.77,111,0.003274833143482467
0.77,112,0.0003752483670187179
0.77,113,0.00037758423547917244
0.77,114,-0.0023836930068973764
0.77,115,0.0004909752695815795
0.77,116,0.0030254972514198717
0.77,117,-0.005267791311184931
0.77,118,0.001779100014765017
0.77,119,-0.0005794875479472203
0.77,120,-0.0009941221587273041
0.77,121,-0.001907783214719145
0.77,122,-0.00013254653866506805
0.77,123,0.0005833246191255839
0.77,124,-0.0013813446485873187
0.77,125,0.0012479933023618172
0.77,126,-0.0014198923156367013
0.77,127,0.003340644254627263
0.77,128,0.00041975548775036154
0.77,129,0.00219555445028904
0.77,130,-0.0013386287464294178
0.77,131,-0.003597650716915229
0.77,132,-0.0012153177175882593
0.77,133,0.001761257279421891
0.77,134,0.0004161499532171372
0.77,135,-0.0003346652563858207
0.77,136,0.002582900802395461
0.77,137,-0.0003196199317230348
0.77,138,0.0063350958149471035
0.77,139,-0.004415033253022028
0.77,140,0.004016671052916915
0.77,141,0.002569390358652834
0.77,142,0.0003265913848634364
0.77,143,0.0006616298150199839
0.77,144,0.0008535980340546794
0.77,145,-0.0014079139294682073
0.77,146,-0.0020914004733668338
0.77,147,0.0012667231502384753
0.77,148,-0.0008991325374578517
0.77,149,0.0015868331201048238
0.77,150,0.000240477934995728
0.77,151,0.0006495942251980624
0.77,152,-0.0004339077265359881
0.77,153,-0.001791209799287968
0.77,154,0.0009933930507855997
0.77,155,0.0029462463745840843
0.77,156,-0.001481373759770867
0.77,157,0.004895185751299063
0.77,158,-0.0009144065345240989
0.77,159,0.00046329187959589824
0.77,160,-0.0038894488777410597
0.77,161,-0.0005815682567101179
0.77,162,0.0003676149632605734
0.77,163,-0.0013006931753498283
0.77,164,0.0023343140788844178
0.77,165,-0.0009282437785687876
0.77,166,0.0022256712412149268
0.77,167,-0.0007871084205438431
0.77,168,0.0038590183334280773
0.77,169,-0.0014383055227727122
0.77,170,0.0015113966804676084
0.77,171,-0.005917009278120561
0.77,172,0.005256271252960001
0.77,173,-0.0025348769927807414
0.77,174,0.0025236657880573676
0.77,175,-0.002143419962532149
0.77,176,0.004378954279769799
0.77,177,-0.0033310761600220526
0.77,178,-0.0005824475287211082
0.77,179,0.0019244897241796368
0.77,180,-0.0019276093385607717
0.77,181,-0.00010069997119324424
0.77,182,-0.002875665015190127
0.77,183,0.00618581104386175
0.77,184,-0.007063257515848703
0.77,185,-0.013533509636197554
0.77,186,0.017025899129985863
0.77,187,-0.0010500078328458573
0.77,188,-0.005503773999195562
0.77,189,0.005482643484495539
0.77,190,0.13700602924795105
0.77,191,-0.07281398924970985
0.77,192,0.9065693846806855
0.77,193,0.004051832994852061
0.77,194,0.004319218715679145
0.77,195,-0.0010187680809443907
0.77,196,-0.00017254094995147626
0.77,197,-0.0004392183331648862
0.77,198,-0.00021928125158888941
0.78,intercept,0.006936489376672039
0.78,1,0.0029455719133988827
0.78,2,0.002269926809027644
0.78,3,0.003102958158489697
0.78,4,-0.0017799211467270561
0.78,5,0.0025386307462379586
0.78,6,0.0015621846657910392
0.78,7,0.00119629514936218
0.78,8,0.004547452218813692
0.78,9,-0.005181147186586451
0.78,10,0.0027936265100986387
0.78,11,0.0011877177585952465
0.78,12,-0.00043163901967888964
0.78,13,0.00030926016453577786
0.78,14,0.003441413578276605
0.78,15,-0.0025844505940758513
0.78,16,0.00238351234265374
0.78,17,0.0032034671217837365
0.78,18,-0.0014084660132960634
0.78,19,-0.001154762613829684
0.78,20,-0.0018762956535763253
0.78,21,0.006194521103205166
0.78,22,0.0007141519891439896
0.78,23,-0.002130162800905533
0.78,24,-0.001395254099124086
0.78,25,0.003235787747817022
0.78,26,-0.0018882900770020876
0.78,27,0.000845202949350577
0.78,28,0.0028515301470571357
0.78,29,-0.0017376222889620189
0.78,30,-0.0030498247016198313
0.78,31,0.002024369806206805
0.78,32,0.0025849084255432126
0.78,33,-0.005049523712943203
0.78,34,-0.003289576590594925
0.78,35,0.002823324261418468
0.78,36,-0.0009108720450134738
0.78,37,-0.0013961346999928393
0.78,38,-4.7282434065644436e-5
0.78,39,0.002395908929334974
0.78,40,0.006466281271015791
0.78,41,-0.00840133015070404
0.78,42,0.005086312801602283
0.78,43,-0.003393184000871013
0.78,44,-0.0015386034802390245
0.78,45,0.00119830387666412
0.78,46,-5.622737965757852e-5
0.78,47,0.004858205524408138
0.78,48,-0.0035733737044648987
0.78,49,0.0006540524625025808
0.78,50,-0.0024826324632046463
0.78,51,0.0012569443142569424
0.78,52,-0.0038968653265063847
0.78,53,0.002617428744299149
0.78,54,-0.0011390752131608848
0.78,55,0.0013763103295850014
0.78,56,0.0017938200676459542
0.78,57,-0.0019587304224296252
0.78,58,-0.00014802514149249492
0.78,59,-0.0026751356928074697
0.78,60,0.003563412550131047
0.78,61,-0.003550057224623223
0.78,62,-0.0008425198241942468
0.78,63,0.001955302190211675
0.78,64,0.0011685222358768681
0.78,65,-0.005353424811909541
0.78,66,0.002496546512080584
0.78,67,0.0017008648101143557
0.78,68,-0.006537586323605327
0.78,69,0.005417597587551335
0.78,70,-7.018584049621387e-5
0.78,71,-0.0004005702742623425
0.78,72,-7.637265572782296e-5
0.78,73,-0.0020219818917575384
0.78,74,-0.0024066085534471485
0.78,75,-0.0005271669009938015
0.78,76,0.0016450483823782786
0.78,77,-0.000694366088639699
0.78,78,-0.0032475411584237507
0.78,79,-0.000361702119899741
0.78,80,0.0012736374005864553
0.78,81,-0.0004864813190629991
0.78,82,-0.0015434349779459224
0.78,83,-0.0028857753070867286
0.78,84,-0.002624764349986754
0.78,85,0.002857295046602101
0.78,86,0.0010029203140861497
0.78,87,-0.0024033392758668367
0.78,88,0.0018707616082247345
0.78,89,-0.00013961607094006785
0.78,90,-0.001914072708587374
0.78,91,-0.003287848093896595
0.78,92,-0.0008936032392889727
0.78,93,-0.005371310827709343
0.78,94,0.0022050776741842876
0.78,95,0.0017852629763772333
0.78,96,0.0023344875349497586
0.78,97,0.0005069227104776613
0.78,98,0.0015178911055014257
0.78,99,0.013526777565230326
0.78,100,0.00618284585640696
0.78,101,-0.002945666055475957
0.78,102,0.003194067685413123
0.78,103,0.0008328372452893569
0.78,104,-0.0007044086450126018
0.78,105,0.0029750465692777073
0.78,106,0.0035122250755004005
0.78,107,-0.0017234828654424923
0.78,108,0.0030168223598514535
0.78,109,0.002351428918204977
0.78,110,3.643302283272572e-5
0.78,111,0.003195036405669288
0.78,112,5.820792205301838e-5
0.78,113,0.0002685340025145644
0.78,114,-0.0017291959543681672
0.78,115,0.00013716437116352502
0.78,116,0.003850610454675654
0.78,117,-0.006208815982559517
0.78,118,0.00223206374146303
0.78,119,-0.0009640394413635348
0.78,120,-0.0011548628087371074
0.78,121,-0.0015670168263809047
0.78,122,-0.001370765309767004
0.78,123,0.0016366868592721363
0.78,124,-0.0014701652103666074
0.78,125,0.0010892649256000954
0.78,126,-0.0012039479971973246
0.78,127,0.003195756555643372
0.78,128,0.0011540830636096
0.78,129,0.0014720569130724777
0.78,130,-0.0006494499348828088
0.78,131,-0.0038652128689353276
0.78,132,-0.0016591123660612407
0.78,133,0.0017442289858297898
0.78,134,0.0004931795179856902
0.78,135,-0.00014313315024914246
0.78,136,0.0023868684035285594
0.78,137,-0.0002442900795209121
0.78,138,0.006294323075810332
0.78,139,-0.005252912943553812
0.78,140,0.00465368833553499
0.78,141,0.0023325071136634725
0.78,142,0.0001253808191579581
0.78,143,0.0005911973096193945
0.78,144,0.001005015021573966
0.78,145,-0.001151853597149715
0.78,146,-0.0020546656033223654
0.78,147,0.00032365727995860814
0.78,148,-0.0008708880918448281
0.78,149,0.0017605575313559348
0.78,150,0.00013315306185198526
0.78,151,0.001505529076600692
0.78,152,-0.0004955277879454935
0.78,153,-0.0018412069418735691
0.78,154,0.0008513434715462398
0.78,155,0.0029058532372972785
0.78,156,-0.00244297680374297
0.78,157,0.005118149971991365
0.78,158,-0.0014544477485400088
0.78,159,0.0010075017286802698
0.78,160,-0.0034781566390683734
0.78,161,-0.0015782742832369443
0.78,162,0.0005411455999059305
0.78,163,-0.0018437120683954143
0.78,164,0.003051192551338113
0.78,165,-0.000725283743262564
0.78,166,0.0016819733917721059
0.78,167,-0.0009507462913753945
0.78,168,0.003707101313381889
0.78,169,-0.0006462274512545159
0.78,170,0.0010005067481943758
0.78,171,-0.006101907702313772
0.78,172,0.00478680216556092
0.78,173,-0.0019142959606187066
0.78,174,0.0020259069923160658
0.78,175,-0.0013506176226522298
0.78,176,0.0051576909728224376
0.78,177,-0.004037579286758344
0.78,178,-0.0016167867275089162
0.78,179,0.0025668035105405945
0.78,180,-0.002640816111484793
0.78,181,0.00018125074643914524
0.78,182,-0.0028719422667859663
0.78,183,0.005796321473212356
0.78,184,-0.007541109702015241
0.78,185,-0.013055651492546585
0.78,186,0.017021644923403134
0.78,187,0.0005557546638457879
0.78,188,-0.006295360104099348
0.78,189,0.006194661046375283
0.78,190,0.1371131123012527
0.78,191,-0.07411494436857773
0.78,192,0.9115552100926078
0.78,193,0.003562304518386327
0.78,194,0.0044429542360246805
0.78,195,-0.0009544783394012727
0.78,196,-0.0002043137435246128
0.78,197,-0.0004677761506455061
0.78,198,-0.00020911628380919454
0.79,intercept,0.007319764582012676
0.79,1,0.0029025001493264185
0.79,2,0.0019969857781098467
0.79,3,0.0027367300660166953
0.79,4,-0.0024914992678412512
0.79,5,0.0024281556178037183
0.79,6,0.001487961687346353
0.79,7,0.0016811594134271506
0.79,8,0.005382884425525296
0.79,9,-0.005205672834325052
0.79,10,0.0016454199677919308
0.79,11,0.0023213495952340538
0.79,12,-0.0014189684278132265
0.79,13,0.0010507438634044268
0.79,14,0.0032537636890348012
0.79,15,-0.003417163999580696
0.79,16,0.002967956165936909
0.79,17,0.002746809574632554
0.79,18,-0.0008357515354974548
0.79,19,-0.00118709467857557
0.79,20,-0.001958860687627431
0.79,21,0.00583085762898248
0.79,22,0.000982872673458685
0.79,23,-0.0027042964272058928
0.79,24,-0.000658542899515655
0.79,25,0.0019528466143410392
0.79,26,-0.0018692097810177769
0.79,27,0.0012867399040867437
0.79,28,0.0027606120740385734
0.79,29,-0.0020986303021193553
0.79,30,-0.0027114359313279847
0.79,31,0.0023195911687012754
0.79,32,0.0028156344290957247
0.79,33,-0.0037673382795155134
0.79,34,-0.003441286208922223
0.79,35,0.002281564274351324
0.79,36,-0.000845681401910085
0.79,37,-0.0012066993331496059
0.79,38,0.0001395591332651092
0.79,39,0.0027758180571484247
0.79,40,0.00634984855814481
0.79,41,-0.008052329920614307
0.79,42,0.0041195722604490306
0.79,43,-0.003777802858355792
0.79,44,-0.0011759979567846622
0.79,45,0.0009423275850147278
0.79,46,-0.0003054390061395246
0.79,47,0.005068733865276504
0.79,48,-0.0026530962463489115
0.79,49,0.00011622844223161371
0.79,50,-0.0021378929855344554
0.79,51,0.000817559900667155
0.79,52,-0.0035244761299935514
0.79,53,0.0030207594301274645
0.79,54,-0.0011906894092402252
0.79,55,0.0008251097499581424
0.79,56,0.001928707601779983
0.79,57,-0.0021729848547184156
0.79,58,-0.0002717832501999616
0.79,59,-0.0024613212693199576
0.79,60,0.0032294177562834365
0.79,61,-0.004014057134492123
0.79,62,0.00023535213999856816
0.79,63,0.0013244748957936725
0.79,64,0.001226856268843264
0.79,65,-0.005505241852827465
0.79,66,0.0027916973503189562
0.79,67,0.002123617952803425
0.79,68,-0.006881593183242342
0.79,69,0.004553794669388105
0.79,70,-8.210868912676561e-5
0.79,71,0.00017846018125028
0.79,72,-0.0002967261655258802
0.79,73,-0.0009479627307842907
0.79,74,-0.003545003022775649
0.79,75,-0.00018813324640089553
0.79,76,0.0019443226557896787
0.79,77,-0.0013341306234606405
0.79,78,-0.002471373026165213
0.79,79,-0.0009930431665065463
0.79,80,0.001259626298194847
0.79,81,0.0002785059348395339
0.79,82,-0.0018089753627920687
0.79,83,-0.003156976845798626
0.79,84,-0.002789367092321451
0.79,85,0.0036529395320763925
0.79,86,-7.236185741834999e-5
0.79,87,-0.0013921027608179493
0.79,88,0.001900214833141009
0.79,89,-0.0009164412888157553
0.79,90,-0.0009362590399676801
0.79,91,-0.0038658237646200717
0.79,92,-0.0010146232472291875
0.79,93,-0.005446428686449229
0.79,94,0.0018816716757196854
0.79,95,0.001722415693687167
0.79,96,0.0018015541736059505
0.79,97,0.0007002248135301236
0.79,98,0.0012302748025135636
0.79,99,0.014812517176590774
0.79,100,0.005502954888309799
0.79,101,-0.0024722233630607494
0.79,102,0.0038576578283054043
0.79,103,0.00037004406529065606
0.79,104,-0.0011604994574178657
0.79,105,0.0027932100125726616
0.79,106,0.0033848293047280265
0.79,107,-0.001782863381482911
0.79,108,0.0031675784344518862
0.79,109,0.002289178192792033
0.79,110,-1.529262203576325e-5
0.79,111,0.0031998094794994823
0.79,112,-0.00043941139776007803
0.79,113,0.000767261623207898
0.79,114,-0.00223930925015141
0.79,115,0.00029677166455676566
0.79,116,0.00509878379627713
0.79,117,-0.005297176284113075
0.79,118,0.0019154549728750173
0.79,119,-0.00040493963216435525
0.79,120,-0.001429624616837089
0.79,121,-0.001072962425632155
0.79,122,-0.0015130106757960228
0.79,123,0.0015311582634647543
0.79,124,-0.0012038708541288314
0.79,125,0.0012145105215723621
0.79,126,-0.0014305506790332238
0.79,127,0.003468336350320957
0.79,128,0.0007457991240889789
0.79,129,0.0012159065800607812
0.79,130,-0.0001437060838833481
0.79,131,-0.005103443450270099
0.79,132,-0.0009912676432368866
0.79,133,0.0022385066364061174
0.79,134,0.0004408709774507555
0.79,135,8.156230584405165e-5
0.79,136,0.0020487752992275387
0.79,137,-0.0007991480701421569
0.79,138,0.006482919198252368
0.79,139,-0.004934044092277027
0.79,140,0.00435486979990524
0.79,141,0.0017371555943544348
0.79,142,0.00012526273489149963
0.79,143,0.00019329953497091598
0.79,144,0.0006819564736679005
0.79,145,3.940638211021684e-5
0.79,146,-0.0026369092596556392
0.79,147,0.001390990332321754
0.79,148,-0.001832794810586326
0.79,149,0.0023510476159955625
0.79,150,0.0002516449442588186
0.79,151,0.002146700016730955
0.79,152,-0.0011992230554863563
0.79,153,-0.001976092402294989
0.79,154,0.0008569464822917585
0.79,155,0.002104916681695369
0.79,156,-0.0016785032986381101
0.79,157,0.004305713534594193
0.79,158,-0.00163826998050461
0.79,159,0.0007019121149467506
0.79,160,-0.0026226494216275045
0.79,161,-0.0015019969106910655
0.79,162,9.000141907913689e-5
0.79,163,-0.0026310737492109973
0.79,164,0.0032567721943001717
0.79,165,-0.0004460483690708687
0.79,166,0.001179388194181466
0.79,167,-0.0013134847639468855
0.79,168,0.0037415178664697442
0.79,169,-0.0009340437180071116
0.79,170,0.0012670966164648125
0.79,171,-0.006197983197383372
0.79,172,0.004589868202822246
0.79,173,-0.0014717714741408915
0.79,174,0.0011978781446414736
0.79,175,-0.0005287720485047299
0.79,176,0.004480642136914918
0.79,177,-0.004245946298048681
0.79,178,-0.0020051222757090374
0.79,179,0.0035943953537213615
0.79,180,-0.00414722689132661
0.79,181,0.0013805136154775468
0.79,182,-0.0038286552624358272
0.79,183,0.006427297285789583
0.79,184,-0.008356731776374823
0.79,185,-0.011661993884420088
0.79,186,0.0149267061618265
0.79,187,0.0022521237856384193
0.79,188,-0.007558561018922771
0.79,189,0.006266044854763978
0.79,190,0.13442280903925105
0.79,191,-0.07596025138238217
0.79,192,0.9215418296492675
0.79,193,0.003689267401656013
0.79,194,0.004316579549605389
0.79,195,-0.0008430907804809559
0.79,196,-0.0002216414831198149
0.79,197,-0.0004936250540277338
0.79,198,-0.00016098892198702008
0.8,intercept,0.007590248527724939
0.8,1,0.0026953801311524602
0.8,2,0.002015859907571965
0.8,3,0.0036823142377608153
0.8,4,-0.0037451373824141437
0.8,5,0.003850476444703274
0.8,6,0.0018337805847885688
0.8,7,0.0004944330097795586
0.8,8,0.0054899454590478045
0.8,9,-0.004823605131260342
0.8,10,0.0012143126239549202
0.8,11,0.0019135467742026535
0.8,12,-0.0015737936847442467
0.8,13,0.0002683081207234723
0.8,14,0.004271167706395949
0.8,15,-0.004199259309199922
0.8,16,0.0027736428378729045
0.8,17,0.0034010199591355105
0.8,18,-0.0011992119696357857
0.8,19,-0.000253306157136618
0.8,20,-0.0019834175148476726
0.8,21,0.005806510301419739
0.8,22,0.0008712059123222814
0.8,23,-0.0029883917564384687
0.8,24,-0.0008792445151977941
0.8,25,0.0018314721320388996
0.8,26,-0.0015438618715869676
0.8,27,0.0010916790723965496
0.8,28,0.003943281793498879
0.8,29,-0.003089135422376507
0.8,30,-0.0023007102050496254
0.8,31,0.0019104177009839568
0.8,32,0.002828961611987313
0.8,33,-0.0038533751909695076
0.8,34,-0.0027580421693203456
0.8,35,0.0024443212615402055
0.8,36,-0.0003156595730640103
0.8,37,-0.0018314121501597162
0.8,38,0.000431117295644123
0.8,39,0.002274101898709728
0.8,40,0.0062831995105005044
0.8,41,-0.007530282995505976
0.8,42,0.0046693310651494645
0.8,43,-0.003087755363851376
0.8,44,-0.002055732375484109
0.8,45,0.0015385750656558687
0.8,46,-0.000988227422960375
0.8,47,0.005124138679971685
0.8,48,-0.002515647440681365
0.8,49,-6.263306878181051e-5
0.8,50,-0.002206855083714001
0.8,51,0.0007164864322318279
0.8,52,-0.003062235437412953
0.8,53,0.002056252075321926
0.8,54,-0.000704541561827564
0.8,55,0.0004120419828085634
0.8,56,0.0021178060195451336
0.8,57,-0.0018476421336927663
0.8,58,-0.0006368428974341554
0.8,59,-0.0017578300062439127
0.8,60,0.0023912340538291203
0.8,61,-0.004101461264653184
0.8,62,-0.0007078360320236773
0.8,63,0.0018427879485487398
0.8,64,0.0012200305280794398
0.8,65,-0.0052444276030230485
0.8,66,0.0025513614748725274
0.8,67,0.003446179761140451
0.8,68,-0.008134460164692837
0.8,69,0.004344848640564359
0.8,70,-0.00024261295905071134
0.8,71,-0.00012157769326295555
0.8,72,0.00029768594237976836
0.8,73,-0.0012764967550611035
0.8,74,-0.003601962734993276
0.8,75,0.00046465403180373776
0.8,76,0.0018243799260145564
0.8,77,-0.0016875566541055937
0.8,78,-0.002633799888325317
0.8,79,-0.0017119577315262374
0.8,80,0.00206788238728052
0.8,81,0.0005882587755174532
0.8,82,-0.0019376771191880516
0.8,83,-0.002192519579182982
0.8,84,-0.0029564728002236087
0.8,85,0.0030719297124831087
0.8,86,-1.0303574644326456e-5
0.8,87,-0.0016829247447165394
0.8,88,0.002431901372271418
0.8,89,-0.001546380498314678
0.8,90,-0.0010100756152149626
0.8,91,-0.003892838337179441
0.8,92,-0.0018884990377745477
0.8,93,-0.005146344347158794
0.8,94,0.0009872016709294449
0.8,95,0.002672649715890089
0.8,96,0.0022190339383481934
0.8,97,0.0006530630297825988
0.8,98,0.00139663159388564
0.8,99,0.016901637536855453
0.8,100,0.004668719401440945
0.8,101,-0.0028239340918455387
0.8,102,0.004170964268609535
0.8,103,0.00019219713869888394
0.8,104,-0.00187432921481127
0.8,105,0.002561750910861166
0.8,106,0.005081672494499492
0.8,107,-0.001780712703003044
0.8,108,0.0031045872341237146
0.8,109,0.0027733797519337816
0.8,110,-0.0004082801485873286
0.8,111,0.0028488173620230955
0.8,112,-0.00014375399727178492
0.8,113,0.0002648204201897728
0.8,114,-0.0016715079425775495
0.8,115,-0.00016798187116519127
0.8,116,0.005224370052764497
0.8,117,-0.005615785615363012
0.8,118,0.0026121911274902027
0.8,119,-0.0005635775164679598
0.8,120,-0.0007692262956006091
0.8,121,-0.0007122889091857213
0.8,122,-0.002086521094952534
0.8,123,0.0019500861035715387
0.8,124,-0.0005776539205824029
0.8,125,0.0005148549636136241
0.8,126,-0.0014230202737364015
0.8,127,0.0032224394345673805
0.8,128,0.0006584790059134785
0.8,129,0.0005655740958286186
0.8,130,-0.000776186141034211
0.8,131,-0.0038740624272226884
0.8,132,6.09404138830988e-5
0.8,133,0.0016800375113793853
0.8,134,0.0009248958356254251
0.8,135,-0.0007627085220740804
0.8,136,0.0014945282107755643
0.8,137,-3.137068647645308e-5
0.8,138,0.006473248886874351
0.8,139,-0.005507200671603679
0.8,140,0.003540391985811501
0.8,141,0.002647914467995981
0.8,142,-8.579157612200887e-5
0.8,143,0.0003954354939529276
0.8,144,0.0006565527687738245
0.8,145,-0.0002966281989398979
0.8,146,-0.0020495114641740537
0.8,147,0.0008631369811243734
0.8,148,-0.001534700537775105
0.8,149,0.0021949180596672136
0.8,150,-0.0003001476396244369
0.8,151,0.003103634308607509
0.8,152,-0.0009781276960618038
0.8,153,-0.0024970178115343
0.8,154,0.0004334324184447232
0.8,155,0.002074217787967625
0.8,156,-0.0012550348261233472
0.8,157,0.0045031420883117805
0.8,158,-0.002207893880899153
0.8,159,0.0009255068305537368
0.8,160,-0.0029203891656169314
0.8,161,-0.0008488741625250712
0.8,162,-0.0013059127281021881
0.8,163,-0.002597435863273375
0.8,164,0.0031139086390739733
0.8,165,0.00014884096993455175
0.8,166,0.001690028388351787
0.8,167,-0.0026409390198992443
0.8,168,0.004152041295663419
0.8,169,-0.0009922268858896727
0.8,170,0.0016649284945611787
0.8,171,-0.005549763938107106
0.8,172,0.0044566048101140855
0.8,173,-0.0012819666102590658
0.8,174,0.001878853920914205
0.8,175,-0.0007089420997498768
0.8,176,0.004578947930765717
0.8,177,-0.004016664756235844
0.8,178,-0.00257585865683316
0.8,179,0.0038526093948615314
0.8,180,-0.004520061472392872
0.8,181,0.0014176304307590916
0.8,182,-0.004052369542660254
0.8,183,0.006291151020230601
0.8,184,-0.009787128560899954
0.8,185,-0.009980598942042652
0.8,186,0.014387714577107654
0.8,187,0.0025673113909365232
0.8,188,-0.008485334588665213
0.8,189,0.007274392104141188
0.8,190,0.13174892889330755
0.8,191,-0.07493926444091821
0.8,192,0.9251235592428082
0.8,193,0.004271768332688575
0.8,194,0.004043485867989534
0.8,195,-0.0007717752134139802
0.8,196,-0.0002778641364119565
0.8,197,-0.0005060599919632439
0.8,198,-0.00023072194758969874
0.81,intercept,0.007982622090801389
0.81,1,0.003582420425144277
0.81,2,0.0011718147548593547
0.81,3,0.003355566567487506
0.81,4,-0.003504550534230662
0.81,5,0.004471757987069018
0.81,6,0.001227535719771974
0.81,7,0.0014734807627393234
0.81,8,0.004523035113823224
0.81,9,-0.003838678968490288
0.81,10,-0.00025203605021820435
0.81,11,0.0017472010823627302
0.81,12,-0.000782501093845915
0.81,13,0.0007921057263128175
0.81,14,0.004666904605746921
0.81,15,-0.0034531161625145756
0.81,16,0.0023830997856402534
0.81,17,0.003505663888286156
0.81,18,-0.002001690395369007
0.81,19,0.001228291152986656
0.81,20,-0.0027035439515292314
0.81,21,0.0047807831741992195
0.81,22,0.0026933072235879383
0.81,23,-0.0039185669184663855
0.81,24,-0.0007590240265190148
0.81,25,0.0016838048764716328
0.81,26,-0.0016229007476839202
0.81,27,0.0011422402647732039
0.81,28,0.0032538735922567914
0.81,29,-0.0029574149258523082
0.81,30,-0.0017606605733459539
0.81,31,0.0019034350586790958
0.81,32,0.002870756972162716
0.81,33,-0.0036505423891643476
0.81,34,-0.0019400043789958778
0.81,35,0.0015336154911085472
0.81,36,-8.24892246568179e-5
0.81,37,-0.0019085874562322956
0.81,38,-0.0008191184934406344
0.81,39,0.002836775951852322
0.81,40,0.006318499401805131
0.81,41,-0.007331207165891657
0.81,42,0.004292363788535668
0.81,43,-0.0032107357780825044
0.81,44,-0.0019467881202947276
0.81,45,0.0016908709624037376
0.81,46,-0.0011683966304502384
0.81,47,0.004534944412844852
0.81,48,-0.001600199710736772
0.81,49,0.0002744940652759935
0.81,50,-0.001986346181939556
0.81,51,0.000770128359522452
0.81,52,-0.002764122462829807
0.81,53,0.001207347065003976
0.81,54,-0.0004538021824324559
0.81,55,0.0005030817587865589
0.81,56,0.0015343511247345946
0.81,57,-0.0026386465309785412
0.81,58,0.00012578282622006427
0.81,59,-0.0018215820255300735
0.81,60,0.002325193954710244
0.81,61,-0.00425021694490005
0.81,62,-0.0003545120764561216
0.81,63,0.0012682748766537813
0.81,64,0.0014127764926432993
0.81,65,-0.00584147233081516
0.81,66,0.003113262634121807
0.81,67,0.0033952890321639314
0.81,68,-0.008103291799357407
0.81,69,0.004122043405901323
0.81,70,-0.0003542582928695852
0.81,71,8.002788963749743e-5
0.81,72,-0.00020108072788731294
0.81,73,-0.0010042996802014277
0.81,74,-0.003635432993251994
0.81,75,0.0009194505064809948
0.81,76,0.0017461267763762651
0.81,77,-0.0016374011459653712
0.81,78,-0.002158082893647428
0.81,79,-0.0024547304361660577
0.81,80,0.001962564996905574
0.81,81,-3.842781704116375e-5
0.81,82,-0.0017561438701984514
0.81,83,-0.0029220600633379293
0.81,84,-0.0019905199583909075
0.81,85,0.0029795617016645484
0.81,86,0.00022778916163034902
0.81,87,-0.0020631364385523153
0.81,88,0.0036013447236686105
0.81,89,-0.0019751068717552274
0.81,90,-0.0006803667887268953
0.81,91,-0.004225865815185416
0.81,92,-0.002448902995117641
0.81,93,-0.005634052240750933
0.81,94,0.0008115441938401127
0.81,95,0.0030163313075746967
0.81,96,0.001806388857491474
0.81,97,0.0004520443375479273
0.81,98,0.0003894369822242947
0.81,99,0.01972306101732214
0.81,100,0.0034873534647729284
0.81,101,-0.002524588450340608
0.81,102,0.003138327646996842
0.81,103,0.00023081277013587141
0.81,104,-0.002245601489010743
0.81,105,0.00285091249849184
0.81,106,0.005109660001543773
0.81,107,-0.0020482531995328103
0.81,108,0.002659374177244026
0.81,109,0.0034890471471206532
0.81,110,-7.839767798394986e-6
0.81,111,0.002994358318943815
0.81,112,0.0005186692096330196
0.81,113,0.0013577412558698208
0.81,114,-0.002565007189357666
0.81,115,-0.00041870501142927214
0.81,116,0.005005925820519407
0.81,117,-0.004148976154156422
0.81,118,0.001708075216093873
0.81,119,-0.000476825204300092
0.81,120,-0.0008629747409843572
0.81,121,-0.0008600280968079916
0.81,122,-0.0023070165131415395
0.81,123,0.0016060201795825607
0.81,124,0.0011105202060948107
0.81,125,0.0006519388140676878
0.81,126,-0.0018360530196660314
0.81,127,0.003336366508831525
0.81,128,0.0004637925815024278
0.81,129,0.0011272205136850847
0.81,130,-0.0010049263377824996
0.81,131,-0.0037127284637139056
0.81,132,0.00011880464257778887
0.81,133,0.0006499338191088698
0.81,134,0.0019200855303423924
0.81,135,-0.0012326704599170484
0.81,136,0.001856606532107605
0.81,137,8.932585747132194e-5
0.81,138,0.006112830779322728
0.81,139,-0.005406779367732798
0.81,140,0.003796894966110201
0.81,141,0.002748478206362925
0.81,142,-0.000621093986373112
0.81,143,0.0009502349725136648
0.81,144,0.00019544956575710598
0.81,145,-0.000575489720304365
0.81,146,-0.002124274680624591
0.81,147,0.0010842483328514928
0.81,148,-0.000732289560918356
0.81,149,0.0019772288182964685
0.81,150,7.987021797008006e-5
0.81,151,0.002544143477655074
0.81,152,-0.0010219652711903507
0.81,153,-0.002176506848648962
0.81,154,-0.0002464459471771647
0.81,155,0.002224740211030526
0.81,156,-0.0013083726397539529
0.81,157,0.0038999740093306704
0.81,158,-0.0018891784566521666
0.81,159,0.0008242840091982894
0.81,160,-0.003408054868982711
0.81,161,-0.0011130919670585416
0.81,162,-0.0016405597308958137
0.81,163,-0.002843705253758489
0.81,164,0.003851552954078786
0.81,165,-0.00045121244298462233
0.81,166,0.002237053536041281
0.81,167,-0.0036013552834056697
0.81,168,0.003789844056788412
0.81,169,-0.0012266482979460887
0.81,170,0.0023163772096746506
0.81,171,-0.004377621369593102
0.81,172,0.0038715242909880586
0.81,173,-0.00179558034950245
0.81,174,0.0010452445302675587
0.81,175,-0.0004142311559127132
0.81,176,0.0048686748914250864
0.81,177,-0.004256210575405976
0.81,178,-0.0020131261129672754
0.81,179,0.0037399206401051654
0.81,180,-0.005527670191649082
0.81,181,0.001354877656940257
0.81,182,-0.004085529361216317
0.81,183,0.005877073938478737
0.81,184,-0.00967085884368967
0.81,185,-0.009435789448343885
0.81,186,0.013830287868523904
0.81,187,0.002776663900617648
0.81,188,-0.008911964934482215
0.81,189,0.006558095820615345
0.81,190,0.13270969716572753
0.81,191,-0.07661784818905115
0.81,192,0.931531199201638
0.81,193,0.003781604549953181
0.81,194,0.003714439823714587
0.81,195,-0.0005907375950842878
0.81,196,-0.0002602495931884864
0.81,197,-0.00047355910739135495
0.81,198,-0.00015657893304399893
0.82,intercept,0.008403094965951746
0.82,1,0.004406200075984206
0.82,2,0.0002872612253440985
0.82,3,0.0032518643880614048
0.82,4,-0.004478118884829237
0.82,5,0.005214964834976644
0.82,6,0.0014426649626124964
0.82,7,0.0023977053000732666
0.82,8,0.004181947226236713
0.82,9,-0.0037423599657911712
0.82,10,-0.0007632002655515759
0.82,11,0.002887475946702215
0.82,12,-0.001581454627526947
0.82,13,0.0006290208329534058
0.82,14,0.004637126222546087
0.82,15,-0.003824294709634021
0.82,16,0.002011902397877902
0.82,17,0.0036607687933982534
0.82,18,-0.0034553564624523222
0.82,19,0.0020057026908966787
0.82,20,-0.0020799446756457167
0.82,21,0.005306271405401337
0.82,22,0.00196809364631105
0.82,23,-0.003493723070368649
0.82,24,-0.0004080627843376478
0.82,25,0.0018558250717540096
0.82,26,-0.0023761243719554975
0.82,27,0.001190133505425073
0.82,28,0.0036653799754805985
0.82,29,-0.0024137321589667972
0.82,30,-0.0017782337029722591
0.82,31,0.0011124792943073866
0.82,32,0.0036939596916141086
0.82,33,-0.003577048597685108
0.82,34,-0.0015597101525036258
0.82,35,0.0008090984116950949
0.82,36,0.0007497598271382213
0.82,37,-0.001928951315731609
0.82,38,-0.0007405183105161772
0.82,39,0.0019213944077219973
0.82,40,0.006573543757868249
0.82,41,-0.007472890202286798
0.82,42,0.004497934805664822
0.82,43,-0.003028650665660518
0.82,44,-0.0018676025894172202
0.82,45,0.00039576907378743035
0.82,46,-0.0010490412656522577
0.82,47,0.004481822826290628
0.82,48,-0.0008904959722205003
0.82,49,-1.07193125396037e-5
0.82,50,-0.0017934860646316498
0.82,51,0.0011763838484479955
0.82,52,-0.003412148157549242
0.82,53,0.0016408424060802243
0.82,54,0.00033780338991307374
0.82,55,0.0005617696232551194
0.82,56,0.0009356541048514834
0.82,57,-0.002017754223886718
0.82,58,-0.0007133242245603231
0.82,59,-0.0016791894988545742
0.82,60,0.0015042600320374104
0.82,61,-0.004722146045655601
0.82,62,0.0006365597315596434
0.82,63,0.0011899551929851649
0.82,64,0.0013211878834756927
0.82,65,-0.005052431693049024
0.82,66,0.0027348501114664884
0.82,67,0.002523590487434021
0.82,68,-0.00665317222262675
0.82,69,0.0025666840215361527
0.82,70,0.00020921704178961605
0.82,71,8.992285931823806e-5
0.82,72,-6.875971454368648e-6
0.82,73,-0.0013813710598513012
0.82,74,-0.003768018814822691
0.82,75,0.001128595123417975
0.82,76,0.0021649324791926986
0.82,77,-0.0007177047732755251
0.82,78,-0.002688592154879396
0.82,79,-0.0024490264226652778
0.82,80,0.0019031347267163665
0.82,81,-0.00107321286873843
0.82,82,-0.0019348857012621878
0.82,83,-0.0016354680594365552
0.82,84,-0.0031190227705559276
0.82,85,0.0032213435528135304
0.82,86,-0.0005275258093720142
0.82,87,-0.0019148791389545204
0.82,88,0.004588441441421884
0.82,89,-0.00181871486344059
0.82,90,-0.0016289203900055275
0.82,91,-0.003730007034820347
0.82,92,-0.003351934394635059
0.82,93,-0.006150934302108467
0.82,94,0.0009278392219262592
0.82,95,0.0038254088447380267
0.82,96,0.0004488093935506629
0.82,97,0.0016033589404396626
0.82,98,0.000863309777405132
0.82,99,0.020865353061690538
0.82,100,0.004200868498683817
0.82,101,-0.004152961223133485
0.82,102,0.004261197144126006
0.82,103,0.00039710779497419667
0.82,104,-0.0023786296849819463
0.82,105,0.0024999934263179526
0.82,106,0.004957704775280079
0.82,107,-0.0023348297625395047
0.82,108,0.002310306243943004
0.82,109,0.003847663550106478
0.82,110,-0.0004977221355165238
0.82,111,0.0035470135443133196
0.82,112,0.0005870876260250429
0.82,113,0.001915248802590781
0.82,114,-0.0036075765249612966
0.82,115,0.00010988709092883931
0.82,116,0.0046850507010648005
0.82,117,-0.0036820505013171524
0.82,118,0.001785295149191438
0.82,119,-0.0006612606755652914
0.82,120,-0.0018084009056963594
0.82,121,-0.00011397005517368972
0.82,122,-0.0021735942371046194
0.82,123,0.0020624257209339984
0.82,124,0.0008671771577330254
0.82,125,0.0005660853092537744
0.82,126,-0.0018594657070369076
0.82,127,0.003527911316505284
0.82,128,-8.804774320358515e-5
0.82,129,0.0012920199493723762
0.82,130,0.00010066047452887163
0.82,131,-0.004268110379764003
0.82,132,2.5016290396329232e-5
0.82,133,0.0006575482080463763
0.82,134,0.001696261639590117
0.82,135,-0.00171947618639348
0.82,136,0.002378635678166424
0.82,137,-0.00025252819772661895
0.82,138,0.006508142772269619
0.82,139,-0.004887085865716063
0.82,140,0.003059375268206869
0.82,141,0.0024431076895287183
0.82,142,-6.055652390150871e-5
0.82,143,0.00033983826991512163
0.82,144,0.0008740570519656563
0.82,145,-0.0008225413064883913
0.82,146,-0.0017678921888249289
0.82,147,0.0010661546293755581
0.82,148,-0.0005388547122850265
0.82,149,0.001398727508412452
0.82,150,6.220430169032658e-6
0.82,151,0.0030493424255549867
0.82,152,-0.0016869037625249915
0.82,153,-0.001423676137829071
0.82,154,-0.0008299371983649498
0.82,155,0.0025646920971126932
0.82,156,-0.001983298100426653
0.82,157,0.004418110007782503
0.82,158,-0.0024184093892811323
0.82,159,0.000496342676567369
0.82,160,-0.004358369501151145
0.82,161,-0.0009229499792769891
0.82,162,-0.0015906397725150565
0.82,163,-0.003206398633634665
0.82,164,0.0028284420938086956
0.82,165,0.0009886790448486642
0.82,166,0.00156745002962321
0.82,167,-0.0027675338469052733
0.82,168,0.003633793133532193
0.82,169,-0.0012806652320894937
0.82,170,0.0019949208475295143
0.82,171,-0.004610445937899184
0.82,172,0.003471591477271213
0.82,173,-0.0016009979816168486
0.82,174,0.0011014417839640992
0.82,175,0.00046804855433442427
0.82,176,0.00478452193903899
0.82,177,-0.0038092140861428637
0.82,178,-0.002650818519720654
0.82,179,0.002856235852319822
0.82,180,-0.005420373893425358
0.82,181,0.0008933777625741673
0.82,182,-0.0037922068497405976
0.82,183,0.005309924504543622
0.82,184,-0.009248835120190221
0.82,185,-0.00968845039943684
0.82,186,0.012856787629757248
0.82,187,0.0019061899128936086
0.82,188,-0.0066830186460278855
0.82,189,0.006897056124254086
0.82,190,0.13263761479950872
0.82,191,-0.07769623328009084
0.82,192,0.93769262682998
0.82,193,0.003570020765840263
0.82,194,0.003280153800083364
0.82,195,-0.000551817168603011
0.82,196,-0.0002792670611940101
0.82,197,-0.0004230253575898226
0.82,198,2.4107433975425682e-5
0.83,intercept,0.0087010244005816
0.83,1,0.0053635235526386426
0.83,2,-0.0006763427304000062
0.83,3,0.003597625180928066
0.83,4,-0.005789284293290125
0.83,5,0.006235406727908403
0.83,6,-0.00029223206499373773
0.83,7,0.0025005308342686762
0.83,8,0.004698698844833038
0.83,9,-0.0035694987005154186
0.83,10,-0.00044610399078658824
0.83,11,0.0015529863772358863
0.83,12,-0.0003481990694577349
0.83,13,0.0018266955127740233
0.83,14,0.004043730853330377
0.83,15,-0.0024525887398906933
0.83,16,0.002152288984881057
0.83,17,0.0037266494469630224
0.83,18,-0.004715510116753852
0.83,19,0.0017699447451334474
0.83,20,-0.0018982828433101544
0.83,21,0.005315670566840626
0.83,22,0.0024322643528437373
0.83,23,-0.004220234793338635
0.83,24,0.00013039442165421188
0.83,25,0.0017163678531396556
0.83,26,-0.002890949445068164
0.83,27,0.0013705138176921784
0.83,28,0.0035981731630858327
0.83,29,-0.0017532629561158117
0.83,30,-0.0017852777021899562
0.83,31,0.001318222272007357
0.83,32,0.0030974981904042962
0.83,33,-0.003383887661254399
0.83,34,-0.001554673577351529
0.83,35,0.0010189650811499521
0.83,36,0.0008607622847239241
0.83,37,-0.0017890534531712285
0.83,38,-0.0016175306714653775
0.83,39,0.002428049832214209
0.83,40,0.005773098301806824
0.83,41,-0.0068032378548468
0.83,42,0.0047620667993600084
0.83,43,-0.003091675568410956
0.83,44,-0.0027560111798292353
0.83,45,0.0007743029057122319
0.83,46,-0.0004629817787109754
0.83,47,0.004249713017456056
0.83,48,-0.001054077876674655
0.83,49,-0.0002532221749402605
0.83,50,-0.0010266951876514365
0.83,51,0.0007250915275861593
0.83,52,-0.0038959385760172966
0.83,53,0.003168717178375446
0.83,54,-0.0006773129720801354
0.83,55,0.0011461067302929917
0.83,56,6.677183641288485e-6
0.83,57,-0.002073761097977197
0.83,58,-0.0009424687602416385
0.83,59,-0.0006777786767188767
0.83,60,0.0002067361957100228
0.83,61,-0.0040239072780431095
0.83,62,-0.00039800026858913696
0.83,63,0.0011419840149145906
0.83,64,0.0025496822039054534
0.83,65,-0.0051333801980178026
0.83,66,0.0022460874759164316
0.83,67,0.0027264424501395363
0.83,68,-0.0077814788375213054
0.83,69,0.003313594152234372
0.83,70,-0.00031889254372665786
0.83,71,0.0006153940218524008
0.83,72,-0.0004659030291757583
0.83,73,1.4294859492710162e-5
0.83,74,-0.004298238905886936
0.83,75,0.0016814529147509178
0.83,76,0.0014618157394671546
0.83,77,-0.0007582746453230974
0.83,78,-0.003530113521115383
0.83,79,-0.001415172390613058
0.83,80,0.0010663456320212149
0.83,81,-0.0012460162228076386
0.83,82,-0.0018917064688818799
0.83,83,-0.0005990994783043109
0.83,84,-0.0044429644117991
0.83,85,0.0040638203116088135
0.83,86,-0.0010190305685141956
0.83,87,-0.0018988776022676205
0.83,88,0.005090321518836742
0.83,89,-0.0021403498561724816
0.83,90,-0.0014631592799591998
0.83,91,-0.005293818372075801
0.83,92,-0.003274637244992458
0.83,93,-0.005721242907673198
0.83,94,0.0008313756489230739
0.83,95,0.0040524436488798355
0.83,96,0.0008218723234696008
0.83,97,0.0006901083377702814
0.83,98,0.0016574929524603666
0.83,99,0.021871374814465997
0.83,100,0.0050211649919406865
0.83,101,-0.005543800674382124
0.83,102,0.004868861043459568
0.83,103,-0.0004016932256028096
0.83,104,-0.0021006161472049804
0.83,105,0.0024696225051938896
0.83,106,0.005532037918041291
0.83,107,-0.001987952187058304
0.83,108,0.0012191819004168847
0.83,109,0.0032439874494363786
0.83,110,0.0002849049885976263
0.83,111,0.0032182678643544707
0.83,112,0.0007682494803575551
0.83,113,0.001216798211027483
0.83,114,-0.0025805098431818363
0.83,115,0.00011767556148350546
0.83,116,0.004483269564063262
0.83,117,-0.003129730751535408
0.83,118,0.0023376089006231105
0.83,119,-0.0010870491010949238
0.83,120,-0.00029073304544645736
0.83,121,-0.0015952835585023568
0.83,122,-0.0007430442849493739
0.83,123,0.0021406555651653945
0.83,124,0.0009939557972226483
0.83,125,-5.346426759560181e-5
0.83,126,-0.0015232667661558216
0.83,127,0.003824495579765804
0.83,128,-0.0005499838519131978
0.83,129,0.0017129379312750149
0.83,130,0.00022413069970305142
0.83,131,-0.0038057078066028663
0.83,132,-0.0006410059657130053
0.83,133,0.001358155784151841
0.83,134,0.002180370080348387
0.83,135,-0.002131526855067359
0.83,136,0.0019255990373865798
0.83,137,-0.0001558451955317969
0.83,138,0.006227965053565812
0.83,139,-0.004099794617442501
0.83,140,0.0031700160407066094
0.83,141,0.0022790788837576403
0.83,142,-0.00016330644327978083
0.83,143,-0.0004620523013779806
0.83,144,0.001188355575627214
0.83,145,-0.0006899016253297236
0.83,146,-0.002032086656174747
0.83,147,0.0007924010010995814
0.83,148,9.160312804311784e-5
0.83,149,0.001275739476867806
0.83,150,-8.984060359148537e-5
0.83,151,0.0026081203191315448
0.83,152,-0.001553451467334964
0.83,153,-0.0005908364132720602
0.83,154,-0.001926421332127653
0.83,155,0.0027190013072347094
0.83,156,-0.0020072295459053475
0.83,157,0.0043703993675680225
0.83,158,-0.0024048898692241045
0.83,159,-0.0002206105034729216
0.83,160,-0.004613314606181301
0.83,161,-0.0015330589544011882
0.83,162,-0.0025675670719366122
0.83,163,-0.003264347287606518
0.83,164,0.002960605055427444
0.83,165,0.0005518393706738282
0.83,166,0.0012747089591832038
0.83,167,-0.0012869290964011876
0.83,168,0.003007541877489554
0.83,169,-0.0008214448844251434
0.83,170,0.0026613992037991326
0.83,171,-0.005348054125246798
0.83,172,0.004436897790344469
0.83,173,-0.0027765072574860443
0.83,174,0.0010321124469042365
0.83,175,0.0014432750139444929
0.83,176,0.004524728251030257
0.83,177,-0.003814340930332905
0.83,178,-0.0030171826180096003
0.83,179,0.0022221162243710804
0.83,180,-0.004917301477370877
0.83,181,0.0013187514402881418
0.83,182,-0.0038761049190211457
0.83,183,0.0043925373978764
0.83,184,-0.009441381427480236
0.83,185,-0.008606990204623565
0.83,186,0.011220164784927497
0.83,187,0.0012211385214911778
0.83,188,-0.005722766611798875
0.83,189,0.00785003691085914
0.83,190,0.13224996321417293
0.83,191,-0.07836852643768562
0.83,192,0.9433010673253519
0.83,193,0.0038807557686684597
0.83,194,0.003744146304908268
0.83,195,-0.00043638791877254556
0.83,196,-0.0002850550395430719
0.83,197,-0.00038792612072540095
0.83,198,0.00015037988252957274
0.84,intercept,0.008729058036086878
0.84,1,0.005720589236970916
0.84,2,0.0004736606261788973
0.84,3,0.003293275397200229
0.84,4,-0.006631921730273774
0.84,5,0.007233422863000668
0.84,6,-0.0005599370769991327
0.84,7,0.002801191730849873
0.84,8,0.004615033084286835
0.84,9,-0.003492559997505557
0.84,10,-0.0007027227637056326
0.84,11,0.0001373969958029401
0.84,12,1.0170186499089964e-5
0.84,13,0.002178932276573012
0.84,14,0.004216322849170807
0.84,15,-0.0015483476547399305
0.84,16,0.002142936180027359
0.84,17,0.00325747609311666
0.84,18,-0.004458234243286259
0.84,19,0.0011059898292817415
0.84,20,-0.0013438294675637388
0.84,21,0.005680558602535725
0.84,22,0.0026580478253358875
0.84,23,-0.004197102556351775
0.84,24,0.00012202683362020422
0.84,25,0.001686364325679147
0.84,26,-0.0026941617460281403
0.84,27,0.001201538430426835
0.84,28,0.0038738568612897853
0.84,29,-0.0024587872206601013
0.84,30,-0.0021140533123520135
0.84,31,0.0011543388438175022
0.84,32,0.003567452860308345
0.84,33,-0.003585616544572607
0.84,34,-0.0015587034141755613
0.84,35,0.001085632705085471
0.84,36,0.0005423280649269423
0.84,37,-0.0008917583277889544
0.84,38,-0.0023942456737044895
0.84,39,0.0025653358011957657
0.84,40,0.005724958422227634
0.84,41,-0.006650971091427408
0.84,42,0.0050671904703127775
0.84,43,-0.0038215704580926596
0.84,44,-0.0013742506875875473
0.84,45,0.0013068843471955621
0.84,46,-0.0009861330477932038
0.84,47,0.00423347499310727
0.84,48,-0.0005916587933759695
0.84,49,-0.0007999625447929254
0.84,50,-0.0008991374720159608
0.84,51,6.715711658072811e-5
0.84,52,-0.003752611063944685
0.84,53,0.0028830866579669452
0.84,54,-0.000110502682791777
0.84,55,0.0007485716645396575
0.84,56,0.0008520654270930962
0.84,57,-0.0020877577218579284
0.84,58,-0.0009267676507963788
0.84,59,-0.0011252434700165725
0.84,60,0.0011861921580738973
0.84,61,-0.0040924362085143955
0.84,62,-0.0012929345831359021
0.84,63,0.0004963637650969541
0.84,64,0.001865972754177235
0.84,65,-0.0043798223277176675
0.84,66,0.0016274028503957963
0.84,67,0.002467844682473184
0.84,68,-0.00878711600043401
0.84,69,0.004232183142288422
0.84,70,-0.0017800635984243844
0.84,71,0.0002607251132160306
0.84,72,-0.0013608712681298825
0.84,73,0.0027155717515742845
0.84,74,-0.005798686428895705
0.84,75,0.002798827032280721
0.84,76,0.0006046713809785143
0.84,77,-0.001179040306250677
0.84,78,-0.002515476585688104
0.84,79,-0.0009303282112103337
0.84,80,6.24866800467174e-5
0.84,81,0.0019746191381795597
0.84,82,-0.003976336039064686
0.84,83,0.0001266503363465929
0.84,84,-0.00512622479740718
0.84,85,0.0038915430509401444
0.84,86,-0.0020236225962729183
0.84,87,-0.0016728181515020626
0.84,88,0.004630962622041897
0.84,89,-0.0023931480635110765
0.84,90,8.88670677898535e-5
0.84,91,-0.00435062560213515
0.84,92,-0.0030914418173421335
0.84,93,-0.005792862826042799
0.84,94,-0.0007050811961062897
0.84,95,0.006065619837849377
0.84,96,-0.0008675155838435361
0.84,97,0.002036066442606512
0.84,98,0.0019523053479280524
0.84,99,0.022818469064893192
0.84,100,0.004987781077076817
0.84,101,-0.006047521496826855
0.84,102,0.006255027900173497
0.84,103,-0.0024062291502620413
0.84,104,-0.0012021007784524024
0.84,105,0.0010441677273230006
0.84,106,0.00728756717468554
0.84,107,-0.003157873739250309
0.84,108,0.002036827050997891
0.84,109,0.0030325420990724833
0.84,110,0.0002619355807695744
0.84,111,0.0026534473457062524
0.84,112,0.00047465050965743823
0.84,113,0.00225293086539289
0.84,114,-0.002809133127775337
0.84,115,-0.00040947532548613513
0.84,116,0.004353866646101903
0.84,117,-0.0030267878264763006
0.84,118,0.0026103109813775164
0.84,119,-0.000568378957869113
0.84,120,-0.0008425783853959615
0.84,121,-0.0012158693942281801
0.84,122,-0.001312476980205463
0.84,123,0.002960803004308276
0.84,124,0.0013858349386982503
0.84,125,0.0017933885267306716
0.84,126,-0.0017356566250508266
0.84,127,0.0040855984883941595
0.84,128,-0.0014978528395866093
0.84,129,0.002714069418981437
0.84,130,0.00016897604309738614
0.84,131,-0.0037945089566110567
0.84,132,-0.0010804976465785985
0.84,133,0.0023133752342695884
0.84,134,0.0026396977547315037
0.84,135,-0.0017723296668746623
0.84,136,0.001208743589988168
0.84,137,-0.00048045277476479537
0.84,138,0.005581938494866389
0.84,139,-0.0035989178141778598
0.84,140,0.0038039019990732557
0.84,141,0.0014528976000070994
0.84,142,0.0009412345081775078
0.84,143,-0.0021434998121433683
0.84,144,0.001785564099239602
0.84,145,-0.0014336171733051774
0.84,146,-0.002337760276980347
0.84,147,0.0012808477648948665
0.84,148,0.001228869612700683
0.84,149,0.0009840273490035881
0.84,150,0.001012694956026002
0.84,151,0.002111700678202245
0.84,152,-0.0017445107793813653
0.84,153,-0.0002473039330209425
0.84,154,-0.0019230596143745631
0.84,155,0.0032397485313546263
0.84,156,-0.0014838682549211655
0.84,157,0.0049603360555622545
0.84,158,-0.002386991331713149
0.84,159,-0.0010403265388323698
0.84,160,-0.005323718523115404
0.84,161,-0.0018281209316418979
0.84,162,-0.0027401012762741997
0.84,163,-0.0034430731239461876
0.84,164,0.004172868682194586
0.84,165,0.00022966595496438138
0.84,166,0.000428255347923401
0.84,167,-0.00115965327191476
0.84,168,0.0036644830763383784
0.84,169,-0.0008577185677112877
0.84,170,0.0021378155847031474
0.84,171,-0.003939787675665085
0.84,172,0.003978137062888398
0.84,173,-0.003063803127281561
0.84,174,0.0018053489497637954
0.84,175,0.0016704060220241175
0.84,176,0.003316114977235132
0.84,177,-0.004153893617287838
0.84,178,-0.0023667727810831097
0.84,179,0.0008620247984602314
0.84,180,-0.003816446267374983
0.84,181,0.0008392411124044086
0.84,182,-0.0036967767769369316
0.84,183,0.004559146673614419
0.84,184,-0.009707195178129398
0.84,185,-0.009284557201034011
0.84,186,0.010253971230322442
0.84,187,0.00023434250280241845
0.84,188,-0.005279429082881319
0.84,189,0.010366514755801255
0.84,190,0.12969441734282597
0.84,191,-0.08022424194528086
0.84,192,0.9527467997814968
0.84,193,0.0036920516211476667
0.84,194,0.003498528508272691
0.84,195,-0.0004080414431265921
0.84,196,-0.00027011173208972626
0.84,197,-0.000431373739276859
0.84,198,8.453532299978174e-5
0.85,intercept,0.008795330543352554
0.85,1,0.006628806131095374
0.85,2,-0.00019321360964670554
0.85,3,0.003144460264629757
0.85,4,-0.007107636482452258
0.85,5,0.009208531579881815
0.85,6,-0.002546070934116121
0.85,7,0.0033034587865393237
0.85,8,0.0035614922839786785
0.85,9,-0.0032167886149266915
0.85,10,-0.001426979291604811
0.85,11,0.0015963979972498862
0.85,12,-0.0015072259189055609
0.85,13,0.003429189935367219
0.85,14,0.0028876869820241833
0.85,15,-0.0006025729680867061
0.85,16,0.0022039350842873767
0.85,17,0.004164003744732046
0.85,18,-0.0043297430471007994
0.85,19,0.0005514899063324493
0.85,20,-0.0011061890210725077
0.85,21,0.006258462787698648
0.85,22,0.0028772167607953414
0.85,23,-0.004911563935326799
0.85,24,0.00021336154352742814
0.85,25,0.0023711863310881885
0.85,26,-0.002425689884245555
0.85,27,0.00161626426733778
0.85,28,0.002954025232672006
0.85,29,-0.0024481167953307637
0.85,30,-0.001344784404769655
0.85,31,5.3726335346777216e-5
0.85,32,0.003961663764522593
0.85,33,-0.0043522610342412015
0.85,34,-0.0004354301885611496
0.85,35,0.001317054608388453
0.85,36,0.00011022812564275811
0.85,37,-0.0006937816887029861
0.85,38,-0.002217631096773556
0.85,39,0.002735891138337608
0.85,40,0.005206775373061084
0.85,41,-0.005145836626889756
0.85,42,0.004712012845898049
0.85,43,-0.004479178671178533
0.85,44,-0.0014147987063571927
0.85,45,0.002114482353259546
0.85,46,-0.0013463993874258345
0.85,47,0.003971707560345592
0.85,48,-5.321686668963036e-6
0.85,49,-0.001620963297649324
0.85,50,-0.0002541758629010653
0.85,51,0.0006873805587456242
0.85,52,-0.0033255545135459906
0.85,53,0.0027757651808999017
0.85,54,0.0009165222414584278
0.85,55,0.0007424718063547872
0.85,56,0.00043247940197060046
0.85,57,-0.002857401726892686
0.85,58,-0.0009431258472621698
0.85,59,-0.00048265502505395925
0.85,60,0.0017521446191979507
0.85,61,-0.004060984723822305
0.85,62,-0.002574285081735335
0.85,63,0.0005286946251154512
0.85,64,0.0015464697971046188
0.85,65,-0.005304012962592553
0.85,66,0.0009143680999176893
0.85,67,0.003317125187076586
0.85,68,-0.009515448480202651
0.85,69,0.0041122495094852735
0.85,70,-0.0004645103203951772
0.85,71,-0.002066473419721453
0.85,72,0.0005228140175442718
0.85,73,0.0027779827971691332
0.85,74,-0.006520561803654701
0.85,75,0.005216466159920843
0.85,76,-0.0009063072260059379
0.85,77,-0.0010604545965974188
0.85,78,-0.0021506113723976667
0.85,79,-0.0018069845600136155
0.85,80,0.0005237973716153725
0.85,81,0.000504959048947454
0.85,82,-0.003303062101363254
0.85,83,-0.0013783059820469982
0.85,84,-0.004589902440340196
0.85,85,0.004254927923751592
0.85,86,-0.0021448598148637197
0.85,87,-0.002698424881086533
0.85,88,0.004948553908469534
0.85,89,-0.0016145523500072359
0.85,90,-0.001065612120185237
0.85,91,-0.005095394342643081
0.85,92,-0.005385778827840644
0.85,93,-0.0034620035144012303
0.85,94,3.248410920006914e-5
0.85,95,0.005012449901558436
0.85,96,6.783603598060466e-5
0.85,97,0.003946066572125158
0.85,98,0.001480438946225898
0.85,99,0.022176470009254812
0.85,100,0.00549600532160982
0.85,101,-0.005540043704466086
0.85,102,0.00667795552989077
0.85,103,-0.003580946914538365
0.85,104,-8.223276324514941e-5
0.85,105,-0.0009094016412805323
0.85,106,0.010803956156503775
0.85,107,-0.0051036102596658675
0.85,108,0.0024457145182215324
0.85,109,0.0024827737719431433
0.85,110,0.0006333488213710833
0.85,111,0.00374095156412433
0.85,112,0.0014034085451248785
0.85,113,0.0017403892904882172
0.85,114,-0.0024786455952298223
0.85,115,-4.594656477871841e-5
0.85,116,0.0031095827721070455
0.85,117,-0.0023936861101046592
0.85,118,0.002438791848745632
0.85,119,-0.0006788624904005266
0.85,120,0.00035937225069433313
0.85,121,-0.003161856830617
0.85,122,2.9884751924984595e-5
0.85,123,0.0025358776426875414
0.85,124,0.0027935528456404387
0.85,125,0.0014230218766559592
0.85,126,-0.0011802635932933931
0.85,127,0.004281662462841254
0.85,128,-0.0018611586178937938
0.85,129,0.0028927977165632774
0.85,130,0.00034320216507522516
0.85,131,-0.003273054785848845
0.85,132,-0.00030309644687537133
0.85,133,0.0019727941540906772
0.85,134,0.00228538068137117
0.85,135,-0.0005708074676761429
0.85,136,0.0010092254447385109
0.85,137,-0.0003514126068201749
0.85,138,0.005028729217581257
0.85,139,-0.0034053933061197897
0.85,140,0.004107036566441605
0.85,141,0.0007952871607074036
0.85,142,0.0010926443894590146
0.85,143,-0.0016637466367248111
0.85,144,0.001702736673666461
0.85,145,-0.0012073426068846022
0.85,146,-0.0032120901484026555
0.85,147,0.002237614756500337
0.85,148,-0.00026828516503984
0.85,149,0.001429684039501134
0.85,150,0.001287916343455738
0.85,151,0.0014290077608429736
0.85,152,-0.0017712226032727272
0.85,153,0.00014449439727485128
0.85,154,-0.002680585184970422
0.85,155,0.003994213023281468
0.85,156,-0.002071470013569605
0.85,157,0.0064554891036862185
0.85,158,-0.0030926756980054954
0.85,159,0.000682960662531713
0.85,160,-0.006655707368495346
0.85,161,-0.002845658972458098
0.85,162,-0.0016341699031318323
0.85,163,-0.005709105027617443
0.85,164,0.005146354714652743
0.85,165,-0.0010412742091966088
0.85,166,0.0021650533958697308
0.85,167,-0.0017296240328404143
0.85,168,0.00350889157522691
0.85,169,-0.000492129796527716
0.85,170,0.002412613198046021
0.85,171,-0.004149386358567716
0.85,172,0.0033532391006018437
0.85,173,-0.0032965455439215915
0.85,174,0.001604331906765865
0.85,175,3.604127840977816e-5
0.85,176,0.004813397419194762
0.85,177,-0.0035409727946311273
0.85,178,-0.004158780848481791
0.85,179,0.0007646905662903837
0.85,180,-0.004400740548920004
0.85,181,0.0006716092250743691
0.85,182,-0.0018003209029882614
0.85,183,0.003450657987534074
0.85,184,-0.009127189049022173
0.85,185,-0.010151806668842241
0.85,186,0.010857740384343072
0.85,187,-0.0016613834485487658
0.85,188,-0.002016196350161212
0.85,189,0.0057532613676119235
0.85,190,0.1331697257998743
0.85,191,-0.08086900699819559
0.85,192,0.9616966973779867
0.85,193,0.003836182517129999
0.85,194,0.004385001360255887
0.85,195,-0.0004178089195493695
0.85,196,-0.000280379973454999
0.85,197,-0.00040444189496242916
0.85,198,0.00011473579415001087
0.86,intercept,0.008809064500660685
0.86,1,0.008413024134707429
0.86,2,-0.0009731566539350322
0.86,3,0.004454117292582504
0.86,4,-0.008635097131137446
0.86,5,0.010855598656220385
0.86,6,-0.0036536459073355705
0.86,7,0.0038533634390855893
0.86,8,0.002817033751242998
0.86,9,-0.003337491762908568
0.86,10,-0.001241664004635859
0.86,11,0.002351020095296377
0.86,12,-0.0017403351933318134
0.86,13,0.002992828379660995
0.86,14,0.002815963260113532
0.86,15,-0.0015625523769330692
0.86,16,0.0031618914040602484
0.86,17,0.004488915652350631
0.86,18,-0.004906573312345987
0.86,19,0.0008019295354562321
0.86,20,-0.0013680417427617399
0.86,21,0.007610808717834551
0.86,22,0.0033798457870968996
0.86,23,-0.005621502716939442
0.86,24,0.00026045082826408656
0.86,25,0.001924707923628671
0.86,26,-0.002634646408043234
0.86,27,0.0027988199170346905
0.86,28,0.0030181072605173775
0.86,29,-0.0026540471654404253
0.86,30,-0.0013439325115853133
0.86,31,0.00041017970001864525
0.86,32,0.0038734259689783895
0.86,33,-0.003700560722895281
0.86,34,-0.00045443291423347875
0.86,35,0.0005491731099542909
0.86,36,0.0003916024089766866
0.86,37,-0.0008808652606989107
0.86,38,-0.002744868474100969
0.86,39,0.0028113857228340452
0.86,40,0.004645690008425763
0.86,41,-0.004554729840571388
0.86,42,0.00387418869867828
0.86,43,-0.0033993137395744127
0.86,44,-0.0019921704625614216
0.86,45,0.00189872640578453
0.86,46,-0.0002397370540914194
0.86,47,0.0035785832838908177
0.86,48,-0.00018631176073903794
0.86,49,-0.0025744202149010887
0.86,50,0.000577966254263833
0.86,51,0.0009115247726373383
0.86,52,-0.0023617090853716013
0.86,53,0.0019702500671283066
0.86,54,0.001532424275092921
0.86,55,0.0009010851919529032
0.86,56,0.0007316192671423283
0.86,57,-0.0021606928025788468
0.86,58,-0.0017097042453803654
0.86,59,-0.0019340625723409807
0.86,60,0.0021749556186053975
0.86,61,-0.004401259256931379
0.86,62,-0.0021859377617656295
0.86,63,0.0005377021299705069
0.86,64,0.001429995129321874
0.86,65,-0.005008118757720152
0.86,66,4.0702050274199216e-5
0.86,67,0.0031047746380500995
0.86,68,-0.009189231565830045
0.86,69,0.0042118851130813015
0.86,70,-0.00041210523713532696
0.86,71,-0.0030998715703241518
0.86,72,0.0006074669706470694
0.86,73,0.0016897719805172805
0.86,74,-0.005806536534221762
0.86,75,0.004976492302325971
0.86,76,0.0018267522410271813
0.86,77,-0.0013302311834915634
0.86,78,-0.001882587174991864
0.86,79,-0.0017029952792648954
0.86,80,-2.9723753915367357e-5
0.86,81,0.00034043756950061265
0.86,82,-0.004260096125403466
0.86,83,-0.001515479810489059
0.86,84,-0.005152923785923129
0.86,85,0.004879329521730154
0.86,86,-0.0025022637146404876
0.86,87,-0.002825577656392517
0.86,88,0.005422585792347728
0.86,89,-0.0020058145790719604
0.86,90,-0.0022073759142024977
0.86,91,-0.005408445655470453
0.86,92,-0.005624944901113109
0.86,93,-0.005293707583911747
0.86,94,0.0032997726863055357
0.86,95,0.0016672679003065206
0.86,96,0.0026392206887898193
0.86,97,0.005133360024085119
0.86,98,-0.00015639535659401222
0.86,99,0.02487431372372206
0.86,100,0.005999795189871294
0.86,101,-0.0060599786183574925
0.86,102,0.00620818429322101
0.86,103,-0.0032904681447058566
0.86,104,-0.0017439418457710007
0.86,105,-0.0006685249788652332
0.86,106,0.010655453726945527
0.86,107,-0.006006462199949899
0.86,108,0.0034188537074234648
0.86,109,0.0020046292228636255
0.86,110,0.002271860047248552
0.86,111,0.004543272903041552
0.86,112,0.0014139497833749268
0.86,113,0.0036149272502929396
0.86,114,-0.004251430523579934
0.86,115,0.0013047147960264128
0.86,116,0.001792755694656195
0.86,117,-0.0030826332917123066
0.86,118,0.002520833325509277
0.86,119,-0.0002776493942168458
0.86,120,0.000490655891597849
0.86,121,-0.0025554156897625593
0.86,122,0.00014116470432396183
0.86,123,0.0027579376303792026
0.86,124,0.002666203882946875
0.86,125,0.001073694308091395
0.86,126,5.426103545027015e-6
0.86,127,0.005705085219550914
0.86,128,-0.0033679443207137102
0.86,129,0.005668418905601945
0.86,130,-0.0006527432862203184
0.86,131,-0.003769901292569801
0.86,132,-0.0003960686856387995
0.86,133,0.0029569399841932755
0.86,134,0.0010395157053729712
0.86,135,0.00023732347151311328
0.86,136,0.0004399532655428746
0.86,137,0.0006165620205839671
0.86,138,0.005274061365703307
0.86,139,-0.004848996569142914
0.86,140,0.004853821397340553
0.86,141,0.0004154079166364517
0.86,142,0.0019481939778668855
0.86,143,-0.0018010386484037598
0.86,144,0.0019220993850579437
0.86,145,-0.0008828727918201346
0.86,146,-0.004307296031358534
0.86,147,0.003875317009865622
0.86,148,-0.0008159882102813837
0.86,149,0.0019803562609175354
0.86,150,0.001879442708428876
0.86,151,0.0008211157409014974
0.86,152,-0.0013665617790126316
0.86,153,-0.0014097349841331668
0.86,154,-0.002393289396271623
0.86,155,0.0038847439502416366
0.86,156,-0.0023513465858903647
0.86,157,0.006831938226218656
0.86,158,-0.0024826704477793494
0.86,159,-0.001262498916395943
0.86,160,-0.006378281158319363
0.86,161,-0.004487656241091923
0.86,162,-0.0010743267090353704
0.86,163,-0.006349369856674045
0.86,164,0.005990181235835409
0.86,165,-0.00220081503318993
0.86,166,0.0026945835183008154
0.86,167,-0.0013170645735169845
0.86,168,0.0030336071185055177
0.86,169,-0.0010586037708014545
0.86,170,0.0032666403651828097
0.86,171,-0.0032075993170041584
0.86,172,0.0020348331275526583
0.86,173,-0.0015340437421183474
0.86,174,0.0006219920981956028
0.86,175,0.0008548879970639719
0.86,176,0.0034474235638006206
0.86,177,-0.0024689337112606398
0.86,178,-0.004778479097552988
0.86,179,-9.325843804861915e-5
0.86,180,-0.0035243738659946327
0.86,181,0.002038801343496695
0.86,182,-0.0027866030689850884
0.86,183,0.003661138962387241
0.86,184,-0.011113033778594907
0.86,185,-0.008652146056717979
0.86,186,0.009251932124844745
0.86,187,-0.002003381233459731
0.86,188,-0.004022358779777296
0.86,189,0.00663284217109025
0.86,190,0.13426636673101897
0.86,191,-0.08226454910518365
0.86,192,0.9726136097158122
0.86,193,0.00287448481890175
0.86,194,0.0056729380872401645
0.86,195,-0.0003395251447078363
0.86,196,-0.00036604350153694254
0.86,197,-0.0004763369922998039
0.86,198,-1.6941351427018924e-5
0.87,intercept,0.00864117850292734
0.87,1,0.010308734750263485
0.87,2,-0.0002939125542151768
0.87,3,0.003852790620265626
0.87,4,-0.009718152654403928
0.87,5,0.011714530048931577
0.87,6,-0.0043213612772601195
0.87,7,0.004963868630754841
0.87,8,0.002854803460677967
0.87,9,-0.0034790777884247206
0.87,10,-0.0021522312668722627
0.87,11,0.0020523177363833264
0.87,12,0.00010674354238663925
0.87,13,0.0032253227027829417
0.87,14,0.003969453546991979
0.87,15,-0.003517149167935672
0.87,16,0.002940584109258286
0.87,17,0.0033044326257768747
0.87,18,-0.005705202382421176
0.87,19,0.002850803153548947
0.87,20,-0.0021965306462804358
0.87,21,0.010708443827594021
0.87,22,0.0030922510214477553
0.87,23,-0.005208662433369628
0.87,24,-0.00016913116048953634
0.87,25,0.0016608216401179162
0.87,26,-0.0024261485517341496
0.87,27,0.002610271671062158
0.87,28,0.004449607621674012
0.87,29,-0.003597996816922293
0.87,30,-0.0005614118601562051
0.87,31,-0.0003989814689586286
0.87,32,0.004903616920473911
0.87,33,-0.003681045506117541
0.87,34,-0.0008610458536530861
0.87,35,0.0006151641051944959
0.87,36,0.00037733705694817306
0.87,37,-0.0016021438190478455
0.87,38,-0.0023414926915327956
0.87,39,0.0025981143672100687
0.87,40,0.004867227388859007
0.87,41,-0.003990795018710624
0.87,42,0.004709559800490964
0.87,43,-0.0023641359874803725
0.87,44,-0.0034127303628946806
0.87,45,0.0029313169258506255
0.87,46,7.62821521263945e-5
0.87,47,0.0032731598252444052
0.87,48,-9.062764081063678e-5
0.87,49,-0.0016043154690457311
0.87,50,0.00037592798443950834
0.87,51,0.0008593392369644629
0.87,52,-0.002395104303122477
0.87,53,0.0006437448650893252
0.87,54,0.0023149822244307393
0.87,55,-4.2912427505051655e-5
0.87,56,0.0013759348234661823
0.87,57,-0.002847818585483388
0.87,58,-0.0021482812074144274
0.87,59,-0.0009516302523652405
0.87,60,0.0008086624432481228
0.87,61,-0.002556521413431779
0.87,62,-0.0029715817265889375
0.87,63,-1.645343407106245e-5
0.87,64,0.0010790507745734857
0.87,65,-0.004616394189079019
0.87,66,-0.0009421339558536721
0.87,67,0.003560936809404657
0.87,68,-0.009811008003691057
0.87,69,0.0038836963045578154
0.87,70,0.0007125487220647118
0.87,71,-0.00317998255484599
0.87,72,0.0008754523715821218
0.87,73,0.000746800632700865
0.87,74,-0.0056904327212169365
0.87,75,0.002618542676942178
0.87,76,0.004179723270043213
0.87,77,-0.003274700197073208
0.87,78,-0.0007310562159309133
0.87,79,-0.0007237829195043038
0.87,80,-0.00026374800640396276
0.87,81,0.00010190150594653811
0.87,82,-0.004663423026831134
0.87,83,-0.0033724613387694593
0.87,84,-0.00464517709347433
0.87,85,0.005359643145524615
0.87,86,-0.0022022835333958025
0.87,87,-0.002644851502481753
0.87,88,0.004322055091677417
0.87,89,-0.001630785915163693
0.87,90,-0.0026841803244111984
0.87,91,-0.005378828765126343
0.87,92,-0.005538491489007634
0.87,93,-0.006562749023741258
0.87,94,0.0019385134804360635
0.87,95,0.0014439508982629183
0.87,96,0.003407150638845901
0.87,97,0.006694657239111815
0.87,98,-0.0005877849704889874
0.87,99,0.027355314650854036
0.87,100,0.004983055574700062
0.87,101,-0.006020779046667423
0.87,102,0.005146312761108632
0.87,103,-0.004063916902484861
0.87,104,0.0014393273854223496
0.87,105,-0.0017666273416297935
0.87,106,0.011097529001304441
0.87,107,-0.007008727385384725
0.87,108,0.0007849291528152567
0.87,109,0.004218705643281408
0.87,110,0.003961922684166099
0.87,111,0.006462398185469209
0.87,112,-0.00020536992308758215
0.87,113,0.0044995167292919145
0.87,114,-0.004610331813356223
0.87,115,-0.0005475381179749931
0.87,116,0.0049390366821328805
0.87,117,-0.0028594941556093056
0.87,118,0.003334617913942931
0.87,119,-0.0016540263629772113
0.87,120,-0.0014083811157951849
0.87,121,-0.0020735977848267396
0.87,122,0.00025754930858250713
0.87,123,0.004055141738756807
0.87,124,0.003925574873289258
0.87,125,0.0007531380937597111
0.87,126,0.001161374342864845
0.87,127,0.005556981727391868
0.87,128,-0.0031403522255974803
0.87,129,0.005661713630182571
0.87,130,-0.0015169936545795326
0.87,131,-0.0014915105388190496
0.87,132,-0.001518839292405462
0.87,133,0.004635848254085645
0.87,134,0.0011622672252038417
0.87,135,0.0003095064048381318
0.87,136,0.0005850002890706267
0.87,137,0.0004976536121751482
0.87,138,0.004923647486571054
0.87,139,-0.0035754538607845397
0.87,140,0.005107841756436218
0.87,141,0.0008530571627128376
0.87,142,0.0019243334937865248
0.87,143,-0.001441792286095432
0.87,144,0.0010004124884136632
0.87,145,-0.002348484451696887
0.87,146,-0.0039071572228596635
0.87,147,0.00511468972907472
0.87,148,-0.0010939788144240117
0.87,149,0.0026317072141286606
0.87,150,0.00210115549537524
0.87,151,0.000523149749177528
0.87,152,-0.0010243819776999457
0.87,153,-0.0017669212930005434
0.87,154,-0.002369540895837366
0.87,155,0.00413104651208744
0.87,156,-0.003167515206486495
0.87,157,0.008033889967037803
0.87,158,-0.0035663434616788393
0.87,159,-0.0010421873803908464
0.87,160,-0.008311234837470951
0.87,161,-0.003212159200240002
0.87,162,-0.0014326927788653361
0.87,163,-0.006567125578943583
0.87,164,0.00666843251665359
0.87,165,-0.002501227084788102
0.87,166,0.0030133536703330467
0.87,167,-0.001195887067453396
0.87,168,0.0015576692099478014
0.87,169,-0.0008220482811210616
0.87,170,0.0025875463255624967
0.87,171,-0.004263046615807459
0.87,172,0.002799294828679278
0.87,173,-0.00290085390648927
0.87,174,0.003216934952086131
0.87,175,-0.0006092637311545556
0.87,176,0.004850944658140452
0.87,177,-0.002190175513143718
0.87,178,-0.0034961447615026934
0.87,179,-0.0016800657786977334
0.87,180,-0.00372305897973077
0.87,181,0.0008233865160970433
0.87,182,-0.0011352157257742256
0.87,183,0.0010611066900334284
0.87,184,-0.009319099357708995
0.87,185,-0.008569665583539901
0.87,186,0.007666882067958687
0.87,187,-0.0025987022314904215
0.87,188,-0.007008179873462949
0.87,189,0.011462874535624975
0.87,190,0.1443694919715896
0.87,191,-0.08751660763279269
0.87,192,0.9784149118808594
0.87,193,0.0035518047347244883
0.87,194,0.005136364701618894
0.87,195,-0.00034486521952317164
0.87,196,-0.0004933942636639714
0.87,197,-0.0005195643800499153
0.87,198,-7.86321973143319e-5
0.88,intercept,0.008593660643892487
0.88,1,0.010290487485291261
0.88,2,-0.0014453965944255225
0.88,3,0.0038482798382298146
0.88,4,-0.01166511406737445
0.88,5,0.013081342371549357
0.88,6,-0.004684746228235651
0.88,7,0.0054312823766072705
0.88,8,0.005297952292249741
0.88,9,-0.006322624568777386
0.88,10,-0.00047603543230000794
0.88,11,0.004183678619514502
0.88,12,-0.0007790307991644453
0.88,13,0.003994300097279784
0.88,14,0.00334750526475714
0.88,15,-0.002115261578466267
0.88,16,-0.0003657550544911437
0.88,17,0.002190360868741188
0.88,18,-0.005148013717908321
0.88,19,0.004330510006380956
0.88,20,-0.0015319019008736836
0.88,21,0.013087256223408573
0.88,22,0.0028532720934627983
0.88,23,-0.004898944360438624
0.88,24,0.0015783779858938405
0.88,25,0.0010594158679968055
0.88,26,-0.0032037204187574885
0.88,27,0.00211219407476617
0.88,28,0.006906566777731985
0.88,29,-0.0035753389286895024
0.88,30,-0.0010977873520450164
0.88,31,0.0002968370571337755
0.88,32,0.00449387037996933
0.88,33,-0.005102805360432302
0.88,34,0.0013658873824266983
0.88,35,-0.0003821860628420164
0.88,36,0.0003079637693539992
0.88,37,-0.0011166249855821134
0.88,38,-0.0017581317332645114
0.88,39,0.004206549449541195
0.88,40,0.0032126878988061624
0.88,41,-0.0030296947158572215
0.88,42,0.0034198455650146717
0.88,43,-0.002781415497617385
0.88,44,-0.0017762812909847949
0.88,45,0.0025996807815139023
0.88,46,-0.00012217425841470973
0.88,47,0.003905896451661942
0.88,48,0.0005011657027698885
0.88,49,-0.0023054470871932695
0.88,50,0.0011075496438560568
0.88,51,0.0008673404695821288
0.88,52,-0.0015774915732664886
0.88,53,-0.0008026459684420553
0.88,54,0.0018985770942209388
0.88,55,0.0005076402716520722
0.88,56,0.000836791601468696
0.88,57,-0.002885812523139198
0.88,58,-0.002303340803393536
0.88,59,-0.0009765204304223857
0.88,60,0.0009011788309029974
0.88,61,-0.002517687456199172
0.88,62,-0.002736291436534538
0.88,63,-2.9455901105853297e-5
0.88,64,-0.0006083266658857132
0.88,65,-0.005299748987652584
0.88,66,-0.0007890728642361779
0.88,67,0.0036866158382022757
0.88,68,-0.009361536523241131
0.88,69,0.002901298093854912
0.88,70,0.0002805319212834535
0.88,71,-0.0025360058294586264
0.88,72,0.000342633892113847
0.88,73,0.0007689783020672047
0.88,74,-0.0074421258270442716
0.88,75,0.0016133936806458189
0.88,76,0.007673561534084651
0.88,77,-0.005742925376024157
0.88,78,-0.0007799197228882956
0.88,79,-0.0018779983521288388
0.88,80,0.0007894249933503921
0.88,81,0.001959998537066088
0.88,82,-0.0050780411091193856
0.88,83,-0.004879631267134791
0.88,84,-0.007819778684960775
0.88,85,0.008302340723860895
0.88,86,-0.0009245542593816121
0.88,87,-0.0010001623328823
0.88,88,0.0021547627329575893
0.88,89,0.0010964732666429013
0.88,90,-0.007008628737805974
0.88,91,-0.003947824850602423
0.88,92,-0.008822011468633496
0.88,93,-0.006797995387749619
0.88,94,0.002502043331101546
0.88,95,0.0027424908862066066
0.88,96,0.004045789956671324
0.88,97,0.007432513755600303
0.88,98,-0.00200598154940915
0.88,99,0.03543168699710326
0.88,100,0.003309255837695057
0.88,101,-0.0054865648554406074
0.88,102,0.0041279432792339565
0.88,103,-0.006651637079864825
0.88,104,0.0018536430764954299
0.88,105,-0.0020279410344082116
0.88,106,0.015360984451688953
0.88,107,-0.009658567499953946
0.88,108,0.0007573468980253219
0.88,109,0.003326003535749976
0.88,110,0.006688154975060477
0.88,111,0.005848917048111332
0.88,112,-0.00034787142753108023
0.88,113,0.00640893235176549
0.88,114,-0.0036812954857898986
0.88,115,0.0007385541265547935
0.88,116,0.004789061307100223
0.88,117,-0.004218897035854263
0.88,118,0.004063633796207312
0.88,119,-0.0010690217349644772
0.88,120,-0.001461718154407878
0.88,121,-0.0012821240069890549
0.88,122,-0.000427808979760057
0.88,123,0.0039425185367373255
0.88,124,0.004389537989145038
0.88,125,-0.0009272058651213276
0.88,126,0.0034265564564869987
0.88,127,0.004927734514916656
0.88,128,-0.002442176169305918
0.88,129,0.00634544752876743
0.88,130,-0.002418757430308238
0.88,131,-0.00010329069980251159
0.88,132,-0.0032121384153677964
0.88,133,0.006035401197063721
0.88,134,0.0007878853859630872
0.88,135,0.000876269615321078
0.88,136,0.000643043563375665
0.88,137,-0.0008091334035818992
0.88,138,0.005572533257768634
0.88,139,-0.0031334686145056403
0.88,140,0.00538989729266667
0.88,141,0.0012386606375026244
0.88,142,0.0023618751430462166
0.88,143,-0.0007988423588755042
0.88,144,0.0004283511297970324
0.88,145,-0.0009120724985543767
0.88,146,-0.0060185401633905174
0.88,147,0.0066727968003386295
0.88,148,-0.0017248884815992006
0.88,149,0.0033007995877683185
0.88,150,0.002844631006856053
0.88,151,0.0005474272253818581
0.88,152,-0.0010076813387907566
0.88,153,-0.002385786221742986
0.88,154,-0.001381286355714536
0.88,155,0.0032238563929830144
0.88,156,-0.0037947119777358464
0.88,157,0.00818112241388875
0.88,158,-0.00444199110662509
0.88,159,-0.0006783494401171572
0.88,160,-0.008914539988965993
0.88,161,-0.004013151048553332
0.88,162,-0.00035465152084870194
0.88,163,-0.006651198933392186
0.88,164,0.007276266237615767
0.88,165,-0.004096189167049606
0.88,166,0.0020940179115654504
0.88,167,-0.00037058920915934257
0.88,168,0.00044325918133136983
0.88,169,-0.0025752456394751775
0.88,170,0.006254095006406581
0.88,171,-0.005608415174135437
0.88,172,0.002841978962859582
0.88,173,-0.0007042162075975817
0.88,174,0.002488078008679684
0.88,175,-0.001367364092857572
0.88,176,0.004544432041321089
0.88,177,-0.0013553828319496648
0.88,178,-0.0035731438868774838
0.88,179,-0.0017121056139583304
0.88,180,-0.004795017979110014
0.88,181,0.0013389238825415567
0.88,182,-0.0016615981005025828
0.88,183,0.00018705290270516225
0.88,184,-0.007955104298700326
0.88,185,-0.00906582033873521
0.88,186,0.007144773238128043
0.88,187,-0.005803399661822093
0.88,188,-0.008070865344913778
0.88,189,0.017070963314864865
0.88,190,0.1490831333056459
0.88,191,-0.09062790300715033
0.88,192,0.9867907268367619
0.88,193,0.0045410521684603865
0.88,194,0.004084288264786829
0.88,195,-0.00032805163197376867
0.88,196,-0.0005921802141463772
0.88,197,-0.0005254455100092287
0.88,198,-0.0001433252860609368
0.89,intercept,0.008444896702739575
0.89,1,0.011186164565244315
0.89,2,-0.0023099153145991276
0.89,3,0.005589215177753519
0.89,4,-0.011397739360941269
0.89,5,0.013133927869764101
0.89,6,-0.005831896443217045
0.89,7,0.005067054109206467
0.89,8,0.010625377481265588
0.89,9,-0.006278919121195396
0.89,10,-0.0035579028635884385
0.89,11,0.007093946396220658
0.89,12,-0.001137336532782722
0.89,13,0.0021112972391448817
0.89,14,0.004391794366003869
0.89,15,-0.004465457397674382
0.89,16,0.0006721623775672454
0.89,17,0.00616480308611829
0.89,18,-0.00703634702455171
0.89,19,0.005007127136705236
0.89,20,-0.00269513208619714
0.89,21,0.015027865522249016
0.89,22,0.003014030951513581
0.89,23,-0.004976569873448981
0.89,24,0.0014008905242109816
0.89,25,0.001258667462204875
0.89,26,-0.0037878956248929944
0.89,27,0.0034362863244186753
0.89,28,0.007424723853905226
0.89,29,-0.004644317105040755
0.89,30,-0.00073559002558013
0.89,31,0.00023611362178762262
0.89,32,0.004843256739912218
0.89,33,-0.003204838759555624
0.89,34,0.0017285130034651315
0.89,35,0.00035212002409916134
0.89,36,-0.00033547765788598553
0.89,37,-0.0011710960863588
0.89,38,-0.002523777594722669
0.89,39,0.0043148660237592685
0.89,40,0.004353772190483343
0.89,41,-0.0021566457350809982
0.89,42,0.003747137838144028
0.89,43,-0.003163180731979977
0.89,44,-0.0014935069071502392
0.89,45,0.0012178885419785645
0.89,46,0.00039327910244826305
0.89,47,0.004140008608565035
0.89,48,0.00020179066526406061
0.89,49,-0.0007425360540068677
0.89,50,0.0015087641516408471
0.89,51,-0.000973256536646356
0.89,52,-0.002225553708606972
0.89,53,0.0012803299194694459
0.89,54,0.0008676289965786036
0.89,55,0.0007078553705373836
0.89,56,0.0009628753658704854
0.89,57,-0.0028040278700401425
0.89,58,-0.0022156164870064787
0.89,59,-0.0015420935302406483
0.89,60,0.0005994158854799356
0.89,61,-0.0022938235746296142
0.89,62,-0.0053693270571512
0.89,63,0.0021055828826355293
0.89,64,9.374035492464716e-5
0.89,65,-0.0070128845406017895
0.89,66,-0.0006337018700417193
0.89,67,0.0033252300208860257
0.89,68,-0.008729944448541496
0.89,69,0.002518178428510836
0.89,70,0.0013699443770313626
0.89,71,-0.004663153938338209
0.89,72,0.0023129427394436445
0.89,73,-0.0010226096794586918
0.89,74,-0.00800753283205145
0.89,75,0.0008000397949056445
0.89,76,0.008513384959073965
0.89,77,-0.007077617412326993
0.89,78,-0.0005202922556059423
0.89,79,-0.002533542685941494
0.89,80,0.002046124494398017
0.89,81,0.0031057358725289676
0.89,82,-0.005817747741603837
0.89,83,-0.002994198608724683
0.89,84,-0.009136540717889668
0.89,85,0.007700499487269857
0.89,86,-0.0020076885964576355
0.89,87,0.0007781410531063483
0.89,88,0.001930231602392936
0.89,89,0.0008267988345558671
0.89,90,-0.006749027923809352
0.89,91,-0.006206425561682146
0.89,92,-0.007879306300749513
0.89,93,-0.009426683545287884
0.89,94,0.005916307997922532
0.89,95,-0.002255577693573573
0.89,96,0.010494940554525871
0.89,97,0.0061152295752152155
0.89,98,-0.0024090170904303328
0.89,99,0.04373954514095745
0.89,100,0.002266290347015971
0.89,101,-0.005635555738200694
0.89,102,0.004196994482915205
0.89,103,-0.008148262820754188
0.89,104,-0.001566763036373514
0.89,105,0.0027572906632789703
0.89,106,0.014110015860134264
0.89,107,-0.010210074003476463
0.89,108,0.002334488949310792
0.89,109,0.0030129661260662943
0.89,110,0.005684704317788152
0.89,111,0.007287181452759642
0.89,112,-0.0010342357331334896
0.89,113,0.006910386900525889
0.89,114,-0.0027296906908276823
0.89,115,-0.0014931496025117137
0.89,116,0.006580141487246504
0.89,117,-0.00576850953530827
0.89,118,0.00592066482101562
0.89,119,-0.002844073250413766
0.89,120,-0.0007053631685439725
0.89,121,-0.001915337077827856
0.89,122,0.0015692082541102902
0.89,123,0.003692475668858305
0.89,124,0.005040337178033823
0.89,125,-0.000576078997314887
0.89,126,0.0031694139674249572
0.89,127,0.006987454954136774
0.89,128,-0.004000641054764717
0.89,129,0.007866633064536091
0.89,130,0.001096797708907753
0.89,131,-0.0011384851398284217
0.89,132,-0.0038978854392730843
0.89,133,0.005832760187933793
0.89,134,0.0010918746407351098
0.89,135,0.0007258840873986594
0.89,136,0.002379666377832825
0.89,137,0.00010777671738290607
0.89,138,0.006624256151627373
0.89,139,-0.0044861218801782905
0.89,140,0.0063836441870619145
0.89,141,0.002169202969450614
0.89,142,0.0027865365672940117
0.89,143,-0.002637757331517323
0.89,144,0.0003684847108672624
0.89,145,-0.00030285005358182205
0.89,146,-0.006699021954419395
0.89,147,0.006819345550475081
0.89,148,-0.002029840581861923
0.89,149,0.003366216509297154
0.89,150,0.0016422753831939782
0.89,151,0.002166505881529414
0.89,152,-0.0022676924782054457
0.89,153,-0.0014570819375454036
0.89,154,-0.0017221650454692374
0.89,155,0.0028862577738173107
0.89,156,-0.002934584836343662
0.89,157,0.007619158576529087
0.89,158,-0.0035313005939510258
0.89,159,-0.004166948366839386
0.89,160,-0.008074298553175527
0.89,161,-0.003357461649207967
0.89,162,0.0012123087516751699
0.89,163,-0.010083991966048344
0.89,164,0.007586616876032155
0.89,165,-0.004814523803141497
0.89,166,0.0013541295699608619
0.89,167,-2.5534776547825402e-5
0.89,168,0.0012912502939493372
0.89,169,-0.0034085953476781132
0.89,170,0.006209138507585463
0.89,171,-0.00708018403383024
0.89,172,0.0036696354217006823
0.89,173,0.001329756464828319
0.89,174,0.0024045902813279244
0.89,175,-0.0009227875751732835
0.89,176,0.002428439758956671
0.89,177,-0.0013571588414367749
0.89,178,-0.00330163039117683
0.89,179,-0.003598724665973173
0.89,180,-0.0034757292596799307
0.89,181,-0.0003033538592078122
0.89,182,-0.0015122886123350191
0.89,183,0.0013800180366508887
0.89,184,-0.009047817878751663
0.89,185,-0.010231473246646729
0.89,186,0.006813693667479537
0.89,187,-0.008616825996469473
0.89,188,-0.007943020425080926
0.89,189,0.01776253766243179
0.89,190,0.15390512261131165
0.89,191,-0.09703870742595144
0.89,192,1.0063305891528274
0.89,193,0.001886125038434495
0.89,194,0.006027962106986842
0.89,195,-0.0002926176081409884
0.89,196,-0.00083878558033747
0.89,197,-0.000705487011191927
0.89,198,-0.0001876749324563852
0.9,intercept,0.008342847640024359
0.9,1,0.015384367034598102
0.9,2,-0.003814286794407679
0.9,3,0.004538342715582316
0.9,4,-0.014811915597227103
0.9,5,0.014162808586728701
0.9,6,-0.006279312513248692
0.9,7,0.005332410577766234
0.9,8,0.012471411628763699
0.9,9,-0.00729390356670659
0.9,10,-0.008042560621448208
0.9,11,0.010996654803590055
0.9,12,-0.00023103980844793088
0.9,13,0.0026130229931493427
0.9,14,0.001449659328514058
0.9,15,-0.002633399144375808
0.9,16,0.0031825948438644427
0.9,17,0.013367646360416225
0.9,18,-0.009906328513582198
0.9,19,0.004461183641933363
0.9,20,-0.00283684196383211
0.9,21,0.01821196039350023
0.9,22,0.00473433241066558
0.9,23,-0.007126156672242204
0.9,24,0.0014297005073236819
0.9,25,0.0016158603722497792
0.9,26,-0.004283099057444844
0.9,27,0.004234632049251068
0.9,28,0.010579508328629536
0.9,29,-0.00703977372588599
0.9,30,0.0005473700035362497
0.9,31,0.0008389750100665679
0.9,32,0.004159563975528518
0.9,33,-0.0003959164561068114
0.9,34,0.0007805782283693079
0.9,35,0.0006742465129087632
0.9,36,-0.00024692182072944154
0.9,37,-0.0006650831303890959
0.9,38,-0.0031177401583791266
0.9,39,0.004988827394098046
0.9,40,0.005599294645275811
0.9,41,-0.0036364327280332997
0.9,42,0.004002698252408997
0.9,43,-0.003781946179452348
0.9,44,-0.002191116162471197
0.9,45,0.0048081810611309206
0.9,46,-0.000808260959126358
0.9,47,0.00440008168214866
0.9,48,-0.00020374329395385506
0.9,49,-0.001877928160508373
0.9,50,0.0038794708453374557
0.9,51,-0.0026519180988969025
0.9,52,-0.000648541749394408
0.9,53,0.001535282672906733
0.9,54,0.0002789965962408456
0.9,55,0.0014196205953889032
0.9,56,0.000371809643054741
0.9,57,-0.0012869298933072474
0.9,58,-0.003871431361557756
0.9,59,-0.0013162915682217633
0.9,60,-0.0009463652016230844
0.9,61,-0.0012776129487454533
0.9,62,-0.0068306895108848934
0.9,63,0.0036813017094432824
0.9,64,-0.0014473833497900504
0.9,65,-0.007040526796178903
0.9,66,-0.0013803813921913842
0.9,67,0.003716474949444345
0.9,68,-0.01031677938305954
0.9,69,0.0024235745220276736
0.9,70,0.0014095325514446974
0.9,71,-0.0067616489385446
0.9,72,0.006177723660429569
0.9,73,-0.0025831448100310825
0.9,74,-0.005997573242734652
0.9,75,-0.0018327684474816388
0.9,76,0.010156200980046971
0.9,77,-0.007134861250770878
0.9,78,-0.0025150577304332016
0.9,79,-0.0008028071110791261
0.9,80,-0.0006915818819268934
0.9,81,0.007827502152232536
0.9,82,-0.005192144801325149
0.9,83,-0.006566715840777138
0.9,84,-0.00832464252591093
0.9,85,0.007952728395491698
0.9,86,-0.0030627263836075893
0.9,87,0.00010949898981965227
0.9,88,0.0009803575236743455
0.9,89,-0.0007463325005068545
0.9,90,-0.005359005484496236
0.9,91,-0.008522266822570335
0.9,92,-0.004411137194306235
0.9,93,-0.01371749988590755
0.9,94,0.005721317248036637
0.9,95,-0.004920588227198061
0.9,96,0.008045762400041179
0.9,97,0.006599995242086067
0.9,98,-0.0016110642953894195
0.9,99,0.05563936610559699
0.9,100,0.002632129722795648
0.9,101,-0.007844007946150878
0.9,102,0.010043803932642283
0.9,103,-0.010923273247449206
0.9,104,-0.006753967919982236
0.9,105,0.007011878176263667
0.9,106,0.01374824047458495
0.9,107,-0.011474314813471453
0.9,108,0.004017692919767753
0.9,109,0.002936907125757038
0.9,110,0.008861499389872858
0.9,111,0.004906580399930238
0.9,112,0.0016785990586227805
0.9,113,0.004492042798635603
0.9,114,-0.0002781916408789592
0.9,115,-0.0016244392274568512
0.9,116,0.009307016271271997
0.9,117,-0.008599536844594182
0.9,118,0.006777750881522219
0.9,119,-0.004805300990697617
0.9,120,0.00037540048605841695
0.9,121,-0.0031138893660971117
0.9,122,0.0037741063060035907
0.9,123,0.003870723072215719
0.9,124,0.004448959856355954
0.9,125,0.0005162411544547265
0.9,126,0.0013170224857864143
0.9,127,0.010815660689530307
0.9,128,-0.005206541705511938
0.9,129,0.009566466312576554
0.9,130,-0.00046449542676547945
0.9,131,0.0008640987513018958
0.9,132,-0.006044697739311072
0.9,133,0.007982162756276704
0.9,134,0.0024524800640712482
0.9,135,0.0017443678178018006
0.9,136,0.0025057326705859397
0.9,137,-0.0017046827967553135
0.9,138,0.006304669093810295
0.9,139,-0.005088216880462511
0.9,140,0.007469972515719743
0.9,141,0.0027013442612697394
0.9,142,0.002856717830751656
0.9,143,-0.0031504206982066875
0.9,144,0.0005764104416762009
0.9,145,0.00025117373145630816
0.9,146,-0.005024831058720882
0.9,147,0.006941868531814981
0.9,148,-0.00230214913256301
0.9,149,0.002770182769978094
0.9,150,0.0021956268401532525
0.9,151,0.0030611324680949086
0.9,152,-0.0019959337745026093
0.9,153,-0.0006561348313073472
0.9,154,-0.002940326855108088
0.9,155,0.0026941475586709242
0.9,156,-0.0027238100653837376
0.9,157,0.008823908932330041
0.9,158,-0.00460102207232718
0.9,159,-0.003735896245841127
0.9,160,-0.008898656551789577
0.9,161,-0.0047265962007101
0.9,162,0.0011622099416376563
0.9,163,-0.012592702156502947
0.9,164,0.008786358675447057
0.9,165,-0.005352730173629566
0.9,166,0.0016046320652511011
0.9,167,-0.0005442523002055431
0.9,168,0.002158956711431108
0.9,169,-0.00802404183043594
0.9,170,0.01065399389903677
0.9,171,-0.00734117154091938
0.9,172,0.0020013804747976327
0.9,173,0.005854563774123806
0.9,174,0.0013219428172970176
0.9,175,-0.002453486988445857
0.9,176,0.0015458988543374948
0.9,177,-0.0005749388269387883
0.9,178,-0.0035371862518015296
0.9,179,-0.002732478784673638
0.9,180,-0.003894896018001384
0.9,181,-0.00017387149647402243
0.9,182,-0.001244541058782002
0.9,183,-0.002425266310150289
0.9,184,-0.004602228541363646
0.9,185,-0.014321021815027363
0.9,186,0.007082899708015871
0.9,187,-0.01348185047739958
0.9,188,-0.011231156144223962
0.9,189,0.021046902273818134
0.9,190,0.16535085206284655
0.9,191,-0.10595504775094894
0.9,192,1.0244612312120547
0.9,193,0.0012685722850985554
0.9,194,0.008733200607845444
0.9,195,-0.00033436297878305997
0.9,196,-0.0012705628630979736
0.9,197,-0.0008012862515091486
0.9,198,-0.00018101780111327848
0.91,intercept,0.00842663702386799
0.91,1,0.02031356615047168
0.91,2,-0.005165956223930008
0.91,3,0.0014738146940410399
0.91,4,-0.012514887353561157
0.91,5,0.014887752520603243
0.91,6,-0.007923153579158793
0.91,7,0.0036621927166060092
0.91,8,0.02084639831871442
0.91,9,-0.005847148718892524
0.91,10,-0.010787015151350011
0.91,11,0.009794186410334891
0.91,12,-0.00024160687678613318
0.91,13,0.0009375859967012396
0.91,14,0.0035893556406438425
0.91,15,-0.006857755483787725
0.91,16,0.004655625873461857
0.91,17,0.018440088506352877
0.91,18,-0.013939694822825704
0.91,19,0.004402365905167666
0.91,20,-0.0026748536363067413
0.91,21,0.019809844121508227
0.91,22,0.010503026025487259
0.91,23,-0.011980197869611835
0.91,24,0.00354901312286207
0.91,25,0.001721747774232963
0.91,26,-0.005888387635360704
0.91,27,0.00622688495972229
0.91,28,0.012475956102885318
0.91,29,-0.008208209737093446
0.91,30,0.002018428136540314
0.91,31,0.000894896736568608
0.91,32,0.004990178162573874
0.91,33,0.0013231581941228188
0.91,34,-0.00028996736553927064
0.91,35,0.002318070836942366
0.91,36,-0.0008261605323507923
0.91,37,0.0013602341407404014
0.91,38,-0.0033978470004703866
0.91,39,0.004487261338635477
0.91,40,0.005884804944015063
0.91,41,-0.005086588421838508
0.91,42,0.005179123545718053
0.91,43,-0.004736815886803073
0.91,44,-0.002769106719351864
0.91,45,0.005908336703609404
0.91,46,-0.00032279445506830785
0.91,47,0.004469351429165498
0.91,48,0.0003865531742087423
0.91,49,-0.0013546107639408065
0.91,50,0.006984387784265332
0.91,51,-0.005103256939115319
0.91,52,-0.00043935869449098126
0.91,53,0.00119944582503363
0.91,54,0.0006977070364806255
0.91,55,0.00129419872667153
0.91,56,-0.0004793593945485089
0.91,57,-0.0005286207687946396
0.91,58,-0.003242186205828356
0.91,59,-0.0034413386625945916
0.91,60,-0.0009304592954911401
0.91,61,-0.0015934390625805023
0.91,62,-0.008454589937252382
0.91,63,0.004945738346092776
0.91,64,-0.0027373136242496957
0.91,65,-0.007681448002068322
0.91,66,-0.0023514284895336736
0.91,67,0.0036081069714693804
0.91,68,-0.008911469369190433
0.91,69,0.0013333007584229064
0.91,70,0.0027263951320181975
0.91,71,-0.010692374662749384
0.91,72,0.00820457476102772
0.91,73,-0.003164702150016914
0.91,74,-0.0051898925610896676
0.91,75,-0.0022154417359435746
0.91,76,0.010538960548522673
0.91,77,-0.007447074621491779
0.91,78,-0.004918605757833015
0.91,79,0.0028281376342394714
0.91,80,-0.0029372122023530564
0.91,81,0.008482547320130714
0.91,82,-0.008236292544889782
0.91,83,-0.003974875983095238
0.91,84,-0.010127796559855552
0.91,85,0.010819175966753828
0.91,86,-0.005354849617051456
0.91,87,0.0007410581339750954
0.91,88,0.002076257579953828
0.91,89,-0.0005617624121420607
0.91,90,-0.007835230306074017
0.91,91,-0.010902709355879584
0.91,92,-0.0010405251489764692
0.91,93,-0.021485684377047273
0.91,94,0.009296417030361272
0.91,95,-0.014675254161607008
0.91,96,0.016265910159595692
0.91,97,0.004407039835430233
0.91,98,0.0003033881301262422
0.91,99,0.07467404271493278
0.91,100,-0.004596574089304737
0.91,101,-0.00998720627493886
0.91,102,0.012065832336065695
0.91,103,-0.014416604417194855
0.91,104,-0.00863279305218359
0.91,105,0.007999060394219135
0.91,106,0.012923599782027187
0.91,107,-0.0075941638471021455
0.91,108,0.0005255313252581667
0.91,109,-0.0009380605911663208
0.91,110,0.013922269684652015
0.91,111,0.006550591135031031
0.91,112,0.00431532898314986
0.91,113,0.00022820318897058808
0.91,114,0.0011206541116943712
0.91,115,-0.002970138283113846
0.91,116,0.00910969688575598
0.91,117,-0.009009662076959319
0.91,118,0.007421487184864106
0.91,119,-0.004471032121964639
0.91,120,0.00030880231009942433
0.91,121,-0.003053839733225937
0.91,122,0.003586627772566616
0.91,123,0.00705468414359602
0.91,124,0.007228417631560356
0.91,125,0.0006868080632723813
0.91,126,-0.0011329410191261782
0.91,127,0.014971046304471781
0.91,128,-0.007765015358859743
0.91,129,0.01185292320643747
0.91,130,0.00044206599719408366
0.91,131,-0.0005277609300149236
0.91,132,-0.00038639990453498294
0.91,133,0.007773731832910155
0.91,134,0.004503062544128084
0.91,135,0.0002598458802008164
0.91,136,0.004505279509130059
0.91,137,-0.0030911139548213873
0.91,138,0.009039027731274726
0.91,139,-0.004869251079542502
0.91,140,0.00645875714270218
0.91,141,0.004200417095821932
0.91,142,0.0032838209973532215
0.91,143,-0.005965046352938553
0.91,144,0.002055763726104635
0.91,145,-0.00024207344017857923
0.91,146,-0.004865066701605619
0.91,147,0.007732398443731893
0.91,148,-0.0004207011214209871
0.91,149,0.0008304064317420929
0.91,150,0.002005522321382657
0.91,151,0.002406962637987976
0.91,152,-0.0009531421549663105
0.91,153,-0.0007005171531043773
0.91,154,-0.002164644070024259
0.91,155,0.004465617700630029
0.91,156,-0.0029185666897038895
0.91,157,0.011612697070517972
0.91,158,-0.006555788959032408
0.91,159,-0.0038067003564701486
0.91,160,-0.010183915570347448
0.91,161,-0.006634668383058202
0.91,162,-0.00042703357644162024
0.91,163,-0.01327737326973243
0.91,164,0.007858447478901088
0.91,165,-0.0052669619121520714
0.91,166,0.0023377485825346834
0.91,167,0.00027692152129300303
0.91,168,0.0026191516037939525
0.91,169,-0.006808453858455773
0.91,170,0.010317953299606107
0.91,171,-0.008218482940756486
0.91,172,0.004233451310975924
0.91,173,-5.1723405417191876e-5
0.91,174,0.0023623164942923364
0.91,175,-0.001871405144802047
0.91,176,-4.085333294983582e-5
0.91,177,0.0034208803386628884
0.91,178,-0.00590116679155087
0.91,179,-0.0052681959388989385
0.91,180,0.0026179228407355675
0.91,181,-0.006151443105827086
0.91,182,-0.0006769722277161221
0.91,183,2.672108029337302e-5
0.91,184,-0.00330365079756451
0.91,185,-0.018387760673982373
0.91,186,0.01279556007286733
0.91,187,-0.019554853539974815
0.91,188,-0.013020344412244414
0.91,189,0.02139510442802531
0.91,190,0.1774846219544733
0.91,191,-0.11578747141823578
0.91,192,1.0383625454278116
0.91,193,0.002174427550218826
0.91,194,0.012211352194954938
0.91,195,-0.00040128662387069186
0.91,196,-0.0020998564054699486
0.91,197,-0.0009870289984029654
0.91,198,-0.0003242928998926538
0.92,intercept,0.009372933022972478
0.92,1,0.02401936014079653
0.92,2,-0.0014646945747416324
0.92,3,0.00013849510013389443
0.92,4,-0.016497393219588895
0.92,5,0.02175228480381791
0.92,6,-0.015787414002836037
0.92,7,0.0016124550649602633
0.92,8,0.023579175787834517
0.92,9,-0.00481296354440928
0.92,10,-0.017006421052741052
0.92,11,0.016785819305448306
0.92,12,0.0003941353019866475
0.92,13,-0.00380632192746747
0.92,14,0.0030510868044431433
0.92,15,-0.010977412065404335
0.92,16,0.005094052947049681
0.92,17,0.024620447655423414
0.92,18,-0.013206087696000478
0.92,19,0.0012621436863071663
0.92,20,0.001562759990644595
0.92,21,0.01525543734487862
0.92,22,0.011303372813369923
0.92,23,-0.013191421602141264
0.92,24,0.005601498142225135
0.92,25,0.0012689092474240356
0.92,26,-0.005766751083348508
0.92,27,0.006536566087743521
0.92,28,0.014824061625301735
0.92,29,-0.009800993227401326
0.92,30,0.003844450972289523
0.92,31,0.002394921601732711
0.92,32,0.007113340545454895
0.92,33,-0.00014765211913961217
0.92,34,0.0023820463268885653
0.92,35,0.004544009291403448
0.92,36,-0.0004857544682816604
0.92,37,0.0027253048929644745
0.92,38,-0.006749644347331004
0.92,39,0.005651080814657238
0.92,40,0.008262640374838662
0.92,41,-0.006372991936342445
0.92,42,0.007701827257954385
0.92,43,-0.0020011731801868734
0.92,44,-0.004895046703550737
0.92,45,0.005535791367682169
0.92,46,-0.0009094984571516679
0.92,47,0.006884456041113734
0.92,48,0.0033322009622832223
0.92,49,-0.0018927251985564673
0.92,50,0.006048811924918487
0.92,51,-0.005341236698037346
0.92,52,0.0003789252195864484
0.92,53,0.0006478091467340218
0.92,54,0.0024414190563149824
0.92,55,0.0008440381529680736
0.92,56,0.0021627318350819547
0.92,57,-0.002111468321910844
0.92,58,-0.004178553388025486
0.92,59,-0.0004618250108282363
0.92,60,-0.0029013049593951024
0.92,61,-0.0023183223594942046
0.92,62,-0.005422111131485471
0.92,63,-0.0007157529343013161
0.92,64,-0.0018825788314255061
0.92,65,-0.008669968525455178
0.92,66,-0.00497938528114658
0.92,67,0.003676195696434814
0.92,68,-0.010509250632144904
0.92,69,0.0017920161609883587
0.92,70,0.001820307578172481
0.92,71,-0.012594649964950426
0.92,72,0.006682291943643337
0.92,73,0.0013257844363530498
0.92,74,-0.007581193410526447
0.92,75,0.0019091221730889445
0.92,76,0.013435005500764728
0.92,77,-0.007439134932324717
0.92,78,-0.00746896507567208
0.92,79,0.001516773492264611
0.92,80,-0.0036673131729040103
0.92,81,0.015400217142500573
0.92,82,-0.012704052662416428
0.92,83,-0.0027637985814050795
0.92,84,-0.01530994083021952
0.92,85,0.01373504636229764
0.92,86,-0.009934821685876548
0.92,87,0.00021779273535121193
0.92,88,0.0034681134808576737
0.92,89,-0.0003261792365837407
0.92,90,-0.011165502206188378
0.92,91,-0.006290134514283349
0.92,92,-0.0032247776248196347
0.92,93,-0.023998122452053804
0.92,94,0.0065639521806101
0.92,95,-0.014960963330780638
0.92,96,0.015367899144051757
0.92,97,0.00018320959038576966
0.92,98,0.007931938023040853
0.92,99,0.08180438979449313
0.92,100,-0.005618069290819333
0.92,101,-0.016721360023399023
0.92,102,0.02023334011074796
0.92,103,-0.020194364913377127
0.92,104,-0.01186474846308101
0.92,105,0.012317533843063062
0.92,106,0.016398786973216974
0.92,107,-0.006739577041689284
0.92,108,7.625396674741628e-6
0.92,109,-0.003872725777305045
0.92,110,0.017961556372370336
0.92,111,0.0038930609443835486
0.92,112,0.007981336957779894
0.92,113,-0.002201081822830138
0.92,114,-0.0002888553500394968
0.92,115,-0.004328877826250121
0.92,116,0.01115018909932405
0.92,117,-0.007748694301234115
0.92,118,0.005927985027821667
0.92,119,-0.005334244041047228
0.92,120,-0.0011329682597473727
0.92,121,-0.003207515932583913
0.92,122,0.005015172086123791
0.92,123,0.0076383471769030506
0.92,124,0.013398698011724684
0.92,125,-0.001407399409348587
0.92,126,0.004167634670066664
0.92,127,0.014995006181930408
0.92,128,-0.007020745967142239
0.92,129,0.014752899792834468
0.92,130,-4.5391143810626025e-5
0.92,131,-0.0010973054266634043
0.92,132,0.0017335867105478327
0.92,133,0.009029898281538103
0.92,134,0.0067507126556827215
0.92,135,-0.00025033268146991113
0.92,136,0.0030769506075147128
0.92,137,-0.002627960639854334
0.92,138,0.008599097816772379
0.92,139,-0.002772946962274009
0.92,140,0.005057043694885218
0.92,141,0.004730610919581668
0.92,142,0.001807705745647891
0.92,143,-0.004022366112292534
0.92,144,0.000949705855681619
0.92,145,-0.0012920921173905878
0.92,146,-0.004078232924420471
0.92,147,0.007811691858913232
0.92,148,-0.0006384691837787512
0.92,149,0.00014605715300552148
0.92,150,0.004372795775292008
0.92,151,0.004084625727495284
0.92,152,-0.003520109916025843
0.92,153,0.003817791155967363
0.92,154,-0.003840399186003551
0.92,155,0.005363771948211582
0.92,156,-0.003280557284077949
0.92,157,0.011293825772758705
0.92,158,-0.006590136789420618
0.92,159,-0.0028401768081478514
0.92,160,-0.011610386667167285
0.92,161,-0.0092610325431553
0.92,162,6.105953872851373e-5
0.92,163,-0.01683319991513901
0.92,164,0.010127690837683664
0.92,165,-0.009380205693974256
0.92,166,0.0051812874329933475
0.92,167,0.00023256300533760335
0.92,168,0.002900666772334972
0.92,169,-0.009432379500616019
0.92,170,0.014620451593582972
0.92,171,-0.014850437189344083
0.92,172,0.007536663813552617
0.92,173,-0.0037698159500041124
0.92,174,0.0011299713023689537
0.92,175,0.0015261266224962295
0.92,176,-0.003372530662665319
0.92,177,0.0059918435942895735
0.92,178,-0.005114107504795949
0.92,179,-0.00444755349671459
0.92,180,0.0010978652873518979
0.92,181,-0.0016881761435667759
0.92,182,-0.005561859265166838
0.92,183,0.006898117150981435
0.92,184,-0.007414559854490143
0.92,185,-0.02252174441117263
0.92,186,0.00795616810173393
0.92,187,-0.02345387581485617
0.92,188,-0.01581186053449504
0.92,189,0.040270760265637404
0.92,190,0.189091611915521
0.92,191,-0.13371840879781519
0.92,192,1.0638351752815225
0.92,193,0.003995607889768174
0.92,194,0.017466759269617712
0.92,195,-0.000803049056268581
0.92,196,-0.003975423890464319
0.92,197,-0.0010510672948105331
0.92,198,-0.00037976025995931605
0.93,intercept,0.010668658011251995
0.93,1,0.047492204039831606
0.93,2,-0.004392632718443821
0.93,3,-0.0007450789282572042
0.93,4,-0.025564823273523458
0.93,5,0.029387757334535528
0.93,6,-0.022553922687748616
0.93,7,0.005555192618568608
0.93,8,0.017999890800733002
0.93,9,-0.00962021441693252
0.93,10,-0.016598163991619275
0.93,11,0.020479800230431982
0.93,12,0.001339597356053754
0.93,13,-0.0031324691143108942
0.93,14,-0.005963565258977339
0.93,15,-0.01597107554153997
0.93,16,0.013020100323432772
0.93,17,0.02416236800528232
0.93,18,-0.01703488513345654
0.93,19,0.007524642289531684
0.93,20,-0.004836324712188085
0.93,21,0.020912924360920952
0.93,22,0.016920690340195783
0.93,23,-0.01896700156931861
0.93,24,0.004658702267474103
0.93,25,-0.0015494686876084893
0.93,26,-0.0029153593396657267
0.93,27,0.007134683645516719
0.93,28,0.017627686413687834
0.93,29,-0.008231954907895711
0.93,30,0.005722681375929809
0.93,31,0.0006444760995582129
0.93,32,0.01024430382858737
0.93,33,-0.0016932577730193249
0.93,34,-0.0008288408006442671
0.93,35,0.010560781695433815
0.93,36,-0.002779471586385458
0.93,37,0.002769780286725719
0.93,38,-0.010476049924598047
0.93,39,0.0064264965321336135
0.93,40,0.011093323120011303
0.93,41,-0.00765408469184233
0.93,42,0.009676837007113404
0.93,43,-0.002293927350683027
0.93,44,-0.005462943045364481
0.93,45,0.005977830197590301
0.93,46,-0.003153762647985002
0.93,47,0.00848537781862198
0.93,48,0.006111191241730949
0.93,49,0.0013704813469318949
0.93,50,0.007072801832308781
0.93,51,-0.0037758956767717008
0.93,52,0.001781356334127291
0.93,53,-0.00400684015249797
0.93,54,0.003378357785343937
0.93,55,-0.0010757412753989596
0.93,56,0.0031784622309045225
0.93,57,-0.0015796842889391448
0.93,58,-0.007224271358416851
0.93,59,-0.0008964165861496692
0.93,60,-0.00035062764431529123
0.93,61,-0.0041883878687503946
0.93,62,-0.0031977348848842646
0.93,63,-0.003341122301770466
0.93,64,-0.0007162321528556354
0.93,65,-0.008272203780547039
0.93,66,-0.007584216531520385
0.93,67,0.0035530729920187644
0.93,68,-0.011807289439100666
0.93,69,0.0005069939440542832
0.93,70,0.003371364562008068
0.93,71,-0.013176473554542701
0.93,72,0.006080289771875219
0.93,73,0.0010890649712833138
0.93,74,-0.009210568117448742
0.93,75,0.002762503111993626
0.93,76,0.017946364470915382
0.93,77,-0.006497444471000684
0.93,78,-0.009144465509283875
0.93,79,0.004153393021000349
0.93,80,-0.0052374705639826645
0.93,81,0.012229309427132198
0.93,82,-0.012969622109067106
0.93,83,-0.0049431503663892595
0.93,84,-0.01231134176773381
0.93,85,0.011136164895397609
0.93,86,-0.006078458466832963
0.93,87,-0.002582732013442705
0.93,88,0.008250146051117081
0.93,89,-0.00910116898196704
0.93,90,-0.009369581565676065
0.93,91,-0.008464221524303386
0.93,92,-0.0002138620509336413
0.93,93,-0.02639543377466137
0.93,94,0.0034652791303363866
0.93,95,-0.01832619001880491
0.93,96,0.01830183864820565
0.93,97,-0.015125077769203434
0.93,98,0.023958218203628628
0.93,99,0.08845509228162933
0.93,100,0.0025788501157440885
0.93,101,-0.01806905136091127
0.93,102,0.02196617360192238
0.93,103,-0.028825584923198533
0.93,104,-0.01298796512643281
0.93,105,0.009800524449367808
0.93,106,0.01575139801060445
0.93,107,0.0001457014335392549
0.93,108,-0.0055564857963161
0.93,109,0.0023913174366521814
0.93,110,0.01986437635509789
0.93,111,-0.001730180113450528
0.93,112,0.008311660230649607
0.93,113,-0.007849284546718899
0.93,114,0.002609838879162286
0.93,115,-0.007695676844272443
0.93,116,0.022790702788914406
0.93,117,-0.009346612093367226
0.93,118,0.009131492482315868
0.93,119,-0.0035201634980233792
0.93,120,-0.005626061201900261
0.93,121,-0.003651293729520743
0.93,122,0.011376969576901048
0.93,123,0.007870956146307317
0.93,124,0.01024176507268111
0.93,125,0.0016264249616355026
0.93,126,0.00552777601689279
0.93,127,0.01491296812575196
0.93,128,-0.006227613762258117
0.93,129,0.01819872741693902
0.93,130,-0.0033182460066251123
0.93,131,-0.0008461946948782725
0.93,132,0.0014206736668606805
0.93,133,0.01282502829987475
0.93,134,0.0054663672094189455
0.93,135,-0.0012806408496685137
0.93,136,0.003537739510770106
0.93,137,-0.002967945183885549
0.93,138,0.010387797500533699
0.93,139,-0.004365375589728546
0.93,140,0.0039194706775898015
0.93,141,0.007498751521445023
0.93,142,-0.00048398255567209584
0.93,143,0.001585379930137394
0.93,144,-0.0009263947485875409
0.93,145,0.0009477344610862791
0.93,146,-0.006547166092872183
0.93,147,0.010219041422214305
0.93,148,-0.0013502848155794473
0.93,149,-0.00014214956892755123
0.93,150,0.0044770175780922085
0.93,151,0.006284889226700373
0.93,152,-0.0015588832130069817
0.93,153,0.003892450743406412
0.93,154,0.00047237084286572346
0.93,155,0.005162695093324351
0.93,156,-0.005392903177864238
0.93,157,0.018480589878875495
0.93,158,-0.008623681555288285
0.93,159,-0.0032480556463347476
0.93,160,-0.014724542319885804
0.93,161,-0.011435971194220192
0.93,162,-0.0006930269123644927
0.93,163,-0.01943712927574109
0.93,164,0.008391501983235147
0.93,165,-0.01310150912787285
0.93,166,0.009806890436629708
0.93,167,-2.3445708804898947e-5
0.93,168,0.00042435552415725423
0.93,169,-0.007043489795851941
0.93,170,0.012894682659160684
0.93,171,-0.010978508989553748
0.93,172,0.003905904543302563
0.93,173,-0.006097520335027291
0.93,174,0.0031819024974110025
0.93,175,0.0005259461687735535
0.93,176,0.0009913043463523376
0.93,177,0.0012898892424816715
0.93,178,-0.005514463717206201
0.93,179,6.143487379525449e-5
0.93,180,-0.008878545187352246
0.93,181,0.005638322084818264
0.93,182,-0.007332719530736815
0.93,183,0.0004637250923473683
0.93,184,0.0022972798554580886
0.93,185,-0.025610674421854867
0.93,186,0.01425186961295032
0.93,187,-0.028830215848482662
0.93,188,-0.021178091298594222
0.93,189,0.05100590457095947
0.93,190,0.20350570209783952
0.93,191,-0.14646523588668786
0.93,192,1.076335036534697
0.93,193,0.007848138659684964
0.93,194,0.026687554848238985
0.93,195,-0.00025004877654076464
0.93,196,-0.006481307677893602
0.93,197,-0.0014694140859659935
0.93,198,-0.0005148143561563758
0.94,intercept,0.01520315825553149
0.94,1,0.054885009915342835
0.94,2,0.009550032498410535
0.94,3,-0.020243911016886246
0.94,4,-0.010896286121892836
0.94,5,0.01862025627631793
0.94,6,-0.010662322927705995
0.94,7,-0.004572918310539736
0.94,8,0.02686857391946902
0.94,9,-0.011585350796132241
0.94,10,-0.023510168284169585
0.94,11,0.01623575968483615
0.94,12,-0.01597955515874591
0.94,13,0.00811181258015529
0.94,14,-0.011173498365565788
0.94,15,-0.026670394346453897
0.94,16,0.022085210730124146
0.94,17,0.04292717114733782
0.94,18,-0.02190168388780881
0.94,19,0.009599212160783247
0.94,20,0.006203355631011328
0.94,21,0.01895721442969111
0.94,22,0.021272709182856436
0.94,23,-0.024260485084965477
0.94,24,0.003908785624194452
0.94,25,-0.0058008876200203365
0.94,26,-0.0006783377351026462
0.94,27,-0.0021008586579576464
0.94,28,0.01913806628536661
0.94,29,-0.006802976169142709
0.94,30,0.008468881916293455
0.94,31,0.002657626356708411
0.94,32,0.006965034333895661
0.94,33,0.0009520591866143073
0.94,34,-0.0026777636012875875
0.94,35,0.01172754367815579
0.94,36,-0.003834434670122143
0.94,37,0.003659447987291127
0.94,38,-0.012329653276710248
0.94,39,0.005046021332671733
0.94,40,0.012652497784547984
0.94,41,-0.0098244221179359
0.94,42,0.014654787878574535
0.94,43,-0.0018510843546158083
0.94,44,-0.007472516362526844
0.94,45,0.006820042975027715
0.94,46,-0.0025567033612708427
0.94,47,0.008064520377780318
0.94,48,0.007401620853692702
0.94,49,0.005414150349985305
0.94,50,0.00755105360777316
0.94,51,-0.002585075770620891
0.94,52,0.0036074779544214785
0.94,53,-0.007171754822004846
0.94,54,0.002996337237041722
0.94,55,-0.0006282885910353392
0.94,56,0.005878475932890215
0.94,57,-0.0022638974370711358
0.94,58,-0.008118425218085503
0.94,59,-0.0005734575783371798
0.94,60,-0.0015293010206042334
0.94,61,-0.004794125331868033
0.94,62,-0.004583387817085417
0.94,63,-0.0022749168339251994
0.94,64,-0.004095391718018656
0.94,65,-0.009749299239089878
0.94,66,-0.009156252604042372
0.94,67,0.006732016982865713
0.94,68,-0.017309082690067465
0.94,69,0.0034639953285285794
0.94,70,-0.0013869908074107921
0.94,71,-0.011568879069891621
0.94,72,0.004416118852483408
0.94,73,0.0034601056765945627
0.94,74,-0.007777631693450947
0.94,75,-0.0020837707217188778
0.94,76,0.023271712929670674
0.94,77,-0.00499238511404955
0.94,78,-0.009749251936964168
0.94,79,0.011582020506708028
0.94,80,-0.006251641868443589
0.94,81,0.009326669509220438
0.94,82,-0.01700529601257821
0.94,83,-0.0046809288809359795
0.94,84,-0.011358265668227953
0.94,85,0.008026884930066055
0.94,86,-0.007519572404647683
0.94,87,-0.003397390346921192
0.94,88,0.01576566170347231
0.94,89,-0.01612243465885155
0.94,90,-0.005663202029237612
0.94,91,-0.013125995791604955
0.94,92,0.004301015265873896
0.94,93,-0.03399384936657788
0.94,94,-0.0013951966218926704
0.94,95,-0.022852944432768845
0.94,96,0.022645797248912285
0.94,97,-0.0225330349333026
0.94,98,0.03693052269787884
0.94,99,0.09825412883943432
0.94,100,-0.00424806642682962
0.94,101,-0.019915964816951015
0.94,102,0.010508648010366765
0.94,103,-0.02797810762726749
0.94,104,-0.009031408383811702
0.94,105,0.008399484522010996
0.94,106,0.022804337205123114
0.94,107,-0.003719236254207484
0.94,108,-0.0067130378698393245
0.94,109,-0.009778690808517362
0.94,110,0.03357339308523372
0.94,111,0.0076582748200313
0.94,112,0.0012416071202343147
0.94,113,-0.01436479057131408
0.94,114,-0.00014072283332517698
0.94,115,-0.014586711141616913
0.94,116,0.029495324931468173
0.94,117,-0.013218272527672534
0.94,118,0.01041332103371217
0.94,119,-0.007654201292892866
0.94,120,-0.005368632413496946
0.94,121,-0.002367279516971797
0.94,122,0.02320083586572308
0.94,123,0.00573304334392903
0.94,124,0.016037661759269756
0.94,125,-0.003941075393680704
0.94,126,0.013898128044959159
0.94,127,0.013160696375059623
0.94,128,-0.002132989837518958
0.94,129,0.016277989000006154
0.94,130,-0.0016893177072235636
0.94,131,-0.00016911306230954444
0.94,132,0.00522270721360427
0.94,133,0.015360005250369794
0.94,134,0.007726787900322563
0.94,135,-0.0038432285247608543
0.94,136,0.007633905853774886
0.94,137,-0.004505031880107894
0.94,138,0.010164125903713992
0.94,139,-0.0001063814709595747
0.94,140,-0.0014334753240691524
0.94,141,0.010349413688125888
0.94,142,0.0019196234832837948
0.94,143,5.753010212929621e-5
0.94,144,-7.618324124920777e-5
0.94,145,7.503859329336208e-5
0.94,146,-0.006560519476715548
0.94,147,0.007543524689386665
0.94,148,-0.0003832752499639006
0.94,149,0.0034083868647172256
0.94,150,0.004276329354151706
0.94,151,0.012962872639237314
0.94,152,-0.007080337940761006
0.94,153,0.007264934475094372
0.94,154,-0.0012763530689365902
0.94,155,0.008830598763846533
0.94,156,-0.0034958048632977878
0.94,157,0.020763368464210525
0.94,158,-0.014871820513699832
0.94,159,-0.004006429794147837
0.94,160,-0.014417995416018573
0.94,161,-0.01323988128760363
0.94,162,-0.0022630029014803483
0.94,163,-0.02110422232986268
0.94,164,0.0029096110406018824
0.94,165,-0.013855464323392604
0.94,166,0.010194213709124503
0.94,167,0.004401015446184422
0.94,168,-0.002191073729374657
0.94,169,-0.0036846713877001207
0.94,170,0.008753571142402945
0.94,171,-0.01171286674919795
0.94,172,0.004689063535802391
0.94,173,-0.004640997093243775
0.94,174,-0.00026998413715915173
0.94,175,0.002533107478769977
0.94,176,-0.0034084876296523268
0.94,177,0.00831880347782958
0.94,178,-0.013351913469166834
0.94,179,0.005601934836546105
0.94,180,-0.011787293107027095
0.94,181,0.0068125796035869105
0.94,182,-0.010427542289824288
0.94,183,-0.00033829297918782573
0.94,184,0.0008905753109019498
0.94,185,-0.023963992021518134
0.94,186,0.01508227129401033
0.94,187,-0.03605332607993795
0.94,188,-0.03159010911640804
0.94,189,0.06573106674960416
0.94,190,0.27438989517076934
0.94,191,-0.18591886836913216
0.94,192,1.0928991368405538
0.94,193,0.009681716572909662
0.94,194,0.029486005558143017
0.94,195,-0.00010968449296102798
0.94,196,-0.01133034471642888
0.94,197,-0.0014925349321172395
0.94,198,1.5034719920739835e-5
0.95,intercept,0.022630317761471435
0.95,1,0.06252897400736666
0.95,2,0.01744549460666529
0.95,3,-0.020396664672942943
0.95,4,-0.01581182172451966
0.95,5,0.0183434364753518
0.95,6,-0.014373912291506148
0.95,7,-0.002458351130257876
0.95,8,0.02449429026692068
0.95,9,-0.004894328955899782
0.95,10,-0.03728835914387696
0.95,11,0.014720083238610583
0.95,12,-0.021638365248174137
0.95,13,0.012180048566227559
0.95,14,-0.020318372118802133
0.95,15,-0.026675644043610974
0.95,16,0.01716015697798812
0.95,17,0.028013471140976003
0.95,18,-0.01275407508601072
0.95,19,-0.006969192034364996
0.95,20,0.018753751134275205
0.95,21,0.03601845271855106
0.95,22,0.011246055940089367
0.95,23,-0.024956322184472596
0.95,24,0.004374026481023557
0.95,25,-0.005540920092312582
0.95,26,0.007895178788803156
0.95,27,-0.0047672204486962685
0.95,28,0.026024519389714958
0.95,29,-0.010122670044771211
0.95,30,0.004712143716048045
0.95,31,0.0017664563908217491
0.95,32,0.004471783863486086
0.95,33,0.008881031423107484
0.95,34,-0.004535702477862183
0.95,35,0.02069559382604038
0.95,36,-0.01117493829252841
0.95,37,0.002358127989923034
0.95,38,-0.010195175203285382
0.95,39,0.0035532274969210433
0.95,40,0.014805061054655937
0.95,41,-0.013065030480866277
0.95,42,0.017828624173938105
0.95,43,-0.0012503810053635632
0.95,44,-0.0075940138910638635
0.95,45,0.004916533535190206
0.95,46,-0.0036813097370722355
0.95,47,0.008673379511185726
0.95,48,0.005949487719313338
0.95,49,0.0071711243131661875
0.95,50,0.013338629224199986
0.95,51,-0.006915164808924116
0.95,52,0.004609856845992732
0.95,53,-0.008353697831121162
0.95,54,0.0022767894209598633
0.95,55,0.00022524639868368296
0.95,56,0.00933447944163325
0.95,57,-0.003043339316068572
0.95,58,-0.00393753881126446
0.95,59,-0.005781600989226417
0.95,60,0.00308654295330746
0.95,61,-0.0030962987706873546
0.95,62,-0.008306067983281885
0.95,63,0.00031956554682555257
0.95,64,-0.008208333001518553
0.95,65,-0.005625221374347869
0.95,66,-0.016759594811888903
0.95,67,0.008682183497532376
0.95,68,-0.018228729292646562
0.95,69,0.0025752513929686903
0.95,70,-0.005123020724882885
0.95,71,-0.010623626058104784
0.95,72,-0.00014311383907690255
0.95,73,0.0005006878626634473
0.95,74,-0.0019634673600760263
0.95,75,-0.00711525870000774
0.95,76,0.03533564794160461
0.95,77,-0.009225880397451905
0.95,78,-0.0026550049140136272
0.95,79,0.005121181653887311
0.95,80,-0.002846782002996525
0.95,81,0.012483639186579507
0.95,82,-0.014301940589557118
0.95,83,-0.0031609951952691695
0.95,84,-0.018852678615440925
0.95,85,0.011447935961138855
0.95,86,-0.008680820963318346
0.95,87,-0.00855050563722486
0.95,88,0.016615755094214455
0.95,89,-0.01904975988844295
0.95,90,-0.011703695554299069
0.95,91,-0.005788692440979592
0.95,92,0.006269926197255068
0.95,93,-0.03719867287916884
0.95,94,-0.003155567797729115
0.95,95,-0.020027279102725695
0.95,96,0.0012288277951144281
0.95,97,-0.02546087627972245
0.95,98,0.05728956588601323
0.95,99,0.07725319734586868
0.95,100,0.030210802838484704
0.95,101,-0.041025935585249945
0.95,102,0.0362333991176518
0.95,103,-0.04131878065805627
0.95,104,-0.002701163609298938
0.95,105,0.0016536308481852223
0.95,106,0.03058428586777991
0.95,107,0.0012280877769454829
0.95,108,-0.019482088345814934
0.95,109,-0.01665426334011219
0.95,110,0.0394212794335161
0.95,111,0.01069419894665645
0.95,112,0.005150144435887059
0.95,113,-0.013653633302385075
0.95,114,-0.0030581446343487424
0.95,115,-0.021242392113286105
0.95,116,0.03413880440221616
0.95,117,-0.015877276370828967
0.95,118,0.020613452237570804
0.95,119,-0.005526721290929897
0.95,120,-0.007230182731012799
0.95,121,-0.0067203047892174786
0.95,122,0.02555903635815663
0.95,123,0.006138494429442927
0.95,124,0.023993251582949956
0.95,125,-8.976140924465956e-5
0.95,126,0.01737693630987376
0.95,127,0.01260561021029657
0.95,128,-0.002129406083531323
0.95,129,0.013263818695238988
0.95,130,0.003603398018324613
0.95,131,-0.0008956870489222929
0.95,132,0.007750729755356148
0.95,133,0.016778203827188802
0.95,134,0.006956450081388582
0.95,135,-0.0043071061865537445
0.95,136,0.0030554724817604593
0.95,137,-0.0034699300899123267
0.95,138,0.00796363022093309
0.95,139,0.007299344335064055
0.95,140,-0.0054598439496269914
0.95,141,0.015571119608038676
0.95,142,0.0002323840207621479
0.95,143,-0.0017584221428678377
0.95,144,-0.0011816322833538076
0.95,145,-0.0021294046484057623
0.95,146,-0.003653655867672485
0.95,147,0.0017777847433073676
0.95,148,0.005311942444486581
0.95,149,0.004913282287523828
0.95,150,0.0036504993117694364
0.95,151,0.018281620091210767
0.95,152,-0.0069652629070275284
0.95,153,0.010599021427136576
0.95,154,-0.006753967595165563
0.95,155,0.01266659217276562
0.95,156,0.0022400855513711386
0.95,157,0.02155475564409872
0.95,158,-0.018113183099107595
0.95,159,-0.008600781273440692
0.95,160,-0.013233973983572773
0.95,161,-0.007957154433232602
0.95,162,-0.00860630803158977
0.95,163,-0.02632917477478149
0.95,164,0.009653282238241355
0.95,165,-0.01979678633253788
0.95,166,0.011892147239352757
0.95,167,-0.0016628126560050797
0.95,168,-0.0035334409380715064
0.95,169,-0.0003212802246399212
0.95,170,0.00614363128749651
0.95,171,-0.015427370405598715
0.95,172,0.014912282292221695
0.95,173,-0.006970823265895121
0.95,174,-0.005221576143051591
0.95,175,0.006044945139773465
0.95,176,-0.006579585914324509
0.95,177,0.004761467082585093
0.95,178,-0.010389626285493293
0.95,179,0.005454542322325179
0.95,180,-0.014051644584413603
0.95,181,0.015547663355518389
0.95,182,-0.01633434378586158
0.95,183,0.0032968582643641375
0.95,184,-0.0012889964774606664
0.95,185,-0.019386570820412802
0.95,186,0.017294515832616885
0.95,187,-0.04631712066901513
0.95,188,-0.03916893116839061
0.95,189,0.09431382434559507
0.95,190,0.3112098484973273
0.95,191,-0.23149640130287386
0.95,192,1.1168906741747917
0.95,193,0.010570877145791226
0.95,194,0.03353176735491532
0.95,195,-9.905797585408471e-5
0.95,196,-0.01944891917458283
0.95,197,-0.0016683019815850323
0.95,198,5.222701474975194e-5
0.96,intercept,0.03294188816374628
0.96,1,0.04677825811244247
0.96,2,0.03288462150595263
0.96,3,-0.02981897990931037
0.96,4,0.014466560856907722
0.96,5,0.0017239602116961286
0.96,6,-0.016849674466995503
0.96,7,-0.019563837451741423
0.96,8,0.037305962745323114
0.96,9,-0.026841660015214465
0.96,10,-0.04175574377866081
0.96,11,0.0043897832842469285
0.96,12,-0.01223154263870941
0.96,13,0.0017566772078595146
0.96,14,-0.012904129999608487
0.96,15,-0.024159116856277522
0.96,16,0.006645535367636505
0.96,17,0.04065805372118839
0.96,18,-0.009652871465189507
0.96,19,-0.01021431910486132
0.96,20,0.02961387497472536
0.96,21,0.036162684433209205
0.96,22,-0.0027500720714484714
0.96,23,-0.024725573443640667
0.96,24,0.0017442593171546606
0.96,25,-0.002386710103880198
0.96,26,0.006725190824577617
0.96,27,-0.0018944321061830376
0.96,28,0.023595098318244218
0.96,29,-0.011310295024366476
0.96,30,0.006061851647615207
0.96,31,-0.0025325748073821413
0.96,32,0.004889370601328724
0.96,33,0.00884658038616921
0.96,34,-0.003549988179545802
0.96,35,0.018974486490293603
0.96,36,-0.013174892500753228
0.96,37,0.004082573668582202
0.96,38,-0.013722958444166088
0.96,39,0.00443611199112325
0.96,40,0.011244029780531475
0.96,41,-0.014014943311200246
0.96,42,0.020337892019312777
0.96,43,0.0011978168569877871
0.96,44,-0.008130010991199027
0.96,45,0.0085032828558834
0.96,46,-0.006890749479944546
0.96,47,0.005659707400963258
0.96,48,0.011708361066956762
0.96,49,0.01036875831783991
0.96,50,0.016673567218147573
0.96,51,-0.01264880605632095
0.96,52,0.008385942105494464
0.96,53,-0.00809375269825448
0.96,54,0.0035036395687356695
0.96,55,-0.00042144164010731534
0.96,56,0.009733115001186702
0.96,57,-0.0049095821912561325
0.96,58,-0.008651866070292318
0.96,59,-0.0021320198098540378
0.96,60,0.0013700729177363593
0.96,61,-0.007360259006443468
0.96,62,-0.0088510235643908
0.96,63,0.0048421724231120546
0.96,64,-0.012422419585689196
0.96,65,-0.004732194543758543
0.96,66,-0.017870635932005614
0.96,67,0.008959262439250127
0.96,68,-0.022099607872275454
0.96,69,0.00430545417938183
0.96,70,-0.005694146815252546
0.96,71,-0.015676382224338693
0.96,72,-0.0036247071417583356
0.96,73,-2.0104826513167077e-5
0.96,74,-0.0019703219068336504
0.96,75,-0.00692628619081088
0.96,76,0.05002367970202129
0.96,77,-0.012439995945872386
0.96,78,-0.00421432214077986
0.96,79,-0.0014606112384164178
0.96,80,-0.003633040331484279
0.96,81,0.028866857655362847
0.96,82,-0.01478475690630781
0.96,83,-0.0014240620098003684
0.96,84,-0.019435277169157987
0.96,85,0.007710687096712304
0.96,86,-0.01510013833972391
0.96,87,-0.008130913504693249
0.96,88,0.017940577706438216
0.96,89,-0.026030774111622614
0.96,90,-0.006906080524587464
0.96,91,-0.016278471184009113
0.96,92,0.01616900926714206
0.96,93,-0.04618961954410493
0.96,94,-0.007903536801965845
0.96,95,-0.02139089564450348
0.96,96,0.014047916192295748
0.96,97,-0.013506612265734401
0.96,98,0.03154513603182193
0.96,99,0.12003691638494392
0.96,100,0.019509029372453315
0.96,101,-0.022906308411384312
0.96,102,0.0309449243487863
0.96,103,-0.04447887285736832
0.96,104,0.0009112202953276956
0.96,105,-0.006755666091909691
0.96,106,0.018098905802994572
0.96,107,0.007050811029882766
0.96,108,-0.018752977310768346
0.96,109,-0.032555252658393874
0.96,110,0.06617651086180042
0.96,111,-0.004845645185106798
0.96,112,-0.0025666798391771263
0.96,113,-0.010127823524118073
0.96,114,0.0008288699746844465
0.96,115,-0.012366937243380059
0.96,116,0.03652697901073921
0.96,117,-0.040501829370062976
0.96,118,0.03302624634557807
0.96,119,0.0012426887790967817
0.96,120,-0.0023525068442491453
0.96,121,-0.0004305059138065859
0.96,122,0.03391490144010903
0.96,123,0.0011836892030917222
0.96,124,0.02537815854012503
0.96,125,0.0008144582439833845
0.96,126,0.01947646767576412
0.96,127,0.018437780317219293
0.96,128,-0.003231899288226842
0.96,129,0.01568752012498363
0.96,130,-0.013004160228064693
0.96,131,0.016340321985746913
0.96,132,4.314671474938716e-6
0.96,133,0.012962161636101234
0.96,134,0.006100362005644193
0.96,135,-0.006247800707072158
0.96,136,0.0009089013032821997
0.96,137,-0.0019598311245955942
0.96,138,0.01355311852861237
0.96,139,-0.0034431314617034176
0.96,140,-0.0009325503120752791
0.96,141,0.0246248592908881
0.96,142,-0.006128251374788114
0.96,143,-0.005365467626698644
0.96,144,0.0011994595722047239
0.96,145,-0.007102507626518418
0.96,146,0.00459521233391115
0.96,147,0.00016605921524298457
0.96,148,0.005051150159696139
0.96,149,-0.0018836271299741292
0.96,150,0.010233845877796709
0.96,151,0.025694779696904663
0.96,152,-0.009167491642626738
0.96,153,0.017074650843145796
0.96,154,-0.008493178454237475
0.96,155,0.015290632043044245
0.96,156,0.003534198444789014
0.96,157,0.026032534656771626
0.96,158,-0.028405339069926535
0.96,159,-6.40181450468827e-5
0.96,160,-0.015186169067514833
0.96,161,-0.01051711697789589
0.96,162,-0.011586856361181739
0.96,163,-0.026701397005841218
0.96,164,0.01214805323751969
0.96,165,-0.028575076846590056
0.96,166,0.010327449475354897
0.96,167,0.0004893167452300082
0.96,168,-0.003593671362362259
0.96,169,-0.005997885532779122
0.96,170,0.012579656809078616
0.96,171,-0.028061113662921498
0.96,172,0.027275291461916748
0.96,173,-0.008284759049617089
0.96,174,0.007707067019469446
0.96,175,0.0034481795004940113
0.96,176,-0.004168438206807403
0.96,177,0.0064322016069198905
0.96,178,-0.014685137089385625
0.96,179,0.004142299010278903
0.96,180,-0.01368150372853989
0.96,181,0.010714075139202367
0.96,182,-0.020069444976496164
0.96,183,0.006214067795225403
0.96,184,0.015315932914926486
0.96,185,-0.03156270893965192
0.96,186,0.040904015216859185
0.96,187,-0.07551962204432121
0.96,188,-0.04739830594136342
0.96,189,0.12619333612074485
0.96,190,0.38747880600082735
0.96,191,-0.2874089232264402
0.96,192,1.120826006526945
0.96,193,0.02189514661692597
0.96,194,0.04207637840926516
0.96,195,-7.357302426327887e-7
0.96,196,-0.03018925224686458
0.96,197,-0.0021775630418509775
0.96,198,-0.000580822722723362
0.97,intercept,0.04984123451825072
0.97,1,0.0487107034329449
0.97,2,0.01919945538341726
0.97,3,-0.027892694554556712
0.97,4,0.0278283667663618
0.97,5,0.03244247157562741
0.97,6,-0.04288965914711244
0.97,7,0.01715348787620585
0.97,8,-0.008557504480651821
0.97,9,-0.013057812286338165
0.97,10,-0.06151941389442174
0.97,11,0.017492247744055767
0.97,12,-0.018275154673833085
0.97,13,0.00799587625000441
0.97,14,-0.0551366518256911
0.97,15,0.010461809735231423
0.97,16,-0.021524316617277363
0.97,17,0.06728324184785385
0.97,18,-0.02062051646357824
0.97,19,-0.010505553888769607
0.97,20,0.03846199192056708
0.97,21,0.008682752386875736
0.97,22,0.006132917655697115
0.97,23,-0.040390290519207284
0.97,24,0.005737085949806541
0.97,25,0.02362905175043978
0.97,26,0.010935136503927703
0.97,27,0.010247089875346149
0.97,28,0.02807663940680512
0.97,29,-0.020845873581981474
0.97,30,0.010961543742086405
0.97,31,0.0002762499366909049
0.97,32,0.0003949577551683314
0.97,33,0.008689987957845077
0.97,34,-0.01310129359546312
0.97,35,0.035482871391311836
0.97,36,-0.020827836288644395
0.97,37,0.005977713560271018
0.97,38,-0.02537273091187846
0.97,39,0.009911974268814485
0.97,40,0.008046262356399195
0.97,41,-0.011307168316241543
0.97,42,0.022427854307400807
0.97,43,-0.003616699019699179
0.97,44,-0.007279902968684043
0.97,45,0.004259255382006403
0.97,46,-0.0002856666936589054
0.97,47,0.006042189893382446
0.97,48,0.014323816516578543
0.97,49,0.020007720184692636
0.97,50,0.011304086249872301
0.97,51,-0.010430359968673402
0.97,52,0.005229643205330582
0.97,53,-0.014515220004825927
0.97,54,0.007892543759326742
0.97,55,-0.0013373261644960563
0.97,56,0.008320416959710102
0.97,57,-0.003805973859324315
0.97,58,-0.016135789048260893
0.97,59,0.0036313559160826864
0.97,60,-0.000844350830951589
0.97,61,-0.007293425920468419
0.97,62,-0.003967296856232517
0.97,63,-0.00015605218352944127
0.97,64,-0.010783496571703174
0.97,65,-0.006440377993102974
0.97,66,-0.02286041790013133
0.97,67,0.023222921993875552
0.97,68,-0.024921663598540283
0.97,69,0.005060923422288781
0.97,70,-0.01039750840481081
0.97,71,-0.012538314946554755
0.97,72,-0.01786224329330752
0.97,73,0.000576189892060573
0.97,74,-0.006373937969117223
0.97,75,-0.018154998835562444
0.97,76,0.06924337059151689
0.97,77,-0.0006949648793784965
0.97,78,-0.023946868169037804
0.97,79,0.011907129074272027
0.97,80,0.006733973241710747
0.97,81,0.024300010373331883
0.97,82,-0.02092881852897272
0.97,83,-0.0002554636017059261
0.97,84,-0.022058917503391427
0.97,85,0.00603975233838621
0.97,86,-0.014338550400827536
0.97,87,-0.016372602868164825
0.97,88,0.052818286822235425
0.97,89,-0.04151143188417742
0.97,90,-6.77135084084777e-6
0.97,91,-0.0319049530489538
0.97,92,0.011010555383744791
0.97,93,-0.04792669990056222
0.97,94,-0.004229481993845314
0.97,95,-0.021726323008086156
0.97,96,0.017851601231023147
0.97,97,0.009155518114204063
0.97,98,-0.010355850710954646
0.97,99,0.10310938799296211
0.97,100,0.01959578929837487
0.97,101,-0.03064339224920748
0.97,102,0.05878331867862318
0.97,103,-0.060577333221469104
0.97,104,0.0038816988288038327
0.97,105,0.0011606358994891704
0.97,106,0.03086779277674373
0.97,107,-0.01829728287169388
0.97,108,-0.013979248363199621
0.97,109,-0.043533250786958605
0.97,110,0.07485484702127994
0.97,111,-0.009845232071631503
0.97,112,0.009674903353956371
0.97,113,0.001776291102733008
0.97,114,-0.01672516892986998
0.97,115,-0.01781013055267985
0.97,116,0.03710656115505994
0.97,117,-0.04235446843503997
0.97,118,0.023539500455754973
0.97,119,0.00571833942563659
0.97,120,-0.021598221113281184
0.97,121,0.009677572240997691
0.97,122,0.04020739093211226
0.97,123,0.013498912697166592
0.97,124,0.01182533336209115
0.97,125,0.0005969957045372881
0.97,126,0.01667607513697302
0.97,127,0.005824221155863633
0.97,128,-0.0008770118085284907
0.97,129,0.006306110725422906
0.97,130,0.004208772948410369
0.97,131,-0.0002085673646342018
0.97,132,-0.005651687252719284
0.97,133,0.017956705351068282
0.97,134,0.003482901240845399
0.97,135,-0.0015031565634893837
0.97,136,-0.0019306483401642146
0.97,137,-0.0025886418532994446
0.97,138,0.011830598050874193
0.97,139,-0.0018579977461046897
0.97,140,-0.0016181939535160005
0.97,141,0.02996846634013617
0.97,142,-0.012541973576175593
0.97,143,0.00017995671818119482
0.97,144,0.006094972358349102
0.97,145,-0.0038807421356814036
0.97,146,0.0033607194947561877
0.97,147,-0.004952900966896288
0.97,148,0.003918578057394848
0.97,149,-0.010876383386688258
0.97,150,0.024066834727202748
0.97,151,0.008194599386570764
0.97,152,0.016523887080408757
0.97,153,0.010380360202476308
0.97,154,-0.006586937424840888
0.97,155,0.01987860874113909
0.97,156,0.0036035572863058344
0.97,157,0.021151832239373555
0.97,158,-0.03161542308717268
0.97,159,0.0027683739198520784
0.97,160,-0.018695882653102618
0.97,161,-0.0009708063109995303
0.97,162,-0.016628711537933584
0.97,163,-0.022424977689943525
0.97,164,0.005725634233796058
0.97,165,-0.019463004298475937
0.97,166,-0.0076767639356948615
0.97,167,0.022285475580794568
0.97,168,-0.008658491445992102
0.97,169,-0.006990673913502759
0.97,170,-0.003627333089095281
0.97,171,-0.018639335961296532
0.97,172,0.02220793873228561
0.97,173,0.005269339267054711
0.97,174,-0.004770298554786365
0.97,175,0.016298319756788318
0.97,176,-0.03385207423055072
0.97,177,0.02510070073470773
0.97,178,-0.042488024681887775
0.97,179,0.027318913095997075
0.97,180,-0.013521128253665688
0.97,181,-0.006276700544402011
0.97,182,0.013948302321880662
0.97,183,0.009967930597482232
0.97,184,0.02652949191981005
0.97,185,-0.03658519857278181
0.97,186,0.03591210172391643
0.97,187,-0.08954121659451819
0.97,188,-0.037300506318764665
0.97,189,0.13945721998900124
0.97,190,0.49568537682533365
0.97,191,-0.32145603827116603
0.97,192,1.1112405139700248
0.97,193,0.03456544358895193
0.97,194,0.030613455676029022
0.97,195,0.0002733011919244548
0.97,196,-0.04592561661972216
0.97,197,-0.0024043191531415036
0.97,198,-0.0007763768795031613
0.98,intercept,0.06943299916572993
0.98,1,0.04271034383197292
0.98,2,0.017095653102986646
0.98,3,-0.051344105911456654
0.98,4,0.05248603628033127
0.98,5,0.0035343155516388064
0.98,6,-0.0642694105076505
0.98,7,0.04251497034471378
0.98,8,0.013051945791915999
0.98,9,-0.02326555739585486
0.98,10,-0.07126906713889222
0.98,11,0.03364389394135823
0.98,12,-0.05603856273729975
0.98,13,0.03328171213703078
0.98,14,-0.0343989200366044
0.98,15,0.029120949446115194
0.98,16,-0.04075182221094988
0.98,17,0.044352314386241515
0.98,18,-0.01946798473454646
0.98,19,0.01053769778385046
0.98,20,0.046765901250513275
0.98,21,-0.020855938255855588
0.98,22,0.029930296261494748
0.98,23,-0.060813094321307375
0.98,24,0.022302775718568875
0.98,25,-0.014115959468756448
0.98,26,0.02965819743966142
0.98,27,0.02123949726786891
0.98,28,0.008537570349933927
0.98,29,-0.029929221572700764
0.98,30,0.026954125907228572
0.98,31,0.0005446132256130677
0.98,32,-0.012846720467894071
0.98,33,0.014995900079243491
0.98,34,-0.012209073793362208
0.98,35,0.02612199291418931
0.98,36,-0.028268128673780188
0.98,37,0.015857619425380807
0.98,38,-0.035472248126879206
0.98,39,0.002948606371799159
0.98,40,0.0017092802523928593
0.98,41,0.023543750035230303
0.98,42,0.013375889002632145
0.98,43,0.003235985549769393
0.98,44,-0.011518469484470514
0.98,45,0.0019013786703845478
0.98,46,-0.0110942196272942
0.98,47,0.003981671903280602
0.98,48,0.035714251365135945
0.98,49,0.018846872515387907
0.98,50,0.012312180429645058
0.98,51,-0.011797951117936457
0.98,52,0.011612488914117997
0.98,53,-0.020317717913660965
0.98,54,0.001198194658296301
0.98,55,-0.0028587675932802
0.98,56,0.004309418396114886
0.98,57,-0.006703317407336898
0.98,58,-0.0016034243730129532
0.98,59,0.01302471847767306
0.98,60,-0.021046033381218916
0.98,61,-0.006438419633333541
0.98,62,0.009246174095848481
0.98,63,-0.005353922865183004
0.98,64,0.004096121328502907
0.98,65,-0.021513621083356967
0.98,66,-0.015078052604342824
0.98,67,0.022445198682884346
0.98,68,-0.03809429925466718
0.98,69,0.009436532943475039
0.98,70,-0.028804441386303385
0.98,71,0.002707895479429887
0.98,72,-0.0036959865326059143
0.98,73,-0.007057921024160785
0.98,74,-0.007014946072897241
0.98,75,-0.03695446068606048
0.98,76,0.12162132656097087
0.98,77,-0.021313163767153438
0.98,78,-0.041632834321929386
0.98,79,0.020838562175961407
0.98,80,0.017803471087563066
0.98,81,0.003667698294505835
0.98,82,0.0032096099479207276
0.98,83,-0.015601967328186406
0.98,84,-0.027785265123705712
0.98,85,0.06285359838730488
0.98,86,-0.02469197838901025
0.98,87,-0.006941373161347002
0.98,88,0.05080339141580143
0.98,89,-0.0694736749219942
0.98,90,-0.005688723514388236
0.98,91,0.001979129730429914
0.98,92,-0.04785724130177619
0.98,93,-0.03137478734866387
0.98,94,-0.007871581927748398
0.98,95,-0.03615249399050321
0.98,96,0.034764642921597
0.98,97,0.012145314693227164
0.98,98,0.00707895792430775
0.98,99,0.054769748973741636
0.98,100,0.06695293341237515
0.98,101,-0.035019133037944676
0.98,102,0.08491198147230695
0.98,103,-0.11561285415065198
0.98,104,0.032520327308626286
0.98,105,0.02191421332388788
0.98,106,0.05165631642110462
0.98,107,-0.056778998750954233
0.98,108,-0.011627389900660895
0.98,109,-0.06593577912503452
0.98,110,0.07700934255860778
0.98,111,-0.01195598557343968
0.98,112,-0.013608502184575322
0.98,113,0.013359901444170732
0.98,114,-0.03099560737764662
0.98,115,-0.0188111983387414
0.98,116,0.036146472475541425
0.98,117,-0.0397128005916556
0.98,118,0.02042524345262769
0.98,119,-0.014733357918465579
0.98,120,-0.005105292503849134
0.98,121,0.013112367885257927
0.98,122,0.05640216531021871
0.98,123,-0.0026363414967649065
0.98,124,0.0020163038625276124
0.98,125,-0.017205603749413958
0.98,126,0.03475715626800585
0.98,127,0.0007302115624093713
0.98,128,-0.010768929243554593
0.98,129,0.013202834377383413
0.98,130,0.027352810529274733
0.98,131,-0.004776212132687455
0.98,132,-0.008372076506046749
0.98,133,0.005077630138654214
0.98,134,-0.000894821553707301
0.98,135,0.004356122224170376
0.98,136,-0.002204942258801505
0.98,137,-0.0035199824974509767
0.98,138,0.01187661386642116
0.98,139,0.008809317971718408
0.98,140,-0.0014333972223816375
0.98,141,0.013316345869363998
0.98,142,-0.01282396119239432
0.98,143,-0.0019290395895303623
0.98,144,0.009594727978087659
0.98,145,0.0009225705254938832
0.98,146,0.00833931176544214
0.98,147,-0.016061056641917155
0.98,148,0.0049921551081005345
0.98,149,-0.007788061965370183
0.98,150,0.024848518302313206
0.98,151,0.0028875490406457902
0.98,152,0.014270628396697583
0.98,153,0.014504725441993256
0.98,154,0.0020427756480341785
0.98,155,0.0324996790534319
0.98,156,-0.008344807487747699
0.98,157,0.028653489667329432
0.98,158,-0.04941467964971685
0.98,159,0.022378107815049484
0.98,160,-0.03235940564693004
0.98,161,-0.004198424305144998
0.98,162,-0.010878905736961007
0.98,163,-0.037057005410130295
0.98,164,0.006534515723693408
0.98,165,-0.03179931586913291
0.98,166,0.004885662282924067
0.98,167,0.03451756925299629
0.98,168,-0.02650472008714733
0.98,169,-0.019279536321267263
0.98,170,0.000455702555518938
0.98,171,-0.007319239517320925
0.98,172,0.08236380826191075
0.98,173,-0.047479506324550315
0.98,174,0.004846036366139523
0.98,175,-0.004532133469098727
0.98,176,-0.010114338616853525
0.98,177,0.02322660218919155
0.98,178,-0.038177261672646366
0.98,179,0.013419003924005826
0.98,180,0.0011574903108470312
0.98,181,0.017807278892472078
0.98,182,-0.013821318213233338
0.98,183,0.002389052887098868
0.98,184,0.022373273184240042
0.98,185,-0.05271934777953033
0.98,186,0.0006143077103232007
0.98,187,-0.07301270288091068
0.98,188,-0.0421702239079514
0.98,189,0.277684555408552
0.98,190,0.6043644402722625
0.98,191,-0.38175841091751067
0.98,192,1.1813423368975555
0.98,193,0.03316760397471869
0.98,194,0.020924498977009553
0.98,195,-0.002259805013043441
0.98,196,-0.06357734069462771
0.98,197,-0.0024797516324124302
0.98,198,-0.0025945882475237048
0.99,intercept,0.09790871381399073
0.99,1,-0.0545653565107208
0.99,2,0.0704308919487299
0.99,3,-0.07669896265572355
0.99,4,0.25030386021492906
0.99,5,-0.0628824025185115
0.99,6,-0.04258300980360601
0.99,7,-0.04282513135325386
0.99,8,0.04115464826038981
0.99,9,0.002322190449286793
0.99,10,-0.12499364807933028
0.99,11,0.07642575072210607
0.99,12,-0.12925168974394638
0.99,13,0.09879266631689082
0.99,14,-0.12084063267890816
0.99,15,0.13235846238730106
0.99,16,-0.06573727746122293
0.99,17,0.04395294023225458
0.99,18,-0.03787539548553506
0.99,19,0.011314525796327081
0.99,20,0.06027470965479889
0.99,21,-0.026317928336169683
0.99,22,0.07415337950117998
0.99,23,-0.10145369892645888
0.99,24,0.031276006305399985
0.99,25,-0.022819509381194605
0.99,26,0.05312517467139945
0.99,27,-0.020836665595693603
0.99,28,-0.013178082596539192
0.99,29,-0.03578714100245216
0.99,30,0.035566148297323456
0.99,31,-0.01999503209185552
0.99,32,-0.010342668820808877
0.99,33,0.005958350927085428
0.99,34,-0.007068726328239098
0.99,35,0.0013817326233545256
0.99,36,-0.010514031586483537
0.99,37,0.0062271915780909666
0.99,38,0.01813824572189865
0.99,39,-0.014621893288001168
0.99,40,0.0064976025212483204
0.99,41,-0.011833763299009967
0.99,42,0.009711827779895047
0.99,43,-0.011442559826347577
0.99,44,-0.0024031104703936407
0.99,45,0.03426416120990347
0.99,46,-0.01167926085774325
0.99,47,0.008280771331524195
0.99,48,0.049905710229945735
0.99,49,0.05529345087652102
0.99,50,-0.010132681147844255
0.99,51,-0.004262947157091138
0.99,52,0.04508044688127084
0.99,53,-0.046284516100275196
0.99,54,-0.013832376544935965
0.99,55,0.013234262093124918
0.99,56,-0.02810753074556874
0.99,57,0.003476176308382725
0.99,58,0.011709195763181109
0.99,59,-0.013417458093310382
0.99,60,0.00881134016906318
0.99,61,-0.01848026592474841
0.99,62,-0.0062082275404226495
0.99,63,0.06662996205018787
0.99,64,-0.032614619759098046
0.99,65,-0.05480738026050119
0.99,66,-0.0006294513842438668
0.99,67,0.041540076426438144
0.99,68,-0.05062878601006733
0.99,69,0.04411868984424144
0.99,70,-0.06022848838429159
0.99,71,0.027881688699948875
0.99,72,-0.025018285727986977
0.99,73,-0.028406699425474042
0.99,74,-0.018494700487975475
0.99,75,-0.08698375274149903
0.99,76,0.12938585751906784
0.99,77,-0.040268160216745716
0.99,78,-0.040864322012338736
0.99,79,0.031149703808740395
0.99,80,0.13163946173586533
0.99,81,-0.03319747184010944
0.99,82,0.03644094821567812
0.99,83,-0.06118483552576527
0.99,84,-0.08736284479560615
0.99,85,0.1541554563784439
0.99,86,-0.01935050517936431
0.99,87,-0.033520903500380776
0.99,88,0.1109871819337343
0.99,89,0.0019758448956973098
0.99,90,-0.11018765772078634
0.99,91,0.0111520922548853
0.99,92,-0.08702943626387241
0.99,93,-0.08202138671728516
0.99,94,0.02575472233603479
0.99,95,0.01610845521556711
0.99,96,-0.03131803770913525
0.99,97,0.048033557590648424
0.99,98,0.018539184392667343
0.99,99,0.040707714031516906
0.99,100,0.147712940871119
0.99,101,-0.0876736173266127
0.99,102,0.020157688023221695
0.99,103,-0.060413057507800974
0.99,104,-0.024457182873059372
0.99,105,0.08077248539009778
0.99,106,-0.008324375447448733
0.99,107,-0.05014612397182617
0.99,108,-0.022706600231392676
0.99,109,-0.08500070321059651
0.99,110,0.11943763388157315
0.99,111,-0.04096031044719338
0.99,112,-0.018743617605605792
0.99,113,0.06756795483255554
0.99,114,-0.016277842761648974
0.99,115,-0.035914817574290284
0.99,116,0.07654204026898946
0.99,117,-0.0656330969141858
0.99,118,0.07085285011159036
0.99,119,0.010382143788564871
0.99,120,-0.020686631982529697
0.99,121,0.003015700487793361
0.99,122,0.062300284813694054
0.99,123,-0.007182617362103748
0.99,124,0.004606455442807806
0.99,125,-0.06166440228076328
0.99,126,0.08498616573142793
0.99,127,-0.016291548459100764
0.99,128,-0.014435761412584533
0.99,129,-0.01833179205681409
0.99,130,0.049822736541959574
0.99,131,-0.033793195701419414
0.99,132,0.010906527789294473
0.99,133,0.056009485984942875
0.99,134,0.03373000397845045
0.99,135,0.007311954817748757
0.99,136,-0.006089644926309138
0.99,137,-0.003384872842925604
0.99,138,-0.014369663492855369
0.99,139,0.020126646992846057
0.99,140,-0.021223419401959834
0.99,141,0.024730737244728688
0.99,142,0.005104846129206105
0.99,143,-0.02497358876344697
0.99,144,0.0035827640885183454
0.99,145,0.01856303917849892
0.99,146,-0.0015272516082483708
0.99,147,-0.0055259834591382725
0.99,148,0.011754011989742212
0.99,149,-0.04839734507142074
0.99,150,0.09379371480468275
0.99,151,-0.00856085347535959
0.99,152,-0.026862058587488455
0.99,153,0.04876881834392844
0.99,154,-0.032731534684682644
0.99,155,0.005322956797274019
0.99,156,-0.010930135311949621
0.99,157,0.02964651252710971
0.99,158,-0.07136368497373138
0.99,159,0.03717641450938761
0.99,160,-0.02754424877160859
0.99,161,0.014539827748909977
0.99,162,-0.010169198577681754
0.99,163,-0.03449690443596554
0.99,164,-0.0451339155464522
0.99,165,-0.004184155196542368
0.99,166,0.10542112634694319
0.99,167,-0.007269053991162589
0.99,168,-0.006748229071923095
0.99,169,-0.04906309264389187
0.99,170,0.02879455663527898
0.99,171,0.0039227721541013096
0.99,172,-0.008861089593224835
0.99,173,0.0018768112132735064
0.99,174,0.02952332431121085
0.99,175,-0.045327071719861
0.99,176,0.025935127480217986
0.99,177,0.00324710372524946
0.99,178,-0.008545797883558847
0.99,179,0.032650941532735824
0.99,180,-0.05848036469333867
0.99,181,0.06631795050264022
0.99,182,-0.031446920793904376
0.99,183,-0.031443248666482904
0.99,184,0.009127159707371548
0.99,185,-0.07691557575708587
0.99,186,0.038955910385730194
0.99,187,-0.1322307289417505
0.99,188,0.06516543290361564
0.99,189,0.2152849652177225
0.99,190,0.6851146795588162
0.99,191,-0.3911757674588081
0.99,192,1.3275621650173035
0.99,193,0.013824489360378186
0.99,194,0.04893771285431499
0.99,195,-0.011696198447906711
0.99,196,-0.08329037265036823
0.99,197,-0.00018959923692205005
0.99,198,-0.0013743832953133125
