VarA,VarB,Value
0.01,intercept,0.00442880120851551
0.01,1,0.0003453589828001424
0.01,2,-0.0012242894289540825
0.01,3,0.002997200353968355
0.01,4,-0.001333930931670813
0.01,5,0.0012066206509847902
0.01,6,0.0010513063116463057
0.01,7,0.001079792703732025
0.01,8,0.0018579693212560989
0.01,9,-0.002336530121475655
0.01,10,0.0008356444825817781
0.01,11,0.00014591268166984703
0.01,12,-0.0013694684019073154
0.01,13,0.00046815324905289524
0.01,14,-0.0024607452542755063
0.01,15,0.0013608531596652528
0.01,16,0.0010248939121546307
0.01,17,-0.00046232882839589514
0.01,18,-0.0009762276804007692
0.01,19,0.00024895438529514205
0.01,20,-0.000741247838973986
0.01,21,-0.0011893811212879898
0.01,22,0.0006918986396177738
0.01,23,0.0017194336086194684
0.01,24,0.0006044885172238033
0.01,25,-0.0009669777572906507
0.01,26,-0.0013440446201125902
0.01,27,0.002436063544464842
0.01,28,0.001328152986594443
0.01,29,-0.00020857747735283062
0.01,30,-0.0015591199671428806
0.01,31,0.0008898749788539731
0.01,32,0.00047805022940683076
0.01,33,-0.00013296795867813433
0.01,34,-6.826116883925969e-5
0.01,35,-0.0006876421190818535
0.01,36,-0.0001441072774061623
0.01,37,0.0016678249437754996
0.01,38,7.400850027408087e-5
0.01,39,0.0019457119773538785
0.01,40,-0.0029502848356559074
0.01,41,0.0025423876065481725
0.01,42,-0.0023521432198812062
0.01,43,0.0010515685590064036
0.01,44,0.0006770159288274403
0.01,45,-0.0003071073096911046
0.01,46,-0.0004969936112435736
0.01,47,0.0008991901784967952
0.01,48,-0.000652143952398771
0.01,49,-0.0017505817503987238
0.01,50,0.0010667321525637363
0.01,51,0.0005714196323000265
0.01,52,0.001992901693291909
0.01,53,-0.002814860556231285
0.01,54,0.0025676975607351964
0.01,55,-0.002817082297670792
0.01,56,0.0032167762352414944
0.01,57,0.0007936943690169747
0.01,58,0.00034489514678822574
0.01,59,0.0017836943207819721
0.01,60,-0.00023620486439084151
0.01,61,0.0008207741757850218
0.01,62,0.00035895011446002563
0.01,63,0.0009190229006957114
0.01,64,0.0009075693284787974
0.01,65,-0.0015649849749264889
0.01,66,0.0010252393938920638
0.01,67,0.0006373771897534145
0.01,68,-0.0018616141459907001
0.01,69,9.157100235810015e-5
0.01,70,0.0002452827392970338
0.01,71,-0.001543714160761276
0.01,72,0.0002554726234965897
0.01,73,-0.0008640419973411723
0.01,74,0.0004230257620431087
0.01,75,0.0013053301919754513
0.01,76,0.0021758664598807535
0.01,77,-0.001822248640382587
0.01,78,-6.248728872006138e-5
0.01,79,0.0006360860474790701
0.01,80,-0.001297561562864997
0.01,81,-2.4528454428163335e-5
0.01,82,-6.597290272882771e-5
0.01,83,0.0005129448393317974
0.01,84,-0.0024055017119954474
0.01,85,0.003171886902445543
0.01,86,0.003166272260509724
0.01,87,-0.0007596470578515753
0.01,88,0.0013825863133362518
0.01,89,-0.001502195971492049
0.01,90,-0.0008551183958385561
0.01,91,-0.001536314593797765
0.01,92,-0.001859431723917067
0.01,93,0.00609870221833544
0.01,94,-0.0025231259929232165
0.01,95,0.0040160731644375055
0.01,96,-0.0030042765973439032
0.01,97,0.001786020790064613
0.01,98,-0.002434857267229128
0.01,99,0.0012264929647525999
0.01,100,-0.00018367013846859188
0.01,101,-0.0007500840219534707
0.01,102,-0.0011570291413091896
0.01,103,0.0004009763487841555
0.01,104,-0.0027591702199220923
0.01,105,0.00031827268150249916
0.01,106,0.003337358119064676
0.01,107,-0.0004633584511300685
0.01,108,0.0010783239552527998
0.01,109,-0.0009210415904163147
0.01,110,0.002023527135118908
0.01,111,0.004513675593415731
0.01,112,-0.001067716355555136
0.01,113,-0.0021851074494810448
0.01,114,0.00036572389004609947
0.01,115,-0.0016671962000999012
0.01,116,0.0009826158970726773
0.01,117,-0.002449622873852948
0.01,118,0.00208517697137078
0.01,119,-0.0013741797031057716
0.01,120,0.0006671569575315224
0.01,121,-0.000786789131503407
0.01,122,-0.001918244863711922
0.01,123,0.002063665269226757
0.01,124,0.0014984939343759469
0.01,125,-0.0006975933133444027
0.01,126,0.002100587643266967
0.01,127,-0.0015908020188159246
0.01,128,0.001370144377280833
0.01,129,-0.00011836425448469466
0.01,130,0.001631508729573281
0.01,131,-0.001664912436890951
0.01,132,-0.000560623039924822
0.01,133,0.00043297699785012985
0.01,134,0.000465652354659972
0.01,135,-0.0013010140491243895
0.01,136,0.001997526740590068
0.01,137,-0.00037743935986887036
0.01,138,0.0016276811915330093
0.01,139,-7.387142306948464e-5
0.01,140,0.00022623647257091634
0.01,141,0.00031667620856896207
0.01,142,-0.0008026607615735058
0.01,143,0.0007332404226469884
0.01,144,0.0026657205447247812
0.01,145,-0.002471186424788892
0.01,146,0.0019367485139896018
0.01,147,0.0007092050251906232
0.01,148,-0.00021422788008695733
0.01,149,0.0001536982182076535
0.01,150,-0.00022377196931765348
0.01,151,0.0012397468286083429
0.01,152,0.001903233241873877
0.01,153,-0.0010680760834056407
0.01,154,-0.0002541016837862853
0.01,155,0.00163192399771999
0.01,156,-0.0007716523957936511
0.01,157,0.0017430585219522874
0.01,158,-0.002562408608912972
0.01,159,0.002596530445112871
0.01,160,0.0017373182978703077
0.01,161,2.656003442815875e-5
0.01,162,-0.0005532901299943809
0.01,163,0.0011334450397836645
0.01,164,0.0008788191906406757
0.01,165,0.002043152822338994
0.01,166,0.0010763882629954437
0.01,167,-0.0010259779488992718
0.01,168,0.001667695749794581
0.01,169,0.002357508802798565
0.01,170,-0.0013778565436446777
0.01,171,0.002930062013331022
0.01,172,0.00035814594041971837
0.01,173,-0.003659669151577266
0.01,174,0.005525819066287727
0.01,175,-0.0018382429964480932
0.01,176,0.0008142927387163255
0.01,177,-0.002673837866886921
0.01,178,0.002390192939182009
0.01,179,0.002381389418181082
0.01,180,0.004652802900363707
0.01,181,0.0004454384538345133
0.01,182,0.001330442958762236
0.01,183,-0.00037443050710464314
0.01,184,0.002314297105249249
0.01,185,-0.000975609227575869
0.01,186,0.003583019657919095
0.01,187,0.003523028751455369
0.01,188,0.0016131758978719867
0.01,189,0.00154835632478768
0.01,190,0.009446249462835638
0.01,191,-1.6024694746222494e-5
0.01,192,0.04275273446412161
0.01,193,-0.0006799012520403668
0.01,194,0.001496707407231828
0.01,195,-8.864123567124014e-5
0.01,196,0.00018655261707275456
0.01,197,0.0006372805563459316
0.01,198,0.0013769759160200022
0.02,intercept,0.004603479233847112
0.02,1,0.0011330704270142438
0.02,2,-0.0026004682487678664
0.02,3,0.0037166038060223007
0.02,4,-0.002857418827886417
0.02,5,0.0016084292078039986
0.02,6,0.0005212528034965808
0.02,7,0.00168088120925858
0.02,8,0.0012932596799414941
0.02,9,5.149561417261214e-5
0.02,10,0.0008602805630304971
0.02,11,0.00027320061360061127
0.02,12,-0.000838459095485479
0.02,13,-0.0009578920804126989
0.02,14,-0.0012242418876525804
0.02,15,0.001449923700843504
0.02,16,0.0006576733720965075
0.02,17,0.0006454817182043355
0.02,18,-0.002702165672049936
0.02,19,0.001639709529164953
0.02,20,-0.0010642150773042562
0.02,21,0.0008592621268736119
0.02,22,-9.11781616905045e-5
0.02,23,0.0016571156538913152
0.02,24,0.00023887634651753866
0.02,25,0.000751903377511601
0.02,26,-0.0024003952876084644
0.02,27,0.0012862879697325582
0.02,28,0.0009019021159033791
0.02,29,0.0004164226050287126
0.02,30,-0.00012301558561690206
0.02,31,0.00012125373785610151
0.02,32,-0.00017252060899402232
0.02,33,0.0011685804683765223
0.02,34,-0.0013825165344746085
0.02,35,-0.0005785814409008174
0.02,36,-0.000749006849653853
0.02,37,0.0015011263374336383
0.02,38,0.0005272389096049782
0.02,39,0.0013017425553166694
0.02,40,-0.0013373769945485984
0.02,41,0.0009955449115388855
0.02,42,-3.190197991215405e-5
0.02,43,0.00030748880698173656
0.02,44,0.0006214459216057088
0.02,45,-0.0008384213690398613
0.02,46,-0.0005028739708108733
0.02,47,-0.00038718750419994866
0.02,48,0.0004117330957649637
0.02,49,-0.0018672589059484214
0.02,50,0.0007135213990570136
0.02,51,0.00020885746566618452
0.02,52,0.0021764185688664416
0.02,53,-0.0016979452127759127
0.02,54,0.0019115294150594156
0.02,55,-0.0018656137420501521
0.02,56,0.0021073130640430846
0.02,57,0.0006380138762670132
0.02,58,0.0008586479410669374
0.02,59,0.0011760033655433555
0.02,60,-0.00012017431564890073
0.02,61,0.0009947617210983733
0.02,62,0.0010215198364907571
0.02,63,-0.0003548333857276335
0.02,64,0.0021184857059254486
0.02,65,-0.002076458423310893
0.02,66,0.0012746640206011289
0.02,67,0.0005814652101279462
0.02,68,-1.6476357427852977e-5
0.02,69,0.0012607818334536215
0.02,70,-6.813529929295271e-5
0.02,71,-0.0017423978306562462
0.02,72,-0.0014640999269618401
0.02,73,0.001159589559303918
0.02,74,0.0009311980607512258
0.02,75,0.0014810206869876486
0.02,76,0.0013454396417354436
0.02,77,-0.002092972207992473
0.02,78,-0.0020449499514111824
0.02,79,0.0010671785160581775
0.02,80,0.00020948987248382492
0.02,81,0.0008907562743552984
0.02,82,-0.0012412528172360822
0.02,83,0.0004010200366436762
0.02,84,-0.0005141003374000097
0.02,85,0.0022074159042919698
0.02,86,0.0050229546892048005
0.02,87,-0.0018284298824943587
0.02,88,0.0012330643417676394
0.02,89,-0.000754675878862184
0.02,90,-0.0002616019178830516
0.02,91,-0.0019095689026180705
0.02,92,-0.0011963958372765407
0.02,93,0.0046228897237530035
0.02,94,-0.0016621699481594668
0.02,95,0.0031019322481131636
0.02,96,-0.003930771928012951
0.02,97,0.0026694586714666
0.02,98,-0.0021294733547971216
0.02,99,0.0006885269777374201
0.02,100,-0.0011870515143713734
0.02,101,0.00016981967139557646
0.02,102,-0.002544975253206847
0.02,103,0.000495765914257354
0.02,104,-0.00012583606858674405
0.02,105,0.0005003568680751441
0.02,106,0.0020982684801657365
0.02,107,-0.0012368891308262616
0.02,108,0.0018604901145782393
0.02,109,-0.0014046364328693874
0.02,110,0.0023417079316945797
0.02,111,0.003100422521072533
0.02,112,-0.001071511939894498
0.02,113,-0.0014438314445861511
0.02,114,0.0021406724712211603
0.02,115,-0.0010351167969798293
0.02,116,0.0011293976044487025
0.02,117,-0.0024448427399940144
0.02,118,0.0019974161501335264
0.02,119,-0.0014765160362156782
0.02,120,0.0003788554585399492
0.02,121,-0.0012688791560648506
0.02,122,0.00012913832030124234
0.02,123,0.00048225662987559344
0.02,124,0.0009956104943357046
0.02,125,5.944066040186992e-5
0.02,126,0.0011354611699605172
0.02,127,0.00028152064441818055
0.02,128,0.0006495193565400099
0.02,129,-0.00043993991244329684
0.02,130,0.0004009189398922401
0.02,131,-0.0003504046396842426
0.02,132,0.0013968231539838861
0.02,133,-0.00039541174958132455
0.02,134,0.0009049125635717749
0.02,135,-0.0026107280313757354
0.02,136,0.0011346035434776553
0.02,137,-0.00013142866940680134
0.02,138,0.0016564825030081292
0.02,139,0.0010899500085688742
0.02,140,0.0013947518774221563
0.02,141,-0.0011202391135910093
0.02,142,0.0009884841743400226
0.02,143,-5.6738621889794596e-5
0.02,144,0.002169387939158919
0.02,145,-0.001985182364988909
0.02,146,0.00033572034130345644
0.02,147,0.000653594855534488
0.02,148,-0.00011444162773313892
0.02,149,0.0008532012770175426
0.02,150,0.0009021650332272953
0.02,151,3.6442399486867375e-5
0.02,152,0.002898633506729304
0.02,153,-0.0010036230500814903
0.02,154,-0.0012778779627638428
0.02,155,0.0020669393095359935
0.02,156,0.0004018661320278373
0.02,157,0.00016961332478323122
0.02,158,-0.0001968621160468031
0.02,159,0.0006412284849946621
0.02,160,0.0005863443261144436
0.02,161,0.0014192012690116892
0.02,162,-7.9460021224931e-5
0.02,163,0.001041826945298544
0.02,164,-0.0011720786816060498
0.02,165,0.004816064888390749
0.02,166,0.0008237715934053858
0.02,167,0.0010406341114078874
0.02,168,0.0008545082763671055
0.02,169,0.001027168287824741
0.02,170,-0.002477192283620088
0.02,171,0.0031566955756850354
0.02,172,0.0017830238370135003
0.02,173,-0.0024882686313025325
0.02,174,0.0045501202659258945
0.02,175,-0.0026221808420621414
0.02,176,0.004785745422685755
0.02,177,-0.0035564348182078177
0.02,178,0.0034249136498780285
0.02,179,0.002154692522200658
0.02,180,0.003039596505607608
0.02,181,0.0008844560472558966
0.02,182,1.5738316903475755e-5
0.02,183,0.0018937863702527772
0.02,184,-5.912070871455053e-5
0.02,185,0.0012344819056967445
0.02,186,0.0036121147380764043
0.02,187,0.003370895412015068
0.02,188,0.0018789241377095004
0.02,189,0.0026433014307275017
0.02,190,0.009126089405534164
0.02,191,0.001642921840785824
0.02,192,0.05127917157533174
0.02,193,0.00022240815851550192
0.02,194,0.00010205714635508562
0.02,195,-0.000101129814654344
0.02,196,0.0002456638208753124
0.02,197,0.0006850966216459219
0.02,198,0.0013823913580356937
0.03,intercept,0.004771892606830218
0.03,1,0.0013337271713438274
0.03,2,-0.0021483570482994214
0.03,3,0.003649364735341481
0.03,4,-0.0006832615952294604
0.03,5,0.0005503089385198228
0.03,6,0.0018119892262169184
0.03,7,0.0006918185675804315
0.03,8,0.0005062961145016221
0.03,9,0.001177342650410888
0.03,10,0.0007667921039434536
0.03,11,0.00029898756755049116
0.03,12,-0.0021430024583257
0.03,13,-0.00043310089220708345
0.03,14,-0.0013172949528832485
0.03,15,0.001787590566631432
0.03,16,0.0004183274860781995
0.03,17,0.0014882813056828397
0.03,18,-0.002533610577288466
0.03,19,0.001035570017119762
0.03,20,-0.0001600579764869609
0.03,21,0.0008178359664221851
0.03,22,-0.0001597199120611059
0.03,23,0.0015590967038611248
0.03,24,0.0005482135752706068
0.03,25,0.0011825702010815088
0.03,26,-0.002393234874543473
0.03,27,0.0006658858698026996
0.03,28,0.00023852186263997332
0.03,29,0.001067609571658425
0.03,30,-0.0010864321053542234
0.03,31,-0.0003664384499915166
0.03,32,0.0001858213679402413
0.03,33,0.0008660499853737852
0.03,34,-0.0014827070812994682
0.03,35,-0.0006341603773014057
0.03,36,-0.0004339563773954944
0.03,37,0.0023554282294808017
0.03,38,-0.0005188696816386221
0.03,39,0.0021281794879217035
0.03,40,-0.0012275553498272823
0.03,41,0.0008279116265390097
0.03,42,0.00022005444399968808
0.03,43,0.0010116053049094166
0.03,44,7.568511194881464e-5
0.03,45,-0.0006030885472077663
0.03,46,-7.72634504196564e-5
0.03,47,-0.0005659272491871473
0.03,48,0.0011786897372591573
0.03,49,-0.0015395644171656722
0.03,50,-8.590607486467312e-5
0.03,51,-0.0002045738052846164
0.03,52,0.0025148469058256786
0.03,53,-0.0016158969925038347
0.03,54,0.001088886670386071
0.03,55,-0.001909028713057177
0.03,56,0.002729462564098358
0.03,57,0.0008836651047566247
0.03,58,-0.0004755994689922961
0.03,59,0.0007838222566777728
0.03,60,-0.0001614831333083352
0.03,61,0.0015650989230440195
0.03,62,0.0013788722485683124
0.03,63,6.50105622702266e-5
0.03,64,0.001958782680902146
0.03,65,-0.0009962421680347869
0.03,66,0.00025767337769901224
0.03,67,0.0010641163774126065
0.03,68,0.00020760061979961523
0.03,69,0.0008932371252529837
0.03,70,0.0020748481178265903
0.03,71,-0.0018154526115151963
0.03,72,-0.002067897646103805
0.03,73,0.0004091110326430187
0.03,74,0.0007060705524284303
0.03,75,0.0017533937961592264
0.03,76,-0.0001600985284058332
0.03,77,-0.0004220476830908988
0.03,78,-0.0006355130090489061
0.03,79,0.0005999294647435671
0.03,80,0.0015207332487940635
0.03,81,0.00105965663555064
0.03,82,-0.0010949750051324344
0.03,83,-5.297809474456235e-5
0.03,84,0.00022747453093128724
0.03,85,0.002005391652242501
0.03,86,0.0034567570032209495
0.03,87,-0.0013978431366999653
0.03,88,0.0015880940797272558
0.03,89,-0.0013093693903476486
0.03,90,0.001131378524487519
0.03,91,-0.0026996792152734796
0.03,92,-4.326996601830057e-5
0.03,93,0.0032167086393739453
0.03,94,-0.0009739688319155108
0.03,95,0.0030278228566475818
0.03,96,-0.005000242175023486
0.03,97,0.0017090933341657743
0.03,98,0.00016464198149378052
0.03,99,-0.0001487514180482172
0.03,100,0.0007071105746183167
0.03,101,-0.000795822961272638
0.03,102,-0.0019058020325504216
0.03,103,0.0010955634869908614
0.03,104,-0.0002953358097444352
0.03,105,-0.00012348956265539584
0.03,106,0.0016005822162801233
0.03,107,0.0005836482889944471
0.03,108,0.0011197378654509706
0.03,109,-0.0015117813676896689
0.03,110,0.002780757232619551
0.03,111,0.0030056907778544164
0.03,112,-0.0007716658831087251
0.03,113,-0.0015758684468576277
0.03,114,0.0014451490512069523
0.03,115,-0.001265950745263537
0.03,116,0.0026281195257553233
0.03,117,-0.0015742057304271627
0.03,118,0.0011516031296018008
0.03,119,-0.00010417596663102148
0.03,120,-0.0005199985407000271
0.03,121,-0.0009714201105902493
0.03,122,-0.0006371387972094034
0.03,123,0.001324258395638605
0.03,124,0.0007132741903810154
0.03,125,0.00022685357065714735
0.03,126,0.0009565987508307608
0.03,127,0.0005170255066677511
0.03,128,-0.0003074735702114776
0.03,129,0.0003815226077024036
0.03,130,0.00019473528853190583
0.03,131,0.0007932894338060307
0.03,132,0.0011309956999152953
0.03,133,-0.0005452478608832744
0.03,134,0.0011509786629101979
0.03,135,-0.0027658151655993997
0.03,136,0.0010919896485667275
0.03,137,0.00023567270498851483
0.03,138,0.0006077450033122218
0.03,139,0.0012705632627674072
0.03,140,0.0006384115033491279
0.03,141,0.00022650036417640093
0.03,142,0.000481701482237849
0.03,143,-0.0011817258801201619
0.03,144,0.00206250212174622
0.03,145,-0.002569613780275228
0.03,146,0.001456140262765068
0.03,147,-0.0004608243867590009
0.03,148,0.001784159164208638
0.03,149,0.001028146653034503
0.03,150,0.0002134098692458816
0.03,151,0.0006822880882074995
0.03,152,0.002420157410768742
0.03,153,-0.000569822685585988
0.03,154,-0.0011705410446258984
0.03,155,0.0009504755726232102
0.03,156,0.0011050740771991285
0.03,157,0.0009735956075215159
0.03,158,-0.0013893623461279613
0.03,159,0.001817865024333047
0.03,160,0.00022579218103797137
0.03,161,0.0013470156307498196
0.03,162,9.726001457205935e-5
0.03,163,8.661631922593204e-5
0.03,164,-2.4213258841560437e-7
0.03,165,0.0036686741525183545
0.03,166,0.0016006312095290741
0.03,167,-0.00024382203763204468
0.03,168,0.0007864439254264416
0.03,169,-1.397660253886046e-5
0.03,170,0.0002702060660625749
0.03,171,0.001881051378392307
0.03,172,0.0013764721056741434
0.03,173,-0.002450092949527088
0.03,174,0.004739320912869164
0.03,175,-0.0024989060701353476
0.03,176,0.003749196201696572
0.03,177,-0.002165322902346598
0.03,178,0.0011085573376168956
0.03,179,0.0023501550873905436
0.03,180,0.0035366397538903597
0.03,181,0.0012219923582541025
0.03,182,0.0003714271739087801
0.03,183,0.0001485136387913352
0.03,184,0.0002897079456139022
0.03,185,0.0017893888585315332
0.03,186,0.004241694548858978
0.03,187,0.001783801934297554
0.03,188,0.003582006924243434
0.03,189,0.0031549641123394165
0.03,190,0.007956299823229412
0.03,191,0.0016000147336381833
0.03,192,0.05985858394129799
0.03,193,0.000927367800953134
0.03,194,-0.0005696680261565641
0.03,195,-0.00022581129143534666
0.03,196,0.00038262349762691755
0.03,197,0.0005654251136659374
0.03,198,0.0014023653319693128
0.04,intercept,0.005192076305431593
0.04,1,0.002239329404811435
0.04,2,-0.0024999030761011566
0.04,3,0.003760562619920143
0.04,4,-0.000746628733969305
0.04,5,0.00038896995640642706
0.04,6,0.0018234830454498731
0.04,7,0.00014803352457665525
0.04,8,0.0004584220130049297
0.04,9,0.00020471597225357423
0.04,10,0.001142032737399496
0.04,11,0.000651115340493275
0.04,12,-0.0022340032632338397
0.04,13,0.0010550468013415897
0.04,14,-0.003173322733838232
0.04,15,0.003135778571563937
0.04,16,-1.6017002852253651e-6
0.04,17,0.002294413466896444
0.04,18,-0.002710641675138604
0.04,19,0.000989490470547095
0.04,20,-9.973349166115161e-5
0.04,21,-7.466843899185285e-5
0.04,22,0.0011642900571988638
0.04,23,0.0008553744268631543
0.04,24,0.001478989420597269
0.04,25,5.088960251212263e-6
0.04,26,-0.0010246715891000424
0.04,27,0.000252625443232034
0.04,28,7.451365072693559e-6
0.04,29,0.001562123310481482
0.04,30,-0.0009408158006318907
0.04,31,0.00015086873113381267
0.04,32,-0.00038524743305030787
0.04,33,0.0017767850616254015
0.04,34,-0.0029069085884755462
0.04,35,0.0004166284252241255
0.04,36,0.00015205275003520895
0.04,37,0.0015061646574777644
0.04,38,2.592940078010223e-5
0.04,39,0.0013944736039683517
0.04,40,-0.0002747726936064577
0.04,41,-0.0006567378435073604
0.04,42,0.0013757771827652256
0.04,43,0.0006161276961995741
0.04,44,0.0002721955885337805
0.04,45,-0.0006528808892123347
0.04,46,-0.000755527777727266
0.04,47,4.3721831219321194e-5
0.04,48,0.0010733045695361662
0.04,49,-0.0005727693335753017
0.04,50,-0.0011292415542726254
0.04,51,0.000464768669223349
0.04,52,0.0022856182266556358
0.04,53,-0.0017225096946816775
0.04,54,0.0021618297998009135
0.04,55,-0.0027022308385823493
0.04,56,0.0028665183582399704
0.04,57,0.0005033945493585461
0.04,58,-0.00040905742868367764
0.04,59,0.0008256310970440271
0.04,60,-0.0006722170338725836
0.04,61,0.0027259325306505378
0.04,62,0.000498283721356738
0.04,63,0.0005915234464804942
0.04,64,0.001558323080715914
0.04,65,-0.001314521542499219
0.04,66,9.888987338886274e-6
0.04,67,0.0015563246330386616
0.04,68,-0.0005473378708839047
0.04,69,0.0008692518546408269
0.04,70,0.0010415186991035276
0.04,71,-0.001310631278512835
0.04,72,-0.000817065166166188
0.04,73,0.00022095897914325364
0.04,74,-0.00023406938167985498
0.04,75,0.002005092694665474
0.04,76,-0.0001511927354143036
0.04,77,0.0006134323484606238
0.04,78,0.00029504305501103966
0.04,79,8.992684014987855e-5
0.04,80,0.0010454213129157416
0.04,81,0.001436964195559577
0.04,82,-0.000693615849349817
0.04,83,-0.0002803736871112941
0.04,84,-0.0005565685633643372
0.04,85,0.0011816748707864527
0.04,86,0.002838555420410864
0.04,87,5.124505569078614e-5
0.04,88,0.0009234065366227565
0.04,89,0.0007951818924691298
0.04,90,-0.0008476067981302265
0.04,91,0.0001937948184368673
0.04,92,-0.0006517189702885254
0.04,93,0.00307207405979605
0.04,94,-0.00033676931833736466
0.04,95,0.0020461969732105114
0.04,96,-0.004634180222073785
0.04,97,0.0020947659549794234
0.04,98,-2.312604315892118e-5
0.04,99,0.00026041071552426834
0.04,100,-0.0006191661935464774
0.04,101,-0.00033110113763300865
0.04,102,-0.0015168253319921955
0.04,103,0.0023627725095580763
0.04,104,-0.0013006355805656737
0.04,105,-0.0006020639522757258
0.04,106,0.002336537594983251
0.04,107,0.0009146735049676872
0.04,108,0.00023284971682323476
0.04,109,1.7961854767798964e-5
0.04,110,0.0011593438587815456
0.04,111,0.0035104772730158505
0.04,112,-0.0006936635074844774
0.04,113,-0.002241246504147443
0.04,114,0.002043957113921918
0.04,115,-0.0005531428446848829
0.04,116,0.0011218173581107938
0.04,117,0.0003344677425100369
0.04,118,0.0002928612520044666
0.04,119,0.0004261190317846253
0.04,120,-0.0005178760423482506
0.04,121,-0.0007244040959506666
0.04,122,-0.0006600782131264618
0.04,123,0.0010146372770506642
0.04,124,0.0005349784862016845
0.04,125,0.0005705234099503886
0.04,126,0.0004815399166368362
0.04,127,0.0007234186195266626
0.04,128,-0.0005942156354721842
0.04,129,0.00017299963091052097
0.04,130,0.0001888797207922982
0.04,131,0.0008318831553233258
0.04,132,0.0010051385441453937
0.04,133,-0.00010592168001483505
0.04,134,0.00048320951692123733
0.04,135,-0.0024367011603487906
0.04,136,0.0008028219361269043
0.04,137,0.0007110660430140253
0.04,138,-0.0006966450469759105
0.04,139,0.002289197371042279
0.04,140,0.000119664160217026
0.04,141,0.0004910056325530758
0.04,142,0.00047841671224905586
0.04,143,-0.0014139123370493774
0.04,144,0.0017052770536927836
0.04,145,-0.0021975572910882626
0.04,146,0.0017708702266074337
0.04,147,-0.0010783696471087223
0.04,148,0.0017023210437812101
0.04,149,0.0004110914833487825
0.04,150,0.0006041303150283086
0.04,151,0.0006025957031974732
0.04,152,0.0020705906300415183
0.04,153,0.0007364292823878452
0.04,154,-0.0009585820665860703
0.04,155,0.001308270891815932
0.04,156,0.0015743487933673568
0.04,157,0.0011017875563029752
0.04,158,-0.0014176199007767184
0.04,159,0.0017219840933854434
0.04,160,-0.0004949385333964342
0.04,161,0.0012164038849075745
0.04,162,0.0009758192963536871
0.04,163,-0.0011523748532274792
0.04,164,-6.84285646222555e-5
0.04,165,0.002709073666388719
0.04,166,0.001861532365606224
0.04,167,-0.001236813837034818
0.04,168,0.0012479545299428733
0.04,169,-0.0005655429941930075
0.04,170,0.0015530610822123093
0.04,171,0.0010876764835194496
0.04,172,0.001958666953004959
0.04,173,-0.003078522524054803
0.04,174,0.004713907772926796
0.04,175,-0.0017861557671548425
0.04,176,0.0033174019238455944
0.04,177,-0.002471615258642377
0.04,178,0.0009108458098469399
0.04,179,0.0023281921142631152
0.04,180,0.0035425824034979233
0.04,181,-5.0687839472813425e-5
0.04,182,0.0002478282365333752
0.04,183,-0.0006450859041590205
0.04,184,0.0010758073218361671
0.04,185,0.0029370966484713176
0.04,186,0.003585313376586266
0.04,187,0.001942597811571271
0.04,188,0.003034865224792002
0.04,189,0.0037752641817450053
0.04,190,0.009356851641117285
0.04,191,0.0019167221465683645
0.04,192,0.06565411928319236
0.04,193,0.0010900242213683
0.04,194,-0.0010677539730162271
0.04,195,-0.00038037958447185223
0.04,196,0.00045633953903923653
0.04,197,0.00046697144489771117
0.04,198,0.00152045643014162
0.05,intercept,0.005449228662985392
0.05,1,0.0024523015412135423
0.05,2,-0.0021928425686947306
0.05,3,0.0036479303243782345
0.05,4,-5.581302878263134e-5
0.05,5,0.0012609017124817973
0.05,6,0.0005596374896439161
0.05,7,0.000256043748114712
0.05,8,-0.00011966962189112158
0.05,9,0.00022684829202036886
0.05,10,0.000507640570591072
0.05,11,0.002164791690263756
0.05,12,-0.0023427392229027517
0.05,13,0.0017943879934961438
0.05,14,-0.0027567014242636445
0.05,15,0.00307092380701645
0.05,16,-0.000593305569885342
0.05,17,0.0019696239952965316
0.05,18,-0.002353137164557558
0.05,19,0.0013734490738240314
0.05,20,2.458272053182951e-6
0.05,21,0.0002679587661561193
0.05,22,0.000840460120783484
0.05,23,0.00038738044987314936
0.05,24,0.002137620578723106
0.05,25,-0.0006622327366236834
0.05,26,-0.0004913488237154309
0.05,27,-0.00015332925795767205
0.05,28,9.69951041068707e-5
0.05,29,0.0014789487117805224
0.05,30,-0.000568716428331172
0.05,31,-0.0003224964818635205
0.05,32,-0.00019911176193816645
0.05,33,0.0019349958953948742
0.05,34,-0.0031381925751637323
0.05,35,0.00037287332602690374
0.05,36,0.00046890959267382104
0.05,37,0.0007414667298531143
0.05,38,0.000321153316939385
0.05,39,0.0011675193277358611
0.05,40,-0.0007560744125050748
0.05,41,-0.00011066072795723742
0.05,42,0.0011437236323644652
0.05,43,0.0006239678315303676
0.05,44,-1.8506746751679449e-6
0.05,45,-0.0001929855360117056
0.05,46,-0.0011315580749024176
0.05,47,0.00032926993097687066
0.05,48,0.0008486919504293783
0.05,49,-0.0010462086765795457
0.05,50,-0.0007015961505365841
0.05,51,0.00022917220194463634
0.05,52,0.0021599403003482497
0.05,53,-0.0015630472641645615
0.05,54,0.002317214148208061
0.05,55,-0.0018975468412355313
0.05,56,0.0024716431640598763
0.05,57,0.0004736949574617551
0.05,58,0.0008247774333219703
0.05,59,0.0002900841167664966
0.05,60,-0.0008285176140024389
0.05,61,0.00282314568267141
0.05,62,0.0002466215718119609
0.05,63,0.0011451546274735178
0.05,64,0.0008304315053158294
0.05,65,-0.0008457296078283425
0.05,66,0.0006538126269887058
0.05,67,0.0014306120179011501
0.05,68,-0.0010512184662547146
0.05,69,0.000729429351531356
0.05,70,0.001168575939149601
0.05,71,-0.0013209873769165082
0.05,72,-2.8633975255208512e-5
0.05,73,-0.00013084716385531166
0.05,74,0.00036796457569962266
0.05,75,0.0015859215159255864
0.05,76,-0.00036384489727379855
0.05,77,0.0007072965320223878
0.05,78,-0.0005417895033182302
0.05,79,0.0013153636709865326
0.05,80,-0.0006318174381917697
0.05,81,0.0020834890247995144
0.05,82,-0.000698538681036348
0.05,83,-0.0004241481233901149
0.05,84,0.0004303682683975984
0.05,85,0.00037419508854952385
0.05,86,0.0019464267339590557
0.05,87,0.0006720924547191537
0.05,88,-7.2161981437074015e-6
0.05,89,0.002743861546233946
0.05,90,-0.0015940956458899605
0.05,91,0.00047048055633478294
0.05,92,-0.0018823029912742343
0.05,93,0.0037218956085097858
0.05,94,-0.00010880269067062901
0.05,95,0.001980011579393873
0.05,96,-0.004049690347598366
0.05,97,0.0019255206742933855
0.05,98,0.00012547943803484042
0.05,99,0.00041510667228324046
0.05,100,-0.0010876970378053152
0.05,101,-0.00021636496594563856
0.05,102,-0.0008740437304860538
0.05,103,0.0019445202361362346
0.05,104,-0.0008572276459459955
0.05,105,-0.0005182085215655038
0.05,106,0.002460825026597696
0.05,107,0.0007399866163122981
0.05,108,-0.00035415707192458057
0.05,109,0.000787981182796178
0.05,110,0.0009618729782956332
0.05,111,0.003698986675945444
0.05,112,-0.0011538590434665623
0.05,113,-0.002051382638114588
0.05,114,0.0012965375034649554
0.05,115,-1.9762819282922583e-5
0.05,116,0.0006597334450183118
0.05,117,0.0011047106173374167
0.05,118,-0.00016205780850732309
0.05,119,0.0007456121586785909
0.05,120,-0.0006300863178839814
0.05,121,-0.0006488932642673732
0.05,122,-0.0008601099948813206
0.05,123,0.002089055614406586
0.05,124,-0.0002497980636555906
0.05,125,0.0007468845672353585
0.05,126,0.0010002204084921798
0.05,127,0.00019244569014544255
0.05,128,-0.0006832934282184201
0.05,129,1.3852135706339426e-5
0.05,130,0.00037051463878885185
0.05,131,0.0002430789378854157
0.05,132,0.001158221141882631
0.05,133,9.197150221703527e-5
0.05,134,0.00017463539152581383
0.05,135,-0.0020715068850357854
0.05,136,0.0007241447709767063
0.05,137,0.0003015160313343887
0.05,138,-0.00046777818746878607
0.05,139,0.001977004054010134
0.05,140,0.0001665180113213251
0.05,141,0.0005129000587955268
0.05,142,0.00030481070770699487
0.05,143,-0.0009050172794530036
0.05,144,0.001584249673181127
0.05,145,-0.0017830844008010149
0.05,146,0.0018137117712233306
0.05,147,-0.0015125569063954678
0.05,148,0.0017415779827868263
0.05,149,0.0006878629027547042
0.05,150,-0.0002207562419763072
0.05,151,0.0012256581808473834
0.05,152,0.0018391913804664379
0.05,153,0.0006618042692309482
0.05,154,-0.0009230037304316262
0.05,155,0.0005606346021685358
0.05,156,0.0024028021039444215
0.05,157,0.0009508037606961191
0.05,158,-0.0008243244844516241
0.05,159,0.0010863854310509341
0.05,160,-0.0004857549170398218
0.05,161,0.0008473553847514924
0.05,162,0.002345586171045223
0.05,163,-0.001651577270870999
0.05,164,-0.0006364139064225626
0.05,165,0.002793474096700667
0.05,166,0.0019739213234518022
0.05,167,-0.00042103156854114135
0.05,168,0.0006848987463725291
0.05,169,-0.0006706538197392528
0.05,170,0.0010420046808801906
0.05,171,0.0011748128062747643
0.05,172,0.001575876220664646
0.05,173,-0.0020649022204475764
0.05,174,0.0038608401253174946
0.05,175,-0.001626430581501023
0.05,176,0.0032760847688178543
0.05,177,-0.0022092332995349174
0.05,178,0.0012076816106364352
0.05,179,0.002792113784990841
0.05,180,0.0026164416267905836
0.05,181,0.0006435612847859943
0.05,182,-0.0005625559691490377
0.05,183,0.00027587831341095123
0.05,184,0.0012962724902086077
0.05,185,0.0021120081270638224
0.05,186,0.003849780613555612
0.05,187,0.0020982138695320135
0.05,188,0.0030280945393497804
0.05,189,0.0037640427261500906
0.05,190,0.010109629924916184
0.05,191,0.0004864782316592948
0.05,192,0.07243997923200213
0.05,193,0.0002860750828124473
0.05,194,-4.708372469769817e-5
0.05,195,-0.0005143968592407497
0.05,196,0.0004982696918176098
0.05,197,0.0003316879706361329
0.05,198,0.0014957070272882125
0.06,intercept,0.005749108503226253
0.06,1,0.003721075354232842
0.06,2,-0.00217188072453864
0.06,3,0.0043092755350277396
0.06,4,0.0005848798130091802
0.06,5,0.00023170504576501533
0.06,6,0.0011755732988611932
0.06,7,-9.168805503128077e-6
0.06,8,-0.0004543201620700477
0.06,9,0.0005814409875520262
0.06,10,0.0005207760645286466
0.06,11,0.0022348774379496957
0.06,12,-0.002284961813116577
0.06,13,0.0017941074208854529
0.06,14,-0.0031668474237048637
0.06,15,0.0032935807631051433
0.06,16,-0.00035001126183552733
0.06,17,0.0012593399200667304
0.06,18,-0.0012510675265649523
0.06,19,0.0008405078038524047
0.06,20,0.0006917923648642454
0.06,21,-0.0006100919536443102
0.06,22,0.0012705099837266188
0.06,23,0.0005680666356376074
0.06,24,0.0013348620152493704
0.06,25,-0.0005976583387445517
0.06,26,-0.0011282725398321174
0.06,27,-0.00018498499611758635
0.06,28,0.00017307804751656546
0.06,29,0.002082496226574245
0.06,30,-0.0009056768286508988
0.06,31,0.0005291195907546672
0.06,32,-0.0005914856967344383
0.06,33,0.0013802746244343776
0.06,34,-0.0014148515690060842
0.06,35,0.00016202238772188476
0.06,36,-0.00013336175125864606
0.06,37,0.0007623293112834011
0.06,38,0.0006804035605155591
0.06,39,0.0004860417676337181
0.06,40,-0.0006326855965277512
0.06,41,7.134366954596599e-5
0.06,42,0.0004232805727452146
0.06,43,0.0009358168141687616
0.06,44,-0.0005866665161771992
0.06,45,-0.00016486897351313025
0.06,46,-0.00018743904367026168
0.06,47,0.00013769173119061818
0.06,48,0.0005666103923349162
0.06,49,-0.0005971147488485289
0.06,50,-0.0008416436970124135
0.06,51,0.00035225448234971153
0.06,52,0.001292997586506084
0.06,53,-0.001078853468534681
0.06,54,0.0014838653155134509
0.06,55,-0.0014852577890099167
0.06,56,0.002469006735173261
0.06,57,0.0006118379256887754
0.06,58,8.388324232084286e-5
0.06,59,0.0006148093102470057
0.06,60,-0.0012434685370315448
0.06,61,0.002553831664347364
0.06,62,0.00011335931850229975
0.06,63,0.001400559736675977
0.06,64,0.0005005692136724276
0.06,65,-0.0006813284101324656
0.06,66,0.0008699648963354922
0.06,67,0.0017419391531281912
0.06,68,-0.0012153125629687787
0.06,69,0.0016840227318993823
0.06,70,0.0007422212416884959
0.06,71,-0.0013684508454152072
0.06,72,-0.0001043665572031091
0.06,73,-7.748456034771852e-5
0.06,74,0.0004144098475507488
0.06,75,0.0008795600445619551
0.06,76,-0.0007789141973268988
0.06,77,0.001457307053113814
0.06,78,-0.0007286630919938667
0.06,79,0.0007535256020020267
0.06,80,0.0008697214661352727
0.06,81,0.0006860468603695512
0.06,82,0.0004814627701516393
0.06,83,-0.00149348197669798
0.06,84,0.0007012893654197707
0.06,85,0.0001230252721493456
0.06,86,0.0018410984963091403
0.06,87,0.0006587892979578315
0.06,88,-0.0006516800795935418
0.06,89,0.0026788264807820986
0.06,90,-0.0013261340831143764
0.06,91,0.0005653265833202866
0.06,92,-0.0008398366114238375
0.06,93,0.0019139307349404725
0.06,94,0.000623204245288224
0.06,95,0.0023397435015360298
0.06,96,-0.0031598366066834414
0.06,97,0.0018457315952679439
0.06,98,-0.0006476925901343024
0.06,99,0.0013679305709005806
0.06,100,-0.0010493990119653227
0.06,101,-0.0007540400414280616
0.06,102,-0.0003334218554129698
0.06,103,0.001298383995969149
0.06,104,-0.00031541780559139705
0.06,105,-0.0005841700071309867
0.06,106,0.002522098329216293
0.06,107,1.2558567057188397e-5
0.06,108,0.00021112481840192675
0.06,109,0.000833649461396461
0.06,110,0.0005758517898995174
0.06,111,0.003184178209826976
0.06,112,-0.0015866190957009136
0.06,113,-0.0013456177753828815
0.06,114,0.0015049946923782437
0.06,115,0.0006712045397664436
0.06,116,0.00042057504981848643
0.06,117,0.0005384804902929756
0.06,118,0.0014916751871118037
0.06,119,0.0006728199515841202
0.06,120,-0.0006250077263001834
0.06,121,-0.0008624100306222989
0.06,122,-0.00032421403994495394
0.06,123,0.0007798454229323336
0.06,124,0.000266396658429205
0.06,125,0.0002489637798185058
0.06,126,0.0008644915816943407
0.06,127,0.00047649352196033236
0.06,128,-0.000561988789147693
0.06,129,0.00044771076685278395
0.06,130,-0.0003171112321247169
0.06,131,0.0005096144996671177
0.06,132,0.000492235099522889
0.06,133,0.000515808520246651
0.06,134,0.0003446350752281399
0.06,135,-0.0020012359083252337
0.06,136,0.0003790067087746257
0.06,137,0.0003282879900965824
0.06,138,-0.00037811881626086867
0.06,139,0.0021566695595947698
0.06,140,0.0006779435441380702
0.06,141,-0.00022275621199919886
0.06,142,0.0004630981309099252
0.06,143,-0.000236131787568603
0.06,144,0.0009647015833981062
0.06,145,-0.0008016498077837641
0.06,146,0.0007869572672866135
0.06,147,-0.0007726489312069057
0.06,148,0.001434845287710658
0.06,149,0.000782378040250773
0.06,150,-0.00014505992525527364
0.06,151,0.0016010520903549238
0.06,152,0.001112262188014429
0.06,153,0.000906432502277134
0.06,154,-0.001046514004015141
0.06,155,0.000799742140077869
0.06,156,0.0019207097987770393
0.06,157,0.0008805963517683997
0.06,158,-6.469396105127182e-5
0.06,159,0.000575400387397707
0.06,160,0.00023303936775331992
0.06,161,0.0006911826627006011
0.06,162,0.0021253210436456924
0.06,163,-0.0008280732463588013
0.06,164,-0.0009982828471749503
0.06,165,0.0027079910772037545
0.06,166,0.0015033147300912149
0.06,167,0.0005917300466680517
0.06,168,-0.00015055049812324735
0.06,169,-0.00010897411463566181
0.06,170,0.0009707518148357594
0.06,171,0.0017209119324245396
0.06,172,0.0011607356386154181
0.06,173,-0.0007736096763176162
0.06,174,0.0025377152080904987
0.06,175,-0.0008733803747121493
0.06,176,0.0022991609465559614
0.06,177,-0.0014604533017537212
0.06,178,0.0008902230787644507
0.06,179,0.0027705116327942296
0.06,180,0.0030907507117984736
0.06,181,-0.0005900425537392571
0.06,182,-0.0006162126211336899
0.06,183,0.001566103250883401
0.06,184,-0.0005567195439068359
0.06,185,0.003628237517693448
0.06,186,0.0033590532773849343
0.06,187,0.0029629052319584616
0.06,188,0.0029629715234041195
0.06,189,0.003683215170897669
0.06,190,0.010628317477077326
0.06,191,0.0007171170503547576
0.06,192,0.07801458491146933
0.06,193,-0.00021904469738410917
0.06,194,4.733916967819652e-5
0.06,195,-0.0006066929057888478
0.06,196,0.000547550519864428
0.06,197,0.00022230907846150158
0.06,198,0.0015289159118624567
0.07,intercept,0.0059885149312209765
0.07,1,0.003012910857110326
0.07,2,-0.0016319457056624368
0.07,3,0.0044216218748516405
0.07,4,0.0006975323725359202
0.07,5,0.00042192452974098
0.07,6,0.00042925330606361113
0.07,7,-0.0002281867850237401
0.07,8,0.00048430196235905814
0.07,9,0.00031437177601662035
0.07,10,0.0006894872614749308
0.07,11,0.0024357864272565293
0.07,12,-0.0025512228705603015
0.07,13,0.0023573145115540197
0.07,14,-0.0030662938022737738
0.07,15,0.002995294288125341
0.07,16,-0.00021123754519564712
0.07,17,0.00036544237151266737
0.07,18,6.056730595048035e-5
0.07,19,0.0005087170491627062
0.07,20,0.0005286026291904445
0.07,21,-0.00027156849871040216
0.07,22,0.0009831431820747558
0.07,23,0.00024287533521353362
0.07,24,0.0013000133872637424
0.07,25,-0.00047401345868408053
0.07,26,-0.0011992879857108745
0.07,27,0.00012927168355875528
0.07,28,-6.676589866020905e-5
0.07,29,0.0026416893752466016
0.07,30,-0.0014567479143585461
0.07,31,0.0013953072522751768
0.07,32,-0.001097348716652094
0.07,33,0.0012244765749029368
0.07,34,-0.001327082983598141
0.07,35,9.534358269908126e-5
0.07,36,-0.00011889165843411564
0.07,37,0.00041533601207967096
0.07,38,0.0010231022326071676
0.07,39,0.000357172649759217
0.07,40,-0.0006104081993826107
0.07,41,-0.00032945081232285206
0.07,42,0.000874997043920647
0.07,43,8.416644318780477e-6
0.07,44,-0.0003171524474044944
0.07,45,-0.00022032128955490275
0.07,46,0.0003193450795486889
0.07,47,-9.474563562559332e-6
0.07,48,0.0004354804078307369
0.07,49,-0.0002509520256835923
0.07,50,-0.0006542930850056311
0.07,51,0.0006792192954813575
0.07,52,0.0015275796995036404
0.07,53,-0.0010903859461377716
0.07,54,0.0007859898102574956
0.07,55,-0.000797907981563216
0.07,56,0.0025947870534715122
0.07,57,9.964947707168978e-5
0.07,58,-0.0004150848069492529
0.07,59,0.0009472834229782069
0.07,60,-0.0014338594326740038
0.07,61,0.0024514709914172147
0.07,62,2.1423396581115537e-5
0.07,63,0.0008423975008811872
0.07,64,0.0008727344285639509
0.07,65,-0.0013331910848984503
0.07,66,0.0013739575257360563
0.07,67,0.002068325194151007
0.07,68,-0.0008920787138013789
0.07,69,0.0017182107449473466
0.07,70,0.0003812486703907148
0.07,71,-0.0015075265779868306
0.07,72,-0.0006545888560273955
0.07,73,-0.00013332846651004592
0.07,74,0.000756469996005032
0.07,75,0.000562877927409434
0.07,76,-1.4662539844208598e-5
0.07,77,0.0004080381510317389
0.07,78,0.00011626399876212553
0.07,79,-0.0002107358677850696
0.07,80,0.0025862155998906647
0.07,81,0.00019378173652804623
0.07,82,0.0014474671055603556
0.07,83,-0.002336364229081766
0.07,84,0.0011503666732898433
0.07,85,-0.00029843932592873187
0.07,86,0.0018782039343880742
0.07,87,1.9845821009558316e-5
0.07,88,-0.0005263806176661022
0.07,89,0.0024497126603861756
0.07,90,-0.0008692847261489129
0.07,91,0.00046486216793240195
0.07,92,-0.0009015844689326373
0.07,93,0.0017541053081120295
0.07,94,0.0009057124830773534
0.07,95,0.001504904898962874
0.07,96,-0.001614603007600645
0.07,97,0.0008422618506379709
0.07,98,0.00016546930256626947
0.07,99,0.001165318506506343
0.07,100,-0.0012304835526293866
0.07,101,3.627733706359385e-5
0.07,102,-0.0006755491335944448
0.07,103,0.0019718012821753218
0.07,104,-0.0016775791480931168
0.07,105,-1.7213216192296507e-5
0.07,106,0.003023686057489799
0.07,107,-0.00011284125712394833
0.07,108,0.000695289940490492
0.07,109,0.0005153640166661937
0.07,110,0.00030302080747356017
0.07,111,0.0029914533613366913
0.07,112,-0.0010960338759836677
0.07,113,-0.0009367213022855673
0.07,114,0.0009373360362239465
0.07,115,0.0011096550833413843
0.07,116,0.0004347488153179922
0.07,117,-0.00011791206798883234
0.07,118,0.0017574137061790503
0.07,119,0.00035396785514603337
0.07,120,-0.0005137176296578636
0.07,121,-0.00046349282960970334
0.07,122,-8.884761457304038e-5
0.07,123,0.0005927170931182981
0.07,124,0.0002857603880373145
0.07,125,0.0008220711999517268
0.07,126,0.00026394852754703244
0.07,127,0.0007786304152295315
0.07,128,-0.0009785161988013229
0.07,129,0.0003402914127258418
0.07,130,-0.00023713270474519548
0.07,131,0.0003798952376281618
0.07,132,0.0005662280851513225
0.07,133,0.00044651179519291794
0.07,134,0.0001383529453302169
0.07,135,-0.001656693542116068
0.07,136,0.0004269021363272328
0.07,137,2.1180695300405275e-5
0.07,138,-0.0006449074341005447
0.07,139,0.0023418618604399907
0.07,140,0.0006263251539557639
0.07,141,-0.0001965071369732276
0.07,142,0.0008095102210812004
0.07,143,-5.121834839828007e-5
0.07,144,0.000859213480845053
0.07,145,-0.0004218743310710504
0.07,146,0.0007638507998522782
0.07,147,-0.0007151479428827617
0.07,148,0.0016559711107094358
0.07,149,-4.204349859700272e-5
0.07,150,0.0007709821585660834
0.07,151,0.0012019723573267822
0.07,152,0.001032121630853769
0.07,153,0.0009919631876895772
0.07,154,-0.0005814162814223748
0.07,155,-0.00031628141032262
0.07,156,0.002823202848291532
0.07,157,0.00035944922452254424
0.07,158,0.00012498676496192076
0.07,159,-9.7752482624323e-6
0.07,160,0.0008078831436167943
0.07,161,0.00015611515224263586
0.07,162,0.0026242791542444915
0.07,163,-0.0011281355622101668
0.07,164,-0.0006685259242934101
0.07,165,0.002110680904718065
0.07,166,0.0023499638903919495
0.07,167,0.0005719887784605745
0.07,168,0.000124569194970705
0.07,169,-0.0010207353827708125
0.07,170,0.0011738998990031147
0.07,171,0.0016382066295633102
0.07,172,0.0014169985788733599
0.07,173,-0.001051333369976162
0.07,174,0.003228815245041559
0.07,175,-0.0009401274029201289
0.07,176,0.0015343672235339934
0.07,177,-0.00096436540808158
0.07,178,0.000937955147328466
0.07,179,0.0030423922382446862
0.07,180,0.0030944894864033566
0.07,181,-0.001111523543109352
0.07,182,-0.0011976994009705773
0.07,183,0.0014385751577053003
0.07,184,0.00032118978849448904
0.07,185,0.003058259596956843
0.07,186,0.004384113541763051
0.07,187,0.0022933916645377613
0.07,188,0.0031736486805488628
0.07,189,0.0031813609969309127
0.07,190,0.011016288421949594
0.07,191,0.0019264557112173943
0.07,192,0.08152798384469535
0.07,193,-1.8753997072824104e-5
0.07,194,5.74835013900825e-5
0.07,195,-0.0006866131308846615
0.07,196,0.0006252092889010293
0.07,197,0.00015593838078711278
0.07,198,0.0014812484237442585
0.08,intercept,0.006280220787700285
0.08,1,0.0024642231217645028
0.08,2,-0.00044196269770059354
0.08,3,0.0036225079749516386
0.08,4,0.0005628514526702894
0.08,5,0.0009484283826284864
0.08,6,0.0005417397564449686
0.08,7,-0.0001565722022432656
0.08,8,0.00019025953708662856
0.08,9,0.0005688470654679006
0.08,10,-0.00014256670132228904
0.08,11,0.0027337914175195877
0.08,12,-0.0021690958406306955
0.08,13,0.0023274995177635337
0.08,14,-0.003085547672615842
0.08,15,0.0027859061748590165
0.08,16,-0.00014894054285618288
0.08,17,0.0005139491696618977
0.08,18,-0.0002820764838860358
0.08,19,0.0003112360968668406
0.08,20,0.0007013801370271566
0.08,21,-0.0007954076844251175
0.08,22,0.0013921300667305585
0.08,23,0.0003564476369145405
0.08,24,0.000924473671167908
0.08,25,-0.0005923420099243803
0.08,26,-0.0009179685178887374
0.08,27,0.0007075814136367463
0.08,28,-0.0007571587004012151
0.08,29,0.002959973691624909
0.08,30,-0.001658537683495902
0.08,31,0.0015278844880545705
0.08,32,-0.0016028564815653264
0.08,33,0.0011629723537111439
0.08,34,-0.0013616209347458625
0.08,35,0.0007916181947187444
0.08,36,-0.0003793654639131736
0.08,37,0.0003342515976029201
0.08,38,0.0010438422110031198
0.08,39,-0.00021139903636708464
0.08,40,-0.00022331390178509963
0.08,41,-0.00031557326261569274
0.08,42,0.000836712028040328
0.08,43,0.00027106159186003755
0.08,44,-0.0008743802961205415
0.08,45,1.2169759312370844e-5
0.08,46,0.0004189209860927022
0.08,47,0.0005957158756654769
0.08,48,3.018601591711122e-5
0.08,49,-7.210845351456649e-5
0.08,50,-0.0007927533641122035
0.08,51,0.0005343989178095437
0.08,52,0.001643149058348299
0.08,53,-0.0011801220494624823
0.08,54,0.0008332882569261006
0.08,55,-0.0005879533109371251
0.08,56,0.0023468689771078493
0.08,57,-0.00033377154284332656
0.08,58,-0.00010810987776510179
0.08,59,0.0005966741597996564
0.08,60,-0.001456361559321303
0.08,61,0.002345090190130005
0.08,62,0.0009179075908721042
0.08,63,0.0008214183125851004
0.08,64,0.0005662144890828909
0.08,65,-0.0006507716777508681
0.08,66,0.001484115128233599
0.08,67,0.0014305867661201978
0.08,68,-0.001027850498217186
0.08,69,0.0013182535137214871
0.08,70,0.0004522299658281065
0.08,71,-0.001735039076524892
0.08,72,-0.0006461064324614888
0.08,73,0.00011286527586357023
0.08,74,0.0004098686760966227
0.08,75,-0.00026327868192898624
0.08,76,0.0003148576457274779
0.08,77,-0.0004986740629580014
0.08,78,0.0011230027896988021
0.08,79,-0.0006519362718945492
0.08,80,0.002377734212292535
0.08,81,0.00020712261339290904
0.08,82,0.0015115298711219777
0.08,83,-0.0015912962226195524
0.08,84,0.0009221487592418261
0.08,85,-3.171649995560088e-5
0.08,86,0.0015030155341801473
0.08,87,-0.0003295919655531182
0.08,88,-4.0278822826413975e-5
0.08,89,0.002620891178810724
0.08,90,-0.0009143990872535301
0.08,91,-2.7267401373114844e-5
0.08,92,-0.00048816171706854016
0.08,93,0.001441397657894005
0.08,94,0.001486793700770478
0.08,95,0.0011697474941353885
0.08,96,-0.0013965374813622378
0.08,97,0.00023212915117121384
0.08,98,0.00037316202074592604
0.08,99,0.001421479093334362
0.08,100,-0.0006526255782001147
0.08,101,-0.0005560392301958665
0.08,102,-0.0010718639894205248
0.08,103,0.0022699888720178973
0.08,104,-0.0019674789754636616
0.08,105,0.00014718994249642627
0.08,106,0.0027694041129472996
0.08,107,-0.00017486952764406212
0.08,108,0.0003210971410189805
0.08,109,0.0011964399376898814
0.08,110,0.0009298106320776563
0.08,111,0.0023378274404185226
0.08,112,-0.0013051424427904096
0.08,113,-0.0010180533226949182
0.08,114,0.001112964189448252
0.08,115,0.0013429736164772893
0.08,116,3.443279331123589e-5
0.08,117,0.00032381199969025643
0.08,118,0.0013250168181355927
0.08,119,0.00114803102841315
0.08,120,-0.0008557655869150489
0.08,121,-0.0005097934773717877
0.08,122,-0.00010138160848731182
0.08,123,0.0004138120673314008
0.08,124,0.0005012028737443411
0.08,125,0.0006920241693573307
0.08,126,0.0007300610709224813
0.08,127,0.00040805481148905345
0.08,128,-0.0008207222383678621
0.08,129,0.0003398303650288454
0.08,130,-0.0001807547821334012
0.08,131,-7.522818613058527e-5
0.08,132,0.0011592668396559144
0.08,133,0.0003398259211477149
0.08,134,0.0010904668858124523
0.08,135,-0.002291939007707521
0.08,136,0.0005735400687923835
0.08,137,1.6271601837289664e-5
0.08,138,-0.0007281921308083745
0.08,139,0.0027197777515953034
0.08,140,0.0005590316100872584
0.08,141,-2.0860869864301453e-5
0.08,142,0.0005880308256460828
0.08,143,-0.0005653860275857185
0.08,144,0.0017307482614448819
0.08,145,-0.0006645778124442532
0.08,146,0.0011340403460163668
0.08,147,-0.0006606311691857098
0.08,148,0.001636704185509064
0.08,149,-0.0003032537578905129
0.08,150,0.0015628400337550114
0.08,151,2.8823965068620715e-5
0.08,152,0.00178510187585435
0.08,153,0.0009715314868985541
0.08,154,-0.000773093963976437
0.08,155,-2.636640974754918e-5
0.08,156,0.002219923787967118
0.08,157,0.000810513698060935
0.08,158,0.0002698406979021069
0.08,159,-6.442598097162588e-5
0.08,160,0.00034538187364667575
0.08,161,-7.889859515386662e-5
0.08,162,0.0026012994183664292
0.08,163,-0.0008292900785276808
0.08,164,-0.0010487916867996357
0.08,165,0.0023012565406925383
0.08,166,0.003003316049976846
0.08,167,0.00030065292130291763
0.08,168,0.0002705585935981558
0.08,169,-0.0015122086645070994
0.08,170,0.0014142978739383977
0.08,171,0.0012676660100216473
0.08,172,0.0015926420952810782
0.08,173,-0.0011174005972895684
0.08,174,0.0023100584201666036
0.08,175,-0.0004929935349676543
0.08,176,0.0018521157013526735
0.08,177,-0.0010412946152876803
0.08,178,0.0017695039890705416
0.08,179,0.0026232600429153094
0.08,180,0.0024210079709674846
0.08,181,-0.0011898369172276626
0.08,182,-2.5581437050032637e-5
0.08,183,0.0013820613134669505
0.08,184,0.000210493299202137
0.08,185,0.002201663386248952
0.08,186,0.004540269843853015
0.08,187,0.002499948747607804
0.08,188,0.004110828869983186
0.08,189,0.0024133658404150147
0.08,190,0.01156054897422273
0.08,191,0.0019847549372107635
0.08,192,0.08750936497416743
0.08,193,-0.00022855039518922257
0.08,194,-9.84440052482923e-5
0.08,195,-0.0008698604897153181
0.08,196,0.0006411511427102093
0.08,197,8.148292416750632e-5
0.08,198,0.0014527598793237816
0.09,intercept,0.006502024254556198
0.09,1,0.0024650584741964304
0.09,2,-4.6412483982650596e-5
0.09,3,0.0031175021455879907
0.09,4,0.0004875991146344646
0.09,5,0.001015756926599714
0.09,6,0.00057390195202886
0.09,7,6.255600060625526e-5
0.09,8,0.00031790047672855374
0.09,9,0.0007347562280797247
0.09,10,-0.0003026543303229803
0.09,11,0.002417004001192361
0.09,12,-0.0023004690013826096
0.09,13,0.00169128214326418
0.09,14,-0.0025960911137376747
0.09,15,0.002650457092627571
0.09,16,-0.0002598680761064169
0.09,17,0.0005182947492275295
0.09,18,0.000431231602072382
0.09,19,-8.16824459036807e-6
0.09,20,0.0007953547862763763
0.09,21,-0.0007059591626612466
0.09,22,0.001109638133236528
0.09,23,0.00037075939425560155
0.09,24,0.0008567138945786262
0.09,25,-0.0007194818012249719
0.09,26,-0.0009542238834227982
0.09,27,0.0005025831681261394
0.09,28,-0.0006229477302500108
0.09,29,0.0030801348083275963
0.09,30,-0.0013562708128766008
0.09,31,0.0017664977001125553
0.09,32,-0.0019525919035551897
0.09,33,0.0012477574619323573
0.09,34,-0.00163754411085532
0.09,35,0.0010417580402368525
0.09,36,-0.00035962253805075074
0.09,37,-0.0002129429589811707
0.09,38,0.0015032724794074492
0.09,39,-0.000875501948237404
0.09,40,0.00019340885545133792
0.09,41,-0.0011818086498916302
0.09,42,0.002001882595988097
0.09,43,-0.0005902219431955551
0.09,44,-0.0003435537618772234
0.09,45,-0.0003484949352829877
0.09,46,0.00021163214699069106
0.09,47,0.0010160115826951931
0.09,48,-0.00039941577573610564
0.09,49,-0.00027949579915010454
0.09,50,-0.00020680271722592564
0.09,51,0.00038987189270582026
0.09,52,0.001969853551907547
0.09,53,-0.0012726321350979694
0.09,54,0.000661090475967457
0.09,55,-0.0006350131769772111
0.09,56,0.00288647719790193
0.09,57,-0.00043406739595454796
0.09,58,-0.0006267982471711408
0.09,59,0.0004862361347794452
0.09,60,-0.0008793841116850321
0.09,61,0.001544853199086236
0.09,62,0.0011220547766464222
0.09,63,7.649663046345912e-5
0.09,64,0.0006625225223667038
0.09,65,-3.196968721758986e-5
0.09,66,0.0015106333725815485
0.09,67,0.0015813262858800274
0.09,68,-0.0009539811339630639
0.09,69,0.0011455302162454047
0.09,70,0.000794855361387192
0.09,71,-0.002180753838575822
0.09,72,1.8223750240849448e-5
0.09,73,0.00010615633931970564
0.09,74,0.00016465315432325585
0.09,75,-0.0004320017996429215
0.09,76,0.0008803945864197735
0.09,77,-0.00033642996909145375
0.09,78,0.0008091183152473899
0.09,79,-0.000729748847070614
0.09,80,0.0020506911996361643
0.09,81,0.00015701471532318466
0.09,82,0.0016399085712757847
0.09,83,-0.002224203835493846
0.09,84,0.0010398371689794652
0.09,85,0.00027639171202777443
0.09,86,0.0010681254047436128
0.09,87,-0.0009039935589679214
0.09,88,0.0011162866258951365
0.09,89,0.0024945355907564143
0.09,90,-0.0011989694723255448
0.09,91,0.0001448376490252788
0.09,92,-0.0009545158581737288
0.09,93,0.0018615191369820146
0.09,94,0.0025276377502061213
0.09,95,-0.00022746991526988703
0.09,96,-0.0003135144349797889
0.09,97,-0.0005941750957844126
0.09,98,0.0008710061693473225
0.09,99,0.0011451284873762874
0.09,100,-0.0005368807328181292
0.09,101,-0.00015650636445322587
0.09,102,-0.0010631818186219427
0.09,103,0.0025592784609374444
0.09,104,-0.002673194918990998
0.09,105,0.0011883171639675385
0.09,106,0.002369420655437149
0.09,107,-0.00022837108942453394
0.09,108,0.00034974483539298843
0.09,109,0.0009912815581902795
0.09,110,0.0009170538961697129
0.09,111,0.0021072649344402714
0.09,112,-0.0007313144467137522
0.09,113,-0.0012615152537797437
0.09,114,0.0015077392621443665
0.09,115,0.0005311000664795764
0.09,116,0.0005411702405751925
0.09,117,0.00030623747882229865
0.09,118,0.0010484006873596624
0.09,119,0.000922935082964466
0.09,120,-0.0007441056342402138
0.09,121,-0.0003239503096640139
0.09,122,-0.0003466880734516201
0.09,123,0.0005770767145811774
0.09,124,-5.302926484060197e-5
0.09,125,0.0011347784829010706
0.09,126,0.0004246309347675957
0.09,127,0.00029441791651375193
0.09,128,-0.0006856900631923221
0.09,129,0.00043817289020250776
0.09,130,-0.00026692048175586054
0.09,131,0.00010651980296769532
0.09,132,0.0007432168797152587
0.09,133,0.0005384212176551511
0.09,134,0.0007517765709544462
0.09,135,-0.001859792481661077
0.09,136,0.0008206595861441789
0.09,137,-0.0002731570661065116
0.09,138,-0.0005554487948925729
0.09,139,0.002522356947924321
0.09,140,0.00028114914155459955
0.09,141,1.8782898346998009e-6
0.09,142,0.0003943693585441401
0.09,143,-0.0005051709334896047
0.09,144,0.0015647680631373582
0.09,145,-0.0001347683898510976
0.09,146,0.0009250378720746165
0.09,147,-0.0003950068540917003
0.09,148,0.001594830162835751
0.09,149,-0.0005339004645159823
0.09,150,0.0019227719781228418
0.09,151,-0.0005414471534168335
0.09,152,0.002132573527693291
0.09,153,0.000605162886887876
0.09,154,6.423440090899438e-5
0.09,155,-0.00011381715273993002
0.09,156,0.002048401765457584
0.09,157,0.0008019033452939413
0.09,158,0.00046918608208274497
0.09,159,-3.1015786710678394e-5
0.09,160,0.0005309931872425535
0.09,161,-0.0002822031510062865
0.09,162,0.0025943151012053594
0.09,163,-0.0006169946550564427
0.09,164,-0.0011048828368807335
0.09,165,0.0023970366766505494
0.09,166,0.0023722345929661505
0.09,167,0.0003956888270731953
0.09,168,0.0005027867528520821
0.09,169,-0.0016754520141816474
0.09,170,0.001427234278387758
0.09,171,0.0007994620768449905
0.09,172,0.0019753543423208903
0.09,173,-0.0007621616040529699
0.09,174,0.0015048245561824272
0.09,175,0.00043360785423049604
0.09,176,0.0016693501802335104
0.09,177,-0.0013370601620158748
0.09,178,0.0016958104222840379
0.09,179,0.002949085803231897
0.09,180,0.0022009393189750142
0.09,181,-0.001103220360474227
0.09,182,0.00010406535937866955
0.09,183,0.0006825388834033315
0.09,184,0.0009479884973688329
0.09,185,0.0012773901609541497
0.09,186,0.004628396585364727
0.09,187,0.0029578315461888534
0.09,188,0.004285067780031618
0.09,189,0.0027439884507127186
0.09,190,0.011993238685441754
0.09,191,0.0017187175512290579
0.09,192,0.09417266953718802
0.09,193,2.515038251736653e-5
0.09,194,9.110273565824725e-5
0.09,195,-0.0008607746109733648
0.09,196,0.000639777925688043
0.09,197,5.325322358003606e-5
0.09,198,0.0014550135531952585
0.1,intercept,0.006584544689271391
0.1,1,0.002904453776377079
0.1,2,-0.0006685801419866066
0.1,3,0.003792297824007328
0.1,4,0.00038425114450178896
0.1,5,0.001087133574250865
0.1,6,0.0001416924954836177
0.1,7,0.0005691913052989148
0.1,8,-0.0004350378480982799
0.1,9,0.0012350036399424828
0.1,10,-0.0007460209962443714
0.1,11,0.002507432295269771
0.1,12,-0.0022776002693993486
0.1,13,0.001930906700714445
0.1,14,-0.002225920248291164
0.1,15,0.0025076021797651284
0.1,16,0.00023924473646918398
0.1,17,0.0001374956561822133
0.1,18,0.0010864012842474783
0.1,19,-0.0005954502048318526
0.1,20,0.0009701126944320318
0.1,21,-0.0008512196801783626
0.1,22,0.0006723989837159535
0.1,23,0.0007129691964215622
0.1,24,0.0002887386510548245
0.1,25,-0.0007943505190458281
0.1,26,-0.00039265851560374974
0.1,27,0.0001713351617189332
0.1,28,-0.0001981253762890586
0.1,29,0.0024420110321855346
0.1,30,-0.0009937356328140266
0.1,31,0.0015913293391269486
0.1,32,-0.0016615537404454197
0.1,33,0.0012354372754749745
0.1,34,-0.001953715494344846
0.1,35,0.0008655270750733145
0.1,36,0.0004443265396426233
0.1,37,-0.00036247030575958946
0.1,38,0.0013802875824032769
0.1,39,-0.001024651505094263
0.1,40,0.00025737846978775145
0.1,41,-0.000729730711426827
0.1,42,0.0013350600467795608
0.1,43,-0.0005766814642207141
0.1,44,2.2451584977665628e-5
0.1,45,-0.0005663061502813974
0.1,46,0.00043397748568596296
0.1,47,0.0008706717218163502
0.1,48,-8.112856511788482e-6
0.1,49,-0.0006988168966258799
0.1,50,-0.00011480303942770999
0.1,51,-5.143200237604654e-5
0.1,52,0.0025717154989131313
0.1,53,-0.0013793818444978667
0.1,54,0.00039838288291327143
0.1,55,-0.000307163271655605
0.1,56,0.002617322660078136
0.1,57,-0.0002696353058104325
0.1,58,-0.0003316414558578802
0.1,59,6.873860368100023e-5
0.1,60,-0.0005734928884964661
0.1,61,0.0015807331701513806
0.1,62,0.0010957589696018375
0.1,63,0.00012321567275648383
0.1,64,0.00038971580950830924
0.1,65,-0.00010691525277544482
0.1,66,0.001826133845150662
0.1,67,0.0015719732836358548
0.1,68,-0.001257493371730895
0.1,69,0.0014237491326610449
0.1,70,0.0006692477130338454
0.1,71,-0.0016795423861014395
0.1,72,-0.0006448725070951299
0.1,73,0.0003319834205743972
0.1,74,-0.00013138741701462458
0.1,75,-0.0005452431928626138
0.1,76,0.0011173863264575905
0.1,77,-0.00024773641059111295
0.1,78,0.0011552704761134975
0.1,79,-0.0003257764494470056
0.1,80,0.0018723403423613926
0.1,81,-2.6264076966235907e-5
0.1,82,0.0015518001830019039
0.1,83,-0.001696052418454984
0.1,84,0.0005879417231516462
0.1,85,0.0005693456034855053
0.1,86,-0.00010504258242098434
0.1,87,0.0001028396059254214
0.1,88,0.0014139027079837576
0.1,89,0.002518807673154693
0.1,90,-0.00095996072989223
0.1,91,-0.0002575542647006227
0.1,92,0.00015786657051295195
0.1,93,0.0020449934963694513
0.1,94,0.0021742428618777457
0.1,95,0.0004097469022074905
0.1,96,-0.0003716779553463365
0.1,97,-0.0008902296205295494
0.1,98,0.0014122317410040673
0.1,99,0.00042082086156740333
0.1,100,0.00013841654703190565
0.1,101,-0.0006115763961060342
0.1,102,-0.0005069444668192696
0.1,103,0.0015095843698400217
0.1,104,-0.001923237688647392
0.1,105,0.001220917153965834
0.1,106,0.0021553103365610947
0.1,107,-0.0005033831266674313
0.1,108,0.0005473854318292518
0.1,109,-7.427339747782992e-6
0.1,110,0.001030758007881248
0.1,111,0.0018328979687474733
0.1,112,-0.0003875210350311368
0.1,113,-0.0009808997844499008
0.1,114,0.0016396784521152058
0.1,115,0.0008713052522902583
0.1,116,-0.00030994940676788555
0.1,117,0.0012493443682448264
0.1,118,0.0008215740684122525
0.1,119,0.0007615723098708514
0.1,120,-0.00021227435238857324
0.1,121,-9.517827947740566e-5
0.1,122,-0.000537146356513418
0.1,123,0.00036236912436204494
0.1,124,0.0001656753099051557
0.1,125,0.0009733367405220925
0.1,126,0.00035066184332720136
0.1,127,-9.892144035299351e-6
0.1,128,-0.0006775222750900056
0.1,129,0.0006219705651830848
0.1,130,-3.371355422498874e-5
0.1,131,0.00010452757922118269
0.1,132,0.0003377377873314374
0.1,133,0.0007467211845164947
0.1,134,0.0005576461412439471
0.1,135,-0.0017197577664175576
0.1,136,0.0008925907440343552
0.1,137,-6.312351065178739e-5
0.1,138,-0.0007051908640112509
0.1,139,0.0027802768632136485
0.1,140,-0.0003003967182547814
0.1,141,0.0003300631591692258
0.1,142,0.00017653209283733433
0.1,143,-0.00020096142418045177
0.1,144,0.0011974202176693414
0.1,145,2.1568402508503837e-5
0.1,146,0.0009475867077341508
0.1,147,-0.0003940428268560731
0.1,148,0.0016662115570421007
0.1,149,-0.0007172014843656496
0.1,150,0.0016108704190832728
0.1,151,-0.000639607690196191
0.1,152,0.002391168772321733
0.1,153,0.0009608385107203372
0.1,154,-0.00011226091174513885
0.1,155,-0.00014340568757266578
0.1,156,0.00202174761602366
0.1,157,0.0005696552306370135
0.1,158,0.0014306761822384842
0.1,159,-0.0004561945424719251
0.1,160,0.0007944859141372865
0.1,161,-0.0007898143163357604
0.1,162,0.00344665188520896
0.1,163,-0.0014224682362201054
0.1,164,-0.0005019701784409147
0.1,165,0.002575518286549477
0.1,166,0.0021057967086615227
0.1,167,0.00011636284130577984
0.1,168,0.0004160933966628957
0.1,169,-0.0013868088428011498
0.1,170,0.0015897419806305707
0.1,171,0.0005127007784043086
0.1,172,0.002436744884804758
0.1,173,-0.0002501953340646734
0.1,174,0.0013220391737957529
0.1,175,0.00040671152269474017
0.1,176,0.0010716859573990795
0.1,177,-0.0006264978511389599
0.1,178,0.000970087461639285
0.1,179,0.003152854428520069
0.1,180,0.0025194887686042786
0.1,181,-0.001359037434695126
0.1,182,0.001377542319830761
0.1,183,0.00038588249708931225
0.1,184,0.001604892791388701
0.1,185,0.0009004417217761347
0.1,186,0.004080864990184932
0.1,187,0.0035766096816372034
0.1,188,0.004333856129718332
0.1,189,0.0022167773696505104
0.1,190,0.012908187927681596
0.1,191,0.0008505484762443178
0.1,192,0.09819017687239204
0.1,193,-0.00013166744851516576
0.1,194,0.0002690218289431087
0.1,195,-0.0008104627266428935
0.1,196,0.0006073025210888119
0.1,197,1.2748881233481946e-6
0.1,198,0.0014357637674489955
0.11,intercept,0.006780117603467222
0.11,1,0.002259290756906099
0.11,2,-0.0001167684432437068
0.11,3,0.0031017721888845756
0.11,4,0.0005787980261351435
0.11,5,0.0011663354129248936
0.11,6,-4.557687412300764e-5
0.11,7,0.00025912523835233106
0.11,8,-0.0003152444437232763
0.11,9,0.0012669668378897884
0.11,10,-0.0005326527033943546
0.11,11,0.0025216985006118733
0.11,12,-0.0022391264096108103
0.11,13,0.0019491151400354682
0.11,14,-0.002143931119108186
0.11,15,0.0022045225698628943
0.11,16,0.0004984740524995185
0.11,17,0.0002513988086531426
0.11,18,0.000963969376320261
0.11,19,-0.0006120812229626078
0.11,20,0.0005650642130558448
0.11,21,-0.0003705918829739924
0.11,22,0.0006516840065268446
0.11,23,0.000831301238220019
0.11,24,0.00035413350966753774
0.11,25,-0.000741377632820517
0.11,26,-0.000449834296020245
0.11,27,0.00022161798720685418
0.11,28,-0.00024886101630826264
0.11,29,0.0023653605522627906
0.11,30,-0.0009263702900516451
0.11,31,0.001119466613549117
0.11,32,-0.001189635591395647
0.11,33,0.0009110321403767414
0.11,34,-0.0015871394669435847
0.11,35,0.0004722975196728387
0.11,36,0.0013412124139320406
0.11,37,-0.00021767663912222634
0.11,38,0.0012892358723883479
0.11,39,-0.0011117098251729547
0.11,40,0.00034851177410059485
0.11,41,-0.001074482044144256
0.11,42,0.0014137257894833377
0.11,43,-0.00015644670437113228
0.11,44,-0.0002734644471983079
0.11,45,-0.0002807380014291811
0.11,46,0.0002933537265483297
0.11,47,0.0006312435014851972
0.11,48,4.920549194414231e-5
0.11,49,-0.0004976805051624889
0.11,50,-0.0003177488833421782
0.11,51,0.0002561286549638819
0.11,52,0.002278479940706496
0.11,53,-0.001649698907556058
0.11,54,0.0007320873854529209
0.11,55,-0.00010876140427009675
0.11,56,0.00262126836714236
0.11,57,-8.310719786168738e-5
0.11,58,0.00024327209939057669
0.11,59,-0.00018236980768460807
0.11,60,-0.00014148349652456354
0.11,61,0.0011729541805756184
0.11,62,0.0008596714078100194
0.11,63,0.0002476025423671796
0.11,64,7.992311881790459e-5
0.11,65,-1.856869781943478e-6
0.11,66,0.0021549151072901836
0.11,67,0.0014702042662849575
0.11,68,-0.0006719830297656533
0.11,69,0.0011361986409866686
0.11,70,0.0007157808596606689
0.11,71,-0.0016985958781959955
0.11,72,-0.0004943690136428154
0.11,73,0.0006959371722554692
0.11,74,-0.0007095661903109401
0.11,75,-0.00053651646838789
0.11,76,0.0010334494343706073
0.11,77,-0.0002430780170972639
0.11,78,0.0012548119845364315
0.11,79,-0.00042689248149759874
0.11,80,0.0018034789539492326
0.11,81,-3.4761395541168905e-5
0.11,82,0.0012221087391915723
0.11,83,-0.0007407742422702024
0.11,84,3.3598939718324225e-5
0.11,85,0.0004638982954528333
0.11,86,-0.0005331120000133958
0.11,87,0.0006960651813557802
0.11,88,0.0015164411764507322
0.11,89,0.0019831763887792663
0.11,90,-0.0005652609333367192
0.11,91,-0.001041770791883147
0.11,92,0.00015931049453847283
0.11,93,0.0026600474908132893
0.11,94,0.00252075702032527
0.11,95,8.036005087014597e-5
0.11,96,-0.0008355115233164883
0.11,97,-0.0002701161855628655
0.11,98,0.0016014297729728068
0.11,99,0.00044211082832977555
0.11,100,0.00028493407575630605
0.11,101,-0.0011592070297684633
0.11,102,-0.00048410772278724526
0.11,103,0.0015541871439312754
0.11,104,-0.0017239827194203956
0.11,105,0.0007923083563231894
0.11,106,0.0020237862906616376
0.11,107,-0.00016846565571649526
0.11,108,0.00014007732309293924
0.11,109,2.896342556846253e-5
0.11,110,0.0005553654664047299
0.11,111,0.0024276316855059298
0.11,112,-0.0009048238874064061
0.11,113,-0.0013259951151197
0.11,114,0.001636230259639113
0.11,115,0.00047138461278106464
0.11,116,-0.0003917460510890439
0.11,117,0.0016409233393894227
0.11,118,0.0007336212668580675
0.11,119,0.0010721730397677744
0.11,120,-0.00032467102008896766
0.11,121,-0.0001201963551171451
0.11,122,-0.0008494815613717521
0.11,123,0.0009996078243592018
0.11,124,0.00012053659126619838
0.11,125,0.0009956784557247436
0.11,126,0.00024880754105409154
0.11,127,-0.00012295361084920612
0.11,128,-0.00070137336136231
0.11,129,0.0005796214047200666
0.11,130,-0.00022402367807873344
0.11,131,0.0003032245435019672
0.11,132,0.00012136290173038639
0.11,133,0.0005850358190891584
0.11,134,0.001042847895892717
0.11,135,-0.002093278306915896
0.11,136,0.0008958186660461635
0.11,137,-0.0003168357833089778
0.11,138,-0.0005285197208065263
0.11,139,0.002524519812322281
0.11,140,-0.00010673310856291767
0.11,141,0.0002141107307432005
0.11,142,-5.1564359192611835e-5
0.11,143,0.0001968507007161718
0.11,144,0.000811224776660789
0.11,145,0.00031630655356619373
0.11,146,0.0005563716379378618
0.11,147,-0.00043390330966703623
0.11,148,0.001993782851269634
0.11,149,-0.0010873320972873528
0.11,150,0.00160077862260127
0.11,151,-0.0006526123881748358
0.11,152,0.002275965533892415
0.11,153,0.0007890427221468466
0.11,154,-4.079203018383025e-5
0.11,155,0.0001747593405534797
0.11,156,0.0021244095224311407
0.11,157,0.0008636948364783043
0.11,158,0.0014065093216103683
0.11,159,-0.00028978504491753386
0.11,160,0.0003710284801874866
0.11,161,-0.0003849261447996489
0.11,162,0.0033367695600647496
0.11,163,-0.0017826641728643908
0.11,164,3.2169097065071634e-5
0.11,165,0.0021577076496649534
0.11,166,0.0022276107000936546
0.11,167,0.00018201732381130232
0.11,168,6.705285840100125e-6
0.11,169,-0.001476531091211865
0.11,170,0.0013349602638642122
0.11,171,0.0013617176831741964
0.11,172,0.0020405806367248753
0.11,173,0.0006284558008451048
0.11,174,0.000924049916237398
0.11,175,0.0001628946231852771
0.11,176,0.0007061562128885926
0.11,177,-0.0006495302058429416
0.11,178,0.0009320506069146435
0.11,179,0.003944408918179855
0.11,180,0.0021044428530016318
0.11,181,-0.0017139438975173225
0.11,182,0.0016409085982030341
0.11,183,0.0005850553537597033
0.11,184,0.002295562154730254
0.11,185,0.001133892911880329
0.11,186,0.004162994366760862
0.11,187,0.0038235786602747405
0.11,188,0.0038587154622407413
0.11,189,0.0014819651300372483
0.11,190,0.013181974506306513
0.11,191,0.0013893170111119516
0.11,192,0.10163988848195853
0.11,193,-0.00026354466850616844
0.11,194,0.0007031264847245253
0.11,195,-0.0007989276796341364
0.11,196,0.0005433337851468754
0.11,197,-3.873477856597028e-5
0.11,198,0.0013806153272800077
0.12,intercept,0.007001157375163153
0.12,1,0.002189039739634116
0.12,2,-2.8839247650897263e-5
0.12,3,0.002964650685121376
0.12,4,0.0005976196517380164
0.12,5,0.0008735126810328925
0.12,6,0.0003147689115853903
0.12,7,0.00014811094119688146
0.12,8,9.258818938607222e-5
0.12,9,0.0015928462120817978
0.12,10,-0.0005814053823976021
0.12,11,0.0021157761078276806
0.12,12,-0.00217364081002391
0.12,13,0.0016442553647784152
0.12,14,-0.0020666923744245545
0.12,15,0.002361815683818497
0.12,16,0.000403516375122129
0.12,17,0.0005132187278358513
0.12,18,0.0009015464758748617
0.12,19,-0.00035411331785144674
0.12,20,0.00032474513577861343
0.12,21,-0.0006297020471821665
0.12,22,0.0007140440193826344
0.12,23,0.0008743813464527377
0.12,24,0.0006558754244998424
0.12,25,-0.0010958753024433345
0.12,26,-0.0008056067922591571
0.12,27,0.0005912911339175822
0.12,28,-0.00018286925042072103
0.12,29,0.002079868446222414
0.12,30,-0.000736867954604609
0.12,31,0.0006497426892401545
0.12,32,-0.0011615420745331618
0.12,33,0.001190169910628598
0.12,34,-0.001897178283496413
0.12,35,0.0006693250351719974
0.12,36,0.0009075015745636088
0.12,37,6.866191210880827e-5
0.12,38,0.0013156305127907234
0.12,39,-0.0015465839938931228
0.12,40,0.0005977844303866649
0.12,41,-0.0012507658508785196
0.12,42,0.0019445503534335279
0.12,43,-0.00025121527184373985
0.12,44,-9.07162645902338e-5
0.12,45,-0.00048354150128518007
0.12,46,0.00023765043045001163
0.12,47,0.0006434796066007412
0.12,48,-8.547494723540904e-5
0.12,49,-0.00044678789998602774
0.12,50,0.00014209168894630585
0.12,51,0.00020559849528078503
0.12,52,0.0019732611224992894
0.12,53,-0.0012724674770343133
0.12,54,0.0002999655952156958
0.12,55,-0.0001235066995430266
0.12,56,0.0025239827675892544
0.12,57,0.0002494866602366506
0.12,58,-0.0003646690665650123
0.12,59,0.00044324534943841314
0.12,60,-0.0007123056219437258
0.12,61,0.0015809870706763054
0.12,62,0.000386016927651478
0.12,63,0.0006930386378944933
0.12,64,2.3378023659017025e-5
0.12,65,-0.00037915773153564725
0.12,66,0.0019663905004642115
0.12,67,0.0011408902591494858
0.12,68,-0.00021841725836385073
0.12,69,0.0009989263912950803
0.12,70,0.0009884209228114159
0.12,71,-0.002017038874859272
0.12,72,-0.00011844841269695109
0.12,73,0.0005032107411109957
0.12,74,-0.0006221312120476563
0.12,75,-0.0012594212201484903
0.12,76,0.001460467006625898
0.12,77,-0.0003274890163892524
0.12,78,0.0007864986287271314
0.12,79,0.000428770667685672
0.12,80,0.0020373649332892183
0.12,81,0.00026256517910890905
0.12,82,0.0007680713590303077
0.12,83,-1.8187763730313392e-6
0.12,84,-0.000166212177215138
0.12,85,0.0002791628059286802
0.12,86,-0.0006555283649349976
0.12,87,0.0008166647577755819
0.12,88,0.001701614167061255
0.12,89,0.0015929092073370416
0.12,90,-0.00038322272885363967
0.12,91,-0.0009700304447406096
0.12,92,0.00045145850378701673
0.12,93,0.0026938209897117388
0.12,94,0.0019688897246884817
0.12,95,0.0001636072445767937
0.12,96,-0.0002543018021649715
0.12,97,-0.00031372119800741313
0.12,98,0.0017016565742010515
0.12,99,0.0010909324336536858
0.12,100,-0.0004144136282171684
0.12,101,-0.0007946254505026332
0.12,102,-0.0007905756222944493
0.12,103,0.0011138247430009284
0.12,104,-0.0013095011747030008
0.12,105,0.0007283230921812836
0.12,106,0.0016094033724695096
0.12,107,7.484094691209762e-7
0.12,108,0.000287611812738357
0.12,109,0.00021476018142454505
0.12,110,0.00032623218764275136
0.12,111,0.0025331699507679995
0.12,112,-0.0008712382841931316
0.12,113,-0.0011704404924943784
0.12,114,0.0015920160264622314
0.12,115,0.00022098831030637397
0.12,116,-0.0003649286217712008
0.12,117,0.0016678832569562505
0.12,118,0.0008774864834095013
0.12,119,0.0011954185379494545
0.12,120,-0.0005089461445344778
0.12,121,-7.33425524932867e-5
0.12,122,-0.0010665530672175976
0.12,123,0.0010006201579072455
0.12,124,9.983748133607255e-5
0.12,125,0.0010134933223727351
0.12,126,0.0002715036806573097
0.12,127,0.00010007025767484925
0.12,128,-0.0008324576919111296
0.12,129,0.0006915881934836163
0.12,130,-0.0002967663714492856
0.12,131,0.0003910316544250322
0.12,132,9.39200136122044e-5
0.12,133,0.0003492563149073837
0.12,134,0.0012059721765083108
0.12,135,-0.00223762350154647
0.12,136,0.0011238557194910772
0.12,137,-0.00048550432810804555
0.12,138,-0.0006405923705155531
0.12,139,0.0025191584178177783
0.12,140,-0.0003137231609538181
0.12,141,0.0002796759817705011
0.12,142,-0.00022951289528398106
0.12,143,0.000753516130904889
0.12,144,0.00014280459859656862
0.12,145,0.0005700083786142089
0.12,146,0.0007060345448812513
0.12,147,-0.0006999241897305044
0.12,148,0.0019356882389189142
0.12,149,-0.0010002365627242024
0.12,150,0.001302768953126894
0.12,151,-7.253768027441312e-5
0.12,152,0.0021708368237783825
0.12,153,0.00043205137352408045
0.12,154,0.00037286173877541123
0.12,155,-8.394069902029098e-5
0.12,156,0.002344818064737415
0.12,157,0.0007894799903809629
0.12,158,0.0011651822991951553
0.12,159,3.431983220181528e-5
0.12,160,0.0005056390376302412
0.12,161,-0.0005339235020973248
0.12,162,0.0033703087453296567
0.12,163,-0.0018705119188053843
0.12,164,0.0004833095276499309
0.12,165,0.002150824958295103
0.12,166,0.0023897854758325216
0.12,167,-0.00019856508704724828
0.12,168,9.019637808404201e-5
0.12,169,-0.001548819672484714
0.12,170,0.0013922028949868858
0.12,171,0.0015645740302634465
0.12,172,0.0018078590296012793
0.12,173,0.0008535138630729451
0.12,174,0.0007684657565441478
0.12,175,0.00018037165820658865
0.12,176,0.000995244359246749
0.12,177,-0.0013412917287131988
0.12,178,0.0012356922977007922
0.12,179,0.003574277095378523
0.12,180,0.0021548440692184248
0.12,181,-0.002151192800450491
0.12,182,0.001763377244774253
0.12,183,0.0007748314972783535
0.12,184,0.0023256372046442345
0.12,185,0.001390426233027207
0.12,186,0.003171677048359474
0.12,187,0.0038546330581196646
0.12,188,0.005192813714923732
0.12,189,0.0004913208960481454
0.12,190,0.013997378139570301
0.12,191,0.0008546380860838972
0.12,192,0.10470713543485624
0.12,193,-0.0001126229496592072
0.12,194,0.0009997135751875796
0.12,195,-0.0008336436546511626
0.12,196,0.000556127582916002
0.12,197,-2.2449513205693994e-5
0.12,198,0.001389084093499614
0.13,intercept,0.00718416508791598
0.13,1,0.00199813687085395
0.13,2,0.00028600979317362475
0.13,3,0.002668824373775669
0.13,4,0.0009743478843765789
0.13,5,0.0006465154409101963
0.13,6,0.000995729406584427
0.13,7,-2.277896594026556e-5
0.13,8,0.00022152210104746237
0.13,9,0.0011832262386053754
0.13,10,-0.0004870921120764703
0.13,11,0.0023940609989076124
0.13,12,-0.0023609194877006914
0.13,13,0.002175824538680011
0.13,14,-0.0023200142812188243
0.13,15,0.002001170626437137
0.13,16,0.0004304075324255881
0.13,17,0.00019731857956610202
0.13,18,0.0010858770654897422
0.13,19,-0.0006185679537701953
0.13,20,0.0004913030795069017
0.13,21,-0.000815957308639549
0.13,22,0.0010866538879168077
0.13,23,0.0004919956353490562
0.13,24,0.0012248221122578536
0.13,25,-0.0013321798787175815
0.13,26,-0.0004896682846665316
0.13,27,0.0003026973358717507
0.13,28,0.00010967386963141117
0.13,29,0.001545491001985039
0.13,30,-0.0007508762311775545
0.13,31,0.0004862057304956035
0.13,32,-0.0014433912083278596
0.13,33,0.001949479262200973
0.13,34,-0.0022548355372203396
0.13,35,0.0010456712655466252
0.13,36,0.0009763167165566568
0.13,37,0.00020897632929908126
0.13,38,0.0011237174389479342
0.13,39,-0.00118476755862221
0.13,40,0.0006803483916379575
0.13,41,-0.0015720117915024878
0.13,42,0.002177089079429447
0.13,43,-0.0003592150545502194
0.13,44,-6.230595811098193e-5
0.13,45,-0.0006118195217427655
0.13,46,0.00011528693720020847
0.13,47,0.0006176950249054272
0.13,48,-0.00019067695548414658
0.13,49,-0.0001376501027533707
0.13,50,-4.122429781715748e-5
0.13,51,-0.00015657723881535714
0.13,52,0.0020398515368208864
0.13,53,-0.0010741540025587834
0.13,54,0.00038235698752027636
0.13,55,-0.000405636767051992
0.13,56,0.0023745032349913545
0.13,57,0.0006694691122383337
0.13,58,-0.0009737570672653569
0.13,59,0.0008967691075197612
0.13,60,-0.0014226970044856715
0.13,61,0.002168622096896199
0.13,62,-4.569846543306326e-5
0.13,63,0.0013331024173412502
0.13,64,-0.0007511224527253287
0.13,65,0.00029035013841860404
0.13,66,0.0017096672292071327
0.13,67,0.0011791548824902137
0.13,68,-0.00019869920498552233
0.13,69,0.0003661050258848916
0.13,70,0.0017593844864437801
0.13,71,-0.0024397736842256745
0.13,72,0.0006473244393299475
0.13,73,0.0001685278660508457
0.13,74,-0.0007054404401232353
0.13,75,-0.0008794540701296069
0.13,76,0.000980933236321655
0.13,77,0.00020155386791185915
0.13,78,-1.8144373012925867e-5
0.13,79,0.0004932500991068303
0.13,80,0.0015637731144874946
0.13,81,0.0010212505469987185
0.13,82,0.00037742646488965784
0.13,83,-4.008590999064584e-5
0.13,84,0.0005814587392273729
0.13,85,-0.00011175924767949006
0.13,86,-0.0005937178042369417
0.13,87,0.0013194287108720156
0.13,88,0.00083920031343819
0.13,89,0.002319413071159469
0.13,90,-0.0006213468788055805
0.13,91,-0.0007025516992296978
0.13,92,0.0008469634833853047
0.13,93,0.0019053358113348007
0.13,94,0.002271530930600005
0.13,95,-5.421989390210199e-5
0.13,96,-0.00042427444728171187
0.13,97,0.00017186641194065505
0.13,98,0.000820084707873683
0.13,99,0.0014034009428894637
0.13,100,-0.0006774705728533534
0.13,101,-0.0005304721003864138
0.13,102,-0.0010013305148643653
0.13,103,0.0016813309139643382
0.13,104,-0.0009674588464368435
0.13,105,0.0009609129491425025
0.13,106,0.0013606830768024675
0.13,107,-0.0001689843170694854
0.13,108,0.00025605595754490425
0.13,109,-0.0002015190808392075
0.13,110,0.0005347065083411178
0.13,111,0.0020114954863293183
0.13,112,-0.0003856592290471996
0.13,113,-0.0012727486157382264
0.13,114,0.0016625559645472216
0.13,115,0.00047031236536313896
0.13,116,-0.0007677854527770226
0.13,117,0.0020332399763609717
0.13,118,0.0005531432704878836
0.13,119,0.0016216229260852717
0.13,120,-0.00011427561172968229
0.13,121,-0.0006285092011319792
0.13,122,-0.0004165276755761462
0.13,123,0.0006713599907958869
0.13,124,0.00013446929932313666
0.13,125,0.0006685757675037912
0.13,126,5.550633371855726e-6
0.13,127,0.00030996817034622783
0.13,128,-0.0006878695709506995
0.13,129,0.0005099761458452796
0.13,130,7.076276664905823e-5
0.13,131,0.0003007053199312302
0.13,132,0.00028063933039237677
0.13,133,0.0003230629726098175
0.13,134,0.0012093865500521683
0.13,135,-0.0021095610891610226
0.13,136,0.0007628033608413501
0.13,137,-0.00020521072065702618
0.13,138,-0.0005090019400390598
0.13,139,0.0024678120677571603
0.13,140,-0.0005153230329721862
0.13,141,0.0003760542396532846
0.13,142,-0.0003933877606234016
0.13,143,0.0008587602320051963
0.13,144,-0.0002355768380890081
0.13,145,0.0006084995905501741
0.13,146,0.0007003658823658199
0.13,147,-0.000637820215279221
0.13,148,0.0017657496894063814
0.13,149,-0.0010350834532628632
0.13,150,0.0017214186066118737
0.13,151,-8.720352322983158e-5
0.13,152,0.002198734155236025
0.13,153,0.0006954579439307627
0.13,154,0.00041482827029338957
0.13,155,-0.00026510559724357053
0.13,156,0.0025110544770411743
0.13,157,0.00018793508858316437
0.13,158,0.0016483585445392936
0.13,159,-0.000740683610488247
0.13,160,0.0005369418885145958
0.13,161,-0.0003552525647211106
0.13,162,0.0032269216535150804
0.13,163,-0.0012725675657765802
0.13,164,0.0007628408525425549
0.13,165,0.0021466783582163454
0.13,166,0.001815299398973106
0.13,167,0.00010078650864077196
0.13,168,-0.00030974571346505033
0.13,169,-0.0008490932805222658
0.13,170,0.0012896044660979141
0.13,171,0.0015837389576043683
0.13,172,0.0015723393257569044
0.13,173,0.0008123783040656777
0.13,174,0.0008121239612948108
0.13,175,-8.167486560056931e-5
0.13,176,0.0015993908965030498
0.13,177,-0.0015928285262240837
0.13,178,0.0012056245402094136
0.13,179,0.003418892823585413
0.13,180,0.0020462758756718876
0.13,181,-0.0021534055656673816
0.13,182,0.0014595603609139597
0.13,183,0.0010938835629742683
0.13,184,0.002314726204648873
0.13,185,0.0018698232978043247
0.13,186,0.0035362547111559097
0.13,187,0.004304675843805902
0.13,188,0.0043491712769054254
0.13,189,0.0006864205375949572
0.13,190,0.013519797662006448
0.13,191,0.002574652617091738
0.13,192,0.10795979027740107
0.13,193,-0.00015357669534888532
0.13,194,0.0007473953909299727
0.13,195,-0.0009057500446439268
0.13,196,0.000574232922893865
0.13,197,-3.330486018382781e-5
0.13,198,0.001409668714131237
0.14,intercept,0.007320150097427247
0.14,1,0.0022317818739224352
0.14,2,0.00038715549042795284
0.14,3,0.002714284040514821
0.14,4,0.0011302138984016711
0.14,5,0.0006842991216454929
0.14,6,0.001273862837018766
0.14,7,-0.0003329372085054686
0.14,8,0.00010954873658341845
0.14,9,0.0008484322370558331
0.14,10,-0.0004447667460324023
0.14,11,0.0021823576027619773
0.14,12,-0.002239855890162116
0.14,13,0.0022911835794497903
0.14,14,-0.00282050584238498
0.14,15,0.0018550104850721828
0.14,16,0.00026133412448383616
0.14,17,0.00022517864149332694
0.14,18,0.000917312265977651
0.14,19,-8.401963307020445e-5
0.14,20,-6.062170529434238e-5
0.14,21,-0.00018930798500284038
0.14,22,0.0003562499502545229
0.14,23,0.000854071251726876
0.14,24,0.001349333391426841
0.14,25,-0.0013723227132247978
0.14,26,-0.0003319257607857412
0.14,27,3.556592890491099e-5
0.14,28,0.0004857975733796909
0.14,29,0.001275589614086712
0.14,30,-0.0010500418387494978
0.14,31,0.0006113494962230541
0.14,32,-0.0012937163268123932
0.14,33,0.0018009632741007974
0.14,34,-0.002110568109024883
0.14,35,0.0008526044190019338
0.14,36,0.0006555005013531078
0.14,37,0.00027382668456088835
0.14,38,0.0009952673146127705
0.14,39,-0.0005703766662498437
0.14,40,0.0003945721167625399
0.14,41,-0.0014601156300645484
0.14,42,0.0018383823324724755
0.14,43,-1.6004189759413262e-5
0.14,44,-0.0005352384048643678
0.14,45,-0.0003412135909586789
0.14,46,-0.00034472137959765716
0.14,47,0.0009892547746651386
0.14,48,-0.0001090175994202812
0.14,49,-0.00011927222514238209
0.14,50,0.00015508331412358547
0.14,51,0.00019531793743063152
0.14,52,0.0017743074294192423
0.14,53,-0.000994097922498045
0.14,54,0.0001822424063542761
0.14,55,-0.00011843200498002194
0.14,56,0.0021270247668716165
0.14,57,0.0009085739386916895
0.14,58,-0.001303443643688561
0.14,59,0.0012705137820809686
0.14,60,-0.0014006300694818091
0.14,61,0.0017138697961471949
0.14,62,1.063112076045465e-5
0.14,63,0.0013599578899983792
0.14,64,-0.0009544613334995112
0.14,65,0.0003251830941261767
0.14,66,0.0016978887404989883
0.14,67,0.0007556204403060249
0.14,68,-0.0002918784421380449
0.14,69,0.0007019001682193258
0.14,70,0.0017652299969381697
0.14,71,-0.0023496930202542565
0.14,72,0.0005957695931376735
0.14,73,0.0005914687821960342
0.14,74,-0.0004105316874429562
0.14,75,-0.0012666528341303157
0.14,76,0.0012384279213506662
0.14,77,4.8549403422562445e-5
0.14,78,7.015925669692971e-5
0.14,79,0.00048182077905650013
0.14,80,0.0014386875333859915
0.14,81,0.0010038189024794046
0.14,82,0.0004787424752604539
0.14,83,-0.00022047635907040288
0.14,84,0.0005725588730135331
0.14,85,0.0002093597807709168
0.14,86,-0.000818332580089035
0.14,87,0.001432633619433492
0.14,88,0.0009293888884487186
0.14,89,0.001964393361460765
0.14,90,-0.0004612203856429187
0.14,91,-0.0013706470024805442
0.14,92,0.0020346864823518472
0.14,93,0.001531614147939623
0.14,94,0.0026041452610569365
0.14,95,-0.0002642976591798461
0.14,96,-6.931806560928405e-5
0.14,97,0.0004697390268108562
0.14,98,0.0005594796095555869
0.14,99,0.001628160980396968
0.14,100,-0.001299438636414187
0.14,101,0.00023950316103410783
0.14,102,-0.0011535550975433284
0.14,103,0.0015852896291302981
0.14,104,-0.0006264340061185447
0.14,105,0.0006087520327971912
0.14,106,0.0011997651344133077
0.14,107,-5.210178986202754e-5
0.14,108,0.0004402845280652281
0.14,109,-0.00028983815533851516
0.14,110,0.0010322783509228001
0.14,111,0.0011080016489664096
0.14,112,0.00020959672744602534
0.14,113,-0.0015194054482795107
0.14,114,0.0017274727417072985
0.14,115,0.00014506756340154024
0.14,116,-0.00044917601156704157
0.14,117,0.0014991383706164537
0.14,118,0.0007846366531329031
0.14,119,0.0015068593497587473
0.14,120,0.00037314032016503337
0.14,121,-0.001433823445368748
0.14,122,1.9848636653635142e-5
0.14,123,0.00037478923676435903
0.14,124,0.00048683541262588655
0.14,125,0.00042589343022890675
0.14,126,-0.00014402347154059223
0.14,127,-2.3062385688818357e-5
0.14,128,0.00018911403608466422
0.14,129,0.0002756641068266883
0.14,130,0.00021331461619727732
0.14,131,-0.0002413918720172169
0.14,132,0.0001616745012082265
0.14,133,0.0006141566072024118
0.14,134,0.0009812932186948654
0.14,135,-0.0018346845369915286
0.14,136,0.0005208295767123465
0.14,137,3.05440195323938e-5
0.14,138,-0.0006157126884767019
0.14,139,0.002399455583229531
0.14,140,-0.0005925110426499688
0.14,141,0.0005667390296541237
0.14,142,-0.000702741219077628
0.14,143,0.0010425465602859185
0.14,144,-0.0003456083539688275
0.14,145,0.001148598611405795
0.14,146,0.00044034342128574543
0.14,147,-0.0004554937529585684
0.14,148,0.0017896795982109371
0.14,149,-0.0011129265609322282
0.14,150,0.0015485677075103368
0.14,151,0.0001608912989058179
0.14,152,0.0026864031174197636
0.14,153,0.00020874069288463772
0.14,154,0.0005592604212552625
0.14,155,-0.0006237685771821947
0.14,156,0.002959335819280328
0.14,157,4.77279227160403e-5
0.14,158,0.0014296082982223378
0.14,159,-0.0007241708101850064
0.14,160,0.000486898060949278
0.14,161,-0.0002855010003765634
0.14,162,0.0031802938133596343
0.14,163,-0.0008783787876505223
0.14,164,0.0005216657449019716
0.14,165,0.0023150260446514258
0.14,166,0.0018403518630162497
0.14,167,7.370940353497236e-5
0.14,168,-0.0002932904036280098
0.14,169,-0.0006742153338217723
0.14,170,0.0013526158865449572
0.14,171,0.0015824465334753999
0.14,172,0.0015209261630086388
0.14,173,0.0008548923725644104
0.14,174,0.0011184133292490629
0.14,175,-0.00035574163371155466
0.14,176,0.001553960509872237
0.14,177,-0.0014244932264504597
0.14,178,0.0008559712691347698
0.14,179,0.003746028011023904
0.14,180,0.001721548064926492
0.14,181,-0.0018878138490999023
0.14,182,0.0010663731854300737
0.14,183,0.0010665509440591615
0.14,184,0.001746082776728481
0.14,185,0.002356268147438677
0.14,186,0.003114092489714429
0.14,187,0.005094069515615927
0.14,188,0.004302498682255436
0.14,189,0.0004980523545892996
0.14,190,0.014687223690188328
0.14,191,0.001656740997435394
0.14,192,0.11218903792211114
0.14,193,0.0002676814988195879
0.14,194,0.0007889132977489186
0.14,195,-0.000840153944914681
0.14,196,0.0005220866324108389
0.14,197,-4.235979778435643e-5
0.14,198,0.0013679161777718067
0.15,intercept,0.007401836857751505
0.15,1,0.002023613888552484
0.15,2,0.0004832270036314305
0.15,3,0.0026970759760152462
0.15,4,0.0009436108499430043
0.15,5,0.0007374749142538385
0.15,6,0.0014186887620306577
0.15,7,-0.0003169831924156957
0.15,8,0.00028537379603570947
0.15,9,0.0007355434580899742
0.15,10,-0.0009707333586366892
0.15,11,0.002037398798914129
0.15,12,-0.002089997574468445
0.15,13,0.0023979798796545373
0.15,14,-0.0031700063525238083
0.15,15,0.002320277991221012
0.15,16,-8.478263218094184e-6
0.15,17,0.00024054578975813188
0.15,18,0.0008351949134714619
0.15,19,1.9531656735112964e-5
0.15,20,-0.000273094583497782
0.15,21,0.00017938194146004655
0.15,22,0.00024272752392628114
0.15,23,0.0006262774029784619
0.15,24,0.0017171961554241799
0.15,25,-0.0013104171685274577
0.15,26,-0.0005363261510272755
0.15,27,0.00042134138536990845
0.15,28,0.0002838275973583649
0.15,29,0.001350609970664028
0.15,30,-0.0012445243472674926
0.15,31,0.0005395182196292655
0.15,32,-0.0012459435815404172
0.15,33,0.0018786126867359407
0.15,34,-0.002122217804337963
0.15,35,0.0008490054492517166
0.15,36,0.0007910951874346999
0.15,37,0.0001764762836186875
0.15,38,0.0009852744669493795
0.15,39,-0.0008395394068651313
0.15,40,0.0005000185456154817
0.15,41,-0.001539488477334299
0.15,42,0.001782432157943955
0.15,43,0.00012368464552535167
0.15,44,-0.0006266971941769901
0.15,45,-0.00038260410827228554
0.15,46,3.390436421974955e-5
0.15,47,0.0006491144429185363
0.15,48,0.0003165236149255773
0.15,49,-0.00033673527938738574
0.15,50,0.0005466695586323087
0.15,51,-6.0461954436927735e-5
0.15,52,0.0017548924495151515
0.15,53,-0.000991013644055451
0.15,54,-0.00029687118412021044
0.15,55,-0.00014298297106542641
0.15,56,0.001995459884824967
0.15,57,0.0011026145311419844
0.15,58,-0.0010303298274379064
0.15,59,0.0010912107597303323
0.15,60,-0.0009109676768847584
0.15,61,0.0013592259866605776
0.15,62,0.0005100146010990151
0.15,63,0.0011687534888317262
0.15,64,-0.0006682208520675685
0.15,65,-4.601082435561805e-5
0.15,66,0.002120830896736044
0.15,67,0.00023373044499654208
0.15,68,-0.000403849983382411
0.15,69,0.0010388436339287034
0.15,70,0.002201936963341283
0.15,71,-0.0020287147033230084
0.15,72,0.00032948564697190587
0.15,73,0.0008243201082170978
0.15,74,-0.000156733908700114
0.15,75,-0.0018407016895056981
0.15,76,0.001403791877433602
0.15,77,-0.000173515878024805
0.15,78,0.0005962891708298008
0.15,79,-0.0003521171755761726
0.15,80,0.002214392398226829
0.15,81,0.00024526532504889415
0.15,82,0.000650604036938105
0.15,83,-0.0002460568765471162
0.15,84,0.0005238752029579316
0.15,85,0.0010941786050976145
0.15,86,-0.0013291063327106804
0.15,87,0.0016380322032624828
0.15,88,0.000998777883496713
0.15,89,0.0012433395904420368
0.15,90,0.00012127252236001436
0.15,91,-0.0017754847448291718
0.15,92,0.0019872371105407174
0.15,93,0.0017000877666140538
0.15,94,0.002724788859484058
0.15,95,-0.0002253202200778258
0.15,96,-0.0004308402914917384
0.15,97,0.0009335126402543021
0.15,98,0.0004472938185068985
0.15,99,0.0016705461483046931
0.15,100,-0.0010390497250353007
0.15,101,0.00022875630177390758
0.15,102,-0.0008098272482791672
0.15,103,0.0013489395887473072
0.15,104,-0.000540801719043946
0.15,105,0.0005455785004009696
0.15,106,0.0010108455782310097
0.15,107,5.535581497267044e-6
0.15,108,0.0006552786609276556
0.15,109,-0.0003543154339428492
0.15,110,0.0009905762649116882
0.15,111,0.001524935303732671
0.15,112,-0.0003176516544002927
0.15,113,-0.001025982120955149
0.15,114,0.0009749152673958098
0.15,115,0.0002649034109865884
0.15,116,8.74678676643316e-5
0.15,117,0.0011416036839403622
0.15,118,0.0005112671039533146
0.15,119,0.001494731366623505
0.15,120,0.0002920305554986476
0.15,121,-0.001556353935361746
0.15,122,0.00028466406404514555
0.15,123,6.864706478613802e-5
0.15,124,0.0004881595152093685
0.15,125,0.0003710099071922714
0.15,126,0.00016889141000667039
0.15,127,0.00020339687182460367
0.15,128,-0.00015916882694777328
0.15,129,0.0004391328093299269
0.15,130,8.968300355569047e-5
0.15,131,-0.00022548430828827422
0.15,132,0.0004228634232000883
0.15,133,0.00019038265626142515
0.15,134,0.0011221622913045824
0.15,135,-0.0019523175746863017
0.15,136,0.00032747101036803794
0.15,137,0.000159181742770514
0.15,138,-0.000780435386127449
0.15,139,0.002432525694543065
0.15,140,-0.0006381941048082342
0.15,141,0.0009173391648401496
0.15,142,-0.0010294951176845603
0.15,143,0.0010603345093653366
0.15,144,-0.0003570851918650555
0.15,145,0.000992216849325564
0.15,146,0.0008136560306814897
0.15,147,-0.0006729662803622838
0.15,148,0.0020039152427058027
0.15,149,-0.0010592778331787933
0.15,150,0.001699568358429252
0.15,151,-3.6192599551065973e-6
0.15,152,0.0024345288153588733
0.15,153,0.00021725069094051826
0.15,154,0.0006096799287236295
0.15,155,-0.00031659405226679247
0.15,156,0.0025761643572209504
0.15,157,0.00040464120602507294
0.15,158,0.000740822467450002
0.15,159,4.476636870598881e-5
0.15,160,-0.00024408199623986412
0.15,161,4.103263159328851e-5
0.15,162,0.003064279474671257
0.15,163,-0.000651451877788036
0.15,164,0.0006486035044784245
0.15,165,0.002282729648165522
0.15,166,0.0023654296189952375
0.15,167,-2.313202718290085e-5
0.15,168,-0.000352812984690541
0.15,169,-0.0006423881618320683
0.15,170,0.0017282684728214186
0.15,171,0.0014479238551016239
0.15,172,0.0012602361036906536
0.15,173,0.0007421254648785735
0.15,174,0.001016959936063008
0.15,175,-0.00010790625779758525
0.15,176,0.001792002553775369
0.15,177,-0.0014785950584967947
0.15,178,0.0005647594673758077
0.15,179,0.003896936377683936
0.15,180,0.0022054163254342693
0.15,181,-0.0020609198350109393
0.15,182,0.0010667703228164403
0.15,183,0.0010516240279299326
0.15,184,0.0012827955213311046
0.15,185,0.0026086973727022875
0.15,186,0.0030369435383404276
0.15,187,0.005420083262092552
0.15,188,0.003615003211917314
0.15,189,0.00047714455147624367
0.15,190,0.015140875542595637
0.15,191,0.0014924160603546719
0.15,192,0.11929479113549733
0.15,193,0.0003034514297425308
0.15,194,0.0009027552007485353
0.15,195,-0.0008295803522143359
0.15,196,0.00048109593757971023
0.15,197,-7.585270449925532e-5
0.15,198,0.0013420604274838603
0.16,intercept,0.007473938653105768
0.16,1,0.0018098924938089436
0.16,2,0.0006703088771793366
0.16,3,0.002389531005877937
0.16,4,0.0008000461295865255
0.16,5,0.0007765094491098915
0.16,6,0.0014180048315504483
0.16,7,0.00017487497449002
0.16,8,0.00031203369224834624
0.16,9,0.0010671945214411121
0.16,10,-0.0013085662971266908
0.16,11,0.0021752241454520292
0.16,12,-0.0022813642881528797
0.16,13,0.0026454270124721267
0.16,14,-0.0033497534587581044
0.16,15,0.0022217731748100985
0.16,16,-0.0002758201882518869
0.16,17,0.00037630305125314363
0.16,18,0.0011355291789920373
0.16,19,-8.122238798121427e-5
0.16,20,-0.00028340009103464115
0.16,21,0.00015923954121634234
0.16,22,0.0004636941335941552
0.16,23,0.0006013482849950888
0.16,24,0.001590681672149592
0.16,25,-0.001448055330778976
0.16,26,-0.0004434523510015017
0.16,27,0.0003319538238366617
0.16,28,0.00028422183859356273
0.16,29,0.0013580336358457884
0.16,30,-0.0015070364210205737
0.16,31,0.0007991686816612195
0.16,32,-0.000820872186420433
0.16,33,0.0015434284736121579
0.16,34,-0.0021281590936626242
0.16,35,0.0007970822824311753
0.16,36,0.0005729311220172891
0.16,37,0.0004353866102780361
0.16,38,0.0008581979182910053
0.16,39,-0.0006801700334124132
0.16,40,0.000520470708887616
0.16,41,-0.0015027844843726803
0.16,42,0.0015605872418069286
0.16,43,0.00028561883606402754
0.16,44,-0.0004552294291230601
0.16,45,-0.0008424538667431735
0.16,46,0.0001607639556304042
0.16,47,0.0007350702824328669
0.16,48,7.590367092302706e-5
0.16,49,-0.0004135403364996322
0.16,50,0.0005619013368453185
0.16,51,4.4015681248616083e-5
0.16,52,0.0017472910413786017
0.16,53,-0.0008689825388684038
0.16,54,-0.0005185296106611501
0.16,55,8.898509366912251e-6
0.16,56,0.0017742161588475919
0.16,57,0.0011515245434954476
0.16,58,-0.0009539685382546281
0.16,59,0.0012048772564218102
0.16,60,-0.0007630535601256409
0.16,61,0.0011816774260247056
0.16,62,0.0005215120444838885
0.16,63,0.0010724627187113582
0.16,64,-0.0004938830689025043
0.16,65,0.0004008500382224837
0.16,66,0.0016255488627201005
0.16,67,0.0005475303743921542
0.16,68,-0.0005951709896927597
0.16,69,0.0013366757765528522
0.16,70,0.0018636401510075137
0.16,71,-0.0021819531219843843
0.16,72,0.0007106298469682657
0.16,73,0.0003604810079297384
0.16,74,-0.00028008361757487615
0.16,75,-0.0019931979420919326
0.16,76,0.0009886103580280298
0.16,77,-0.00010859341857951993
0.16,78,0.0005755618440551216
0.16,79,-0.0004739028545504538
0.16,80,0.0019294084409669358
0.16,81,0.00048644646624487807
0.16,82,0.0005583697270647787
0.16,83,1.4711076430262876e-5
0.16,84,0.0007208883543870064
0.16,85,0.0009866489365294806
0.16,86,-0.0010869389963903452
0.16,87,0.0019069227574745433
0.16,88,0.0004935589278475339
0.16,89,0.0013444275246000915
0.16,90,0.00045537704863232915
0.16,91,-0.002008078494283822
0.16,92,0.002883056539863642
0.16,93,0.001298123580694966
0.16,94,0.0027149237291321494
0.16,95,-0.0002870340700505562
0.16,96,-0.0004068624661630686
0.16,97,0.0005907092500422175
0.16,98,0.0005464254561654722
0.16,99,0.0014959589396491863
0.16,100,-0.0012273125656663108
0.16,101,0.0005553243810578139
0.16,102,-0.00034239525390012196
0.16,103,0.0007610769132309768
0.16,104,-4.6659120255073926e-5
0.16,105,0.00024209651525401938
0.16,106,0.0011134890307309545
0.16,107,0.0001910669098093533
0.16,108,3.262969048798515e-5
0.16,109,6.507174649234941e-5
0.16,110,0.0006601313737699813
0.16,111,0.00215810924560457
0.16,112,-0.0005180337120880078
0.16,113,-0.0010627330764502556
0.16,114,0.0010185070962465367
0.16,115,-0.00012704543157351139
0.16,116,0.00025550833552200785
0.16,117,0.0011499211045966704
0.16,118,0.0006469133519729242
0.16,119,0.0012477164991162833
0.16,120,0.0001837633778357377
0.16,121,-0.001654783124910707
0.16,122,0.0004037137853333954
0.16,123,0.000359340977623922
0.16,124,0.00037719613497359247
0.16,125,0.000252462016094901
0.16,126,0.00027179100898676756
0.16,127,0.00011214058924443597
0.16,128,8.631067103404993e-5
0.16,129,0.0001121530464483616
0.16,130,0.0002876962600484215
0.16,131,-0.00018235933093603703
0.16,132,0.0003472630238847387
0.16,133,0.00014463951793016456
0.16,134,0.0008677942276070913
0.16,135,-0.0017449234294254984
0.16,136,0.00022802863501923887
0.16,137,0.00019974795160197906
0.16,138,-0.0011737317275494266
0.16,139,0.002560254151177623
0.16,140,-0.00041978376496113585
0.16,141,0.0006992896199140967
0.16,142,-0.0010209725305820128
0.16,143,0.001093587517315768
0.16,144,-0.00014671429924950264
0.16,145,0.0006245260528647145
0.16,146,0.000922902862397818
0.16,147,-0.0007570556821069428
0.16,148,0.0020851903010962462
0.16,149,-0.0008020280595940366
0.16,150,0.0012061089327386285
0.16,151,0.00042943904680592154
0.16,152,0.0022022873999060404
0.16,153,0.0004252418647068184
0.16,154,0.00060651912643428
0.16,155,-0.0004729438883123079
0.16,156,0.0029496171829286456
0.16,157,0.00022149650376017708
0.16,158,0.0008517930038532158
0.16,159,0.00020886648621176282
0.16,160,-0.0003933313664977948
0.16,161,0.00031572014811459466
0.16,162,0.0026482775901096284
0.16,163,-0.00016787361544028475
0.16,164,0.00032015552317046824
0.16,165,0.0020477342775054343
0.16,166,0.0021211325527398777
0.16,167,0.00012305237395133898
0.16,168,0.00027474433543573393
0.16,169,-0.0008259688436030747
0.16,170,0.0019765886837879404
0.16,171,0.0012672681081552345
0.16,172,0.001297642691736307
0.16,173,0.0007019638005603719
0.16,174,0.0008513349221423575
0.16,175,2.133212436171426e-5
0.16,176,0.0016037670461876933
0.16,177,-0.001399368640732369
0.16,178,0.0006568038471710957
0.16,179,0.004111742647060577
0.16,180,0.0015404657318185894
0.16,181,-0.0017667552877246608
0.16,182,0.0008882774321575287
0.16,183,0.0010090542461743787
0.16,184,0.0009407021025114797
0.16,185,0.002947776947947327
0.16,186,0.0032194636210046016
0.16,187,0.004636076347170509
0.16,188,0.003915447761775084
0.16,189,0.0003956369998354766
0.16,190,0.015722427753677142
0.16,191,0.0014043689357907388
0.16,192,0.12760124471250053
0.16,193,0.00018983107125925103
0.16,194,0.0015434890880382912
0.16,195,-0.0008573875528818654
0.16,196,0.0005149217061703254
0.16,197,-8.610704028407662e-5
0.16,198,0.0013366183692205482
0.17,intercept,0.007615374805466887
0.17,1,0.0018866892219278942
0.17,2,0.00034782167273599734
0.17,3,0.0026951624747764418
0.17,4,0.0005047069553756197
0.17,5,0.0009235201480094717
0.17,6,0.0013388498981093363
0.17,7,0.0003818542557339456
0.17,8,0.00035781758236491375
0.17,9,0.0010464210543352755
0.17,10,-0.001504599950484733
0.17,11,0.0016640500986995377
0.17,12,-0.001552847439798254
0.17,13,0.0026182585165878867
0.17,14,-0.003570071462461609
0.17,15,0.0020676096001483483
0.17,16,-0.00025361600332961167
0.17,17,6.553654199414782e-5
0.17,18,0.0015998763785764762
0.17,19,-0.0002044710404326257
0.17,20,-0.00027908975623773606
0.17,21,0.0003330843320594482
0.17,22,0.00031596239952345206
0.17,23,0.0006367695837259597
0.17,24,0.001125965552980204
0.17,25,-0.001035285637436923
0.17,26,-0.0004540118757544914
0.17,27,0.00047314341394972647
0.17,28,0.0004837425310470017
0.17,29,0.0012126432276754963
0.17,30,-0.0011118253504051943
0.17,31,0.00048620977967674556
0.17,32,-0.0006091706258885464
0.17,33,0.0018723127078619413
0.17,34,-0.002224996907894704
0.17,35,0.0005818819920713371
0.17,36,0.0007168405482794953
0.17,37,0.0004645112801077244
0.17,38,0.0004926712993941171
0.17,39,-0.00028660070633954715
0.17,40,7.656507368231148e-5
0.17,41,-0.0014874120203940443
0.17,42,0.0012511634534262497
0.17,43,0.0006919698523614483
0.17,44,-0.0009048931394476648
0.17,45,-0.0004928240236527198
0.17,46,-1.9547518935546655e-5
0.17,47,0.0006948434240485795
0.17,48,0.0005749150221663606
0.17,49,-0.0002671729667284049
0.17,50,-1.2759133153861442e-5
0.17,51,0.0006775252194378309
0.17,52,0.001581183926680835
0.17,53,-0.0009312654432868096
0.17,54,-0.0007288753776911311
0.17,55,2.4013590330785586e-5
0.17,56,0.0018229426010107634
0.17,57,0.0012316791598188425
0.17,58,-0.0006995858969035947
0.17,59,0.0009898850454524949
0.17,60,-0.0008173766594539528
0.17,61,0.0015007227233802861
0.17,62,-4.2213151339632745e-5
0.17,63,0.0014067958658511527
0.17,64,-0.0004490005108881383
0.17,65,-0.0001688064636818488
0.17,66,0.0020504798024900055
0.17,67,0.0005956517464053015
0.17,68,-0.0011375346608911512
0.17,69,0.0015603326044111652
0.17,70,0.0016911703432123172
0.17,71,-0.0017083220128872982
0.17,72,0.0007671256997654994
0.17,73,6.811997927614538e-7
0.17,74,0.0001923380697918654
0.17,75,-0.0015960050182465978
0.17,76,0.0006122023606357698
0.17,77,0.00031702287160180584
0.17,78,0.0006213879242687805
0.17,79,-0.0006881317288783287
0.17,80,0.00179565616103641
0.17,81,0.0007156100425759356
0.17,82,0.00024039423589790028
0.17,83,0.00016126630893744594
0.17,84,0.0005901185831781058
0.17,85,0.0006310283271592999
0.17,86,-0.001203225224864984
0.17,87,0.0018750176736362554
0.17,88,0.0006656018429840726
0.17,89,0.0009860345693270241
0.17,90,0.0014806209032599152
0.17,91,-0.002902990220536255
0.17,92,0.003810269410102263
0.17,93,0.0010649927651313566
0.17,94,0.0026893793303820516
0.17,95,-0.0007872256434398062
0.17,96,-0.000155431547713377
0.17,97,0.0007829913988046165
0.17,98,0.0004790781161447898
0.17,99,0.0012770954878175065
0.17,100,-0.0011453088410528524
0.17,101,0.00024025998850777492
0.17,102,0.0002242350169839478
0.17,103,0.00027119206870033813
0.17,104,6.630717111753089e-6
0.17,105,0.0005041927881403871
0.17,106,0.001527630324174379
0.17,107,-0.0003413584642119069
0.17,108,0.00011650028413893193
0.17,109,0.00043629288501177265
0.17,110,0.0006948759023330185
0.17,111,0.00214955482543124
0.17,112,-0.0005972269285460018
0.17,113,-0.0010874109211333257
0.17,114,0.0008253760312709508
0.17,115,-3.7353243050718616e-5
0.17,116,0.0003286014001765427
0.17,117,0.0011425192554398006
0.17,118,0.0003562840175986686
0.17,119,0.0009413837703966799
0.17,120,0.0002743403751993013
0.17,121,-0.001044650432350807
0.17,122,0.00048271971116595967
0.17,123,0.000638611857286877
0.17,124,0.00020499355492243035
0.17,125,0.00022803108582457085
0.17,126,3.5952975116660545e-5
0.17,127,0.00048621437390157724
0.17,128,-0.0002588629010481046
0.17,129,0.00030540095176584924
0.17,130,0.00034450309429219213
0.17,131,-0.00025402794751045593
0.17,132,0.0003758384209399488
0.17,133,0.00038526517448884913
0.17,134,0.00012473352234495746
0.17,135,-0.0011794954984219845
0.17,136,0.00011226136834938402
0.17,137,-1.6030112694993258e-5
0.17,138,-0.001067132858299142
0.17,139,0.0022805475556284564
0.17,140,-0.0002773367636233414
0.17,141,0.0008453104536742378
0.17,142,-0.0005905083040606355
0.17,143,0.00059166483214384
0.17,144,0.0003351066943065862
0.17,145,0.00027237974029358756
0.17,146,0.0008750609795479507
0.17,147,-0.0006702269757015371
0.17,148,0.0019645609859015737
0.17,149,-0.0008637359636748137
0.17,150,0.0010603006206395583
0.17,151,0.0008211117012413185
0.17,152,0.002179799700693088
0.17,153,0.0006336152149323409
0.17,154,0.0008426173562035858
0.17,155,-0.0006987358575009078
0.17,156,0.0029139684789837713
0.17,157,-3.0583807507075017e-6
0.17,158,0.001075598563701631
0.17,159,-0.0001949199604876669
0.17,160,-0.0002041042181401757
0.17,161,0.0005371655906362097
0.17,162,0.0025347237400514424
0.17,163,7.834536078811986e-5
0.17,164,6.506824090653872e-5
0.17,165,0.0021353859902462475
0.17,166,0.0019421337994252592
0.17,167,0.0004367001001903487
0.17,168,0.00017600282871294874
0.17,169,-0.0008875363193977435
0.17,170,0.0017457550874875986
0.17,171,0.0016390481581474035
0.17,172,0.0008609617508913318
0.17,173,0.0008642821735093738
0.17,174,0.00047977048165379933
0.17,175,0.0003279869777961114
0.17,176,0.0012457093087831714
0.17,177,-0.0011760662325748235
0.17,178,0.0010146960746697277
0.17,179,0.004248540049119453
0.17,180,0.0015232418026360083
0.17,181,-0.0018525266010998337
0.17,182,0.0004037483460536857
0.17,183,0.0011850019554009478
0.17,184,0.0009768990844628575
0.17,185,0.003090936628136815
0.17,186,0.00262798915032552
0.17,187,0.004948786864272928
0.17,188,0.0037061642441404575
0.17,189,0.0007088596504092968
0.17,190,0.01587280485678285
0.17,191,0.001088662517236536
0.17,192,0.1323772370883224
0.17,193,-4.042995122842025e-5
0.17,194,0.0013625366829464844
0.17,195,-0.0008869454396811539
0.17,196,0.0004854985567848425
0.17,197,-8.493485036398848e-5
0.17,198,0.0013119868448933816
0.18,intercept,0.0076790991601797375
0.18,1,0.00210542590554148
0.18,2,0.0006932842997533026
0.18,3,0.0023836582876158112
0.18,4,0.0005799674520193095
0.18,5,0.0003043983853349732
0.18,6,0.0017178062289439045
0.18,7,0.00016302268983185898
0.18,8,0.0006287582961558722
0.18,9,0.0010379369930776968
0.18,10,-0.0010923537142293902
0.18,11,0.0013628121262385942
0.18,12,-0.0021110599353478723
0.18,13,0.0027608888288805982
0.18,14,-0.003136750215711806
0.18,15,0.0018588015286466596
0.18,16,-0.0003029198683273162
0.18,17,0.00029426930311291655
0.18,18,0.0015008475178251068
0.18,19,-0.0004548722205380659
0.18,20,0.00022899648214195123
0.18,21,-0.00022497992128412702
0.18,22,0.0010430189742466965
0.18,23,0.00020780122927909088
0.18,24,0.001254853022162939
0.18,25,-0.0010969715604806879
0.18,26,-0.0003976713641359476
0.18,27,0.00024990678617397183
0.18,28,0.00038568030270135726
0.18,29,0.0010614341155068905
0.18,30,-0.0008319993033091378
0.18,31,0.0001626320303407435
0.18,32,-0.00016342366358417277
0.18,33,0.0017157429560702914
0.18,34,-0.0025740779502533132
0.18,35,0.001045592215174109
0.18,36,0.0006655011503555816
0.18,37,0.0003089397012625885
0.18,38,0.0006852206004196593
0.18,39,-0.0006184436688088944
0.18,40,0.00045272809165723796
0.18,41,-0.0016114106446712608
0.18,42,0.0013438735809942516
0.18,43,0.0005561167901781463
0.18,44,-0.0007127257928468311
0.18,45,-0.0007296631050219051
0.18,46,0.00029981127961172915
0.18,47,0.00024321927260461098
0.18,48,0.000618439772846054
0.18,49,-8.006473187322747e-5
0.18,50,-0.0001966362710430483
0.18,51,0.0010172291179763428
0.18,52,0.0010663110224141273
0.18,53,-0.0006269509341626682
0.18,54,-0.0008078960612589943
0.18,55,-0.0004648841765074407
0.18,56,0.0022888116084005265
0.18,57,0.0009947280328376521
0.18,58,-0.0004886155253972669
0.18,59,0.0008317908399257094
0.18,60,-0.00026379198216187785
0.18,61,0.0013801882234595747
0.18,62,-0.00032428256253565256
0.18,63,0.0011847524227151093
0.18,64,-0.0006603047381342003
0.18,65,0.0005363474556314911
0.18,66,0.00199090855926011
0.18,67,0.00035460969288429923
0.18,68,-0.0011610574902301868
0.18,69,0.0016166702187105067
0.18,70,0.0014320400484094365
0.18,71,-0.0015583175924130908
0.18,72,0.0010319729488780505
0.18,73,-9.05605262539107e-5
0.18,74,0.00038285478455931613
0.18,75,-0.0014058827534680525
0.18,76,0.00038156902839773024
0.18,77,0.00019418456353942825
0.18,78,0.0004770386341592291
0.18,79,-0.0006437701606613277
0.18,80,0.0016304427939043012
0.18,81,0.001077937484133529
0.18,82,-0.0005328137695603176
0.18,83,0.0005000593421233377
0.18,84,0.00022351274987365854
0.18,85,0.0010032571145589225
0.18,86,-0.0013261066609488777
0.18,87,0.0018564893346776706
0.18,88,0.0006473189919776415
0.18,89,0.00112174728349993
0.18,90,0.0015513139223304107
0.18,91,-0.0028126245082077963
0.18,92,0.0034066370777484254
0.18,93,0.0016965189264922527
0.18,94,0.002475657226627714
0.18,95,-0.0005509809676241774
0.18,96,-0.000594861330907388
0.18,97,0.0009227519270390596
0.18,98,0.0005487788746059892
0.18,99,0.0011226914665557822
0.18,100,-0.0009129441230717452
0.18,101,-5.8800700123569694e-5
0.18,102,0.0008070692450379231
0.18,103,-0.00037689473251485765
0.18,104,0.00040940053461767964
0.18,105,0.0002658455637069669
0.18,106,0.0015830321959417757
0.18,107,-0.00022636494365932693
0.18,108,0.00011245599454228466
0.18,109,0.00034550916226470035
0.18,110,0.00078313210686469
0.18,111,0.0020498121322543696
0.18,112,-0.0003331569218850456
0.18,113,-0.0012217388559308572
0.18,114,0.0007570191552033437
0.18,115,-4.073235100450154e-5
0.18,116,0.0005200863854709538
0.18,117,0.001116328399720466
0.18,118,0.00024548170748092517
0.18,119,0.0008740816954001752
0.18,120,0.0005895504886658396
0.18,121,-0.0009763090350001562
0.18,122,0.0003463146161078173
0.18,123,0.0006241287776409809
0.18,124,0.0001598418558209523
0.18,125,-5.508478938990151e-5
0.18,126,0.00035813917414316006
0.18,127,0.0004899075469844119
0.18,128,-0.00028937854592409366
0.18,129,0.0003052242333006804
0.18,130,0.00027680288641251087
0.18,131,-0.0003303574327737068
0.18,132,0.0005351832357523707
0.18,133,0.00030781774623198516
0.18,134,0.00023827529284894608
0.18,135,-0.001129695975875875
0.18,136,9.664115787283914e-5
0.18,137,-0.0002862842450589082
0.18,138,-0.0005755471009004672
0.18,139,0.0017619995390506689
0.18,140,-0.00010290586242537943
0.18,141,0.000958996507149611
0.18,142,-0.00043649945071379167
0.18,143,0.0002131571837892223
0.18,144,0.0003072977492321618
0.18,145,0.0005826381557486766
0.18,146,0.0006136504461921493
0.18,147,-0.0005122619688431938
0.18,148,0.0019625772282836273
0.18,149,-0.0006665977037158815
0.18,150,0.0009932669771061358
0.18,151,0.0010187867132132639
0.18,152,0.0019653365217767657
0.18,153,0.000668307682721969
0.18,154,0.0009057284887786909
0.18,155,-0.0006563161735248637
0.18,156,0.0025649073784840097
0.18,157,0.0004369751241929571
0.18,158,0.0008257336185407082
0.18,159,-6.737754770789591e-5
0.18,160,-0.00019033077686386374
0.18,161,0.0008798284476814847
0.18,162,0.0023689961890455045
0.18,163,-3.0187625452527688e-5
0.18,164,0.00012684898220524874
0.18,165,0.0018881326120109851
0.18,166,0.0017385312305050332
0.18,167,0.0005487030528314249
0.18,168,-0.00022041975050437056
0.18,169,-0.0005611219123352071
0.18,170,0.0021621779073050466
0.18,171,0.001173951520191576
0.18,172,0.0010856105425399705
0.18,173,0.0004426327742959598
0.18,174,0.001156599370287913
0.18,175,0.00011039607599647401
0.18,176,0.0015238175173747951
0.18,177,-0.0016237481700664678
0.18,178,0.001066201938487544
0.18,179,0.0044018027305765825
0.18,180,0.0012317325284256417
0.18,181,-0.0017905732236687733
0.18,182,0.00036961276714210436
0.18,183,0.001108220630230176
0.18,184,0.0010845376440818978
0.18,185,0.0028308391842135844
0.18,186,0.0024864362014034363
0.18,187,0.005130349656484948
0.18,188,0.003439733240723073
0.18,189,0.0016236775017122263
0.18,190,0.01626354818605502
0.18,191,-0.00010198008176910347
0.18,192,0.13895738386285894
0.18,193,0.00031708662861417103
0.18,194,0.001783571543019157
0.18,195,-0.0009013194385497377
0.18,196,0.0005124251570330701
0.18,197,-9.949826234785172e-5
0.18,198,0.0012909321532771321
0.19,intercept,0.007731283154541741
0.19,1,0.0021601554414793812
0.19,2,0.000491132995825172
0.19,3,0.0024134702045158734
0.19,4,0.00020996651030158396
0.19,5,0.0004047809440454773
0.19,6,0.00166063902652858
0.19,7,0.00039671925353372117
0.19,8,0.000598738069733102
0.19,9,0.0008160968504540638
0.19,10,-0.0009814414897080478
0.19,11,0.0011744530076630766
0.19,12,-0.0018371194580230911
0.19,13,0.0028078369659166654
0.19,14,-0.0034631828501252514
0.19,15,0.0020249280886509118
0.19,16,-0.0003708680669506934
0.19,17,-0.0001651302233401317
0.19,18,0.0013440465835153305
0.19,19,-0.0004151887508537102
0.19,20,0.000233739544854275
0.19,21,0.00018034643312965628
0.19,22,0.0011982772077637808
0.19,23,-8.933785087022113e-6
0.19,24,0.0014328260926462512
0.19,25,-0.0013314811179359974
0.19,26,-0.000616488790123758
0.19,27,0.0006146607617967725
0.19,28,0.00032863720186454657
0.19,29,0.0011271467224922625
0.19,30,-0.0009328174710164621
0.19,31,0.00027546971536085966
0.19,32,-0.0005274140604611286
0.19,33,0.0017958153665980324
0.19,34,-0.002662473195790285
0.19,35,0.0008793159683996915
0.19,36,0.0007809662082040831
0.19,37,0.00013251093702393413
0.19,38,0.0008438851549633853
0.19,39,-0.0009949562245858577
0.19,40,0.000942306816210125
0.19,41,-0.002027965217195577
0.19,42,0.001677572438314017
0.19,43,0.0005166302789971819
0.19,44,-0.0007575365178166172
0.19,45,-0.0005823217972324211
0.19,46,-0.00014588585729090854
0.19,47,0.0004643793427659882
0.19,48,0.00045167566933016656
0.19,49,-3.999155336564942e-5
0.19,50,1.257246306326747e-5
0.19,51,0.0009918226137820509
0.19,52,0.001313120109023989
0.19,53,-0.00048637288148459544
0.19,54,-0.0008351333200290283
0.19,55,-0.0007114380770477962
0.19,56,0.0026060141456505227
0.19,57,0.0005299303348392101
0.19,58,7.237588519947147e-5
0.19,59,0.0007468303061790939
0.19,60,-0.00014704509794695962
0.19,61,0.0013223513960273399
0.19,62,-0.0005781642437913534
0.19,63,0.0012038834703236175
0.19,64,-0.0006090710935217478
0.19,65,0.0009424729279720321
0.19,66,0.0017692707353672641
0.19,67,0.0002626246715652628
0.19,68,-0.0009871651063363743
0.19,69,0.0015424901657604562
0.19,70,0.001269974107678895
0.19,71,-0.0012326205961871051
0.19,72,0.0004971607134859875
0.19,73,4.926723678471656e-5
0.19,74,4.134362595076241e-5
0.19,75,-0.0011049314277602462
0.19,76,0.00025732325461769385
0.19,77,0.00017282263263596295
0.19,78,0.0005624141347126008
0.19,79,-0.0008989867693643223
0.19,80,0.0016978325986014666
0.19,81,0.0010022868540412201
0.19,82,-0.0006441308006766554
0.19,83,0.000690963775738358
0.19,84,-0.0004537956747989619
0.19,85,0.0018505996583355535
0.19,86,-0.0018137563597665873
0.19,87,0.002117263164091424
0.19,88,0.00047492174503334546
0.19,89,0.0009280523509364793
0.19,90,0.0017155844267972872
0.19,91,-0.0030949644804520973
0.19,92,0.003950875269747529
0.19,93,0.0017589954155453542
0.19,94,0.0022971262510706816
0.19,95,9.136692172227353e-5
0.19,96,-0.0010038308001000878
0.19,97,0.0006375809858799302
0.19,98,0.0008931378515905143
0.19,99,0.0009396567594447041
0.19,100,-0.0007201097748695868
0.19,101,-0.0002174723456177619
0.19,102,0.001281933795432313
0.19,103,-0.0003518519877520736
0.19,104,0.00031501319912024915
0.19,105,0.00015027556047730623
0.19,106,0.0013264965965068026
0.19,107,0.0001602161517533828
0.19,108,-5.714179963521948e-5
0.19,109,3.0720779607818336e-5
0.19,110,0.0009525821527144261
0.19,111,0.0019350687770198238
0.19,112,-0.00013107794937396923
0.19,113,-0.001103719097531021
0.19,114,0.0009297905410686073
0.19,115,-7.188891369436992e-5
0.19,116,0.00026980201687919794
0.19,117,0.001336241184103186
0.19,118,0.0003993492716610304
0.19,119,0.00040978459469718744
0.19,120,0.0008348256982754743
0.19,121,-0.0008612538195464657
0.19,122,0.0004274136493094688
0.19,123,0.0005443170529020433
0.19,124,0.0002517259654123341
0.19,125,-0.00012070572708751169
0.19,126,0.0005902419187793363
0.19,127,0.00026390086994405247
0.19,128,-0.0004466261158107704
0.19,129,0.00040091493828815495
0.19,130,0.0004184176230733372
0.19,131,-0.00037625910001677095
0.19,132,0.0007562069295798287
0.19,133,0.00011993784066147767
0.19,134,0.000347139458378364
0.19,135,-0.0008798688056786402
0.19,136,6.293738418323294e-5
0.19,137,7.875627323739528e-5
0.19,138,-0.0007114325069268965
0.19,139,0.0015248227400087965
0.19,140,0.00014720340629851032
0.19,141,0.0008371477647589828
0.19,142,-0.000399910902933327
0.19,143,5.362805650759999e-5
0.19,144,0.0004317802336801156
0.19,145,0.0002077258715088109
0.19,146,0.0011024271876613422
0.19,147,-0.0008802342607269176
0.19,148,0.0023585060687442683
0.19,149,-0.0006314399903352757
0.19,150,0.0010933739359230367
0.19,151,0.0006239270267742532
0.19,152,0.0021846521751145284
0.19,153,0.0006877347527650191
0.19,154,0.001250233398907195
0.19,155,-0.0011311983343380173
0.19,156,0.002547739559454949
0.19,157,0.0004949047361299666
0.19,158,0.0010572932305856894
0.19,159,-0.00015613882764609424
0.19,160,0.00036125923528684085
0.19,161,0.000659427499881851
0.19,162,0.0022581642532350167
0.19,163,-0.00021553535248696495
0.19,164,2.5829755938827803e-5
0.19,165,0.0016681553976927092
0.19,166,0.0018361617662465545
0.19,167,0.0005639227190012751
0.19,168,-0.00032901126249683507
0.19,169,-0.0002426227915700929
0.19,170,0.0021108855168228283
0.19,171,0.0009881787264936874
0.19,172,0.001027274688757212
0.19,173,0.001194493376250467
0.19,174,0.0008467690819360238
0.19,175,0.0004605224851543574
0.19,176,0.0018955999857426678
0.19,177,-0.0018629507733240287
0.19,178,0.0011435208964871697
0.19,179,0.004208202367908889
0.19,180,0.0013171495982612048
0.19,181,-0.0021901366017152476
0.19,182,0.0006289313921415032
0.19,183,0.0007784956188276401
0.19,184,0.0008376400255407624
0.19,185,0.002328987383732583
0.19,186,0.0030515659648829127
0.19,187,0.005219600194172703
0.19,188,0.004130753832809128
0.19,189,0.0007289017808150776
0.19,190,0.017227441813086743
0.19,191,-0.0003676269339814706
0.19,192,0.14502965860028916
0.19,193,0.000327933306435349
0.19,194,0.0020963714812113517
0.19,195,-0.0009115518270330254
0.19,196,0.0005010123308644346
0.19,197,-0.00010178668497808421
0.19,198,0.0012633740952088114
0.2,intercept,0.0077674785578468065
0.2,1,0.0025287330579364204
0.2,2,0.00018827866604702485
0.2,3,0.0023665367228661084
0.2,4,0.00046280998526839373
0.2,5,2.8830923891472417e-5
0.2,6,0.0018020762966595143
0.2,7,1.6644139750541414e-6
0.2,8,0.0010780171619804938
0.2,9,0.00039101403165970987
0.2,10,-0.0009141600167259499
0.2,11,0.001171982210817049
0.2,12,-0.001910587384692514
0.2,13,0.0030167744992493483
0.2,14,-0.0036223650406331594
0.2,15,0.002266024497233377
0.2,16,-0.0006296031517078359
0.2,17,0.0001551997388070266
0.2,18,0.0013517529934795275
0.2,19,-0.0004972057058170187
0.2,20,0.00033012559436569426
0.2,21,-9.554292684908664e-5
0.2,22,0.0012589832705693332
0.2,23,4.716157548428313e-5
0.2,24,0.0014316760292984048
0.2,25,-0.0012634442882270313
0.2,26,-0.0008687754310107541
0.2,27,0.0008010565581350789
0.2,28,0.0003994991678848511
0.2,29,0.0012605418999252444
0.2,30,-0.0010339998375428676
0.2,31,-1.820358903942766e-5
0.2,32,-0.00036310324111887653
0.2,33,0.0018509714358152206
0.2,34,-0.002778259829930273
0.2,35,0.000828864479502459
0.2,36,0.000928615030722798
0.2,37,4.510810107486634e-5
0.2,38,0.0008885390701538094
0.2,39,-0.0010833929503914947
0.2,40,0.0007452387569591241
0.2,41,-0.0017863727615911836
0.2,42,0.0015557412318138175
0.2,43,0.000681357379780083
0.2,44,-0.0008243831510857919
0.2,45,-0.0006007530829925587
0.2,46,-0.00011099208234278772
0.2,47,0.0007054634231072721
0.2,48,0.000156226390139537
0.2,49,0.00019617194331486012
0.2,50,-0.000399046490782798
0.2,51,0.0011941746545504042
0.2,52,0.0015958189047369765
0.2,53,-0.0007860807254868082
0.2,54,-0.0007391001002210919
0.2,55,-0.0010285616530223156
0.2,56,0.0029732086891891803
0.2,57,0.00023904112272766053
0.2,58,-2.2960248050849636e-5
0.2,59,0.0008293637278440326
0.2,60,-0.00016007936141617223
0.2,61,0.0012469087327525062
0.2,62,-0.0006352909587841047
0.2,63,0.001350794630596573
0.2,64,-0.0007328470592426637
0.2,65,0.001299521501821596
0.2,66,0.00126426120363025
0.2,67,0.0007715078661724212
0.2,68,-0.000749083847236322
0.2,69,0.0014039614390019529
0.2,70,0.0013003879123800015
0.2,71,-0.0013071975199987007
0.2,72,0.00024393677292027335
0.2,73,-0.00021594464494296625
0.2,74,8.197131420165873e-5
0.2,75,-0.0006199893572734751
0.2,76,0.00046099973698978763
0.2,77,-6.389720417936553e-5
0.2,78,0.0008770615257200562
0.2,79,-0.0009498106703210901
0.2,80,0.001401941678991744
0.2,81,0.0009963046546241998
0.2,82,-0.0008469807179050236
0.2,83,0.0008684683954288054
0.2,84,-0.0004989103011908089
0.2,85,0.002191951956016518
0.2,86,-0.00197540095693494
0.2,87,0.0019199531272475394
0.2,88,0.00036138071441527137
0.2,89,0.0007493954574901406
0.2,90,0.002099565627316167
0.2,91,-0.003224486170137728
0.2,92,0.0038622219752493703
0.2,93,0.0018577115213888715
0.2,94,0.0017331767808663975
0.2,95,0.0005208980027796506
0.2,96,-0.001290583245199247
0.2,97,0.0007896482936251947
0.2,98,0.0010619034859825883
0.2,99,0.0008217918568774023
0.2,100,-0.000679802478371634
0.2,101,-0.0005060666702981131
0.2,102,0.00152224496987443
0.2,103,-0.00013359960063625504
0.2,104,-0.00013772842194686652
0.2,105,0.000580494153627401
0.2,106,0.0011289503384391132
0.2,107,0.00033943486271110855
0.2,108,-2.5522705841917836e-5
0.2,109,-0.00017475914556169854
0.2,110,0.0007297400907871852
0.2,111,0.0022175153354363885
0.2,112,-0.00034953520340059974
0.2,113,-0.0006863680568645916
0.2,114,0.00038648960294812785
0.2,115,0.00029773119064791155
0.2,116,0.00038476102870226253
0.2,117,0.0008904906014196536
0.2,118,0.000697463332655079
0.2,119,-0.00013458645438992414
0.2,120,0.0012051690675563265
0.2,121,-0.0011388899277123632
0.2,122,0.0006856338062266992
0.2,123,0.00030865886476078486
0.2,124,-5.918422167473227e-5
0.2,125,0.00047685535368456106
0.2,126,0.00017225031052503978
0.2,127,0.00023236668679660604
0.2,128,-0.0003974987452318893
0.2,129,0.00020092948891610845
0.2,130,0.00044357371081143153
0.2,131,-0.0005401363200337282
0.2,132,0.001027604767731781
0.2,133,0.00022609127246916758
0.2,134,0.00025896163101835887
0.2,135,-0.0009106258045997441
0.2,136,0.00014597504650454494
0.2,137,-0.00015344896394778865
0.2,138,-0.0004195539898444295
0.2,139,0.0014172284286154463
0.2,140,0.00023041626864055096
0.2,141,0.0007835006932664926
0.2,142,-0.0007014033599331279
0.2,143,2.3091690457867716e-5
0.2,144,0.0002865628615652678
0.2,145,0.00044158173587771323
0.2,146,0.001146395640209246
0.2,147,-0.0009536177266266081
0.2,148,0.002309460264976785
0.2,149,-0.0007926442300011804
0.2,150,0.0011500179131095538
0.2,151,0.0007436941907511302
0.2,152,0.002011819910502989
0.2,153,0.0010044608987692918
0.2,154,0.0013058062970307247
0.2,155,-0.0012670139925103656
0.2,156,0.0027657532192739316
0.2,157,8.021871482103886e-5
0.2,158,0.0013206055508384786
0.2,159,-0.000181569713007016
0.2,160,0.0009105087487414264
0.2,161,0.0008160840167912723
0.2,162,0.002044109961337745
0.2,163,1.8309842612483968e-5
0.2,164,-8.868102681036431e-5
0.2,165,0.0014072089210860898
0.2,166,0.0016108385181304052
0.2,167,0.0010347340801036315
0.2,168,-0.00046293807208002845
0.2,169,-9.152631794387508e-6
0.2,170,0.0020796429691416125
0.2,171,0.0012551941881010342
0.2,172,0.0011566382447281713
0.2,173,0.0008154434132982782
0.2,174,0.0009545597992453947
0.2,175,0.0005642203595641433
0.2,176,0.0019160796069534747
0.2,177,-0.0022362244275813286
0.2,178,0.000900499930801113
0.2,179,0.004223613685939046
0.2,180,0.001985345141259331
0.2,181,-0.0017820184843142185
0.2,182,4.573411626816682e-5
0.2,183,0.0008265536266595974
0.2,184,0.0004123984883782681
0.2,185,0.0028551724924682515
0.2,186,0.0026931789274090147
0.2,187,0.00633786839145431
0.2,188,0.0037946405788274904
0.2,189,0.0004252357184454618
0.2,190,0.01798610714269213
0.2,191,-0.0007685681401991423
0.2,192,0.15480274287498202
0.2,193,0.0002833875859200362
0.2,194,0.001838684112991872
0.2,195,-0.0008925671652070897
0.2,196,0.0004657591814525851
0.2,197,-9.772221268777512e-5
0.2,198,0.0012257948221294915
0.21,intercept,0.007890703346794961
0.21,1,0.0025692183594173326
0.21,2,0.00015731801275750443
0.21,3,0.0023576300783642837
0.21,4,0.00041220583092379414
0.21,5,-0.00024194174089826648
0.21,6,0.0015658838307017573
0.21,7,3.8533113279711815e-5
0.21,8,0.001736419342305444
0.21,9,-8.577446777530897e-6
0.21,10,-0.00019039313989944082
0.21,11,0.0006403463016964237
0.21,12,-0.001944997037638326
0.21,13,0.0028708046201800556
0.21,14,-0.0031282438803772795
0.21,15,0.0020408796506679342
0.21,16,-0.0006805105837837989
0.21,17,0.00010114964120733929
0.21,18,0.0014247849109607772
0.21,19,-0.0006948553840610838
0.21,20,0.0003469326220801942
0.21,21,-2.669511854070995e-5
0.21,22,0.001194048275702579
0.21,23,-0.00016055487069366935
0.21,24,0.0012929778841525284
0.21,25,-0.0011296345294786528
0.21,26,-0.0005958835403743203
0.21,27,0.0006011738658082982
0.21,28,0.0005813937709720308
0.21,29,0.0008360941061098576
0.21,30,-0.0008064767797427681
0.21,31,-9.377978195096528e-5
0.21,32,-0.0002961600190703043
0.21,33,0.00178513230163611
0.21,34,-0.002505921337121509
0.21,35,0.0007858395279042962
0.21,36,0.000958714270783352
0.21,37,0.00011510979145025756
0.21,38,0.0008579036697431578
0.21,39,-0.0012084767510839578
0.21,40,0.000775565447172218
0.21,41,-0.001958949927767089
0.21,42,0.001468933140075075
0.21,43,0.0008958654164244032
0.21,44,-0.001067811730720936
0.21,45,-0.00036787951776506665
0.21,46,-0.00020449502832371201
0.21,47,0.0005274186598040684
0.21,48,0.00010494578091432155
0.21,49,0.0002851024066429183
0.21,50,-0.0005765637258699155
0.21,51,0.0014072730349498097
0.21,52,0.001386038924256617
0.21,53,-0.0008903453913005233
0.21,54,-0.0006345476767281595
0.21,55,-0.0005069546826915735
0.21,56,0.002738604370785576
0.21,57,6.878448864625357e-5
0.21,58,0.00011920561101064773
0.21,59,0.00027558098012465406
0.21,60,0.00034619663667213505
0.21,61,0.0011348599670717712
0.21,62,-0.0006993753875103058
0.21,63,0.001645420513735176
0.21,64,-0.0012855747668989444
0.21,65,0.0017146460703708227
0.21,66,0.0011833030973350193
0.21,67,0.0010864780733101554
0.21,68,-0.0011456554671672944
0.21,69,0.0014392341506336407
0.21,70,0.0012449296568979359
0.21,71,-0.001452283105226899
0.21,72,0.000579140740010011
0.21,73,-0.00034623685997117233
0.21,74,6.836994653562297e-5
0.21,75,-0.0007489249515296893
0.21,76,0.0005457400061646312
0.21,77,-0.00017420887967917165
0.21,78,0.0006503433727151507
0.21,79,-0.0008336925295103484
0.21,80,0.0011008770982171032
0.21,81,0.0009375743673903334
0.21,82,-0.00074708942846022
0.21,83,0.0008410782263791868
0.21,84,-0.000462160166809212
0.21,85,0.002395508930218117
0.21,86,-0.0022141975112844395
0.21,87,0.0022800906665969988
0.21,88,0.00014868879598224535
0.21,89,0.001051645384435166
0.21,90,0.0018864563954794254
0.21,91,-0.002854553568121919
0.21,92,0.0034604961331740854
0.21,93,0.002673499647756654
0.21,94,0.0010488877070038117
0.21,95,0.0009113937224290667
0.21,96,-0.001469192664854438
0.21,97,0.0005889685497347726
0.21,98,0.0012768525072028305
0.21,99,0.00043564934038853146
0.21,100,-0.0002874471833638285
0.21,101,-0.001076405439113765
0.21,102,0.0019653460880068073
0.21,103,-0.0002975745254237324
0.21,104,-0.00016880541681979646
0.21,105,0.0006052693592829243
0.21,106,0.0014193583306873275
0.21,107,0.00023072949165914785
0.21,108,-0.0002658402418340391
0.21,109,-0.00015674086632627346
0.21,110,0.0007838234473738318
0.21,111,0.0021445474179911782
0.21,112,-0.00025750115238858703
0.21,113,-0.0006418656398803939
0.21,114,0.0004051119091433465
0.21,115,0.00025695267458805606
0.21,116,3.4956560129460184e-5
0.21,117,0.0008657117033101474
0.21,118,0.0007942846254969628
0.21,119,-0.00045119965483089274
0.21,120,0.0012133772272125535
0.21,121,-0.0011669955037789134
0.21,122,0.0007590310774043323
0.21,123,0.00039348104063218506
0.21,124,-0.00016917960401918977
0.21,125,0.0003756000978714927
0.21,126,0.0003212091744067405
0.21,127,0.00033480913567252973
0.21,128,-0.0006047114415179827
0.21,129,-0.00022826205061742376
0.21,130,0.0007435874364813991
0.21,131,-0.0010199061356135292
0.21,132,0.001270113243760145
0.21,133,8.47596933354832e-5
0.21,134,0.00043512864122382183
0.21,135,-0.0007366114704872909
0.21,136,3.2122653062202894e-6
0.21,137,-0.00017004401223788494
0.21,138,-0.00024669685548501955
0.21,139,0.0012400509082047548
0.21,140,0.00032164538729632843
0.21,141,0.0007892330349108382
0.21,142,-0.0009819250705744404
0.21,143,0.0003318306543556644
0.21,144,0.00013766887057933304
0.21,145,0.00025464746071835896
0.21,146,0.0011902734400780649
0.21,147,-0.0006731157366405554
0.21,148,0.002057656816545266
0.21,149,-0.00035603991753764476
0.21,150,0.0006354630561557999
0.21,151,0.0009479383268896222
0.21,152,0.0020494974264324783
0.21,153,0.001031174851450209
0.21,154,0.0012955797308662042
0.21,155,-0.0014527398354044533
0.21,156,0.0028124393625629787
0.21,157,0.0002958893700114949
0.21,158,0.0012103773401470727
0.21,159,-0.0002585514610631799
0.21,160,0.0008914890273551035
0.21,161,0.0009666240820359875
0.21,162,0.002058696460783376
0.21,163,1.1185635514018713e-5
0.21,164,-0.00012244440743160097
0.21,165,0.0009340652279418914
0.21,166,0.0022187051177883954
0.21,167,0.0011472908525954814
0.21,168,-1.4327936118419789e-5
0.21,169,-0.0006190257641503846
0.21,170,0.001884906408573444
0.21,171,0.0015464630895837353
0.21,172,0.0013237518722054712
0.21,173,0.0002536849931246759
0.21,174,0.0012085028580550196
0.21,175,0.00018843318725008203
0.21,176,0.002286851665982223
0.21,177,-0.0024912544771459938
0.21,178,0.0013661576115721386
0.21,179,0.00429436108655736
0.21,180,0.0018192230259755089
0.21,181,-0.0020094445044371244
0.21,182,0.00011736055859128396
0.21,183,0.0012815311167550796
0.21,184,0.0004346893175380538
0.21,185,0.0029033609142208906
0.21,186,0.002061677726919881
0.21,187,0.006509851588694158
0.21,188,0.0035422941176482163
0.21,189,0.0006697002355614222
0.21,190,0.018535004740617846
0.21,191,-0.00125861881946429
0.21,192,0.16390102856088107
0.21,193,9.134920538619977e-5
0.21,194,0.0016671770856888576
0.21,195,-0.0009065385801532663
0.21,196,0.00043755214026371423
0.21,197,-8.111508350674632e-5
0.21,198,0.0012257923570270612
0.22,intercept,0.007955637905539704
0.22,1,0.0022761241033007846
0.22,2,0.0002810926163234805
0.22,3,0.0023992236891992535
0.22,4,9.79480554571385e-5
0.22,5,-2.4534075183871294e-5
0.22,6,0.0014879569916490813
0.22,7,0.0002303529288266658
0.22,8,0.0014467396569547068
0.22,9,-0.00036632807229029915
0.22,10,-0.00019768905544994154
0.22,11,0.0009925410853906089
0.22,12,-0.0019978603047625496
0.22,13,0.0027171237759147466
0.22,14,-0.0027410761519431085
0.22,15,0.0016683797212087787
0.22,16,-0.0003636899049421805
0.22,17,-0.00019428234383899506
0.22,18,0.001396462948918132
0.22,19,-0.0009700746666882335
0.22,20,0.0007530030846064541
0.22,21,-0.00033889026473988014
0.22,22,0.0013861128385414978
0.22,23,-0.0001627937029383739
0.22,24,0.0013982798617343522
0.22,25,-0.0015939446727111532
0.22,26,-0.00012557684521674405
0.22,27,0.0005140327081152975
0.22,28,0.0007635204728174469
0.22,29,0.0005218561737381044
0.22,30,-0.0008299272076308257
0.22,31,0.00028602041838088896
0.22,32,-0.00048486597229143916
0.22,33,0.001727127540898958
0.22,34,-0.00202833430970353
0.22,35,0.0005202640333811523
0.22,36,0.0011745494404925604
0.22,37,-0.00014655353669349168
0.22,38,0.000729445444441254
0.22,39,-0.0011837657455535588
0.22,40,0.0005963898456420751
0.22,41,-0.0016326072105289718
0.22,42,0.0013825793746412008
0.22,43,0.0009263782025118662
0.22,44,-0.0008224495154460669
0.22,45,-0.00045218278558339947
0.22,46,-0.0001051239642831152
0.22,47,0.000383258397390239
0.22,48,0.00014391853498635672
0.22,49,0.0003479802338670415
0.22,50,-0.0007029690066832141
0.22,51,0.0015465930307619197
0.22,52,0.0010983495250537607
0.22,53,-0.0008609426571648722
0.22,54,-0.000565622226779819
0.22,55,-0.0006360061716236778
0.22,56,0.002977659825399991
0.22,57,-0.00014264356498202237
0.22,58,0.00044904122596325116
0.22,59,-0.00016245616282159128
0.22,60,0.0005952392427262849
0.22,61,0.0006410059458287921
0.22,62,-0.0004796474076808628
0.22,63,0.0017881469918325985
0.22,64,-0.0015041313939576548
0.22,65,0.0019948039607708516
0.22,66,0.0009273803412281903
0.22,67,0.0012780631429467992
0.22,68,-0.0009920157466429915
0.22,69,0.001803326477628184
0.22,70,0.0006525041436612638
0.22,71,-0.0014590072444032615
0.22,72,0.0008595406891186819
0.22,73,-0.0005851796175730341
0.22,74,-1.7947490551520645e-5
0.22,75,-0.0008677487439230919
0.22,76,0.00030213687957127795
0.22,77,0.00046548938849494723
0.22,78,0.0003682697981698843
0.22,79,-0.0005156691484028488
0.22,80,0.000653051521033347
0.22,81,0.001534418003382356
0.22,82,-0.0008498345007491938
0.22,83,0.0007388335594056322
0.22,84,-0.00023931583214063007
0.22,85,0.0018926406395219349
0.22,86,-0.0016531150093374368
0.22,87,0.002612927878472398
0.22,88,0.00012552066655896333
0.22,89,0.0009104032513753538
0.22,90,0.0018150263823741226
0.22,91,-0.002531009512078324
0.22,92,0.0031494819121042827
0.22,93,0.0026346965333169984
0.22,94,0.0012827571534410375
0.22,95,0.000761620176696466
0.22,96,-0.0015680796323534237
0.22,97,0.000957416201332029
0.22,98,0.0011103712821044292
0.22,99,0.0003121811861158206
0.22,100,-0.0006797122001967576
0.22,101,-0.0009824543898348354
0.22,102,0.002164782548398646
0.22,103,-0.00033582311724054
0.22,104,-0.0004055795382586166
0.22,105,0.0007589477960983166
0.22,106,0.0010393345509619597
0.22,107,0.0005971876982009259
0.22,108,-0.000416522418938764
0.22,109,-0.00029549399694580713
0.22,110,0.0012918873511643184
0.22,111,0.0017895660535049132
0.22,112,-0.00017865074223099932
0.22,113,-0.0006406718399108321
0.22,114,0.00046736997629498293
0.22,115,-2.739341002537941e-5
0.22,116,2.5926197416929533e-5
0.22,117,0.0008532233601927561
0.22,118,0.001044046173657931
0.22,119,-0.0004714433920276091
0.22,120,0.0011280896659192432
0.22,121,-0.0011806248517308073
0.22,122,0.0008479754500032362
0.22,123,0.0005175465351409055
0.22,124,-0.0002334829226242001
0.22,125,0.00017107780109971706
0.22,126,0.00043016409093864596
0.22,127,0.00015101313633969604
0.22,128,-0.0006505153213662344
0.22,129,-0.00021633103814358337
0.22,130,0.0007043956418919406
0.22,131,-0.0010056424106773382
0.22,132,0.0012951280529275985
0.22,133,0.00017559482934643623
0.22,134,0.00012013541774569072
0.22,135,-0.00029367928549638335
0.22,136,-0.0003564258889090837
0.22,137,-9.805255901529944e-5
0.22,138,-0.0003480896051130161
0.22,139,0.001594502519609435
0.22,140,-0.0002460659375094913
0.22,141,0.0014893288582832286
0.22,142,-0.0013283548447426802
0.22,143,0.00018170264192269168
0.22,144,0.0001664564271428941
0.22,145,0.00012191580423873536
0.22,146,0.0013323783256346004
0.22,147,-0.0003198953491045182
0.22,148,0.0020177289012204692
0.22,149,-0.0005341993370582501
0.22,150,0.0003064720964342463
0.22,151,0.0013119179117094283
0.22,152,0.0019305098550406322
0.22,153,0.000833803173904078
0.22,154,0.0014384829801688608
0.22,155,-0.0017534338235541801
0.22,156,0.0028026615071323853
0.22,157,0.00027328984145862876
0.22,158,0.001220464867014117
0.22,159,-1.50090233046421e-5
0.22,160,0.0008942931284123708
0.22,161,0.0009962437375860337
0.22,162,0.0018855060666917373
0.22,163,0.00016192836570804613
0.22,164,-0.00038968208629706826
0.22,165,0.0010717534621015948
0.22,166,0.002355443781271871
0.22,167,0.001021262705453883
0.22,168,-0.00019967472263581477
0.22,169,-0.0006393814942914517
0.22,170,0.0018208958829602894
0.22,171,0.001626208719065871
0.22,172,0.0013532374047308044
0.22,173,9.900408210646154e-5
0.22,174,0.0012029212892184962
0.22,175,0.00023939719256895858
0.22,176,0.002157616972802043
0.22,177,-0.0026688213423551807
0.22,178,0.0013896111762436822
0.22,179,0.004495611972090859
0.22,180,0.0018741261229222865
0.22,181,-0.0014306601026575175
0.22,182,0.00015930605255409834
0.22,183,0.000981273982179736
0.22,184,0.0006770650823129306
0.22,185,0.002478999170128978
0.22,186,0.0018076229283598712
0.22,187,0.006956634942042406
0.22,188,0.0033552340613544574
0.22,189,0.00018333916451089677
0.22,190,0.018792063120895527
0.22,191,-0.0008110328868904713
0.22,192,0.17320277801617256
0.22,193,-1.7970311967890115e-5
0.22,194,0.001558838538184893
0.22,195,-0.0009100283528997193
0.22,196,0.0004112245800716525
0.22,197,-5.296077978022423e-5
0.22,198,0.001211949775724988
0.23,intercept,0.007983461560559969
0.23,1,0.002487115876162912
0.23,2,0.0007545946046669832
0.23,3,0.0017443066678508377
0.23,4,0.0005171291593228791
0.23,5,-5.022451243942951e-5
0.23,6,0.0010432854302879569
0.23,7,0.0008212022138792301
0.23,8,0.0012321884361611115
0.23,9,-0.0004725197464543723
0.23,10,-0.0005855823079780534
0.23,11,0.0012757799891162263
0.23,12,-0.0020954285000774025
0.23,13,0.002618409065890659
0.23,14,-0.002634069433783604
0.23,15,0.0014680213394690708
0.23,16,8.118981096413887e-5
0.23,17,-0.0004033672578700066
0.23,18,0.0014603504651900683
0.23,19,-0.0011671890036446364
0.23,20,0.0009482503642550559
0.23,21,-0.00034407792178978917
0.23,22,0.0013413611335794425
0.23,23,-5.725546604690873e-5
0.23,24,0.0012613075215827118
0.23,25,-0.0018971372237086058
0.23,26,6.642997539795663e-5
0.23,27,0.00036103950601551737
0.23,28,0.0006240126980490447
0.23,29,0.00041436931128399987
0.23,30,-0.0006240511609086758
0.23,31,0.000465637006264136
0.23,32,-0.000408931596213098
0.23,33,0.001583591785356488
0.23,34,-0.0020239333908995292
0.23,35,0.0003412747202994802
0.23,36,0.0009877410681004989
0.23,37,6.48250783621163e-5
0.23,38,0.0008859588022906283
0.23,39,-0.0013096807929258163
0.23,40,0.00031788946863853197
0.23,41,-0.001490204782912552
0.23,42,0.0013915089102939026
0.23,43,0.0008388173261223947
0.23,44,-0.000856881558076612
0.23,45,-0.0003731776476340485
0.23,46,-9.534363769037338e-5
0.23,47,0.0006326609804229939
0.23,48,-0.00015389254223729758
0.23,49,7.59735757337388e-5
0.23,50,-0.0005920020660204477
0.23,51,0.0017142553555001179
0.23,52,0.0009659827627637688
0.23,53,-0.0007424339420636295
0.23,54,-0.0006083305031438321
0.23,55,-0.0008219736248489667
0.23,56,0.003089733148164975
0.23,57,-0.0003381692025698212
0.23,58,0.0006110411617159557
0.23,59,-6.485859062874071e-5
0.23,60,0.0012148707854061456
0.23,61,0.0006440730943566939
0.23,62,-0.0005736531302236947
0.23,63,0.002063345309351918
0.23,64,-0.0014567958028743205
0.23,65,0.0020504733889382884
0.23,66,0.00043896960777384426
0.23,67,0.001225638099510166
0.23,68,-0.0009691193361385392
0.23,69,0.0018361871555517453
0.23,70,0.0003931153632793772
0.23,71,-0.0010366207085185748
0.23,72,0.0004162901728425986
0.23,73,-0.00037672541651590673
0.23,74,-0.00011784751714703076
0.23,75,-0.0003981869272860865
0.23,76,0.00074353322267316
0.23,77,0.00025952076756629265
0.23,78,0.00026032802789485786
0.23,79,-0.0007267385615257485
0.23,80,0.0005494734676316449
0.23,81,0.0015223832115689785
0.23,82,-0.0013520344199642034
0.23,83,0.0013403439824664022
0.23,84,-0.0004587684570859436
0.23,85,0.00207177802635492
0.23,86,-0.00154005379878329
0.23,87,0.0025139065168298304
0.23,88,0.0002166747239357457
0.23,89,0.0006759649710179023
0.23,90,0.0021821000037338485
0.23,91,-0.002493046103824287
0.23,92,0.0027886791772662256
0.23,93,0.0028414876918408764
0.23,94,0.0006950753426045745
0.23,95,0.0010386181105685676
0.23,96,-0.0016161165426821957
0.23,97,0.0007200084638136165
0.23,98,0.0014283515615091627
0.23,99,0.00039098259704583503
0.23,100,-0.0008437874861849173
0.23,101,-0.000378605830462751
0.23,102,0.0016444856467851062
0.23,103,-2.278868028177483e-5
0.23,104,-0.00015987287262438573
0.23,105,0.00014343868990443107
0.23,106,0.0016129796631557038
0.23,107,0.00035187958548786857
0.23,108,-0.000208350205175037
0.23,109,-0.0006586523063345958
0.23,110,0.0011892908961195076
0.23,111,0.001689580841472882
0.23,112,-0.0001891259890332871
0.23,113,-0.0005568885358993153
0.23,114,0.0005043692495282509
0.23,115,3.669274810603524e-5
0.23,116,0.00021578084699277564
0.23,117,0.0006350607983391629
0.23,118,0.0010215224819815794
0.23,119,-0.0006192808907572104
0.23,120,0.0011510577194741671
0.23,121,-0.0012796982735043551
0.23,122,0.0008690702189725836
0.23,123,0.000611296846126045
0.23,124,-0.00013212837344221754
0.23,125,0.00023535966044195515
0.23,126,0.0003413832628129868
0.23,127,-3.435606714388954e-5
0.23,128,-0.0005736885557726752
0.23,129,-0.0003606679893896517
0.23,130,0.0005915232585123563
0.23,131,-0.0009568169454494672
0.23,132,0.0014146334994851301
0.23,133,0.0004469314733198426
0.23,134,-0.00012500376191330835
0.23,135,-2.2406909714630522e-5
0.23,136,-0.0005866451924905941
0.23,137,-7.407616673796911e-5
0.23,138,-0.0004503754291806904
0.23,139,0.0017137857410691652
0.23,140,-0.000272924502917045
0.23,141,0.0015388488543810806
0.23,142,-0.0012454854860696784
0.23,143,0.00022281847161966387
0.23,144,4.2824852139092885e-5
0.23,145,0.0005819513930836633
0.23,146,0.000711701577191469
0.23,147,5.772735648843177e-5
0.23,148,0.0018333616836912143
0.23,149,-0.000694513913354557
0.23,150,0.00029801638058688955
0.23,151,0.001124312753252733
0.23,152,0.0021730516415592264
0.23,153,0.0009629936903447206
0.23,154,0.0010652521530200082
0.23,155,-0.00188403835228848
0.23,156,0.002652520696741063
0.23,157,0.0007103163877099001
0.23,158,0.0012236649339167373
0.23,159,2.3970077639212678e-5
0.23,160,0.0002888741675609119
0.23,161,0.0013893727666393746
0.23,162,0.0021112662562761783
0.23,163,0.00010637286119317796
0.23,164,-0.0003355929286793599
0.23,165,0.0009601405193313909
0.23,166,0.0025216592431516124
0.23,167,0.0009703794242484877
0.23,168,0.00020991682495805417
0.23,169,-0.00088827726695096
0.23,170,0.0014107864302513472
0.23,171,0.0018866141672837472
0.23,172,0.0012821154040418249
0.23,173,0.0002703800756230248
0.23,174,0.001211145355766739
0.23,175,0.0004725030589052143
0.23,176,0.0020195177200474537
0.23,177,-0.002341589512464056
0.23,178,0.0010760322068302016
0.23,179,0.004127368339875693
0.23,180,0.0017100378662250157
0.23,181,-0.0005069211482806383
0.23,182,0.0002434137204900015
0.23,183,0.0003458905244939107
0.23,184,0.001139179805060352
0.23,185,0.0023974050825916592
0.23,186,0.0021564067833735566
0.23,187,0.006526845520146758
0.23,188,0.004261699827706784
0.23,189,0.00013839929272691615
0.23,190,0.019737033105563986
0.23,191,-0.0029350121881399206
0.23,192,0.18284835427767948
0.23,193,-4.42106053035918e-5
0.23,194,0.0016259766976152194
0.23,195,-0.0009180062109013142
0.23,196,0.00040059908026390627
0.23,197,-7.495307913245146e-5
0.23,198,0.001212281463045306
0.24,intercept,0.008060830050212806
0.24,1,0.0028561526972471496
0.24,2,0.00034940005724769967
0.24,3,0.001851960543551001
0.24,4,0.0006737350792796455
0.24,5,-5.2116592020661254e-5
0.24,6,0.000896850333064722
0.24,7,0.0011357937617309673
0.24,8,0.0007159772018125482
0.24,9,-4.333393114606444e-5
0.24,10,-0.0005255936495301683
0.24,11,0.0009050804564358183
0.24,12,-0.0021777000724920795
0.24,13,0.0024825565090948907
0.24,14,-0.0026113520865261542
0.24,15,0.001363226321763737
0.24,16,0.0001105270759963281
0.24,17,-0.0004497457096218704
0.24,18,0.0012956684627948207
0.24,19,-0.0010714844097887354
0.24,20,0.0010837523082406818
0.24,21,-0.000697079357134622
0.24,22,0.0015175281274925274
0.24,23,-0.00023493627466476447
0.24,24,0.0013040631922625026
0.24,25,-0.001582192507872585
0.24,26,5.3270895658478485e-5
0.24,27,0.000509476276265976
0.24,28,0.0004557236529824835
0.24,29,0.0008139590565155502
0.24,30,-0.0004987252298702621
0.24,31,0.00027762288084434136
0.24,32,-0.0004026687354022964
0.24,33,0.0014791150414973776
0.24,34,-0.0017222650747724052
0.24,35,0.0002785309051114153
0.24,36,0.0007869800356764223
0.24,37,7.892824121188658e-5
0.24,38,0.0008220358049795063
0.24,39,-0.0011933281406112015
0.24,40,8.868189448991841e-5
0.24,41,-0.0013866970011647815
0.24,42,0.0013771145330599055
0.24,43,0.0007809954945656553
0.24,44,-0.0007017516002220718
0.24,45,-0.0005160449383822003
0.24,46,-0.00013687311790539807
0.24,47,0.0006993147218152017
0.24,48,-0.0002029262634913579
0.24,49,0.0001815150280943121
0.24,50,-0.0004147870076291011
0.24,51,0.001766508887334228
0.24,52,0.0009161342166497519
0.24,53,-0.000630276772579779
0.24,54,-0.0008501987920777673
0.24,55,-0.0005066988908423944
0.24,56,0.0026102633499928986
0.24,57,5.2778038700595797e-5
0.24,58,0.0001877037072063183
0.24,59,5.708252393190405e-5
0.24,60,0.0013553248017675094
0.24,61,5.931621994656862e-5
0.24,62,0.00014409079636512186
0.24,63,0.0017452906794694929
0.24,64,-0.0011628650342618652
0.24,65,0.001998332750654178
0.24,66,0.0002956207398568383
0.24,67,0.0012110967873968982
0.24,68,-0.0013282513489622876
0.24,69,0.0016236089621048631
0.24,70,0.00046429377156384754
0.24,71,-0.0010114038684107343
0.24,72,0.0005513166512552192
0.24,73,-0.00019241346489656984
0.24,74,-0.00046287074077484873
0.24,75,-0.0001193383369696128
0.24,76,0.0003471078495294263
0.24,77,0.00034266016400214466
0.24,78,0.0005136452223909068
0.24,79,-0.0008143843156101033
0.24,80,0.00047267981924226083
0.24,81,0.0016023692307074822
0.24,82,-0.0014142175075310681
0.24,83,0.0022763917512475013
0.24,84,-0.0009585742846321185
0.24,85,0.0019665563288541426
0.24,86,-0.0014628063127196471
0.24,87,0.0022596965839271387
0.24,88,0.00027158616829694006
0.24,89,0.0002069630881835247
0.24,90,0.002769467510528202
0.24,91,-0.002949681703753619
0.24,92,0.003232685290575673
0.24,93,0.0025711873536296524
0.24,94,0.0012568510865685967
0.24,95,0.00028697059189769893
0.24,96,-0.0010367088676662977
0.24,97,0.0005999112450424257
0.24,98,0.0014726125542486878
0.24,99,0.0002809336099202235
0.24,100,-0.00046621013261983807
0.24,101,-0.000624370132904287
0.24,102,0.00171717350362058
0.24,103,1.9383433174382388e-5
0.24,104,-0.00022712522756792095
0.24,105,-7.377560410487117e-5
0.24,106,0.0016529005654817026
0.24,107,0.0006556573373318622
0.24,108,-0.0004741661437525808
0.24,109,-0.0006665262029758173
0.24,110,0.0009607462310301104
0.24,111,0.002108406951193612
0.24,112,-0.0006881193434014361
0.24,113,-0.0004590639976259492
0.24,114,0.0007249134765546353
0.24,115,-0.00018906776292561625
0.24,116,0.00044418308407800965
0.24,117,0.000611929185379021
0.24,118,0.0008812900546602162
0.24,119,-0.0007798416188410794
0.24,120,0.0012013790187338249
0.24,121,-0.001059909153682709
0.24,122,0.0005527742530141154
0.24,123,0.0007265530779097883
0.24,124,-0.00035964858691523246
0.24,125,0.0005771692959144005
0.24,126,-9.575328906733881e-5
0.24,127,0.0005318207945679632
0.24,128,-0.0007629570994884872
0.24,129,-0.00045679924505112666
0.24,130,0.0004901800019705809
0.24,131,-0.0006901013692127512
0.24,132,0.0013773597096989928
0.24,133,0.00037938428177773274
0.24,134,-0.00016671686921021048
0.24,135,0.00016352382240070396
0.24,136,-0.0005362682544592143
0.24,137,-0.00034622252513913035
0.24,138,-0.00013715323793632032
0.24,139,0.0014567293389581748
0.24,140,-0.00016966096628235277
0.24,141,0.001586178642701042
0.24,142,-0.0014569700722176645
0.24,143,0.00044196943461436913
0.24,144,8.503685473012899e-5
0.24,145,0.0005604492021841352
0.24,146,0.0007823124065792395
0.24,147,0.0001863926238106899
0.24,148,0.001824544410078811
0.24,149,-0.0007093694797020164
0.24,150,5.944144347176749e-5
0.24,151,0.0012722209151783102
0.24,152,0.0018281983890308573
0.24,153,0.0008717876547612582
0.24,154,0.0010835699337137408
0.24,155,-0.0018260451091408312
0.24,156,0.0023129350243140494
0.24,157,0.0011465863713339514
0.24,158,0.001211866562407867
0.24,159,0.0002606149181499436
0.24,160,0.00017968392411886025
0.24,161,0.0013726057119348703
0.24,162,0.002072620092548243
0.24,163,0.00017802170255856533
0.24,164,-0.00027865764273163075
0.24,165,0.0009413061632218589
0.24,166,0.0023332419720758194
0.24,167,0.0007759595473855998
0.24,168,-7.525926229685548e-5
0.24,169,-0.0004548265801400027
0.24,170,0.0007910041618088134
0.24,171,0.0022020802974748533
0.24,172,0.0010787048192307043
0.24,173,0.00047674312647441076
0.24,174,0.0013166711283243088
0.24,175,-1.8271972243146233e-5
0.24,176,0.00221455946956938
0.24,177,-0.0022135653540696675
0.24,178,0.001249303664347583
0.24,179,0.0033761060780536267
0.24,180,0.0024138006455132906
0.24,181,-0.00032759370128301836
0.24,182,0.0004230448670164256
0.24,183,0.0006443444389563512
0.24,184,0.0013556417227494697
0.24,185,0.0019423298496595376
0.24,186,0.0023645584053305474
0.24,187,0.006520272048688613
0.24,188,0.004418565519914039
0.24,189,0.0002662524845072577
0.24,190,0.020035112100588094
0.24,191,-0.004731986342903679
0.24,192,0.19125712916145163
0.24,193,-0.00011733445522048427
0.24,194,0.0017193289566361637
0.24,195,-0.0009485126477286096
0.24,196,0.00038957915959354203
0.24,197,-5.15987372637413e-5
0.24,198,0.0011940488544361586
0.25,intercept,0.008130885940531286
0.25,1,0.003054777706097137
0.25,2,0.000199525665220135
0.25,3,0.0017989129477681436
0.25,4,0.0006178570548681727
0.25,5,-6.229942689849987e-5
0.25,6,0.0008460341621611037
0.25,7,0.001075461324153042
0.25,8,0.0009090510247565278
0.25,9,-0.0003660067515381354
0.25,10,-0.0005344738747325158
0.25,11,0.0009047706663093425
0.25,12,-0.002202257582846413
0.25,13,0.002567635851493178
0.25,14,-0.0023518581415390765
0.25,15,0.0011811728543433607
0.25,16,0.0003113205860114196
0.25,17,-0.0006805018294992641
0.25,18,0.0014464645170552627
0.25,19,-0.0010722448747406375
0.25,20,0.0009261554793743084
0.25,21,-0.0007651950957110751
0.25,22,0.0014341461280350293
0.25,23,-0.000293236645298319
0.25,24,0.0013226716833784644
0.25,25,-0.001780187446330064
0.25,26,0.00015933415609276216
0.25,27,0.0006334309406463059
0.25,28,0.00038054796785150517
0.25,29,0.0009248427966989312
0.25,30,-0.00045598524610003554
0.25,31,0.0001701808903528227
0.25,32,-0.00033070168840092175
0.25,33,0.0011993643853403504
0.25,34,-0.0015818141481830125
0.25,35,0.00042525410474659846
0.25,36,0.0005610585792184171
0.25,37,0.0004612269110475148
0.25,38,0.0005502232776409533
0.25,39,-0.0012709438148538396
0.25,40,4.793593862948974e-5
0.25,41,-0.0012734638602179041
0.25,42,0.001055286079437498
0.25,43,0.001009340527140188
0.25,44,-0.0011167756633326245
0.25,45,-0.00011145234181639838
0.25,46,-0.00034752978945202866
0.25,47,0.0008047561137965183
0.25,48,-0.0002466329840659984
0.25,49,0.00045381406668915195
0.25,50,-0.0008064210578918681
0.25,51,0.0019534900320678406
0.25,52,0.0008648754065437204
0.25,53,-0.0007209862962223569
0.25,54,-0.0005007314631017087
0.25,55,-0.0005450988213647808
0.25,56,0.0025477678155572878
0.25,57,-9.16550690440064e-5
0.25,58,0.00022111963523628752
0.25,59,1.1097271859612781e-5
0.25,60,0.0016156177868743452
0.25,61,-0.0001248315955526546
0.25,62,5.737202711633577e-5
0.25,63,0.0020196626771309665
0.25,64,-0.0011277338194645098
0.25,65,0.0017506223592786774
0.25,66,0.00019383135370871376
0.25,67,0.0013469819316733163
0.25,68,-0.001134467610985685
0.25,69,0.0015573691952621123
0.25,70,0.00015175359597553788
0.25,71,-0.0005809593592193486
0.25,72,0.0004261807084847704
0.25,73,-0.00013521441119580861
0.25,74,-0.0006219648447688359
0.25,75,4.7177254938629214e-5
0.25,76,0.00029323987433737354
0.25,77,0.00036446431210320965
0.25,78,0.00020170894800780872
0.25,79,-0.0011540509152272703
0.25,80,0.0006212725769247917
0.25,81,0.0015873142115048577
0.25,82,-0.0011822007438685755
0.25,83,0.0027348058713029246
0.25,84,-0.0007087582893483201
0.25,85,0.001680550739477587
0.25,86,-0.0019459160184328627
0.25,87,0.002709945258626484
0.25,88,0.0005812790976303347
0.25,89,4.6752356376727095e-5
0.25,90,0.002920707118780273
0.25,91,-0.0031075746108450582
0.25,92,0.003293610743775056
0.25,93,0.0022546279827066135
0.25,94,0.0013568722574777308
0.25,95,0.00033815873580239907
0.25,96,-0.0007332242097830048
0.25,97,0.0005124024646234388
0.25,98,0.001515309986319779
0.25,99,0.0002573444724278298
0.25,100,-0.0005218201176960382
0.25,101,-0.0007853584805009845
0.25,102,0.0016753491406977766
0.25,103,9.136628713615558e-5
0.25,104,-0.0003594784768306893
0.25,105,-0.00015237679400386325
0.25,106,0.001550384460848489
0.25,107,0.0011579570554316435
0.25,108,-0.0008756360697979223
0.25,109,-0.0002983623823952812
0.25,110,0.000899921168357696
0.25,111,0.0019244076228313843
0.25,112,-0.00036884102373104194
0.25,113,-0.0005372715286743503
0.25,114,0.0006485298416457076
0.25,115,-0.0003982523056832751
0.25,116,0.0007595576465872011
0.25,117,0.000506043506563177
0.25,118,0.0011832216311479845
0.25,119,-0.0009691417340913974
0.25,120,0.0014241039258368695
0.25,121,-0.0013754077346470463
0.25,122,0.0006014435065010883
0.25,123,0.0006149078727936138
0.25,124,-0.0004080479979192336
0.25,125,0.0005032389658949627
0.25,126,-0.0004452890239833581
0.25,127,0.0006542291030196307
0.25,128,-0.000865526701996033
0.25,129,-0.00010439805145432093
0.25,130,0.0008795682542352606
0.25,131,-0.0007526155354410307
0.25,132,0.0012033614335183618
0.25,133,0.00028703600231068176
0.25,134,-1.0425612206444506e-5
0.25,135,-0.0002126111846221057
0.25,136,-0.00011200104771089467
0.25,137,-0.00039843010070760086
0.25,138,-0.00014890447801905579
0.25,139,0.001399181524818085
0.25,140,-0.0002027983708102894
0.25,141,0.0016512450368213613
0.25,142,-0.001837809338226855
0.25,143,0.0010321684785684706
0.25,144,-0.00021552485623453852
0.25,145,0.00078101048333712
0.25,146,0.0006918201688914069
0.25,147,0.00024744907173381573
0.25,148,0.0018542332514756995
0.25,149,-0.0008917737730006945
0.25,150,6.656185512646758e-5
0.25,151,0.001410835636381574
0.25,152,0.0016299628527636767
0.25,153,0.0005727157353211517
0.25,154,0.0014064376188560265
0.25,155,-0.0019370901198482826
0.25,156,0.0024607289199655956
0.25,157,0.0010454877040453317
0.25,158,0.0010662431568549352
0.25,159,0.0005832827245243724
0.25,160,0.0001843028359996217
0.25,161,0.0016395022065967308
0.25,162,0.0017529305248569801
0.25,163,-6.44882046068544e-5
0.25,164,-0.0003983180802812194
0.25,165,0.0011221395494196234
0.25,166,0.0023732383659156187
0.25,167,0.00078455143344826
0.25,168,6.455795057881323e-6
0.25,169,-0.0004793535436927985
0.25,170,0.0007434201235636645
0.25,171,0.0022052228644275137
0.25,172,0.001007259528294851
0.25,173,0.00022263663814273954
0.25,174,0.0016766887709328394
0.25,175,-0.00011119279255491935
0.25,176,0.0021620250250971233
0.25,177,-0.001634109072367867
0.25,178,0.0008702982615463175
0.25,179,0.0038053790498862048
0.25,180,0.0014832718859179982
0.25,181,0.0001780327552369525
0.25,182,0.00044376073461349175
0.25,183,0.0010979189112309586
0.25,184,0.0007041814038191143
0.25,185,0.002783094727209267
0.25,186,0.0017987013039886114
0.25,187,0.007144311261100418
0.25,188,0.004221219705692978
0.25,189,0.00028414160609181976
0.25,190,0.021048059442070128
0.25,191,-0.005558605895981127
0.25,192,0.1964404676342674
0.25,193,-0.00011457764677908972
0.25,194,0.0015674494545716516
0.25,195,-0.0009491555145596318
0.25,196,0.00038184112019328545
0.25,197,-4.694527943265199e-5
0.25,198,0.0011652144241186212
0.26,intercept,0.008114127634790505
0.26,1,0.003458592250359785
0.26,2,-0.0006071369994198288
0.26,3,0.0023060753688520343
0.26,4,0.00021996253557007953
0.26,5,-0.00018361615092925997
0.26,6,0.0007362615658102633
0.26,7,0.0012571135682553425
0.26,8,0.0009749237712783339
0.26,9,-0.0007015860047965473
0.26,10,-0.0005285977555495349
0.26,11,0.0008093171170288656
0.26,12,-0.0017259978425758994
0.26,13,0.002339383346782453
0.26,14,-0.002262263791263112
0.26,15,0.0013223362425344462
0.26,16,0.00024342066273130156
0.26,17,-0.0008829952202372913
0.26,18,0.0012201960523047341
0.26,19,-0.0007922586792612451
0.26,20,0.0011054704356768751
0.26,21,-0.0008575877363319269
0.26,22,0.0015302731781920876
0.26,23,-0.00015433544498700673
0.26,24,0.001197791126387776
0.26,25,-0.0017083062623406858
0.26,26,0.0001382815787159748
0.26,27,0.00043952022547842076
0.26,28,0.000440867533255227
0.26,29,0.0005426319322094337
0.26,30,-0.0002728227589873231
0.26,31,0.00018044548254067883
0.26,32,-0.00021914508473066613
0.26,33,0.0012046011265309598
0.26,34,-0.0016114354089998807
0.26,35,0.0006970701244997746
0.26,36,0.0003900304792091995
0.26,37,0.00035599057452748915
0.26,38,0.0005261435634591535
0.26,39,-0.0013200274940351614
0.26,40,-0.00010309567079406385
0.26,41,-0.0009179451801516429
0.26,42,0.0008583434766414642
0.26,43,0.0009539736563235812
0.26,44,-0.0008333079847677007
0.26,45,-0.0005021587686251055
0.26,46,-7.58610026363488e-5
0.26,47,0.0007255720137134782
0.26,48,-4.695126010070413e-5
0.26,49,-5.072734932979009e-6
0.26,50,-0.0003251911823448816
0.26,51,0.0019151128410160275
0.26,52,0.0005687729813109563
0.26,53,-0.0003495017040702959
0.26,54,-0.0005285307306275883
0.26,55,-0.0006515001769663953
0.26,56,0.002486143625998803
0.26,57,-0.00023927440949053744
0.26,58,0.0002626397341784849
0.26,59,-9.47886575651151e-5
0.26,60,0.0016746677541104001
0.26,61,-0.0003094994674461774
0.26,62,0.0002764878456771323
0.26,63,0.0020296915138891436
0.26,64,-0.0011040513214944253
0.26,65,0.001812326650692258
0.26,66,0.0003285299405664436
0.26,67,0.0015270346034685167
0.26,68,-0.0008661635489146397
0.26,69,0.0011976181910252407
0.26,70,0.00037772106275906143
0.26,71,-0.0008297116088699703
0.26,72,0.0005780634736150529
0.26,73,-0.0002730322044230488
0.26,74,-0.0006377853513164785
0.26,75,-5.558164994631759e-5
0.26,76,0.0001230570601360329
0.26,77,0.0002962510414827735
0.26,78,0.0007478161999472856
0.26,79,-0.0012715298335321844
0.26,80,0.00034264913790133303
0.26,81,0.0017276428787630902
0.26,82,-0.0012782502035082039
0.26,83,0.0029382367420267156
0.26,84,-0.0008179218070042397
0.26,85,0.001872973135848673
0.26,86,-0.0018474294220709368
0.26,87,0.0027406283334950234
0.26,88,-0.00011032375228886752
0.26,89,0.0003285674434577134
0.26,90,0.002604047806982121
0.26,91,-0.0025380802918753506
0.26,92,0.0026314981707924842
0.26,93,0.002754039760395457
0.26,94,0.0007061604870604126
0.26,95,0.0005640959876835389
0.26,96,-0.0011965875762628138
0.26,97,0.0005894835204673653
0.26,98,0.0017298883493563968
0.26,99,0.000703140330629061
0.26,100,-0.0006064384525953382
0.26,101,-0.0010193424948791519
0.26,102,0.0015978399947839065
0.26,103,0.000220132223611194
0.26,104,-3.377556464029437e-5
0.26,105,-7.81830729236266e-5
0.26,106,0.0013085199217077266
0.26,107,0.0011465258196210607
0.26,108,-0.0008584898729687059
0.26,109,-0.0003829060368937508
0.26,110,0.0008234802178065481
0.26,111,0.0020221149074886404
0.26,112,-0.0002982397491503685
0.26,113,-0.0005486333124948531
0.26,114,0.000816746913491863
0.26,115,-0.00018344228842538657
0.26,116,0.000467448533628077
0.26,117,0.0005222316237670911
0.26,118,0.0012586115268540556
0.26,119,-0.001083195619493205
0.26,120,0.001464360084726302
0.26,121,-0.0012755920813202974
0.26,122,0.0008880947957779472
0.26,123,0.00022456877779902315
0.26,124,-0.0005632665363679209
0.26,125,0.000982948993053572
0.26,126,-0.0004610811389327009
0.26,127,0.0004896498336485212
0.26,128,-0.0006053556104089581
0.26,129,-0.0001834174596069079
0.26,130,0.0009319308598618078
0.26,131,-0.0010109085188881462
0.26,132,0.0011793741817503485
0.26,133,0.00020197901201965174
0.26,134,1.5059175791781379e-5
0.26,135,-0.00036316530516223005
0.26,136,5.139165867214282e-6
0.26,137,-0.0002567612986966535
0.26,138,-7.360121595248397e-5
0.26,139,0.001231691063466072
0.26,140,-0.00028355885203436954
0.26,141,0.0016478341749162463
0.26,142,-0.001774589977294259
0.26,143,0.0008821354729262231
0.26,144,-0.0003059776135138634
0.26,145,0.0007345483437662771
0.26,146,0.000812481565769732
0.26,147,0.00041280325075705547
0.26,148,0.0014297855466734912
0.26,149,-0.0005050093936192761
0.26,150,-0.00014936907999693125
0.26,151,0.0014620256723336539
0.26,152,0.0013304295096494567
0.26,153,0.0008098108630123465
0.26,154,0.0011835498201587147
0.26,155,-0.001683796062967861
0.26,156,0.002077604361241943
0.26,157,0.0011994306519178208
0.26,158,0.001428703252458863
0.26,159,0.00038884995255629185
0.26,160,0.00044526569328584055
0.26,161,0.001263649469126572
0.26,162,0.0018011533057118673
0.26,163,-0.00012652702274894493
0.26,164,-0.0003026192891244098
0.26,165,0.0012139491801578376
0.26,166,0.0023457911017632275
0.26,167,0.0006379036059676857
0.26,168,0.00013031805621229153
0.26,169,-0.0006392257528569405
0.26,170,2.716539478431236e-5
0.26,171,0.0025715252943425185
0.26,172,0.0011384877798911663
0.26,173,0.000202487195278061
0.26,174,0.0015273322291366668
0.26,175,-0.00035631995452498175
0.26,176,0.0024125594533229485
0.26,177,-0.0011876967052970207
0.26,178,0.0008178804272609821
0.26,179,0.0029605234443635144
0.26,180,0.0019261372550181048
0.26,181,9.822646919672005e-6
0.26,182,0.0007646033317985812
0.26,183,0.001314444010929218
0.26,184,0.0007482428967652092
0.26,185,0.002310527396215784
0.26,186,0.0019021981529648367
0.26,187,0.00755278239613388
0.26,188,0.004028137223784739
0.26,189,0.00026306063694347964
0.26,190,0.022328201163675315
0.26,191,-0.007747261876459365
0.26,192,0.20977937156097304
0.26,193,-4.788067970004532e-5
0.26,194,0.001794003329852116
0.26,195,-0.0010014420008421924
0.26,196,0.0003865893517661663
0.26,197,-2.2409231545080996e-5
0.26,198,0.0011493138768924396
0.27,intercept,0.008098972327643221
0.27,1,0.0033642882342676647
0.27,2,-0.0005666174547200679
0.27,3,0.0023811414150805028
0.27,4,0.00026112405855693464
0.27,5,0.00012029671520723808
0.27,6,0.0005524561190008589
0.27,7,0.0012299687000708595
0.27,8,0.0006644236606061067
0.27,9,-0.0007086536925374563
0.27,10,-0.0007890898619133649
0.27,11,0.0010003443640323034
0.27,12,-0.0013166805476074754
0.27,13,0.0021154323642488203
0.27,14,-0.002034985729572754
0.27,15,0.0012373717722052855
0.27,16,8.210450965578387e-5
0.27,17,-0.00035090521715391436
0.27,18,0.0008743985606163873
0.27,19,-0.0007149146453298854
0.27,20,0.0009510237660092311
0.27,21,-0.0003720146452145352
0.27,22,0.0011276248741828676
0.27,23,-8.798544212106288e-5
0.27,24,0.0009917674416413565
0.27,25,-0.0016400459078466864
0.27,26,0.0002843870308709819
0.27,27,0.00024395625407669497
0.27,28,0.0005024349212913824
0.27,29,0.0005421116776118636
0.27,30,-0.00014387741839291148
0.27,31,5.006012616342888e-5
0.27,32,0.0001800330749079208
0.27,33,0.0016381258194132868
0.27,34,-0.0017574513478901975
0.27,35,0.0004451363699797802
0.27,36,0.0005092768532670993
0.27,37,0.0003951218548022777
0.27,38,0.0002529608670158553
0.27,39,-0.0016199056375431242
0.27,40,-2.0084986816863348e-5
0.27,41,-0.0010354356029755988
0.27,42,0.0006595746844701598
0.27,43,0.0010749682721199205
0.27,44,-0.0005848409551989489
0.27,45,-0.0006037695524835027
0.27,46,0.0002760009501658319
0.27,47,0.00046518299144556347
0.27,48,-0.00013688425156342334
0.27,49,-0.00014864283477540366
0.27,50,-0.0001242129292264654
0.27,51,0.0016773021168984094
0.27,52,0.0006164697878930794
0.27,53,-0.00021040131406496973
0.27,54,-0.0006958339263337596
0.27,55,-0.0005240685987942277
0.27,56,0.0023446540981759403
0.27,57,-0.0002749659450270389
0.27,58,0.0004615159170071792
0.27,59,-0.00033353757892616294
0.27,60,0.0018166249192320258
0.27,61,-0.00030435142624669616
0.27,62,5.938087882529841e-5
0.27,63,0.0020915680100270844
0.27,64,-0.0010887465441221033
0.27,65,0.002068924017432313
0.27,66,0.00011304224870793328
0.27,67,0.0016535385285375902
0.27,68,-0.0012028526628267001
0.27,69,0.0012997803909277654
0.27,70,0.0001720492264137068
0.27,71,-0.0008539607193532676
0.27,72,0.000804902617125613
0.27,73,-0.00026152456081142514
0.27,74,-0.0009101039515404095
0.27,75,3.636206899907551e-5
0.27,76,-0.00036005631658412213
0.27,77,0.0006114135664721367
0.27,78,0.0007385015711468852
0.27,79,-0.0011209081732176608
0.27,80,0.0005418536615550346
0.27,81,0.001599169533548989
0.27,82,-0.0012196019031408003
0.27,83,0.0026793273710800153
0.27,84,-0.0008718938336001181
0.27,85,0.0020860119238841263
0.27,86,-0.001597654969148393
0.27,87,0.0027051475159555844
0.27,88,-0.00037282091249854086
0.27,89,1.6845115413218267e-5
0.27,90,0.002761229589089164
0.27,91,-0.0026780509926095895
0.27,92,0.002530538461992613
0.27,93,0.0030492542411149413
0.27,94,0.0006798220275432787
0.27,95,0.0006640178868922838
0.27,96,-0.0013571237217524842
0.27,97,0.0011707015873781137
0.27,98,0.0013260306204417977
0.27,99,0.0007196707719948362
0.27,100,-0.0007883958610311423
0.27,101,-0.0009197497064108532
0.27,102,0.0016742939853978695
0.27,103,0.0004226470438082568
0.27,104,9.926575270174315e-6
0.27,105,2.2488392920958023e-5
0.27,106,0.0010568849638440978
0.27,107,0.0010909664963193709
0.27,108,-0.0007386542455113367
0.27,109,-0.00011485851240788025
0.27,110,0.0006885738924667405
0.27,111,0.0019497971067689735
0.27,112,-9.014958939343267e-5
0.27,113,-0.000705433039401531
0.27,114,0.0008434739568479853
0.27,115,-0.0003206739109677388
0.27,116,0.0005753756699889799
0.27,117,0.0006824832085356843
0.27,118,0.001128636584033014
0.27,119,-0.0011442650255132697
0.27,120,0.0014240249632913075
0.27,121,-0.0016685731109773439
0.27,122,0.0008653771502461524
0.27,123,9.172503139798649e-5
0.27,124,-0.0006795299798063672
0.27,125,0.0009615878127162683
0.27,126,-0.0002868197049579786
0.27,127,0.0005061619642449499
0.27,128,-0.0008405988492139275
0.27,129,0.0001199899930900829
0.27,130,0.0010106936355664335
0.27,131,-0.0011723961790556414
0.27,132,0.0011183625699286506
0.27,133,0.0003580130149130524
0.27,134,0.0001319577312053935
0.27,135,-0.0005409967002286347
0.27,136,0.00018210841235530206
0.27,137,3.5345729706088375e-5
0.27,138,-0.0001375625207936646
0.27,139,0.0009851217062354374
0.27,140,0.000160774193643508
0.27,141,0.0012294784216613168
0.27,142,-0.002003602688171323
0.27,143,0.0011192325481852194
0.27,144,-0.0002005746705425905
0.27,145,0.0008217830674069617
0.27,146,0.00041585093011107496
0.27,147,0.00047478814378461553
0.27,148,0.00129937663911168
0.27,149,-7.65226389998794e-5
0.27,150,-5.703475937393664e-5
0.27,151,0.0016122649506084405
0.27,152,0.0007716702825665288
0.27,153,0.0010969286606452833
0.27,154,0.001121284766909657
0.27,155,-0.0017785317973856374
0.27,156,0.0021693169753631827
0.27,157,0.0012377018645803259
0.27,158,0.0014766560970500035
0.27,159,0.0003918382515208513
0.27,160,0.0006466643866048289
0.27,161,0.0013874098112016259
0.27,162,0.0017824066223009235
0.27,163,6.903436757455713e-5
0.27,164,-0.0001860483670982796
0.27,165,0.001063997097173457
0.27,166,0.0019904889294479785
0.27,167,0.000543092169594238
0.27,168,-5.2939242214855136e-5
0.27,169,-0.0005240873917455288
0.27,170,-0.00021543808819808748
0.27,171,0.002505548218357674
0.27,172,0.0010836546737757274
0.27,173,-0.00015113435643073148
0.27,174,0.0020366842435218485
0.27,175,-0.0002625991429941855
0.27,176,0.0021552640909631078
0.27,177,-0.0007821550072197768
0.27,178,9.677083278623466e-5
0.27,179,0.003289916818714722
0.27,180,0.001922976133609308
0.27,181,-0.00016806425251290934
0.27,182,0.0007576048855663105
0.27,183,0.0014854587762271826
0.27,184,0.0011406926034650013
0.27,185,0.0020635089607008174
0.27,186,0.0015133981250896771
0.27,187,0.007512088930105549
0.27,188,0.004234412061600108
0.27,189,0.0006872693237268335
0.27,190,0.022309398401815922
0.27,191,-0.009353915721155766
0.27,192,0.2246828348003013
0.27,193,-0.00033377498498115237
0.27,194,0.0016756470149965972
0.27,195,-0.00100502367925843
0.27,196,0.00039624056712332954
0.27,197,-3.6124218635944644e-6
0.27,198,0.0011028603610979651
0.28,intercept,0.00808941652982803
0.28,1,0.003390747643728446
0.28,2,-0.0009005853537404093
0.28,3,0.0023755587844382377
0.28,4,3.9159953624225765e-5
0.28,5,0.0004837890760579922
0.28,6,0.0005381037114503392
0.28,7,0.0010165150766140879
0.28,8,0.0007614843166640123
0.28,9,-0.0004876687517865173
0.28,10,-0.0007203354787133877
0.28,11,0.0006368035968305746
0.28,12,-0.0010720125629340503
0.28,13,0.0019250482412024664
0.28,14,-0.0016701703943268734
0.28,15,0.0007104588859307612
0.28,16,9.221445853686395e-5
0.28,17,-0.00018761384945504707
0.28,18,0.0006877924058487317
0.28,19,-0.0005043203375482552
0.28,20,0.0009073813365419401
0.28,21,-0.0005675816728218003
0.28,22,0.0007987513842272007
0.28,23,0.0006483028017213203
0.28,24,0.00031638106079572644
0.28,25,-0.0013018062223681375
0.28,26,0.00033197982041943496
0.28,27,0.00016629497824025696
0.28,28,0.00041452998030715404
0.28,29,0.000290306298269867
0.28,30,0.00030375948786611113
0.28,31,-0.00022127081397622952
0.28,32,0.00021752354015745114
0.28,33,0.0017241071310329925
0.28,34,-0.0017646869046274078
0.28,35,0.0003783564871491477
0.28,36,0.00047351725037666034
0.28,37,0.000393279875433436
0.28,38,0.0006266932491635732
0.28,39,-0.0017440023235469398
0.28,40,8.22256757411766e-5
0.28,41,-0.001137980534151212
0.28,42,0.00048522339952836006
0.28,43,0.0010663904914569155
0.28,44,-0.0004188155693859832
0.28,45,-0.0008364528259833758
0.28,46,0.00040280146908272486
0.28,47,0.00047711357008971565
0.28,48,-0.00037441339684082044
0.28,49,-6.606712432634268e-5
0.28,50,-0.0001794515596071194
0.28,51,0.0014447556450022734
0.28,52,0.0007121806213917309
0.28,53,-0.0003784738622641418
0.28,54,-0.00025215986801495447
0.28,55,-0.0007946985918374853
0.28,56,0.002230955602442202
0.28,57,-6.858127672040135e-5
0.28,58,0.0006749796493217957
0.28,59,-0.0005467950359938639
0.28,60,0.002032761890658607
0.28,61,-0.00040833698560720536
0.28,62,0.00021338249101617268
0.28,63,0.0017208166518593532
0.28,64,-0.0011448602260613135
0.28,65,0.0023977080762089807
0.28,66,-8.034401979539306e-5
0.28,67,0.001393435797607505
0.28,68,-0.0008286406243782111
0.28,69,0.001034929729426143
0.28,70,0.00044773746118654135
0.28,71,-0.0011030445415764836
0.28,72,0.0011262718801483482
0.28,73,2.1479683441676844e-5
0.28,74,-0.0009397541271765949
0.28,75,-0.00010698221705584125
0.28,76,-0.0005697016420089579
0.28,77,0.0005361176727353469
0.28,78,0.0007304329737153679
0.28,79,-0.0009641560824823878
0.28,80,0.00023555640494318732
0.28,81,0.0019982916229942496
0.28,82,-0.0007408060774883722
0.28,83,0.0025926877909093655
0.28,84,-0.0007103973682140832
0.28,85,0.002470656921894622
0.28,86,-0.0016524761299850077
0.28,87,0.0024209954096349575
0.28,88,-0.0002837070909698479
0.28,89,0.00018609053515416746
0.28,90,0.0029083854946609718
0.28,91,-0.0027753948898599696
0.28,92,0.0025143729920726965
0.28,93,0.002536141082290658
0.28,94,0.0009675793576759797
0.28,95,0.0010830114416018428
0.28,96,-0.0017665212125907229
0.28,97,0.0014949703276479034
0.28,98,0.001326610055071682
0.28,99,0.0010654468561662079
0.28,100,-0.0010805381270347283
0.28,101,-0.0011888808991386876
0.28,102,0.0017518435393880053
0.28,103,0.00032443857945498467
0.28,104,-2.1351447357006568e-5
0.28,105,0.0004507337022002284
0.28,106,0.0010512316601083917
0.28,107,0.00080923220698207
0.28,108,-0.0006787022578416004
0.28,109,3.025761384486275e-6
0.28,110,0.0008545245358046026
0.28,111,0.0018426142023814274
0.28,112,-0.00020067626176396614
0.28,113,-0.0010433105403134068
0.28,114,0.0007362979647887878
0.28,115,-0.00030413873998983527
0.28,116,0.00036852290795620163
0.28,117,0.0010035264492571072
0.28,118,0.001119486811713956
0.28,119,-0.0014281804977469806
0.28,120,0.0015996858051467598
0.28,121,-0.0015578729168745917
0.28,122,0.0008403933022267543
0.28,123,6.271718706222506e-5
0.28,124,-0.0008306690213975115
0.28,125,0.0010833244535975032
0.28,126,-0.0006182798287584126
0.28,127,0.000721457055199759
0.28,128,-0.0011183535258235363
0.28,129,0.00032769670799252294
0.28,130,0.0008404480154735336
0.28,131,-0.0011710335180965888
0.28,132,0.0011223854824602576
0.28,133,0.0002776272136512427
0.28,134,1.3737852036009147e-5
0.28,135,-0.00039722217832786086
0.28,136,-0.000142097954179259
0.28,137,0.00030625392203037505
0.28,138,3.456108346214337e-5
0.28,139,0.0009222153561416822
0.28,140,0.00029292143914941374
0.28,141,0.0010564583081429564
0.28,142,-0.0020348811021366512
0.28,143,0.001132900202943581
0.28,144,-0.0002781099777881074
0.28,145,0.0006889660988806687
0.28,146,0.0007506600388182987
0.28,147,0.00034162362181921357
0.28,148,0.00158545788891969
0.28,149,-0.00020551242952006208
0.28,150,-5.074594400594342e-5
0.28,151,0.0013954743193424254
0.28,152,0.0007398811334001795
0.28,153,0.0013344103913619037
0.28,154,0.0009048348451532324
0.28,155,-0.0014833202930397281
0.28,156,0.001831736061337242
0.28,157,0.001382094924919179
0.28,158,0.0010161723088839688
0.28,159,0.0005596867665096084
0.28,160,0.0005089345250514385
0.28,161,0.0013470711463417688
0.28,162,0.0014474654375963313
0.28,163,0.00037491861125636195
0.28,164,-0.0001257957335310818
0.28,165,0.0009391455782911864
0.28,166,0.0017257960904007387
0.28,167,0.000777896481625159
0.28,168,9.330838744988856e-5
0.28,169,-0.00035594543447336016
0.28,170,-0.0003479686167239694
0.28,171,0.002965848877785571
0.28,172,0.0008825842180103174
0.28,173,7.76056630572193e-5
0.28,174,0.001822008140884961
0.28,175,-0.00020970018199491003
0.28,176,0.0021064378791347755
0.28,177,-0.0011553774610988726
0.28,178,0.0003332099984481942
0.28,179,0.002867786042599798
0.28,180,0.0017338664403807047
0.28,181,-0.0001780194789194103
0.28,182,0.0007299661153856202
0.28,183,0.001266881524868395
0.28,184,0.00144080276827694
0.28,185,0.002482598867467581
0.28,186,0.0011271481798045134
0.28,187,0.0074545876008613845
0.28,188,0.004235458223144307
0.28,189,0.0010858980784818292
0.28,190,0.022926288404871306
0.28,191,-0.010494488071888925
0.28,192,0.23614612498833518
0.28,193,-6.385684806180551e-7
0.28,194,0.0015906663168892832
0.28,195,-0.0009539690688084192
0.28,196,0.000405575527899567
0.28,197,4.501584575412887e-7
0.28,198,0.0010906831875906057
0.29,intercept,0.008066193219122266
0.29,1,0.0036798541792417553
0.29,2,-0.0006945015552787013
0.29,3,0.0026922040170730267
0.29,4,-0.00033630814038609826
0.29,5,0.0005783372734847541
0.29,6,0.00023790318335513072
0.29,7,0.0011982970640589147
0.29,8,0.00034642740374925984
0.29,9,-0.0004358134900793326
0.29,10,-0.0006702155165779927
0.29,11,0.0008920003834591977
0.29,12,-0.0012380503180648554
0.29,13,0.0017890341168163386
0.29,14,-0.0016434244109014035
0.29,15,0.0008487985612444189
0.29,16,4.358638431521666e-5
0.29,17,-0.0002018595163497966
0.29,18,0.0005488176184749864
0.29,19,-0.00028903803252225814
0.29,20,0.0010369025300190026
0.29,21,-0.0006892543193683525
0.29,22,0.000904314657510834
0.29,23,0.0008782555767236032
0.29,24,0.00013458849657360176
0.29,25,-0.0014959031754883736
0.29,26,0.0003982504435140321
0.29,27,0.00030595800825402073
0.29,28,0.0004881261651117161
0.29,29,0.00011225365143094419
0.29,30,0.00045470215389536967
0.29,31,-0.00011807143470083826
0.29,32,8.88112601122743e-5
0.29,33,0.0017992287512788706
0.29,34,-0.0017722127885012933
0.29,35,0.0006385717880781665
0.29,36,0.00020414729501389413
0.29,37,0.00024181276081883582
0.29,38,0.0007879701762834019
0.29,39,-0.0017789643626792495
0.29,40,-0.00025918435422097783
0.29,41,-0.0010701373142501815
0.29,42,0.0005983743126313064
0.29,43,0.001150554382285713
0.29,44,-0.0004756623913708947
0.29,45,-0.00046654213833116685
0.29,46,0.00044213788358001433
0.29,47,0.00031280495672827453
0.29,48,-0.0004981078895619818
0.29,49,8.812059820474154e-5
0.29,50,-0.0005418369196942341
0.29,51,0.0014510635376749808
0.29,52,0.0008699055366458675
0.29,53,-0.00039055264246103783
0.29,54,-0.0003397445526853509
0.29,55,-0.000599349797870205
0.29,56,0.0019396873378147552
0.29,57,7.535548630692092e-5
0.29,58,0.0005774650418326957
0.29,59,-9.364297002458589e-5
0.29,60,0.001786560802917865
0.29,61,2.7538051179237053e-5
0.29,62,8.398339497366585e-5
0.29,63,0.0017656764297592105
0.29,64,-0.0013392367849733096
0.29,65,0.002527958277845992
0.29,66,-3.523640515110422e-5
0.29,67,0.0011975887803810084
0.29,68,-0.0007815386096950909
0.29,69,0.0009511210927428246
0.29,70,0.00037669691971316
0.29,71,-0.0013904256024919782
0.29,72,0.0013575631329393917
0.29,73,0.00013075767360985708
0.29,74,-0.0008828433197726856
0.29,75,-0.0004527414017847144
0.29,76,-0.0008638622905812755
0.29,77,0.0008839970210630019
0.29,78,0.00046510141597149324
0.29,79,-0.0005239802477926534
0.29,80,-0.00010904499356924029
0.29,81,0.002043942976809922
0.29,82,-0.0004514027705573551
0.29,83,0.002945920154923343
0.29,84,-0.000992742006702069
0.29,85,0.0024700975383416287
0.29,86,-0.001878206987916616
0.29,87,0.0023931792333963036
0.29,88,5.5004267382576445e-5
0.29,89,0.0005495065150975886
0.29,90,0.002504926543974532
0.29,91,-0.0024991656453213487
0.29,92,0.0023911254194148826
0.29,93,0.0027490637866842992
0.29,94,0.0005339028286670826
0.29,95,0.0007549022088375562
0.29,96,-0.001725418410865626
0.29,97,0.0019046773040635161
0.29,98,0.0014854015544177133
0.29,99,0.0007263763580440216
0.29,100,-0.001174181957873337
0.29,101,-0.0009761825141553792
0.29,102,0.0016877770732289506
0.29,103,0.0007310876874867399
0.29,104,-0.00037708718288428017
0.29,105,0.0007894420930367257
0.29,106,0.0007417915367343354
0.29,107,0.0007616980232814608
0.29,108,-0.0008045426301723421
0.29,109,-9.438422817064465e-6
0.29,110,0.0005408735416150878
0.29,111,0.0015459553132382007
0.29,112,6.668183702078318e-5
0.29,113,-0.0009654817636597291
0.29,114,0.0006289882290413688
0.29,115,-5.642543161264158e-5
0.29,116,0.0007328301191487294
0.29,117,0.000728277174546576
0.29,118,0.0008610122206946883
0.29,119,-0.0011829967959293484
0.29,120,0.0016241092718178324
0.29,121,-0.0012461417107985718
0.29,122,0.0006205362169081552
0.29,123,-0.0001085828267689692
0.29,124,-0.0009353807409160205
0.29,125,0.001001850658316951
0.29,126,-0.0005269042670771582
0.29,127,0.0008405173089737733
0.29,128,-0.0010445418244512132
0.29,129,0.00040388223894078984
0.29,130,0.0008014644169264308
0.29,131,-0.0009476813595515165
0.29,132,0.0008543303426817787
0.29,133,0.0006094695390883464
0.29,134,-0.00040485003693444303
0.29,135,-0.00010269056584167433
0.29,136,-0.00015337871123071397
0.29,137,0.000297254744763703
0.29,138,-5.4537142381513314e-5
0.29,139,0.0008517144999731209
0.29,140,0.0003674097732868923
0.29,141,0.0007623472421063572
0.29,142,-0.0018632038469438906
0.29,143,0.0011377203788602273
0.29,144,-0.0002510808414155548
0.29,145,0.0005116645478163754
0.29,146,0.0009110932350075632
0.29,147,0.0004123966727990332
0.29,148,0.0013445647006917717
0.29,149,-0.00017543757029894454
0.29,150,-4.616009411192727e-5
0.29,151,0.0013616954772859196
0.29,152,0.0006510120603814805
0.29,153,0.0015158648124845618
0.29,154,0.000914309082809168
0.29,155,-0.001489849219230174
0.29,156,0.0017417610083500592
0.29,157,0.0012508165559145462
0.29,158,0.0012554681389515517
0.29,159,0.0002630545132250505
0.29,160,0.0005759086754587218
0.29,161,0.0012179900168889568
0.29,162,0.0018606641830552528
0.29,163,-4.675983645037356e-6
0.29,164,-0.00020917996912389093
0.29,165,0.0009351441538418982
0.29,166,0.001635776681433421
0.29,167,0.0010831956016899747
0.29,168,-2.3971030165250568e-5
0.29,169,-0.0005546923576542249
0.29,170,-0.00031935555071107365
0.29,171,0.0030283680257029684
0.29,172,0.0010232909538936674
0.29,173,0.00019038779578752318
0.29,174,0.0016364131357265376
0.29,175,-0.00038990109189530664
0.29,176,0.002680461806246902
0.29,177,-0.001706113827165211
0.29,178,0.0005331061440801143
0.29,179,0.002706409138277268
0.29,180,0.0017522739317479652
0.29,181,-0.0007993233697591878
0.29,182,0.0008032620415982769
0.29,183,0.0012039374734361848
0.29,184,0.001703321019562077
0.29,185,0.002985348668768841
0.29,186,0.0010403332592839464
0.29,187,0.007479402746765166
0.29,188,0.0046639723731889985
0.29,189,0.0008798319021798927
0.29,190,0.023524170663151003
0.29,191,-0.011686151398407148
0.29,192,0.24732306924682745
0.29,193,-0.00011077170695831283
0.29,194,0.0016367429441023964
0.29,195,-0.0009773157374482696
0.29,196,0.00040821918633929217
0.29,197,2.854707625435729e-6
0.29,198,0.0010778918274588578
0.3,intercept,0.008052329305288531
0.3,1,0.003252523307128315
0.3,2,-0.00034240713165134036
0.3,3,0.002409369772840645
0.3,4,-0.0004145130453226146
0.3,5,0.0002717676257382637
0.3,6,0.00034621607861831845
0.3,7,0.0010996063015086398
0.3,8,0.0005090213995963517
0.3,9,-0.00024837224450749987
0.3,10,-0.0009488550451431575
0.3,11,0.0010977369018708918
0.3,12,-0.00165469556108046
0.3,13,0.0022564116146314927
0.3,14,-0.0020065418387885297
0.3,15,0.0006942372064767688
0.3,16,0.00015808489434984452
0.3,17,1.5572016578300703e-5
0.3,18,0.00036481005688661713
0.3,19,-4.445890428414233e-5
0.3,20,0.0010534105610681306
0.3,21,-0.0006592810081326029
0.3,22,0.0008949407198322313
0.3,23,0.0007357262511513649
0.3,24,0.0003623727123334437
0.3,25,-0.0017608738076118912
0.3,26,0.00019402389008775392
0.3,27,0.0003431926161812709
0.3,28,0.000645366138160458
0.3,29,-3.8540588042628704e-5
0.3,30,0.0005186994745140116
0.3,31,-0.0001502517971364669
0.3,32,5.3954762450491325e-5
0.3,33,0.0019160149033632461
0.3,34,-0.001914704184060358
0.3,35,0.000680550789032772
0.3,36,3.2622353739486766e-5
0.3,37,0.0003894891498430515
0.3,38,0.0006627746437317161
0.3,39,-0.001575752125285099
0.3,40,-0.0005163963227057742
0.3,41,-0.001121648621549672
0.3,42,0.0006319857274786544
0.3,43,0.0010314806555832379
0.3,44,-0.0005515631439442141
0.3,45,-0.0005748578085984821
0.3,46,0.0006679015860814092
0.3,47,0.0003017086536777137
0.3,48,-0.0004247072196221304
0.3,49,0.00037324846181316335
0.3,50,-0.0010035845942275468
0.3,51,0.0020086441236517095
0.3,52,0.0006127200634795653
0.3,53,-0.00042626930434534527
0.3,54,-0.00020046027806125432
0.3,55,-0.00069219462162984
0.3,56,0.0019401994392256134
0.3,57,-0.00011334689865771536
0.3,58,0.0009623772873575378
0.3,59,-0.0003740632249496653
0.3,60,0.0022229983484235503
0.3,61,-0.00029938223879312416
0.3,62,0.00022149308064754557
0.3,63,0.0017701128354431683
0.3,64,-0.001545424988749177
0.3,65,0.0026235108119193073
0.3,66,2.6696316849408804e-5
0.3,67,0.0010213428154903067
0.3,68,-0.0006196980880282353
0.3,69,0.0007944692565363574
0.3,70,0.0005935737808959445
0.3,71,-0.0015934928503733954
0.3,72,0.0016562807313245562
0.3,73,-0.00023257925280443395
0.3,74,-0.0007153329505821494
0.3,75,-0.0002897068219908814
0.3,76,-0.0009953682075517444
0.3,77,0.0008434289593288228
0.3,78,0.0004760933045921306
0.3,79,-0.0005083969376105521
0.3,80,-0.00015157236908959015
0.3,81,0.002115827807830539
0.3,82,-0.0006042561127686624
0.3,83,0.0028545677411028186
0.3,84,-0.0012635117665108198
0.3,85,0.002405642263894535
0.3,86,-0.0017180641771972368
0.3,87,0.002708915296211518
0.3,88,-0.0002506129864326975
0.3,89,0.000846380245329743
0.3,90,0.002397079701516
0.3,91,-0.0021556976398424093
0.3,92,0.001909397780379016
0.3,93,0.003062567145138162
0.3,94,0.0005865921937869836
0.3,95,0.0005032908596859562
0.3,96,-0.0012201331096846535
0.3,97,0.0016244603578309895
0.3,98,0.00201959198055561
0.3,99,-4.910193992087964e-5
0.3,100,-0.0009790146835655777
0.3,101,-0.0010288477281491268
0.3,102,0.0016974015267955595
0.3,103,0.0007148301624278682
0.3,104,4.181100456455306e-7
0.3,105,0.00041038319207914356
0.3,106,0.0005900436847506585
0.3,107,0.0008708885904730937
0.3,108,-0.001033982709715687
0.3,109,-0.0001397566739047135
0.3,110,0.00047062584966399906
0.3,111,0.0017988962764942061
0.3,112,-0.00030345518582557926
0.3,113,-0.00047351811387878664
0.3,114,0.0005441822241738901
0.3,115,0.00021750813232628293
0.3,116,0.0009340556824194346
0.3,117,0.0007465346203864508
0.3,118,0.0003689681334497264
0.3,119,-0.0008751325113598806
0.3,120,0.001727207757250751
0.3,121,-0.0012859620458353558
0.3,122,0.00048679443649427993
0.3,123,0.0001918345435118415
0.3,124,-0.0012448218996076084
0.3,125,0.0013212081221825904
0.3,126,-0.0004546900345668398
0.3,127,0.0007627578414049493
0.3,128,-0.0011583415424555321
0.3,129,0.0003726441653836445
0.3,130,0.0007959033342451497
0.3,131,-0.0010827771615772397
0.3,132,0.0008195965669767281
0.3,133,0.0004296209738560334
0.3,134,-0.00010884682209743693
0.3,135,-1.9114794223675678e-5
0.3,136,-0.0002664190571031368
0.3,137,0.00037061970938238794
0.3,138,-0.0003965330271516594
0.3,139,0.0010199742886455485
0.3,140,0.00036550296078368533
0.3,141,0.0004656242151142298
0.3,142,-0.0016021122476493203
0.3,143,0.0010038694663593156
0.3,144,-0.000272506409548719
0.3,145,0.0004249873463628556
0.3,146,0.0010109419253532133
0.3,147,0.0003006855481674465
0.3,148,0.0013935027488472657
0.3,149,-0.00023948622221273125
0.3,150,-0.00013692505832466496
0.3,151,0.0016916092536725415
0.3,152,0.0004549690748968582
0.3,153,0.0015098127103476747
0.3,154,0.0010148227910913167
0.3,155,-0.0013925142966985085
0.3,156,0.0016566594045133618
0.3,157,0.001152474288789942
0.3,158,0.0014297618748975247
0.3,159,-4.752341525362142e-5
0.3,160,0.0007149755664263627
0.3,161,0.0012109309842035258
0.3,162,0.0019449084261089094
0.3,163,-1.6891057569140195e-5
0.3,164,-0.00020868341892847704
0.3,165,0.0011530262239591413
0.3,166,0.001446277454566152
0.3,167,0.0015192710369718453
0.3,168,-0.0001754676057807947
0.3,169,-0.0006256478344270157
0.3,170,-0.00043434434799256367
0.3,171,0.0030789706524886676
0.3,172,0.0008443592475410633
0.3,173,0.0002577141894185587
0.3,174,0.0012734190322090267
0.3,175,-0.00018417632909088676
0.3,176,0.0023853524357126447
0.3,177,-0.0013394755542949217
0.3,178,0.0003312197331440209
0.3,179,0.0025186242983852294
0.3,180,0.0015956214719020894
0.3,181,-0.00068545409476217
0.3,182,0.0005279100460285825
0.3,183,0.001148477485031456
0.3,184,0.0009911003983036997
0.3,185,0.0032957224496849196
0.3,186,0.000809996659229974
0.3,187,0.007799895410875484
0.3,188,0.0052634958599544895
0.3,189,0.0007205259311863498
0.3,190,0.023847174196597102
0.3,191,-0.012203653074880354
0.3,192,0.26027987679194964
0.3,193,0.000112037474226453
0.3,194,0.0014123811126438256
0.3,195,-0.0010024577384820696
0.3,196,0.00037121471811572403
0.3,197,4.62672308391282e-6
0.3,198,0.001053039674399515
0.31,intercept,0.008011797388484038
0.31,1,0.0028789677697043095
0.31,2,4.849475333330763e-5
0.31,3,0.0017497944021050986
0.31,4,-2.7096521012307122e-5
0.31,5,-5.6841578269620976e-5
0.31,6,0.000600709292074911
0.31,7,0.0011134108235869662
0.31,8,0.0008210314247992389
0.31,9,-0.00040851017644987376
0.31,10,-0.0010165630134117874
0.31,11,0.0010102405036115222
0.31,12,-0.0015819854689897372
0.31,13,0.0021716981312526955
0.31,14,-0.0018978272140064282
0.31,15,0.0006402855448479546
0.31,16,0.00046742613087457984
0.31,17,-0.0003036237427333387
0.31,18,0.0006679597163459364
0.31,19,3.0545662192271916e-5
0.31,20,0.0009224415528119223
0.31,21,-0.000648043041484051
0.31,22,0.000915962249380812
0.31,23,0.0005013840842109548
0.31,24,0.0003841653555928166
0.31,25,-0.0017748254778191946
0.31,26,0.0001794765139536557
0.31,27,8.064181813657487e-5
0.31,28,0.000746720020231067
0.31,29,0.00013195215159336214
0.31,30,0.0006701008737321888
0.31,31,-0.0002959639985687996
0.31,32,-2.2807757543765025e-6
0.31,33,0.0018463701709703767
0.31,34,-0.001823286484646603
0.31,35,0.0008399712453025604
0.31,36,-9.262555005440856e-5
0.31,37,0.0002627402314279142
0.31,38,0.0007713468109524001
0.31,39,-0.0017705557233056452
0.31,40,-0.0003464112866961377
0.31,41,-0.0012944914681050478
0.31,42,0.0006540954337148469
0.31,43,0.0009559663986522075
0.31,44,-0.0006411242117149786
0.31,45,-0.0006424499474053295
0.31,46,0.0009265403886149527
0.31,47,0.00031592081997647357
0.31,48,-0.0004468819997607287
0.31,49,0.00040150268123908926
0.31,50,-0.001249941358650663
0.31,51,0.0020910261131571895
0.31,52,0.0005834971101037645
0.31,53,-0.00034799412465836654
0.31,54,-0.00029148812127313304
0.31,55,-0.0007984885108466088
0.31,56,0.002084383312095009
0.31,57,0.00012223513727691995
0.31,58,0.0007749724391469062
0.31,59,-4.585733751903465e-5
0.31,60,0.002427826965264135
0.31,61,-0.0005648937790824122
0.31,62,0.00027405745891574435
0.31,63,0.001573352709739329
0.31,64,-0.0015155683464275894
0.31,65,0.0025526351749431807
0.31,66,0.000335619538713906
0.31,67,0.0010009778378826913
0.31,68,-0.0003675067788852774
0.31,69,0.0006338363750598518
0.31,70,0.0008098885443804683
0.31,71,-0.00143850697110652
0.31,72,0.0012047506259492227
0.31,73,-0.00025930492127643575
0.31,74,-0.0006253254929611225
0.31,75,6.594649000049527e-6
0.31,76,-0.0014251313007346523
0.31,77,0.001249929123116888
0.31,78,0.0002504060816092259
0.31,79,-0.0004554724216600735
0.31,80,-9.813396981514597e-5
0.31,81,0.0015582360342277053
0.31,82,9.685929656945941e-6
0.31,83,0.002502586620754078
0.31,84,-0.0012409940248921578
0.31,85,0.002394111676630232
0.31,86,-0.0018172981072126474
0.31,87,0.002680964174662003
0.31,88,-0.0003029263911547939
0.31,89,0.0013028307850900256
0.31,90,0.002420562441572381
0.31,91,-0.0026583766713125286
0.31,92,0.0024183851081572825
0.31,93,0.002937222320057996
0.31,94,0.0005140202846191269
0.31,95,0.0004886452506128028
0.31,96,-0.0014644139237327501
0.31,97,0.0017925060902347467
0.31,98,0.002060029878913238
0.31,99,-5.288349045856945e-5
0.31,100,-0.00044019011216819777
0.31,101,-0.0011896576783825834
0.31,102,0.0024078458813348966
0.31,103,0.0003062086445467394
0.31,104,-0.00013229495442064487
0.31,105,0.0003914697008961241
0.31,106,0.0007268910116822853
0.31,107,0.0006983294972498208
0.31,108,-0.0012046269872965567
0.31,109,3.0120006703142764e-5
0.31,110,1.9931572710435428e-5
0.31,111,0.002068637124228019
0.31,112,-0.0003059785711444528
0.31,113,-0.00040263515818439775
0.31,114,0.0003292660281155845
0.31,115,4.4670911572487204e-5
0.31,116,0.0009718878208374889
0.31,117,0.0007917238465800045
0.31,118,0.0008451391939452213
0.31,119,-0.0011650696800292006
0.31,120,0.0015502548778788313
0.31,121,-0.0012482243098879745
0.31,122,0.00042164957396129084
0.31,123,0.0003253782162241711
0.31,124,-0.0011586660801694694
0.31,125,0.0013060767464984698
0.31,126,-0.0003337454965952435
0.31,127,0.0007765881322258428
0.31,128,-0.0010460553557321284
0.31,129,0.0004897560680442904
0.31,130,0.0006716156240464885
0.31,131,-0.001126474249405511
0.31,132,0.0006154221384947113
0.31,133,0.0005006765729117496
0.31,134,-0.00021448661526513464
0.31,135,0.00011807585689079797
0.31,136,-0.00047642272603435736
0.31,137,0.0005176629477350276
0.31,138,-0.00044018723371298747
0.31,139,0.0010297769435878832
0.31,140,0.0003949607311946786
0.31,141,0.0006207892244988074
0.31,142,-0.0017436611697743355
0.31,143,0.0010257821610886028
0.31,144,-0.0002879540807815496
0.31,145,0.00046623061016088616
0.31,146,0.0008872397108101552
0.31,147,0.0005444178406133262
0.31,148,0.001358010798815553
0.31,149,-0.0002630022208141206
0.31,150,-0.0001572388893758381
0.31,151,0.0013778587410323978
0.31,152,0.00042463642364244555
0.31,153,0.0014029499984297867
0.31,154,0.0011731425096088164
0.31,155,-0.0014393209394747194
0.31,156,0.0015503909349927122
0.31,157,0.001287850425526499
0.31,158,0.0016366033271894567
0.31,159,-0.00018406564706047879
0.31,160,0.0008477527845676978
0.31,161,0.0009024968842591136
0.31,162,0.002173613479134349
0.31,163,-0.00011081205177432689
0.31,164,-8.651821701467729e-5
0.31,165,0.001244471267610852
0.31,166,0.0011961113200339118
0.31,167,0.001679244895312955
0.31,168,-0.00015384583297953816
0.31,169,-0.0009465523067909455
0.31,170,-0.00042012753599913804
0.31,171,0.0028533408881767893
0.31,172,0.0009381740431002694
0.31,173,0.00021229143469742406
0.31,174,0.0014630229346842129
0.31,175,5.695972575374787e-6
0.31,176,0.002138416177511341
0.31,177,-0.0010900395094971434
0.31,178,-1.870310930578782e-5
0.31,179,0.0021135309099355516
0.31,180,0.0018508907789255998
0.31,181,-0.0007428033238148054
0.31,182,0.0008768439338173085
0.31,183,0.001199516827862184
0.31,184,0.0009096892029644079
0.31,185,0.0032290184849037905
0.31,186,0.0009252088652381928
0.31,187,0.008058792081495243
0.31,188,0.00530747194709388
0.31,189,0.00042070923684935714
0.31,190,0.024158145336513764
0.31,191,-0.012063471608430614
0.31,192,0.27077890598817894
0.31,193,2.0250103952410317e-5
0.31,194,0.0015451452133549242
0.31,195,-0.0010017983818655426
0.31,196,0.0003639257518048313
0.31,197,1.0903730774088419e-5
0.31,198,0.0010189250529912513
0.32,intercept,0.007931526278380287
0.32,1,0.0028982332884442946
0.32,2,0.0001423471562752677
0.32,3,0.0015716054485178151
0.32,4,0.0001978256751113612
0.32,5,-0.000130258016290838
0.32,6,0.00026269763547159374
0.32,7,0.0014853386983494584
0.32,8,0.001032991094507562
0.32,9,-0.0006198727075027277
0.32,10,-0.0010804831805551437
0.32,11,0.0009672785462005244
0.32,12,-0.0018086873730055087
0.32,13,0.0025105986601213644
0.32,14,-0.001763496255230244
0.32,15,0.0007255466311579199
0.32,16,0.00034500012682242337
0.32,17,-0.0006413320305420824
0.32,18,0.000949261639333715
0.32,19,5.3964652708074716e-5
0.32,20,0.0010373151524468013
0.32,21,-0.00045170851998241394
0.32,22,0.0009803849263353356
0.32,23,0.0004911089177714299
0.32,24,0.000297581126429705
0.32,25,-0.001845542737218609
0.32,26,-0.00012119780388313172
0.32,27,0.00035504147589588287
0.32,28,0.0006230127664539235
0.32,29,5.733039518722968e-5
0.32,30,0.0007557851598369442
0.32,31,-0.0001409862059426364
0.32,32,1.682057788472919e-5
0.32,33,0.001340516175117449
0.32,34,-0.0017324319344237686
0.32,35,0.001160382951425816
0.32,36,-0.0001372379065501316
0.32,37,0.00041009760816778577
0.32,38,0.0005855851182387402
0.32,39,-0.0014620151625654731
0.32,40,-0.00042242023807338746
0.32,41,-0.0013007963683594277
0.32,42,0.00041657083736003684
0.32,43,0.0010576016714516536
0.32,44,-0.0007998787144570954
0.32,45,-0.000641320468442458
0.32,46,0.0009472022004302586
0.32,47,0.00023681320630399697
0.32,48,-0.00031382333899143634
0.32,49,0.0004721898931983808
0.32,50,-0.001346801518921485
0.32,51,0.0022581688091144352
0.32,52,0.00046347471505628075
0.32,53,-0.00024208794283133692
0.32,54,-0.00018894887567746585
0.32,55,-0.0006648522276242556
0.32,56,0.0019777552105256667
0.32,57,-0.0002833104107440729
0.32,58,0.001093912388342042
0.32,59,-0.00017507075170939692
0.32,60,0.002256141064800649
0.32,61,-0.0005062577023756576
0.32,62,0.00012272395738395988
0.32,63,0.0016122648108921524
0.32,64,-0.0015408258979473235
0.32,65,0.003037066954440604
0.32,66,0.0006050024057640264
0.32,67,0.0008347439875293787
0.32,68,-0.0001509031677876567
0.32,69,0.0005487164593580355
0.32,70,0.0006492625279036268
0.32,71,-0.0016261214366635737
0.32,72,0.0014103663877947914
0.32,73,-0.0005435718338313823
0.32,74,-0.00042287644940816
0.32,75,-0.00011154676897443649
0.32,76,-0.00140923983042284
0.32,77,0.001229661844566214
0.32,78,0.0004006252778830451
0.32,79,-0.00020295637549819104
0.32,80,0.0001462168388704216
0.32,81,0.0014472048729130501
0.32,82,0.00021199448318840765
0.32,83,0.0020026871814910166
0.32,84,-0.0010742076273707068
0.32,85,0.002693317360724216
0.32,86,-0.002133087044948603
0.32,87,0.0025558179404960076
0.32,88,-0.0002727833896607524
0.32,89,0.001899379757344987
0.32,90,0.0023423053493409115
0.32,91,-0.002538746462404201
0.32,92,0.002447933814084567
0.32,93,0.002536459199046574
0.32,94,0.0005992905304100239
0.32,95,0.0005879742213125934
0.32,96,-0.0015887756717949317
0.32,97,0.0017638069106229671
0.32,98,0.0018383025702399336
0.32,99,0.0002311024483805536
0.32,100,-0.00036456169088495434
0.32,101,-0.0016356463113345405
0.32,102,0.002784950060131481
0.32,103,0.00016424728471077174
0.32,104,3.068446522874995e-5
0.32,105,0.00021670802715636656
0.32,106,0.0007396101161352839
0.32,107,0.0006712124686653148
0.32,108,-0.001389368318612042
0.32,109,3.565884957587572e-5
0.32,110,0.00010510002943316164
0.32,111,0.0022318398130442905
0.32,112,-0.0003221086692019804
0.32,113,-0.0005474889142774359
0.32,114,0.0006548183284067273
0.32,115,-4.818152903876838e-5
0.32,116,0.0010249464042556028
0.32,117,0.000670822390478866
0.32,118,0.0010893416067628654
0.32,119,-0.0013150627548201156
0.32,120,0.0016707751550183096
0.32,121,-0.0012405461757565182
0.32,122,0.0005822173629604869
0.32,123,-7.498963329898313e-5
0.32,124,-0.0008955945764573102
0.32,125,0.0010914191474999523
0.32,126,-0.0003553305957554895
0.32,127,0.0007691652076230837
0.32,128,-0.0010924971231331885
0.32,129,0.0005168538793145496
0.32,130,0.0005454594617625972
0.32,131,-0.0011690790252853896
0.32,132,0.0008901967507225349
0.32,133,0.0007509822149062559
0.32,134,-0.0005027211574485115
0.32,135,0.00036205461935533633
0.32,136,-0.0005074667198579528
0.32,137,0.0006035936749242747
0.32,138,-0.000767858883656001
0.32,139,0.0013397772948322104
0.32,140,-4.643015637891365e-5
0.32,141,0.0006693764423467496
0.32,142,-0.001344692352423599
0.32,143,0.0008023706109043071
0.32,144,-0.00029262758488411125
0.32,145,0.0004458515207055357
0.32,146,0.0009535173312504749
0.32,147,0.0006479254558227732
0.32,148,0.001055805954196324
0.32,149,-4.6357879003329634e-5
0.32,150,-0.0002285402405859119
0.32,151,0.00129244644583196
0.32,152,0.0004621102264554743
0.32,153,0.0017216448430956957
0.32,154,0.000888955525897208
0.32,155,-0.0015559417847485373
0.32,156,0.0016727840224916672
0.32,157,0.0012030965324465335
0.32,158,0.0014948052750378854
0.32,159,0.0002037427982790916
0.32,160,0.0007003222062165707
0.32,161,0.0011411793708166259
0.32,162,0.0018032678478818915
0.32,163,-0.00023636050780255878
0.32,164,-0.00021277429888889266
0.32,165,0.0014659632318031273
0.32,166,0.0011913484480183675
0.32,167,0.0013347558961156409
0.32,168,0.00016719211332120608
0.32,169,-0.0011322290817024111
0.32,170,-0.0003706396620981634
0.32,171,0.002931062748765172
0.32,172,0.0007071025648037053
0.32,173,0.00015178529936612443
0.32,174,0.0014211413693659232
0.32,175,0.0001243021356892449
0.32,176,0.002223333001212962
0.32,177,-0.0013289278431738833
0.32,178,0.000314644931773591
0.32,179,0.0012501413641991925
0.32,180,0.0025437570006354117
0.32,181,-0.0009735421477559223
0.32,182,0.0008455133529822164
0.32,183,0.0010487730373967786
0.32,184,0.0011619426145347699
0.32,185,0.0024336787485806583
0.32,186,0.0016817525278261364
0.32,187,0.007630028744693742
0.32,188,0.005143744061091127
0.32,189,0.00022364183707976795
0.32,190,0.02508343687505819
0.32,191,-0.011940322732957401
0.32,192,0.28308928374461967
0.32,193,0.00010321168722047131
0.32,194,0.001409762617341724
0.32,195,-0.0010222065616847166
0.32,196,0.00035966361041384043
0.32,197,-1.8977123266572034e-5
0.32,198,0.0009846515194671113
0.33,intercept,0.007914632492512013
0.33,1,0.003303933618506854
0.33,2,0.0002964091414635437
0.33,3,0.0014218749408727385
0.33,4,0.0001583349215860741
0.33,5,-0.0004640977069842247
0.33,6,0.0007104467383117752
0.33,7,0.0009416370194274949
0.33,8,0.0011570046473278475
0.33,9,-0.00031084945548340667
0.33,10,-0.0008210579756524845
0.33,11,0.0008501337972390573
0.33,12,-0.0018289768997289898
0.33,13,0.0024927424656509276
0.33,14,-0.0019950627068766346
0.33,15,0.00099741439989683
0.33,16,0.00019996097753401638
0.33,17,-0.0005968392391456323
0.33,18,0.0009431361307471179
0.33,19,5.838105764794144e-6
0.33,20,0.0011391910344960663
0.33,21,-0.0002967266064558973
0.33,22,0.0009176782647128539
0.33,23,0.0003907228936870321
0.33,24,0.0005044324608711199
0.33,25,-0.0021045607307328576
0.33,26,9.360615633116682e-7
0.33,27,9.986589000320157e-5
0.33,28,0.0005807757450114425
0.33,29,8.869483694181434e-5
0.33,30,0.00055268625335119
0.33,31,-0.00018883933314740097
0.33,32,6.529257368704135e-5
0.33,33,0.001457187483972482
0.33,34,-0.0016511850250411435
0.33,35,0.001151675108713595
0.33,36,-0.00013931000310837884
0.33,37,0.0002574713393065502
0.33,38,0.0006938495530044254
0.33,39,-0.0013186729434306128
0.33,40,-0.0005483164500669918
0.33,41,-0.0013267367532072743
0.33,42,0.00023462607225267266
0.33,43,0.0011798931784853485
0.33,44,-0.000907225495766077
0.33,45,-0.0006166734958620839
0.33,46,0.0007764486403382136
0.33,47,0.0001928835149729231
0.33,48,-0.00014235962575083426
0.33,49,0.0004941294679350074
0.33,50,-0.00144853698120211
0.33,51,0.0023443716919749613
0.33,52,0.0003848365362266086
0.33,53,-1.4947430738585898e-5
0.33,54,-0.0004838158379528624
0.33,55,-0.00043063808691042613
0.33,56,0.0023543881873166216
0.33,57,-0.0005439274942897457
0.33,58,0.0011951392751157366
0.33,59,-0.0004083930132096067
0.33,60,0.0022520014348602416
0.33,61,-0.0005401946653237649
0.33,62,0.0003161542614993517
0.33,63,0.0015802346811466172
0.33,64,-0.0015612951319451144
0.33,65,0.002708725789154595
0.33,66,0.000672875956337474
0.33,67,0.0008829117779303643
0.33,68,-4.844361241584933e-5
0.33,69,0.0006747211077143236
0.33,70,0.00030042791879279903
0.33,71,-0.0015324094247995274
0.33,72,0.001151469007793652
0.33,73,-0.0004342477178387601
0.33,74,-0.00021527510289194818
0.33,75,-0.00010486360866508166
0.33,76,-0.00150755551976587
0.33,77,0.0010484338490837088
0.33,78,0.0006941910942838544
0.33,79,-0.0004906495168792176
0.33,80,-5.382058390420522e-7
0.33,81,0.001694035685504925
0.33,82,0.0003071580265234819
0.33,83,0.0015235952925161235
0.33,84,-0.0006364989239891881
0.33,85,0.00229007855856217
0.33,86,-0.00212763867408201
0.33,87,0.0024947039418990484
0.33,88,-9.456686171654576e-5
0.33,89,0.0018402071817186923
0.33,90,0.0022905295653794034
0.33,91,-0.002345525891299922
0.33,92,0.0023859995393906972
0.33,93,0.0025382660925826256
0.33,94,0.0007138739935955311
0.33,95,0.0003586280923331935
0.33,96,-0.0016162961067361329
0.33,97,0.0015657639878682923
0.33,98,0.0018918589021167198
0.33,99,-0.00024320115481344515
0.33,100,4.677731747087367e-5
0.33,101,-0.0015079286867446865
0.33,102,0.002237120965631407
0.33,103,0.0006399322837440614
0.33,104,-0.0005185808901580578
0.33,105,0.0005791714569593497
0.33,106,0.0009556268367814811
0.33,107,0.000950379842379321
0.33,108,-0.0015518929621544508
0.33,109,1.703153388965732e-5
0.33,110,0.0005417460701598196
0.33,111,0.0017876951326357496
0.33,112,-5.1804964938650854e-5
0.33,113,-0.0009577098393478063
0.33,114,0.0005942820473229518
0.33,115,1.4338314294247106e-5
0.33,116,0.0007750856241407177
0.33,117,0.0010037627252759496
0.33,118,0.0009358096845540295
0.33,119,-0.0012776540103767982
0.33,120,0.0014880645187277807
0.33,121,-0.0011896796280367865
0.33,122,0.000440846518914379
0.33,123,1.2476235619320211e-5
0.33,124,-0.0011562549927043037
0.33,125,0.0011580648239718626
0.33,126,-0.0006019273863383274
0.33,127,0.0010931322813786037
0.33,128,-0.0011455327624163977
0.33,129,0.0006520622102547738
0.33,130,0.000758720951007721
0.33,131,-0.001496119692670094
0.33,132,0.0008568014607752316
0.33,133,0.000991404573802358
0.33,134,-0.00046424618981052773
0.33,135,0.0004951264192350441
0.33,136,-0.0006742257295573995
0.33,137,0.0007404276418940372
0.33,138,-0.001041485681152158
0.33,139,0.0014236626499178995
0.33,140,-0.00023947975326568877
0.33,141,0.00074889107402874
0.33,142,-0.0014267050870327763
0.33,143,0.0007544843139766802
0.33,144,2.507645507006611e-5
0.33,145,0.0003029181022745525
0.33,146,0.0011558023273914087
0.33,147,0.0004856792870021531
0.33,148,0.0011316554979737404
0.33,149,2.5455654316218773e-5
0.33,150,-0.00020685367985838723
0.33,151,0.0011284516175593248
0.33,152,0.00046966714328451907
0.33,153,0.001879912728561768
0.33,154,0.0007270588056766836
0.33,155,-0.001599130591653008
0.33,156,0.00146547102027926
0.33,157,0.0012192105200690224
0.33,158,0.0014406957097160974
0.33,159,0.000515376637500884
0.33,160,0.00049390529614274
0.33,161,0.0014768486331606528
0.33,162,0.0015522531525379458
0.33,163,2.456651736987141e-6
0.33,164,-0.0004836181517150252
0.33,165,0.0011254539036086426
0.33,166,0.0013768870516091118
0.33,167,0.0009347467807872173
0.33,168,0.0005690130610543562
0.33,169,-0.0012848521142449065
0.33,170,-0.00015546549534220866
0.33,171,0.002879868831814621
0.33,172,0.00047017686522498014
0.33,173,9.272457962604746e-5
0.33,174,0.0016616612398961702
0.33,175,0.00013430404609042902
0.33,176,0.002436591234884491
0.33,177,-0.0012532316946344524
0.33,178,0.00015349571641503533
0.33,179,0.00130416070495596
0.33,180,0.0025146097912805945
0.33,181,-0.0013162234445837063
0.33,182,0.0010750644958789596
0.33,183,0.00040470395273604676
0.33,184,0.0016055294131409104
0.33,185,0.0019382553073107691
0.33,186,0.0026897447378088552
0.33,187,0.007266727470797178
0.33,188,0.005252247890980393
0.33,189,0.0005147469042022566
0.33,190,0.025812871712086977
0.33,191,-0.012323943843853082
0.33,192,0.29395515574561787
0.33,193,0.0003304382827690266
0.33,194,0.0013636942982515866
0.33,195,-0.0010507060839789893
0.33,196,0.0003510887747948025
0.33,197,1.6888235705988207e-5
0.33,198,0.0009810262556536114
0.34,intercept,0.00783717918247617
0.34,1,0.002917333751198004
0.34,2,0.00024851473649783855
0.34,3,0.001661149621154138
0.34,4,0.000265380855090617
0.34,5,-0.00021350678567220538
0.34,6,0.0006530449840857597
0.34,7,0.0007472318006353189
0.34,8,0.0009150131798264281
0.34,9,-7.541386448803494e-5
0.34,10,-0.001237742120176349
0.34,11,0.0009255953229267367
0.34,12,-0.0013567186132697133
0.34,13,0.002220475918982995
0.34,14,-0.0020994814242777386
0.34,15,0.0008174001038516028
0.34,16,0.00032784144289336103
0.34,17,-0.00042236268218218066
0.34,18,0.0008179849899168734
0.34,19,8.745743295416121e-5
0.34,20,0.0010614131310969267
0.34,21,-0.0003135218876021749
0.34,22,0.0012645155996139554
0.34,23,-7.908663007993512e-5
0.34,24,0.0006050559745347649
0.34,25,-0.0023219286838261177
0.34,26,5.196708347507788e-5
0.34,27,0.00041170619683685765
0.34,28,0.0008074676509501589
0.34,29,0.00031984936062581803
0.34,30,0.00031787640718895956
0.34,31,-0.00015619409093620875
0.34,32,-0.00017051786507477014
0.34,33,0.0012985924133757827
0.34,34,-0.0017019786258034115
0.34,35,0.0013646678412618375
0.34,36,-0.00020602809421893273
0.34,37,0.00014002814452294932
0.34,38,0.0006704974840709983
0.34,39,-0.000996518846204833
0.34,40,-0.0006783335669540152
0.34,41,-0.0012914328386082455
0.34,42,0.0002639106038598038
0.34,43,0.0011478832795167929
0.34,44,-0.000701405014060199
0.34,45,-0.000906683386205468
0.34,46,0.0005989619395814899
0.34,47,0.0004249177693854983
0.34,48,-0.0003527205196369987
0.34,49,0.0006000195078941519
0.34,50,-0.0015890579567387772
0.34,51,0.002302436464893188
0.34,52,0.0007726911748637567
0.34,53,-0.0003015664327357516
0.34,54,-0.0004199234036968182
0.34,55,-0.00022887273241031702
0.34,56,0.0020986663155180122
0.34,57,-0.0006330416155017897
0.34,58,0.001425793372298576
0.34,59,-0.0006328351216824241
0.34,60,0.002434811148703318
0.34,61,-0.0005801063322813219
0.34,62,0.0004278561494785114
0.34,63,0.0015015351727279132
0.34,64,-0.0015401111802106934
0.34,65,0.00272567530025563
0.34,66,0.0010336317731453174
0.34,67,0.00065486729228274
0.34,68,-0.00031345421531239905
0.34,69,0.0006263592919608382
0.34,70,1.2889017536227378e-5
0.34,71,-0.0014261280494915949
0.34,72,0.0013373626722777813
0.34,73,-0.0005460454089164411
0.34,74,-3.2547989891285726e-6
0.34,75,-0.00010321210798942567
0.34,76,-0.0013546037471527162
0.34,77,0.0011771667031700668
0.34,78,0.0008211094545907638
0.34,79,-0.0005205640975020964
0.34,80,-9.650280044867068e-5
0.34,81,0.001379622870508378
0.34,82,0.0011123951068220531
0.34,83,0.001268697228563403
0.34,84,-0.0007393657512334394
0.34,85,0.0022395017122975257
0.34,86,-0.0021606536274943865
0.34,87,0.002339727281893212
0.34,88,0.00014960564034112488
0.34,89,0.0019201695102151698
0.34,90,0.0020390053703321386
0.34,91,-0.002571374834908876
0.34,92,0.0022145561214799315
0.34,93,0.00279873291411744
0.34,94,0.00045068442574573063
0.34,95,0.0005352410535952717
0.34,96,-0.0012739364236169794
0.34,97,0.0015029470600681646
0.34,98,0.0020984986591903944
0.34,99,-0.000505046736575333
0.34,100,0.0004943529335589572
0.34,101,-0.0017094186465458994
0.34,102,0.001939148504345215
0.34,103,0.0007299095721531441
0.34,104,-0.00010359613509965054
0.34,105,0.00048080502487329223
0.34,106,0.0007333745343262578
0.34,107,0.0007812588761477891
0.34,108,-0.0014955352919573696
0.34,109,3.8544580412107674e-5
0.34,110,0.0008447970483336417
0.34,111,0.001570776909265677
0.34,112,1.3337230325094502e-5
0.34,113,-0.001147227252451547
0.34,114,0.0008226853204772527
0.34,115,-0.00033413722636957443
0.34,116,0.0009628144354498617
0.34,117,0.0009708374865969437
0.34,118,0.0008376564385819671
0.34,119,-0.0011809122961101044
0.34,120,0.001600776598317547
0.34,121,-0.0013570375059664163
0.34,122,0.00039318124942310645
0.34,123,9.707775606769722e-5
0.34,124,-0.0014662260639779021
0.34,125,0.0012452188018492129
0.34,126,-0.000642061964626701
0.34,127,0.0009465811311674005
0.34,128,-0.000789842489835425
0.34,129,0.0004413093695900354
0.34,130,0.0008043061536083593
0.34,131,-0.0014435229366636887
0.34,132,0.0008437066049299807
0.34,133,0.0009594102207837625
0.34,134,-0.0005190736589918371
0.34,135,0.00034363791316713364
0.34,136,-0.00019354544193798763
0.34,137,0.0004979499421698834
0.34,138,-0.0008619034507171602
0.34,139,0.0011318751102965322
0.34,140,5.061416877965131e-5
0.34,141,0.0005145182372316867
0.34,142,-0.001278425616931605
0.34,143,0.0004053996659964422
0.34,144,0.00025018676387486463
0.34,145,0.00037430033758525526
0.34,146,0.000985085607029896
0.34,147,0.00046977952947734584
0.34,148,0.0011766284025553385
0.34,149,-2.094783588813831e-6
0.34,150,4.11069534810922e-5
0.34,151,0.0007452046116021242
0.34,152,0.00013112780421327218
0.34,153,0.0021512413568285736
0.34,154,0.0006218542111465547
0.34,155,-0.0015580638423604647
0.34,156,0.0011724016071745919
0.34,157,0.0015409937568447506
0.34,158,0.0013040978211183978
0.34,159,0.0003030088621372357
0.34,160,0.0006102146991790463
0.34,161,0.0017551986413821695
0.34,162,0.0014948612025064687
0.34,163,9.383655448737998e-5
0.34,164,-0.00046070278507381423
0.34,165,0.0008516577972467402
0.34,166,0.0016172885774711123
0.34,167,0.001092389220139943
0.34,168,0.0006425056716119965
0.34,169,-0.0016030008150447923
0.34,170,-0.00032645948105499805
0.34,171,0.002889866309515327
0.34,172,0.00027908854119590133
0.34,173,0.00032669747110175
0.34,174,0.001176745359450883
0.34,175,0.00029263520140972377
0.34,176,0.0025116071989914404
0.34,177,-0.001290842886959232
0.34,178,0.00023830418463372172
0.34,179,0.0014710771727231603
0.34,180,0.002133121199390602
0.34,181,-0.0009538264700028161
0.34,182,0.0007720801275020232
0.34,183,0.00033555117889511006
0.34,184,0.0017698133487522236
0.34,185,0.001742753771823198
0.34,186,0.002970971928294459
0.34,187,0.007309322168127689
0.34,188,0.005227636780209378
0.34,189,0.0007800942236927742
0.34,190,0.0260237482169433
0.34,191,-0.011952117889160264
0.34,192,0.30747751838401255
0.34,193,0.0004684123374558565
0.34,194,0.0012528570848403084
0.34,195,-0.0010159620151222392
0.34,196,0.0003319768821957083
0.34,197,2.3544099952733932e-5
0.34,198,0.0009466387691919871
0.35,intercept,0.007779044617403574
0.35,1,0.0028826633654158314
0.35,2,0.00037976996376261953
0.35,3,0.0014337321251808772
0.35,4,0.0005249568822999291
0.35,5,-0.0005672207861122141
0.35,6,0.0012833812264672966
0.35,7,0.00047443362735152263
0.35,8,0.0011390633443047503
0.35,9,-0.0004223063562926748
0.35,10,-0.0008807999226356827
0.35,11,0.0009462607638403718
0.35,12,-0.0013971513895365835
0.35,13,0.0022635836433359856
0.35,14,-0.0019017502719175172
0.35,15,0.0006832281803448438
0.35,16,6.350000727107882e-5
0.35,17,-0.0002743453589340293
0.35,18,0.0007098143410768607
0.35,19,0.00012310226790988974
0.35,20,0.001132324834932336
0.35,21,-0.0004310273902742763
0.35,22,0.0013036744656577462
0.35,23,1.115731298393985e-5
0.35,24,0.0005434054066326908
0.35,25,-0.0028249822988967582
0.35,26,0.0004341750257575761
0.35,27,0.00014450039025601106
0.35,28,0.001043130380427695
0.35,29,0.00040787650704593404
0.35,30,7.693764664518019e-5
0.35,31,-4.086131834641248e-5
0.35,32,-0.00023108919148519895
0.35,33,0.0012561121242648371
0.35,34,-0.001527188652321315
0.35,35,0.0011299682156731756
0.35,36,6.478885459306838e-5
0.35,37,0.00013646093420531717
0.35,38,0.0004939234336949003
0.35,39,-0.0009563263803112113
0.35,40,-0.0007148064110522654
0.35,41,-0.0012246520468725752
0.35,42,3.9577113114894984e-5
0.35,43,0.0012197137642517802
0.35,44,-0.0007919420110518625
0.35,45,-0.0007792992418693604
0.35,46,0.00047544046647311127
0.35,47,0.0004371682973915446
0.35,48,-0.0004122162021336567
0.35,49,0.0006273750375766492
0.35,50,-0.0016103285799718228
0.35,51,0.0022292967795785987
0.35,52,0.000548134513616011
0.35,53,2.3686904311408813e-5
0.35,54,-0.000682396186750033
0.35,55,-2.7302273110593674e-5
0.35,56,0.0020140376157104286
0.35,57,-0.0006599946591585777
0.35,58,0.001158903914579483
0.35,59,-0.0005375881628356473
0.35,60,0.002609093778376712
0.35,61,-0.0007848207865988818
0.35,62,0.00043248192298896734
0.35,63,0.0013570617459408092
0.35,64,-0.001149650410500155
0.35,65,0.0026392593435470542
0.35,66,0.0009650581644320202
0.35,67,0.0007070366842877239
0.35,68,-0.00032365072808325247
0.35,69,0.000555323530611601
0.35,70,-0.00021362864456999113
0.35,71,-0.0010697434260066772
0.35,72,0.0010104294525490303
0.35,73,-0.0006206596384244499
0.35,74,0.00019387551861822598
0.35,75,9.777313604833156e-5
0.35,76,-0.0014112143915671932
0.35,77,0.0013541316174740354
0.35,78,0.0008067717632206866
0.35,79,-0.0006460726650340572
0.35,80,-9.352393712330178e-5
0.35,81,0.0011053025319091902
0.35,82,0.0012952591185591655
0.35,83,0.0011324825910854297
0.35,84,-0.0008336417422666984
0.35,85,0.0020816126702911425
0.35,86,-0.0023078790184174283
0.35,87,0.002953717466283469
0.35,88,5.044002391143031e-5
0.35,89,0.001998661988681577
0.35,90,0.0019059263585503266
0.35,91,-0.002773837040327615
0.35,92,0.0023940966555126295
0.35,93,0.0026338001842848785
0.35,94,0.00043927755971899274
0.35,95,0.0002785049053428052
0.35,96,-0.0010865115358828898
0.35,97,0.0016245364732242417
0.35,98,0.0022579284256064765
0.35,99,-0.0008459168508689464
0.35,100,0.0006934281095160106
0.35,101,-0.0019106466535491469
0.35,102,0.0022396219027949493
0.35,103,0.0005456844864942521
0.35,104,-0.0001695526400208601
0.35,105,0.0003077075337817476
0.35,106,0.0010391798616704174
0.35,107,0.0009387564090306947
0.35,108,-0.001548586021927932
0.35,109,0.0001343005786486812
0.35,110,0.0011019983976375439
0.35,111,0.0016306620408875492
0.35,112,-1.830232416711145e-5
0.35,113,-0.0011002632039511517
0.35,114,0.0004895175599436025
0.35,115,-0.0001598052778687808
0.35,116,0.0009330732184808599
0.35,117,0.0008105533188953893
0.35,118,0.0007705352170244192
0.35,119,-0.0010564348082337251
0.35,120,0.001449228804871059
0.35,121,-0.001101757162681353
0.35,122,0.00029004576923419767
0.35,123,-3.41421072581369e-5
0.35,124,-0.0015264801508889853
0.35,125,0.0015363096385636553
0.35,126,-0.0005526479025050171
0.35,127,0.0007748354329929107
0.35,128,-0.0006769368599874913
0.35,129,0.0003555074551797494
0.35,130,0.0007280167109315267
0.35,131,-0.0014529403011188805
0.35,132,0.0008773567440472866
0.35,133,0.0007802089526741464
0.35,134,-0.0005207558253466938
0.35,135,0.0004923603857270901
0.35,136,-0.00040947178390278807
0.35,137,0.00041896763551714603
0.35,138,-0.0006216491285981594
0.35,139,0.0011056482109156147
0.35,140,0.00031747949893685734
0.35,141,6.053611087170408e-5
0.35,142,-0.001023237073784384
0.35,143,0.0003713157903302935
0.35,144,0.0002703513170183407
0.35,145,0.0002772816126481368
0.35,146,0.0012681271236947137
0.35,147,0.00010903565891538871
0.35,148,0.0014315183196800302
0.35,149,-0.0004072826476192513
0.35,150,8.620974088735203e-5
0.35,151,0.0011007572050541884
0.35,152,-0.00025813259768238774
0.35,153,0.002188810128360105
0.35,154,0.00061124903033505
0.35,155,-0.001148385471502273
0.35,156,0.0007617046424628444
0.35,157,0.001711599731147295
0.35,158,0.001268063927524476
0.35,159,0.0002708362315850344
0.35,160,0.0006779046763468081
0.35,161,0.001647738472662646
0.35,162,0.0014444510514739278
0.35,163,-0.00019789694944326736
0.35,164,-0.00019647094346206097
0.35,165,0.0006599453425966718
0.35,166,0.0016894869043866793
0.35,167,0.000866281235364125
0.35,168,0.0011714672038665086
0.35,169,-0.0018316464191209564
0.35,170,-9.352239710254177e-5
0.35,171,0.002403733628572909
0.35,172,0.00038951123577162254
0.35,173,0.0004020877759506435
0.35,174,0.0011429116269342614
0.35,175,0.0004219817372296055
0.35,176,0.0025319563385849202
0.35,177,-0.001537491496078931
0.35,178,0.00042090878609796114
0.35,179,0.0010648550408397992
0.35,180,0.002176193822019188
0.35,181,-0.0006872233542188035
0.35,182,0.0011067567300106183
0.35,183,0.00032017956719920804
0.35,184,0.001457566523017849
0.35,185,0.0018228556115954375
0.35,186,0.0034614337665779833
0.35,187,0.0071097221242426515
0.35,188,0.005037997493213093
0.35,189,0.0010140208953785814
0.35,190,0.026865166924470364
0.35,191,-0.013206773735336885
0.35,192,0.32037215041509187
0.35,193,0.0004821346170635449
0.35,194,0.001059892389154747
0.35,195,-0.0010184146473057216
0.35,196,0.0003469373375191527
0.35,197,2.237986313627431e-5
0.35,198,0.0009238468101805082
0.36,intercept,0.00778941354752816
0.36,1,0.0025987294812380487
0.36,2,0.0003848077139798775
0.36,3,0.001695106160093454
0.36,4,0.0007089078492734706
0.36,5,-0.000646015415782212
0.36,6,0.0016829508013444705
0.36,7,0.00010548774891468904
0.36,8,0.0011236609964399755
0.36,9,-0.0004962922670127491
0.36,10,-0.0010980671972348009
0.36,11,0.0011440623471124158
0.36,12,-0.0015438080183851502
0.36,13,0.002134481889766903
0.36,14,-0.0017782955113814854
0.36,15,0.0003408316255522601
0.36,16,0.0001987878274206062
0.36,17,-0.0003966462897627383
0.36,18,0.0008201018258480292
0.36,19,0.00011746790167522695
0.36,20,0.0010297375292991318
0.36,21,-0.00017354772593112196
0.36,22,0.0015194997223950428
0.36,23,-0.0003309474928401723
0.36,24,0.0008912255635162993
0.36,25,-0.0029500437034749778
0.36,26,0.0004061348176907456
0.36,27,0.00020509340958640242
0.36,28,0.0004889100276944926
0.36,29,0.0006290619315429994
0.36,30,-6.744481346128452e-5
0.36,31,0.00021671497586182525
0.36,32,-0.0005007832402025751
0.36,33,0.0013232501021044135
0.36,34,-0.0015623733103998527
0.36,35,0.0012676530233867054
0.36,36,-0.00022657286970669433
0.36,37,0.00010519930533904888
0.36,38,0.00041884594103347
0.36,39,-0.0007821504265150991
0.36,40,-0.0007774508081371012
0.36,41,-0.001116083677746663
0.36,42,-9.43558790766343e-5
0.36,43,0.0012634995648081616
0.36,44,-0.0007234967286626723
0.36,45,-0.0009786366019616298
0.36,46,0.0006978332320004293
0.36,47,0.0003764367284209799
0.36,48,-0.00010048288580683858
0.36,49,0.0004684432968965521
0.36,50,-0.0016014430606641167
0.36,51,0.0021534974856485508
0.36,52,0.0004980917457998602
0.36,53,0.0001838708158318535
0.36,54,-0.000705569698333704
0.36,55,-0.00021404046867285736
0.36,56,0.002030417626850844
0.36,57,-0.0010338050486118546
0.36,58,0.0011226316194116843
0.36,59,-0.00043429303297646914
0.36,60,0.0027881928152020097
0.36,61,-0.0009073837855546152
0.36,62,0.00043619216964615245
0.36,63,0.0012828110989303778
0.36,64,-0.001251676293793799
0.36,65,0.00249371136553445
0.36,66,0.0013848374660295872
0.36,67,0.0007378985640284172
0.36,68,-0.00023762761651512478
0.36,69,0.0002377749542193021
0.36,70,-3.5031130206016315e-5
0.36,71,-0.0010941437012442412
0.36,72,0.0009927707872513407
0.36,73,-0.0006558329476467712
0.36,74,0.0003267109360732293
0.36,75,-0.00017598993511739502
0.36,76,-0.00133379399489204
0.36,77,0.0007822887627867989
0.36,78,0.0009658131870663603
0.36,79,-0.0004061286127445919
0.36,80,-0.00013017399042279106
0.36,81,0.0010915538699508716
0.36,82,0.0011467091331623606
0.36,83,0.0012897297339914667
0.36,84,-0.0007975262423215361
0.36,85,0.0019547785733222927
0.36,86,-0.0021200849029248308
0.36,87,0.0029512694556763554
0.36,88,0.00010745788546917582
0.36,89,0.002362104135525039
0.36,90,0.0015423589276377203
0.36,91,-0.002796037099631381
0.36,92,0.0021894796159881145
0.36,93,0.002726678017996929
0.36,94,0.00046908424021951874
0.36,95,-7.777804760165924e-5
0.36,96,-0.0009325248540134291
0.36,97,0.0015248507344053585
0.36,98,0.0023100461792826925
0.36,99,-0.0005549429792207353
0.36,100,0.0003421953848885802
0.36,101,-0.0016067486024595764
0.36,102,0.0021170332792658855
0.36,103,0.0010003152003745562
0.36,104,-0.0006644020457968768
0.36,105,0.0006181780734218024
0.36,106,0.001081075997481753
0.36,107,0.00072625718406359
0.36,108,-0.0015755995482314592
0.36,109,5.614136853848371e-5
0.36,110,0.001048522866836569
0.36,111,0.0014152519233495832
0.36,112,0.0002284711712018901
0.36,113,-0.0012027730982020236
0.36,114,0.0004407930887797051
0.36,115,3.396959232595486e-5
0.36,116,0.0007199712421047056
0.36,117,0.0010043445695803682
0.36,118,0.0006461115139245938
0.36,119,-0.0010965533677725046
0.36,120,0.0015575601533553574
0.36,121,-0.0013317340107364367
0.36,122,0.0005373740055534875
0.36,123,2.0459447934168448e-5
0.36,124,-0.0016507620211876808
0.36,125,0.001656095023216653
0.36,126,-0.0005273386740953169
0.36,127,0.0005450334229528936
0.36,128,-0.0004286693659416761
0.36,129,0.00019373943869173697
0.36,130,0.0006957726537726799
0.36,131,-0.0013262826942540232
0.36,132,0.0008954357292649241
0.36,133,0.0006499222700660174
0.36,134,-0.00065893896573735
0.36,135,0.000545248510422541
0.36,136,-0.0005218954090749294
0.36,137,0.0004157732046507481
0.36,138,-0.000592915380820134
0.36,139,0.0009283141797546977
0.36,140,0.00016445843721043114
0.36,141,0.0005995357956962532
0.36,142,-0.0010089751510048168
0.36,143,0.00020289142608542066
0.36,144,0.00047629862021454026
0.36,145,0.0001323527799131111
0.36,146,0.0012063806629638632
0.36,147,0.0001429698474686023
0.36,148,0.0012492526513375045
0.36,149,-1.4461417163455624e-5
0.36,150,-0.00015670716729321435
0.36,151,0.001189159338312699
0.36,152,-0.00011952533555963213
0.36,153,0.0017444662202553572
0.36,154,0.0008336259220455413
0.36,155,-0.0011577706926492403
0.36,156,0.0005519720127472124
0.36,157,0.001869095842665546
0.36,158,0.0014522440798335008
0.36,159,0.0001761867895255513
0.36,160,0.00040239175727049316
0.36,161,0.0016032358618839765
0.36,162,0.0012515588135363174
0.36,163,-0.0002440083704248237
0.36,164,-0.00011734094559949826
0.36,165,0.0007895336000721205
0.36,166,0.00168810322145669
0.36,167,0.001002982530599501
0.36,168,0.0011435883296425596
0.36,169,-0.001807337640279974
0.36,170,-0.0004362851509571906
0.36,171,0.0026393260702376356
0.36,172,0.00038663702006951095
0.36,173,0.0004075024007237839
0.36,174,0.0011962955977520466
0.36,175,0.00033241787045027154
0.36,176,0.0023420343353740655
0.36,177,-0.0015566392694091695
0.36,178,0.0005556403708680809
0.36,179,0.0008374191778630606
0.36,180,0.002216267592197389
0.36,181,-0.0007606226463989771
0.36,182,0.001030174338187149
0.36,183,3.6731810117837144e-5
0.36,184,0.0017458256086764774
0.36,185,0.001468394016258535
0.36,186,0.003305312050103655
0.36,187,0.0074480503862878545
0.36,188,0.004840968099017851
0.36,189,0.0013718108092637858
0.36,190,0.026804343598845693
0.36,191,-0.013459219641064479
0.36,192,0.33264736098699094
0.36,193,0.00030199035925703414
0.36,194,0.0011527282182268231
0.36,195,-0.0010056924119372058
0.36,196,0.0003337992287381782
0.36,197,2.8329310668328417e-5
0.36,198,0.0008800383116568835
0.37,intercept,0.007695657887529199
0.37,1,0.002505379302936394
0.37,2,0.00031331516016862564
0.37,3,0.0016387161584408162
0.37,4,0.0009458178876202728
0.37,5,-0.0009196633798429217
0.37,6,0.0018709244381747451
0.37,7,-0.00014974423961926952
0.37,8,0.0015151426381517159
0.37,9,-0.0007208422706198297
0.37,10,-0.0010478219741632156
0.37,11,0.001106309239790839
0.37,12,-0.0012648454552616456
0.37,13,0.0018327964628353814
0.37,14,-0.0016011334860306706
0.37,15,0.00028463062488550756
0.37,16,2.0413759466252e-5
0.37,17,-0.00018392874727942698
0.37,18,0.0008492869869624445
0.37,19,0.0002034709108885472
0.37,20,0.0009283605871322693
0.37,21,-0.00020698883501194207
0.37,22,0.0016417322907489556
0.37,23,-0.0004167098457873654
0.37,24,0.0007355906794289522
0.37,25,-0.0026584929546880666
0.37,26,0.0004447782586509538
0.37,27,0.00026883050726779717
0.37,28,0.0004995854093099586
0.37,29,0.0005258981209559075
0.37,30,-0.00016071793635098885
0.37,31,0.00018023394189820556
0.37,32,-1.0345876621779729e-5
0.37,33,0.0013137771124968425
0.37,34,-0.0016412108597779497
0.37,35,0.0013035224445504955
0.37,36,-0.0003503548190410017
0.37,37,-7.306937983939465e-5
0.37,38,9.16364776665612e-5
0.37,39,-0.0005265384362546408
0.37,40,-0.000760406097774485
0.37,41,-0.0010276521204762733
0.37,42,-0.00011342736925543189
0.37,43,0.0013889892783241953
0.37,44,-0.0003647119785799316
0.37,45,-0.001153837386868244
0.37,46,0.0007962848878152887
0.37,47,0.00018951531530647214
0.37,48,-4.424456497803744e-6
0.37,49,0.0006621678147445767
0.37,50,-0.001707729675636022
0.37,51,0.0020920793408425917
0.37,52,0.0004978039347321424
0.37,53,3.827043400002429e-5
0.37,54,-0.0004899341420049161
0.37,55,-0.0004974742579917205
0.37,56,0.0019558020165774894
0.37,57,-0.0011983284154812063
0.37,58,0.001219494896287768
0.37,59,-0.00044451397079648997
0.37,60,0.00283431933597223
0.37,61,-0.0009949540231009983
0.37,62,0.0003252169223256282
0.37,63,0.0015633669732715095
0.37,64,-0.001146125013802625
0.37,65,0.0023514145822600696
0.37,66,0.0015089659650983711
0.37,67,0.0006124899874501278
0.37,68,-0.00040538579497868745
0.37,69,0.00017054904800668482
0.37,70,4.2562249798623454e-5
0.37,71,-0.0011117629574479112
0.37,72,0.0009638266012492962
0.37,73,-0.0006420148927035467
0.37,74,0.0003587376303768102
0.37,75,2.2898432412254803e-5
0.37,76,-0.0013597404782051934
0.37,77,0.001226620376453909
0.37,78,0.000786575068520099
0.37,79,-0.0003893277184044327
0.37,80,-0.00012775064652391493
0.37,81,0.0011183486011862235
0.37,82,0.001050320352526598
0.37,83,0.0013268176963959133
0.37,84,-0.0008802861360586681
0.37,85,0.002179631826926565
0.37,86,-0.0022824132223031018
0.37,87,0.0027698321459109962
0.37,88,0.0004697943125399764
0.37,89,0.0020819431682925684
0.37,90,0.0016196252715501799
0.37,91,-0.0027962038638841722
0.37,92,0.0021641153948086544
0.37,93,0.0022171842938761895
0.37,94,0.0009526263679919768
0.37,95,9.531797515449559e-5
0.37,96,-0.0009284219023638347
0.37,97,0.0014932056891487995
0.37,98,0.0024591209003708616
0.37,99,-0.0005908908692929783
0.37,100,0.0002289052001318246
0.37,101,-0.0012956756794936654
0.37,102,0.002072183949879644
0.37,103,0.0006495323734085043
0.37,104,-0.000583606304919378
0.37,105,0.0002655864570055928
0.37,106,0.0010363570071360388
0.37,107,0.0005119590552229811
0.37,108,-0.0015174268751631343
0.37,109,0.0005086271844350935
0.37,110,0.0008339972387680022
0.37,111,0.0012218352162849282
0.37,112,0.0006541632344918728
0.37,113,-0.0012132751264134264
0.37,114,0.00030266007958085564
0.37,115,0.00028807023311690395
0.37,116,0.0005114371779171605
0.37,117,0.0008337685340007124
0.37,118,0.0007435959494466922
0.37,119,-0.0009863641119094552
0.37,120,0.0014374531274365917
0.37,121,-0.0011930411363925107
0.37,122,0.00047241990503031823
0.37,123,-1.4242902233195136e-5
0.37,124,-0.0014832720745954107
0.37,125,0.0014293286670317945
0.37,126,-0.0006246048964922057
0.37,127,0.0008408134706328876
0.37,128,-0.00042674706886112996
0.37,129,9.918615025366313e-5
0.37,130,0.0009195733177013156
0.37,131,-0.0013387348754835904
0.37,132,0.0009101188168513406
0.37,133,0.0005994500633816039
0.37,134,-0.0007361628960071969
0.37,135,0.00023405586314026355
0.37,136,-6.83515319466325e-5
0.37,137,0.0002979212795256588
0.37,138,-0.000590783762671096
0.37,139,0.0009044292217501627
0.37,140,6.833394305609975e-5
0.37,141,0.0006615251849364976
0.37,142,-0.0008925463839922641
0.37,143,0.00030538439930043903
0.37,144,0.0005005676096478597
0.37,145,-3.684082801745341e-5
0.37,146,0.0013675083774497855
0.37,147,0.00014346333183332143
0.37,148,0.0007463454015876472
0.37,149,0.000253688209732867
0.37,150,-0.0003010811166418876
0.37,151,0.0010302135900628361
0.37,152,-1.1781430615007823e-5
0.37,153,0.0018662542607698889
0.37,154,0.0008332829281086519
0.37,155,-0.0012152661486402718
0.37,156,0.00029607895505236
0.37,157,0.0021114953360424757
0.37,158,0.001496031093990067
0.37,159,-0.0001299938939020791
0.37,160,0.0003111706832462665
0.37,161,0.001625451539873545
0.37,162,0.0012852923601737584
0.37,163,-0.000274462818013702
0.37,164,-5.1979034482048244e-5
0.37,165,0.0005913196331323997
0.37,166,0.001621532551462592
0.37,167,0.0011843139224754526
0.37,168,0.0012031481119390967
0.37,169,-0.001834047691865895
0.37,170,-0.0007202782554684798
0.37,171,0.002714681350415419
0.37,172,0.0005035684457703402
0.37,173,0.0003004061343311907
0.37,174,0.001334743191475837
0.37,175,0.0002230316141598643
0.37,176,0.002412947604901658
0.37,177,-0.0013543438164447255
0.37,178,0.00041453016493956405
0.37,179,0.0006877876250934104
0.37,180,0.0024029776620109046
0.37,181,-0.0008192333373592712
0.37,182,0.0007705653303276724
0.37,183,-0.00023127206218464432
0.37,184,0.0020027011554901806
0.37,185,0.001135664790392603
0.37,186,0.003859724814865001
0.37,187,0.007554033084674726
0.37,188,0.005060486032063305
0.37,189,0.0010884995274157807
0.37,190,0.027199724323434864
0.37,191,-0.015595372504569173
0.37,192,0.34821912165140906
0.37,193,5.115799593172497e-5
0.37,194,0.0009571741893513743
0.37,195,-0.0010094552293812462
0.37,196,0.0003194185294623214
0.37,197,4.030083862521188e-5
0.37,198,0.000852524328855715
0.38,intercept,0.007681953322402672
0.38,1,0.0021460077910893213
0.38,2,0.00045226833715586386
0.38,3,0.0015895792917964915
0.38,4,0.0008809070582132028
0.38,5,-0.000840312741772595
0.38,6,0.0015348882996304308
0.38,7,-0.00019751335995628027
0.38,8,0.0016146086432604057
0.38,9,-0.0008330227122685139
0.38,10,-0.0011299500503105366
0.38,11,0.001121234835548635
0.38,12,-0.001413896237105188
0.38,13,0.002027503400226153
0.38,14,-0.0013114905583222908
0.38,15,0.00022590056498246732
0.38,16,-2.136587225242997e-5
0.38,17,-0.00016468477629663007
0.38,18,0.000509005645099272
0.38,19,0.00018020014845327302
0.38,20,0.0009682956033703265
0.38,21,-0.0002513279107042384
0.38,22,0.0015529472112491818
0.38,23,-0.00025253133306700004
0.38,24,0.0005665032555836624
0.38,25,-0.002380940046014741
0.38,26,0.0003674427846106458
0.38,27,0.00028345218341263454
0.38,28,0.0003049838027941895
0.38,29,0.0006882744426370085
0.38,30,-0.0003466801949510165
0.38,31,9.792071810319331e-5
0.38,32,1.070718069088505e-5
0.38,33,0.0011939267387514358
0.38,34,-0.0014776247252454356
0.38,35,0.0013278529086421832
0.38,36,-0.00044717349706307916
0.38,37,7.705400496481865e-5
0.38,38,3.749811257019706e-5
0.38,39,-0.0007132086416223039
0.38,40,-0.0003827454166312916
0.38,41,-0.0011799148497746899
0.38,42,5.642084152156194e-6
0.38,43,0.001323414366317292
0.38,44,-0.0004468061659830214
0.38,45,-0.0010873586294079382
0.38,46,0.0007295195255942963
0.38,47,0.0004217511001533311
0.38,48,1.2587021234535484e-5
0.38,49,0.0006965258421172617
0.38,50,-0.001902872203181996
0.38,51,0.0019199671047765688
0.38,52,0.0004687261857074604
0.38,53,6.600766222507872e-5
0.38,54,-0.0007137718172932202
0.38,55,-0.00015852865007201188
0.38,56,0.0019139627164688178
0.38,57,-0.0015764886545771646
0.38,58,0.0013288865939452132
0.38,59,-0.0005360996534684361
0.38,60,0.00302119876463065
0.38,61,-0.0008567359167057491
0.38,62,0.00030249008541604336
0.38,63,0.0017290523123220417
0.38,64,-0.0008642249408065023
0.38,65,0.0022167521754908677
0.38,66,0.0015395633407277907
0.38,67,0.0007676538298446756
0.38,68,-0.00042285941627417234
0.38,69,-0.00011974276682607653
0.38,70,0.00021022020750247338
0.38,71,-0.0009847845013351581
0.38,72,0.0009206940502889414
0.38,73,-0.0007599661334536248
0.38,74,0.00040983888454693623
0.38,75,-0.00011346147706320523
0.38,76,-0.0012177698112536414
0.38,77,0.0013309011559176158
0.38,78,0.0008239612553029874
0.38,79,-0.00041734706188809815
0.38,80,-0.0001151045732472331
0.38,81,0.0008606698777623721
0.38,82,0.0015504747489061888
0.38,83,0.0009349533873006127
0.38,84,-0.0006008939722169608
0.38,85,0.0019515735065096646
0.38,86,-0.002289240992835422
0.38,87,0.00236972190162008
0.38,88,0.0007003192402747208
0.38,89,0.0019448101582628993
0.38,90,0.0017794501739058517
0.38,91,-0.0030665112859488315
0.38,92,0.0019799102701879177
0.38,93,0.002328173925542867
0.38,94,0.0012606704086669794
0.38,95,-5.464221806108173e-5
0.38,96,-0.0005760629814667255
0.38,97,0.000969581423773109
0.38,98,0.0026705184530880118
0.38,99,-0.0004889195615246445
0.38,100,-6.296961608625813e-5
0.38,101,-0.001266936411135452
0.38,102,0.002006601588486343
0.38,103,0.0004700029396243779
0.38,104,-0.0002783349911909725
0.38,105,-0.00010020061833217176
0.38,106,0.0014045374551817501
0.38,107,0.0005609202721571461
0.38,108,-0.0015264411816753507
0.38,109,0.0004046277027862569
0.38,110,0.000845768951335435
0.38,111,0.0010720981620899097
0.38,112,0.0006978711167068274
0.38,113,-0.0010203654127000203
0.38,114,0.00010214296358305334
0.38,115,0.0004391010839550502
0.38,116,0.0005556262070078589
0.38,117,0.0006697045745868758
0.38,118,0.0008400283823601113
0.38,119,-0.0008628729388703602
0.38,120,0.001234205520221172
0.38,121,-0.000977561023256323
0.38,122,0.0006165883267707864
0.38,123,-0.0005215388645348073
0.38,124,-0.001246152335460345
0.38,125,0.0014875084734469806
0.38,126,-0.000626397525078681
0.38,127,0.000671093533356209
0.38,128,-0.0003439364601300648
0.38,129,0.00010217546617342658
0.38,130,0.0009034219415955494
0.38,131,-0.0013682238453446207
0.38,132,0.001038698423832864
0.38,133,0.0005697181865653476
0.38,134,-0.0006789303078325926
0.38,135,0.00042852165084222995
0.38,136,-0.00019620441806715696
0.38,137,2.9218819351111417e-5
0.38,138,-0.00032724617754236856
0.38,139,0.0007462112256424385
0.38,140,0.00017858849193734652
0.38,141,0.0007769801623432584
0.38,142,-0.0008277745606306466
0.38,143,-7.382164137830596e-5
0.38,144,0.0007660816246366447
0.38,145,-0.0002125826589189659
0.38,146,0.0014758083325959383
0.38,147,2.2394267690590112e-5
0.38,148,0.0009413688973129953
0.38,149,0.0001837656452669417
0.38,150,-0.0003423907562039463
0.38,151,0.0009579075691933946
0.38,152,-4.3563764559769244e-5
0.38,153,0.00181829402573867
0.38,154,0.0008137085188980238
0.38,155,-0.001244082989729636
0.38,156,9.185885111840232e-5
0.38,157,0.0022014783392804013
0.38,158,0.0016753659789018676
0.38,159,-0.00017902256233531604
0.38,160,0.00038387932678298956
0.38,161,0.0014142853657782817
0.38,162,0.0014047082272133958
0.38,163,-0.0003725727963617473
0.38,164,-0.00046807581913137274
0.38,165,0.0008652151838043061
0.38,166,0.0013791390558367499
0.38,167,0.0011973690655009055
0.38,168,0.001144740775347456
0.38,169,-0.0012827451861358926
0.38,170,-0.0007054915221045804
0.38,171,0.0024573737259970824
0.38,172,0.00019939905961108875
0.38,173,0.0003481848369079384
0.38,174,0.0014822618044955849
0.38,175,0.00010507146621068396
0.38,176,0.0025348010128218423
0.38,177,-0.0016412850039906192
0.38,178,0.0007203791154873709
0.38,179,0.0006152099238471981
0.38,180,0.002181542943458265
0.38,181,-0.0010057353471673058
0.38,182,0.0008246216810571284
0.38,183,0.00011097523828615333
0.38,184,0.0013997370592234155
0.38,185,0.001429317246716708
0.38,186,0.0036488234901628836
0.38,187,0.008214950445169037
0.38,188,0.0047798073618955305
0.38,189,0.0009817924124253185
0.38,190,0.02753028652399666
0.38,191,-0.015978382473898583
0.38,192,0.3607291526353988
0.38,193,1.4018791638374613e-5
0.38,194,0.0009987730308377704
0.38,195,-0.0010247607906300404
0.38,196,0.0002675511356917265
0.38,197,4.498507889233572e-5
0.38,198,0.0008269614330525906
0.39,intercept,0.007622962629044625
0.39,1,0.0023097426894128676
0.39,2,0.0008021306742910176
0.39,3,0.000988848401968382
0.39,4,0.0009098137912089002
0.39,5,-0.0008739720342742455
0.39,6,0.001718500166149872
0.39,7,-0.00010558002308649477
0.39,8,0.0014596056527775997
0.39,9,-0.0009063164446821276
0.39,10,-0.0008094388382833062
0.39,11,0.0009187150987890964
0.39,12,-0.0012507295043462142
0.39,13,0.0020760818437656437
0.39,14,-0.0014986751018160964
0.39,15,0.0001123402995809742
0.39,16,0.00020470688755810213
0.39,17,-0.0003827052362260864
0.39,18,0.0008552580505141263
0.39,19,2.4473439588211563e-5
0.39,20,0.0009680031662280113
0.39,21,-0.0003703138237840617
0.39,22,0.0014402819044374727
0.39,23,2.4135128394788943e-5
0.39,24,0.0005794870355194629
0.39,25,-0.002512729802083989
0.39,26,0.0005582131898249396
0.39,27,1.9565092737791052e-5
0.39,28,0.00043368573498998235
0.39,29,0.0008927194614583579
0.39,30,-0.00046871734309716456
0.39,31,0.00026623959651125227
0.39,32,5.6562737116682876e-5
0.39,33,0.0010232653251476705
0.39,34,-0.0016627791100963624
0.39,35,0.0011642231398160876
0.39,36,-0.0001224196529854387
0.39,37,0.00010863780394963307
0.39,38,0.00016676048557625846
0.39,39,-0.000538609092595019
0.39,40,-0.0007885756193094064
0.39,41,-0.0008130239111064809
0.39,42,-3.800437722941844e-5
0.39,43,0.001213131059202491
0.39,44,-0.00022693267726471453
0.39,45,-0.001147594791695835
0.39,46,0.0005884850756156701
0.39,47,0.0004631482981961556
0.39,48,-0.00018731957460830598
0.39,49,0.0008978524699215895
0.39,50,-0.0019161964275605198
0.39,51,0.0017362862406668051
0.39,52,0.0005107792054249283
0.39,53,7.486831001648357e-5
0.39,54,-0.0008025456907567283
0.39,55,-0.00013651336889432099
0.39,56,0.0018811994051045723
0.39,57,-0.001382477781340855
0.39,58,0.0011767579508830386
0.39,59,-0.0004840364345111548
0.39,60,0.00284377119323544
0.39,61,-0.0006611280698284079
0.39,62,2.440282430210647e-6
0.39,63,0.0019598016620959754
0.39,64,-0.0010957846131144063
0.39,65,0.002331344597776591
0.39,66,0.0012417549458473942
0.39,67,0.0008560698836436309
0.39,68,-0.0003763492318463195
0.39,69,-0.0001445535090217025
0.39,70,7.140285631880608e-5
0.39,71,-0.0008501543468134031
0.39,72,0.0006379039497918451
0.39,73,-0.0004179934398409612
0.39,74,0.00031597621078839963
0.39,75,-0.0002968834274802917
0.39,76,-0.0015321656424347654
0.39,77,0.0016318382992594643
0.39,78,0.0007372401323939386
0.39,79,-0.0003352836871143165
0.39,80,-0.00013075112728311308
0.39,81,0.0008736892576755972
0.39,82,0.0019369184853166817
0.39,83,0.0010210823541016202
0.39,84,-0.0007719345115797774
0.39,85,0.0017718902882520834
0.39,86,-0.0025067402669955415
0.39,87,0.0026812243404514486
0.39,88,0.0004884205306713503
0.39,89,0.002206682217919375
0.39,90,0.0015274896098288256
0.39,91,-0.0028493003929711204
0.39,92,0.0020123171988041715
0.39,93,0.0022125692059529307
0.39,94,0.001231187946863812
0.39,95,-0.0001699514134009834
0.39,96,-0.00048284547662894636
0.39,97,0.0008909978267990856
0.39,98,0.0024172736897138595
0.39,99,-0.0003589015566583011
0.39,100,-0.000303606382544036
0.39,101,-0.0014118331421439471
0.39,102,0.0017773403829038686
0.39,103,0.0009786884920649998
0.39,104,-0.0003471336972908114
0.39,105,3.110899033602717e-5
0.39,106,0.0010929971059901007
0.39,107,0.0008359527401065337
0.39,108,-0.001455601311600243
0.39,109,0.00019758367046455308
0.39,110,0.0012596202253499817
0.39,111,0.0007570276033893318
0.39,112,0.0009190137822070666
0.39,113,-0.0009748897217168281
0.39,114,0.00021959740162073575
0.39,115,0.0004679555567097282
0.39,116,0.00047549752135196607
0.39,117,0.0005542944144517678
0.39,118,0.0008135035312885057
0.39,119,-0.001238973290808831
0.39,120,0.0015436243643082478
0.39,121,-0.0011155381210233898
0.39,122,0.0006957824076399101
0.39,123,-0.0004826732929602411
0.39,124,-0.0013667529326598603
0.39,125,0.0015474474342635767
0.39,126,-0.0007152555124096637
0.39,127,0.0007636526808400016
0.39,128,-0.00029064162128456276
0.39,129,4.0463131347386156e-5
0.39,130,0.001494371244232164
0.39,131,-0.001774841885220836
0.39,132,0.0011193735797193378
0.39,133,0.0005889239982789088
0.39,134,-0.0005822147827003145
0.39,135,0.00039819465744023874
0.39,136,-0.0004031984738893465
0.39,137,3.811087666537073e-5
0.39,138,-0.0001420826570411958
0.39,139,0.00042814143515041884
0.39,140,0.00032300924211954866
0.39,141,0.0004850201190056436
0.39,142,-0.0005113906651771134
0.39,143,-0.0003705197366088867
0.39,144,0.0008579380364254795
0.39,145,-0.00022983486488006432
0.39,146,0.0013627756856213508
0.39,147,-9.723644321760498e-5
0.39,148,0.0013417808143657904
0.39,149,4.771048520114974e-5
0.39,150,-0.0004094346642386489
0.39,151,0.00120842800448592
0.39,152,-0.00022929858838888393
0.39,153,0.0020221971823953474
0.39,154,0.0005063042799306217
0.39,155,-0.0010401091989773376
0.39,156,6.863761037122135e-5
0.39,157,0.002215129382417401
0.39,158,0.0015608569816156592
0.39,159,0.00022705379040217002
0.39,160,-2.9420118193465445e-5
0.39,161,0.0016716426328000384
0.39,162,0.0013611020834466562
0.39,163,-0.0005052089849144077
0.39,164,-0.0002995915586521577
0.39,165,0.00045851727639412084
0.39,166,0.001679071021841348
0.39,167,0.0013050023697496764
0.39,168,0.0010168998350454268
0.39,169,-0.0014425005178942947
0.39,170,-0.0011146715029899945
0.39,171,0.0027971553015667863
0.39,172,-0.00012380431771573158
0.39,173,0.0007063233316406104
0.39,174,0.001599235050670667
0.39,175,-0.0003820975771424135
0.39,176,0.003280549800295827
0.39,177,-0.001733638566321783
0.39,178,0.0010357949580299456
0.39,179,0.0003434664562464852
0.39,180,0.002124059695325231
0.39,181,-0.0011171738538107393
0.39,182,0.000709240743789171
0.39,183,0.00038016593659459703
0.39,184,0.001113020251028682
0.39,185,0.0017782346348465335
0.39,186,0.0036429426729420408
0.39,187,0.008100546740779627
0.39,188,0.005012119627178409
0.39,189,0.0007702036781062007
0.39,190,0.026892492383430593
0.39,191,-0.016145937561290232
0.39,192,0.3744326097956201
0.39,193,-0.0002122447876080821
0.39,194,0.0011171750125122156
0.39,195,-0.0010420741215852718
0.39,196,0.0002402638299504641
0.39,197,3.7947802223783043e-5
0.39,198,0.0008266893161860794
0.4,intercept,0.00760505424001113
0.4,1,0.0020390803103929175
0.4,2,0.0009581358638211791
0.4,3,0.0012313393297381577
0.4,4,0.0005195230783512796
0.4,5,-0.00048534750701701313
0.4,6,0.001676049711374051
0.4,7,-0.00017549484369938685
0.4,8,0.0014899648051348354
0.4,9,-0.0009189482857844332
0.4,10,-0.0006334794796222196
0.4,11,0.0006676413005587142
0.4,12,-0.0013753128259187456
0.4,13,0.0019971284010297896
0.4,14,-0.001459801816422218
0.4,15,0.0003202486805840779
0.4,16,6.795295515110856e-5
0.4,17,-0.00039885194207768575
0.4,18,0.0008425700179104784
0.4,19,1.3989896433039892e-5
0.4,20,0.0010659902121077974
0.4,21,-0.0007035325243199397
0.4,22,0.001637239742234573
0.4,23,8.017022053731809e-5
0.4,24,0.0006764301357153584
0.4,25,-0.0022522528545270513
0.4,26,7.848263944415648e-5
0.4,27,0.00012150312613681824
0.4,28,0.00023446651712378706
0.4,29,0.001199142153630325
0.4,30,-0.00042389146594521354
0.4,31,5.255410947929525e-5
0.4,32,0.00025025625068046935
0.4,33,0.0008140441218831781
0.4,34,-0.001305043043839978
0.4,35,0.0011834537092921507
0.4,36,-0.00017021857677059567
0.4,37,0.00019529621921794463
0.4,38,7.238907367513369e-5
0.4,39,-0.0005996234348697192
0.4,40,-0.0010365999633984869
0.4,41,-0.0007995661606078712
0.4,42,-0.00010638156791836061
0.4,43,0.0011454895051429953
0.4,44,-0.00019769102148470388
0.4,45,-0.0014731373378390122
0.4,46,0.0007243289292576317
0.4,47,0.0006002105320763578
0.4,48,-0.0001950775777318723
0.4,49,0.0008256365964239874
0.4,50,-0.002065704792102047
0.4,51,0.001997772047138905
0.4,52,0.0004607101715018159
0.4,53,1.295381746806188e-6
0.4,54,-0.000669221039599389
0.4,55,-0.00021981728964053473
0.4,56,0.0018759727992819174
0.4,57,-0.0014981173016322253
0.4,58,0.001110825074531536
0.4,59,-0.000493860119343526
0.4,60,0.002750869547628441
0.4,61,-0.0005824706346598879
0.4,62,1.4132303467121318e-5
0.4,63,0.0019602661043195786
0.4,64,-0.0012942344814166576
0.4,65,0.002330298046758673
0.4,66,0.001295430001599347
0.4,67,0.0006629766934534148
0.4,68,-0.0001929802610035153
0.4,69,-0.00039974536692995123
0.4,70,0.0006208745357549667
0.4,71,-0.0009644956727437556
0.4,72,0.0008099317218669216
0.4,73,-0.0005965027373637148
0.4,74,0.00048142055506499335
0.4,75,-0.0004096481660292999
0.4,76,-0.0013124730416248134
0.4,77,0.0016097386329085282
0.4,78,0.00020191709131009246
0.4,79,0.0003271490560032698
0.4,80,-0.0003107906494799833
0.4,81,0.001250137784361698
0.4,82,0.001686971659458511
0.4,83,0.0010736377324967986
0.4,84,-0.0008305383542172013
0.4,85,0.0017502049372964722
0.4,86,-0.002192815340788397
0.4,87,0.002763713835899941
0.4,88,0.0003442910433142397
0.4,89,0.002053363377796325
0.4,90,0.0017037813592783542
0.4,91,-0.003070731552599661
0.4,92,0.002147945484308907
0.4,93,0.0020177874410554665
0.4,94,0.0016139310332530974
0.4,95,-0.0006259555305459241
0.4,96,-0.00013604214948405858
0.4,97,0.0007679965547763024
0.4,98,0.0023172357765466555
0.4,99,-0.0002671992410572557
0.4,100,-0.00014710788072149058
0.4,101,-0.0017248489881210376
0.4,102,0.0016738808594962038
0.4,103,0.001283159695982656
0.4,104,-0.0003377750206110205
0.4,105,-4.622279193314007e-5
0.4,106,0.0008251150549415522
0.4,107,0.0010127484328057883
0.4,108,-0.001643618179175555
0.4,109,0.00026690790647651016
0.4,110,0.001476510660273015
0.4,111,0.0006000644317932932
0.4,112,0.0010650692291879055
0.4,113,-0.0008278444596338949
0.4,114,0.00012335113794579252
0.4,115,0.00021992107260917481
0.4,116,0.0006482276495394385
0.4,117,0.00033217010483659114
0.4,118,0.0010712942114533845
0.4,119,-0.001304925236056892
0.4,120,0.001727515890530104
0.4,121,-0.0012640416893543156
0.4,122,0.0008651871421241828
0.4,123,-0.000472006352821976
0.4,124,-0.0014729895594897894
0.4,125,0.0014530655016748975
0.4,126,-0.0007839591321034484
0.4,127,0.0007469251499213956
0.4,128,-0.0003535463452080104
0.4,129,-6.887577053738979e-5
0.4,130,0.0014739914120227785
0.4,131,-0.0019313145641997966
0.4,132,0.00137829559000595
0.4,133,0.0005564862407551057
0.4,134,-0.0005355926729852683
0.4,135,0.0003496924030936688
0.4,136,-0.0004032484843397308
0.4,137,-5.1604377697900444e-5
0.4,138,-0.0002024283873164882
0.4,139,0.0002702416965425896
0.4,140,0.000155787165594324
0.4,141,0.0008493656402328703
0.4,142,-0.00035752911248625467
0.4,143,-0.00045135625210464096
0.4,144,0.0008339970875251485
0.4,145,-0.0001506242431541628
0.4,146,0.0009538542000287369
0.4,147,4.0924555064858995e-5
0.4,148,0.001452449165233223
0.4,149,2.2230998684345246e-5
0.4,150,-0.0004243285748795269
0.4,151,0.0008803729633952096
0.4,152,0.00023454029957378103
0.4,153,0.0015913470101540535
0.4,154,0.0007671801032965542
0.4,155,-0.0012515122180249184
0.4,156,0.00017444878491067986
0.4,157,0.0023475114709853207
0.4,158,0.0012047168023129762
0.4,159,0.0008219270778617665
0.4,160,2.6936012305242177e-5
0.4,161,0.0015336271043984383
0.4,162,0.0012733785978621456
0.4,163,-0.000748794696878077
0.4,164,-8.868877746518406e-5
0.4,165,0.0004748538402522288
0.4,166,0.0016299219906543182
0.4,167,0.0013294591186169646
0.4,168,0.0013475967158723318
0.4,169,-0.001944506919147836
0.4,170,-0.0013210579287283007
0.4,171,0.0030390057746949623
0.4,172,-0.00024531548478148537
0.4,173,0.0009853563044649593
0.4,174,0.001416852443557268
0.4,175,-0.00018990476451786407
0.4,176,0.002915797018593035
0.4,177,-0.0019687481693230285
0.4,178,0.0012077646901239051
0.4,179,0.0005200262749055077
0.4,180,0.0019200571896617379
0.4,181,-0.001194837751972375
0.4,182,0.0008929662430329636
0.4,183,0.0005331852327570441
0.4,184,0.00061022596712548
0.4,185,0.002265517918301467
0.4,186,0.0038645011422845004
0.4,187,0.008548464938640017
0.4,188,0.004648746064886594
0.4,189,0.0004661848064858894
0.4,190,0.027316265804622975
0.4,191,-0.015307672954212448
0.4,192,0.3835517360330898
0.4,193,-0.00038628101822594304
0.4,194,0.0015116503165517573
0.4,195,-0.0010258107573357447
0.4,196,0.0002388263681236269
0.4,197,5.7010629923286626e-5
0.4,198,0.0007989783806951042
0.41,intercept,0.007569237486566872
0.41,1,0.0022212410139535884
0.41,2,0.0010176176335627905
0.41,3,0.0011174475759531725
0.41,4,0.00015879477354395583
0.41,5,-0.00039099287645535897
0.41,6,0.0015795249399090784
0.41,7,-0.00014269132724192797
0.41,8,0.0011925646957986157
0.41,9,-0.0004423920940952489
0.41,10,-0.0008354440908255747
0.41,11,0.0008064215652195615
0.41,12,-0.0014358109549191054
0.41,13,0.0019797542705440245
0.41,14,-0.0016633960520936087
0.41,15,0.00031780517124554075
0.41,16,7.236003504272063e-5
0.41,17,-0.00042473962167840525
0.41,18,0.0007564119737432354
0.41,19,0.00020565465954071322
0.41,20,0.0011360526717817138
0.41,21,-0.000780536217962102
0.41,22,0.0014929988024299256
0.41,23,7.389667467634224e-5
0.41,24,0.0006086284693159325
0.41,25,-0.002282658583406834
0.41,26,0.000361444285684006
0.41,27,2.977122131679516e-5
0.41,28,0.00016617049440590393
0.41,29,0.0012403186937519713
0.41,30,-0.00045467272210501054
0.41,31,0.00014307002552568714
0.41,32,4.413529806111447e-5
0.41,33,0.0010874961238851461
0.41,34,-0.001635345507944907
0.41,35,0.001595839508439023
0.41,36,-0.0006686151015540862
0.41,37,0.0004063894025000733
0.41,38,-2.3232536297267118e-5
0.41,39,-0.0005240668238949755
0.41,40,-0.0007945790754001183
0.41,41,-0.0010231896256817333
0.41,42,7.362107506990891e-5
0.41,43,0.0008393182905320295
0.41,44,-0.00012255123381813763
0.41,45,-0.001476479117016282
0.41,46,0.0004586373175281385
0.41,47,0.0008397046330254126
0.41,48,-0.0002899607730989913
0.41,49,0.0006688813180343697
0.41,50,-0.0018810709416710789
0.41,51,0.0019006598221672233
0.41,52,0.0004930999527492131
0.41,53,4.0231132845197884e-5
0.41,54,-0.0005475363785165714
0.41,55,-0.0002425828494932471
0.41,56,0.001922274008092017
0.41,57,-0.0012418572413083176
0.41,58,0.0008749954413819981
0.41,59,-0.0008566374133816547
0.41,60,0.0029481387079693857
0.41,61,-0.0005413614041024555
0.41,62,6.98017897895422e-5
0.41,63,0.002130707860012556
0.41,64,-0.0012957381442126044
0.41,65,0.0025805426445290928
0.41,66,0.0011091094415771436
0.41,67,0.0008349520096859992
0.41,68,-0.0003773998074798164
0.41,69,-0.0003234654903950178
0.41,70,0.0007903499890858687
0.41,71,-0.001432605553567879
0.41,72,0.0007505175282242156
0.41,73,-0.0007964912741950021
0.41,74,0.0006715310922608468
0.41,75,-0.00028239297742806027
0.41,76,-0.0014579630734537158
0.41,77,0.0012173171572575888
0.41,78,0.0005138559529780819
0.41,79,0.0005350559774767935
0.41,80,-0.00029200336778297014
0.41,81,0.0012968864472425556
0.41,82,0.0012440117405471184
0.41,83,0.001039464203123226
0.41,84,-0.0007969427772776166
0.41,85,0.001784321868937814
0.41,86,-0.00244977221085483
0.41,87,0.003343841475531557
0.41,88,-7.54484752501131e-5
0.41,89,0.0023125310196737445
0.41,90,0.001583561937413979
0.41,91,-0.00291982756835433
0.41,92,0.001988564116475705
0.41,93,0.0018534654074609642
0.41,94,0.001899473607489304
0.41,95,-0.0008115077164137422
0.41,96,-0.00014984040981239652
0.41,97,0.0007575810727767747
0.41,98,0.0024828808614403702
0.41,99,-0.0005105954929594275
0.41,100,-0.00018242453823302297
0.41,101,-0.0014298422018047873
0.41,102,0.0012521497011418962
0.41,103,0.0016836394296594155
0.41,104,-0.0005352904595118765
0.41,105,-0.0001415150466404637
0.41,106,0.00044577937266617915
0.41,107,0.0011646932665393725
0.41,108,-0.0015814587372845344
0.41,109,0.00046623772593515415
0.41,110,0.0012423604974838105
0.41,111,0.0009407923131259575
0.41,112,0.000960731176149958
0.41,113,-0.0008178085567101845
0.41,114,0.00024040612053461156
0.41,115,7.122279744229251e-5
0.41,116,0.0009211487754023692
0.41,117,-0.00022545030495645357
0.41,118,0.0012897874409550669
0.41,119,-0.001410627567878138
0.41,120,0.0017528263367121613
0.41,121,-0.0011785222514003975
0.41,122,0.0007594747387334908
0.41,123,-0.0004848044086299254
0.41,124,-0.0014445430675329544
0.41,125,0.0014499156296109525
0.41,126,-0.0004923026688564161
0.41,127,0.0008413901956539397
0.41,128,-0.0008028477098123475
0.41,129,0.00016957792202966385
0.41,130,0.0012983820355556037
0.41,131,-0.0020848159806055116
0.41,132,0.001279218458148069
0.41,133,0.0006295326786774201
0.41,134,-0.0002852122019906407
0.41,135,0.0004206082844236921
0.41,136,-0.0004160935854247298
0.41,137,-7.371954607438107e-5
0.41,138,-0.00038516137841840926
0.41,139,0.00027725360244294377
0.41,140,4.1870009565451245e-5
0.41,141,0.0006598152991258453
0.41,142,-0.00041075749941072456
0.41,143,-0.00015499149667269824
0.41,144,0.0008820622710318766
0.41,145,-0.00012702212753263985
0.41,146,0.0009556851038615921
0.41,147,0.00020125451698770053
0.41,148,0.0011869127340497032
0.41,149,0.00043015040358470105
0.41,150,-0.0006046776063054443
0.41,151,0.0009211119544926331
0.41,152,0.0004198539141245289
0.41,153,0.001298745162522207
0.41,154,0.0012167198497846105
0.41,155,-0.001377416896194078
0.41,156,-0.00019511938034142334
0.41,157,0.0024848976696250436
0.41,158,0.0013335641715337718
0.41,159,0.0008120706076201574
0.41,160,-0.00019202694698853393
0.41,161,0.0018150748437536167
0.41,162,0.001409920680411192
0.41,163,-0.0007622418987691142
0.41,164,-0.00016217562403511742
0.41,165,0.0003751638987518748
0.41,166,0.0015426503414970863
0.41,167,0.0011380248388918339
0.41,168,0.0013826787054681301
0.41,169,-0.001703896199493377
0.41,170,-0.0014239925344089693
0.41,171,0.003384637725845671
0.41,172,-0.0006294801104684883
0.41,173,0.0011957973177332208
0.41,174,0.001133619287599822
0.41,175,0.00014050916322016317
0.41,176,0.0026796619249681284
0.41,177,-0.0019387122202308676
0.41,178,0.0006321214598681402
0.41,179,0.0010427705327797961
0.41,180,0.0015605555105907534
0.41,181,-0.0008547700069523244
0.41,182,0.0008161143822071216
0.41,183,0.0007787611276098918
0.41,184,0.0008809499932281125
0.41,185,0.0025097906822418134
0.41,186,0.003879931802339493
0.41,187,0.008315535310056106
0.41,188,0.004545541678757123
0.41,189,-8.974838148664542e-5
0.41,190,0.028268453125779757
0.41,191,-0.01641096102439039
0.41,192,0.3965662639276723
0.41,193,-0.000402228850389221
0.41,194,0.0016038850823797304
0.41,195,-0.001016616575862691
0.41,196,0.00017577282397825508
0.41,197,4.4206248807690356e-5
0.41,198,0.000775445283764449
0.42,intercept,0.007531160104800889
0.42,1,0.0024983339056092006
0.42,2,0.0008216031665710633
0.42,3,0.0011165764911086498
0.42,4,-0.00019288377119702551
0.42,5,-0.00028930646714592516
0.42,6,0.001539574241595572
0.42,7,-5.341057268405443e-5
0.42,8,0.0008326643879429259
0.42,9,0.00010418910950940715
0.42,10,-0.0011027206331730272
0.42,11,0.0007988061576997227
0.42,12,-0.001444958816610555
0.42,13,0.001807977365153711
0.42,14,-0.0015091622186195277
0.42,15,0.00010204398001833821
0.42,16,0.00029435969678185536
0.42,17,-0.0004349649809905471
0.42,18,0.0005752057150958364
0.42,19,0.00022918954553131303
0.42,20,0.0011828284927443726
0.42,21,-0.0006105423646927301
0.42,22,0.0013130143355981965
0.42,23,0.0002154117367277984
0.42,24,0.00042881952746068504
0.42,25,-0.0020038954122873023
0.42,26,0.0002457894074807085
0.42,27,-0.000206895607289126
0.42,28,0.00040661224694123514
0.42,29,0.0009420934365200925
0.42,30,-0.00029462172508065915
0.42,31,0.00018468713867054133
0.42,32,9.518998508008247e-5
0.42,33,0.0008758765361376012
0.42,34,-0.001427982687801618
0.42,35,0.0014571876054258418
0.42,36,-0.0006480602701000559
0.42,37,0.0004007926735586165
0.42,38,0.0001426918293104847
0.42,39,-0.0006099427826584219
0.42,40,-0.0009494287395508192
0.42,41,-0.0007827233558537182
0.42,42,-4.551065618592895e-5
0.42,43,0.001083224015140205
0.42,44,-0.00048433239401965677
0.42,45,-0.0013865349861447885
0.42,46,0.0004047806456742357
0.42,47,0.0009303378649297082
0.42,48,-0.00012580228896197755
0.42,49,0.0005709104532018758
0.42,50,-0.0016679804452369577
0.42,51,0.001609302433512089
0.42,52,0.00042737316117967306
0.42,53,0.000143768925656214
0.42,54,-0.0007448324146961531
0.42,55,4.761802862450733e-5
0.42,56,0.0015098854709739667
0.42,57,-0.0011556103503718475
0.42,58,0.001025845343732838
0.42,59,-0.0009735792108731836
0.42,60,0.0032851341706232546
0.42,61,-0.000755528888460272
0.42,62,5.022218246881764e-5
0.42,63,0.0019668953918027914
0.42,64,-0.0008933202380224194
0.42,65,0.002673438311927182
0.42,66,0.0013542935502426877
0.42,67,0.0005360768579663425
0.42,68,-0.0004728546819131844
0.42,69,-3.798750211715506e-5
0.42,70,0.0003613080555547647
0.42,71,-0.0013693447037706195
0.42,72,0.0007793019292551608
0.42,73,-0.0008787487255480379
0.42,74,0.00059500951783439
0.42,75,-0.00018489782373620165
0.42,76,-0.0014333253330369958
0.42,77,0.0011781256324202044
0.42,78,0.0004698192899116723
0.42,79,0.0007750740208472589
0.42,80,-0.0006279053519677356
0.42,81,0.0015469141912763864
0.42,82,0.001447912962484385
0.42,83,0.000912694836294575
0.42,84,-0.0005972479915439303
0.42,85,0.0017227097575625025
0.42,86,-0.002542111872804055
0.42,87,0.003152079077202979
0.42,88,-5.040749177872701e-5
0.42,89,0.002409422807300828
0.42,90,0.001581256643114047
0.42,91,-0.003249614461120586
0.42,92,0.0019710025395882963
0.42,93,0.0020060132139890227
0.42,94,0.001805079986097727
0.42,95,-0.0006515602962226124
0.42,96,-0.00041892937724924385
0.42,97,0.0005883603242049586
0.42,98,0.0023583204745692837
0.42,99,-0.0004609886595942766
0.42,100,-0.00011279989959213058
0.42,101,-0.001323502967505355
0.42,102,0.0011050370579926082
0.42,103,0.00178804533454568
0.42,104,-0.0007443188738987527
0.42,105,0.0004276363735874627
0.42,106,4.382021849233687e-5
0.42,107,0.0016261487270321584
0.42,108,-0.0018721317407487676
0.42,109,0.0004662565219099418
0.42,110,0.0012691145837438185
0.42,111,0.0010215780680676593
0.42,112,0.0009879776053357504
0.42,113,-0.0005731567159867165
0.42,114,0.00020718195610684058
0.42,115,-8.490816093737654e-5
0.42,116,0.0009082817926200519
0.42,117,-0.0002721924309234206
0.42,118,0.0010183273072234531
0.42,119,-0.0011227547705495312
0.42,120,0.001569912801980074
0.42,121,-0.0009924169341251402
0.42,122,0.0009079293951078701
0.42,123,-0.00024060584117240071
0.42,124,-0.00183751791429906
0.42,125,0.0017347377599887493
0.42,126,-0.0005917846333851778
0.42,127,0.0007870954491972434
0.42,128,-0.0007197809650627559
0.42,129,-1.6495159890084127e-5
0.42,130,0.0011645226189265787
0.42,131,-0.0019311651001145845
0.42,132,0.0011060966235049655
0.42,133,0.0005593184749385404
0.42,134,0.00015987211734420242
0.42,135,0.0002174124781888141
0.42,136,-0.00026176478172838384
0.42,137,-8.469805713172263e-5
0.42,138,-0.0003484455497177471
0.42,139,0.0001397775090726236
0.42,140,2.157283255659768e-5
0.42,141,0.0006338353728259059
0.42,142,-0.0003178193469064126
0.42,143,-0.0001931069297674381
0.42,144,0.0007455315384658877
0.42,145,-0.00013202014643263202
0.42,146,0.0009323058247758753
0.42,147,-6.781782826979691e-5
0.42,148,0.0013990210823134673
0.42,149,0.0003081654639065578
0.42,150,-0.00046753810868550535
0.42,151,0.0007245714197980952
0.42,152,0.0006244453811875632
0.42,153,0.001327325890272725
0.42,154,0.0013865387558293658
0.42,155,-0.0017480882852324326
0.42,156,-6.809697244817168e-5
0.42,157,0.002028547266817267
0.42,158,0.0015718086941231427
0.42,159,0.0008642038952317627
0.42,160,-0.00020958385574349378
0.42,161,0.0018651757634069153
0.42,162,0.0014722773291077167
0.42,163,-0.0006776684648732105
0.42,164,-0.0001600927897593691
0.42,165,0.0002551168949429886
0.42,166,0.0015837709417021928
0.42,167,0.001033459559737571
0.42,168,0.0015204804655542482
0.42,169,-0.0020337651849543473
0.42,170,-0.0012368596563964987
0.42,171,0.003294136483021035
0.42,172,-0.0003299380080372717
0.42,173,0.0007619517017296479
0.42,174,0.0014008530673845067
0.42,175,-0.00019222031174775378
0.42,176,0.0028374879436915395
0.42,177,-0.0023410337851546207
0.42,178,0.0005054465640595801
0.42,179,0.0012354145594242287
0.42,180,0.0016240208770703418
0.42,181,-0.0012788258800814727
0.42,182,0.0006534982577215692
0.42,183,0.0007543590081047258
0.42,184,0.0008462621862351917
0.42,185,0.002143582133023445
0.42,186,0.00490868951544814
0.42,187,0.008313653188858003
0.42,188,0.004387058262870889
0.42,189,-8.045326271813412e-5
0.42,190,0.028521716803287987
0.42,191,-0.016993276589854084
0.42,192,0.40977041007206655
0.42,193,-0.0004757139223445464
0.42,194,0.0015681542758817432
0.42,195,-0.0010312257371627408
0.42,196,0.00013800487836217247
0.42,197,4.599845405557808e-5
0.42,198,0.0007533995475748612
0.43,intercept,0.007430924191847562
0.43,1,0.0022862434217338803
0.43,2,0.0008906851055878709
0.43,3,0.000749876632278386
0.43,4,-0.00012955013412065518
0.43,5,-0.00021577776148615257
0.43,6,0.0015624065756955604
0.43,7,-0.00019351320993183532
0.43,8,0.0008826776047149131
0.43,9,-5.4064868965690436e-5
0.43,10,-0.0010769812296923325
0.43,11,0.0005657076334246538
0.43,12,-0.0009444090152974896
0.43,13,0.0014861294075326434
0.43,14,-0.0014374651523164194
0.43,15,0.00012267098651990807
0.43,16,0.00018193097535739193
0.43,17,-0.00039523859622631947
0.43,18,0.0006105762494903411
0.43,19,-0.00010307011002196867
0.43,20,0.0012981782097594673
0.43,21,-0.0006790624737512552
0.43,22,0.001516607931472596
0.43,23,3.188523211223111e-5
0.43,24,0.000309938539749069
0.43,25,-0.0019629697738947293
0.43,26,0.0005242364050736666
0.43,27,-0.000639668356332892
0.43,28,0.0007929240050645313
0.43,29,0.0007944141494018832
0.43,30,-0.0004774794556194451
0.43,31,0.00034903508379145395
0.43,32,9.251827624040891e-5
0.43,33,0.0008273678600789173
0.43,34,-0.001371231295728818
0.43,35,0.0011427239572373083
0.43,36,-0.00022226418490280776
0.43,37,0.0001458639531386683
0.43,38,0.00017854611048167263
0.43,39,-0.0007696563563201495
0.43,40,-0.0006591596258017156
0.43,41,-0.0011071934061053414
0.43,42,0.00028499793456072763
0.43,43,0.0011545071648266778
0.43,44,-0.0005257936245240713
0.43,45,-0.0013475339067294011
0.43,46,0.0002506254915920017
0.43,47,0.001265210659754166
0.43,48,-0.0003247901141633349
0.43,49,0.0005881350491439935
0.43,50,-0.001771973512367459
0.43,51,0.0017611706207414637
0.43,52,0.00026060465780753273
0.43,53,0.000428151432536669
0.43,54,-0.0010315989919666157
0.43,55,0.00041852268208018297
0.43,56,0.001684709902057527
0.43,57,-0.0012313286786757342
0.43,58,0.0008816505455708267
0.43,59,-0.0011833499319067228
0.43,60,0.003086934968932017
0.43,61,-0.0006466039462868255
0.43,62,0.000136712687139092
0.43,63,0.0021702227960071967
0.43,64,-0.0010556201858987096
0.43,65,0.0024536195557946835
0.43,66,0.0013157740206876693
0.43,67,0.0005474873749974147
0.43,68,-0.00038424849335781083
0.43,69,-0.0001641144006289051
0.43,70,0.0005847886666768978
0.43,71,-0.001518218809038338
0.43,72,0.0011978741742655673
0.43,73,-0.001117824210197925
0.43,74,0.0006541020498579633
0.43,75,-5.481938049546046e-5
0.43,76,-0.0015615825675476848
0.43,77,0.001147002302792862
0.43,78,0.0004080279034239816
0.43,79,0.0007736011297197389
0.43,80,-0.0003685139477553556
0.43,81,0.0016705051338323567
0.43,82,0.0014277945429430772
0.43,83,0.0008216346466245343
0.43,84,-0.0007019251500958782
0.43,85,0.0016426205980301029
0.43,86,-0.002407943747068072
0.43,87,0.0030412360523168393
0.43,88,-5.527198251552619e-5
0.43,89,0.0022143196276224694
0.43,90,0.0015578312631500419
0.43,91,-0.003533725694391533
0.43,92,0.002318197356917747
0.43,93,0.0018781311468896158
0.43,94,0.002109516976805153
0.43,95,-0.0008161627421190841
0.43,96,-0.0002653963159076013
0.43,97,0.0003472658184216181
0.43,98,0.0023258710407872674
0.43,99,-0.0007195943222669312
0.43,100,2.2360369429962393e-5
0.43,101,-0.0012188059027765422
0.43,102,0.000955141024723934
0.43,103,0.002079038750624958
0.43,104,-0.0008139274705018535
0.43,105,0.0005009271799518777
0.43,106,3.379150959122026e-5
0.43,107,0.0016913792341545014
0.43,108,-0.001964014909509155
0.43,109,0.0007855730648177389
0.43,110,0.0007587139676359134
0.43,111,0.0011538952814790415
0.43,112,0.0009127696568644872
0.43,113,-0.0007301584381862319
0.43,114,0.00037540967388389855
0.43,115,-0.0002880444638744798
0.43,116,0.0009350545265279964
0.43,117,-0.0004327891388344297
0.43,118,0.001193066635483448
0.43,119,-0.0011228355061811304
0.43,120,0.0014757425479459798
0.43,121,-0.0010134743619441954
0.43,122,0.0008927374321763983
0.43,123,-0.00037668241469468157
0.43,124,-0.0017730399688570876
0.43,125,0.0017922164064035741
0.43,126,-0.0005459386314775243
0.43,127,0.000875116379269969
0.43,128,-0.0008492979421755652
0.43,129,-3.0825415011674376e-5
0.43,130,0.0013002998381533622
0.43,131,-0.0018009015686262062
0.43,132,0.0009367299765232217
0.43,133,0.0007650651959165495
0.43,134,-3.441790913924354e-5
0.43,135,0.00034157689218829775
0.43,136,-0.0002176864625979251
0.43,137,-0.00014792206859844407
0.43,138,-0.0004078076712998672
0.43,139,0.0001647540307128739
0.43,140,-0.00033119351638961604
0.43,141,0.0008487189688589357
0.43,142,-0.00047084134382927836
0.43,143,-0.00010845040364820618
0.43,144,0.0008113058304892409
0.43,145,-0.000298152266989296
0.43,146,0.0012178735578869267
0.43,147,-0.0003508919532182801
0.43,148,0.0016359781823702124
0.43,149,0.00045598453007802877
0.43,150,-0.0005869214109153548
0.43,151,0.0005818965580016094
0.43,152,0.0008851346884043678
0.43,153,0.001043632019945177
0.43,154,0.0015407478320528818
0.43,155,-0.00156083669659209
0.43,156,-0.00020325769709166283
0.43,157,0.0017951995985042908
0.43,158,0.0016441746518059647
0.43,159,0.0008973228903597587
0.43,160,-0.0005271397406804733
0.43,161,0.0019087236654500306
0.43,162,0.0012868814715167977
0.43,163,-0.0007508440849349858
0.43,164,0.00020021142007436017
0.43,165,1.144207383489693e-5
0.43,166,0.0017157760162258785
0.43,167,0.0009834707336672506
0.43,168,0.0017312321748316395
0.43,169,-0.002111117354416873
0.43,170,-0.0009649857490098532
0.43,171,0.003281031143658212
0.43,172,-0.000639357960194079
0.43,173,0.0007938272959719483
0.43,174,0.0010971152915045588
0.43,175,0.00011466317288117012
0.43,176,0.002904398377332224
0.43,177,-0.0027152377158083337
0.43,178,0.00083681498758164
0.43,179,0.0006024658092638548
0.43,180,0.002135628224319108
0.43,181,-0.0014192902653681586
0.43,182,0.0005877291464699551
0.43,183,0.0007596567182076402
0.43,184,0.001141758564328148
0.43,185,0.0018663746208266115
0.43,186,0.005032286593253854
0.43,187,0.0084783747636618
0.43,188,0.003919255117430703
0.43,189,0.00022775819316772083
0.43,190,0.029029898865835096
0.43,191,-0.019121518368755735
0.43,192,0.4268543067980762
0.43,193,-0.0003482379887029763
0.43,194,0.0017397493921240427
0.43,195,-0.001009901601089104
0.43,196,9.267442523548573e-5
0.43,197,4.050693435554177e-5
0.43,198,0.0007476683005561258
0.44,intercept,0.007363276214677816
0.44,1,0.002473768914781231
0.44,2,0.0006070982265003068
0.44,3,0.0009463077989460033
0.44,4,-0.0003204915423152691
0.44,5,-0.00023308142355251923
0.44,6,0.001655063231936392
0.44,7,-0.0002922700868377209
0.44,8,0.0010311061234434893
0.44,9,-0.0002608971567956344
0.44,10,-0.0005995362004616765
0.44,11,0.000856481699794748
0.44,12,-0.0010310029591786326
0.44,13,0.0017779524106123106
0.44,14,-0.0016433026233023708
0.44,15,1.9715757646554724e-5
0.44,16,0.000372763945282354
0.44,17,-0.0007616818727170623
0.44,18,0.0008352595773601841
0.44,19,-2.4808930470605862e-5
0.44,20,0.0014933975922540273
0.44,21,-0.0005957578931660593
0.44,22,0.0013715004846443033
0.44,23,0.000145378001468677
0.44,24,7.319877125269149e-6
0.44,25,-0.002014268120174923
0.44,26,0.0005226394478364642
0.44,27,-0.0006952200415756395
0.44,28,0.0006693244647546729
0.44,29,0.0008014372678530492
0.44,30,-0.0006599494719298782
0.44,31,0.0005466475510941036
0.44,32,3.3560691152705526e-5
0.44,33,0.0005422633874065733
0.44,34,-0.0009889627864358853
0.44,35,0.0007926208315095099
0.44,36,3.679512732963366e-5
0.44,37,-0.00015121568947371324
0.44,38,0.0004419592005885128
0.44,39,-0.0007900102446857578
0.44,40,-0.0005469715070950459
0.44,41,-0.0012829976706471326
0.44,42,0.0005033187344777356
0.44,43,0.0011365798026561674
0.44,44,-0.0005257274694195493
0.44,45,-0.0014217547738935277
0.44,46,0.00028840173363029766
0.44,47,0.0011754298942155468
0.44,48,-0.00019485551449937511
0.44,49,0.0005976171122645396
0.44,50,-0.0016705740787250347
0.44,51,0.0015031435830938392
0.44,52,0.0001320944531431079
0.44,53,0.0005410102776115985
0.44,54,-0.0011448306470361151
0.44,55,0.0005146693692944245
0.44,56,0.0016060127192857598
0.44,57,-0.001176139950698092
0.44,58,0.0008997145176626079
0.44,59,-0.0011109445075613848
0.44,60,0.002968470833170619
0.44,61,-0.00047451144339573945
0.44,62,-6.964376659912562e-5
0.44,63,0.002497121927545832
0.44,64,-0.0012449841868371091
0.44,65,0.002264040135524056
0.44,66,0.0014395026319185403
0.44,67,0.0003245421103097006
0.44,68,-0.0001770405518409065
0.44,69,-0.00022249497272315504
0.44,70,0.0004572087183304641
0.44,71,-0.0013469011684599974
0.44,72,0.0010857909324770859
0.44,73,-0.0006828097528693336
0.44,74,6.946199954018958e-5
0.44,75,0.00046084260557064516
0.44,76,-0.0019371749840251923
0.44,77,0.0012509369938760208
0.44,78,0.0002993620138950975
0.44,79,0.0007944018104785864
0.44,80,-0.00024598056427389814
0.44,81,0.0014151973574581295
0.44,82,0.0015486634763234735
0.44,83,0.0007166873169305593
0.44,84,-0.0004057468439083377
0.44,85,0.001313732589612296
0.44,86,-0.0023901117918495173
0.44,87,0.003068797662764452
0.44,88,-0.00021993911682018032
0.44,89,0.002017236788097712
0.44,90,0.0015025698535713872
0.44,91,-0.0035838211194419195
0.44,92,0.0019520423557038609
0.44,93,0.0018618888185788014
0.44,94,0.0023923877219759657
0.44,95,-0.000760918247242261
0.44,96,-0.0003097442133823137
0.44,97,4.433444346040118e-5
0.44,98,0.0026678232739856624
0.44,99,-0.0007003628219902383
0.44,100,-0.00012041689111148183
0.44,101,-0.0010897600777999479
0.44,102,0.0004724528222148339
0.44,103,0.002491513243722808
0.44,104,-0.0008801985422065451
0.44,105,0.0005313146215349697
0.44,106,-4.3913489086671476e-5
0.44,107,0.0015269392101198433
0.44,108,-0.0017358370202953627
0.44,109,0.0004157352372259573
0.44,110,0.0008279586197951952
0.44,111,0.0011272519992584047
0.44,112,0.0014523532924297345
0.44,113,-0.0008365437758090985
0.44,114,0.00042037786288028317
0.44,115,-0.0005819549126686734
0.44,116,0.001125281406459695
0.44,117,-0.0003434050950105721
0.44,118,0.0011009764054532819
0.44,119,-0.0012129035291746505
0.44,120,0.001364478270452858
0.44,121,-0.000793369695823867
0.44,122,0.0005879827482980405
0.44,123,-0.00033085069545893186
0.44,124,-0.0016843759710325095
0.44,125,0.0017101291645566592
0.44,126,-0.00031343910328838196
0.44,127,0.0006599967923267563
0.44,128,-0.0007645037931707097
0.44,129,-0.00023756474068758508
0.44,130,0.0019938239179052835
0.44,131,-0.0021285317778073527
0.44,132,0.0008102872199789431
0.44,133,0.0007147134113843657
0.44,134,-5.939477021817226e-5
0.44,135,0.0002704345535633497
0.44,136,-0.000319132838534628
0.44,137,-1.548758178449579e-5
0.44,138,-0.0006381366459962187
0.44,139,0.0003112879172731467
0.44,140,-0.0004323782692707923
0.44,141,0.0009443634079452979
0.44,142,-0.00036709591995261605
0.44,143,-0.00036226948465362563
0.44,144,0.0011090212684490923
0.44,145,-0.0005972211612471963
0.44,146,0.0012839634062397805
0.44,147,-0.0002854398366197978
0.44,148,0.0016236292846571795
0.44,149,0.0003320361965182533
0.44,150,-0.0007410736176868453
0.44,151,0.0007097059226463881
0.44,152,0.000832602129596345
0.44,153,0.0009774968525813746
0.44,154,0.0014478185516414084
0.44,155,-0.0012814653496296072
0.44,156,-0.00045041685712104366
0.44,157,0.0019320258045196152
0.44,158,0.0014833062511390633
0.44,159,0.0008849619147065412
0.44,160,6.517537167004638e-5
0.44,161,0.0017539554706652656
0.44,162,0.0014978786367920024
0.44,163,-0.000940391214714395
0.44,164,0.0004498368420636247
0.44,165,0.00014937887442482
0.44,166,0.0017745008387840245
0.44,167,0.0007033596264548262
0.44,168,0.0019412648542712202
0.44,169,-0.00245682771118119
0.44,170,-0.0005844487246810027
0.44,171,0.0027671449424408706
0.44,172,-0.0005749612107172946
0.44,173,0.0007692002396469819
0.44,174,0.0009309989214117795
0.44,175,0.00022592953196834238
0.44,176,0.002755687283045741
0.44,177,-0.0020729967447388146
0.44,178,0.00043609631152174603
0.44,179,0.00032583690635569967
0.44,180,0.0023701567111571015
0.44,181,-0.0016982292071901035
0.44,182,0.001044340579557511
0.44,183,0.00010909755276950705
0.44,184,0.001116160709866358
0.44,185,0.0016809448564992582
0.44,186,0.00503340671730481
0.44,187,0.008605955264827403
0.44,188,0.004083340715315732
0.44,189,-0.00014348617856162825
0.44,190,0.030344908327442306
0.44,191,-0.019311295078101896
0.44,192,0.4401377896301416
0.44,193,-0.00022931920159872547
0.44,194,0.0016167247423762435
0.44,195,-0.0010120480660550848
0.44,196,8.60022977926748e-5
0.44,197,4.650101513693425e-5
0.44,198,0.0007367860279155064
0.45,intercept,0.007279147178711116
0.45,1,0.002473977786127655
0.45,2,0.0004214246609773874
0.45,3,0.0009721315846374536
0.45,4,-0.0008147447700488577
0.45,5,7.24429839921114e-5
0.45,6,0.001438817322862911
0.45,7,1.803481339974931e-5
0.45,8,0.0006819788590778085
0.45,9,0.0002350457008639043
0.45,10,-0.0007858451713007404
0.45,11,0.0007777204461101089
0.45,12,-0.0008553496409035942
0.45,13,0.001654962159085725
0.45,14,-0.0015006769401109579
0.45,15,-8.8301551439148e-5
0.45,16,0.0005263948507723817
0.45,17,-0.0006560405117814731
0.45,18,0.0006905819147874378
0.45,19,0.0004512105081353597
0.45,20,0.001320680994915273
0.45,21,-0.0007234806571883219
0.45,22,0.0012019319576772908
0.45,23,2.2829729188833234e-5
0.45,24,3.949487330904555e-5
0.45,25,-0.001909468726842344
0.45,26,0.00040446567467371496
0.45,27,-0.0009420036269639748
0.45,28,0.0008284958420191953
0.45,29,0.0006694251483201554
0.45,30,-0.0005941608222865047
0.45,31,0.0004321380900447449
0.45,32,0.0001233339400320381
0.45,33,0.0004140009622818488
0.45,34,-0.0007918396885575708
0.45,35,0.0008093617576102879
0.45,36,-2.9825740705046435e-5
0.45,37,-0.00023883554913079396
0.45,38,0.00040966554919485504
0.45,39,-0.0005361993486000636
0.45,40,-0.0007666159433337437
0.45,41,-0.001227819312142084
0.45,42,0.0004131505966713397
0.45,43,0.0011605547129453359
0.45,44,-0.0007121799135702814
0.45,45,-0.0009485823790702463
0.45,46,5.166390133728687e-5
0.45,47,0.0010312357219337339
0.45,48,-1.1464169422722294e-6
0.45,49,0.0007796785091140795
0.45,50,-0.0017457410883221982
0.45,51,0.0013591255826718184
0.45,52,0.00026278273003379435
0.45,53,0.00042936819077467873
0.45,54,-0.001199692244404887
0.45,55,0.00047993856059834196
0.45,56,0.0016766797813871355
0.45,57,-0.0010986864984476776
0.45,58,0.0006571875187447109
0.45,59,-0.001115379007873662
0.45,60,0.002985402011369174
0.45,61,-0.000451755051995917
0.45,62,-0.00010522205034537231
0.45,63,0.002487237120089708
0.45,64,-0.0013369969127921147
0.45,65,0.0023285429031731004
0.45,66,0.001501178849135107
0.45,67,0.00032445870771509585
0.45,68,-0.00037704690512329486
0.45,69,-0.00011622073187419605
0.45,70,0.0004975042382254578
0.45,71,-0.001629336021355523
0.45,72,0.0013681806081503834
0.45,73,-0.0009541315929501554
0.45,74,0.0001253304606816795
0.45,75,0.0008534146646044817
0.45,76,-0.001987485481087834
0.45,77,0.0011586243102601783
0.45,78,0.0006642264330349087
0.45,79,0.0005593053350061402
0.45,80,-0.00026766945063931563
0.45,81,0.0009500949889585493
0.45,82,0.0014002088830048173
0.45,83,0.0006915252404200597
0.45,84,-0.00013020543832446615
0.45,85,0.001593665998792407
0.45,86,-0.0022704968738864574
0.45,87,0.0032318942357556185
0.45,88,-0.00035821926010969475
0.45,89,0.0021918274170839784
0.45,90,0.0016657718384457407
0.45,91,-0.0038703531175669392
0.45,92,0.002085654572473393
0.45,93,0.0019371501399756213
0.45,94,0.0025663669658800405
0.45,95,-0.0010046747824943418
0.45,96,-0.0005285166285539021
0.45,97,0.00028370804285249426
0.45,98,0.0025681249728645174
0.45,99,-0.0007079216356007717
0.45,100,-0.00010472640005200598
0.45,101,-0.00125933974334389
0.45,102,0.0005872859111165135
0.45,103,0.0023406683799871383
0.45,104,-0.0007553586518097439
0.45,105,0.00038454215040030715
0.45,106,-9.999428454280228e-5
0.45,107,0.0015068170857203164
0.45,108,-0.0018404849819252038
0.45,109,0.0005665195687554157
0.45,110,0.0010421963848550326
0.45,111,0.0008986506599928003
0.45,112,0.0015533607398050674
0.45,113,-0.0007975598479023164
0.45,114,0.0002977358659657754
0.45,115,-0.0007984696599412503
0.45,116,0.0011538410212790767
0.45,117,-0.00041737310163902344
0.45,118,0.001059706660150405
0.45,119,-0.0012382351720723298
0.45,120,0.0014224860150766835
0.45,121,-0.0006382453434523665
0.45,122,0.00054285090863644
0.45,123,-1.4873784827400747e-5
0.45,124,-0.0017933036487958879
0.45,125,0.0018662205991787117
0.45,126,-0.0003540734694923681
0.45,127,0.0005794515878336543
0.45,128,-0.0007969661320999253
0.45,129,-0.00037031141084702444
0.45,130,0.0022183174051967286
0.45,131,-0.0022654487975099463
0.45,132,0.0008596934690125713
0.45,133,0.0006505319394614413
0.45,134,-0.00018629152689391394
0.45,135,0.0004716444292529558
0.45,136,-0.0004652768887685624
0.45,137,2.994544070082363e-5
0.45,138,-0.0004604952032281078
0.45,139,0.00039987311194128927
0.45,140,-0.0007104564647046421
0.45,141,0.0010922527469551622
0.45,142,-0.0006893860356533503
0.45,143,0.00012093597254585301
0.45,144,0.00086655583899506
0.45,145,-0.0006681988086387706
0.45,146,0.0012203635654532488
0.45,147,-0.00033545443724765443
0.45,148,0.0017732520661168465
0.45,149,0.00029326490874411376
0.45,150,-0.0006559823852511999
0.45,151,0.0006958905700222167
0.45,152,0.0006529617874339338
0.45,153,0.0007954280114223107
0.45,154,0.0011327759498275137
0.45,155,-0.0009938857101574208
0.45,156,-0.0003749524399307975
0.45,157,0.0019264041430331635
0.45,158,0.0018501025152553444
0.45,159,0.0006549507076353026
0.45,160,8.033244577900926e-5
0.45,161,0.001755395913924898
0.45,162,0.0015065755863207892
0.45,163,-0.0008032513755090499
0.45,164,0.0001777474221022086
0.45,165,-8.03935564170773e-5
0.45,166,0.0017779002211230873
0.45,167,0.001036676826561466
0.45,168,0.0018469125480844437
0.45,169,-0.00243068236313319
0.45,170,-0.0007561771660608667
0.45,171,0.002656001961623972
0.45,172,-0.0003694005355069838
0.45,173,0.0006066077491780561
0.45,174,0.001210610157823191
0.45,175,0.0003042646726430579
0.45,176,0.003007657587014804
0.45,177,-0.002244874376777114
0.45,178,0.0008046640565532959
0.45,179,0.0005143058617058004
0.45,180,0.0021580184227703086
0.45,181,-0.0016995566094100928
0.45,182,0.0007637181474144443
0.45,183,0.0005577853413088623
0.45,184,0.0008419653537021058
0.45,185,0.001623878373505769
0.45,186,0.004372002142705391
0.45,187,0.00867852665180918
0.45,188,0.004267100959691359
0.45,189,-0.0005610356431185914
0.45,190,0.03134916505113948
0.45,191,-0.019972978120966014
0.45,192,0.4542853407894439
0.45,193,-0.0002611129766817952
0.45,194,0.0014316389963082204
0.45,195,-0.0009886649336775103
0.45,196,5.9639984999886664e-5
0.45,197,5.783802952382278e-5
0.45,198,0.00072015220168183
0.46,intercept,0.007146996447479491
0.46,1,0.002606121907236595
0.46,2,0.0005443436012665703
0.46,3,0.0005467808829940538
0.46,4,-0.0007458279466362296
0.46,5,-1.6568990644824695e-5
0.46,6,0.001329079342104069
0.46,7,8.677906271732004e-5
0.46,8,0.0008953469649841425
0.46,9,0.0004217173027589996
0.46,10,-0.0009563629893370038
0.46,11,0.0006753826948961727
0.46,12,-0.000788622262180349
0.46,13,0.0019282299849898805
0.46,14,-0.0016292396269869758
0.46,15,0.0001698393565019213
0.46,16,0.000345945363983627
0.46,17,-0.0003889508002996576
0.46,18,0.0003898618672168917
0.46,19,0.000954893748296058
0.46,20,0.0012212093983136592
0.46,21,-0.0008534841835101254
0.46,22,0.0011142095711507165
0.46,23,0.00012465873844706515
0.46,24,-8.825089692554718e-5
0.46,25,-0.0016623631054888258
0.46,26,0.0004376158375366599
0.46,27,-0.000841682308214904
0.46,28,0.000645097114373785
0.46,29,0.0006415895984190866
0.46,30,-0.0006012581319415097
0.46,31,0.00037603912481625113
0.46,32,-0.00018071171822621465
0.46,33,0.0008235488704561845
0.46,34,-0.0009861023642979108
0.46,35,0.0008049540427770797
0.46,36,0.0002504283529651242
0.46,37,-0.0005202401378239394
0.46,38,0.0006258324547693435
0.46,39,-0.0005345031971208483
0.46,40,-0.0006172481087503804
0.46,41,-0.0012394948129983803
0.46,42,0.00035434013068294474
0.46,43,0.0011644768013602147
0.46,44,-0.0007789671109839514
0.46,45,-0.001143777010689045
0.46,46,-3.7334974637805766e-6
0.46,47,0.001139027310739249
0.46,48,0.0003001079505362396
0.46,49,0.0006997652111661549
0.46,50,-0.0018259509163096256
0.46,51,0.0013725017667132829
0.46,52,0.00042341793319040303
0.46,53,0.000267100941283684
0.46,54,-0.0011107846080837275
0.46,55,0.0003029421168978011
0.46,56,0.001716673143304956
0.46,57,-0.0010966717805642393
0.46,58,0.0006731875359110737
0.46,59,-0.001149768144536737
0.46,60,0.0028468197608368232
0.46,61,-0.0005748187438251058
0.46,62,9.91543739023894e-5
0.46,63,0.002090617344239356
0.46,64,-0.0010511055565932508
0.46,65,0.0024504509970187573
0.46,66,0.0016229037204369384
0.46,67,6.321683694754512e-5
0.46,68,-0.00011236224372700816
0.46,69,-0.0003251284326962069
0.46,70,0.0005517086536967835
0.46,71,-0.0017666140134553893
0.46,72,0.0015130036866204592
0.46,73,-0.0010300667010902207
0.46,74,0.0002230143500478827
0.46,75,0.000489987928182745
0.46,76,-0.0016660308891175445
0.46,77,0.0012401642810547463
0.46,78,0.0004361933329373034
0.46,79,0.0005215719488337897
0.46,80,-0.00022129675167275256
0.46,81,0.0006155224212157037
0.46,82,0.0016022382290629268
0.46,83,0.0005212990952058901
0.46,84,-0.00020555788604097977
0.46,85,0.001713557148765684
0.46,86,-0.0020981635117660637
0.46,87,0.0031673204133854877
0.46,88,-0.00010689428111358278
0.46,89,0.0018466189064123694
0.46,90,0.0020434029450432704
0.46,91,-0.004199337245109782
0.46,92,0.00230607999698894
0.46,93,0.0016838675053021557
0.46,94,0.0025304097357534755
0.46,95,-0.0010169906390964081
0.46,96,-0.0005900205532261115
0.46,97,0.00019520193109858237
0.46,98,0.0026257007724246107
0.46,99,-0.0007792730021852765
0.46,100,0.00012161653254427694
0.46,101,-0.0017614819432705117
0.46,102,0.0007743640756758372
0.46,103,0.0019651736489191348
0.46,104,-0.00024549700632421964
0.46,105,0.00011618510458285114
0.46,106,4.485173806414483e-5
0.46,107,0.0016153522787766942
0.46,108,-0.0017132693248715582
0.46,109,0.0008980431097186752
0.46,110,0.0007752125075322874
0.46,111,0.0006566424059182772
0.46,112,0.0018821372110331214
0.46,113,-0.0010612474490640823
0.46,114,0.0006992389449828798
0.46,115,-0.0009096060861446345
0.46,116,0.001089077205543792
0.46,117,-0.00034632299781427173
0.46,118,0.001039455883792144
0.46,119,-0.0015192277567283958
0.46,120,0.0015857601603209508
0.46,121,-0.0006850131569506104
0.46,122,0.0010006431595116886
0.46,123,-0.0005639167306713813
0.46,124,-0.001339970450604884
0.46,125,0.0016474609230677818
0.46,126,-0.0002875067978142156
0.46,127,0.0004816300205973483
0.46,128,-0.0007050149328785321
0.46,129,-0.0002769503909584767
0.46,130,0.0022970184714498337
0.46,131,-0.002335051450286141
0.46,132,0.0008914021829994642
0.46,133,0.0006042710288179921
0.46,134,-0.00036147810510273824
0.46,135,0.0005383365605508305
0.46,136,-0.00028612295446593547
0.46,137,-0.0001739047898766229
0.46,138,-0.0004734130478011218
0.46,139,0.00044293461794212924
0.46,140,-0.0008565600435886077
0.46,141,0.0011696603729330418
0.46,142,-0.0009878164856753047
0.46,143,0.0005702224978304315
0.46,144,0.0007150021758355692
0.46,145,-0.0004980764178348366
0.46,146,0.0011892700679560675
0.46,147,-0.00035152983628403063
0.46,148,0.0015909020696383027
0.46,149,0.0003184324444484606
0.46,150,-0.0005616177214058412
0.46,151,0.00048826737358246734
0.46,152,0.000791719796508562
0.46,153,0.0007427220107830288
0.46,154,0.0011428620576400177
0.46,155,-0.0010378552628242822
0.46,156,-0.00035083745440771973
0.46,157,0.0018249256892631767
0.46,158,0.0021015701107340696
0.46,159,0.00036629973365514455
0.46,160,6.449309130458314e-5
0.46,161,0.00173797295405182
0.46,162,0.001403521912259703
0.46,163,-0.000827973480666206
0.46,164,9.906205955516178e-5
0.46,165,0.00016630795401501838
0.46,166,0.0017494267171491596
0.46,167,0.0008368954477558294
0.46,168,0.0018093001733573866
0.46,169,-0.0021227353449446247
0.46,170,-0.0006147217490111772
0.46,171,0.0025193816579272164
0.46,172,-0.0005063913488509775
0.46,173,0.0005565879022832979
0.46,174,0.0012822814230800117
0.46,175,0.0003081463674241357
0.46,176,0.0026741475739785556
0.46,177,-0.002297535885395347
0.46,178,0.0005308894770522851
0.46,179,0.0007388196914467641
0.46,180,0.001861499706600989
0.46,181,-0.001618565580471257
0.46,182,0.0007714610078686764
0.46,183,0.0007880769690023372
0.46,184,0.00035933679378924444
0.46,185,0.0014638081926036347
0.46,186,0.0043357430799356575
0.46,187,0.009577266816254475
0.46,188,0.004250931767252018
0.46,189,-0.0005033145226754605
0.46,190,0.032715207133172636
0.46,191,-0.020931484235727334
0.46,192,0.46914670234708383
0.46,193,-0.0001224428905002865
0.46,194,0.001506728164663393
0.46,195,-0.0010118130561258222
0.46,196,4.634865115209684e-5
0.46,197,6.128979246936873e-5
0.46,198,0.0006995688148010782
0.47,intercept,0.006983739774562808
0.47,1,0.0026404567923187113
0.47,2,0.00042857944088391515
0.47,3,0.00043271066101976713
0.47,4,-0.0007432666372943076
0.47,5,-8.901893939839273e-5
0.47,6,0.0015025078967267798
0.47,7,-8.404558824131817e-6
0.47,8,0.0008326569892710409
0.47,9,0.0003368193154516741
0.47,10,-0.0009674079459537219
0.47,11,0.0006113060218559731
0.47,12,-0.0008198747782373113
0.47,13,0.0019545149310533118
0.47,14,-0.0013391615727404182
0.47,15,0.00010232062248634767
0.47,16,0.00030864002435041453
0.47,17,-0.00039713101517634033
0.47,18,0.00017063930334611314
0.47,19,0.001081671237189733
0.47,20,0.0009992392317396
0.47,21,-0.0005699336666007978
0.47,22,0.001039092853144055
0.47,23,-3.136561602701236e-5
0.47,24,-3.1852638192819784e-5
0.47,25,-0.0016761157621832433
0.47,26,0.00052179351820095
0.47,27,-0.0006630977927784297
0.47,28,0.00043999374433828725
0.47,29,0.0008282111022541037
0.47,30,-0.000830674354052441
0.47,31,0.0005249411881101057
0.47,32,-0.0002671310768374592
0.47,33,0.0007163412840882802
0.47,34,-0.0011277106945486641
0.47,35,0.0009064299522068224
0.47,36,0.0004310127971643588
0.47,37,-0.0008383525936311265
0.47,38,0.0009462852418580829
0.47,39,-0.0005695832393637382
0.47,40,-0.0003340964954556092
0.47,41,-0.001587140178488654
0.47,42,0.0006096262276991273
0.47,43,0.001112894219264322
0.47,44,-0.0006312457757649722
0.47,45,-0.0012209242807778326
0.47,46,-9.592614099408742e-5
0.47,47,0.0011769601683398218
0.47,48,0.0003026530446506929
0.47,49,0.0006699773013229167
0.47,50,-0.0018525872359559665
0.47,51,0.001319434253249957
0.47,52,0.0004437124865231613
0.47,53,0.0003163624150688622
0.47,54,-0.0010503402335932522
0.47,55,0.0003955263310421711
0.47,56,0.0015571566804986302
0.47,57,-0.000988757860371398
0.47,58,0.0006949937000100883
0.47,59,-0.0012967976556767418
0.47,60,0.0027175524135184337
0.47,61,-0.0004971169567745777
0.47,62,0.00015389845324648312
0.47,63,0.0019340322365001819
0.47,64,-0.0008805738359391085
0.47,65,0.0021785481643878217
0.47,66,0.0015212200751466962
0.47,67,0.00025910476440773797
0.47,68,-0.00025771666005104855
0.47,69,-5.598575952587763e-5
0.47,70,0.00036762695743268795
0.47,71,-0.0015584577697435405
0.47,72,0.0013880832203519264
0.47,73,-0.0011856937596261563
0.47,74,0.00024586805555269824
0.47,75,0.00017809468386838624
0.47,76,-0.001182715132840164
0.47,77,0.0013487135696410115
0.47,78,0.00023035685758922143
0.47,79,0.0005443393007286453
0.47,80,-0.00023018159230472367
0.47,81,0.00046111212641230956
0.47,82,0.001395770389857708
0.47,83,0.0006827968590645261
0.47,84,-0.00027303500432912216
0.47,85,0.0018641938495192276
0.47,86,-0.002178039222727074
0.47,87,0.0030077784643348813
0.47,88,0.00010599335321831404
0.47,89,0.0015411298760158352
0.47,90,0.002134674417601921
0.47,91,-0.003940113427908519
0.47,92,0.0021866270342573648
0.47,93,0.001639845049250033
0.47,94,0.0023328996171577887
0.47,95,-0.0009814341613093142
0.47,96,-0.0006084965016000811
0.47,97,0.0001158334903845464
0.47,98,0.0025311599491590615
0.47,99,-0.0009023410126695189
0.47,100,4.4177650124808284e-5
0.47,101,-0.001870264478634764
0.47,102,0.0012662066334003627
0.47,103,0.0018489613689861904
0.47,104,0.00014492799574667044
0.47,105,-0.00016940587075398839
0.47,106,0.00028026612734720666
0.47,107,0.0011784387502644497
0.47,108,-0.0016687542319422314
0.47,109,0.0007999143095634468
0.47,110,0.0005567501704909591
0.47,111,0.0008985834439461189
0.47,112,0.002082930631406573
0.47,113,-0.0011562080500228933
0.47,114,0.0010072802582487411
0.47,115,-0.001068886728234204
0.47,116,0.0010765621621956086
0.47,117,-0.0002818890200943971
0.47,118,0.0010868992277782753
0.47,119,-0.0015418127085624646
0.47,120,0.00143297640658095
0.47,121,-0.00039501092800172397
0.47,122,0.0008268762804143841
0.47,123,-0.0005566579574658129
0.47,124,-0.0013678842522079231
0.47,125,0.0017664220189457485
0.47,126,-0.0004698990382273928
0.47,127,0.0004930349464572876
0.47,128,-0.0008591832425476931
0.47,129,-0.00015462059413770887
0.47,130,0.0020293596220435453
0.47,131,-0.0020431959196501293
0.47,132,0.0009874672170513822
0.47,133,0.0005592835141845837
0.47,134,-0.00037340232254957434
0.47,135,0.0003960950706259994
0.47,136,-0.0005016962505509673
0.47,137,6.73276141563762e-6
0.47,138,-0.0004965228749959556
0.47,139,0.00041019859701122775
0.47,140,-0.0007063408609732952
0.47,141,0.0008299942731557882
0.47,142,-0.0009278656701160979
0.47,143,0.0004400885891157396
0.47,144,0.000919955431313358
0.47,145,-0.0006057285981510855
0.47,146,0.0013169843732032263
0.47,147,-0.0002603096954791354
0.47,148,0.0014453175033166355
0.47,149,0.0005348843952032589
0.47,150,-0.0006254107440463303
0.47,151,0.0007246560230662345
0.47,152,0.0007065396067637203
0.47,153,0.0004646641367967075
0.47,154,0.0012247399276029633
0.47,155,-0.001062146023848615
0.47,156,-0.0003922019245232559
0.47,157,0.0017557857551211843
0.47,158,0.0018382301009127447
0.47,159,0.0003425362880502141
0.47,160,7.970394772641348e-5
0.47,161,0.001754644159692695
0.47,162,0.001230829356553661
0.47,163,-0.0005236969274725839
0.47,164,4.869334094954788e-5
0.47,165,0.0001740782472675956
0.47,166,0.0015959586268394488
0.47,167,0.000779172355633632
0.47,168,0.001973083590139439
0.47,169,-0.0021462247150246445
0.47,170,-0.000411079209447877
0.47,171,0.0022452357519900977
0.47,172,-0.0007533567696219251
0.47,173,0.0008332928793347731
0.47,174,0.0008379683461768817
0.47,175,0.0006544641482471649
0.47,176,0.00281317437052049
0.47,177,-0.0024192181305334
0.47,178,0.0004249914581554582
0.47,179,0.0009503533159899484
0.47,180,0.001753326602261792
0.47,181,-0.0018821049334715623
0.47,182,0.0007302889293479924
0.47,183,0.0010712186039244726
0.47,184,-8.091946810298047e-5
0.47,185,0.0018476551459659979
0.47,186,0.004282746393014453
0.47,187,0.010090419024748224
0.47,188,0.005071515141101118
0.47,189,-0.0002430263510300868
0.47,190,0.03274666168322462
0.47,191,-0.021680631816769998
0.47,192,0.4876936189110532
0.47,193,-0.00019318738308914517
0.47,194,0.0010973141292620107
0.47,195,-0.0009961736670013987
0.47,196,1.4971015293588862e-5
0.47,197,5.5881137042970534e-5
0.47,198,0.0006589076616753981
0.48,intercept,0.006971387799159863
0.48,1,0.0029991885246897438
0.48,2,0.0001279869869684464
0.48,3,0.0007941279392545252
0.48,4,-0.0009184228885802195
0.48,5,-7.312293477477494e-5
0.48,6,0.001550236525599196
0.48,7,-0.00012344287494675586
0.48,8,0.0007503251719260471
0.48,9,0.0004987365592733765
0.48,10,-0.001004254715861417
0.48,11,0.00033254217821053895
0.48,12,-0.0007685812885395991
0.48,13,0.0020759201143058063
0.48,14,-0.0013932176833073644
0.48,15,0.0003128274309398144
0.48,16,-0.000219149437145939
0.48,17,-4.921471671165524e-5
0.48,18,-0.0004024324760827589
0.48,19,0.0014011607063237677
0.48,20,0.0008199903093574641
0.48,21,-0.0003019001965511988
0.48,22,0.0007000700247380904
0.48,23,0.00021986399505346426
0.48,24,-0.00026922025186785093
0.48,25,-0.0014734723767301171
0.48,26,0.0004329655665115574
0.48,27,-0.0006801470063666843
0.48,28,0.00041223955857765625
0.48,29,0.0008287228317677757
0.48,30,-0.0007494824499513543
0.48,31,0.0005194300986049873
0.48,32,-0.00026480848917170033
0.48,33,0.0008394960978340411
0.48,34,-0.0010543606518469831
0.48,35,0.0006714570154964366
0.48,36,0.0004952176856461399
0.48,37,-0.0009052868355628055
0.48,38,0.0009381193654674286
0.48,39,-0.0007365566901311208
0.48,40,4.364784612993798e-5
0.48,41,-0.001811768219770876
0.48,42,0.0009572689302149782
0.48,43,0.0009345576227215597
0.48,44,-0.00044229969393212146
0.48,45,-0.0012008162052439104
0.48,46,-0.00011205562374567966
0.48,47,0.001179355198787395
0.48,48,0.0001342632681990452
0.48,49,0.0005432715834134851
0.48,50,-0.0018832100809236447
0.48,51,0.001322434837114577
0.48,52,0.00027415290187903494
0.48,53,0.000618632660967859
0.48,54,-0.0010215971307112163
0.48,55,0.0003548627482959628
0.48,56,0.001457305122541051
0.48,57,-0.0009324537863159483
0.48,58,0.0005949194232203221
0.48,59,-0.0012372869960321268
0.48,60,0.0028461797885297214
0.48,61,-0.0008732615688647679
0.48,62,0.0002797605965559739
0.48,63,0.0019096466886538192
0.48,64,-0.0008960016472139125
0.48,65,0.0020986759515351193
0.48,66,0.0015450522050520087
0.48,67,0.0002608663710835607
0.48,68,-0.000700027734350993
0.48,69,0.0002875081654394624
0.48,70,0.000362875286666398
0.48,71,-0.0015998315554952378
0.48,72,0.0013819940644327548
0.48,73,-0.0011899320110957256
0.48,74,5.746021297582674e-5
0.48,75,0.00018976854879883276
0.48,76,-0.001246445546333719
0.48,77,0.001570550608493147
0.48,78,0.00045770479532544127
0.48,79,0.0004484486474737145
0.48,80,-0.00025586435506696906
0.48,81,0.0003025891187234005
0.48,82,0.0015087243081100992
0.48,83,0.00038354960769559253
0.48,84,-0.0003106579245580977
0.48,85,0.001765176140895883
0.48,86,-0.002204591681311907
0.48,87,0.0027659708858789466
0.48,88,0.00045106575687953193
0.48,89,0.0016096892107140257
0.48,90,0.0023814171547674413
0.48,91,-0.004193775840733857
0.48,92,0.0020356930329575246
0.48,93,0.0013253647777107204
0.48,94,0.0027600056310975924
0.48,95,-0.0011346149143595542
0.48,96,-0.0009087665660580205
0.48,97,0.0004828402383927496
0.48,98,0.0025917197800482883
0.48,99,-0.0008418399095173693
0.48,100,1.4140837792334316e-5
0.48,101,-0.001853760071120416
0.48,102,0.0016132511918101843
0.48,103,0.0014604991495622151
0.48,104,0.0004643333200003627
0.48,105,0.00015591693484181854
0.48,106,0.0001943036271274648
0.48,107,0.0008883015555119284
0.48,108,-0.0014963260202404771
0.48,109,0.0006228880576039617
0.48,110,0.0003899958940783252
0.48,111,0.001214919268811289
0.48,112,0.0019449074444706446
0.48,113,-0.0010940136936832604
0.48,114,0.0011293813423105196
0.48,115,-0.0011094624348092451
0.48,116,0.0007544336208677251
0.48,117,-3.155248415093571e-5
0.48,118,0.0010254582401649248
0.48,119,-0.0015740582439064403
0.48,120,0.0012782058438394195
0.48,121,-0.00023313996271644808
0.48,122,0.0009713735618350031
0.48,123,-0.0006612944279532207
0.48,124,-0.0012964570857545074
0.48,125,0.0017027025211370566
0.48,126,-0.00042692551814891265
0.48,127,0.0005267139084039813
0.48,128,-0.0008600361957882901
0.48,129,0.00017310762209233775
0.48,130,0.0017014740070093693
0.48,131,-0.001718826584633084
0.48,132,0.0008543239675794218
0.48,133,0.0005682344625720389
0.48,134,-0.0003339993085516582
0.48,135,0.00044647842345814663
0.48,136,-0.0007680936229647533
0.48,137,0.00016564017231917682
0.48,138,-0.0004160158741264832
0.48,139,0.00037480108870505065
0.48,140,-0.0007637315034494561
0.48,141,0.0008629007705617351
0.48,142,-0.0008978171630759753
0.48,143,0.0005000015605819178
0.48,144,0.0006982332258916596
0.48,145,-0.000713714213473828
0.48,146,0.0013189942138335734
0.48,147,-0.00011591244672543998
0.48,148,0.0012270154559834512
0.48,149,0.0005552860673401778
0.48,150,-0.000567779458041234
0.48,151,0.0006689198974250493
0.48,152,0.0005922435131946549
0.48,153,0.00031647094547194445
0.48,154,0.0015163319860078447
0.48,155,-0.0010908130693085126
0.48,156,-0.0003898358361854877
0.48,157,0.0017004770655668646
0.48,158,0.0019425088032319624
0.48,159,0.0001262588213938235
0.48,160,-0.00015310204299728093
0.48,161,0.002040469484146026
0.48,162,0.0009130907687112973
0.48,163,-0.00023946124183446711
0.48,164,-1.9427088649290374e-5
0.48,165,0.00018516169304292536
0.48,166,0.001483429964842042
0.48,167,0.0009865631585357212
0.48,168,0.00178785833104792
0.48,169,-0.0021022624376784865
0.48,170,-0.0004202755551962392
0.48,171,0.002178488040384362
0.48,172,-0.0008572296973720457
0.48,173,0.0007654869958905976
0.48,174,0.0013111635637809709
0.48,175,0.000591102071400528
0.48,176,0.002586498175991282
0.48,177,-0.00233022036034538
0.48,178,0.00034354530643765065
0.48,179,0.0009008549871398475
0.48,180,0.0020539810771968603
0.48,181,-0.002105608598069419
0.48,182,0.00043188044155973484
0.48,183,0.0011209351922687825
0.48,184,-4.0282032695865306e-7
0.48,185,0.002081109719607597
0.48,186,0.004077631315950973
0.48,187,0.01056509623269127
0.48,188,0.004911773374749176
0.48,189,-0.00012967014543438242
0.48,190,0.033051146107385625
0.48,191,-0.020690810121624558
0.48,192,0.4960358062913166
0.48,193,-0.000203344880410653
0.48,194,0.0009866627301270026
0.48,195,-0.001005986967433307
0.48,196,1.1448383779894757e-5
0.48,197,3.865751036659414e-5
0.48,198,0.0006419605660223102
0.49,intercept,0.006853765566456767
0.49,1,0.0032170207022989093
0.49,2,-2.5134310875913276e-5
0.49,3,0.00032500484020610764
0.49,4,-0.000977646515977936
0.49,5,0.0005094357774632301
0.49,6,0.0015256391382058585
0.49,7,-0.00022543735398448044
0.49,8,0.00042526011452308297
0.49,9,0.0007401026743603206
0.49,10,-0.0009463750453006545
0.49,11,0.00015929374259646074
0.49,12,-0.00045113299591764553
0.49,13,0.0018711128627814484
0.49,14,-0.0012633889077626134
0.49,15,0.0004537287683551989
0.49,16,-0.0003295611221508781
0.49,17,0.0002714123192364617
0.49,18,-0.00034057339195911934
0.49,19,0.0013078742110048623
0.49,20,0.0008743582967810363
0.49,21,-0.00028059796750270983
0.49,22,0.0004927677363322486
0.49,23,0.00036815842893218995
0.49,24,-0.0005210736009650721
0.49,25,-0.0014836475907171473
0.49,26,0.0004365583238606282
0.49,27,-0.00032217339067857904
0.49,28,0.00047016719994337925
0.49,29,0.0006416247340128447
0.49,30,-0.000616825298154619
0.49,31,0.00044272276409618416
0.49,32,-0.00024771098923022974
0.49,33,0.0007015300999070048
0.49,34,-0.0007858981032577098
0.49,35,0.0007127208014081387
0.49,36,0.00048592442741290996
0.49,37,-0.0010458659664481708
0.49,38,0.001082118139895177
0.49,39,-0.0008348052679592788
0.49,40,-3.7141369684241785e-5
0.49,41,-0.0018676506071333137
0.49,42,0.0008663908241893197
0.49,43,0.0011734235088652518
0.49,44,-0.0005479777832896015
0.49,45,-0.001243740261424466
0.49,46,0.00016226389710500424
0.49,47,0.0010279264566025925
0.49,48,0.00035881996214321283
0.49,49,0.0003833396367057984
0.49,50,-0.0020480005981593254
0.49,51,0.0010743277258776075
0.49,52,0.00036520499400612296
0.49,53,0.0008517129844174724
0.49,54,-0.0011435174490025096
0.49,55,0.0005918402965032647
0.49,56,0.001453838167851029
0.49,57,-0.0008116541260671178
0.49,58,0.0005806588000215132
0.49,59,-0.001162293491450409
0.49,60,0.0032904162428707934
0.49,61,-0.0014142998855757897
0.49,62,0.0002783877974577748
0.49,63,0.001802262503153745
0.49,64,-0.0007854647856984047
0.49,65,0.0021431379112246325
0.49,66,0.0012878561554562564
0.49,67,9.379141801296492e-5
0.49,68,-0.0004665401201729234
0.49,69,0.0001497812547521512
0.49,70,-4.433064236920736e-5
0.49,71,-0.0013405062863371551
0.49,72,0.0011060812175078681
0.49,73,-0.0010753558388791305
0.49,74,0.00038140535336174294
0.49,75,0.00011125295240261973
0.49,76,-0.0014011026584776678
0.49,77,0.0018323922716918409
0.49,78,0.00035324846538920294
0.49,79,0.0005310752035492518
0.49,80,-0.00043529458895191054
0.49,81,0.0006944926338063911
0.49,82,0.001466450544076343
0.49,83,0.0005059973922592031
0.49,84,-0.0005024932268209044
0.49,85,0.0020499421554124072
0.49,86,-0.0025024118813882523
0.49,87,0.0027013159256306873
0.49,88,0.0007869250738207366
0.49,89,0.0012242716770629993
0.49,90,0.002419114041125221
0.49,91,-0.004212264335960559
0.49,92,0.001971658525530239
0.49,93,0.0010849186696176728
0.49,94,0.0032385170060911816
0.49,95,-0.0010327349634393136
0.49,96,-0.0014562503305822281
0.49,97,0.00022660631160998382
0.49,98,0.002888601935996145
0.49,99,-0.0004886892607093438
0.49,100,-0.0001871395207316087
0.49,101,-0.00171872507352455
0.49,102,0.0016211480599899889
0.49,103,0.001273394023660441
0.49,104,0.0006231452464524654
0.49,105,0.00023877113760996507
0.49,106,0.0003691391385094726
0.49,107,0.0007123248964747395
0.49,108,-0.0015031002221120124
0.49,109,0.0007835916975247222
0.49,110,0.00038033777827555605
0.49,111,0.0011442041000692105
0.49,112,0.001823422989002774
0.49,113,-0.0013842175116957893
0.49,114,0.001214380721242299
0.49,115,-0.0011724745688768898
0.49,116,0.0006974810761180019
0.49,117,0.00019060635547157333
0.49,118,0.0009414196963981082
0.49,119,-0.0016404443459425695
0.49,120,0.0010487555940622798
0.49,121,-0.00011630023361230586
0.49,122,0.0009206732678529485
0.49,123,-0.0004456353949511817
0.49,124,-0.0015209334056525076
0.49,125,0.001584343365432403
0.49,126,1.6266258638246745e-5
0.49,127,0.0005027878259285516
0.49,128,-0.000854677535518083
0.49,129,0.0003585975695379452
0.49,130,0.0013498147285550737
0.49,131,-0.0018516319127606406
0.49,132,0.0012129141967080757
0.49,133,0.0003795261922464376
0.49,134,-0.00017278920246822916
0.49,135,0.0002325624392585192
0.49,136,-0.0008429702504785449
0.49,137,0.00017862937176500764
0.49,138,-0.00039742098796362524
0.49,139,0.00035894482133030177
0.49,140,-0.0010648282529110355
0.49,141,0.0012391332294683635
0.49,142,-0.0009603575296507101
0.49,143,0.00048264032996271617
0.49,144,0.0007919435526512523
0.49,145,-0.0010025418285004217
0.49,146,0.0016949106257316126
0.49,147,-0.0004095737283257121
0.49,148,0.0015704618175346023
0.49,149,0.0006374088742126442
0.49,150,-0.0006275259274189799
0.49,151,0.00023294916945296895
0.49,152,0.001084146683046877
0.49,153,0.00031900338451966925
0.49,154,0.001653493334705331
0.49,155,-0.0011248521368275818
0.49,156,-0.0001269828007161417
0.49,157,0.001728991522972996
0.49,158,0.001665390093554926
0.49,159,-0.00014911885662604956
0.49,160,3.759447726904061e-5
0.49,161,0.0018388078085102514
0.49,162,0.0011466729460851922
0.49,163,-0.00044506078707184417
0.49,164,-0.0001323075155113211
0.49,165,0.00013457059462460182
0.49,166,0.001519211373859318
0.49,167,0.001210839998661381
0.49,168,0.0016383682393647232
0.49,169,-0.0018807049552744355
0.49,170,-0.00026915805661063943
0.49,171,0.002427078121177968
0.49,172,-0.0011138905928804183
0.49,173,0.00029881796711596635
0.49,174,0.0014691781558905483
0.49,175,0.0006019877978540544
0.49,176,0.0020226021057901528
0.49,177,-0.0015332464568285692
0.49,178,-0.00031524279846927526
0.49,179,0.0012983510619691456
0.49,180,0.001550640188813691
0.49,181,-0.0020491104647676426
0.49,182,0.0007486688933805848
0.49,183,0.0007162196956717031
0.49,184,0.00015112294661212715
0.49,185,0.0024288905936303913
0.49,186,0.004186543126437749
0.49,187,0.010477124229610444
0.49,188,0.0044207066649565125
0.49,189,-0.0002468169599153694
0.49,190,0.036933137707103506
0.49,191,-0.022349106861070254
0.49,192,0.5086117356269587
0.49,193,0.00010451707603985397
0.49,194,0.0008709784892336759
0.49,195,-0.0010077504736037309
0.49,196,-3.521861208232556e-5
0.49,197,3.249100829762902e-5
0.49,198,0.0006055159959135685
0.5,intercept,0.006770681933436891
0.5,1,0.0032226223772017673
0.5,2,-3.0417085804767012e-5
0.5,3,0.00049475180541455
0.5,4,-0.0010235570331096682
0.5,5,0.00035490536352075606
0.5,6,0.0013537804815412456
0.5,7,-0.00020630929556630175
0.5,8,0.0004139233234263741
0.5,9,0.0010906185386307314
0.5,10,-0.0009538503929337393
0.5,11,0.00012423523912747443
0.5,12,-0.0005689956091702544
0.5,13,0.0019294001889623579
0.5,14,-0.0012686949848055341
0.5,15,0.000512169648091724
0.5,16,-0.00042473273820015344
0.5,17,0.00012818509234726163
0.5,18,-0.000419658038622603
0.5,19,0.0011874489014755975
0.5,20,0.0008221876705358852
0.5,21,-0.00022943143761018726
0.5,22,0.0004959405005513996
0.5,23,0.00032258338210726617
0.5,24,-0.00039021504721111427
0.5,25,-0.0015605013308618604
0.5,26,0.0003177786495384382
0.5,27,-0.0002649813174306506
0.5,28,0.0006145420728121365
0.5,29,0.0006407466438284458
0.5,30,-0.0005973773412942716
0.5,31,0.00025251341417842235
0.5,32,-0.00029290718256930724
0.5,33,0.0006732064808848786
0.5,34,-0.0003789990568217806
0.5,35,0.0005199536712724123
0.5,36,0.00046256134732923824
0.5,37,-0.0011630933990860195
0.5,38,0.0012688780553110207
0.5,39,-0.0008140218461965492
0.5,40,-0.0002391378165905645
0.5,41,-0.0018285060630792236
0.5,42,0.0008766692398071657
0.5,43,0.0015547878242560909
0.5,44,-0.0006645273106356414
0.5,45,-0.0014134441559586026
0.5,46,0.00016864041132711515
0.5,47,0.001059878169687695
0.5,48,9.540416522867659e-5
0.5,49,0.00044259922391391265
0.5,50,-0.002145400164041392
0.5,51,0.0010548440824437956
0.5,52,0.000298215300991995
0.5,53,0.0009494396081413924
0.5,54,-0.0011626080807524964
0.5,55,0.0003421648554212825
0.5,56,0.001636596444588417
0.5,57,-0.0007927897534155863
0.5,58,0.00046936422564637545
0.5,59,-0.001322146797632974
0.5,60,0.00331043829327858
0.5,61,-0.0012201645661242507
0.5,62,6.2135672280224e-6
0.5,63,0.0018161443515578154
0.5,64,-0.0007933641373271881
0.5,65,0.002139211542796845
0.5,66,0.0012717979467968758
0.5,67,-2.402545420370817e-5
0.5,68,-0.0003481653529110686
0.5,69,0.0004271860555688345
0.5,70,-6.340024770836121e-5
0.5,71,-0.0012297496502901913
0.5,72,0.0010703070187213337
0.5,73,-0.0014945537230253215
0.5,74,0.0008107495018107671
0.5,75,-0.0003481470557118812
0.5,76,-0.001065974276446732
0.5,77,0.001549134836892295
0.5,78,0.000239597880822172
0.5,79,1.8764677336674713e-5
0.5,80,0.00010953099398731874
0.5,81,0.00047408725695478535
0.5,82,0.001610197541394722
0.5,83,0.00041545054926334367
0.5,84,-0.000799130037480838
0.5,85,0.0023424813265675868
0.5,86,-0.002645953943353163
0.5,87,0.003034725917830837
0.5,88,0.0004657287873485502
0.5,89,0.0010614997831969969
0.5,90,0.002569115089945951
0.5,91,-0.004343952457241765
0.5,92,0.0017058990851712193
0.5,93,0.0013603105783803078
0.5,94,0.003107716704869743
0.5,95,-0.000873908175824686
0.5,96,-0.0016639715192715279
0.5,97,0.000686262128176682
0.5,98,0.0028166262148258776
0.5,99,-0.00071443500298874
0.5,100,-9.21849150770428e-5
0.5,101,-0.00203719591964813
0.5,102,0.001807106547468323
0.5,103,0.0010004274369194812
0.5,104,0.0006545853072575832
0.5,105,-1.2546735813503045e-5
0.5,106,0.0005816840364989023
0.5,107,0.0008319842162549195
0.5,108,-0.0014530048781815606
0.5,109,0.0005824330778985697
0.5,110,0.000552348555958426
0.5,111,0.001554064458848133
0.5,112,0.0015062157242374992
0.5,113,-0.0011915160096443813
0.5,114,0.001154886252277445
0.5,115,-0.0010676889505960613
0.5,116,0.0004453301523078128
0.5,117,0.0001052017716904509
0.5,118,0.001000715927941789
0.5,119,-0.0015840829762047081
0.5,120,0.0009391616383656036
0.5,121,9.45358948567278e-5
0.5,122,0.000616362432922726
0.5,123,-0.0002182498168486809
0.5,124,-0.0013771519663627117
0.5,125,0.0012935678209214014
0.5,126,8.40816979763779e-5
0.5,127,0.000354218829474288
0.5,128,-0.001096808691924439
0.5,129,0.0005821173609693021
0.5,130,0.001220142631506722
0.5,131,-0.001646971135374222
0.5,132,0.0012226593947823562
0.5,133,0.0002264790322645966
0.5,134,0.00011747812713203118
0.5,135,0.00014938738025982928
0.5,136,-0.00071347044289353
0.5,137,0.00012855889793771355
0.5,138,-0.00046549663975870465
0.5,139,0.00029300866875935295
0.5,140,-0.001080642493389697
0.5,141,0.0014792533632411464
0.5,142,-0.0012332784746187703
0.5,143,0.0006265835620738759
0.5,144,0.0007609338722910639
0.5,145,-0.0010359394922834478
0.5,146,0.001881629098925284
0.5,147,-0.0006560047207756049
0.5,148,0.0015566288136927948
0.5,149,0.0006267493275211998
0.5,150,-0.00034944350811264035
0.5,151,0.0003235065533111344
0.5,152,0.0005989287606734307
0.5,153,0.0006371084852754657
0.5,154,0.0014392219631352943
0.5,155,-0.0011146386162196012
0.5,156,-8.271034867684235e-5
0.5,157,0.0016256700211062817
0.5,158,0.0017516132492568788
0.5,159,-0.0003957126162816601
0.5,160,3.6232387136220144e-5
0.5,161,0.0021373429801913014
0.5,162,0.0006526867897219739
0.5,163,-0.00021921084678748102
0.5,164,-0.0001553406231048896
0.5,165,-6.69464506985644e-5
0.5,166,0.0019970987408600136
0.5,167,0.0008261361628546795
0.5,168,0.0019819293278842422
0.5,169,-0.0015161946688062083
0.5,170,-0.0004581036036129727
0.5,171,0.0020972922303029323
0.5,172,-0.001148623254455386
0.5,173,0.0006635811118798006
0.5,174,0.0013942879737207678
0.5,175,0.0005744956110031447
0.5,176,0.0011909775875058246
0.5,177,-0.0011169603336116881
0.5,178,0.00013548217825368422
0.5,179,0.0007530806815755515
0.5,180,0.0017089799851596143
0.5,181,-0.00206916995031557
0.5,182,0.0011462383447941658
0.5,183,0.000941788585090054
0.5,184,-0.00040751682490767864
0.5,185,0.0024863333464871396
0.5,186,0.003912206011764771
0.5,187,0.01043223224478794
0.5,188,0.004304417860468514
0.5,189,0.000506686458013557
0.5,190,0.03831821479473046
0.5,191,-0.02345682585847682
0.5,192,0.5238540259688873
0.5,193,6.261080202926609e-5
0.5,194,0.0009638728512852098
0.5,195,-0.0009740892857640272
0.5,196,-5.218614864518388e-5
0.5,197,3.8415425018928984e-5
0.5,198,0.0005817011803896195
0.51,intercept,0.0067040507431853635
0.51,1,0.003395974564857903
0.51,2,-1.923716607934927e-5
0.51,3,0.0003561695348231172
0.51,4,-0.0014738244780043966
0.51,5,0.0006405442715770517
0.51,6,0.0014706116018229523
0.51,7,-0.0003196934724748542
0.51,8,0.0002805071624484181
0.51,9,0.0013748546901269484
0.51,10,-0.0008201652405218998
0.51,11,2.523166533829245e-6
0.51,12,-0.00014472538830900616
0.51,13,0.0014185449389127749
0.51,14,-0.0011747857505473535
0.51,15,0.0004293920110027975
0.51,16,5.7807009064200505e-5
0.51,17,-6.128163799497838e-5
0.51,18,-0.0005525906999337667
0.51,19,0.0014244682750996851
0.51,20,0.0009676269886781523
0.51,21,-0.0002586538246492327
0.51,22,0.000280643783728472
0.51,23,0.00030619563767221364
0.51,24,-0.0006913207851511286
0.51,25,-0.0011198368636606765
0.51,26,0.00041204744340435747
0.51,27,-0.0003546245812738427
0.51,28,0.0005721407264095798
0.51,29,0.0007033750133129884
0.51,30,-0.0005577617567919447
0.51,31,0.00022462391387590794
0.51,32,-6.0647438547525596e-5
0.51,33,0.000377458674271289
0.51,34,-0.0005838681900815984
0.51,35,0.0007489867081794049
0.51,36,0.0001335657379856252
0.51,37,-0.0009566143630788138
0.51,38,0.0009801835774073
0.51,39,-0.0006387391284043912
0.51,40,-0.00037359587991949046
0.51,41,-0.0017173383141079743
0.51,42,0.0009039955873774508
0.51,43,0.0017186592449699135
0.51,44,-0.0007048179708452407
0.51,45,-0.0015124612860512397
0.51,46,0.0002580156691766424
0.51,47,0.0007598514809636181
0.51,48,0.00041338208394819573
0.51,49,0.00025330376214289607
0.51,50,-0.00216052099819218
0.51,51,0.0010698319759570591
0.51,52,2.9552120819417802e-5
0.51,53,0.0014501361477891246
0.51,54,-0.0013592023083327217
0.51,55,0.00037121392878126025
0.51,56,0.0018035565504205134
0.51,57,-0.0007675543881670176
0.51,58,0.0004289637732997368
0.51,59,-0.0012661973886338809
0.51,60,0.003215105647995929
0.51,61,-0.0012891673787979662
0.51,62,5.885535790308348e-5
0.51,63,0.001812634518429188
0.51,64,-0.0006410403213380285
0.51,65,0.0017761642034636314
0.51,66,0.0014514056573524442
0.51,67,-0.0002322367530994032
0.51,68,-0.00047384416115538484
0.51,69,0.0004764940396790239
0.51,70,-0.00013170199345177697
0.51,71,-0.0010815428095444686
0.51,72,0.0011284159138516376
0.51,73,-0.0014643270635696837
0.51,74,0.0005672542696598718
0.51,75,-0.0005286300401577342
0.51,76,-0.0006880334313156568
0.51,77,0.0013900224599582623
0.51,78,0.0003166734051894106
0.51,79,-2.3000840133543174e-6
0.51,80,0.00010170833221357757
0.51,81,0.0006643612448454912
0.51,82,0.0013300939708445901
0.51,83,0.00036440290206306156
0.51,84,-0.0008153241011785078
0.51,85,0.002315501191678809
0.51,86,-0.002882499835962182
0.51,87,0.003098598933064655
0.51,88,0.0005975168947384358
0.51,89,0.0012986579274958901
0.51,90,0.002174379006067904
0.51,91,-0.0038259811916838363
0.51,92,0.0011796362684789023
0.51,93,0.0017269618485863429
0.51,94,0.003239464492240218
0.51,95,-0.001313772267960054
0.51,96,-0.001433759874055656
0.51,97,0.000604374649876399
0.51,98,0.002671653546612298
0.51,99,-0.0009283382833739614
0.51,100,0.0003683106199816571
0.51,101,-0.002098860530337446
0.51,102,0.0020933247261217722
0.51,103,0.0010420173378659803
0.51,104,0.0006432678898736475
0.51,105,-0.00020564964521116704
0.51,106,0.00045104791404461966
0.51,107,0.000676358391815192
0.51,108,-0.00120420879036452
0.51,109,0.0006337941033918412
0.51,110,0.00043762499543176285
0.51,111,0.0014144112336975851
0.51,112,0.0016068222094207346
0.51,113,-0.0014923583514021258
0.51,114,0.0013325486606326734
0.51,115,-0.0011790381940323753
0.51,116,0.0002813856827065516
0.51,117,0.00021424278934240146
0.51,118,0.0010289811303787239
0.51,119,-0.0014315830402307978
0.51,120,0.0007421575705859652
0.51,121,0.00036129016973922913
0.51,122,0.0006440938798158255
0.51,123,-0.0002879725745418589
0.51,124,-0.0014373168929004566
0.51,125,0.0013983134664054943
0.51,126,0.0002068451906330994
0.51,127,0.00010185587373202437
0.51,128,-0.001069337880327811
0.51,129,0.0009400456114448447
0.51,130,0.0011828129238940625
0.51,131,-0.001581114100836555
0.51,132,0.001064791251496461
0.51,133,0.00034324467896854646
0.51,134,9.082873918119608e-5
0.51,135,-1.264444836055987e-5
0.51,136,-0.0005961824697230518
0.51,137,0.000231542228278542
0.51,138,-0.0006826981987412822
0.51,139,0.0004646161391176745
0.51,140,-0.0009944223354255966
0.51,141,0.0011926342767298772
0.51,142,-0.0011716553602806286
0.51,143,0.0005183648319652344
0.51,144,0.0009916975425082594
0.51,145,-0.001327886733929089
0.51,146,0.002037505197503333
0.51,147,-0.0007559339797313696
0.51,148,0.001699845298265576
0.51,149,0.00041181632398604515
0.51,150,-0.00037669044471401095
0.51,151,0.0004655768117050107
0.51,152,0.0005446211109337497
0.51,153,0.0004814590889805488
0.51,154,0.001371721999225426
0.51,155,-0.0009043263127164354
0.51,156,-8.389524601946966e-5
0.51,157,0.0016368277134806493
0.51,158,0.001503690114023617
0.51,159,-0.00048231852896680425
0.51,160,0.00029258292126930455
0.51,161,0.0021026832194320187
0.51,162,0.000751162338538012
0.51,163,-0.000388652846868923
0.51,164,-0.00014841226799717645
0.51,165,-7.54192204500181e-5
0.51,166,0.002053682295891131
0.51,167,0.0006367504379227155
0.51,168,0.002006386010770927
0.51,169,-0.0014558225716222255
0.51,170,-0.0002707332877879482
0.51,171,0.0019309703912108545
0.51,172,-0.0006763073719352879
0.51,173,0.00015686759007575143
0.51,174,0.001859944967061887
0.51,175,0.00035759029138742734
0.51,176,0.0015614404510489507
0.51,177,-0.0009810277586451285
0.51,178,-0.00020070495649366602
0.51,179,0.00019787212905748993
0.51,180,0.0016208324624609107
0.51,181,-0.001518914582593151
0.51,182,0.0007332402339935612
0.51,183,0.0007828396673790743
0.51,184,-0.0004677094325267522
0.51,185,0.00204990217851241
0.51,186,0.005055909864236442
0.51,187,0.010356089268517672
0.51,188,0.0038172292686759484
0.51,189,0.0007018028056325182
0.51,190,0.03956693958158072
0.51,191,-0.023851141391109953
0.51,192,0.5349242129523971
0.51,193,0.00022913046897101976
0.51,194,0.0012008488354979634
0.51,195,-0.0009547455862921319
0.51,196,-6.161325958484794e-5
0.51,197,1.936011896718346e-5
0.51,198,0.0005466583864737742
0.52,intercept,0.006617593158383602
0.52,1,0.003518372929055142
0.52,2,-0.0002667425742524892
0.52,3,0.00040646209235198366
0.52,4,-0.0013267680008019528
0.52,5,0.000562856184849355
0.52,6,0.0014473671263169172
0.52,7,-0.0004146061075735504
0.52,8,0.00018591040641822225
0.52,9,0.001095156289087287
0.52,10,-0.0007966444208994598
0.52,11,0.00018192879442065901
0.52,12,-8.054292139747407e-5
0.52,13,0.00137217021879815
0.52,14,-0.0008903683745438565
0.52,15,9.046463201168339e-5
0.52,16,0.0004670809054397581
0.52,17,4.733370043985451e-5
0.52,18,-0.0005204526926967507
0.52,19,0.001876931140573483
0.52,20,0.0009341265636792683
0.52,21,-0.00041644407946858793
0.52,22,0.00025657931181402387
0.52,23,0.00034442520177284207
0.52,24,-0.0006919990245361312
0.52,25,-0.0008949145635714572
0.52,26,0.00041016129175881934
0.52,27,-0.0004967517905923534
0.52,28,0.0006492605086055021
0.52,29,0.000626234634447462
0.52,30,-0.0006261605142228664
0.52,31,0.00030864060065401914
0.52,32,-5.6395682871102036e-5
0.52,33,0.00014529191160308732
0.52,34,-0.0005873658652233149
0.52,35,0.0008189037909243235
0.52,36,0.0002031750072882729
0.52,37,-0.0011275800387638682
0.52,38,0.0011265038608571803
0.52,39,-0.0006860925834788233
0.52,40,-0.00027947443478673167
0.52,41,-0.0018435394540027498
0.52,42,0.0009333113619731865
0.52,43,0.0017467697072518355
0.52,44,-0.0009060881943815567
0.52,45,-0.0014527941168181683
0.52,46,0.0003738398218585539
0.52,47,0.0007182688330515365
0.52,48,0.0003923430026535578
0.52,49,5.92908143150915e-5
0.52,50,-0.0020546071117888078
0.52,51,0.0012348085117761386
0.52,52,-0.00019848014217203292
0.52,53,0.0013229182584421123
0.52,54,-0.00134316233349023
0.52,55,0.0006246289738681802
0.52,56,0.0015308659290738868
0.52,57,-0.0006071059823100205
0.52,58,0.0005026596038723625
0.52,59,-0.0013133631688411363
0.52,60,0.0031056496563531544
0.52,61,-0.001516794010240157
0.52,62,0.00019957278959000752
0.52,63,0.0019072551614108982
0.52,64,-0.0007167360489013146
0.52,65,0.001551911239727414
0.52,66,0.0015608828505783378
0.52,67,-0.0006029397794604248
0.52,68,0.00018194311013101152
0.52,69,0.0002879917056646341
0.52,70,-0.0003298514409091285
0.52,71,-0.0011785207844936985
0.52,72,0.0011425653761789611
0.52,73,-0.0011800944655508115
0.52,74,0.0003408496301143981
0.52,75,-0.0002393335489220525
0.52,76,-0.0007092146957911966
0.52,77,0.0009743266143389985
0.52,78,0.00040062875071963597
0.52,79,4.2982237936365654e-5
0.52,80,0.0003491958018297673
0.52,81,0.0006492873100434621
0.52,82,0.0014486504117697955
0.52,83,0.0002394525242475626
0.52,84,-0.00046305879920972794
0.52,85,0.0020845403372760944
0.52,86,-0.0031424990579748437
0.52,87,0.003111037631685584
0.52,88,0.0006305821805038244
0.52,89,0.0019655492420987317
0.52,90,0.0018585473875132724
0.52,91,-0.0035671161724282812
0.52,92,0.00091843957535893
0.52,93,0.0014400061670391386
0.52,94,0.00351799342114026
0.52,95,-0.0011109297748539621
0.52,96,-0.0018512279398843383
0.52,97,0.0011711426244422004
0.52,98,0.0022832310542262742
0.52,99,-0.0007122016193809403
0.52,100,0.00012857436424902415
0.52,101,-0.001881293461669257
0.52,102,0.0018839033629396988
0.52,103,0.0010087423936963526
0.52,104,0.0007998338360511969
0.52,105,-0.0005526606308444381
0.52,106,0.0006890585879969957
0.52,107,0.0008322019292596622
0.52,108,-0.0013802365090226476
0.52,109,0.0009284883994485806
0.52,110,0.0002685717796983817
0.52,111,0.0012963985900354318
0.52,112,0.0018586514564240741
0.52,113,-0.0014683005221459147
0.52,114,0.0015444454078691358
0.52,115,-0.0014564094725046555
0.52,116,0.00043964844085853203
0.52,117,0.00024171426456155463
0.52,118,0.0008051584862807314
0.52,119,-0.0013249504321619196
0.52,120,0.0008144479770050297
0.52,121,0.0002957755190579865
0.52,122,0.00046951118689545016
0.52,123,-0.00017277318633557374
0.52,124,-0.0017735450877659658
0.52,125,0.0017004559465139814
0.52,126,0.0001411056326749849
0.52,127,0.0003074809201133288
0.52,128,-0.0012274056569876839
0.52,129,0.0008352385351994792
0.52,130,0.001225016461786109
0.52,131,-0.001650209427773821
0.52,132,0.0010809448192178079
0.52,133,0.0001385115774742205
0.52,134,0.0004077553954616482
0.52,135,-0.00010519609970076625
0.52,136,-0.0007266842504826615
0.52,137,0.0005907406741418303
0.52,138,-0.0009172518070972657
0.52,139,0.0006172661525269742
0.52,140,-0.000891470069848463
0.52,141,0.00101824383453294
0.52,142,-0.0011555101181019499
0.52,143,0.0005131871836902518
0.52,144,0.0010517700443150365
0.52,145,-0.0015644553677229514
0.52,146,0.0022370661536329542
0.52,147,-0.0009575528613694098
0.52,148,0.0016372044534100952
0.52,149,0.0002919190798802813
0.52,150,1.4501238265701562e-5
0.52,151,0.00020565534267871918
0.52,152,0.000935602455729975
0.52,153,2.7462170555010005e-5
0.52,154,0.0016586087382780088
0.52,155,-0.0009145968499448468
0.52,156,-0.0002591194694698284
0.52,157,0.0017200496354846267
0.52,158,0.001350170137942996
0.52,159,-0.00044040296687417827
0.52,160,0.0004961872317177706
0.52,161,0.0016787544326925291
0.52,162,0.0007333934203697039
0.52,163,-0.00032175848709389604
0.52,164,0.00010686553763444925
0.52,165,-0.0001180347228334258
0.52,166,0.0016428830714843537
0.52,167,0.0006968513394040468
0.52,168,0.001997065664186591
0.52,169,-0.001479275038039662
0.52,170,-0.0004207564918817927
0.52,171,0.0017843890852266041
0.52,172,-0.0007724751327536169
0.52,173,0.00019274790738587046
0.52,174,0.0016216955997098474
0.52,175,0.000605788083609762
0.52,176,0.0018203700040673012
0.52,177,-0.0010716668354088404
0.52,178,-0.00037414760208934634
0.52,179,0.0002999020167349717
0.52,180,0.0014331372690514369
0.52,181,-0.0017558579655230764
0.52,182,0.0008931330252138624
0.52,183,0.00017451032526441602
0.52,184,-0.0002908926620915021
0.52,185,0.0025182031069355512
0.52,186,0.004748843594273161
0.52,187,0.010567191648876385
0.52,188,0.003314582607198196
0.52,189,0.0010279427968325288
0.52,190,0.04088359944238505
0.52,191,-0.02369849063060343
0.52,192,0.5476462171220264
0.52,193,0.00011523274519269471
0.52,194,0.0010450583008996127
0.52,195,-0.0009693874080445795
0.52,196,-6.63053095266182e-5
0.52,197,1.802209376794775e-5
0.52,198,0.0005342115490337307
0.53,intercept,0.006514720705709076
0.53,1,0.003272960247407478
0.53,2,0.00024408902929977868
0.53,3,0.00015182422652282375
0.53,4,-0.0015150521046240612
0.53,5,0.0004662260898788524
0.53,6,0.0018451437908061934
0.53,7,-0.0005438575962920579
0.53,8,0.00040654914244998705
0.53,9,0.000921536755516194
0.53,10,-0.0007552614529080308
0.53,11,0.00016026850927600364
0.53,12,-0.00017945635417729284
0.53,13,0.001261644856926698
0.53,14,-0.0007546845001248453
0.53,15,6.069900517921741e-5
0.53,16,0.0005211617167173079
0.53,17,-6.894267289058298e-5
0.53,18,-6.867754984122459e-5
0.53,19,0.0013660897367823218
0.53,20,0.0011203471366525808
0.53,21,-0.00029790311197528584
0.53,22,0.0003883046353400954
0.53,23,0.00023084469880218166
0.53,24,-0.000701504819670378
0.53,25,-0.0007917750623308046
0.53,26,0.00017561093444634412
0.53,27,-0.00046039078923908877
0.53,28,0.000565922307902741
0.53,29,0.0005696632695437015
0.53,30,-0.0004434390398202294
0.53,31,0.00020960399918559103
0.53,32,0.00011706733576905172
0.53,33,7.207568103049853e-5
0.53,34,-0.0003296242513123972
0.53,35,0.0004465310021932205
0.53,36,0.00024202004850787476
0.53,37,-0.0012200642089226978
0.53,38,0.0012434905616002607
0.53,39,-0.0008137772213910403
0.53,40,-0.00020958767725447183
0.53,41,-0.0018765218729442442
0.53,42,0.0009095676295154299
0.53,43,0.0017466480679353435
0.53,44,-0.0007244625832526608
0.53,45,-0.0016192565709284693
0.53,46,0.0005696506534732097
0.53,47,0.0006470886521786223
0.53,48,0.00023629428019056575
0.53,49,-1.3352596637168572e-5
0.53,50,-0.0019238929047734076
0.53,51,0.000997881355498658
0.53,52,-2.7400884320398137e-5
0.53,53,0.0011934469849277179
0.53,54,-0.0015016378999991615
0.53,55,0.0006708994480298133
0.53,56,0.0016080660632174291
0.53,57,-0.00036209589252683406
0.53,58,0.00024017436407986777
0.53,59,-0.0009699020577504849
0.53,60,0.0028684343650826087
0.53,61,-0.001558366716116432
0.53,62,0.00016767029447474572
0.53,63,0.0019589506410581633
0.53,64,-0.0008120025579252781
0.53,65,0.0016166325493337363
0.53,66,0.0013150017625700693
0.53,67,-0.00036166815883610415
0.53,68,0.00019696787912178127
0.53,69,0.0005905498101491451
0.53,70,-0.00039964237030383005
0.53,71,-0.0010232988873775692
0.53,72,0.0012468686379222098
0.53,73,-0.0012503618539863942
0.53,74,0.00021734191704203928
0.53,75,-0.0005079353133313826
0.53,76,-0.0005557455041810842
0.53,77,0.0011493369069039449
0.53,78,2.780309773491363e-5
0.53,79,0.00045815581795991374
0.53,80,6.555012337242596e-5
0.53,81,0.0010155954431667357
0.53,82,0.001074730855732321
0.53,83,0.00022469975546928356
0.53,84,-0.00018204586432868185
0.53,85,0.0017719828391409003
0.53,86,-0.003082968211683162
0.53,87,0.0026183655978397865
0.53,88,0.0012644858428501394
0.53,89,0.001744630899637654
0.53,90,0.0018923553269836167
0.53,91,-0.0034424326925345063
0.53,92,0.0010869531268486413
0.53,93,0.0016620197121030931
0.53,94,0.0032138253156489445
0.53,95,-0.0010673576650856306
0.53,96,-0.0020580251324780097
0.53,97,0.0014067261224871945
0.53,98,0.001975645094921002
0.53,99,-0.0004737247299956214
0.53,100,0.0002939527465821938
0.53,101,-0.0017601603651378947
0.53,102,0.0017657536295464737
0.53,103,0.0007092389847509865
0.53,104,0.0009257419240691341
0.53,105,-0.00027899543284934006
0.53,106,0.000295378873300353
0.53,107,0.000996206395394203
0.53,108,-0.001427058365497154
0.53,109,0.0011608526408874189
0.53,110,0.00010733540318659022
0.53,111,0.001582248775687018
0.53,112,0.0015496438193499699
0.53,113,-0.0013190700850776059
0.53,114,0.001248803979899323
0.53,115,-0.0015778676498349941
0.53,116,0.0006236945718467948
0.53,117,9.059956526153845e-5
0.53,118,0.0008247432785004931
0.53,119,-0.001537025890300797
0.53,120,0.0008879891846672508
0.53,121,0.00025589207201280536
0.53,122,0.0003093948339029202
0.53,123,-0.00014836347612612034
0.53,124,-0.0015143792884933303
0.53,125,0.0018771038352010942
0.53,126,0.0002444781831944732
0.53,127,0.00022390991179815464
0.53,128,-0.0013867238380085936
0.53,129,0.0009582295385420469
0.53,130,0.0013214823166110001
0.53,131,-0.0019710889150576236
0.53,132,0.0011880141042850216
0.53,133,3.168527338928437e-5
0.53,134,0.0004526409545798489
0.53,135,-1.985380216593922e-5
0.53,136,-0.0007818770512031594
0.53,137,0.00061509729710996
0.53,138,-0.0008969340962577649
0.53,139,0.0005924706824622399
0.53,140,-0.0008700879648493962
0.53,141,0.0012077999730694443
0.53,142,-0.0011755492020323794
0.53,143,0.0005584841844147357
0.53,144,0.0010899863471743492
0.53,145,-0.001811631392511626
0.53,146,0.001959551058259895
0.53,147,-0.0006266774997354479
0.53,148,0.0011219333619271522
0.53,149,0.0005601326322610277
0.53,150,-4.8257873844474674e-5
0.53,151,0.00029674989349825527
0.53,152,0.0008501814124484698
0.53,153,5.701054210585892e-6
0.53,154,0.001783292692232383
0.53,155,-0.0009432534855330992
0.53,156,-0.0003053992495490355
0.53,157,0.0019204897513661924
0.53,158,0.0015445815047157225
0.53,159,-0.0006634235523151537
0.53,160,0.00036231295940992986
0.53,161,0.0014270898735415866
0.53,162,0.0009345016639294248
0.53,163,-0.0005884572826413274
0.53,164,0.0002926703212183382
0.53,165,-0.00026287360037969057
0.53,166,0.0018241841073784015
0.53,167,0.0004643807579126555
0.53,168,0.0018858364155029004
0.53,169,-0.0014427594445153152
0.53,170,-0.0002679658268746131
0.53,171,0.001994699274061437
0.53,172,-0.0005309547827350123
0.53,173,0.0001271831842208282
0.53,174,0.001603871906813128
0.53,175,0.000552418149964802
0.53,176,0.002190228915915156
0.53,177,-0.0011258695503400986
0.53,178,-0.0002449831568879041
0.53,179,-0.0002921733764372852
0.53,180,0.0016097487491424066
0.53,181,-0.0023304672408893017
0.53,182,0.001767041268421404
0.53,183,-0.00048488062719170475
0.53,184,-0.0001129245830040378
0.53,185,0.0025571600928558915
0.53,186,0.004758299767739951
0.53,187,0.011478877913302604
0.53,188,0.0032923693984019506
0.53,189,0.0017929629455909067
0.53,190,0.04186354228408377
0.53,191,-0.023865408992851136
0.53,192,0.55903687745528
0.53,193,7.351328759220682e-5
0.53,194,0.0006905532882900393
0.53,195,-0.0009291063787734562
0.53,196,-8.966037030910168e-5
0.53,197,1.365913405289819e-5
0.53,198,0.0005472395086833791
0.54,intercept,0.006441612549869932
0.54,1,0.0035105526783369896
0.54,2,1.2049223862830584e-5
0.54,3,0.0005513527929714971
0.54,4,-0.0016510951484192582
0.54,5,0.0009352336338917352
0.54,6,0.0017307587733717761
0.54,7,-0.0006128863365911322
0.54,8,0.0001337629139857587
0.54,9,0.0010825291550361925
0.54,10,-0.0007402229360730507
0.54,11,-0.0002521527304849705
0.54,12,-7.937974949010502e-5
0.54,13,0.0012311625762026568
0.54,14,-0.000632868898098044
0.54,15,0.00025747683355401154
0.54,16,0.00011899632194134054
0.54,17,0.00014604602483119224
0.54,18,-0.00018669239944963366
0.54,19,0.0011829914405608627
0.54,20,0.0009550242728706561
0.54,21,-0.00024625516168686465
0.54,22,0.0004788231243631154
0.54,23,-1.9860016022182658e-5
0.54,24,-0.00048503433278424327
0.54,25,-0.0007068996302242625
0.54,26,0.00026865124316009076
0.54,27,-0.00024265682101140524
0.54,28,0.0004258074050469297
0.54,29,0.0005728689283838641
0.54,30,-0.0005233946557280818
0.54,31,0.00022297732560500183
0.54,32,-6.938073928064248e-5
0.54,33,0.0001404679540017595
0.54,34,-0.0005246172303068321
0.54,35,0.00044835611442050347
0.54,36,0.0001968760881049167
0.54,37,-0.001398358848757752
0.54,38,0.0014209295386231064
0.54,39,-0.0007927356512018121
0.54,40,8.53000420648203e-5
0.54,41,-0.0021158887130013275
0.54,42,0.000849931943015687
0.54,43,0.001709312220787363
0.54,44,-0.00052877044281706
0.54,45,-0.0016103223297902675
0.54,46,0.0002997938391367288
0.54,47,0.0006455289320213895
0.54,48,0.00024342083174772706
0.54,49,0.00014977946508345463
0.54,50,-0.0019551809143431016
0.54,51,0.0007737863692468547
0.54,52,5.996430560367111e-5
0.54,53,0.0012927872874383245
0.54,54,-0.0015842719872539834
0.54,55,0.0007565892141495009
0.54,56,0.0013712975230849658
0.54,57,-0.00025134910753467734
0.54,58,0.00024219435201310429
0.54,59,-0.0010818389946617
0.54,60,0.0030163453882268145
0.54,61,-0.001781115458485263
0.54,62,0.0004964363152311763
0.54,63,0.0019171739397877334
0.54,64,-0.0009717680741599257
0.54,65,0.001837893343909898
0.54,66,0.0011778578219870297
0.54,67,-0.00034078723892778923
0.54,68,0.00039551783643282113
0.54,69,0.0006362620027958799
0.54,70,-0.00041180841786768956
0.54,71,-0.001332088853583661
0.54,72,0.0012241601076980765
0.54,73,-0.001154873518936146
0.54,74,0.00016447874330839652
0.54,75,-0.0003463257751389101
0.54,76,-0.0007847939041199281
0.54,77,0.0012508253220835364
0.54,78,-7.531044055849487e-5
0.54,79,0.00013209649039752012
0.54,80,-2.1361095651691673e-5
0.54,81,0.0010132708752151535
0.54,82,0.0008984221522861602
0.54,83,7.4361254965716354e-6
0.54,84,-5.325826724581097e-5
0.54,85,0.0016950471980442202
0.54,86,-0.0027573063418474867
0.54,87,0.0021920699928245496
0.54,88,0.0017434419479770789
0.54,89,0.0017500561522088272
0.54,90,0.0019332555199572487
0.54,91,-0.003285548490624221
0.54,92,0.0009495044212424113
0.54,93,0.0015795036646109922
0.54,94,0.002903024282038864
0.54,95,-0.0009491622201859177
0.54,96,-0.0022838502119521997
0.54,97,0.0011233562686780944
0.54,98,0.002066440342424159
0.54,99,-0.00015919201562277218
0.54,100,0.0002008265177025666
0.54,101,-0.0016872522969040471
0.54,102,0.0017824515089015698
0.54,103,0.0003544699062168487
0.54,104,0.0010087861010967952
0.54,105,-0.0005441242388374677
0.54,106,0.0005830508332612195
0.54,107,0.0008759603468409123
0.54,108,-0.0016076315712219035
0.54,109,0.001328538304878251
0.54,110,-1.6081032820180205e-5
0.54,111,0.0014663153297206641
0.54,112,0.0012545857320289359
0.54,113,-0.0012059701713018015
0.54,114,0.0011555287295318291
0.54,115,-0.0013365659686413475
0.54,116,0.0005128094787565373
0.54,117,6.042761105665925e-5
0.54,118,0.0010180968587314395
0.54,119,-0.0017173942866332784
0.54,120,0.0008217212220386198
0.54,121,0.00040221987778199286
0.54,122,5.121739456535015e-5
0.54,123,-7.325842210469535e-5
0.54,124,-0.0016888697195101404
0.54,125,0.0019529129894682031
0.54,126,0.00030948353915204245
0.54,127,0.00028506841686126196
0.54,128,-0.0013791120556403834
0.54,129,0.0009645646749412182
0.54,130,0.001372506041027927
0.54,131,-0.002118054099098359
0.54,132,0.001223877940842522
0.54,133,6.89008133916695e-5
0.54,134,0.0005157680170613032
0.54,135,6.7237985648304135e-6
0.54,136,-0.0008574988289643155
0.54,137,0.0006614697421308612
0.54,138,-0.0008772796275326615
0.54,139,0.0007230600017878856
0.54,140,-0.00095913503529917
0.54,141,0.0014107446228081714
0.54,142,-0.001259198698463413
0.54,143,0.00046484093229612897
0.54,144,0.001257784602393042
0.54,145,-0.0018491289699122425
0.54,146,0.0019319376135480723
0.54,147,-0.0005412886421966816
0.54,148,0.0010311441950216645
0.54,149,0.000433907546352079
0.54,150,-0.00021508042814470202
0.54,151,0.000287352020925787
0.54,152,0.0008140280273945911
0.54,153,0.00010018051643562736
0.54,154,0.0020805821261451283
0.54,155,-0.001109510126229144
0.54,156,-0.0004120138655010663
0.54,157,0.0021006350047779337
0.54,158,0.0015635107024947093
0.54,159,-0.0005644561793253344
0.54,160,0.00034104572731951267
0.54,161,0.0018711133555908168
0.54,162,0.0006689502234225335
0.54,163,-0.0005168909429693002
0.54,164,-6.419385786506541e-7
0.54,165,-8.093475174510336e-5
0.54,166,0.0013996834831178876
0.54,167,0.00036961892212963485
0.54,168,0.0019011030613061883
0.54,169,-0.0014572339796419481
0.54,170,-0.0006147748889140545
0.54,171,0.0023286147406856267
0.54,172,-0.00044753717030670024
0.54,173,7.82543946898961e-5
0.54,174,0.0010383633994807064
0.54,175,0.0006026292641385967
0.54,176,0.0025630680573811454
0.54,177,-0.0012678980763059628
0.54,178,-0.0005178709308186148
0.54,179,0.00010136994696082997
0.54,180,0.0012646398877609736
0.54,181,-0.0019275550219278361
0.54,182,0.001823258953592412
0.54,183,-0.0006721971995215294
0.54,184,8.060264516211416e-5
0.54,185,0.0028761446952438293
0.54,186,0.00400973482843453
0.54,187,0.011863313051227337
0.54,188,0.003208793213062164
0.54,189,0.0016814808596614344
0.54,190,0.04300434370764431
0.54,191,-0.02469559750698502
0.54,192,0.5757151297038577
0.54,193,-7.537966216747311e-5
0.54,194,0.0006500756154055009
0.54,195,-0.0009306005624701876
0.54,196,-0.00016181674740133964
0.54,197,1.8270677186635678e-5
0.54,198,0.0005190726240039145
0.55,intercept,0.006350345669777953
0.55,1,0.0040842833627308265
0.55,2,-0.000164209167942291
0.55,3,0.0007012544417601773
0.55,4,-0.0018378985549366786
0.55,5,0.0007532134238603162
0.55,6,0.001437806795601934
0.55,7,-0.00038227520421871465
0.55,8,-5.9513142456216254e-5
0.55,9,0.00154813307661305
0.55,10,-0.0010329379663223733
0.55,11,-0.0005589859678657279
0.55,12,0.00014097327586898195
0.55,13,0.0012938171685010593
0.55,14,-0.0008133240807675682
0.55,15,0.0004367037385734236
0.55,16,0.000155009147455967
0.55,17,0.00025826669674585686
0.55,18,-0.00022836003279641675
0.55,19,0.0013622954366470214
0.55,20,0.0011772020652205267
0.55,21,-0.0004872975434716428
0.55,22,0.0004780363856473954
0.55,23,4.962220933740054e-5
0.55,24,-0.0004589630977058532
0.55,25,-0.0009561018006336248
0.55,26,0.00032414636570852204
0.55,27,-0.000167754071911775
0.55,28,0.0001719590822790972
0.55,29,0.0007760930797359465
0.55,30,-0.000539762166772405
0.55,31,0.0002644241214809526
0.55,32,-8.747421606276456e-5
0.55,33,-1.2067920889152821e-6
0.55,34,-0.0002829843974781646
0.55,35,0.0005057160605420898
0.55,36,2.414956952273775e-5
0.55,37,-0.001345933838220954
0.55,38,0.0015384178985072038
0.55,39,-0.0006062375064006643
0.55,40,3.972885058655472e-5
0.55,41,-0.00203547807439138
0.55,42,0.0006931887825859741
0.55,43,0.0018194904141366512
0.55,44,-0.00033679994472239605
0.55,45,-0.0018876197429130146
0.55,46,0.0001132521272223291
0.55,47,0.0008775656393509728
0.55,48,0.00023324469378564495
0.55,49,0.00033281631948827914
0.55,50,-0.002106169607165413
0.55,51,0.0008071273221658755
0.55,52,0.0001740177917284434
0.55,53,0.0013080165515283486
0.55,54,-0.0016514440767636117
0.55,55,0.000585958897013415
0.55,56,0.0013239832937840673
0.55,57,-0.00014983757073185112
0.55,58,0.00010837520587307665
0.55,59,-0.0010134180651866587
0.55,60,0.0030411840843342867
0.55,61,-0.0018651134746712518
0.55,62,0.000641217351614386
0.55,63,0.0017706905579147828
0.55,64,-0.0006776255162064664
0.55,65,0.0017172974702056691
0.55,66,0.0010957888584837503
0.55,67,-0.00021822762980947002
0.55,68,0.0003518970697698288
0.55,69,0.0005783788763171539
0.55,70,-0.000310495823080708
0.55,71,-0.0011948273950442392
0.55,72,0.001222981665744016
0.55,73,-0.0015855626835146344
0.55,74,0.0005693151638066808
0.55,75,-0.0005198411269928982
0.55,76,-0.0007885974410634299
0.55,77,0.001566731046087532
0.55,78,-0.00036798225540469624
0.55,79,0.0005595914532970633
0.55,80,-0.0006110507306888297
0.55,81,0.001034509188550218
0.55,82,0.001102061447736304
0.55,83,-0.00014712712705613543
0.55,84,-7.364815854938624e-5
0.55,85,0.0014207994495617343
0.55,86,-0.0029849277988465333
0.55,87,0.0024800989760182944
0.55,88,0.001331391165566908
0.55,89,0.002121035574010418
0.55,90,0.0019178633112225192
0.55,91,-0.0033979043013616715
0.55,92,0.0011476907572328064
0.55,93,0.001763337265176396
0.55,94,0.0027306931109420127
0.55,95,-0.000976521385357385
0.55,96,-0.001925232471456993
0.55,97,0.0007178104234724741
0.55,98,0.002151044969062938
0.55,99,-0.0004767919795989736
0.55,100,0.00040396201963337593
0.55,101,-0.0017989953425039283
0.55,102,0.00169212028705201
0.55,103,0.0004519513671744291
0.55,104,0.0010181217778639782
0.55,105,-0.0005479687362466248
0.55,106,0.0006538581484214486
0.55,107,0.0007033128499918107
0.55,108,-0.0013214486324613442
0.55,109,0.001017390342805734
0.55,110,0.0004904666422558826
0.55,111,0.0007772114520203837
0.55,112,0.0017496256548907656
0.55,113,-0.0012694887881005605
0.55,114,0.0009647848764357466
0.55,115,-0.0012255814859909462
0.55,116,0.00038592020876642146
0.55,117,0.0005059228128816448
0.55,118,0.0007068903921425492
0.55,119,-0.00186027680362781
0.55,120,0.0008653487510475234
0.55,121,0.00032594475640641704
0.55,122,0.00023519803242069823
0.55,123,-5.02172105408506e-5
0.55,124,-0.0015086013551507658
0.55,125,0.0018591858126743605
0.55,126,0.00020535131772326913
0.55,127,0.0003582564771882776
0.55,128,-0.001406510596965007
0.55,129,0.0006781125269637968
0.55,130,0.0018299676948029993
0.55,131,-0.0023946088377067697
0.55,132,0.001446082906086081
0.55,133,8.789061684396522e-5
0.55,134,0.00030770432802862467
0.55,135,0.00018901698291018615
0.55,136,-0.0008286044922026943
0.55,137,0.00048045666510538503
0.55,138,-0.0005682674219328477
0.55,139,0.0006229876847336166
0.55,140,-0.0009194286288057505
0.55,141,0.0013156265530807128
0.55,142,-0.0014140079630419191
0.55,143,0.0005775506739337732
0.55,144,0.0010829100622139775
0.55,145,-0.0018611193669445854
0.55,146,0.0018281698968387434
0.55,147,-0.0004728716851770256
0.55,148,0.001255064514088657
0.55,149,0.0004429504169602413
0.55,150,-0.00039519702414057703
0.55,151,0.00015300976281451244
0.55,152,0.0007518746472206525
0.55,153,0.0007075983050388587
0.55,154,0.001974512493986493
0.55,155,-0.001312329230131754
0.55,156,-0.00045103633912689614
0.55,157,0.0018532415762084508
0.55,158,0.0017819004995815225
0.55,159,-0.0007094639398844499
0.55,160,0.0004890245805522336
0.55,161,0.0019378310890725895
0.55,162,0.0005538264816166177
0.55,163,-0.00035405907274256793
0.55,164,3.761664048847721e-5
0.55,165,-0.00026063884524666454
0.55,166,0.0014080731059559059
0.55,167,0.00026533998184426276
0.55,168,0.0018498679669843438
0.55,169,-0.001599120227814877
0.55,170,-0.0006053957247716764
0.55,171,0.002158807113000785
0.55,172,-0.0004478838207433449
0.55,173,-0.0004186033592324072
0.55,174,0.0012813506809287137
0.55,175,0.000747275023810524
0.55,176,0.0022376840332036054
0.55,177,-0.0010690979156422894
0.55,178,-0.00046532489802733254
0.55,179,0.00024390632487254125
0.55,180,0.0008403733690305835
0.55,181,-0.0015903836272798007
0.55,182,0.0015060333497556701
0.55,183,-0.0006814337784090124
0.55,184,0.00054164845766971
0.55,185,0.0028862482772161785
0.55,186,0.003945785464548642
0.55,187,0.012591348175983279
0.55,188,0.0033073896348753216
0.55,189,0.0025464153927571695
0.55,190,0.04406892849042495
0.55,191,-0.025305818100177572
0.55,192,0.5864598101754562
0.55,193,-1.4575571870515337e-5
0.55,194,0.0008153286521935668
0.55,195,-0.0009348078397058057
0.55,196,-0.0001821245849597124
0.55,197,8.240978620128146e-6
0.55,198,0.0004956266040507945
0.56,intercept,0.006177779748093722
0.56,1,0.004228618733725634
0.56,2,-8.418089129636928e-5
0.56,3,0.0005996956907580445
0.56,4,-0.0015783546850685547
0.56,5,0.0004647612445371872
0.56,6,0.0015277626673069681
0.56,7,-0.0002581177981488026
0.56,8,-0.0002711176041846989
0.56,9,0.0017474062089046156
0.56,10,-0.000955907484027462
0.56,11,-0.0004078464588907278
0.56,12,0.00013241412530261276
0.56,13,0.001388467306326775
0.56,14,-0.000990101791616011
0.56,15,0.0004953289825593738
0.56,16,0.0001747836183539058
0.56,17,0.00021827215757284118
0.56,18,-0.00042378144093198756
0.56,19,0.0015725506878084316
0.56,20,0.001023470748190961
0.56,21,-0.0004699383365213918
0.56,22,0.0004353788250667966
0.56,23,-3.838364532019132e-5
0.56,24,-0.00045637130602260777
0.56,25,-0.0005993664754168853
0.56,26,0.0001973989210421884
0.56,27,-0.0003698518270891004
0.56,28,0.00012362557776840838
0.56,29,0.0007510062619568138
0.56,30,-0.0005919811043687146
0.56,31,0.0003155901218529964
0.56,32,-0.0005291757206205804
0.56,33,0.0004350697837225585
0.56,34,-0.00041156579712094517
0.56,35,0.0005632432342050435
0.56,36,0.00016737733421906079
0.56,37,-0.0015658708700239995
0.56,38,0.0018716477576984113
0.56,39,-0.0007643609184278193
0.56,40,8.81757015958327e-6
0.56,41,-0.002164155164923798
0.56,42,0.0007620150327759986
0.56,43,0.001744905669563704
0.56,44,-0.00043213085127370287
0.56,45,-0.0017237686399701293
0.56,46,2.8229907099443004e-5
0.56,47,0.0008018754890117051
0.56,48,5.584364437846186e-5
0.56,49,0.00038881785586077517
0.56,50,-0.00181709648159663
0.56,51,0.0008518658548791807
0.56,52,8.014373229292993e-5
0.56,53,0.0014196810855788419
0.56,54,-0.0016982959240757363
0.56,55,0.0004477446617770509
0.56,56,0.0014484733861947624
0.56,57,-0.0001701929373099946
0.56,58,-2.2108785532848976e-5
0.56,59,-0.0009063388387557131
0.56,60,0.0026783154294948977
0.56,61,-0.0013322124563729925
0.56,62,0.00041011827044205943
0.56,63,0.0016641051369186645
0.56,64,-0.0006292477651867281
0.56,65,0.0015995433845521739
0.56,66,0.0013332844509053802
0.56,67,-0.0001078813270213865
0.56,68,0.0002770168740703102
0.56,69,0.0005662789311372737
0.56,70,-0.00045624869051862294
0.56,71,-0.0008782752806584938
0.56,72,0.0008451598962147819
0.56,73,-0.001457350015687309
0.56,74,0.0005877170441884179
0.56,75,-0.0004306727862806414
0.56,76,-0.0007458934571050081
0.56,77,0.0010737031544266328
0.56,78,-4.774733050359022e-5
0.56,79,0.0005562344606217624
0.56,80,-0.00029151304078397393
0.56,81,0.0009578849158973486
0.56,82,0.0011005600888690438
0.56,83,-0.0003702826078483192
0.56,84,0.00014449760039797398
0.56,85,0.0015777727702003261
0.56,86,-0.0031832244901176124
0.56,87,0.002265811983776563
0.56,88,0.0011804157917662448
0.56,89,0.0022020028672245103
0.56,90,0.0020834210713362106
0.56,91,-0.0032553664071865874
0.56,92,0.0007573496172199711
0.56,93,0.001654947598355747
0.56,94,0.002902471950175835
0.56,95,-0.0010016915343934903
0.56,96,-0.0016850522346501947
0.56,97,0.000796660390806809
0.56,98,0.0019985924226772686
0.56,99,-0.0006789155542020284
0.56,100,0.0007140747564304699
0.56,101,-0.0015561318688588506
0.56,102,0.0017102396036005403
0.56,103,0.00040568118339152876
0.56,104,0.0010082550750513562
0.56,105,-0.0007697951991800547
0.56,106,0.0007694724223221872
0.56,107,0.0007562399713924161
0.56,108,-0.001096671330080883
0.56,109,0.0011188167602568587
0.56,110,0.0004124696645631251
0.56,111,0.0004688983870713257
0.56,112,0.0017857208368470493
0.56,113,-0.0010668269495999266
0.56,114,0.0009692146294057013
0.56,115,-0.0015981645956249378
0.56,116,0.000932272328680608
0.56,117,0.0004905094398783079
0.56,118,0.0005042423873344104
0.56,119,-0.001699911696930316
0.56,120,0.0004935319715004314
0.56,121,0.0006790374561348369
0.56,122,-0.00011081453565417083
0.56,123,7.626971708877917e-5
0.56,124,-0.0012886911188190753
0.56,125,0.002273030866685296
0.56,126,0.00010600420805428898
0.56,127,0.0004734728390226461
0.56,128,-0.0014435520050158582
0.56,129,0.0003814885932987451
0.56,130,0.001745374462617118
0.56,131,-0.002087764806683234
0.56,132,0.0012002515243964343
0.56,133,0.00016126371137671587
0.56,134,0.0003622498012891723
0.56,135,-0.00011326249126025768
0.56,136,-0.0004935430586499684
0.56,137,0.00021926094179242653
0.56,138,-0.0005946848884077184
0.56,139,0.0007901401207247051
0.56,140,-0.0009255560327227901
0.56,141,0.0015473986640214476
0.56,142,-0.001633976934037142
0.56,143,0.0007962932625589163
0.56,144,0.0007194350745072877
0.56,145,-0.0015137912677444612
0.56,146,0.0017277846239853421
0.56,147,-0.0004535713722388853
0.56,148,0.0012645015257411484
0.56,149,0.0004692048987114996
0.56,150,-0.0005203021166322789
0.56,151,0.00010620898432331533
0.56,152,0.0009518751889633363
0.56,153,0.0006058268647393251
0.56,154,0.0021535495110023314
0.56,155,-0.0013207551453763128
0.56,156,-0.00036929385736628276
0.56,157,0.0018625255649313225
0.56,158,0.001710149284869155
0.56,159,-0.0007981801124605527
0.56,160,0.00036961175129391103
0.56,161,0.001962604055350731
0.56,162,0.00046450020911014214
0.56,163,-0.0002551537502458889
0.56,164,-7.15458961247947e-5
0.56,165,-0.0002460766618292839
0.56,166,0.0015691339229176944
0.56,167,0.0001440908959093259
0.56,168,0.0020580149928677185
0.56,169,-0.001959736349666777
0.56,170,-0.0006551080018597535
0.56,171,0.002378089621804399
0.56,172,-0.0005759966181792377
0.56,173,-0.0006748753266876729
0.56,174,0.001093596111218497
0.56,175,0.0008279352314736433
0.56,176,0.002480298426772929
0.56,177,-0.0014325188298045617
0.56,178,-0.0002514547909941282
0.56,179,9.653880052237518e-5
0.56,180,0.0009530315649137245
0.56,181,-0.001328856283356398
0.56,182,0.0014178170079514683
0.56,183,-0.0007830303909949982
0.56,184,0.0004450413492523706
0.56,185,0.003072415732310949
0.56,186,0.0039176418710804035
0.56,187,0.012389984984508173
0.56,188,0.0031135246691567997
0.56,189,0.0028359567501409486
0.56,190,0.045824672976424244
0.56,191,-0.026373368007174543
0.56,192,0.6009099665975137
0.56,193,0.00012518921418549762
0.56,194,0.0009517076834464255
0.56,195,-0.0009031304801062782
0.56,196,-0.00018761256597945184
0.56,197,1.4846759843045038e-6
0.56,198,0.00045321044653798704
0.57,intercept,0.006079375332298227
0.57,1,0.00460132482546791
0.57,2,-0.0002308088059553772
0.57,3,0.000752471430206367
0.57,4,-0.0016748798593854437
0.57,5,0.00028711860415975456
0.57,6,0.0015743295666829987
0.57,7,-3.053755858481981e-5
0.57,8,-0.0003441724806640754
0.57,9,0.0016919109087098975
0.57,10,-0.0008645783511495598
0.57,11,-0.0005015384539944739
0.57,12,2.4522815010725063e-5
0.57,13,0.0016526252255008656
0.57,14,-0.0013360140103272043
0.57,15,0.0007399528614314677
0.57,16,0.00021658685976226472
0.57,17,9.231664549338336e-5
0.57,18,-0.00042859861087348453
0.57,19,0.0017343683621764818
0.57,20,0.0007780217015847752
0.57,21,-0.00039664459013021686
0.57,22,0.000532780282728972
0.57,23,-0.00010144885206894736
0.57,24,-0.0003082677258746772
0.57,25,-0.0004031758311436356
0.57,26,0.0004320885321000213
0.57,27,-0.00040192603002588763
0.57,28,0.00014676102033272533
0.57,29,0.0005929191415143026
0.57,30,-0.0007929482923506747
0.57,31,0.0006574825019883104
0.57,32,-0.0008371915295681247
0.57,33,0.0005747405450755405
0.57,34,-0.00033067008833603914
0.57,35,0.0006097648487446114
0.57,36,-0.00014923243669585822
0.57,37,-0.0012510348988892654
0.57,38,0.0018669652881509412
0.57,39,-0.0008106270604573992
0.57,40,0.0001441875579979359
0.57,41,-0.002194912870377914
0.57,42,0.0006804391281568468
0.57,43,0.0017791710939514902
0.57,44,-0.00024209725573402243
0.57,45,-0.0018750242792581584
0.57,46,0.00010190963530435856
0.57,47,0.0005949996812907833
0.57,48,0.00018546348090721457
0.57,49,0.0001966637915645295
0.57,50,-0.0016884063070167741
0.57,51,0.0007547119677926338
0.57,52,0.00010442428423030172
0.57,53,0.001799049599034912
0.57,54,-0.001760412333956028
0.57,55,0.00045515120703194426
0.57,56,0.001234810695128927
0.57,57,-0.00016010820585670305
0.57,58,-0.00020326113244998405
0.57,59,-0.0010831067423035421
0.57,60,0.002772446049538989
0.57,61,-0.0010768776694161815
0.57,62,0.0002263265764565413
0.57,63,0.0016739291707497624
0.57,64,-0.0008793546988479351
0.57,65,0.0015751746191157514
0.57,66,0.0011909473854133685
0.57,67,0.00020394922701857962
0.57,68,0.00020284196659723735
0.57,69,0.000700951987702627
0.57,70,-0.0005182552177874265
0.57,71,-0.0009260811767450181
0.57,72,0.0006188153559912319
0.57,73,-0.0010399888911900377
0.57,74,0.0003022141734792587
0.57,75,-4.103324134558278e-5
0.57,76,-0.0007782879402039712
0.57,77,0.0012993337009440833
0.57,78,-0.0002470977506540186
0.57,79,0.0003723105179861985
0.57,80,-0.00033085348283743067
0.57,81,0.000619713378542749
0.57,82,0.0011699451405172946
0.57,83,-0.0005378433040499808
0.57,84,0.0004108918559915322
0.57,85,0.001292381143015845
0.57,86,-0.0030588385457974853
0.57,87,0.0025573849963872433
0.57,88,0.0009616517501618887
0.57,89,0.0026771389411122458
0.57,90,0.0015261961135113746
0.57,91,-0.0027821077228052504
0.57,92,0.0003362548781407064
0.57,93,0.0025373029559252903
0.57,94,0.0024299790337821113
0.57,95,-0.0009228561600643519
0.57,96,-0.001976792000151663
0.57,97,0.0011138298340524727
0.57,98,0.0016375089776707226
0.57,99,-0.0006190260101948017
0.57,100,0.00038979714055898393
0.57,101,-0.0017176631326491336
0.57,102,0.0015704607114506496
0.57,103,0.00025581769401694985
0.57,104,0.0011657586763816658
0.57,105,-0.0009093377306079137
0.57,106,0.0007317253730180626
0.57,107,0.0013411675560860814
0.57,108,-0.001364651130563572
0.57,109,0.0010436151494811296
0.57,110,0.0004143627981965073
0.57,111,0.0007881446479004121
0.57,112,0.0014963242196144317
0.57,113,-0.001105676696345346
0.57,114,0.0008165119965331152
0.57,115,-0.001404948437748362
0.57,116,0.0007149801977195108
0.57,117,0.0006719923100855511
0.57,118,0.0005395398356340326
0.57,119,-0.001836208142379159
0.57,120,0.0007191725229741078
0.57,121,0.0005958068724430187
0.57,122,-5.670354395115461e-5
0.57,123,-0.00018292354414501614
0.57,124,-0.0010163179637455034
0.57,125,0.0022655867088973635
0.57,126,0.000319246329058469
0.57,127,0.0003705435654989739
0.57,128,-0.0014363724381239104
0.57,129,0.0006350313143951806
0.57,130,0.0018216326645503344
0.57,131,-0.002366316678025009
0.57,132,0.0011973467907636201
0.57,133,0.00027233832511142444
0.57,134,0.0002255442348510843
0.57,135,-0.0001283636168308195
0.57,136,-0.0002350130218026071
0.57,137,2.6739519872710357e-5
0.57,138,-0.0007390371774122518
0.57,139,0.0004732295204740742
0.57,140,-0.000764613825041716
0.57,141,0.00151409936557783
0.57,142,-0.001498139504537513
0.57,143,0.0006971124006885364
0.57,144,0.0006771670872898461
0.57,145,-0.0013868897012680888
0.57,146,0.0015339142781921216
0.57,147,-0.0004490285588904475
0.57,148,0.0012738058595917507
0.57,149,0.000468905721195422
0.57,150,-0.0005504605855056288
0.57,151,0.00019619596230942068
0.57,152,0.0010047770020648696
0.57,153,0.0006475353745374107
0.57,154,0.0021382793706884976
0.57,155,-0.0012881959771803126
0.57,156,-5.8523031960949805e-5
0.57,157,0.001850674683818934
0.57,158,0.0015590950205613219
0.57,159,-0.0007836040025012474
0.57,160,0.00010997552251327381
0.57,161,0.001835036604745831
0.57,162,0.0004627735279112815
0.57,163,-0.00017550784935698742
0.57,164,-0.00010167664947126001
0.57,165,-0.00026515031489922694
0.57,166,0.0016998465422900669
0.57,167,0.0001508733290837919
0.57,168,0.0020972612185066646
0.57,169,-0.0018691621211736728
0.57,170,-0.0005662153048709435
0.57,171,0.002263558013742068
0.57,172,-0.000678789192357711
0.57,173,-0.0007158191964209914
0.57,174,0.0009980885143043496
0.57,175,0.0005730185002822424
0.57,176,0.0024959153672952264
0.57,177,-0.0014394673742305236
0.57,178,-0.00023322645716000436
0.57,179,-9.140773506910572e-5
0.57,180,0.0007069428626326947
0.57,181,-0.0006666516797713545
0.57,182,0.0015489720377108518
0.57,183,-0.0006156163757010079
0.57,184,-8.600704441680615e-5
0.57,185,0.0035233319590819495
0.57,186,0.003495897254775998
0.57,187,0.01262956508462475
0.57,188,0.003410047253285236
0.57,189,0.0026495999454411398
0.57,190,0.0484459071871244
0.57,191,-0.02710720098399382
0.57,192,0.611834000588375
0.57,193,0.0003523800021115238
0.57,194,0.0008340395758257362
0.57,195,-0.0008836989715034334
0.57,196,-0.00020660977202597303
0.57,197,-1.5329029982727796e-6
0.57,198,0.00043332473770231104
0.58,intercept,0.006038294025810139
0.58,1,0.004798662750677661
0.58,2,-0.00017175883444203065
0.58,3,0.0008120878580814259
0.58,4,-0.0017979844157991502
0.58,5,0.00036179618605950526
0.58,6,0.0013261104095935975
0.58,7,-9.288618345712578e-5
0.58,8,-0.0006133351059864885
0.58,9,0.0018934958892703158
0.58,10,-0.0010453326296710765
0.58,11,-0.00040444776642635
0.58,12,0.0004339768043272728
0.58,13,0.0015665212277524757
0.58,14,-0.0016738114508885705
0.58,15,0.0010156205903891803
0.58,16,0.00013507576604432657
0.58,17,0.00014506903834821545
0.58,18,-0.0005935999485399249
0.58,19,0.0017045852516958775
0.58,20,0.0010751725294958474
0.58,21,-0.0004935075260917503
0.58,22,0.00066938335721659
0.58,23,-6.457724324046466e-5
0.58,24,-0.000705025870851764
0.58,25,-0.0001996734964392489
0.58,26,0.0002724042336526451
0.58,27,-0.00020710162783343434
0.58,28,0.0001045367470637987
0.58,29,0.00045817915206317967
0.58,30,-0.0007197966464204324
0.58,31,0.0005349284061531977
0.58,32,-0.0007700734184396115
0.58,33,0.000554528097412553
0.58,34,-0.00013747541181114413
0.58,35,0.00040592498814687113
0.58,36,1.0809146808123202e-5
0.58,37,-0.0013263442093688182
0.58,38,0.0018856034736540591
0.58,39,-0.0009721191020788721
0.58,40,0.00018797180669099704
0.58,41,-0.0020106969715648457
0.58,42,0.0004671923254487274
0.58,43,0.0018232633875760627
0.58,44,-0.0004727717060810445
0.58,45,-0.001699081597326863
0.58,46,-0.0001249817552706824
0.58,47,0.0005507983464893909
0.58,48,0.0004275963221445147
0.58,49,9.899807404621004e-5
0.58,50,-0.001566020764258881
0.58,51,0.0009590267390820357
0.58,52,0.00010844359157269417
0.58,53,0.0017107937144306448
0.58,54,-0.001658039133093467
0.58,55,9.444770302764197e-5
0.58,56,0.001490050767406894
0.58,57,-0.00020279318482442608
0.58,58,0.00014289487088873671
0.58,59,-0.0012596939777753536
0.58,60,0.002627515857603972
0.58,61,-0.0009670324106414522
0.58,62,0.00024630670596435155
0.58,63,0.0016687502413681014
0.58,64,-0.0009350917466170736
0.58,65,0.0017768015749172537
0.58,66,0.0009032380477274274
0.58,67,0.00017751809153691977
0.58,68,0.0004136722703024667
0.58,69,0.00036594504082786963
0.58,70,-0.0005254922314447447
0.58,71,-0.0007885250330346121
0.58,72,0.0007439980940549631
0.58,73,-0.0012154165036175313
0.58,74,0.00043080666660078666
0.58,75,0.0001400164725350089
0.58,76,-0.0007299730723716918
0.58,77,0.001388069182278666
0.58,78,-0.00041611778747348657
0.58,79,0.0003705703989494686
0.58,80,-0.0004703170991002422
0.58,81,0.0006506611617928971
0.58,82,0.0013623076955115144
0.58,83,-0.0008884941528772313
0.58,84,0.0006792606203928832
0.58,85,0.0009047688484279228
0.58,86,-0.0029653434822073397
0.58,87,0.0028272627255151906
0.58,88,0.0009659658286809519
0.58,89,0.002798737327549084
0.58,90,0.0013649203122833783
0.58,91,-0.00279141840546761
0.58,92,0.00015227163158556785
0.58,93,0.0026011075381656714
0.58,94,0.002732827243147783
0.58,95,-0.001212347941567349
0.58,96,-0.0017983545125270582
0.58,97,0.0008333800957216631
0.58,98,0.0015043607202677093
0.58,99,-0.00042802465881851373
0.58,100,9.945893418876237e-5
0.58,101,-0.0015707706519526362
0.58,102,0.0015659568350393956
0.58,103,0.00012774892309892852
0.58,104,0.0016077431278562788
0.58,105,-0.001505979371194202
0.58,106,0.0013800839415593301
0.58,107,0.0009716619029641136
0.58,108,-0.0007690420633905085
0.58,109,0.0008316326348757135
0.58,110,0.0005764548267498333
0.58,111,0.0008815827845920609
0.58,112,0.0013281873013883429
0.58,113,-0.001404834029291659
0.58,114,0.0006456471234429043
0.58,115,-0.0011158411376854397
0.58,116,0.00049049526869638
0.58,117,0.000604690820581958
0.58,118,0.0005574945591349896
0.58,119,-0.0017175361371453304
0.58,120,0.0007137461297157172
0.58,121,0.0004932866729552706
0.58,122,-1.011878748335992e-5
0.58,123,-0.0003812923390538965
0.58,124,-0.001076435013825054
0.58,125,0.0023734348443427
0.58,126,0.0002963890715490007
0.58,127,0.0003277351581306234
0.58,128,-0.0012664708926457074
0.58,129,0.0005398916273432597
0.58,130,0.001761995743021094
0.58,131,-0.0024959592407132
0.58,132,0.0014889065116853043
0.58,133,0.00023670040301107404
0.58,134,0.00029037207180030746
0.58,135,-5.9611261729945025e-5
0.58,136,-0.0002935077646987735
0.58,137,-0.0001768587180692628
0.58,138,-0.0005184418519725525
0.58,139,0.0006005517098234423
0.58,140,-0.0007085724953065402
0.58,141,0.0016628648257846993
0.58,142,-0.0017576216497600745
0.58,143,0.0010225798214301915
0.58,144,0.0005026048788670631
0.58,145,-0.0014871652446880892
0.58,146,0.0017005092271539408
0.58,147,-0.00035424505267821817
0.58,148,0.0010452115060824256
0.58,149,0.00036994470875324417
0.58,150,-0.0005855642581046427
0.58,151,0.00010853729796234313
0.58,152,0.0008767817764308113
0.58,153,0.0005564812493870437
0.58,154,0.001990899386905335
0.58,155,-0.001356631213814134
0.58,156,-3.2357409294248134e-5
0.58,157,0.0017397879615467986
0.58,158,0.0015879454779340583
0.58,159,-0.0006627252772719722
0.58,160,-3.922922963705359e-5
0.58,161,0.0022664101646262622
0.58,162,0.000558432752725489
0.58,163,-0.00015793932069461882
0.58,164,-0.00015737356841965427
0.58,165,-0.00041708035796395867
0.58,166,0.0019152012254651804
0.58,167,-0.0003045208412915015
0.58,168,0.001966572045232945
0.58,169,-0.0014266781569041952
0.58,170,-0.0007451716452935517
0.58,171,0.002451181493749208
0.58,172,-0.0008582500401101091
0.58,173,-0.0008776878966267941
0.58,174,0.001177168761754396
0.58,175,0.0008715558037645804
0.58,176,0.0025326496992025484
0.58,177,-0.0016897007948056628
0.58,178,-6.6223090859357e-5
0.58,179,-8.72128823501551e-5
0.58,180,0.001103173244399854
0.58,181,-0.0013984344439260654
0.58,182,0.002430232585654655
0.58,183,-0.0012330213606591095
0.58,184,-0.0003025384890084296
0.58,185,0.004110284138190141
0.58,186,0.0030107354750517107
0.58,187,0.014227468572660643
0.58,188,0.002277699009919265
0.58,189,0.0037695537806421283
0.58,190,0.05004713497366636
0.58,191,-0.027718429342673784
0.58,192,0.6216657205532292
0.58,193,-0.00014251222263424033
0.58,194,0.0007461261559728199
0.58,195,-0.0008538260038070616
0.58,196,-0.0002713646227009701
0.58,197,-2.0488878560730173e-5
0.58,198,0.0003859508187277444
0.59,intercept,0.005922036292159015
0.59,1,0.004950432236193251
0.59,2,-0.00012678310439930663
0.59,3,0.0004596941756384838
0.59,4,-0.0017860218035505224
0.59,5,-9.30464552598619e-5
0.59,6,0.0015989511913547464
0.59,7,2.5730000373023995e-5
0.59,8,-0.000378216617439294
0.59,9,0.0019270041274641327
0.59,10,-0.0007327008233718749
0.59,11,-0.0005159403259563326
0.59,12,0.000626992699943464
0.59,13,0.0015702657197409515
0.59,14,-0.0017460310860996982
0.59,15,0.0010424093960657804
0.59,16,0.00016663121935874624
0.59,17,-0.00011285507270115158
0.59,18,-0.0005204125160871127
0.59,19,0.0017304070184873687
0.59,20,0.001033929552699656
0.59,21,-0.00038429344822555705
0.59,22,0.0007629787140395887
0.59,23,-3.77746198501602e-5
0.59,24,-0.0007898704648999697
0.59,25,0.00036464126132842073
0.59,26,-6.266237748814887e-6
0.59,27,-0.0001386637928253728
0.59,28,-3.79269330328381e-5
0.59,29,0.00052142786547823
0.59,30,-0.0009345553993371671
0.59,31,0.0007213656261718148
0.59,32,-0.0010565082183380376
0.59,33,0.0007608090405244302
0.59,34,-0.0003197556792102472
0.59,35,0.0004341474907158619
0.59,36,-0.0002866693757762181
0.59,37,-0.0008203236922789471
0.59,38,0.0015162752036417928
0.59,39,-0.0008014014559013736
0.59,40,0.00023430457070495022
0.59,41,-0.00218746273606498
0.59,42,0.0004902556461305374
0.59,43,0.001830453698788234
0.59,44,-0.0005548179740748754
0.59,45,-0.001743856141570479
0.59,46,-0.0001256971170927044
0.59,47,0.0006988197380218539
0.59,48,0.0003573495311852907
0.59,49,7.691835320937218e-5
0.59,50,-0.0012460494005243725
0.59,51,0.0006171109666568019
0.59,52,7.342882569239177e-5
0.59,53,0.0015942758731490034
0.59,54,-0.0016245297902149755
0.59,55,-8.108871069909343e-6
0.59,56,0.0014262543328254502
0.59,57,-6.033559689898308e-5
0.59,58,0.0003229408178210353
0.59,59,-0.0012073386716622734
0.59,60,0.0026086173071862054
0.59,61,-0.0013755470835105537
0.59,62,0.0007297260882046452
0.59,63,0.001571131588227017
0.59,64,-0.0008656636195724373
0.59,65,0.0017993604756663655
0.59,66,0.0008571477981207496
0.59,67,0.00022761475502495294
0.59,68,0.0006391891338273888
0.59,69,0.00026318600059684766
0.59,70,-0.0005601229423739417
0.59,71,-0.0010632900410249312
0.59,72,0.0010190688045422413
0.59,73,-0.001115279867832491
0.59,74,0.0003794154887902876
0.59,75,0.00021473347808102555
0.59,76,-0.0008417654895074866
0.59,77,0.000980151009023784
0.59,78,-0.0001817587447472006
0.59,79,0.0004528247664067399
0.59,80,-0.00034209870780436806
0.59,81,0.0003907310685995258
0.59,82,0.0014634947049810164
0.59,83,-0.001172757133162056
0.59,84,0.0012057030673460743
0.59,85,0.0008239164820842404
0.59,86,-0.0031764447374347787
0.59,87,0.002587764349231327
0.59,88,0.0010841023089155789
0.59,89,0.0026680627498378395
0.59,90,0.0017540250099155595
0.59,91,-0.0030432242482946125
0.59,92,-2.3482740885872546e-5
0.59,93,0.0028825733432531015
0.59,94,0.0026807477603994945
0.59,95,-0.001159924449451014
0.59,96,-0.0017292232383233264
0.59,97,0.000482940263277976
0.59,98,0.002223984582261991
0.59,99,-0.0009879035618662849
0.59,100,0.0005158376420104791
0.59,101,-0.0018596823290012137
0.59,102,0.0016419237763200623
0.59,103,0.0003831180059968256
0.59,104,0.0015584798639308695
0.59,105,-0.0014262311093461355
0.59,106,0.0013460235363144603
0.59,107,0.0016365004516031897
0.59,108,-0.0009700655616381071
0.59,109,0.0006293562227843085
0.59,110,0.000796678843331733
0.59,111,0.0011758131493350627
0.59,112,0.0012319921927434786
0.59,113,-0.001243849058219147
0.59,114,0.00031498397612376506
0.59,115,-0.0012003516720957704
0.59,116,0.0004362032685630245
0.59,117,0.000580432502520991
0.59,118,0.000749164520062671
0.59,119,-0.0020285658375675713
0.59,120,0.000605211978797315
0.59,121,0.0007068355920352755
0.59,122,-0.00010253053526666526
0.59,123,-0.00033225054583332084
0.59,124,-0.0010842723224236594
0.59,125,0.0023384903363531818
0.59,126,0.00028007825658938034
0.59,127,0.00029097977971272995
0.59,128,-0.0011397112454756288
0.59,129,0.0005302302188426376
0.59,130,0.001598911797961092
0.59,131,-0.0024680307192459523
0.59,132,0.001551066331066767
0.59,133,0.00023409623242856773
0.59,134,0.0003509854976913728
0.59,135,-5.887907642381768e-5
0.59,136,-0.00016299058821443355
0.59,137,-0.0002812439715391504
0.59,138,-0.0007111955152466709
0.59,139,0.0006052342500494466
0.59,140,-0.0005882738210734724
0.59,141,0.0013906282153287436
0.59,142,-0.0016882135277905958
0.59,143,0.0013452083719641447
0.59,144,0.0005021966106133474
0.59,145,-0.0015169520393326665
0.59,146,0.0016992204787991837
0.59,147,-0.0002191464856467898
0.59,148,0.0009132861299978672
0.59,149,0.000284082319886092
0.59,150,-0.00046915648205003425
0.59,151,5.8967900165828616e-5
0.59,152,0.000909314023998396
0.59,153,0.00030599829920724343
0.59,154,0.002049003536104725
0.59,155,-0.0015637716761412635
0.59,156,0.00010593295895634254
0.59,157,0.0018955883478238816
0.59,158,0.0014363037904813797
0.59,159,-0.0007079377801249251
0.59,160,-0.000150945882902476
0.59,161,0.0021486322190718663
0.59,162,0.0006409957242761978
0.59,163,-0.00024475498520786984
0.59,164,-0.000370159271958257
0.59,165,-0.0004082431763408161
0.59,166,0.0023264068843311353
0.59,167,-0.00066427000230592
0.59,168,0.002392878719695153
0.59,169,-0.0017699697663717561
0.59,170,-0.0006514200512140475
0.59,171,0.00243545442249339
0.59,172,-0.000910400410762685
0.59,173,-0.0011220193317801734
0.59,174,0.0009009050551486952
0.59,175,0.0009748972374451833
0.59,176,0.0026039218478730564
0.59,177,-0.0011336296266492595
0.59,178,-0.00022338139866915962
0.59,179,-0.0005748453017227973
0.59,180,0.0015145733275775525
0.59,181,-0.0016381947815479667
0.59,182,0.0028117206808630107
0.59,183,-0.0018787792937980312
0.59,184,-0.00019067727252504554
0.59,185,0.003653525123575529
0.59,186,0.003352395807890722
0.59,187,0.014632420164252879
0.59,188,0.0031473952979700175
0.59,189,0.0024122239521803244
0.59,190,0.053635924741057245
0.59,191,-0.02685997264966565
0.59,192,0.6308069355885642
0.59,193,-0.0002778405676032924
0.59,194,0.0010818883175249994
0.59,195,-0.0008158589014302171
0.59,196,-0.0002742348335381188
0.59,197,-2.2850927554441715e-5
0.59,198,0.00036285546886947106
0.6,intercept,0.005762787606422129
0.6,1,0.004835361869676156
0.6,2,-0.0004891304439535257
0.6,3,0.0010182723219061612
0.6,4,-0.0016102696713721765
0.6,5,-0.00024315931598731797
0.6,6,0.0015480021209049333
0.6,7,-0.0003193428655481352
0.6,8,0.00021598606574931722
0.6,9,0.001977961579932586
0.6,10,-0.0011786235666615297
0.6,11,4.8251872293293664e-5
0.6,12,-0.00011230024443983928
0.6,13,0.0021824714354035384
0.6,14,-0.0019278982823208934
0.6,15,0.0014146887055991844
0.6,16,-9.20243453040306e-5
0.6,17,2.9032045769410915e-5
0.6,18,-0.0006718913387151552
0.6,19,0.0017334992835676699
0.6,20,0.0008021805594541783
0.6,21,-0.0005850683382731971
0.6,22,0.0013628900093434386
0.6,23,-0.0005055268211293557
0.6,24,-0.0007482077374503625
0.6,25,0.0003265995805109323
0.6,26,0.00011531036218042644
0.6,27,-0.0004981002536957911
0.6,28,0.00019272233641827216
0.6,29,0.0008437709988660636
0.6,30,-0.00113745785611436
0.6,31,0.0007225682033186114
0.6,32,-0.0010719224625848414
0.6,33,0.0008289008665394562
0.6,34,-0.0003154968750883409
0.6,35,0.0003650715034258944
0.6,36,-0.00027163781697240826
0.6,37,-0.0008280010730641503
0.6,38,0.0012780142034875504
0.6,39,-0.00042233460673620117
0.6,40,-0.00021059672893083492
0.6,41,-0.0019420065726797268
0.6,42,0.0003726907705201563
0.6,43,0.0018116083798228786
0.6,44,-0.0005492264314365525
0.6,45,-0.0018708362715180225
0.6,46,0.00010872567126742732
0.6,47,0.0005919914833255678
0.6,48,0.0004274976221181385
0.6,49,7.330075766245909e-5
0.6,50,-0.001088020559538756
0.6,51,0.000778134246274189
0.6,52,1.3416547333681175e-5
0.6,53,0.0014217967256854988
0.6,54,-0.001698211242762492
0.6,55,9.597486341853877e-5
0.6,56,0.001495995947740213
0.6,57,-0.0002442187422055406
0.6,58,0.0005036352452962148
0.6,59,-0.0014067627738636242
0.6,60,0.002889312244275548
0.6,61,-0.0014853674795978222
0.6,62,0.0010257700878158141
0.6,63,0.0016695205708275268
0.6,64,-0.0010649377663535056
0.6,65,0.0016972518067244083
0.6,66,0.0007379735097658878
0.6,67,0.0004926393270984183
0.6,68,0.0004191510731686206
0.6,69,0.0004138961331085654
0.6,70,-0.0005196708947676135
0.6,71,-0.0007667015383830569
0.6,72,0.0012678217755163316
0.6,73,-0.001231615361230724
0.6,74,8.613738976194157e-5
0.6,75,0.0006500572986930061
0.6,76,-0.000851019212571036
0.6,77,0.000694743203572594
0.6,78,-0.00035769291435972027
0.6,79,0.0006578336750904806
0.6,80,-0.0004329478185363354
0.6,81,0.0005033148291948428
0.6,82,0.0013059720072547635
0.6,83,-0.0015144076575549822
0.6,84,0.0013180466201888614
0.6,85,0.0009105110843065528
0.6,86,-0.00299022923567002
0.6,87,0.0030143979550165166
0.6,88,0.0007041596629097167
0.6,89,0.0023891805798321717
0.6,90,0.0020772863350280203
0.6,91,-0.003028037909106108
0.6,92,-0.0001908337516730394
0.6,93,0.0025661114810711433
0.6,94,0.0027648334476093254
0.6,95,-0.000684959591713297
0.6,96,-0.002033552838264548
0.6,97,0.0007394654547512263
0.6,98,0.001954301389949264
0.6,99,-0.0014828468908793103
0.6,100,0.0008434326124957543
0.6,101,-0.0020879610677867724
0.6,102,0.0015756768955994189
0.6,103,0.0005440410593889963
0.6,104,0.001505715874673972
0.6,105,-0.0015661117776466643
0.6,106,0.001475262019272596
0.6,107,0.0015275366073620523
0.6,108,-0.0011355643456181627
0.6,109,0.0006848852991743594
0.6,110,0.00037525463851813094
0.6,111,0.0015897156128664891
0.6,112,0.0009556235126303425
0.6,113,-0.0008398870172842495
0.6,114,0.00017067071286735677
0.6,115,-0.0009193835342307208
0.6,116,0.000283583765814915
0.6,117,0.0008278947748806125
0.6,118,0.0007497305668283116
0.6,119,-0.0020408511044607267
0.6,120,0.0007196268016732262
0.6,121,0.0005877761440241604
0.6,122,0.0001429490401366903
0.6,123,-0.0005397830988664218
0.6,124,-0.0007816404834550102
0.6,125,0.002406300418388608
0.6,126,0.0003741980151987669
0.6,127,-0.0001783774882918876
0.6,128,-0.0007897983104955204
0.6,129,0.00021011738872338837
0.6,130,0.001723743127801189
0.6,131,-0.0025302383370907184
0.6,132,0.0015553010157639139
0.6,133,9.901136877211594e-5
0.6,134,0.00045257937093672257
0.6,135,-0.00011144212262739577
0.6,136,-0.0002541315820438954
0.6,137,-0.0003400897687232631
0.6,138,-0.0008102302291520403
0.6,139,0.0007311883599939167
0.6,140,-0.0003914065679155504
0.6,141,0.0012278623453986332
0.6,142,-0.0016069512069037328
0.6,143,0.0011037175579676852
0.6,144,0.0008506157549948927
0.6,145,-0.0015688223852071597
0.6,146,0.0017262275218066872
0.6,147,-0.00042409171857367607
0.6,148,0.0010486892591808458
0.6,149,0.000151266287707678
0.6,150,-0.0006125657292205727
0.6,151,0.00016930996488254545
0.6,152,0.0009045140077523379
0.6,153,0.0002496806256913541
0.6,154,0.0020407910048348427
0.6,155,-0.0013581262802166666
0.6,156,-0.00017191540406288254
0.6,157,0.001750325617001179
0.6,158,0.00145470606389318
0.6,159,-0.0006582504224749277
0.6,160,4.611958070701668e-5
0.6,161,0.0019888897310634925
0.6,162,0.000655711648300132
0.6,163,-0.00034268845861950707
0.6,164,-5.628348651222808e-5
0.6,165,-0.0005138033166962656
0.6,166,0.0019262430116195853
0.6,167,-0.0005117139649217092
0.6,168,0.0026511917339601173
0.6,169,-0.002225969084303972
0.6,170,-0.00026715157512224353
0.6,171,0.0018940263525092185
0.6,172,-0.0005419374604040676
0.6,173,-0.0013513216269783915
0.6,174,0.0010170588604017895
0.6,175,0.0011081150212117607
0.6,176,0.002358262803717364
0.6,177,-0.0012189067338873876
0.6,178,-0.0004007271102101944
0.6,179,-0.0007107096537699497
0.6,180,0.0015098937582596016
0.6,181,-0.0015970296901510815
0.6,182,0.0033372110765172674
0.6,183,-0.002241281067924693
0.6,184,-0.00020853037675917332
0.6,185,0.003736121232021645
0.6,186,0.002926988153699564
0.6,187,0.015914570046563294
0.6,188,0.0027066393551068526
0.6,189,0.004573939775914199
0.6,190,0.05620423512978745
0.6,191,-0.029904259154141438
0.6,192,0.6460558893159661
0.6,193,-0.0002540066226377007
0.6,194,0.0009426465000357412
0.6,195,-0.0007876344000003168
0.6,196,-0.00034730216450183817
0.6,197,-1.1201580810690196e-5
0.6,198,0.0003350961312805195
0.61,intercept,0.005575392599948201
0.61,1,0.004836055301348488
0.61,2,-0.0005048781913287966
0.61,3,0.000881451747132578
0.61,4,-0.0014450080580057725
0.61,5,-0.00022223655653555414
0.61,6,0.001462638295021403
0.61,7,-0.0001412189399044986
0.61,8,0.0003348155401030448
0.61,9,0.0018817608520301711
0.61,10,-0.0012431517893533985
0.61,11,-0.0001376773779039918
0.61,12,0.00023306917880482593
0.61,13,0.0018995675503065397
0.61,14,-0.002080231978283112
0.61,15,0.001820832036944875
0.61,16,-0.00029384559468221487
0.61,17,-0.0001989357767395466
0.61,18,-0.00043076997852615486
0.61,19,0.0017375699758759426
0.61,20,0.0009619179664959143
0.61,21,-0.0005626100565856806
0.61,22,0.0012486550894529205
0.61,23,-0.000651003484390672
0.61,24,-0.0009169187134654815
0.61,25,0.0006388350717063017
0.61,26,6.420633431112132e-5
0.61,27,-0.0006561525234096923
0.61,28,0.0004102361606514481
0.61,29,0.0007579766863461871
0.61,30,-0.0011774617887919732
0.61,31,0.0005257713438620592
0.61,32,-0.0010735986563911654
0.61,33,0.0005935418620599239
0.61,34,-0.00016603699647002267
0.61,35,0.0004149432794944052
0.61,36,-0.00043008591877591155
0.61,37,-0.0007852151793348536
0.61,38,0.0015307171378157946
0.61,39,-0.0005203698398614529
0.61,40,-0.00010355357634243769
0.61,41,-0.0019026319481626366
0.61,42,0.0005199273859099307
0.61,43,0.0017242476143949181
0.61,44,-0.0005647163106907939
0.61,45,-0.001846752858511613
0.61,46,-9.804775896033901e-5
0.61,47,0.000777256848147455
0.61,48,0.0003333933074397495
0.61,49,2.230907487063776e-5
0.61,50,-0.0008235448702419291
0.61,51,0.000510678495931349
0.61,52,0.00040253425082319177
0.61,53,0.0012244695202978807
0.61,54,-0.0017267384026100605
0.61,55,-3.935992139727428e-5
0.61,56,0.001656748357235509
0.61,57,-0.00031698389558244914
0.61,58,0.00030746474293586335
0.61,59,-0.0013409744634806358
0.61,60,0.003020637794056676
0.61,61,-0.001835745728131101
0.61,62,0.00132253637742369
0.61,63,0.001531597204451791
0.61,64,-0.0008376586487546539
0.61,65,0.0016312524087177683
0.61,66,0.0004658862862457292
0.61,67,0.0006783456744391835
0.61,68,0.00020731681209956368
0.61,69,0.0010327461228300159
0.61,70,-0.0007143853569890919
0.61,71,-0.0006191487203144241
0.61,72,0.001274756905555176
0.61,73,-0.0011385818840773884
0.61,74,7.43239063537326e-5
0.61,75,0.0005377707383525682
0.61,76,-0.0009747855160924506
0.61,77,0.000985156373918984
0.61,78,-0.00045635529615710083
0.61,79,0.0004484579207872015
0.61,80,-0.000543808895583503
0.61,81,0.0008479165225848571
0.61,82,0.0009715386409655957
0.61,83,-0.001679809263933061
0.61,84,0.0016562998701494585
0.61,85,0.00035239367605700465
0.61,86,-0.0024243432264726282
0.61,87,0.0029346624119128534
0.61,88,0.0007859715595757864
0.61,89,0.0027091110397539247
0.61,90,0.0018947728093222022
0.61,91,-0.0030432694846412476
0.61,92,4.874339640923385e-5
0.61,93,0.0028615397254124937
0.61,94,0.0024212791821497516
0.61,95,-0.0006490720921860266
0.61,96,-0.0021354564819016943
0.61,97,0.0005602886295664397
0.61,98,0.0020028412893769924
0.61,99,-0.0017065912069943808
0.61,100,0.0009932750732401078
0.61,101,-0.0017520797610978097
0.61,102,0.0014383179823345073
0.61,103,0.00118229250359872
0.61,104,0.0016048334284644702
0.61,105,-0.0015563071572271751
0.61,106,0.001337858595108035
0.61,107,0.0015759471273629954
0.61,108,-0.0012726068475452975
0.61,109,0.0006546902167116814
0.61,110,0.000368499732998739
0.61,111,0.0014465156432935961
0.61,112,0.0012128348832086413
0.61,113,-0.0011643582375924844
0.61,114,0.0005085189073703295
0.61,115,-0.0012088359302166623
0.61,116,0.0004269624666416678
0.61,117,0.0006065674637650209
0.61,118,0.0005478557540119301
0.61,119,-0.0020208906928838102
0.61,120,0.0006193288943165586
0.61,121,0.0006630897517124406
0.61,122,0.00011415681194161916
0.61,123,-0.0005727009846907237
0.61,124,-0.0007163115092596013
0.61,125,0.0023501454116094497
0.61,126,0.0003641926044466304
0.61,127,-0.0002109044280211627
0.61,128,-0.0003807850925699665
0.61,129,0.0001756284794059062
0.61,130,0.0015959716780273683
0.61,131,-0.002715057105175144
0.61,132,0.0016894660357449109
0.61,133,0.0001586365789356972
0.61,134,0.0002938464222328138
0.61,135,-0.00015125412699555196
0.61,136,0.00038653377496947194
0.61,137,-0.0007568918470501798
0.61,138,-0.0006370446062445746
0.61,139,0.0005918098106866295
0.61,140,-0.0004122055326719248
0.61,141,0.0012640356364601215
0.61,142,-0.0017905331244745964
0.61,143,0.0011873118463118677
0.61,144,0.0006711189575980535
0.61,145,-0.0014373506790761872
0.61,146,0.0016348531731675176
0.61,147,-0.00010993560284763978
0.61,148,0.0009193149362124363
0.61,149,-1.4248830274087517e-5
0.61,150,-0.0004591361764123273
0.61,151,0.000220701230589956
0.61,152,0.0008283151715822815
0.61,153,0.00012879580738267977
0.61,154,0.0022856885525365817
0.61,155,-0.001574742355294949
0.61,156,-0.00019517475398717646
0.61,157,0.0019470545308540937
0.61,158,0.0013151339826327874
0.61,159,-0.00047380175685446814
0.61,160,-8.579178780095572e-5
0.61,161,0.0019616500679717663
0.61,162,0.0008762725526040024
0.61,163,-0.0007535551724164009
0.61,164,2.4194658628997003e-5
0.61,165,-0.0005697687938617134
0.61,166,0.001920692132979574
0.61,167,-0.0003576591189502037
0.61,168,0.0027151387350145416
0.61,169,-0.00206928317155698
0.61,170,-0.0002460914948547572
0.61,171,0.001783007021065704
0.61,172,-0.0005289145157112578
0.61,173,-0.0013123826042209534
0.61,174,0.00125409494162621
0.61,175,0.0010871963758163049
0.61,176,0.0021073944633741015
0.61,177,-0.0013565994551546154
0.61,178,-0.0006396429527894369
0.61,179,-0.0006128356763875039
0.61,180,0.00100546639420188
0.61,181,-0.0016888260194228917
0.61,182,0.0035793775852248936
0.61,183,-0.002210472678440512
0.61,184,-2.1043366674278254e-6
0.61,185,0.003975565163144122
0.61,186,0.00260208534351158
0.61,187,0.016227482373447594
0.61,188,0.0019112760161090457
0.61,189,0.004811834091179788
0.61,190,0.06057346704653767
0.61,191,-0.0298779497143017
0.61,192,0.6588553618663779
0.61,193,-0.00048086132198762603
0.61,194,0.0011899213794288625
0.61,195,-0.0007285783397904506
0.61,196,-0.00039312487001496877
0.61,197,-2.4524261360250876e-5
0.61,198,0.00030833093190240247
0.62,intercept,0.005478346845187986
0.62,1,0.004930361996760472
0.62,2,-0.0007154290901780767
0.62,3,0.0004932709219264032
0.62,4,-0.0011746104887027497
0.62,5,-0.0005138013795195649
0.62,6,0.0015448295054034187
0.62,7,0.00013340246557545077
0.62,8,0.0005465850439846695
0.62,9,0.0018005987331682239
0.62,10,-0.0006954713879685872
0.62,11,-0.0005243310049991334
0.62,12,0.000154600672318208
0.62,13,0.0015626050516716688
0.62,14,-0.0017161629798986458
0.62,15,0.0012213602344036745
0.62,16,0.00010123198298740693
0.62,17,-0.0001738322711483857
0.62,18,-0.000375580999390276
0.62,19,0.0015012414910664821
0.62,20,0.0010702205192242276
0.62,21,-0.0005692622118276806
0.62,22,0.001166987483144866
0.62,23,-0.0006449701515673637
0.62,24,-0.0007499621257609502
0.62,25,0.0006614685681573137
0.62,26,-6.182169536429324e-5
0.62,27,-0.00045541036142349286
0.62,28,0.00021010949833317138
0.62,29,0.0009773980030710735
0.62,30,-0.001267680609113405
0.62,31,0.0005573390688145041
0.62,32,-0.001271283704196209
0.62,33,0.0006962319060314944
0.62,34,-0.0003006143225647372
0.62,35,0.0004892923514906803
0.62,36,-0.00013613692747007578
0.62,37,-0.000731050475000592
0.62,38,0.0015710518481295626
0.62,39,-0.0005067743324110138
0.62,40,-9.835482172898503e-6
0.62,41,-0.0018895055300592678
0.62,42,0.0008247178221532194
0.62,43,0.001535307573836938
0.62,44,-0.0005233879775822064
0.62,45,-0.0019354656757274143
0.62,46,-7.362212470643034e-5
0.62,47,0.0010164714932197857
0.62,48,0.0003341323532317918
0.62,49,6.600229442436054e-6
0.62,50,-0.0009236632255285468
0.62,51,0.0006285726075394414
0.62,52,0.0002589254480337033
0.62,53,0.0010151533510892494
0.62,54,-0.0014940585300820106
0.62,55,-0.0004255813822239974
0.62,56,0.0018743735350883115
0.62,57,-0.0006937313150947589
0.62,58,0.0004433378019979957
0.62,59,-0.001576583686141861
0.62,60,0.0031358487531959597
0.62,61,-0.0018214145226413067
0.62,62,0.0013418952196279144
0.62,63,0.0017392949321496007
0.62,64,-0.001065431536916678
0.62,65,0.001654267898607759
0.62,66,0.0005889915547364335
0.62,67,0.0004256001624030657
0.62,68,0.0002739273025719749
0.62,69,0.0006629739373944076
0.62,70,-0.00019737049147730855
0.62,71,-0.0005474863971174373
0.62,72,0.0011092294314908378
0.62,73,-0.0010590907008606399
0.62,74,0.00012161887396504083
0.62,75,0.0005462214264885104
0.62,76,-0.0011049403625957345
0.62,77,0.0008668400394119359
0.62,78,-0.000324075996019397
0.62,79,0.000607467976924015
0.62,80,-0.0004497647995980579
0.62,81,0.0006892892441958559
0.62,82,0.0008707890185357962
0.62,83,-0.0017197187556781
0.62,84,0.0018074237482616007
0.62,85,0.00013228235121170754
0.62,86,-0.002199117516229293
0.62,87,0.0028968270175687622
0.62,88,0.0007548571739464465
0.62,89,0.002694553269272757
0.62,90,0.001658422873639007
0.62,91,-0.0034583165775747774
0.62,92,0.0009076657835636095
0.62,93,0.002553926460807945
0.62,94,0.0028350368568055557
0.62,95,-0.0005012812899296569
0.62,96,-0.001888738040353568
0.62,97,0.0006512496750837229
0.62,98,0.0014081375882460368
0.62,99,-0.0015709812985386967
0.62,100,0.0012950221745110673
0.62,101,-0.0016558551623830147
0.62,102,0.0010634064294608775
0.62,103,0.0012018339707073878
0.62,104,0.0016432876990053206
0.62,105,-0.0018493684614875265
0.62,106,0.0013489831511030329
0.62,107,0.0015729872839656195
0.62,108,-0.0013536216544840273
0.62,109,0.0004659110218811373
0.62,110,0.0005007416074139685
0.62,111,0.0014886340130050783
0.62,112,0.0011396348623263887
0.62,113,-0.0011376325657518936
0.62,114,0.0005592951917184233
0.62,115,-0.0010290179489000938
0.62,116,0.0001561837358300343
0.62,117,0.0006497067708505972
0.62,118,0.00043523561700023716
0.62,119,-0.002065313695423944
0.62,120,0.0004700512664360932
0.62,121,0.0007436511763742754
0.62,122,0.00026503451835501845
0.62,123,-0.0005713775807106268
0.62,124,-0.0005275824777775833
0.62,125,0.0022824556120701936
0.62,126,0.00043162780464869286
0.62,127,-0.00021302555953179285
0.62,128,-0.000552132771439728
0.62,129,8.740817478166896e-6
0.62,130,0.0017015723885828553
0.62,131,-0.002647154948820758
0.62,132,0.0013265394281839163
0.62,133,0.00024293820811055214
0.62,134,0.0005753123392993713
0.62,135,-0.0004873362040338638
0.62,136,0.0007894929711609759
0.62,137,-0.0009591676409313321
0.62,138,-0.000529725820158518
0.62,139,0.0005173287255256861
0.62,140,-0.0005215135682433459
0.62,141,0.001325397069876625
0.62,142,-0.0016477717991555622
0.62,143,0.0012357981871862185
0.62,144,0.000704699294825085
0.62,145,-0.0015866505193577547
0.62,146,0.001731581785873872
0.62,147,-0.00023993677740038671
0.62,148,0.0008948838971337322
0.62,149,0.00016113408965433098
0.62,150,-0.0007840332128273054
0.62,151,8.316994494126642e-5
0.62,152,0.0009655672931609308
0.62,153,0.00027822044556943153
0.62,154,0.0024849632885529547
0.62,155,-0.001827156477678889
0.62,156,0.00010237060195999015
0.62,157,0.001914235343758219
0.62,158,0.001511368811737013
0.62,159,-0.0008584128388657825
0.62,160,0.00020535614004579944
0.62,161,0.0015923773537937253
0.62,162,0.0010052332789861186
0.62,163,-0.00032441744050738314
0.62,164,-0.00026201472439906013
0.62,165,-0.0008306509437055648
0.62,166,0.00200280915089021
0.62,167,-0.0004962446153169138
0.62,168,0.0029637810240703334
0.62,169,-0.0021521525666836315
0.62,170,-7.98206445297215e-5
0.62,171,0.0014431898902596647
0.62,172,-0.0005610654390007733
0.62,173,-0.0008042314782290533
0.62,174,0.0013224012086333256
0.62,175,0.0009527568459746849
0.62,176,0.0021725402443166135
0.62,177,-0.00163724971849652
0.62,178,-0.0007796038670133956
0.62,179,-7.273771114146741e-5
0.62,180,0.0006510177894746897
0.62,181,-0.0014628869148836717
0.62,182,0.0031938257144785488
0.62,183,-0.00247612440569256
0.62,184,-7.586640475708558e-5
0.62,185,0.004697997602392558
0.62,186,0.0025164823931111977
0.62,187,0.01691633878250836
0.62,188,0.001172124800038088
0.62,189,0.006332827826223717
0.62,190,0.062175553909519884
0.62,191,-0.03203667035178805
0.62,192,0.6716529951706441
0.62,193,-0.0007061914170589645
0.62,194,0.0015401972735478585
0.62,195,-0.0007478735347390369
0.62,196,-0.00045948107639132835
0.62,197,-3.3468573067972456e-5
0.62,198,0.0002778486827079803
0.63,intercept,0.0053636528769681535
0.63,1,0.004711957162271091
0.63,2,-0.00017010400288866486
0.63,3,0.00015716314860844222
0.63,4,-0.0010960035320158427
0.63,5,-0.0005780993103966058
0.63,6,0.0017517830226522573
0.63,7,0.00011763988101144898
0.63,8,0.0005623672788781514
0.63,9,0.0019765800924846527
0.63,10,-0.0012244128418613274
0.63,11,-0.00045931695329656455
0.63,12,0.0002282231004215479
0.63,13,0.0017245020176728126
0.63,14,-0.0017340030754658888
0.63,15,0.0014751676682637782
0.63,16,0.00020109118044195874
0.63,17,-0.00042572670715924194
0.63,18,-0.00020004115656198932
0.63,19,0.0012704090489537615
0.63,20,0.0013240057301099708
0.63,21,-0.0007416259871682436
0.63,22,0.0010771174955331775
0.63,23,-0.0009558552387822758
0.63,24,-0.000916537172982448
0.63,25,0.001007761373474125
0.63,26,0.00011574431731905904
0.63,27,-0.0007453786589040874
0.63,28,0.00047445614385172594
0.63,29,0.0009525731557102939
0.63,30,-0.00120984371447719
0.63,31,0.0004527385487240882
0.63,32,-0.0014241669270658357
0.63,33,0.000502266199724193
0.63,34,-0.00017811412982784368
0.63,35,0.0007271547440461159
0.63,36,-0.00033787359610175854
0.63,37,-0.0005964795525160793
0.63,38,0.001537515106219311
0.63,39,-0.00032544414721326375
0.63,40,0.00018396492718640898
0.63,41,-0.002051795098307559
0.63,42,0.0009703456272896991
0.63,43,0.0013798522170053297
0.63,44,-0.0002554125475917601
0.63,45,-0.002208636237112763
0.63,46,1.6618083844582846e-5
0.63,47,0.0007545829200404224
0.63,48,0.0006195270330759025
0.63,49,0.00015001944734641882
0.63,50,-0.0009482539532905143
0.63,51,0.0005599294273623488
0.63,52,0.0003766936096517236
0.63,53,0.0010112989337413326
0.63,54,-0.0011321440132054526
0.63,55,-0.000761615879959306
0.63,56,0.002397832041272275
0.63,57,-0.0010516222084774789
0.63,58,0.0005345410496592567
0.63,59,-0.0017722188577616474
0.63,60,0.003421295866426091
0.63,61,-0.0018076542713922929
0.63,62,0.0010782116998762767
0.63,63,0.0019343713545464413
0.63,64,-0.0013446624993587936
0.63,65,0.0013407638959593959
0.63,66,0.0010289403239557523
0.63,67,0.00018280266172889355
0.63,68,7.787074770453235e-5
0.63,69,0.0006212042830300976
0.63,70,-0.0005369314541704187
0.63,71,-0.0001823196765160828
0.63,72,0.0009679569687787224
0.63,73,-0.00046889250275460764
0.63,74,0.000424114990056744
0.63,75,0.00032529087898310207
0.63,76,-0.0009604827207121288
0.63,77,0.0007528191619892746
0.63,78,-0.00012641671642422996
0.63,79,0.0008082118916170705
0.63,80,-0.0007998488115893691
0.63,81,0.0005911997437599755
0.63,82,0.001270801296602086
0.63,83,-0.0018342556836811628
0.63,84,0.0017717734882639787
0.63,85,0.0001871528340369657
0.63,86,-0.002314885073888789
0.63,87,0.002665538073632943
0.63,88,0.0008571111877736812
0.63,89,0.0025829321843914175
0.63,90,0.0018424809266951495
0.63,91,-0.0037764118444852
0.63,92,0.0006785997928240691
0.63,93,0.002822230871919813
0.63,94,0.0033003048153289146
0.63,95,-0.0008046228469479848
0.63,96,-0.0019559340074633475
0.63,97,0.0004505624399991424
0.63,98,0.0016062885393864548
0.63,99,-0.0012763084346088084
0.63,100,0.0009472333534491683
0.63,101,-0.0013897696121303264
0.63,102,0.0006581679693323582
0.63,103,0.0013478635556502308
0.63,104,0.0014005005613258728
0.63,105,-0.0017124843228049655
0.63,106,0.0017660644026366635
0.63,107,0.0016680455892667
0.63,108,-0.0013638270880757183
0.63,109,0.00025626406504438695
0.63,110,0.0005319173893819916
0.63,111,0.0014784422475199205
0.63,112,0.0010868408425115726
0.63,113,-0.0010844654735360187
0.63,114,0.0008800013321908968
0.63,115,-0.001147849743838918
0.63,116,0.00038684885835866243
0.63,117,0.0006558308280470078
0.63,118,0.0004471816545117197
0.63,119,-0.002201390546362835
0.63,120,0.0003650838574196624
0.63,121,0.00013341444249603918
0.63,122,0.0008005797361253515
0.63,123,-0.0008283112607093367
0.63,124,-0.0005112743108017995
0.63,125,0.002319666002731958
0.63,126,0.00041771648006748896
0.63,127,6.318634785379346e-5
0.63,128,-0.0007440522628968061
0.63,129,0.00015489102074732095
0.63,130,0.0017395153620197556
0.63,131,-0.002755968005455787
0.63,132,0.0015408469857268266
0.63,133,0.00024363776133250805
0.63,134,0.0003821651213599988
0.63,135,-0.0005697640786212562
0.63,136,0.0011854323837530668
0.63,137,-0.0010739788717307284
0.63,138,-0.0007114931930390621
0.63,139,0.0006984199675802533
0.63,140,-0.0006751955145597384
0.63,141,0.0014578232252721874
0.63,142,-0.0018340234824817316
0.63,143,0.0012676131431509589
0.63,144,0.0006997055289161853
0.63,145,-0.0016396110024712164
0.63,146,0.0015809137001322419
0.63,147,-0.00015354520400367286
0.63,148,0.0011708682809098724
0.63,149,-8.149600326683446e-5
0.63,150,-0.0007328321401710134
0.63,151,2.264378004084322e-5
0.63,152,0.0012889145663154522
0.63,153,9.399309393271586e-5
0.63,154,0.002741773939357168
0.63,155,-0.0019380639397705115
0.63,156,-3.817340745066583e-5
0.63,157,0.0020937390034461104
0.63,158,0.0014869817163267966
0.63,159,-0.0008854594771206745
0.63,160,0.0002801516020115941
0.63,161,0.0014599441108293107
0.63,162,0.0009289130136936822
0.63,163,-0.00011970177254251409
0.63,164,-0.0003710351672294213
0.63,165,-0.0009334238408528096
0.63,166,0.001977573484861169
0.63,167,-0.0002839071815452495
0.63,168,0.0029488393620123103
0.63,169,-0.001989044315234978
0.63,170,-0.0001438660941052333
0.63,171,0.0014735339611472518
0.63,172,-0.0005319840949660758
0.63,173,-0.0010985591363007437
0.63,174,0.001343710092736866
0.63,175,0.0009286129282333168
0.63,176,0.00208849020280444
0.63,177,-0.0017382398352064757
0.63,178,-0.0010431332059254166
0.63,179,0.00043818246662193376
0.63,180,0.0005797773673773005
0.63,181,-0.0015755972729389848
0.63,182,0.002837688096509642
0.63,183,-0.0027334393540837487
0.63,184,-0.0005262232158148308
0.63,185,0.0047525685639608255
0.63,186,0.0027541174117473003
0.63,187,0.018093446951390917
0.63,188,0.0019048688809703846
0.63,189,0.005587266000207516
0.63,190,0.0642244965182127
0.63,191,-0.033903523840287476
0.63,192,0.6845645604542402
0.63,193,-0.000532629460881833
0.63,194,0.001467712185621557
0.63,195,-0.0007495975825101691
0.63,196,-0.000525379775762179
0.63,197,-2.0693191956654144e-5
0.63,198,0.00023286841283458765
0.64,intercept,0.005241845791321333
0.64,1,0.005609344065520825
0.64,2,-0.0008250954297827058
0.64,3,0.000627020602921718
0.64,4,-0.0013153136065470054
0.64,5,-0.00041934316171620523
0.64,6,0.002005235808592719
0.64,7,1.3127146794319579e-5
0.64,8,0.0004558492291530157
0.64,9,0.0015734068522906973
0.64,10,-0.0011441529670047548
0.64,11,-0.00020014626906858288
0.64,12,9.641076611538701e-5
0.64,13,0.0012533005466415516
0.64,14,-0.0010735474479920525
0.64,15,0.0012272120290903988
0.64,16,0.00042670313982613256
0.64,17,-0.000754819434839581
0.64,18,-0.0002247779714880424
0.64,19,0.0012834452011430471
0.64,20,0.0014228484945712039
0.64,21,-0.0005890464762872114
0.64,22,0.0012804133885332392
0.64,23,-0.0010005176863503284
0.64,24,-0.0009088495456191677
0.64,25,0.0008729595745967035
0.64,26,0.0005088820181281888
0.64,27,-0.0010166751424051624
0.64,28,0.000500643409243139
0.64,29,0.0007299629276879049
0.64,30,-0.0012768678052846548
0.64,31,0.00021017183379911102
0.64,32,-0.0012660978513802685
0.64,33,0.000563589445712123
0.64,34,-0.00011259480510265182
0.64,35,0.0007315340236673047
0.64,36,7.716669451864709e-5
0.64,37,-0.0006319148078219554
0.64,38,0.0016849208834051061
0.64,39,-0.0004080960355150603
0.64,40,7.725103908260064e-5
0.64,41,-0.0020979586883079614
0.64,42,0.0007397349343671107
0.64,43,0.0014066119471963729
0.64,44,-0.00031379379366761246
0.64,45,-0.002084406932442502
0.64,46,0.00020902385870034154
0.64,47,0.0007183728534809827
0.64,48,0.0003594235999582655
0.64,49,0.0002454868538240522
0.64,50,-0.00035501554534574786
0.64,51,0.0003897557285880704
0.64,52,0.000472646709577865
0.64,53,0.0011248078710603818
0.64,54,-0.0012898722406820449
0.64,55,-0.0008224562374820789
0.64,56,0.0024283711080758698
0.64,57,-0.0014716048159409691
0.64,58,0.0006962346114064732
0.64,59,-0.0018847764174510701
0.64,60,0.0033247096022259674
0.64,61,-0.001819632467186624
0.64,62,0.001175151839014581
0.64,63,0.002045242703722787
0.64,64,-0.0015317282873846714
0.64,65,0.0014200190188662963
0.64,66,0.0006893292042073048
0.64,67,0.0004293483038350752
0.64,68,0.00016381469634675175
0.64,69,0.00029997076689872274
0.64,70,-0.00024119869733189677
0.64,71,-0.000514023842662761
0.64,72,0.0013395666784457153
0.64,73,-0.0003717626821564362
0.64,74,0.0007276096582819368
0.64,75,0.00032817209947004245
0.64,76,-0.0012606529424377766
0.64,77,0.0009451811967632322
0.64,78,-0.00048531787713155475
0.64,79,0.0010496855670935148
0.64,80,-0.001263996336736726
0.64,81,0.0004200016713291802
0.64,82,0.0011408432240152218
0.64,83,-0.0020560120515290456
0.64,84,0.0017816658461923545
0.64,85,3.840409172113974e-5
0.64,86,-0.0020164727147293257
0.64,87,0.002796545679976222
0.64,88,0.000329849903322207
0.64,89,0.0033219373362676392
0.64,90,0.001608228187499578
0.64,91,-0.003838993092526805
0.64,92,0.0002620749783340243
0.64,93,0.0034257526646743995
0.64,94,0.0030170798658075582
0.64,95,-0.0008096858386811254
0.64,96,-0.002508774941130128
0.64,97,0.0013832440841154512
0.64,98,0.0016916465763237387
0.64,99,-0.0014345179937885757
0.64,100,0.0009280494510006964
0.64,101,-0.0015566965446628955
0.64,102,0.0005179640631238624
0.64,103,0.0013061416112871644
0.64,104,0.0020613181548576934
0.64,105,-0.0020759487790842006
0.64,106,0.0018324722907870625
0.64,107,0.0013512252253069356
0.64,108,-0.001121697114768596
0.64,109,0.00026570732064995663
0.64,110,0.00033902817896737576
0.64,111,0.00155790732569386
0.64,112,0.0012809203533203932
0.64,113,-0.0010176610064477373
0.64,114,0.0004298076147276048
0.64,115,-0.0007212899079350497
0.64,116,7.627445142263912e-5
0.64,117,0.0011144809121095027
0.64,118,0.0001458292688621006
0.64,119,-0.002350543804590837
0.64,120,0.0005161523199334985
0.64,121,5.4668644370133436e-5
0.64,122,0.0008627873500699495
0.64,123,-0.0008458207648925328
0.64,124,-0.0005964166291983071
0.64,125,0.0024321918578147713
0.64,126,0.0004832734495471767
0.64,127,0.00020562787396200363
0.64,128,-0.0009365691307294672
0.64,129,0.00037364132087209113
0.64,130,0.0017690184788559432
0.64,131,-0.002828836449142323
0.64,132,0.0013941050856962902
0.64,133,0.0003249015521538446
0.64,134,0.0005516900472599048
0.64,135,-0.0007076274982142643
0.64,136,0.0011857613755611918
0.64,137,-0.001209282744838038
0.64,138,-0.0007573833518568391
0.64,139,0.0008076428733906862
0.64,140,-0.0009398209802694141
0.64,141,0.0014603140480922287
0.64,142,-0.001589892965892088
0.64,143,0.00116300457430104
0.64,144,0.0007927911078485096
0.64,145,-0.0016921722581519237
0.64,146,0.0011835973083706953
0.64,147,0.00045656869964800806
0.64,148,0.0010687641734814554
0.64,149,0.00029216955405601927
0.64,150,-0.0007126633670378421
0.64,151,-0.000256078451877339
0.64,152,0.001130704324147723
0.64,153,0.0002018848366332058
0.64,154,0.002560312438205544
0.64,155,-0.0019656611241738843
0.64,156,-1.8121929077849625e-5
0.64,157,0.001966703568096349
0.64,158,0.0017252407541012496
0.64,159,-0.0010956279715932128
0.64,160,0.00029163655736516526
0.64,161,0.001426507113750053
0.64,162,0.0010000054922070546
0.64,163,-0.000108871860181146
0.64,164,-0.0005356336886031724
0.64,165,-0.0006886982763460625
0.64,166,0.0018306574340999516
0.64,167,-0.00010411173279760518
0.64,168,0.0024809860630849796
0.64,169,-0.0016064066862999697
0.64,170,-0.00021060104729358112
0.64,171,0.0012544505279975537
0.64,172,-0.00040728692316732
0.64,173,-0.001069836602856455
0.64,174,0.0015621206738780343
0.64,175,0.0008794034576147752
0.64,176,0.0017284367772681098
0.64,177,-0.0018274484113899444
0.64,178,-0.0009607559936793242
0.64,179,0.0004913041538706053
0.64,180,0.000796766041531154
0.64,181,-0.002045560038996265
0.64,182,0.002887379934272394
0.64,183,-0.0028069263132523793
0.64,184,-0.0003644162479626636
0.64,185,0.005053904268924584
0.64,186,0.0028162210537003214
0.64,187,0.018679573374578977
0.64,188,0.0018499495892323645
0.64,189,0.005680154890831295
0.64,190,0.06880967599447953
0.64,191,-0.03559212499691065
0.64,192,0.6964866807993962
0.64,193,-0.0007050756867596975
0.64,194,0.0013874146914511368
0.64,195,-0.0007402290389674074
0.64,196,-0.0005290781921321456
0.64,197,-1.8761861318843456e-5
0.64,198,0.00019204210621617118
0.65,intercept,0.005187253845541773
0.65,1,0.005890800615323415
0.65,2,-0.0004283463976305196
0.65,3,0.0004409437765512787
0.65,4,-0.0015085764352940143
0.65,5,-0.00020704530476452334
0.65,6,0.0015112584145544527
0.65,7,-6.747644639992682e-5
0.65,8,0.0006816871351874304
0.65,9,0.0014824095999717418
0.65,10,-0.0010936724910631487
0.65,11,-4.5086550151838184e-5
0.65,12,0.000627412472306867
0.65,13,0.001266338084120191
0.65,14,-0.001364951501362893
0.65,15,0.0016529232321783015
0.65,16,0.0005286215423080764
0.65,17,-0.0008493473058656317
0.65,18,-0.0002665411269319667
0.65,19,0.0009319879789411521
0.65,20,0.0012487645799076658
0.65,21,-0.0005415064386438015
0.65,22,0.0012484850821331119
0.65,23,-0.0010231333350588115
0.65,24,-0.0010499272967443177
0.65,25,0.0012809268359408623
0.65,26,0.00042299883363799024
0.65,27,-0.001051877416489734
0.65,28,0.0007331309354870071
0.65,29,0.0009776409775713907
0.65,30,-0.0017438634273354554
0.65,31,0.0003162220242178898
0.65,32,-0.0013285075674135984
0.65,33,0.0008770172163529197
0.65,34,-0.00040867643951489243
0.65,35,0.0007045126195938996
0.65,36,0.00013955259065254227
0.65,37,-0.0005114230338958453
0.65,38,0.001545663870016984
0.65,39,-0.00043466167997434243
0.65,40,-0.0002026048076556533
0.65,41,-0.001874103070235571
0.65,42,0.0005359784819759831
0.65,43,0.0015289940835459045
0.65,44,4.482647733087158e-5
0.65,45,-0.0022459322706638763
0.65,46,0.0004997343384126096
0.65,47,0.0003572878151303609
0.65,48,0.0007999663587972827
0.65,49,-0.00025379265840069564
0.65,50,0.0002518087538329773
0.65,51,0.00019328046680008737
0.65,52,0.0003119503674597468
0.65,53,0.0016495001681788907
0.65,54,-0.0017293976032558415
0.65,55,-0.0006740244307270503
0.65,56,0.002258783722253
0.65,57,-0.0013570101070290133
0.65,58,0.0006719124476449296
0.65,59,-0.0018950818316943391
0.65,60,0.0031637861372572802
0.65,61,-0.0017711434276785534
0.65,62,0.0010195886659560237
0.65,63,0.002336342962196009
0.65,64,-0.001706258231721743
0.65,65,0.0014724145628569976
0.65,66,0.0007098571085520183
0.65,67,0.00034250695586409075
0.65,68,0.00033026954408441804
0.65,69,1.1828338930612516e-5
0.65,70,-0.00031452127360930297
0.65,71,-0.0005861501893225959
0.65,72,0.0011902618658391345
0.65,73,-0.0002408985463716523
0.65,74,0.0005401928739447355
0.65,75,0.00034553435854227984
0.65,76,-0.0012501667642535845
0.65,77,0.0010226730978271455
0.65,78,-0.0005526570859475214
0.65,79,0.0010304476714186213
0.65,80,-0.0015127825077856406
0.65,81,0.00026602098030851454
0.65,82,0.001252435659518094
0.65,83,-0.0022042359367477797
0.65,84,0.0022047638131576807
0.65,85,-0.00012554053258186885
0.65,86,-0.001808478119237595
0.65,87,0.0026698385284117726
0.65,88,0.0004505439300331215
0.65,89,0.0031922050667896333
0.65,90,0.0015431995195558817
0.65,91,-0.003850701159504189
0.65,92,0.00011811775433112023
0.65,93,0.0034125834518195165
0.65,94,0.0032213910817688427
0.65,95,-0.0011043895767180148
0.65,96,-0.0026607815372628697
0.65,97,0.0009488962330249411
0.65,98,0.0018841621895398539
0.65,99,-0.0017350276105388013
0.65,100,0.001490441173299802
0.65,101,-0.0018345637315815408
0.65,102,0.0005980594316618578
0.65,103,0.0015086248170601605
0.65,104,0.0017807145083004467
0.65,105,-0.0019367499629820756
0.65,106,0.001744962872386003
0.65,107,0.0015459954187660163
0.65,108,-0.0009413590173335474
0.65,109,0.0006974788723514227
0.65,110,0.00025233134161907825
0.65,111,0.001381073042220241
0.65,112,0.0012060510063694164
0.65,113,-0.0010271237148710391
0.65,114,8.138051678649767e-5
0.65,115,-0.00043412261578766956
0.65,116,0.0001647390334661067
0.65,117,0.0008904004479410908
0.65,118,0.00021811653343875473
0.65,119,-0.002641775707098954
0.65,120,0.0009008781911292842
0.65,121,-0.00023997264672688537
0.65,122,0.001037476869080471
0.65,123,-0.0010326685189731989
0.65,124,-0.0005266095462671542
0.65,125,0.002277164635099238
0.65,126,0.0005320091603003699
0.65,127,3.651637051678731e-5
0.65,128,-0.0005857597140084212
0.65,129,0.0002736671501806113
0.65,130,0.0018389250475386951
0.65,131,-0.002857535928052025
0.65,132,0.0012439325219175598
0.65,133,0.0003291075499212548
0.65,134,0.0005881919420196536
0.65,135,-0.00040504677839390196
0.65,136,0.0006320829177506754
0.65,137,-0.0008693237431630232
0.65,138,-0.00061446578784073
0.65,139,0.0005483515585072958
0.65,140,-0.0010194905803914613
0.65,141,0.0015988534106958121
0.65,142,-0.001647128770321543
0.65,143,0.0012520978014494185
0.65,144,0.0007465447439053776
0.65,145,-0.0016697096966658551
0.65,146,0.0014285080767717142
0.65,147,0.0004501310994279527
0.65,148,0.000875357937463522
0.65,149,0.00015093865879741526
0.65,150,-0.0003635922851921001
0.65,151,-0.00021812301032666885
0.65,152,0.0009643578953611925
0.65,153,0.00024842112034612377
0.65,154,0.0024001900762377583
0.65,155,-0.0020374614261699227
0.65,156,0.00024391957023734304
0.65,157,0.0016892234027262511
0.65,158,0.0019781107643174513
0.65,159,-0.001144825859509312
0.65,160,0.00043492643889243436
0.65,161,0.0014814237323708284
0.65,162,0.0010664157954755943
0.65,163,-0.00014934223239607643
0.65,164,-0.0002673693550793596
0.65,165,-0.0006786015834989449
0.65,166,0.0014245550784524994
0.65,167,-0.00033570936101282164
0.65,168,0.0023884084313622943
0.65,169,-0.0014901075921343633
0.65,170,0.00012493796825223874
0.65,171,0.0009263478657039864
0.65,172,-0.0007246957458155017
0.65,173,-0.0006423168337380747
0.65,174,0.0012583639261317062
0.65,175,0.0009268891916425873
0.65,176,0.0020606411113921978
0.65,177,-0.0019969247186753746
0.65,178,-0.0011310134637233672
0.65,179,0.0003192508785614892
0.65,180,0.0011336367523979158
0.65,181,-0.0019399207602500937
0.65,182,0.0022097767562547243
0.65,183,-0.002679929836886308
0.65,184,-0.0010430067235470584
0.65,185,0.005687270656743499
0.65,186,0.00296739025382373
0.65,187,0.019004963241561378
0.65,188,0.0021817203786372186
0.65,189,0.005987215807977465
0.65,190,0.07019729774546411
0.65,191,-0.036204697808013955
0.65,192,0.707815529533619
0.65,193,-0.0005168302438734746
0.65,194,0.0016497570306615436
0.65,195,-0.0007300885418653015
0.65,196,-0.0005771821792253714
0.65,197,-2.9429987120455775e-5
0.65,198,0.00017815821102250447
0.66,intercept,0.005135668701098011
0.66,1,0.0061134921288532925
0.66,2,-0.0007125901602185003
0.66,3,0.000427816657047249
0.66,4,-0.001422153867115646
0.66,5,-0.00012320053615680267
0.66,6,0.0019686330114872612
0.66,7,-0.00032020523373482284
0.66,8,0.0010988828002519225
0.66,9,0.0013083239469173556
0.66,10,-0.0014073909496374818
0.66,11,0.0003091413016416712
0.66,12,0.00033973124330855567
0.66,13,0.0012373153436903135
0.66,14,-0.0011377529764538853
0.66,15,0.0013414921566520849
0.66,16,0.0005516500124179397
0.66,17,-0.00042226074328338464
0.66,18,-0.0005478923133164453
0.66,19,0.0008690789843920924
0.66,20,0.0011591507399326
0.66,21,-0.0005748701107776995
0.66,22,0.0014039214443680084
0.66,23,-0.0006945263939576378
0.66,24,-0.0011617537662494438
0.66,25,0.001276614198835179
0.66,26,-3.568082761462433e-5
0.66,27,-0.0007745557663198126
0.66,28,0.0006969842102303673
0.66,29,0.0008547593561237029
0.66,30,-0.0014432036856050676
0.66,31,0.00023346682151622778
0.66,32,-0.0012969848104530514
0.66,33,0.0011342756162565526
0.66,34,-0.0006125975333784739
0.66,35,0.0008946229459687264
0.66,36,-2.9862867284421505e-5
0.66,37,-0.0006081741352353846
0.66,38,0.0014413030688980423
0.66,39,-6.556062483743944e-5
0.66,40,-0.0005446353776514273
0.66,41,-0.0012971205225764913
0.66,42,0.000357931499183438
0.66,43,0.0011858785670624396
0.66,44,0.00016448559177147193
0.66,45,-0.002162937232420364
0.66,46,0.0004635948580371138
0.66,47,-7.877284895464619e-6
0.66,48,0.0008341907596131534
0.66,49,-0.00016896283170261977
0.66,50,0.00036714226747839565
0.66,51,0.0005906473179899356
0.66,52,0.00027790818373992654
0.66,53,0.0015713700137233385
0.66,54,-0.0017141183655901464
0.66,55,-0.0006815324817741421
0.66,56,0.002275022628696839
0.66,57,-0.0011441196696298055
0.66,58,0.0003460559944232022
0.66,59,-0.0018280526422824932
0.66,60,0.0032719555614919593
0.66,61,-0.0019106856507732665
0.66,62,0.0009441023545746969
0.66,63,0.00257092850631499
0.66,64,-0.0018009548254899568
0.66,65,0.0014184637446956277
0.66,66,0.0008009306185133225
0.66,67,0.000288868966509613
0.66,68,0.0005705717518102813
0.66,69,-0.00031943415315210727
0.66,70,-0.00016320807204097263
0.66,71,-0.00092273904791602
0.66,72,0.0010831621610602462
0.66,73,6.899059569871022e-5
0.66,74,0.000420386847211033
0.66,75,0.0006532709690231865
0.66,76,-0.001470709180933759
0.66,77,0.0012779697116834389
0.66,78,-0.0010029657006798425
0.66,79,0.0013845627501580951
0.66,80,-0.0014708773191253826
0.66,81,0.000320140898985426
0.66,82,0.0009873262112606337
0.66,83,-0.00211056543921934
0.66,84,0.0021000795746690037
0.66,85,5.462845658120933e-5
0.66,86,-0.002021899857273556
0.66,87,0.0027213115716900695
0.66,88,0.00011468187722478058
0.66,89,0.0031343829315390705
0.66,90,0.0016383082587285434
0.66,91,-0.0038963421154919846
0.66,92,-0.00028561404885728937
0.66,93,0.003553800986823535
0.66,94,0.003527510263249328
0.66,95,-0.001252869574237355
0.66,96,-0.0026470710844505303
0.66,97,0.0011646290732318554
0.66,98,0.0018832130452352922
0.66,99,-0.0019512878947899794
0.66,100,0.0015861247455686415
0.66,101,-0.0023334909698951886
0.66,102,0.0014253458878549347
0.66,103,0.0009245197627679549
0.66,104,0.0018098863496567251
0.66,105,-0.0017327880500844052
0.66,106,0.00195368129347358
0.66,107,0.0013800534073192025
0.66,108,-0.0008847676067140948
0.66,109,0.00042260143605366305
0.66,110,0.0005477483004714705
0.66,111,0.0008515430159317333
0.66,112,0.0013820552165132612
0.66,113,-0.0007652264461388515
0.66,114,0.0001567151312969012
0.66,115,-0.0003461453305516111
0.66,116,-0.00011859113228998915
0.66,117,0.0008835593512328286
0.66,118,0.00016448436997101404
0.66,119,-0.0022942766543467843
0.66,120,0.000768470203528257
0.66,121,-0.00020551463270906893
0.66,122,0.0008306504102953777
0.66,123,-0.0009806037503557888
0.66,124,-0.0005139271610213398
0.66,125,0.002078840716808047
0.66,126,0.0006275478750157519
0.66,127,-9.747251385998485e-5
0.66,128,-0.00039107138057241234
0.66,129,-5.640362467377372e-5
0.66,130,0.0024113648041378423
0.66,131,-0.0031511023364024413
0.66,132,0.0011618707607967532
0.66,133,0.0005843185973200094
0.66,134,0.0003070857815001168
0.66,135,-0.00019199684837276057
0.66,136,0.0007806956684957723
0.66,137,-0.0007715390356532116
0.66,138,-0.0008027124736611848
0.66,139,0.0006377045724815258
0.66,140,-0.0013241936181674536
0.66,141,0.0017856273703167704
0.66,142,-0.0017650367726497467
0.66,143,0.0013711108859861963
0.66,144,0.0007306710741800054
0.66,145,-0.0017433934686946395
0.66,146,0.0016412766798160551
0.66,147,0.00022099945602987623
0.66,148,0.001072057414598463
0.66,149,-0.0003630276255027322
0.66,150,-0.0002873920823855226
0.66,151,-9.525978782399845e-5
0.66,152,0.0009816085131229752
0.66,153,0.00019905393807890812
0.66,154,0.0026206811365161865
0.66,155,-0.0019590726758179308
0.66,156,9.820994032311532e-5
0.66,157,0.0014474625419535513
0.66,158,0.0020620887303783465
0.66,159,-0.0012190092026719576
0.66,160,0.0005776957116204893
0.66,161,0.0014318053985652628
0.66,162,0.0010714378854185678
0.66,163,-0.00019314633917664217
0.66,164,-0.00034872807020715056
0.66,165,-0.0005272480095236726
0.66,166,0.001199125143322164
0.66,167,-0.00036995241002606377
0.66,168,0.002138495705529966
0.66,169,-0.0013561560913609477
0.66,170,-0.00013168910314186242
0.66,171,0.0009452971963223772
0.66,172,-0.0007304930573010268
0.66,173,-0.0003098071568721303
0.66,174,0.001456451221221877
0.66,175,0.0009197489055365629
0.66,176,0.0021229682022454194
0.66,177,-0.0023763971340280193
0.66,178,-0.00109959210161232
0.66,179,0.00015886399932581605
0.66,180,0.0012712791202537958
0.66,181,-0.0020118697686729884
0.66,182,0.002858774508482882
0.66,183,-0.0027886858420614457
0.66,184,-0.0011241249532678661
0.66,185,0.005400943092321466
0.66,186,0.0021253566507381475
0.66,187,0.020243324716791217
0.66,188,0.003151232057324691
0.66,189,0.007779595797695795
0.66,190,0.07156353915983849
0.66,191,-0.03692448766207619
0.66,192,0.7164821834683252
0.66,193,-8.028345217263938e-5
0.66,194,0.0015180226827740068
0.66,195,-0.0006993856823322666
0.66,196,-0.000658243524784051
0.66,197,-4.86227697954056e-5
0.66,198,0.00017475762798782919
0.67,intercept,0.005067029258572568
0.67,1,0.005737694382940973
0.67,2,-0.0010398089732521416
0.67,3,0.0014972484854891405
0.67,4,-0.002074098055461151
0.67,5,-0.000524076503376761
0.67,6,0.0022072354592624598
0.67,7,0.0004515539921816904
0.67,8,0.0011317541001009692
0.67,9,0.0010100617370018474
0.67,10,-0.0013778586689790378
0.67,11,0.00029977162692359095
0.67,12,0.00019856883304479465
0.67,13,0.0011396099601030936
0.67,14,-0.0012822667740185105
0.67,15,0.00172900765313756
0.67,16,0.00048471008448797295
0.67,17,-0.0008244530269794429
0.67,18,-7.522161797293589e-6
0.67,19,0.0004251836880373485
0.67,20,0.0013721034591444366
0.67,21,-0.0008601929488312251
0.67,22,0.0013166845199167252
0.67,23,-0.0008572853173143714
0.67,24,-0.0011042370380608697
0.67,25,0.0013797985426113406
0.67,26,-0.00015127653913533638
0.67,27,-0.0006050468846316791
0.67,28,0.0009064801741970199
0.67,29,0.0007760614073765195
0.67,30,-0.001372655071250506
0.67,31,-2.8154294945881675e-5
0.67,32,-0.0012775671921873369
0.67,33,0.0014434503647868697
0.67,34,-0.0009844071681372908
0.67,35,0.001061808611386538
0.67,36,-0.0001565597888986439
0.67,37,-0.00045585102259527495
0.67,38,0.0015303835890688425
0.67,39,-0.00036798464604259596
0.67,40,-0.0005044401489069339
0.67,41,-0.0015619383352747731
0.67,42,0.0006485152233225055
0.67,43,0.0010958112395608028
0.67,44,0.00013607008289709074
0.67,45,-0.0020535855353174984
0.67,46,0.00039161392652609344
0.67,47,-0.0002311016887882815
0.67,48,0.0010940907525785846
0.67,49,-4.038597582015867e-5
0.67,50,0.00020607304547516574
0.67,51,0.0007432286818124189
0.67,52,0.0001863289178479875
0.67,53,0.0016613240327882466
0.67,54,-0.0018245776667549733
0.67,55,-0.00042437525562164354
0.67,56,0.002180532116874443
0.67,57,-0.001034995960431159
0.67,58,7.12502648820248e-5
0.67,59,-0.002094442967389767
0.67,60,0.0035189654146816777
0.67,61,-0.001637181762143969
0.67,62,0.0006757938516261637
0.67,63,0.0024925156377347294
0.67,64,-0.0018879594446634658
0.67,65,0.0014999783795509967
0.67,66,0.0011126382996779797
0.67,67,2.0200641596064363e-5
0.67,68,0.0009457375187841049
0.67,69,-0.0008174231125914809
0.67,70,0.000385262466933761
0.67,71,-0.001045264982638055
0.67,72,0.0010156916365134184
0.67,73,0.00013798441831688668
0.67,74,0.0005853201653401536
0.67,75,0.000558579299294138
0.67,76,-0.0012459584290668868
0.67,77,0.0011025091367588998
0.67,78,-0.0010601188226025322
0.67,79,0.001467620691815279
0.67,80,-0.001102757202242961
0.67,81,-0.00020741392817660547
0.67,82,0.0010165245391925472
0.67,83,-0.0022814310356416355
0.67,84,0.0023117348838078227
0.67,85,-4.899989521566055e-5
0.67,86,-0.0017106119888859843
0.67,87,0.0025483162461244625
0.67,88,2.8990320007590547e-5
0.67,89,0.0030961248696906815
0.67,90,0.0014671126183861908
0.67,91,-0.003909470837106946
0.67,92,-0.0004871181850410607
0.67,93,0.003896403224790518
0.67,94,0.0029821854896103423
0.67,95,-0.0015366626208386188
0.67,96,-0.0020379181656769566
0.67,97,0.000770644047764557
0.67,98,0.0024054936523667104
0.67,99,-0.0020459734604424094
0.67,100,0.001980670988043894
0.67,101,-0.0026500740815244453
0.67,102,0.0017318454369158035
0.67,103,0.0010588347897510309
0.67,104,0.0016358550413727285
0.67,105,-0.002004489631827404
0.67,106,0.0020082305547699285
0.67,107,0.001407727753975162
0.67,108,-0.001294722721475188
0.67,109,0.0009054481804093007
0.67,110,0.00030715164238429363
0.67,111,0.000836495471193117
0.67,112,0.001392245794405284
0.67,113,-0.0009497049398399468
0.67,114,0.0003619081509624326
0.67,115,-0.0005517951227809152
0.67,116,-0.00029258420357382054
0.67,117,0.0009941831112463134
0.67,118,-5.1567845829657355e-5
0.67,119,-0.00203130669487545
0.67,120,0.0007005651079320361
0.67,121,-2.1385918851472437e-5
0.67,122,0.0006054465676490292
0.67,123,-0.0012139773737934892
0.67,124,-5.414402736288233e-5
0.67,125,0.001771239933941264
0.67,126,0.0007815325174805426
0.67,127,-0.00023303475324869898
0.67,128,-0.0004374372834319091
0.67,129,-2.371562518694185e-5
0.67,130,0.002539258006499793
0.67,131,-0.002977783106335024
0.67,132,0.0010012443108482994
0.67,133,0.0007287658192513951
0.67,134,0.0001552657340557675
0.67,135,0.00016688343057823615
0.67,136,0.0007599844378647062
0.67,137,-0.001218667450922877
0.67,138,-0.0007436287130654584
0.67,139,0.0006529921000976371
0.67,140,-0.0011450893029823002
0.67,141,0.001935048893178939
0.67,142,-0.0017823331213172716
0.67,143,0.0014642176729637879
0.67,144,0.0006290504303425992
0.67,145,-0.0018592520113740265
0.67,146,0.0015547960071688942
0.67,147,0.0005525441847515285
0.67,148,0.0007097764005849415
0.67,149,-7.281322639118533e-5
0.67,150,-0.00025363629374101644
0.67,151,-0.00016531151651848206
0.67,152,0.0008107466391946755
0.67,153,6.215301966459835e-5
0.67,154,0.0027181941729375533
0.67,155,-0.0017590319520904753
0.67,156,0.00012843460108813459
0.67,157,0.001276450587624675
0.67,158,0.0023312671009602273
0.67,159,-0.0014797194747320156
0.67,160,0.0006235148405339491
0.67,161,0.0014602593544473016
0.67,162,0.0008205539130259686
0.67,163,-3.108987526340392e-5
0.67,164,-0.0006603165217265023
0.67,165,-0.0005792228203549953
0.67,166,0.0014406795838612099
0.67,167,-0.0006174606423415888
0.67,168,0.0023919910909571437
0.67,169,-0.00145334111148935
0.67,170,-0.00042168944149677365
0.67,171,0.0010814786724076665
0.67,172,-0.0005291700222593118
0.67,173,-0.00044870464121762047
0.67,174,0.0015193490675172489
0.67,175,0.0005380749902990908
0.67,176,0.002157105972595249
0.67,177,-0.002573144494839845
0.67,178,-0.0007224122221676081
0.67,179,0.0006516929963974762
0.67,180,0.0010421880583075982
0.67,181,-0.0024925320856642474
0.67,182,0.003952045567041181
0.67,183,-0.003229839582334905
0.67,184,-0.0010385875312065927
0.67,185,0.005338173783748496
0.67,186,0.002206713560689259
0.67,187,0.02087442125596011
0.67,188,0.004334240469936242
0.67,189,0.008071028266707133
0.67,190,0.07490240552805746
0.67,191,-0.039731260894096614
0.67,192,0.7269409129319029
0.67,193,0.00046159867119466096
0.67,194,0.0017375976371889967
0.67,195,-0.0006475060238006115
0.67,196,-0.0007740430986150284
0.67,197,-4.8660951373565714e-5
0.67,198,0.00012837943454912723
0.68,intercept,0.005001267004606301
0.68,1,0.005394385564589335
0.68,2,-0.001487962191787421
0.68,3,0.001731929150335195
0.68,4,-0.002167135830347066
0.68,5,6.808859332779728e-5
0.68,6,0.0018475826644267297
0.68,7,0.0006340605455801521
0.68,8,0.001218107380261762
0.68,9,0.001233708355065729
0.68,10,-0.0019102802352649138
0.68,11,0.00023159228518814746
0.68,12,0.0002167872515276748
0.68,13,0.0011817586907193485
0.68,14,-0.0010902705765859797
0.68,15,0.0015444459044826777
0.68,16,-7.043190573753285e-6
0.68,17,5.486381792692952e-5
0.68,18,-0.0003637375200342179
0.68,19,0.0003184126867408532
0.68,20,0.001381166470734709
0.68,21,-0.0008659397973168937
0.68,22,0.0014601195871916687
0.68,23,-0.0011658932829263318
0.68,24,-0.000755451918673191
0.68,25,0.0010769477604251469
0.68,26,-0.0001649239141218739
0.68,27,-0.0007729882991687469
0.68,28,0.0011918299842583896
0.68,29,0.0008383385843744618
0.68,30,-0.001460692682185372
0.68,31,-8.532586078480465e-5
0.68,32,-0.0012772415870121157
0.68,33,0.001389731235203671
0.68,34,-0.0012746841686089362
0.68,35,0.0011447472547496433
0.68,36,-0.00011985089658139342
0.68,37,-0.0003831029800931983
0.68,38,0.001377010334624925
0.68,39,-9.70738531410564e-5
0.68,40,-0.0004790215677368734
0.68,41,-0.001677664746814234
0.68,42,0.0008201797760654596
0.68,43,0.0010447632285950847
0.68,44,5.1150505569776497e-5
0.68,45,-0.0021265217131835696
0.68,46,0.0005336531882076583
0.68,47,-0.00025381905708290434
0.68,48,0.000896084470183325
0.68,49,8.625171202004457e-5
0.68,50,-2.469042802078803e-5
0.68,51,0.000257066158377478
0.68,52,0.000543052583627633
0.68,53,0.0013060272193264665
0.68,54,-0.0019253371478315942
0.68,55,-5.20566956357516e-5
0.68,56,0.002341913023325879
0.68,57,-0.000587616479139867
0.68,58,-0.0005936185126485734
0.68,59,-0.0014936864717070449
0.68,60,0.0033653508748514903
0.68,61,-0.0016515042911127442
0.68,62,0.0008741977367235123
0.68,63,0.002502919013304816
0.68,64,-0.0021152885576223293
0.68,65,0.0012501023739483477
0.68,66,0.0013075291311417986
0.68,67,-0.0002793539972525616
0.68,68,0.0008192362132500222
0.68,69,-0.000613727762965401
0.68,70,0.0003726949456020849
0.68,71,-0.0012880232128615924
0.68,72,0.0008306865041994533
0.68,73,0.00022031716291519429
0.68,74,0.0009421300182322521
0.68,75,0.0008442341269912401
0.68,76,-0.0015535352433959054
0.68,77,0.0010460347030721083
0.68,78,-0.0011180103926749043
0.68,79,0.0015878278066068481
0.68,80,-0.0012385299503752884
0.68,81,-0.000543036192206417
0.68,82,0.00168605614147843
0.68,83,-0.0027607401033398274
0.68,84,0.0026021946701916157
0.68,85,-0.00045422123248026625
0.68,86,-0.0017248053626483257
0.68,87,0.003121259997354583
0.68,88,-0.000422169586208549
0.68,89,0.0028092318865867052
0.68,90,0.0015773954141085527
0.68,91,-0.004135249339626425
0.68,92,4.581756943230009e-5
0.68,93,0.0038055320259601667
0.68,94,0.0029406696133071376
0.68,95,-0.0010215465006969309
0.68,96,-0.002744297341353329
0.68,97,0.0009135355041752296
0.68,98,0.0025968263877710765
0.68,99,-0.0018170288172043275
0.68,100,0.0016582746450875597
0.68,101,-0.0026860079926286453
0.68,102,0.0018940963856420739
0.68,103,0.0013911089352380732
0.68,104,0.0013563504347267347
0.68,105,-0.0013113874274174062
0.68,106,0.0016591609271921013
0.68,107,0.001780189938574911
0.68,108,-0.00202702844686628
0.68,109,0.0010089596278610785
0.68,110,0.0003132827019686409
0.68,111,0.001278631973592162
0.68,112,0.0013097477672810397
0.68,113,-0.0012178115837988715
0.68,114,0.0002778297721916021
0.68,115,-0.0007282935900369311
0.68,116,0.00026091776189649256
0.68,117,0.0007394212000031626
0.68,118,-1.6782054203400618e-5
0.68,119,-0.002330837195514736
0.68,120,0.0009994505330233557
0.68,121,-2.7596972931659186e-5
0.68,122,0.0005325925488884808
0.68,123,-0.0012625747865877858
0.68,124,-1.9979321276637567e-5
0.68,125,0.0016678545964255542
0.68,126,0.0007486979381084808
0.68,127,-0.0003087876746550225
0.68,128,-0.0005085132289627458
0.68,129,-0.00019231748366822793
0.68,130,0.002957572213571821
0.68,131,-0.0033080849394358323
0.68,132,0.0010040179896162076
0.68,133,0.0007268868114706275
0.68,134,-2.33202884600033e-5
0.68,135,0.00014173084979868784
0.68,136,0.0008532278274417529
0.68,137,-0.001082312937723016
0.68,138,-0.0008720871533611332
0.68,139,0.00033005616272331205
0.68,140,-0.0009276022250173709
0.68,141,0.0017637993683111254
0.68,142,-0.0017707716572080776
0.68,143,0.0013877916700812188
0.68,144,0.0005480752128302796
0.68,145,-0.001756928767620339
0.68,146,0.00170878293623283
0.68,147,0.00038416378651434625
0.68,148,0.0006505949722215228
0.68,149,-6.828181699068176e-5
0.68,150,-0.0003001620292098966
0.68,151,9.347460255691488e-6
0.68,152,0.0007431342713901402
0.68,153,0.0003652119960801426
0.68,154,0.0026104923085592336
0.68,155,-0.00176029806131088
0.68,156,-0.00014016161641501216
0.68,157,0.0010437219092314155
0.68,158,0.002503875157595764
0.68,159,-0.0014975005476903689
0.68,160,0.0004863768929192578
0.68,161,0.001206232922159886
0.68,162,0.0014902393472644836
0.68,163,-0.0001907956999540487
0.68,164,-0.0005935644495084977
0.68,165,-0.0005031815796771617
0.68,166,0.0014463109744144332
0.68,167,-0.000653074120244185
0.68,168,0.002256136810152495
0.68,169,-0.0012390649911725627
0.68,170,-0.000511695116345789
0.68,171,0.0010649773630258025
0.68,172,-0.00047231002201114885
0.68,173,-0.0006735882028512807
0.68,174,0.0010947587169260968
0.68,175,0.0003888563270610984
0.68,176,0.0021888439479267954
0.68,177,-0.002507880339950029
0.68,178,-0.0013116394758942926
0.68,179,0.0009226213527049246
0.68,180,0.0011165948402825222
0.68,181,-0.0017486594539493938
0.68,182,0.003742058627780379
0.68,183,-0.003196457193915265
0.68,184,-0.001354736305421109
0.68,185,0.005349275977029243
0.68,186,0.002151809616336027
0.68,187,0.021183048321952152
0.68,188,0.0037376779706851364
0.68,189,0.010602590145855031
0.68,190,0.07767313165107562
0.68,191,-0.041422603293537544
0.68,192,0.7421022822071955
0.68,193,0.0005134985714761827
0.68,194,0.0017168912583405865
0.68,195,-0.0005848795458361844
0.68,196,-0.000814084367085511
0.68,197,-6.728405432892756e-5
0.68,198,0.00012148564958640059
0.69,intercept,0.005019005007237733
0.69,1,0.005197543711899998
0.69,2,-0.0011972245535888154
0.69,3,0.0014008700598772679
0.69,4,-0.0016556711023058453
0.69,5,-0.0003163765417155394
0.69,6,0.0015732889736084455
0.69,7,0.0013514019097520802
0.69,8,0.0005803372302338805
0.69,9,0.0013398666688257783
0.69,10,-0.0014298641495151987
0.69,11,-0.00021484093863396365
0.69,12,0.0008212670845033468
0.69,13,0.0011656244232887707
0.69,14,-0.001448531804790625
0.69,15,0.0013122399156567145
0.69,16,-0.0002451718668909125
0.69,17,0.0007005263215701897
0.69,18,-0.0006409245638330214
0.69,19,0.0004242719237769585
0.69,20,0.0014184848010159097
0.69,21,-0.0010086742383551663
0.69,22,0.001631558710509282
0.69,23,-0.001292454018562621
0.69,24,-0.0006356091419840728
0.69,25,0.0012245089954290298
0.69,26,-0.000204828575249184
0.69,27,-0.0005134427298307098
0.69,28,0.001101504139171649
0.69,29,0.0007586056468488103
0.69,30,-0.0013412557954062358
0.69,31,-0.0003666515302909073
0.69,32,-0.001154440448262844
0.69,33,0.001217782045707239
0.69,34,-0.001266817836287585
0.69,35,0.0010420997918408666
0.69,36,-0.0001656760305538405
0.69,37,-0.0002745388240851738
0.69,38,0.0012129422721843467
0.69,39,2.6944038722946055e-5
0.69,40,-0.0006786644367889174
0.69,41,-0.0017567889723718898
0.69,42,0.0009773396686155714
0.69,43,0.0011781037189973285
0.69,44,-0.0003767622408067985
0.69,45,-0.0016834617778038515
0.69,46,0.00033983420356051714
0.69,47,-0.00030774906901455244
0.69,48,0.0008688786516063275
0.69,49,0.0003573243944131556
0.69,50,-6.767542773754505e-5
0.69,51,0.0003569612317240074
0.69,52,0.0007305076340379871
0.69,53,0.0010235524366537891
0.69,54,-0.001861383007548868
0.69,55,-6.345767561883132e-5
0.69,56,0.0024064950804356102
0.69,57,-0.0007205856847793271
0.69,58,-0.0006506677718161555
0.69,59,-0.0015490353582698127
0.69,60,0.0037266082740990904
0.69,61,-0.0017414160013653147
0.69,62,0.0007559701179802731
0.69,63,0.0024131705014623964
0.69,64,-0.0019957455874171086
0.69,65,0.0011511272499684067
0.69,66,0.0012222736742125374
0.69,67,-0.0005747961860302618
0.69,68,0.0009305956486073743
0.69,69,-0.00081528301742019
0.69,70,0.000385805938982268
0.69,71,-0.0014985420759890042
0.69,72,0.0009861846888862859
0.69,73,-0.000165122903681401
0.69,74,0.0011632825764237421
0.69,75,0.0007440731113359674
0.69,76,-0.0012880249153550715
0.69,77,0.0010806931274398503
0.69,78,-0.0013457958160405226
0.69,79,0.0017877623603437327
0.69,80,-0.0011042754743614321
0.69,81,-0.0009380507364260235
0.69,82,0.0021319877137184764
0.69,83,-0.003308917896482832
0.69,84,0.003014073126580002
0.69,85,-0.00037650138273529794
0.69,86,-0.0016980972201876877
0.69,87,0.003478725711296362
0.69,88,-0.0007853876268635935
0.69,89,0.0030951257528082925
0.69,90,0.0016789090394585674
0.69,91,-0.0038808997449016427
0.69,92,1.4541308138681907e-5
0.69,93,0.0037524200415137835
0.69,94,0.002643459811980122
0.69,95,-0.0011960653625681494
0.69,96,-0.002950950292045249
0.69,97,0.001161429694088649
0.69,98,0.003030124017145941
0.69,99,-0.002451635572265659
0.69,100,0.0017714252087663767
0.69,101,-0.0032734989997872084
0.69,102,0.0020826018943794367
0.69,103,0.0013687860646522819
0.69,104,0.0016021326704020967
0.69,105,-0.001638875461766105
0.69,106,0.0016170787378066522
0.69,107,0.002066623755006004
0.69,108,-0.002515072820197036
0.69,109,0.000977526164088648
0.69,110,0.0001637366429193568
0.69,111,0.0013559661100081416
0.69,112,0.001852452284535602
0.69,113,-0.0016056362572262836
0.69,114,0.0005119936721825506
0.69,115,-0.0005597808241995694
0.69,116,0.000629265722296126
0.69,117,0.0005852093356020554
0.69,118,-0.0002948068286493833
0.69,119,-0.0023605101027896944
0.69,120,0.0010545754723746798
0.69,121,4.7653912669954415e-5
0.69,122,0.00037351409002305875
0.69,123,-0.001355749288603389
0.69,124,0.0002036703150079555
0.69,125,0.0014348231773428969
0.69,126,0.0006726324752877018
0.69,127,-0.0002274968513369839
0.69,128,-0.0005607204886040305
0.69,129,-3.601348922006292e-5
0.69,130,0.0028963987088772435
0.69,131,-0.0032317501725174034
0.69,132,0.000994195760040568
0.69,133,0.0004225655551981498
0.69,134,8.273957075807533e-5
0.69,135,-1.395817608395423e-5
0.69,136,0.0010600690645556589
0.69,137,-0.0010060086454242955
0.69,138,-0.001060514818359587
0.69,139,0.00042917226797000504
0.69,140,-0.0012827000700339124
0.69,141,0.0021040562555947875
0.69,142,-0.0019912285385214066
0.69,143,0.0014242801568573329
0.69,144,0.0004717926859031739
0.69,145,-0.0017488692912404837
0.69,146,0.0013895026396410057
0.69,147,0.0008203454428470823
0.69,148,0.0004622120100695662
0.69,149,-0.00030743831323661004
0.69,150,-0.00021074374762962238
0.69,151,1.9914582120066197e-5
0.69,152,0.0005753766744114196
0.69,153,0.0006040247784506793
0.69,154,0.002280062023840805
0.69,155,-0.0016443046097834478
0.69,156,-0.00017627640941515264
0.69,157,0.0007094050484530362
0.69,158,0.002482211565543106
0.69,159,-0.0015263533203187867
0.69,160,0.0006588695059640272
0.69,161,0.0012067834057174136
0.69,162,0.0013060911381647619
0.69,163,0.0005996464368326972
0.69,164,-0.0013090097175109318
0.69,165,-0.0003297009392477681
0.69,166,0.0016131661972367483
0.69,167,-0.0006596863746504767
0.69,168,0.002082827736217868
0.69,169,-0.0011935684880838486
0.69,170,5.058297140554357e-5
0.69,171,0.0004635861097781012
0.69,172,-0.00018255399849386407
0.69,173,-0.0009895838098524527
0.69,174,0.001396005879068251
0.69,175,-5.8072575724946004e-5
0.69,176,0.002114147613566383
0.69,177,-0.0020698216721056575
0.69,178,-0.00166685167279567
0.69,179,0.0009839426387788723
0.69,180,0.0013602183291009943
0.69,181,-0.001738609466384763
0.69,182,0.0033590267728645087
0.69,183,-0.0026524105451752175
0.69,184,-0.0008145225919495462
0.69,185,0.004749148668165662
0.69,186,0.0021241560291426907
0.69,187,0.022110122541669462
0.69,188,0.004152210508168392
0.69,189,0.010921985636380034
0.69,190,0.08337114194164356
0.69,191,-0.042750753225851174
0.69,192,0.7469316316925468
0.69,193,0.0008365371634158969
0.69,194,0.0017098351644885183
0.69,195,-0.0005422962806450023
0.69,196,-0.0008403425759768335
0.69,197,-4.7205792529398695e-5
0.69,198,0.00011934347435905036
0.7,intercept,0.00495364118183545
0.7,1,0.005420469114575168
0.7,2,-0.000867512708498498
0.7,3,0.000907964390851411
0.7,4,-0.001376495471568913
0.7,5,-0.0006946957190712704
0.7,6,0.0016638852300437858
0.7,7,0.002306621831400454
0.7,8,-3.9616254234153315e-6
0.7,9,0.0016917037621423762
0.7,10,-0.0017036998608966362
0.7,11,-0.00012244421255194174
0.7,12,0.0009169518079618496
0.7,13,0.0010214192377149887
0.7,14,-0.0014441662845894392
0.7,15,0.001469459904595507
0.7,16,-0.0003116909896528989
0.7,17,0.0006256710241975712
0.7,18,-0.0010031689624735098
0.7,19,0.0009058910867087486
0.7,20,0.0014693147030950136
0.7,21,-0.0005916040492374826
0.7,22,0.0015223825749934963
0.7,23,-0.001306818118046476
0.7,24,-0.0005938942357162363
0.7,25,0.001140654437751951
0.7,26,-0.000309517003488435
0.7,27,-0.0005320902608231447
0.7,28,0.0010561293185836792
0.7,29,0.0007044669276457392
0.7,30,-0.0012744651658772102
0.7,31,-0.00028019421130482167
0.7,32,-0.0011027298929712698
0.7,33,0.0011319436271726897
0.7,34,-0.0012342436379029125
0.7,35,0.00111970473888886
0.7,36,-0.00016484833623476103
0.7,37,-0.0004889798345225927
0.7,38,0.0012481797380911495
0.7,39,0.00023029097471967462
0.7,40,-0.0007830637715165241
0.7,41,-0.0015439234343014236
0.7,42,0.0009206092862754816
0.7,43,0.0009819283826395903
0.7,44,-0.0005136778794973879
0.7,45,-0.0013705165355556747
0.7,46,0.0002894811556134221
0.7,47,-0.00039818401965862157
0.7,48,0.0005060624483956905
0.7,49,0.0004863189346887583
0.7,50,-3.9575186500753636e-5
0.7,51,0.000246932500230099
0.7,52,0.00047551584871968804
0.7,53,0.0010166073989288644
0.7,54,-0.001806688538562229
0.7,55,0.00015210674503802807
0.7,56,0.0022182282811928447
0.7,57,-0.00041457614885490594
0.7,58,-0.0006441261918877802
0.7,59,-0.0017022792122795938
0.7,60,0.003930949214843469
0.7,61,-0.0020783200206376667
0.7,62,0.0007103395892362693
0.7,63,0.0024808753818970873
0.7,64,-0.0018208598825641604
0.7,65,0.0011943552597796607
0.7,66,0.001000410482337374
0.7,67,-0.0001581222175546699
0.7,68,0.0011728150857409317
0.7,69,-0.0011814255474154732
0.7,70,0.000636026592628161
0.7,71,-0.0014571309876145596
0.7,72,0.000682229057389748
0.7,73,-7.240601544862226e-5
0.7,74,0.0007589789203609124
0.7,75,0.0007077599307530529
0.7,76,-0.0011496180894739023
0.7,77,0.0010499500601799916
0.7,78,-0.0011057533378118374
0.7,79,0.0020900384575013578
0.7,80,-0.0008537423192995382
0.7,81,-0.0012056000353627225
0.7,82,0.001808762930561911
0.7,83,-0.0033515804610243028
0.7,84,0.0028635762018156376
0.7,85,-0.0002216071571239158
0.7,86,-0.0021875536539660476
0.7,87,0.0036899865205257854
0.7,88,-0.0012350343206079923
0.7,89,0.0034453954088342047
0.7,90,0.0016249382184435565
0.7,91,-0.003777888006887846
0.7,92,0.0001731766090174042
0.7,93,0.004082609733372876
0.7,94,0.002643804294669186
0.7,95,-0.0015245894172341646
0.7,96,-0.003186281662304431
0.7,97,0.0011016295502964955
0.7,98,0.0036671954119776875
0.7,99,-0.0017402062707598531
0.7,100,0.0017065046994501096
0.7,101,-0.003922373841629373
0.7,102,0.0026856157159706184
0.7,103,0.0013251020390992673
0.7,104,0.0013855608920148178
0.7,105,-0.001464695485044122
0.7,106,0.001304785404051749
0.7,107,0.0021715713630455357
0.7,108,-0.0022114281488294185
0.7,109,0.0005034772759387341
0.7,110,0.0005545660273808371
0.7,111,0.0013036969792909494
0.7,112,0.0024416885337349235
0.7,113,-0.0011928900099634548
0.7,114,0.00036321749982812717
0.7,115,-0.0005788963293766228
0.7,116,0.0005040478946937663
0.7,117,0.00026540474216544234
0.7,118,-0.00011661536842274143
0.7,119,-0.0025711730231998665
0.7,120,0.0009541646254957927
0.7,121,4.0317540389414105e-5
0.7,122,0.00031935338574114603
0.7,123,-0.0014684502956193513
0.7,124,0.0003129074068515452
0.7,125,0.0015040269693122844
0.7,126,0.0006373756618881796
0.7,127,-0.00047875016702452774
0.7,128,-0.0009461662929171365
0.7,129,0.0007201203305703301
0.7,130,0.002740985266363527
0.7,131,-0.0035245716740678517
0.7,132,0.0011042148845468796
0.7,133,0.0003861407767630925
0.7,134,-8.319736597848756e-5
0.7,135,0.00043549473423012416
0.7,136,0.0006302075379827617
0.7,137,-0.0009095807756120319
0.7,138,-0.0013977649712912583
0.7,139,0.0008367288123714739
0.7,140,-0.0013355953974264032
0.7,141,0.002288687696202757
0.7,142,-0.002217071729992393
0.7,143,0.0013426178366791322
0.7,144,0.0007649230485339135
0.7,145,-0.002536447291140533
0.7,146,0.0018050934229623813
0.7,147,0.0006664195775428957
0.7,148,0.00035986572186156164
0.7,149,-0.00034190657231431557
0.7,150,0.00016037065623836105
0.7,151,-6.459785994420111e-5
0.7,152,0.0004942072314028915
0.7,153,0.0008785370558265398
0.7,154,0.002042712792495051
0.7,155,-0.0016252421561361358
0.7,156,-0.00033442319992830555
0.7,157,0.0008594967747285652
0.7,158,0.00226457750613266
0.7,159,-0.0012766557717077175
0.7,160,0.00022422259634404952
0.7,161,0.0013730044763023944
0.7,162,0.0012931624665431466
0.7,163,0.00020726245020714876
0.7,164,-0.0007503082337888939
0.7,165,4.1158407551389705e-5
0.7,166,0.001466600398575061
0.7,167,-0.000597911590607426
0.7,168,0.0017484144696872502
0.7,169,-0.0011185945286142352
0.7,170,-0.00014937442848460923
0.7,171,0.0007235692090218886
0.7,172,-0.0006574552459303154
0.7,173,-0.0009374669920120592
0.7,174,0.0014567503869991941
0.7,175,0.0006005842125382316
0.7,176,0.0015755449563969544
0.7,177,-0.0020355894465774855
0.7,178,-0.0023056635852437006
0.7,179,0.0017288692914517352
0.7,180,0.0014413187219157926
0.7,181,-0.001442928211160632
0.7,182,0.0034607202789741836
0.7,183,-0.0030805729094019923
0.7,184,-0.001021459949290197
0.7,185,0.004298253723253564
0.7,186,0.002969036434902679
0.7,187,0.024335693108326988
0.7,188,0.0033648935082702747
0.7,189,0.011900301634808484
0.7,190,0.08879077982414685
0.7,191,-0.04449568288331046
0.7,192,0.7526802256891031
0.7,193,0.001027660572324486
0.7,194,0.0017327828925582313
0.7,195,-0.0004797059312161464
0.7,196,-0.0008420870052124073
0.7,197,-5.321284937650876e-5
0.7,198,0.00010964689634276187
0.71,intercept,0.004785563063813724
0.71,1,0.005020671391451814
0.71,2,-0.0006589707176685054
0.71,3,0.0005271604888173914
0.71,4,-0.000908863859743577
0.71,5,-0.0005485780498304232
0.71,6,0.0012136517172901195
0.71,7,0.002715284330208493
0.71,8,-0.0004895723469482988
0.71,9,0.001984588366623741
0.71,10,-0.0020901366268134746
0.71,11,0.0003593347982309425
0.71,12,0.000848896361186072
0.71,13,0.0011301765433653526
0.71,14,-0.0013194779449287935
0.71,15,0.0011959299090359436
0.71,16,0.0006524198065781743
0.71,17,0.00022283076849805337
0.71,18,-0.0012939910142832
0.71,19,0.0013661792724706462
0.71,20,0.0006037921067539969
0.71,21,-0.00015774553772625243
0.71,22,0.0012396554023866382
0.71,23,-0.001039856456597432
0.71,24,-0.000918983584907147
0.71,25,0.0009412808150251493
0.71,26,0.0001698910333871288
0.71,27,3.686001241167293e-5
0.71,28,0.0003316351893055748
0.71,29,0.0010952826529975984
0.71,30,-0.0014761491935899916
0.71,31,1.0646231034562027e-5
0.71,32,-0.0014683985304927661
0.71,33,0.0008997437770338553
0.71,34,-0.0010856638454879758
0.71,35,0.0008035206182875158
0.71,36,-4.743680039883125e-5
0.71,37,-1.4861159559215098e-5
0.71,38,0.0009606640066987064
0.71,39,0.00023343122107122955
0.71,40,-0.0008668377974570602
0.71,41,-0.001347751710271625
0.71,42,0.000994607938547582
0.71,43,0.0009734102536855076
0.71,44,-0.0006402163544309529
0.71,45,-0.0012734403611270118
0.71,46,0.00015846765055878035
0.71,47,-0.00047505874056824794
0.71,48,0.0006947067252755352
0.71,49,0.00016281888613404216
0.71,50,-1.3053527862567206e-5
0.71,51,0.0001481548505574866
0.71,52,0.00040244379759099504
0.71,53,0.001091885999389207
0.71,54,-0.001812208405182145
0.71,55,0.00014008734802893277
0.71,56,0.0019842931678361957
0.71,57,-0.0004995483896330743
0.71,58,-0.0004233611074161482
0.71,59,-0.0015315797545495536
0.71,60,0.003737857431537379
0.71,61,-0.002125025918712737
0.71,62,0.0006871758091029119
0.71,63,0.0024421328612224034
0.71,64,-0.001827239867724249
0.71,65,0.0015893043365073376
0.71,66,0.0006617815013471328
0.71,67,-0.0003622675244822351
0.71,68,0.0017415945442597097
0.71,69,-0.0013039357131356592
0.71,70,0.0009190372247318724
0.71,71,-0.0015088357609830789
0.71,72,0.0006485003037007553
0.71,73,8.957646251935444e-5
0.71,74,0.0009494236876071566
0.71,75,0.0007277585933271272
0.71,76,-0.0018071666842426005
0.71,77,0.001577845448410626
0.71,78,-0.0010435222133993068
0.71,79,0.001764831560771893
0.71,80,-0.000477928471914164
0.71,81,-0.001578546934345184
0.71,82,0.0014401822318493953
0.71,83,-0.003435518342054777
0.71,84,0.002948373659912849
0.71,85,-0.0001054240602665782
0.71,86,-0.00221823605944143
0.71,87,0.003584560549341516
0.71,88,-0.0014379397998003026
0.71,89,0.003641896162088361
0.71,90,0.0015426363842415771
0.71,91,-0.004097181782557434
0.71,92,0.0006789397315867415
0.71,93,0.003807729299445929
0.71,94,0.002125805308903013
0.71,95,-0.0009851174767679764
0.71,96,-0.00357181290411932
0.71,97,0.0005026395180668596
0.71,98,0.004336480776025521
0.71,99,-0.0017873486632623255
0.71,100,0.001964882064909471
0.71,101,-0.00411153020816681
0.71,102,0.0028851090593624154
0.71,103,0.0012295682391018669
0.71,104,0.001178011712442152
0.71,105,-0.0013435902840290212
0.71,106,0.0012243080486898014
0.71,107,0.0016440814294064981
0.71,108,-0.0018804410253490016
0.71,109,0.00025233230241193357
0.71,110,0.0008405929665432654
0.71,111,0.0005127936536454232
0.71,112,0.003282117120030794
0.71,113,-0.0017077690268181382
0.71,114,0.0005273660717498957
0.71,115,-0.00011313255652934751
0.71,116,0.0004375651409965547
0.71,117,-1.4094671122875527e-5
0.71,118,0.00031866221915608314
0.71,119,-0.0026638950258263887
0.71,120,0.0011412919263252357
0.71,121,-3.0114951973457868e-5
0.71,122,0.0003689088424076317
0.71,123,-0.0014573111252748328
0.71,124,-2.157548038178443e-5
0.71,125,0.0017531295318544144
0.71,126,0.0006135653199167526
0.71,127,-0.0003826955378187078
0.71,128,-0.0007790849556928684
0.71,129,0.0004945250469615542
0.71,130,0.002357343248592639
0.71,131,-0.003265079182604954
0.71,132,0.001054403911627261
0.71,133,0.0004063213137615136
0.71,134,0.0005590382234640034
0.71,135,0.0001327669492958264
0.71,136,0.0008347917965885282
0.71,137,-0.0009590069396732782
0.71,138,-0.0014186759012200514
0.71,139,0.0006285498882288874
0.71,140,-0.0010638949457389313
0.71,141,0.0021429589149871563
0.71,142,-0.0021697047604551096
0.71,143,0.0013270941740714808
0.71,144,0.00032632876881883495
0.71,145,-0.0021813520972040826
0.71,146,0.001618896796443984
0.71,147,0.0006982258091855739
0.71,148,0.0008198899091438418
0.71,149,-0.0005278909150304234
0.71,150,0.00024543692412804213
0.71,151,-0.0002469491829442027
0.71,152,0.00042371494764680294
0.71,153,0.0008148785893121339
0.71,154,0.001661862968020868
0.71,155,-0.0016788259751440034
0.71,156,-0.00034055795539216486
0.71,157,0.0011595982031766703
0.71,158,0.002158183615684792
0.71,159,-0.0015407075496205137
0.71,160,0.00035263668124141867
0.71,161,0.0011914838713079263
0.71,162,0.0018269566737034158
0.71,163,0.00010054611141956258
0.71,164,-0.0010230664017487553
0.71,165,0.0001457252827812844
0.71,166,0.0016310407840567749
0.71,167,-0.0009695258535528716
0.71,168,0.001902735266110365
0.71,169,-0.0009526867370200767
0.71,170,-0.0007183691253995377
0.71,171,0.0008583058022291277
0.71,172,-0.00066415734476385
0.71,173,-0.0005693379276464558
0.71,174,0.0010058761233103129
0.71,175,0.0006743538134583242
0.71,176,0.001321032311590662
0.71,177,-0.0019653864593396084
0.71,178,-0.002608981724189351
0.71,179,0.0019021816237985677
0.71,180,0.0011789778345976556
0.71,181,-0.001476392629469907
0.71,182,0.003195443667379923
0.71,183,-0.003881444137720923
0.71,184,-0.0013605668863367155
0.71,185,0.00502497006601298
0.71,186,0.0023962426783837895
0.71,187,0.024333771256782898
0.71,188,0.004985617008027039
0.71,189,0.01491983704414956
0.71,190,0.09452979608481349
0.71,191,-0.04652306961274048
0.71,192,0.7687782557593639
0.71,193,0.0010936997534491265
0.71,194,0.00206502850139416
0.71,195,-0.00046362550055848963
0.71,196,-0.0009178553813085551
0.71,197,-8.111062096176505e-5
0.71,198,9.554534244162979e-5
0.72,intercept,0.0046093843406787675
0.72,1,0.0060878761277676306
0.72,2,-0.0005308417168499823
0.72,3,7.00338720106426e-5
0.72,4,-0.0008838497200028213
0.72,5,-0.0010977891852734668
0.72,6,0.0013817276047582417
0.72,7,0.003618723887295045
0.72,8,-0.000927605520215093
0.72,9,0.0021742042227746424
0.72,10,-0.002133241848057322
0.72,11,1.8690191388200893e-5
0.72,12,0.00022343157107592685
0.72,13,0.002088737696501868
0.72,14,-0.0020112110612966498
0.72,15,0.0012241749694234705
0.72,16,0.0010188436414986601
0.72,17,-0.00014190941356614898
0.72,18,-0.0014005627475254501
0.72,19,0.001361059419831387
0.72,20,0.0007516291721696021
0.72,21,-0.0003894194692868393
0.72,22,0.0012777386753614643
0.72,23,-0.0010921507316642926
0.72,24,-0.0014005758404404644
0.72,25,0.0013098946190067036
0.72,26,0.0004231495594207924
0.72,27,-0.000439567197124461
0.72,28,0.0007018779837981234
0.72,29,0.0012882106616157215
0.72,30,-0.0013529752952175015
0.72,31,-7.546963684283096e-5
0.72,32,-0.001632019461851166
0.72,33,0.0013524033505698022
0.72,34,-0.0012351567014836549
0.72,35,0.0008547232578232073
0.72,36,-0.0004081106433511434
0.72,37,0.000376662596426474
0.72,38,0.0008340940342916866
0.72,39,2.4735497032527e-5
0.72,40,-0.0004918566106160149
0.72,41,-0.001374728933344219
0.72,42,0.0007590825982223263
0.72,43,0.0008361714184310818
0.72,44,-0.0005495454455810253
0.72,45,-0.0012718584738135453
0.72,46,-0.00019619606395859638
0.72,47,-0.000295211518284792
0.72,48,0.0012449110755997773
0.72,49,-4.8651106753604734e-5
0.72,50,-0.00010128817429867152
0.72,51,0.00038934278177713856
0.72,52,0.0007771565304214138
0.72,53,0.0007494260003003462
0.72,54,-0.002147682205709567
0.72,55,0.00046874404086738364
0.72,56,0.0013770664749714573
0.72,57,-0.0003739369841191888
0.72,58,-0.00041682890219901943
0.72,59,-0.0012477888316748452
0.72,60,0.0035655477107916144
0.72,61,-0.002134120132020858
0.72,62,0.0010517497714443368
0.72,63,0.002440071118591664
0.72,64,-0.002038520150402517
0.72,65,0.0012147329574884367
0.72,66,0.000994632305858115
0.72,67,1.977053950816514e-5
0.72,68,0.0015312227097539286
0.72,69,-0.0016325732277496698
0.72,70,0.0013341920631606257
0.72,71,-0.0014471102090960017
0.72,72,0.000542258399317172
0.72,73,-2.1207188956291103e-5
0.72,74,0.0012001923399197706
0.72,75,0.0006566684797337691
0.72,76,-0.0021632943075662295
0.72,77,0.001788358095988308
0.72,78,-0.000838751733724168
0.72,79,0.001485334955453711
0.72,80,-0.0004635623927368953
0.72,81,-0.0015778738817199538
0.72,82,0.0015731586584528275
0.72,83,-0.003276227584327154
0.72,84,0.002608323633253219
0.72,85,0.0002087168264827297
0.72,86,-0.0027623958638330263
0.72,87,0.003361180271031042
0.72,88,-0.001166905455597404
0.72,89,0.003529558476700361
0.72,90,0.0014294580835276162
0.72,91,-0.004210481773089517
0.72,92,0.000903675587324729
0.72,93,0.0037791149893435373
0.72,94,0.002177670846306727
0.72,95,-0.000602094527238255
0.72,96,-0.003941972326242264
0.72,97,0.0006643924813379473
0.72,98,0.003969592364887749
0.72,99,-0.0014774622042368563
0.72,100,0.0017876775013713558
0.72,101,-0.004027554672749826
0.72,102,0.0027990926305073846
0.72,103,0.001834668511904697
0.72,104,0.0009142313902291092
0.72,105,-0.0012467981791747192
0.72,106,0.0012397563189658456
0.72,107,0.0012744743188043452
0.72,108,-0.0013917167568786469
0.72,109,-0.00037615847117271177
0.72,110,0.0008255634279959626
0.72,111,0.0003816451717903786
0.72,112,0.0032006934547501504
0.72,113,-0.0014253118859937522
0.72,114,0.0007871257485863165
0.72,115,-0.0006876667157720221
0.72,116,0.0010777027989274173
0.72,117,-0.0005548456931097154
0.72,118,0.001053702923940999
0.72,119,-0.0025346875599217417
0.72,120,0.00027238687392303214
0.72,121,0.0005569273275330582
0.72,122,-0.0001384222917467511
0.72,123,-0.001471119627474707
0.72,124,3.46496676584768e-5
0.72,125,0.002045563262358135
0.72,126,0.000450321823048955
0.72,127,-0.0004684545114467845
0.72,128,-0.0006924959830457923
0.72,129,0.000584388752815207
0.72,130,0.0022398288224050144
0.72,131,-0.003247156831166319
0.72,132,0.001029733289899207
0.72,133,0.000488261005988829
0.72,134,0.0005148252757099242
0.72,135,0.0005759640867059028
0.72,136,0.00035719767466393525
0.72,137,-0.0008354397128734909
0.72,138,-0.0014393141164571015
0.72,139,0.0004622263032793655
0.72,140,-0.0013974479654630116
0.72,141,0.002620081039008386
0.72,142,-0.0025268537069204375
0.72,143,0.001837722235808534
0.72,144,0.000319929762245667
0.72,145,-0.002414814769567698
0.72,146,0.0013937664098207974
0.72,147,0.0009458382375567556
0.72,148,0.0009605765983666537
0.72,149,-0.00034732488871704357
0.72,150,0.00011426266994613314
0.72,151,-0.00046614594272112805
0.72,152,0.0007780551610576213
0.72,153,0.000394537735485665
0.72,154,0.0018564034406904645
0.72,155,-0.0020121042018024864
0.72,156,0.00031708400036743967
0.72,157,0.0013832125459611638
0.72,158,0.0017178568938558698
0.72,159,-0.0015929113041975107
0.72,160,0.0005810260270377521
0.72,161,0.0011057707896143054
0.72,162,0.0013218369823660002
0.72,163,0.0002564377316906981
0.72,164,-0.001239791010201493
0.72,165,0.0004162212096734619
0.72,166,0.0017066512115923803
0.72,167,-0.0008090159664983185
0.72,168,0.0017576311292787706
0.72,169,-0.001015052932006002
0.72,170,-0.0012544646781755
0.72,171,0.001310215477507437
0.72,172,-0.0010462918656867772
0.72,173,-0.00034943241285509614
0.72,174,0.00033283955398020213
0.72,175,0.0005066636479356096
0.72,176,0.0009990804994729854
0.72,177,-0.001972499305196117
0.72,178,-0.0024147943531427334
0.72,179,0.0013987026454318696
0.72,180,0.0016948999763374474
0.72,181,-0.0021161688084404655
0.72,182,0.00310764151942902
0.72,183,-0.004482507999553069
0.72,184,-0.00015591805104258106
0.72,185,0.0055003363502815
0.72,186,0.0021288542536244165
0.72,187,0.026889401103966988
0.72,188,0.004573213320174436
0.72,189,0.018552865451950385
0.72,190,0.1028703490736842
0.72,191,-0.05085331872579959
0.72,192,0.7832255620003159
0.72,193,0.0008704815168731713
0.72,194,0.0018576452745283597
0.72,195,-0.00044518319083680327
0.72,196,-0.0010056198473674088
0.72,197,-0.00012189690315843327
0.72,198,2.345787232895782e-5
0.73,intercept,0.004524769262749456
0.73,1,0.006364206553481195
0.73,2,0.0003047791189289347
0.73,3,-0.0007405632346533079
0.73,4,-0.0011739972146908243
0.73,5,5.258823101954891e-5
0.73,6,0.0006637854143193365
0.73,7,0.00452261897088805
0.73,8,-0.0006756066045235034
0.73,9,0.0015192905703545554
0.73,10,-0.0015256389275670797
0.73,11,-0.00014558906661718942
0.73,12,0.00014767397549501435
0.73,13,0.0015899205605305145
0.73,14,-0.0012978762169514393
0.73,15,0.0009754499339191436
0.73,16,0.0008400709240277094
0.73,17,0.00043498707869084807
0.73,18,-0.0016659010956863013
0.73,19,0.0013309079159337502
0.73,20,0.0008560972916255385
0.73,21,-0.0004793728863944805
0.73,22,0.0018718047536122374
0.73,23,-0.0018249370208824368
0.73,24,-0.0012181229313305165
0.73,25,0.0008964049063039176
0.73,26,0.0006233241497818374
0.73,27,-0.0005917171610058449
0.73,28,0.0007874085672637442
0.73,29,0.0009447749543295945
0.73,30,-0.001115081974832681
0.73,31,-0.00013795256212476738
0.73,32,-0.0016058662796143517
0.73,33,0.001332577009506516
0.73,34,-0.0010843731894622937
0.73,35,0.0005644207810711392
0.73,36,-0.0002889928141440587
0.73,37,0.0006762186767833124
0.73,38,0.0004750591057139529
0.73,39,7.740556379029189e-5
0.73,40,-0.0007456543746806479
0.73,41,-0.001261759903941772
0.73,42,0.0007168441880386348
0.73,43,0.00046248081235113436
0.73,44,9.759407978508655e-5
0.73,45,-0.0014405700027579503
0.73,46,-0.0002812382332365501
0.73,47,9.020491735870679e-5
0.73,48,0.001221646081083149
0.73,49,-6.0881205998445145e-5
0.73,50,-0.00042037578267538177
0.73,51,0.00039811378636266234
0.73,52,0.0009181882229747227
0.73,53,0.0008620404665985938
0.73,54,-0.0020814260230090135
0.73,55,0.00041961591935591884
0.73,56,0.0010936046732019811
0.73,57,-0.0003803423394673376
0.73,58,-0.00025605716510524937
0.73,59,-0.001412101043940755
0.73,60,0.0035882153417991828
0.73,61,-0.0023021037660768155
0.73,62,0.0012837238169985544
0.73,63,0.0021888240773942566
0.73,64,-0.0021900770727478905
0.73,65,0.0015151022895169757
0.73,66,0.0009690967330690744
0.73,67,0.00030058164831764015
0.73,68,0.0015335749171025163
0.73,69,-0.0017974928763418844
0.73,70,0.0013575723723091742
0.73,71,-0.0013334485632316671
0.73,72,0.00017009449933096888
0.73,73,0.0004056910536708866
0.73,74,0.000754116916701558
0.73,75,0.0006039464916164456
0.73,76,-0.0021222512818331886
0.73,77,0.0021539115950553428
0.73,78,-0.0009772238504876993
0.73,79,0.0014606760675556912
0.73,80,-0.0006192780396476629
0.73,81,-0.001792496109981774
0.73,82,0.0013237605704083742
0.73,83,-0.003229646048510117
0.73,84,0.0026433510809235334
0.73,85,-5.558174345408977e-5
0.73,86,-0.0027145691510113363
0.73,87,0.003764282739505206
0.73,88,-0.0011785084331990786
0.73,89,0.0034335558307031686
0.73,90,0.0013712241100872966
0.73,91,-0.004406395031051671
0.73,92,0.0006060051270923632
0.73,93,0.003982130243388308
0.73,94,0.0016895782027987612
0.73,95,-0.00013629474608410587
0.73,96,-0.0035495384332050214
0.73,97,0.0005636785341725984
0.73,98,0.00376750858454127
0.73,99,-0.0011606901037365986
0.73,100,0.0010755070317303784
0.73,101,-0.0031964608524350313
0.73,102,0.00265677662254857
0.73,103,0.0022569186093317714
0.73,104,0.00038750556497351194
0.73,105,-0.0010702531994179003
0.73,106,0.0010290147132458423
0.73,107,0.0012680817359843211
0.73,108,-0.0007461679610316047
0.73,109,-0.0005908956185006266
0.73,110,0.0013809938220412917
0.73,111,0.0002887233117178514
0.73,112,0.003071454302849105
0.73,113,-0.001477255146999371
0.73,114,0.00040361630743628225
0.73,115,-0.00034166076637600316
0.73,116,0.0007576430192128724
0.73,117,-0.00016081820652411247
0.73,118,0.000450331423731296
0.73,119,-0.0018187375441662409
0.73,120,0.0003561508861084002
0.73,121,0.000340442564935828
0.73,122,-0.00023284531030670912
0.73,123,-0.0010384207917187914
0.73,124,-0.00036787463853306314
0.73,125,0.002163963600429977
0.73,126,0.0006524287404486978
0.73,127,-0.0005616136315408743
0.73,128,-0.000479891133220956
0.73,129,0.00030737770957114946
0.73,130,0.0026031324761530902
0.73,131,-0.003388992212860664
0.73,132,0.0009271226896910767
0.73,133,0.0008587597554635558
0.73,134,-6.637860003419546e-5
0.73,135,0.0008357616890072275
0.73,136,0.00017846161184510638
0.73,137,-0.0010354471920960718
0.73,138,-0.0011779375377793402
0.73,139,0.0004379941264952869
0.73,140,-0.001332207936906114
0.73,141,0.0026730619512608323
0.73,142,-0.002763093565100239
0.73,143,0.002151818317359116
0.73,144,0.00010571539947467189
0.73,145,-0.0025968311341434203
0.73,146,0.001384273835514917
0.73,147,0.000814266679749105
0.73,148,0.0008311183947829459
0.73,149,-0.00021535474048457273
0.73,150,1.3103349416725327e-5
0.73,151,-0.0005300348607428408
0.73,152,0.0005227119498806013
0.73,153,0.001416434563738731
0.73,154,0.0014346278451816074
0.73,155,-0.0013793914304575103
0.73,156,0.00015067062699897766
0.73,157,0.0015647096743792676
0.73,158,0.0013243014298342135
0.73,159,-0.0015044110989626935
0.73,160,0.0003734352226427173
0.73,161,0.0010610576990305407
0.73,162,0.000928643206570748
0.73,163,0.0002871810518293458
0.73,164,-0.0014258229951709756
0.73,165,0.00039134790786516196
0.73,166,0.0014555846298895175
0.73,167,-0.0002677211185244496
0.73,168,0.0019167100045101846
0.73,169,-0.0008604927247477397
0.73,170,-0.0016254594211677447
0.73,171,0.0012626585266599852
0.73,172,-0.0008658213135964364
0.73,173,2.6381708714449703e-5
0.73,174,-0.0002127047889119145
0.73,175,-0.00029672210431702997
0.73,176,0.0017425375495981452
0.73,177,-0.0018322143744168493
0.73,178,-0.0024648054695992445
0.73,179,0.0016417590619597791
0.73,180,0.0012610789907581308
0.73,181,-0.0018663573962134762
0.73,182,0.003194004142284575
0.73,183,-0.0040712563019161055
0.73,184,-0.0005011243389103225
0.73,185,0.006933175051133583
0.73,186,0.0014147007896799008
0.73,187,0.028274149690119193
0.73,188,0.004030107809104777
0.73,189,0.020792065042169343
0.73,190,0.10680348354391742
0.73,191,-0.05294557623981173
0.73,192,0.7922230711210634
0.73,193,0.0009627493954942481
0.73,194,0.0018831995762942626
0.73,195,-0.0004072158610787346
0.73,196,-0.0010965168873596197
0.73,197,-0.00013869735128407487
0.73,198,-1.0834901915572105e-5
0.74,intercept,0.004336129394459629
0.74,1,0.006833453655830562
0.74,2,0.000673226123771362
0.74,3,-0.0011200594954932567
0.74,4,-0.0007466540107040045
0.74,5,-0.00013501269253764225
0.74,6,0.0011477923807603685
0.74,7,0.004374247898270097
0.74,8,-0.0011679271313200768
0.74,9,0.001972709039364772
0.74,10,-0.001696141558724765
0.74,11,-0.00010877441128292109
0.74,12,0.0010960531044314338
0.74,13,0.0012617891085775392
0.74,14,-0.0010059725307664327
0.74,15,0.0005381745742891254
0.74,16,0.0007968020954793486
0.74,17,-0.0003106972381571103
0.74,18,-0.0011937034665044498
0.74,19,0.0010990630377617871
0.74,20,0.0007939886311815726
0.74,21,-0.00036773875302704344
0.74,22,0.001267067480415631
0.74,23,-0.0012454991161302052
0.74,24,-0.0007141850557919211
0.74,25,0.00032549535847784975
0.74,26,0.0008614620856541428
0.74,27,-0.0009556569776543964
0.74,28,0.0013849342149280114
0.74,29,0.0010858729837459364
0.74,30,-0.0013969346293174565
0.74,31,0.00011502128952359254
0.74,32,-0.0015845643762029452
0.74,33,0.0014039230216437452
0.74,34,-0.001301511394511159
0.74,35,0.0004686304759296071
0.74,36,-0.0005760978346541852
0.74,37,0.0008717529154478117
0.74,38,0.0004465511418716745
0.74,39,4.708313257598943e-5
0.74,40,-0.0006267657965662811
0.74,41,-0.0010491051000386699
0.74,42,0.0007460547945465679
0.74,43,0.0002307441674624102
0.74,44,0.00011339347285562318
0.74,45,-0.001484684304609983
0.74,46,-0.00031903792271128454
0.74,47,0.0001264318205697333
0.74,48,0.001546697448104616
0.74,49,-0.0001908742361544338
0.74,50,-0.000655696696340742
0.74,51,0.0003763119484576109
0.74,52,0.0010192033418248425
0.74,53,0.0006646508712080838
0.74,54,-0.0022202945402453747
0.74,55,0.0005977663670508839
0.74,56,0.0014438625411126148
0.74,57,-0.0006529994960433008
0.74,58,-0.0005110999079278313
0.74,59,-0.0014060602498002434
0.74,60,0.003841099054719468
0.74,61,-0.002521483956999087
0.74,62,0.0015125733249888283
0.74,63,0.0021421515434068674
0.74,64,-0.002155975492796978
0.74,65,0.0010140225860303233
0.74,66,0.0016178338023004311
0.74,67,-0.000101631134994377
0.74,68,0.0016060171604217852
0.74,69,-0.00197666791379406
0.74,70,0.0009490896839599362
0.74,71,-0.0006353237679765758
0.74,72,-7.202008515349669e-5
0.74,73,0.000498333457003442
0.74,74,0.0006533587201556735
0.74,75,0.000554947207497897
0.74,76,-0.0017921264325778032
0.74,77,0.0021175016519926998
0.74,78,-0.0004318114792874023
0.74,79,0.0012063620958221303
0.74,80,-0.000859286356016558
0.74,81,-0.0011086505541303068
0.74,82,0.00032082870158659486
0.74,83,-0.0031341268955951524
0.74,84,0.0028653676127144653
0.74,85,-0.0009007786268379966
0.74,86,-0.002051343571299611
0.74,87,0.002874860493121669
0.74,88,-0.000596078302493741
0.74,89,0.003563102414155346
0.74,90,0.0012244418102574505
0.74,91,-0.005193888551698322
0.74,92,0.0009102353717147337
0.74,93,0.004055452018323072
0.74,94,0.0017848203221032003
0.74,95,0.0003021578395149631
0.74,96,-0.004109603606670585
0.74,97,-9.695473678404352e-5
0.74,98,0.0038522911898072536
0.74,99,-0.0014414459856399815
0.74,100,0.0016091428672879028
0.74,101,-0.0031171195167592957
0.74,102,0.0034075763354993226
0.74,103,0.0016759879864197264
0.74,104,2.99392519874623e-5
0.74,105,-0.0004102799108001706
0.74,106,0.00022599534797959002
0.74,107,0.0022390882612974075
0.74,108,-0.0007508993136870934
0.74,109,-0.0009932313813044449
0.74,110,0.0020469245704477284
0.74,111,0.000408244466105198
0.74,112,0.0033400452711440523
0.74,113,-0.002263012419680787
0.74,114,0.0008474880469694616
0.74,115,-0.0012527748508364472
0.74,116,0.0015886188292193492
0.74,117,-0.0004379854689306134
0.74,118,0.0004900170933104691
0.74,119,-0.002087027746683107
0.74,120,0.0005040562965469306
0.74,121,0.0004631084785520424
0.74,122,0.0005395193686723685
0.74,123,-0.001211656868647629
0.74,124,-0.0006999758375519759
0.74,125,0.002385222041419004
0.74,126,0.0005754934806120985
0.74,127,-0.0011450887026507972
0.74,128,-0.00044321084595367466
0.74,129,0.00011348309577361022
0.74,130,0.0027680128621973814
0.74,131,-0.0035934277824738676
0.74,132,0.0006785705335405831
0.74,133,0.000774539602779576
0.74,134,0.0002257604467359733
0.74,135,0.000632865468076958
0.74,136,0.00040724972355768045
0.74,137,-0.0009413608833685957
0.74,138,-0.0011031042920372372
0.74,139,0.0004228643969710982
0.74,140,-0.0013077615119726042
0.74,141,0.0027336557618043117
0.74,142,-0.0028845013914452
0.74,143,0.0018820135469548372
0.74,144,0.00032679585034448114
0.74,145,-0.002468169932516409
0.74,146,0.0012124367058621007
0.74,147,0.0007377860523834503
0.74,148,0.0007432957789006916
0.74,149,-0.0003362817807840175
0.74,150,0.00016189228008064042
0.74,151,-0.0007544399329608048
0.74,152,0.0003978590922333354
0.74,153,0.0013844161075571469
0.74,154,0.00115237673871445
0.74,155,-0.0011186925505117732
0.74,156,-9.39007269629976e-5
0.74,157,0.0013899166814725025
0.74,158,0.0014114322175469696
0.74,159,-0.0016346343441733273
0.74,160,0.0004099869715687681
0.74,161,0.0009436666592475818
0.74,162,0.0013193223799847964
0.74,163,0.0007177912853269831
0.74,164,-0.0018263001101262656
0.74,165,0.00047587809476313115
0.74,166,0.001150238229745742
0.74,167,-0.0006781110147210793
0.74,168,0.0023254841859444734
0.74,169,-0.0008739875557687214
0.74,170,-0.0014863014605909258
0.74,171,0.00151270969991707
0.74,172,-0.0015241151751845578
0.74,173,5.1892773034726574e-5
0.74,174,-0.00013742030691411738
0.74,175,-0.0004900702812152515
0.74,176,0.0024304306411320944
0.74,177,-0.002155995445236791
0.74,178,-0.002255427609241771
0.74,179,0.0013016127944017585
0.74,180,0.001771715689013361
0.74,181,-0.0027375109707443116
0.74,182,0.0034988630190700407
0.74,183,-0.0037793404255405997
0.74,184,-0.0014405038638016156
0.74,185,0.007808027622440913
0.74,186,0.0018456452545937666
0.74,187,0.031152219475847034
0.74,188,0.004479745371251029
0.74,189,0.02606731230304872
0.74,190,0.11813214602256082
0.74,191,-0.05879953889072276
0.74,192,0.8020542481101133
0.74,193,0.0009293505702021631
0.74,194,0.0015714790236682687
0.74,195,-0.00032167660014262994
0.74,196,-0.00117780267384454
0.74,197,-0.00013991232463834297
0.74,198,-2.7674976723629835e-5
0.75,intercept,0.004177501830645034
0.75,1,0.006678562706134009
0.75,2,0.0015676802564661592
0.75,3,-0.0006904549618236704
0.75,4,-0.0012879044186612056
0.75,5,0.00021026607866649275
0.75,6,0.0011034622021113601
0.75,7,0.004231202596464293
0.75,8,-0.0005095899357992314
0.75,9,0.001417285461637195
0.75,10,-0.0012113462732334889
0.75,11,-0.00047492693355327063
0.75,12,0.0015160459237746175
0.75,13,0.0007594179218492202
0.75,14,-0.0010367462739833075
0.75,15,-0.00011253807391952652
0.75,16,0.0011373804762771667
0.75,17,-0.0003765727864375705
0.75,18,-0.0008967527857107647
0.75,19,0.0008417802021446272
0.75,20,0.000932450250980026
0.75,21,-0.00044024833203632787
0.75,22,0.0009479643055659141
0.75,23,-0.001341677580767459
0.75,24,-0.001027684080019748
0.75,25,0.0004960885714571649
0.75,26,0.0009769612530010506
0.75,27,-0.0011925039251605015
0.75,28,0.0014922806980884444
0.75,29,0.0011081780297648844
0.75,30,-0.0016171767845824872
0.75,31,0.00022555970139017886
0.75,32,-0.0011842512893691286
0.75,33,0.0010704823702890544
0.75,34,-0.0012086044601256128
0.75,35,0.0003441632139507239
0.75,36,-0.0004323575907223579
0.75,37,0.0010379177290736749
0.75,38,6.919164274166888e-5
0.75,39,0.00033540414347286193
0.75,40,-0.000843713769535795
0.75,41,-0.0004702328612524823
0.75,42,0.0005754651873150332
0.75,43,0.0005639200966312763
0.75,44,-0.0003856761304239248
0.75,45,-0.001474452698418913
0.75,46,-0.0002670510205066475
0.75,47,-0.00015044176975338903
0.75,48,0.0017087133298876029
0.75,49,-0.00031683281257889704
0.75,50,-0.000642566394902429
0.75,51,0.0003563955075453772
0.75,52,0.001290447252795714
0.75,53,0.00017455163438077299
0.75,54,-0.0016930931206930481
0.75,55,0.0005386622757311142
0.75,56,0.001562562234883035
0.75,57,-0.0009012468761768652
0.75,58,-0.00029908987027096445
0.75,59,-0.0017642329391150992
0.75,60,0.003864109712915084
0.75,61,-0.0022557723958145405
0.75,62,0.0012846825146434328
0.75,63,0.0021574601423705792
0.75,64,-0.0023346799042330666
0.75,65,0.0012471175340922163
0.75,66,0.001534036506013297
0.75,67,-0.00015536999972966953
0.75,68,0.001492392541019213
0.75,69,-0.0019021868074435024
0.75,70,0.000886271628683446
0.75,71,-0.000563116386522504
0.75,72,-0.00039958708274444917
0.75,73,0.0005643786218009456
0.75,74,0.001073317585198643
0.75,75,0.0005266438105969888
0.75,76,-0.001900053791595721
0.75,77,0.0019989086810862896
0.75,78,-0.00027811856127187066
0.75,79,0.001453564283857436
0.75,80,-0.0010664279422924953
0.75,81,-0.0007947383265774274
0.75,82,0.00010185525504017415
0.75,83,-0.003023320556502145
0.75,84,0.002286881935598204
0.75,85,0.0003035756870837696
0.75,86,-0.003170795219374801
0.75,87,0.003300603906308748
0.75,88,-0.001732163635356185
0.75,89,0.004008128827536572
0.75,90,0.0010924840121748819
0.75,91,-0.00519344065710066
0.75,92,0.000760214024379167
0.75,93,0.003662392091650814
0.75,94,0.0025249840574360885
0.75,95,-0.0003908433287694193
0.75,96,-0.0034858571096400056
0.75,97,-0.0005661063007111526
0.75,98,0.004568948088765583
0.75,99,-0.001619453417924726
0.75,100,0.001652783481396761
0.75,101,-0.0033989427940951476
0.75,102,0.0028780155073471606
0.75,103,0.0006513227560173779
0.75,104,0.0007964118460498201
0.75,105,-0.00017296766321524948
0.75,106,0.00030407501315707445
0.75,107,0.001850842087239714
0.75,108,-0.0004432872287939306
0.75,109,-0.0008427308924962156
0.75,110,0.002243442769288108
0.75,111,0.000909099255336199
0.75,112,0.003504414355809827
0.75,113,-0.002647703745370149
0.75,114,0.0006537077115552707
0.75,115,-0.0014673236492903678
0.75,116,0.002158670804804086
0.75,117,-0.0008436015062223546
0.75,118,0.0005636446181422744
0.75,119,-0.0018581897314570268
0.75,120,0.00041121795948631865
0.75,121,-5.917607875734759e-5
0.75,122,0.0007065361897553733
0.75,123,-0.0018102780864363793
0.75,124,-0.00016086121223044667
0.75,125,0.0018611834373943763
0.75,126,0.0009231061732304908
0.75,127,-0.0009496225000582599
0.75,128,-0.0005708876285382019
0.75,129,-0.0002266202274379621
0.75,130,0.0028327576981486643
0.75,131,-0.0035565200777674774
0.75,132,0.000674550601419617
0.75,133,0.0008605069211547624
0.75,134,0.0002844841778602954
0.75,135,0.0008384093277022525
0.75,136,0.0001309388971237955
0.75,137,-0.0009207586724473886
0.75,138,-0.0012866111632859468
0.75,139,0.0007516792144223364
0.75,140,-0.0015356521195306226
0.75,141,0.0026090321032132997
0.75,142,-0.002704190601650451
0.75,143,0.001981938977968718
0.75,144,0.0004542949833171434
0.75,145,-0.002605261942522654
0.75,146,0.0012867754379541285
0.75,147,0.0005905150440716485
0.75,148,0.0006808993386449351
0.75,149,-0.0003760489623781267
0.75,150,-0.0002442709524125852
0.75,151,-0.0006058839390819269
0.75,152,0.0004918318815753757
0.75,153,0.0012435292675411621
0.75,154,0.0011643429897660968
0.75,155,-0.0015377524057974654
0.75,156,0.0005115251012031851
0.75,157,0.0010697155552762713
0.75,158,0.0015546095453464934
0.75,159,-0.0017709571689378978
0.75,160,0.0004757540908560921
0.75,161,0.001110552655298054
0.75,162,0.001035883192154949
0.75,163,0.0011507239975501772
0.75,164,-0.0018896027564676318
0.75,165,0.00038347704754073173
0.75,166,0.0013390303449931557
0.75,167,-0.0010194793019403555
0.75,168,0.0029479734271784077
0.75,169,-0.0011252465285819105
0.75,170,-0.0020269020046315865
0.75,171,0.0017883380258678307
0.75,172,-0.001635860200743505
0.75,173,0.00030963107503282803
0.75,174,-0.00024051987121508856
0.75,175,-0.0005266130425846177
0.75,176,0.0022012307629117665
0.75,177,-0.00268864556762722
0.75,178,-0.0018257755775452358
0.75,179,0.0006851913858511863
0.75,180,0.0013110087764350903
0.75,181,-0.0013570272827061703
0.75,182,0.003022869891536582
0.75,183,-0.0032103408075173996
0.75,184,-0.002633393963894234
0.75,185,0.007753513393151868
0.75,186,0.002553647371948729
0.75,187,0.03214770791448888
0.75,188,0.004964911985222368
0.75,189,0.03034480460767088
0.75,190,0.12719912123025792
0.75,191,-0.06367834316269247
0.75,192,0.8146074618907607
0.75,193,0.0018900087075609932
0.75,194,0.0021118249146633125
0.75,195,-0.00023554685924602074
0.75,196,-0.0012659227730783748
0.75,197,-0.0001424927356180987
0.75,198,-6.178123380650227e-5
0.76,intercept,0.003959912146957171
0.76,1,0.006015732801028488
0.76,2,0.001991264969620408
0.76,3,-0.001252170844496864
0.76,4,-0.0011079650196299075
0.76,5,0.0005464647731381149
0.76,6,0.0013136915585496686
0.76,7,0.003425491794426252
0.76,8,-0.0003883524294480657
0.76,9,0.002172835748037318
0.76,10,-0.001104803703937694
0.76,11,-0.00046607562014568495
0.76,12,0.0018032195314963996
0.76,13,0.0006850531032201903
0.76,14,-0.0003509061916708087
0.76,15,-0.0005544094817736238
0.76,16,0.000832457120772156
0.76,17,0.00040586187626717024
0.76,18,-0.0011862160870170285
0.76,19,0.0006714713359039558
0.76,20,0.001317078311262769
0.76,21,-0.000887350062467633
0.76,22,0.001466297019642527
0.76,23,-0.0017932448974851414
0.76,24,-0.0012142424472662986
0.76,25,0.0005996392553595547
0.76,26,0.0010697315929192055
0.76,27,-0.0013117134709351188
0.76,28,0.001635480415660497
0.76,29,0.0008451036546517674
0.76,30,-0.0018004933332705195
0.76,31,0.0004924523838201411
0.76,32,-0.0015229693206897427
0.76,33,0.0015220283509087863
0.76,34,-0.0013165546270741814
0.76,35,-0.0005170134968713955
0.76,36,-0.00024434886737423605
0.76,37,0.0011998642616391493
0.76,38,0.0005801645332437037
0.76,39,0.00023019390913707921
0.76,40,-0.000429487919960531
0.76,41,-0.0005289606634780546
0.76,42,0.0003291966088495477
0.76,43,0.000639130511252414
0.76,44,-0.0005379018624067033
0.76,45,-0.0013789286543279152
0.76,46,-0.00048010738791394014
0.76,47,-0.00025181346436119043
0.76,48,0.0017061324784835516
0.76,49,-0.00040286627134536094
0.76,50,-0.0006695246397451413
0.76,51,0.00041850154824297814
0.76,52,0.0010226857763986823
0.76,53,0.0002165776378917957
0.76,54,-0.0014781224243551906
0.76,55,0.0005627919388780596
0.76,56,0.0017522763059959186
0.76,57,-0.000948107614540235
0.76,58,-0.00046012183076653285
0.76,59,-0.0017719143161394214
0.76,60,0.003651340693974991
0.76,61,-0.00205485922207771
0.76,62,0.001742133340646361
0.76,63,0.0020544867230012894
0.76,64,-0.002617902352734805
0.76,65,0.0011390097148214454
0.76,66,0.0010486388331188226
0.76,67,0.00012581423163925194
0.76,68,0.001371398034964808
0.76,69,-0.0018512253777433793
0.76,70,0.0009411804716410206
0.76,71,-0.0009252878215028462
0.76,72,-0.00021613134577129112
0.76,73,0.000425812484035156
0.76,74,0.0008610692283020315
0.76,75,0.0009007369301011265
0.76,76,-0.001946693895759263
0.76,77,0.0013654712944190677
0.76,78,0.0007093705517035649
0.76,79,0.0013123381251746225
0.76,80,-0.0006340297530233296
0.76,81,-0.001458071359539254
0.76,82,0.00020351440082923966
0.76,83,-0.0024894873682419997
0.76,84,0.0018784965030981303
0.76,85,3.9153539149696665e-5
0.76,86,-0.0037089347256977928
0.76,87,0.00371600134369324
0.76,88,-0.0016602271125974086
0.76,89,0.003219254885107433
0.76,90,0.0013246655777419993
0.76,91,-0.005283046322189687
0.76,92,0.00118776386926673
0.76,93,0.0035137010807887023
0.76,94,0.002378607344250727
0.76,95,-0.00023809945199358974
0.76,96,-0.003016544206605221
0.76,97,-0.0006131278821585823
0.76,98,0.005644108861698913
0.76,99,-0.001819791255497872
0.76,100,0.001712703132143677
0.76,101,-0.003742079625901947
0.76,102,0.0030452835660471655
0.76,103,0.0007334657575267745
0.76,104,0.0007713214797206325
0.76,105,-0.00047365437251533634
0.76,106,0.00012725402529732086
0.76,107,0.001610874407623745
0.76,108,-0.00012337632012370382
0.76,109,-0.0009288825865758622
0.76,110,0.0024002318859859062
0.76,111,0.0012254862358275671
0.76,112,0.003288361679608566
0.76,113,-0.0029551078319474825
0.76,114,0.0007114875470872969
0.76,115,-0.0014862457603499514
0.76,116,0.001546609823997431
0.76,117,-0.0004923869098137461
0.76,118,0.000293300965177853
0.76,119,-0.001628349485724595
0.76,120,0.0002963388594211228
0.76,121,0.0003090923842260449
0.76,122,8.340411349375689e-5
0.76,123,-0.0013130908074707318
0.76,124,-0.0002834392393228543
0.76,125,0.0018980649955113566
0.76,126,0.0006426500248163477
0.76,127,-0.000868035253726313
0.76,128,-0.0006882148599950846
0.76,129,-9.323472515166011e-5
0.76,130,0.002566241743659026
0.76,131,-0.002958357238461546
0.76,132,0.0001852947337046617
0.76,133,0.0011980491048543922
0.76,134,0.0005754029331228746
0.76,135,0.0008078839422812305
0.76,136,0.00011727610682343804
0.76,137,-0.000848896000237546
0.76,138,-0.0014207134612447547
0.76,139,0.0012301498648595198
0.76,140,-0.0013462959247793106
0.76,141,0.002558359313425446
0.76,142,-0.0027713195385395146
0.76,143,0.002055402837987168
0.76,144,0.00022194803004425365
0.76,145,-0.002485446627044599
0.76,146,0.0015051478467077554
0.76,147,0.0003702419044214045
0.76,148,0.0005894655504024286
0.76,149,-0.0006895482067488585
0.76,150,-9.070921005272664e-5
0.76,151,-0.0005573549546846682
0.76,152,0.0008920986736429246
0.76,153,0.0010272086180134305
0.76,154,0.001172466852782637
0.76,155,-0.0015675710208738307
0.76,156,0.00017240976162015285
0.76,157,0.001476843464880728
0.76,158,0.0009169663479155222
0.76,159,-0.0014141226779239464
0.76,160,0.0004195361803504198
0.76,161,0.0012680506273011424
0.76,162,0.0008421552721806592
0.76,163,0.001184956591901536
0.76,164,-0.0017195196547783664
0.76,165,0.00017937234871532174
0.76,166,0.001473799998647075
0.76,167,-0.0010272070785609588
0.76,168,0.0021945135244959293
0.76,169,-0.0008439134630904964
0.76,170,-0.002162210807018957
0.76,171,0.0010348093370492067
0.76,172,-0.0007391655784076874
0.76,173,-0.00015197680370460957
0.76,174,0.0005350884550067431
0.76,175,-0.0008079006148800511
0.76,176,0.001965278433042525
0.76,177,-0.002196004270402172
0.76,178,-0.002195060396641165
0.76,179,0.0007826288614047788
0.76,180,0.000858031170072655
0.76,181,-0.0009099278741228601
0.76,182,0.002535357423239605
0.76,183,-0.003162417623174244
0.76,184,-0.0029013985430521253
0.76,185,0.0071777127799657735
0.76,186,0.004726811754761948
0.76,187,0.03342764685332058
0.76,188,0.005504992695196371
0.76,189,0.03395293651254322
0.76,190,0.1421559193871063
0.76,191,-0.06868595134252789
0.76,192,0.8233805897312929
0.76,193,0.0020650493736842066
0.76,194,0.0023622840852176403
0.76,195,-0.00019831591288812982
0.76,196,-0.0013584552535779537
0.76,197,-0.00017709212187398161
0.76,198,-0.00013301324661105126
0.77,intercept,0.0037698401306444675
0.77,1,0.005838902168183164
0.77,2,0.002071571962319664
0.77,3,-0.0015783353333147624
0.77,4,-0.0016880927849640462
0.77,5,0.0003186857905209288
0.77,6,0.0009456709036446405
0.77,7,0.003448678237174548
0.77,8,-0.0004179455469305546
0.77,9,0.002244535319269135
0.77,10,-0.0009012394456595075
0.77,11,-0.0009034534102612226
0.77,12,0.0025037538550890678
0.77,13,0.001500417867707138
0.77,14,-0.0006533403843486457
0.77,15,-0.0004378272309269554
0.77,16,0.00021712620215853025
0.77,17,0.0009196606498908644
0.77,18,-0.0013548749094976509
0.77,19,0.0005164853606232352
0.77,20,0.0017529000176060598
0.77,21,-0.0016189337588272295
0.77,22,0.002047827577777829
0.77,23,-0.00212258889959225
0.77,24,-0.001567469566239727
0.77,25,0.0010484862610600917
0.77,26,0.0009080413382528347
0.77,27,-0.001916847552937245
0.77,28,0.001728100057655211
0.77,29,0.00032153218085785297
0.77,30,-0.0014156654474769376
0.77,31,-0.00011483786477921297
0.77,32,-0.0004471065637207042
0.77,33,0.0010134856538967848
0.77,34,-0.000948816128928572
0.77,35,-0.0005142484582310067
0.77,36,-0.00038940369569736416
0.77,37,0.0010341908942268286
0.77,38,0.0009932111440625288
0.77,39,0.0005104593234412796
0.77,40,-0.000494459998686065
0.77,41,-0.00035988556279289085
0.77,42,0.0001981083932519854
0.77,43,0.0008279691019922865
0.77,44,-0.0005451987330956239
0.77,45,-0.001342080855648819
0.77,46,-0.00039655483016553985
0.77,47,-0.00024278879491960707
0.77,48,0.001082588784791029
0.77,49,6.113218955246926e-5
0.77,50,-0.0012359534510408311
0.77,51,0.0008860634192692915
0.77,52,0.0010603722753789115
0.77,53,-2.5001145695071133e-5
0.77,54,-0.0015707802335697856
0.77,55,0.0012759309152777605
0.77,56,0.001905022141553775
0.77,57,-0.0015325252697358871
0.77,58,7.752285119029943e-5
0.77,59,-0.0018088853979060257
0.77,60,0.0035541230278500822
0.77,61,-0.0023915258071318876
0.77,62,0.001507393103452495
0.77,63,0.001902301417278351
0.77,64,-0.0024126721498213054
0.77,65,0.0017291527348886606
0.77,66,0.0005235454601111848
0.77,67,0.0001398136554702937
0.77,68,0.0013619471300260566
0.77,69,-0.0017340229211912249
0.77,70,0.0010919412702150235
0.77,71,-0.0012731118178030774
0.77,72,-0.0001132852880650679
0.77,73,0.0008679319105847128
0.77,74,0.00010191513375190715
0.77,75,0.001433493109413255
0.77,76,-0.002260435017070606
0.77,77,0.0017521405588492719
0.77,78,0.0009642460030856194
0.77,79,0.0012243126959296188
0.77,80,-0.00023255731891503621
0.77,81,-0.002087960952300335
0.77,82,-0.00036155459166774885
0.77,83,-0.0023617070838606955
0.77,84,0.001608467814992972
0.77,85,-5.981737774415773e-6
0.77,86,-0.0037421656828576216
0.77,87,0.003804805866090944
0.77,88,-0.000811932679988346
0.77,89,0.0031104051737989124
0.77,90,0.0010336929463462148
0.77,91,-0.005230330835171629
0.77,92,0.0014587388036505613
0.77,93,0.003007607440035924
0.77,94,0.003164093735767188
0.77,95,-0.00027294772579419374
0.77,96,-0.0029714809341779406
0.77,97,-0.0012412694607523043
0.77,98,0.005808967017461946
0.77,99,-0.001567910126840772
0.77,100,0.0021426913226468367
0.77,101,-0.004729014531007996
0.77,102,0.00358387765999633
0.77,103,0.0003130492270853769
0.77,104,0.0010509361757143007
0.77,105,0.0004211328414782034
0.77,106,-0.0005558325781442444
0.77,107,0.0016176967080159662
0.77,108,-0.0007282719278091986
0.77,109,-0.0010253983098316949
0.77,110,0.002632993536471049
0.77,111,0.0014576669592903074
0.77,112,0.0033882389059591233
0.77,113,-0.0023761081398770783
0.77,114,0.0003096033502655676
0.77,115,-0.0009130389055636588
0.77,116,0.001114469406876715
0.77,117,0.00015819350913522453
0.77,118,0.00014802631206549678
0.77,119,-0.0021524302286906297
0.77,120,0.0006554347854360509
0.77,121,-0.00010233929413387475
0.77,122,0.0003188582517713207
0.77,123,-0.0013113775267636788
0.77,124,-0.0006993975880703098
0.77,125,0.001955394186751522
0.77,126,0.0004844180219223259
0.77,127,-0.000718621977036246
0.77,128,-0.0008225592645785202
0.77,129,-0.0002026780396755
0.77,130,0.0025886513112530498
0.77,131,-0.0025319601502338885
0.77,132,0.0004974781419057417
0.77,133,0.0012504993851530344
0.77,134,0.0008950964806766503
0.77,135,0.000279950592657583
0.77,136,0.0004993374856645272
0.77,137,-0.0009554338200547291
0.77,138,-0.001986004902181082
0.77,139,0.0018489503172551657
0.77,140,-0.001654571999208563
0.77,141,0.0024658877648991643
0.77,142,-0.002927526845379905
0.77,143,0.002443225449567349
0.77,144,0.0002021066783114487
0.77,145,-0.0024178466074885464
0.77,146,0.0011931411041532886
0.77,147,0.00047408258369557605
0.77,148,0.00021612479239616224
0.77,149,-0.00023940492588968822
0.77,150,-0.00028518606900883287
0.77,151,-0.0012159533260728548
0.77,152,0.0010435576537576976
0.77,153,0.0010069919918309835
0.77,154,0.0010040629640662286
0.77,155,-0.001688548811491227
0.77,156,0.0002738076031483039
0.77,157,0.0011251161390378687
0.77,158,0.0012615633611562805
0.77,159,-0.0014230120469304968
0.77,160,0.0005543160922440753
0.77,161,0.0011464583788517546
0.77,162,0.0009166172775425561
0.77,163,0.0006863944113983498
0.77,164,-0.0014840755689342442
0.77,165,4.833267607673615e-5
0.77,166,0.001435415790977935
0.77,167,-0.001373723236381416
0.77,168,0.002434253775794494
0.77,169,-0.0012698222343462595
0.77,170,-0.0013222684707396824
0.77,171,0.0005705943386970285
0.77,172,-0.0005738634372234278
0.77,173,-9.170295763494679e-5
0.77,174,0.0004637228078475487
0.77,175,-0.0013882468432318453
0.77,176,0.0028147575493972445
0.77,177,-0.0021902990015161203
0.77,178,-0.0026283780483043217
0.77,179,0.0010290512839442407
0.77,180,0.0009706193215533346
0.77,181,-0.001627605559587259
0.77,182,0.002884555955882141
0.77,183,-0.0038027554180134057
0.77,184,-0.004208814399344819
0.77,185,0.00909111817754674
0.77,186,0.0038294006504109644
0.77,187,0.03538263216061169
0.77,188,0.005135171438550624
0.77,189,0.04157862601865832
0.77,190,0.16109484689453993
0.77,191,-0.07480863387816743
0.77,192,0.8336730903778989
0.77,193,0.0019796773748313864
0.77,194,0.0013491708479257598
0.77,195,-0.00013763945507787328
0.77,196,-0.0015606723072444275
0.77,197,-0.00018937488863504572
0.77,198,-0.00017849958578852992
0.78,intercept,0.003589911837270775
0.78,1,0.0052973695591731805
0.78,2,0.001965438870186295
0.78,3,-0.001812685641873674
0.78,4,-0.0015214316954413685
0.78,5,0.00018757368858355065
0.78,6,0.0011493804847827738
0.78,7,0.002844163739988896
0.78,8,-0.0006120644096307122
0.78,9,0.0025046992210770096
0.78,10,-0.0010716068226501283
0.78,11,-0.000581852564251758
0.78,12,0.0030273833773083437
0.78,13,0.001349244585890334
0.78,14,-0.0007666366787730549
0.78,15,-0.0003190417147382421
0.78,16,-0.0004082378059258389
0.78,17,0.0018389166990593897
0.78,18,-0.0019818113053829507
0.78,19,0.0011154439609022922
0.78,20,0.0012614954711842215
0.78,21,-0.0019320360427429709
0.78,22,0.002416429848214447
0.78,23,-0.0025216864383264138
0.78,24,-0.001407097014232437
0.78,25,0.0006279355830051305
0.78,26,0.0009982418582698768
0.78,27,-0.00218535741708458
0.78,28,0.002393819161041356
0.78,29,1.6872758131908133e-5
0.78,30,-0.0013033320814383677
0.78,31,-0.0002970661224776585
0.78,32,-0.0006972455022980599
0.78,33,0.0008211912928566983
0.78,34,-0.00048747191982188935
0.78,35,-0.0007911830361828328
0.78,36,-0.0004046618306105316
0.78,37,0.000833432351101521
0.78,38,0.0013237064198219689
0.78,39,0.0002503910062220481
0.78,40,-0.00042178797740117596
0.78,41,-0.0005540027489939193
0.78,42,0.0003650045664797891
0.78,43,0.0011490016078688858
0.78,44,-0.0011424561245638337
0.78,45,-0.0007917429190340344
0.78,46,-0.0005777348280991342
0.78,47,-0.00013303154534635033
0.78,48,0.0009740570933141705
0.78,49,1.0073617434225687e-5
0.78,50,-0.0009334427512359933
0.78,51,0.001147570333187554
0.78,52,0.0007699182844596959
0.78,53,0.0005236081814985719
0.78,54,-0.0018741616997510417
0.78,55,0.0013975641853923191
0.78,56,0.0019932649765521592
0.78,57,-0.0018713718576512833
0.78,58,0.0002098106230933849
0.78,59,-0.0017457977598882958
0.78,60,0.003160211374206852
0.78,61,-0.0029691960941845394
0.78,62,0.0020478987879618367
0.78,63,0.0018831916580252166
0.78,64,-0.0024910575009902125
0.78,65,0.001578046469886114
0.78,66,0.0009145082621934438
0.78,67,0.00044261094933627676
0.78,68,0.0008998261477686154
0.78,69,-0.001980706902869865
0.78,70,0.0016525756692859078
0.78,71,-0.002173195547038497
0.78,72,0.0003812696506255392
0.78,73,0.0011767387342540073
0.78,74,0.0002089926796098212
0.78,75,0.0019799379414420183
0.78,76,-0.002340072755161872
0.78,77,0.00189322584220828
0.78,78,0.0006205800538167419
0.78,79,0.0009342036802726649
0.78,80,-0.0009134827368796273
0.78,81,-0.002253825071397296
0.78,82,-5.102730845914755e-5
0.78,83,-0.0025985615489293916
0.78,84,0.0016334327183772904
0.78,85,-0.0004318516734600215
0.78,86,-0.003342650106877673
0.78,87,0.0037466025802477786
0.78,88,-0.0004818061736676325
0.78,89,0.0026749687189750685
0.78,90,0.0006859191899243969
0.78,91,-0.0052258143115278205
0.78,92,0.0018826909023467171
0.78,93,0.0032944730740699308
0.78,94,0.0032284136610880483
0.78,95,0.00023410797107530236
0.78,96,-0.0035078274282322685
0.78,97,-0.001882893874668483
0.78,98,0.006536647878938758
0.78,99,-0.0014801672468542292
0.78,100,0.0016529626206647217
0.78,101,-0.005137850176130206
0.78,102,0.0041227531429030365
0.78,103,0.00015536882531107997
0.78,104,0.002084154522648666
0.78,105,-0.0007591142059402225
0.78,106,-4.068085010064566e-5
0.78,107,0.001606713419550386
0.78,108,-0.0011613177237827788
0.78,109,-0.0009214229447175177
0.78,110,0.003167310140496513
0.78,111,0.0018017600875303115
0.78,112,0.0027234540481358947
0.78,113,-0.0029486927612458
0.78,114,0.0010676492670551872
0.78,115,-0.0009760430055166565
0.78,116,0.0015649977675212168
0.78,117,-8.444713362818323e-5
0.78,118,0.00018474491568383033
0.78,119,-0.002568938986085911
0.78,120,0.0008553653336521247
0.78,121,-0.0004840225064503016
0.78,122,0.0005167465156211761
0.78,123,-0.0013725195513698228
0.78,124,-0.0009785105704905703
0.78,125,0.0021625835665967943
0.78,126,0.00021674490142861567
0.78,127,-0.0005049102201094267
0.78,128,-0.0012376612761020886
0.78,129,0.000130124843820224
0.78,130,0.0023415258873654213
0.78,131,-0.002515121425031633
0.78,132,0.0007897078396449227
0.78,133,0.0011331219709865027
0.78,134,0.0012315392557624033
0.78,135,6.304153039094894e-5
0.78,136,0.0007763945292225663
0.78,137,-0.0009673362620517927
0.78,138,-0.00213662924027344
0.78,139,0.0017613612102047524
0.78,140,-0.001696384324364074
0.78,141,0.0028930515112907526
0.78,142,-0.003232354478212384
0.78,143,0.002545810477643278
0.78,144,8.072880574389827e-5
0.78,145,-0.002179175431759626
0.78,146,0.0008388622337285006
0.78,147,0.000692205455528811
0.78,148,5.1639445822727176e-5
0.78,149,-0.0006488942396859579
0.78,150,-0.00012441979001375864
0.78,151,-0.0011089784199612544
0.78,152,0.0010578761092973697
0.78,153,0.0010729025538640912
0.78,154,0.0010630173745659044
0.78,155,-0.001806162663226209
0.78,156,0.00020379787584123957
0.78,157,0.001012561782505096
0.78,158,0.0014296349956207295
0.78,159,-0.0014826846442984162
0.78,160,0.0006146141651111126
0.78,161,0.001474231798692738
0.78,162,0.0005779904525957777
0.78,163,0.0009226393607112191
0.78,164,-0.001368434511377787
0.78,165,-0.00014402263315301875
0.78,166,0.001166673257499781
0.78,167,-0.0010977391259541249
0.78,168,0.0025859382091791153
0.78,169,-0.0014624911972173674
0.78,170,-0.0013799176350198278
0.78,171,0.0008555650266920725
0.78,172,-0.0005327748979023688
0.78,173,-0.0010183259979351259
0.78,174,0.0007982973046573576
0.78,175,-0.0017177495759758995
0.78,176,0.0035268401172262433
0.78,177,-0.002927339168261888
0.78,178,-0.002796074417175995
0.78,179,0.0007298228339594661
0.78,180,0.0017838174676042908
0.78,181,-0.0019934444092366693
0.78,182,0.002807006701480676
0.78,183,-0.004013198399806014
0.78,184,-0.004730412653415961
0.78,185,0.00934905168374761
0.78,186,0.004292766642383884
0.78,187,0.04046274758663083
0.78,188,0.002853645103013747
0.78,189,0.045312802233403816
0.78,190,0.17091107690403184
0.78,191,-0.0801056790243427
0.78,192,0.8555060909395498
0.78,193,0.0020056950847128735
0.78,194,0.0015945729634276975
0.78,195,-7.246890386078904e-5
0.78,196,-0.0017905176980553624
0.78,197,-0.00018152346944640173
0.78,198,-0.0002486149806586737
0.79,intercept,0.003114754409356909
0.79,1,0.006812123318994738
0.79,2,0.0026437431116959217
0.79,3,-0.002716815976926271
0.79,4,-0.0019715598651694074
0.79,5,0.0005947006027416374
0.79,6,0.001046180996053247
0.79,7,0.0022248456460478142
0.79,8,0.00010634142925965562
0.79,9,0.0025536089539496903
0.79,10,-0.0008319545583467561
0.79,11,0.00013875299146620781
0.79,12,0.0038211901393271834
0.79,13,0.001253040959890668
0.79,14,-0.0006063991124911563
0.79,15,-0.0010121046728467436
0.79,16,9.075480496641238e-5
0.79,17,0.0011067202637531886
0.79,18,-0.0017145067788818188
0.79,19,0.0008691799948791065
0.79,20,0.0005335922269839094
0.79,21,-0.0013100201614533946
0.79,22,0.0026048146893834605
0.79,23,-0.002312951433235913
0.79,24,-0.0016912536604359314
0.79,25,0.0004533139928306973
0.79,26,0.0008852197521501937
0.79,27,-0.0019303286423727028
0.79,28,0.0023771330186646436
0.79,29,-0.0001774282916858683
0.79,30,-0.0011794640587189952
0.79,31,-0.00044095848744478313
0.79,32,-0.00024110856449382362
0.79,33,0.0006494510228316261
0.79,34,-0.0003850836048564793
0.79,35,-0.0010180010913262167
0.79,36,-0.00022911616207487353
0.79,37,0.0007204834039681404
0.79,38,0.0013420725081648406
0.79,39,0.0008099686063959104
0.79,40,-0.0008610193605609972
0.79,41,-0.0005238032721351437
0.79,42,0.00024505345425791716
0.79,43,0.0009997239233984002
0.79,44,-0.0005813226038696487
0.79,45,-0.0009855921481853943
0.79,46,-0.00029240231277312027
0.79,47,-0.00022089309160331917
0.79,48,0.0006658274092983422
0.79,49,0.00025525071553038494
0.79,50,-0.0018391672947867036
0.79,51,0.0016161158649449785
0.79,52,0.0009205897716706468
0.79,53,0.00010723662171527167
0.79,54,-0.0011843170720466521
0.79,55,0.0012897314664615325
0.79,56,0.0017277637306848251
0.79,57,-0.0015723523083934446
0.79,58,0.00032167189841658797
0.79,59,-0.0020201489321867864
0.79,60,0.002849772327581768
0.79,61,-0.003378704389220341
0.79,62,0.0023808357619541525
0.79,63,0.0015256777536078498
0.79,64,-0.001741152114764817
0.79,65,0.0008156801750540352
0.79,66,0.0015264137368110775
0.79,67,0.00036267337819369217
0.79,68,0.0011831056051417772
0.79,69,-0.0018910337114289963
0.79,70,0.0012770939686131294
0.79,71,-0.0020604588921961787
0.79,72,0.0007583776694732649
0.79,73,0.001478372940201642
0.79,74,0.00037672933688728577
0.79,75,0.0018573225373618427
0.79,76,-0.0014528850351413465
0.79,77,0.0011577952035806158
0.79,78,0.0005184451177769845
0.79,79,0.0009432461333212036
0.79,80,-0.0011202208982437412
0.79,81,-0.002461588226357029
0.79,82,-0.0008073102577981258
0.79,83,-0.0029243597008720614
0.79,84,0.0011020036895057603
0.79,85,-0.00019506468213215342
0.79,86,-0.003139569556534165
0.79,87,0.004650194492875232
0.79,88,-0.001354340222523075
0.79,89,0.0038148335604718648
0.79,90,0.0012674794331124968
0.79,91,-0.006910597743865638
0.79,92,0.0027275065850840877
0.79,93,0.0026278519008083112
0.79,94,0.0033676898298508015
0.79,95,0.0009067593833653717
0.79,96,-0.0042717403762265035
0.79,97,-0.0021720964711506212
0.79,98,0.007950404614353288
0.79,99,-0.0007386027376798372
0.79,100,0.0014195111993388434
0.79,101,-0.004822236716120664
0.79,102,0.0045194429375218425
0.79,103,-0.00031185983304809334
0.79,104,0.0018783474368586047
0.79,105,-0.0008661836454166962
0.79,106,0.00011134102217301531
0.79,107,0.0019686989318966454
0.79,108,-0.0015256622768414368
0.79,109,-0.0011123629675078347
0.79,110,0.0032824387478877755
0.79,111,0.0018931009273967104
0.79,112,0.0028496670485731357
0.79,113,-0.0031823995160568438
0.79,114,0.0014266493610172349
0.79,115,-0.0017973658607455972
0.79,116,0.0016708877512083649
0.79,117,0.000284485677936246
0.79,118,4.0900534776289324e-5
0.79,119,-0.002763106629845172
0.79,120,0.0007738123930931771
0.79,121,-0.00034475576822516564
0.79,122,-1.2214906400841683e-5
0.79,123,-0.001033695601025885
0.79,124,-0.0009048553093229352
0.79,125,0.002481587562479421
0.79,126,0.00018758471133456487
0.79,127,-0.0006447016729513142
0.79,128,-0.0016118006313591109
0.79,129,9.799286508985205e-5
0.79,130,0.0029852040097475352
0.79,131,-0.0027879007642824197
0.79,132,0.0014221617551861457
0.79,133,0.0011301815140955592
0.79,134,0.0011227348517699946
0.79,135,0.00045111358297337216
0.79,136,0.00027363046210297635
0.79,137,-0.0007900567024537498
0.79,138,-0.002213991968129694
0.79,139,0.0014179552421141137
0.79,140,-0.001335415161574364
0.79,141,0.002610973578334132
0.79,142,-0.0033772070000143905
0.79,143,0.002704810351178597
0.79,144,0.00039170102082399335
0.79,145,-0.0025924747679476447
0.79,146,0.0010488940638458829
0.79,147,0.0009273457131433063
0.79,148,0.00015602881565225722
0.79,149,-0.0005557611039677486
0.79,150,-0.0004928639241515807
0.79,151,-0.0011147522938196857
0.79,152,0.0005577273473294669
0.79,153,0.001201236946178698
0.79,154,0.0009045260982068844
0.79,155,-0.0018627932290526232
0.79,156,1.5978351944818363e-5
0.79,157,0.0009205147891149286
0.79,158,0.0015146644857488628
0.79,159,-0.0012378056229011092
0.79,160,0.0005397670731082436
0.79,161,0.0012490033018187816
0.79,162,0.0011352753241569006
0.79,163,0.00047493727269953416
0.79,164,-0.0017227115322045626
0.79,165,-0.000119673072374063
0.79,166,0.0011846475780859526
0.79,167,-0.0017319944764928406
0.79,168,0.0032919631979866945
0.79,169,-0.0017159817746221946
0.79,170,-0.000734811468073144
0.79,171,0.0002883010701594279
0.79,172,-0.0005060440469355606
0.79,173,-0.0009169287731320848
0.79,174,0.000586020213615859
0.79,175,-0.002842890414904157
0.79,176,0.004471606388249097
0.79,177,-0.0033414469656132804
0.79,178,-0.0032590429429452485
0.79,179,0.0005935977275362283
0.79,180,0.002035798080851235
0.79,181,-0.0023717862678895468
0.79,182,0.0029221704115579925
0.79,183,-0.005679956234063991
0.79,184,-0.003930519514183129
0.79,185,0.009755451937864488
0.79,186,0.0033071685911338516
0.79,187,0.04964289058838668
0.79,188,0.005224284779808508
0.79,189,0.05400927804414889
0.79,190,0.17976974435146328
0.79,191,-0.08328932338667557
0.79,192,0.8678962888787803
0.79,193,0.002599852384158264
0.79,194,0.0018686743273905277
0.79,195,8.004605488089494e-5
0.79,196,-0.0019121977188367482
0.79,197,-0.0002002918110937842
0.79,198,-0.00032096700669901083
0.8,intercept,0.0026064284760129795
0.8,1,0.008747192238653934
0.8,2,0.002702239845983746
0.8,3,-0.0019511257858191682
0.8,4,-0.001854798841511468
0.8,5,0.0008027838213196792
0.8,6,0.0019224181143700921
0.8,7,0.0009712154643969431
0.8,8,0.00014015961024047187
0.8,9,0.0017799095571249981
0.8,10,-0.0003327181992482505
0.8,11,0.0004997115610547156
0.8,12,0.003821887733528027
0.8,13,0.0017877474688814414
0.8,14,-0.000605248283203787
0.8,15,-0.0007818437000259501
0.8,16,-0.00047178372488582176
0.8,17,0.0011589917119289857
0.8,18,-0.0008470660445597479
0.8,19,0.0005554591303016077
0.8,20,2.8322032173213333e-5
0.8,21,-0.0008778224032856543
0.8,22,0.0018875351152164747
0.8,23,-0.0021405457831004324
0.8,24,-0.002082351597249389
0.8,25,0.000911517288942073
0.8,26,0.0007603617383975759
0.8,27,-0.0022214915189557494
0.8,28,0.003534078653965848
0.8,29,-0.0008022035217325115
0.8,30,-0.0008253779594794453
0.8,31,-0.00019721865336210263
0.8,32,-0.000580961395066991
0.8,33,0.00032174243334404264
0.8,34,-0.00046343338348653096
0.8,35,-0.0008862345758141701
0.8,36,-0.00021339679106481847
0.8,37,0.00037771995186497876
0.8,38,0.0010806169049048379
0.8,39,0.001273587343045869
0.8,40,-0.0014939200017335475
0.8,41,-0.00044762103005881415
0.8,42,0.00030953498779793214
0.8,43,0.0013151878067177171
0.8,44,-0.0005533013867212033
0.8,45,-0.0011892838018507297
0.8,46,0.0001496006772298563
0.8,47,-0.0002694292280411346
0.8,48,0.000649420408803559
0.8,49,0.0001730578370053848
0.8,50,-0.0017842988443492389
0.8,51,0.0014365153799325652
0.8,52,0.0009568188333350891
0.8,53,-2.0605447607335677e-5
0.8,54,-0.0013938413045336288
0.8,55,0.0017059072568731666
0.8,56,0.0015598276951382735
0.8,57,-0.0014833468297198993
0.8,58,0.00010712742666721465
0.8,59,-0.0017303687789903693
0.8,60,0.002175862608928493
0.8,61,-0.0028237168397680034
0.8,62,0.0019185700467944623
0.8,63,0.0011668773087944939
0.8,64,-0.0021821906632351275
0.8,65,0.0011575662740989428
0.8,66,0.0011630310080588016
0.8,67,0.0005761239092206504
0.8,68,0.0008993089282700337
0.8,69,-0.0014215895659125141
0.8,70,0.0009350224538924303
0.8,71,-0.001255699990165113
0.8,72,0.0002551429209527424
0.8,73,0.0016300948049950562
0.8,74,0.0007273146994261039
0.8,75,0.0021860381453403196
0.8,76,-0.0013823836801389346
0.8,77,0.0008449979206452951
0.8,78,0.00045294286063318935
0.8,79,0.0008691952212911629
0.8,80,-0.0012340060798685607
0.8,81,-0.0020220156310176256
0.8,82,-0.0010473184766966734
0.8,83,-0.0033247074447297267
0.8,84,0.0008617679862811421
0.8,85,-0.0004008288967494939
0.8,86,-0.0032770261061529325
0.8,87,0.004571451517523482
0.8,88,-0.002449762766114494
0.8,89,0.004654140223963339
0.8,90,0.0013179526944567073
0.8,91,-0.007561081925709238
0.8,92,0.0026735243495512873
0.8,93,0.0032624972869261318
0.8,94,0.004464344944760273
0.8,95,-5.640922283106577e-5
0.8,96,-0.003486309905547652
0.8,97,-0.003890580106252103
0.8,98,0.011543137889643028
0.8,99,-0.0013832424710744405
0.8,100,0.0019020635213871232
0.8,101,-0.005125399186340596
0.8,102,0.005505638995281872
0.8,103,-0.001019958205506279
0.8,104,0.0027379950331007253
0.8,105,-0.001807853569586929
0.8,106,-7.659760936107408e-5
0.8,107,0.001479639952260374
0.8,108,-0.001037555394478319
0.8,109,-0.000676046331454508
0.8,110,0.0022233831611248806
0.8,111,0.002122704624129202
0.8,112,0.0030901166372464535
0.8,113,-0.003354833831828223
0.8,114,0.0018102821119417927
0.8,115,-0.001816227811207941
0.8,116,0.0012758890376074498
0.8,117,-0.00026553198410901634
0.8,118,0.0007586902474252108
0.8,119,-0.0032007305346076114
0.8,120,0.0006515821362482635
0.8,121,0.0005006900461324192
0.8,122,-0.00022992512778808775
0.8,123,-0.0012421880054395418
0.8,124,-0.0004349563690608346
0.8,125,0.0024796395146660616
0.8,126,0.00036991143961906414
0.8,127,-0.0006022844102989372
0.8,128,-0.001691618073781462
0.8,129,-0.0001974979176524174
0.8,130,0.003378301771362593
0.8,131,-0.002655865783635991
0.8,132,0.0015662100120528643
0.8,133,0.0007441984091661469
0.8,134,0.0013054491562314475
0.8,135,0.00029650691241694146
0.8,136,0.0003519909656286232
0.8,137,-0.00044830999095495203
0.8,138,-0.0022681416907428175
0.8,139,0.0006358233772939852
0.8,140,-0.0007593466744519174
0.8,141,0.0024591901350075654
0.8,142,-0.0032759217655683468
0.8,143,0.002942242667827019
0.8,144,0.00011130050791733236
0.8,145,-0.0020345568945367765
0.8,146,0.0005429019618809545
0.8,147,0.0011909786494322559
0.8,148,-0.00013286493953415757
0.8,149,-0.00042900951094091013
0.8,150,-0.000463056458108687
0.8,151,-0.0012401810095791408
0.8,152,0.00023541941295564944
0.8,153,0.0017974005287152751
0.8,154,0.000994868632440007
0.8,155,-0.0019455259336636922
0.8,156,-0.00043200276210271954
0.8,157,0.0008922946627196768
0.8,158,0.0015206548043824465
0.8,159,-0.0013374959324192945
0.8,160,0.0002782525378274432
0.8,161,0.0010909021396417183
0.8,162,0.0015451824734210211
0.8,163,0.0001418596067115844
0.8,164,-0.0012792062341432189
0.8,165,-0.000629912569963519
0.8,166,0.0018726891870442179
0.8,167,-0.002059532159166875
0.8,168,0.003494299617223817
0.8,169,-0.0025411894138904173
0.8,170,-0.00038055405510671066
0.8,171,0.0008387803250168971
0.8,172,-0.001136841945868455
0.8,173,-0.0010132538290234085
0.8,174,0.0005124103092975837
0.8,175,-0.0022657217779610823
0.8,176,0.004233330539075987
0.8,177,-0.003608995327680817
0.8,178,-0.0031316991281440847
0.8,179,-0.00017555791011327978
0.8,180,0.0025800793955644725
0.8,181,-0.0033075022888859936
0.8,182,0.002760368069442236
0.8,183,-0.004935367791377326
0.8,184,-0.004827083098599278
0.8,185,0.00822070785522839
0.8,186,0.003983271160868307
0.8,187,0.05365888053142778
0.8,188,0.012423202601341169
0.8,189,0.05477338521340286
0.8,190,0.2036363124899934
0.8,191,-0.09080838794036858
0.8,192,0.8828773584013122
0.8,193,0.0031120299976726143
0.8,194,0.002359210141576228
0.8,195,0.00014514319986772936
0.8,196,-0.002066943877310929
0.8,197,-0.00020622455116842258
0.8,198,-0.0004166388526444454
0.81,intercept,0.0022444516097436975
0.81,1,0.00993282572599507
0.81,2,0.003002466631548122
0.81,3,-0.0023181127333637115
0.81,4,-0.0027427837214764723
0.81,5,0.0009313459924687685
0.81,6,0.001249928494663032
0.81,7,0.001427173239551153
0.81,8,0.00031385896422333326
0.81,9,0.0023041996112798486
0.81,10,0.00035750524565427745
0.81,11,-0.00029107083643683607
0.81,12,0.005632010111214611
0.81,13,0.0011893364472418916
0.81,14,-0.00013925743675775442
0.81,15,-0.0011748982008759838
0.81,16,-0.00048817837333015707
0.81,17,0.0011125429796543427
0.81,18,-0.0010050565711499611
0.81,19,-0.0004199222557248861
0.81,20,0.0006816002953922965
0.81,21,-0.0012323957548308522
0.81,22,0.00210275636539571
0.81,23,-0.0024249975691309307
0.81,24,-0.0022625502561165844
0.81,25,0.0012296026251415863
0.81,26,0.0008846815638156915
0.81,27,-0.002316216528626963
0.81,28,0.0035274785682880166
0.81,29,-0.0009963995815767876
0.81,30,-0.0006795049962514347
0.81,31,-9.061425357885187e-5
0.81,32,-0.0007177274080061742
0.81,33,0.0004148664707420914
0.81,34,-0.0006459615683969352
0.81,35,-0.0009037799323336813
0.81,36,-0.000509451656811813
0.81,37,0.0009103935225085932
0.81,38,0.0005801277966392468
0.81,39,0.0018361902336261893
0.81,40,-0.0016967862255640057
0.81,41,-0.00024297585819980295
0.81,42,0.0004724143465521879
0.81,43,0.0013715492969257974
0.81,44,-0.0009672433034475984
0.81,45,-0.0005742639991067983
0.81,46,-6.838833262669181e-5
0.81,47,-0.0006318416976685977
0.81,48,0.0011479622204809022
0.81,49,-9.009590091284356e-5
0.81,50,-0.0016858486650514536
0.81,51,0.0012204529590785112
0.81,52,0.0008496324690552764
0.81,53,0.00019431269755488615
0.81,54,-0.0015166811619002913
0.81,55,0.0013031620984784596
0.81,56,0.001340804157449185
0.81,57,-0.001124407903819352
0.81,58,-0.00011162753914554302
0.81,59,-0.0011974011035856985
0.81,60,0.0018472657401471062
0.81,61,-0.003396004926535359
0.81,62,0.0021140977585726735
0.81,63,0.0011980372683453836
0.81,64,-0.002293952342582726
0.81,65,0.0013981833263018504
0.81,66,0.0012751740863216952
0.81,67,0.0005575142977074896
0.81,68,0.000703230073280062
0.81,69,-0.0017825312385620956
0.81,70,0.0010451146385466244
0.81,71,-0.0013427325948694795
0.81,72,0.00043796061895644885
0.81,73,0.0019502542827531434
0.81,74,0.0003264437874137689
0.81,75,0.002798811385209338
0.81,76,-0.0021647462827730918
0.81,77,0.0013863219593728152
0.81,78,-0.00017694220197184452
0.81,79,0.0009693506174550964
0.81,80,-0.000952550749346501
0.81,81,-0.001991156051912108
0.81,82,-0.0008875961667542563
0.81,83,-0.004054856304093917
0.81,84,0.0013250812962006674
0.81,85,-0.0008036841419075014
0.81,86,-0.003398082805087941
0.81,87,0.004141496243876488
0.81,88,-0.002297442604636349
0.81,89,0.004282379939164133
0.81,90,0.0018110348683738453
0.81,91,-0.008667139157727087
0.81,92,0.0032711759657038267
0.81,93,0.0023513118733068865
0.81,94,0.005108938503007072
0.81,95,0.001209127712354062
0.81,96,-0.0041907812809497775
0.81,97,-0.0042616234282286634
0.81,98,0.012391331117945534
0.81,99,-0.0009838719354810781
0.81,100,0.0017741110283011456
0.81,101,-0.005852417828025024
0.81,102,0.005139429743402237
0.81,103,-0.0010179875709598804
0.81,104,0.0017198047819167164
0.81,105,-0.0016439611695356303
0.81,106,0.00047909402796824757
0.81,107,0.0013891861035576977
0.81,108,-0.0005508465085649106
0.81,109,-0.0007397527967358682
0.81,110,0.0024127696264001023
0.81,111,0.002172016487906974
0.81,112,0.0027147619453333637
0.81,113,-0.003223855221592103
0.81,114,0.0015144680214214546
0.81,115,-0.0015737560653611565
0.81,116,0.0016663029062749604
0.81,117,-0.0008264181703863681
0.81,118,0.001221882102261004
0.81,119,-0.003683025467694602
0.81,120,0.0007259049193905678
0.81,121,0.00024732157610904654
0.81,122,-5.074335227110112e-5
0.81,123,-0.0017149863586998107
0.81,124,-0.0003873639965818101
0.81,125,0.0029529502335302643
0.81,126,0.0001898266255331694
0.81,127,-0.0007202674179529521
0.81,128,-0.0018243549856955187
0.81,129,0.00030590791272982473
0.81,130,0.0027906601548624605
0.81,131,-0.002442915894017579
0.81,132,0.0017292475054821513
0.81,133,0.000680508074874872
0.81,134,0.0007087473356979363
0.81,135,0.0009884504143124768
0.81,136,0.0003579414916726769
0.81,137,-0.0008398628034230373
0.81,138,-0.0020665384249850547
0.81,139,0.0008102266567684191
0.81,140,-0.0010614933100708045
0.81,141,0.0022799551966153353
0.81,142,-0.002927697811290114
0.81,143,0.0030429971860249315
0.81,144,-0.0003472975574740737
0.81,145,-0.0017869225933164756
0.81,146,0.0007875335361356276
0.81,147,0.001118453273535299
0.81,148,-0.0003066203039022027
0.81,149,-0.0008277919159732915
0.81,150,-2.2603954470341414e-5
0.81,151,-0.001484946859576422
0.81,152,0.00014309524086017513
0.81,153,0.0016484818114516798
0.81,154,0.0009346893578273759
0.81,155,-0.002091893064431371
0.81,156,-0.00025417167479126895
0.81,157,0.0009339446308495005
0.81,158,0.0015572901590806144
0.81,159,-0.0014611688071560105
0.81,160,0.0006971116948056612
0.81,161,0.0010817577594250407
0.81,162,0.0013421181043000018
0.81,163,-0.0001284429021264029
0.81,164,-0.001200622660974994
0.81,165,-0.000730107394256773
0.81,166,0.002127129868987167
0.81,167,-0.0021239885093989916
0.81,168,0.0033891662875254994
0.81,169,-0.0027223242689432443
0.81,170,-0.0004937357297065063
0.81,171,0.0015529171146491023
0.81,172,-0.0014491036343128774
0.81,173,-0.0017472263049368246
0.81,174,0.0012819524158419722
0.81,175,-0.003078825117358881
0.81,176,0.004596770877289702
0.81,177,-0.0037232518102630124
0.81,178,-0.003562724772132131
0.81,179,0.00024889126629312687
0.81,180,0.0025570198619078903
0.81,181,-0.0027284444668536985
0.81,182,0.0018795153377479694
0.81,183,-0.006413829585316509
0.81,184,-0.004209554222034269
0.81,185,0.008412729267134142
0.81,186,0.006687488427076051
0.81,187,0.05263724508589537
0.81,188,0.017106778433416125
0.81,189,0.06068554041696579
0.81,190,0.22752374487042987
0.81,191,-0.0957819272902117
0.81,192,0.8909860908511752
0.81,193,0.005034493115854933
0.81,194,0.0026908142941354254
0.81,195,0.0002460437189121425
0.81,196,-0.0022918133908702526
0.81,197,-0.00029316041752883767
0.81,198,-0.0005170329857977149
0.82,intercept,0.0020123556651310413
0.82,1,0.012019900666714312
0.82,2,0.0036705574185635975
0.82,3,-0.0032946380514443114
0.82,4,-0.00407495430072558
0.82,5,0.0023696899472154835
0.82,6,0.0019105146749146163
0.82,7,0.0026081373786857784
0.82,8,-1.626527719053306e-5
0.82,9,0.003016349274569548
0.82,10,0.0007201901293150481
0.82,11,-0.0010725674602785212
0.82,12,0.006268150383461467
0.82,13,0.0011936594601967441
0.82,14,0.00045638728498620466
0.82,15,-0.0011895487787730267
0.82,16,-0.0009396152789924394
0.82,17,0.0013610048974832022
0.82,18,-0.0016753271789782071
0.82,19,-4.116098698934114e-5
0.82,20,0.0010268824762722283
0.82,21,-0.0018771051507792242
0.82,22,0.0014407342997242417
0.82,23,-0.0015541312151836177
0.82,24,-0.002730365631138724
0.82,25,0.0013944610742041832
0.82,26,0.00202183877239957
0.82,27,-0.0023226299770055
0.82,28,0.00314855770935545
0.82,29,-0.0016582853857579638
0.82,30,-4.5834064707893295e-5
0.82,31,-0.0004553734126687901
0.82,32,-0.0008617845672574305
0.82,33,0.0010225833416064043
0.82,34,-0.000677011856896698
0.82,35,-0.0008240630097769426
0.82,36,-0.001028877506964051
0.82,37,0.0014302621376066072
0.82,38,6.33481252126533e-5
0.82,39,0.002124690697927719
0.82,40,-0.0021106584550641756
0.82,41,-0.0001698767715100874
0.82,42,0.0003557411395736679
0.82,43,0.0018327183383575001
0.82,44,-0.0015354414159675167
0.82,45,-0.0006053860642963384
0.82,46,0.0002468901323420419
0.82,47,-0.0006127388967625671
0.82,48,0.001338437944092783
0.82,49,-0.0004066096676505827
0.82,50,-0.0018602713143337677
0.82,51,0.001973672568819558
0.82,52,0.0003835766587117097
0.82,53,0.0002569069011879113
0.82,54,-0.0011574824457221365
0.82,55,0.0009194910201319365
0.82,56,0.001678719474869952
0.82,57,-0.0014210130420390116
0.82,58,-0.00023545689105367365
0.82,59,-0.001317078122615365
0.82,60,0.002113987771977431
0.82,61,-0.00350796693974321
0.82,62,0.0025858399312110526
0.82,63,0.0008629791860273858
0.82,64,-0.0028120326917704143
0.82,65,0.0019680830120056944
0.82,66,0.0010869872770555694
0.82,67,0.0002744932051124545
0.82,68,0.000771971774410348
0.82,69,-0.0023459483579543372
0.82,70,0.0014171549280275549
0.82,71,-0.0014916605701467348
0.82,72,0.000840038930833787
0.82,73,0.0017375159600925899
0.82,74,0.0006292845116232399
0.82,75,0.0031672455107736473
0.82,76,-0.0019082916012423217
0.82,77,0.0013186315478084184
0.82,78,0.00011174697956023968
0.82,79,-9.235643946333652e-5
0.82,80,4.2955828369723826e-5
0.82,81,-0.002501710111202587
0.82,82,-0.00147706112101495
0.82,83,-0.005052039490642982
0.82,84,0.0026333431000489316
0.82,85,-0.0013862587742225823
0.82,86,-0.004277926318922614
0.82,87,0.0045024989419179895
0.82,88,-0.0018502899223912454
0.82,89,0.003626923659515182
0.82,90,0.0015935859784216627
0.82,91,-0.008852549038648612
0.82,92,0.0043812553049406774
0.82,93,0.002909600331526579
0.82,94,0.006214749353636322
0.82,95,0.0016225546513917155
0.82,96,-0.003019686044618452
0.82,97,-0.004254522134326609
0.82,98,0.01419972639864003
0.82,99,-0.0012479997533736545
0.82,100,0.0016318739124201451
0.82,101,-0.007489706529575396
0.82,102,0.006472333395177834
0.82,103,-0.002207989060084418
0.82,104,0.0027534058793415657
0.82,105,-0.002979597994354402
0.82,106,0.0011475268960050664
0.82,107,0.000806334184100552
0.82,108,-0.0004150249380759132
0.82,109,9.904062187535034e-5
0.82,110,0.0023265718096025854
0.82,111,0.0027738387640955215
0.82,112,0.002153588905961648
0.82,113,-0.003165387341523305
0.82,114,0.0017501320154075344
0.82,115,-0.0017654425370669414
0.82,116,0.0020469795009957544
0.82,117,-0.0009048896150337955
0.82,118,0.0010956057858874336
0.82,119,-0.003796704119859965
0.82,120,0.0007181825262402133
0.82,121,-0.0003430979680929647
0.82,122,-0.0002265241953473852
0.82,123,-0.0016882514447374279
0.82,124,-0.00020296106587096237
0.82,125,0.0032520421915498425
0.82,126,0.0005642279482452106
0.82,127,-0.00026033176181157296
0.82,128,-0.0023607149999534402
0.82,129,6.682365327482973e-5
0.82,130,0.003365807649554252
0.82,131,-0.0026461244341951327
0.82,132,0.0018000256302875195
0.82,133,0.0010036194219094127
0.82,134,0.0003122662098898944
0.82,135,0.0012843507676582753
0.82,136,7.198917226286302e-6
0.82,137,-0.00043695185769680354
0.82,138,-0.0020684691387916707
0.82,139,0.0008622536025785683
0.82,140,-0.001284037247983814
0.82,141,0.0024672636489099084
0.82,142,-0.0026503377508898377
0.82,143,0.003093334024705932
0.82,144,-2.5386910539423883e-5
0.82,145,-0.0023415673146393833
0.82,146,0.001077606394630678
0.82,147,0.0009007657833726313
0.82,148,-0.0002581234392442711
0.82,149,-0.0013063440866549637
0.82,150,0.00010890337886879813
0.82,151,-0.0018058564116388688
0.82,152,9.525718716414993e-5
0.82,153,0.002120869505176025
0.82,154,0.0005329554002606152
0.82,155,-0.0017610350790829036
0.82,156,-0.0006912803607588827
0.82,157,0.000967000356046447
0.82,158,0.0017163774885866703
0.82,159,-0.0015554739630883354
0.82,160,0.0006116094818135246
0.82,161,0.000729121010290597
0.82,162,0.0014768433981345406
0.82,163,0.00039491422261109054
0.82,164,-0.0013057833880041898
0.82,165,-0.0010032868797837336
0.82,166,0.0017515370995754228
0.82,167,-0.0008996615276810336
0.82,168,0.0026911396981737635
0.82,169,-0.002011271994755692
0.82,170,-0.0017977113822633826
0.82,171,0.0019434048423785204
0.82,172,-0.001266215649725596
0.82,173,-0.0017817736397072643
0.82,174,0.002146175063581778
0.82,175,-0.0036188245028909603
0.82,176,0.005522131765146372
0.82,177,-0.003911760947511474
0.82,178,-0.003745701355923885
0.82,179,-0.0008267760288831776
0.82,180,0.0026957765583065976
0.82,181,-0.00270773709408879
0.82,182,0.0008141282299168135
0.82,183,-0.007714667915019267
0.82,184,-0.0047284650018471685
0.82,185,0.010211229814093977
0.82,186,0.004641452459972213
0.82,187,0.06008492031970382
0.82,188,0.020433954837529446
0.82,189,0.06003499076050941
0.82,190,0.2381356501845553
0.82,191,-0.10269441700023639
0.82,192,0.9029911458171076
0.82,193,0.005582799692774611
0.82,194,0.0037210700089224907
0.82,195,0.00028828726497284247
0.82,196,-0.0025067672594906057
0.82,197,-0.0003339785952725261
0.82,198,-0.0005963492814735436
0.83,intercept,0.0015215526092560241
0.83,1,0.015146930995510946
0.83,2,0.008043248690558244
0.83,3,-0.0032735513707112265
0.83,4,-0.00519221988750756
0.83,5,0.0029794124559201006
0.83,6,-0.00021969472511506734
0.83,7,0.0055086891081420515
0.83,8,0.0003142493016130235
0.83,9,0.0017415202329602985
0.83,10,0.0007095709661392075
0.83,11,0.0011644911825794153
0.83,12,0.007324435268627115
0.83,13,0.0026079157640826463
0.83,14,-0.000888819477679355
0.83,15,-0.0009627848471804312
0.83,16,-0.001104153412345185
0.83,17,0.0013382657209301172
0.83,18,-0.0013748439876054715
0.83,19,0.00011248059085243483
0.83,20,0.000343940149136645
0.83,21,-0.0023418049672829016
0.83,22,0.00130633471880631
0.83,23,-0.0013794986158167009
0.83,24,-0.0027558804825491895
0.83,25,0.0009692354837991422
0.83,26,0.002429564433453183
0.83,27,-0.0030717492426091298
0.83,28,0.0032224452913832535
0.83,29,-0.001548200638471998
0.83,30,3.157993336613352e-5
0.83,31,-0.0003501021457982076
0.83,32,-0.0008852264033682221
0.83,33,0.0015969101361630808
0.83,34,-0.0011003791948652629
0.83,35,-0.0007577119695314199
0.83,36,-3.570368516447275e-5
0.83,37,0.0013226790537491742
0.83,38,2.6420420106204616e-5
0.83,39,0.0021289787995287246
0.83,40,-0.0023224356546679465
0.83,41,4.8852918110575554e-5
0.83,42,0.000436373281694457
0.83,43,0.0015461448631331112
0.83,44,-0.0016356857854872339
0.83,45,-0.0005342967848991584
0.83,46,0.000193469260027365
0.83,47,-0.0008426985172910437
0.83,48,0.001222082148547192
0.83,49,-0.00013101233095854785
0.83,50,-0.0019932943003819355
0.83,51,0.0019894607749459123
0.83,52,0.0004198597173469054
0.83,53,0.00086055903960202
0.83,54,-0.0016866231991367658
0.83,55,0.0011119979577701358
0.83,56,0.0015547248606999503
0.83,57,-0.001655696645297819
0.83,58,-0.0007591989290847101
0.83,59,-0.00130716926296142
0.83,60,0.0027015528528495465
0.83,61,-0.004008682151234275
0.83,62,0.0032308641449865275
0.83,63,0.00044774748541384136
0.83,64,-0.0029796277948468696
0.83,65,0.0018395288232284238
0.83,66,0.001026289438377517
0.83,67,0.0008362984019521989
0.83,68,0.00032672778056900436
0.83,69,-0.0029946319708751353
0.83,70,0.002384857390132567
0.83,71,-0.0019436631136306314
0.83,72,0.001752041409626421
0.83,73,0.001745196556593885
0.83,74,0.00030324641074508884
0.83,75,0.0037556317038650927
0.83,76,-0.0029586154130666164
0.83,77,0.0029227083410043745
0.83,78,0.0006217403781747494
0.83,79,-0.0015935034795069708
0.83,80,-0.00017695470801683413
0.83,81,-0.0018499201052288815
0.83,82,-0.0015927326712446678
0.83,83,-0.00471278633679453
0.83,84,0.0022290278806757426
0.83,85,-0.0010001664101098936
0.83,86,-0.003918828287177759
0.83,87,0.0037522115117109667
0.83,88,-0.002384234485757292
0.83,89,0.0031805033611633474
0.83,90,0.002888413380178879
0.83,91,-0.009976292349599094
0.83,92,0.0043154088639723006
0.83,93,0.0037602212132967776
0.83,94,0.006551048215860244
0.83,95,0.0017594062538208502
0.83,96,-0.005746223292712556
0.83,97,-0.002071806801040252
0.83,98,0.015462588638548706
0.83,99,-0.0030485454633153402
0.83,100,0.003606237260750892
0.83,101,-0.008420662491201873
0.83,102,0.00642518636458052
0.83,103,-0.00251014220660269
0.83,104,0.0025776974251362586
0.83,105,-0.002905719736820684
0.83,106,0.00016169115945802498
0.83,107,-0.00024197939451433767
0.83,108,-0.0005967133944067655
0.83,109,-0.00035237188839318587
0.83,110,0.0034238190786754956
0.83,111,0.00538420045219873
0.83,112,0.0021145392710071533
0.83,113,-0.003248088413660428
0.83,114,0.0016028318240218665
0.83,115,-0.0019203782786037142
0.83,116,0.0024385477967783305
0.83,117,-0.001116749919646055
0.83,118,0.0003077470671541373
0.83,119,-0.004299244738725635
0.83,120,0.0018276821252755108
0.83,121,-0.0006883000333227861
0.83,122,-0.0006646109479678383
0.83,123,-0.0016709051069264246
0.83,124,-0.00014562788276478099
0.83,125,0.003818307523020793
0.83,126,0.0003918522568576043
0.83,127,-0.0006129270725172245
0.83,128,-0.002609968121259202
0.83,129,-0.00016563293422948544
0.83,130,0.003374589333005827
0.83,131,-0.0019197849426883895
0.83,132,0.0019050004254123343
0.83,133,0.001053003384670829
0.83,134,0.00011202940802175917
0.83,135,0.0015507441312940244
0.83,136,-0.0004397174963241272
0.83,137,-4.996923897176296e-6
0.83,138,-0.002069790629906786
0.83,139,0.0009704987344472317
0.83,140,-0.0014386356314487322
0.83,141,0.0030054008485256804
0.83,142,-0.0029050449089544008
0.83,143,0.0035420716723304543
0.83,144,-0.00018457375398731095
0.83,145,-0.0025859251085446726
0.83,146,0.0011369204521846422
0.83,147,0.00051164397172387
0.83,148,-0.0003151165286180621
0.83,149,-0.0015462137565582432
0.83,150,5.5499328774377696e-5
0.83,151,-0.002139607620824546
0.83,152,0.0004889412372851305
0.83,153,0.002111776949314195
0.83,154,0.0006828337548874709
0.83,155,-0.0021360545194147994
0.83,156,-0.0006893137816476007
0.83,157,0.001593035961599116
0.83,158,0.001847097106266199
0.83,159,-0.0018551647191561433
0.83,160,0.0012419536160324107
0.83,161,0.00042474459187818444
0.83,162,0.0013344318683458796
0.83,163,-0.00017316090988953267
0.83,164,-0.0013498082552769355
0.83,165,-0.0002085441075627084
0.83,166,0.0018156463827590599
0.83,167,-0.0008878328142911352
0.83,168,0.0022430725111254146
0.83,169,-0.0020221985350234173
0.83,170,-0.0017735866147855414
0.83,171,0.0020411356280321392
0.83,172,-0.0008654490169040124
0.83,173,-0.0021302354583324825
0.83,174,0.001350741286439844
0.83,175,-0.00337827316667441
0.83,176,0.005365159167475422
0.83,177,-0.005355090551554339
0.83,178,-0.0030426286696730513
0.83,179,-0.0014702816780333232
0.83,180,0.002405892193221688
0.83,181,-0.002330962804270271
0.83,182,0.0005800050445479348
0.83,183,-0.008818744775159362
0.83,184,-0.0036564854552827673
0.83,185,0.009161143686401906
0.83,186,0.007186467589086434
0.83,187,0.07794926248150455
0.83,188,0.020628758268693186
0.83,189,0.06780039487135775
0.83,190,0.24284228952169895
0.83,191,-0.10813741922957121
0.83,192,0.917241711237129
0.83,193,0.006532073735732222
0.83,194,0.005197446885698245
0.83,195,0.00037814089158853467
0.83,196,-0.002813803949483573
0.83,197,-0.0003522660690598175
0.83,198,-0.0007299481793037787
0.84,intercept,0.001068129046402439
0.84,1,0.019039377613220197
0.84,2,0.010204514061363607
0.84,3,-0.005768554278484395
0.84,4,-0.006603940063958316
0.84,5,0.005312647117138313
0.84,6,-0.0011594596902666464
0.84,7,0.009227528332562601
0.84,8,0.0021347526946812662
0.84,9,0.0014348906056941
0.84,10,0.0013348207061004425
0.84,11,0.002734701081330853
0.84,12,0.007947913494601602
0.84,13,0.003110147337581399
0.84,14,-0.0018847634154904236
0.84,15,-0.0002832077687441078
0.84,16,-0.0014656170200385617
0.84,17,0.001208332186621386
0.84,18,-0.002026929346741113
0.84,19,0.0005878379852578832
0.84,20,0.0002706997476191138
0.84,21,-0.002841593359231879
0.84,22,0.0009638983696544386
0.84,23,-0.0020991416440578354
0.84,24,-0.002505911399921218
0.84,25,0.0005389793065010749
0.84,26,0.0035123431778684173
0.84,27,-0.003730156228831867
0.84,28,0.0028862620785347457
0.84,29,3.17260803301297e-5
0.84,30,-0.0008424953034760942
0.84,31,9.314220269714161e-5
0.84,32,-0.0002924797110285953
0.84,33,0.0013908961744659746
0.84,34,-0.0022730508791555743
0.84,35,0.00033271786664320176
0.84,36,-0.0001520276090949627
0.84,37,0.0014998818169809477
0.84,38,0.0003494185383122879
0.84,39,0.0024247898769994137
0.84,40,-0.0025938564137843747
0.84,41,-2.2604326093960786e-5
0.84,42,0.0008471007014336591
0.84,43,0.0011734595230748846
0.84,44,-0.001578966015556816
0.84,45,-0.00026564824860012893
0.84,46,-0.00043096997963509083
0.84,47,-0.0007977042431640987
0.84,48,0.0012415098383481507
0.84,49,-0.0001738674923548664
0.84,50,-0.001121408993809658
0.84,51,0.0014675870070003632
0.84,52,0.0011517644021507205
0.84,53,0.00024831499403145174
0.84,54,-0.002041211336662048
0.84,55,0.0013894665390440505
0.84,56,0.0012898217035096843
0.84,57,-0.0018417826368616278
0.84,58,-0.0006319744993794401
0.84,59,-0.001364923632091072
0.84,60,0.0024809809290845964
0.84,61,-0.004284290081517061
0.84,62,0.0034077826445514325
0.84,63,0.00025469226941613805
0.84,64,-0.002765362236272021
0.84,65,0.0016249145819937523
0.84,66,0.0011611102424783884
0.84,67,0.001275654395488659
0.84,68,-0.00024145499767252762
0.84,69,-0.002822808500599155
0.84,70,0.0015846278054363076
0.84,71,-0.0010226847374153925
0.84,72,0.0012190719099623006
0.84,73,0.0023225711152158024
0.84,74,0.0013137483182662543
0.84,75,0.003826552680718322
0.84,76,-0.003685145036649347
0.84,77,0.0029955756251461053
0.84,78,-0.00031246398494200206
0.84,79,-0.0008098543663589648
0.84,80,-0.0012912081666569676
0.84,81,-0.0001092075649481806
0.84,82,-0.0018099469575197527
0.84,83,-0.0053054451967819325
0.84,84,0.0011125818555449206
0.84,85,-0.0008819646036192735
0.84,86,-0.0033779598151389765
0.84,87,0.003644644328689297
0.84,88,-0.002655777190273209
0.84,89,0.005617763932390242
0.84,90,0.0007332296471741413
0.84,91,-0.010319687594625334
0.84,92,0.004761136604724128
0.84,93,0.002942330564777944
0.84,94,0.0085098143759599
0.84,95,0.0011607986873624274
0.84,96,-0.007158752737484137
0.84,97,-0.002026977899292755
0.84,98,0.01745967450560953
0.84,99,-0.0022009020744102126
0.84,100,0.0015364614587727594
0.84,101,-0.010049167904404327
0.84,102,0.007380174822994815
0.84,103,-0.0029109776819512597
0.84,104,0.0029102468878096388
0.84,105,-0.002555178920392284
0.84,106,-0.00033478062460920834
0.84,107,-0.001370549820345663
0.84,108,-0.00014768113139935368
0.84,109,-0.0012602847048328602
0.84,110,0.003964544854593138
0.84,111,0.0062334242753304195
0.84,112,0.0024681699615143812
0.84,113,-0.0020803273370605755
0.84,114,0.000959599896759802
0.84,115,-0.0020127017557758447
0.84,116,0.0014020887289486576
0.84,117,-0.000730796246979213
0.84,118,-0.0002754798194111222
0.84,119,-0.004701973641682552
0.84,120,0.002934260762750016
0.84,121,-0.002086195067824021
0.84,122,0.0007114077534764644
0.84,123,-0.002862930514871522
0.84,124,-0.00043612474820600765
0.84,125,0.004348787715971777
0.84,126,0.00016430531456842703
0.84,127,-0.0013838304607409787
0.84,128,-0.00213375104440525
0.84,129,-0.0001899701135286898
0.84,130,0.0035812937591431747
0.84,131,-0.002210753672367906
0.84,132,0.0024246501293831717
0.84,133,0.0011558449193386393
0.84,134,-0.00023239573258210263
0.84,135,0.0013726839565627736
0.84,136,-0.00017982208031962004
0.84,137,0.00033392556858578983
0.84,138,-0.0017521621120541546
0.84,139,0.000990829338832849
0.84,140,-0.0014404258822553943
0.84,141,0.0028337576843866204
0.84,142,-0.003235829054216783
0.84,143,0.0032572108087389274
0.84,144,-0.0005348194885997083
0.84,145,-0.002019842171666461
0.84,146,0.0010104326231025077
0.84,147,0.0006454002160146558
0.84,148,-0.0002578852055180726
0.84,149,-0.0018798043572485947
0.84,150,-1.7356521604286064e-5
0.84,151,-0.0024945944770197927
0.84,152,0.0009090497361795847
0.84,153,0.0021593570837312994
0.84,154,0.0004746668449288408
0.84,155,-0.0019092370252508297
0.84,156,-0.0009042405887817264
0.84,157,0.0016360802645476956
0.84,158,0.0008893237114945008
0.84,159,-0.001288474395345517
0.84,160,0.0010354652641325155
0.84,161,0.00011545578851395834
0.84,162,0.002366036230474149
0.84,163,-0.00035746287343271625
0.84,164,-0.002223501482370881
0.84,165,-0.0002965962656925334
0.84,166,0.0013602628822162633
0.84,167,0.0007373565735389128
0.84,168,0.000751491122257226
0.84,169,-0.002489095660432927
0.84,170,-0.0019397691660343805
0.84,171,0.0028081656059363268
0.84,172,-0.001118657493420818
0.84,173,-0.0023455925533772152
0.84,174,0.0010891902311725681
0.84,175,-0.0027777457591445912
0.84,176,0.005771417566996338
0.84,177,-0.00691888502050728
0.84,178,-0.002618326681199713
0.84,179,-0.003355540748623885
0.84,180,0.005312525735434801
0.84,181,-0.002775228887221414
0.84,182,-0.0008419798675098099
0.84,183,-0.01017867282636975
0.84,184,-0.0063674660690349015
0.84,185,0.011775907721327906
0.84,186,0.01536968428874098
0.84,187,0.08382513894818645
0.84,188,0.025765743317555708
0.84,189,0.08517431643710534
0.84,190,0.2572742574210469
0.84,191,-0.11695858205779551
0.84,192,0.9337383453540551
0.84,193,0.006276525173504862
0.84,194,0.006054642039854291
0.84,195,0.0004219701679309688
0.84,196,-0.00330837554251647
0.84,197,-0.00039897568365152047
0.84,198,-0.0008771442386500906
0.85,intercept,0.000339669178444617
0.85,1,0.025184413127012324
0.85,2,0.0143353143468401
0.85,3,-0.007893852945649949
0.85,4,-0.0071020053230887005
0.85,5,0.008344060014919346
0.85,6,-0.00530112954483124
0.85,7,0.015642681029261245
0.85,8,0.0005887527970699457
0.85,9,0.004431527924360179
0.85,10,7.383159681816208e-5
0.85,11,0.0035297304713415305
0.85,12,0.008656297502819288
0.85,13,0.0028180897754134498
0.85,14,-0.0027961230018333223
0.85,15,-1.1681451322632137e-5
0.85,16,-0.0029226242025997234
0.85,17,0.0018402898889661194
0.85,18,-0.002483232330377868
0.85,19,0.0009563212755824116
0.85,20,-0.00033741187831634524
0.85,21,-0.0024223253740336104
0.85,22,0.0006045176726045213
0.85,23,-0.0014666963348233452
0.85,24,-0.003095672125663666
0.85,25,0.0008603379600851569
0.85,26,0.00298738327254108
0.85,27,-0.0032897507602387445
0.85,28,0.0030325921480804873
0.85,29,9.72412713202132e-5
0.85,30,-0.0011764657078119662
0.85,31,0.0008115261480396278
0.85,32,-0.0008123420359587144
0.85,33,0.0004900552575234208
0.85,34,-0.002218647017526601
0.85,35,0.00035502419532078825
0.85,36,-0.00025846792820317184
0.85,37,0.001696794992873358
0.85,38,0.0006616840939085464
0.85,39,0.002690539098355227
0.85,40,-0.002383829404150552
0.85,41,3.0053465839076184e-5
0.85,42,0.0012497221939313835
0.85,43,0.0007454123178961649
0.85,44,-0.0019682874278894535
0.85,45,0.00046310267938505197
0.85,46,-0.00048051836035290543
0.85,47,-0.0009420996708658874
0.85,48,0.0005658584741868968
0.85,49,-0.000136526906560288
0.85,50,-0.0012232762525562924
0.85,51,0.001793025609840105
0.85,52,0.0007482117156490508
0.85,53,0.00046075384842400493
0.85,54,-0.0024284684263371366
0.85,55,0.001328308790028814
0.85,56,0.0012803488321866863
0.85,57,-0.0013735513893802375
0.85,58,-0.0007449033693659915
0.85,59,-0.001075987528164968
0.85,60,0.0023079714809004577
0.85,61,-0.00448154331858106
0.85,62,0.003573361349004906
0.85,63,1.6141697334812066e-6
0.85,64,-0.002489591369634717
0.85,65,0.0012490542985857003
0.85,66,0.001241740315369264
0.85,67,0.0012442820323312273
0.85,68,-0.00027829450144186763
0.85,69,-0.003418229556224629
0.85,70,0.0021220601006331163
0.85,71,-0.0006360676834046135
0.85,72,0.001426990960774271
0.85,73,0.0012040490399933454
0.85,74,0.0027970712249120286
0.85,75,0.0028422070783522815
0.85,76,-0.0024250507998661475
0.85,77,0.0019029895102497599
0.85,78,0.00012165946155447912
0.85,79,-0.0009571474450339636
0.85,80,-0.0007646620773639633
0.85,81,0.00027954283375183594
0.85,82,-0.0031232033221058396
0.85,83,-0.005822863456999697
0.85,84,0.0011013941979125168
0.85,85,-0.001437513793191107
0.85,86,-0.0025265017605212194
0.85,87,0.000571696284479241
0.85,88,-0.0007141487733382491
0.85,89,0.005592589250658293
0.85,90,0.00315671336402525
0.85,91,-0.012223733084254564
0.85,92,0.006142677597669117
0.85,93,0.0044677945813974915
0.85,94,0.010807722497610719
0.85,95,0.0011990808569331453
0.85,96,-0.008192322479908018
0.85,97,0.0011362776210568665
0.85,98,0.018345176141894928
0.85,99,-0.00407611734307118
0.85,100,0.0021643836703930286
0.85,101,-0.012688099751463974
0.85,102,0.009829789600602221
0.85,103,-0.0034905115924084053
0.85,104,0.002087299890186034
0.85,105,-0.0021288985604005013
0.85,106,-0.0013356092587636947
0.85,107,0.00044750480947042975
0.85,108,0.0016661455675717686
0.85,109,-0.0008376142909906564
0.85,110,0.004072700071330522
0.85,111,0.0062351601841385594
0.85,112,0.0013589649352480518
0.85,113,-0.0007034101126259788
0.85,114,0.0005772037385950347
0.85,115,-0.003231505614622145
0.85,116,0.0019344313040341825
0.85,117,-0.0005482859893548857
0.85,118,-0.0007432339476735618
0.85,119,-0.004833317509304799
0.85,120,0.00213915930876559
0.85,121,-0.001196533930778628
0.85,122,0.0009585561765510335
0.85,123,-0.003699934899582825
0.85,124,-0.0002750432910786112
0.85,125,0.00489763797599196
0.85,126,0.0002895496328120203
0.85,127,-0.0012054403766595357
0.85,128,-0.002650299322840769
0.85,129,0.0002393122397826349
0.85,130,0.0037241557135235834
0.85,131,-0.0024505034904680574
0.85,132,0.0027877140510693503
0.85,133,0.0009486295313743193
0.85,134,-0.00018527759538924737
0.85,135,0.001331318667346535
0.85,136,3.596830899189339e-5
0.85,137,0.00030430372250258377
0.85,138,-0.0016236129466921654
0.85,139,0.0007869131160214971
0.85,140,-0.0015296311238400643
0.85,141,0.003152657468308514
0.85,142,-0.0031755215509130068
0.85,143,0.0024807065308527637
0.85,144,0.00010822674252513258
0.85,145,-0.0021349138101329594
0.85,146,0.0005662904224488946
0.85,147,0.0007908574616666416
0.85,148,-0.000998579533630698
0.85,149,-0.0017811616722075308
0.85,150,-2.2361152713370115e-5
0.85,151,-0.0016713984779722136
0.85,152,0.0008248778486333703
0.85,153,0.0024867133889658866
0.85,154,0.0002455727840923735
0.85,155,-0.0023237657727623873
0.85,156,-0.0006681496117004454
0.85,157,0.001446653492415251
0.85,158,0.0011089356519132557
0.85,159,-0.0011834909151666629
0.85,160,0.0005738717398350627
0.85,161,0.00011280905997508916
0.85,162,0.002562675891427142
0.85,163,-0.00025406392311531017
0.85,164,-0.002465522828550428
0.85,165,0.00019431732247519352
0.85,166,0.0003542472545879805
0.85,167,0.0016829169981950895
0.85,168,0.0012056689759602894
0.85,169,-0.0031392346604988373
0.85,170,-8.711078400202772e-5
0.85,171,0.0017588854891501236
0.85,172,-0.000599056994084991
0.85,173,-0.003431144393033803
0.85,174,0.0016172895578466155
0.85,175,-0.003374119300413193
0.85,176,0.0046707135071498655
0.85,177,-0.006360148123254284
0.85,178,-0.0026710387341921044
0.85,179,-0.0036386605882146304
0.85,180,0.0037561536444298644
0.85,181,-0.0030775440250316545
0.85,182,-0.0014023243724231558
0.85,183,-0.011422648816246694
0.85,184,-0.0070842365515747675
0.85,185,0.012291162995297599
0.85,186,0.019323893178992586
0.85,187,0.0886461845721919
0.85,188,0.02787759220113303
0.85,189,0.10287002127261788
0.85,190,0.2778358238454673
0.85,191,-0.12387310783645891
0.85,192,0.9441925449187072
0.85,193,0.00884036518093669
0.85,194,0.005199027301633778
0.85,195,0.0004946926064144207
0.85,196,-0.003687192426071213
0.85,197,-0.0004394797610121
0.85,198,-0.0010769881671309739
0.86,intercept,1.1851991090354105e-5
0.86,1,0.03379933880746005
0.86,2,0.013530826506408727
0.86,3,-0.005514866401185671
0.86,4,-0.010268925400462328
0.86,5,0.009799657879878942
0.86,6,-0.00972333288830491
0.86,7,0.022644873409143024
0.86,8,-0.001822364851214965
0.86,9,0.004786014511846775
0.86,10,0.000465198880785226
0.86,11,0.004646462959655891
0.86,12,0.008773280488688619
0.86,13,0.0029352253886964197
0.86,14,-0.004247557005539544
0.86,15,0.0011727189869982807
0.86,16,-0.005078582703528157
0.86,17,0.00441410101928565
0.86,18,-0.00412867385353953
0.86,19,0.0013262562793700627
0.86,20,-0.0018801911888679994
0.86,21,-0.0025171499442931873
0.86,22,0.0002866830313836976
0.86,23,-0.000629851039123443
0.86,24,-0.004040949719416414
0.86,25,0.00018295691223893935
0.86,26,0.0036942955866257187
0.86,27,-0.0036066414663961494
0.86,28,0.003037574908264811
0.86,29,-0.0003323977228315681
0.86,30,-0.0007563903331731314
0.86,31,0.0005355304078481712
0.86,32,-0.0004551269549025762
0.86,33,0.0008064545056585131
0.86,34,-0.0022266722562257913
0.86,35,0.0009685485127514775
0.86,36,-0.0011392806703800413
0.86,37,0.002504755609575248
0.86,38,0.00016154769399197712
0.86,39,0.002426754599907288
0.86,40,-0.002456454776049067
0.86,41,0.0010288248070108856
0.86,42,0.00022740418968456727
0.86,43,0.0006259639570553448
0.86,44,-0.0013142754624384872
0.86,45,0.00014643009248409432
0.86,46,-0.0007407145519650236
0.86,47,-0.0004515268566079095
0.86,48,0.00046314693997101005
0.86,49,8.313611331184619e-5
0.86,50,-0.0019211427418094516
0.86,51,0.002256022638307443
0.86,52,0.0012414511018758703
0.86,53,0.00017757077369736404
0.86,54,-0.0030573467914512065
0.86,55,0.0013562448148004404
0.86,56,0.0007585437755153527
0.86,57,-0.0012706409894838626
0.86,58,-0.001401991308961445
0.86,59,-0.0007256672889886159
0.86,60,0.0021361107556806284
0.86,61,-0.0055863031665429694
0.86,62,0.004852621398281005
0.86,63,-0.00092725459763762
0.86,64,-0.0007949788556457868
0.86,65,0.000662292182244747
0.86,66,0.0017383611953618449
0.86,67,0.0009979312218876277
0.86,68,3.242270661907846e-5
0.86,69,-0.0033601379772845146
0.86,70,0.0020875950472234546
0.86,71,-0.00020206920332156527
0.86,72,0.0012099363000415708
0.86,73,0.0017463328261959849
0.86,74,0.003360631166180168
0.86,75,0.003001720269526517
0.86,76,-0.002437271755790286
0.86,77,0.0019838985684553054
0.86,78,0.00011898638485178177
0.86,79,-0.0007425633059414805
0.86,80,-0.00029970261135647944
0.86,81,-0.0007654964224368581
0.86,82,-0.0032147443122594096
0.86,83,-0.00672069827154244
0.86,84,0.00020088307211256872
0.86,85,-0.0009550778274625644
0.86,86,-0.0013283850311620463
0.86,87,0.00044337055181048907
0.86,88,-0.0013354738228089943
0.86,89,0.0030027877446817375
0.86,90,0.005082463651633285
0.86,91,-0.015569709190000405
0.86,92,0.007866659182778955
0.86,93,0.0082744432586047
0.86,94,0.010498984971275245
0.86,95,0.002973924556552754
0.86,96,-0.012229138642786084
0.86,97,0.005599012670848855
0.86,98,0.022200855303830747
0.86,99,-0.007064311625786986
0.86,100,0.002811342893494017
0.86,101,-0.012729955933506067
0.86,102,0.013496427608447593
0.86,103,-0.005482519977308696
0.86,104,0.0031805317562756037
0.86,105,-0.0015704428048822737
0.86,106,-0.0005935957099381812
0.86,107,0.003389665618774131
0.86,108,0.0017660392875043117
0.86,109,-0.0021853297830078263
0.86,110,0.004672916452900926
0.86,111,0.005794103519627427
0.86,112,0.0008098330247135524
0.86,113,-0.0024580065378824087
0.86,114,0.0011200213529522353
0.86,115,-0.00405403419364028
0.86,116,0.00121093883275386
0.86,117,-0.0007732327877068023
0.86,118,0.00030085714019754316
0.86,119,-0.005227130006326206
0.86,120,0.0028502379177877575
0.86,121,-0.0012288370210583556
0.86,122,0.000655372233633603
0.86,123,-0.003374426997950881
0.86,124,-0.0013605772259484756
0.86,125,0.005917687168737511
0.86,126,-0.00102179989614968
0.86,127,-0.00019683105899643744
0.86,128,-0.0033138833478859133
0.86,129,2.580200649235202e-5
0.86,130,0.004021346393798351
0.86,131,-0.002537695871741557
0.86,132,0.0030204415453509562
0.86,133,0.001127302984697665
0.86,134,-7.640494555544073e-5
0.86,135,0.0006584244630218404
0.86,136,0.0005793298476493711
0.86,137,0.00044344121592822445
0.86,138,-0.0016818743475174385
0.86,139,-0.0001419685845473251
0.86,140,-0.0010299312360483827
0.86,141,0.0027269479465670938
0.86,142,-0.002477419301378712
0.86,143,0.002996301706865164
0.86,144,-0.00019378246085979408
0.86,145,-0.002303270205264642
0.86,146,0.0009436712625063104
0.86,147,0.0006259659120831472
0.86,148,-0.0011551332047534664
0.86,149,-0.0013578261806981786
0.86,150,-0.0005524303464607989
0.86,151,-0.0018385910604292463
0.86,152,0.00020867100788242584
0.86,153,0.0025171423498968615
0.86,154,-9.346035137305326e-5
0.86,155,-0.001664453363008107
0.86,156,-0.0011997765168139933
0.86,157,0.0011541940912550355
0.86,158,0.000562395440398118
0.86,159,-0.0004277849250407742
0.86,160,-3.3020772015002916e-5
0.86,161,0.00030988405741197753
0.86,162,0.002115377991513727
0.86,163,-0.00039393052213089317
0.86,164,-0.0015076755477753834
0.86,165,0.0003578815418823711
0.86,166,-0.0003493153910549937
0.86,167,0.002380300905694076
0.86,168,0.0006560823065535937
0.86,169,-0.003225572850123247
0.86,170,0.0006106220624845254
0.86,171,0.001760650342252411
0.86,172,-0.0008047619855292398
0.86,173,-0.004945634926071334
0.86,174,0.002715472293706152
0.86,175,-0.0038348382473700213
0.86,176,0.0060521927283744646
0.86,177,-0.006408853400996799
0.86,178,-0.004520931500180542
0.86,179,-0.0023366089209580655
0.86,180,0.003295873292647842
0.86,181,-0.0016205749725817997
0.86,182,-0.0036182882035706056
0.86,183,-0.011853745482172759
0.86,184,-0.009787063341648573
0.86,185,0.017140953704711186
0.86,186,0.025987471017232974
0.86,187,0.08391841333305725
0.86,188,0.03432080633422037
0.86,189,0.10311372795452689
0.86,190,0.2929950434918448
0.86,191,-0.12916548861112073
0.86,192,0.9684163230900316
0.86,193,0.010596737670710996
0.86,194,0.009431045770351835
0.86,195,0.0007573406724652582
0.86,196,-0.004325239471990052
0.86,197,-0.0005114535562127794
0.86,198,-0.0012221571763360892
0.87,intercept,-0.000495478811374502
0.87,1,0.03582874389022748
0.87,2,0.01237310903936665
0.87,3,-0.0031629384862060126
0.87,4,-0.010005131467541499
0.87,5,0.01727680583956214
0.87,6,-0.011557129555721158
0.87,7,0.03667980236092355
0.87,8,0.0011251235487650362
0.87,9,0.0005788925596032404
0.87,10,0.0017702189961273894
0.87,11,0.00260079701091079
0.87,12,0.011946995271871784
0.87,13,0.0020298357841162158
0.87,14,-0.003678499161125649
0.87,15,0.0033688799869201346
0.87,16,-0.005985183590124208
0.87,17,0.004466588420982315
0.87,18,-0.005793055763693562
0.87,19,0.0013263462058901053
0.87,20,-0.00441372995376437
0.87,21,-0.0011384712451151552
0.87,22,-0.0004668352001673645
0.87,23,-0.0004915530568433481
0.87,24,-0.004456515028302409
0.87,25,1.8704645363060473e-5
0.87,26,0.004497633494912121
0.87,27,-0.0036747799159931958
0.87,28,0.003205164440652343
0.87,29,-0.0012223785495729914
0.87,30,9.239658714173741e-5
0.87,31,2.4745959783709643e-5
0.87,32,-0.0006326186065438391
0.87,33,0.0010075278021391097
0.87,34,-0.002722190501285067
0.87,35,0.0005606151207169513
0.87,36,-0.0005698170760302881
0.87,37,0.0017141926258809424
0.87,38,0.0003621004750818453
0.87,39,0.0017738468801567046
0.87,40,-0.002484700558363309
0.87,41,0.001574915311108629
0.87,42,0.001206399174089338
0.87,43,0.00013177283201782746
0.87,44,-0.0012344212634361675
0.87,45,0.00013012655879785323
0.87,46,-0.00041571883856946135
0.87,47,-0.0006638670671698192
0.87,48,0.00022509987172306478
0.87,49,-0.00016026853238091418
0.87,50,-0.001678279082370694
0.87,51,0.001801541362016489
0.87,52,0.0016207602189622736
0.87,53,-0.00038782566501948334
0.87,54,-0.0016184233586368053
0.87,55,0.0009714849948706821
0.87,56,0.0008235005046354864
0.87,57,-0.0010447715010544062
0.87,58,-0.002070173842352712
0.87,59,-0.0007537841507644243
0.87,60,0.0021130423379641648
0.87,61,-0.006480292744806336
0.87,62,0.005132011381574797
0.87,63,-1.8838577518393837e-5
0.87,64,-0.0016090013412954198
0.87,65,0.0005508258304626126
0.87,66,0.003072249344249557
0.87,67,-0.00042776400543472344
0.87,68,0.0010142386211326733
0.87,69,-0.0043503032158459945
0.87,70,0.002499406992207728
0.87,71,-0.0010740259209111936
0.87,72,0.0012388330051496402
0.87,73,0.0017405567477618217
0.87,74,0.0046480240332546
0.87,75,0.0022774268345647016
0.87,76,-0.002313796526503833
0.87,77,0.001796802533976559
0.87,78,0.0012076010299886036
0.87,79,-0.0013328065393736917
0.87,80,0.00043142896686091276
0.87,81,-0.0016687753362591808
0.87,82,-0.004128878356303021
0.87,83,-0.008613294222604557
0.87,84,-0.0005285901249639157
0.87,85,-0.000681811282653544
0.87,86,-0.0008155658958170578
0.87,87,0.0002785931477201887
0.87,88,0.0004563231619725734
0.87,89,0.004206108103352726
0.87,90,0.001619033533660202
0.87,91,-0.014215714213584554
0.87,92,0.005966910493483855
0.87,93,0.014621464628323954
0.87,94,0.007633584188987313
0.87,95,0.003093588496912847
0.87,96,-0.008262007567323634
0.87,97,0.0022820774131757835
0.87,98,0.027244181129421535
0.87,99,-0.0098543783982177
0.87,100,0.002956152553197893
0.87,101,-0.01698941083241346
0.87,102,0.016446757302178806
0.87,103,-0.0023924424534560004
0.87,104,0.001486383742296483
0.87,105,-0.004173781244742612
0.87,106,0.003563366754356588
0.87,107,0.0059605025059488725
0.87,108,0.0030493007588023343
0.87,109,-0.0031737807133295918
0.87,110,0.004811929608066611
0.87,111,0.006641307015999265
0.87,112,0.000453562180185796
0.87,113,-0.002439416520677819
0.87,114,0.0018885501635671374
0.87,115,-0.004580883745462267
0.87,116,0.0013009256457753218
0.87,117,-0.0005105448157351028
0.87,118,-0.0006112040733673921
0.87,119,-0.005778673081682841
0.87,120,0.0027741440463111933
0.87,121,-0.001514191691958268
0.87,122,0.00021103018627095612
0.87,123,-0.002391694563480164
0.87,124,-0.001706839601516588
0.87,125,0.0056571922470282105
0.87,126,-0.0002988213093908175
0.87,127,-0.00010725268360911072
0.87,128,-0.002634581355821581
0.87,129,-0.00013005146047642167
0.87,130,0.004164802142944234
0.87,131,-0.0026037689355814485
0.87,132,0.002575175296449313
0.87,133,0.0012602020276890847
0.87,134,0.000593840414641039
0.87,135,0.0003990992458354318
0.87,136,0.0005446490504804953
0.87,137,0.0005167396687638166
0.87,138,-0.0011083838672589752
0.87,139,-0.0012188094334529712
0.87,140,-0.0005373557622097013
0.87,141,0.003132679286805398
0.87,142,-0.002050903120350805
0.87,143,0.0027631538089692162
0.87,144,0.0005495429363761372
0.87,145,-0.002453899456415327
0.87,146,0.0005679563592224165
0.87,147,0.00017949971412165776
0.87,148,-0.0006641076291624563
0.87,149,-0.0022110537811916866
0.87,150,-0.0003348345940731978
0.87,151,-0.0017031347189376523
0.87,152,0.0003066372809183178
0.87,153,0.0008247825920228275
0.87,154,0.0012719337273516308
0.87,155,-0.0026258266802720105
0.87,156,-0.00012130131603099113
0.87,157,0.00013347370108202704
0.87,158,0.0002641743949879313
0.87,159,-0.0010965485287650774
0.87,160,0.0006739490497996232
0.87,161,9.908989891638722e-5
0.87,162,0.0020149814754780687
0.87,163,-0.0006970022153808113
0.87,164,-0.0019316830799246975
0.87,165,0.00016494280779671605
0.87,166,-0.0009526672298713521
0.87,167,0.002872540501698715
0.87,168,0.0009011833608050379
0.87,169,-0.0034589202671648184
0.87,170,-0.00023433297141083956
0.87,171,0.0019011701417760891
0.87,172,-0.001156274990121594
0.87,173,-0.00505857430897611
0.87,174,0.00432538593735305
0.87,175,-0.004414726564364437
0.87,176,0.008370983235869201
0.87,177,-0.008138315205743207
0.87,178,-0.005061742749552372
0.87,179,-0.000892712247658868
0.87,180,0.0025338726496870233
0.87,181,-0.003018683446557198
0.87,182,-0.0028183785195888106
0.87,183,-0.01699738794297686
0.87,184,-0.005515888171913005
0.87,185,0.014227335378027754
0.87,186,0.02883300335201582
0.87,187,0.08370376943268142
0.87,188,0.056872780961611934
0.87,189,0.09372521761166056
0.87,190,0.3240761575193643
0.87,191,-0.1412925700866548
0.87,192,0.9824268164034945
0.87,193,0.012136683158037988
0.87,194,0.012815048609591592
0.87,195,0.0008357601524306683
0.87,196,-0.004884371672599121
0.87,197,-0.0004766950106185737
0.87,198,-0.0014163260330104345
0.88,intercept,-0.0006234823349746325
0.88,1,0.04336396509600868
0.88,2,0.015374325999651108
0.88,3,-0.0034422185651687524
0.88,4,-0.014595621730897911
0.88,5,0.018037535012791754
0.88,6,-0.020254819269212
0.88,7,0.05374952274938999
0.88,8,-0.005711447741857559
0.88,9,0.007979594762323844
0.88,10,-0.002286699529679689
0.88,11,0.003217475694394796
0.88,12,0.011222348863429314
0.88,13,0.005019500101756401
0.88,14,-0.005570498421370215
0.88,15,0.007185054041556878
0.88,16,-0.008822737505179104
0.88,17,0.005056750170740464
0.88,18,-0.0067796840441195685
0.88,19,0.0027089333991720255
0.88,20,-0.004559933183602437
0.88,21,0.00010292074920356984
0.88,22,-0.0022971665202220527
0.88,23,0.0003578736658201891
0.88,24,-0.005374391411667022
0.88,25,-0.0002063401404531344
0.88,26,0.004728660033796903
0.88,27,-0.003102882237898608
0.88,28,0.00253224272033479
0.88,29,-0.0017570038829539116
0.88,30,-0.0005722634379411475
0.88,31,0.000701328397675831
0.88,32,-0.0009238146639188347
0.88,33,0.0010764209051955364
0.88,34,-0.002137101504785382
0.88,35,0.0006164863012775358
0.88,36,-0.00028295761690980847
0.88,37,0.0012933897204219795
0.88,38,-0.0005861731507675943
0.88,39,0.0028797627014439772
0.88,40,-0.0036119329085800836
0.88,41,0.0021100772608153855
0.88,42,0.0005324573818045236
0.88,43,0.0019055554056329137
0.88,44,-0.0022586872388171892
0.88,45,0.0010652787482961295
0.88,46,-0.000924263114555898
0.88,47,-0.0008912393980598792
0.88,48,0.0006346846718201369
0.88,49,-0.00024164830751441656
0.88,50,-0.0014955370302434903
0.88,51,0.0015393995190843396
0.88,52,0.0013648570724428468
0.88,53,-0.0012671775038980318
0.88,54,-0.0019098841767345282
0.88,55,0.0015387723125295687
0.88,56,0.001702451032519844
0.88,57,-0.0009234614726779258
0.88,58,-0.002428597406538506
0.88,59,-0.0013461296816967541
0.88,60,0.0015419410904404973
0.88,61,-0.005939693881913966
0.88,62,0.002563391537392393
0.88,63,0.0015445076326382704
0.88,64,-0.00321809865061978
0.88,65,0.0028462932884208633
0.88,66,0.0016910653972529502
0.88,67,0.0005635015661591885
0.88,68,0.0013485947084144953
0.88,69,-0.004552780729509536
0.88,70,0.003962084156093196
0.88,71,-0.0013612675758128765
0.88,72,0.0026525593260973146
0.88,73,0.0017445551288212595
0.88,74,0.003964773020701754
0.88,75,0.0029869473943030917
0.88,76,-0.0025456421625274007
0.88,77,0.0009463654943461248
0.88,78,0.0037600518215219385
0.88,79,-0.0014401248617041931
0.88,80,-0.001860541579956856
0.88,81,-0.0019017407835606435
0.88,82,-0.0053603628371395335
0.88,83,-0.0076737458009414694
0.88,84,-0.0008359055189419095
0.88,85,0.001118441031262464
0.88,86,-0.0017717882403748145
0.88,87,0.0027121274805208743
0.88,88,-0.002453400446015752
0.88,89,0.01011091093281393
0.88,90,0.004639212607677743
0.88,91,-0.0169077339478524
0.88,92,0.006565098491772926
0.88,93,0.016464895035516004
0.88,94,0.004475626407547089
0.88,95,0.006042454817662236
0.88,96,-0.007811671755237893
0.88,97,0.0003919016340450496
0.88,98,0.028774984163658167
0.88,99,-0.01285243794236215
0.88,100,0.00580398075134489
0.88,101,-0.021405821774055277
0.88,102,0.018645945158440962
0.88,103,-0.0018740827479789737
0.88,104,0.005990480480194242
0.88,105,-0.0039052378271218296
0.88,106,0.002235840111098842
0.88,107,0.008022715817219507
0.88,108,0.002417405913746069
0.88,109,-0.007288510875464041
0.88,110,0.00808605626308403
0.88,111,0.012790457704924565
0.88,112,0.0003594163490637646
0.88,113,-0.0029974522216027095
0.88,114,0.001988687006682297
0.88,115,-0.005156563036207853
0.88,116,0.0015160658688749293
0.88,117,-0.0020279341997319757
0.88,118,-0.0006404909584500479
0.88,119,-0.00438193936610811
0.88,120,0.0025465611691497794
0.88,121,-0.0024512030617902347
0.88,122,-0.0002069982462860004
0.88,123,-0.0024042454042338193
0.88,124,-0.0019479788711669393
0.88,125,0.0051600834015782015
0.88,126,0.0006084790943004557
0.88,127,-0.0009458636078693675
0.88,128,-0.0028198701189892194
0.88,129,0.0009056671946081404
0.88,130,0.003445497368431451
0.88,131,-0.0018701954902643517
0.88,132,0.0014930627677804192
0.88,133,0.0016845741937928868
0.88,134,0.00025789041207128447
0.88,135,0.00016451554580212662
0.88,136,0.0018687662207277787
0.88,137,0.0002014235714099775
0.88,138,-0.000777960360562055
0.88,139,-0.0021093746144374434
0.88,140,0.000326404112711669
0.88,141,0.0026693770030853823
0.88,142,-0.0017262995590641703
0.88,143,0.0020176854987075106
0.88,144,0.0008973005825527682
0.88,145,-0.0020533028532580913
0.88,146,0.0007643791440250099
0.88,147,-0.0008693514530026373
0.88,148,-7.784457398464833e-5
0.88,149,-0.003158692922068777
0.88,150,0.0007354500329350924
0.88,151,-0.0027967563211679187
0.88,152,0.00034435379628904955
0.88,153,0.0014371140768771671
0.88,154,0.0005564017156017084
0.88,155,-0.003707946779376863
0.88,156,0.0002832046817187629
0.88,157,-0.000583356860922841
0.88,158,0.000727015072633303
0.88,159,-0.0011327254826376
0.88,160,0.0009232272381131669
0.88,161,-0.0009662870357075159
0.88,162,0.0016454183158387454
0.88,163,-0.0006715782489894714
0.88,164,-0.0028912886202663627
0.88,165,0.0015945388658536788
0.88,166,-0.0011624968039402766
0.88,167,0.0033438842213271733
0.88,168,0.0007899946067399079
0.88,169,-0.0035513132332052237
0.88,170,-7.497609430167101e-5
0.88,171,0.0011420992557479982
0.88,172,0.0008655535826409753
0.88,173,-0.006112258028879702
0.88,174,0.004434927615628516
0.88,175,-0.004225178770818942
0.88,176,0.006073770043672894
0.88,177,-0.00820188182104556
0.88,178,-0.0047736514949155845
0.88,179,0.0003064188017187974
0.88,180,0.0015088193662122292
0.88,181,0.0005085488321622846
0.88,182,-0.006506419078730314
0.88,183,-0.01961849911353696
0.88,184,-0.0053739821678354255
0.88,185,0.01605862202556177
0.88,186,0.04391757640883265
0.88,187,0.08859031877046258
0.88,188,0.06366808833440017
0.88,189,0.09466535314158725
0.88,190,0.34792105526435496
0.88,191,-0.1562622270107792
0.88,192,0.9967849180226882
0.88,193,0.015089310030096625
0.88,194,0.024238009607376158
0.88,195,0.0009564058828695438
0.88,196,-0.006249439316343934
0.88,197,-0.0004938760762694689
0.88,198,-0.0017131449814687374
0.89,intercept,-0.00035556302893136786
0.89,1,0.03896667195745042
0.89,2,0.026555054737632287
0.89,3,-0.004531260911208936
0.89,4,-0.020487094430924165
0.89,5,0.014933195864192459
0.89,6,-0.026964778981473887
0.89,7,0.07601148573314348
0.89,8,-0.008082991087003128
0.89,9,0.0130336588546919
0.89,10,-0.0025036162173571
0.89,11,-0.0015258096742224632
0.89,12,0.013941490859884819
0.89,13,0.0013480204787507928
0.89,14,-0.005039631961404899
0.89,15,0.007332687918683767
0.89,16,-0.00902525007009696
0.89,17,0.00389048486739959
0.89,18,-0.006574909882599492
0.89,19,0.002567960928126317
0.89,20,-0.004526067932921765
0.89,21,0.0015160877239852888
0.89,22,-0.0037655343106906152
0.89,23,0.0007419441343007291
0.89,24,-0.0056471349386329195
0.89,25,-0.0015850991431606398
0.89,26,0.005635263229451031
0.89,27,-0.0030855169431917933
0.89,28,0.002282279697376131
0.89,29,-0.001752420660395976
0.89,30,-0.00042578721569225844
0.89,31,0.0002869377939740708
0.89,32,-0.0007022597048347763
0.89,33,0.0013000935717060542
0.89,34,-0.0031579666324074306
0.89,35,0.000388189027871053
0.89,36,4.4968831599294615e-5
0.89,37,0.0006117145713721805
0.89,38,0.000591798972888045
0.89,39,0.0011772356864752395
0.89,40,-0.002602004946952022
0.89,41,0.0017377431123826747
0.89,42,0.0004073852255416937
0.89,43,0.0020011106429454464
0.89,44,-0.00219038174368792
0.89,45,0.0009282234560475466
0.89,46,-0.0008119730749316463
0.89,47,-0.00024944374174909456
0.89,48,0.0006890988809713829
0.89,49,-0.0008736933315221151
0.89,50,-0.0007487190397807772
0.89,51,0.0016322845597239483
0.89,52,0.0005996998987380026
0.89,53,-0.0006609512263348691
0.89,54,-0.0028002914058502673
0.89,55,0.0018710429175124665
0.89,56,0.0010132239576304577
0.89,57,-0.0014965499089987266
0.89,58,-0.0013351064720993468
0.89,59,-0.0023395704851473464
0.89,60,0.0010184444986766608
0.89,61,-0.0055557872925851605
0.89,62,0.0036635303719630453
0.89,63,0.00017652685654767904
0.89,64,-0.002347955025313276
0.89,65,0.002156031771458213
0.89,66,0.00354650543116095
0.89,67,-0.0006345018475497968
0.89,68,0.0022538477695353593
0.89,69,-0.0043647261151625125
0.89,70,0.0035373558492325426
0.89,71,-0.0010486508597944394
0.89,72,0.0012693797798265095
0.89,73,0.004239724286886727
0.89,74,0.0032859035863848987
0.89,75,0.0037915264445903007
0.89,76,-0.004516287998898418
0.89,77,0.0026836114526566576
0.89,78,0.004389696158396577
0.89,79,-0.0017098080940903797
0.89,80,-0.00177902596153956
0.89,81,0.0011106109353537115
0.89,82,-0.007952997571551873
0.89,83,-0.012938960744088002
0.89,84,0.002066395695099253
0.89,85,0.004849619796626285
0.89,86,0.00016810317290391318
0.89,87,0.00370426892217005
0.89,88,-0.005285079890356161
0.89,89,0.008830774493975568
0.89,90,0.008763307969310451
0.89,91,-0.02584546897473275
0.89,92,0.010714129853501073
0.89,93,0.029914015918493297
0.89,94,0.0026182843744128013
0.89,95,0.005343800093602062
0.89,96,-0.0137559240548478
0.89,97,0.007159240871373311
0.89,98,0.041317112423399145
0.89,99,-0.02177604117439767
0.89,100,0.010377460653453328
0.89,101,-0.02584981738142058
0.89,102,0.031894767076378304
0.89,103,-0.00692767655847492
0.89,104,0.019900002756167354
0.89,105,-0.007508050516318899
0.89,106,-0.0005382416941107182
0.89,107,0.009108055727637255
0.89,108,0.003934185375868216
0.89,109,-0.011321348019790777
0.89,110,0.009848933807219833
0.89,111,0.014607975469782429
0.89,112,-0.0040821616093239645
0.89,113,0.001915836704749447
0.89,114,0.004984126303227817
0.89,115,-0.006399421185577631
0.89,116,0.004292414870347906
0.89,117,-0.002490068965441853
0.89,118,0.0008713396034111145
0.89,119,-0.005691031393078122
0.89,120,0.0016695048879598032
0.89,121,-0.001699969039618371
0.89,122,-0.0017610117970227887
0.89,123,-0.003759851828281142
0.89,124,-0.0017076421530057913
0.89,125,0.006948669492998408
0.89,126,0.0004208037676091418
0.89,127,-0.0008011609096295723
0.89,128,-0.0026407499175223584
0.89,129,0.00048532396304778905
0.89,130,0.003740214644467731
0.89,131,-0.0013645264979304263
0.89,132,0.001240187611307818
0.89,133,0.0011758308028451806
0.89,134,0.0003082842768341053
0.89,135,-0.00016907481905686087
0.89,136,0.0012480170651138882
0.89,137,0.0015792456824867361
0.89,138,-0.0010979914230212539
0.89,139,-0.0012522879573625592
0.89,140,-0.001156784937483697
0.89,141,0.0038867177801110197
0.89,142,-0.0022251519024389507
0.89,143,0.0018542486714876144
0.89,144,0.0011723467365098755
0.89,145,-0.002432820349395289
0.89,146,0.0011021679362530222
0.89,147,-5.114126976971049e-5
0.89,148,-0.0008064154323450821
0.89,149,-0.0025083353081090756
0.89,150,-7.629070163405231e-5
0.89,151,-0.002971473296238055
0.89,152,-7.473055549032173e-5
0.89,153,0.0003850499131025648
0.89,154,0.0007878065989384039
0.89,155,-0.003564170351957109
0.89,156,1.8577037893971362e-5
0.89,157,9.428587762942991e-5
0.89,158,-0.0003606988881073377
0.89,159,-0.0007238336976993182
0.89,160,0.0008029591770356971
0.89,161,-0.001128783520689917
0.89,162,0.0018427159408675989
0.89,163,-0.0003623355454354559
0.89,164,-0.002906606977667489
0.89,165,3.493104177565087e-6
0.89,166,-0.00091843271596517
0.89,167,0.002514434805061239
0.89,168,0.0010945885558122767
0.89,169,-0.0025419337623366527
0.89,170,-0.001613950850073664
0.89,171,0.001958698155939864
0.89,172,-0.0020542407436838013
0.89,173,-0.0032476715882526737
0.89,174,0.0047552858158041245
0.89,175,-0.0018541675899405924
0.89,176,0.0038889494059203044
0.89,177,-0.004617191102694062
0.89,178,-0.007530652899059991
0.89,179,0.002095979519519638
0.89,180,-0.0034592735445640875
0.89,181,0.00046514929215597583
0.89,182,-0.008200333770894467
0.89,183,-0.025153789394801736
0.89,184,-0.001185979284058703
0.89,185,0.017627983217690678
0.89,186,0.0499791937821146
0.89,187,0.08607874921782009
0.89,188,0.0726079771377736
0.89,189,0.10898029774065557
0.89,190,0.3601171382283012
0.89,191,-0.1755125268910316
0.89,192,1.0211128870187784
0.89,193,0.020949627177970793
0.89,194,0.03615672423346526
0.89,195,0.0006291502833742702
0.89,196,-0.008080566358814269
0.89,197,-0.0004716305426443765
0.89,198,-0.001864147022158086
0.9,intercept,0.0008040031949233393
0.9,1,0.04955354334598945
0.9,2,0.02170753024053141
0.9,3,0.002313012952946213
0.9,4,-0.02668084043539762
0.9,5,0.016173752263880983
0.9,6,-0.027254401385178997
0.9,7,0.08062475399810257
0.9,8,-0.0032374973908916227
0.9,9,0.018803940662158944
0.9,10,-0.004059290613752606
0.9,11,0.005789198787852257
0.9,12,0.016502446290748627
0.9,13,-0.0012543680402768392
0.9,14,-0.004808281412816551
0.9,15,0.005792035274118214
0.9,16,-0.008993547823699119
0.9,17,0.003680723959987375
0.9,18,-0.007837533488410979
0.9,19,0.0026544685419967284
0.9,20,-0.0059715513064567335
0.9,21,0.0015160679214309895
0.9,22,-0.004487010530469055
0.9,23,0.0013693065786336946
0.9,24,-0.005928098961774196
0.9,25,-0.0016563914042247243
0.9,26,0.004877896858761772
0.9,27,-0.001882193720209852
0.9,28,0.000825761264187291
0.9,29,-0.0016384997148979777
0.9,30,0.00038646423738185093
0.9,31,-0.00017950043640681943
0.9,32,-0.0009210171288685387
0.9,33,0.002003976915750783
0.9,34,-0.003740709362189973
0.9,35,0.0007749286492689044
0.9,36,0.00023340350154048628
0.9,37,0.0008939634678830949
0.9,38,0.0013712633866906176
0.9,39,0.0007201229314727417
0.9,40,-0.003177350212965963
0.9,41,0.0027551047162966175
0.9,42,0.000354432924247599
0.9,43,0.001884585352568129
0.9,44,-0.002621898821484651
0.9,45,0.001785379923892077
0.9,46,-0.0008864052962239452
0.9,47,-0.0008808664625438194
0.9,48,0.001366758070031326
0.9,49,-0.0017569204600378857
0.9,50,-0.0009625597838883092
0.9,51,0.0023579178649617604
0.9,52,0.0001264991047100609
0.9,53,-0.0003669263945664198
0.9,54,-0.0030179604107780124
0.9,55,0.0010267446218450963
0.9,56,0.0009224876228439289
0.9,57,-0.0011922083990509656
0.9,58,-0.0026332881047651095
0.9,59,-0.001144816047357486
0.9,60,0.0016762838947151824
0.9,61,-0.006755481558365793
0.9,62,0.0041848924792892055
0.9,63,-0.0007634144620288475
0.9,64,-0.0029297105127475847
0.9,65,0.0006077568394462371
0.9,66,0.004246814301080142
0.9,67,-0.0004690048023480619
0.9,68,0.002841369950732166
0.9,69,-0.004725337678659664
0.9,70,0.004155522866556736
0.9,71,-0.002508106090049044
0.9,72,0.0021372702289769664
0.9,73,0.006737794420025599
0.9,74,0.0037442109834262805
0.9,75,0.0015965948067772082
0.9,76,-0.005360032490607704
0.9,77,0.0032115152061244893
0.9,78,0.005523027234591776
0.9,79,-0.0005769368383368991
0.9,80,-0.0014465038232999152
0.9,81,0.0003714004313230565
0.9,82,-0.007172555086537223
0.9,83,-0.015081314013036706
0.9,84,0.003613600297896655
0.9,85,0.000630001859936905
0.9,86,0.0018501387939935032
0.9,87,0.003781499766282533
0.9,88,-0.008922573377811932
0.9,89,0.014032499742310913
0.9,90,0.010818405787466108
0.9,91,-0.02559371882420631
0.9,92,0.006908203776970875
0.9,93,0.0331249891436569
0.9,94,-0.0012844389518370928
0.9,95,0.0061238514849543514
0.9,96,-0.010544998925261777
0.9,97,0.009397136765364507
0.9,98,0.04951211146125545
0.9,99,-0.03098238073264591
0.9,100,0.01851308362045274
0.9,101,-0.0319406418541159
0.9,102,0.03472510383633301
0.9,103,-0.008361881537244981
0.9,104,0.027230886516099798
0.9,105,-0.01704598098275546
0.9,106,0.0034723566304050366
0.9,107,0.0047131734685128945
0.9,108,0.004641510194127588
0.9,109,-0.014702721167895947
0.9,110,0.011941737677343809
0.9,111,0.015626641512181003
0.9,112,-0.002689160694404885
0.9,113,-0.0002670312538167687
0.9,114,0.007818410183846212
0.9,115,-0.005190855664934415
0.9,116,0.0011712272559103753
0.9,117,-0.0008846004816441056
0.9,118,-0.0012165895296708405
0.9,119,-0.004691951474802918
0.9,120,0.00040484497641520993
0.9,121,-0.001703807667365226
0.9,122,-0.0027607435416412717
0.9,123,-0.0033208216208233257
0.9,124,-0.003638144772464657
0.9,125,0.006856624141401028
0.9,126,0.0006577512513814291
0.9,127,-0.0007559001030203856
0.9,128,-0.0016551863561288132
0.9,129,0.000516720326594569
0.9,130,0.00387728786617833
0.9,131,-0.0020104225627576534
0.9,132,0.0016012412631766944
0.9,133,0.0004321789568472736
0.9,134,0.0007192109789143426
0.9,135,-0.001027408139000576
0.9,136,0.0017262859070374518
0.9,137,0.001369604075464819
0.9,138,-0.0007244721070536837
0.9,139,-0.002102535262739594
0.9,140,-0.0006201695569345082
0.9,141,0.003617294076686707
0.9,142,-0.0019245938577899298
0.9,143,0.0013337411326867774
0.9,144,0.0022076173623014096
0.9,145,-0.003997271309976213
0.9,146,0.0023822821108490364
0.9,147,-0.0011404210797670267
0.9,148,-0.0012161438864692563
0.9,149,-0.003054404086863521
0.9,150,0.0008843306549553813
0.9,151,-0.0026246395783103946
0.9,152,-0.0003459926261219643
0.9,153,0.0007912081902310845
0.9,154,0.0006696612280232235
0.9,155,-0.0043985743728208624
0.9,156,-0.0002046191751651551
0.9,157,-3.506060995400239e-5
0.9,158,0.0004911302878654909
0.9,159,-0.0011560821735578366
0.9,160,0.002091009878609209
0.9,161,-0.0017701524000147653
0.9,162,0.0023530727530566495
0.9,163,2.8255059603078985e-6
0.9,164,-0.0023761333049496093
0.9,165,-0.0004592199758448264
0.9,166,-0.0001659732526541444
0.9,167,0.00195004448365232
0.9,168,0.0016669794966318024
0.9,169,-0.0027456912770483606
0.9,170,-0.0018056514150971326
0.9,171,0.002290766893715837
0.9,172,-0.0018890997566900745
0.9,173,-0.0027165829510771536
0.9,174,0.0030250519931267913
0.9,175,-0.0014433709508747741
0.9,176,0.00485296113249806
0.9,177,-0.0017742341445545983
0.9,178,-0.011079101738367101
0.9,179,0.0005891650023913022
0.9,180,0.00029259714289505133
0.9,181,-0.0002710938515367533
0.9,182,-0.005622943824158112
0.9,183,-0.032914359846649636
0.9,184,-0.002024205140289441
0.9,185,0.02752965428416188
0.9,186,0.044076750888506745
0.9,187,0.09410522507409534
0.9,188,0.06890726569477292
0.9,189,0.1109661079259624
0.9,190,0.36994742172916445
0.9,191,-0.18675593814494731
0.9,192,1.0420077972371713
0.9,193,0.03345253030474677
0.9,194,0.04641653509016092
0.9,195,0.0004304537990310563
0.9,196,-0.01021607819122674
0.9,197,-0.0005258963929881028
0.9,198,-0.0019513027510537568
0.91,intercept,0.002613582610156672
0.91,1,0.05015075501841792
0.91,2,0.02155864392835151
0.91,3,-0.0008604595902037688
0.91,4,-0.033291469836072334
0.91,5,0.03642448828063918
0.91,6,-0.018086285147684455
0.91,7,0.07394926593233213
0.91,8,0.016515592043714795
0.91,9,0.0009199061425887423
0.91,10,-0.0002542456600159535
0.91,11,0.009594277291998526
0.91,12,0.0172933068366232
0.91,13,0.004554551131798658
0.91,14,-0.005046333962135011
0.91,15,0.012195289250274738
0.91,16,-0.0044024749338697775
0.91,17,0.0027506927548688704
0.91,18,-0.008467441409588418
0.91,19,-0.0010059903033600387
0.91,20,-0.009553816888034588
0.91,21,0.004763191156904503
0.91,22,-0.006927702358147537
0.91,23,0.0016066808573324458
0.91,24,-0.008521146485416981
0.91,25,-0.0010454485911719673
0.91,26,0.0033537343393740568
0.91,27,-0.002277246406210341
0.91,28,0.001309068321294664
0.91,29,-0.0030861308307237587
0.91,30,0.0023498318239491773
0.91,31,5.151089344318966e-5
0.91,32,-0.0009249606198542339
0.91,33,0.0023637549511461623
0.91,34,-0.0043557264911585
0.91,35,0.0016064025816155602
0.91,36,-9.176354927000208e-5
0.91,37,0.0018286552988035028
0.91,38,-0.0003797890647672286
0.91,39,0.0022204094571093287
0.91,40,-0.0029614993621173338
0.91,41,0.001405729208169803
0.91,42,0.0016814203600834586
0.91,43,0.0010289181297852869
0.91,44,-0.0021769872941460643
0.91,45,0.0023618158692174382
0.91,46,-0.001923254100225881
0.91,47,-0.0008851144116941799
0.91,48,0.002379188602962914
0.91,49,-0.0029418353154075615
0.91,50,0.0011371564063797914
0.91,51,0.0006579725852531316
0.91,52,0.00011782694285730802
0.91,53,-0.0009153671826640747
0.91,54,-0.002690109197083339
0.91,55,0.0005858131647441093
0.91,56,0.0031449566987507642
0.91,57,-0.002657059081405641
0.91,58,-0.0016061663549861306
0.91,59,-0.0019061841046811958
0.91,60,0.002131711042535265
0.91,61,-0.007543070952342561
0.91,62,0.002708383325298945
0.91,63,0.000722205074633585
0.91,64,-0.0032590234680429067
0.91,65,0.0009163730047349129
0.91,66,0.004264102575782155
0.91,67,-0.0004332050909807165
0.91,68,0.003611785820191623
0.91,69,-0.00602458015764588
0.91,70,0.006480675610892578
0.91,71,-0.0032319615824645456
0.91,72,0.002146656663150456
0.91,73,0.005918519269032021
0.91,74,0.00603116245454815
0.91,75,0.000977957260619613
0.91,76,-0.0042350491664223
0.91,77,0.0035934366301531204
0.91,78,0.005953575011403894
0.91,79,0.00019325746467130115
0.91,80,-0.007823958576174229
0.91,81,0.0007285035603896066
0.91,82,-0.008474371870080101
0.91,83,-0.014037559036505639
0.91,84,0.003510878913565803
0.91,85,-0.003081185530177461
0.91,86,0.001475442433509066
0.91,87,0.014590596295373504
0.91,88,-0.005762025419135281
0.91,89,0.031246527623732354
0.91,90,0.005217298924399923
0.91,91,-0.027736332880652873
0.91,92,0.012904110486026764
0.91,93,0.02297736364708213
0.91,94,-0.006020369334745939
0.91,95,0.012292160217401522
0.91,96,-0.011751549831658905
0.91,97,0.005289622638868973
0.91,98,0.051548207606669415
0.91,99,-0.03202088648710672
0.91,100,0.024306548362075433
0.91,101,-0.03700376951387191
0.91,102,0.02541905829959359
0.91,103,-0.0007146425539789453
0.91,104,0.033637495957115966
0.91,105,-0.017666784161129944
0.91,106,0.006974384903507247
0.91,107,0.01248892482238291
0.91,108,0.001977229201650559
0.91,109,-0.01897586206597586
0.91,110,0.002655556352984645
0.91,111,0.02173423609310416
0.91,112,-0.005239544638218099
0.91,113,0.007593197138241946
0.91,114,0.005490796339320208
0.91,115,-0.0040945632764636235
0.91,116,0.0009851245675866502
0.91,117,-0.0016104818651928349
0.91,118,-0.001817497706055369
0.91,119,-0.0051600268287258265
0.91,120,0.0006780374072338387
0.91,121,-0.0023803575011784785
0.91,122,-0.001777834251220888
0.91,123,-0.003852336491818477
0.91,124,-0.003036282055874716
0.91,125,0.0056853144492544725
0.91,126,0.0022234265573119203
0.91,127,-0.002025893929867298
0.91,128,-0.0007414696500508423
0.91,129,-0.0002332312837383286
0.91,130,0.0026432530630380326
0.91,131,-0.0010659175413668147
0.91,132,0.0004631480079843785
0.91,133,0.0007479377625575066
0.91,134,-0.0011495272477532884
0.91,135,0.0008746965726045564
0.91,136,0.0009462464166977928
0.91,137,0.0006443417916388054
0.91,138,-6.039426912692123e-5
0.91,139,-0.001975506877008556
0.91,140,-0.0008587153905921471
0.91,141,0.00491754430574149
0.91,142,-0.0027067542104356997
0.91,143,0.000743463010516522
0.91,144,0.0019281060267108672
0.91,145,-0.0031405013623599077
0.91,146,0.00215238919649731
0.91,147,-0.0009007797826036107
0.91,148,-0.0013365995378096208
0.91,149,-0.0030099507068901935
0.91,150,-0.0006350891277505378
0.91,151,-0.0007796337725381941
0.91,152,-0.0012297039987730473
0.91,153,0.0006192807465640124
0.91,154,-0.0013320878997327382
0.91,155,-0.002645820643178256
0.91,156,-0.0013419849154687104
0.91,157,-7.605989677109998e-5
0.91,158,0.00041703115551227184
0.91,159,-0.0007216368022765184
0.91,160,0.002564153387330668
0.91,161,-0.002474602767637165
0.91,162,0.0038867431284869435
0.91,163,-0.001187436340374102
0.91,164,-0.0019768997653790976
0.91,165,7.995977629863337e-5
0.91,166,-0.0007229513381935273
0.91,167,-0.0006463838230883614
0.91,168,0.0034753809566475816
0.91,169,-0.003240357967165428
0.91,170,-0.002335209557905632
0.91,171,0.00275612213591217
0.91,172,-0.0019263779566956465
0.91,173,-0.001136387702079469
0.91,174,0.0035441921708986588
0.91,175,0.0016565805559717527
0.91,176,0.0018547487266931582
0.91,177,2.3914621285082085e-5
0.91,178,-0.010263259622003616
0.91,179,-0.0006189565975814223
0.91,180,0.0005437313733452815
0.91,181,-0.003184149430731449
0.91,182,-0.0024897716073988435
0.91,183,-0.040467861438667554
0.91,184,-0.0005378995835332575
0.91,185,0.02734459842670214
0.91,186,0.05449474859069117
0.91,187,0.08322358988543327
0.91,188,0.08228642780686679
0.91,189,0.11207058826820696
0.91,190,0.3987242141117171
0.91,191,-0.20647102264484363
0.91,192,1.0547651911896263
0.91,193,0.04272580222914167
0.91,194,0.05067927761264494
0.91,195,-0.00025135723891885525
0.91,196,-0.013327548671251674
0.91,197,-0.0005262363703764333
0.91,198,-0.0021364437301268713
0.92,intercept,0.005737258905094588
0.92,1,0.06675493522929637
0.92,2,0.025413501603224604
0.92,3,-0.013168917520407022
0.92,4,-0.01594662218199648
0.92,5,0.03559622441014131
0.92,6,-0.023743948674688865
0.92,7,0.08253943799609188
0.92,8,0.004661149975962423
0.92,9,0.004641161628140477
0.92,10,0.004488984804311455
0.92,11,0.030068840679441645
0.92,12,0.025538667479773434
0.92,13,0.004410973957762205
0.92,14,-0.013571639381551792
0.92,15,0.021290634713936708
0.92,16,-0.011166610777167229
0.92,17,0.0010512034166224632
0.92,18,-0.007393352188919647
0.92,19,-0.002799054034984628
0.92,20,-0.009322014564393553
0.92,21,0.005241957697885725
0.92,22,-0.010259230322281274
0.92,23,0.00207000499252824
0.92,24,-0.008276551042070545
0.92,25,-0.0011888886724884136
0.92,26,0.003914258932108396
0.92,27,-0.002846530115625852
0.92,28,0.0012488017130579902
0.92,29,-0.0021300848525891945
0.92,30,0.002717801662218893
0.92,31,0.0003275264680449989
0.92,32,-0.001738911868785496
0.92,33,0.0035917086958445845
0.92,34,-0.004915016763185563
0.92,35,0.0018231418147894132
0.92,36,0.0005420391521475048
0.92,37,-0.0008451563940201633
0.92,38,0.0005220245704679737
0.92,39,0.001451198130539338
0.92,40,-0.0015238560429157938
0.92,41,0.0023214469381367914
0.92,42,0.0030256206385256917
0.92,43,0.00020746481802147817
0.92,44,-0.0014768642387903287
0.92,45,0.003281559731341497
0.92,46,-0.0026037033449155447
0.92,47,-0.001936859213374541
0.92,48,0.0026094580439524123
0.92,49,-0.0026848248258705986
0.92,50,0.00153389212992297
0.92,51,0.0004029303903351335
0.92,52,-0.0003958853491197973
0.92,53,-0.0010934310247678852
0.92,54,-0.003213837930214631
0.92,55,0.00023050325473243245
0.92,56,0.0018934382609839106
0.92,57,-0.0021790956233145612
0.92,58,-0.0009099618683184368
0.92,59,-0.0024262919396694123
0.92,60,0.0033795975880534517
0.92,61,-0.00942559769131419
0.92,62,0.0033493191575976367
0.92,63,0.001969739038156889
0.92,64,-0.003573771804612023
0.92,65,0.0010841069269363185
0.92,66,0.005658241479365413
0.92,67,0.00012663147271861148
0.92,68,0.0050784325227225926
0.92,69,-0.007078150560160634
0.92,70,0.007382401624802919
0.92,71,-0.007740554965128629
0.92,72,0.005658697488006125
0.92,73,0.004999407765040433
0.92,74,0.0043970863362533365
0.92,75,0.0031345031396304386
0.92,76,-0.007064931277897125
0.92,77,0.009929368517714034
0.92,78,0.01212380697563779
0.92,79,0.004849710025662599
0.92,80,-0.00913460231157096
0.92,81,-0.0008885177993540615
0.92,82,-0.013652628868568922
0.92,83,-0.01688584055084395
0.92,84,0.012087556364758563
0.92,85,-0.011486484517584038
0.92,86,0.0033140535029626355
0.92,87,0.011207365554978038
0.92,88,-0.004413024620683269
0.92,89,0.036139513630751074
0.92,90,-0.005050316387399578
0.92,91,-0.029898346648839377
0.92,92,0.010667418003341969
0.92,93,0.019873065419805394
0.92,94,-0.003583850942501561
0.92,95,0.02075677296731922
0.92,96,-0.00769228839610089
0.92,97,0.01680486060726158
0.92,98,0.042543481289888996
0.92,99,-0.03717917351802452
0.92,100,0.04091363194379132
0.92,101,-0.05812034203101329
0.92,102,0.03344598971226558
0.92,103,-0.008631924575537403
0.92,104,0.044002480998682016
0.92,105,-0.015658187607589316
0.92,106,6.139115530801598e-5
0.92,107,0.004343278858149209
0.92,108,0.006811177084946012
0.92,109,-0.018871700067964788
0.92,110,0.00601372963512829
0.92,111,0.023255089620833665
0.92,112,-0.010788904560297722
0.92,113,0.01328079555488698
0.92,114,0.003408448481035464
0.92,115,-0.0038940936692970544
0.92,116,0.0012384582215092734
0.92,117,-0.005383741302619366
0.92,118,-0.002616594309926904
0.92,119,-0.0053480402870284185
0.92,120,0.000350333607983059
0.92,121,-0.0021030558926660877
0.92,122,-0.0011758178949432276
0.92,123,-0.0033313817202707376
0.92,124,-0.003369744377552246
0.92,125,0.007272988315938419
0.92,126,0.001064822496342928
0.92,127,-0.0017610106401230747
0.92,128,-0.0007270606150198978
0.92,129,0.0013038252156979578
0.92,130,0.0005169967518133865
0.92,131,0.0009232542157464445
0.92,132,-0.0013876335014769317
0.92,133,0.0012000687661580546
0.92,134,-0.0009639884129969396
0.92,135,-3.6560097563875804e-5
0.92,136,0.0011061072892774462
0.92,137,0.0012545927344445047
0.92,138,0.0004806626859890226
0.92,139,-0.0037624638922645467
0.92,140,0.0020638689731942604
0.92,141,0.0032511197772820163
0.92,142,-0.003321289163686964
0.92,143,0.0009215382519095249
0.92,144,0.0022474456283285565
0.92,145,-0.0033354916892955606
0.92,146,0.0019029129009927464
0.92,147,-0.00013882154606597135
0.92,148,-0.001249080078626553
0.92,149,-0.0035645047540813894
0.92,150,0.0002606303129407247
0.92,151,-0.0014913928823121136
0.92,152,-0.0013760171627556802
0.92,153,0.0008781862133061157
0.92,154,-0.002810938165741572
0.92,155,-0.0017559905866982879
0.92,156,-0.002236129744457165
0.92,157,0.0003586571800508805
0.92,158,6.827406432022722e-6
0.92,159,-0.0001276488848660186
0.92,160,0.0028105628302074015
0.92,161,-0.0025017215995331195
0.92,162,0.004407532576073922
0.92,163,-0.0024858529103919053
0.92,164,-0.0012621247529846639
0.92,165,0.0007025166373349954
0.92,166,-0.0017206768050128229
0.92,167,-0.0008368386363815263
0.92,168,0.004220203828805984
0.92,169,-0.004571445399792787
0.92,170,-0.0011267009062956937
0.92,171,0.001548077814797392
0.92,172,-0.0036506817326027717
0.92,173,0.0016854871728557458
0.92,174,0.004319602540333872
0.92,175,0.0007708834710264414
0.92,176,0.005825801803939101
0.92,177,-0.0073759030197261405
0.92,178,-0.0078006703734394105
0.92,179,-0.0014060351810509658
0.92,180,-0.0019882046623670205
0.92,181,-0.0019732417128188757
0.92,182,-0.0020473342013390136
0.92,183,-0.03616182522752567
0.92,184,-0.0034727775186674087
0.92,185,0.02511431717498111
0.92,186,0.056301103373906855
0.92,187,0.07372002720445299
0.92,188,0.10452911833653253
0.92,189,0.10851556930065279
0.92,190,0.4179824721602929
0.92,191,-0.22768649878637043
0.92,192,1.0953562155573435
0.92,193,0.05309128317727453
0.92,194,0.05300705550542122
0.92,195,-0.001777587269560021
0.92,196,-0.017915818769271254
0.92,197,-0.0005872658898386773
0.92,198,-0.0025587382252803713
0.93,intercept,0.011326753460793003
0.93,1,0.07362048254780186
0.93,2,0.0237385361959177
0.93,3,-0.016491184894948056
0.93,4,-0.010002319923138932
0.93,5,0.03559127962485738
0.93,6,-0.02818564807199536
0.93,7,0.08966137137815575
0.93,8,-0.0010514716804396456
0.93,9,0.006990514353119021
0.93,10,0.01568577821286121
0.93,11,0.04020107891880814
0.93,12,0.032100185639109435
0.93,13,0.013753665395157015
0.93,14,-0.02819181837118328
0.93,15,0.0237093297938867
0.93,16,-0.019590433406673942
0.93,17,0.004376646779808605
0.93,18,-0.0068555407827753075
0.93,19,-0.00018009539738318703
0.93,20,-0.0016847338251469144
0.93,21,0.0034440782373555668
0.93,22,-0.009214014229445944
0.93,23,0.0008805847282532642
0.93,24,-0.008388089188546803
0.93,25,-0.003083352135639386
0.93,26,0.005389092013723481
0.93,27,-0.001744539129729964
0.93,28,-0.0007023810409703781
0.93,29,-0.002931556305577781
0.93,30,0.00482840619186624
0.93,31,0.0007215476513156215
0.93,32,-0.001127467603325158
0.93,33,0.003362221555591368
0.93,34,-0.006933758287751735
0.93,35,0.004352499090843472
0.93,36,0.0008893226430781171
0.93,37,-0.0021714163752242998
0.93,38,0.002374337524013055
0.93,39,0.0018398079371411498
0.93,40,-0.0030257277904300007
0.93,41,0.0035874348254835687
0.93,42,0.0014580010971486537
0.93,43,0.002414023513965298
0.93,44,-0.004149248378918805
0.93,45,0.005892997355484231
0.93,46,-0.0033523604967756774
0.93,47,-0.0017254157959878836
0.93,48,0.0030289780519836356
0.93,49,-0.0036699378292935434
0.93,50,0.0016883365555132783
0.93,51,0.0004248201027766723
0.93,52,-0.001219156215105327
0.93,53,-0.000829950701127406
0.93,54,-0.005388936251621133
0.93,55,0.0007955729048540483
0.93,56,0.0019252360015417308
0.93,57,-0.002904593464522416
0.93,58,-0.00039215152717226584
0.93,59,-0.0031806786533713598
0.93,60,0.0027495056564063062
0.93,61,-0.008448671745016586
0.93,62,0.003910985281510573
0.93,63,-0.0007156942157364551
0.93,64,-0.0017389057558886375
0.93,65,0.002668072883447911
0.93,66,0.004859894432785117
0.93,67,0.0009247638554821043
0.93,68,0.005513287552664261
0.93,69,-0.008702871202319499
0.93,70,0.00991302731653498
0.93,71,-0.008729945996475875
0.93,72,0.006719292399762937
0.93,73,0.0048009105795274835
0.93,74,0.00630871804094846
0.93,75,0.0024248602067545584
0.93,76,-0.00945558305898395
0.93,77,0.012687816490801822
0.93,78,0.0065270040340003705
0.93,79,0.0009590175374837
0.93,80,-0.00851199483357075
0.93,81,-3.646223086011662e-5
0.93,82,-0.012345161355422464
0.93,83,-0.019765017371360986
0.93,84,0.01512586979891966
0.93,85,-0.010472814801654335
0.93,86,0.005403549474504753
0.93,87,0.00012774379060522152
0.93,88,-0.0007632130540282634
0.93,89,0.043434552608259555
0.93,90,-0.006248767651860086
0.93,91,-0.027313890419344174
0.93,92,-0.010835376262499542
0.93,93,0.03243892579045623
0.93,94,0.004681488084466727
0.93,95,0.017879930554742525
0.93,96,-0.0179545918730183
0.93,97,0.022479674395301602
0.93,98,0.032588523298308254
0.93,99,-0.03220803084426051
0.93,100,0.04616033948616765
0.93,101,-0.06926669947785291
0.93,102,0.05379033645352837
0.93,103,-0.01982791343648882
0.93,104,0.04556709931828067
0.93,105,-0.010993944991460936
0.93,106,0.01277661295222623
0.93,107,-0.0054263071221015095
0.93,108,0.0006045866219887543
0.93,109,-0.019790947766277447
0.93,110,0.008884067774186488
0.93,111,0.011099197298678034
0.93,112,-0.006317096635180745
0.93,113,0.008976225467791145
0.93,114,-0.001421545480473254
0.93,115,-0.0009322701292056695
0.93,116,0.0014498676213404139
0.93,117,-0.0028312567254154936
0.93,118,-0.0020514150963911906
0.93,119,-0.009416249248427077
0.93,120,0.0029163457643770025
0.93,121,0.001649560270883724
0.93,122,-0.0022439234325715425
0.93,123,-0.0035284104592068874
0.93,124,-0.003237474646281318
0.93,125,0.004669961474643363
0.93,126,0.0012919546390612814
0.93,127,-0.0016743357476601672
0.93,128,0.0005044462272769283
0.93,129,-0.0007157412067835592
0.93,130,0.000718621141213855
0.93,131,0.0007377893422027266
0.93,132,-0.0015943021837482897
0.93,133,0.0016651259458641623
0.93,134,0.00087278739630883
0.93,135,0.00022536001550685667
0.93,136,-0.00013469394347059003
0.93,137,0.004293840114318612
0.93,138,-0.000980599840369692
0.93,139,-0.0036864843363041354
0.93,140,0.0008732089985815223
0.93,141,0.004070806898147068
0.93,142,-0.0026679786673012946
0.93,143,6.819871390420147e-5
0.93,144,0.004140492190749363
0.93,145,-0.0045666969127253244
0.93,146,0.0006840309412083323
0.93,147,0.0023924043096648045
0.93,148,-0.0024574229514710963
0.93,149,-0.002682692851817126
0.93,150,-0.0018011506869792806
0.93,151,-0.0013841808047548624
0.93,152,-0.0028146500730919792
0.93,153,0.0004390992866756846
0.93,154,-0.0015886815593741201
0.93,155,-0.001740173985105709
0.93,156,-0.0015444248902214276
0.93,157,-0.000236388192002359
0.93,158,-8.061245122378889e-5
0.93,159,0.0007656109187366034
0.93,160,0.0009355817459455567
0.93,161,-0.0009194428506962774
0.93,162,0.004492540507014109
0.93,163,-0.0008501284231837282
0.93,164,-0.0019004958376692617
0.93,165,-0.0014928922166170808
0.93,166,-0.002890355646743398
0.93,167,0.0012781363342836641
0.93,168,0.003946648053571991
0.93,169,-0.004570181739416389
0.93,170,-0.0013544957263188749
0.93,171,0.0015118855779586574
0.93,172,-0.002238321582638955
0.93,173,0.0008834908062056175
0.93,174,0.0051747755553258985
0.93,175,-0.0021348488092402477
0.93,176,0.002555692226806078
0.93,177,0.0010273279752806503
0.93,178,-0.010644665481717499
0.93,179,0.0006349819487319554
0.93,180,-0.010934915833751214
0.93,181,0.002785340504164179
0.93,182,-0.01007335836796911
0.93,183,-0.037033663639681566
0.93,184,-0.00878455194579512
0.93,185,0.04019813986453461
0.93,186,0.054628364096200366
0.93,187,0.08097069598439623
0.93,188,0.12579271329263517
0.93,189,0.09885879324618718
0.93,190,0.42655534417051905
0.93,191,-0.24781792821363516
0.93,192,1.1132925469143793
0.93,193,0.045042888850699764
0.93,194,0.0735457293595565
0.93,195,-0.005326020148957834
0.93,196,-0.023091091098305563
0.93,197,-0.00047676137876782095
0.93,198,-0.0024526535546035336
0.94,intercept,0.01988279118451194
0.94,1,0.08220478542831226
0.94,2,0.01480630835491499
0.94,3,-0.006345333795475382
0.94,4,-0.010045353669082008
0.94,5,0.052342407112248225
0.94,6,-0.026575793201980797
0.94,7,0.08977873796020953
0.94,8,-0.002947277543761272
0.94,9,-0.009070167103110465
0.94,10,0.016757193820874882
0.94,11,0.050402553055117816
0.94,12,0.009090959191744394
0.94,13,0.023290347277316166
0.94,14,-0.0395117618621351
0.94,15,0.030991797981436826
0.94,16,-0.022616653395376336
0.94,17,-0.0049531503488385135
0.94,18,0.0005687067977521447
0.94,19,-0.0026700131269153694
0.94,20,0.002804140940059569
0.94,21,0.005383658233352741
0.94,22,-0.011256954623546473
0.94,23,0.0004976760940564673
0.94,24,-0.008046636483507466
0.94,25,-0.0034448714126073094
0.94,26,0.004213361050114857
0.94,27,-0.003874550811429142
0.94,28,-0.0010361508067532217
0.94,29,-0.000837183755461508
0.94,30,0.003654947463706237
0.94,31,0.0005389133993901094
0.94,32,0.0009758971562822514
0.94,33,0.0025851237029449457
0.94,34,-0.009129512348584995
0.94,35,0.007136676689380422
0.94,36,0.0021129563619884414
0.94,37,-0.0030557540578922877
0.94,38,0.003052740759088182
0.94,39,-0.0003274678612428464
0.94,40,-0.0018950225514526625
0.94,41,0.005085291260750784
0.94,42,-0.0003790770306736726
0.94,43,0.001602300418728017
0.94,44,-0.004898987811753206
0.94,45,0.007105588494385025
0.94,46,-0.00129438012555935
0.94,47,-0.002097224238852268
0.94,48,0.0035434096125820554
0.94,49,-0.004340168169395324
0.94,50,0.001039671169664537
0.94,51,0.001152511653323065
0.94,52,-0.0025977724235777765
0.94,53,0.0007802198908950597
0.94,54,-0.00803440508628678
0.94,55,0.004128371651574106
0.94,56,0.0014674411872249882
0.94,57,-0.0051229144276896035
0.94,58,-0.002560659774117442
0.94,59,-0.001642473805997185
0.94,60,0.004395916540491493
0.94,61,-0.011430288788484592
0.94,62,0.004706804732594974
0.94,63,-0.0017740887136243797
0.94,64,0.0005754386835952786
0.94,65,0.0033308340681244093
0.94,66,0.007227897412415701
0.94,67,-0.0011495081891573855
0.94,68,0.004161635640618207
0.94,69,-0.009201961765338905
0.94,70,0.010246383542852112
0.94,71,-0.009088408200846132
0.94,72,0.0076497485945222305
0.94,73,0.0026679021074770774
0.94,74,0.010799559645311471
0.94,75,-0.0016335227812493652
0.94,76,-0.005624579691513668
0.94,77,0.012936588182105854
0.94,78,0.002966679772385179
0.94,79,-2.663171276646369e-5
0.94,80,-0.00983647434833537
0.94,81,0.0045315910978912695
0.94,82,-0.009682560933817193
0.94,83,-0.02068815425833396
0.94,84,0.007609423027637381
0.94,85,-0.008826379671187422
0.94,86,0.006084085270392415
0.94,87,0.02495776731256588
0.94,88,-0.004468824180582971
0.94,89,0.03797594579309558
0.94,90,-0.010849334618163519
0.94,91,-0.02134304723955848
0.94,92,-0.0078024347648088755
0.94,93,0.028057857940297096
0.94,94,0.010877151291963632
0.94,95,0.013872758583511257
0.94,96,-0.019206851442644255
0.94,97,0.036156188852768736
0.94,98,0.018358482271115167
0.94,99,-0.028450522824448543
0.94,100,0.05651280326606154
0.94,101,-0.06385022487617803
0.94,102,0.04102137457718117
0.94,103,0.010137962417598123
0.94,104,0.020917526479375184
0.94,105,0.006454768926688565
0.94,106,0.008569251713912514
0.94,107,-0.01092540086653255
0.94,108,0.009423284035957498
0.94,109,-0.017912573074365862
0.94,110,0.005496146758927382
0.94,111,0.022415883756154557
0.94,112,-0.011463077859457941
0.94,113,0.0009229007814196668
0.94,114,-0.004048080301158363
0.94,115,-0.0032374502927760554
0.94,116,-0.001123013784724818
0.94,117,-0.0056383535804334665
0.94,118,0.0024828701289704353
0.94,119,-0.011395695189282047
0.94,120,0.005134026293686784
0.94,121,0.002239565623488457
0.94,122,0.0024957744066630106
0.94,123,-0.004763749157218176
0.94,124,-0.002425819594818162
0.94,125,0.004848252087132004
0.94,126,0.0017705581234512963
0.94,127,-0.0021395779804753517
0.94,128,-0.0023874393381763154
0.94,129,-0.0030166455793171304
0.94,130,0.0024325746923200393
0.94,131,0.002270364506960703
0.94,132,0.0010305920501645627
0.94,133,0.0023875668357411658
0.94,134,-0.00045116179322142143
0.94,135,0.0010657963102926556
0.94,136,-0.0030059490816252933
0.94,137,0.005932421184670439
0.94,138,-0.0029782868118432386
0.94,139,-0.0038112534736632763
0.94,140,0.0014115848768406058
0.94,141,0.003444405698917071
0.94,142,-0.0031531355091699957
0.94,143,-0.0012745925450465046
0.94,144,0.004898714076135391
0.94,145,-0.00405436131027764
0.94,146,-0.00010887892773501171
0.94,147,0.002066770842283073
0.94,148,-0.0027532119156191497
0.94,149,-0.0025397888784832122
0.94,150,-0.002446474902011256
0.94,151,-0.0009064513399542537
0.94,152,-0.00402699367644047
0.94,153,0.0008053871098452105
0.94,154,2.4174273647597186e-5
0.94,155,-0.003913020510078251
0.94,156,-0.0011512766237941532
0.94,157,0.0009152278956387162
0.94,158,0.000340760109144898
0.94,159,0.0019454208844305273
0.94,160,-0.0002808841589957408
0.94,161,-0.0011447253292415599
0.94,162,0.005748203876532776
0.94,163,0.0019796001442928834
0.94,164,-0.0020493240264477207
0.94,165,-0.002051699610712551
0.94,166,-0.002091631760935775
0.94,167,0.0009858534432814845
0.94,168,0.0046403650046102285
0.94,169,-0.007827508136250888
0.94,170,-0.0035717025919615067
0.94,171,0.0039160845022080904
0.94,172,-0.0016297254790943348
0.94,173,0.0020492982519341907
0.94,174,0.004955845157186425
0.94,175,-0.003015048797415283
0.94,176,0.001972398085998015
0.94,177,0.005986507916721549
0.94,178,-0.015719009050728896
0.94,179,-0.0036166105833973475
0.94,180,-0.0029186804772448113
0.94,181,-0.012779827948932617
0.94,182,-0.002088236675543319
0.94,183,-0.05378742766616651
0.94,184,0.012405828198578226
0.94,185,0.05081853408746469
0.94,186,0.04316687654985749
0.94,187,0.09873470133856802
0.94,188,0.11553138398339341
0.94,189,0.10609697610559879
0.94,190,0.4339463353340576
0.94,191,-0.27613701293237863
0.94,192,1.1351121835814795
0.94,193,0.035016477242413385
0.94,194,0.06927142249902828
0.94,195,-0.009580026026574519
0.94,196,-0.03089901538243554
0.94,197,-0.0004955253612530727
0.94,198,-0.0023716422751906413
0.95,intercept,0.02789218687860073
0.95,1,0.08496635373167166
0.95,2,0.06673681978553461
0.95,3,-0.02443926530927643
0.95,4,-0.008589165690947913
0.95,5,0.048814859843942376
0.95,6,-0.022326270333228097
0.95,7,0.08780860409789286
0.95,8,0.00575324278367048
0.95,9,-0.011374683721271562
0.95,10,-0.0028226154489706854
0.95,11,0.09219537663652687
0.95,12,-0.02462730991007741
0.95,13,0.04001542262414732
0.95,14,-0.0368015188861402
0.95,15,0.031105471424916497
0.95,16,-0.028506131816527627
0.95,17,-0.006745492380492281
0.95,18,0.006709634887698088
0.95,19,-0.00796394299267616
0.95,20,-0.0016013668267081194
0.95,21,0.012365301475062778
0.95,22,-0.012975794742176156
0.95,23,0.0023953710330952005
0.95,24,-0.009756886797579276
0.95,25,0.0010506929691092286
0.95,26,0.001470941414439578
0.95,27,-0.005412590618778777
0.95,28,0.0006738906414496782
0.95,29,-0.0005551472188398826
0.95,30,0.002872467673426161
0.95,31,0.0024847220869790203
0.95,32,5.8896140336638814e-5
0.95,33,0.0031375488262660373
0.95,34,-0.01128850507560807
0.95,35,0.008162285006878012
0.95,36,0.002303988406147929
0.95,37,-0.002192648778385556
0.95,38,0.004074606366283656
0.95,39,0.0010687560910512626
0.95,40,-0.003674926638247434
0.95,41,0.005761169405751864
0.95,42,0.0002505162036800604
0.95,43,-0.000730003813558313
0.95,44,-0.002461211861630458
0.95,45,0.00584833791215883
0.95,46,-0.0019656977971836053
0.95,47,-0.0037980178853277606
0.95,48,0.006636179018557383
0.95,49,-0.0038071345214929224
0.95,50,-0.0018997702908484368
0.95,51,0.0007615815785773909
0.95,52,-0.0028221397147966255
0.95,53,0.00038219025409237943
0.95,54,-0.007887946062845307
0.95,55,0.00528320171911785
0.95,56,-0.00014467187159814893
0.95,57,-0.0017576576160267486
0.95,58,-0.005642853991675381
0.95,59,0.003270308819657861
0.95,60,0.0023314909628141165
0.95,61,-0.011819652782956176
0.95,62,0.006983636056404084
0.95,63,-0.0025834868645283416
0.95,64,-0.0008676178514324483
0.95,65,0.0028462834113758863
0.95,66,0.007542374173050287
0.95,67,0.0026209426249749605
0.95,68,0.0027202226286506385
0.95,69,-0.007771560478482373
0.95,70,0.010241801035654306
0.95,71,-0.008495228312083988
0.95,72,0.007756037290094194
0.95,73,-0.0005717841338893935
0.95,74,0.007519022050442512
0.95,75,-0.0037161914282150123
0.95,76,-0.0009929191848471804
0.95,77,0.01600769834985495
0.95,78,0.006260815267063907
0.95,79,-0.001427471312419257
0.95,80,0.0007769886410602406
0.95,81,0.0013412002234481802
0.95,82,-0.01453675416441458
0.95,83,-0.024456860469699655
0.95,84,-0.0024048028048606336
0.95,85,-0.0023086852850806054
0.95,86,0.009762303214897301
0.95,87,0.02788184643358317
0.95,88,-0.018614260074850706
0.95,89,0.039924259175987284
0.95,90,-0.022799274238166488
0.95,91,0.003740869172258626
0.95,92,-0.00039223292010746804
0.95,93,0.03894549844673144
0.95,94,0.011009593567826447
0.95,95,0.026073909914319664
0.95,96,-0.05169868520590607
0.95,97,0.04392299686854954
0.95,98,0.024542522765122896
0.95,99,-0.017980055426695143
0.95,100,0.023557922014978114
0.95,101,-0.033688069660034216
0.95,102,0.029068186136900608
0.95,103,0.01895817363856725
0.95,104,0.01354670334097661
0.95,105,0.007083033334924533
0.95,106,0.009685571633962164
0.95,107,-0.0033333809212592533
0.95,108,0.014774783071390758
0.95,109,-0.029611433490022668
0.95,110,0.007858106478818941
0.95,111,0.007955067758560584
0.95,112,-0.008472387599008327
0.95,113,0.004995829668297064
0.95,114,-0.007691253525932715
0.95,115,-0.0037976065380853985
0.95,116,4.2576882577891006e-5
0.95,117,-0.00544543869565944
0.95,118,0.005612386020563767
0.95,119,-0.010004571254384071
0.95,120,0.002768785041022682
0.95,121,0.0021990542315997565
0.95,122,0.001788935337905965
0.95,123,-0.00678399362333585
0.95,124,-0.0016161535682742544
0.95,125,-0.0001643142667362136
0.95,126,0.004046946812764477
0.95,127,-0.003917542470687673
0.95,128,-0.0032095158988637656
0.95,129,0.00026954898073003867
0.95,130,0.0012808342684285912
0.95,131,0.003237638263716685
0.95,132,-0.0010925974925145936
0.95,133,0.003489722246086725
0.95,134,2.979093158975743e-5
0.95,135,0.002451110344173381
0.95,136,-0.004667501567686415
0.95,137,0.008636053117577178
0.95,138,-0.001733872434478901
0.95,139,-0.006827008525182077
0.95,140,0.0057415174290999516
0.95,141,0.0011509801619854795
0.95,142,-0.00010885974191345043
0.95,143,-0.002443912164641449
0.95,144,0.006119554228068329
0.95,145,-0.008228936453089985
0.95,146,0.0009778486955868005
0.95,147,0.0004724889347204869
0.95,148,-0.002672742620951488
0.95,149,-0.0016146253378719587
0.95,150,-0.002569514837671687
0.95,151,-0.004045532938735044
0.95,152,-0.0025769045239198434
0.95,153,-0.0008243701025974195
0.95,154,0.001789400857024687
0.95,155,-0.005809712165850336
0.95,156,-0.0002068226383486391
0.95,157,0.0005217614438632136
0.95,158,-0.0012161772326669618
0.95,159,0.0017951625834601594
0.95,160,0.0031221795133323095
0.95,161,-0.0021550604047033198
0.95,162,0.007899683062434154
0.95,163,0.0009607346239957616
0.95,164,-0.0012399250498395682
0.95,165,-0.0015556605853193411
0.95,166,-0.004001616704017065
0.95,167,0.005268765935306437
0.95,168,0.006753447072399792
0.95,169,-0.00987721327454274
0.95,170,-0.0034723824228099845
0.95,171,0.001176109152557227
0.95,172,0.0017764775832778234
0.95,173,-0.00015936343032035645
0.95,174,-0.003529718751609717
0.95,175,-0.004362502899677765
0.95,176,-0.0029502165038071556
0.95,177,0.01534177406324588
0.95,178,-0.019039603185270173
0.95,179,-0.0015214347720948446
0.95,180,-0.011390203740940198
0.95,181,0.0026281938689480477
0.95,182,-0.004298590506218479
0.95,183,-0.050868360816484826
0.95,184,0.016231287591252024
0.95,185,0.04053405142330477
0.95,186,0.043336128046683284
0.95,187,0.09725719664863743
0.95,188,0.13431832884669298
0.95,189,0.06893402087449767
0.95,190,0.44660594180959207
0.95,191,-0.30890294765470966
0.95,192,1.2265872184886542
0.95,193,0.04618563200754213
0.95,194,0.06586729070107343
0.95,195,-0.013836212372691479
0.95,196,-0.03887405711653357
0.95,197,-0.0006398885774761796
0.95,198,-0.002515642316504679
0.96,intercept,0.039011029521196554
0.96,1,0.07770190046754877
0.96,2,0.05124929512778916
0.96,3,-0.033507706772328255
0.96,4,0.005044083228620288
0.96,5,0.0253084359459038
0.96,6,-6.717900920194483e-5
0.96,7,0.07253005383340631
0.96,8,0.016969473216203772
0.96,9,-0.02864144318857861
0.96,10,-0.009667085929062978
0.96,11,0.12260288390973613
0.96,12,-0.04203793645203324
0.96,13,0.04538981741756091
0.96,14,-0.0385839327350577
0.96,15,0.0187698304897698
0.96,16,-0.024441841563430173
0.96,17,-0.005486191965503177
0.96,18,0.002408361718862129
0.96,19,-0.01017592721424033
0.96,20,0.0015327478548221654
0.96,21,0.005645907875397881
0.96,22,-0.008936366077492113
0.96,23,0.002085289533244694
0.96,24,-0.009615717560353971
0.96,25,-0.001385350539015232
0.96,26,0.00159725441205961
0.96,27,-0.006193339384030114
0.96,28,0.00033641773515507683
0.96,29,2.45740788114088e-5
0.96,30,0.001886367957022007
0.96,31,0.0015531932611543052
0.96,32,0.0022856993258101865
0.96,33,0.002400521432325523
0.96,34,-0.008287838582816957
0.96,35,0.009195433405057143
0.96,36,0.0020519389725687717
0.96,37,-0.0008478411777309951
0.96,38,0.0045076816915272586
0.96,39,-0.0011646798509809756
0.96,40,-0.0034938080946913795
0.96,41,0.008417896579735738
0.96,42,-0.003769338663898518
0.96,43,0.0007545488803507646
0.96,44,-0.002232498692062458
0.96,45,0.002493677966637882
0.96,46,0.0012605813598148578
0.96,47,-0.0054061557608615675
0.96,48,0.006776492831756521
0.96,49,-0.0015793389601269552
0.96,50,-0.002488753761160026
0.96,51,-0.0019438967989459045
0.96,52,0.0019020950828505727
0.96,53,-0.00030386297077054166
0.96,54,-0.0064429874689038765
0.96,55,0.003347149166278708
0.96,56,0.0008022748015896576
0.96,57,-0.0021746323977223456
0.96,58,-0.007112878382853628
0.96,59,0.005746629546203901
0.96,60,0.000550277317669372
0.96,61,-0.011942223327765645
0.96,62,0.006558465869654913
0.96,63,-0.0027474997599604683
0.96,64,0.0007487987056564353
0.96,65,0.0015787617185675617
0.96,66,0.006775234145454819
0.96,67,0.0031683211362608325
0.96,68,0.0019485466944049973
0.96,69,-0.006451370243628641
0.96,70,0.007369716167839111
0.96,71,-0.0032763220851454366
0.96,72,0.009642208343664305
0.96,73,0.0025690583121274367
0.96,74,0.004443538106048528
0.96,75,-0.009813438280835852
0.96,76,-0.003982141299321246
0.96,77,0.010397343198419376
0.96,78,0.014415190203316908
0.96,79,-0.004263388614440488
0.96,80,0.004103073900468985
0.96,81,-0.0013609212030901258
0.96,82,-0.0069896137305068
0.96,83,-0.026960107273425845
0.96,84,-0.005098814867437311
0.96,85,-0.016294309340839145
0.96,86,0.005268049791198456
0.96,87,0.027905685814613466
0.96,88,-0.01606408557501323
0.96,89,0.03654919820814045
0.96,90,-0.04577871674673163
0.96,91,0.013514277760745643
0.96,92,0.0007163421868918408
0.96,93,0.026762812006328233
0.96,94,0.03069058478952466
0.96,95,0.042665501787514826
0.96,96,-0.021861318458163595
0.96,97,0.017636094012407063
0.96,98,0.06298438859421279
0.96,99,-0.02708431913501147
0.96,100,0.019304433661604038
0.96,101,-0.04139062187596953
0.96,102,0.04154054937566059
0.96,103,-0.009455644762993305
0.96,104,0.015127748009359605
0.96,105,0.02508637013703969
0.96,106,-0.01538562389089129
0.96,107,0.011315472837958767
0.96,108,0.04855630898160565
0.96,109,-0.02429316298775565
0.96,110,0.017234858694504505
0.96,111,0.0022266093456895955
0.96,112,-0.013932749868247208
0.96,113,-0.0029083632559319364
0.96,114,-0.00788343781421535
0.96,115,-0.0018326528862489732
0.96,116,-0.0003500703478269367
0.96,117,-0.006412110995925823
0.96,118,0.003658894359050063
0.96,119,-0.012977078368077682
0.96,120,0.008581188552029875
0.96,121,-0.0025392156009286107
0.96,122,0.004234547966485584
0.96,123,-0.005596001457938
0.96,124,-0.00138947406860299
0.96,125,-0.002152652146406162
0.96,126,0.0023515276907319057
0.96,127,-0.0065644460318373754
0.96,128,-0.001792779827005435
0.96,129,6.495225928285153e-5
0.96,130,0.0020918760331430923
0.96,131,0.004659571196359454
0.96,132,0.00031360512858491605
0.96,133,0.003917770808179842
0.96,134,0.00033176255737045213
0.96,135,0.002075849317955803
0.96,136,-0.008015382183502532
0.96,137,0.008815048212223245
0.96,138,0.0009951051718670432
0.96,139,-0.008444381862413005
0.96,140,0.007893756058044578
0.96,141,0.0017101159943514
0.96,142,-0.0015607046822704437
0.96,143,-0.002281265114688838
0.96,144,0.006697438392154625
0.96,145,-0.008652911142925409
0.96,146,0.002089173089033654
0.96,147,-0.0006381219728721358
0.96,148,-0.0025920864538285667
0.96,149,-0.0017415531046238567
0.96,150,-0.0007189834717015246
0.96,151,-0.006082693503529327
0.96,152,-0.00341404817870905
0.96,153,0.0011798360537565666
0.96,154,-0.00013234920028197344
0.96,155,-0.002556176765961596
0.96,156,-0.0012509781741836283
0.96,157,-0.0007225512578487569
0.96,158,0.0019420072199515066
0.96,159,0.0013341236460323535
0.96,160,0.005673889296963654
0.96,161,-0.002705547140437316
0.96,162,0.007056239907272906
0.96,163,0.0018440554456642271
0.96,164,-0.004414837156353058
0.96,165,-5.373058559519964e-5
0.96,166,-0.006683485538302547
0.96,167,0.008507543624582094
0.96,168,0.00792746057208507
0.96,169,-0.013301480043099464
0.96,170,-0.004189160715620755
0.96,171,0.004331171123260311
0.96,172,-7.668393968446034e-5
0.96,173,-0.007831717060865202
0.96,174,-0.0006163276210675515
0.96,175,-0.006670171026018785
0.96,176,0.004235745901702635
0.96,177,0.010912332958538235
0.96,178,-0.016350076220939386
0.96,179,-0.01321577120174571
0.96,180,-0.0002444906135136127
0.96,181,0.00128364863554593
0.96,182,0.0024506034250248642
0.96,183,-0.047190943408341
0.96,184,0.0064114538958730816
0.96,185,0.05091137567707083
0.96,186,0.042717741658450055
0.96,187,0.1280632225421059
0.96,188,0.13153658616377323
0.96,189,0.04538393376324073
0.96,190,0.4507825340117818
0.96,191,-0.32854636264881837
0.96,192,1.2592408347370414
0.96,193,0.04805099579938285
0.96,194,0.06274612967791346
0.96,195,-0.0187611396425863
0.96,196,-0.04817016722314927
0.96,197,-0.0007346186662277158
0.96,198,-0.002546587227020642
0.97,intercept,0.05371530224626249
0.97,1,0.08718038181845902
0.97,2,0.03246534900815424
0.97,3,-0.003698358729249834
0.97,4,-0.007953391081124606
0.97,5,0.042196990184061145
0.97,6,-0.06997433091715806
0.97,7,0.07528340756610197
0.97,8,0.04467116758497575
0.97,9,-0.04260360992141645
0.97,10,0.0212673754977687
0.97,11,0.1241958204025411
0.97,12,-0.0697458640352726
0.97,13,0.09727290486677133
0.97,14,-0.04847267221096305
0.97,15,0.019010486386170283
0.97,16,-0.025864711364220055
0.97,17,-0.01002985446496751
0.97,18,0.019439523468626093
0.97,19,-0.016824216246165286
0.97,20,-0.001369049119607248
0.97,21,0.009089753311174344
0.97,22,-0.005756930345058993
0.97,23,-0.0017750332426773687
0.97,24,-0.005769976988936181
0.97,25,0.00012360941429535188
0.97,26,0.0010234299677661896
0.97,27,-0.005504953475222111
0.97,28,-0.0026956647436176626
0.97,29,0.0006602179024777795
0.97,30,0.004102718170642857
0.97,31,-0.0025629378661338642
0.97,32,0.004247324788755509
0.97,33,-0.0011386223742635832
0.97,34,-0.006440178688631306
0.97,35,0.006801682278712933
0.97,36,-0.00041699326577387876
0.97,37,-0.0005257885657145658
0.97,38,0.0052930840457806215
0.97,39,-0.00020138237695369697
0.97,40,-0.0011955809972369158
0.97,41,0.00814961559914663
0.97,42,0.0018791056361551267
0.97,43,0.0011628766300325
0.97,44,-0.005377190862097977
0.97,45,0.0014938595982988295
0.97,46,0.0036340681101386064
0.97,47,-0.009527504656052063
0.97,48,0.01386182427588569
0.97,49,-0.006597094267801408
0.97,50,-0.002750301352799119
0.97,51,-0.0027903880680460232
0.97,52,0.005720455274405231
0.97,53,-0.0027492428354581114
0.97,54,-0.004930039813490282
0.97,55,-0.0020100936289742673
0.97,56,0.004821119427245583
0.97,57,-0.0073455281966786435
0.97,58,-0.005976618524704421
0.97,59,0.004917081206519545
0.97,60,-0.0007019303375829948
0.97,61,-0.010543240462140219
0.97,62,0.007655646543066934
0.97,63,-0.002048551420432619
0.97,64,-0.000567472892964663
0.97,65,0.0038284761288580856
0.97,66,0.005356532150745588
0.97,67,0.0034446067678962885
0.97,68,0.0016213777793127012
0.97,69,-0.008895850190101529
0.97,70,0.011942972433758933
0.97,71,-0.0029850441147622176
0.97,72,0.013211524490678871
0.97,73,-0.008739302287076898
0.97,74,0.004384604567084376
0.97,75,-0.008511977847079365
0.97,76,-0.009081739036350438
0.97,77,0.025336936126259223
0.97,78,0.014147412848897013
0.97,79,-0.0023305572483208158
0.97,80,0.018541440425991443
0.97,81,-0.0018640412667307992
0.97,82,-0.006368990389703395
0.97,83,-0.046767440969976704
0.97,84,0.014935942084526548
0.97,85,-0.015832287660824184
0.97,86,-0.0009468043218321804
0.97,87,0.026527028124983466
0.97,88,-0.020553379644927965
0.97,89,0.04180573374228279
0.97,90,-0.06977288171089352
0.97,91,0.05899311487935422
0.97,92,-0.04002041447356558
0.97,93,0.04548568028242906
0.97,94,0.03127418519585054
0.97,95,0.010102370617069515
0.97,96,0.003703759099879239
0.97,97,0.0007597816063165415
0.97,98,0.07812849831893476
0.97,99,-0.03231335557810329
0.97,100,0.05605400280377129
0.97,101,-0.0813626513757872
0.97,102,0.05901879836695631
0.97,103,-0.007697783766967971
0.97,104,-0.011679567204272458
0.97,105,0.0314466287405645
0.97,106,-0.028912721569897003
0.97,107,0.0008431450596685568
0.97,108,0.054216398655274764
0.97,109,-0.04464841884282376
0.97,110,0.017621925869009212
0.97,111,0.004942440263096163
0.97,112,-0.0022418696793903643
0.97,113,0.0036442435226266803
0.97,114,-0.014732859532568872
0.97,115,0.00452960577544629
0.97,116,-0.005757865908284265
0.97,117,-0.010879936662755565
0.97,118,0.007077020179177063
0.97,119,-0.014134193955181056
0.97,120,0.0044810355765455365
0.97,121,-0.0036301463665678584
0.97,122,0.00530740856350989
0.97,123,-0.007806136285721427
0.97,124,0.0018657404102652621
0.97,125,-0.0007684336529506291
0.97,126,0.0011784872634434105
0.97,127,-0.0077931067239463345
0.97,128,-0.0010207976906468717
0.97,129,0.0013129709128677648
0.97,130,-0.004443882376499711
0.97,131,0.006964679023509129
0.97,132,2.0523375185993428e-5
0.97,133,0.0058703519664938565
0.97,134,-0.005277148382651504
0.97,135,0.004013944662346506
0.97,136,-0.006645336052342768
0.97,137,0.0036313878003538637
0.97,138,0.006171512075516709
0.97,139,-0.011478713912777409
0.97,140,0.009885800503143673
0.97,141,0.00045616229952365477
0.97,142,-1.4744698435230591e-5
0.97,143,-0.0029999882622188906
0.97,144,0.007321849065083194
0.97,145,-0.007591507655837768
0.97,146,-0.0005071612195670991
0.97,147,0.0020838063303367403
0.97,148,-0.0017400612641210844
0.97,149,-0.0015341309803225027
0.97,150,1.876154032076282e-5
0.97,151,-0.004091507294428062
0.97,152,-0.004539879579610134
0.97,153,0.0051071604291312855
0.97,154,-0.0027250392465585234
0.97,155,-0.0031848594551558106
0.97,156,-0.002521638641160216
0.97,157,0.0016435943426006104
0.97,158,-0.0011772195640860027
0.97,159,0.001741962748277867
0.97,160,0.005619866627830646
0.97,161,-0.0012747317380225802
0.97,162,0.002033585163071526
0.97,163,0.005825930788348377
0.97,164,-0.002130370312747327
0.97,165,0.0032121718680573745
0.97,166,-0.013320362923516384
0.97,167,0.017666896300796514
0.97,168,0.008784496015339045
0.97,169,-0.009248120292829731
0.97,170,-0.01105259921865372
0.97,171,0.010791418045337484
0.97,172,0.0024507656049493954
0.97,173,-0.005461958223063684
0.97,174,-0.004726953454991281
0.97,175,-0.01166867918787564
0.97,176,-0.00019194294275377472
0.97,177,0.0030935595897050136
0.97,178,-0.0143768499481275
0.97,179,-0.01980889785428103
0.97,180,0.007979400976343372
0.97,181,0.02938601775048356
0.97,182,-0.02125982957943755
0.97,183,-0.05320947992756723
0.97,184,0.052281543092955594
0.97,185,0.028314229438704302
0.97,186,0.06399112938301227
0.97,187,0.12464204503979283
0.97,188,0.14791214174551726
0.97,189,0.0828556907802421
0.97,190,0.43666978086945574
0.97,191,-0.36576775588316857
0.97,192,1.262477998435289
0.97,193,0.07805656678698389
0.97,194,0.09744098373491987
0.97,195,-0.02345943229460521
0.97,196,-0.06354155341145237
0.97,197,-0.000771468708239964
0.97,198,-0.00249109729661659
0.98,intercept,0.07611257295825309
0.98,1,0.06858028256801424
0.98,2,0.03346663983177069
0.98,3,-0.023919262800351598
0.98,4,-0.02909754658574339
0.98,5,0.023936778635085712
0.98,6,-0.04405730408417131
0.98,7,0.12739886223437533
0.98,8,0.05531719517014193
0.98,9,-0.05405148043269305
0.98,10,-0.010412923956178292
0.98,11,0.14567505477858772
0.98,12,-0.09033844282289914
0.98,13,0.0962430250969428
0.98,14,-0.051974199946752384
0.98,15,0.052168320586301
0.98,16,-0.03320491645088072
0.98,17,-0.024191390946777615
0.98,18,0.03233870709538477
0.98,19,-0.012648058647695066
0.98,20,-0.0028530442016668615
0.98,21,0.00403190101884986
0.98,22,-0.0025208620574164137
0.98,23,-0.002146196796920155
0.98,24,-0.00971666707811286
0.98,25,0.0031473982026166436
0.98,26,0.0010089732542298562
0.98,27,-0.009604574387697755
0.98,28,-0.002749371180025012
0.98,29,-0.009221395130950777
0.98,30,0.004919544546629001
0.98,31,-0.004770711817394915
0.98,32,0.004655696413092623
0.98,33,-0.00048650818815717216
0.98,34,-0.004363208172534349
0.98,35,0.007420119639544071
0.98,36,0.0006364452391322978
0.98,37,0.0028826513973999163
0.98,38,0.005546597811339808
0.98,39,-0.007381603298742543
0.98,40,0.009434913736875073
0.98,41,-0.0018023843121403175
0.98,42,0.006347925091325789
0.98,43,-0.0016006922194838598
0.98,44,-0.004491216841318599
0.98,45,0.005723810873939413
0.98,46,0.007605691302338525
0.98,47,-0.016752042894471235
0.98,48,0.024990689706672637
0.98,49,-0.013526561239371602
0.98,50,-0.0011442774842877921
0.98,51,-0.003682998629816072
0.98,52,0.001948445386532097
0.98,53,0.0015529376667309386
0.98,54,-0.00658683486138627
0.98,55,-0.002231783393294269
0.98,56,0.003071319475366355
0.98,57,-0.00041284984519247055
0.98,58,-0.011061459566255677
0.98,59,0.004339702968414705
0.98,60,0.0025757872198982415
0.98,61,-0.016886420315052383
0.98,62,0.013192579837242839
0.98,63,-0.0010725450894893329
0.98,64,-0.003330051091326418
0.98,65,0.013737562869447514
0.98,66,-0.0003971560029329917
0.98,67,0.003517417106397565
0.98,68,0.0032916774494878348
0.98,69,-0.01624039441354489
0.98,70,0.014207445874094103
0.98,71,-0.020541791719112225
0.98,72,0.029210404695333328
0.98,73,-0.008062944923414844
0.98,74,0.019608842415918613
0.98,75,0.00015062117565226333
0.98,76,-0.015469694806456148
0.98,77,0.00490522389481571
0.98,78,0.060374145519524934
0.98,79,-0.01331653893426278
0.98,80,0.025374068047237568
0.98,81,0.0007186316301612892
0.98,82,-0.017989896644278493
0.98,83,-0.027572571534772144
0.98,84,-0.00862832525725835
0.98,85,0.034662211138099065
0.98,86,-0.027840751284480228
0.98,87,0.009020894364592464
0.98,88,-0.043481615327399005
0.98,89,0.03406672606509533
0.98,90,-0.04105345360829486
0.98,91,0.04301116377301056
0.98,92,-0.049661153393996106
0.98,93,0.01679400206826164
0.98,94,0.05847548003257702
0.98,95,0.02130075891251282
0.98,96,0.03209433119296679
0.98,97,0.007518635197619314
0.98,98,0.07955539888262257
0.98,99,0.06205793474938608
0.98,100,0.0033792301782428445
0.98,101,-0.11620781322898584
0.98,102,0.048673873445527295
0.98,103,-0.03718056441500146
0.98,104,0.042082156914524146
0.98,105,0.00034801804086508314
0.98,106,-0.01863748627559564
0.98,107,0.016168663393982555
0.98,108,0.026019368742511293
0.98,109,-0.032590342223261244
0.98,110,0.004538458319170643
0.98,111,0.0411451779345415
0.98,112,-0.042317096137106644
0.98,113,-0.0028725078210862756
0.98,114,-0.009408071677572967
0.98,115,0.0015090185789434411
0.98,116,0.021655045962296955
0.98,117,-0.008520415263874027
0.98,118,0.00180838273221204
0.98,119,-0.012541719155220857
0.98,120,-0.0008173322730368095
0.98,121,0.0010255585664250262
0.98,122,0.014168089177764655
0.98,123,-0.013120692557864935
0.98,124,0.0037034802709539428
0.98,125,-0.008802183998423313
0.98,126,0.0036683865277820625
0.98,127,-0.010214285141664623
0.98,128,-0.00817774093894152
0.98,129,0.013219796326751613
0.98,130,-0.00912123767304987
0.98,131,0.016213579705747844
0.98,132,0.005455927464380831
0.98,133,-0.0006284417758214744
0.98,134,0.0018175011203799506
0.98,135,0.007100314389151633
0.98,136,-0.009301343791052664
0.98,137,0.004912571390447713
0.98,138,0.011249088581623547
0.98,139,-0.02443912167080342
0.98,140,0.01613206186664995
0.98,141,0.0008781017492804507
0.98,142,0.002132348365218184
0.98,143,-0.00828956116192915
0.98,144,0.014730817051175857
0.98,145,-0.01552882259288241
0.98,146,0.0009446721599196925
0.98,147,0.0029790862019016483
0.98,148,0.0003803953829672667
0.98,149,-0.0052576629605051274
0.98,150,0.0054274028481136605
0.98,151,-0.0028975780342301474
0.98,152,-0.004735948092235765
0.98,153,0.004909876720635562
0.98,154,-0.00845415537218407
0.98,155,-0.0005675154425374928
0.98,156,-0.0016483781290799074
0.98,157,0.004435579431812664
0.98,158,-0.00219436935381988
0.98,159,-0.00011490752432210309
0.98,160,0.005985538279718778
0.98,161,-0.006972184452354856
0.98,162,0.012308026302274795
0.98,163,-0.0016451423204939255
0.98,164,-9.690443434192092e-5
0.98,165,0.005168216337652269
0.98,166,-0.0033012345493198462
0.98,167,0.00013503632274708402
0.98,168,0.01133324366436534
0.98,169,-0.012129483250797168
0.98,170,-0.007464790834260799
0.98,171,0.012489680657047324
0.98,172,-0.004321764782860719
0.98,173,0.0009896020791700117
0.98,174,0.009881149388952848
0.98,175,-0.02139117144723956
0.98,176,-0.009635787640908944
0.98,177,-0.0038151251172991348
0.98,178,-0.018915747694271862
0.98,179,-0.014918913878675152
0.98,180,0.02387864647320933
0.98,181,0.044902603544915806
0.98,182,-0.024146980825153503
0.98,183,-0.041838800088678595
0.98,184,0.03182861858864069
0.98,185,0.030360235612132875
0.98,186,0.03531319173821049
0.98,187,0.14274738506687126
0.98,188,0.09882681111364906
0.98,189,0.07910554086300672
0.98,190,0.4145912637030357
0.98,191,-0.35860618525814586
0.98,192,1.3458050312289171
0.98,193,0.04795858281526846
0.98,194,0.14713328016673613
0.98,195,-0.03151601779571647
0.98,196,-0.0844082789619595
0.98,197,-0.0007929300486115444
0.98,198,-0.003004247849194147
0.99,intercept,0.0997457316105839
0.99,1,-0.04022866261107045
0.99,2,0.08016390752404828
0.99,3,-0.004516195651289165
0.99,4,-0.031925319026675426
0.99,5,0.013837749645222741
0.99,6,0.009315462817842228
0.99,7,0.15289147169595235
0.99,8,-0.007703212486960578
0.99,9,-0.08564997708258829
0.99,10,-0.06259257923116805
0.99,11,0.22705362646708963
0.99,12,-0.08804250797115208
0.99,13,0.08551869723874539
0.99,14,-0.06149543577663972
0.99,15,0.10357426596557076
0.99,16,-0.0489152837564809
0.99,17,0.005670382505149799
0.99,18,-0.01063897092328268
0.99,19,-0.0018749445118217635
0.99,20,-0.008813820178470388
0.99,21,-0.01631331590046171
0.99,22,-0.006707384598162933
0.99,23,-0.010275015508872302
0.99,24,-0.02304494699058226
0.99,25,-0.005035124128791341
0.99,26,0.015134661297657863
0.99,27,-0.0063841609969599155
0.99,28,-0.005880666898848592
0.99,29,-0.00821173849520019
0.99,30,-0.0027330375383994776
0.99,31,0.004961399260402829
0.99,32,0.0023409518750695
0.99,33,-0.00420927734433166
0.99,34,-0.009344934169461668
0.99,35,0.03681278412653814
0.99,36,-0.015904868973770258
0.99,37,0.024279895343586433
0.99,38,0.009959156622861442
0.99,39,-0.01593898410956275
0.99,40,0.018968877958904302
0.99,41,-0.012309313979578856
0.99,42,0.017798566629824708
0.99,43,0.0054004538817147
0.99,44,0.003751386425832496
0.99,45,0.0049591529285397075
0.99,46,0.0049990224428386725
0.99,47,-0.03009097304949789
0.99,48,0.030315064253280233
0.99,49,-0.024296463569539545
0.99,50,0.004172461542392411
0.99,51,-0.00936556299351628
0.99,52,-0.0029541338623010217
0.99,53,0.009010910228934734
0.99,54,-0.0061805229678304555
0.99,55,0.014545952900205153
0.99,56,-0.006524145055553511
0.99,57,0.015694092249025182
0.99,58,-0.02641708677972072
0.99,59,0.016435936401016617
0.99,60,-0.013737061346580417
0.99,61,-0.002858882651934018
0.99,62,-0.015494583351783288
0.99,63,0.00989793657860778
0.99,64,0.012346537862644466
0.99,65,0.02209336900784793
0.99,66,-0.03581500327047912
0.99,67,0.04184150913168918
0.99,68,-0.006723053802315611
0.99,69,-0.015758922920244424
0.99,70,0.02474767403082729
0.99,71,-0.029710237368689604
0.99,72,0.060232709863354
0.99,73,-0.02231117959284631
0.99,74,0.026472679617681526
0.99,75,0.0030932473888627566
0.99,76,-0.04808561399300542
0.99,77,0.008660393162382422
0.99,78,0.0468825333329945
0.99,79,0.010562962048199193
0.99,80,-0.012515542475835473
0.99,81,-0.016838979144181195
0.99,82,-0.027229172908515818
0.99,83,-0.02834321770170066
0.99,84,0.0716375934360279
0.99,85,0.10756253521883377
0.99,86,-0.07327105875881408
0.99,87,0.07853223427160774
0.99,88,-0.1100137289068953
0.99,89,0.0034226882508741467
0.99,90,-0.07949749576090633
0.99,91,0.07298948166469924
0.99,92,0.03123538581579726
0.99,93,-0.08018576341197399
0.99,94,0.09379676248155486
0.99,95,-0.06945455519279838
0.99,96,0.14674130061549834
0.99,97,-0.017114258880319352
0.99,98,0.013113417854640642
0.99,99,0.0792065624729416
0.99,100,-0.06997543227224029
0.99,101,-0.04748218063285028
0.99,102,0.05533651287791122
0.99,103,-0.018623002617623986
0.99,104,-0.015269251438822837
0.99,105,0.0791171041330569
0.99,106,0.033306544414816036
0.99,107,0.043388189259005755
0.99,108,-0.037576133661420236
0.99,109,-0.08913367131866087
0.99,110,0.06210161276549175
0.99,111,-0.0017582762010257145
0.99,112,0.052986229058635134
0.99,113,0.03678879946811062
0.99,114,-0.03833699942924394
0.99,115,0.07034747564153297
0.99,116,-0.009376547998831903
0.99,117,-0.013275961098722033
0.99,118,-0.015237669405621046
0.99,119,-0.0029229373311503684
0.99,120,0.009185869158210078
0.99,121,-0.007634076467197311
0.99,122,0.041879949257464306
0.99,123,-0.013214653455692883
0.99,124,0.00048619496269121154
0.99,125,-0.025250755162231416
0.99,126,0.017160958577188884
0.99,127,-0.014944476196008017
0.99,128,-0.0044266512519371476
0.99,129,0.007862128379437193
0.99,130,-0.005219287924665168
0.99,131,0.03504591116334684
0.99,132,-0.018195069996849486
0.99,133,0.005281783143043648
0.99,134,-0.007775054592260573
0.99,135,0.022705334574779867
0.99,136,-0.02132834436803868
0.99,137,0.011192181471825819
0.99,138,0.029398669720439724
0.99,139,-0.03916941576453753
0.99,140,0.03068834310959977
0.99,141,-0.007660868148487241
0.99,142,0.005688775292083924
0.99,143,-0.019357458495537914
0.99,144,0.014233805640310295
0.99,145,-0.020649218816839846
0.99,146,0.021100847986097956
0.99,147,-0.0021422365221908167
0.99,148,-0.013459154231505968
0.99,149,0.0017763672402817017
0.99,150,0.009669726917390731
0.99,151,-0.02183740708568762
0.99,152,0.0020351294629019938
0.99,153,0.0037868233464283577
0.99,154,-0.00805815211480464
0.99,155,-0.015174014531583086
0.99,156,-0.0012600815326100595
0.99,157,0.014396351938647042
0.99,158,-0.021939095901240435
0.99,159,0.024328395256145555
0.99,160,-0.006763640321253985
0.99,161,0.005653643678383269
0.99,162,0.01991018572537141
0.99,163,0.018679502793786783
0.99,164,-0.014704659388684987
0.99,165,0.001713720205302786
0.99,166,-0.002922160571815536
0.99,167,-0.0020156668220806403
0.99,168,0.029253853717729133
0.99,169,-0.026948486518458187
0.99,170,-0.013593195936608066
0.99,171,0.02619048013754446
0.99,172,0.02422169974450047
0.99,173,0.024327172554676847
0.99,174,-0.00044556197463431035
0.99,175,-0.02976511637655004
0.99,176,-0.03277858148760969
0.99,177,0.0583171718330677
0.99,178,-0.025548331101025938
0.99,179,-0.07319600117023094
0.99,180,0.07330235795897724
0.99,181,0.0001972876509249129
0.99,182,0.028589104964283345
0.99,183,-0.024047968949697827
0.99,184,0.04627739785713107
0.99,185,0.0020518407885607433
0.99,186,-0.01082046484432929
0.99,187,0.18074379506082852
0.99,188,0.03262006545021671
0.99,189,0.32362388438131895
0.99,190,0.33565042887875507
0.99,191,-0.37239430934187223
0.99,192,1.3932472022344233
0.99,193,0.08123393109481372
0.99,194,0.23248489967826552
0.99,195,-0.04092114515168678
0.99,196,-0.10807604183639584
0.99,197,-0.002414176624038117
0.99,198,-0.0032395885446163536
